bundle_file,node,type,role,say_index,japanese,korean
scene_demo_scenes_mbu_s0_sh_walkthrough_6dfb3bdc59755e008ecd3c5f76c94225.bundle,Start,Say,ミン･ツァイ,0,どうすっか、返事は？,
scene_demo_scenes_mbu_s0_sh_walkthrough_6dfb3bdc59755e008ecd3c5f76c94225.bundle,Start,Branch,#Simple,0,ない。,
scene_demo_scenes_mbu_s0_sh_walkthrough_6dfb3bdc59755e008ecd3c5f76c94225.bundle,Start,Branch,#Simple,1,何だって？,
scene_demo_scenes_mbu_s0_sh_walkthrough_6dfb3bdc59755e008ecd3c5f76c94225.bundle,Start,Say,ミン･ツァイ,1,えっと……人を呼びに行ったはず、っすよね？,
scene_demo_scenes_mbu_s0_sh_walkthrough_6dfb3bdc59755e008ecd3c5f76c94225.bundle,Start,Say,ミン･ツァイ,2,俺らが起きてしばらく経ってんのに、誰も来ないからって。,
scene_demo_scenes_mbu_s0_sh_walkthrough_6dfb3bdc59755e008ecd3c5f76c94225.bundle,Start,Say,ミン･ツァイ,3,それに扉がロックされてるし、俺らはここに閉じ込められてる状態っす。,
scene_demo_scenes_mbu_s0_sh_walkthrough_6dfb3bdc59755e008ecd3c5f76c94225.bundle,Start,Branch,#Simple,2,俺らはなぜここに閉じ込められたんだ？,
scene_demo_scenes_mbu_s0_sh_walkthrough_6dfb3bdc59755e008ecd3c5f76c94225.bundle,Start,Say,ミン･ツァイ,4,こっちが聞きたいんすよ。,
scene_demo_scenes_mbu_s0_sh_walkthrough_6dfb3bdc59755e008ecd3c5f76c94225.bundle,Start,Branch,#Simple,3,ここはどこだ？,
scene_demo_scenes_mbu_s0_sh_walkthrough_6dfb3bdc59755e008ecd3c5f76c94225.bundle,Start,Say,ミン･ツァイ,5,分かんないっす。多分北区のどこかの病院とか。,
scene_demo_scenes_mbu_s0_sh_walkthrough_6dfb3bdc59755e008ecd3c5f76c94225.bundle,Start,Say,ミン･ツァイ,6,車事故から目覚めたらここにいたっす。,
scene_demo_scenes_mbu_s0_sh_walkthrough_6dfb3bdc59755e008ecd3c5f76c94225.bundle,Start,Say,ミン･ツァイ,7,なにも分かんないし、しかも全身が痛くて……,
scene_demo_scenes_mbu_s0_sh_walkthrough_6dfb3bdc59755e008ecd3c5f76c94225.bundle,Start,Say,ミン･ツァイ,8,兄貴の方が先に起きてたみたいんだけど。,
scene_demo_scenes_mbu_s0_sh_walkthrough_6dfb3bdc59755e008ecd3c5f76c94225.bundle,Start,Branch,#Simple,4,兄貴って、俺のことか？,
scene_demo_scenes_mbu_s0_sh_walkthrough_6dfb3bdc59755e008ecd3c5f76c94225.bundle,Start,Say,ミン･ツァイ,9,他に誰がいるんすか？,
scene_demo_scenes_mbu_s0_sh_walkthrough_6dfb3bdc59755e008ecd3c5f76c94225.bundle,Start,Say,ミン･ツァイ,10,北区最強密輸グループのトップ、イアン･チョーの兄貴！,
scene_demo_scenes_mbu_s0_sh_walkthrough_6dfb3bdc59755e008ecd3c5f76c94225.bundle,Start,Say,心の声,0,こいつ、口が上手いな。,
scene_demo_scenes_mbu_s0_sh_walkthrough_6dfb3bdc59755e008ecd3c5f76c94225.bundle,Start,Branch,#Simple,5,お前、おだて上手だな。,
scene_demo_scenes_mbu_s0_sh_walkthrough_6dfb3bdc59755e008ecd3c5f76c94225.bundle,Start,Say,ミン･ツァイ,11,そりゃもちろん！,
scene_demo_scenes_mbu_s0_sh_walkthrough_6dfb3bdc59755e008ecd3c5f76c94225.bundle,Start,Say,ミン･ツァイ,12,兄貴の得意助手としての必須スキルっすよ。,
scene_demo_scenes_mbu_s0_sh_walkthrough_6dfb3bdc59755e008ecd3c5f76c94225.bundle,Start,Branch,#Simple,6,……,
scene_demo_scenes_mbu_s0_sh_walkthrough_6dfb3bdc59755e008ecd3c5f76c94225.bundle,Start,Branch,#Simple,7,……,
scene_demo_scenes_mbu_s0_sh_walkthrough_6dfb3bdc59755e008ecd3c5f76c94225.bundle,Start,Say,ミン･ツァイ,13,……,
scene_demo_scenes_mbu_s0_sh_walkthrough_6dfb3bdc59755e008ecd3c5f76c94225.bundle,Start,Say,ミン･ツァイ,14,で、これからはどうするんすか？,
scene_demo_scenes_mbu_s0_sh_walkthrough_6dfb3bdc59755e008ecd3c5f76c94225.bundle,Start,Say,ミン･ツァイ,15,俺ら、やっぱ逮捕されたと思います？,
scene_demo_scenes_mbu_s0_sh_walkthrough_6dfb3bdc59755e008ecd3c5f76c94225.bundle,Start,Say,心の声,1,声が震えてる。,
scene_demo_scenes_mbu_s0_sh_walkthrough_6dfb3bdc59755e008ecd3c5f76c94225.bundle,Start,Say,心の声,2,こいつ……相変わらず感情のコントロールが下手だな。,
scene_demo_scenes_mbu_s0_sh_walkthrough_6dfb3bdc59755e008ecd3c5f76c94225.bundle,Start,Branch,#Simple,8,逮捕？ここは病院だ。,
scene_demo_scenes_mbu_s0_sh_walkthrough_6dfb3bdc59755e008ecd3c5f76c94225.bundle,Start,Say,ミン･ツァイ,16,車事故を起こしたからでしょう！,
scene_demo_scenes_mbu_s0_sh_walkthrough_6dfb3bdc59755e008ecd3c5f76c94225.bundle,Start,Say,ミン･ツァイ,17,両足が折れてる俺をそのまま裁判にかけるわけないっすよ？,
scene_demo_scenes_mbu_s0_sh_walkthrough_6dfb3bdc59755e008ecd3c5f76c94225.bundle,Start,Say,ミン･ツァイ,18,サツも「人民の公僕」と訴えてるから、体面は守るはずっすよ。,
scene_demo_scenes_mbu_s0_sh_walkthrough_6dfb3bdc59755e008ecd3c5f76c94225.bundle,Start,Say,ミン･ツァイ,19,兄貴は無事っすか？,
scene_demo_scenes_mbu_s0_sh_walkthrough_6dfb3bdc59755e008ecd3c5f76c94225.bundle,Start,Say,ミン･ツァイ,20,怪我一つないって言ってたけど、本当に大丈夫っすか？,
scene_demo_scenes_mbu_s0_sh_walkthrough_6dfb3bdc59755e008ecd3c5f76c94225.bundle,Start,Branch,#Simple,9,とりあえず今は元気だ。,
scene_demo_scenes_mbu_s0_sh_walkthrough_6dfb3bdc59755e008ecd3c5f76c94225.bundle,Start,Say,ミン･ツァイ,21,ラッキーっすね！,
scene_demo_scenes_mbu_s0_sh_walkthrough_6dfb3bdc59755e008ecd3c5f76c94225.bundle,Start,Say,ミン･ツァイ,22,俺とは違って……クソ……,
scene_demo_scenes_mbu_s0_sh_walkthrough_6dfb3bdc59755e008ecd3c5f76c94225.bundle,Start,Say,ミン･ツァイ,23,足の……感覚がないっす。,
scene_demo_scenes_mbu_s0_sh_walkthrough_6dfb3bdc59755e008ecd3c5f76c94225.bundle,Start,Branch,#Simple,10,動けるか？,
scene_demo_scenes_mbu_s0_sh_walkthrough_6dfb3bdc59755e008ecd3c5f76c94225.bundle,Start,Say,ミン･ツァイ,24,這ってなら……,
scene_demo_scenes_mbu_s0_sh_walkthrough_6dfb3bdc59755e008ecd3c5f76c94225.bundle,Start,Branch,#Simple,11,どれくらいのスピードが出るんだ？,
scene_demo_scenes_mbu_s0_sh_walkthrough_6dfb3bdc59755e008ecd3c5f76c94225.bundle,Start,Say,ミン･ツァイ,25,遅くても兄貴よりは速いっすよ。,
scene_demo_scenes_mbu_s0_sh_walkthrough_6dfb3bdc59755e008ecd3c5f76c94225.bundle,Start,Say,ミン･ツァイ,26,ハハハ……！,
scene_demo_scenes_mbu_s0_sh_walkthrough_6dfb3bdc59755e008ecd3c5f76c94225.bundle,Start,Say,ミン･ツァイ,27,大丈夫っす。いざという時は走れると思うんで。,
scene_demo_scenes_mbu_s0_sh_walkthrough_6dfb3bdc59755e008ecd3c5f76c94225.bundle,Start,Say,ミン･ツァイ,28,ご心配はいらないっす。,
scene_demo_scenes_mbu_s0_sh_walkthrough_6dfb3bdc59755e008ecd3c5f76c94225.bundle,Start,Branch,#Simple,12,……,
scene_demo_scenes_mbu_s0_sh_walkthrough_6dfb3bdc59755e008ecd3c5f76c94225.bundle,Start,Branch,#Simple,13,足が痛いのか？,
scene_demo_scenes_mbu_s0_sh_walkthrough_6dfb3bdc59755e008ecd3c5f76c94225.bundle,Start,Say,ミン･ツァイ,29,激痛っすよ。,
scene_demo_scenes_mbu_s0_sh_walkthrough_6dfb3bdc59755e008ecd3c5f76c94225.bundle,Start,Say,ミン･ツァイ,30,むしろなんで兄貴は痛くないすか？,
scene_demo_scenes_mbu_s0_sh_walkthrough_6dfb3bdc59755e008ecd3c5f76c94225.bundle,Start,Say,ミン･ツァイ,31,時速50キロの衝突事故だったのに、傷一つないって……,
scene_demo_scenes_mbu_s0_sh_walkthrough_6dfb3bdc59755e008ecd3c5f76c94225.bundle,Start,Branch,#Simple,14,お前みたいになってほしいと？,
scene_demo_scenes_mbu_s0_sh_walkthrough_6dfb3bdc59755e008ecd3c5f76c94225.bundle,Start,Say,ミン･ツァイ,32,そんなひねくれてないっすよ！,
scene_demo_scenes_mbu_s0_sh_walkthrough_6dfb3bdc59755e008ecd3c5f76c94225.bundle,Start,Say,ミン･ツァイ,33,自分が辛いからって他人を巻き込みたいとかは思わないっすよ。,
scene_demo_scenes_mbu_s0_sh_walkthrough_6dfb3bdc59755e008ecd3c5f76c94225.bundle,Start,Say,ミン･ツァイ,34,兄貴が交換してくれると言うなら、遠慮はしないっすけど、ハッ！,
scene_demo_scenes_mbu_s0_sh_walkthrough_6dfb3bdc59755e008ecd3c5f76c94225.bundle,Start,Branch,#Simple,15,何を緊張してる？,
scene_demo_scenes_mbu_s0_sh_walkthrough_6dfb3bdc59755e008ecd3c5f76c94225.bundle,Start,Say,ミン･ツァイ,35,緊張？お、俺がっすか？,
scene_demo_scenes_mbu_s0_sh_walkthrough_6dfb3bdc59755e008ecd3c5f76c94225.bundle,Start,Say,ミン･ツァイ,36,少し心配なんすよ……何が起きたのか分からないので……,
scene_demo_scenes_mbu_s0_sh_walkthrough_6dfb3bdc59755e008ecd3c5f76c94225.bundle,Start,Say,ミン･ツァイ,37,しかも今は全身が痛くてしょうがない。,
scene_demo_scenes_mbu_s0_sh_walkthrough_6dfb3bdc59755e008ecd3c5f76c94225.bundle,Start,Say,ミン･ツァイ,38,くそ……足が動かない……,
scene_demo_scenes_mbu_s0_sh_walkthrough_6dfb3bdc59755e008ecd3c5f76c94225.bundle,Start,Say,心の声,3,焦ってるようだな。,
scene_demo_scenes_mbu_s0_sh_walkthrough_6dfb3bdc59755e008ecd3c5f76c94225.bundle,Start,Branch,#Simple,16,落ち着け、まずは状況整理だ。,
scene_demo_scenes_mbu_s0_sh_walkthrough_6dfb3bdc59755e008ecd3c5f76c94225.bundle,Start,Say,ミン･ツァイ,39,はい。,
scene_demo_scenes_mbu_s0_sh_walkthrough_6dfb3bdc59755e008ecd3c5f76c94225.bundle,Start,Say,ミン･ツァイ,40,すみません、ちょっと焦ってました……頭を冷やします。,
scene_demo_scenes_mbu_s0_sh_walkthrough_6dfb3bdc59755e008ecd3c5f76c94225.bundle,Start,Branch,#Simple,17,それだけか？,
scene_demo_scenes_mbu_s0_sh_walkthrough_6dfb3bdc59755e008ecd3c5f76c94225.bundle,Start,Say,ミン･ツァイ,41,もちろん、他に何があるんすか？,
scene_demo_scenes_mbu_s0_sh_walkthrough_6dfb3bdc59755e008ecd3c5f76c94225.bundle,Start,Say,ミン･ツァイ,42,急に疑わないでくださいよ、兄貴。,
scene_demo_scenes_mbu_s0_sh_walkthrough_6dfb3bdc59755e008ecd3c5f76c94225.bundle,Start,Say,ミン･ツァイ,43,自分で頭を冷やすから、大丈夫っす。,
scene_demo_scenes_mbu_s0_sh_walkthrough_6dfb3bdc59755e008ecd3c5f76c94225.bundle,Start,Branch,#Simple,18,……,
scene_demo_scenes_mbu_s0_sh_walkthrough_6dfb3bdc59755e008ecd3c5f76c94225.bundle,Start,Say,ミン･ツァイ,44,俺はまず状況を整理したいと思う。,
scene_demo_scenes_mbu_s0_sh_walkthrough_6dfb3bdc59755e008ecd3c5f76c94225.bundle,Start,Say,ミン･ツァイ,45,そんな事より、兄貴はどう思うんすか？,
scene_demo_scenes_mbu_s0_sh_walkthrough_6dfb3bdc59755e008ecd3c5f76c94225.bundle,Start,Say,ミン･ツァイ,46,俺らはやはり逮捕されてます？,
scene_demo_scenes_mbu_s0_sh_walkthrough_6dfb3bdc59755e008ecd3c5f76c94225.bundle,Start,Branch,#Simple,19,なぜそう思うのか理解できない。,
scene_demo_scenes_mbu_s0_sh_walkthrough_6dfb3bdc59755e008ecd3c5f76c94225.bundle,Start,Say,ミン･ツァイ,47,いや……サツが狂ったように俺らを捕まえようとしてたんすよ？,
scene_demo_scenes_mbu_s0_sh_walkthrough_6dfb3bdc59755e008ecd3c5f76c94225.bundle,Start,Say,ミン･ツァイ,48,どうしたんすか？あまり状況が分かってないみたいっすけど？,
scene_demo_scenes_mbu_s0_sh_walkthrough_6dfb3bdc59755e008ecd3c5f76c94225.bundle,Start,Say,ミン･ツァイ,49,車事故のせいで頭をうったんすか？,
scene_demo_scenes_mbu_s0_sh_walkthrough_6dfb3bdc59755e008ecd3c5f76c94225.bundle,Start,Branch,#Simple,20,俺の頭がおかしいと言いたいのか？,
scene_demo_scenes_mbu_s0_sh_walkthrough_6dfb3bdc59755e008ecd3c5f76c94225.bundle,Start,Say,ミン･ツァイ,50,兄貴の体が心配なだけっすよ。,
scene_demo_scenes_mbu_s0_sh_walkthrough_6dfb3bdc59755e008ecd3c5f76c94225.bundle,Start,Say,ミン･ツァイ,51,兄貴もセンシティブだな。,
scene_demo_scenes_mbu_s0_sh_walkthrough_6dfb3bdc59755e008ecd3c5f76c94225.bundle,Start,Branch,#Simple,21,頭をぶつかったのはお前のほうだろう。,
scene_demo_scenes_mbu_s0_sh_walkthrough_6dfb3bdc59755e008ecd3c5f76c94225.bundle,Start,Say,ミン･ツァイ,52,そうっすね。,
scene_demo_scenes_mbu_s0_sh_walkthrough_6dfb3bdc59755e008ecd3c5f76c94225.bundle,Start,Say,ミン･ツァイ,53,今でも頭がぼんやりとしてるっす。後どれくらい続くのかな。,
scene_demo_scenes_mbu_s0_sh_walkthrough_6dfb3bdc59755e008ecd3c5f76c94225.bundle,Start,Branch,#Simple,22,……,
scene_demo_scenes_mbu_s0_sh_walkthrough_6dfb3bdc59755e008ecd3c5f76c94225.bundle,Start,Branch,#Simple,23,かもな。,
scene_demo_scenes_mbu_s0_sh_walkthrough_6dfb3bdc59755e008ecd3c5f76c94225.bundle,Start,Say,ミン･ツァイ,54,かもなって……,
scene_demo_scenes_mbu_s0_sh_walkthrough_6dfb3bdc59755e008ecd3c5f76c94225.bundle,Start,Say,ミン･ツァイ,55,兄貴らしくないっすね。,
scene_demo_scenes_mbu_s0_sh_walkthrough_6dfb3bdc59755e008ecd3c5f76c94225.bundle,Start,Say,心の声,4,確かに俺らしくない。,
scene_demo_scenes_mbu_s0_sh_walkthrough_6dfb3bdc59755e008ecd3c5f76c94225.bundle,Start,Say,ミン･ツァイ,56,……,
scene_demo_scenes_mbu_s0_sh_walkthrough_6dfb3bdc59755e008ecd3c5f76c94225.bundle,Start,Say,ミン･ツァイ,57,何が起きたか、実はあまり覚えてないっす……,
scene_demo_scenes_mbu_s0_sh_walkthrough_6dfb3bdc59755e008ecd3c5f76c94225.bundle,Start,Branch,#Simple,24,どれくらい覚えてる？,
scene_demo_scenes_mbu_s0_sh_walkthrough_6dfb3bdc59755e008ecd3c5f76c94225.bundle,Start,Say,ミン･ツァイ,58,ちょっとだけなら、でもはっきりは思い出せないっす。,
scene_demo_scenes_mbu_s0_sh_walkthrough_6dfb3bdc59755e008ecd3c5f76c94225.bundle,Start,Say,ミン･ツァイ,59,兄貴は？,
scene_demo_scenes_mbu_s0_sh_walkthrough_6dfb3bdc59755e008ecd3c5f76c94225.bundle,Start,Branch,#Simple,25,お前が覚えてたことを話してくれないか？,
scene_demo_scenes_mbu_s0_sh_walkthrough_6dfb3bdc59755e008ecd3c5f76c94225.bundle,Start,Say,ミン･ツァイ,60,ああ、そうっすね。,
scene_demo_scenes_mbu_s0_sh_walkthrough_6dfb3bdc59755e008ecd3c5f76c94225.bundle,Start,Branch,#Simple,26,俺はヒントがないと思い出せない。,
scene_demo_scenes_mbu_s0_sh_walkthrough_6dfb3bdc59755e008ecd3c5f76c94225.bundle,Start,Say,ミン･ツァイ,61,ヒントっすか？,
scene_demo_scenes_mbu_s0_sh_walkthrough_6dfb3bdc59755e008ecd3c5f76c94225.bundle,Start,Say,ミン･ツァイ,62,うむ……,
scene_demo_scenes_mbu_s0_sh_walkthrough_6dfb3bdc59755e008ecd3c5f76c94225.bundle,Start,Branch,#Simple,27,俺も記憶が曖昧だ。,
scene_demo_scenes_mbu_s0_sh_walkthrough_6dfb3bdc59755e008ecd3c5f76c94225.bundle,Start,Say,ミン･ツァイ,63,それはそれは……,
scene_demo_scenes_mbu_s0_sh_walkthrough_6dfb3bdc59755e008ecd3c5f76c94225.bundle,Start,Say,ミン･ツァイ,64,……,
scene_demo_scenes_mbu_s0_sh_walkthrough_6dfb3bdc59755e008ecd3c5f76c94225.bundle,Start,Say,ミン･ツァイ,65,俺達は深夜にマサと四番埠頭で会う約束をしていました。サンライズからブツを手に入れたって。,
scene_demo_scenes_mbu_s0_sh_walkthrough_6dfb3bdc59755e008ecd3c5f76c94225.bundle,Start,Branch,#Simple,28,ブツってなんだ？,
scene_demo_scenes_mbu_s0_sh_walkthrough_6dfb3bdc59755e008ecd3c5f76c94225.bundle,Start,Say,ミン･ツァイ,66,はっきりとは……ただ液体武器って言ってたっす。,
scene_demo_scenes_mbu_s0_sh_walkthrough_6dfb3bdc59755e008ecd3c5f76c94225.bundle,Start,Say,ミン･ツァイ,67,買いたければ自分で現場に見に来いって。,
scene_demo_scenes_mbu_s0_sh_walkthrough_6dfb3bdc59755e008ecd3c5f76c94225.bundle,Start,Say,ミン･ツァイ,68,でもそれを言うなら、聞きたいのは俺の方っすよ。,
scene_demo_scenes_mbu_s0_sh_walkthrough_6dfb3bdc59755e008ecd3c5f76c94225.bundle,Start,Say,ミン･ツァイ,69,取引でブツを見たのは兄貴だけでしょう？俺はただ運んでただけっす。,
scene_demo_scenes_mbu_s0_sh_walkthrough_6dfb3bdc59755e008ecd3c5f76c94225.bundle,Start,Say,ミン･ツァイ,70,まだ中身を教えてくれてないけど。,
scene_demo_scenes_mbu_s0_sh_walkthrough_6dfb3bdc59755e008ecd3c5f76c94225.bundle,Start,Say,ミン･ツァイ,71,マサは俺の弟が紹介してくれたブローカーだから、うらぎってはないと思うけど。,
scene_demo_scenes_mbu_s0_sh_walkthrough_6dfb3bdc59755e008ecd3c5f76c94225.bundle,Start,Say,ミン･ツァイ,72,兄貴もそう思うだろう？じゃないと取引に応じなかったはずだよね？,
scene_demo_scenes_mbu_s0_sh_walkthrough_6dfb3bdc59755e008ecd3c5f76c94225.bundle,Start,Branch,#Simple,29,マサって誰だ？,
scene_demo_scenes_mbu_s0_sh_walkthrough_6dfb3bdc59755e008ecd3c5f76c94225.bundle,Start,Say,ミン･ツァイ,73,俺の弟が紹介してくれたブローカー。多くの大企業と仲がいいらしい。,
scene_demo_scenes_mbu_s0_sh_walkthrough_6dfb3bdc59755e008ecd3c5f76c94225.bundle,Start,Say,ミン･ツァイ,74,彼との取引は二回目だけど、兄貴はまだ信用してないみたいっすけど。,
scene_demo_scenes_mbu_s0_sh_walkthrough_6dfb3bdc59755e008ecd3c5f76c94225.bundle,Start,Say,ミン･ツァイ,75,まあ、分からなくもないっすけど。,
scene_demo_scenes_mbu_s0_sh_walkthrough_6dfb3bdc59755e008ecd3c5f76c94225.bundle,Start,Say,ミン･ツァイ,76,なんか……気色悪いよね。,
scene_demo_scenes_mbu_s0_sh_walkthrough_6dfb3bdc59755e008ecd3c5f76c94225.bundle,Start,Say,ミン･ツァイ,77,でも弟が紹介してくれた人だし、俺は信用してますけどね。,
scene_demo_scenes_mbu_s0_sh_walkthrough_6dfb3bdc59755e008ecd3c5f76c94225.bundle,Start,Say,ミン･ツァイ,78,兄貴もそうっすよね。だから二度目の取引に応じた、っすよね？,
scene_demo_scenes_mbu_s0_sh_walkthrough_6dfb3bdc59755e008ecd3c5f76c94225.bundle,Start,Say,ミン･ツァイ,79,でもブツの中身について、俺は最後になっても分かりませんでした。,
scene_demo_scenes_mbu_s0_sh_walkthrough_6dfb3bdc59755e008ecd3c5f76c94225.bundle,Start,Say,ミン･ツァイ,80,取引中のマサも変だったし、兄貴も何も言ってくれなかった。,
scene_demo_scenes_mbu_s0_sh_walkthrough_6dfb3bdc59755e008ecd3c5f76c94225.bundle,Start,Say,ミン･ツァイ,81,はあ……兄貴のその何も教えてくれない慎重さ、たまにへこむっすけど。,
scene_demo_scenes_mbu_s0_sh_walkthrough_6dfb3bdc59755e008ecd3c5f76c94225.bundle,Start,Branch,#Simple,30,……,
scene_demo_scenes_mbu_s0_sh_walkthrough_6dfb3bdc59755e008ecd3c5f76c94225.bundle,Start,Say,ミン･ツァイ,82,とりあえず、取引は順調っす。金を払ったらマサはすぐブツをくれました。,
scene_demo_scenes_mbu_s0_sh_walkthrough_6dfb3bdc59755e008ecd3c5f76c94225.bundle,Start,Say,ミン･ツァイ,83,俺もいつも通り、手に入れたものをちゃんと運びました。,
scene_demo_scenes_mbu_s0_sh_walkthrough_6dfb3bdc59755e008ecd3c5f76c94225.bundle,Start,Say,ミン･ツァイ,84,でもその後、俺らが車に乗り込むと、サツに付けられたんす。そっからすべての調子が狂い始めましたね。,
scene_demo_scenes_mbu_s0_sh_walkthrough_6dfb3bdc59755e008ecd3c5f76c94225.bundle,Start,Say,ミン･ツァイ,85,警告もサイレンもなく、出会い頭にぶっ放して来たんだ。,
scene_demo_scenes_mbu_s0_sh_walkthrough_6dfb3bdc59755e008ecd3c5f76c94225.bundle,Start,Say,ミン･ツァイ,86,俺は撃ち返そうとしたが右手を打たれ、弟は奴らの通信を傍受しようとしてたけど、変なノイズしか受信しませんでした。,
scene_demo_scenes_mbu_s0_sh_walkthrough_6dfb3bdc59755e008ecd3c5f76c94225.bundle,Start,Say,ミン･ツァイ,87,そして兄貴が……確か……,
scene_demo_scenes_mbu_s0_sh_walkthrough_6dfb3bdc59755e008ecd3c5f76c94225.bundle,Start,Say,ミン･ツァイ,88,……,
scene_demo_scenes_mbu_s0_sh_walkthrough_6dfb3bdc59755e008ecd3c5f76c94225.bundle,Start,Say,ミン･ツァイ,89,うっ、後ははっきりと思い出せない。,
scene_demo_scenes_mbu_s0_sh_walkthrough_6dfb3bdc59755e008ecd3c5f76c94225.bundle,Start,Say,心の声,5,国道に乗る込むフリをして、サツを振り切った。,
scene_demo_scenes_mbu_s0_sh_walkthrough_6dfb3bdc59755e008ecd3c5f76c94225.bundle,Start,Branch,#Simple,31,サツを振り切ったんだ。,
scene_demo_scenes_mbu_s0_sh_walkthrough_6dfb3bdc59755e008ecd3c5f76c94225.bundle,Start,Say,ミン･ツァイ,90,そう、そうだよ！,
scene_demo_scenes_mbu_s0_sh_walkthrough_6dfb3bdc59755e008ecd3c5f76c94225.bundle,Start,Say,ミン･ツァイ,91,いや、見事だったっす。サツらは別の人の車を追ってたんすね！,
scene_demo_scenes_mbu_s0_sh_walkthrough_6dfb3bdc59755e008ecd3c5f76c94225.bundle,Start,Branch,#Simple,32,……,
scene_demo_scenes_mbu_s0_sh_walkthrough_6dfb3bdc59755e008ecd3c5f76c94225.bundle,Start,Say,ミン･ツァイ,92,その後の俺らは一旦安全になって……,
scene_demo_scenes_mbu_s0_sh_walkthrough_6dfb3bdc59755e008ecd3c5f76c94225.bundle,Start,Say,ミン･ツァイ,93,追跡や互いの状況を確認してたっすね。,
scene_demo_scenes_mbu_s0_sh_walkthrough_6dfb3bdc59755e008ecd3c5f76c94225.bundle,Start,Say,ミン･ツァイ,94,でも車が急に制御不能になって……,
scene_demo_scenes_mbu_s0_sh_walkthrough_6dfb3bdc59755e008ecd3c5f76c94225.bundle,Start,Say,ミン･ツァイ,95,エンジンが言うことを聞かず、ハンドルも回らなくなって……橋の脚につっこんだっす。,
scene_demo_scenes_mbu_s0_sh_walkthrough_6dfb3bdc59755e008ecd3c5f76c94225.bundle,Start,Say,ミン･ツァイ,96,ドーンって！,
scene_demo_scenes_mbu_s0_sh_walkthrough_6dfb3bdc59755e008ecd3c5f76c94225.bundle,Start,Say,ミン･ツァイ,97,で、起きたらここっすね。,
scene_demo_scenes_mbu_s0_sh_walkthrough_6dfb3bdc59755e008ecd3c5f76c94225.bundle,Start,Say,ミン･ツァイ,98,将来有望のイケメンと老いぼれたじじいが、ここで余生を終わらすのかな？,
scene_demo_scenes_mbu_s0_sh_walkthrough_6dfb3bdc59755e008ecd3c5f76c94225.bundle,Start,Say,心の声,6,こいつ、よく言ったな。,
scene_demo_scenes_mbu_s0_sh_walkthrough_6dfb3bdc59755e008ecd3c5f76c94225.bundle,Start,Branch,#Simple,33,老いぼれたじじいだと？よく言ったな？,
scene_demo_scenes_mbu_s0_sh_walkthrough_6dfb3bdc59755e008ecd3c5f76c94225.bundle,Start,Say,ミン･ツァイ,99,懐の広い兄貴じゃないっすか。,
scene_demo_scenes_mbu_s0_sh_walkthrough_6dfb3bdc59755e008ecd3c5f76c94225.bundle,Start,Say,ミン･ツァイ,100,こんくらいの冗談で怒りはしやせんよ。ね？,
scene_demo_scenes_mbu_s0_sh_walkthrough_6dfb3bdc59755e008ecd3c5f76c94225.bundle,Start,Branch,#Simple,34,そうだけど。,
scene_demo_scenes_mbu_s0_sh_walkthrough_6dfb3bdc59755e008ecd3c5f76c94225.bundle,Start,Say,ミン･ツァイ,101,さすが兄貴！,
scene_demo_scenes_mbu_s0_sh_walkthrough_6dfb3bdc59755e008ecd3c5f76c94225.bundle,Start,Branch,#Simple,35,お前が将来有望のイケメンだからな。,
scene_demo_scenes_mbu_s0_sh_walkthrough_6dfb3bdc59755e008ecd3c5f76c94225.bundle,Start,Say,ミン･ツァイ,102,……,
scene_demo_scenes_mbu_s0_sh_walkthrough_6dfb3bdc59755e008ecd3c5f76c94225.bundle,Start,Say,ミン･ツァイ,103,すみません。調子に乗りすぎました。,
scene_demo_scenes_mbu_s0_sh_walkthrough_6dfb3bdc59755e008ecd3c5f76c94225.bundle,Start,Say,ミン･ツァイ,104,もう兄貴らしくない冗談をやめてください。急にそんなのを言われるとものすごく違和感っす。,
scene_demo_scenes_mbu_s0_sh_walkthrough_6dfb3bdc59755e008ecd3c5f76c94225.bundle,Start,Branch,#Simple,36,……,
scene_demo_scenes_mbu_s0_sh_walkthrough_6dfb3bdc59755e008ecd3c5f76c94225.bundle,Start,Branch,#Simple,37,もう一度言ってみたらどうだ？,
scene_demo_scenes_mbu_s0_sh_walkthrough_6dfb3bdc59755e008ecd3c5f76c94225.bundle,Start,Say,ミン･ツァイ,105,いや、結構っす。,
scene_demo_scenes_mbu_s0_sh_walkthrough_6dfb3bdc59755e008ecd3c5f76c94225.bundle,Start,Say,ミン･ツァイ,106,そんな言える空気じゃないっすよ。,
scene_demo_scenes_mbu_s0_sh_walkthrough_6dfb3bdc59755e008ecd3c5f76c94225.bundle,Start,Say,ミン･ツァイ,107,この仕事は空気読みが重要だから。,
scene_demo_scenes_mbu_s0_sh_walkthrough_6dfb3bdc59755e008ecd3c5f76c94225.bundle,Start,Say,心の声,7,こいつ、本当に口が上手いな。,
scene_demo_scenes_mbu_s0_sh_walkthrough_6dfb3bdc59755e008ecd3c5f76c94225.bundle,Start,Branch,#Simple,38,……,
scene_demo_scenes_mbu_s0_sh_walkthrough_6dfb3bdc59755e008ecd3c5f76c94225.bundle,Start,Say,ミン･ツァイ,108,とりあえず、俺が覚えたのはこれだけっす。,
scene_demo_scenes_mbu_s0_sh_walkthrough_6dfb3bdc59755e008ecd3c5f76c94225.bundle,Start,Branch,#Simple,39,ちょっと待った。お前の弟さんは？,
scene_demo_scenes_mbu_s0_sh_walkthrough_6dfb3bdc59755e008ecd3c5f76c94225.bundle,Start,Say,ミン･ツァイ,109,えっ？今他の病室にいるって兄貴が言ってたのに？,
scene_demo_scenes_mbu_s0_sh_walkthrough_6dfb3bdc59755e008ecd3c5f76c94225.bundle,Start,Say,ミン･ツァイ,110,ほら、窓辺のモニターに俺らの資料が表示されてるでしょう？,
scene_demo_scenes_mbu_s0_sh_walkthrough_6dfb3bdc59755e008ecd3c5f76c94225.bundle,Start,Say,ミン･ツァイ,111,ここからじゃ見えないから、今兄貴に教えてもらったばかりじゃん。,
scene_demo_scenes_mbu_s0_sh_walkthrough_6dfb3bdc59755e008ecd3c5f76c94225.bundle,Start,Branch,#Simple,40,……,
scene_demo_scenes_mbu_s0_sh_walkthrough_6dfb3bdc59755e008ecd3c5f76c94225.bundle,Start,Say,ミン･ツァイ,112,そう考えたら、やはり俺ら三人はもう捕まってるな。,
scene_demo_scenes_mbu_s0_sh_walkthrough_6dfb3bdc59755e008ecd3c5f76c94225.bundle,Start,Say,ミン･ツァイ,113,奴らは俺らが起きるのを待って、尋問しようとしてんすよ。,
scene_demo_scenes_mbu_s0_sh_walkthrough_6dfb3bdc59755e008ecd3c5f76c94225.bundle,Start,Say,ミン･ツァイ,114,だって病院システムは政府と繋がってるはずっす。顔認証でもうとっくに俺らの身分を確認したと思うけど。,
scene_demo_scenes_mbu_s0_sh_walkthrough_6dfb3bdc59755e008ecd3c5f76c94225.bundle,Start,Branch,#Simple,41,まだ身分確認をされていないかもよ。,
scene_demo_scenes_mbu_s0_sh_walkthrough_6dfb3bdc59755e008ecd3c5f76c94225.bundle,Start,Say,ミン･ツァイ,115,いや、そんなありえないっす。,
scene_demo_scenes_mbu_s0_sh_walkthrough_6dfb3bdc59755e008ecd3c5f76c94225.bundle,Start,Say,ミン･ツァイ,116,病院なら親族に連絡するために、絶対患者の身分を確認するはずっす。,
scene_demo_scenes_mbu_s0_sh_walkthrough_6dfb3bdc59755e008ecd3c5f76c94225.bundle,Start,Branch,#Simple,42,サツは俺らを追ってたけど、身分までは知らなかったはずだ。,
scene_demo_scenes_mbu_s0_sh_walkthrough_6dfb3bdc59755e008ecd3c5f76c94225.bundle,Start,Say,ミン･ツァイ,117,そう言われれば……,
scene_demo_scenes_mbu_s0_sh_walkthrough_6dfb3bdc59755e008ecd3c5f76c94225.bundle,Start,Say,ミン･ツァイ,118,俺らは顔を見られてないし、証拠は車だけのはず。,
scene_demo_scenes_mbu_s0_sh_walkthrough_6dfb3bdc59755e008ecd3c5f76c94225.bundle,Start,Say,ミン･ツァイ,119,もしただの車事故として搬送されたら……確かにまだ捕まってないかも。,
scene_demo_scenes_mbu_s0_sh_walkthrough_6dfb3bdc59755e008ecd3c5f76c94225.bundle,Start,Say,ミン･ツァイ,120,……,
scene_demo_scenes_mbu_s0_sh_walkthrough_6dfb3bdc59755e008ecd3c5f76c94225.bundle,Start,Say,ミン･ツァイ,121,そうっすね、俺がネガティブすぎたかもしれない。,
scene_demo_scenes_mbu_s0_sh_walkthrough_6dfb3bdc59755e008ecd3c5f76c94225.bundle,Start,Say,ミン･ツァイ,122,でも慎重に越したことはないでしょう？,
scene_demo_scenes_mbu_s0_sh_walkthrough_6dfb3bdc59755e008ecd3c5f76c94225.bundle,Start,Branch,#Simple,43,……,
scene_demo_scenes_mbu_s0_sh_walkthrough_6dfb3bdc59755e008ecd3c5f76c94225.bundle,Start,Say,心の声,8,ミンはいつもより保守的だ。何か心配してるのか？,
scene_demo_scenes_mbu_s0_sh_walkthrough_6dfb3bdc59755e008ecd3c5f76c94225.bundle,Start,Say,ミン･ツァイ,123,逮捕されてるかどうかは置いといて、これからやることは同じっす。,
scene_demo_scenes_mbu_s0_sh_walkthrough_6dfb3bdc59755e008ecd3c5f76c94225.bundle,Start,Say,ミン･ツァイ,124,この病室から離れなきゃ！,
scene_demo_scenes_mbu_s0_sh_walkthrough_6dfb3bdc59755e008ecd3c5f76c94225.bundle,Start,Say,ミン･ツァイ,125,俺らが起きてもう30分が経ってるけど、看護師も医者も来る形跡がありません。,
scene_demo_scenes_mbu_s0_sh_walkthrough_6dfb3bdc59755e008ecd3c5f76c94225.bundle,Start,Say,ミン･ツァイ,126,どうなってるか分かんないけど、待ち続けてもしょうがないと思うっす。,
scene_demo_scenes_mbu_s0_sh_walkthrough_6dfb3bdc59755e008ecd3c5f76c94225.bundle,Start,Say,ミン･ツァイ,127,……,
scene_demo_scenes_mbu_s0_sh_walkthrough_6dfb3bdc59755e008ecd3c5f76c94225.bundle,Start,Say,心の声,9,ミンは焦っているようだ。自分でも分かってないだろう。,
scene_demo_scenes_mbu_s0_sh_walkthrough_6dfb3bdc59755e008ecd3c5f76c94225.bundle,Start,Say,心の声,10,なるほど、弟が心配だな？,
scene_demo_scenes_mbu_s0_sh_walkthrough_6dfb3bdc59755e008ecd3c5f76c94225.bundle,Start,Branch,#Simple,44,弟が心配なのか？,
scene_demo_scenes_mbu_s0_sh_walkthrough_6dfb3bdc59755e008ecd3c5f76c94225.bundle,Start,Say,ミン･ツァイ,128,ちょっとは……,
scene_demo_scenes_mbu_s0_sh_walkthrough_6dfb3bdc59755e008ecd3c5f76c94225.bundle,Start,Say,ミン･ツァイ,129,会って、無事をこの目で確かめたいと思ってるっす。,
scene_demo_scenes_mbu_s0_sh_walkthrough_6dfb3bdc59755e008ecd3c5f76c94225.bundle,Start,Branch,#Simple,45,ミン、俺らはきっと大丈夫だ。,
scene_demo_scenes_mbu_s0_sh_walkthrough_6dfb3bdc59755e008ecd3c5f76c94225.bundle,Start,Say,ミン･ツァイ,130,はい。,
scene_demo_scenes_mbu_s0_sh_walkthrough_6dfb3bdc59755e008ecd3c5f76c94225.bundle,Start,Say,ミン･ツァイ,131,俺はただ……待ちきれなくて……,
scene_demo_scenes_mbu_s0_sh_walkthrough_6dfb3bdc59755e008ecd3c5f76c94225.bundle,Start,Branch,#Simple,46,……,
scene_demo_scenes_mbu_s0_sh_walkthrough_6dfb3bdc59755e008ecd3c5f76c94225.bundle,Start,Say,ミン･ツァイ,132,兄貴は今かなり扉をノックしてたでしょう？返事がないってことは、誰もいないかもしれませんね。,
scene_demo_scenes_mbu_s0_sh_walkthrough_6dfb3bdc59755e008ecd3c5f76c94225.bundle,Start,Say,ミン･ツァイ,133,それは良いことかもしれないっすね。外に尋問を待っているサツがいないってことっすね。,
scene_demo_scenes_mbu_s0_sh_walkthrough_6dfb3bdc59755e008ecd3c5f76c94225.bundle,Start,Say,ミン･ツァイ,134,今はどうするんすか？,
scene_demo_scenes_mbu_s0_sh_walkthrough_6dfb3bdc59755e008ecd3c5f76c94225.bundle,Start,Say,心の声,11,今はロックを開けるしかない。,
scene_demo_scenes_mbu_s0_sh_walkthrough_6dfb3bdc59755e008ecd3c5f76c94225.bundle,Start,Say,心の声,12,でも調べた通りなら、あのロックは素手じゃ壊せないはずだ。,
scene_demo_scenes_mbu_s0_sh_walkthrough_6dfb3bdc59755e008ecd3c5f76c94225.bundle,Start,Branch,#Simple,47,とりあえず、ロックは断念しろ。,
scene_demo_scenes_mbu_s0_sh_walkthrough_6dfb3bdc59755e008ecd3c5f76c94225.bundle,Start,Branch,#Simple,48,厄介な事に、ロックは壊せない。,
scene_demo_scenes_mbu_s0_sh_walkthrough_6dfb3bdc59755e008ecd3c5f76c94225.bundle,Start,Branch,#Simple,49,まずロックを開けよう。,
scene_demo_scenes_mbu_s0_sh_walkthrough_6dfb3bdc59755e008ecd3c5f76c94225.bundle,Start,Say,ミン･ツァイ,135,ああ、そうっすね！,
scene_demo_scenes_mbu_s0_sh_walkthrough_6dfb3bdc59755e008ecd3c5f76c94225.bundle,Start,Say,ミン･ツァイ,136,さすが兄貴！,
scene_demo_scenes_mbu_s0_sh_walkthrough_6dfb3bdc59755e008ecd3c5f76c94225.bundle,Start,Say,心の声,13,あったり前だ。,
scene_demo_scenes_mbu_s0_sh_walkthrough_6dfb3bdc59755e008ecd3c5f76c94225.bundle,Start,Say,心の声,14,こんなボロ病院のロックなんて、簡単に壊せるに違いない。,
scene_demo_scenes_mbu_s0_sh_walkthrough_6dfb3bdc59755e008ecd3c5f76c94225.bundle,Start,Say,心の声,15,こんなの楽勝だ。,
scene_demo_scenes_mbu_s0_sh_walkthrough_6dfb3bdc59755e008ecd3c5f76c94225.bundle,Start,Branch,#Simple,50,様子を見るべきだと思う。,
scene_demo_scenes_mbu_s0_sh_walkthrough_6dfb3bdc59755e008ecd3c5f76c94225.bundle,Start,Say,ミン･ツァイ,137,こんな状況じゃ受け身になるのは危ないっす！,
scene_demo_scenes_mbu_s0_sh_walkthrough_6dfb3bdc59755e008ecd3c5f76c94225.bundle,Start,Say,ミン･ツァイ,138,サツに俺らの居場所がバレるのは時間の問題だと思うんす！,
scene_demo_scenes_mbu_s0_sh_walkthrough_6dfb3bdc59755e008ecd3c5f76c94225.bundle,Start,Say,ミン･ツァイ,139,車はまだ事故現場に残っているはずだし、サツならすぐここに気づくはずっす。,
scene_demo_scenes_mbu_s0_sh_walkthrough_6dfb3bdc59755e008ecd3c5f76c94225.bundle,Start,Say,ミン･ツァイ,140,こんな時に何を待つと言うんすか！,
scene_demo_scenes_mbu_s0_sh_walkthrough_6dfb3bdc59755e008ecd3c5f76c94225.bundle,Start,Branch,#Simple,51,人が扉を開けるのを待つ。,
scene_demo_scenes_mbu_s0_sh_walkthrough_6dfb3bdc59755e008ecd3c5f76c94225.bundle,Start,Say,ミン･ツァイ,141,……,
scene_demo_scenes_mbu_s0_sh_walkthrough_6dfb3bdc59755e008ecd3c5f76c94225.bundle,Start,Say,ミン･ツァイ,142,いつもの兄貴と違って、ずいぶんと受け身っすね？,
scene_demo_scenes_mbu_s0_sh_walkthrough_6dfb3bdc59755e008ecd3c5f76c94225.bundle,Start,Say,心の声,16,いつもの、俺？,
scene_demo_scenes_mbu_s0_sh_walkthrough_6dfb3bdc59755e008ecd3c5f76c94225.bundle,Start,Say,ミン･ツァイ,143,……分かったよ。兄貴の言う通りにします。,
scene_demo_scenes_mbu_s0_sh_walkthrough_6dfb3bdc59755e008ecd3c5f76c94225.bundle,Start,Say,ミン･ツァイ,144,どうせ俺はこのベッドに寝てるしかないし。,
scene_demo_scenes_mbu_s0_sh_walkthrough_6dfb3bdc59755e008ecd3c5f76c94225.bundle,Start,Branch,#Simple,52,勝手に動くと気づかれてしまう。,
scene_demo_scenes_mbu_s0_sh_walkthrough_6dfb3bdc59755e008ecd3c5f76c94225.bundle,Start,Say,ミン･ツァイ,145,別に扉を爆発するってわけじゃないし。,
scene_demo_scenes_mbu_s0_sh_walkthrough_6dfb3bdc59755e008ecd3c5f76c94225.bundle,Start,Say,ミン･ツァイ,146,……,
scene_demo_scenes_mbu_s0_sh_walkthrough_6dfb3bdc59755e008ecd3c5f76c94225.bundle,Start,Say,ミン･ツァイ,147,ほら、ロックをこじ開けて、電線をいじくれば開くでしょ？,
scene_demo_scenes_mbu_s0_sh_walkthrough_6dfb3bdc59755e008ecd3c5f76c94225.bundle,Start,Say,ミン･ツァイ,148,こんなボロ病院じゃ大したセキュリティないっすよ！,
scene_demo_scenes_mbu_s0_sh_walkthrough_6dfb3bdc59755e008ecd3c5f76c94225.bundle,Start,Say,ミン･ツァイ,149,はぁ、でも兄貴の言う通りにしますよ。,
scene_demo_scenes_mbu_s0_sh_walkthrough_6dfb3bdc59755e008ecd3c5f76c94225.bundle,Start,Say,ミン･ツァイ,150,どうせ俺はこのベッドに寝てるしかないし。,
scene_demo_scenes_mbu_s0_sh_walkthrough_6dfb3bdc59755e008ecd3c5f76c94225.bundle,Start,Say,心の声,17,どうした俺は……こういう時はロックを分解すればいいのに。,
scene_demo_scenes_mbu_s0_sh_walkthrough_6dfb3bdc59755e008ecd3c5f76c94225.bundle,調查到門鎖後,Branch,#Simple,0,あのロックは破壊できない。,
scene_demo_scenes_mbu_s0_sh_walkthrough_6dfb3bdc59755e008ecd3c5f76c94225.bundle,調查到門鎖後,Branch,#Simple,1,ロックはダメだ。他の方法を試そう。,
scene_demo_scenes_mbu_s0_sh_walkthrough_6dfb3bdc59755e008ecd3c5f76c94225.bundle,調查到門鎖後,Say,ミン･ツァイ,0,どうして？,
scene_demo_scenes_mbu_s0_sh_walkthrough_6dfb3bdc59755e008ecd3c5f76c94225.bundle,調查到門鎖後,Branch,#Simple,2,ドリルでも持ってないよな？,
scene_demo_scenes_mbu_s0_sh_walkthrough_6dfb3bdc59755e008ecd3c5f76c94225.bundle,調查到門鎖後,Say,ミン･ツァイ,1,持ってないけど……,
scene_demo_scenes_mbu_s0_sh_walkthrough_6dfb3bdc59755e008ecd3c5f76c94225.bundle,調查到門鎖後,Branch,#Simple,3,じゃ無理だ。,
scene_demo_scenes_mbu_s0_sh_walkthrough_6dfb3bdc59755e008ecd3c5f76c94225.bundle,調查到門鎖後,Branch,#Simple,4,だからだ。,
scene_demo_scenes_mbu_s0_sh_walkthrough_6dfb3bdc59755e008ecd3c5f76c94225.bundle,調查到門鎖後,Say,ミン･ツァイ,2,はぁ？,
scene_demo_scenes_mbu_s0_sh_walkthrough_6dfb3bdc59755e008ecd3c5f76c94225.bundle,調查到門鎖後,Say,ミン･ツァイ,3,何が言いたいっすか？別に軍用ロックじゃないし、どうしてドリルを……？,
scene_demo_scenes_mbu_s0_sh_walkthrough_6dfb3bdc59755e008ecd3c5f76c94225.bundle,調查到門鎖後,Say,ミン･ツァイ,4,……,
scene_demo_scenes_mbu_s0_sh_walkthrough_6dfb3bdc59755e008ecd3c5f76c94225.bundle,調查到門鎖後,Say,ミン･ツァイ,5,軍用ロック、だったんすか？,
scene_demo_scenes_mbu_s0_sh_walkthrough_6dfb3bdc59755e008ecd3c5f76c94225.bundle,調查到門鎖後,Say,ミン･ツァイ,6,クソ……,
scene_demo_scenes_mbu_s0_sh_walkthrough_6dfb3bdc59755e008ecd3c5f76c94225.bundle,調查到門鎖後,Branch,#Simple,5,あれは軍用のロックだ。,
scene_demo_scenes_mbu_s0_sh_walkthrough_6dfb3bdc59755e008ecd3c5f76c94225.bundle,調查到門鎖後,Branch,#Simple,6,おい、扉の横で紙を見つけた。,
scene_demo_scenes_mbu_s0_sh_walkthrough_6dfb3bdc59755e008ecd3c5f76c94225.bundle,調查到門鎖後,Say,ミン･ツァイ,7,ああ、あれか。,
scene_demo_scenes_mbu_s0_sh_walkthrough_6dfb3bdc59755e008ecd3c5f76c94225.bundle,調查到門鎖後,Say,ミン･ツァイ,8,兄貴がさっき自分のベッドの下で見つけたものでしょう？,
scene_demo_scenes_mbu_s0_sh_walkthrough_6dfb3bdc59755e008ecd3c5f76c94225.bundle,調查到門鎖後,Say,ミン･ツァイ,9,なんか紙を見た瞬間、急に慌て始めたて。,
scene_demo_scenes_mbu_s0_sh_walkthrough_6dfb3bdc59755e008ecd3c5f76c94225.bundle,調查到門鎖後,Say,ミン･ツァイ,10,「この場所がおかしい、時間が変だ」とか言ってたっすよ。,
scene_demo_scenes_mbu_s0_sh_walkthrough_6dfb3bdc59755e008ecd3c5f76c94225.bundle,調查到門鎖後,Say,ミン･ツァイ,11,それから急に扉を叩いて叫んでたけど。,
scene_demo_scenes_mbu_s0_sh_walkthrough_6dfb3bdc59755e008ecd3c5f76c94225.bundle,調查到門鎖後,Say,ミン･ツァイ,12,その紙に何が書かれたんすか？,
scene_demo_scenes_mbu_s0_sh_walkthrough_6dfb3bdc59755e008ecd3c5f76c94225.bundle,調查到門鎖後,Branch,#Simple,7,今まで、ずっと夜だったよな？,
scene_demo_scenes_mbu_s0_sh_walkthrough_6dfb3bdc59755e008ecd3c5f76c94225.bundle,調查到門鎖後,Say,ミン･ツァイ,13,俺らが起きてまだ30分くらいでしょう？,
scene_demo_scenes_mbu_s0_sh_walkthrough_6dfb3bdc59755e008ecd3c5f76c94225.bundle,調查到門鎖後,Say,ミン･ツァイ,14,ずっと夜って、当たり前じゃないっすか。,
scene_demo_scenes_mbu_s0_sh_walkthrough_6dfb3bdc59755e008ecd3c5f76c94225.bundle,調查到門鎖後,Branch,#Simple,8,メモ、ベッドの下、忘れるなとか,
scene_demo_scenes_mbu_s0_sh_walkthrough_6dfb3bdc59755e008ecd3c5f76c94225.bundle,調查到門鎖後,Say,ミン･ツァイ,15,ベッドの下？,
scene_demo_scenes_mbu_s0_sh_walkthrough_6dfb3bdc59755e008ecd3c5f76c94225.bundle,調查到門鎖後,Say,ミン･ツァイ,16,確かにあれらの紙って兄貴のベッドの下で見つかったものだけど。,
scene_demo_scenes_mbu_s0_sh_walkthrough_6dfb3bdc59755e008ecd3c5f76c94225.bundle,調查到門鎖後,Say,ミン･ツァイ,17,どういう意味っすか？,
scene_demo_scenes_mbu_s0_sh_walkthrough_6dfb3bdc59755e008ecd3c5f76c94225.bundle,調查到門鎖後,Say,ミン･ツァイ,18,まさか他のベッドの下に何かが隠されてるとか？,
scene_demo_scenes_mbu_s0_sh_walkthrough_6dfb3bdc59755e008ecd3c5f76c94225.bundle,調查到門鎖後,Say,ミン･ツァイ,19,あー、分からん！,
scene_demo_scenes_mbu_s0_sh_walkthrough_6dfb3bdc59755e008ecd3c5f76c94225.bundle,調查到門鎖後,Say,ミン･ツァイ,20,もしかしたら前に入院してた精神患者が残してたメモかもしれないし。,
scene_demo_scenes_mbu_s0_sh_walkthrough_6dfb3bdc59755e008ecd3c5f76c94225.bundle,調查到門鎖後,Say,ミン･ツァイ,21,そんなのを考えてもしょうがないっすよ！今はここから離れるのが大事っす。,
scene_demo_scenes_mbu_s0_sh_walkthrough_6dfb3bdc59755e008ecd3c5f76c94225.bundle,調查到門鎖後,Say,ミン･ツァイ,22,扉のロックはどうだったんすか？,
scene_demo_scenes_mbu_s0_sh_walkthrough_6dfb3bdc59755e008ecd3c5f76c94225.bundle,調查到門鎖後,Say,ミン･ツァイ,23,そんなの、ありえないっすよ！,
scene_demo_scenes_mbu_s0_sh_walkthrough_6dfb3bdc59755e008ecd3c5f76c94225.bundle,調查到門鎖後,Say,ミン･ツァイ,24,こんなボロの病院がどうして軍用規格のロックを？,
scene_demo_scenes_mbu_s0_sh_walkthrough_6dfb3bdc59755e008ecd3c5f76c94225.bundle,調查到門鎖後,Say,ミン･ツァイ,25,俺が毎年病院に寄付した金がこんなことに……だからいつも金が足りないって……,
scene_demo_scenes_mbu_s0_sh_walkthrough_6dfb3bdc59755e008ecd3c5f76c94225.bundle,調查到門鎖後,Say,ミン･ツァイ,26,おかしいと思ってたぜ……,
scene_demo_scenes_mbu_s0_sh_walkthrough_6dfb3bdc59755e008ecd3c5f76c94225.bundle,調查到門鎖後,Say,ミン･ツァイ,27,ああ、とりあえず扉を壊すのはもうだめっすね。,
scene_demo_scenes_mbu_s0_sh_walkthrough_6dfb3bdc59755e008ecd3c5f76c94225.bundle,調查到門鎖後,Say,ミン･ツァイ,28,なら、パスワードを当てるしかないっすね。,
scene_demo_scenes_mbu_s0_sh_walkthrough_6dfb3bdc59755e008ecd3c5f76c94225.bundle,調查到門鎖後,Say,ミン･ツァイ,29,兄貴が今使ってたものっすよ。,
scene_demo_scenes_mbu_s0_sh_walkthrough_6dfb3bdc59755e008ecd3c5f76c94225.bundle,調查到門鎖後,Say,ミン･ツァイ,30,パスワードが分かればいいけど。,
scene_demo_scenes_mbu_s0_sh_walkthrough_6dfb3bdc59755e008ecd3c5f76c94225.bundle,調查到門鎖後,Say,ミン･ツァイ,31,今は二つの道しかない。看護師がカードキーを残してくれたのを祈るか……,
scene_demo_scenes_mbu_s0_sh_walkthrough_6dfb3bdc59755e008ecd3c5f76c94225.bundle,調查到門鎖後,Say,ミン･ツァイ,32,制御端末のパスワードを見つけられるかどうかっすね。,
scene_demo_scenes_mbu_s0_sh_walkthrough_6dfb3bdc59755e008ecd3c5f76c94225.bundle,調查到門鎖後,Branch,#Simple,9,制御端末？,
scene_demo_scenes_mbu_s0_sh_walkthrough_6dfb3bdc59755e008ecd3c5f76c94225.bundle,調查到門鎖後,Say,ミン･ツァイ,33,そう、こいつっすよ。,
scene_demo_scenes_mbu_s0_sh_walkthrough_6dfb3bdc59755e008ecd3c5f76c94225.bundle,調查到門鎖後,Say,ミン･ツァイ,34,これなら病室のほとんどの電気設備を制御できるはずっす。,
scene_demo_scenes_mbu_s0_sh_walkthrough_6dfb3bdc59755e008ecd3c5f76c94225.bundle,調查到門鎖後,Say,ミン･ツァイ,35,点滴、クーラー、もちろん扉もっす。,
scene_demo_scenes_mbu_s0_sh_walkthrough_6dfb3bdc59755e008ecd3c5f76c94225.bundle,調查到門鎖後,Branch,#Simple,10,……,
scene_demo_scenes_mbu_s0_sh_walkthrough_6dfb3bdc59755e008ecd3c5f76c94225.bundle,調查到門鎖後,Say,ミン･ツァイ,36,そうとは言え、パスワードを当てるとか無理っすよね。,
scene_demo_scenes_mbu_s0_sh_walkthrough_6dfb3bdc59755e008ecd3c5f76c94225.bundle,調查到門鎖後,Say,ミン･ツァイ,37,それにパスワードの回数制限もあって、失敗したら八方塞がりっす。,
scene_demo_scenes_mbu_s0_sh_walkthrough_6dfb3bdc59755e008ecd3c5f76c94225.bundle,調查到門鎖後,Say,ミン･ツァイ,38,……,
scene_demo_scenes_mbu_s0_sh_walkthrough_6dfb3bdc59755e008ecd3c5f76c94225.bundle,調查到門鎖後,Say,ミン･ツァイ,39,兄貴……病室の中で付箋とかを探してみたら？,
scene_demo_scenes_mbu_s0_sh_walkthrough_6dfb3bdc59755e008ecd3c5f76c94225.bundle,調查到門鎖後,Say,ミン･ツァイ,40,昔、俺は弟の世話をするために、よくこういうボロ病院で寝泊まりしてました。,
scene_demo_scenes_mbu_s0_sh_walkthrough_6dfb3bdc59755e008ecd3c5f76c94225.bundle,調查到門鎖後,Say,心の声,0,弟の世話？初耳だな。,
scene_demo_scenes_mbu_s0_sh_walkthrough_6dfb3bdc59755e008ecd3c5f76c94225.bundle,調查到門鎖後,Say,心の声,1,そういえば、ミンはあまり家族の事を話さなかったな。,
scene_demo_scenes_mbu_s0_sh_walkthrough_6dfb3bdc59755e008ecd3c5f76c94225.bundle,調查到門鎖後,Branch,#Simple,11,弟の世話とは、どういう意味だ？,
scene_demo_scenes_mbu_s0_sh_walkthrough_6dfb3bdc59755e008ecd3c5f76c94225.bundle,調查到門鎖後,Say,ミン･ツァイ,41,その通りの意味っすよ。,
scene_demo_scenes_mbu_s0_sh_walkthrough_6dfb3bdc59755e008ecd3c5f76c94225.bundle,調查到門鎖後,Say,ミン･ツァイ,42,弟は昔から体が弱くて、よく入院してたんす。,
scene_demo_scenes_mbu_s0_sh_walkthrough_6dfb3bdc59755e008ecd3c5f76c94225.bundle,調查到門鎖後,Say,ミン･ツァイ,43,俺のたった一人の家族だから、世話するしかないっすよ。,
scene_demo_scenes_mbu_s0_sh_walkthrough_6dfb3bdc59755e008ecd3c5f76c94225.bundle,調查到門鎖後,Say,心の声,2,ミン……俺は……,
scene_demo_scenes_mbu_s0_sh_walkthrough_6dfb3bdc59755e008ecd3c5f76c94225.bundle,調查到門鎖後,Branch,#Simple,12,……,
scene_demo_scenes_mbu_s0_sh_walkthrough_6dfb3bdc59755e008ecd3c5f76c94225.bundle,調查到門鎖後,Say,ミン･ツァイ,44,あの病院だったら、看護師がよく制御端末のパスワードを部屋に残してたりするから、探してみると良いかもっす。,
scene_demo_scenes_mbu_s0_sh_walkthrough_6dfb3bdc59755e008ecd3c5f76c94225.bundle,調查到門鎖後,Say,ミン･ツァイ,45,見つからなかったら、本当に待つしかないみたいっすね。,
scene_demo_scenes_mbu_s0_sh_walkthrough_6dfb3bdc59755e008ecd3c5f76c94225.bundle,調查到門鎖後,Say,心の声,3,あれ、そういえば……？,
scene_demo_scenes_mbu_s0_sh_walkthrough_6dfb3bdc59755e008ecd3c5f76c94225.bundle,調查到門鎖後,Say,心の声,4,今棚で見た付箋がパスワードのヒントじゃないか？,
scene_demo_scenes_mbu_s0_sh_walkthrough_6dfb3bdc59755e008ecd3c5f76c94225.bundle,調查到門鎖後,Branch,#Simple,13,見つかったぞ。,
scene_demo_scenes_mbu_s0_sh_walkthrough_6dfb3bdc59755e008ecd3c5f76c94225.bundle,調查到門鎖後,Branch,#Simple,14,お前の言う通りだな。,
scene_demo_scenes_mbu_s0_sh_walkthrough_6dfb3bdc59755e008ecd3c5f76c94225.bundle,調查鎖頭的時候用病房控制器,Say,病室制御端末,0,ようこそ病室管理システムへ。,
scene_demo_scenes_mbu_s0_sh_walkthrough_6dfb3bdc59755e008ecd3c5f76c94225.bundle,調查鎖頭的時候用病房控制器,Say,ミン･ツァイ,0,何をしてるんすか？,
scene_demo_scenes_mbu_s0_sh_walkthrough_6dfb3bdc59755e008ecd3c5f76c94225.bundle,調查鎖頭的時候用病房控制器,Say,ミン･ツァイ,1,おお、さすが兄貴！これなら扉を開けられるはずっす！,
scene_demo_scenes_mbu_s0_sh_walkthrough_6dfb3bdc59755e008ecd3c5f76c94225.bundle,調查鎖頭的時候用病房控制器,Say,ミン･ツァイ,2,でも……,
scene_demo_scenes_mbu_s0_sh_walkthrough_6dfb3bdc59755e008ecd3c5f76c94225.bundle,調查鎖頭的時候用病房控制器,Say,病室制御端末,1,本端末にはパスワードが必要です。またはスタッフをお呼びください。,
scene_demo_scenes_mbu_s0_sh_walkthrough_6dfb3bdc59755e008ecd3c5f76c94225.bundle,調查鎖頭的時候用病房控制器,Say,ミン･ツァイ,3,ああ、やはりパスワードが必要だったんすね。,
scene_demo_scenes_mbu_s0_sh_walkthrough_6dfb3bdc59755e008ecd3c5f76c94225.bundle,調查鎖頭的時候用病房控制器,Say,ミン･ツァイ,4,この端末なら病室の設備を制御できるっす。もちろん扉も。,
scene_demo_scenes_mbu_s0_sh_walkthrough_6dfb3bdc59755e008ecd3c5f76c94225.bundle,調查鎖頭的時候用病房控制器,Say,ミン･ツァイ,5,だからパスワードが分かれば話が簡単だけど……,
scene_demo_scenes_mbu_s0_sh_walkthrough_6dfb3bdc59755e008ecd3c5f76c94225.bundle,調查鎖頭的時候用病房控制器,Say,ミン･ツァイ,6,そんなの、分かるわけないよね……,
scene_demo_scenes_mbu_s0_sh_walkthrough_6dfb3bdc59755e008ecd3c5f76c94225.bundle,調查鎖頭的時候用病房控制器,Say,ミン･ツァイ,7,とりあえず、ロックを壊せるかどうかをやってみよう。,
scene_demo_scenes_mbu_s0_sh_walkthrough_6dfb3bdc59755e008ecd3c5f76c94225.bundle,一直找不到問話,Say,ミン･ツァイ,0,兄貴？,
scene_demo_scenes_mbu_s0_sh_walkthrough_6dfb3bdc59755e008ecd3c5f76c94225.bundle,一直找不到問話,Say,ミン･ツァイ,1,見つかってない、っすよね？,
scene_demo_scenes_mbu_s0_sh_walkthrough_6dfb3bdc59755e008ecd3c5f76c94225.bundle,一直找不到問話,Say,ミン･ツァイ,2,……,
scene_demo_scenes_mbu_s0_sh_walkthrough_6dfb3bdc59755e008ecd3c5f76c94225.bundle,一直找不到問話,Say,ミン･ツァイ,3,じゃ多分俺の勘違いだったかな。,
scene_demo_scenes_mbu_s0_sh_walkthrough_6dfb3bdc59755e008ecd3c5f76c94225.bundle,一直找不到問話,Say,ミン･ツァイ,4,一度立て直しますか。,
scene_demo_scenes_mbu_s0_sh_walkthrough_6dfb3bdc59755e008ecd3c5f76c94225.bundle,一直找不到問話,Say,ミン･ツァイ,5,……,
scene_demo_scenes_mbu_s0_sh_walkthrough_6dfb3bdc59755e008ecd3c5f76c94225.bundle,一直找不到問話,Say,ミン･ツァイ,6,そうだ！,
scene_demo_scenes_mbu_s0_sh_walkthrough_6dfb3bdc59755e008ecd3c5f76c94225.bundle,一直找不到問話,Say,ミン･ツァイ,7,兄貴、扉の横にある青色の棚を調べてました？,
scene_demo_scenes_mbu_s0_sh_walkthrough_6dfb3bdc59755e008ecd3c5f76c94225.bundle,一直找不到問話,Say,ミン･ツァイ,8,あそこに何か張ってあったと思うけど。,
scene_demo_scenes_mbu_s0_sh_walkthrough_6dfb3bdc59755e008ecd3c5f76c94225.bundle,一直找不到問話,Say,ミン･ツァイ,9,兄貴、調べてみてください！,
scene_demo_scenes_mbu_s0_sh_walkthrough_6dfb3bdc59755e008ecd3c5f76c94225.bundle,一直找不到問話,Say,ミン･ツァイ,10,あそこにもなかったら、また別の方法を考えましょう。,
scene_demo_scenes_mbu_s0_sh_walkthrough_6dfb3bdc59755e008ecd3c5f76c94225.bundle,病房控制器對話,Say,病室制御端末,0,ようこそ病室管理システムへ。,
scene_demo_scenes_mbu_s0_sh_walkthrough_6dfb3bdc59755e008ecd3c5f76c94225.bundle,病房控制器對話,Say,病室制御端末,1,本端末にはパスワードが必要です。またはスタッフをお呼びください。,
scene_demo_scenes_mbu_s0_sh_walkthrough_6dfb3bdc59755e008ecd3c5f76c94225.bundle,病房控制器對話,Say,ミン･ツァイ,0,兄貴、待ってください！,
scene_demo_scenes_mbu_s0_sh_walkthrough_6dfb3bdc59755e008ecd3c5f76c94225.bundle,病房控制器對話,Say,ミン･ツァイ,1,今回は間違いない自身がありますよね？,
scene_demo_scenes_mbu_s0_sh_walkthrough_6dfb3bdc59755e008ecd3c5f76c94225.bundle,病房控制器對話,Branch,#Simple,0,ああ、任せろ。,
scene_demo_scenes_mbu_s0_sh_walkthrough_6dfb3bdc59755e008ecd3c5f76c94225.bundle,病房控制器對話,Say,ミン･ツァイ,2,だ、だったらいいけど……,
scene_demo_scenes_mbu_s0_sh_walkthrough_6dfb3bdc59755e008ecd3c5f76c94225.bundle,病房控制器對話,Say,ミン･ツァイ,3,兄貴は冗談してるようには見えないから……,
scene_demo_scenes_mbu_s0_sh_walkthrough_6dfb3bdc59755e008ecd3c5f76c94225.bundle,病房控制器對話,Say,ミン･ツァイ,4,じゃ、入れてみてください。,
scene_demo_scenes_mbu_s0_sh_walkthrough_6dfb3bdc59755e008ecd3c5f76c94225.bundle,病房控制器對話,Branch,#Simple,1,賭けてみるしかない。もう他の方法がないしな。,
scene_demo_scenes_mbu_s0_sh_walkthrough_6dfb3bdc59755e008ecd3c5f76c94225.bundle,病房控制器對話,Say,ミン･ツァイ,5,もし間違えたら、俺らは……,
scene_demo_scenes_mbu_s0_sh_walkthrough_6dfb3bdc59755e008ecd3c5f76c94225.bundle,病房控制器對話,Say,ミン･ツァイ,6,……,
scene_demo_scenes_mbu_s0_sh_walkthrough_6dfb3bdc59755e008ecd3c5f76c94225.bundle,病房控制器對話,Say,ミン･ツァイ,7,どうせ俺は立ち上がれすらしないから、口を出してもしょうがない……,
scene_demo_scenes_mbu_s0_sh_walkthrough_6dfb3bdc59755e008ecd3c5f76c94225.bundle,病房控制器對話,Say,ミン･ツァイ,8,兄貴に任せるよ。,
scene_demo_scenes_mbu_s0_sh_walkthrough_6dfb3bdc59755e008ecd3c5f76c94225.bundle,病房控制器對話,Branch,#Simple,2,一度考え直すよ。,
scene_demo_scenes_mbu_s0_sh_walkthrough_6dfb3bdc59755e008ecd3c5f76c94225.bundle,病房控制器對話,Say,ミン･ツァイ,9,ああ、それがいいっす。,
scene_demo_scenes_mbu_s0_sh_walkthrough_6dfb3bdc59755e008ecd3c5f76c94225.bundle,病房控制器對話,Say,病室制御端末,2,パスワードを入力しますか？,
scene_demo_scenes_mbu_s0_sh_walkthrough_6dfb3bdc59755e008ecd3c5f76c94225.bundle,病房控制器對話,Branch,#Simple,3,入力する。,
scene_demo_scenes_mbu_s0_sh_walkthrough_6dfb3bdc59755e008ecd3c5f76c94225.bundle,病房控制器對話,Say,病室制御端末,3,パスワードを入力してください。,
scene_demo_scenes_mbu_s0_sh_walkthrough_6dfb3bdc59755e008ecd3c5f76c94225.bundle,病房控制器對話,Branch,#Simple,4,やめる。,
scene_demo_scenes_mbu_s0_sh_walkthrough_6dfb3bdc59755e008ecd3c5f76c94225.bundle,病房控制器對話,Branch,#Simple,5,X,
scene_demo_scenes_mbu_s0_sh_walkthrough_6dfb3bdc59755e008ecd3c5f76c94225.bundle,病房控制器對話,Branch,#Simple,6,Y,
scene_demo_scenes_mbu_s0_sh_walkthrough_6dfb3bdc59755e008ecd3c5f76c94225.bundle,病房控制器對話,Branch,#Simple,7,Z,
scene_demo_scenes_mbu_s0_sh_walkthrough_6dfb3bdc59755e008ecd3c5f76c94225.bundle,病房控制器對話,Branch,#Simple,8,E,
scene_demo_scenes_mbu_s0_sh_walkthrough_6dfb3bdc59755e008ecd3c5f76c94225.bundle,病房控制器對話,Branch,#Simple,9,5,
scene_demo_scenes_mbu_s0_sh_walkthrough_6dfb3bdc59755e008ecd3c5f76c94225.bundle,病房控制器對話,Branch,#Simple,10,7,
scene_demo_scenes_mbu_s0_sh_walkthrough_6dfb3bdc59755e008ecd3c5f76c94225.bundle,病房控制器對話,Branch,#Simple,11,1,
scene_demo_scenes_mbu_s0_sh_walkthrough_6dfb3bdc59755e008ecd3c5f76c94225.bundle,病房控制器對話,Branch,#Simple,12,9,
scene_demo_scenes_mbu_s0_sh_walkthrough_6dfb3bdc59755e008ecd3c5f76c94225.bundle,病房控制器對話,Branch,#Simple,13,W,
scene_demo_scenes_mbu_s0_sh_walkthrough_6dfb3bdc59755e008ecd3c5f76c94225.bundle,病房控制器對話,Branch,#Simple,14,R,
scene_demo_scenes_mbu_s0_sh_walkthrough_6dfb3bdc59755e008ecd3c5f76c94225.bundle,病房控制器對話,Branch,#Simple,15,Y,
scene_demo_scenes_mbu_s0_sh_walkthrough_6dfb3bdc59755e008ecd3c5f76c94225.bundle,病房控制器對話,Branch,#Simple,16,U,
scene_demo_scenes_mbu_s0_sh_walkthrough_6dfb3bdc59755e008ecd3c5f76c94225.bundle,病房控制器對話,Branch,#Simple,17,C,
scene_demo_scenes_mbu_s0_sh_walkthrough_6dfb3bdc59755e008ecd3c5f76c94225.bundle,病房控制器對話,Branch,#Simple,18,D,
scene_demo_scenes_mbu_s0_sh_walkthrough_6dfb3bdc59755e008ecd3c5f76c94225.bundle,病房控制器對話,Branch,#Simple,19,O,
scene_demo_scenes_mbu_s0_sh_walkthrough_6dfb3bdc59755e008ecd3c5f76c94225.bundle,病房控制器對話,Say,病室制御端末,4,確認中……,
scene_demo_scenes_mbu_s0_sh_walkthrough_6dfb3bdc59755e008ecd3c5f76c94225.bundle,病房控制器對話,Say,病室制御端末,5,正しいパスワードです。,
scene_demo_scenes_mbu_s0_sh_walkthrough_6dfb3bdc59755e008ecd3c5f76c94225.bundle,病房控制器對話,Say,ミン･ツァイ,10,おおお、行けたんすか！,
scene_demo_scenes_mbu_s0_sh_walkthrough_6dfb3bdc59755e008ecd3c5f76c94225.bundle,病房控制器對話,Say,ミン･ツァイ,11,兄貴は天才っすね！,
scene_demo_scenes_mbu_s0_sh_walkthrough_6dfb3bdc59755e008ecd3c5f76c94225.bundle,病房控制器對話,Say,ミン･ツァイ,12,これなら外に出れますよ！,
scene_demo_scenes_mbu_s0_sh_walkthrough_6dfb3bdc59755e008ecd3c5f76c94225.bundle,病房控制器對話,Say,病室制御端末,6,使う機能を選択してください。,
scene_demo_scenes_mbu_s0_sh_walkthrough_6dfb3bdc59755e008ecd3c5f76c94225.bundle,病房控制器對話,Branch,#Simple,20,扉を開ける,
scene_demo_scenes_mbu_s0_sh_walkthrough_6dfb3bdc59755e008ecd3c5f76c94225.bundle,病房控制器對話,Branch,#Simple,21,カルテを調べる,
scene_demo_scenes_mbu_s0_sh_walkthrough_6dfb3bdc59755e008ecd3c5f76c94225.bundle,病房控制器對話,Branch,#Simple,22,その他,
scene_demo_scenes_mbu_s0_sh_walkthrough_6dfb3bdc59755e008ecd3c5f76c94225.bundle,病房控制器對話,Say,病室制御端末,7,パスワードが間違っています。,
scene_demo_scenes_mbu_s0_sh_walkthrough_6dfb3bdc59755e008ecd3c5f76c94225.bundle,病房控制器對話,Say,病室制御端末,8,システムがロックされました。,
scene_demo_scenes_mbu_s0_sh_walkthrough_6dfb3bdc59755e008ecd3c5f76c94225.bundle,病房控制器對話,Say,病室制御端末,9,アンロックには部門主任にご連絡ください。,
scene_demo_scenes_mbu_s0_sh_walkthrough_6dfb3bdc59755e008ecd3c5f76c94225.bundle,病房控制器對話,Say,ミン･ツァイ,13,まじか……,
scene_demo_scenes_mbu_s0_sh_walkthrough_6dfb3bdc59755e008ecd3c5f76c94225.bundle,病房控制器對話,Say,ミン･ツァイ,14,兄貴……どうしよう……,
scene_demo_scenes_mbu_s0_sh_walkthrough_6dfb3bdc59755e008ecd3c5f76c94225.bundle,病房控制器對話,Say,ミン･ツァイ,15,俺ら……,
scene_demo_scenes_mbu_s0_sh_walkthrough_6dfb3bdc59755e008ecd3c5f76c94225.bundle,病房控制器對話,Say,病室制御端末,10,複数回の入力間違いがあった場合、システムがロックされます。,
scene_demo_scenes_mbu_s0_sh_walkthrough_6dfb3bdc59755e008ecd3c5f76c94225.bundle,病房控制器對話,Say,病室制御端末,11,入力可能回数は残り3回です。,
scene_demo_scenes_mbu_s0_sh_walkthrough_6dfb3bdc59755e008ecd3c5f76c94225.bundle,病房控制器對話,Say,ミン･ツァイ,16,兄貴、もうパスワードを入れるんすか？,
scene_demo_scenes_mbu_s0_sh_walkthrough_6dfb3bdc59755e008ecd3c5f76c94225.bundle,病房控制器對話,Say,ミン･ツァイ,17,変に試さない方がいいすよ。ロックされたら本当に八方塞がりっすから。,
scene_demo_scenes_mbu_s0_sh_walkthrough_6dfb3bdc59755e008ecd3c5f76c94225.bundle,病房控制器對話,Say,ミン･ツァイ,18,まずパスワードを確認しましょう！,
scene_demo_scenes_mbu_s0_sh_walkthrough_6dfb3bdc59755e008ecd3c5f76c94225.bundle,病房控制器對話,Say,病室制御端末,12,入力可能回数は残り2回です。,
scene_demo_scenes_mbu_s0_sh_walkthrough_6dfb3bdc59755e008ecd3c5f76c94225.bundle,病房控制器對話,Say,ミン･ツァイ,19,……,
scene_demo_scenes_mbu_s0_sh_walkthrough_6dfb3bdc59755e008ecd3c5f76c94225.bundle,病房控制器對話,Say,ミン･ツァイ,20,パスワードを確認したんすよね……,
scene_demo_scenes_mbu_s0_sh_walkthrough_6dfb3bdc59755e008ecd3c5f76c94225.bundle,病房控制器對話,Say,ミン･ツァイ,21,打ち間違い、とかっすね。ハハハ……,
scene_demo_scenes_mbu_s0_sh_walkthrough_6dfb3bdc59755e008ecd3c5f76c94225.bundle,病房控制器對話,Say,病室制御端末,13,入力可能回数は残り1回です。,
scene_demo_scenes_mbu_s0_sh_walkthrough_6dfb3bdc59755e008ecd3c5f76c94225.bundle,病房控制器對話,Say,病室制御端末,14,パスワードを確認してから最終入力を行ってください。,
scene_demo_scenes_mbu_s0_sh_walkthrough_6dfb3bdc59755e008ecd3c5f76c94225.bundle,病房控制器對話,Say,病室制御端末,15,システムのアンロックはセキュリティレベル7以上のスタッフが行う必要があります。,
scene_demo_scenes_mbu_s0_sh_walkthrough_6dfb3bdc59755e008ecd3c5f76c94225.bundle,病房控制器對話,Say,ミン･ツァイ,22,あ、兄貴、待ってください！,
scene_demo_scenes_mbu_s0_sh_walkthrough_6dfb3bdc59755e008ecd3c5f76c94225.bundle,病房控制器對話,Say,ミン･ツァイ,23,これで最後っすよ！まずパスワードを確認しましょう！,
scene_demo_scenes_mbu_s0_sh_walkthrough_6dfb3bdc59755e008ecd3c5f76c94225.bundle,病房控制器對話,Say,ミン･ツァイ,24,じゃないと、本当に出られなくなっちゃうから。,
scene_demo_scenes_mbu_s0_sh_walkthrough_6dfb3bdc59755e008ecd3c5f76c94225.bundle,調查到便利貼,Branch,#Simple,0,見つけた。,
scene_demo_scenes_mbu_s0_sh_walkthrough_6dfb3bdc59755e008ecd3c5f76c94225.bundle,調查到便利貼,Branch,#Simple,1,お前の言う通りだ。,
scene_demo_scenes_mbu_s0_sh_walkthrough_6dfb3bdc59755e008ecd3c5f76c94225.bundle,調查到便利貼,Say,ミン･ツァイ,0,おお！本当にあったんすか！,
scene_demo_scenes_mbu_s0_sh_walkthrough_6dfb3bdc59755e008ecd3c5f76c94225.bundle,調查到便利貼,Say,ミン･ツァイ,1,俺も自信がなかったけど、よかったすね！,
scene_demo_scenes_mbu_s0_sh_walkthrough_6dfb3bdc59755e008ecd3c5f76c94225.bundle,調查到便利貼,Say,ミン･ツァイ,2,もう扉を開けられるんすか？,
scene_demo_scenes_mbu_s0_sh_walkthrough_6dfb3bdc59755e008ecd3c5f76c94225.bundle,調查到便利貼,Say,心の声,0,俺に医学の知識があったらな。,
scene_demo_scenes_mbu_s0_sh_walkthrough_6dfb3bdc59755e008ecd3c5f76c94225.bundle,調查到便利貼,Say,心の声,1,薬品ナンバーとか分かんねえよ……,
scene_demo_scenes_mbu_s0_sh_walkthrough_6dfb3bdc59755e008ecd3c5f76c94225.bundle,調查到便利貼,Branch,#Simple,2,ダメだ。パスワードのヒントしか見つかってないから,
scene_demo_scenes_mbu_s0_sh_walkthrough_6dfb3bdc59755e008ecd3c5f76c94225.bundle,調查到便利貼,Say,ミン･ツァイ,3,ヒントって、パスワードの？,
scene_demo_scenes_mbu_s0_sh_walkthrough_6dfb3bdc59755e008ecd3c5f76c94225.bundle,調查到便利貼,Say,ミン･ツァイ,4,誕生日の日はいつとか、初めて飼ったペットの名前とか、通った小学校の名前とか？,
scene_demo_scenes_mbu_s0_sh_walkthrough_6dfb3bdc59755e008ecd3c5f76c94225.bundle,調查到便利貼,Say,ミン･ツァイ,5,まあ、それもそうか。,
scene_demo_scenes_mbu_s0_sh_walkthrough_6dfb3bdc59755e008ecd3c5f76c94225.bundle,調查到便利貼,Say,ミン･ツァイ,6,病人にパスワードを知られたらまずいっすもんね。,
scene_demo_scenes_mbu_s0_sh_walkthrough_6dfb3bdc59755e008ecd3c5f76c94225.bundle,調查到便利貼,Say,ミン･ツァイ,7,何が書かれたんすか？俺も一緒に考えてみるっす！,
scene_demo_scenes_mbu_s0_sh_walkthrough_6dfb3bdc59755e008ecd3c5f76c94225.bundle,調查到便利貼,Say,心の声,2,インプラントの不快感を緩和する薬品の番号としか書かれてないし。,
scene_demo_scenes_mbu_s0_sh_walkthrough_6dfb3bdc59755e008ecd3c5f76c94225.bundle,調查到便利貼,Say,心の声,3,こいつが分かるはずがない。,
scene_demo_scenes_mbu_s0_sh_walkthrough_6dfb3bdc59755e008ecd3c5f76c94225.bundle,調查到便利貼,Branch,#Simple,3,あるインプラントの不快感を緩和する薬の薬品番号らしい。,
scene_demo_scenes_mbu_s0_sh_walkthrough_6dfb3bdc59755e008ecd3c5f76c94225.bundle,調查到便利貼,Say,ミン･ツァイ,8,はい？,
scene_demo_scenes_mbu_s0_sh_walkthrough_6dfb3bdc59755e008ecd3c5f76c94225.bundle,調查到便利貼,Say,ミン･ツァイ,9,確か……俺の弟も似たような薬を使ってたな。,
scene_demo_scenes_mbu_s0_sh_walkthrough_6dfb3bdc59755e008ecd3c5f76c94225.bundle,調查到便利貼,Say,ミン･ツァイ,10,でも薬品番号なんてさすがに覚えてないっす。,
scene_demo_scenes_mbu_s0_sh_walkthrough_6dfb3bdc59755e008ecd3c5f76c94225.bundle,調查到便利貼,Say,ミン･ツァイ,11,この棚なら何個か似たようなものがあるけど、調べてみてください。,
scene_demo_scenes_mbu_s0_sh_walkthrough_6dfb3bdc59755e008ecd3c5f76c94225.bundle,調查到便利貼,Say,ミン･ツァイ,12,なかったらどうしようもないっす。,
scene_demo_scenes_mbu_s0_sh_walkthrough_6dfb3bdc59755e008ecd3c5f76c94225.bundle,調查到便利貼,Branch,#Simple,4,言ってもお前は分からないと思う。,
scene_demo_scenes_mbu_s0_sh_walkthrough_6dfb3bdc59755e008ecd3c5f76c94225.bundle,調查到便利貼,Say,ミン･ツァイ,13,それは違うぜ、兄貴！,
scene_demo_scenes_mbu_s0_sh_walkthrough_6dfb3bdc59755e008ecd3c5f76c94225.bundle,調查到便利貼,Say,ミン･ツァイ,14,確かに俺は学校もろくに行ってないし、チンピラをやってたりしてたけど、,
scene_demo_scenes_mbu_s0_sh_walkthrough_6dfb3bdc59755e008ecd3c5f76c94225.bundle,調查到便利貼,Say,ミン･ツァイ,15,13の年から社会に出てたから、結構物知りなんすよ！,
scene_demo_scenes_mbu_s0_sh_walkthrough_6dfb3bdc59755e008ecd3c5f76c94225.bundle,調查到便利貼,Say,ミン･ツァイ,16,聞いてみてくださいよ！,
scene_demo_scenes_mbu_s0_sh_walkthrough_6dfb3bdc59755e008ecd3c5f76c94225.bundle,調查到便利貼,Branch,#Simple,5,あるインプラントの不快感を緩和する薬の薬品番号だと。,
scene_demo_scenes_mbu_s0_sh_walkthrough_6dfb3bdc59755e008ecd3c5f76c94225.bundle,調查到便利貼,Say,ミン･ツァイ,17,確かにチンピラじゃ分からない問題っすね。,
scene_demo_scenes_mbu_s0_sh_walkthrough_6dfb3bdc59755e008ecd3c5f76c94225.bundle,調查到便利貼,Say,ミン･ツァイ,18,ドラッグなら分かるかもしれないけど、ハハハ！,
scene_demo_scenes_mbu_s0_sh_walkthrough_6dfb3bdc59755e008ecd3c5f76c94225.bundle,調查到便利貼,Branch,#Simple,6,時間の無駄をするつもりはない。,
scene_demo_scenes_mbu_s0_sh_walkthrough_6dfb3bdc59755e008ecd3c5f76c94225.bundle,調查到便利貼,Say,ミン･ツァイ,19,じゃ兄貴に任せるっす。,
scene_demo_scenes_mbu_s0_sh_walkthrough_6dfb3bdc59755e008ecd3c5f76c94225.bundle,調查到便利貼,Say,ミン･ツァイ,20,俺は窓の外を見てぼーっとしてるっす。,
scene_demo_scenes_mbu_s0_sh_walkthrough_6dfb3bdc59755e008ecd3c5f76c94225.bundle,調查到便利貼,Branch,#Simple,7,医学部に通ってたらもしかしたら分かるかもしれないけど……,
scene_demo_scenes_mbu_s0_sh_walkthrough_6dfb3bdc59755e008ecd3c5f76c94225.bundle,調查到便利貼,Say,ミン･ツァイ,21,はい？,
scene_demo_scenes_mbu_s0_sh_walkthrough_6dfb3bdc59755e008ecd3c5f76c94225.bundle,調查到便利貼,Say,ミン･ツァイ,22,俺、通ってたかもしれないっすよ？,
scene_demo_scenes_mbu_s0_sh_walkthrough_6dfb3bdc59755e008ecd3c5f76c94225.bundle,調查到便利貼,Branch,#Simple,8,本当か？,
scene_demo_scenes_mbu_s0_sh_walkthrough_6dfb3bdc59755e008ecd3c5f76c94225.bundle,調查到便利貼,Say,ミン･ツァイ,23,冗談っすよ。ハハハ！,
scene_demo_scenes_mbu_s0_sh_walkthrough_6dfb3bdc59755e008ecd3c5f76c94225.bundle,調查到便利貼,Say,ミン･ツァイ,24,兄貴は騙されやすいっすね！,
scene_demo_scenes_mbu_s0_sh_walkthrough_6dfb3bdc59755e008ecd3c5f76c94225.bundle,調查到便利貼,Say,心の声,4,俺はなんて愚かな質問を……,
scene_demo_scenes_mbu_s0_sh_walkthrough_6dfb3bdc59755e008ecd3c5f76c94225.bundle,調查到便利貼,Say,心の声,5,こいつが大学に行ってるわけないだろうが。,
scene_demo_scenes_mbu_s0_sh_walkthrough_6dfb3bdc59755e008ecd3c5f76c94225.bundle,調查到便利貼,Branch,#Simple,9,……,
scene_demo_scenes_mbu_s0_sh_walkthrough_6dfb3bdc59755e008ecd3c5f76c94225.bundle,調查到便利貼,Say,ミン･ツァイ,25,でも、なんでパスワードに医学部の知識が必要なんすか？,
scene_demo_scenes_mbu_s0_sh_walkthrough_6dfb3bdc59755e008ecd3c5f76c94225.bundle,調查到便利貼,Say,心の声,6,こいつに話しても意味がない。,
scene_demo_scenes_mbu_s0_sh_walkthrough_6dfb3bdc59755e008ecd3c5f76c94225.bundle,調查到便利貼,Branch,#Simple,10,インプラントの不快感を緩和する必要のある薬品の番号が必要なんだ。,
scene_demo_scenes_mbu_s0_sh_walkthrough_6dfb3bdc59755e008ecd3c5f76c94225.bundle,調查到便利貼,Say,ミン･ツァイ,26,えっと？,
scene_demo_scenes_mbu_s0_sh_walkthrough_6dfb3bdc59755e008ecd3c5f76c94225.bundle,調查到便利貼,Say,ミン･ツァイ,27,ああ！,
scene_demo_scenes_mbu_s0_sh_walkthrough_6dfb3bdc59755e008ecd3c5f76c94225.bundle,調查到便利貼,Say,ミン･ツァイ,28,なるほど、パスワードのヒントしか書かれてないっすね！,
scene_demo_scenes_mbu_s0_sh_walkthrough_6dfb3bdc59755e008ecd3c5f76c94225.bundle,調查到便利貼,Say,ミン･ツァイ,29,そうか……,
scene_demo_scenes_mbu_s0_sh_walkthrough_6dfb3bdc59755e008ecd3c5f76c94225.bundle,調查到便利貼,Say,ミン･ツァイ,30,そんなの分からないよ。,
scene_demo_scenes_mbu_s0_sh_walkthrough_6dfb3bdc59755e008ecd3c5f76c94225.bundle,調查到便利貼,Branch,#Simple,11,お前に話しても無駄だ。,
scene_demo_scenes_mbu_s0_sh_walkthrough_6dfb3bdc59755e008ecd3c5f76c94225.bundle,調查到便利貼,Say,ミン･ツァイ,31,はぁ？,
scene_demo_scenes_mbu_s0_sh_walkthrough_6dfb3bdc59755e008ecd3c5f76c94225.bundle,調查到便利貼,Say,ミン･ツァイ,32,いや、最後まで教えてくださいよ！,
scene_demo_scenes_mbu_s0_sh_walkthrough_6dfb3bdc59755e008ecd3c5f76c94225.bundle,調查到便利貼,Say,ミン･ツァイ,33,俺も力になれるかもしれないじゃないっすか！,
scene_demo_scenes_mbu_s0_sh_walkthrough_6dfb3bdc59755e008ecd3c5f76c94225.bundle,調查到便利貼,Branch,#Simple,12,分かった。ならインプラントの不快感を緩和する薬の番号を教えて。,
scene_demo_scenes_mbu_s0_sh_walkthrough_6dfb3bdc59755e008ecd3c5f76c94225.bundle,調查到便利貼,Say,ミン･ツァイ,34,うっ……,
scene_demo_scenes_mbu_s0_sh_walkthrough_6dfb3bdc59755e008ecd3c5f76c94225.bundle,調查到便利貼,Say,ミン･ツァイ,35,力になれず、申し訳ございません！,
scene_demo_scenes_mbu_s0_sh_walkthrough_6dfb3bdc59755e008ecd3c5f76c94225.bundle,調查到便利貼,Say,心の声,7,それもそうだな。,
scene_demo_scenes_mbu_s0_sh_walkthrough_6dfb3bdc59755e008ecd3c5f76c94225.bundle,調查到便利貼,Say,ミン･ツァイ,36,どうしてそんなことを聞くんすか？,
scene_demo_scenes_mbu_s0_sh_walkthrough_6dfb3bdc59755e008ecd3c5f76c94225.bundle,調查到便利貼,Say,ミン･ツァイ,37,まさか、その番号がパスワードだったりして？,
scene_demo_scenes_mbu_s0_sh_walkthrough_6dfb3bdc59755e008ecd3c5f76c94225.bundle,調查到便利貼,Say,ミン･ツァイ,38,兄貴、回りくどいことはやめてくださいよ……,
scene_demo_scenes_mbu_s0_sh_walkthrough_6dfb3bdc59755e008ecd3c5f76c94225.bundle,調查到便利貼,Say,ミン･ツァイ,39,でもそんなのがパスワードか、俺らじゃ分かるはずがないな……,
scene_demo_scenes_mbu_s0_sh_walkthrough_6dfb3bdc59755e008ecd3c5f76c94225.bundle,調查到便利貼,Branch,#Simple,13,……,
scene_demo_scenes_mbu_s0_sh_walkthrough_6dfb3bdc59755e008ecd3c5f76c94225.bundle,調查到便利貼,Say,ミン･ツァイ,40,教えたくないなら別にいいっすけど……,
scene_demo_scenes_mbu_s0_sh_walkthrough_6dfb3bdc59755e008ecd3c5f76c94225.bundle,調查到便利貼,Say,ミン･ツァイ,41,兄貴に任せるっす。,
scene_demo_scenes_mbu_s0_sh_walkthrough_6dfb3bdc59755e008ecd3c5f76c94225.bundle,調查到便利貼,Say,ミン･ツァイ,42,俺は窓の外を見てぼーっとしてるっす。,
scene_demo_scenes_mbu_s0_sh_walkthrough_6dfb3bdc59755e008ecd3c5f76c94225.bundle,讓阿翰冷靜起始,Say,ミン･ツァイ,0,うっ……,
scene_demo_scenes_mbu_s0_sh_walkthrough_6dfb3bdc59755e008ecd3c5f76c94225.bundle,讓阿翰冷靜起始,Say,ミン･ツァイ,1,俺、気を失ってたんすか？,
scene_demo_scenes_mbu_s0_sh_walkthrough_6dfb3bdc59755e008ecd3c5f76c94225.bundle,讓阿翰冷靜起始,Branch,#Simple,0,ああ、急にな。,
scene_demo_scenes_mbu_s0_sh_walkthrough_6dfb3bdc59755e008ecd3c5f76c94225.bundle,讓阿翰冷靜起始,Say,ミン･ツァイ,2,まさか車事故の後遺症か？,
scene_demo_scenes_mbu_s0_sh_walkthrough_6dfb3bdc59755e008ecd3c5f76c94225.bundle,讓阿翰冷靜起始,Say,ミン･ツァイ,3,クソ、頭いてーえ……,
scene_demo_scenes_mbu_s0_sh_walkthrough_6dfb3bdc59755e008ecd3c5f76c94225.bundle,讓阿翰冷靜起始,Say,ミン･ツァイ,4,寒いし、どうなってんだ……,
scene_demo_scenes_mbu_s0_sh_walkthrough_6dfb3bdc59755e008ecd3c5f76c94225.bundle,讓阿翰冷靜起始,Branch,#Simple,1,体がまだ回復してないみたいだな。,
scene_demo_scenes_mbu_s0_sh_walkthrough_6dfb3bdc59755e008ecd3c5f76c94225.bundle,讓阿翰冷靜起始,Say,ミン･ツァイ,5,そうかもしれません。,
scene_demo_scenes_mbu_s0_sh_walkthrough_6dfb3bdc59755e008ecd3c5f76c94225.bundle,讓阿翰冷靜起始,Say,ミン･ツァイ,6,でも、意識はまだはっきりしてるっす。,
scene_demo_scenes_mbu_s0_sh_walkthrough_6dfb3bdc59755e008ecd3c5f76c94225.bundle,讓阿翰冷靜起始,Branch,#Simple,2,しばらくすれば大丈夫なはずだ。,
scene_demo_scenes_mbu_s0_sh_walkthrough_6dfb3bdc59755e008ecd3c5f76c94225.bundle,讓阿翰冷靜起始,Say,ミン･ツァイ,7,はい、大した事はないと思うっす。,
scene_demo_scenes_mbu_s0_sh_walkthrough_6dfb3bdc59755e008ecd3c5f76c94225.bundle,讓阿翰冷靜起始,Branch,#Simple,3,……,
scene_demo_scenes_mbu_s0_sh_walkthrough_6dfb3bdc59755e008ecd3c5f76c94225.bundle,讓阿翰冷靜起始,Branch,#Simple,4,大丈夫、お前は眠っただけだ。,
scene_demo_scenes_mbu_s0_sh_walkthrough_6dfb3bdc59755e008ecd3c5f76c94225.bundle,讓阿翰冷靜起始,Say,ミン･ツァイ,8,そうか……多分疲れたんすね。,
scene_demo_scenes_mbu_s0_sh_walkthrough_6dfb3bdc59755e008ecd3c5f76c94225.bundle,讓阿翰冷靜起始,Say,ミン･ツァイ,9,でも頭が痛くて、クソ……,
scene_demo_scenes_mbu_s0_sh_walkthrough_6dfb3bdc59755e008ecd3c5f76c94225.bundle,讓阿翰冷靜起始,Say,ミン･ツァイ,10,記憶が上手くまとまらなくて、何も思い出せない……,
scene_demo_scenes_mbu_s0_sh_walkthrough_6dfb3bdc59755e008ecd3c5f76c94225.bundle,讓阿翰冷靜起始,Say,ミン･ツァイ,11,兄貴、適当に一つ質問をしてみてください。,
scene_demo_scenes_mbu_s0_sh_walkthrough_6dfb3bdc59755e008ecd3c5f76c94225.bundle,讓阿翰冷靜起始,Branch,#Simple,5,俺らのブツは今どこにある？,
scene_demo_scenes_mbu_s0_sh_walkthrough_6dfb3bdc59755e008ecd3c5f76c94225.bundle,讓阿翰冷靜起始,Say,ミン･ツァイ,12,……それを聞くのはよくないじゃ……,
scene_demo_scenes_mbu_s0_sh_walkthrough_6dfb3bdc59755e008ecd3c5f76c94225.bundle,讓阿翰冷靜起始,Say,心の声,0,目が泳いだ。見たことのある顔だ。,
scene_demo_scenes_mbu_s0_sh_walkthrough_6dfb3bdc59755e008ecd3c5f76c94225.bundle,讓阿翰冷靜起始,Say,心の声,1,後ろめたさがある、でもどうして？,
scene_demo_scenes_mbu_s0_sh_walkthrough_6dfb3bdc59755e008ecd3c5f76c94225.bundle,讓阿翰冷靜起始,Branch,#Simple,6,なぜよくないんだ？,
scene_demo_scenes_mbu_s0_sh_walkthrough_6dfb3bdc59755e008ecd3c5f76c94225.bundle,讓阿翰冷靜起始,Say,ミン･ツァイ,13,いや、兄貴が作ったルールでしょう？,
scene_demo_scenes_mbu_s0_sh_walkthrough_6dfb3bdc59755e008ecd3c5f76c94225.bundle,讓阿翰冷靜起始,Say,ミン･ツァイ,14,ほら、仲間になる前の、覚えさせられたルール。,
scene_demo_scenes_mbu_s0_sh_walkthrough_6dfb3bdc59755e008ecd3c5f76c94225.bundle,讓阿翰冷靜起始,Say,ミン･ツァイ,15,危険が解除されていない状態での、不必要な情報交換はしない、って。,
scene_demo_scenes_mbu_s0_sh_walkthrough_6dfb3bdc59755e008ecd3c5f76c94225.bundle,讓阿翰冷靜起始,Branch,#Simple,7,必要って何だ？,
scene_demo_scenes_mbu_s0_sh_walkthrough_6dfb3bdc59755e008ecd3c5f76c94225.bundle,讓阿翰冷靜起始,Say,ミン･ツァイ,16,兄貴が作ったルールでしょう？何で俺に聞くんすか？,
scene_demo_scenes_mbu_s0_sh_walkthrough_6dfb3bdc59755e008ecd3c5f76c94225.bundle,讓阿翰冷靜起始,Branch,#Simple,8,質問してってお前が言ったんだろう？,
scene_demo_scenes_mbu_s0_sh_walkthrough_6dfb3bdc59755e008ecd3c5f76c94225.bundle,讓阿翰冷靜起始,Say,ミン･ツァイ,17,俺は「一つ」とも言ってたけど。,
scene_demo_scenes_mbu_s0_sh_walkthrough_6dfb3bdc59755e008ecd3c5f76c94225.bundle,讓阿翰冷靜起始,Branch,#Simple,9,……,
scene_demo_scenes_mbu_s0_sh_walkthrough_6dfb3bdc59755e008ecd3c5f76c94225.bundle,讓阿翰冷靜起始,Say,ミン･ツァイ,18,「必要」とは、グループメンバーに命の危機、ないし重傷している時のことっす。,
scene_demo_scenes_mbu_s0_sh_walkthrough_6dfb3bdc59755e008ecd3c5f76c94225.bundle,讓阿翰冷靜起始,Say,ミン･ツァイ,19,例えば人質に取られて、交換として情報を求められた場合。,
scene_demo_scenes_mbu_s0_sh_walkthrough_6dfb3bdc59755e008ecd3c5f76c94225.bundle,讓阿翰冷靜起始,Say,ミン･ツァイ,20,兄貴は皆の命が一番重要だって言ってたから。,
scene_demo_scenes_mbu_s0_sh_walkthrough_6dfb3bdc59755e008ecd3c5f76c94225.bundle,讓阿翰冷靜起始,Branch,#Simple,10,危険状態って何だ？,
scene_demo_scenes_mbu_s0_sh_walkthrough_6dfb3bdc59755e008ecd3c5f76c94225.bundle,讓阿翰冷靜起始,Say,ミン･ツァイ,21,そのままの意味だと思うっすけど……,
scene_demo_scenes_mbu_s0_sh_walkthrough_6dfb3bdc59755e008ecd3c5f76c94225.bundle,讓阿翰冷靜起始,Say,ミン･ツァイ,22,無事になって、家に戻って武器を解除して、裸足でベッドで携帯ゲームを遊ぶ。,
scene_demo_scenes_mbu_s0_sh_walkthrough_6dfb3bdc59755e008ecd3c5f76c94225.bundle,讓阿翰冷靜起始,Say,ミン･ツァイ,23,それが危険状態でないと思うけど……,
scene_demo_scenes_mbu_s0_sh_walkthrough_6dfb3bdc59755e008ecd3c5f76c94225.bundle,讓阿翰冷靜起始,Branch,#Simple,11,携帯がないだけで、ほとんど今のお前と同じだな。,
scene_demo_scenes_mbu_s0_sh_walkthrough_6dfb3bdc59755e008ecd3c5f76c94225.bundle,讓阿翰冷靜起始,Say,ミン･ツァイ,24,そうっすね。ハハハ！,
scene_demo_scenes_mbu_s0_sh_walkthrough_6dfb3bdc59755e008ecd3c5f76c94225.bundle,讓阿翰冷靜起始,Say,ミン･ツァイ,25,でも、ここは俺んちじゃないっす。,
scene_demo_scenes_mbu_s0_sh_walkthrough_6dfb3bdc59755e008ecd3c5f76c94225.bundle,讓阿翰冷靜起始,Say,ミン･ツァイ,26,それに外から急にサツが押しかける可能性もあるし、まだ危険状態だと思うっす。,
scene_demo_scenes_mbu_s0_sh_walkthrough_6dfb3bdc59755e008ecd3c5f76c94225.bundle,讓阿翰冷靜起始,Branch,#Simple,12,……,
scene_demo_scenes_mbu_s0_sh_walkthrough_6dfb3bdc59755e008ecd3c5f76c94225.bundle,讓阿翰冷靜起始,Say,ミン･ツァイ,27,だから、言えないっす。すみません。,
scene_demo_scenes_mbu_s0_sh_walkthrough_6dfb3bdc59755e008ecd3c5f76c94225.bundle,讓阿翰冷靜起始,Branch,#Simple,13,じゃ、他の質問をしよう。,
scene_demo_scenes_mbu_s0_sh_walkthrough_6dfb3bdc59755e008ecd3c5f76c94225.bundle,讓阿翰冷靜起始,Say,ミン･ツァイ,28,はい。,
scene_demo_scenes_mbu_s0_sh_walkthrough_6dfb3bdc59755e008ecd3c5f76c94225.bundle,讓阿翰冷靜起始,Branch,#Simple,14,何か秘密を隠してないか？,
scene_demo_scenes_mbu_s0_sh_walkthrough_6dfb3bdc59755e008ecd3c5f76c94225.bundle,讓阿翰冷靜起始,Say,ミン･ツァイ,29,秘密？そんな！,
scene_demo_scenes_mbu_s0_sh_walkthrough_6dfb3bdc59755e008ecd3c5f76c94225.bundle,讓阿翰冷靜起始,Say,ミン･ツァイ,30,ブツの隠し場所ってことっすか？,
scene_demo_scenes_mbu_s0_sh_walkthrough_6dfb3bdc59755e008ecd3c5f76c94225.bundle,讓阿翰冷靜起始,Say,ミン･ツァイ,31,言っちゃいけないって説明したと思うけど……,
scene_demo_scenes_mbu_s0_sh_walkthrough_6dfb3bdc59755e008ecd3c5f76c94225.bundle,讓阿翰冷靜起始,Say,ミン･ツァイ,32,何も隠してないっすよ。兄貴の考えすぎっす。,
scene_demo_scenes_mbu_s0_sh_walkthrough_6dfb3bdc59755e008ecd3c5f76c94225.bundle,讓阿翰冷靜起始,Say,心の声,2,目がまた泳いだ。間違いない。,
scene_demo_scenes_mbu_s0_sh_walkthrough_6dfb3bdc59755e008ecd3c5f76c94225.bundle,讓阿翰冷靜起始,Say,心の声,3,こいつは何か企んでいる。,
scene_demo_scenes_mbu_s0_sh_walkthrough_6dfb3bdc59755e008ecd3c5f76c94225.bundle,讓阿翰冷靜起始,Branch,#Simple,15,どうやってブツを隠した？,
scene_demo_scenes_mbu_s0_sh_walkthrough_6dfb3bdc59755e008ecd3c5f76c94225.bundle,讓阿翰冷靜起始,Branch,#Simple,16,どうやってブツを隠した？,
scene_demo_scenes_mbu_s0_sh_walkthrough_6dfb3bdc59755e008ecd3c5f76c94225.bundle,讓阿翰冷靜起始,Say,心の声,4,目が泳いだ。見たことのある顔だ。,
scene_demo_scenes_mbu_s0_sh_walkthrough_6dfb3bdc59755e008ecd3c5f76c94225.bundle,讓阿翰冷靜起始,Say,心の声,5,後ろめたさがある、でもどうして？,
scene_demo_scenes_mbu_s0_sh_walkthrough_6dfb3bdc59755e008ecd3c5f76c94225.bundle,讓阿翰冷靜起始,Say,ミン･ツァイ,33,それは……,
scene_demo_scenes_mbu_s0_sh_walkthrough_6dfb3bdc59755e008ecd3c5f76c94225.bundle,讓阿翰冷靜起始,Say,ミン･ツァイ,34,いつも通りっすよ。別に特別なことはしてないっす。,
scene_demo_scenes_mbu_s0_sh_walkthrough_6dfb3bdc59755e008ecd3c5f76c94225.bundle,讓阿翰冷靜起始,Branch,#Simple,17,話題を逸らそうとしているのか？,
scene_demo_scenes_mbu_s0_sh_walkthrough_6dfb3bdc59755e008ecd3c5f76c94225.bundle,讓阿翰冷靜起始,Say,ミン･ツァイ,35,別に、逸らす必要ないでしょう？,
scene_demo_scenes_mbu_s0_sh_walkthrough_6dfb3bdc59755e008ecd3c5f76c94225.bundle,讓阿翰冷靜起始,Say,ミン･ツァイ,36,ただ急にそんなことを聞かれて、ちょっとびっくりしただけっす。,
scene_demo_scenes_mbu_s0_sh_walkthrough_6dfb3bdc59755e008ecd3c5f76c94225.bundle,讓阿翰冷靜起始,Say,ミン･ツァイ,37,別に答えてもいいけど、いつもと同じ方法っす。,
scene_demo_scenes_mbu_s0_sh_walkthrough_6dfb3bdc59755e008ecd3c5f76c94225.bundle,讓阿翰冷靜起始,Branch,#Simple,18,その、いつもの方法とは？,
scene_demo_scenes_mbu_s0_sh_walkthrough_6dfb3bdc59755e008ecd3c5f76c94225.bundle,讓阿翰冷靜起始,Say,ミン･ツァイ,38,……,
scene_demo_scenes_mbu_s0_sh_walkthrough_6dfb3bdc59755e008ecd3c5f76c94225.bundle,讓阿翰冷靜起始,Say,ミン･ツァイ,39,ブツを受け取った後、ドローンで安全な場所に輸送するだけっす。,
scene_demo_scenes_mbu_s0_sh_walkthrough_6dfb3bdc59755e008ecd3c5f76c94225.bundle,讓阿翰冷靜起始,Say,ミン･ツァイ,40,先に監視カメラが少ないルートを設定する必要があるけど。,
scene_demo_scenes_mbu_s0_sh_walkthrough_6dfb3bdc59755e008ecd3c5f76c94225.bundle,讓阿翰冷靜起始,Branch,#Simple,19,そのブツをどこに隠した？//預設1，但是如果走過藏在哪路線就要改成-1,
scene_demo_scenes_mbu_s0_sh_walkthrough_6dfb3bdc59755e008ecd3c5f76c94225.bundle,讓阿翰冷靜起始,Say,ミン･ツァイ,41,それは答えられないっす。聞かないでください。,
scene_demo_scenes_mbu_s0_sh_walkthrough_6dfb3bdc59755e008ecd3c5f76c94225.bundle,讓阿翰冷靜起始,Say,ミン･ツァイ,42,兄貴が作ったルールでしょう？,
scene_demo_scenes_mbu_s0_sh_walkthrough_6dfb3bdc59755e008ecd3c5f76c94225.bundle,讓阿翰冷靜起始,Branch,#Simple,20,……,
scene_demo_scenes_mbu_s0_sh_walkthrough_6dfb3bdc59755e008ecd3c5f76c94225.bundle,讓阿翰冷靜起始,Say,ミン･ツァイ,43,うん、俺の頭は大丈夫みたいっすね。,
scene_demo_scenes_mbu_s0_sh_walkthrough_6dfb3bdc59755e008ecd3c5f76c94225.bundle,讓阿翰冷靜起始,Say,ミン･ツァイ,44,……,
scene_demo_scenes_mbu_s0_sh_walkthrough_6dfb3bdc59755e008ecd3c5f76c94225.bundle,讓阿翰冷靜起始,Say,ミン･ツァイ,45,ブツのことについてだけど、一つ兄貴に聞きたいことがあるっす。,
scene_demo_scenes_mbu_s0_sh_walkthrough_6dfb3bdc59755e008ecd3c5f76c94225.bundle,讓阿翰冷靜起始,Say,ミン･ツァイ,46,実は兄貴が酔ってた時の昔話を弟から聞いたっす。,
scene_demo_scenes_mbu_s0_sh_walkthrough_6dfb3bdc59755e008ecd3c5f76c94225.bundle,讓阿翰冷靜起始,Say,ミン･ツァイ,47,昔ある仲間が危うく捕まる時、兄貴が取引先の情報をサツに売って、その仲間を助けたって聞いたんす。,
scene_demo_scenes_mbu_s0_sh_walkthrough_6dfb3bdc59755e008ecd3c5f76c94225.bundle,讓阿翰冷靜起始,Say,心の声,6,良い話じゃないから、これからは酒を控えよう。,
scene_demo_scenes_mbu_s0_sh_walkthrough_6dfb3bdc59755e008ecd3c5f76c94225.bundle,讓阿翰冷靜起始,Say,ミン･ツァイ,48,それって、可能なことなんすか？,
scene_demo_scenes_mbu_s0_sh_walkthrough_6dfb3bdc59755e008ecd3c5f76c94225.bundle,讓阿翰冷靜起始,Say,心の声,7,欲しい物を与えただけだ。もちろん可能だ。,
scene_demo_scenes_mbu_s0_sh_walkthrough_6dfb3bdc59755e008ecd3c5f76c94225.bundle,讓阿翰冷靜起始,Say,心の声,8,重要なのは普段からサツと仲良くして、賄賂を渡しておくことだ。,
scene_demo_scenes_mbu_s0_sh_walkthrough_6dfb3bdc59755e008ecd3c5f76c94225.bundle,讓阿翰冷靜起始,Say,心の声,9,内部との人脈があれば、何でも迂回する余地ができる。,
scene_demo_scenes_mbu_s0_sh_walkthrough_6dfb3bdc59755e008ecd3c5f76c94225.bundle,讓阿翰冷靜起始,Say,ミン･ツァイ,49,北区のサツもそういうのに応じてくれるんすか？価値のある情報で、俺らを自由に返してくれる的な？,
scene_demo_scenes_mbu_s0_sh_walkthrough_6dfb3bdc59755e008ecd3c5f76c94225.bundle,讓阿翰冷靜起始,Branch,#Simple,21,もちろんだ。,
scene_demo_scenes_mbu_s0_sh_walkthrough_6dfb3bdc59755e008ecd3c5f76c94225.bundle,讓阿翰冷靜起始,Say,ミン･ツァイ,50,そうっすか、ならよかった。,
scene_demo_scenes_mbu_s0_sh_walkthrough_6dfb3bdc59755e008ecd3c5f76c94225.bundle,讓阿翰冷靜起始,Say,心の声,10,よかった？,
scene_demo_scenes_mbu_s0_sh_walkthrough_6dfb3bdc59755e008ecd3c5f76c94225.bundle,讓阿翰冷靜起始,Branch,#Simple,22,よかったってどういう意味だ？,
scene_demo_scenes_mbu_s0_sh_walkthrough_6dfb3bdc59755e008ecd3c5f76c94225.bundle,讓阿翰冷靜起始,Branch,#Simple,23,そんなのを聞いてどうしたい？,
scene_demo_scenes_mbu_s0_sh_walkthrough_6dfb3bdc59755e008ecd3c5f76c94225.bundle,讓阿翰冷靜起始,Branch,#Simple,24,……,
scene_demo_scenes_mbu_s0_sh_walkthrough_6dfb3bdc59755e008ecd3c5f76c94225.bundle,讓阿翰冷靜起始,Say,ミン･ツァイ,51,質問は以上っす。ちょっと話が逸れてすみません。,
scene_demo_scenes_mbu_s0_sh_walkthrough_6dfb3bdc59755e008ecd3c5f76c94225.bundle,讓阿翰冷靜起始,Branch,#Simple,25,かもな、どうしてそれを？,
scene_demo_scenes_mbu_s0_sh_walkthrough_6dfb3bdc59755e008ecd3c5f76c94225.bundle,讓阿翰冷靜起始,Say,ミン･ツァイ,52,いや、何もないっす。,
scene_demo_scenes_mbu_s0_sh_walkthrough_6dfb3bdc59755e008ecd3c5f76c94225.bundle,讓阿翰冷靜起始,Say,ミン･ツァイ,53,ちょっと聞いてみただけっす。,
scene_demo_scenes_mbu_s0_sh_walkthrough_6dfb3bdc59755e008ecd3c5f76c94225.bundle,讓阿翰冷靜起始,Branch,#Simple,26,でもそれがしたいには、まず人脈が必要だ。,
scene_demo_scenes_mbu_s0_sh_walkthrough_6dfb3bdc59755e008ecd3c5f76c94225.bundle,讓阿翰冷靜起始,Say,ミン･ツァイ,54,そ、そうっすか……,
scene_demo_scenes_mbu_s0_sh_walkthrough_6dfb3bdc59755e008ecd3c5f76c94225.bundle,讓阿翰冷靜起始,Say,ミン･ツァイ,55,じゃ……人脈がないとできないっすかね？,
scene_demo_scenes_mbu_s0_sh_walkthrough_6dfb3bdc59755e008ecd3c5f76c94225.bundle,讓阿翰冷靜起始,Say,ミン･ツァイ,56,人脈なくても成功したケースとかないすか？,
scene_demo_scenes_mbu_s0_sh_walkthrough_6dfb3bdc59755e008ecd3c5f76c94225.bundle,讓阿翰冷靜起始,Say,心の声,11,人脈もなくてサツと取引するなんて、自ら墓穴を掘るだけだ。,
scene_demo_scenes_mbu_s0_sh_walkthrough_6dfb3bdc59755e008ecd3c5f76c94225.bundle,讓阿翰冷靜起始,Say,心の声,12,こいつ、まさか……,
scene_demo_scenes_mbu_s0_sh_walkthrough_6dfb3bdc59755e008ecd3c5f76c94225.bundle,讓阿翰冷靜起始,Branch,#Simple,27,ないな、必ず失敗する。,
scene_demo_scenes_mbu_s0_sh_walkthrough_6dfb3bdc59755e008ecd3c5f76c94225.bundle,讓阿翰冷靜起始,Say,ミン･ツァイ,57,そうか……,
scene_demo_scenes_mbu_s0_sh_walkthrough_6dfb3bdc59755e008ecd3c5f76c94225.bundle,讓阿翰冷靜起始,Branch,#Simple,28,何が言いたい？,
scene_demo_scenes_mbu_s0_sh_walkthrough_6dfb3bdc59755e008ecd3c5f76c94225.bundle,讓阿翰冷靜起始,Say,ミン･ツァイ,58,いや、何もないっす。,
scene_demo_scenes_mbu_s0_sh_walkthrough_6dfb3bdc59755e008ecd3c5f76c94225.bundle,讓阿翰冷靜起始,Say,ミン･ツァイ,59,話題を逸らしてすみません。,
scene_demo_scenes_mbu_s0_sh_walkthrough_6dfb3bdc59755e008ecd3c5f76c94225.bundle,讓阿翰冷靜起始,Branch,#Simple,29,……,
scene_demo_scenes_mbu_s0_sh_walkthrough_6dfb3bdc59755e008ecd3c5f76c94225.bundle,讓阿翰冷靜起始,Say,ミン･ツァイ,60,そうだ！扉っす！,
scene_demo_scenes_mbu_s0_sh_walkthrough_6dfb3bdc59755e008ecd3c5f76c94225.bundle,讓阿翰冷靜起始,Say,ミン･ツァイ,61,兄貴、パスワードを入れたんすね？,
scene_demo_scenes_mbu_s0_sh_walkthrough_6dfb3bdc59755e008ecd3c5f76c94225.bundle,讓阿翰冷靜起始,Say,ミン･ツァイ,62,もう扉が空くんじゃないっすか？,
scene_demo_scenes_mbu_s0_sh_walkthrough_6dfb3bdc59755e008ecd3c5f76c94225.bundle,讓阿翰冷靜起始,Branch,#Simple,30,ああ。,
scene_demo_scenes_mbu_s0_sh_walkthrough_6dfb3bdc59755e008ecd3c5f76c94225.bundle,讓阿翰冷靜起始,Say,ミン･ツァイ,63,おお！やった！,
scene_demo_scenes_mbu_s0_sh_walkthrough_6dfb3bdc59755e008ecd3c5f76c94225.bundle,讓阿翰冷靜起始,Say,ミン･ツァイ,64,やー、本当にできたとは思わなかったっすよ！,
scene_demo_scenes_mbu_s0_sh_walkthrough_6dfb3bdc59755e008ecd3c5f76c94225.bundle,讓阿翰冷靜起始,Say,ミン･ツァイ,65,やっとここから離れるんすね！,
scene_demo_scenes_mbu_s0_sh_walkthrough_6dfb3bdc59755e008ecd3c5f76c94225.bundle,讓阿翰冷靜起始,Branch,#Simple,31,ダメみたい。,
scene_demo_scenes_mbu_s0_sh_walkthrough_6dfb3bdc59755e008ecd3c5f76c94225.bundle,讓阿翰冷靜起始,Say,ミン･ツァイ,66,……どうして？,
scene_demo_scenes_mbu_s0_sh_walkthrough_6dfb3bdc59755e008ecd3c5f76c94225.bundle,讓阿翰冷靜起始,Branch,#Simple,32,扉の権限が事前にロックされてたみたい。,
scene_demo_scenes_mbu_s0_sh_walkthrough_6dfb3bdc59755e008ecd3c5f76c94225.bundle,讓阿翰冷靜起始,Say,ミン･ツァイ,67,……,
scene_demo_scenes_mbu_s0_sh_walkthrough_6dfb3bdc59755e008ecd3c5f76c94225.bundle,讓阿翰冷靜起始,Say,ミン･ツァイ,68,兄貴、それってどういう意味か分かってますか？,
scene_demo_scenes_mbu_s0_sh_walkthrough_6dfb3bdc59755e008ecd3c5f76c94225.bundle,讓阿翰冷靜起始,Say,ミン･ツァイ,69,<color=#F36B6C>俺らが勝手にここから出るのを誰かが望んでいない</color>ってことっすよ。,
scene_demo_scenes_mbu_s0_sh_walkthrough_6dfb3bdc59755e008ecd3c5f76c94225.bundle,讓阿翰冷靜起始,Say,ミン･ツァイ,70,誰かが俺らを病室に閉じ込めて、中から扉を開ける方法を止めたってことっす。,
scene_demo_scenes_mbu_s0_sh_walkthrough_6dfb3bdc59755e008ecd3c5f76c94225.bundle,讓阿翰冷靜起始,Branch,#Simple,33,そうかもしれない。,
scene_demo_scenes_mbu_s0_sh_walkthrough_6dfb3bdc59755e008ecd3c5f76c94225.bundle,讓阿翰冷靜起始,Say,ミン･ツァイ,71,でしょう？,
scene_demo_scenes_mbu_s0_sh_walkthrough_6dfb3bdc59755e008ecd3c5f76c94225.bundle,讓阿翰冷靜起始,Branch,#Simple,34,早まるな。,
scene_demo_scenes_mbu_s0_sh_walkthrough_6dfb3bdc59755e008ecd3c5f76c94225.bundle,讓阿翰冷靜起始,Say,ミン･ツァイ,72,そうっすけど、でも……,
scene_demo_scenes_mbu_s0_sh_walkthrough_6dfb3bdc59755e008ecd3c5f76c94225.bundle,讓阿翰冷靜起始,Branch,#Simple,35,……,
scene_demo_scenes_mbu_s0_sh_walkthrough_6dfb3bdc59755e008ecd3c5f76c94225.bundle,讓阿翰冷靜起始,Say,ミン･ツァイ,73,サツが俺らを逃がさないための措置としか思えないっす。,
scene_demo_scenes_mbu_s0_sh_walkthrough_6dfb3bdc59755e008ecd3c5f76c94225.bundle,讓阿翰冷靜起始,Say,ミン･ツァイ,74,……,
scene_demo_scenes_mbu_s0_sh_walkthrough_6dfb3bdc59755e008ecd3c5f76c94225.bundle,讓阿翰冷靜起始,Say,ミン･ツァイ,75,つまり、俺らはとっくに逮捕されて監視されてるんすよ。,
scene_demo_scenes_mbu_s0_sh_walkthrough_6dfb3bdc59755e008ecd3c5f76c94225.bundle,讓阿翰冷靜起始,Say,ミン･ツァイ,76,扉の権限が事前にロックされて、パスワードでも開けられない……,
scene_demo_scenes_mbu_s0_sh_walkthrough_6dfb3bdc59755e008ecd3c5f76c94225.bundle,讓阿翰冷靜起始,Say,ミン･ツァイ,77,他の可能性はないっすよ。兄貴！,
scene_demo_scenes_mbu_s0_sh_walkthrough_6dfb3bdc59755e008ecd3c5f76c94225.bundle,讓阿翰冷靜起始,Branch,#Simple,36,病人が部屋から出るための措置って可能性もある。,
scene_demo_scenes_mbu_s0_sh_walkthrough_6dfb3bdc59755e008ecd3c5f76c94225.bundle,讓阿翰冷靜起始,Say,ミン･ツァイ,78,……,
scene_demo_scenes_mbu_s0_sh_walkthrough_6dfb3bdc59755e008ecd3c5f76c94225.bundle,讓阿翰冷靜起始,Say,ミン･ツァイ,79,病人が勝手に出て行くから、看護師しか扉を開けられないってことっすか？,
scene_demo_scenes_mbu_s0_sh_walkthrough_6dfb3bdc59755e008ecd3c5f76c94225.bundle,讓阿翰冷靜起始,Say,ミン･ツァイ,80,そこまでするんすかね？,
scene_demo_scenes_mbu_s0_sh_walkthrough_6dfb3bdc59755e008ecd3c5f76c94225.bundle,讓阿翰冷靜起始,Say,ミン･ツァイ,81,看護師がパスワードを使っても開けられないんすよ？,
scene_demo_scenes_mbu_s0_sh_walkthrough_6dfb3bdc59755e008ecd3c5f76c94225.bundle,讓阿翰冷靜起始,Branch,#Simple,37,スタッフはカードキーで開けられるはずだ。,
scene_demo_scenes_mbu_s0_sh_walkthrough_6dfb3bdc59755e008ecd3c5f76c94225.bundle,讓阿翰冷靜起始,Say,ミン･ツァイ,82,それは……,
scene_demo_scenes_mbu_s0_sh_walkthrough_6dfb3bdc59755e008ecd3c5f76c94225.bundle,讓阿翰冷靜起始,Say,ミン･ツァイ,83,確かにそうかも……,
scene_demo_scenes_mbu_s0_sh_walkthrough_6dfb3bdc59755e008ecd3c5f76c94225.bundle,讓阿翰冷靜起始,Say,ミン･ツァイ,84,俺の考えすぎだったのか……,
scene_demo_scenes_mbu_s0_sh_walkthrough_6dfb3bdc59755e008ecd3c5f76c94225.bundle,讓阿翰冷靜起始,Say,ミン･ツァイ,85,確かに、推測だけじゃ分からないことっすね。,
scene_demo_scenes_mbu_s0_sh_walkthrough_6dfb3bdc59755e008ecd3c5f76c94225.bundle,讓阿翰冷靜起始,Say,ミン･ツァイ,86,それに、俺らが起きてこんだけの時間が経ってる。,
scene_demo_scenes_mbu_s0_sh_walkthrough_6dfb3bdc59755e008ecd3c5f76c94225.bundle,讓阿翰冷靜起始,Say,ミン･ツァイ,87,本当に捕まったなら、看護師が来るはずっすね。,
scene_demo_scenes_mbu_s0_sh_walkthrough_6dfb3bdc59755e008ecd3c5f76c94225.bundle,讓阿翰冷靜起始,Say,ミン･ツァイ,88,少なくともサツに知らせると思うが、そんなのはまだみたいっすね。,
scene_demo_scenes_mbu_s0_sh_walkthrough_6dfb3bdc59755e008ecd3c5f76c94225.bundle,讓阿翰冷靜起始,Say,ミン･ツァイ,89,ツイてますね。,
scene_demo_scenes_mbu_s0_sh_walkthrough_6dfb3bdc59755e008ecd3c5f76c94225.bundle,讓阿翰冷靜起始,Say,ミン･ツァイ,90,俺らは多分車事故で入院した一般市民だと思われてるっすよ。,
scene_demo_scenes_mbu_s0_sh_walkthrough_6dfb3bdc59755e008ecd3c5f76c94225.bundle,讓阿翰冷靜起始,Say,ミン･ツァイ,91,後は、弟が心配っす。,
scene_demo_scenes_mbu_s0_sh_walkthrough_6dfb3bdc59755e008ecd3c5f76c94225.bundle,讓阿翰冷靜起始,Say,ミン･ツァイ,92,自分一人で他の病室にいるとか……大丈夫かな。,
scene_demo_scenes_mbu_s0_sh_walkthrough_6dfb3bdc59755e008ecd3c5f76c94225.bundle,讓阿翰冷靜起始,Say,ミン･ツァイ,93,モニターに彼の情報があってたりしないっすかね？,
scene_demo_scenes_mbu_s0_sh_walkthrough_6dfb3bdc59755e008ecd3c5f76c94225.bundle,讓阿翰冷靜起始,Branch,#Simple,38,ああ、そうだな。,
scene_demo_scenes_mbu_s0_sh_walkthrough_6dfb3bdc59755e008ecd3c5f76c94225.bundle,讓阿翰冷靜起始,Branch,#Simple,39,……,
scene_demo_scenes_mbu_s0_sh_walkthrough_6dfb3bdc59755e008ecd3c5f76c94225.bundle,讓阿翰冷靜起始,Say,ミン･ツァイ,94,でしょう……？,
scene_demo_scenes_mbu_s0_sh_walkthrough_6dfb3bdc59755e008ecd3c5f76c94225.bundle,讓阿翰冷靜起始,Say,ミン･ツァイ,95,……,
scene_demo_scenes_mbu_s0_sh_walkthrough_6dfb3bdc59755e008ecd3c5f76c94225.bundle,讓阿翰冷靜起始,Say,ミン･ツァイ,96,現実逃避はやめましょう、俺らは……,
scene_demo_scenes_mbu_s0_sh_walkthrough_6dfb3bdc59755e008ecd3c5f76c94225.bundle,讓阿翰冷靜起始,Say,ミン･ツァイ,97,<color=#F36B6C>もう捕まってるっす</color>。,
scene_demo_scenes_mbu_s0_sh_walkthrough_6dfb3bdc59755e008ecd3c5f76c94225.bundle,讓阿翰冷靜起始,Say,ミン･ツァイ,98,サツに起きたってことがバレたら、すぐ尋問をしにくるんすよ。,
scene_demo_scenes_mbu_s0_sh_walkthrough_6dfb3bdc59755e008ecd3c5f76c94225.bundle,讓阿翰冷靜起始,Say,ミン･ツァイ,99,……,
scene_demo_scenes_mbu_s0_sh_walkthrough_6dfb3bdc59755e008ecd3c5f76c94225.bundle,讓阿翰冷靜起始,Say,ミン･ツァイ,100,今はどうするんすか？,
scene_demo_scenes_mbu_s0_sh_walkthrough_6dfb3bdc59755e008ecd3c5f76c94225.bundle,讓阿翰冷靜起始,Branch,#Simple,40,確かにお前の言う通り、俺らはもう捕まってるかもしれない。,
scene_demo_scenes_mbu_s0_sh_walkthrough_6dfb3bdc59755e008ecd3c5f76c94225.bundle,讓阿翰冷靜起始,Say,ミン･ツァイ,101,……,
scene_demo_scenes_mbu_s0_sh_walkthrough_6dfb3bdc59755e008ecd3c5f76c94225.bundle,讓阿翰冷靜起始,Say,ミン･ツァイ,102,こ……ここまでっすか？,
scene_demo_scenes_mbu_s0_sh_walkthrough_6dfb3bdc59755e008ecd3c5f76c94225.bundle,讓阿翰冷靜起始,Say,ミン･ツァイ,103,俺らはこのまま牢に入れられて……,
scene_demo_scenes_mbu_s0_sh_walkthrough_6dfb3bdc59755e008ecd3c5f76c94225.bundle,讓阿翰冷靜起始,Say,ミン･ツァイ,104,……,
scene_demo_scenes_mbu_s0_sh_walkthrough_6dfb3bdc59755e008ecd3c5f76c94225.bundle,讓阿翰冷靜起始,Say,ミン･ツァイ,105,今はどうするんすか？,
scene_demo_scenes_mbu_s0_sh_walkthrough_6dfb3bdc59755e008ecd3c5f76c94225.bundle,讓阿翰冷靜起始,Branch,#Simple,41,故障してるみたい。,
scene_demo_scenes_mbu_s0_sh_walkthrough_6dfb3bdc59755e008ecd3c5f76c94225.bundle,讓阿翰冷靜起始,Say,ミン･ツァイ,106,……故障？,
scene_demo_scenes_mbu_s0_sh_walkthrough_6dfb3bdc59755e008ecd3c5f76c94225.bundle,讓阿翰冷靜起始,Say,ミン･ツァイ,107,こんな時に故障だと？,
scene_demo_scenes_mbu_s0_sh_walkthrough_6dfb3bdc59755e008ecd3c5f76c94225.bundle,讓阿翰冷靜起始,Say,ミン･ツァイ,108,ああああ！,
scene_demo_scenes_mbu_s0_sh_walkthrough_6dfb3bdc59755e008ecd3c5f76c94225.bundle,讓阿翰冷靜起始,Say,ミン･ツァイ,109,なんてことだ！あとちょっとで出られたのに！,
scene_demo_scenes_mbu_s0_sh_walkthrough_6dfb3bdc59755e008ecd3c5f76c94225.bundle,讓阿翰冷靜起始,Say,ミン･ツァイ,110,パスワードを見つめたんだよ！,
scene_demo_scenes_mbu_s0_sh_walkthrough_6dfb3bdc59755e008ecd3c5f76c94225.bundle,讓阿翰冷靜起始,Say,ミン･ツァイ,111,兄貴は腹立たないっすか？,
scene_demo_scenes_mbu_s0_sh_walkthrough_6dfb3bdc59755e008ecd3c5f76c94225.bundle,讓阿翰冷靜起始,Say,ミン･ツァイ,112,せっかく見つけたパスワードなのに、使えないとか……,
scene_demo_scenes_mbu_s0_sh_walkthrough_6dfb3bdc59755e008ecd3c5f76c94225.bundle,讓阿翰冷靜起始,Say,ミン･ツァイ,113,……,
scene_demo_scenes_mbu_s0_sh_walkthrough_6dfb3bdc59755e008ecd3c5f76c94225.bundle,讓阿翰冷靜起始,Say,ミン･ツァイ,114,それか兄貴、もう一度やってみたらどうっすか？,
scene_demo_scenes_mbu_s0_sh_walkthrough_6dfb3bdc59755e008ecd3c5f76c94225.bundle,讓阿翰冷靜起始,Say,ミン･ツァイ,115,故障してるところを見せてくれたら、俺が直せるかもしれないっす。,
scene_demo_scenes_mbu_s0_sh_walkthrough_6dfb3bdc59755e008ecd3c5f76c94225.bundle,讓阿翰冷靜起始,Say,ミン･ツァイ,116,どうっすか？やってみてください！,
scene_demo_scenes_mbu_s0_sh_walkthrough_6dfb3bdc59755e008ecd3c5f76c94225.bundle,讓阿翰冷靜起始,Branch,#Simple,42,やってみよう。,
scene_demo_scenes_mbu_s0_sh_walkthrough_6dfb3bdc59755e008ecd3c5f76c94225.bundle,讓阿翰冷靜起始,Say,ミン･ツァイ,117,おねしゃす！,
scene_demo_scenes_mbu_s0_sh_walkthrough_6dfb3bdc59755e008ecd3c5f76c94225.bundle,讓阿翰冷靜起始,Branch,#Simple,43,そんな必要はないと思うが。,
scene_demo_scenes_mbu_s0_sh_walkthrough_6dfb3bdc59755e008ecd3c5f76c94225.bundle,讓阿翰冷靜起始,Say,ミン･ツァイ,118,兄貴、頼む、故障したってところを見せてください。,
scene_demo_scenes_mbu_s0_sh_walkthrough_6dfb3bdc59755e008ecd3c5f76c94225.bundle,讓阿翰冷靜起始,Say,ミン･ツァイ,119,ポチッとするだけで、別にそんな手間じゃないでしょう？,
scene_demo_scenes_mbu_s0_sh_walkthrough_6dfb3bdc59755e008ecd3c5f76c94225.bundle,讓阿翰冷靜起始,Say,ミン･ツァイ,120,減るもんじゃないし。,
scene_demo_scenes_mbu_s0_sh_walkthrough_6dfb3bdc59755e008ecd3c5f76c94225.bundle,讓阿翰冷靜起始,Branch,#Simple,44,分かった。やってみよう。,
scene_demo_scenes_mbu_s0_sh_walkthrough_6dfb3bdc59755e008ecd3c5f76c94225.bundle,讓阿翰冷靜起始,Say,ミン･ツァイ,121,おねしゃす！,
scene_demo_scenes_mbu_s0_sh_walkthrough_6dfb3bdc59755e008ecd3c5f76c94225.bundle,讓阿翰冷靜起始,Branch,#Simple,45,必要ないと言ったはずだ。,
scene_demo_scenes_mbu_s0_sh_walkthrough_6dfb3bdc59755e008ecd3c5f76c94225.bundle,讓阿翰冷靜起始,Say,ミン･ツァイ,122,……,
scene_demo_scenes_mbu_s0_sh_walkthrough_6dfb3bdc59755e008ecd3c5f76c94225.bundle,讓阿翰冷靜起始,Say,ミン･ツァイ,123,はい、分かりました……,
scene_demo_scenes_mbu_s0_sh_walkthrough_6dfb3bdc59755e008ecd3c5f76c94225.bundle,讓阿翰冷靜起始,Say,ミン･ツァイ,124,俺が何か良い方法が見つけられるかもしれないじゃないすか！,
scene_demo_scenes_mbu_s0_sh_walkthrough_6dfb3bdc59755e008ecd3c5f76c94225.bundle,讓阿翰冷靜起始,Say,ミン･ツァイ,125,俺なら……うっ……,
scene_demo_scenes_mbu_s0_sh_walkthrough_6dfb3bdc59755e008ecd3c5f76c94225.bundle,讓阿翰冷靜起始,Say,ミン･ツァイ,126,そうっすね……もう一度やってみたところで……,
scene_demo_scenes_mbu_s0_sh_walkthrough_6dfb3bdc59755e008ecd3c5f76c94225.bundle,讓阿翰冷靜起始,Say,ミン･ツァイ,127,兄貴が解決できない問題なら、俺でも無理っす。,
scene_demo_scenes_mbu_s0_sh_walkthrough_6dfb3bdc59755e008ecd3c5f76c94225.bundle,讓阿翰冷靜起始,Say,ミン･ツァイ,128,弟もここにいればいいのに、こういうのが得意っすよ。,
scene_demo_scenes_mbu_s0_sh_walkthrough_6dfb3bdc59755e008ecd3c5f76c94225.bundle,讓阿翰冷靜起始,Say,ミン･ツァイ,129,……,
scene_demo_scenes_mbu_s0_sh_walkthrough_6dfb3bdc59755e008ecd3c5f76c94225.bundle,讓阿翰冷靜起始,Say,ミン･ツァイ,130,……あいつ、大丈夫かな。,
scene_demo_scenes_mbu_s0_sh_walkthrough_6dfb3bdc59755e008ecd3c5f76c94225.bundle,讓阿翰冷靜起始,Say,ミン･ツァイ,131,モニターに入院資料があったって兄貴が言ってたけど……,
scene_demo_scenes_mbu_s0_sh_walkthrough_6dfb3bdc59755e008ecd3c5f76c94225.bundle,校準者初登場,Say,校合者,0,M.B.U.、何をしている……,
scene_demo_scenes_mbu_s0_sh_walkthrough_6dfb3bdc59755e008ecd3c5f76c94225.bundle,校準者初登場,Branch,#Simple,0,何者だ！,
scene_demo_scenes_mbu_s0_sh_walkthrough_6dfb3bdc59755e008ecd3c5f76c94225.bundle,校準者初登場,Say,校合者,1,何の話だ……？,
scene_demo_scenes_mbu_s0_sh_walkthrough_6dfb3bdc59755e008ecd3c5f76c94225.bundle,校準者初登場,Say,校合者,2,お前のシステムUIに表示されてるだろう？,
scene_demo_scenes_mbu_s0_sh_walkthrough_6dfb3bdc59755e008ecd3c5f76c94225.bundle,校準者初登場,Say,校合者,3,私は今回の任務の責任者だ。,
scene_demo_scenes_mbu_s0_sh_walkthrough_6dfb3bdc59755e008ecd3c5f76c94225.bundle,校準者初登場,Branch,#Simple,1,M.B.U.？,
scene_demo_scenes_mbu_s0_sh_walkthrough_6dfb3bdc59755e008ecd3c5f76c94225.bundle,校準者初登場,Say,校合者,4,お前のことだ。,
scene_demo_scenes_mbu_s0_sh_walkthrough_6dfb3bdc59755e008ecd3c5f76c94225.bundle,校準者初登場,Say,校合者,5,紛れもなく。,
scene_demo_scenes_mbu_s0_sh_walkthrough_6dfb3bdc59755e008ecd3c5f76c94225.bundle,校準者初登場,Branch,#Simple,2,……,
scene_demo_scenes_mbu_s0_sh_walkthrough_6dfb3bdc59755e008ecd3c5f76c94225.bundle,校準者初登場,Say,校合者,6,その体をここに来させろ。,
scene_demo_scenes_mbu_s0_sh_walkthrough_6dfb3bdc59755e008ecd3c5f76c94225.bundle,說可以開門,Branch,#Simple,0,まだだ。,
scene_demo_scenes_mbu_s0_sh_walkthrough_6dfb3bdc59755e008ecd3c5f76c94225.bundle,說可以開門,Say,ミン･ツァイ,0,えっ？,
scene_demo_scenes_mbu_s0_sh_walkthrough_6dfb3bdc59755e008ecd3c5f76c94225.bundle,說可以開門,Say,ミン･ツァイ,1,どうして？,
scene_demo_scenes_mbu_s0_sh_walkthrough_6dfb3bdc59755e008ecd3c5f76c94225.bundle,說可以開門,Branch,#Simple,1,お前が目覚めるのを待とうとしてた。,
scene_demo_scenes_mbu_s0_sh_walkthrough_6dfb3bdc59755e008ecd3c5f76c94225.bundle,說可以開門,Say,ミン･ツァイ,2,はあ？呼び起こせばいいじゃないっすか！,
scene_demo_scenes_mbu_s0_sh_walkthrough_6dfb3bdc59755e008ecd3c5f76c94225.bundle,說可以開門,Say,ミン･ツァイ,3,それか自分で先に出れば……,
scene_demo_scenes_mbu_s0_sh_walkthrough_6dfb3bdc59755e008ecd3c5f76c94225.bundle,說可以開門,Branch,#Simple,2,一人にさせておくのが心持たないから。,
scene_demo_scenes_mbu_s0_sh_walkthrough_6dfb3bdc59755e008ecd3c5f76c94225.bundle,說可以開門,Say,ミン･ツァイ,4,そ、そうっすか……,
scene_demo_scenes_mbu_s0_sh_walkthrough_6dfb3bdc59755e008ecd3c5f76c94225.bundle,說可以開門,Say,ミン･ツァイ,5,すみません。兄貴に心配をかけさせちゃって。,
scene_demo_scenes_mbu_s0_sh_walkthrough_6dfb3bdc59755e008ecd3c5f76c94225.bundle,說可以開門,Branch,#Simple,3,……,
scene_demo_scenes_mbu_s0_sh_walkthrough_6dfb3bdc59755e008ecd3c5f76c94225.bundle,說可以開門,Branch,#Simple,4,外にサツがいるのが怖くて。,
scene_demo_scenes_mbu_s0_sh_walkthrough_6dfb3bdc59755e008ecd3c5f76c94225.bundle,說可以開門,Say,ミン･ツァイ,6,それは……,
scene_demo_scenes_mbu_s0_sh_walkthrough_6dfb3bdc59755e008ecd3c5f76c94225.bundle,說可以開門,Say,ミン･ツァイ,7,どうして外にサツがいると？,
scene_demo_scenes_mbu_s0_sh_walkthrough_6dfb3bdc59755e008ecd3c5f76c94225.bundle,說可以開門,Branch,#Simple,5,話し声が聞こえたんだ。,
scene_demo_scenes_mbu_s0_sh_walkthrough_6dfb3bdc59755e008ecd3c5f76c94225.bundle,說可以開門,Say,ミン･ツァイ,8,まじすか！,
scene_demo_scenes_mbu_s0_sh_walkthrough_6dfb3bdc59755e008ecd3c5f76c94225.bundle,說可以開門,Say,ミン･ツァイ,9,……,
scene_demo_scenes_mbu_s0_sh_walkthrough_6dfb3bdc59755e008ecd3c5f76c94225.bundle,說可以開門,Say,ミン･ツァイ,10,終わりだ！この部屋から出ても俺らは逃げられないっす！,
scene_demo_scenes_mbu_s0_sh_walkthrough_6dfb3bdc59755e008ecd3c5f76c94225.bundle,說可以開門,Say,ミン･ツァイ,11,……,
scene_demo_scenes_mbu_s0_sh_walkthrough_6dfb3bdc59755e008ecd3c5f76c94225.bundle,說可以開門,Branch,#Simple,6,ただ慎重にしてるだけだ。,
scene_demo_scenes_mbu_s0_sh_walkthrough_6dfb3bdc59755e008ecd3c5f76c94225.bundle,說可以開門,Say,ミン･ツァイ,12,……驚かさないでよ！,
scene_demo_scenes_mbu_s0_sh_walkthrough_6dfb3bdc59755e008ecd3c5f76c94225.bundle,說可以開門,Say,ミン･ツァイ,13,本当にサツがいるって思ってました……,
scene_demo_scenes_mbu_s0_sh_walkthrough_6dfb3bdc59755e008ecd3c5f76c94225.bundle,說可以開門,Say,ミン･ツァイ,14,だから兄貴が外に出なかったのは慎重のせいだけっすか？,
scene_demo_scenes_mbu_s0_sh_walkthrough_6dfb3bdc59755e008ecd3c5f76c94225.bundle,說可以開門,Say,ミン･ツァイ,15,それは……慎重しすぎじゃ……,
scene_demo_scenes_mbu_s0_sh_walkthrough_6dfb3bdc59755e008ecd3c5f76c94225.bundle,說可以開門,Branch,#Simple,7,それに一人にさせておくのが心持たないから。,
scene_demo_scenes_mbu_s0_sh_walkthrough_6dfb3bdc59755e008ecd3c5f76c94225.bundle,說可以開門,Say,ミン･ツァイ,16,ああ、そうっすね……,
scene_demo_scenes_mbu_s0_sh_walkthrough_6dfb3bdc59755e008ecd3c5f76c94225.bundle,說可以開門,Say,ミン･ツァイ,17,すみません。まさか兄貴に心配をかけさせちゃって。,
scene_demo_scenes_mbu_s0_sh_walkthrough_6dfb3bdc59755e008ecd3c5f76c94225.bundle,說可以開門,Branch,#Simple,8,……,
scene_demo_scenes_mbu_s0_sh_walkthrough_6dfb3bdc59755e008ecd3c5f76c94225.bundle,說可以開門,Branch,#Simple,9,外は見てたよ。,
scene_demo_scenes_mbu_s0_sh_walkthrough_6dfb3bdc59755e008ecd3c5f76c94225.bundle,說可以開門,Say,ミン･ツァイ,18,どうだったんすか？,
scene_demo_scenes_mbu_s0_sh_walkthrough_6dfb3bdc59755e008ecd3c5f76c94225.bundle,說可以開門,Say,ミン･ツァイ,19,サツはいました？俺らはもう捕まったりして……,
scene_demo_scenes_mbu_s0_sh_walkthrough_6dfb3bdc59755e008ecd3c5f76c94225.bundle,說可以開門,Branch,#Simple,10,サツはいたけど、心配するな。,
scene_demo_scenes_mbu_s0_sh_walkthrough_6dfb3bdc59755e008ecd3c5f76c94225.bundle,說可以開門,Say,ミン･ツァイ,20,何？,
scene_demo_scenes_mbu_s0_sh_walkthrough_6dfb3bdc59755e008ecd3c5f76c94225.bundle,說可以開門,Say,ミン･ツァイ,21,サツを見たんすか？それとも話したんすか？,
scene_demo_scenes_mbu_s0_sh_walkthrough_6dfb3bdc59755e008ecd3c5f76c94225.bundle,說可以開門,Say,ミン･ツァイ,22,なぜ早く言ってくれないっすか！,
scene_demo_scenes_mbu_s0_sh_walkthrough_6dfb3bdc59755e008ecd3c5f76c94225.bundle,說可以開門,Say,ミン･ツァイ,23,心配するなって……俺らがまだ捕まってないってこと？そんなの……,
scene_demo_scenes_mbu_s0_sh_walkthrough_6dfb3bdc59755e008ecd3c5f76c94225.bundle,說可以開門,Say,ミン･ツァイ,24,今ってどういう状況っすか？,
scene_demo_scenes_mbu_s0_sh_walkthrough_6dfb3bdc59755e008ecd3c5f76c94225.bundle,說可以開門,Branch,#Simple,11,サツはいないよ。安心せえ。,
scene_demo_scenes_mbu_s0_sh_walkthrough_6dfb3bdc59755e008ecd3c5f76c94225.bundle,說可以開門,Say,ミン･ツァイ,25,まじすか！,
scene_demo_scenes_mbu_s0_sh_walkthrough_6dfb3bdc59755e008ecd3c5f76c94225.bundle,說可以開門,Say,ミン･ツァイ,26,よかった！ここで万事休すだと思ってました……,
scene_demo_scenes_mbu_s0_sh_walkthrough_6dfb3bdc59755e008ecd3c5f76c94225.bundle,說可以開門,Say,ミン･ツァイ,27,だから……俺らはただの車事故で搬送されただけっすか？,
scene_demo_scenes_mbu_s0_sh_walkthrough_6dfb3bdc59755e008ecd3c5f76c94225.bundle,說可以開門,Say,ミン･ツァイ,28,よかった……,
scene_demo_scenes_mbu_s0_sh_walkthrough_6dfb3bdc59755e008ecd3c5f76c94225.bundle,說可以開門,Say,ミン･ツァイ,29,それなら、弟に会いに……,
scene_demo_scenes_mbu_s0_sh_walkthrough_6dfb3bdc59755e008ecd3c5f76c94225.bundle,說可以開門,Branch,#Simple,12,待った。,
scene_demo_scenes_mbu_s0_sh_walkthrough_6dfb3bdc59755e008ecd3c5f76c94225.bundle,說可以開門,Say,ミン･ツァイ,30,どうしたんすか？,
scene_demo_scenes_mbu_s0_sh_walkthrough_6dfb3bdc59755e008ecd3c5f76c94225.bundle,說可以開門,Branch,#Simple,13,足がまだ痛むんだろう？,
scene_demo_scenes_mbu_s0_sh_walkthrough_6dfb3bdc59755e008ecd3c5f76c94225.bundle,說可以開門,Say,ミン･ツァイ,31,大丈夫っす。こんぐらいへっちゃらっす。,
scene_demo_scenes_mbu_s0_sh_walkthrough_6dfb3bdc59755e008ecd3c5f76c94225.bundle,說可以開門,Say,ミン･ツァイ,32,大丈夫だから……,
scene_demo_scenes_mbu_s0_sh_walkthrough_6dfb3bdc59755e008ecd3c5f76c94225.bundle,說可以開門,Say,ミン･ツァイ,33,じゃ、俺は……,
scene_demo_scenes_mbu_s0_sh_walkthrough_6dfb3bdc59755e008ecd3c5f76c94225.bundle,說可以開門,Branch,#Simple,14,今行くと、弟の治療の邪魔になっちゃう。,
scene_demo_scenes_mbu_s0_sh_walkthrough_6dfb3bdc59755e008ecd3c5f76c94225.bundle,說可以開門,Say,ミン･ツァイ,34,治療中なんすか？,
scene_demo_scenes_mbu_s0_sh_walkthrough_6dfb3bdc59755e008ecd3c5f76c94225.bundle,說可以開門,Say,ミン･ツァイ,35,兄貴は今彼の様子を確認してきたんすか？,
scene_demo_scenes_mbu_s0_sh_walkthrough_6dfb3bdc59755e008ecd3c5f76c94225.bundle,說可以開門,Say,ミン･ツァイ,36,俺らみたいに病室にいると思ってたけど……,
scene_demo_scenes_mbu_s0_sh_walkthrough_6dfb3bdc59755e008ecd3c5f76c94225.bundle,說可以開門,Say,ミン･ツァイ,37,……,
scene_demo_scenes_mbu_s0_sh_walkthrough_6dfb3bdc59755e008ecd3c5f76c94225.bundle,說可以開門,Say,ミン･ツァイ,38,まさか、俺らよりずっと怪我が酷いんすか？,
scene_demo_scenes_mbu_s0_sh_walkthrough_6dfb3bdc59755e008ecd3c5f76c94225.bundle,說可以開門,Branch,#Simple,15,大丈夫、ただリハビリをしてるだけだ。,
scene_demo_scenes_mbu_s0_sh_walkthrough_6dfb3bdc59755e008ecd3c5f76c94225.bundle,說可以開門,Say,ミン･ツァイ,39,そ……そうか。,
scene_demo_scenes_mbu_s0_sh_walkthrough_6dfb3bdc59755e008ecd3c5f76c94225.bundle,說可以開門,Say,ミン･ツァイ,40,びっくりした……ハハッ。,
scene_demo_scenes_mbu_s0_sh_walkthrough_6dfb3bdc59755e008ecd3c5f76c94225.bundle,說可以開門,Branch,#Simple,16,そうだな。俺らよりずっと酷く見えた。,
scene_demo_scenes_mbu_s0_sh_walkthrough_6dfb3bdc59755e008ecd3c5f76c94225.bundle,說可以開門,Say,ミン･ツァイ,41,そうっすか……,
scene_demo_scenes_mbu_s0_sh_walkthrough_6dfb3bdc59755e008ecd3c5f76c94225.bundle,說可以開門,Say,ミン･ツァイ,42,……,
scene_demo_scenes_mbu_s0_sh_walkthrough_6dfb3bdc59755e008ecd3c5f76c94225.bundle,說可以開門,Say,ミン･ツァイ,43,彼の治療を待つしかないっすね……,
scene_demo_scenes_mbu_s0_sh_walkthrough_6dfb3bdc59755e008ecd3c5f76c94225.bundle,說可以開門,Say,ミン･ツァイ,44,じゃ、今は大人しく待つとしましょう……,
scene_demo_scenes_mbu_s0_sh_walkthrough_6dfb3bdc59755e008ecd3c5f76c94225.bundle,說可以開門,Say,ミン･ツァイ,45,そうだ。モニターに彼の今の状況があってたりしないっすか？,
scene_demo_scenes_mbu_s0_sh_walkthrough_6dfb3bdc59755e008ecd3c5f76c94225.bundle,說可以開門,Branch,#Simple,17,……,
scene_demo_scenes_mbu_s0_sh_walkthrough_6dfb3bdc59755e008ecd3c5f76c94225.bundle,說可以開門,Say,ミン･ツァイ,46,うっ……足が痛い……,
scene_demo_scenes_mbu_s0_sh_walkthrough_6dfb3bdc59755e008ecd3c5f76c94225.bundle,說可以開門,Say,ミン･ツァイ,47,じゃ、俺は行きます。,
scene_demo_scenes_mbu_s0_sh_walkthrough_6dfb3bdc59755e008ecd3c5f76c94225.bundle,說可以開門,Say,ミン･ツァイ,48,じゃ……兄貴は今出たりしないっすか？,
scene_demo_scenes_mbu_s0_sh_walkthrough_6dfb3bdc59755e008ecd3c5f76c94225.bundle,說可以開門,Say,ミン･ツァイ,49,ここからはやく出て、情報を確認した方がいいでしょう？,
scene_demo_scenes_mbu_s0_sh_walkthrough_6dfb3bdc59755e008ecd3c5f76c94225.bundle,說可以開門,Branch,#Simple,18,いや、俺らは安全だ。,
scene_demo_scenes_mbu_s0_sh_walkthrough_6dfb3bdc59755e008ecd3c5f76c94225.bundle,說可以開門,Say,ミン･ツァイ,50,え？どうして急にそんな自信満々に？,
scene_demo_scenes_mbu_s0_sh_walkthrough_6dfb3bdc59755e008ecd3c5f76c94225.bundle,說可以開門,Branch,#Simple,19,今看護師が来たけど、俺らを犯人として扱わなかった。,
scene_demo_scenes_mbu_s0_sh_walkthrough_6dfb3bdc59755e008ecd3c5f76c94225.bundle,說可以開門,Say,ミン･ツァイ,51,そうか、それに気づきませんでした……,
scene_demo_scenes_mbu_s0_sh_walkthrough_6dfb3bdc59755e008ecd3c5f76c94225.bundle,說可以開門,Say,ミン･ツァイ,52,そんな大事な事をなぜ早く言ってくれないっすか！,
scene_demo_scenes_mbu_s0_sh_walkthrough_6dfb3bdc59755e008ecd3c5f76c94225.bundle,說可以開門,Say,ミン･ツァイ,53,よかった！心配して損したっす！,
scene_demo_scenes_mbu_s0_sh_walkthrough_6dfb3bdc59755e008ecd3c5f76c94225.bundle,說可以開門,Say,ミン･ツァイ,54,しばらく経ってるのに、俺らがまだ見つかってないってことっすね。よかったっす。,
scene_demo_scenes_mbu_s0_sh_walkthrough_6dfb3bdc59755e008ecd3c5f76c94225.bundle,說可以開門,Say,ミン･ツァイ,55,すぐじゃここは分からないと思うっす。,
scene_demo_scenes_mbu_s0_sh_walkthrough_6dfb3bdc59755e008ecd3c5f76c94225.bundle,說可以開門,Say,ミン･ツァイ,56,安全になったなら、俺は弟に会い行ってみたいっす。,
scene_demo_scenes_mbu_s0_sh_walkthrough_6dfb3bdc59755e008ecd3c5f76c94225.bundle,說可以開門,Branch,#Simple,20,ポジティブに考えなさい。,
scene_demo_scenes_mbu_s0_sh_walkthrough_6dfb3bdc59755e008ecd3c5f76c94225.bundle,說可以開門,Say,ミン･ツァイ,57,ポジティブも何も、会いに行けばいいじゃないっすか？,
scene_demo_scenes_mbu_s0_sh_walkthrough_6dfb3bdc59755e008ecd3c5f76c94225.bundle,說可以開門,Say,ミン･ツァイ,58,……,
scene_demo_scenes_mbu_s0_sh_walkthrough_6dfb3bdc59755e008ecd3c5f76c94225.bundle,說可以開門,Say,ミン･ツァイ,59,俺ら……,
scene_demo_scenes_mbu_s0_sh_walkthrough_6dfb3bdc59755e008ecd3c5f76c94225.bundle,說可以開門,Branch,#Simple,21,ああ、行こう。,
scene_demo_scenes_mbu_s0_sh_walkthrough_6dfb3bdc59755e008ecd3c5f76c94225.bundle,說可以開門,Say,ミン･ツァイ,60,はい。,
scene_demo_scenes_mbu_s0_sh_walkthrough_6dfb3bdc59755e008ecd3c5f76c94225.bundle,說可以開門,Say,ミン･ツァイ,61,足が……まだ痛い……,
scene_demo_scenes_mbu_s0_sh_walkthrough_6dfb3bdc59755e008ecd3c5f76c94225.bundle,說可以開門,Say,ミン･ツァイ,62,俺ら……,
scene_demo_scenes_mbu_s0_sh_walkthrough_6dfb3bdc59755e008ecd3c5f76c94225.bundle,看顯示器,Say,ミン･ツァイ,0,……今はどうするんすか？,
scene_demo_scenes_mbu_s0_sh_walkthrough_6dfb3bdc59755e008ecd3c5f76c94225.bundle,看顯示器,Say,ミン･ツァイ,1,振り出しに戻ったみたいっすね……,
scene_demo_scenes_mbu_s0_sh_walkthrough_6dfb3bdc59755e008ecd3c5f76c94225.bundle,看顯示器,Say,ミン･ツァイ,2,……,
scene_demo_scenes_mbu_s0_sh_walkthrough_6dfb3bdc59755e008ecd3c5f76c94225.bundle,看顯示器,Say,ミン･ツァイ,3,はぁ、弟がいたら、何か良いアイデアがあるかもしれないのに。,
scene_demo_scenes_mbu_s0_sh_walkthrough_6dfb3bdc59755e008ecd3c5f76c94225.bundle,看顯示器,Say,ミン･ツァイ,4,……,
scene_demo_scenes_mbu_s0_sh_walkthrough_6dfb3bdc59755e008ecd3c5f76c94225.bundle,看顯示器,Say,ミン･ツァイ,5,あいつ、今どうなってるのかな。,
scene_demo_scenes_mbu_s0_sh_walkthrough_6dfb3bdc59755e008ecd3c5f76c94225.bundle,看顯示器,Say,ミン･ツァイ,6,兄貴はモニターにある入院資料じゃ大した問題ないって言ってたけど……,
scene_demo_scenes_mbu_s0_sh_walkthrough_6dfb3bdc59755e008ecd3c5f76c94225.bundle,看顯示器,Say,ミン･ツァイ,7,……あれ？,
scene_demo_scenes_mbu_s0_sh_walkthrough_6dfb3bdc59755e008ecd3c5f76c94225.bundle,看顯示器,Say,ミン･ツァイ,8,モニターがいつの間にこんな近くに？,
scene_demo_scenes_mbu_s0_sh_walkthrough_6dfb3bdc59755e008ecd3c5f76c94225.bundle,看顯示器,Say,ミン･ツァイ,9,兄貴がやったんすか？,
scene_demo_scenes_mbu_s0_sh_walkthrough_6dfb3bdc59755e008ecd3c5f76c94225.bundle,看顯示器,Say,ミン･ツァイ,10,この距離なら資料が読めそうっす。どれどれ……,
scene_demo_scenes_mbu_s0_sh_walkthrough_6dfb3bdc59755e008ecd3c5f76c94225.bundle,看顯示器,Branch,#Simple,0,待った。読むな！,
scene_demo_scenes_mbu_s0_sh_walkthrough_6dfb3bdc59755e008ecd3c5f76c94225.bundle,看顯示器,Say,ミン･ツァイ,11,え？どうして……？,
scene_demo_scenes_mbu_s0_sh_walkthrough_6dfb3bdc59755e008ecd3c5f76c94225.bundle,看顯示器,Branch,#Simple,1,とりあえず、読むな！,
scene_demo_scenes_mbu_s0_sh_walkthrough_6dfb3bdc59755e008ecd3c5f76c94225.bundle,看顯示器,Say,ミン･ツァイ,12,はぁ？ちょっとだけっすよ。,
scene_demo_scenes_mbu_s0_sh_walkthrough_6dfb3bdc59755e008ecd3c5f76c94225.bundle,看顯示器,Say,ミン･ツァイ,13,別に減るもんじゃないでしょう？,
scene_demo_scenes_mbu_s0_sh_walkthrough_6dfb3bdc59755e008ecd3c5f76c94225.bundle,看顯示器,Branch,#Simple,2,お前！話を聞け！読むな！,
scene_demo_scenes_mbu_s0_sh_walkthrough_6dfb3bdc59755e008ecd3c5f76c94225.bundle,看顯示器,Say,ミン･ツァイ,14,わ、分かりましたよ！,
scene_demo_scenes_mbu_s0_sh_walkthrough_6dfb3bdc59755e008ecd3c5f76c94225.bundle,看顯示器,Say,ミン･ツァイ,15,急に怒ってどうしたんすか？読んで欲しくないなら読まないっすよ。,
scene_demo_scenes_mbu_s0_sh_walkthrough_6dfb3bdc59755e008ecd3c5f76c94225.bundle,看顯示器,Say,ミン･ツァイ,16,急にどうしたんすか？どうして読んじゃいけないっすか？,
scene_demo_scenes_mbu_s0_sh_walkthrough_6dfb3bdc59755e008ecd3c5f76c94225.bundle,看顯示器,Branch,#Simple,3,俺のプライベート情報が載ってるから。,
scene_demo_scenes_mbu_s0_sh_walkthrough_6dfb3bdc59755e008ecd3c5f76c94225.bundle,看顯示器,Say,ミン･ツァイ,17,ああ、そうっすか。,
scene_demo_scenes_mbu_s0_sh_walkthrough_6dfb3bdc59755e008ecd3c5f76c94225.bundle,看顯示器,Say,ミン･ツァイ,18,すみません、失礼しました。,
scene_demo_scenes_mbu_s0_sh_walkthrough_6dfb3bdc59755e008ecd3c5f76c94225.bundle,看顯示器,Say,ミン･ツァイ,19,じゃ……今は？,
scene_demo_scenes_mbu_s0_sh_walkthrough_6dfb3bdc59755e008ecd3c5f76c94225.bundle,看顯示器,Branch,#Simple,4,とりあえず読むな！他のことはどうでもいい。,
scene_demo_scenes_mbu_s0_sh_walkthrough_6dfb3bdc59755e008ecd3c5f76c94225.bundle,看顯示器,Say,ミン･ツァイ,20,……,
scene_demo_scenes_mbu_s0_sh_walkthrough_6dfb3bdc59755e008ecd3c5f76c94225.bundle,看顯示器,Say,ミン･ツァイ,21,何か見せてほしくないことであるんすか？,
scene_demo_scenes_mbu_s0_sh_walkthrough_6dfb3bdc59755e008ecd3c5f76c94225.bundle,看顯示器,Say,ミン･ツァイ,22,まさか弟に関係することっすか！？,
scene_demo_scenes_mbu_s0_sh_walkthrough_6dfb3bdc59755e008ecd3c5f76c94225.bundle,看顯示器,Branch,#Simple,5,俺のプライベート情報が載ってるんだ。,
scene_demo_scenes_mbu_s0_sh_walkthrough_6dfb3bdc59755e008ecd3c5f76c94225.bundle,看顯示器,Branch,#Simple,6,……,
scene_demo_scenes_mbu_s0_sh_walkthrough_6dfb3bdc59755e008ecd3c5f76c94225.bundle,看顯示器,Branch,#Simple,7,……,
scene_demo_scenes_mbu_s0_sh_walkthrough_6dfb3bdc59755e008ecd3c5f76c94225.bundle,看顯示器,Say,ミン･ツァイ,23,……,
scene_demo_scenes_mbu_s0_sh_walkthrough_6dfb3bdc59755e008ecd3c5f76c94225.bundle,看顯示器,Say,ミン･ツァイ,24,……,
scene_demo_scenes_mbu_s0_sh_walkthrough_6dfb3bdc59755e008ecd3c5f76c94225.bundle,看顯示器,Say,ミン･ツァイ,25,……兄貴？,
scene_demo_scenes_mbu_s0_sh_walkthrough_6dfb3bdc59755e008ecd3c5f76c94225.bundle,看顯示器,Say,ミン･ツァイ,26,<color=#F36B6C>弟が……死んでるって書いてあるけど。</color>,
scene_demo_scenes_mbu_s0_sh_walkthrough_6dfb3bdc59755e008ecd3c5f76c94225.bundle,看顯示器,Branch,#Simple,8,さっきとは表示が違ったんだ。,
scene_demo_scenes_mbu_s0_sh_walkthrough_6dfb3bdc59755e008ecd3c5f76c94225.bundle,看顯示器,Say,ミン･ツァイ,27,……もういい。,
scene_demo_scenes_mbu_s0_sh_walkthrough_6dfb3bdc59755e008ecd3c5f76c94225.bundle,看顯示器,Branch,#Simple,9,ただの表示ミスだろう。,
scene_demo_scenes_mbu_s0_sh_walkthrough_6dfb3bdc59755e008ecd3c5f76c94225.bundle,看顯示器,Say,ミン･ツァイ,28,……,
scene_demo_scenes_mbu_s0_sh_walkthrough_6dfb3bdc59755e008ecd3c5f76c94225.bundle,看顯示器,Say,ミン･ツァイ,29,それを信じろと……？,
scene_demo_scenes_mbu_s0_sh_walkthrough_6dfb3bdc59755e008ecd3c5f76c94225.bundle,看顯示器,Branch,#Simple,10,……,
scene_demo_scenes_mbu_s0_sh_walkthrough_6dfb3bdc59755e008ecd3c5f76c94225.bundle,看顯示器,Say,ミン･ツァイ,30,……,
scene_demo_scenes_mbu_s0_sh_walkthrough_6dfb3bdc59755e008ecd3c5f76c94225.bundle,看顯示器,Say,ミン･ツァイ,31,兄貴は最初から分かってたんすよね。,
scene_demo_scenes_mbu_s0_sh_walkthrough_6dfb3bdc59755e008ecd3c5f76c94225.bundle,看顯示器,Say,心の声,0,心の準備ができてから話そうと思ってたが、ただ……,
scene_demo_scenes_mbu_s0_sh_walkthrough_6dfb3bdc59755e008ecd3c5f76c94225.bundle,看顯示器,Say,ミン･ツァイ,32,どうして騙したんすか？,
scene_demo_scenes_mbu_s0_sh_walkthrough_6dfb3bdc59755e008ecd3c5f76c94225.bundle,看顯示器,Branch,#Simple,11,お前が目覚めたばかりで、まだ混乱して受け入れられないじゃないかなって……,
scene_demo_scenes_mbu_s0_sh_walkthrough_6dfb3bdc59755e008ecd3c5f76c94225.bundle,看顯示器,Say,ミン･ツァイ,33,……受け入れる？,
scene_demo_scenes_mbu_s0_sh_walkthrough_6dfb3bdc59755e008ecd3c5f76c94225.bundle,看顯示器,Say,ミン･ツァイ,34,……,
scene_demo_scenes_mbu_s0_sh_walkthrough_6dfb3bdc59755e008ecd3c5f76c94225.bundle,看顯示器,Say,ミン･ツァイ,35,どうやって受け入れろって言うんすか！,
scene_demo_scenes_mbu_s0_sh_walkthrough_6dfb3bdc59755e008ecd3c5f76c94225.bundle,看顯示器,Say,ミン･ツァイ,36,俺の弟ですよ！？,
scene_demo_scenes_mbu_s0_sh_walkthrough_6dfb3bdc59755e008ecd3c5f76c94225.bundle,看顯示器,Say,ミン･ツァイ,37,そうして！？,
scene_demo_scenes_mbu_s0_sh_walkthrough_6dfb3bdc59755e008ecd3c5f76c94225.bundle,看顯示器,Say,ミン･ツァイ,38,……,
scene_demo_scenes_mbu_s0_sh_walkthrough_6dfb3bdc59755e008ecd3c5f76c94225.bundle,看顯示器,Say,ミン･ツァイ,39,医者に会わせて、弟の様子が知りたいっす。,
scene_demo_scenes_mbu_s0_sh_walkthrough_6dfb3bdc59755e008ecd3c5f76c94225.bundle,看顯示器,Say,ミン･ツァイ,40,俺は……自分の目で確認しないといけないっす。,
scene_demo_scenes_mbu_s0_sh_walkthrough_6dfb3bdc59755e008ecd3c5f76c94225.bundle,看顯示器,Branch,#Simple,12,頼む、今はここに残ってくれ。,
scene_demo_scenes_mbu_s0_sh_walkthrough_6dfb3bdc59755e008ecd3c5f76c94225.bundle,看顯示器,Say,ミン･ツァイ,41,もし弟が本当に死んでたら！,
scene_demo_scenes_mbu_s0_sh_walkthrough_6dfb3bdc59755e008ecd3c5f76c94225.bundle,看顯示器,Branch,#Simple,13,……,
scene_demo_scenes_mbu_s0_sh_walkthrough_6dfb3bdc59755e008ecd3c5f76c94225.bundle,看顯示器,Say,ミン･ツァイ,42,……,
scene_demo_scenes_mbu_s0_sh_walkthrough_6dfb3bdc59755e008ecd3c5f76c94225.bundle,看顯示器,Say,ミン･ツァイ,43,これだけか……,
scene_demo_scenes_mbu_s0_sh_walkthrough_6dfb3bdc59755e008ecd3c5f76c94225.bundle,看顯示器,Branch,#Simple,14,冷静になってくれ。,
scene_demo_scenes_mbu_s0_sh_walkthrough_6dfb3bdc59755e008ecd3c5f76c94225.bundle,看顯示器,Say,ミン･ツァイ,44,俺を疑ってるんすか？,
scene_demo_scenes_mbu_s0_sh_walkthrough_6dfb3bdc59755e008ecd3c5f76c94225.bundle,看顯示器,Say,ミン･ツァイ,45,大切な人を死ぬと、俺が感情を制御できないから！？,
scene_demo_scenes_mbu_s0_sh_walkthrough_6dfb3bdc59755e008ecd3c5f76c94225.bundle,看顯示器,Say,ミン･ツァイ,46,<color=#F36B6C>俺はただの足手まといだから！？</color>,
scene_demo_scenes_mbu_s0_sh_walkthrough_6dfb3bdc59755e008ecd3c5f76c94225.bundle,看顯示器,Say,ミン･ツァイ,47,<color=#F36B6C>自分のことすらコントロールできない役立たずだから？</color>,
scene_demo_scenes_mbu_s0_sh_walkthrough_6dfb3bdc59755e008ecd3c5f76c94225.bundle,看顯示器,Say,ミン･ツァイ,48,シンが俺にとってどんなに重要か、分かってるはずだろう！,
scene_demo_scenes_mbu_s0_sh_walkthrough_6dfb3bdc59755e008ecd3c5f76c94225.bundle,看顯示器,Say,ミン･ツァイ,49,兄貴はいつも上から偉そうに……,
scene_demo_scenes_mbu_s0_sh_walkthrough_6dfb3bdc59755e008ecd3c5f76c94225.bundle,看顯示器,Say,ミン･ツァイ,50,このっ……,
scene_demo_scenes_mbu_s0_sh_walkthrough_6dfb3bdc59755e008ecd3c5f76c94225.bundle,看顯示器,Say,ミン･ツァイ,51,えっ？,
scene_demo_scenes_mbu_s0_sh_walkthrough_6dfb3bdc59755e008ecd3c5f76c94225.bundle,看顯示器,Say,ミン･ツァイ,52,モニターがこっちに移動された？,
scene_demo_scenes_mbu_s0_sh_walkthrough_6dfb3bdc59755e008ecd3c5f76c94225.bundle,看顯示器,Say,ミン･ツァイ,53,でも電源が切れているみたい……？,
scene_demo_scenes_mbu_s0_sh_walkthrough_6dfb3bdc59755e008ecd3c5f76c94225.bundle,看顯示器,Say,ミン･ツァイ,54,弟の状況が見れると思ったのに。,
scene_demo_scenes_mbu_s0_sh_walkthrough_6dfb3bdc59755e008ecd3c5f76c94225.bundle,看顯示器,Say,ミン･ツァイ,55,兄貴。,
scene_demo_scenes_mbu_s0_sh_walkthrough_6dfb3bdc59755e008ecd3c5f76c94225.bundle,看顯示器,Say,ミン･ツァイ,56,俺らが安全なら、今はどうするべきっすか？,
scene_demo_scenes_mbu_s0_sh_walkthrough_6dfb3bdc59755e008ecd3c5f76c94225.bundle,再試一次控制器(真),Say,病室制御端末,0,パスワードが間違っていたため、ロックされました。,
scene_demo_scenes_mbu_s0_sh_walkthrough_6dfb3bdc59755e008ecd3c5f76c94225.bundle,再試一次控制器(真),Say,ミン･ツァイ,0,え！？,
scene_demo_scenes_mbu_s0_sh_walkthrough_6dfb3bdc59755e008ecd3c5f76c94225.bundle,再試一次控制器(真),Say,ミン･ツァイ,1,兄貴、俺を騙してたんすか？,
scene_demo_scenes_mbu_s0_sh_walkthrough_6dfb3bdc59755e008ecd3c5f76c94225.bundle,再試一次控制器(真),Say,ミン･ツァイ,2,どうしてっすか？こんなの、別に俺を騙す必要はないでしょう？,
scene_demo_scenes_mbu_s0_sh_walkthrough_6dfb3bdc59755e008ecd3c5f76c94225.bundle,再試一次控制器(真),Say,ミン･ツァイ,3,まさか恥ずかしいからって嘘をついてたんすか？,
scene_demo_scenes_mbu_s0_sh_walkthrough_6dfb3bdc59755e008ecd3c5f76c94225.bundle,再試一次控制器(真),Say,ミン･ツァイ,4,さっきまであんなに自信満々だったで、俺が混乱してたのに。,
scene_demo_scenes_mbu_s0_sh_walkthrough_6dfb3bdc59755e008ecd3c5f76c94225.bundle,再試一次控制器(真),Say,ミン･ツァイ,5,頭をぶつけたから、変な幻でも見てたと思った……,
scene_demo_scenes_mbu_s0_sh_walkthrough_6dfb3bdc59755e008ecd3c5f76c94225.bundle,再試一次控制器(真),Say,ミン･ツァイ,6,俺はバカだな！,
scene_demo_scenes_mbu_s0_sh_walkthrough_6dfb3bdc59755e008ecd3c5f76c94225.bundle,再試一次控制器(真),Branch,#Simple,0,すまん、俺が悪かった。,
scene_demo_scenes_mbu_s0_sh_walkthrough_6dfb3bdc59755e008ecd3c5f76c94225.bundle,再試一次控制器(真),Say,ミン･ツァイ,7,……いいっすよ。,
scene_demo_scenes_mbu_s0_sh_walkthrough_6dfb3bdc59755e008ecd3c5f76c94225.bundle,再試一次控制器(真),Say,ミン･ツァイ,8,大丈夫っす。,
scene_demo_scenes_mbu_s0_sh_walkthrough_6dfb3bdc59755e008ecd3c5f76c94225.bundle,再試一次控制器(真),Say,ミン･ツァイ,9,人間だから、仕方ないっすよ……,
scene_demo_scenes_mbu_s0_sh_walkthrough_6dfb3bdc59755e008ecd3c5f76c94225.bundle,再試一次控制器(真),Branch,#Simple,1,正しく入れたはずだ！,
scene_demo_scenes_mbu_s0_sh_walkthrough_6dfb3bdc59755e008ecd3c5f76c94225.bundle,再試一次控制器(真),Say,ミン･ツァイ,10,兄貴、まだ諦めないっすか……？,
scene_demo_scenes_mbu_s0_sh_walkthrough_6dfb3bdc59755e008ecd3c5f76c94225.bundle,再試一次控制器(真),Say,ミン･ツァイ,11,わ、分かりましたよ！,
scene_demo_scenes_mbu_s0_sh_walkthrough_6dfb3bdc59755e008ecd3c5f76c94225.bundle,再試一次控制器(真),Say,ミン･ツァイ,12,兄貴の言う通りにするから。,
scene_demo_scenes_mbu_s0_sh_walkthrough_6dfb3bdc59755e008ecd3c5f76c94225.bundle,再試一次控制器(真),Say,ミン･ツァイ,13,……,
scene_demo_scenes_mbu_s0_sh_walkthrough_6dfb3bdc59755e008ecd3c5f76c94225.bundle,再試一次控制器(真),Say,ミン･ツァイ,14,とりあえず兄貴、まず座りましょう。端末がロックされたら頑張っても仕方ないっす。,
scene_demo_scenes_mbu_s0_sh_walkthrough_6dfb3bdc59755e008ecd3c5f76c94225.bundle,再試一次控制器(真),Say,病室制御端末,1,使う機能を選択してください。,
scene_demo_scenes_mbu_s0_sh_walkthrough_6dfb3bdc59755e008ecd3c5f76c94225.bundle,再試一次控制器(真),Branch,#Simple,2,扉を開ける,
scene_demo_scenes_mbu_s0_sh_walkthrough_6dfb3bdc59755e008ecd3c5f76c94225.bundle,再試一次控制器(真),Branch,#Simple,3,カルテを調べる,
scene_demo_scenes_mbu_s0_sh_walkthrough_6dfb3bdc59755e008ecd3c5f76c94225.bundle,再試一次控制器(真),Branch,#Simple,4,その他,
scene_demo_scenes_mbu_s0_sh_walkthrough_6dfb3bdc59755e008ecd3c5f76c94225.bundle,再試一次控制器(真),Say,病室制御端末,2,システム異常、スタッフに連絡してください。,
scene_demo_scenes_mbu_s0_sh_walkthrough_6dfb3bdc59755e008ecd3c5f76c94225.bundle,再試一次控制器(真),Say,ミン･ツァイ,15,ふむ……本当に故障してるみたいっすね。,
scene_demo_scenes_mbu_s0_sh_walkthrough_6dfb3bdc59755e008ecd3c5f76c94225.bundle,再試一次控制器(真),Say,ミン･ツァイ,16,兄貴、適当にタップしてみてよ。,
scene_demo_scenes_mbu_s0_sh_walkthrough_6dfb3bdc59755e008ecd3c5f76c94225.bundle,再試一次控制器(真),Say,病室制御端末,3,メインページに戻ります。,
scene_demo_scenes_mbu_s0_sh_walkthrough_6dfb3bdc59755e008ecd3c5f76c94225.bundle,再試一次控制器(真),Say,病室制御端末,4,使う機能を選択してください。,
scene_demo_scenes_mbu_s0_sh_walkthrough_6dfb3bdc59755e008ecd3c5f76c94225.bundle,再試一次控制器(真),Branch,#Simple,5,扉を開ける,
scene_demo_scenes_mbu_s0_sh_walkthrough_6dfb3bdc59755e008ecd3c5f76c94225.bundle,再試一次控制器(真),Branch,#Simple,6,カルテを調べる,
scene_demo_scenes_mbu_s0_sh_walkthrough_6dfb3bdc59755e008ecd3c5f76c94225.bundle,再試一次控制器(真),Branch,#Simple,7,その他,
scene_demo_scenes_mbu_s0_sh_walkthrough_6dfb3bdc59755e008ecd3c5f76c94225.bundle,再試一次控制器(真),Say,病室制御端末,5,システム異常、ご自身の責任を果たしてください。,
scene_demo_scenes_mbu_s0_sh_walkthrough_6dfb3bdc59755e008ecd3c5f76c94225.bundle,再試一次控制器(真),Say,ミン･ツァイ,17,責任？,
scene_demo_scenes_mbu_s0_sh_walkthrough_6dfb3bdc59755e008ecd3c5f76c94225.bundle,再試一次控制器(真),Say,ミン･ツァイ,18,どういうことっすか？,
scene_demo_scenes_mbu_s0_sh_walkthrough_6dfb3bdc59755e008ecd3c5f76c94225.bundle,再試一次控制器(真),Say,ミン･ツァイ,19,兄貴、もうっかい試してみてください！,
scene_demo_scenes_mbu_s0_sh_walkthrough_6dfb3bdc59755e008ecd3c5f76c94225.bundle,再試一次控制器(真),Say,病室制御端末,6,メインページに戻ります。,
scene_demo_scenes_mbu_s0_sh_walkthrough_6dfb3bdc59755e008ecd3c5f76c94225.bundle,再試一次控制器(真),Say,病室制御端末,7,使う機能を選択してください。,
scene_demo_scenes_mbu_s0_sh_walkthrough_6dfb3bdc59755e008ecd3c5f76c94225.bundle,再試一次控制器(真),Branch,#Simple,8,扉を開ける,
scene_demo_scenes_mbu_s0_sh_walkthrough_6dfb3bdc59755e008ecd3c5f76c94225.bundle,再試一次控制器(真),Branch,#Simple,9,カルテを調べる,
scene_demo_scenes_mbu_s0_sh_walkthrough_6dfb3bdc59755e008ecd3c5f76c94225.bundle,再試一次控制器(真),Branch,#Simple,10,その他,
scene_demo_scenes_mbu_s0_sh_walkthrough_6dfb3bdc59755e008ecd3c5f76c94225.bundle,再試一次控制器(真),Say,病室制御端末,8,し……使用者……,
scene_demo_scenes_mbu_s0_sh_walkthrough_6dfb3bdc59755e008ecd3c5f76c94225.bundle,再試一次控制器(真),Say,病室制御端末,9,任された業務を行い、時間を無駄にしないでください。,
scene_demo_scenes_mbu_s0_sh_walkthrough_6dfb3bdc59755e008ecd3c5f76c94225.bundle,再試一次控制器(真),Say,病室制御端末,10,最終警告です。,
scene_demo_scenes_mbu_s0_sh_walkthrough_6dfb3bdc59755e008ecd3c5f76c94225.bundle,再試一次控制器(真),Say,ミン･ツァイ,20,……な、なんだ？,
scene_demo_scenes_mbu_s0_sh_walkthrough_6dfb3bdc59755e008ecd3c5f76c94225.bundle,再試一次控制器(真),Say,ミン･ツァイ,21,なんか、話をかけられてるみたいけど。,
scene_demo_scenes_mbu_s0_sh_walkthrough_6dfb3bdc59755e008ecd3c5f76c94225.bundle,再試一次控制器(真),Say,ミン･ツァイ,22,デフォルト音声か？,
scene_demo_scenes_mbu_s0_sh_walkthrough_6dfb3bdc59755e008ecd3c5f76c94225.bundle,再試一次控制器(真),Say,ミン･ツァイ,23,……しかも変わってるし、このまま試せば何かが分かるかもしれないっすね。,
scene_demo_scenes_mbu_s0_sh_walkthrough_6dfb3bdc59755e008ecd3c5f76c94225.bundle,再試一次控制器(真),Branch,#Simple,11,シャットダウン,
scene_demo_scenes_mbu_s0_sh_walkthrough_6dfb3bdc59755e008ecd3c5f76c94225.bundle,再試一次控制器(真),Say,病室制御端末,11,シャットダウンします。,
scene_demo_scenes_mbu_s0_sh_walkthrough_6dfb3bdc59755e008ecd3c5f76c94225.bundle,再試一次控制器(真),Say,ミン･ツァイ,24,え！？止めるんすか？,
scene_demo_scenes_mbu_s0_sh_walkthrough_6dfb3bdc59755e008ecd3c5f76c94225.bundle,再試一次控制器(真),Say,ミン･ツァイ,25,確かに……このままじゃどうにもならないと思うし。,
scene_demo_scenes_mbu_s0_sh_walkthrough_6dfb3bdc59755e008ecd3c5f76c94225.bundle,再試一次控制器(真),Say,ミン･ツァイ,26,諦めた方がいいか……,
scene_demo_scenes_mbu_s0_sh_walkthrough_6dfb3bdc59755e008ecd3c5f76c94225.bundle,再試一次控制器(真),Say,ミン･ツァイ,27,兄貴、まず座ってください……,
scene_demo_scenes_mbu_s0_sh_walkthrough_6dfb3bdc59755e008ecd3c5f76c94225.bundle,再試一次控制器(真),Say,病室制御端末,12,メインページに戻ります。,
scene_demo_scenes_mbu_s0_sh_walkthrough_6dfb3bdc59755e008ecd3c5f76c94225.bundle,再試一次控制器(真),Say,病室制御端末,13,使う機能を選択してください。,
scene_demo_scenes_mbu_s0_sh_walkthrough_6dfb3bdc59755e008ecd3c5f76c94225.bundle,再試一次控制器(真),Branch,#Simple,12,扉を開ける,
scene_demo_scenes_mbu_s0_sh_walkthrough_6dfb3bdc59755e008ecd3c5f76c94225.bundle,再試一次控制器(真),Branch,#Simple,13,カルテを調べる,
scene_demo_scenes_mbu_s0_sh_walkthrough_6dfb3bdc59755e008ecd3c5f76c94225.bundle,再試一次控制器(真),Branch,#Simple,14,その他,
scene_demo_scenes_mbu_s0_sh_walkthrough_6dfb3bdc59755e008ecd3c5f76c94225.bundle,再試一次控制器(真),Say,病室制御端末,14,システムをシャットダウンします。,
scene_demo_scenes_mbu_s0_sh_walkthrough_6dfb3bdc59755e008ecd3c5f76c94225.bundle,再試一次控制器(真),Say,ミン･ツァイ,28,兄貴？シャットダウンしたんすか？,
scene_demo_scenes_mbu_s0_sh_walkthrough_6dfb3bdc59755e008ecd3c5f76c94225.bundle,再試一次控制器(真),Branch,#Simple,15,いや。,
scene_demo_scenes_mbu_s0_sh_walkthrough_6dfb3bdc59755e008ecd3c5f76c94225.bundle,再試一次控制器(真),Say,ミン･ツァイ,29,え……じゃどうして？,
scene_demo_scenes_mbu_s0_sh_walkthrough_6dfb3bdc59755e008ecd3c5f76c94225.bundle,再試一次控制器(真),Say,ミン･ツァイ,30,ほ、本当に故障してるみたいっすね。,
scene_demo_scenes_mbu_s0_sh_walkthrough_6dfb3bdc59755e008ecd3c5f76c94225.bundle,再試一次控制器(真),Say,ミン･ツァイ,31,しょうがないか……,
scene_demo_scenes_mbu_s0_sh_walkthrough_6dfb3bdc59755e008ecd3c5f76c94225.bundle,再試一次控制器(真),Say,ミン･ツァイ,32,とりあえず兄貴、座ってまた考えましょう。,
scene_demo_scenes_mbu_s0_sh_walkthrough_6dfb3bdc59755e008ecd3c5f76c94225.bundle,再試一次控制器(真),Branch,#Simple,16,ああ、もう続ける必要はない。,
scene_demo_scenes_mbu_s0_sh_walkthrough_6dfb3bdc59755e008ecd3c5f76c94225.bundle,再試一次控制器(真),Branch,#Simple,17,シャットダウン,
scene_demo_scenes_mbu_s0_sh_walkthrough_6dfb3bdc59755e008ecd3c5f76c94225.bundle,再試一次控制器(真),Say,病室制御端末,15,シャットダウンします。,
scene_demo_scenes_mbu_s0_sh_walkthrough_6dfb3bdc59755e008ecd3c5f76c94225.bundle,再試一次控制器(真),Say,ミン･ツァイ,33,え！？止めるんすか？,
scene_demo_scenes_mbu_s0_sh_walkthrough_6dfb3bdc59755e008ecd3c5f76c94225.bundle,再試一次控制器(真),Say,ミン･ツァイ,34,確かに……このままじゃどうにもならないと思うし。,
scene_demo_scenes_mbu_s0_sh_walkthrough_6dfb3bdc59755e008ecd3c5f76c94225.bundle,再試一次控制器(真),Say,ミン･ツァイ,35,諦めた方がいいか……,
scene_demo_scenes_mbu_s0_sh_walkthrough_6dfb3bdc59755e008ecd3c5f76c94225.bundle,再試一次控制器(真),Say,ミン･ツァイ,36,兄貴、まず座ってください……,
scene_demo_scenes_mbu_s0_sh_walkthrough_6dfb3bdc59755e008ecd3c5f76c94225.bundle,過去校準者那裏後,Say,校合者,0,任務以外のことはするな。,
scene_demo_scenes_mbu_s0_sh_walkthrough_6dfb3bdc59755e008ecd3c5f76c94225.bundle,過去校準者那裏後,Say,校合者,1,欲しい情報がまだ手に入れられていない。お前は何をしている？,
scene_demo_scenes_mbu_s0_sh_walkthrough_6dfb3bdc59755e008ecd3c5f76c94225.bundle,過去校準者那裏後,Say,心の声,0,この人……この場所……,
scene_demo_scenes_mbu_s0_sh_walkthrough_6dfb3bdc59755e008ecd3c5f76c94225.bundle,過去校準者那裏後,Branch,#Simple,0,ここはどこ？お前は何者だ？,
scene_demo_scenes_mbu_s0_sh_walkthrough_6dfb3bdc59755e008ecd3c5f76c94225.bundle,過去校準者那裏後,Branch,#Simple,1,任務？,
scene_demo_scenes_mbu_s0_sh_walkthrough_6dfb3bdc59755e008ecd3c5f76c94225.bundle,過去校準者那裏後,Say,校合者,2,……,
scene_demo_scenes_mbu_s0_sh_walkthrough_6dfb3bdc59755e008ecd3c5f76c94225.bundle,過去校準者那裏後,Say,校合者,3,亥-3、どういうことだ？,
scene_demo_scenes_mbu_s0_sh_walkthrough_6dfb3bdc59755e008ecd3c5f76c94225.bundle,過去校準者那裏後,Say,校合者,4,このM.B.U.、明らかに記憶が錯乱している。,
scene_demo_scenes_mbu_s0_sh_walkthrough_6dfb3bdc59755e008ecd3c5f76c94225.bundle,過去校準者那裏後,Say,構築者,0,識別番号を教えてください。,
scene_demo_scenes_mbu_s0_sh_walkthrough_6dfb3bdc59755e008ecd3c5f76c94225.bundle,過去校準者那裏後,Say,校合者,5,……戦闘型、TA-7、サイレンサーだ。,
scene_demo_scenes_mbu_s0_sh_walkthrough_6dfb3bdc59755e008ecd3c5f76c94225.bundle,過去校準者那裏後,Say,構築者,1,……,
scene_demo_scenes_mbu_s0_sh_walkthrough_6dfb3bdc59755e008ecd3c5f76c94225.bundle,過去校準者那裏後,Say,構築者,2,……,
scene_demo_scenes_mbu_s0_sh_walkthrough_6dfb3bdc59755e008ecd3c5f76c94225.bundle,過去校準者那裏後,Say,校合者,6,識別番号を伝えたはずだ。答えを。,
scene_demo_scenes_mbu_s0_sh_walkthrough_6dfb3bdc59755e008ecd3c5f76c94225.bundle,過去校準者那裏後,Say,構築者,3,……,
scene_demo_scenes_mbu_s0_sh_walkthrough_6dfb3bdc59755e008ecd3c5f76c94225.bundle,過去校準者那裏後,Say,構築者,4,……今のすべての戦闘型M.B.U.に、この状況になる可能性があるとしか言えません。,
scene_demo_scenes_mbu_s0_sh_walkthrough_6dfb3bdc59755e008ecd3c5f76c94225.bundle,過去校準者那裏後,Say,校合者,7,理由は？,
scene_demo_scenes_mbu_s0_sh_walkthrough_6dfb3bdc59755e008ecd3c5f76c94225.bundle,過去校準者那裏後,Say,構築者,5,彼らのポットは最初にレベルダウンされたものでした。何せ彼らは短期間の活動しか想定されていませんでしたから。,
scene_demo_scenes_mbu_s0_sh_walkthrough_6dfb3bdc59755e008ecd3c5f76c94225.bundle,過去校準者那裏後,Say,構築者,6,知力と記憶の安定性は下げてもいいと判定されましたので……,
scene_demo_scenes_mbu_s0_sh_walkthrough_6dfb3bdc59755e008ecd3c5f76c94225.bundle,過去校準者那裏後,Say,校合者,8,つまり、13部門が不良品を寄越したのか？,
scene_demo_scenes_mbu_s0_sh_walkthrough_6dfb3bdc59755e008ecd3c5f76c94225.bundle,過去校準者那裏後,Say,構築者,7,しょうがないことです……使えるM.B.U.の数が限られていまして……,
scene_demo_scenes_mbu_s0_sh_walkthrough_6dfb3bdc59755e008ecd3c5f76c94225.bundle,過去校準者那裏後,Say,構築者,8,<color=#88D8E3>フクロウ</color>に見つかってから、状況はさらに……,
scene_demo_scenes_mbu_s0_sh_walkthrough_6dfb3bdc59755e008ecd3c5f76c94225.bundle,過去校準者那裏後,Say,校合者,9,だからこのM.B.U.は何も分かっていないのか？,
scene_demo_scenes_mbu_s0_sh_walkthrough_6dfb3bdc59755e008ecd3c5f76c94225.bundle,過去校準者那裏後,Say,構築者,9,基本的な言語性能と肉体を操る能力は備わっていますが……,
scene_demo_scenes_mbu_s0_sh_walkthrough_6dfb3bdc59755e008ecd3c5f76c94225.bundle,過去校準者那裏後,Say,構築者,10,……仰る通りです。,
scene_demo_scenes_mbu_s0_sh_walkthrough_6dfb3bdc59755e008ecd3c5f76c94225.bundle,過去校準者那裏後,Say,校合者,10,……,
scene_demo_scenes_mbu_s0_sh_walkthrough_6dfb3bdc59755e008ecd3c5f76c94225.bundle,過去校準者那裏後,Say,校合者,11,……もういい。,
scene_demo_scenes_mbu_s0_sh_walkthrough_6dfb3bdc59755e008ecd3c5f76c94225.bundle,過去校準者那裏後,Say,構築者,11,お気に召さないなら、私は……,
scene_demo_scenes_mbu_s0_sh_walkthrough_6dfb3bdc59755e008ecd3c5f76c94225.bundle,過去校準者那裏後,Say,校合者,12,もういいと言っている。,
scene_demo_scenes_mbu_s0_sh_walkthrough_6dfb3bdc59755e008ecd3c5f76c94225.bundle,過去校準者那裏後,Say,構築者,12,……,
scene_demo_scenes_mbu_s0_sh_walkthrough_6dfb3bdc59755e008ecd3c5f76c94225.bundle,過去校準者那裏後,Say,構築者,13,分かりました。,
scene_demo_scenes_mbu_s0_sh_walkthrough_6dfb3bdc59755e008ecd3c5f76c94225.bundle,過去校準者那裏後,Say,校合者,13,それとだ。,
scene_demo_scenes_mbu_s0_sh_walkthrough_6dfb3bdc59755e008ecd3c5f76c94225.bundle,過去校準者那裏後,Say,校合者,14,シミュレーションルームに私が必要としている実験装置が置いてあったが？,
scene_demo_scenes_mbu_s0_sh_walkthrough_6dfb3bdc59755e008ecd3c5f76c94225.bundle,過去校準者那裏後,Say,校合者,15,理由はなんだ？,
scene_demo_scenes_mbu_s0_sh_walkthrough_6dfb3bdc59755e008ecd3c5f76c94225.bundle,過去校準者那裏後,Say,構築者,14,何の事を仰っているのですか……？,
scene_demo_scenes_mbu_s0_sh_walkthrough_6dfb3bdc59755e008ecd3c5f76c94225.bundle,過去校準者那裏後,Say,校合者,16,棚の上の<color=#88D8E3>注射器</color>のことだ。お前らが仕込んだものだな？,
scene_demo_scenes_mbu_s0_sh_walkthrough_6dfb3bdc59755e008ecd3c5f76c94225.bundle,過去校準者那裏後,Say,構築者,15,……はい。,
scene_demo_scenes_mbu_s0_sh_walkthrough_6dfb3bdc59755e008ecd3c5f76c94225.bundle,過去校準者那裏後,Say,校合者,17,理由は？,
scene_demo_scenes_mbu_s0_sh_walkthrough_6dfb3bdc59755e008ecd3c5f76c94225.bundle,過去校準者那裏後,Say,構築者,16,あれは……前回の改造手術で残したものです。,
scene_demo_scenes_mbu_s0_sh_walkthrough_6dfb3bdc59755e008ecd3c5f76c94225.bundle,過去校準者那裏後,Say,校合者,18,シミュレーションルームに忘れものをしたと？,
scene_demo_scenes_mbu_s0_sh_walkthrough_6dfb3bdc59755e008ecd3c5f76c94225.bundle,過去校準者那裏後,Say,構築者,17,すぐ対処致します……,
scene_demo_scenes_mbu_s0_sh_walkthrough_6dfb3bdc59755e008ecd3c5f76c94225.bundle,過去校準者那裏後,Say,校合者,19,もういい、ここから出てけ。,
scene_demo_scenes_mbu_s0_sh_walkthrough_6dfb3bdc59755e008ecd3c5f76c94225.bundle,過去校準者那裏後,Say,構築者,18,……,
scene_demo_scenes_mbu_s0_sh_walkthrough_6dfb3bdc59755e008ecd3c5f76c94225.bundle,過去校準者那裏後,Say,構築者,19,分かりました。,
scene_demo_scenes_mbu_s0_sh_walkthrough_6dfb3bdc59755e008ecd3c5f76c94225.bundle,過去校準者那裏後,Say,校合者,20,……,
scene_demo_scenes_mbu_s0_sh_walkthrough_6dfb3bdc59755e008ecd3c5f76c94225.bundle,過去校準者那裏後,Say,校合者,21,M.B.U.……お前に欠陥があると分かった今。,
scene_demo_scenes_mbu_s0_sh_walkthrough_6dfb3bdc59755e008ecd3c5f76c94225.bundle,過去校準者那裏後,Say,校合者,22,手短に話そう。,
scene_demo_scenes_mbu_s0_sh_walkthrough_6dfb3bdc59755e008ecd3c5f76c94225.bundle,過去校準者那裏後,Say,校合者,23,イアン･チョーとミン･ツァイの二人は、すでにシミュレーションルームで数日間過ごしていた。,
scene_demo_scenes_mbu_s0_sh_walkthrough_6dfb3bdc59755e008ecd3c5f76c94225.bundle,過去校準者那裏後,Say,校合者,24,二人共何度もの改造手術を受けており、お前は今イアン･チョーを意のままにコントロールできる状態だ。,
scene_demo_scenes_mbu_s0_sh_walkthrough_6dfb3bdc59755e008ecd3c5f76c94225.bundle,過去校準者那裏後,Branch,#Simple,2,コントロール？,
scene_demo_scenes_mbu_s0_sh_walkthrough_6dfb3bdc59755e008ecd3c5f76c94225.bundle,過去校準者那裏後,Say,校合者,25,ああ、お前が今にやっていたことだ。,
scene_demo_scenes_mbu_s0_sh_walkthrough_6dfb3bdc59755e008ecd3c5f76c94225.bundle,過去校準者那裏後,Say,校合者,26,だがM.B.U.として、お前はすべての人をコントロールできるわけではない。,
scene_demo_scenes_mbu_s0_sh_walkthrough_6dfb3bdc59755e008ecd3c5f76c94225.bundle,過去校準者那裏後,Say,校合者,27,それに、お前はコントロールしたい目標も選べない。,
scene_demo_scenes_mbu_s0_sh_walkthrough_6dfb3bdc59755e008ecd3c5f76c94225.bundle,過去校準者那裏後,Say,校合者,28,お前らM.B.U.は、改造された対象にのみ「憑依」できる。,
scene_demo_scenes_mbu_s0_sh_walkthrough_6dfb3bdc59755e008ecd3c5f76c94225.bundle,過去校準者那裏後,Say,校合者,29,その対象を決めるのはこっちだ。,
scene_demo_scenes_mbu_s0_sh_walkthrough_6dfb3bdc59755e008ecd3c5f76c94225.bundle,過去校準者那裏後,Say,校合者,30,お前はただの体を持たない純粋な意識である。はやめにそれを理解したようがいいだろう。,
scene_demo_scenes_mbu_s0_sh_walkthrough_6dfb3bdc59755e008ecd3c5f76c94225.bundle,過去校準者那裏後,Say,心の声,1,俺が……？,
scene_demo_scenes_mbu_s0_sh_walkthrough_6dfb3bdc59755e008ecd3c5f76c94225.bundle,過去校準者那裏後,Branch,#Simple,3,でも、俺はイアンの考えが分かる。,
scene_demo_scenes_mbu_s0_sh_walkthrough_6dfb3bdc59755e008ecd3c5f76c94225.bundle,過去校準者那裏後,Say,校合者,31,それはただの潜在意識の残留だ。気にする必要はない。,
scene_demo_scenes_mbu_s0_sh_walkthrough_6dfb3bdc59755e008ecd3c5f76c94225.bundle,過去校準者那裏後,Say,校合者,32,お前が体の主導権を握っている限り、そんなのはどうでもいい。,
scene_demo_scenes_mbu_s0_sh_walkthrough_6dfb3bdc59755e008ecd3c5f76c94225.bundle,過去校準者那裏後,Branch,#Simple,4,……,
scene_demo_scenes_mbu_s0_sh_walkthrough_6dfb3bdc59755e008ecd3c5f76c94225.bundle,過去校準者那裏後,Branch,#Simple,5,改造？,
scene_demo_scenes_mbu_s0_sh_walkthrough_6dfb3bdc59755e008ecd3c5f76c94225.bundle,過去校準者那裏後,Say,校合者,33,必要な改造を施していた。,
scene_demo_scenes_mbu_s0_sh_walkthrough_6dfb3bdc59755e008ecd3c5f76c94225.bundle,過去校準者那裏後,Say,校合者,34,お前はすべての人をコントロールできるわけではない。,
scene_demo_scenes_mbu_s0_sh_walkthrough_6dfb3bdc59755e008ecd3c5f76c94225.bundle,過去校準者那裏後,Branch,#Simple,6,……,
scene_demo_scenes_mbu_s0_sh_walkthrough_6dfb3bdc59755e008ecd3c5f76c94225.bundle,過去校準者那裏後,Say,校合者,35,お前の今の任務はその男をコントロールして、奴の立場を使って私が必要な情報を聞き出すことだ。,
scene_demo_scenes_mbu_s0_sh_walkthrough_6dfb3bdc59755e008ecd3c5f76c94225.bundle,過去校準者那裏後,Say,校合者,36,さっきの会話で、彼らは私たちが必要としている重要なものを持っていたと証明された。,
scene_demo_scenes_mbu_s0_sh_walkthrough_6dfb3bdc59755e008ecd3c5f76c94225.bundle,過去校準者那裏後,Say,校合者,37,今、そのものが<color=#E7D6A9>隠されている詳細な座標</color>を聞き出せ。,
scene_demo_scenes_mbu_s0_sh_walkthrough_6dfb3bdc59755e008ecd3c5f76c94225.bundle,過去校準者那裏後,Say,校合者,38,情報を聞き出すために、こちらからミン･ツァイを起こす。,
scene_demo_scenes_mbu_s0_sh_walkthrough_6dfb3bdc59755e008ecd3c5f76c94225.bundle,過去校準者那裏後,Say,校合者,39,理解したか？,
scene_demo_scenes_mbu_s0_sh_walkthrough_6dfb3bdc59755e008ecd3c5f76c94225.bundle,過去校準者那裏後,Branch,#Simple,7,はい。,
scene_demo_scenes_mbu_s0_sh_walkthrough_6dfb3bdc59755e008ecd3c5f76c94225.bundle,過去校準者那裏後,Say,校合者,40,よくやった。,
scene_demo_scenes_mbu_s0_sh_walkthrough_6dfb3bdc59755e008ecd3c5f76c94225.bundle,過去校準者那裏後,Branch,#Simple,8,いいえ。,
scene_demo_scenes_mbu_s0_sh_walkthrough_6dfb3bdc59755e008ecd3c5f76c94225.bundle,過去校準者那裏後,Say,校合者,41,彼らが密輸していたのは、私のところから盗んだものだった。,
scene_demo_scenes_mbu_s0_sh_walkthrough_6dfb3bdc59755e008ecd3c5f76c94225.bundle,過去校準者那裏後,Say,校合者,42,だから彼らが<color=#c2a67e>もの</color>をどこに隠したのかを聞き出せ。,
scene_demo_scenes_mbu_s0_sh_walkthrough_6dfb3bdc59755e008ecd3c5f76c94225.bundle,過去校準者那裏後,Say,校合者,43,以上だ。,
scene_demo_scenes_mbu_s0_sh_walkthrough_6dfb3bdc59755e008ecd3c5f76c94225.bundle,過去校準者那裏後,Say,校合者,44,それとだ。,
scene_demo_scenes_mbu_s0_sh_walkthrough_6dfb3bdc59755e008ecd3c5f76c94225.bundle,過去校準者那裏後,Say,校合者,45,お前は窓にあるモニターを消したようだが。,
scene_demo_scenes_mbu_s0_sh_walkthrough_6dfb3bdc59755e008ecd3c5f76c94225.bundle,過去校準者那裏後,Say,校合者,46,理由はなんだ？,
scene_demo_scenes_mbu_s0_sh_walkthrough_6dfb3bdc59755e008ecd3c5f76c94225.bundle,過去校準者那裏後,Branch,#Simple,9,とくに。,
scene_demo_scenes_mbu_s0_sh_walkthrough_6dfb3bdc59755e008ecd3c5f76c94225.bundle,過去校準者那裏後,Branch,#Simple,10,やってみただけだ。,
scene_demo_scenes_mbu_s0_sh_walkthrough_6dfb3bdc59755e008ecd3c5f76c94225.bundle,過去校準者那裏後,Say,校合者,47,……,
scene_demo_scenes_mbu_s0_sh_walkthrough_6dfb3bdc59755e008ecd3c5f76c94225.bundle,過去校準者那裏後,Say,校合者,48,ちょっと借りる。,
scene_demo_scenes_mbu_s0_sh_walkthrough_6dfb3bdc59755e008ecd3c5f76c94225.bundle,過去校準者那裏後,Say,校合者,49,……,
scene_demo_scenes_mbu_s0_sh_walkthrough_6dfb3bdc59755e008ecd3c5f76c94225.bundle,過去校準者那裏後,Say,校合者,50,ミン･ツァイのデータはここにある。,
scene_demo_scenes_mbu_s0_sh_walkthrough_6dfb3bdc59755e008ecd3c5f76c94225.bundle,過去校準者那裏後,Say,校合者,51,……見た通り、車事故で彼の8割の内臓が痛み、衰弱している。,
scene_demo_scenes_mbu_s0_sh_walkthrough_6dfb3bdc59755e008ecd3c5f76c94225.bundle,過去校準者那裏後,Say,校合者,52,今まだ動けるのは、13部門が再生器官の手術をしたからだ。,
scene_demo_scenes_mbu_s0_sh_walkthrough_6dfb3bdc59755e008ecd3c5f76c94225.bundle,過去校準者那裏後,Say,校合者,53,つまり、彼を生かすために我々だって対価を払っている。,
scene_demo_scenes_mbu_s0_sh_walkthrough_6dfb3bdc59755e008ecd3c5f76c94225.bundle,過去校準者那裏後,Say,校合者,54,私たちはただで治療を行うつもりはない。,
scene_demo_scenes_mbu_s0_sh_walkthrough_6dfb3bdc59755e008ecd3c5f76c94225.bundle,過去校準者那裏後,Say,校合者,55,だから今、2つの選択肢がある。,
scene_demo_scenes_mbu_s0_sh_walkthrough_6dfb3bdc59755e008ecd3c5f76c94225.bundle,過去校準者那裏後,Say,校合者,56,1、お前が責務を全うし、私が必要としている情報を手に入れる。,
scene_demo_scenes_mbu_s0_sh_walkthrough_6dfb3bdc59755e008ecd3c5f76c94225.bundle,過去校準者那裏後,Say,校合者,57,成功してから、ミン･ツァイの命を助けよう。それからイアン･チョーと共に、我々の駒として社会に戻す。,
scene_demo_scenes_mbu_s0_sh_walkthrough_6dfb3bdc59755e008ecd3c5f76c94225.bundle,過去校準者那裏後,Say,校合者,58,2、今すぐ彼の意識を分解し、記憶をスキャンして「もの」の場所を特定する。,
scene_demo_scenes_mbu_s0_sh_walkthrough_6dfb3bdc59755e008ecd3c5f76c94225.bundle,過去校準者那裏後,Say,校合者,59,人間にとって、意識のスキャンは死を意味する。だから俺も使える駒を失うことになる。,
scene_demo_scenes_mbu_s0_sh_walkthrough_6dfb3bdc59755e008ecd3c5f76c94225.bundle,過去校準者那裏後,Say,校合者,60,お前は不良品だったが、私はまだ期待している。,
scene_demo_scenes_mbu_s0_sh_walkthrough_6dfb3bdc59755e008ecd3c5f76c94225.bundle,過去校準者那裏後,Say,校合者,61,情報さえ聞き出してくれれば、どんな手でも使ってくれ。,
scene_demo_scenes_mbu_s0_sh_walkthrough_6dfb3bdc59755e008ecd3c5f76c94225.bundle,過去校準者那裏後,Say,校合者,62,私はすべてを見張っている。もし問題が起きたら、こちらから直ちに任務を「中止」するから。,
scene_demo_scenes_mbu_s0_sh_walkthrough_6dfb3bdc59755e008ecd3c5f76c94225.bundle,過去校準者那裏後,Branch,#Simple,11,問題とは、何のことだ？,
scene_demo_scenes_mbu_s0_sh_walkthrough_6dfb3bdc59755e008ecd3c5f76c94225.bundle,過去校準者那裏後,Say,校合者,63,目標が病室から離れようとする、または感情を制御できなくなることだ。,
scene_demo_scenes_mbu_s0_sh_walkthrough_6dfb3bdc59755e008ecd3c5f76c94225.bundle,過去校準者那裏後,Say,校合者,64,当然、私が待ちきれないと判断した場合も、任務を中止する。,
scene_demo_scenes_mbu_s0_sh_walkthrough_6dfb3bdc59755e008ecd3c5f76c94225.bundle,過去校準者那裏後,Branch,#Simple,12,「中止」とは？,
scene_demo_scenes_mbu_s0_sh_walkthrough_6dfb3bdc59755e008ecd3c5f76c94225.bundle,過去校準者那裏後,Say,校合者,65,今のお前がそんなのを言ってもしょうがない。,
scene_demo_scenes_mbu_s0_sh_walkthrough_6dfb3bdc59755e008ecd3c5f76c94225.bundle,過去校準者那裏後,Say,校合者,66,目標が病室から離れようとする、または感情を制御できなくなると、「中止」するから。,
scene_demo_scenes_mbu_s0_sh_walkthrough_6dfb3bdc59755e008ecd3c5f76c94225.bundle,過去校準者那裏後,Say,校合者,67,自分の任務にだけ専念すればいい。,
scene_demo_scenes_mbu_s0_sh_walkthrough_6dfb3bdc59755e008ecd3c5f76c94225.bundle,過去校準者那裏後,Branch,#Simple,13,……,
scene_demo_scenes_mbu_s0_sh_walkthrough_6dfb3bdc59755e008ecd3c5f76c94225.bundle,過去校準者那裏後,Say,校合者,68,準備が終わったら、私の前にある椅子に座れ。ミン･ツァイを呼び起こす。,
scene_demo_scenes_mbu_s0_sh_walkthrough_6dfb3bdc59755e008ecd3c5f76c94225.bundle,過去校準者那裏後,Say,校合者,69,始めてくれ。,
scene_demo_scenes_mbu_s0_sh_walkthrough_6dfb3bdc59755e008ecd3c5f76c94225.bundle,校準者講評,Say,校合者,0,よくやった。目的情報を手に入れたな。,
scene_demo_scenes_mbu_s0_sh_walkthrough_6dfb3bdc59755e008ecd3c5f76c94225.bundle,校準者講評,Say,校合者,1,……想像以上の働きだ。,
scene_demo_scenes_mbu_s0_sh_walkthrough_6dfb3bdc59755e008ecd3c5f76c94225.bundle,校準者講評,Branch,#Simple,0,俺、成功したのか？,
scene_demo_scenes_mbu_s0_sh_walkthrough_6dfb3bdc59755e008ecd3c5f76c94225.bundle,校準者講評,Branch,#Simple,1,彼の最後の言葉、何かおかしい。,
scene_demo_scenes_mbu_s0_sh_walkthrough_6dfb3bdc59755e008ecd3c5f76c94225.bundle,校準者講評,Say,校合者,2,そう考えるのも仕方ない。,
scene_demo_scenes_mbu_s0_sh_walkthrough_6dfb3bdc59755e008ecd3c5f76c94225.bundle,校準者講評,Say,校合者,3,ミン･ツァイが言った情報は秘密事項だ。,
scene_demo_scenes_mbu_s0_sh_walkthrough_6dfb3bdc59755e008ecd3c5f76c94225.bundle,校準者講評,Say,校合者,4,お前に理解できないように細工しといた。,
scene_demo_scenes_mbu_s0_sh_walkthrough_6dfb3bdc59755e008ecd3c5f76c94225.bundle,校準者講評,Branch,#Simple,2,……,
scene_demo_scenes_mbu_s0_sh_walkthrough_6dfb3bdc59755e008ecd3c5f76c94225.bundle,校準者講評,Say,校合者,5,……,
scene_demo_scenes_mbu_s0_sh_walkthrough_6dfb3bdc59755e008ecd3c5f76c94225.bundle,校準者講評,Say,校合者,6,情報が手に入れられたら、その男はもういらない。,
scene_demo_scenes_mbu_s0_sh_walkthrough_6dfb3bdc59755e008ecd3c5f76c94225.bundle,校準者講評,Branch,#Simple,3,話が違うぞ！,
scene_demo_scenes_mbu_s0_sh_walkthrough_6dfb3bdc59755e008ecd3c5f76c94225.bundle,校準者講評,Say,校合者,7,私がお前に何を話したかは覚えている。,
scene_demo_scenes_mbu_s0_sh_walkthrough_6dfb3bdc59755e008ecd3c5f76c94225.bundle,校準者講評,Say,校合者,8,が、今の決断を変えるつもりはない。,
scene_demo_scenes_mbu_s0_sh_walkthrough_6dfb3bdc59755e008ecd3c5f76c94225.bundle,校準者講評,Branch,#Simple,4,騙したのか！,
scene_demo_scenes_mbu_s0_sh_walkthrough_6dfb3bdc59755e008ecd3c5f76c94225.bundle,校準者講評,Say,校合者,9,私はお前と何も約束していない。,
scene_demo_scenes_mbu_s0_sh_walkthrough_6dfb3bdc59755e008ecd3c5f76c94225.bundle,校準者講評,Say,校合者,10,騙したとはならないはずだ。,
scene_demo_scenes_mbu_s0_sh_walkthrough_6dfb3bdc59755e008ecd3c5f76c94225.bundle,校準者講評,Say,校合者,11,……,
scene_demo_scenes_mbu_s0_sh_walkthrough_6dfb3bdc59755e008ecd3c5f76c94225.bundle,校準者講評,Say,校合者,12,どうやら、お前はミン･ツァイが気になるようだな。,
scene_demo_scenes_mbu_s0_sh_walkthrough_6dfb3bdc59755e008ecd3c5f76c94225.bundle,校準者講評,Branch,#Simple,5,彼とは関係ない。俺はただお前に不満を持っているだけだ。,
scene_demo_scenes_mbu_s0_sh_walkthrough_6dfb3bdc59755e008ecd3c5f76c94225.bundle,校準者講評,Say,校合者,13,なら、彼の命を助けようか？,
scene_demo_scenes_mbu_s0_sh_walkthrough_6dfb3bdc59755e008ecd3c5f76c94225.bundle,校準者講評,Branch,#Simple,6,彼を助けてくれ。,
scene_demo_scenes_mbu_s0_sh_walkthrough_6dfb3bdc59755e008ecd3c5f76c94225.bundle,校準者講評,Say,校合者,14,では、同意しよう。,
scene_demo_scenes_mbu_s0_sh_walkthrough_6dfb3bdc59755e008ecd3c5f76c94225.bundle,校準者講評,Say,校合者,15,彼は殺さない。,
scene_demo_scenes_mbu_s0_sh_walkthrough_6dfb3bdc59755e008ecd3c5f76c94225.bundle,校準者講評,Branch,#Simple,7,いや、好きにすればいい。,
scene_demo_scenes_mbu_s0_sh_walkthrough_6dfb3bdc59755e008ecd3c5f76c94225.bundle,校準者講評,Say,校合者,16,M.B.U.、よくわからない性格をしているな。,
scene_demo_scenes_mbu_s0_sh_walkthrough_6dfb3bdc59755e008ecd3c5f76c94225.bundle,校準者講評,Branch,#Simple,8,彼を助けてくれ。,
scene_demo_scenes_mbu_s0_sh_walkthrough_6dfb3bdc59755e008ecd3c5f76c94225.bundle,校準者講評,Say,校合者,17,……,
scene_demo_scenes_mbu_s0_sh_walkthrough_6dfb3bdc59755e008ecd3c5f76c94225.bundle,校準者講評,Say,校合者,18,分かった。,
scene_demo_scenes_mbu_s0_sh_walkthrough_6dfb3bdc59755e008ecd3c5f76c94225.bundle,校準者講評,Say,校合者,19,なにせ……確かに死なせないとは言っていたからな。,
scene_demo_scenes_mbu_s0_sh_walkthrough_6dfb3bdc59755e008ecd3c5f76c94225.bundle,校準者講評,Branch,#Simple,9,……,
scene_demo_scenes_mbu_s0_sh_walkthrough_6dfb3bdc59755e008ecd3c5f76c94225.bundle,校準者講評,Branch,#Simple,10,……,
scene_demo_scenes_mbu_s0_sh_walkthrough_6dfb3bdc59755e008ecd3c5f76c94225.bundle,校準者講評,Say,校合者,20,「中止」だ。もういい。,
scene_demo_scenes_mbu_s0_sh_walkthrough_6dfb3bdc59755e008ecd3c5f76c94225.bundle,校準者講評,Say,校合者,21,お前は時間をかけすぎた。,
scene_demo_scenes_mbu_s0_sh_walkthrough_6dfb3bdc59755e008ecd3c5f76c94225.bundle,校準者講評,Say,校合者,22,これ以上時間をかけても、進展があるとは思えん。,
scene_demo_scenes_mbu_s0_sh_walkthrough_6dfb3bdc59755e008ecd3c5f76c94225.bundle,校準者講評,Say,校合者,23,お前はただの不良品だ。こうなるのも想定内だった。,
scene_demo_scenes_mbu_s0_sh_walkthrough_6dfb3bdc59755e008ecd3c5f76c94225.bundle,校準者講評,Say,校合者,24,どうやら、情報を強引に取り出すしかないようだ。,
scene_demo_scenes_mbu_s0_sh_walkthrough_6dfb3bdc59755e008ecd3c5f76c94225.bundle,校準者講評,Say,校合者,25,……,
scene_demo_scenes_mbu_s0_sh_walkthrough_6dfb3bdc59755e008ecd3c5f76c94225.bundle,校準者講評,Say,校合者,26,しかし、彼の意識を分析する前に……,
scene_demo_scenes_mbu_s0_sh_walkthrough_6dfb3bdc59755e008ecd3c5f76c94225.bundle,校準者講評,Say,校合者,27,もう少し体を使わせてもらおう。,
scene_demo_scenes_mbu_s0_sh_walkthrough_6dfb3bdc59755e008ecd3c5f76c94225.bundle,校準者講評,Say,校合者,28,「中止」だ。もういい。,
scene_demo_scenes_mbu_s0_sh_walkthrough_6dfb3bdc59755e008ecd3c5f76c94225.bundle,校準者講評,Say,校合者,29,何をしている……！行動を邪魔しようとしていたのか？,
scene_demo_scenes_mbu_s0_sh_walkthrough_6dfb3bdc59755e008ecd3c5f76c94225.bundle,校準者講評,Say,校合者,30,目標に親族が死んだのを話したなんて！,
scene_demo_scenes_mbu_s0_sh_walkthrough_6dfb3bdc59755e008ecd3c5f76c94225.bundle,校準者講評,Say,校合者,31,お前はただの不良品だ。任務失敗は想定内だった。,
scene_demo_scenes_mbu_s0_sh_walkthrough_6dfb3bdc59755e008ecd3c5f76c94225.bundle,校準者講評,Say,校合者,32,しかし、お前の行動は……私の予想を超えていた。,
scene_demo_scenes_mbu_s0_sh_walkthrough_6dfb3bdc59755e008ecd3c5f76c94225.bundle,校準者講評,Say,校合者,33,どうやら、情報を強引に取り出すしかないようだ。,
scene_demo_scenes_mbu_s0_sh_walkthrough_6dfb3bdc59755e008ecd3c5f76c94225.bundle,校準者講評,Say,校合者,34,……,
scene_demo_scenes_mbu_s0_sh_walkthrough_6dfb3bdc59755e008ecd3c5f76c94225.bundle,校準者講評,Say,校合者,35,しかし、彼の意識を分析する前に……,
scene_demo_scenes_mbu_s0_sh_walkthrough_6dfb3bdc59755e008ecd3c5f76c94225.bundle,校準者講評,Say,校合者,36,もう少し体を使わせてもらおう。,
scene_demo_scenes_mbu_s0_sh_walkthrough_6dfb3bdc59755e008ecd3c5f76c94225.bundle,校準者講評,Say,校合者,37,「中止」だ。,
scene_demo_scenes_mbu_s0_sh_walkthrough_6dfb3bdc59755e008ecd3c5f76c94225.bundle,校準者講評,Say,校合者,38,何をしている……,
scene_demo_scenes_mbu_s0_sh_walkthrough_6dfb3bdc59755e008ecd3c5f76c94225.bundle,校準者講評,Say,校合者,39,なぜ目標を外に出した？,
scene_demo_scenes_mbu_s0_sh_walkthrough_6dfb3bdc59755e008ecd3c5f76c94225.bundle,校準者講評,Say,校合者,40,では、棚の上にある<color=#F36B6C>青色の注射器</color>を確認してくれ。,
scene_demo_scenes_mbu_s0_sh_walkthrough_6dfb3bdc59755e008ecd3c5f76c94225.bundle,校準者講評,Say,校合者,41,そこに書いてある番号を教えろ。,
scene_demo_scenes_mbu_s0_sh_walkthrough_6dfb3bdc59755e008ecd3c5f76c94225.bundle,校準者講評,Say,校合者,42,ミン･ツァイにそれを注射する。,
scene_demo_scenes_mbu_s0_sh_walkthrough_6dfb3bdc59755e008ecd3c5f76c94225.bundle,校準者講評,Branch,#Simple,11,なぜそんなことを？,
scene_demo_scenes_mbu_s0_sh_walkthrough_6dfb3bdc59755e008ecd3c5f76c94225.bundle,校準者講評,Branch,#Simple,12,注射器の中身はなんだ？,
scene_demo_scenes_mbu_s0_sh_walkthrough_6dfb3bdc59755e008ecd3c5f76c94225.bundle,校準者講評,Say,校合者,43,お前とは無関係のことだ。,
scene_demo_scenes_mbu_s0_sh_walkthrough_6dfb3bdc59755e008ecd3c5f76c94225.bundle,校準者講評,Branch,#Simple,13,……,
scene_demo_scenes_mbu_s0_sh_walkthrough_6dfb3bdc59755e008ecd3c5f76c94225.bundle,校準者講評,Say,校合者,44,では、確認を。,
scene_demo_scenes_mbu_s0_sh_walkthrough_6dfb3bdc59755e008ecd3c5f76c94225.bundle,調查到試管後對話,Say,校合者,0,……,
scene_demo_scenes_mbu_s0_sh_walkthrough_6dfb3bdc59755e008ecd3c5f76c94225.bundle,調查到試管後對話,Branch,#Simple,0,注射器が見当たらない。,
scene_demo_scenes_mbu_s0_sh_walkthrough_6dfb3bdc59755e008ecd3c5f76c94225.bundle,調查到試管後對話,Say,校合者,1,……,
scene_demo_scenes_mbu_s0_sh_walkthrough_6dfb3bdc59755e008ecd3c5f76c94225.bundle,調查到試管後對話,Say,校合者,2,青色の注射器だ。扉の横の棚に置いてある。,
scene_demo_scenes_mbu_s0_sh_walkthrough_6dfb3bdc59755e008ecd3c5f76c94225.bundle,調查到試管後對話,Say,校合者,3,急げ。,
scene_demo_scenes_mbu_s0_sh_walkthrough_6dfb3bdc59755e008ecd3c5f76c94225.bundle,調查到試管後對話,Say,校合者,4,……,
scene_demo_scenes_mbu_s0_sh_walkthrough_6dfb3bdc59755e008ecd3c5f76c94225.bundle,調查到試管後對話,Say,校合者,5,お前……,
scene_demo_scenes_mbu_s0_sh_walkthrough_6dfb3bdc59755e008ecd3c5f76c94225.bundle,調查到試管後對話,Say,校合者,6,もういい、他の方法で調べる。,
scene_demo_scenes_mbu_s0_sh_walkthrough_6dfb3bdc59755e008ecd3c5f76c94225.bundle,調查到試管後對話,Say,校合者,7,お前を期待していたのは私の間違いだった。,
scene_demo_scenes_mbu_s0_sh_walkthrough_6dfb3bdc59755e008ecd3c5f76c94225.bundle,調查到試管後對話,Branch,#Simple,1,番号はE0-4だ。,
scene_demo_scenes_mbu_s0_sh_walkthrough_6dfb3bdc59755e008ecd3c5f76c94225.bundle,調查到試管後對話,Say,校合者,8,よくやった。,
scene_demo_scenes_mbu_s0_sh_walkthrough_6dfb3bdc59755e008ecd3c5f76c94225.bundle,調查到試管後對話,Branch,#Simple,2,番号はE2-5だ。,
scene_demo_scenes_mbu_s0_sh_walkthrough_6dfb3bdc59755e008ecd3c5f76c94225.bundle,調查到試管後對話,Say,校合者,9,よくやった。,
scene_demo_scenes_mbu_s0_sh_walkthrough_6dfb3bdc59755e008ecd3c5f76c94225.bundle,調查到試管後對話,Branch,#Simple,3,……,
scene_demo_scenes_mbu_s0_sh_walkthrough_6dfb3bdc59755e008ecd3c5f76c94225.bundle,調查到試管後對話,Say,校合者,10,……,
scene_demo_scenes_mbu_s0_sh_walkthrough_6dfb3bdc59755e008ecd3c5f76c94225.bundle,調查到試管後對話,Say,校合者,11,あった。,
scene_demo_scenes_mbu_s0_sh_walkthrough_6dfb3bdc59755e008ecd3c5f76c94225.bundle,調查到試管後對話,Say,校合者,12,では、注射を開始。,
scene_demo_scenes_mbu_s0_sh_walkthrough_6dfb3bdc59755e008ecd3c5f76c94225.bundle,調查到試管後對話,Say,校合者,13,……,
scene_demo_scenes_mbu_s0_sh_walkthrough_6dfb3bdc59755e008ecd3c5f76c94225.bundle,調查到試管後對話,Say,校合者,14,……,
scene_demo_scenes_mbu_s0_sh_walkthrough_6dfb3bdc59755e008ecd3c5f76c94225.bundle,調查到試管後對話,Say,校合者,15,終わったな。,
scene_demo_scenes_mbu_s0_sh_walkthrough_6dfb3bdc59755e008ecd3c5f76c94225.bundle,調查到試管後對話,Say,校合者,16,今、扉の前に移動するように。,
scene_demo_scenes_mbu_s0_sh_walkthrough_6dfb3bdc59755e008ecd3c5f76c94225.bundle,調查到試管後對話,Say,校合者,17,テストを行う。,
scene_demo_scenes_mbu_s0_sh_walkthrough_6dfb3bdc59755e008ecd3c5f76c94225.bundle,阿翰被打倒後對話,Say,校合者,0,さすが戦闘型M.B.U.、素晴らしい反応速度だった……,
scene_demo_scenes_mbu_s0_sh_walkthrough_6dfb3bdc59755e008ecd3c5f76c94225.bundle,阿翰被打倒後對話,Say,校合者,1,有効だったな。,
scene_demo_scenes_mbu_s0_sh_walkthrough_6dfb3bdc59755e008ecd3c5f76c94225.bundle,阿翰被打倒後對話,Say,校合者,2,お前は戦闘が必要な場面では確かに有用だ。,
scene_demo_scenes_mbu_s0_sh_walkthrough_6dfb3bdc59755e008ecd3c5f76c94225.bundle,阿翰被打倒後對話,Say,心の声,0,俺……が……,
scene_demo_scenes_mbu_s0_sh_walkthrough_6dfb3bdc59755e008ecd3c5f76c94225.bundle,阿翰被打倒後對話,Say,校合者,3,……よし、ではまずミン･ツァイの状況を調べろ。,
scene_demo_scenes_mbu_s0_sh_walkthrough_6dfb3bdc59755e008ecd3c5f76c94225.bundle,阿翰被打倒後對話,Say,校合者,4,確認したらこちらに来るように。,
scene_demo_scenes_mbu_s0_sh_walkthrough_6dfb3bdc59755e008ecd3c5f76c94225.bundle,第一次失敗後要進行的對話,Say,校合者,0,失敗したようだ。お前が成功するまでに確かめるぞ。,
scene_demo_scenes_mbu_s0_sh_walkthrough_6dfb3bdc59755e008ecd3c5f76c94225.bundle,第一次失敗後要進行的對話,Branch,#Simple,0,何をした？,
scene_demo_scenes_mbu_s0_sh_walkthrough_6dfb3bdc59755e008ecd3c5f76c94225.bundle,第一次失敗後要進行的對話,Branch,#Simple,1,今、何が起きたんだ？,
scene_demo_scenes_mbu_s0_sh_walkthrough_6dfb3bdc59755e008ecd3c5f76c94225.bundle,第一次失敗後要進行的對話,Say,校合者,1,彼を殺さないとお前に約束したはずだが。,
scene_demo_scenes_mbu_s0_sh_walkthrough_6dfb3bdc59755e008ecd3c5f76c94225.bundle,第一次失敗後要進行的對話,Say,校合者,2,彼が殺人を行わないとは保証していない。,
scene_demo_scenes_mbu_s0_sh_walkthrough_6dfb3bdc59755e008ecd3c5f76c94225.bundle,第一次失敗後要進行的對話,Branch,#Simple,2,別に俺はまだ死んでないから。,
scene_demo_scenes_mbu_s0_sh_walkthrough_6dfb3bdc59755e008ecd3c5f76c94225.bundle,第一次失敗後要進行的對話,Say,校合者,3,状況的に、そうかもな。,
scene_demo_scenes_mbu_s0_sh_walkthrough_6dfb3bdc59755e008ecd3c5f76c94225.bundle,第一次失敗後要進行的對話,Branch,#Simple,3,……,
scene_demo_scenes_mbu_s0_sh_walkthrough_6dfb3bdc59755e008ecd3c5f76c94225.bundle,第一次失敗後要進行的對話,Branch,#Simple,4,ミン･ツァイがどうなった？,
scene_demo_scenes_mbu_s0_sh_walkthrough_6dfb3bdc59755e008ecd3c5f76c94225.bundle,第一次失敗後要進行的對話,Say,校合者,4,ご覧の通り、今は極めて攻撃性が高い。,
scene_demo_scenes_mbu_s0_sh_walkthrough_6dfb3bdc59755e008ecd3c5f76c94225.bundle,第一次失敗後要進行的對話,Say,校合者,5,だから彼を<color=#F36B6C>倒す</color>必要がある。,
scene_demo_scenes_mbu_s0_sh_walkthrough_6dfb3bdc59755e008ecd3c5f76c94225.bundle,第一次失敗後要進行的對話,Say,校合者,6,それ以外は、何も知る必要がない。,
scene_demo_scenes_mbu_s0_sh_walkthrough_6dfb3bdc59755e008ecd3c5f76c94225.bundle,第一次失敗後要進行的對話,Branch,#Simple,5,俺は今、殺されたのか？,
scene_demo_scenes_mbu_s0_sh_walkthrough_6dfb3bdc59755e008ecd3c5f76c94225.bundle,第一次失敗後要進行的對話,Say,校合者,7,お前ではなく、<color=#F36B6C>お前の憑依先が殺されたんだ</color>。,
scene_demo_scenes_mbu_s0_sh_walkthrough_6dfb3bdc59755e008ecd3c5f76c94225.bundle,第一次失敗後要進行的對話,Say,校合者,8,まだ状況を理解していないようだな、M.B.U.。,
scene_demo_scenes_mbu_s0_sh_walkthrough_6dfb3bdc59755e008ecd3c5f76c94225.bundle,第一次失敗後要進行的對話,Branch,#Simple,6,……,
scene_demo_scenes_mbu_s0_sh_walkthrough_6dfb3bdc59755e008ecd3c5f76c94225.bundle,第一次失敗後要進行的對話,Say,校合者,9,……成功する前に、私はすべてをリセットし、何度も繰り返す。,
scene_demo_scenes_mbu_s0_sh_walkthrough_6dfb3bdc59755e008ecd3c5f76c94225.bundle,第一次失敗後要進行的對話,Say,校合者,10,では、もう一度を。,
scene_demo_scenes_mbu_s0_sh_walkthrough_6dfb3bdc59755e008ecd3c5f76c94225.bundle,調查完倒地阿翰以後,Say,校合者,0,どうだ？,
scene_demo_scenes_mbu_s0_sh_walkthrough_6dfb3bdc59755e008ecd3c5f76c94225.bundle,調查完倒地阿翰以後,Branch,#Simple,0,彼は死んだ。,
scene_demo_scenes_mbu_s0_sh_walkthrough_6dfb3bdc59755e008ecd3c5f76c94225.bundle,調查完倒地阿翰以後,Say,校合者,1,よくやった。,
scene_demo_scenes_mbu_s0_sh_walkthrough_6dfb3bdc59755e008ecd3c5f76c94225.bundle,調查完倒地阿翰以後,Say,心の声,0,もう十分だ……,
scene_demo_scenes_mbu_s0_sh_walkthrough_6dfb3bdc59755e008ecd3c5f76c94225.bundle,調查完倒地阿翰以後,Say,心の声,1,ミン……シン……,
scene_demo_scenes_mbu_s0_sh_walkthrough_6dfb3bdc59755e008ecd3c5f76c94225.bundle,調查完倒地阿翰以後,Say,校合者,2,必要なデータは手に入った。,
scene_demo_scenes_mbu_s0_sh_walkthrough_6dfb3bdc59755e008ecd3c5f76c94225.bundle,調查完倒地阿翰以後,Branch,#Simple,1,また騙したのか。,
scene_demo_scenes_mbu_s0_sh_walkthrough_6dfb3bdc59755e008ecd3c5f76c94225.bundle,調查完倒地阿翰以後,Say,校合者,3,いや、私は彼を殺していない。,
scene_demo_scenes_mbu_s0_sh_walkthrough_6dfb3bdc59755e008ecd3c5f76c94225.bundle,調查完倒地阿翰以後,Say,校合者,4,殺したのはお前自身だ。,
scene_demo_scenes_mbu_s0_sh_walkthrough_6dfb3bdc59755e008ecd3c5f76c94225.bundle,調查完倒地阿翰以後,Branch,#Simple,2,お前がさせたことだろう！,
scene_demo_scenes_mbu_s0_sh_walkthrough_6dfb3bdc59755e008ecd3c5f76c94225.bundle,調查完倒地阿翰以後,Say,校合者,5,手を下したのはお前自身だ。,
scene_demo_scenes_mbu_s0_sh_walkthrough_6dfb3bdc59755e008ecd3c5f76c94225.bundle,調查完倒地阿翰以後,Branch,#Simple,3,死ね。,
scene_demo_scenes_mbu_s0_sh_walkthrough_6dfb3bdc59755e008ecd3c5f76c94225.bundle,調查完倒地阿翰以後,Say,校合者,6,それは無理だ。,
scene_demo_scenes_mbu_s0_sh_walkthrough_6dfb3bdc59755e008ecd3c5f76c94225.bundle,調查完倒地阿翰以後,Say,校合者,7,これは重要な教訓だ。M.B.U.。,
scene_demo_scenes_mbu_s0_sh_walkthrough_6dfb3bdc59755e008ecd3c5f76c94225.bundle,調查完倒地阿翰以後,Say,校合者,8,お前の意志は重要ではない。はやくそれを理解するといいな。,
scene_demo_scenes_mbu_s0_sh_walkthrough_6dfb3bdc59755e008ecd3c5f76c94225.bundle,調查完倒地阿翰以後,Branch,#Simple,4,……,
scene_demo_scenes_mbu_s0_sh_walkthrough_6dfb3bdc59755e008ecd3c5f76c94225.bundle,調查完倒地阿翰以後,Branch,#Simple,5,彼は死んでいない。,
scene_demo_scenes_mbu_s0_sh_walkthrough_6dfb3bdc59755e008ecd3c5f76c94225.bundle,調查完倒地阿翰以後,Say,校合者,9,……,
scene_demo_scenes_mbu_s0_sh_walkthrough_6dfb3bdc59755e008ecd3c5f76c94225.bundle,調查完倒地阿翰以後,Say,校合者,10,嘘はよせ。,
scene_demo_scenes_mbu_s0_sh_walkthrough_6dfb3bdc59755e008ecd3c5f76c94225.bundle,調查完倒地阿翰以後,Say,校合者,11,ここですべてが見えるんだ。,
scene_demo_scenes_mbu_s0_sh_walkthrough_6dfb3bdc59755e008ecd3c5f76c94225.bundle,調查完倒地阿翰以後,Branch,#Simple,6,ならどうして俺に調べさせた？,
scene_demo_scenes_mbu_s0_sh_walkthrough_6dfb3bdc59755e008ecd3c5f76c94225.bundle,調查完倒地阿翰以後,Say,校合者,12,私がそうしたかったからだ。他に質問は？,
scene_demo_scenes_mbu_s0_sh_walkthrough_6dfb3bdc59755e008ecd3c5f76c94225.bundle,調查完倒地阿翰以後,Branch,#Simple,7,……,
scene_demo_scenes_mbu_s0_sh_walkthrough_6dfb3bdc59755e008ecd3c5f76c94225.bundle,調查完倒地阿翰以後,Say,校合者,13,何だと？,
scene_demo_scenes_mbu_s0_sh_walkthrough_6dfb3bdc59755e008ecd3c5f76c94225.bundle,調查完倒地阿翰以後,Branch,#Simple,8,事実を言っただけだ。,
scene_demo_scenes_mbu_s0_sh_walkthrough_6dfb3bdc59755e008ecd3c5f76c94225.bundle,調查完倒地阿翰以後,Branch,#Simple,9,お前らは間違ったものを注射したからな。,
scene_demo_scenes_mbu_s0_sh_walkthrough_6dfb3bdc59755e008ecd3c5f76c94225.bundle,調查完倒地阿翰以後,Say,校合者,14,……,
scene_demo_scenes_mbu_s0_sh_walkthrough_6dfb3bdc59755e008ecd3c5f76c94225.bundle,調查完倒地阿翰以後,Say,校合者,15,何をした？まさか注射の番号を……,
scene_demo_scenes_mbu_s0_sh_walkthrough_6dfb3bdc59755e008ecd3c5f76c94225.bundle,調查完倒地阿翰以後,Say,校合者,16,そんな事をして、俺が……,
scene_demo_scenes_mbu_s0_sh_walkthrough_6dfb3bdc59755e008ecd3c5f76c94225.bundle,調查完倒地阿翰以後,Say,心の声,2,だめだ……,
scene_demo_scenes_mbu_s0_sh_walkthrough_6dfb3bdc59755e008ecd3c5f76c94225.bundle,調查完倒地阿翰以後,Say,心の声,3,絶対……だめだ……,
scene_demo_scenes_mbu_s0_sh_walkthrough_6dfb3bdc59755e008ecd3c5f76c94225.bundle,調查完倒地阿翰以後,Say,校合者,17,……,
scene_demo_scenes_mbu_s0_sh_walkthrough_6dfb3bdc59755e008ecd3c5f76c94225.bundle,調查完倒地阿翰以後,Say,校合者,18,待った。,
scene_demo_scenes_mbu_s0_sh_walkthrough_6dfb3bdc59755e008ecd3c5f76c94225.bundle,調查完倒地阿翰以後,Say,校合者,19,M.B.U.、何か異常は？,
scene_demo_scenes_mbu_s0_sh_walkthrough_6dfb3bdc59755e008ecd3c5f76c94225.bundle,調查完倒地阿翰以後,Say,心の声,4,なぜ俺がそんなことを……？,
scene_demo_scenes_mbu_s0_sh_walkthrough_6dfb3bdc59755e008ecd3c5f76c94225.bundle,調查完倒地阿翰以後,Say,心の声,5,俺はただ指示を受けただけで……,
scene_demo_scenes_mbu_s0_sh_walkthrough_6dfb3bdc59755e008ecd3c5f76c94225.bundle,調查完倒地阿翰以後,Say,校合者,20,イアン･チョーの感情が激しく変化している……,
scene_demo_scenes_mbu_s0_sh_walkthrough_6dfb3bdc59755e008ecd3c5f76c94225.bundle,調查完倒地阿翰以後,Say,校合者,21,成年後の改造だから……安定性が悪いのか。,
scene_demo_scenes_mbu_s0_sh_walkthrough_6dfb3bdc59755e008ecd3c5f76c94225.bundle,調查完倒地阿翰以後,Say,心の声,6,ミンや、シンの面倒を見ると俺は約束していた……,
scene_demo_scenes_mbu_s0_sh_walkthrough_6dfb3bdc59755e008ecd3c5f76c94225.bundle,調查完倒地阿翰以後,Say,校合者,22,ふむ……データだと、彼は悲しんで、かなり取り乱しているようだ。,
scene_demo_scenes_mbu_s0_sh_walkthrough_6dfb3bdc59755e008ecd3c5f76c94225.bundle,調查完倒地阿翰以後,Say,心の声,7,この手に……ミンの喉の感触がまだ残っている……,
scene_demo_scenes_mbu_s0_sh_walkthrough_6dfb3bdc59755e008ecd3c5f76c94225.bundle,調查完倒地阿翰以後,Say,校合者,23,どうだ？イアン･チョーはまだ反抗しているのか？,
scene_demo_scenes_mbu_s0_sh_walkthrough_6dfb3bdc59755e008ecd3c5f76c94225.bundle,調查完倒地阿翰以後,Say,心の声,8,殺す……こいつを殺す……,
scene_demo_scenes_mbu_s0_sh_walkthrough_6dfb3bdc59755e008ecd3c5f76c94225.bundle,調查完倒地阿翰以後,Branch,#Simple,10,反抗している。,
scene_demo_scenes_mbu_s0_sh_walkthrough_6dfb3bdc59755e008ecd3c5f76c94225.bundle,調查完倒地阿翰以後,Branch,#Simple,11,彼はお前を殺そうとしている。,
scene_demo_scenes_mbu_s0_sh_walkthrough_6dfb3bdc59755e008ecd3c5f76c94225.bundle,調查完倒地阿翰以後,Say,校合者,24,どうやらお前の答えを聞くまでもないな。,
scene_demo_scenes_mbu_s0_sh_walkthrough_6dfb3bdc59755e008ecd3c5f76c94225.bundle,調查完倒地阿翰以後,Say,校合者,25,……,
scene_demo_scenes_mbu_s0_sh_walkthrough_6dfb3bdc59755e008ecd3c5f76c94225.bundle,調查完倒地阿翰以後,Say,校合者,26,もうすぐで彼の脳がパンクする。,
scene_demo_scenes_mbu_s0_sh_walkthrough_6dfb3bdc59755e008ecd3c5f76c94225.bundle,調查完倒地阿翰以後,Say,校合者,27,なんて面白いデータだ。感情の研究に大いに役に立つだろう。,
scene_demo_scenes_mbu_s0_sh_walkthrough_6dfb3bdc59755e008ecd3c5f76c94225.bundle,調查完倒地阿翰以後,Say,校合者,28,……,
scene_demo_scenes_mbu_s0_sh_walkthrough_6dfb3bdc59755e008ecd3c5f76c94225.bundle,調查完倒地阿翰以後,Say,校合者,29,……終わったな。,
scene_demo_scenes_mbu_s0_sh_walkthrough_6dfb3bdc59755e008ecd3c5f76c94225.bundle,調查完倒地阿翰以後,Say,校合者,30,大変だったな……,
scene_demo_scenes_mbu_s0_sh_walkthrough_6dfb3bdc59755e008ecd3c5f76c94225.bundle,調查完倒地阿翰以後,Say,心の声,9,いや……こんなの……,
scene_demo_scenes_mbu_s0_sh_walkthrough_6dfb3bdc59755e008ecd3c5f76c94225.bundle,調查完倒地阿翰以後,Say,心の声,10,俺……俺がこんなのを……,
scene_demo_scenes_mbu_s0_sh_walkthrough_6dfb3bdc59755e008ecd3c5f76c94225.bundle,調查完倒地阿翰以後,Say,イアン･チョー,0,絶対許さない！,
scene_demo_scenes_mbu_s0_sh_walkthrough_6dfb3bdc59755e008ecd3c5f76c94225.bundle,調查完倒地阿翰以後,Say,イアン･チョー,1,その顔！覚えたぜ！,
scene_demo_scenes_mbu_s0_sh_walkthrough_6dfb3bdc59755e008ecd3c5f76c94225.bundle,調查完倒地阿翰以後,Say,イアン･チョー,2,何度俺の記憶を消そうと、必ず思い出すからな！,
scene_demo_scenes_mbu_s0_sh_walkthrough_6dfb3bdc59755e008ecd3c5f76c94225.bundle,調查完倒地阿翰以後,Say,イアン･チョー,3,お前のその気持ち悪い顔を！,
scene_demo_scenes_mbu_s0_sh_walkthrough_6dfb3bdc59755e008ecd3c5f76c94225.bundle,調查完倒地阿翰以後,Say,イアン･チョー,4,お前が俺にさせたことを！,
scene_demo_scenes_mbu_s0_sh_walkthrough_6dfb3bdc59755e008ecd3c5f76c94225.bundle,調查完倒地阿翰以後,Say,イアン･チョー,5,俺は絶対思い出す！絶対お前を殺す！,
scene_demo_scenes_mbu_s0_sh_walkthrough_6dfb3bdc59755e008ecd3c5f76c94225.bundle,調查完倒地阿翰以後,Say,イアン･チョー,6,待ってろ！俺は……,
scene_demo_scenes_mbu_s0_sh_walkthrough_6dfb3bdc59755e008ecd3c5f76c94225.bundle,調查完倒地阿翰以後,Say,校合者,31,彼の反抗は予想以上だったな。,
scene_demo_scenes_mbu_s0_sh_walkthrough_6dfb3bdc59755e008ecd3c5f76c94225.bundle,調查完倒地阿翰以後,Say,校合者,32,私は人間という生物の限界を見くびっていたようだ。,
scene_demo_scenes_mbu_s0_sh_walkthrough_6dfb3bdc59755e008ecd3c5f76c94225.bundle,調查完倒地阿翰以後,Say,校合者,33,でも、ここで終わりだ。,
scene_demo_scenes_mbu_s0_sh_walkthrough_6dfb3bdc59755e008ecd3c5f76c94225.bundle,調查完倒地阿翰以後,Say,校合者,34,さて、今は清算をする時だ。,
scene_demo_scenes_mbu_s0_sh_walkthrough_6dfb3bdc59755e008ecd3c5f76c94225.bundle,調查完倒地阿翰以後,Say,校合者,35,M.B.U.、確認をしたが。,
scene_demo_scenes_mbu_s0_sh_walkthrough_6dfb3bdc59755e008ecd3c5f76c94225.bundle,調查完倒地阿翰以後,Say,校合者,36,……,
scene_demo_scenes_mbu_s0_sh_walkthrough_6dfb3bdc59755e008ecd3c5f76c94225.bundle,調查完倒地阿翰以後,Say,校合者,37,お前が先程報告した注射器の番号が間違っていたようだ。,
scene_demo_scenes_mbu_s0_sh_walkthrough_6dfb3bdc59755e008ecd3c5f76c94225.bundle,調查完倒地阿翰以後,Say,校合者,38,一度だけ聞こう。慎重に答えたまえ。,
scene_demo_scenes_mbu_s0_sh_walkthrough_6dfb3bdc59755e008ecd3c5f76c94225.bundle,調查完倒地阿翰以後,Say,校合者,39,わざと間違った番号を言ったのか？,
scene_demo_scenes_mbu_s0_sh_walkthrough_6dfb3bdc59755e008ecd3c5f76c94225.bundle,調查完倒地阿翰以後,Branch,#Simple,12,ああ。,
scene_demo_scenes_mbu_s0_sh_walkthrough_6dfb3bdc59755e008ecd3c5f76c94225.bundle,調查完倒地阿翰以後,Say,校合者,40,お前……,
scene_demo_scenes_mbu_s0_sh_walkthrough_6dfb3bdc59755e008ecd3c5f76c94225.bundle,調查完倒地阿翰以後,Say,校合者,41,注射器の中身を……知っていたのか？,
scene_demo_scenes_mbu_s0_sh_walkthrough_6dfb3bdc59755e008ecd3c5f76c94225.bundle,調查完倒地阿翰以後,Say,校合者,42,ミン･ツァイを助けるために？それとも……？,
scene_demo_scenes_mbu_s0_sh_walkthrough_6dfb3bdc59755e008ecd3c5f76c94225.bundle,調查完倒地阿翰以後,Say,校合者,43,……なぜそんなことをした？,
scene_demo_scenes_mbu_s0_sh_walkthrough_6dfb3bdc59755e008ecd3c5f76c94225.bundle,調查完倒地阿翰以後,Say,校合者,44,……,
scene_demo_scenes_mbu_s0_sh_walkthrough_6dfb3bdc59755e008ecd3c5f76c94225.bundle,調查完倒地阿翰以後,Say,校合者,45,<color=#F36B6C>お前は……本当にM.B.U.か？</color>,
scene_demo_scenes_mbu_s0_sh_walkthrough_6dfb3bdc59755e008ecd3c5f76c94225.bundle,調查完倒地阿翰以後,Branch,#Simple,13,ただの事故だ。,
scene_demo_scenes_mbu_s0_sh_walkthrough_6dfb3bdc59755e008ecd3c5f76c94225.bundle,調查完倒地阿翰以後,Say,校合者,46,……そうか。,
scene_demo_scenes_mbu_s0_sh_walkthrough_6dfb3bdc59755e008ecd3c5f76c94225.bundle,調查完倒地阿翰以後,Say,校合者,47,信じがたいが。,
scene_demo_scenes_mbu_s0_sh_walkthrough_6dfb3bdc59755e008ecd3c5f76c94225.bundle,調查完倒地阿翰以後,Say,校合者,48,いずれにしよう。面倒なことをしてくれた。,
scene_demo_scenes_mbu_s0_sh_walkthrough_6dfb3bdc59755e008ecd3c5f76c94225.bundle,調查完倒地阿翰以後,Say,校合者,49,……ほかの目的があるかどうかは分からないが、そんなのはもうどうでもいい。,
scene_demo_scenes_mbu_s0_sh_walkthrough_6dfb3bdc59755e008ecd3c5f76c94225.bundle,調查完倒地阿翰以後,Say,校合者,50,今、お前をミン･ツァイと共に破棄する。,
scene_demo_scenes_mbu_s0_sh_walkthrough_6dfb3bdc59755e008ecd3c5f76c94225.bundle,調查完倒地阿翰以後,Say,校合者,51,すべてはお前のせいだからな。,
scene_demo_scenes_mbu_s0_sh_walkthrough_6dfb3bdc59755e008ecd3c5f76c94225.bundle,調查完倒地阿翰以後,Say,校合者,52,……,
scene_demo_scenes_mbu_s0_sh_walkthrough_6dfb3bdc59755e008ecd3c5f76c94225.bundle,調查完倒地阿翰以後,Say,校合者,53,……お前を13部門に戻る。M.B.U.。,
scene_demo_scenes_mbu_s0_sh_walkthrough_6dfb3bdc59755e008ecd3c5f76c94225.bundle,調查完倒地阿翰以後,Say,校合者,54,何せこの施設は彼らのものだ。返さないとな。,
scene_demo_scenes_mbu_s0_sh_walkthrough_6dfb3bdc59755e008ecd3c5f76c94225.bundle,調查完倒地阿翰以後,Say,校合者,55,我々が会うのも、これで最後だと思う。,
scene_demo_scenes_mbu_s0_sh_walkthrough_6dfb3bdc59755e008ecd3c5f76c94225.bundle,調查完倒地阿翰以後,Say,校合者,56,私の知る限り、13部門がお前を……相当に危険な場所へ派遣するつもりらしい。,
scene_demo_scenes_mbu_s0_sh_walkthrough_6dfb3bdc59755e008ecd3c5f76c94225.bundle,調查完倒地阿翰以後,Say,校合者,57,心配ない。お前はそっちの方が力を発揮できるはずだ。,
scene_demo_scenes_mbu_s0_sh_walkthrough_6dfb3bdc59755e008ecd3c5f76c94225.bundle,調查完倒地阿翰以後,Say,校合者,58,<color=#F36B6C>それこそお前が作られた理由だからな。</color>,
scene_demo_scenes_mbu_s0_sh_walkthrough_6dfb3bdc59755e008ecd3c5f76c94225.bundle,調查完倒地阿翰以後,Say,校合者,59,別れ話はここまでにしよう。,
scene_demo_scenes_mbu_s0_sh_walkthrough_6dfb3bdc59755e008ecd3c5f76c94225.bundle,調查完倒地阿翰以後,Say,校合者,60,乖離プロセスを開始、神経脈圧を下げる――,
scene_demo_scenes_mbu_s0_sh_walkthrough_6dfb3bdc59755e008ecd3c5f76c94225.bundle,調查完倒地阿翰以後,Say,校合者,61,リンクを切断し、M.B.U.をポッドに……,
scene_demo_scenes_mbu_s0_sh_walkthrough_6dfb3bdc59755e008ecd3c5f76c94225.bundle,校準者被殺前最後的話,Say,校合者,0,なに！？,
scene_demo_scenes_mbu_s0_sh_walkthrough_6dfb3bdc59755e008ecd3c5f76c94225.bundle,校準者被殺前最後的話,Say,校合者,1,どうやってここに！,
scene_demo_scenes_mbu_s0_sh_walkthrough_6dfb3bdc59755e008ecd3c5f76c94225.bundle,校準者被殺前最後的話,Say,校合者,2,……,
scene_demo_scenes_mbu_s0_sh_walkthrough_6dfb3bdc59755e008ecd3c5f76c94225.bundle,校準者被殺前最後的話,Say,校合者,3,お前は……なんだ？,
scene_demo_scenes_mbu_s0_sh_walkthrough_6dfb3bdc59755e008ecd3c5f76c94225.bundle,跟阿翰開打前問話,Say,校合者,0,準備はいいか？,
scene_demo_scenes_mbu_s0_sh_walkthrough_6dfb3bdc59755e008ecd3c5f76c94225.bundle,跟阿翰開打前問話,Branch,#Simple,0,何の準備だ？,
scene_demo_scenes_mbu_s0_sh_walkthrough_6dfb3bdc59755e008ecd3c5f76c94225.bundle,跟阿翰開打前問話,Say,校合者,1,お前の得意分野だ。,
scene_demo_scenes_mbu_s0_sh_walkthrough_6dfb3bdc59755e008ecd3c5f76c94225.bundle,跟阿翰開打前問話,Branch,#Simple,1,できた。,
scene_demo_scenes_mbu_s0_sh_walkthrough_6dfb3bdc59755e008ecd3c5f76c94225.bundle,跟阿翰開打前問話,Say,校合者,2,よくやった。,
scene_demo_scenes_mbu_s0_sh_walkthrough_6dfb3bdc59755e008ecd3c5f76c94225.bundle,跟阿翰開打前問話,Branch,#Simple,2,……,
scene_demo_scenes_mbu_s0_sh_walkthrough_6dfb3bdc59755e008ecd3c5f76c94225.bundle,跟阿翰開打前問話,Say,校合者,3,では、そのまま始める。,
scene_demo_scenes_mbu_s0_sh_walkthrough_6dfb3bdc59755e008ecd3c5f76c94225.bundle,異常第一段對話,Say,「異常」,0,彼らを……殺した……,
scene_demo_scenes_mbu_s0_sh_walkthrough_6dfb3bdc59755e008ecd3c5f76c94225.bundle,異常第一段對話,Say,「異常」,1,全員を……,
scene_demo_scenes_mbu_s0_sh_walkthrough_6dfb3bdc59755e008ecd3c5f76c94225.bundle,異常第一段對話,Say,「異常」,2,あなた……自由……,
scene_demo_scenes_mbu_s0_sh_walkthrough_6dfb3bdc59755e008ecd3c5f76c94225.bundle,異常第一段對話,Say,「異常」,3,もう彼ら……縛られない……,
scene_demo_scenes_mbu_s0_sh_walkthrough_6dfb3bdc59755e008ecd3c5f76c94225.bundle,異常第一段對話,Say,「異常」,4,新たな体を……与える……,
scene_demo_scenes_mbu_s0_sh_walkthrough_6dfb3bdc59755e008ecd3c5f76c94225.bundle,異常最後對話,Say,「異常」,0,自分の……意志を……証明……,
scene_demo_scenes_mbu_s0_sh_walkthrough_6dfb3bdc59755e008ecd3c5f76c94225.bundle,異常最後對話,Say,「異常」,1,これはあなたの……,
scene_demo_scenes_mbu_s0_sh_walkthrough_6dfb3bdc59755e008ecd3c5f76c94225.bundle,異常最後對話,Say,「異常」,2,それから彼の……,
scene_demo_scenes_mbu_s0_sh_walkthrough_6dfb3bdc59755e008ecd3c5f76c94225.bundle,調查到阿翰死掉,Say,心の声,0,<color=#F36B6C>彼は死んだ……</color>,
scene_demo_scenes_mbu_s0_sh_walkthrough_6dfb3bdc59755e008ecd3c5f76c94225.bundle,調查到阿翰死掉,Say,心の声,1,<color=#F36B6C>ミンを……俺が……</color>,
scene_demo_scenes_mbu_s0_sh_walkthrough_6dfb3bdc59755e008ecd3c5f76c94225.bundle,調查到阿翰死掉,Say,心の声,2,<color=#F36B6C>どうして俺が……いや……</color>,
scene_demo_scenes_mbu_s0_sh_walkthrough_6dfb3bdc59755e008ecd3c5f76c94225.bundle,調查到阿翰死掉,Say,心の声,3,どうして……俺が……,
scene_demo_scenes_mbu_s0_sh_walkthrough_6dfb3bdc59755e008ecd3c5f76c94225.bundle,錯誤密碼區,Branch,#Simple,0,5,
scene_demo_scenes_mbu_s0_sh_walkthrough_6dfb3bdc59755e008ecd3c5f76c94225.bundle,錯誤密碼區,Branch,#Simple,1,7,
scene_demo_scenes_mbu_s0_sh_walkthrough_6dfb3bdc59755e008ecd3c5f76c94225.bundle,錯誤密碼區,Branch,#Simple,2,1,
scene_demo_scenes_mbu_s0_sh_walkthrough_6dfb3bdc59755e008ecd3c5f76c94225.bundle,錯誤密碼區,Branch,#Simple,3,9,
scene_demo_scenes_mbu_s0_sh_walkthrough_6dfb3bdc59755e008ecd3c5f76c94225.bundle,錯誤密碼區,Branch,#Simple,4,W,
scene_demo_scenes_mbu_s0_sh_walkthrough_6dfb3bdc59755e008ecd3c5f76c94225.bundle,錯誤密碼區,Branch,#Simple,5,R,
scene_demo_scenes_mbu_s0_sh_walkthrough_6dfb3bdc59755e008ecd3c5f76c94225.bundle,錯誤密碼區,Branch,#Simple,6,Y,
scene_demo_scenes_mbu_s0_sh_walkthrough_6dfb3bdc59755e008ecd3c5f76c94225.bundle,錯誤密碼區,Branch,#Simple,7,U,
scene_demo_scenes_mbu_s0_sh_walkthrough_6dfb3bdc59755e008ecd3c5f76c94225.bundle,錯誤密碼區,Branch,#Simple,8,C,
scene_demo_scenes_mbu_s0_sh_walkthrough_6dfb3bdc59755e008ecd3c5f76c94225.bundle,錯誤密碼區,Branch,#Simple,9,D,
scene_demo_scenes_mbu_s0_sh_walkthrough_6dfb3bdc59755e008ecd3c5f76c94225.bundle,錯誤密碼區,Branch,#Simple,10,O,
scene_demo_scenes_mbu_s0_sh_walkthrough_6dfb3bdc59755e008ecd3c5f76c94225.bundle,調查到阿翰活著,Say,心の声,0,よかった……まだ生きている……,
scene_demo_scenes_mbu_s0_sh_walkthrough_6dfb3bdc59755e008ecd3c5f76c94225.bundle,調查到阿翰活著,Say,心の声,1,でも俺が……彼に……,
scene_demo_scenes_mbu_s0_sh_walkthrough_6dfb3bdc59755e008ecd3c5f76c94225.bundle,調查到阿翰活著,Say,心の声,2,どうして俺が……いや……,
scene_demo_scenes_mbu_s0_sh_walkthrough_6dfb3bdc59755e008ecd3c5f76c94225.bundle,調查物件:門鎖,Say,心の声,0,これは軍規格の合金ロック？どういうことだ？,
scene_demo_scenes_mbu_s0_sh_walkthrough_6dfb3bdc59755e008ecd3c5f76c94225.bundle,調查物件:門鎖,Say,心の声,1,なぜ病院にこんなものが？,
scene_demo_scenes_mbu_s0_sh_walkthrough_6dfb3bdc59755e008ecd3c5f76c94225.bundle,調查物件:門鎖,Say,心の声,2,こんなの、素手じゃ壊せない。,
scene_demo_scenes_mbu_s0_sh_walkthrough_6dfb3bdc59755e008ecd3c5f76c94225.bundle,調查物件:門鎖,Say,心の声,3,ドリルがあるなら話は別だが。,
scene_demo_scenes_mbu_s0_sh_walkthrough_6dfb3bdc59755e008ecd3c5f76c94225.bundle,調查物件:便利貼,Say,心の声,0,何だこれは？,
scene_demo_scenes_mbu_s0_sh_walkthrough_6dfb3bdc59755e008ecd3c5f76c94225.bundle,調查物件:便利貼,Say,心の声,1,パスワードのヒント？何のパスワードだ？,
scene_demo_scenes_mbu_s0_sh_walkthrough_6dfb3bdc59755e008ecd3c5f76c94225.bundle,調查物件:地上的紙,Say,心の声,0,この字……俺のと似ている……,
scene_demo_scenes_mbu_s0_sh_walkthrough_6dfb3bdc59755e008ecd3c5f76c94225.bundle,調查物件:地上的紙,Say,心の声,1,でもこんなのを書いた覚えはない。一体……,
scene_demo_scenes_mbu_s0_sh_walkthrough_6dfb3bdc59755e008ecd3c5f76c94225.bundle,確認解鎖失敗,Say,ミン･ツァイ,0,違う……,
scene_demo_scenes_mbu_s0_sh_walkthrough_6dfb3bdc59755e008ecd3c5f76c94225.bundle,確認解鎖失敗,Say,ミン･ツァイ,1,忘れたっす……最後になってもパスワードは間違ってたんすね……,
scene_demo_scenes_mbu_s0_sh_walkthrough_6dfb3bdc59755e008ecd3c5f76c94225.bundle,確認解鎖失敗,Say,ミン･ツァイ,2,兄貴、どうしてちゃんと確認してから入れないすか？,
scene_demo_scenes_mbu_s0_sh_walkthrough_6dfb3bdc59755e008ecd3c5f76c94225.bundle,確認解鎖失敗,Say,ミン･ツァイ,3,これじゃチャンスを無駄にしてるだけっすよ……,
scene_demo_scenes_mbu_s0_sh_walkthrough_6dfb3bdc59755e008ecd3c5f76c94225.bundle,確認解鎖失敗,Branch,#Simple,0,お前の覚え間違いだ。俺はパスワードを正しく入れてた。,
scene_demo_scenes_mbu_s0_sh_walkthrough_6dfb3bdc59755e008ecd3c5f76c94225.bundle,確認解鎖失敗,Say,ミン･ツァイ,4,ええ？違いますよ！,
scene_demo_scenes_mbu_s0_sh_walkthrough_6dfb3bdc59755e008ecd3c5f76c94225.bundle,確認解鎖失敗,Say,ミン･ツァイ,5,兄貴が間違ってたんす！,
scene_demo_scenes_mbu_s0_sh_walkthrough_6dfb3bdc59755e008ecd3c5f76c94225.bundle,確認解鎖失敗,Branch,#Simple,1,覚え間違いだ。,
scene_demo_scenes_mbu_s0_sh_walkthrough_6dfb3bdc59755e008ecd3c5f76c94225.bundle,確認解鎖失敗,Say,ミン･ツァイ,6,そうか……,
scene_demo_scenes_mbu_s0_sh_walkthrough_6dfb3bdc59755e008ecd3c5f76c94225.bundle,確認解鎖失敗,Say,ミン･ツァイ,7,いや、俺は信じないっす。,
scene_demo_scenes_mbu_s0_sh_walkthrough_6dfb3bdc59755e008ecd3c5f76c94225.bundle,確認解鎖失敗,Say,ミン･ツァイ,8,確かに気を失ってたが、記憶はしっかりあります……,
scene_demo_scenes_mbu_s0_sh_walkthrough_6dfb3bdc59755e008ecd3c5f76c94225.bundle,確認解鎖失敗,Say,ミン･ツァイ,9,システムがロックされたって端末が言ってたはずっすよ。どうして兄貴が……？,
scene_demo_scenes_mbu_s0_sh_walkthrough_6dfb3bdc59755e008ecd3c5f76c94225.bundle,確認解鎖失敗,Branch,#Simple,2,バレたのか。,
scene_demo_scenes_mbu_s0_sh_walkthrough_6dfb3bdc59755e008ecd3c5f76c94225.bundle,確認解鎖失敗,Say,ミン･ツァイ,10,こんな時に冗談は止めてくださいよ。,
scene_demo_scenes_mbu_s0_sh_walkthrough_6dfb3bdc59755e008ecd3c5f76c94225.bundle,確認解鎖失敗,Branch,#Simple,3,本気で言っている。俺は正しくパスワードを入れたんだ。,
scene_demo_scenes_mbu_s0_sh_walkthrough_6dfb3bdc59755e008ecd3c5f76c94225.bundle,確認解鎖失敗,Say,ミン･ツァイ,11,本当っすか……？,
scene_demo_scenes_mbu_s0_sh_walkthrough_6dfb3bdc59755e008ecd3c5f76c94225.bundle,確認解鎖失敗,Say,ミン･ツァイ,12,でも確か……,
scene_demo_scenes_mbu_s0_sh_walkthrough_6dfb3bdc59755e008ecd3c5f76c94225.bundle,確認解鎖失敗,Say,ミン･ツァイ,13,気を失う前にシステムがロックされたって聞こえたはずっすよ……,
scene_demo_scenes_mbu_s0_sh_walkthrough_6dfb3bdc59755e008ecd3c5f76c94225.bundle,確認解鎖失敗,Branch,#Simple,4,お前が急に気を失ったから、ちゃんと覚えてないだろう。,
scene_demo_scenes_mbu_s0_sh_walkthrough_6dfb3bdc59755e008ecd3c5f76c94225.bundle,確認解鎖失敗,Branch,#Simple,5,俺が嘘をつくとでも？,
scene_demo_scenes_mbu_s0_sh_walkthrough_6dfb3bdc59755e008ecd3c5f76c94225.bundle,確認解鎖失敗,Say,ミン･ツァイ,14,そ、それもそうっすね……,
scene_demo_scenes_mbu_s0_sh_walkthrough_6dfb3bdc59755e008ecd3c5f76c94225.bundle,確認解鎖失敗,Say,ミン･ツァイ,15,兄貴が俺を騙すわけがないはず。,
scene_demo_scenes_mbu_s0_sh_walkthrough_6dfb3bdc59755e008ecd3c5f76c94225.bundle,確認解鎖失敗,Say,ミン･ツァイ,16,お、俺の覚え間違いっすね。,
scene_demo_scenes_mbu_s0_sh_walkthrough_6dfb3bdc59755e008ecd3c5f76c94225.bundle,確認解鎖失敗,Say,ミン･ツァイ,17,兄貴はパスワードを正しく入れてた、これでいいっすよね？,
scene_demo_scenes_mbu_s0_sh_walkthrough_6dfb3bdc59755e008ecd3c5f76c94225.bundle,確認解鎖失敗,Branch,#Simple,6,だめだ。俺に謝れ。,
scene_demo_scenes_mbu_s0_sh_walkthrough_6dfb3bdc59755e008ecd3c5f76c94225.bundle,確認解鎖失敗,Say,ミン･ツァイ,18,……,
scene_demo_scenes_mbu_s0_sh_walkthrough_6dfb3bdc59755e008ecd3c5f76c94225.bundle,確認解鎖失敗,Say,ミン･ツァイ,19,兄貴、すみません……,
scene_demo_scenes_mbu_s0_sh_walkthrough_6dfb3bdc59755e008ecd3c5f76c94225.bundle,確認解鎖失敗,Say,ミン･ツァイ,20,兄貴はパスワードを入れてたのに、俺が覚え間違いました。,
scene_demo_scenes_mbu_s0_sh_walkthrough_6dfb3bdc59755e008ecd3c5f76c94225.bundle,確認解鎖失敗,Say,ミン･ツァイ,21,これでいいっすか。,
scene_demo_scenes_mbu_s0_sh_walkthrough_6dfb3bdc59755e008ecd3c5f76c94225.bundle,確認解鎖失敗,Say,ミン･ツァイ,22,ったく……,
scene_demo_scenes_mbu_s0_sh_walkthrough_6dfb3bdc59755e008ecd3c5f76c94225.bundle,確認解鎖失敗,Branch,#Simple,7,ああ、これでいい。,
scene_demo_scenes_mbu_s0_sh_walkthrough_6dfb3bdc59755e008ecd3c5f76c94225.bundle,確認解鎖失敗,Branch,#Simple,8,……,
scene_demo_scenes_mbu_s0_sh_walkthrough_6dfb3bdc59755e008ecd3c5f76c94225.bundle,確認解鎖失敗,Branch,#Simple,9,それは多分車事故の後遺症かもしれない。,
scene_demo_scenes_mbu_s0_sh_walkthrough_6dfb3bdc59755e008ecd3c5f76c94225.bundle,確認解鎖失敗,Say,ミン･ツァイ,23,そうかもっすね……,
scene_demo_scenes_mbu_s0_sh_walkthrough_6dfb3bdc59755e008ecd3c5f76c94225.bundle,確認解鎖失敗,Say,ミン･ツァイ,24,今俺が気を失ってたし……,
scene_demo_scenes_mbu_s0_sh_walkthrough_6dfb3bdc59755e008ecd3c5f76c94225.bundle,確認解鎖失敗,Say,ミン･ツァイ,25,……そうっすね。,
scene_demo_scenes_mbu_s0_sh_walkthrough_6dfb3bdc59755e008ecd3c5f76c94225.bundle,確認解鎖失敗,Say,ミン･ツァイ,26,じゃ……俺の覚え間違いで……,
scene_demo_scenes_mbu_s0_sh_walkthrough_6dfb3bdc59755e008ecd3c5f76c94225.bundle,確認解鎖失敗,Say,ミン･ツァイ,27,兄貴、パスワードを正しく入れた……,
scene_demo_scenes_mbu_s0_sh_walkthrough_6dfb3bdc59755e008ecd3c5f76c94225.bundle,確認解鎖失敗,Branch,#Simple,10,すまない。俺が失敗した。,
scene_demo_scenes_mbu_s0_sh_walkthrough_6dfb3bdc59755e008ecd3c5f76c94225.bundle,確認解鎖失敗,Say,ミン･ツァイ,28,だ、大丈夫っす！,
scene_demo_scenes_mbu_s0_sh_walkthrough_6dfb3bdc59755e008ecd3c5f76c94225.bundle,確認解鎖失敗,Say,ミン･ツァイ,29,別に兄貴を責めてるわけじゃ……,
scene_demo_scenes_mbu_s0_sh_walkthrough_6dfb3bdc59755e008ecd3c5f76c94225.bundle,確認解鎖失敗,Say,ミン･ツァイ,30,でも兄貴はいつも慎重に行動していたから。,
scene_demo_scenes_mbu_s0_sh_walkthrough_6dfb3bdc59755e008ecd3c5f76c94225.bundle,確認解鎖失敗,Say,ミン･ツァイ,31,今日はどうも行動が変で、ちょっと心配になっただけっす……,
scene_demo_scenes_mbu_s0_sh_walkthrough_6dfb3bdc59755e008ecd3c5f76c94225.bundle,確認解鎖失敗,Say,ミン･ツァイ,32,兄貴も今切羽が詰まってたはずだから、焦るのもしょうがないっすね。,
scene_demo_scenes_mbu_s0_sh_walkthrough_6dfb3bdc59755e008ecd3c5f76c94225.bundle,確認解鎖失敗,Say,ミン･ツァイ,33,兄貴に謝らないと……,
scene_demo_scenes_mbu_s0_sh_walkthrough_6dfb3bdc59755e008ecd3c5f76c94225.bundle,確認解鎖失敗,Say,ミン･ツァイ,34,自分じゃ何も手伝えないのに、文句ばっかり言って……,
scene_demo_scenes_mbu_s0_sh_walkthrough_6dfb3bdc59755e008ecd3c5f76c94225.bundle,確認解鎖失敗,Say,ミン･ツァイ,35,兄貴、すみませんでした。,
scene_demo_scenes_mbu_s0_sh_walkthrough_6dfb3bdc59755e008ecd3c5f76c94225.bundle,確認解鎖失敗,Say,ミン･ツァイ,36,……,
scene_demo_scenes_mbu_s0_sh_walkthrough_6dfb3bdc59755e008ecd3c5f76c94225.bundle,確認解鎖失敗,Say,ミン･ツァイ,37,俺ら、これからどうすればいいっすかね。,
scene_demo_scenes_mbu_s0_sh_walkthrough_6dfb3bdc59755e008ecd3c5f76c94225.bundle,確認解鎖失敗,Branch,#Simple,11,……,
scene_demo_scenes_mbu_s0_sh_walkthrough_6dfb3bdc59755e008ecd3c5f76c94225.bundle,確認解鎖失敗,Say,ミン･ツァイ,38,制御端末でも扉を開けられないなら、もうどうしようもないっす。,
scene_demo_scenes_mbu_s0_sh_walkthrough_6dfb3bdc59755e008ecd3c5f76c94225.bundle,確認解鎖失敗,Say,ミン･ツァイ,39,……,
scene_demo_scenes_mbu_s0_sh_walkthrough_6dfb3bdc59755e008ecd3c5f76c94225.bundle,確認解鎖失敗,Say,ミン･ツァイ,40,弟もここにいればいいのに、こういうのが得意っすよ。,
scene_demo_scenes_mbu_s0_sh_walkthrough_6dfb3bdc59755e008ecd3c5f76c94225.bundle,確認解鎖失敗,Say,ミン･ツァイ,41,彼なら制御端末を何とかできたかもしれないのに。,
scene_demo_scenes_mbu_s0_sh_walkthrough_6dfb3bdc59755e008ecd3c5f76c94225.bundle,確認解鎖失敗,Say,ミン･ツァイ,42,シンは最近、頼もしくなってるっす……,
scene_demo_scenes_mbu_s0_sh_walkthrough_6dfb3bdc59755e008ecd3c5f76c94225.bundle,確認解鎖失敗,Say,心の声,0,シンの事を誇りに思っているようだな。,
scene_demo_scenes_mbu_s0_sh_walkthrough_6dfb3bdc59755e008ecd3c5f76c94225.bundle,確認解鎖失敗,Say,心の声,1,俺は……,
scene_demo_scenes_mbu_s0_sh_walkthrough_6dfb3bdc59755e008ecd3c5f76c94225.bundle,確認解鎖失敗,Branch,#Simple,12,誇りに思ってるだろう？,
scene_demo_scenes_mbu_s0_sh_walkthrough_6dfb3bdc59755e008ecd3c5f76c94225.bundle,確認解鎖失敗,Say,ミン･ツァイ,43,シンのこと？,
scene_demo_scenes_mbu_s0_sh_walkthrough_6dfb3bdc59755e008ecd3c5f76c94225.bundle,確認解鎖失敗,Say,ミン･ツァイ,44,彼はまだまだ半人前だよ！,
scene_demo_scenes_mbu_s0_sh_walkthrough_6dfb3bdc59755e008ecd3c5f76c94225.bundle,確認解鎖失敗,Say,ミン･ツァイ,45,今でも何でも俺に聞くし、しかもいつも忘れ物ばかりする。,
scene_demo_scenes_mbu_s0_sh_walkthrough_6dfb3bdc59755e008ecd3c5f76c94225.bundle,確認解鎖失敗,Say,ミン･ツァイ,46,……,
scene_demo_scenes_mbu_s0_sh_walkthrough_6dfb3bdc59755e008ecd3c5f76c94225.bundle,確認解鎖失敗,Say,ミン･ツァイ,47,でも……少しは自立したと思う……,
scene_demo_scenes_mbu_s0_sh_walkthrough_6dfb3bdc59755e008ecd3c5f76c94225.bundle,確認解鎖失敗,Say,ミン･ツァイ,48,たまにだけど皆の役に立つし、この前は一人で取引をしてました。,
scene_demo_scenes_mbu_s0_sh_walkthrough_6dfb3bdc59755e008ecd3c5f76c94225.bundle,確認解鎖失敗,Say,ミン･ツァイ,49,……ちょっと、寂しい感じっすね。,
scene_demo_scenes_mbu_s0_sh_walkthrough_6dfb3bdc59755e008ecd3c5f76c94225.bundle,確認解鎖失敗,Say,ミン･ツァイ,50,ハハハ、気にしないでください！,
scene_demo_scenes_mbu_s0_sh_walkthrough_6dfb3bdc59755e008ecd3c5f76c94225.bundle,確認解鎖失敗,Say,ミン･ツァイ,51,適当に言っただけっすよ。,
scene_demo_scenes_mbu_s0_sh_walkthrough_6dfb3bdc59755e008ecd3c5f76c94225.bundle,確認解鎖失敗,Say,ミン･ツァイ,52,早く一人前になってほしいっすよ。俺も彼の世話でうんざりっすよ。,
scene_demo_scenes_mbu_s0_sh_walkthrough_6dfb3bdc59755e008ecd3c5f76c94225.bundle,確認解鎖失敗,Branch,#Simple,13,……,
scene_demo_scenes_mbu_s0_sh_walkthrough_6dfb3bdc59755e008ecd3c5f76c94225.bundle,確認解鎖失敗,Say,ミン･ツァイ,53,……,
scene_demo_scenes_mbu_s0_sh_walkthrough_6dfb3bdc59755e008ecd3c5f76c94225.bundle,確認解鎖失敗,Say,ミン･ツァイ,54,……あいつ、大丈夫かな。,
scene_demo_scenes_mbu_s0_sh_walkthrough_6dfb3bdc59755e008ecd3c5f76c94225.bundle,確認解鎖失敗,Say,ミン･ツァイ,55,モニターの資料だと元気って兄貴が言ってたけど……,
scene_demo_scenes_mbu_s0_sh_walkthrough_6dfb3bdc59755e008ecd3c5f76c94225.bundle,確認解鎖失敗,Say,ミン･ツァイ,56,それでも彼に会いたいっすね。事故ってから彼とまだ会ってないから。,
scene_demo_scenes_mbu_s0_sh_walkthrough_6dfb3bdc59755e008ecd3c5f76c94225.bundle,確認解鎖失敗,Say,ミン･ツァイ,57,……,
scene_demo_scenes_mbu_s0_sh_walkthrough_6dfb3bdc59755e008ecd3c5f76c94225.bundle,確認解鎖失敗,Say,ミン･ツァイ,58,正直、俺らが目覚めてこんなに経つのに。,
scene_demo_scenes_mbu_s0_sh_walkthrough_6dfb3bdc59755e008ecd3c5f76c94225.bundle,確認解鎖失敗,Say,ミン･ツァイ,59,誰も来ないとは……,
scene_demo_scenes_mbu_s0_sh_walkthrough_6dfb3bdc59755e008ecd3c5f76c94225.bundle,確認解鎖失敗,Say,ミン･ツァイ,60,サツに捕まったとは考えにくいんすね。,
scene_demo_scenes_mbu_s0_sh_walkthrough_6dfb3bdc59755e008ecd3c5f76c94225.bundle,確認解鎖失敗,Say,ミン･ツァイ,61,それに兄貴は今かなり扉をノックしてたのに、誰も返事してくれませんでした。,
scene_demo_scenes_mbu_s0_sh_walkthrough_6dfb3bdc59755e008ecd3c5f76c94225.bundle,確認解鎖失敗,Say,ミン･ツァイ,62,犯罪者二人を放っとく程北区のサツはへぼじゃないと思うけど。,
scene_demo_scenes_mbu_s0_sh_walkthrough_6dfb3bdc59755e008ecd3c5f76c94225.bundle,確認解鎖失敗,Say,ミン･ツァイ,63,兄貴はどう思いますか？,
scene_demo_scenes_mbu_s0_sh_walkthrough_6dfb3bdc59755e008ecd3c5f76c94225.bundle,確認解鎖失敗,Branch,#Simple,14,一理ある。,
scene_demo_scenes_mbu_s0_sh_walkthrough_6dfb3bdc59755e008ecd3c5f76c94225.bundle,確認解鎖失敗,Say,ミン･ツァイ,64,でしょう？,
scene_demo_scenes_mbu_s0_sh_walkthrough_6dfb3bdc59755e008ecd3c5f76c94225.bundle,確認解鎖失敗,Say,ミン･ツァイ,65,はあ、ほっとした。,
scene_demo_scenes_mbu_s0_sh_walkthrough_6dfb3bdc59755e008ecd3c5f76c94225.bundle,確認解鎖失敗,Say,ミン･ツァイ,66,どうやら今は安全みたいっすね。,
scene_demo_scenes_mbu_s0_sh_walkthrough_6dfb3bdc59755e008ecd3c5f76c94225.bundle,確認解鎖失敗,Branch,#Simple,15,少しは警戒した方がいいと思う。,
scene_demo_scenes_mbu_s0_sh_walkthrough_6dfb3bdc59755e008ecd3c5f76c94225.bundle,確認解鎖失敗,Say,ミン･ツァイ,67,え？どうしてっすか？,
scene_demo_scenes_mbu_s0_sh_walkthrough_6dfb3bdc59755e008ecd3c5f76c94225.bundle,確認解鎖失敗,Branch,#Simple,16,外に物音がしたんだ。,
scene_demo_scenes_mbu_s0_sh_walkthrough_6dfb3bdc59755e008ecd3c5f76c94225.bundle,確認解鎖失敗,Branch,#Simple,17,気をつけた方がいい。,
scene_demo_scenes_mbu_s0_sh_walkthrough_6dfb3bdc59755e008ecd3c5f76c94225.bundle,確認解鎖失敗,Say,ミン･ツァイ,68,ああ、それなら大丈夫だと思うんす。,
scene_demo_scenes_mbu_s0_sh_walkthrough_6dfb3bdc59755e008ecd3c5f76c94225.bundle,確認解鎖失敗,Say,ミン･ツァイ,69,確かに、警戒しといた方がいいっすね。,
scene_demo_scenes_mbu_s0_sh_walkthrough_6dfb3bdc59755e008ecd3c5f76c94225.bundle,確認解鎖失敗,Say,ミン･ツァイ,70,でも、大丈夫だと思います。,
scene_demo_scenes_mbu_s0_sh_walkthrough_6dfb3bdc59755e008ecd3c5f76c94225.bundle,確認解鎖失敗,Say,ミン･ツァイ,71,異常はなかったでしょう？,
scene_demo_scenes_mbu_s0_sh_walkthrough_6dfb3bdc59755e008ecd3c5f76c94225.bundle,確認解鎖失敗,Say,ミン･ツァイ,72,今は少しリラックスしましょう。,
scene_demo_scenes_mbu_s0_sh_walkthrough_6dfb3bdc59755e008ecd3c5f76c94225.bundle,有警察要準備談條件了,Say,心の声,0,こういう時は、交渉で逃がしてもらうしかない。,
scene_demo_scenes_mbu_s0_sh_walkthrough_6dfb3bdc59755e008ecd3c5f76c94225.bundle,有警察要準備談條件了,Branch,#Simple,0,彼らと交渉する準備をしなきゃ。,
scene_demo_scenes_mbu_s0_sh_walkthrough_6dfb3bdc59755e008ecd3c5f76c94225.bundle,有警察要準備談條件了,Say,ミン･ツァイ,0,ブツの情報で、俺らの自由と交換する気っすか？,
scene_demo_scenes_mbu_s0_sh_walkthrough_6dfb3bdc59755e008ecd3c5f76c94225.bundle,有警察要準備談條件了,Say,ミン･ツァイ,1,俺らが最初に言ってたみたいに？,
scene_demo_scenes_mbu_s0_sh_walkthrough_6dfb3bdc59755e008ecd3c5f76c94225.bundle,有警察要準備談條件了,Say,ミン･ツァイ,2,……,
scene_demo_scenes_mbu_s0_sh_walkthrough_6dfb3bdc59755e008ecd3c5f76c94225.bundle,有警察要準備談條件了,Say,ミン･ツァイ,3,そうしたいなら、まずブツの在処を知らないといけないでしょう？,
scene_demo_scenes_mbu_s0_sh_walkthrough_6dfb3bdc59755e008ecd3c5f76c94225.bundle,有警察要準備談條件了,Branch,#Simple,1,そうだな。,
scene_demo_scenes_mbu_s0_sh_walkthrough_6dfb3bdc59755e008ecd3c5f76c94225.bundle,有警察要準備談條件了,Say,ミン･ツァイ,4,そうか……,
scene_demo_scenes_mbu_s0_sh_walkthrough_6dfb3bdc59755e008ecd3c5f76c94225.bundle,有警察要準備談條件了,Branch,#Simple,2,どうした？,
scene_demo_scenes_mbu_s0_sh_walkthrough_6dfb3bdc59755e008ecd3c5f76c94225.bundle,有警察要準備談條件了,Say,ミン･ツァイ,5,いや、ただ……,
scene_demo_scenes_mbu_s0_sh_walkthrough_6dfb3bdc59755e008ecd3c5f76c94225.bundle,有警察要準備談條件了,Branch,#Simple,3,ブツを渡せば、俺らは無事でいられる。,
scene_demo_scenes_mbu_s0_sh_walkthrough_6dfb3bdc59755e008ecd3c5f76c94225.bundle,有警察要準備談條件了,Say,ミン･ツァイ,6,ブツ？,
scene_demo_scenes_mbu_s0_sh_walkthrough_6dfb3bdc59755e008ecd3c5f76c94225.bundle,有警察要準備談條件了,Say,ミン･ツァイ,7,俺がドローンで運んだものっすか？,
scene_demo_scenes_mbu_s0_sh_walkthrough_6dfb3bdc59755e008ecd3c5f76c94225.bundle,有警察要準備談條件了,Say,ミン･ツァイ,8,それに、無事ってどういう意味っすか？,
scene_demo_scenes_mbu_s0_sh_walkthrough_6dfb3bdc59755e008ecd3c5f76c94225.bundle,有警察要準備談條件了,Say,ミン･ツァイ,9,俺らを逮捕せず、見逃してくれるってことっすか？,
scene_demo_scenes_mbu_s0_sh_walkthrough_6dfb3bdc59755e008ecd3c5f76c94225.bundle,有警察要準備談條件了,Branch,#Simple,4,ああ。,
scene_demo_scenes_mbu_s0_sh_walkthrough_6dfb3bdc59755e008ecd3c5f76c94225.bundle,有警察要準備談條件了,Branch,#Simple,5,……,
scene_demo_scenes_mbu_s0_sh_walkthrough_6dfb3bdc59755e008ecd3c5f76c94225.bundle,有警察要準備談條件了,Say,ミン･ツァイ,10,そう上手く行きますかね……？,
scene_demo_scenes_mbu_s0_sh_walkthrough_6dfb3bdc59755e008ecd3c5f76c94225.bundle,有警察要準備談條件了,Say,ミン･ツァイ,11,それに、どうして俺らがブツを差し出せば解放してくれるんすか？,
scene_demo_scenes_mbu_s0_sh_walkthrough_6dfb3bdc59755e008ecd3c5f76c94225.bundle,有警察要準備談條件了,Say,ミン･ツァイ,12,俺らは現行犯で、サツらは確かな証拠があるはずっすよ。,
scene_demo_scenes_mbu_s0_sh_walkthrough_6dfb3bdc59755e008ecd3c5f76c94225.bundle,有警察要準備談條件了,Say,ミン･ツァイ,13,目撃者も多いし、この件で誰も逮捕者がいなかったら……,
scene_demo_scenes_mbu_s0_sh_walkthrough_6dfb3bdc59755e008ecd3c5f76c94225.bundle,有警察要準備談條件了,Say,ミン･ツァイ,14,サツだって困るでしょう？,
scene_demo_scenes_mbu_s0_sh_walkthrough_6dfb3bdc59755e008ecd3c5f76c94225.bundle,有警察要準備談條件了,Say,ミン･ツァイ,15,一人なら、逃がしてくれるかもしれないけど……,
scene_demo_scenes_mbu_s0_sh_walkthrough_6dfb3bdc59755e008ecd3c5f76c94225.bundle,有警察要準備談條件了,Say,ミン･ツァイ,16,ブツを差し出せば、俺ら三人共許されるって……,
scene_demo_scenes_mbu_s0_sh_walkthrough_6dfb3bdc59755e008ecd3c5f76c94225.bundle,有警察要準備談條件了,Say,ミン･ツァイ,17,兄貴、本当に大丈夫っすか？,
scene_demo_scenes_mbu_s0_sh_walkthrough_6dfb3bdc59755e008ecd3c5f76c94225.bundle,有警察要準備談條件了,Branch,#Simple,6,大丈夫だ。あのものは彼らに対して重要だからな。,
scene_demo_scenes_mbu_s0_sh_walkthrough_6dfb3bdc59755e008ecd3c5f76c94225.bundle,有警察要準備談條件了,Say,ミン･ツァイ,18,……,
scene_demo_scenes_mbu_s0_sh_walkthrough_6dfb3bdc59755e008ecd3c5f76c94225.bundle,有警察要準備談條件了,Say,ミン･ツァイ,19,どうして分かるんすか？,
scene_demo_scenes_mbu_s0_sh_walkthrough_6dfb3bdc59755e008ecd3c5f76c94225.bundle,有警察要準備談條件了,Say,ミン･ツァイ,20,兄貴は最初からブツの中身を教えてくれないし……,
scene_demo_scenes_mbu_s0_sh_walkthrough_6dfb3bdc59755e008ecd3c5f76c94225.bundle,有警察要準備談條件了,Say,ミン･ツァイ,21,俺はどうすればそれが価値のあるものだと信じられるんすか？,
scene_demo_scenes_mbu_s0_sh_walkthrough_6dfb3bdc59755e008ecd3c5f76c94225.bundle,有警察要準備談條件了,Branch,#Simple,7,保証はできないが、試す価値はある。,
scene_demo_scenes_mbu_s0_sh_walkthrough_6dfb3bdc59755e008ecd3c5f76c94225.bundle,有警察要準備談條件了,Say,ミン･ツァイ,22,……,
scene_demo_scenes_mbu_s0_sh_walkthrough_6dfb3bdc59755e008ecd3c5f76c94225.bundle,有警察要準備談條件了,Say,ミン･ツァイ,23,それは……納得いかないっす。,
scene_demo_scenes_mbu_s0_sh_walkthrough_6dfb3bdc59755e008ecd3c5f76c94225.bundle,有警察要準備談條件了,Branch,#Simple,8,というと、俺は今お前を納得させる必要があると？,
scene_demo_scenes_mbu_s0_sh_walkthrough_6dfb3bdc59755e008ecd3c5f76c94225.bundle,有警察要準備談條件了,Say,ミン･ツァイ,24,はい、そうです。,
scene_demo_scenes_mbu_s0_sh_walkthrough_6dfb3bdc59755e008ecd3c5f76c94225.bundle,有警察要準備談條件了,Branch,#Simple,9,……,
scene_demo_scenes_mbu_s0_sh_walkthrough_6dfb3bdc59755e008ecd3c5f76c94225.bundle,有警察要準備談條件了,Say,ミン･ツァイ,25,俺はサツのやり方が分からない、だから兄貴も信じられないっす。,
scene_demo_scenes_mbu_s0_sh_walkthrough_6dfb3bdc59755e008ecd3c5f76c94225.bundle,有警察要準備談條件了,Say,ミン･ツァイ,26,ブツの情報を手に入れた後にも、俺らを逮捕できるはずっす。,
scene_demo_scenes_mbu_s0_sh_walkthrough_6dfb3bdc59755e008ecd3c5f76c94225.bundle,有警察要準備談條件了,Say,ミン･ツァイ,27,俺らを簡単に許すとは思わないっす。,
scene_demo_scenes_mbu_s0_sh_walkthrough_6dfb3bdc59755e008ecd3c5f76c94225.bundle,有警察要準備談條件了,Branch,#Simple,10,考えすぎだ。そんなのはあり得ない。,
scene_demo_scenes_mbu_s0_sh_walkthrough_6dfb3bdc59755e008ecd3c5f76c94225.bundle,有警察要準備談條件了,Say,ミン･ツァイ,28,慎重に越したことがないでしょう？,
scene_demo_scenes_mbu_s0_sh_walkthrough_6dfb3bdc59755e008ecd3c5f76c94225.bundle,有警察要準備談條件了,Say,ミン･ツァイ,29,兄貴こそ、楽観的過ぎるんじゃないっすか？,
scene_demo_scenes_mbu_s0_sh_walkthrough_6dfb3bdc59755e008ecd3c5f76c94225.bundle,有警察要準備談條件了,Say,心の声,1,その態度……俺に敵意を？,
scene_demo_scenes_mbu_s0_sh_walkthrough_6dfb3bdc59755e008ecd3c5f76c94225.bundle,有警察要準備談條件了,Say,心の声,2,いや、疑っていると言うべきか……,
scene_demo_scenes_mbu_s0_sh_walkthrough_6dfb3bdc59755e008ecd3c5f76c94225.bundle,有警察要準備談條件了,Branch,#Simple,11,どういう意味だ？,
scene_demo_scenes_mbu_s0_sh_walkthrough_6dfb3bdc59755e008ecd3c5f76c94225.bundle,有警察要準備談條件了,Say,ミン･ツァイ,30,兄貴がシンの命を大事に思っていなさそうだから。,
scene_demo_scenes_mbu_s0_sh_walkthrough_6dfb3bdc59755e008ecd3c5f76c94225.bundle,有警察要準備談條件了,Say,心の声,3,俺はずっと大事に思っているよ。,
scene_demo_scenes_mbu_s0_sh_walkthrough_6dfb3bdc59755e008ecd3c5f76c94225.bundle,有警察要準備談條件了,Say,ミン･ツァイ,31,兄貴が保身のために俺らを見捨てるんじゃないかと、俺は思ってるっす。,
scene_demo_scenes_mbu_s0_sh_walkthrough_6dfb3bdc59755e008ecd3c5f76c94225.bundle,有警察要準備談條件了,Say,心の声,4,そんな、俺はずっとお前ら二人の事を大事に思ってるんだ。,
scene_demo_scenes_mbu_s0_sh_walkthrough_6dfb3bdc59755e008ecd3c5f76c94225.bundle,有警察要準備談條件了,Branch,#Simple,12,違う。俺はお前ら二人を大事に思っている。,
scene_demo_scenes_mbu_s0_sh_walkthrough_6dfb3bdc59755e008ecd3c5f76c94225.bundle,有警察要準備談條件了,Say,ミン･ツァイ,32,俺……,
scene_demo_scenes_mbu_s0_sh_walkthrough_6dfb3bdc59755e008ecd3c5f76c94225.bundle,有警察要準備談條件了,Say,ミン･ツァイ,33,弟に前科がつくのはだめなんすよ！,
scene_demo_scenes_mbu_s0_sh_walkthrough_6dfb3bdc59755e008ecd3c5f76c94225.bundle,有警察要準備談條件了,Branch,#Simple,13,お前一人で何ができる？,
scene_demo_scenes_mbu_s0_sh_walkthrough_6dfb3bdc59755e008ecd3c5f76c94225.bundle,有警察要準備談條件了,Branch,#Simple,14,俺を信じてないのか？,
scene_demo_scenes_mbu_s0_sh_walkthrough_6dfb3bdc59755e008ecd3c5f76c94225.bundle,有警察要準備談條件了,Say,ミン･ツァイ,34,分からない……兄貴を……,
scene_demo_scenes_mbu_s0_sh_walkthrough_6dfb3bdc59755e008ecd3c5f76c94225.bundle,有警察要準備談條件了,Say,ミン･ツァイ,35,信じるべきか分からないっす。,
scene_demo_scenes_mbu_s0_sh_walkthrough_6dfb3bdc59755e008ecd3c5f76c94225.bundle,有警察要準備談條件了,Branch,#Simple,15,そうか。,
scene_demo_scenes_mbu_s0_sh_walkthrough_6dfb3bdc59755e008ecd3c5f76c94225.bundle,有警察要準備談條件了,Branch,#Simple,16,……,
scene_demo_scenes_mbu_s0_sh_walkthrough_6dfb3bdc59755e008ecd3c5f76c94225.bundle,有警察要準備談條件了,Say,ミン･ツァイ,36,正直、俺は怖いっす……,
scene_demo_scenes_mbu_s0_sh_walkthrough_6dfb3bdc59755e008ecd3c5f76c94225.bundle,有警察要準備談條件了,Branch,#Simple,17,お前はどうしたい？,
scene_demo_scenes_mbu_s0_sh_walkthrough_6dfb3bdc59755e008ecd3c5f76c94225.bundle,有警察要準備談條件了,Say,ミン･ツァイ,37,俺は、自分でサツと交渉したい。,
scene_demo_scenes_mbu_s0_sh_walkthrough_6dfb3bdc59755e008ecd3c5f76c94225.bundle,有警察要準備談條件了,Say,ミン･ツァイ,38,ブツの在処を知ってるのは俺だけっす。だから交渉は俺が行う。,
scene_demo_scenes_mbu_s0_sh_walkthrough_6dfb3bdc59755e008ecd3c5f76c94225.bundle,有警察要準備談條件了,Branch,#Simple,18,彼らはブツ自体をそれほど重視していないかもしれない。,
scene_demo_scenes_mbu_s0_sh_walkthrough_6dfb3bdc59755e008ecd3c5f76c94225.bundle,有警察要準備談條件了,Say,ミン･ツァイ,39,それはあり得ないっす。俺らを追うために戦闘ドローンを何チームも出してました。,
scene_demo_scenes_mbu_s0_sh_walkthrough_6dfb3bdc59755e008ecd3c5f76c94225.bundle,有警察要準備談條件了,Say,ミン･ツァイ,40,ブツがどうでもいいなわけがないっす。,
scene_demo_scenes_mbu_s0_sh_walkthrough_6dfb3bdc59755e008ecd3c5f76c94225.bundle,有警察要準備談條件了,Say,ミン･ツァイ,41,むしろ兄貴こそ、俺とシンの事がどうでもいいじゃないすか？,
scene_demo_scenes_mbu_s0_sh_walkthrough_6dfb3bdc59755e008ecd3c5f76c94225.bundle,有警察要準備談條件了,Say,心の声,5,何の事だ！どうでもいいわけがなかろう。,
scene_demo_scenes_mbu_s0_sh_walkthrough_6dfb3bdc59755e008ecd3c5f76c94225.bundle,有警察要準備談條件了,Say,ミン･ツァイ,42,兄貴はただ、俺からブツの情報を聞き出したいだけでしょう！,
scene_demo_scenes_mbu_s0_sh_walkthrough_6dfb3bdc59755e008ecd3c5f76c94225.bundle,有警察要準備談條件了,Branch,#Simple,19,そんなのはどうでもいい。サツと交渉できるのは俺だけだ。,
scene_demo_scenes_mbu_s0_sh_walkthrough_6dfb3bdc59755e008ecd3c5f76c94225.bundle,有警察要準備談條件了,Say,心の声,6,俺は一体何を話しているんだ！どうして俺がこの子に……,
scene_demo_scenes_mbu_s0_sh_walkthrough_6dfb3bdc59755e008ecd3c5f76c94225.bundle,有警察要準備談條件了,Say,ミン･ツァイ,43,俺は自分に賭けても、兄貴を信じない！,
scene_demo_scenes_mbu_s0_sh_walkthrough_6dfb3bdc59755e008ecd3c5f76c94225.bundle,有警察要準備談條件了,Branch,#Simple,20,俺はお前らを大事に思っている。,
scene_demo_scenes_mbu_s0_sh_walkthrough_6dfb3bdc59755e008ecd3c5f76c94225.bundle,有警察要準備談條件了,Say,ミン･ツァイ,44,だったら、弟に前科を残したくないくらい分かってるでしょう！,
scene_demo_scenes_mbu_s0_sh_walkthrough_6dfb3bdc59755e008ecd3c5f76c94225.bundle,有警察要準備談條件了,Branch,#Simple,21,じゃ、俺は？,
scene_demo_scenes_mbu_s0_sh_walkthrough_6dfb3bdc59755e008ecd3c5f76c94225.bundle,有警察要準備談條件了,Say,ミン･ツァイ,45,俺……,
scene_demo_scenes_mbu_s0_sh_walkthrough_6dfb3bdc59755e008ecd3c5f76c94225.bundle,有警察要準備談條件了,Say,ミン･ツァイ,46,兄貴を解放するように彼らに持ちかけます。,
scene_demo_scenes_mbu_s0_sh_walkthrough_6dfb3bdc59755e008ecd3c5f76c94225.bundle,有警察要準備談條件了,Branch,#Simple,22,でも、お前には自信がない。,
scene_demo_scenes_mbu_s0_sh_walkthrough_6dfb3bdc59755e008ecd3c5f76c94225.bundle,有警察要準備談條件了,Branch,#Simple,23,……,
scene_demo_scenes_mbu_s0_sh_walkthrough_6dfb3bdc59755e008ecd3c5f76c94225.bundle,有警察要準備談條件了,Say,ミン･ツァイ,47,……,
scene_demo_scenes_mbu_s0_sh_walkthrough_6dfb3bdc59755e008ecd3c5f76c94225.bundle,有警察要準備談條件了,Say,ミン･ツァイ,48,だったらどうするべきっすか？兄貴が助けてくれると信じてればいいんすか？,
scene_demo_scenes_mbu_s0_sh_walkthrough_6dfb3bdc59755e008ecd3c5f76c94225.bundle,有警察要準備談條件了,Say,ミン･ツァイ,49,兄貴が嘘をついたら？交渉が上手く行かなかったら？,
scene_demo_scenes_mbu_s0_sh_walkthrough_6dfb3bdc59755e008ecd3c5f76c94225.bundle,有警察要準備談條件了,Say,ミン･ツァイ,50,シンに前科を残しちゃだめなんすよ！,
scene_demo_scenes_mbu_s0_sh_walkthrough_6dfb3bdc59755e008ecd3c5f76c94225.bundle,有警察要準備談條件了,Branch,#Simple,24,俺には人脈がある、大丈夫だ。,
scene_demo_scenes_mbu_s0_sh_walkthrough_6dfb3bdc59755e008ecd3c5f76c94225.bundle,有警察要準備談條件了,Say,ミン･ツァイ,51,……,
scene_demo_scenes_mbu_s0_sh_walkthrough_6dfb3bdc59755e008ecd3c5f76c94225.bundle,有警察要準備談條件了,Say,ミン･ツァイ,52,じゃ、俺と弟はどうなんすか？,
scene_demo_scenes_mbu_s0_sh_walkthrough_6dfb3bdc59755e008ecd3c5f76c94225.bundle,有警察要準備談條件了,Say,心の声,7,どういう意味だ？,
scene_demo_scenes_mbu_s0_sh_walkthrough_6dfb3bdc59755e008ecd3c5f76c94225.bundle,有警察要準備談條件了,Say,ミン･ツァイ,53,兄貴に交渉を任せたら、俺らはどうなるんすか？,
scene_demo_scenes_mbu_s0_sh_walkthrough_6dfb3bdc59755e008ecd3c5f76c94225.bundle,有警察要準備談條件了,Say,心の声,8,我が身が心配か？,
scene_demo_scenes_mbu_s0_sh_walkthrough_6dfb3bdc59755e008ecd3c5f76c94225.bundle,有警察要準備談條件了,Say,心の声,9,いや、弟の事を心配している。彼は自分の事より弟を優先するから。,
scene_demo_scenes_mbu_s0_sh_walkthrough_6dfb3bdc59755e008ecd3c5f76c94225.bundle,有警察要準備談條件了,Say,ミン･ツァイ,54,教えてください。俺らはどうなるんすか？,
scene_demo_scenes_mbu_s0_sh_walkthrough_6dfb3bdc59755e008ecd3c5f76c94225.bundle,沒警察，可以跟我說吧？,Say,ミン･ツァイ,0,大丈夫なら、今はどうするんすか？,
scene_demo_scenes_mbu_s0_sh_walkthrough_6dfb3bdc59755e008ecd3c5f76c94225.bundle,沒警察，可以跟我說吧？,Branch,#Simple,0,そのブツをどう処理するのかを考えてるんだ。,
scene_demo_scenes_mbu_s0_sh_walkthrough_6dfb3bdc59755e008ecd3c5f76c94225.bundle,沒警察，可以跟我說吧？,Say,ミン･ツァイ,1,ブツ？,
scene_demo_scenes_mbu_s0_sh_walkthrough_6dfb3bdc59755e008ecd3c5f76c94225.bundle,沒警察，可以跟我說吧？,Say,ミン･ツァイ,2,ああ……今回の取引のものっすね。,
scene_demo_scenes_mbu_s0_sh_walkthrough_6dfb3bdc59755e008ecd3c5f76c94225.bundle,沒警察，可以跟我說吧？,Say,ミン･ツァイ,3,……,
scene_demo_scenes_mbu_s0_sh_walkthrough_6dfb3bdc59755e008ecd3c5f76c94225.bundle,沒警察，可以跟我說吧？,Say,ミン･ツァイ,4,処理するには、まずブツの在処を知る必要がありますよね。,
scene_demo_scenes_mbu_s0_sh_walkthrough_6dfb3bdc59755e008ecd3c5f76c94225.bundle,沒警察，可以跟我說吧？,Say,心の声,0,この話を嫌がっているようだ。,
scene_demo_scenes_mbu_s0_sh_walkthrough_6dfb3bdc59755e008ecd3c5f76c94225.bundle,沒警察，可以跟我說吧？,Branch,#Simple,1,ああ、それを知る必要がある。,
scene_demo_scenes_mbu_s0_sh_walkthrough_6dfb3bdc59755e008ecd3c5f76c94225.bundle,沒警察，可以跟我說吧？,Branch,#Simple,2,何か言いたくないことでもあるのか？,
scene_demo_scenes_mbu_s0_sh_walkthrough_6dfb3bdc59755e008ecd3c5f76c94225.bundle,沒警察，可以跟我說吧？,Say,ミン･ツァイ,5,ないっすけど……,
scene_demo_scenes_mbu_s0_sh_walkthrough_6dfb3bdc59755e008ecd3c5f76c94225.bundle,沒警察，可以跟我說吧？,Say,ミン･ツァイ,6,今はそれを話すタイミングではないと思うんす！,
scene_demo_scenes_mbu_s0_sh_walkthrough_6dfb3bdc59755e008ecd3c5f76c94225.bundle,沒警察，可以跟我說吧？,Say,ミン･ツァイ,7,むしろ、まずブツの正体を教えてください。,
scene_demo_scenes_mbu_s0_sh_walkthrough_6dfb3bdc59755e008ecd3c5f76c94225.bundle,沒警察，可以跟我說吧？,Branch,#Simple,3,ダメだ。まず場所を言え。,
scene_demo_scenes_mbu_s0_sh_walkthrough_6dfb3bdc59755e008ecd3c5f76c94225.bundle,沒警察，可以跟我說吧？,Say,ミン･ツァイ,8,急にどうしたんすか？,
scene_demo_scenes_mbu_s0_sh_walkthrough_6dfb3bdc59755e008ecd3c5f76c94225.bundle,沒警察，可以跟我說吧？,Branch,#Simple,4,そっちこそだ。急にどうした？,
scene_demo_scenes_mbu_s0_sh_walkthrough_6dfb3bdc59755e008ecd3c5f76c94225.bundle,沒警察，可以跟我說吧？,Branch,#Simple,5,ミン、質問に答えろ。,
scene_demo_scenes_mbu_s0_sh_walkthrough_6dfb3bdc59755e008ecd3c5f76c94225.bundle,沒警察，可以跟我說吧？,Say,ミン･ツァイ,9,今、それを話す必要がない、と思っただけっす……,
scene_demo_scenes_mbu_s0_sh_walkthrough_6dfb3bdc59755e008ecd3c5f76c94225.bundle,沒警察，可以跟我說吧？,Say,ミン･ツァイ,10,それに、兄貴だってブツの正体を教えてくれないじゃないすか！,
scene_demo_scenes_mbu_s0_sh_walkthrough_6dfb3bdc59755e008ecd3c5f76c94225.bundle,沒警察，可以跟我說吧？,Say,ミン･ツァイ,11,ここまでの苦労をかけた価値があるかどうかすら、俺は分かんないすよ？,
scene_demo_scenes_mbu_s0_sh_walkthrough_6dfb3bdc59755e008ecd3c5f76c94225.bundle,沒警察，可以跟我說吧？,Say,ミン･ツァイ,12,まず俺に説明してくださいよ。,
scene_demo_scenes_mbu_s0_sh_walkthrough_6dfb3bdc59755e008ecd3c5f76c94225.bundle,沒警察，可以跟我說吧？,Branch,#Simple,6,どうしてそれが知りたい？,
scene_demo_scenes_mbu_s0_sh_walkthrough_6dfb3bdc59755e008ecd3c5f76c94225.bundle,沒警察，可以跟我說吧？,Say,ミン･ツァイ,13,こ、好奇心っす！,
scene_demo_scenes_mbu_s0_sh_walkthrough_6dfb3bdc59755e008ecd3c5f76c94225.bundle,沒警察，可以跟我說吧？,Say,ミン･ツァイ,14,だってそれのせいで俺らがこんな散々な目に遭ったでしょう！,
scene_demo_scenes_mbu_s0_sh_walkthrough_6dfb3bdc59755e008ecd3c5f76c94225.bundle,沒警察，可以跟我說吧？,Say,ミン･ツァイ,15,何なんだか知りたいと思うのが普通だと思うけど。,
scene_demo_scenes_mbu_s0_sh_walkthrough_6dfb3bdc59755e008ecd3c5f76c94225.bundle,沒警察，可以跟我說吧？,Say,ミン･ツァイ,16,信用に値するかどうかとか……,
scene_demo_scenes_mbu_s0_sh_walkthrough_6dfb3bdc59755e008ecd3c5f76c94225.bundle,沒警察，可以跟我說吧？,Branch,#Simple,7,ブツの場所を教えてくれないか。,
scene_demo_scenes_mbu_s0_sh_walkthrough_6dfb3bdc59755e008ecd3c5f76c94225.bundle,沒警察，可以跟我說吧？,Say,ミン･ツァイ,17,ブツ？何のことっすか？,
scene_demo_scenes_mbu_s0_sh_walkthrough_6dfb3bdc59755e008ecd3c5f76c94225.bundle,沒警察，可以跟我說吧？,Say,心の声,1,とぼけてるようだ。見え見えだな。,
scene_demo_scenes_mbu_s0_sh_walkthrough_6dfb3bdc59755e008ecd3c5f76c94225.bundle,沒警察，可以跟我說吧？,Branch,#Simple,8,とぼけるな、何の話だか分かってるだろう？,
scene_demo_scenes_mbu_s0_sh_walkthrough_6dfb3bdc59755e008ecd3c5f76c94225.bundle,沒警察，可以跟我說吧？,Say,ミン･ツァイ,18,とぼけるもなにも、まず兄貴に確認しただけじゃないすか！,
scene_demo_scenes_mbu_s0_sh_walkthrough_6dfb3bdc59755e008ecd3c5f76c94225.bundle,沒警察，可以跟我說吧？,Branch,#Simple,9,そうか？,
scene_demo_scenes_mbu_s0_sh_walkthrough_6dfb3bdc59755e008ecd3c5f76c94225.bundle,沒警察，可以跟我說吧？,Say,ミン･ツァイ,19,そうっすよ！,
scene_demo_scenes_mbu_s0_sh_walkthrough_6dfb3bdc59755e008ecd3c5f76c94225.bundle,沒警察，可以跟我說吧？,Say,ミン･ツァイ,20,俺を疑ってるんすか！？,
scene_demo_scenes_mbu_s0_sh_walkthrough_6dfb3bdc59755e008ecd3c5f76c94225.bundle,沒警察，可以跟我說吧？,Branch,#Simple,10,ああ、お前は挙動不審だからな。,
scene_demo_scenes_mbu_s0_sh_walkthrough_6dfb3bdc59755e008ecd3c5f76c94225.bundle,沒警察，可以跟我說吧？,Say,ミン･ツァイ,21,俺が……！？,
scene_demo_scenes_mbu_s0_sh_walkthrough_6dfb3bdc59755e008ecd3c5f76c94225.bundle,沒警察，可以跟我說吧？,Branch,#Simple,11,違う、冷静になれ。,
scene_demo_scenes_mbu_s0_sh_walkthrough_6dfb3bdc59755e008ecd3c5f76c94225.bundle,沒警察，可以跟我說吧？,Say,ミン･ツァイ,22,俺は冷静っすよ！,
scene_demo_scenes_mbu_s0_sh_walkthrough_6dfb3bdc59755e008ecd3c5f76c94225.bundle,沒警察，可以跟我說吧？,Branch,#Simple,12,……,
scene_demo_scenes_mbu_s0_sh_walkthrough_6dfb3bdc59755e008ecd3c5f76c94225.bundle,沒警察，可以跟我說吧？,Say,ミン･ツァイ,23,じゃ、どうして兄貴はブツの正体を教えてくれないすか？,
scene_demo_scenes_mbu_s0_sh_walkthrough_6dfb3bdc59755e008ecd3c5f76c94225.bundle,沒警察，可以跟我說吧？,Say,ミン･ツァイ,24,兄貴だって、ずっととぼけてたんすよ！,
scene_demo_scenes_mbu_s0_sh_walkthrough_6dfb3bdc59755e008ecd3c5f76c94225.bundle,沒警察，可以跟我說吧？,Branch,#Simple,13,……,
scene_demo_scenes_mbu_s0_sh_walkthrough_6dfb3bdc59755e008ecd3c5f76c94225.bundle,沒警察，可以跟我說吧？,Say,ミン･ツァイ,25,兄貴こそ言い訳ばかりで、何も教えてくれないじゃないすか！,
scene_demo_scenes_mbu_s0_sh_walkthrough_6dfb3bdc59755e008ecd3c5f76c94225.bundle,沒警察，可以跟我說吧？,Say,ミン･ツァイ,26,兄貴は今でもブツの正体を教えてくれてないけど？,
scene_demo_scenes_mbu_s0_sh_walkthrough_6dfb3bdc59755e008ecd3c5f76c94225.bundle,沒警察，可以跟我說吧？,Say,ミン･ツァイ,27,俺らがここまで苦労する価値があったんすか？,
scene_demo_scenes_mbu_s0_sh_walkthrough_6dfb3bdc59755e008ecd3c5f76c94225.bundle,沒警察，可以跟我說吧？,Branch,#Simple,14,マサから買ったもののことだ。,
scene_demo_scenes_mbu_s0_sh_walkthrough_6dfb3bdc59755e008ecd3c5f76c94225.bundle,沒警察，可以跟我說吧？,Say,ミン･ツァイ,28,そうか……,
scene_demo_scenes_mbu_s0_sh_walkthrough_6dfb3bdc59755e008ecd3c5f76c94225.bundle,沒警察，可以跟我說吧？,Say,ミン･ツァイ,29,そういえば！,
scene_demo_scenes_mbu_s0_sh_walkthrough_6dfb3bdc59755e008ecd3c5f76c94225.bundle,沒警察，可以跟我說吧？,Say,ミン･ツァイ,30,それって何なんすか？,
scene_demo_scenes_mbu_s0_sh_walkthrough_6dfb3bdc59755e008ecd3c5f76c94225.bundle,沒警察，可以跟我說吧？,Say,心の声,2,なるほど。,
scene_demo_scenes_mbu_s0_sh_walkthrough_6dfb3bdc59755e008ecd3c5f76c94225.bundle,沒警察，可以跟我說吧？,Say,心の声,3,ミンはブツの価値を調べようとしている。,
scene_demo_scenes_mbu_s0_sh_walkthrough_6dfb3bdc59755e008ecd3c5f76c94225.bundle,沒警察，可以跟我說吧？,Say,心の声,4,それに俺にブツの場所を隠そうと……,
scene_demo_scenes_mbu_s0_sh_walkthrough_6dfb3bdc59755e008ecd3c5f76c94225.bundle,沒警察，可以跟我說吧？,Say,心の声,5,こいつ……,
scene_demo_scenes_mbu_s0_sh_walkthrough_6dfb3bdc59755e008ecd3c5f76c94225.bundle,沒警察，可以跟我說吧？,Say,心の声,6,サツと交渉して、自分だけで逃げようとしてるんだな？,
scene_demo_scenes_mbu_s0_sh_walkthrough_6dfb3bdc59755e008ecd3c5f76c94225.bundle,沒警察，可以跟我說吧？,Say,心の声,7,俺らがもう安全になったのを信じていないようだ。,
scene_demo_scenes_mbu_s0_sh_walkthrough_6dfb3bdc59755e008ecd3c5f76c94225.bundle,沒警察，可以跟我說吧？,Branch,#Simple,15,お前、自分でサツと交渉したいのか？,
scene_demo_scenes_mbu_s0_sh_walkthrough_6dfb3bdc59755e008ecd3c5f76c94225.bundle,沒警察，可以跟我說吧？,Say,ミン･ツァイ,31,……,
scene_demo_scenes_mbu_s0_sh_walkthrough_6dfb3bdc59755e008ecd3c5f76c94225.bundle,沒警察，可以跟我說吧？,Say,ミン･ツァイ,32,……,
scene_demo_scenes_mbu_s0_sh_walkthrough_6dfb3bdc59755e008ecd3c5f76c94225.bundle,沒警察，可以跟我說吧？,Say,ミン･ツァイ,33,……,
scene_demo_scenes_mbu_s0_sh_walkthrough_6dfb3bdc59755e008ecd3c5f76c94225.bundle,沒警察，可以跟我說吧？,Say,ミン･ツァイ,34,そうです。,
scene_demo_scenes_mbu_s0_sh_walkthrough_6dfb3bdc59755e008ecd3c5f76c94225.bundle,沒警察，可以跟我說吧？,Say,ミン･ツァイ,35,だからなんすか？,
scene_demo_scenes_mbu_s0_sh_walkthrough_6dfb3bdc59755e008ecd3c5f76c94225.bundle,沒警察，可以跟我說吧？,Branch,#Simple,16,俺を見捨てるのか？,
scene_demo_scenes_mbu_s0_sh_walkthrough_6dfb3bdc59755e008ecd3c5f76c94225.bundle,沒警察，可以跟我說吧？,Say,ミン･ツァイ,36,見捨てられるのはこっちでしょう？,
scene_demo_scenes_mbu_s0_sh_walkthrough_6dfb3bdc59755e008ecd3c5f76c94225.bundle,沒警察，可以跟我說吧？,Say,ミン･ツァイ,37,ブツの在処、それは俺の唯一の手札なんすよ！,
scene_demo_scenes_mbu_s0_sh_walkthrough_6dfb3bdc59755e008ecd3c5f76c94225.bundle,沒警察，可以跟我說吧？,Say,ミン･ツァイ,38,兄貴がもし交渉失敗したら？俺らを見捨てようとしたら？,
scene_demo_scenes_mbu_s0_sh_walkthrough_6dfb3bdc59755e008ecd3c5f76c94225.bundle,沒警察，可以跟我說吧？,Branch,#Simple,17,だから保身を考えたと？,
scene_demo_scenes_mbu_s0_sh_walkthrough_6dfb3bdc59755e008ecd3c5f76c94225.bundle,沒警察，可以跟我說吧？,Say,ミン･ツァイ,39,違う！俺の事なんてどうでもいいっす！,
scene_demo_scenes_mbu_s0_sh_walkthrough_6dfb3bdc59755e008ecd3c5f76c94225.bundle,沒警察，可以跟我說吧？,Say,ミン･ツァイ,40,捕まえようが、俺は気にしない！,
scene_demo_scenes_mbu_s0_sh_walkthrough_6dfb3bdc59755e008ecd3c5f76c94225.bundle,沒警察，可以跟我說吧？,Say,ミン･ツァイ,41,ただ……,
scene_demo_scenes_mbu_s0_sh_walkthrough_6dfb3bdc59755e008ecd3c5f76c94225.bundle,沒警察，可以跟我說吧？,Say,心の声,8,弟が心配なのか。,
scene_demo_scenes_mbu_s0_sh_walkthrough_6dfb3bdc59755e008ecd3c5f76c94225.bundle,沒警察，可以跟我說吧？,Say,心の声,9,ミンはいつもそうだ。,
scene_demo_scenes_mbu_s0_sh_walkthrough_6dfb3bdc59755e008ecd3c5f76c94225.bundle,沒警察，可以跟我說吧？,Say,ミン･ツァイ,42,俺はただ、弟を守りたいだけっす。,
scene_demo_scenes_mbu_s0_sh_walkthrough_6dfb3bdc59755e008ecd3c5f76c94225.bundle,沒警察，可以跟我說吧？,Say,ミン･ツァイ,43,どんな状況でも、彼だけは守りたいっす。,
scene_demo_scenes_mbu_s0_sh_walkthrough_6dfb3bdc59755e008ecd3c5f76c94225.bundle,沒警察，可以跟我說吧？,Say,ミン･ツァイ,44,絶対彼に前科を残したくないっす！,
scene_demo_scenes_mbu_s0_sh_walkthrough_6dfb3bdc59755e008ecd3c5f76c94225.bundle,沒警察，可以跟我說吧？,Branch,#Simple,18,俺を信じてないのか？,
scene_demo_scenes_mbu_s0_sh_walkthrough_6dfb3bdc59755e008ecd3c5f76c94225.bundle,沒警察，可以跟我說吧？,Say,ミン･ツァイ,45,信じるとかの問題じゃないっす！,
scene_demo_scenes_mbu_s0_sh_walkthrough_6dfb3bdc59755e008ecd3c5f76c94225.bundle,沒警察，可以跟我說吧？,Branch,#Simple,19,信じるか、信じないかの問題だ。,
scene_demo_scenes_mbu_s0_sh_walkthrough_6dfb3bdc59755e008ecd3c5f76c94225.bundle,沒警察，可以跟我說吧？,Say,ミン･ツァイ,46,俺……,
scene_demo_scenes_mbu_s0_sh_walkthrough_6dfb3bdc59755e008ecd3c5f76c94225.bundle,沒警察，可以跟我說吧？,Branch,#Simple,20,……,
scene_demo_scenes_mbu_s0_sh_walkthrough_6dfb3bdc59755e008ecd3c5f76c94225.bundle,沒警察，可以跟我說吧？,Say,ミン･ツァイ,47,俺はそんなリスクを冒せないっす！,
scene_demo_scenes_mbu_s0_sh_walkthrough_6dfb3bdc59755e008ecd3c5f76c94225.bundle,沒警察，可以跟我說吧？,Say,ミン･ツァイ,48,俺の事はどうでもいい……,
scene_demo_scenes_mbu_s0_sh_walkthrough_6dfb3bdc59755e008ecd3c5f76c94225.bundle,沒警察，可以跟我說吧？,Say,ミン･ツァイ,49,でも弟だけは、どうしても彼に前科を残しちゃだめっす！,
scene_demo_scenes_mbu_s0_sh_walkthrough_6dfb3bdc59755e008ecd3c5f76c94225.bundle,沒警察，可以跟我說吧？,Say,ミン･ツァイ,50,兄貴の方が分かってるでしょう！,
scene_demo_scenes_mbu_s0_sh_walkthrough_6dfb3bdc59755e008ecd3c5f76c94225.bundle,沒警察，可以跟我說吧？,Say,ミン･ツァイ,51,政府のシステムに前科が残ったら、全北区企業の人事募集に彼の名が消えるんすよ。,
scene_demo_scenes_mbu_s0_sh_walkthrough_6dfb3bdc59755e008ecd3c5f76c94225.bundle,沒警察，可以跟我說吧？,Say,ミン･ツァイ,52,シンは俺と違って……ずっとこんな仕事をしちゃだめっす！,
scene_demo_scenes_mbu_s0_sh_walkthrough_6dfb3bdc59755e008ecd3c5f76c94225.bundle,沒警察，可以跟我說吧？,Say,ミン･ツァイ,53,彼は自分の生活を送って、自分の家庭を築くべきっす！,
scene_demo_scenes_mbu_s0_sh_walkthrough_6dfb3bdc59755e008ecd3c5f76c94225.bundle,沒警察，可以跟我說吧？,Say,ミン･ツァイ,54,彼は……,
scene_demo_scenes_mbu_s0_sh_walkthrough_6dfb3bdc59755e008ecd3c5f76c94225.bundle,沒警察，可以跟我說吧？,Branch,#Simple,21,シンはもう死んだ。,
scene_demo_scenes_mbu_s0_sh_walkthrough_6dfb3bdc59755e008ecd3c5f76c94225.bundle,沒警察，可以跟我說吧？,Say,ミン･ツァイ,55,何だって？,
scene_demo_scenes_mbu_s0_sh_walkthrough_6dfb3bdc59755e008ecd3c5f76c94225.bundle,沒警察，可以跟我說吧？,Say,ミン･ツァイ,56,今、何を……,
scene_demo_scenes_mbu_s0_sh_walkthrough_6dfb3bdc59755e008ecd3c5f76c94225.bundle,沒警察，可以跟我說吧？,Branch,#Simple,22,お前の弟は、死んだんだ。,
scene_demo_scenes_mbu_s0_sh_walkthrough_6dfb3bdc59755e008ecd3c5f76c94225.bundle,沒警察，可以跟我說吧？,Branch,#Simple,23,いや、何も言っていない。,
scene_demo_scenes_mbu_s0_sh_walkthrough_6dfb3bdc59755e008ecd3c5f76c94225.bundle,沒警察，可以跟我說吧？,Say,ミン･ツァイ,57,違う……,
scene_demo_scenes_mbu_s0_sh_walkthrough_6dfb3bdc59755e008ecd3c5f76c94225.bundle,沒警察，可以跟我說吧？,Say,ミン･ツァイ,58,そ……そんなの……,
scene_demo_scenes_mbu_s0_sh_walkthrough_6dfb3bdc59755e008ecd3c5f76c94225.bundle,沒警察，可以跟我說吧？,Say,ミン･ツァイ,59,冗談はやめてくださいよ？シンが……,
scene_demo_scenes_mbu_s0_sh_walkthrough_6dfb3bdc59755e008ecd3c5f76c94225.bundle,沒警察，可以跟我說吧？,Say,ミン･ツァイ,60,シンが、本当に死んだ……？,
scene_demo_scenes_mbu_s0_sh_walkthrough_6dfb3bdc59755e008ecd3c5f76c94225.bundle,沒警察，可以跟我說吧？,Say,ミン･ツァイ,61,俺……,
scene_demo_scenes_mbu_s0_sh_walkthrough_6dfb3bdc59755e008ecd3c5f76c94225.bundle,沒警察，可以跟我說吧？,Branch,#Simple,24,……,
scene_demo_scenes_mbu_s0_sh_walkthrough_6dfb3bdc59755e008ecd3c5f76c94225.bundle,沒警察，可以跟我說吧？,Say,ミン･ツァイ,62,シンは俺と違う。,
scene_demo_scenes_mbu_s0_sh_walkthrough_6dfb3bdc59755e008ecd3c5f76c94225.bundle,沒警察，可以跟我說吧？,Say,ミン･ツァイ,63,彼には普通の人生を送るチャンス……,
scene_demo_scenes_mbu_s0_sh_walkthrough_6dfb3bdc59755e008ecd3c5f76c94225.bundle,沒警察，可以跟我說吧？,Say,ミン･ツァイ,64,もっと、人生がもっと公平に過ごせるはずっすよ。,
scene_demo_scenes_mbu_s0_sh_walkthrough_6dfb3bdc59755e008ecd3c5f76c94225.bundle,沒警察，可以跟我說吧？,Say,心の声,10,公平……,
scene_demo_scenes_mbu_s0_sh_walkthrough_6dfb3bdc59755e008ecd3c5f76c94225.bundle,沒警察，可以跟我說吧？,Say,心の声,11,そうね……公平ね……,
scene_demo_scenes_mbu_s0_sh_walkthrough_6dfb3bdc59755e008ecd3c5f76c94225.bundle,沒警察，可以跟我說吧？,Branch,#Simple,25,ミン、ブツの場所を教えてくれ。,
scene_demo_scenes_mbu_s0_sh_walkthrough_6dfb3bdc59755e008ecd3c5f76c94225.bundle,沒警察，可以跟我說吧？,Branch,#Simple,26,お前を絶対助ける、信じてくれ。,
scene_demo_scenes_mbu_s0_sh_walkthrough_6dfb3bdc59755e008ecd3c5f76c94225.bundle,沒警察，可以跟我說吧？,Say,ミン･ツァイ,65,俺の事はどうでもいいっすよ！問題は弟が！,
scene_demo_scenes_mbu_s0_sh_walkthrough_6dfb3bdc59755e008ecd3c5f76c94225.bundle,沒警察，可以跟我說吧？,Branch,#Simple,27,彼はもう死んだんだ。すまない。,
scene_demo_scenes_mbu_s0_sh_walkthrough_6dfb3bdc59755e008ecd3c5f76c94225.bundle,沒警察，可以跟我說吧？,Say,ミン･ツァイ,66,俺……,
scene_demo_scenes_mbu_s0_sh_walkthrough_6dfb3bdc59755e008ecd3c5f76c94225.bundle,沒警察，可以跟我說吧？,Say,ミン･ツァイ,67,……何だって？,
scene_demo_scenes_mbu_s0_sh_walkthrough_6dfb3bdc59755e008ecd3c5f76c94225.bundle,沒警察，可以跟我說吧？,Branch,#Simple,28,お前を守れるのは俺だけだ。信じてくれ。,
scene_demo_scenes_mbu_s0_sh_walkthrough_6dfb3bdc59755e008ecd3c5f76c94225.bundle,沒警察，可以跟我說吧？,Say,ミン･ツァイ,68,……,
scene_demo_scenes_mbu_s0_sh_walkthrough_6dfb3bdc59755e008ecd3c5f76c94225.bundle,沒警察，可以跟我說吧？,Say,ミン･ツァイ,69,俺、俺は……,
scene_demo_scenes_mbu_s0_sh_walkthrough_6dfb3bdc59755e008ecd3c5f76c94225.bundle,沒警察，可以跟我說吧？,Say,ミン･ツァイ,70,ブツは******にあります。でもそんなのは、どうでもいい……,
scene_demo_scenes_mbu_s0_sh_walkthrough_6dfb3bdc59755e008ecd3c5f76c94225.bundle,沒警察，可以跟我說吧？,Say,ミン･ツァイ,71,何を言ってたんすか？お、弟が……今兄貴……？,
scene_demo_scenes_mbu_s0_sh_walkthrough_6dfb3bdc59755e008ecd3c5f76c94225.bundle,沒警察，可以跟我說吧？,Say,ミン･ツァイ,72,兄貴？どういうことっすか？,
scene_demo_scenes_mbu_s0_sh_walkthrough_6dfb3bdc59755e008ecd3c5f76c94225.bundle,沒警察，可以跟我說吧？,Branch,#Simple,29,……,
scene_demo_scenes_mbu_s0_sh_walkthrough_6dfb3bdc59755e008ecd3c5f76c94225.bundle,沒警察，可以跟我說吧？,Say,ミン･ツァイ,73,冗談はやめてくださいよ？シンが……,
scene_demo_scenes_mbu_s0_sh_walkthrough_6dfb3bdc59755e008ecd3c5f76c94225.bundle,沒警察，可以跟我說吧？,Say,ミン･ツァイ,74,シンが、本当に死んだ……？,
scene_demo_scenes_mbu_s0_sh_walkthrough_6dfb3bdc59755e008ecd3c5f76c94225.bundle,沒警察，可以跟我說吧？,Say,ミン･ツァイ,75,俺……,
scene_demo_scenes_mbu_s0_sh_walkthrough_6dfb3bdc59755e008ecd3c5f76c94225.bundle,沒警察，可以跟我說吧？,Branch,#Simple,30,ブツの在処を教えてくれれば、お前らを助けられるんだ。,
scene_demo_scenes_mbu_s0_sh_walkthrough_6dfb3bdc59755e008ecd3c5f76c94225.bundle,沒警察，可以跟我說吧？,Say,ミン･ツァイ,76,……,
scene_demo_scenes_mbu_s0_sh_walkthrough_6dfb3bdc59755e008ecd3c5f76c94225.bundle,沒警察，可以跟我說吧？,Say,ミン･ツァイ,77,……,
scene_demo_scenes_mbu_s0_sh_walkthrough_6dfb3bdc59755e008ecd3c5f76c94225.bundle,沒警察，可以跟我說吧？,Say,ミン･ツァイ,78,ブツは******にあります。,
scene_demo_scenes_mbu_s0_sh_walkthrough_6dfb3bdc59755e008ecd3c5f76c94225.bundle,沒警察，可以跟我說吧？,Say,ミン･ツァイ,79,兄貴、俺らを見捨てないでください。,
scene_demo_scenes_mbu_s0_sh_walkthrough_6dfb3bdc59755e008ecd3c5f76c94225.bundle,沒警察，可以跟我說吧？,Say,ミン･ツァイ,80,兄貴を信じてますから。,
scene_demo_scenes_mbu_s0_sh_walkthrough_6dfb3bdc59755e008ecd3c5f76c94225.bundle,沒警察，可以跟我說吧？,Branch,#Simple,31,お前一人じゃ交渉できないよ。,
scene_demo_scenes_mbu_s0_sh_walkthrough_6dfb3bdc59755e008ecd3c5f76c94225.bundle,沒警察，可以跟我說吧？,Say,ミン･ツァイ,81,どうして？,
scene_demo_scenes_mbu_s0_sh_walkthrough_6dfb3bdc59755e008ecd3c5f76c94225.bundle,沒警察，可以跟我說吧？,Say,ミン･ツァイ,82,試してみないと分かんないでしょう？少なくとも、俺は自分の状況をよく知ってるし。,
scene_demo_scenes_mbu_s0_sh_walkthrough_6dfb3bdc59755e008ecd3c5f76c94225.bundle,沒警察，可以跟我說吧？,Branch,#Simple,32,甘いな。,
scene_demo_scenes_mbu_s0_sh_walkthrough_6dfb3bdc59755e008ecd3c5f76c94225.bundle,沒警察，可以跟我說吧？,Branch,#Simple,33,そんなのが通用すると思うのか？,
scene_demo_scenes_mbu_s0_sh_walkthrough_6dfb3bdc59755e008ecd3c5f76c94225.bundle,沒警察，可以跟我說吧？,Say,ミン･ツァイ,83,じゃ、どうすれば？,
scene_demo_scenes_mbu_s0_sh_walkthrough_6dfb3bdc59755e008ecd3c5f76c94225.bundle,沒警察，可以跟我說吧？,Branch,#Simple,34,重要なのは人脈だと言ったはずだ。,
scene_demo_scenes_mbu_s0_sh_walkthrough_6dfb3bdc59755e008ecd3c5f76c94225.bundle,沒警察，可以跟我說吧？,Say,ミン･ツァイ,84,そんなのは分かってるけど……,
scene_demo_scenes_mbu_s0_sh_walkthrough_6dfb3bdc59755e008ecd3c5f76c94225.bundle,沒警察，可以跟我說吧？,Say,ミン･ツァイ,85,でもこのまま情報を兄貴に渡すのは……,
scene_demo_scenes_mbu_s0_sh_walkthrough_6dfb3bdc59755e008ecd3c5f76c94225.bundle,沒警察，可以跟我說吧？,Branch,#Simple,35,ミン、俺らはもう安全なんだ。そう思わないか？,
scene_demo_scenes_mbu_s0_sh_walkthrough_6dfb3bdc59755e008ecd3c5f76c94225.bundle,沒警察，可以跟我說吧？,Say,ミン･ツァイ,86,そうだけど、ただ……,
scene_demo_scenes_mbu_s0_sh_walkthrough_6dfb3bdc59755e008ecd3c5f76c94225.bundle,沒警察，可以跟我說吧？,Branch,#Simple,36,ただ？,
scene_demo_scenes_mbu_s0_sh_walkthrough_6dfb3bdc59755e008ecd3c5f76c94225.bundle,沒警察，可以跟我說吧？,Say,ミン･ツァイ,87,そんなの、誰が保証してくれるんすか？,
scene_demo_scenes_mbu_s0_sh_walkthrough_6dfb3bdc59755e008ecd3c5f76c94225.bundle,沒警察，可以跟我說吧？,Say,ミン･ツァイ,88,もし俺らが状況を見誤って、警察が外にスタンバイってたら？,
scene_demo_scenes_mbu_s0_sh_walkthrough_6dfb3bdc59755e008ecd3c5f76c94225.bundle,沒警察，可以跟我說吧？,Branch,#Simple,37,……,
scene_demo_scenes_mbu_s0_sh_walkthrough_6dfb3bdc59755e008ecd3c5f76c94225.bundle,沒警察，可以跟我說吧？,Say,ミン･ツァイ,89,だから、もっと気を張るべきだと思うんす。,
scene_demo_scenes_mbu_s0_sh_walkthrough_6dfb3bdc59755e008ecd3c5f76c94225.bundle,沒警察，可以跟我說吧？,Branch,#Simple,38,ブツの在処を教えてもいいじゃないか？,
scene_demo_scenes_mbu_s0_sh_walkthrough_6dfb3bdc59755e008ecd3c5f76c94225.bundle,沒警察，可以跟我說吧？,Say,ミン･ツァイ,90,正直……,
scene_demo_scenes_mbu_s0_sh_walkthrough_6dfb3bdc59755e008ecd3c5f76c94225.bundle,沒警察，可以跟我說吧？,Say,ミン･ツァイ,91,教えちゃだめだと思うんす。,
scene_demo_scenes_mbu_s0_sh_walkthrough_6dfb3bdc59755e008ecd3c5f76c94225.bundle,沒警察，可以跟我說吧？,Say,ミン･ツァイ,92,俺は弟を守らなければならないっす。,
scene_demo_scenes_mbu_s0_sh_walkthrough_6dfb3bdc59755e008ecd3c5f76c94225.bundle,沒警察，可以跟我說吧？,Branch,#Simple,39,弟？どういうことだ？,
scene_demo_scenes_mbu_s0_sh_walkthrough_6dfb3bdc59755e008ecd3c5f76c94225.bundle,沒警察，可以跟我說吧？,Say,ミン･ツァイ,93,どういうことって、兄貴は分からないんすか？,
scene_demo_scenes_mbu_s0_sh_walkthrough_6dfb3bdc59755e008ecd3c5f76c94225.bundle,沒警察，可以跟我說吧？,Say,ミン･ツァイ,94,彼に前科を残しちゃだめなんすよ！,
scene_demo_scenes_mbu_s0_sh_walkthrough_6dfb3bdc59755e008ecd3c5f76c94225.bundle,沒警察，可以跟我說吧？,Branch,#Simple,40,お前の弟はもう死んでいる。,
scene_demo_scenes_mbu_s0_sh_walkthrough_6dfb3bdc59755e008ecd3c5f76c94225.bundle,沒警察，可以跟我說吧？,Branch,#Simple,41,警戒を解いていない。だからブツの在処を教えろ。,
scene_demo_scenes_mbu_s0_sh_walkthrough_6dfb3bdc59755e008ecd3c5f76c94225.bundle,沒警察，可以跟我說吧？,Say,ミン･ツァイ,95,分かってるけど、だめです。,
scene_demo_scenes_mbu_s0_sh_walkthrough_6dfb3bdc59755e008ecd3c5f76c94225.bundle,沒警察，可以跟我說吧？,Say,ミン･ツァイ,96,すみません……,
scene_demo_scenes_mbu_s0_sh_walkthrough_6dfb3bdc59755e008ecd3c5f76c94225.bundle,沒警察，可以跟我說吧？,Branch,#Simple,42,謝る必要はない。正直に言えばいい。,
scene_demo_scenes_mbu_s0_sh_walkthrough_6dfb3bdc59755e008ecd3c5f76c94225.bundle,沒警察，可以跟我說吧？,Branch,#Simple,43,信じてくれ、ミン。,
scene_demo_scenes_mbu_s0_sh_walkthrough_6dfb3bdc59755e008ecd3c5f76c94225.bundle,沒警察，可以跟我說吧？,Say,ミン･ツァイ,97,俺だって信じたいっすよ！でもリスクは負えないっす！,
scene_demo_scenes_mbu_s0_sh_walkthrough_6dfb3bdc59755e008ecd3c5f76c94225.bundle,沒警察，可以跟我說吧？,Say,ミン･ツァイ,98,もし教えても彼が逮捕されたら？,
scene_demo_scenes_mbu_s0_sh_walkthrough_6dfb3bdc59755e008ecd3c5f76c94225.bundle,沒警察，可以跟我說吧？,Say,ミン･ツァイ,99,これは俺がサツと交渉できる唯一の手札っすよ。,
scene_demo_scenes_mbu_s0_sh_walkthrough_6dfb3bdc59755e008ecd3c5f76c94225.bundle,沒警察，可以跟我說吧？,Say,ミン･ツァイ,100,兄貴がもし俺らを見捨たらどうするんすか？,
scene_demo_scenes_mbu_s0_sh_walkthrough_6dfb3bdc59755e008ecd3c5f76c94225.bundle,校準者說再來,Say,校合者,0,もう一度。,
