bundle_file,node,type,role,say_index,japanese,korean
d0e81a4acd55cfac60c2aa1bec155c08.bundle,蕭勇明搭話,Say,ユウ･ショウ,0,どうも、ジェイさん。,
d0e81a4acd55cfac60c2aa1bec155c08.bundle,蕭勇明搭話,Say,心の声,0,また彼か……,
d0e81a4acd55cfac60c2aa1bec155c08.bundle,蕭勇明搭話,Say,心の声,1,スイ･ニンたちは問題ないって言ってたが……,
d0e81a4acd55cfac60c2aa1bec155c08.bundle,蕭勇明搭話,Say,心の声,2,本当に大丈夫なのか……？,
d0e81a4acd55cfac60c2aa1bec155c08.bundle,蕭勇明搭話,Branch,#Simple,0,よっ。,
d0e81a4acd55cfac60c2aa1bec155c08.bundle,蕭勇明搭話,Branch,#Simple,1,あんたとは、毎日のように会うな。,
d0e81a4acd55cfac60c2aa1bec155c08.bundle,蕭勇明搭話,Say,ユウ･ショウ,1,あ、確かにそうですね。ハハハ……,
d0e81a4acd55cfac60c2aa1bec155c08.bundle,蕭勇明搭話,Say,心の声,3,何だその反応は……？,
d0e81a4acd55cfac60c2aa1bec155c08.bundle,蕭勇明搭話,Branch,#Simple,2,……,
d0e81a4acd55cfac60c2aa1bec155c08.bundle,蕭勇明搭話,Say,ユウ･ショウ,2,えっと……,
d0e81a4acd55cfac60c2aa1bec155c08.bundle,蕭勇明搭話,Branch,#Simple,3,なんかあったのか？,
d0e81a4acd55cfac60c2aa1bec155c08.bundle,蕭勇明搭話,Say,ユウ･ショウ,3,いや、ただ……,
d0e81a4acd55cfac60c2aa1bec155c08.bundle,蕭勇明搭話,Branch,#Simple,4,用がないなら先に行くぞ。,
d0e81a4acd55cfac60c2aa1bec155c08.bundle,蕭勇明搭話,Say,ユウ･ショウ,4,ちょ、ちょっと待ってください……,
d0e81a4acd55cfac60c2aa1bec155c08.bundle,蕭勇明搭話,Branch,#Simple,5,……,
d0e81a4acd55cfac60c2aa1bec155c08.bundle,蕭勇明搭話,Say,ユウ･ショウ,5,昨日、オペレーションコアの前で会いましたよね……,
d0e81a4acd55cfac60c2aa1bec155c08.bundle,蕭勇明搭話,Say,ユウ･ショウ,6,あのマネージャーさんとコアから出る前に、何かありましたか？,
d0e81a4acd55cfac60c2aa1bec155c08.bundle,蕭勇明搭話,Branch,#Simple,6,特に何も。仕事を終わらせて、そのまま帰った。,
d0e81a4acd55cfac60c2aa1bec155c08.bundle,蕭勇明搭話,Say,ユウ･ショウ,7,そうですか……,
d0e81a4acd55cfac60c2aa1bec155c08.bundle,蕭勇明搭話,Branch,#Simple,7,どういう意味だ？,
d0e81a4acd55cfac60c2aa1bec155c08.bundle,蕭勇明搭話,Branch,#Simple,8,……,
d0e81a4acd55cfac60c2aa1bec155c08.bundle,蕭勇明搭話,Say,ユウ･ショウ,8,実は今日、情報セキュリティー部から昨日のことを聞かれたんですよ。,
d0e81a4acd55cfac60c2aa1bec155c08.bundle,蕭勇明搭話,Say,ユウ･ショウ,9,それでオペレーションコアであなたと会ったことを話すべきかなと思って……,
d0e81a4acd55cfac60c2aa1bec155c08.bundle,蕭勇明搭話,Say,ユウ･ショウ,10,情報セキュリティー部ですし、何か重要な調査かなと……,
d0e81a4acd55cfac60c2aa1bec155c08.bundle,蕭勇明搭話,Branch,#Simple,9,俺と会ったことを言ったのか？,
d0e81a4acd55cfac60c2aa1bec155c08.bundle,蕭勇明搭話,Say,ユウ･ショウ,11,はい……,
d0e81a4acd55cfac60c2aa1bec155c08.bundle,蕭勇明搭話,Branch,#Simple,10,なぜそんなことを聞かれたんだ？,
d0e81a4acd55cfac60c2aa1bec155c08.bundle,蕭勇明搭話,Say,ユウ･ショウ,12,理由はわかりませんが、ただ見たことをそのまま言えって言われました。,
d0e81a4acd55cfac60c2aa1bec155c08.bundle,蕭勇明搭話,Branch,#Simple,11,……,
d0e81a4acd55cfac60c2aa1bec155c08.bundle,蕭勇明搭話,Say,ユウ･ショウ,13,私は昨日のことを彼らに正直に言いましたが……,
d0e81a4acd55cfac60c2aa1bec155c08.bundle,蕭勇明搭話,Say,ユウ･ショウ,14,ジェ、ジェイさんたちは別に悪いことをしてないですもんね！,
d0e81a4acd55cfac60c2aa1bec155c08.bundle,蕭勇明搭話,Say,ユウ･ショウ,15,それでも、ジェイさんにこのことを伝えた方がいいと思ったんです。,
d0e81a4acd55cfac60c2aa1bec155c08.bundle,蕭勇明搭話,Say,ユウ･ショウ,16,迷惑だったら、すみません……,
d0e81a4acd55cfac60c2aa1bec155c08.bundle,蕭勇明搭話,Branch,#Simple,12,あんたは本当のことを言っただけだ。気にするな。,
d0e81a4acd55cfac60c2aa1bec155c08.bundle,蕭勇明搭話,Say,ユウ･ショウ,17,は、はい。,
d0e81a4acd55cfac60c2aa1bec155c08.bundle,蕭勇明搭話,Branch,#Simple,13,俺は何も悪いことはしていないから、大丈夫だ。,
d0e81a4acd55cfac60c2aa1bec155c08.bundle,蕭勇明搭話,Say,ユウ･ショウ,18,そ、そうですよね。,
d0e81a4acd55cfac60c2aa1bec155c08.bundle,蕭勇明搭話,Branch,#Simple,14,困ったことをしてくれたな。,
d0e81a4acd55cfac60c2aa1bec155c08.bundle,蕭勇明搭話,Say,ユウ･ショウ,19,ということは……,
d0e81a4acd55cfac60c2aa1bec155c08.bundle,蕭勇明搭話,Say,ユウ･ショウ,20,本当に何かしたんですか……？,
d0e81a4acd55cfac60c2aa1bec155c08.bundle,蕭勇明搭話,Say,心の声,4,しまった……,
d0e81a4acd55cfac60c2aa1bec155c08.bundle,蕭勇明搭話,Branch,#Simple,15,いや、ただあんたのせいで俺に疑いをかけられるのが嫌なだけだ。,
d0e81a4acd55cfac60c2aa1bec155c08.bundle,蕭勇明搭話,Say,ユウ･ショウ,21,す、すみません……,
d0e81a4acd55cfac60c2aa1bec155c08.bundle,蕭勇明搭話,Say,ユウ･ショウ,22,……,
d0e81a4acd55cfac60c2aa1bec155c08.bundle,蕭勇明搭話,Branch,#Simple,16,あなたには関係のないことだ。,
d0e81a4acd55cfac60c2aa1bec155c08.bundle,蕭勇明搭話,Say,ユウ･ショウ,23,……,
d0e81a4acd55cfac60c2aa1bec155c08.bundle,蕭勇明搭話,Branch,#Simple,17,……,
d0e81a4acd55cfac60c2aa1bec155c08.bundle,蕭勇明搭話,Say,ユウ･ショウ,24,私は仕事がありますので、これで失礼します。,
d0e81a4acd55cfac60c2aa1bec155c08.bundle,蕭勇明搭話,Branch,#Simple,18,ああ。,
d0e81a4acd55cfac60c2aa1bec155c08.bundle,蕭勇明搭話,Branch,#Simple,19,待った。あんたにこの件を聞いてきた人の名前は？,
d0e81a4acd55cfac60c2aa1bec155c08.bundle,蕭勇明搭話,Say,ユウ･ショウ,25,し、知りません……,
d0e81a4acd55cfac60c2aa1bec155c08.bundle,蕭勇明搭話,Branch,#Simple,20,どんな見た目だ？,
d0e81a4acd55cfac60c2aa1bec155c08.bundle,蕭勇明搭話,Say,ユウ･ショウ,26,背が高くて、色黒の男です。,
d0e81a4acd55cfac60c2aa1bec155c08.bundle,蕭勇明搭話,Say,心の声,5,……メイ･ジョの部下か？,
d0e81a4acd55cfac60c2aa1bec155c08.bundle,蕭勇明搭話,Branch,#Simple,21,わかった。ありがとう。,
d0e81a4acd55cfac60c2aa1bec155c08.bundle,蕭勇明搭話,Branch,#Simple,22,……,
d0e81a4acd55cfac60c2aa1bec155c08.bundle,蕭勇明搭話,Say,ユウ･ショウ,27,も、もうこれ以上は勘弁してください……,
d0e81a4acd55cfac60c2aa1bec155c08.bundle,蕭勇明搭話,Say,ユウ･ショウ,28,失礼します。,
d0e81a4acd55cfac60c2aa1bec155c08.bundle,蕭勇明搭話,Branch,#Simple,23,……,
d0e81a4acd55cfac60c2aa1bec155c08.bundle,蕭勇明搭話,Say,心の声,6,……,
d0e81a4acd55cfac60c2aa1bec155c08.bundle,蕭勇明搭話,Say,心の声,7,とりあえず制服に着替えて、選別組でリュウセイと合流しよう。,
d0e81a4acd55cfac60c2aa1bec155c08.bundle,到篩選辦公室,Say,イエホン･キュウ,0,全部のポケットを調べたのか？,
d0e81a4acd55cfac60c2aa1bec155c08.bundle,到篩選辦公室,Say,シンカ･シェ,0,調べましたよ！,
d0e81a4acd55cfac60c2aa1bec155c08.bundle,到篩選辦公室,Say,イエホン･キュウ,1,一体どこにいったんだ？,
d0e81a4acd55cfac60c2aa1bec155c08.bundle,到篩選辦公室,Say,シンカ･シェ,1,申請し直したので、もういいですよ、それは。,
d0e81a4acd55cfac60c2aa1bec155c08.bundle,到篩選辦公室,Say,心の声,0,そうか。シンカのパスを戻し忘れていた……,
d0e81a4acd55cfac60c2aa1bec155c08.bundle,到篩選辦公室,Say,イエホン･キュウ,2,おはよう、ジェイ。,
d0e81a4acd55cfac60c2aa1bec155c08.bundle,到篩選辦公室,Say,シンカ･シェ,2,もう夜ですよ。,
d0e81a4acd55cfac60c2aa1bec155c08.bundle,到篩選辦公室,Say,イエホン･キュウ,3,あのね、朝というのは、その人が起きてから4時間までのことを指すんだよ……,
d0e81a4acd55cfac60c2aa1bec155c08.bundle,到篩選辦公室,Say,タイミン･ソウ,0,ジェイ、仕事は来週からでしたよね？今日はどうしたのですか？,
d0e81a4acd55cfac60c2aa1bec155c08.bundle,到篩選辦公室,Branch,#Simple,0,何か手伝えることはないかと思いまして。,
d0e81a4acd55cfac60c2aa1bec155c08.bundle,到篩選辦公室,Say,タイミン･ソウ,1,手伝いか……,
d0e81a4acd55cfac60c2aa1bec155c08.bundle,到篩選辦公室,Say,イエホン･キュウ,4,こんなに仕事好きな人間は初めて見たよ。,
d0e81a4acd55cfac60c2aa1bec155c08.bundle,到篩選辦公室,Branch,#Simple,1,家にいてもやることがないので。,
d0e81a4acd55cfac60c2aa1bec155c08.bundle,到篩選辦公室,Say,イエホン･キュウ,5,こんなに仕事好きな人間は初めて見たよ。,
d0e81a4acd55cfac60c2aa1bec155c08.bundle,到篩選辦公室,Branch,#Simple,2,来たら迷惑ですか？,
d0e81a4acd55cfac60c2aa1bec155c08.bundle,到篩選辦公室,Say,タイミン･ソウ,2,そんなことはないですが……,
d0e81a4acd55cfac60c2aa1bec155c08.bundle,到篩選辦公室,Say,タイミン･ソウ,3,そういえば、今日はリョウさんが休みですね。,
d0e81a4acd55cfac60c2aa1bec155c08.bundle,到篩選辦公室,Say,シンカ･シェ,3,昨日から姿を見てないけど、何かあったんですか？,
d0e81a4acd55cfac60c2aa1bec155c08.bundle,到篩選辦公室,Say,心の声,1,チキョウ･リョウが連れ去られた件を知らないのか？,
d0e81a4acd55cfac60c2aa1bec155c08.bundle,到篩選辦公室,Say,イエホン･キュウ,6,ジェイは何か知ってる？,
d0e81a4acd55cfac60c2aa1bec155c08.bundle,到篩選辦公室,Say,心の声,2,タイミンが意味ありげに目配せをしてきている。どういうつもりだ……？,
d0e81a4acd55cfac60c2aa1bec155c08.bundle,到篩選辦公室,Branch,#Simple,3,リョウさんは昨日、捜査員に連れて行かれました。,
d0e81a4acd55cfac60c2aa1bec155c08.bundle,到篩選辦公室,Say,イエホン･キュウ,7,はっ！？,
d0e81a4acd55cfac60c2aa1bec155c08.bundle,到篩選辦公室,Say,シンカ･シェ,4,そんなことになっているのに、私たちは何も聞いていませんよ！？,
d0e81a4acd55cfac60c2aa1bec155c08.bundle,到篩選辦公室,Say,心の声,3,タイミンが信じられないといった顔でこちらを見ている……,
d0e81a4acd55cfac60c2aa1bec155c08.bundle,到篩選辦公室,Say,心の声,4,あっ……,
d0e81a4acd55cfac60c2aa1bec155c08.bundle,到篩選辦公室,Say,心の声,5,もしかして、言うなってことだったのか。,
d0e81a4acd55cfac60c2aa1bec155c08.bundle,到篩選辦公室,Say,タイミン･ソウ,4,イーちゃんから、後で説明するから、黙ってるように昨日言われたじゃないですか……,
d0e81a4acd55cfac60c2aa1bec155c08.bundle,到篩選辦公室,Say,イエホン･キュウ,8,タイミンも知ってたの？どういうことだよ！？,
d0e81a4acd55cfac60c2aa1bec155c08.bundle,到篩選辦公室,Say,タイミン･ソウ,5,後でイーちゃんに聞いてください！,
d0e81a4acd55cfac60c2aa1bec155c08.bundle,到篩選辦公室,Branch,#Simple,4,私もわからないです。,
d0e81a4acd55cfac60c2aa1bec155c08.bundle,到篩選辦公室,Say,イエホン･キュウ,9,そうなんだ。,
d0e81a4acd55cfac60c2aa1bec155c08.bundle,到篩選辦公室,Branch,#Simple,5,タイミン、何か言いたいことでもあるんですか？,
d0e81a4acd55cfac60c2aa1bec155c08.bundle,到篩選辦公室,Say,タイミン･ソウ,6,あ、いや……,
d0e81a4acd55cfac60c2aa1bec155c08.bundle,到篩選辦公室,Say,タイミン･ソウ,7,ちょっと目にゴミが入っちゃって……,
d0e81a4acd55cfac60c2aa1bec155c08.bundle,到篩選辦公室,Say,イエホン･キュウ,10,は？,
d0e81a4acd55cfac60c2aa1bec155c08.bundle,到篩選辦公室,Say,シンカ･シェ,5,フフッ、急になんですか！,
d0e81a4acd55cfac60c2aa1bec155c08.bundle,到篩選辦公室,Say,タイミン･ソウ,8,あっ！そういえば、リョウさんは熱があるので、今日も休みだそうです！,
d0e81a4acd55cfac60c2aa1bec155c08.bundle,到篩選辦公室,Say,イエホン･キュウ,11,そういえば、イーちゃんもまだ見かけないね。,
d0e81a4acd55cfac60c2aa1bec155c08.bundle,到篩選辦公室,Say,シンカ･シェ,6,本社に呼び出されたみたいですよ。,
d0e81a4acd55cfac60c2aa1bec155c08.bundle,到篩選辦公室,Say,イエホン･キュウ,12,マジで？最近は本社もお忙しいね。,
d0e81a4acd55cfac60c2aa1bec155c08.bundle,到篩選辦公室,Say,シンカ･シェ,7,ばあさんの件ですかね……,
d0e81a4acd55cfac60c2aa1bec155c08.bundle,到篩選辦公室,Say,イエホン･キュウ,13,それか……,
d0e81a4acd55cfac60c2aa1bec155c08.bundle,到篩選辦公室,Say,イエホン･キュウ,14,工場の閉鎖が決まったとか……,
d0e81a4acd55cfac60c2aa1bec155c08.bundle,到篩選辦公室,Say,シンカ･シェ,8,……,
d0e81a4acd55cfac60c2aa1bec155c08.bundle,到篩選辦公室,Say,タイミン･ソウ,9,……,
d0e81a4acd55cfac60c2aa1bec155c08.bundle,到篩選辦公室,Say,イエホン･キュウ,15,……,
d0e81a4acd55cfac60c2aa1bec155c08.bundle,到篩選辦公室,Branch,#Simple,6,空気が重くなりましたね。,
d0e81a4acd55cfac60c2aa1bec155c08.bundle,到篩選辦公室,Say,イエホン･キュウ,16,そりゃそうだよ。いつこの工場が閉鎖になってもおかしくない状況だもん……,
d0e81a4acd55cfac60c2aa1bec155c08.bundle,到篩選辦公室,Say,シンカ･シェ,9,ですよね。,
d0e81a4acd55cfac60c2aa1bec155c08.bundle,到篩選辦公室,Say,タイミン･ソウ,10,……,
d0e81a4acd55cfac60c2aa1bec155c08.bundle,到篩選辦公室,Branch,#Simple,7,大丈夫ですよ。チーフがなんとかしてくれます。,
d0e81a4acd55cfac60c2aa1bec155c08.bundle,到篩選辦公室,Say,イエホン･キュウ,17,……イーちゃんが？,
d0e81a4acd55cfac60c2aa1bec155c08.bundle,到篩選辦公室,Say,シンカ･シェ,10,やめてください。イーちゃんはやる時はやる人ですよ。,
d0e81a4acd55cfac60c2aa1bec155c08.bundle,到篩選辦公室,Say,イエホン･キュウ,18,わかってるけどさ……,
d0e81a4acd55cfac60c2aa1bec155c08.bundle,到篩選辦公室,Branch,#Simple,8,……,
d0e81a4acd55cfac60c2aa1bec155c08.bundle,到篩選辦公室,Say,タイミン･ソウ,11,きっと大丈夫です。,
d0e81a4acd55cfac60c2aa1bec155c08.bundle,到篩選辦公室,Say,タイミン･ソウ,12,我らのチーフを信じましょう。,
d0e81a4acd55cfac60c2aa1bec155c08.bundle,到篩選辦公室,Say,イエホン･キュウ,19,タイミン……,
d0e81a4acd55cfac60c2aa1bec155c08.bundle,到篩選辦公室,Say,シンカ･シェ,11,タイミンさん……,
d0e81a4acd55cfac60c2aa1bec155c08.bundle,到篩選辦公室,Say,イエホン･キュウ,20,感動で涙が……,
d0e81a4acd55cfac60c2aa1bec155c08.bundle,到篩選辦公室,Say,シンカ･シェ,12,私も……,
d0e81a4acd55cfac60c2aa1bec155c08.bundle,到篩選辦公室,Say,タイミン･ソウ,13,ちょっと！何ですかそれは！,
d0e81a4acd55cfac60c2aa1bec155c08.bundle,到篩選辦公室,Say,イエホン･キュウ,21,ジェイは操作組だろう？何でここに来たんだ？,
d0e81a4acd55cfac60c2aa1bec155c08.bundle,到篩選辦公室,Branch,#Simple,9,何か手伝えることはないかと思って。,
d0e81a4acd55cfac60c2aa1bec155c08.bundle,到篩選辦公室,Say,タイミン･ソウ,14,手伝いですか……,
d0e81a4acd55cfac60c2aa1bec155c08.bundle,到篩選辦公室,Say,イエホン･キュウ,22,それなら操作組の手伝いをしたらどうだ。,
d0e81a4acd55cfac60c2aa1bec155c08.bundle,到篩選辦公室,Branch,#Simple,10,あなたたちの手伝いをしたかったんだ。,
d0e81a4acd55cfac60c2aa1bec155c08.bundle,到篩選辦公室,Say,イエホン･キュウ,23,うわっ、嬉しすぎて涙が出てきたよ。,
d0e81a4acd55cfac60c2aa1bec155c08.bundle,到篩選辦公室,Say,シンカ･シェ,13,からかうのはやめてあげてください。,
d0e81a4acd55cfac60c2aa1bec155c08.bundle,到篩選辦公室,Branch,#Simple,11,それもそうだな。,
d0e81a4acd55cfac60c2aa1bec155c08.bundle,到篩選辦公室,Branch,#Simple,12,あっちは人手が足りてるみたいなんだ。,
d0e81a4acd55cfac60c2aa1bec155c08.bundle,到篩選辦公室,Say,イエホン･キュウ,24,じゃ、選別組に戻っておいでよ！,
d0e81a4acd55cfac60c2aa1bec155c08.bundle,到篩選辦公室,Say,シンカ･シェ,14,それは違うでしょう！,
d0e81a4acd55cfac60c2aa1bec155c08.bundle,到篩選辦公室,Say,タイミン･ソウ,15,ハハ、こんなに仕事好きな人間は初めて見ましたよ。,
d0e81a4acd55cfac60c2aa1bec155c08.bundle,到篩選辦公室,Branch,#Simple,13,冷たいな。,
d0e81a4acd55cfac60c2aa1bec155c08.bundle,到篩選辦公室,Say,タイミン･ソウ,16,ハハハ！,
d0e81a4acd55cfac60c2aa1bec155c08.bundle,到篩選辦公室,Say,シンカ･シェ,15,敵同士ですから～,
d0e81a4acd55cfac60c2aa1bec155c08.bundle,到篩選辦公室,Say,タイミン･ソウ,17,それは語弊があります！,
d0e81a4acd55cfac60c2aa1bec155c08.bundle,到篩選辦公室,Say,イエホン･キュウ,25,ジェイは選別組と操作組の架け橋だよ！,
d0e81a4acd55cfac60c2aa1bec155c08.bundle,到篩選辦公室,Say,シンカ･シェ,16,確かにそうですね！,
d0e81a4acd55cfac60c2aa1bec155c08.bundle,到篩選辦公室,Branch,#Simple,14,別の組の人間がここに来るのはまずいのか？,
d0e81a4acd55cfac60c2aa1bec155c08.bundle,到篩選辦公室,Say,イエホン･キュウ,26,別にそんなことはないよ。,
d0e81a4acd55cfac60c2aa1bec155c08.bundle,到篩選辦公室,Say,イエホン･キュウ,27,イーちゃんも、二つの組の関係を修復しようとしているしね！,
d0e81a4acd55cfac60c2aa1bec155c08.bundle,到篩選辦公室,Say,タイミン･ソウ,18,そうですね。,
d0e81a4acd55cfac60c2aa1bec155c08.bundle,到篩選辦公室,Say,イエホン･キュウ,28,ジェイはもう僕たちと操作組の架け橋だ！,
d0e81a4acd55cfac60c2aa1bec155c08.bundle,到篩選辦公室,Say,シンカ･シェ,17,確かにそうですね！,
d0e81a4acd55cfac60c2aa1bec155c08.bundle,到篩選辦公室,Say,イエホン･キュウ,29,そういえば。リョウさんは今日休みなの？,
d0e81a4acd55cfac60c2aa1bec155c08.bundle,到篩選辦公室,Say,イエホン･キュウ,30,昨日から姿を見てないけど、なんかあったのかな？,
d0e81a4acd55cfac60c2aa1bec155c08.bundle,到篩選辦公室,Say,心の声,6,姿を見ていない？,
d0e81a4acd55cfac60c2aa1bec155c08.bundle,到篩選辦公室,Say,イエホン･キュウ,31,ジェイは何か知ってる？,
d0e81a4acd55cfac60c2aa1bec155c08.bundle,到篩選辦公室,Branch,#Simple,15,さあ。,
d0e81a4acd55cfac60c2aa1bec155c08.bundle,到篩選辦公室,Say,イエホン･キュウ,32,それもそうだよな。,
d0e81a4acd55cfac60c2aa1bec155c08.bundle,到篩選辦公室,Branch,#Simple,16,病気とか？,
d0e81a4acd55cfac60c2aa1bec155c08.bundle,到篩選辦公室,Say,イエホン･キュウ,33,健康オタクのリョウさんが病気？,
d0e81a4acd55cfac60c2aa1bec155c08.bundle,到篩選辦公室,Say,シンカ･シェ,18,いくら健康オタクでも、良いお歳ですし……,
d0e81a4acd55cfac60c2aa1bec155c08.bundle,到篩選辦公室,Say,イエホン･キュウ,34,そういえば、イーちゃんも見かけないね。,
d0e81a4acd55cfac60c2aa1bec155c08.bundle,到篩選辦公室,Say,タイミン･ソウ,19,本社に呼び出されたみたいですよ。,
d0e81a4acd55cfac60c2aa1bec155c08.bundle,到篩選辦公室,Say,イエホン･キュウ,35,マジで？最近は本社もお忙しいね。,
d0e81a4acd55cfac60c2aa1bec155c08.bundle,到篩選辦公室,Say,シンカ･シェ,19,ばあさんの件ですかね……,
d0e81a4acd55cfac60c2aa1bec155c08.bundle,到篩選辦公室,Say,イエホン･キュウ,36,それか……,
d0e81a4acd55cfac60c2aa1bec155c08.bundle,到篩選辦公室,Say,イエホン･キュウ,37,工場の閉鎖が決まったとか……,
d0e81a4acd55cfac60c2aa1bec155c08.bundle,到篩選辦公室,Say,シンカ･シェ,20,……,
d0e81a4acd55cfac60c2aa1bec155c08.bundle,到篩選辦公室,Say,タイミン･ソウ,20,……,
d0e81a4acd55cfac60c2aa1bec155c08.bundle,到篩選辦公室,Say,イエホン･キュウ,38,……,
d0e81a4acd55cfac60c2aa1bec155c08.bundle,到篩選辦公室,Branch,#Simple,17,空気が重くなりましたね。,
d0e81a4acd55cfac60c2aa1bec155c08.bundle,到篩選辦公室,Say,イエホン･キュウ,39,そりゃそうだよ。いつこの工場が閉鎖になってもおかしくない状況だもん……,
d0e81a4acd55cfac60c2aa1bec155c08.bundle,到篩選辦公室,Say,シンカ･シェ,21,ですよね。,
d0e81a4acd55cfac60c2aa1bec155c08.bundle,到篩選辦公室,Say,タイミン･ソウ,21,……,
d0e81a4acd55cfac60c2aa1bec155c08.bundle,到篩選辦公室,Branch,#Simple,18,工場閉鎖も悪くはないと思いますよ。,
d0e81a4acd55cfac60c2aa1bec155c08.bundle,到篩選辦公室,Say,タイミン･ソウ,22,……,
d0e81a4acd55cfac60c2aa1bec155c08.bundle,到篩選辦公室,Say,イエホン･キュウ,40,……君までその考えに毒されたの？,
d0e81a4acd55cfac60c2aa1bec155c08.bundle,到篩選辦公室,Say,イエホン･キュウ,41,どうやら操作組に洗脳されたみたいだね。,
d0e81a4acd55cfac60c2aa1bec155c08.bundle,到篩選辦公室,Branch,#Simple,19,セラーの状況は本当に最悪なんだ。これ以上続けるのは不可能だ。,
d0e81a4acd55cfac60c2aa1bec155c08.bundle,到篩選辦公室,Say,イエホン･キュウ,42,ここは困っている人たちの最後の砦だ。,
d0e81a4acd55cfac60c2aa1bec155c08.bundle,到篩選辦公室,Say,イエホン･キュウ,43,閉鎖されたら、彼らはどうなるんだ？,
d0e81a4acd55cfac60c2aa1bec155c08.bundle,到篩選辦公室,Branch,#Simple,20,ここに入れたところで彼らは死ぬだけだ。,
d0e81a4acd55cfac60c2aa1bec155c08.bundle,到篩選辦公室,Branch,#Simple,21,それは別の問題だ。他の解決策を探るべきだ。,
d0e81a4acd55cfac60c2aa1bec155c08.bundle,到篩選辦公室,Say,イエホン･キュウ,44,そんなの……,
d0e81a4acd55cfac60c2aa1bec155c08.bundle,到篩選辦公室,Say,タイミン･ソウ,23,もうやめてください！,
d0e81a4acd55cfac60c2aa1bec155c08.bundle,到篩選辦公室,Say,タイミン･ソウ,24,こんな時に喧嘩をしてどうするのですか！,
d0e81a4acd55cfac60c2aa1bec155c08.bundle,到篩選辦公室,Say,タイミン･ソウ,25,僕らがここで喧嘩をしても何もなりません！！言い合いたいなら別の場所でやってください！,
d0e81a4acd55cfac60c2aa1bec155c08.bundle,到篩選辦公室,Say,イエホン･キュウ,45,すまない。,
d0e81a4acd55cfac60c2aa1bec155c08.bundle,到篩選辦公室,Branch,#Simple,22,はい。,
d0e81a4acd55cfac60c2aa1bec155c08.bundle,到篩選辦公室,Branch,#Simple,23,……,
d0e81a4acd55cfac60c2aa1bec155c08.bundle,到篩選辦公室,Branch,#Simple,24,そっちだって、選別組の洗脳を受けているだろ？,
d0e81a4acd55cfac60c2aa1bec155c08.bundle,到篩選辦公室,Say,イエホン･キュウ,46,……,
d0e81a4acd55cfac60c2aa1bec155c08.bundle,到篩選辦公室,Branch,#Simple,25,……,
d0e81a4acd55cfac60c2aa1bec155c08.bundle,到篩選辦公室,Branch,#Simple,26,……,
d0e81a4acd55cfac60c2aa1bec155c08.bundle,到篩選辦公室,Say,タイミン･ソウ,26,ゴホン！,
d0e81a4acd55cfac60c2aa1bec155c08.bundle,到篩選辦公室,Say,タイミン･ソウ,27,確かにリョウさんとイーちゃんはいないですが、今日も忙しいですよ！,
d0e81a4acd55cfac60c2aa1bec155c08.bundle,到篩選辦公室,Say,タイミン･ソウ,28,ところで二人は、もう仕事は終わったのですか？,
d0e81a4acd55cfac60c2aa1bec155c08.bundle,到篩選辦公室,Say,イエホン･キュウ,47,うっ……,
d0e81a4acd55cfac60c2aa1bec155c08.bundle,到篩選辦公室,Say,シンカ･シェ,22,えっと……,
d0e81a4acd55cfac60c2aa1bec155c08.bundle,被隆生叫出去對話,Say,リュウセイ･チョウ,0,よし、ここなら話しても大丈夫っすね。,
d0e81a4acd55cfac60c2aa1bec155c08.bundle,被隆生叫出去對話,Say,リュウセイ･チョウ,1,23姉たちはまだ帰ってきてないので、こちらで臨機応変に対応するしかないっすね。,
d0e81a4acd55cfac60c2aa1bec155c08.bundle,被隆生叫出去對話,Branch,#Simple,0,もう少し待つべきじゃないか？,
d0e81a4acd55cfac60c2aa1bec155c08.bundle,被隆生叫出去對話,Say,リュウセイ･チョウ,2,でも、もう面談時間っすよ。,
d0e81a4acd55cfac60c2aa1bec155c08.bundle,被隆生叫出去對話,Say,リュウセイ･チョウ,3,面談を蹴ったりなんてしたら、元も子もないっすよ？,
d0e81a4acd55cfac60c2aa1bec155c08.bundle,被隆生叫出去對話,Branch,#Simple,1,勝手に行動しない方が良いと思う。,
d0e81a4acd55cfac60c2aa1bec155c08.bundle,被隆生叫出去對話,Say,リュウセイ･チョウ,4,勝手に行動するんじゃなくて、僕たちなりに計画を立ててやればいいだけっすよ。,
d0e81a4acd55cfac60c2aa1bec155c08.bundle,被隆生叫出去對話,Branch,#Simple,2,じゃ、あんたの計画を教えてくれ。,
d0e81a4acd55cfac60c2aa1bec155c08.bundle,被隆生叫出去對話,Branch,#Simple,3,スイ･ニンがその場合の案を考えるって言ってたはずだが？,
d0e81a4acd55cfac60c2aa1bec155c08.bundle,被隆生叫出去對話,Say,リュウセイ･チョウ,5,あの場ではああ言っただけっすよ。間に合うと思って考えてなかったに決まってるっす。,
d0e81a4acd55cfac60c2aa1bec155c08.bundle,被隆生叫出去對話,Branch,#Simple,4,確かにその可能性もあるな。,
d0e81a4acd55cfac60c2aa1bec155c08.bundle,被隆生叫出去對話,Say,リュウセイ･チョウ,6,勝手に行動するんじゃなくて、僕たちなりに計画を立ててやればいいだけっすよ。,
d0e81a4acd55cfac60c2aa1bec155c08.bundle,被隆生叫出去對話,Branch,#Simple,5,彼女はそんな適当な人間じゃない。,
d0e81a4acd55cfac60c2aa1bec155c08.bundle,被隆生叫出去對話,Say,リュウセイ･チョウ,7,僕はスイ姉と長い付き合いっす。,
d0e81a4acd55cfac60c2aa1bec155c08.bundle,被隆生叫出去對話,Say,リュウセイ･チョウ,8,彼女にはそういう一面もあるんすよ……,
d0e81a4acd55cfac60c2aa1bec155c08.bundle,被隆生叫出去對話,Say,心の声,0,これがリュウセイの嘘なのかわからないな……,
d0e81a4acd55cfac60c2aa1bec155c08.bundle,被隆生叫出去對話,Branch,#Simple,6,彼女の考えを邪推するのは良くない。,
d0e81a4acd55cfac60c2aa1bec155c08.bundle,被隆生叫出去對話,Say,リュウセイ･チョウ,9,でも……,
d0e81a4acd55cfac60c2aa1bec155c08.bundle,被隆生叫出去對話,Branch,#Simple,7,……,
d0e81a4acd55cfac60c2aa1bec155c08.bundle,被隆生叫出去對話,Branch,#Simple,8,じゃ、あんたの計画を教えてくれ。,
d0e81a4acd55cfac60c2aa1bec155c08.bundle,被隆生叫出去對話,Say,リュウセイ･チョウ,10,とりあえず、僕たちはスイ姉たちがいなくても行動すべきっす。,
d0e81a4acd55cfac60c2aa1bec155c08.bundle,被隆生叫出去對話,Branch,#Simple,9,……,
d0e81a4acd55cfac60c2aa1bec155c08.bundle,被隆生叫出去對話,Say,リン･テイ,0,もしもし？聞こえるー？,
d0e81a4acd55cfac60c2aa1bec155c08.bundle,被隆生叫出去對話,Branch,#Simple,10,ああ。,
d0e81a4acd55cfac60c2aa1bec155c08.bundle,被隆生叫出去對話,Say,リン･テイ,1,私はリュウセイに聞いてるの！,
d0e81a4acd55cfac60c2aa1bec155c08.bundle,被隆生叫出去對話,Branch,#Simple,11,……,
d0e81a4acd55cfac60c2aa1bec155c08.bundle,被隆生叫出去對話,Say,リュウセイ･チョウ,11,リンさん……？,
d0e81a4acd55cfac60c2aa1bec155c08.bundle,被隆生叫出去對話,Say,リン･テイ,2,スイさんに頼まれて、私がサポートすることになったの。,
d0e81a4acd55cfac60c2aa1bec155c08.bundle,被隆生叫出去對話,Say,リュウセイ･チョウ,12,えっ！？,
d0e81a4acd55cfac60c2aa1bec155c08.bundle,被隆生叫出去對話,Say,リン･テイ,3,ハハハ……これがスイさんが考える、もしもの場合の作戦みたいね。,
d0e81a4acd55cfac60c2aa1bec155c08.bundle,被隆生叫出去對話,Branch,#Simple,12,やっぱり彼女は考えていたんだな。,
d0e81a4acd55cfac60c2aa1bec155c08.bundle,被隆生叫出去對話,Say,リュウセイ･チョウ,13,そ、そうっすね……,
d0e81a4acd55cfac60c2aa1bec155c08.bundle,被隆生叫出去對話,Branch,#Simple,13,……,
d0e81a4acd55cfac60c2aa1bec155c08.bundle,被隆生叫出去對話,Say,リン･テイ,4,23号さんからサポーターの基本を学んでおいたから、問題はないと思うわ。,
d0e81a4acd55cfac60c2aa1bec155c08.bundle,被隆生叫出去對話,Say,リン･テイ,5,じゃ、当初の作戦通りに行きますか……,
d0e81a4acd55cfac60c2aa1bec155c08.bundle,被隆生叫出去對話,Say,リン･テイ,6,ジェイ、シフトを代わってくれそうな人を探して。,
d0e81a4acd55cfac60c2aa1bec155c08.bundle,被隆生叫出去對話,Say,リン･テイ,7,リュウセイ、シフトを代わってくれそうな人を探して。,
d0e81a4acd55cfac60c2aa1bec155c08.bundle,被隆生叫出去對話,Say,リュウセイ･チョウ,14,今日、面談が入ってる人って誰がいるっすか？,
d0e81a4acd55cfac60c2aa1bec155c08.bundle,被隆生叫出去對話,Say,リン･テイ,8,待ってね。確かここで検索できたはず……,
d0e81a4acd55cfac60c2aa1bec155c08.bundle,被隆生叫出去對話,Say,リュウセイ･チョウ,15,……,
d0e81a4acd55cfac60c2aa1bec155c08.bundle,被隆生叫出去對話,Say,リン･テイ,9,あった！シンホン･ゴウとタイミン･ソウ、そしてセイ･リンだね。,
d0e81a4acd55cfac60c2aa1bec155c08.bundle,被隆生叫出去對話,Say,リュウセイ･チョウ,16,マジっすか！？,
d0e81a4acd55cfac60c2aa1bec155c08.bundle,被隆生叫出去對話,Say,リュウセイ･チョウ,17,やった！ついてるっすね～！,
d0e81a4acd55cfac60c2aa1bec155c08.bundle,被隆生叫出去對話,Say,リュウセイ･チョウ,18,三人とも僕に借りがあるから、簡単にシフトを代わってくれるはずっす。,
d0e81a4acd55cfac60c2aa1bec155c08.bundle,被隆生叫出去對話,Branch,#Simple,14,三人とも？,
d0e81a4acd55cfac60c2aa1bec155c08.bundle,被隆生叫出去對話,Say,リュウセイ･チョウ,19,三人ともっす！,
d0e81a4acd55cfac60c2aa1bec155c08.bundle,被隆生叫出去對話,Branch,#Simple,15,ここに、そんなに長い間潜入してないだろ？,
d0e81a4acd55cfac60c2aa1bec155c08.bundle,被隆生叫出去對話,Say,リュウセイ･チョウ,20,僕は人助けが得意なんすよ！,
d0e81a4acd55cfac60c2aa1bec155c08.bundle,被隆生叫出去對話,Branch,#Simple,16,どんな借りなんだ？,
d0e81a4acd55cfac60c2aa1bec155c08.bundle,被隆生叫出去對話,Say,リュウセイ･チョウ,21,えっと……,
d0e81a4acd55cfac60c2aa1bec155c08.bundle,被隆生叫出去對話,Branch,#Simple,17,……,
d0e81a4acd55cfac60c2aa1bec155c08.bundle,被隆生叫出去對話,Say,リュウセイ･チョウ,22,シンホンには、リョウさんのチェックから逃れる手助けを何回もしてあげたし、仕事も代わってあげたりしてたっす。,
d0e81a4acd55cfac60c2aa1bec155c08.bundle,被隆生叫出去對話,Say,心の声,1,確かに俺がここに来た日のシンホンは、仕事をリュウセイに任せて、タバコを吸っていたな……,
d0e81a4acd55cfac60c2aa1bec155c08.bundle,被隆生叫出去對話,Say,リュウセイ･チョウ,23,タイミンはね、実はこっそり勤務中に酒を飲んでるんすよ。,
d0e81a4acd55cfac60c2aa1bec155c08.bundle,被隆生叫出去對話,Say,リュウセイ･チョウ,24,僕はそれがバレないように、何度か見張りを任されたことがあるっす！,
d0e81a4acd55cfac60c2aa1bec155c08.bundle,被隆生叫出去對話,Say,リン･テイ,10,ちょっと！聞けば悪いことばっかじゃないの！,
d0e81a4acd55cfac60c2aa1bec155c08.bundle,被隆生叫出去對話,Say,リュウセイ･チョウ,25,え？別に大したことじゃないと思うっすけど？,
d0e81a4acd55cfac60c2aa1bec155c08.bundle,被隆生叫出去對話,Say,リン･テイ,11,すべて規則違反よ！,
d0e81a4acd55cfac60c2aa1bec155c08.bundle,被隆生叫出去對話,Branch,#Simple,18,風紀委員リン様のお出ましだ。,
d0e81a4acd55cfac60c2aa1bec155c08.bundle,被隆生叫出去對話,Say,リュウセイ･チョウ,26,ハハハ！本当に小学校の風紀委員長みたいっすね！,
d0e81a4acd55cfac60c2aa1bec155c08.bundle,被隆生叫出去對話,Say,リン･テイ,12,や、やめてよ！,
d0e81a4acd55cfac60c2aa1bec155c08.bundle,被隆生叫出去對話,Branch,#Simple,19,リュウセイは問題児だな。,
d0e81a4acd55cfac60c2aa1bec155c08.bundle,被隆生叫出去對話,Say,リュウセイ･チョウ,27,ヘヘッ。,
d0e81a4acd55cfac60c2aa1bec155c08.bundle,被隆生叫出去對話,Say,リン･テイ,13,ヘヘッ、じゃないわよ……,
d0e81a4acd55cfac60c2aa1bec155c08.bundle,被隆生叫出去對話,Branch,#Simple,20,……,
d0e81a4acd55cfac60c2aa1bec155c08.bundle,被隆生叫出去對話,Say,リン･テイ,14,ゴホン！,
d0e81a4acd55cfac60c2aa1bec155c08.bundle,被隆生叫出去對話,Branch,#Simple,21,そんな簡単に代わってくれるのか？,
d0e81a4acd55cfac60c2aa1bec155c08.bundle,被隆生叫出去對話,Say,リュウセイ･チョウ,28,多分大丈夫っす。,
d0e81a4acd55cfac60c2aa1bec155c08.bundle,被隆生叫出去對話,Branch,#Simple,22,……,
d0e81a4acd55cfac60c2aa1bec155c08.bundle,被隆生叫出去對話,Say,リン･テイ,15,じゃ、リュウセイはシフトを代わってもらうことは問題ないのね？,
d0e81a4acd55cfac60c2aa1bec155c08.bundle,被隆生叫出去對話,Say,リュウセイ･チョウ,29,イエス！,
d0e81a4acd55cfac60c2aa1bec155c08.bundle,被隆生叫出去對話,Branch,#Simple,23,ついてるな。,
d0e81a4acd55cfac60c2aa1bec155c08.bundle,被隆生叫出去對話,Say,リュウセイ･チョウ,30,ハハ、そうっすね。,
d0e81a4acd55cfac60c2aa1bec155c08.bundle,被隆生叫出去對話,Branch,#Simple,24,セイ･リンへの借りって何なんだ？,
d0e81a4acd55cfac60c2aa1bec155c08.bundle,被隆生叫出去對話,Say,リュウセイ･チョウ,31,彼女の猫の世話をしたことがあるっす。,
d0e81a4acd55cfac60c2aa1bec155c08.bundle,被隆生叫出去對話,Branch,#Simple,25,彼女はあんたに自分の猫を預けたのか？,
d0e81a4acd55cfac60c2aa1bec155c08.bundle,被隆生叫出去對話,Say,リュウセイ･チョウ,32,なんすかその言い方？こう見えても僕は、今までいろんなペットを飼ってたっすよ。,
d0e81a4acd55cfac60c2aa1bec155c08.bundle,被隆生叫出去對話,Branch,#Simple,26,どこで世話をしてたんだ？,
d0e81a4acd55cfac60c2aa1bec155c08.bundle,被隆生叫出去對話,Say,リュウセイ･チョウ,33,アジドの中っすね。,
d0e81a4acd55cfac60c2aa1bec155c08.bundle,被隆生叫出去對話,Say,心の声,2,本当に大丈夫だったのか……？,
d0e81a4acd55cfac60c2aa1bec155c08.bundle,被隆生叫出去對話,Branch,#Simple,27,……,
d0e81a4acd55cfac60c2aa1bec155c08.bundle,被隆生叫出去對話,Say,リュウセイ･チョウ,34,僕は優しい人間だから、猫をいじめたりしないだろうって言われたっす。,
d0e81a4acd55cfac60c2aa1bec155c08.bundle,被隆生叫出去對話,Say,リン･テイ,16,まあ、リュウセイは人が良いからね。,
d0e81a4acd55cfac60c2aa1bec155c08.bundle,被隆生叫出去對話,Say,リュウセイ･チョウ,35,ほら、リンさんもそう言ってるっすよ～,
d0e81a4acd55cfac60c2aa1bec155c08.bundle,被隆生叫出去對話,Branch,#Simple,28,わかった、わかった。,
d0e81a4acd55cfac60c2aa1bec155c08.bundle,被隆生叫出去對話,Say,リュウセイ･チョウ,36,これ本当っすよ！,
d0e81a4acd55cfac60c2aa1bec155c08.bundle,被隆生叫出去對話,Branch,#Simple,29,俺もそう思ってるよ。,
d0e81a4acd55cfac60c2aa1bec155c08.bundle,被隆生叫出去對話,Say,リュウセイ･チョウ,37,ヘヘッ！,
d0e81a4acd55cfac60c2aa1bec155c08.bundle,被隆生叫出去對話,Branch,#Simple,30,俺にはそう見えないけどな。,
d0e81a4acd55cfac60c2aa1bec155c08.bundle,被隆生叫出去對話,Say,リュウセイ･チョウ,38,ひどいっす！,
d0e81a4acd55cfac60c2aa1bec155c08.bundle,被隆生叫出去對話,Branch,#Simple,31,……,
d0e81a4acd55cfac60c2aa1bec155c08.bundle,被隆生叫出去對話,Branch,#Simple,32,……,
d0e81a4acd55cfac60c2aa1bec155c08.bundle,被隆生叫出去對話,Say,リン･テイ,17,話はここら辺にして、リュウセイはシフトを代わってもらってきて。,
d0e81a4acd55cfac60c2aa1bec155c08.bundle,被隆生叫出去對話,Say,リュウセイ･チョウ,39,じゃ、まずはセイさんに聞いてみるっす！彼女なら話を聞いてくれそうっすからね。,
d0e81a4acd55cfac60c2aa1bec155c08.bundle,被隆生叫出去對話,Say,リュウセイ･チョウ,40,それで、セイさんは今どこにいるっすか？,
d0e81a4acd55cfac60c2aa1bec155c08.bundle,被隆生叫出去對話,Say,リン･テイ,18,えっとね……,
d0e81a4acd55cfac60c2aa1bec155c08.bundle,被隆生叫出去對話,Say,リン･テイ,19,解析室にいるみたい。,
d0e81a4acd55cfac60c2aa1bec155c08.bundle,被隆生叫出去對話,Say,リュウセイ･チョウ,41,そこの場所なら知ってるっす。,
d0e81a4acd55cfac60c2aa1bec155c08.bundle,被隆生叫出去對話,Branch,#Simple,33,俺はまだ待機でいいのか？,
d0e81a4acd55cfac60c2aa1bec155c08.bundle,被隆生叫出去對話,Branch,#Simple,34,頑張れ。,
d0e81a4acd55cfac60c2aa1bec155c08.bundle,被隆生叫出去對話,Say,リュウセイ･チョウ,42,うっす！,
d0e81a4acd55cfac60c2aa1bec155c08.bundle,被隆生叫出去對話,Branch,#Simple,35,……,
d0e81a4acd55cfac60c2aa1bec155c08.bundle,被隆生叫出去對話,Say,リン･テイ,20,ジェイは……,
d0e81a4acd55cfac60c2aa1bec155c08.bundle,被隆生叫出去對話,Say,リン･テイ,21,このまま面談に行って。,
d0e81a4acd55cfac60c2aa1bec155c08.bundle,被隆生叫出去對話,Branch,#Simple,36,わかった。,
d0e81a4acd55cfac60c2aa1bec155c08.bundle,被隆生叫出去對話,Branch,#Simple,37,俺はシフトを代わってもらわなくてもいいのか？,
d0e81a4acd55cfac60c2aa1bec155c08.bundle,被隆生叫出去對話,Say,リン･テイ,22,ジェイは元々リュウセイが行うはずだった面談をやるって言ったでしょ？,
d0e81a4acd55cfac60c2aa1bec155c08.bundle,被隆生叫出去對話,Say,リン･テイ,23,そろそろその面談が始まるはずよ。,
d0e81a4acd55cfac60c2aa1bec155c08.bundle,被隆生叫出去對話,Say,リン･テイ,24,さあ、行きましょう。,
d0e81a4acd55cfac60c2aa1bec155c08.bundle,被隆生叫出去對話,Say,リン･テイ,25,じゃ、ジェイはこの三人の誰かからシフトを代わってもらってきて。,
d0e81a4acd55cfac60c2aa1bec155c08.bundle,被隆生叫出去對話,Say,リン･テイ,26,三人もいれば、一人くらいは代わってくれるでしょう！,
d0e81a4acd55cfac60c2aa1bec155c08.bundle,被隆生叫出去對話,Branch,#Simple,38,わかった。,
d0e81a4acd55cfac60c2aa1bec155c08.bundle,被隆生叫出去對話,Branch,#Simple,39,もし誰も代わってくれなかったら？,
d0e81a4acd55cfac60c2aa1bec155c08.bundle,被隆生叫出去對話,Say,リン･テイ,27,その時はリュウセイに任せるしかないわね。彼が選んだ人を協力者にするしか……,
d0e81a4acd55cfac60c2aa1bec155c08.bundle,被隆生叫出去對話,Say,リュウセイ･チョウ,43,ジェイの兄貴なら大丈夫っすよ！ファイト！,
d0e81a4acd55cfac60c2aa1bec155c08.bundle,被隆生叫出去對話,Branch,#Simple,40,……,
d0e81a4acd55cfac60c2aa1bec155c08.bundle,被隆生叫出去對話,Say,リュウセイ･チョウ,44,僕はどうすればいいっすか？,
d0e81a4acd55cfac60c2aa1bec155c08.bundle,被隆生叫出去對話,Say,リン･テイ,28,リュウセイは本来のシフト通りに面談に行って。,
d0e81a4acd55cfac60c2aa1bec155c08.bundle,被隆生叫出去對話,Say,リン･テイ,29,そろそれ時間よね？ほら、早く向かって。,
d0e81a4acd55cfac60c2aa1bec155c08.bundle,被隆生叫出去對話,Say,リュウセイ･チョウ,45,ラジャー！,
d0e81a4acd55cfac60c2aa1bec155c08.bundle,被隆生叫出去對話,Say,リン･テイ,30,さあ、作戦開始よ。,
d0e81a4acd55cfac60c2aa1bec155c08.bundle,說服曹泰銘換班,Say,タイミン･ソウ,0,あっ、ジェイ！,
d0e81a4acd55cfac60c2aa1bec155c08.bundle,說服曹泰銘換班,Say,タイミン･ソウ,1,先程はどうしてリョウさんのことを話したのですか！？,
d0e81a4acd55cfac60c2aa1bec155c08.bundle,說服曹泰銘換班,Branch,#Simple,0,話すなとは言われてなかったので……,
d0e81a4acd55cfac60c2aa1bec155c08.bundle,說服曹泰銘換班,Say,タイミン･ソウ,2,そ、それはそうですけど……,
d0e81a4acd55cfac60c2aa1bec155c08.bundle,說服曹泰銘換班,Branch,#Simple,1,すみません、そこまで頭が回らなかったです。,
d0e81a4acd55cfac60c2aa1bec155c08.bundle,說服曹泰銘換班,Say,タイミン･ソウ,3,もう仕方ないですから、別にいいですよ。,
d0e81a4acd55cfac60c2aa1bec155c08.bundle,說服曹泰銘換班,Branch,#Simple,2,どうせすぐ噂が広まるのでは？,
d0e81a4acd55cfac60c2aa1bec155c08.bundle,說服曹泰銘換班,Say,タイミン･ソウ,4,そうかもしれませんが、ちゃんと説明があった上で、彼らに話すべきでした。,
d0e81a4acd55cfac60c2aa1bec155c08.bundle,說服曹泰銘換班,Say,タイミン･ソウ,5,そうでなくても、工場閉鎖の件で皆がピリピリしてますし、なぜか情報セキュリティー部も頻繁にここへ出入りしている現状です……,
d0e81a4acd55cfac60c2aa1bec155c08.bundle,說服曹泰銘換班,Say,タイミン･ソウ,6,リョウさんの件は、ちゃんと結論が出てた上で話すのが適切だったと思います。,
d0e81a4acd55cfac60c2aa1bec155c08.bundle,說服曹泰銘換班,Say,タイミン･ソウ,7,まぁ、僕が慎重になりすぎている点もあるかもしれませんが。,
d0e81a4acd55cfac60c2aa1bec155c08.bundle,說服曹泰銘換班,Say,タイミン･ソウ,8,ところで……,
d0e81a4acd55cfac60c2aa1bec155c08.bundle,說服曹泰銘換班,Say,タイミン･ソウ,9,ジェイ！,
d0e81a4acd55cfac60c2aa1bec155c08.bundle,說服曹泰銘換班,Say,タイミン･ソウ,10,さっきはリョウさんのことを黙っててくれたのですね。,
d0e81a4acd55cfac60c2aa1bec155c08.bundle,說服曹泰銘換班,Say,タイミン･ソウ,11,僕のアイコンタクトがちゃんと伝わったようで良かったです。,
d0e81a4acd55cfac60c2aa1bec155c08.bundle,說服曹泰銘換班,Branch,#Simple,3,あの目配せはそれを伝えてたんですか？,
d0e81a4acd55cfac60c2aa1bec155c08.bundle,說服曹泰銘換班,Say,タイミン･ソウ,12,え？伝わってなかったの！？,
d0e81a4acd55cfac60c2aa1bec155c08.bundle,說服曹泰銘換班,Say,タイミン･ソウ,13,ハハ！そうだったのですね！,
d0e81a4acd55cfac60c2aa1bec155c08.bundle,說服曹泰銘換班,Branch,#Simple,4,私じゃなかったら、見逃していましたよ。,
d0e81a4acd55cfac60c2aa1bec155c08.bundle,說服曹泰銘換班,Say,タイミン･ソウ,14,ハハハ！,
d0e81a4acd55cfac60c2aa1bec155c08.bundle,說服曹泰銘換班,Say,タイミン･ソウ,15,こちらも気づいてもらえないかと思って、ハラハラしてましたよ。,
d0e81a4acd55cfac60c2aa1bec155c08.bundle,說服曹泰銘換班,Branch,#Simple,5,最初から言うつもりはありませんでした。,
d0e81a4acd55cfac60c2aa1bec155c08.bundle,說服曹泰銘換班,Say,タイミン･ソウ,16,あ、そうですか……,
d0e81a4acd55cfac60c2aa1bec155c08.bundle,說服曹泰銘換班,Say,タイミン･ソウ,17,ならよかったです。,
d0e81a4acd55cfac60c2aa1bec155c08.bundle,說服曹泰銘換班,Branch,#Simple,6,……,
d0e81a4acd55cfac60c2aa1bec155c08.bundle,說服曹泰銘換班,Say,タイミン･ソウ,18,……,
d0e81a4acd55cfac60c2aa1bec155c08.bundle,說服曹泰銘換班,Say,タイミン･ソウ,19,今は工場閉鎖の件で皆がピリピリしてますし、なぜか情報セキュリティー部も頻繁にここへ出入りしている現状です……,
d0e81a4acd55cfac60c2aa1bec155c08.bundle,說服曹泰銘換班,Say,タイミン･ソウ,20,リョウさんの件は、ちゃんと結論が出てた上で話すのが適切だと思いました。,
d0e81a4acd55cfac60c2aa1bec155c08.bundle,說服曹泰銘換班,Say,タイミン･ソウ,21,ところで……,
d0e81a4acd55cfac60c2aa1bec155c08.bundle,說服曹泰銘換班,Say,タイミン･ソウ,22,僕に何か用ですか？,
d0e81a4acd55cfac60c2aa1bec155c08.bundle,說服曹泰銘換班,Branch,#Simple,7,実は、タイミンにシフトを代わってもらいたいんです。,
d0e81a4acd55cfac60c2aa1bec155c08.bundle,說服曹泰銘換班,Say,タイミン･ソウ,23,僕のシフトですか？,
d0e81a4acd55cfac60c2aa1bec155c08.bundle,說服曹泰銘換班,Say,タイミン･ソウ,24,あ、もしかして面談のことですか？急にどうしてですか？,
d0e81a4acd55cfac60c2aa1bec155c08.bundle,說服曹泰銘換班,Branch,#Simple,8,面談の経験を積みたいと思いまして。,
d0e81a4acd55cfac60c2aa1bec155c08.bundle,說服曹泰銘換班,Say,タイミン･ソウ,25,そんな急いで経験を積まなくても大丈夫ですよ。,
d0e81a4acd55cfac60c2aa1bec155c08.bundle,說服曹泰銘換班,Say,タイミン･ソウ,26,ジェイは採用されたわけですし、これからいくらでも面談できます。,
d0e81a4acd55cfac60c2aa1bec155c08.bundle,說服曹泰銘換班,Branch,#Simple,9,実は暇なんです。,
d0e81a4acd55cfac60c2aa1bec155c08.bundle,說服曹泰銘換班,Say,タイミン･ソウ,27,暇……,
d0e81a4acd55cfac60c2aa1bec155c08.bundle,說服曹泰銘換班,Say,心の声,0,流石に適当すぎたか。,
d0e81a4acd55cfac60c2aa1bec155c08.bundle,說服曹泰銘換班,Say,タイミン･ソウ,28,僕はまだ、今月の業務目標を達成していないのです。だから面談は代わってあげられません。,
d0e81a4acd55cfac60c2aa1bec155c08.bundle,說服曹泰銘換班,Say,タイミン･ソウ,29,申し訳ないですが、他を当たってください。,
d0e81a4acd55cfac60c2aa1bec155c08.bundle,說服曹泰銘換班,Branch,#Simple,10,わかりました。,
d0e81a4acd55cfac60c2aa1bec155c08.bundle,說服曹泰銘換班,Say,タイミン･ソウ,30,すみません。,
d0e81a4acd55cfac60c2aa1bec155c08.bundle,說服曹泰銘換班,Branch,#Simple,11,何かあったら、手伝ってくれるって言ってましたよね？,
d0e81a4acd55cfac60c2aa1bec155c08.bundle,說服曹泰銘換班,Say,タイミン･ソウ,31,シンレイ･トンの調査の時の話ですか……,
d0e81a4acd55cfac60c2aa1bec155c08.bundle,說服曹泰銘換班,Say,タイミン･ソウ,32,確かにそう言いましたが……,
d0e81a4acd55cfac60c2aa1bec155c08.bundle,說服曹泰銘換班,Branch,#Simple,12,まさかあれは嘘だったのですか？,
d0e81a4acd55cfac60c2aa1bec155c08.bundle,說服曹泰銘換班,Say,タイミン･ソウ,33,嘘じゃありません。僕はボーちゃんとは違いますから。,
d0e81a4acd55cfac60c2aa1bec155c08.bundle,說服曹泰銘換班,Branch,#Simple,13,じゃ、代わってくれますか？,
d0e81a4acd55cfac60c2aa1bec155c08.bundle,說服曹泰銘換班,Branch,#Simple,14,……,
d0e81a4acd55cfac60c2aa1bec155c08.bundle,說服曹泰銘換班,Say,タイミン･ソウ,34,……,
d0e81a4acd55cfac60c2aa1bec155c08.bundle,說服曹泰銘換班,Say,タイミン･ソウ,35,わかりました。代わってあげてもいいですが……,
d0e81a4acd55cfac60c2aa1bec155c08.bundle,說服曹泰銘換班,Say,タイミン･ソウ,36,代わってほしい理由をちゃんと教えてください。,
d0e81a4acd55cfac60c2aa1bec155c08.bundle,說服曹泰銘換班,Branch,#Simple,15,さっき言いましたよ。,
d0e81a4acd55cfac60c2aa1bec155c08.bundle,說服曹泰銘換班,Say,タイミン･ソウ,37,あれは本当の理由をごまかしただけですよね？,
d0e81a4acd55cfac60c2aa1bec155c08.bundle,說服曹泰銘換班,Say,タイミン･ソウ,38,見くびらないでください。他の理由を隠していることは、見ればわかります。,
d0e81a4acd55cfac60c2aa1bec155c08.bundle,說服曹泰銘換班,Branch,#Simple,16,理由がそんなに重要ですか？,
d0e81a4acd55cfac60c2aa1bec155c08.bundle,說服曹泰銘換班,Say,タイミン･ソウ,39,僕にとっては、今日の面談はとても重要なのです。だから、何か特別な理由がないなら……,
d0e81a4acd55cfac60c2aa1bec155c08.bundle,說服曹泰銘換班,Say,タイミン･ソウ,40,代わってあげるつもりはないですね。,
d0e81a4acd55cfac60c2aa1bec155c08.bundle,說服曹泰銘換班,Branch,#Simple,17,……,
d0e81a4acd55cfac60c2aa1bec155c08.bundle,說服曹泰銘換班,Branch,#Simple,18,私は万象の陰謀を暴きたいんです。,
d0e81a4acd55cfac60c2aa1bec155c08.bundle,說服曹泰銘換班,Branch,#Simple,19,罪のない子どもを助けたいんです。,
d0e81a4acd55cfac60c2aa1bec155c08.bundle,說服曹泰銘換班,Say,リン･テイ,0,どういうことですか、ジェイ！？,
d0e81a4acd55cfac60c2aa1bec155c08.bundle,說服曹泰銘換班,Say,タイミン･ソウ,41,あなたは何を……？,
d0e81a4acd55cfac60c2aa1bec155c08.bundle,說服曹泰銘換班,Say,タイミン･ソウ,42,こちらは真剣に理由を聞いているのです。冗談はやめてください……,
d0e81a4acd55cfac60c2aa1bec155c08.bundle,說服曹泰銘換班,Say,タイミン･ソウ,43,……,
d0e81a4acd55cfac60c2aa1bec155c08.bundle,說服曹泰銘換班,Say,タイミン･ソウ,44,まさか本当だと言いたいのですか……？,
d0e81a4acd55cfac60c2aa1bec155c08.bundle,說服曹泰銘換班,Say,タイミン･ソウ,45,すみません。真実かどうかわからない理由で納得するわけにはいきません。,
d0e81a4acd55cfac60c2aa1bec155c08.bundle,說服曹泰銘換班,Branch,#Simple,20,わかりました。,
d0e81a4acd55cfac60c2aa1bec155c08.bundle,說服曹泰銘換班,Branch,#Simple,21,何かあったら、手伝ってくれるって言ってましたよね？,
d0e81a4acd55cfac60c2aa1bec155c08.bundle,說服曹泰銘換班,Say,タイミン･ソウ,46,確かにそうですが、今回はどうしても無理なのです。,
d0e81a4acd55cfac60c2aa1bec155c08.bundle,說服曹泰銘換班,Say,タイミン･ソウ,47,他のことなら力になってあげられるのですが、面談だけは……,
d0e81a4acd55cfac60c2aa1bec155c08.bundle,說服曹泰銘換班,Say,タイミン･ソウ,48,申し訳ないです。,
d0e81a4acd55cfac60c2aa1bec155c08.bundle,說服曹泰銘換班,Branch,#Simple,22,わかりました。,
d0e81a4acd55cfac60c2aa1bec155c08.bundle,說服曹泰銘換班,Say,タイミン･ソウ,49,わかってくれて、ありがとうございます。,
d0e81a4acd55cfac60c2aa1bec155c08.bundle,說服曹泰銘換班,Branch,#Simple,23,私の話を信じてくれないんですか？,
d0e81a4acd55cfac60c2aa1bec155c08.bundle,說服曹泰銘換班,Say,タイミン･ソウ,50,信じるも何も……,
d0e81a4acd55cfac60c2aa1bec155c08.bundle,說服曹泰銘換班,Say,タイミン･ソウ,51,いきなりそんなことを言われても……,
d0e81a4acd55cfac60c2aa1bec155c08.bundle,說服曹泰銘換班,Say,タイミン･ソウ,52,……,
d0e81a4acd55cfac60c2aa1bec155c08.bundle,說服曹泰銘換班,Branch,#Simple,24,この件は多くの人が関わっているんです。,
d0e81a4acd55cfac60c2aa1bec155c08.bundle,說服曹泰銘換班,Say,タイミン･ソウ,53,……,
d0e81a4acd55cfac60c2aa1bec155c08.bundle,說服曹泰銘換班,Say,タイミン･ソウ,54,……,
d0e81a4acd55cfac60c2aa1bec155c08.bundle,說服曹泰銘換班,Say,タイミン･ソウ,55,はぁ……,
d0e81a4acd55cfac60c2aa1bec155c08.bundle,說服曹泰銘換班,Say,タイミン･ソウ,56,ジェイ……,
d0e81a4acd55cfac60c2aa1bec155c08.bundle,說服曹泰銘換班,Say,タイミン･ソウ,57,理由はわかりませんが、あなたのことは最初から変な人だと思っていました。,
d0e81a4acd55cfac60c2aa1bec155c08.bundle,說服曹泰銘換班,Say,タイミン･ソウ,58,でもあなたがそう見えるのは、あなた自身の問題ではないように思えます……でも……,
d0e81a4acd55cfac60c2aa1bec155c08.bundle,說服曹泰銘換班,Say,タイミン･ソウ,59,ああ、もう！自分が何を言ってるのかわからなくなってきた！,
d0e81a4acd55cfac60c2aa1bec155c08.bundle,說服曹泰銘換班,Say,タイミン･ソウ,60,あなたとはまだ数日間の付き合いですが、あなたが悪い人には思えません。,
d0e81a4acd55cfac60c2aa1bec155c08.bundle,說服曹泰銘換班,Say,タイミン･ソウ,61,でも、あなたの話が本当だとも思えません。,
d0e81a4acd55cfac60c2aa1bec155c08.bundle,說服曹泰銘換班,Say,タイミン･ソウ,62,それでもあなたには、どうしても面談をしたい理由があるのでしょうね。,
d0e81a4acd55cfac60c2aa1bec155c08.bundle,說服曹泰銘換班,Say,タイミン･ソウ,63,わかりました。ここはあなたに譲ります！,
d0e81a4acd55cfac60c2aa1bec155c08.bundle,說服曹泰銘換班,Say,リン･テイ,1,やった！,
d0e81a4acd55cfac60c2aa1bec155c08.bundle,說服曹泰銘換班,Branch,#Simple,25,本当にありがとうございます。,
d0e81a4acd55cfac60c2aa1bec155c08.bundle,說服曹泰銘換班,Say,タイミン･ソウ,64,気にしないでください。,
d0e81a4acd55cfac60c2aa1bec155c08.bundle,說服曹泰銘換班,Branch,#Simple,26,……,
d0e81a4acd55cfac60c2aa1bec155c08.bundle,說服曹泰銘換班,Say,タイミン･ソウ,65,じゃ、今日の面談はお願いしますね。,
d0e81a4acd55cfac60c2aa1bec155c08.bundle,說服曹泰銘換班,Say,タイミン･ソウ,66,他に用事がなければ、僕は仕事に戻ります。,
d0e81a4acd55cfac60c2aa1bec155c08.bundle,說服曹泰銘換班,Branch,#Simple,27,……,
d0e81a4acd55cfac60c2aa1bec155c08.bundle,說服曹泰銘換班,Branch,#Simple,28,それは言えませんが、私にとって大事なことなんです。,
d0e81a4acd55cfac60c2aa1bec155c08.bundle,說服曹泰銘換班,Say,タイミン･ソウ,67,そんなこと言われても……,
d0e81a4acd55cfac60c2aa1bec155c08.bundle,說服曹泰銘換班,Say,タイミン･ソウ,68,申し訳ないですが、それでは納得できません。他を当たってください。,
d0e81a4acd55cfac60c2aa1bec155c08.bundle,說服曹泰銘換班,Branch,#Simple,29,この件は多くの人が関わっているんです。,
d0e81a4acd55cfac60c2aa1bec155c08.bundle,說服曹泰銘換班,Branch,#Simple,30,わかりました。,
d0e81a4acd55cfac60c2aa1bec155c08.bundle,說服曹泰銘換班,Branch,#Simple,31,……,
d0e81a4acd55cfac60c2aa1bec155c08.bundle,說服曹泰銘換班,Branch,#Simple,32,私が面談した人も、あなたの業績としてカウントするならどうですか？,
d0e81a4acd55cfac60c2aa1bec155c08.bundle,說服曹泰銘換班,Say,タイミン･ソウ,69,それは……,
d0e81a4acd55cfac60c2aa1bec155c08.bundle,說服曹泰銘換班,Say,タイミン･ソウ,70,いえ、無理です。きっとサイレントにバレます。,
d0e81a4acd55cfac60c2aa1bec155c08.bundle,說服曹泰銘換班,Say,心の声,1,23号ならサイレントの目を欺けるだろうが……,
d0e81a4acd55cfac60c2aa1bec155c08.bundle,說服曹泰銘換班,Say,心の声,2,リンがそれをできるだろうか……,
d0e81a4acd55cfac60c2aa1bec155c08.bundle,說服曹泰銘換班,Branch,#Simple,33,サイレントに見つからない方法があると言ったらどうします？,
d0e81a4acd55cfac60c2aa1bec155c08.bundle,說服曹泰銘換班,Say,タイミン･ソウ,71,ほう、何をする気ですか？,
d0e81a4acd55cfac60c2aa1bec155c08.bundle,說服曹泰銘換班,Say,リン･テイ,2,ジェイ！サイレントにハッキングができることは言っちゃだめよ！,
d0e81a4acd55cfac60c2aa1bec155c08.bundle,說服曹泰銘換班,Branch,#Simple,34,私はサイレントにハッキングし、自由に操ることができます。,
d0e81a4acd55cfac60c2aa1bec155c08.bundle,說服曹泰銘換班,Say,リン･テイ,3,ジェイ！,
d0e81a4acd55cfac60c2aa1bec155c08.bundle,說服曹泰銘換班,Say,タイミン･ソウ,72,ハハハ、面白いことを言いますね。,
d0e81a4acd55cfac60c2aa1bec155c08.bundle,說服曹泰銘換班,Say,タイミン･ソウ,73,もう冗談は結構です。他を当たってください。,
d0e81a4acd55cfac60c2aa1bec155c08.bundle,說服曹泰銘換班,Branch,#Simple,35,詳しくは言えませんが、私には方法があるんです。,
d0e81a4acd55cfac60c2aa1bec155c08.bundle,說服曹泰銘換班,Say,タイミン･ソウ,74,それじゃ、信じられません。,
d0e81a4acd55cfac60c2aa1bec155c08.bundle,說服曹泰銘換班,Say,タイミン･ソウ,75,申し訳ないですが、やめておきます。,
d0e81a4acd55cfac60c2aa1bec155c08.bundle,說服曹泰銘換班,Branch,#Simple,36,わかりました。,
d0e81a4acd55cfac60c2aa1bec155c08.bundle,說服曹泰銘換班,Branch,#Simple,37,もし、私がサイレントにハッキングできると言ったらどうします？,
d0e81a4acd55cfac60c2aa1bec155c08.bundle,說服曹泰銘換班,Branch,#Simple,38,……,
d0e81a4acd55cfac60c2aa1bec155c08.bundle,說服曹泰銘換班,Branch,#Simple,39,すみません、適当に言っただけです。,
d0e81a4acd55cfac60c2aa1bec155c08.bundle,說服曹泰銘換班,Say,タイミン･ソウ,76,そうですか。,
d0e81a4acd55cfac60c2aa1bec155c08.bundle,說服曹泰銘換班,Branch,#Simple,40,何かあったら、手伝ってくれるって言ってましたよね？,
d0e81a4acd55cfac60c2aa1bec155c08.bundle,說服曹泰銘換班,Branch,#Simple,41,わかりました。,
d0e81a4acd55cfac60c2aa1bec155c08.bundle,說服曹泰銘換班,Branch,#Simple,42,何かあったら、手伝ってくれるって言ってましたよね？,
d0e81a4acd55cfac60c2aa1bec155c08.bundle,說服曹泰銘換班,Branch,#Simple,43,……,
d0e81a4acd55cfac60c2aa1bec155c08.bundle,說服曹泰銘換班,Say,タイミン･ソウ,77,シンホンに聞いてみるといいかもしれません。彼も今日のシフトに面談が入っていたので。,
d0e81a4acd55cfac60c2aa1bec155c08.bundle,說服曹泰銘換班,Say,タイミン･ソウ,78,それにシンホンなら話を聞いてくれると思いますし、業務目標もすでに達成しているはずです。,
d0e81a4acd55cfac60c2aa1bec155c08.bundle,說服曹泰銘換班,Branch,#Simple,44,彼はどこにいますか？,
d0e81a4acd55cfac60c2aa1bec155c08.bundle,說服曹泰銘換班,Say,タイミン･ソウ,79,多分、修築組でタバコでも吸っているのでしょう。彼はガソリンの匂いが好きですから。,
d0e81a4acd55cfac60c2aa1bec155c08.bundle,說服曹泰銘換班,Branch,#Simple,45,ガソリンの匂い？,
d0e81a4acd55cfac60c2aa1bec155c08.bundle,說服曹泰銘換班,Say,タイミン･ソウ,80,よくわかりませんが、そういうのが好きな人もいますよね？,
d0e81a4acd55cfac60c2aa1bec155c08.bundle,說服曹泰銘換班,Say,タイミン･ソウ,81,もういいですか？,
d0e81a4acd55cfac60c2aa1bec155c08.bundle,說服曹泰銘換班,Branch,#Simple,46,教えてくれてありがとうございます。,
d0e81a4acd55cfac60c2aa1bec155c08.bundle,說服曹泰銘換班,Branch,#Simple,47,セイ･リンはどうですか？,
d0e81a4acd55cfac60c2aa1bec155c08.bundle,說服曹泰銘換班,Branch,#Simple,48,ありがとうございます。,
d0e81a4acd55cfac60c2aa1bec155c08.bundle,說服曹泰銘換班,Say,タイミン･ソウ,82,大したことじゃありません。,
d0e81a4acd55cfac60c2aa1bec155c08.bundle,說服曹泰銘換班,Branch,#Simple,49,セイ･リンはどうですか？,
d0e81a4acd55cfac60c2aa1bec155c08.bundle,說服曹泰銘換班,Branch,#Simple,50,……,
d0e81a4acd55cfac60c2aa1bec155c08.bundle,說服曹泰銘換班,Branch,#Simple,51,セイ･リンはどうですか？,
d0e81a4acd55cfac60c2aa1bec155c08.bundle,說服曹泰銘換班,Say,タイミン･ソウ,83,セイさん？ああ、彼女も今日のシフトに面談が入ってましたね。,
d0e81a4acd55cfac60c2aa1bec155c08.bundle,說服曹泰銘換班,Say,タイミン･ソウ,84,彼女は……,
d0e81a4acd55cfac60c2aa1bec155c08.bundle,說服曹泰銘換班,Say,タイミン･ソウ,85,ルールに厳しい人だから、シフトを代わるとか無理だと思いますよ。,
d0e81a4acd55cfac60c2aa1bec155c08.bundle,說服曹泰銘換班,Say,タイミン･ソウ,86,おそらく、契約室のホールにいると思います。,
d0e81a4acd55cfac60c2aa1bec155c08.bundle,說服曹泰銘換班,Branch,#Simple,52,ありがとうございます。,
d0e81a4acd55cfac60c2aa1bec155c08.bundle,說服曹泰銘換班,Say,タイミン･ソウ,87,大したことはしていません。,
d0e81a4acd55cfac60c2aa1bec155c08.bundle,說服曹泰銘換班,Branch,#Simple,53,……,
d0e81a4acd55cfac60c2aa1bec155c08.bundle,說服曹泰銘換班,Say,タイミン･ソウ,88,他に用事がなければ、僕は仕事に戻ります。,
d0e81a4acd55cfac60c2aa1bec155c08.bundle,說服曹泰銘換班,Branch,#Simple,54,いえ、何でもありません。,
d0e81a4acd55cfac60c2aa1bec155c08.bundle,說服曹泰銘換班,Say,タイミン･ソウ,89,では、これで。,
d0e81a4acd55cfac60c2aa1bec155c08.bundle,說服林靜慧換班,Say,セイ･リン,0,あっ、ジェイさん。,
d0e81a4acd55cfac60c2aa1bec155c08.bundle,說服林靜慧換班,Say,心の声,0,嫌な顔をしている。,
d0e81a4acd55cfac60c2aa1bec155c08.bundle,說服林靜慧換班,Say,セイ･リン,1,あなたと話すことはありません。,
d0e81a4acd55cfac60c2aa1bec155c08.bundle,說服林靜慧換班,Say,心の声,1,そうか。前回ハードディスクの件を怒っているんだ……,
d0e81a4acd55cfac60c2aa1bec155c08.bundle,說服林靜慧換班,Say,心の声,2,彼女に頼むのは無理そうだ……,
d0e81a4acd55cfac60c2aa1bec155c08.bundle,說服林靜慧換班,Say,リン･テイ,0,厳しそうね……,
d0e81a4acd55cfac60c2aa1bec155c08.bundle,說服林靜慧換班,Say,セイ･リン,2,あら、何か用ですか？,
d0e81a4acd55cfac60c2aa1bec155c08.bundle,說服林靜慧換班,Branch,#Simple,0,実は、面談のシフトを代わってもらいたいんです。,
d0e81a4acd55cfac60c2aa1bec155c08.bundle,說服林靜慧換班,Say,セイ･リン,3,面談の？,
d0e81a4acd55cfac60c2aa1bec155c08.bundle,說服林靜慧換班,Say,セイ･リン,4,でも私、まだ今月の業務目標を達成してませんし……,
d0e81a4acd55cfac60c2aa1bec155c08.bundle,說服林靜慧換班,Say,セイ･リン,5,代わってあげるような間柄でもありませんし……,
d0e81a4acd55cfac60c2aa1bec155c08.bundle,說服林靜慧換班,Say,心の声,3,確かに彼女とは、ほとんど話したことがないな……,
d0e81a4acd55cfac60c2aa1bec155c08.bundle,說服林靜慧換班,Say,セイ･リン,6,ご、ごめんなさい！,
d0e81a4acd55cfac60c2aa1bec155c08.bundle,說服林靜慧換班,Branch,#Simple,1,こっちこそ邪魔してすみません。,
d0e81a4acd55cfac60c2aa1bec155c08.bundle,說服林靜慧換班,Say,セイ･リン,7,き、気にしないでください。,
d0e81a4acd55cfac60c2aa1bec155c08.bundle,說服林靜慧換班,Say,心の声,4,秒で断られてしまった……,
d0e81a4acd55cfac60c2aa1bec155c08.bundle,說服林靜慧換班,Say,リン･テイ,1,厳しそうね……,
d0e81a4acd55cfac60c2aa1bec155c08.bundle,說服林靜慧換班,Branch,#Simple,2,あなたは私のおかげで命を救われたはずです。,
d0e81a4acd55cfac60c2aa1bec155c08.bundle,說服林靜慧換班,Say,心の声,5,そうだ。確か彼女は、殺人犯に追われて契約室に入ってきた……,
d0e81a4acd55cfac60c2aa1bec155c08.bundle,說服林靜慧換班,Say,セイ･リン,8,あっ……！,
d0e81a4acd55cfac60c2aa1bec155c08.bundle,說服林靜慧換班,Say,セイ･リン,9,あなた、あの殺人犯を倒した人ですね！,
d0e81a4acd55cfac60c2aa1bec155c08.bundle,說服林靜慧換班,Say,セイ･リン,10,ま、まさかあなただったとは……！,
d0e81a4acd55cfac60c2aa1bec155c08.bundle,說服林靜慧換班,Say,セイ･リン,11,でも……,
d0e81a4acd55cfac60c2aa1bec155c08.bundle,說服林靜慧換班,Branch,#Simple,3,お願いします！シフトを代わってもらえないとクビにされます！,
d0e81a4acd55cfac60c2aa1bec155c08.bundle,說服林靜慧換班,Say,セイ･リン,12,そんな……,
d0e81a4acd55cfac60c2aa1bec155c08.bundle,說服林靜慧換班,Branch,#Simple,4,私がいなかったら、あなたは病院のベッドの上でしたよ。,
d0e81a4acd55cfac60c2aa1bec155c08.bundle,說服林靜慧換班,Say,セイ･リン,13,そ、そうですけど……,
d0e81a4acd55cfac60c2aa1bec155c08.bundle,說服林靜慧換班,Branch,#Simple,5,私はあなたの命を救いました。今度は私を助けてくれませんか？,
d0e81a4acd55cfac60c2aa1bec155c08.bundle,說服林靜慧換班,Branch,#Simple,6,命の恩人である私を見殺しにするつもりですか？,
d0e81a4acd55cfac60c2aa1bec155c08.bundle,說服林靜慧換班,Say,セイ･リン,14,そんな……,
d0e81a4acd55cfac60c2aa1bec155c08.bundle,說服林靜慧換班,Say,セイ･リン,15,じゃ……,
d0e81a4acd55cfac60c2aa1bec155c08.bundle,說服林靜慧換班,Say,セイ･リン,16,か、代わります……,
d0e81a4acd55cfac60c2aa1bec155c08.bundle,說服林靜慧換班,Branch,#Simple,7,本当ですか？ありがとう！,
d0e81a4acd55cfac60c2aa1bec155c08.bundle,說服林靜慧換班,Say,セイ･リン,17,は……はい……,
d0e81a4acd55cfac60c2aa1bec155c08.bundle,說服林靜慧換班,Branch,#Simple,8,もし本当に無理なら、私もそこまで困らせる気はありません。,
d0e81a4acd55cfac60c2aa1bec155c08.bundle,說服林靜慧換班,Say,セイ･リン,18,ほ、本当ですか！じゃ……,
d0e81a4acd55cfac60c2aa1bec155c08.bundle,說服林靜慧換班,Branch,#Simple,9,そうですか。じゃ、やめておきましょう！,
d0e81a4acd55cfac60c2aa1bec155c08.bundle,說服林靜慧換班,Branch,#Simple,10,でもその場合は、私は路頭に迷うことになるかもしれませんね。,
d0e81a4acd55cfac60c2aa1bec155c08.bundle,說服林靜慧換班,Say,セイ･リン,19,……,
d0e81a4acd55cfac60c2aa1bec155c08.bundle,說服林靜慧換班,Say,セイ･リン,20,わかりました……シフトを代わります。,
d0e81a4acd55cfac60c2aa1bec155c08.bundle,說服林靜慧換班,Say,セイ･リン,21,あなたは、私の命を救ってくれましたしね……,
d0e81a4acd55cfac60c2aa1bec155c08.bundle,說服林靜慧換班,Branch,#Simple,11,……,
d0e81a4acd55cfac60c2aa1bec155c08.bundle,說服林靜慧換班,Say,セイ･リン,22,じゃ、すみませんが、やめておきます。,
d0e81a4acd55cfac60c2aa1bec155c08.bundle,說服林靜慧換班,Say,セイ･リン,23,本当にごめんなさい！,
d0e81a4acd55cfac60c2aa1bec155c08.bundle,說服林靜慧換班,Say,セイ･リン,24,私、これから用事があるので失礼します。,
d0e81a4acd55cfac60c2aa1bec155c08.bundle,說服林靜慧換班,Say,リン･テイ,2,失敗しちゃったね……,
d0e81a4acd55cfac60c2aa1bec155c08.bundle,說服林靜慧換班,Say,心の声,6,あのまま押し切ればよかった……,
d0e81a4acd55cfac60c2aa1bec155c08.bundle,說服林靜慧換班,Branch,#Simple,12,……,
d0e81a4acd55cfac60c2aa1bec155c08.bundle,說服林靜慧換班,Say,セイ･リン,25,じゃ、私はこれで失礼します。,
d0e81a4acd55cfac60c2aa1bec155c08.bundle,說服林靜慧換班,Branch,#Simple,13,はい。,
d0e81a4acd55cfac60c2aa1bec155c08.bundle,說服林靜慧換班,Branch,#Simple,14,……,
d0e81a4acd55cfac60c2aa1bec155c08.bundle,說服林靜慧換班,Say,リン･テイ,3,やったね！,
d0e81a4acd55cfac60c2aa1bec155c08.bundle,說服林靜慧換班,Say,リン･テイ,4,でもちょっと……,
d0e81a4acd55cfac60c2aa1bec155c08.bundle,說服林靜慧換班,Branch,#Simple,15,無理やりすぎた？,
d0e81a4acd55cfac60c2aa1bec155c08.bundle,說服林靜慧換班,Say,リン･テイ,5,ハハ……,
d0e81a4acd55cfac60c2aa1bec155c08.bundle,說服林靜慧換班,Branch,#Simple,16,やり方が良くなかった？,
d0e81a4acd55cfac60c2aa1bec155c08.bundle,說服林靜慧換班,Say,リン･テイ,6,別にそこまでじゃないけど……,
d0e81a4acd55cfac60c2aa1bec155c08.bundle,說服林靜慧換班,Say,リン･テイ,7,まあ、成功したならいっか。ハハ……,
d0e81a4acd55cfac60c2aa1bec155c08.bundle,說服林靜慧換班,Branch,#Simple,17,……,
d0e81a4acd55cfac60c2aa1bec155c08.bundle,說服林靜慧換班,Branch,#Simple,18,……,
d0e81a4acd55cfac60c2aa1bec155c08.bundle,說服林靜慧換班,Say,セイ･リン,26,……,
d0e81a4acd55cfac60c2aa1bec155c08.bundle,說服林靜慧換班,Branch,#Simple,19,……,
d0e81a4acd55cfac60c2aa1bec155c08.bundle,說服林靜慧換班,Say,セイ･リン,27,す、すみません。業務目標のために、どうしても今日の面談が必要なんです。,
d0e81a4acd55cfac60c2aa1bec155c08.bundle,說服林靜慧換班,Say,セイ･リン,28,助けてくれたことには感謝していますが、本当に無理なんです。,
d0e81a4acd55cfac60c2aa1bec155c08.bundle,說服林靜慧換班,Say,セイ･リン,29,他の人に当たってみてください……,
d0e81a4acd55cfac60c2aa1bec155c08.bundle,說服林靜慧換班,Say,心の声,7,はぁ……,
d0e81a4acd55cfac60c2aa1bec155c08.bundle,說服林靜慧換班,Say,リン･テイ,8,失敗しちゃったね……,
d0e81a4acd55cfac60c2aa1bec155c08.bundle,說服林靜慧換班,Branch,#Simple,20,ああ。,
d0e81a4acd55cfac60c2aa1bec155c08.bundle,說服林靜慧換班,Branch,#Simple,21,多少無理やりでも、説得すべきだったな。,
d0e81a4acd55cfac60c2aa1bec155c08.bundle,說服林靜慧換班,Say,リン･テイ,9,そうかもね。,
d0e81a4acd55cfac60c2aa1bec155c08.bundle,說服林靜慧換班,Branch,#Simple,22,……,
d0e81a4acd55cfac60c2aa1bec155c08.bundle,說服林靜慧換班,Branch,#Simple,23,私にはどうしても、今日の面談が必要なんです。,
d0e81a4acd55cfac60c2aa1bec155c08.bundle,說服林靜慧換班,Say,セイ･リン,30,そんなの私だって……！,
d0e81a4acd55cfac60c2aa1bec155c08.bundle,說服林靜慧換班,Say,セイ･リン,31,ご、ごめんなさい！他の人に当たってください……,
d0e81a4acd55cfac60c2aa1bec155c08.bundle,說服林靜慧換班,Say,心の声,8,秒で断られてしまった……,
d0e81a4acd55cfac60c2aa1bec155c08.bundle,說服林靜慧換班,Say,リン･テイ,10,厳しそうね……,
d0e81a4acd55cfac60c2aa1bec155c08.bundle,說服林靜慧換班,Say,セイ･リン,32,シフトを代わる？面談のですか？,
d0e81a4acd55cfac60c2aa1bec155c08.bundle,說服林靜慧換班,Say,セイ･リン,33,えっと……,
d0e81a4acd55cfac60c2aa1bec155c08.bundle,說服林靜慧換班,Say,セイ･リン,34,でも私、まだ今月の業務目標を達成してませんし……,
d0e81a4acd55cfac60c2aa1bec155c08.bundle,說服林靜慧換班,Branch,#Simple,24,お願いします。,
d0e81a4acd55cfac60c2aa1bec155c08.bundle,說服林靜慧換班,Say,セイ･リン,35,でも……,
d0e81a4acd55cfac60c2aa1bec155c08.bundle,說服林靜慧換班,Branch,#Simple,25,業務目標の達成のために、今日の面談が絶対に必要ってことですか？,
d0e81a4acd55cfac60c2aa1bec155c08.bundle,說服林靜慧換班,Say,セイ･リン,36,今後の面談者が全員不合格になる可能性もあるので必要ですよ……,
d0e81a4acd55cfac60c2aa1bec155c08.bundle,說服林靜慧換班,Say,セイ･リン,37,不合格の人を合格にするわけにもいかないですし……,
d0e81a4acd55cfac60c2aa1bec155c08.bundle,說服林靜慧換班,Branch,#Simple,26,……,
d0e81a4acd55cfac60c2aa1bec155c08.bundle,說服林靜慧換班,Say,セイ･リン,38,ごめんなさい、ジェイさん……,
d0e81a4acd55cfac60c2aa1bec155c08.bundle,說服林靜慧換班,Branch,#Simple,27,この間、リョウさんに掛け合ってあげたはずです。,
d0e81a4acd55cfac60c2aa1bec155c08.bundle,說服林靜慧換班,Branch,#Simple,28,私に借りがあるはずです！お願いします！,
d0e81a4acd55cfac60c2aa1bec155c08.bundle,說服林靜慧換班,Say,セイ･リン,39,……,
d0e81a4acd55cfac60c2aa1bec155c08.bundle,說服林靜慧換班,Say,セイ･リン,40,わかりました！業務目標を達成できないと怒られはしますが……,
d0e81a4acd55cfac60c2aa1bec155c08.bundle,說服林靜慧換班,Say,セイ･リン,41,ハードディスクの件と比べれば、そんな大ごとにはならないと思います。,
d0e81a4acd55cfac60c2aa1bec155c08.bundle,說服林靜慧換班,Say,セイ･リン,42,もしハードディスクも見つけられず、業務目標も達成できていなかったら、私は間違いなく終わってましたね。,
d0e81a4acd55cfac60c2aa1bec155c08.bundle,說服林靜慧換班,Say,セイ･リン,43,ジェイさんとシフトを代わります。,
d0e81a4acd55cfac60c2aa1bec155c08.bundle,說服林靜慧換班,Say,セイ･リン,44,では、私はこれで失礼します！,
d0e81a4acd55cfac60c2aa1bec155c08.bundle,說服林靜慧換班,Say,リン･テイ,11,やったね！,
d0e81a4acd55cfac60c2aa1bec155c08.bundle,說服林靜慧換班,Say,リン･テイ,12,借りを作っておいて良かったね！ジェイ！,
d0e81a4acd55cfac60c2aa1bec155c08.bundle,說服林靜慧換班,Branch,#Simple,29,そうだな。,
d0e81a4acd55cfac60c2aa1bec155c08.bundle,說服林靜慧換班,Branch,#Simple,30,ああ、運がよかった。,
d0e81a4acd55cfac60c2aa1bec155c08.bundle,說服林靜慧換班,Say,リン･テイ,13,運じゃなくて、ジェイが頑張ったおかげでしょ！,
d0e81a4acd55cfac60c2aa1bec155c08.bundle,說服林靜慧換班,Branch,#Simple,31,……,
d0e81a4acd55cfac60c2aa1bec155c08.bundle,說服林靜慧換班,Say,セイ･リン,45,確かにあなたが掛け合ってくれたおかげで、私はクビにならなかったけど……,
d0e81a4acd55cfac60c2aa1bec155c08.bundle,說服林靜慧換班,Say,セイ･リン,46,でもハードディスクは今も見つかってません……,
d0e81a4acd55cfac60c2aa1bec155c08.bundle,說服林靜慧換班,Say,セイ･リン,47,それに加え、業務目標も達成できないとなれば、今度こそクビにされます。,
d0e81a4acd55cfac60c2aa1bec155c08.bundle,說服林靜慧換班,Say,セイ･リン,48,だから、ごめんなさい……,
d0e81a4acd55cfac60c2aa1bec155c08.bundle,說服林靜慧換班,Branch,#Simple,32,わかりました。,
d0e81a4acd55cfac60c2aa1bec155c08.bundle,說服林靜慧換班,Branch,#Simple,33,イー･テイとリョウさんなら大目に見てくれますよ！,
d0e81a4acd55cfac60c2aa1bec155c08.bundle,說服林靜慧換班,Branch,#Simple,34,リョウさんに掛け合った時には、意外と大目に見てくれましたよ。,
d0e81a4acd55cfac60c2aa1bec155c08.bundle,說服林靜慧換班,Say,セイ･リン,49,確かにそうですね……,
d0e81a4acd55cfac60c2aa1bec155c08.bundle,說服林靜慧換班,Say,セイ･リン,50,私の業績もそこまで悪いわけではないですし……,
d0e81a4acd55cfac60c2aa1bec155c08.bundle,說服林靜慧換班,Say,セイ･リン,51,……,
d0e81a4acd55cfac60c2aa1bec155c08.bundle,說服林靜慧換班,Say,セイ･リン,52,わかりました！シフトを代わります！,
d0e81a4acd55cfac60c2aa1bec155c08.bundle,說服林靜慧換班,Say,セイ･リン,53,私が今も働けているのは、あなたが掛け合ってくれたおかげですしね。,
d0e81a4acd55cfac60c2aa1bec155c08.bundle,說服林靜慧換班,Say,セイ･リン,54,ちゃんと恩は返さないと……,
d0e81a4acd55cfac60c2aa1bec155c08.bundle,說服林靜慧換班,Branch,#Simple,35,ありがとうございます。,
d0e81a4acd55cfac60c2aa1bec155c08.bundle,說服林靜慧換班,Branch,#Simple,36,それがいいと思います。,
d0e81a4acd55cfac60c2aa1bec155c08.bundle,說服林靜慧換班,Branch,#Simple,37,……,
d0e81a4acd55cfac60c2aa1bec155c08.bundle,說服林靜慧換班,Say,セイ･リン,55,では、私はこれで失礼します！,
d0e81a4acd55cfac60c2aa1bec155c08.bundle,說服林靜慧換班,Say,リン･テイ,14,やったね！,
d0e81a4acd55cfac60c2aa1bec155c08.bundle,說服林靜慧換班,Say,リン･テイ,15,借りを作っておいて良かったね！ジェイ！,
d0e81a4acd55cfac60c2aa1bec155c08.bundle,說服林靜慧換班,Branch,#Simple,38,ああ。,
d0e81a4acd55cfac60c2aa1bec155c08.bundle,說服林靜慧換班,Branch,#Simple,39,ああ、運がよかった。,
d0e81a4acd55cfac60c2aa1bec155c08.bundle,說服林靜慧換班,Say,リン･テイ,16,運じゃなくて、ジェイが頑張ったおかげでしょ！,
d0e81a4acd55cfac60c2aa1bec155c08.bundle,說服林靜慧換班,Branch,#Simple,40,……,
d0e81a4acd55cfac60c2aa1bec155c08.bundle,說服林靜慧換班,Branch,#Simple,41,……,
d0e81a4acd55cfac60c2aa1bec155c08.bundle,說服林靜慧換班,Say,セイ･リン,56,じゃ、これで失礼します……,
d0e81a4acd55cfac60c2aa1bec155c08.bundle,說服林靜慧換班,Say,心の声,9,……,
d0e81a4acd55cfac60c2aa1bec155c08.bundle,說服林靜慧換班,Say,リン･テイ,17,あと一押しって感じだったけど、残念だったね……,
d0e81a4acd55cfac60c2aa1bec155c08.bundle,說服林靜慧換班,Branch,#Simple,42,そうだな。,
d0e81a4acd55cfac60c2aa1bec155c08.bundle,說服林靜慧換班,Say,リン･テイ,18,はぁ……,
d0e81a4acd55cfac60c2aa1bec155c08.bundle,說服林靜慧換班,Branch,#Simple,43,最初から無理だと思っていた。,
d0e81a4acd55cfac60c2aa1bec155c08.bundle,說服林靜慧換班,Say,リン･テイ,19,そう……,
d0e81a4acd55cfac60c2aa1bec155c08.bundle,說服林靜慧換班,Branch,#Simple,44,向こうも、かなり困っていたから仕方ない。,
d0e81a4acd55cfac60c2aa1bec155c08.bundle,說服林靜慧換班,Say,リン･テイ,20,うん、そうだね。,
d0e81a4acd55cfac60c2aa1bec155c08.bundle,說服林靜慧換班,Branch,#Simple,45,……,
d0e81a4acd55cfac60c2aa1bec155c08.bundle,說服林靜慧換班,Branch,#Simple,46,……,
d0e81a4acd55cfac60c2aa1bec155c08.bundle,說服林靜慧換班,Say,セイ･リン,57,今回はどうしても無理ですが、今度は手伝えると思うので。,
d0e81a4acd55cfac60c2aa1bec155c08.bundle,說服林靜慧換班,Say,セイ･リン,58,あっ、もうこんな時間。こめんなさい、私もう行かなくちゃ。,
d0e81a4acd55cfac60c2aa1bec155c08.bundle,說服林靜慧換班,Say,心の声,10,逃げられた……,
d0e81a4acd55cfac60c2aa1bec155c08.bundle,說服林靜慧換班,Say,リン･テイ,21,ジェイ！今のはもう少し引き止めた方がよかったんじゃない！？,
d0e81a4acd55cfac60c2aa1bec155c08.bundle,說服林靜慧換班,Branch,#Simple,47,無理な気がして……,
d0e81a4acd55cfac60c2aa1bec155c08.bundle,說服林靜慧換班,Say,リン･テイ,22,だ、だめだよ、そんなんじゃ！もっと頑張らないと！,
d0e81a4acd55cfac60c2aa1bec155c08.bundle,說服林靜慧換班,Branch,#Simple,48,すまん、ちょっとぼーっとしていた。,
d0e81a4acd55cfac60c2aa1bec155c08.bundle,說服林靜慧換班,Say,リン･テイ,23,ぼーっとしてた！？,
d0e81a4acd55cfac60c2aa1bec155c08.bundle,說服林靜慧換班,Say,リン･テイ,24,しっかりしてよ！,
d0e81a4acd55cfac60c2aa1bec155c08.bundle,說服林靜慧換班,Say,リン･テイ,25,せっかくのチャンスだったのに！,
d0e81a4acd55cfac60c2aa1bec155c08.bundle,說服林靜慧換班,Say,リン･テイ,26,……,
d0e81a4acd55cfac60c2aa1bec155c08.bundle,說服林靜慧換班,Say,セイ･リン,59,……じゃ、私はこれで失礼します。,
d0e81a4acd55cfac60c2aa1bec155c08.bundle,說服林靜慧換班,Say,セイ･リン,60,まだ仕事が残っているので……,
d0e81a4acd55cfac60c2aa1bec155c08.bundle,說服林靜慧換班,Say,リン･テイ,27,厳しそうね……,
d0e81a4acd55cfac60c2aa1bec155c08.bundle,說服林靜慧換班,Branch,#Simple,49,あの後は大丈夫でしたか？,
d0e81a4acd55cfac60c2aa1bec155c08.bundle,說服林靜慧換班,Say,セイ･リン,61,もしかして、ハードディスクの件ですか？,
d0e81a4acd55cfac60c2aa1bec155c08.bundle,說服林靜慧換班,Say,セイ･リン,62,あなたのおかげで、私は今もここで働けています！,
d0e81a4acd55cfac60c2aa1bec155c08.bundle,說服林靜慧換班,Say,セイ･リン,63,どう恩返しをすればいいですかね！,
d0e81a4acd55cfac60c2aa1bec155c08.bundle,說服林靜慧換班,Say,セイ･リン,64,あ、でももうこんな時間……そろそろ行かなきゃ。,
d0e81a4acd55cfac60c2aa1bec155c08.bundle,說服林靜慧換班,Say,セイ･リン,65,他に用事がなければ……,
d0e81a4acd55cfac60c2aa1bec155c08.bundle,說服林靜慧換班,Branch,#Simple,50,待ってください。面談のシフトを代わってくれませんか？,
d0e81a4acd55cfac60c2aa1bec155c08.bundle,說服林靜慧換班,Branch,#Simple,51,はい、大丈夫です。,
d0e81a4acd55cfac60c2aa1bec155c08.bundle,說服林靜慧換班,Branch,#Simple,52,……,
d0e81a4acd55cfac60c2aa1bec155c08.bundle,說服林靜慧換班,Say,セイ･リン,66,じゃ、失礼します。,
d0e81a4acd55cfac60c2aa1bec155c08.bundle,說服林靜慧換班,Branch,#Simple,53,はい。,
d0e81a4acd55cfac60c2aa1bec155c08.bundle,說服林靜慧換班,Branch,#Simple,54,……,
d0e81a4acd55cfac60c2aa1bec155c08.bundle,說服林靜慧換班,Say,心の声,11,本当に行かせてよかったﾉか……？,
d0e81a4acd55cfac60c2aa1bec155c08.bundle,說服林靜慧換班,Say,リン･テイ,28,ジェイ！どうして引き止めなかったの……？,
d0e81a4acd55cfac60c2aa1bec155c08.bundle,說服林靜慧換班,Branch,#Simple,55,忙しそうだったから……,
d0e81a4acd55cfac60c2aa1bec155c08.bundle,說服林靜慧換班,Say,リン･テイ,29,それでも話を聞いてもらわないと！,
d0e81a4acd55cfac60c2aa1bec155c08.bundle,說服林靜慧換班,Branch,#Simple,56,ぼーっとしてた……,
d0e81a4acd55cfac60c2aa1bec155c08.bundle,說服林靜慧換班,Say,リン･テイ,30,ぼーっとしてた！？,
d0e81a4acd55cfac60c2aa1bec155c08.bundle,說服林靜慧換班,Say,リン･テイ,31,しっかりしてよ！,
d0e81a4acd55cfac60c2aa1bec155c08.bundle,說服林靜慧換班,Branch,#Simple,57,彼女がシフトを代わってくれそうには思えなかったんだ。,
d0e81a4acd55cfac60c2aa1bec155c08.bundle,說服林靜慧換班,Say,リン･テイ,32,それでも話を聞いてみないと！,
d0e81a4acd55cfac60c2aa1bec155c08.bundle,說服林靜慧換班,Say,リン･テイ,33,もう！,
d0e81a4acd55cfac60c2aa1bec155c08.bundle,說服林靜慧換班,Say,リン･テイ,34,あなたって人は……,
d0e81a4acd55cfac60c2aa1bec155c08.bundle,說服林靜慧換班,Say,セイ･リン,67,あ、もしかして私がハードディスクをなくした件ですか？,
d0e81a4acd55cfac60c2aa1bec155c08.bundle,說服林靜慧換班,Say,セイ･リン,68,何とかクビにされずには済みましたが……,
d0e81a4acd55cfac60c2aa1bec155c08.bundle,說服林靜慧換班,Say,セイ･リン,69,これ以上ヘマをすれば、イー･テイチーフも庇えないって言われました……,
d0e81a4acd55cfac60c2aa1bec155c08.bundle,說服林靜慧換班,Say,セイ･リン,70,それに、私は今月の業績目標すら、達成していませんし……,
d0e81a4acd55cfac60c2aa1bec155c08.bundle,說服林靜慧換班,Say,セイ･リン,71,はぁ……,
d0e81a4acd55cfac60c2aa1bec155c08.bundle,說服林靜慧換班,Say,セイ･リン,72,……まだ私に用がありますかね？,
d0e81a4acd55cfac60c2aa1bec155c08.bundle,說服林靜慧換班,Say,セイ･リン,73,ないなら、私はこれで失礼します。,
d0e81a4acd55cfac60c2aa1bec155c08.bundle,說服林靜慧換班,Branch,#Simple,58,待ってください。面談のシフトを代わってくれませんか？,
d0e81a4acd55cfac60c2aa1bec155c08.bundle,說服林靜慧換班,Branch,#Simple,59,……,
d0e81a4acd55cfac60c2aa1bec155c08.bundle,說服林靜慧換班,Say,セイ･リン,74,じゃ、失礼します。,
d0e81a4acd55cfac60c2aa1bec155c08.bundle,說服林靜慧換班,Say,心の声,12,あの態度を見るに、代わってくれそうにはないな。,
d0e81a4acd55cfac60c2aa1bec155c08.bundle,說服林靜慧換班,Say,リン･テイ,35,ジェイ！どうして引き止めなかったの……？,
d0e81a4acd55cfac60c2aa1bec155c08.bundle,說服林靜慧換班,Branch,#Simple,60,彼女の態度を見ればわかるだろ。,
d0e81a4acd55cfac60c2aa1bec155c08.bundle,說服林靜慧換班,Say,リン･テイ,36,そう……,
d0e81a4acd55cfac60c2aa1bec155c08.bundle,說服林靜慧換班,Say,リン･テイ,37,確かに彼女には、今日の面談が必要そうだしね。,
d0e81a4acd55cfac60c2aa1bec155c08.bundle,說服林靜慧換班,Say,心の声,13,多分、ハードディスクの件でひんしゅくを買ったんだろうな。,
d0e81a4acd55cfac60c2aa1bec155c08.bundle,說服林靜慧換班,Branch,#Simple,61,無理だと思ったんだ。,
d0e81a4acd55cfac60c2aa1bec155c08.bundle,說服林靜慧換班,Say,リン･テイ,38,そんな簡単に諦めないでよ……,
d0e81a4acd55cfac60c2aa1bec155c08.bundle,說服林靜慧換班,Branch,#Simple,62,いえ、何も。,
d0e81a4acd55cfac60c2aa1bec155c08.bundle,說服林靜慧換班,Say,セイ･リン,75,あ、そうですか。,
d0e81a4acd55cfac60c2aa1bec155c08.bundle,說服吳晉峰換班,Say,シンホン･ゴ,0,ジェイ？どうした？,
d0e81a4acd55cfac60c2aa1bec155c08.bundle,說服吳晉峰換班,Branch,#Simple,0,実は、シフトを代わってもらいたいんです。,
d0e81a4acd55cfac60c2aa1bec155c08.bundle,說服吳晉峰換班,Say,シンホン･ゴ,1,もしかして面談か？,
d0e81a4acd55cfac60c2aa1bec155c08.bundle,說服吳晉峰換班,Say,シンホン･ゴ,2,急にどうしたんだ？,
d0e81a4acd55cfac60c2aa1bec155c08.bundle,說服吳晉峰換班,Branch,#Simple,1,面談の経験を積みたいと思いまして。,
d0e81a4acd55cfac60c2aa1bec155c08.bundle,說服吳晉峰換班,Say,シンホン･ゴ,3,うわ！すげぇ向上心！,
d0e81a4acd55cfac60c2aa1bec155c08.bundle,說服吳晉峰換班,Say,シンホン･ゴ,4,お前が眩しく見える！,
d0e81a4acd55cfac60c2aa1bec155c08.bundle,說服吳晉峰換班,Branch,#Simple,2,実は暇なんです。,
d0e81a4acd55cfac60c2aa1bec155c08.bundle,說服吳晉峰換班,Say,シンホン･ゴ,5,暇だから面談するのか！？,
d0e81a4acd55cfac60c2aa1bec155c08.bundle,說服吳晉峰換班,Say,シンホン･ゴ,6,……,
d0e81a4acd55cfac60c2aa1bec155c08.bundle,說服吳晉峰換班,Say,シンホン･ゴ,7,そうか……,
d0e81a4acd55cfac60c2aa1bec155c08.bundle,說服吳晉峰換班,Say,シンホン･ゴ,8,まあ、いいよ。前に世話になったしな。,
d0e81a4acd55cfac60c2aa1bec155c08.bundle,說服吳晉峰換班,Say,シンホン･ゴ,9,お前がいなかったら、俺は今もリョウさんと喧嘩中だったと思うし。,
d0e81a4acd55cfac60c2aa1bec155c08.bundle,說服吳晉峰換班,Branch,#Simple,3,ありがとうございます。,
d0e81a4acd55cfac60c2aa1bec155c08.bundle,說服吳晉峰換班,Say,シンホン･ゴ,10,どうってことないさ。,
d0e81a4acd55cfac60c2aa1bec155c08.bundle,說服吳晉峰換班,Branch,#Simple,4,……,
d0e81a4acd55cfac60c2aa1bec155c08.bundle,說服吳晉峰換班,Say,シンホン･ゴ,11,じゃ、面談は任せた！,
d0e81a4acd55cfac60c2aa1bec155c08.bundle,說服吳晉峰換班,Say,シンホン･ゴ,12,これで俺も長めに休憩取れるし、win-winだな！,
d0e81a4acd55cfac60c2aa1bec155c08.bundle,說服吳晉峰換班,Say,シンホン･ゴ,13,悪いが、業務目標の達成まであと少しなんだ。今はフラフラしてるわけには、いかないんでね。,
d0e81a4acd55cfac60c2aa1bec155c08.bundle,說服吳晉峰換班,Say,シンホン･ゴ,14,暇でシフトを代わってもらいたいだけなんだろう？,
d0e81a4acd55cfac60c2aa1bec155c08.bundle,說服吳晉峰換班,Say,シンホン･ゴ,15,他を当たってくれ。,
d0e81a4acd55cfac60c2aa1bec155c08.bundle,說服吳晉峰換班,Branch,#Simple,5,でもこの間、見張りを請け負ってあげましたよね？,
d0e81a4acd55cfac60c2aa1bec155c08.bundle,說服吳晉峰換班,Say,シンホン･ゴ,16,ああ、あの件か……,
d0e81a4acd55cfac60c2aa1bec155c08.bundle,說服吳晉峰換班,Say,シンホン･ゴ,17,実は結局マネージャーに見つかっちゃって、散々怒られたんだ。,
d0e81a4acd55cfac60c2aa1bec155c08.bundle,說服吳晉峰換班,Say,シンホン･ゴ,18,俺らが扉を弄ってたところを監視カメラでばっちり見られてたみたいなんだ……,
d0e81a4acd55cfac60c2aa1bec155c08.bundle,說服吳晉峰換班,Say,シンホン･ゴ,19,だから……,
d0e81a4acd55cfac60c2aa1bec155c08.bundle,說服吳晉峰換班,Say,シンホン･ゴ,20,俺もボーちゃんも減給だ。,
d0e81a4acd55cfac60c2aa1bec155c08.bundle,說服吳晉峰換班,Branch,#Simple,6,私も減給されるべきでしたね……,
d0e81a4acd55cfac60c2aa1bec155c08.bundle,說服吳晉峰換班,Branch,#Simple,7,すみません。,
d0e81a4acd55cfac60c2aa1bec155c08.bundle,說服吳晉峰換班,Say,シンホン･ゴ,21,気にするな。,
d0e81a4acd55cfac60c2aa1bec155c08.bundle,說服吳晉峰換班,Say,シンホン･ゴ,22,お前は無理やり手伝わされただけだろ。,
d0e81a4acd55cfac60c2aa1bec155c08.bundle,說服吳晉峰換班,Branch,#Simple,8,……,
d0e81a4acd55cfac60c2aa1bec155c08.bundle,說服吳晉峰換班,Say,シンホン･ゴ,23,わかった、わかった！,
d0e81a4acd55cfac60c2aa1bec155c08.bundle,說服吳晉峰換班,Say,シンホン･ゴ,24,お前が俺を助けてくれたことは確かだ。,
d0e81a4acd55cfac60c2aa1bec155c08.bundle,說服吳晉峰換班,Say,シンホン･ゴ,25,助けてくれたやつに恩を返さないのは薄情だからな！,
d0e81a4acd55cfac60c2aa1bec155c08.bundle,說服吳晉峰換班,Say,シンホン･ゴ,26,あの時は本当に助かったよ……,
d0e81a4acd55cfac60c2aa1bec155c08.bundle,說服吳晉峰換班,Say,シンホン･ゴ,27,……,
d0e81a4acd55cfac60c2aa1bec155c08.bundle,說服吳晉峰換班,Say,シンホン･ゴ,28,助けてくれたやつには、恩を返すべきだよな！,
d0e81a4acd55cfac60c2aa1bec155c08.bundle,說服吳晉峰換班,Say,シンホン･ゴ,29,わかったよ！,
d0e81a4acd55cfac60c2aa1bec155c08.bundle,說服吳晉峰換班,Say,シンホン･ゴ,30,今日の面談は任せた。,
d0e81a4acd55cfac60c2aa1bec155c08.bundle,說服吳晉峰換班,Branch,#Simple,9,ありがとうございます。,
d0e81a4acd55cfac60c2aa1bec155c08.bundle,說服吳晉峰換班,Say,シンホン･ゴ,31,どうってことないさ。,
d0e81a4acd55cfac60c2aa1bec155c08.bundle,說服吳晉峰換班,Branch,#Simple,10,……,
d0e81a4acd55cfac60c2aa1bec155c08.bundle,說服吳晉峰換班,Say,シンホン･ゴ,32,じゃ、よろしく頼むな。,
d0e81a4acd55cfac60c2aa1bec155c08.bundle,說服吳晉峰換班,Say,シンホン･ゴ,33,これで俺も長めに休憩取れるし、win-winだな！,
d0e81a4acd55cfac60c2aa1bec155c08.bundle,說服吳晉峰換班,Branch,#Simple,11,……,
d0e81a4acd55cfac60c2aa1bec155c08.bundle,篩選:談成功以後芳通話,Say,リン･テイ,0,よし！じゃ、シフトを代わってもらえることになったし、私の方で改めてシフトを組み直すね……,
d0e81a4acd55cfac60c2aa1bec155c08.bundle,篩選:談成功以後芳通話,Say,リン･テイ,1,……,
d0e81a4acd55cfac60c2aa1bec155c08.bundle,篩選:談成功以後芳通話,Say,リン･テイ,2,できた！,
d0e81a4acd55cfac60c2aa1bec155c08.bundle,篩選:談成功以後芳通話,Say,リン･テイ,3,もう面談ホールに行って良さそうね。,
d0e81a4acd55cfac60c2aa1bec155c08.bundle,篩選:談成功以後芳通話,Say,リン･テイ,4,さあ、行きましょう。,
d0e81a4acd55cfac60c2aa1bec155c08.bundle,進面談大廳見到徐媛,Say,メイ･ジョ,0,ジェイ･ダイ。あなたにだって大切な人がいるでしょう？,
d0e81a4acd55cfac60c2aa1bec155c08.bundle,進面談大廳見到徐媛,Branch,#Simple,0,もちろんだ。,
d0e81a4acd55cfac60c2aa1bec155c08.bundle,進面談大廳見到徐媛,Say,メイ･ジョ,1,ならわかるはず。,
d0e81a4acd55cfac60c2aa1bec155c08.bundle,進面談大廳見到徐媛,Branch,#Simple,1,俺は自分のことだけが大切だ。,
d0e81a4acd55cfac60c2aa1bec155c08.bundle,進面談大廳見到徐媛,Say,メイ･ジョ,2,とんだほら吹きね。,
d0e81a4acd55cfac60c2aa1bec155c08.bundle,進面談大廳見到徐媛,Say,メイ･ジョ,3,あのね……,
d0e81a4acd55cfac60c2aa1bec155c08.bundle,進面談大廳見到徐媛,Branch,#Simple,2,メイ･ジョ、俺は忙しいんだ。,
d0e81a4acd55cfac60c2aa1bec155c08.bundle,進面談大廳見到徐媛,Say,メイ･ジョ,4,私の話を最後まで聞きなさい。,
d0e81a4acd55cfac60c2aa1bec155c08.bundle,進面談大廳見到徐媛,Say,メイ･ジョ,5,私には大切な人たちがいるの。,
d0e81a4acd55cfac60c2aa1bec155c08.bundle,進面談大廳見到徐媛,Say,メイ･ジョ,6,私は彼らを守りたい。単純だけど、それが私の動機なの。,
d0e81a4acd55cfac60c2aa1bec155c08.bundle,進面談大廳見到徐媛,Branch,#Simple,3,自分は良い人間だと言いたいのか？,
d0e81a4acd55cfac60c2aa1bec155c08.bundle,進面談大廳見到徐媛,Say,メイ･ジョ,7,私はただ、私が情を持たない野心家ではないと説明したいだけよ。,
d0e81a4acd55cfac60c2aa1bec155c08.bundle,進面談大廳見到徐媛,Branch,#Simple,4,あんたのその気持ちは否定しない。,
d0e81a4acd55cfac60c2aa1bec155c08.bundle,進面談大廳見到徐媛,Say,メイ･ジョ,8,理解してくれてありがとう。,
d0e81a4acd55cfac60c2aa1bec155c08.bundle,進面談大廳見到徐媛,Branch,#Simple,5,要点を言え。,
d0e81a4acd55cfac60c2aa1bec155c08.bundle,進面談大廳見到徐媛,Say,メイ･ジョ,9,……,
d0e81a4acd55cfac60c2aa1bec155c08.bundle,進面談大廳見到徐媛,Say,メイ･ジョ,10,もし私に何かあれば、私が大切に想っている全ての人が巻き込まれる。,
d0e81a4acd55cfac60c2aa1bec155c08.bundle,進面談大廳見到徐媛,Say,メイ･ジョ,11,それは何としても避けたい。,
d0e81a4acd55cfac60c2aa1bec155c08.bundle,進面談大廳見到徐媛,Say,メイ･ジョ,12,……,
d0e81a4acd55cfac60c2aa1bec155c08.bundle,進面談大廳見到徐媛,Say,メイ･ジョ,13,それなのに、ジェイ･ダイ……,
d0e81a4acd55cfac60c2aa1bec155c08.bundle,進面談大廳見到徐媛,Say,メイ･ジョ,14,あなたは頭でも打ったの？,
d0e81a4acd55cfac60c2aa1bec155c08.bundle,進面談大廳見到徐媛,Say,メイ･ジョ,15,なぜオペレーションコアで喧嘩沙汰を起こし、爆発物を使った？,
d0e81a4acd55cfac60c2aa1bec155c08.bundle,進面談大廳見到徐媛,Say,メイ･ジョ,16,現場にどれだけの証拠が残ると思ってるの？,
d0e81a4acd55cfac60c2aa1bec155c08.bundle,進面談大廳見到徐媛,Branch,#Simple,6,あの時は仕方がなかった。,
d0e81a4acd55cfac60c2aa1bec155c08.bundle,進面談大廳見到徐媛,Say,メイ･ジョ,17,……仕方がなかった？,
d0e81a4acd55cfac60c2aa1bec155c08.bundle,進面談大廳見到徐媛,Branch,#Simple,7,すまなかった。,
d0e81a4acd55cfac60c2aa1bec155c08.bundle,進面談大廳見到徐媛,Say,メイ･ジョ,18,すまなかった……？,
d0e81a4acd55cfac60c2aa1bec155c08.bundle,進面談大廳見到徐媛,Say,メイ･ジョ,19,謝って済む話じゃないのよ……？,
d0e81a4acd55cfac60c2aa1bec155c08.bundle,進面談大廳見到徐媛,Say,メイ･ジョ,20,勘弁してよ……,
d0e81a4acd55cfac60c2aa1bec155c08.bundle,進面談大廳見到徐媛,Branch,#Simple,8,あんたと何の関係があるんだ？,
d0e81a4acd55cfac60c2aa1bec155c08.bundle,進面談大廳見到徐媛,Say,メイ･ジョ,21,大いにある。,
d0e81a4acd55cfac60c2aa1bec155c08.bundle,進面談大廳見到徐媛,Say,メイ･ジョ,22,私がどれだけの影響を受けたと思ってるの？,
d0e81a4acd55cfac60c2aa1bec155c08.bundle,進面談大廳見到徐媛,Say,メイ･ジョ,23,あなたをオペレーションコアに入れたのは私よ？もしもの場合の安全策は取ってたけど……,
d0e81a4acd55cfac60c2aa1bec155c08.bundle,進面談大廳見到徐媛,Say,メイ･ジョ,24,あなたが捕まったら、私のクビが飛ぶのよ？,
d0e81a4acd55cfac60c2aa1bec155c08.bundle,進面談大廳見到徐媛,Say,メイ･ジョ,25,この件の調査担当が私でよかったわね。,
d0e81a4acd55cfac60c2aa1bec155c08.bundle,進面談大廳見到徐媛,Branch,#Simple,9,あんたは自分の利益のために、俺に協力しただけだろ？,
d0e81a4acd55cfac60c2aa1bec155c08.bundle,進面談大廳見到徐媛,Say,メイ･ジョ,26,もちろんよ。正直、あなたの生き死になんてどうでもいい！,
d0e81a4acd55cfac60c2aa1bec155c08.bundle,進面談大廳見到徐媛,Branch,#Simple,10,ありがとう。,
d0e81a4acd55cfac60c2aa1bec155c08.bundle,進面談大廳見到徐媛,Say,メイ･ジョ,27,ありがとう……？,
d0e81a4acd55cfac60c2aa1bec155c08.bundle,進面談大廳見到徐媛,Say,メイ･ジョ,28,勘弁してよ……,
d0e81a4acd55cfac60c2aa1bec155c08.bundle,進面談大廳見到徐媛,Branch,#Simple,11,……,
d0e81a4acd55cfac60c2aa1bec155c08.bundle,進面談大廳見到徐媛,Say,メイ･ジョ,29,私が適当に警備員を尋問しただけで、あなたの名前が上がったのよ？,
d0e81a4acd55cfac60c2aa1bec155c08.bundle,進面談大廳見到徐媛,Say,メイ･ジョ,30,この件の調査担当が私でよかったわね。,
d0e81a4acd55cfac60c2aa1bec155c08.bundle,進面談大廳見到徐媛,Branch,#Simple,12,俺が捕まっても、あんたには関係ないだろう？,
d0e81a4acd55cfac60c2aa1bec155c08.bundle,進面談大廳見到徐媛,Branch,#Simple,13,ありがとう。,
d0e81a4acd55cfac60c2aa1bec155c08.bundle,進面談大廳見到徐媛,Say,メイ･ジョ,31,ありがとう……？,
d0e81a4acd55cfac60c2aa1bec155c08.bundle,進面談大廳見到徐媛,Say,メイ･ジョ,32,ハハハ……,
d0e81a4acd55cfac60c2aa1bec155c08.bundle,進面談大廳見到徐媛,Say,メイ･ジョ,33,あなた、バカ？,
d0e81a4acd55cfac60c2aa1bec155c08.bundle,進面談大廳見到徐媛,Branch,#Simple,14,……,
d0e81a4acd55cfac60c2aa1bec155c08.bundle,進面談大廳見到徐媛,Say,メイ･ジョ,34,捕まったあなたが、何を言い出すのかわからないでしょう？,
d0e81a4acd55cfac60c2aa1bec155c08.bundle,進面談大廳見到徐媛,Say,メイ･ジョ,35,私たちが協力関係であることを洗いざらい吐くかもしれないし。,
d0e81a4acd55cfac60c2aa1bec155c08.bundle,進面談大廳見到徐媛,Branch,#Simple,15,そんなことはしない。,
d0e81a4acd55cfac60c2aa1bec155c08.bundle,進面談大廳見到徐媛,Say,メイ･ジョ,36,あなたのその言葉を信じろと？,
d0e81a4acd55cfac60c2aa1bec155c08.bundle,進面談大廳見到徐媛,Say,メイ･ジョ,37,……,
d0e81a4acd55cfac60c2aa1bec155c08.bundle,進面談大廳見到徐媛,Say,メイ･ジョ,38,言っておくけど……,
d0e81a4acd55cfac60c2aa1bec155c08.bundle,進面談大廳見到徐媛,Branch,#Simple,16,捕まってなくても、言う可能性はあるだろう？,
d0e81a4acd55cfac60c2aa1bec155c08.bundle,進面談大廳見到徐媛,Say,メイ･ジョ,39,可能性はあるけど、その状況で話すメリットはないわ。,
d0e81a4acd55cfac60c2aa1bec155c08.bundle,進面談大廳見到徐媛,Say,メイ･ジョ,40,でも捕まったあなたは、罪を逃げるために何を言い出すかわからない。,
d0e81a4acd55cfac60c2aa1bec155c08.bundle,進面談大廳見到徐媛,Branch,#Simple,17,例え俺が話したとしても、あんたと手を組んだ証拠はないだろう？,
d0e81a4acd55cfac60c2aa1bec155c08.bundle,進面談大廳見到徐媛,Say,メイ･ジョ,41,万象を見くびらないで。,
d0e81a4acd55cfac60c2aa1bec155c08.bundle,進面談大廳見到徐媛,Say,メイ･ジョ,42,例え証拠がなくても、私は容疑者リストの仲間入りよ。,
d0e81a4acd55cfac60c2aa1bec155c08.bundle,進面談大廳見到徐媛,Say,メイ･ジョ,43,……,
d0e81a4acd55cfac60c2aa1bec155c08.bundle,進面談大廳見到徐媛,Say,メイ･ジョ,44,捕まらずに済んだことは有難いけど、あなたと昨日の件との関連性が少しでも知られれば……,
d0e81a4acd55cfac60c2aa1bec155c08.bundle,進面談大廳見到徐媛,Say,メイ･ジョ,45,……,
d0e81a4acd55cfac60c2aa1bec155c08.bundle,進面談大廳見到徐媛,Say,メイ･ジョ,46,ジェイ･ダイ。あなたの一番の価値は、有象無象であることよ。,
d0e81a4acd55cfac60c2aa1bec155c08.bundle,進面談大廳見到徐媛,Say,メイ･ジョ,47,そんなあなたが何をしようと、誰も気にしない。,
d0e81a4acd55cfac60c2aa1bec155c08.bundle,進面談大廳見到徐媛,Say,メイ･ジョ,48,だからあなたは好き勝手に情報収集ができる。,
d0e81a4acd55cfac60c2aa1bec155c08.bundle,進面談大廳見到徐媛,Say,メイ･ジョ,49,一方で私は、イファ･ヨウの調査を利用しないと、ここを出入りするのも難しい。,
d0e81a4acd55cfac60c2aa1bec155c08.bundle,進面談大廳見到徐媛,Say,メイ･ジョ,50,私は今朝、止めていたイファ･ヨウの事件報告書を仕方なく、上に提出したの……,
d0e81a4acd55cfac60c2aa1bec155c08.bundle,進面談大廳見到徐媛,Say,メイ･ジョ,51,それがどういう意味か、わかる？,
d0e81a4acd55cfac60c2aa1bec155c08.bundle,進面談大廳見到徐媛,Branch,#Simple,18,ここでのあんたの仕事が終わったってことか。,
d0e81a4acd55cfac60c2aa1bec155c08.bundle,進面談大廳見到徐媛,Branch,#Simple,19,欲しいものを手に入れたってことか。,
d0e81a4acd55cfac60c2aa1bec155c08.bundle,進面談大廳見到徐媛,Say,メイ･ジョ,52,違う。,
d0e81a4acd55cfac60c2aa1bec155c08.bundle,進面談大廳見到徐媛,Say,メイ･ジョ,53,私がここに残る理由がなくなったの。,
d0e81a4acd55cfac60c2aa1bec155c08.bundle,進面談大廳見到徐媛,Branch,#Simple,20,あんたはここに来れなくなったってことか。,
d0e81a4acd55cfac60c2aa1bec155c08.bundle,進面談大廳見到徐媛,Say,メイ･ジョ,54,その通りよ。,
d0e81a4acd55cfac60c2aa1bec155c08.bundle,進面談大廳見到徐媛,Say,メイ･ジョ,55,私の言いたいこと、わかった？,
d0e81a4acd55cfac60c2aa1bec155c08.bundle,進面談大廳見到徐媛,Say,メイ･ジョ,56,あなたは私にとって、ここでの数少ない協力者なの……,
d0e81a4acd55cfac60c2aa1bec155c08.bundle,進面談大廳見到徐媛,Say,メイ･ジョ,57,まあ、昨日の件を知って、本気であなたとの関係を切ろうとは思ったけどね。,
d0e81a4acd55cfac60c2aa1bec155c08.bundle,進面談大廳見到徐媛,Say,メイ･ジョ,58,……,
d0e81a4acd55cfac60c2aa1bec155c08.bundle,進面談大廳見到徐媛,Say,メイ･ジョ,59,さあ、教えて。,
d0e81a4acd55cfac60c2aa1bec155c08.bundle,進面談大廳見到徐媛,Branch,#Simple,21,なんの話だ？,
d0e81a4acd55cfac60c2aa1bec155c08.bundle,進面談大廳見到徐媛,Branch,#Simple,22,……,
d0e81a4acd55cfac60c2aa1bec155c08.bundle,進面談大廳見到徐媛,Say,メイ･ジョ,60,オペレーションコアで一体何が起きたの？なぜ爆発物まで使ったの？,
d0e81a4acd55cfac60c2aa1bec155c08.bundle,進面談大廳見到徐媛,Branch,#Simple,23,教える気はない。,
d0e81a4acd55cfac60c2aa1bec155c08.bundle,進面談大廳見到徐媛,Say,メイ･ジョ,61,私の話をちゃんと聞いてた？私にどれだけの迷惑をかけたと思ってるの？,
d0e81a4acd55cfac60c2aa1bec155c08.bundle,進面談大廳見到徐媛,Branch,#Simple,24,あんたに昨日の件を教えなくも、こっちにデメリットはないからな。,
d0e81a4acd55cfac60c2aa1bec155c08.bundle,進面談大廳見到徐媛,Say,メイ･ジョ,62,あなたが昨日、オペレーションコアにいたことを万象に報告しようか？,
d0e81a4acd55cfac60c2aa1bec155c08.bundle,進面談大廳見到徐媛,Branch,#Simple,25,わかった、話す。昨日、数人の傭兵に襲われたんだ。,
d0e81a4acd55cfac60c2aa1bec155c08.bundle,進面談大廳見到徐媛,Branch,#Simple,26,それでもいいが、俺が捕まったら、あんたも巻き込まれるんだろう？,
d0e81a4acd55cfac60c2aa1bec155c08.bundle,進面談大廳見到徐媛,Say,メイ･ジョ,63,……,
d0e81a4acd55cfac60c2aa1bec155c08.bundle,進面談大廳見到徐媛,Say,メイ･ジョ,64,ジェイ･ダイ、そこまでして私に協力したくないの？,
d0e81a4acd55cfac60c2aa1bec155c08.bundle,進面談大廳見到徐媛,Branch,#Simple,27,俺はただ自分を守りたいだけだ。,
d0e81a4acd55cfac60c2aa1bec155c08.bundle,進面談大廳見到徐媛,Branch,#Simple,28,あんたは信用できない。,
d0e81a4acd55cfac60c2aa1bec155c08.bundle,進面談大廳見到徐媛,Say,メイ･ジョ,65,わかった。,
d0e81a4acd55cfac60c2aa1bec155c08.bundle,進面談大廳見到徐媛,Branch,#Simple,29,わかった、話す。昨日、数人の傭兵に襲われたんだ。,
d0e81a4acd55cfac60c2aa1bec155c08.bundle,進面談大廳見到徐媛,Branch,#Simple,30,傭兵たちの件を知らないのか？,
d0e81a4acd55cfac60c2aa1bec155c08.bundle,進面談大廳見到徐媛,Say,メイ･ジョ,66,傭兵？,
d0e81a4acd55cfac60c2aa1bec155c08.bundle,進面談大廳見到徐媛,Say,心の声,0,本当に知らないのか……？,
d0e81a4acd55cfac60c2aa1bec155c08.bundle,進面談大廳見到徐媛,Say,リン･テイ,0,待って、ジェイ。彼女にその件を話して本当に大丈夫なの？,
d0e81a4acd55cfac60c2aa1bec155c08.bundle,進面談大廳見到徐媛,Say,メイ･ジョ,67,傭兵とは何のこと？,
d0e81a4acd55cfac60c2aa1bec155c08.bundle,進面談大廳見到徐媛,Branch,#Simple,31,昨日オペレーションコアに、白い服を着た傭兵が何人か侵入してきたんだ。,
d0e81a4acd55cfac60c2aa1bec155c08.bundle,進面談大廳見到徐媛,Say,メイ･ジョ,68,つまり、あなたは傭兵に襲われたってこと？,
d0e81a4acd55cfac60c2aa1bec155c08.bundle,進面談大廳見到徐媛,Say,メイ･ジョ,69,だからあの時間に警備員がいなかったのね……,
d0e81a4acd55cfac60c2aa1bec155c08.bundle,進面談大廳見到徐媛,Say,メイ･ジョ,70,なるほど……,
d0e81a4acd55cfac60c2aa1bec155c08.bundle,進面談大廳見到徐媛,Say,心の声,1,何か気づいたらしい。,
d0e81a4acd55cfac60c2aa1bec155c08.bundle,進面談大廳見到徐媛,Say,メイ･ジョ,71,情報をありがとう。いい手がかりになった。,
d0e81a4acd55cfac60c2aa1bec155c08.bundle,進面談大廳見到徐媛,Say,心の声,2,彼女に話して本当によかったのか……？,
d0e81a4acd55cfac60c2aa1bec155c08.bundle,進面談大廳見到徐媛,Branch,#Simple,32,知らないなら、聞かなかったことにしてくれ。,
d0e81a4acd55cfac60c2aa1bec155c08.bundle,進面談大廳見到徐媛,Say,メイ･ジョ,72,嫌よ。知ってることをすべて話してちょうだい。,
d0e81a4acd55cfac60c2aa1bec155c08.bundle,進面談大廳見到徐媛,Branch,#Simple,33,教える気はない。,
d0e81a4acd55cfac60c2aa1bec155c08.bundle,進面談大廳見到徐媛,Say,メイ･ジョ,73,……,
d0e81a4acd55cfac60c2aa1bec155c08.bundle,進面談大廳見到徐媛,Say,メイ･ジョ,74,その強気な態度は、何か策略があってのことなのか、それともただのバカなのか……,
d0e81a4acd55cfac60c2aa1bec155c08.bundle,進面談大廳見到徐媛,Say,メイ･ジョ,75,……この私ですら、わからないとはね。,
d0e81a4acd55cfac60c2aa1bec155c08.bundle,進面談大廳見到徐媛,Say,メイ･ジョ,76,……,
d0e81a4acd55cfac60c2aa1bec155c08.bundle,進面談大廳見到徐媛,Say,メイ･ジョ,77,もういいわ。傭兵というワードだけ聞ければ、大体のことは推測できる。,
d0e81a4acd55cfac60c2aa1bec155c08.bundle,進面談大廳見到徐媛,Say,メイ･ジョ,78,もう十分よ。,
d0e81a4acd55cfac60c2aa1bec155c08.bundle,進面談大廳見到徐媛,Branch,#Simple,34,話して、俺に何のメリットがあるんだ？,
d0e81a4acd55cfac60c2aa1bec155c08.bundle,進面談大廳見到徐媛,Say,メイ･ジョ,79,万象の中に、あなたのケツを拭ける友人が居続けるっていうのはどう？,
d0e81a4acd55cfac60c2aa1bec155c08.bundle,進面談大廳見到徐媛,Branch,#Simple,35,別にいらないな。,
d0e81a4acd55cfac60c2aa1bec155c08.bundle,進面談大廳見到徐媛,Say,メイ･ジョ,80,……,
d0e81a4acd55cfac60c2aa1bec155c08.bundle,進面談大廳見到徐媛,Say,メイ･ジョ,81,ジェイ･ダイ、そこまでして私に協力したくないの？,
d0e81a4acd55cfac60c2aa1bec155c08.bundle,進面談大廳見到徐媛,Branch,#Simple,36,俺はただ自分を守りたいだけだ。,
d0e81a4acd55cfac60c2aa1bec155c08.bundle,進面談大廳見到徐媛,Branch,#Simple,37,あんたは信用できない。,
d0e81a4acd55cfac60c2aa1bec155c08.bundle,進面談大廳見到徐媛,Say,メイ･ジョ,82,わかった。,
d0e81a4acd55cfac60c2aa1bec155c08.bundle,進面談大廳見到徐媛,Branch,#Simple,38,わかった、話す。昨日オペレーションコアに、白い服を着た傭兵が何人か侵入してきたんだ。,
d0e81a4acd55cfac60c2aa1bec155c08.bundle,進面談大廳見到徐媛,Say,メイ･ジョ,83,この件はさておき……,
d0e81a4acd55cfac60c2aa1bec155c08.bundle,進面談大廳見到徐媛,Say,メイ･ジョ,84,昨日のことで、あなたが頼れる協力者ではないことが証明された。,
d0e81a4acd55cfac60c2aa1bec155c08.bundle,進面談大廳見到徐媛,Say,メイ･ジョ,85,そして、さっきのあの態度……,
d0e81a4acd55cfac60c2aa1bec155c08.bundle,進面談大廳見到徐媛,Branch,#Simple,39,昨日もあんたに情報を共有したはずだ。,
d0e81a4acd55cfac60c2aa1bec155c08.bundle,進面談大廳見到徐媛,Say,メイ･ジョ,86,私はそれに対して相応のお返しをしたはずよ。あなたは何をしてくれたっていうの？,
d0e81a4acd55cfac60c2aa1bec155c08.bundle,進面談大廳見到徐媛,Say,メイ･ジョ,87,だから？,
d0e81a4acd55cfac60c2aa1bec155c08.bundle,進面談大廳見到徐媛,Branch,#Simple,40,俺に借りがあるはずだ。,
d0e81a4acd55cfac60c2aa1bec155c08.bundle,進面談大廳見到徐媛,Say,メイ･ジョ,88,借りがあるから、あなたの失態を許せと？,
d0e81a4acd55cfac60c2aa1bec155c08.bundle,進面談大廳見到徐媛,Branch,#Simple,41,俺が使える人間であることは証明できただろう？,
d0e81a4acd55cfac60c2aa1bec155c08.bundle,進面談大廳見到徐媛,Say,メイ･ジョ,89,悪いけど、それには賛同できないわ。,
d0e81a4acd55cfac60c2aa1bec155c08.bundle,進面談大廳見到徐媛,Branch,#Simple,42,かもな。,
d0e81a4acd55cfac60c2aa1bec155c08.bundle,進面談大廳見到徐媛,Say,心の声,3,メイ･ジョが意味深に微笑んだ。,
d0e81a4acd55cfac60c2aa1bec155c08.bundle,進面談大廳見到徐媛,Branch,#Simple,43,……,
d0e81a4acd55cfac60c2aa1bec155c08.bundle,進面談大廳見到徐媛,Say,メイ･ジョ,90,……,
d0e81a4acd55cfac60c2aa1bec155c08.bundle,進面談大廳見到徐媛,Say,メイ･ジョ,91,この件の埋め合わせをしてくれない？,
d0e81a4acd55cfac60c2aa1bec155c08.bundle,進面談大廳見到徐媛,Say,メイ･ジョ,92,私を信用していなくてもできることよ。,
d0e81a4acd55cfac60c2aa1bec155c08.bundle,進面談大廳見到徐媛,Say,メイ･ジョ,93,あなたは自分を守りたいがために、私に協力する気はないと言ったけど……,
d0e81a4acd55cfac60c2aa1bec155c08.bundle,進面談大廳見到徐媛,Say,メイ･ジョ,94,よく考えなさい……,
d0e81a4acd55cfac60c2aa1bec155c08.bundle,進面談大廳見到徐媛,Say,メイ･ジョ,95,私に守られ続けることこそ、一番安全でしょう？,
d0e81a4acd55cfac60c2aa1bec155c08.bundle,進面談大廳見到徐媛,Branch,#Simple,44,傭兵の情報を教えただろう？,
d0e81a4acd55cfac60c2aa1bec155c08.bundle,進面談大廳見到徐媛,Say,メイ･ジョ,96,あなたは傭兵の存在以外、なにも情報を提供しなかった。,
d0e81a4acd55cfac60c2aa1bec155c08.bundle,進面談大廳見到徐媛,Say,メイ･ジョ,97,これが公平だと言えるの？,
d0e81a4acd55cfac60c2aa1bec155c08.bundle,進面談大廳見到徐媛,Branch,#Simple,45,何をしてほしいんだ？,
d0e81a4acd55cfac60c2aa1bec155c08.bundle,進面談大廳見到徐媛,Branch,#Simple,46,……,
d0e81a4acd55cfac60c2aa1bec155c08.bundle,進面談大廳見到徐媛,Say,メイ･ジョ,98,あなたはこの後、執行官と会うことになる。だから彼との会話を盗聴して。,
d0e81a4acd55cfac60c2aa1bec155c08.bundle,進面談大廳見到徐媛,Say,心の声,4,……もしかしてセイワ･ゲンか？,
d0e81a4acd55cfac60c2aa1bec155c08.bundle,進面談大廳見到徐媛,Branch,#Simple,47,セイワ･ゲンか？,
d0e81a4acd55cfac60c2aa1bec155c08.bundle,進面談大廳見到徐媛,Say,メイ･ジョ,99,彼以外に誰がいるの？,
d0e81a4acd55cfac60c2aa1bec155c08.bundle,進面談大廳見到徐媛,Branch,#Simple,48,なぜ俺は彼と会うことになるんだ？,
d0e81a4acd55cfac60c2aa1bec155c08.bundle,進面談大廳見到徐媛,Say,メイ･ジョ,100,もうすぐわかることよ。,
d0e81a4acd55cfac60c2aa1bec155c08.bundle,進面談大廳見到徐媛,Branch,#Simple,49,……,
d0e81a4acd55cfac60c2aa1bec155c08.bundle,進面談大廳見到徐媛,Say,メイ･ジョ,101,どう？手伝ってくれる？簡単なことでしょう？,
d0e81a4acd55cfac60c2aa1bec155c08.bundle,進面談大廳見到徐媛,Branch,#Simple,50,わかった。,
d0e81a4acd55cfac60c2aa1bec155c08.bundle,進面談大廳見到徐媛,Say,メイ･ジョ,102,即決してくれて助かるわ。,
d0e81a4acd55cfac60c2aa1bec155c08.bundle,進面談大廳見到徐媛,Say,メイ･ジョ,103,ジェイ･ダイ。,
d0e81a4acd55cfac60c2aa1bec155c08.bundle,進面談大廳見到徐媛,Say,メイ･ジョ,104,あなたは正しい選択をした。,
d0e81a4acd55cfac60c2aa1bec155c08.bundle,進面談大廳見到徐媛,Branch,#Simple,51,あんたにとっての正しい選択だろう？,
d0e81a4acd55cfac60c2aa1bec155c08.bundle,進面談大廳見到徐媛,Say,メイ･ジョ,105,……,
d0e81a4acd55cfac60c2aa1bec155c08.bundle,進面談大廳見到徐媛,Say,メイ･ジョ,106,正直に言うと、あなたのことは嫌いじゃないの。,
d0e81a4acd55cfac60c2aa1bec155c08.bundle,進面談大廳見到徐媛,Say,心の声,5,またその笑みだ。,
d0e81a4acd55cfac60c2aa1bec155c08.bundle,進面談大廳見到徐媛,Branch,#Simple,52,そうであることを祈るよ。,
d0e81a4acd55cfac60c2aa1bec155c08.bundle,進面談大廳見到徐媛,Say,心の声,6,またその笑みだ。,
d0e81a4acd55cfac60c2aa1bec155c08.bundle,進面談大廳見到徐媛,Branch,#Simple,53,そんなことはどうでもいい。,
d0e81a4acd55cfac60c2aa1bec155c08.bundle,進面談大廳見到徐媛,Say,メイ･ジョ,107,そうかもしれないわね。,
d0e81a4acd55cfac60c2aa1bec155c08.bundle,進面談大廳見到徐媛,Say,メイ･ジョ,108,でも何事においても準備はしとくべきよ。,
d0e81a4acd55cfac60c2aa1bec155c08.bundle,進面談大廳見到徐媛,Branch,#Simple,54,……,
d0e81a4acd55cfac60c2aa1bec155c08.bundle,進面談大廳見到徐媛,Say,メイ･ジョ,109,盗聴器を付けておいたわ。,
d0e81a4acd55cfac60c2aa1bec155c08.bundle,進面談大廳見到徐媛,Say,心の声,7,今の一瞬で？,
d0e81a4acd55cfac60c2aa1bec155c08.bundle,進面談大廳見到徐媛,Say,心の声,8,恐ろしく速い手つきだ……,
d0e81a4acd55cfac60c2aa1bec155c08.bundle,進面談大廳見到徐媛,Say,メイ･ジョ,110,セイワ･ゲンと話す時になったら、軽く押して盗聴器の電源を入れて。,
d0e81a4acd55cfac60c2aa1bec155c08.bundle,進面談大廳見到徐媛,Branch,#Simple,55,俺はどうやってセイワ･ゲンの所に行くんだ？,
d0e81a4acd55cfac60c2aa1bec155c08.bundle,進面談大廳見到徐媛,Say,メイ･ジョ,111,じきにわかるわ。,
d0e81a4acd55cfac60c2aa1bec155c08.bundle,進面談大廳見到徐媛,Say,心の声,9,こいつ質問したことを素直に答えないな。,
d0e81a4acd55cfac60c2aa1bec155c08.bundle,進面談大廳見到徐媛,Branch,#Simple,56,そんなに上手くいくのか？,
d0e81a4acd55cfac60c2aa1bec155c08.bundle,進面談大廳見到徐媛,Say,メイ･ジョ,112,あなたが馬鹿なことをしなければ、問題ないはずよ,
d0e81a4acd55cfac60c2aa1bec155c08.bundle,進面談大廳見到徐媛,Branch,#Simple,57,……,
d0e81a4acd55cfac60c2aa1bec155c08.bundle,進面談大廳見到徐媛,Say,メイ･ジョ,113,よく聞いて。,
d0e81a4acd55cfac60c2aa1bec155c08.bundle,進面談大廳見到徐媛,Say,メイ･ジョ,114,あなたはセイワ･ゲンとの会話を「すべて」盗聴するの。わかった？,
d0e81a4acd55cfac60c2aa1bec155c08.bundle,進面談大廳見到徐媛,Branch,#Simple,58,わかった。,
d0e81a4acd55cfac60c2aa1bec155c08.bundle,進面談大廳見到徐媛,Say,メイ･ジョ,115,よろしい。,
d0e81a4acd55cfac60c2aa1bec155c08.bundle,進面談大廳見到徐媛,Branch,#Simple,59,すべて？そんなに彼と話すことがあるのか？,
d0e81a4acd55cfac60c2aa1bec155c08.bundle,進面談大廳見到徐媛,Say,メイ･ジョ,116,いいから「すべて」よ。,
d0e81a4acd55cfac60c2aa1bec155c08.bundle,進面談大廳見到徐媛,Branch,#Simple,60,わかった。,
d0e81a4acd55cfac60c2aa1bec155c08.bundle,進面談大廳見到徐媛,Say,メイ･ジョ,117,よろしい。,
d0e81a4acd55cfac60c2aa1bec155c08.bundle,進面談大廳見到徐媛,Branch,#Simple,61,……,
d0e81a4acd55cfac60c2aa1bec155c08.bundle,進面談大廳見到徐媛,Say,メイ･ジョ,118,じゃ、また後で会いましょう。,
d0e81a4acd55cfac60c2aa1bec155c08.bundle,進面談大廳見到徐媛,Say,メイ･ジョ,119,頼んだからね。,
d0e81a4acd55cfac60c2aa1bec155c08.bundle,進面談大廳見到徐媛,Branch,#Simple,62,待て、あんたは盗聴器をいつ取りに来るんだ？,
d0e81a4acd55cfac60c2aa1bec155c08.bundle,進面談大廳見到徐媛,Say,メイ･ジョ,120,その時になったら、取りに行く。,
d0e81a4acd55cfac60c2aa1bec155c08.bundle,進面談大廳見到徐媛,Branch,#Simple,63,……,
d0e81a4acd55cfac60c2aa1bec155c08.bundle,進面談大廳見到徐媛,Branch,#Simple,64,なぜ盗聴をするんだ？,
d0e81a4acd55cfac60c2aa1bec155c08.bundle,進面談大廳見到徐媛,Say,メイ･ジョ,121,私は執行官から確認したいことがあるの。,
d0e81a4acd55cfac60c2aa1bec155c08.bundle,進面談大廳見到徐媛,Say,メイ･ジョ,122,それに……,
d0e81a4acd55cfac60c2aa1bec155c08.bundle,進面談大廳見到徐媛,Say,メイ･ジョ,123,予期せぬ客人も来るかもしれないから。,
d0e81a4acd55cfac60c2aa1bec155c08.bundle,進面談大廳見到徐媛,Say,心の声,10,客人……？,
d0e81a4acd55cfac60c2aa1bec155c08.bundle,進面談大廳見到徐媛,Branch,#Simple,65,客人ってなんだ？,
d0e81a4acd55cfac60c2aa1bec155c08.bundle,進面談大廳見到徐媛,Branch,#Simple,66,何を確認したいんだ？,
d0e81a4acd55cfac60c2aa1bec155c08.bundle,進面談大廳見到徐媛,Say,メイ･ジョ,124,それは言えない。,
d0e81a4acd55cfac60c2aa1bec155c08.bundle,進面談大廳見到徐媛,Branch,#Simple,67,……,
d0e81a4acd55cfac60c2aa1bec155c08.bundle,進面談大廳見到徐媛,Say,メイ･ジョ,125,あなたに教えられるのはここまでよ。ここまで聞いて、手伝うかどうか決めなさい。,
d0e81a4acd55cfac60c2aa1bec155c08.bundle,進面談大廳見到徐媛,Branch,#Simple,68,わかった。手伝う。,
d0e81a4acd55cfac60c2aa1bec155c08.bundle,進面談大廳見到徐媛,Branch,#Simple,69,断る。,
d0e81a4acd55cfac60c2aa1bec155c08.bundle,進面談大廳見到徐媛,Branch,#Simple,70,執行官に危害を与えるつもりなのか？,
d0e81a4acd55cfac60c2aa1bec155c08.bundle,進面談大廳見到徐媛,Branch,#Simple,71,執行官に危害を与えるつもりなのか？,
d0e81a4acd55cfac60c2aa1bec155c08.bundle,進面談大廳見到徐媛,Say,メイ･ジョ,126,あなたは、いつから執行官の命まで気にするようになったの？,
d0e81a4acd55cfac60c2aa1bec155c08.bundle,進面談大廳見到徐媛,Branch,#Simple,72,彼に危害を与えるつもりなら手伝う。,
d0e81a4acd55cfac60c2aa1bec155c08.bundle,進面談大廳見到徐媛,Say,メイ･ジョ,127,あなたは、リン姉の身に起きたことは、全部彼のせいだと思っているの？,
d0e81a4acd55cfac60c2aa1bec155c08.bundle,進面談大廳見到徐媛,Branch,#Simple,73,間違いなく彼のせいだ。,
d0e81a4acd55cfac60c2aa1bec155c08.bundle,進面談大廳見到徐媛,Branch,#Simple,74,彼はクソ野郎だ。,
d0e81a4acd55cfac60c2aa1bec155c08.bundle,進面談大廳見到徐媛,Say,リン･テイ,1,ジェイ……,
d0e81a4acd55cfac60c2aa1bec155c08.bundle,進面談大廳見到徐媛,Branch,#Simple,75,これはリンとは無関係だ。,
d0e81a4acd55cfac60c2aa1bec155c08.bundle,進面談大廳見到徐媛,Say,メイ･ジョ,128,フン……,
d0e81a4acd55cfac60c2aa1bec155c08.bundle,進面談大廳見到徐媛,Say,メイ･ジョ,129,嘘つきね。口先だけならどうとでも言える。,
d0e81a4acd55cfac60c2aa1bec155c08.bundle,進面談大廳見到徐媛,Say,心の声,11,……,
d0e81a4acd55cfac60c2aa1bec155c08.bundle,進面談大廳見到徐媛,Branch,#Simple,76,……,
d0e81a4acd55cfac60c2aa1bec155c08.bundle,進面談大廳見到徐媛,Say,メイ･ジョ,130,私は個人感情で動く人は好きじゃないの……,
d0e81a4acd55cfac60c2aa1bec155c08.bundle,進面談大廳見到徐媛,Say,メイ･ジョ,131,でも、今回は許すわ。,
d0e81a4acd55cfac60c2aa1bec155c08.bundle,進面談大廳見到徐媛,Say,メイ･ジョ,132,そうよ。私は彼に危害を与えようとしている。,
d0e81a4acd55cfac60c2aa1bec155c08.bundle,進面談大廳見到徐媛,Say,メイ･ジョ,133,どう？手伝ってくれる気になった？,
d0e81a4acd55cfac60c2aa1bec155c08.bundle,進面談大廳見到徐媛,Branch,#Simple,77,わかった。手伝おう。,
d0e81a4acd55cfac60c2aa1bec155c08.bundle,進面談大廳見到徐媛,Branch,#Simple,78,断る。,
d0e81a4acd55cfac60c2aa1bec155c08.bundle,進面談大廳見到徐媛,Branch,#Simple,79,なぜ盗聴をするんだ？,
d0e81a4acd55cfac60c2aa1bec155c08.bundle,進面談大廳見到徐媛,Branch,#Simple,80,あんたの手伝いをするリスクを知っておきたい。,
d0e81a4acd55cfac60c2aa1bec155c08.bundle,進面談大廳見到徐媛,Say,メイ･ジョ,134,今更それを気にするの？,
d0e81a4acd55cfac60c2aa1bec155c08.bundle,進面談大廳見到徐媛,Say,メイ･ジョ,135,あなたがオペレーションコアで爆発物を使った時点で、すでに万象全体に狙われている。,
d0e81a4acd55cfac60c2aa1bec155c08.bundle,進面談大廳見到徐媛,Say,メイ･ジョ,136,あなたが気にしているのはリスクではなく、別のことでしょ。,
d0e81a4acd55cfac60c2aa1bec155c08.bundle,進面談大廳見到徐媛,Branch,#Simple,81,断る。,
d0e81a4acd55cfac60c2aa1bec155c08.bundle,進面談大廳見到徐媛,Say,メイ･ジョ,137,どうして？,
d0e81a4acd55cfac60c2aa1bec155c08.bundle,進面談大廳見到徐媛,Branch,#Simple,82,言ったはずだ。俺はあんたを信用していない。,
d0e81a4acd55cfac60c2aa1bec155c08.bundle,進面談大廳見到徐媛,Say,メイ･ジョ,138,信用する必要はないわ。リスクはないのだから、信用なんていらないでしょ？,
d0e81a4acd55cfac60c2aa1bec155c08.bundle,進面談大廳見到徐媛,Branch,#Simple,83,リスクがないとは言えない。,
d0e81a4acd55cfac60c2aa1bec155c08.bundle,進面談大廳見到徐媛,Say,メイ･ジョ,139,……,
d0e81a4acd55cfac60c2aa1bec155c08.bundle,進面談大廳見到徐媛,Say,メイ･ジョ,140,もういいわ。,
d0e81a4acd55cfac60c2aa1bec155c08.bundle,進面談大廳見到徐媛,Say,メイ･ジョ,141,ジェイ･ダイ、あなたが選んだ道は真っ暗よ。,
d0e81a4acd55cfac60c2aa1bec155c08.bundle,進面談大廳見到徐媛,Say,メイ･ジョ,142,精々、自分の力だけで頑張りなさい。,
d0e81a4acd55cfac60c2aa1bec155c08.bundle,進面談大廳見到徐媛,Say,メイ･ジョ,143,さようなら。,
d0e81a4acd55cfac60c2aa1bec155c08.bundle,進面談大廳見到徐媛,Branch,#Simple,84,わかった。手伝う。,
d0e81a4acd55cfac60c2aa1bec155c08.bundle,進面談大廳見到徐媛,Branch,#Simple,85,言ったはずだ。俺は自分の身を守るだけだ。,
d0e81a4acd55cfac60c2aa1bec155c08.bundle,進面談大廳見到徐媛,Branch,#Simple,86,面倒に巻き込まれたくない。,
d0e81a4acd55cfac60c2aa1bec155c08.bundle,進面談大廳見到徐媛,Say,メイ･ジョ,144,オペレーションコアで爆発物を使った人が今更それを言うの？,
d0e81a4acd55cfac60c2aa1bec155c08.bundle,進面談大廳見到徐媛,Branch,#Simple,87,わかった。手伝おう。,
d0e81a4acd55cfac60c2aa1bec155c08.bundle,進面談大廳見到徐媛,Branch,#Simple,88,執行官に手を出す方が危険だ。,
d0e81a4acd55cfac60c2aa1bec155c08.bundle,進面談大廳見到徐媛,Branch,#Simple,89,勝手に言ってくれ。,
d0e81a4acd55cfac60c2aa1bec155c08.bundle,第二人換班失敗對話,Say,リン･テイ,0,ジェイ、チャンスはあと一回だけよ。,
d0e81a4acd55cfac60c2aa1bec155c08.bundle,第二人換班失敗對話,Say,リン･テイ,1,もしタイミン･ソウを説得できなかったら、失敗よ。,
d0e81a4acd55cfac60c2aa1bec155c08.bundle,第二人換班失敗對話,Say,リン･テイ,2,もしセイ･リンを説得できなかったら、失敗よ。,
d0e81a4acd55cfac60c2aa1bec155c08.bundle,第二人換班失敗對話,Say,リン･テイ,3,もしシンホン･ゴウを説得できなかったら、失敗よ。,
d0e81a4acd55cfac60c2aa1bec155c08.bundle,第二人換班失敗對話,Say,リン･テイ,4,頑張ってね。,
d0e81a4acd55cfac60c2aa1bec155c08.bundle,阿緯登場,Say,シンホン･ゴ,0,よっ、リョウさんは帰って来たのか？,
d0e81a4acd55cfac60c2aa1bec155c08.bundle,阿緯登場,Say,シンカ･シェ,0,……まだですね。,
d0e81a4acd55cfac60c2aa1bec155c08.bundle,阿緯登場,Say,シンホン･ゴ,1,そうか……,
d0e81a4acd55cfac60c2aa1bec155c08.bundle,阿緯登場,Say,イエホン･キュウ,0,やっぱり、イーちゃんが来たら聞いてみよう。彼なら何か知っているはずだよ。,
d0e81a4acd55cfac60c2aa1bec155c08.bundle,阿緯登場,Say,シンホン･ゴ,2,……ああ。,
d0e81a4acd55cfac60c2aa1bec155c08.bundle,阿緯登場,Say,イエホン･キュウ,1,ああ！,
d0e81a4acd55cfac60c2aa1bec155c08.bundle,阿緯登場,Say,イエホン･キュウ,2,ちょうど来たみたいだ！,
d0e81a4acd55cfac60c2aa1bec155c08.bundle,阿緯登場,Say,シンホン･ゴ,3,イーちゃん！リョウさんに一体何があったんだ？,
d0e81a4acd55cfac60c2aa1bec155c08.bundle,阿緯登場,Say,シンカ･シェ,1,そうですよ。何かあったんですか？,
d0e81a4acd55cfac60c2aa1bec155c08.bundle,阿緯登場,Say,イー･テイ,0,きゅ、急にどうしたの？,
d0e81a4acd55cfac60c2aa1bec155c08.bundle,阿緯登場,Say,イエホン･キュウ,3,リョウさんが本社の捜査員に連れて行かれたんだろう？,
d0e81a4acd55cfac60c2aa1bec155c08.bundle,阿緯登場,Say,シンカ･シェ,2,タイミンさんは何にも教えてくれませんし……,
d0e81a4acd55cfac60c2aa1bec155c08.bundle,阿緯登場,Say,イー･テイ,1,タイミン？,
d0e81a4acd55cfac60c2aa1bec155c08.bundle,阿緯登場,Say,タイミン･ソウ,0,僕じゃなくて、ジェイが……！,
d0e81a4acd55cfac60c2aa1bec155c08.bundle,阿緯登場,Say,心の声,0,イー･テイがこちらを睨んだ。,
d0e81a4acd55cfac60c2aa1bec155c08.bundle,阿緯登場,Say,イー･テイ,2,まぁ、しょうがないか。,
d0e81a4acd55cfac60c2aa1bec155c08.bundle,阿緯登場,Say,イー･テイ,3,リョウさんの件はまだ結論が出てないから、言えることはないよ。,
d0e81a4acd55cfac60c2aa1bec155c08.bundle,阿緯登場,Say,シンホン･ゴ,4,何なんだよ。一体どうしたっていうんだ……,
d0e81a4acd55cfac60c2aa1bec155c08.bundle,阿緯登場,Say,イエホン･キュウ,4,工場閉鎖と関係あるのか……？,
d0e81a4acd55cfac60c2aa1bec155c08.bundle,阿緯登場,Say,心の声,1,イー･テイが驚いている。,
d0e81a4acd55cfac60c2aa1bec155c08.bundle,阿緯登場,Say,イー･テイ,4,いや、それとは関係ないよ。,
d0e81a4acd55cfac60c2aa1bec155c08.bundle,阿緯登場,Say,イー･テイ,5,とにかく、余計な邪推はやめてくれ。リョウさんは大丈夫だ。,
d0e81a4acd55cfac60c2aa1bec155c08.bundle,阿緯登場,Say,シンホン･ゴ,5,チーフ、リョウさんについて何か知らないか？,
d0e81a4acd55cfac60c2aa1bec155c08.bundle,阿緯登場,Say,イー･テイ,6,……リョウさん？,
d0e81a4acd55cfac60c2aa1bec155c08.bundle,阿緯登場,Say,イー･テイ,7,ああ、本社の方に用事があるみたいで、数日はそっちに通うみたいだよ。,
d0e81a4acd55cfac60c2aa1bec155c08.bundle,阿緯登場,Say,シンホン･ゴ,6,家にも帰らずにか？,
d0e81a4acd55cfac60c2aa1bec155c08.bundle,阿緯登場,Say,イー･テイ,8,忙しいから、泊まりらしいね。,
d0e81a4acd55cfac60c2aa1bec155c08.bundle,阿緯登場,Say,シンホン･ゴ,7,それって……ちょっと変じゃないか？,
d0e81a4acd55cfac60c2aa1bec155c08.bundle,阿緯登場,Say,シンホン･ゴ,8,それにリョウさんの仕事は本社とあまり関係ないだろう？,
d0e81a4acd55cfac60c2aa1bec155c08.bundle,阿緯登場,Say,シンカ･シェ,3,一体なんの仕事なんですか……？,
d0e81a4acd55cfac60c2aa1bec155c08.bundle,阿緯登場,Say,イー･テイ,9,君たちには言えないことなんだ。これ以上は聞かないでくれ。,
d0e81a4acd55cfac60c2aa1bec155c08.bundle,阿緯登場,Say,イー･テイ,10,とにかくリョウさんは大丈夫。ただ仕事の都合でこっちに来れないだけだ。以上。,
d0e81a4acd55cfac60c2aa1bec155c08.bundle,阿緯登場,Say,イー･テイ,11,シンホン、詳しいことは後で教えるから。,
d0e81a4acd55cfac60c2aa1bec155c08.bundle,阿緯登場,Say,シンホン･ゴ,9,あ、はい……,
d0e81a4acd55cfac60c2aa1bec155c08.bundle,阿緯登場,Say,シンカ･シェ,4,……私たちには？,
d0e81a4acd55cfac60c2aa1bec155c08.bundle,阿緯登場,Say,イエホン･キュウ,5,そうだそうだ！仲間なら皆に教えろ！,
d0e81a4acd55cfac60c2aa1bec155c08.bundle,阿緯登場,Say,イー･テイ,12,他の人は仕事に戻りなさい！,
d0e81a4acd55cfac60c2aa1bec155c08.bundle,阿緯登場,Say,イー･テイ,13,ジェイ、ちょっといい？,
d0e81a4acd55cfac60c2aa1bec155c08.bundle,阿緯解釋執行長,Say,イー･テイ,0,……,
d0e81a4acd55cfac60c2aa1bec155c08.bundle,阿緯解釋執行長,Say,イー･テイ,1,ジェイ、単刀直入に言う。,
d0e81a4acd55cfac60c2aa1bec155c08.bundle,阿緯解釋執行長,Say,イー･テイ,2,僕と一緒に執行官に会ってほしいんだ。,
d0e81a4acd55cfac60c2aa1bec155c08.bundle,阿緯解釋執行長,Say,リン･テイ,0,メイ･ジョの言ったとおりだ……,
d0e81a4acd55cfac60c2aa1bec155c08.bundle,阿緯解釋執行長,Branch,#Simple,0,なぜ執行官に？,
d0e81a4acd55cfac60c2aa1bec155c08.bundle,阿緯解釋執行長,Branch,#Simple,1,どうして私が？,
d0e81a4acd55cfac60c2aa1bec155c08.bundle,阿緯解釋執行長,Branch,#Simple,2,……,
d0e81a4acd55cfac60c2aa1bec155c08.bundle,阿緯解釋執行長,Say,イー･テイ,3,……リョウさんについて調べてみたが、彼のやってたことが大体わかったんだ。,
d0e81a4acd55cfac60c2aa1bec155c08.bundle,阿緯解釋執行長,Say,イー･テイ,4,彼はずっと万象の取締役の工作員として動いていたらしく、昨日はその役員に呼び出されたらしい。,
d0e81a4acd55cfac60c2aa1bec155c08.bundle,阿緯解釋執行長,Say,心の声,0,万象の取締役……一気に事が大きくなったな……,
d0e81a4acd55cfac60c2aa1bec155c08.bundle,阿緯解釋執行長,Say,イー･テイ,5,昨日の僕が立てた推測を覚えてる？,
d0e81a4acd55cfac60c2aa1bec155c08.bundle,阿緯解釋執行長,Say,イー･テイ,6,多分、僕の推測はほとんど当たってたんだ。,
d0e81a4acd55cfac60c2aa1bec155c08.bundle,阿緯解釋執行長,Say,イー･テイ,7,取締役会の中に、サイレントの存続を望む人間が本当にいたんだよ！,
d0e81a4acd55cfac60c2aa1bec155c08.bundle,阿緯解釋執行長,Say,イー･テイ,8,彼らはサイレントの収容人数を維持したいんだよ。,
d0e81a4acd55cfac60c2aa1bec155c08.bundle,阿緯解釋執行長,Say,イー･テイ,9,万象の演算工場が失業者の受け皿になり続ければ……,
d0e81a4acd55cfac60c2aa1bec155c08.bundle,阿緯解釋執行長,Say,イー･テイ,10,失業率や「ゴミ溜め」がもたらした社会問題を緩和できる。,
d0e81a4acd55cfac60c2aa1bec155c08.bundle,阿緯解釋執行長,Say,イー･テイ,11,これにより万象は、政府に掛け合う手札を得ることができるんだ。,
d0e81a4acd55cfac60c2aa1bec155c08.bundle,阿緯解釋執行長,Branch,#Simple,3,なるほど。,
d0e81a4acd55cfac60c2aa1bec155c08.bundle,阿緯解釋執行長,Branch,#Simple,4,実際にリョウさんは何をしてたんですか？,
d0e81a4acd55cfac60c2aa1bec155c08.bundle,阿緯解釋執行長,Say,イー･テイ,12,実はその役員は、密かにサイレントに資金提供をしていたんだ。,
d0e81a4acd55cfac60c2aa1bec155c08.bundle,阿緯解釋執行長,Say,イー･テイ,13,本来の予定では、リョウさんがその資金を使って、供給者の人数を増やすはずだった。,
d0e81a4acd55cfac60c2aa1bec155c08.bundle,阿緯解釋執行長,Say,イー･テイ,14,でも彼はその資金を使って、供給者の待遇改善をしていた。,
d0e81a4acd55cfac60c2aa1bec155c08.bundle,阿緯解釋執行長,Say,イー･テイ,15,それで、その役員の不満を買ったんだ。,
d0e81a4acd55cfac60c2aa1bec155c08.bundle,阿緯解釋執行長,Branch,#Simple,5,……,
d0e81a4acd55cfac60c2aa1bec155c08.bundle,阿緯解釋執行長,Say,イー･テイ,16,ジェイ。今起きていることは、僕たちにとって、とても有利なんだ。,
d0e81a4acd55cfac60c2aa1bec155c08.bundle,阿緯解釋執行長,Say,イー･テイ,17,上手く上と掛け合えば、僕たちはリョウさんを取り戻すだけでなく、工場も守れる。,
d0e81a4acd55cfac60c2aa1bec155c08.bundle,阿緯解釋執行長,Say,イー･テイ,18,昨日の件に進展があった。,
d0e81a4acd55cfac60c2aa1bec155c08.bundle,阿緯解釋執行長,Say,心の声,1,取締役会がリョウさんを使って、マイナーの数を増やしていたことについてか。,
d0e81a4acd55cfac60c2aa1bec155c08.bundle,阿緯解釋執行長,Say,イー･テイ,19,僕は執行官を通して、取締役会の工場存続派と連絡が取れた。,
d0e81a4acd55cfac60c2aa1bec155c08.bundle,阿緯解釋執行長,Say,イー･テイ,20,まだどの役員なのかは、はっきりとわかってないけど……,
d0e81a4acd55cfac60c2aa1bec155c08.bundle,阿緯解釋執行長,Say,イー･テイ,21,でも執行官が言うには、今日会わせてもらえるらしい。,
d0e81a4acd55cfac60c2aa1bec155c08.bundle,阿緯解釋執行長,Branch,#Simple,6,これは、良いことなんですか？,
d0e81a4acd55cfac60c2aa1bec155c08.bundle,阿緯解釋執行長,Say,イー･テイ,22,内情を知った僕をどうするつもりかはわからないが、チャンスではある。,
d0e81a4acd55cfac60c2aa1bec155c08.bundle,阿緯解釋執行長,Branch,#Simple,7,流石に急すぎませんか？,
d0e81a4acd55cfac60c2aa1bec155c08.bundle,阿緯解釋執行長,Say,イー･テイ,23,僕もびっくりだよ。会えるのは、もっと後だと思っていたから。,
d0e81a4acd55cfac60c2aa1bec155c08.bundle,阿緯解釋執行長,Say,イー･テイ,24,どうであれ……,
d0e81a4acd55cfac60c2aa1bec155c08.bundle,阿緯解釋執行長,Branch,#Simple,8,……,
d0e81a4acd55cfac60c2aa1bec155c08.bundle,阿緯解釋執行長,Say,イー･テイ,25,僕は今、直接彼らにアピールできるチャンスを得た。,
d0e81a4acd55cfac60c2aa1bec155c08.bundle,阿緯解釋執行長,Say,イー･テイ,26,今回の件で取締役からの支持を得られ、主導権を握れれば、僕はサイレント内でより大きな権限を手にできる。,
d0e81a4acd55cfac60c2aa1bec155c08.bundle,阿緯解釋執行長,Say,イー･テイ,27,手を焼いている操作組を納得させることもできるはずだ！,
d0e81a4acd55cfac60c2aa1bec155c08.bundle,阿緯解釋執行長,Branch,#Simple,9,なぜ自分を誘ったのですか？,
d0e81a4acd55cfac60c2aa1bec155c08.bundle,阿緯解釋執行長,Say,イー･テイ,28,あ、そういえば言ってなかったね。,
d0e81a4acd55cfac60c2aa1bec155c08.bundle,阿緯解釋執行長,Say,イー･テイ,29,これは僕が出した条件なんだ。,
d0e81a4acd55cfac60c2aa1bec155c08.bundle,阿緯解釋執行長,Say,イー･テイ,30,こういう時の僕は、もう一人連れて行くタイプなんだ。,
d0e81a4acd55cfac60c2aa1bec155c08.bundle,阿緯解釋執行長,Say,イー･テイ,31,考える頭が一つ増えるし、異なる立場の人の意見を参考にできる。,
d0e81a4acd55cfac60c2aa1bec155c08.bundle,阿緯解釋執行長,Branch,#Simple,10,なるほど。,
d0e81a4acd55cfac60c2aa1bec155c08.bundle,阿緯解釋執行長,Branch,#Simple,11,なぜ私なんですか？,
d0e81a4acd55cfac60c2aa1bec155c08.bundle,阿緯解釋執行長,Say,イー･テイ,32,この件をまだ公開したくないから、君かタイミンに頼むしかなかったんだ。,
d0e81a4acd55cfac60c2aa1bec155c08.bundle,阿緯解釋執行長,Say,イー･テイ,33,タイミンは他に仕事があるからね。,
d0e81a4acd55cfac60c2aa1bec155c08.bundle,阿緯解釋執行長,Branch,#Simple,12,私はタイミンの代わりってわけですね？,
d0e81a4acd55cfac60c2aa1bec155c08.bundle,阿緯解釋執行長,Say,イー･テイ,34,そ、そんなことないよ！,
d0e81a4acd55cfac60c2aa1bec155c08.bundle,阿緯解釋執行長,Branch,#Simple,13,明らかに動揺してますよね？,
d0e81a4acd55cfac60c2aa1bec155c08.bundle,阿緯解釋執行長,Say,イー･テイ,35,違うってば！,
d0e81a4acd55cfac60c2aa1bec155c08.bundle,阿緯解釋執行長,Branch,#Simple,14,ハハ、わかりましたよ。,
d0e81a4acd55cfac60c2aa1bec155c08.bundle,阿緯解釋執行長,Say,イー･テイ,36,あ！わざと意地悪なこと言ったな！？,
d0e81a4acd55cfac60c2aa1bec155c08.bundle,阿緯解釋執行長,Say,イー･テイ,37,生意気になってきたな！,
d0e81a4acd55cfac60c2aa1bec155c08.bundle,阿緯解釋執行長,Branch,#Simple,15,……,
d0e81a4acd55cfac60c2aa1bec155c08.bundle,阿緯解釋執行長,Branch,#Simple,16,わかりました。,
d0e81a4acd55cfac60c2aa1bec155c08.bundle,阿緯解釋執行長,Branch,#Simple,17,……,
d0e81a4acd55cfac60c2aa1bec155c08.bundle,阿緯解釋執行長,Branch,#Simple,18,……,
d0e81a4acd55cfac60c2aa1bec155c08.bundle,阿緯解釋執行長,Branch,#Simple,19,協力します。,
d0e81a4acd55cfac60c2aa1bec155c08.bundle,阿緯解釋執行長,Say,イー･テイ,38,ありがとう。,
d0e81a4acd55cfac60c2aa1bec155c08.bundle,阿緯解釋執行長,Branch,#Simple,20,……,
d0e81a4acd55cfac60c2aa1bec155c08.bundle,阿緯解釋執行長,Say,イー･テイ,39,よし、じゃ行こうか。,
d0e81a4acd55cfac60c2aa1bec155c08.bundle,篩選路線_見執行長,Say,心の声,0,あれは、昨日リョウさんを連れて行った捜査員だ。,
d0e81a4acd55cfac60c2aa1bec155c08.bundle,篩選路線_見執行長,Say,セイワ･ゲン,0,こちらは取締役会直属の捜査員、ロク･シュウさんだ。,
d0e81a4acd55cfac60c2aa1bec155c08.bundle,篩選路線_見執行長,Say,イー･テイ,0,取締役と話せると伺っていたのですが……,
d0e81a4acd55cfac60c2aa1bec155c08.bundle,篩選路線_見執行長,Say,セイワ･ゲン,1,馬鹿を言うな。取締役がこんなことで足を運ぶわけないだろ？,
d0e81a4acd55cfac60c2aa1bec155c08.bundle,篩選路線_見執行長,Say,イー･テイ,1,それは……,
d0e81a4acd55cfac60c2aa1bec155c08.bundle,篩選路線_見執行長,Say,セイワ･ゲン,2,こちらのシュウさんが、取締役の代理人だ。,
d0e81a4acd55cfac60c2aa1bec155c08.bundle,篩選路線_見執行長,Say,心の声,1,こんな時でさえ取締役の正体を明かさないのか…,
d0e81a4acd55cfac60c2aa1bec155c08.bundle,篩選路線_見執行長,Say,セイワ･ゲン,3,イー･テイ、取締役は君をかなり気に入ったようだぞ！,
d0e81a4acd55cfac60c2aa1bec155c08.bundle,篩選路線_見執行長,Say,イー･テイ,2,ありがとうございます。,
d0e81a4acd55cfac60c2aa1bec155c08.bundle,篩選路線_見執行長,Say,セイワ･ゲン,4,元々の担当者が機転の利かないやつだったらしくてね。君が仕事を引き継いでくれたことを喜んでいた。,
d0e81a4acd55cfac60c2aa1bec155c08.bundle,篩選路線_見執行長,Say,心の声,2,リョウさんのことか。,
d0e81a4acd55cfac60c2aa1bec155c08.bundle,篩選路線_見執行長,Say,セイワ･ゲン,5,彼は君に一目を置いている。今回は良い協力関係を築くために、この場を設けた。,
d0e81a4acd55cfac60c2aa1bec155c08.bundle,篩選路線_見執行長,Say,イー･テイ,3,あの、その取締役とは一体……,
d0e81a4acd55cfac60c2aa1bec155c08.bundle,篩選路線_見執行長,Say,セイワ･ゲン,6,イー･テイ……,
d0e81a4acd55cfac60c2aa1bec155c08.bundle,篩選路線_見執行長,Say,セイワ･ゲン,7,言っておくが、君の行動はとても危ういものだ。,
d0e81a4acd55cfac60c2aa1bec155c08.bundle,篩選路線_見執行長,Say,セイワ･ゲン,8,今は運が味方をしているが……,
d0e81a4acd55cfac60c2aa1bec155c08.bundle,篩選路線_見執行長,Say,セイワ･ゲン,9,その運がいつまでも続くと思わないことだ。,
d0e81a4acd55cfac60c2aa1bec155c08.bundle,篩選路線_見執行長,Say,セイワ･ゲン,10,君が今、置かれている立場については、説明せずともわかるな？,
d0e81a4acd55cfac60c2aa1bec155c08.bundle,篩選路線_見執行長,Say,イー･テイ,4,……,
d0e81a4acd55cfac60c2aa1bec155c08.bundle,篩選路線_見執行長,Say,イー･テイ,5,……わかりました。,
d0e81a4acd55cfac60c2aa1bec155c08.bundle,篩選路線_見執行長,Say,ロク･シュウ,0,では本題に入ろう。,
d0e81a4acd55cfac60c2aa1bec155c08.bundle,篩選路線_見執行長,Say,セイワ･ゲン,11,はい、お願いします。,
d0e81a4acd55cfac60c2aa1bec155c08.bundle,篩選路線_見執行長,Say,心の声,3,執行官が捜査員に敬語……？,
d0e81a4acd55cfac60c2aa1bec155c08.bundle,篩選路線_見執行長,Say,リン･テイ,0,取締役会の捜査員は本人の代理人だから、ひんしゅくを買ったら大変よ。,
d0e81a4acd55cfac60c2aa1bec155c08.bundle,篩選路線_見執行長,Say,ロク･シュウ,1,イー･テイ、だな。,
d0e81a4acd55cfac60c2aa1bec155c08.bundle,篩選路線_見執行長,Say,イー･テイ,6,はい。,
d0e81a4acd55cfac60c2aa1bec155c08.bundle,篩選路線_見執行長,Say,ロク･シュウ,2,今の演算工場についてどう思う？,
d0e81a4acd55cfac60c2aa1bec155c08.bundle,篩選路線_見執行長,Say,イー･テイ,7,ここは現代社会の礎でもあり、最後のセーフティーネットです。,
d0e81a4acd55cfac60c2aa1bec155c08.bundle,篩選路線_見執行長,Say,ロク･シュウ,3,もう少し詳しく話してくれ。,
d0e81a4acd55cfac60c2aa1bec155c08.bundle,篩選路線_見執行長,Say,イー･テイ,8,人工知能の普及は、高い失業率と供給力不足をもたらしました。,
d0e81a4acd55cfac60c2aa1bec155c08.bundle,篩選路線_見執行長,Say,イー･テイ,9,演算工場は同時にその二つの問題を解決できます。もし演算工場が閉鎖されれば、この現代社会はゆっくりと崩壊に向かうでしょう。,
d0e81a4acd55cfac60c2aa1bec155c08.bundle,篩選路線_見執行長,Say,ロク･シュウ,4,それは違う。,
d0e81a4acd55cfac60c2aa1bec155c08.bundle,篩選路線_見執行長,Say,ロク･シュウ,5,社会全体が崩壊することはない。あくまでも一部だ。,
d0e81a4acd55cfac60c2aa1bec155c08.bundle,篩選路線_見執行長,Say,イー･テイ,10,社会全体の失業率は35%にまで上っています……,
d0e81a4acd55cfac60c2aa1bec155c08.bundle,篩選路線_見執行長,Say,イー･テイ,11,……それを「一部」と考えるのは、難しいと思います。,
d0e81a4acd55cfac60c2aa1bec155c08.bundle,篩選路線_見執行長,Say,ロク･シュウ,6,第一に。,
d0e81a4acd55cfac60c2aa1bec155c08.bundle,篩選路線_見執行長,Say,ロク･シュウ,7,私は君の意見を求めてはいない。分をわきまえなさい。,
d0e81a4acd55cfac60c2aa1bec155c08.bundle,篩選路線_見執行長,Say,ロク･シュウ,8,第二に。,
d0e81a4acd55cfac60c2aa1bec155c08.bundle,篩選路線_見執行長,Say,ロク･シュウ,9,人口比率で計算された失業率は無意味だ。社会にとって、経済価値こそ全てである。,
d0e81a4acd55cfac60c2aa1bec155c08.bundle,篩選路線_見執行長,Say,ロク･シュウ,10,その35%は……,
d0e81a4acd55cfac60c2aa1bec155c08.bundle,篩選路線_見執行長,Say,ロク･シュウ,11,生産力を持たない人間。つまり……,
d0e81a4acd55cfac60c2aa1bec155c08.bundle,篩選路線_見執行長,Say,ロク･シュウ,12,価値などない。,
d0e81a4acd55cfac60c2aa1bec155c08.bundle,篩選路線_見執行長,Say,イー･テイ,12,……,
d0e81a4acd55cfac60c2aa1bec155c08.bundle,篩選路線_見執行長,Say,ロク･シュウ,13,そしてここは、社会のゴミを処理する焼却炉だ。,
d0e81a4acd55cfac60c2aa1bec155c08.bundle,篩選路線_見執行長,Say,ロク･シュウ,14,そのゴミを燃やして電力を生み出し、最後の価値を搾り取る場所だ。,
d0e81a4acd55cfac60c2aa1bec155c08.bundle,篩選路線_見執行長,Say,イー･テイ,13,……,
d0e81a4acd55cfac60c2aa1bec155c08.bundle,篩選路線_見執行長,Say,イー･テイ,14,そ、それは、同意できません……！,
d0e81a4acd55cfac60c2aa1bec155c08.bundle,篩選路線_見執行長,Say,心の声,4,捜査員が目を細めた……,
d0e81a4acd55cfac60c2aa1bec155c08.bundle,篩選路線_見執行長,Say,イー･テイ,15,この演算工場は、社会を発展させることができます。,
d0e81a4acd55cfac60c2aa1bec155c08.bundle,篩選路線_見執行長,Say,イー･テイ,16,第四次産業革命の影響を受けたこの社会で、演算工場は唯一均衡を保っている場所です。,
d0e81a4acd55cfac60c2aa1bec155c08.bundle,篩選路線_見執行長,Say,イー･テイ,17,失業者は、ここで演算力供給をすることによって、苦しい時間を味わわずに済みます。,
d0e81a4acd55cfac60c2aa1bec155c08.bundle,篩選路線_見執行長,Say,イー･テイ,18,そして、供給が終われば、余生を過ごせるだけのお金を手に入れられる。,
d0e81a4acd55cfac60c2aa1bec155c08.bundle,篩選路線_見執行長,Say,イー･テイ,19,完璧な解決策とは言えずとも、科学によって人類社会が進化していく証明ではあります。,
d0e81a4acd55cfac60c2aa1bec155c08.bundle,篩選路線_見執行長,Say,イー･テイ,20,国が支援を行える体制が整うまでの時間を演算工場が稼いでくれます。,
d0e81a4acd55cfac60c2aa1bec155c08.bundle,篩選路線_見執行長,Say,イー･テイ,21,私たちはこの間に、より良い時代を築く、礎を作り上げることができます。,
d0e81a4acd55cfac60c2aa1bec155c08.bundle,篩選路線_見執行長,Say,イー･テイ,22,……,
d0e81a4acd55cfac60c2aa1bec155c08.bundle,篩選路線_見執行長,Say,ロク･シュウ,15,……,
d0e81a4acd55cfac60c2aa1bec155c08.bundle,篩選路線_見執行長,Say,ロク･シュウ,16,ハッ……,
d0e81a4acd55cfac60c2aa1bec155c08.bundle,篩選路線_見執行長,Say,ロク･シュウ,17,本気でそんなことを思っているのか？国が支援を行える体制？,
d0e81a4acd55cfac60c2aa1bec155c08.bundle,篩選路線_見執行長,Say,ロク･シュウ,18,ベーシックインカムとでも言いたいのか？,
d0e81a4acd55cfac60c2aa1bec155c08.bundle,篩選路線_見執行長,Say,イー･テイ,23,一つの方法ではあると思います。,
d0e81a4acd55cfac60c2aa1bec155c08.bundle,篩選路線_見執行長,Say,ロク･シュウ,19,バカげている。,
d0e81a4acd55cfac60c2aa1bec155c08.bundle,篩選路線_見執行長,Say,ロク･シュウ,20,この業界で働いておきながら、そんな考えを持っているとは……,
d0e81a4acd55cfac60c2aa1bec155c08.bundle,篩選路線_見執行長,Say,心の声,5,完全に見下されている。イー･テイも気づいているはずだ。,
d0e81a4acd55cfac60c2aa1bec155c08.bundle,篩選路線_見執行長,Say,ロク･シュウ,21,よくもそこまで堂々と講釈を垂れることができるな……,
d0e81a4acd55cfac60c2aa1bec155c08.bundle,篩選路線_見執行長,Say,イー･テイ,24,私は……,
d0e81a4acd55cfac60c2aa1bec155c08.bundle,篩選路線_見執行長,Say,ロク･シュウ,22,合格だ。,
d0e81a4acd55cfac60c2aa1bec155c08.bundle,篩選路線_見執行長,Say,心の声,6,はい……？,
d0e81a4acd55cfac60c2aa1bec155c08.bundle,篩選路線_見執行長,Say,イー･テイ,25,合格とは……,
d0e81a4acd55cfac60c2aa1bec155c08.bundle,篩選路線_見執行長,Say,ロク･シュウ,23,私はあの方の計画に協力するあなたを品定めする必要があった。,
d0e81a4acd55cfac60c2aa1bec155c08.bundle,篩選路線_見執行長,Say,ロク･シュウ,24,役員たちにとってのサイレントの価値を知ってるな？,
d0e81a4acd55cfac60c2aa1bec155c08.bundle,篩選路線_見執行長,Say,イー･テイ,26,より多くの供給者を収容することで、失業率を下げ、政治的な影響力を手に入れる……,
d0e81a4acd55cfac60c2aa1bec155c08.bundle,篩選路線_見執行長,Say,ロク･シュウ,25,短期的に見ると、確かにそうだ。,
d0e81a4acd55cfac60c2aa1bec155c08.bundle,篩選路線_見執行長,Say,ロク･シュウ,26,だが取締役たちの真の目的は、万象を救世主にすることだ。,
d0e81a4acd55cfac60c2aa1bec155c08.bundle,篩選路線_見執行長,Say,イー･テイ,27,……救世主？,
d0e81a4acd55cfac60c2aa1bec155c08.bundle,篩選路線_見執行長,Say,ロク･シュウ,27,失業率はただの指標だ。一般市民への影響力はさほどない。,
d0e81a4acd55cfac60c2aa1bec155c08.bundle,篩選路線_見執行長,Say,ロク･シュウ,28,だが社会を衰退の一途から救う救世主企業なら話は別だ。,
d0e81a4acd55cfac60c2aa1bec155c08.bundle,篩選路線_見執行長,Say,ロク･シュウ,29,そうなれば我々は、強大な影響力を手に入れられる。金も意味を持たない。,
d0e81a4acd55cfac60c2aa1bec155c08.bundle,篩選路線_見執行長,Say,ロク･シュウ,30,ビッグウェイのようなヤクザが仕切る集団や、サンライズのような政府にへばりつくヒルは……,
d0e81a4acd55cfac60c2aa1bec155c08.bundle,篩選路線_見執行長,Say,ロク･シュウ,31,我々と競争することすらできなくなる。これこそ万象が生き延びる方法、勝利の道だ。,
d0e81a4acd55cfac60c2aa1bec155c08.bundle,篩選路線_見執行長,Say,ロク･シュウ,32,これを成し遂げるために必要な人材は、効率重視のマネージャーなどではない……,
d0e81a4acd55cfac60c2aa1bec155c08.bundle,篩選路線_見執行長,Say,ロク･シュウ,33,理想、正義、人に愛される偶像だ。,
d0e81a4acd55cfac60c2aa1bec155c08.bundle,篩選路線_見執行長,Say,ロク･シュウ,34,万象はすべての人を救うことができると、そう自分さえも騙せる人間が必要なんだ。,
d0e81a4acd55cfac60c2aa1bec155c08.bundle,篩選路線_見執行長,Say,ロク･シュウ,35,そして君は合格した。,
d0e81a4acd55cfac60c2aa1bec155c08.bundle,篩選路線_見執行長,Say,ロク･シュウ,36,君はこの計画の第一段階の一部となり、サイレントを模範となるべき工場へと作り変える。,
d0e81a4acd55cfac60c2aa1bec155c08.bundle,篩選路線_見執行長,Say,ロク･シュウ,37,今後のサイレントは営利を目的とせず、ただ貧乏人を受け入れさえすればいい……,
d0e81a4acd55cfac60c2aa1bec155c08.bundle,篩選路線_見執行長,Say,ロク･シュウ,38,この話はまた後にしよう。今は目下の問題を解決するのが先決だ。,
d0e81a4acd55cfac60c2aa1bec155c08.bundle,篩選路線_見執行長,Say,イー･テイ,28,私は自分を騙してなんかいません。私は本当に……,
d0e81a4acd55cfac60c2aa1bec155c08.bundle,篩選路線_見執行長,Say,ロク･シュウ,39,もういい。,
d0e81a4acd55cfac60c2aa1bec155c08.bundle,篩選路線_見執行長,Say,ロク･シュウ,40,綺麗事なら民衆に語ればいい。私には無用だ。,
d0e81a4acd55cfac60c2aa1bec155c08.bundle,篩選路線_見執行長,Say,イー･テイ,29,……,
d0e81a4acd55cfac60c2aa1bec155c08.bundle,篩選路線_見執行長,Say,イー･テイ,30,わかりました。,
d0e81a4acd55cfac60c2aa1bec155c08.bundle,篩選路線_見執行長,Say,ロク･シュウ,41,よろしい。君は正式に合格した。,
d0e81a4acd55cfac60c2aa1bec155c08.bundle,篩選路線_見執行長,Say,ロク･シュウ,42,では、どうすればこの工場を存続できるかについて話し合おう。,
d0e81a4acd55cfac60c2aa1bec155c08.bundle,篩選路線_見執行長,Say,イー･テイ,31,それについては、私に考えがあります。,
d0e81a4acd55cfac60c2aa1bec155c08.bundle,篩選路線_見執行長,Say,ロク･シュウ,43,話したまえ。,
d0e81a4acd55cfac60c2aa1bec155c08.bundle,篩選路線_見執行長,Say,イー･テイ,32,サイレントの存続についての会議がまもなく開かれると思います。会議で最も重要な議題は、工場の評価報告です。,
d0e81a4acd55cfac60c2aa1bec155c08.bundle,篩選路線_見執行長,Say,イー･テイ,33,通常なら、報告はマネージャーが行いますが、イファマネージャーは……,
d0e81a4acd55cfac60c2aa1bec155c08.bundle,篩選路線_見執行長,Say,ロク･シュウ,44,その話はいい。続けてくれ。,
d0e81a4acd55cfac60c2aa1bec155c08.bundle,篩選路線_見執行長,Say,イー･テイ,34,私なら選別組チーフとして、代わりに報告を作り、金銭的価値以外のサイレントの意義を示せると思います。,
d0e81a4acd55cfac60c2aa1bec155c08.bundle,篩選路線_見執行長,Say,イー･テイ,35,会社の規則に反することにはなりますが……,
d0e81a4acd55cfac60c2aa1bec155c08.bundle,篩選路線_見執行長,Say,ロク･シュウ,45,中立の取締役たちを傾けられる。,
d0e81a4acd55cfac60c2aa1bec155c08.bundle,篩選路線_見執行長,Say,イー･テイ,36,はい。,
d0e81a4acd55cfac60c2aa1bec155c08.bundle,篩選路線_見執行長,Say,ロク･シュウ,46,……,
d0e81a4acd55cfac60c2aa1bec155c08.bundle,篩選路線_見執行長,Say,ロク･シュウ,47,確かに可能性はある。,
d0e81a4acd55cfac60c2aa1bec155c08.bundle,篩選路線_見執行長,Say,ロク･シュウ,48,しかし、今日中にできるならの話だが。,
d0e81a4acd55cfac60c2aa1bec155c08.bundle,篩選路線_見執行長,Say,イー･テイ,37,今日中ですか！？でも……,
d0e81a4acd55cfac60c2aa1bec155c08.bundle,篩選路線_見執行長,Say,ロク･シュウ,49,私にこれを話すということは、ある程度準備していたということだろう？,
d0e81a4acd55cfac60c2aa1bec155c08.bundle,篩選路線_見執行長,Say,イー･テイ,38,そうですが……,
d0e81a4acd55cfac60c2aa1bec155c08.bundle,篩選路線_見執行長,Say,ロク･シュウ,50,今日中だ。,
d0e81a4acd55cfac60c2aa1bec155c08.bundle,篩選路線_見執行長,Say,イー･テイ,39,……わかりました。,
d0e81a4acd55cfac60c2aa1bec155c08.bundle,篩選路線_見執行長,Say,ロク･シュウ,51,我々は取締役会に向けて、秘密裏に意向調査を行っていたと言おう。,
d0e81a4acd55cfac60c2aa1bec155c08.bundle,篩選路線_見執行長,Say,ロク･シュウ,52,君の報告に説得力があれば、サイレントは生き残れるはずだ。,
d0e81a4acd55cfac60c2aa1bec155c08.bundle,篩選路線_見執行長,Say,ロク･シュウ,53,では、これで決まりだ。何か質問は？,
d0e81a4acd55cfac60c2aa1bec155c08.bundle,篩選路線_見執行長,Say,イー･テイ,40,チキョウ･リョウについてお聞きしたいです。,
d0e81a4acd55cfac60c2aa1bec155c08.bundle,篩選路線_見執行長,Say,ロク･シュウ,54,心配ない。彼はもう解放された。,
d0e81a4acd55cfac60c2aa1bec155c08.bundle,篩選路線_見執行長,Say,イー･テイ,41,その……,
d0e81a4acd55cfac60c2aa1bec155c08.bundle,篩選路線_見執行長,Say,イー･テイ,42,……,
d0e81a4acd55cfac60c2aa1bec155c08.bundle,篩選路線_見執行長,Say,ロク･シュウ,55,言いたい事があるならハッキリ言いなさい。,
d0e81a4acd55cfac60c2aa1bec155c08.bundle,篩選路線_見執行長,Say,イー･テイ,43,この件が終わった後、私をサイレントのマネージャーにしてください。,
d0e81a4acd55cfac60c2aa1bec155c08.bundle,篩選路線_見執行長,Say,イー･テイ,44,選別組と操作組の争いを止めない限りは、サイレントの経営に専念できません。,
d0e81a4acd55cfac60c2aa1bec155c08.bundle,篩選路線_見執行長,Say,セイワ･ゲン,12,案外野心家なんだな。,
d0e81a4acd55cfac60c2aa1bec155c08.bundle,篩選路線_見執行長,Say,ロク･シュウ,56,いいだろう。我々は君を必要としている上に、その条件は度を超えたものではない。,
d0e81a4acd55cfac60c2aa1bec155c08.bundle,篩選路線_見執行長,Say,イー･テイ,45,個人的な野心のためではありません。サイレントをより良いものにするために、権力が必要なだけです。,
d0e81a4acd55cfac60c2aa1bec155c08.bundle,篩選路線_見執行長,Say,心の声,7,ロク･シュウが軽蔑するように笑っている……,
d0e81a4acd55cfac60c2aa1bec155c08.bundle,篩選路線_見執行長,Say,セイワ･ゲン,13,ハハハ！,
d0e81a4acd55cfac60c2aa1bec155c08.bundle,篩選路線_見執行長,Say,セイワ･ゲン,14,問題ない。最初は皆そうだ。,
d0e81a4acd55cfac60c2aa1bec155c08.bundle,篩選路線_見執行長,Say,セイワ･ゲン,15,君はまだ若い。頑張りたまえ。,
d0e81a4acd55cfac60c2aa1bec155c08.bundle,篩選路線_見執行長,Say,イー･テイ,46,……,
d0e81a4acd55cfac60c2aa1bec155c08.bundle,篩選路線_見執行長,Say,イー･テイ,47,それと、あなたの連絡先を教えてください。,
d0e81a4acd55cfac60c2aa1bec155c08.bundle,篩選路線_見執行長,Say,ロク･シュウ,57,それは必要ない。しばらくは、会うことはないはずだ。,
d0e81a4acd55cfac60c2aa1bec155c08.bundle,篩選路線_見執行長,Say,ロク･シュウ,58,報告書なら執行官に提出してくれ。,
d0e81a4acd55cfac60c2aa1bec155c08.bundle,篩選路線_見執行長,Say,イー･テイ,48,私には他にも提示したい条件があります。この場ですべてをお話するつもりはなかったので、連絡先をいだだきたかっただけです。,
d0e81a4acd55cfac60c2aa1bec155c08.bundle,篩選路線_見執行長,Say,ロク･シュウ,59,……,
d0e81a4acd55cfac60c2aa1bec155c08.bundle,篩選路線_見執行長,Say,ロク･シュウ,60,条件とは何かな？,
d0e81a4acd55cfac60c2aa1bec155c08.bundle,篩選路線_見執行長,Say,イー･テイ,49,簡単に言うと、セラーを維持できるだけの資金がいただきたいのです。,
d0e81a4acd55cfac60c2aa1bec155c08.bundle,篩選路線_見執行長,Say,ロク･シュウ,61,今の君にその条件を提示できる資格があるとでも？,
d0e81a4acd55cfac60c2aa1bec155c08.bundle,篩選路線_見執行長,Say,心の声,8,怒っているのかはわからないが、急に冷たい口調へと変わった……,
d0e81a4acd55cfac60c2aa1bec155c08.bundle,篩選路線_見執行長,Say,イー･テイ,50,わ、私は……,
d0e81a4acd55cfac60c2aa1bec155c08.bundle,篩選路線_見執行長,Say,イー･テイ,51,サイレントを存続させるためには、セラーの維持は必要不可欠だと思います。,
d0e81a4acd55cfac60c2aa1bec155c08.bundle,篩選路線_見執行長,Say,ロク･シュウ,62,納得のいく報告を用意すれば、自ずと資金は手に入る。わかったな？,
d0e81a4acd55cfac60c2aa1bec155c08.bundle,篩選路線_見執行長,Say,イー･テイ,52,わかりました。,
d0e81a4acd55cfac60c2aa1bec155c08.bundle,篩選路線_見執行長,Say,ロク･シュウ,63,よし。,
d0e81a4acd55cfac60c2aa1bec155c08.bundle,篩選路線_見執行長,Say,ロク･シュウ,64,では、私はもう行く。,
d0e81a4acd55cfac60c2aa1bec155c08.bundle,篩選路線_見執行長,Say,セイワ･ゲン,16,本社へですか？,
d0e81a4acd55cfac60c2aa1bec155c08.bundle,篩選路線_見執行長,Say,ロク･シュウ,65,ああ。,
d0e81a4acd55cfac60c2aa1bec155c08.bundle,篩選路線_見執行長,Say,セイワ･ゲン,17,なら専用のエレベーターにお乗りください。屋上に用意をしております。,
d0e81a4acd55cfac60c2aa1bec155c08.bundle,篩選路線_見執行長,Say,ロク･シュウ,66,ありがとう。,
d0e81a4acd55cfac60c2aa1bec155c08.bundle,篩選路線_見執行長,Say,ロク･シュウ,67,君は一緒に来ないのか？,
d0e81a4acd55cfac60c2aa1bec155c08.bundle,篩選路線_見執行長,Say,セイワ･ゲン,18,私はまだこの二人と話しがありますので。,
d0e81a4acd55cfac60c2aa1bec155c08.bundle,篩選路線_見執行長,Say,ロク･シュウ,68,わかった。,
d0e81a4acd55cfac60c2aa1bec155c08.bundle,篩選路線_回辦公室,Say,シンホン･ゴ,0,やあ、ジェイ。,
d0e81a4acd55cfac60c2aa1bec155c08.bundle,篩選路線_回辦公室,Say,イエホン･キュウ,0,よっ！ジェイ！,
d0e81a4acd55cfac60c2aa1bec155c08.bundle,篩選路線_回辦公室,Say,シンカ･シェ,0,リョウさんが帰って来ましたよ！,
d0e81a4acd55cfac60c2aa1bec155c08.bundle,篩選路線_回辦公室,Branch,#Simple,0,知ってますよ。,
d0e81a4acd55cfac60c2aa1bec155c08.bundle,篩選路線_回辦公室,Branch,#Simple,1,よかった。,
d0e81a4acd55cfac60c2aa1bec155c08.bundle,篩選路線_回辦公室,Branch,#Simple,2,……,
d0e81a4acd55cfac60c2aa1bec155c08.bundle,篩選路線_回辦公室,Say,シンホン･ゴ,1,まさかリョウさんが、あんなことをしていたなんて……,
d0e81a4acd55cfac60c2aa1bec155c08.bundle,篩選路線_回辦公室,Say,シンカ･シェ,1,リョウさんは供給者を救いたかっただけですよ、シンホン。,
d0e81a4acd55cfac60c2aa1bec155c08.bundle,篩選路線_回辦公室,Say,シンホン･ゴ,2,わ、わかってるよ……！,
d0e81a4acd55cfac60c2aa1bec155c08.bundle,篩選路線_回辦公室,Say,タイミン･ソウ,0,取締役や執行官との会話はすべてイーちゃんから聞きました……,
d0e81a4acd55cfac60c2aa1bec155c08.bundle,篩選路線_回辦公室,Say,イエホン･キュウ,1,つまり、工場は閉鎖されないってこと？,
d0e81a4acd55cfac60c2aa1bec155c08.bundle,篩選路線_回辦公室,Say,シンカ･シェ,2,それはまだわからないですよ！イーちゃんの報告で取締役会を説得できるとも限りませんし……,
d0e81a4acd55cfac60c2aa1bec155c08.bundle,篩選路線_回辦公室,Say,イエホン･キュウ,2,そんなに難しい話じゃないだろう？必要な資料は全部ここにあるわけだし。,
d0e81a4acd55cfac60c2aa1bec155c08.bundle,篩選路線_回辦公室,Say,タイミン･ソウ,1,問題は今日中ってことですね。,
d0e81a4acd55cfac60c2aa1bec155c08.bundle,篩選路線_回辦公室,Say,イエホン･キュウ,3,確かにめちゃくちゃ大変だよな……,
d0e81a4acd55cfac60c2aa1bec155c08.bundle,篩選路線_回辦公室,Say,イー･テイ,0,もう少しくらい僕を信じてよ。,
d0e81a4acd55cfac60c2aa1bec155c08.bundle,篩選路線_回辦公室,Say,シンカ･シェ,3,イーちゃん！,
d0e81a4acd55cfac60c2aa1bec155c08.bundle,篩選路線_回辦公室,Say,イエホン･キュウ,4,ヒーローのご帰還だ！,
d0e81a4acd55cfac60c2aa1bec155c08.bundle,篩選路線_回辦公室,Say,イー･テイ,1,ハハ、やめてよ！,
d0e81a4acd55cfac60c2aa1bec155c08.bundle,篩選路線_回辦公室,Say,イー･テイ,2,皆、もう状況がわかったと思うけど、今日が正念場だ。,
d0e81a4acd55cfac60c2aa1bec155c08.bundle,篩選路線_回辦公室,Say,イー･テイ,3,力を貸してくれ。,
d0e81a4acd55cfac60c2aa1bec155c08.bundle,篩選路線_回辦公室,Say,イー･テイ,4,ボーちゃんはデータを表にまとめて。,
d0e81a4acd55cfac60c2aa1bec155c08.bundle,篩選路線_回辦公室,Say,イエホン･キュウ,5,了解。,
d0e81a4acd55cfac60c2aa1bec155c08.bundle,篩選路線_回辦公室,Say,イー･テイ,5,シンカは過去3年分の供給者のリストを探してくれ。,
d0e81a4acd55cfac60c2aa1bec155c08.bundle,篩選路線_回辦公室,Say,シンカ･シェ,4,はい。,
d0e81a4acd55cfac60c2aa1bec155c08.bundle,篩選路線_回辦公室,Say,イー･テイ,6,リョウさんは……,
d0e81a4acd55cfac60c2aa1bec155c08.bundle,篩選路線_回辦公室,Say,チキョウ･リョウ,0,契約記録と供給者の資料をまとめた。,
d0e81a4acd55cfac60c2aa1bec155c08.bundle,篩選路線_回辦公室,Say,チキョウ･リョウ,1,採用コストに関してはまだ処理中だが、もうすぐで上がる。,
d0e81a4acd55cfac60c2aa1bec155c08.bundle,篩選路線_回辦公室,Say,イー･テイ,7,ありがとう。,
d0e81a4acd55cfac60c2aa1bec155c08.bundle,篩選路線_回辦公室,Say,タイミン･ソウ,2,僕は？,
d0e81a4acd55cfac60c2aa1bec155c08.bundle,篩選路線_回辦公室,Say,シンホン･ゴ,3,俺は？,
d0e81a4acd55cfac60c2aa1bec155c08.bundle,篩選路線_回辦公室,Say,イー･テイ,8,二人は本来の仕事に戻って。後で他のことを頼むから。,
d0e81a4acd55cfac60c2aa1bec155c08.bundle,篩選路線_回辦公室,Say,シンホン･ゴ,4,わかった。,
d0e81a4acd55cfac60c2aa1bec155c08.bundle,篩選路線_回辦公室,Say,イー･テイ,9,それとジェイ、ちょっとこっちに来て……,
d0e81a4acd55cfac60c2aa1bec155c08.bundle,篩選路線_回辦公室,Say,シュン･ゴ,0,<y>イー･テイ！</y>,
d0e81a4acd55cfac60c2aa1bec155c08.bundle,篩選路線_回辦公室,Say,イー･テイ,10,シュン･ゴ？,
d0e81a4acd55cfac60c2aa1bec155c08.bundle,篩選路線_回辦公室,Say,イー･テイ,11,待ってよ、どうしてここに……,
d0e81a4acd55cfac60c2aa1bec155c08.bundle,篩選路線_回辦公室,Say,シュン･ゴ,1,<y>自分が何をしているのかわかっているのですか？</y>,
d0e81a4acd55cfac60c2aa1bec155c08.bundle,篩選路線_回辦公室,Say,イー･テイ,12,落ち着いてくれ。,
d0e81a4acd55cfac60c2aa1bec155c08.bundle,篩選路線_回辦公室,Say,シュン･ゴ,2,このままサイレントを存続させれば、どれだけの人が死ぬのかわかっているのですか？,
d0e81a4acd55cfac60c2aa1bec155c08.bundle,篩選路線_回辦公室,Say,シュン･ゴ,3,あなたの無知により、多くの人が死にます。あなたは立派な殺人者ですよ！,
d0e81a4acd55cfac60c2aa1bec155c08.bundle,篩選路線_回辦公室,Say,イー･テイ,13,僕は誰かを殺したいわけじゃない。ちゃんと考えて……,
d0e81a4acd55cfac60c2aa1bec155c08.bundle,篩選路線_回辦公室,Say,シュン･ゴ,4,考える？これ以上、何を考える必要があるのですか？セラーはもうお終いなんです。何度言えばわかるのですか！,
d0e81a4acd55cfac60c2aa1bec155c08.bundle,篩選路線_回辦公室,Say,イー･テイ,14,僕が工場閉鎖を止められれば、取締役会からセラー改善の資金が下りる。,
d0e81a4acd55cfac60c2aa1bec155c08.bundle,篩選路線_回辦公室,Say,シュン･ゴ,5,改善？廃車も同然の車を修理して乗り続けるつもりですか？こんな場所は閉鎖するべきです！,
d0e81a4acd55cfac60c2aa1bec155c08.bundle,篩選路線_回辦公室,Say,イー･テイ,15,君はセラーの現状を深刻に見過ぎている。僕だってちゃんと……,
d0e81a4acd55cfac60c2aa1bec155c08.bundle,篩選路線_回辦公室,Say,シュン･ゴ,6,もうたくさんです！,
d0e81a4acd55cfac60c2aa1bec155c08.bundle,篩選路線_回辦公室,Say,イー･テイ,16,……,
d0e81a4acd55cfac60c2aa1bec155c08.bundle,篩選路線_回辦公室,Say,シュン･ゴ,7,……,
d0e81a4acd55cfac60c2aa1bec155c08.bundle,篩選路線_回辦公室,Say,シュン･ゴ,8,あなたのその考えが……,
d0e81a4acd55cfac60c2aa1bec155c08.bundle,篩選路線_回辦公室,Say,シュン･ゴ,9,表面的な部分を学習したくらいで、何がわかるというのですか？,
d0e81a4acd55cfac60c2aa1bec155c08.bundle,篩選路線_回辦公室,Say,シュン･ゴ,10,セラーがどれだけ複雑な技術を用いられているか……,
d0e81a4acd55cfac60c2aa1bec155c08.bundle,篩選路線_回辦公室,Say,シュン･ゴ,11,専門知識もないあなたに、少しの学習で何を判断できると言うのですか？,
d0e81a4acd55cfac60c2aa1bec155c08.bundle,篩選路線_回辦公室,Say,イー･テイ,17,人間は、判断できる生き物だ。ただ、判断の良し悪しは人それぞれなだけで……,
d0e81a4acd55cfac60c2aa1bec155c08.bundle,篩選路線_回辦公室,Say,シュン･ゴ,12,だからってセラーに関して、あなたが私より正しい判断ができると言いたいのですか？,
d0e81a4acd55cfac60c2aa1bec155c08.bundle,篩選路線_回辦公室,Say,イー･テイ,18,別にそういう意味じゃ……,
d0e81a4acd55cfac60c2aa1bec155c08.bundle,篩選路線_回辦公室,Say,シュン･ゴ,13,<y>じゃ、何が言いたいのですか！？</y>,
d0e81a4acd55cfac60c2aa1bec155c08.bundle,篩選路線_回辦公室,Say,イー･テイ,19,君の方が僕より専門家なのは間違いない。それはわかっているんだ……,
d0e81a4acd55cfac60c2aa1bec155c08.bundle,篩選路線_回辦公室,Say,シュン･ゴ,14,なら大人しく、私の言う通りにここを閉鎖しなさい。これ以上、自分勝手な行動をするのはやめてください！,
d0e81a4acd55cfac60c2aa1bec155c08.bundle,篩選路線_回辦公室,Say,イー･テイ,20,君は一度でも僕の意見を尊重したことがあったか？,
d0e81a4acd55cfac60c2aa1bec155c08.bundle,篩選路線_回辦公室,Say,イー･テイ,21,僕が気にしている問題に対して、君はちっとも興味を示さず、ただ従えと言うだけだ。,
d0e81a4acd55cfac60c2aa1bec155c08.bundle,篩選路線_回辦公室,Say,イー･テイ,22,例え君の判断の方が正しいとしても、僕の意見を尊重しない人の判断は信じない。,
d0e81a4acd55cfac60c2aa1bec155c08.bundle,篩選路線_回辦公室,Say,イー･テイ,23,君は僕の心配事を知ろうともしないし、気にもしない。そんな状況で君の判断に従えば、僕が望む結果になる保証がどこにあるんだ？,
d0e81a4acd55cfac60c2aa1bec155c08.bundle,篩選路線_回辦公室,Say,イー･テイ,24,ここの閉鎖にデメリットがなければ、僕だって喜んで賛同するよ……,
d0e81a4acd55cfac60c2aa1bec155c08.bundle,篩選路線_回辦公室,Say,イー･テイ,25,でもここを閉鎖することで、多くの人の生活を奪うことになる。,
d0e81a4acd55cfac60c2aa1bec155c08.bundle,篩選路線_回辦公室,Say,イー･テイ,26,供給者たちはまだしも、ここで働いている職員はどうなる？,
d0e81a4acd55cfac60c2aa1bec155c08.bundle,篩選路線_回辦公室,Say,シュン･ゴ,15,……,
d0e81a4acd55cfac60c2aa1bec155c08.bundle,篩選路線_回辦公室,Say,シュン･ゴ,16,それこそがあなたの本当の理由ですね。,
d0e81a4acd55cfac60c2aa1bec155c08.bundle,篩選路線_回辦公室,Say,イー･テイ,27,どういうこと？,
d0e81a4acd55cfac60c2aa1bec155c08.bundle,篩選路線_回辦公室,Say,シュン･ゴ,17,あなたの言う通り、私は一度もあなたが気にしていることを理解しようとはしなかった。,
d0e81a4acd55cfac60c2aa1bec155c08.bundle,篩選路線_回辦公室,Say,シュン･ゴ,18,あなたはいつも、マイナーたちが仕事を失うと口にしていましたが……,
d0e81a4acd55cfac60c2aa1bec155c08.bundle,篩選路線_回辦公室,Say,シュン･ゴ,19,結局は自分の部下が職を失うのが怖いだけですよね？,
d0e81a4acd55cfac60c2aa1bec155c08.bundle,篩選路線_回辦公室,Say,シュン･ゴ,20,あなたが工場閉鎖に賛成すれば、彼らはきっとあなたを恨む。,
d0e81a4acd55cfac60c2aa1bec155c08.bundle,篩選路線_回辦公室,Say,シュン･ゴ,21,あなたの性格ならよく知っていますよ。他人の目を必要以上に気にする。,
d0e81a4acd55cfac60c2aa1bec155c08.bundle,篩選路線_回辦公室,Say,シュン･ゴ,22,誰のひんしゅくも買わないように、嫌われないように振る舞いたいのですよね。,
d0e81a4acd55cfac60c2aa1bec155c08.bundle,篩選路線_回辦公室,Say,シュン･ゴ,23,あなたは正しいことをする勇気のない臆病者、ただのエゴの固まりです。,
d0e81a4acd55cfac60c2aa1bec155c08.bundle,篩選路線_回辦公室,Say,シュン･ゴ,24,供給者や貧困にあえぐ民を救いたいだなんて、ただの言い訳です。,
d0e81a4acd55cfac60c2aa1bec155c08.bundle,篩選路線_回辦公室,Say,シュン･ゴ,25,あなたは悪者になりたくないがために、誤った道を選ぼうとしている。,
d0e81a4acd55cfac60c2aa1bec155c08.bundle,篩選路線_回辦公室,Say,シュン･ゴ,26,自分が傷つくのが嫌だからと、より多くの人を傷つける道を選んでいるのです。,
d0e81a4acd55cfac60c2aa1bec155c08.bundle,篩選路線_回辦公室,Say,シュン･ゴ,27,可哀想な人ですね。,
d0e81a4acd55cfac60c2aa1bec155c08.bundle,篩選路線_回辦公室,Say,イー･テイ,28,……,
d0e81a4acd55cfac60c2aa1bec155c08.bundle,篩選路線_回辦公室,Say,シュン･ゴ,28,……,
d0e81a4acd55cfac60c2aa1bec155c08.bundle,篩選路線_回辦公室,Say,イー･テイ,29,もういいかな？,
d0e81a4acd55cfac60c2aa1bec155c08.bundle,篩選路線_回辦公室,Say,シュン･ゴ,29,シンカの件もそうですよね！,
d0e81a4acd55cfac60c2aa1bec155c08.bundle,篩選路線_回辦公室,Say,シュン･ゴ,30,どうしてあそこまで私を説得して、彼女を操作組で学ばせているのか、最初から気づいていましたよ。,
d0e81a4acd55cfac60c2aa1bec155c08.bundle,篩選路線_回辦公室,Say,イー･テイ,30,シュン･ゴ！,
d0e81a4acd55cfac60c2aa1bec155c08.bundle,篩選路線_回辦公室,Say,シュン･ゴ,31,あなたはあの時から、工場閉鎖後も自分の部下が路頭に迷わないように、手を回していたのですね。,
d0e81a4acd55cfac60c2aa1bec155c08.bundle,篩選路線_回辦公室,Say,イー･テイ,31,もう君の話はたくさんだよ。,
d0e81a4acd55cfac60c2aa1bec155c08.bundle,篩選路線_回辦公室,Say,シュン･ゴ,32,……,
d0e81a4acd55cfac60c2aa1bec155c08.bundle,篩選路線_回辦公室,Say,イー･テイ,32,君の言う通りさ。,
d0e81a4acd55cfac60c2aa1bec155c08.bundle,篩選路線_回辦公室,Say,イー･テイ,33,でも僕は本気で供給者たちを助けるつもりだ。これからサイレントを訪れる人も、すでにセラーにいる人もだ。,
d0e81a4acd55cfac60c2aa1bec155c08.bundle,篩選路線_回辦公室,Say,イー･テイ,34,君がセラーの改善は不可能だと考えていることはわかる。それに僕が君よりセラーのことを知っているとも思っていない。,
d0e81a4acd55cfac60c2aa1bec155c08.bundle,篩選路線_回辦公室,Say,イー･テイ,35,でもこのまま何の努力もせずに、諦めてしまうのは……,
d0e81a4acd55cfac60c2aa1bec155c08.bundle,篩選路線_回辦公室,Say,イー･テイ,36,それこそ責任逃れだと思う。,
d0e81a4acd55cfac60c2aa1bec155c08.bundle,篩選路線_回辦公室,Say,イー･テイ,37,君に何と言われようと、これが僕の考えだ。,
d0e81a4acd55cfac60c2aa1bec155c08.bundle,篩選路線_回辦公室,Say,イー･テイ,38,君がいくら怒鳴ろうと、邪魔をしようと、僕がやることは変わらない。,
d0e81a4acd55cfac60c2aa1bec155c08.bundle,篩選路線_回辦公室,Say,シュン･ゴ,33,……,
d0e81a4acd55cfac60c2aa1bec155c08.bundle,篩選路線_回辦公室,Say,イー･テイ,39,もう話が済んだなら、出て行ってくれ。,
d0e81a4acd55cfac60c2aa1bec155c08.bundle,篩選路線_回辦公室,Say,イー･テイ,40,僕たちは報告書を作らないといけないからね。,
d0e81a4acd55cfac60c2aa1bec155c08.bundle,篩選路線_回辦公室,Say,シュン･ゴ,34,……,
d0e81a4acd55cfac60c2aa1bec155c08.bundle,說服賴潔,Say,ジュジュ･ライ,0,よっ。,
d0e81a4acd55cfac60c2aa1bec155c08.bundle,說服賴潔,Say,ジュジュ･ライ,1,……,
d0e81a4acd55cfac60c2aa1bec155c08.bundle,說服賴潔,Say,ジュジュ･ライ,2,説得しに来たんでしょう？,
d0e81a4acd55cfac60c2aa1bec155c08.bundle,說服賴潔,Branch,#Simple,0,はい。,
d0e81a4acd55cfac60c2aa1bec155c08.bundle,說服賴潔,Branch,#Simple,1,どうしてわかったんですか？,
d0e81a4acd55cfac60c2aa1bec155c08.bundle,說服賴潔,Say,ジュジュ･ライ,3,あんたのチーフから届いた資料を見ればわかることよ。,
d0e81a4acd55cfac60c2aa1bec155c08.bundle,說服賴潔,Say,ジュジュ･ライ,4,……,
d0e81a4acd55cfac60c2aa1bec155c08.bundle,說服賴潔,Say,ジュジュ･ライ,5,はぁ……,
d0e81a4acd55cfac60c2aa1bec155c08.bundle,說服賴潔,Say,ジュジュ･ライ,6,あんたとこのチーフは、私に協力を求める意味を、ちゃんと理解しているのよね？,
d0e81a4acd55cfac60c2aa1bec155c08.bundle,說服賴潔,Branch,#Simple,2,彼は操作組の資料がほしいそうです。,
d0e81a4acd55cfac60c2aa1bec155c08.bundle,說服賴潔,Say,ジュジュ･ライ,7,それはわかってる。でも問題はそこじゃない。,
d0e81a4acd55cfac60c2aa1bec155c08.bundle,說服賴潔,Branch,#Simple,3,彼はあなたの能力を見込んで頼んでいます。,
d0e81a4acd55cfac60c2aa1bec155c08.bundle,說服賴潔,Say,ジュジュ･ライ,8,嬉しいこと言ってくれるじゃん。,
d0e81a4acd55cfac60c2aa1bec155c08.bundle,說服賴潔,Say,ジュジュ･ライ,9,イー･テイがあんたを寄越した理由はわかる。,
d0e81a4acd55cfac60c2aa1bec155c08.bundle,說服賴潔,Say,ジュジュ･ライ,10,もちろん、私の能力を見込んでってこともあるだろうけど……,
d0e81a4acd55cfac60c2aa1bec155c08.bundle,說服賴潔,Branch,#Simple,4,私には全くわかりません。,
d0e81a4acd55cfac60c2aa1bec155c08.bundle,說服賴潔,Say,ジュジュ･ライ,11,あら、素直ね。,
d0e81a4acd55cfac60c2aa1bec155c08.bundle,說服賴潔,Say,ジュジュ･ライ,12,じゃ、教える。,
d0e81a4acd55cfac60c2aa1bec155c08.bundle,說服賴潔,Say,ジュジュ･ライ,13,彼が本当に必要としているのは、シュン･ゴの代替品だよ。,
d0e81a4acd55cfac60c2aa1bec155c08.bundle,說服賴潔,Say,心の声,0,代替品……？,
d0e81a4acd55cfac60c2aa1bec155c08.bundle,說服賴潔,Say,ジュジュ･ライ,14,代替品って言い方は良くないか。オブラートに包めば、後釜ってことよ。,
d0e81a4acd55cfac60c2aa1bec155c08.bundle,說服賴潔,Say,ジュジュ･ライ,15,例え、イー･テイがサイレントの主導権を勝ち取ったとしても、操作組は必要でしょう？,
d0e81a4acd55cfac60c2aa1bec155c08.bundle,說服賴潔,Say,ジュジュ･ライ,16,私の推測が正しければ、イー･テイがマネージャーになったら、シュン･ゴはサイレントから離れると思う。,
d0e81a4acd55cfac60c2aa1bec155c08.bundle,說服賴潔,Say,ジュジュ･ライ,17,イー･テイは彼を引き止めるだろうけどね……,
d0e81a4acd55cfac60c2aa1bec155c08.bundle,說服賴潔,Say,心の声,1,だからシュン･ゴが選別組に乗り込んできたときも、イー･テイはあんなに……,
d0e81a4acd55cfac60c2aa1bec155c08.bundle,說服賴潔,Branch,#Simple,5,確かに彼は、シュン･ゴに協力を求めていました。,
d0e81a4acd55cfac60c2aa1bec155c08.bundle,說服賴潔,Branch,#Simple,6,あなたから資料をもらってきてほしいと言われただけです。,
d0e81a4acd55cfac60c2aa1bec155c08.bundle,說服賴潔,Branch,#Simple,7,……,
d0e81a4acd55cfac60c2aa1bec155c08.bundle,說服賴潔,Say,ジュジュ･ライ,18,正直ね、彼みたいな人の顔色を伺うやり方が嫌いなのよ。,
d0e81a4acd55cfac60c2aa1bec155c08.bundle,說服賴潔,Say,ジュジュ･ライ,19,いつも本当の目的を告げずに、遠回しに言う。,
d0e81a4acd55cfac60c2aa1bec155c08.bundle,說服賴潔,Say,ジュジュ･ライ,20,そのせいで、彼の部下は皆、彼が善人だと信じているんでしょう？,
d0e81a4acd55cfac60c2aa1bec155c08.bundle,說服賴潔,Branch,#Simple,8,それはあくまであなたの推測です。,
d0e81a4acd55cfac60c2aa1bec155c08.bundle,說服賴潔,Say,ジュジュ･ライ,21,あんたみたいに彼の肩を持つ人間はそうやって生まれてくるのよ。,
d0e81a4acd55cfac60c2aa1bec155c08.bundle,說服賴潔,Branch,#Simple,9,私はそうは思いません。,
d0e81a4acd55cfac60c2aa1bec155c08.bundle,說服賴潔,Branch,#Simple,10,彼の肩を持っているわけではありません。,
d0e81a4acd55cfac60c2aa1bec155c08.bundle,說服賴潔,Say,ジュジュ･ライ,22,いやいや、ちょっと待ってよ。私を説得しに来たんでしょう？,
d0e81a4acd55cfac60c2aa1bec155c08.bundle,說服賴潔,Say,ジュジュ･ライ,23,何で私たちで反論しあってるわけ？,
d0e81a4acd55cfac60c2aa1bec155c08.bundle,說服賴潔,Say,心の声,2,……,
d0e81a4acd55cfac60c2aa1bec155c08.bundle,說服賴潔,Branch,#Simple,11,……,
d0e81a4acd55cfac60c2aa1bec155c08.bundle,說服賴潔,Branch,#Simple,12,ノーコメントです。,
d0e81a4acd55cfac60c2aa1bec155c08.bundle,說服賴潔,Branch,#Simple,13,……,
d0e81a4acd55cfac60c2aa1bec155c08.bundle,說服賴潔,Say,ジュジュ･ライ,24,フンッ。,
d0e81a4acd55cfac60c2aa1bec155c08.bundle,說服賴潔,Say,ジュジュ･ライ,25,正直に言うとね、私……,
d0e81a4acd55cfac60c2aa1bec155c08.bundle,說服賴潔,Say,パン･ロウ,0,ジェイ！？,
d0e81a4acd55cfac60c2aa1bec155c08.bundle,說服賴潔,Say,パン･ロウ,1,よくものこのこと、ここに来れたな！,
d0e81a4acd55cfac60c2aa1bec155c08.bundle,說服賴潔,Branch,#Simple,14,どうして来てはいけないのですか？,
d0e81a4acd55cfac60c2aa1bec155c08.bundle,說服賴潔,Say,パン･ロウ,2,君はもう選別組の人間だろう？,
d0e81a4acd55cfac60c2aa1bec155c08.bundle,說服賴潔,Say,心の声,3,嫌な言い方だ。,
d0e81a4acd55cfac60c2aa1bec155c08.bundle,說服賴潔,Branch,#Simple,15,よっ、パンちゃん。,
d0e81a4acd55cfac60c2aa1bec155c08.bundle,說服賴潔,Say,パン･ロウ,3,やめろ！,
d0e81a4acd55cfac60c2aa1bec155c08.bundle,說服賴潔,Branch,#Simple,16,……,
d0e81a4acd55cfac60c2aa1bec155c08.bundle,說服賴潔,Say,パン･ロウ,4,シュンから聞いた。選別組のチーフはシュンを工場から追い出そうとしているんだろう？,
d0e81a4acd55cfac60c2aa1bec155c08.bundle,說服賴潔,Say,ジュジュ･ライ,26,そんなことないよ。,
d0e81a4acd55cfac60c2aa1bec155c08.bundle,說服賴潔,Say,パン･ロウ,5,シュンがそう言ったんだ！,
d0e81a4acd55cfac60c2aa1bec155c08.bundle,說服賴潔,Say,パン･ロウ,6,何の知識もないくせいに勝手な事ばっかりして、どういうつもりなんだ！,
d0e81a4acd55cfac60c2aa1bec155c08.bundle,說服賴潔,Branch,#Simple,17,おい、発言に気をつけろよ。,
d0e81a4acd55cfac60c2aa1bec155c08.bundle,說服賴潔,Say,ジュジュ･ライ,27,ちょっと、二人とも落ち着いて。,
d0e81a4acd55cfac60c2aa1bec155c08.bundle,說服賴潔,Say,パン･ロウ,7,ジュジュ、僕はわかったんだ。,
d0e81a4acd55cfac60c2aa1bec155c08.bundle,說服賴潔,Say,パン･ロウ,8,彼らみたいな人間は自分の世界のことしか考えてないんだ。,
d0e81a4acd55cfac60c2aa1bec155c08.bundle,說服賴潔,Branch,#Simple,18,選別組をよく知ったような口振りだな。,
d0e81a4acd55cfac60c2aa1bec155c08.bundle,說服賴潔,Say,パン･ロウ,9,ああ、知ってるさ。,
d0e81a4acd55cfac60c2aa1bec155c08.bundle,說服賴潔,Say,パン･ロウ,10,彼らは自分の業績にしか興味がない上に、マイナーの命を無下にするクソ野郎だ。,
d0e81a4acd55cfac60c2aa1bec155c08.bundle,說服賴潔,Branch,#Simple,19,何も知らないくせに、しゃしゃり出てくるな。,
d0e81a4acd55cfac60c2aa1bec155c08.bundle,說服賴潔,Say,パン･ロウ,11,<y>何だと！？</y>,
d0e81a4acd55cfac60c2aa1bec155c08.bundle,說服賴潔,Say,ジュジュ･ライ,28,<y>いい加減にしなさい！！！</y>,
d0e81a4acd55cfac60c2aa1bec155c08.bundle,說服賴潔,Say,ジュジュ･ライ,29,パン･ロウ、ジェイは私と話しているの。,
d0e81a4acd55cfac60c2aa1bec155c08.bundle,說服賴潔,Say,ジュジュ･ライ,30,邪魔するなら、どっか行きなさい。,
d0e81a4acd55cfac60c2aa1bec155c08.bundle,說服賴潔,Say,パン･ロウ,12,……,
d0e81a4acd55cfac60c2aa1bec155c08.bundle,說服賴潔,Say,パン･ロウ,13,フンッ……,
d0e81a4acd55cfac60c2aa1bec155c08.bundle,說服賴潔,Say,ジュジュ･ライ,31,……,
d0e81a4acd55cfac60c2aa1bec155c08.bundle,說服賴潔,Branch,#Simple,20,彼らが求めているのは業績だけじゃない。より多くの人を助けようとしている。,
d0e81a4acd55cfac60c2aa1bec155c08.bundle,說服賴潔,Say,パン･ロウ,14,多くの人をセラーに送り込んで、苦しませることが助けることなのか？,
d0e81a4acd55cfac60c2aa1bec155c08.bundle,說服賴潔,Branch,#Simple,21,その人たちにとっては、その苦しみが最後の救いだとしたら？,
d0e81a4acd55cfac60c2aa1bec155c08.bundle,說服賴潔,Say,パン･ロウ,15,何だって？,
d0e81a4acd55cfac60c2aa1bec155c08.bundle,說服賴潔,Branch,#Simple,22,彼らは自分と家族を食わせるために、供給をすることでお金を得ている。,
d0e81a4acd55cfac60c2aa1bec155c08.bundle,說服賴潔,Branch,#Simple,23,マイナーと話したことがないあんたたちには、わからないことだろうがな。,
d0e81a4acd55cfac60c2aa1bec155c08.bundle,說服賴潔,Say,パン･ロウ,16,僕は……,
d0e81a4acd55cfac60c2aa1bec155c08.bundle,說服賴潔,Say,パン･ロウ,17,……,
d0e81a4acd55cfac60c2aa1bec155c08.bundle,說服賴潔,Branch,#Simple,24,はいはい。あんたたちは天才で、それ以外は皆、クソ野郎ってことな。,
d0e81a4acd55cfac60c2aa1bec155c08.bundle,說服賴潔,Say,パン･ロウ,18,そうだ！,
d0e81a4acd55cfac60c2aa1bec155c08.bundle,說服賴潔,Branch,#Simple,25,イー･テイは状況を改善すべく頑張っています。,
d0e81a4acd55cfac60c2aa1bec155c08.bundle,說服賴潔,Say,パン･ロウ,19,頑張る？,
d0e81a4acd55cfac60c2aa1bec155c08.bundle,說服賴潔,Say,パン･ロウ,20,自分の業績にしか興味がないから、マイナーの命を何とも思っていないクソ野郎たちが、頑張るだって？,
d0e81a4acd55cfac60c2aa1bec155c08.bundle,說服賴潔,Branch,#Simple,26,選別組はここの状況を知ろうとしています。,
d0e81a4acd55cfac60c2aa1bec155c08.bundle,說服賴潔,Say,パン･ロウ,21,知ってもらわなくて結構だ。,
d0e81a4acd55cfac60c2aa1bec155c08.bundle,說服賴潔,Say,パン･ロウ,22,セラーについては僕たちの方がよく知っている。それだけの話だろう？,
d0e81a4acd55cfac60c2aa1bec155c08.bundle,說服賴潔,Say,パン･ロウ,23,大人しくこっちに従っていればいいだけのことが、そんなに難しいのか？,
d0e81a4acd55cfac60c2aa1bec155c08.bundle,說服賴潔,Branch,#Simple,27,その傲慢な態度に、誰が従うんだ？,
d0e81a4acd55cfac60c2aa1bec155c08.bundle,說服賴潔,Say,パン･ロウ,24,傲慢じゃなくて、「知識のないやつらは大人しくしてろ」ってだけだ。,
d0e81a4acd55cfac60c2aa1bec155c08.bundle,說服賴潔,Say,ジュジュ･ライ,32,私には傲慢に聞こえるけどね。,
d0e81a4acd55cfac60c2aa1bec155c08.bundle,說服賴潔,Say,パン･ロウ,25,君はどっちの味方なんだ？,
d0e81a4acd55cfac60c2aa1bec155c08.bundle,說服賴潔,Say,ジュジュ･ライ,33,正しい方の味方。,
d0e81a4acd55cfac60c2aa1bec155c08.bundle,說服賴潔,Say,パン･ロウ,26,いつも実現不可能な理想ばかり並べて、責任をぶん投げる彼らが正しいのか？,
d0e81a4acd55cfac60c2aa1bec155c08.bundle,說服賴潔,Branch,#Simple,28,責任をぶん投げる？あんたは一度でもマイナーと話したことがあるのか？,
d0e81a4acd55cfac60c2aa1bec155c08.bundle,說服賴潔,Say,パン･ロウ,27,それは……,
d0e81a4acd55cfac60c2aa1bec155c08.bundle,說服賴潔,Branch,#Simple,29,誰かが死ねば、遺族と話をするのは選別組だろ？,
d0e81a4acd55cfac60c2aa1bec155c08.bundle,說服賴潔,Say,パン･ロウ,28,……,
d0e81a4acd55cfac60c2aa1bec155c08.bundle,說服賴潔,Branch,#Simple,30,どちらの組にも苦労や責任が伴っていることをなぜわからないんだ？,
d0e81a4acd55cfac60c2aa1bec155c08.bundle,說服賴潔,Branch,#Simple,31,選別組は、自己の利益を優先させるクソ野郎じゃない。信じてくれ。,
d0e81a4acd55cfac60c2aa1bec155c08.bundle,說服賴潔,Say,パン･ロウ,29,……,
d0e81a4acd55cfac60c2aa1bec155c08.bundle,說服賴潔,Branch,#Simple,32,言い返す言葉もないのか？,
d0e81a4acd55cfac60c2aa1bec155c08.bundle,說服賴潔,Branch,#Simple,33,……,
d0e81a4acd55cfac60c2aa1bec155c08.bundle,說服賴潔,Branch,#Simple,34,ないんだろ？だったらいい加減なことを言わないでくれ。,
d0e81a4acd55cfac60c2aa1bec155c08.bundle,說服賴潔,Say,パン･ロウ,30,<y>はっ！？</y>,
d0e81a4acd55cfac60c2aa1bec155c08.bundle,說服賴潔,Branch,#Simple,35,お前らこそ自己中のクソ野郎だ！,
d0e81a4acd55cfac60c2aa1bec155c08.bundle,說服賴潔,Branch,#Simple,36,供給者が死んだ時に、遺族と話をするのは選別組だ。,
d0e81a4acd55cfac60c2aa1bec155c08.bundle,說服賴潔,Branch,#Simple,37,選別組だってちゃんと責任を負っている。,
d0e81a4acd55cfac60c2aa1bec155c08.bundle,說服賴潔,Say,パン･ロウ,31,そうか？,
d0e81a4acd55cfac60c2aa1bec155c08.bundle,說服賴潔,Say,パン･ロウ,32,自分の業績にしか興味がない、マイナーの命を何とも思っていないクソ野郎たちがか？,
d0e81a4acd55cfac60c2aa1bec155c08.bundle,說服賴潔,Branch,#Simple,38,まずは、自分たちの行動を反省したらどうなんだ？,
d0e81a4acd55cfac60c2aa1bec155c08.bundle,說服賴潔,Say,パン･ロウ,33,<y>どういう意味だ！？</y>,
d0e81a4acd55cfac60c2aa1bec155c08.bundle,說服賴潔,Branch,#Simple,39,あんたは傲慢なだけで、何もわかってないって言ってるんだ！,
d0e81a4acd55cfac60c2aa1bec155c08.bundle,說服賴潔,Say,パン･ロウ,34,お前、何様のつもりだ！,
d0e81a4acd55cfac60c2aa1bec155c08.bundle,說服賴潔,Branch,#Simple,40,あんたみたいな傲慢クソ野郎様とは違いますので。,
d0e81a4acd55cfac60c2aa1bec155c08.bundle,說服賴潔,Say,パン･ロウ,35,<y>このっ……！？</y>,
d0e81a4acd55cfac60c2aa1bec155c08.bundle,說服賴潔,Branch,#Simple,41,その傲慢な態度を改めないうちは、話にならないな。,
d0e81a4acd55cfac60c2aa1bec155c08.bundle,說服賴潔,Branch,#Simple,42,その傲慢な態度を改めないうちは、いくら話しても無駄だな。,
d0e81a4acd55cfac60c2aa1bec155c08.bundle,遇到吳俊恩,Say,心の声,0,あそこにいるのは、シュン･ゴ……,
d0e81a4acd55cfac60c2aa1bec155c08.bundle,遇到吳俊恩,Say,心の声,1,今彼に会うのは気まずいな……,
d0e81a4acd55cfac60c2aa1bec155c08.bundle,遇到吳俊恩,Say,シュン･ゴ,0,ジェイ･ダイ？,
d0e81a4acd55cfac60c2aa1bec155c08.bundle,遇到吳俊恩,Branch,#Simple,0,大丈夫ですか？,
d0e81a4acd55cfac60c2aa1bec155c08.bundle,遇到吳俊恩,Say,シュン･ゴ,1,……,
d0e81a4acd55cfac60c2aa1bec155c08.bundle,遇到吳俊恩,Say,シュン･ゴ,2,大丈夫じゃないですね。,
d0e81a4acd55cfac60c2aa1bec155c08.bundle,遇到吳俊恩,Say,シュン･ゴ,3,何か用ですか？,
d0e81a4acd55cfac60c2aa1bec155c08.bundle,遇到吳俊恩,Branch,#Simple,1,あなたのことが心配で。,
d0e81a4acd55cfac60c2aa1bec155c08.bundle,遇到吳俊恩,Branch,#Simple,2,本当にイー･テイに協力しないんですか？,
d0e81a4acd55cfac60c2aa1bec155c08.bundle,遇到吳俊恩,Say,シュン･ゴ,4,……,
d0e81a4acd55cfac60c2aa1bec155c08.bundle,遇到吳俊恩,Branch,#Simple,3,すみません。,
d0e81a4acd55cfac60c2aa1bec155c08.bundle,遇到吳俊恩,Say,シュン･ゴ,5,それは何の謝罪ですか？,
d0e81a4acd55cfac60c2aa1bec155c08.bundle,遇到吳俊恩,Branch,#Simple,4,イー･テイが勝ったことに対しての謝罪です。,
d0e81a4acd55cfac60c2aa1bec155c08.bundle,遇到吳俊恩,Say,シュン･ゴ,6,勝った……？,
d0e81a4acd55cfac60c2aa1bec155c08.bundle,遇到吳俊恩,Say,シュン･ゴ,7,私からしたら、二人とも負けたのです。,
d0e81a4acd55cfac60c2aa1bec155c08.bundle,遇到吳俊恩,Say,シュン･ゴ,8,私はこの工場が、これ以上の犠牲を出すことを止められなかった……,
d0e81a4acd55cfac60c2aa1bec155c08.bundle,遇到吳俊恩,Say,シュン･ゴ,9,彼も、この工場を存続させることでは、誰も助けられません。,
d0e81a4acd55cfac60c2aa1bec155c08.bundle,遇到吳俊恩,Say,シュン･ゴ,10,彼はまだ、そのことに気づいていないだけです。,
d0e81a4acd55cfac60c2aa1bec155c08.bundle,遇到吳俊恩,Branch,#Simple,5,私にもわかりません。,
d0e81a4acd55cfac60c2aa1bec155c08.bundle,遇到吳俊恩,Say,シュン･ゴ,11,……,
d0e81a4acd55cfac60c2aa1bec155c08.bundle,遇到吳俊恩,Branch,#Simple,6,あなたがすごい剣幕で怒っていたから。,
d0e81a4acd55cfac60c2aa1bec155c08.bundle,遇到吳俊恩,Say,シュン･ゴ,12,……,
d0e81a4acd55cfac60c2aa1bec155c08.bundle,遇到吳俊恩,Say,シュン･ゴ,13,謝るのは私の方です。言い過ぎました。,
d0e81a4acd55cfac60c2aa1bec155c08.bundle,遇到吳俊恩,Say,シュン･ゴ,14,……,
d0e81a4acd55cfac60c2aa1bec155c08.bundle,遇到吳俊恩,Say,シュン･ゴ,15,でも、間違ったことは言っていません。,
d0e81a4acd55cfac60c2aa1bec155c08.bundle,遇到吳俊恩,Branch,#Simple,7,さっきのは酷かったですね。,
d0e81a4acd55cfac60c2aa1bec155c08.bundle,遇到吳俊恩,Branch,#Simple,8,シュン･ゴ。,
d0e81a4acd55cfac60c2aa1bec155c08.bundle,遇到吳俊恩,Say,シュン･ゴ,16,……,
d0e81a4acd55cfac60c2aa1bec155c08.bundle,遇到吳俊恩,Say,シュン･ゴ,17,失礼します。,
d0e81a4acd55cfac60c2aa1bec155c08.bundle,遇到吳俊恩,Branch,#Simple,9,待ってください。,
d0e81a4acd55cfac60c2aa1bec155c08.bundle,遇到吳俊恩,Say,シュン･ゴ,18,……,
d0e81a4acd55cfac60c2aa1bec155c08.bundle,遇到吳俊恩,Branch,#Simple,10,……,
d0e81a4acd55cfac60c2aa1bec155c08.bundle,遇到吳俊恩,Say,シュン･ゴ,19,……,
d0e81a4acd55cfac60c2aa1bec155c08.bundle,遇到吳俊恩,Say,シュン･ゴ,20,ジェイ･ダイ、どうして……,
d0e81a4acd55cfac60c2aa1bec155c08.bundle,遇到吳俊恩,Say,シュン･ゴ,21,……,
d0e81a4acd55cfac60c2aa1bec155c08.bundle,遇到吳俊恩,Say,シュン･ゴ,22,……どうしてあなたたちはわかってくれないのですか？,
d0e81a4acd55cfac60c2aa1bec155c08.bundle,遇到吳俊恩,Say,シュン･ゴ,23,私にはそれが理解できません。,
d0e81a4acd55cfac60c2aa1bec155c08.bundle,遇到吳俊恩,Say,シュン･ゴ,24,なぜイー･テイはあそこまで目が眩んでしまったのですか？,
d0e81a4acd55cfac60c2aa1bec155c08.bundle,遇到吳俊恩,Branch,#Simple,11,彼は本気でセラーについて学んでいましたよ。,
d0e81a4acd55cfac60c2aa1bec155c08.bundle,遇到吳俊恩,Say,シュン･ゴ,25,そうかもしれませんが、だからと言って、何が変わるのですか？,
d0e81a4acd55cfac60c2aa1bec155c08.bundle,遇到吳俊恩,Say,シュン･ゴ,26,彼がいくら学んだところで、その分野を専門としている人間には敵いません。,
d0e81a4acd55cfac60c2aa1bec155c08.bundle,遇到吳俊恩,Branch,#Simple,12,彼は専門としている人から意見を聞いていました。,
d0e81a4acd55cfac60c2aa1bec155c08.bundle,遇到吳俊恩,Say,シュン･ゴ,27,何ですって？誰ですか？,
d0e81a4acd55cfac60c2aa1bec155c08.bundle,遇到吳俊恩,Branch,#Simple,13,わかりません。,
d0e81a4acd55cfac60c2aa1bec155c08.bundle,遇到吳俊恩,Branch,#Simple,14,言えません。,
d0e81a4acd55cfac60c2aa1bec155c08.bundle,遇到吳俊恩,Say,シュン･ゴ,28,操作組の誰かですか？,
d0e81a4acd55cfac60c2aa1bec155c08.bundle,遇到吳俊恩,Say,シュン･ゴ,29,なんてことを……,
d0e81a4acd55cfac60c2aa1bec155c08.bundle,遇到吳俊恩,Say,心の声,2,……かなり怒っているようだ。,
d0e81a4acd55cfac60c2aa1bec155c08.bundle,遇到吳俊恩,Branch,#Simple,15,ジュジュ･ライです。,
d0e81a4acd55cfac60c2aa1bec155c08.bundle,遇到吳俊恩,Branch,#Simple,16,確かにそうですね。,
d0e81a4acd55cfac60c2aa1bec155c08.bundle,遇到吳俊恩,Say,シュン･ゴ,30,ならどうして工場を存続させたいのですか？,
d0e81a4acd55cfac60c2aa1bec155c08.bundle,遇到吳俊恩,Branch,#Simple,17,彼はジュジュから意見をもらってました。,
d0e81a4acd55cfac60c2aa1bec155c08.bundle,遇到吳俊恩,Say,シュン･ゴ,31,ジュジュが！？,
d0e81a4acd55cfac60c2aa1bec155c08.bundle,遇到吳俊恩,Say,シュン･ゴ,32,そんな……,
d0e81a4acd55cfac60c2aa1bec155c08.bundle,遇到吳俊恩,Say,心の声,3,驚きと怒りの感情が伝わってくる。,
d0e81a4acd55cfac60c2aa1bec155c08.bundle,遇到吳俊恩,Say,心の声,4,少し落ち込んでもいるようだ……,
d0e81a4acd55cfac60c2aa1bec155c08.bundle,遇到吳俊恩,Say,シュン･ゴ,33,なるほど……,
d0e81a4acd55cfac60c2aa1bec155c08.bundle,遇到吳俊恩,Branch,#Simple,18,今ならイー･テイを信じてもらえますか？,
d0e81a4acd55cfac60c2aa1bec155c08.bundle,遇到吳俊恩,Say,シュン･ゴ,34,正直な話、ジュジュのことが信じられなくなりました。,
d0e81a4acd55cfac60c2aa1bec155c08.bundle,遇到吳俊恩,Say,心の声,5,ジュジュのことを言うべきじゃなかったかもしれない……,
d0e81a4acd55cfac60c2aa1bec155c08.bundle,遇到吳俊恩,Say,シュン･ゴ,35,彼は、私がコミュニケーションを取りたがらないから、裏で私の部下に連絡を取ったと言うでしょうね。,
d0e81a4acd55cfac60c2aa1bec155c08.bundle,遇到吳俊恩,Branch,#Simple,19,あなたが彼と話したがらないからです。,
d0e81a4acd55cfac60c2aa1bec155c08.bundle,遇到吳俊恩,Say,シュン･ゴ,36,またそれですか……,
d0e81a4acd55cfac60c2aa1bec155c08.bundle,遇到吳俊恩,Say,シュン･ゴ,37,話をするのにも、時間が消費されるんです。,
d0e81a4acd55cfac60c2aa1bec155c08.bundle,遇到吳俊恩,Say,シュン･ゴ,38,彼に費やした時間で、どれだけの仕事をできると思います？,
d0e81a4acd55cfac60c2aa1bec155c08.bundle,遇到吳俊恩,Say,シュン･ゴ,39,コミュニケーションを取りたくないのではなく、その分野に精通する人間への信頼が足りないコミュニケーションが嫌なだけです。,
d0e81a4acd55cfac60c2aa1bec155c08.bundle,遇到吳俊恩,Say,シュン･ゴ,40,何を言っても疑ってこられては、こちらも説得に労力を費やさないといけない……,
d0e81a4acd55cfac60c2aa1bec155c08.bundle,遇到吳俊恩,Say,シュン･ゴ,41,効率が悪いだけの意義のないコミュニケーションを続けろと言うのですか？,
d0e81a4acd55cfac60c2aa1bec155c08.bundle,遇到吳俊恩,Say,心の声,6,彼の話にも一理ある……,
d0e81a4acd55cfac60c2aa1bec155c08.bundle,遇到吳俊恩,Branch,#Simple,20,……,
d0e81a4acd55cfac60c2aa1bec155c08.bundle,遇到吳俊恩,Say,シュン･ゴ,42,もう私はうんざりなんです。あなたたちは皆……,
d0e81a4acd55cfac60c2aa1bec155c08.bundle,遇到吳俊恩,Say,シュン･ゴ,43,善人で居続けることだけを考えているから、現実を見ようとしない！ただの理想主義者です！,
d0e81a4acd55cfac60c2aa1bec155c08.bundle,遇到吳俊恩,Say,シュン･ゴ,44,時に、無知は大きな害をもたらす……,
d0e81a4acd55cfac60c2aa1bec155c08.bundle,遇到吳俊恩,Say,シュン･ゴ,45,今になって、やっとこの言葉の意味を理解しましたよ。,
d0e81a4acd55cfac60c2aa1bec155c08.bundle,遇到吳俊恩,Say,シュン･ゴ,46,あなたたちは、人を殺めているにも関わらず、それを自覚しないバカ野郎です……,
d0e81a4acd55cfac60c2aa1bec155c08.bundle,遇到吳俊恩,Branch,#Simple,21,あなたは可哀想な人ですね。,
d0e81a4acd55cfac60c2aa1bec155c08.bundle,遇到吳俊恩,Say,シュン･ゴ,47,……これからあなたたちに殺されるマイナーの方が可哀想ですよ。,
d0e81a4acd55cfac60c2aa1bec155c08.bundle,遇到吳俊恩,Branch,#Simple,22,そう思いたいなら、勝手にしてください。,
d0e81a4acd55cfac60c2aa1bec155c08.bundle,遇到吳俊恩,Say,シュン･ゴ,48,……,
d0e81a4acd55cfac60c2aa1bec155c08.bundle,遇到吳俊恩,Branch,#Simple,23,シュン･ゴ。あなたが落ち込んで、気が滅入っていることは理解しています。,
d0e81a4acd55cfac60c2aa1bec155c08.bundle,遇到吳俊恩,Say,シュン･ゴ,49,……,
d0e81a4acd55cfac60c2aa1bec155c08.bundle,遇到吳俊恩,Branch,#Simple,24,でも自暴自棄になったところで、なにも変えられません。,
d0e81a4acd55cfac60c2aa1bec155c08.bundle,遇到吳俊恩,Say,シュン･ゴ,50,今更何を変えろと言うのですか？,
d0e81a4acd55cfac60c2aa1bec155c08.bundle,遇到吳俊恩,Say,シュン･ゴ,51,もうイー･テイの勝ちで勝負は決まったはずですよ。,
d0e81a4acd55cfac60c2aa1bec155c08.bundle,遇到吳俊恩,Branch,#Simple,25,彼は、あなたと協力関係を築こうとしています。,
d0e81a4acd55cfac60c2aa1bec155c08.bundle,遇到吳俊恩,Say,シュン･ゴ,52,彼は私を支配したいだけですよ……,
d0e81a4acd55cfac60c2aa1bec155c08.bundle,遇到吳俊恩,Branch,#Simple,26,あなたの能力を信頼しているから、あなたを必要としているんです。,
d0e81a4acd55cfac60c2aa1bec155c08.bundle,遇到吳俊恩,Branch,#Simple,27,イー･テイをそういう人だと思ってるんですか？,
d0e81a4acd55cfac60c2aa1bec155c08.bundle,遇到吳俊恩,Say,シュン･ゴ,53,……思っていません。,
d0e81a4acd55cfac60c2aa1bec155c08.bundle,遇到吳俊恩,Branch,#Simple,28,……,
d0e81a4acd55cfac60c2aa1bec155c08.bundle,遇到吳俊恩,Say,シュン･ゴ,54,……,
d0e81a4acd55cfac60c2aa1bec155c08.bundle,遇到吳俊恩,Branch,#Simple,29,勝ち負けの話ではないと思います。,
d0e81a4acd55cfac60c2aa1bec155c08.bundle,遇到吳俊恩,Say,シュン･ゴ,55,そうですね……,
d0e81a4acd55cfac60c2aa1bec155c08.bundle,遇到吳俊恩,Say,シュン･ゴ,56,彼は勝ったつもりがないかもしれませんが、私は確実に負けました。,
d0e81a4acd55cfac60c2aa1bec155c08.bundle,遇到吳俊恩,Say,シュン･ゴ,57,もうあなたたちが工場を間違った方向を導くのを見ているしかありません……,
d0e81a4acd55cfac60c2aa1bec155c08.bundle,遇到吳俊恩,Branch,#Simple,30,あなたがイー･テイと協力し合えば、別の結果に導けるかもしれません。,
d0e81a4acd55cfac60c2aa1bec155c08.bundle,遇到吳俊恩,Say,シュン･ゴ,58,……,
d0e81a4acd55cfac60c2aa1bec155c08.bundle,遇到吳俊恩,Say,シュン･ゴ,59,どうでしょうね。私は足掻いても無意味だと思います。,
d0e81a4acd55cfac60c2aa1bec155c08.bundle,遇到吳俊恩,Say,シュン･ゴ,60,工場閉鎖こそが、唯一の正解だと私は思っているのです。,
d0e81a4acd55cfac60c2aa1bec155c08.bundle,遇到吳俊恩,Say,シュン･ゴ,61,例え彼に協力したとしても、私は工場閉鎖を繰り返し訴えるだけです。,
d0e81a4acd55cfac60c2aa1bec155c08.bundle,遇到吳俊恩,Branch,#Simple,31,それなら確かに無意味ですね。,
d0e81a4acd55cfac60c2aa1bec155c08.bundle,遇到吳俊恩,Say,シュン･ゴ,62,ええ。,
d0e81a4acd55cfac60c2aa1bec155c08.bundle,遇到吳俊恩,Branch,#Simple,32,彼の考えを聞いたことがありますか？,
d0e81a4acd55cfac60c2aa1bec155c08.bundle,遇到吳俊恩,Say,シュン･ゴ,63,……いいえ。,
d0e81a4acd55cfac60c2aa1bec155c08.bundle,遇到吳俊恩,Branch,#Simple,33,あなたはもっと、ゆっくりと時間をかけてイー･テイを理解すべきだと思います。,
d0e81a4acd55cfac60c2aa1bec155c08.bundle,遇到吳俊恩,Say,シュン･ゴ,64,むしろ私は、彼に時間をかけすぎていると思いますが……,
d0e81a4acd55cfac60c2aa1bec155c08.bundle,遇到吳俊恩,Say,シュン･ゴ,65,……,
d0e81a4acd55cfac60c2aa1bec155c08.bundle,遇到吳俊恩,Say,シュン･ゴ,66,……とにかく、今はもうその話はしたくありません。,
d0e81a4acd55cfac60c2aa1bec155c08.bundle,遇到吳俊恩,Say,心の声,7,……,
d0e81a4acd55cfac60c2aa1bec155c08.bundle,遇到吳俊恩,Branch,#Simple,34,彼はいつもあなたの話に耳を傾けていたはずです。,
d0e81a4acd55cfac60c2aa1bec155c08.bundle,遇到吳俊恩,Say,シュン･ゴ,67,それは……,
d0e81a4acd55cfac60c2aa1bec155c08.bundle,遇到吳俊恩,Say,シュン･ゴ,68,少し、一人で考えさせてください。,
d0e81a4acd55cfac60c2aa1bec155c08.bundle,遇到吳俊恩,Branch,#Simple,35,……,
d0e81a4acd55cfac60c2aa1bec155c08.bundle,遇到吳俊恩,Say,シュン･ゴ,69,……,
d0e81a4acd55cfac60c2aa1bec155c08.bundle,遇到吳俊恩,Branch,#Simple,36,……,
d0e81a4acd55cfac60c2aa1bec155c08.bundle,遇到吳俊恩,Say,シュン･ゴ,70,それと、ジェイ……,
d0e81a4acd55cfac60c2aa1bec155c08.bundle,遇到吳俊恩,Say,シュン･ゴ,71,さっきは言い過ぎました。ごめんなさい。,
d0e81a4acd55cfac60c2aa1bec155c08.bundle,遇到吳俊恩,Say,シュン･ゴ,72,……,
d0e81a4acd55cfac60c2aa1bec155c08.bundle,遇到吳俊恩,Branch,#Simple,37,あなたは本当に、イー･テイがここを破滅させると思っているのですか？,
d0e81a4acd55cfac60c2aa1bec155c08.bundle,遇到吳俊恩,Say,シュン･ゴ,73,……,
d0e81a4acd55cfac60c2aa1bec155c08.bundle,遇到吳俊恩,Say,シュン･ゴ,74,そうならないように、彼は尽力を尽くすと思いますが、失敗に終わるでしょうね。,
d0e81a4acd55cfac60c2aa1bec155c08.bundle,遇到吳俊恩,Branch,#Simple,38,あなたが手助けをしてあげないからですよ。,
d0e81a4acd55cfac60c2aa1bec155c08.bundle,遇到吳俊恩,Branch,#Simple,39,正直に言うと、あなたのそのネガティブな態度はおかしいと思います。,
d0e81a4acd55cfac60c2aa1bec155c08.bundle,遇到吳俊恩,Say,シュン･ゴ,75,もう、そんなのはどうでも良いんですよ。,
d0e81a4acd55cfac60c2aa1bec155c08.bundle,遇到吳俊恩,Branch,#Simple,40,……,
d0e81a4acd55cfac60c2aa1bec155c08.bundle,遇到吳俊恩,Branch,#Simple,41,……,
d0e81a4acd55cfac60c2aa1bec155c08.bundle,遇到吳俊恩,Branch,#Simple,42,彼のことをもう少し尊重すべきだと思います。,
d0e81a4acd55cfac60c2aa1bec155c08.bundle,遇到吳俊恩,Say,シュン･ゴ,76,……,
d0e81a4acd55cfac60c2aa1bec155c08.bundle,遇到吳俊恩,Say,シュン･ゴ,77,すみません。,
d0e81a4acd55cfac60c2aa1bec155c08.bundle,遇到吳俊恩,Say,シュン･ゴ,78,さっきは言い過ぎました。,
d0e81a4acd55cfac60c2aa1bec155c08.bundle,遇到吳俊恩,Branch,#Simple,43,……,
d0e81a4acd55cfac60c2aa1bec155c08.bundle,遇到吳俊恩,Branch,#Simple,44,……,
d0e81a4acd55cfac60c2aa1bec155c08.bundle,遇到吳俊恩,Say,シュン･ゴ,79,では、私はこれで失礼します。,
d0e81a4acd55cfac60c2aa1bec155c08.bundle,遇到吳俊恩,Branch,#Simple,45,はい。,
d0e81a4acd55cfac60c2aa1bec155c08.bundle,遇到吳俊恩,Branch,#Simple,46,……,
d0e81a4acd55cfac60c2aa1bec155c08.bundle,篩選:談失敗以後芳通話,Say,リン･テイ,0,やっちゃったね。これが最後のチャンスだったのに……,
d0e81a4acd55cfac60c2aa1bec155c08.bundle,篩選:談失敗以後芳通話,Branch,#Simple,0,すまない。,
d0e81a4acd55cfac60c2aa1bec155c08.bundle,篩選:談失敗以後芳通話,Say,リン･テイ,1,落ち込まないで、ジェイ。,
d0e81a4acd55cfac60c2aa1bec155c08.bundle,篩選:談失敗以後芳通話,Branch,#Simple,1,リュウセイの方はどうだ？,
d0e81a4acd55cfac60c2aa1bec155c08.bundle,篩選:談失敗以後芳通話,Branch,#Simple,2,……,
d0e81a4acd55cfac60c2aa1bec155c08.bundle,篩選:談失敗以後芳通話,Say,リン･テイ,2,リュウセイの面談は順調よ。,
d0e81a4acd55cfac60c2aa1bec155c08.bundle,篩選:談失敗以後芳通話,Say,リン･テイ,3,少なくとも、一人からは話を聞けそうね。,
d0e81a4acd55cfac60c2aa1bec155c08.bundle,篩選:談失敗以後芳通話,Branch,#Simple,3,俺はこれからどうすればいいんだ？,
d0e81a4acd55cfac60c2aa1bec155c08.bundle,篩選:談失敗以後芳通話,Branch,#Simple,4,俺が失敗したことをスイ･ニンたちに報告するのか？,
d0e81a4acd55cfac60c2aa1bec155c08.bundle,篩選:談失敗以後芳通話,Say,リン･テイ,4,うん。まずは彼女たちに知らせようと思う。,
d0e81a4acd55cfac60c2aa1bec155c08.bundle,篩選:談失敗以後芳通話,Branch,#Simple,5,……,
d0e81a4acd55cfac60c2aa1bec155c08.bundle,篩選:談失敗以後芳通話,Say,リン･テイ,5,……後は契約の時間まで待つしかないね。,
d0e81a4acd55cfac60c2aa1bec155c08.bundle,篩選:談失敗以後芳通話,Say,リン･テイ,6,あれ？,
d0e81a4acd55cfac60c2aa1bec155c08.bundle,篩選:談失敗以後芳通話,Say,リン･テイ,7,誰かから通信が来てるみたい。繋げるね。,
d0e81a4acd55cfac60c2aa1bec155c08.bundle,篩選:談失敗以後芳通話,Say,イー･テイ,0,もしもし、ジェイ？,
d0e81a4acd55cfac60c2aa1bec155c08.bundle,篩選:談失敗以後芳通話,Say,心の声,0,かなり焦っているようだ……,
d0e81a4acd55cfac60c2aa1bec155c08.bundle,篩選:談失敗以後芳通話,Branch,#Simple,6,はい。,
d0e81a4acd55cfac60c2aa1bec155c08.bundle,篩選:談失敗以後芳通話,Branch,#Simple,7,どうしましたか？,
d0e81a4acd55cfac60c2aa1bec155c08.bundle,篩選:談失敗以後芳通話,Say,イー･テイ,1,ごめん、実は緊急の用があるんだ。,
d0e81a4acd55cfac60c2aa1bec155c08.bundle,篩選:談失敗以後芳通話,Say,イー･テイ,2,どこかで会えないかな？,
d0e81a4acd55cfac60c2aa1bec155c08.bundle,篩選:談失敗以後芳通話,Say,イー･テイ,3,えっとね……,
d0e81a4acd55cfac60c2aa1bec155c08.bundle,篩選:談失敗以後芳通話,Say,イー･テイ,4,一回オフィスに来てくれないかな？君の席に行くから。,
d0e81a4acd55cfac60c2aa1bec155c08.bundle,篩選:談失敗以後芳通話,Say,イー･テイ,5,じゃ、後でね。,
d0e81a4acd55cfac60c2aa1bec155c08.bundle,篩選:談失敗以後芳通話,Say,心の声,1,切られた……,
d0e81a4acd55cfac60c2aa1bec155c08.bundle,篩選:談失敗以後芳通話,Say,リン･テイ,8,ジェイ、まずはイー･テイチーフの用事を済ませようか。,
d0e81a4acd55cfac60c2aa1bec155c08.bundle,篩選:談失敗以後芳通話,Say,リン･テイ,9,どうせ契約まで、まだ時間があるし、スイさんたちもまだ帰ってきてないから。,
d0e81a4acd55cfac60c2aa1bec155c08.bundle,篩選:談失敗以後芳通話,Say,心の声,2,……そうするしかないか。,
d0e81a4acd55cfac60c2aa1bec155c08.bundle,說服謝采欣,Say,シンカ･シェ,0,ジェイの兄貴……？,
d0e81a4acd55cfac60c2aa1bec155c08.bundle,說服謝采欣,Say,シンカ･シェ,1,あ、違くて、ジェイさん。どうしましたか？,
d0e81a4acd55cfac60c2aa1bec155c08.bundle,說服謝采欣,Say,シンカ･シェ,2,ごめんなさい。リュウセイに影響されちゃって、ハハハ……,
d0e81a4acd55cfac60c2aa1bec155c08.bundle,說服謝采欣,Branch,#Simple,0,ハハ、好きに呼んでくれて構わない。,
d0e81a4acd55cfac60c2aa1bec155c08.bundle,說服謝采欣,Say,シンカ･シェ,3,あ、はい……,
d0e81a4acd55cfac60c2aa1bec155c08.bundle,說服謝采欣,Branch,#Simple,1,今、空いているか？,
d0e81a4acd55cfac60c2aa1bec155c08.bundle,說服謝采欣,Say,シンカ･シェ,4,はい。,
d0e81a4acd55cfac60c2aa1bec155c08.bundle,說服謝采欣,Branch,#Simple,2,……,
d0e81a4acd55cfac60c2aa1bec155c08.bundle,說服謝采欣,Say,心の声,0,真面目な表情になった。,
d0e81a4acd55cfac60c2aa1bec155c08.bundle,說服謝采欣,Say,シンカ･シェ,5,シュンさんに頼まれて来たんですか？,
d0e81a4acd55cfac60c2aa1bec155c08.bundle,說服謝采欣,Branch,#Simple,3,どうしてわかったんだ？,
d0e81a4acd55cfac60c2aa1bec155c08.bundle,說服謝采欣,Say,シンカ･シェ,6,多分そうかなと思って。,
d0e81a4acd55cfac60c2aa1bec155c08.bundle,說服謝采欣,Branch,#Simple,4,ああ。,
d0e81a4acd55cfac60c2aa1bec155c08.bundle,說服謝采欣,Say,シンカ･シェ,7,そうですか……,
d0e81a4acd55cfac60c2aa1bec155c08.bundle,說服謝采欣,Say,シンカ･シェ,8,……場所、変えましょうか。,
d0e81a4acd55cfac60c2aa1bec155c08.bundle,說服謝采欣,Branch,#Simple,5,ああ。,
d0e81a4acd55cfac60c2aa1bec155c08.bundle,說服謝采欣,Branch,#Simple,6,これから話す内容もわかっているのか？,
d0e81a4acd55cfac60c2aa1bec155c08.bundle,說服謝采欣,Say,シンカ･シェ,9,大体は予想がつきます。,
d0e81a4acd55cfac60c2aa1bec155c08.bundle,說服謝采欣,Say,シンカ･シェ,10,給湯室で話しましょう。,
d0e81a4acd55cfac60c2aa1bec155c08.bundle,說服謝采欣,Say,イエホン･キュウ,0,あれ、ジェイ？,
d0e81a4acd55cfac60c2aa1bec155c08.bundle,說服謝采欣,Say,イエホン･キュウ,1,何でここに？,
d0e81a4acd55cfac60c2aa1bec155c08.bundle,說服謝采欣,Branch,#Simple,7,いや、ちょっと工場内を見て回ってただけだ。,
d0e81a4acd55cfac60c2aa1bec155c08.bundle,說服謝采欣,Say,イエホン･キュウ,2,へぇ……,
d0e81a4acd55cfac60c2aa1bec155c08.bundle,說服謝采欣,Branch,#Simple,8,シンカに用事があるんだ。,
d0e81a4acd55cfac60c2aa1bec155c08.bundle,說服謝采欣,Say,イエホン･キュウ,3,どんな用事？,
d0e81a4acd55cfac60c2aa1bec155c08.bundle,說服謝采欣,Say,シンカ･シェ,11,それはボーちゃんには関係のないことだ。,
d0e81a4acd55cfac60c2aa1bec155c08.bundle,說服謝采欣,Say,イエホン･キュウ,4,ふーん……,
d0e81a4acd55cfac60c2aa1bec155c08.bundle,說服謝采欣,Say,シンカ･シェ,12,行きましょう、ジェイ。,
d0e81a4acd55cfac60c2aa1bec155c08.bundle,胖胖指引路,Say,心の声,0,あれは……,
d0e81a4acd55cfac60c2aa1bec155c08.bundle,胖胖指引路,Say,心の声,1,……パン･ロウ？,
d0e81a4acd55cfac60c2aa1bec155c08.bundle,胖胖指引路,Say,パン･ロウ,0,<y>うわぁああ！？</y>,
d0e81a4acd55cfac60c2aa1bec155c08.bundle,胖胖指引路,Say,パン･ロウ,1,ジェ、ジェイ･ダイ！？,
d0e81a4acd55cfac60c2aa1bec155c08.bundle,胖胖指引路,Say,心の声,2,驚きすぎじゃないか？,
d0e81a4acd55cfac60c2aa1bec155c08.bundle,胖胖指引路,Branch,#Simple,0,よっ、パンちゃん。,
d0e81a4acd55cfac60c2aa1bec155c08.bundle,胖胖指引路,Say,パン･ロウ,2,な、なんだよ……？,
d0e81a4acd55cfac60c2aa1bec155c08.bundle,胖胖指引路,Say,心の声,3,俺にあだ名で呼ばれるのが、慣れてないみたいだ。,
d0e81a4acd55cfac60c2aa1bec155c08.bundle,胖胖指引路,Branch,#Simple,1,こんにちは、パン･ロウ。,
d0e81a4acd55cfac60c2aa1bec155c08.bundle,胖胖指引路,Say,パン･ロウ,3,えっと、どうしたんだ……？,
d0e81a4acd55cfac60c2aa1bec155c08.bundle,胖胖指引路,Branch,#Simple,2,こんなところで何をしているんですか？,
d0e81a4acd55cfac60c2aa1bec155c08.bundle,胖胖指引路,Say,パン･ロウ,4,あっ、これは、小腹が空いたから……！,
d0e81a4acd55cfac60c2aa1bec155c08.bundle,胖胖指引路,Say,心の声,4,こんなところで……？,
d0e81a4acd55cfac60c2aa1bec155c08.bundle,胖胖指引路,Say,パン･ロウ,5,何か用？,
d0e81a4acd55cfac60c2aa1bec155c08.bundle,胖胖指引路,Branch,#Simple,3,何でこんなところで食べているんです？,
d0e81a4acd55cfac60c2aa1bec155c08.bundle,胖胖指引路,Say,パン･ロウ,6,それは……,
d0e81a4acd55cfac60c2aa1bec155c08.bundle,胖胖指引路,Say,パン･ロウ,7,り、理由はいいだろ！,
d0e81a4acd55cfac60c2aa1bec155c08.bundle,胖胖指引路,Say,パン･ロウ,8,逆に何で君がここにいるんだ！,
d0e81a4acd55cfac60c2aa1bec155c08.bundle,胖胖指引路,Branch,#Simple,4,シュン･ゴを探しています。ここにいますよね？,
d0e81a4acd55cfac60c2aa1bec155c08.bundle,胖胖指引路,Say,パン･ロウ,9,……,
d0e81a4acd55cfac60c2aa1bec155c08.bundle,胖胖指引路,Say,パン･ロウ,10,何で彼を探してるの？,
d0e81a4acd55cfac60c2aa1bec155c08.bundle,胖胖指引路,Say,パン･ロウ,11,今は彼の邪魔をしない方がいいと思うよ。,
d0e81a4acd55cfac60c2aa1bec155c08.bundle,胖胖指引路,Branch,#Simple,5,彼に話したいことがあります。,
d0e81a4acd55cfac60c2aa1bec155c08.bundle,胖胖指引路,Branch,#Simple,6,彼の邪魔をするつもりはありません。,
d0e81a4acd55cfac60c2aa1bec155c08.bundle,胖胖指引路,Say,パン･ロウ,12,……,
d0e81a4acd55cfac60c2aa1bec155c08.bundle,胖胖指引路,Say,パン･ロウ,13,彼に会って、何を話すつもりだ？,
d0e81a4acd55cfac60c2aa1bec155c08.bundle,胖胖指引路,Branch,#Simple,7,イー･テイに協力してもらえるように彼を説得したいです。,
d0e81a4acd55cfac60c2aa1bec155c08.bundle,胖胖指引路,Say,パン･ロウ,14,……本気か？,
d0e81a4acd55cfac60c2aa1bec155c08.bundle,胖胖指引路,Branch,#Simple,8,彼は怒ると思いますか？,
d0e81a4acd55cfac60c2aa1bec155c08.bundle,胖胖指引路,Branch,#Simple,9,なぜそんなことを聞くのですか？,
d0e81a4acd55cfac60c2aa1bec155c08.bundle,胖胖指引路,Say,パン･ロウ,15,今の彼は少し複雑な状況だからね。,
d0e81a4acd55cfac60c2aa1bec155c08.bundle,胖胖指引路,Branch,#Simple,10,……,
d0e81a4acd55cfac60c2aa1bec155c08.bundle,胖胖指引路,Say,パン･ロウ,16,正直、彼が怒るかどうかはわからないよ。,
d0e81a4acd55cfac60c2aa1bec155c08.bundle,胖胖指引路,Say,パン･ロウ,17,……,
d0e81a4acd55cfac60c2aa1bec155c08.bundle,胖胖指引路,Say,パン･ロウ,18,先に一つ質問をしていい？,
d0e81a4acd55cfac60c2aa1bec155c08.bundle,胖胖指引路,Say,パン･ロウ,19,なぜこの状況でも、彼を説得したいんだ？,
d0e81a4acd55cfac60c2aa1bec155c08.bundle,胖胖指引路,Branch,#Simple,11,それが皆にとって一番いい形だからです。,
d0e81a4acd55cfac60c2aa1bec155c08.bundle,胖胖指引路,Branch,#Simple,12,彼が間違っているからです。,
d0e81a4acd55cfac60c2aa1bec155c08.bundle,胖胖指引路,Say,パン･ロウ,20,それなら、会いに行かない方がいいと思うよ。,
d0e81a4acd55cfac60c2aa1bec155c08.bundle,胖胖指引路,Say,パン･ロウ,21,多分、彼は自分の考えを否定する人に今は会う気はないと思う。,
d0e81a4acd55cfac60c2aa1bec155c08.bundle,胖胖指引路,Branch,#Simple,13,でも、この件はたくさんの人の生活がかかっています。,
d0e81a4acd55cfac60c2aa1bec155c08.bundle,胖胖指引路,Say,パン･ロウ,22,わかってるけど、今の彼は感情的になっているから、そんな話に耳を傾けないと思う。,
d0e81a4acd55cfac60c2aa1bec155c08.bundle,胖胖指引路,Branch,#Simple,14,じゃ、どうすればいいと思いますか？,
d0e81a4acd55cfac60c2aa1bec155c08.bundle,胖胖指引路,Say,パン･ロウ,23,とにかく、彼の意見を否定しないことだな。,
d0e81a4acd55cfac60c2aa1bec155c08.bundle,胖胖指引路,Branch,#Simple,15,……,
d0e81a4acd55cfac60c2aa1bec155c08.bundle,胖胖指引路,Say,パン･ロウ,24,……,
d0e81a4acd55cfac60c2aa1bec155c08.bundle,胖胖指引路,Say,パン･ロウ,25,彼の居場所を教えてもいいけど……,
d0e81a4acd55cfac60c2aa1bec155c08.bundle,胖胖指引路,Branch,#Simple,16,もったいないと思っているからです。,
d0e81a4acd55cfac60c2aa1bec155c08.bundle,胖胖指引路,Say,パン･ロウ,26,もったいない？,
d0e81a4acd55cfac60c2aa1bec155c08.bundle,胖胖指引路,Branch,#Simple,17,彼はイー･テイと同じところを目指しています。,
d0e81a4acd55cfac60c2aa1bec155c08.bundle,胖胖指引路,Say,パン･ロウ,27,目指しているものが同じでも、達成する手段が真逆だからね……,
d0e81a4acd55cfac60c2aa1bec155c08.bundle,胖胖指引路,Branch,#Simple,18,彼とイー･テイは親しい友人だったからです。,
d0e81a4acd55cfac60c2aa1bec155c08.bundle,胖胖指引路,Say,パン･ロウ,28,友人……？,
d0e81a4acd55cfac60c2aa1bec155c08.bundle,胖胖指引路,Say,パン･ロウ,29,ハハ……,
d0e81a4acd55cfac60c2aa1bec155c08.bundle,胖胖指引路,Branch,#Simple,19,彼とイー･テイの誤った決断により、多くの人が被害を受けることになります。,
d0e81a4acd55cfac60c2aa1bec155c08.bundle,胖胖指引路,Say,パン･ロウ,30,博愛主義者だね……,
d0e81a4acd55cfac60c2aa1bec155c08.bundle,胖胖指引路,Say,パン･ロウ,31,友人として、一つだけ頼みがある。,
d0e81a4acd55cfac60c2aa1bec155c08.bundle,胖胖指引路,Say,パン･ロウ,32,もうこれ以上、彼を苦しませないでくれ。,
d0e81a4acd55cfac60c2aa1bec155c08.bundle,胖胖指引路,Branch,#Simple,20,わかりました。,
d0e81a4acd55cfac60c2aa1bec155c08.bundle,胖胖指引路,Say,パン･ロウ,33,ありがとう。,
d0e81a4acd55cfac60c2aa1bec155c08.bundle,胖胖指引路,Branch,#Simple,21,彼が苦しまないのなら、他の人が苦しむことになりますよ？,
d0e81a4acd55cfac60c2aa1bec155c08.bundle,胖胖指引路,Branch,#Simple,22,私もそれは望んでいませんが、忠言耳に逆らう、です。,
d0e81a4acd55cfac60c2aa1bec155c08.bundle,胖胖指引路,Say,パン･ロウ,34,……,
d0e81a4acd55cfac60c2aa1bec155c08.bundle,胖胖指引路,Say,パン･ロウ,35,なら判断は君に任せるよ。,
d0e81a4acd55cfac60c2aa1bec155c08.bundle,胖胖指引路,Say,パン･ロウ,36,シュンは外にいるよ。,
d0e81a4acd55cfac60c2aa1bec155c08.bundle,胖胖指引路,Say,パン･ロウ,37,僕も彼と話そうとしたけど……,
d0e81a4acd55cfac60c2aa1bec155c08.bundle,胖胖指引路,Say,パン･ロウ,38,僕だと余計に事をややこしくしそうだからさ。,
d0e81a4acd55cfac60c2aa1bec155c08.bundle,胖胖指引路,Say,パン･ロウ,39,ジェイ、任せたよ……,
d0e81a4acd55cfac60c2aa1bec155c08.bundle,胖胖指引路,Branch,#Simple,23,ただ彼が心配なだけです。,
d0e81a4acd55cfac60c2aa1bec155c08.bundle,胖胖指引路,Say,パン･ロウ,40,……,
d0e81a4acd55cfac60c2aa1bec155c08.bundle,胖胖指引路,Say,パン･ロウ,41,そんな理由なら、会うのはやめた方がいいと思うよ。,
d0e81a4acd55cfac60c2aa1bec155c08.bundle,胖胖指引路,Say,パン･ロウ,42,今は彼を一人にさせてあげて。,
d0e81a4acd55cfac60c2aa1bec155c08.bundle,胖胖指引路,Say,パン･ロウ,43,特に用がないなら、無理に会いに行かない方がいいと思う。,
d0e81a4acd55cfac60c2aa1bec155c08.bundle,胖胖指引路,Branch,#Simple,24,イー･テイに協力してもらえないか話したいんです。,
d0e81a4acd55cfac60c2aa1bec155c08.bundle,胖胖指引路,Branch,#Simple,25,……,
d0e81a4acd55cfac60c2aa1bec155c08.bundle,胖胖指引路,Say,パン･ロウ,44,まあ、どうするかは君の自由だ。,
d0e81a4acd55cfac60c2aa1bec155c08.bundle,胖胖指引路,Branch,#Simple,26,さっきはすみませんでした。あなたと喧嘩をするつもりはなかったんです。,
d0e81a4acd55cfac60c2aa1bec155c08.bundle,胖胖指引路,Say,パン･ロウ,45,……,
d0e81a4acd55cfac60c2aa1bec155c08.bundle,胖胖指引路,Say,パン･ロウ,46,はぁ……,
d0e81a4acd55cfac60c2aa1bec155c08.bundle,胖胖指引路,Say,パン･ロウ,47,謝るのはこっちだよ。,
d0e81a4acd55cfac60c2aa1bec155c08.bundle,胖胖指引路,Say,パン･ロウ,48,僕が自分を抑えられず、ひどいことを沢山言って挑発したから……,
d0e81a4acd55cfac60c2aa1bec155c08.bundle,胖胖指引路,Say,パン･ロウ,49,申し訳ない、ジェイ。,
d0e81a4acd55cfac60c2aa1bec155c08.bundle,胖胖指引路,Branch,#Simple,27,大丈夫だよ。パンちゃん。,
d0e81a4acd55cfac60c2aa1bec155c08.bundle,胖胖指引路,Say,パン･ロウ,50,ハハ……,
d0e81a4acd55cfac60c2aa1bec155c08.bundle,胖胖指引路,Say,パン･ロウ,51,ありがとう、ジェイ。,
d0e81a4acd55cfac60c2aa1bec155c08.bundle,胖胖指引路,Say,心の声,5,あだ名で呼ぶのを許してもらえたみたいだな。,
d0e81a4acd55cfac60c2aa1bec155c08.bundle,胖胖指引路,Branch,#Simple,28,別に気にしてないさ、パン･ロウ。,
d0e81a4acd55cfac60c2aa1bec155c08.bundle,胖胖指引路,Say,パン･ロウ,52,うん。,
d0e81a4acd55cfac60c2aa1bec155c08.bundle,胖胖指引路,Branch,#Simple,29,……,
d0e81a4acd55cfac60c2aa1bec155c08.bundle,胖胖指引路,Say,パン･ロウ,53,……,
d0e81a4acd55cfac60c2aa1bec155c08.bundle,胖胖指引路,Say,パン･ロウ,54,でも僕たち操作組にとっては……,
d0e81a4acd55cfac60c2aa1bec155c08.bundle,胖胖指引路,Say,パン･ロウ,55,状況は相変わらず最悪だよ……,
d0e81a4acd55cfac60c2aa1bec155c08.bundle,胖胖指引路,Branch,#Simple,30,私はその件を解決しに来ました。,
d0e81a4acd55cfac60c2aa1bec155c08.bundle,胖胖指引路,Say,パン･ロウ,56,やっぱりか……,
d0e81a4acd55cfac60c2aa1bec155c08.bundle,胖胖指引路,Branch,#Simple,31,わかっています。,
d0e81a4acd55cfac60c2aa1bec155c08.bundle,胖胖指引路,Say,パン･ロウ,57,……,
d0e81a4acd55cfac60c2aa1bec155c08.bundle,胖胖指引路,Say,パン･ロウ,58,君はシュン･ゴに会いに来たんだろう？,
d0e81a4acd55cfac60c2aa1bec155c08.bundle,胖胖指引路,Branch,#Simple,32,はい。,
d0e81a4acd55cfac60c2aa1bec155c08.bundle,胖胖指引路,Branch,#Simple,33,えっ？彼はここにいるんですか？,
d0e81a4acd55cfac60c2aa1bec155c08.bundle,胖胖指引路,Say,パン･ロウ,59,さっき問題を解決しに来たって言ってただろ……,
d0e81a4acd55cfac60c2aa1bec155c08.bundle,胖胖指引路,Say,パン･ロウ,60,大丈夫、別に隠さなくていいよ。,
d0e81a4acd55cfac60c2aa1bec155c08.bundle,胖胖指引路,Say,パン･ロウ,61,僕は別に邪魔したりしないさ。,
d0e81a4acd55cfac60c2aa1bec155c08.bundle,胖胖指引路,Branch,#Simple,34,ありがとう。,
d0e81a4acd55cfac60c2aa1bec155c08.bundle,胖胖指引路,Branch,#Simple,35,でも本当にシュンに会いに来たわけじゃないんだ。,
d0e81a4acd55cfac60c2aa1bec155c08.bundle,胖胖指引路,Say,パン･ロウ,62,……,
d0e81a4acd55cfac60c2aa1bec155c08.bundle,胖胖指引路,Say,パン･ロウ,63,そっか、誤解して悪かったね。,
d0e81a4acd55cfac60c2aa1bec155c08.bundle,到頂樓遇到吳俊恩,Say,シュン･ゴ,0,あなた……,
d0e81a4acd55cfac60c2aa1bec155c08.bundle,到頂樓遇到吳俊恩,Say,シュン･ゴ,1,なぜこんなところに？,
d0e81a4acd55cfac60c2aa1bec155c08.bundle,到頂樓遇到吳俊恩,Branch,#Simple,0,イー･テイに協力してくれませんか？,
d0e81a4acd55cfac60c2aa1bec155c08.bundle,到頂樓遇到吳俊恩,Say,シュン･ゴ,2,……,
d0e81a4acd55cfac60c2aa1bec155c08.bundle,到頂樓遇到吳俊恩,Branch,#Simple,1,あなたのことが心配なんです。,
d0e81a4acd55cfac60c2aa1bec155c08.bundle,到頂樓遇到吳俊恩,Say,シュン･ゴ,3,心配？,
d0e81a4acd55cfac60c2aa1bec155c08.bundle,到頂樓遇到吳俊恩,Say,シュン･ゴ,4,私がここから飛び降りるとでも思っているのですか？,
d0e81a4acd55cfac60c2aa1bec155c08.bundle,到頂樓遇到吳俊恩,Branch,#Simple,2,その可能性もあると思って。,
d0e81a4acd55cfac60c2aa1bec155c08.bundle,到頂樓遇到吳俊恩,Say,シュン･ゴ,5,……,
d0e81a4acd55cfac60c2aa1bec155c08.bundle,到頂樓遇到吳俊恩,Say,シュン･ゴ,6,ハハ……,
d0e81a4acd55cfac60c2aa1bec155c08.bundle,到頂樓遇到吳俊恩,Say,シュン･ゴ,7,私はそんなに弱く見えますかね。,
d0e81a4acd55cfac60c2aa1bec155c08.bundle,到頂樓遇到吳俊恩,Branch,#Simple,3,いいえ、ただあなたのことが心配なだけです。,
d0e81a4acd55cfac60c2aa1bec155c08.bundle,到頂樓遇到吳俊恩,Say,シュン･ゴ,8,そうですか……,
d0e81a4acd55cfac60c2aa1bec155c08.bundle,到頂樓遇到吳俊恩,Say,シュン･ゴ,9,イー･テイに協力してほしいと、説得しに来たのでしょう？,
d0e81a4acd55cfac60c2aa1bec155c08.bundle,到頂樓遇到吳俊恩,Branch,#Simple,4,はい。,
d0e81a4acd55cfac60c2aa1bec155c08.bundle,到頂樓遇到吳俊恩,Branch,#Simple,5,どうしてそう思ったんですか？,
d0e81a4acd55cfac60c2aa1bec155c08.bundle,到頂樓遇到吳俊恩,Say,シュン･ゴ,10,勘と推測ですね。,
d0e81a4acd55cfac60c2aa1bec155c08.bundle,到頂樓遇到吳俊恩,Say,シュン･ゴ,11,間違ってましたか？,
d0e81a4acd55cfac60c2aa1bec155c08.bundle,到頂樓遇到吳俊恩,Branch,#Simple,6,いえ、当たっています。,
d0e81a4acd55cfac60c2aa1bec155c08.bundle,到頂樓遇到吳俊恩,Say,シュン･ゴ,12,ハハ……,
d0e81a4acd55cfac60c2aa1bec155c08.bundle,到頂樓遇到吳俊恩,Branch,#Simple,7,間違ってますね。私はあなたが心配で見に来ただけです。,
d0e81a4acd55cfac60c2aa1bec155c08.bundle,到頂樓遇到吳俊恩,Say,シュン･ゴ,13,ありがとうございます。でも今は一人で考えたいのです。,
d0e81a4acd55cfac60c2aa1bec155c08.bundle,到頂樓遇到吳俊恩,Say,シュン･ゴ,14,一人にさせてください。,
d0e81a4acd55cfac60c2aa1bec155c08.bundle,到頂樓遇到吳俊恩,Say,心の声,0,せっかくここまで来たのに、あっさり引き返すのか？,
d0e81a4acd55cfac60c2aa1bec155c08.bundle,到頂樓遇到吳俊恩,Branch,#Simple,8,本当にイー･テイに協力しないんですか？,
d0e81a4acd55cfac60c2aa1bec155c08.bundle,到頂樓遇到吳俊恩,Say,シュン･ゴ,15,結局はそれですか。,
d0e81a4acd55cfac60c2aa1bec155c08.bundle,到頂樓遇到吳俊恩,Say,シュン･ゴ,16,……,
d0e81a4acd55cfac60c2aa1bec155c08.bundle,到頂樓遇到吳俊恩,Branch,#Simple,9,……,
d0e81a4acd55cfac60c2aa1bec155c08.bundle,到頂樓遇到吳俊恩,Say,心の声,1,仕方ないか……,
d0e81a4acd55cfac60c2aa1bec155c08.bundle,到頂樓遇到吳俊恩,Say,シュン･ゴ,17,私を説得してほしいと、イー･テイに頼まれたのでしょう？,
d0e81a4acd55cfac60c2aa1bec155c08.bundle,到頂樓遇到吳俊恩,Branch,#Simple,10,はい。,
d0e81a4acd55cfac60c2aa1bec155c08.bundle,到頂樓遇到吳俊恩,Say,心の声,2,……彼はこう言った方が、喜ぶのかもしれない。,
d0e81a4acd55cfac60c2aa1bec155c08.bundle,到頂樓遇到吳俊恩,Say,シュン･ゴ,18,そうですか。彼はまだ諦めてないのですね……,
d0e81a4acd55cfac60c2aa1bec155c08.bundle,到頂樓遇到吳俊恩,Say,心の声,3,笑ってる。正解だったようだな。,
d0e81a4acd55cfac60c2aa1bec155c08.bundle,到頂樓遇到吳俊恩,Branch,#Simple,11,いえ、私が勝手に来ただけです。,
d0e81a4acd55cfac60c2aa1bec155c08.bundle,到頂樓遇到吳俊恩,Say,シュン･ゴ,19,そうですか。彼は諦めたんですね……,
d0e81a4acd55cfac60c2aa1bec155c08.bundle,到頂樓遇到吳俊恩,Say,心の声,4,かなり落ち込んでいる。嘘でも頼まれたと言ったほうが、よかったのか……？,
d0e81a4acd55cfac60c2aa1bec155c08.bundle,到頂樓遇到吳俊恩,Branch,#Simple,12,でも彼は、あなたとの協力を望んでいます。,
d0e81a4acd55cfac60c2aa1bec155c08.bundle,到頂樓遇到吳俊恩,Branch,#Simple,13,諦めたのは彼ではなく、あなたです。,
d0e81a4acd55cfac60c2aa1bec155c08.bundle,到頂樓遇到吳俊恩,Say,シュン･ゴ,20,私が……諦めた？,
d0e81a4acd55cfac60c2aa1bec155c08.bundle,到頂樓遇到吳俊恩,Branch,#Simple,14,……,
d0e81a4acd55cfac60c2aa1bec155c08.bundle,到頂樓遇到吳俊恩,Say,シュン･ゴ,21,あなたたちより、私の方がこの工場を知っていることは認めますよね？,
d0e81a4acd55cfac60c2aa1bec155c08.bundle,到頂樓遇到吳俊恩,Branch,#Simple,15,はい。,
d0e81a4acd55cfac60c2aa1bec155c08.bundle,到頂樓遇到吳俊恩,Branch,#Simple,16,それはどうでしょうね。,
d0e81a4acd55cfac60c2aa1bec155c08.bundle,到頂樓遇到吳俊恩,Say,シュン･ゴ,22,選別組の考え方ですね……,
d0e81a4acd55cfac60c2aa1bec155c08.bundle,到頂樓遇到吳俊恩,Say,シュン･ゴ,23,あなたは確か……,
d0e81a4acd55cfac60c2aa1bec155c08.bundle,到頂樓遇到吳俊恩,Say,シュン･ゴ,24,この工場に来てまだ四日目ですよね？,
d0e81a4acd55cfac60c2aa1bec155c08.bundle,到頂樓遇到吳俊恩,Say,シュン･ゴ,25,正直に言うと、そんなあなたでさえも、私の考えを変えられると思っていることに、少々怒りを覚えます。,
d0e81a4acd55cfac60c2aa1bec155c08.bundle,到頂樓遇到吳俊恩,Say,シュン･ゴ,26,会社に入ったばかりの新人と私を同レベルと思われるのは流石に……,
d0e81a4acd55cfac60c2aa1bec155c08.bundle,到頂樓遇到吳俊恩,Branch,#Simple,17,その考え方は失礼じゃありませんか？,
d0e81a4acd55cfac60c2aa1bec155c08.bundle,到頂樓遇到吳俊恩,Branch,#Simple,18,新人だからって、あなたよりこの工場のことを知らないとでも？,
d0e81a4acd55cfac60c2aa1bec155c08.bundle,到頂樓遇到吳俊恩,Say,シュン･ゴ,27,事実、そうではありませんか？,
d0e81a4acd55cfac60c2aa1bec155c08.bundle,到頂樓遇到吳俊恩,Branch,#Simple,19,撤回してください。,
d0e81a4acd55cfac60c2aa1bec155c08.bundle,到頂樓遇到吳俊恩,Branch,#Simple,20,私に謝るべきです。,
d0e81a4acd55cfac60c2aa1bec155c08.bundle,到頂樓遇到吳俊恩,Say,シュン･ゴ,28,そんなのは、もうどうでもいいんですよ。,
d0e81a4acd55cfac60c2aa1bec155c08.bundle,到頂樓遇到吳俊恩,Say,シュン･ゴ,29,私がまだ、あなたたちのことを気にしていると思っているなら……,
d0e81a4acd55cfac60c2aa1bec155c08.bundle,到頂樓遇到吳俊恩,Say,シュン･ゴ,30,学習能力がないと言わざるを得ませんね。,
d0e81a4acd55cfac60c2aa1bec155c08.bundle,到頂樓遇到吳俊恩,Branch,#Simple,21,そんなだから、あなたはこんなことになっているんですね。,
d0e81a4acd55cfac60c2aa1bec155c08.bundle,到頂樓遇到吳俊恩,Branch,#Simple,22,よくもそこまで人を失望させられますね。,
d0e81a4acd55cfac60c2aa1bec155c08.bundle,到頂樓遇到吳俊恩,Say,シュン･ゴ,31,それがわかったなら……,
d0e81a4acd55cfac60c2aa1bec155c08.bundle,到頂樓遇到吳俊恩,Say,シュン･ゴ,32,もう放っておいてください。,
d0e81a4acd55cfac60c2aa1bec155c08.bundle,到頂樓遇到吳俊恩,Say,心の声,5,これ以上は無理か……,
d0e81a4acd55cfac60c2aa1bec155c08.bundle,到頂樓遇到吳俊恩,Branch,#Simple,23,あなたが今、落ち込んでいることはわかっています。,
d0e81a4acd55cfac60c2aa1bec155c08.bundle,到頂樓遇到吳俊恩,Say,シュン･ゴ,33,……,
d0e81a4acd55cfac60c2aa1bec155c08.bundle,到頂樓遇到吳俊恩,Branch,#Simple,24,確かにそうですね。話を続けましょう。,
d0e81a4acd55cfac60c2aa1bec155c08.bundle,到頂樓遇到吳俊恩,Branch,#Simple,25,確かにそうですね。,
d0e81a4acd55cfac60c2aa1bec155c08.bundle,到頂樓遇到吳俊恩,Branch,#Simple,26,……,
d0e81a4acd55cfac60c2aa1bec155c08.bundle,到頂樓遇到吳俊恩,Say,シュン･ゴ,34,……,
d0e81a4acd55cfac60c2aa1bec155c08.bundle,到頂樓遇到吳俊恩,Say,シュン･ゴ,35,私よりここへの知識がないとわかっていながら、なぜ私を説得できると思っているのですか？,
d0e81a4acd55cfac60c2aa1bec155c08.bundle,到頂樓遇到吳俊恩,Branch,#Simple,27,私が変えたいのは、あなたのイー･テイに対する考えです。,
d0e81a4acd55cfac60c2aa1bec155c08.bundle,到頂樓遇到吳俊恩,Say,シュン･ゴ,36,例えばどんなことですか？,
d0e81a4acd55cfac60c2aa1bec155c08.bundle,到頂樓遇到吳俊恩,Branch,#Simple,28,あなたは、イー･テイが自分を信用していないと思っています。,
d0e81a4acd55cfac60c2aa1bec155c08.bundle,到頂樓遇到吳俊恩,Say,シュン･ゴ,37,実際に彼は私を信じてなんかいませんよ。,
d0e81a4acd55cfac60c2aa1bec155c08.bundle,到頂樓遇到吳俊恩,Branch,#Simple,29,いいえ、彼はあなたの能力を信用していると言っていました。,
d0e81a4acd55cfac60c2aa1bec155c08.bundle,到頂樓遇到吳俊恩,Say,シュン･ゴ,38,なら、どうして私の言う通りにしないのですか？,
d0e81a4acd55cfac60c2aa1bec155c08.bundle,到頂樓遇到吳俊恩,Branch,#Simple,30,あなたの言う通りにしないだけで、あなたを信じていないわけではありません。,
d0e81a4acd55cfac60c2aa1bec155c08.bundle,到頂樓遇到吳俊恩,Say,シュン･ゴ,39,つまりはどういうことです？,
d0e81a4acd55cfac60c2aa1bec155c08.bundle,到頂樓遇到吳俊恩,Say,シュン･ゴ,40,私を信じていると言うのなら、なぜ私の意見に耳を傾けないのです？,
d0e81a4acd55cfac60c2aa1bec155c08.bundle,到頂樓遇到吳俊恩,Branch,#Simple,31,あなたが彼の考えを理解しようとせずに、判断を下してしまうからです。,
d0e81a4acd55cfac60c2aa1bec155c08.bundle,到頂樓遇到吳俊恩,Say,シュン･ゴ,41,この件においては、彼の考えは重要ではないはずです！,
d0e81a4acd55cfac60c2aa1bec155c08.bundle,到頂樓遇到吳俊恩,Branch,#Simple,32,あなたが自分の立場からしか、判断をしないからです。,
d0e81a4acd55cfac60c2aa1bec155c08.bundle,到頂樓遇到吳俊恩,Say,シュン･ゴ,42,自分の立場？専門家としての立場から判断して何が悪いのですか？,
d0e81a4acd55cfac60c2aa1bec155c08.bundle,到頂樓遇到吳俊恩,Say,シュン･ゴ,43,サイレントのセラーはメンテナンスが足りておらず、毎年の予算でも修理ができません。,
d0e81a4acd55cfac60c2aa1bec155c08.bundle,到頂樓遇到吳俊恩,Say,シュン･ゴ,44,ここを閉鎖することに何のデメリットもありません。これが専門家としての判断です。,
d0e81a4acd55cfac60c2aa1bec155c08.bundle,到頂樓遇到吳俊恩,Say,シュン･ゴ,45,彼がどう思うと、関係ありません。,
d0e81a4acd55cfac60c2aa1bec155c08.bundle,到頂樓遇到吳俊恩,Branch,#Simple,33,イー･テイが心配しているのは、失業者の増加です。,
d0e81a4acd55cfac60c2aa1bec155c08.bundle,到頂樓遇到吳俊恩,Branch,#Simple,34,今や、この工場は多くの人間の生活を支えています。,
d0e81a4acd55cfac60c2aa1bec155c08.bundle,到頂樓遇到吳俊恩,Say,シュン･ゴ,46,……,
d0e81a4acd55cfac60c2aa1bec155c08.bundle,到頂樓遇到吳俊恩,Say,シュン･ゴ,47,それは、仕方のないことです……,
d0e81a4acd55cfac60c2aa1bec155c08.bundle,到頂樓遇到吳俊恩,Say,シュン･ゴ,48,セラーに人を送り込んでも、命の危険に晒されるだけなのですから。,
d0e81a4acd55cfac60c2aa1bec155c08.bundle,到頂樓遇到吳俊恩,Say,シュン･ゴ,49,セラーの状況は日に日に悪化しおり、死傷者も増える一方です。,
d0e81a4acd55cfac60c2aa1bec155c08.bundle,到頂樓遇到吳俊恩,Say,シュン･ゴ,50,あなたもその目で見たはすです。,
d0e81a4acd55cfac60c2aa1bec155c08.bundle,到頂樓遇到吳俊恩,Say,シュン･ゴ,51,上も利益を上げられない、場所を修理したがりませんから。,
d0e81a4acd55cfac60c2aa1bec155c08.bundle,到頂樓遇到吳俊恩,Say,シュン･ゴ,52,こんな状況で、イー･テイに何ができると言うのです？,
d0e81a4acd55cfac60c2aa1bec155c08.bundle,到頂樓遇到吳俊恩,Branch,#Simple,35,イー･テイは今、取締役会に資金提供の交渉をしています。,
d0e81a4acd55cfac60c2aa1bec155c08.bundle,到頂樓遇到吳俊恩,Branch,#Simple,36,取締役会は経費増額を約束してくれました。,
d0e81a4acd55cfac60c2aa1bec155c08.bundle,到頂樓遇到吳俊恩,Say,シュン･ゴ,53,何ですって？なぜ取締役会がそんなことを？,
d0e81a4acd55cfac60c2aa1bec155c08.bundle,到頂樓遇到吳俊恩,Branch,#Simple,37,彼らは失業率を下げることで、政治的影響力を手に入れようとしています。,
d0e81a4acd55cfac60c2aa1bec155c08.bundle,到頂樓遇到吳俊恩,Say,シュン･ゴ,54,政治的影響力？,
d0e81a4acd55cfac60c2aa1bec155c08.bundle,到頂樓遇到吳俊恩,Branch,#Simple,38,彼らはサイレントを使って、万象を救世主に仕立ようとしています。,
d0e81a4acd55cfac60c2aa1bec155c08.bundle,到頂樓遇到吳俊恩,Say,シュン･ゴ,55,救世主……？,
d0e81a4acd55cfac60c2aa1bec155c08.bundle,到頂樓遇到吳俊恩,Say,シュン･ゴ,56,……,
d0e81a4acd55cfac60c2aa1bec155c08.bundle,到頂樓遇到吳俊恩,Say,シュン･ゴ,57,なるほど、そういうことか……,
d0e81a4acd55cfac60c2aa1bec155c08.bundle,到頂樓遇到吳俊恩,Say,シュン･ゴ,58,そういったやり方については、考えたことがありませんでした……,
d0e81a4acd55cfac60c2aa1bec155c08.bundle,到頂樓遇到吳俊恩,Branch,#Simple,39,結局は、あなたにだってわからないことがあるということです。,
d0e81a4acd55cfac60c2aa1bec155c08.bundle,到頂樓遇到吳俊恩,Say,シュン･ゴ,59,……,
d0e81a4acd55cfac60c2aa1bec155c08.bundle,到頂樓遇到吳俊恩,Say,シュン･ゴ,60,確かにそうですね。,
d0e81a4acd55cfac60c2aa1bec155c08.bundle,到頂樓遇到吳俊恩,Branch,#Simple,40,……,
d0e81a4acd55cfac60c2aa1bec155c08.bundle,到頂樓遇到吳俊恩,Say,シュン･ゴ,61,イー･テイはそこまで考えていたのですね……,
d0e81a4acd55cfac60c2aa1bec155c08.bundle,到頂樓遇到吳俊恩,Branch,#Simple,41,それと専門的な知識が必要な問題は、ジュジュの判断を仰いでいました。,
d0e81a4acd55cfac60c2aa1bec155c08.bundle,到頂樓遇到吳俊恩,Say,シュン･ゴ,62,ジュジュが！？,
d0e81a4acd55cfac60c2aa1bec155c08.bundle,到頂樓遇到吳俊恩,Say,シュン･ゴ,63,つまりイー･テイは、自分自身だけで考えたわけではないと……,
d0e81a4acd55cfac60c2aa1bec155c08.bundle,到頂樓遇到吳俊恩,Say,シュン･ゴ,64,先程、あなたから聞いた話ですね……,
d0e81a4acd55cfac60c2aa1bec155c08.bundle,到頂樓遇到吳俊恩,Say,シュン･ゴ,65,……,
d0e81a4acd55cfac60c2aa1bec155c08.bundle,到頂樓遇到吳俊恩,Say,シュン･ゴ,66,ジュジュの能力はよく知っています。もし彼女がイー･テイの考えに何かを見出したのなら……,
d0e81a4acd55cfac60c2aa1bec155c08.bundle,到頂樓遇到吳俊恩,Say,シュン･ゴ,67,可能性は十分にあるかもしれません。,
d0e81a4acd55cfac60c2aa1bec155c08.bundle,到頂樓遇到吳俊恩,Say,シュン･ゴ,68,……,
d0e81a4acd55cfac60c2aa1bec155c08.bundle,到頂樓遇到吳俊恩,Say,シュン･ゴ,69,先程はイー･テイを手伝った彼女をもう信じられないと言いましたが……,
d0e81a4acd55cfac60c2aa1bec155c08.bundle,到頂樓遇到吳俊恩,Say,シュン･ゴ,70,あれは本心ではありません。,
d0e81a4acd55cfac60c2aa1bec155c08.bundle,到頂樓遇到吳俊恩,Say,シュン･ゴ,71,……,
d0e81a4acd55cfac60c2aa1bec155c08.bundle,到頂樓遇到吳俊恩,Say,シュン･ゴ,72,私にはもうわかりません……,
d0e81a4acd55cfac60c2aa1bec155c08.bundle,到頂樓遇到吳俊恩,Say,シュン･ゴ,73,もし本当にイー･テイがいくつもの努力を重ねて、ここまで考えていたのなら……,
d0e81a4acd55cfac60c2aa1bec155c08.bundle,到頂樓遇到吳俊恩,Branch,#Simple,42,彼はずっと一生懸命考えていました。,
d0e81a4acd55cfac60c2aa1bec155c08.bundle,到頂樓遇到吳俊恩,Branch,#Simple,43,……,
d0e81a4acd55cfac60c2aa1bec155c08.bundle,到頂樓遇到吳俊恩,Say,シュン･ゴ,74,なぜ私はそれを知らなかったのでしょうか……,
d0e81a4acd55cfac60c2aa1bec155c08.bundle,到頂樓遇到吳俊恩,Branch,#Simple,44,あなたがイー･テイを信じていなかったからです。,
d0e81a4acd55cfac60c2aa1bec155c08.bundle,到頂樓遇到吳俊恩,Say,シュン･ゴ,75,彼がそこまで考えていたなんて、信じられなかったんです……,
d0e81a4acd55cfac60c2aa1bec155c08.bundle,到頂樓遇到吳俊恩,Branch,#Simple,45,彼の考えを変えたいばかりで、彼の話に耳を傾けていなかったからです。,
d0e81a4acd55cfac60c2aa1bec155c08.bundle,到頂樓遇到吳俊恩,Say,シュン･ゴ,76,……,
d0e81a4acd55cfac60c2aa1bec155c08.bundle,到頂樓遇到吳俊恩,Say,シュン･ゴ,77,……,
d0e81a4acd55cfac60c2aa1bec155c08.bundle,到頂樓遇到吳俊恩,Say,シュン･ゴ,78,今日あなたに言われたことについて考えてみました。,
d0e81a4acd55cfac60c2aa1bec155c08.bundle,到頂樓遇到吳俊恩,Say,シュン･ゴ,79,確かに私は、イー･テイの考えを一度もちゃんと聞いたことはありませんでした……,
d0e81a4acd55cfac60c2aa1bec155c08.bundle,到頂樓遇到吳俊恩,Say,シュン･ゴ,80,ですが、イー･テイも本当に私の言葉をちゃんと聞いていたのでしょうか……,
d0e81a4acd55cfac60c2aa1bec155c08.bundle,到頂樓遇到吳俊恩,Say,シュン･ゴ,81,……,
d0e81a4acd55cfac60c2aa1bec155c08.bundle,到頂樓遇到吳俊恩,Say,シュン･ゴ,82,いえ、わかっています。彼は真剣に私の話を聞いていました。,
d0e81a4acd55cfac60c2aa1bec155c08.bundle,到頂樓遇到吳俊恩,Say,シュン･ゴ,83,それでもなお、彼は私に反対し続けた……,
d0e81a4acd55cfac60c2aa1bec155c08.bundle,到頂樓遇到吳俊恩,Say,シュン･ゴ,84,私は彼をただの理想主義者だと思っていました。,
d0e81a4acd55cfac60c2aa1bec155c08.bundle,到頂樓遇到吳俊恩,Say,シュン･ゴ,85,私、間違っていたのかもしれません。,
d0e81a4acd55cfac60c2aa1bec155c08.bundle,到頂樓遇到吳俊恩,Say,心の声,6,少し心を開いてくれたようだ。,
d0e81a4acd55cfac60c2aa1bec155c08.bundle,到頂樓遇到吳俊恩,Say,シュン･ゴ,86,もし現状が本当にイー･テイの言う通りなら、彼と話さないと……,
d0e81a4acd55cfac60c2aa1bec155c08.bundle,到頂樓遇到吳俊恩,Say,シュン･ゴ,87,彼に知らせないといけません……,
d0e81a4acd55cfac60c2aa1bec155c08.bundle,到頂樓遇到吳俊恩,Say,シュン･ゴ,88,今すぐ彼に話に行きます。,
d0e81a4acd55cfac60c2aa1bec155c08.bundle,到頂樓遇到吳俊恩,Branch,#Simple,46,今ですか？,
d0e81a4acd55cfac60c2aa1bec155c08.bundle,到頂樓遇到吳俊恩,Say,シュン･ゴ,89,はい、今です。,
d0e81a4acd55cfac60c2aa1bec155c08.bundle,到頂樓遇到吳俊恩,Branch,#Simple,47,知らせるとは、何の話ですか？,
d0e81a4acd55cfac60c2aa1bec155c08.bundle,到頂樓遇到吳俊恩,Say,シュン･ゴ,90,後でまとめて説明します。,
d0e81a4acd55cfac60c2aa1bec155c08.bundle,到頂樓遇到吳俊恩,Branch,#Simple,48,……,
d0e81a4acd55cfac60c2aa1bec155c08.bundle,到頂樓遇到吳俊恩,Say,シュン･ゴ,91,とりあえず出発しましょう。時間がありません。,
d0e81a4acd55cfac60c2aa1bec155c08.bundle,到頂樓遇到吳俊恩,Say,シュン･ゴ,92,今なら何とかできます。彼にすべてを話さないと。,
d0e81a4acd55cfac60c2aa1bec155c08.bundle,到頂樓遇到吳俊恩,Say,シュン･ゴ,93,……それと。,
d0e81a4acd55cfac60c2aa1bec155c08.bundle,到頂樓遇到吳俊恩,Say,シュン･ゴ,94,ありがとうございます。,
d0e81a4acd55cfac60c2aa1bec155c08.bundle,到頂樓遇到吳俊恩,Say,シュン･ゴ,95,あなたは私が知らないことや、見えていないものを教えてくれました。,
d0e81a4acd55cfac60c2aa1bec155c08.bundle,到頂樓遇到吳俊恩,Say,シュン･ゴ,96,……,
d0e81a4acd55cfac60c2aa1bec155c08.bundle,到頂樓遇到吳俊恩,Say,シュン･ゴ,97,酷いことをたくさん言ってしまい、すみません。,
d0e81a4acd55cfac60c2aa1bec155c08.bundle,到頂樓遇到吳俊恩,Branch,#Simple,49,気にしないでください。,
d0e81a4acd55cfac60c2aa1bec155c08.bundle,到頂樓遇到吳俊恩,Branch,#Simple,50,わかってもらえてよかったです。,
d0e81a4acd55cfac60c2aa1bec155c08.bundle,到頂樓遇到吳俊恩,Branch,#Simple,51,それはイー･テイに言ってあげてください。,
d0e81a4acd55cfac60c2aa1bec155c08.bundle,到頂樓遇到吳俊恩,Say,シュン･ゴ,98,……,
d0e81a4acd55cfac60c2aa1bec155c08.bundle,到頂樓遇到吳俊恩,Say,シュン･ゴ,99,そうですね。,
d0e81a4acd55cfac60c2aa1bec155c08.bundle,到頂樓遇到吳俊恩,Say,シュン･ゴ,100,ですが、今の私には……,
d0e81a4acd55cfac60c2aa1bec155c08.bundle,到頂樓遇到吳俊恩,Say,シュン･ゴ,101,少し言いづらいですね。,
d0e81a4acd55cfac60c2aa1bec155c08.bundle,到頂樓遇到吳俊恩,Say,シュン･ゴ,102,……,
d0e81a4acd55cfac60c2aa1bec155c08.bundle,到頂樓遇到吳俊恩,Branch,#Simple,52,……,
d0e81a4acd55cfac60c2aa1bec155c08.bundle,到頂樓遇到吳俊恩,Say,シュン･ゴ,103,では行きましょう。,
d0e81a4acd55cfac60c2aa1bec155c08.bundle,到頂樓遇到吳俊恩,Say,シュン･ゴ,104,あまり時間がありません。,
d0e81a4acd55cfac60c2aa1bec155c08.bundle,到頂樓遇到吳俊恩,Branch,#Simple,53,イー･テイはこの工場を救えるかもしれないんです。,
d0e81a4acd55cfac60c2aa1bec155c08.bundle,到頂樓遇到吳俊恩,Say,シュン･ゴ,105,確かに彼はそう思っているでしょうね。,
d0e81a4acd55cfac60c2aa1bec155c08.bundle,到頂樓遇到吳俊恩,Say,シュン･ゴ,106,この工場を救えると考えている彼には、私の意見なんてどうでもいいんですよ。,
d0e81a4acd55cfac60c2aa1bec155c08.bundle,到頂樓遇到吳俊恩,Say,シュン･ゴ,107,彼は私を信用していない。専門家である我々の意見なんてどうでもいいのでしょう。,
d0e81a4acd55cfac60c2aa1bec155c08.bundle,到頂樓遇到吳俊恩,Branch,#Simple,54,あなたには見えてはいないものを見たからです。,
d0e81a4acd55cfac60c2aa1bec155c08.bundle,到頂樓遇到吳俊恩,Say,シュン･ゴ,108,例えば何です？,
d0e81a4acd55cfac60c2aa1bec155c08.bundle,到頂樓遇到吳俊恩,Branch,#Simple,55,イー･テイのあなたへの信頼です。,
d0e81a4acd55cfac60c2aa1bec155c08.bundle,到頂樓遇到吳俊恩,Say,シュン･ゴ,109,彼は私を信じてなんかいません。,
d0e81a4acd55cfac60c2aa1bec155c08.bundle,到頂樓遇到吳俊恩,Branch,#Simple,56,イー･テイ自身の力です。,
d0e81a4acd55cfac60c2aa1bec155c08.bundle,到頂樓遇到吳俊恩,Say,シュン･ゴ,110,彼は自分の力で工場を救えると思っているのでしょう？わかっていますよ。,
d0e81a4acd55cfac60c2aa1bec155c08.bundle,到頂樓遇到吳俊恩,Say,シュン･ゴ,111,そんな彼には、私の意見なんてどうでもいいはずです。,
d0e81a4acd55cfac60c2aa1bec155c08.bundle,到頂樓遇到吳俊恩,Say,シュン･ゴ,112,彼は私を信用していない。専門家である我々の意見なんてどうでもいいと思っています。,
d0e81a4acd55cfac60c2aa1bec155c08.bundle,進面談大廳有人攔下說話,Say,アイ･チン,0,ん？あなたは……,
d0e81a4acd55cfac60c2aa1bec155c08.bundle,進面談大廳有人攔下說話,Say,アイ･チン,1,えっと……,
d0e81a4acd55cfac60c2aa1bec155c08.bundle,進面談大廳有人攔下說話,Say,アイ･チン,2,リュウセイ･チョウですか？,
d0e81a4acd55cfac60c2aa1bec155c08.bundle,進面談大廳有人攔下說話,Branch,#Simple,0,はい、そうっす。,
d0e81a4acd55cfac60c2aa1bec155c08.bundle,進面談大廳有人攔下說話,Say,アイ･チン,3,わかりました。,
d0e81a4acd55cfac60c2aa1bec155c08.bundle,進面談大廳有人攔下說話,Branch,#Simple,1,どうしましたか？,
d0e81a4acd55cfac60c2aa1bec155c08.bundle,進面談大廳有人攔下說話,Say,アイ･チン,4,いいえ、ちょっと名前を確認しただけです。,
d0e81a4acd55cfac60c2aa1bec155c08.bundle,進面談大廳有人攔下說話,Say,心の声,0,疑われてはなさそうだ……,
d0e81a4acd55cfac60c2aa1bec155c08.bundle,進面談大廳有人攔下說話,Say,アイ･チン,5,ジェイ･ダイ？,
d0e81a4acd55cfac60c2aa1bec155c08.bundle,進面談大廳有人攔下說話,Branch,#Simple,2,はい、そうです。,
d0e81a4acd55cfac60c2aa1bec155c08.bundle,進面談大廳有人攔下說話,Branch,#Simple,3,どうかされましたか？,
d0e81a4acd55cfac60c2aa1bec155c08.bundle,進面談大廳有人攔下說話,Say,アイ･チン,6,あなたは、タイミン･ソウの代わりの方ですね。,
d0e81a4acd55cfac60c2aa1bec155c08.bundle,進面談大廳有人攔下說話,Say,アイ･チン,7,あなたは、セイ･リンの代わりの方ですね。,
d0e81a4acd55cfac60c2aa1bec155c08.bundle,進面談大廳有人攔下說話,Say,アイ･チン,8,あなたは、シンホン･ゴウの代わりの方ですね。,
d0e81a4acd55cfac60c2aa1bec155c08.bundle,進面談大廳有人攔下說話,Say,アイ･チン,9,今日の面談者は二人です。,
d0e81a4acd55cfac60c2aa1bec155c08.bundle,進面談大廳有人攔下說話,Say,アイ･チン,10,空いてるところを使ってください。準備ができたらそのまま向かって大丈夫ですよ。,
d0e81a4acd55cfac60c2aa1bec155c08.bundle,進面談大廳有人攔下說話,Say,アイ･チン,11,呼べば面談者が来ると思いますので。,
d0e81a4acd55cfac60c2aa1bec155c08.bundle,面談駱思敏2,Say,シミン･ラク,0,シミン･ラクよ。,
d0e81a4acd55cfac60c2aa1bec155c08.bundle,面談駱思敏2,Say,シミン･ラク,1,ずいぶんと待たされたわ。さっさと始めて。,
d0e81a4acd55cfac60c2aa1bec155c08.bundle,面談駱思敏2,Say,心の声,0,態度が悪いな。,
d0e81a4acd55cfac60c2aa1bec155c08.bundle,面談駱思敏2,Branch,#Simple,0,初めまして。,
d0e81a4acd55cfac60c2aa1bec155c08.bundle,面談駱思敏2,Say,シミン･ラク,2,そんなのはいいから！,
d0e81a4acd55cfac60c2aa1bec155c08.bundle,面談駱思敏2,Say,心の声,1,かなりイライラしているようだ……,
d0e81a4acd55cfac60c2aa1bec155c08.bundle,面談駱思敏2,Branch,#Simple,1,では自己紹介を始めてください。,
d0e81a4acd55cfac60c2aa1bec155c08.bundle,面談駱思敏2,Branch,#Simple,2,……,
d0e81a4acd55cfac60c2aa1bec155c08.bundle,面談駱思敏2,Say,シミン･ラク,3,私は「ゴミ溜め」に住んでるの。仕事はあんたら工場が排出した有毒産廃を処理すること。,
d0e81a4acd55cfac60c2aa1bec155c08.bundle,面談駱思敏2,Branch,#Simple,3,その仕事はどうですか？,
d0e81a4acd55cfac60c2aa1bec155c08.bundle,面談駱思敏2,Say,シミン･ラク,4,はっ？聞くまでもないでしょう？,
d0e81a4acd55cfac60c2aa1bec155c08.bundle,面談駱思敏2,Say,心の声,2,怖い女。,
d0e81a4acd55cfac60c2aa1bec155c08.bundle,面談駱思敏2,Branch,#Simple,4,大変そうな仕事ですね。,
d0e81a4acd55cfac60c2aa1bec155c08.bundle,面談駱思敏2,Say,シミン･ラク,5,当然でしょ。,
d0e81a4acd55cfac60c2aa1bec155c08.bundle,面談駱思敏2,Branch,#Simple,5,わからないから、あなたに聞いているんです。,
d0e81a4acd55cfac60c2aa1bec155c08.bundle,面談駱思敏2,Say,シミン･ラク,6,……,
d0e81a4acd55cfac60c2aa1bec155c08.bundle,面談駱思敏2,Say,シミン･ラク,7,大変よ。,
d0e81a4acd55cfac60c2aa1bec155c08.bundle,面談駱思敏2,Branch,#Simple,6,もう少し協力的な態度でお願いします。,
d0e81a4acd55cfac60c2aa1bec155c08.bundle,面談駱思敏2,Say,シミン･ラク,8,フンッ。,
d0e81a4acd55cfac60c2aa1bec155c08.bundle,面談駱思敏2,Say,シミン･ラク,9,あんな仕事はね、人間がやる仕事じゃないのよ。,
d0e81a4acd55cfac60c2aa1bec155c08.bundle,面談駱思敏2,Say,シミン･ラク,10,というか、私の仕事なんてどうでもいいでしょう？,
d0e81a4acd55cfac60c2aa1bec155c08.bundle,面談駱思敏2,Branch,#Simple,7,何を聞くかはこちらの自由なはずですよ？,
d0e81a4acd55cfac60c2aa1bec155c08.bundle,面談駱思敏2,Say,シミン･ラク,11,……そうだけどさ。,
d0e81a4acd55cfac60c2aa1bec155c08.bundle,面談駱思敏2,Branch,#Simple,8,この面談は、あなたの現状を知るためのものです。,
d0e81a4acd55cfac60c2aa1bec155c08.bundle,面談駱思敏2,Say,シミン･ラク,12,あっそ……,
d0e81a4acd55cfac60c2aa1bec155c08.bundle,面談駱思敏2,Say,シミン･ラク,13,それで他には？,
d0e81a4acd55cfac60c2aa1bec155c08.bundle,面談駱思敏2,Branch,#Simple,9,その仕事は、家族を養えるほどの収入がありましたか？,
d0e81a4acd55cfac60c2aa1bec155c08.bundle,面談駱思敏2,Branch,#Simple,10,他の収入源はありますか？,
d0e81a4acd55cfac60c2aa1bec155c08.bundle,面談駱思敏2,Say,シミン･ラク,14,答えたくない。,
d0e81a4acd55cfac60c2aa1bec155c08.bundle,面談駱思敏2,Say,心の声,3,明らかに動揺している……,
d0e81a4acd55cfac60c2aa1bec155c08.bundle,面談駱思敏2,Branch,#Simple,11,どうしてですか？,
d0e81a4acd55cfac60c2aa1bec155c08.bundle,面談駱思敏2,Say,シミン･ラク,15,とにかく答えたくないの。,
d0e81a4acd55cfac60c2aa1bec155c08.bundle,面談駱思敏2,Branch,#Simple,12,答えられないのなら、受からないだけですよ。,
d0e81a4acd55cfac60c2aa1bec155c08.bundle,面談駱思敏2,Branch,#Simple,13,わかりました。では他の質問に移りましょう。,
d0e81a4acd55cfac60c2aa1bec155c08.bundle,面談駱思敏2,Branch,#Simple,14,答えられないのなら、受からないだけですよ。,
d0e81a4acd55cfac60c2aa1bec155c08.bundle,面談駱思敏2,Say,シミン･ラク,16,……,
d0e81a4acd55cfac60c2aa1bec155c08.bundle,面談駱思敏2,Say,シミン･ラク,17,ったく……,
d0e81a4acd55cfac60c2aa1bec155c08.bundle,面談駱思敏2,Say,シミン･ラク,18,何でこんなのに答えないといけないのよ。,
d0e81a4acd55cfac60c2aa1bec155c08.bundle,面談駱思敏2,Say,シミン･ラク,19,こんなクソみたいな仕事で、家族なんて養えない。どう満足？,
d0e81a4acd55cfac60c2aa1bec155c08.bundle,面談駱思敏2,Say,シミン･ラク,20,私はずっと他の仕事も掛け持ちしてたの。,
d0e81a4acd55cfac60c2aa1bec155c08.bundle,面談駱思敏2,Say,シミン･ラク,21,それでも、家計は火の車ね……,
d0e81a4acd55cfac60c2aa1bec155c08.bundle,面談駱思敏2,Say,シミン･ラク,22,だからここに来たの。わかった？,
d0e81a4acd55cfac60c2aa1bec155c08.bundle,面談駱思敏2,Branch,#Simple,15,わかりました。では他の質問をさせてください。,
d0e81a4acd55cfac60c2aa1bec155c08.bundle,面談駱思敏2,Branch,#Simple,16,あなた、非合法な商売をしたことがありますか？,
d0e81a4acd55cfac60c2aa1bec155c08.bundle,面談駱思敏2,Say,シミン･ラク,23,フンッ、むしろ「ゴミ溜め」じゃ、合法的な商売の方が珍しいでしょう？,
d0e81a4acd55cfac60c2aa1bec155c08.bundle,面談駱思敏2,Say,シミン･ラク,24,もちろん違法なことはやった。大したことじゃないけどね。,
d0e81a4acd55cfac60c2aa1bec155c08.bundle,面談駱思敏2,Branch,#Simple,17,わかりました。では他の質問をさせてください。,
d0e81a4acd55cfac60c2aa1bec155c08.bundle,面談駱思敏2,Branch,#Simple,18,それは人身売買と関係がありますか？,
d0e81a4acd55cfac60c2aa1bec155c08.bundle,面談駱思敏2,Say,シミン･ラク,25,はっ！？,
d0e81a4acd55cfac60c2aa1bec155c08.bundle,面談駱思敏2,Say,シミン･ラク,26,そ、そんなわけないでしょう！？私が人身売買だなんて……！,
d0e81a4acd55cfac60c2aa1bec155c08.bundle,面談駱思敏2,Say,心の声,4,明らかに動揺している。,
d0e81a4acd55cfac60c2aa1bec155c08.bundle,面談駱思敏2,Say,リン･テイ,0,ジェイ！,
d0e81a4acd55cfac60c2aa1bec155c08.bundle,面談駱思敏2,Say,リン･テイ,1,そこまでにして。彼女に気づかれちゃう。,
d0e81a4acd55cfac60c2aa1bec155c08.bundle,面談駱思敏2,Say,リン･テイ,2,これ以上は、彼女と二人になった時に聞きましょう。,
d0e81a4acd55cfac60c2aa1bec155c08.bundle,面談駱思敏2,Branch,#Simple,19,わかりました。では他の質問に移りましょう。,
d0e81a4acd55cfac60c2aa1bec155c08.bundle,面談駱思敏2,Branch,#Simple,20,では他の質問に移りましょう。,
d0e81a4acd55cfac60c2aa1bec155c08.bundle,面談駱思敏2,Branch,#Simple,21,その仕事が家族に影響を及ぼしたことはありますか？,
d0e81a4acd55cfac60c2aa1bec155c08.bundle,面談駱思敏2,Say,シミン･ラク,27,家族に？,
d0e81a4acd55cfac60c2aa1bec155c08.bundle,面談駱思敏2,Say,シミン･ラク,28,別に影響はないわよ。,
d0e81a4acd55cfac60c2aa1bec155c08.bundle,面談駱思敏2,Branch,#Simple,22,子どもが有毒産廃に触れてしまったことなどありませんか？,
d0e81a4acd55cfac60c2aa1bec155c08.bundle,面談駱思敏2,Say,シミン･ラク,29,子ども？どうして子どものことが気になるのよ？,
d0e81a4acd55cfac60c2aa1bec155c08.bundle,面談駱思敏2,Say,シミン･ラク,30,私の娘がどうなろうと、あなたに関係ないでしょう！,
d0e81a4acd55cfac60c2aa1bec155c08.bundle,面談駱思敏2,Branch,#Simple,23,それは娘に関心がないということですか？,
d0e81a4acd55cfac60c2aa1bec155c08.bundle,面談駱思敏2,Say,シミン･ラク,31,違う！私が言いたいのは、娘のことは今回の面談とは関係ないってこと！,
d0e81a4acd55cfac60c2aa1bec155c08.bundle,面談駱思敏2,Say,シミン･ラク,32,私は娘のことを大事に思っている！さっきの言葉、撤回しなさいよ！,
d0e81a4acd55cfac60c2aa1bec155c08.bundle,面談駱思敏2,Branch,#Simple,24,失言でした。すみません。,
d0e81a4acd55cfac60c2aa1bec155c08.bundle,面談駱思敏2,Say,シミン･ラク,33,……,
d0e81a4acd55cfac60c2aa1bec155c08.bundle,面談駱思敏2,Say,心の声,5,彼女はかなり神経を張り詰めている。,
d0e81a4acd55cfac60c2aa1bec155c08.bundle,面談駱思敏2,Branch,#Simple,25,では次の質問です。,
d0e81a4acd55cfac60c2aa1bec155c08.bundle,面談駱思敏2,Say,シミン･ラク,34,まだあるの……？,
d0e81a4acd55cfac60c2aa1bec155c08.bundle,面談駱思敏2,Branch,#Simple,26,私たちはあなたの家庭状況について知りたいだけです。,
d0e81a4acd55cfac60c2aa1bec155c08.bundle,面談駱思敏2,Say,心の声,6,目を逸らした……？,
d0e81a4acd55cfac60c2aa1bec155c08.bundle,面談駱思敏2,Say,シミン･ラク,35,……,
d0e81a4acd55cfac60c2aa1bec155c08.bundle,面談駱思敏2,Say,シミン･ラク,36,私の娘は健康だし、彼女に危害を加えたりはしていない。,
d0e81a4acd55cfac60c2aa1bec155c08.bundle,面談駱思敏2,Say,心の声,7,それなのに、自分の子どもを万象に売ったのか……？,
d0e81a4acd55cfac60c2aa1bec155c08.bundle,面談駱思敏2,Branch,#Simple,27,そうですか、わかりました。,
d0e81a4acd55cfac60c2aa1bec155c08.bundle,面談駱思敏2,Say,心の声,8,怪訝な顔で俺を見ている。,
d0e81a4acd55cfac60c2aa1bec155c08.bundle,面談駱思敏2,Branch,#Simple,28,お子様は今年で何歳ですか？,
d0e81a4acd55cfac60c2aa1bec155c08.bundle,面談駱思敏2,Say,シミン･ラク,37,……,
d0e81a4acd55cfac60c2aa1bec155c08.bundle,面談駱思敏2,Say,シミン･ラク,38,七歳よ。もう小学生に通う歳ね。,
d0e81a4acd55cfac60c2aa1bec155c08.bundle,面談駱思敏2,Say,シミン･ラク,39,でも「ゴミ溜め」じゃ、通える学校なんてない。,
d0e81a4acd55cfac60c2aa1bec155c08.bundle,面談駱思敏2,Branch,#Simple,29,ずっと家にいるんですか？,
d0e81a4acd55cfac60c2aa1bec155c08.bundle,面談駱思敏2,Say,シミン･ラク,40,……そうよ。,
d0e81a4acd55cfac60c2aa1bec155c08.bundle,面談駱思敏2,Branch,#Simple,30,教育はどうしているんですか？,
d0e81a4acd55cfac60c2aa1bec155c08.bundle,面談駱思敏2,Branch,#Simple,31,……,
d0e81a4acd55cfac60c2aa1bec155c08.bundle,面談駱思敏2,Say,シミン･ラク,41,家の大人たちが教えてる。,
d0e81a4acd55cfac60c2aa1bec155c08.bundle,面談駱思敏2,Say,シミン･ラク,42,でも、大したことは教えられないけどね……,
d0e81a4acd55cfac60c2aa1bec155c08.bundle,面談駱思敏2,Say,シミン･ラク,43,彼女も私と同じく、ゴミ溜めの中でゴミとして一生を終えることになる……,
d0e81a4acd55cfac60c2aa1bec155c08.bundle,面談駱思敏2,Say,シミン･ラク,44,私たちみたいな人間に、選択肢なんてない。,
d0e81a4acd55cfac60c2aa1bec155c08.bundle,面談駱思敏2,Say,心の声,9,……,
d0e81a4acd55cfac60c2aa1bec155c08.bundle,面談駱思敏2,Branch,#Simple,32,ならどうして産んだんですか？,
d0e81a4acd55cfac60c2aa1bec155c08.bundle,面談駱思敏2,Say,シミン･ラク,45,はあ？,
d0e81a4acd55cfac60c2aa1bec155c08.bundle,面談駱思敏2,Say,心の声,10,なぜ俺はこんな失礼なことを言ったんだ……？,
d0e81a4acd55cfac60c2aa1bec155c08.bundle,面談駱思敏2,Say,シミン･ラク,46,産むかどうかは私の自由でしょう？,
d0e81a4acd55cfac60c2aa1bec155c08.bundle,面談駱思敏2,Branch,#Simple,33,そんな環境で子どもを産んでも、苦しい人生を歩ませるだけでは？,
d0e81a4acd55cfac60c2aa1bec155c08.bundle,面談駱思敏2,Say,シミン･ラク,47,あんたね……！,
d0e81a4acd55cfac60c2aa1bec155c08.bundle,面談駱思敏2,Say,リン･テイ,3,ジェイ、もうやめて……！,
d0e81a4acd55cfac60c2aa1bec155c08.bundle,面談駱思敏2,Say,シミン･ラク,48,あー、はいはい。,
d0e81a4acd55cfac60c2aa1bec155c08.bundle,面談駱思敏2,Say,シミン･ラク,49,私たちは間違ってて、正しいのは全部あんたたちよ。,
d0e81a4acd55cfac60c2aa1bec155c08.bundle,面談駱思敏2,Say,シミン･ラク,50,あんたたちには、私たちが愚かに見えてるんでしょうね。,
d0e81a4acd55cfac60c2aa1bec155c08.bundle,面談駱思敏2,Branch,#Simple,34,私はただ、あなたについて知りたいだけです。,
d0e81a4acd55cfac60c2aa1bec155c08.bundle,面談駱思敏2,Branch,#Simple,35,あなたは選択を誤ったと言いたいだけです。,
d0e81a4acd55cfac60c2aa1bec155c08.bundle,面談駱思敏2,Say,シミン･ラク,51,ヤバすぎ……,
d0e81a4acd55cfac60c2aa1bec155c08.bundle,面談駱思敏2,Branch,#Simple,36,すみません、言い過ぎました。あなたを不快にさせるつもりはありません。,
d0e81a4acd55cfac60c2aa1bec155c08.bundle,面談駱思敏2,Say,シミン･ラク,52,……,
d0e81a4acd55cfac60c2aa1bec155c08.bundle,面談駱思敏2,Say,シミン･ラク,53,……,
d0e81a4acd55cfac60c2aa1bec155c08.bundle,面談駱思敏2,Say,シミン･ラク,54,もういい。,
d0e81a4acd55cfac60c2aa1bec155c08.bundle,面談駱思敏2,Say,シミン･ラク,55,他に質問があるならさっさと聞いて。,
d0e81a4acd55cfac60c2aa1bec155c08.bundle,面談駱思敏2,Say,シミン･ラク,56,あんたなんか死んじまえ、クソ野郎。,
d0e81a4acd55cfac60c2aa1bec155c08.bundle,面談駱思敏2,Say,シミン･ラク,57,こんな仕事、結構よ。,
d0e81a4acd55cfac60c2aa1bec155c08.bundle,面談駱思敏2,Branch,#Simple,37,また間違った選択をするのですか？,
d0e81a4acd55cfac60c2aa1bec155c08.bundle,面談駱思敏2,Branch,#Simple,38,待ってください。私は別に不快にさせたいわけじゃありません。,
d0e81a4acd55cfac60c2aa1bec155c08.bundle,面談駱思敏2,Say,シミン･ラク,58,死ね。,
d0e81a4acd55cfac60c2aa1bec155c08.bundle,面談駱思敏2,Branch,#Simple,39,……,
d0e81a4acd55cfac60c2aa1bec155c08.bundle,面談駱思敏2,Say,心の声,11,やっちまった……,
d0e81a4acd55cfac60c2aa1bec155c08.bundle,面談駱思敏2,Say,リン･テイ,4,もし彼女が本当に断るなら……,
d0e81a4acd55cfac60c2aa1bec155c08.bundle,面談駱思敏2,Say,リン･テイ,5,人選が一人減ることになる。,
d0e81a4acd55cfac60c2aa1bec155c08.bundle,面談駱思敏2,Branch,#Simple,40,勢いに任せて言っただけだろ。,
d0e81a4acd55cfac60c2aa1bec155c08.bundle,面談駱思敏2,Say,リン･テイ,6,その可能性もあるけど……,
d0e81a4acd55cfac60c2aa1bec155c08.bundle,面談駱思敏2,Branch,#Simple,41,やってしまった。,
d0e81a4acd55cfac60c2aa1bec155c08.bundle,面談駱思敏2,Branch,#Simple,42,……,
d0e81a4acd55cfac60c2aa1bec155c08.bundle,面談駱思敏2,Say,リン･テイ,7,……,
d0e81a4acd55cfac60c2aa1bec155c08.bundle,面談駱思敏2,Say,リン･テイ,8,あ……,
d0e81a4acd55cfac60c2aa1bec155c08.bundle,面談駱思敏2,Say,リン･テイ,9,彼女が応募を取り消したみたい。,
d0e81a4acd55cfac60c2aa1bec155c08.bundle,面談駱思敏2,Branch,#Simple,43,すまない。,
d0e81a4acd55cfac60c2aa1bec155c08.bundle,面談駱思敏2,Branch,#Simple,44,次の人の方が適任かもしれないし大丈夫だろ。,
d0e81a4acd55cfac60c2aa1bec155c08.bundle,面談駱思敏2,Say,リン･テイ,10,それはどうでしょうね……,
d0e81a4acd55cfac60c2aa1bec155c08.bundle,面談駱思敏2,Say,リン･テイ,11,仕方ないわね。,
d0e81a4acd55cfac60c2aa1bec155c08.bundle,面談駱思敏2,Branch,#Simple,45,……,
d0e81a4acd55cfac60c2aa1bec155c08.bundle,面談駱思敏2,Say,リン･テイ,12,こうなったら次の面談者に期待するしかない。,
d0e81a4acd55cfac60c2aa1bec155c08.bundle,面談駱思敏2,Say,リン･テイ,13,二人から一人を選ぶ必要はなくなったね。,
d0e81a4acd55cfac60c2aa1bec155c08.bundle,面談駱思敏2,Say,リン･テイ,14,ハハ……,
d0e81a4acd55cfac60c2aa1bec155c08.bundle,面談駱思敏2,Branch,#Simple,46,わかりました。では他の質問に移りましょう。,
d0e81a4acd55cfac60c2aa1bec155c08.bundle,面談駱思敏2,Say,シミン･ラク,59,フンッ……,
d0e81a4acd55cfac60c2aa1bec155c08.bundle,面談駱思敏2,Branch,#Simple,47,……,
d0e81a4acd55cfac60c2aa1bec155c08.bundle,面談駱思敏2,Branch,#Simple,48,あなたのお子さんは今どこにいるのですか？,
d0e81a4acd55cfac60c2aa1bec155c08.bundle,面談駱思敏2,Say,シミン･ラク,60,……そんなことを聞いてどうするの？,
d0e81a4acd55cfac60c2aa1bec155c08.bundle,面談駱思敏2,Say,シミン･ラク,61,本当に私の娘に興味津々ね……,
d0e81a4acd55cfac60c2aa1bec155c08.bundle,面談駱思敏2,Say,シミン･ラク,62,ずっと私の娘のことばっかり。,
d0e81a4acd55cfac60c2aa1bec155c08.bundle,面談駱思敏2,Say,シミン･ラク,63,面談とは関係のないことでしょう？,
d0e81a4acd55cfac60c2aa1bec155c08.bundle,面談駱思敏2,Branch,#Simple,49,答えてください。,
d0e81a4acd55cfac60c2aa1bec155c08.bundle,面談駱思敏2,Branch,#Simple,50,関係はあります。,
d0e81a4acd55cfac60c2aa1bec155c08.bundle,面談駱思敏2,Say,シミン･ラク,64,嫌よ。答えたくない。,
d0e81a4acd55cfac60c2aa1bec155c08.bundle,面談駱思敏2,Branch,#Simple,51,答えないなら、採用はしません。,
d0e81a4acd55cfac60c2aa1bec155c08.bundle,面談駱思敏2,Say,シミン･ラク,65,またそれ？いい加減にしてよ……！,
d0e81a4acd55cfac60c2aa1bec155c08.bundle,面談駱思敏2,Say,シミン･ラク,66,……,
d0e81a4acd55cfac60c2aa1bec155c08.bundle,面談駱思敏2,Say,シミン･ラク,67,あー、もう！,
d0e81a4acd55cfac60c2aa1bec155c08.bundle,面談駱思敏2,Say,シミン･ラク,68,今は家にいる。,
d0e81a4acd55cfac60c2aa1bec155c08.bundle,面談駱思敏2,Say,シミン･ラク,69,さっきも言ったでしょう。,
d0e81a4acd55cfac60c2aa1bec155c08.bundle,面談駱思敏2,Say,シミン･ラク,70,大人たちが彼女の面倒を見てるの。,
d0e81a4acd55cfac60c2aa1bec155c08.bundle,面談駱思敏2,Branch,#Simple,52,わかりました。では他の質問に移りましょう。,
d0e81a4acd55cfac60c2aa1bec155c08.bundle,面談駱思敏2,Branch,#Simple,53,質問は以上です。,
d0e81a4acd55cfac60c2aa1bec155c08.bundle,面談駱思敏2,Say,シミン･ラク,71,はぁ！？バカにしてるの！？,
d0e81a4acd55cfac60c2aa1bec155c08.bundle,面談駱思敏2,Say,リン･テイ,15,ジェイ……,
d0e81a4acd55cfac60c2aa1bec155c08.bundle,面談駱思敏2,Say,シミン･ラク,72,これだけ！？,
d0e81a4acd55cfac60c2aa1bec155c08.bundle,面談駱思敏2,Say,リン･テイ,16,ジェイ！もう少し聞いた方がいいんじゃない？,
d0e81a4acd55cfac60c2aa1bec155c08.bundle,面談駱思敏2,Branch,#Simple,54,もう十分だと思う。,
d0e81a4acd55cfac60c2aa1bec155c08.bundle,面談駱思敏2,Say,シミン･ラク,73,はっ？十分ってなに？,
d0e81a4acd55cfac60c2aa1bec155c08.bundle,面談駱思敏2,Say,リン･テイ,17,ちょっと、こっちに返事しないでよ！,
d0e81a4acd55cfac60c2aa1bec155c08.bundle,面談駱思敏2,Say,心の声,12,危ない……,
d0e81a4acd55cfac60c2aa1bec155c08.bundle,面談駱思敏2,Say,心の声,13,すっかり忘れてた……,
d0e81a4acd55cfac60c2aa1bec155c08.bundle,面談駱思敏2,Branch,#Simple,55,待ってください。他にも質問があります。,
d0e81a4acd55cfac60c2aa1bec155c08.bundle,面談駱思敏2,Say,シミン･ラク,74,……何よ。,
d0e81a4acd55cfac60c2aa1bec155c08.bundle,面談駱思敏2,Say,シミン･ラク,75,面談はこれで終わり？,
d0e81a4acd55cfac60c2aa1bec155c08.bundle,面談駱思敏2,Branch,#Simple,56,はい。,
d0e81a4acd55cfac60c2aa1bec155c08.bundle,面談駱思敏2,Branch,#Simple,57,あなたの方からは何かありますか？,
d0e81a4acd55cfac60c2aa1bec155c08.bundle,面談駱思敏2,Say,シミン･ラク,76,ない。,
d0e81a4acd55cfac60c2aa1bec155c08.bundle,面談駱思敏2,Say,シミン･ラク,77,じゃ、もう帰るから。あんたらからの通知を待てばいいのよね？,
d0e81a4acd55cfac60c2aa1bec155c08.bundle,面談駱思敏2,Branch,#Simple,58,そうです。,
d0e81a4acd55cfac60c2aa1bec155c08.bundle,面談駱思敏2,Branch,#Simple,59,すぐ通知が届くと思います。,
d0e81a4acd55cfac60c2aa1bec155c08.bundle,面談駱思敏2,Say,シミン･ラク,78,だったらいいけどね。,
d0e81a4acd55cfac60c2aa1bec155c08.bundle,面談駱思敏2,Say,心の声,14,最後まで態度が最悪だったな。,
d0e81a4acd55cfac60c2aa1bec155c08.bundle,面談駱思敏2,Say,リン･テイ,18,全然協力的じゃなかったね……,
d0e81a4acd55cfac60c2aa1bec155c08.bundle,面談駱思敏2,Branch,#Simple,60,彼女は良い人選ではなさそうだ。,
d0e81a4acd55cfac60c2aa1bec155c08.bundle,面談駱思敏2,Say,リン･テイ,19,うん……,
d0e81a4acd55cfac60c2aa1bec155c08.bundle,面談駱思敏2,Branch,#Simple,61,悪くないと思う。,
d0e81a4acd55cfac60c2aa1bec155c08.bundle,面談駱思敏2,Say,リン･テイ,20,そう？,
d0e81a4acd55cfac60c2aa1bec155c08.bundle,面談駱思敏2,Branch,#Simple,62,次の人も見てみよう。,
d0e81a4acd55cfac60c2aa1bec155c08.bundle,面談駱思敏2,Say,リン･テイ,21,そうね。,
d0e81a4acd55cfac60c2aa1bec155c08.bundle,面談駱思敏2,Say,リン･テイ,22,次の人が入ってきそうだから、パパッと情報を伝えるね！,
d0e81a4acd55cfac60c2aa1bec155c08.bundle,面談駱思敏2,Say,リン･テイ,23,次の人はショウブン･チンよ。,
d0e81a4acd55cfac60c2aa1bec155c08.bundle,面談駱思敏2,Say,リン･テイ,24,さっきのラクさんより資料はずっと多いけど、内容はシンプルね。,
d0e81a4acd55cfac60c2aa1bec155c08.bundle,面談駱思敏2,Say,リン･テイ,25,貧民街の住民で、犯罪記録はない。今は奥さんと息子一人と暮らしているみたい。,
d0e81a4acd55cfac60c2aa1bec155c08.bundle,面談駱思敏2,Say,リン･テイ,26,仕事は万象の廃棄物処理部の警備員ね。,
d0e81a4acd55cfac60c2aa1bec155c08.bundle,面談駱思敏2,Say,リン･テイ,27,収入はそれほど高くはなくて、主に奥さんが家計を支えているみたい。,
d0e81a4acd55cfac60c2aa1bec155c08.bundle,面談駱思敏2,Say,リン･テイ,28,でも最近その奥さんと離婚したから、今はお金に困ってるみたい。,
d0e81a4acd55cfac60c2aa1bec155c08.bundle,面談駱思敏2,Branch,#Simple,63,離婚？子どもの親権はどっちなんだ？,
d0e81a4acd55cfac60c2aa1bec155c08.bundle,面談駱思敏2,Say,リン･テイ,29,まだ裁判中らしいけど、今は交代で面倒を見てるみたい。,
d0e81a4acd55cfac60c2aa1bec155c08.bundle,面談駱思敏2,Say,リン･テイ,30,ジェイが何を聞きたいかはわかってるわ。,
d0e81a4acd55cfac60c2aa1bec155c08.bundle,面談駱思敏2,Say,リン･テイ,31,子どもはショウブン･チンが万象に売ったの。元奥さんは何も知らないみたい。,
d0e81a4acd55cfac60c2aa1bec155c08.bundle,面談駱思敏2,Say,リン･テイ,32,今は警察に失踪で届け出を出しているみたい。,
d0e81a4acd55cfac60c2aa1bec155c08.bundle,面談駱思敏2,Say,リン･テイ,33,でも「ゴミ溜め」の戸籍すらない子どもだからね……,
d0e81a4acd55cfac60c2aa1bec155c08.bundle,面談駱思敏2,Say,リン･テイ,34,警察は動かないでしょうね。,
d0e81a4acd55cfac60c2aa1bec155c08.bundle,面談駱思敏2,Branch,#Simple,64,……,
d0e81a4acd55cfac60c2aa1bec155c08.bundle,面談駱思敏2,Say,リン･テイ,35,来たよ。,
d0e81a4acd55cfac60c2aa1bec155c08.bundle,面談陳昇文,Say,ショウブン･チン,0,初めまして、ショウブン･チンです。,
d0e81a4acd55cfac60c2aa1bec155c08.bundle,面談陳昇文,Say,ショウブン･チン,1,こんなにも沢山の人を面談するなんて、大変なお仕事ですね！,
d0e81a4acd55cfac60c2aa1bec155c08.bundle,面談陳昇文,Say,心の声,0,さっきの女とは態度が大違いだ……,
d0e81a4acd55cfac60c2aa1bec155c08.bundle,面談陳昇文,Branch,#Simple,0,ハハ、そんなことはないですよ。,
d0e81a4acd55cfac60c2aa1bec155c08.bundle,面談陳昇文,Say,ショウブン･チン,2,優しい面接官の方みたいで、安心しました！,
d0e81a4acd55cfac60c2aa1bec155c08.bundle,面談陳昇文,Branch,#Simple,1,今日、面談するのは二人だけですよ。,
d0e81a4acd55cfac60c2aa1bec155c08.bundle,面談陳昇文,Say,ショウブン･チン,3,あ、えっと……,
d0e81a4acd55cfac60c2aa1bec155c08.bundle,面談陳昇文,Say,ショウブン･チン,4,ふ、二人も面談するなんて大変ですね！,
d0e81a4acd55cfac60c2aa1bec155c08.bundle,面談陳昇文,Branch,#Simple,2,……,
d0e81a4acd55cfac60c2aa1bec155c08.bundle,面談陳昇文,Say,ショウブン･チン,5,ゴホン！,
d0e81a4acd55cfac60c2aa1bec155c08.bundle,面談陳昇文,Say,ショウブン･チン,6,では自己紹介をさせてください。,
d0e81a4acd55cfac60c2aa1bec155c08.bundle,面談陳昇文,Say,ショウブン･チン,7,実は私も、万象グループに勤めているんですよ。,
d0e81a4acd55cfac60c2aa1bec155c08.bundle,面談陳昇文,Branch,#Simple,3,何の仕事ですか？,
d0e81a4acd55cfac60c2aa1bec155c08.bundle,面談陳昇文,Say,ショウブン･チン,8,以前は夜勤の警備員でした。,
d0e81a4acd55cfac60c2aa1bec155c08.bundle,面談陳昇文,Say,心の声,1,以前？,
d0e81a4acd55cfac60c2aa1bec155c08.bundle,面談陳昇文,Branch,#Simple,4,以前というのは？,
d0e81a4acd55cfac60c2aa1bec155c08.bundle,面談陳昇文,Say,ショウブン･チン,9,実は会社が警備用のロボット犬を導入しましてね……,
d0e81a4acd55cfac60c2aa1bec155c08.bundle,面談陳昇文,Say,心の声,2,クビになったのか。,
d0e81a4acd55cfac60c2aa1bec155c08.bundle,面談陳昇文,Say,リン･テイ,0,助っ人さんがくれた資料には載ってないね。結構最近のことかも。,
d0e81a4acd55cfac60c2aa1bec155c08.bundle,面談陳昇文,Branch,#Simple,5,……,
d0e81a4acd55cfac60c2aa1bec155c08.bundle,面談陳昇文,Branch,#Simple,6,それは偶然ですね。,
d0e81a4acd55cfac60c2aa1bec155c08.bundle,面談陳昇文,Say,ショウブン･チン,10,そ、そうなんですよ！,
d0e81a4acd55cfac60c2aa1bec155c08.bundle,面談陳昇文,Branch,#Simple,7,……,
d0e81a4acd55cfac60c2aa1bec155c08.bundle,面談陳昇文,Say,ショウブン･チン,11,私は万象の企業理念に感銘を受け、ここで演算力供給をしたいと思いました。,
d0e81a4acd55cfac60c2aa1bec155c08.bundle,面談陳昇文,Say,ショウブン･チン,12,どうか合格させてください。,
d0e81a4acd55cfac60c2aa1bec155c08.bundle,面談陳昇文,Branch,#Simple,8,自己紹介がまだ途中ですよ。,
d0e81a4acd55cfac60c2aa1bec155c08.bundle,面談陳昇文,Say,ショウブン･チン,13,は、はい。,
d0e81a4acd55cfac60c2aa1bec155c08.bundle,面談陳昇文,Branch,#Simple,9,媚びを売っても無駄ですよ。,
d0e81a4acd55cfac60c2aa1bec155c08.bundle,面談陳昇文,Say,ショウブン･チン,14,私はただ……,
d0e81a4acd55cfac60c2aa1bec155c08.bundle,面談陳昇文,Branch,#Simple,10,……,
d0e81a4acd55cfac60c2aa1bec155c08.bundle,面談陳昇文,Say,ショウブン･チン,15,ゴホン！,
d0e81a4acd55cfac60c2aa1bec155c08.bundle,面談陳昇文,Say,ショウブン･チン,16,正直な話、私の生活面に関しては、あまりお話しできることはありません。,
d0e81a4acd55cfac60c2aa1bec155c08.bundle,面談陳昇文,Say,ショウブン･チン,17,奥さんと離婚し、今は一人暮らしている。,
d0e81a4acd55cfac60c2aa1bec155c08.bundle,面談陳昇文,Say,ショウブン･チン,18,それだけですね。,
d0e81a4acd55cfac60c2aa1bec155c08.bundle,面談陳昇文,Branch,#Simple,11,どうして離婚したのですか？,
d0e81a4acd55cfac60c2aa1bec155c08.bundle,面談陳昇文,Say,ショウブン･チン,19,そ、そんなことまで聞くのですか……？,
d0e81a4acd55cfac60c2aa1bec155c08.bundle,面談陳昇文,Branch,#Simple,12,はい。,
d0e81a4acd55cfac60c2aa1bec155c08.bundle,面談陳昇文,Branch,#Simple,13,答えてください。,
d0e81a4acd55cfac60c2aa1bec155c08.bundle,面談陳昇文,Say,ショウブン･チン,20,は、はい。,
d0e81a4acd55cfac60c2aa1bec155c08.bundle,面談陳昇文,Say,ショウブン･チン,21,主な原因は、コミュニケーションの問題ですね。,
d0e81a4acd55cfac60c2aa1bec155c08.bundle,面談陳昇文,Branch,#Simple,14,それだけですか？,
d0e81a4acd55cfac60c2aa1bec155c08.bundle,面談陳昇文,Say,ショウブン･チン,22,はい。,
d0e81a4acd55cfac60c2aa1bec155c08.bundle,面談陳昇文,Branch,#Simple,15,わかりました。では次の質問です。,
d0e81a4acd55cfac60c2aa1bec155c08.bundle,面談陳昇文,Branch,#Simple,16,……,
d0e81a4acd55cfac60c2aa1bec155c08.bundle,面談陳昇文,Branch,#Simple,17,子どもはいますか？,
d0e81a4acd55cfac60c2aa1bec155c08.bundle,面談陳昇文,Say,ショウブン･チン,23,はい。,
d0e81a4acd55cfac60c2aa1bec155c08.bundle,面談陳昇文,Branch,#Simple,18,今はどちらが面倒を見ているのですか？,
d0e81a4acd55cfac60c2aa1bec155c08.bundle,面談陳昇文,Say,ショウブン･チン,24,お互いに面倒を見ています。,
d0e81a4acd55cfac60c2aa1bec155c08.bundle,面談陳昇文,Branch,#Simple,19,……,
d0e81a4acd55cfac60c2aa1bec155c08.bundle,面談陳昇文,Say,ショウブン･チン,25,息子はもう10歳で、普段は一人でお留守番もできます。,
d0e81a4acd55cfac60c2aa1bec155c08.bundle,面談陳昇文,Branch,#Simple,20,彼は今どこにいますか？,
d0e81a4acd55cfac60c2aa1bec155c08.bundle,面談陳昇文,Say,ショウブン･チン,26,どこって、どういうことですか？,
d0e81a4acd55cfac60c2aa1bec155c08.bundle,面談陳昇文,Branch,#Simple,21,今、面倒を見ているのはあなたですか？それとも離婚した奥さんですか？,
d0e81a4acd55cfac60c2aa1bec155c08.bundle,面談陳昇文,Say,ショウブン･チン,27,今は私ですね。,
d0e81a4acd55cfac60c2aa1bec155c08.bundle,面談陳昇文,Branch,#Simple,22,あなたの自宅にいるんですか？,
d0e81a4acd55cfac60c2aa1bec155c08.bundle,面談陳昇文,Say,ショウブン･チン,28,はい。,
d0e81a4acd55cfac60c2aa1bec155c08.bundle,面談陳昇文,Branch,#Simple,23,……,
d0e81a4acd55cfac60c2aa1bec155c08.bundle,面談陳昇文,Say,心の声,3,こいつ……,
d0e81a4acd55cfac60c2aa1bec155c08.bundle,面談陳昇文,Say,心の声,4,息子が失踪したことについては言わないつもりか……？,
d0e81a4acd55cfac60c2aa1bec155c08.bundle,面談陳昇文,Branch,#Simple,24,どうしてこの仕事に応募したんですか？,
d0e81a4acd55cfac60c2aa1bec155c08.bundle,面談陳昇文,Say,ショウブン･チン,29,お金が必要ですから。,
d0e81a4acd55cfac60c2aa1bec155c08.bundle,面談陳昇文,Branch,#Simple,25,最近何かお金が必要なことでもありましたか？,
d0e81a4acd55cfac60c2aa1bec155c08.bundle,面談陳昇文,Say,ショウブン･チン,30,いいえ。,
d0e81a4acd55cfac60c2aa1bec155c08.bundle,面談陳昇文,Branch,#Simple,26,お金は何のために必要なんですか？,
d0e81a4acd55cfac60c2aa1bec155c08.bundle,面談陳昇文,Say,ショウブン･チン,31,生活のためですね。,
d0e81a4acd55cfac60c2aa1bec155c08.bundle,面談陳昇文,Say,心の声,5,大した情報を出さないな……,
d0e81a4acd55cfac60c2aa1bec155c08.bundle,面談陳昇文,Branch,#Simple,27,質問は以上です。,
d0e81a4acd55cfac60c2aa1bec155c08.bundle,面談陳昇文,Say,ショウブン･チン,32,もう終わりですか？,
d0e81a4acd55cfac60c2aa1bec155c08.bundle,面談陳昇文,Say,リン･テイ,1,ジェイ！もう少し聞いた方がいいんじゃない？,
d0e81a4acd55cfac60c2aa1bec155c08.bundle,面談陳昇文,Branch,#Simple,28,もう十分だと思う。,
d0e81a4acd55cfac60c2aa1bec155c08.bundle,面談陳昇文,Say,ショウブン･チン,33,えっ？十分ってどういうことですか？,
d0e81a4acd55cfac60c2aa1bec155c08.bundle,面談陳昇文,Say,リン･テイ,2,ちょっと、こっちに返事しないでよ！,
d0e81a4acd55cfac60c2aa1bec155c08.bundle,面談陳昇文,Say,心の声,6,危ない……,
d0e81a4acd55cfac60c2aa1bec155c08.bundle,面談陳昇文,Say,心の声,7,すっかり忘れてた……,
d0e81a4acd55cfac60c2aa1bec155c08.bundle,面談陳昇文,Branch,#Simple,29,待ってください。他にも質問があります。,
d0e81a4acd55cfac60c2aa1bec155c08.bundle,面談陳昇文,Say,ショウブン･チン,34,……何でしょうか。,
d0e81a4acd55cfac60c2aa1bec155c08.bundle,面談陳昇文,Say,ショウブン･チン,35,えっ……,
d0e81a4acd55cfac60c2aa1bec155c08.bundle,面談陳昇文,Say,ショウブン･チン,36,はい……？,
d0e81a4acd55cfac60c2aa1bec155c08.bundle,面談陳昇文,Say,ショウブン･チン,37,もう面談が終わったってことですか？,
d0e81a4acd55cfac60c2aa1bec155c08.bundle,面談陳昇文,Branch,#Simple,30,はい。,
d0e81a4acd55cfac60c2aa1bec155c08.bundle,面談陳昇文,Say,ショウブン･チン,38,そうですか。じゃ、私はこれで。,
d0e81a4acd55cfac60c2aa1bec155c08.bundle,面談陳昇文,Branch,#Simple,31,あなたの方からは何かありますか？,
d0e81a4acd55cfac60c2aa1bec155c08.bundle,面談陳昇文,Say,ショウブン･チン,39,あっ、はい！,
d0e81a4acd55cfac60c2aa1bec155c08.bundle,面談陳昇文,Say,ショウブン･チン,40,とてもお優しい面接官さんのおかげで、とても楽しい面談でした。,
d0e81a4acd55cfac60c2aa1bec155c08.bundle,面談陳昇文,Branch,#Simple,32,そうですか。ありがとうございました。,
d0e81a4acd55cfac60c2aa1bec155c08.bundle,面談陳昇文,Say,ショウブン･チン,41,こちらこそ、ありがとうございました！,
d0e81a4acd55cfac60c2aa1bec155c08.bundle,面談陳昇文,Branch,#Simple,33,私の仕事はあなたを楽しませることではありません。,
d0e81a4acd55cfac60c2aa1bec155c08.bundle,面談陳昇文,Say,ショウブン･チン,42,あっ、もちろんです。私が言いたいのは……,
d0e81a4acd55cfac60c2aa1bec155c08.bundle,面談陳昇文,Say,ショウブン･チン,43,えっと……,
d0e81a4acd55cfac60c2aa1bec155c08.bundle,面談陳昇文,Branch,#Simple,34,媚びを売るのやめてください。,
d0e81a4acd55cfac60c2aa1bec155c08.bundle,面談陳昇文,Say,ショウブン･チン,44,そ、そんなことありません！,
d0e81a4acd55cfac60c2aa1bec155c08.bundle,面談陳昇文,Say,ショウブン･チン,45,本当のことを言っただけですよ、ハハハ……,
d0e81a4acd55cfac60c2aa1bec155c08.bundle,面談陳昇文,Say,ショウブン･チン,46,ゴホン！,
d0e81a4acd55cfac60c2aa1bec155c08.bundle,面談陳昇文,Say,ショウブン･チン,47,じゃ、私はこれで失礼しますね。,
d0e81a4acd55cfac60c2aa1bec155c08.bundle,面談陳昇文,Say,ショウブン･チン,48,後で通知が届くんですよね。,
d0e81a4acd55cfac60c2aa1bec155c08.bundle,面談陳昇文,Branch,#Simple,35,はい。,
d0e81a4acd55cfac60c2aa1bec155c08.bundle,面談陳昇文,Branch,#Simple,36,すぐに届くと思います。,
d0e81a4acd55cfac60c2aa1bec155c08.bundle,面談陳昇文,Say,ショウブン･チン,49,わかりました。本日は本当にありがとうございました。,
d0e81a4acd55cfac60c2aa1bec155c08.bundle,面談陳昇文,Say,心の声,8,気持ち悪い人だ……,
d0e81a4acd55cfac60c2aa1bec155c08.bundle,面談陳昇文,Say,リン･テイ,3,ジェイ……,
d0e81a4acd55cfac60c2aa1bec155c08.bundle,面談陳昇文,Say,リン･テイ,4,シミン･ラクが断った今、ショウブン･チンを選ぶしかないよ。,
d0e81a4acd55cfac60c2aa1bec155c08.bundle,面談陳昇文,Say,リン･テイ,5,ジェイはどっちが良いと思う？,
d0e81a4acd55cfac60c2aa1bec155c08.bundle,面談陳昇文,Branch,#Simple,37,リンの意見は？,
d0e81a4acd55cfac60c2aa1bec155c08.bundle,面談陳昇文,Say,リン･テイ,6,えっ、私が先に聞いたのよ？,
d0e81a4acd55cfac60c2aa1bec155c08.bundle,面談陳昇文,Say,リン･テイ,7,私は……,
d0e81a4acd55cfac60c2aa1bec155c08.bundle,面談陳昇文,Say,リン･テイ,8,シミン･ラクはかなり気難しそうだから、ショウブン･チンの方が話しやすいかな……,
d0e81a4acd55cfac60c2aa1bec155c08.bundle,面談陳昇文,Say,リン･テイ,9,でも……,
d0e81a4acd55cfac60c2aa1bec155c08.bundle,面談陳昇文,Say,リン･テイ,10,ショウブン･チンは協力的だけど、あまり情報をくれなのよね……,
d0e81a4acd55cfac60c2aa1bec155c08.bundle,面談陳昇文,Say,リン･テイ,11,まあ、あくまでも私は音声を聞いてただけだし。,
d0e81a4acd55cfac60c2aa1bec155c08.bundle,面談陳昇文,Say,リン･テイ,12,現場にいたジェイの方が詳しいでしょう。,
d0e81a4acd55cfac60c2aa1bec155c08.bundle,面談陳昇文,Say,リン･テイ,13,判断は任せるよ。,
d0e81a4acd55cfac60c2aa1bec155c08.bundle,面談陳昇文,Branch,#Simple,38,シミン･ラクの方が適任だと思う。,
d0e81a4acd55cfac60c2aa1bec155c08.bundle,面談陳昇文,Say,リン･テイ,14,どうしてそう思ったの？,
d0e81a4acd55cfac60c2aa1bec155c08.bundle,面談陳昇文,Branch,#Simple,39,態度は悪いが、ハッキリものを言うからだ。,
d0e81a4acd55cfac60c2aa1bec155c08.bundle,面談陳昇文,Say,リン･テイ,15,ハッキリものを言うね……,
d0e81a4acd55cfac60c2aa1bec155c08.bundle,面談陳昇文,Say,リン･テイ,16,わかった。,
d0e81a4acd55cfac60c2aa1bec155c08.bundle,面談陳昇文,Branch,#Simple,40,勘だ。,
d0e81a4acd55cfac60c2aa1bec155c08.bundle,面談陳昇文,Say,リン･テイ,17,そうね。こういうことは勘に頼るしかないわよね。,
d0e81a4acd55cfac60c2aa1bec155c08.bundle,面談陳昇文,Branch,#Simple,41,彼女の方が、自分の子どもを大事に思っている気がする。,
d0e81a4acd55cfac60c2aa1bec155c08.bundle,面談陳昇文,Say,リン･テイ,18,……そうね。言いたいことはわかるわ。,
d0e81a4acd55cfac60c2aa1bec155c08.bundle,面談陳昇文,Say,リン･テイ,19,よし！じゃ、シミン･ラクにしよう。,
d0e81a4acd55cfac60c2aa1bec155c08.bundle,面談陳昇文,Branch,#Simple,42,ショウブン･チンの方が適任だと思う。,
d0e81a4acd55cfac60c2aa1bec155c08.bundle,面談陳昇文,Say,リン･テイ,20,どうしてそう思ったの？,
d0e81a4acd55cfac60c2aa1bec155c08.bundle,面談陳昇文,Branch,#Simple,43,彼はちゃんと質問に答えたからだ。,
d0e81a4acd55cfac60c2aa1bec155c08.bundle,面談陳昇文,Say,リン･テイ,21,ラクさんと比べたらそうね。,
d0e81a4acd55cfac60c2aa1bec155c08.bundle,面談陳昇文,Branch,#Simple,44,勘だ。,
d0e81a4acd55cfac60c2aa1bec155c08.bundle,面談陳昇文,Say,リン･テイ,22,そうね。こういうことは勘に頼るしかないわよね。,
d0e81a4acd55cfac60c2aa1bec155c08.bundle,面談陳昇文,Branch,#Simple,45,彼女の方が、自分の子どもを大事に思っている気がする。,
d0e81a4acd55cfac60c2aa1bec155c08.bundle,面談陳昇文,Say,リン･テイ,23,……私は逆だと思ったけどね。,
d0e81a4acd55cfac60c2aa1bec155c08.bundle,面談陳昇文,Say,リン･テイ,24,でも、ジェイの判断に任せるよ。,
d0e81a4acd55cfac60c2aa1bec155c08.bundle,面談陳昇文,Branch,#Simple,46,ショウブン･チンにしよう。,
d0e81a4acd55cfac60c2aa1bec155c08.bundle,面談陳昇文,Branch,#Simple,47,やっぱりシミン･ラクにしよう。,
d0e81a4acd55cfac60c2aa1bec155c08.bundle,面談陳昇文,Say,リン･テイ,25,彼女でいいの？,
d0e81a4acd55cfac60c2aa1bec155c08.bundle,面談陳昇文,Branch,#Simple,48,ああ。,
d0e81a4acd55cfac60c2aa1bec155c08.bundle,面談陳昇文,Say,リン･テイ,26,よし！じゃ、シミン･ラクにしよう。,
d0e81a4acd55cfac60c2aa1bec155c08.bundle,面談陳昇文,Branch,#Simple,49,待った、やっぱり撤回だ。ショウブン･チンにする。,
d0e81a4acd55cfac60c2aa1bec155c08.bundle,面談陳昇文,Say,リン･テイ,27,ハハハ、もうジェイったら！,
d0e81a4acd55cfac60c2aa1bec155c08.bundle,面談陳昇文,Branch,#Simple,50,……,
d0e81a4acd55cfac60c2aa1bec155c08.bundle,面談陳昇文,Say,リン･テイ,28,よし！じゃ、ショウブン･チンにしよう。,
d0e81a4acd55cfac60c2aa1bec155c08.bundle,面談陳昇文,Say,リン･テイ,29,選んだ人を契約リストに入れたよ。,
d0e81a4acd55cfac60c2aa1bec155c08.bundle,面談陳昇文,Say,リン･テイ,30,後は契約まで待って、リュウセイと一緒に話を聞きましょう。,
d0e81a4acd55cfac60c2aa1bec155c08.bundle,面談陳昇文,Branch,#Simple,51,わかった。,
d0e81a4acd55cfac60c2aa1bec155c08.bundle,面談陳昇文,Branch,#Simple,52,それまでは何をすればいいんだ？,
d0e81a4acd55cfac60c2aa1bec155c08.bundle,面談陳昇文,Say,リン･テイ,31,えっとね……,
d0e81a4acd55cfac60c2aa1bec155c08.bundle,面談陳昇文,Say,リン･テイ,32,わかんない。ハハ……,
d0e81a4acd55cfac60c2aa1bec155c08.bundle,面談陳昇文,Branch,#Simple,53,……,
d0e81a4acd55cfac60c2aa1bec155c08.bundle,面談陳昇文,Say,リン･テイ,33,今は23号さんとスイさんを持つしかないね。,
d0e81a4acd55cfac60c2aa1bec155c08.bundle,面談陳昇文,Branch,#Simple,54,彼女たちがいなくても、リンだけで十分だな！,
d0e81a4acd55cfac60c2aa1bec155c08.bundle,面談陳昇文,Say,リン･テイ,34,でしょ！私たち最強ダックって感じ！,
d0e81a4acd55cfac60c2aa1bec155c08.bundle,面談陳昇文,Say,リン･テイ,35,でも……,
d0e81a4acd55cfac60c2aa1bec155c08.bundle,面談陳昇文,Branch,#Simple,55,彼女たちは本当に帰ってくるのか？,
d0e81a4acd55cfac60c2aa1bec155c08.bundle,面談陳昇文,Say,リン･テイ,36,きっと大丈夫よ！,
d0e81a4acd55cfac60c2aa1bec155c08.bundle,面談陳昇文,Branch,#Simple,56,……,
d0e81a4acd55cfac60c2aa1bec155c08.bundle,面談陳昇文,Say,リン･テイ,37,彼女たちがいないと、契約室で話が聞けないわけだし。,
d0e81a4acd55cfac60c2aa1bec155c08.bundle,面談陳昇文,Say,リン･テイ,38,待つしかないのよ……,
d0e81a4acd55cfac60c2aa1bec155c08.bundle,面談陳昇文,Say,アイ･チン,0,ちょっと、そこの三番！,
d0e81a4acd55cfac60c2aa1bec155c08.bundle,面談陳昇文,Say,アイ･チン,1,面談が終わったなら、早く出て行きなさい！,
d0e81a4acd55cfac60c2aa1bec155c08.bundle,面談陳昇文,Say,アイ･チン,2,他の人が待っています！,
d0e81a4acd55cfac60c2aa1bec155c08.bundle,面談陳昇文,Say,リン･テイ,39,わわわ！早く出ましょう！,
d0e81a4acd55cfac60c2aa1bec155c08.bundle,操作路線_大廳到建修,Say,シュン･ゴ,0,さっきは本当に……,
d0e81a4acd55cfac60c2aa1bec155c08.bundle,操作路線_大廳到建修,Branch,#Simple,0,ですよね。,
d0e81a4acd55cfac60c2aa1bec155c08.bundle,操作路線_大廳到建修,Say,シュン･ゴ,1,……,
d0e81a4acd55cfac60c2aa1bec155c08.bundle,操作路線_大廳到建修,Branch,#Simple,1,大丈夫ですか？,
d0e81a4acd55cfac60c2aa1bec155c08.bundle,操作路線_大廳到建修,Say,シュン･ゴ,2,大丈夫じゃないですね。,
d0e81a4acd55cfac60c2aa1bec155c08.bundle,操作路線_大廳到建修,Branch,#Simple,2,……,
d0e81a4acd55cfac60c2aa1bec155c08.bundle,操作路線_大廳到建修,Say,シュン･ゴ,3,イー･テイと私はとても親しい友人だと、ずっとそう思っていました。,
d0e81a4acd55cfac60c2aa1bec155c08.bundle,操作路線_大廳到建修,Say,シュン･ゴ,4,サイレントの閉鎖が決まれば……,
d0e81a4acd55cfac60c2aa1bec155c08.bundle,操作路線_大廳到建修,Say,シュン･ゴ,5,私たちの関係性も以前のように戻れると思っていたのに……,
d0e81a4acd55cfac60c2aa1bec155c08.bundle,操作路線_大廳到建修,Say,シュン･ゴ,6,まさかこんなことになるとは……,
d0e81a4acd55cfac60c2aa1bec155c08.bundle,操作路線_大廳到建修,Branch,#Simple,3,いずれ仲直りできると思いますよ。,
d0e81a4acd55cfac60c2aa1bec155c08.bundle,操作路線_大廳到建修,Say,シュン･ゴ,7,ええ、そうですね。,
d0e81a4acd55cfac60c2aa1bec155c08.bundle,操作路線_大廳到建修,Say,心の声,0,希望は薄いと思うが……,
d0e81a4acd55cfac60c2aa1bec155c08.bundle,操作路線_大廳到建修,Branch,#Simple,4,それは難しいでしょうね。,
d0e81a4acd55cfac60c2aa1bec155c08.bundle,操作路線_大廳到建修,Say,シュン･ゴ,8,ですよね。,
d0e81a4acd55cfac60c2aa1bec155c08.bundle,操作路線_大廳到建修,Say,心の声,1,苦笑いを浮かべている。,
d0e81a4acd55cfac60c2aa1bec155c08.bundle,操作路線_大廳到建修,Branch,#Simple,5,……,
d0e81a4acd55cfac60c2aa1bec155c08.bundle,操作路線_大廳到建修,Say,シュン･ゴ,9,でも今は、それを考える時ではありません。,
d0e81a4acd55cfac60c2aa1bec155c08.bundle,操作路線_大廳到建修,Say,シュン･ゴ,10,まずはサイレントの閉鎖を確定させないといけません。,
d0e81a4acd55cfac60c2aa1bec155c08.bundle,操作路線_大廳到建修,Say,シュン･ゴ,11,私たちがしっかりと準備を整えれば、きっと成し遂げられると思います。,
d0e81a4acd55cfac60c2aa1bec155c08.bundle,操作路線_大廳到建修,Branch,#Simple,6,イー･テイはあなたを止めたいと言っていましたね。,
d0e81a4acd55cfac60c2aa1bec155c08.bundle,操作路線_大廳到建修,Say,シュン･ゴ,12,それは無理ですね。,
d0e81a4acd55cfac60c2aa1bec155c08.bundle,操作路線_大廳到建修,Branch,#Simple,7,そんなに自信があるんですか？,
d0e81a4acd55cfac60c2aa1bec155c08.bundle,操作路線_大廳到建修,Say,シュン･ゴ,13,確実に不可能だと自信をもって言えます。,
d0e81a4acd55cfac60c2aa1bec155c08.bundle,操作路線_大廳到建修,Branch,#Simple,8,……,
d0e81a4acd55cfac60c2aa1bec155c08.bundle,操作路線_大廳到建修,Say,シュン･ゴ,14,取締役がサイレントを閉鎖させたい意志は変わりません。,
d0e81a4acd55cfac60c2aa1bec155c08.bundle,操作路線_大廳到建修,Say,シュン･ゴ,15,私に報告書を作らせるのは、ただのテストみたいなものでしょう。,
d0e81a4acd55cfac60c2aa1bec155c08.bundle,操作路線_大廳到建修,Say,シュン･ゴ,16,私にこの件を任せられるかどうかの試練みたいなものでしょうね。,
d0e81a4acd55cfac60c2aa1bec155c08.bundle,操作路線_大廳到建修,Say,シュン･ゴ,17,心配はありません。,
d0e81a4acd55cfac60c2aa1bec155c08.bundle,操作路線_大廳到建修,Say,シュン･ゴ,18,行きましょう。,
d0e81a4acd55cfac60c2aa1bec155c08.bundle,俊恩解釋執行長,Say,シュン･ゴ,0,ジェイ。,
d0e81a4acd55cfac60c2aa1bec155c08.bundle,俊恩解釋執行長,Branch,#Simple,0,走って来ました。,
d0e81a4acd55cfac60c2aa1bec155c08.bundle,俊恩解釋執行長,Say,シュン･ゴ,1,ありがとうございます。,
d0e81a4acd55cfac60c2aa1bec155c08.bundle,俊恩解釋執行長,Branch,#Simple,1,何があったんですか？,
d0e81a4acd55cfac60c2aa1bec155c08.bundle,俊恩解釋執行長,Say,シュン･ゴ,2,……,
d0e81a4acd55cfac60c2aa1bec155c08.bundle,俊恩解釋執行長,Branch,#Simple,2,……,
d0e81a4acd55cfac60c2aa1bec155c08.bundle,俊恩解釋執行長,Say,シュン･ゴ,3,急な頼みなのは承知の上ですが……,
d0e81a4acd55cfac60c2aa1bec155c08.bundle,俊恩解釋執行長,Say,シュン･ゴ,4,私と一緒に執行官に会ってほしいのです。,
d0e81a4acd55cfac60c2aa1bec155c08.bundle,俊恩解釋執行長,Say,リン･テイ,0,メイ･ジョの言ったとおりだ……,
d0e81a4acd55cfac60c2aa1bec155c08.bundle,俊恩解釋執行長,Branch,#Simple,3,なぜ執行官に？,
d0e81a4acd55cfac60c2aa1bec155c08.bundle,俊恩解釋執行長,Branch,#Simple,4,どうして私も一緒に？,
d0e81a4acd55cfac60c2aa1bec155c08.bundle,俊恩解釋執行長,Branch,#Simple,5,……,
d0e81a4acd55cfac60c2aa1bec155c08.bundle,俊恩解釋執行長,Say,シュン･ゴ,5,……,
d0e81a4acd55cfac60c2aa1bec155c08.bundle,俊恩解釋執行長,Say,シュン･ゴ,6,昨日私たちがセラーの故障の原因だった干渉器を処理したのを覚えてますか？,
d0e81a4acd55cfac60c2aa1bec155c08.bundle,俊恩解釋執行長,Say,シュン･ゴ,7,その犯人が見つかりました。,
d0e81a4acd55cfac60c2aa1bec155c08.bundle,俊恩解釋執行長,Say,シュン･ゴ,8,セラさんです。,
d0e81a4acd55cfac60c2aa1bec155c08.bundle,俊恩解釋執行長,Say,心の声,0,セラだと！？じゃ、あの時に挙動不審だったシヘイも共犯者……？,
d0e81a4acd55cfac60c2aa1bec155c08.bundle,俊恩解釋執行長,Say,シュン･ゴ,9,昨日、セラさんが私に白状しました。,
d0e81a4acd55cfac60c2aa1bec155c08.bundle,俊恩解釋執行長,Say,シュン･ゴ,10,シヘイはその件を知っているみたいですが、関与はしてはいないようです。,
d0e81a4acd55cfac60c2aa1bec155c08.bundle,俊恩解釋執行長,Say,シュン･ゴ,11,今は時間がありませんので、詳しいことはまた後にしましょう。,
d0e81a4acd55cfac60c2aa1bec155c08.bundle,俊恩解釋執行長,Say,シュン･ゴ,12,セラさんが干渉器を使ってセラーを故障させていたのは、すべて取締役会の命令を受けていたからです。,
d0e81a4acd55cfac60c2aa1bec155c08.bundle,俊恩解釋執行長,Say,シュン･ゴ,13,どうやら一部の取締役はサイレントを故障させることで、工場閉鎖を速めようと考えているようです。,
d0e81a4acd55cfac60c2aa1bec155c08.bundle,俊恩解釋執行長,Say,シュン･ゴ,14,彼らの目的は我々と同じですが、その手段には賛同できません。,
d0e81a4acd55cfac60c2aa1bec155c08.bundle,俊恩解釋執行長,Say,シュン･ゴ,15,だからそれを私のやり方に変え、利用しようと思っています。,
d0e81a4acd55cfac60c2aa1bec155c08.bundle,俊恩解釋執行長,Say,シュン･ゴ,16,昨日のことで進展がありました。,
d0e81a4acd55cfac60c2aa1bec155c08.bundle,俊恩解釋執行長,Say,心の声,1,取締役会の工場閉鎖派がセラーを意図的に故障させていた件だな。,
d0e81a4acd55cfac60c2aa1bec155c08.bundle,俊恩解釋執行長,Say,シュン･ゴ,17,私は執行官を通して、取締役会の工場閉鎖派と連絡を取り合えました。,
d0e81a4acd55cfac60c2aa1bec155c08.bundle,俊恩解釋執行長,Say,シュン･ゴ,18,まだどの役員なのかは、はっきりとわかってはいませんが……,
d0e81a4acd55cfac60c2aa1bec155c08.bundle,俊恩解釋執行長,Say,シュン･ゴ,19,ですが執行官が言うには、今日会わせていただけるそうです。,
d0e81a4acd55cfac60c2aa1bec155c08.bundle,俊恩解釋執行長,Branch,#Simple,6,これは、良いことなんですか？,
d0e81a4acd55cfac60c2aa1bec155c08.bundle,俊恩解釋執行長,Say,シュン･ゴ,20,内情を知った私をどうするつもりかはわかりませんが、チャンスではあります。,
d0e81a4acd55cfac60c2aa1bec155c08.bundle,俊恩解釋執行長,Branch,#Simple,7,流石に急すぎませんか？,
d0e81a4acd55cfac60c2aa1bec155c08.bundle,俊恩解釋執行長,Say,シュン･ゴ,21,私もびっくりしました。会えるのは、もっと後だと思っていたので。,
d0e81a4acd55cfac60c2aa1bec155c08.bundle,俊恩解釋執行長,Say,シュン･ゴ,22,どうであれ……,
d0e81a4acd55cfac60c2aa1bec155c08.bundle,俊恩解釋執行長,Branch,#Simple,8,……,
d0e81a4acd55cfac60c2aa1bec155c08.bundle,俊恩解釋執行長,Say,シュン･ゴ,23,私は今、直接彼らにアピールできるチャンスを得ました。,
d0e81a4acd55cfac60c2aa1bec155c08.bundle,俊恩解釋執行長,Say,シュン･ゴ,24,今回の件で取締役の支持を得られ、主導権を握れれば、工場閉鎖の被害を最小限にできます。,
d0e81a4acd55cfac60c2aa1bec155c08.bundle,俊恩解釋執行長,Branch,#Simple,9,なぜ自分を誘ったのですか？,
d0e81a4acd55cfac60c2aa1bec155c08.bundle,俊恩解釋執行長,Say,シュン･ゴ,25,あ、そういえば言っていませんでしたね。,
d0e81a4acd55cfac60c2aa1bec155c08.bundle,俊恩解釋執行長,Say,シュン･ゴ,26,これは私が出した条件なのです。,
d0e81a4acd55cfac60c2aa1bec155c08.bundle,俊恩解釋執行長,Say,シュン･ゴ,27,私はもう昔みたいな回りくどいやり方はうんざりなんです。彼らには堂々とすべてを話すつもりです。,
d0e81a4acd55cfac60c2aa1bec155c08.bundle,俊恩解釋執行長,Say,シュン･ゴ,28,ですが、あくまでも取締役との交渉もありますので、完全に公にするわけではありません。,
d0e81a4acd55cfac60c2aa1bec155c08.bundle,俊恩解釋執行長,Say,シュン･ゴ,29,しかし私の部下であり、特にこの件に関わっているあなたたちは知る権利があります。,
d0e81a4acd55cfac60c2aa1bec155c08.bundle,俊恩解釋執行長,Say,シュン･ゴ,30,取締役と執行官があなたの同行を許可したということは、私のやり方を認めたということです。,
d0e81a4acd55cfac60c2aa1bec155c08.bundle,俊恩解釋執行長,Branch,#Simple,10,なるほど。,
d0e81a4acd55cfac60c2aa1bec155c08.bundle,俊恩解釋執行長,Branch,#Simple,11,なぜ私なんですか？,
d0e81a4acd55cfac60c2aa1bec155c08.bundle,俊恩解釋執行長,Say,シュン･ゴ,31,他の人は皆、仕事がありますので。,
d0e81a4acd55cfac60c2aa1bec155c08.bundle,俊恩解釋執行長,Say,シュン･ゴ,32,ですが、一番な理由は、あなたが物事を客観的に見ることができると思ったからです。,
d0e81a4acd55cfac60c2aa1bec155c08.bundle,俊恩解釋執行長,Say,シュン･ゴ,33,それに、あなたには素晴らしい観察眼があります。,
d0e81a4acd55cfac60c2aa1bec155c08.bundle,俊恩解釋執行長,Say,シュン･ゴ,34,あなたはシヘイがセラさんを庇おうとしていたのを見抜きました。,
d0e81a4acd55cfac60c2aa1bec155c08.bundle,俊恩解釋執行長,Say,シュン･ゴ,35,それに素晴らしい判断力も持っています。,
d0e81a4acd55cfac60c2aa1bec155c08.bundle,俊恩解釋執行長,Say,シュン･ゴ,36,シンカを現場に行かせるのではなく、ジュジュやパンちゃんの手伝いをさせるべきと提案したのは素晴らしかったです。,
d0e81a4acd55cfac60c2aa1bec155c08.bundle,俊恩解釋執行長,Say,シュン･ゴ,37,それに……,
d0e81a4acd55cfac60c2aa1bec155c08.bundle,俊恩解釋執行長,Say,シュン･ゴ,38,あなたは良い人です。,
d0e81a4acd55cfac60c2aa1bec155c08.bundle,俊恩解釋執行長,Say,シュン･ゴ,39,あなたは躊躇することなく、緊急停止レバーを引いた。,
d0e81a4acd55cfac60c2aa1bec155c08.bundle,俊恩解釋執行長,Say,心の声,2,シュン･ゴが笑った。,
d0e81a4acd55cfac60c2aa1bec155c08.bundle,俊恩解釋執行長,Say,シュン･ゴ,40,とても勇気のある行動でした。,
d0e81a4acd55cfac60c2aa1bec155c08.bundle,俊恩解釋執行長,Say,シュン･ゴ,41,取締役との会話の内容を鑑みても、私は頼れる人を連れて行くべきだと思いました。,
d0e81a4acd55cfac60c2aa1bec155c08.bundle,俊恩解釋執行長,Branch,#Simple,12,……,
d0e81a4acd55cfac60c2aa1bec155c08.bundle,俊恩解釋執行長,Branch,#Simple,13,わかりました。手伝わせていただきます。,
d0e81a4acd55cfac60c2aa1bec155c08.bundle,俊恩解釋執行長,Say,シュン･ゴ,42,ありがとうございます。,
d0e81a4acd55cfac60c2aa1bec155c08.bundle,俊恩解釋執行長,Branch,#Simple,14,……,
d0e81a4acd55cfac60c2aa1bec155c08.bundle,俊恩解釋執行長,Say,シュン･ゴ,43,では、行きましょうか。,
d0e81a4acd55cfac60c2aa1bec155c08.bundle,俊恩解釋執行長,Say,シュン･ゴ,44,執行官はもう着いているそうです。,
d0e81a4acd55cfac60c2aa1bec155c08.bundle,操作路線_回辦公室,Say,心の声,0,なぜ皆が……？,
d0e81a4acd55cfac60c2aa1bec155c08.bundle,操作路線_回辦公室,Say,シュン･ゴ,0,ど、どうしたのですか……！？,
d0e81a4acd55cfac60c2aa1bec155c08.bundle,操作路線_見執行長,Say,セイワ･ゲン,0,まず紹介しよう。こちらはレッドボックスラボのテクニカルディレクター、ヤン･コウさんだ。,
d0e81a4acd55cfac60c2aa1bec155c08.bundle,操作路線_見執行長,Say,心の声,0,レッドボックスラボのテクニカルディレクター……,
d0e81a4acd55cfac60c2aa1bec155c08.bundle,操作路線_見執行長,Say,シュン･ゴ,0,今日は取締役とお話ができると伺っていたのですが……,
d0e81a4acd55cfac60c2aa1bec155c08.bundle,操作路線_見執行長,Say,セイワ･ゲン,1,馬鹿を言うな。取締役がこんなことで足を運ぶわけないだろ？,
d0e81a4acd55cfac60c2aa1bec155c08.bundle,操作路線_見執行長,Say,シュン･ゴ,1,そんな……,
d0e81a4acd55cfac60c2aa1bec155c08.bundle,操作路線_見執行長,Say,セイワ･ゲン,2,こちらは取締役直属の顧問で、今日は取締役の代理だ。,
d0e81a4acd55cfac60c2aa1bec155c08.bundle,操作路線_見執行長,Say,心の声,1,こんな時でさえ取締役の正体を明かさないのか…,
d0e81a4acd55cfac60c2aa1bec155c08.bundle,操作路線_見執行長,Say,セイワ･ゲン,3,取締役は君にとても興味をあるらしいぞ、シュン･ゴ。,
d0e81a4acd55cfac60c2aa1bec155c08.bundle,操作路線_見執行長,Say,セイワ･ゲン,4,君のせいで、あの方の計画は邪魔されたが、君が責任を取ってこの計画を進めたいと申し出た……,
d0e81a4acd55cfac60c2aa1bec155c08.bundle,操作路線_見執行長,Say,セイワ･ゲン,5,あの方もその件について話し合いたいらしく、この場を設けさせてもらった。,
d0e81a4acd55cfac60c2aa1bec155c08.bundle,操作路線_見執行長,Say,シュン･ゴ,2,せめて取締役の名前だけでも教えてください……,
d0e81a4acd55cfac60c2aa1bec155c08.bundle,操作路線_見執行長,Say,セイワ･ゲン,6,君はよくわかっていないようだな。,
d0e81a4acd55cfac60c2aa1bec155c08.bundle,操作路線_見執行長,Say,セイワ･ゲン,7,言っておくが、君の行動はとても危ういものだ。,
d0e81a4acd55cfac60c2aa1bec155c08.bundle,操作路線_見執行長,Say,セイワ･ゲン,8,今は運が味方をしているが……,
d0e81a4acd55cfac60c2aa1bec155c08.bundle,操作路線_見執行長,Say,セイワ･ゲン,9,その運がいつまでも続くと思わないことだ。,
d0e81a4acd55cfac60c2aa1bec155c08.bundle,操作路線_見執行長,Say,セイワ･ゲン,10,君が今、置かれている立場については、説明せずともわかるな？,
d0e81a4acd55cfac60c2aa1bec155c08.bundle,操作路線_見執行長,Say,シュン･ゴ,3,……,
d0e81a4acd55cfac60c2aa1bec155c08.bundle,操作路線_見執行長,Say,シュン･ゴ,4,……わかりました。,
d0e81a4acd55cfac60c2aa1bec155c08.bundle,操作路線_見執行長,Say,アンカ･コウ,0,もういいですかね？本題に入りましょう。,
d0e81a4acd55cfac60c2aa1bec155c08.bundle,操作路線_見執行長,Say,セイワ･ゲン,11,はい、お願いします。,
d0e81a4acd55cfac60c2aa1bec155c08.bundle,操作路線_見執行長,Say,アンカ･コウ,1,あなたはサイレントのセラーについてどう思いますか？,
d0e81a4acd55cfac60c2aa1bec155c08.bundle,操作路線_見執行長,Say,シュン･ゴ,5,……,
d0e81a4acd55cfac60c2aa1bec155c08.bundle,操作路線_見執行長,Say,シュン･ゴ,6,救いのない場所だと思います。一日も早く閉鎖すべきです。,
d0e81a4acd55cfac60c2aa1bec155c08.bundle,操作路線_見執行長,Say,アンカ･コウ,2,よろしい。話す価値はあるようですね。,
d0e81a4acd55cfac60c2aa1bec155c08.bundle,操作路線_見執行長,Say,アンカ･コウ,3,そうです。この工場は生産性が悪く、安定性も収益も下がる一方です。,
d0e81a4acd55cfac60c2aa1bec155c08.bundle,操作路線_見執行長,Say,シュン･ゴ,7,安全性もです。マイナーたちは……,
d0e81a4acd55cfac60c2aa1bec155c08.bundle,操作路線_見執行長,Say,アンカ･コウ,4,ええ、安全性もそうですね。,
d0e81a4acd55cfac60c2aa1bec155c08.bundle,操作路線_見執行長,Say,アンカ･コウ,5,重要なのは、この工場はもう価値のないゴミだということです。,
d0e81a4acd55cfac60c2aa1bec155c08.bundle,操作路線_見執行長,Say,アンカ･コウ,6,ゴミなら捨てなければなりません。,
d0e81a4acd55cfac60c2aa1bec155c08.bundle,操作路線_見執行長,Say,アンカ･コウ,7,ですが、それにはいくつかの問題があります。,
d0e81a4acd55cfac60c2aa1bec155c08.bundle,操作路線_見執行長,Say,アンカ･コウ,8,まず一つが……,
d0e81a4acd55cfac60c2aa1bec155c08.bundle,操作路線_見執行長,Say,シュン･ゴ,8,サイレント閉鎖後に発生する演算力供給不足……,
d0e81a4acd55cfac60c2aa1bec155c08.bundle,操作路線_見執行長,Say,アンカ･コウ,9,ええ、サイレントの演算力供給比率は本来の半分以下まで下がっていますが、それでもかなりの量です。,
d0e81a4acd55cfac60c2aa1bec155c08.bundle,操作路線_見執行長,Say,アンカ･コウ,10,ですが正直な話……,
d0e81a4acd55cfac60c2aa1bec155c08.bundle,操作路線_見執行長,Say,アンカ･コウ,11,今すぐサイレントを止めたとしても、レッドボックスは他の方法で演算力を供給できます。,
d0e81a4acd55cfac60c2aa1bec155c08.bundle,操作路線_見執行長,Say,アンカ･コウ,12,ですから、それはもう問題ではありません。,
d0e81a4acd55cfac60c2aa1bec155c08.bundle,操作路線_見執行長,Say,シュン･ゴ,9,それについて、もう少し詳しくも聞きたいのですが……,
d0e81a4acd55cfac60c2aa1bec155c08.bundle,操作路線_見執行長,Say,アンカ･コウ,13,だめです。,
d0e81a4acd55cfac60c2aa1bec155c08.bundle,操作路線_見執行長,Say,アンカ･コウ,14,次に二つ目です。,
d0e81a4acd55cfac60c2aa1bec155c08.bundle,操作路線_見執行長,Say,アンカ･コウ,15,セラーにいる数十万人は契約終了前に契約を終えることになるため、それに伴い賠償金が生じます。,
d0e81a4acd55cfac60c2aa1bec155c08.bundle,操作路線_見執行長,Say,アンカ･コウ,16,見積もってもらいましたが、工場が存続できないほどの故障が見つかったということであれば、賠償金を大幅に削減できます。,
d0e81a4acd55cfac60c2aa1bec155c08.bundle,操作路線_見執行長,Say,シュン･ゴ,10,……完璧な対策を練っていますね。,
d0e81a4acd55cfac60c2aa1bec155c08.bundle,操作路線_見執行長,Say,アンカ･コウ,17,もちろんです。,
d0e81a4acd55cfac60c2aa1bec155c08.bundle,操作路線_見執行長,Say,アンカ･コウ,18,しかし、今までの話はすべて工場閉鎖で生じるコストを下げる方法です。今必要なのは、工場閉鎖の「必要性」です。,
d0e81a4acd55cfac60c2aa1bec155c08.bundle,操作路線_見執行長,Say,アンカ･コウ,19,まもなく取締役会がサイレントの存続について決断を下します。,
d0e81a4acd55cfac60c2aa1bec155c08.bundle,操作路線_見執行長,Say,アンカ･コウ,20,あなたはそこで自分の価値を証明してください。,
d0e81a4acd55cfac60c2aa1bec155c08.bundle,操作路線_見執行長,Say,アンカ･コウ,21,あなたには、セラーで生じている問題を報告書にまとめてもらいます。,
d0e81a4acd55cfac60c2aa1bec155c08.bundle,操作路線_見執行長,Say,リン･テイ,0,会議でその報告書を使うつもりね……,
d0e81a4acd55cfac60c2aa1bec155c08.bundle,操作路線_見執行長,Say,アンカ･コウ,22,本来は、工場の評価報告はマネージャーが用意する規則ですが、ご存じの通り、イファさんは立て込んでおりまして。,
d0e81a4acd55cfac60c2aa1bec155c08.bundle,操作路線_見執行長,Say,アンカ･コウ,23,そのため、取締役のほとんどは報告書が上がってこないと思っています。,
d0e81a4acd55cfac60c2aa1bec155c08.bundle,操作路線_見執行長,Say,シュン･ゴ,11,私なら、報告書を上げることができます。,
d0e81a4acd55cfac60c2aa1bec155c08.bundle,操作路線_見執行長,Say,アンカ･コウ,24,ええ、あなたのポジションと能力があれば、信用の高い報告書ができあがるでしょう。,
d0e81a4acd55cfac60c2aa1bec155c08.bundle,操作路線_見執行長,Say,アンカ･コウ,25,会社の規則に違反することになりますが、決定的な影響を与えられるはずです。,
d0e81a4acd55cfac60c2aa1bec155c08.bundle,操作路線_見執行長,Say,シュン･ゴ,12,……,
d0e81a4acd55cfac60c2aa1bec155c08.bundle,操作路線_見執行長,Say,アンカ･コウ,26,ちなみにデータを偽造する必要はありません。その代わり、どんなに細かいデータも記載してください。,
d0e81a4acd55cfac60c2aa1bec155c08.bundle,操作路線_見執行長,Say,アンカ･コウ,27,データを見れば、ここがもう改善しようがないことは明白です。,
d0e81a4acd55cfac60c2aa1bec155c08.bundle,操作路線_見執行長,Say,アンカ･コウ,28,後は政治的利益にしか興味がないバカ共を説得させればいいだけです。,
d0e81a4acd55cfac60c2aa1bec155c08.bundle,操作路線_見執行長,Say,シュン･ゴ,13,ですが……,
d0e81a4acd55cfac60c2aa1bec155c08.bundle,操作路線_見執行長,Say,アンカ･コウ,29,最近の選別組は、マイナーの選別基準をかなり緩めているようです。,
d0e81a4acd55cfac60c2aa1bec155c08.bundle,操作路線_見執行長,Say,アンカ･コウ,30,さらに一番の問題は、マイナーへの待遇改善にも乗り出しているということです。,
d0e81a4acd55cfac60c2aa1bec155c08.bundle,操作路線_見執行長,Say,アンカ･コウ,31,なぜそんなことをすると思いますか？,
d0e81a4acd55cfac60c2aa1bec155c08.bundle,操作路線_見執行長,Say,シュン･ゴ,14,それは……,
d0e81a4acd55cfac60c2aa1bec155c08.bundle,操作路線_見執行長,Say,アンカ･コウ,32,そこのあなた、答えなさい。,
d0e81a4acd55cfac60c2aa1bec155c08.bundle,操作路線_見執行長,Say,心の声,2,いきなり俺に！？,
d0e81a4acd55cfac60c2aa1bec155c08.bundle,操作路線_見執行長,Say,アンカ･コウ,33,私はシュン･ゴの部下についても知る必要があります。,
d0e81a4acd55cfac60c2aa1bec155c08.bundle,操作路線_見執行長,Say,リン･テイ,1,多分、工場存続派の取締役が裏で資金を提供していたんだと思う……,
d0e81a4acd55cfac60c2aa1bec155c08.bundle,操作路線_見執行長,Branch,#Simple,0,工場存続派の取締役が裏で資金を提供していたと思います。,
d0e81a4acd55cfac60c2aa1bec155c08.bundle,操作路線_見執行長,Say,アンカ･コウ,34,……正解です。,
d0e81a4acd55cfac60c2aa1bec155c08.bundle,操作路線_見執行長,Say,アンカ･コウ,35,シュン･ゴ、良い部下を持っていますね。,
d0e81a4acd55cfac60c2aa1bec155c08.bundle,操作路線_見執行長,Say,セイワ･ゲン,12,さすがはリン･テイ監督官の部下だ。彼女と考えが似ている。,
d0e81a4acd55cfac60c2aa1bec155c08.bundle,操作路線_見執行長,Say,心の声,3,セイワ･ゲンが意味深に笑っている……,
d0e81a4acd55cfac60c2aa1bec155c08.bundle,操作路線_見執行長,Say,アンカ･コウ,36,そうですね！,
d0e81a4acd55cfac60c2aa1bec155c08.bundle,操作路線_見執行長,Branch,#Simple,1,マイナーたちの待遇の改善を望んでいるからだと思います。,
d0e81a4acd55cfac60c2aa1bec155c08.bundle,操作路線_見執行長,Say,アンカ･コウ,37,では、その資金はどこから手に入れたものでしょうか？,
d0e81a4acd55cfac60c2aa1bec155c08.bundle,操作路線_見執行長,Say,シュン･ゴ,15,確かに、限りのある予算でそんなことをしたら……,
d0e81a4acd55cfac60c2aa1bec155c08.bundle,操作路線_見執行長,Branch,#Simple,2,わかりません。,
d0e81a4acd55cfac60c2aa1bec155c08.bundle,操作路線_見執行長,Branch,#Simple,3,……,
d0e81a4acd55cfac60c2aa1bec155c08.bundle,操作路線_見執行長,Say,アンカ･コウ,38,工場存続派の取締役たちはサイレントが堅調であると見せるために、内密に彼らに資金提供しているのです。,
d0e81a4acd55cfac60c2aa1bec155c08.bundle,操作路線_見執行長,Branch,#Simple,4,セラーを破壊してきたあなたたちみたいですね。,
d0e81a4acd55cfac60c2aa1bec155c08.bundle,操作路線_見執行長,Say,アンカ･コウ,39,……,
d0e81a4acd55cfac60c2aa1bec155c08.bundle,操作路線_見執行長,Say,アンカ･コウ,40,我々は一刻も早くゴミを片づけたいだけです。,
d0e81a4acd55cfac60c2aa1bec155c08.bundle,操作路線_見執行長,Say,シュン･ゴ,16,ですが……,
d0e81a4acd55cfac60c2aa1bec155c08.bundle,操作路線_見執行長,Say,アンカ･コウ,41,御託はもう結構です。,
d0e81a4acd55cfac60c2aa1bec155c08.bundle,操作路線_見執行長,Branch,#Simple,5,……,
d0e81a4acd55cfac60c2aa1bec155c08.bundle,操作路線_見執行長,Say,アンカ･コウ,42,シュン･ゴ。,
d0e81a4acd55cfac60c2aa1bec155c08.bundle,操作路線_見執行長,Say,アンカ･コウ,43,サイレントは自給自足が難しくなってきています。そして今後も、たくさんの供給者がここへ駆け込むでしょう。,
d0e81a4acd55cfac60c2aa1bec155c08.bundle,操作路線_見執行長,Say,アンカ･コウ,44,一刻も早く損切りをしなければ、この工場はいずれ崩壊します。,
d0e81a4acd55cfac60c2aa1bec155c08.bundle,操作路線_見執行長,Say,シュン･ゴ,17,……,
d0e81a4acd55cfac60c2aa1bec155c08.bundle,操作路線_見執行長,Say,シュン･ゴ,18,この件は確かに選別組の意見も聞く必要があると思いますが、あなたの言う通り……,
d0e81a4acd55cfac60c2aa1bec155c08.bundle,操作路線_見執行長,Say,アンカ･コウ,45,万象の根幹は技術です。,
d0e81a4acd55cfac60c2aa1bec155c08.bundle,操作路線_見執行長,Say,アンカ･コウ,46,その技術を重視してきたからこそ、私たちはここまでやってこれました。それは、これからも変わりません。,
d0e81a4acd55cfac60c2aa1bec155c08.bundle,操作路線_見執行長,Say,アンカ･コウ,47,しかし選別組や工場存続派は、この問題を複雑化させたい傾向があります……,
d0e81a4acd55cfac60c2aa1bec155c08.bundle,操作路線_見執行長,Say,アンカ･コウ,48,それに流されず、専門的な視点で考えてください。操作組臨時チーフ。,
d0e81a4acd55cfac60c2aa1bec155c08.bundle,操作路線_見執行長,Say,セイワ･ゲン,13,臨時チーフね……,
d0e81a4acd55cfac60c2aa1bec155c08.bundle,操作路線_見執行長,Say,セイワ･ゲン,14,長くて言いづらい。,
d0e81a4acd55cfac60c2aa1bec155c08.bundle,操作路線_見執行長,Say,セイワ･ゲン,15,ヤンさんに協力し、今日中にその報告書を上げてくれれば……,
d0e81a4acd55cfac60c2aa1bec155c08.bundle,操作路線_見執行長,Say,セイワ･ゲン,16,君にこの工場のマネージャーの座を与えよう。,
d0e81a4acd55cfac60c2aa1bec155c08.bundle,操作路線_見執行長,Say,セイワ･ゲン,17,そしてここを閉鎖後も君はより高い地位に辿りつける。,
d0e81a4acd55cfac60c2aa1bec155c08.bundle,操作路線_見執行長,Say,シュン･ゴ,19,……今日中ですか？,
d0e81a4acd55cfac60c2aa1bec155c08.bundle,操作路線_見執行長,Say,アンカ･コウ,49,まさか、今日中にすべての資料を出せないなんてことはないですよね？,
d0e81a4acd55cfac60c2aa1bec155c08.bundle,操作路線_見執行長,Say,アンカ･コウ,50,そんなことすらできないのなら、この話し合い時間の無駄です。,
d0e81a4acd55cfac60c2aa1bec155c08.bundle,操作路線_見執行長,Say,シュン･ゴ,20,整理するのに時間が必要でして……,
d0e81a4acd55cfac60c2aa1bec155c08.bundle,操作路線_見執行長,Say,アンカ･コウ,51,ですから、一日与えたじゃありませんか？,
d0e81a4acd55cfac60c2aa1bec155c08.bundle,操作路線_見執行長,Say,アンカ･コウ,52,まさか、選別組と交渉をしてから報告書を作るつもりですか？,
d0e81a4acd55cfac60c2aa1bec155c08.bundle,操作路線_見執行長,Say,シュン･ゴ,21,……,
d0e81a4acd55cfac60c2aa1bec155c08.bundle,操作路線_見執行長,Say,アンカ･コウ,53,シュン･ゴ、私たちは協力者の能力を最優先に考えています。,
d0e81a4acd55cfac60c2aa1bec155c08.bundle,操作路線_見執行長,Say,アンカ･コウ,54,今の会話で、あなたが賢い人間であることは間違いないでしょう。,
d0e81a4acd55cfac60c2aa1bec155c08.bundle,操作路線_見執行長,Say,アンカ･コウ,55,だからよく考えてください。目の前のチャンスはいつ消えてもおかしくないのですよ。,
d0e81a4acd55cfac60c2aa1bec155c08.bundle,操作路線_見執行長,Say,シュン･ゴ,22,……,
d0e81a4acd55cfac60c2aa1bec155c08.bundle,操作路線_見執行長,Say,シュン･ゴ,23,一つだけ、条件があります。,
d0e81a4acd55cfac60c2aa1bec155c08.bundle,操作路線_見執行長,Say,セイワ･ゲン,18,まだわかってないようだな……,
d0e81a4acd55cfac60c2aa1bec155c08.bundle,操作路線_見執行長,Say,アンカ･コウ,56,話を聞きましょう。,
d0e81a4acd55cfac60c2aa1bec155c08.bundle,操作路線_見執行長,Say,シュン･ゴ,24,……演算力供給の契約を中途解約させられた人には、契約通りの金額を払ってあげてください。,
d0e81a4acd55cfac60c2aa1bec155c08.bundle,操作路線_見執行長,Say,アンカ･コウ,57,……かなりの大金になりますよ？,
d0e81a4acd55cfac60c2aa1bec155c08.bundle,操作路線_見執行長,Say,シュン･ゴ,25,サイレントを存続させることで生じる損失と比べれば、安いものだと思います。,
d0e81a4acd55cfac60c2aa1bec155c08.bundle,操作路線_見執行長,Say,アンカ･コウ,58,シュン･ゴ、私たちはあなたのことが絶対に必要なわけではありません。,
d0e81a4acd55cfac60c2aa1bec155c08.bundle,操作路線_見執行長,Say,シュン･ゴ,26,ですが、最も安全で使いやすい駒でもあるのでは？,
d0e81a4acd55cfac60c2aa1bec155c08.bundle,操作路線_見執行長,Say,アンカ･コウ,59,……,
d0e81a4acd55cfac60c2aa1bec155c08.bundle,操作路線_見執行長,Say,アンカ･コウ,60,我々は協力者の能力を重視しています。,
d0e81a4acd55cfac60c2aa1bec155c08.bundle,操作路線_見執行長,Say,アンカ･コウ,61,わかりました。いいでしょう。,
d0e81a4acd55cfac60c2aa1bec155c08.bundle,操作路線_見執行長,Say,シュン･ゴ,27,……ありがとうございます。,
d0e81a4acd55cfac60c2aa1bec155c08.bundle,操作路線_見執行長,Say,アンカ･コウ,62,では、報告を待っています。,
d0e81a4acd55cfac60c2aa1bec155c08.bundle,操作路線_見執行長,Say,アンカ･コウ,63,ですが、今日中にできなければ、今の話はすべてなかったことになります。,
d0e81a4acd55cfac60c2aa1bec155c08.bundle,操作路線_見執行長,Say,アンカ･コウ,64,セイワ･ゲン、私はレッドボックスで仕事が残っているので、もう行きます。,
d0e81a4acd55cfac60c2aa1bec155c08.bundle,操作路線_見執行長,Say,セイワ･ゲン,19,専用エレベーターに乗られますか？,
d0e81a4acd55cfac60c2aa1bec155c08.bundle,操作路線_見執行長,Say,アンカ･コウ,65,その予定です。あなたはどうしますか？,
d0e81a4acd55cfac60c2aa1bec155c08.bundle,操作路線_見執行長,Say,セイワ･ゲン,20,この二人に話したいことがあるので、ここに残ります。,
d0e81a4acd55cfac60c2aa1bec155c08.bundle,操作路線_見執行長,Say,アンカ･コウ,66,お好きにどうぞ。,
d0e81a4acd55cfac60c2aa1bec155c08.bundle,操作路線_見執行長,Say,セイワ･ゲン,21,……,
d0e81a4acd55cfac60c2aa1bec155c08.bundle,操作路線_見執行長,Say,セイワ･ゲン,22,……,
d0e81a4acd55cfac60c2aa1bec155c08.bundle,操作路線_見執行長,Say,セイワ･ゲン,23,シュン･ゴ、私の立場も言っておこう。,
d0e81a4acd55cfac60c2aa1bec155c08.bundle,操作路線_見執行長,Say,セイワ･ゲン,24,私としては、工場が閉鎖しようと、存続しようとどうでもいい。,
d0e81a4acd55cfac60c2aa1bec155c08.bundle,操作路線_見執行長,Say,セイワ･ゲン,25,だが、ダラダラと時間を無駄にするのは一番嫌いだ。,
d0e81a4acd55cfac60c2aa1bec155c08.bundle,操作路線_見執行長,Say,セイワ･ゲン,26,サイレントは私にとって最も価値のない資産だ。,
d0e81a4acd55cfac60c2aa1bec155c08.bundle,操作路線_見執行長,Say,セイワ･ゲン,27,だが、その全てを終わらせるチャンスは君の目の前にある。しっかり掴み取れよ。,
d0e81a4acd55cfac60c2aa1bec155c08.bundle,操作路線_見執行長,Say,セイワ･ゲン,28,それにこの選択によって救われるものは多い。我々にとっても、演算力供給を望む者たちにとっても。,
d0e81a4acd55cfac60c2aa1bec155c08.bundle,操作路線_見執行長,Say,シュン･ゴ,28,わかっています。,
d0e81a4acd55cfac60c2aa1bec155c08.bundle,操作路線_見執行長,Say,セイワ･ゲン,29,ならいいが。,
d0e81a4acd55cfac60c2aa1bec155c08.bundle,操作路線_見執行長,Say,セイワ･ゲン,30,そして、ジェイ……,
d0e81a4acd55cfac60c2aa1bec155c08.bundle,操作路線_見執行長,Say,心の声,4,また意味深な笑い方だ。,
d0e81a4acd55cfac60c2aa1bec155c08.bundle,操作路線_見執行長,Say,セイワ･ゲン,31,実は一つ聞きたいことがあるんだ。リン･テイ監督官とはどんな関係だ？,
d0e81a4acd55cfac60c2aa1bec155c08.bundle,操作路線_見執行長,Say,リン･テイ,2,私たちの関係を言っちゃだめよ。,
d0e81a4acd55cfac60c2aa1bec155c08.bundle,操作路線_見執行長,Say,セイワ･ゲン,32,ああ、急な質問ですまないな。,
d0e81a4acd55cfac60c2aa1bec155c08.bundle,操作路線_見執行長,Say,セイワ･ゲン,33,先程の工場存続派に対する考え方があまりにもリン･テイ監督官と似ているものでな。,
d0e81a4acd55cfac60c2aa1bec155c08.bundle,操作路線_見執行長,Say,セイワ･ゲン,34,二人の関係性が気になったんだ。,
d0e81a4acd55cfac60c2aa1bec155c08.bundle,操作路線_見執行長,Say,リン･テイ,3,私が昔、あなたを通してイファマネージャーの査定を行っていたと言って。,
d0e81a4acd55cfac60c2aa1bec155c08.bundle,操作路線_見執行長,Branch,#Simple,6,俺の彼女だ。このクズ野郎が！,
d0e81a4acd55cfac60c2aa1bec155c08.bundle,操作路線_見執行長,Say,シュン･ゴ,29,ジェイ！？,
d0e81a4acd55cfac60c2aa1bec155c08.bundle,操作路線_見執行長,Say,リン･テイ,4,ジェイ、何を……！？,
d0e81a4acd55cfac60c2aa1bec155c08.bundle,操作路線_見執行長,Say,セイワ･ゲン,35,……驚いた。,
d0e81a4acd55cfac60c2aa1bec155c08.bundle,操作路線_見執行長,Say,セイワ･ゲン,36,まさか彼女の恋人だったとはな。,
d0e81a4acd55cfac60c2aa1bec155c08.bundle,操作路線_見執行長,Say,セイワ･ゲン,37,だが、なぜ私に敵意を向ける？私は彼女に何もしていないのだが……？,
d0e81a4acd55cfac60c2aa1bec155c08.bundle,操作路線_見執行長,Say,セイワ･ゲン,38,そういえば、彼女は事故の後に行方不明になったらしいな……,
d0e81a4acd55cfac60c2aa1bec155c08.bundle,操作路線_見執行長,Say,セイワ･ゲン,39,君は彼女のことが心配なのだろう……,
d0e81a4acd55cfac60c2aa1bec155c08.bundle,操作路線_見執行長,Say,セイワ･ゲン,40,まさか、その事故が私のせいだと思っているのか？,
d0e81a4acd55cfac60c2aa1bec155c08.bundle,操作路線_見執行長,Say,セイワ･ゲン,41,確かに、安全面では至らない点もあっただろうが……,
d0e81a4acd55cfac60c2aa1bec155c08.bundle,操作路線_見執行長,Say,セイワ･ゲン,42,私はその後に、会社の安全面を見直したんだ。どうかわかってくれ。,
d0e81a4acd55cfac60c2aa1bec155c08.bundle,操作路線_見執行長,Branch,#Simple,7,彼女が事故に遭ったのもお前のせいだ。,
d0e81a4acd55cfac60c2aa1bec155c08.bundle,操作路線_見執行長,Say,セイワ･ゲン,43,……,
d0e81a4acd55cfac60c2aa1bec155c08.bundle,操作路線_見執行長,Say,セイワ･ゲン,44,君の怒りは理解できる。だが、ここで話しても仕方がない。,
d0e81a4acd55cfac60c2aa1bec155c08.bundle,操作路線_見執行長,Say,セイワ･ゲン,45,辛い思いをさせてしまいすまなかったな。,
d0e81a4acd55cfac60c2aa1bec155c08.bundle,操作路線_見執行長,Say,心の声,5,クズ野郎が。よくもそんなことが言えるな……！,
d0e81a4acd55cfac60c2aa1bec155c08.bundle,操作路線_見執行長,Branch,#Simple,8,すみませんでした。あまりの辛さに、自分を抑えられませんでした。,
d0e81a4acd55cfac60c2aa1bec155c08.bundle,操作路線_見執行長,Say,セイワ･ゲン,46,ああ、気にしないでくれ。,
d0e81a4acd55cfac60c2aa1bec155c08.bundle,操作路線_見執行長,Branch,#Simple,9,……,
d0e81a4acd55cfac60c2aa1bec155c08.bundle,操作路線_見執行長,Say,セイワ･ゲン,47,これ以上、辛いことを思い出させないように、他の話でもするとしよう。,
d0e81a4acd55cfac60c2aa1bec155c08.bundle,操作路線_見執行長,Branch,#Simple,10,監督官は私を通して、イファマネージャーの査定を行っていました。,
d0e81a4acd55cfac60c2aa1bec155c08.bundle,操作路線_見執行長,Say,セイワ･ゲン,48,なるほど、彼女らしいな。,
d0e81a4acd55cfac60c2aa1bec155c08.bundle,操作路線_見執行長,Say,セイワ･ゲン,49,観察力に優れており、いつも問題が起きる前に根源を突き止める。,
d0e81a4acd55cfac60c2aa1bec155c08.bundle,操作路線_見執行長,Say,セイワ･ゲン,50,おそらく彼女は、イファマネージャーが機密情報を盗んでいたことにも気づいていたのだろう。,
d0e81a4acd55cfac60c2aa1bec155c08.bundle,操作路線_見執行長,Say,セイワ･ゲン,51,この件についてはわかった。,
d0e81a4acd55cfac60c2aa1bec155c08.bundle,操作路線_見執行長,Say,セイワ･ゲン,52,実はもう一つ、二人に聞きたいことがある。,
d0e81a4acd55cfac60c2aa1bec155c08.bundle,操作路線_見執行長,Say,セイワ･ゲン,53,昨日、サイレントのオペレーションコアが何者かに侵入されたことは知ってるかね？,
d0e81a4acd55cfac60c2aa1bec155c08.bundle,操作路線_見執行長,Say,シュン･ゴ,30,……はい、情報セキュリティー部が調べているようですね。,
d0e81a4acd55cfac60c2aa1bec155c08.bundle,操作路線_見執行長,Say,セイワ･ゲン,54,ああ、そうだ。その調査が君たちの業務の邪魔になっていないといいのだが。,
d0e81a4acd55cfac60c2aa1bec155c08.bundle,操作路線_見執行長,Say,セイワ･ゲン,55,それで君はどうだ？,
d0e81a4acd55cfac60c2aa1bec155c08.bundle,操作路線_見執行長,Branch,#Simple,11,初めて聞きました。,
d0e81a4acd55cfac60c2aa1bec155c08.bundle,操作路線_見執行長,Say,セイワ･ゲン,56,本当か？,
d0e81a4acd55cfac60c2aa1bec155c08.bundle,操作路線_見執行長,Say,セイワ･ゲン,57,さっき情報セキュリティー部のメイ･ジョと会っていただろう？,
d0e81a4acd55cfac60c2aa1bec155c08.bundle,操作路線_見執行長,Say,心の声,6,なぜそんなことを……！？,
d0e81a4acd55cfac60c2aa1bec155c08.bundle,操作路線_見執行長,Say,リン･テイ,5,ジェイ、気をつけて……,
d0e81a4acd55cfac60c2aa1bec155c08.bundle,操作路線_見執行長,Say,リン･テイ,6,彼女との協力関係に気づかれちゃだめよ。,
d0e81a4acd55cfac60c2aa1bec155c08.bundle,操作路線_見執行長,Say,セイワ･ゲン,58,昨日の件を聞いたのでなければ、何のために彼女と会っていたんだ？,
d0e81a4acd55cfac60c2aa1bec155c08.bundle,操作路線_見執行長,Branch,#Simple,12,彼女はイファマネージャーの件で私に聞きたいことがあったようです。,
d0e81a4acd55cfac60c2aa1bec155c08.bundle,操作路線_見執行長,Say,セイワ･ゲン,59,それはおかしいな。,
d0e81a4acd55cfac60c2aa1bec155c08.bundle,操作路線_見執行長,Say,セイワ･ゲン,60,彼女は昨日、イファの調査報告を上げてくれた。調査はもう終わってるはずだ。,
d0e81a4acd55cfac60c2aa1bec155c08.bundle,操作路線_見執行長,Say,心の声,7,確かにメイ･ジョもそう言っていたな……！,
d0e81a4acd55cfac60c2aa1bec155c08.bundle,操作路線_見執行長,Branch,#Simple,13,まだ他にも、疑わしいことがあったとかじゃないですか？,
d0e81a4acd55cfac60c2aa1bec155c08.bundle,操作路線_見執行長,Say,セイワ･ゲン,61,疑わしいこと？,
d0e81a4acd55cfac60c2aa1bec155c08.bundle,操作路線_見執行長,Say,セイワ･ゲン,62,確かにそれもあるかもしれないな。,
d0e81a4acd55cfac60c2aa1bec155c08.bundle,操作路線_見執行長,Branch,#Simple,14,それは彼女に聞いていただかないと……,
d0e81a4acd55cfac60c2aa1bec155c08.bundle,操作路線_見執行長,Branch,#Simple,15,私にもよくわかりません。,
d0e81a4acd55cfac60c2aa1bec155c08.bundle,操作路線_見執行長,Branch,#Simple,16,……,
d0e81a4acd55cfac60c2aa1bec155c08.bundle,操作路線_見執行長,Say,セイワ･ゲン,63,もう一度彼女から話を聞くしかないようだな。,
d0e81a4acd55cfac60c2aa1bec155c08.bundle,操作路線_見執行長,Say,心の声,8,メイ･ジョ、後は頼んだ。,
d0e81a4acd55cfac60c2aa1bec155c08.bundle,操作路線_見執行長,Branch,#Simple,17,彼女からいくつか尋ねられましたが、具体的な理由などは言っていませんでした。,
d0e81a4acd55cfac60c2aa1bec155c08.bundle,操作路線_見執行長,Say,セイワ･ゲン,64,うむ、彼女らしい尋問の仕方だ。,
d0e81a4acd55cfac60c2aa1bec155c08.bundle,操作路線_見執行長,Say,セイワ･ゲン,65,だが、彼女が直接出向くのはかなり珍しいことだ。,
d0e81a4acd55cfac60c2aa1bec155c08.bundle,操作路線_見執行長,Say,心の声,9,彼は一体どこまで知ってるんだ……？,
d0e81a4acd55cfac60c2aa1bec155c08.bundle,操作路線_見執行長,Say,セイワ･ゲン,66,彼女は職員と話す時でさえも、脅しを使ったりするらしいが、あまり褒められることではないな。,
d0e81a4acd55cfac60c2aa1bec155c08.bundle,操作路線_見執行長,Say,セイワ･ゲン,67,彼女は君を脅したりはしていないか？,
d0e81a4acd55cfac60c2aa1bec155c08.bundle,操作路線_見執行長,Branch,#Simple,18,はい。,
d0e81a4acd55cfac60c2aa1bec155c08.bundle,操作路線_見執行長,Say,セイワ･ゲン,68,ならいいが。,
d0e81a4acd55cfac60c2aa1bec155c08.bundle,操作路線_見執行長,Branch,#Simple,19,もし脅されたと言ったら、どうするんですか？,
d0e81a4acd55cfac60c2aa1bec155c08.bundle,操作路線_見執行長,Say,セイワ･ゲン,69,残念ながら、私にできることはない。,
d0e81a4acd55cfac60c2aa1bec155c08.bundle,操作路線_見執行長,Say,セイワ･ゲン,70,情報セキュリティー部は本社の直属だ。私からはせいぜいクレームを入れるくらいだ。,
d0e81a4acd55cfac60c2aa1bec155c08.bundle,操作路線_見執行長,Say,セイワ･ゲン,71,むしろそれがお望みなら、私に言ってくれ。,
d0e81a4acd55cfac60c2aa1bec155c08.bundle,操作路線_見執行長,Branch,#Simple,20,ありがとうございます。,
d0e81a4acd55cfac60c2aa1bec155c08.bundle,操作路線_見執行長,Say,セイワ･ゲン,72,礼は不要だ。,
d0e81a4acd55cfac60c2aa1bec155c08.bundle,操作路線_見執行長,Branch,#Simple,21,あなたが執行官であってもですか？,
d0e81a4acd55cfac60c2aa1bec155c08.bundle,操作路線_見執行長,Say,セイワ･ゲン,73,ハハハ、立場は上かもしれないが、私もあくまで雇われの身だ。,
d0e81a4acd55cfac60c2aa1bec155c08.bundle,操作路線_見執行長,Branch,#Simple,22,……,
d0e81a4acd55cfac60c2aa1bec155c08.bundle,操作路線_見執行長,Branch,#Simple,23,はい、私も聞きました。,
d0e81a4acd55cfac60c2aa1bec155c08.bundle,操作路線_見執行長,Say,セイワ･ゲン,74,そうだろうな。,
d0e81a4acd55cfac60c2aa1bec155c08.bundle,操作路線_見執行長,Say,セイワ･ゲン,75,この件の担当であるジョ隊長と先程会っていたようだからな。,
d0e81a4acd55cfac60c2aa1bec155c08.bundle,操作路線_見執行長,Say,セイワ･ゲン,76,オペレーションコアの件で君から話を伺ったのだろう？,
d0e81a4acd55cfac60c2aa1bec155c08.bundle,操作路線_見執行長,Branch,#Simple,24,いいえ。,
d0e81a4acd55cfac60c2aa1bec155c08.bundle,操作路線_見執行長,Say,セイワ･ゲン,77,ほう？じゃ何のためだ？,
d0e81a4acd55cfac60c2aa1bec155c08.bundle,操作路線_見執行長,Branch,#Simple,25,はい。,
d0e81a4acd55cfac60c2aa1bec155c08.bundle,操作路線_見執行長,Say,セイワ･ゲン,78,そうだろうな。,
d0e81a4acd55cfac60c2aa1bec155c08.bundle,操作路線_見執行長,Say,セイワ･ゲン,79,しかし、彼女が直接出向くとは……,
d0e81a4acd55cfac60c2aa1bec155c08.bundle,操作路線_見執行長,Say,セイワ･ゲン,80,かなり珍しいことだ。,
d0e81a4acd55cfac60c2aa1bec155c08.bundle,操作路線_見執行長,Say,セイワ･ゲン,81,私から聞きたいことは以上だ。,
d0e81a4acd55cfac60c2aa1bec155c08.bundle,操作路線_見執行長,Say,セイワ･ゲン,82,頑張りたまえ、マネージャー候補。,
d0e81a4acd55cfac60c2aa1bec155c08.bundle,操作路線_見執行長,Say,シュン･ゴ,31,……はい。,
d0e81a4acd55cfac60c2aa1bec155c08.bundle,操作路線_見執行長,Say,リン･テイ,7,ふぅ、とりあえずなんとかなったね。,
d0e81a4acd55cfac60c2aa1bec155c08.bundle,操作路線_見執行長,Say,心の声,10,セイワ･ゲン、彼はどこまで知ってるんだ……？,
d0e81a4acd55cfac60c2aa1bec155c08.bundle,操作路線_見執行長,Say,心の声,11,もしかして、もう俺を疑っているのか？,
d0e81a4acd55cfac60c2aa1bec155c08.bundle,操作路線_見執行長,Say,心の声,12,サイレントは刻一刻と危険な場所になりつつある。もうこれ以上はいられないな……,
d0e81a4acd55cfac60c2aa1bec155c08.bundle,操作路線_見執行長,Say,シュン･ゴ,32,どうして執行官に楯突いたのですか？,
d0e81a4acd55cfac60c2aa1bec155c08.bundle,操作路線_見執行長,Say,シュン･ゴ,33,リン･テイ監督官はあなたの恋人なのですか……？,
d0e81a4acd55cfac60c2aa1bec155c08.bundle,操作路線_見執行長,Say,シュン･ゴ,34,……,
d0e81a4acd55cfac60c2aa1bec155c08.bundle,操作路線_見執行長,Say,シュン･ゴ,35,それに執行官が彼女の事故に関わってると本当に思っているのですか？,
d0e81a4acd55cfac60c2aa1bec155c08.bundle,操作路線_見執行長,Say,リン･テイ,8,ジェイ、ごまかして。もうこれ以上、他人を巻き込んじゃだめよ……,
d0e81a4acd55cfac60c2aa1bec155c08.bundle,操作路線_見執行長,Branch,#Simple,26,いろいろあって気が動転してました。すみませんでした。,
d0e81a4acd55cfac60c2aa1bec155c08.bundle,操作路線_見執行長,Say,シュン･ゴ,36,ならいいのですが。,
d0e81a4acd55cfac60c2aa1bec155c08.bundle,操作路線_見執行長,Say,シュン･ゴ,37,……,
d0e81a4acd55cfac60c2aa1bec155c08.bundle,操作路線_見執行長,Branch,#Simple,27,はい、彼は人殺しです。,
d0e81a4acd55cfac60c2aa1bec155c08.bundle,操作路線_見執行長,Say,リン･テイ,9,ジェイ……！？,
d0e81a4acd55cfac60c2aa1bec155c08.bundle,操作路線_見執行長,Say,シュン･ゴ,38,……,
d0e81a4acd55cfac60c2aa1bec155c08.bundle,操作路線_見執行長,Say,心の声,13,かなり驚いているようだ……,
d0e81a4acd55cfac60c2aa1bec155c08.bundle,操作路線_見執行長,Say,心の声,14,シュンが驚いた顔は珍しいな……,
d0e81a4acd55cfac60c2aa1bec155c08.bundle,操作路線_見執行長,Say,シュン･ゴ,39,その件について詳しく聞きかせてもらえませんか……？,
d0e81a4acd55cfac60c2aa1bec155c08.bundle,操作路線_見執行長,Say,シュン･ゴ,40,もし何か証拠があるのでしたら、警察に行くのをお勧めします。,
d0e81a4acd55cfac60c2aa1bec155c08.bundle,操作路線_見執行長,Branch,#Simple,28,信じてくれるんですか？,
d0e81a4acd55cfac60c2aa1bec155c08.bundle,操作路線_見執行長,Say,シュン･ゴ,41,それは……,
d0e81a4acd55cfac60c2aa1bec155c08.bundle,操作路線_見執行長,Say,シュン･ゴ,42,どうでしょうかね。,
d0e81a4acd55cfac60c2aa1bec155c08.bundle,操作路線_見執行長,Say,シュン･ゴ,43,ですが、あなたの妄想だとも思えません。,
d0e81a4acd55cfac60c2aa1bec155c08.bundle,操作路線_見執行長,Say,シュン･ゴ,44,正直に言って、困り果てているくらいです……,
d0e81a4acd55cfac60c2aa1bec155c08.bundle,操作路線_見執行長,Branch,#Simple,29,警察に行っても何の意味もありません。,
d0e81a4acd55cfac60c2aa1bec155c08.bundle,操作路線_見執行長,Say,シュン･ゴ,45,……そうですか。,
d0e81a4acd55cfac60c2aa1bec155c08.bundle,操作路線_見執行長,Say,シュン･ゴ,46,警察が何もできないのなら、あなた一人で何ができるというのですか？,
d0e81a4acd55cfac60c2aa1bec155c08.bundle,操作路線_見執行長,Branch,#Simple,30,……,
d0e81a4acd55cfac60c2aa1bec155c08.bundle,操作路線_見執行長,Say,シュン･ゴ,47,どうであれ、これ以上あなたのプライベートに立ち入る気はありません。,
d0e81a4acd55cfac60c2aa1bec155c08.bundle,操作路線_見執行長,Say,シュン･ゴ,48,ですが、もし私の力が必要であれば、いつでも声をかけてください。,
d0e81a4acd55cfac60c2aa1bec155c08.bundle,操作路線_見執行長,Branch,#Simple,31,ありがとうございます。,
d0e81a4acd55cfac60c2aa1bec155c08.bundle,操作路線_見執行長,Branch,#Simple,32,わかりました。,
d0e81a4acd55cfac60c2aa1bec155c08.bundle,操作路線_見執行長,Say,シュン･ゴ,49,はい。,
d0e81a4acd55cfac60c2aa1bec155c08.bundle,操作路線_見執行長,Branch,#Simple,33,……,
d0e81a4acd55cfac60c2aa1bec155c08.bundle,操作路線_見執行長,Say,シュン･ゴ,50,では……,
d0e81a4acd55cfac60c2aa1bec155c08.bundle,操作路線_見執行長,Say,シュン･ゴ,51,……,
d0e81a4acd55cfac60c2aa1bec155c08.bundle,操作路線_見執行長,Say,シュン･ゴ,52,ジェイ。さっきの話、どう思いますか？,
d0e81a4acd55cfac60c2aa1bec155c08.bundle,操作路線_見執行長,Say,シュン･ゴ,53,彼らの提案についてです。,
d0e81a4acd55cfac60c2aa1bec155c08.bundle,操作路線_見執行長,Branch,#Simple,34,私はまだ、工場閉鎖が本当に正しいかどうかわかりません。,
d0e81a4acd55cfac60c2aa1bec155c08.bundle,操作路線_見執行長,Say,シュン･ゴ,54,それは絶対に正しいと言えます。,
d0e81a4acd55cfac60c2aa1bec155c08.bundle,操作路線_見執行長,Say,シュン･ゴ,55,工場閉鎖は確かに良いことでは決してありません。多くの人がその影響を受けることでしょう。,
d0e81a4acd55cfac60c2aa1bec155c08.bundle,操作路線_見執行長,Say,シュン･ゴ,56,ですが、これ以上セラーで人が死ぬよりは、被害を最小限に収めることができます。,
d0e81a4acd55cfac60c2aa1bec155c08.bundle,操作路線_見執行長,Say,シュン･ゴ,57,誰も傷つけずに、円満にこの件を解決するなんて、今更不可能なんですよ。,
d0e81a4acd55cfac60c2aa1bec155c08.bundle,操作路線_見執行長,Branch,#Simple,35,選別組と協力すれば、他の方法があるかもしれません。,
d0e81a4acd55cfac60c2aa1bec155c08.bundle,操作路線_見執行長,Say,シュン･ゴ,58,私はずっとそれについて考えていました……,
d0e81a4acd55cfac60c2aa1bec155c08.bundle,操作路線_見執行長,Branch,#Simple,36,何か考えがあるんですか？,
d0e81a4acd55cfac60c2aa1bec155c08.bundle,操作路線_見執行長,Branch,#Simple,37,……,
d0e81a4acd55cfac60c2aa1bec155c08.bundle,操作路線_見執行長,Branch,#Simple,38,あなたはどう思ったんですか？,
d0e81a4acd55cfac60c2aa1bec155c08.bundle,操作路線_見執行長,Say,シュン･ゴ,59,私は、どうすればイー･テイにこの件を理解してもらえるかを考えていました。,
d0e81a4acd55cfac60c2aa1bec155c08.bundle,操作路線_見執行長,Say,シュン･ゴ,60,もし選別組の協力を得られるなら、この件はもっと穏便に済むと思います。,
d0e81a4acd55cfac60c2aa1bec155c08.bundle,操作路線_見執行長,Say,シュン･ゴ,61,ですが、ヤンさんの言う通り、もう時間がありません。,
d0e81a4acd55cfac60c2aa1bec155c08.bundle,操作路線_見執行長,Say,シュン･ゴ,62,今こそ決断の時だと思います。セラーを閉鎖させるべきか、それとも供給者の生活を優先させるべきか……,
d0e81a4acd55cfac60c2aa1bec155c08.bundle,操作路線_見執行長,Branch,#Simple,39,そこまで極端な選択をする必要がありますかね？,
d0e81a4acd55cfac60c2aa1bec155c08.bundle,操作路線_見執行長,Say,シュン･ゴ,63,極端ではなく、どちらがより価値があるか見極める必要があるのです。,
d0e81a4acd55cfac60c2aa1bec155c08.bundle,操作路線_見執行長,Say,シュン･ゴ,64,この問題に完璧な解はありません。だから被害を最小限に留める選択をするしかありません。,
d0e81a4acd55cfac60c2aa1bec155c08.bundle,操作路線_見執行長,Branch,#Simple,40,やはりこれ以上セラーで被害を出さないためにも、閉鎖させるべきだと思います。,
d0e81a4acd55cfac60c2aa1bec155c08.bundle,操作路線_見執行長,Say,シュン･ゴ,65,理にかなった答えですね。,
d0e81a4acd55cfac60c2aa1bec155c08.bundle,操作路線_見執行長,Branch,#Simple,41,なぜその二択なんですか？,
d0e81a4acd55cfac60c2aa1bec155c08.bundle,操作路線_見執行長,Say,シュン･ゴ,66,理想主義者のイー･テイは、この工場を存続させた方が、多くの人を救えると思っています。,
d0e81a4acd55cfac60c2aa1bec155c08.bundle,操作路線_見執行長,Say,シュン･ゴ,67,ですが彼はセラーの技術的な問題を解決できませんし、我々の話に耳も傾けません……,
d0e81a4acd55cfac60c2aa1bec155c08.bundle,操作路線_見執行長,Say,シュン･ゴ,68,私たち操作組こそが、セラーの専門家であるにも関わらずです。,
d0e81a4acd55cfac60c2aa1bec155c08.bundle,操作路線_見執行長,Say,シュン･ゴ,69,この件を解決できるのは、我々のような専門家だけです。,
d0e81a4acd55cfac60c2aa1bec155c08.bundle,操作路線_見執行長,Branch,#Simple,42,……,
d0e81a4acd55cfac60c2aa1bec155c08.bundle,操作路線_見執行長,Say,シュン･ゴ,70,理想と現実は違います……,
d0e81a4acd55cfac60c2aa1bec155c08.bundle,操作路線_見執行長,Say,シュン･ゴ,71,私たちに時間があれば、彼にセラーの問題を少しずつ理解させることもできたでしょうが……,
d0e81a4acd55cfac60c2aa1bec155c08.bundle,操作路線_見執行長,Say,シュン･ゴ,72,私たちはあと数時間で報告書を仕上げなければなりません。,
d0e81a4acd55cfac60c2aa1bec155c08.bundle,操作路線_見執行長,Say,シュン･ゴ,73,今は無理やりにでも主導権を奪い、正しい決断をするしかないのです。,
d0e81a4acd55cfac60c2aa1bec155c08.bundle,操作路線_見執行長,Say,シュン･ゴ,74,私はイー･テイにこの件を知らせます。彼には何が起きているのかを知る権力があります。,
d0e81a4acd55cfac60c2aa1bec155c08.bundle,操作路線_見執行長,Branch,#Simple,43,彼が邪魔をしてくる可能性は？,
d0e81a4acd55cfac60c2aa1bec155c08.bundle,操作路線_見執行長,Say,シュン･ゴ,75,彼が何をしてこようと、結果は変わりません。今は納得させるしかないでしょうね。,
d0e81a4acd55cfac60c2aa1bec155c08.bundle,操作路線_見執行長,Branch,#Simple,44,なぜ彼に知らせるんですか？,
d0e81a4acd55cfac60c2aa1bec155c08.bundle,操作路線_見執行長,Say,シュン･ゴ,76,立場が違えども、私たちはそれぞれのやり方でこの問題を解決しようとしていました。,
d0e81a4acd55cfac60c2aa1bec155c08.bundle,操作路線_見執行長,Say,シュン･ゴ,77,彼を騙すような真似はしたくありません。,
d0e81a4acd55cfac60c2aa1bec155c08.bundle,操作路線_見執行長,Branch,#Simple,45,私もそれがいいと思います。,
d0e81a4acd55cfac60c2aa1bec155c08.bundle,操作路線_見執行長,Say,シュン･ゴ,78,ありがとうございます。,
d0e81a4acd55cfac60c2aa1bec155c08.bundle,操作路線_見執行長,Branch,#Simple,46,……,
d0e81a4acd55cfac60c2aa1bec155c08.bundle,操作路線_見執行長,Say,シュン･ゴ,79,ですが、まずは操作組の皆に知らせたいと思います。,
d0e81a4acd55cfac60c2aa1bec155c08.bundle,操作路線_見執行長,Say,シュン･ゴ,80,とはいえ、今日の報告書は私たち二人で頑張るしかありませんね。,
d0e81a4acd55cfac60c2aa1bec155c08.bundle,操作路線_見執行長,Branch,#Simple,47,どうしてですか？,
d0e81a4acd55cfac60c2aa1bec155c08.bundle,操作路線_見執行長,Branch,#Simple,48,皆は忙しいってことですか？,
d0e81a4acd55cfac60c2aa1bec155c08.bundle,操作路線_見執行長,Say,シュン･ゴ,81,今日、操作組は休みだからです。,
d0e81a4acd55cfac60c2aa1bec155c08.bundle,操作路線_見執行長,Branch,#Simple,49,……,
d0e81a4acd55cfac60c2aa1bec155c08.bundle,操作路線_見執行長,Say,シュン･ゴ,82,例え二人しかいなくとも、何とか報告を仕上げないといけません。,
d0e81a4acd55cfac60c2aa1bec155c08.bundle,操作路線_見執行長,Say,シュン･ゴ,83,さあ、操作組のオフィスへ行きましょう。,
d0e81a4acd55cfac60c2aa1bec155c08.bundle,遇到鄭緯,Say,イー･テイ,0,シュン……！,
d0e81a4acd55cfac60c2aa1bec155c08.bundle,遇到鄭緯,Say,シュン･ゴ,0,イー･テイ。,
d0e81a4acd55cfac60c2aa1bec155c08.bundle,遇到鄭緯,Say,シュン･ゴ,1,もう知っているんですね……,
d0e81a4acd55cfac60c2aa1bec155c08.bundle,遇到鄭緯,Say,イー･テイ,1,……君はここを破滅させようとしているのか？,
d0e81a4acd55cfac60c2aa1bec155c08.bundle,遇到鄭緯,Say,シュン･ゴ,2,この機に及んでも、まだ理解してくれないのですね。,
d0e81a4acd55cfac60c2aa1bec155c08.bundle,遇到鄭緯,Say,シュン･ゴ,3,私が破滅させずとも、この場所はずっと昔から破滅していました。,
d0e81a4acd55cfac60c2aa1bec155c08.bundle,遇到鄭緯,Say,イー･テイ,2,……頼むから、僕の話を聞いてくれ。,
d0e81a4acd55cfac60c2aa1bec155c08.bundle,遇到鄭緯,Say,イー･テイ,3,ここを閉鎖させた後の被害を君はまだ理解していない！,
d0e81a4acd55cfac60c2aa1bec155c08.bundle,遇到鄭緯,Say,シュン･ゴ,4,今心配すべきなのは、ここを閉鎖にできなかった時の被害です。,
d0e81a4acd55cfac60c2aa1bec155c08.bundle,遇到鄭緯,Say,イー･テイ,4,わからず屋……,
d0e81a4acd55cfac60c2aa1bec155c08.bundle,遇到鄭緯,Say,イー･テイ,5,サイレントの皆の努力を無駄にする気か！？,
d0e81a4acd55cfac60c2aa1bec155c08.bundle,遇到鄭緯,Say,シュン･ゴ,5,いいえ、私は皆をサイレントという苦痛から解放します。,
d0e81a4acd55cfac60c2aa1bec155c08.bundle,遇到鄭緯,Say,イー･テイ,6,なぜ君はそんなに頑固なんだ！？,
d0e81a4acd55cfac60c2aa1bec155c08.bundle,遇到鄭緯,Say,シュン･ゴ,6,その言葉、そのままあなたにお返ししますよ。,
d0e81a4acd55cfac60c2aa1bec155c08.bundle,遇到鄭緯,Say,シュン･ゴ,7,イー･テイ、あなたは自分が一番正しいと思っている。だから今回のことで落ち込んでいるのはわかりますが……,
d0e81a4acd55cfac60c2aa1bec155c08.bundle,遇到鄭緯,Say,シュン･ゴ,8,「思い」だけでは、現状を変えることはできません。,
d0e81a4acd55cfac60c2aa1bec155c08.bundle,遇到鄭緯,Say,シュン･ゴ,9,現状、サイレントはもう閉鎖させるしかないほど腐りきっています。,
d0e81a4acd55cfac60c2aa1bec155c08.bundle,遇到鄭緯,Say,イー･テイ,7,……もういい。,
d0e81a4acd55cfac60c2aa1bec155c08.bundle,遇到鄭緯,Say,シュン･ゴ,10,何ですって？,
d0e81a4acd55cfac60c2aa1bec155c08.bundle,遇到鄭緯,Say,イー･テイ,8,<y>もう聞き飽きた！！！</y>,
d0e81a4acd55cfac60c2aa1bec155c08.bundle,遇到鄭緯,Say,イー･テイ,9,<y>これ以上、君の話を聞く気はない！！！</y>,
d0e81a4acd55cfac60c2aa1bec155c08.bundle,遇到鄭緯,Say,シュン･ゴ,11,イー･テイ、落ち着いてください。,
d0e81a4acd55cfac60c2aa1bec155c08.bundle,遇到鄭緯,Say,イー･テイ,10,<y>僕はどれだけ君の話を聞けばいいんだ！？</y>,
d0e81a4acd55cfac60c2aa1bec155c08.bundle,遇到鄭緯,Say,イー･テイ,11,<y>僕はずっとずっと君の説教を聞いてきた！</y>,
d0e81a4acd55cfac60c2aa1bec155c08.bundle,遇到鄭緯,Say,イー･テイ,12,<y>でも君はいつも同じ言葉を繰り返すだけじゃないか！</y>,
d0e81a4acd55cfac60c2aa1bec155c08.bundle,遇到鄭緯,Say,イー･テイ,13,僕が理解したかは、君にとってどうでもいいんだ。君は自分の言いたいことを言っているだけだよ！,
d0e81a4acd55cfac60c2aa1bec155c08.bundle,遇到鄭緯,Say,イー･テイ,14,僕の立場や意見はどうでもいいんだろう？君は僕を従わせたいだけだ！,
d0e81a4acd55cfac60c2aa1bec155c08.bundle,遇到鄭緯,Say,イー･テイ,15,なぜいつも説教ばかりで、コミュニケーションを取ろうとしないんだ！？,
d0e81a4acd55cfac60c2aa1bec155c08.bundle,遇到鄭緯,Say,シュン･ゴ,12,残念ながらそれはあなたの見解です。私たちはあなたたちとコミュニケーションを取っています。,
d0e81a4acd55cfac60c2aa1bec155c08.bundle,遇到鄭緯,Say,シュン･ゴ,13,あなたの話にも耳を傾けていました。ですが、私たちには知識の差があります。,
d0e81a4acd55cfac60c2aa1bec155c08.bundle,遇到鄭緯,Say,シュン･ゴ,14,あなたはセラーで働いた事はありませんし、技術的な知識も持っていません。,
d0e81a4acd55cfac60c2aa1bec155c08.bundle,遇到鄭緯,Say,イー･テイ,16,またそれか……,
d0e81a4acd55cfac60c2aa1bec155c08.bundle,遇到鄭緯,Say,シュン･ゴ,15,あなたは真剣にこの件を考えていますが、あくまでもそれは机上の空論です。,
d0e81a4acd55cfac60c2aa1bec155c08.bundle,遇到鄭緯,Say,シュン･ゴ,16,最後の判断はその分野の専門家が下すしかありません。,
d0e81a4acd55cfac60c2aa1bec155c08.bundle,遇到鄭緯,Say,シュン･ゴ,17,確かに、私はよく説教をしていました。それは認めます。,
d0e81a4acd55cfac60c2aa1bec155c08.bundle,遇到鄭緯,Say,シュン･ゴ,18,ですがそれは、この件については、あなたより私の方が知識を持っているからです。,
d0e81a4acd55cfac60c2aa1bec155c08.bundle,遇到鄭緯,Say,シュン･ゴ,19,それと私は、説教も一種のコミュニケーションだと思っています。,
d0e81a4acd55cfac60c2aa1bec155c08.bundle,遇到鄭緯,Say,イー･テイ,17,コミュニケーションの定義について言い争いたいわけじゃない。僕はただ君のバカげた行動を止めたいだけだ。,
d0e81a4acd55cfac60c2aa1bec155c08.bundle,遇到鄭緯,Say,イー･テイ,18,シュン･ゴ、今すぐ報告するのをやめろ。,
d0e81a4acd55cfac60c2aa1bec155c08.bundle,遇到鄭緯,Say,シュン･ゴ,20,ここは公の場です。まずは落ち着いて……,
d0e81a4acd55cfac60c2aa1bec155c08.bundle,遇到鄭緯,Say,イー･テイ,19,<y>公の場とかどうでもいいだろう！</y>,
d0e81a4acd55cfac60c2aa1bec155c08.bundle,遇到鄭緯,Say,イー･テイ,20,ここを閉鎖にしたら、どれだけの人が路頭に迷うと思うんだ？,
d0e81a4acd55cfac60c2aa1bec155c08.bundle,遇到鄭緯,Say,イー･テイ,21,サイレント内でも、どれだけの失業者が出るか……僕たち選別組もその被害を受けるんだぞ……！,
d0e81a4acd55cfac60c2aa1bec155c08.bundle,遇到鄭緯,Say,シュン･ゴ,21,それこそがあなたの真の考えですね。,
d0e81a4acd55cfac60c2aa1bec155c08.bundle,遇到鄭緯,Say,イー･テイ,22,……,
d0e81a4acd55cfac60c2aa1bec155c08.bundle,遇到鄭緯,Say,シュン･ゴ,22,あなたは、閉鎖後に部下が仕事を失ってしまう罪悪感から逃れるために、動いているだけです……,
d0e81a4acd55cfac60c2aa1bec155c08.bundle,遇到鄭緯,Say,イー･テイ,23,それは……,
d0e81a4acd55cfac60c2aa1bec155c08.bundle,遇到鄭緯,Say,シュン･ゴ,23,あなたは悪者になりたくないから、正しい選択をしないだけです。,
d0e81a4acd55cfac60c2aa1bec155c08.bundle,遇到鄭緯,Say,イー･テイ,24,そうじゃない。僕は……,
d0e81a4acd55cfac60c2aa1bec155c08.bundle,遇到鄭緯,Say,シュン･ゴ,24,もう結構です。あなたの動機を知ったおかげで、より報告すべきだと思いました。,
d0e81a4acd55cfac60c2aa1bec155c08.bundle,遇到鄭緯,Say,イー･テイ,25,<y>君は全然わかっていない！</y>,
d0e81a4acd55cfac60c2aa1bec155c08.bundle,遇到鄭緯,Say,イー･テイ,26,軽々しく、そんなことが決断できるのは、君がチーフになったことがないからだ！,
d0e81a4acd55cfac60c2aa1bec155c08.bundle,遇到鄭緯,Say,イー･テイ,27,君は他人の人生を背負う責任を知らない。,
d0e81a4acd55cfac60c2aa1bec155c08.bundle,遇到鄭緯,Say,イー･テイ,28,いつも専門家という肩書きの後ろに隠れてばかりだ！,
d0e81a4acd55cfac60c2aa1bec155c08.bundle,遇到鄭緯,Say,イー･テイ,29,<y>君はただの自己中のクソ野郎だ！！！</y>,
d0e81a4acd55cfac60c2aa1bec155c08.bundle,遇到鄭緯,Say,イー･テイ,30,<s>僕は……</s>,
d0e81a4acd55cfac60c2aa1bec155c08.bundle,遇到鄭緯,Say,シュン･ゴ,25,……,
d0e81a4acd55cfac60c2aa1bec155c08.bundle,遇到鄭緯,Say,シュン･ゴ,26,イー･テイ、あなたのそんな姿を見るのは、とても悲しいです。,
d0e81a4acd55cfac60c2aa1bec155c08.bundle,遇到鄭緯,Say,シュン･ゴ,27,あなたは善人であり、優れた能力を持っています。,
d0e81a4acd55cfac60c2aa1bec155c08.bundle,遇到鄭緯,Say,シュン･ゴ,28,ですが、この件については、個人感情で判断すべきではありません。あなたもそう思っているはずです。,
d0e81a4acd55cfac60c2aa1bec155c08.bundle,遇到鄭緯,Say,イー･テイ,31,……,
d0e81a4acd55cfac60c2aa1bec155c08.bundle,遇到鄭緯,Say,シュン･ゴ,29,私には時間がありません。まだ重要な仕事が残っていますので。,
d0e81a4acd55cfac60c2aa1bec155c08.bundle,遇到鄭緯,Say,シュン･ゴ,30,あなたさえ良ければ、またどこかでちゃんと話しましょう。,
d0e81a4acd55cfac60c2aa1bec155c08.bundle,遇到鄭緯,Say,シュン･ゴ,31,では、失礼します。,
d0e81a4acd55cfac60c2aa1bec155c08.bundle,操作路線_地窖電梯,Say,シュン･ゴ,0,……,
d0e81a4acd55cfac60c2aa1bec155c08.bundle,操作路線_地窖電梯,Say,シュン･ゴ,1,……,
d0e81a4acd55cfac60c2aa1bec155c08.bundle,操作路線_地窖電梯,Say,シュン･ゴ,2,ジェイ。,
d0e81a4acd55cfac60c2aa1bec155c08.bundle,操作路線_地窖電梯,Say,シュン･ゴ,3,本来なら私は、セラーを故障させることで、工場閉鎖を押し進めるやり方を彼らに止めてもらいたいだけでした……,
d0e81a4acd55cfac60c2aa1bec155c08.bundle,操作路線_地窖電梯,Say,シュン･ゴ,4,それなのに、まさか私がサイレントの主導権をいただけることになるとは、思ってもいませんでした。,
d0e81a4acd55cfac60c2aa1bec155c08.bundle,操作路線_地窖電梯,Branch,#Simple,0,おめでとうございます！,
d0e81a4acd55cfac60c2aa1bec155c08.bundle,操作路線_地窖電梯,Say,シュン･ゴ,5,これは、喜ばしいことではないと思います……,
d0e81a4acd55cfac60c2aa1bec155c08.bundle,操作路線_地窖電梯,Branch,#Simple,1,これはい素晴らしいことですよね？,
d0e81a4acd55cfac60c2aa1bec155c08.bundle,操作路線_地窖電梯,Say,シュン･ゴ,6,同時に大きなプレッシャーでもあります。,
d0e81a4acd55cfac60c2aa1bec155c08.bundle,操作路線_地窖電梯,Branch,#Simple,2,……,
d0e81a4acd55cfac60c2aa1bec155c08.bundle,操作路線_地窖電梯,Say,シュン･ゴ,7,私は選別組を自由に操れることになります。,
d0e81a4acd55cfac60c2aa1bec155c08.bundle,操作路線_地窖電梯,Branch,#Simple,3,彼らをどうするつもりですか？,
d0e81a4acd55cfac60c2aa1bec155c08.bundle,操作路線_地窖電梯,Branch,#Simple,4,少し怖いですね。,
d0e81a4acd55cfac60c2aa1bec155c08.bundle,操作路線_地窖電梯,Say,シュン･ゴ,8,怖い？私が彼らに理不尽な対応をすると思っているのですか？,
d0e81a4acd55cfac60c2aa1bec155c08.bundle,操作路線_地窖電梯,Branch,#Simple,5,それはどうでしょうね……？,
d0e81a4acd55cfac60c2aa1bec155c08.bundle,操作路線_地窖電梯,Branch,#Simple,6,皆から職を奪うのは確かですよね？,
d0e81a4acd55cfac60c2aa1bec155c08.bundle,操作路線_地窖電梯,Say,シュン･ゴ,9,……,
d0e81a4acd55cfac60c2aa1bec155c08.bundle,操作路線_地窖電梯,Say,シュン･ゴ,10,確かに、結果的にはそうなりますね。,
d0e81a4acd55cfac60c2aa1bec155c08.bundle,操作路線_地窖電梯,Branch,#Simple,7,そういう意味で言ったわけではありません。,
d0e81a4acd55cfac60c2aa1bec155c08.bundle,操作路線_地窖電梯,Say,シュン･ゴ,11,なんとなく、言いたいことはわかります。,
d0e81a4acd55cfac60c2aa1bec155c08.bundle,操作路線_地窖電梯,Branch,#Simple,8,……,
d0e81a4acd55cfac60c2aa1bec155c08.bundle,操作路線_地窖電梯,Say,シュン･ゴ,12,……,
d0e81a4acd55cfac60c2aa1bec155c08.bundle,操作路線_地窖電梯,Say,シュン･ゴ,13,私が……,
d0e81a4acd55cfac60c2aa1bec155c08.bundle,操作路線_地窖電梯,Say,シュン･ゴ,14,主導権を手に入れ、工場閉鎖が決まった後は……,
d0e81a4acd55cfac60c2aa1bec155c08.bundle,操作路線_地窖電梯,Say,シュン･ゴ,15,少しずつ選別組を解散させたいと思っています。,
d0e81a4acd55cfac60c2aa1bec155c08.bundle,操作路線_地窖電梯,Branch,#Simple,9,早急過ぎませんか？,
d0e81a4acd55cfac60c2aa1bec155c08.bundle,操作路線_地窖電梯,Say,シュン･ゴ,16,そうですね。,
d0e81a4acd55cfac60c2aa1bec155c08.bundle,操作路線_地窖電梯,Branch,#Simple,10,どうしてですか？,
d0e81a4acd55cfac60c2aa1bec155c08.bundle,操作路線_地窖電梯,Branch,#Simple,11,……,
d0e81a4acd55cfac60c2aa1bec155c08.bundle,操作路線_地窖電梯,Say,シュン･ゴ,17,工場閉鎖が決まれば、真っ先にやることはマイナーの募集の停止です。,
d0e81a4acd55cfac60c2aa1bec155c08.bundle,操作路線_地窖電梯,Say,シュン･ゴ,18,そうなれば、選別組の存在意義がなくなります。,
d0e81a4acd55cfac60c2aa1bec155c08.bundle,操作路線_地窖電梯,Branch,#Simple,12,そうですね。,
d0e81a4acd55cfac60c2aa1bec155c08.bundle,操作路線_地窖電梯,Branch,#Simple,13,それは酷ではありませんか？,
d0e81a4acd55cfac60c2aa1bec155c08.bundle,操作路線_地窖電梯,Say,シュン･ゴ,19,……そうですね。,
d0e81a4acd55cfac60c2aa1bec155c08.bundle,操作路線_地窖電梯,Branch,#Simple,14,他の仕事を任せてはどうですか？,
d0e81a4acd55cfac60c2aa1bec155c08.bundle,操作路線_地窖電梯,Say,シュン･ゴ,20,それについては考えています。,
d0e81a4acd55cfac60c2aa1bec155c08.bundle,操作路線_地窖電梯,Say,シュン･ゴ,21,私は選別組の1/3を解雇しようと思っています。,
d0e81a4acd55cfac60c2aa1bec155c08.bundle,操作路線_地窖電梯,Say,シュン･ゴ,22,そして残った人たちで新しい部門を成立し、契約を中途解約されたマイナーたちを任せたいと思っています。,
d0e81a4acd55cfac60c2aa1bec155c08.bundle,操作路線_地窖電梯,Say,シュン･ゴ,23,マイナーたちの権益を保障するためには、選別組の力が必要です。,
d0e81a4acd55cfac60c2aa1bec155c08.bundle,操作路線_地窖電梯,Branch,#Simple,15,イー･テイは残しますか？,
d0e81a4acd55cfac60c2aa1bec155c08.bundle,操作路線_地窖電梯,Say,シュン･ゴ,24,そうするつもりですが、選ぶのは彼です。,
d0e81a4acd55cfac60c2aa1bec155c08.bundle,操作路線_地窖電梯,Say,シュン･ゴ,25,……さっきの彼を見たはずです。,
d0e81a4acd55cfac60c2aa1bec155c08.bundle,操作路線_地窖電梯,Branch,#Simple,16,冷静になれば、考え直してくれると思いますよ。,
d0e81a4acd55cfac60c2aa1bec155c08.bundle,操作路線_地窖電梯,Say,シュン･ゴ,26,……だといいのですが。,
d0e81a4acd55cfac60c2aa1bec155c08.bundle,操作路線_地窖電梯,Branch,#Simple,17,そうですね。,
d0e81a4acd55cfac60c2aa1bec155c08.bundle,操作路線_地窖電梯,Branch,#Simple,18,……,
d0e81a4acd55cfac60c2aa1bec155c08.bundle,操作路線_地窖電梯,Branch,#Simple,19,でもそれが終われば、彼らは解雇されますよね？,
d0e81a4acd55cfac60c2aa1bec155c08.bundle,操作路線_地窖電梯,Say,シュン･ゴ,27,うですね。ここにいる全員が職を失うことになります。,
d0e81a4acd55cfac60c2aa1bec155c08.bundle,操作路線_地窖電梯,Say,シュン･ゴ,28,サイレント自体がなくなるのですから。,
d0e81a4acd55cfac60c2aa1bec155c08.bundle,操作路線_地窖電梯,Branch,#Simple,20,……,
d0e81a4acd55cfac60c2aa1bec155c08.bundle,操作路線_地窖電梯,Say,シュン･ゴ,29,私だって、選別組の人を失業者にしたくありません。,
d0e81a4acd55cfac60c2aa1bec155c08.bundle,操作路線_地窖電梯,Say,シュン･ゴ,30,できるだけ万象の他の工場と掛け合って、彼らに転職先を見つけてあげるつもりです。,
d0e81a4acd55cfac60c2aa1bec155c08.bundle,操作路線_地窖電梯,Say,シュン･ゴ,31,それでも、転職できずに失業する人は出ますよ。それだけはどうにもならないと思います。,
d0e81a4acd55cfac60c2aa1bec155c08.bundle,操作路線_地窖電梯,Say,シュン･ゴ,32,私のやり方に賛同できない方々からの非難を受け止める覚悟はできています。,
d0e81a4acd55cfac60c2aa1bec155c08.bundle,操作路線_地窖電梯,Say,心の声,0,シュン･ゴのこんな顔、初めてみた……,
d0e81a4acd55cfac60c2aa1bec155c08.bundle,操作路線_地窖電梯,Say,シュン･ゴ,33,……,
d0e81a4acd55cfac60c2aa1bec155c08.bundle,操作路線_地窖電梯,Say,シュン･ゴ,34,これからの私の行動が、どれほどの人を傷つけるかはわかっています……,
d0e81a4acd55cfac60c2aa1bec155c08.bundle,操作路線_地窖電梯,Say,シュン･ゴ,35,ですが、そうしなければ、より多くの人が被害を受けることになります。,
d0e81a4acd55cfac60c2aa1bec155c08.bundle,操作路線_地窖電梯,Say,シュン･ゴ,36,すべての負の感情を受け止めた上で、正しいことをする……,
d0e81a4acd55cfac60c2aa1bec155c08.bundle,操作路線_地窖電梯,Say,シュン･ゴ,37,これは必要悪です。,
d0e81a4acd55cfac60c2aa1bec155c08.bundle,操作路線_地窖電梯,Say,シュン･ゴ,38,少なくとも、私はそう信じています。,
d0e81a4acd55cfac60c2aa1bec155c08.bundle,操作路線_地窖電梯,Say,シュン･ゴ,39,……,
d0e81a4acd55cfac60c2aa1bec155c08.bundle,操作路線_地窖電梯,Say,シュン･ゴ,40,あなたもそう思いませんか？,
d0e81a4acd55cfac60c2aa1bec155c08.bundle,操作路線_地窖電梯,Branch,#Simple,21,私も同意見です。,
d0e81a4acd55cfac60c2aa1bec155c08.bundle,操作路線_地窖電梯,Say,心の声,1,ほっとしたようだ。,
d0e81a4acd55cfac60c2aa1bec155c08.bundle,操作路線_地窖電梯,Say,シュン･ゴ,41,……,
d0e81a4acd55cfac60c2aa1bec155c08.bundle,操作路線_地窖電梯,Branch,#Simple,22,その質問に答えられるのは、あなただけだと思います。,
d0e81a4acd55cfac60c2aa1bec155c08.bundle,操作路線_地窖電梯,Say,シュン･ゴ,42,そうですね……,
d0e81a4acd55cfac60c2aa1bec155c08.bundle,操作路線_地窖電梯,Branch,#Simple,23,私なら、そうはしませんね。,
d0e81a4acd55cfac60c2aa1bec155c08.bundle,操作路線_地窖電梯,Say,シュン･ゴ,43,そうですか……,
d0e81a4acd55cfac60c2aa1bec155c08.bundle,操作路線_地窖電梯,Branch,#Simple,24,後悔しているんですか？,
d0e81a4acd55cfac60c2aa1bec155c08.bundle,操作路線_地窖電梯,Say,シュン･ゴ,44,……,
d0e81a4acd55cfac60c2aa1bec155c08.bundle,操作路線_地窖電梯,Say,シュン･ゴ,45,……いいえ、決断を下したのは私自身です。,
d0e81a4acd55cfac60c2aa1bec155c08.bundle,操作路線_地窖電梯,Branch,#Simple,25,でも、あなたを批判するつもりはありません。,
d0e81a4acd55cfac60c2aa1bec155c08.bundle,操作路線_地窖電梯,Say,シュン･ゴ,46,ありがとうございます、ジェイ。,
d0e81a4acd55cfac60c2aa1bec155c08.bundle,操作路線_地窖電梯,Say,心の声,2,弱々しい笑みを浮かべている。,
d0e81a4acd55cfac60c2aa1bec155c08.bundle,操作路線_地窖電梯,Branch,#Simple,26,……,
d0e81a4acd55cfac60c2aa1bec155c08.bundle,操作路線_地窖電梯,Branch,#Simple,27,私が認めないと決断できないんですか？,
d0e81a4acd55cfac60c2aa1bec155c08.bundle,操作路線_地窖電梯,Say,シュン･ゴ,47,……,
d0e81a4acd55cfac60c2aa1bec155c08.bundle,操作路線_地窖電梯,Say,シュン･ゴ,48,……いいえ、決断を下すのは私です。,
d0e81a4acd55cfac60c2aa1bec155c08.bundle,操作路線_地窖電梯,Say,シュン･ゴ,49,……,
d0e81a4acd55cfac60c2aa1bec155c08.bundle,操作路線_地窖電梯,Say,シュン･ゴ,50,確かに、あなたに聞くべきではありませんね……,
d0e81a4acd55cfac60c2aa1bec155c08.bundle,操作路線_地窖電梯,Say,シュン･ゴ,51,すみません。,
d0e81a4acd55cfac60c2aa1bec155c08.bundle,操作路線_地窖電梯,Say,シュン･ゴ,52,……,
d0e81a4acd55cfac60c2aa1bec155c08.bundle,操作路線_地窖電梯,Say,シュン･ゴ,53,私はただ……,
d0e81a4acd55cfac60c2aa1bec155c08.bundle,操作路線_地窖電梯,Say,シュン･ゴ,54,この罪悪感を他の人にも背負ってもらいたかっただけかもしれません。,
d0e81a4acd55cfac60c2aa1bec155c08.bundle,操作路線_地窖電梯,Say,シュン･ゴ,55,ずっと望んでいたことが、やっと成し遂げられそうなのに……,
d0e81a4acd55cfac60c2aa1bec155c08.bundle,操作路線_地窖電梯,Say,シュン･ゴ,56,……私はここに来て少し尻込みをしています。,
d0e81a4acd55cfac60c2aa1bec155c08.bundle,操作路線_地窖電梯,Branch,#Simple,28,操作組の皆が支えてくれますよ。,
d0e81a4acd55cfac60c2aa1bec155c08.bundle,操作路線_地窖電梯,Say,シュン･ゴ,57,……,
d0e81a4acd55cfac60c2aa1bec155c08.bundle,操作路線_地窖電梯,Say,シュン･ゴ,58,今の私にとっては、一番の慰めの言葉かもしれませんね。,
d0e81a4acd55cfac60c2aa1bec155c08.bundle,操作路線_地窖電梯,Branch,#Simple,29,そんなに嬉しい言葉でしたか？,
d0e81a4acd55cfac60c2aa1bec155c08.bundle,操作路線_地窖電梯,Branch,#Simple,30,なら、元気を出しましょう！,
d0e81a4acd55cfac60c2aa1bec155c08.bundle,操作路線_地窖電梯,Say,シュン･ゴ,59,ハハ……,
d0e81a4acd55cfac60c2aa1bec155c08.bundle,操作路線_地窖電梯,Branch,#Simple,31,……,
d0e81a4acd55cfac60c2aa1bec155c08.bundle,操作路線_地窖電梯,Say,シュン･ゴ,60,私は本気です。,
d0e81a4acd55cfac60c2aa1bec155c08.bundle,操作路線_地窖電梯,Say,シュン･ゴ,61,ジェイ、ありがとうございます。,
d0e81a4acd55cfac60c2aa1bec155c08.bundle,操作路線_地窖電梯,Branch,#Simple,32,すぐに慣れると思います。,
d0e81a4acd55cfac60c2aa1bec155c08.bundle,操作路線_地窖電梯,Say,シュン･ゴ,62,慣れてしまう自分が怖いんです……,
d0e81a4acd55cfac60c2aa1bec155c08.bundle,操作路線_地窖電梯,Say,シュン･ゴ,63,慣れてしまったら、誰かを傷つけることに何も感じなくなるのではないかと……,
d0e81a4acd55cfac60c2aa1bec155c08.bundle,操作路線_地窖電梯,Say,シュン･ゴ,64,それが一番怖い……,
d0e81a4acd55cfac60c2aa1bec155c08.bundle,操作路線_地窖電梯,Say,シュン･ゴ,65,少なくとも、今の私にはそう思えます。,
d0e81a4acd55cfac60c2aa1bec155c08.bundle,操作路線_地窖電梯,Branch,#Simple,33,普通は怖いと思います。,
d0e81a4acd55cfac60c2aa1bec155c08.bundle,操作路線_地窖電梯,Say,シュン･ゴ,66,だから気にする必要はない……,
d0e81a4acd55cfac60c2aa1bec155c08.bundle,操作路線_地窖電梯,Say,シュン･ゴ,67,ってことですか？,
d0e81a4acd55cfac60c2aa1bec155c08.bundle,操作路線_地窖電梯,Say,シュン･ゴ,68,ハハ……,
d0e81a4acd55cfac60c2aa1bec155c08.bundle,操作路線_地窖電梯,Branch,#Simple,34,……,
d0e81a4acd55cfac60c2aa1bec155c08.bundle,操作路線_地窖電梯,Say,シュン･ゴ,69,……,
d0e81a4acd55cfac60c2aa1bec155c08.bundle,操作路線_地窖電梯,Say,シュン･ゴ,70,着きましたね。行きましょう。,
d0e81a4acd55cfac60c2aa1bec155c08.bundle,主動安慰鄭緯,Branch,#Simple,0,大丈夫ですか？,
d0e81a4acd55cfac60c2aa1bec155c08.bundle,主動安慰鄭緯,Say,イー･テイ,0,……,
d0e81a4acd55cfac60c2aa1bec155c08.bundle,主動安慰鄭緯,Say,イー･テイ,1,あまり大丈夫じゃないね。,
d0e81a4acd55cfac60c2aa1bec155c08.bundle,主動安慰鄭緯,Branch,#Simple,1,シュン･ゴに協力すべきです。,
d0e81a4acd55cfac60c2aa1bec155c08.bundle,主動安慰鄭緯,Say,イー･テイ,2,彼に協力するつもりはないよ。,
d0e81a4acd55cfac60c2aa1bec155c08.bundle,主動安慰鄭緯,Branch,#Simple,2,すみません。,
d0e81a4acd55cfac60c2aa1bec155c08.bundle,主動安慰鄭緯,Say,イー･テイ,3,すみません？,
d0e81a4acd55cfac60c2aa1bec155c08.bundle,主動安慰鄭緯,Say,イー･テイ,4,君が選んだ選択だろ？今更何を謝るんだ？,
d0e81a4acd55cfac60c2aa1bec155c08.bundle,主動安慰鄭緯,Say,イー･テイ,5,僕はここに来るべきじゃなかった。彼は、少しでも僕の話を聞いてくれると思ってたけど、浅はかだったよ……,
d0e81a4acd55cfac60c2aa1bec155c08.bundle,主動安慰鄭緯,Say,イー･テイ,6,そんなことをせずに、真っ先に彼への対抗手段を考えるべきだった……,
d0e81a4acd55cfac60c2aa1bec155c08.bundle,主動安慰鄭緯,Branch,#Simple,3,今のあなたは冷静さを欠いています。,
d0e81a4acd55cfac60c2aa1bec155c08.bundle,主動安慰鄭緯,Branch,#Simple,4,それこそ愚かなことです。,
d0e81a4acd55cfac60c2aa1bec155c08.bundle,主動安慰鄭緯,Say,イー･テイ,7,……,
d0e81a4acd55cfac60c2aa1bec155c08.bundle,主動安慰鄭緯,Branch,#Simple,5,……,
d0e81a4acd55cfac60c2aa1bec155c08.bundle,主動安慰鄭緯,Say,イー･テイ,8,ジェイ、君は選択をした。,
d0e81a4acd55cfac60c2aa1bec155c08.bundle,主動安慰鄭緯,Say,イー･テイ,9,悪いけど、今は一人にしてくれ。,
d0e81a4acd55cfac60c2aa1bec155c08.bundle,主動安慰鄭緯,Say,心の声,0,今は何も聞いてくれなそうだ…,
d0e81a4acd55cfac60c2aa1bec155c08.bundle,操作路線_告知要去說服采欣,Say,シュン･ゴ,0,来ていただいて、すみません。,
d0e81a4acd55cfac60c2aa1bec155c08.bundle,操作路線_告知要去說服采欣,Branch,#Simple,0,大丈夫です。,
d0e81a4acd55cfac60c2aa1bec155c08.bundle,操作路線_告知要去說服采欣,Branch,#Simple,1,何があったのですか？,
d0e81a4acd55cfac60c2aa1bec155c08.bundle,操作路線_告知要去說服采欣,Branch,#Simple,2,……,
d0e81a4acd55cfac60c2aa1bec155c08.bundle,操作路線_告知要去說服采欣,Say,シュン･ゴ,1,……,
d0e81a4acd55cfac60c2aa1bec155c08.bundle,操作路線_告知要去說服采欣,Say,シュン･ゴ,2,実は、シンカに協力してもらえるように説得をしてほしいのです。,
d0e81a4acd55cfac60c2aa1bec155c08.bundle,操作路線_告知要去說服采欣,Branch,#Simple,3,協力って、何を？,
d0e81a4acd55cfac60c2aa1bec155c08.bundle,操作路線_告知要去說服采欣,Branch,#Simple,4,待ってください。どうしてですか？,
d0e81a4acd55cfac60c2aa1bec155c08.bundle,操作路線_告知要去說服采欣,Branch,#Simple,5,……,
d0e81a4acd55cfac60c2aa1bec155c08.bundle,操作路線_告知要去說服采欣,Say,シュン･ゴ,3,この報告書をより良いものにするために、選別組の資料も盛り込みたいと思っています。,
d0e81a4acd55cfac60c2aa1bec155c08.bundle,操作路線_告知要去說服采欣,Say,シュン･ゴ,4,ですが、冷静さを欠いた今のイー･テイが協力してくれるとは思えません。,
d0e81a4acd55cfac60c2aa1bec155c08.bundle,操作路線_告知要去說服采欣,Say,シュン･ゴ,5,ですから、他の選別組の人から資料を手に入れたいと思っています。,
d0e81a4acd55cfac60c2aa1bec155c08.bundle,操作路線_告知要去說服采欣,Branch,#Simple,6,シンカに仲間を裏切るよう説得しろと言うんですか？,
d0e81a4acd55cfac60c2aa1bec155c08.bundle,操作路線_告知要去說服采欣,Say,シュン･ゴ,6,……そう解釈しても構いません。,
d0e81a4acd55cfac60c2aa1bec155c08.bundle,操作路線_告知要去說服采欣,Say,シュン･ゴ,7,ですが、私にそんなつもりはありません。,
d0e81a4acd55cfac60c2aa1bec155c08.bundle,操作路線_告知要去說服采欣,Say,シュン･ゴ,8,この問題を解決するのに、裏切りも何もないと思います。,
d0e81a4acd55cfac60c2aa1bec155c08.bundle,操作路線_告知要去說服采欣,Branch,#Simple,7,どうしてもそのデータが必要なんですか？,
d0e81a4acd55cfac60c2aa1bec155c08.bundle,操作路線_告知要去說服采欣,Say,シュン･ゴ,9,今は使える手段はすべて使うべきです。,
d0e81a4acd55cfac60c2aa1bec155c08.bundle,操作路線_告知要去說服采欣,Branch,#Simple,8,……,
d0e81a4acd55cfac60c2aa1bec155c08.bundle,操作路線_告知要去說服采欣,Say,シュン･ゴ,10,私が選別組の資料を必要としているのも、すべて供給者のためです。,
d0e81a4acd55cfac60c2aa1bec155c08.bundle,操作路線_告知要去說服采欣,Say,シュン･ゴ,11,サイレントを閉鎖していく中で、私たちは少しずつセラーのマイナーを目覚めさせることになります。,
d0e81a4acd55cfac60c2aa1bec155c08.bundle,操作路線_告知要去說服采欣,Say,シュン･ゴ,12,そして彼らの処置、賠償金、医療提供などを行うためには、選別組の資料が必要です。,
d0e81a4acd55cfac60c2aa1bec155c08.bundle,操作路線_告知要去說服采欣,Say,シュン･ゴ,13,報告書にそういったアフターケアの内容を記載することで、説得力が大きく増すと思います。,
d0e81a4acd55cfac60c2aa1bec155c08.bundle,操作路線_告知要去說服采欣,Branch,#Simple,9,取締役が明確なコストを知りたがっているからですか？,
d0e81a4acd55cfac60c2aa1bec155c08.bundle,操作路線_告知要去說服采欣,Say,シュン･ゴ,14,彼らはコストをできるだけ下げたいと思っていますからね。,
d0e81a4acd55cfac60c2aa1bec155c08.bundle,操作路線_告知要去說服采欣,Branch,#Simple,10,マイナーたちを守りたいからですね。,
d0e81a4acd55cfac60c2aa1bec155c08.bundle,操作路線_告知要去說服采欣,Say,シュン･ゴ,15,はい。,
d0e81a4acd55cfac60c2aa1bec155c08.bundle,操作路線_告知要去說服采欣,Branch,#Simple,11,……,
d0e81a4acd55cfac60c2aa1bec155c08.bundle,操作路線_告知要去說服采欣,Say,シュン･ゴ,16,私たちはマイナーの権益を保障でき、かつコストを抑えられる計画を練らなければなりません。,
d0e81a4acd55cfac60c2aa1bec155c08.bundle,操作路線_告知要去說服采欣,Branch,#Simple,12,それには選別組が必要ということですか？,
d0e81a4acd55cfac60c2aa1bec155c08.bundle,操作路線_告知要去說服采欣,Say,シュン･ゴ,17,はい。マイナーの詳細な資料は彼らしか持っていません。,
d0e81a4acd55cfac60c2aa1bec155c08.bundle,操作路線_告知要去說服采欣,Branch,#Simple,13,その二つは矛盾しませんか？,
d0e81a4acd55cfac60c2aa1bec155c08.bundle,操作路線_告知要去說服采欣,Say,シュン･ゴ,18,……そうですね。,
d0e81a4acd55cfac60c2aa1bec155c08.bundle,操作路線_告知要去說服采欣,Say,シュン･ゴ,19,かなり厄介な問題だと思います。,
d0e81a4acd55cfac60c2aa1bec155c08.bundle,操作路線_告知要去說服采欣,Branch,#Simple,14,……,
d0e81a4acd55cfac60c2aa1bec155c08.bundle,操作路線_告知要去說服采欣,Say,シュン･ゴ,20,マイナーたちは供給を行う前に、個人情報、契約条件、身体データなどを選別組に提供しています。,
d0e81a4acd55cfac60c2aa1bec155c08.bundle,操作路線_告知要去說服采欣,Say,シュン･ゴ,21,そしてシンカは選別組でデータバンクの管理をしていると聞いたことがあります。,
d0e81a4acd55cfac60c2aa1bec155c08.bundle,操作路線_告知要去說服采欣,Say,シュン･ゴ,22,彼女なら、すべての資料を取り出せる権限を持っているはずです。,
d0e81a4acd55cfac60c2aa1bec155c08.bundle,操作路線_告知要去說服采欣,Say,シュン･ゴ,23,だから彼女を説得して、その資料を手に入れて欲しいのです。,
d0e81a4acd55cfac60c2aa1bec155c08.bundle,操作路線_告知要去說服采欣,Branch,#Simple,15,なぜあなたが自分で説得しに行かないんですか？,
d0e81a4acd55cfac60c2aa1bec155c08.bundle,操作路線_告知要去說服采欣,Branch,#Simple,16,なぜ私に説得をさせるんですか？,
d0e81a4acd55cfac60c2aa1bec155c08.bundle,操作路線_告知要去說服采欣,Say,シュン･ゴ,24,私には彼女と話す時間がありません。,
d0e81a4acd55cfac60c2aa1bec155c08.bundle,操作路線_告知要去說服采欣,Say,シュン･ゴ,25,あなたは操作組の中で、唯一自由に選別組に出入りできる人間です。,
d0e81a4acd55cfac60c2aa1bec155c08.bundle,操作路線_告知要去說服采欣,Branch,#Simple,17,私が他にやることがないからですか？,
d0e81a4acd55cfac60c2aa1bec155c08.bundle,操作路線_告知要去說服采欣,Say,シュン･ゴ,26,それも理由ではあります。,
d0e81a4acd55cfac60c2aa1bec155c08.bundle,操作路線_告知要去說服采欣,Say,心の声,0,はっきり言われたな。,
d0e81a4acd55cfac60c2aa1bec155c08.bundle,操作路線_告知要去說服采欣,Branch,#Simple,18,ジュジュを行かせたらどうですか？,
d0e81a4acd55cfac60c2aa1bec155c08.bundle,操作路線_告知要去說服采欣,Say,シュン･ゴ,27,彼女の性格はこういった状況に相応しくないと思います。,
d0e81a4acd55cfac60c2aa1bec155c08.bundle,操作路線_告知要去說服采欣,Say,シュン･ゴ,28,彼女は……,
d0e81a4acd55cfac60c2aa1bec155c08.bundle,操作路線_告知要去說服采欣,Say,シュン･ゴ,29,ストレートに言い過ぎるところがありますので……,
d0e81a4acd55cfac60c2aa1bec155c08.bundle,操作路線_告知要去說服采欣,Say,心の声,1,容易に想像できる。,
d0e81a4acd55cfac60c2aa1bec155c08.bundle,操作路線_告知要去說服采欣,Say,シュン･ゴ,30,それに彼女にはより重要な仕事を任せたいと思っています。,
d0e81a4acd55cfac60c2aa1bec155c08.bundle,操作路線_告知要去說服采欣,Branch,#Simple,19,……,
d0e81a4acd55cfac60c2aa1bec155c08.bundle,操作路線_告知要去說服采欣,Branch,#Simple,20,なるほど。,
d0e81a4acd55cfac60c2aa1bec155c08.bundle,操作路線_告知要去說服采欣,Branch,#Simple,21,……,
d0e81a4acd55cfac60c2aa1bec155c08.bundle,操作路線_告知要去說服采欣,Say,シュン･ゴ,31,その資料を必要とする一番の理由は報告書の説得力を上げるためではありません。,
d0e81a4acd55cfac60c2aa1bec155c08.bundle,操作路線_告知要去說服采欣,Say,シュン･ゴ,32,中途解約されたすべてのマイナーたちを守るためです。,
d0e81a4acd55cfac60c2aa1bec155c08.bundle,操作路線_告知要去說服采欣,Say,シュン･ゴ,33,とにかく、この件はあなたに任せても大丈夫でしょうか？,
d0e81a4acd55cfac60c2aa1bec155c08.bundle,操作路線_告知要去說服采欣,Branch,#Simple,22,はい、任せてください。,
d0e81a4acd55cfac60c2aa1bec155c08.bundle,操作路線_告知要去說服采欣,Say,シュン･ゴ,34,ありがとうございます。,
d0e81a4acd55cfac60c2aa1bec155c08.bundle,操作路線_告知要去說服采欣,Say,シュン･ゴ,35,こんなに簡単に受けてくれるとは、想定外でした。,
d0e81a4acd55cfac60c2aa1bec155c08.bundle,操作路線_告知要去說服采欣,Branch,#Simple,23,私が断ると思ったんですか？,
d0e81a4acd55cfac60c2aa1bec155c08.bundle,操作路線_告知要去說服采欣,Say,シュン･ゴ,36,あなたからもっと質問責めに遭うと思っていました。,
d0e81a4acd55cfac60c2aa1bec155c08.bundle,操作路線_告知要去說服采欣,Branch,#Simple,24,こんな時に躊躇っていても仕方がないですからね。,
d0e81a4acd55cfac60c2aa1bec155c08.bundle,操作路線_告知要去說服采欣,Say,心の声,2,シュン･ゴが笑った。,
d0e81a4acd55cfac60c2aa1bec155c08.bundle,操作路線_告知要去說服采欣,Say,シュン･ゴ,37,私も同意見です。,
d0e81a4acd55cfac60c2aa1bec155c08.bundle,操作路線_告知要去說服采欣,Say,シュン･ゴ,38,私たちの立場を理解してくれて、ありがとうございます。,
d0e81a4acd55cfac60c2aa1bec155c08.bundle,操作路線_告知要去說服采欣,Branch,#Simple,25,……,
d0e81a4acd55cfac60c2aa1bec155c08.bundle,操作路線_告知要去說服采欣,Say,シュン･ゴ,39,シンカのところに行く前に、何か聞きたいことはありますか？,
d0e81a4acd55cfac60c2aa1bec155c08.bundle,操作路線_告知要去說服采欣,Branch,#Simple,26,シンカに仲間を裏切らせて本当にいいんですか？,
d0e81a4acd55cfac60c2aa1bec155c08.bundle,操作路線_告知要去說服采欣,Branch,#Simple,27,サイレントはもう修復不可能な状況だと思いますか？,
d0e81a4acd55cfac60c2aa1bec155c08.bundle,操作路線_告知要去說服采欣,Branch,#Simple,28,ありません。,
d0e81a4acd55cfac60c2aa1bec155c08.bundle,操作路線_告知要去說服采欣,Say,シュン･ゴ,40,そうですか。,
d0e81a4acd55cfac60c2aa1bec155c08.bundle,操作路線_告知要去說服采欣,Say,シュン･ゴ,41,シンカは選別組のオフィスにいると思います。,
d0e81a4acd55cfac60c2aa1bec155c08.bundle,操作路線_告知要去說服采欣,Say,シュン･ゴ,42,ですが、二人きりの状況で話した方がいいと思います。,
d0e81a4acd55cfac60c2aa1bec155c08.bundle,操作路線_告知要去說服采欣,Say,シュン･ゴ,43,この件は確かに重要ですが、急ぐ必要はありませんからね。,
d0e81a4acd55cfac60c2aa1bec155c08.bundle,操作路線_告知要去說服采欣,Say,シュン･ゴ,44,だから自分のペースで進めてください。,
d0e81a4acd55cfac60c2aa1bec155c08.bundle,操作路線_告知要去說服采欣,Say,シュン･ゴ,45,では、よろしくお願いしますね。,
d0e81a4acd55cfac60c2aa1bec155c08.bundle,操作路線_告知要去說服采欣,Branch,#Simple,29,この件にはあまり賛成できません。,
d0e81a4acd55cfac60c2aa1bec155c08.bundle,操作路線_告知要去說服采欣,Say,シュン･ゴ,46,……,
d0e81a4acd55cfac60c2aa1bec155c08.bundle,操作路線_告知要去說服采欣,Say,シュン･ゴ,47,どうしてですか？,
d0e81a4acd55cfac60c2aa1bec155c08.bundle,操作路線_告知要去說服采欣,Branch,#Simple,30,私は工場を閉鎖させるべきではないと思っています。,
d0e81a4acd55cfac60c2aa1bec155c08.bundle,操作路線_告知要去說服采欣,Say,シュン･ゴ,48,今更何を言っているのですか！？,
d0e81a4acd55cfac60c2aa1bec155c08.bundle,操作路線_告知要去說服采欣,Say,心の声,3,かなり驚いている……,
d0e81a4acd55cfac60c2aa1bec155c08.bundle,操作路線_告知要去說服采欣,Say,シュン･ゴ,49,なぜ未だに工場閉鎖の必要性がわからないのですか……？,
d0e81a4acd55cfac60c2aa1bec155c08.bundle,操作路線_告知要去說服采欣,Say,シュン･ゴ,50,……,
d0e81a4acd55cfac60c2aa1bec155c08.bundle,操作路線_告知要去說服采欣,Branch,#Simple,31,私に怒っているんですか？,
d0e81a4acd55cfac60c2aa1bec155c08.bundle,操作路線_告知要去說服采欣,Say,シュン･ゴ,51,はい。,
d0e81a4acd55cfac60c2aa1bec155c08.bundle,操作路線_告知要去說服采欣,Say,シュン･ゴ,52,目の前の事実に対して、あなたが何もしないことを選ぶからです。,
d0e81a4acd55cfac60c2aa1bec155c08.bundle,操作路線_告知要去說服采欣,Branch,#Simple,32,すみません。,
d0e81a4acd55cfac60c2aa1bec155c08.bundle,操作路線_告知要去說服采欣,Branch,#Simple,33,……,
d0e81a4acd55cfac60c2aa1bec155c08.bundle,操作路線_告知要去說服采欣,Say,シュン･ゴ,53,では言い方を変えるしかありませんね。これは操作組臨時チーフの業務命令です。,
d0e81a4acd55cfac60c2aa1bec155c08.bundle,操作路線_告知要去說服采欣,Say,シュン･ゴ,54,私たちがやろうとしていることに反対していても、業務上は私に従うしかありません。,
d0e81a4acd55cfac60c2aa1bec155c08.bundle,操作路線_告知要去說服采欣,Branch,#Simple,34,わかりました。,
d0e81a4acd55cfac60c2aa1bec155c08.bundle,操作路線_告知要去說服采欣,Say,シュン･ゴ,55,では、失礼します。,
d0e81a4acd55cfac60c2aa1bec155c08.bundle,操作路線_告知要去說服采欣,Branch,#Simple,35,やりたくないことを無理やりさせるつもりですか？,
d0e81a4acd55cfac60c2aa1bec155c08.bundle,操作路線_告知要去說服采欣,Say,シュン･ゴ,56,確かにそうですが、それが仕事というものではないですか？,
d0e81a4acd55cfac60c2aa1bec155c08.bundle,操作路線_告知要去說服采欣,Say,シュン･ゴ,57,あなたに嫌な思いをさせる気はないですが、工場の閉鎖が最も重要です。,
d0e81a4acd55cfac60c2aa1bec155c08.bundle,操作路線_告知要去說服采欣,Say,シュン･ゴ,58,すみません、ジェイ。,
d0e81a4acd55cfac60c2aa1bec155c08.bundle,操作路線_告知要去說服采欣,Branch,#Simple,36,……,
d0e81a4acd55cfac60c2aa1bec155c08.bundle,操作路線_告知要去說服采欣,Say,シュン･ゴ,59,……,
d0e81a4acd55cfac60c2aa1bec155c08.bundle,操作路線_告知要去說服采欣,Say,シュン･ゴ,60,そうだ。この件は確かに重要ですが、急ぐ必要はありませんからね。,
d0e81a4acd55cfac60c2aa1bec155c08.bundle,操作路線_告知要去說服采欣,Say,シュン･ゴ,61,だから自分のペースで進めてください。,
d0e81a4acd55cfac60c2aa1bec155c08.bundle,操作路線_告知要去說服采欣,Branch,#Simple,37,私は執行官と取締役を信用していません。,
d0e81a4acd55cfac60c2aa1bec155c08.bundle,操作路線_告知要去說服采欣,Say,シュン･ゴ,62,なら、他の解決案がありますか？,
d0e81a4acd55cfac60c2aa1bec155c08.bundle,操作路線_告知要去說服采欣,Say,心の声,4,彼が真剣に俺の答えを待っている……,
d0e81a4acd55cfac60c2aa1bec155c08.bundle,操作路線_告知要去說服采欣,Branch,#Simple,38,今はまだありません。,
d0e81a4acd55cfac60c2aa1bec155c08.bundle,操作路線_告知要去說服采欣,Branch,#Simple,39,もう少し考えてるべきだと思います。,
d0e81a4acd55cfac60c2aa1bec155c08.bundle,操作路線_告知要去說服采欣,Say,シュン･ゴ,63,つまり、あなたは考えなしに、そんなことを言ったということですね？,
d0e81a4acd55cfac60c2aa1bec155c08.bundle,操作路線_告知要去說服采欣,Say,シュン･ゴ,64,……,
d0e81a4acd55cfac60c2aa1bec155c08.bundle,操作路線_告知要去說服采欣,Branch,#Simple,40,あなたの方はどうなんですか？,
d0e81a4acd55cfac60c2aa1bec155c08.bundle,操作路線_告知要去說服采欣,Say,シュン･ゴ,65,もちろんありません。,
d0e81a4acd55cfac60c2aa1bec155c08.bundle,操作路線_告知要去說服采欣,Say,シュン･ゴ,66,だから私は報告書を完成させたいと思っているのです。,
d0e81a4acd55cfac60c2aa1bec155c08.bundle,操作路線_告知要去說服采欣,Say,シュン･ゴ,67,ジェイ、リスクを負わずに成し遂げることは不可能です,
d0e81a4acd55cfac60c2aa1bec155c08.bundle,操作路線_告知要去說服采欣,Say,シュン･ゴ,68,他に質問は？,
d0e81a4acd55cfac60c2aa1bec155c08.bundle,操作路線_告知要去說服采欣,Branch,#Simple,41,イー･テイと協力できる可能性が残っています。,
d0e81a4acd55cfac60c2aa1bec155c08.bundle,操作路線_告知要去說服采欣,Say,シュン･ゴ,69,それはありえません。,
d0e81a4acd55cfac60c2aa1bec155c08.bundle,操作路線_告知要去說服采欣,Say,シュン･ゴ,70,この件はもう無理なんですよ。,
d0e81a4acd55cfac60c2aa1bec155c08.bundle,操作路線_告知要去說服采欣,Say,シュン･ゴ,71,あなたもさっき言ってたじゃないですか。,
d0e81a4acd55cfac60c2aa1bec155c08.bundle,操作路線_告知要去說服采欣,Say,シュン･ゴ,72,私たちはもう友人でいられるかすら、怪しい状況です。,
d0e81a4acd55cfac60c2aa1bec155c08.bundle,操作路線_告知要去說服采欣,Say,シュン･ゴ,73,他に質問は？,
d0e81a4acd55cfac60c2aa1bec155c08.bundle,操作路線_告知要去說服采欣,Branch,#Simple,42,あります。,
d0e81a4acd55cfac60c2aa1bec155c08.bundle,操作路線_告知要去說服采欣,Say,シュン･ゴ,74,どうぞ。,
d0e81a4acd55cfac60c2aa1bec155c08.bundle,操作路線_告知要去說服采欣,Branch,#Simple,43,シンカに仲間を裏切らせて本当にいいんですか？,
d0e81a4acd55cfac60c2aa1bec155c08.bundle,操作路線_告知要去說服采欣,Say,シュン･ゴ,75,……,
d0e81a4acd55cfac60c2aa1bec155c08.bundle,操作路線_告知要去說服采欣,Say,シュン･ゴ,76,これは裏切りではなく、仕事です。,
d0e81a4acd55cfac60c2aa1bec155c08.bundle,操作路線_告知要去說服采欣,Branch,#Simple,44,いいえ、明らかに裏切りです。,
d0e81a4acd55cfac60c2aa1bec155c08.bundle,操作路線_告知要去說服采欣,Say,シュン･ゴ,77,……もう一度言いますが、私はそうは思っていません。,
d0e81a4acd55cfac60c2aa1bec155c08.bundle,操作路線_告知要去說服采欣,Say,シュン･ゴ,78,この件をどう見るかは、個々によると思います。,
d0e81a4acd55cfac60c2aa1bec155c08.bundle,操作路線_告知要去說服采欣,Branch,#Simple,45,……,
d0e81a4acd55cfac60c2aa1bec155c08.bundle,操作路線_告知要去說服采欣,Say,シュン･ゴ,79,どうであれ、最終的に判断をするのはシンカです。,
d0e81a4acd55cfac60c2aa1bec155c08.bundle,操作路線_告知要去說服采欣,Say,シュン･ゴ,80,私が彼女に強要するのではなく、説得を望んでいます。,
d0e81a4acd55cfac60c2aa1bec155c08.bundle,操作路線_告知要去說服采欣,Say,シュン･ゴ,81,ありのままの事実と、彼女の選択を尊重すると伝えてくれればいいです。,
d0e81a4acd55cfac60c2aa1bec155c08.bundle,操作路線_告知要去說服采欣,Branch,#Simple,46,わかりました。,
d0e81a4acd55cfac60c2aa1bec155c08.bundle,操作路線_告知要去說服采欣,Branch,#Simple,47,選択権は彼女にあるってことですね？,
d0e81a4acd55cfac60c2aa1bec155c08.bundle,操作路線_告知要去說服采欣,Say,シュン･ゴ,82,はい、それだけは必ず伝えてください。,
d0e81a4acd55cfac60c2aa1bec155c08.bundle,操作路線_告知要去說服采欣,Branch,#Simple,48,……,
d0e81a4acd55cfac60c2aa1bec155c08.bundle,操作路線_告知要去說服采欣,Say,シュン･ゴ,83,シンカはとても繊細な人です。彼女にプレッシャーを与え、無理やり屈服させたくはありません。,
d0e81a4acd55cfac60c2aa1bec155c08.bundle,操作路線_告知要去說服采欣,Say,シュン･ゴ,84,これについてはあなたに任せましたよ。,
d0e81a4acd55cfac60c2aa1bec155c08.bundle,操作路線_告知要去說服采欣,Say,シュン･ゴ,85,……他に質問は？,
d0e81a4acd55cfac60c2aa1bec155c08.bundle,操作路線_告知要去說服采欣,Branch,#Simple,49,サイレントはもう修復不可能な状況だと思いますか？,
d0e81a4acd55cfac60c2aa1bec155c08.bundle,操作路線_告知要去說服采欣,Say,シュン･ゴ,86,修復は可能だと思います。,
d0e81a4acd55cfac60c2aa1bec155c08.bundle,操作路線_告知要去說服采欣,Say,シュン･ゴ,87,ただ、莫大な資金が必要になります。,
d0e81a4acd55cfac60c2aa1bec155c08.bundle,操作路線_告知要去說服采欣,Branch,#Simple,50,取締役にお願いしてみてはどうですか？,
d0e81a4acd55cfac60c2aa1bec155c08.bundle,操作路線_告知要去說服采欣,Say,シュン･ゴ,88,そんな事をする理由がありません。,
d0e81a4acd55cfac60c2aa1bec155c08.bundle,操作路線_告知要去說服采欣,Say,シュン･ゴ,89,サイレントを修理しても利益を上げられませんし、むしろよりコストが増えるだけです。,
d0e81a4acd55cfac60c2aa1bec155c08.bundle,操作路線_告知要去說服采欣,Say,シュン･ゴ,90,今でさえ、セラーの修理費用より、亡くなった方への賠償金の方が安い現状ですから。,
d0e81a4acd55cfac60c2aa1bec155c08.bundle,操作路線_告知要去說服采欣,Say,シュン･ゴ,91,赤字の商売をするくらいなら、人を殺す方がマシと考えるでしょうね。,
d0e81a4acd55cfac60c2aa1bec155c08.bundle,操作路線_告知要去說服采欣,Branch,#Simple,51,皆の給料を下げるのはどうですか？,
d0e81a4acd55cfac60c2aa1bec155c08.bundle,操作路線_告知要去說服采欣,Say,シュン･ゴ,92,……イー･テイからその話を聞いたのですか？,
d0e81a4acd55cfac60c2aa1bec155c08.bundle,操作路線_告知要去說服采欣,Branch,#Simple,52,何の話ですか？,
d0e81a4acd55cfac60c2aa1bec155c08.bundle,操作路線_告知要去說服采欣,Branch,#Simple,53,はい。,
d0e81a4acd55cfac60c2aa1bec155c08.bundle,操作路線_告知要去說服采欣,Branch,#Simple,54,違います。,
d0e81a4acd55cfac60c2aa1bec155c08.bundle,操作路線_告知要去說服采欣,Say,シュン･ゴ,93,彼は操作組の給料が上がり続けているせいで、セラーの修理費が足りないと思っているのでしょう？,
d0e81a4acd55cfac60c2aa1bec155c08.bundle,操作路線_告知要去說服采欣,Branch,#Simple,55,実際に操作組の給料は、上がり続けているんですか？,
d0e81a4acd55cfac60c2aa1bec155c08.bundle,操作路線_告知要去說服采欣,Say,シュン･ゴ,94,はい、もちろんあなたの給料もです。,
d0e81a4acd55cfac60c2aa1bec155c08.bundle,操作路線_告知要去說服采欣,Branch,#Simple,56,私たちの給料はそこまで大幅に上がっているのですか？,
d0e81a4acd55cfac60c2aa1bec155c08.bundle,操作路線_告知要去說服采欣,Say,シュン･ゴ,95,いいえ、それほど上がってはいません。,
d0e81a4acd55cfac60c2aa1bec155c08.bundle,操作路線_告知要去說服采欣,Say,シュン･ゴ,96,ですが、年々上がってはいるのは確かです……,
d0e81a4acd55cfac60c2aa1bec155c08.bundle,操作路線_告知要去說服采欣,Branch,#Simple,57,……,
d0e81a4acd55cfac60c2aa1bec155c08.bundle,操作路線_告知要去說服采欣,Say,シュン･ゴ,97,しかし、その上がり幅は会社の規定と、私たちが入社した時の契約条件に基づいたものです。,
d0e81a4acd55cfac60c2aa1bec155c08.bundle,操作路線_告知要去說服采欣,Say,シュン･ゴ,98,ですので、職員からすると給料が上げらない方が、おかしいくらいです。,
d0e81a4acd55cfac60c2aa1bec155c08.bundle,操作路線_告知要去說服采欣,Say,シュン･ゴ,99,それに私たちの給料をすべて考慮したとしても、セラーの修理費には遠く及びません。,
d0e81a4acd55cfac60c2aa1bec155c08.bundle,操作路線_告知要去說服采欣,Branch,#Simple,58,……,
d0e81a4acd55cfac60c2aa1bec155c08.bundle,操作路線_告知要去說服采欣,Branch,#Simple,59,質問は以上です。,
d0e81a4acd55cfac60c2aa1bec155c08.bundle,操作路線_告知要去說服采欣,Say,シュン･ゴ,100,では、お願いしますね。,
d0e81a4acd55cfac60c2aa1bec155c08.bundle,篩選路線_告知要說服賴潔,Say,イー･テイ,0,はぁ……,
d0e81a4acd55cfac60c2aa1bec155c08.bundle,篩選路線_告知要說服賴潔,Branch,#Simple,0,大丈夫ですか？,
d0e81a4acd55cfac60c2aa1bec155c08.bundle,篩選路線_告知要說服賴潔,Say,イー･テイ,1,まあね。,
d0e81a4acd55cfac60c2aa1bec155c08.bundle,篩選路線_告知要說服賴潔,Branch,#Simple,1,シュン･ゴのあの態度は酷かったですね。,
d0e81a4acd55cfac60c2aa1bec155c08.bundle,篩選路線_告知要說服賴潔,Say,イー･テイ,2,彼があんなに感情的になるのを初めて見たよ。,
d0e81a4acd55cfac60c2aa1bec155c08.bundle,篩選路線_告知要說服賴潔,Branch,#Simple,2,……,
d0e81a4acd55cfac60c2aa1bec155c08.bundle,篩選路線_告知要說服賴潔,Say,イー･テイ,3,……,
d0e81a4acd55cfac60c2aa1bec155c08.bundle,篩選路線_告知要說服賴潔,Say,イー･テイ,4,彼が怒鳴ったのも、僕を止められないと理解したからだろうね。,
d0e81a4acd55cfac60c2aa1bec155c08.bundle,篩選路線_告知要說服賴潔,Branch,#Simple,3,というと？,
d0e81a4acd55cfac60c2aa1bec155c08.bundle,篩選路線_告知要說服賴潔,Say,イー･テイ,5,僕が取締役と執行官からの支持を得た今、彼はもう何もできないからね。,
d0e81a4acd55cfac60c2aa1bec155c08.bundle,篩選路線_告知要說服賴潔,Say,心の声,0,イー･テイが喜んでいるようには見えない。,
d0e81a4acd55cfac60c2aa1bec155c08.bundle,篩選路線_告知要說服賴潔,Branch,#Simple,4,そうですね。,
d0e81a4acd55cfac60c2aa1bec155c08.bundle,篩選路線_告知要說服賴潔,Branch,#Simple,5,もし彼が邪魔をして来たら？,
d0e81a4acd55cfac60c2aa1bec155c08.bundle,篩選路線_告知要說服賴潔,Branch,#Simple,6,……,
d0e81a4acd55cfac60c2aa1bec155c08.bundle,篩選路線_告知要說服賴潔,Branch,#Simple,7,もし彼が邪魔をして来たら？,
d0e81a4acd55cfac60c2aa1bec155c08.bundle,篩選路線_告知要說服賴潔,Say,イー･テイ,6,彼はそんなことはしないよ。,
d0e81a4acd55cfac60c2aa1bec155c08.bundle,篩選路線_告知要說服賴潔,Say,イー･テイ,7,例え僕がこの件を失敗したとしても、彼が勝つことはない。,
d0e81a4acd55cfac60c2aa1bec155c08.bundle,篩選路線_告知要說服賴潔,Branch,#Simple,8,どういう意味ですか？,
d0e81a4acd55cfac60c2aa1bec155c08.bundle,篩選路線_告知要說服賴潔,Say,イー･テイ,8,彼が本当に僕と止められたとしても……,
d0e81a4acd55cfac60c2aa1bec155c08.bundle,篩選路線_告知要說服賴潔,Branch,#Simple,9,あなたが失敗すれば彼の勝ちになるのでは？,
d0e81a4acd55cfac60c2aa1bec155c08.bundle,篩選路線_告知要說服賴潔,Say,イー･テイ,9,彼にとっての勝ちは、サイレントを閉鎖させることだ。,
d0e81a4acd55cfac60c2aa1bec155c08.bundle,篩選路線_告知要說服賴潔,Say,イー･テイ,10,例え彼が本当に僕と止められたとしても……,
d0e81a4acd55cfac60c2aa1bec155c08.bundle,篩選路線_告知要說服賴潔,Branch,#Simple,10,……,
d0e81a4acd55cfac60c2aa1bec155c08.bundle,篩選路線_告知要說服賴潔,Say,イー･テイ,11,この件は解決されず、問題が長引くだけだ。,
d0e81a4acd55cfac60c2aa1bec155c08.bundle,篩選路線_告知要說服賴潔,Say,イー･テイ,12,僕たちの立場は違えども、サイレントがもたらす被害を解決しようと、真剣に取り組んでいる。,
d0e81a4acd55cfac60c2aa1bec155c08.bundle,篩選路線_告知要說服賴潔,Say,イー･テイ,13,少なくとも僕はそう思っている。彼が僕のことをどう思っているかは……,
d0e81a4acd55cfac60c2aa1bec155c08.bundle,篩選路線_告知要說服賴潔,Say,イー･テイ,14,もうわからないけど。,
d0e81a4acd55cfac60c2aa1bec155c08.bundle,篩選路線_告知要說服賴潔,Branch,#Simple,11,……,
d0e81a4acd55cfac60c2aa1bec155c08.bundle,篩選路線_告知要說服賴潔,Say,イー･テイ,15,僕はシュンの専門知識を信用している。これは嘘偽りのない本心だ。,
d0e81a4acd55cfac60c2aa1bec155c08.bundle,篩選路線_告知要說服賴潔,Say,イー･テイ,16,出会った日から、彼は真面目で、とても能力のある人だと思っていた。,
d0e81a4acd55cfac60c2aa1bec155c08.bundle,篩選路線_告知要說服賴潔,Say,イー･テイ,17,自分が彼より知識があるだとか、彼の専門性を疑ったりだとかしたことは一度もない……,
d0e81a4acd55cfac60c2aa1bec155c08.bundle,篩選路線_告知要說服賴潔,Say,イー･テイ,18,でも彼は、ちっとも僕の考えを理解しようとしてくれない。,
d0e81a4acd55cfac60c2aa1bec155c08.bundle,篩選路線_告知要說服賴潔,Say,イー･テイ,19,彼の中では、僕たちは対立の立場にあると思っている。,
d0e81a4acd55cfac60c2aa1bec155c08.bundle,篩選路線_告知要說服賴潔,Say,イー･テイ,20,彼が現実的な立場で、僕は理想主義的な立場……,
d0e81a4acd55cfac60c2aa1bec155c08.bundle,篩選路線_告知要說服賴潔,Say,イー･テイ,21,確かに現実を見ないと何もできない。でも現実ばかり見ていても、人間は進歩しない。,
d0e81a4acd55cfac60c2aa1bec155c08.bundle,篩選路線_告知要說服賴潔,Say,イー･テイ,22,理想を抱えながら、着実に現実と向き合うことこそが、正解だと思っている。,
d0e81a4acd55cfac60c2aa1bec155c08.bundle,篩選路線_告知要說服賴潔,Say,イー･テイ,23,でもシュンは、その理想は実現できないって……その問題を改善できる可能性すら考えない。,
d0e81a4acd55cfac60c2aa1bec155c08.bundle,篩選路線_告知要說服賴潔,Say,イー･テイ,24,しかも、その可能性を提示すると、専門的な意見を否定されたと言うんだ。,
d0e81a4acd55cfac60c2aa1bec155c08.bundle,篩選路線_告知要說服賴潔,Say,イー･テイ,25,……,
d0e81a4acd55cfac60c2aa1bec155c08.bundle,篩選路線_告知要說服賴潔,Say,イー･テイ,26,彼からしたら、知識もないのに勝手なことばかり言う僕たちは、自分たちを信用していないように見えるのだろうけど……,
d0e81a4acd55cfac60c2aa1bec155c08.bundle,篩選路線_告知要說服賴潔,Say,イー･テイ,27,そんなことはないんだ。,
d0e81a4acd55cfac60c2aa1bec155c08.bundle,篩選路線_告知要說服賴潔,Branch,#Simple,12,こういうことはシュン･ゴに話すべきだと思います。,
d0e81a4acd55cfac60c2aa1bec155c08.bundle,篩選路線_告知要說服賴潔,Say,イー･テイ,28,話そうとしたさ。,
d0e81a4acd55cfac60c2aa1bec155c08.bundle,篩選路線_告知要說服賴潔,Say,イー･テイ,29,でも君も、結果を見ただろう？,
d0e81a4acd55cfac60c2aa1bec155c08.bundle,篩選路線_告知要說服賴潔,Branch,#Simple,13,彼に協力してもらいたい、ってことですね？,
d0e81a4acd55cfac60c2aa1bec155c08.bundle,篩選路線_告知要說服賴潔,Say,心の声,1,苦笑いを浮かべている。,
d0e81a4acd55cfac60c2aa1bec155c08.bundle,篩選路線_告知要說服賴潔,Branch,#Simple,14,……,
d0e81a4acd55cfac60c2aa1bec155c08.bundle,篩選路線_告知要說服賴潔,Say,イー･テイ,30,はぁ……,
d0e81a4acd55cfac60c2aa1bec155c08.bundle,篩選路線_告知要說服賴潔,Say,イー･テイ,31,実はジェイを呼び出したのは、手伝ってもらいたいことがあるからなんだ。,
d0e81a4acd55cfac60c2aa1bec155c08.bundle,篩選路線_告知要說服賴潔,Say,イー･テイ,32,取締役会に提出する報告書には、やっぱり操作組が必要だ。,
d0e81a4acd55cfac60c2aa1bec155c08.bundle,篩選路線_告知要說服賴潔,Say,心の声,2,シュン･ゴが必要とは言わないんだな。,
d0e81a4acd55cfac60c2aa1bec155c08.bundle,篩選路線_告知要說服賴潔,Branch,#Simple,15,どうすればいいですか？,
d0e81a4acd55cfac60c2aa1bec155c08.bundle,篩選路線_告知要說服賴潔,Say,イー･テイ,33,実は考えがあるんだ。,
d0e81a4acd55cfac60c2aa1bec155c08.bundle,篩選路線_告知要說服賴潔,Branch,#Simple,16,シュン･ゴに頼るわけではなさそうですね。,
d0e81a4acd55cfac60c2aa1bec155c08.bundle,篩選路線_告知要說服賴潔,Say,心の声,3,驚いたようだ。,
d0e81a4acd55cfac60c2aa1bec155c08.bundle,篩選路線_告知要說服賴潔,Say,イー･テイ,34,うん、そうだ。,
d0e81a4acd55cfac60c2aa1bec155c08.bundle,篩選路線_告知要說服賴潔,Branch,#Simple,17,……,
d0e81a4acd55cfac60c2aa1bec155c08.bundle,篩選路線_告知要說服賴潔,Say,イー･テイ,35,ジュジュに協力してくれるように説得してほしいんだ。,
d0e81a4acd55cfac60c2aa1bec155c08.bundle,篩選路線_告知要說服賴潔,Branch,#Simple,18,なぜ彼女ですか？,
d0e81a4acd55cfac60c2aa1bec155c08.bundle,篩選路線_告知要說服賴潔,Say,イー･テイ,36,僕は何度か彼女と一緒に仕事をしたことがあるからだ。,
d0e81a4acd55cfac60c2aa1bec155c08.bundle,篩選路線_告知要說服賴潔,Branch,#Simple,19,彼女が同意してくれるとは思えません。,
d0e81a4acd55cfac60c2aa1bec155c08.bundle,篩選路線_告知要說服賴潔,Say,イー･テイ,37,いや、彼女なら手伝ってくれるはずだ。,
d0e81a4acd55cfac60c2aa1bec155c08.bundle,篩選路線_告知要說服賴潔,Branch,#Simple,20,……,
d0e81a4acd55cfac60c2aa1bec155c08.bundle,篩選路線_告知要說服賴潔,Say,イー･テイ,38,実はセラーに関する情報は、すべて彼女から聞いたものなんだ。,
d0e81a4acd55cfac60c2aa1bec155c08.bundle,篩選路線_告知要說服賴潔,Say,イー･テイ,39,彼女は操作組の中でも、この問題を客観的に見れる数少ない人間だ。,
d0e81a4acd55cfac60c2aa1bec155c08.bundle,篩選路線_告知要說服賴潔,Say,イー･テイ,40,僕は彼女の知識があれば、セラーを修復できると信じている。僕一人の勝手な判断で、この件を計画したいわけじゃないんだ。,
d0e81a4acd55cfac60c2aa1bec155c08.bundle,篩選路線_告知要說服賴潔,Branch,#Simple,21,なら、どうして彼女を説得する必要があるんですか？,
d0e81a4acd55cfac60c2aa1bec155c08.bundle,篩選路線_告知要說服賴潔,Say,イー･テイ,41,彼女が僕たちに意見をくれることと、正式に選別組に協力することは別の問題だからだ。,
d0e81a4acd55cfac60c2aa1bec155c08.bundle,篩選路線_告知要說服賴潔,Say,イー･テイ,42,この報告書を完成させるためにも、操作組の内部情報を彼女から得るしかないんだ。,
d0e81a4acd55cfac60c2aa1bec155c08.bundle,篩選路線_告知要說服賴潔,Branch,#Simple,22,わかりました。,
d0e81a4acd55cfac60c2aa1bec155c08.bundle,篩選路線_告知要說服賴潔,Branch,#Simple,23,彼女に仲間を裏切らせることになりませんか？,
d0e81a4acd55cfac60c2aa1bec155c08.bundle,篩選路線_告知要說服賴潔,Say,イー･テイ,43,僕はそうは思わないけど、そう思われるのも理解できる。,
d0e81a4acd55cfac60c2aa1bec155c08.bundle,篩選路線_告知要說服賴潔,Say,イー･テイ,44,ジェイ、この件はとても重要なんだ。邪魔な人間関係のごたごたに阻まれている場合じゃない。,
d0e81a4acd55cfac60c2aa1bec155c08.bundle,篩選路線_告知要說服賴潔,Say,心の声,4,彼らしくない言い方だな。,
d0e81a4acd55cfac60c2aa1bec155c08.bundle,篩選路線_告知要說服賴潔,Branch,#Simple,24,……,
d0e81a4acd55cfac60c2aa1bec155c08.bundle,篩選路線_告知要說服賴潔,Branch,#Simple,25,なぜ私に説得をさせるのですか？,
d0e81a4acd55cfac60c2aa1bec155c08.bundle,篩選路線_告知要說服賴潔,Say,イー･テイ,45,僕は報告書の作成に忙しいし、選別組で彼女と知り合いなのは君だけだ。,
d0e81a4acd55cfac60c2aa1bec155c08.bundle,篩選路線_告知要說服賴潔,Branch,#Simple,26,知り合いといっても、本当に顔見知りなだけです。,
d0e81a4acd55cfac60c2aa1bec155c08.bundle,篩選路線_告知要說服賴潔,Say,イー･テイ,46,それでも他の人よりはましだ。,
d0e81a4acd55cfac60c2aa1bec155c08.bundle,篩選路線_告知要說服賴潔,Branch,#Simple,27,それとも私に他のやることがないからですか？,
d0e81a4acd55cfac60c2aa1bec155c08.bundle,篩選路線_告知要說服賴潔,Say,イー･テイ,47,それも理由ではあるね、ハハハ……,
d0e81a4acd55cfac60c2aa1bec155c08.bundle,篩選路線_告知要說服賴潔,Branch,#Simple,28,シンカはどうなんですか？,
d0e81a4acd55cfac60c2aa1bec155c08.bundle,篩選路線_告知要說服賴潔,Say,イー･テイ,48,彼女は……,
d0e81a4acd55cfac60c2aa1bec155c08.bundle,篩選路線_告知要說服賴潔,Say,イー･テイ,49,シュン･ゴのさっきの言葉を聞いただろう。今はシンカを操作組に行かせるべきではないと思う。,
d0e81a4acd55cfac60c2aa1bec155c08.bundle,篩選路線_告知要說服賴潔,Branch,#Simple,29,……,
d0e81a4acd55cfac60c2aa1bec155c08.bundle,篩選路線_告知要說服賴潔,Say,イー･テイ,50,……,
d0e81a4acd55cfac60c2aa1bec155c08.bundle,篩選路線_告知要說服賴潔,Branch,#Simple,30,……,
d0e81a4acd55cfac60c2aa1bec155c08.bundle,篩選路線_告知要說服賴潔,Say,イー･テイ,51,とにかく。,
d0e81a4acd55cfac60c2aa1bec155c08.bundle,篩選路線_告知要說服賴潔,Say,イー･テイ,52,君にジュジュの説得を任せたい。いいかな？,
d0e81a4acd55cfac60c2aa1bec155c08.bundle,篩選路線_告知要說服賴潔,Branch,#Simple,31,任せてください。,
d0e81a4acd55cfac60c2aa1bec155c08.bundle,篩選路線_告知要說服賴潔,Say,イー･テイ,53,へぇ……,
d0e81a4acd55cfac60c2aa1bec155c08.bundle,篩選路線_告知要說服賴潔,Branch,#Simple,32,どうしましたか？,
d0e81a4acd55cfac60c2aa1bec155c08.bundle,篩選路線_告知要說服賴潔,Say,イー･テイ,54,いいや、すんなりと引き受けたなと思って。,
d0e81a4acd55cfac60c2aa1bec155c08.bundle,篩選路線_告知要說服賴潔,Say,イー･テイ,55,もっと質問されると思っていたからね。,
d0e81a4acd55cfac60c2aa1bec155c08.bundle,篩選路線_告知要說服賴潔,Branch,#Simple,33,……,
d0e81a4acd55cfac60c2aa1bec155c08.bundle,篩選路線_告知要說服賴潔,Say,イー･テイ,56,よし。,
d0e81a4acd55cfac60c2aa1bec155c08.bundle,篩選路線_告知要說服賴潔,Say,イー･テイ,57,じゃ、この件は頼んだ。,
d0e81a4acd55cfac60c2aa1bec155c08.bundle,篩選路線_告知要說服賴潔,Say,イー･テイ,58,ジュジュは操作組にいるよ。エレベーターの権限を与えたから、そのまま行けばいい。,
d0e81a4acd55cfac60c2aa1bec155c08.bundle,篩選路線_告知要說服賴潔,Say,イー･テイ,59,僕からも連絡を入れているから、後は任せたよ。,
d0e81a4acd55cfac60c2aa1bec155c08.bundle,篩選路線_告知要說服賴潔,Say,イー･テイ,60,頼んだよ、ジェイ。,
d0e81a4acd55cfac60c2aa1bec155c08.bundle,篩選路線_告知要說服賴潔,Branch,#Simple,34,この件には賛成できません。,
d0e81a4acd55cfac60c2aa1bec155c08.bundle,篩選路線_告知要說服賴潔,Say,イー･テイ,61,なぜだ？,
d0e81a4acd55cfac60c2aa1bec155c08.bundle,篩選路線_告知要說服賴潔,Branch,#Simple,35,私は工場を存続させるべきではないと思っているからです。,
d0e81a4acd55cfac60c2aa1bec155c08.bundle,篩選路線_告知要說服賴潔,Say,イー･テイ,62,つまり、工場閉鎖に賛成ってこと？,
d0e81a4acd55cfac60c2aa1bec155c08.bundle,篩選路線_告知要說服賴潔,Branch,#Simple,36,それにも賛成していません。,
d0e81a4acd55cfac60c2aa1bec155c08.bundle,篩選路線_告知要說服賴潔,Say,イー･テイ,63,だったら、それはただの現状維持だ。最悪の選択だよ。,
d0e81a4acd55cfac60c2aa1bec155c08.bundle,篩選路線_告知要說服賴潔,Say,イー･テイ,64,セラーでは問題が起きている上に、この工場は多くの人に必要とされている……,
d0e81a4acd55cfac60c2aa1bec155c08.bundle,篩選路線_告知要說服賴潔,Say,イー･テイ,65,今やるべきことは、何としてもセラーを修復することだろう？,
d0e81a4acd55cfac60c2aa1bec155c08.bundle,篩選路線_告知要說服賴潔,Branch,#Simple,37,そうだとしても、あなたのやり方には賛同できません。,
d0e81a4acd55cfac60c2aa1bec155c08.bundle,篩選路線_告知要說服賴潔,Branch,#Simple,38,まずは操作組に話すべきだと思います。,
d0e81a4acd55cfac60c2aa1bec155c08.bundle,篩選路線_告知要說服賴潔,Say,イー･テイ,66,そうしたいけど、今は時間がないんだ。,
d0e81a4acd55cfac60c2aa1bec155c08.bundle,篩選路線_告知要說服賴潔,Say,イー･テイ,67,それに、この件についてはもうはっきりと説明したはずだよ。,
d0e81a4acd55cfac60c2aa1bec155c08.bundle,篩選路線_告知要說服賴潔,Say,イー･テイ,68,……,
d0e81a4acd55cfac60c2aa1bec155c08.bundle,篩選路線_告知要說服賴潔,Say,イー･テイ,69,どうであれ、もう時間がない。,
d0e81a4acd55cfac60c2aa1bec155c08.bundle,篩選路線_告知要說服賴潔,Branch,#Simple,39,はい。,
d0e81a4acd55cfac60c2aa1bec155c08.bundle,篩選路線_告知要說服賴潔,Say,イー･テイ,70,……,
d0e81a4acd55cfac60c2aa1bec155c08.bundle,篩選路線_告知要說服賴潔,Say,イー･テイ,71,君がたくさんのものを見たとしても、僕がどんなに頑張ったとしても、その結論なんだね……,
d0e81a4acd55cfac60c2aa1bec155c08.bundle,篩選路線_告知要說服賴潔,Say,イー･テイ,72,僕は君を見誤ったかもしれない。,
d0e81a4acd55cfac60c2aa1bec155c08.bundle,篩選路線_告知要說服賴潔,Say,イー･テイ,73,確かに君は、僕には見えていないものを目にしたかもしれない。,
d0e81a4acd55cfac60c2aa1bec155c08.bundle,篩選路線_告知要說服賴潔,Say,イー･テイ,74,でも、僕にはもう君を説得する時間がないんだ。,
d0e81a4acd55cfac60c2aa1bec155c08.bundle,篩選路線_告知要說服賴潔,Say,イー･テイ,75,だから今は僕の指示に従ってもらう。他のことはまた後で話そう。,
d0e81a4acd55cfac60c2aa1bec155c08.bundle,篩選路線_告知要說服賴潔,Branch,#Simple,40,わかりました。,
d0e81a4acd55cfac60c2aa1bec155c08.bundle,篩選路線_告知要說服賴潔,Branch,#Simple,41,怒っているんですか？,
d0e81a4acd55cfac60c2aa1bec155c08.bundle,篩選路線_告知要說服賴潔,Say,イー･テイ,76,……,
d0e81a4acd55cfac60c2aa1bec155c08.bundle,篩選路線_告知要說服賴潔,Say,イー･テイ,77,いいや、ただ失望をしているだけだよ。,
d0e81a4acd55cfac60c2aa1bec155c08.bundle,篩選路線_告知要說服賴潔,Say,イー･テイ,78,さあ、僕は報告書を仕上げるよ。,
d0e81a4acd55cfac60c2aa1bec155c08.bundle,篩選路線_告知要說服賴潔,Branch,#Simple,42,……,
d0e81a4acd55cfac60c2aa1bec155c08.bundle,篩選路線_告知要說服賴潔,Branch,#Simple,43,私は執行官と取締役を信用していません。,
d0e81a4acd55cfac60c2aa1bec155c08.bundle,篩選路線_告知要說服賴潔,Say,イー･テイ,79,でも、変革をもたらすことができるのは彼らだけだ！,
d0e81a4acd55cfac60c2aa1bec155c08.bundle,篩選路線_告知要說服賴潔,Say,イー･テイ,80,僕だって、彼らを完全には信用していない。だから、彼らが資金提供に応じなかった時の候補策も考えている。,
d0e81a4acd55cfac60c2aa1bec155c08.bundle,篩選路線_告知要說服賴潔,Say,イー･テイ,81,僕だって、彼らを警戒しているんだ。,
d0e81a4acd55cfac60c2aa1bec155c08.bundle,篩選路線_告知要說服賴潔,Say,イー･テイ,82,ジェイ、リスクを負わずに成し遂げることは不可能だよ。,
d0e81a4acd55cfac60c2aa1bec155c08.bundle,篩選路線_告知要說服賴潔,Say,イー･テイ,83,……,
d0e81a4acd55cfac60c2aa1bec155c08.bundle,篩選路線_告知要說服賴潔,Say,イー･テイ,84,どうであれ、もう時間がない。,
d0e81a4acd55cfac60c2aa1bec155c08.bundle,篩選路線_告知要說服賴潔,Branch,#Simple,44,シュン･ゴと協力できる可能性が残っています。,
d0e81a4acd55cfac60c2aa1bec155c08.bundle,篩選路線_告知要說服賴潔,Say,イー･テイ,85,そうしたいだが、今は時間がないんだ。,
d0e81a4acd55cfac60c2aa1bec155c08.bundle,篩選路線_告知要說服賴潔,Say,イー･テイ,86,それに、この件についてはハッキリと彼に説明したはずだ。,
d0e81a4acd55cfac60c2aa1bec155c08.bundle,篩選路線_告知要說服賴潔,Branch,#Simple,45,いくつか質問があります。,
d0e81a4acd55cfac60c2aa1bec155c08.bundle,篩選路線_告知要說服賴潔,Say,イー･テイ,87,いいよ。,
d0e81a4acd55cfac60c2aa1bec155c08.bundle,篩選路線_告知要說服賴潔,Branch,#Simple,46,ジュジュは工場閉鎖についてどう思っているんですか？,
d0e81a4acd55cfac60c2aa1bec155c08.bundle,篩選路線_告知要說服賴潔,Say,イー･テイ,88,セラーの現状が酷いことは彼女も訴えている。でも十分な資金があれば、修復できる可能性を否定してはいない。,
d0e81a4acd55cfac60c2aa1bec155c08.bundle,篩選路線_告知要說服賴潔,Say,イー･テイ,89,取締役と執行官からの支持を得た今、資金の調達は難しいことじゃない。,
d0e81a4acd55cfac60c2aa1bec155c08.bundle,篩選路線_告知要說服賴潔,Say,心の声,5,彼はこの件についてかなり調べたようだ。自信満々の様子だ。,
d0e81a4acd55cfac60c2aa1bec155c08.bundle,篩選路線_告知要說服賴潔,Branch,#Simple,47,あなたが工場の存続を望むのは、本当に選別組のためだけじゃないですよね？,
d0e81a4acd55cfac60c2aa1bec155c08.bundle,篩選路線_告知要說服賴潔,Say,イー･テイ,90,シュン･ゴが言ってた話か……,
d0e81a4acd55cfac60c2aa1bec155c08.bundle,篩選路線_告知要說服賴潔,Say,イー･テイ,91,……,
d0e81a4acd55cfac60c2aa1bec155c08.bundle,篩選路線_告知要說服賴潔,Say,心の声,6,動揺している。,
d0e81a4acd55cfac60c2aa1bec155c08.bundle,篩選路線_告知要說服賴潔,Say,イー･テイ,92,確かにそれは僕の動機の一部だ。否定するつもりはない。,
d0e81a4acd55cfac60c2aa1bec155c08.bundle,篩選路線_告知要說服賴潔,Say,イー･テイ,93,でも、僕は本気でこれこそが、皆にとっても一番の選択だと思っている。,
d0e81a4acd55cfac60c2aa1bec155c08.bundle,篩選路線_告知要說服賴潔,Say,イー･テイ,94,ただ、僕が正しいと信じていることが、ちょうど個人利益と合致しただけだ。それが間違いだと言うのか？,
d0e81a4acd55cfac60c2aa1bec155c08.bundle,篩選路線_告知要說服賴潔,Say,心の声,7,口ではそう言っているが、躊躇いが見える。,
d0e81a4acd55cfac60c2aa1bec155c08.bundle,篩選路線_告知要說服賴潔,Branch,#Simple,48,そうは言いますが、偽善者だと思われても仕方がないと思います。,
d0e81a4acd55cfac60c2aa1bec155c08.bundle,篩選路線_告知要說服賴潔,Say,イー･テイ,95,つまり、君は僕を偽善者だと思っているのか？,
d0e81a4acd55cfac60c2aa1bec155c08.bundle,篩選路線_告知要說服賴潔,Branch,#Simple,49,そう思われても、仕方ないと言っているだけです。,
d0e81a4acd55cfac60c2aa1bec155c08.bundle,篩選路線_告知要說服賴潔,Branch,#Simple,50,私はそう思っていません。,
d0e81a4acd55cfac60c2aa1bec155c08.bundle,篩選路線_告知要說服賴潔,Say,イー･テイ,96,そうか……,
d0e81a4acd55cfac60c2aa1bec155c08.bundle,篩選路線_告知要說服賴潔,Say,心の声,8,何を考えているのかわからないな。,
d0e81a4acd55cfac60c2aa1bec155c08.bundle,篩選路線_告知要說服賴潔,Branch,#Simple,51,ええ。そう思っています。,
d0e81a4acd55cfac60c2aa1bec155c08.bundle,篩選路線_告知要說服賴潔,Say,イー･テイ,97,そうか。,
d0e81a4acd55cfac60c2aa1bec155c08.bundle,篩選路線_告知要說服賴潔,Say,心の声,9,反論されると思ったが、落ち着いている。,
d0e81a4acd55cfac60c2aa1bec155c08.bundle,篩選路線_告知要說服賴潔,Branch,#Simple,52,その通りだと思います。あなたは悪いことはしていない。,
d0e81a4acd55cfac60c2aa1bec155c08.bundle,篩選路線_告知要說服賴潔,Say,イー･テイ,98,……,
d0e81a4acd55cfac60c2aa1bec155c08.bundle,篩選路線_告知要說服賴潔,Say,イー･テイ,99,ありがとう。,
d0e81a4acd55cfac60c2aa1bec155c08.bundle,篩選路線_告知要說服賴潔,Say,心の声,10,今の彼は誰かに認めてもらいたいはずだ。,
d0e81a4acd55cfac60c2aa1bec155c08.bundle,篩選路線_告知要說服賴潔,Say,心の声,11,そうじゃないと、自分を見失いそうなのかもしれない。,
d0e81a4acd55cfac60c2aa1bec155c08.bundle,篩選路線_告知要說服賴潔,Branch,#Simple,53,私にはわかりません。,
d0e81a4acd55cfac60c2aa1bec155c08.bundle,篩選路線_告知要說服賴潔,Say,イー･テイ,100,そうか……,
d0e81a4acd55cfac60c2aa1bec155c08.bundle,篩選路線_告知要說服賴潔,Branch,#Simple,54,あなたがやろうとしていることは正しいですが、あなた自身が間違っています。,
d0e81a4acd55cfac60c2aa1bec155c08.bundle,篩選路線_告知要說服賴潔,Say,イー･テイ,101,……,
d0e81a4acd55cfac60c2aa1bec155c08.bundle,篩選路線_告知要說服賴潔,Say,イー･テイ,102,そっか。,
d0e81a4acd55cfac60c2aa1bec155c08.bundle,篩選路線_告知要說服賴潔,Say,心の声,12,反論されると思ったが、落ち着いている。,
d0e81a4acd55cfac60c2aa1bec155c08.bundle,篩選路線_告知要說服賴潔,Branch,#Simple,55,質問はないです。,
d0e81a4acd55cfac60c2aa1bec155c08.bundle,操作組勝利慶功宴,Say,パン･ロウ,0,ジェイ！ちょうど良いところに来た！,
d0e81a4acd55cfac60c2aa1bec155c08.bundle,操作組勝利慶功宴,Say,パン･ロウ,1,シュン･ゴマネージャーの受賞演説タイムだ。,
d0e81a4acd55cfac60c2aa1bec155c08.bundle,操作組勝利慶功宴,Say,カエ･チン,0,彼はまだマネージャーでもないし、受賞もしてないけど？,
d0e81a4acd55cfac60c2aa1bec155c08.bundle,操作組勝利慶功宴,Say,パン･ロウ,2,もうなったようなもんだろう？,
d0e81a4acd55cfac60c2aa1bec155c08.bundle,操作組勝利慶功宴,Say,ジュジュ･ライ,0,ちょっと、シュンが話始めるよ。,
d0e81a4acd55cfac60c2aa1bec155c08.bundle,操作組勝利慶功宴,Say,シュン･ゴ,0,……,
d0e81a4acd55cfac60c2aa1bec155c08.bundle,操作組勝利慶功宴,Say,シュン･ゴ,1,皆さん。,
d0e81a4acd55cfac60c2aa1bec155c08.bundle,操作組勝利慶功宴,Say,シュン･ゴ,2,もうわかってるとは思いますが、取締役会がやっとこの工場の閉鎖を認めてくれました。,
d0e81a4acd55cfac60c2aa1bec155c08.bundle,操作組勝利慶功宴,Say,シュン･ゴ,3,それが何を意味するのかは、皆さんはもうわかっていると思います……,
d0e81a4acd55cfac60c2aa1bec155c08.bundle,操作組勝利慶功宴,Say,シュン･ゴ,4,我々はやっと……,
d0e81a4acd55cfac60c2aa1bec155c08.bundle,操作組勝利慶功宴,Say,シュン･ゴ,5,多くの人を苦痛から救うことができます。,
d0e81a4acd55cfac60c2aa1bec155c08.bundle,操作組勝利慶功宴,Say,シュン･ゴ,6,……マイナーたちだけではなく、私たち自身もです。,
d0e81a4acd55cfac60c2aa1bec155c08.bundle,操作組勝利慶功宴,Say,シュン･ゴ,7,……,
d0e81a4acd55cfac60c2aa1bec155c08.bundle,操作組勝利慶功宴,Say,シュン･ゴ,8,かつての私たちは、この苦痛が永遠に続くと思っていましたが……,
d0e81a4acd55cfac60c2aa1bec155c08.bundle,操作組勝利慶功宴,Say,シュン･ゴ,9,しかし今日、それを止めることに成功しました。,
d0e81a4acd55cfac60c2aa1bec155c08.bundle,操作組勝利慶功宴,Say,シュン･ゴ,10,あなたたちのおかげで、この工場がこれ以上の被害を出さずに済みます。,
d0e81a4acd55cfac60c2aa1bec155c08.bundle,操作組勝利慶功宴,Say,シュン･ゴ,11,皆さんには、感謝しています。,
d0e81a4acd55cfac60c2aa1bec155c08.bundle,操作組勝利慶功宴,Say,シュン･ゴ,12,協力していただき、本当にありがとうございました。,
d0e81a4acd55cfac60c2aa1bec155c08.bundle,操作組勝利慶功宴,Say,シュン･ゴ,13,……,
d0e81a4acd55cfac60c2aa1bec155c08.bundle,操作組勝利慶功宴,Say,シュン･ゴ,14,とはいえ、はっきりと言っておかなければならないこともあります。,
d0e81a4acd55cfac60c2aa1bec155c08.bundle,操作組勝利慶功宴,Say,シュン･ゴ,15,これは、ただの始まりに過ぎないということです。,
d0e81a4acd55cfac60c2aa1bec155c08.bundle,操作組勝利慶功宴,Say,シュン･ゴ,16,私たちはこれから、数えきれないほどの問題を解決しなければなりません。,
d0e81a4acd55cfac60c2aa1bec155c08.bundle,操作組勝利慶功宴,Say,シュン･ゴ,17,サイレントの閉鎖は決して容易なことではありませんが……,
d0e81a4acd55cfac60c2aa1bec155c08.bundle,操作組勝利慶功宴,Say,シュン･ゴ,18,必ず成し遂げなければならないことです。,
d0e81a4acd55cfac60c2aa1bec155c08.bundle,操作組勝利慶功宴,Say,シュン･ゴ,19,私は、我々ならこの任務を成し遂げられると信じています。,
d0e81a4acd55cfac60c2aa1bec155c08.bundle,操作組勝利慶功宴,Say,パン･ロウ,3,うぉおおお！！！,
d0e81a4acd55cfac60c2aa1bec155c08.bundle,操作組勝利慶功宴,Say,ギイ･カー,0,きっと大丈夫さ！,
d0e81a4acd55cfac60c2aa1bec155c08.bundle,操作組勝利慶功宴,Say,シュン･ゴ,20,とにかく皆さん、これからもよろしくお願いしますね。,
d0e81a4acd55cfac60c2aa1bec155c08.bundle,操作組勝利慶功宴,Say,シュン･ゴ,21,さあ、今日はもうお終いにしましょう。,
d0e81a4acd55cfac60c2aa1bec155c08.bundle,操作組勝利慶功宴,Say,ジュジュ･ライ,1,ハハ、少年漫画みたいだったね。,
d0e81a4acd55cfac60c2aa1bec155c08.bundle,操作組勝利慶功宴,Say,カエ･チン,1,少年漫画に影響され過ぎていると思うけど。,
d0e81a4acd55cfac60c2aa1bec155c08.bundle,操作組勝利慶功宴,Say,ユウヒン･ライ,0,それはそれで、いいじゃありませんか～,
d0e81a4acd55cfac60c2aa1bec155c08.bundle,操作組勝利慶功宴,Say,シュン･ゴ,22,ジェイ、今よろしいですか？,
d0e81a4acd55cfac60c2aa1bec155c08.bundle,操作組勝利慶功宴,Say,シュン･ゴ,23,実は二人で話したいことがありまして。,
d0e81a4acd55cfac60c2aa1bec155c08.bundle,操作組勝利慶功宴,Say,カエ･チン,2,あれ？もしかして、ジェイの給料が上がるとか？,
d0e81a4acd55cfac60c2aa1bec155c08.bundle,操作組勝利慶功宴,Say,シュン･ゴ,24,ち、違いますよ……！,
d0e81a4acd55cfac60c2aa1bec155c08.bundle,操作組勝利慶功宴,Say,ギイ･カー,1,ハハハ！,
d0e81a4acd55cfac60c2aa1bec155c08.bundle,操作組勝利慶功宴,Say,パン･ロウ,4,上げるとしても、僕が先っしょ！,
d0e81a4acd55cfac60c2aa1bec155c08.bundle,操作組勝利慶功宴,Say,ジュジュ･ライ,2,寝言は寝て言え！,
d0e81a4acd55cfac60c2aa1bec155c08.bundle,操作組勝利慶功宴,Say,ユウヒン･ライ,1,フフッ！,
d0e81a4acd55cfac60c2aa1bec155c08.bundle,操作組勝利慶功宴,Say,シュン･ゴ,25,外に行きましょうか。ジェイ。,
d0e81a4acd55cfac60c2aa1bec155c08.bundle,遇到阿緯,Say,イー･テイ,0,ジェイ。,
d0e81a4acd55cfac60c2aa1bec155c08.bundle,遇到阿緯,Say,心の声,0,さっきよりは少し落ち着いてたようだな。,
d0e81a4acd55cfac60c2aa1bec155c08.bundle,遇到阿緯,Say,心の声,1,だが、さっきよりも落ち込んでいるようにも見える。,
d0e81a4acd55cfac60c2aa1bec155c08.bundle,遇到阿緯,Branch,#Simple,0,大丈夫ですか？,
d0e81a4acd55cfac60c2aa1bec155c08.bundle,遇到阿緯,Say,イー･テイ,1,……,
d0e81a4acd55cfac60c2aa1bec155c08.bundle,遇到阿緯,Say,イー･テイ,2,大丈夫じゃないね。,
d0e81a4acd55cfac60c2aa1bec155c08.bundle,遇到阿緯,Say,イー･テイ,3,何か用？,
d0e81a4acd55cfac60c2aa1bec155c08.bundle,遇到阿緯,Branch,#Simple,1,あなたのことが心配で。,
d0e81a4acd55cfac60c2aa1bec155c08.bundle,遇到阿緯,Branch,#Simple,2,これからどうするつもりなのか聞きに来ただけです。,
d0e81a4acd55cfac60c2aa1bec155c08.bundle,遇到阿緯,Say,イー･テイ,4,……,
d0e81a4acd55cfac60c2aa1bec155c08.bundle,遇到阿緯,Branch,#Simple,3,すみません。,
d0e81a4acd55cfac60c2aa1bec155c08.bundle,遇到阿緯,Say,イー･テイ,5,それは何の謝罪？,
d0e81a4acd55cfac60c2aa1bec155c08.bundle,遇到阿緯,Branch,#Simple,4,シュン･ゴが勝ったことに対しての謝罪です。,
d0e81a4acd55cfac60c2aa1bec155c08.bundle,遇到阿緯,Say,イー･テイ,6,勝った……？,
d0e81a4acd55cfac60c2aa1bec155c08.bundle,遇到阿緯,Say,イー･テイ,7,最初から勝ち負けなんてないよ。,
d0e81a4acd55cfac60c2aa1bec155c08.bundle,遇到阿緯,Say,イー･テイ,8,あるのは、十数万人が路頭に迷うという結果だけだ。,
d0e81a4acd55cfac60c2aa1bec155c08.bundle,遇到阿緯,Say,イー･テイ,9,それにシュン･ゴは勝ってなんかいない。彼はただ、十数万人の生きる権利を奪っただけだ。,
d0e81a4acd55cfac60c2aa1bec155c08.bundle,遇到阿緯,Branch,#Simple,5,私にもわかりません。,
d0e81a4acd55cfac60c2aa1bec155c08.bundle,遇到阿緯,Say,イー･テイ,10,……,
d0e81a4acd55cfac60c2aa1bec155c08.bundle,遇到阿緯,Branch,#Simple,6,あなたがあまりにも怒っていたからです。,
d0e81a4acd55cfac60c2aa1bec155c08.bundle,遇到阿緯,Say,イー･テイ,11,謝るのはこっちだよ。さっきは言い過ぎた。,
d0e81a4acd55cfac60c2aa1bec155c08.bundle,遇到阿緯,Say,イー･テイ,12,でも、間違ったことは言っていない。,
d0e81a4acd55cfac60c2aa1bec155c08.bundle,遇到阿緯,Say,イー･テイ,13,……,
d0e81a4acd55cfac60c2aa1bec155c08.bundle,遇到阿緯,Branch,#Simple,7,イー･テイ。,
d0e81a4acd55cfac60c2aa1bec155c08.bundle,遇到阿緯,Say,イー･テイ,14,……,
d0e81a4acd55cfac60c2aa1bec155c08.bundle,遇到阿緯,Say,イー･テイ,15,じゃ、僕はこれで。,
d0e81a4acd55cfac60c2aa1bec155c08.bundle,遇到阿緯,Branch,#Simple,8,はい。,
d0e81a4acd55cfac60c2aa1bec155c08.bundle,遇到阿緯,Branch,#Simple,9,待っててください。,
d0e81a4acd55cfac60c2aa1bec155c08.bundle,遇到阿緯,Branch,#Simple,10,……,
d0e81a4acd55cfac60c2aa1bec155c08.bundle,遇到阿緯,Say,イー･テイ,16,君は、シュン･ゴのやってることが、どれだけ酷いことかわかっているよね？,
d0e81a4acd55cfac60c2aa1bec155c08.bundle,遇到阿緯,Branch,#Simple,11,それは、見方によると思います。,
d0e81a4acd55cfac60c2aa1bec155c08.bundle,遇到阿緯,Say,イー･テイ,17,まるでこの件に別の見方があるような言い方だね。,
d0e81a4acd55cfac60c2aa1bec155c08.bundle,遇到阿緯,Say,イー･テイ,18,他の立場に立って考えれば、彼のやり方が最悪なことくらいわかるだろう？,
d0e81a4acd55cfac60c2aa1bec155c08.bundle,遇到阿緯,Branch,#Simple,12,それはわかっています。,
d0e81a4acd55cfac60c2aa1bec155c08.bundle,遇到阿緯,Say,イー･テイ,19,なのに君は何もしないことを選んだ。,
d0e81a4acd55cfac60c2aa1bec155c08.bundle,遇到阿緯,Branch,#Simple,13,これは必要悪です。,
d0e81a4acd55cfac60c2aa1bec155c08.bundle,遇到阿緯,Say,イー･テイ,20,悪だと知っておきながら、その選択をしたのか？,
d0e81a4acd55cfac60c2aa1bec155c08.bundle,遇到阿緯,Branch,#Simple,14,被害が大きくなる選択をしなかっただけです。,
d0e81a4acd55cfac60c2aa1bec155c08.bundle,遇到阿緯,Branch,#Simple,15,悪があることで救われる状況もあると思います。,
d0e81a4acd55cfac60c2aa1bec155c08.bundle,遇到阿緯,Branch,#Simple,16,……,
d0e81a4acd55cfac60c2aa1bec155c08.bundle,遇到阿緯,Branch,#Simple,17,この選択が被害を最も抑えられる選択だと思っただけです。,
d0e81a4acd55cfac60c2aa1bec155c08.bundle,遇到阿緯,Say,イー･テイ,21,被害を最も抑えられる……？,
d0e81a4acd55cfac60c2aa1bec155c08.bundle,遇到阿緯,Branch,#Simple,18,少なくとも、もうセラーで人が死ぬことはなくなります。,
d0e81a4acd55cfac60c2aa1bec155c08.bundle,遇到阿緯,Branch,#Simple,19,ここでの仕事は、いつ死んでもおかしくありません。,
d0e81a4acd55cfac60c2aa1bec155c08.bundle,遇到阿緯,Branch,#Simple,20,……,
d0e81a4acd55cfac60c2aa1bec155c08.bundle,遇到阿緯,Branch,#Simple,21,……,
d0e81a4acd55cfac60c2aa1bec155c08.bundle,遇到阿緯,Branch,#Simple,22,私は工場閉鎖に賛成しています。,
d0e81a4acd55cfac60c2aa1bec155c08.bundle,遇到阿緯,Say,イー･テイ,22,君は操作組に洗脳されちゃったみたいだね。,
d0e81a4acd55cfac60c2aa1bec155c08.bundle,遇到阿緯,Say,イー･テイ,23,もう、うんざりだ。,
d0e81a4acd55cfac60c2aa1bec155c08.bundle,遇到阿緯,Say,心の声,2,また怒りだした……,
d0e81a4acd55cfac60c2aa1bec155c08.bundle,遇到阿緯,Say,イー･テイ,24,よく聞いてくれ。実はセラーでこれ以上死人を出さない方法があるんだ。,
d0e81a4acd55cfac60c2aa1bec155c08.bundle,遇到阿緯,Branch,#Simple,23,なら、どうしてそれを言わないんですか？,
d0e81a4acd55cfac60c2aa1bec155c08.bundle,遇到阿緯,Say,イー･テイ,25,シュン･ゴに言ったよ。でも彼はその資料を3秒見ただけで、捨てたんだ。,
d0e81a4acd55cfac60c2aa1bec155c08.bundle,遇到阿緯,Branch,#Simple,24,それはありえません。,
d0e81a4acd55cfac60c2aa1bec155c08.bundle,遇到阿緯,Say,イー･テイ,26,君も、僕がその分野に詳しくないからって信じないのか？,
d0e81a4acd55cfac60c2aa1bec155c08.bundle,遇到阿緯,Branch,#Simple,25,そんな方法があるなら、なぜ今まで言わなかったんですか？,
d0e81a4acd55cfac60c2aa1bec155c08.bundle,遇到阿緯,Say,イー･テイ,27,シュン･ゴに言ったよ。でも彼はその資料を3秒見ただけで、捨てたんだ。,
d0e81a4acd55cfac60c2aa1bec155c08.bundle,遇到阿緯,Branch,#Simple,26,はい。あなたが考えた方法は通用しない可能性が高いです。,
d0e81a4acd55cfac60c2aa1bec155c08.bundle,遇到阿緯,Say,イー･テイ,28,君はもう完全に操作組の人間なんだね。,
d0e81a4acd55cfac60c2aa1bec155c08.bundle,遇到阿緯,Branch,#Simple,27,どんな方法ですか？,
d0e81a4acd55cfac60c2aa1bec155c08.bundle,遇到阿緯,Say,イー･テイ,29,もうどうでもいいんだよ。,
d0e81a4acd55cfac60c2aa1bec155c08.bundle,遇到阿緯,Say,イー･テイ,30,シュン･ゴに言ったら、彼はその資料を3秒見ただけで捨てたよ。,
d0e81a4acd55cfac60c2aa1bec155c08.bundle,遇到阿緯,Branch,#Simple,28,……,
d0e81a4acd55cfac60c2aa1bec155c08.bundle,遇到阿緯,Say,イー･テイ,31,僕もいつまでもこんなことに拘る気はないよ。,
d0e81a4acd55cfac60c2aa1bec155c08.bundle,遇到阿緯,Say,イー･テイ,32,最初からシュン･ゴみたいに、両組の協力なんか望まなきゃよかったんだ。,
d0e81a4acd55cfac60c2aa1bec155c08.bundle,遇到阿緯,Say,イー･テイ,33,最初から操作組を潰して、主導権を奪うべきだった。,
d0e81a4acd55cfac60c2aa1bec155c08.bundle,遇到阿緯,Say,イー･テイ,34,正直な話、僕はシュン･ゴと取締役の計画を潰そうと考えている……,
d0e81a4acd55cfac60c2aa1bec155c08.bundle,遇到阿緯,Branch,#Simple,29,馬鹿なことはやめてください。,
d0e81a4acd55cfac60c2aa1bec155c08.bundle,遇到阿緯,Say,イー･テイ,35,このことをシュン･ゴに話してみてはどうですか？,
d0e81a4acd55cfac60c2aa1bec155c08.bundle,遇到阿緯,Branch,#Simple,30,そうなったら、より悪い結果になります。,
d0e81a4acd55cfac60c2aa1bec155c08.bundle,遇到阿緯,Say,イー･テイ,36,そうだけど、この工場を守れる。,
d0e81a4acd55cfac60c2aa1bec155c08.bundle,遇到阿緯,Say,イー･テイ,37,サイレントさえ残れば、正す機会はいくらでもある。,
d0e81a4acd55cfac60c2aa1bec155c08.bundle,遇到阿緯,Branch,#Simple,31,その気持ちは理解できます。,
d0e81a4acd55cfac60c2aa1bec155c08.bundle,遇到阿緯,Say,イー･テイ,38,へぇ、君にこの気持ちが理解できるんだ？,
d0e81a4acd55cfac60c2aa1bec155c08.bundle,遇到阿緯,Say,イー･テイ,39,君はさっき、僕の計画を聞きもせずに、否定したよね？,
d0e81a4acd55cfac60c2aa1bec155c08.bundle,遇到阿緯,Say,イー･テイ,40,君は、シュン･ゴや操作組の傲慢な連中とは何が違うと言うんだ？,
d0e81a4acd55cfac60c2aa1bec155c08.bundle,遇到阿緯,Branch,#Simple,32,何をもって私が傲慢だと決めつけるんですか？,
d0e81a4acd55cfac60c2aa1bec155c08.bundle,遇到阿緯,Say,イー･テイ,41,そっちこそ、何の根拠があって、僕の考えが不可能だと言ってるんだ？,
d0e81a4acd55cfac60c2aa1bec155c08.bundle,遇到阿緯,Say,イー･テイ,42,君は僕の計画をまだ何も知らないだろう！,
d0e81a4acd55cfac60c2aa1bec155c08.bundle,遇到阿緯,Branch,#Simple,33,あなたの計画は成功する可能性が低いと思っただけです。,
d0e81a4acd55cfac60c2aa1bec155c08.bundle,遇到阿緯,Say,イー･テイ,43,君たちはいつもそうだ。,
d0e81a4acd55cfac60c2aa1bec155c08.bundle,遇到阿緯,Say,イー･テイ,44,君たち以外の意見なんて、聞く価値がないと思っている。,
d0e81a4acd55cfac60c2aa1bec155c08.bundle,遇到阿緯,Say,イー･テイ,45,僕はもう疲れたよ。,
d0e81a4acd55cfac60c2aa1bec155c08.bundle,遇到阿緯,Say,イー･テイ,46,君はもうシュン･ゴの仲間なんだろう？,
d0e81a4acd55cfac60c2aa1bec155c08.bundle,遇到阿緯,Say,イー･テイ,47,君は、シュン･ゴや操作組の傲慢な連中とは何が違うと言うんだ？,
d0e81a4acd55cfac60c2aa1bec155c08.bundle,遇到阿緯,Branch,#Simple,34,何をもって私が傲慢だと決めつけるんですか？,
d0e81a4acd55cfac60c2aa1bec155c08.bundle,遇到阿緯,Say,イー･テイ,48,何をもって？,
d0e81a4acd55cfac60c2aa1bec155c08.bundle,遇到阿緯,Say,イー･テイ,49,なら操作組の連中は、何をもって、いつも僕たちをバカにしているんだ？,
d0e81a4acd55cfac60c2aa1bec155c08.bundle,遇到阿緯,Branch,#Simple,35,操作組の人たちに、そんなつもりはありません。,
d0e81a4acd55cfac60c2aa1bec155c08.bundle,遇到阿緯,Branch,#Simple,36,それとこれとでは別の問題だと思います。,
d0e81a4acd55cfac60c2aa1bec155c08.bundle,遇到阿緯,Branch,#Simple,37,あなたたちが状況もわからずに、決断をしようとしているからです。,
d0e81a4acd55cfac60c2aa1bec155c08.bundle,遇到阿緯,Say,イー･テイ,50,……,
d0e81a4acd55cfac60c2aa1bec155c08.bundle,遇到阿緯,Say,イー･テイ,51,もういいよ。,
d0e81a4acd55cfac60c2aa1bec155c08.bundle,遇到阿緯,Say,イー･テイ,52,僕はもう疲れた。,
d0e81a4acd55cfac60c2aa1bec155c08.bundle,遇到阿緯,Branch,#Simple,38,私はあなたの計画を聞きたいと思っています。,
d0e81a4acd55cfac60c2aa1bec155c08.bundle,遇到阿緯,Say,イー･テイ,53,君が聞くことに、何の意味があるんだ？,
d0e81a4acd55cfac60c2aa1bec155c08.bundle,遇到阿緯,Say,イー･テイ,54,君の上司はちっともそう思っていないじゃないか。,
d0e81a4acd55cfac60c2aa1bec155c08.bundle,遇到阿緯,Branch,#Simple,39,私は諦めずに、あなたとコミュニケーションを取ろうとしています。,
d0e81a4acd55cfac60c2aa1bec155c08.bundle,遇到阿緯,Say,イー･テイ,55,コミュニケーション、コミュニケーションって……,
d0e81a4acd55cfac60c2aa1bec155c08.bundle,遇到阿緯,Say,イー･テイ,56,シュン･ゴも言ってただろう？コミュニケーションにはコストが必要だって。,
d0e81a4acd55cfac60c2aa1bec155c08.bundle,遇到阿緯,Say,イー･テイ,57,彼は僕とのコミュニケーションに価値がないと思っているんだ。,
d0e81a4acd55cfac60c2aa1bec155c08.bundle,遇到阿緯,Branch,#Simple,40,それは、仕方のないことです。,
d0e81a4acd55cfac60c2aa1bec155c08.bundle,遇到阿緯,Say,イー･テイ,58,そうだろうね。,
d0e81a4acd55cfac60c2aa1bec155c08.bundle,遇到阿緯,Say,イー･テイ,59,僕はもう疲れたよ。,
d0e81a4acd55cfac60c2aa1bec155c08.bundle,遇到阿緯,Branch,#Simple,41,それは彼の意見であって、私はそう思っていません。,
d0e81a4acd55cfac60c2aa1bec155c08.bundle,遇到阿緯,Say,イー･テイ,60,ならどうして彼を選んだ？,
d0e81a4acd55cfac60c2aa1bec155c08.bundle,遇到阿緯,Branch,#Simple,42,彼の方が実際の状況を知っていると思ったからです。,
d0e81a4acd55cfac60c2aa1bec155c08.bundle,遇到阿緯,Say,イー･テイ,61,それなら、好きなだけ彼に従っていればいいよ。,
d0e81a4acd55cfac60c2aa1bec155c08.bundle,遇到阿緯,Branch,#Simple,43,私はシュン･ゴを選んだわけではなく、操作組を選んだだけです。,
d0e81a4acd55cfac60c2aa1bec155c08.bundle,遇到阿緯,Say,イー･テイ,62,……,
d0e81a4acd55cfac60c2aa1bec155c08.bundle,遇到阿緯,Say,イー･テイ,63,君も工場を閉鎖させるべきではないと思っているのか？,
d0e81a4acd55cfac60c2aa1bec155c08.bundle,遇到阿緯,Branch,#Simple,44,はい。,
d0e81a4acd55cfac60c2aa1bec155c08.bundle,遇到阿緯,Branch,#Simple,45,まだ討論する余地があると思っています。,
d0e81a4acd55cfac60c2aa1bec155c08.bundle,遇到阿緯,Say,イー･テイ,64,でもシュン･ゴはそう思っていない……,
d0e81a4acd55cfac60c2aa1bec155c08.bundle,遇到阿緯,Say,イー･テイ,65,……,
d0e81a4acd55cfac60c2aa1bec155c08.bundle,遇到阿緯,Say,イー･テイ,66,ちょっと頭を冷やしてくる。,
d0e81a4acd55cfac60c2aa1bec155c08.bundle,遇到阿緯,Say,イー･テイ,67,それと……,
d0e81a4acd55cfac60c2aa1bec155c08.bundle,遇到阿緯,Say,イー･テイ,68,ごめん、ジェイ。君に怒るのはお門違いだった。,
d0e81a4acd55cfac60c2aa1bec155c08.bundle,遇到阿緯,Branch,#Simple,46,気にしないでください。,
d0e81a4acd55cfac60c2aa1bec155c08.bundle,遇到阿緯,Say,イー･テイ,69,ありがとう。,
d0e81a4acd55cfac60c2aa1bec155c08.bundle,遇到阿緯,Branch,#Simple,47,……,
d0e81a4acd55cfac60c2aa1bec155c08.bundle,遇到阿緯,Say,イー･テイ,70,じゃ、また後で。,
d0e81a4acd55cfac60c2aa1bec155c08.bundle,遇到阿緯,Branch,#Simple,48,はい。,
d0e81a4acd55cfac60c2aa1bec155c08.bundle,遇到阿緯,Branch,#Simple,49,……,
d0e81a4acd55cfac60c2aa1bec155c08.bundle,遇到阿緯,Say,心の声,3,かなりショックを受けていたな。,
d0e81a4acd55cfac60c2aa1bec155c08.bundle,遇到阿緯,Say,心の声,4,彼は工場閉鎖を受け入れられるのだろうか。,
d0e81a4acd55cfac60c2aa1bec155c08.bundle,遇到阿緯,Say,リン･テイ,0,真剣に考えているからこそ、暴走しちゃう気持ちわかる……,
d0e81a4acd55cfac60c2aa1bec155c08.bundle,遇到阿緯,Branch,#Simple,50,いいえ、サイレントは閉鎖させるべきです。,
d0e81a4acd55cfac60c2aa1bec155c08.bundle,遇到阿緯,Say,イー･テイ,71,そうだろうね……,
d0e81a4acd55cfac60c2aa1bec155c08.bundle,遇到阿緯,Branch,#Simple,51,それとこれとは別の話です。,
d0e81a4acd55cfac60c2aa1bec155c08.bundle,遇到阿緯,Say,イー･テイ,72,同じ問題だろ？,
d0e81a4acd55cfac60c2aa1bec155c08.bundle,遇到阿緯,Say,イー･テイ,73,もういい、僕はもう疲れた。,
d0e81a4acd55cfac60c2aa1bec155c08.bundle,遇到阿緯,Branch,#Simple,52,……,
d0e81a4acd55cfac60c2aa1bec155c08.bundle,遇到阿緯,Branch,#Simple,53,……,
d0e81a4acd55cfac60c2aa1bec155c08.bundle,遇到阿緯,Say,イー･テイ,74,君が言っていたように、僕は今、冷静じゃない。,
d0e81a4acd55cfac60c2aa1bec155c08.bundle,遇到阿緯,Say,イー･テイ,75,僕はずっと冷静に努めようとしていたのに、その結果はどうだ？,
d0e81a4acd55cfac60c2aa1bec155c08.bundle,遇到阿緯,Say,イー･テイ,76,もうすぐでシュンが、この工場を閉鎖させようとしている。,
d0e81a4acd55cfac60c2aa1bec155c08.bundle,遇到阿緯,Say,イー･テイ,77,君はさっき、僕が馬鹿なことをしようとしているって言ったよね？,
d0e81a4acd55cfac60c2aa1bec155c08.bundle,遇到阿緯,Say,イー･テイ,78,でもね、僕はずっと、馬鹿げた自分勝手な行動はしないように努めてきたんだ。,
d0e81a4acd55cfac60c2aa1bec155c08.bundle,遇到阿緯,Say,イー･テイ,79,でも結果はどうだ？シュン･ゴのようなバカに主導権を奪われた。,
d0e81a4acd55cfac60c2aa1bec155c08.bundle,遇到阿緯,Say,イー･テイ,80,こんなことになるなら、僕もどんな手を使ってでも主導権を奪ってやる。,
d0e81a4acd55cfac60c2aa1bec155c08.bundle,遇到阿緯,Say,イー･テイ,81,傲慢で、自分勝手な方法でね。,
d0e81a4acd55cfac60c2aa1bec155c08.bundle,遇到阿緯,Branch,#Simple,54,イー･テイ、もう一度考え直してください。,
d0e81a4acd55cfac60c2aa1bec155c08.bundle,遇到阿緯,Branch,#Simple,55,もう一度シュン･ゴと話してみたらどうですか？,
d0e81a4acd55cfac60c2aa1bec155c08.bundle,遇到阿緯,Say,イー･テイ,82,もういいよ。これ以上、話す気はない。,
d0e81a4acd55cfac60c2aa1bec155c08.bundle,遇到阿緯,Branch,#Simple,56,わかりました。,
d0e81a4acd55cfac60c2aa1bec155c08.bundle,遇到阿緯,Branch,#Simple,57,なら、いつまで話さないつもりですか？,
d0e81a4acd55cfac60c2aa1bec155c08.bundle,遇到阿緯,Say,イー･テイ,83,とにかく今は話す気はない。,
d0e81a4acd55cfac60c2aa1bec155c08.bundle,遇到阿緯,Branch,#Simple,58,……,
d0e81a4acd55cfac60c2aa1bec155c08.bundle,遇到阿緯,Say,イー･テイ,84,心配する必要はないよ……,
d0e81a4acd55cfac60c2aa1bec155c08.bundle,遇到阿緯,Say,イー･テイ,85,どうせ僕が何をしようと、工場閉鎖の事実は変わらない。,
d0e81a4acd55cfac60c2aa1bec155c08.bundle,遇到阿緯,Say,イー･テイ,86,最高の現実だな！,
d0e81a4acd55cfac60c2aa1bec155c08.bundle,遇到阿緯,Say,イー･テイ,87,じゃ、また。,
d0e81a4acd55cfac60c2aa1bec155c08.bundle,遇到阿緯,Branch,#Simple,59,はい。,
d0e81a4acd55cfac60c2aa1bec155c08.bundle,遇到阿緯,Branch,#Simple,60,……,
d0e81a4acd55cfac60c2aa1bec155c08.bundle,遇到阿緯,Say,心の声,5,かなり落ち込んでいたな。,
d0e81a4acd55cfac60c2aa1bec155c08.bundle,遇到阿緯,Say,心の声,6,でも、彼には何もできないはずだ。,
d0e81a4acd55cfac60c2aa1bec155c08.bundle,球球指引路,Say,イエホン･キュウ,0,あれ？,
d0e81a4acd55cfac60c2aa1bec155c08.bundle,球球指引路,Say,イエホン･キュウ,1,ああ、君か……,
d0e81a4acd55cfac60c2aa1bec155c08.bundle,球球指引路,Say,イエホン･キュウ,2,……何でこんなところにいるの？,
d0e81a4acd55cfac60c2aa1bec155c08.bundle,球球指引路,Branch,#Simple,0,そっちこそ、なんでここに？,
d0e81a4acd55cfac60c2aa1bec155c08.bundle,球球指引路,Say,イエホン･キュウ,3,先に聞いたのはこっちだろ！,
d0e81a4acd55cfac60c2aa1bec155c08.bundle,球球指引路,Branch,#Simple,1,まだ怒っているのか？,
d0e81a4acd55cfac60c2aa1bec155c08.bundle,球球指引路,Say,イエホン･キュウ,4,……,
d0e81a4acd55cfac60c2aa1bec155c08.bundle,球球指引路,Say,イエホン･キュウ,5,それはそうだよ……,
d0e81a4acd55cfac60c2aa1bec155c08.bundle,球球指引路,Branch,#Simple,2,俺に対して怒っているのか？,
d0e81a4acd55cfac60c2aa1bec155c08.bundle,球球指引路,Branch,#Simple,3,何で怒ってるんだ？,
d0e81a4acd55cfac60c2aa1bec155c08.bundle,球球指引路,Say,イエホン･キュウ,6,はぁ？,
d0e81a4acd55cfac60c2aa1bec155c08.bundle,球球指引路,Branch,#Simple,4,……,
d0e81a4acd55cfac60c2aa1bec155c08.bundle,球球指引路,Say,イエホン･キュウ,7,とにかく、何をしに来たのかを言え！,
d0e81a4acd55cfac60c2aa1bec155c08.bundle,球球指引路,Branch,#Simple,5,イー･テイを探している。,
d0e81a4acd55cfac60c2aa1bec155c08.bundle,球球指引路,Branch,#Simple,6,この状況をなんとかしたいんだ。,
d0e81a4acd55cfac60c2aa1bec155c08.bundle,球球指引路,Say,イエホン･キュウ,8,……,
d0e81a4acd55cfac60c2aa1bec155c08.bundle,球球指引路,Say,イエホン･キュウ,9,まさか、まだイーちゃんと話す気なのか？,
d0e81a4acd55cfac60c2aa1bec155c08.bundle,球球指引路,Say,イエホン･キュウ,10,今更、何を話すっていうんだ……,
d0e81a4acd55cfac60c2aa1bec155c08.bundle,球球指引路,Say,イエホン･キュウ,11,それに……,
d0e81a4acd55cfac60c2aa1bec155c08.bundle,球球指引路,Branch,#Simple,7,様子を見に来ただけだ。,
d0e81a4acd55cfac60c2aa1bec155c08.bundle,球球指引路,Say,イエホン･キュウ,12,嘘はやめてくれ……,
d0e81a4acd55cfac60c2aa1bec155c08.bundle,球球指引路,Say,イエホン･キュウ,13,イーちゃんに会いに来たんだろう？,
d0e81a4acd55cfac60c2aa1bec155c08.bundle,球球指引路,Branch,#Simple,8,ああ、その通りだ。,
d0e81a4acd55cfac60c2aa1bec155c08.bundle,球球指引路,Branch,#Simple,9,違う。,
d0e81a4acd55cfac60c2aa1bec155c08.bundle,球球指引路,Say,イエホン･キュウ,14,……,
d0e81a4acd55cfac60c2aa1bec155c08.bundle,球球指引路,Say,イエホン･キュウ,15,そう。じゃ、いいけどさ。,
d0e81a4acd55cfac60c2aa1bec155c08.bundle,球球指引路,Say,イエホン･キュウ,16,今のは忘れて。,
d0e81a4acd55cfac60c2aa1bec155c08.bundle,球球指引路,Branch,#Simple,10,ああ。,
d0e81a4acd55cfac60c2aa1bec155c08.bundle,球球指引路,Branch,#Simple,11,それで、イー･テイはここにいるのか？彼と話したいんだ。,
d0e81a4acd55cfac60c2aa1bec155c08.bundle,球球指引路,Say,イエホン･キュウ,17,やっぱり……,
d0e81a4acd55cfac60c2aa1bec155c08.bundle,球球指引路,Say,イエホン･キュウ,18,でも……,
d0e81a4acd55cfac60c2aa1bec155c08.bundle,球球指引路,Branch,#Simple,12,……,
d0e81a4acd55cfac60c2aa1bec155c08.bundle,球球指引路,Say,イエホン･キュウ,19,じゃあ。,
d0e81a4acd55cfac60c2aa1bec155c08.bundle,球球指引路,Branch,#Simple,13,ああ。,
d0e81a4acd55cfac60c2aa1bec155c08.bundle,球球指引路,Branch,#Simple,14,……,
d0e81a4acd55cfac60c2aa1bec155c08.bundle,球球指引路,Branch,#Simple,15,イー･テイを探している。,
d0e81a4acd55cfac60c2aa1bec155c08.bundle,球球指引路,Say,イエホン･キュウ,20,やっぱり……,
d0e81a4acd55cfac60c2aa1bec155c08.bundle,球球指引路,Say,イエホン･キュウ,21,でも彼は今、誰にも会いたくないと思うよ。,
d0e81a4acd55cfac60c2aa1bec155c08.bundle,球球指引路,Branch,#Simple,16,これは工場の未来に関わるんだ。,
d0e81a4acd55cfac60c2aa1bec155c08.bundle,球球指引路,Branch,#Simple,17,わかってる。でも大事な用があるんだ。,
d0e81a4acd55cfac60c2aa1bec155c08.bundle,球球指引路,Branch,#Simple,18,……,
d0e81a4acd55cfac60c2aa1bec155c08.bundle,球球指引路,Say,イエホン･キュウ,22,そう。,
d0e81a4acd55cfac60c2aa1bec155c08.bundle,球球指引路,Say,イエホン･キュウ,23,でも、今、彼と会うのは得策ではないと思うよ。,
d0e81a4acd55cfac60c2aa1bec155c08.bundle,球球指引路,Branch,#Simple,19,頼む、本当に彼と話す必要があるんだ。,
d0e81a4acd55cfac60c2aa1bec155c08.bundle,球球指引路,Branch,#Simple,20,彼に断られれば、すぐ帰るつもりだ。,
d0e81a4acd55cfac60c2aa1bec155c08.bundle,球球指引路,Branch,#Simple,21,……,
d0e81a4acd55cfac60c2aa1bec155c08.bundle,球球指引路,Say,イエホン･キュウ,24,……,
d0e81a4acd55cfac60c2aa1bec155c08.bundle,球球指引路,Say,イエホン･キュウ,25,僕もね、イーちゃんと話したいと思ってたんだ……,
d0e81a4acd55cfac60c2aa1bec155c08.bundle,球球指引路,Say,イエホン･キュウ,26,でも今は、僕自身もめちゃくちゃだからさ。,
d0e81a4acd55cfac60c2aa1bec155c08.bundle,球球指引路,Say,イエホン･キュウ,27,彼と話しても事をややこしくするだけだと思う。,
d0e81a4acd55cfac60c2aa1bec155c08.bundle,球球指引路,Say,イエホン･キュウ,28,だからこんなところに隠れて悩んでたんだ。バカだよね……,
d0e81a4acd55cfac60c2aa1bec155c08.bundle,球球指引路,Say,イエホン･キュウ,29,……,
d0e81a4acd55cfac60c2aa1bec155c08.bundle,球球指引路,Say,イエホン･キュウ,30,彼は外にいるよ。,
d0e81a4acd55cfac60c2aa1bec155c08.bundle,球球指引路,Say,イエホン･キュウ,31,会いに行きなよ。,
d0e81a4acd55cfac60c2aa1bec155c08.bundle,球球指引路,Say,イエホン･キュウ,32,……,
d0e81a4acd55cfac60c2aa1bec155c08.bundle,球球指引路,Say,イエホン･キュウ,33,それと、ジェイ。,
d0e81a4acd55cfac60c2aa1bec155c08.bundle,球球指引路,Branch,#Simple,22,何だ？,
d0e81a4acd55cfac60c2aa1bec155c08.bundle,球球指引路,Branch,#Simple,23,……,
d0e81a4acd55cfac60c2aa1bec155c08.bundle,球球指引路,Say,イエホン･キュウ,34,もうこれ以上、状況を悪くしないでくれ。頼む。,
d0e81a4acd55cfac60c2aa1bec155c08.bundle,球球指引路,Branch,#Simple,24,大丈夫だ、安心してくれ。,
d0e81a4acd55cfac60c2aa1bec155c08.bundle,球球指引路,Say,イエホン･キュウ,35,うん。,
d0e81a4acd55cfac60c2aa1bec155c08.bundle,球球指引路,Branch,#Simple,25,それは約束できない。,
d0e81a4acd55cfac60c2aa1bec155c08.bundle,球球指引路,Say,イエホン･キュウ,36,……,
d0e81a4acd55cfac60c2aa1bec155c08.bundle,球球指引路,Say,イエホン･キュウ,37,どうしても彼に会いたいの？,
d0e81a4acd55cfac60c2aa1bec155c08.bundle,球球指引路,Branch,#Simple,26,ああ。,
d0e81a4acd55cfac60c2aa1bec155c08.bundle,球球指引路,Branch,#Simple,27,そう言われたら、わからなくなってきたな。,
d0e81a4acd55cfac60c2aa1bec155c08.bundle,球球指引路,Say,イエホン･キュウ,38,……それなら、ちゃんと考えてから決めた方がいいよ。,
d0e81a4acd55cfac60c2aa1bec155c08.bundle,球球指引路,Branch,#Simple,28,……,
d0e81a4acd55cfac60c2aa1bec155c08.bundle,球球指引路,Say,イエホン･キュウ,39,じゃ、僕はこれで。,
d0e81a4acd55cfac60c2aa1bec155c08.bundle,說服阿緯,Say,イー･テイ,0,ジェイ？,
d0e81a4acd55cfac60c2aa1bec155c08.bundle,說服阿緯,Say,イー･テイ,1,まさか見つかるとはね。,
d0e81a4acd55cfac60c2aa1bec155c08.bundle,說服阿緯,Branch,#Simple,0,探すのに苦労しました。,
d0e81a4acd55cfac60c2aa1bec155c08.bundle,說服阿緯,Say,イー･テイ,2,見つかりたくなかったから、ここに来たんだけどね。,
d0e81a4acd55cfac60c2aa1bec155c08.bundle,說服阿緯,Say,イー･テイ,3,まぁ……,
d0e81a4acd55cfac60c2aa1bec155c08.bundle,說服阿緯,Branch,#Simple,1,邪魔でしたか？,
d0e81a4acd55cfac60c2aa1bec155c08.bundle,說服阿緯,Say,イー･テイ,4,まあね……,
d0e81a4acd55cfac60c2aa1bec155c08.bundle,說服阿緯,Branch,#Simple,2,帰って欲しいんですか？,
d0e81a4acd55cfac60c2aa1bec155c08.bundle,說服阿緯,Say,イー･テイ,5,……,
d0e81a4acd55cfac60c2aa1bec155c08.bundle,說服阿緯,Say,イー･テイ,6,はぁ……,
d0e81a4acd55cfac60c2aa1bec155c08.bundle,說服阿緯,Branch,#Simple,3,じゃ、私は戻ります。,
d0e81a4acd55cfac60c2aa1bec155c08.bundle,說服阿緯,Say,イー･テイ,7,ちょっと、冗談だよ……,
d0e81a4acd55cfac60c2aa1bec155c08.bundle,說服阿緯,Branch,#Simple,4,……,
d0e81a4acd55cfac60c2aa1bec155c08.bundle,說服阿緯,Say,イー･テイ,8,せっかく来たなら、少し話そうか。,
d0e81a4acd55cfac60c2aa1bec155c08.bundle,說服阿緯,Say,イー･テイ,9,ジェイ、こっちへ来てくれ。,
d0e81a4acd55cfac60c2aa1bec155c08.bundle,說服賴潔完成程芳對話,Say,イー･テイ,0,もしもし、ジェイ？,
d0e81a4acd55cfac60c2aa1bec155c08.bundle,說服賴潔完成程芳對話,Branch,#Simple,0,はい。,
d0e81a4acd55cfac60c2aa1bec155c08.bundle,說服賴潔完成程芳對話,Branch,#Simple,1,どうしましたか？,
d0e81a4acd55cfac60c2aa1bec155c08.bundle,說服賴潔完成程芳對話,Say,イー･テイ,1,よくやってくれた！,
d0e81a4acd55cfac60c2aa1bec155c08.bundle,說服賴潔完成程芳對話,Say,イー･テイ,2,ジュジュから資料が届いたよ。きっとジェイの説得が上手くいったんだろう？,
d0e81a4acd55cfac60c2aa1bec155c08.bundle,說服賴潔完成程芳對話,Say,イー･テイ,3,だから、その……,
d0e81a4acd55cfac60c2aa1bec155c08.bundle,說服賴潔完成程芳對話,Say,イー･テイ,4,とにかく、よくやった！,
d0e81a4acd55cfac60c2aa1bec155c08.bundle,說服賴潔完成程芳對話,Say,イー･テイ,5,おかげでこの工場を存続させるための一番重要なデータが手に入った。,
d0e81a4acd55cfac60c2aa1bec155c08.bundle,說服賴潔完成程芳對話,Say,イー･テイ,6,じゃ、僕は報告書の作成に戻るから、また後でね。,
d0e81a4acd55cfac60c2aa1bec155c08.bundle,說服賴潔完成程芳對話,Branch,#Simple,2,はい。,
d0e81a4acd55cfac60c2aa1bec155c08.bundle,說服賴潔完成程芳對話,Branch,#Simple,3,……,
d0e81a4acd55cfac60c2aa1bec155c08.bundle,說服賴潔完成程芳對話,Say,イー･テイ,7,……,
d0e81a4acd55cfac60c2aa1bec155c08.bundle,說服賴潔完成程芳對話,Say,イー･テイ,8,ジュジュからすごく丁寧なメールが届いたんだけど……,
d0e81a4acd55cfac60c2aa1bec155c08.bundle,說服賴潔完成程芳對話,Say,イー･テイ,9,選別組に協力はできないって内容だったよ。,
d0e81a4acd55cfac60c2aa1bec155c08.bundle,說服賴潔完成程芳對話,Say,イー･テイ,10,説得は上手くいかなかったのか……？,
d0e81a4acd55cfac60c2aa1bec155c08.bundle,說服賴潔完成程芳對話,Branch,#Simple,4,すみません。,
d0e81a4acd55cfac60c2aa1bec155c08.bundle,說服賴潔完成程芳對話,Say,イー･テイ,11,いや、謝ってほしいわけじゃないんだ。あまり気にしないで。,
d0e81a4acd55cfac60c2aa1bec155c08.bundle,說服賴潔完成程芳對話,Branch,#Simple,5,はい、失敗しました。,
d0e81a4acd55cfac60c2aa1bec155c08.bundle,說服賴潔完成程芳對話,Say,イー･テイ,12,……,
d0e81a4acd55cfac60c2aa1bec155c08.bundle,說服賴潔完成程芳對話,Say,イー･テイ,13,なぜ彼女が協力を断ったか聞いてもいいかな？,
d0e81a4acd55cfac60c2aa1bec155c08.bundle,說服賴潔完成程芳對話,Branch,#Simple,6,メールに書かれてなかったんですか？,
d0e81a4acd55cfac60c2aa1bec155c08.bundle,說服賴潔完成程芳對話,Say,イー･テイ,14,うん、書かれてなかったんだ。,
d0e81a4acd55cfac60c2aa1bec155c08.bundle,說服賴潔完成程芳對話,Say,イー･テイ,15,だからジェイに聞きたいんだ……,
d0e81a4acd55cfac60c2aa1bec155c08.bundle,說服賴潔完成程芳對話,Branch,#Simple,7,私の対応が気に障ったみたいです。,
d0e81a4acd55cfac60c2aa1bec155c08.bundle,說服賴潔完成程芳對話,Branch,#Simple,8,多分、私が操作組のメンバーと喧嘩したからです。,
d0e81a4acd55cfac60c2aa1bec155c08.bundle,說服賴潔完成程芳對話,Say,イー･テイ,16,そういうことか……,
d0e81a4acd55cfac60c2aa1bec155c08.bundle,說服賴潔完成程芳對話,Say,イー･テイ,17,うん、わかった。ありがとう。,
d0e81a4acd55cfac60c2aa1bec155c08.bundle,說服賴潔完成程芳對話,Say,イー･テイ,18,じゃ、もう仕事に戻って大丈夫だよ。,
d0e81a4acd55cfac60c2aa1bec155c08.bundle,說服賴潔完成程芳對話,Say,イー･テイ,19,また後でね。,
d0e81a4acd55cfac60c2aa1bec155c08.bundle,說服賴潔完成程芳對話,Branch,#Simple,9,はい。,
d0e81a4acd55cfac60c2aa1bec155c08.bundle,說服賴潔完成程芳對話,Branch,#Simple,10,本当にすみません。,
d0e81a4acd55cfac60c2aa1bec155c08.bundle,說服賴潔完成程芳對話,Say,イー･テイ,20,大丈夫だよ。,
d0e81a4acd55cfac60c2aa1bec155c08.bundle,說服賴潔完成程芳對話,Say,イー･テイ,21,さっきも言っただろう……,
d0e81a4acd55cfac60c2aa1bec155c08.bundle,說服賴潔完成程芳對話,Say,イー･テイ,22,別に謝って欲しいわけじゃないんだ。,
d0e81a4acd55cfac60c2aa1bec155c08.bundle,說服賴潔完成程芳對話,Say,イー･テイ,23,とにかく、変に落ち込まないように。,
d0e81a4acd55cfac60c2aa1bec155c08.bundle,說服賴潔完成程芳對話,Say,イー･テイ,24,じゃあね。,
d0e81a4acd55cfac60c2aa1bec155c08.bundle,說服賴潔完成程芳對話,Branch,#Simple,11,……,
d0e81a4acd55cfac60c2aa1bec155c08.bundle,說服賴潔完成程芳對話,Say,心の声,0,電話を切った。,
d0e81a4acd55cfac60c2aa1bec155c08.bundle,說服賴潔完成程芳對話,Say,リン･テイ,0,ただいま！,
d0e81a4acd55cfac60c2aa1bec155c08.bundle,說服賴潔完成程芳對話,Say,リン･テイ,1,ジェイ、大丈夫？何かあったの？,
d0e81a4acd55cfac60c2aa1bec155c08.bundle,說服賴潔完成程芳對話,Branch,#Simple,12,何もない。,
d0e81a4acd55cfac60c2aa1bec155c08.bundle,說服賴潔完成程芳對話,Say,リン･テイ,2,ならいいけど。,
d0e81a4acd55cfac60c2aa1bec155c08.bundle,說服賴潔完成程芳對話,Branch,#Simple,13,頭が痛くなる会話を何回かしてただけだ。,
d0e81a4acd55cfac60c2aa1bec155c08.bundle,說服賴潔完成程芳對話,Say,リン･テイ,3,そう……,
d0e81a4acd55cfac60c2aa1bec155c08.bundle,說服賴潔完成程芳對話,Say,リン･テイ,4,任務に影響が出るようなことはあった？,
d0e81a4acd55cfac60c2aa1bec155c08.bundle,說服賴潔完成程芳對話,Branch,#Simple,14,特にはない。,
d0e81a4acd55cfac60c2aa1bec155c08.bundle,說服賴潔完成程芳對話,Say,リン･テイ,5,なら大丈夫ね。,
d0e81a4acd55cfac60c2aa1bec155c08.bundle,說服賴潔完成程芳對話,Branch,#Simple,15,任務のことだけじゃなくて、俺の心配はしてくれないのか？,
d0e81a4acd55cfac60c2aa1bec155c08.bundle,說服賴潔完成程芳對話,Say,リン･テイ,6,よしよーし、ジェイはいい子だから大丈夫よね～。,
d0e81a4acd55cfac60c2aa1bec155c08.bundle,說服賴潔完成程芳對話,Branch,#Simple,16,……,
d0e81a4acd55cfac60c2aa1bec155c08.bundle,說服賴潔完成程芳對話,Say,リン･テイ,7,23号さんに頼まれてた準備作業が終わったの。,
d0e81a4acd55cfac60c2aa1bec155c08.bundle,說服賴潔完成程芳對話,Branch,#Simple,17,準備作業？,
d0e81a4acd55cfac60c2aa1bec155c08.bundle,說服賴潔完成程芳對話,Say,リン･テイ,8,電源をいくつか入れただけだけどね。,
d0e81a4acd55cfac60c2aa1bec155c08.bundle,說服賴潔完成程芳對話,Branch,#Simple,18,彼女たちはもう帰ってきたのか？,
d0e81a4acd55cfac60c2aa1bec155c08.bundle,說服賴潔完成程芳對話,Say,リン･テイ,9,もうすぐで戻ってくると思う。,
d0e81a4acd55cfac60c2aa1bec155c08.bundle,說服賴潔完成程芳對話,Branch,#Simple,19,……,
d0e81a4acd55cfac60c2aa1bec155c08.bundle,說服賴潔完成程芳對話,Say,リン･テイ,10,後は契約まで待つだけね。,
d0e81a4acd55cfac60c2aa1bec155c08.bundle,說服賴潔完成程芳對話,Say,リン･テイ,11,回線は繋いでおくからね！,
d0e81a4acd55cfac60c2aa1bec155c08.bundle,說服采欣完成程芳對話,Say,リン･テイ,0,ジェイ、大丈夫？何かあったの？,
d0e81a4acd55cfac60c2aa1bec155c08.bundle,說服采欣完成程芳對話,Branch,#Simple,0,何もない。,
d0e81a4acd55cfac60c2aa1bec155c08.bundle,說服采欣完成程芳對話,Say,リン･テイ,1,ならいいけど。,
d0e81a4acd55cfac60c2aa1bec155c08.bundle,說服采欣完成程芳對話,Branch,#Simple,1,頭が痛くなる会話を何回かしてただけだ。,
d0e81a4acd55cfac60c2aa1bec155c08.bundle,說服采欣完成程芳對話,Say,リン･テイ,2,そう……,
d0e81a4acd55cfac60c2aa1bec155c08.bundle,說服采欣完成程芳對話,Say,リン･テイ,3,任務に影響が出るようなことはあった？,
d0e81a4acd55cfac60c2aa1bec155c08.bundle,說服采欣完成程芳對話,Branch,#Simple,2,特にはない。,
d0e81a4acd55cfac60c2aa1bec155c08.bundle,說服采欣完成程芳對話,Say,リン･テイ,4,ならいいけど。,
d0e81a4acd55cfac60c2aa1bec155c08.bundle,說服采欣完成程芳對話,Branch,#Simple,3,任務のことだけじゃなくて、俺の心配はしてくれないのか？,
d0e81a4acd55cfac60c2aa1bec155c08.bundle,說服采欣完成程芳對話,Say,リン･テイ,5,よしよーし、ジェイはいい子だから大丈夫よね～。,
d0e81a4acd55cfac60c2aa1bec155c08.bundle,說服采欣完成程芳對話,Branch,#Simple,4,……,
d0e81a4acd55cfac60c2aa1bec155c08.bundle,說服采欣完成程芳對話,Say,リン･テイ,6,23号さんに頼まれてた準備をするために、ちょっと離席してたのよ。,
d0e81a4acd55cfac60c2aa1bec155c08.bundle,說服采欣完成程芳對話,Branch,#Simple,5,準備？,
d0e81a4acd55cfac60c2aa1bec155c08.bundle,說服采欣完成程芳對話,Say,リン･テイ,7,電源をいくつか入れただけだけどね。,
d0e81a4acd55cfac60c2aa1bec155c08.bundle,說服采欣完成程芳對話,Branch,#Simple,6,彼女たちはもう帰ってきたのか？,
d0e81a4acd55cfac60c2aa1bec155c08.bundle,說服采欣完成程芳對話,Say,リン･テイ,8,もう少し時間がかかるみたい。,
d0e81a4acd55cfac60c2aa1bec155c08.bundle,說服采欣完成程芳對話,Branch,#Simple,7,……,
d0e81a4acd55cfac60c2aa1bec155c08.bundle,說服采欣完成程芳對話,Say,リン･テイ,9,待って、操作組のシュン･ゴから着信よ！,
d0e81a4acd55cfac60c2aa1bec155c08.bundle,說服采欣完成程芳對話,Say,リン･テイ,10,繋げるね。,
d0e81a4acd55cfac60c2aa1bec155c08.bundle,說服采欣完成程芳對話,Say,リン･テイ,11,……,
d0e81a4acd55cfac60c2aa1bec155c08.bundle,說服采欣完成程芳對話,Say,シュン･ゴ,0,ジェイ、状況はどうですか？,
d0e81a4acd55cfac60c2aa1bec155c08.bundle,說服采欣完成程芳對話,Branch,#Simple,8,シンカ･シェが手伝ってくれる約束をしてくれました。,
d0e81a4acd55cfac60c2aa1bec155c08.bundle,說服采欣完成程芳對話,Branch,#Simple,9,はい、成功しました。,
d0e81a4acd55cfac60c2aa1bec155c08.bundle,說服采欣完成程芳對話,Say,シュン･ゴ,1,よかった。後はシンカから資料が送られてくるのを待つだけですね。,
d0e81a4acd55cfac60c2aa1bec155c08.bundle,說服采欣完成程芳對話,Say,シュン･ゴ,2,お手柄でしたね！とても助かりました。,
d0e81a4acd55cfac60c2aa1bec155c08.bundle,說服采欣完成程芳對話,Say,シュン･ゴ,3,他に伝えたいことなど、ありますか？なければ私は仕事に戻ります。,
d0e81a4acd55cfac60c2aa1bec155c08.bundle,說服采欣完成程芳對話,Branch,#Simple,10,特にないです。頑張ってください。,
d0e81a4acd55cfac60c2aa1bec155c08.bundle,說服采欣完成程芳對話,Say,シュン･ゴ,4,ありがとうございます。,
d0e81a4acd55cfac60c2aa1bec155c08.bundle,說服采欣完成程芳對話,Branch,#Simple,11,シンカには、あなたが選別組の面倒を見てくれると言いました。,
d0e81a4acd55cfac60c2aa1bec155c08.bundle,說服采欣完成程芳對話,Say,シュン･ゴ,5,……,
d0e81a4acd55cfac60c2aa1bec155c08.bundle,說服采欣完成程芳對話,Say,シュン･ゴ,6,私にできる範囲でなら、もちろんです。,
d0e81a4acd55cfac60c2aa1bec155c08.bundle,說服采欣完成程芳對話,Say,シュン･ゴ,7,……失業者が出ることは免れないと、彼女に言いましたか？,
d0e81a4acd55cfac60c2aa1bec155c08.bundle,說服采欣完成程芳對話,Branch,#Simple,12,私が言わなくとも、彼女はちゃんとわかっているはずです。,
d0e81a4acd55cfac60c2aa1bec155c08.bundle,說服采欣完成程芳對話,Branch,#Simple,13,言っていません。,
d0e81a4acd55cfac60c2aa1bec155c08.bundle,說服采欣完成程芳對話,Branch,#Simple,14,言ったかどうか、覚えていません。,
d0e81a4acd55cfac60c2aa1bec155c08.bundle,說服采欣完成程芳對話,Branch,#Simple,15,言ったと思います。,
d0e81a4acd55cfac60c2aa1bec155c08.bundle,說服采欣完成程芳對話,Say,シュン･ゴ,8,……,
d0e81a4acd55cfac60c2aa1bec155c08.bundle,說服采欣完成程芳對話,Say,シュン･ゴ,9,……そうですか。,
d0e81a4acd55cfac60c2aa1bec155c08.bundle,說服采欣完成程芳對話,Say,シュン･ゴ,10,選別組への対応については、私から伝えます。,
d0e81a4acd55cfac60c2aa1bec155c08.bundle,說服采欣完成程芳對話,Say,シュン･ゴ,11,教えてくれてありがとうございます。,
d0e81a4acd55cfac60c2aa1bec155c08.bundle,說服采欣完成程芳對話,Say,シュン･ゴ,12,他に何かありますか？,
d0e81a4acd55cfac60c2aa1bec155c08.bundle,說服采欣完成程芳對話,Branch,#Simple,16,あなたに、シンカを利用した自覚はありますか？,
d0e81a4acd55cfac60c2aa1bec155c08.bundle,說服采欣完成程芳對話,Say,シュン･ゴ,13,……,
d0e81a4acd55cfac60c2aa1bec155c08.bundle,說服采欣完成程芳對話,Say,シュン･ゴ,14,どういう意味ですか？,
d0e81a4acd55cfac60c2aa1bec155c08.bundle,說服采欣完成程芳對話,Branch,#Simple,17,あなたはシンカに受けざるを得ない申し出をしました。,
d0e81a4acd55cfac60c2aa1bec155c08.bundle,說服采欣完成程芳對話,Say,シュン･ゴ,15,それは違います。私は彼女に選択肢をちゃんと与えました。,
d0e81a4acd55cfac60c2aa1bec155c08.bundle,說服采欣完成程芳對話,Say,シュン･ゴ,16,彼女は私の申し出を断ることもできたはずです。,
d0e81a4acd55cfac60c2aa1bec155c08.bundle,說服采欣完成程芳對話,Branch,#Simple,18,確かにそうですが、あなたの申し出により、彼女を難しい立場に追いやったのも事実です。,
d0e81a4acd55cfac60c2aa1bec155c08.bundle,說服采欣完成程芳對話,Say,シュン･ゴ,17,彼女が、仲間に不利な決断をせざるを得ない状況なのはわかっていますが……,
d0e81a4acd55cfac60c2aa1bec155c08.bundle,說服采欣完成程芳對話,Branch,#Simple,19,それを裏切りと言うんです。,
d0e81a4acd55cfac60c2aa1bec155c08.bundle,說服采欣完成程芳對話,Say,シュン･ゴ,18,……もう一度言いますが、それは個人の捉え方によります。,
d0e81a4acd55cfac60c2aa1bec155c08.bundle,說服采欣完成程芳對話,Branch,#Simple,20,シンカは裏切りとして捉えていますよ。,
d0e81a4acd55cfac60c2aa1bec155c08.bundle,說服采欣完成程芳對話,Say,シュン･ゴ,19,……,
d0e81a4acd55cfac60c2aa1bec155c08.bundle,說服采欣完成程芳對話,Say,シュン･ゴ,20,彼女がそう捉えるなら、そうなのでしょう。,
d0e81a4acd55cfac60c2aa1bec155c08.bundle,說服采欣完成程芳對話,Say,シュン･ゴ,21,ですがどうであれ……,
d0e81a4acd55cfac60c2aa1bec155c08.bundle,說服采欣完成程芳對話,Branch,#Simple,21,……,
d0e81a4acd55cfac60c2aa1bec155c08.bundle,說服采欣完成程芳對話,Branch,#Simple,22,……,
d0e81a4acd55cfac60c2aa1bec155c08.bundle,說服采欣完成程芳對話,Say,シュン･ゴ,22,選んだのは私ではありません。彼女の責任です。,
d0e81a4acd55cfac60c2aa1bec155c08.bundle,說服采欣完成程芳對話,Branch,#Simple,23,私は別にあなたの責任だとは言っていません。,
d0e81a4acd55cfac60c2aa1bec155c08.bundle,說服采欣完成程芳對話,Branch,#Simple,24,確かにそうですね。,
d0e81a4acd55cfac60c2aa1bec155c08.bundle,說服采欣完成程芳對話,Branch,#Simple,25,これは責任の問題ではありません。,
d0e81a4acd55cfac60c2aa1bec155c08.bundle,說服采欣完成程芳對話,Say,シュン･ゴ,23,責任の問題ではない……？,
d0e81a4acd55cfac60c2aa1bec155c08.bundle,說服采欣完成程芳對話,Say,シュン･ゴ,24,……私にはよくわかりません。,
d0e81a4acd55cfac60c2aa1bec155c08.bundle,說服采欣完成程芳對話,Say,シュン･ゴ,25,では、どうすればよかったのですか？,
d0e81a4acd55cfac60c2aa1bec155c08.bundle,說服采欣完成程芳對話,Branch,#Simple,26,あなたはシンカに謝るべきです。,
d0e81a4acd55cfac60c2aa1bec155c08.bundle,說服采欣完成程芳對話,Say,シュン･ゴ,26,……そんなことをして何になるのですか？,
d0e81a4acd55cfac60c2aa1bec155c08.bundle,說服采欣完成程芳對話,Branch,#Simple,27,彼女が少しでも楽になると思います。,
d0e81a4acd55cfac60c2aa1bec155c08.bundle,說服采欣完成程芳對話,Say,シュン･ゴ,27,……,
d0e81a4acd55cfac60c2aa1bec155c08.bundle,說服采欣完成程芳對話,Branch,#Simple,28,利用もしたが、本気で心配もしているとわからせるためです。,
d0e81a4acd55cfac60c2aa1bec155c08.bundle,說服采欣完成程芳對話,Say,シュン･ゴ,28,私は彼女を利用なんて……,
d0e81a4acd55cfac60c2aa1bec155c08.bundle,說服采欣完成程芳對話,Say,シュン･ゴ,29,……,
d0e81a4acd55cfac60c2aa1bec155c08.bundle,說服采欣完成程芳對話,Say,シュン･ゴ,30,私は……,
d0e81a4acd55cfac60c2aa1bec155c08.bundle,說服采欣完成程芳對話,Say,シュン･ゴ,31,わかりました。,
d0e81a4acd55cfac60c2aa1bec155c08.bundle,說服采欣完成程芳對話,Say,シュン･ゴ,32,あなたに感謝します。見ないふりをしていた問題を指摘してくれて。,
d0e81a4acd55cfac60c2aa1bec155c08.bundle,說服采欣完成程芳對話,Say,シュン･ゴ,33,どうも私は、こういうことが苦手で……,
d0e81a4acd55cfac60c2aa1bec155c08.bundle,說服采欣完成程芳對話,Say,シュン･ゴ,34,約束します、後でちゃんとシンカと話します。,
d0e81a4acd55cfac60c2aa1bec155c08.bundle,說服采欣完成程芳對話,Say,心の声,0,少し落ち込んでいるようだ。,
d0e81a4acd55cfac60c2aa1bec155c08.bundle,說服采欣完成程芳對話,Branch,#Simple,29,……,
d0e81a4acd55cfac60c2aa1bec155c08.bundle,說服采欣完成程芳對話,Branch,#Simple,30,ええ、それがいいと思います。,
d0e81a4acd55cfac60c2aa1bec155c08.bundle,說服采欣完成程芳對話,Branch,#Simple,31,……,
d0e81a4acd55cfac60c2aa1bec155c08.bundle,說服采欣完成程芳對話,Say,シュン･ゴ,35,……,
d0e81a4acd55cfac60c2aa1bec155c08.bundle,說服采欣完成程芳對話,Say,シュン･ゴ,36,ジェイ、私は最大限に努力し、現在の状況を良くしようと動いてるつもりです。,
d0e81a4acd55cfac60c2aa1bec155c08.bundle,說服采欣完成程芳對話,Branch,#Simple,32,はい、わかっています。,
d0e81a4acd55cfac60c2aa1bec155c08.bundle,說服采欣完成程芳對話,Say,シュン･ゴ,37,ありがとうございます。,
d0e81a4acd55cfac60c2aa1bec155c08.bundle,說服采欣完成程芳對話,Branch,#Simple,33,でも、まだできることはあると思います。,
d0e81a4acd55cfac60c2aa1bec155c08.bundle,說服采欣完成程芳對話,Say,シュン･ゴ,38,……,
d0e81a4acd55cfac60c2aa1bec155c08.bundle,說服采欣完成程芳對話,Say,シュン･ゴ,39,……そうかもしれませんね。,
d0e81a4acd55cfac60c2aa1bec155c08.bundle,說服采欣完成程芳對話,Branch,#Simple,34,……,
d0e81a4acd55cfac60c2aa1bec155c08.bundle,說服采欣完成程芳對話,Branch,#Simple,35,すみません、今のは気にしないでください。,
d0e81a4acd55cfac60c2aa1bec155c08.bundle,說服采欣完成程芳對話,Say,シュン･ゴ,40,……,
d0e81a4acd55cfac60c2aa1bec155c08.bundle,說服采欣完成程芳對話,Say,シュン･ゴ,41,わかりました。,
d0e81a4acd55cfac60c2aa1bec155c08.bundle,說服采欣完成程芳對話,Say,シュン･ゴ,42,他に言いたいことはありますか？,
d0e81a4acd55cfac60c2aa1bec155c08.bundle,說服采欣完成程芳對話,Say,シュン･ゴ,43,……,
d0e81a4acd55cfac60c2aa1bec155c08.bundle,說服采欣完成程芳對話,Say,シュン･ゴ,44,シンカの資料が届き次第、それを分析して整理する時間が必要です。,
d0e81a4acd55cfac60c2aa1bec155c08.bundle,說服采欣完成程芳對話,Say,シュン･ゴ,45,それと、執行官とホールで会う約束をしています。,
d0e81a4acd55cfac60c2aa1bec155c08.bundle,說服采欣完成程芳對話,Say,シュン･ゴ,46,まだ来ていないとは思いますが、そこで待っていても構いませんからね。,
d0e81a4acd55cfac60c2aa1bec155c08.bundle,說服采欣完成程芳對話,Say,シュン･ゴ,47,では、また後で。,
d0e81a4acd55cfac60c2aa1bec155c08.bundle,說服采欣完成程芳對話,Say,シュン･ゴ,48,失礼します。,
d0e81a4acd55cfac60c2aa1bec155c08.bundle,說服采欣完成程芳對話,Branch,#Simple,36,すみません。失敗しました。,
d0e81a4acd55cfac60c2aa1bec155c08.bundle,說服采欣完成程芳對話,Branch,#Simple,37,シンカは協力に応じてくれませんでした。,
d0e81a4acd55cfac60c2aa1bec155c08.bundle,說服采欣完成程芳對話,Say,シュン･ゴ,49,……,
d0e81a4acd55cfac60c2aa1bec155c08.bundle,說服采欣完成程芳對話,Say,シュン･ゴ,50,……,
d0e81a4acd55cfac60c2aa1bec155c08.bundle,說服采欣完成程芳對話,Branch,#Simple,38,チーフ？,
d0e81a4acd55cfac60c2aa1bec155c08.bundle,說服采欣完成程芳對話,Branch,#Simple,39,すみません。,
d0e81a4acd55cfac60c2aa1bec155c08.bundle,說服采欣完成程芳對話,Branch,#Simple,40,……,
d0e81a4acd55cfac60c2aa1bec155c08.bundle,說服采欣完成程芳對話,Say,シュン･ゴ,51,……,
d0e81a4acd55cfac60c2aa1bec155c08.bundle,說服采欣完成程芳對話,Say,シュン･ゴ,52,すみません。,
d0e81a4acd55cfac60c2aa1bec155c08.bundle,說服采欣完成程芳對話,Say,シュン･ゴ,53,他の案を考えていました。,
d0e81a4acd55cfac60c2aa1bec155c08.bundle,說服采欣完成程芳對話,Branch,#Simple,41,何かありましたか？,
d0e81a4acd55cfac60c2aa1bec155c08.bundle,說服采欣完成程芳對話,Say,シュン･ゴ,54,いいえ。,
d0e81a4acd55cfac60c2aa1bec155c08.bundle,說服采欣完成程芳對話,Branch,#Simple,42,……,
d0e81a4acd55cfac60c2aa1bec155c08.bundle,說服采欣完成程芳對話,Say,シュン･ゴ,55,シンカに断られたのは、予想外でした。,
d0e81a4acd55cfac60c2aa1bec155c08.bundle,說服采欣完成程芳對話,Say,シュン･ゴ,56,一刻も早く、調整しなければ……,
d0e81a4acd55cfac60c2aa1bec155c08.bundle,說服采欣完成程芳對話,Say,心の声,1,……,
d0e81a4acd55cfac60c2aa1bec155c08.bundle,說服采欣完成程芳對話,Say,シュン･ゴ,57,それと、執行官とホールで会う約束をしています。,
d0e81a4acd55cfac60c2aa1bec155c08.bundle,說服采欣完成程芳對話,Say,シュン･ゴ,58,まだ来ていないとは思いますが、そこで待っていても構いませんからね。,
d0e81a4acd55cfac60c2aa1bec155c08.bundle,說服采欣完成程芳對話,Say,シュン･ゴ,59,では、また後で。,
d0e81a4acd55cfac60c2aa1bec155c08.bundle,說服采欣完成程芳對話,Say,シュン･ゴ,60,失礼します。,
d0e81a4acd55cfac60c2aa1bec155c08.bundle,說服采欣完成程芳對話,Say,心の声,2,切られた。,
d0e81a4acd55cfac60c2aa1bec155c08.bundle,說服采欣完成程芳對話,Say,リン･テイ,12,驚いたわ……,
d0e81a4acd55cfac60c2aa1bec155c08.bundle,說服采欣完成程芳對話,Say,リン･テイ,13,ジェイ、いつからそんなに慰め上手になったの？,
d0e81a4acd55cfac60c2aa1bec155c08.bundle,說服采欣完成程芳對話,Branch,#Simple,43,俺が？,
d0e81a4acd55cfac60c2aa1bec155c08.bundle,說服采欣完成程芳對話,Say,リン･テイ,14,そう、さっきシュン･ゴに言った言葉……,
d0e81a4acd55cfac60c2aa1bec155c08.bundle,說服采欣完成程芳對話,Branch,#Simple,44,俺も日々、学んでいるからな。,
d0e81a4acd55cfac60c2aa1bec155c08.bundle,說服采欣完成程芳對話,Branch,#Simple,45,……,
d0e81a4acd55cfac60c2aa1bec155c08.bundle,說服采欣完成程芳對話,Say,リン･テイ,15,……,
d0e81a4acd55cfac60c2aa1bec155c08.bundle,說服采欣完成程芳對話,Say,リン･テイ,16,この数日間で、あなたはすごく変わったわ……,
d0e81a4acd55cfac60c2aa1bec155c08.bundle,說服采欣完成程芳對話,Say,リン･テイ,17,そういえば！,
d0e81a4acd55cfac60c2aa1bec155c08.bundle,說服采欣完成程芳對話,Say,リン･テイ,18,セイワ･ゲンとの面会まで結構時間があるって言われたわよね？,
d0e81a4acd55cfac60c2aa1bec155c08.bundle,說服采欣完成程芳對話,Branch,#Simple,46,そう言ってたな。,
d0e81a4acd55cfac60c2aa1bec155c08.bundle,說服采欣完成程芳對話,Say,リン･テイ,19,そうよね。,
d0e81a4acd55cfac60c2aa1bec155c08.bundle,說服采欣完成程芳對話,Branch,#Simple,47,何かあったのか？,
d0e81a4acd55cfac60c2aa1bec155c08.bundle,說服采欣完成程芳對話,Say,リン･テイ,20,いえ、大丈夫。,
d0e81a4acd55cfac60c2aa1bec155c08.bundle,說服采欣完成程芳對話,Branch,#Simple,48,……,
d0e81a4acd55cfac60c2aa1bec155c08.bundle,說服采欣完成程芳對話,Say,リン･テイ,21,契約の時間に影響がないか確認したかったの。,
d0e81a4acd55cfac60c2aa1bec155c08.bundle,說服采欣完成程芳對話,Say,リン･テイ,22,まだ時間に余裕はあるから、大丈夫だと思うよ。,
d0e81a4acd55cfac60c2aa1bec155c08.bundle,說服采欣完成程芳對話,Say,リン･テイ,23,しばらくは自由行動しても大丈夫よ。,
d0e81a4acd55cfac60c2aa1bec155c08.bundle,說服采欣完成程芳對話,Say,リン･テイ,24,もし本当にやることがないなら、シュン･ゴの言う通り、1Fのホールでセイワ･ゲンを待つのもアリね。,
d0e81a4acd55cfac60c2aa1bec155c08.bundle,跟隆生確認怎麼簽約,Say,リュウセイ･チョウ,0,よっ！ジェイの兄貴！,
d0e81a4acd55cfac60c2aa1bec155c08.bundle,跟隆生確認怎麼簽約,Branch,#Simple,0,よっ。,
d0e81a4acd55cfac60c2aa1bec155c08.bundle,跟隆生確認怎麼簽約,Branch,#Simple,1,状況はどうだ？,
d0e81a4acd55cfac60c2aa1bec155c08.bundle,跟隆生確認怎麼簽約,Say,リュウセイ･チョウ,1,さあ、でもリンさんが言うには、スイ姉たちはもう戻って来てるらしいっす。,
d0e81a4acd55cfac60c2aa1bec155c08.bundle,跟隆生確認怎麼簽約,Branch,#Simple,2,……,
d0e81a4acd55cfac60c2aa1bec155c08.bundle,跟隆生確認怎麼簽約,Say,スイ･ニン,0,ただ……,
d0e81a4acd55cfac60c2aa1bec155c08.bundle,跟隆生確認怎麼簽約,Say,23,0,ただいま！,
d0e81a4acd55cfac60c2aa1bec155c08.bundle,跟隆生確認怎麼簽約,Branch,#Simple,3,23号？,
d0e81a4acd55cfac60c2aa1bec155c08.bundle,跟隆生確認怎麼簽約,Say,23,1,そう、うちよ！,
d0e81a4acd55cfac60c2aa1bec155c08.bundle,跟隆生確認怎麼簽約,Branch,#Simple,4,遅すぎないか？,
d0e81a4acd55cfac60c2aa1bec155c08.bundle,跟隆生確認怎麼簽約,Say,23,2,だって大変だったんだもん。,
d0e81a4acd55cfac60c2aa1bec155c08.bundle,跟隆生確認怎麼簽約,Branch,#Simple,5,……,
d0e81a4acd55cfac60c2aa1bec155c08.bundle,跟隆生確認怎麼簽約,Say,23,3,リンリンはしっかりやってくれたみたいね！やっぱりうちの目に狂いはない！,
d0e81a4acd55cfac60c2aa1bec155c08.bundle,跟隆生確認怎麼簽約,Say,リン･テイ,0,ハハ……結構大変だったけどね。,
d0e81a4acd55cfac60c2aa1bec155c08.bundle,跟隆生確認怎麼簽約,Say,23,4,お？協力してくれそうなターゲットを見つけてくれたみたいだね。,
d0e81a4acd55cfac60c2aa1bec155c08.bundle,跟隆生確認怎麼簽約,Say,23,5,あっ……,
d0e81a4acd55cfac60c2aa1bec155c08.bundle,跟隆生確認怎麼簽約,Say,23,6,でも、取り消されてるね。,
d0e81a4acd55cfac60c2aa1bec155c08.bundle,跟隆生確認怎麼簽約,Say,リン･テイ,1,面談の時に気づかれそうだったから、候補から外したの……,
d0e81a4acd55cfac60c2aa1bec155c08.bundle,跟隆生確認怎麼簽約,Say,23,7,そう。それは仕方ないね。,
d0e81a4acd55cfac60c2aa1bec155c08.bundle,跟隆生確認怎麼簽約,Say,23,8,慎重に動くのは大事よ！,
d0e81a4acd55cfac60c2aa1bec155c08.bundle,跟隆生確認怎麼簽約,Say,23,9,よくやった！リンリン！,
d0e81a4acd55cfac60c2aa1bec155c08.bundle,跟隆生確認怎麼簽約,Say,リン･テイ,2,ターゲットをしっかりチェックしたから、多分大丈夫だとは思うけど……,
d0e81a4acd55cfac60c2aa1bec155c08.bundle,跟隆生確認怎麼簽約,Say,23,10,大丈夫！大丈夫！,
d0e81a4acd55cfac60c2aa1bec155c08.bundle,跟隆生確認怎麼簽約,Say,23,11,よくやった！,
d0e81a4acd55cfac60c2aa1bec155c08.bundle,跟隆生確認怎麼簽約,Say,23,12,さて、ターゲットに選んだのは……,
d0e81a4acd55cfac60c2aa1bec155c08.bundle,跟隆生確認怎麼簽約,Say,23,13,シミン･ラクね。,
d0e81a4acd55cfac60c2aa1bec155c08.bundle,跟隆生確認怎麼簽約,Say,リン･テイ,3,うん。,
d0e81a4acd55cfac60c2aa1bec155c08.bundle,跟隆生確認怎麼簽約,Say,23,14,よし、これなら二人に話が聞けるね。お手柄よ、リンリン！,
d0e81a4acd55cfac60c2aa1bec155c08.bundle,跟隆生確認怎麼簽約,Say,リン･テイ,4,ハハハ……,
d0e81a4acd55cfac60c2aa1bec155c08.bundle,跟隆生確認怎麼簽約,Say,リュウセイ･チョウ,2,僕もジェイの兄貴も頑張ってたっすよ！,
d0e81a4acd55cfac60c2aa1bec155c08.bundle,跟隆生確認怎麼簽約,Branch,#Simple,6,その通りだ。,
d0e81a4acd55cfac60c2aa1bec155c08.bundle,跟隆生確認怎麼簽約,Branch,#Simple,7,……,
d0e81a4acd55cfac60c2aa1bec155c08.bundle,跟隆生確認怎麼簽約,Say,23,15,……,
d0e81a4acd55cfac60c2aa1bec155c08.bundle,跟隆生確認怎麼簽約,Say,23,16,とりあえず、作戦会議をしようか！,
d0e81a4acd55cfac60c2aa1bec155c08.bundle,跟隆生確認怎麼簽約,Say,リュウセイ･チョウ,3,ちょっと！！！無視っすか！？,
d0e81a4acd55cfac60c2aa1bec155c08.bundle,跟隆生確認怎麼簽約,Say,23,17,アハハ。,
d0e81a4acd55cfac60c2aa1bec155c08.bundle,跟隆生確認怎麼簽約,Say,スイ･ニン,1,ここからが本番だ。油断はするな。,
d0e81a4acd55cfac60c2aa1bec155c08.bundle,跟隆生確認怎麼簽約,Say,スイ･ニン,2,ここで、できるだけ情報を手に入れるんだ。,
d0e81a4acd55cfac60c2aa1bec155c08.bundle,跟隆生確認怎麼簽約,Say,23,18,とりあえず、契約室に入って！,
d0e81a4acd55cfac60c2aa1bec155c08.bundle,車上會合,Say,スイ･ニン,0,23号、出発してくれ。,
d0e81a4acd55cfac60c2aa1bec155c08.bundle,車上會合,Branch,#Simple,0,待て。どこに行くんだ？,
d0e81a4acd55cfac60c2aa1bec155c08.bundle,車上會合,Say,スイ･ニン,1,6番沈没予定エリアの廃棄工場だ。,
d0e81a4acd55cfac60c2aa1bec155c08.bundle,車上會合,Branch,#Simple,1,……,
d0e81a4acd55cfac60c2aa1bec155c08.bundle,車上會合,Say,スイ･ニン,2,ジェイ、リンはもう一つの拠点に移動してもらった,
d0e81a4acd55cfac60c2aa1bec155c08.bundle,車上會合,Say,スイ･ニン,3,今回は全員が駆り出されているから、彼女を守れる人がいない。,
d0e81a4acd55cfac60c2aa1bec155c08.bundle,車上會合,Say,23,0,それに君は、今日セイワ･ゲンに、リンリンとの関係を話したでしょう？,
d0e81a4acd55cfac60c2aa1bec155c08.bundle,車上會合,Say,23,1,君の情報から、家を調べられる可能性がある。,
d0e81a4acd55cfac60c2aa1bec155c08.bundle,車上會合,Say,スイ･ニン,4,いくつか手は打っているが、何が起きるかはわからない。,
d0e81a4acd55cfac60c2aa1bec155c08.bundle,車上會合,Say,スイ･ニン,5,二度とこんなミスは犯すな。,
d0e81a4acd55cfac60c2aa1bec155c08.bundle,車上會合,Branch,#Simple,2,わかった。,
d0e81a4acd55cfac60c2aa1bec155c08.bundle,車上會合,Say,スイ･ニン,6,よろしい。,
d0e81a4acd55cfac60c2aa1bec155c08.bundle,車上會合,Branch,#Simple,3,あのクズのせいで……,
d0e81a4acd55cfac60c2aa1bec155c08.bundle,車上會合,Say,スイ･ニン,7,ああ、確かに元凶は彼だ。,
d0e81a4acd55cfac60c2aa1bec155c08.bundle,車上會合,Say,スイ･ニン,8,だが、自分の感情をコントロールできない君も悪い。,
d0e81a4acd55cfac60c2aa1bec155c08.bundle,車上會合,Say,リュウセイ･チョウ,0,ちょ、ちょっと待ってくださいっす……,
d0e81a4acd55cfac60c2aa1bec155c08.bundle,車上會合,Say,リュウセイ･チョウ,1,一体どういう状況っすか？,
d0e81a4acd55cfac60c2aa1bec155c08.bundle,車上會合,Say,スイ･ニン,9,先程、君たちを襲ったのは「ゴミ溜め」のヤクザ「ホワイトスコーピオン」だ。,
d0e81a4acd55cfac60c2aa1bec155c08.bundle,車上會合,Say,スイ･ニン,10,23号が彼らを調べた結果、子どもの人身売買に関わっていることがわかった。,
d0e81a4acd55cfac60c2aa1bec155c08.bundle,車上會合,Say,スイ･ニン,11,それに助っ人が、子どもたちが閉じ込められている場所を見つけた。,
d0e81a4acd55cfac60c2aa1bec155c08.bundle,車上會合,Say,スイ･ニン,12,どうやら、今日が取引日のようだ。,
d0e81a4acd55cfac60c2aa1bec155c08.bundle,車上會合,Say,リュウセイ･チョウ,2,今日っすか？,
d0e81a4acd55cfac60c2aa1bec155c08.bundle,車上會合,Say,カイ･コン,0,今日、買った子どもたちを万象に渡すってこと。,
d0e81a4acd55cfac60c2aa1bec155c08.bundle,車上會合,Say,カイ･コン,1,万象が取引をしていた証拠を手に入れる絶好のチャンスだ。,
d0e81a4acd55cfac60c2aa1bec155c08.bundle,車上會合,Say,スイ･ニン,13,我々の最優先目標は、万象が来る前に、子どもたちを助け出すことだ。,
d0e81a4acd55cfac60c2aa1bec155c08.bundle,車上會合,Say,カイ･コン,2,そして万象が来るのを待ち、現場を押さえるってことか？,
d0e81a4acd55cfac60c2aa1bec155c08.bundle,車上會合,Say,スイ･ニン,14,だめだ。子どもたちの保護が最優先だ。現場に長居はしない。,
d0e81a4acd55cfac60c2aa1bec155c08.bundle,車上會合,Say,カイ･コン,3,スイさんね……,
d0e81a4acd55cfac60c2aa1bec155c08.bundle,車上會合,Say,スイ･ニン,15,万象がどれだけの兵力を連れてくるのかわからないから危険だ。,
d0e81a4acd55cfac60c2aa1bec155c08.bundle,車上會合,Say,カイ･コン,4,何人来ようと、君一人で片づけられるだろう？,
d0e81a4acd55cfac60c2aa1bec155c08.bundle,車上會合,Say,スイ･ニン,16,彼らは傭兵を雇っている。,
d0e81a4acd55cfac60c2aa1bec155c08.bundle,車上會合,Say,スイ･ニン,17,多勢に無勢、私たちが殲滅される可能性も十分にある。,
d0e81a4acd55cfac60c2aa1bec155c08.bundle,車上會合,Say,スイ･ニン,18,君にそのリスクを背負う覚悟があるのか？,
d0e81a4acd55cfac60c2aa1bec155c08.bundle,車上會合,Say,カイ･コン,5,それは……,
d0e81a4acd55cfac60c2aa1bec155c08.bundle,車上會合,Say,スイ･ニン,19,死にたいなら、勝手にするといい。,
d0e81a4acd55cfac60c2aa1bec155c08.bundle,車上會合,Say,カイ･コン,6,……,
d0e81a4acd55cfac60c2aa1bec155c08.bundle,車上會合,Say,カイ･コン,7,……わかった。わかったよ。,
d0e81a4acd55cfac60c2aa1bec155c08.bundle,車上會合,Say,23,2,さっきシミン･ラクから聞き出した名前から、彼女が子どもを預けた人物を特定したよ。,
d0e81a4acd55cfac60c2aa1bec155c08.bundle,車上會合,Say,23,3,子どもを引き渡した場所の監視カメラも見つけた。,
d0e81a4acd55cfac60c2aa1bec155c08.bundle,車上會合,Say,23,4,現場近くでずっと張り込みをしてる車を見つけたの。,
d0e81a4acd55cfac60c2aa1bec155c08.bundle,車上會合,Say,23,5,おそらく、ホワイトリザードたちの車よ。,
d0e81a4acd55cfac60c2aa1bec155c08.bundle,車上會合,Say,スイ･ニン,20,根拠は？,
d0e81a4acd55cfac60c2aa1bec155c08.bundle,車上會合,Say,23,6,車に乗ってた人の姿が監視カメラに写ってた。,
d0e81a4acd55cfac60c2aa1bec155c08.bundle,車上會合,Say,23,7,シントク･チン、指名手配中の元傭兵よ。,
d0e81a4acd55cfac60c2aa1bec155c08.bundle,車上會合,Say,23,8,それとその車、すごく特殊なのよね。,
d0e81a4acd55cfac60c2aa1bec155c08.bundle,車上會合,Say,スイ･ニン,21,どんな車だ？,
d0e81a4acd55cfac60c2aa1bec155c08.bundle,車上會合,Say,23,9,さっき契約室で聞き出した車についてだけど……,
d0e81a4acd55cfac60c2aa1bec155c08.bundle,車上會合,Say,23,10,ショウブン･チンが言ってた言葉を覚えてる？,
d0e81a4acd55cfac60c2aa1bec155c08.bundle,車上會合,Branch,#Simple,4,もちろん。,
d0e81a4acd55cfac60c2aa1bec155c08.bundle,車上會合,Say,23,11,よかった。,
d0e81a4acd55cfac60c2aa1bec155c08.bundle,車上會合,Branch,#Simple,5,何の話だ？,
d0e81a4acd55cfac60c2aa1bec155c08.bundle,車上會合,Say,23,12,取引現場で変な車を見たって言ってたでしょう？,
d0e81a4acd55cfac60c2aa1bec155c08.bundle,車上會合,Say,23,13,彼が子どもを引き渡した場所の監視カメラの映像を調べたら、その車を見つけたの。,
d0e81a4acd55cfac60c2aa1bec155c08.bundle,車上會合,Say,23,14,RX84、軽装甲防弾装甲車よ。,
d0e81a4acd55cfac60c2aa1bec155c08.bundle,車上會合,Say,スイ･ニン,22,軍用車？,
d0e81a4acd55cfac60c2aa1bec155c08.bundle,車上會合,Say,23,15,うん、しかも外国のもの。,
d0e81a4acd55cfac60c2aa1bec155c08.bundle,車上會合,Say,23,16,でも、この国では輸入が禁止されているはず。,
d0e81a4acd55cfac60c2aa1bec155c08.bundle,車上會合,Branch,#Simple,6,それは、どうしてだ？,
d0e81a4acd55cfac60c2aa1bec155c08.bundle,車上會合,Say,スイ･ニン,23,自動追尾マシンガンが4基も装備されているからよ。,
d0e81a4acd55cfac60c2aa1bec155c08.bundle,車上會合,Say,リュウセイ･チョウ,3,マジっすか。,
d0e81a4acd55cfac60c2aa1bec155c08.bundle,車上會合,Say,スイ･ニン,24,外国では、ほとんど要人保護の目的でしか、使われない車だ。,
d0e81a4acd55cfac60c2aa1bec155c08.bundle,車上會合,Say,スイ･ニン,25,それにこの国では、流通が禁止されているはずだ。,
d0e81a4acd55cfac60c2aa1bec155c08.bundle,車上會合,Say,23,17,政府は自動追尾武器の制限を厳しくしているからね。,
d0e81a4acd55cfac60c2aa1bec155c08.bundle,車上會合,Branch,#Simple,7,……,
d0e81a4acd55cfac60c2aa1bec155c08.bundle,車上會合,Say,23,18,簡単に言えば、その車は密輸品よ。,
d0e81a4acd55cfac60c2aa1bec155c08.bundle,車上會合,Say,スイ･ニン,26,だから監視ネットワークを使えば、すぐに居場所を特定できるはずだ……,
d0e81a4acd55cfac60c2aa1bec155c08.bundle,車上會合,Say,スイ･ニン,27,23号？,
d0e81a4acd55cfac60c2aa1bec155c08.bundle,車上會合,Say,23,19,見つけたよ。今、タンカーの9番道路を走ってる。,
d0e81a4acd55cfac60c2aa1bec155c08.bundle,車上會合,Say,23,20,時速50kmで走ってる。渋滞しているみたいね。,
d0e81a4acd55cfac60c2aa1bec155c08.bundle,車上會合,Say,スイ･ニン,28,タンカーの9番……,
d0e81a4acd55cfac60c2aa1bec155c08.bundle,車上會合,Say,スイ･ニン,29,レベル3エリアだな。演算力の供給が少ないから、交通システムにも遅れがあるはずだ。,
d0e81a4acd55cfac60c2aa1bec155c08.bundle,車上會合,Say,23,21,うん。だから、しばらくは渋滞に捕まって動けないと思う。今、時間がどのくらいかかりそうか、計算してる。,
d0e81a4acd55cfac60c2aa1bec155c08.bundle,車上會合,Say,スイ･ニン,30,わかった。,
d0e81a4acd55cfac60c2aa1bec155c08.bundle,車上會合,Say,スイ･ニン,31,武装レベルどうだ？,
d0e81a4acd55cfac60c2aa1bec155c08.bundle,車上會合,Say,23,22,わからない。車にステルス塗装がされているし、赤外線も通らない。,
d0e81a4acd55cfac60c2aa1bec155c08.bundle,車上會合,Say,23,23,本来なら、こんな密輸車が走ってたらすぐ通報されるよ。,
d0e81a4acd55cfac60c2aa1bec155c08.bundle,車上會合,Say,スイ･ニン,32,そうだな。,
d0e81a4acd55cfac60c2aa1bec155c08.bundle,車上會合,Say,23,24,でも車の沈み具合からして……,
d0e81a4acd55cfac60c2aa1bec155c08.bundle,車上會合,Say,23,25,フル装備の傭兵が7、8人乗ってるか、火力型のロボットが乗ってるかだね。,
d0e81a4acd55cfac60c2aa1bec155c08.bundle,車上會合,Say,23,26,どっちにしろ、太刀打ちできないよ。,
d0e81a4acd55cfac60c2aa1bec155c08.bundle,車上會合,Say,カイ･コン,8,太刀打ちできない？俺ら二人がいれば……,
d0e81a4acd55cfac60c2aa1bec155c08.bundle,車上會合,Say,23,27,全く同じ車があと5台もあるからね。,
d0e81a4acd55cfac60c2aa1bec155c08.bundle,車上會合,Say,カイ･コン,9,なっ……！？,
d0e81a4acd55cfac60c2aa1bec155c08.bundle,車上會合,Say,23,28,しかも全員、私たちが行く場所へ向かっている。,
d0e81a4acd55cfac60c2aa1bec155c08.bundle,車上會合,Say,カイ･コン,10,……どういうことだ？子どもを受け取るだけなのに、そこまでする必要があるのか？,
d0e81a4acd55cfac60c2aa1bec155c08.bundle,車上會合,Say,スイ･ニン,33,彼らにとって、子どもたちはかなり重要らしい。,
d0e81a4acd55cfac60c2aa1bec155c08.bundle,車上會合,Say,スイ･ニン,34,傭兵たちは後どれくらいで着く？,
d0e81a4acd55cfac60c2aa1bec155c08.bundle,車上會合,Say,23,29,早くても2時間はかかるはずよ。,
d0e81a4acd55cfac60c2aa1bec155c08.bundle,車上會合,Say,スイ･ニン,35,よし、まだ時間はある。,
d0e81a4acd55cfac60c2aa1bec155c08.bundle,車上會合,Say,スイ･ニン,36,彼らとの接触を避けながら、救出を迅速に行う。,
d0e81a4acd55cfac60c2aa1bec155c08.bundle,車上會合,Say,スイ･ニン,37,ジェイ、リュウセイ、情報を聞き出してくれてありがとう。,
d0e81a4acd55cfac60c2aa1bec155c08.bundle,車上會合,Say,スイ･ニン,38,よくやった、お手柄だ。,
d0e81a4acd55cfac60c2aa1bec155c08.bundle,車上會合,Say,リュウセイ･チョウ,4,どうってことないっすよ！,
d0e81a4acd55cfac60c2aa1bec155c08.bundle,車上會合,Branch,#Simple,8,ああ。,
d0e81a4acd55cfac60c2aa1bec155c08.bundle,車上會合,Branch,#Simple,9,あんたたちの指示通りに動いただけだ。,
d0e81a4acd55cfac60c2aa1bec155c08.bundle,車上會合,Branch,#Simple,10,……,
d0e81a4acd55cfac60c2aa1bec155c08.bundle,車上會合,Say,カイ･コン,11,よっ、現場に着いたぞ。,
d0e81a4acd55cfac60c2aa1bec155c08.bundle,車上會合,Say,カイ･コン,12,軽く偵察してくる。,
d0e81a4acd55cfac60c2aa1bec155c08.bundle,車上會合,Say,スイ･ニン,39,我々の到着を待ってから行動してくれ。絶対に気づかれるな。,
d0e81a4acd55cfac60c2aa1bec155c08.bundle,車上會合,Say,カイ･コン,13,了解～,
d0e81a4acd55cfac60c2aa1bec155c08.bundle,車上會合,Say,心の声,0,通信を切りやがった。,
d0e81a4acd55cfac60c2aa1bec155c08.bundle,車上會合,Say,スイ･ニン,40,こいつ……,
d0e81a4acd55cfac60c2aa1bec155c08.bundle,車上會合,Say,リュウセイ･チョウ,5,邪魔してきたりしないっすよね……,
d0e81a4acd55cfac60c2aa1bec155c08.bundle,車上會合,Say,23,30,私たちの邪魔をしてもメリットはないはずよ。,
d0e81a4acd55cfac60c2aa1bec155c08.bundle,車上會合,Say,23,31,今のところはね……,
d0e81a4acd55cfac60c2aa1bec155c08.bundle,車上會合,Say,スイ･ニン,41,ジェイ、リュウセイ……,
d0e81a4acd55cfac60c2aa1bec155c08.bundle,車上會合,Say,スイ･ニン,42,君たちにもう一つ言っておくことがある。,
d0e81a4acd55cfac60c2aa1bec155c08.bundle,車上會合,Say,スイ･ニン,43,我々の内部から情報が漏れている。,
d0e81a4acd55cfac60c2aa1bec155c08.bundle,車上會合,Say,スイ･ニン,44,君たちが今日、あの男に会ったのが一番の証拠だ。,
d0e81a4acd55cfac60c2aa1bec155c08.bundle,車上會合,Say,リュウセイ･チョウ,6,……皆を疑ってるっすか？,
d0e81a4acd55cfac60c2aa1bec155c08.bundle,車上會合,Say,スイ･ニン,45,実際に万象は、昨日のオペレーションコアの作戦を完全に把握していた。,
d0e81a4acd55cfac60c2aa1bec155c08.bundle,車上會合,Say,リュウセイ･チョウ,7,ただ警備の増員をしただけで、知られていたとは限らないっすよね？,
d0e81a4acd55cfac60c2aa1bec155c08.bundle,車上會合,Say,スイ･ニン,46,リュウセイ、彼らがフル武装の傭兵を現場に配置した理由は何だ？,
d0e81a4acd55cfac60c2aa1bec155c08.bundle,車上會合,Say,リュウセイ･チョウ,8,別におかしくはないっすよ。実際に彼らは、オペレーションコアに大事なものを隠してたっすよね？,
d0e81a4acd55cfac60c2aa1bec155c08.bundle,車上會合,Say,リュウセイ･チョウ,9,……どうしてスイ姉は、いつもそんなに疑うっすか？,
d0e81a4acd55cfac60c2aa1bec155c08.bundle,車上會合,Say,23,32,リュウセイ……,
d0e81a4acd55cfac60c2aa1bec155c08.bundle,車上會合,Say,リュウセイ･チョウ,10,どうしていつも、裏切りえおそこまで警戒してるっすか？,
d0e81a4acd55cfac60c2aa1bec155c08.bundle,車上會合,Say,23,33,リュウセイ……,
d0e81a4acd55cfac60c2aa1bec155c08.bundle,車上會合,Say,リュウセイ･チョウ,11,ここまで一緒に頑張ってきた仲じゃないっすか……,
d0e81a4acd55cfac60c2aa1bec155c08.bundle,車上會合,Say,23,34,リュウセイ！！！,
d0e81a4acd55cfac60c2aa1bec155c08.bundle,車上會合,Say,リュウセイ･チョウ,12,……,
d0e81a4acd55cfac60c2aa1bec155c08.bundle,車上會合,Say,23,35,これはあんたには関係ないことよ。それに誰も裏切ってなんかいない。,
d0e81a4acd55cfac60c2aa1bec155c08.bundle,車上會合,Say,23,36,……さっき、リンリンの足に小型盗聴器が仕掛けられているのを見つけたの。,
d0e81a4acd55cfac60c2aa1bec155c08.bundle,車上會合,Say,リュウセイ･チョウ,13,本当っすか！？,
d0e81a4acd55cfac60c2aa1bec155c08.bundle,車上會合,Say,心の声,1,なにっ！？,
d0e81a4acd55cfac60c2aa1bec155c08.bundle,車上會合,Say,23,37,おそらく、ホワイトリザードが撃った時でしょうね。,
d0e81a4acd55cfac60c2aa1bec155c08.bundle,車上會合,Say,23,38,リンの怪我が、普通の銃傷よりも軽い理由がそれでしょうね。,
d0e81a4acd55cfac60c2aa1bec155c08.bundle,車上會合,Say,リュウセイ･チョウ,14,待ってくださいっす、でも……,
d0e81a4acd55cfac60c2aa1bec155c08.bundle,車上會合,Say,スイ･ニン,47,リンさんの傷口は調べたはずだ。,
d0e81a4acd55cfac60c2aa1bec155c08.bundle,車上會合,Say,スイ･ニン,48,調べたのは君だったな。,
d0e81a4acd55cfac60c2aa1bec155c08.bundle,車上會合,Say,リュウセイ･チョウ,15,でも、そんなのが仕掛けられていたなら、気づいたはず……,
d0e81a4acd55cfac60c2aa1bec155c08.bundle,車上會合,Say,スイ･ニン,49,盗聴器が見つかったのは事実だ。,
d0e81a4acd55cfac60c2aa1bec155c08.bundle,車上會合,Say,リュウセイ･チョウ,16,……,
d0e81a4acd55cfac60c2aa1bec155c08.bundle,車上會合,Say,リュウセイ･チョウ,17,僕は……,
d0e81a4acd55cfac60c2aa1bec155c08.bundle,車上會合,Say,スイ･ニン,50,リュウセイ……,
d0e81a4acd55cfac60c2aa1bec155c08.bundle,車上會合,Say,スイ･ニン,51,君はただ見つかるわけがないと思い続けているだけだ。,
d0e81a4acd55cfac60c2aa1bec155c08.bundle,車上會合,Say,スイ･ニン,52,重要なのは、情報が漏れていた原因は突き止められ、それを排除したということだ。,
d0e81a4acd55cfac60c2aa1bec155c08.bundle,車上會合,Say,リュウセイ･チョウ,18,……,
d0e81a4acd55cfac60c2aa1bec155c08.bundle,車上會合,Say,スイ･ニン,53,リュウセイ、他人からの信用がほしいなら、まずは他人を信用することだ。,
d0e81a4acd55cfac60c2aa1bec155c08.bundle,車上會合,Say,リュウセイ･チョウ,19,……,
d0e81a4acd55cfac60c2aa1bec155c08.bundle,車上會合,Say,スイ･ニン,54,君を信用していないのなら、今回の作戦に呼んではいなかった。,
d0e81a4acd55cfac60c2aa1bec155c08.bundle,車上會合,Say,スイ･ニン,55,君を信用しているから、子どもたちに救出まに君を同行させている。,
d0e81a4acd55cfac60c2aa1bec155c08.bundle,車上會合,Say,リュウセイ･チョウ,20,……はい。,
d0e81a4acd55cfac60c2aa1bec155c08.bundle,車上會合,Say,リュウセイ･チョウ,21,子どもみたいなことを言って、すみませんっす。,
d0e81a4acd55cfac60c2aa1bec155c08.bundle,車上會合,Say,スイ･ニン,56,君はまだ若い。,
d0e81a4acd55cfac60c2aa1bec155c08.bundle,車上會合,Say,23,39,皆。,
d0e81a4acd55cfac60c2aa1bec155c08.bundle,車上會合,Say,23,40,着いたよ。,
d0e81a4acd55cfac60c2aa1bec155c08.bundle,車上會合,Say,スイ･ニン,57,行こう。,
d0e81a4acd55cfac60c2aa1bec155c08.bundle,大廳陪嚴勝和,Say,セイワ･ゲン,0,ジェイ･ダイだな？,
d0e81a4acd55cfac60c2aa1bec155c08.bundle,大廳陪嚴勝和,Branch,#Simple,0,はい。,
d0e81a4acd55cfac60c2aa1bec155c08.bundle,大廳陪嚴勝和,Branch,#Simple,1,はい、一度お会いしています。,
d0e81a4acd55cfac60c2aa1bec155c08.bundle,大廳陪嚴勝和,Say,セイワ･ゲン,1,……,
d0e81a4acd55cfac60c2aa1bec155c08.bundle,大廳陪嚴勝和,Say,心の声,0,そうだ。この場も盗聴器をつけるべきか……,
d0e81a4acd55cfac60c2aa1bec155c08.bundle,大廳陪嚴勝和,Say,心の声,1,確かメイ･ジョは、全ての会話を盗聴しろと言っていたな……,
d0e81a4acd55cfac60c2aa1bec155c08.bundle,大廳陪嚴勝和,Branch,#Simple,2,「盗聴器をつける」,
d0e81a4acd55cfac60c2aa1bec155c08.bundle,大廳陪嚴勝和,Branch,#Simple,3,……,
d0e81a4acd55cfac60c2aa1bec155c08.bundle,大廳陪嚴勝和,Say,セイワ･ゲン,2,イー･テイは後どれくらいで来るんだ？,
d0e81a4acd55cfac60c2aa1bec155c08.bundle,大廳陪嚴勝和,Say,セイワ･ゲン,3,シュン･ゴは後どれくらいで来るんだ？,
d0e81a4acd55cfac60c2aa1bec155c08.bundle,大廳陪嚴勝和,Branch,#Simple,4,わかりません。,
d0e81a4acd55cfac60c2aa1bec155c08.bundle,大廳陪嚴勝和,Say,セイワ･ゲン,4,……,
d0e81a4acd55cfac60c2aa1bec155c08.bundle,大廳陪嚴勝和,Say,セイワ･ゲン,5,そうか。,
d0e81a4acd55cfac60c2aa1bec155c08.bundle,大廳陪嚴勝和,Branch,#Simple,5,彼から聞いていないのですか？,
d0e81a4acd55cfac60c2aa1bec155c08.bundle,大廳陪嚴勝和,Say,セイワ･ゲン,6,ああ。,
d0e81a4acd55cfac60c2aa1bec155c08.bundle,大廳陪嚴勝和,Say,セイワ･ゲン,7,……,
d0e81a4acd55cfac60c2aa1bec155c08.bundle,大廳陪嚴勝和,Say,セイワ･ゲン,8,どうやら君にも言っていないようだな。,
d0e81a4acd55cfac60c2aa1bec155c08.bundle,大廳陪嚴勝和,Branch,#Simple,6,なぜそんなことを聞くんですか？,
d0e81a4acd55cfac60c2aa1bec155c08.bundle,大廳陪嚴勝和,Say,セイワ･ゲン,9,……,
d0e81a4acd55cfac60c2aa1bec155c08.bundle,大廳陪嚴勝和,Say,セイワ･ゲン,10,私は彼と面会の約束をし、ここで待つように言われた。,
d0e81a4acd55cfac60c2aa1bec155c08.bundle,大廳陪嚴勝和,Say,セイワ･ゲン,11,だから、どれくらい待つのかを聞くのは当然だろう？,
d0e81a4acd55cfac60c2aa1bec155c08.bundle,大廳陪嚴勝和,Branch,#Simple,7,そうですね。,
d0e81a4acd55cfac60c2aa1bec155c08.bundle,大廳陪嚴勝和,Branch,#Simple,8,すみません、私にもわかりません。,
d0e81a4acd55cfac60c2aa1bec155c08.bundle,大廳陪嚴勝和,Say,セイワ･ゲン,12,……,
d0e81a4acd55cfac60c2aa1bec155c08.bundle,大廳陪嚴勝和,Say,セイワ･ゲン,13,……,
d0e81a4acd55cfac60c2aa1bec155c08.bundle,大廳陪嚴勝和,Say,セイワ･ゲン,14,……,
d0e81a4acd55cfac60c2aa1bec155c08.bundle,大廳陪嚴勝和,Branch,#Simple,9,チーフの報告はどうでしたか？,
d0e81a4acd55cfac60c2aa1bec155c08.bundle,大廳陪嚴勝和,Say,セイワ･ゲン,15,それは彼が来てから話そう。,
d0e81a4acd55cfac60c2aa1bec155c08.bundle,大廳陪嚴勝和,Branch,#Simple,10,……,
d0e81a4acd55cfac60c2aa1bec155c08.bundle,大廳陪嚴勝和,Say,セイワ･ゲン,16,そういえば、実に偶然だな。,
d0e81a4acd55cfac60c2aa1bec155c08.bundle,大廳陪嚴勝和,Say,セイワ･ゲン,17,まさか、リン･テイ監督官の恋人も万象で働いていたとは。,
d0e81a4acd55cfac60c2aa1bec155c08.bundle,大廳陪嚴勝和,Say,セイワ･ゲン,18,就職難の時代だが、君は裏採用ではないよな？,
d0e81a4acd55cfac60c2aa1bec155c08.bundle,大廳陪嚴勝和,Branch,#Simple,11,違います。,
d0e81a4acd55cfac60c2aa1bec155c08.bundle,大廳陪嚴勝和,Branch,#Simple,12,あなたには関係のないことです。,
d0e81a4acd55cfac60c2aa1bec155c08.bundle,大廳陪嚴勝和,Say,セイワ･ゲン,19,それはどうだろうね。,
d0e81a4acd55cfac60c2aa1bec155c08.bundle,大廳陪嚴勝和,Say,セイワ･ゲン,20,工場の監督官が人事業務を怠っていないか調べるのは、当然の仕事だ。,
d0e81a4acd55cfac60c2aa1bec155c08.bundle,大廳陪嚴勝和,Say,セイワ･ゲン,21,……,
d0e81a4acd55cfac60c2aa1bec155c08.bundle,大廳陪嚴勝和,Branch,#Simple,13,どうでしょう。私にもわかりません。,
d0e81a4acd55cfac60c2aa1bec155c08.bundle,大廳陪嚴勝和,Say,セイワ･ゲン,22,そうか。では、もう少し調べる必要があるな。,
d0e81a4acd55cfac60c2aa1bec155c08.bundle,大廳陪嚴勝和,Say,セイワ･ゲン,23,……,
d0e81a4acd55cfac60c2aa1bec155c08.bundle,大廳陪嚴勝和,Say,セイワ･ゲン,24,ハハハハ！,
d0e81a4acd55cfac60c2aa1bec155c08.bundle,大廳陪嚴勝和,Say,セイワ･ゲン,25,冗談だ。そうかしこまらないでくれ。,
d0e81a4acd55cfac60c2aa1bec155c08.bundle,大廳陪嚴勝和,Say,セイワ･ゲン,26,彼女のことなら、よく知っている。あんなことをする人間じゃない。,
d0e81a4acd55cfac60c2aa1bec155c08.bundle,大廳陪嚴勝和,Say,セイワ･ゲン,27,むしろ彼女のような正義感の強い者が、この業界であそこまでのポジションに上がれるのは、かなり珍しいことだ。,
d0e81a4acd55cfac60c2aa1bec155c08.bundle,大廳陪嚴勝和,Branch,#Simple,14,彼女は凄い人です。,
d0e81a4acd55cfac60c2aa1bec155c08.bundle,大廳陪嚴勝和,Say,セイワ･ゲン,28,もちろんわかっている。,
d0e81a4acd55cfac60c2aa1bec155c08.bundle,大廳陪嚴勝和,Say,セイワ･ゲン,29,私が言いたいのは、彼女はかなりのストレスを感じていたということだ。,
d0e81a4acd55cfac60c2aa1bec155c08.bundle,大廳陪嚴勝和,Branch,#Simple,15,どういうことですか？,
d0e81a4acd55cfac60c2aa1bec155c08.bundle,大廳陪嚴勝和,Say,セイワ･ゲン,30,正義感が強い人間は、この業界で出世しづらいということですか？,
d0e81a4acd55cfac60c2aa1bec155c08.bundle,大廳陪嚴勝和,Say,セイワ･ゲン,31,ハハハ……,
d0e81a4acd55cfac60c2aa1bec155c08.bundle,大廳陪嚴勝和,Say,セイワ･ゲン,32,恥ずかしい話だが……,
d0e81a4acd55cfac60c2aa1bec155c08.bundle,大廳陪嚴勝和,Say,セイワ･ゲン,33,うちの業界は、多少なりとも搾取している部分があるからな。,
d0e81a4acd55cfac60c2aa1bec155c08.bundle,大廳陪嚴勝和,Say,セイワ･ゲン,34,それは認めざるを得ない。,
d0e81a4acd55cfac60c2aa1bec155c08.bundle,大廳陪嚴勝和,Say,セイワ･ゲン,35,業界全体が大なり小なり手を汚している場合……,
d0e81a4acd55cfac60c2aa1bec155c08.bundle,大廳陪嚴勝和,Say,セイワ･ゲン,36,正義感が強く、規則を厳守したがる者がいると……,
d0e81a4acd55cfac60c2aa1bec155c08.bundle,大廳陪嚴勝和,Say,セイワ･ゲン,37,とても目障りなんだ。,
d0e81a4acd55cfac60c2aa1bec155c08.bundle,大廳陪嚴勝和,Branch,#Simple,16,だから彼女を消したんですか？,
d0e81a4acd55cfac60c2aa1bec155c08.bundle,大廳陪嚴勝和,Say,セイワ･ゲン,38,何！？,
d0e81a4acd55cfac60c2aa1bec155c08.bundle,大廳陪嚴勝和,Say,セイワ･ゲン,39,ああ……,
d0e81a4acd55cfac60c2aa1bec155c08.bundle,大廳陪嚴勝和,Say,セイワ･ゲン,40,またその件か。,
d0e81a4acd55cfac60c2aa1bec155c08.bundle,大廳陪嚴勝和,Say,心の声,2,この気持ち悪い顔をぶん殴ってやりたい。,
d0e81a4acd55cfac60c2aa1bec155c08.bundle,大廳陪嚴勝和,Say,セイワ･ゲン,41,そういえば、さっきも君から、このことで非難を受けたね。,
d0e81a4acd55cfac60c2aa1bec155c08.bundle,大廳陪嚴勝和,Say,セイワ･ゲン,42,君は、監督官の身に起きたに私が関わっていると、思っているようだね。,
d0e81a4acd55cfac60c2aa1bec155c08.bundle,大廳陪嚴勝和,Say,心の声,3,……,
d0e81a4acd55cfac60c2aa1bec155c08.bundle,大廳陪嚴勝和,Branch,#Simple,17,……,
d0e81a4acd55cfac60c2aa1bec155c08.bundle,大廳陪嚴勝和,Branch,#Simple,18,……,
d0e81a4acd55cfac60c2aa1bec155c08.bundle,大廳陪嚴勝和,Say,セイワ･ゲン,43,そうだ。,
d0e81a4acd55cfac60c2aa1bec155c08.bundle,大廳陪嚴勝和,Say,セイワ･ゲン,44,さっきは急にメイ･ジョのことを聞いて悪かったな。,
d0e81a4acd55cfac60c2aa1bec155c08.bundle,大廳陪嚴勝和,Say,セイワ･ゲン,45,彼女がここで行っている調査に関して、少し心配していてね。,
d0e81a4acd55cfac60c2aa1bec155c08.bundle,大廳陪嚴勝和,Say,セイワ･ゲン,46,言ったと思うが、彼女の調査方法は少し過激なんだ。,
d0e81a4acd55cfac60c2aa1bec155c08.bundle,大廳陪嚴勝和,Say,セイワ･ゲン,47,万象の演算工場を管理する者として、私も自分の職員を守りたい一心なんだ。,
d0e81a4acd55cfac60c2aa1bec155c08.bundle,大廳陪嚴勝和,Say,心の声,4,なぜ急にこんな話をするんだ……？,
d0e81a4acd55cfac60c2aa1bec155c08.bundle,大廳陪嚴勝和,Say,セイワ･ゲン,48,実は、私でさえ、彼女に調査されたことがあるんだ。,
d0e81a4acd55cfac60c2aa1bec155c08.bundle,大廳陪嚴勝和,Branch,#Simple,19,執行官なら、彼女の調査など恐れるに足りないのでは？,
d0e81a4acd55cfac60c2aa1bec155c08.bundle,大廳陪嚴勝和,Say,セイワ･ゲン,49,いいや、情報セキュリティー部は本社の所属だ。だから、部門関係なく調査できるんだ。,
d0e81a4acd55cfac60c2aa1bec155c08.bundle,大廳陪嚴勝和,Say,セイワ･ゲン,50,私も、彼らの監督対象だよ。,
d0e81a4acd55cfac60c2aa1bec155c08.bundle,大廳陪嚴勝和,Branch,#Simple,20,調査されたんですか？,
d0e81a4acd55cfac60c2aa1bec155c08.bundle,大廳陪嚴勝和,Branch,#Simple,21,……,
d0e81a4acd55cfac60c2aa1bec155c08.bundle,大廳陪嚴勝和,Say,セイワ･ゲン,51,私の秘書の情報漏洩を調査するために、私に対して不適切な調査を沢山したよ。,
d0e81a4acd55cfac60c2aa1bec155c08.bundle,大廳陪嚴勝和,Say,心の声,5,今も似たような状態だがな。,
d0e81a4acd55cfac60c2aa1bec155c08.bundle,大廳陪嚴勝和,Say,心の声,6,彼女に頼まれてこの会話を盗聴しているわけだし……,
d0e81a4acd55cfac60c2aa1bec155c08.bundle,大廳陪嚴勝和,Say,セイワ･ゲン,52,あの時の彼女は、秘書の罪を私になすりつけようとしていた。,
d0e81a4acd55cfac60c2aa1bec155c08.bundle,大廳陪嚴勝和,Say,セイワ･ゲン,53,だからね、君のやり方は本当に腹が立つよ。,
d0e81a4acd55cfac60c2aa1bec155c08.bundle,大廳陪嚴勝和,Say,セイワ･ゲン,54,聞いてるか、メイ･ジョ？,
d0e81a4acd55cfac60c2aa1bec155c08.bundle,大廳陪嚴勝和,Say,心の声,7,……！？,
d0e81a4acd55cfac60c2aa1bec155c08.bundle,大廳陪嚴勝和,Branch,#Simple,22,誰と話しているんですか？,
d0e81a4acd55cfac60c2aa1bec155c08.bundle,大廳陪嚴勝和,Branch,#Simple,23,メイ･ジョは、ここにいるんですか？,
d0e81a4acd55cfac60c2aa1bec155c08.bundle,大廳陪嚴勝和,Branch,#Simple,24,……,
d0e81a4acd55cfac60c2aa1bec155c08.bundle,大廳陪嚴勝和,Say,セイワ･ゲン,55,ハハハハ！,
d0e81a4acd55cfac60c2aa1bec155c08.bundle,大廳陪嚴勝和,Say,セイワ･ゲン,56,彼女は昔、私の会話相手に盗聴器を仕込んでいたことがあってね。,
d0e81a4acd55cfac60c2aa1bec155c08.bundle,大廳陪嚴勝和,Say,セイワ･ゲン,57,だから、軽く冗談を言っただけだ。,
d0e81a4acd55cfac60c2aa1bec155c08.bundle,大廳陪嚴勝和,Say,セイワ･ゲン,58,……,
d0e81a4acd55cfac60c2aa1bec155c08.bundle,大廳陪嚴勝和,Say,セイワ･ゲン,59,正直に言うと……,
d0e81a4acd55cfac60c2aa1bec155c08.bundle,大廳陪嚴勝和,Say,セイワ･ゲン,60,彼女みたいな野心家は非常に面白い。,
d0e81a4acd55cfac60c2aa1bec155c08.bundle,阿緯抵達,Say,イー･テイ,0,執行官！,
d0e81a4acd55cfac60c2aa1bec155c08.bundle,阿緯抵達,Say,セイワ･ゲン,0,おや、来たか。,
d0e81a4acd55cfac60c2aa1bec155c08.bundle,阿緯抵達,Say,セイワ･ゲン,1,ずいぶんと待たされたよ。,
d0e81a4acd55cfac60c2aa1bec155c08.bundle,阿緯抵達,Say,イー･テイ,1,も、申し訳ございません！,
d0e81a4acd55cfac60c2aa1bec155c08.bundle,阿緯抵達,Say,セイワ･ゲン,2,ハハ、気にしないでくれ！,
d0e81a4acd55cfac60c2aa1bec155c08.bundle,阿緯抵達,Say,セイワ･ゲン,3,それに、君は私の話し相手にジェイを寄越してくれた。,
d0e81a4acd55cfac60c2aa1bec155c08.bundle,阿緯抵達,Say,心の声,0,……,
d0e81a4acd55cfac60c2aa1bec155c08.bundle,阿緯抵達,Say,セイワ･ゲン,4,よし。では、早速だが結果を伝える。,
d0e81a4acd55cfac60c2aa1bec155c08.bundle,阿緯抵達,Say,イー･テイ,2,……はい。,
d0e81a4acd55cfac60c2aa1bec155c08.bundle,阿緯抵達,Say,セイワ･ゲン,5,おめでとう。,
d0e81a4acd55cfac60c2aa1bec155c08.bundle,阿緯抵達,Say,セイワ･ゲン,6,現段階の結果だが、半数以上の取締役はサイレントの存続に同意した。,
d0e81a4acd55cfac60c2aa1bec155c08.bundle,阿緯抵達,Say,セイワ･ゲン,7,すべては君の報告のおかげさ。よくやった。,
d0e81a4acd55cfac60c2aa1bec155c08.bundle,阿緯抵達,Say,セイワ･ゲン,8,特に素晴らしかったのは、セラーの運営データに、あらゆる記録と専門意見を盛り込んでくれたことだ。,
d0e81a4acd55cfac60c2aa1bec155c08.bundle,阿緯抵達,Say,イー･テイ,3,ありがとうございます、執行官。,
d0e81a4acd55cfac60c2aa1bec155c08.bundle,阿緯抵達,Say,セイワ･ゲン,9,もしかして君は、操作組からも協力者を得ているのか？,
d0e81a4acd55cfac60c2aa1bec155c08.bundle,阿緯抵達,Say,イー･テイ,4,はい。,
d0e81a4acd55cfac60c2aa1bec155c08.bundle,阿緯抵達,Say,セイワ･ゲン,10,……,
d0e81a4acd55cfac60c2aa1bec155c08.bundle,阿緯抵達,Say,セイワ･ゲン,11,素晴らしい。,
d0e81a4acd55cfac60c2aa1bec155c08.bundle,阿緯抵達,Say,セイワ･ゲン,12,君を工場マネージャーに任命しよう。,
d0e81a4acd55cfac60c2aa1bec155c08.bundle,阿緯抵達,Say,セイワ･ゲン,13,任命の手続きは1ヶ月ほどかかってしまうが……,
d0e81a4acd55cfac60c2aa1bec155c08.bundle,阿緯抵達,Say,セイワ･ゲン,14,君に、今後のサイレントを任せた。,
d0e81a4acd55cfac60c2aa1bec155c08.bundle,阿緯抵達,Say,セイワ･ゲン,15,おめでとう。イー･テイ。,
d0e81a4acd55cfac60c2aa1bec155c08.bundle,阿緯抵達,Say,イー･テイ,5,ありがとうございます、執行官。,
d0e81a4acd55cfac60c2aa1bec155c08.bundle,阿緯抵達,Say,セイワ･ゲン,16,めでたくはあるが、これは決して楽な仕事ではない。,
d0e81a4acd55cfac60c2aa1bec155c08.bundle,阿緯抵達,Say,セイワ･ゲン,17,君はかなり過酷な業務を抱え込んだと思ってほしい。,
d0e81a4acd55cfac60c2aa1bec155c08.bundle,阿緯抵達,Say,セイワ･ゲン,18,依然として、サイレントの老朽化は進む一方だ。そんな状況の中でも、万象により多くの価値を貢献する。これが君の第一目標だ。,
d0e81a4acd55cfac60c2aa1bec155c08.bundle,阿緯抵達,Say,セイワ･ゲン,19,頑張りたまえ。,
d0e81a4acd55cfac60c2aa1bec155c08.bundle,阿緯抵達,Say,イー･テイ,6,はい、執行官！,
d0e81a4acd55cfac60c2aa1bec155c08.bundle,阿緯抵達,Say,セイワ･ゲン,20,よし。,
d0e81a4acd55cfac60c2aa1bec155c08.bundle,阿緯抵達,Say,セイワ･ゲン,21,では、私は取締役に用があるから、これで失礼する。,
d0e81a4acd55cfac60c2aa1bec155c08.bundle,阿緯抵達,Say,イー･テイ,7,はい。,
d0e81a4acd55cfac60c2aa1bec155c08.bundle,阿緯抵達,Say,セイワ･ゲン,22,そうだ。,
d0e81a4acd55cfac60c2aa1bec155c08.bundle,阿緯抵達,Say,セイワ･ゲン,23,ジェイは素晴らしい社員だ。逃がすなよ。,
d0e81a4acd55cfac60c2aa1bec155c08.bundle,阿緯抵達,Say,セイワ･ゲン,24,彼との会話は実に楽しかった。,
d0e81a4acd55cfac60c2aa1bec155c08.bundle,阿緯抵達,Say,イー･テイ,8,ハハ、それはよかったです！,
d0e81a4acd55cfac60c2aa1bec155c08.bundle,阿緯抵達,Say,セイワ･ゲン,25,頑張れよ。,
d0e81a4acd55cfac60c2aa1bec155c08.bundle,阿緯抵達,Say,イー･テイ,9,はい、ご足労いただきありがとうございました。,
d0e81a4acd55cfac60c2aa1bec155c08.bundle,阿緯抵達,Say,セイワ･ゲン,26,残念だが、君の報告は彼らの心を動かせなかったようだ。,
d0e81a4acd55cfac60c2aa1bec155c08.bundle,阿緯抵達,Say,イー･テイ,10,……,
d0e81a4acd55cfac60c2aa1bec155c08.bundle,阿緯抵達,Say,イー･テイ,11,ということは……,
d0e81a4acd55cfac60c2aa1bec155c08.bundle,阿緯抵達,Say,セイワ･ゲン,27,君の報告は役には立ったが、まだ足りない。,
d0e81a4acd55cfac60c2aa1bec155c08.bundle,阿緯抵達,Say,セイワ･ゲン,28,セラーに関するデータがあまりにも表面的だ。,
d0e81a4acd55cfac60c2aa1bec155c08.bundle,阿緯抵達,Say,セイワ･ゲン,29,記録も、専門的な意見もない。推測で練っただけの対策にすぎない……,
d0e81a4acd55cfac60c2aa1bec155c08.bundle,阿緯抵達,Say,セイワ･ゲン,30,こんなものに説得力はない。,
d0e81a4acd55cfac60c2aa1bec155c08.bundle,阿緯抵達,Say,イー･テイ,12,……はい。,
d0e81a4acd55cfac60c2aa1bec155c08.bundle,阿緯抵達,Say,セイワ･ゲン,31,だが、それは想定内だ。,
d0e81a4acd55cfac60c2aa1bec155c08.bundle,阿緯抵達,Say,イー･テイ,13,はい？,
d0e81a4acd55cfac60c2aa1bec155c08.bundle,阿緯抵達,Say,セイワ･ゲン,32,セラーの内情を知らない選別組の知識だ。偏りがあるのは仕方ない。,
d0e81a4acd55cfac60c2aa1bec155c08.bundle,阿緯抵達,Say,セイワ･ゲン,33,私が期待しすぎたのだ。,
d0e81a4acd55cfac60c2aa1bec155c08.bundle,阿緯抵達,Say,イー･テイ,14,……,
d0e81a4acd55cfac60c2aa1bec155c08.bundle,阿緯抵達,Say,セイワ･ゲン,34,落ち込む必要はない。,
d0e81a4acd55cfac60c2aa1bec155c08.bundle,阿緯抵達,Say,セイワ･ゲン,35,君の報告は確かに役には立った。,
d0e81a4acd55cfac60c2aa1bec155c08.bundle,阿緯抵達,Say,イー･テイ,15,では、サイレントのマネージャーの件は……,
d0e81a4acd55cfac60c2aa1bec155c08.bundle,阿緯抵達,Say,セイワ･ゲン,36,私の話はまだ終わっていない。,
d0e81a4acd55cfac60c2aa1bec155c08.bundle,阿緯抵達,Say,イー･テイ,16,……,
d0e81a4acd55cfac60c2aa1bec155c08.bundle,阿緯抵達,Say,イー･テイ,17,失礼しました。,
d0e81a4acd55cfac60c2aa1bec155c08.bundle,阿緯抵達,Say,セイワ･ゲン,37,取締役である彼らの役には立ったが、私の役には立っていない。,
d0e81a4acd55cfac60c2aa1bec155c08.bundle,阿緯抵達,Say,イー･テイ,18,……,
d0e81a4acd55cfac60c2aa1bec155c08.bundle,阿緯抵達,Say,セイワ･ゲン,38,この報告では、サイレントがもたらす赤字を埋めることはできない。,
d0e81a4acd55cfac60c2aa1bec155c08.bundle,阿緯抵達,Say,セイワ･ゲン,39,だから取締役たちも、君に資金を送る気になれない。ここが救世主になるビジョンがわかない。,
d0e81a4acd55cfac60c2aa1bec155c08.bundle,阿緯抵達,Say,セイワ･ゲン,40,……,
d0e81a4acd55cfac60c2aa1bec155c08.bundle,阿緯抵達,Say,セイワ･ゲン,41,私は、君に改革を起こす力があるかどうかを試したのだが……,
d0e81a4acd55cfac60c2aa1bec155c08.bundle,阿緯抵達,Say,セイワ･ゲン,42,君はまだ、現状の管理下でしか影響力を持っていないようだな。,
d0e81a4acd55cfac60c2aa1bec155c08.bundle,阿緯抵達,Say,セイワ･ゲン,43,言い換えれば、己の能力以上のことはしていない。,
d0e81a4acd55cfac60c2aa1bec155c08.bundle,阿緯抵達,Say,セイワ･ゲン,44,だから、驚きはなかった。,
d0e81a4acd55cfac60c2aa1bec155c08.bundle,阿緯抵達,Say,セイワ･ゲン,45,以上だ。,
d0e81a4acd55cfac60c2aa1bec155c08.bundle,阿緯抵達,Say,セイワ･ゲン,46,先程、何かを聞こうとしていたが、何の話だったかな？,
d0e81a4acd55cfac60c2aa1bec155c08.bundle,阿緯抵達,Say,イー･テイ,19,いいえ、私は……,
d0e81a4acd55cfac60c2aa1bec155c08.bundle,阿緯抵達,Say,セイワ･ゲン,47,聞きたければ聞けばいい。,
d0e81a4acd55cfac60c2aa1bec155c08.bundle,阿緯抵達,Say,イー･テイ,20,……,
d0e81a4acd55cfac60c2aa1bec155c08.bundle,阿緯抵達,Say,イー･テイ,21,……私に工場のマネージャーを任せてくれますか？,
d0e81a4acd55cfac60c2aa1bec155c08.bundle,阿緯抵達,Say,セイワ･ゲン,48,無論……,
d0e81a4acd55cfac60c2aa1bec155c08.bundle,阿緯抵達,Say,セイワ･ゲン,49,任せることはない。,
d0e81a4acd55cfac60c2aa1bec155c08.bundle,阿緯抵達,Say,イー･テイ,22,……,
d0e81a4acd55cfac60c2aa1bec155c08.bundle,阿緯抵達,Say,セイワ･ゲン,50,だが君は引き続き、選別組のチーフのままだ。,
d0e81a4acd55cfac60c2aa1bec155c08.bundle,阿緯抵達,Say,セイワ･ゲン,51,君は現在の職務に長けているようだし、まずは今ある仕事に専念してくれ。,
d0e81a4acd55cfac60c2aa1bec155c08.bundle,阿緯抵達,Say,イー･テイ,23,……わかりました。,
d0e81a4acd55cfac60c2aa1bec155c08.bundle,阿緯抵達,Say,セイワ･ゲン,52,よろしい。,
d0e81a4acd55cfac60c2aa1bec155c08.bundle,阿緯抵達,Say,セイワ･ゲン,53,話が終わったなら、私はこれで失礼する。,
d0e81a4acd55cfac60c2aa1bec155c08.bundle,阿緯抵達,Say,セイワ･ゲン,54,……,
d0e81a4acd55cfac60c2aa1bec155c08.bundle,阿緯抵達,Say,セイワ･ゲン,55,それと。,
d0e81a4acd55cfac60c2aa1bec155c08.bundle,阿緯抵達,Say,セイワ･ゲン,56,落ち込む必要はない。君の一番の目的は達成されたはずだ。,
d0e81a4acd55cfac60c2aa1bec155c08.bundle,阿緯抵達,Say,セイワ･ゲン,57,サイレントは閉鎖されず、最悪な状況が続いていく。,
d0e81a4acd55cfac60c2aa1bec155c08.bundle,阿緯抵達,Say,セイワ･ゲン,58,君の「おかげ」だ。,
d0e81a4acd55cfac60c2aa1bec155c08.bundle,阿緯抵達,Say,セイワ･ゲン,59,これからも励んでくれ。,
d0e81a4acd55cfac60c2aa1bec155c08.bundle,阿緯抵達,Say,イー･テイ,24,……,
d0e81a4acd55cfac60c2aa1bec155c08.bundle,阿緯抵達,Branch,#Simple,0,お疲れ様でした。,
d0e81a4acd55cfac60c2aa1bec155c08.bundle,阿緯抵達,Branch,#Simple,1,……,
d0e81a4acd55cfac60c2aa1bec155c08.bundle,篩選組勝利慶功宴,Say,イエホン･キュウ,0,よっ！ジェイ！,
d0e81a4acd55cfac60c2aa1bec155c08.bundle,篩選組勝利慶功宴,Say,イエホン･キュウ,1,遅いよ！,
d0e81a4acd55cfac60c2aa1bec155c08.bundle,篩選組勝利慶功宴,Say,イエホン･キュウ,2,ピザがもう冷めちゃったよ！,
d0e81a4acd55cfac60c2aa1bec155c08.bundle,篩選組勝利慶功宴,Branch,#Simple,0,いつの間にピザなんか頼んだんだ？,
d0e81a4acd55cfac60c2aa1bec155c08.bundle,篩選組勝利慶功宴,Say,シンカ･シェ,0,結果がわからないのに、ボーちゃんが頼んだんです！,
d0e81a4acd55cfac60c2aa1bec155c08.bundle,篩選組勝利慶功宴,Say,イエホン･キュウ,3,大丈夫。上手くいくに決まってるもん！,
d0e81a4acd55cfac60c2aa1bec155c08.bundle,篩選組勝利慶功宴,Say,イエホン･キュウ,4,イーちゃんを信じてるからさ。,
d0e81a4acd55cfac60c2aa1bec155c08.bundle,篩選組勝利慶功宴,Say,タイミン･ソウ,0,そうだな。,
d0e81a4acd55cfac60c2aa1bec155c08.bundle,篩選組勝利慶功宴,Say,シンカ･シェ,1,さっきと言ってることが違います！,
d0e81a4acd55cfac60c2aa1bec155c08.bundle,篩選組勝利慶功宴,Say,シンホン･ゴ,0,何て言ってたんだ？,
d0e81a4acd55cfac60c2aa1bec155c08.bundle,篩選組勝利慶功宴,Say,シンカ･シェ,2,失敗したら、慰めのピザだって言ってました。,
d0e81a4acd55cfac60c2aa1bec155c08.bundle,篩選組勝利慶功宴,Branch,#Simple,1,結局はピザが食べたいだけじゃないか！,
d0e81a4acd55cfac60c2aa1bec155c08.bundle,篩選組勝利慶功宴,Say,イエホン･キュウ,5,イェーイ！,
d0e81a4acd55cfac60c2aa1bec155c08.bundle,篩選組勝利慶功宴,Branch,#Simple,2,まあ、それもいいんじゃないか？,
d0e81a4acd55cfac60c2aa1bec155c08.bundle,篩選組勝利慶功宴,Say,イエホン･キュウ,6,さすがジェイ、よく言った！,
d0e81a4acd55cfac60c2aa1bec155c08.bundle,篩選組勝利慶功宴,Branch,#Simple,3,……,
d0e81a4acd55cfac60c2aa1bec155c08.bundle,篩選組勝利慶功宴,Branch,#Simple,4,……,
d0e81a4acd55cfac60c2aa1bec155c08.bundle,篩選組勝利慶功宴,Say,イー･テイ,0,皆、ちょっといいかな！,
d0e81a4acd55cfac60c2aa1bec155c08.bundle,篩選組勝利慶功宴,Say,イー･テイ,1,皆に伝えたいことがあるんだ。,
d0e81a4acd55cfac60c2aa1bec155c08.bundle,篩選組勝利慶功宴,Say,タイミン･ソウ,1,そういう時はスプーンでグラスを叩くべきでは？,
d0e81a4acd55cfac60c2aa1bec155c08.bundle,篩選組勝利慶功宴,Say,イエホン･キュウ,7,でも、ここにあるのはプラスチックカップだよ？,
d0e81a4acd55cfac60c2aa1bec155c08.bundle,篩選組勝利慶功宴,Say,シンカ･シェ,3,ちょっと皆さん、チーフの話を聞いてください！,
d0e81a4acd55cfac60c2aa1bec155c08.bundle,篩選組勝利慶功宴,Say,イー･テイ,2,ゴ、ゴホン……！,
d0e81a4acd55cfac60c2aa1bec155c08.bundle,篩選組勝利慶功宴,Say,イー･テイ,3,僕たちはまだ勝利していない。,
d0e81a4acd55cfac60c2aa1bec155c08.bundle,篩選組勝利慶功宴,Say,イー･テイ,4,今日、僕たちは時間を手に入れただけだ。,
d0e81a4acd55cfac60c2aa1bec155c08.bundle,篩選組勝利慶功宴,Say,イー･テイ,5,この工場は多くの問題を抱えたままで、まだ何一つ変わっていない。,
d0e81a4acd55cfac60c2aa1bec155c08.bundle,篩選組勝利慶功宴,Say,イー･テイ,6,今後はより多くの困難と挑戦が待っているはずだ。油断はしないでほしい。,
d0e81a4acd55cfac60c2aa1bec155c08.bundle,篩選組勝利慶功宴,Say,イー･テイ,7,それと、今後は以前よりさらに仕事が過酷になると思うから、覚悟だけはしといて。,
d0e81a4acd55cfac60c2aa1bec155c08.bundle,篩選組勝利慶功宴,Say,イー･テイ,8,……,
d0e81a4acd55cfac60c2aa1bec155c08.bundle,篩選組勝利慶功宴,Say,イー･テイ,9,でも……,
d0e81a4acd55cfac60c2aa1bec155c08.bundle,篩選組勝利慶功宴,Say,イー･テイ,10,それを考えるのは明日にしよう！,
d0e81a4acd55cfac60c2aa1bec155c08.bundle,篩選組勝利慶功宴,Say,イー･テイ,11,今日はよく頑張ってくれた。今は大いに祝うとしよう！,
d0e81a4acd55cfac60c2aa1bec155c08.bundle,篩選組勝利慶功宴,Say,イエホン･キュウ,8,おお！！,
d0e81a4acd55cfac60c2aa1bec155c08.bundle,篩選組勝利慶功宴,Say,シンホン･ゴ,1,流石は、イーちゃん！,
d0e81a4acd55cfac60c2aa1bec155c08.bundle,篩選組勝利慶功宴,Say,シンカ･シェ,4,やった！いただきまーす！,
d0e81a4acd55cfac60c2aa1bec155c08.bundle,篩選組勝利慶功宴,Say,イー･テイ,12,そうだ、ジェイ。,
d0e81a4acd55cfac60c2aa1bec155c08.bundle,篩選組勝利慶功宴,Say,イー･テイ,13,僕の席に来てくれ。,
d0e81a4acd55cfac60c2aa1bec155c08.bundle,徐媛收尾,Say,心の声,0,……,
d0e81a4acd55cfac60c2aa1bec155c08.bundle,徐媛收尾,Say,心の声,1,後どれだけ待てばいいんだ……,
d0e81a4acd55cfac60c2aa1bec155c08.bundle,徐媛收尾,Say,心の声,2,メイ･ジョは一体何をしてるんだ……,
d0e81a4acd55cfac60c2aa1bec155c08.bundle,徐媛收尾,Say,メイ･ジョ,0,メイ･ジョは一体何をしてるんだ。,
d0e81a4acd55cfac60c2aa1bec155c08.bundle,徐媛收尾,Say,心の声,3,……！？,
d0e81a4acd55cfac60c2aa1bec155c08.bundle,徐媛收尾,Say,メイ･ジョ,1,今、そんなことを考えていたでしょう？図星？,
d0e81a4acd55cfac60c2aa1bec155c08.bundle,徐媛收尾,Branch,#Simple,0,ハズレだ。,
d0e81a4acd55cfac60c2aa1bec155c08.bundle,徐媛收尾,Say,メイ･ジョ,2,あら、そう。,
d0e81a4acd55cfac60c2aa1bec155c08.bundle,徐媛收尾,Branch,#Simple,1,そうだ。,
d0e81a4acd55cfac60c2aa1bec155c08.bundle,徐媛收尾,Say,メイ･ジョ,3,やっぱりね。,
d0e81a4acd55cfac60c2aa1bec155c08.bundle,徐媛收尾,Branch,#Simple,2,一瞬だけ考えただけだ。,
d0e81a4acd55cfac60c2aa1bec155c08.bundle,徐媛收尾,Say,メイ･ジョ,4,フフ、そうなの？,
d0e81a4acd55cfac60c2aa1bec155c08.bundle,徐媛收尾,Say,心の声,4,目が笑っていない……,
d0e81a4acd55cfac60c2aa1bec155c08.bundle,徐媛收尾,Say,メイ･ジョ,5,じゃ、返してちょうだい。,
d0e81a4acd55cfac60c2aa1bec155c08.bundle,徐媛收尾,Say,メイ･ジョ,6,私の盗聴器を。,
d0e81a4acd55cfac60c2aa1bec155c08.bundle,徐媛收尾,Branch,#Simple,3,必ず盗聴するとは約束していない。忘れたのか？,
d0e81a4acd55cfac60c2aa1bec155c08.bundle,徐媛收尾,Branch,#Simple,4,盗聴器って何のことだ？,
d0e81a4acd55cfac60c2aa1bec155c08.bundle,徐媛收尾,Branch,#Simple,5,……,
d0e81a4acd55cfac60c2aa1bec155c08.bundle,徐媛收尾,Say,メイ･ジョ,7,あなたが座っているソファをよく確認しなさい。,
d0e81a4acd55cfac60c2aa1bec155c08.bundle,徐媛收尾,Say,心の声,5,……何だと！？,
d0e81a4acd55cfac60c2aa1bec155c08.bundle,徐媛收尾,Branch,#Simple,6,自分でできるなら、なぜ俺に手伝いを頼んだんだ？,
d0e81a4acd55cfac60c2aa1bec155c08.bundle,徐媛收尾,Say,メイ･ジョ,8,あんな場所に盗聴器を仕掛けたら、聞き取りづらいでしょ？,
d0e81a4acd55cfac60c2aa1bec155c08.bundle,徐媛收尾,Branch,#Simple,7,いつ仕掛けたんだ？,
d0e81a4acd55cfac60c2aa1bec155c08.bundle,徐媛收尾,Say,メイ･ジョ,9,あなたが私の協力を断った後よ。,
d0e81a4acd55cfac60c2aa1bec155c08.bundle,徐媛收尾,Branch,#Simple,8,……,
d0e81a4acd55cfac60c2aa1bec155c08.bundle,徐媛收尾,Say,メイ･ジョ,10,あなたにつけた盗聴器のことよ。,
d0e81a4acd55cfac60c2aa1bec155c08.bundle,徐媛收尾,Say,メイ･ジョ,11,お手柄よ。,
d0e81a4acd55cfac60c2aa1bec155c08.bundle,徐媛收尾,Say,メイ･ジョ,12,あなたって人は、人の頼みを全うできないの？,
d0e81a4acd55cfac60c2aa1bec155c08.bundle,徐媛收尾,Say,メイ･ジョ,13,セイワ･ゲンとの「すべて」の会話を録音してほしいと言ったわよね？,
d0e81a4acd55cfac60c2aa1bec155c08.bundle,徐媛收尾,Branch,#Simple,9,忘れてたんだ。,
d0e81a4acd55cfac60c2aa1bec155c08.bundle,徐媛收尾,Say,メイ･ジョ,14,……,
d0e81a4acd55cfac60c2aa1bec155c08.bundle,徐媛收尾,Say,メイ･ジョ,15,まぁ、いいわ。元からあなたに期待などしていないから。,
d0e81a4acd55cfac60c2aa1bec155c08.bundle,徐媛收尾,Branch,#Simple,10,あんたに聞かれたくない会話だったんだ。,
d0e81a4acd55cfac60c2aa1bec155c08.bundle,徐媛收尾,Say,メイ･ジョ,16,そうなの？,
d0e81a4acd55cfac60c2aa1bec155c08.bundle,徐媛收尾,Say,メイ･ジョ,17,でも残念ながら、私には丸聞こえだったけどね。,
d0e81a4acd55cfac60c2aa1bec155c08.bundle,徐媛收尾,Say,メイ･ジョ,18,ジェイ、あなたは約束を守らない人ね。,
d0e81a4acd55cfac60c2aa1bec155c08.bundle,徐媛收尾,Branch,#Simple,11,なんの話だ？,
d0e81a4acd55cfac60c2aa1bec155c08.bundle,徐媛收尾,Say,メイ･ジョ,19,あなた、盗聴器を作動させなかった。,
d0e81a4acd55cfac60c2aa1bec155c08.bundle,徐媛收尾,Branch,#Simple,12,俺が盗聴器の電源を入れなかったことか？,
d0e81a4acd55cfac60c2aa1bec155c08.bundle,徐媛收尾,Say,メイ･ジョ,20,他に何があるの？,
d0e81a4acd55cfac60c2aa1bec155c08.bundle,徐媛收尾,Branch,#Simple,13,……,
d0e81a4acd55cfac60c2aa1bec155c08.bundle,徐媛收尾,Say,メイ･ジョ,21,なぜ盗聴器の電源を入れなかったのか、教えてくれる？,
d0e81a4acd55cfac60c2aa1bec155c08.bundle,徐媛收尾,Branch,#Simple,14,入れようとしたが、作動しなかったんだ。,
d0e81a4acd55cfac60c2aa1bec155c08.bundle,徐媛收尾,Branch,#Simple,15,やりたくないと思っただけだ。,
d0e81a4acd55cfac60c2aa1bec155c08.bundle,徐媛收尾,Say,メイ･ジョ,22,……,
d0e81a4acd55cfac60c2aa1bec155c08.bundle,徐媛收尾,Say,メイ･ジョ,23,よろしい。,
d0e81a4acd55cfac60c2aa1bec155c08.bundle,徐媛收尾,Say,メイ･ジョ,24,では、もう一つの盗聴器も返して。,
d0e81a4acd55cfac60c2aa1bec155c08.bundle,徐媛收尾,Say,メイ･ジョ,25,あなたが座っているソファをよく確認しなさい。,
d0e81a4acd55cfac60c2aa1bec155c08.bundle,徐媛收尾,Branch,#Simple,16,自分でできるなら、なぜ俺に手伝いを頼んだんだ？,
d0e81a4acd55cfac60c2aa1bec155c08.bundle,徐媛收尾,Say,メイ･ジョ,26,あんな場所に盗聴器を仕掛けたら、聞き取りづらいでしょ？,
d0e81a4acd55cfac60c2aa1bec155c08.bundle,徐媛收尾,Branch,#Simple,17,いつ仕掛けたんだ？,
d0e81a4acd55cfac60c2aa1bec155c08.bundle,徐媛收尾,Say,メイ･ジョ,27,今朝よ。,
d0e81a4acd55cfac60c2aa1bec155c08.bundle,徐媛收尾,Branch,#Simple,18,……,
d0e81a4acd55cfac60c2aa1bec155c08.bundle,徐媛收尾,Say,メイ･ジョ,28,私はどんな手を使っても必ず目的を達成させる。そのためなら、あらゆる手を尽くすつもりよ。,
d0e81a4acd55cfac60c2aa1bec155c08.bundle,徐媛收尾,Branch,#Simple,19,欲しい情報は手に入ったのか？,
d0e81a4acd55cfac60c2aa1bec155c08.bundle,徐媛收尾,Say,メイ･ジョ,29,もちろん。十分手に入ったわ。,
d0e81a4acd55cfac60c2aa1bec155c08.bundle,徐媛收尾,Branch,#Simple,20,俺はこれからどうすればいいんだ？,
d0e81a4acd55cfac60c2aa1bec155c08.bundle,徐媛收尾,Say,メイ･ジョ,30,これから？,
d0e81a4acd55cfac60c2aa1bec155c08.bundle,徐媛收尾,Say,メイ･ジョ,31,私はすぐに次の行動に移る。,
d0e81a4acd55cfac60c2aa1bec155c08.bundle,徐媛收尾,Say,メイ･ジョ,32,でも、あなたには関係のないことだわ。,
d0e81a4acd55cfac60c2aa1bec155c08.bundle,徐媛收尾,Branch,#Simple,21,……,
d0e81a4acd55cfac60c2aa1bec155c08.bundle,徐媛收尾,Say,メイ･ジョ,33,そういえばあなたって、意外と気転が利かないのね。,
d0e81a4acd55cfac60c2aa1bec155c08.bundle,徐媛收尾,Say,メイ･ジョ,34,オペレーションコアのことを尋ねられたとき、あんなとぼけ方をするなんて。,
d0e81a4acd55cfac60c2aa1bec155c08.bundle,徐媛收尾,Say,メイ･ジョ,35,そんなことをしたら、私まで怪しくなるでしょ？,
d0e81a4acd55cfac60c2aa1bec155c08.bundle,徐媛收尾,Branch,#Simple,22,あんたたちが、会っていたことなんて知るわけもないだろ。,
d0e81a4acd55cfac60c2aa1bec155c08.bundle,徐媛收尾,Branch,#Simple,23,ごまかそうとはしたんだが……,
d0e81a4acd55cfac60c2aa1bec155c08.bundle,徐媛收尾,Say,メイ･ジョ,36,もういいわ。あなたはそういった訓練を受けた人間じゃないしね。,
d0e81a4acd55cfac60c2aa1bec155c08.bundle,徐媛收尾,Say,メイ･ジョ,37,あなたにはわからないと思うけど……,
d0e81a4acd55cfac60c2aa1bec155c08.bundle,徐媛收尾,Say,メイ･ジョ,38,あなたのおかげでかなり助かっている。,
d0e81a4acd55cfac60c2aa1bec155c08.bundle,徐媛收尾,Say,メイ･ジョ,39,ジェイ･ダイ、あなたは私からの信頼を勝ち取った。,
d0e81a4acd55cfac60c2aa1bec155c08.bundle,徐媛收尾,Branch,#Simple,24,お褒めの言葉に礼を言うべきか？,
d0e81a4acd55cfac60c2aa1bec155c08.bundle,徐媛收尾,Say,メイ･ジョ,40,不要よ。,
d0e81a4acd55cfac60c2aa1bec155c08.bundle,徐媛收尾,Branch,#Simple,25,つまり信頼してなかったってことか？,
d0e81a4acd55cfac60c2aa1bec155c08.bundle,徐媛收尾,Say,メイ･ジョ,41,あなたが傷つくと思って黙ってたのよ？,
d0e81a4acd55cfac60c2aa1bec155c08.bundle,徐媛收尾,Branch,#Simple,26,信頼以外はないのか？,
d0e81a4acd55cfac60c2aa1bec155c08.bundle,徐媛收尾,Say,メイ･ジョ,42,今は諦めて。,
d0e81a4acd55cfac60c2aa1bec155c08.bundle,徐媛收尾,Branch,#Simple,27,……,
d0e81a4acd55cfac60c2aa1bec155c08.bundle,徐媛收尾,Say,メイ･ジョ,43,いつかこの信頼が役に立つ日が来るかもしれない。,
d0e81a4acd55cfac60c2aa1bec155c08.bundle,徐媛收尾,Branch,#Simple,28,どういう意味だ？,
d0e81a4acd55cfac60c2aa1bec155c08.bundle,徐媛收尾,Say,メイ･ジョ,44,それは今後の展開に任せましょう。,
d0e81a4acd55cfac60c2aa1bec155c08.bundle,徐媛收尾,Branch,#Simple,29,ありがとう。,
d0e81a4acd55cfac60c2aa1bec155c08.bundle,徐媛收尾,Say,メイ･ジョ,45,ええ。,
d0e81a4acd55cfac60c2aa1bec155c08.bundle,徐媛收尾,Branch,#Simple,30,……,
d0e81a4acd55cfac60c2aa1bec155c08.bundle,徐媛收尾,Say,メイ･ジョ,46,そろそろ時間ね。,
d0e81a4acd55cfac60c2aa1bec155c08.bundle,徐媛收尾,Say,メイ･ジョ,47,会うのはこれで最後よ。私はサイレントから離れることになる。,
d0e81a4acd55cfac60c2aa1bec155c08.bundle,徐媛收尾,Say,メイ･ジョ,48,私がここで成すべきことは、すべて達成されたからね。,
d0e81a4acd55cfac60c2aa1bec155c08.bundle,徐媛收尾,Say,メイ･ジョ,49,この工場は万象の権力闘争の中心ではない。ならこれ以上、私が見張る必要もない。,
d0e81a4acd55cfac60c2aa1bec155c08.bundle,徐媛收尾,Say,メイ･ジョ,50,……ここは本当に、何もない場所よ。,
d0e81a4acd55cfac60c2aa1bec155c08.bundle,徐媛收尾,Say,メイ･ジョ,51,正直に言うと、あなたには驚いた。,
d0e81a4acd55cfac60c2aa1bec155c08.bundle,徐媛收尾,Say,メイ･ジョ,52,まさか選別組と操作組を協力させ、裏に隠された一連の真実に気づかせたとはね。,
d0e81a4acd55cfac60c2aa1bec155c08.bundle,徐媛收尾,Say,メイ･ジョ,53,本来価値を失ったサイレントは、瓦解する運命よ。,
d0e81a4acd55cfac60c2aa1bec155c08.bundle,徐媛收尾,Say,メイ･ジョ,54,でもあなたはシュン･ゴとイー･テイと協力し、サイレントを救ってくれた。,
d0e81a4acd55cfac60c2aa1bec155c08.bundle,徐媛收尾,Say,メイ･ジョ,55,それにあなたは、ここの修復資金まで手に入れた。,
d0e81a4acd55cfac60c2aa1bec155c08.bundle,徐媛收尾,Say,メイ･ジョ,56,この工場はまだ頑張れるかもしれない。,
d0e81a4acd55cfac60c2aa1bec155c08.bundle,徐媛收尾,Say,メイ･ジョ,57,どれだけ続くかはわからないけどね。,
d0e81a4acd55cfac60c2aa1bec155c08.bundle,徐媛收尾,Say,メイ･ジョ,58,とはいえ、あなたの行動は見事だった。,
d0e81a4acd55cfac60c2aa1bec155c08.bundle,徐媛收尾,Say,メイ･ジョ,59,ジェイ、あなたは面白い素質を持っている。,
d0e81a4acd55cfac60c2aa1bec155c08.bundle,徐媛收尾,Say,メイ･ジョ,60,私の仲間になるのはどう？,
d0e81a4acd55cfac60c2aa1bec155c08.bundle,徐媛收尾,Branch,#Simple,31,興味ないな。,
d0e81a4acd55cfac60c2aa1bec155c08.bundle,徐媛收尾,Say,メイ･ジョ,61,心配しないで。,
d0e81a4acd55cfac60c2aa1bec155c08.bundle,徐媛收尾,Say,メイ･ジョ,62,本当にあなたが必要になった時には、私があなたの興味を作ってあげる。,
d0e81a4acd55cfac60c2aa1bec155c08.bundle,徐媛收尾,Branch,#Simple,32,考えておく。,
d0e81a4acd55cfac60c2aa1bec155c08.bundle,徐媛收尾,Say,心の声,6,笑っている……,
d0e81a4acd55cfac60c2aa1bec155c08.bundle,徐媛收尾,Say,心の声,7,不気味だ……,
d0e81a4acd55cfac60c2aa1bec155c08.bundle,徐媛收尾,Branch,#Simple,33,……,
d0e81a4acd55cfac60c2aa1bec155c08.bundle,徐媛收尾,Say,メイ･ジョ,63,サイレントの状況は悪化し続け、やがて閉鎖されるだろうね。,
d0e81a4acd55cfac60c2aa1bec155c08.bundle,徐媛收尾,Say,メイ･ジョ,64,もうこの件は誰も止められない。,
d0e81a4acd55cfac60c2aa1bec155c08.bundle,徐媛收尾,Branch,#Simple,34,選別組なら、きっとその問題を解決できる。,
d0e81a4acd55cfac60c2aa1bec155c08.bundle,徐媛收尾,Say,メイ･ジョ,65,彼らは問題を先延ばしにするこはできるが、解決はできない。,
d0e81a4acd55cfac60c2aa1bec155c08.bundle,徐媛收尾,Branch,#Simple,35,それはどうしてだ？,
d0e81a4acd55cfac60c2aa1bec155c08.bundle,徐媛收尾,Say,メイ･ジョ,66,悪いけど、それについて説明する気はない。,
d0e81a4acd55cfac60c2aa1bec155c08.bundle,徐媛收尾,Say,メイ･ジョ,67,でも、私は確信を持っている。,
d0e81a4acd55cfac60c2aa1bec155c08.bundle,徐媛收尾,Branch,#Simple,36,……,
d0e81a4acd55cfac60c2aa1bec155c08.bundle,徐媛收尾,Say,メイ･ジョ,68,サイレントの閉鎖により、万象は莫大なコストを抱え、最終的には惨めに幕を下ろすでしょうね。,
d0e81a4acd55cfac60c2aa1bec155c08.bundle,徐媛收尾,Say,メイ･ジョ,69,そして万象はそのコストを、弱者に擦り付ける。,
d0e81a4acd55cfac60c2aa1bec155c08.bundle,徐媛收尾,Branch,#Simple,37,操作組はそんなことはさせない。,
d0e81a4acd55cfac60c2aa1bec155c08.bundle,徐媛收尾,Say,メイ･ジョ,70,彼らは、そうならないように努めるでしょうね。,
d0e81a4acd55cfac60c2aa1bec155c08.bundle,徐媛收尾,Say,メイ･ジョ,71,でも、無理よ。,
d0e81a4acd55cfac60c2aa1bec155c08.bundle,徐媛收尾,Branch,#Simple,38,それはどうしてだ？,
d0e81a4acd55cfac60c2aa1bec155c08.bundle,徐媛收尾,Say,メイ･ジョ,72,悪いけど、それについて説明する気はない。,
d0e81a4acd55cfac60c2aa1bec155c08.bundle,徐媛收尾,Say,メイ･ジョ,73,でも、私は確信を持っている。,
d0e81a4acd55cfac60c2aa1bec155c08.bundle,徐媛收尾,Branch,#Simple,39,……,
d0e81a4acd55cfac60c2aa1bec155c08.bundle,徐媛收尾,Say,メイ･ジョ,74,どうであれ、私は欲しかったものを手に入れた。,
d0e81a4acd55cfac60c2aa1bec155c08.bundle,徐媛收尾,Say,メイ･ジョ,75,あなたも調査を続ければ、いずれそれにたどり着ける。,
d0e81a4acd55cfac60c2aa1bec155c08.bundle,徐媛收尾,Branch,#Simple,40,欲しかったもの？,
d0e81a4acd55cfac60c2aa1bec155c08.bundle,徐媛收尾,Say,メイ･ジョ,76,ええ、取締役会にとって、本当に価値のあるものよ。,
d0e81a4acd55cfac60c2aa1bec155c08.bundle,徐媛收尾,Branch,#Simple,41,それはなんだ？,
d0e81a4acd55cfac60c2aa1bec155c08.bundle,徐媛收尾,Say,メイ･ジョ,77,自分で辿り着くことね。,
d0e81a4acd55cfac60c2aa1bec155c08.bundle,徐媛收尾,Branch,#Simple,42,……,
d0e81a4acd55cfac60c2aa1bec155c08.bundle,徐媛收尾,Say,メイ･ジョ,78,……,
d0e81a4acd55cfac60c2aa1bec155c08.bundle,慶功宴結束程芳想法,Say,リン･テイ,0,ジェイ、もう契約の時間よ。,
d0e81a4acd55cfac60c2aa1bec155c08.bundle,慶功宴結束程芳想法,Say,リン･テイ,1,リュウセイがもう待ってるから、向かいましょう。,
d0e81a4acd55cfac60c2aa1bec155c08.bundle,慶功宴結束程芳想法,Branch,#Simple,0,わかった。,
d0e81a4acd55cfac60c2aa1bec155c08.bundle,慶功宴結束程芳想法,Branch,#Simple,1,……,
d0e81a4acd55cfac60c2aa1bec155c08.bundle,慶功宴結束程芳想法,Say,心の声,0,リンが焦っている……,
d0e81a4acd55cfac60c2aa1bec155c08.bundle,俊恩抵達,Say,シュン･ゴ,0,執行官。,
d0e81a4acd55cfac60c2aa1bec155c08.bundle,俊恩抵達,Say,セイワ･ゲン,0,来たか、シュン･ゴ。,
d0e81a4acd55cfac60c2aa1bec155c08.bundle,俊恩抵達,Say,シュン･ゴ,1,すみません、セラーのエレベーターに時間を取られていました。,
d0e81a4acd55cfac60c2aa1bec155c08.bundle,俊恩抵達,Say,セイワ･ゲン,1,気にする必要はない。,
d0e81a4acd55cfac60c2aa1bec155c08.bundle,俊恩抵達,Say,セイワ･ゲン,2,あれの遅さはよく知っている。,
d0e81a4acd55cfac60c2aa1bec155c08.bundle,俊恩抵達,Say,セイワ･ゲン,3,だから君は、ジェイを寄越してくれたんだろう？,
d0e81a4acd55cfac60c2aa1bec155c08.bundle,俊恩抵達,Say,セイワ･ゲン,4,私は元々……,
d0e81a4acd55cfac60c2aa1bec155c08.bundle,俊恩抵達,Say,シュン･ゴ,2,本題に入りましょう。執行官。,
d0e81a4acd55cfac60c2aa1bec155c08.bundle,俊恩抵達,Say,シュン･ゴ,3,……,
d0e81a4acd55cfac60c2aa1bec155c08.bundle,俊恩抵達,Say,セイワ･ゲン,5,君は、よく口下手だと言われないかね？,
d0e81a4acd55cfac60c2aa1bec155c08.bundle,俊恩抵達,Say,シュン･ゴ,4,よく言われます。ですが、これから話すことと、それが何か関係があるのでしょうか？,
d0e81a4acd55cfac60c2aa1bec155c08.bundle,俊恩抵達,Say,セイワ･ゲン,6,ハハ……確かにないな。,
d0e81a4acd55cfac60c2aa1bec155c08.bundle,俊恩抵達,Say,セイワ･ゲン,7,わかった。では本題に移ろう。,
d0e81a4acd55cfac60c2aa1bec155c08.bundle,俊恩抵達,Say,セイワ･ゲン,8,簡単に言うと……,
d0e81a4acd55cfac60c2aa1bec155c08.bundle,俊恩抵達,Say,セイワ･ゲン,9,おめでとう。報告は無事成功したよ。,
d0e81a4acd55cfac60c2aa1bec155c08.bundle,俊恩抵達,Say,セイワ･ゲン,10,現段階の結果だが、半数以上の取締役はサイレントの閉鎖に同意した。,
d0e81a4acd55cfac60c2aa1bec155c08.bundle,俊恩抵達,Say,セイワ･ゲン,11,すべては君の報告のおかげさ。よくやった。,
d0e81a4acd55cfac60c2aa1bec155c08.bundle,俊恩抵達,Say,セイワ･ゲン,12,特に報告にあった工場閉鎖後のマイナーの処置については、見事だった。,
d0e81a4acd55cfac60c2aa1bec155c08.bundle,俊恩抵達,Say,シュン･ゴ,5,ありがとうございます、執行官。,
d0e81a4acd55cfac60c2aa1bec155c08.bundle,俊恩抵達,Say,セイワ･ゲン,13,もしかして君は、選別組のデータも得ているのか？,
d0e81a4acd55cfac60c2aa1bec155c08.bundle,俊恩抵達,Say,シュン･ゴ,6,はい。,
d0e81a4acd55cfac60c2aa1bec155c08.bundle,俊恩抵達,Say,セイワ･ゲン,14,嫌がる彼らから、どうやって手に入れたんだ？,
d0e81a4acd55cfac60c2aa1bec155c08.bundle,俊恩抵達,Say,シュン･ゴ,7,ジェイ･ダイに選別組のメンバーを説得してもらいました。,
d0e81a4acd55cfac60c2aa1bec155c08.bundle,俊恩抵達,Say,セイワ･ゲン,15,ほう、それは大手柄だ。,
d0e81a4acd55cfac60c2aa1bec155c08.bundle,俊恩抵達,Say,セイワ･ゲン,16,……,
d0e81a4acd55cfac60c2aa1bec155c08.bundle,俊恩抵達,Say,セイワ･ゲン,17,よろしい。,
d0e81a4acd55cfac60c2aa1bec155c08.bundle,俊恩抵達,Say,セイワ･ゲン,18,では、君を工場マネージャーに任命しよう。,
d0e81a4acd55cfac60c2aa1bec155c08.bundle,俊恩抵達,Say,セイワ･ゲン,19,任命の手続きは1ヶ月ほどかかってしまうが……,
d0e81a4acd55cfac60c2aa1bec155c08.bundle,俊恩抵達,Say,セイワ･ゲン,20,君に、今後のサイレントを任せた。,
d0e81a4acd55cfac60c2aa1bec155c08.bundle,俊恩抵達,Say,セイワ･ゲン,21,おめでとう、シュン･ゴ。,
d0e81a4acd55cfac60c2aa1bec155c08.bundle,俊恩抵達,Say,シュン･ゴ,8,ありがとうございます、執行官。,
d0e81a4acd55cfac60c2aa1bec155c08.bundle,俊恩抵達,Say,セイワ･ゲン,22,とはいえ、これは決して楽な仕事ではない。,
d0e81a4acd55cfac60c2aa1bec155c08.bundle,俊恩抵達,Say,セイワ･ゲン,23,君はかなり過酷な業務を抱え込んだと思ってほしい。,
d0e81a4acd55cfac60c2aa1bec155c08.bundle,俊恩抵達,Say,セイワ･ゲン,24,サイレントはもう満身創痍だが、稼働している工場ではある。,
d0e81a4acd55cfac60c2aa1bec155c08.bundle,俊恩抵達,Say,セイワ･ゲン,25,この工場は複雑な利益関係が絡んでおり、穏便に閉鎖させるのは容易なことではない。,
d0e81a4acd55cfac60c2aa1bec155c08.bundle,俊恩抵達,Say,セイワ･ゲン,26,頑張りたまえ。,
d0e81a4acd55cfac60c2aa1bec155c08.bundle,俊恩抵達,Say,シュン･ゴ,9,はい、ありがとうございます！,
d0e81a4acd55cfac60c2aa1bec155c08.bundle,俊恩抵達,Say,セイワ･ゲン,27,よし。,
d0e81a4acd55cfac60c2aa1bec155c08.bundle,俊恩抵達,Say,セイワ･ゲン,28,では、私は取締役に用があるから、これで失礼する。,
d0e81a4acd55cfac60c2aa1bec155c08.bundle,俊恩抵達,Say,シュン･ゴ,10,はい。,
d0e81a4acd55cfac60c2aa1bec155c08.bundle,俊恩抵達,Say,セイワ･ゲン,29,そうだ。,
d0e81a4acd55cfac60c2aa1bec155c08.bundle,俊恩抵達,Say,セイワ･ゲン,30,ジェイは素晴らしい社員だ。逃がすなよ。,
d0e81a4acd55cfac60c2aa1bec155c08.bundle,俊恩抵達,Say,セイワ･ゲン,31,彼との会話は実に楽しかった。,
d0e81a4acd55cfac60c2aa1bec155c08.bundle,俊恩抵達,Say,シュン･ゴ,11,はい、ありがとうございます。,
d0e81a4acd55cfac60c2aa1bec155c08.bundle,俊恩抵達,Say,セイワ･ゲン,32,頑張れよ。,
d0e81a4acd55cfac60c2aa1bec155c08.bundle,俊恩抵達,Say,シュン･ゴ,12,はい、ご足労いただきありがとうございました。,
d0e81a4acd55cfac60c2aa1bec155c08.bundle,俊恩抵達,Say,セイワ･ゲン,33,残念だが、君の報告は彼らの心を動かせなかったようだ。,
d0e81a4acd55cfac60c2aa1bec155c08.bundle,俊恩抵達,Say,シュン･ゴ,13,……,
d0e81a4acd55cfac60c2aa1bec155c08.bundle,俊恩抵達,Say,シュン･ゴ,14,そうでしたか。,
d0e81a4acd55cfac60c2aa1bec155c08.bundle,俊恩抵達,Say,セイワ･ゲン,34,君の報告は役には立ったが、まだ足りない。,
d0e81a4acd55cfac60c2aa1bec155c08.bundle,俊恩抵達,Say,セイワ･ゲン,35,工場閉鎖後のマイナーの処置に関するデータがあまりにも表面的だ。,
d0e81a4acd55cfac60c2aa1bec155c08.bundle,俊恩抵達,Say,セイワ･ゲン,36,記録も、専門的な意見もない。推測で練っただけの対策にすぎない……,
d0e81a4acd55cfac60c2aa1bec155c08.bundle,俊恩抵達,Say,セイワ･ゲン,37,こんなものに説得力はない。,
d0e81a4acd55cfac60c2aa1bec155c08.bundle,俊恩抵達,Say,シュン･ゴ,15,……はい。,
d0e81a4acd55cfac60c2aa1bec155c08.bundle,俊恩抵達,Say,セイワ･ゲン,38,だが、それは想定内だ。,
d0e81a4acd55cfac60c2aa1bec155c08.bundle,俊恩抵達,Say,シュン･ゴ,16,……？,
d0e81a4acd55cfac60c2aa1bec155c08.bundle,俊恩抵達,Say,セイワ･ゲン,39,あくまでも、マイナーと関わることのない操作組の知識だ。偏りがあるのは仕方ない。,
d0e81a4acd55cfac60c2aa1bec155c08.bundle,俊恩抵達,Say,セイワ･ゲン,40,私が期待しすぎたのだ。,
d0e81a4acd55cfac60c2aa1bec155c08.bundle,俊恩抵達,Say,シュン･ゴ,17,……,
d0e81a4acd55cfac60c2aa1bec155c08.bundle,俊恩抵達,Say,セイワ･ゲン,41,落ち込む必要はない。,
d0e81a4acd55cfac60c2aa1bec155c08.bundle,俊恩抵達,Say,セイワ･ゲン,42,君の報告は確かに役には立った。,
d0e81a4acd55cfac60c2aa1bec155c08.bundle,俊恩抵達,Say,シュン･ゴ,18,では、サイレントのマネージャーの件は……,
d0e81a4acd55cfac60c2aa1bec155c08.bundle,俊恩抵達,Say,セイワ･ゲン,43,私の話はまだ終わっていない。,
d0e81a4acd55cfac60c2aa1bec155c08.bundle,俊恩抵達,Say,シュン･ゴ,19,……,
d0e81a4acd55cfac60c2aa1bec155c08.bundle,俊恩抵達,Say,シュン･ゴ,20,失礼しました。,
d0e81a4acd55cfac60c2aa1bec155c08.bundle,俊恩抵達,Say,セイワ･ゲン,44,取締役である彼らの役には立ったが、私の役には立っていない。,
d0e81a4acd55cfac60c2aa1bec155c08.bundle,俊恩抵達,Say,シュン･ゴ,21,……,
d0e81a4acd55cfac60c2aa1bec155c08.bundle,俊恩抵達,Say,セイワ･ゲン,45,この報告では、サイレントがもたらす赤字を埋めることはできない。,
d0e81a4acd55cfac60c2aa1bec155c08.bundle,俊恩抵達,Say,セイワ･ゲン,46,取締役たちはサイレントを無理やり閉鎖させた場合に生じる損害を背負いたくないと思っている。,
d0e81a4acd55cfac60c2aa1bec155c08.bundle,俊恩抵達,Say,セイワ･ゲン,47,そんな大損を抱えるぐらいなら、サイレントを存続させた方がいいのだろう。,
d0e81a4acd55cfac60c2aa1bec155c08.bundle,俊恩抵達,Say,セイワ･ゲン,48,簡単に言えば、君のマイナー処置案に彼らは不信感を抱いている。,
d0e81a4acd55cfac60c2aa1bec155c08.bundle,俊恩抵達,Say,シュン･ゴ,22,……,
d0e81a4acd55cfac60c2aa1bec155c08.bundle,俊恩抵達,Say,セイワ･ゲン,49,私は君に、工場を動かせる力があるかどうかを試したのたが……,
d0e81a4acd55cfac60c2aa1bec155c08.bundle,俊恩抵達,Say,セイワ･ゲン,50,君はまだ、現状の管理下でしか影響力を持っていないようだな。,
d0e81a4acd55cfac60c2aa1bec155c08.bundle,俊恩抵達,Say,セイワ･ゲン,51,言い換えれば、己の能力以上のことはしていない。,
d0e81a4acd55cfac60c2aa1bec155c08.bundle,俊恩抵達,Say,セイワ･ゲン,52,だから、驚きはなかった。,
d0e81a4acd55cfac60c2aa1bec155c08.bundle,俊恩抵達,Say,シュン･ゴ,23,……,
d0e81a4acd55cfac60c2aa1bec155c08.bundle,俊恩抵達,Say,セイワ･ゲン,53,以上だ。,
d0e81a4acd55cfac60c2aa1bec155c08.bundle,俊恩抵達,Say,セイワ･ゲン,54,先程、何かを聞こうとしていたが、何の話だったかな？,
d0e81a4acd55cfac60c2aa1bec155c08.bundle,俊恩抵達,Say,シュン･ゴ,24,……私に工場のマネージャーを任せていただけるでしょうか？,
d0e81a4acd55cfac60c2aa1bec155c08.bundle,俊恩抵達,Say,セイワ･ゲン,55,無論……,
d0e81a4acd55cfac60c2aa1bec155c08.bundle,俊恩抵達,Say,セイワ･ゲン,56,任せることはない。,
d0e81a4acd55cfac60c2aa1bec155c08.bundle,俊恩抵達,Say,シュン･ゴ,25,……,
d0e81a4acd55cfac60c2aa1bec155c08.bundle,俊恩抵達,Say,セイワ･ゲン,57,だが君は正式的に操作組のチーフになれる。,
d0e81a4acd55cfac60c2aa1bec155c08.bundle,俊恩抵達,Say,セイワ･ゲン,58,チーフに居座っていた彼への処遇については、私が処理をするから心配はいらない。,
d0e81a4acd55cfac60c2aa1bec155c08.bundle,俊恩抵達,Say,セイワ･ゲン,59,いいか、シュン･ゴ。,
d0e81a4acd55cfac60c2aa1bec155c08.bundle,俊恩抵達,Say,セイワ･ゲン,60,君は現在の職務に長けているようだし、まずは今ある仕事に専念しなさい。,
d0e81a4acd55cfac60c2aa1bec155c08.bundle,俊恩抵達,Say,シュン･ゴ,26,……わかりました。,
d0e81a4acd55cfac60c2aa1bec155c08.bundle,俊恩抵達,Say,セイワ･ゲン,61,よろしい。,
d0e81a4acd55cfac60c2aa1bec155c08.bundle,俊恩抵達,Say,セイワ･ゲン,62,話が終わったなら、私はこれで失礼する。,
d0e81a4acd55cfac60c2aa1bec155c08.bundle,俊恩抵達,Say,セイワ･ゲン,63,……,
d0e81a4acd55cfac60c2aa1bec155c08.bundle,俊恩抵達,Say,セイワ･ゲン,64,それと……,
d0e81a4acd55cfac60c2aa1bec155c08.bundle,俊恩抵達,Say,セイワ･ゲン,65,落ち込む必要はない。サイレントはいずれ閉鎖される運命だ。,
d0e81a4acd55cfac60c2aa1bec155c08.bundle,俊恩抵達,Say,セイワ･ゲン,66,その日が訪れるまでの間は、君がしっかりとこの工場の面倒を見てあげればいい。,
d0e81a4acd55cfac60c2aa1bec155c08.bundle,俊恩抵達,Say,セイワ･ゲン,67,これはすべて、君の「おかげ」だ。,
d0e81a4acd55cfac60c2aa1bec155c08.bundle,俊恩抵達,Say,セイワ･ゲン,68,では、失礼する。,
d0e81a4acd55cfac60c2aa1bec155c08.bundle,俊恩抵達,Say,シュン･ゴ,27,お疲れ様でした。,
d0e81a4acd55cfac60c2aa1bec155c08.bundle,俊恩抵達,Branch,#Simple,0,お疲れ様でした。,
d0e81a4acd55cfac60c2aa1bec155c08.bundle,俊恩抵達,Branch,#Simple,1,……,
d0e81a4acd55cfac60c2aa1bec155c08.bundle,阿緯俊恩和解2,Say,イー･テイ,0,……,
d0e81a4acd55cfac60c2aa1bec155c08.bundle,阿緯俊恩和解2,Say,シュン･ゴ,0,……,
d0e81a4acd55cfac60c2aa1bec155c08.bundle,阿緯俊恩和解2,Say,シュン･ゴ,1,単刀直入に言いいます。,
d0e81a4acd55cfac60c2aa1bec155c08.bundle,阿緯俊恩和解2,Say,シュン･ゴ,2,ジェイのおかげで、あなたの計画が実現可能なことに気づきました。,
d0e81a4acd55cfac60c2aa1bec155c08.bundle,阿緯俊恩和解2,Say,シュン･ゴ,3,もし取締役会が本当にあなたの言うように、サイレントに資金を提供する気があるのなら……,
d0e81a4acd55cfac60c2aa1bec155c08.bundle,阿緯俊恩和解2,Say,イー･テイ,1,自分の過ちを認めてくれたんだね。,
d0e81a4acd55cfac60c2aa1bec155c08.bundle,阿緯俊恩和解2,Say,シュン･ゴ,4,……過ち？,
d0e81a4acd55cfac60c2aa1bec155c08.bundle,阿緯俊恩和解2,Say,シュン･ゴ,5,なぜそうなるのですか？,
d0e81a4acd55cfac60c2aa1bec155c08.bundle,阿緯俊恩和解2,Say,イー･テイ,2,昔の君は僕の計画をバカにしてたけど、今は認めてくれているんだろう？,
d0e81a4acd55cfac60c2aa1bec155c08.bundle,阿緯俊恩和解2,Say,シュン･ゴ,6,……,
d0e81a4acd55cfac60c2aa1bec155c08.bundle,阿緯俊恩和解2,Say,シュン･ゴ,7,私の話はまだ途中です。,
d0e81a4acd55cfac60c2aa1bec155c08.bundle,阿緯俊恩和解2,Say,シュン･ゴ,8,それに私は、実現できる可能性があると言っただけです。,
d0e81a4acd55cfac60c2aa1bec155c08.bundle,阿緯俊恩和解2,Say,イー･テイ,3,どういうこと？,
d0e81a4acd55cfac60c2aa1bec155c08.bundle,阿緯俊恩和解2,Say,シュン･ゴ,9,あなたは取締役会が、サイレントの修理費を出してくれると言いましたよね？,
d0e81a4acd55cfac60c2aa1bec155c08.bundle,阿緯俊恩和解2,Say,シュン･ゴ,10,なら、どれだけの資金が必要なのかは想定していますか？,
d0e81a4acd55cfac60c2aa1bec155c08.bundle,阿緯俊恩和解2,Say,イー･テイ,4,もちろん、僕は……,
d0e81a4acd55cfac60c2aa1bec155c08.bundle,阿緯俊恩和解2,Say,シュン･ゴ,11,なら、その数字を三倍にしてください。,
d0e81a4acd55cfac60c2aa1bec155c08.bundle,阿緯俊恩和解2,Say,イー･テイ,5,三倍！？どうしてなんだ……？,
d0e81a4acd55cfac60c2aa1bec155c08.bundle,阿緯俊恩和解2,Say,シュン･ゴ,12,生きた人間を吊したまま修理をする難しさをあなたは知らない。,
d0e81a4acd55cfac60c2aa1bec155c08.bundle,阿緯俊恩和解2,Say,シュン･ゴ,13,例え資金が潤沢でも、サイレントを正常に戻すには数十年もの修理が必要です。,
d0e81a4acd55cfac60c2aa1bec155c08.bundle,阿緯俊恩和解2,Say,シュン･ゴ,14,だから私は、あなたの計画に乗る気はなかった。,
d0e81a4acd55cfac60c2aa1bec155c08.bundle,阿緯俊恩和解2,Say,シュン･ゴ,15,あなたの計画は最初から、間違った仮説の上に建っています。,
d0e81a4acd55cfac60c2aa1bec155c08.bundle,阿緯俊恩和解2,Say,シュン･ゴ,16,私は何度もあなたに訴えてきましたが、あなたはそれでも前提を間違え続けた。,
d0e81a4acd55cfac60c2aa1bec155c08.bundle,阿緯俊恩和解2,Say,シュン･ゴ,17,サイレントはそう簡単に修理できるものではありません。,
d0e81a4acd55cfac60c2aa1bec155c08.bundle,阿緯俊恩和解2,Say,イー･テイ,6,……,
d0e81a4acd55cfac60c2aa1bec155c08.bundle,阿緯俊恩和解2,Say,イー･テイ,7,ならどうしてここに来たんだ？,
d0e81a4acd55cfac60c2aa1bec155c08.bundle,阿緯俊恩和解2,Say,シュン･ゴ,18,取締役から資金を提供してもらう、それは私にはできないことだからです。,
d0e81a4acd55cfac60c2aa1bec155c08.bundle,阿緯俊恩和解2,Say,イー･テイ,8,だから……？,
d0e81a4acd55cfac60c2aa1bec155c08.bundle,阿緯俊恩和解2,Say,シュン･ゴ,19,その資金で、中途解約させられたマイナーたちへの賠償金を賄えます。そうなれば工場閉鎖も……,
d0e81a4acd55cfac60c2aa1bec155c08.bundle,阿緯俊恩和解2,Say,イー･テイ,9,本気で言っているのか？,
d0e81a4acd55cfac60c2aa1bec155c08.bundle,阿緯俊恩和解2,Say,シュン･ゴ,20,これなら工場閉鎖も順調に進められますし、マイナーたちへの補償も……,
d0e81a4acd55cfac60c2aa1bec155c08.bundle,阿緯俊恩和解2,Say,イー･テイ,10,シュン……,
d0e81a4acd55cfac60c2aa1bec155c08.bundle,阿緯俊恩和解2,Say,シュン･ゴ,21,セラーで死人を出さない、これが最善の結末ですよ。,
d0e81a4acd55cfac60c2aa1bec155c08.bundle,阿緯俊恩和解2,Say,イー･テイ,11,シュン･ゴ、君は一体何を言っているんだ？,
d0e81a4acd55cfac60c2aa1bec155c08.bundle,阿緯俊恩和解2,Say,シュン･ゴ,22,私は合理的で、具体的で、可能性のある計画について話しています。,
d0e81a4acd55cfac60c2aa1bec155c08.bundle,阿緯俊恩和解2,Say,イー･テイ,12,君はわかってないのか？取締役が資金の提供を約束するのは、供給者を増やしたいからだ！,
d0e81a4acd55cfac60c2aa1bec155c08.bundle,阿緯俊恩和解2,Say,イー･テイ,13,それを使って失業率を下げ、政府への影響力を大きくしたいからだ！,
d0e81a4acd55cfac60c2aa1bec155c08.bundle,阿緯俊恩和解2,Say,イー･テイ,14,なのに君は、彼らから資金をもらい、供給者たちを中途解約することで、失業率を上げるつもりなのか？,
d0e81a4acd55cfac60c2aa1bec155c08.bundle,阿緯俊恩和解2,Say,イー･テイ,15,取締役にとって何のメリットがあるんだ！？,
d0e81a4acd55cfac60c2aa1bec155c08.bundle,阿緯俊恩和解2,Say,シュン･ゴ,23,サイレントからこれ以上、死傷者が出なくなれば、イメージ戦略に繋がると思います。,
d0e81a4acd55cfac60c2aa1bec155c08.bundle,阿緯俊恩和解2,Say,シュン･ゴ,24,万象にとっても、いいイメージ戦略になるはずです。,
d0e81a4acd55cfac60c2aa1bec155c08.bundle,阿緯俊恩和解2,Say,イー･テイ,16,サイレントから死人が出ることは、そもそも大した問題じゃない……,
d0e81a4acd55cfac60c2aa1bec155c08.bundle,阿緯俊恩和解2,Say,シュン･ゴ,25,……何ですって？,
d0e81a4acd55cfac60c2aa1bec155c08.bundle,阿緯俊恩和解2,Say,イー･テイ,17,最後まで僕の話を聞いてくれ。,
d0e81a4acd55cfac60c2aa1bec155c08.bundle,阿緯俊恩和解2,Say,イー･テイ,18,セラーで人が死んでも、万象はその報道を揉み消せるんだ。,
d0e81a4acd55cfac60c2aa1bec155c08.bundle,阿緯俊恩和解2,Say,シュン･ゴ,26,だからって、セラーでの事故を放任するのですか？,
d0e81a4acd55cfac60c2aa1bec155c08.bundle,阿緯俊恩和解2,Say,イー･テイ,19,だから、最後まで僕の話を……,
d0e81a4acd55cfac60c2aa1bec155c08.bundle,阿緯俊恩和解2,Say,シュン･ゴ,27,ずっと聞き続けてきましたよ！,
d0e81a4acd55cfac60c2aa1bec155c08.bundle,阿緯俊恩和解2,Say,シュン･ゴ,28,ジェイ。彼は今、死人が出ても大した問題じゃないと言いましたよね？,
d0e81a4acd55cfac60c2aa1bec155c08.bundle,阿緯俊恩和解2,Say,シュン･ゴ,29,それはセラーの事故を放任しているのと、何が違うのですか？,
d0e81a4acd55cfac60c2aa1bec155c08.bundle,阿緯俊恩和解2,Branch,#Simple,0,確かに私にもそう聞こえます。,
d0e81a4acd55cfac60c2aa1bec155c08.bundle,阿緯俊恩和解2,Say,シュン･ゴ,30,ほら。,
d0e81a4acd55cfac60c2aa1bec155c08.bundle,阿緯俊恩和解2,Say,イー･テイ,20,ジェイまで……,
d0e81a4acd55cfac60c2aa1bec155c08.bundle,阿緯俊恩和解2,Branch,#Simple,1,彼が言いたいのは、「万象」にとっては、大した問題じゃないってことです。,
d0e81a4acd55cfac60c2aa1bec155c08.bundle,阿緯俊恩和解2,Say,イー･テイ,21,ジェイの言うとおりだよ！,
d0e81a4acd55cfac60c2aa1bec155c08.bundle,阿緯俊恩和解2,Say,シュン･ゴ,31,……,
d0e81a4acd55cfac60c2aa1bec155c08.bundle,阿緯俊恩和解2,Branch,#Simple,2,私にもわかりません。,
d0e81a4acd55cfac60c2aa1bec155c08.bundle,阿緯俊恩和解2,Say,イー･テイ,22,ジェイもわかってくれないのか……？,
d0e81a4acd55cfac60c2aa1bec155c08.bundle,阿緯俊恩和解2,Say,イー･テイ,23,僕が言いたいのは、サイレントで死人が出ても、万象は気にしないってことだ。,
d0e81a4acd55cfac60c2aa1bec155c08.bundle,阿緯俊恩和解2,Say,イー･テイ,24,だから彼らは、セラーの修理費に資金を費やさない。,
d0e81a4acd55cfac60c2aa1bec155c08.bundle,阿緯俊恩和解2,Say,イー･テイ,25,悲しいが、これが現実だ。,
d0e81a4acd55cfac60c2aa1bec155c08.bundle,阿緯俊恩和解2,Say,イー･テイ,26,僕たちが考えるべきなのは、彼らの悪巧みを利用して、正しい道に修正することだ。,
d0e81a4acd55cfac60c2aa1bec155c08.bundle,阿緯俊恩和解2,Say,イー･テイ,27,だから僕は取締役から資金を提供してもらいことで、この計画を現実にしたいんだ。,
d0e81a4acd55cfac60c2aa1bec155c08.bundle,阿緯俊恩和解2,Say,シュン･ゴ,32,……あなたがやりたいことはわかりました。,
d0e81a4acd55cfac60c2aa1bec155c08.bundle,阿緯俊恩和解2,Say,シュン･ゴ,33,ですが、あなたがやっていることは、より多くの人に仕事を与えているだけではありませんか？,
d0e81a4acd55cfac60c2aa1bec155c08.bundle,阿緯俊恩和解2,Say,イー･テイ,28,だけ？,
d0e81a4acd55cfac60c2aa1bec155c08.bundle,阿緯俊恩和解2,Say,シュン･ゴ,34,セラーで死傷者を出すより、重要なことなのでしょう？,
d0e81a4acd55cfac60c2aa1bec155c08.bundle,阿緯俊恩和解2,Branch,#Simple,3,イー･テイがやろうとしていることも重要です。,
d0e81a4acd55cfac60c2aa1bec155c08.bundle,阿緯俊恩和解2,Say,シュン･ゴ,35,私がやろうとしていることに比べれば、さほど重要ではありません。,
d0e81a4acd55cfac60c2aa1bec155c08.bundle,阿緯俊恩和解2,Branch,#Simple,4,それでも、彼の考えを尊重すべきです。,
d0e81a4acd55cfac60c2aa1bec155c08.bundle,阿緯俊恩和解2,Say,シュン･ゴ,36,……,
d0e81a4acd55cfac60c2aa1bec155c08.bundle,阿緯俊恩和解2,Branch,#Simple,5,彼はあなたの考えを認めました。あなたも彼の考えを客観的に見るべきです。,
d0e81a4acd55cfac60c2aa1bec155c08.bundle,阿緯俊恩和解2,Say,シュン･ゴ,37,……,
d0e81a4acd55cfac60c2aa1bec155c08.bundle,阿緯俊恩和解2,Say,シュン･ゴ,38,そうですね。,
d0e81a4acd55cfac60c2aa1bec155c08.bundle,阿緯俊恩和解2,Say,シュン･ゴ,39,確かに私は、自分の目的しか考えていませんでした。,
d0e81a4acd55cfac60c2aa1bec155c08.bundle,阿緯俊恩和解2,Say,シュン･ゴ,40,あなたの立場に立って考えることができなかった、私が悪かったです。,
d0e81a4acd55cfac60c2aa1bec155c08.bundle,阿緯俊恩和解2,Say,イー･テイ,29,……ありがとう。,
d0e81a4acd55cfac60c2aa1bec155c08.bundle,阿緯俊恩和解2,Branch,#Simple,6,それとも、自分の考えが一番だとでも思っているんですか？,
d0e81a4acd55cfac60c2aa1bec155c08.bundle,阿緯俊恩和解2,Say,シュン･ゴ,41,……一番？何の話ですか？,
d0e81a4acd55cfac60c2aa1bec155c08.bundle,阿緯俊恩和解2,Say,シュン･ゴ,42,一番も、二番も関係ない話ではないですか……,
d0e81a4acd55cfac60c2aa1bec155c08.bundle,阿緯俊恩和解2,Say,イー･テイ,30,まあ、まあ……,
d0e81a4acd55cfac60c2aa1bec155c08.bundle,阿緯俊恩和解2,Say,イー･テイ,31,ジェイは多分、僕の立場も考えてほしいと言いたいだけだよ。,
d0e81a4acd55cfac60c2aa1bec155c08.bundle,阿緯俊恩和解2,Branch,#Simple,7,……,
d0e81a4acd55cfac60c2aa1bec155c08.bundle,阿緯俊恩和解2,Branch,#Simple,8,確かに、人間の生き死にこそ一番重要な問題です。,
d0e81a4acd55cfac60c2aa1bec155c08.bundle,阿緯俊恩和解2,Say,イー･テイ,32,ジェイ……,
d0e81a4acd55cfac60c2aa1bec155c08.bundle,阿緯俊恩和解2,Branch,#Simple,9,……,
d0e81a4acd55cfac60c2aa1bec155c08.bundle,阿緯俊恩和解2,Branch,#Simple,10,でも仕事が失ったら、人は生きる手段を失います。,
d0e81a4acd55cfac60c2aa1bec155c08.bundle,阿緯俊恩和解2,Say,シュン･ゴ,43,ですが、生きていますよ。,
d0e81a4acd55cfac60c2aa1bec155c08.bundle,阿緯俊恩和解2,Branch,#Simple,11,確かに、死人が出るのが一番の問題です。,
d0e81a4acd55cfac60c2aa1bec155c08.bundle,阿緯俊恩和解2,Say,シュン･ゴ,44,これこそが正常な人間の考えです。,
d0e81a4acd55cfac60c2aa1bec155c08.bundle,阿緯俊恩和解2,Say,イー･テイ,33,……はぁ。,
d0e81a4acd55cfac60c2aa1bec155c08.bundle,阿緯俊恩和解2,Branch,#Simple,12,……,
d0e81a4acd55cfac60c2aa1bec155c08.bundle,阿緯俊恩和解2,Say,イー･テイ,34,シュン、僕はずっと、互いの目標を「一緒に」達成しようと努めてきた。,
d0e81a4acd55cfac60c2aa1bec155c08.bundle,阿緯俊恩和解2,Say,イー･テイ,35,でも君は自分の目標にしか興味がないんだ。,
d0e81a4acd55cfac60c2aa1bec155c08.bundle,阿緯俊恩和解2,Say,イー･テイ,36,僕は何度でも同じことを言うよ……,
d0e81a4acd55cfac60c2aa1bec155c08.bundle,阿緯俊恩和解2,Say,シュン･ゴ,45,私の目標こそが、一番重要だからです。,
d0e81a4acd55cfac60c2aa1bec155c08.bundle,阿緯俊恩和解2,Say,イー･テイ,37,もうこれ以上、話す必要はないみたいだね。,
d0e81a4acd55cfac60c2aa1bec155c08.bundle,阿緯俊恩和解2,Say,シュン･ゴ,46,やっとあなたと意見が合いましたね。,
d0e81a4acd55cfac60c2aa1bec155c08.bundle,阿緯俊恩和解2,Say,シュン･ゴ,47,あなたと話したのは間違いでした。失礼します。,
d0e81a4acd55cfac60c2aa1bec155c08.bundle,阿緯俊恩和解2,Branch,#Simple,13,待ってください。もう少しだけでも。,
d0e81a4acd55cfac60c2aa1bec155c08.bundle,阿緯俊恩和解2,Say,シュン･ゴ,48,もう話は終わりです。,
d0e81a4acd55cfac60c2aa1bec155c08.bundle,阿緯俊恩和解2,Say,イー･テイ,38,ジェイ、僕も同意見だ。,
d0e81a4acd55cfac60c2aa1bec155c08.bundle,阿緯俊恩和解2,Say,イー･テイ,39,もう十分だよ。,
d0e81a4acd55cfac60c2aa1bec155c08.bundle,阿緯俊恩和解2,Branch,#Simple,14,……,
d0e81a4acd55cfac60c2aa1bec155c08.bundle,阿緯俊恩和解2,Say,イー･テイ,40,……,
d0e81a4acd55cfac60c2aa1bec155c08.bundle,阿緯俊恩和解2,Say,イー･テイ,41,クソッ！！！,
d0e81a4acd55cfac60c2aa1bec155c08.bundle,阿緯俊恩和解2,Say,イー･テイ,42,あのシュン･ゴの頑固さは、一生変わらないだろうな。,
d0e81a4acd55cfac60c2aa1bec155c08.bundle,阿緯俊恩和解2,Say,イー･テイ,43,もう本来の計画で進めるしかない。彼のせいで、かなりの時間を失ったよ。,
d0e81a4acd55cfac60c2aa1bec155c08.bundle,阿緯俊恩和解2,Say,イー･テイ,44,もう少しで、執行官との約束の時間になる。,
d0e81a4acd55cfac60c2aa1bec155c08.bundle,阿緯俊恩和解2,Say,イー･テイ,45,ジェイ、僕はオフィスに戻って報告書を仕上げる。,
d0e81a4acd55cfac60c2aa1bec155c08.bundle,阿緯俊恩和解2,Say,イー･テイ,46,先にホールで待っていて。もし執行官が僕より先に着いたなら、時間を稼いでくれ。,
d0e81a4acd55cfac60c2aa1bec155c08.bundle,阿緯俊恩和解2,Branch,#Simple,15,どうすればいいんですか？,
d0e81a4acd55cfac60c2aa1bec155c08.bundle,阿緯俊恩和解2,Say,イー･テイ,47,彼の話に付き合えばいいよ。,
d0e81a4acd55cfac60c2aa1bec155c08.bundle,阿緯俊恩和解2,Branch,#Simple,16,わかりました。,
d0e81a4acd55cfac60c2aa1bec155c08.bundle,阿緯俊恩和解2,Say,イー･テイ,48,ありがとう。,
d0e81a4acd55cfac60c2aa1bec155c08.bundle,阿緯俊恩和解2,Branch,#Simple,17,すみません。シュン･ゴに来てもらうべきではありませんでした。,
d0e81a4acd55cfac60c2aa1bec155c08.bundle,阿緯俊恩和解2,Say,イー･テイ,49,大丈夫だよ。それに彼が、こんなに石頭だとは思わなかった。,
d0e81a4acd55cfac60c2aa1bec155c08.bundle,阿緯俊恩和解2,Say,イー･テイ,50,なんてことだ……,
d0e81a4acd55cfac60c2aa1bec155c08.bundle,阿緯俊恩和解2,Say,イー･テイ,51,じゃ、僕は先に行くね。,
d0e81a4acd55cfac60c2aa1bec155c08.bundle,阿緯俊恩和解2,Say,リン･テイ,0,ジェイ……,
d0e81a4acd55cfac60c2aa1bec155c08.bundle,阿緯俊恩和解2,Say,リン･テイ,1,ジェイは頑張ったよ。,
d0e81a4acd55cfac60c2aa1bec155c08.bundle,阿緯俊恩和解2,Branch,#Simple,18,もっと何とかできたはずだ。,
d0e81a4acd55cfac60c2aa1bec155c08.bundle,阿緯俊恩和解2,Branch,#Simple,19,ああ。これはどうしようもなかったんだ。,
d0e81a4acd55cfac60c2aa1bec155c08.bundle,阿緯俊恩和解2,Branch,#Simple,20,……,
d0e81a4acd55cfac60c2aa1bec155c08.bundle,阿緯俊恩和解2,Say,リン･テイ,2,……,
d0e81a4acd55cfac60c2aa1bec155c08.bundle,阿緯俊恩和解2,Say,リン･テイ,3,それに、そもそもあなたの責任じゃないからね。,
d0e81a4acd55cfac60c2aa1bec155c08.bundle,阿緯俊恩和解2,Branch,#Simple,21,わかってる。,
d0e81a4acd55cfac60c2aa1bec155c08.bundle,阿緯俊恩和解2,Say,リン･テイ,4,ならいいけどさ。,
d0e81a4acd55cfac60c2aa1bec155c08.bundle,阿緯俊恩和解2,Branch,#Simple,22,それでも、こんな結果は見たくなかった。,
d0e81a4acd55cfac60c2aa1bec155c08.bundle,阿緯俊恩和解2,Say,リン･テイ,5,……うん。,
d0e81a4acd55cfac60c2aa1bec155c08.bundle,阿緯俊恩和解2,Say,シュン･ゴ,49,あなたは、どう考えているのですか……？,
d0e81a4acd55cfac60c2aa1bec155c08.bundle,阿緯俊恩和解2,Say,シュン･ゴ,50,あなたの立場に立って考えてみましたが、やはりセラーの事故を放任することはできません。,
d0e81a4acd55cfac60c2aa1bec155c08.bundle,阿緯俊恩和解2,Say,イー･テイ,52,僕もそれには同意見だ。,
d0e81a4acd55cfac60c2aa1bec155c08.bundle,阿緯俊恩和解2,Say,イー･テイ,53,シュン……,
d0e81a4acd55cfac60c2aa1bec155c08.bundle,阿緯俊恩和解2,Say,イー･テイ,54,もう一度、修理終了までの時間を見直してみないか？,
d0e81a4acd55cfac60c2aa1bec155c08.bundle,阿緯俊恩和解2,Say,シュン･ゴ,51,どういう意味です？,
d0e81a4acd55cfac60c2aa1bec155c08.bundle,阿緯俊恩和解2,Say,イー･テイ,55,君が……,
d0e81a4acd55cfac60c2aa1bec155c08.bundle,阿緯俊恩和解2,Say,イー･テイ,56,……何か見落としている可能性はないかってことだよ。,
d0e81a4acd55cfac60c2aa1bec155c08.bundle,阿緯俊恩和解2,Say,イー･テイ,57,もしかしたらこの問題は、思ったよりも難しくないのかもしれない。,
d0e81a4acd55cfac60c2aa1bec155c08.bundle,阿緯俊恩和解2,Say,シュン･ゴ,52,……,
d0e81a4acd55cfac60c2aa1bec155c08.bundle,阿緯俊恩和解2,Say,シュン･ゴ,53,サイレントの修理作業については、操作組は何年も前から議論し続けてきました。,
d0e81a4acd55cfac60c2aa1bec155c08.bundle,阿緯俊恩和解2,Say,シュン･ゴ,54,大金がかかるのは間違いありません。,
d0e81a4acd55cfac60c2aa1bec155c08.bundle,阿緯俊恩和解2,Say,シュン･ゴ,55,それに費用だけでなく、吊されている十数万人にかける時間も莫大です。,
d0e81a4acd55cfac60c2aa1bec155c08.bundle,阿緯俊恩和解2,Say,シュン･ゴ,56,時間もコストですよ。これについては理解できますか？,
d0e81a4acd55cfac60c2aa1bec155c08.bundle,阿緯俊恩和解2,Say,イー･テイ,58,わかっている！,
d0e81a4acd55cfac60c2aa1bec155c08.bundle,阿緯俊恩和解2,Say,イー･テイ,59,でも、僕が言いたいのは、数十年という時間を削減できる可能性があるんじゃないかってことなんだ。,
d0e81a4acd55cfac60c2aa1bec155c08.bundle,阿緯俊恩和解2,Say,イー･テイ,60,僕もいろいろ調べたんだ。君が言うほど、セラーの状況は酷くないと思う。,
d0e81a4acd55cfac60c2aa1bec155c08.bundle,阿緯俊恩和解2,Say,シュン･ゴ,57,……,
d0e81a4acd55cfac60c2aa1bec155c08.bundle,阿緯俊恩和解2,Branch,#Simple,23,でもそれは操作組の専門分野ですよね？,
d0e81a4acd55cfac60c2aa1bec155c08.bundle,阿緯俊恩和解2,Say,イー･テイ,61,そうだが、僕だって……,
d0e81a4acd55cfac60c2aa1bec155c08.bundle,阿緯俊恩和解2,Branch,#Simple,24,操作組が間違っている可能性があるってことですか？,
d0e81a4acd55cfac60c2aa1bec155c08.bundle,阿緯俊恩和解2,Say,心の声,0,シュン･ゴが信じられないとでも言うようにこちらを見ている……,
d0e81a4acd55cfac60c2aa1bec155c08.bundle,阿緯俊恩和解2,Say,シュン･ゴ,58,一体何を言っているのですか……？,
d0e81a4acd55cfac60c2aa1bec155c08.bundle,阿緯俊恩和解2,Branch,#Simple,25,……,
d0e81a4acd55cfac60c2aa1bec155c08.bundle,阿緯俊恩和解2,Say,イー･テイ,62,シュン、よく考えてくれ。今回のチャンスを逃したら……,
d0e81a4acd55cfac60c2aa1bec155c08.bundle,阿緯俊恩和解2,Say,シュン･ゴ,59,言いたいことはわかりますが、それは無理です。,
d0e81a4acd55cfac60c2aa1bec155c08.bundle,阿緯俊恩和解2,Say,シュン･ゴ,60,あなたに専門的な見解を示すのが私の責任です。,
d0e81a4acd55cfac60c2aa1bec155c08.bundle,阿緯俊恩和解2,Say,イー･テイ,63,はぁ……,
d0e81a4acd55cfac60c2aa1bec155c08.bundle,阿緯俊恩和解2,Say,イー･テイ,64,正直な僕の感想を述べると、君の考えはそれほど絶対的なことではないと思う。,
d0e81a4acd55cfac60c2aa1bec155c08.bundle,阿緯俊恩和解2,Say,イー･テイ,65,君はいつも自分たちの専門分野であることを盾にしている……,
d0e81a4acd55cfac60c2aa1bec155c08.bundle,阿緯俊恩和解2,Say,イー･テイ,66,なぜそこまで頑固に、考え方を変えようとしないんだ？,
d0e81a4acd55cfac60c2aa1bec155c08.bundle,阿緯俊恩和解2,Say,イー･テイ,67,ジェイ、君もそう思わないか？,
d0e81a4acd55cfac60c2aa1bec155c08.bundle,阿緯俊恩和解2,Say,イー･テイ,68,彼らはいつも自分の考えが必ず正しいみたいな言い方をして、自分たち以外の意見は無意味だと思っている。,
d0e81a4acd55cfac60c2aa1bec155c08.bundle,阿緯俊恩和解2,Branch,#Simple,26,専門分野である彼らの意見を尊重すべきだと思います。,
d0e81a4acd55cfac60c2aa1bec155c08.bundle,阿緯俊恩和解2,Say,イー･テイ,69,もちろん尊重はするよ。,
d0e81a4acd55cfac60c2aa1bec155c08.bundle,阿緯俊恩和解2,Say,イー･テイ,70,でも、それしか方法がないとは言えないだろう？,
d0e81a4acd55cfac60c2aa1bec155c08.bundle,阿緯俊恩和解2,Say,イー･テイ,71,僕だってちゃんと調べたんだ。でも彼はそれを見ずに、一蹴するだけじゃないか。,
d0e81a4acd55cfac60c2aa1bec155c08.bundle,阿緯俊恩和解2,Branch,#Simple,27,見るのは構いませんが、時間がかかります。,
d0e81a4acd55cfac60c2aa1bec155c08.bundle,阿緯俊恩和解2,Say,イー･テイ,72,……,
d0e81a4acd55cfac60c2aa1bec155c08.bundle,阿緯俊恩和解2,Branch,#Simple,28,セラーをどうにかしたいと、一番思っているのは操作組だと思います。,
d0e81a4acd55cfac60c2aa1bec155c08.bundle,阿緯俊恩和解2,Say,イー･テイ,73,それはわかってる。でも……,
d0e81a4acd55cfac60c2aa1bec155c08.bundle,阿緯俊恩和解2,Branch,#Simple,29,どのような意見にも、時間をかけて検証し、検討するなんてことは不可能です。,
d0e81a4acd55cfac60c2aa1bec155c08.bundle,阿緯俊恩和解2,Say,イー･テイ,74,どんな意見にでもとは言っていないよ。僕だってちゃんと調査して……,
d0e81a4acd55cfac60c2aa1bec155c08.bundle,阿緯俊恩和解2,Branch,#Simple,30,……,
d0e81a4acd55cfac60c2aa1bec155c08.bundle,阿緯俊恩和解2,Branch,#Simple,31,そうですね。他人の考えも検討してみるべきです。,
d0e81a4acd55cfac60c2aa1bec155c08.bundle,阿緯俊恩和解2,Say,シュン･ゴ,61,ジェイ……,
d0e81a4acd55cfac60c2aa1bec155c08.bundle,阿緯俊恩和解2,Say,シュン･ゴ,62,この件について、何度も言ってきたと思いますが……,
d0e81a4acd55cfac60c2aa1bec155c08.bundle,阿緯俊恩和解2,Say,シュン･ゴ,63,全ての意見を議論するには、莫大な時間が必要です。,
d0e81a4acd55cfac60c2aa1bec155c08.bundle,阿緯俊恩和解2,Say,シュン･ゴ,64,今の私には、そこまで時間がないのです。,
d0e81a4acd55cfac60c2aa1bec155c08.bundle,阿緯俊恩和解2,Say,シュン･ゴ,65,だからこそ、互いの専門知識を持ち寄り、互いを信頼し、仕事を分担する必要があるのです。,
d0e81a4acd55cfac60c2aa1bec155c08.bundle,阿緯俊恩和解2,Branch,#Simple,32,……,
d0e81a4acd55cfac60c2aa1bec155c08.bundle,阿緯俊恩和解2,Branch,#Simple,33,無意味とまでは言いませんが、専門知識に対しての信憑性は対等ではないですよね？,
d0e81a4acd55cfac60c2aa1bec155c08.bundle,阿緯俊恩和解2,Say,イー･テイ,75,対等ではないのは認めるよ。この件においては、操作組の方が遙かに時間と労力を費やしてきたのは確かだ。,
d0e81a4acd55cfac60c2aa1bec155c08.bundle,阿緯俊恩和解2,Say,イー･テイ,76,でも、彼らが僕と同じ視点を持っているとは限らないだろう？,
d0e81a4acd55cfac60c2aa1bec155c08.bundle,阿緯俊恩和解2,Branch,#Simple,34,そうですね。皆の意見にも耳を傾けるべきだと思います。,
d0e81a4acd55cfac60c2aa1bec155c08.bundle,阿緯俊恩和解2,Say,シュン･ゴ,66,ジェイ……,
d0e81a4acd55cfac60c2aa1bec155c08.bundle,阿緯俊恩和解2,Say,シュン･ゴ,67,この件について、何度も言ってきたと思いますが……,
d0e81a4acd55cfac60c2aa1bec155c08.bundle,阿緯俊恩和解2,Say,シュン･ゴ,68,全ての意見を議論するには、莫大な時間が必要です。,
d0e81a4acd55cfac60c2aa1bec155c08.bundle,阿緯俊恩和解2,Say,シュン･ゴ,69,今の私には、そこまで時間がないのです。,
d0e81a4acd55cfac60c2aa1bec155c08.bundle,阿緯俊恩和解2,Say,シュン･ゴ,70,だからこそ、互いの専門知識を持ち寄り、互いを信頼し、仕事を分担する必要があるのです。,
d0e81a4acd55cfac60c2aa1bec155c08.bundle,阿緯俊恩和解2,Branch,#Simple,35,……,
d0e81a4acd55cfac60c2aa1bec155c08.bundle,阿緯俊恩和解2,Say,シュン･ゴ,71,私はもう聞き飽きました。,
d0e81a4acd55cfac60c2aa1bec155c08.bundle,阿緯俊恩和解2,Say,シュン･ゴ,72,イー･テイ、あなたはこんな状況になっても、私の専門的な判断を信用していません。,
d0e81a4acd55cfac60c2aa1bec155c08.bundle,阿緯俊恩和解2,Say,イー･テイ,77,……,
d0e81a4acd55cfac60c2aa1bec155c08.bundle,阿緯俊恩和解2,Say,シュン･ゴ,73,信用することができないのなら、私たちが協力できる可能性はありません。,
d0e81a4acd55cfac60c2aa1bec155c08.bundle,阿緯俊恩和解2,Say,イー･テイ,78,……正直に言うと、僕ももううんざりだ。,
d0e81a4acd55cfac60c2aa1bec155c08.bundle,阿緯俊恩和解2,Say,イー･テイ,79,でも、この件は個人感情に流されるべきじゃない。僕たちは協力できる可能性を探るしかないんだ。,
d0e81a4acd55cfac60c2aa1bec155c08.bundle,阿緯俊恩和解2,Say,シュン･ゴ,74,個人感情？よくもそんなことが言えますね？,
d0e81a4acd55cfac60c2aa1bec155c08.bundle,阿緯俊恩和解2,Say,シュン･ゴ,75,この場で、一番個人感情を持ち出しているのは、あなたではありませんか？,
d0e81a4acd55cfac60c2aa1bec155c08.bundle,阿緯俊恩和解2,Say,シュン･ゴ,76,あなたは事実を無視し、自分の妄想に他人を巻き込もうとしています。,
d0e81a4acd55cfac60c2aa1bec155c08.bundle,阿緯俊恩和解2,Say,シュン･ゴ,77,そんなあなたに、かける言葉はありません。,
d0e81a4acd55cfac60c2aa1bec155c08.bundle,阿緯俊恩和解2,Say,シュン･ゴ,78,……,
d0e81a4acd55cfac60c2aa1bec155c08.bundle,阿緯俊恩和解2,Say,イー･テイ,80,……,
d0e81a4acd55cfac60c2aa1bec155c08.bundle,阿緯俊恩和解2,Say,イー･テイ,81,結局はいつも通りだね。,
d0e81a4acd55cfac60c2aa1bec155c08.bundle,阿緯俊恩和解2,Say,イー･テイ,82,君はまたコミュニケーションを放棄した。,
d0e81a4acd55cfac60c2aa1bec155c08.bundle,阿緯俊恩和解2,Say,シュン･ゴ,79,もうその言葉はうんざりです。,
d0e81a4acd55cfac60c2aa1bec155c08.bundle,阿緯俊恩和解2,Say,シュン･ゴ,80,いい加減にその芝居をやめなさい。,
d0e81a4acd55cfac60c2aa1bec155c08.bundle,阿緯俊恩和解2,Say,シュン･ゴ,81,あなたはそう言いながらも、ただ自分の意見に同意してもらいたいだけです。,
d0e81a4acd55cfac60c2aa1bec155c08.bundle,阿緯俊恩和解2,Say,イー･テイ,83,……,
d0e81a4acd55cfac60c2aa1bec155c08.bundle,阿緯俊恩和解2,Say,イー･テイ,84,わかった。そう思うことしかできないのなら、僕がこれ以上、ここにいても無意味だ。,
d0e81a4acd55cfac60c2aa1bec155c08.bundle,阿緯俊恩和解2,Branch,#Simple,36,待ってください。もう少しだけでも。,
d0e81a4acd55cfac60c2aa1bec155c08.bundle,阿緯俊恩和解2,Say,シュン･ゴ,82,いいえ、もう十分です。,
d0e81a4acd55cfac60c2aa1bec155c08.bundle,阿緯俊恩和解2,Say,イー･テイ,85,ジェイ、僕も同意見だ。,
d0e81a4acd55cfac60c2aa1bec155c08.bundle,阿緯俊恩和解2,Say,イー･テイ,86,もう話は終わりだ。,
d0e81a4acd55cfac60c2aa1bec155c08.bundle,阿緯俊恩和解2,Branch,#Simple,37,……,
d0e81a4acd55cfac60c2aa1bec155c08.bundle,阿緯俊恩和解2,Say,シュン･ゴ,83,……,
d0e81a4acd55cfac60c2aa1bec155c08.bundle,阿緯俊恩和解2,Say,シュン･ゴ,84,美しい理想しか見ない癖は、一生変わらないでしょうね。,
d0e81a4acd55cfac60c2aa1bec155c08.bundle,阿緯俊恩和解2,Say,シュン･ゴ,85,……,
d0e81a4acd55cfac60c2aa1bec155c08.bundle,阿緯俊恩和解2,Say,シュン･ゴ,86,もう本来の計画で進めるしかありません。彼のせいで、かなりの時間を失いました。,
d0e81a4acd55cfac60c2aa1bec155c08.bundle,阿緯俊恩和解2,Say,シュン･ゴ,87,もう少しで、執行官との約束の時間になります。,
d0e81a4acd55cfac60c2aa1bec155c08.bundle,阿緯俊恩和解2,Say,シュン･ゴ,88,ジェイ、私はオフィスに戻って報告書を仕上げます。,
d0e81a4acd55cfac60c2aa1bec155c08.bundle,阿緯俊恩和解2,Say,シュン･ゴ,89,先にホールで待っていてください。もし執行官が私より先に来られたなら、時間を稼いでおいてください。,
d0e81a4acd55cfac60c2aa1bec155c08.bundle,阿緯俊恩和解2,Branch,#Simple,38,どうすればいいんですか？,
d0e81a4acd55cfac60c2aa1bec155c08.bundle,阿緯俊恩和解2,Say,シュン･ゴ,90,彼の話に付き合うだけで大丈夫です。,
d0e81a4acd55cfac60c2aa1bec155c08.bundle,阿緯俊恩和解2,Branch,#Simple,39,わかりました。,
d0e81a4acd55cfac60c2aa1bec155c08.bundle,阿緯俊恩和解2,Say,シュン･ゴ,91,ありがとうございます。,
d0e81a4acd55cfac60c2aa1bec155c08.bundle,阿緯俊恩和解2,Branch,#Simple,40,すみません。イー･テイに来てもらうべきではありませんでした。,
d0e81a4acd55cfac60c2aa1bec155c08.bundle,阿緯俊恩和解2,Say,シュン･ゴ,92,彼の理解力があれほど乏しいとは予想外でした。,
d0e81a4acd55cfac60c2aa1bec155c08.bundle,阿緯俊恩和解2,Say,シュン･ゴ,93,これはあなたのせいではありません。,
d0e81a4acd55cfac60c2aa1bec155c08.bundle,阿緯俊恩和解2,Branch,#Simple,41,……,
d0e81a4acd55cfac60c2aa1bec155c08.bundle,阿緯俊恩和解2,Say,シュン･ゴ,94,では、もう行きます。,
d0e81a4acd55cfac60c2aa1bec155c08.bundle,阿緯俊恩和解2,Say,リン･テイ,6,ジェイ……,
d0e81a4acd55cfac60c2aa1bec155c08.bundle,阿緯俊恩和解2,Say,リン･テイ,7,ジェイは頑張ったよ。,
d0e81a4acd55cfac60c2aa1bec155c08.bundle,阿緯俊恩和解2,Branch,#Simple,42,もっと何とかできたはずだ。,
d0e81a4acd55cfac60c2aa1bec155c08.bundle,阿緯俊恩和解2,Branch,#Simple,43,うん、でも、これはどうしようもなかったのよ。,
d0e81a4acd55cfac60c2aa1bec155c08.bundle,阿緯俊恩和解2,Branch,#Simple,44,……,
d0e81a4acd55cfac60c2aa1bec155c08.bundle,阿緯俊恩和解2,Say,リン･テイ,8,……,
d0e81a4acd55cfac60c2aa1bec155c08.bundle,阿緯俊恩和解2,Say,リン･テイ,9,それに、そもそもあなたの責任じゃないからね。,
d0e81a4acd55cfac60c2aa1bec155c08.bundle,阿緯俊恩和解2,Branch,#Simple,45,わかってる。,
d0e81a4acd55cfac60c2aa1bec155c08.bundle,阿緯俊恩和解2,Say,リン･テイ,10,ならいいけどさ。,
d0e81a4acd55cfac60c2aa1bec155c08.bundle,阿緯俊恩和解2,Branch,#Simple,46,それでも、こんな結果は見たくなかった。,
d0e81a4acd55cfac60c2aa1bec155c08.bundle,阿緯俊恩和解2,Say,リン･テイ,11,……うん。,
d0e81a4acd55cfac60c2aa1bec155c08.bundle,阿緯俊恩和解2,Say,イー･テイ,87,……,
d0e81a4acd55cfac60c2aa1bec155c08.bundle,阿緯俊恩和解2,Say,イー･テイ,88,はぁ、わかったよ。,
d0e81a4acd55cfac60c2aa1bec155c08.bundle,阿緯俊恩和解2,Say,イー･テイ,89,君たちの言う通り、専門的な意見を信じるべきだった。,
d0e81a4acd55cfac60c2aa1bec155c08.bundle,阿緯俊恩和解2,Say,イー･テイ,90,だけど、僕はただ……,
d0e81a4acd55cfac60c2aa1bec155c08.bundle,阿緯俊恩和解2,Say,イー･テイ,91,事を上手く進めたいだけなんだ。,
d0e81a4acd55cfac60c2aa1bec155c08.bundle,阿緯俊恩和解2,Say,シュン･ゴ,95,その点においては、私も同じです。,
d0e81a4acd55cfac60c2aa1bec155c08.bundle,阿緯俊恩和解2,Say,イー･テイ,92,……つまり、人が吊されている限り、修理はできないってことだね？,
d0e81a4acd55cfac60c2aa1bec155c08.bundle,阿緯俊恩和解2,Say,シュン･ゴ,96,はい。,
d0e81a4acd55cfac60c2aa1bec155c08.bundle,阿緯俊恩和解2,Say,イー･テイ,93,……,
d0e81a4acd55cfac60c2aa1bec155c08.bundle,阿緯俊恩和解2,Say,イー･テイ,94,なら一つ考えがある。一度、ジェイにも言ったことがあるはずだ。,
d0e81a4acd55cfac60c2aa1bec155c08.bundle,阿緯俊恩和解2,Say,イー･テイ,95,その話だけ聞いてくれ。,
d0e81a4acd55cfac60c2aa1bec155c08.bundle,阿緯俊恩和解2,Say,シュン･ゴ,97,何をする気ですか……？,
d0e81a4acd55cfac60c2aa1bec155c08.bundle,阿緯俊恩和解2,Say,イー･テイ,96,僕は最初からセラーを完全に直す必要はないと思っている。,
d0e81a4acd55cfac60c2aa1bec155c08.bundle,阿緯俊恩和解2,Say,イー･テイ,97,事故を防止するだけなら、セラーをもう少し計画的に使えばいいだけの話だ。,
d0e81a4acd55cfac60c2aa1bec155c08.bundle,阿緯俊恩和解2,Say,イー･テイ,98,現状セラーには、まだ空きがある。供給者を他のエリアに移動できるはずだ。,
d0e81a4acd55cfac60c2aa1bec155c08.bundle,阿緯俊恩和解2,Say,イー･テイ,99,だったら、設備がまだ良好なエリアに供給者を集中させ、故障しているエリアの設備を優先的に修理すればいい。,
d0e81a4acd55cfac60c2aa1bec155c08.bundle,阿緯俊恩和解2,Say,イー･テイ,100,供給者がいなくなれば、修理効率も上がるし、コストを大幅に削減できるだろう？,
d0e81a4acd55cfac60c2aa1bec155c08.bundle,阿緯俊恩和解2,Say,シュン･ゴ,98,……そうですね。,
d0e81a4acd55cfac60c2aa1bec155c08.bundle,阿緯俊恩和解2,Say,イー･テイ,101,そうなれば、サイレントを稼働させながら、修理もできるし、死傷者が出るのも防げる。,
d0e81a4acd55cfac60c2aa1bec155c08.bundle,阿緯俊恩和解2,Say,シュン･ゴ,99,短期間であれば、そうかもしれません。,
d0e81a4acd55cfac60c2aa1bec155c08.bundle,阿緯俊恩和解2,Say,イー･テイ,102,この案をどう思う？,
d0e81a4acd55cfac60c2aa1bec155c08.bundle,阿緯俊恩和解2,Say,シュン･ゴ,100,……,
d0e81a4acd55cfac60c2aa1bec155c08.bundle,阿緯俊恩和解2,Say,シュン･ゴ,101,……存続派の目的は、供給者の数を増やすことですよね。,
d0e81a4acd55cfac60c2aa1bec155c08.bundle,阿緯俊恩和解2,Say,イー･テイ,103,うん。,
d0e81a4acd55cfac60c2aa1bec155c08.bundle,阿緯俊恩和解2,Say,シュン･ゴ,102,目標値はありますか？,
d0e81a4acd55cfac60c2aa1bec155c08.bundle,阿緯俊恩和解2,Say,イー･テイ,104,サイレントの90%だね。,
d0e81a4acd55cfac60c2aa1bec155c08.bundle,阿緯俊恩和解2,Say,シュン･ゴ,103,……90%！？,
d0e81a4acd55cfac60c2aa1bec155c08.bundle,阿緯俊恩和解2,Say,シュン･ゴ,104,それはありえません。,
d0e81a4acd55cfac60c2aa1bec155c08.bundle,阿緯俊恩和解2,Say,シュン･ゴ,105,サイレントのような旧型の演算工場は、最大収容人数を70%で設計されています。,
d0e81a4acd55cfac60c2aa1bec155c08.bundle,阿緯俊恩和解2,Say,シュン･ゴ,106,残りの30%はあくまでも予備です。あなたの計画を実行するなら、予備の枠を拡張する必要があります。,
d0e81a4acd55cfac60c2aa1bec155c08.bundle,阿緯俊恩和解2,Say,シュン･ゴ,107,一番の問題は……,
d0e81a4acd55cfac60c2aa1bec155c08.bundle,阿緯俊恩和解2,Say,シュン･ゴ,108,収容人数を90%にすると、制御ができなくなるということです。,
d0e81a4acd55cfac60c2aa1bec155c08.bundle,阿緯俊恩和解2,Say,シュン･ゴ,109,換気システムが過負荷となり、放射能も増加し、温度制御も効かなくなります……,
d0e81a4acd55cfac60c2aa1bec155c08.bundle,阿緯俊恩和解2,Say,シュン･ゴ,110,そうなったら、設備の故障の問題ではなくなります。死傷者は出ないでしょうが、死ぬまで後遺症に苛まれ続けることになります。,
d0e81a4acd55cfac60c2aa1bec155c08.bundle,阿緯俊恩和解2,Say,イー･テイ,105,それは……,
d0e81a4acd55cfac60c2aa1bec155c08.bundle,阿緯俊恩和解2,Say,シュン･ゴ,111,収容人数は交渉できないのですか？,
d0e81a4acd55cfac60c2aa1bec155c08.bundle,阿緯俊恩和解2,Say,イー･テイ,106,……無理だと思う。,
d0e81a4acd55cfac60c2aa1bec155c08.bundle,阿緯俊恩和解2,Say,シュン･ゴ,112,なら、ここの方法は無理でしょうね。,
d0e81a4acd55cfac60c2aa1bec155c08.bundle,阿緯俊恩和解2,Say,イー･テイ,107,……,
d0e81a4acd55cfac60c2aa1bec155c08.bundle,阿緯俊恩和解2,Say,心の声,1,イー･テイが悔しそうな顔をしている……,
d0e81a4acd55cfac60c2aa1bec155c08.bundle,阿緯俊恩和解2,Say,イー･テイ,108,もしかして、彼らはわざとなのか……,
d0e81a4acd55cfac60c2aa1bec155c08.bundle,阿緯俊恩和解2,Say,シュン･ゴ,113,わざと？何の話ですか？,
d0e81a4acd55cfac60c2aa1bec155c08.bundle,阿緯俊恩和解2,Say,イー･テイ,109,彼らだって、90%なんてそもそも不可能なことはわかっているはずだ……,
d0e81a4acd55cfac60c2aa1bec155c08.bundle,阿緯俊恩和解2,Say,イー･テイ,110,彼らはただ政府のために、社会の下層人口をこっそりと処理したいだけだ。,
d0e81a4acd55cfac60c2aa1bec155c08.bundle,阿緯俊恩和解2,Say,イー･テイ,111,だからサイレントの上限を超える収容人数を提示してきた。,
d0e81a4acd55cfac60c2aa1bec155c08.bundle,阿緯俊恩和解2,Say,イー･テイ,112,例え後遺症が残ろうと、情報操作さえすれば……,
d0e81a4acd55cfac60c2aa1bec155c08.bundle,阿緯俊恩和解2,Say,イー･テイ,113,そもそも社会的弱者である供給者に、訴える手段なんてないのと同じだ……,
d0e81a4acd55cfac60c2aa1bec155c08.bundle,阿緯俊恩和解2,Say,イー･テイ,114,<y>クソッ！！！</y>,
d0e81a4acd55cfac60c2aa1bec155c08.bundle,阿緯俊恩和解2,Say,イー･テイ,115,……,
d0e81a4acd55cfac60c2aa1bec155c08.bundle,阿緯俊恩和解2,Say,イー･テイ,116,……もう少しで騙されるところだった。,
d0e81a4acd55cfac60c2aa1bec155c08.bundle,阿緯俊恩和解2,Say,シュン･ゴ,114,……,
d0e81a4acd55cfac60c2aa1bec155c08.bundle,阿緯俊恩和解2,Say,イー･テイ,117,君が教えてくれなかったら……,
d0e81a4acd55cfac60c2aa1bec155c08.bundle,阿緯俊恩和解2,Say,イー･テイ,118,僕は彼らの手先となって、沢山の人を殺していたかもしれない……,
d0e81a4acd55cfac60c2aa1bec155c08.bundle,阿緯俊恩和解2,Say,シュン･ゴ,115,……,
d0e81a4acd55cfac60c2aa1bec155c08.bundle,阿緯俊恩和解2,Say,イー･テイ,119,ごめん、シュン。,
d0e81a4acd55cfac60c2aa1bec155c08.bundle,阿緯俊恩和解2,Say,イー･テイ,120,確かに僕は、君の言葉に耳を傾けていなかったのかもしれない……,
d0e81a4acd55cfac60c2aa1bec155c08.bundle,阿緯俊恩和解2,Say,シュン･ゴ,116,……,
d0e81a4acd55cfac60c2aa1bec155c08.bundle,阿緯俊恩和解2,Say,シュン･ゴ,117,ですが、それならどうすれば……,
d0e81a4acd55cfac60c2aa1bec155c08.bundle,阿緯俊恩和解2,Say,シュン･ゴ,118,私の方法も、あなたの方法も駄目になってしまいました……,
d0e81a4acd55cfac60c2aa1bec155c08.bundle,阿緯俊恩和解2,Say,シュン･ゴ,119,今は現状維持しか手がないのですか……？,
d0e81a4acd55cfac60c2aa1bec155c08.bundle,阿緯俊恩和解2,Say,イー･テイ,121,でも、このまま維持したところで……,
d0e81a4acd55cfac60c2aa1bec155c08.bundle,阿緯俊恩和解2,Say,イー･テイ,122,……,
d0e81a4acd55cfac60c2aa1bec155c08.bundle,阿緯俊恩和解2,Say,シュン･ゴ,120,……,
d0e81a4acd55cfac60c2aa1bec155c08.bundle,阿緯俊恩和解2,Say,リン･テイ,12,古いシステムを修理せずに、セラーに新型の環境処理システムを増設したらどう？,
d0e81a4acd55cfac60c2aa1bec155c08.bundle,阿緯俊恩和解2,Say,リン･テイ,13,ジェイ、彼らに提案してみて。,
d0e81a4acd55cfac60c2aa1bec155c08.bundle,阿緯俊恩和解2,Branch,#Simple,47,セラーに新型の環境処理システムを増設するのはどうでしょうか？,
d0e81a4acd55cfac60c2aa1bec155c08.bundle,阿緯俊恩和解2,Say,シュン･ゴ,121,それは……,
d0e81a4acd55cfac60c2aa1bec155c08.bundle,阿緯俊恩和解2,Say,イー･テイ,123,無理じゃないかな……？,
d0e81a4acd55cfac60c2aa1bec155c08.bundle,阿緯俊恩和解2,Say,イー･テイ,124,それに、それができるのなら最初から……,
d0e81a4acd55cfac60c2aa1bec155c08.bundle,阿緯俊恩和解2,Say,シュン･ゴ,122,いえ、いけるかもしれません……！,
d0e81a4acd55cfac60c2aa1bec155c08.bundle,阿緯俊恩和解2,Say,シュン･ゴ,123,以前、操作組でその可能性を考えたのですが、すぐに諦めたんです。,
d0e81a4acd55cfac60c2aa1bec155c08.bundle,阿緯俊恩和解2,Say,シュン･ゴ,124,なぜなら、メンテナンスの費用すら捻出できない状況で、グレードアップなんてもってのほかだと思ったからです。,
d0e81a4acd55cfac60c2aa1bec155c08.bundle,阿緯俊恩和解2,Say,イー･テイ,125,でも、今は予算がもらえる……！,
d0e81a4acd55cfac60c2aa1bec155c08.bundle,阿緯俊恩和解2,Say,シュン･ゴ,125,そうです。ですが、ただの修理より、倍のコストがかかると思った方がいいでしょうね。,
d0e81a4acd55cfac60c2aa1bec155c08.bundle,阿緯俊恩和解2,Say,イー･テイ,126,……大丈夫。僕が交渉してみるよ。,
d0e81a4acd55cfac60c2aa1bec155c08.bundle,阿緯俊恩和解2,Say,シュン･ゴ,126,わかりました。では、私も部下と可能かどうか検証してみます。,
d0e81a4acd55cfac60c2aa1bec155c08.bundle,阿緯俊恩和解2,Say,イー･テイ,127,ジェイ、すごく良い提案だよ！,
d0e81a4acd55cfac60c2aa1bec155c08.bundle,阿緯俊恩和解2,Say,シュン･ゴ,127,ですが、その方法でいくのであれば、本部のテクニカルサポートが必要です。,
d0e81a4acd55cfac60c2aa1bec155c08.bundle,阿緯俊恩和解2,Say,イー･テイ,128,何か問題でも？,
d0e81a4acd55cfac60c2aa1bec155c08.bundle,阿緯俊恩和解2,Say,シュン･ゴ,128,私が知っている限り、本社の技術者のほとんどが工場閉鎖派なのです。,
d0e81a4acd55cfac60c2aa1bec155c08.bundle,阿緯俊恩和解2,Say,イー･テイ,129,それって、レッドボックスの人たち？,
d0e81a4acd55cfac60c2aa1bec155c08.bundle,阿緯俊恩和解2,Say,シュン･ゴ,129,はい。,
d0e81a4acd55cfac60c2aa1bec155c08.bundle,阿緯俊恩和解2,Say,心の声,2,昨日メイ･ジョが言っていたな……,
d0e81a4acd55cfac60c2aa1bec155c08.bundle,阿緯俊恩和解2,Say,心の声,3,本社の閉鎖派と存続派の主な矛盾は、どういったやり方で会社を導いていくかだった。,
d0e81a4acd55cfac60c2aa1bec155c08.bundle,阿緯俊恩和解2,Say,心の声,4,閉鎖派は、技術を中心に利益を得るべきだと考えているが……,
d0e81a4acd55cfac60c2aa1bec155c08.bundle,阿緯俊恩和解2,Say,心の声,5,存続派は万象の政治的影響力を大きくすることで、利益を得ようと考えている。,
d0e81a4acd55cfac60c2aa1bec155c08.bundle,阿緯俊恩和解2,Say,心の声,6,そして彼らのどちらも、サイレントを使って手柄を上げ、会社での地位を向上させようとしている……,
d0e81a4acd55cfac60c2aa1bec155c08.bundle,阿緯俊恩和解2,Say,イー･テイ,130,閉鎖派と存続派の矛盾ね……,
d0e81a4acd55cfac60c2aa1bec155c08.bundle,阿緯俊恩和解2,Say,イー･テイ,131,矛盾し合っている双方のどちらも利益を得られる手段なんてそう簡単には見つからないよ。,
d0e81a4acd55cfac60c2aa1bec155c08.bundle,阿緯俊恩和解2,Say,イー･テイ,132,……,
d0e81a4acd55cfac60c2aa1bec155c08.bundle,阿緯俊恩和解2,Say,リン･テイ,14,ジェイ、実はね、セラーの設備をグレードアップすれば、双方の目的を同時に達成できるの。,
d0e81a4acd55cfac60c2aa1bec155c08.bundle,阿緯俊恩和解2,Say,心の声,7,……なに？,
d0e81a4acd55cfac60c2aa1bec155c08.bundle,阿緯俊恩和解2,Say,リン･テイ,15,もちろん、私たちの見せ方によるけどね。,
d0e81a4acd55cfac60c2aa1bec155c08.bundle,阿緯俊恩和解2,Say,リン･テイ,16,ジェイ、私が説明するから、彼らに伝えて。,
d0e81a4acd55cfac60c2aa1bec155c08.bundle,阿緯俊恩和解2,Say,リン･テイ,17,サイレントをグレードアップさせれば、当然収容数が増え、存続派は政治的影響力を手に入れられる。,
d0e81a4acd55cfac60c2aa1bec155c08.bundle,阿緯俊恩和解2,Say,リン･テイ,18,そしてサイレントのグレードアップには、技術部の介入が必要なの。,
d0e81a4acd55cfac60c2aa1bec155c08.bundle,阿緯俊恩和解2,Say,リン･テイ,19,だから、閉鎖派が求めていた技術優先の考えも、この一件で重視されるはずよ……,
d0e81a4acd55cfac60c2aa1bec155c08.bundle,阿緯俊恩和解2,Say,イー･テイ,133,これなら、どらちかが勝つってことはないけど、どちらも利益を得られるはずだ……,
d0e81a4acd55cfac60c2aa1bec155c08.bundle,阿緯俊恩和解2,Say,シュン･ゴ,130,どうしました？,
d0e81a4acd55cfac60c2aa1bec155c08.bundle,阿緯俊恩和解2,Say,イー･テイ,134,わかったよ。この問題は、僕が解決できると思う！,
d0e81a4acd55cfac60c2aa1bec155c08.bundle,阿緯俊恩和解2,Say,リン･テイ,20,もう伝える必要はないみたいね。,
d0e81a4acd55cfac60c2aa1bec155c08.bundle,阿緯俊恩和解2,Say,リン･テイ,21,サイレントには、優れたリーダーがいるから大丈夫そうね。,
d0e81a4acd55cfac60c2aa1bec155c08.bundle,阿緯俊恩和解2,Say,リン･テイ,22,イファマネージャーが撒いた種が実ったわ。,
d0e81a4acd55cfac60c2aa1bec155c08.bundle,阿緯俊恩和解2,Say,イー･テイ,135,シュン、セラーのグレードアップについての評価報告書の作成を手伝ってくれないか？,
d0e81a4acd55cfac60c2aa1bec155c08.bundle,阿緯俊恩和解2,Say,シュン･ゴ,131,時間的に厳しくはありますが、昔のデータを漁ってみます。,
d0e81a4acd55cfac60c2aa1bec155c08.bundle,阿緯俊恩和解2,Say,シュン･ゴ,132,私は一度、操作組に戻りますね。,
d0e81a4acd55cfac60c2aa1bec155c08.bundle,阿緯俊恩和解2,Say,シュン･ゴ,133,では、失礼します。,
d0e81a4acd55cfac60c2aa1bec155c08.bundle,阿緯俊恩和解2,Say,イー･テイ,136,僕も報告書の内容を変えないといけないから、オフィスに戻るね。,
d0e81a4acd55cfac60c2aa1bec155c08.bundle,阿緯俊恩和解2,Say,イー･テイ,137,もう少しで、執行官との約束の時間になる。,
d0e81a4acd55cfac60c2aa1bec155c08.bundle,阿緯俊恩和解2,Say,イー･テイ,138,ジェイは、先にホールで待っていてくれ。もし執行官が僕より先に来たなら、時間を稼いでおいてほしい。,
d0e81a4acd55cfac60c2aa1bec155c08.bundle,阿緯俊恩和解2,Branch,#Simple,48,どうすればいいんですか？,
d0e81a4acd55cfac60c2aa1bec155c08.bundle,阿緯俊恩和解2,Say,イー･テイ,139,そうだな、彼の話に付き合ってくれれば大丈夫。,
d0e81a4acd55cfac60c2aa1bec155c08.bundle,阿緯俊恩和解2,Branch,#Simple,49,わかりました。,
d0e81a4acd55cfac60c2aa1bec155c08.bundle,阿緯俊恩和解2,Say,イー･テイ,140,ありがとう、ジェイ……！,
d0e81a4acd55cfac60c2aa1bec155c08.bundle,阿緯俊恩和解2,Say,イー･テイ,141,じゃ、先に行くね。,
d0e81a4acd55cfac60c2aa1bec155c08.bundle,阿緯俊恩和解2,Say,イー･テイ,142,シュン、セラーのグレードアップについての評価報告書の作成を手伝ってくれないか？,
d0e81a4acd55cfac60c2aa1bec155c08.bundle,阿緯俊恩和解2,Say,シュン･ゴ,134,元々の報告書に手を加えれば十分だと思います。,
d0e81a4acd55cfac60c2aa1bec155c08.bundle,阿緯俊恩和解2,Say,シュン･ゴ,135,まもなく執行官と約束した時間になります。もう時間が、あまりありません。,
d0e81a4acd55cfac60c2aa1bec155c08.bundle,阿緯俊恩和解2,Say,シュン･ゴ,136,私は一度、操作組に戻ります。,
d0e81a4acd55cfac60c2aa1bec155c08.bundle,阿緯俊恩和解2,Say,シュン･ゴ,137,では、失礼します。,
d0e81a4acd55cfac60c2aa1bec155c08.bundle,阿緯俊恩和解2,Say,イー･テイ,143,僕も対策を練らないといけなから、一度オフィスに戻るよ。,
d0e81a4acd55cfac60c2aa1bec155c08.bundle,阿緯俊恩和解2,Say,イー･テイ,144,……間に合うといいけど。,
d0e81a4acd55cfac60c2aa1bec155c08.bundle,阿緯俊恩和解2,Say,イー･テイ,145,……,
d0e81a4acd55cfac60c2aa1bec155c08.bundle,阿緯俊恩和解2,Say,イー･テイ,146,ジェイは、先にホールで待っていてくれ。もし執行官が先に来るようなら、時間を稼いでおいてほしい。,
d0e81a4acd55cfac60c2aa1bec155c08.bundle,阿緯俊恩和解2,Branch,#Simple,50,どうすればいいんですか？,
d0e81a4acd55cfac60c2aa1bec155c08.bundle,阿緯俊恩和解2,Say,イー･テイ,147,そうだな、彼の話に付き合ってくれれば大丈夫。,
d0e81a4acd55cfac60c2aa1bec155c08.bundle,阿緯俊恩和解2,Branch,#Simple,51,わかりました。,
d0e81a4acd55cfac60c2aa1bec155c08.bundle,阿緯俊恩和解2,Say,イー･テイ,148,ありがとう、ジェイ……！,
d0e81a4acd55cfac60c2aa1bec155c08.bundle,阿緯俊恩和解2,Say,イー･テイ,149,じゃ、先に行くね。,
d0e81a4acd55cfac60c2aa1bec155c08.bundle,阿緯俊恩和解2,Say,リン･テイ,23,これで、バッチリね！,
d0e81a4acd55cfac60c2aa1bec155c08.bundle,阿緯俊恩和解2,Branch,#Simple,52,ああ、リンのおかげだ。,
d0e81a4acd55cfac60c2aa1bec155c08.bundle,阿緯俊恩和解2,Say,リン･テイ,24,ジェイのおかげでもあるよ。,
d0e81a4acd55cfac60c2aa1bec155c08.bundle,阿緯俊恩和解2,Branch,#Simple,53,何の話だ？,
d0e81a4acd55cfac60c2aa1bec155c08.bundle,阿緯俊恩和解2,Say,リン･テイ,25,二人を協力させたでしょう？,
d0e81a4acd55cfac60c2aa1bec155c08.bundle,阿緯俊恩和解2,Say,リン･テイ,26,フフッ、ジェイったら、急におバカさんになったの？,
d0e81a4acd55cfac60c2aa1bec155c08.bundle,阿緯俊恩和解2,Branch,#Simple,54,……,
d0e81a4acd55cfac60c2aa1bec155c08.bundle,阿緯俊恩和解2,Say,リン･テイ,27,上手く行ってよかったね！,
d0e81a4acd55cfac60c2aa1bec155c08.bundle,阿緯俊恩和解2,Branch,#Simple,55,何でそんなに喜んでいるんだ？,
d0e81a4acd55cfac60c2aa1bec155c08.bundle,阿緯俊恩和解2,Say,リン･テイ,28,だって……,
d0e81a4acd55cfac60c2aa1bec155c08.bundle,阿緯俊恩和解2,Say,リン･テイ,29,私はサイレントが一番大変な時期に離れたからさ。,
d0e81a4acd55cfac60c2aa1bec155c08.bundle,阿緯俊恩和解2,Say,リン･テイ,30,そのせいでサイレントの現状が悪化したとしたら、私も責任を感じるよ。,
d0e81a4acd55cfac60c2aa1bec155c08.bundle,阿緯俊恩和解2,Say,リン･テイ,31,それに、これはそもそも私の責任だし……,
d0e81a4acd55cfac60c2aa1bec155c08.bundle,阿緯俊恩和解2,Branch,#Simple,56,リンのせいじゃない。,
d0e81a4acd55cfac60c2aa1bec155c08.bundle,阿緯俊恩和解2,Branch,#Simple,57,その考え方は良くないと思う。,
d0e81a4acd55cfac60c2aa1bec155c08.bundle,阿緯俊恩和解2,Say,リン･テイ,32,そうだけど、それでも責任を感じちゃうのよ、ハハ……,
d0e81a4acd55cfac60c2aa1bec155c08.bundle,阿緯俊恩和解2,Branch,#Simple,58,……,
d0e81a4acd55cfac60c2aa1bec155c08.bundle,阿緯俊恩和解2,Branch,#Simple,59,ああ。,
d0e81a4acd55cfac60c2aa1bec155c08.bundle,阿緯俊恩和解2,Branch,#Simple,60,……,
d0e81a4acd55cfac60c2aa1bec155c08.bundle,阿緯俊恩和解2,Say,リン･テイ,33,……,
d0e81a4acd55cfac60c2aa1bec155c08.bundle,阿緯俊恩和解2,Say,リン･テイ,34,ジェイ……,
d0e81a4acd55cfac60c2aa1bec155c08.bundle,阿緯俊恩和解2,Say,リン･テイ,35,サイレントの問題はあなたには関係のないことなのに……,
d0e81a4acd55cfac60c2aa1bec155c08.bundle,阿緯俊恩和解2,Say,リン･テイ,36,こんなにも頑張ってくれた！,
d0e81a4acd55cfac60c2aa1bec155c08.bundle,阿緯俊恩和解2,Branch,#Simple,61,ああ。,
d0e81a4acd55cfac60c2aa1bec155c08.bundle,阿緯俊恩和解2,Say,リン･テイ,37,ああ、だけ？,
d0e81a4acd55cfac60c2aa1bec155c08.bundle,阿緯俊恩和解2,Say,リン･テイ,38,フフフッ。,
d0e81a4acd55cfac60c2aa1bec155c08.bundle,阿緯俊恩和解2,Branch,#Simple,62,俺は正しいことをしたいと思っただけだ。,
d0e81a4acd55cfac60c2aa1bec155c08.bundle,阿緯俊恩和解2,Say,リン･テイ,39,うん。本当にすごいよ、ジェイ。,
d0e81a4acd55cfac60c2aa1bec155c08.bundle,阿緯俊恩和解2,Say,心の声,8,リンに……,
d0e81a4acd55cfac60c2aa1bec155c08.bundle,阿緯俊恩和解2,Say,心の声,9,認めてもらえた気がする。,
d0e81a4acd55cfac60c2aa1bec155c08.bundle,阿緯俊恩和解2,Branch,#Simple,63,……,
d0e81a4acd55cfac60c2aa1bec155c08.bundle,阿緯俊恩和解2,Say,リン･テイ,40,そういえば、自力で解決策に気づいたイー･テイも凄かったね。,
d0e81a4acd55cfac60c2aa1bec155c08.bundle,阿緯俊恩和解2,Branch,#Simple,64,そうだな。,
d0e81a4acd55cfac60c2aa1bec155c08.bundle,阿緯俊恩和解2,Branch,#Simple,65,その解決策の話は、まだ途中だったはずだが、何だったんだ？,
d0e81a4acd55cfac60c2aa1bec155c08.bundle,阿緯俊恩和解2,Say,リン･テイ,41,フフッ、多分、もう少し後にわかると思うよ。,
d0e81a4acd55cfac60c2aa1bec155c08.bundle,阿緯俊恩和解2,Branch,#Simple,66,……,
d0e81a4acd55cfac60c2aa1bec155c08.bundle,阿緯俊恩和解2,Say,リン･テイ,42,……,
d0e81a4acd55cfac60c2aa1bec155c08.bundle,阿緯俊恩和解2,Say,リン･テイ,43,最終的にサイレントのリーダーは彼になりそうね。,
d0e81a4acd55cfac60c2aa1bec155c08.bundle,阿緯俊恩和解2,Branch,#Simple,67,イー･テイ？,
d0e81a4acd55cfac60c2aa1bec155c08.bundle,阿緯俊恩和解2,Say,リン･テイ,44,うん。,
d0e81a4acd55cfac60c2aa1bec155c08.bundle,阿緯俊恩和解2,Branch,#Simple,68,シュン･ゴ？,
d0e81a4acd55cfac60c2aa1bec155c08.bundle,阿緯俊恩和解2,Say,リン･テイ,45,イー･テイのことを言ってるの。,
d0e81a4acd55cfac60c2aa1bec155c08.bundle,阿緯俊恩和解2,Branch,#Simple,69,……,
d0e81a4acd55cfac60c2aa1bec155c08.bundle,阿緯俊恩和解2,Say,リン･テイ,46,さあ、ホールに行こうか。,
d0e81a4acd55cfac60c2aa1bec155c08.bundle,阿緯俊恩和解2,Say,リン･テイ,47,彼らのために時間稼ぎをしないとね？,
d0e81a4acd55cfac60c2aa1bec155c08.bundle,阿緯俊恩和解2,Branch,#Simple,70,……,
d0e81a4acd55cfac60c2aa1bec155c08.bundle,阿緯俊恩和解2,Say,シュン･ゴ,138,例えばですが、セラーに新型の環境処理システムを増設したらどうでしょうか？,
d0e81a4acd55cfac60c2aa1bec155c08.bundle,阿緯俊恩和解2,Say,リン･テイ,48,自力で気づいたみたいね！,
d0e81a4acd55cfac60c2aa1bec155c08.bundle,阿緯俊恩和解2,Say,シュン･ゴ,139,これなら、収容人数の問題を解決できます。,
d0e81a4acd55cfac60c2aa1bec155c08.bundle,阿緯俊恩和解2,Say,シュン･ゴ,140,また新しいシステムを導入することで、セラーでの事故も防げます。,
d0e81a4acd55cfac60c2aa1bec155c08.bundle,阿緯俊恩和解2,Say,イー･テイ,150,そんな一石二鳥の方法を、どうして教えてくれなかったんだ……？,
d0e81a4acd55cfac60c2aa1bec155c08.bundle,阿緯俊恩和解2,Say,シュン･ゴ,141,不可能だったからです。,
d0e81a4acd55cfac60c2aa1bec155c08.bundle,雙贏路線阿緯俊恩頂樓2,Say,イー･テイ,0,そういえば……,
d0e81a4acd55cfac60c2aa1bec155c08.bundle,雙贏路線阿緯俊恩頂樓2,Say,イー･テイ,1,ここは執行官専用の発着ポートだ。,
d0e81a4acd55cfac60c2aa1bec155c08.bundle,雙贏路線阿緯俊恩頂樓2,Branch,#Simple,0,それは本当ですか？,
d0e81a4acd55cfac60c2aa1bec155c08.bundle,雙贏路線阿緯俊恩頂樓2,Say,イー･テイ,2,うん。,
d0e81a4acd55cfac60c2aa1bec155c08.bundle,雙贏路線阿緯俊恩頂樓2,Branch,#Simple,1,私も知っています。,
d0e81a4acd55cfac60c2aa1bec155c08.bundle,雙贏路線阿緯俊恩頂樓2,Branch,#Simple,2,……,
d0e81a4acd55cfac60c2aa1bec155c08.bundle,雙贏路線阿緯俊恩頂樓2,Say,シュン･ゴ,0,だからどうしたというのですか？,
d0e81a4acd55cfac60c2aa1bec155c08.bundle,雙贏路線阿緯俊恩頂樓2,Say,イー･テイ,3,僕たちがこんな堂々と座っていると、なんかね……,
d0e81a4acd55cfac60c2aa1bec155c08.bundle,雙贏路線阿緯俊恩頂樓2,Say,シュン･ゴ,1,別に良いではありませんか。,
d0e81a4acd55cfac60c2aa1bec155c08.bundle,雙贏路線阿緯俊恩頂樓2,Say,イー･テイ,4,ハハハ！,
d0e81a4acd55cfac60c2aa1bec155c08.bundle,雙贏路線阿緯俊恩頂樓2,Say,イー･テイ,5,じゃ、ドローンの音が聞こえたらすぐ逃げよう！,
d0e81a4acd55cfac60c2aa1bec155c08.bundle,雙贏路線阿緯俊恩頂樓2,Say,シュン･ゴ,2,ハハ、そうですね。,
d0e81a4acd55cfac60c2aa1bec155c08.bundle,篩選組失敗結局,Say,タイミン･ソウ,0,あれ、帰って来ましたね。,
d0e81a4acd55cfac60c2aa1bec155c08.bundle,篩選組失敗結局,Say,イエホン･キュウ,0,よっ。,
d0e81a4acd55cfac60c2aa1bec155c08.bundle,篩選組失敗結局,Branch,#Simple,0,よっ。,
d0e81a4acd55cfac60c2aa1bec155c08.bundle,篩選組失敗結局,Branch,#Simple,1,皆は大丈夫でしたか？,
d0e81a4acd55cfac60c2aa1bec155c08.bundle,篩選組失敗結局,Say,タイミン･ソウ,1,ハハ……一応ね。,
d0e81a4acd55cfac60c2aa1bec155c08.bundle,篩選組失敗結局,Branch,#Simple,2,……,
d0e81a4acd55cfac60c2aa1bec155c08.bundle,篩選組失敗結局,Say,イエホン･キュウ,1,はぁ、まさか何も変えられなかったとはね。,
d0e81a4acd55cfac60c2aa1bec155c08.bundle,篩選組失敗結局,Say,シンカ･シェ,0,現状維持できただけで凄いですよ！,
d0e81a4acd55cfac60c2aa1bec155c08.bundle,篩選組失敗結局,Say,タイミン･ソウ,2,そうですね。こうなれば、操作組の工場閉鎖も難しいはずです。,
d0e81a4acd55cfac60c2aa1bec155c08.bundle,篩選組失敗結局,Say,タイミン･ソウ,3,時間稼ぎにはなったはずです……,
d0e81a4acd55cfac60c2aa1bec155c08.bundle,篩選組失敗結局,Say,イエホン･キュウ,2,なんか、納得いかないな！,
d0e81a4acd55cfac60c2aa1bec155c08.bundle,篩選組失敗結局,Say,タイミン･ソウ,4,こればかりはどうしようもない。それに僕たちは最善を尽くした。,
d0e81a4acd55cfac60c2aa1bec155c08.bundle,篩選組失敗結局,Say,イエホン･キュウ,3,そうだ。イーちゃんは？,
d0e81a4acd55cfac60c2aa1bec155c08.bundle,篩選組失敗結局,Say,イエホン･キュウ,4,ジェイしか帰って来てないけど、イーちゃんはどうしたの？,
d0e81a4acd55cfac60c2aa1bec155c08.bundle,篩選組失敗結局,Say,タイミン･ソウ,5,確かに見かけませんね。,
d0e81a4acd55cfac60c2aa1bec155c08.bundle,篩選組失敗結局,Say,シンカ･シェ,1,多分、一人で考え事でもしてるんじゃないですか？,
d0e81a4acd55cfac60c2aa1bec155c08.bundle,篩選組失敗結局,Say,イエホン･キュウ,5,ショックで打ちひしがれてるってこと？,
d0e81a4acd55cfac60c2aa1bec155c08.bundle,篩選組失敗結局,Say,タイミン･ソウ,6,彼はそんなに脆い人間ではないと思うけど……,
d0e81a4acd55cfac60c2aa1bec155c08.bundle,篩選組失敗結局,Say,シンカ･シェ,2,どうでしょうね。せっかくのチャンスが、こんな結果になってしまったわけですし……,
d0e81a4acd55cfac60c2aa1bec155c08.bundle,篩選組失敗結局,Say,タイミン･ソウ,7,そうですね……,
d0e81a4acd55cfac60c2aa1bec155c08.bundle,篩選組失敗結局,Say,イエホン･キュウ,6,イーちゃん、大丈夫かな……,
d0e81a4acd55cfac60c2aa1bec155c08.bundle,篩選組失敗結局,Say,イー･テイ,0,君たち？,
d0e81a4acd55cfac60c2aa1bec155c08.bundle,篩選組失敗結局,Say,イー･テイ,1,勤務時間中に仲良くお喋りとは良いご身分だね……？,
d0e81a4acd55cfac60c2aa1bec155c08.bundle,篩選組失敗結局,Say,シンカ･シェ,3,イーちゃん！？,
d0e81a4acd55cfac60c2aa1bec155c08.bundle,篩選組失敗結局,Say,イエホン･キュウ,7,どっかで泣いてるかと思ったよ！,
d0e81a4acd55cfac60c2aa1bec155c08.bundle,篩選組失敗結局,Say,イー･テイ,2,な、泣いてる……！？,
d0e81a4acd55cfac60c2aa1bec155c08.bundle,篩選組失敗結局,Say,イー･テイ,3,そんな脆い人間だと思ってたの？,
d0e81a4acd55cfac60c2aa1bec155c08.bundle,篩選組失敗結局,Say,イエホン･キュウ,8,まあ、その可能性も無きにしも非ず？ハハ！,
d0e81a4acd55cfac60c2aa1bec155c08.bundle,篩選組失敗結局,Say,タイミン･ソウ,8,どこにいたのですか？,
d0e81a4acd55cfac60c2aa1bec155c08.bundle,篩選組失敗結局,Say,イー･テイ,4,いくつか電話をしてたんだ。,
d0e81a4acd55cfac60c2aa1bec155c08.bundle,篩選組失敗結局,Say,イー･テイ,5,それと皆の分のドリンクを頼んだから、もうすぐで届くと思うよ。,
d0e81a4acd55cfac60c2aa1bec155c08.bundle,篩選組失敗結局,Say,シンカ･シェ,4,ありがとうございます！,
d0e81a4acd55cfac60c2aa1bec155c08.bundle,篩選組失敗結局,Say,イー･テイ,6,頑張って報告を仕上げてくれた皆へのご褒美です！,
d0e81a4acd55cfac60c2aa1bec155c08.bundle,篩選組失敗結局,Say,イエホン･キュウ,9,ドリンクって、どこの？,
d0e81a4acd55cfac60c2aa1bec155c08.bundle,篩選組失敗結局,Say,タイミン･ソウ,9,奢ってもられるんだから、そんなのどうでもいいだろ……,
d0e81a4acd55cfac60c2aa1bec155c08.bundle,篩選組失敗結局,Say,イエホン･キュウ,10,いや、重要だ！店によって、期待値を調整する必要があるんだ！,
d0e81a4acd55cfac60c2aa1bec155c08.bundle,篩選組失敗結局,Say,タイミン･ソウ,10,こいつ……,
d0e81a4acd55cfac60c2aa1bec155c08.bundle,篩選組失敗結局,Say,イー･テイ,7,ハハハ、ボーちゃんが大好きな店だよ。,
d0e81a4acd55cfac60c2aa1bec155c08.bundle,篩選組失敗結局,Say,イエホン･キュウ,11,やった！さすがイーちゃん！,
d0e81a4acd55cfac60c2aa1bec155c08.bundle,篩選組失敗結局,Say,イー･テイ,8,とにかくご苦労様。僕は席に戻るね。,
d0e81a4acd55cfac60c2aa1bec155c08.bundle,篩選組失敗結局,Say,シンカ･シェ,5,……,
d0e81a4acd55cfac60c2aa1bec155c08.bundle,篩選組失敗結局,Say,シンカ･シェ,6,ちょっと待ってください！,
d0e81a4acd55cfac60c2aa1bec155c08.bundle,篩選組失敗結局,Say,イー･テイ,9,ん？,
d0e81a4acd55cfac60c2aa1bec155c08.bundle,篩選組失敗結局,Say,シンカ･シェ,7,……本当に大丈夫ですか？,
d0e81a4acd55cfac60c2aa1bec155c08.bundle,篩選組失敗結局,Say,イー･テイ,10,……,
d0e81a4acd55cfac60c2aa1bec155c08.bundle,篩選組失敗結局,Say,イー･テイ,11,うん、大丈夫だ。,
d0e81a4acd55cfac60c2aa1bec155c08.bundle,篩選組失敗結局,Say,イー･テイ,12,心配してくれるのは有り難いけど、案外すっきりしてるんだ。,
d0e81a4acd55cfac60c2aa1bec155c08.bundle,篩選組失敗結局,Say,タイミン･ソウ,11,すっきり？,
d0e81a4acd55cfac60c2aa1bec155c08.bundle,篩選組失敗結局,Say,イー･テイ,13,うん。,
d0e81a4acd55cfac60c2aa1bec155c08.bundle,篩選組失敗結局,Say,イー･テイ,14,失敗したと知った時はかなり落ち込んだけど、後々考えてみたら……,
d0e81a4acd55cfac60c2aa1bec155c08.bundle,篩選組失敗結局,Say,イー･テイ,15,ただチャンスを逃しただけだ！,
d0e81a4acd55cfac60c2aa1bec155c08.bundle,篩選組失敗結局,Say,イー･テイ,16,この工場や皆がいれば、僕にはまだ希望がある。,
d0e81a4acd55cfac60c2aa1bec155c08.bundle,篩選組失敗結局,Say,イー･テイ,17,僕は皆を信じているから。,
d0e81a4acd55cfac60c2aa1bec155c08.bundle,篩選組失敗結局,Say,イエホン･キュウ,12,……,
d0e81a4acd55cfac60c2aa1bec155c08.bundle,篩選組失敗結局,Say,イエホン･キュウ,13,ううっ……感動しすぎて涙が……,
d0e81a4acd55cfac60c2aa1bec155c08.bundle,篩選組失敗結局,Say,タイミン･ソウ,12,だからそういうのはやめろって！,
d0e81a4acd55cfac60c2aa1bec155c08.bundle,篩選組失敗結局,Say,イエホン･キュウ,14,何だよ！今のは本気だったんだけど！？,
d0e81a4acd55cfac60c2aa1bec155c08.bundle,篩選組失敗結局,Say,タイミン･ソウ,13,あ、そうなんだ……,
d0e81a4acd55cfac60c2aa1bec155c08.bundle,篩選組失敗結局,Say,イー･テイ,18,ハハハ、さあ、仕事に戻りな！,
d0e81a4acd55cfac60c2aa1bec155c08.bundle,篩選組失敗結局,Say,イー･テイ,19,ジェイにもドリンクを頼んだから、もらってね！,
d0e81a4acd55cfac60c2aa1bec155c08.bundle,篩選組失敗結局,Branch,#Simple,3,ありがとうございます！,
d0e81a4acd55cfac60c2aa1bec155c08.bundle,篩選組失敗結局,Branch,#Simple,4,わかりました。,
d0e81a4acd55cfac60c2aa1bec155c08.bundle,篩選組失敗結局,Branch,#Simple,5,……,
d0e81a4acd55cfac60c2aa1bec155c08.bundle,篩選組失敗結局,Say,イー･テイ,20,そうだ。工場閉鎖の件は一段落したけど……,
d0e81a4acd55cfac60c2aa1bec155c08.bundle,篩選組失敗結局,Say,イー･テイ,21,ジェイの出勤日は来週からだからね？,
d0e81a4acd55cfac60c2aa1bec155c08.bundle,篩選組失敗結局,Branch,#Simple,6,忘れるところでした。,
d0e81a4acd55cfac60c2aa1bec155c08.bundle,篩選組失敗結局,Say,イー･テイ,22,ハハハ、やっぱりね！,
d0e81a4acd55cfac60c2aa1bec155c08.bundle,篩選組失敗結局,Branch,#Simple,7,はい、覚えています。,
d0e81a4acd55cfac60c2aa1bec155c08.bundle,篩選組失敗結局,Say,イー･テイ,23,ならよかった！,
d0e81a4acd55cfac60c2aa1bec155c08.bundle,篩選組失敗結局,Branch,#Simple,8,え？そうでしたっけ？,
d0e81a4acd55cfac60c2aa1bec155c08.bundle,篩選組失敗結局,Say,イー･テイ,24,やっぱり忘れてたか！,
d0e81a4acd55cfac60c2aa1bec155c08.bundle,篩選組失敗結局,Say,イー･テイ,25,君は採用されたけど、出勤は来週からだよ。,
d0e81a4acd55cfac60c2aa1bec155c08.bundle,篩選組失敗結局,Say,イー･テイ,26,間違えて、明日来ないでね。,
d0e81a4acd55cfac60c2aa1bec155c08.bundle,篩選組失敗結局,Say,イー･テイ,27,まあ、どうしても皆に会いたいなら、別にいいけどね。ハハ。,
d0e81a4acd55cfac60c2aa1bec155c08.bundle,篩選組失敗結局,Branch,#Simple,9,わかりました。,
d0e81a4acd55cfac60c2aa1bec155c08.bundle,篩選組失敗結局,Say,イー･テイ,28,ちょっ、僕のジョークは無視？,
d0e81a4acd55cfac60c2aa1bec155c08.bundle,篩選組失敗結局,Say,シンカ･シェ,8,チーフ！自分でツッコんだら余計惨めになりますよ！,
d0e81a4acd55cfac60c2aa1bec155c08.bundle,篩選組失敗結局,Say,イー･テイ,29,そ、そうだね。ハハハ……,
d0e81a4acd55cfac60c2aa1bec155c08.bundle,篩選組失敗結局,Branch,#Simple,10,家で一日中、ゴロゴロしようと思います。,
d0e81a4acd55cfac60c2aa1bec155c08.bundle,篩選組失敗結局,Say,イー･テイ,30,それがいいよ。,
d0e81a4acd55cfac60c2aa1bec155c08.bundle,篩選組失敗結局,Say,イエホン･キュウ,15,いいな～,
d0e81a4acd55cfac60c2aa1bec155c08.bundle,篩選組失敗結局,Say,シンカ･シェ,9,羨ましいです～,
d0e81a4acd55cfac60c2aa1bec155c08.bundle,篩選組失敗結局,Branch,#Simple,11,皆に会いたいから、明日も来ます。,
d0e81a4acd55cfac60c2aa1bec155c08.bundle,篩選組失敗結局,Say,イー･テイ,31,ハハハ、来なくて大丈夫だよ！,
d0e81a4acd55cfac60c2aa1bec155c08.bundle,篩選組失敗結局,Say,イー･テイ,32,あ、そうだ。,
d0e81a4acd55cfac60c2aa1bec155c08.bundle,篩選組失敗結局,Say,イー･テイ,33,次会えるのは来週だから、帰る前にもう少し皆と話すといいよ。,
d0e81a4acd55cfac60c2aa1bec155c08.bundle,操作組失敗結局,Say,心の声,0,どうやら誰もいないみたいだ……,
d0e81a4acd55cfac60c2aa1bec155c08.bundle,操作組失敗結局,Say,ユウヒン･ライ,0,ジェイさん……,
d0e81a4acd55cfac60c2aa1bec155c08.bundle,操作組失敗結局,Say,ユウヒン･ライ,1,……チーフの命令で、皆はもう帰りました。,
d0e81a4acd55cfac60c2aa1bec155c08.bundle,操作組失敗結局,Say,ギイ･カー,0,もうここにいても、しょうがないですからね。,
d0e81a4acd55cfac60c2aa1bec155c08.bundle,操作組失敗結局,Branch,#Simple,0,なら、あなたたちはどうしてここに？,
d0e81a4acd55cfac60c2aa1bec155c08.bundle,操作組失敗結局,Say,ユウヒン･ライ,2,どうしてでしょうね……,
d0e81a4acd55cfac60c2aa1bec155c08.bundle,操作組失敗結局,Say,ユウヒン･ライ,3,でも、このまま家に帰るのはなんだか嫌で……,
d0e81a4acd55cfac60c2aa1bec155c08.bundle,操作組失敗結局,Branch,#Simple,1,シュン･ゴはどこですか？,
d0e81a4acd55cfac60c2aa1bec155c08.bundle,操作組失敗結局,Say,カエ･チン,0,何をしているのかはわかりませんが、チーフ室にいます。,
d0e81a4acd55cfac60c2aa1bec155c08.bundle,操作組失敗結局,Branch,#Simple,2,……,
d0e81a4acd55cfac60c2aa1bec155c08.bundle,操作組失敗結局,Say,ギイ･カー,1,ああ、ほんとに悔しい！,
d0e81a4acd55cfac60c2aa1bec155c08.bundle,操作組失敗結局,Say,ギイ･カー,2,まさかこんなことになるなんて……,
d0e81a4acd55cfac60c2aa1bec155c08.bundle,操作組失敗結局,Say,ユウヒン･ライ,4,仕方がありません……,
d0e81a4acd55cfac60c2aa1bec155c08.bundle,操作組失敗結局,Say,ギイ･カー,3,これからどうすればいいんだ……,
d0e81a4acd55cfac60c2aa1bec155c08.bundle,操作組失敗結局,Say,ユウヒン･ライ,5,……,
d0e81a4acd55cfac60c2aa1bec155c08.bundle,操作組失敗結局,Say,カエ･チン,1,そこまでにしよう。いくら話しても状況は変わらない。,
d0e81a4acd55cfac60c2aa1bec155c08.bundle,操作組失敗結局,Say,ギイ･カー,4,嫌なら帰ればいいじゃないですか！,
d0e81a4acd55cfac60c2aa1bec155c08.bundle,操作組失敗結局,Say,カエ･チン,2,なんですって！？,
d0e81a4acd55cfac60c2aa1bec155c08.bundle,操作組失敗結局,Say,ユウヒン･ライ,6,お、落ち着いてください……！,
d0e81a4acd55cfac60c2aa1bec155c08.bundle,操作組失敗結局,Say,カエ･チン,3,……,
d0e81a4acd55cfac60c2aa1bec155c08.bundle,操作組失敗結局,Say,ギイ･カー,5,……,
d0e81a4acd55cfac60c2aa1bec155c08.bundle,操作組失敗結局,Say,パン･ロウ,0,僕たちのやることは変わらない。,
d0e81a4acd55cfac60c2aa1bec155c08.bundle,操作組失敗結局,Say,パン･ロウ,1,セラーを維持し、死亡数を最小限に抑える。,
d0e81a4acd55cfac60c2aa1bec155c08.bundle,操作組失敗結局,Say,パン･ロウ,2,選別組のやつらが、いくらマイナーを増やしてこようとも、僕たちはできる限り彼らを守る。,
d0e81a4acd55cfac60c2aa1bec155c08.bundle,操作組失敗結局,Say,パン･ロウ,3,だろう？,
d0e81a4acd55cfac60c2aa1bec155c08.bundle,操作組失敗結局,Say,カエ･チン,4,……,
d0e81a4acd55cfac60c2aa1bec155c08.bundle,操作組失敗結局,Say,ギイ･カー,6,……,
d0e81a4acd55cfac60c2aa1bec155c08.bundle,操作組失敗結局,Say,シュン･ゴ,0,パンちゃんの言う通りです。,
d0e81a4acd55cfac60c2aa1bec155c08.bundle,操作組失敗結局,Say,ギイ･カー,7,チーフ……,
d0e81a4acd55cfac60c2aa1bec155c08.bundle,操作組失敗結局,Say,シュン･ゴ,1,私は確かに失敗しましたが、私たちがやることは変わりません。,
d0e81a4acd55cfac60c2aa1bec155c08.bundle,操作組失敗結局,Say,シュン･ゴ,2,私たちは自分の仕事を成し、できるだけ多くを救うだけです。,
d0e81a4acd55cfac60c2aa1bec155c08.bundle,操作組失敗結局,Say,シュン･ゴ,3,サイレントが続くように、私たちも努力をやめてはなりません……,
d0e81a4acd55cfac60c2aa1bec155c08.bundle,操作組失敗結局,Say,ギイ･カー,8,はい。,
d0e81a4acd55cfac60c2aa1bec155c08.bundle,操作組失敗結局,Say,カエ･チン,5,……もちろん。,
d0e81a4acd55cfac60c2aa1bec155c08.bundle,操作組失敗結局,Say,ユウヒン･ライ,7,……,
d0e81a4acd55cfac60c2aa1bec155c08.bundle,操作組失敗結局,Say,ユウヒン･ライ,8,でも、ずっとこのままなんですか……？,
d0e81a4acd55cfac60c2aa1bec155c08.bundle,操作組失敗結局,Say,シュン･ゴ,4,いいえ。,
d0e81a4acd55cfac60c2aa1bec155c08.bundle,操作組失敗結局,Say,シュン･ゴ,5,私は、工場閉鎖をまだ諦めていません。,
d0e81a4acd55cfac60c2aa1bec155c08.bundle,操作組失敗結局,Say,シュン･ゴ,6,確かに今回のチャンスは逃しましたが、チャンスはきっとまたやってきます。,
d0e81a4acd55cfac60c2aa1bec155c08.bundle,操作組失敗結局,Say,シュン･ゴ,7,我々が、サイレントの閉鎖を望む限り……,
d0e81a4acd55cfac60c2aa1bec155c08.bundle,操作組失敗結局,Say,シュン･ゴ,8,我々がマイナー、そして互いを守ろうと心に誓う限り……,
d0e81a4acd55cfac60c2aa1bec155c08.bundle,操作組失敗結局,Say,シュン･ゴ,9,私は諦めません。,
d0e81a4acd55cfac60c2aa1bec155c08.bundle,操作組失敗結局,Say,ユウヒン･ライ,9,……,
d0e81a4acd55cfac60c2aa1bec155c08.bundle,操作組失敗結局,Say,ギイ･カー,9,……,
d0e81a4acd55cfac60c2aa1bec155c08.bundle,操作組失敗結局,Say,カエ･チン,6,……,
d0e81a4acd55cfac60c2aa1bec155c08.bundle,操作組失敗結局,Say,シュン･ゴ,10,ですが、このままサイレントにいても、状況は悪化する一方です……,
d0e81a4acd55cfac60c2aa1bec155c08.bundle,操作組失敗結局,Say,シュン･ゴ,11,もし離職を望む者、または他の工場に移りたい者がいても、私は責めません。,
d0e81a4acd55cfac60c2aa1bec155c08.bundle,操作組失敗結局,Say,シュン･ゴ,12,できるだけのサポートをするつもりです。ですが私は……,
d0e81a4acd55cfac60c2aa1bec155c08.bundle,操作組失敗結局,Say,パン･ロウ,4,僕はここを離れる気はないよ。,
d0e81a4acd55cfac60c2aa1bec155c08.bundle,操作組失敗結局,Say,シュン･ゴ,13,……パンちゃん。,
d0e81a4acd55cfac60c2aa1bec155c08.bundle,操作組失敗結局,Say,ジュジュ･ライ,0,私も。,
d0e81a4acd55cfac60c2aa1bec155c08.bundle,操作組失敗結局,Say,ユウヒン･ライ,10,……,
d0e81a4acd55cfac60c2aa1bec155c08.bundle,操作組失敗結局,Say,ユウヒン･ライ,11,私もです！,
d0e81a4acd55cfac60c2aa1bec155c08.bundle,操作組失敗結局,Say,ギイ･カー,10,ええ、こんな状況で皆を見捨てるわけにはいかないですからね。,
d0e81a4acd55cfac60c2aa1bec155c08.bundle,操作組失敗結局,Say,カエ･チン,7,……私もここに残る。苦しんでいる人を見捨てるわけにはいかない。,
d0e81a4acd55cfac60c2aa1bec155c08.bundle,操作組失敗結局,Say,シュン･ゴ,14,……,
d0e81a4acd55cfac60c2aa1bec155c08.bundle,操作組失敗結局,Say,ギイ･カー,11,今後何が起きようとも、私たちならきっと乗り越えられますよ！,
d0e81a4acd55cfac60c2aa1bec155c08.bundle,操作組失敗結局,Say,ユウヒン･ライ,12,はい！,
d0e81a4acd55cfac60c2aa1bec155c08.bundle,操作組失敗結局,Say,シュン･ゴ,15,……ありがとうございます。,
d0e81a4acd55cfac60c2aa1bec155c08.bundle,操作組失敗結局,Say,カエ･チン,8,礼は不要でしょ。私たちは正しいことをしようとしているだけなんだから。,
d0e81a4acd55cfac60c2aa1bec155c08.bundle,操作組失敗結局,Say,シュン･ゴ,16,ええ、ありがとうございます。,
d0e81a4acd55cfac60c2aa1bec155c08.bundle,操作組失敗結局,Say,カエ･チン,9,また言ってる。,
d0e81a4acd55cfac60c2aa1bec155c08.bundle,操作組失敗結局,Say,シュン･ゴ,17,そ、そうでしたね……,
d0e81a4acd55cfac60c2aa1bec155c08.bundle,操作組失敗結局,Say,ギイ･カー,12,ハハハハ！,
d0e81a4acd55cfac60c2aa1bec155c08.bundle,操作組失敗結局,Say,ユウヒン･ライ,13,フフッ。,
d0e81a4acd55cfac60c2aa1bec155c08.bundle,操作組失敗結局,Say,パン･ロウ,5,ヘヘヘッ。,
d0e81a4acd55cfac60c2aa1bec155c08.bundle,操作組失敗結局,Say,シュン･ゴ,18,と、とにかく……,
d0e81a4acd55cfac60c2aa1bec155c08.bundle,操作組失敗結局,Say,シュン･ゴ,19,今日はもう解散しましょう。,
d0e81a4acd55cfac60c2aa1bec155c08.bundle,操作組失敗結局,Say,シュン･ゴ,20,皆さん、お疲れ様でした。,
d0e81a4acd55cfac60c2aa1bec155c08.bundle,操作組失敗結局,Say,パン･ロウ,6,お疲れ様！,
d0e81a4acd55cfac60c2aa1bec155c08.bundle,操作組失敗結局,Say,ユウヒン･ライ,14,お疲れ様でした～,
d0e81a4acd55cfac60c2aa1bec155c08.bundle,兩人一起抵達,Say,イー･テイ,0,執行官。,
d0e81a4acd55cfac60c2aa1bec155c08.bundle,兩人一起抵達,Say,シュン･ゴ,0,執行官。,
d0e81a4acd55cfac60c2aa1bec155c08.bundle,兩人一起抵達,Say,セイワ･ゲン,0,イー･テイ。,
d0e81a4acd55cfac60c2aa1bec155c08.bundle,兩人一起抵達,Say,セイワ･ゲン,1,……それからシュン･ゴ？,
d0e81a4acd55cfac60c2aa1bec155c08.bundle,兩人一起抵達,Say,セイワ･ゲン,2,シュン･ゴ。,
d0e81a4acd55cfac60c2aa1bec155c08.bundle,兩人一起抵達,Say,セイワ･ゲン,3,……それからイー･テイ？,
d0e81a4acd55cfac60c2aa1bec155c08.bundle,兩人一起抵達,Say,セイワ･ゲン,4,私は一人としか約束をしていないはずだが？,
d0e81a4acd55cfac60c2aa1bec155c08.bundle,兩人一起抵達,Say,イー･テイ,1,実は、我々からご提案があります。,
d0e81a4acd55cfac60c2aa1bec155c08.bundle,兩人一起抵達,Say,セイワ･ゲン,5,提案？それは素晴らしい。,
d0e81a4acd55cfac60c2aa1bec155c08.bundle,兩人一起抵達,Say,セイワ･ゲン,6,では、私のオフィスに届けてくれ。暇な時にでも確認する。,
d0e81a4acd55cfac60c2aa1bec155c08.bundle,兩人一起抵達,Say,イー･テイ,2,執行官。,
d0e81a4acd55cfac60c2aa1bec155c08.bundle,兩人一起抵達,Say,セイワ･ゲン,7,……,
d0e81a4acd55cfac60c2aa1bec155c08.bundle,兩人一起抵達,Say,イー･テイ,3,話を聞いてください。,
d0e81a4acd55cfac60c2aa1bec155c08.bundle,兩人一起抵達,Say,セイワ･ゲン,8,ハハハ、もちろんだ。,
d0e81a4acd55cfac60c2aa1bec155c08.bundle,兩人一起抵達,Say,セイワ･ゲン,9,そんな必死な顔をされたら、聞かないわけにもいかないな。,
d0e81a4acd55cfac60c2aa1bec155c08.bundle,兩人一起抵達,Say,セイワ･ゲン,10,よろしい、話してくれ。,
d0e81a4acd55cfac60c2aa1bec155c08.bundle,兩人一起抵達,Say,イー･テイ,4,僕とシュン･ゴから取締役にご提案があります。,
d0e81a4acd55cfac60c2aa1bec155c08.bundle,兩人一起抵達,Say,セイワ･ゲン,11,私ではなく、取締役にか？,
d0e81a4acd55cfac60c2aa1bec155c08.bundle,兩人一起抵達,Say,セイワ･ゲン,12,では……,
d0e81a4acd55cfac60c2aa1bec155c08.bundle,兩人一起抵達,Say,セイワ･ゲン,13,どの取締役にかな？,
d0e81a4acd55cfac60c2aa1bec155c08.bundle,兩人一起抵達,Say,イー･テイ,5,取締役会が二つの派閥にわかれていることはわかっています……,
d0e81a4acd55cfac60c2aa1bec155c08.bundle,兩人一起抵達,Say,イー･テイ,6,僕たちは、取締役会全体にご提案したいです。,
d0e81a4acd55cfac60c2aa1bec155c08.bundle,兩人一起抵達,Say,セイワ･ゲン,14,……,
d0e81a4acd55cfac60c2aa1bec155c08.bundle,兩人一起抵達,Say,心の声,0,セイワ･ゲンのいつもの作り笑いが消えた……,
d0e81a4acd55cfac60c2aa1bec155c08.bundle,兩人一起抵達,Say,セイワ･ゲン,15,それは驚いたな。,
d0e81a4acd55cfac60c2aa1bec155c08.bundle,兩人一起抵達,Say,セイワ･ゲン,16,詳しく説明してくれ。,
d0e81a4acd55cfac60c2aa1bec155c08.bundle,兩人一起抵達,Say,イー･テイ,7,僕たちは、セラーのシステムをグレードアップすることで、収容数を上げたいと考えています。,
d0e81a4acd55cfac60c2aa1bec155c08.bundle,兩人一起抵達,Say,セイワ･ゲン,17,……,
d0e81a4acd55cfac60c2aa1bec155c08.bundle,兩人一起抵達,Say,セイワ･ゲン,18,続けなさい。,
d0e81a4acd55cfac60c2aa1bec155c08.bundle,兩人一起抵達,Say,イー･テイ,8,これなら、存続派の取締役の要求に応えられるはずです。,
d0e81a4acd55cfac60c2aa1bec155c08.bundle,兩人一起抵達,Say,イー･テイ,9,収容数が上がれば、政治的影響力も大きくなります。,
d0e81a4acd55cfac60c2aa1bec155c08.bundle,兩人一起抵達,Say,セイワ･ゲン,19,しかしその分、コストも急増する。,
d0e81a4acd55cfac60c2aa1bec155c08.bundle,兩人一起抵達,Say,イー･テイ,10,はい、それに……,
d0e81a4acd55cfac60c2aa1bec155c08.bundle,兩人一起抵達,Say,セイワ･ゲン,20,それに。,
d0e81a4acd55cfac60c2aa1bec155c08.bundle,兩人一起抵達,Say,セイワ･ゲン,21,グレードアップには、レッドボックスの技術が必要、だな？,
d0e81a4acd55cfac60c2aa1bec155c08.bundle,兩人一起抵達,Say,イー･テイ,11,はい。,
d0e81a4acd55cfac60c2aa1bec155c08.bundle,兩人一起抵達,Say,セイワ･ゲン,22,君たちは、取締役会の内部争いに詳しいようだな。,
d0e81a4acd55cfac60c2aa1bec155c08.bundle,兩人一起抵達,Say,セイワ･ゲン,23,レッドボックスを筆頭とする技術優先の取締役たちは、サイレントのような古い施設を稼働させ続ける気はない。,
d0e81a4acd55cfac60c2aa1bec155c08.bundle,兩人一起抵達,Say,イー･テイ,12,工場閉鎖派ですね。,
d0e81a4acd55cfac60c2aa1bec155c08.bundle,兩人一起抵達,Say,セイワ･ゲン,24,では、なぜサイレントの閉鎖を望むレッドボックスが、グレードアップの手伝いすると思うのだ？,
d0e81a4acd55cfac60c2aa1bec155c08.bundle,兩人一起抵達,Say,イー･テイ,13,彼らが何もしなければ、存続派の一人勝ちになるからです。,
d0e81a4acd55cfac60c2aa1bec155c08.bundle,兩人一起抵達,Say,イー･テイ,14,存続派に一人勝ちさせないためにも、レッドボックスは技術を提供するしかありません。,
d0e81a4acd55cfac60c2aa1bec155c08.bundle,兩人一起抵達,Say,セイワ･ゲン,25,……,
d0e81a4acd55cfac60c2aa1bec155c08.bundle,兩人一起抵達,Say,セイワ･ゲン,26,君のボスは、存続派の取締役だということをわかっているのか？,
d0e81a4acd55cfac60c2aa1bec155c08.bundle,兩人一起抵達,Say,イー･テイ,15,はい。,
d0e81a4acd55cfac60c2aa1bec155c08.bundle,兩人一起抵達,Say,セイワ･ゲン,27,閉鎖派の手助けをするということは、存続派の利益を害する行為だと理解しているのか？,
d0e81a4acd55cfac60c2aa1bec155c08.bundle,兩人一起抵達,Say,イー･テイ,16,……そうは思いません。,
d0e81a4acd55cfac60c2aa1bec155c08.bundle,兩人一起抵達,Say,イー･テイ,17,これは、双方の利益を最大限に上げる方法です。,
d0e81a4acd55cfac60c2aa1bec155c08.bundle,兩人一起抵達,Say,セイワ･ゲン,28,そうなのか？,
d0e81a4acd55cfac60c2aa1bec155c08.bundle,兩人一起抵達,Say,心の声,1,またあの嫌な笑い方だ……,
d0e81a4acd55cfac60c2aa1bec155c08.bundle,兩人一起抵達,Say,イー･テイ,18,例え存続派がこの計画に納得しなくても、私たちがこの計画を提出すれば……,
d0e81a4acd55cfac60c2aa1bec155c08.bundle,兩人一起抵達,Say,イー･テイ,19,閉鎖派は間違いなく動き出します。,
d0e81a4acd55cfac60c2aa1bec155c08.bundle,兩人一起抵達,Say,イー･テイ,20,ですから、言葉を選ばずに申し上げると……,
d0e81a4acd55cfac60c2aa1bec155c08.bundle,兩人一起抵達,Say,イー･テイ,21,この件は存続派だけで決められるものではありません。,
d0e81a4acd55cfac60c2aa1bec155c08.bundle,兩人一起抵達,Say,シュン･ゴ,1,こうすれば、閉鎖派の取締役の要求に応えれるはずです。,
d0e81a4acd55cfac60c2aa1bec155c08.bundle,兩人一起抵達,Say,シュン･ゴ,2,技術を最優先に考える方針を成し遂げられます。,
d0e81a4acd55cfac60c2aa1bec155c08.bundle,兩人一起抵達,Say,セイワ･ゲン,29,レッドボックスからの指示はサイレントを閉鎖だったはずだが？,
d0e81a4acd55cfac60c2aa1bec155c08.bundle,兩人一起抵達,Say,シュン･ゴ,3,はい、しかし……,
d0e81a4acd55cfac60c2aa1bec155c08.bundle,兩人一起抵達,Say,セイワ･ゲン,30,それと……,
d0e81a4acd55cfac60c2aa1bec155c08.bundle,兩人一起抵達,Say,セイワ･ゲン,31,サイレントをグレードアップした後はどうするつもりだ？このまま稼働させる気か？,
d0e81a4acd55cfac60c2aa1bec155c08.bundle,兩人一起抵達,Say,イー･テイ,22,はい。私たちが供給者の収容数を上げることで、万象は……,
d0e81a4acd55cfac60c2aa1bec155c08.bundle,兩人一起抵達,Say,セイワ･ゲン,32,失業者の受け皿となり、政治的影響力が手に入る……,
d0e81a4acd55cfac60c2aa1bec155c08.bundle,兩人一起抵達,Say,イー･テイ,23,はい、その通りです。,
d0e81a4acd55cfac60c2aa1bec155c08.bundle,兩人一起抵達,Say,セイワ･ゲン,33,……,
d0e81a4acd55cfac60c2aa1bec155c08.bundle,兩人一起抵達,Say,セイワ･ゲン,34,……面白い。しかも、有効は手段だ。,
d0e81a4acd55cfac60c2aa1bec155c08.bundle,兩人一起抵達,Say,セイワ･ゲン,35,君が考えたのか？,
d0e81a4acd55cfac60c2aa1bec155c08.bundle,兩人一起抵達,Say,シュン･ゴ,4,いいえ、イー･テイチーフの案です。,
d0e81a4acd55cfac60c2aa1bec155c08.bundle,兩人一起抵達,Say,イー･テイ,24,彼からもらったデータなどから、考えついたんです。,
d0e81a4acd55cfac60c2aa1bec155c08.bundle,兩人一起抵達,Say,セイワ･ゲン,36,君たちの互いの手柄を奪いたくない気持ちは、痛いほどわかったよ。,
d0e81a4acd55cfac60c2aa1bec155c08.bundle,兩人一起抵達,Say,セイワ･ゲン,37,……だが驚いた。,
d0e81a4acd55cfac60c2aa1bec155c08.bundle,兩人一起抵達,Say,セイワ･ゲン,38,取締役会の派閥争いを逆手に取るとはな。,
d0e81a4acd55cfac60c2aa1bec155c08.bundle,兩人一起抵達,Say,イー･テイ,25,……,
d0e81a4acd55cfac60c2aa1bec155c08.bundle,兩人一起抵達,Say,セイワ･ゲン,39,怯える必要はない。別に悪いことではないさ。,
d0e81a4acd55cfac60c2aa1bec155c08.bundle,兩人一起抵達,Say,イー･テイ,26,……はい。,
d0e81a4acd55cfac60c2aa1bec155c08.bundle,兩人一起抵達,Say,セイワ･ゲン,40,さて。,
d0e81a4acd55cfac60c2aa1bec155c08.bundle,兩人一起抵達,Say,セイワ･ゲン,41,確かに存続派の取締役たちの目的は、失業率を下げることで、政府への影響力を手に入れることだ。,
d0e81a4acd55cfac60c2aa1bec155c08.bundle,兩人一起抵達,Say,セイワ･ゲン,42,彼らはサンライズを抑えて、政府の最も大きな取引先になろうとしている。,
d0e81a4acd55cfac60c2aa1bec155c08.bundle,兩人一起抵達,Say,セイワ･ゲン,43,だがわかっているとは思うが……,
d0e81a4acd55cfac60c2aa1bec155c08.bundle,兩人一起抵達,Say,セイワ･ゲン,44,レッドボックスを筆頭とする技術優先の取締役たちは、サイレントのような古い施設を稼働させ続ける気はない。,
d0e81a4acd55cfac60c2aa1bec155c08.bundle,兩人一起抵達,Say,イー･テイ,27,工場閉鎖派ですね。,
d0e81a4acd55cfac60c2aa1bec155c08.bundle,兩人一起抵達,Say,セイワ･ゲン,45,……,
d0e81a4acd55cfac60c2aa1bec155c08.bundle,兩人一起抵達,Say,セイワ･ゲン,46,君のボスは、閉鎖派の取締役だということをわかっているのか？,
d0e81a4acd55cfac60c2aa1bec155c08.bundle,兩人一起抵達,Say,シュン･ゴ,5,はい。,
d0e81a4acd55cfac60c2aa1bec155c08.bundle,兩人一起抵達,Say,セイワ･ゲン,47,存続派の手助けをするということは、閉鎖派の利益を害する行為だと理解しているのか？,
d0e81a4acd55cfac60c2aa1bec155c08.bundle,兩人一起抵達,Say,シュン･ゴ,6,……そうは思いません。,
d0e81a4acd55cfac60c2aa1bec155c08.bundle,兩人一起抵達,Say,イー･テイ,28,これは、双方の利益を最大限に上げる方法です。,
d0e81a4acd55cfac60c2aa1bec155c08.bundle,兩人一起抵達,Say,セイワ･ゲン,48,そうなのか？,
d0e81a4acd55cfac60c2aa1bec155c08.bundle,兩人一起抵達,Say,心の声,2,またあの嫌な笑い方だ……,
d0e81a4acd55cfac60c2aa1bec155c08.bundle,兩人一起抵達,Say,イー･テイ,29,僕たちが報告書を提出すれば、これこそが万象にとって、最も有益な案だとご理解いただけるはずです。,
d0e81a4acd55cfac60c2aa1bec155c08.bundle,兩人一起抵達,Say,イー･テイ,30,そうなれば、例えレッドボックスがこの案に納得がいかなくても、存続派が動き出すはずです。,
d0e81a4acd55cfac60c2aa1bec155c08.bundle,兩人一起抵達,Say,イー･テイ,31,ですから、言葉を選ばずに申し上げると……,
d0e81a4acd55cfac60c2aa1bec155c08.bundle,兩人一起抵達,Say,イー･テイ,32,この件は閉鎖派だけで決められるものではありません。,
d0e81a4acd55cfac60c2aa1bec155c08.bundle,兩人一起抵達,Say,セイワ･ゲン,49,ハハハハ！,
d0e81a4acd55cfac60c2aa1bec155c08.bundle,兩人一起抵達,Say,セイワ･ゲン,50,素晴らしい！,
d0e81a4acd55cfac60c2aa1bec155c08.bundle,兩人一起抵達,Say,セイワ･ゲン,51,では、君たちの計画が上手くいったとしよう。,
d0e81a4acd55cfac60c2aa1bec155c08.bundle,兩人一起抵達,Say,セイワ･ゲン,52,まだ一つ、問題が残ってはいないかね？,
d0e81a4acd55cfac60c2aa1bec155c08.bundle,兩人一起抵達,Say,イー･テイ,33,……,
d0e81a4acd55cfac60c2aa1bec155c08.bundle,兩人一起抵達,Say,イー･テイ,34,……あなたですね。,
d0e81a4acd55cfac60c2aa1bec155c08.bundle,兩人一起抵達,Say,セイワ･ゲン,53,私はただこの件を早く収束させたいだけで、サイレントの存続、閉鎖なんてものはどうでもいい。,
d0e81a4acd55cfac60c2aa1bec155c08.bundle,兩人一起抵達,Say,セイワ･ゲン,54,それに君たちの計画が、動き出すのは数ヶ月後だ。,
d0e81a4acd55cfac60c2aa1bec155c08.bundle,兩人一起抵達,Say,セイワ･ゲン,55,もしかしたら、1、2年かかる可能性もあるだろう。,
d0e81a4acd55cfac60c2aa1bec155c08.bundle,兩人一起抵達,Say,セイワ･ゲン,56,それまでサイレントでは、この最悪の状況が続くだろう。,
d0e81a4acd55cfac60c2aa1bec155c08.bundle,兩人一起抵達,Say,セイワ･ゲン,57,それを知りながら、私が取締役たちにこの計画を提案すると思うのか？,
d0e81a4acd55cfac60c2aa1bec155c08.bundle,兩人一起抵達,Say,セイワ･ゲン,58,こんないつでも解決できる問題を、どうして私が先延ばしにする必要がある？,
d0e81a4acd55cfac60c2aa1bec155c08.bundle,兩人一起抵達,Say,セイワ･ゲン,59,ましてや、存続派の取締役からの反感を買う可能性を冒してまでする必要がどこにある？,
d0e81a4acd55cfac60c2aa1bec155c08.bundle,兩人一起抵達,Say,セイワ･ゲン,60,ましてや、閉鎖派の取締役からの反感を買う可能性を冒してまでする必要が、どこにある？,
d0e81a4acd55cfac60c2aa1bec155c08.bundle,兩人一起抵達,Say,セイワ･ゲン,61,そもそも彼らは一人勝ちできたはずなんだ。,
d0e81a4acd55cfac60c2aa1bec155c08.bundle,兩人一起抵達,Say,心の声,3,これが最後の難所だ……,
d0e81a4acd55cfac60c2aa1bec155c08.bundle,兩人一起抵達,Say,心の声,4,セイワ･ゲンが同意しなければ、この計画に意味はない……,
d0e81a4acd55cfac60c2aa1bec155c08.bundle,兩人一起抵達,Say,イー･テイ,35,……,
d0e81a4acd55cfac60c2aa1bec155c08.bundle,兩人一起抵達,Say,イー･テイ,36,執行官がこの案を提出すれば、取締役会への加入が間近になると思います。,
d0e81a4acd55cfac60c2aa1bec155c08.bundle,兩人一起抵達,Say,セイワ･ゲン,62,……,
d0e81a4acd55cfac60c2aa1bec155c08.bundle,兩人一起抵達,Say,イー･テイ,37,……これこそが、あなたの一番の目的ですよね？,
d0e81a4acd55cfac60c2aa1bec155c08.bundle,兩人一起抵達,Say,セイワ･ゲン,63,……,
d0e81a4acd55cfac60c2aa1bec155c08.bundle,兩人一起抵達,Say,セイワ･ゲン,64,確かにその通りだ。,
d0e81a4acd55cfac60c2aa1bec155c08.bundle,兩人一起抵達,Say,セイワ･ゲン,65,続けなさい。,
d0e81a4acd55cfac60c2aa1bec155c08.bundle,兩人一起抵達,Say,イー･テイ,38,あなたが取締役会に入るには、現在の取締役からの支持が必要不可欠です。,
d0e81a4acd55cfac60c2aa1bec155c08.bundle,兩人一起抵達,Say,イー･テイ,39,あなたがもし本来の計画通り、存続派の手助けをすれば、レッドボックス一派の技術者があなたの邪魔をするはずです。,
d0e81a4acd55cfac60c2aa1bec155c08.bundle,兩人一起抵達,Say,イー･テイ,40,あなたがもし本来の計画通り、レッドボックスの手助けをすれば、存続派はあなたの邪魔をするはずです。,
d0e81a4acd55cfac60c2aa1bec155c08.bundle,兩人一起抵達,Say,イー･テイ,41,しかし我々の案なら、多少不満を抱かれることはあっても……,
d0e81a4acd55cfac60c2aa1bec155c08.bundle,兩人一起抵達,Say,イー･テイ,42,邪魔されることはないはずです。,
d0e81a4acd55cfac60c2aa1bec155c08.bundle,兩人一起抵達,Say,イー･テイ,43,しかも、双方が利益を得ることができ、万象全体にとっても利益があります。,
d0e81a4acd55cfac60c2aa1bec155c08.bundle,兩人一起抵達,Say,イー･テイ,44,彼らにとってあなたは、この問題を最も円満に解決できる人になります。,
d0e81a4acd55cfac60c2aa1bec155c08.bundle,兩人一起抵達,Say,イー･テイ,45,この案であれば、三者ともが勝利を収められます。,
d0e81a4acd55cfac60c2aa1bec155c08.bundle,兩人一起抵達,Say,セイワ･ゲン,66,……,
d0e81a4acd55cfac60c2aa1bec155c08.bundle,兩人一起抵達,Say,セイワ･ゲン,67,なるほど。確かに完璧な案に聞こえる。,
d0e81a4acd55cfac60c2aa1bec155c08.bundle,兩人一起抵達,Say,セイワ･ゲン,68,だがしかし、当初の計画と比べると……,
d0e81a4acd55cfac60c2aa1bec155c08.bundle,兩人一起抵達,Say,セイワ･ゲン,69,あまりにも不確定要素が多い。,
d0e81a4acd55cfac60c2aa1bec155c08.bundle,兩人一起抵達,Say,イー･テイ,46,ですが……,
d0e81a4acd55cfac60c2aa1bec155c08.bundle,兩人一起抵達,Say,セイワ･ゲン,70,まあ、最後まで話を聞きたまえ。,
d0e81a4acd55cfac60c2aa1bec155c08.bundle,兩人一起抵達,Say,イー･テイ,47,……,
d0e81a4acd55cfac60c2aa1bec155c08.bundle,兩人一起抵達,Say,セイワ･ゲン,71,私だって、リスクを避けて、ここまで登り詰めたわけではない。,
d0e81a4acd55cfac60c2aa1bec155c08.bundle,兩人一起抵達,Say,セイワ･ゲン,72,リスクには必ずリターンが伴う。,
d0e81a4acd55cfac60c2aa1bec155c08.bundle,兩人一起抵達,Say,セイワ･ゲン,73,君たちの提案をのもうじゃないか。,
d0e81a4acd55cfac60c2aa1bec155c08.bundle,兩人一起抵達,Say,イー･テイ,48,ほ、本当ですか……！,
d0e81a4acd55cfac60c2aa1bec155c08.bundle,兩人一起抵達,Say,シュン･ゴ,7,私たちの案を取締役会に提出してくださるのですか？,
d0e81a4acd55cfac60c2aa1bec155c08.bundle,兩人一起抵達,Say,セイワ･ゲン,74,ああ。それに提出するだけでなく、私からもこの案を推すつもりだ。,
d0e81a4acd55cfac60c2aa1bec155c08.bundle,兩人一起抵達,Say,セイワ･ゲン,75,君たちはよくやってくれた。,
d0e81a4acd55cfac60c2aa1bec155c08.bundle,兩人一起抵達,Say,イー･テイ,49,あ、ありがとうございます。執行官。,
d0e81a4acd55cfac60c2aa1bec155c08.bundle,兩人一起抵達,Say,セイワ･ゲン,76,とりあえず、落ち着きたまえ。,
d0e81a4acd55cfac60c2aa1bec155c08.bundle,兩人一起抵達,Say,セイワ･ゲン,77,特にイー･テイ、君のさっきの顔を見ていると、私まで緊張してくるほどだ。,
d0e81a4acd55cfac60c2aa1bec155c08.bundle,兩人一起抵達,Say,イー･テイ,50,ハハ、失礼しました……,
d0e81a4acd55cfac60c2aa1bec155c08.bundle,兩人一起抵達,Say,セイワ･ゲン,78,それとシュン･ゴ。この案を実現可能なものにしているのは、君の専門的な知識だ。,
d0e81a4acd55cfac60c2aa1bec155c08.bundle,兩人一起抵達,Say,セイワ･ゲン,79,よくやった。,
d0e81a4acd55cfac60c2aa1bec155c08.bundle,兩人一起抵達,Say,シュン･ゴ,8,ありがとうございます。,
d0e81a4acd55cfac60c2aa1bec155c08.bundle,兩人一起抵達,Say,セイワ･ゲン,80,さて、解決すべき問題は後一つだ。,
d0e81a4acd55cfac60c2aa1bec155c08.bundle,兩人一起抵達,Say,セイワ･ゲン,81,君たちの案が採用された場合、サイレントの新しいマネージャーを決めなければならない。,
d0e81a4acd55cfac60c2aa1bec155c08.bundle,兩人一起抵達,Say,セイワ･ゲン,82,君たち二人からだ。,
d0e81a4acd55cfac60c2aa1bec155c08.bundle,兩人一起抵達,Say,イー･テイ,51,……,
d0e81a4acd55cfac60c2aa1bec155c08.bundle,兩人一起抵達,Say,シュン･ゴ,9,……,
d0e81a4acd55cfac60c2aa1bec155c08.bundle,兩人一起抵達,Say,セイワ･ゲン,83,おや、また空気が重くなったな！,
d0e81a4acd55cfac60c2aa1bec155c08.bundle,兩人一起抵達,Say,セイワ･ゲン,84,まさか、これについて議論してこなかったのか？,
d0e81a4acd55cfac60c2aa1bec155c08.bundle,兩人一起抵達,Say,イー･テイ,52,……,
d0e81a4acd55cfac60c2aa1bec155c08.bundle,兩人一起抵達,Say,シュン･ゴ,10,……,
d0e81a4acd55cfac60c2aa1bec155c08.bundle,兩人一起抵達,Say,セイワ･ゲン,85,さてさて、誰にしようか……,
d0e81a4acd55cfac60c2aa1bec155c08.bundle,兩人一起抵達,Say,セイワ･ゲン,86,……,
d0e81a4acd55cfac60c2aa1bec155c08.bundle,兩人一起抵達,Say,セイワ･ゲン,87,ハハ、からかうのはここまでにしておこう。,
d0e81a4acd55cfac60c2aa1bec155c08.bundle,兩人一起抵達,Say,セイワ･ゲン,88,イー･テイ、君が新しいマネージャーだ。,
d0e81a4acd55cfac60c2aa1bec155c08.bundle,兩人一起抵達,Say,イー･テイ,53,僕は……,
d0e81a4acd55cfac60c2aa1bec155c08.bundle,兩人一起抵達,Say,セイワ･ゲン,89,グレードアップ後は、業務も増えるだろうから、君が最適だと判断した。,
d0e81a4acd55cfac60c2aa1bec155c08.bundle,兩人一起抵達,Say,セイワ･ゲン,90,もちろん、グレードアップのための技術サポートも非常に大変な仕事だ。,
d0e81a4acd55cfac60c2aa1bec155c08.bundle,兩人一起抵達,Say,セイワ･ゲン,91,だからシュン･ゴ、君を操作組チーフに任命する。,
d0e81a4acd55cfac60c2aa1bec155c08.bundle,兩人一起抵達,Say,セイワ･ゲン,92,君たちが協力し合えば、きっとサイレントの未来は明るいものとなるだろう。,
d0e81a4acd55cfac60c2aa1bec155c08.bundle,兩人一起抵達,Say,セイワ･ゲン,93,私はそう確信している。,
d0e81a4acd55cfac60c2aa1bec155c08.bundle,兩人一起抵達,Say,セイワ･ゲン,94,君たちが良いスタートを切ったことは間違いない。,
d0e81a4acd55cfac60c2aa1bec155c08.bundle,兩人一起抵達,Say,イー･テイ,54,ありがとうございます、執行官。,
d0e81a4acd55cfac60c2aa1bec155c08.bundle,兩人一起抵達,Say,セイワ･ゲン,95,うむ。,
d0e81a4acd55cfac60c2aa1bec155c08.bundle,兩人一起抵達,Say,セイワ･ゲン,96,まさかイファ･ヨウが、こんなに素晴らしい人材を二人も残してくれていたとはな。,
d0e81a4acd55cfac60c2aa1bec155c08.bundle,兩人一起抵達,Say,セイワ･ゲン,97,彼女は君たちを誇りに思うだろうが、同時に悔しくもあるだろうな。彼女はずっと私を嫌っていたから。,
d0e81a4acd55cfac60c2aa1bec155c08.bundle,兩人一起抵達,Say,セイワ･ゲン,98,では、私はこれで失礼する。,
d0e81a4acd55cfac60c2aa1bec155c08.bundle,兩人一起抵達,Say,セイワ･ゲン,99,こっからは私の戦いだ。,
d0e81a4acd55cfac60c2aa1bec155c08.bundle,兩人一起抵達,Say,イー･テイ,55,はい、よろしくお願いします。,
d0e81a4acd55cfac60c2aa1bec155c08.bundle,兩人一起抵達,Say,セイワ･ゲン,100,そうだ。今後はニュースを見逃すな。,
d0e81a4acd55cfac60c2aa1bec155c08.bundle,兩人一起抵達,Say,セイワ･ゲン,101,いずれ、万象は世間に向けて新しい発表をするはずだ。,
d0e81a4acd55cfac60c2aa1bec155c08.bundle,兩人一起抵達,Say,イー･テイ,56,それは、どういったことでしょうか？,
d0e81a4acd55cfac60c2aa1bec155c08.bundle,兩人一起抵達,Say,セイワ･ゲン,102,残念ながらまだ公にはできない。だが期待して待っているといい。,
d0e81a4acd55cfac60c2aa1bec155c08.bundle,兩人一起抵達,Say,セイワ･ゲン,103,ジェイ･ダイ、君も見逃すな。,
d0e81a4acd55cfac60c2aa1bec155c08.bundle,兩人一起抵達,Say,セイワ･ゲン,104,では、また。,
d0e81a4acd55cfac60c2aa1bec155c08.bundle,雙贏路線回辦公室,Say,ジュジュ･ライ,0,あ！ジェイ。,
d0e81a4acd55cfac60c2aa1bec155c08.bundle,雙贏路線回辦公室,Say,心の声,0,ジュジュ……？,
d0e81a4acd55cfac60c2aa1bec155c08.bundle,雙贏路線回辦公室,Say,イエホン･キュウ,0,よっ！お帰り！,
d0e81a4acd55cfac60c2aa1bec155c08.bundle,雙贏路線回辦公室,Branch,#Simple,0,よっ。,
d0e81a4acd55cfac60c2aa1bec155c08.bundle,雙贏路線回辦公室,Branch,#Simple,1,これはどういうことだ？,
d0e81a4acd55cfac60c2aa1bec155c08.bundle,雙贏路線回辦公室,Say,イエホン･キュウ,1,祝勝会だよ！,
d0e81a4acd55cfac60c2aa1bec155c08.bundle,雙贏路線回辦公室,Branch,#Simple,2,……,
d0e81a4acd55cfac60c2aa1bec155c08.bundle,雙贏路線回辦公室,Say,シンカ･シェ,0,操作組の皆さんも来てくれています。,
d0e81a4acd55cfac60c2aa1bec155c08.bundle,雙贏路線回辦公室,Say,イエホン･キュウ,2,これからは一丸となって協力し合うわけだからね！,
d0e81a4acd55cfac60c2aa1bec155c08.bundle,雙贏路線回辦公室,Say,イエホン･キュウ,3,双方のボスが、部下に交流の場を設けたがっているんだ！,
d0e81a4acd55cfac60c2aa1bec155c08.bundle,雙贏路線回辦公室,Say,タイミン･ソウ,0,……ボスって、マフィアみたいな言い方はやめろよ！,
d0e81a4acd55cfac60c2aa1bec155c08.bundle,雙贏路線回辦公室,Say,ジュジュ･ライ,1,こっちのオフィスはうちのよりずっといいね。,
d0e81a4acd55cfac60c2aa1bec155c08.bundle,雙贏路線回辦公室,Say,カエ･チン,0,ええ、広くて羨ましいです。,
d0e81a4acd55cfac60c2aa1bec155c08.bundle,雙贏路線回辦公室,Say,イエホン･キュウ,4,でも、設備はそっちの方がいいだろう？,
d0e81a4acd55cfac60c2aa1bec155c08.bundle,雙贏路線回辦公室,Say,カエ･チン,1,それもそうね。,
d0e81a4acd55cfac60c2aa1bec155c08.bundle,雙贏路線回辦公室,Say,パン･ロウ,0,クラウド端末は何を使ってるんだ？,
d0e81a4acd55cfac60c2aa1bec155c08.bundle,雙贏路線回辦公室,Say,イエホン･キュウ,5,あれ？パンちゃんって操作組の設備担当だっけ？,
d0e81a4acd55cfac60c2aa1bec155c08.bundle,雙贏路線回辦公室,Say,イエホン･キュウ,6,後で見せてあげるから。技術面でも交流しようぜ！,
d0e81a4acd55cfac60c2aa1bec155c08.bundle,雙贏路線回辦公室,Say,パン･ロウ,1,お、おお。,
d0e81a4acd55cfac60c2aa1bec155c08.bundle,雙贏路線回辦公室,Say,タイミン･ソウ,1,そうだ。ジェイ、料理も届いていますよ！,
d0e81a4acd55cfac60c2aa1bec155c08.bundle,雙贏路線回辦公室,Say,イエホン･キュウ,7,そうそう！イーちゃんとシュン･ゴの奢りね！,
d0e81a4acd55cfac60c2aa1bec155c08.bundle,雙贏路線回辦公室,Say,イエホン･キュウ,8,好きなだけ食べていいってよ！,
d0e81a4acd55cfac60c2aa1bec155c08.bundle,雙贏路線回辦公室,Say,シンホン･ゴ,0,ボーちゃんが変なものばっかり頼んだけどな……,
d0e81a4acd55cfac60c2aa1bec155c08.bundle,雙贏路線回辦公室,Say,ギイ･カー,0,流石に多過ぎますよ。絶対に残りますって！,
d0e81a4acd55cfac60c2aa1bec155c08.bundle,雙贏路線回辦公室,Say,イエホン･キュウ,9,はぁ？もう弱音を吐いてるのか？,
d0e81a4acd55cfac60c2aa1bec155c08.bundle,雙贏路線回辦公室,Say,イエホン･キュウ,10,操作組の胃袋ってそんなもんなの～？,
d0e81a4acd55cfac60c2aa1bec155c08.bundle,雙贏路線回辦公室,Say,ギイ･カー,1,あれ、なんか挑発されてません？,
d0e81a4acd55cfac60c2aa1bec155c08.bundle,雙贏路線回辦公室,Say,イエホン･キュウ,11,残ったら操作組の負けってことでいいよな！,
d0e81a4acd55cfac60c2aa1bec155c08.bundle,雙贏路線回辦公室,Say,ジュジュ･ライ,2,ちょっとちょっと！,
d0e81a4acd55cfac60c2aa1bec155c08.bundle,雙贏路線回辦公室,Say,ジュジュ･ライ,3,仲直りして早々にまた喧嘩？,
d0e81a4acd55cfac60c2aa1bec155c08.bundle,雙贏路線回辦公室,Say,イエホン･キュウ,12,これは親睦を深めるための競争ってやつだよ！,
d0e81a4acd55cfac60c2aa1bec155c08.bundle,雙贏路線回辦公室,Say,ジュジュ･ライ,4,ハハハ！じゃ、いっか！,
d0e81a4acd55cfac60c2aa1bec155c08.bundle,雙贏路線回辦公室,Say,チキョウ･リョウ,0,食べ物を粗末するな、残さず食べろ。,
d0e81a4acd55cfac60c2aa1bec155c08.bundle,雙贏路線回辦公室,Say,イエホン･キュウ,13,は～い,
d0e81a4acd55cfac60c2aa1bec155c08.bundle,雙贏路線回辦公室,Say,シンカ･シェ,1,はい、リョウさん！,
d0e81a4acd55cfac60c2aa1bec155c08.bundle,雙贏路線回辦公室,Say,チキョウ･リョウ,1,フンッ。,
d0e81a4acd55cfac60c2aa1bec155c08.bundle,雙贏路線回辦公室,Say,イエホン･キュウ,14,そっちにも、こういうおっさんっている？,
d0e81a4acd55cfac60c2aa1bec155c08.bundle,雙贏路線回辦公室,Say,ジュジュ･ライ,5,おっさん？いないかな……,
d0e81a4acd55cfac60c2aa1bec155c08.bundle,雙贏路線回辦公室,Say,ユウヒン･ライ,0,い、いましたけど……,
d0e81a4acd55cfac60c2aa1bec155c08.bundle,雙贏路線回辦公室,Say,ギイ･カー,2,一昨日に殴られたことが原因で、入院していると思います。,
d0e81a4acd55cfac60c2aa1bec155c08.bundle,雙贏路線回辦公室,Say,イエホン･キュウ,15,マジで！？,
d0e81a4acd55cfac60c2aa1bec155c08.bundle,雙贏路線回辦公室,Say,タイミン･ソウ,2,それは誰ですか？,
d0e81a4acd55cfac60c2aa1bec155c08.bundle,雙贏路線回辦公室,Say,ユウヒン･ライ,1,うちの元チーフ。,
d0e81a4acd55cfac60c2aa1bec155c08.bundle,雙贏路線回辦公室,Say,イエホン･キュウ,16,ハハハハ！,
d0e81a4acd55cfac60c2aa1bec155c08.bundle,雙贏路線回辦公室,Say,タイミン･ソウ,3,そうですか……,
d0e81a4acd55cfac60c2aa1bec155c08.bundle,雙贏路線回辦公室,Say,イエホン･キュウ,17,思ったよりも操作組はチンピラ集団かもしれないな！,
d0e81a4acd55cfac60c2aa1bec155c08.bundle,雙贏路線回辦公室,Say,ギイ･カー,3,あの、面談ホールを見てもいいですか？,
d0e81a4acd55cfac60c2aa1bec155c08.bundle,雙贏路線回辦公室,Say,ユウヒン･ライ,2,あ、そうですよ！どんな場所なのかずっと見てみたかったんです！,
d0e81a4acd55cfac60c2aa1bec155c08.bundle,雙贏路線回辦公室,Say,イエホン･キュウ,18,え？見られるのかな？,
d0e81a4acd55cfac60c2aa1bec155c08.bundle,雙贏路線回辦公室,Say,タイミン･ソウ,4,まだ無理だと思います。イーちゃんがマネージャーに就任するまでは、難しいかと思います。,
d0e81a4acd55cfac60c2aa1bec155c08.bundle,雙贏路線回辦公室,Say,ギイ･カー,4,残念だ……,
d0e81a4acd55cfac60c2aa1bec155c08.bundle,雙贏路線回辦公室,Say,タイミン･ソウ,5,でも、いずれ案内できると思います。,
d0e81a4acd55cfac60c2aa1bec155c08.bundle,雙贏路線回辦公室,Say,タイミン･ソウ,6,これからは協同作業が増えるわけですから。,
d0e81a4acd55cfac60c2aa1bec155c08.bundle,雙贏路線回辦公室,Say,ギイ･カー,5,そうですね！,
d0e81a4acd55cfac60c2aa1bec155c08.bundle,雙贏路線回辦公室,Say,ユウヒン･ライ,3,はい！,
d0e81a4acd55cfac60c2aa1bec155c08.bundle,雙贏路線回辦公室,Say,タイミン･ソウ,7,そろそろジェイも会話に入れてあげましょう。,
d0e81a4acd55cfac60c2aa1bec155c08.bundle,雙贏路線回辦公室,Say,イエホン･キュウ,19,そうだな。,
d0e81a4acd55cfac60c2aa1bec155c08.bundle,雙贏路線回辦公室,Say,カエ･チン,2,選別組はいつもこんなに賑やかなの……？,
d0e81a4acd55cfac60c2aa1bec155c08.bundle,雙贏路線回辦公室,Say,イエホン･キュウ,20,まあ、そんな感じだね。,
d0e81a4acd55cfac60c2aa1bec155c08.bundle,雙贏路線回辦公室,Say,シンカ･シェ,2,主にボーちゃんがうるさいだけです。,
d0e81a4acd55cfac60c2aa1bec155c08.bundle,雙贏路線回辦公室,Say,イエホン･キュウ,21,ひどっ！,
d0e81a4acd55cfac60c2aa1bec155c08.bundle,雙贏路線回辦公室,Say,イエホン･キュウ,22,ほら、ジェイももっと食べな！,
d0e81a4acd55cfac60c2aa1bec155c08.bundle,雙贏路線回辦公室,Say,イエホン･キュウ,23,今日はもう仕事は終わりだよ！,
d0e81a4acd55cfac60c2aa1bec155c08.bundle,雙贏路線回辦公室,Say,心の声,1,皆楽しそうだ……,
d0e81a4acd55cfac60c2aa1bec155c08.bundle,雙贏路線回辦公室,Say,心の声,2,ん？イー･テイとシュン･ゴを見かけない。,
d0e81a4acd55cfac60c2aa1bec155c08.bundle,雙贏路線回辦公室,Say,心の声,3,皆にどこにいるか聞いてみよう。,
d0e81a4acd55cfac60c2aa1bec155c08.bundle,下車討論作戰,Say,心の声,0,ここは駐車場か？ここが地上なのか、地下なのかもわからない……,
d0e81a4acd55cfac60c2aa1bec155c08.bundle,下車討論作戰,Say,リュウセイ･チョウ,0,ここはどこっすか？,
d0e81a4acd55cfac60c2aa1bec155c08.bundle,下車討論作戰,Say,23,0,ヨウエビル地下七階の駐車場よ。,
d0e81a4acd55cfac60c2aa1bec155c08.bundle,下車討論作戰,Say,23,1,ここは本来デパートが建つはずだったけど、ここが沈没予定エリアになったことで中止になったの。,
d0e81a4acd55cfac60c2aa1bec155c08.bundle,下車討論作戰,Say,23,2,今は無数の未完成建築の一つよ。,
d0e81a4acd55cfac60c2aa1bec155c08.bundle,下車討論作戰,Say,スイ･ニン,0,近年は、沈没予定エリアにあるこれらの未完成建築は、ヤクザのアジドになっている。,
d0e81a4acd55cfac60c2aa1bec155c08.bundle,下車討論作戰,Say,スイ･ニン,1,ホワイトスコーピオンは子どもたちをここに監禁しているようだ。,
d0e81a4acd55cfac60c2aa1bec155c08.bundle,下車討論作戰,Say,カイ･コン,0,未完成建築の説明はそこまでにして、そろそろ本題に入らないか？,
d0e81a4acd55cfac60c2aa1bec155c08.bundle,下車討論作戰,Branch,#Simple,0,あそこで寝てるやつは何者なんだ？,
d0e81a4acd55cfac60c2aa1bec155c08.bundle,下車討論作戰,Say,カイ･コン,1,こいつか？,
d0e81a4acd55cfac60c2aa1bec155c08.bundle,下車討論作戰,Say,カイ･コン,2,これから俺らはこいつになりすます。,
d0e81a4acd55cfac60c2aa1bec155c08.bundle,下車討論作戰,Say,心の声,1,なりすます？,
d0e81a4acd55cfac60c2aa1bec155c08.bundle,下車討論作戰,Branch,#Simple,1,……,
d0e81a4acd55cfac60c2aa1bec155c08.bundle,下車討論作戰,Say,スイ･ニン,2,助っ人、偵察の報告を。,
d0e81a4acd55cfac60c2aa1bec155c08.bundle,下車討論作戰,Say,カイ･コン,3,入り口はあっちだ。,
d0e81a4acd55cfac60c2aa1bec155c08.bundle,下車討論作戰,Say,カイ･コン,4,敵は全員室内にいるから、外からじゃ何もわからない。,
d0e81a4acd55cfac60c2aa1bec155c08.bundle,下車討論作戰,Say,カイ･コン,5,出入り口をすべてチェックしたが、正面入り口以外の入り口はすべて塞がれている。,
d0e81a4acd55cfac60c2aa1bec155c08.bundle,下車討論作戰,Say,カイ･コン,6,外に置いてあるトラックは、おそらく子どもの運搬に使われるものだが、子どもたちは今、室内だ。,
d0e81a4acd55cfac60c2aa1bec155c08.bundle,下車討論作戰,Say,カイ･コン,7,おそらく、運ぶ前に品定めをしてたんだろうな。,
d0e81a4acd55cfac60c2aa1bec155c08.bundle,下車討論作戰,Say,スイ･ニン,3,それは確かか？,
d0e81a4acd55cfac60c2aa1bec155c08.bundle,下車討論作戰,Say,カイ･コン,8,中の状況がわからないから、保証はできないよ。Ms.完璧人間さん。,
d0e81a4acd55cfac60c2aa1bec155c08.bundle,下車討論作戰,Say,カイ･コン,9,でも、あのチンピラ共が男の子を中に連れ込んだのを見た。,
d0e81a4acd55cfac60c2aa1bec155c08.bundle,下車討論作戰,Say,カイ･コン,10,そしてトラックには誰もいなかった。,
d0e81a4acd55cfac60c2aa1bec155c08.bundle,下車討論作戰,Say,スイ･ニン,4,わかった。,
d0e81a4acd55cfac60c2aa1bec155c08.bundle,下車討論作戰,Say,スイ･ニン,5,……,
d0e81a4acd55cfac60c2aa1bec155c08.bundle,下車討論作戰,Say,23,3,最もシンプルな作戦は、そのまま突入することね。チンピラだけなら二人がいれば余裕でしょう？,
d0e81a4acd55cfac60c2aa1bec155c08.bundle,下車討論作戰,Say,スイ･ニン,6,子どもたちがいる状況で、考えもなく戦うのは危険だ。,
d0e81a4acd55cfac60c2aa1bec155c08.bundle,下車討論作戰,Say,カイ･コン,11,誰かが先に潜入してくれれば有り難いよな！,
d0e81a4acd55cfac60c2aa1bec155c08.bundle,下車討論作戰,Say,スイ･ニン,7,……何か案があるのか？,
d0e81a4acd55cfac60c2aa1bec155c08.bundle,下車討論作戰,Say,カイ･コン,12,俺は別に案があるとは言ってないけどな～,
d0e81a4acd55cfac60c2aa1bec155c08.bundle,下車討論作戰,Say,23,4,わざとらしいのよ。,
d0e81a4acd55cfac60c2aa1bec155c08.bundle,下車討論作戰,Say,カイ･コン,13,どうやら俺の才能に気づいたようだね。,
d0e81a4acd55cfac60c2aa1bec155c08.bundle,下車討論作戰,Say,23,5,いいから、さっさと言え！,
d0e81a4acd55cfac60c2aa1bec155c08.bundle,下車討論作戰,Say,カイ･コン,14,はいはい。,
d0e81a4acd55cfac60c2aa1bec155c08.bundle,下車討論作戰,Say,カイ･コン,15,さっき、デジタルマスクを用意させたよな？,
d0e81a4acd55cfac60c2aa1bec155c08.bundle,下車討論作戰,Say,カイ･コン,16,……ちゃんと持ってきてくれたかな？,
d0e81a4acd55cfac60c2aa1bec155c08.bundle,下車討論作戰,Branch,#Simple,2,ああ、俺が持っている。,
d0e81a4acd55cfac60c2aa1bec155c08.bundle,下車討論作戰,Say,カイ･コン,17,よし！でかした！,
d0e81a4acd55cfac60c2aa1bec155c08.bundle,下車討論作戰,Branch,#Simple,3,……,
d0e81a4acd55cfac60c2aa1bec155c08.bundle,下車討論作戰,Say,23,6,まさか……,
d0e81a4acd55cfac60c2aa1bec155c08.bundle,下車討論作戰,Say,23,7,変装して潜入するつもり？,
d0e81a4acd55cfac60c2aa1bec155c08.bundle,下車討論作戰,Say,カイ･コン,18,ピンポン！,
d0e81a4acd55cfac60c2aa1bec155c08.bundle,下車討論作戰,Say,カイ･コン,19,寝ているこいつになりすます。,
d0e81a4acd55cfac60c2aa1bec155c08.bundle,下車討論作戰,Say,カイ･コン,20,こいつが中に入ろうとしているところを俺が発見して、捕まえて拷問したんだ。,
d0e81a4acd55cfac60c2aa1bec155c08.bundle,下車討論作戰,Say,スイ･ニン,8,……違法のことはしていないな？,
d0e81a4acd55cfac60c2aa1bec155c08.bundle,下車討論作戰,Say,カイ･コン,21,大丈夫。訴えられるようなことは何もしてないさ。,
d0e81a4acd55cfac60c2aa1bec155c08.bundle,下車討論作戰,Say,カイ･コン,22,ちょっと脅しただけさ。,
d0e81a4acd55cfac60c2aa1bec155c08.bundle,下車討論作戰,Say,スイ･ニン,9,……話を続けて。,
d0e81a4acd55cfac60c2aa1bec155c08.bundle,下車討論作戰,Say,カイ･コン,23,こいつは中のチンピラにパシられて、マック3号を買いに行ってたらしいから、それを利用すればいい。,
d0e81a4acd55cfac60c2aa1bec155c08.bundle,下車討論作戰,Say,カイ･コン,24,この男に変装させて、中を調べるんだ。,
d0e81a4acd55cfac60c2aa1bec155c08.bundle,下車討論作戰,Say,心の声,2,俺のことか？,
d0e81a4acd55cfac60c2aa1bec155c08.bundle,下車討論作戰,Branch,#Simple,4,なぜ俺なんだ？,
d0e81a4acd55cfac60c2aa1bec155c08.bundle,下車討論作戰,Say,カイ･コン,25,別に君じゃなくてもいいよ。,
d0e81a4acd55cfac60c2aa1bec155c08.bundle,下車討論作戰,Branch,#Simple,5,でも、俺が行けばすぐにバレるだろう？,
d0e81a4acd55cfac60c2aa1bec155c08.bundle,下車討論作戰,Branch,#Simple,6,……,
d0e81a4acd55cfac60c2aa1bec155c08.bundle,下車討論作戰,Say,カイ･コン,26,こいつは新人だ。誰も顔なんか覚えてないさ。,
d0e81a4acd55cfac60c2aa1bec155c08.bundle,下車討論作戰,Say,カイ･コン,27,だからドラッグの買い出しなんてのを任されたんだろう。,
d0e81a4acd55cfac60c2aa1bec155c08.bundle,下車討論作戰,Say,カイ･コン,28,それにこいつらは皆、デジタルマスクを付けている。案外簡単に上手くいくかもしれないぜ。,
d0e81a4acd55cfac60c2aa1bec155c08.bundle,下車討論作戰,Say,スイ･ニン,10,……,
d0e81a4acd55cfac60c2aa1bec155c08.bundle,下車討論作戰,Branch,#Simple,7,なぜあんたやスイ･ニンじゃないんだ？,
d0e81a4acd55cfac60c2aa1bec155c08.bundle,下車討論作戰,Say,カイ･コン,29,何だ？ビビったのか？,
d0e81a4acd55cfac60c2aa1bec155c08.bundle,下車討論作戰,Branch,#Simple,8,一番可能性のある提案をしただけだ。,
d0e81a4acd55cfac60c2aa1bec155c08.bundle,下車討論作戰,Branch,#Simple,9,もちろん怖いさ。,
d0e81a4acd55cfac60c2aa1bec155c08.bundle,下車討論作戰,Say,カイ･コン,30,ハハ！素直でよろしい。,
d0e81a4acd55cfac60c2aa1bec155c08.bundle,下車討論作戰,Say,カイ･コン,31,まあ、心配するな。,
d0e81a4acd55cfac60c2aa1bec155c08.bundle,下車討論作戰,Branch,#Simple,10,良い作戦だ。,
d0e81a4acd55cfac60c2aa1bec155c08.bundle,下車討論作戰,Branch,#Simple,11,……,
d0e81a4acd55cfac60c2aa1bec155c08.bundle,下車討論作戰,Say,カイ･コン,32,俺とスイ･ニンは換気ダクトから侵入する。,
d0e81a4acd55cfac60c2aa1bec155c08.bundle,下車討論作戰,Say,カイ･コン,33,あそこは意外と広くて、動きやすいからな。,
d0e81a4acd55cfac60c2aa1bec155c08.bundle,下車討論作戰,Say,カイ･コン,34,でも視界は最悪だから、偵察には向かない。,
d0e81a4acd55cfac60c2aa1bec155c08.bundle,下車討論作戰,Say,カイ･コン,35,もし君に何かあったとしても、俺らはすぐにダクトから突入できる……って、あれ……？,
d0e81a4acd55cfac60c2aa1bec155c08.bundle,下車討論作戰,Say,カイ･コン,36,君、名前何だっけ？,
d0e81a4acd55cfac60c2aa1bec155c08.bundle,下車討論作戰,Branch,#Simple,12,ジェイだ。,
d0e81a4acd55cfac60c2aa1bec155c08.bundle,下車討論作戰,Say,カイ･コン,37,ああ……,
d0e81a4acd55cfac60c2aa1bec155c08.bundle,下車討論作戰,Branch,#Simple,13,忘れたなら別にいい。,
d0e81a4acd55cfac60c2aa1bec155c08.bundle,下車討論作戰,Say,カイ･コン,38,君はクールだね～,
d0e81a4acd55cfac60c2aa1bec155c08.bundle,下車討論作戰,Say,カイ･コン,39,それで、俺の作戦はどうだ？,
d0e81a4acd55cfac60c2aa1bec155c08.bundle,下車討論作戰,Say,スイ･ニン,11,……,
d0e81a4acd55cfac60c2aa1bec155c08.bundle,下車討論作戰,Say,スイ･ニン,12,よし、それで行こう。,
d0e81a4acd55cfac60c2aa1bec155c08.bundle,下車討論作戰,Say,リュウセイ･チョウ,1,ま、待ってくださいっす！,
d0e81a4acd55cfac60c2aa1bec155c08.bundle,下車討論作戰,Say,リュウセイ･チョウ,2,別に兄貴じゃなくても、僕が……,
d0e81a4acd55cfac60c2aa1bec155c08.bundle,下車討論作戰,Say,スイ･ニン,13,だめだ。リュウセイはここで待機して、車と23号を守ってくれ。,
d0e81a4acd55cfac60c2aa1bec155c08.bundle,下車討論作戰,Say,リュウセイ･チョウ,3,でも……,
d0e81a4acd55cfac60c2aa1bec155c08.bundle,下車討論作戰,Say,スイ･ニン,14,今は君に事細かく説明している暇はない。,
d0e81a4acd55cfac60c2aa1bec155c08.bundle,下車討論作戰,Say,リュウセイ･チョウ,4,……,
d0e81a4acd55cfac60c2aa1bec155c08.bundle,下車討論作戰,Say,スイ･ニン,15,ジェイ、デジタルマスクをつけてみてくれ。,
d0e81a4acd55cfac60c2aa1bec155c08.bundle,下車討論作戰,Say,スイ･ニン,16,……大丈夫そうだな。,
d0e81a4acd55cfac60c2aa1bec155c08.bundle,下車討論作戰,Say,スイ･ニン,17,では、急ごう。作戦開始だ。,
d0e81a4acd55cfac60c2aa1bec155c08.bundle,下車討論作戰,Say,スイ･ニン,18,行こう、助っ人。,
d0e81a4acd55cfac60c2aa1bec155c08.bundle,下車討論作戰,Say,カイ･コン,40,はいはい！,
d0e81a4acd55cfac60c2aa1bec155c08.bundle,下車討論作戰,Say,23,8,ジェイ、聞こえる？,
d0e81a4acd55cfac60c2aa1bec155c08.bundle,下車討論作戰,Branch,#Simple,14,ああ。,
d0e81a4acd55cfac60c2aa1bec155c08.bundle,下車討論作戰,Branch,#Simple,15,どうした？,
d0e81a4acd55cfac60c2aa1bec155c08.bundle,下車討論作戰,Say,23,9,偵察のやり方は、うちが指示するから心配しないで。,
d0e81a4acd55cfac60c2aa1bec155c08.bundle,下車討論作戰,Say,23,10,うちが言った通りにやればいいから。,
d0e81a4acd55cfac60c2aa1bec155c08.bundle,下車討論作戰,Say,23,11,数々の修羅場をくぐり抜けてきたうちらがいれば、お茶の子さいさいよ！,
d0e81a4acd55cfac60c2aa1bec155c08.bundle,下車討論作戰,Say,23,12,そしてリュウセイ。,
d0e81a4acd55cfac60c2aa1bec155c08.bundle,下車討論作戰,Say,リュウセイ･チョウ,5,……,
d0e81a4acd55cfac60c2aa1bec155c08.bundle,下車討論作戰,Say,23,13,リュウセイ！！！,
d0e81a4acd55cfac60c2aa1bec155c08.bundle,下車討論作戰,Say,リュウセイ･チョウ,6,あ、どうしたっすか……？,
d0e81a4acd55cfac60c2aa1bec155c08.bundle,下車討論作戰,Say,23,14,もう少し気を張ったらどうなの？あんた、司令部を守ってる自覚ある？,
d0e81a4acd55cfac60c2aa1bec155c08.bundle,下車討論作戰,Say,リュウセイ･チョウ,7,わかってるっすよ！,
d0e81a4acd55cfac60c2aa1bec155c08.bundle,下車討論作戰,Say,23,15,まだスイが自分のことを信用してないと思ってるの？,
d0e81a4acd55cfac60c2aa1bec155c08.bundle,下車討論作戰,Say,リュウセイ･チョウ,8,えっと……,
d0e81a4acd55cfac60c2aa1bec155c08.bundle,下車討論作戰,Say,23,16,うちが保証するわ！それはあんたの考えすぎよ！あんたは、もう少し男気を見せなさい！,
d0e81a4acd55cfac60c2aa1bec155c08.bundle,下車討論作戰,Say,リュウセイ･チョウ,9,は、はい！,
d0e81a4acd55cfac60c2aa1bec155c08.bundle,下車討論作戰,Say,23,17,何かあったら、うちらはこの車で撤退するしかないの。,
d0e81a4acd55cfac60c2aa1bec155c08.bundle,下車討論作戰,Say,23,18,あんたの仕事はそれくらい重要なんだから、集中して。,
d0e81a4acd55cfac60c2aa1bec155c08.bundle,下車討論作戰,Say,リュウセイ･チョウ,10,はい。,
d0e81a4acd55cfac60c2aa1bec155c08.bundle,下車討論作戰,Say,23,19,よし。,
d0e81a4acd55cfac60c2aa1bec155c08.bundle,下車討論作戰,Say,23,20,じゃ、ジェイ。行こうか。,
d0e81a4acd55cfac60c2aa1bec155c08.bundle,工地守門,Say,イチ･カク,0,誰だ？,
d0e81a4acd55cfac60c2aa1bec155c08.bundle,工地守門,Say,イチ･カク,1,ああ、買ってきたのか？,
d0e81a4acd55cfac60c2aa1bec155c08.bundle,工地守門,Say,イチ･カク,2,お前は確か新人だったな？,
d0e81a4acd55cfac60c2aa1bec155c08.bundle,工地守門,Branch,#Simple,0,そうです。,
d0e81a4acd55cfac60c2aa1bec155c08.bundle,工地守門,Branch,#Simple,1,みたいなもんですね。,
d0e81a4acd55cfac60c2aa1bec155c08.bundle,工地守門,Say,イチ･カク,3,はあ？何だその言い方は？,
d0e81a4acd55cfac60c2aa1bec155c08.bundle,工地守門,Say,イチ･カク,4,みたいなもんで何だよ。,
d0e81a4acd55cfac60c2aa1bec155c08.bundle,工地守門,Say,イチ･カク,5,新人のくせにおせーんだよ！,
d0e81a4acd55cfac60c2aa1bec155c08.bundle,工地守門,Say,イチ･カク,6,あの狂犬がまだ発作を起こしてやがるんだ。,
d0e81a4acd55cfac60c2aa1bec155c08.bundle,工地守門,Say,イチ･カク,7,今も2回も発砲しやがった。いつか自分の命まで落としかねないな。,
d0e81a4acd55cfac60c2aa1bec155c08.bundle,工地守門,Say,イチ･カク,8,ほら、さっさと入ってこい。,
d0e81a4acd55cfac60c2aa1bec155c08.bundle,工地守門,Say,イチ･カク,9,いや、そうじゃなかったな！おい、待て！,
d0e81a4acd55cfac60c2aa1bec155c08.bundle,工地守門,Say,イチ･カク,10,質問を忘れてたぜ……,
d0e81a4acd55cfac60c2aa1bec155c08.bundle,工地守門,Say,イチ･カク,11,えっと、何だっけな……,
d0e81a4acd55cfac60c2aa1bec155c08.bundle,工地守門,Say,イチ･カク,12,そうだ、合言葉だ。,
d0e81a4acd55cfac60c2aa1bec155c08.bundle,工地守門,Say,イチ･カク,13,合言葉を言わないと、扉を開けてやれねーな。,
d0e81a4acd55cfac60c2aa1bec155c08.bundle,工地守門,Say,イチ･カク,14,忘れると、またチシュンに怒られちまう。,
d0e81a4acd55cfac60c2aa1bec155c08.bundle,工地守門,Say,23,0,大丈夫、助っ人が合言葉を聞き出してるから。,
d0e81a4acd55cfac60c2aa1bec155c08.bundle,工地守門,Say,23,1,暗号は、バスガス爆発よ。,
d0e81a4acd55cfac60c2aa1bec155c08.bundle,工地守門,Branch,#Simple,2,明日バス爆発。,
d0e81a4acd55cfac60c2aa1bec155c08.bundle,工地守門,Branch,#Simple,3,留守ガス爆発,
d0e81a4acd55cfac60c2aa1bec155c08.bundle,工地守門,Branch,#Simple,4,バスガス爆発。,
d0e81a4acd55cfac60c2aa1bec155c08.bundle,工地守門,Say,イチ･カク,15,えっと……,
d0e81a4acd55cfac60c2aa1bec155c08.bundle,工地守門,Say,イチ･カク,16,多分合ってるよな？,
d0e81a4acd55cfac60c2aa1bec155c08.bundle,工地守門,Say,イチ･カク,17,よし、入れ。,
d0e81a4acd55cfac60c2aa1bec155c08.bundle,工地守門,Branch,#Simple,5,開けゴマ。,
d0e81a4acd55cfac60c2aa1bec155c08.bundle,工地守門,Say,心の声,0,俺は何を言ってるんだ……！？,
d0e81a4acd55cfac60c2aa1bec155c08.bundle,工地守門,Say,23,2,ジェイ！！！,
d0e81a4acd55cfac60c2aa1bec155c08.bundle,工地守門,Say,イチ･カク,18,はあ……？,
d0e81a4acd55cfac60c2aa1bec155c08.bundle,工地守門,Say,イチ･カク,19,そんな合言葉だったか？,
d0e81a4acd55cfac60c2aa1bec155c08.bundle,工地守門,Branch,#Simple,6,すみません、忘れました。,
d0e81a4acd55cfac60c2aa1bec155c08.bundle,工地守門,Branch,#Simple,7,じゃ、正しくは何でしたっけ？,
d0e81a4acd55cfac60c2aa1bec155c08.bundle,工地守門,Say,イチ･カク,20,えっと……,
d0e81a4acd55cfac60c2aa1bec155c08.bundle,工地守門,Say,イチ･カク,21,俺も忘れちまったな。,
d0e81a4acd55cfac60c2aa1bec155c08.bundle,工地守門,Branch,#Simple,8,じゃ、どうしますか？,
d0e81a4acd55cfac60c2aa1bec155c08.bundle,工地守門,Branch,#Simple,9,……,
d0e81a4acd55cfac60c2aa1bec155c08.bundle,工地守門,Say,イチ･カク,22,聞いてくるから、さっきに入っといてくれ。,
d0e81a4acd55cfac60c2aa1bec155c08.bundle,工地守門,Branch,#Simple,10,わかりました。,
d0e81a4acd55cfac60c2aa1bec155c08.bundle,工地守門,Say,イチ･カク,23,おうよ！,
d0e81a4acd55cfac60c2aa1bec155c08.bundle,工地守門,Branch,#Simple,11,そんなんでいいんですか？,
d0e81a4acd55cfac60c2aa1bec155c08.bundle,工地守門,Say,イチ･カク,24,別にいいさ。誰も気にしないしな。,
d0e81a4acd55cfac60c2aa1bec155c08.bundle,工地守門,Say,イチ･カク,25,とにかく入れ。,
d0e81a4acd55cfac60c2aa1bec155c08.bundle,工地守門,Say,23,3,アホすぎる……,
d0e81a4acd55cfac60c2aa1bec155c08.bundle,工地守門,Say,イチ･カク,26,チシュンのやつめ、こんなややこしい合言葉、誰が覚えてられるって言うんだ！,
d0e81a4acd55cfac60c2aa1bec155c08.bundle,工地守門,Branch,#Simple,12,確かに難しいですよね。,
d0e81a4acd55cfac60c2aa1bec155c08.bundle,工地守門,Branch,#Simple,13,これは早口言葉ですね。,
d0e81a4acd55cfac60c2aa1bec155c08.bundle,工地守門,Say,イチ･カク,27,早口言葉？,
d0e81a4acd55cfac60c2aa1bec155c08.bundle,工地守門,Say,イチ･カク,28,生麦生米生卵みたいなやつか？,
d0e81a4acd55cfac60c2aa1bec155c08.bundle,工地守門,Branch,#Simple,14,みたいなもんですね。,
d0e81a4acd55cfac60c2aa1bec155c08.bundle,工地守門,Say,イチ･カク,29,ああ、それなら言えるよ。,
d0e81a4acd55cfac60c2aa1bec155c08.bundle,工地守門,Branch,#Simple,15,あ、そうですか……,
d0e81a4acd55cfac60c2aa1bec155c08.bundle,工地守門,Branch,#Simple,16,……,
d0e81a4acd55cfac60c2aa1bec155c08.bundle,工地守門,Branch,#Simple,17,そっちは言えるんですね。,
d0e81a4acd55cfac60c2aa1bec155c08.bundle,工地守門,Say,イチ･カク,30,……,
d0e81a4acd55cfac60c2aa1bec155c08.bundle,工地守門,Say,イチ･カク,31,……,
d0e81a4acd55cfac60c2aa1bec155c08.bundle,工地守門,Say,イチ･カク,32,……俺たちは今、何の話をしてるんだ？,
d0e81a4acd55cfac60c2aa1bec155c08.bundle,工地守門,Say,23,4,ジェイ、ほどほどにしな。,
d0e81a4acd55cfac60c2aa1bec155c08.bundle,工地守門,Say,23,5,話しても時間の無駄よ。,
d0e81a4acd55cfac60c2aa1bec155c08.bundle,工地守門,Branch,#Simple,18,……,
d0e81a4acd55cfac60c2aa1bec155c08.bundle,工地守門,Say,イチ･カク,33,よし、とりあえず入れ。,
d0e81a4acd55cfac60c2aa1bec155c08.bundle,給毒品對話,Say,シギョウ･チョウ,0,おいおい！待て！,
d0e81a4acd55cfac60c2aa1bec155c08.bundle,給毒品對話,Say,シギョウ･チョウ,1,こっちへ来い。,
d0e81a4acd55cfac60c2aa1bec155c08.bundle,給毒品對話,Say,シギョウ･チョウ,2,ブツはどうした？,
d0e81a4acd55cfac60c2aa1bec155c08.bundle,給毒品對話,Say,シギョウ･チョウ,3,持ってこい。,
d0e81a4acd55cfac60c2aa1bec155c08.bundle,給毒品對話,Say,トカ･リュウ,0,うっひょーーーー！！！！！,
d0e81a4acd55cfac60c2aa1bec155c08.bundle,給毒品對話,Say,トカ･リュウ,1,こりゃ飛ぶぜ！！！！,
d0e81a4acd55cfac60c2aa1bec155c08.bundle,給毒品對話,Say,シギョウ･チョウ,4,よくやった。,
d0e81a4acd55cfac60c2aa1bec155c08.bundle,給毒品對話,Say,トカ･リュウ,2,こいつはいけるぜ！！！,
d0e81a4acd55cfac60c2aa1bec155c08.bundle,給毒品對話,Say,シギョウ･チョウ,5,おい、ほどほどにしろ。,
d0e81a4acd55cfac60c2aa1bec155c08.bundle,給毒品對話,Say,シギョウ･チョウ,6,お前、薬をくすねてないよな？,
d0e81a4acd55cfac60c2aa1bec155c08.bundle,給毒品對話,Branch,#Simple,0,してません。,
d0e81a4acd55cfac60c2aa1bec155c08.bundle,給毒品對話,Say,シギョウ･チョウ,7,フンッ。,
d0e81a4acd55cfac60c2aa1bec155c08.bundle,給毒品對話,Branch,#Simple,1,測ってみたらわかると思いますよ。,
d0e81a4acd55cfac60c2aa1bec155c08.bundle,給毒品對話,Say,シギョウ･チョウ,8,言われなくてもやるさ。,
d0e81a4acd55cfac60c2aa1bec155c08.bundle,給毒品對話,Say,シギョウ･チョウ,9,もしくすねてたら殺すからな！,
d0e81a4acd55cfac60c2aa1bec155c08.bundle,給毒品對話,Say,シギョウ･チョウ,10,これは今回の仕事が終わったら、チシュンさんが褒美として皆に配る薬だ。,
d0e81a4acd55cfac60c2aa1bec155c08.bundle,給毒品對話,Say,シギョウ･チョウ,11,1グラムでも少なかったら、殺されると思え。,
d0e81a4acd55cfac60c2aa1bec155c08.bundle,給毒品對話,Say,シギョウ･チョウ,12,わかったら、とっとと失せろ。,
d0e81a4acd55cfac60c2aa1bec155c08.bundle,23指示開始調查,Say,23,0,よし。侵入できたね。,
d0e81a4acd55cfac60c2aa1bec155c08.bundle,23指示開始調查,Say,23,1,バレちゃうから、こっからはうちとの会話に返事しないで。,
d0e81a4acd55cfac60c2aa1bec155c08.bundle,23指示開始調查,Say,23,2,それと、今のあんたの名前はシシン･マよ。,
d0e81a4acd55cfac60c2aa1bec155c08.bundle,23指示開始調查,Say,心の声,0,何だその変な名前は……,
d0e81a4acd55cfac60c2aa1bec155c08.bundle,23指示開始調查,Branch,#Simple,0,変な名前だ……,
d0e81a4acd55cfac60c2aa1bec155c08.bundle,23指示開始調查,Branch,#Simple,1,侵入する前に教えといてくれ。,
d0e81a4acd55cfac60c2aa1bec155c08.bundle,23指示開始調查,Say,23,3,だから返事するなって！,
d0e81a4acd55cfac60c2aa1bec155c08.bundle,23指示開始調查,Branch,#Simple,2,……,
d0e81a4acd55cfac60c2aa1bec155c08.bundle,23指示開始調查,Say,23,4,通信機のボタンを一度押して。,
d0e81a4acd55cfac60c2aa1bec155c08.bundle,23指示開始調查,Say,23,5,待ってね……,
d0e81a4acd55cfac60c2aa1bec155c08.bundle,23指示開始調查,Say,23,6,よし、見えた。,
d0e81a4acd55cfac60c2aa1bec155c08.bundle,23指示開始調查,Say,23,7,……って、画質最悪なんだけど。,
d0e81a4acd55cfac60c2aa1bec155c08.bundle,23指示開始調查,Say,23,8,あんたの視神経に繋げたよ。,
d0e81a4acd55cfac60c2aa1bec155c08.bundle,23指示開始調查,Say,23,9,あんたが見たものは全部電波となって、こっちへ転送される。,
d0e81a4acd55cfac60c2aa1bec155c08.bundle,23指示開始調查,Say,23,10,でも、この機能を長時間使用すると、あんたの神経を焼いちゃうから、長くは使えない。,
d0e81a4acd55cfac60c2aa1bec155c08.bundle,23指示開始調查,Say,23,11,さっさと中を調べましょう。,
d0e81a4acd55cfac60c2aa1bec155c08.bundle,23指示開始調查,Say,23,12,できれば、子どもたちの居場所を聞き出せるいいんだけどね。,
d0e81a4acd55cfac60c2aa1bec155c08.bundle,23指示開始調查,Say,23,13,それさえわかれば、後はスイと助っ人がやってくれる。,
d0e81a4acd55cfac60c2aa1bec155c08.bundle,23指示開始調查,Say,イチ･カク,0,そこのお前。,
d0e81a4acd55cfac60c2aa1bec155c08.bundle,23指示開始調查,Say,イチ･カク,1,そんなとこで突っ立って何をしてるんだ？,
d0e81a4acd55cfac60c2aa1bec155c08.bundle,23指示開始調查,Branch,#Simple,3,何もしていません。,
d0e81a4acd55cfac60c2aa1bec155c08.bundle,23指示開始調查,Say,イチ･カク,2,へー。,
d0e81a4acd55cfac60c2aa1bec155c08.bundle,23指示開始調查,Branch,#Simple,4,あなたこそ、何でそんなところにいるんですか？,
d0e81a4acd55cfac60c2aa1bec155c08.bundle,23指示開始調查,Say,イチ･カク,3,……,
d0e81a4acd55cfac60c2aa1bec155c08.bundle,23指示開始調查,Say,イチ･カク,4,……,
d0e81a4acd55cfac60c2aa1bec155c08.bundle,23指示開始調查,Say,イチ･カク,5,……,
d0e81a4acd55cfac60c2aa1bec155c08.bundle,23指示開始調查,Say,イチ･カク,6,何でだろうな……？,
d0e81a4acd55cfac60c2aa1bec155c08.bundle,23指示開始調查,Say,心の声,1,何なんだこいつは？,
d0e81a4acd55cfac60c2aa1bec155c08.bundle,23指示開始調查,Say,イチ･カク,7,ブツはチョウに渡しといてくれ。,
d0e81a4acd55cfac60c2aa1bec155c08.bundle,23指示開始調查,Say,イチ･カク,8,あそこのソファで寝てるやつだ。,
d0e81a4acd55cfac60c2aa1bec155c08.bundle,調查:施工牌,Say,心の声,0,廃棄されたビルか……,
d0e81a4acd55cfac60c2aa1bec155c08.bundle,調查:施工牌,Say,心の声,1,ほとんど沈没予定エリアで見られる光景だ。,
d0e81a4acd55cfac60c2aa1bec155c08.bundle,調查:施工牌,Say,心の声,2,今はヤクザや貧乏人の住処になっている。,
d0e81a4acd55cfac60c2aa1bec155c08.bundle,調查: 傳單,Say,心の声,0,台地計画により、多くの就職先が生まれた。,
d0e81a4acd55cfac60c2aa1bec155c08.bundle,調查: 傳單,Say,心の声,1,それにより、ビッグウェイは政府から多額の利益を上げたはずだ。,
d0e81a4acd55cfac60c2aa1bec155c08.bundle,調查:發電機,Say,心の声,0,今はこういう旧型の発電機は裏社会でしか流通していない。,
d0e81a4acd55cfac60c2aa1bec155c08.bundle,調查:發電機,Say,心の声,1,二酸化炭素が排出される発電機はすべて禁止され、電気料金も驚くほど安くなった。,
d0e81a4acd55cfac60c2aa1bec155c08.bundle,調查:發電機,Say,心の声,2,電力を供給してもらえない違法集団だけが、こんなのを使うんだろうな。,
d0e81a4acd55cfac60c2aa1bec155c08.bundle,靠近柱子區自動想法,Say,23,0,ジェイ、そこで止まって。,
d0e81a4acd55cfac60c2aa1bec155c08.bundle,靠近柱子區自動想法,Say,23,1,周りを見てくれる？環境を確認したいの。,
d0e81a4acd55cfac60c2aa1bec155c08.bundle,靠近柱子區自動想法,Say,23,2,梁の構造に……柱……,
d0e81a4acd55cfac60c2aa1bec155c08.bundle,靠近柱子區自動想法,Say,23,3,うん、これなら広く展開できそうね。,
d0e81a4acd55cfac60c2aa1bec155c08.bundle,靠近柱子區自動想法,Say,23,4,遮蔽物は少ないけど、普通の陣形なら大丈夫か……,
d0e81a4acd55cfac60c2aa1bec155c08.bundle,靠近柱子區自動想法,Say,23,5,子どもたちを見かけないわね。,
d0e81a4acd55cfac60c2aa1bec155c08.bundle,靠近柱子區自動想法,Say,23,6,……,
d0e81a4acd55cfac60c2aa1bec155c08.bundle,靠近柱子區自動想法,Say,23,7,周りにいる人に、子どもたちの居場所を聞いてみようか。,
d0e81a4acd55cfac60c2aa1bec155c08.bundle,跟爆乳女流氓對話,Say,ジュンユ･リュウ,0,なに？,
d0e81a4acd55cfac60c2aa1bec155c08.bundle,跟爆乳女流氓對話,Say,23,0,うわっ、すっごい巨乳。,
d0e81a4acd55cfac60c2aa1bec155c08.bundle,跟爆乳女流氓對話,Say,心の声,0,……,
d0e81a4acd55cfac60c2aa1bec155c08.bundle,跟爆乳女流氓對話,Say,23,1,あ！今、チラっと見たでしょう！,
d0e81a4acd55cfac60c2aa1bec155c08.bundle,跟爆乳女流氓對話,Say,23,2,視神経と繋がってるから、言い訳しても無駄だよ！,
d0e81a4acd55cfac60c2aa1bec155c08.bundle,跟爆乳女流氓對話,Say,23,3,リンリンに言っちゃおう！,
d0e81a4acd55cfac60c2aa1bec155c08.bundle,跟爆乳女流氓對話,Say,心の声,1,こいつ……,
d0e81a4acd55cfac60c2aa1bec155c08.bundle,跟爆乳女流氓對話,Say,ジュンユ･リュウ,1,ねえ、聞こえないの？,
d0e81a4acd55cfac60c2aa1bec155c08.bundle,跟爆乳女流氓對話,Say,ジュンユ･リュウ,2,あんた……,
d0e81a4acd55cfac60c2aa1bec155c08.bundle,跟爆乳女流氓對話,Say,ジュンユ･リュウ,3,新人？,
d0e81a4acd55cfac60c2aa1bec155c08.bundle,跟爆乳女流氓對話,Say,ジュンユ･リュウ,4,名前なんだっけ？,
d0e81a4acd55cfac60c2aa1bec155c08.bundle,跟爆乳女流氓對話,Say,ジュンユ･リュウ,5,シ……？,
d0e81a4acd55cfac60c2aa1bec155c08.bundle,跟爆乳女流氓對話,Say,ジュンユ･リュウ,6,まぁ、どうでもいいか。,
d0e81a4acd55cfac60c2aa1bec155c08.bundle,跟爆乳女流氓對話,Say,ジュンユ･リュウ,7,なんか用？,
d0e81a4acd55cfac60c2aa1bec155c08.bundle,跟爆乳女流氓對話,Branch,#Simple,0,名前は重要だろ？,
d0e81a4acd55cfac60c2aa1bec155c08.bundle,跟爆乳女流氓對話,Say,ジュンユ･リュウ,8,そう？,
d0e81a4acd55cfac60c2aa1bec155c08.bundle,跟爆乳女流氓對話,Say,ジュンユ･リュウ,9,じゃ、名前は？,
d0e81a4acd55cfac60c2aa1bec155c08.bundle,跟爆乳女流氓對話,Branch,#Simple,1,そんなのどうでもいいだろ。,
d0e81a4acd55cfac60c2aa1bec155c08.bundle,跟爆乳女流氓對話,Say,ジュンユ･リュウ,10,……,
d0e81a4acd55cfac60c2aa1bec155c08.bundle,跟爆乳女流氓對話,Say,ジュンユ･リュウ,11,……はぁ？,
d0e81a4acd55cfac60c2aa1bec155c08.bundle,跟爆乳女流氓對話,Say,ジュンユ･リュウ,12,あんたバカなの？,
d0e81a4acd55cfac60c2aa1bec155c08.bundle,跟爆乳女流氓對話,Say,ジュンユ･リュウ,13,聞いて損した……,
d0e81a4acd55cfac60c2aa1bec155c08.bundle,跟爆乳女流氓對話,Branch,#Simple,2,シシン･マだ。,
d0e81a4acd55cfac60c2aa1bec155c08.bundle,跟爆乳女流氓對話,Say,ジュンユ･リュウ,14,そう。,
d0e81a4acd55cfac60c2aa1bec155c08.bundle,跟爆乳女流氓對話,Say,ジュンユ･リュウ,15,自己紹介しに来ただけ？,
d0e81a4acd55cfac60c2aa1bec155c08.bundle,跟爆乳女流氓對話,Say,ジュンユ･リュウ,16,他に用は？,
d0e81a4acd55cfac60c2aa1bec155c08.bundle,跟爆乳女流氓對話,Branch,#Simple,3,子どもたちの居場所を知らないか？,
d0e81a4acd55cfac60c2aa1bec155c08.bundle,跟爆乳女流氓對話,Say,ジュンユ･リュウ,17,子ども？,
d0e81a4acd55cfac60c2aa1bec155c08.bundle,跟爆乳女流氓對話,Branch,#Simple,4,ここに子どもたちがいるんだろ？,
d0e81a4acd55cfac60c2aa1bec155c08.bundle,跟爆乳女流氓對話,Branch,#Simple,5,ああ。,
d0e81a4acd55cfac60c2aa1bec155c08.bundle,跟爆乳女流氓對話,Say,ジュンユ･リュウ,18,子どもの話を誰から聞いたの？,
d0e81a4acd55cfac60c2aa1bec155c08.bundle,跟爆乳女流氓對話,Branch,#Simple,6,風の噂で聞いた。,
d0e81a4acd55cfac60c2aa1bec155c08.bundle,跟爆乳女流氓對話,Say,ジュンユ･リュウ,19,何それ……,
d0e81a4acd55cfac60c2aa1bec155c08.bundle,跟爆乳女流氓對話,Branch,#Simple,7,チシュンさんだ。,
d0e81a4acd55cfac60c2aa1bec155c08.bundle,跟爆乳女流氓對話,Say,ジュンユ･リュウ,20,はぁ？新人なんかに言うわけないでしょう？,
d0e81a4acd55cfac60c2aa1bec155c08.bundle,跟爆乳女流氓對話,Say,ジュンユ･リュウ,21,どうせ噂してるのを聞いたんでしょ？,
d0e81a4acd55cfac60c2aa1bec155c08.bundle,跟爆乳女流氓對話,Say,ジュンユ･リュウ,22,チシュンさんは取引の邪魔が入らないように、皆にここを守らせてるだけよ。,
d0e81a4acd55cfac60c2aa1bec155c08.bundle,跟爆乳女流氓對話,Say,ジュンユ･リュウ,23,何の取引なのかは知らされてないの。だから勝手な憶測はやめて。,
d0e81a4acd55cfac60c2aa1bec155c08.bundle,跟爆乳女流氓對話,Say,ジュンユ･リュウ,24,それで何が聞きたいの？,
d0e81a4acd55cfac60c2aa1bec155c08.bundle,跟爆乳女流氓對話,Branch,#Simple,8,取引する「商品」はどこにあるんだ？,
d0e81a4acd55cfac60c2aa1bec155c08.bundle,跟爆乳女流氓對話,Branch,#Simple,9,子どもたちはどこにいるんだ？,
d0e81a4acd55cfac60c2aa1bec155c08.bundle,跟爆乳女流氓對話,Say,ジュンユ･リュウ,25,だから子どもじゃないってば……,
d0e81a4acd55cfac60c2aa1bec155c08.bundle,跟爆乳女流氓對話,Say,ジュンユ･リュウ,26,あんた、何でそんなことを聞くの？黙ってここを守ってなさいよ。,
d0e81a4acd55cfac60c2aa1bec155c08.bundle,跟爆乳女流氓對話,Branch,#Simple,10,もしかして、あんたも知らないのか？,
d0e81a4acd55cfac60c2aa1bec155c08.bundle,跟爆乳女流氓對話,Say,ジュンユ･リュウ,27,……,
d0e81a4acd55cfac60c2aa1bec155c08.bundle,跟爆乳女流氓對話,Say,ジュンユ･リュウ,28,知ってるに決まってるでしょ。ただ、あんたに言いたくないだけよ。,
d0e81a4acd55cfac60c2aa1bec155c08.bundle,跟爆乳女流氓對話,Branch,#Simple,11,なんだが、嘘っぽいな。,
d0e81a4acd55cfac60c2aa1bec155c08.bundle,跟爆乳女流氓對話,Say,ジュンユ･リュウ,29,本当だってば！,
d0e81a4acd55cfac60c2aa1bec155c08.bundle,跟爆乳女流氓對話,Branch,#Simple,12,嘘はすぐバレるぞ。,
d0e81a4acd55cfac60c2aa1bec155c08.bundle,跟爆乳女流氓對話,Say,ジュンユ･リュウ,30,わ、わかったわよ！,
d0e81a4acd55cfac60c2aa1bec155c08.bundle,跟爆乳女流氓對話,Say,ジュンユ･リュウ,31,実は私も知らされてないの！,
d0e81a4acd55cfac60c2aa1bec155c08.bundle,跟爆乳女流氓對話,Say,ジュンユ･リュウ,32,今日のチシュンさんは変なのよ……,
d0e81a4acd55cfac60c2aa1bec155c08.bundle,跟爆乳女流氓對話,Say,ジュンユ･リュウ,33,私たちに何も言わないし！,
d0e81a4acd55cfac60c2aa1bec155c08.bundle,跟爆乳女流氓對話,Say,ジュンユ･リュウ,34,そんなに知りたいなら、本人に聞きなさいよ！,
d0e81a4acd55cfac60c2aa1bec155c08.bundle,跟爆乳女流氓對話,Branch,#Simple,13,チシュンさんはどこにいるんだ？,
d0e81a4acd55cfac60c2aa1bec155c08.bundle,跟爆乳女流氓對話,Say,ジュンユ･リュウ,35,えっ？さあ……？,
d0e81a4acd55cfac60c2aa1bec155c08.bundle,跟爆乳女流氓對話,Branch,#Simple,14,何も知らないのか？,
d0e81a4acd55cfac60c2aa1bec155c08.bundle,跟爆乳女流氓對話,Say,ジュンユ･リュウ,36,う、うるさいわね！,
d0e81a4acd55cfac60c2aa1bec155c08.bundle,跟爆乳女流氓對話,Branch,#Simple,15,わかった。,
d0e81a4acd55cfac60c2aa1bec155c08.bundle,跟爆乳女流氓對話,Branch,#Simple,16,……,
d0e81a4acd55cfac60c2aa1bec155c08.bundle,跟爆乳女流氓對話,Branch,#Simple,17,……,
d0e81a4acd55cfac60c2aa1bec155c08.bundle,跟爆乳女流氓對話,Say,ジュンユ･リュウ,37,フンッ。,
d0e81a4acd55cfac60c2aa1bec155c08.bundle,跟爆乳女流氓對話,Say,ジュンユ･リュウ,38,……,
d0e81a4acd55cfac60c2aa1bec155c08.bundle,跟爆乳女流氓對話,Branch,#Simple,18,……,
d0e81a4acd55cfac60c2aa1bec155c08.bundle,跟爆乳女流氓對話,Branch,#Simple,19,……,
d0e81a4acd55cfac60c2aa1bec155c08.bundle,跟爆乳女流氓對話,Branch,#Simple,20,ただ聞いてみただけだが、ついでに教えくれないか？,
d0e81a4acd55cfac60c2aa1bec155c08.bundle,跟爆乳女流氓對話,Say,ジュンユ･リュウ,39,言うわけないでしょう。もうあっち行ってよ。,
d0e81a4acd55cfac60c2aa1bec155c08.bundle,跟爆乳女流氓對話,Branch,#Simple,21,なぜここに入ったんだ？,
d0e81a4acd55cfac60c2aa1bec155c08.bundle,跟爆乳女流氓對話,Say,ジュンユ･リュウ,40,何でそんなにしつこいのよ……,
d0e81a4acd55cfac60c2aa1bec155c08.bundle,跟爆乳女流氓對話,Say,ジュンユ･リュウ,41,……,
d0e81a4acd55cfac60c2aa1bec155c08.bundle,跟爆乳女流氓對話,Say,ジュンユ･リュウ,42,何でも何も、選択肢がないからでしょう！,
d0e81a4acd55cfac60c2aa1bec155c08.bundle,跟爆乳女流氓對話,Say,ジュンユ･リュウ,43,沈没予定エリアに住む貧乏人に選択肢なんてないのよ。,
d0e81a4acd55cfac60c2aa1bec155c08.bundle,跟爆乳女流氓對話,Say,ジュンユ･リュウ,44,あのね！,
d0e81a4acd55cfac60c2aa1bec155c08.bundle,跟爆乳女流氓對話,Say,ジュンユ･リュウ,45,どっかの組に入ってないと、こっちがやられるだけなのよ！,
d0e81a4acd55cfac60c2aa1bec155c08.bundle,跟爆乳女流氓對話,Say,ジュンユ･リュウ,46,何でこんなことまで、言わないといけないのよ……,
d0e81a4acd55cfac60c2aa1bec155c08.bundle,跟爆乳女流氓對話,Branch,#Simple,22,いや、大丈夫だ。,
d0e81a4acd55cfac60c2aa1bec155c08.bundle,跟爆乳女流氓對話,Say,ジュンユ･リュウ,47,じゃ、とっとと失せな。,
d0e81a4acd55cfac60c2aa1bec155c08.bundle,跟蝦情侶黨,Say,ゲンシュン･フォン,0,おいおいおい！,
d0e81a4acd55cfac60c2aa1bec155c08.bundle,跟蝦情侶黨,Say,ゲンシュン･フォン,1,なにガン飛ばしてんだ、テメェ？,
d0e81a4acd55cfac60c2aa1bec155c08.bundle,跟蝦情侶黨,Say,ゲンシュン･フォン,2,おい、こらぁ！テメェ、大した度胸だなぁ！,
d0e81a4acd55cfac60c2aa1bec155c08.bundle,跟蝦情侶黨,Say,ゲンシュン･フォン,3,今、俺の女の胸を見ただろ！,
d0e81a4acd55cfac60c2aa1bec155c08.bundle,跟蝦情侶黨,Branch,#Simple,0,見てない。,
d0e81a4acd55cfac60c2aa1bec155c08.bundle,跟蝦情侶黨,Say,ゲンシュン･フォン,4,言い訳してんじゃねーよ！,
d0e81a4acd55cfac60c2aa1bec155c08.bundle,跟蝦情侶黨,Branch,#Simple,1,女って、誰のことだ？,
d0e81a4acd55cfac60c2aa1bec155c08.bundle,跟蝦情侶黨,Say,ゲンシュン･フォン,5,こいつだよ！,
d0e81a4acd55cfac60c2aa1bec155c08.bundle,跟蝦情侶黨,Branch,#Simple,2,ああ、確かに見たな。,
d0e81a4acd55cfac60c2aa1bec155c08.bundle,跟蝦情侶黨,Say,ゲンシュン･フォン,6,はぁ？テメェ死にてぇーのか？,
d0e81a4acd55cfac60c2aa1bec155c08.bundle,跟蝦情侶黨,Say,ゲンシュン･フォン,7,テメェなんなんだよ。誰が見てもいいって許可出した？,
d0e81a4acd55cfac60c2aa1bec155c08.bundle,跟蝦情侶黨,Branch,#Simple,3,じゃ、誰なら見ていいんだ？,
d0e81a4acd55cfac60c2aa1bec155c08.bundle,跟蝦情侶黨,Say,ゲンシュン･フォン,8,だ、誰って……,
d0e81a4acd55cfac60c2aa1bec155c08.bundle,跟蝦情侶黨,Say,ゲンシュン･フォン,9,お、俺だよ！,
d0e81a4acd55cfac60c2aa1bec155c08.bundle,跟蝦情侶黨,Say,ゲンシュン･フォン,10,彼氏の俺しか、こいつを見ていいわけないだろ！,
d0e81a4acd55cfac60c2aa1bec155c08.bundle,跟蝦情侶黨,Branch,#Simple,4,じゃ、コンビニ店員も見ちゃいけないのか？,
d0e81a4acd55cfac60c2aa1bec155c08.bundle,跟蝦情侶黨,Say,ゲンシュン･フォン,11,アァ？見ないと会計できねーだろうが。テメェ馬鹿か？,
d0e81a4acd55cfac60c2aa1bec155c08.bundle,跟蝦情侶黨,Branch,#Simple,5,じゃ、コンビニ店員はあんたの女の彼氏なのか？,
d0e81a4acd55cfac60c2aa1bec155c08.bundle,跟蝦情侶黨,Say,ゲンシュン･フォン,12,そんなわけねぇーだろうが？何言ってんだ、テメェ。,
d0e81a4acd55cfac60c2aa1bec155c08.bundle,跟蝦情侶黨,Branch,#Simple,6,じゃ、なんでコンビニ店員は彼女を見ていいんだ？,
d0e81a4acd55cfac60c2aa1bec155c08.bundle,跟蝦情侶黨,Say,ゲンシュン･フォン,13,そ、それは……,
d0e81a4acd55cfac60c2aa1bec155c08.bundle,跟蝦情侶黨,Say,ゲンシュン･フォン,14,その……,
d0e81a4acd55cfac60c2aa1bec155c08.bundle,跟蝦情侶黨,Say,23,0,ハハハ！ジェイ、ほどほどにしておきな……,
d0e81a4acd55cfac60c2aa1bec155c08.bundle,跟蝦情侶黨,Say,23,1,脳みそが追いついてないみたいよ！,
d0e81a4acd55cfac60c2aa1bec155c08.bundle,跟蝦情侶黨,Say,ゲンシュン･フォン,15,じゃ……,
d0e81a4acd55cfac60c2aa1bec155c08.bundle,跟蝦情侶黨,Say,ゲンシュン･フォン,16,見ればいいだろ……,
d0e81a4acd55cfac60c2aa1bec155c08.bundle,跟蝦情侶黨,Say,23,2,ハハハハハ！！！！,
d0e81a4acd55cfac60c2aa1bec155c08.bundle,跟蝦情侶黨,Say,23,3,なにこいつ、ウける！,
d0e81a4acd55cfac60c2aa1bec155c08.bundle,跟蝦情侶黨,Say,心の声,0,23号の声がうるさすぎて、鼓膜が破れそうだ……,
d0e81a4acd55cfac60c2aa1bec155c08.bundle,跟蝦情侶黨,Branch,#Simple,7,そうですか、失礼しました。,
d0e81a4acd55cfac60c2aa1bec155c08.bundle,跟蝦情侶黨,Say,ゲンシュン･フォン,17,もうこれ以上、見んなよ！,
d0e81a4acd55cfac60c2aa1bec155c08.bundle,跟蝦情侶黨,Branch,#Simple,8,そうですね、失礼しました。,
d0e81a4acd55cfac60c2aa1bec155c08.bundle,跟蝦情侶黨,Say,ゲンシュン･フォン,18,もうこれ以上、見んなよ！,
d0e81a4acd55cfac60c2aa1bec155c08.bundle,跟蝦情侶黨,Branch,#Simple,9,わかりました。,
d0e81a4acd55cfac60c2aa1bec155c08.bundle,跟蝦情侶黨,Say,ゲンシュン･フォン,19,気をつけろ。,
d0e81a4acd55cfac60c2aa1bec155c08.bundle,跟蝦情侶黨,Branch,#Simple,10,俺はシシン･マだ。,
d0e81a4acd55cfac60c2aa1bec155c08.bundle,跟蝦情侶黨,Say,ゲンシュン･フォン,20,はぁ？だからなんだよ？,
d0e81a4acd55cfac60c2aa1bec155c08.bundle,跟蝦情侶黨,Branch,#Simple,11,何者だと聞かれたから。,
d0e81a4acd55cfac60c2aa1bec155c08.bundle,跟蝦情侶黨,Say,ゲンシュン･フォン,21,はぁ……？,
d0e81a4acd55cfac60c2aa1bec155c08.bundle,跟蝦情侶黨,Say,ゲンシュン･フォン,22,あ……まあ、確かに聞いたな……,
d0e81a4acd55cfac60c2aa1bec155c08.bundle,跟蝦情侶黨,Say,ゲンシュン･フォン,23,と、とにかく、もう俺の女を見るな！,
d0e81a4acd55cfac60c2aa1bec155c08.bundle,跟蝦情侶黨,Branch,#Simple,12,誰なら彼女を見ていいんだ？,
d0e81a4acd55cfac60c2aa1bec155c08.bundle,跟蝦情侶黨,Branch,#Simple,13,……,
d0e81a4acd55cfac60c2aa1bec155c08.bundle,跟蝦情侶黨,Branch,#Simple,14,誰なら彼女を見ていいんだ？,
d0e81a4acd55cfac60c2aa1bec155c08.bundle,跟蝦情侶黨,Branch,#Simple,15,すみませんでした。,
d0e81a4acd55cfac60c2aa1bec155c08.bundle,跟蝦情侶黨,Say,ゲンシュン･フォン,24,素直に謝ったなら、許してやる！,
d0e81a4acd55cfac60c2aa1bec155c08.bundle,跟蝦情侶黨,Say,シエ･ゴ,0,うるさいな！,
d0e81a4acd55cfac60c2aa1bec155c08.bundle,跟蝦情侶黨,Say,シエ･ゴ,1,こいつ誰？,
d0e81a4acd55cfac60c2aa1bec155c08.bundle,跟蝦情侶黨,Say,シエ･ゴ,2,なんか用？,
d0e81a4acd55cfac60c2aa1bec155c08.bundle,跟蝦情侶黨,Branch,#Simple,16,子どもたちの居場所を知らないか？,
d0e81a4acd55cfac60c2aa1bec155c08.bundle,跟蝦情侶黨,Say,シエ･ゴ,3,子ども？,
d0e81a4acd55cfac60c2aa1bec155c08.bundle,跟蝦情侶黨,Say,ゲンシュン･フォン,25,子ども？,
d0e81a4acd55cfac60c2aa1bec155c08.bundle,跟蝦情侶黨,Say,シエ･ゴ,4,何の話……？,
d0e81a4acd55cfac60c2aa1bec155c08.bundle,跟蝦情侶黨,Say,シエ･ゴ,5,もしかして、今日のチシュンさんの取引内容が子どもだとでも思ってんの？,
d0e81a4acd55cfac60c2aa1bec155c08.bundle,跟蝦情侶黨,Say,ゲンシュン･フォン,26,それマジか？,
d0e81a4acd55cfac60c2aa1bec155c08.bundle,跟蝦情侶黨,Say,シエ･ゴ,6,マジなわけないだろう、このバカが！,
d0e81a4acd55cfac60c2aa1bec155c08.bundle,跟蝦情侶黨,Say,シエ･ゴ,7,おい！あんた、どこでそんな話を聞いたんだ？,
d0e81a4acd55cfac60c2aa1bec155c08.bundle,跟蝦情侶黨,Branch,#Simple,17,覚えてないな。,
d0e81a4acd55cfac60c2aa1bec155c08.bundle,跟蝦情侶黨,Branch,#Simple,18,俺の勝手な推測だ。,
d0e81a4acd55cfac60c2aa1bec155c08.bundle,跟蝦情侶黨,Say,シエ･ゴ,8,あのね、新米さん。,
d0e81a4acd55cfac60c2aa1bec155c08.bundle,跟蝦情侶黨,Say,シエ･ゴ,9,勝手にな推測はよしなよ。あんたは、ただ指示に従ってればいい。わかったな？,
d0e81a4acd55cfac60c2aa1bec155c08.bundle,跟蝦情侶黨,Say,シエ･ゴ,10,私たちは、商品をちゃんと見張っていれば……,
d0e81a4acd55cfac60c2aa1bec155c08.bundle,跟蝦情侶黨,Say,ゲンシュン･フォン,27,じゃ、その商品とやらはどこにあるんだよ。,
d0e81a4acd55cfac60c2aa1bec155c08.bundle,跟蝦情侶黨,Say,シエ･ゴ,11,……,
d0e81a4acd55cfac60c2aa1bec155c08.bundle,跟蝦情侶黨,Say,シエ･ゴ,12,後ろの倉庫。,
d0e81a4acd55cfac60c2aa1bec155c08.bundle,跟蝦情侶黨,Branch,#Simple,19,それは本当か？,
d0e81a4acd55cfac60c2aa1bec155c08.bundle,跟蝦情侶黨,Say,シエ･ゴ,13,本当よ。,
d0e81a4acd55cfac60c2aa1bec155c08.bundle,跟蝦情侶黨,Branch,#Simple,20,……,
d0e81a4acd55cfac60c2aa1bec155c08.bundle,跟蝦情侶黨,Say,ゲンシュン･フォン,28,どうして、それがわかるんだ？チシュンさんから聞いたのか？,
d0e81a4acd55cfac60c2aa1bec155c08.bundle,跟蝦情侶黨,Say,シエ･ゴ,14,フンッ……,
d0e81a4acd55cfac60c2aa1bec155c08.bundle,跟蝦情侶黨,Say,シエ･ゴ,15,私たちと、交代した人たちから聞いたの。,
d0e81a4acd55cfac60c2aa1bec155c08.bundle,跟蝦情侶黨,Say,シエ･ゴ,16,でも中身については何も知らない。,
d0e81a4acd55cfac60c2aa1bec155c08.bundle,跟蝦情侶黨,Say,シエ･ゴ,17,まさか、本当に子どもだったりして……,
d0e81a4acd55cfac60c2aa1bec155c08.bundle,跟蝦情侶黨,Say,23,4,子どもたちの居場所がわかったね。,
d0e81a4acd55cfac60c2aa1bec155c08.bundle,跟蝦情侶黨,Say,ゲンシュン･フォン,29,本当に子どもだったら、最高だな……！,
d0e81a4acd55cfac60c2aa1bec155c08.bundle,跟蝦情侶黨,Say,シエ･ゴ,18,はぁ？あんたバカなの？,
d0e81a4acd55cfac60c2aa1bec155c08.bundle,跟蝦情侶黨,Say,ゲンシュン･フォン,30,子どもなら大儲けできるだろう？,
d0e81a4acd55cfac60c2aa1bec155c08.bundle,跟蝦情侶黨,Say,シエ･ゴ,19,救いようのないクズね……,
d0e81a4acd55cfac60c2aa1bec155c08.bundle,跟蝦情侶黨,Say,シエ･ゴ,20,うちらは確かにヤクザだけど、手を出しちゃいけないものもある。,
d0e81a4acd55cfac60c2aa1bec155c08.bundle,跟蝦情侶黨,Say,ゲンシュン･フォン,31,そうなのか……？,
d0e81a4acd55cfac60c2aa1bec155c08.bundle,跟蝦情侶黨,Say,シエ･ゴ,21,特に人身売買なんて、デカが本気で捕まえにくる案件だ……,
d0e81a4acd55cfac60c2aa1bec155c08.bundle,跟蝦情侶黨,Say,シエ･ゴ,22,はぁ、考えただけで面倒くさそう。,
d0e81a4acd55cfac60c2aa1bec155c08.bundle,跟蝦情侶黨,Say,シエ･ゴ,23,おい、新人！話はこれくらいでいいでしょ？もう邪魔しないで！,
d0e81a4acd55cfac60c2aa1bec155c08.bundle,跟蝦情侶黨,Branch,#Simple,21,何で彼と付き合ってるんだ？,
d0e81a4acd55cfac60c2aa1bec155c08.bundle,跟蝦情侶黨,Say,シエ･ゴ,24,はぁ？付き合う？彼と？,
d0e81a4acd55cfac60c2aa1bec155c08.bundle,跟蝦情侶黨,Say,シエ･ゴ,25,なわけないでしょ。,
d0e81a4acd55cfac60c2aa1bec155c08.bundle,跟蝦情侶黨,Say,ゲンシュン･フォン,32,え、でも俺らは……,
d0e81a4acd55cfac60c2aa1bec155c08.bundle,跟蝦情侶黨,Say,シエ･ゴ,26,もうやめて！,
d0e81a4acd55cfac60c2aa1bec155c08.bundle,跟蝦情侶黨,Say,ゲンシュン･フォン,33,だけど……,
d0e81a4acd55cfac60c2aa1bec155c08.bundle,跟蝦情侶黨,Say,シエ･ゴ,27,これ以上言ったら、チシュンさんに言うから。,
d0e81a4acd55cfac60c2aa1bec155c08.bundle,跟蝦情侶黨,Say,ゲンシュン･フォン,34,わ、わかったよ……！,
d0e81a4acd55cfac60c2aa1bec155c08.bundle,跟蝦情侶黨,Say,シエ･ゴ,28,はぁ、鬱陶しい！,
d0e81a4acd55cfac60c2aa1bec155c08.bundle,跟蝦情侶黨,Say,シエ･ゴ,29,それで、他に用は？,
d0e81a4acd55cfac60c2aa1bec155c08.bundle,跟蝦情侶黨,Branch,#Simple,22,もう大丈夫だ。,
d0e81a4acd55cfac60c2aa1bec155c08.bundle,跟蝦情侶黨,Say,シエ･ゴ,30,あっそ、じゃ、もうどっか行って。,
d0e81a4acd55cfac60c2aa1bec155c08.bundle,白壁虎靠牆對話,Say,キンセイ･ハク,0,あの猿共、本当にうざいよな。,
d0e81a4acd55cfac60c2aa1bec155c08.bundle,白壁虎靠牆對話,Say,心の声,0,なに……！？,
d0e81a4acd55cfac60c2aa1bec155c08.bundle,白壁虎靠牆對話,Branch,#Simple,0,なんの話だ？,
d0e81a4acd55cfac60c2aa1bec155c08.bundle,白壁虎靠牆對話,Say,キンセイ･ハク,1,さっきお前に絡んだチンピラだよ。,
d0e81a4acd55cfac60c2aa1bec155c08.bundle,白壁虎靠牆對話,Branch,#Simple,1,あのチンピラ共の話か？,
d0e81a4acd55cfac60c2aa1bec155c08.bundle,白壁虎靠牆對話,Say,キンセイ･ハク,2,ああ。,
d0e81a4acd55cfac60c2aa1bec155c08.bundle,白壁虎靠牆對話,Say,心の声,1,こいつは……,
d0e81a4acd55cfac60c2aa1bec155c08.bundle,白壁虎靠牆對話,Say,キンセイ･ハク,3,俺は、彼らを心の底から見下している。,
d0e81a4acd55cfac60c2aa1bec155c08.bundle,白壁虎靠牆對話,Say,キンセイ･ハク,4,生産力も思想もない、ただ本能に従って行動しているだけ。,
d0e81a4acd55cfac60c2aa1bec155c08.bundle,白壁虎靠牆對話,Say,キンセイ･ハク,5,縄張りや雌を奪い合って、大声で怒鳴る。動物と同じだ。,
d0e81a4acd55cfac60c2aa1bec155c08.bundle,白壁虎靠牆對話,Say,心の声,2,こいつは確か……,
d0e81a4acd55cfac60c2aa1bec155c08.bundle,白壁虎靠牆對話,Say,キンセイ･ハク,6,俺がここに来て真っ先にしたことは、こいつらを全員追い出したことだ。,
d0e81a4acd55cfac60c2aa1bec155c08.bundle,白壁虎靠牆對話,Say,キンセイ･ハク,7,おっと、違った……,
d0e81a4acd55cfac60c2aa1bec155c08.bundle,白壁虎靠牆對話,Say,キンセイ･ハク,8,最初にやったのは、お前を気絶させたことだったな。,
d0e81a4acd55cfac60c2aa1bec155c08.bundle,白壁虎靠牆對話,Say,キンセイ･ハク,9,すまない、すまない、忘れてたよ。,
d0e81a4acd55cfac60c2aa1bec155c08.bundle,白壁虎靠牆對話,Say,心の声,3,間違いない、彼は……,
d0e81a4acd55cfac60c2aa1bec155c08.bundle,白壁虎靠牆對話,Say,キンセイ･ハク,10,話が逸れたな。,
d0e81a4acd55cfac60c2aa1bec155c08.bundle,白壁虎靠牆對話,Say,心の声,4,リンを撃った男だ……！,
d0e81a4acd55cfac60c2aa1bec155c08.bundle,白壁虎靠牆對話,Say,キンセイ･ハク,11,今はお前について話さないとな。,
d0e81a4acd55cfac60c2aa1bec155c08.bundle,白壁虎靠牆對話,Branch,#Simple,2,お前は一体何者だ！,
d0e81a4acd55cfac60c2aa1bec155c08.bundle,白壁虎靠牆對話,Say,キンセイ･ハク,12,ホワイトリザード。,
d0e81a4acd55cfac60c2aa1bec155c08.bundle,白壁虎靠牆對話,Branch,#Simple,3,お前はホワイトリザードだな。,
d0e81a4acd55cfac60c2aa1bec155c08.bundle,白壁虎靠牆對話,Say,キンセイ･ハク,13,よくものうのうと俺の名が言えたな……,
d0e81a4acd55cfac60c2aa1bec155c08.bundle,白壁虎靠牆對話,Say,キンセイ･ハク,14,お前はまだ……,
d0e81a4acd55cfac60c2aa1bec155c08.bundle,白壁虎靠牆對話,Say,キンセイ･ハク,15,この名の意味をわかっていないようだな。,
d0e81a4acd55cfac60c2aa1bec155c08.bundle,白壁虎靠牆對話,Say,キンセイ･ハク,16,この名に関する事件を何も知らない。お前にとってこの名はただの……,
d0e81a4acd55cfac60c2aa1bec155c08.bundle,白壁虎靠牆對話,Say,キンセイ･ハク,17,符号に過ぎない。,
d0e81a4acd55cfac60c2aa1bec155c08.bundle,白壁虎靠牆對話,Say,キンセイ･ハク,18,そして、お前の彼女を傷つけたクソ傭兵でしかない。,
d0e81a4acd55cfac60c2aa1bec155c08.bundle,白壁虎靠牆對話,Say,キンセイ･ハク,19,だが無知はお前のせいじゃない。,
d0e81a4acd55cfac60c2aa1bec155c08.bundle,白壁虎靠牆對話,Say,キンセイ･ハク,20,スイ･ニンは多く語らないからな。,
d0e81a4acd55cfac60c2aa1bec155c08.bundle,白壁虎靠牆對話,Say,心の声,5,スイ･ニンを知ってるのか……！？,
d0e81a4acd55cfac60c2aa1bec155c08.bundle,白壁虎靠牆對話,Say,心の声,6,……もしかして、スイ･ニンもここにいるのがバレたか？,
d0e81a4acd55cfac60c2aa1bec155c08.bundle,白壁虎靠牆對話,Say,キンセイ･ハク,21,お前の行動をしばらく観察させてもらった。,
d0e81a4acd55cfac60c2aa1bec155c08.bundle,白壁虎靠牆對話,Say,キンセイ･ハク,22,訓練を受けたエージェントには見えない。,
d0e81a4acd55cfac60c2aa1bec155c08.bundle,白壁虎靠牆對話,Say,キンセイ･ハク,23,単刀直入に聞こう。,
d0e81a4acd55cfac60c2aa1bec155c08.bundle,白壁虎靠牆對話,Say,キンセイ･ハク,24,お前はフクロウのエージェントではないな？,
d0e81a4acd55cfac60c2aa1bec155c08.bundle,白壁虎靠牆對話,Branch,#Simple,4,そうだ。,
d0e81a4acd55cfac60c2aa1bec155c08.bundle,白壁虎靠牆對話,Say,キンセイ･ハク,25,やっぱりそうか。,
d0e81a4acd55cfac60c2aa1bec155c08.bundle,白壁虎靠牆對話,Say,心の声,7,少しがっかりしているように聞こえる……,
d0e81a4acd55cfac60c2aa1bec155c08.bundle,白壁虎靠牆對話,Branch,#Simple,5,フクロウだと言ったら？,
d0e81a4acd55cfac60c2aa1bec155c08.bundle,白壁虎靠牆對話,Say,キンセイ･ハク,26,……,
d0e81a4acd55cfac60c2aa1bec155c08.bundle,白壁虎靠牆對話,Say,キンセイ･ハク,27,何で嘘をついた？,
d0e81a4acd55cfac60c2aa1bec155c08.bundle,白壁虎靠牆對話,Branch,#Simple,6,あんたは何がしたいんだ？,
d0e81a4acd55cfac60c2aa1bec155c08.bundle,白壁虎靠牆對話,Say,キンセイ･ハク,28,質問を質問で返すな。,
d0e81a4acd55cfac60c2aa1bec155c08.bundle,白壁虎靠牆對話,Say,キンセイ･ハク,29,教養がないな。義務教育を卒業しているのか？,
d0e81a4acd55cfac60c2aa1bec155c08.bundle,跟幫手討論要不要殺出去,Say,カイ･コン,0,あのイカれ野郎、いなくなったか？,
d0e81a4acd55cfac60c2aa1bec155c08.bundle,跟幫手討論要不要殺出去,Say,カイ･コン,1,それとも姿を消してるだけで、まだここにいるのか？,
d0e81a4acd55cfac60c2aa1bec155c08.bundle,跟幫手討論要不要殺出去,Say,スイ･ニン,0,……,
d0e81a4acd55cfac60c2aa1bec155c08.bundle,跟幫手討論要不要殺出去,Say,カイ･コン,2,何だよ？君一人でやれてただろ？俺が手伝っても足手まといになるだけじゃん。,
d0e81a4acd55cfac60c2aa1bec155c08.bundle,跟幫手討論要不要殺出去,Branch,#Simple,0,一体何があったんだ。,
d0e81a4acd55cfac60c2aa1bec155c08.bundle,跟幫手討論要不要殺出去,Branch,#Simple,1,今までどこにいたんだ？,
d0e81a4acd55cfac60c2aa1bec155c08.bundle,跟幫手討論要不要殺出去,Say,スイ･ニン,1,はめられたんだ。,
d0e81a4acd55cfac60c2aa1bec155c08.bundle,跟幫手討論要不要殺出去,Say,スイ･ニン,2,向かって来ていた5台の車はただの増援だ。,
d0e81a4acd55cfac60c2aa1bec155c08.bundle,跟幫手討論要不要殺出去,Say,スイ･ニン,3,むしろ、目くらましだ。,
d0e81a4acd55cfac60c2aa1bec155c08.bundle,跟幫手討論要不要殺出去,Say,スイ･ニン,4,まだ私たちに気づいていないと思わせるためのダミーだったんだ。,
d0e81a4acd55cfac60c2aa1bec155c08.bundle,跟幫手討論要不要殺出去,Say,スイ･ニン,5,ホワイトリザードと部下たちは、すでにこの建物の換気ダクトで待ち伏せていた。,
d0e81a4acd55cfac60c2aa1bec155c08.bundle,跟幫手討論要不要殺出去,Say,スイ･ニン,6,私と助っ人がダクトに入った瞬間に攻撃されたが、しばらくは彼らから隠れていたんだ。,
d0e81a4acd55cfac60c2aa1bec155c08.bundle,跟幫手討論要不要殺出去,Say,カイ･コン,3,それと、彼らは電波をジャックしている。すべての通信を切断されたよ。,
d0e81a4acd55cfac60c2aa1bec155c08.bundle,跟幫手討論要不要殺出去,Say,カイ･コン,4,今でもまだ23号と連絡が取れない。,
d0e81a4acd55cfac60c2aa1bec155c08.bundle,跟幫手討論要不要殺出去,Say,カイ･コン,5,ずいぶんと用意周到だ。これはマジで殺しにかかってるな。,
d0e81a4acd55cfac60c2aa1bec155c08.bundle,跟幫手討論要不要殺出去,Say,スイ･ニン,7,……,
d0e81a4acd55cfac60c2aa1bec155c08.bundle,跟幫手討論要不要殺出去,Branch,#Simple,2,……,
d0e81a4acd55cfac60c2aa1bec155c08.bundle,跟幫手討論要不要殺出去,Say,カイ･コン,6,いいか。,
d0e81a4acd55cfac60c2aa1bec155c08.bundle,跟幫手討論要不要殺出去,Say,カイ･コン,7,あのイカれ野郎は俺らを逃がそうとしている。これはチャンスだ。,
d0e81a4acd55cfac60c2aa1bec155c08.bundle,跟幫手討論要不要殺出去,Say,カイ･コン,8,おい、歩けるか？,
d0e81a4acd55cfac60c2aa1bec155c08.bundle,跟幫手討論要不要殺出去,Branch,#Simple,3,ああ。,
d0e81a4acd55cfac60c2aa1bec155c08.bundle,跟幫手討論要不要殺出去,Branch,#Simple,4,走ることも可能だ。,
d0e81a4acd55cfac60c2aa1bec155c08.bundle,跟幫手討論要不要殺出去,Say,カイ･コン,9,フンッ。,
d0e81a4acd55cfac60c2aa1bec155c08.bundle,跟幫手討論要不要殺出去,Say,カイ･コン,10,ならいいが、もう撤退しよう。,
d0e81a4acd55cfac60c2aa1bec155c08.bundle,跟幫手討論要不要殺出去,Say,スイ･ニン,8,……,
d0e81a4acd55cfac60c2aa1bec155c08.bundle,跟幫手討論要不要殺出去,Say,カイ･コン,11,……おいおい、まさかじゃないよな？,
d0e81a4acd55cfac60c2aa1bec155c08.bundle,跟幫手討論要不要殺出去,Say,カイ･コン,12,組織で君の噂は多く耳にしていたが、それは単なる……,
d0e81a4acd55cfac60c2aa1bec155c08.bundle,跟幫手討論要不要殺出去,Say,カイ･コン,13,はぁ、やめよう……,
d0e81a4acd55cfac60c2aa1bec155c08.bundle,跟幫手討論要不要殺出去,Say,カイ･コン,14,ガキ共を助けたいのはわかる。,
d0e81a4acd55cfac60c2aa1bec155c08.bundle,跟幫手討論要不要殺出去,Say,カイ･コン,15,だが一旦撤退して、トラックを追跡すればいいだけの話だ。,
d0e81a4acd55cfac60c2aa1bec155c08.bundle,跟幫手討論要不要殺出去,Say,スイ･ニン,9,走行中のトラックを攻撃するのは、子どもたちを巻き込むリスクが高い。,
d0e81a4acd55cfac60c2aa1bec155c08.bundle,跟幫手討論要不要殺出去,Say,カイ･コン,16,別に攻撃しろだなんて言っていない。トラックを追ってアジドの場所を見つければいい。,
d0e81a4acd55cfac60c2aa1bec155c08.bundle,跟幫手討論要不要殺出去,Say,カイ･コン,17,そして数日をかけて調査し、作戦を立てれば……,
d0e81a4acd55cfac60c2aa1bec155c08.bundle,跟幫手討論要不要殺出去,Say,スイ･ニン,10,時間がかかりすぎる。その間に子どもたちが、どんな目に遭うのかわからない。,
d0e81a4acd55cfac60c2aa1bec155c08.bundle,跟幫手討論要不要殺出去,Branch,#Simple,5,子どもたちに危害を加える気はないと、ホワイトリザードが言っていた。,
d0e81a4acd55cfac60c2aa1bec155c08.bundle,跟幫手討論要不要殺出去,Say,スイ･ニン,11,ジェイ、申し訳ないが、あの男を信じるつもりはない。,
d0e81a4acd55cfac60c2aa1bec155c08.bundle,跟幫手討論要不要殺出去,Branch,#Simple,6,……,
d0e81a4acd55cfac60c2aa1bec155c08.bundle,跟幫手討論要不要殺出去,Say,スイ･ニン,12,それに、もし敵のアジドに攻め込むなら、さらに人手が必要だ。,
d0e81a4acd55cfac60c2aa1bec155c08.bundle,跟幫手討論要不要殺出去,Say,カイ･コン,18,俺も手伝うから、今は……,
d0e81a4acd55cfac60c2aa1bec155c08.bundle,跟幫手討論要不要殺出去,Say,スイ･ニン,13,いや、君は手伝わない。,
d0e81a4acd55cfac60c2aa1bec155c08.bundle,跟幫手討論要不要殺出去,Say,スイ･ニン,14,君の目的は万象を脅すネタを探すことだ。だから彼らのアジドがわかれば目的達成だ。,
d0e81a4acd55cfac60c2aa1bec155c08.bundle,跟幫手討論要不要殺出去,Say,スイ･ニン,15,むしろ、彼らが子どもに手を出すことを望んでいるはずだ。そうすれば君も「ネタ」を手に入るからな。,
d0e81a4acd55cfac60c2aa1bec155c08.bundle,跟幫手討論要不要殺出去,Say,カイ･コン,19,……,
d0e81a4acd55cfac60c2aa1bec155c08.bundle,跟幫手討論要不要殺出去,Say,カイ･コン,20,酷い言われようだな。,
d0e81a4acd55cfac60c2aa1bec155c08.bundle,跟幫手討論要不要殺出去,Say,スイ･ニン,16,客観的に分析しただけだ。,
d0e81a4acd55cfac60c2aa1bec155c08.bundle,跟幫手討論要不要殺出去,Say,カイ･コン,21,ならこっちも言わせてもらうが、俺は外にいる傭兵たちと戦うつもりはないぜ。,
d0e81a4acd55cfac60c2aa1bec155c08.bundle,跟幫手討論要不要殺出去,Say,カイ･コン,22,こいつがあのデジタルマスクを付けたアホから情報を聞き出してくれたおかげで……,
d0e81a4acd55cfac60c2aa1bec155c08.bundle,跟幫手討論要不要殺出去,Say,カイ･コン,23,彼らが「増援」であることをわかって助かったよ！,
d0e81a4acd55cfac60c2aa1bec155c08.bundle,跟幫手討論要不要殺出去,Say,カイ･コン,24,さっき車の中で23号も調べたんだろ？少なくとも、30人以上がここに向かって来ている！,
d0e81a4acd55cfac60c2aa1bec155c08.bundle,跟幫手討論要不要殺出去,Say,カイ･コン,25,向こうがどんだけの増援を用意したと思う？,
d0e81a4acd55cfac60c2aa1bec155c08.bundle,跟幫手討論要不要殺出去,Say,カイ･コン,26,……,
d0e81a4acd55cfac60c2aa1bec155c08.bundle,跟幫手討論要不要殺出去,Say,カイ･コン,27,上でちらっと確認したよ。,
d0e81a4acd55cfac60c2aa1bec155c08.bundle,跟幫手討論要不要殺出去,Say,カイ･コン,28,少なくとも30人以上だ。,
d0e81a4acd55cfac60c2aa1bec155c08.bundle,跟幫手討論要不要殺出去,Say,カイ･コン,29,ホワイトリザードの下で実践経験を積んだ傭兵が30人だぜ！？,
d0e81a4acd55cfac60c2aa1bec155c08.bundle,跟幫手討論要不要殺出去,Say,カイ･コン,30,あいつの傭兵団の半分以上の数だ。,
d0e81a4acd55cfac60c2aa1bec155c08.bundle,跟幫手討論要不要殺出去,Say,カイ･コン,31,一歩でも外に出れば、蜂の巣にされる！,
d0e81a4acd55cfac60c2aa1bec155c08.bundle,跟幫手討論要不要殺出去,Say,カイ･コン,32,これは明らかに君を挑発するための罠だ！,
d0e81a4acd55cfac60c2aa1bec155c08.bundle,跟幫手討論要不要殺出去,Say,カイ･コン,33,もう少し冷静になれ！,
d0e81a4acd55cfac60c2aa1bec155c08.bundle,跟幫手討論要不要殺出去,Say,スイ･ニン,17,……,
d0e81a4acd55cfac60c2aa1bec155c08.bundle,跟幫手討論要不要殺出去,Say,スイ･ニン,18,……,
d0e81a4acd55cfac60c2aa1bec155c08.bundle,跟幫手討論要不要殺出去,Say,スイ･ニン,19,計算上なら、私一人で倒せる相手だ。,
d0e81a4acd55cfac60c2aa1bec155c08.bundle,跟幫手討論要不要殺出去,Say,カイ･コン,34,マジでイカれてやがる……！,
d0e81a4acd55cfac60c2aa1bec155c08.bundle,跟幫手討論要不要殺出去,Say,カイ･コン,35,スイ･ニン、君はまんまとホワイトリザードの罠にはまっている。君はもう理性的に判断できていない！,
d0e81a4acd55cfac60c2aa1bec155c08.bundle,跟幫手討論要不要殺出去,Say,カイ･コン,36,落ち着け。こんなのは自殺行為と同じだ。考え直せ！,
d0e81a4acd55cfac60c2aa1bec155c08.bundle,跟幫手討論要不要殺出去,Say,スイ･ニン,20,私は冷静だ。,
d0e81a4acd55cfac60c2aa1bec155c08.bundle,跟幫手討論要不要殺出去,Say,心の声,0,スイ･ニンが……,
d0e81a4acd55cfac60c2aa1bec155c08.bundle,跟幫手討論要不要殺出去,Say,心の声,1,怒りを抑えようとしているのを感じる……,
d0e81a4acd55cfac60c2aa1bec155c08.bundle,跟幫手討論要不要殺出去,Say,カイ･コン,37,さっき車の中で言ったことを忘れたのか？,
d0e81a4acd55cfac60c2aa1bec155c08.bundle,跟幫手討論要不要殺出去,Say,カイ･コン,38,君は俺に死にたいのかって言ったんだ！,
d0e81a4acd55cfac60c2aa1bec155c08.bundle,跟幫手討論要不要殺出去,Say,カイ･コン,39,逆に聞くぜ。,
d0e81a4acd55cfac60c2aa1bec155c08.bundle,跟幫手討論要不要殺出去,Say,カイ･コン,40,スイ･ニン、君は死にたいのか！？,
d0e81a4acd55cfac60c2aa1bec155c08.bundle,跟幫手討論要不要殺出去,Say,スイ･ニン,21,死にたくないし、私は死なない。,
d0e81a4acd55cfac60c2aa1bec155c08.bundle,跟幫手討論要不要殺出去,Say,スイ･ニン,22,さっきとは状況が違うんだ……,
d0e81a4acd55cfac60c2aa1bec155c08.bundle,跟幫手討論要不要殺出去,Say,カイ･コン,41,違うだと！？何が違うって言うんだ……！,
d0e81a4acd55cfac60c2aa1bec155c08.bundle,跟幫手討論要不要殺出去,Say,カイ･コン,42,話しにならん……,
d0e81a4acd55cfac60c2aa1bec155c08.bundle,跟幫手討論要不要殺出去,Say,カイ･コン,43,やはりだめだ。ここで戦っていたら、やつらのアジドを探せなくなる。,
d0e81a4acd55cfac60c2aa1bec155c08.bundle,跟幫手討論要不要殺出去,Say,カイ･コン,44,どうしても戦えって言うなら、俺は……,
d0e81a4acd55cfac60c2aa1bec155c08.bundle,屠殺結束,Say,心の声,0,スイ･ニンが……！,
d0e81a4acd55cfac60c2aa1bec155c08.bundle,屠殺結束,Say,心の声,1,勝った……！？,
d0e81a4acd55cfac60c2aa1bec155c08.bundle,屠殺結束,Say,キンセイ･ハク,0,やぁ……,
d0e81a4acd55cfac60c2aa1bec155c08.bundle,屠殺結束,Say,キンセイ･ハク,1,ジェイ様のお出ましだな……,
d0e81a4acd55cfac60c2aa1bec155c08.bundle,屠殺結束,Say,スイ･ニン,0,ジェイ、もう大丈夫だ。,
d0e81a4acd55cfac60c2aa1bec155c08.bundle,屠殺結束,Say,スイ･ニン,1,ゴホッ、ゴホッ……こちらの勝ちだ……,
d0e81a4acd55cfac60c2aa1bec155c08.bundle,屠殺結束,Say,キンセイ･ハク,2,ハハ、そうかな……？,
d0e81a4acd55cfac60c2aa1bec155c08.bundle,屠殺結束,Say,スイ･ニン,2,……,
d0e81a4acd55cfac60c2aa1bec155c08.bundle,屠殺結束,Say,キンセイ･ハク,3,悪いけど、実は嘘をついてたんだ。,
d0e81a4acd55cfac60c2aa1bec155c08.bundle,屠殺結束,Say,キンセイ･ハク,4,トラックに部下を何人か残していてね……,
d0e81a4acd55cfac60c2aa1bec155c08.bundle,屠殺結束,Say,キンセイ･ハク,5,もし俺に何かあったら……,
d0e81a4acd55cfac60c2aa1bec155c08.bundle,屠殺結束,Say,キンセイ･ハク,6,もう察しがつくよね？,
d0e81a4acd55cfac60c2aa1bec155c08.bundle,屠殺結束,Say,スイ･ニン,3,……,
d0e81a4acd55cfac60c2aa1bec155c08.bundle,屠殺結束,Say,キンセイ･ハク,7,……,
d0e81a4acd55cfac60c2aa1bec155c08.bundle,屠殺結束,Say,キンセイ･ハク,8,そうか……,
d0e81a4acd55cfac60c2aa1bec155c08.bundle,屠殺結束,Say,キンセイ･ハク,9,ハハ……,
d0e81a4acd55cfac60c2aa1bec155c08.bundle,屠殺結束,Say,キンセイ･ハク,10,その顔を見るに……,
d0e81a4acd55cfac60c2aa1bec155c08.bundle,屠殺結束,Say,キンセイ･ハク,11,もう対処済かな？,
d0e81a4acd55cfac60c2aa1bec155c08.bundle,屠殺結束,Say,キンセイ･ハク,12,端から俺を信じてなかったってわけか……,
d0e81a4acd55cfac60c2aa1bec155c08.bundle,屠殺結束,Say,キンセイ･ハク,13,ハハハ……これも俺の日頃の行いかな。,
d0e81a4acd55cfac60c2aa1bec155c08.bundle,屠殺結束,Say,スイ･ニン,4,君の負けだ。,
d0e81a4acd55cfac60c2aa1bec155c08.bundle,屠殺結束,Say,キンセイ･ハク,14,……負け？お前にとってこれは勝ち負けの話なのか？,
d0e81a4acd55cfac60c2aa1bec155c08.bundle,屠殺結束,Say,キンセイ･ハク,15,そこまで幼稚だとは思わなかったよ。,
d0e81a4acd55cfac60c2aa1bec155c08.bundle,屠殺結束,Say,キンセイ･ハク,16,それとも何だ？化け物だからこそ、逆にそんなことに拘るのか……？,
d0e81a4acd55cfac60c2aa1bec155c08.bundle,屠殺結束,Say,キンセイ･ハク,17,まさか、まだ戦いに意義を求めているとはな……,
d0e81a4acd55cfac60c2aa1bec155c08.bundle,屠殺結束,Say,スイ･ニン,5,……,
d0e81a4acd55cfac60c2aa1bec155c08.bundle,屠殺結束,Say,キンセイ･ハク,18,悲しいな……,
d0e81a4acd55cfac60c2aa1bec155c08.bundle,屠殺結束,Say,キンセイ･ハク,19,お前を理解してくれる人間は永遠に現れない。お前は……,
d0e81a4acd55cfac60c2aa1bec155c08.bundle,屠殺結束,Say,スイ･ニン,6,……黙れ。,
d0e81a4acd55cfac60c2aa1bec155c08.bundle,屠殺結束,Say,キンセイ･ハク,20,ハハハ……！,
d0e81a4acd55cfac60c2aa1bec155c08.bundle,屠殺結束,Say,スイ･ニン,7,万象の全ての秘密を教えろ。,
d0e81a4acd55cfac60c2aa1bec155c08.bundle,屠殺結束,Say,スイ･ニン,8,ホワイトリザード、君はもう終わりだ。,
d0e81a4acd55cfac60c2aa1bec155c08.bundle,屠殺結束,Say,キンセイ･ハク,21,そうだな……,
d0e81a4acd55cfac60c2aa1bec155c08.bundle,屠殺結束,Say,キンセイ･ハク,22,だったらもう逃げるしかないか。,
d0e81a4acd55cfac60c2aa1bec155c08.bundle,跟黑面搭話,Say,モー･カー,0,そちらのご武人。,
d0e81a4acd55cfac60c2aa1bec155c08.bundle,跟黑面搭話,Say,心の声,0,ご武人……？,
d0e81a4acd55cfac60c2aa1bec155c08.bundle,跟黑面搭話,Branch,#Simple,0,俺のことか？,
d0e81a4acd55cfac60c2aa1bec155c08.bundle,跟黑面搭話,Say,モー･カー,1,ああ。,
d0e81a4acd55cfac60c2aa1bec155c08.bundle,跟黑面搭話,Branch,#Simple,1,何か用か？,
d0e81a4acd55cfac60c2aa1bec155c08.bundle,跟黑面搭話,Say,モー･カー,2,その立ち振る舞い、武術を修練しているな？,
d0e81a4acd55cfac60c2aa1bec155c08.bundle,跟黑面搭話,Branch,#Simple,2,確かに格闘術なら習っていた。,
d0e81a4acd55cfac60c2aa1bec155c08.bundle,跟黑面搭話,Say,モー･カー,3,おお、吾が目に狂いはなかった。,
d0e81a4acd55cfac60c2aa1bec155c08.bundle,跟黑面搭話,Say,モー･カー,4,手合わせを願いたい！,
d0e81a4acd55cfac60c2aa1bec155c08.bundle,跟黑面搭話,Branch,#Simple,3,遠慮しておく。,
d0e81a4acd55cfac60c2aa1bec155c08.bundle,跟黑面搭話,Say,モー･カー,5,それは誠に残念だ！,
d0e81a4acd55cfac60c2aa1bec155c08.bundle,跟黑面搭話,Say,モー･カー,6,その肉体を見るに、貴殿は武術の天才と見た。,
d0e81a4acd55cfac60c2aa1bec155c08.bundle,跟黑面搭話,Say,心の声,1,何でそんな変な口調なんだ……,
d0e81a4acd55cfac60c2aa1bec155c08.bundle,跟黑面搭話,Say,トラさん,0,よっ、黒面。こいつ誰なんだ？,
d0e81a4acd55cfac60c2aa1bec155c08.bundle,跟黑面搭話,Say,心の声,2,病院で戦ったチンピラだ……！,
d0e81a4acd55cfac60c2aa1bec155c08.bundle,跟黑面搭話,Say,23,0,焦らないで、デジタルマスクを付けてるから大丈夫よ。,
d0e81a4acd55cfac60c2aa1bec155c08.bundle,跟黑面搭話,Say,心の声,3,だが俺の服装はあの日と同じだ……,
d0e81a4acd55cfac60c2aa1bec155c08.bundle,跟黑面搭話,Say,モー･カー,7,先程、出会った兄弟だ。,
d0e81a4acd55cfac60c2aa1bec155c08.bundle,跟黑面搭話,Say,トラさん,1,ほう、お前は新人か。,
d0e81a4acd55cfac60c2aa1bec155c08.bundle,跟黑面搭話,Say,トラさん,2,確か、シシンだったか……？,
d0e81a4acd55cfac60c2aa1bec155c08.bundle,跟黑面搭話,Branch,#Simple,4,ああ、シシン･マだ。,
d0e81a4acd55cfac60c2aa1bec155c08.bundle,跟黑面搭話,Say,トラさん,3,じゃ、シシンと呼ばせてもらう。,
d0e81a4acd55cfac60c2aa1bec155c08.bundle,跟黑面搭話,Branch,#Simple,5,まだそこまでの親しい間柄じゃないと思うが……,
d0e81a4acd55cfac60c2aa1bec155c08.bundle,跟黑面搭話,Say,トラさん,4,男同士だろう？細かいことは気にするな！,
d0e81a4acd55cfac60c2aa1bec155c08.bundle,跟黑面搭話,Branch,#Simple,6,ああ、よろしく。,
d0e81a4acd55cfac60c2aa1bec155c08.bundle,跟黑面搭話,Say,トラさん,5,ノリのいいやつだな。,
d0e81a4acd55cfac60c2aa1bec155c08.bundle,跟黑面搭話,Branch,#Simple,7,……,
d0e81a4acd55cfac60c2aa1bec155c08.bundle,跟黑面搭話,Branch,#Simple,8,名前なんてどうでもいいだろ。,
d0e81a4acd55cfac60c2aa1bec155c08.bundle,跟黑面搭話,Say,トラさん,6,おいおい、悲しいこと言うなよ！,
d0e81a4acd55cfac60c2aa1bec155c08.bundle,跟黑面搭話,Say,トラさん,7,俺たちはもう兄弟だろ！,
d0e81a4acd55cfac60c2aa1bec155c08.bundle,跟黑面搭話,Branch,#Simple,9,……,
d0e81a4acd55cfac60c2aa1bec155c08.bundle,跟黑面搭話,Say,トラさん,8,良い体してるな。何かやってたのか？,
d0e81a4acd55cfac60c2aa1bec155c08.bundle,跟黑面搭話,Say,心の声,4,もう俺の名前はどうでもいいのか……,
d0e81a4acd55cfac60c2aa1bec155c08.bundle,跟黑面搭話,Branch,#Simple,10,がたいがいいからって、別に何かやってたことにはならないだろ？,
d0e81a4acd55cfac60c2aa1bec155c08.bundle,跟黑面搭話,Say,トラさん,9,そうか……？,
d0e81a4acd55cfac60c2aa1bec155c08.bundle,跟黑面搭話,Say,モー･カー,8,こちらのご武人の言う通りだ。,
d0e81a4acd55cfac60c2aa1bec155c08.bundle,跟黑面搭話,Say,トラさん,10,ハハハ、それもそうだな！,
d0e81a4acd55cfac60c2aa1bec155c08.bundle,跟黑面搭話,Branch,#Simple,11,まあ、昔はな。,
d0e81a4acd55cfac60c2aa1bec155c08.bundle,跟黑面搭話,Branch,#Simple,12,何も。,
d0e81a4acd55cfac60c2aa1bec155c08.bundle,跟黑面搭話,Say,トラさん,11,そうか……,
d0e81a4acd55cfac60c2aa1bec155c08.bundle,跟黑面搭話,Say,トラさん,12,……,
d0e81a4acd55cfac60c2aa1bec155c08.bundle,跟黑面搭話,Say,心の声,5,俺の顔をじーっと見ている……,
d0e81a4acd55cfac60c2aa1bec155c08.bundle,跟黑面搭話,Say,トラさん,13,……お前、どこかで見た気がするな。,
d0e81a4acd55cfac60c2aa1bec155c08.bundle,跟黑面搭話,Say,トラさん,14,顔を見せてみろ！,
d0e81a4acd55cfac60c2aa1bec155c08.bundle,跟黑面搭話,Branch,#Simple,13,断る。,
d0e81a4acd55cfac60c2aa1bec155c08.bundle,跟黑面搭話,Branch,#Simple,14,見られたくないんだ。,
d0e81a4acd55cfac60c2aa1bec155c08.bundle,跟黑面搭話,Branch,#Simple,15,肌荒れがひどいから、見られたくないんだ。,
d0e81a4acd55cfac60c2aa1bec155c08.bundle,跟黑面搭話,Branch,#Simple,16,そんなことを言われたら、照れるだろ。,
d0e81a4acd55cfac60c2aa1bec155c08.bundle,跟黑面搭話,Say,トラさん,15,お前は女か！,
d0e81a4acd55cfac60c2aa1bec155c08.bundle,跟黑面搭話,Say,トラさん,16,顔を見せるだけに、何をモジモジしてるんだ！,
d0e81a4acd55cfac60c2aa1bec155c08.bundle,跟黑面搭話,Say,ヤオ･リー,0,ちょっと、新人を巻き込まないでよ。,
d0e81a4acd55cfac60c2aa1bec155c08.bundle,跟黑面搭話,Say,ヤオ･リー,1,仕事中はデジタルマスクを付けろって、チシュンさんに命令されたでしょう？,
d0e81a4acd55cfac60c2aa1bec155c08.bundle,跟黑面搭話,Say,トラさん,17,はぁ？俺がチシュンの命令に従うとでも思ってるのか？,
d0e81a4acd55cfac60c2aa1bec155c08.bundle,跟黑面搭話,Say,ヤオ･リー,2,チシュンさんの命令に従わないのは勝手だけど、警察に顔を見られるわけにはいかないでしょう？,
d0e81a4acd55cfac60c2aa1bec155c08.bundle,跟黑面搭話,Say,ヤオ･リー,3,逆にあなたはいつも素顔のままで出歩くから、絶対に監視カメラに映ってるはずよ！,
d0e81a4acd55cfac60c2aa1bec155c08.bundle,跟黑面搭話,Say,ヤオ･リー,4,いつかそれを元に、警察があなたを逮捕するでしょうね！,
d0e81a4acd55cfac60c2aa1bec155c08.bundle,跟黑面搭話,Say,トラさん,18,……,
d0e81a4acd55cfac60c2aa1bec155c08.bundle,跟黑面搭話,Say,トラさん,19,チシュンだってデジタルマスクを使ってないだろう？,
d0e81a4acd55cfac60c2aa1bec155c08.bundle,跟黑面搭話,Say,ヤオ･リー,5,彼は私たちみたいなチンピラと違って、後ろ盾があるのよ。,
d0e81a4acd55cfac60c2aa1bec155c08.bundle,跟黑面搭話,Say,ヤオ･リー,6,警察にも顔が利くし、あなたとは大違いよ。,
d0e81a4acd55cfac60c2aa1bec155c08.bundle,跟黑面搭話,Say,トラさん,20,……,
d0e81a4acd55cfac60c2aa1bec155c08.bundle,跟黑面搭話,Say,ヤオ･リー,7,もういい加減にして。デジタルマスクを付けるのは皆を守るためでしょう？あなたもちゃんと協力して。,
d0e81a4acd55cfac60c2aa1bec155c08.bundle,跟黑面搭話,Say,モー･カー,9,兄弟、彼女の言う通りだ。,
d0e81a4acd55cfac60c2aa1bec155c08.bundle,跟黑面搭話,Say,トラさん,21,わかってる。俺にもちゃんと考えがあるんだ。,
d0e81a4acd55cfac60c2aa1bec155c08.bundle,跟黑面搭話,Say,ヤオ･リー,8,だったらいいけど。,
d0e81a4acd55cfac60c2aa1bec155c08.bundle,跟黑面搭話,Say,トラさん,22,俺はデジタルマスクみたいな偽物が嫌いなんだ！,
d0e81a4acd55cfac60c2aa1bec155c08.bundle,跟黑面搭話,Say,トラさん,23,これを付けるくらいなら、顔に墨を入れてやる！,
d0e81a4acd55cfac60c2aa1bec155c08.bundle,跟黑面搭話,Say,ヤオ･リー,9,じゃ、さっさと入れなさいよ！,
d0e81a4acd55cfac60c2aa1bec155c08.bundle,跟黑面搭話,Say,トラさん,24,信用できる彫り師が見つからないんだ！,
d0e81a4acd55cfac60c2aa1bec155c08.bundle,跟黑面搭話,Say,ヤオ･リー,10,もしかして、失敗して変になるのが怖いわけ？,
d0e81a4acd55cfac60c2aa1bec155c08.bundle,跟黑面搭話,Say,トラさん,25,俺が見た目を気にすると思うか？,
d0e81a4acd55cfac60c2aa1bec155c08.bundle,跟黑面搭話,Say,モー･カー,10,兄弟、落ち着きたまえ。焦ってはならん。,
d0e81a4acd55cfac60c2aa1bec155c08.bundle,跟黑面搭話,Say,トラさん,26,わかってるよ……！,
d0e81a4acd55cfac60c2aa1bec155c08.bundle,跟黑面搭話,Branch,#Simple,17,なぜ墨を入れたいんだ？,
d0e81a4acd55cfac60c2aa1bec155c08.bundle,跟黑面搭話,Say,トラさん,27,そっちの方が意気込みを感じるだろう？,
d0e81a4acd55cfac60c2aa1bec155c08.bundle,跟黑面搭話,Say,トラさん,28,覚悟ってやつだよ。,
d0e81a4acd55cfac60c2aa1bec155c08.bundle,跟黑面搭話,Say,トラさん,29,黒面の組織は全員、墨を入れてるんだ。マジでイケてるぜ！,
d0e81a4acd55cfac60c2aa1bec155c08.bundle,跟黑面搭話,Branch,#Simple,18,黒面はうちの仲間じゃないのか？,
d0e81a4acd55cfac60c2aa1bec155c08.bundle,跟黑面搭話,Say,トラさん,30,あ？助っ人に決まってるだろ。,
d0e81a4acd55cfac60c2aa1bec155c08.bundle,跟黑面搭話,Say,トラさん,31,今日は取引の日だから、チシュンが助っ人として呼んだんだ。,
d0e81a4acd55cfac60c2aa1bec155c08.bundle,跟黑面搭話,Branch,#Simple,19,……,
d0e81a4acd55cfac60c2aa1bec155c08.bundle,跟黑面搭話,Branch,#Simple,20,……,
d0e81a4acd55cfac60c2aa1bec155c08.bundle,跟黑面搭話,Say,トラさん,32,そうだ。白面はどうした？,
d0e81a4acd55cfac60c2aa1bec155c08.bundle,跟黑面搭話,Say,モー･カー,11,我が弟は厠だ。,
d0e81a4acd55cfac60c2aa1bec155c08.bundle,跟黑面搭話,Say,トラさん,33,ここのトイレはバカみたいに遠いから、大変だよな。,
d0e81a4acd55cfac60c2aa1bec155c08.bundle,跟黑面搭話,Say,トラさん,34,シシンはもうトイレの場所を把握してるか？,
d0e81a4acd55cfac60c2aa1bec155c08.bundle,跟黑面搭話,Branch,#Simple,21,シシン？,
d0e81a4acd55cfac60c2aa1bec155c08.bundle,跟黑面搭話,Say,トラさん,35,お前のことだよ。,
d0e81a4acd55cfac60c2aa1bec155c08.bundle,跟黑面搭話,Say,トラさん,36,お前がシシンだろう？,
d0e81a4acd55cfac60c2aa1bec155c08.bundle,跟黑面搭話,Branch,#Simple,22,どこにあるんだ？,
d0e81a4acd55cfac60c2aa1bec155c08.bundle,跟黑面搭話,Say,トラさん,37,行ったら驚くぞ……本当にすごく遠いからな……,
d0e81a4acd55cfac60c2aa1bec155c08.bundle,跟黑面搭話,Say,トラさん,38,……,
d0e81a4acd55cfac60c2aa1bec155c08.bundle,跟黑面搭話,Say,心の声,6,また俺の顔を見つめている……,
d0e81a4acd55cfac60c2aa1bec155c08.bundle,跟黑面搭話,Say,トラさん,39,マジでどっかで会ったことないか……？,
d0e81a4acd55cfac60c2aa1bec155c08.bundle,跟黑面搭話,Say,モー･カー,12,それは真か？,
d0e81a4acd55cfac60c2aa1bec155c08.bundle,跟黑面搭話,Say,トラさん,40,ああ、どっかで見たと思うんだが、思い出せないんだ……,
d0e81a4acd55cfac60c2aa1bec155c08.bundle,跟黑面搭話,Say,心の声,7,話題を逸らさないと……,
d0e81a4acd55cfac60c2aa1bec155c08.bundle,跟黑面搭話,Branch,#Simple,23,そうだ。チシュンさんはどこにいるんだ？,
d0e81a4acd55cfac60c2aa1bec155c08.bundle,跟黑面搭話,Say,トラさん,41,用事があるって言って、男の子を連れて出て行ったよ。,
d0e81a4acd55cfac60c2aa1bec155c08.bundle,跟黑面搭話,Say,トラさん,42,おっ、ちょうど帰って来たみたいだ。,
d0e81a4acd55cfac60c2aa1bec155c08.bundle,跟黑面搭話,Branch,#Simple,24,そうだ。子どもたちの居場所を知らないか？,
d0e81a4acd55cfac60c2aa1bec155c08.bundle,跟黑面搭話,Say,トラさん,43,後ろの倉庫だろ？,
d0e81a4acd55cfac60c2aa1bec155c08.bundle,跟黑面搭話,Say,トラさん,44,チシュンからはそう聞いた。,
d0e81a4acd55cfac60c2aa1bec155c08.bundle,跟黑面搭話,Say,トラさん,45,ここの倉庫は広いからな。,
d0e81a4acd55cfac60c2aa1bec155c08.bundle,跟黑面搭話,Branch,#Simple,25,他人のそら似じゃないか？,
d0e81a4acd55cfac60c2aa1bec155c08.bundle,跟黑面搭話,Say,トラさん,46,まあ、そうか……,
d0e81a4acd55cfac60c2aa1bec155c08.bundle,跟黑面搭話,Say,トラさん,47,あっ……,
d0e81a4acd55cfac60c2aa1bec155c08.bundle,跟黑面搭話,Say,トラさん,48,ああああ！！,
d0e81a4acd55cfac60c2aa1bec155c08.bundle,跟黑面搭話,Say,トラさん,49,お前は……！,
d0e81a4acd55cfac60c2aa1bec155c08.bundle,跟黑面搭話,Say,トラさん,50,病院にいた……！,
d0e81a4acd55cfac60c2aa1bec155c08.bundle,跟黑面搭話,Say,心の声,8,しまった……！,
d0e81a4acd55cfac60c2aa1bec155c08.bundle,跟黑面搭話,Say,心の声,9,23号からの指示はまだか……！？,
d0e81a4acd55cfac60c2aa1bec155c08.bundle,跟黑面搭話,Branch,#Simple,26,……,
d0e81a4acd55cfac60c2aa1bec155c08.bundle,跟黑面搭話,Say,心の声,10,この音は何だ……！？,
d0e81a4acd55cfac60c2aa1bec155c08.bundle,跟黑面搭話,Say,心の声,11,クソッ、耳が……,
d0e81a4acd55cfac60c2aa1bec155c08.bundle,打贏雙子以後,Say,チシュン･ソウ,0,素晴らしい。,
d0e81a4acd55cfac60c2aa1bec155c08.bundle,打贏雙子以後,Say,心の声,0,23号はどこだ。スイ･ニンと助っ人は……？,
d0e81a4acd55cfac60c2aa1bec155c08.bundle,打贏雙子以後,Say,心の声,1,なぜ誰も返事しないんだ……,
d0e81a4acd55cfac60c2aa1bec155c08.bundle,打贏雙子以後,Say,チシュン･ソウ,1,あの二人は頭こそ空っぽだけど、喧嘩は弱くなかったはずだよ。,
d0e81a4acd55cfac60c2aa1bec155c08.bundle,打贏雙子以後,Say,チシュン･ソウ,2,君はかなりのやり手みたいだね。,
d0e81a4acd55cfac60c2aa1bec155c08.bundle,打贏雙子以後,Branch,#Simple,0,また電気ショックか？,
d0e81a4acd55cfac60c2aa1bec155c08.bundle,打贏雙子以後,Say,チシュン･ソウ,3,ハハハ、まさかまだ怒ってるの？,
d0e81a4acd55cfac60c2aa1bec155c08.bundle,打贏雙子以後,Say,チシュン･ソウ,4,大丈夫、今回はそんなことはしないさ。,
d0e81a4acd55cfac60c2aa1bec155c08.bundle,打贏雙子以後,Branch,#Simple,1,次はお前の番だ。,
d0e81a4acd55cfac60c2aa1bec155c08.bundle,打贏雙子以後,Say,チシュン･ソウ,5,大丈夫、僕は君の相手をする気はないよ。,
d0e81a4acd55cfac60c2aa1bec155c08.bundle,打贏雙子以後,Branch,#Simple,2,あんたはどうしたいんだ？,
d0e81a4acd55cfac60c2aa1bec155c08.bundle,打贏雙子以後,Say,チシュン･ソウ,6,どうもしないよ。,
d0e81a4acd55cfac60c2aa1bec155c08.bundle,打贏雙子以後,Say,チシュン･ソウ,7,僕は君をどうこうしたいわけじゃない。,
d0e81a4acd55cfac60c2aa1bec155c08.bundle,打贏雙子以後,Say,チシュン･ソウ,8,むしろ僕の雇い主が君に興味を持っているくらいだ。,
d0e81a4acd55cfac60c2aa1bec155c08.bundle,打贏雙子以後,Say,チシュン･ソウ,9,彼らは僕たちみたいなチンピラとはレベルが違うからね……,
d0e81a4acd55cfac60c2aa1bec155c08.bundle,打贏雙子以後,Say,チシュン･ソウ,10,プロってやつさ。,
d0e81a4acd55cfac60c2aa1bec155c08.bundle,打贏雙子以後,Branch,#Simple,3,誰だって構わない。受けて立つ。,
d0e81a4acd55cfac60c2aa1bec155c08.bundle,打贏雙子以後,Say,チシュン･ソウ,11,おお、大した自信だね！,
d0e81a4acd55cfac60c2aa1bec155c08.bundle,打贏雙子以後,Say,チシュン･ソウ,12,ちょうどいい。,
d0e81a4acd55cfac60c2aa1bec155c08.bundle,打贏雙子以後,Branch,#Simple,4,彼らが来る前に逃げればいいだけの話だ。,
d0e81a4acd55cfac60c2aa1bec155c08.bundle,打贏雙子以後,Say,チシュン･ソウ,13,そうだね。,
d0e81a4acd55cfac60c2aa1bec155c08.bundle,打贏雙子以後,Say,チシュン･ソウ,14,でも……,
d0e81a4acd55cfac60c2aa1bec155c08.bundle,打贏雙子以後,Branch,#Simple,5,……,
d0e81a4acd55cfac60c2aa1bec155c08.bundle,打贏雙子以後,Say,チシュン･ソウ,15,ああ……,
d0e81a4acd55cfac60c2aa1bec155c08.bundle,打贏雙子以後,Say,チシュン･ソウ,16,もう着いたみたいだ。,
d0e81a4acd55cfac60c2aa1bec155c08.bundle,被踢驚醒,Say,心の声,0,うっ……,
d0e81a4acd55cfac60c2aa1bec155c08.bundle,被踢驚醒,Say,心の声,1,……,
d0e81a4acd55cfac60c2aa1bec155c08.bundle,被踢驚醒,Say,心の声,2,気絶してからどれくらい経ったんだ……？,
d0e81a4acd55cfac60c2aa1bec155c08.bundle,被踢驚醒,Say,心の声,3,何でこんなところに……？,
d0e81a4acd55cfac60c2aa1bec155c08.bundle,被踢驚醒,Say,心の声,4,さっきと同じ場所に見えるが……,
d0e81a4acd55cfac60c2aa1bec155c08.bundle,被踢驚醒,Say,心の声,5,とにかく現状の把握からだ……,
d0e81a4acd55cfac60c2aa1bec155c08.bundle,被踢驚醒,Say,心の声,6,とにかく、ここから出よう。,
d0e81a4acd55cfac60c2aa1bec155c08.bundle,互動:工地最左側門,Say,心の声,0,開かない……,
d0e81a4acd55cfac60c2aa1bec155c08.bundle,互動:工地最左側門,Say,心の声,1,重りかなにかで塞がれているようだ……,
d0e81a4acd55cfac60c2aa1bec155c08.bundle,互動:工地最左側門,Say,心の声,2,ここから出るのは不可能だな。,
d0e81a4acd55cfac60c2aa1bec155c08.bundle,跟隆生離開工地,Say,リュウセイ･チョウ,0,ジェイの兄貴！？,
d0e81a4acd55cfac60c2aa1bec155c08.bundle,跟隆生離開工地,Say,リュウセイ･チョウ,1,大丈夫っすか？,
d0e81a4acd55cfac60c2aa1bec155c08.bundle,跟隆生離開工地,Say,リュウセイ･チョウ,2,今めっちゃ大きな爆発音が聞こえたっすよ！？,
d0e81a4acd55cfac60c2aa1bec155c08.bundle,跟隆生離開工地,Branch,#Simple,0,ああ、大丈夫だ。,
d0e81a4acd55cfac60c2aa1bec155c08.bundle,跟隆生離開工地,Say,リュウセイ･チョウ,3,ならいいっすけど……,
d0e81a4acd55cfac60c2aa1bec155c08.bundle,跟隆生離開工地,Branch,#Simple,1,何が起きたんだ？,
d0e81a4acd55cfac60c2aa1bec155c08.bundle,跟隆生離開工地,Say,リュウセイ･チョウ,4,こっちが聞きたいくらいっすよ！,
d0e81a4acd55cfac60c2aa1bec155c08.bundle,跟隆生離開工地,Say,リュウセイ･チョウ,5,スイ姉はどうしたっすか？,
d0e81a4acd55cfac60c2aa1bec155c08.bundle,跟隆生離開工地,Branch,#Simple,2,ホワイトリザードの後を追っていった。,
d0e81a4acd55cfac60c2aa1bec155c08.bundle,跟隆生離開工地,Say,リュウセイ･チョウ,6,あいつ、逃げたんすね……！,
d0e81a4acd55cfac60c2aa1bec155c08.bundle,跟隆生離開工地,Branch,#Simple,3,彼女を見てないのか？,
d0e81a4acd55cfac60c2aa1bec155c08.bundle,跟隆生離開工地,Say,リュウセイ･チョウ,7,出て来るところは見たっすけど、すぐ見失ったっす！,
d0e81a4acd55cfac60c2aa1bec155c08.bundle,跟隆生離開工地,Say,リュウセイ･チョウ,8,と、とにかく、ここから出ないと！,
d0e81a4acd55cfac60c2aa1bec155c08.bundle,跟隆生離開工地,Say,リュウセイ･チョウ,9,あのデカい音を嗅ぎつけて、すぐ人が来るはずっす！,
d0e81a4acd55cfac60c2aa1bec155c08.bundle,跟隆生離開工地,Branch,#Simple,4,来るって、誰がだ？,
d0e81a4acd55cfac60c2aa1bec155c08.bundle,跟隆生離開工地,Say,リュウセイ･チョウ,10,わからないけど、とにかく危険っすよ！,
d0e81a4acd55cfac60c2aa1bec155c08.bundle,跟隆生離開工地,Branch,#Simple,5,わかった。,
d0e81a4acd55cfac60c2aa1bec155c08.bundle,跟隆生離開工地,Branch,#Simple,6,……,
d0e81a4acd55cfac60c2aa1bec155c08.bundle,跟隆生離開工地,Say,リュウセイ･チョウ,11,急いで、こっちっす。,
d0e81a4acd55cfac60c2aa1bec155c08.bundle,莊詩妍請主角進去,Say,シェーン･ソウ,0,隊長は中にいます。,
d0e81a4acd55cfac60c2aa1bec155c08.bundle,莊詩妍請主角進去,Branch,#Simple,0,あなたは入らないのか？,
d0e81a4acd55cfac60c2aa1bec155c08.bundle,莊詩妍請主角進去,Say,シェーン･ソウ,1,隊長は二人きりで話したいそうです。,
d0e81a4acd55cfac60c2aa1bec155c08.bundle,莊詩妍請主角進去,Branch,#Simple,1,何でこんな場所なんだ？,
d0e81a4acd55cfac60c2aa1bec155c08.bundle,莊詩妍請主角進去,Say,シェーン･ソウ,2,隊長のお考えです。,
d0e81a4acd55cfac60c2aa1bec155c08.bundle,莊詩妍請主角進去,Branch,#Simple,2,……,
d0e81a4acd55cfac60c2aa1bec155c08.bundle,莊詩妍請主角進去,Say,シェーン･ソウ,3,……,
d0e81a4acd55cfac60c2aa1bec155c08.bundle,莊詩妍請主角進去,Say,シェーン･ソウ,4,そうだ……,
d0e81a4acd55cfac60c2aa1bec155c08.bundle,莊詩妍請主角進去,Say,シェーン･ソウ,5,昨日、私のことを隊長に言ってくれたそうですね……,
d0e81a4acd55cfac60c2aa1bec155c08.bundle,莊詩妍請主角進去,Say,シェーン･ソウ,6,あ、ありがとうございます……,
d0e81a4acd55cfac60c2aa1bec155c08.bundle,莊詩妍請主角進去,Branch,#Simple,3,大したことはしていないさ。,
d0e81a4acd55cfac60c2aa1bec155c08.bundle,莊詩妍請主角進去,Say,シェーン･ソウ,7,はい！,
d0e81a4acd55cfac60c2aa1bec155c08.bundle,莊詩妍請主角進去,Branch,#Simple,4,そんなこと言ったかな？,
d0e81a4acd55cfac60c2aa1bec155c08.bundle,莊詩妍請主角進去,Say,シェーン･ソウ,8,え？でも隊長からは、そう聞きましたが……,
d0e81a4acd55cfac60c2aa1bec155c08.bundle,莊詩妍請主角進去,Branch,#Simple,5,……,
d0e81a4acd55cfac60c2aa1bec155c08.bundle,莊詩妍請主角進去,Say,シェーン･ソウ,9,とにかく、中にお入りください。,
d0e81a4acd55cfac60c2aa1bec155c08.bundle,徐媛搭話,Say,メイ･ジョ,0,来てくれたのね。,
d0e81a4acd55cfac60c2aa1bec155c08.bundle,徐媛搭話,Say,メイ･ジョ,1,……,
d0e81a4acd55cfac60c2aa1bec155c08.bundle,徐媛搭話,Say,メイ･ジョ,2,……,
d0e81a4acd55cfac60c2aa1bec155c08.bundle,徐媛搭話,Say,メイ･ジョ,3,もう少ししたら、ここはセラーに入りたい人間で溢れかえるでしょうね。,
d0e81a4acd55cfac60c2aa1bec155c08.bundle,徐媛搭話,Branch,#Simple,0,何でこんな場所を選んだんだ？,
d0e81a4acd55cfac60c2aa1bec155c08.bundle,徐媛搭話,Branch,#Simple,1,俺に何の用だ？,
d0e81a4acd55cfac60c2aa1bec155c08.bundle,徐媛搭話,Branch,#Simple,2,……,
d0e81a4acd55cfac60c2aa1bec155c08.bundle,徐媛搭話,Say,メイ･ジョ,4,私ね。最初にここを見た時のことをまだ覚えているの……,
d0e81a4acd55cfac60c2aa1bec155c08.bundle,徐媛搭話,Say,メイ･ジョ,5,あの人がひしめき合う様子……,
d0e81a4acd55cfac60c2aa1bec155c08.bundle,徐媛搭話,Say,心の声,0,勝手に語り出したな……,
d0e81a4acd55cfac60c2aa1bec155c08.bundle,徐媛搭話,Say,メイ･ジョ,6,世界に見捨てられた人たちが、社会の最下層にまで堕ちる……,
d0e81a4acd55cfac60c2aa1bec155c08.bundle,徐媛搭話,Say,メイ･ジョ,7,その最下層こそが、演算工場よ。,
d0e81a4acd55cfac60c2aa1bec155c08.bundle,徐媛搭話,Branch,#Simple,3,何が言いたい？,
d0e81a4acd55cfac60c2aa1bec155c08.bundle,徐媛搭話,Branch,#Simple,4,彼らにとって、ここは最後の砦だ。,
d0e81a4acd55cfac60c2aa1bec155c08.bundle,徐媛搭話,Say,メイ･ジョ,8,選別組らしい考えね。,
d0e81a4acd55cfac60c2aa1bec155c08.bundle,徐媛搭話,Say,メイ･ジョ,9,操作組らしくない考え方ね。,
d0e81a4acd55cfac60c2aa1bec155c08.bundle,徐媛搭話,Branch,#Simple,5,ここは彼らの墓場だ。,
d0e81a4acd55cfac60c2aa1bec155c08.bundle,徐媛搭話,Say,メイ･ジョ,10,操作組らしい考えね。,
d0e81a4acd55cfac60c2aa1bec155c08.bundle,徐媛搭話,Say,メイ･ジョ,11,選別組らしくない考え方ね。,
d0e81a4acd55cfac60c2aa1bec155c08.bundle,徐媛搭話,Branch,#Simple,6,……,
d0e81a4acd55cfac60c2aa1bec155c08.bundle,徐媛搭話,Say,メイ･ジョ,12,もう少し近くに来なさい。もしかして私が怖いの？,
d0e81a4acd55cfac60c2aa1bec155c08.bundle,球球進茶水間打斷作戰計畫,Say,イエホン･キュウ,0,おいおい！もしかしてサボってるのか！？,
d0e81a4acd55cfac60c2aa1bec155c08.bundle,球球進茶水間打斷作戰計畫,Say,イエホン･キュウ,1,じゃ、僕も一緒に……,
d0e81a4acd55cfac60c2aa1bec155c08.bundle,球球進茶水間打斷作戰計畫,Say,リュウセイ･チョウ,0,もう行くっす。じゃあ。,
d0e81a4acd55cfac60c2aa1bec155c08.bundle,球球進茶水間打斷作戰計畫,Say,イエホン･キュウ,2,え？,
d0e81a4acd55cfac60c2aa1bec155c08.bundle,球球進茶水間打斷作戰計畫,Say,イエホン･キュウ,3,ジェイは？,
d0e81a4acd55cfac60c2aa1bec155c08.bundle,球球進茶水間打斷作戰計畫,Say,リン･テイ,0,ジェイ、残りの二人の居場所を見つけたよ。,
d0e81a4acd55cfac60c2aa1bec155c08.bundle,球球進茶水間打斷作戰計畫,Say,リン･テイ,1,タイミン･ソウは自分の席にいるわ。,
d0e81a4acd55cfac60c2aa1bec155c08.bundle,球球進茶水間打斷作戰計畫,Say,リン･テイ,2,セイ･リンは契約室のホールにいるわ。,
d0e81a4acd55cfac60c2aa1bec155c08.bundle,球球進茶水間打斷作戰計畫,Say,リン･テイ,3,シンホン･ゴウは修築組のエレベーターの隣でタバコを吸ってるみたい。,
d0e81a4acd55cfac60c2aa1bec155c08.bundle,球球進茶水間打斷作戰計畫,Say,イエホン･キュウ,4,ジェイ？,
d0e81a4acd55cfac60c2aa1bec155c08.bundle,球球進茶水間打斷作戰計畫,Say,イエホン･キュウ,5,何をぼーっとしてるんだ？,
d0e81a4acd55cfac60c2aa1bec155c08.bundle,球球進茶水間打斷作戰計畫,Branch,#Simple,0,俺ももう行くよ。,
d0e81a4acd55cfac60c2aa1bec155c08.bundle,球球進茶水間打斷作戰計畫,Branch,#Simple,1,ちょっと考え事をしてたんだ、すまない。,
d0e81a4acd55cfac60c2aa1bec155c08.bundle,球球進茶水間打斷作戰計畫,Say,イエホン･キュウ,6,ええ？酷いな……,
d0e81a4acd55cfac60c2aa1bec155c08.bundle,球球進茶水間打斷作戰計畫,Say,イエホン･キュウ,7,クソ、こうなったらピザを温めてやる！,
d0e81a4acd55cfac60c2aa1bec155c08.bundle,球球進茶水間打斷作戰計畫,Say,イエホン･キュウ,8,元々は一枚だけにしとくつもりだったけど、君らのせいで四枚も食べる羽目になった！,
d0e81a4acd55cfac60c2aa1bec155c08.bundle,球球進茶水間打斷作戰計畫,Branch,#Simple,2,人のせいにするな！,
d0e81a4acd55cfac60c2aa1bec155c08.bundle,球球進茶水間打斷作戰計畫,Say,イエホン･キュウ,9,フンッ！,
d0e81a4acd55cfac60c2aa1bec155c08.bundle,球球進茶水間打斷作戰計畫,Branch,#Simple,3,後でシンカに言うからな。,
d0e81a4acd55cfac60c2aa1bec155c08.bundle,球球進茶水間打斷作戰計畫,Say,イエホン･キュウ,10,そんな～！,
d0e81a4acd55cfac60c2aa1bec155c08.bundle,球球進茶水間打斷作戰計畫,Branch,#Simple,4,……,
d0e81a4acd55cfac60c2aa1bec155c08.bundle,徐媛走後程芳評論,Say,心の声,0,彼女に協力するのも有りな気がする……,
d0e81a4acd55cfac60c2aa1bec155c08.bundle,徐媛走後程芳評論,Say,リン･テイ,0,彼女と協力すべきだと思うよ。,
d0e81a4acd55cfac60c2aa1bec155c08.bundle,徐媛走後程芳評論,Branch,#Simple,0,確かに敵対するよりはいいはずだ。,
d0e81a4acd55cfac60c2aa1bec155c08.bundle,徐媛走後程芳評論,Branch,#Simple,1,それはどうだろうな。,
d0e81a4acd55cfac60c2aa1bec155c08.bundle,徐媛走後程芳評論,Say,リン･テイ,1,ジェイは簡単に人を信用しないもんね。,
d0e81a4acd55cfac60c2aa1bec155c08.bundle,徐媛走後程芳評論,Branch,#Simple,2,人というより、彼女を信用できないだけだ。,
d0e81a4acd55cfac60c2aa1bec155c08.bundle,徐媛走後程芳評論,Say,リン･テイ,2,そうだね。,
d0e81a4acd55cfac60c2aa1bec155c08.bundle,徐媛走後程芳評論,Branch,#Simple,3,頑張ってるつもりなんだがな。,
d0e81a4acd55cfac60c2aa1bec155c08.bundle,徐媛走後程芳評論,Say,リン･テイ,3,フフッ、わかってるよ。協力するって彼女に約束したもんね。,
d0e81a4acd55cfac60c2aa1bec155c08.bundle,徐媛走後程芳評論,Branch,#Simple,4,……,
d0e81a4acd55cfac60c2aa1bec155c08.bundle,徐媛走後程芳評論,Say,心の声,1,セイワ･ゲンの盗聴を断ったのは、正解だったはず……,
d0e81a4acd55cfac60c2aa1bec155c08.bundle,徐媛走後程芳評論,Say,心の声,2,彼女と関わるのは危険だ。,
d0e81a4acd55cfac60c2aa1bec155c08.bundle,徐媛走後程芳評論,Say,リン･テイ,4,私は彼女に協力するべきだと思うけどね。,
d0e81a4acd55cfac60c2aa1bec155c08.bundle,徐媛走後程芳評論,Branch,#Simple,5,何でさっきは言わなかったんだ？,
d0e81a4acd55cfac60c2aa1bec155c08.bundle,徐媛走後程芳評論,Say,リン･テイ,5,それは……,
d0e81a4acd55cfac60c2aa1bec155c08.bundle,徐媛走後程芳評論,Say,リン･テイ,6,ジェイの考えを尊重したいから？,
d0e81a4acd55cfac60c2aa1bec155c08.bundle,徐媛走後程芳評論,Say,リン･テイ,7,……はぁ、私にもわからないよ……,
d0e81a4acd55cfac60c2aa1bec155c08.bundle,徐媛走後程芳評論,Say,リン･テイ,8,あの時は私も迷ってたのよ。,
d0e81a4acd55cfac60c2aa1bec155c08.bundle,徐媛走後程芳評論,Branch,#Simple,6,彼女は危険だ。,
d0e81a4acd55cfac60c2aa1bec155c08.bundle,徐媛走後程芳評論,Say,リン･テイ,9,だからこそ彼女に味方すべきなのよ。,
d0e81a4acd55cfac60c2aa1bec155c08.bundle,徐媛走後程芳評論,Say,リン･テイ,10,少なくとも私はそう思ってる。,
d0e81a4acd55cfac60c2aa1bec155c08.bundle,徐媛走後程芳評論,Branch,#Simple,7,執行官との会話を盗聴なんて危険すぎる。,
d0e81a4acd55cfac60c2aa1bec155c08.bundle,徐媛走後程芳評論,Say,リン･テイ,11,……私たちは、今まで何度も危険をくぐり抜けてきたわ。,
d0e81a4acd55cfac60c2aa1bec155c08.bundle,徐媛走後程芳評論,Branch,#Simple,8,確かにリンの言う通りだ。,
d0e81a4acd55cfac60c2aa1bec155c08.bundle,徐媛走後程芳評論,Say,リン･テイ,12,うん。,
d0e81a4acd55cfac60c2aa1bec155c08.bundle,徐媛走後程芳評論,Branch,#Simple,9,それでもだめだ。いつ彼女が裏切ってもおかしくはない。,
d0e81a4acd55cfac60c2aa1bec155c08.bundle,徐媛走後程芳評論,Branch,#Simple,10,……,
d0e81a4acd55cfac60c2aa1bec155c08.bundle,徐媛走後程芳評論,Say,リン･テイ,13,とにかく、この件はもう終わったことだし、今更考えても仕方ないわね。,
d0e81a4acd55cfac60c2aa1bec155c08.bundle,徐媛走後程芳評論,Branch,#Simple,11,……,
d0e81a4acd55cfac60c2aa1bec155c08.bundle,徐媛走後程芳評論,Say,リン･テイ,14,あくまでも、私がそう思っただけだから気にしないで。,
d0e81a4acd55cfac60c2aa1bec155c08.bundle,徐媛走後程芳評論,Say,リン･テイ,15,でも、彼女に傭兵のことを言っちゃって、本当によかったのかな？,
d0e81a4acd55cfac60c2aa1bec155c08.bundle,徐媛走後程芳評論,Branch,#Simple,12,何か問題でもあるのか？,
d0e81a4acd55cfac60c2aa1bec155c08.bundle,徐媛走後程芳評論,Say,リン･テイ,16,もし彼女がその傭兵と繋がっていたらどうする？,
d0e81a4acd55cfac60c2aa1bec155c08.bundle,徐媛走後程芳評論,Branch,#Simple,13,そうは思えないけどな。,
d0e81a4acd55cfac60c2aa1bec155c08.bundle,徐媛走後程芳評論,Say,リン･テイ,17,それもそうね。,
d0e81a4acd55cfac60c2aa1bec155c08.bundle,徐媛走後程芳評論,Branch,#Simple,14,もしそうなら、俺はすでに捕まってるはずだ。,
d0e81a4acd55cfac60c2aa1bec155c08.bundle,徐媛走後程芳評論,Say,リン･テイ,18,それもそうね……,
d0e81a4acd55cfac60c2aa1bec155c08.bundle,徐媛走後程芳評論,Branch,#Simple,15,もしそうなら、俺をオペレーションコアに入れなかったはずだ。,
d0e81a4acd55cfac60c2aa1bec155c08.bundle,徐媛走後程芳評論,Say,リン･テイ,19,確かに！,
d0e81a4acd55cfac60c2aa1bec155c08.bundle,徐媛走後程芳評論,Branch,#Simple,16,あの場で言わなかったら、俺を解放しなかったはずだ。,
d0e81a4acd55cfac60c2aa1bec155c08.bundle,徐媛走後程芳評論,Say,リン･テイ,20,ハハ……それもそうね。,
d0e81a4acd55cfac60c2aa1bec155c08.bundle,徐媛走後程芳評論,Say,リン･テイ,21,そうだ、ジェイ……,
d0e81a4acd55cfac60c2aa1bec155c08.bundle,徐媛走後程芳評論,Say,リン･テイ,22,この後、メイ･ジョが言った通り、本当に執行官に会うことになっても……,
d0e81a4acd55cfac60c2aa1bec155c08.bundle,徐媛走後程芳評論,Say,リン･テイ,23,馬鹿なことはしないと約束して。,
d0e81a4acd55cfac60c2aa1bec155c08.bundle,徐媛走後程芳評論,Branch,#Simple,17,わかった。,
d0e81a4acd55cfac60c2aa1bec155c08.bundle,徐媛走後程芳評論,Say,リン･テイ,24,……うん。,
d0e81a4acd55cfac60c2aa1bec155c08.bundle,徐媛走後程芳評論,Branch,#Simple,18,急にどうしたんだ？,
d0e81a4acd55cfac60c2aa1bec155c08.bundle,徐媛走後程芳評論,Say,リン･テイ,25,さっきメイ･ジョと執行官について話していた時のあなたは……,
d0e81a4acd55cfac60c2aa1bec155c08.bundle,徐媛走後程芳評論,Say,リン･テイ,26,……,
d0e81a4acd55cfac60c2aa1bec155c08.bundle,徐媛走後程芳評論,Branch,#Simple,19,？,
d0e81a4acd55cfac60c2aa1bec155c08.bundle,徐媛走後程芳評論,Branch,#Simple,20,感情的だった？,
d0e81a4acd55cfac60c2aa1bec155c08.bundle,徐媛走後程芳評論,Branch,#Simple,21,焦っているように感じた？,
d0e81a4acd55cfac60c2aa1bec155c08.bundle,徐媛走後程芳評論,Say,リン･テイ,27,いえ、どちらかというと……,
d0e81a4acd55cfac60c2aa1bec155c08.bundle,徐媛走後程芳評論,Branch,#Simple,22,……,
d0e81a4acd55cfac60c2aa1bec155c08.bundle,徐媛走後程芳評論,Say,リン･テイ,28,憎しみに満ちているように感じた。,
d0e81a4acd55cfac60c2aa1bec155c08.bundle,徐媛走後程芳評論,Say,リン･テイ,29,とにかく、私のために危ないことはしないで。,
d0e81a4acd55cfac60c2aa1bec155c08.bundle,徐媛走後程芳評論,Say,リン･テイ,30,じゃ、そろそろ行こうか。,
d0e81a4acd55cfac60c2aa1bec155c08.bundle,徐媛走後程芳評論,Say,リン･テイ,31,選別組のオフィスでリュウセイと合流しましょう。,
d0e81a4acd55cfac60c2aa1bec155c08.bundle,隆生進辦公室,Say,リュウセイ･チョウ,0,皆、おはようっす。,
d0e81a4acd55cfac60c2aa1bec155c08.bundle,隆生進辦公室,Say,イエホン･キュウ,0,よっ、リュウセイ。,
d0e81a4acd55cfac60c2aa1bec155c08.bundle,隆生進辦公室,Say,シンカ･シェ,0,だから今は夜ですってば！,
d0e81a4acd55cfac60c2aa1bec155c08.bundle,隆生進辦公室,Say,リュウセイ･チョウ,1,ジェイの兄貴、話したいことがあるっす。,
d0e81a4acd55cfac60c2aa1bec155c08.bundle,隆生進辦公室,Say,リュウセイ･チョウ,2,ちょっといいっすか？,
d0e81a4acd55cfac60c2aa1bec155c08.bundle,隆生進辦公室,Branch,#Simple,0,ああ。,
d0e81a4acd55cfac60c2aa1bec155c08.bundle,隆生進辦公室,Say,リュウセイ･チョウ,3,じゃ、行きましょう。,
d0e81a4acd55cfac60c2aa1bec155c08.bundle,隆生進辦公室,Branch,#Simple,1,話ってなんだ？,
d0e81a4acd55cfac60c2aa1bec155c08.bundle,隆生進辦公室,Say,リュウセイ･チョウ,4,あれっすよ。,
d0e81a4acd55cfac60c2aa1bec155c08.bundle,隆生進辦公室,Say,心の声,0,リュウセイが目配せをしている。,
d0e81a4acd55cfac60c2aa1bec155c08.bundle,隆生進辦公室,Say,心の声,1,何が言いたいんだ……？,
d0e81a4acd55cfac60c2aa1bec155c08.bundle,隆生進辦公室,Say,心の声,2,……連れションに誘っているのか？,
d0e81a4acd55cfac60c2aa1bec155c08.bundle,隆生進辦公室,Branch,#Simple,2,何でそんなにウィンクをしてるんだ？,
d0e81a4acd55cfac60c2aa1bec155c08.bundle,隆生進辦公室,Say,リュウセイ･チョウ,5,と、とりあえず行きましょうっす！,
d0e81a4acd55cfac60c2aa1bec155c08.bundle,隆生進辦公室,Branch,#Simple,3,わかった。トイレに付き合ってほしいんだな？,
d0e81a4acd55cfac60c2aa1bec155c08.bundle,隆生進辦公室,Say,イエホン･キュウ,1,はぁ？リュウセイ、一人でトレイにも行けないのか？,
d0e81a4acd55cfac60c2aa1bec155c08.bundle,隆生進辦公室,Say,リュウセイ･チョウ,6,ち、違うっすよ！,
d0e81a4acd55cfac60c2aa1bec155c08.bundle,隆生進辦公室,Say,リュウセイ･チョウ,7,と、とりあえず行きましょうっす！,
d0e81a4acd55cfac60c2aa1bec155c08.bundle,隆生進辦公室,Branch,#Simple,4,わかった行こう。,
d0e81a4acd55cfac60c2aa1bec155c08.bundle,隆生進辦公室,Branch,#Simple,5,……,
d0e81a4acd55cfac60c2aa1bec155c08.bundle,隆生進辦公室,Say,イエホン･キュウ,2,何だよ。もしかして秘密の話？,
d0e81a4acd55cfac60c2aa1bec155c08.bundle,隆生進辦公室,Say,リュウセイ･チョウ,8,男の秘密ってやつっすよ。,
d0e81a4acd55cfac60c2aa1bec155c08.bundle,隆生進辦公室,Say,イエホン･キュウ,3,僕も男なんだけど？,
d0e81a4acd55cfac60c2aa1bec155c08.bundle,隆生進辦公室,Say,リュウセイ･チョウ,9,と、とりあえず行きましょうっす！,
d0e81a4acd55cfac60c2aa1bec155c08.bundle,篩選路線_執行長坐下前,Say,心の声,0,セイワ･ゲン……,
d0e81a4acd55cfac60c2aa1bec155c08.bundle,篩選路線_執行長坐下前,Say,セイワ･ゲン,0,イー･テイ！,
d0e81a4acd55cfac60c2aa1bec155c08.bundle,篩選路線_執行長坐下前,Say,イー･テイ,0,執行官、お疲れ様です！,
d0e81a4acd55cfac60c2aa1bec155c08.bundle,篩選路線_執行長坐下前,Say,セイワ･ゲン,1,久しぶりだな。まあ、座りなさい。,
d0e81a4acd55cfac60c2aa1bec155c08.bundle,篩選路線_執行長坐下前,Say,心の声,1,盗聴器をつけないとな……,
d0e81a4acd55cfac60c2aa1bec155c08.bundle,篩選路線_執行長坐下前,Branch,#Simple,0,「盗聴器をつける」,
d0e81a4acd55cfac60c2aa1bec155c08.bundle,篩選路線_執行長坐下前,Say,セイワ･ゲン,2,ん？何をそこで立ってるんだ？,
d0e81a4acd55cfac60c2aa1bec155c08.bundle,篩選路線_執行長坐下前,Branch,#Simple,1,……,
d0e81a4acd55cfac60c2aa1bec155c08.bundle,篩選路線_執行長坐下前,Say,セイワ･ゲン,3,ジェイ･ダイ、君もも座りたまえ。,
d0e81a4acd55cfac60c2aa1bec155c08.bundle,篩選路線_執行長坐下前,Say,心の声,2,俺の名前を知ってるのか？,
d0e81a4acd55cfac60c2aa1bec155c08.bundle,篩選路線_執行長坐下前,Branch,#Simple,2,私の名前をご存じなんですね。,
d0e81a4acd55cfac60c2aa1bec155c08.bundle,篩選路線_執行長坐下前,Say,セイワ･ゲン,4,先日会った際に、君のことを少し調べたんだ。,
d0e81a4acd55cfac60c2aa1bec155c08.bundle,篩選路線_執行長坐下前,Say,心の声,3,一言も話してないのにか……？,
d0e81a4acd55cfac60c2aa1bec155c08.bundle,篩選路線_執行長坐下前,Say,リン･テイ,0,セイワ･ゲンは支配欲が強い。だから、できるだけすべての情報を集めたがる。,
d0e81a4acd55cfac60c2aa1bec155c08.bundle,篩選路線_執行長坐下前,Say,リン･テイ,1,気をつけて。,
d0e81a4acd55cfac60c2aa1bec155c08.bundle,篩選路線_執行長坐下前,Say,セイワ･ゲン,5,そうだ。あの時もここで、リン･テイ監督官が……,
d0e81a4acd55cfac60c2aa1bec155c08.bundle,篩選路線_執行長坐下前,Say,セイワ･ゲン,6,彼女の身に起きたことは、とても残念に思うよ。,
d0e81a4acd55cfac60c2aa1bec155c08.bundle,篩選路線_執行長坐下前,Say,心の声,4,このクズが……,
d0e81a4acd55cfac60c2aa1bec155c08.bundle,篩選路線_執行長坐下前,Branch,#Simple,3,そうですね。,
d0e81a4acd55cfac60c2aa1bec155c08.bundle,篩選路線_執行長坐下前,Branch,#Simple,4,……,
d0e81a4acd55cfac60c2aa1bec155c08.bundle,篩選路線_執行長獨自說話,Say,セイワ･ゲン,0,……,
d0e81a4acd55cfac60c2aa1bec155c08.bundle,篩選路線_執行長獨自說話,Say,セイワ･ゲン,1,……,
d0e81a4acd55cfac60c2aa1bec155c08.bundle,篩選路線_執行長獨自說話,Say,セイワ･ゲン,2,イー･テイ。この際だから、はっきり言っておく。,
d0e81a4acd55cfac60c2aa1bec155c08.bundle,篩選路線_執行長獨自說話,Say,セイワ･ゲン,3,私としては、工場が閉鎖しようと、存続しようとどうでもいい。,
d0e81a4acd55cfac60c2aa1bec155c08.bundle,篩選路線_執行長獨自說話,Say,セイワ･ゲン,4,だが、ダラダラと時間を無駄にするのは一番嫌いだ。,
d0e81a4acd55cfac60c2aa1bec155c08.bundle,篩選路線_執行長獨自說話,Say,セイワ･ゲン,5,サイレントは私にとって最も価値のない資産だ。,
d0e81a4acd55cfac60c2aa1bec155c08.bundle,篩選路線_執行長獨自說話,Say,セイワ･ゲン,6,だが、その全てを終わらせるチャンスは君の目の前にある。しっかり掴み取れよ。,
d0e81a4acd55cfac60c2aa1bec155c08.bundle,篩選路線_執行長獨自說話,Say,セイワ･ゲン,7,それにこの選択によって救われるものは多い。我々にとっても、演算力供給を望む者たちにとっても。,
d0e81a4acd55cfac60c2aa1bec155c08.bundle,篩選路線_執行長獨自說話,Say,イー･テイ,0,わかっています。,
d0e81a4acd55cfac60c2aa1bec155c08.bundle,篩選路線_執行長獨自說話,Say,セイワ･ゲン,8,ならいいが。,
d0e81a4acd55cfac60c2aa1bec155c08.bundle,篩選路線_執行長獨自說話,Say,セイワ･ゲン,9,そして、ジェイ……,
d0e81a4acd55cfac60c2aa1bec155c08.bundle,篩選路線_執行長獨自說話,Say,心の声,0,またその意味深な笑い方だ。,
d0e81a4acd55cfac60c2aa1bec155c08.bundle,篩選路線_執行長獨自說話,Say,セイワ･ゲン,10,急な話ですまないが……,
d0e81a4acd55cfac60c2aa1bec155c08.bundle,篩選路線_執行長獨自說話,Say,セイワ･ゲン,11,一つ聞きたいことがあるんだ。,
d0e81a4acd55cfac60c2aa1bec155c08.bundle,篩選路線_執行長獨自說話,Say,セイワ･ゲン,12,君はリン･テイ監督官とどんな関係だ？,
d0e81a4acd55cfac60c2aa1bec155c08.bundle,篩選路線_執行長獨自說話,Say,リン･テイ,0,私たちの関係を言っちゃだめよ。,
d0e81a4acd55cfac60c2aa1bec155c08.bundle,篩選路線_執行長獨自說話,Say,リン･テイ,1,私が昔、あなたを通してイファマネージャーの査定を行っていたと言って。,
d0e81a4acd55cfac60c2aa1bec155c08.bundle,篩選路線_執行長獨自說話,Branch,#Simple,0,俺の彼女だ。このクズ野郎が！,
d0e81a4acd55cfac60c2aa1bec155c08.bundle,篩選路線_執行長獨自說話,Say,リン･テイ,2,ジェイ！？,
d0e81a4acd55cfac60c2aa1bec155c08.bundle,篩選路線_執行長獨自說話,Say,イー･テイ,1,ジェイ、何を……！？,
d0e81a4acd55cfac60c2aa1bec155c08.bundle,篩選路線_執行長獨自說話,Say,セイワ･ゲン,13,……驚いた。,
d0e81a4acd55cfac60c2aa1bec155c08.bundle,篩選路線_執行長獨自說話,Say,セイワ･ゲン,14,まさか彼女の恋人だったとはな。,
d0e81a4acd55cfac60c2aa1bec155c08.bundle,篩選路線_執行長獨自說話,Say,セイワ･ゲン,15,だが、なぜ私に敵意を向ける？私は彼女に何もしていないのだが……？,
d0e81a4acd55cfac60c2aa1bec155c08.bundle,篩選路線_執行長獨自說話,Say,セイワ･ゲン,16,そういえば、彼女は事故の後に行方不明になったらしいな……,
d0e81a4acd55cfac60c2aa1bec155c08.bundle,篩選路線_執行長獨自說話,Say,セイワ･ゲン,17,君は彼女のことが心配なのだろう……,
d0e81a4acd55cfac60c2aa1bec155c08.bundle,篩選路線_執行長獨自說話,Say,セイワ･ゲン,18,まさか、その事故が私のせいだと思っているのか？,
d0e81a4acd55cfac60c2aa1bec155c08.bundle,篩選路線_執行長獨自說話,Say,セイワ･ゲン,19,確かに、安全面では至らない点もあっただろうが……,
d0e81a4acd55cfac60c2aa1bec155c08.bundle,篩選路線_執行長獨自說話,Say,セイワ･ゲン,20,私はその後に、会社の安全面を見直したんだ。どうかわかってくれ。,
d0e81a4acd55cfac60c2aa1bec155c08.bundle,篩選路線_執行長獨自說話,Branch,#Simple,1,彼女が事故に遭ったのもお前のせいだ。,
d0e81a4acd55cfac60c2aa1bec155c08.bundle,篩選路線_執行長獨自說話,Say,セイワ･ゲン,21,君の怒りは理解できる。だが、ここで話しても仕方がない。,
d0e81a4acd55cfac60c2aa1bec155c08.bundle,篩選路線_執行長獨自說話,Say,セイワ･ゲン,22,辛い思いをさせてしまいすまなかったな。,
d0e81a4acd55cfac60c2aa1bec155c08.bundle,篩選路線_執行長獨自說話,Say,心の声,1,クズ野郎が。よくもそんなことが言えるな……！,
d0e81a4acd55cfac60c2aa1bec155c08.bundle,篩選路線_執行長獨自說話,Branch,#Simple,2,すみませんでした。あまりの辛さに、自分を抑えられませんでした。,
d0e81a4acd55cfac60c2aa1bec155c08.bundle,篩選路線_執行長獨自說話,Say,セイワ･ゲン,23,ああ、気にしないでくれ。,
d0e81a4acd55cfac60c2aa1bec155c08.bundle,篩選路線_執行長獨自說話,Branch,#Simple,3,……,
d0e81a4acd55cfac60c2aa1bec155c08.bundle,篩選路線_執行長獨自說話,Say,セイワ･ゲン,24,これ以上、辛いことを思い出させないように、他の話でもするとしよう。,
d0e81a4acd55cfac60c2aa1bec155c08.bundle,篩選路線_執行長獨自說話,Branch,#Simple,4,監督官は私を通して、イファマネージャーの査定を行っていました。,
d0e81a4acd55cfac60c2aa1bec155c08.bundle,篩選路線_執行長獨自說話,Say,セイワ･ゲン,25,なるほど、彼女らしいな。,
d0e81a4acd55cfac60c2aa1bec155c08.bundle,篩選路線_執行長獨自說話,Say,セイワ･ゲン,26,観察力に優れており、いつも問題が起きる前に根源を突き止める。,
d0e81a4acd55cfac60c2aa1bec155c08.bundle,篩選路線_執行長獨自說話,Say,セイワ･ゲン,27,おそらく彼女は、イファマネージャーが機密情報を盗んでいたことにも気づいていたのだろう。,
d0e81a4acd55cfac60c2aa1bec155c08.bundle,篩選路線_執行長獨自說話,Say,セイワ･ゲン,28,この件についてはわかった。,
d0e81a4acd55cfac60c2aa1bec155c08.bundle,篩選路線_執行長獨自說話,Say,セイワ･ゲン,29,実はもう一つ、二人に聞きたいことがある。,
d0e81a4acd55cfac60c2aa1bec155c08.bundle,篩選路線_執行長獨自說話,Say,セイワ･ゲン,30,昨日、サイレントのオペレーションコアが何者かに侵入されたことは知ってるかね？,
d0e81a4acd55cfac60c2aa1bec155c08.bundle,篩選路線_執行長獨自說話,Say,イー･テイ,2,……はい、情報セキュリティー部が調べているようですね。,
d0e81a4acd55cfac60c2aa1bec155c08.bundle,篩選路線_執行長獨自說話,Say,セイワ･ゲン,31,ああ、そうだ。その調査が君たちの業務の邪魔になっていないといいのだが。,
d0e81a4acd55cfac60c2aa1bec155c08.bundle,篩選路線_執行長獨自說話,Say,セイワ･ゲン,32,それで君はどうだ？,
d0e81a4acd55cfac60c2aa1bec155c08.bundle,篩選路線_執行長獨自說話,Branch,#Simple,5,初めて聞きました。,
d0e81a4acd55cfac60c2aa1bec155c08.bundle,篩選路線_執行長獨自說話,Say,セイワ･ゲン,33,本当か？,
d0e81a4acd55cfac60c2aa1bec155c08.bundle,篩選路線_執行長獨自說話,Say,セイワ･ゲン,34,さっき情報セキュリティー部のメイ･ジョと会っていただろう？,
d0e81a4acd55cfac60c2aa1bec155c08.bundle,篩選路線_執行長獨自說話,Say,心の声,2,彼女と会っていたことを知っているのか？,
d0e81a4acd55cfac60c2aa1bec155c08.bundle,篩選路線_執行長獨自說話,Say,リン･テイ,3,ジェイ、気をつけて……,
d0e81a4acd55cfac60c2aa1bec155c08.bundle,篩選路線_執行長獨自說話,Say,リン･テイ,4,彼女との協力関係に気づかれちゃだめよ。,
d0e81a4acd55cfac60c2aa1bec155c08.bundle,篩選路線_執行長獨自說話,Say,セイワ･ゲン,35,昨日の件を聞いたのでなければ、何のために彼女と会っていたんだ？,
d0e81a4acd55cfac60c2aa1bec155c08.bundle,篩選路線_執行長獨自說話,Branch,#Simple,6,彼女はイファマネージャーの件で私に聞きたいことがあったようです。,
d0e81a4acd55cfac60c2aa1bec155c08.bundle,篩選路線_執行長獨自說話,Say,セイワ･ゲン,36,それはおかしいな。,
d0e81a4acd55cfac60c2aa1bec155c08.bundle,篩選路線_執行長獨自說話,Say,セイワ･ゲン,37,彼女は昨日、イファの調査報告を上げてくれた。調査はもう終わってるはずだ。,
d0e81a4acd55cfac60c2aa1bec155c08.bundle,篩選路線_執行長獨自說話,Say,心の声,3,確かにメイ･ジョもそう言っていたな……！,
d0e81a4acd55cfac60c2aa1bec155c08.bundle,篩選路線_執行長獨自說話,Branch,#Simple,7,まだ他にも、疑わしいことがあったとかじゃないですか？,
d0e81a4acd55cfac60c2aa1bec155c08.bundle,篩選路線_執行長獨自說話,Say,セイワ･ゲン,38,疑わしいこと？,
d0e81a4acd55cfac60c2aa1bec155c08.bundle,篩選路線_執行長獨自說話,Say,セイワ･ゲン,39,確かにそれもあるかもしれないな。,
d0e81a4acd55cfac60c2aa1bec155c08.bundle,篩選路線_執行長獨自說話,Branch,#Simple,8,それは彼女に聞いていただかないと……,
d0e81a4acd55cfac60c2aa1bec155c08.bundle,篩選路線_執行長獨自說話,Branch,#Simple,9,私にもよくわかりません。,
d0e81a4acd55cfac60c2aa1bec155c08.bundle,篩選路線_執行長獨自說話,Branch,#Simple,10,……,
d0e81a4acd55cfac60c2aa1bec155c08.bundle,篩選路線_執行長獨自說話,Say,セイワ･ゲン,40,もう一度彼女から話を聞くしかないようだな。,
d0e81a4acd55cfac60c2aa1bec155c08.bundle,篩選路線_執行長獨自說話,Say,心の声,4,メイ･ジョ、後は頼んだ。,
d0e81a4acd55cfac60c2aa1bec155c08.bundle,篩選路線_執行長獨自說話,Branch,#Simple,11,彼女からいくつか尋ねられましたが、具体的な理由などは言っていませんでした。,
d0e81a4acd55cfac60c2aa1bec155c08.bundle,篩選路線_執行長獨自說話,Say,セイワ･ゲン,41,うむ、彼女らしい尋問の仕方だ。,
d0e81a4acd55cfac60c2aa1bec155c08.bundle,篩選路線_執行長獨自說話,Say,セイワ･ゲン,42,だが、彼女が直接出向くのはかなり珍しいことだ。,
d0e81a4acd55cfac60c2aa1bec155c08.bundle,篩選路線_執行長獨自說話,Say,心の声,5,彼は一体どこまで知ってるんだ……？,
d0e81a4acd55cfac60c2aa1bec155c08.bundle,篩選路線_執行長獨自說話,Say,セイワ･ゲン,43,彼女は職員と話す時でさえも、脅しを使ったりするらしいが、あまり褒められることではないな。,
d0e81a4acd55cfac60c2aa1bec155c08.bundle,篩選路線_執行長獨自說話,Say,セイワ･ゲン,44,彼女は君を脅したりはしていないか？,
d0e81a4acd55cfac60c2aa1bec155c08.bundle,篩選路線_執行長獨自說話,Branch,#Simple,12,はい。,
d0e81a4acd55cfac60c2aa1bec155c08.bundle,篩選路線_執行長獨自說話,Say,セイワ･ゲン,45,ならいいが。,
d0e81a4acd55cfac60c2aa1bec155c08.bundle,篩選路線_執行長獨自說話,Branch,#Simple,13,もし彼女に脅されたら、助けていただけるんですか？,
d0e81a4acd55cfac60c2aa1bec155c08.bundle,篩選路線_執行長獨自說話,Say,セイワ･ゲン,46,もちろんだ。,
d0e81a4acd55cfac60c2aa1bec155c08.bundle,篩選路線_執行長獨自說話,Say,セイワ･ゲン,47,だが残念ながら、私にできることはあまりないんだ。,
d0e81a4acd55cfac60c2aa1bec155c08.bundle,篩選路線_執行長獨自說話,Say,セイワ･ゲン,48,情報セキュリティー部は本社の直属だ。私からはせいぜいクレームを入れるくらいだ。,
d0e81a4acd55cfac60c2aa1bec155c08.bundle,篩選路線_執行長獨自說話,Say,セイワ･ゲン,49,むしろそれがお望みなら、私に言ってくれ。,
d0e81a4acd55cfac60c2aa1bec155c08.bundle,篩選路線_執行長獨自說話,Branch,#Simple,14,ありがとうございます。,
d0e81a4acd55cfac60c2aa1bec155c08.bundle,篩選路線_執行長獨自說話,Say,セイワ･ゲン,50,礼は不要だ。,
d0e81a4acd55cfac60c2aa1bec155c08.bundle,篩選路線_執行長獨自說話,Branch,#Simple,15,あなたが執行官であってもですか？,
d0e81a4acd55cfac60c2aa1bec155c08.bundle,篩選路線_執行長獨自說話,Say,セイワ･ゲン,51,ハハハ、立場は上かもしれないが、私もあくまで雇われの身だ。,
d0e81a4acd55cfac60c2aa1bec155c08.bundle,篩選路線_執行長獨自說話,Branch,#Simple,16,……,
d0e81a4acd55cfac60c2aa1bec155c08.bundle,篩選路線_執行長獨自說話,Branch,#Simple,17,はい、私も聞きました。,
d0e81a4acd55cfac60c2aa1bec155c08.bundle,篩選路線_執行長獨自說話,Say,セイワ･ゲン,52,そうだろうな。,
d0e81a4acd55cfac60c2aa1bec155c08.bundle,篩選路線_執行長獨自說話,Say,セイワ･ゲン,53,この件の担当であるジョ隊長と先程会っていたようだからな。,
d0e81a4acd55cfac60c2aa1bec155c08.bundle,篩選路線_執行長獨自說話,Say,セイワ･ゲン,54,オペレーションコアの件で君から話を伺ったのだろう？,
d0e81a4acd55cfac60c2aa1bec155c08.bundle,篩選路線_執行長獨自說話,Branch,#Simple,18,違います。,
d0e81a4acd55cfac60c2aa1bec155c08.bundle,篩選路線_執行長獨自說話,Say,セイワ･ゲン,55,ほう？じゃ何のためだ？,
d0e81a4acd55cfac60c2aa1bec155c08.bundle,篩選路線_執行長獨自說話,Branch,#Simple,19,ですよね。,
d0e81a4acd55cfac60c2aa1bec155c08.bundle,篩選路線_執行長獨自說話,Say,セイワ･ゲン,56,そうだろうな。,
d0e81a4acd55cfac60c2aa1bec155c08.bundle,篩選路線_執行長獨自說話,Say,セイワ･ゲン,57,しかし、彼女が直接出向くとは……,
d0e81a4acd55cfac60c2aa1bec155c08.bundle,篩選路線_執行長獨自說話,Say,セイワ･ゲン,58,かなり珍しいことだ。,
d0e81a4acd55cfac60c2aa1bec155c08.bundle,篩選路線_執行長獨自說話,Say,セイワ･ゲン,59,私から聞きたいことは以上だ。,
d0e81a4acd55cfac60c2aa1bec155c08.bundle,篩選路線_執行長獨自說話,Say,セイワ･ゲン,60,頑張りたまえ、マネージャー候補。,
d0e81a4acd55cfac60c2aa1bec155c08.bundle,篩選路線_執行長獨自說話,Say,イー･テイ,3,……はい。,
d0e81a4acd55cfac60c2aa1bec155c08.bundle,篩選路線_鄭緯說話,Say,リン･テイ,0,ふぅ、とりあえずなんとかなったね。,
d0e81a4acd55cfac60c2aa1bec155c08.bundle,篩選路線_鄭緯說話,Say,心の声,0,セイワ･ゲン、彼はどこまで知ってるんだ……？,
d0e81a4acd55cfac60c2aa1bec155c08.bundle,篩選路線_鄭緯說話,Say,心の声,1,もしかして、もう俺を疑っているのか？,
d0e81a4acd55cfac60c2aa1bec155c08.bundle,篩選路線_鄭緯說話,Say,心の声,2,サイレントは刻一刻と危険な場所になりつつある。もうこれ以上はいられないな……,
d0e81a4acd55cfac60c2aa1bec155c08.bundle,篩選路線_鄭緯說話,Say,イー･テイ,0,……,
d0e81a4acd55cfac60c2aa1bec155c08.bundle,篩選路線_鄭緯說話,Say,イー･テイ,1,さっきはどうして執行官にあんなことを言ったの？,
d0e81a4acd55cfac60c2aa1bec155c08.bundle,篩選路線_鄭緯說話,Say,イー･テイ,2,それに、君は執行官にリン･テイ監督官が君の恋人だと言った……,
d0e81a4acd55cfac60c2aa1bec155c08.bundle,篩選路線_鄭緯說話,Say,イー･テイ,3,確かにリン･テイ監督官が君の恋人だとは聞いていたけど、でも……,
d0e81a4acd55cfac60c2aa1bec155c08.bundle,篩選路線_鄭緯說話,Say,イー･テイ,4,……,
d0e81a4acd55cfac60c2aa1bec155c08.bundle,篩選路線_鄭緯說話,Say,イー･テイ,5,執行官が彼女の事故に関わってると本当に思っているの？,
d0e81a4acd55cfac60c2aa1bec155c08.bundle,篩選路線_鄭緯說話,Say,リン･テイ,1,ジェイ、ごまかして。もうこれ以上、他人を巻き込んじゃだめよ……,
d0e81a4acd55cfac60c2aa1bec155c08.bundle,篩選路線_鄭緯說話,Branch,#Simple,0,いろいろあって気が動転してました。すみませんでした。,
d0e81a4acd55cfac60c2aa1bec155c08.bundle,篩選路線_鄭緯說話,Say,イー･テイ,6,つまり君は執行官の言う通り……,
d0e81a4acd55cfac60c2aa1bec155c08.bundle,篩選路線_鄭緯說話,Say,イー･テイ,7,彼が自分の職員を守れなかったことに、怒っているのか……,
d0e81a4acd55cfac60c2aa1bec155c08.bundle,篩選路線_鄭緯說話,Say,イー･テイ,8,……,
d0e81a4acd55cfac60c2aa1bec155c08.bundle,篩選路線_鄭緯說話,Branch,#Simple,1,はい、彼は人殺しです。,
d0e81a4acd55cfac60c2aa1bec155c08.bundle,篩選路線_鄭緯說話,Say,リン･テイ,2,ジェイ……！？,
d0e81a4acd55cfac60c2aa1bec155c08.bundle,篩選路線_鄭緯說話,Say,イー･テイ,9,……,
d0e81a4acd55cfac60c2aa1bec155c08.bundle,篩選路線_鄭緯說話,Say,心の声,3,かなり驚いているようだ……,
d0e81a4acd55cfac60c2aa1bec155c08.bundle,篩選路線_鄭緯說話,Say,心の声,4,こんなに驚いている顔は初めて見た……,
d0e81a4acd55cfac60c2aa1bec155c08.bundle,篩選路線_鄭緯說話,Say,イー･テイ,10,その件について詳しく聞きたいところだけど……,
d0e81a4acd55cfac60c2aa1bec155c08.bundle,篩選路線_鄭緯說話,Say,イー･テイ,11,もし何か証拠があるなら、警察に行くことをお勧めするよ。,
d0e81a4acd55cfac60c2aa1bec155c08.bundle,篩選路線_鄭緯說話,Branch,#Simple,2,信じてくれるんですか？,
d0e81a4acd55cfac60c2aa1bec155c08.bundle,篩選路線_鄭緯說話,Say,イー･テイ,12,……,
d0e81a4acd55cfac60c2aa1bec155c08.bundle,篩選路線_鄭緯說話,Say,イー･テイ,13,わからない。,
d0e81a4acd55cfac60c2aa1bec155c08.bundle,篩選路線_鄭緯說話,Say,イー･テイ,14,でも君の妄想だとも思えない。,
d0e81a4acd55cfac60c2aa1bec155c08.bundle,篩選路線_鄭緯說話,Say,イー･テイ,15,正直に言って、困り果てているくらいだよ……,
d0e81a4acd55cfac60c2aa1bec155c08.bundle,篩選路線_鄭緯說話,Branch,#Simple,3,警察に行っても何の意味もありません。,
d0e81a4acd55cfac60c2aa1bec155c08.bundle,篩選路線_鄭緯說話,Say,イー･テイ,16,……そうか。,
d0e81a4acd55cfac60c2aa1bec155c08.bundle,篩選路線_鄭緯說話,Say,イー･テイ,17,警察さえも、手が出せなかった場合、あなたに何ができると言うのですか？,
d0e81a4acd55cfac60c2aa1bec155c08.bundle,篩選路線_鄭緯說話,Branch,#Simple,4,……,
d0e81a4acd55cfac60c2aa1bec155c08.bundle,篩選路線_鄭緯說話,Say,イー･テイ,18,どうであれ、これ以上、君のプライベートに立ち入る気はないよ。,
d0e81a4acd55cfac60c2aa1bec155c08.bundle,篩選路線_鄭緯說話,Say,イー･テイ,19,でも、もし僕の力が必要であれば、いつでも声をかけてくれ。,
d0e81a4acd55cfac60c2aa1bec155c08.bundle,篩選路線_鄭緯說話,Branch,#Simple,5,ありがとうございます。,
d0e81a4acd55cfac60c2aa1bec155c08.bundle,篩選路線_鄭緯說話,Branch,#Simple,6,わかりました。,
d0e81a4acd55cfac60c2aa1bec155c08.bundle,篩選路線_鄭緯說話,Say,イー･テイ,20,うん。,
d0e81a4acd55cfac60c2aa1bec155c08.bundle,篩選路線_鄭緯說話,Branch,#Simple,7,……,
d0e81a4acd55cfac60c2aa1bec155c08.bundle,篩選路線_鄭緯說話,Say,イー･テイ,21,……,
d0e81a4acd55cfac60c2aa1bec155c08.bundle,篩選路線_鄭緯說話,Say,イー･テイ,22,……,
d0e81a4acd55cfac60c2aa1bec155c08.bundle,篩選路線_鄭緯說話,Say,イー･テイ,23,工場閉鎖の話に戻ろうか。,
d0e81a4acd55cfac60c2aa1bec155c08.bundle,篩選路線_鄭緯說話,Say,イー･テイ,24,彼らの提案についてどう思う？,
d0e81a4acd55cfac60c2aa1bec155c08.bundle,篩選路線_鄭緯說話,Branch,#Simple,8,私はまだ、工場の存続が本当に正しいかどうかわかりません。,
d0e81a4acd55cfac60c2aa1bec155c08.bundle,篩選路線_鄭緯說話,Say,イー･テイ,25,それは絶対に正しいことだよ。,
d0e81a4acd55cfac60c2aa1bec155c08.bundle,篩選路線_鄭緯說話,Say,イー･テイ,26,工場を閉鎖したら、多くの人間が職を失う。,
d0e81a4acd55cfac60c2aa1bec155c08.bundle,篩選路線_鄭緯說話,Say,イー･テイ,27,それに数十万人の供給者が契約を解約され、ここから追い出されてしまう……,
d0e81a4acd55cfac60c2aa1bec155c08.bundle,篩選路線_鄭緯說話,Say,イー･テイ,28,今、セラーは多くの問題を抱えている。だからこそ今回のチャンスをものにしないと。,
d0e81a4acd55cfac60c2aa1bec155c08.bundle,篩選路線_鄭緯說話,Branch,#Simple,9,でも、もし彼らが約束の資金を提供してくれなかったらどうします？,
d0e81a4acd55cfac60c2aa1bec155c08.bundle,篩選路線_鄭緯說話,Say,イー･テイ,29,他の手も考えてある。,
d0e81a4acd55cfac60c2aa1bec155c08.bundle,篩選路線_鄭緯說話,Say,イー･テイ,30,数字を見る限り、予算の配分を変えれば、ある程度セラーの問題を緩和できるはずだ。,
d0e81a4acd55cfac60c2aa1bec155c08.bundle,篩選路線_鄭緯說話,Branch,#Simple,10,そんな簡単なことでしょうか？,
d0e81a4acd55cfac60c2aa1bec155c08.bundle,篩選路線_鄭緯說話,Say,イー･テイ,31,保証はできないが、試す価値はあると思う。,
d0e81a4acd55cfac60c2aa1bec155c08.bundle,篩選路線_鄭緯說話,Say,イー･テイ,32,でも、僕がセラーの状況を甘く見過ぎている可能性もある。,
d0e81a4acd55cfac60c2aa1bec155c08.bundle,篩選路線_鄭緯說話,Say,イー･テイ,33,だから、操作組と協力するのが一番だ。,
d0e81a4acd55cfac60c2aa1bec155c08.bundle,篩選路線_鄭緯說話,Branch,#Simple,11,なぜイファマネージャーはその方法を取らなかったのでしょう？,
d0e81a4acd55cfac60c2aa1bec155c08.bundle,篩選路線_鄭緯說話,Say,イー･テイ,34,彼女には彼女の考えがあったはずだ。,
d0e81a4acd55cfac60c2aa1bec155c08.bundle,篩選路線_鄭緯說話,Say,イー･テイ,35,でも、僕がセラーの状況を甘く見過ぎている可能性もある。,
d0e81a4acd55cfac60c2aa1bec155c08.bundle,篩選路線_鄭緯說話,Say,イー･テイ,36,だから、操作組と協力するのが一番だ。,
d0e81a4acd55cfac60c2aa1bec155c08.bundle,篩選路線_鄭緯說話,Branch,#Simple,12,……,
d0e81a4acd55cfac60c2aa1bec155c08.bundle,篩選路線_鄭緯說話,Branch,#Simple,13,操作組との協力は考えないのですか？,
d0e81a4acd55cfac60c2aa1bec155c08.bundle,篩選路線_鄭緯說話,Say,イー･テイ,37,僕はずっと考えていたよ……,
d0e81a4acd55cfac60c2aa1bec155c08.bundle,篩選路線_鄭緯說話,Say,イー･テイ,38,もちろん操作組と協力できるのが一番だ。,
d0e81a4acd55cfac60c2aa1bec155c08.bundle,篩選路線_鄭緯說話,Branch,#Simple,14,なるほど。,
d0e81a4acd55cfac60c2aa1bec155c08.bundle,篩選路線_鄭緯說話,Branch,#Simple,15,……,
d0e81a4acd55cfac60c2aa1bec155c08.bundle,篩選路線_鄭緯說話,Branch,#Simple,16,あなたはどう思ったんですか？,
d0e81a4acd55cfac60c2aa1bec155c08.bundle,篩選路線_鄭緯說話,Say,イー･テイ,39,僕はやっぱり操作組と協力したい。,
d0e81a4acd55cfac60c2aa1bec155c08.bundle,篩選路線_鄭緯說話,Say,イー･テイ,40,でもそれには時間が足りないんだ。,
d0e81a4acd55cfac60c2aa1bec155c08.bundle,篩選路線_鄭緯說話,Say,イー･テイ,41,操作組……いや、シュン･ゴは目下の問題しか見えていない。,
d0e81a4acd55cfac60c2aa1bec155c08.bundle,篩選路線_鄭緯說話,Say,イー･テイ,42,彼は将来起きる他の問題を考えていないんだ。,
d0e81a4acd55cfac60c2aa1bec155c08.bundle,篩選路線_鄭緯說話,Say,イー･テイ,43,理想と現実は違う……,
d0e81a4acd55cfac60c2aa1bec155c08.bundle,篩選路線_鄭緯說話,Say,イー･テイ,44,僕たちに時間があれば、少しずつ互いを理解し合って、和解できたかもしれないけど……,
d0e81a4acd55cfac60c2aa1bec155c08.bundle,篩選路線_鄭緯說話,Say,イー･テイ,45,今は無理やりにでも主導権を奪って、正しい決断を下すしかない。,
d0e81a4acd55cfac60c2aa1bec155c08.bundle,篩選路線_鄭緯說話,Say,イー･テイ,46,僕はシュン･ゴにこの件を知らせる。彼には何が起きているのかを知る権利があるからね。,
d0e81a4acd55cfac60c2aa1bec155c08.bundle,篩選路線_鄭緯說話,Branch,#Simple,17,彼が邪魔をしてくる可能性は？,
d0e81a4acd55cfac60c2aa1bec155c08.bundle,篩選路線_鄭緯說話,Say,イー･テイ,47,僕が取締役からの支持を得た今、彼は何もできないはずだ。,
d0e81a4acd55cfac60c2aa1bec155c08.bundle,篩選路線_鄭緯說話,Say,イー･テイ,48,彼は現実を受け入れるしかない。,
d0e81a4acd55cfac60c2aa1bec155c08.bundle,篩選路線_鄭緯說話,Branch,#Simple,18,なぜ彼に知らせるんですか？,
d0e81a4acd55cfac60c2aa1bec155c08.bundle,篩選路線_鄭緯說話,Say,イー･テイ,49,立場が違えども、僕たちはそれぞれのやり方でこの問題を解決しようとしてきた。,
d0e81a4acd55cfac60c2aa1bec155c08.bundle,篩選路線_鄭緯說話,Say,イー･テイ,50,彼を騙すような真似はしたくないんだ。,
d0e81a4acd55cfac60c2aa1bec155c08.bundle,篩選路線_鄭緯說話,Branch,#Simple,19,私もそれがいいと思います。,
d0e81a4acd55cfac60c2aa1bec155c08.bundle,篩選路線_鄭緯說話,Say,イー･テイ,51,うん、ありがとう。,
d0e81a4acd55cfac60c2aa1bec155c08.bundle,篩選路線_鄭緯說話,Branch,#Simple,20,……,
d0e81a4acd55cfac60c2aa1bec155c08.bundle,篩選路線_鄭緯說話,Say,イー･テイ,52,僕は別に今回のチャンスを使って、操作組を支配したいわけじゃない。,
d0e81a4acd55cfac60c2aa1bec155c08.bundle,篩選路線_鄭緯說話,Say,イー･テイ,53,セラーの悲惨な状況は僕も理解している。でも修理する資金さえあれば……,
d0e81a4acd55cfac60c2aa1bec155c08.bundle,篩選路線_鄭緯說話,Say,イー･テイ,54,安全圏に留められるはずだ。,
d0e81a4acd55cfac60c2aa1bec155c08.bundle,篩選路線_鄭緯說話,Say,イー･テイ,55,僕は組の敷居を取っ払って、できるだけ交流を促したいと思っている。,
d0e81a4acd55cfac60c2aa1bec155c08.bundle,篩選路線_鄭緯說話,Say,イー･テイ,56,操作組と選別組を和解させ、本当の協力関係を築きたいんだ。,
d0e81a4acd55cfac60c2aa1bec155c08.bundle,篩選路線_鄭緯說話,Say,イー･テイ,57,だからまずは、選別組の皆にこの件を伝えたいと思う。,
d0e81a4acd55cfac60c2aa1bec155c08.bundle,篩選路線_鄭緯說話,Say,イー･テイ,58,僕は電話してから行くから、先にオフィスに戻ってて。,
d0e81a4acd55cfac60c2aa1bec155c08.bundle,篩選路線_鄭緯說話,Say,イー･テイ,59,じゃ、また後で。,
d0e81a4acd55cfac60c2aa1bec155c08.bundle,篩選路線_鄭緯說話,Say,リン･テイ,3,えっとね……,
d0e81a4acd55cfac60c2aa1bec155c08.bundle,篩選路線_鄭緯說話,Say,リン･テイ,4,面談まで、まだ時間があるから問題ないと思うよ。,
d0e81a4acd55cfac60c2aa1bec155c08.bundle,篩選路線_鄭緯說話,Branch,#Simple,21,スイ･ニンたちはまだなのか？,
d0e81a4acd55cfac60c2aa1bec155c08.bundle,篩選路線_鄭緯說話,Say,リン･テイ,5,まだ何の連絡も来てないね。,
d0e81a4acd55cfac60c2aa1bec155c08.bundle,篩選路線_鄭緯說話,Branch,#Simple,22,面談の時間になったら教えてくれ。,
d0e81a4acd55cfac60c2aa1bec155c08.bundle,篩選路線_鄭緯說話,Say,リン･テイ,6,うん。,
d0e81a4acd55cfac60c2aa1bec155c08.bundle,篩選路線_鄭緯說話,Branch,#Simple,23,……,
d0e81a4acd55cfac60c2aa1bec155c08.bundle,篩選路線_鄭緯說話,Say,リン･テイ,7,まず工場の問題に集中しましょう。,
d0e81a4acd55cfac60c2aa1bec155c08.bundle,篩選路線_叫住俊恩,Say,イー･テイ,0,シュン。,
d0e81a4acd55cfac60c2aa1bec155c08.bundle,篩選路線_叫住俊恩,Say,イー･テイ,1,もし僕が本当にマネージャーになれたとしても、セラーの問題を解決するには君の協力が必要だ。,
d0e81a4acd55cfac60c2aa1bec155c08.bundle,篩選路線_叫住俊恩,Say,イー･テイ,2,だから手伝ってほしい。,
d0e81a4acd55cfac60c2aa1bec155c08.bundle,篩選路線_叫住俊恩,Say,イー･テイ,3,君が必要なんだ。,
d0e81a4acd55cfac60c2aa1bec155c08.bundle,篩選路線_叫住俊恩,Say,シュン･ゴ,0,……,
d0e81a4acd55cfac60c2aa1bec155c08.bundle,篩選路線_叫住俊恩,Say,シュン･ゴ,1,手伝う？あなたの人殺しの手助けをしろと言うのですか？,
d0e81a4acd55cfac60c2aa1bec155c08.bundle,篩選路線_叫住俊恩,Say,シュン･ゴ,2,あなたは、私が共犯の道を選ぶと本当に思っているのですか？,
d0e81a4acd55cfac60c2aa1bec155c08.bundle,篩選路線_叫住俊恩,Say,イー･テイ,4,……,
d0e81a4acd55cfac60c2aa1bec155c08.bundle,篩選路線_叫住俊恩,Say,シンカ･シェ,0,……,
d0e81a4acd55cfac60c2aa1bec155c08.bundle,篩選路線_叫住俊恩,Say,イエホン･キュウ,0,あの人、頭がイカれちゃったの？,
d0e81a4acd55cfac60c2aa1bec155c08.bundle,篩選路線_叫住俊恩,Say,イー･テイ,5,僕を止められないとわかって、あんなことを……,
d0e81a4acd55cfac60c2aa1bec155c08.bundle,篩選路線_叫住俊恩,Say,タイミン･ソウ,0,イーちゃん、まだ彼に協力を仰ぐつもりですか？,
d0e81a4acd55cfac60c2aa1bec155c08.bundle,篩選路線_叫住俊恩,Say,イエホン･キュウ,1,何を言ってるんだ。いくら人の良いイーちゃんでも、流石に……,
d0e81a4acd55cfac60c2aa1bec155c08.bundle,篩選路線_叫住俊恩,Say,イエホン･キュウ,2,……,
d0e81a4acd55cfac60c2aa1bec155c08.bundle,篩選路線_叫住俊恩,Say,イエホン･キュウ,3,え？もしかしてまだ彼に協力を仰ぐ気……？,
d0e81a4acd55cfac60c2aa1bec155c08.bundle,篩選路線_叫住俊恩,Say,イー･テイ,6,無理だとはわかっているけど、本心ではそれを望んでいるんだ。,
d0e81a4acd55cfac60c2aa1bec155c08.bundle,篩選路線_叫住俊恩,Say,イー･テイ,7,大丈夫。僕は今、報告の作成のことしか考えていないから。,
d0e81a4acd55cfac60c2aa1bec155c08.bundle,篩選路線_叫住俊恩,Say,イー･テイ,8,他のことは、また後にしよう。,
d0e81a4acd55cfac60c2aa1bec155c08.bundle,篩選路線_叫住俊恩,Say,シンカ･シェ,1,……,
d0e81a4acd55cfac60c2aa1bec155c08.bundle,篩選路線_叫住俊恩,Say,シンカ･シェ,2,チーフ、シュンさんが言ってたことって本当ですか？,
d0e81a4acd55cfac60c2aa1bec155c08.bundle,篩選路線_叫住俊恩,Say,イー･テイ,9,何の話？,
d0e81a4acd55cfac60c2aa1bec155c08.bundle,篩選路線_叫住俊恩,Say,シンカ･シェ,3,私は自分の実力で、操作組の見習いになれたんじゃないのですか？,
d0e81a4acd55cfac60c2aa1bec155c08.bundle,篩選路線_叫住俊恩,Say,イー･テイ,10,もちろんそうだ！シュン･ゴだって、シンカの実力を認めている。,
d0e81a4acd55cfac60c2aa1bec155c08.bundle,篩選路線_叫住俊恩,Say,イー･テイ,11,ただ、教えるのが苦手で受け入れを悩むであろう彼の背中を押しただけだ。,
d0e81a4acd55cfac60c2aa1bec155c08.bundle,篩選路線_叫住俊恩,Say,イー･テイ,12,君の実力とは関係ない。,
d0e81a4acd55cfac60c2aa1bec155c08.bundle,篩選路線_叫住俊恩,Say,シンカ･シェ,4,……,
d0e81a4acd55cfac60c2aa1bec155c08.bundle,篩選路線_叫住俊恩,Say,シンカ･シェ,5,そうですか。,
d0e81a4acd55cfac60c2aa1bec155c08.bundle,篩選路線_叫住俊恩,Say,シンカ･シェ,6,ありがとうございます。,
d0e81a4acd55cfac60c2aa1bec155c08.bundle,篩選路線_叫住俊恩,Say,イー･テイ,13,うん……,
d0e81a4acd55cfac60c2aa1bec155c08.bundle,篩選路線_叫住俊恩,Say,イー･テイ,14,……,
d0e81a4acd55cfac60c2aa1bec155c08.bundle,篩選路線_叫住俊恩,Say,シンホン･ゴ,0,今は、どうすればいいんだ？,
d0e81a4acd55cfac60c2aa1bec155c08.bundle,篩選路線_叫住俊恩,Say,イー･テイ,15,計画は何も変わっていない。さっき言ってた通りに頼む。,
d0e81a4acd55cfac60c2aa1bec155c08.bundle,篩選路線_叫住俊恩,Say,イー･テイ,16,ジェイ、一度僕の席に来てくれるかな。,
d0e81a4acd55cfac60c2aa1bec155c08.bundle,到操作組,Say,心の声,0,セラーは修理中だし、操作組の人はまだ来ていないはずだ……,
d0e81a4acd55cfac60c2aa1bec155c08.bundle,到操作組,Say,心の声,1,でもジュジュはいるはずだ。そうでなければ、イー･テイが俺に、彼女を説得してほしいなんて言わないはずだ。,
d0e81a4acd55cfac60c2aa1bec155c08.bundle,說服賴潔2,Say,ジュジュ･ライ,0,……,
d0e81a4acd55cfac60c2aa1bec155c08.bundle,說服賴潔2,Say,ジュジュ･ライ,1,最悪……,
d0e81a4acd55cfac60c2aa1bec155c08.bundle,說服賴潔2,Say,ジュジュ･ライ,2,本当にあいつは……,
d0e81a4acd55cfac60c2aa1bec155c08.bundle,說服賴潔2,Say,ジュジュ･ライ,3,はぁ……何でこんなことに……,
d0e81a4acd55cfac60c2aa1bec155c08.bundle,說服賴潔2,Say,ジュジュ･ライ,4,……,
d0e81a4acd55cfac60c2aa1bec155c08.bundle,說服賴潔2,Say,ジュジュ･ライ,5,ジェイ、もう帰って。,
d0e81a4acd55cfac60c2aa1bec155c08.bundle,說服賴潔2,Branch,#Simple,0,どうしてですか？,
d0e81a4acd55cfac60c2aa1bec155c08.bundle,說服賴潔2,Say,ジュジュ･ライ,6,……,
d0e81a4acd55cfac60c2aa1bec155c08.bundle,說服賴潔2,Say,ジュジュ･ライ,7,あんたのパンちゃんへの態度を見たから。,
d0e81a4acd55cfac60c2aa1bec155c08.bundle,說服賴潔2,Branch,#Simple,1,イー･テイに協力しないと決めたんですか？,
d0e81a4acd55cfac60c2aa1bec155c08.bundle,說服賴潔2,Say,ジュジュ･ライ,8,違う。,
d0e81a4acd55cfac60c2aa1bec155c08.bundle,說服賴潔2,Say,ジュジュ･ライ,9,イー･テイとの協力はもう少し考えたいと思う。,
d0e81a4acd55cfac60c2aa1bec155c08.bundle,說服賴潔2,Say,ジュジュ･ライ,10,でも今は、あんたから何を聞いても、逆効果にしかならないから。,
d0e81a4acd55cfac60c2aa1bec155c08.bundle,說服賴潔2,Branch,#Simple,2,私がパン･ロウと喧嘩をしたからですか？,
d0e81a4acd55cfac60c2aa1bec155c08.bundle,說服賴潔2,Say,ジュジュ･ライ,11,そう。,
d0e81a4acd55cfac60c2aa1bec155c08.bundle,說服賴潔2,Branch,#Simple,3,わかりました。,
d0e81a4acd55cfac60c2aa1bec155c08.bundle,說服賴潔2,Say,心の声,0,無駄足になってしまった……,
d0e81a4acd55cfac60c2aa1bec155c08.bundle,說服賴潔2,Say,ジュジュ･ライ,12,正直に言うと……,
d0e81a4acd55cfac60c2aa1bec155c08.bundle,說服賴潔2,Say,ジュジュ･ライ,13,あんたは最後の言葉を言うべきではなかったと思う。,
d0e81a4acd55cfac60c2aa1bec155c08.bundle,說服賴潔2,Branch,#Simple,4,何の話ですか？,
d0e81a4acd55cfac60c2aa1bec155c08.bundle,說服賴潔2,Say,ジュジュ･ライ,14,何を言いたいのか、わかってるでしょう。,
d0e81a4acd55cfac60c2aa1bec155c08.bundle,說服賴潔2,Branch,#Simple,5,抑えられませんでした。,
d0e81a4acd55cfac60c2aa1bec155c08.bundle,說服賴潔2,Say,ジュジュ･ライ,15,それは理解できる。,
d0e81a4acd55cfac60c2aa1bec155c08.bundle,說服賴潔2,Branch,#Simple,6,……,
d0e81a4acd55cfac60c2aa1bec155c08.bundle,說服賴潔2,Say,ジュジュ･ライ,16,パンちゃんの言葉で、あんたがどれだけ腹が立ったかはわかる。,
d0e81a4acd55cfac60c2aa1bec155c08.bundle,說服賴潔2,Say,ジュジュ･ライ,17,……,
d0e81a4acd55cfac60c2aa1bec155c08.bundle,說服賴潔2,Say,ジュジュ･ライ,18,でもね、本音を言うと……,
d0e81a4acd55cfac60c2aa1bec155c08.bundle,說服賴潔2,Say,ジュジュ･ライ,19,……さっきのあんたを見て安心したの。,
d0e81a4acd55cfac60c2aa1bec155c08.bundle,說服賴潔2,Branch,#Simple,7,どういうことですか？,
d0e81a4acd55cfac60c2aa1bec155c08.bundle,說服賴潔2,Branch,#Simple,8,ありがとうございます？,
d0e81a4acd55cfac60c2aa1bec155c08.bundle,說服賴潔2,Branch,#Simple,9,……,
d0e81a4acd55cfac60c2aa1bec155c08.bundle,說服賴潔2,Say,ジュジュ･ライ,20,パンちゃんにあんなに挑発されても、あんたは自分を見失うことなく……,
d0e81a4acd55cfac60c2aa1bec155c08.bundle,說服賴潔2,Say,ジュジュ･ライ,21,冷静に反論した。,
d0e81a4acd55cfac60c2aa1bec155c08.bundle,說服賴潔2,Say,ジュジュ･ライ,22,それはとても素晴らしいことだと思う。,
d0e81a4acd55cfac60c2aa1bec155c08.bundle,說服賴潔2,Say,心の声,1,笑っている。これで良かったのか？,
d0e81a4acd55cfac60c2aa1bec155c08.bundle,說服賴潔2,Say,ジュジュ･ライ,23,どうやら私も、あんたを誤解してたみたいね。,
d0e81a4acd55cfac60c2aa1bec155c08.bundle,說服賴潔2,Say,ジュジュ･ライ,24,あんたは主を守るだけの狂犬じゃなかった。,
d0e81a4acd55cfac60c2aa1bec155c08.bundle,說服賴潔2,Branch,#Simple,10,ありがとうございます。,
d0e81a4acd55cfac60c2aa1bec155c08.bundle,說服賴潔2,Branch,#Simple,11,私のことを狂犬だと思っていたんですか……？,
d0e81a4acd55cfac60c2aa1bec155c08.bundle,說服賴潔2,Say,ジュジュ･ライ,25,その話は、また今度でいいじゃん。,
d0e81a4acd55cfac60c2aa1bec155c08.bundle,說服賴潔2,Say,心の声,2,ほくそ笑んでいる……？,
d0e81a4acd55cfac60c2aa1bec155c08.bundle,說服賴潔2,Branch,#Simple,12,……,
d0e81a4acd55cfac60c2aa1bec155c08.bundle,說服賴潔2,Say,ジュジュ･ライ,26,正直に言うとね……,
d0e81a4acd55cfac60c2aa1bec155c08.bundle,說服賴潔2,Say,ジュジュ･ライ,27,あんたは最後の言葉を言うべきではなかったと思う。,
d0e81a4acd55cfac60c2aa1bec155c08.bundle,說服賴潔2,Branch,#Simple,13,何の話ですか？,
d0e81a4acd55cfac60c2aa1bec155c08.bundle,說服賴潔2,Say,ジュジュ･ライ,28,何を言いたいのか、わかってるでしょう。,
d0e81a4acd55cfac60c2aa1bec155c08.bundle,說服賴潔2,Branch,#Simple,14,抑えられませんでした。,
d0e81a4acd55cfac60c2aa1bec155c08.bundle,說服賴潔2,Say,ジュジュ･ライ,29,それは理解できる。,
d0e81a4acd55cfac60c2aa1bec155c08.bundle,說服賴潔2,Branch,#Simple,15,……,
d0e81a4acd55cfac60c2aa1bec155c08.bundle,說服賴潔2,Say,ジュジュ･ライ,30,パンちゃんの言葉で、あんたがどれだけ腹が立ったかはわかる。,
d0e81a4acd55cfac60c2aa1bec155c08.bundle,說服賴潔2,Say,ジュジュ･ライ,31,……,
d0e81a4acd55cfac60c2aa1bec155c08.bundle,說服賴潔2,Say,ジュジュ･ライ,32,でもね、本音を言うと……,
d0e81a4acd55cfac60c2aa1bec155c08.bundle,說服賴潔2,Say,ジュジュ･ライ,33,……さっきのあんたを見て安心したの。,
d0e81a4acd55cfac60c2aa1bec155c08.bundle,說服賴潔2,Say,ジュジュ･ライ,34,あんたは必死に自分を抑えようとしていた。,
d0e81a4acd55cfac60c2aa1bec155c08.bundle,說服賴潔2,Branch,#Simple,16,どういう意味ですか？,
d0e81a4acd55cfac60c2aa1bec155c08.bundle,說服賴潔2,Branch,#Simple,17,かなり頑張ってました。,
d0e81a4acd55cfac60c2aa1bec155c08.bundle,說服賴潔2,Say,ジュジュ･ライ,35,見ればわかるよ。,
d0e81a4acd55cfac60c2aa1bec155c08.bundle,說服賴潔2,Branch,#Simple,18,……,
d0e81a4acd55cfac60c2aa1bec155c08.bundle,說服賴潔2,Say,ジュジュ･ライ,36,パンちゃんにあんなに挑発されても……,
d0e81a4acd55cfac60c2aa1bec155c08.bundle,說服賴潔2,Say,ジュジュ･ライ,37,あんたは理性を持ち続け、彼の怒鳴り合いに乗らなかった。,
d0e81a4acd55cfac60c2aa1bec155c08.bundle,說服賴潔2,Branch,#Simple,19,それはいいことですよね？,
d0e81a4acd55cfac60c2aa1bec155c08.bundle,說服賴潔2,Say,ジュジュ･ライ,38,もちろん。,
d0e81a4acd55cfac60c2aa1bec155c08.bundle,說服賴潔2,Branch,#Simple,20,だから？,
d0e81a4acd55cfac60c2aa1bec155c08.bundle,說服賴潔2,Say,ジュジュ･ライ,39,だから……,
d0e81a4acd55cfac60c2aa1bec155c08.bundle,說服賴潔2,Branch,#Simple,21,……,
d0e81a4acd55cfac60c2aa1bec155c08.bundle,說服賴潔2,Say,ジュジュ･ライ,40,あんたは短気なやつではないってことよ。,
d0e81a4acd55cfac60c2aa1bec155c08.bundle,說服賴潔2,Say,ジュジュ･ライ,41,どうやら私も、あんたを誤解してたみたいね。,
d0e81a4acd55cfac60c2aa1bec155c08.bundle,說服賴潔2,Say,ジュジュ･ライ,42,あんたは主を守るだけの狂犬じゃなかった。,
d0e81a4acd55cfac60c2aa1bec155c08.bundle,說服賴潔2,Branch,#Simple,22,ありがとうございます。,
d0e81a4acd55cfac60c2aa1bec155c08.bundle,說服賴潔2,Branch,#Simple,23,私のことを狂犬だと思っていたんですか……？,
d0e81a4acd55cfac60c2aa1bec155c08.bundle,說服賴潔2,Say,ジュジュ･ライ,43,その話は、また今度でいいじゃん。,
d0e81a4acd55cfac60c2aa1bec155c08.bundle,說服賴潔2,Say,心の声,3,ほくそ笑んでいる……？,
d0e81a4acd55cfac60c2aa1bec155c08.bundle,說服賴潔2,Branch,#Simple,24,……,
d0e81a4acd55cfac60c2aa1bec155c08.bundle,說服賴潔2,Say,ジュジュ･ライ,44,……,
d0e81a4acd55cfac60c2aa1bec155c08.bundle,說服賴潔2,Say,ジュジュ･ライ,45,イー･テイに協力する上で、私が一番心配していることは何だと思う？,
d0e81a4acd55cfac60c2aa1bec155c08.bundle,說服賴潔2,Branch,#Simple,25,待遇のことですか？,
d0e81a4acd55cfac60c2aa1bec155c08.bundle,說服賴潔2,Say,ジュジュ･ライ,46,アハハ、そんなの別に心配してないよ。,
d0e81a4acd55cfac60c2aa1bec155c08.bundle,說服賴潔2,Say,ジュジュ･ライ,47,私の能力なら、待遇がいい仕事なんていくらでも見つけられる。,
d0e81a4acd55cfac60c2aa1bec155c08.bundle,說服賴潔2,Say,ジュジュ･ライ,48,だから心配なんてしてない。,
d0e81a4acd55cfac60c2aa1bec155c08.bundle,說服賴潔2,Say,ジュジュ･ライ,49,どう説明すればいいのかな……,
d0e81a4acd55cfac60c2aa1bec155c08.bundle,說服賴潔2,Branch,#Simple,26,操作組に裏切ったと思われることですか？,
d0e81a4acd55cfac60c2aa1bec155c08.bundle,說服賴潔2,Say,ジュジュ･ライ,50,確かに嫌な気持ちにはなるけど……,
d0e81a4acd55cfac60c2aa1bec155c08.bundle,說服賴潔2,Say,ジュジュ･ライ,51,私はそれを深くは受け止めないかな。,
d0e81a4acd55cfac60c2aa1bec155c08.bundle,說服賴潔2,Say,ジュジュ･ライ,52,だから心配なんてしてない。,
d0e81a4acd55cfac60c2aa1bec155c08.bundle,說服賴潔2,Say,ジュジュ･ライ,53,どう説明すればいいのかな……,
d0e81a4acd55cfac60c2aa1bec155c08.bundle,說服賴潔2,Branch,#Simple,27,イー･テイがあなたの意見に真剣に耳を傾けるかどうかですか？,
d0e81a4acd55cfac60c2aa1bec155c08.bundle,說服賴潔2,Say,ジュジュ･ライ,54,……正解。,
d0e81a4acd55cfac60c2aa1bec155c08.bundle,說服賴潔2,Say,ジュジュ･ライ,55,私が彼との協力を検討しているのは、私なら、彼の誤った決断を止められると思ったからなの。,
d0e81a4acd55cfac60c2aa1bec155c08.bundle,說服賴潔2,Say,ジュジュ･ライ,56,選別組はすでに勝利している。それは事実よ。,
d0e81a4acd55cfac60c2aa1bec155c08.bundle,說服賴潔2,Say,ジュジュ･ライ,57,私に今できることは、彼らが理想主義者にならないように、軌道を修正してあげること。,
d0e81a4acd55cfac60c2aa1bec155c08.bundle,說服賴潔2,Say,ジュジュ･ライ,58,でも選別組のやつらは、イー･テイに媚びを売る甘ちゃん連中でしょう？,
d0e81a4acd55cfac60c2aa1bec155c08.bundle,說服賴潔2,Say,ジュジュ･ライ,59,彼らは自分の信じるものを疑わない。,
d0e81a4acd55cfac60c2aa1bec155c08.bundle,說服賴潔2,Say,ジュジュ･ライ,60,だから彼らは、私やイー･テイにとって、大きな邪魔となる。,
d0e81a4acd55cfac60c2aa1bec155c08.bundle,說服賴潔2,Say,ジュジュ･ライ,61,彼らが周りにいると、イー･テイが正しい情報を得られなくなる。,
d0e81a4acd55cfac60c2aa1bec155c08.bundle,說服賴潔2,Say,ジュジュ･ライ,62,賢いイー･テイは、普通なら私の意見に耳を傾けるはずよ。,
d0e81a4acd55cfac60c2aa1bec155c08.bundle,說服賴潔2,Say,ジュジュ･ライ,63,でも彼が、無条件に自分の考えに賛同する人に囲まれちゃうと……,
d0e81a4acd55cfac60c2aa1bec155c08.bundle,說服賴潔2,Branch,#Simple,28,彼と話す機会がなくなる？,
d0e81a4acd55cfac60c2aa1bec155c08.bundle,說服賴潔2,Say,ジュジュ･ライ,64,まあ、話せはすると思うよ。,
d0e81a4acd55cfac60c2aa1bec155c08.bundle,說服賴潔2,Say,ジュジュ･ライ,65,それよりも……,
d0e81a4acd55cfac60c2aa1bec155c08.bundle,說服賴潔2,Branch,#Simple,29,あなたの話に耳を傾けなくなる。,
d0e81a4acd55cfac60c2aa1bec155c08.bundle,說服賴潔2,Say,ジュジュ･ライ,66,そう。,
d0e81a4acd55cfac60c2aa1bec155c08.bundle,說服賴潔2,Branch,#Simple,30,……,
d0e81a4acd55cfac60c2aa1bec155c08.bundle,說服賴潔2,Say,ジュジュ･ライ,67,私がいくら提案しても、彼が聞く耳を持たくなったら……,
d0e81a4acd55cfac60c2aa1bec155c08.bundle,說服賴潔2,Say,ジュジュ･ライ,68,意味がない。,
d0e81a4acd55cfac60c2aa1bec155c08.bundle,說服賴潔2,Say,ジュジュ･ライ,69,だから私は、選別組の中にも理性的な考えを持ってる人がいるかを確認したかった。,
d0e81a4acd55cfac60c2aa1bec155c08.bundle,說服賴潔2,Say,ジュジュ･ライ,70,だから私は、さっきのあんたを見て安心したの。,
d0e81a4acd55cfac60c2aa1bec155c08.bundle,說服賴潔2,Branch,#Simple,31,つまり、イー･テイに協力してくれるってことですか？,
d0e81a4acd55cfac60c2aa1bec155c08.bundle,說服賴潔2,Say,ジュジュ･ライ,71,うん。,
d0e81a4acd55cfac60c2aa1bec155c08.bundle,說服賴潔2,Branch,#Simple,32,……,
d0e81a4acd55cfac60c2aa1bec155c08.bundle,說服賴潔2,Say,ジュジュ･ライ,72,あんたのさっきの行動は、私の心配の種、そのものだった。,
d0e81a4acd55cfac60c2aa1bec155c08.bundle,說服賴潔2,Branch,#Simple,33,どういうことですか？,
d0e81a4acd55cfac60c2aa1bec155c08.bundle,說服賴潔2,Say,ジュジュ･ライ,73,わからなくてもいいよ。,
d0e81a4acd55cfac60c2aa1bec155c08.bundle,說服賴潔2,Branch,#Simple,34,待ってください。私は無条件にイー･テイを支持しているわけではありません。,
d0e81a4acd55cfac60c2aa1bec155c08.bundle,說服賴潔2,Say,ジュジュ･ライ,74,そうかもね。でもさっきのあんたは、完全に理性を失ってた。,
d0e81a4acd55cfac60c2aa1bec155c08.bundle,說服賴潔2,Branch,#Simple,35,理性を失う？普通、あの状況なら、誰だってそうなるはずです！,
d0e81a4acd55cfac60c2aa1bec155c08.bundle,說服賴潔2,Say,ジュジュ･ライ,75,私は普通を望んでいるわけじゃないから。,
d0e81a4acd55cfac60c2aa1bec155c08.bundle,說服賴潔2,Branch,#Simple,36,普段の私は違います。,
d0e81a4acd55cfac60c2aa1bec155c08.bundle,說服賴潔2,Say,ジュジュ･ライ,76,そうかもしれないけど、それを確かめる証拠がないからさ。,
d0e81a4acd55cfac60c2aa1bec155c08.bundle,說服賴潔2,Branch,#Simple,37,……,
d0e81a4acd55cfac60c2aa1bec155c08.bundle,說服賴潔2,Branch,#Simple,38,……,
d0e81a4acd55cfac60c2aa1bec155c08.bundle,說服賴潔2,Say,ジュジュ･ライ,77,とうにかく、もう帰って。,
d0e81a4acd55cfac60c2aa1bec155c08.bundle,說服賴潔2,Say,心の声,4,クソッ……,
d0e81a4acd55cfac60c2aa1bec155c08.bundle,說服賴潔2,Say,心の声,5,イー･テイに伝えるしかないか……,
d0e81a4acd55cfac60c2aa1bec155c08.bundle,說服賴潔2,Say,ジュジュ･ライ,78,もう帰りな。詳しいことは私からイー･テイに連絡するから。,
d0e81a4acd55cfac60c2aa1bec155c08.bundle,說服賴潔2,Say,ジュジュ･ライ,79,それとも、私に話したいことでもあるの？,
d0e81a4acd55cfac60c2aa1bec155c08.bundle,說服賴潔2,Branch,#Simple,39,シュン･ゴの様子はどうですか？,
d0e81a4acd55cfac60c2aa1bec155c08.bundle,說服賴潔2,Say,ジュジュ･ライ,80,どうって、何が？,
d0e81a4acd55cfac60c2aa1bec155c08.bundle,說服賴潔2,Branch,#Simple,40,彼はさっき、選別組でかなりの醜態を晒していたので。,
d0e81a4acd55cfac60c2aa1bec155c08.bundle,說服賴潔2,Say,ジュジュ･ライ,81,え？マジで？何しちゃったの？,
d0e81a4acd55cfac60c2aa1bec155c08.bundle,說服賴潔2,Branch,#Simple,41,大声を上げて、オフィスで怒鳴っていました。,
d0e81a4acd55cfac60c2aa1bec155c08.bundle,說服賴潔2,Branch,#Simple,42,完全に理性を失っていました。,
d0e81a4acd55cfac60c2aa1bec155c08.bundle,說服賴潔2,Branch,#Simple,43,イー･テイに罵詈雑言を浴びせていました。,
d0e81a4acd55cfac60c2aa1bec155c08.bundle,說服賴潔2,Say,ジュジュ･ライ,82,……,
d0e81a4acd55cfac60c2aa1bec155c08.bundle,說服賴潔2,Say,ジュジュ･ライ,83,彼はずっと事態の悪化を止めようと奔走していた。でも頑張れば頑張るほど……,
d0e81a4acd55cfac60c2aa1bec155c08.bundle,說服賴潔2,Say,ジュジュ･ライ,84,はぁ……ここまでにしよう。,
d0e81a4acd55cfac60c2aa1bec155c08.bundle,說服賴潔2,Say,ジュジュ･ライ,85,彼はさっき、私に仕事を頼んできたけど……,
d0e81a4acd55cfac60c2aa1bec155c08.bundle,說服賴潔2,Say,ジュジュ･ライ,86,あんたが言うような、怒りで我を忘れてる感じはなかったよ。,
d0e81a4acd55cfac60c2aa1bec155c08.bundle,說服賴潔2,Branch,#Simple,44,彼が心配なんです。,
d0e81a4acd55cfac60c2aa1bec155c08.bundle,說服賴潔2,Say,ジュジュ･ライ,87,ふーん。,
d0e81a4acd55cfac60c2aa1bec155c08.bundle,說服賴潔2,Say,ジュジュ･ライ,88,シュンはイー･テイから連絡を受けた後、グループメッセージで状況の説明をしてたよ。,
d0e81a4acd55cfac60c2aa1bec155c08.bundle,說服賴潔2,Branch,#Simple,45,彼は何と言ってましたか？,
d0e81a4acd55cfac60c2aa1bec155c08.bundle,說服賴潔2,Branch,#Simple,46,イー･テイと選別組の悪口を言ってましたか？,
d0e81a4acd55cfac60c2aa1bec155c08.bundle,說服賴潔2,Say,ジュジュ･ライ,89,彼は案外冷静だったよ。,
d0e81a4acd55cfac60c2aa1bec155c08.bundle,說服賴潔2,Branch,#Simple,47,……,
d0e81a4acd55cfac60c2aa1bec155c08.bundle,說服賴潔2,Say,ジュジュ･ライ,90,選別組のチーフは支配権を手に入れ、操作組を支配するつもりかもって、簡単に言われただけ。,
d0e81a4acd55cfac60c2aa1bec155c08.bundle,說服賴潔2,Say,ジュジュ･ライ,91,それで、皆が阿鼻叫喚よ。,
d0e81a4acd55cfac60c2aa1bec155c08.bundle,說服賴潔2,Say,ジュジュ･ライ,92,今のシュンの心境はわからないけど……,
d0e81a4acd55cfac60c2aa1bec155c08.bundle,說服賴潔2,Say,ジュジュ･ライ,93,私が思うに……,
d0e81a4acd55cfac60c2aa1bec155c08.bundle,說服賴潔2,Say,ジュジュ･ライ,94,多分、どっかに隠れて一人で悩んでいるでしょうね。,
d0e81a4acd55cfac60c2aa1bec155c08.bundle,說服賴潔2,Say,ジュジュ･ライ,95,彼、かなりの偏屈だから……,
d0e81a4acd55cfac60c2aa1bec155c08.bundle,說服賴潔2,Branch,#Simple,48,さっきのパン･ロウとの言い合いが、喧嘩に見えたんですか？,
d0e81a4acd55cfac60c2aa1bec155c08.bundle,說服賴潔2,Say,ジュジュ･ライ,96,聞くまでもないでしょう！,
d0e81a4acd55cfac60c2aa1bec155c08.bundle,說服賴潔2,Say,ジュジュ･ライ,97,なに？今更、後悔してるの？,
d0e81a4acd55cfac60c2aa1bec155c08.bundle,說服賴潔2,Branch,#Simple,49,いえ、ただ確認しただけです。,
d0e81a4acd55cfac60c2aa1bec155c08.bundle,說服賴潔2,Branch,#Simple,50,私は事実を言っただけです。,
d0e81a4acd55cfac60c2aa1bec155c08.bundle,說服賴潔2,Say,ジュジュ･ライ,98,はいはい、そうですね。,
d0e81a4acd55cfac60c2aa1bec155c08.bundle,說服賴潔2,Say,ジュジュ･ライ,99,私を巻き込まなければ何でもいいよ。,
d0e81a4acd55cfac60c2aa1bec155c08.bundle,說服賴潔2,Say,ジュジュ･ライ,100,それに、パンちゃんが勝手に怒ってるだけみたいなところはあるしね。,
d0e81a4acd55cfac60c2aa1bec155c08.bundle,說服賴潔2,Say,ジュジュ･ライ,101,大体は彼自身の問題だから。,
d0e81a4acd55cfac60c2aa1bec155c08.bundle,說服賴潔2,Say,ジュジュ･ライ,102,それとも、パンちゃんに嫌われたかも、とか考えてるの？,
d0e81a4acd55cfac60c2aa1bec155c08.bundle,說服賴潔2,Branch,#Simple,51,違います。,
d0e81a4acd55cfac60c2aa1bec155c08.bundle,說服賴潔2,Say,ジュジュ･ライ,103,アハハ。,
d0e81a4acd55cfac60c2aa1bec155c08.bundle,說服賴潔2,Branch,#Simple,52,多少は。,
d0e81a4acd55cfac60c2aa1bec155c08.bundle,說服賴潔2,Say,ジュジュ･ライ,104,あら、意外。,
d0e81a4acd55cfac60c2aa1bec155c08.bundle,說服賴潔2,Branch,#Simple,53,他人と争うのが苦手なんです。,
d0e81a4acd55cfac60c2aa1bec155c08.bundle,說服賴潔2,Say,ジュジュ･ライ,105,私とは真逆だ。,
d0e81a4acd55cfac60c2aa1bec155c08.bundle,說服賴潔2,Say,心の声,6,他人と喧嘩するのが好きなのか……？,
d0e81a4acd55cfac60c2aa1bec155c08.bundle,說服賴潔2,Say,ジュジュ･ライ,106,安心して。,
d0e81a4acd55cfac60c2aa1bec155c08.bundle,說服賴潔2,Say,ジュジュ･ライ,107,パンちゃんはね、明日になれば嫌なこと全部を忘れる人だから。,
d0e81a4acd55cfac60c2aa1bec155c08.bundle,說服賴潔2,Say,ジュジュ･ライ,108,さっきは酷いことを言ったかもしれないけど、本心じゃないと思う。,
d0e81a4acd55cfac60c2aa1bec155c08.bundle,說服賴潔2,Say,ジュジュ･ライ,109,彼に会ったら、もう一回話してみればいいよ。,
d0e81a4acd55cfac60c2aa1bec155c08.bundle,說服賴潔2,Branch,#Simple,54,いえ、ないです。,
d0e81a4acd55cfac60c2aa1bec155c08.bundle,說服賴潔2,Say,ジュジュ･ライ,110,はーい。,
d0e81a4acd55cfac60c2aa1bec155c08.bundle,說服賴潔2,Say,ジュジュ･ライ,111,……,
d0e81a4acd55cfac60c2aa1bec155c08.bundle,說服賴潔2,Say,ジュジュ･ライ,112,ジェイ。,
d0e81a4acd55cfac60c2aa1bec155c08.bundle,說服賴潔2,Say,ジュジュ･ライ,113,私の専門はソフト、そしてシュンはソフトとハードの両方に精通している。,
d0e81a4acd55cfac60c2aa1bec155c08.bundle,說服賴潔2,Say,ジュジュ･ライ,114,だから私が提供できるのは、自分の専門分野のものだけ。,
d0e81a4acd55cfac60c2aa1bec155c08.bundle,說服賴潔2,Say,ジュジュ･ライ,115,正直に言うと、私よりシュンの判断の方が正しいと思うよ。,
d0e81a4acd55cfac60c2aa1bec155c08.bundle,說服賴潔2,Say,ジュジュ･ライ,116,でも経験上、両方の意見をまとめて出た答えこそ、一番正しい解決法だと思う。,
d0e81a4acd55cfac60c2aa1bec155c08.bundle,說服賴潔2,Say,ジュジュ･ライ,117,結果がどうなるかは誰もにもわからないからこそ、私たちは成功率が最も高い選択肢を取るしかない。,
d0e81a4acd55cfac60c2aa1bec155c08.bundle,說服賴潔2,Say,ジュジュ･ライ,118,イー･テイは操作組から意見を聞くのを諦めていない。でもシュンは諦めた。,
d0e81a4acd55cfac60c2aa1bec155c08.bundle,說服賴潔2,Say,ジュジュ･ライ,119,それが、私が協力する理由よ。,
d0e81a4acd55cfac60c2aa1bec155c08.bundle,說服賴潔2,Branch,#Simple,55,わかりました。,
d0e81a4acd55cfac60c2aa1bec155c08.bundle,說服賴潔2,Say,ジュジュ･ライ,120,うん。,
d0e81a4acd55cfac60c2aa1bec155c08.bundle,說服賴潔2,Branch,#Simple,56,なぜ自分にそんなことを？,
d0e81a4acd55cfac60c2aa1bec155c08.bundle,說服賴潔2,Say,ジュジュ･ライ,121,さあ、急に言いたくなったからとか？,
d0e81a4acd55cfac60c2aa1bec155c08.bundle,說服賴潔2,Say,ジュジュ･ライ,122,嘘よ！,
d0e81a4acd55cfac60c2aa1bec155c08.bundle,說服賴潔2,Say,ジュジュ･ライ,123,「今」のこの状況が最適解ではないことを多くの人に知ってもらいたいからよ！,
d0e81a4acd55cfac60c2aa1bec155c08.bundle,說服賴潔2,Say,ジュジュ･ライ,124,今回起こったすべての出来事……,
d0e81a4acd55cfac60c2aa1bec155c08.bundle,說服賴潔2,Say,ジュジュ･ライ,125,これにはもっと最善の解決策があるはずよ。,
d0e81a4acd55cfac60c2aa1bec155c08.bundle,說服賴潔2,Say,ジュジュ･ライ,126,でも、その解決策は今もまだ見つかっていない。,
d0e81a4acd55cfac60c2aa1bec155c08.bundle,說服賴潔2,Say,ジュジュ･ライ,127,だからこそ、より多くの人に探してもらうしかない。,
d0e81a4acd55cfac60c2aa1bec155c08.bundle,說服賴潔2,Branch,#Simple,57,今更、何かが変わるとは思えません。,
d0e81a4acd55cfac60c2aa1bec155c08.bundle,說服賴潔2,Say,ジュジュ･ライ,128,まあ、それが普通よね。,
d0e81a4acd55cfac60c2aa1bec155c08.bundle,說服賴潔2,Say,心の声,7,苦笑いを浮かべている……,
d0e81a4acd55cfac60c2aa1bec155c08.bundle,說服賴潔2,Branch,#Simple,58,私も探します。,
d0e81a4acd55cfac60c2aa1bec155c08.bundle,說服賴潔2,Say,ジュジュ･ライ,129,うん、諦めたら、そこで試合終了よ。,
d0e81a4acd55cfac60c2aa1bec155c08.bundle,說服賴潔2,Branch,#Simple,59,……,
d0e81a4acd55cfac60c2aa1bec155c08.bundle,說服賴潔2,Branch,#Simple,60,……,
d0e81a4acd55cfac60c2aa1bec155c08.bundle,說服賴潔2,Say,ジュジュ･ライ,130,じゃ、私は仕事に戻る。,
d0e81a4acd55cfac60c2aa1bec155c08.bundle,說服賴潔2,Say,ジュジュ･ライ,131,もう帰りな。,
d0e81a4acd55cfac60c2aa1bec155c08.bundle,說服賴潔2,Branch,#Simple,61,はい。,
d0e81a4acd55cfac60c2aa1bec155c08.bundle,說服賴潔2,Branch,#Simple,62,……,
d0e81a4acd55cfac60c2aa1bec155c08.bundle,通用路線_程芳說要暫離,Say,リン･テイ,0,ジェイ。,
d0e81a4acd55cfac60c2aa1bec155c08.bundle,通用路線_程芳說要暫離,Say,リン･テイ,1,少し席を外すね。,
d0e81a4acd55cfac60c2aa1bec155c08.bundle,通用路線_程芳說要暫離,Branch,#Simple,0,わかった。,
d0e81a4acd55cfac60c2aa1bec155c08.bundle,通用路線_程芳說要暫離,Branch,#Simple,1,トレイか？,
d0e81a4acd55cfac60c2aa1bec155c08.bundle,通用路線_程芳說要暫離,Say,リン･テイ,2,ち、違うよ！,
d0e81a4acd55cfac60c2aa1bec155c08.bundle,通用路線_程芳說要暫離,Branch,#Simple,2,……,
d0e81a4acd55cfac60c2aa1bec155c08.bundle,通用路線_程芳說要暫離,Say,リン･テイ,3,そうだ。万が一に備えて、全階層の権限を渡しとくね。,
d0e81a4acd55cfac60c2aa1bec155c08.bundle,通用路線_程芳說要暫離,Say,リン･テイ,4,詳しい話はまた後でするから！,
d0e81a4acd55cfac60c2aa1bec155c08.bundle,通用路線_程芳說要暫離,Say,リン･テイ,5,じゃ、行ってくる。,
d0e81a4acd55cfac60c2aa1bec155c08.bundle,通用路線_程芳說要暫離,Branch,#Simple,3,ああ。,
d0e81a4acd55cfac60c2aa1bec155c08.bundle,通用路線_程芳說要暫離,Branch,#Simple,4,……,
d0e81a4acd55cfac60c2aa1bec155c08.bundle,面談駱思敏,Say,リン･テイ,0,まだスイさんたちが帰って来てないから、今は私たちで頑張るしかないわね！,
d0e81a4acd55cfac60c2aa1bec155c08.bundle,面談駱思敏,Say,リン･テイ,1,ジェイ、契約に通せる枠は一人だからね。,
d0e81a4acd55cfac60c2aa1bec155c08.bundle,面談駱思敏,Say,リン･テイ,2,子どもの情報を聞き出すのに、どちらが最適か見極めて。,
d0e81a4acd55cfac60c2aa1bec155c08.bundle,面談駱思敏,Branch,#Simple,0,どうやって見極めればいいんだ？,
d0e81a4acd55cfac60c2aa1bec155c08.bundle,面談駱思敏,Branch,#Simple,1,わかった。,
d0e81a4acd55cfac60c2aa1bec155c08.bundle,面談駱思敏,Branch,#Simple,2,……,
d0e81a4acd55cfac60c2aa1bec155c08.bundle,面談駱思敏,Say,リン･テイ,3,23号さんの話だと、面談者に自分の子どもについて、詳しいことまで聞くのがいいかもって言ってた。,
d0e81a4acd55cfac60c2aa1bec155c08.bundle,面談駱思敏,Say,リン･テイ,4,それで、どっちが協力的に答えてくれるかを観察する。,
d0e81a4acd55cfac60c2aa1bec155c08.bundle,面談駱思敏,Branch,#Simple,3,どっちも強力してくれなかったら？,
d0e81a4acd55cfac60c2aa1bec155c08.bundle,面談駱思敏,Say,リン･テイ,5,ハハ……それでも一人を選ぶしかないのよね。,
d0e81a4acd55cfac60c2aa1bec155c08.bundle,面談駱思敏,Branch,#Simple,4,わかった。,
d0e81a4acd55cfac60c2aa1bec155c08.bundle,面談駱思敏,Branch,#Simple,5,協力的の定義はなんだ？,
d0e81a4acd55cfac60c2aa1bec155c08.bundle,面談駱思敏,Say,リン･テイ,6,えっと……,
d0e81a4acd55cfac60c2aa1bec155c08.bundle,面談駱思敏,Say,リン･テイ,7,簡単に答えてくれるかどうか？,
d0e81a4acd55cfac60c2aa1bec155c08.bundle,面談駱思敏,Branch,#Simple,6,……,
d0e81a4acd55cfac60c2aa1bec155c08.bundle,面談駱思敏,Say,リン･テイ,8,私もジェイと一緒に観察するから安心して。,
d0e81a4acd55cfac60c2aa1bec155c08.bundle,面談駱思敏,Say,リン･テイ,9,あっ……,
d0e81a4acd55cfac60c2aa1bec155c08.bundle,面談駱思敏,Say,リン･テイ,10,そろそろ一人目が来るみたいね。,
d0e81a4acd55cfac60c2aa1bec155c08.bundle,面談駱思敏,Say,リン･テイ,11,名前はシミン･ラク、資料はほとんどないみたい。,
d0e81a4acd55cfac60c2aa1bec155c08.bundle,面談駱思敏,Say,リン･テイ,12,普段は薬の売人で、「ゴミ溜め」のヤクザたちとも関係があるみたい。,
d0e81a4acd55cfac60c2aa1bec155c08.bundle,面談駱思敏,Branch,#Simple,7,売人？,
d0e81a4acd55cfac60c2aa1bec155c08.bundle,面談駱思敏,Say,リン･テイ,13,うん、タイゴウ工業エリアではよく見かけるよ。,
d0e81a4acd55cfac60c2aa1bec155c08.bundle,面談駱思敏,Branch,#Simple,8,薬に手を出しているやつは、演算力供給できないはずだ。,
d0e81a4acd55cfac60c2aa1bec155c08.bundle,面談駱思敏,Say,リン･テイ,14,おお、そこまで知ってるとは！,
d0e81a4acd55cfac60c2aa1bec155c08.bundle,面談駱思敏,Say,リン･テイ,15,完全に、この仕事に慣れたみたいね。,
d0e81a4acd55cfac60c2aa1bec155c08.bundle,面談駱思敏,Branch,#Simple,9,……,
d0e81a4acd55cfac60c2aa1bec155c08.bundle,面談駱思敏,Say,リン･テイ,16,大丈夫。助っ人の情報によれば、彼女自身は吸ってないみたいだから。,
d0e81a4acd55cfac60c2aa1bec155c08.bundle,面談駱思敏,Say,リン･テイ,17,あっ、来るみたい……！,
d0e81a4acd55cfac60c2aa1bec155c08.bundle,面談駱思敏,Say,リン･テイ,18,ファ、ファイト！,
d0e81a4acd55cfac60c2aa1bec155c08.bundle,程芳和解前提醒,Say,リン･テイ,0,待って、ジェイ。,
d0e81a4acd55cfac60c2aa1bec155c08.bundle,程芳和解前提醒,Say,リン･テイ,1,中に入る前に、言っておきたいことがあるの。,
d0e81a4acd55cfac60c2aa1bec155c08.bundle,程芳和解前提醒,Say,リン･テイ,2,経験談みたいなものなんだけどね。,
d0e81a4acd55cfac60c2aa1bec155c08.bundle,程芳和解前提醒,Say,リン･テイ,3,……,
d0e81a4acd55cfac60c2aa1bec155c08.bundle,程芳和解前提醒,Say,リン･テイ,4,イー･テイとシュン･ゴは二人とも聡明で、どちらも問題を解決しようとしている……,
d0e81a4acd55cfac60c2aa1bec155c08.bundle,程芳和解前提醒,Say,リン･テイ,5,でも今までの積み重ねが原因で、彼らは互いに多くの偏見を持っている。,
d0e81a4acd55cfac60c2aa1bec155c08.bundle,程芳和解前提醒,Branch,#Simple,0,俺はどうすればいいんだ？,
d0e81a4acd55cfac60c2aa1bec155c08.bundle,程芳和解前提醒,Branch,#Simple,1,その偏見はもう捨てたはずでは？,
d0e81a4acd55cfac60c2aa1bec155c08.bundle,程芳和解前提醒,Say,リン･テイ,6,そんな簡単にはいかないのよ。,
d0e81a4acd55cfac60c2aa1bec155c08.bundle,程芳和解前提醒,Say,リン･テイ,7,他人への印象というものは、中々変わらないものなの。,
d0e81a4acd55cfac60c2aa1bec155c08.bundle,程芳和解前提醒,Say,リン･テイ,8,特に悪い印象はね。,
d0e81a4acd55cfac60c2aa1bec155c08.bundle,程芳和解前提醒,Branch,#Simple,2,……,
d0e81a4acd55cfac60c2aa1bec155c08.bundle,程芳和解前提醒,Say,リン･テイ,9,だから、イー･テイチーフには専門的知識の重要性と冷静に現実を見ることの重要性を強調すべきだと思う。,
d0e81a4acd55cfac60c2aa1bec155c08.bundle,程芳和解前提醒,Say,リン･テイ,10,彼はとても素敵な理想を持っている。,
d0e81a4acd55cfac60c2aa1bec155c08.bundle,程芳和解前提醒,Say,リン･テイ,11,でもその理想のせいで、彼は現実を楽観視しすぎている可能性がある。,
d0e81a4acd55cfac60c2aa1bec155c08.bundle,程芳和解前提醒,Say,リン･テイ,12,彼は自分の理想を裏付けられる情報を集めることで、根拠のない自信を持っている。,
d0e81a4acd55cfac60c2aa1bec155c08.bundle,程芳和解前提醒,Say,リン･テイ,13,時に、その自信は傲慢となり、専門家の意見を一蹴してしまうことになりかねない。,
d0e81a4acd55cfac60c2aa1bec155c08.bundle,程芳和解前提醒,Say,リン･テイ,14,彼は自分こそが、正しいと信じすぎているの。でもその楽観的な考えは、往々にして現実にそぐわない。,
d0e81a4acd55cfac60c2aa1bec155c08.bundle,程芳和解前提醒,Say,リン･テイ,15,こういう問題は、善良な人によく起きる問題よ。,
d0e81a4acd55cfac60c2aa1bec155c08.bundle,程芳和解前提醒,Say,リン･テイ,16,私たちは、大義のために身を粉にして頑張っていると思っているからこそ、自分の失敗が許せないのよ。,
d0e81a4acd55cfac60c2aa1bec155c08.bundle,程芳和解前提醒,Branch,#Simple,3,わからなくもない。,
d0e81a4acd55cfac60c2aa1bec155c08.bundle,程芳和解前提醒,Branch,#Simple,4,変な考えだ。,
d0e81a4acd55cfac60c2aa1bec155c08.bundle,程芳和解前提醒,Say,リン･テイ,17,ハハハ……,
d0e81a4acd55cfac60c2aa1bec155c08.bundle,程芳和解前提醒,Branch,#Simple,5,私たち？,
d0e81a4acd55cfac60c2aa1bec155c08.bundle,程芳和解前提醒,Say,リン･テイ,18,ハハハ……,
d0e81a4acd55cfac60c2aa1bec155c08.bundle,程芳和解前提醒,Say,リン･テイ,19,私、無意識に自分をイー･テイに重ねたのかも。,
d0e81a4acd55cfac60c2aa1bec155c08.bundle,程芳和解前提醒,Branch,#Simple,6,……,
d0e81a4acd55cfac60c2aa1bec155c08.bundle,程芳和解前提醒,Say,リン･テイ,20,とにかく私が言いたいのは……,
d0e81a4acd55cfac60c2aa1bec155c08.bundle,程芳和解前提醒,Say,リン･テイ,21,イー･テイチーフに専門的知識の重要性とリアリズムであることの重要性を伝えた方がいいってこと。,
d0e81a4acd55cfac60c2aa1bec155c08.bundle,程芳和解前提醒,Say,リン･テイ,22,シュン･ゴにイー･テイチーフの目的を理解させることが重要だと思うの。,
d0e81a4acd55cfac60c2aa1bec155c08.bundle,程芳和解前提醒,Say,リン･テイ,23,シュン･ゴはね、すべてのことを解決すべき｢問題｣としか捉えられていないの。,
d0e81a4acd55cfac60c2aa1bec155c08.bundle,程芳和解前提醒,Say,リン･テイ,24,だから彼は他人の考えや立場を理解できない。,
d0e81a4acd55cfac60c2aa1bec155c08.bundle,程芳和解前提醒,Say,リン･テイ,25,セラーが原因で死人が出ている。死人が出るのは、悪いことだから止めなければならない。彼は単純にそう思っているのよ。,
d0e81a4acd55cfac60c2aa1bec155c08.bundle,程芳和解前提醒,Say,リン･テイ,26,彼にとって、工場閉鎖を阻止する行為は、人を殺そうとしているのと同じなのよ。,
d0e81a4acd55cfac60c2aa1bec155c08.bundle,程芳和解前提醒,Say,リン･テイ,27,彼は人間関係や、勢力間の利害関係が苦手なの。,
d0e81a4acd55cfac60c2aa1bec155c08.bundle,程芳和解前提醒,Say,リン･テイ,28,だから、彼には……,
d0e81a4acd55cfac60c2aa1bec155c08.bundle,程芳和解前提醒,Say,リン･テイ,29,他人が考えも、自分の考えと同等に重要であることをわからせるべきよ。,
d0e81a4acd55cfac60c2aa1bec155c08.bundle,程芳和解前提醒,Say,リン･テイ,30,他人の重要なものを一方的に見下し続けていたら、協力関係なんて築けないわ。,
d0e81a4acd55cfac60c2aa1bec155c08.bundle,程芳和解前提醒,Branch,#Simple,7,やってみるよ。,
d0e81a4acd55cfac60c2aa1bec155c08.bundle,程芳和解前提醒,Say,リン･テイ,31,うん。,
d0e81a4acd55cfac60c2aa1bec155c08.bundle,程芳和解前提醒,Branch,#Simple,8,彼は人を見下しているのか？,
d0e81a4acd55cfac60c2aa1bec155c08.bundle,程芳和解前提醒,Say,リン･テイ,32,どうでしょうね。,
d0e81a4acd55cfac60c2aa1bec155c08.bundle,程芳和解前提醒,Say,リン･テイ,33,彼は見下しているつもりはなくても、他人からはそう見えることだってあるのよ。,
d0e81a4acd55cfac60c2aa1bec155c08.bundle,程芳和解前提醒,Branch,#Simple,9,……,
d0e81a4acd55cfac60c2aa1bec155c08.bundle,程芳和解前提醒,Say,リン･テイ,34,個人的にはシュン･ゴのような人は苦手なんだけど……,
d0e81a4acd55cfac60c2aa1bec155c08.bundle,程芳和解前提醒,Say,リン･テイ,35,でも、彼らは自分の仕事の専門知識に長けている。だから信頼できる。,
d0e81a4acd55cfac60c2aa1bec155c08.bundle,程芳和解前提醒,Say,リン･テイ,36,でも重要なのは、一つの解決策しかないわけじゃないってこと。,
d0e81a4acd55cfac60c2aa1bec155c08.bundle,程芳和解前提醒,Say,リン･テイ,37,誰かが彼に、それを気づかせる必要があるのよ。,
d0e81a4acd55cfac60c2aa1bec155c08.bundle,程芳和解前提醒,Say,リン･テイ,38,長々と話したけど、言いたいことはそれだけ！,
d0e81a4acd55cfac60c2aa1bec155c08.bundle,程芳和解前提醒,Say,リン･テイ,39,頑張ってね、ジェイ！,
d0e81a4acd55cfac60c2aa1bec155c08.bundle,程芳和解前提醒,Branch,#Simple,10,ああ。,
d0e81a4acd55cfac60c2aa1bec155c08.bundle,程芳和解前提醒,Branch,#Simple,11,ありがとう、リン。,
d0e81a4acd55cfac60c2aa1bec155c08.bundle,程芳和解前提醒,Say,リン･テイ,40,うん！,
d0e81a4acd55cfac60c2aa1bec155c08.bundle,程芳和解前提醒,Branch,#Simple,12,……,
d0e81a4acd55cfac60c2aa1bec155c08.bundle,阿緯俊恩和解,Say,イー･テイ,0,座って、ジェイ。,
d0e81a4acd55cfac60c2aa1bec155c08.bundle,阿緯俊恩和解,Say,シュン･ゴ,0,……,
d0e81a4acd55cfac60c2aa1bec155c08.bundle,阿緯俊恩和解,Say,心の声,0,思ったより、空気が重い。二人はまだ和解してないのか……？,
d0e81a4acd55cfac60c2aa1bec155c08.bundle,兩人一起抵達2,Say,イー･テイ,0,実は……,
d0e81a4acd55cfac60c2aa1bec155c08.bundle,兩人一起抵達2,Say,シュン･ゴ,0,……,
d0e81a4acd55cfac60c2aa1bec155c08.bundle,兩人一起抵達2,Say,イー･テイ,1,上手くいったよ！！！,
d0e81a4acd55cfac60c2aa1bec155c08.bundle,兩人一起抵達2,Say,シュン･ゴ,1,お手柄ですね。,
d0e81a4acd55cfac60c2aa1bec155c08.bundle,兩人一起抵達2,Say,イー･テイ,2,シュンのおかげだよ！！！,
d0e81a4acd55cfac60c2aa1bec155c08.bundle,兩人一起抵達2,Say,イー･テイ,3,あんな短時間で報告書にあそこまでのデータを盛り込めるなんて流石だよ！君のデータがなければ、この案は通らなかったはずだ！,
d0e81a4acd55cfac60c2aa1bec155c08.bundle,兩人一起抵達2,Say,シュン･ゴ,2,ありがとうございます。,
d0e81a4acd55cfac60c2aa1bec155c08.bundle,兩人一起抵達2,Say,イー･テイ,4,さあ、祝勝会だ！,
d0e81a4acd55cfac60c2aa1bec155c08.bundle,兩人一起抵達2,Say,イー･テイ,5,オフィスに戻って、一緒に祝おう！,
d0e81a4acd55cfac60c2aa1bec155c08.bundle,兩人一起抵達2,Say,シュン･ゴ,3,良い考えですね。,
d0e81a4acd55cfac60c2aa1bec155c08.bundle,兩人一起抵達2,Say,イー･テイ,6,ジェイも一緒に行こう！,
d0e81a4acd55cfac60c2aa1bec155c08.bundle,兩人一起抵達2,Say,シュン･ゴ,4,ちょっと待ってください……,
d0e81a4acd55cfac60c2aa1bec155c08.bundle,兩人一起抵達2,Say,イー･テイ,7,あっ、そうだった！,
d0e81a4acd55cfac60c2aa1bec155c08.bundle,兩人一起抵達2,Say,イー･テイ,8,ジェイは、もう少しここで待ってて。,
d0e81a4acd55cfac60c2aa1bec155c08.bundle,兩人一起抵達2,Branch,#Simple,0,どうしてですか？,
d0e81a4acd55cfac60c2aa1bec155c08.bundle,兩人一起抵達2,Branch,#Simple,1,……,
d0e81a4acd55cfac60c2aa1bec155c08.bundle,兩人一起抵達2,Say,イー･テイ,9,メイ･ジョ隊長が君に会いたいらしいんだ。,
d0e81a4acd55cfac60c2aa1bec155c08.bundle,兩人一起抵達2,Say,イー･テイ,10,彼女からは、事前に君に伝えてあると聞いたよ？,
d0e81a4acd55cfac60c2aa1bec155c08.bundle,兩人一起抵達2,Branch,#Simple,2,そうですか、わかりました。,
d0e81a4acd55cfac60c2aa1bec155c08.bundle,兩人一起抵達2,Say,イー･テイ,11,うん。,
d0e81a4acd55cfac60c2aa1bec155c08.bundle,兩人一起抵達2,Branch,#Simple,3,そんな話は聞いていませんね。,
d0e81a4acd55cfac60c2aa1bec155c08.bundle,兩人一起抵達2,Say,イー･テイ,12,え？行き違いでもあったのかな？,
d0e81a4acd55cfac60c2aa1bec155c08.bundle,兩人一起抵達2,Say,イー･テイ,13,とにかく、ここで待ってて。,
d0e81a4acd55cfac60c2aa1bec155c08.bundle,兩人一起抵達2,Say,イー･テイ,14,彼女とは、僕が執行官のところに行く前に会って、そう言われたんだ。,
d0e81a4acd55cfac60c2aa1bec155c08.bundle,兩人一起抵達2,Say,イー･テイ,15,ジェイ、もし彼女に酷いことをされそうになったら、すぐ離れていいからね。,
d0e81a4acd55cfac60c2aa1bec155c08.bundle,兩人一起抵達2,Say,イー･テイ,16,後は僕がなんとかするから。,
d0e81a4acd55cfac60c2aa1bec155c08.bundle,兩人一起抵達2,Branch,#Simple,4,わかりました。,
d0e81a4acd55cfac60c2aa1bec155c08.bundle,兩人一起抵達2,Branch,#Simple,5,そんなことには、ならないと思います。,
d0e81a4acd55cfac60c2aa1bec155c08.bundle,兩人一起抵達2,Say,イー･テイ,17,ならいいんだけどね。,
d0e81a4acd55cfac60c2aa1bec155c08.bundle,兩人一起抵達2,Say,イー･テイ,18,じゃ、僕たちは先に祝勝会の準備をしてるね！,
d0e81a4acd55cfac60c2aa1bec155c08.bundle,兩人一起抵達2,Say,イー･テイ,19,隊長との話が終わったら、オフィスに戻っておいで！,
d0e81a4acd55cfac60c2aa1bec155c08.bundle,兩人一起抵達2,Say,イー･テイ,20,じゃ、また後でね！,
d0e81a4acd55cfac60c2aa1bec155c08.bundle,程芳評論寂靜結局,Say,リン･テイ,0,成功したみたいね！！！,
d0e81a4acd55cfac60c2aa1bec155c08.bundle,程芳評論寂靜結局,Say,リン･テイ,1,やった！！！,
d0e81a4acd55cfac60c2aa1bec155c08.bundle,程芳評論寂靜結局,Say,心の声,0,耳が……,
d0e81a4acd55cfac60c2aa1bec155c08.bundle,程芳評論寂靜結局,Say,リン･テイ,2,邪魔しちゃ悪いと思って、ずっと我慢してたのよ！,
d0e81a4acd55cfac60c2aa1bec155c08.bundle,程芳評論寂靜結局,Say,リン･テイ,3,嬉しすぎて、心臓がバクバクだったんだから。,
d0e81a4acd55cfac60c2aa1bec155c08.bundle,程芳評論寂靜結局,Say,リン･テイ,4,はぁ……,
d0e81a4acd55cfac60c2aa1bec155c08.bundle,程芳評論寂靜結局,Say,リン･テイ,5,本当によくやったね、ジェイ！,
d0e81a4acd55cfac60c2aa1bec155c08.bundle,程芳評論寂靜結局,Branch,#Simple,0,運良く、上手くいっただけだよ。,
d0e81a4acd55cfac60c2aa1bec155c08.bundle,程芳評論寂靜結局,Say,リン･テイ,6,運はね、努力した者にだけ訪れるものなのよ。,
d0e81a4acd55cfac60c2aa1bec155c08.bundle,程芳評論寂靜結局,Say,リン･テイ,7,あなたが頑張ったからこそ、運が味方したの。,
d0e81a4acd55cfac60c2aa1bec155c08.bundle,程芳評論寂靜結局,Branch,#Simple,1,……,
d0e81a4acd55cfac60c2aa1bec155c08.bundle,程芳評論寂靜結局,Say,リン･テイ,8,あなたが二人を協力させることを諦めなかったから、成功したの。,
d0e81a4acd55cfac60c2aa1bec155c08.bundle,程芳評論寂靜結局,Say,リン･テイ,9,全部ジェイのおかげよ！,
d0e81a4acd55cfac60c2aa1bec155c08.bundle,程芳評論寂靜結局,Branch,#Simple,2,ありがとう。,
d0e81a4acd55cfac60c2aa1bec155c08.bundle,程芳評論寂靜結局,Say,リン･テイ,10,ハハ！私にお礼を言う必要はないわよ。,
d0e81a4acd55cfac60c2aa1bec155c08.bundle,程芳評論寂靜結局,Branch,#Simple,3,リンの手柄でもある。,
d0e81a4acd55cfac60c2aa1bec155c08.bundle,程芳評論寂靜結局,Say,リン･テイ,11,じゃ、私たちのお手柄ね！,
d0e81a4acd55cfac60c2aa1bec155c08.bundle,程芳評論寂靜結局,Branch,#Simple,4,……,
d0e81a4acd55cfac60c2aa1bec155c08.bundle,程芳評論寂靜結局,Say,リン･テイ,12,ジェイ、愛してるよ！,
d0e81a4acd55cfac60c2aa1bec155c08.bundle,程芳評論寂靜結局,Branch,#Simple,5,俺も愛してる。,
d0e81a4acd55cfac60c2aa1bec155c08.bundle,程芳評論寂靜結局,Branch,#Simple,6,……,
d0e81a4acd55cfac60c2aa1bec155c08.bundle,程芳評論寂靜結局,Say,リン･テイ,13,はぁ……,
d0e81a4acd55cfac60c2aa1bec155c08.bundle,程芳評論寂靜結局,Say,リン･テイ,14,とりあえず、上手くいったね。,
d0e81a4acd55cfac60c2aa1bec155c08.bundle,程芳評論寂靜結局,Branch,#Simple,7,ああ。,
d0e81a4acd55cfac60c2aa1bec155c08.bundle,程芳評論寂靜結局,Branch,#Simple,8,最初から、こうなるとは思っていた。,
d0e81a4acd55cfac60c2aa1bec155c08.bundle,程芳評論寂靜結局,Say,リン･テイ,15,え？そうなの？,
d0e81a4acd55cfac60c2aa1bec155c08.bundle,程芳評論寂靜結局,Say,リン･テイ,16,面談ホールで、プレッシャーを感じていたのはどこのどなたかな？,
d0e81a4acd55cfac60c2aa1bec155c08.bundle,程芳評論寂靜結局,Say,リン･テイ,17,フフッ！,
d0e81a4acd55cfac60c2aa1bec155c08.bundle,程芳評論寂靜結局,Branch,#Simple,9,操作組には申し訳ないことをした。,
d0e81a4acd55cfac60c2aa1bec155c08.bundle,程芳評論寂靜結局,Branch,#Simple,10,選別組には申し訳ないことをした。,
d0e81a4acd55cfac60c2aa1bec155c08.bundle,程芳評論寂靜結局,Say,リン･テイ,18,それは、仕方がないことよ……ね？,
d0e81a4acd55cfac60c2aa1bec155c08.bundle,程芳評論寂靜結局,Branch,#Simple,11,もう少し、上手くやれたと思う？,
d0e81a4acd55cfac60c2aa1bec155c08.bundle,程芳評論寂靜結局,Say,リン･テイ,19,うん。,
d0e81a4acd55cfac60c2aa1bec155c08.bundle,程芳評論寂靜結局,Say,リン･テイ,20,でも私は現場にいたわけじゃないし、あなたほど彼らのことを知らない。,
d0e81a4acd55cfac60c2aa1bec155c08.bundle,程芳評論寂靜結局,Say,リン･テイ,21,やっぱり、どうなったかはわからないよ。,
d0e81a4acd55cfac60c2aa1bec155c08.bundle,程芳評論寂靜結局,Say,リン･テイ,22,それに、今もそんなに悪くないと思うよ！,
d0e81a4acd55cfac60c2aa1bec155c08.bundle,程芳評論寂靜結局,Branch,#Simple,12,そうだな。,
d0e81a4acd55cfac60c2aa1bec155c08.bundle,程芳評論寂靜結局,Say,リン･テイ,23,うん！,
d0e81a4acd55cfac60c2aa1bec155c08.bundle,程芳評論寂靜結局,Branch,#Simple,13,俺が上手くやれなかったのは確かだ。,
d0e81a4acd55cfac60c2aa1bec155c08.bundle,程芳評論寂靜結局,Say,リン･テイ,24,待って待って！そういう意味で言ったわけじゃないから！,
d0e81a4acd55cfac60c2aa1bec155c08.bundle,程芳評論寂靜結局,Branch,#Simple,14,……,
d0e81a4acd55cfac60c2aa1bec155c08.bundle,程芳評論寂靜結局,Branch,#Simple,15,……,
d0e81a4acd55cfac60c2aa1bec155c08.bundle,程芳評論寂靜結局,Say,リン･テイ,25,イー･テイがいれば、サイレントは生まれ変われるはずよ。,
d0e81a4acd55cfac60c2aa1bec155c08.bundle,程芳評論寂靜結局,Say,リン･テイ,26,選別組の皆は善良で情熱があるし、行動力と人望があるリーダーもいる。,
d0e81a4acd55cfac60c2aa1bec155c08.bundle,程芳評論寂靜結局,Say,リン･テイ,27,未来はきっと明るいはずよ。,
d0e81a4acd55cfac60c2aa1bec155c08.bundle,程芳評論寂靜結局,Say,リン･テイ,28,サイレントを無事に閉鎖できることになれば、この工場からこれ以上の被害を出さずに済むわ。,
d0e81a4acd55cfac60c2aa1bec155c08.bundle,程芳評論寂靜結局,Say,リン･テイ,29,シュン･ゴたちは少し傲慢なところがあるけど、誰よりもセラーの問題に真剣に取り組んでいる。,
d0e81a4acd55cfac60c2aa1bec155c08.bundle,程芳評論寂靜結局,Say,リン･テイ,30,彼らがいれば、被害を抑えながらサイレントを閉鎖できるはずよ。,
d0e81a4acd55cfac60c2aa1bec155c08.bundle,程芳評論寂靜結局,Branch,#Simple,16,俺はそんなに楽観的にはなれない。,
d0e81a4acd55cfac60c2aa1bec155c08.bundle,程芳評論寂靜結局,Branch,#Simple,17,そうなるといいけど。,
d0e81a4acd55cfac60c2aa1bec155c08.bundle,程芳評論寂靜結局,Say,リン･テイ,31,もう少し彼らを信じてよ！,
d0e81a4acd55cfac60c2aa1bec155c08.bundle,程芳評論寂靜結局,Branch,#Simple,18,そうだな。,
d0e81a4acd55cfac60c2aa1bec155c08.bundle,程芳評論寂靜結局,Branch,#Simple,19,……,
d0e81a4acd55cfac60c2aa1bec155c08.bundle,程芳評論寂靜結局,Say,リン･テイ,32,結局、何も変えられなかったね……,
d0e81a4acd55cfac60c2aa1bec155c08.bundle,程芳評論寂靜結局,Branch,#Simple,20,何の話だ？,
d0e81a4acd55cfac60c2aa1bec155c08.bundle,程芳評論寂靜結局,Branch,#Simple,21,そうだな。,
d0e81a4acd55cfac60c2aa1bec155c08.bundle,程芳評論寂靜結局,Branch,#Simple,22,……,
d0e81a4acd55cfac60c2aa1bec155c08.bundle,程芳評論寂靜結局,Say,リン･テイ,33,サイレントを今の状態で維持するのが、精一杯かもしれないね。,
d0e81a4acd55cfac60c2aa1bec155c08.bundle,程芳評論寂靜結局,Say,リン･テイ,34,ここは、たくさんの矛盾を抱えている……,
d0e81a4acd55cfac60c2aa1bec155c08.bundle,程芳評論寂靜結局,Say,リン･テイ,35,だから現状を変えようとしても、矛盾により、その志は打ち砕かれる。,
d0e81a4acd55cfac60c2aa1bec155c08.bundle,程芳評論寂靜結局,Say,心の声,1,操作組と選別組を協力させられていれば……,
d0e81a4acd55cfac60c2aa1bec155c08.bundle,程芳評論寂靜結局,Branch,#Simple,23,リン、俺のせいだと思うか？,
d0e81a4acd55cfac60c2aa1bec155c08.bundle,程芳評論寂靜結局,Say,リン･テイ,36,どうしてそう思うの？,
d0e81a4acd55cfac60c2aa1bec155c08.bundle,程芳評論寂靜結局,Branch,#Simple,24,いや、やっぱり何でもない。,
d0e81a4acd55cfac60c2aa1bec155c08.bundle,程芳評論寂靜結局,Say,リン･テイ,37,うん。,
d0e81a4acd55cfac60c2aa1bec155c08.bundle,程芳評論寂靜結局,Branch,#Simple,25,俺がジュジュを説得できていたら……,
d0e81a4acd55cfac60c2aa1bec155c08.bundle,程芳評論寂靜結局,Branch,#Simple,26,俺がシンカを説得できていたら……,
d0e81a4acd55cfac60c2aa1bec155c08.bundle,程芳評論寂靜結局,Say,リン･テイ,38,……,
d0e81a4acd55cfac60c2aa1bec155c08.bundle,程芳評論寂靜結局,Say,リン･テイ,39,確かにこの結果は、両組が協力できなかったことによるものだと思う。,
d0e81a4acd55cfac60c2aa1bec155c08.bundle,程芳評論寂靜結局,Say,リン･テイ,40,もし彼女を説得できていたら、結果は大きく変わっていたでしょうね。,
d0e81a4acd55cfac60c2aa1bec155c08.bundle,程芳評論寂靜結局,Say,心の声,2,リンもそう思っていたのか……,
d0e81a4acd55cfac60c2aa1bec155c08.bundle,程芳評論寂靜結局,Say,リン･テイ,41,でも根本的な問題は、今日に至るまで、両組が協力できる土壌を作らなかったことよ。,
d0e81a4acd55cfac60c2aa1bec155c08.bundle,程芳評論寂靜結局,Say,リン･テイ,42,説得を任すだけ任せて、もう手遅れなら、どうしようもない。,
d0e81a4acd55cfac60c2aa1bec155c08.bundle,程芳評論寂靜結局,Say,リン･テイ,43,……あなたのせいじゃないわ。,
d0e81a4acd55cfac60c2aa1bec155c08.bundle,程芳評論寂靜結局,Branch,#Simple,27,ありがとう。,
d0e81a4acd55cfac60c2aa1bec155c08.bundle,程芳評論寂靜結局,Say,リン･テイ,44,うん。,
d0e81a4acd55cfac60c2aa1bec155c08.bundle,程芳評論寂靜結局,Branch,#Simple,28,それでも、俺ははもっとやれたはずだ。,
d0e81a4acd55cfac60c2aa1bec155c08.bundle,程芳評論寂靜結局,Say,リン･テイ,45,うん。,
d0e81a4acd55cfac60c2aa1bec155c08.bundle,程芳評論寂靜結局,Say,リン･テイ,46,でもあなたは、その時にできる最善を尽くした。,
d0e81a4acd55cfac60c2aa1bec155c08.bundle,程芳評論寂靜結局,Say,リン･テイ,47,それで十分でしょう？,
d0e81a4acd55cfac60c2aa1bec155c08.bundle,程芳評論寂靜結局,Say,心の声,3,……十分、なのか？,
d0e81a4acd55cfac60c2aa1bec155c08.bundle,程芳評論寂靜結局,Branch,#Simple,29,……,
d0e81a4acd55cfac60c2aa1bec155c08.bundle,程芳評論寂靜結局,Say,リン･テイ,48,さあ、もう終わったことよ。,
d0e81a4acd55cfac60c2aa1bec155c08.bundle,程芳評論寂靜結局,Say,リン･テイ,49,これ以上、考えてもしょうがないわ。,
d0e81a4acd55cfac60c2aa1bec155c08.bundle,程芳評論寂靜結局,Say,リン･テイ,50,今は忘れましょう。,
d0e81a4acd55cfac60c2aa1bec155c08.bundle,程芳評論寂靜結局,Say,心の声,4,……そうだな。,
d0e81a4acd55cfac60c2aa1bec155c08.bundle,程芳評論寂靜結局,Say,リン･テイ,51,そうだ、ジェイ。私、少しだけここを離れるね。,
d0e81a4acd55cfac60c2aa1bec155c08.bundle,程芳評論寂靜結局,Say,リン･テイ,52,23号さんに頼まれたことがあるの。,
d0e81a4acd55cfac60c2aa1bec155c08.bundle,程芳評論寂靜結局,Say,リン･テイ,53,だから、しばらく通話は切っとくね。,
d0e81a4acd55cfac60c2aa1bec155c08.bundle,程芳評論寂靜結局,Branch,#Simple,30,彼女たちはもう帰ってきたのか？,
d0e81a4acd55cfac60c2aa1bec155c08.bundle,程芳評論寂靜結局,Say,リン･テイ,54,もうすぐで着く……かな？,
d0e81a4acd55cfac60c2aa1bec155c08.bundle,程芳評論寂靜結局,Branch,#Simple,31,わかった、いってらっしゃい。,
d0e81a4acd55cfac60c2aa1bec155c08.bundle,程芳評論寂靜結局,Say,リン･テイ,55,うん。,
d0e81a4acd55cfac60c2aa1bec155c08.bundle,程芳評論寂靜結局,Branch,#Simple,32,……,
d0e81a4acd55cfac60c2aa1bec155c08.bundle,程芳評論寂靜結局,Say,リン･テイ,56,また後でね。,
d0e81a4acd55cfac60c2aa1bec155c08.bundle,篩選組勝利慶功宴2,Say,イー･テイ,0,ジェイ。,
d0e81a4acd55cfac60c2aa1bec155c08.bundle,篩選組勝利慶功宴2,Say,イー･テイ,1,君はここに来て、まだ四日目だし、配属先も最近決まったばっかりだ。,
d0e81a4acd55cfac60c2aa1bec155c08.bundle,篩選組勝利慶功宴2,Say,イー･テイ,2,でも……,
d0e81a4acd55cfac60c2aa1bec155c08.bundle,篩選組勝利慶功宴2,Say,イー･テイ,3,君はもう、僕たちの仲間だ。,
d0e81a4acd55cfac60c2aa1bec155c08.bundle,篩選組勝利慶功宴2,Say,イー･テイ,4,君は僕たちと一緒に、今までにないくらい大きな変革をもたらした。,
d0e81a4acd55cfac60c2aa1bec155c08.bundle,篩選組勝利慶功宴2,Say,イー･テイ,5,君の多大な貢献が、この成果をもたらしたと言っても過言じゃない。,
d0e81a4acd55cfac60c2aa1bec155c08.bundle,篩選組勝利慶功宴2,Say,イー･テイ,6,本当にありがとう。,
d0e81a4acd55cfac60c2aa1bec155c08.bundle,篩選組勝利慶功宴2,Branch,#Simple,0,どういたしまして。,
d0e81a4acd55cfac60c2aa1bec155c08.bundle,篩選組勝利慶功宴2,Say,イー･テイ,7,ハハハ。,
d0e81a4acd55cfac60c2aa1bec155c08.bundle,篩選組勝利慶功宴2,Branch,#Simple,1,大したことはしていません。,
d0e81a4acd55cfac60c2aa1bec155c08.bundle,篩選組勝利慶功宴2,Branch,#Simple,2,私はベストを尽くしただけです。,
d0e81a4acd55cfac60c2aa1bec155c08.bundle,篩選組勝利慶功宴2,Say,イー･テイ,8,ハハハ、君は謙虚だね。,
d0e81a4acd55cfac60c2aa1bec155c08.bundle,篩選組勝利慶功宴2,Branch,#Simple,3,……,
d0e81a4acd55cfac60c2aa1bec155c08.bundle,篩選組勝利慶功宴2,Say,イー･テイ,9,でも、さっき言ったように……,
d0e81a4acd55cfac60c2aa1bec155c08.bundle,篩選組勝利慶功宴2,Say,イー･テイ,10,今後はさらに厄介な問題が、たくさん出て来るはずだ。,
d0e81a4acd55cfac60c2aa1bec155c08.bundle,篩選組勝利慶功宴2,Say,イー･テイ,11,だからこそ、一緒にそれを乗り越えられることを嬉しく思うよ。,
d0e81a4acd55cfac60c2aa1bec155c08.bundle,篩選組勝利慶功宴2,Say,イー･テイ,12,なんだか恥ずかしいけど、言いたいことはこれで全部だよ。,
d0e81a4acd55cfac60c2aa1bec155c08.bundle,篩選組勝利慶功宴2,Say,イー･テイ,13,新しい仲間にしては、色んなことを経験しすぎてるね。,
d0e81a4acd55cfac60c2aa1bec155c08.bundle,篩選組勝利慶功宴2,Say,イー･テイ,14,ジェイ、君はとても特別な人間だ。,
d0e81a4acd55cfac60c2aa1bec155c08.bundle,篩選組勝利慶功宴2,Branch,#Simple,4,ありがとうございます？,
d0e81a4acd55cfac60c2aa1bec155c08.bundle,篩選組勝利慶功宴2,Say,イー･テイ,15,ハハハ、褒めてるんだよ！,
d0e81a4acd55cfac60c2aa1bec155c08.bundle,篩選組勝利慶功宴2,Branch,#Simple,5,……,
d0e81a4acd55cfac60c2aa1bec155c08.bundle,篩選組勝利慶功宴2,Say,イー･テイ,16,さあ、皆のところに戻ろう。,
d0e81a4acd55cfac60c2aa1bec155c08.bundle,篩選組勝利慶功宴2,Say,イー･テイ,17,戦いの後はちゃんと休まないとね！,
d0e81a4acd55cfac60c2aa1bec155c08.bundle,雙贏路線阿緯俊恩頂樓,Say,イー･テイ,0,やあ！,
d0e81a4acd55cfac60c2aa1bec155c08.bundle,雙贏路線阿緯俊恩頂樓,Say,シュン･ゴ,0,ジェイ。,
d0e81a4acd55cfac60c2aa1bec155c08.bundle,雙贏路線阿緯俊恩頂樓,Branch,#Simple,0,どうも。,
d0e81a4acd55cfac60c2aa1bec155c08.bundle,雙贏路線阿緯俊恩頂樓,Branch,#Simple,1,どうしてこんなところに？,
d0e81a4acd55cfac60c2aa1bec155c08.bundle,雙贏路線阿緯俊恩頂樓,Say,イー･テイ,1,ここが気持ちいいからだよ！,
d0e81a4acd55cfac60c2aa1bec155c08.bundle,雙贏路線阿緯俊恩頂樓,Say,シュン･ゴ,1,海風が吹いているでしょ？,
d0e81a4acd55cfac60c2aa1bec155c08.bundle,雙贏路線阿緯俊恩頂樓,Branch,#Simple,2,……,
d0e81a4acd55cfac60c2aa1bec155c08.bundle,雙贏路線阿緯俊恩頂樓,Say,イー･テイ,2,こっちにおいで！,
d0e81a4acd55cfac60c2aa1bec155c08.bundle,阿緯抵達2,Say,イー･テイ,0,まさか本当に成功したなんて、今だに信じられないよ。,
d0e81a4acd55cfac60c2aa1bec155c08.bundle,阿緯抵達2,Say,イー･テイ,1,本当によかった！,
d0e81a4acd55cfac60c2aa1bec155c08.bundle,阿緯抵達2,Say,イー･テイ,2,サイレントを残すことができたわけだし、これならまだチャンスはある……,
d0e81a4acd55cfac60c2aa1bec155c08.bundle,阿緯抵達2,Say,イー･テイ,3,……,
d0e81a4acd55cfac60c2aa1bec155c08.bundle,阿緯抵達2,Say,心の声,0,震えているのか……？,
d0e81a4acd55cfac60c2aa1bec155c08.bundle,阿緯抵達2,Say,イー･テイ,4,……,
d0e81a4acd55cfac60c2aa1bec155c08.bundle,阿緯抵達2,Branch,#Simple,0,どうしましたか？,
d0e81a4acd55cfac60c2aa1bec155c08.bundle,阿緯抵達2,Branch,#Simple,1,……,
d0e81a4acd55cfac60c2aa1bec155c08.bundle,阿緯抵達2,Say,イー･テイ,5,ハハ、一安心したら、急にどうすればいいかわからなくなっただけだよ。,
d0e81a4acd55cfac60c2aa1bec155c08.bundle,阿緯抵達2,Say,イー･テイ,6,ふぅ……,
d0e81a4acd55cfac60c2aa1bec155c08.bundle,阿緯抵達2,Say,イー･テイ,7,頑張った甲斐があったね！,
d0e81a4acd55cfac60c2aa1bec155c08.bundle,阿緯抵達2,Say,イー･テイ,8,僕たちはきっと、ここを立て直す！,
d0e81a4acd55cfac60c2aa1bec155c08.bundle,阿緯抵達2,Branch,#Simple,2,きっと上手くいきますよ。,
d0e81a4acd55cfac60c2aa1bec155c08.bundle,阿緯抵達2,Say,イー･テイ,9,ありがとう！,
d0e81a4acd55cfac60c2aa1bec155c08.bundle,阿緯抵達2,Branch,#Simple,3,大変そうですね。,
d0e81a4acd55cfac60c2aa1bec155c08.bundle,阿緯抵達2,Say,イー･テイ,10,うん。,
d0e81a4acd55cfac60c2aa1bec155c08.bundle,阿緯抵達2,Branch,#Simple,4,……,
d0e81a4acd55cfac60c2aa1bec155c08.bundle,阿緯抵達2,Say,イー･テイ,11,ありきたりな台詞かもしれないけど……,
d0e81a4acd55cfac60c2aa1bec155c08.bundle,阿緯抵達2,Say,イー･テイ,12,皆がいれば、何でもできそうな気分だ！,
d0e81a4acd55cfac60c2aa1bec155c08.bundle,阿緯抵達2,Say,イー･テイ,13,ハハハ！,
d0e81a4acd55cfac60c2aa1bec155c08.bundle,阿緯抵達2,Say,イー･テイ,14,そうだ。すぐにでも、選別組のグループメッセージで知らせないと！,
d0e81a4acd55cfac60c2aa1bec155c08.bundle,阿緯抵達2,Say,イー･テイ,15,皆も待ってるだろうしね！,
d0e81a4acd55cfac60c2aa1bec155c08.bundle,阿緯抵達2,Say,イー･テイ,16,……,
d0e81a4acd55cfac60c2aa1bec155c08.bundle,阿緯抵達2,Say,イー･テイ,17,よし、オフィスに戻ろうか。,
d0e81a4acd55cfac60c2aa1bec155c08.bundle,阿緯抵達2,Say,イー･テイ,18,あっ、そうだ！ごめん。ジェイは、もう少しここで待ってて。,
d0e81a4acd55cfac60c2aa1bec155c08.bundle,阿緯抵達2,Say,イー･テイ,19,……,
d0e81a4acd55cfac60c2aa1bec155c08.bundle,阿緯抵達2,Say,イー･テイ,20,……,
d0e81a4acd55cfac60c2aa1bec155c08.bundle,阿緯抵達2,Say,イー･テイ,21,失敗しちゃったな。,
d0e81a4acd55cfac60c2aa1bec155c08.bundle,阿緯抵達2,Branch,#Simple,5,あなたはベストを尽くしました。,
d0e81a4acd55cfac60c2aa1bec155c08.bundle,阿緯抵達2,Say,イー･テイ,22,ハハ、そうだね……,
d0e81a4acd55cfac60c2aa1bec155c08.bundle,阿緯抵達2,Branch,#Simple,6,でも工場は守れました。,
d0e81a4acd55cfac60c2aa1bec155c08.bundle,阿緯抵達2,Say,イー･テイ,23,うん、そうだね。,
d0e81a4acd55cfac60c2aa1bec155c08.bundle,阿緯抵達2,Branch,#Simple,7,……,
d0e81a4acd55cfac60c2aa1bec155c08.bundle,阿緯抵達2,Say,イー･テイ,24,操作組のデータさえ、あれば……,
d0e81a4acd55cfac60c2aa1bec155c08.bundle,阿緯抵達2,Say,心の声,1,俺がジュジュを説得できていれば……,
d0e81a4acd55cfac60c2aa1bec155c08.bundle,阿緯抵達2,Branch,#Simple,8,私のせいですよね？,
d0e81a4acd55cfac60c2aa1bec155c08.bundle,阿緯抵達2,Branch,#Simple,9,すみません。私がジュジュを説得できていたら……,
d0e81a4acd55cfac60c2aa1bec155c08.bundle,阿緯抵達2,Say,イー･テイ,25,そんなこと言わないでくれ。,
d0e81a4acd55cfac60c2aa1bec155c08.bundle,阿緯抵達2,Say,イー･テイ,26,これはジェイのせいじゃない。,
d0e81a4acd55cfac60c2aa1bec155c08.bundle,阿緯抵達2,Say,イー･テイ,27,君は急に、説得を頼まれただけだ……,
d0e81a4acd55cfac60c2aa1bec155c08.bundle,阿緯抵達2,Say,イー･テイ,28,本当は僕から……,
d0e81a4acd55cfac60c2aa1bec155c08.bundle,阿緯抵達2,Say,イー･テイ,29,ジュジュに話すべきだった。,
d0e81a4acd55cfac60c2aa1bec155c08.bundle,阿緯抵達2,Branch,#Simple,10,……,
d0e81a4acd55cfac60c2aa1bec155c08.bundle,阿緯抵達2,Say,イー･テイ,30,チャンスを逃したのは僕の問題だ。,
d0e81a4acd55cfac60c2aa1bec155c08.bundle,阿緯抵達2,Say,イー･テイ,31,……,
d0e81a4acd55cfac60c2aa1bec155c08.bundle,阿緯抵達2,Say,イー･テイ,32,でもね、僕は案外すっきりしているんだ。,
d0e81a4acd55cfac60c2aa1bec155c08.bundle,阿緯抵達2,Branch,#Simple,11,セイワ･ゲンが、選別組のチーフのままでいさせてくれたからですか？,
d0e81a4acd55cfac60c2aa1bec155c08.bundle,阿緯抵達2,Say,イー･テイ,33,違うよ。,
d0e81a4acd55cfac60c2aa1bec155c08.bundle,阿緯抵達2,Branch,#Simple,12,工場を守れたからですか？,
d0e81a4acd55cfac60c2aa1bec155c08.bundle,阿緯抵達2,Say,イー･テイ,34,うん。,
d0e81a4acd55cfac60c2aa1bec155c08.bundle,阿緯抵達2,Branch,#Simple,13,……,
d0e81a4acd55cfac60c2aa1bec155c08.bundle,阿緯抵達2,Say,イー･テイ,35,サイレントを残せただけで十分だ。,
d0e81a4acd55cfac60c2aa1bec155c08.bundle,阿緯抵達2,Say,イー･テイ,36,他のことを望みすぎたんだ。,
d0e81a4acd55cfac60c2aa1bec155c08.bundle,阿緯抵達2,Say,イー･テイ,37,はぁ……,
d0e81a4acd55cfac60c2aa1bec155c08.bundle,阿緯抵達2,Say,イー･テイ,38,ずっと神経を張り詰めていたから、なんか変な感じだ……,
d0e81a4acd55cfac60c2aa1bec155c08.bundle,阿緯抵達2,Say,イー･テイ,39,でも、これで皆も路頭に迷わずに済む。,
d0e81a4acd55cfac60c2aa1bec155c08.bundle,阿緯抵達2,Say,イー･テイ,40,チーフとしての責任を果たせたかな。ハハ。,
d0e81a4acd55cfac60c2aa1bec155c08.bundle,阿緯抵達2,Say,イー･テイ,41,すぐに皆に知らせるよ。,
d0e81a4acd55cfac60c2aa1bec155c08.bundle,阿緯抵達2,Say,イー･テイ,42,……,
d0e81a4acd55cfac60c2aa1bec155c08.bundle,阿緯抵達2,Say,イー･テイ,43,皆は、どう思うだろうね……,
d0e81a4acd55cfac60c2aa1bec155c08.bundle,阿緯抵達2,Say,心の声,2,皆がどう思うか、心配なようだ……,
d0e81a4acd55cfac60c2aa1bec155c08.bundle,阿緯抵達2,Branch,#Simple,14,マネージャーになれなかったことは、ショックを受けるでしょうね。,
d0e81a4acd55cfac60c2aa1bec155c08.bundle,阿緯抵達2,Say,イー･テイ,44,そうだよね……,
d0e81a4acd55cfac60c2aa1bec155c08.bundle,阿緯抵達2,Branch,#Simple,15,ここを残せただけで、皆は十分、喜ぶと思いますよ。,
d0e81a4acd55cfac60c2aa1bec155c08.bundle,阿緯抵達2,Say,イー･テイ,45,……そうかな？,
d0e81a4acd55cfac60c2aa1bec155c08.bundle,阿緯抵達2,Say,イー･テイ,46,そうだといいけど……,
d0e81a4acd55cfac60c2aa1bec155c08.bundle,阿緯抵達2,Branch,#Simple,16,多分、何も思わないと思いますよ。,
d0e81a4acd55cfac60c2aa1bec155c08.bundle,阿緯抵達2,Say,イー･テイ,47,……そうかな？,
d0e81a4acd55cfac60c2aa1bec155c08.bundle,阿緯抵達2,Say,イー･テイ,48,……,
d0e81a4acd55cfac60c2aa1bec155c08.bundle,阿緯抵達2,Say,イー･テイ,49,それはそれで、いいかもしれないね。,
d0e81a4acd55cfac60c2aa1bec155c08.bundle,阿緯抵達2,Branch,#Simple,17,……,
d0e81a4acd55cfac60c2aa1bec155c08.bundle,阿緯抵達2,Say,イー･テイ,50,……,
d0e81a4acd55cfac60c2aa1bec155c08.bundle,阿緯抵達2,Say,イー･テイ,51,なんか、気が重いな……,
d0e81a4acd55cfac60c2aa1bec155c08.bundle,阿緯抵達2,Say,イー･テイ,52,皆、がっかりしちゃうかも……,
d0e81a4acd55cfac60c2aa1bec155c08.bundle,阿緯抵達2,Say,イー･テイ,53,……,
d0e81a4acd55cfac60c2aa1bec155c08.bundle,阿緯抵達2,Say,イー･テイ,54,でも仕方ないよね……,
d0e81a4acd55cfac60c2aa1bec155c08.bundle,阿緯抵達2,Branch,#Simple,18,皆、笑って出迎えてくれると思いますよ。,
d0e81a4acd55cfac60c2aa1bec155c08.bundle,阿緯抵達2,Say,イー･テイ,55,ハハハ！,
d0e81a4acd55cfac60c2aa1bec155c08.bundle,阿緯抵達2,Say,イー･テイ,56,ありがとう、ジェイ。,
d0e81a4acd55cfac60c2aa1bec155c08.bundle,阿緯抵達2,Say,イー･テイ,57,慰めてくれたんだね。,
d0e81a4acd55cfac60c2aa1bec155c08.bundle,阿緯抵達2,Branch,#Simple,19,私は本気ですよ。,
d0e81a4acd55cfac60c2aa1bec155c08.bundle,阿緯抵達2,Say,イー･テイ,58,さっきは、皆が落ち込むって言ってたのに？,
d0e81a4acd55cfac60c2aa1bec155c08.bundle,阿緯抵達2,Branch,#Simple,20,あれは冗談です。,
d0e81a4acd55cfac60c2aa1bec155c08.bundle,阿緯抵達2,Branch,#Simple,21,落ち込む可能性もあると言っただけですよ。,
d0e81a4acd55cfac60c2aa1bec155c08.bundle,阿緯抵達2,Say,イー･テイ,59,ハハハ、もうわかったよ。,
d0e81a4acd55cfac60c2aa1bec155c08.bundle,阿緯抵達2,Say,イー･テイ,60,でも、そうだと有り難いな。,
d0e81a4acd55cfac60c2aa1bec155c08.bundle,阿緯抵達2,Branch,#Simple,22,慰めになったのなら、よかったです。,
d0e81a4acd55cfac60c2aa1bec155c08.bundle,阿緯抵達2,Branch,#Simple,23,……,
d0e81a4acd55cfac60c2aa1bec155c08.bundle,阿緯抵達2,Branch,#Simple,24,……,
d0e81a4acd55cfac60c2aa1bec155c08.bundle,阿緯抵達2,Say,イー･テイ,61,よし、行こうか。,
d0e81a4acd55cfac60c2aa1bec155c08.bundle,阿緯抵達2,Say,イー･テイ,62,あっ、そうだ！ごめん。ジェイは、もう少しここで待ってて。,
d0e81a4acd55cfac60c2aa1bec155c08.bundle,阿緯抵達2,Branch,#Simple,25,どうしてですか？,
d0e81a4acd55cfac60c2aa1bec155c08.bundle,阿緯抵達2,Branch,#Simple,26,……,
d0e81a4acd55cfac60c2aa1bec155c08.bundle,阿緯抵達2,Say,イー･テイ,63,メイ･ジョ隊長が君に会いたいらしいんだ。,
d0e81a4acd55cfac60c2aa1bec155c08.bundle,阿緯抵達2,Say,イー･テイ,64,彼女からは、事前に君に伝えてあると聞いたよ？,
d0e81a4acd55cfac60c2aa1bec155c08.bundle,阿緯抵達2,Branch,#Simple,27,そうですか、わかりました。,
d0e81a4acd55cfac60c2aa1bec155c08.bundle,阿緯抵達2,Say,イー･テイ,65,うん。,
d0e81a4acd55cfac60c2aa1bec155c08.bundle,阿緯抵達2,Branch,#Simple,28,そんな話は聞いていませんね。,
d0e81a4acd55cfac60c2aa1bec155c08.bundle,阿緯抵達2,Say,イー･テイ,66,え？行き違いでもあったのかな？,
d0e81a4acd55cfac60c2aa1bec155c08.bundle,阿緯抵達2,Say,イー･テイ,67,とにかく、ここで待ってて。,
d0e81a4acd55cfac60c2aa1bec155c08.bundle,阿緯抵達2,Say,イー･テイ,68,彼女とは、僕が執行官のところに行く前に会って、そう言われたんだ。,
d0e81a4acd55cfac60c2aa1bec155c08.bundle,阿緯抵達2,Say,イー･テイ,69,ジェイ、もし彼女に酷いことをされそうになったら、すぐ離れていいからね。,
d0e81a4acd55cfac60c2aa1bec155c08.bundle,阿緯抵達2,Say,イー･テイ,70,後は僕がなんとかするから。,
d0e81a4acd55cfac60c2aa1bec155c08.bundle,阿緯抵達2,Branch,#Simple,29,わかりました。,
d0e81a4acd55cfac60c2aa1bec155c08.bundle,阿緯抵達2,Branch,#Simple,30,そんなことには、ならないと思います。,
d0e81a4acd55cfac60c2aa1bec155c08.bundle,阿緯抵達2,Say,イー･テイ,71,ならいいんだけどね。,
d0e81a4acd55cfac60c2aa1bec155c08.bundle,阿緯抵達2,Say,イー･テイ,72,じゃ、皆が待ってるから、先に行くね。,
d0e81a4acd55cfac60c2aa1bec155c08.bundle,阿緯抵達2,Say,イー･テイ,73,隊長との話が終わったら、オフィスに戻っておいで！,
d0e81a4acd55cfac60c2aa1bec155c08.bundle,阿緯抵達2,Say,イー･テイ,74,じゃ、また後でね！,
d0e81a4acd55cfac60c2aa1bec155c08.bundle,跟隆生確認怎麼簽約2,Say,リュウセイ･チョウ,0,もう入ったっすよ。,
d0e81a4acd55cfac60c2aa1bec155c08.bundle,跟隆生確認怎麼簽約2,Say,リュウセイ･チョウ,1,それで……,
d0e81a4acd55cfac60c2aa1bec155c08.bundle,跟隆生確認怎麼簽約2,Say,リュウセイ･チョウ,2,僕たちはどうすればいいっすか？,
d0e81a4acd55cfac60c2aa1bec155c08.bundle,跟隆生確認怎麼簽約2,Say,スイ･ニン,0,23号。,
d0e81a4acd55cfac60c2aa1bec155c08.bundle,跟隆生確認怎麼簽約2,Say,23,0,よく聞いて。,
d0e81a4acd55cfac60c2aa1bec155c08.bundle,跟隆生確認怎麼簽約2,Say,23,1,うちらの目的は、彼らが誰に子どもを売ったのかを聞き出すことよ。,
d0e81a4acd55cfac60c2aa1bec155c08.bundle,跟隆生確認怎麼簽約2,Say,23,2,彼らは子どもを売ったなんて、認めないと思うけど……,
d0e81a4acd55cfac60c2aa1bec155c08.bundle,跟隆生確認怎麼簽約2,Say,23,3,どんどん子どものことを聞いちゃっていいから。,
d0e81a4acd55cfac60c2aa1bec155c08.bundle,跟隆生確認怎麼簽約2,Say,23,4,契約のために、親族の状況を調べる必要があるとでも、言えばいいよ。,
d0e81a4acd55cfac60c2aa1bec155c08.bundle,跟隆生確認怎麼簽約2,Branch,#Simple,0,わかった。,
d0e81a4acd55cfac60c2aa1bec155c08.bundle,跟隆生確認怎麼簽約2,Branch,#Simple,1,答えてくれるとは、到底思えないな。,
d0e81a4acd55cfac60c2aa1bec155c08.bundle,跟隆生確認怎麼簽約2,Say,リュウセイ･チョウ,3,そうっすよ！,
d0e81a4acd55cfac60c2aa1bec155c08.bundle,跟隆生確認怎麼簽約2,Branch,#Simple,2,……,
d0e81a4acd55cfac60c2aa1bec155c08.bundle,跟隆生確認怎麼簽約2,Say,23,5,質問はただのテストよ。彼らの反応を見て、質問を臨機応変に変えればいいから。,
d0e81a4acd55cfac60c2aa1bec155c08.bundle,跟隆生確認怎麼簽約2,Say,スイ･ニン,1,今回は飴と鞭作戦でいこう。,
d0e81a4acd55cfac60c2aa1bec155c08.bundle,跟隆生確認怎麼簽約2,Say,リュウセイ･チョウ,4,うっす！この作戦は、いつも成功するっすからね！,
d0e81a4acd55cfac60c2aa1bec155c08.bundle,跟隆生確認怎麼簽約2,Branch,#Simple,3,俺も賛成だ。,
d0e81a4acd55cfac60c2aa1bec155c08.bundle,跟隆生確認怎麼簽約2,Say,23,6,うん。,
d0e81a4acd55cfac60c2aa1bec155c08.bundle,跟隆生確認怎麼簽約2,Branch,#Simple,4,何だそれは？,
d0e81a4acd55cfac60c2aa1bec155c08.bundle,跟隆生確認怎麼簽約2,Say,23,7,片方が圧力をかけることで、もう一人の優しい対応に心を許して、つけいる隙を見せるって作戦よ。,
d0e81a4acd55cfac60c2aa1bec155c08.bundle,跟隆生確認怎麼簽約2,Say,23,8,大抵の人は簡単に心を許しちゃうんだから。,
d0e81a4acd55cfac60c2aa1bec155c08.bundle,跟隆生確認怎麼簽約2,Say,23,9,古典的な情報収集法ね。,
d0e81a4acd55cfac60c2aa1bec155c08.bundle,跟隆生確認怎麼簽約2,Branch,#Simple,5,……,
d0e81a4acd55cfac60c2aa1bec155c08.bundle,跟隆生確認怎麼簽約2,Say,スイ･ニン,2,この作戦には飴役と鞭役が必要だ。,
d0e81a4acd55cfac60c2aa1bec155c08.bundle,跟隆生確認怎麼簽約2,Say,スイ･ニン,3,事前に二人で分担してくれ。,
d0e81a4acd55cfac60c2aa1bec155c08.bundle,跟隆生確認怎麼簽約2,Say,リュウセイ･チョウ,5,えっと……,
d0e81a4acd55cfac60c2aa1bec155c08.bundle,跟隆生確認怎麼簽約2,Branch,#Simple,6,リュウセイは昨日、鞭役をやってたよな？,
d0e81a4acd55cfac60c2aa1bec155c08.bundle,跟隆生確認怎麼簽約2,Say,リュウセイ･チョウ,6,オペレーションコアの時っすか……？,
d0e81a4acd55cfac60c2aa1bec155c08.bundle,跟隆生確認怎麼簽約2,Say,リュウセイ･チョウ,7,あの時は、めっちゃ大変だったっす！,
d0e81a4acd55cfac60c2aa1bec155c08.bundle,跟隆生確認怎麼簽約2,Branch,#Simple,7,そうだな。,
d0e81a4acd55cfac60c2aa1bec155c08.bundle,跟隆生確認怎麼簽約2,Say,リュウセイ･チョウ,8,そんな簡単に流されると、傷つくっす……,
d0e81a4acd55cfac60c2aa1bec155c08.bundle,跟隆生確認怎麼簽約2,Say,23,10,じゃ、鞭役はジェイに任せる？,
d0e81a4acd55cfac60c2aa1bec155c08.bundle,跟隆生確認怎麼簽約2,Branch,#Simple,8,いや、やっぱりリュウセイに任せよう。,
d0e81a4acd55cfac60c2aa1bec155c08.bundle,跟隆生確認怎麼簽約2,Say,リュウセイ･チョウ,9,よっしゃ！今度こそ、僕の名演技をお見せするっす！,
d0e81a4acd55cfac60c2aa1bec155c08.bundle,跟隆生確認怎麼簽約2,Branch,#Simple,9,構わない。,
d0e81a4acd55cfac60c2aa1bec155c08.bundle,跟隆生確認怎麼簽約2,Say,23,11,了解。,
d0e81a4acd55cfac60c2aa1bec155c08.bundle,跟隆生確認怎麼簽約2,Branch,#Simple,10,そうか？あれはあれで、よかったと思う。,
d0e81a4acd55cfac60c2aa1bec155c08.bundle,跟隆生確認怎麼簽約2,Say,リュウセイ･チョウ,10,じゃ、僕が鞭役っすか？,
d0e81a4acd55cfac60c2aa1bec155c08.bundle,跟隆生確認怎麼簽約2,Branch,#Simple,11,ああ、任せる。,
d0e81a4acd55cfac60c2aa1bec155c08.bundle,跟隆生確認怎麼簽約2,Say,リュウセイ･チョウ,11,了解っす！,
d0e81a4acd55cfac60c2aa1bec155c08.bundle,跟隆生確認怎麼簽約2,Branch,#Simple,12,実は、鞭役をやってみたいんだ。,
d0e81a4acd55cfac60c2aa1bec155c08.bundle,跟隆生確認怎麼簽約2,Say,リュウセイ･チョウ,12,じゃ、ジェイの兄貴に任せたっす。,
d0e81a4acd55cfac60c2aa1bec155c08.bundle,跟隆生確認怎麼簽約2,Branch,#Simple,13,鞭役は俺がやる。,
d0e81a4acd55cfac60c2aa1bec155c08.bundle,跟隆生確認怎麼簽約2,Branch,#Simple,14,飴役は俺がやろう。,
d0e81a4acd55cfac60c2aa1bec155c08.bundle,跟隆生確認怎麼簽約2,Say,リュウセイ･チョウ,13,じゃ、ジェイの兄貴に任せたっす。,
d0e81a4acd55cfac60c2aa1bec155c08.bundle,跟隆生確認怎麼簽約2,Say,23,12,決まったみたいね。,
d0e81a4acd55cfac60c2aa1bec155c08.bundle,跟隆生確認怎麼簽約2,Say,23,13,鞭役はできるだけ、圧をかけてちょうだい。,
d0e81a4acd55cfac60c2aa1bec155c08.bundle,跟隆生確認怎麼簽約2,Say,23,14,かなり追い込んだ後は、飴役が鞭役を一旦退場させる。,
d0e81a4acd55cfac60c2aa1bec155c08.bundle,跟隆生確認怎麼簽約2,Say,23,15,そして飴役が優しい言葉で慰め、情報を聞き出す。,
d0e81a4acd55cfac60c2aa1bec155c08.bundle,跟隆生確認怎麼簽約2,Branch,#Simple,15,わかった。できるだけ、やってみる。,
d0e81a4acd55cfac60c2aa1bec155c08.bundle,跟隆生確認怎麼簽約2,Say,リュウセイ･チョウ,14,僕も頑張るっす！,
d0e81a4acd55cfac60c2aa1bec155c08.bundle,跟隆生確認怎麼簽約2,Branch,#Simple,16,鞭役はどれくらい圧をかければいいんだ？,
d0e81a4acd55cfac60c2aa1bec155c08.bundle,跟隆生確認怎麼簽約2,Say,23,16,そうね……,
d0e81a4acd55cfac60c2aa1bec155c08.bundle,跟隆生確認怎麼簽約2,Say,23,17,いくら圧をかけるとは言っても、面接官がかけられる圧の内容なんて、仕事を与えないくらのもんだしね……,
d0e81a4acd55cfac60c2aa1bec155c08.bundle,跟隆生確認怎麼簽約2,Say,23,18,他の脅し方法もあるけど、それはだめだった時に使うつもりよ。,
d0e81a4acd55cfac60c2aa1bec155c08.bundle,跟隆生確認怎麼簽約2,Say,23,19,とりあえず、適当に圧をかけといて。,
d0e81a4acd55cfac60c2aa1bec155c08.bundle,跟隆生確認怎麼簽約2,Say,スイ･ニン,4,手札が弱くても、高圧的な態度で畳みかければ、人はかなり追い込まれるはずだ。,
d0e81a4acd55cfac60c2aa1bec155c08.bundle,跟隆生確認怎麼簽約2,Say,スイ･ニン,5,人間は権力を持った人間に弱いからな。,
d0e81a4acd55cfac60c2aa1bec155c08.bundle,跟隆生確認怎麼簽約2,Say,心の声,0,そう言われると、圧をかけるのが、忍びなく感じるな……,
d0e81a4acd55cfac60c2aa1bec155c08.bundle,跟隆生確認怎麼簽約2,Branch,#Simple,17,……,
d0e81a4acd55cfac60c2aa1bec155c08.bundle,跟隆生確認怎麼簽約2,Say,スイ･ニン,6,二人とも、よく聞いてくれ。,
d0e81a4acd55cfac60c2aa1bec155c08.bundle,跟隆生確認怎麼簽約2,Say,スイ･ニン,7,今の君たちは大企業の職員で、面談者は社会の最下層だ。,
d0e81a4acd55cfac60c2aa1bec155c08.bundle,跟隆生確認怎麼簽約2,Say,スイ･ニン,8,彼らからしたら、君たちは万象の代表のようなものだ。,
d0e81a4acd55cfac60c2aa1bec155c08.bundle,跟隆生確認怎麼簽約2,Say,スイ･ニン,9,つまり、彼らが万象に抱くイメージは、そのまま君たちに投影される。,
d0e81a4acd55cfac60c2aa1bec155c08.bundle,跟隆生確認怎麼簽約2,Say,スイ･ニン,10,強くて、無情。そして傲慢で、下の者を見下している。,
d0e81a4acd55cfac60c2aa1bec155c08.bundle,跟隆生確認怎麼簽約2,Say,スイ･ニン,11,話を始めれば、彼らはすぐに極めて不平等な君たちとの権力関係に気づくだろう。,
d0e81a4acd55cfac60c2aa1bec155c08.bundle,跟隆生確認怎麼簽約2,Say,スイ･ニン,12,君たちは、多くの資源を持つ万象で、彼らは持たざる者だ。その持たざる者が、上の者に気に入られようと躍起になっている。,
d0e81a4acd55cfac60c2aa1bec155c08.bundle,跟隆生確認怎麼簽約2,Say,スイ･ニン,13,こういう状況では、彼らに極めて大きなプレッシャーを与えることができる。,
d0e81a4acd55cfac60c2aa1bec155c08.bundle,跟隆生確認怎麼簽約2,Say,スイ･ニン,14,それを上手く利用するといい。,
d0e81a4acd55cfac60c2aa1bec155c08.bundle,跟隆生確認怎麼簽約2,Say,リュウセイ･チョウ,15,わかったっす。,
d0e81a4acd55cfac60c2aa1bec155c08.bundle,跟隆生確認怎麼簽約2,Say,心の声,1,リュウセイの表情が変わった……,
d0e81a4acd55cfac60c2aa1bec155c08.bundle,跟隆生確認怎麼簽約2,Say,23,20,さあ、もうすぐで一人目が入ってくるよ。,
d0e81a4acd55cfac60c2aa1bec155c08.bundle,跟隆生確認怎麼簽約2,Say,23,21,シミン･ラクね。,
d0e81a4acd55cfac60c2aa1bec155c08.bundle,跟隆生確認怎麼簽約2,Branch,#Simple,18,さっきの面談で、彼女には子どもの居場所を聞いてみたんだ。,
d0e81a4acd55cfac60c2aa1bec155c08.bundle,跟隆生確認怎麼簽約2,Say,スイ･ニン,15,何て答えた？,
d0e81a4acd55cfac60c2aa1bec155c08.bundle,跟隆生確認怎麼簽約2,Branch,#Simple,19,大人が家で面倒を見ていると言っていた。,
d0e81a4acd55cfac60c2aa1bec155c08.bundle,跟隆生確認怎麼簽約2,Say,23,22,大人……？,
d0e81a4acd55cfac60c2aa1bec155c08.bundle,跟隆生確認怎麼簽約2,Say,23,23,こっちが手に入れた資料によると、彼女の家には植物状態のおばあちゃんしかいないはずよ。,
d0e81a4acd55cfac60c2aa1bec155c08.bundle,跟隆生確認怎麼簽約2,Say,23,24,子どもの面倒なんて見れるわけがない。,
d0e81a4acd55cfac60c2aa1bec155c08.bundle,跟隆生確認怎麼簽約2,Branch,#Simple,20,曖昧な答えで、はぐらかされた。,
d0e81a4acd55cfac60c2aa1bec155c08.bundle,跟隆生確認怎麼簽約2,Say,23,25,そう……,
d0e81a4acd55cfac60c2aa1bec155c08.bundle,跟隆生確認怎麼簽約2,Branch,#Simple,21,……,
d0e81a4acd55cfac60c2aa1bec155c08.bundle,跟隆生確認怎麼簽約2,Say,スイ･ニン,16,今回はもっと厳しく追い込んでくれ。,
d0e81a4acd55cfac60c2aa1bec155c08.bundle,跟隆生確認怎麼簽約2,Say,スイ･ニン,17,わかったな、ジェイ？,
d0e81a4acd55cfac60c2aa1bec155c08.bundle,跟隆生確認怎麼簽約2,Branch,#Simple,22,わかった。,
d0e81a4acd55cfac60c2aa1bec155c08.bundle,跟隆生確認怎麼簽約2,Say,スイ･ニン,18,よろしい。,
d0e81a4acd55cfac60c2aa1bec155c08.bundle,跟隆生確認怎麼簽約2,Branch,#Simple,23,あまり彼女に厳しくしたくない。,
d0e81a4acd55cfac60c2aa1bec155c08.bundle,跟隆生確認怎麼簽約2,Say,23,26,……なら鞭役を変えた方がいいわね。,
d0e81a4acd55cfac60c2aa1bec155c08.bundle,跟隆生確認怎麼簽約2,Say,23,27,まだ時間があるからから、どうするか決めて。,
d0e81a4acd55cfac60c2aa1bec155c08.bundle,跟隆生確認怎麼簽約2,Branch,#Simple,24,俺が鞭役をやる。言われたとおり、厳しく追い込むよ。,
d0e81a4acd55cfac60c2aa1bec155c08.bundle,跟隆生確認怎麼簽約2,Say,スイ･ニン,19,よろしい。,
d0e81a4acd55cfac60c2aa1bec155c08.bundle,跟隆生確認怎麼簽約2,Branch,#Simple,25,悪いが、リュウセイに代わってもらいたい。,
d0e81a4acd55cfac60c2aa1bec155c08.bundle,跟隆生確認怎麼簽約2,Say,リュウセイ･チョウ,16,えっ、あ、はい。いいっすよ。,
d0e81a4acd55cfac60c2aa1bec155c08.bundle,跟隆生確認怎麼簽約2,Say,スイ･ニン,20,それで決まりだ。,
d0e81a4acd55cfac60c2aa1bec155c08.bundle,跟隆生確認怎麼簽約2,Say,スイ･ニン,21,リュウセイ、問題はないな？,
d0e81a4acd55cfac60c2aa1bec155c08.bundle,跟隆生確認怎麼簽約2,Say,リュウセイ･チョウ,17,ドンッと任せてくださいっす！,
d0e81a4acd55cfac60c2aa1bec155c08.bundle,跟隆生確認怎麼簽約2,Say,23,28,ショウブン･チンよ。,
d0e81a4acd55cfac60c2aa1bec155c08.bundle,跟隆生確認怎麼簽約2,Say,23,29,彼は自ら子どもの失踪を警察に通報している。,
d0e81a4acd55cfac60c2aa1bec155c08.bundle,跟隆生確認怎麼簽約2,Say,23,30,さあ、入るよ。,
d0e81a4acd55cfac60c2aa1bec155c08.bundle,徐媛收尾2,Say,メイ･ジョ,0,……,
d0e81a4acd55cfac60c2aa1bec155c08.bundle,徐媛收尾2,Say,メイ･ジョ,1,……,
d0e81a4acd55cfac60c2aa1bec155c08.bundle,徐媛收尾2,Say,メイ･ジョ,2,ジェイ。,
d0e81a4acd55cfac60c2aa1bec155c08.bundle,徐媛收尾2,Say,メイ･ジョ,3,あなたがここまで頑張るのは、すべてリン姉のためなのでしょう？,
d0e81a4acd55cfac60c2aa1bec155c08.bundle,徐媛收尾2,Say,心の声,0,以前より、態度が幾分か柔らかくなったな……,
d0e81a4acd55cfac60c2aa1bec155c08.bundle,徐媛收尾2,Branch,#Simple,0,そうだ。,
d0e81a4acd55cfac60c2aa1bec155c08.bundle,徐媛收尾2,Branch,#Simple,1,違う。,
d0e81a4acd55cfac60c2aa1bec155c08.bundle,徐媛收尾2,Say,メイ･ジョ,4,そうなの？,
d0e81a4acd55cfac60c2aa1bec155c08.bundle,徐媛收尾2,Say,メイ･ジョ,5,リン姉がそれを聞いたら、悲しむわよ。,
d0e81a4acd55cfac60c2aa1bec155c08.bundle,徐媛收尾2,Say,メイ･ジョ,6,まあ、今のあなたの言葉が本心とは思えないけどね。,
d0e81a4acd55cfac60c2aa1bec155c08.bundle,徐媛收尾2,Branch,#Simple,2,そんなことを聞いてどうする？,
d0e81a4acd55cfac60c2aa1bec155c08.bundle,徐媛收尾2,Branch,#Simple,3,あんたには関係のないことだ。,
d0e81a4acd55cfac60c2aa1bec155c08.bundle,徐媛收尾2,Say,メイ･ジョ,7,会うのはこれで最後なんだから、もう少し楽しくお喋りしましょうよ。,
d0e81a4acd55cfac60c2aa1bec155c08.bundle,徐媛收尾2,Say,心の声,1,……,
d0e81a4acd55cfac60c2aa1bec155c08.bundle,徐媛收尾2,Say,メイ･ジョ,8,……,
d0e81a4acd55cfac60c2aa1bec155c08.bundle,徐媛收尾2,Say,メイ･ジョ,9,君は私と似ていると思うの。,
d0e81a4acd55cfac60c2aa1bec155c08.bundle,徐媛收尾2,Say,心の声,2,口調が穏やかになった……,
d0e81a4acd55cfac60c2aa1bec155c08.bundle,徐媛收尾2,Say,メイ･ジョ,10,私たちはお互い、大切な人を自分自身以上に大事に思っている。,
d0e81a4acd55cfac60c2aa1bec155c08.bundle,徐媛收尾2,Say,メイ･ジョ,11,でも私たちは、その人が危険な道に進むのを止められない。,
d0e81a4acd55cfac60c2aa1bec155c08.bundle,徐媛收尾2,Say,メイ･ジョ,12,だから、彼らが傷つくのを見てるしかない。,
d0e81a4acd55cfac60c2aa1bec155c08.bundle,徐媛收尾2,Say,心の声,3,リン……,
d0e81a4acd55cfac60c2aa1bec155c08.bundle,徐媛收尾2,Branch,#Simple,4,何が言いたい？,
d0e81a4acd55cfac60c2aa1bec155c08.bundle,徐媛收尾2,Branch,#Simple,5,確かに似ているかもな。,
d0e81a4acd55cfac60c2aa1bec155c08.bundle,徐媛收尾2,Say,心の声,4,苦笑いを浮かべている……,
d0e81a4acd55cfac60c2aa1bec155c08.bundle,徐媛收尾2,Branch,#Simple,6,……,
d0e81a4acd55cfac60c2aa1bec155c08.bundle,徐媛收尾2,Say,メイ･ジョ,13,私たちみたいな人間は、最終的に二つの結末に辿り着く。,
d0e81a4acd55cfac60c2aa1bec155c08.bundle,徐媛收尾2,Say,メイ･ジョ,14,その人を守るために、行動の制限を課し始め、支配することで逆に傷つけてしまう。,
d0e81a4acd55cfac60c2aa1bec155c08.bundle,徐媛收尾2,Say,メイ･ジョ,15,またはその人の行動を尊重するために、離れた場所から見守ろうとする。,
d0e81a4acd55cfac60c2aa1bec155c08.bundle,徐媛收尾2,Say,メイ･ジョ,16,リン姉はそう簡単に支配されるとは思えないから、あなたは二つめのパターンでしょうね。,
d0e81a4acd55cfac60c2aa1bec155c08.bundle,徐媛收尾2,Say,メイ･ジョ,17,もしくは、二つ目でもないか……,
d0e81a4acd55cfac60c2aa1bec155c08.bundle,徐媛收尾2,Say,メイ･ジョ,18,リン姉はあなたより強いから、守られる必要はないのかもしれないわね。,
d0e81a4acd55cfac60c2aa1bec155c08.bundle,徐媛收尾2,Say,心の声,5,……,
d0e81a4acd55cfac60c2aa1bec155c08.bundle,徐媛收尾2,Say,メイ･ジョ,19,でも……,
d0e81a4acd55cfac60c2aa1bec155c08.bundle,徐媛收尾2,Say,メイ･ジョ,20,今の心身共に弱り切っているリン姉は違う。そんな彼女をあなたは守ろうとしている。,
d0e81a4acd55cfac60c2aa1bec155c08.bundle,徐媛收尾2,Say,メイ･ジョ,21,どう？何か間違っているかな？,
d0e81a4acd55cfac60c2aa1bec155c08.bundle,徐媛收尾2,Say,心の声,6,むしろ、まったくその通りだ。,
d0e81a4acd55cfac60c2aa1bec155c08.bundle,徐媛收尾2,Branch,#Simple,7,当たっている。,
d0e81a4acd55cfac60c2aa1bec155c08.bundle,徐媛收尾2,Say,メイ･ジョ,22,疲れるない？,
d0e81a4acd55cfac60c2aa1bec155c08.bundle,徐媛收尾2,Say,心の声,7,……,
d0e81a4acd55cfac60c2aa1bec155c08.bundle,徐媛收尾2,Branch,#Simple,8,だからなんだ？,
d0e81a4acd55cfac60c2aa1bec155c08.bundle,徐媛收尾2,Say,メイ･ジョ,23,だから……,
d0e81a4acd55cfac60c2aa1bec155c08.bundle,徐媛收尾2,Branch,#Simple,9,そんなことを聞いてどうする？,
d0e81a4acd55cfac60c2aa1bec155c08.bundle,徐媛收尾2,Say,メイ･ジョ,24,ジェイ･ダイ、私は君と同じ悩みを持っているのよ。,
d0e81a4acd55cfac60c2aa1bec155c08.bundle,徐媛收尾2,Say,メイ･ジョ,25,私たちは同じよ。,
d0e81a4acd55cfac60c2aa1bec155c08.bundle,徐媛收尾2,Say,メイ･ジョ,26,だからこそ、私はあなたに同情している。,
d0e81a4acd55cfac60c2aa1bec155c08.bundle,徐媛收尾2,Say,メイ･ジョ,27,……,
d0e81a4acd55cfac60c2aa1bec155c08.bundle,徐媛收尾2,Say,メイ･ジョ,28,あなたはこの間まで、誤った考えを持っていた。,
d0e81a4acd55cfac60c2aa1bec155c08.bundle,徐媛收尾2,Say,メイ･ジョ,29,あなたは、大きな体制に身を潜め、それを疑わず、異を唱えず過ごせば……,
d0e81a4acd55cfac60c2aa1bec155c08.bundle,徐媛收尾2,Say,メイ･ジョ,30,幸せな人生を送ることができると思っていた。,
d0e81a4acd55cfac60c2aa1bec155c08.bundle,徐媛收尾2,Say,メイ･ジョ,31,でもね、それはただの幻想よ。,
d0e81a4acd55cfac60c2aa1bec155c08.bundle,徐媛收尾2,Say,メイ･ジョ,32,今回、リン姉の身に起きた悲劇は、起きるべくして起きたことよ。,
d0e81a4acd55cfac60c2aa1bec155c08.bundle,徐媛收尾2,Branch,#Simple,10,なぜならそれは、彼女がその体制に挑もうとしていたから。,
d0e81a4acd55cfac60c2aa1bec155c08.bundle,徐媛收尾2,Say,メイ･ジョ,33,今回の彼女の行動は、将来起きるはずだった悲劇を早めただけ。,
d0e81a4acd55cfac60c2aa1bec155c08.bundle,徐媛收尾2,Say,メイ･ジョ,34,それとも、何もしなければ、彼女が巻き込まれることはなかったと思ってる？,
d0e81a4acd55cfac60c2aa1bec155c08.bundle,徐媛收尾2,Say,心の声,8,いや、リンなら……,
d0e81a4acd55cfac60c2aa1bec155c08.bundle,徐媛收尾2,Say,心の声,9,例え何もしなかったとしても、いずれ巻き込まれるはずだ……,
d0e81a4acd55cfac60c2aa1bec155c08.bundle,徐媛收尾2,Branch,#Simple,11,リンにはリンの選択がある。,
d0e81a4acd55cfac60c2aa1bec155c08.bundle,徐媛收尾2,Say,メイ･ジョ,35,あなただってそうよ。,
d0e81a4acd55cfac60c2aa1bec155c08.bundle,徐媛收尾2,Say,メイ･ジョ,36,あなたは、彼女に危険が訪れるまで、何もしない道を選んだ。,
d0e81a4acd55cfac60c2aa1bec155c08.bundle,徐媛收尾2,Say,心の声,10,それは……,
d0e81a4acd55cfac60c2aa1bec155c08.bundle,徐媛收尾2,Branch,#Simple,12,……,
d0e81a4acd55cfac60c2aa1bec155c08.bundle,徐媛收尾2,Say,メイ･ジョ,37,人間は、大きな体制の中にいると、理由もなく安心してしまうもの。,
d0e81a4acd55cfac60c2aa1bec155c08.bundle,徐媛收尾2,Say,メイ･ジョ,38,その体制がいくら理不尽で、悪意に満ちていたとしてもね……,
d0e81a4acd55cfac60c2aa1bec155c08.bundle,徐媛收尾2,Say,メイ･ジョ,39,私たちは、それを無意識に受け入れてしまう。,
d0e81a4acd55cfac60c2aa1bec155c08.bundle,徐媛收尾2,Say,メイ･ジョ,40,組織や体制に属していれば、皆と同じになれる、皆が大丈夫なら自分も大丈夫……,
d0e81a4acd55cfac60c2aa1bec155c08.bundle,徐媛收尾2,Say,メイ･ジョ,41,皆が従っているから、これは安全だと思い込んでしまうの。,
d0e81a4acd55cfac60c2aa1bec155c08.bundle,徐媛收尾2,Say,メイ･ジョ,42,でも、それは大きな間違いよ。,
d0e81a4acd55cfac60c2aa1bec155c08.bundle,徐媛收尾2,Say,メイ･ジョ,43,どんなものにも、グレーな部分が存在する。そして、誰かがその抜け穴を利用して悪事を働く。,
d0e81a4acd55cfac60c2aa1bec155c08.bundle,徐媛收尾2,Say,メイ･ジョ,44,体制に従っているだけのあなたは……,
d0e81a4acd55cfac60c2aa1bec155c08.bundle,徐媛收尾2,Say,メイ･ジョ,45,いずれ、その悪事に巻き込まれ、周りまでも巻き込む。,
d0e81a4acd55cfac60c2aa1bec155c08.bundle,徐媛收尾2,Say,メイ･ジョ,46,いつ巻き込まれるかは、誰にもわからないわ。,
d0e81a4acd55cfac60c2aa1bec155c08.bundle,徐媛收尾2,Say,メイ･ジョ,47,「ついてないから、不運に巻き込まれる」,
d0e81a4acd55cfac60c2aa1bec155c08.bundle,徐媛收尾2,Say,メイ･ジョ,48,自分が今日、ついているのか、いなのか、なんてわかるわけないもの。,
d0e81a4acd55cfac60c2aa1bec155c08.bundle,徐媛收尾2,Say,メイ･ジョ,49,運をコントロールすることなんてできなのよ。,
d0e81a4acd55cfac60c2aa1bec155c08.bundle,徐媛收尾2,Say,メイ･ジョ,50,だからこそ、備えておくべきなの。,
d0e81a4acd55cfac60c2aa1bec155c08.bundle,徐媛收尾2,Say,メイ･ジョ,51,でもその備えは、体制の改革や転覆を図ることじゃない。,
d0e81a4acd55cfac60c2aa1bec155c08.bundle,徐媛收尾2,Say,メイ･ジョ,52,一人の力で何かを変えたり、社会を浄化するなんて夢物語よ……,
d0e81a4acd55cfac60c2aa1bec155c08.bundle,徐媛收尾2,Say,メイ･ジョ,53,それに、自分を更なる危険に晒すだけ。,
d0e81a4acd55cfac60c2aa1bec155c08.bundle,徐媛收尾2,Say,メイ･ジョ,54,すべきことは、彼らの共犯者となり、共にその抜け穴を利用すること。,
d0e81a4acd55cfac60c2aa1bec155c08.bundle,徐媛收尾2,Say,メイ･ジョ,55,そして、より大きな抜け穴を見つけ、競争相手から搾取することよ。,
d0e81a4acd55cfac60c2aa1bec155c08.bundle,徐媛收尾2,Say,メイ･ジョ,56,より優位な立場に居続ける。それが今の私よ。,
d0e81a4acd55cfac60c2aa1bec155c08.bundle,徐媛收尾2,Say,メイ･ジョ,57,より安全で安定した未来を手にすれば、他者より多くの情報を手に入れ、大きな影響力を持つことができる。,
d0e81a4acd55cfac60c2aa1bec155c08.bundle,徐媛收尾2,Say,メイ･ジョ,58,そうすることで、人の上に立てる。,
d0e81a4acd55cfac60c2aa1bec155c08.bundle,徐媛收尾2,Say,メイ･ジョ,59,一番安全な場所がどこだかわかる？,
d0e81a4acd55cfac60c2aa1bec155c08.bundle,徐媛收尾2,Say,メイ･ジョ,60,すべての人の頂点よ。,
d0e81a4acd55cfac60c2aa1bec155c08.bundle,徐媛收尾2,Say,メイ･ジョ,61,そう思わない？,
d0e81a4acd55cfac60c2aa1bec155c08.bundle,徐媛收尾2,Say,心の声,11,彼女の言う通りだ……,
d0e81a4acd55cfac60c2aa1bec155c08.bundle,徐媛收尾2,Branch,#Simple,13,同意見だ。,
d0e81a4acd55cfac60c2aa1bec155c08.bundle,徐媛收尾2,Say,メイ･ジョ,62,あなたは賢い。,
d0e81a4acd55cfac60c2aa1bec155c08.bundle,徐媛收尾2,Say,メイ･ジョ,63,あなたは変われるわ。,
d0e81a4acd55cfac60c2aa1bec155c08.bundle,徐媛收尾2,Say,心の声,12,……,
d0e81a4acd55cfac60c2aa1bec155c08.bundle,徐媛收尾2,Branch,#Simple,14,それには賛同できないな。,
d0e81a4acd55cfac60c2aa1bec155c08.bundle,徐媛收尾2,Say,メイ･ジョ,64,あら。,
d0e81a4acd55cfac60c2aa1bec155c08.bundle,徐媛收尾2,Branch,#Simple,15,頂点こそ、最も危険な場所だ。,
d0e81a4acd55cfac60c2aa1bec155c08.bundle,徐媛收尾2,Say,メイ･ジョ,65,誰もがそこを狙っているからね。,
d0e81a4acd55cfac60c2aa1bec155c08.bundle,徐媛收尾2,Say,メイ･ジョ,66,でもその一方で、トップに立てば、誰よりも優位性を手にする。,
d0e81a4acd55cfac60c2aa1bec155c08.bundle,徐媛收尾2,Branch,#Simple,16,あんたは、すべての人が自分に害を及すと考えているようだが、それは違う。,
d0e81a4acd55cfac60c2aa1bec155c08.bundle,徐媛收尾2,Say,メイ･ジョ,67,あなたは何もわかっていない。,
d0e81a4acd55cfac60c2aa1bec155c08.bundle,徐媛收尾2,Say,メイ･ジョ,68,悪意を持って、害を与えているわけじゃないから面倒なのよ。,
d0e81a4acd55cfac60c2aa1bec155c08.bundle,徐媛收尾2,Say,メイ･ジョ,69,彼らは自分が欲しい物を手に入れようとしているだけ。,
d0e81a4acd55cfac60c2aa1bec155c08.bundle,徐媛收尾2,Say,メイ･ジョ,70,あなたへの被害なんて、ただの飛び火よ。,
d0e81a4acd55cfac60c2aa1bec155c08.bundle,徐媛收尾2,Say,メイ･ジョ,71,他者からしたら、あなたはただの道草にすぎない。,
d0e81a4acd55cfac60c2aa1bec155c08.bundle,徐媛收尾2,Branch,#Simple,17,害を及ぼす気はなくとも、他者を道草としか考えないやつには、惨めな結末が待ってるだけだ。,
d0e81a4acd55cfac60c2aa1bec155c08.bundle,徐媛收尾2,Say,メイ･ジョ,72,すべての人が、そうというわけではないわ。,
d0e81a4acd55cfac60c2aa1bec155c08.bundle,徐媛收尾2,Say,メイ･ジョ,73,皆のために世界を救いたがってる人なんて珍しくない。,
d0e81a4acd55cfac60c2aa1bec155c08.bundle,徐媛收尾2,Say,メイ･ジョ,74,私はそういう人を尊敬しているけど、残念ながら私たちとは違う。,
d0e81a4acd55cfac60c2aa1bec155c08.bundle,徐媛收尾2,Say,心の声,13,……確かに。,
d0e81a4acd55cfac60c2aa1bec155c08.bundle,徐媛收尾2,Say,メイ･ジョ,75,それともう一つ、皆が皆、惨めな結末を迎えるわけではないわ。,
d0e81a4acd55cfac60c2aa1bec155c08.bundle,徐媛收尾2,Say,メイ･ジョ,76,一番惨めなのは、この社会のシステムに気づかずに敗北する人よ。,
d0e81a4acd55cfac60c2aa1bec155c08.bundle,徐媛收尾2,Say,メイ･ジョ,77,長々と話したけど、選択するのはあなたよ。,
d0e81a4acd55cfac60c2aa1bec155c08.bundle,徐媛收尾2,Say,メイ･ジョ,78,無力なまま、いずれ訪れる不運を待ち続けるか。,
d0e81a4acd55cfac60c2aa1bec155c08.bundle,徐媛收尾2,Say,メイ･ジョ,79,それとも優位な立場を求めて、前に進むか。,
d0e81a4acd55cfac60c2aa1bec155c08.bundle,徐媛收尾2,Say,メイ･ジョ,80,……,
d0e81a4acd55cfac60c2aa1bec155c08.bundle,徐媛收尾2,Say,メイ･ジョ,81,あくまでも私は、自分の考えをあなたに話しただけ。,
d0e81a4acd55cfac60c2aa1bec155c08.bundle,徐媛收尾2,Say,メイ･ジョ,82,どう理解するかはあなた次第よ。,
d0e81a4acd55cfac60c2aa1bec155c08.bundle,徐媛收尾2,Branch,#Simple,18,そうだな。,
d0e81a4acd55cfac60c2aa1bec155c08.bundle,徐媛收尾2,Branch,#Simple,19,あんたの話には価値がない。,
d0e81a4acd55cfac60c2aa1bec155c08.bundle,徐媛收尾2,Say,メイ･ジョ,83,理解できなかったのなら、素直にそう言ってくれる？,
d0e81a4acd55cfac60c2aa1bec155c08.bundle,徐媛收尾2,Branch,#Simple,20,なんだと！,
d0e81a4acd55cfac60c2aa1bec155c08.bundle,徐媛收尾2,Say,メイ･ジョ,84,フフッ……,
d0e81a4acd55cfac60c2aa1bec155c08.bundle,徐媛收尾2,Say,メイ･ジョ,85,冗談よ。落ち着いて。,
d0e81a4acd55cfac60c2aa1bec155c08.bundle,徐媛收尾2,Branch,#Simple,21,理解はできるが、賛同することはできない。,
d0e81a4acd55cfac60c2aa1bec155c08.bundle,徐媛收尾2,Say,メイ･ジョ,86,はいはい。,
d0e81a4acd55cfac60c2aa1bec155c08.bundle,徐媛收尾2,Say,メイ･ジョ,87,私は別に、あなたと議論するために、こんな話をしてるわけじゃないわ。,
d0e81a4acd55cfac60c2aa1bec155c08.bundle,徐媛收尾2,Branch,#Simple,22,……,
d0e81a4acd55cfac60c2aa1bec155c08.bundle,徐媛收尾2,Branch,#Simple,23,考えておく。,
d0e81a4acd55cfac60c2aa1bec155c08.bundle,徐媛收尾2,Say,メイ･ジョ,88,そう。,
d0e81a4acd55cfac60c2aa1bec155c08.bundle,徐媛收尾2,Branch,#Simple,24,……,
d0e81a4acd55cfac60c2aa1bec155c08.bundle,徐媛收尾2,Say,メイ･ジョ,89,……,
d0e81a4acd55cfac60c2aa1bec155c08.bundle,徐媛收尾2,Say,メイ･ジョ,90,……,
d0e81a4acd55cfac60c2aa1bec155c08.bundle,徐媛收尾2,Say,メイ･ジョ,91,正直に答えてほしいのだけど……,
d0e81a4acd55cfac60c2aa1bec155c08.bundle,徐媛收尾2,Say,メイ･ジョ,92,ジェイは私を悪人だと思う？,
d0e81a4acd55cfac60c2aa1bec155c08.bundle,徐媛收尾2,Branch,#Simple,25,ああ。,
d0e81a4acd55cfac60c2aa1bec155c08.bundle,徐媛收尾2,Say,メイ･ジョ,93,そうよね。,
d0e81a4acd55cfac60c2aa1bec155c08.bundle,徐媛收尾2,Say,メイ･ジョ,94,……,
d0e81a4acd55cfac60c2aa1bec155c08.bundle,徐媛收尾2,Branch,#Simple,26,思わない。,
d0e81a4acd55cfac60c2aa1bec155c08.bundle,徐媛收尾2,Say,メイ･ジョ,95,……,
d0e81a4acd55cfac60c2aa1bec155c08.bundle,徐媛收尾2,Say,心の声,14,……彼女が優しく微笑むと違和を感じるな。,
d0e81a4acd55cfac60c2aa1bec155c08.bundle,徐媛收尾2,Branch,#Simple,27,悪人かどうかが、そんなに重要なことなのか？,
d0e81a4acd55cfac60c2aa1bec155c08.bundle,徐媛收尾2,Say,メイ･ジョ,96,正直に答えて。,
d0e81a4acd55cfac60c2aa1bec155c08.bundle,徐媛收尾2,Say,メイ･ジョ,97,目的の達成のために進み続けていると、最終的には手段に拘らなくなるのよ。,
d0e81a4acd55cfac60c2aa1bec155c08.bundle,徐媛收尾2,Say,メイ･ジョ,98,それにより、トゥキュディデスの罠が起こる。,
d0e81a4acd55cfac60c2aa1bec155c08.bundle,徐媛收尾2,Say,メイ･ジョ,99,物事への理解を深め、掌握すればするほど……,
d0e81a4acd55cfac60c2aa1bec155c08.bundle,徐媛收尾2,Say,メイ･ジョ,100,同時により多くの敵や陰謀、危険を目にすることになる……,
d0e81a4acd55cfac60c2aa1bec155c08.bundle,徐媛收尾2,Say,メイ･ジョ,101,世界が悪意に満ちているように見えてしまうの。,
d0e81a4acd55cfac60c2aa1bec155c08.bundle,徐媛收尾2,Say,メイ･ジョ,102,だから、より大きな支配を求める。,
d0e81a4acd55cfac60c2aa1bec155c08.bundle,徐媛收尾2,Say,メイ･ジョ,103,あなたが言った通り……,
d0e81a4acd55cfac60c2aa1bec155c08.bundle,徐媛收尾2,Say,メイ･ジョ,104,誰かに狙われているのではという不安感で、安寧を手放すことになる。,
d0e81a4acd55cfac60c2aa1bec155c08.bundle,徐媛收尾2,Say,メイ･ジョ,105,そして、常に神経を張り詰め、隙を見せない。,
d0e81a4acd55cfac60c2aa1bec155c08.bundle,徐媛收尾2,Say,メイ･ジョ,106,それが今の私。,
d0e81a4acd55cfac60c2aa1bec155c08.bundle,徐媛收尾2,Say,心の声,15,……,
d0e81a4acd55cfac60c2aa1bec155c08.bundle,徐媛收尾2,Say,メイ･ジョ,107,あなたは私のことを多少なりとも、理解してくれている。そして私は、あなたの敵になることはしばらくない。,
d0e81a4acd55cfac60c2aa1bec155c08.bundle,徐媛收尾2,Branch,#Simple,28,俺があんたの敵になる可能性もあるだろ。,
d0e81a4acd55cfac60c2aa1bec155c08.bundle,徐媛收尾2,Say,メイ･ジョ,108,それは心配していないわ。,
d0e81a4acd55cfac60c2aa1bec155c08.bundle,徐媛收尾2,Say,メイ･ジョ,109,あなたが敵になったとしても、弱いもの。,
d0e81a4acd55cfac60c2aa1bec155c08.bundle,徐媛收尾2,Say,心の声,16,……,
d0e81a4acd55cfac60c2aa1bec155c08.bundle,徐媛收尾2,Say,メイ･ジョ,110,怒らずに最後まで聞いて。,
d0e81a4acd55cfac60c2aa1bec155c08.bundle,徐媛收尾2,Say,メイ･ジョ,111,そう言ったのは、あなたは善人だからよ。,
d0e81a4acd55cfac60c2aa1bec155c08.bundle,徐媛收尾2,Say,メイ･ジョ,112,善人は、手段を選ばないような強硬手段は取らない。,
d0e81a4acd55cfac60c2aa1bec155c08.bundle,徐媛收尾2,Say,メイ･ジョ,113,でしょう？,
d0e81a4acd55cfac60c2aa1bec155c08.bundle,徐媛收尾2,Say,心の声,17,……,
d0e81a4acd55cfac60c2aa1bec155c08.bundle,徐媛收尾2,Branch,#Simple,29,だから俺にああ言ったのか？,
d0e81a4acd55cfac60c2aa1bec155c08.bundle,徐媛收尾2,Say,メイ･ジョ,114,ええ。,
d0e81a4acd55cfac60c2aa1bec155c08.bundle,徐媛收尾2,Branch,#Simple,30,……,
d0e81a4acd55cfac60c2aa1bec155c08.bundle,徐媛收尾2,Say,メイ･ジョ,115,……,
d0e81a4acd55cfac60c2aa1bec155c08.bundle,徐媛收尾2,Say,メイ･ジョ,116,私はそろそろ行くわ。,
d0e81a4acd55cfac60c2aa1bec155c08.bundle,徐媛收尾2,Say,メイ･ジョ,117,無駄話をたくさんしてしまったからね。,
d0e81a4acd55cfac60c2aa1bec155c08.bundle,徐媛收尾2,Say,心の声,18,いつものメイ･ジョだ。,
d0e81a4acd55cfac60c2aa1bec155c08.bundle,徐媛收尾2,Say,メイ･ジョ,118,最後に一つだけ忠告するわ。,
d0e81a4acd55cfac60c2aa1bec155c08.bundle,徐媛收尾2,Say,メイ･ジョ,119,私はあなたのことを調べた。,
d0e81a4acd55cfac60c2aa1bec155c08.bundle,徐媛收尾2,Say,メイ･ジョ,120,でも、真っ白よ。,
d0e81a4acd55cfac60c2aa1bec155c08.bundle,徐媛收尾2,Branch,#Simple,31,いいことじゃないか。,
d0e81a4acd55cfac60c2aa1bec155c08.bundle,徐媛收尾2,Say,メイ･ジョ,121,あなたって人は……,
d0e81a4acd55cfac60c2aa1bec155c08.bundle,徐媛收尾2,Branch,#Simple,32,何のために俺を調べたんだ？,
d0e81a4acd55cfac60c2aa1bec155c08.bundle,徐媛收尾2,Say,メイ･ジョ,122,あなたと関わっている以上、調べないわけにはいかないでしょ……,
d0e81a4acd55cfac60c2aa1bec155c08.bundle,徐媛收尾2,Say,メイ･ジョ,123,……そんなことより、問題はそこじゃないのよ。,
d0e81a4acd55cfac60c2aa1bec155c08.bundle,徐媛收尾2,Branch,#Simple,33,……,
d0e81a4acd55cfac60c2aa1bec155c08.bundle,徐媛收尾2,Say,メイ･ジョ,124,私は万象お抱えのプロよ。その私ですら、あなたの情報を調べることができなかった。,
d0e81a4acd55cfac60c2aa1bec155c08.bundle,徐媛收尾2,Say,メイ･ジョ,125,つまり、あなたの背後にいる人間は、万象以上の力を持っている。,
d0e81a4acd55cfac60c2aa1bec155c08.bundle,徐媛收尾2,Say,メイ･ジョ,126,あなたの背後にいる組織は、それほど危険ということよ。,
d0e81a4acd55cfac60c2aa1bec155c08.bundle,徐媛收尾2,Say,メイ･ジョ,127,そういった強大な力を持つ組織は、あなたのような取るに足らない人間を利用する駒としか考えていない。,
d0e81a4acd55cfac60c2aa1bec155c08.bundle,徐媛收尾2,Say,メイ･ジョ,128,あなたは、いつ捨てられてもおかしくない。,
d0e81a4acd55cfac60c2aa1bec155c08.bundle,徐媛收尾2,Say,メイ･ジョ,129,それを忘れないで。,
d0e81a4acd55cfac60c2aa1bec155c08.bundle,徐媛收尾2,Branch,#Simple,34,覚えておく。,
d0e81a4acd55cfac60c2aa1bec155c08.bundle,徐媛收尾2,Branch,#Simple,35,あんたの経験談か？,
d0e81a4acd55cfac60c2aa1bec155c08.bundle,徐媛收尾2,Say,メイ･ジョ,130,……,
d0e81a4acd55cfac60c2aa1bec155c08.bundle,徐媛收尾2,Branch,#Simple,36,……,
d0e81a4acd55cfac60c2aa1bec155c08.bundle,徐媛收尾2,Say,メイ･ジョ,131,じゃあね、ジェイ･ダイ。,
d0e81a4acd55cfac60c2aa1bec155c08.bundle,徐媛收尾2,Branch,#Simple,37,ああ。,
d0e81a4acd55cfac60c2aa1bec155c08.bundle,徐媛收尾2,Branch,#Simple,38,……,
d0e81a4acd55cfac60c2aa1bec155c08.bundle,徐媛收尾2,Say,心の声,19,……,
d0e81a4acd55cfac60c2aa1bec155c08.bundle,徐媛收尾2,Say,心の声,20,オフィスに戻るか。,
d0e81a4acd55cfac60c2aa1bec155c08.bundle,雙贏路線阿緯俊恩頂樓3,Say,イー･テイ,0,……,
d0e81a4acd55cfac60c2aa1bec155c08.bundle,雙贏路線阿緯俊恩頂樓3,Say,シュン･ゴ,0,……,
d0e81a4acd55cfac60c2aa1bec155c08.bundle,雙贏路線阿緯俊恩頂樓3,Say,イー･テイ,1,まさかこんなことになるなんて、信じられないよ……,
d0e81a4acd55cfac60c2aa1bec155c08.bundle,雙贏路線阿緯俊恩頂樓3,Say,シュン･ゴ,1,そうですね。,
d0e81a4acd55cfac60c2aa1bec155c08.bundle,雙贏路線阿緯俊恩頂樓3,Say,イー･テイ,2,……,
d0e81a4acd55cfac60c2aa1bec155c08.bundle,雙贏路線阿緯俊恩頂樓3,Say,イー･テイ,3,順調に行き過ぎて、逆に怪しく見えてくるよ。,
d0e81a4acd55cfac60c2aa1bec155c08.bundle,雙贏路線阿緯俊恩頂樓3,Say,シュン･ゴ,2,それは流石に考えすぎです。,
d0e81a4acd55cfac60c2aa1bec155c08.bundle,雙贏路線阿緯俊恩頂樓3,Say,イー･テイ,4,そうかな？アハハ！,
d0e81a4acd55cfac60c2aa1bec155c08.bundle,雙贏路線阿緯俊恩頂樓3,Say,イー･テイ,5,……,
d0e81a4acd55cfac60c2aa1bec155c08.bundle,雙贏路線阿緯俊恩頂樓3,Say,シュン･ゴ,3,……,
d0e81a4acd55cfac60c2aa1bec155c08.bundle,雙贏路線阿緯俊恩頂樓3,Say,イー･テイ,6,でも、改めて考えてみると……,
d0e81a4acd55cfac60c2aa1bec155c08.bundle,雙贏路線阿緯俊恩頂樓3,Say,イー･テイ,7,僕たちは最初から、この解決策を知っていたのかも知れないね。,
d0e81a4acd55cfac60c2aa1bec155c08.bundle,雙贏路線阿緯俊恩頂樓3,Say,イー･テイ,8,こんな土壇場じゃなくても、思いついたはずなんだ。,
d0e81a4acd55cfac60c2aa1bec155c08.bundle,雙贏路線阿緯俊恩頂樓3,Say,イー･テイ,9,ただ、僕たちがその可能性を一度も見ようとはしなかっただけだ……,
d0e81a4acd55cfac60c2aa1bec155c08.bundle,雙贏路線阿緯俊恩頂樓3,Say,シュン･ゴ,4,私もそう思います。,
d0e81a4acd55cfac60c2aa1bec155c08.bundle,雙贏路線阿緯俊恩頂樓3,Say,シュン･ゴ,5,あえて、あなたとの協力を避けていました……,
d0e81a4acd55cfac60c2aa1bec155c08.bundle,雙贏路線阿緯俊恩頂樓3,Say,イー･テイ,10,あの時の自分は、何であんなにも頑なだったんだろう……,
d0e81a4acd55cfac60c2aa1bec155c08.bundle,雙贏路線阿緯俊恩頂樓3,Say,シュン･ゴ,6,……私もです。,
d0e81a4acd55cfac60c2aa1bec155c08.bundle,雙贏路線阿緯俊恩頂樓3,Say,イー･テイ,11,……,
d0e81a4acd55cfac60c2aa1bec155c08.bundle,雙贏路線阿緯俊恩頂樓3,Branch,#Simple,0,二人はそれぞれ、責任と目的を背負っていましたから。,
d0e81a4acd55cfac60c2aa1bec155c08.bundle,雙贏路線阿緯俊恩頂樓3,Say,シュン･ゴ,7,どういう意味ですか？,
d0e81a4acd55cfac60c2aa1bec155c08.bundle,雙贏路線阿緯俊恩頂樓3,Say,イー･テイ,12,そうだよ。どういうこと？,
d0e81a4acd55cfac60c2aa1bec155c08.bundle,雙贏路線阿緯俊恩頂樓3,Branch,#Simple,1,他人の期待に応えることばかりに考えが回って、視野が狭くなっていたと思います。,
d0e81a4acd55cfac60c2aa1bec155c08.bundle,雙贏路線阿緯俊恩頂樓3,Say,シュン･ゴ,8,他人の期待……,
d0e81a4acd55cfac60c2aa1bec155c08.bundle,雙贏路線阿緯俊恩頂樓3,Say,イー･テイ,13,確かに、僕が一番心配していたのは、選別組の皆だった。,
d0e81a4acd55cfac60c2aa1bec155c08.bundle,雙贏路線阿緯俊恩頂樓3,Say,イー･テイ,14,だからシュン、あの時の君の言葉は正しかった。,
d0e81a4acd55cfac60c2aa1bec155c08.bundle,雙贏路線阿緯俊恩頂樓3,Say,シュン･ゴ,9,ですが、あの時の私は自分を見失っていて……,
d0e81a4acd55cfac60c2aa1bec155c08.bundle,雙贏路線阿緯俊恩頂樓3,Say,イー･テイ,15,そうかもしれないけど、君の言った言葉は当たってた。,
d0e81a4acd55cfac60c2aa1bec155c08.bundle,雙贏路線阿緯俊恩頂樓3,Say,シュン･ゴ,10,それを言うなら、私も同じです。,
d0e81a4acd55cfac60c2aa1bec155c08.bundle,雙贏路線阿緯俊恩頂樓3,Say,シュン･ゴ,11,セラーにいるマイナーのことより、操作組の皆の方が重要でした。,
d0e81a4acd55cfac60c2aa1bec155c08.bundle,雙贏路線阿緯俊恩頂樓3,Say,イー･テイ,16,僕らは同じだったってことか。,
d0e81a4acd55cfac60c2aa1bec155c08.bundle,雙贏路線阿緯俊恩頂樓3,Say,シュン･ゴ,12,はい。,
d0e81a4acd55cfac60c2aa1bec155c08.bundle,雙贏路線阿緯俊恩頂樓3,Branch,#Simple,2,一つのことに執着すればするほど、他人の考えが邪魔だと思ってしまう。,
d0e81a4acd55cfac60c2aa1bec155c08.bundle,雙贏路線阿緯俊恩頂樓3,Say,イー･テイ,17,それは……,
d0e81a4acd55cfac60c2aa1bec155c08.bundle,雙贏路線阿緯俊恩頂樓3,Say,シュン･ゴ,13,よくわかります。,
d0e81a4acd55cfac60c2aa1bec155c08.bundle,雙贏路線阿緯俊恩頂樓3,Say,シュン･ゴ,14,私が苦労して、プロジェクトを仕上げたい時に、誰かにそれを否定されたら……,
d0e81a4acd55cfac60c2aa1bec155c08.bundle,雙贏路線阿緯俊恩頂樓3,Say,シュン･ゴ,15,敵意を向けてしまうかもしれません。,
d0e81a4acd55cfac60c2aa1bec155c08.bundle,雙贏路線阿緯俊恩頂樓3,Say,シュン･ゴ,16,何でこの人は、私がやっていることの重要性を理解できないのか……,
d0e81a4acd55cfac60c2aa1bec155c08.bundle,雙贏路線阿緯俊恩頂樓3,Say,シュン･ゴ,17,なぜ彼は、自分が一番正しいと思っているのか……。そんな風に考えてしまいます。,
d0e81a4acd55cfac60c2aa1bec155c08.bundle,雙贏路線阿緯俊恩頂樓3,Say,イー･テイ,18,そう言われると、僕にも心当たりがあるな……,
d0e81a4acd55cfac60c2aa1bec155c08.bundle,雙贏路線阿緯俊恩頂樓3,Say,シュン･ゴ,18,人の心は複雑ですね……,
d0e81a4acd55cfac60c2aa1bec155c08.bundle,雙贏路線阿緯俊恩頂樓3,Say,イー･テイ,19,ハハ、でも、だからこそ面白い！,
d0e81a4acd55cfac60c2aa1bec155c08.bundle,雙贏路線阿緯俊恩頂樓3,Branch,#Simple,3,互いに、自分こそが正しいことをしていると信じていたからです。,
d0e81a4acd55cfac60c2aa1bec155c08.bundle,雙贏路線阿緯俊恩頂樓3,Say,イー･テイ,20,ハハ、そうだね……,
d0e81a4acd55cfac60c2aa1bec155c08.bundle,雙贏路線阿緯俊恩頂樓3,Say,シュン･ゴ,19,どういう意味ですか？,
d0e81a4acd55cfac60c2aa1bec155c08.bundle,雙贏路線阿緯俊恩頂樓3,Say,イー･テイ,21,ほら、自分のことを一番知っているのは自分だろう？,
d0e81a4acd55cfac60c2aa1bec155c08.bundle,雙贏路線阿緯俊恩頂樓3,Say,シュン･ゴ,20,つまり？,
d0e81a4acd55cfac60c2aa1bec155c08.bundle,雙贏路線阿緯俊恩頂樓3,Say,イー･テイ,22,自分が誰よりも、自分の行動が間違っていないことを知っているし、本気で問題の解決に取り組んでいることも知っている……,
d0e81a4acd55cfac60c2aa1bec155c08.bundle,雙贏路線阿緯俊恩頂樓3,Say,イー･テイ,23,だから、自分は正しい。,
d0e81a4acd55cfac60c2aa1bec155c08.bundle,雙贏路線阿緯俊恩頂樓3,Say,シュン･ゴ,21,……,
d0e81a4acd55cfac60c2aa1bec155c08.bundle,雙贏路線阿緯俊恩頂樓3,Say,イー･テイ,24,特に関わりが薄れていた相手に否定されたら尚更だよ。,
d0e81a4acd55cfac60c2aa1bec155c08.bundle,雙贏路線阿緯俊恩頂樓3,Say,イー･テイ,25,逆に相手の行動を疑ってしまう。,
d0e81a4acd55cfac60c2aa1bec155c08.bundle,雙贏路線阿緯俊恩頂樓3,Say,シュン･ゴ,22,まさに私の身に起きていたことですね。,
d0e81a4acd55cfac60c2aa1bec155c08.bundle,雙贏路線阿緯俊恩頂樓3,Say,イー･テイ,26,僕もだよ。,
d0e81a4acd55cfac60c2aa1bec155c08.bundle,雙贏路線阿緯俊恩頂樓3,Branch,#Simple,4,……,
d0e81a4acd55cfac60c2aa1bec155c08.bundle,雙贏路線阿緯俊恩頂樓3,Say,イー･テイ,27,……,
d0e81a4acd55cfac60c2aa1bec155c08.bundle,雙贏路線阿緯俊恩頂樓3,Say,シュン･ゴ,23,……,
d0e81a4acd55cfac60c2aa1bec155c08.bundle,雙贏路線阿緯俊恩頂樓3,Say,イー･テイ,28,ジェイ。,
d0e81a4acd55cfac60c2aa1bec155c08.bundle,雙贏路線阿緯俊恩頂樓3,Say,イー･テイ,29,君には感謝してもしきれない。,
d0e81a4acd55cfac60c2aa1bec155c08.bundle,雙贏路線阿緯俊恩頂樓3,Branch,#Simple,5,大したことはしていません。,
d0e81a4acd55cfac60c2aa1bec155c08.bundle,雙贏路線阿緯俊恩頂樓3,Branch,#Simple,6,改まって感謝されると、気持ち悪いですよ。,
d0e81a4acd55cfac60c2aa1bec155c08.bundle,雙贏路線阿緯俊恩頂樓3,Say,イー･テイ,30,ハハハ！そんなことを言わずにさ！,
d0e81a4acd55cfac60c2aa1bec155c08.bundle,雙贏路線阿緯俊恩頂樓3,Branch,#Simple,7,急にどうしたんですか？,
d0e81a4acd55cfac60c2aa1bec155c08.bundle,雙贏路線阿緯俊恩頂樓3,Branch,#Simple,8,……,
d0e81a4acd55cfac60c2aa1bec155c08.bundle,雙贏路線阿緯俊恩頂樓3,Say,イー･テイ,31,君のおかげで、僕たちは不毛な争いを終わらせられた。君がいなかったら、この工場はさらに悪化の一途だったはずだ……,
d0e81a4acd55cfac60c2aa1bec155c08.bundle,雙贏路線阿緯俊恩頂樓3,Say,イー･テイ,32,それに、僕たちにたくさんのことを気づかせてくれた。,
d0e81a4acd55cfac60c2aa1bec155c08.bundle,雙贏路線阿緯俊恩頂樓3,Say,シュン･ゴ,24,あなたのおかげで、あらゆる被害を食い止めることができました。,
d0e81a4acd55cfac60c2aa1bec155c08.bundle,雙贏路線阿緯俊恩頂樓3,Say,イー･テイ,33,……,
d0e81a4acd55cfac60c2aa1bec155c08.bundle,雙贏路線阿緯俊恩頂樓3,Say,イー･テイ,34,本当にありがとう。,
d0e81a4acd55cfac60c2aa1bec155c08.bundle,雙贏路線阿緯俊恩頂樓3,Say,シュン･ゴ,25,ありがとうございます。,
d0e81a4acd55cfac60c2aa1bec155c08.bundle,雙贏路線阿緯俊恩頂樓3,Branch,#Simple,9,こちらこそです。,
d0e81a4acd55cfac60c2aa1bec155c08.bundle,雙贏路線阿緯俊恩頂樓3,Branch,#Simple,10,むしろ、このような機会をいただきありがとうございます。,
d0e81a4acd55cfac60c2aa1bec155c08.bundle,雙贏路線阿緯俊恩頂樓3,Say,イー･テイ,35,ハハ！何だよそれ！,
d0e81a4acd55cfac60c2aa1bec155c08.bundle,雙贏路線阿緯俊恩頂樓3,Say,シュン･ゴ,26,あなたは変わった人ですね。,
d0e81a4acd55cfac60c2aa1bec155c08.bundle,雙贏路線阿緯俊恩頂樓3,Branch,#Simple,11,……,
d0e81a4acd55cfac60c2aa1bec155c08.bundle,雙贏路線阿緯俊恩頂樓3,Say,イー･テイ,36,……,
d0e81a4acd55cfac60c2aa1bec155c08.bundle,雙贏路線阿緯俊恩頂樓3,Branch,#Simple,12,こういうのには慣れていなくて。,
d0e81a4acd55cfac60c2aa1bec155c08.bundle,雙贏路線阿緯俊恩頂樓3,Say,イー･テイ,37,ハハハ！,
d0e81a4acd55cfac60c2aa1bec155c08.bundle,雙贏路線阿緯俊恩頂樓3,Say,シュン･ゴ,27,わかります。私も苦手です。,
d0e81a4acd55cfac60c2aa1bec155c08.bundle,雙贏路線阿緯俊恩頂樓3,Branch,#Simple,13,こういう時間は悪くないですね。,
d0e81a4acd55cfac60c2aa1bec155c08.bundle,雙贏路線阿緯俊恩頂樓3,Say,イー･テイ,38,そうだね。,
d0e81a4acd55cfac60c2aa1bec155c08.bundle,雙贏路線阿緯俊恩頂樓3,Say,シュン･ゴ,28,はい。,
d0e81a4acd55cfac60c2aa1bec155c08.bundle,雙贏路線阿緯俊恩頂樓3,Branch,#Simple,14,……,
d0e81a4acd55cfac60c2aa1bec155c08.bundle,雙贏路線阿緯俊恩頂樓3,Say,イー･テイ,39,友人と一緒に酒を飲みながら、夜風を感じる……,
d0e81a4acd55cfac60c2aa1bec155c08.bundle,雙贏路線阿緯俊恩頂樓3,Say,イー･テイ,40,このまま時が止まればいいのにね……,
d0e81a4acd55cfac60c2aa1bec155c08.bundle,雙贏路線阿緯俊恩頂樓3,Say,シュン･ゴ,29,私は、そうは思いません。,
d0e81a4acd55cfac60c2aa1bec155c08.bundle,雙贏路線阿緯俊恩頂樓3,Say,イー･テイ,41,えっ？,
d0e81a4acd55cfac60c2aa1bec155c08.bundle,雙贏路線阿緯俊恩頂樓3,Say,シュン･ゴ,30,この時間を特別だとは思いません。,
d0e81a4acd55cfac60c2aa1bec155c08.bundle,雙贏路線阿緯俊恩頂樓3,Say,イー･テイ,42,そ、そんな……,
d0e81a4acd55cfac60c2aa1bec155c08.bundle,雙贏路線阿緯俊恩頂樓3,Say,シュン･ゴ,31,今後はいつでも、こうやって会うことができます。,
d0e81a4acd55cfac60c2aa1bec155c08.bundle,雙贏路線阿緯俊恩頂樓3,Say,イー･テイ,43,え……,
d0e81a4acd55cfac60c2aa1bec155c08.bundle,雙贏路線阿緯俊恩頂樓3,Say,イー･テイ,44,ハハハハ！,
d0e81a4acd55cfac60c2aa1bec155c08.bundle,雙贏路線阿緯俊恩頂樓3,Say,イー･テイ,45,そうだね！,
d0e81a4acd55cfac60c2aa1bec155c08.bundle,雙贏路線阿緯俊恩頂樓3,Say,シュン･ゴ,32,今度はレイカも呼びましょう。三人で会うのは久しぶりです。,
d0e81a4acd55cfac60c2aa1bec155c08.bundle,雙贏路線阿緯俊恩頂樓3,Say,イー･テイ,46,レ、レイカ……？,
d0e81a4acd55cfac60c2aa1bec155c08.bundle,雙贏路線阿緯俊恩頂樓3,Say,シュン･ゴ,33,もう彼女と付き合っているのでしょう？,
d0e81a4acd55cfac60c2aa1bec155c08.bundle,雙贏路線阿緯俊恩頂樓3,Say,イー･テイ,47,う、うん！,
d0e81a4acd55cfac60c2aa1bec155c08.bundle,雙贏路線阿緯俊恩頂樓3,Say,イー･テイ,48,そうだ、そうだ！,
d0e81a4acd55cfac60c2aa1bec155c08.bundle,雙贏路線阿緯俊恩頂樓3,Say,イー･テイ,49,ジェイ、この件についても君には礼を言わないとね！,
d0e81a4acd55cfac60c2aa1bec155c08.bundle,雙贏路線阿緯俊恩頂樓3,Say,イー･テイ,50,レイカから聞いたよ！,
d0e81a4acd55cfac60c2aa1bec155c08.bundle,雙贏路線阿緯俊恩頂樓3,Say,イー･テイ,51,彼女が僕を誘ってくれたのは、君が助言してくれたからしいね！,
d0e81a4acd55cfac60c2aa1bec155c08.bundle,雙贏路線阿緯俊恩頂樓3,Branch,#Simple,15,彼女を大切してあげてください。,
d0e81a4acd55cfac60c2aa1bec155c08.bundle,雙贏路線阿緯俊恩頂樓3,Say,イー･テイ,52,も、もちろんだよ……！,
d0e81a4acd55cfac60c2aa1bec155c08.bundle,雙贏路線阿緯俊恩頂樓3,Say,イー･テイ,53,が、頑張ります……,
d0e81a4acd55cfac60c2aa1bec155c08.bundle,雙贏路線阿緯俊恩頂樓3,Branch,#Simple,16,では、賃金の引き上げと、次期マネージャーの座をお願いします。,
d0e81a4acd55cfac60c2aa1bec155c08.bundle,雙贏路線阿緯俊恩頂樓3,Say,イー･テイ,54,そ、それはだめ！プライベートと仕事はちゃんと分けてないとね！,
d0e81a4acd55cfac60c2aa1bec155c08.bundle,雙贏路線阿緯俊恩頂樓3,Say,イー･テイ,55,ご飯を奢るよ。それでどうかな？,
d0e81a4acd55cfac60c2aa1bec155c08.bundle,雙贏路線阿緯俊恩頂樓3,Say,シュン･ゴ,34,誠意の感じられない感謝ですね。,
d0e81a4acd55cfac60c2aa1bec155c08.bundle,雙贏路線阿緯俊恩頂樓3,Say,イー･テイ,56,そ、そんな……,
d0e81a4acd55cfac60c2aa1bec155c08.bundle,雙贏路線阿緯俊恩頂樓3,Branch,#Simple,17,それでいいですよ。,
d0e81a4acd55cfac60c2aa1bec155c08.bundle,雙贏路線阿緯俊恩頂樓3,Branch,#Simple,18,さっきのは冗談ですよ。,
d0e81a4acd55cfac60c2aa1bec155c08.bundle,雙贏路線阿緯俊恩頂樓3,Say,イー･テイ,57,な、ならよかった……,
d0e81a4acd55cfac60c2aa1bec155c08.bundle,雙贏路線阿緯俊恩頂樓3,Branch,#Simple,19,……,
d0e81a4acd55cfac60c2aa1bec155c08.bundle,雙贏路線阿緯俊恩頂樓3,Branch,#Simple,20,……,
d0e81a4acd55cfac60c2aa1bec155c08.bundle,雙贏路線阿緯俊恩頂樓3,Say,シュン･ゴ,35,レイカとのデートの際に、緊張しすぎて変な歩き方をしていませんか？,
d0e81a4acd55cfac60c2aa1bec155c08.bundle,雙贏路線阿緯俊恩頂樓3,Say,イー･テイ,58,そ、そんなことないよ……！,
d0e81a4acd55cfac60c2aa1bec155c08.bundle,雙贏路線阿緯俊恩頂樓3,Say,シュン･ゴ,36,彼女のことになると、しどろもどろになる癖は、直した方が良さそうですね。,
d0e81a4acd55cfac60c2aa1bec155c08.bundle,雙贏路線阿緯俊恩頂樓3,Say,シュン･ゴ,37,ジェイもそう思いませんか？,
d0e81a4acd55cfac60c2aa1bec155c08.bundle,雙贏路線阿緯俊恩頂樓3,Branch,#Simple,21,全くもって同意見です。,
d0e81a4acd55cfac60c2aa1bec155c08.bundle,雙贏路線阿緯俊恩頂樓3,Branch,#Simple,22,確かにそうですね！,
d0e81a4acd55cfac60c2aa1bec155c08.bundle,雙贏路線阿緯俊恩頂樓3,Branch,#Simple,23,そんなイーちゃんも面白くて良いと思います。,
d0e81a4acd55cfac60c2aa1bec155c08.bundle,雙贏路線阿緯俊恩頂樓3,Say,シュン･ゴ,38,ハハ、そうですね。,
d0e81a4acd55cfac60c2aa1bec155c08.bundle,雙贏路線阿緯俊恩頂樓3,Say,イー･テイ,59,ちょっと二人ともやめてよ……！,
d0e81a4acd55cfac60c2aa1bec155c08.bundle,雙贏路線阿緯俊恩頂樓3,Say,イー･テイ,60,……,
d0e81a4acd55cfac60c2aa1bec155c08.bundle,雙贏路線阿緯俊恩頂樓3,Say,イー･テイ,61,ふぅ……,
d0e81a4acd55cfac60c2aa1bec155c08.bundle,雙贏路線阿緯俊恩頂樓3,Say,イー･テイ,62,でも……,
d0e81a4acd55cfac60c2aa1bec155c08.bundle,雙贏路線阿緯俊恩頂樓3,Say,イー･テイ,63,確かに僕も、サイレントと同じく変わらないとね。,
d0e81a4acd55cfac60c2aa1bec155c08.bundle,雙贏路線阿緯俊恩頂樓3,Say,シュン･ゴ,39,私たち皆が変わらないといけません。,
d0e81a4acd55cfac60c2aa1bec155c08.bundle,雙贏路線阿緯俊恩頂樓3,Say,イー･テイ,64,そうだね！,
d0e81a4acd55cfac60c2aa1bec155c08.bundle,雙贏路線阿緯俊恩頂樓3,Say,イー･テイ,65,これからは僕たちの時代だ！,
d0e81a4acd55cfac60c2aa1bec155c08.bundle,雙贏路線阿緯俊恩頂樓3,Say,シュン･ゴ,40,ずいぶんと熱くなっていますね。,
d0e81a4acd55cfac60c2aa1bec155c08.bundle,雙贏路線阿緯俊恩頂樓3,Say,イー･テイ,66,感じるか！僕の情熱を！,
d0e81a4acd55cfac60c2aa1bec155c08.bundle,雙贏路線阿緯俊恩頂樓3,Say,シュン･ゴ,41,ええ、うざいくらいには。,
d0e81a4acd55cfac60c2aa1bec155c08.bundle,雙贏路線阿緯俊恩頂樓3,Say,イー･テイ,67,ハハハ！,
d0e81a4acd55cfac60c2aa1bec155c08.bundle,雙贏路線阿緯俊恩頂樓3,Say,イー･テイ,68,ジェイ。,
d0e81a4acd55cfac60c2aa1bec155c08.bundle,雙贏路線阿緯俊恩頂樓3,Say,イー･テイ,69,こっちはもう大丈夫だから。,
d0e81a4acd55cfac60c2aa1bec155c08.bundle,雙贏路線阿緯俊恩頂樓3,Say,イー･テイ,70,もし他に用があるなら先に行ってきていいよ。,
d0e81a4acd55cfac60c2aa1bec155c08.bundle,雙贏路線阿緯俊恩頂樓3,Say,イー･テイ,71,でも、これだけは忘れないで！,
d0e81a4acd55cfac60c2aa1bec155c08.bundle,雙贏路線阿緯俊恩頂樓3,Say,イー･テイ,72,君はこの工場を救ってくれた。僕たちは君に借りがある。,
d0e81a4acd55cfac60c2aa1bec155c08.bundle,雙贏路線阿緯俊恩頂樓3,Branch,#Simple,24,大げさですよ。,
d0e81a4acd55cfac60c2aa1bec155c08.bundle,雙贏路線阿緯俊恩頂樓3,Say,イー･テイ,73,それだけのことを君がしてくれたってことだよ！,
d0e81a4acd55cfac60c2aa1bec155c08.bundle,雙贏路線阿緯俊恩頂樓3,Say,シュン･ゴ,42,私も同意見です。,
d0e81a4acd55cfac60c2aa1bec155c08.bundle,雙贏路線阿緯俊恩頂樓3,Branch,#Simple,25,覚えておきます。,
d0e81a4acd55cfac60c2aa1bec155c08.bundle,雙贏路線阿緯俊恩頂樓3,Say,シュン･ゴ,43,はい。,
d0e81a4acd55cfac60c2aa1bec155c08.bundle,雙贏路線阿緯俊恩頂樓3,Branch,#Simple,26,工場を救ったのはあなたたちです。,
d0e81a4acd55cfac60c2aa1bec155c08.bundle,雙贏路線阿緯俊恩頂樓3,Say,シュン･ゴ,44,謙虚ですね。,
d0e81a4acd55cfac60c2aa1bec155c08.bundle,雙贏路線阿緯俊恩頂樓3,Say,イー･テイ,74,ハハハ、ほんとだね！,
d0e81a4acd55cfac60c2aa1bec155c08.bundle,雙贏路線阿緯俊恩頂樓3,Say,イー･テイ,75,じゃ、また明日ね。,
d0e81a4acd55cfac60c2aa1bec155c08.bundle,雙贏路線阿緯俊恩頂樓3,Say,シュン･ゴ,45,ジェイの配属日は来週でしたよね？,
d0e81a4acd55cfac60c2aa1bec155c08.bundle,雙贏路線阿緯俊恩頂樓3,Say,イー･テイ,76,あ、そうだ。まだ正式な職員じゃなかった……！,
d0e81a4acd55cfac60c2aa1bec155c08.bundle,雙贏路線阿緯俊恩頂樓3,Say,イー･テイ,77,配属前に、こんな大きな手柄を上げるなんて……,
d0e81a4acd55cfac60c2aa1bec155c08.bundle,雙贏路線阿緯俊恩頂樓3,Say,イー･テイ,78,君は将来有望だね。ハハハ！,
d0e81a4acd55cfac60c2aa1bec155c08.bundle,雙贏路線阿緯俊恩頂樓3,Say,シュン･ゴ,46,今更それに気づいたのですか？,
d0e81a4acd55cfac60c2aa1bec155c08.bundle,雙贏路線阿緯俊恩頂樓3,Say,イー･テイ,79,じゃ、君の方が先にジェイの凄さに気づいてたって言いたいのかい？,
d0e81a4acd55cfac60c2aa1bec155c08.bundle,雙贏路線阿緯俊恩頂樓3,Say,シュン･ゴ,47,そんなつもりはありませんよ。,
d0e81a4acd55cfac60c2aa1bec155c08.bundle,雙贏路線阿緯俊恩頂樓3,Say,イー･テイ,80,絶対そうだろう！！！,
d0e81a4acd55cfac60c2aa1bec155c08.bundle,雙贏路線阿緯俊恩頂樓3,Say,イー･テイ,81,あ、ジェイはもう行っていいよ。アハハ、ごめんね。,
d0e81a4acd55cfac60c2aa1bec155c08.bundle,雙贏路線阿緯俊恩頂樓3,Say,シュン･ゴ,48,では、また。,
d0e81a4acd55cfac60c2aa1bec155c08.bundle,雙贏路線阿緯俊恩頂樓3,Say,イー･テイ,82,また来週ね！,
d0e81a4acd55cfac60c2aa1bec155c08.bundle,雙贏路線阿緯俊恩頂樓3,Branch,#Simple,27,はい、失礼します。,
d0e81a4acd55cfac60c2aa1bec155c08.bundle,雙贏路線阿緯俊恩頂樓3,Branch,#Simple,28,来週からここで働くのを楽しみにしてます。,
d0e81a4acd55cfac60c2aa1bec155c08.bundle,雙贏路線阿緯俊恩頂樓3,Say,イー･テイ,83,ハハハ、職員の鏡だね。,
d0e81a4acd55cfac60c2aa1bec155c08.bundle,雙贏路線阿緯俊恩頂樓3,Say,シュン･ゴ,49,ほんとですね。,
d0e81a4acd55cfac60c2aa1bec155c08.bundle,雙贏路線阿緯俊恩頂樓3,Branch,#Simple,29,二人に会えてよかったです。ありがとうございました。,
d0e81a4acd55cfac60c2aa1bec155c08.bundle,雙贏路線阿緯俊恩頂樓3,Say,イー･テイ,84,そんなんじゃ、今生のお別れみたいだよ！,
d0e81a4acd55cfac60c2aa1bec155c08.bundle,雙贏路線阿緯俊恩頂樓3,Say,シュン･ゴ,50,そうでしょうか？,
d0e81a4acd55cfac60c2aa1bec155c08.bundle,雙贏路線阿緯俊恩頂樓3,Say,イー･テイ,85,そうだよ。まるで会うのがこれで最後って感じだ！,
d0e81a4acd55cfac60c2aa1bec155c08.bundle,雙贏路線阿緯俊恩頂樓3,Say,イー･テイ,86,ジェイ！君は僕らの大切な仲間だからね！,
d0e81a4acd55cfac60c2aa1bec155c08.bundle,雙贏路線阿緯俊恩頂樓3,Say,イー･テイ,87,忘れるないでよ！,
d0e81a4acd55cfac60c2aa1bec155c08.bundle,雙贏路線阿緯俊恩頂樓3,Say,シュン･ゴ,51,少し堅い返しをしただけだと思いますよ……,
d0e81a4acd55cfac60c2aa1bec155c08.bundle,雙贏路線阿緯俊恩頂樓3,Say,シュン･ゴ,52,ですが、確かに大切な仲間です。,
d0e81a4acd55cfac60c2aa1bec155c08.bundle,雙贏路線阿緯俊恩頂樓3,Branch,#Simple,30,ありがとうございます。,
d0e81a4acd55cfac60c2aa1bec155c08.bundle,雙贏路線阿緯俊恩頂樓3,Branch,#Simple,31,……,
d0e81a4acd55cfac60c2aa1bec155c08.bundle,雙贏路線阿緯俊恩頂樓3,Say,イー･テイ,88,じゃ、そろそろ解散しようか。,
d0e81a4acd55cfac60c2aa1bec155c08.bundle,雙贏路線阿緯俊恩頂樓3,Say,イー･テイ,89,またね！,
d0e81a4acd55cfac60c2aa1bec155c08.bundle,雙贏路線阿緯俊恩頂樓3,Say,シュン･ゴ,53,また。,
d0e81a4acd55cfac60c2aa1bec155c08.bundle,雙贏路線阿緯俊恩頂樓3,Branch,#Simple,32,……,
d0e81a4acd55cfac60c2aa1bec155c08.bundle,換衣服,Say,リュウセイ･チョウ,0,ジェイの兄貴！,
d0e81a4acd55cfac60c2aa1bec155c08.bundle,換衣服,Say,リュウセイ･チョウ,1,着替え終わったっすか？こっちに来てほしいっす！,
d0e81a4acd55cfac60c2aa1bec155c08.bundle,換衣服,Branch,#Simple,0,ああ、すぐ下りる。,
d0e81a4acd55cfac60c2aa1bec155c08.bundle,換衣服,Branch,#Simple,1,……,
d0e81a4acd55cfac60c2aa1bec155c08.bundle,換衣服,Say,リュウセイ･チョウ,2,スイ姉から渡されたデジタルマスクも一緒に持ってきてほしいっす！,
d0e81a4acd55cfac60c2aa1bec155c08.bundle,跟黑面搭話2,Say,チシュン･ソウ,0,君たち何をしてるんだい？もうすぐで雇い主が……,
d0e81a4acd55cfac60c2aa1bec155c08.bundle,跟黑面搭話2,Say,トラさん,0,おい！チシュン！この男が病院にいた男かどうかを見てくれ……,
d0e81a4acd55cfac60c2aa1bec155c08.bundle,跟黑面搭話2,Say,チシュン･ソウ,1,こいつは……！？,
d0e81a4acd55cfac60c2aa1bec155c08.bundle,跟黑面搭話2,Say,チシュン･ソウ,2,こいつ、ヘイカ病院で君を殴った男だよ。,
d0e81a4acd55cfac60c2aa1bec155c08.bundle,跟黑面搭話2,Say,チシュン･ソウ,3,君、覚えてなかったの？,
d0e81a4acd55cfac60c2aa1bec155c08.bundle,跟黑面搭話2,Say,トラさん,1,あ、いや、もちろん覚えていたとも！,
d0e81a4acd55cfac60c2aa1bec155c08.bundle,跟黑面搭話2,Say,心の声,0,まずい……,
d0e81a4acd55cfac60c2aa1bec155c08.bundle,跟黑面搭話2,Say,心の声,1,23号からの指示がない……どうしたんだ？,
d0e81a4acd55cfac60c2aa1bec155c08.bundle,跟黑面搭話2,Say,チシュン･ソウ,4,はぁ……,
d0e81a4acd55cfac60c2aa1bec155c08.bundle,跟黑面搭話2,Say,チシュン･ソウ,5,ねえ、君……,
d0e81a4acd55cfac60c2aa1bec155c08.bundle,跟黑面搭話2,Say,チシュン･ソウ,6,そのデジタルマスク消したら？もう意味もないだろう？,
d0e81a4acd55cfac60c2aa1bec155c08.bundle,跟黑面搭話2,Say,心の声,2,……,
d0e81a4acd55cfac60c2aa1bec155c08.bundle,跟黑面搭話2,Say,チシュン･ソウ,7,君は、どうしてここにいるのかな？,
d0e81a4acd55cfac60c2aa1bec155c08.bundle,跟黑面搭話2,Say,チシュン･ソウ,8,復讐のため？,
d0e81a4acd55cfac60c2aa1bec155c08.bundle,跟黑面搭話2,Say,チシュン･ソウ,9,でも、復讐したいのはトラさんの方だよね？,
d0e81a4acd55cfac60c2aa1bec155c08.bundle,跟黑面搭話2,Say,チシュン･ソウ,10,彼、一方的に殴られたわけだし。,
d0e81a4acd55cfac60c2aa1bec155c08.bundle,跟黑面搭話2,Say,チシュン･ソウ,11,まだ傷も治ってないみたいだよ。,
d0e81a4acd55cfac60c2aa1bec155c08.bundle,跟黑面搭話2,Say,トラさん,2,おい！勝手なこと言うなよ。,
d0e81a4acd55cfac60c2aa1bec155c08.bundle,跟黑面搭話2,Say,チシュン･ソウ,12,あのね、僕たちは今、大事な取引の真っ最中なんだ。,
d0e81a4acd55cfac60c2aa1bec155c08.bundle,跟黑面搭話2,Say,チシュン･ソウ,13,だから君と遊んでいる暇はない……,
d0e81a4acd55cfac60c2aa1bec155c08.bundle,跟黑面搭話2,Say,チシュン･ソウ,14,ここから出て行ってくれるかな？,
d0e81a4acd55cfac60c2aa1bec155c08.bundle,跟黑面搭話2,Branch,#Simple,0,チシュン、子どもたちはどこだ。,
d0e81a4acd55cfac60c2aa1bec155c08.bundle,跟黑面搭話2,Say,チシュン･ソウ,15,子ども……？,
d0e81a4acd55cfac60c2aa1bec155c08.bundle,跟黑面搭話2,Say,チシュン･ソウ,16,……君、僕たちの取引のことを知ってるのかい？,
d0e81a4acd55cfac60c2aa1bec155c08.bundle,跟黑面搭話2,Branch,#Simple,1,わかった。,
d0e81a4acd55cfac60c2aa1bec155c08.bundle,跟黑面搭話2,Branch,#Simple,2,……,
d0e81a4acd55cfac60c2aa1bec155c08.bundle,跟黑面搭話2,Say,チシュン･ソウ,17,……,
d0e81a4acd55cfac60c2aa1bec155c08.bundle,跟黑面搭話2,Say,チシュン･ソウ,18,待て。,
d0e81a4acd55cfac60c2aa1bec155c08.bundle,跟黑面搭話2,Say,チシュン･ソウ,19,君は一体何者なんだい？,
d0e81a4acd55cfac60c2aa1bec155c08.bundle,跟黑面搭話2,Say,チシュン･ソウ,20,ボスが逃がしちゃった女も、君の恋人だったし……,
d0e81a4acd55cfac60c2aa1bec155c08.bundle,跟黑面搭話2,Say,チシュン･ソウ,21,……,
d0e81a4acd55cfac60c2aa1bec155c08.bundle,跟黑面搭話2,Say,チシュン･ソウ,22,気が変わった。,
d0e81a4acd55cfac60c2aa1bec155c08.bundle,跟黑面搭話2,Say,チシュン･ソウ,23,君とはちゃんと話すべきかもしれない……,
d0e81a4acd55cfac60c2aa1bec155c08.bundle,跟黑面搭話2,Branch,#Simple,3,聞きたいことがあるなら、答えてやるよ。,
d0e81a4acd55cfac60c2aa1bec155c08.bundle,跟黑面搭話2,Say,チシュン･ソウ,24,いいよ、いいよ。,
d0e81a4acd55cfac60c2aa1bec155c08.bundle,跟黑面搭話2,Say,チシュン･ソウ,25,君の嘘を聞いてる暇はないからね。,
d0e81a4acd55cfac60c2aa1bec155c08.bundle,跟黑面搭話2,Say,チシュン･ソウ,26,先に痛めつけた方が、お互い楽だ。,
d0e81a4acd55cfac60c2aa1bec155c08.bundle,跟黑面搭話2,Branch,#Simple,4,こっちもお前とけりをつけるつもりだった。,
d0e81a4acd55cfac60c2aa1bec155c08.bundle,跟黑面搭話2,Say,チシュン･ソウ,27,アハハ、それ本気？,
d0e81a4acd55cfac60c2aa1bec155c08.bundle,跟黑面搭話2,Say,チシュン･ソウ,28,ここに僕の部下が何人いると思ってるの？,
d0e81a4acd55cfac60c2aa1bec155c08.bundle,跟黑面搭話2,Branch,#Simple,5,……,
d0e81a4acd55cfac60c2aa1bec155c08.bundle,跟黑面搭話2,Say,チシュン･ソウ,29,黒面、やれ。,
d0e81a4acd55cfac60c2aa1bec155c08.bundle,跟黑面搭話2,Say,トラさん,3,おいおい、何で黒面なんだよ！？俺に復讐させてくれよ！,
d0e81a4acd55cfac60c2aa1bec155c08.bundle,跟黑面搭話2,Say,チシュン･ソウ,30,君、一回負けたよね？,
d0e81a4acd55cfac60c2aa1bec155c08.bundle,跟黑面搭話2,Say,チシュン･ソウ,31,それに、そんな身体でやる気？,
d0e81a4acd55cfac60c2aa1bec155c08.bundle,跟黑面搭話2,Say,トラさん,4,……,
d0e81a4acd55cfac60c2aa1bec155c08.bundle,跟黑面搭話2,Say,チシュン･ソウ,32,わかったなら、黙って見てろよ。,
d0e81a4acd55cfac60c2aa1bec155c08.bundle,跟黑面搭話2,Say,チシュン･ソウ,33,黒面、がっかりさせないでね。,
d0e81a4acd55cfac60c2aa1bec155c08.bundle,跟黑面搭話2,Say,モー･カー,0,断る。,
d0e81a4acd55cfac60c2aa1bec155c08.bundle,跟黑面搭話2,Say,チシュン･ソウ,34,……,
d0e81a4acd55cfac60c2aa1bec155c08.bundle,跟黑面搭話2,Say,チシュン･ソウ,35,……はあ？,
d0e81a4acd55cfac60c2aa1bec155c08.bundle,跟黑面搭話2,Say,モー･カー,1,我が武術は双子連弾。弟不在では、実力のすべてを発揮することはできぬ。,
d0e81a4acd55cfac60c2aa1bec155c08.bundle,跟黑面搭話2,Say,トラさん,5,すげえ……,
d0e81a4acd55cfac60c2aa1bec155c08.bundle,跟黑面搭話2,Say,チシュン･ソウ,36,……はぁ？じゃ、弟はどこにいるんだ？,
d0e81a4acd55cfac60c2aa1bec155c08.bundle,跟黑面搭話2,Say,モー･カー,2,厠だ。,
d0e81a4acd55cfac60c2aa1bec155c08.bundle,跟黑面搭話2,Say,チシュン･ソウ,37,君、ふざけてるの？それとも君の組織は、全員頭のネジが飛んでいるのか？,
d0e81a4acd55cfac60c2aa1bec155c08.bundle,跟黑面搭話2,Say,イー･カー,0,兄者！！！！！！！！！！！！,
d0e81a4acd55cfac60c2aa1bec155c08.bundle,跟黑面搭話2,Say,モー･カー,3,弟よ！！！！！！！！！！！！！,
d0e81a4acd55cfac60c2aa1bec155c08.bundle,跟黑面搭話2,Say,イー･カー,1,ただいま帰って参りました！,
d0e81a4acd55cfac60c2aa1bec155c08.bundle,跟黑面搭話2,Say,モー･カー,4,おお、我が弟よ！,
d0e81a4acd55cfac60c2aa1bec155c08.bundle,跟黑面搭話2,Say,モー･カー,5,目の前のこやつは、我らの敵だ！,
d0e81a4acd55cfac60c2aa1bec155c08.bundle,跟黑面搭話2,Say,イー･カー,2,ならば、ゆきましょう兄者！,
d0e81a4acd55cfac60c2aa1bec155c08.bundle,跟黑面搭話2,Say,チシュン･ソウ,38,何でもいいからさ……,
d0e81a4acd55cfac60c2aa1bec155c08.bundle,跟黑面搭話2,Say,チシュン･ソウ,39,早くこいつを半殺しにしてくれ。,
d0e81a4acd55cfac60c2aa1bec155c08.bundle,跟黑面搭話2,Say,モー･カー,6,はっ！,
d0e81a4acd55cfac60c2aa1bec155c08.bundle,白壁虎踹人後對話,Say,心の声,0,ぐっ……,
d0e81a4acd55cfac60c2aa1bec155c08.bundle,白壁虎踹人後對話,Say,心の声,1,こ、呼吸ができない……！,
d0e81a4acd55cfac60c2aa1bec155c08.bundle,白壁虎踹人後對話,Say,キンセイ･ハク,0,さあ、ちゃんと吸って吸って。,
d0e81a4acd55cfac60c2aa1bec155c08.bundle,白壁虎踹人後對話,Say,キンセイ･ハク,1,大丈夫、死にはしないさ。,
d0e81a4acd55cfac60c2aa1bec155c08.bundle,白壁虎踹人後對話,Say,キンセイ･ハク,2,ちゃんと呼吸ができればね。,
d0e81a4acd55cfac60c2aa1bec155c08.bundle,白壁虎踹人後對話2,Say,セイ･ラ,0,確かにフクロウを捕まえました。,
d0e81a4acd55cfac60c2aa1bec155c08.bundle,白壁虎踹人後對話2,Say,キンセイ･ハク,0,白髪の女か？,
d0e81a4acd55cfac60c2aa1bec155c08.bundle,白壁虎踹人後對話2,Say,セイ･ラ,1,……違います。,
d0e81a4acd55cfac60c2aa1bec155c08.bundle,白壁虎踹人後對話2,Say,キンセイ･ハク,1,……,
d0e81a4acd55cfac60c2aa1bec155c08.bundle,白壁虎踹人後對話2,Say,セイ･ラ,2,行きましょう。,
d0e81a4acd55cfac60c2aa1bec155c08.bundle,白壁虎踹人後對話2,Say,セイ･ラ,3,商品のチェックも終わっています。,
d0e81a4acd55cfac60c2aa1bec155c08.bundle,白壁虎踹人後對話2,Say,キンセイ･ハク,2,お前にちゃんと見張ってろと言ったよな？,
d0e81a4acd55cfac60c2aa1bec155c08.bundle,白壁虎踹人後對話2,Say,セイ･ラ,4,ですが、今、見張りの4人が……,
d0e81a4acd55cfac60c2aa1bec155c08.bundle,白壁虎踹人後對話2,Say,キンセイ･ハク,3,見張ってろと言ったよな？,
d0e81a4acd55cfac60c2aa1bec155c08.bundle,白壁虎踹人後對話2,Say,セイ･ラ,5,……,
d0e81a4acd55cfac60c2aa1bec155c08.bundle,白壁虎踹人後對話2,Say,セイ･ラ,6,はい、言われました。ですが、安全のため今すぐ撤退すべきです。,
d0e81a4acd55cfac60c2aa1bec155c08.bundle,白壁虎踹人後對話2,Say,キンセイ･ハク,4,いやいやいやいやいや……,
d0e81a4acd55cfac60c2aa1bec155c08.bundle,白壁虎踹人後對話2,Say,キンセイ･ハク,5,とんだヘマをしてくれた。,
d0e81a4acd55cfac60c2aa1bec155c08.bundle,白壁虎踹人後對話2,Say,セイ･ラ,7,……,
d0e81a4acd55cfac60c2aa1bec155c08.bundle,白壁虎踹人後對話2,Say,キンセイ･ハク,6,お前はまだ彼女を見たことがないから、仕方がないか。,
d0e81a4acd55cfac60c2aa1bec155c08.bundle,白壁虎踹人後對話2,Say,セイ･ラ,8,私たちは商品を取り戻す命令しか受けていません。他は……,
d0e81a4acd55cfac60c2aa1bec155c08.bundle,白壁虎踹人後對話2,Say,キンセイ･ハク,7,オペレーションコアで発砲するなと命令されていたにも関わらず、お前は撃ったよな？,
d0e81a4acd55cfac60c2aa1bec155c08.bundle,白壁虎踹人後對話2,Say,セイ･ラ,9,……,
d0e81a4acd55cfac60c2aa1bec155c08.bundle,白壁虎踹人後對話2,Say,キンセイ･ハク,8,もういい。帰れ。,
d0e81a4acd55cfac60c2aa1bec155c08.bundle,白壁虎踹人後對話2,Say,セイ･ラ,10,帰る？,
d0e81a4acd55cfac60c2aa1bec155c08.bundle,白壁虎踹人後對話2,Say,キンセイ･ハク,9,アジドに帰れ。お前はいらない。,
d0e81a4acd55cfac60c2aa1bec155c08.bundle,白壁虎踹人後對話2,Say,セイ･ラ,11,……,
d0e81a4acd55cfac60c2aa1bec155c08.bundle,白壁虎踹人後對話2,Say,キンセイ･ハク,10,それと、彼らに伝えろ。,
d0e81a4acd55cfac60c2aa1bec155c08.bundle,白壁虎踹人後對話2,Say,キンセイ･ハク,11,計画通りに行動しろ。俺の許可がなければ、誰も入れるな。,
d0e81a4acd55cfac60c2aa1bec155c08.bundle,白壁虎踹人後對話2,Say,セイ･ラ,12,……,
d0e81a4acd55cfac60c2aa1bec155c08.bundle,白壁虎踹人後對話2,Say,キンセイ･ハク,12,出ていけ。,
d0e81a4acd55cfac60c2aa1bec155c08.bundle,白壁虎踹人後對話3,Say,心の声,0,さっきの口振りだと……,
d0e81a4acd55cfac60c2aa1bec155c08.bundle,白壁虎踹人後對話3,Say,心の声,1,助っ人は捕まって、子どもたちも……,
d0e81a4acd55cfac60c2aa1bec155c08.bundle,白壁虎踹人後對話3,Say,キンセイ･ハク,0,はぁ、使えない……,
d0e81a4acd55cfac60c2aa1bec155c08.bundle,白壁虎踹人後對話3,Say,キンセイ･ハク,1,こういう石頭を部下に持つのは大変だ。,
d0e81a4acd55cfac60c2aa1bec155c08.bundle,白壁虎踹人後對話3,Say,キンセイ･ハク,2,そうだ。お前らも彼を見たことがあったな。,
d0e81a4acd55cfac60c2aa1bec155c08.bundle,白壁虎踹人後對話3,Say,キンセイ･ハク,3,頭の固いやつだろう？,
d0e81a4acd55cfac60c2aa1bec155c08.bundle,白壁虎踹人後對話3,Say,キンセイ･ハク,4,しかも乱暴だ。,
d0e81a4acd55cfac60c2aa1bec155c08.bundle,白壁虎踹人後對話4,Say,キンセイ･ハク,0,はぁ……,
d0e81a4acd55cfac60c2aa1bec155c08.bundle,白壁虎踹人後對話4,Say,キンセイ･ハク,1,少しは楽になったか？,
d0e81a4acd55cfac60c2aa1bec155c08.bundle,白壁虎踹人後對話4,Say,心の声,0,息が、吸えた……,
d0e81a4acd55cfac60c2aa1bec155c08.bundle,白壁虎踹人後對話4,Branch,#Simple,0,多少はな。,
d0e81a4acd55cfac60c2aa1bec155c08.bundle,白壁虎踹人後對話4,Say,キンセイ･ハク,2,それはよかった。,
d0e81a4acd55cfac60c2aa1bec155c08.bundle,白壁虎踹人後對話4,Branch,#Simple,1,何がしたいんだ。,
d0e81a4acd55cfac60c2aa1bec155c08.bundle,白壁虎踹人後對話4,Branch,#Simple,2,気絶寸前だ。,
d0e81a4acd55cfac60c2aa1bec155c08.bundle,白壁虎踹人後對話4,Say,キンセイ･ハク,3,ハハハハ！,
d0e81a4acd55cfac60c2aa1bec155c08.bundle,白壁虎踹人後對話4,Say,キンセイ･ハク,4,そんな弱くないだろ？,
d0e81a4acd55cfac60c2aa1bec155c08.bundle,白壁虎踹人後對話4,Say,心の声,1,銃を奪えば、ここから逃げられるかもしれない……,
d0e81a4acd55cfac60c2aa1bec155c08.bundle,白壁虎踹人後對話4,Say,キンセイ･ハク,5,お前もスイ･ニンと同様にバケモンなんだろう？,
d0e81a4acd55cfac60c2aa1bec155c08.bundle,白壁虎踹人後對話4,Say,キンセイ･ハク,6,さっき蹴った時にわかったよ。,
d0e81a4acd55cfac60c2aa1bec155c08.bundle,白壁虎踹人後對話4,Say,心の声,2,……俺が改造人間であることも知ってるのか。,
d0e81a4acd55cfac60c2aa1bec155c08.bundle,白壁虎踹人後對話4,Say,キンセイ･ハク,7,お前らの体は、馬鹿みたいに硬い。,
d0e81a4acd55cfac60c2aa1bec155c08.bundle,白壁虎踹人後對話4,Say,キンセイ･ハク,8,さあ、起きろ。,
d0e81a4acd55cfac60c2aa1bec155c08.bundle,白壁虎踹人後對話4,Say,キンセイ･ハク,9,弱ったふりをしても無駄だ。,
d0e81a4acd55cfac60c2aa1bec155c08.bundle,白壁虎踹人後對話4,Say,心の声,3,……,
d0e81a4acd55cfac60c2aa1bec155c08.bundle,白壁虎踹人後對話4,Say,キンセイ･ハク,10,それと……,
d0e81a4acd55cfac60c2aa1bec155c08.bundle,白壁虎踹人後對話4,Say,キンセイ･ハク,11,俺の部下はいつでもお前の頭に風穴を開けられる。,
d0e81a4acd55cfac60c2aa1bec155c08.bundle,白壁虎踹人後對話4,Say,キンセイ･ハク,12,逃げようなんて思わないことだ。,
d0e81a4acd55cfac60c2aa1bec155c08.bundle,白壁虎踹人後對話4,Say,心の声,4,……,
d0e81a4acd55cfac60c2aa1bec155c08.bundle,白壁虎踹人後對話4,Say,キンセイ･ハク,13,まあまあ、落ち着け。,
d0e81a4acd55cfac60c2aa1bec155c08.bundle,白壁虎踹人後對話4,Say,キンセイ･ハク,14,俺はただ、もう少しお前と話したいだけだ。,
d0e81a4acd55cfac60c2aa1bec155c08.bundle,白壁虎踹人後對話4,Say,キンセイ･ハク,15,俺の考えが正しければ、お前はスイ･ニンに巻き込まれた、ただの一般市民だろう？,
d0e81a4acd55cfac60c2aa1bec155c08.bundle,白壁虎踹人後對話4,Say,キンセイ･ハク,16,北区の出身か？,
d0e81a4acd55cfac60c2aa1bec155c08.bundle,白壁虎踹人後對話4,Branch,#Simple,3,ああ。,
d0e81a4acd55cfac60c2aa1bec155c08.bundle,白壁虎踹人後對話4,Say,キンセイ･ハク,17,ビンゴ！,
d0e81a4acd55cfac60c2aa1bec155c08.bundle,白壁虎踹人後對話4,Branch,#Simple,4,死ね。,
d0e81a4acd55cfac60c2aa1bec155c08.bundle,白壁虎踹人後對話4,Say,キンセイ･ハク,18,確かに俺はいずれ死ぬ。,
d0e81a4acd55cfac60c2aa1bec155c08.bundle,白壁虎踹人後對話4,Say,キンセイ･ハク,19,でも今日じゃない。,
d0e81a4acd55cfac60c2aa1bec155c08.bundle,白壁虎踹人後對話4,Branch,#Simple,5,それが重要なのか？,
d0e81a4acd55cfac60c2aa1bec155c08.bundle,白壁虎踹人後對話4,Say,キンセイ･ハク,20,お前のことを知りたいだけだよ！,
d0e81a4acd55cfac60c2aa1bec155c08.bundle,白壁虎踹人後對話4,Say,キンセイ･ハク,21,お前はどうしてスイ･ニンに手を貸した？,
d0e81a4acd55cfac60c2aa1bec155c08.bundle,白壁虎踹人後對話4,Branch,#Simple,6,お前らみたいなクズを捕まえるためだ。,
d0e81a4acd55cfac60c2aa1bec155c08.bundle,白壁虎踹人後對話4,Branch,#Simple,7,お前らの犯罪を止めるためだ。,
d0e81a4acd55cfac60c2aa1bec155c08.bundle,白壁虎踹人後對話4,Say,キンセイ･ハク,22,……お前もそういう人種なのか？,
d0e81a4acd55cfac60c2aa1bec155c08.bundle,白壁虎踹人後對話4,Say,キンセイ･ハク,23,はぁ……,
d0e81a4acd55cfac60c2aa1bec155c08.bundle,白壁虎踹人後對話4,Say,キンセイ･ハク,24,スイ･ニンは、自分が洗脳した人間と常に行動を共にしている。,
d0e81a4acd55cfac60c2aa1bec155c08.bundle,白壁虎踹人後對話4,Say,キンセイ･ハク,25,だから彼女と戦うのは怖くてね。あいつらは、スイ･ニンの大義のためなら何でもするアホ共だ。,
d0e81a4acd55cfac60c2aa1bec155c08.bundle,白壁虎踹人後對話4,Say,キンセイ･ハク,26,ああいう人間は苦手なんだ。,
d0e81a4acd55cfac60c2aa1bec155c08.bundle,白壁虎踹人後對話4,Say,キンセイ･ハク,27,お前もアホ共と同じか？,
d0e81a4acd55cfac60c2aa1bec155c08.bundle,白壁虎踹人後對話4,Branch,#Simple,8,違う。,
d0e81a4acd55cfac60c2aa1bec155c08.bundle,白壁虎踹人後對話4,Say,キンセイ･ハク,28,へえ。じゃ、そういうことにしておくか。,
d0e81a4acd55cfac60c2aa1bec155c08.bundle,白壁虎踹人後對話4,Say,心の声,5,こいつ……,
d0e81a4acd55cfac60c2aa1bec155c08.bundle,白壁虎踹人後對話4,Branch,#Simple,9,……,
d0e81a4acd55cfac60c2aa1bec155c08.bundle,白壁虎踹人後對話4,Branch,#Simple,10,彼女に手を貸しているつもりはない。俺は自分の目的のために行動している。,
d0e81a4acd55cfac60c2aa1bec155c08.bundle,白壁虎踹人後對話4,Say,キンセイ･ハク,29,それは素晴らしい！,
d0e81a4acd55cfac60c2aa1bec155c08.bundle,白壁虎踹人後對話4,Say,キンセイ･ハク,30,己のために戦うのは、俺も賛成だ。,
d0e81a4acd55cfac60c2aa1bec155c08.bundle,白壁虎踹人後對話4,Say,キンセイ･ハク,31,スイ･ニンはな、自分が洗脳した人間と常に行動を共にしている。,
d0e81a4acd55cfac60c2aa1bec155c08.bundle,白壁虎踹人後對話4,Say,キンセイ･ハク,32,だから彼女と戦うのは怖くてね。あいつらは、スイ･ニンの大義のためなら何でもするアホ共だ。,
d0e81a4acd55cfac60c2aa1bec155c08.bundle,白壁虎踹人後對話4,Say,キンセイ･ハク,33,ああいう人間は苦手なんだ。,
d0e81a4acd55cfac60c2aa1bec155c08.bundle,白壁虎踹人後對話4,Say,キンセイ･ハク,34,お前が、あいつらと同じじゃなくてよかったよ！,
d0e81a4acd55cfac60c2aa1bec155c08.bundle,白壁虎踹人後對話4,Branch,#Simple,11,お前には関係のないことだ。,
d0e81a4acd55cfac60c2aa1bec155c08.bundle,白壁虎踹人後對話4,Say,キンセイ･ハク,35,まあまあ！落ち着けって！,
d0e81a4acd55cfac60c2aa1bec155c08.bundle,白壁虎踹人後對話4,Say,キンセイ･ハク,36,急に怒り出すなよ。,
d0e81a4acd55cfac60c2aa1bec155c08.bundle,白壁虎踹人後對話4,Say,キンセイ･ハク,37,ちょっと聞いてみただけだろ！,
d0e81a4acd55cfac60c2aa1bec155c08.bundle,白壁虎踹人後對話4,Say,キンセイ･ハク,38,どうしてスイ･ニンに手を貸したんだ？教えてくれよ。,
d0e81a4acd55cfac60c2aa1bec155c08.bundle,白壁虎踹人後對話4,Say,キンセイ･ハク,39,お前らは俺から子どもを奪おうとしているよな？,
d0e81a4acd55cfac60c2aa1bec155c08.bundle,白壁虎踹人後對話4,Branch,#Simple,12,奪うだと？助ける間違いだろ、クソ野郎が！,
d0e81a4acd55cfac60c2aa1bec155c08.bundle,白壁虎踹人後對話4,Branch,#Simple,13,だったら何だ？,
d0e81a4acd55cfac60c2aa1bec155c08.bundle,白壁虎踹人後對話4,Branch,#Simple,14,俺たちは子どもを助けようとしている。,
d0e81a4acd55cfac60c2aa1bec155c08.bundle,白壁虎踹人後對話4,Say,キンセイ･ハク,40,あっそう。,
d0e81a4acd55cfac60c2aa1bec155c08.bundle,白壁虎踹人後對話4,Say,キンセイ･ハク,41,でも、それをされると困るんだ。,
d0e81a4acd55cfac60c2aa1bec155c08.bundle,白壁虎踹人後對話4,Branch,#Simple,15,何の話だ？,
d0e81a4acd55cfac60c2aa1bec155c08.bundle,白壁虎踹人後對話4,Say,キンセイ･ハク,42,おいおい、今更とぼけるつもりか？,
d0e81a4acd55cfac60c2aa1bec155c08.bundle,白壁虎踹人後對話4,Say,キンセイ･ハク,43,ただの時間の無駄だぞ？,
d0e81a4acd55cfac60c2aa1bec155c08.bundle,白壁虎踹人後對話4,Say,キンセイ･ハク,44,あの子らはな、うちのボスが大金をはたいて借りたものなんだ。,
d0e81a4acd55cfac60c2aa1bec155c08.bundle,白壁虎踹人後對話4,Say,キンセイ･ハク,45,だから、子どもたちに危害を加えるつもりはないし……,
d0e81a4acd55cfac60c2aa1bec155c08.bundle,白壁虎踹人後對話4,Say,キンセイ･ハク,46,栄養に配慮した三食付きの広々とした部屋を提供するつもりだ。,
d0e81a4acd55cfac60c2aa1bec155c08.bundle,白壁虎踹人後對話4,Say,キンセイ･ハク,47,多少時間はかかるが、無傷で親たちに返すつもりだ。,
d0e81a4acd55cfac60c2aa1bec155c08.bundle,白壁虎踹人後對話4,Say,キンセイ･ハク,48,なのにお前らは、俺たちを悪だと決めつけ邪魔をする。,
d0e81a4acd55cfac60c2aa1bec155c08.bundle,白壁虎踹人後對話4,Branch,#Simple,16,そんなのは嘘だ！,
d0e81a4acd55cfac60c2aa1bec155c08.bundle,白壁虎踹人後對話4,Say,キンセイ･ハク,49,確かにその可能性は捨てきれない。,
d0e81a4acd55cfac60c2aa1bec155c08.bundle,白壁虎踹人後對話4,Branch,#Simple,17,何を言おうとも、子どもを実験に使うのは間違っている。,
d0e81a4acd55cfac60c2aa1bec155c08.bundle,白壁虎踹人後對話4,Say,キンセイ･ハク,50,おいおい、実験に使うなんて誰が言ったんだ？,
d0e81a4acd55cfac60c2aa1bec155c08.bundle,白壁虎踹人後對話4,Say,キンセイ･ハク,51,そんな証拠でもあるのか？,
d0e81a4acd55cfac60c2aa1bec155c08.bundle,白壁虎踹人後對話4,Say,心の声,6,確かにサイレントのオペレーションコアのデータからは、子どもが必要とだけしか……,
d0e81a4acd55cfac60c2aa1bec155c08.bundle,白壁虎踹人後對話4,Say,心の声,7,具体的に何をするかはわかっていない……,
d0e81a4acd55cfac60c2aa1bec155c08.bundle,白壁虎踹人後對話4,Say,キンセイ･ハク,52,だが確かに、俺が嘘をついている可能性も捨てきれない。,
d0e81a4acd55cfac60c2aa1bec155c08.bundle,白壁虎踹人後對話4,Branch,#Simple,18,お前らのやってることは違法だ。,
d0e81a4acd55cfac60c2aa1bec155c08.bundle,白壁虎踹人後對話4,Say,キンセイ･ハク,53,ハハハハ！,
d0e81a4acd55cfac60c2aa1bec155c08.bundle,白壁虎踹人後對話4,Say,キンセイ･ハク,54,違法だから、止めるとでも言いたいのか？,
d0e81a4acd55cfac60c2aa1bec155c08.bundle,白壁虎踹人後對話4,Say,キンセイ･ハク,55,比例原則を知らないのか？,
d0e81a4acd55cfac60c2aa1bec155c08.bundle,白壁虎踹人後對話4,Say,キンセイ･ハク,56,お前らは警察に通報することもできたはずだ。,
d0e81a4acd55cfac60c2aa1bec155c08.bundle,白壁虎踹人後對話4,Say,キンセイ･ハク,57,なのに逮捕状もなしに、俺の取引現場に押し入るという強硬手段を取った。,
d0e81a4acd55cfac60c2aa1bec155c08.bundle,白壁虎踹人後對話4,Say,キンセイ･ハク,58,それにより、俺たちはお前らに殺される可能性だってあり得る。,
d0e81a4acd55cfac60c2aa1bec155c08.bundle,白壁虎踹人後對話4,Say,キンセイ･ハク,59,これのどこが合法なんだ？,
d0e81a4acd55cfac60c2aa1bec155c08.bundle,白壁虎踹人後對話4,Branch,#Simple,19,通報しても意味がないからだ。万象がもみ消すだろ。,
d0e81a4acd55cfac60c2aa1bec155c08.bundle,白壁虎踹人後對話4,Say,キンセイ･ハク,60,司法制度を信用していないのか？,
d0e81a4acd55cfac60c2aa1bec155c08.bundle,白壁虎踹人後對話4,Say,キンセイ･ハク,61,ならそれは、法を信用していないのと同じだ。,
d0e81a4acd55cfac60c2aa1bec155c08.bundle,白壁虎踹人後對話4,Branch,#Simple,20,お前らが子どもに危害を加える可能性がある。俺たちに選択肢なんてない。,
d0e81a4acd55cfac60c2aa1bec155c08.bundle,白壁虎踹人後對話4,Say,キンセイ･ハク,62,結局は可能性の話だろ？,
d0e81a4acd55cfac60c2aa1bec155c08.bundle,白壁虎踹人後對話4,Branch,#Simple,21,……,
d0e81a4acd55cfac60c2aa1bec155c08.bundle,白壁虎踹人後對話4,Say,キンセイ･ハク,63,この件は端っから、違法かどうかなんて問題じゃないんだ。,
d0e81a4acd55cfac60c2aa1bec155c08.bundle,白壁虎踹人後對話4,Say,キンセイ･ハク,64,俺のボスが子どもを傷つけると、お前らが「思い込んでいる」ことが問題なんだ。,
d0e81a4acd55cfac60c2aa1bec155c08.bundle,白壁虎踹人後對話4,Say,キンセイ･ハク,65,だからお前らは強引に押しかけてきた。,
d0e81a4acd55cfac60c2aa1bec155c08.bundle,白壁虎踹人後對話4,Branch,#Simple,22,俺たちの思い込みだったのか？,
d0e81a4acd55cfac60c2aa1bec155c08.bundle,白壁虎踹人後對話4,Say,キンセイ･ハク,66,ハハハハ！案外素直なやつなんだな。,
d0e81a4acd55cfac60c2aa1bec155c08.bundle,白壁虎踹人後對話4,Say,キンセイ･ハク,67,俺が嘘をついている可能性を考えないのか？,
d0e81a4acd55cfac60c2aa1bec155c08.bundle,白壁虎踹人後對話4,Say,キンセイ･ハク,68,それとも……,
d0e81a4acd55cfac60c2aa1bec155c08.bundle,白壁虎踹人後對話4,Say,キンセイ･ハク,69,素直はフリをしているだけか？,
d0e81a4acd55cfac60c2aa1bec155c08.bundle,白壁虎踹人後對話4,Say,キンセイ･ハク,70,結局はお前の考えなんて俺にはわからない。,
d0e81a4acd55cfac60c2aa1bec155c08.bundle,白壁虎踹人後對話4,Say,キンセイ･ハク,71,推測しようもない。,
d0e81a4acd55cfac60c2aa1bec155c08.bundle,白壁虎踹人後對話4,Say,心の声,8,……,
d0e81a4acd55cfac60c2aa1bec155c08.bundle,白壁虎踹人後對話4,Say,キンセイ･ハク,72,それと、もう一つ聞きたいことがある。,
d0e81a4acd55cfac60c2aa1bec155c08.bundle,白壁虎踹人後對話4,Say,キンセイ･ハク,73,お前の仲間が捕まってることは知ってるな？,
d0e81a4acd55cfac60c2aa1bec155c08.bundle,白壁虎踹人後對話4,Say,心の声,9,助っ人のことか……,
d0e81a4acd55cfac60c2aa1bec155c08.bundle,白壁虎踹人後對話4,Say,キンセイ･ハク,74,フクロウのエージェントのようだが……,
d0e81a4acd55cfac60c2aa1bec155c08.bundle,白壁虎踹人後對話4,Say,キンセイ･ハク,75,何で万象の取引を調べている？,
d0e81a4acd55cfac60c2aa1bec155c08.bundle,白壁虎踹人後對話4,Branch,#Simple,23,わからない。,
d0e81a4acd55cfac60c2aa1bec155c08.bundle,白壁虎踹人後對話4,Branch,#Simple,24,お前は賢い人間だ。もう少し考えてくれ。,
d0e81a4acd55cfac60c2aa1bec155c08.bundle,白壁虎踹人後對話4,Say,心の声,10,笑っている。,
d0e81a4acd55cfac60c2aa1bec155c08.bundle,白壁虎踹人後對話4,Branch,#Simple,25,彼のボスは万象を失脚させるつもりだ。,
d0e81a4acd55cfac60c2aa1bec155c08.bundle,白壁虎踹人後對話4,Say,心の声,11,笑っている。,
d0e81a4acd55cfac60c2aa1bec155c08.bundle,白壁虎踹人後對話4,Say,キンセイ･ハク,76,そうか……,
d0e81a4acd55cfac60c2aa1bec155c08.bundle,白壁虎踹人後對話4,Branch,#Simple,26,子どもの人身売買を見過ごせなかったんだろう。,
d0e81a4acd55cfac60c2aa1bec155c08.bundle,白壁虎踹人後對話4,Say,心の声,12,笑っている。,
d0e81a4acd55cfac60c2aa1bec155c08.bundle,白壁虎踹人後對話4,Say,キンセイ･ハク,77,俺も考えてみたんだが、意外と答えは簡単だったよ。,
d0e81a4acd55cfac60c2aa1bec155c08.bundle,白壁虎踹人後對話4,Say,キンセイ･ハク,78,彼のボスは俺のボスを陥れたい。,
d0e81a4acd55cfac60c2aa1bec155c08.bundle,白壁虎踹人後對話4,Say,キンセイ･ハク,79,だろう？,
d0e81a4acd55cfac60c2aa1bec155c08.bundle,白壁虎踹人後對話4,Branch,#Simple,27,だからなんだ？,
d0e81a4acd55cfac60c2aa1bec155c08.bundle,白壁虎踹人後對話4,Branch,#Simple,28,多分な。,
d0e81a4acd55cfac60c2aa1bec155c08.bundle,白壁虎踹人後對話4,Branch,#Simple,29,……,
d0e81a4acd55cfac60c2aa1bec155c08.bundle,白壁虎踹人後對話4,Say,キンセイ･ハク,80,なら、あの男とスイ･ニンの違いは何だ？,
d0e81a4acd55cfac60c2aa1bec155c08.bundle,白壁虎踹人後對話4,Say,心の声,13,何を言ってるんだ……？,
d0e81a4acd55cfac60c2aa1bec155c08.bundle,白壁虎踹人後對話4,Say,キンセイ･ハク,81,俺の知りうる限り、彼女はずっと俺のボスを調べ続けていた。,
d0e81a4acd55cfac60c2aa1bec155c08.bundle,白壁虎踹人後對話4,Say,キンセイ･ハク,82,だが、それだけだ。,
d0e81a4acd55cfac60c2aa1bec155c08.bundle,白壁虎踹人後對話4,Say,キンセイ･ハク,83,彼女は行動に出るわけでもなく、ただ調査をしていただけだ。,
d0e81a4acd55cfac60c2aa1bec155c08.bundle,白壁虎踹人後對話4,Say,キンセイ･ハク,84,正義のヒーローというよりも……,
d0e81a4acd55cfac60c2aa1bec155c08.bundle,白壁虎踹人後對話4,Say,キンセイ･ハク,85,企業のスキャンダルを狙っている探偵だ。,
d0e81a4acd55cfac60c2aa1bec155c08.bundle,白壁虎踹人後對話4,Say,心の声,14,スイ･ニンが万象と敵対しているのは、企業に雇われているからだと言いたいのか……,
d0e81a4acd55cfac60c2aa1bec155c08.bundle,白壁虎踹人後對話4,Branch,#Simple,30,俺にどんな考えを植え込みたいかは知らないが、そんなことをしても無駄だぞ。,
d0e81a4acd55cfac60c2aa1bec155c08.bundle,白壁虎踹人後對話4,Branch,#Simple,31,俺が騙されているとでも言いたいのか？,
d0e81a4acd55cfac60c2aa1bec155c08.bundle,白壁虎踹人後對話4,Say,キンセイ･ハク,86,そういう意味じゃない。,
d0e81a4acd55cfac60c2aa1bec155c08.bundle,白壁虎踹人後對話4,Say,キンセイ･ハク,87,俺はただ事実を言っただけだ。,
d0e81a4acd55cfac60c2aa1bec155c08.bundle,白壁虎踹人後對話4,Branch,#Simple,32,何が言いたいんだ？,
d0e81a4acd55cfac60c2aa1bec155c08.bundle,白壁虎踹人後對話4,Say,キンセイ･ハク,88,言葉通りのことだよ、ジェイ。,
d0e81a4acd55cfac60c2aa1bec155c08.bundle,白壁虎踹人後對話4,Branch,#Simple,33,……,
d0e81a4acd55cfac60c2aa1bec155c08.bundle,白壁虎踹人後對話4,Say,キンセイ･ハク,89,……,
d0e81a4acd55cfac60c2aa1bec155c08.bundle,白壁虎踹人後對話4,Say,キンセイ･ハク,90,面倒くさくないか？,
d0e81a4acd55cfac60c2aa1bec155c08.bundle,白壁虎踹人後對話4,Say,キンセイ･ハク,91,多くの秘密に……,
d0e81a4acd55cfac60c2aa1bec155c08.bundle,白壁虎踹人後對話4,Say,キンセイ･ハク,92,多くの不確か……,
d0e81a4acd55cfac60c2aa1bec155c08.bundle,白壁虎踹人後對話4,Branch,#Simple,34,何が言いたい？,
d0e81a4acd55cfac60c2aa1bec155c08.bundle,白壁虎踹人後對話4,Say,キンセイ･ハク,93,結論を聞くのが怖いのか？,
d0e81a4acd55cfac60c2aa1bec155c08.bundle,白壁虎踹人後對話4,Branch,#Simple,35,ああ。,
d0e81a4acd55cfac60c2aa1bec155c08.bundle,白壁虎踹人後對話4,Say,キンセイ･ハク,94,素直なのはいい。気に入ったよ。,
d0e81a4acd55cfac60c2aa1bec155c08.bundle,白壁虎踹人後對話4,Branch,#Simple,36,……,
d0e81a4acd55cfac60c2aa1bec155c08.bundle,白壁虎踹人後對話4,Say,キンセイ･ハク,95,よく聞け。,
d0e81a4acd55cfac60c2aa1bec155c08.bundle,白壁虎踹人後對話4,Say,キンセイ･ハク,96,スイ･ニンからどれだけ話を聞いているかは知らないが……,
d0e81a4acd55cfac60c2aa1bec155c08.bundle,白壁虎踹人後對話4,Say,キンセイ･ハク,97,お前はもうこっちの世界に足を踏み入れた。,
d0e81a4acd55cfac60c2aa1bec155c08.bundle,白壁虎踹人後對話4,Branch,#Simple,37,こっちの世界？,
d0e81a4acd55cfac60c2aa1bec155c08.bundle,白壁虎踹人後對話4,Say,キンセイ･ハク,98,そうだ。,
d0e81a4acd55cfac60c2aa1bec155c08.bundle,白壁虎踹人後對話4,Branch,#Simple,38,……,
d0e81a4acd55cfac60c2aa1bec155c08.bundle,白壁虎踹人後對話4,Say,キンセイ･ハク,99,お前の彼女が俺のボスのオフィスに入った瞬間から……,
d0e81a4acd55cfac60c2aa1bec155c08.bundle,白壁虎踹人後對話4,Say,キンセイ･ハク,100,平穏に生きるお前は死んだんだ。,
d0e81a4acd55cfac60c2aa1bec155c08.bundle,白壁虎踹人後對話4,Say,キンセイ･ハク,101,今後この件がどうなろうと、お前らはもう元の生活には戻れない。,
d0e81a4acd55cfac60c2aa1bec155c08.bundle,白壁虎踹人後對話4,Say,心の声,15,……,
d0e81a4acd55cfac60c2aa1bec155c08.bundle,白壁虎踹人後對話4,Say,キンセイ･ハク,102,だが、ここでいい知らせだ！,
d0e81a4acd55cfac60c2aa1bec155c08.bundle,白壁虎踹人後對話4,Say,キンセイ･ハク,103,今までお前らは、誰かの命令に従い、嫌々巻き込まれてきたが……,
d0e81a4acd55cfac60c2aa1bec155c08.bundle,白壁虎踹人後對話4,Say,キンセイ･ハク,104,お前はもうこの社会のルールを理解している。,
d0e81a4acd55cfac60c2aa1bec155c08.bundle,白壁虎踹人後對話4,Say,キンセイ･ハク,105,今のお前は自分で道を決められるはずだ。,
d0e81a4acd55cfac60c2aa1bec155c08.bundle,白壁虎踹人後對話4,Branch,#Simple,39,どういう意味だ？,
d0e81a4acd55cfac60c2aa1bec155c08.bundle,白壁虎踹人後對話4,Say,キンセイ･ハク,106,不運が訪れるのを何もせずに待つのはやめろ。,
d0e81a4acd55cfac60c2aa1bec155c08.bundle,白壁虎踹人後對話4,Say,キンセイ･ハク,107,答えは自分で探し出せ。,
d0e81a4acd55cfac60c2aa1bec155c08.bundle,白壁虎踹人後對話4,Say,キンセイ･ハク,108,その方が、お前にとっても良いに決まっている。,
d0e81a4acd55cfac60c2aa1bec155c08.bundle,白壁虎踹人後對話4,Branch,#Simple,40,……,
d0e81a4acd55cfac60c2aa1bec155c08.bundle,白壁虎踹人後對話4,Say,キンセイ･ハク,109,よく考えるんだな、ジェイ。,
d0e81a4acd55cfac60c2aa1bec155c08.bundle,白壁虎踹人後對話4,Say,キンセイ･ハク,110,これは俺の経験談だ！,
d0e81a4acd55cfac60c2aa1bec155c08.bundle,白壁虎踹人後對話4,Say,心の声,16,気持ちの悪い笑顔だ……,
d0e81a4acd55cfac60c2aa1bec155c08.bundle,白壁虎踹人後對話5,Say,キンセイ･ハク,0,はぁ……,
d0e81a4acd55cfac60c2aa1bec155c08.bundle,白壁虎踹人後對話5,Say,キンセイ･ハク,1,ほらな。,
d0e81a4acd55cfac60c2aa1bec155c08.bundle,白壁虎踹人後對話5,Say,キンセイ･ハク,2,始まったよ。,
d0e81a4acd55cfac60c2aa1bec155c08.bundle,白壁虎踹人後對話5,Say,傭兵1,0,……ボス。,
d0e81a4acd55cfac60c2aa1bec155c08.bundle,白壁虎踹人後對話6,Say,キンセイ･ハク,0,俺に彼女が殺せると思うか？,
d0e81a4acd55cfac60c2aa1bec155c08.bundle,白壁虎踹人後對話6,Branch,#Simple,0,なぜ彼女を殺す？,
d0e81a4acd55cfac60c2aa1bec155c08.bundle,白壁虎踹人後對話6,Say,キンセイ･ハク,1,彼女を生かしとくと、面倒なんでね。,
d0e81a4acd55cfac60c2aa1bec155c08.bundle,白壁虎踹人後對話6,Branch,#Simple,1,たぶんな。,
d0e81a4acd55cfac60c2aa1bec155c08.bundle,白壁虎踹人後對話6,Say,キンセイ･ハク,2,ハハ、彼女を信じていないんだな。,
d0e81a4acd55cfac60c2aa1bec155c08.bundle,白壁虎踹人後對話6,Say,キンセイ･ハク,3,俺はそんな自信ないな。,
d0e81a4acd55cfac60c2aa1bec155c08.bundle,白壁虎踹人後對話6,Branch,#Simple,2,お前には無理だ。,
d0e81a4acd55cfac60c2aa1bec155c08.bundle,白壁虎踹人後對話6,Say,キンセイ･ハク,4,ああ……,
d0e81a4acd55cfac60c2aa1bec155c08.bundle,白壁虎踹人後對話6,Say,キンセイ･ハク,5,俺もそう思う。,
d0e81a4acd55cfac60c2aa1bec155c08.bundle,白壁虎踹人後對話7,Say,キンセイ･ハク,0,……,
d0e81a4acd55cfac60c2aa1bec155c08.bundle,白壁虎踹人後對話7,Say,キンセイ･ハク,1,……気づいたか？,
d0e81a4acd55cfac60c2aa1bec155c08.bundle,白壁虎踹人後對話7,Say,キンセイ･ハク,2,銃声が止んだ。,
d0e81a4acd55cfac60c2aa1bec155c08.bundle,白壁虎踹人後對話8,Say,傭兵3,0,ボス……！,
d0e81a4acd55cfac60c2aa1bec155c08.bundle,白壁虎踹人後對話8,Say,スイ･ニン,0,伏せろ。,
d0e81a4acd55cfac60c2aa1bec155c08.bundle,跟黑面搭話3,Say,モー･カー,0,まさかこんなにも早く手合わせできるとはな。,
d0e81a4acd55cfac60c2aa1bec155c08.bundle,跟黑面搭話3,Branch,#Simple,0,変なやつだ。,
d0e81a4acd55cfac60c2aa1bec155c08.bundle,跟黑面搭話3,Branch,#Simple,1,行くぞ！,
d0e81a4acd55cfac60c2aa1bec155c08.bundle,跟黑面搭話3,Branch,#Simple,2,同感だ。,
d0e81a4acd55cfac60c2aa1bec155c08.bundle,跟黑面搭話3,Branch,#Simple,3,……,
d0e81a4acd55cfac60c2aa1bec155c08.bundle,跟黑面搭話3,Say,イー･カー,0,兄者！！！！,
d0e81a4acd55cfac60c2aa1bec155c08.bundle,跟黑面搭話3,Say,モー･カー,1,参る！！！！,
d0e81a4acd55cfac60c2aa1bec155c08.bundle,白壁虎踹人後對話5.5,Say,キンセイ･ハク,0,彼らに任せよう。,
d0e81a4acd55cfac60c2aa1bec155c08.bundle,白壁虎踹人後對話5.5,Say,キンセイ･ハク,1,俺らは計画通りに。,
d0e81a4acd55cfac60c2aa1bec155c08.bundle,白壁虎踹人後對話5.5,Say,キンセイ･ハク,2,……,
d0e81a4acd55cfac60c2aa1bec155c08.bundle,白壁虎踹人後對話5.5,Say,キンセイ･ハク,3,よっ、ジェイ。,
d0e81a4acd55cfac60c2aa1bec155c08.bundle,白壁虎踹人後對話5.5,Say,心の声,0,……こいつも俺の名前を知っているのか。,
d0e81a4acd55cfac60c2aa1bec155c08.bundle,白壁虎踹人後對話5.5,Say,キンセイ･ハク,4,俺らがどうしてずっとここにいるのか、わかるか？,
d0e81a4acd55cfac60c2aa1bec155c08.bundle,白壁虎踹人後對話5.5,Branch,#Simple,0,知らない。,
d0e81a4acd55cfac60c2aa1bec155c08.bundle,白壁虎踹人後對話5.5,Branch,#Simple,1,俺を人質にしたいのか？,
d0e81a4acd55cfac60c2aa1bec155c08.bundle,白壁虎踹人後對話5.5,Say,キンセイ･ハク,5,みたいなもんだ。,
d0e81a4acd55cfac60c2aa1bec155c08.bundle,白壁虎踹人後對話5.5,Say,キンセイ･ハク,6,でもそれなら、お前より子どもの方が適役だと思わないか？,
d0e81a4acd55cfac60c2aa1bec155c08.bundle,白壁虎踹人後對話5.5,Branch,#Simple,2,スイ･ニンをおびき寄せるためか？,
d0e81a4acd55cfac60c2aa1bec155c08.bundle,白壁虎踹人後對話5.5,Say,キンセイ･ハク,7,ハハ、それはあまりにも、自分のことを棚に上げすぎだな。,
d0e81a4acd55cfac60c2aa1bec155c08.bundle,白壁虎踹人後對話5.5,Say,キンセイ･ハク,8,スイ･ニンにとって、自分がそこまで重要だとでも？,
d0e81a4acd55cfac60c2aa1bec155c08.bundle,白壁虎踹人後對話5.5,Branch,#Simple,3,彼女は仲間を見殺しにしない。,
d0e81a4acd55cfac60c2aa1bec155c08.bundle,白壁虎踹人後對話5.5,Say,キンセイ･ハク,9,それもお前の思い込みだ。,
d0e81a4acd55cfac60c2aa1bec155c08.bundle,白壁虎踹人後對話5.5,Say,キンセイ･ハク,10,それに誰がお前を殺すと言った？,
d0e81a4acd55cfac60c2aa1bec155c08.bundle,白壁虎踹人後對話5.5,Say,キンセイ･ハク,11,まあ、お前が反抗しないならの話だが！,
d0e81a4acd55cfac60c2aa1bec155c08.bundle,白壁虎踹人後對話5.5,Say,キンセイ･ハク,12,……,
d0e81a4acd55cfac60c2aa1bec155c08.bundle,白壁虎踹人後對話5.5,Say,キンセイ･ハク,13,だがお前の言う通りだ……,
d0e81a4acd55cfac60c2aa1bec155c08.bundle,白壁虎踹人後對話5.5,Branch,#Simple,4,彼女は俺を守ると約束した。,
d0e81a4acd55cfac60c2aa1bec155c08.bundle,白壁虎踹人後對話5.5,Say,キンセイ･ハク,14,彼女が約束を守るやつとでも？,
d0e81a4acd55cfac60c2aa1bec155c08.bundle,白壁虎踹人後對話5.5,Say,キンセイ･ハク,15,脳天気だね。,
d0e81a4acd55cfac60c2aa1bec155c08.bundle,白壁虎踹人後對話5.5,Say,キンセイ･ハク,16,俺はお前を殺す気はない。,
d0e81a4acd55cfac60c2aa1bec155c08.bundle,白壁虎踹人後對話5.5,Say,キンセイ･ハク,17,だからお前は安全だ……,
d0e81a4acd55cfac60c2aa1bec155c08.bundle,白壁虎踹人後對話5.5,Branch,#Simple,5,スイ･ニンにとって重要なのはお前だ。,
d0e81a4acd55cfac60c2aa1bec155c08.bundle,白壁虎踹人後對話5.5,Say,キンセイ･ハク,18,……,
d0e81a4acd55cfac60c2aa1bec155c08.bundle,白壁虎踹人後對話5.5,Say,キンセイ･ハク,19,……お前みたいな賢いやつは嫌いじゃない。,
d0e81a4acd55cfac60c2aa1bec155c08.bundle,白壁虎踹人後對話5.5,Say,キンセイ･ハク,20,お前の言う通りだ。,
d0e81a4acd55cfac60c2aa1bec155c08.bundle,白壁虎踹人後對話5.5,Say,キンセイ･ハク,21,俺はスイ･ニンを殺す。,
d0e81a4acd55cfac60c2aa1bec155c08.bundle,白壁虎踹人後對話5.5,Say,キンセイ･ハク,22,お前は、彼女を撹乱するための駒だ。,
d0e81a4acd55cfac60c2aa1bec155c08.bundle,白壁虎踹人後對話5.5,Say,キンセイ･ハク,23,でも残念ながら、俺の馬鹿な部下のせいで、計画が大きく変わってしまった。,
d0e81a4acd55cfac60c2aa1bec155c08.bundle,白壁虎踹人後對話5.5,Say,キンセイ･ハク,24,成功率もかなり下がったしな……,
d0e81a4acd55cfac60c2aa1bec155c08.bundle,超級動畫結束2,Say,キンセイ･ハク,0,ということは……,
d0e81a4acd55cfac60c2aa1bec155c08.bundle,超級動畫結束2,Say,キンセイ･ハク,1,もう光学迷彩を見破れるのか？,
d0e81a4acd55cfac60c2aa1bec155c08.bundle,超級動畫結束2,Say,スイ･ニン,0,そんなのは不要だ。,
d0e81a4acd55cfac60c2aa1bec155c08.bundle,超級動畫結束2,Say,スイ･ニン,1,君の脳をトレースすれば、行動を予測するくらい簡単だ。,
d0e81a4acd55cfac60c2aa1bec155c08.bundle,超級動畫結束2,Say,キンセイ･ハク,2,ハハハ……,
d0e81a4acd55cfac60c2aa1bec155c08.bundle,超級動畫結束2,Say,キンセイ･ハク,3,スイ･ニン、だから俺はお前を殺したいんだ。,
d0e81a4acd55cfac60c2aa1bec155c08.bundle,超級動畫結束2,Say,スイ･ニン,2,武器を下ろせ。,
d0e81a4acd55cfac60c2aa1bec155c08.bundle,超級動畫結束2,Say,キンセイ･ハク,4,俺の切り札を捨てろってか？,
d0e81a4acd55cfac60c2aa1bec155c08.bundle,超級動畫結束2,Say,スイ･ニン,3,それを使う前に、私の銃がお前の脳天を撃ち抜くぞ。,
d0e81a4acd55cfac60c2aa1bec155c08.bundle,超級動畫結束2,Say,キンセイ･ハク,5,……,
d0e81a4acd55cfac60c2aa1bec155c08.bundle,超級動畫結束2,Say,スイ･ニン,4,……,
d0e81a4acd55cfac60c2aa1bec155c08.bundle,超級動畫結束2,Say,キンセイ･ハク,6,ハハハハ！,
d0e81a4acd55cfac60c2aa1bec155c08.bundle,超級動畫結束2,Say,キンセイ･ハク,7,だから言っただろ。彼女をもっと信じろって。,
d0e81a4acd55cfac60c2aa1bec155c08.bundle,超級動畫結束2,Say,キンセイ･ハク,8,お前は正しかった。俺の負けだ。,
d0e81a4acd55cfac60c2aa1bec155c08.bundle,超級動畫結束2,Say,キンセイ･ハク,9,お前もいい加減はったりをやめろ。,
d0e81a4acd55cfac60c2aa1bec155c08.bundle,超級動畫結束2,Say,キンセイ･ハク,10,子どもたちの居場所を知らないんだろう？,
d0e81a4acd55cfac60c2aa1bec155c08.bundle,超級動畫結束2,Say,キンセイ･ハク,11,それを聞き出さないいうちは、俺を殺せるわけがない。,
d0e81a4acd55cfac60c2aa1bec155c08.bundle,超級動畫結束2,Say,スイ･ニン,5,……,
d0e81a4acd55cfac60c2aa1bec155c08.bundle,超級動畫結束2,Say,キンセイ･ハク,12,チンピラどもに言って、子どもたちを駐車場に止めてあるトラックに入れさせた。,
d0e81a4acd55cfac60c2aa1bec155c08.bundle,超級動畫結束2,Say,スイ･ニン,6,単独でここに連れ込まれた男の子は？,
d0e81a4acd55cfac60c2aa1bec155c08.bundle,超級動畫結束2,Say,キンセイ･ハク,13,あれは餌だ。お前らをここに誘導するためのな。,
d0e81a4acd55cfac60c2aa1bec155c08.bundle,超級動畫結束2,Say,キンセイ･ハク,14,上手くいっただろ？,
d0e81a4acd55cfac60c2aa1bec155c08.bundle,超級動畫結束2,Say,スイ･ニン,7,あの子はどこにいる？,
d0e81a4acd55cfac60c2aa1bec155c08.bundle,超級動畫結束2,Say,キンセイ･ハク,15,トラックの中だ。,
d0e81a4acd55cfac60c2aa1bec155c08.bundle,超級動畫結束2,Say,スイ･ニン,8,……,
d0e81a4acd55cfac60c2aa1bec155c08.bundle,超級動畫結束2,Say,キンセイ･ハク,16,俺を信じろって！,
d0e81a4acd55cfac60c2aa1bec155c08.bundle,超級動畫結束2,Say,スイ･ニン,9,……,
d0e81a4acd55cfac60c2aa1bec155c08.bundle,超級動畫結束2,Say,キンセイ･ハク,17,少しずつではあるが、俺を信じ始めたようだな。,
d0e81a4acd55cfac60c2aa1bec155c08.bundle,超級動畫結束2,Say,スイ･ニン,10,……,
d0e81a4acd55cfac60c2aa1bec155c08.bundle,超級動畫結束2,Say,キンセイ･ハク,18,流石に無口すぎないか？,
d0e81a4acd55cfac60c2aa1bec155c08.bundle,超級動畫結束2,Say,キンセイ･ハク,19,わかったわかった。,
d0e81a4acd55cfac60c2aa1bec155c08.bundle,超級動畫結束2,Say,キンセイ･ハク,20,状況を整理しよう。,
d0e81a4acd55cfac60c2aa1bec155c08.bundle,超級動畫結束2,Say,キンセイ･ハク,21,俺の目的は子どもを連れ戻し、大金を稼ぐこと。,
d0e81a4acd55cfac60c2aa1bec155c08.bundle,超級動畫結束2,Say,キンセイ･ハク,22,お前の目的は俺を止め、子どもたちを保護すること。,
d0e81a4acd55cfac60c2aa1bec155c08.bundle,超級動畫結束2,Say,キンセイ･ハク,23,そして……,
d0e81a4acd55cfac60c2aa1bec155c08.bundle,超級動畫結束2,Say,キンセイ･ハク,24,俺らは互いを殺そうとしている。,
d0e81a4acd55cfac60c2aa1bec155c08.bundle,超級動畫結束2,Say,キンセイ･ハク,25,そうだろ？,
d0e81a4acd55cfac60c2aa1bec155c08.bundle,超級動畫結束2,Say,スイ･ニン,11,……,
d0e81a4acd55cfac60c2aa1bec155c08.bundle,超級動畫結束2,Say,キンセイ･ハク,26,もちろん、俺を殺してから子どもたちを助ければいい。,
d0e81a4acd55cfac60c2aa1bec155c08.bundle,超級動畫結束2,Say,スイ･ニン,12,自分が死んだら君は部下に、子どもたちを人質にして逃げろと命令しているのだろう？,
d0e81a4acd55cfac60c2aa1bec155c08.bundle,超級動畫結束2,Say,キンセイ･ハク,27,はぁ～,
d0e81a4acd55cfac60c2aa1bec155c08.bundle,超級動畫結束2,Say,キンセイ･ハク,28,やっぱりお前は俺のことをよくわかってるね。,
d0e81a4acd55cfac60c2aa1bec155c08.bundle,超級動畫結束2,Say,キンセイ･ハク,29,商品に少しでも傷がつけば、俺に金は支払われない……,
d0e81a4acd55cfac60c2aa1bec155c08.bundle,超級動畫結束2,Say,キンセイ･ハク,30,だったら俺が死んだら？,
d0e81a4acd55cfac60c2aa1bec155c08.bundle,超級動畫結束2,Say,キンセイ･ハク,31,「ゴミ溜め」の子どもを気にかけると思うか？,
d0e81a4acd55cfac60c2aa1bec155c08.bundle,超級動畫結束2,Say,スイ･ニン,13,……,
d0e81a4acd55cfac60c2aa1bec155c08.bundle,跟幫手討論要不要殺出去3,Say,心の声,0,本当に始まったのか……,
d0e81a4acd55cfac60c2aa1bec155c08.bundle,跟幫手討論要不要殺出去3,Say,心の声,1,もしスイ･ニンが負けたら、俺は……,
d0e81a4acd55cfac60c2aa1bec155c08.bundle,跟幫手討論要不要殺出去3,Say,カイ･コン,0,クソ……よくも……,
d0e81a4acd55cfac60c2aa1bec155c08.bundle,跟幫手討論要不要殺出去3,Say,カイ･コン,1,あのアマ……,
d0e81a4acd55cfac60c2aa1bec155c08.bundle,跟幫手討論要不要殺出去3,Say,カイ･コン,2,会社なんかのために、命をかける気なのか？,
d0e81a4acd55cfac60c2aa1bec155c08.bundle,跟幫手討論要不要殺出去3,Branch,#Simple,0,会社？,
d0e81a4acd55cfac60c2aa1bec155c08.bundle,跟幫手討論要不要殺出去3,Branch,#Simple,1,……,
d0e81a4acd55cfac60c2aa1bec155c08.bundle,跟幫手討論要不要殺出去3,Say,カイ･コン,3,はぁ……,
d0e81a4acd55cfac60c2aa1bec155c08.bundle,跟幫手討論要不要殺出去3,Say,カイ･コン,4,はぁ……スイ･ニンは嫌がるだろうが……,
d0e81a4acd55cfac60c2aa1bec155c08.bundle,跟幫手討論要不要殺出去3,Say,カイ･コン,5,けっ……！今更知るか……！,
d0e81a4acd55cfac60c2aa1bec155c08.bundle,跟幫手討論要不要殺出去3,Say,カイ･コン,6,……いいか、あの女の言葉は嘘だ。,
d0e81a4acd55cfac60c2aa1bec155c08.bundle,跟幫手討論要不要殺出去3,Say,カイ･コン,7,フクロウのエージェントは漏れなく、どこかの会社のために動いている。,
d0e81a4acd55cfac60c2aa1bec155c08.bundle,跟幫手討論要不要殺出去3,Say,カイ･コン,8,ゴホッ、ゴホッ！もちろんスイ･ニンもだ……,
d0e81a4acd55cfac60c2aa1bec155c08.bundle,跟幫手討論要不要殺出去3,Branch,#Simple,2,彼女は他のエージェントからの推薦で入隊したはずだ。,
d0e81a4acd55cfac60c2aa1bec155c08.bundle,跟幫手討論要不要殺出去3,Say,カイ･コン,9,はっ、ただの言い訳だな。,
d0e81a4acd55cfac60c2aa1bec155c08.bundle,跟幫手討論要不要殺出去3,Branch,#Simple,3,それが嘘だと言うのか？,
d0e81a4acd55cfac60c2aa1bec155c08.bundle,跟幫手討論要不要殺出去3,Say,カイ･コン,10,ああ。,
d0e81a4acd55cfac60c2aa1bec155c08.bundle,跟幫手討論要不要殺出去3,Branch,#Simple,4,……,
d0e81a4acd55cfac60c2aa1bec155c08.bundle,跟幫手討論要不要殺出去3,Say,カイ･コン,11,確かに彼女はエージェントからの推薦で入隊した。,
d0e81a4acd55cfac60c2aa1bec155c08.bundle,跟幫手討論要不要殺出去3,Say,カイ･コン,12,だから、推薦したエージェントが所属する会社がボスだ。,
d0e81a4acd55cfac60c2aa1bec155c08.bundle,跟幫手討論要不要殺出去3,Say,カイ･コン,13,はっ、企業に飼われていないエージェントなんて存在しない……,
d0e81a4acd55cfac60c2aa1bec155c08.bundle,跟幫手討論要不要殺出去3,Say,カイ･コン,14,主のいない狂犬を、野放しにするわけないだろう……,
d0e81a4acd55cfac60c2aa1bec155c08.bundle,跟幫手討論要不要殺出去3,Say,カイ･コン,15,いつも正義を語っている彼女も、他のやつと同じだ……,
d0e81a4acd55cfac60c2aa1bec155c08.bundle,跟幫手討論要不要殺出去3,Say,カイ･コン,16,人間は自分の利益のために動く。当たり前の事だろう？,
d0e81a4acd55cfac60c2aa1bec155c08.bundle,跟幫手討論要不要殺出去3,Say,心の声,2,スイ･ニンはあえて、このことを隠していたのか……？,
d0e81a4acd55cfac60c2aa1bec155c08.bundle,跟幫手討論要不要殺出去3,Say,カイ･コン,17,ゴホッ、ゴホ……！,
d0e81a4acd55cfac60c2aa1bec155c08.bundle,跟幫手討論要不要殺出去3,Say,カイ･コン,18,うっ……！,
d0e81a4acd55cfac60c2aa1bec155c08.bundle,跟幫手討論要不要殺出去3,Say,心の声,3,いや、助っ人が彼女を陥れるために、嘘を言ってる可能性もある……,
d0e81a4acd55cfac60c2aa1bec155c08.bundle,跟幫手討論要不要殺出去3,Say,心の声,4,俺は何を信じればいいんだ……,
d0e81a4acd55cfac60c2aa1bec155c08.bundle,跟幫手討論要不要殺出去3,Say,カイ･コン,19,はぁ……はぁ……はぁ……,
d0e81a4acd55cfac60c2aa1bec155c08.bundle,跟幫手討論要不要殺出去3,Say,カイ･コン,20,助っ人である俺に、こんな酷い扱いをする彼女には、これ以上付き合えない。,
d0e81a4acd55cfac60c2aa1bec155c08.bundle,跟幫手討論要不要殺出去3,Say,カイ･コン,21,スイ･ニンはまたフクロウに敵を作った……,
d0e81a4acd55cfac60c2aa1bec155c08.bundle,跟幫手討論要不要殺出去3,Say,カイ･コン,22,お前も気をつけろよ。ジェイ･ダイ。,
d0e81a4acd55cfac60c2aa1bec155c08.bundle,跟幫手討論要不要殺出去3,Say,カイ･コン,23,確かに俺は善人ではないが……,
d0e81a4acd55cfac60c2aa1bec155c08.bundle,跟幫手討論要不要殺出去3,Say,カイ･コン,24,嘘はつかない主義なんだ。,
d0e81a4acd55cfac60c2aa1bec155c08.bundle,跟幫手討論要不要殺出去3,Say,カイ･コン,25,俺は利己的でもある。,
d0e81a4acd55cfac60c2aa1bec155c08.bundle,跟幫手討論要不要殺出去3,Say,カイ･コン,26,だがスイ･ニンの方が……,
d0e81a4acd55cfac60c2aa1bec155c08.bundle,跟幫手討論要不要殺出去3,Say,カイ･コン,27,彼女のような人間こそが、一番危険なんだ。,
d0e81a4acd55cfac60c2aa1bec155c08.bundle,跟幫手討論要不要殺出去3,Say,カイ･コン,28,お前を油断させて信頼を勝ち取っていたようだが、お前は彼女が何を考えているのかわからないだろ？,
d0e81a4acd55cfac60c2aa1bec155c08.bundle,跟幫手討論要不要殺出去3,Say,カイ･コン,29,お前はいつ捨てられてもおかしくない。,
d0e81a4acd55cfac60c2aa1bec155c08.bundle,跟幫手討論要不要殺出去3,Say,カイ･コン,30,彼女はな……,
d0e81a4acd55cfac60c2aa1bec155c08.bundle,跟幫手討論要不要殺出去3,Say,カイ･コン,31,まともじゃないんだ……,
d0e81a4acd55cfac60c2aa1bec155c08.bundle,跟幫手討論要不要殺出去3,Say,カイ･コン,32,主体がない……？いや、ルールがないと言うべきか？,
d0e81a4acd55cfac60c2aa1bec155c08.bundle,跟幫手討論要不要殺出去3,Say,心の声,5,……,
d0e81a4acd55cfac60c2aa1bec155c08.bundle,跟幫手討論要不要殺出去3,Say,カイ･コン,33,彼女は、ある意味では俺より利己的だ。,
d0e81a4acd55cfac60c2aa1bec155c08.bundle,跟幫手討論要不要殺出去3,Say,カイ･コン,34,ほら、見てみろよ。彼女はお前のことなど後回しで、自分の目的を優先させているだろ？,
d0e81a4acd55cfac60c2aa1bec155c08.bundle,跟幫手討論要不要殺出去3,Branch,#Simple,5,それは子どもを助けるためだ。,
d0e81a4acd55cfac60c2aa1bec155c08.bundle,跟幫手討論要不要殺出去3,Say,カイ･コン,35,そうだな、でも彼女はお前に確認したか？,
d0e81a4acd55cfac60c2aa1bec155c08.bundle,跟幫手討論要不要殺出去3,Say,カイ･コン,36,彼女の行動でお前の命までもが危険に晒される状況で、彼女が一度でもお前に行動の是非を確認したか？,
d0e81a4acd55cfac60c2aa1bec155c08.bundle,跟幫手討論要不要殺出去3,Branch,#Simple,6,それもそうだな。,
d0e81a4acd55cfac60c2aa1bec155c08.bundle,跟幫手討論要不要殺出去3,Branch,#Simple,7,……,
d0e81a4acd55cfac60c2aa1bec155c08.bundle,跟幫手討論要不要殺出去3,Say,カイ･コン,37,彼女のさっきの判断が、どれほど自分勝手なものであるかわかるだろ？,
d0e81a4acd55cfac60c2aa1bec155c08.bundle,跟幫手討論要不要殺出去3,Say,カイ･コン,38,もし彼女が死んだら、お前はどうなる？,
d0e81a4acd55cfac60c2aa1bec155c08.bundle,跟幫手討論要不要殺出去3,Say,心の声,6,俺も殺される……,
d0e81a4acd55cfac60c2aa1bec155c08.bundle,跟幫手討論要不要殺出去3,Say,カイ･コン,39,……,
d0e81a4acd55cfac60c2aa1bec155c08.bundle,跟幫手討論要不要殺出去3,Say,心の声,7,銃声が止まった。,
d0e81a4acd55cfac60c2aa1bec155c08.bundle,跟幫手討論要不要殺出去3,Say,カイ･コン,40,俺はもう行く。,
d0e81a4acd55cfac60c2aa1bec155c08.bundle,跟幫手討論要不要殺出去3,Branch,#Simple,8,スイ･ニンが勝ったのかもしれない。,
d0e81a4acd55cfac60c2aa1bec155c08.bundle,跟幫手討論要不要殺出去3,Say,カイ･コン,41,負けた可能性もあるだろ。俺は最初から彼女を信じていないんだ。,
d0e81a4acd55cfac60c2aa1bec155c08.bundle,跟幫手討論要不要殺出去3,Branch,#Simple,9,無理だ。裏口はもう塞がれている。,
d0e81a4acd55cfac60c2aa1bec155c08.bundle,跟幫手討論要不要殺出去3,Say,カイ･コン,42,わかってる。だが俺には他に方法がある。,
d0e81a4acd55cfac60c2aa1bec155c08.bundle,跟幫手討論要不要殺出去3,Branch,#Simple,10,どうやって脱出するつもりだ？,
d0e81a4acd55cfac60c2aa1bec155c08.bundle,跟幫手討論要不要殺出去3,Say,カイ･コン,43,侵入した時と同じ方法を使う。,
d0e81a4acd55cfac60c2aa1bec155c08.bundle,跟幫手討論要不要殺出去3,Branch,#Simple,11,……,
d0e81a4acd55cfac60c2aa1bec155c08.bundle,跟幫手討論要不要殺出去3,Say,カイ･コン,44,ワイヤーを使ってダクトに戻り、そこから逃げる。,
d0e81a4acd55cfac60c2aa1bec155c08.bundle,跟幫手討論要不要殺出去3,Say,カイ･コン,45,スイ･ニンがすべて敵を惹きつけている状況なら、安全なはずだ。,
d0e81a4acd55cfac60c2aa1bec155c08.bundle,跟幫手討論要不要殺出去3,Branch,#Simple,12,俺も一緒に連れてってくれないか？,
d0e81a4acd55cfac60c2aa1bec155c08.bundle,跟幫手討論要不要殺出去3,Say,カイ･コン,46,できはするが。,
d0e81a4acd55cfac60c2aa1bec155c08.bundle,跟幫手討論要不要殺出去3,Say,カイ･コン,47,したくはない。,
d0e81a4acd55cfac60c2aa1bec155c08.bundle,跟幫手討論要不要殺出去3,Say,カイ･コン,48,お前を連れて行ったところで、逃走の成功率が下がるだけだ。,
d0e81a4acd55cfac60c2aa1bec155c08.bundle,跟幫手討論要不要殺出去3,Say,カイ･コン,49,ホワイトリザードが罠を仕掛けている可能性もある。,
d0e81a4acd55cfac60c2aa1bec155c08.bundle,跟幫手討論要不要殺出去3,Say,カイ･コン,50,それにお前は、スイ･ニンを信じているのだろう？,
d0e81a4acd55cfac60c2aa1bec155c08.bundle,跟幫手討論要不要殺出去3,Say,カイ･コン,51,ここで彼女を待つんだな。,
d0e81a4acd55cfac60c2aa1bec155c08.bundle,跟幫手討論要不要殺出去3,Say,心の声,8,こいつ……,
d0e81a4acd55cfac60c2aa1bec155c08.bundle,跟幫手討論要不要殺出去3,Branch,#Simple,13,精々頑張れ。,
d0e81a4acd55cfac60c2aa1bec155c08.bundle,跟幫手討論要不要殺出去3,Say,カイ･コン,52,頑張るのはお前の方だ。,
d0e81a4acd55cfac60c2aa1bec155c08.bundle,跟幫手討論要不要殺出去3,Branch,#Simple,14,臆病者。,
d0e81a4acd55cfac60c2aa1bec155c08.bundle,跟幫手討論要不要殺出去3,Say,カイ･コン,53,愚昧と勇敢の違いを理解してから、その言葉を使いな。,
d0e81a4acd55cfac60c2aa1bec155c08.bundle,跟幫手討論要不要殺出去3,Branch,#Simple,15,……,
d0e81a4acd55cfac60c2aa1bec155c08.bundle,跟幫手討論要不要殺出去3,Say,カイ･コン,54,……,
d0e81a4acd55cfac60c2aa1bec155c08.bundle,跟幫手討論要不要殺出去3,Say,カイ･コン,55,まあ……,
d0e81a4acd55cfac60c2aa1bec155c08.bundle,跟幫手討論要不要殺出去3,Say,カイ･コン,56,あの女を信じるかどうかを決めるのはお前自身だ。,
d0e81a4acd55cfac60c2aa1bec155c08.bundle,跟幫手討論要不要殺出去3,Say,カイ･コン,57,どうであれ……,
d0e81a4acd55cfac60c2aa1bec155c08.bundle,跟幫手討論要不要殺出去3,Say,カイ･コン,58,俺は忠告したからな。,
d0e81a4acd55cfac60c2aa1bec155c08.bundle,跟幫手討論要不要殺出去3,Say,カイ･コン,59,じゃあな。,
d0e81a4acd55cfac60c2aa1bec155c08.bundle,跟幫手討論要不要殺出去3,Say,心の声,9,……,
d0e81a4acd55cfac60c2aa1bec155c08.bundle,跟幫手討論要不要殺出去3,Say,心の声,10,もう他に選択肢はない……,
d0e81a4acd55cfac60c2aa1bec155c08.bundle,跟幫手討論要不要殺出去3,Say,心の声,11,外に出て確認するしかない。,
d0e81a4acd55cfac60c2aa1bec155c08.bundle,屠殺結束2,Say,スイ･ニン,0,はぁ……はぁ……はぁ……,
d0e81a4acd55cfac60c2aa1bec155c08.bundle,屠殺結束2,Say,スイ･ニン,1,ホワイトリザードはあのロボットに入っていなかった……,
d0e81a4acd55cfac60c2aa1bec155c08.bundle,屠殺結束2,Say,スイ･ニン,2,彼が遠くから遠隔操作で動かしていただけだ……,
d0e81a4acd55cfac60c2aa1bec155c08.bundle,屠殺結束2,Say,スイ･ニン,3,だが、ああいったロボットは近くで操縦する必要がある。彼はまだ近くにいるはずだ。,
d0e81a4acd55cfac60c2aa1bec155c08.bundle,屠殺結束2,Say,スイ･ニン,4,私は……,
d0e81a4acd55cfac60c2aa1bec155c08.bundle,屠殺結束2,Say,スイ･ニン,5,私は彼を追う。,
d0e81a4acd55cfac60c2aa1bec155c08.bundle,屠殺結束2,Branch,#Simple,0,光学迷彩で姿を消して、俺たちを待ち伏せているかもしれない。,
d0e81a4acd55cfac60c2aa1bec155c08.bundle,屠殺結束2,Branch,#Simple,1,それは確かか？,
d0e81a4acd55cfac60c2aa1bec155c08.bundle,屠殺結束2,Say,スイ･ニン,6,彼の光学迷彩に影響が出る爆破武器を使ったということは、彼はここで戦うつもりはないということだ。,
d0e81a4acd55cfac60c2aa1bec155c08.bundle,屠殺結束2,Say,スイ･ニン,7,彼はすでに逃げている。,
d0e81a4acd55cfac60c2aa1bec155c08.bundle,屠殺結束2,Branch,#Simple,2,……,
d0e81a4acd55cfac60c2aa1bec155c08.bundle,屠殺結束2,Say,スイ･ニン,8,ここまで来たんだ。彼を逃がすわけにはいかない。,
d0e81a4acd55cfac60c2aa1bec155c08.bundle,屠殺結束2,Branch,#Simple,3,俺はどうすれば？,
d0e81a4acd55cfac60c2aa1bec155c08.bundle,屠殺結束2,Branch,#Simple,4,だがあんたの怪我は……,
d0e81a4acd55cfac60c2aa1bec155c08.bundle,屠殺結束2,Say,スイ･ニン,9,……大したことはない。,
d0e81a4acd55cfac60c2aa1bec155c08.bundle,屠殺結束2,Branch,#Simple,5,……,
d0e81a4acd55cfac60c2aa1bec155c08.bundle,屠殺結束2,Say,スイ･ニン,10,外でリュウセイが待ってるから、彼と一緒に撤退を。,
d0e81a4acd55cfac60c2aa1bec155c08.bundle,屠殺結束2,Say,スイ･ニン,11,私は23号と一緒にホワイトリザードを追う。,
d0e81a4acd55cfac60c2aa1bec155c08.bundle,屠殺結束2,Say,スイ･ニン,12,……もちろん、フクロウにも助けを求める。,
d0e81a4acd55cfac60c2aa1bec155c08.bundle,屠殺結束2,Branch,#Simple,6,万象に邪魔をされないか？,
d0e81a4acd55cfac60c2aa1bec155c08.bundle,屠殺結束2,Say,スイ･ニン,13,その可能性は低いはずだ。,
d0e81a4acd55cfac60c2aa1bec155c08.bundle,屠殺結束2,Say,スイ･ニン,14,万象は嫌な顔をするだろうが、ホワイトリザードのような危険な犯罪者を庇いきれないはずだ。,
d0e81a4acd55cfac60c2aa1bec155c08.bundle,屠殺結束2,Say,スイ･ニン,15,だが逮捕はされても、ホワイトリザードに関するすべての報道がもみ消させるのが落ちだ。,
d0e81a4acd55cfac60c2aa1bec155c08.bundle,屠殺結束2,Branch,#Simple,7,間に合うのか？,
d0e81a4acd55cfac60c2aa1bec155c08.bundle,屠殺結束2,Branch,#Simple,8,……,
d0e81a4acd55cfac60c2aa1bec155c08.bundle,屠殺結束2,Say,スイ･ニン,16,彼のような重要指名手配犯であれば、待機中のすべてのエージェントに招集がかかる。,
d0e81a4acd55cfac60c2aa1bec155c08.bundle,屠殺結束2,Say,スイ･ニン,17,いくらホワイトリザードであっても、彼らの包囲網からは逃げられない。,
d0e81a4acd55cfac60c2aa1bec155c08.bundle,屠殺結束2,Say,スイ･ニン,18,問題ない。まだ私の想定内だ。,
d0e81a4acd55cfac60c2aa1bec155c08.bundle,屠殺結束2,Say,心の声,0,……想定内？,
d0e81a4acd55cfac60c2aa1bec155c08.bundle,屠殺結束2,Say,スイ･ニン,19,だが君を巻き込んでしまったことは、申し訳ないと思っている……,
d0e81a4acd55cfac60c2aa1bec155c08.bundle,屠殺結束2,Say,心の声,1,彼女は罠であることを最初から知っていたのか……？,
d0e81a4acd55cfac60c2aa1bec155c08.bundle,屠殺結束2,Branch,#Simple,9,待て。あんたは最初から罠だと知っていたのか？,
d0e81a4acd55cfac60c2aa1bec155c08.bundle,屠殺結束2,Branch,#Simple,10,……,
d0e81a4acd55cfac60c2aa1bec155c08.bundle,屠殺結束2,Say,スイ･ニン,20,すまないが、私はもう行く。,
d0e81a4acd55cfac60c2aa1bec155c08.bundle,屠殺結束2,Say,心の声,2,そんな……,
d0e81a4acd55cfac60c2aa1bec155c08.bundle,屠殺結束2,Say,心の声,3,……,
d0e81a4acd55cfac60c2aa1bec155c08.bundle,屠殺結束2,Say,心の声,4,とにかく、外でリュウセイと合流を。,
d0e81a4acd55cfac60c2aa1bec155c08.bundle,跟隆生離開工地2,Say,リュウセイ･チョウ,0,出発していいっすか？,
d0e81a4acd55cfac60c2aa1bec155c08.bundle,跟隆生離開工地2,Say,リュウセイ･チョウ,1,リンさんを迎えに行くから、飛ばすっすよ！,
d0e81a4acd55cfac60c2aa1bec155c08.bundle,跟隆生離開工地2,Branch,#Simple,0,ああ、急いでくれ。,
d0e81a4acd55cfac60c2aa1bec155c08.bundle,跟隆生離開工地2,Branch,#Simple,1,待て、23号は？,
d0e81a4acd55cfac60c2aa1bec155c08.bundle,跟隆生離開工地2,Say,リュウセイ･チョウ,2,彼女は後で来るから、大丈夫っす。,
d0e81a4acd55cfac60c2aa1bec155c08.bundle,跟隆生離開工地2,Branch,#Simple,2,……,
d0e81a4acd55cfac60c2aa1bec155c08.bundle,跟隆生離開工地2,Say,リュウセイ･チョウ,3,じゃ、出発っす！,
d0e81a4acd55cfac60c2aa1bec155c08.bundle,鄭緯請主角去寂靜大廳,Say,イー･テイ,0,ジェイ。,
d0e81a4acd55cfac60c2aa1bec155c08.bundle,鄭緯請主角去寂靜大廳,Say,イー･テイ,1,言い忘れてたけど、先にホールに行って待ってても大丈夫だよ。,
d0e81a4acd55cfac60c2aa1bec155c08.bundle,鄭緯請主角去寂靜大廳,Say,イー･テイ,2,僕も報告の件で執行官と面会の約束をしてるから、時間になったら向かうよ。,
d0e81a4acd55cfac60c2aa1bec155c08.bundle,鄭緯請主角去寂靜大廳,Say,イー･テイ,3,場所は前と同じだから。,
d0e81a4acd55cfac60c2aa1bec155c08.bundle,鄭緯請主角去寂靜大廳,Say,イー･テイ,4,1階ホールの権限を与えとくね。,
d0e81a4acd55cfac60c2aa1bec155c08.bundle,鄭緯請主角去寂靜大廳,Say,イー･テイ,5,もし僕が遅れるようなら、僕が来るまで彼の話し相手をお願いしたい。,
d0e81a4acd55cfac60c2aa1bec155c08.bundle,鄭緯請主角去寂靜大廳,Branch,#Simple,0,わかりました。,
d0e81a4acd55cfac60c2aa1bec155c08.bundle,鄭緯請主角去寂靜大廳,Branch,#Simple,1,どんなことを話したらいいですか？,
d0e81a4acd55cfac60c2aa1bec155c08.bundle,鄭緯請主角去寂靜大廳,Branch,#Simple,2,……,
d0e81a4acd55cfac60c2aa1bec155c08.bundle,鄭緯請主角去寂靜大廳,Say,イー･テイ,6,じゃ、頼んだよ。お願いね……！！！,
d0e81a4acd55cfac60c2aa1bec155c08.bundle,鄭緯請主角去寂靜大廳,Say,心の声,0,切られた……,
d0e81a4acd55cfac60c2aa1bec155c08.bundle,鄭緯請主角去寂靜大廳,Say,心の声,1,……,
d0e81a4acd55cfac60c2aa1bec155c08.bundle,鄭緯請主角去寂靜大廳,Say,心の声,2,やることがないなら、ホールで待てってことか……,
d0e81a4acd55cfac60c2aa1bec155c08.bundle,跟陳莉堯,Say,ヤオ･リー,0,あら？,
d0e81a4acd55cfac60c2aa1bec155c08.bundle,跟陳莉堯,Say,ヤオ･リー,1,ああ、新人さんね。,
d0e81a4acd55cfac60c2aa1bec155c08.bundle,跟陳莉堯,Say,ヤオ･リー,2,なんか用？,
d0e81a4acd55cfac60c2aa1bec155c08.bundle,跟陳莉堯,Branch,#Simple,0,子どもたちの居場所はどこだ？,
d0e81a4acd55cfac60c2aa1bec155c08.bundle,跟陳莉堯,Say,ヤオ･リー,3,あんた……,
d0e81a4acd55cfac60c2aa1bec155c08.bundle,跟陳莉堯,Say,ヤオ･リー,4,噂を聞いたのね？,
d0e81a4acd55cfac60c2aa1bec155c08.bundle,跟陳莉堯,Branch,#Simple,1,はい。,
d0e81a4acd55cfac60c2aa1bec155c08.bundle,跟陳莉堯,Say,ヤオ･リー,5,ふーん、新人なのに情報が速いのね。,
d0e81a4acd55cfac60c2aa1bec155c08.bundle,跟陳莉堯,Branch,#Simple,2,噂？,
d0e81a4acd55cfac60c2aa1bec155c08.bundle,跟陳莉堯,Say,ヤオ･リー,6,実はね……,
d0e81a4acd55cfac60c2aa1bec155c08.bundle,跟陳莉堯,Say,ヤオ･リー,7,チシュンさんに緊急招集されたはいいものの、相手は誰なのか、取引のブツが何なのかとかは、私たちは一切聞かされてないの。,
d0e81a4acd55cfac60c2aa1bec155c08.bundle,跟陳莉堯,Say,ヤオ･リー,8,だから今回の商品は、危険なものじゃないかって噂が流れてる。,
d0e81a4acd55cfac60c2aa1bec155c08.bundle,跟陳莉堯,Branch,#Simple,3,危険？,
d0e81a4acd55cfac60c2aa1bec155c08.bundle,跟陳莉堯,Say,ヤオ･リー,9,デカに狙われる可能性が高いってことよ。,
d0e81a4acd55cfac60c2aa1bec155c08.bundle,跟陳莉堯,Branch,#Simple,4,……,
d0e81a4acd55cfac60c2aa1bec155c08.bundle,跟陳莉堯,Say,ヤオ･リー,10,これはあくまでも噂よ……,
d0e81a4acd55cfac60c2aa1bec155c08.bundle,跟陳莉堯,Say,ヤオ･リー,11,でも、「商品」を運んでた人たちが、今回のブツは子どもだと言ってたの。,
d0e81a4acd55cfac60c2aa1bec155c08.bundle,跟陳莉堯,Say,ヤオ･リー,12,ここまで慎重な取引であることからも、おそらく雇い主はかなりの大物ね……,
d0e81a4acd55cfac60c2aa1bec155c08.bundle,跟陳莉堯,Say,ヤオ･リー,13,とはいえ、こんな重要な取引が、私たちみたいなチンピラに回ってくること事態が変なのよ……,
d0e81a4acd55cfac60c2aa1bec155c08.bundle,跟陳莉堯,Say,ヤオ･リー,14,変な噂を広めるのはやめてね。金を受け取ったら今回のことは忘れる。いいわね？,
d0e81a4acd55cfac60c2aa1bec155c08.bundle,跟陳莉堯,Say,ヤオ･リー,15,ちなみに「商品」がどこにあるのかは私も知らない。運んできたのは朝番のやつらよ。,
d0e81a4acd55cfac60c2aa1bec155c08.bundle,跟陳莉堯,Say,ヤオ･リー,16,私たちがここに来た時には、すでに商品はどこかに隠されていた。,
d0e81a4acd55cfac60c2aa1bec155c08.bundle,跟陳莉堯,Say,ヤオ･リー,17,知ってることはこれで全部よ。もういいでしょう？,
d0e81a4acd55cfac60c2aa1bec155c08.bundle,跟陳莉堯,Say,ヤオ･リー,18,他に質問でもある？,
d0e81a4acd55cfac60c2aa1bec155c08.bundle,跟陳莉堯,Branch,#Simple,5,後ろで武術の稽古のようなことをしている男は誰だ？,
d0e81a4acd55cfac60c2aa1bec155c08.bundle,跟陳莉堯,Say,ヤオ･リー,19,ああ、彼ね……,
d0e81a4acd55cfac60c2aa1bec155c08.bundle,跟陳莉堯,Say,ヤオ･リー,20,チシュンさんが呼んだ用心棒よ。,
d0e81a4acd55cfac60c2aa1bec155c08.bundle,跟陳莉堯,Say,ヤオ･リー,21,弟もいるみたいだけど、どこに行ったのかしら？,
d0e81a4acd55cfac60c2aa1bec155c08.bundle,跟陳莉堯,Say,ヤオ･リー,22,とにかく彼らは、頭のイカれた兄弟よ……,
d0e81a4acd55cfac60c2aa1bec155c08.bundle,跟陳莉堯,Say,ヤオ･リー,23,無視しとけばいいから。,
d0e81a4acd55cfac60c2aa1bec155c08.bundle,跟陳莉堯,Say,ヤオ･リー,24,後は？,
d0e81a4acd55cfac60c2aa1bec155c08.bundle,跟陳莉堯,Branch,#Simple,6,もう大丈夫だ。,
d0e81a4acd55cfac60c2aa1bec155c08.bundle,超級動畫結束4,Say,傭兵3,0,……ボス？,
d0e81a4acd55cfac60c2aa1bec155c08.bundle,超級動畫結束4,Say,傭兵3,1,まだ生きてますか？,
d0e81a4acd55cfac60c2aa1bec155c08.bundle,超級動畫結束4,Say,キンセイ･ハク,0,もちろんピンピンしてるよ！,
d0e81a4acd55cfac60c2aa1bec155c08.bundle,超級動畫結束4,Say,傭兵3,2,全員揃いました。,
d0e81a4acd55cfac60c2aa1bec155c08.bundle,超級動畫結束4,Say,スイ･ニン,0,……,
d0e81a4acd55cfac60c2aa1bec155c08.bundle,超級動畫結束4,Say,キンセイ･ハク,1,スイ･ニン、外にいたやつらを皆殺しにしなかったのか？,
d0e81a4acd55cfac60c2aa1bec155c08.bundle,超級動畫結束4,Say,スイ･ニン,1,……,
d0e81a4acd55cfac60c2aa1bec155c08.bundle,超級動畫結束4,Say,キンセイ･ハク,2,安心しろ、ここに呼ぶつもりはないよ。,
d0e81a4acd55cfac60c2aa1bec155c08.bundle,超級動畫結束4,Say,キンセイ･ハク,3,お前のことだ……,
d0e81a4acd55cfac60c2aa1bec155c08.bundle,超級動畫結束4,Say,キンセイ･ハク,4,俺の部下がここに来る前に、あの男を連れてダクトから逃げられるだろ？,
d0e81a4acd55cfac60c2aa1bec155c08.bundle,超級動畫結束4,Say,キンセイ･ハク,5,せっかく手に入れた獲物を逃がしたくないんでね。,
d0e81a4acd55cfac60c2aa1bec155c08.bundle,超級動畫結束4,Say,キンセイ･ハク,6,さて、振り出しに戻ったわけだが……,
d0e81a4acd55cfac60c2aa1bec155c08.bundle,超級動畫結束4,Say,キンセイ･ハク,7,お互い譲歩して、この件を水に流すってのはどうだ？,
d0e81a4acd55cfac60c2aa1bec155c08.bundle,超級動畫結束4,Say,キンセイ･ハク,8,俺が思うに、これが一番賢明な判断だと思うが？,
d0e81a4acd55cfac60c2aa1bec155c08.bundle,超級動畫結束4,Say,スイ･ニン,2,……,
d0e81a4acd55cfac60c2aa1bec155c08.bundle,超級動畫結束4,Say,キンセイ･ハク,9,ハハ……,
d0e81a4acd55cfac60c2aa1bec155c08.bundle,超級動畫結束4,Say,キンセイ･ハク,10,わかってるさ。,
d0e81a4acd55cfac60c2aa1bec155c08.bundle,超級動畫結束4,Say,キンセイ･ハク,11,譲歩する気はないってことだろ……？,
d0e81a4acd55cfac60c2aa1bec155c08.bundle,超級動畫結束4,Say,キンセイ･ハク,12,お前は子どもたちを助けたいし、この件を失敗で終わらすわけにはいかない……,
d0e81a4acd55cfac60c2aa1bec155c08.bundle,超級動畫結束4,Say,キンセイ･ハク,13,「スイ･ニン」に失敗は許されない……,
d0e81a4acd55cfac60c2aa1bec155c08.bundle,超級動畫結束4,Say,キンセイ･ハク,14,それに……,
d0e81a4acd55cfac60c2aa1bec155c08.bundle,超級動畫結束4,Say,キンセイ･ハク,15,俺にまた逃げられるわけにはいかないんだろう？,
d0e81a4acd55cfac60c2aa1bec155c08.bundle,超級動畫結束4,Say,スイ･ニン,3,……,
d0e81a4acd55cfac60c2aa1bec155c08.bundle,超級動畫結束4,Say,キンセイ･ハク,16,だから、提案二つ目だ。,
d0e81a4acd55cfac60c2aa1bec155c08.bundle,超級動畫結束4,Say,キンセイ･ハク,17,俺を解放しろ。,
d0e81a4acd55cfac60c2aa1bec155c08.bundle,超級動畫結束4,Say,キンセイ･ハク,18,そして、俺は外にいる部下と共に商品を万象に届けに行く。,
d0e81a4acd55cfac60c2aa1bec155c08.bundle,超級動畫結束4,Say,キンセイ･ハク,19,だからお前は……,
d0e81a4acd55cfac60c2aa1bec155c08.bundle,超級動畫結束4,Say,キンセイ･ハク,20,俺らを止めにくればいい。,
d0e81a4acd55cfac60c2aa1bec155c08.bundle,超級動畫結束4,Say,スイ･ニン,4,……バカにしているのか？,
d0e81a4acd55cfac60c2aa1bec155c08.bundle,超級動畫結束4,Say,キンセイ･ハク,21,おいおい！早まるなよ。よく考えてみろ！,
d0e81a4acd55cfac60c2aa1bec155c08.bundle,超級動畫結束4,Say,キンセイ･ハク,22,これは考え得る最善の策じゃないか？,
d0e81a4acd55cfac60c2aa1bec155c08.bundle,超級動畫結束4,Say,キンセイ･ハク,23,第一に！,
d0e81a4acd55cfac60c2aa1bec155c08.bundle,超級動畫結束4,Say,キンセイ･ハク,24,お前には、俺と俺の仲間を殺せるチャンスがある。,
d0e81a4acd55cfac60c2aa1bec155c08.bundle,超級動畫結束4,Say,キンセイ･ハク,25,さらに！,
d0e81a4acd55cfac60c2aa1bec155c08.bundle,超級動畫結束4,Say,キンセイ･ハク,26,上手くいけば、すべての子どもを救い出せる！,
d0e81a4acd55cfac60c2aa1bec155c08.bundle,超級動畫結束4,Say,キンセイ･ハク,27,完璧主義のスイ･ニンが完璧に任務を遂行できる流れだろ！,
d0e81a4acd55cfac60c2aa1bec155c08.bundle,超級動畫結束4,Say,キンセイ･ハク,28,そして俺には、スイ･ニン、お前を殺すチャンスがある。,
d0e81a4acd55cfac60c2aa1bec155c08.bundle,超級動畫結束4,Say,キンセイ･ハク,29,俺は優秀な部下と共に、閉鎖的な空間の中を一人で臨むお前と戦える。,
d0e81a4acd55cfac60c2aa1bec155c08.bundle,超級動畫結束4,Say,キンセイ･ハク,30,まさに千載一遇の好機だ！,
d0e81a4acd55cfac60c2aa1bec155c08.bundle,超級動畫結束4,Say,キンセイ･ハク,31,俺はやっと、しつこいお前から解放される。,
d0e81a4acd55cfac60c2aa1bec155c08.bundle,超級動畫結束4,Say,スイ･ニン,5,馬鹿を言うな。,
d0e81a4acd55cfac60c2aa1bec155c08.bundle,超級動畫結束4,Say,スイ･ニン,6,私が約束通り、単身で乗り込んだとしても、君は再び子どもを人質に取って逃げるだけだ。,
d0e81a4acd55cfac60c2aa1bec155c08.bundle,超級動畫結束4,Say,スイ･ニン,7,今と何が違うと言うんだ？,
d0e81a4acd55cfac60c2aa1bec155c08.bundle,超級動畫結束4,Say,キンセイ･ハク,32,勘違いするな。,
d0e81a4acd55cfac60c2aa1bec155c08.bundle,超級動畫結束4,Say,心の声,0,急に口調が変わった……,
d0e81a4acd55cfac60c2aa1bec155c08.bundle,超級動畫結束4,Say,キンセイ･ハク,33,俺はお前を殺せる機会をみすみす逃すつもりはない。,
d0e81a4acd55cfac60c2aa1bec155c08.bundle,超級動畫結束4,Say,キンセイ･ハク,34,子どもを乗せたトラックに部下はつけない。保証する。,
d0e81a4acd55cfac60c2aa1bec155c08.bundle,超級動畫結束4,Say,キンセイ･ハク,35,俺たちは今日……,
d0e81a4acd55cfac60c2aa1bec155c08.bundle,超級動畫結束4,Say,キンセイ･ハク,36,お前を……,
d0e81a4acd55cfac60c2aa1bec155c08.bundle,超級動畫結束4,Say,キンセイ･ハク,37,必ず殺す。,
d0e81a4acd55cfac60c2aa1bec155c08.bundle,超級動畫結束4,Say,キンセイ･ハク,38,俺を信用する必要はない。,
d0e81a4acd55cfac60c2aa1bec155c08.bundle,超級動畫結束4,Say,キンセイ･ハク,39,だが俺がお前に抱いている殺意を、信じてほしい。,
d0e81a4acd55cfac60c2aa1bec155c08.bundle,超級動畫結束4,Say,スイ･ニン,8,……,
d0e81a4acd55cfac60c2aa1bec155c08.bundle,超級動畫結束4,Say,キンセイ･ハク,40,……,
d0e81a4acd55cfac60c2aa1bec155c08.bundle,超級動畫結束4,Say,キンセイ･ハク,41,さあ、どうする？,
d0e81a4acd55cfac60c2aa1bec155c08.bundle,超級動畫結束4,Say,キンセイ･ハク,42,安牌を切って、この場をやり過ごすか……,
d0e81a4acd55cfac60c2aa1bec155c08.bundle,超級動畫結束4,Say,キンセイ･ハク,43,それとも、全ベットで殺し合うか……,
d0e81a4acd55cfac60c2aa1bec155c08.bundle,超級動畫結束4,Say,スイ･ニン,9,……,
d0e81a4acd55cfac60c2aa1bec155c08.bundle,超級動畫結束4,Say,キンセイ･ハク,44,心配するな、お前のことはよく分かっている……,
d0e81a4acd55cfac60c2aa1bec155c08.bundle,超級動畫結束4,Say,キンセイ･ハク,45,もちろん何を選ぶのかもだ。お前が決断するまで待ってやるさ。,
d0e81a4acd55cfac60c2aa1bec155c08.bundle,超級動畫結束4,Say,キンセイ･ハク,46,それに俺らも、お前が散らかした後始末をしないといけないからな。,
d0e81a4acd55cfac60c2aa1bec155c08.bundle,超級動畫結束4,Say,キンセイ･ハク,47,俺の雇い主は面子を大事にしててな……,
d0e81a4acd55cfac60c2aa1bec155c08.bundle,超級動畫結束4,Say,キンセイ･ハク,48,証拠隠滅には抜かりないんだ！,
d0e81a4acd55cfac60c2aa1bec155c08.bundle,超級動畫結束4,Say,キンセイ･ハク,49,10、15分くらいで決断してくれ。,
d0e81a4acd55cfac60c2aa1bec155c08.bundle,超級動畫結束4,Say,キンセイ･ハク,50,よく考えろ。,
d0e81a4acd55cfac60c2aa1bec155c08.bundle,超級動畫結束4,Say,キンセイ･ハク,51,俺を失望させるなよ。,
d0e81a4acd55cfac60c2aa1bec155c08.bundle,超級動畫結束3,Say,キンセイ･ハク,0,これが……,
d0e81a4acd55cfac60c2aa1bec155c08.bundle,超級動畫結束3,Say,キンセイ･ハク,1,唯一の解決策だ。,
d0e81a4acd55cfac60c2aa1bec155c08.bundle,超級動畫結束3,Say,キンセイ･ハク,2,お前は俺を解放し、この男を連れて一旦撤退する。,
d0e81a4acd55cfac60c2aa1bec155c08.bundle,超級動畫結束3,Say,キンセイ･ハク,3,解放された俺は、商品を持ってここから出る。,
d0e81a4acd55cfac60c2aa1bec155c08.bundle,超級動畫結束3,Say,キンセイ･ハク,4,何か文句でもあるか？,
d0e81a4acd55cfac60c2aa1bec155c08.bundle,超級動畫結束3,Say,スイ･ニン,0,……,
d0e81a4acd55cfac60c2aa1bec155c08.bundle,超級動畫結束3,Say,キンセイ･ハク,5,任務の遂行は叶わないが、怪我人が出ないだけマシだろう？,
d0e81a4acd55cfac60c2aa1bec155c08.bundle,超級動畫結束3,Say,スイ･ニン,1,……,
d0e81a4acd55cfac60c2aa1bec155c08.bundle,超級動畫結束3,Say,スイ･ニン,2,君は状況を見誤っている。,
d0e81a4acd55cfac60c2aa1bec155c08.bundle,超級動畫結束3,Say,スイ･ニン,3,私はここに来る前に、君の部下を全員殺した。,
d0e81a4acd55cfac60c2aa1bec155c08.bundle,超級動畫結束3,Say,キンセイ･ハク,6,なに！？,
d0e81a4acd55cfac60c2aa1bec155c08.bundle,超級動畫結束3,Say,キンセイ･ハク,7,増援も殺ったのか！？,
d0e81a4acd55cfac60c2aa1bec155c08.bundle,超級動畫結束3,Say,スイ･ニン,4,……,
d0e81a4acd55cfac60c2aa1bec155c08.bundle,超級動畫結束3,Say,キンセイ･ハク,8,ハハ、増援までは手が回らなかったみたいだな。,
d0e81a4acd55cfac60c2aa1bec155c08.bundle,超級動畫結束3,Say,キンセイ･ハク,9,俺は、嘘はつかない。,
d0e81a4acd55cfac60c2aa1bec155c08.bundle,超級動畫結束3,Say,キンセイ･ハク,10,わかるだろ？,
d0e81a4acd55cfac60c2aa1bec155c08.bundle,超級動畫結束3,Say,キンセイ･ハク,11,お前のことだ。,
d0e81a4acd55cfac60c2aa1bec155c08.bundle,超級動畫結束3,Say,キンセイ･ハク,12,増援が来てることは分かってたんだろう……,
d0e81a4acd55cfac60c2aa1bec155c08.bundle,超級動畫結束3,Say,キンセイ･ハク,13,ただ、今のお前には増援が着いたかどうかを確認できない。,
d0e81a4acd55cfac60c2aa1bec155c08.bundle,超級動畫結束3,Say,キンセイ･ハク,14,……,
d0e81a4acd55cfac60c2aa1bec155c08.bundle,超級動畫結束3,Say,キンセイ･ハク,15,まさか……,
d0e81a4acd55cfac60c2aa1bec155c08.bundle,超級動畫結束3,Say,キンセイ･ハク,16,増援の件を知らないのか……？,
d0e81a4acd55cfac60c2aa1bec155c08.bundle,超級動畫結束3,Say,キンセイ･ハク,17,ハハハハ！,
d0e81a4acd55cfac60c2aa1bec155c08.bundle,超級動畫結束3,Say,キンセイ･ハク,18,まさか調べてなかったのか？,
d0e81a4acd55cfac60c2aa1bec155c08.bundle,超級動畫結束3,Say,キンセイ･ハク,19,これは傑作だな……スイ･ニン……,
d0e81a4acd55cfac60c2aa1bec155c08.bundle,超級動畫結束3,Say,キンセイ･ハク,20,実にお前らしくない！,
d0e81a4acd55cfac60c2aa1bec155c08.bundle,超級動畫結束3,Say,キンセイ･ハク,21,おや！,
d0e81a4acd55cfac60c2aa1bec155c08.bundle,超級動畫結束3,Say,キンセイ･ハク,22,増援の件がはったりかどうかを考えているようだな！,
d0e81a4acd55cfac60c2aa1bec155c08.bundle,超級動畫結束3,Say,スイ･ニン,5,……,
d0e81a4acd55cfac60c2aa1bec155c08.bundle,跟幫手討論要不要殺出去2,Say,スイ･ニン,0,すまない。,
d0e81a4acd55cfac60c2aa1bec155c08.bundle,跟幫手討論要不要殺出去2,Say,スイ･ニン,1,今は君を説得している時間がない。,
d0e81a4acd55cfac60c2aa1bec155c08.bundle,跟幫手討論要不要殺出去2,Say,スイ･ニン,2,ジェイはここで待っててくれ。すぐ終わらせる。,
d0e81a4acd55cfac60c2aa1bec155c08.bundle,跟幫手討論要不要殺出去2,Branch,#Simple,0,本当にすぐ終わるのか？,
d0e81a4acd55cfac60c2aa1bec155c08.bundle,跟幫手討論要不要殺出去2,Say,スイ･ニン,3,任せてくれ。,
d0e81a4acd55cfac60c2aa1bec155c08.bundle,跟幫手討論要不要殺出去2,Say,スイ･ニン,4,私は死なない。,
d0e81a4acd55cfac60c2aa1bec155c08.bundle,跟幫手討論要不要殺出去2,Branch,#Simple,1,待て。もしあんたが殺されたら、俺はどうなる？,
d0e81a4acd55cfac60c2aa1bec155c08.bundle,跟幫手討論要不要殺出去2,Say,スイ･ニン,5,……,
d0e81a4acd55cfac60c2aa1bec155c08.bundle,跟幫手討論要不要殺出去2,Say,スイ･ニン,6,私は死なない。,
d0e81a4acd55cfac60c2aa1bec155c08.bundle,跟幫手討論要不要殺出去2,Branch,#Simple,2,……,
d0e81a4acd55cfac60c2aa1bec155c08.bundle,跟幫手討論要不要殺出去2,Say,スイ･ニン,7,私には子どもたちを守る使命がある。,
d0e81a4acd55cfac60c2aa1bec155c08.bundle,跟幫手討論要不要殺出去2,Say,カイ･コン,0,はや……ま……るな……！,
d0e81a4acd55cfac60c2aa1bec155c08.bundle,白壁虎殺手下反應,Say,心の声,0,自分の手下を……！？,
d0e81a4acd55cfac60c2aa1bec155c08.bundle,白壁虎殺手下反應,Say,スイ･ニン,0,クズが……,
d0e81a4acd55cfac60c2aa1bec155c08.bundle,操作路線_執行長坐下前,Say,心の声,0,セイワ･ゲン……,
d0e81a4acd55cfac60c2aa1bec155c08.bundle,操作路線_執行長坐下前,Say,セイワ･ゲン,0,シュン･ゴだね。座りたまえ。,
d0e81a4acd55cfac60c2aa1bec155c08.bundle,操作路線_執行長坐下前,Say,心の声,1,盗聴器をつけないとな……,
d0e81a4acd55cfac60c2aa1bec155c08.bundle,操作路線_執行長坐下前,Branch,#Simple,0,「盗聴器をつける」,
d0e81a4acd55cfac60c2aa1bec155c08.bundle,操作路線_執行長坐下前,Say,セイワ･ゲン,1,ん？何をそこで突っ立っているのだ？,
d0e81a4acd55cfac60c2aa1bec155c08.bundle,操作路線_執行長坐下前,Branch,#Simple,1,……,
d0e81a4acd55cfac60c2aa1bec155c08.bundle,操作路線_執行長坐下前,Say,セイワ･ゲン,2,ジェイ･ダイ、君もも座りたまえ。,
d0e81a4acd55cfac60c2aa1bec155c08.bundle,操作路線_執行長坐下前,Say,心の声,2,俺の名前を知ってるのか？,
d0e81a4acd55cfac60c2aa1bec155c08.bundle,操作路線_執行長坐下前,Branch,#Simple,2,私の名前をご存じなんですね。,
d0e81a4acd55cfac60c2aa1bec155c08.bundle,操作路線_執行長坐下前,Say,セイワ･ゲン,3,先日会った際に、君のことを少し調べたんだ。,
d0e81a4acd55cfac60c2aa1bec155c08.bundle,操作路線_執行長坐下前,Say,心の声,3,一言も話してないのにか……？,
d0e81a4acd55cfac60c2aa1bec155c08.bundle,操作路線_執行長坐下前,Say,リン･テイ,0,セイワ･ゲンは支配欲が強い。だから、できるだけすべての情報を集めたがる。,
d0e81a4acd55cfac60c2aa1bec155c08.bundle,操作路線_執行長坐下前,Say,リン･テイ,1,気をつけて。,
d0e81a4acd55cfac60c2aa1bec155c08.bundle,操作路線_執行長坐下前,Say,セイワ･ゲン,4,そうだ。あの時もここで、リン･テイ監督官が……,
d0e81a4acd55cfac60c2aa1bec155c08.bundle,操作路線_執行長坐下前,Say,セイワ･ゲン,5,彼女の身に起きたことは、とても残念に思うよ。,
d0e81a4acd55cfac60c2aa1bec155c08.bundle,操作路線_執行長坐下前,Say,心の声,4,このクズが……,
d0e81a4acd55cfac60c2aa1bec155c08.bundle,操作路線_執行長坐下前,Branch,#Simple,3,はい。,
d0e81a4acd55cfac60c2aa1bec155c08.bundle,操作路線_執行長坐下前,Branch,#Simple,4,……,
d0e81a4acd55cfac60c2aa1bec155c08.bundle,操作路線_執行長坐下前,Say,アンカ･コウ,0,本題に入ってもよろしいですか？,
d0e81a4acd55cfac60c2aa1bec155c08.bundle,操作路線_執行長坐下前,Say,心の声,5,……こいつが取締役か？,
d0e81a4acd55cfac60c2aa1bec155c08.bundle,操作路線_執行長坐下前,Say,セイワ･ゲン,6,では、ジェイ･ダイ。座りたまえ。,
d0e81a4acd55cfac60c2aa1bec155c08.bundle,跟俊恩走去地窖電梯,Say,シュン･ゴ,0,そうだ。,
d0e81a4acd55cfac60c2aa1bec155c08.bundle,跟俊恩走去地窖電梯,Say,シュン･ゴ,1,もうご存じかもしれませんが……,
d0e81a4acd55cfac60c2aa1bec155c08.bundle,跟俊恩走去地窖電梯,Branch,#Simple,0,どうしたんですか？,
d0e81a4acd55cfac60c2aa1bec155c08.bundle,跟俊恩走去地窖電梯,Branch,#Simple,1,……,
d0e81a4acd55cfac60c2aa1bec155c08.bundle,跟俊恩走去地窖電梯,Say,シュン･ゴ,2,セラーの修理が予定より早く進んでいます。,
d0e81a4acd55cfac60c2aa1bec155c08.bundle,跟俊恩走去地窖電梯,Say,シュン･ゴ,3,もう正常に稼働できるほどです。,
d0e81a4acd55cfac60c2aa1bec155c08.bundle,跟俊恩走去地窖電梯,Branch,#Simple,2,でも、閉鎖されますよね？,
d0e81a4acd55cfac60c2aa1bec155c08.bundle,跟俊恩走去地窖電梯,Say,シュン･ゴ,4,閉鎖されると言っても、すぐではありません。,
d0e81a4acd55cfac60c2aa1bec155c08.bundle,跟俊恩走去地窖電梯,Say,シュン･ゴ,5,5～8年くらいはかかるはずです。,
d0e81a4acd55cfac60c2aa1bec155c08.bundle,跟俊恩走去地窖電梯,Branch,#Simple,3,思ったよりも早いですね。,
d0e81a4acd55cfac60c2aa1bec155c08.bundle,跟俊恩走去地窖電梯,Say,シュン･ゴ,6,はい。,
d0e81a4acd55cfac60c2aa1bec155c08.bundle,跟俊恩走去地窖電梯,Say,シュン･ゴ,7,修理が困難な一部の設備を諦めたからです。,
d0e81a4acd55cfac60c2aa1bec155c08.bundle,跟俊恩走去地窖電梯,Branch,#Simple,4,そんなことをして大丈夫ですか？,
d0e81a4acd55cfac60c2aa1bec155c08.bundle,跟俊恩走去地窖電梯,Say,シュン･ゴ,8,すべて、古すぎて使用していなかった設備です。,
d0e81a4acd55cfac60c2aa1bec155c08.bundle,跟俊恩走去地窖電梯,Say,シュン･ゴ,9,今回の件で、それらを切り捨てることになりました。,
d0e81a4acd55cfac60c2aa1bec155c08.bundle,跟俊恩走去地窖電梯,Say,シュン･ゴ,10,セラーにはこういう機械がたくさん存在しています。,
d0e81a4acd55cfac60c2aa1bec155c08.bundle,跟俊恩走去地窖電梯,Branch,#Simple,5,そうなんですね。,
d0e81a4acd55cfac60c2aa1bec155c08.bundle,跟俊恩走去地窖電梯,Branch,#Simple,6,……,
d0e81a4acd55cfac60c2aa1bec155c08.bundle,跟俊恩走去地窖電梯,Branch,#Simple,7,……,
d0e81a4acd55cfac60c2aa1bec155c08.bundle,跟俊恩走去地窖電梯,Say,シュン･ゴ,11,それと、セラーのエレベーターの揺れも修理されました。,
d0e81a4acd55cfac60c2aa1bec155c08.bundle,跟俊恩走去地窖電梯,Branch,#Simple,8,それはよかったですね。,
d0e81a4acd55cfac60c2aa1bec155c08.bundle,跟俊恩走去地窖電梯,Branch,#Simple,9,怖く思っていたので、有り難いです。,
d0e81a4acd55cfac60c2aa1bec155c08.bundle,跟俊恩走去地窖電梯,Say,シュン･ゴ,12,そうですね。,
d0e81a4acd55cfac60c2aa1bec155c08.bundle,跟俊恩走去地窖電梯,Branch,#Simple,10,元々、私はあまり気にしていませんでした！,
d0e81a4acd55cfac60c2aa1bec155c08.bundle,跟俊恩走去地窖電梯,Say,シュン･ゴ,13,そうですか。,
d0e81a4acd55cfac60c2aa1bec155c08.bundle,跟俊恩走去地窖電梯,Branch,#Simple,11,……,
d0e81a4acd55cfac60c2aa1bec155c08.bundle,操作組演說,Say,ジュジュ･ライ,0,来てくれた？,
d0e81a4acd55cfac60c2aa1bec155c08.bundle,操作組演說,Say,シュン･ゴ,0,ジュジュ、これは一体どういうことですか？,
d0e81a4acd55cfac60c2aa1bec155c08.bundle,操作組演說,Say,ジュジュ･ライ,1,セラーの修理を手伝えるかなと思って……,
d0e81a4acd55cfac60c2aa1bec155c08.bundle,操作組演說,Say,ジュジュ･ライ,2,昨日、手伝ってくれる人を募集したの。で、こうなった。,
d0e81a4acd55cfac60c2aa1bec155c08.bundle,操作組演說,Say,シュン･ゴ,1,皆さん、来てくれたということですか……？,
d0e81a4acd55cfac60c2aa1bec155c08.bundle,操作組演說,Say,シュン･ゴ,2,ですが……,
d0e81a4acd55cfac60c2aa1bec155c08.bundle,操作組演說,Say,ジュジュ･ライ,3,給料は発生しないってことでしょ？皆、わかってるよ。,
d0e81a4acd55cfac60c2aa1bec155c08.bundle,操作組演說,Say,ジュジュ･ライ,4,でも、さっきの工場閉鎖のメッセージを見て、皆には別の指示を出したの。,
d0e81a4acd55cfac60c2aa1bec155c08.bundle,操作組演說,Say,シュン･ゴ,3,まさか……,
d0e81a4acd55cfac60c2aa1bec155c08.bundle,操作組演說,Say,パン･ロウ,0,フフッ、もう報告に必要な資料を整理してもらってるよ！,
d0e81a4acd55cfac60c2aa1bec155c08.bundle,操作組演說,Say,シュン･ゴ,4,ですが必要な資料があまりに多すぎて、まだ具体的な指示が……,
d0e81a4acd55cfac60c2aa1bec155c08.bundle,操作組演說,Say,ジュジュ･ライ,5,あんたが作ったチームを信じてよ、シュン。,
d0e81a4acd55cfac60c2aa1bec155c08.bundle,操作組演說,Say,ジュジュ･ライ,6,私が大体の方向性しか伝えてなくても、動き出せちゃうのが、あんたのチームなんだから！,
d0e81a4acd55cfac60c2aa1bec155c08.bundle,操作組演說,Say,パン･ロウ,1,この報告が上手くいけば、シュンも晴れて工場マネージャーか！,
d0e81a4acd55cfac60c2aa1bec155c08.bundle,操作組演說,Say,シュン･ゴ,5,ですが私は……,
d0e81a4acd55cfac60c2aa1bec155c08.bundle,操作組演說,Say,ジュジュ･ライ,7,あのね……,
d0e81a4acd55cfac60c2aa1bec155c08.bundle,操作組演說,Say,ジュジュ･ライ,8,私たちはちゃんと工場閉鎖の意味を理解している。皆、あんたの決定に賛成よ。,
d0e81a4acd55cfac60c2aa1bec155c08.bundle,操作組演說,Say,パン･ロウ,2,シュンがやろうとしているのは正しい！,
d0e81a4acd55cfac60c2aa1bec155c08.bundle,操作組演說,Say,ジュジュ･ライ,9,皆があんたを信じてる。だからシュン。自信を持って。,
d0e81a4acd55cfac60c2aa1bec155c08.bundle,操作組演說,Say,シュン･ゴ,6,……,
d0e81a4acd55cfac60c2aa1bec155c08.bundle,操作組演說,Say,シュン･ゴ,7,皆さん……,
d0e81a4acd55cfac60c2aa1bec155c08.bundle,操作組演說,Say,シュン･ゴ,8,……,
d0e81a4acd55cfac60c2aa1bec155c08.bundle,操作組演說,Say,パン･ロウ,3,おお！来るか！？,
d0e81a4acd55cfac60c2aa1bec155c08.bundle,操作組演說,Say,ギイ･カー,0,泣きそう、泣きそうですよ！,
d0e81a4acd55cfac60c2aa1bec155c08.bundle,操作組演說,Say,ユウヒン･ライ,0,えっと、動画を……！,
d0e81a4acd55cfac60c2aa1bec155c08.bundle,操作組演說,Say,シュン･ゴ,9,……,
d0e81a4acd55cfac60c2aa1bec155c08.bundle,操作組演說,Say,シュン･ゴ,10,そういうのは結構です……,
d0e81a4acd55cfac60c2aa1bec155c08.bundle,操作組演說,Say,パン･ロウ,4,クソ～！,
d0e81a4acd55cfac60c2aa1bec155c08.bundle,操作組演說,Say,パン･ロウ,5,お涙頂戴大作戦は大失敗だ！,
d0e81a4acd55cfac60c2aa1bec155c08.bundle,操作組演說,Say,ユウヒン･ライ,1,はぁ～～,
d0e81a4acd55cfac60c2aa1bec155c08.bundle,操作組演說,Say,カエ･チン,0,残念。,
d0e81a4acd55cfac60c2aa1bec155c08.bundle,操作組演說,Say,ギイ･カー,1,だから最初から無理だと言ったんです！,
d0e81a4acd55cfac60c2aa1bec155c08.bundle,操作組演說,Say,ギイ･カー,2,パンちゃん、後で500円お願いしますね。,
d0e81a4acd55cfac60c2aa1bec155c08.bundle,操作組演說,Say,パン･ロウ,6,……でも泣きそうだったよ？それもだめ？,
d0e81a4acd55cfac60c2aa1bec155c08.bundle,操作組演說,Say,ギイ･カー,3,だめです！,
d0e81a4acd55cfac60c2aa1bec155c08.bundle,操作組演說,Say,シュン･ゴ,11,わかったよ……,
d0e81a4acd55cfac60c2aa1bec155c08.bundle,操作組演說,Say,シュン･ゴ,12,本当にあなたたちは……,
d0e81a4acd55cfac60c2aa1bec155c08.bundle,操作組演說,Say,パン･ロウ,7,何だ何だ？逆に笑い始めたぞ！,
d0e81a4acd55cfac60c2aa1bec155c08.bundle,操作組演說,Say,シュン･ゴ,13,フフッ……,
d0e81a4acd55cfac60c2aa1bec155c08.bundle,操作組演說,Say,ジュジュ･ライ,10,はいはい、もうそこまで。,
d0e81a4acd55cfac60c2aa1bec155c08.bundle,操作組演說,Say,ジュジュ･ライ,11,冗談はこれくらいにして……,
d0e81a4acd55cfac60c2aa1bec155c08.bundle,操作組演說,Say,ジュジュ･ライ,12,そろそろ指示をいただけますかな、ボス？,
d0e81a4acd55cfac60c2aa1bec155c08.bundle,操作組演說,Say,シュン･ゴ,14,……,
d0e81a4acd55cfac60c2aa1bec155c08.bundle,操作組演說,Say,シュン･ゴ,15,A班とB班は資料の収集と整理を続けてください。,
d0e81a4acd55cfac60c2aa1bec155c08.bundle,操作組演說,Say,シュン･ゴ,16,C班は整理された資料をシーズンレポートと同じフォーマットに。,
d0e81a4acd55cfac60c2aa1bec155c08.bundle,操作組演說,Say,シュン･ゴ,17,それと設備組は修築組が行っているセラー修理を手伝ってあげてください。,
d0e81a4acd55cfac60c2aa1bec155c08.bundle,操作組演說,Say,パン･ロウ,8,手伝いながら、エラーを全て記録するってことでしょ？,
d0e81a4acd55cfac60c2aa1bec155c08.bundle,操作組演說,Say,シュン･ゴ,18,はい。,
d0e81a4acd55cfac60c2aa1bec155c08.bundle,操作組演說,Say,シュン･ゴ,19,皆さん、この時間は私たちにとって、とても重要な瞬間です。,
d0e81a4acd55cfac60c2aa1bec155c08.bundle,操作組演說,Say,シュン･ゴ,20,私たちは、今まであらゆる責任を背負わされてきました。,
d0e81a4acd55cfac60c2aa1bec155c08.bundle,操作組演說,Say,シュン･ゴ,21,ですが、やっとその責任から解放され、サイレントを止める機会を手にしました。,
d0e81a4acd55cfac60c2aa1bec155c08.bundle,操作組演說,Say,シュン･ゴ,22,今度こそ、私たちはサイレントを止めなければなりません。,
d0e81a4acd55cfac60c2aa1bec155c08.bundle,操作組演說,Say,シュン･ゴ,23,これ以上、被害を広めるわけにはいかないのです。,
d0e81a4acd55cfac60c2aa1bec155c08.bundle,操作組演說,Say,シュン･ゴ,24,我々の手で、サイレントを終わらせましょう。,
d0e81a4acd55cfac60c2aa1bec155c08.bundle,操作組演說,Say,シュン･ゴ,25,では皆さん。始めましょう。,
d0e81a4acd55cfac60c2aa1bec155c08.bundle,操作組演說,Say,シュン･ゴ,26,……ジェイ、こちらへ。,
d0e81a4acd55cfac60c2aa1bec155c08.bundle,操作組演說,Say,シュン･ゴ,27,あなたには特別な仕事を任せたいと思います。,
d0e81a4acd55cfac60c2aa1bec155c08.bundle,操作組演說,Branch,#Simple,0,わかりました。,
d0e81a4acd55cfac60c2aa1bec155c08.bundle,操作組演說,Branch,#Simple,1,ここで話すのはだめですか？,
d0e81a4acd55cfac60c2aa1bec155c08.bundle,操作組演說,Say,シュン･ゴ,28,できれば別の場所で話したいのです。,
d0e81a4acd55cfac60c2aa1bec155c08.bundle,操作組演說,Branch,#Simple,2,……,
d0e81a4acd55cfac60c2aa1bec155c08.bundle,操作組演說,Say,パン･ロウ,9,何だ何だ？秘密の話？,
d0e81a4acd55cfac60c2aa1bec155c08.bundle,操作組演說,Say,シュン･ゴ,29,後で教えますから。,
d0e81a4acd55cfac60c2aa1bec155c08.bundle,操作組演說,Say,シュン･ゴ,30,ジェイ、こっちへ。,
d0e81a4acd55cfac60c2aa1bec155c08.bundle,簽約陳昇文,Say,ショウブン･チン,0,こんにちは！,
d0e81a4acd55cfac60c2aa1bec155c08.bundle,簽約陳昇文,Say,ショウブン･チン,1,うわぁ！お二人共、男前ですね！,
d0e81a4acd55cfac60c2aa1bec155c08.bundle,簽約陳昇文,Say,心の声,0,何だこいつ……,
d0e81a4acd55cfac60c2aa1bec155c08.bundle,簽約陳昇文,Say,リュウセイ･チョウ,0,男前？私たちがですか？,
d0e81a4acd55cfac60c2aa1bec155c08.bundle,簽約陳昇文,Say,ショウブン･チン,2,はい！,
d0e81a4acd55cfac60c2aa1bec155c08.bundle,簽約陳昇文,Say,リュウセイ･チョウ,1,そ、それはどうもっす！,
d0e81a4acd55cfac60c2aa1bec155c08.bundle,簽約陳昇文,Say,心の声,1,リュウセイは、こういうのに弱いのか……？,
d0e81a4acd55cfac60c2aa1bec155c08.bundle,簽約陳昇文,Say,ショウブン･チン,3,座ってもいいですか？,
d0e81a4acd55cfac60c2aa1bec155c08.bundle,簽約陳昇文,Say,リュウセイ･チョウ,2,どうぞ。,
d0e81a4acd55cfac60c2aa1bec155c08.bundle,簽約任誠磊2,Say,心の声,0,……,
d0e81a4acd55cfac60c2aa1bec155c08.bundle,簽約任誠磊2,Say,リュウセイ･チョウ,0,あの、後ろにいらっしゃるのは？,
d0e81a4acd55cfac60c2aa1bec155c08.bundle,簽約任誠磊2,Say,コウジュ･チン,0,私は介護師だ。,
d0e81a4acd55cfac60c2aa1bec155c08.bundle,簽約任誠磊2,Say,心の声,1,介護師……？,
d0e81a4acd55cfac60c2aa1bec155c08.bundle,簽約任誠磊2,Say,リュウセイ･チョウ,1,……外でお待ちいたけますか？,
d0e81a4acd55cfac60c2aa1bec155c08.bundle,簽約任誠磊2,Say,リュウセイ･チョウ,2,すみませんが、契約時はお一人で……,
d0e81a4acd55cfac60c2aa1bec155c08.bundle,簽約任誠磊2,Say,コウジュ･チン,1,ニンさんには介護が必要なんだ。,
d0e81a4acd55cfac60c2aa1bec155c08.bundle,簽約任誠磊2,Say,リュウセイ･チョウ,3,でも……,
d0e81a4acd55cfac60c2aa1bec155c08.bundle,簽約任誠磊2,Say,コウジュ･チン,2,ニンさんには介護が必要なんだ。,
d0e81a4acd55cfac60c2aa1bec155c08.bundle,簽約任誠磊2,Say,リュウセイ･チョウ,4,……,
d0e81a4acd55cfac60c2aa1bec155c08.bundle,簽約任誠磊2,Say,23,0,この人について調べてるから、進めて。,
d0e81a4acd55cfac60c2aa1bec155c08.bundle,簽約任誠磊2,Say,リュウセイ･チョウ,5,ニンさん、タイゴウエリアの人身売買について、何か噂をご存じですか？,
d0e81a4acd55cfac60c2aa1bec155c08.bundle,簽約任誠磊2,Say,セイレイ･ニン,0,……,
d0e81a4acd55cfac60c2aa1bec155c08.bundle,簽約任誠磊2,Say,セイレイ･ニン,1,……,
d0e81a4acd55cfac60c2aa1bec155c08.bundle,簽約任誠磊2,Say,心の声,2,応える気はなさそうだ。,
d0e81a4acd55cfac60c2aa1bec155c08.bundle,簽約任誠磊2,Say,リュウセイ･チョウ,6,ニンさん？,
d0e81a4acd55cfac60c2aa1bec155c08.bundle,簽約任誠磊2,Say,セイレイ･ニン,2,……知らない。,
d0e81a4acd55cfac60c2aa1bec155c08.bundle,簽約任誠磊2,Say,セイレイ･ニン,3,人身売買なんて知りません。,
d0e81a4acd55cfac60c2aa1bec155c08.bundle,簽約任誠磊2,Say,リュウセイ･チョウ,7,でも面談の時は……,
d0e81a4acd55cfac60c2aa1bec155c08.bundle,簽約任誠磊2,Say,セイレイ･ニン,4,何の話ですか？,
d0e81a4acd55cfac60c2aa1bec155c08.bundle,簽約任誠磊2,Branch,#Simple,0,嘘をつくのはやめてください。あなたはこのことをご存じのはずです。,
d0e81a4acd55cfac60c2aa1bec155c08.bundle,簽約任誠磊2,Branch,#Simple,1,ちゃんと思い出してください。どこかで聞いたことがあるのでは？,
d0e81a4acd55cfac60c2aa1bec155c08.bundle,簽約任誠磊2,Say,セイレイ･ニン,5,私は知らないと言いました。,
d0e81a4acd55cfac60c2aa1bec155c08.bundle,簽約任誠磊2,Say,セイレイ･ニン,6,……,
d0e81a4acd55cfac60c2aa1bec155c08.bundle,簽約任誠磊2,Branch,#Simple,2,単刀直入に言います。あなたの息子が家にいないことは、すでに分かっています。,
d0e81a4acd55cfac60c2aa1bec155c08.bundle,簽約任誠磊2,Say,セイレイ･ニン,7,息子は家にいます。,
d0e81a4acd55cfac60c2aa1bec155c08.bundle,簽約任誠磊2,Branch,#Simple,3,警察に通報しましょうか？,
d0e81a4acd55cfac60c2aa1bec155c08.bundle,簽約任誠磊2,Say,セイレイ･ニン,8,どうぞ。,
d0e81a4acd55cfac60c2aa1bec155c08.bundle,簽約任誠磊2,Say,セイレイ･ニン,9,……,
d0e81a4acd55cfac60c2aa1bec155c08.bundle,簽約任誠磊2,Say,心の声,3,何だ、この反応は……,
d0e81a4acd55cfac60c2aa1bec155c08.bundle,簽約任誠磊2,Say,セイレイ･ニン,10,ゴッ、ゴホッ！,
d0e81a4acd55cfac60c2aa1bec155c08.bundle,簽約任誠磊2,Branch,#Simple,4,大丈夫ですか？,
d0e81a4acd55cfac60c2aa1bec155c08.bundle,簽約任誠磊2,Say,セイレイ･ニン,11,はい。,
d0e81a4acd55cfac60c2aa1bec155c08.bundle,簽約任誠磊2,Branch,#Simple,5,そんな身体で演算力供給をするつもりですか？,
d0e81a4acd55cfac60c2aa1bec155c08.bundle,簽約任誠磊2,Say,セイレイ･ニン,12,健康診断はパスしていますので、問題ありません。,
d0e81a4acd55cfac60c2aa1bec155c08.bundle,簽約任誠磊2,Branch,#Simple,6,……,
d0e81a4acd55cfac60c2aa1bec155c08.bundle,簽約任誠磊2,Say,セイレイ･ニン,13,もう契約に進みませんか？,
d0e81a4acd55cfac60c2aa1bec155c08.bundle,簽約任誠磊2,Branch,#Simple,7,あなたにはまだ聞きたいことがあります。,
d0e81a4acd55cfac60c2aa1bec155c08.bundle,簽約任誠磊2,Branch,#Simple,8,あなたが子どもを売っていないことを証明してください。,
d0e81a4acd55cfac60c2aa1bec155c08.bundle,簽約任誠磊2,Say,セイレイ･ニン,14,……,
d0e81a4acd55cfac60c2aa1bec155c08.bundle,簽約任誠磊2,Say,リュウセイ･チョウ,8,嘘をつくのはやめてください。あなたはこのことをご存じのはずです。,
d0e81a4acd55cfac60c2aa1bec155c08.bundle,簽約任誠磊2,Say,セイレイ･ニン,15,私は知らないと言いました。,
d0e81a4acd55cfac60c2aa1bec155c08.bundle,簽約任誠磊2,Say,セイレイ･ニン,16,……,
d0e81a4acd55cfac60c2aa1bec155c08.bundle,簽約任誠磊2,Say,リュウセイ･チョウ,9,警察に通報しましょうか？,
d0e81a4acd55cfac60c2aa1bec155c08.bundle,簽約任誠磊2,Say,セイレイ･ニン,17,……,
d0e81a4acd55cfac60c2aa1bec155c08.bundle,簽約任誠磊2,Say,心の声,4,何だ、この反応は……,
d0e81a4acd55cfac60c2aa1bec155c08.bundle,簽約任誠磊2,Say,セイレイ･ニン,18,ゴッ、ゴホッ！,
d0e81a4acd55cfac60c2aa1bec155c08.bundle,簽約任誠磊2,Say,リュウセイ･チョウ,10,そんな身体で演算力供給ができるとでも、思っているのですか？,
d0e81a4acd55cfac60c2aa1bec155c08.bundle,簽約任誠磊2,Say,セイレイ･ニン,19,……,
d0e81a4acd55cfac60c2aa1bec155c08.bundle,簽約任誠磊2,Say,セイレイ･ニン,20,もう契約に進みませんか？,
d0e81a4acd55cfac60c2aa1bec155c08.bundle,簽約任誠磊2,Say,リュウセイ･チョウ,11,まだです。まずは、あなたが子どもを売っていないことを証明してください。,
d0e81a4acd55cfac60c2aa1bec155c08.bundle,簽約任誠磊2,Say,セイレイ･ニン,21,……,
d0e81a4acd55cfac60c2aa1bec155c08.bundle,簽約任誠磊2,Say,コウジュ･チン,3,もういい。,
d0e81a4acd55cfac60c2aa1bec155c08.bundle,簽約任誠磊2,Say,セイレイ･ニン,22,ちょっ、ちょっと待ってください……！,
d0e81a4acd55cfac60c2aa1bec155c08.bundle,簽約任誠磊2,Say,リュウセイ･チョウ,12,そこのあなた、今、何と言いましたか？,
d0e81a4acd55cfac60c2aa1bec155c08.bundle,簽約任誠磊2,Say,コウジュ･チン,4,ニンさんの身体は確かに演算力供給には耐えられない。,
d0e81a4acd55cfac60c2aa1bec155c08.bundle,簽約任誠磊2,Say,コウジュ･チン,5,だからもう帰りましょう。,
d0e81a4acd55cfac60c2aa1bec155c08.bundle,簽約任誠磊2,Say,セイレイ･ニン,23,待ってください！俺は……私は大丈夫です……,
d0e81a4acd55cfac60c2aa1bec155c08.bundle,簽約任誠磊2,Say,コウジュ･チン,6,聞こえなかったのか？,
d0e81a4acd55cfac60c2aa1bec155c08.bundle,簽約任誠磊2,Say,コウジュ･チン,7,もう帰りましょう、と言ったんだ。,
d0e81a4acd55cfac60c2aa1bec155c08.bundle,簽約任誠磊2,Say,心の声,5,一体どうなっているんだ……,
d0e81a4acd55cfac60c2aa1bec155c08.bundle,簽約任誠磊2,Say,心の声,6,23号は、何で指示を出さないんだ……？,
d0e81a4acd55cfac60c2aa1bec155c08.bundle,簽約任誠磊2,Say,コウジュ･チン,8,さあ、行きましょう。,
d0e81a4acd55cfac60c2aa1bec155c08.bundle,簽約任誠磊2,Say,セイレイ･ニン,24,は、はい……,
d0e81a4acd55cfac60c2aa1bec155c08.bundle,簽約任誠磊2,Say,リュウセイ･チョウ,13,待ってください。ニンさんはまだ……,
d0e81a4acd55cfac60c2aa1bec155c08.bundle,簽約任誠磊2,Say,コウジュ･チン,9,黙れ。,
d0e81a4acd55cfac60c2aa1bec155c08.bundle,簽約任誠磊2,Branch,#Simple,9,何だと？,
d0e81a4acd55cfac60c2aa1bec155c08.bundle,簽約任誠磊2,Branch,#Simple,10,……,
d0e81a4acd55cfac60c2aa1bec155c08.bundle,簽約任誠磊2,Say,23,1,ジェイ、リュウセイ……,
d0e81a4acd55cfac60c2aa1bec155c08.bundle,簽約駱思敏(黑臉)3,Say,リュウセイ･チョウ,0,先程は失礼しました。,
d0e81a4acd55cfac60c2aa1bec155c08.bundle,簽約駱思敏(黑臉)3,Say,リュウセイ･チョウ,1,これ以上、彼が発言することはありません。約束します。,
d0e81a4acd55cfac60c2aa1bec155c08.bundle,簽約駱思敏(黑臉)3,Say,シミン･ラク,0,……うん。,
d0e81a4acd55cfac60c2aa1bec155c08.bundle,簽約駱思敏(黑臉)3,Say,リュウセイ･チョウ,2,それと、私があなたを通報することは絶対にありません。,
d0e81a4acd55cfac60c2aa1bec155c08.bundle,簽約駱思敏(黑臉)3,Say,リュウセイ･チョウ,3,だから本当のことを教えてください。あなたの置かれている状況を知らないと、我々は契約できません。,
d0e81a4acd55cfac60c2aa1bec155c08.bundle,簽約駱思敏(黑臉)3,Say,リュウセイ･チョウ,4,我々はただあなたを助けたいだけです。お願いします。,
d0e81a4acd55cfac60c2aa1bec155c08.bundle,簽約駱思敏(黑臉)3,Say,シミン･ラク,1,……わかった。,
d0e81a4acd55cfac60c2aa1bec155c08.bundle,簽約駱思敏(黑臉)3,Say,心の声,0,シミン･ラクがいない……,
d0e81a4acd55cfac60c2aa1bec155c08.bundle,簽約駱思敏(黑臉)3,Say,心の声,1,まさか帰ったのか……？,
d0e81a4acd55cfac60c2aa1bec155c08.bundle,簽約駱思敏(黑臉)3,Say,リュウセイ･チョウ,5,すみません、失敗したっす。,
d0e81a4acd55cfac60c2aa1bec155c08.bundle,簽約駱思敏(黑臉)3,Say,リュウセイ･チョウ,6,シミンさんを説得できなかったっす。,
d0e81a4acd55cfac60c2aa1bec155c08.bundle,簽約駱思敏(黑臉)3,Say,23,0,私が思うに、もっと追い込みが必要だったね。,
d0e81a4acd55cfac60c2aa1bec155c08.bundle,簽約駱思敏(黑臉)3,Branch,#Simple,0,すまない。,
d0e81a4acd55cfac60c2aa1bec155c08.bundle,簽約駱思敏(黑臉)3,Say,23,1,急なことだし、仕方ないよ。,
d0e81a4acd55cfac60c2aa1bec155c08.bundle,簽約駱思敏(黑臉)3,Branch,#Simple,1,結構追い込んだつもりなんだが。,
d0e81a4acd55cfac60c2aa1bec155c08.bundle,簽約駱思敏(黑臉)3,Say,23,2,まだ足りないね。,
d0e81a4acd55cfac60c2aa1bec155c08.bundle,簽約駱思敏(黑臉)3,Branch,#Simple,2,……,
d0e81a4acd55cfac60c2aa1bec155c08.bundle,簽約駱思敏(黑臉)3,Say,スイ･ニン,0,失敗を気にする必要はない。次で挽回すればいい。,
d0e81a4acd55cfac60c2aa1bec155c08.bundle,簽約駱思敏(黑臉)3,Say,スイ･ニン,1,23号、次の人の情報を。,
d0e81a4acd55cfac60c2aa1bec155c08.bundle,簽約駱思敏(白臉),Say,リュウセイ･チョウ,0,つまり、あなたは嘘をついているってことです。,
d0e81a4acd55cfac60c2aa1bec155c08.bundle,簽約駱思敏(白臉),Say,心の声,0,リュウセイの雰囲気がガラッと変わった……,
d0e81a4acd55cfac60c2aa1bec155c08.bundle,簽約駱思敏(白臉),Say,シミン･ラク,0,嘘……！？,
d0e81a4acd55cfac60c2aa1bec155c08.bundle,簽約駱思敏(白臉),Say,シミン･ラク,1,何で私が嘘をつく必要があるのよ？,
d0e81a4acd55cfac60c2aa1bec155c08.bundle,簽約駱思敏(白臉),Say,リュウセイ･チョウ,1,それはわかりませんが、間違いなくあなたは嘘をついています。,
d0e81a4acd55cfac60c2aa1bec155c08.bundle,簽約駱思敏(白臉),Say,シミン･ラク,2,はあ……！？,
d0e81a4acd55cfac60c2aa1bec155c08.bundle,簽約駱思敏(白臉),Say,シミン･ラク,3,わ、私が娘を売ったとでも言いたいの？,
d0e81a4acd55cfac60c2aa1bec155c08.bundle,簽約駱思敏(白臉),Say,リュウセイ･チョウ,2,そんなことは言っていませんよ。あなたが勝手に認めただけです。,
d0e81a4acd55cfac60c2aa1bec155c08.bundle,簽約駱思敏(白臉),Say,シミン･ラク,4,み、認める？何をよ！？,
d0e81a4acd55cfac60c2aa1bec155c08.bundle,簽約駱思敏(白臉),Say,シミン･ラク,5,私はただ……,
d0e81a4acd55cfac60c2aa1bec155c08.bundle,簽約駱思敏(白臉),Say,リュウセイ･チョウ,3,ただ何ですか？うっかり本音を言ってしまいましたか？,
d0e81a4acd55cfac60c2aa1bec155c08.bundle,簽約駱思敏(白臉),Say,心の声,1,リュウセイがここまで凄いとは……,
d0e81a4acd55cfac60c2aa1bec155c08.bundle,簽約駱思敏(白臉),Say,シミン･ラク,6,私は……,
d0e81a4acd55cfac60c2aa1bec155c08.bundle,簽約駱思敏(白臉),Say,シミン･ラク,7,しょ、証拠がないでしょ！私を疑うなら、証拠をみせなさい！,
d0e81a4acd55cfac60c2aa1bec155c08.bundle,簽約駱思敏(白臉),Say,リュウセイ･チョウ,4,あなたの娘が家にいないことは、すでに調査済です。,
d0e81a4acd55cfac60c2aa1bec155c08.bundle,簽約駱思敏(白臉),Say,シミン･ラク,8,あんたたちが勝手に調査しただけで、証拠にならないでしょう！,
d0e81a4acd55cfac60c2aa1bec155c08.bundle,簽約駱思敏(白臉),Say,リュウセイ･チョウ,5,警察に電話をして、今からあなたの家を調べてもらいましょうか？,
d0e81a4acd55cfac60c2aa1bec155c08.bundle,簽約駱思敏(白臉),Say,シミン･ラク,9,そんなの出来っこない！,
d0e81a4acd55cfac60c2aa1bec155c08.bundle,簽約駱思敏(白臉),Say,シミン･ラク,10,私の同意がなければ、そんなことできないはずよ……！,
d0e81a4acd55cfac60c2aa1bec155c08.bundle,簽約駱思敏(白臉),Say,リュウセイ･チョウ,6,ハハ……,
d0e81a4acd55cfac60c2aa1bec155c08.bundle,簽約駱思敏(白臉),Say,リュウセイ･チョウ,7,「ゴミ溜め」の住民の意見に警察が耳を貸すとでも？,
d0e81a4acd55cfac60c2aa1bec155c08.bundle,簽約駱思敏(白臉),Say,心の声,2,……,
d0e81a4acd55cfac60c2aa1bec155c08.bundle,簽約駱思敏(白臉),Say,シミン･ラク,11,来たら訴えてやる！万象も、警察も、まとめて訴えてやるから！,
d0e81a4acd55cfac60c2aa1bec155c08.bundle,簽約駱思敏(白臉),Say,リュウセイ･チョウ,8,ハハハハ！,
d0e81a4acd55cfac60c2aa1bec155c08.bundle,簽約駱思敏(白臉),Say,リュウセイ･チョウ,9,娘を売ったあなたは、被告人席に立つべきでは？,
d0e81a4acd55cfac60c2aa1bec155c08.bundle,簽約駱思敏(白臉),Say,リュウセイ･チョウ,10,……あんたね……,
d0e81a4acd55cfac60c2aa1bec155c08.bundle,簽約駱思敏(白臉),Say,リュウセイ･チョウ,11,いいですか。,
d0e81a4acd55cfac60c2aa1bec155c08.bundle,簽約駱思敏(白臉),Say,リュウセイ･チョウ,12,あなたは社会に見捨てられた人間です。,
d0e81a4acd55cfac60c2aa1bec155c08.bundle,簽約駱思敏(白臉),Say,リュウセイ･チョウ,13,あなたには価値がない。価値のないあなたが何をしようとも、誰も見向きもしません。,
d0e81a4acd55cfac60c2aa1bec155c08.bundle,簽約駱思敏(白臉),Say,リュウセイ･チョウ,14,あなたにできる唯一のことは……,
d0e81a4acd55cfac60c2aa1bec155c08.bundle,簽約駱思敏(白臉),Say,リュウセイ･チョウ,15,人様に迷惑をかけないことです。,
d0e81a4acd55cfac60c2aa1bec155c08.bundle,簽約駱思敏(白臉),Say,リュウセイ･チョウ,16,だから、私に迷惑をかけないでください。,
d0e81a4acd55cfac60c2aa1bec155c08.bundle,簽約駱思敏(白臉),Say,23,0,ジェイ、そろそろ頃合いよ。,
d0e81a4acd55cfac60c2aa1bec155c08.bundle,簽約駱思敏(白臉),Say,23,1,リュウセイを外に追い出して。,
d0e81a4acd55cfac60c2aa1bec155c08.bundle,簽約駱思敏(白臉),Say,リュウセイ･チョウ,17,ジェイ、あなたもこのお嬢さんに言ってあげてください。,
d0e81a4acd55cfac60c2aa1bec155c08.bundle,簽約駱思敏(白臉),Branch,#Simple,0,リュウセイ、少し休憩を取ったらどうだ？,
d0e81a4acd55cfac60c2aa1bec155c08.bundle,簽約駱思敏(白臉),Branch,#Simple,1,リュウセイ、一度外に出ていてくれないか？,
d0e81a4acd55cfac60c2aa1bec155c08.bundle,簽約駱思敏(白臉),Say,リュウセイ･チョウ,18,……,
d0e81a4acd55cfac60c2aa1bec155c08.bundle,簽約駱思敏(白臉),Say,リュウセイ･チョウ,19,わかりました。,
d0e81a4acd55cfac60c2aa1bec155c08.bundle,簽約駱思敏(白臉),Say,リュウセイ･チョウ,20,私が戻ってくるまでに、彼女が考え直してくれてるといいのですが。,
d0e81a4acd55cfac60c2aa1bec155c08.bundle,簽約駱思敏(白臉),Say,リュウセイ･チョウ,21,私も、警察に電話をするのは面倒ですからね。,
d0e81a4acd55cfac60c2aa1bec155c08.bundle,簽約駱思敏(白臉),Say,シミン･ラク,12,……,
d0e81a4acd55cfac60c2aa1bec155c08.bundle,簽約駱思敏(成功),Say,シミン･ラク,0,……,
d0e81a4acd55cfac60c2aa1bec155c08.bundle,簽約駱思敏(成功),Say,シミン･ラク,1,確かに私は取引をした……,
d0e81a4acd55cfac60c2aa1bec155c08.bundle,簽約駱思敏(成功),Branch,#Simple,0,誰とですか？,
d0e81a4acd55cfac60c2aa1bec155c08.bundle,簽約駱思敏(成功),Say,シミン･ラク,2,それは……,
d0e81a4acd55cfac60c2aa1bec155c08.bundle,簽約駱思敏(成功),Say,心の声,0,ん？リュウセイがこっちを睨んでいる……？,
d0e81a4acd55cfac60c2aa1bec155c08.bundle,簽約駱思敏(成功),Say,23,0,ジェイ、今は口を出さずにリュウセイに任せて。,
d0e81a4acd55cfac60c2aa1bec155c08.bundle,簽約駱思敏(成功),Branch,#Simple,1,相手はヤクザですか？,
d0e81a4acd55cfac60c2aa1bec155c08.bundle,簽約駱思敏(成功),Say,シミン･ラク,3,それは……,
d0e81a4acd55cfac60c2aa1bec155c08.bundle,簽約駱思敏(成功),Say,心の声,1,ん？リュウセイがこっちを睨んでいる……？,
d0e81a4acd55cfac60c2aa1bec155c08.bundle,簽約駱思敏(成功),Say,23,1,ジェイ、今は口を出さずにリュウセイに任せて。,
d0e81a4acd55cfac60c2aa1bec155c08.bundle,簽約駱思敏(成功),Say,シミン･ラク,4,はい……,
d0e81a4acd55cfac60c2aa1bec155c08.bundle,簽約駱思敏(成功),Branch,#Simple,2,……,
d0e81a4acd55cfac60c2aa1bec155c08.bundle,簽約駱思敏(成功),Say,シミン･ラク,5,……,
d0e81a4acd55cfac60c2aa1bec155c08.bundle,簽約駱思敏(成功),Say,シミン･ラク,6,貸主からの提案だった……,
d0e81a4acd55cfac60c2aa1bec155c08.bundle,簽約駱思敏(成功),Say,シミン･ラク,7,子どもをほんの数周間、預ければいいって言われたんだ。,
d0e81a4acd55cfac60c2aa1bec155c08.bundle,簽約駱思敏(成功),Say,心の声,2,売ったのではなく、「貸した」……？,
d0e81a4acd55cfac60c2aa1bec155c08.bundle,簽約駱思敏(成功),Say,リュウセイ･チョウ,0,……彼らはどうしてそんなことを？,
d0e81a4acd55cfac60c2aa1bec155c08.bundle,簽約駱思敏(成功),Say,シミン･ラク,8,幼い子どもを使って、安全な実験をするためだと言われた。,
d0e81a4acd55cfac60c2aa1bec155c08.bundle,簽約駱思敏(成功),Say,リュウセイ･チョウ,1,実験？,
d0e81a4acd55cfac60c2aa1bec155c08.bundle,簽約駱思敏(成功),Say,シミン･ラク,9,詳しいことはわからないけど、借金を帳消しにしてくれる上に、お金もくれるって……,
d0e81a4acd55cfac60c2aa1bec155c08.bundle,簽約駱思敏(成功),Say,23,2,貸主について聞いて。,
d0e81a4acd55cfac60c2aa1bec155c08.bundle,簽約駱思敏(成功),Branch,#Simple,3,その貸主は誰ですか？,
d0e81a4acd55cfac60c2aa1bec155c08.bundle,簽約駱思敏(成功),Branch,#Simple,4,あなたは誰と取引をしたのですか？,
d0e81a4acd55cfac60c2aa1bec155c08.bundle,簽約駱思敏(成功),Say,シミン･ラク,10,な、なんでそんなことを言わないといけないのよ！,
d0e81a4acd55cfac60c2aa1bec155c08.bundle,簽約駱思敏(成功),Say,リュウセイ･チョウ,2,私たちはあなたについて詳しく知る必要があります。それにここまで話したのなら、最後まで言った方が楽ではありませんか？,
d0e81a4acd55cfac60c2aa1bec155c08.bundle,簽約駱思敏(成功),Say,シミン･ラク,11,……私も知らないのよ。借金をしたのは元彼だから。,
d0e81a4acd55cfac60c2aa1bec155c08.bundle,簽約駱思敏(成功),Say,シミン･ラク,12,私は借金を回収しに来たやつの名前しか知らない。,
d0e81a4acd55cfac60c2aa1bec155c08.bundle,簽約駱思敏(成功),Say,シミン･ラク,13,そいつはチシュン･ソウっていうヤクザよ。,
d0e81a4acd55cfac60c2aa1bec155c08.bundle,簽約駱思敏(成功),Say,シミン･ラク,14,白いマークのようなものを付けているけど、詳しくは説明できない……,
d0e81a4acd55cfac60c2aa1bec155c08.bundle,簽約駱思敏(成功),Say,リュウセイ･チョウ,3,そうですか、わかりました。,
d0e81a4acd55cfac60c2aa1bec155c08.bundle,簽約駱思敏(成功),Say,シミン･ラク,15,け、警察に通報すべきかな……？,
d0e81a4acd55cfac60c2aa1bec155c08.bundle,簽約駱思敏(成功),Branch,#Simple,5,通報？,
d0e81a4acd55cfac60c2aa1bec155c08.bundle,簽約駱思敏(成功),Branch,#Simple,6,あなたが捕まるだけですよ。,
d0e81a4acd55cfac60c2aa1bec155c08.bundle,簽約駱思敏(成功),Say,シミン･ラク,16,そうだろうけど……,
d0e81a4acd55cfac60c2aa1bec155c08.bundle,簽約駱思敏(成功),Branch,#Simple,7,……,
d0e81a4acd55cfac60c2aa1bec155c08.bundle,簽約駱思敏(成功),Say,シミン･ラク,17,警察は、娘を探してくれるよね……？,
d0e81a4acd55cfac60c2aa1bec155c08.bundle,簽約駱思敏(成功),Branch,#Simple,8,どうでしょうね。,
d0e81a4acd55cfac60c2aa1bec155c08.bundle,簽約駱思敏(成功),Branch,#Simple,9,探してくれますよ。,
d0e81a4acd55cfac60c2aa1bec155c08.bundle,簽約駱思敏(成功),Branch,#Simple,10,それは私にもわかりません。,
d0e81a4acd55cfac60c2aa1bec155c08.bundle,簽約駱思敏(成功),Branch,#Simple,11,おそらく難しいと思います。,
d0e81a4acd55cfac60c2aa1bec155c08.bundle,簽約駱思敏(成功),Say,シミン･ラク,18,そんな……,
d0e81a4acd55cfac60c2aa1bec155c08.bundle,簽約駱思敏(成功),Say,心の声,3,助っ人の言う通りなら、警察はとっくに万象に買収されている……,
d0e81a4acd55cfac60c2aa1bec155c08.bundle,簽約駱思敏(成功),Say,心の声,4,通報しても無駄なはず。,
d0e81a4acd55cfac60c2aa1bec155c08.bundle,簽約駱思敏(成功),Say,シミン･ラク,19,……,
d0e81a4acd55cfac60c2aa1bec155c08.bundle,簽約駱思敏(成功),Say,リュウセイ･チョウ,4,つまり、お子さんはまだ戻ってきていないということですか？しばらく預かるという話でしたが。,
d0e81a4acd55cfac60c2aa1bec155c08.bundle,簽約駱思敏(成功),Say,シミン･ラク,20,そうよ。でも、もう彼らから聞いていた期間は過ぎてる。,
d0e81a4acd55cfac60c2aa1bec155c08.bundle,簽約駱思敏(成功),Say,シミン･ラク,21,……,
d0e81a4acd55cfac60c2aa1bec155c08.bundle,簽約駱思敏(成功),Say,シミン･ラク,22,実を言うと、あの子を預けてすぐに後悔したの。,
d0e81a4acd55cfac60c2aa1bec155c08.bundle,簽約駱思敏(成功),Say,シミン･ラク,23,それで私、返してもらえるよう頼んだら、賠償金を払えって……,
d0e81a4acd55cfac60c2aa1bec155c08.bundle,簽約駱思敏(成功),Say,シミン･ラク,24,だから私はその賠償金を工面するためにここへ……,
d0e81a4acd55cfac60c2aa1bec155c08.bundle,簽約駱思敏(成功),Say,リュウセイ･チョウ,5,まさか……,
d0e81a4acd55cfac60c2aa1bec155c08.bundle,簽約駱思敏(成功),Say,リュウセイ･チョウ,6,演算力供給に応募したのは娘を返してもらうためですか……？,
d0e81a4acd55cfac60c2aa1bec155c08.bundle,簽約駱思敏(成功),Say,リュウセイ･チョウ,7,ですが、あなたの家には病気の母親しかいないはずです。,
d0e81a4acd55cfac60c2aa1bec155c08.bundle,簽約駱思敏(成功),Say,リュウセイ･チョウ,8,もしあなたが長期間の演算力供給を行った場合、子どもと母親の面倒は誰が見るのですか？,
d0e81a4acd55cfac60c2aa1bec155c08.bundle,簽約駱思敏(成功),Say,シミン･ラク,25,……,
d0e81a4acd55cfac60c2aa1bec155c08.bundle,簽約駱思敏(成功),Say,シミン･ラク,26,社会福祉団体には連絡済みよ。あの子は……孤児院に入れられる。,
d0e81a4acd55cfac60c2aa1bec155c08.bundle,簽約駱思敏(成功),Say,シミン･ラク,27,母さんは……,
d0e81a4acd55cfac60c2aa1bec155c08.bundle,簽約駱思敏(成功),Say,シミン･ラク,28,どうしようもない……,
d0e81a4acd55cfac60c2aa1bec155c08.bundle,簽約駱思敏(成功),Say,シミン･ラク,29,もういいでしょ？契約させてちょうだい。,
d0e81a4acd55cfac60c2aa1bec155c08.bundle,簽約駱思敏(成功),Say,23,3,リュウセイ、取引相手の情報を聞いて。,
d0e81a4acd55cfac60c2aa1bec155c08.bundle,簽約駱思敏(成功),Say,リュウセイ･チョウ,9,待ってください。あなたは娘を孤児にさせるつもりですか……？,
d0e81a4acd55cfac60c2aa1bec155c08.bundle,簽約駱思敏(成功),Say,シミン･ラク,30,……そっちの方が彼女にとってもいいはずよ。,
d0e81a4acd55cfac60c2aa1bec155c08.bundle,簽約駱思敏(成功),Say,リュウセイ･チョウ,10,……,
d0e81a4acd55cfac60c2aa1bec155c08.bundle,簽約駱思敏(成功),Say,リュウセイ･チョウ,11,だめだ……,
d0e81a4acd55cfac60c2aa1bec155c08.bundle,簽約駱思敏(成功),Say,シミン･ラク,31,……え？,
d0e81a4acd55cfac60c2aa1bec155c08.bundle,簽約駱思敏(成功),Say,リュウセイ･チョウ,12,契約なんてさせない。絶対にだめだ。,
d0e81a4acd55cfac60c2aa1bec155c08.bundle,簽約駱思敏(成功),Say,シミン･ラク,32,……はあ？あんた何言ってんの……？,
d0e81a4acd55cfac60c2aa1bec155c08.bundle,簽約駱思敏(成功),Say,23,4,リュウセイ、待って……！,
d0e81a4acd55cfac60c2aa1bec155c08.bundle,簽約駱思敏(成功),Say,心の声,5,……リュウセイが通信を切った。,
d0e81a4acd55cfac60c2aa1bec155c08.bundle,簽約駱思敏(成功),Say,リュウセイ･チョウ,13,あなたは子どもと一緒にいるべきだ。,
d0e81a4acd55cfac60c2aa1bec155c08.bundle,簽約駱思敏(成功),Say,リュウセイ･チョウ,14,彼女を……,
d0e81a4acd55cfac60c2aa1bec155c08.bundle,簽約駱思敏(成功),Say,リュウセイ･チョウ,15,一人にしちゃだめだ……,
d0e81a4acd55cfac60c2aa1bec155c08.bundle,簽約駱思敏(成功),Say,リュウセイ･チョウ,16,それがあなたの役目だ。,
d0e81a4acd55cfac60c2aa1bec155c08.bundle,簽約駱思敏(成功),Say,リュウセイ･チョウ,17,……,
d0e81a4acd55cfac60c2aa1bec155c08.bundle,簽約駱思敏(成功),Say,シミン･ラク,33,……,
d0e81a4acd55cfac60c2aa1bec155c08.bundle,簽約駱思敏(成功),Say,シミン･ラク,34,……役目？,
d0e81a4acd55cfac60c2aa1bec155c08.bundle,簽約駱思敏(成功),Say,シミン･ラク,35,あの子はクソ元彼との間にできた子よ？,
d0e81a4acd55cfac60c2aa1bec155c08.bundle,簽約駱思敏(成功),Say,シミン･ラク,36,妊娠が発覚したせいで捨てられるし、私の人生はこの子のせいでめちゃくちゃよ。,
d0e81a4acd55cfac60c2aa1bec155c08.bundle,簽約駱思敏(成功),Branch,#Simple,12,堕ろすことは考えなかったのですか？,
d0e81a4acd55cfac60c2aa1bec155c08.bundle,簽約駱思敏(成功),Say,シミン･ラク,37,「ゴミ溜め」で堕ろせって？,
d0e81a4acd55cfac60c2aa1bec155c08.bundle,簽約駱思敏(成功),Say,シミン･ラク,38,そんなことしたら、臓器を取られるのよ。,
d0e81a4acd55cfac60c2aa1bec155c08.bundle,簽約駱思敏(成功),Branch,#Simple,13,酷いですね。,
d0e81a4acd55cfac60c2aa1bec155c08.bundle,簽約駱思敏(成功),Say,シミン･ラク,39,酷いじゃなく、最悪よ。,
d0e81a4acd55cfac60c2aa1bec155c08.bundle,簽約駱思敏(成功),Branch,#Simple,14,臓器をいくらか取られても、人は死なないんですね。,
d0e81a4acd55cfac60c2aa1bec155c08.bundle,簽約駱思敏(成功),Say,心の声,6,シミンがこっちを睨んだ。,
d0e81a4acd55cfac60c2aa1bec155c08.bundle,簽約駱思敏(成功),Say,心の声,7,今のは俺が悪い……,
d0e81a4acd55cfac60c2aa1bec155c08.bundle,簽約駱思敏(成功),Branch,#Simple,15,……,
d0e81a4acd55cfac60c2aa1bec155c08.bundle,簽約駱思敏(成功),Branch,#Simple,16,だとしても、子どもに罪はありません。,
d0e81a4acd55cfac60c2aa1bec155c08.bundle,簽約駱思敏(成功),Say,シミン･ラク,40,……,
d0e81a4acd55cfac60c2aa1bec155c08.bundle,簽約駱思敏(成功),Say,シミン･ラク,41,……そんなの分かってる。,
d0e81a4acd55cfac60c2aa1bec155c08.bundle,簽約駱思敏(成功),Branch,#Simple,17,すみません。,
d0e81a4acd55cfac60c2aa1bec155c08.bundle,簽約駱思敏(成功),Say,シミン･ラク,42,謝るなら、あのクズが謝るべきよ。,
d0e81a4acd55cfac60c2aa1bec155c08.bundle,簽約駱思敏(成功),Say,シミン･ラク,43,私は一生懸命、この子の面倒を見てきた。,
d0e81a4acd55cfac60c2aa1bec155c08.bundle,簽約駱思敏(成功),Say,シミン･ラク,44,心底、彼女を愛してるとは言えないけど、本当に尽くしてきたのよ……,
d0e81a4acd55cfac60c2aa1bec155c08.bundle,簽約駱思敏(成功),Say,シミン･ラク,45,……,
d0e81a4acd55cfac60c2aa1bec155c08.bundle,簽約駱思敏(成功),Say,シミン･ラク,46,私にはもう無理……,
d0e81a4acd55cfac60c2aa1bec155c08.bundle,簽約駱思敏(成功),Say,シミン･ラク,47,頼れる人も、助けてくれる人もいない。,
d0e81a4acd55cfac60c2aa1bec155c08.bundle,簽約駱思敏(成功),Say,シミン･ラク,48,あの男のせいで借金も抱えちゃってるし、母さんも病気もある……,
d0e81a4acd55cfac60c2aa1bec155c08.bundle,簽約駱思敏(成功),Say,シミン･ラク,49,私は収入のすべてをあの子に回しているのに、あの子はただ泣きわめくだけ。,
d0e81a4acd55cfac60c2aa1bec155c08.bundle,簽約駱思敏(成功),Say,シミン･ラク,50,毎晩数時間しか眠れない日々……私にはもう無理よ……,
d0e81a4acd55cfac60c2aa1bec155c08.bundle,簽約駱思敏(成功),Say,シミン･ラク,51,……,
d0e81a4acd55cfac60c2aa1bec155c08.bundle,簽約駱思敏(成功),Say,シミン･ラク,52,それでもなお、あの子と一緒にいることが私の役目だと言うの？,
d0e81a4acd55cfac60c2aa1bec155c08.bundle,簽約駱思敏(成功),Say,シミン･ラク,53,これは私の責任だと？,
d0e81a4acd55cfac60c2aa1bec155c08.bundle,簽約駱思敏(成功),Say,シミン･ラク,54,私は望んではいなかった！,
d0e81a4acd55cfac60c2aa1bec155c08.bundle,簽約駱思敏(成功),Say,シミン･ラク,55,一度も産みたいだなんて、思ったことなかったのに！！！,
d0e81a4acd55cfac60c2aa1bec155c08.bundle,簽約駱思敏(黑臉)2,Say,23,0,ジェイはここで待って。,
d0e81a4acd55cfac60c2aa1bec155c08.bundle,簽約駱思敏(黑臉)2,Branch,#Simple,0,中の状況を把握しときたいんだ。,
d0e81a4acd55cfac60c2aa1bec155c08.bundle,簽約駱思敏(黑臉)2,Say,23,1,だめよ。大人しく待ちなさい。,
d0e81a4acd55cfac60c2aa1bec155c08.bundle,簽約駱思敏(黑臉)2,Branch,#Simple,1,わかった。,
d0e81a4acd55cfac60c2aa1bec155c08.bundle,簽約駱思敏(黑臉)2,Say,23,2,大丈夫になったら呼ぶから。,
d0e81a4acd55cfac60c2aa1bec155c08.bundle,簽約駱思敏(黑臉)2,Say,心の声,0,……,
d0e81a4acd55cfac60c2aa1bec155c08.bundle,簽約駱思敏(黑臉)2,Say,リン･テイ,0,……ジェイ。,
d0e81a4acd55cfac60c2aa1bec155c08.bundle,簽約駱思敏(黑臉)2,Branch,#Simple,2,リン？,
d0e81a4acd55cfac60c2aa1bec155c08.bundle,簽約駱思敏(黑臉)2,Branch,#Simple,3,どうした？,
d0e81a4acd55cfac60c2aa1bec155c08.bundle,簽約駱思敏(黑臉)2,Branch,#Simple,4,……,
d0e81a4acd55cfac60c2aa1bec155c08.bundle,簽約駱思敏(黑臉)2,Say,リン･テイ,1,23号さんが上出来だって言ってた。今なら、リュウセイがシミンさんを説得できるって。,
d0e81a4acd55cfac60c2aa1bec155c08.bundle,簽約駱思敏(黑臉)2,Say,心の声,1,……,
d0e81a4acd55cfac60c2aa1bec155c08.bundle,簽約駱思敏(黑臉)2,Say,リン･テイ,2,23号さんが、追い込みが不十分だったって言ってた。多分、リュウセイは失敗するわ。,
d0e81a4acd55cfac60c2aa1bec155c08.bundle,簽約駱思敏(黑臉)2,Say,心の声,2,あれでも足りなかったのか……？,
d0e81a4acd55cfac60c2aa1bec155c08.bundle,簽約駱思敏(黑臉)2,Branch,#Simple,5,わかった。,
d0e81a4acd55cfac60c2aa1bec155c08.bundle,簽約駱思敏(黑臉)2,Branch,#Simple,6,すごく苦痛だった。,
d0e81a4acd55cfac60c2aa1bec155c08.bundle,簽約駱思敏(黑臉)2,Say,リン･テイ,3,高圧的に相手を責めることが？,
d0e81a4acd55cfac60c2aa1bec155c08.bundle,簽約駱思敏(黑臉)2,Branch,#Simple,7,意外とストレス発散になった。,
d0e81a4acd55cfac60c2aa1bec155c08.bundle,簽約駱思敏(黑臉)2,Say,リン･テイ,4,……ストレス発散？,
d0e81a4acd55cfac60c2aa1bec155c08.bundle,簽約駱思敏(黑臉)2,Say,リン･テイ,5,人を言葉でいたぶることが、ストレス発散になったと言うの？,
d0e81a4acd55cfac60c2aa1bec155c08.bundle,簽約駱思敏(黑臉)2,Branch,#Simple,8,あの女は善人じゃないだろ。,
d0e81a4acd55cfac60c2aa1bec155c08.bundle,簽約駱思敏(黑臉)2,Say,リン･テイ,6,だとしても酷すぎる！,
d0e81a4acd55cfac60c2aa1bec155c08.bundle,簽約駱思敏(黑臉)2,Branch,#Simple,9,堂々と説教ができるのは、良い発散になる。,
d0e81a4acd55cfac60c2aa1bec155c08.bundle,簽約駱思敏(黑臉)2,Say,リン･テイ,7,いくらなんでも、そんなのを楽しんじゃだめよ！,
d0e81a4acd55cfac60c2aa1bec155c08.bundle,簽約駱思敏(黑臉)2,Branch,#Simple,10,楽しんでいるつもりはない。,
d0e81a4acd55cfac60c2aa1bec155c08.bundle,簽約駱思敏(黑臉)2,Say,リン･テイ,8,……,
d0e81a4acd55cfac60c2aa1bec155c08.bundle,簽約駱思敏(黑臉)2,Say,リン･テイ,9,こんなの気持ちの良いものではないわ……,
d0e81a4acd55cfac60c2aa1bec155c08.bundle,簽約駱思敏(黑臉)2,Branch,#Simple,11,別に気持ちの良いものだとは思っていない。,
d0e81a4acd55cfac60c2aa1bec155c08.bundle,簽約駱思敏(黑臉)2,Say,リン･テイ,10,でも嫌なわけでもないのでしょ？,
d0e81a4acd55cfac60c2aa1bec155c08.bundle,簽約駱思敏(黑臉)2,Branch,#Simple,12,ああ。,
d0e81a4acd55cfac60c2aa1bec155c08.bundle,簽約駱思敏(黑臉)2,Branch,#Simple,13,そんな感じだ。,
d0e81a4acd55cfac60c2aa1bec155c08.bundle,簽約駱思敏(黑臉)2,Branch,#Simple,14,良くはないと思うが、率直な感想だ。,
d0e81a4acd55cfac60c2aa1bec155c08.bundle,簽約駱思敏(黑臉)2,Say,リン･テイ,11,でも……,
d0e81a4acd55cfac60c2aa1bec155c08.bundle,簽約駱思敏(黑臉)2,Branch,#Simple,15,事実、そう感じたなら否定してもしょうがないだろう？,
d0e81a4acd55cfac60c2aa1bec155c08.bundle,簽約駱思敏(黑臉)2,Branch,#Simple,16,別にこれが正しいとは言っていない。俺はただ自分の感想を言っただけだ。,
d0e81a4acd55cfac60c2aa1bec155c08.bundle,簽約駱思敏(黑臉)2,Say,リン･テイ,12,言いたいことはわかるけど……,
d0e81a4acd55cfac60c2aa1bec155c08.bundle,簽約駱思敏(黑臉)2,Branch,#Simple,17,……,
d0e81a4acd55cfac60c2aa1bec155c08.bundle,簽約駱思敏(黑臉)2,Say,リン･テイ,13,……,
d0e81a4acd55cfac60c2aa1bec155c08.bundle,簽約駱思敏(黑臉)2,Say,リン･テイ,14,もういい。この話はまた今度にしよう。,
d0e81a4acd55cfac60c2aa1bec155c08.bundle,簽約駱思敏(黑臉)2,Say,リン･テイ,15,……,
d0e81a4acd55cfac60c2aa1bec155c08.bundle,簽約駱思敏(黑臉)2,Say,リン･テイ,16,……,
d0e81a4acd55cfac60c2aa1bec155c08.bundle,簽約駱思敏(黑臉)2,Branch,#Simple,18,怒ってるのか？,
d0e81a4acd55cfac60c2aa1bec155c08.bundle,簽約駱思敏(黑臉)2,Say,リン･テイ,17,……,
d0e81a4acd55cfac60c2aa1bec155c08.bundle,簽約駱思敏(黑臉)2,Say,リン･テイ,18,……ちょっとね。,
d0e81a4acd55cfac60c2aa1bec155c08.bundle,簽約駱思敏(黑臉)2,Say,リン･テイ,19,でも、これはジェイへの怒りじゃない。,
d0e81a4acd55cfac60c2aa1bec155c08.bundle,簽約駱思敏(黑臉)2,Branch,#Simple,19,……,
d0e81a4acd55cfac60c2aa1bec155c08.bundle,簽約駱思敏(黑臉)2,Say,リン･テイ,20,……最近のジェイは、あまりジェイらしくないよね。,
d0e81a4acd55cfac60c2aa1bec155c08.bundle,簽約駱思敏(黑臉)2,Branch,#Simple,20,そうか？,
d0e81a4acd55cfac60c2aa1bec155c08.bundle,簽約駱思敏(黑臉)2,Branch,#Simple,21,……,
d0e81a4acd55cfac60c2aa1bec155c08.bundle,簽約駱思敏(黑臉)2,Branch,#Simple,22,あまり気持ちのいいことではないな。,
d0e81a4acd55cfac60c2aa1bec155c08.bundle,簽約駱思敏(黑臉)2,Say,リン･テイ,21,私たち、こんなことをして本当によかったのかな。,
d0e81a4acd55cfac60c2aa1bec155c08.bundle,簽約駱思敏(黑臉)2,Branch,#Simple,23,スイ･ニンに協力していることか？,
d0e81a4acd55cfac60c2aa1bec155c08.bundle,簽約駱思敏(黑臉)2,Say,リン･テイ,22,ち、違うわよ。,
d0e81a4acd55cfac60c2aa1bec155c08.bundle,簽約駱思敏(黑臉)2,Say,リン･テイ,23,シミンさんにやったこと。,
d0e81a4acd55cfac60c2aa1bec155c08.bundle,簽約駱思敏(黑臉)2,Branch,#Simple,24,契約室でのことか？,
d0e81a4acd55cfac60c2aa1bec155c08.bundle,簽約駱思敏(黑臉)2,Say,リン･テイ,24,……うん。,
d0e81a4acd55cfac60c2aa1bec155c08.bundle,簽約駱思敏(黑臉)2,Say,リン･テイ,25,私たちは自分の目的のために彼女を侮辱した。,
d0e81a4acd55cfac60c2aa1bec155c08.bundle,簽約駱思敏(黑臉)2,Branch,#Simple,25,自分の子どもを売った彼女にも落ち度がある。,
d0e81a4acd55cfac60c2aa1bec155c08.bundle,簽約駱思敏(黑臉)2,Say,リン･テイ,26,だとしても、法でもない私たちが彼女に罰を与えるのは違うでしょ？,
d0e81a4acd55cfac60c2aa1bec155c08.bundle,簽約駱思敏(黑臉)2,Branch,#Simple,26,子どもを助けるためだ。,
d0e81a4acd55cfac60c2aa1bec155c08.bundle,簽約駱思敏(黑臉)2,Say,リン･テイ,27,でも、自分たちのためでもある。,
d0e81a4acd55cfac60c2aa1bec155c08.bundle,簽約駱思敏(黑臉)2,Branch,#Simple,27,矛盾はしていない。,
d0e81a4acd55cfac60c2aa1bec155c08.bundle,簽約駱思敏(黑臉)2,Say,リン･テイ,28,それは私もそう思う。,
d0e81a4acd55cfac60c2aa1bec155c08.bundle,簽約駱思敏(黑臉)2,Branch,#Simple,28,俺たちが間違っていると思うのか？,
d0e81a4acd55cfac60c2aa1bec155c08.bundle,簽約駱思敏(黑臉)2,Say,リン･テイ,29,いいえ、でも……,
d0e81a4acd55cfac60c2aa1bec155c08.bundle,簽約駱思敏(黑臉)2,Branch,#Simple,29,……,
d0e81a4acd55cfac60c2aa1bec155c08.bundle,簽約駱思敏(黑臉)2,Branch,#Simple,30,俺たちの目的のためには仕方がないことだ。,
d0e81a4acd55cfac60c2aa1bec155c08.bundle,簽約駱思敏(黑臉)2,Say,リン･テイ,30,でも、他人を助けるためでもある。,
d0e81a4acd55cfac60c2aa1bec155c08.bundle,簽約駱思敏(黑臉)2,Say,リン･テイ,31,少なくとも、私はそう思っている……,
d0e81a4acd55cfac60c2aa1bec155c08.bundle,簽約駱思敏(黑臉)2,Branch,#Simple,31,……,
d0e81a4acd55cfac60c2aa1bec155c08.bundle,簽約駱思敏(黑臉)2,Say,リン･テイ,32,……,
d0e81a4acd55cfac60c2aa1bec155c08.bundle,簽約駱思敏(黑臉)2,Branch,#Simple,32,これは必要悪だ。,
d0e81a4acd55cfac60c2aa1bec155c08.bundle,簽約駱思敏(黑臉)2,Say,リン･テイ,33,より大きな被害を出さないための必要悪ってこと……？,
d0e81a4acd55cfac60c2aa1bec155c08.bundle,簽約駱思敏(黑臉)2,Branch,#Simple,33,じゃ、どうすればよかったんだ？,
d0e81a4acd55cfac60c2aa1bec155c08.bundle,簽約駱思敏(黑臉)2,Say,リン･テイ,34,私たちは他の方法を思いつかなかった。だから、このやり方が最善の方法だったと思うよ。,
d0e81a4acd55cfac60c2aa1bec155c08.bundle,簽約駱思敏(黑臉)2,Branch,#Simple,34,……,
d0e81a4acd55cfac60c2aa1bec155c08.bundle,簽約駱思敏(黑臉)2,Say,リン･テイ,35,私たちは、疑問を持ちつづけないといけない。,
d0e81a4acd55cfac60c2aa1bec155c08.bundle,簽約駱思敏(黑臉)2,Branch,#Simple,35,どういうことだ？,
d0e81a4acd55cfac60c2aa1bec155c08.bundle,簽約駱思敏(黑臉)2,Say,リン･テイ,36,自分の選択を疑いつづけること……,
d0e81a4acd55cfac60c2aa1bec155c08.bundle,簽約駱思敏(黑臉)2,Say,リン･テイ,37,それが正しい道へと繋がると思うの。,
d0e81a4acd55cfac60c2aa1bec155c08.bundle,簽約駱思敏(黑臉)2,Branch,#Simple,36,俺もそう思う。,
d0e81a4acd55cfac60c2aa1bec155c08.bundle,簽約駱思敏(黑臉)2,Branch,#Simple,37,そんなじゃ疲れるよ。,
d0e81a4acd55cfac60c2aa1bec155c08.bundle,簽約駱思敏(黑臉)2,Say,リン･テイ,38,ハハ……,
d0e81a4acd55cfac60c2aa1bec155c08.bundle,簽約駱思敏(黑臉)2,Say,リン･テイ,39,でも、疑うのを止めた時のことを考えると私は自分の選択が怖い……,
d0e81a4acd55cfac60c2aa1bec155c08.bundle,簽約駱思敏(黑臉)2,Branch,#Simple,38,……,
d0e81a4acd55cfac60c2aa1bec155c08.bundle,簽約駱思敏(黑臉)2,Branch,#Simple,39,……,
d0e81a4acd55cfac60c2aa1bec155c08.bundle,簽約駱思敏(黑臉)2,Branch,#Simple,40,……,
d0e81a4acd55cfac60c2aa1bec155c08.bundle,簽約駱思敏(黑臉)2,Say,リン･テイ,40,……,
d0e81a4acd55cfac60c2aa1bec155c08.bundle,簽約駱思敏(黑臉)2,Say,リン･テイ,41,ジェイ。,
d0e81a4acd55cfac60c2aa1bec155c08.bundle,簽約駱思敏(黑臉)2,Say,リン･テイ,42,他人にあんな態度を取るのは嫌じゃなかった？,
d0e81a4acd55cfac60c2aa1bec155c08.bundle,簽約駱思敏(黑臉)2,Say,23,3,なになに、雑談中？,
d0e81a4acd55cfac60c2aa1bec155c08.bundle,簽約駱思敏(黑臉)2,Say,23,4,リュウセイの方はもう終わったから、入っていいよ。,
d0e81a4acd55cfac60c2aa1bec155c08.bundle,簽約駱思敏(黑臉)2,Branch,#Simple,41,わかった。,
d0e81a4acd55cfac60c2aa1bec155c08.bundle,簽約駱思敏(黑臉)2,Branch,#Simple,42,上手くいったか？,
d0e81a4acd55cfac60c2aa1bec155c08.bundle,簽約駱思敏(黑臉)2,Say,23,5,入ればわかるよ。,
d0e81a4acd55cfac60c2aa1bec155c08.bundle,簽約駱思敏(黑臉)2,Branch,#Simple,43,……,
d0e81a4acd55cfac60c2aa1bec155c08.bundle,簽約駱思敏(白臉)2,Say,シミン･ラク,0,……,
d0e81a4acd55cfac60c2aa1bec155c08.bundle,簽約駱思敏(白臉)2,Say,シミン･ラク,1,……,
d0e81a4acd55cfac60c2aa1bec155c08.bundle,簽約駱思敏(白臉)2,Say,心の声,0,完全に気が引けている。,
d0e81a4acd55cfac60c2aa1bec155c08.bundle,簽約駱思敏(白臉)2,Say,心の声,1,リュウセイの脅しがかなり効いてるみたいだ……,
d0e81a4acd55cfac60c2aa1bec155c08.bundle,簽約駱思敏(白臉)2,Say,23,0,ジェイ、交渉に入ろう。,
d0e81a4acd55cfac60c2aa1bec155c08.bundle,簽約駱思敏(白臉)2,Say,23,1,子どもを売ったことを正直に認めるなら、警察に通報しない。,
d0e81a4acd55cfac60c2aa1bec155c08.bundle,簽約駱思敏(白臉)2,Say,23,2,子どものことを聞いたのは、契約する際のリスクを下げたかったからだと言って。,
d0e81a4acd55cfac60c2aa1bec155c08.bundle,簽約駱思敏(白臉)2,Branch,#Simple,0,大丈夫ですか？,
d0e81a4acd55cfac60c2aa1bec155c08.bundle,簽約駱思敏(白臉)2,Say,シミン･ラク,2,……大丈夫じゃない。,
d0e81a4acd55cfac60c2aa1bec155c08.bundle,簽約駱思敏(白臉)2,Branch,#Simple,1,お願いです。私たちに協力していただけませんか？,
d0e81a4acd55cfac60c2aa1bec155c08.bundle,簽約駱思敏(白臉)2,Say,シミン･ラク,3,……,
d0e81a4acd55cfac60c2aa1bec155c08.bundle,簽約駱思敏(白臉)2,Say,心の声,2,返事をする気はないようだな……,
d0e81a4acd55cfac60c2aa1bec155c08.bundle,簽約駱思敏(白臉)2,Branch,#Simple,2,……,
d0e81a4acd55cfac60c2aa1bec155c08.bundle,簽約駱思敏(白臉)2,Say,シミン･ラク,4,あんたたちは何なのよ！,
d0e81a4acd55cfac60c2aa1bec155c08.bundle,簽約駱思敏(白臉)2,Say,シミン･ラク,5,もしかして警察の手先？私をゆすり気なの？,
d0e81a4acd55cfac60c2aa1bec155c08.bundle,簽約駱思敏(白臉)2,Branch,#Simple,3,私たちは契約のリスクを下げるために聞いているだけです。,
d0e81a4acd55cfac60c2aa1bec155c08.bundle,簽約駱思敏(白臉)2,Say,シミン･ラク,6,リスク？,
d0e81a4acd55cfac60c2aa1bec155c08.bundle,簽約駱思敏(白臉)2,Branch,#Simple,4,さっきも言いましたが、私たちは現在警察の捜査に協力しています。,
d0e81a4acd55cfac60c2aa1bec155c08.bundle,簽約駱思敏(白臉)2,Say,シミン･ラク,7,人身売買に繋がる情報を集めているってこと？,
d0e81a4acd55cfac60c2aa1bec155c08.bundle,簽約駱思敏(白臉)2,Branch,#Simple,5,はい。,
d0e81a4acd55cfac60c2aa1bec155c08.bundle,簽約駱思敏(白臉)2,Branch,#Simple,6,集めているとまでは言いませんが、話を伺うようには言われています。,
d0e81a4acd55cfac60c2aa1bec155c08.bundle,簽約駱思敏(白臉)2,Say,シミン･ラク,8,わ、私は、そんなことしてないから……！,
d0e81a4acd55cfac60c2aa1bec155c08.bundle,簽約駱思敏(白臉)2,Branch,#Simple,7,シミンさん、安心してください。,
d0e81a4acd55cfac60c2aa1bec155c08.bundle,簽約駱思敏(白臉)2,Say,シミン･ラク,9,……安心？,
d0e81a4acd55cfac60c2aa1bec155c08.bundle,簽約駱思敏(白臉)2,Say,シミン･ラク,10,私を疑ってないってこと？,
d0e81a4acd55cfac60c2aa1bec155c08.bundle,簽約駱思敏(白臉)2,Branch,#Simple,8,それは、確認してみないとわかりません。,
d0e81a4acd55cfac60c2aa1bec155c08.bundle,簽約駱思敏(白臉)2,Say,シミン･ラク,11,確認も何も、私はしてないってば！,
d0e81a4acd55cfac60c2aa1bec155c08.bundle,簽約駱思敏(白臉)2,Say,シミン･ラク,12,さっきまでの質問だって、全部否定してたでしょう？,
d0e81a4acd55cfac60c2aa1bec155c08.bundle,簽約駱思敏(白臉)2,Say,シミン･ラク,13,結局はさっきの男と同じで、あんたも私を疑ってるじゃん！,
d0e81a4acd55cfac60c2aa1bec155c08.bundle,簽約駱思敏(白臉)2,Branch,#Simple,9,私は、疑ってるわけではありません。,
d0e81a4acd55cfac60c2aa1bec155c08.bundle,簽約駱思敏(白臉)2,Say,シミン･ラク,14,じゃ、さっさと契約させてよ！,
d0e81a4acd55cfac60c2aa1bec155c08.bundle,簽約駱思敏(白臉)2,Branch,#Simple,10,確かに私は疑っていますが、問題ありません。,
d0e81a4acd55cfac60c2aa1bec155c08.bundle,簽約駱思敏(白臉)2,Say,シミン･ラク,15,ど、どういうことよ？,
d0e81a4acd55cfac60c2aa1bec155c08.bundle,簽約駱思敏(白臉)2,Branch,#Simple,11,私が疑っているかどうかは、どうでもいいことです。,
d0e81a4acd55cfac60c2aa1bec155c08.bundle,簽約駱思敏(白臉)2,Say,シミン･ラク,16,……はあ？,
d0e81a4acd55cfac60c2aa1bec155c08.bundle,簽約駱思敏(白臉)2,Branch,#Simple,12,あなたが本当のことを話せばいいだけの話です。,
d0e81a4acd55cfac60c2aa1bec155c08.bundle,簽約駱思敏(白臉)2,Say,シミン･ラク,17,私はずっと本当のことしか言ってない！,
d0e81a4acd55cfac60c2aa1bec155c08.bundle,簽約駱思敏(白臉)2,Say,シミン･ラク,18,なのにあんたらは、勝手に私を疑って通報するとか言い出すし！,
d0e81a4acd55cfac60c2aa1bec155c08.bundle,簽約駱思敏(白臉)2,Branch,#Simple,13,言ったのは私の同僚であって、私ではありません。,
d0e81a4acd55cfac60c2aa1bec155c08.bundle,簽約駱思敏(白臉)2,Say,シミン･ラク,19,……確かにあんたは、さっきの男と比べれば多少マシだけどさ。,
d0e81a4acd55cfac60c2aa1bec155c08.bundle,簽約駱思敏(白臉)2,Branch,#Simple,14,彼ははったりを言っているだけです。,
d0e81a4acd55cfac60c2aa1bec155c08.bundle,簽約駱思敏(白臉)2,Say,シミン･ラク,20,そうは見えなかったけど……,
d0e81a4acd55cfac60c2aa1bec155c08.bundle,簽約駱思敏(白臉)2,Branch,#Simple,15,……,
d0e81a4acd55cfac60c2aa1bec155c08.bundle,簽約駱思敏(白臉)2,Say,シミン･ラク,21,……,
d0e81a4acd55cfac60c2aa1bec155c08.bundle,簽約駱思敏(白臉)2,Say,シミン･ラク,22,とにかく、警察は御免よ……,
d0e81a4acd55cfac60c2aa1bec155c08.bundle,簽約駱思敏(白臉)2,Branch,#Simple,16,あなたが今、一番恐れていることは何ですか？,
d0e81a4acd55cfac60c2aa1bec155c08.bundle,簽約駱思敏(白臉)2,Say,シミン･ラク,23,あんたらに罪を着せられ……,
d0e81a4acd55cfac60c2aa1bec155c08.bundle,簽約駱思敏(白臉)2,Say,シミン･ラク,24,私が逮捕されること……,
d0e81a4acd55cfac60c2aa1bec155c08.bundle,簽約駱思敏(白臉)2,Branch,#Simple,17,逮捕されたくないのであれば、本当のことを言ってください。,
d0e81a4acd55cfac60c2aa1bec155c08.bundle,簽約駱思敏(白臉)2,Say,シミン･ラク,25,だから本当のことを言ってるって。,
d0e81a4acd55cfac60c2aa1bec155c08.bundle,簽約駱思敏(白臉)2,Say,シミン･ラク,26,……,
d0e81a4acd55cfac60c2aa1bec155c08.bundle,簽約駱思敏(白臉)2,Say,シミン･ラク,27,それに、仮に私が本当に悪事を働いたとして……,
d0e81a4acd55cfac60c2aa1bec155c08.bundle,簽約駱思敏(白臉)2,Say,シミン･ラク,28,それこそ、正直に話したら捕まっちゃうのよ？,
d0e81a4acd55cfac60c2aa1bec155c08.bundle,簽約駱思敏(白臉)2,Branch,#Simple,18,今、認めましたね？,
d0e81a4acd55cfac60c2aa1bec155c08.bundle,簽約駱思敏(白臉)2,Say,シミン･ラク,29,だ、だから違うって！,
d0e81a4acd55cfac60c2aa1bec155c08.bundle,簽約駱思敏(白臉)2,Say,シミン･ラク,30,あんたも、うざいわね！,
d0e81a4acd55cfac60c2aa1bec155c08.bundle,簽約駱思敏(白臉)2,Branch,#Simple,19,それはどうでしょう。,
d0e81a4acd55cfac60c2aa1bec155c08.bundle,簽約駱思敏(白臉)2,Say,シミン･ラク,31,え？,
d0e81a4acd55cfac60c2aa1bec155c08.bundle,簽約駱思敏(白臉)2,Branch,#Simple,20,警察には捕まらない、と言ったらどうしますか？,
d0e81a4acd55cfac60c2aa1bec155c08.bundle,簽約駱思敏(白臉)2,Say,シミン･ラク,32,それ本当？,
d0e81a4acd55cfac60c2aa1bec155c08.bundle,簽約駱思敏(白臉)2,Branch,#Simple,21,ええ、私が保証します。,
d0e81a4acd55cfac60c2aa1bec155c08.bundle,簽約駱思敏(白臉)2,Branch,#Simple,22,我々は事実を知ることになりますが、警察の耳に入ることはありません。,
d0e81a4acd55cfac60c2aa1bec155c08.bundle,簽約駱思敏(白臉)2,Say,シミン･ラク,33,……,
d0e81a4acd55cfac60c2aa1bec155c08.bundle,簽約駱思敏(白臉)2,Say,シミン･ラク,34,仮に私がそれを受け入れたとして、なぜ私のために、ここまでしてくれるの？,
d0e81a4acd55cfac60c2aa1bec155c08.bundle,簽約駱思敏(白臉)2,Branch,#Simple,23,私の目的は業績を上げることです。ですが、あなたと契約をするリスクを知らなければ、怖くて契約ができません。,
d0e81a4acd55cfac60c2aa1bec155c08.bundle,簽約駱思敏(白臉)2,Branch,#Simple,24,通報しても、私にメリットはありません。,
d0e81a4acd55cfac60c2aa1bec155c08.bundle,簽約駱思敏(白臉)2,Say,シミン･ラク,35,……,
d0e81a4acd55cfac60c2aa1bec155c08.bundle,簽約駱思敏(白臉)2,Branch,#Simple,25,シミンさん、これ以上は時間の問題です。そろそろ認めてはいかがでしょうか。,
d0e81a4acd55cfac60c2aa1bec155c08.bundle,簽約駱思敏(白臉)2,Say,シミン･ラク,36,時間の問題……？,
d0e81a4acd55cfac60c2aa1bec155c08.bundle,簽約駱思敏(白臉)2,Branch,#Simple,26,……,
d0e81a4acd55cfac60c2aa1bec155c08.bundle,簽約駱思敏(白臉)2,Say,シミン･ラク,37,……,
d0e81a4acd55cfac60c2aa1bec155c08.bundle,簽約駱思敏(白臉)2,Say,シミン･ラク,38,わ、わかった。,
d0e81a4acd55cfac60c2aa1bec155c08.bundle,簽約駱思敏(白臉)2,Say,シミン･ラク,39,言えばいいでしょう。,
d0e81a4acd55cfac60c2aa1bec155c08.bundle,簽約駱思敏(白臉)2,Say,シミン･ラク,40,でも約束して。絶対に通報しないと。,
d0e81a4acd55cfac60c2aa1bec155c08.bundle,簽約駱思敏(白臉)2,Branch,#Simple,27,約束します。,
d0e81a4acd55cfac60c2aa1bec155c08.bundle,簽約駱思敏(白臉)2,Branch,#Simple,28,先に話を聞かせてください。,
d0e81a4acd55cfac60c2aa1bec155c08.bundle,簽約駱思敏(白臉)2,Say,シミン･ラク,41,だめよ！先に約束して！,
d0e81a4acd55cfac60c2aa1bec155c08.bundle,簽約駱思敏(白臉)2,Branch,#Simple,29,わかりました。約束します。,
d0e81a4acd55cfac60c2aa1bec155c08.bundle,簽約駱思敏(白臉)2,Branch,#Simple,30,信じる神に誓って、絶対に通報はしません。,
d0e81a4acd55cfac60c2aa1bec155c08.bundle,簽約駱思敏(白臉)2,Say,シミン･ラク,42,……,
d0e81a4acd55cfac60c2aa1bec155c08.bundle,簽約駱思敏(白臉)2,Say,シミン･ラク,43,ありがとう。,
d0e81a4acd55cfac60c2aa1bec155c08.bundle,簽約駱思敏(白臉)2,Say,23,3,リュウセイを呼んでくる。,
d0e81a4acd55cfac60c2aa1bec155c08.bundle,簽約駱思敏(白臉)2,Say,シミン･ラク,44,私は……,
d0e81a4acd55cfac60c2aa1bec155c08.bundle,簽約駱思敏(白臉)2,Say,シミン･ラク,45,……！？,
d0e81a4acd55cfac60c2aa1bec155c08.bundle,簽約駱思敏(白臉)2,Say,シミン･ラク,46,何でこいつが……？,
d0e81a4acd55cfac60c2aa1bec155c08.bundle,簽約駱思敏(白臉)2,Branch,#Simple,31,大丈夫です。彼も通報しません。,
d0e81a4acd55cfac60c2aa1bec155c08.bundle,簽約駱思敏(白臉)2,Say,シミン･ラク,47,本当？,
d0e81a4acd55cfac60c2aa1bec155c08.bundle,簽約駱思敏(白臉)2,Branch,#Simple,32,どうしましたか？,
d0e81a4acd55cfac60c2aa1bec155c08.bundle,簽約駱思敏(白臉)2,Say,シミン･ラク,48,こいつを信用できない……,
d0e81a4acd55cfac60c2aa1bec155c08.bundle,簽約駱思敏(白臉)2,Branch,#Simple,33,……,
d0e81a4acd55cfac60c2aa1bec155c08.bundle,簽約駱思敏(白臉)2,Say,リュウセイ･チョウ,0,私からも、通報しないと約束します。,
d0e81a4acd55cfac60c2aa1bec155c08.bundle,簽約駱思敏(白臉)2,Say,シミン･ラク,49,でもさっきは……,
d0e81a4acd55cfac60c2aa1bec155c08.bundle,簽約駱思敏(白臉)2,Say,リュウセイ･チョウ,1,正直な話、あなたが違法行為をしたかどうかに興味はありません。,
d0e81a4acd55cfac60c2aa1bec155c08.bundle,簽約駱思敏(白臉)2,Say,リュウセイ･チョウ,2,私はただ契約できるかどうかを確認したいだけです。,
d0e81a4acd55cfac60c2aa1bec155c08.bundle,簽約駱思敏(白臉)2,Say,リュウセイ･チョウ,3,さっきはきつい言い方をしてしまい、申し訳ありませんでした。,
d0e81a4acd55cfac60c2aa1bec155c08.bundle,簽約駱思敏(白臉)2,Say,シミン･ラク,50,……わかった。,
d0e81a4acd55cfac60c2aa1bec155c08.bundle,簽約駱思敏(白臉)2,Say,シミン･ラク,51,だめよ、それでもあんたは信用できない……,
d0e81a4acd55cfac60c2aa1bec155c08.bundle,簽約駱思敏(白臉)2,Say,心の声,3,クソッ……,
d0e81a4acd55cfac60c2aa1bec155c08.bundle,簽約駱思敏(白臉)2,Branch,#Simple,34,もし何かあれば、私があなたを守ります。,
d0e81a4acd55cfac60c2aa1bec155c08.bundle,簽約駱思敏(白臉)2,Say,シミン･ラク,52,口約束なんて信じられるわけないでしょ！,
d0e81a4acd55cfac60c2aa1bec155c08.bundle,簽約駱思敏(白臉)2,Branch,#Simple,35,考え直してください。,
d0e81a4acd55cfac60c2aa1bec155c08.bundle,簽約駱思敏(白臉)2,Branch,#Simple,36,……,
d0e81a4acd55cfac60c2aa1bec155c08.bundle,簽約駱思敏(白臉)2,Say,シミン･ラク,53,もう帰る。,
d0e81a4acd55cfac60c2aa1bec155c08.bundle,簽約駱思敏(白臉)2,Branch,#Simple,37,帰れるであれば、すぐにでも警察に通報しますが、どうしますか？,
d0e81a4acd55cfac60c2aa1bec155c08.bundle,簽約駱思敏(白臉)2,Say,シミン･ラク,54,……,
d0e81a4acd55cfac60c2aa1bec155c08.bundle,簽約駱思敏(白臉)2,Say,心の声,4,動揺しているのか……？,
d0e81a4acd55cfac60c2aa1bec155c08.bundle,簽約駱思敏(白臉)2,Say,シミン･ラク,55,通報したいなら、ご勝手に。,
d0e81a4acd55cfac60c2aa1bec155c08.bundle,簽約駱思敏(白臉)2,Say,シミン･ラク,56,どうせ私が何をしようと、あんたらは通報する気なんでしょ？,
d0e81a4acd55cfac60c2aa1bec155c08.bundle,簽約駱思敏(白臉)2,Branch,#Simple,38,そんなことをしても、こちらにメリットがありません。,
d0e81a4acd55cfac60c2aa1bec155c08.bundle,簽約駱思敏(白臉)2,Branch,#Simple,39,それは考えすぎです。,
d0e81a4acd55cfac60c2aa1bec155c08.bundle,簽約駱思敏(白臉)2,Say,シミン･ラク,57,じゃ、このまま通報せず帰してよ。,
d0e81a4acd55cfac60c2aa1bec155c08.bundle,簽約駱思敏(白臉)2,Branch,#Simple,40,座ってください。,
d0e81a4acd55cfac60c2aa1bec155c08.bundle,簽約駱思敏(白臉)2,Say,シミン･ラク,58,もう十分座ったわよ。,
d0e81a4acd55cfac60c2aa1bec155c08.bundle,簽約駱思敏(白臉)2,Branch,#Simple,41,待ってください。,
d0e81a4acd55cfac60c2aa1bec155c08.bundle,簽約駱思敏(白臉)2,Say,シミン･ラク,59,もう聞きたくない。,
d0e81a4acd55cfac60c2aa1bec155c08.bundle,簽約駱思敏(白臉)2,Say,シミン･ラク,60,今すぐ帰らせて。,
d0e81a4acd55cfac60c2aa1bec155c08.bundle,簽約駱思敏(白臉)2,Branch,#Simple,42,……,
d0e81a4acd55cfac60c2aa1bec155c08.bundle,簽約駱思敏(白臉)2,Say,シミン･ラク,61,じゃあ。,
d0e81a4acd55cfac60c2aa1bec155c08.bundle,簽約駱思敏(白臉)2,Say,心の声,5,失敗した……,
d0e81a4acd55cfac60c2aa1bec155c08.bundle,簽約駱思敏(白臉)2,Say,23,4,ジェイ、気にしないで。,
d0e81a4acd55cfac60c2aa1bec155c08.bundle,簽約駱思敏(白臉)2,Say,23,5,初めてだし、しょうがないよ。,
d0e81a4acd55cfac60c2aa1bec155c08.bundle,簽約駱思敏(白臉)2,Say,23,6,リュウセイを呼んでくる。,
d0e81a4acd55cfac60c2aa1bec155c08.bundle,簽約駱思敏(白臉)2,Say,心の声,6,23号も、かなりがっかりしていた……,
d0e81a4acd55cfac60c2aa1bec155c08.bundle,簽約駱思敏(白臉)2,Say,リュウセイ･チョウ,4,え、失敗したっすか？,
d0e81a4acd55cfac60c2aa1bec155c08.bundle,簽約駱思敏(白臉)2,Say,スイ･ニン,0,最後の人にかけるしかないな。,
d0e81a4acd55cfac60c2aa1bec155c08.bundle,簽約駱思敏(白臉)2,Say,スイ･ニン,1,23号、次の人の情報を。,
d0e81a4acd55cfac60c2aa1bec155c08.bundle,簽約任誠磊,Say,23,0,リュウセイが選んだ人で、名前はセイライ･ニン。,
d0e81a4acd55cfac60c2aa1bec155c08.bundle,簽約任誠磊,Say,23,1,二人の息子がいたけど、長男を万象に売ったみたいね。,
d0e81a4acd55cfac60c2aa1bec155c08.bundle,簽約任誠磊,Say,23,2,長男は親戚の家だと言い張っているみたいだけど、助っ人の調べによると真っ赤な嘘みたいね。,
d0e81a4acd55cfac60c2aa1bec155c08.bundle,簽約任誠磊,Say,23,3,それからドラッグにギャンブル、タバコ、アルコールなどに依存していて、DVや窃盗の犯罪歴がある。,
d0e81a4acd55cfac60c2aa1bec155c08.bundle,簽約任誠磊,Say,23,4,金のためなら子どもでも売る、クソ野郎ってことね。,
d0e81a4acd55cfac60c2aa1bec155c08.bundle,簽約任誠磊,Say,23,5,リュウセイ、彼との面談について教えて。,
d0e81a4acd55cfac60c2aa1bec155c08.bundle,簽約任誠磊,Say,リュウセイ･チョウ,0,彼はかなり臆病だから、情報を聞き出せると思うっす。,
d0e81a4acd55cfac60c2aa1bec155c08.bundle,簽約任誠磊,Say,リュウセイ･チョウ,1,ちょっと圧をかけただけで、ベラベラと喋ってたっすから。,
d0e81a4acd55cfac60c2aa1bec155c08.bundle,簽約任誠磊,Say,リュウセイ･チョウ,2,だから面談の時点で、結構情報を聞き出せたっすね。,
d0e81a4acd55cfac60c2aa1bec155c08.bundle,簽約任誠磊,Say,スイ･ニン,0,他は？,
d0e81a4acd55cfac60c2aa1bec155c08.bundle,簽約任誠磊,Say,リュウセイ･チョウ,3,そうっすね……健康状態が最悪って感じっすね。,
d0e81a4acd55cfac60c2aa1bec155c08.bundle,簽約任誠磊,Say,23,6,ドラッグにタバコ、アルコールにも依存してるから、仕方ないっすね。,
d0e81a4acd55cfac60c2aa1bec155c08.bundle,簽約任誠磊,Say,リュウセイ･チョウ,4,そうだ。彼はかなり神経質っすね。依存症による、精神的なものかはわからないっすけど。,
d0e81a4acd55cfac60c2aa1bec155c08.bundle,簽約任誠磊,Say,リュウセイ･チョウ,5,誰かにずっと監視されてると思ってるみたいで。,
d0e81a4acd55cfac60c2aa1bec155c08.bundle,簽約任誠磊,Say,スイ･ニン,1,監視？,
d0e81a4acd55cfac60c2aa1bec155c08.bundle,簽約任誠磊,Say,リュウセイ･チョウ,6,そう言ってたっす。,
d0e81a4acd55cfac60c2aa1bec155c08.bundle,簽約任誠磊,Say,スイ･ニン,2,……,
d0e81a4acd55cfac60c2aa1bec155c08.bundle,簽約任誠磊,Say,23,7,とりあえず、計画通りに行こう。,
d0e81a4acd55cfac60c2aa1bec155c08.bundle,簽約任誠磊,Say,23,8,まずは圧をかけて、彼の反応を見る。いいわね？,
d0e81a4acd55cfac60c2aa1bec155c08.bundle,簽約任誠磊,Say,23,9,さあ、もうすぐ入ってくるよ。,
d0e81a4acd55cfac60c2aa1bec155c08.bundle,簽約任誠磊3,Say,コウジュ･チン,0,動くな。,
d0e81a4acd55cfac60c2aa1bec155c08.bundle,簽約任誠磊3,Say,心の声,0,……どういうことだ！？,
d0e81a4acd55cfac60c2aa1bec155c08.bundle,簽約任誠磊3,Say,心の声,1,23号は、なぜ指示を出さないんだ……？,
d0e81a4acd55cfac60c2aa1bec155c08.bundle,簽約任誠磊3,Say,リュウセイ･チョウ,0,……あなたこそ誰ですか？,
d0e81a4acd55cfac60c2aa1bec155c08.bundle,簽約任誠磊3,Say,コウジュ･チン,1,まずはこっちの質問に応えろ！,
d0e81a4acd55cfac60c2aa1bec155c08.bundle,簽約任誠磊3,Say,コウジュ･チン,2,それと俺の許可がない限り、勝手に喋るな。,
d0e81a4acd55cfac60c2aa1bec155c08.bundle,簽約任誠磊3,Say,リュウセイ･チョウ,1,……,
d0e81a4acd55cfac60c2aa1bec155c08.bundle,簽約任誠磊3,Say,コウジュ･チン,3,なぜ人身売買について調べている？,
d0e81a4acd55cfac60c2aa1bec155c08.bundle,簽約任誠磊3,Say,コウジュ･チン,4,そこのマスク、答えろ。,
d0e81a4acd55cfac60c2aa1bec155c08.bundle,簽約任誠磊3,Say,リュウセイ･チョウ,2,警察に協力しているだけです。,
d0e81a4acd55cfac60c2aa1bec155c08.bundle,簽約任誠磊3,Say,コウジュ･チン,5,嘘はやめろ！警察はすでに買収されている。,
d0e81a4acd55cfac60c2aa1bec155c08.bundle,簽約任誠磊3,Say,コウジュ･チン,6,そこのお前、答えろ。,
d0e81a4acd55cfac60c2aa1bec155c08.bundle,簽約任誠磊3,Branch,#Simple,0,何でこんなことを？,
d0e81a4acd55cfac60c2aa1bec155c08.bundle,簽約任誠磊3,Branch,#Simple,1,何の話ですか？,
d0e81a4acd55cfac60c2aa1bec155c08.bundle,簽約任誠磊3,Say,コウジュ･チン,7,……もう一度チャンスをやる。死にたくないなら、質問に答えろ。,
d0e81a4acd55cfac60c2aa1bec155c08.bundle,簽約任誠磊3,Branch,#Simple,2,本当に警察に協力しているだけです。,
d0e81a4acd55cfac60c2aa1bec155c08.bundle,簽約任誠磊3,Say,コウジュ･チン,8,じゃ、どこの署からの協力要請だ？,
d0e81a4acd55cfac60c2aa1bec155c08.bundle,簽約任誠磊3,Say,コウジュ･チン,9,言わなかったら、こいつを殺す。,
d0e81a4acd55cfac60c2aa1bec155c08.bundle,簽約任誠磊3,Say,コウジュ･チン,10,嘘をついても殺す。,
d0e81a4acd55cfac60c2aa1bec155c08.bundle,簽約任誠磊3,Say,コウジュ･チン,11,3秒以内に答えろ。,
d0e81a4acd55cfac60c2aa1bec155c08.bundle,簽約任誠磊3,Branch,#Simple,3,調査局です。,
d0e81a4acd55cfac60c2aa1bec155c08.bundle,簽約任誠磊3,Branch,#Simple,4,北区警察署です。,
d0e81a4acd55cfac60c2aa1bec155c08.bundle,簽約任誠磊3,Say,コウジュ･チン,12,お前、また嘘をついたな？,
d0e81a4acd55cfac60c2aa1bec155c08.bundle,簽約任誠磊3,Say,コウジュ･チン,13,じゃ、こいつとはおさらばだ。,
d0e81a4acd55cfac60c2aa1bec155c08.bundle,簽約任誠磊3,Branch,#Simple,5,フクロウです。,
d0e81a4acd55cfac60c2aa1bec155c08.bundle,簽約任誠磊3,Say,コウジュ･チン,14,フクロウ……？,
d0e81a4acd55cfac60c2aa1bec155c08.bundle,簽約任誠磊3,Branch,#Simple,6,……,
d0e81a4acd55cfac60c2aa1bec155c08.bundle,簽約任誠磊3,Branch,#Simple,7,探偵に雇われました。,
d0e81a4acd55cfac60c2aa1bec155c08.bundle,簽約任誠磊3,Say,コウジュ･チン,15,探偵？,
d0e81a4acd55cfac60c2aa1bec155c08.bundle,簽約任誠磊3,Say,コウジュ･チン,16,……誰だ？,
d0e81a4acd55cfac60c2aa1bec155c08.bundle,簽約任誠磊4,Say,リュウセイ･チョウ,0,ス、スイ姉……！,
d0e81a4acd55cfac60c2aa1bec155c08.bundle,簽約任誠磊4,Say,スイ･ニン,0,無事か？,
d0e81a4acd55cfac60c2aa1bec155c08.bundle,簽約任誠磊4,Branch,#Simple,0,ああ。,
d0e81a4acd55cfac60c2aa1bec155c08.bundle,簽約任誠磊4,Branch,#Simple,1,何が起きたんだ？,
d0e81a4acd55cfac60c2aa1bec155c08.bundle,簽約任誠磊4,Say,23,0,もしもーし、聞こえる？,
d0e81a4acd55cfac60c2aa1bec155c08.bundle,簽約任誠磊4,Say,スイ･ニン,1,ああ。,
d0e81a4acd55cfac60c2aa1bec155c08.bundle,簽約任誠磊4,Say,23,1,あいつ、EMPで電波を遮断しやがった……,
d0e81a4acd55cfac60c2aa1bec155c08.bundle,簽約任誠磊4,Say,23,2,スイ、間に合った？,
d0e81a4acd55cfac60c2aa1bec155c08.bundle,簽約任誠磊4,Say,スイ･ニン,2,ああ、「清掃員」を呼んでくれ。,
d0e81a4acd55cfac60c2aa1bec155c08.bundle,簽約任誠磊4,Say,23,3,もうそっちに向かってるよ。,
d0e81a4acd55cfac60c2aa1bec155c08.bundle,簽約任誠磊4,Say,スイ･ニン,3,わかった。,
d0e81a4acd55cfac60c2aa1bec155c08.bundle,簽約任誠磊4,Say,スイ･ニン,4,二人とも。,
d0e81a4acd55cfac60c2aa1bec155c08.bundle,簽約任誠磊4,Say,スイ･ニン,5,すぐに車に戻れ。,
d0e81a4acd55cfac60c2aa1bec155c08.bundle,簽約任誠磊4,Say,リュウセイ･チョウ,1,ま、待ってくださいっす……！,
d0e81a4acd55cfac60c2aa1bec155c08.bundle,簽約任誠磊4,Say,リュウセイ･チョウ,2,どうやってここに入ったっすか…？,
d0e81a4acd55cfac60c2aa1bec155c08.bundle,簽約任誠磊4,Say,23,4,スイの得意技なのよ……,
d0e81a4acd55cfac60c2aa1bec155c08.bundle,簽約任誠磊4,Say,23,5,有名なコウモリマンの真似が……,
d0e81a4acd55cfac60c2aa1bec155c08.bundle,簽約任誠磊4,Branch,#Simple,2,バットマンのことか？,
d0e81a4acd55cfac60c2aa1bec155c08.bundle,簽約任誠磊4,Say,23,6,そうそう、それ。,
d0e81a4acd55cfac60c2aa1bec155c08.bundle,簽約任誠磊4,Branch,#Simple,3,……,
d0e81a4acd55cfac60c2aa1bec155c08.bundle,簽約任誠磊4,Say,スイ･ニン,6,これはフクロウの汎用戦闘プロセスだ……,
d0e81a4acd55cfac60c2aa1bec155c08.bundle,簽約任誠磊4,Say,23,7,でも、スイだってかっこいいって思ってるでしょう～,
d0e81a4acd55cfac60c2aa1bec155c08.bundle,簽約任誠磊4,Say,スイ･ニン,7,……,
d0e81a4acd55cfac60c2aa1bec155c08.bundle,簽約任誠磊4,Say,23,8,やあー、スイが間に合って本当に良かったよ。,
d0e81a4acd55cfac60c2aa1bec155c08.bundle,簽約任誠磊4,Say,23,9,彼が仕掛ける直前に、彼の身分を確認できたんだけどさ……,
d0e81a4acd55cfac60c2aa1bec155c08.bundle,簽約任誠磊4,Say,23,10,まさか先に電波を遮断して、カメラまで切るとはね……,
d0e81a4acd55cfac60c2aa1bec155c08.bundle,簽約任誠磊4,Say,リュウセイ･チョウ,3,何者っすか……？,
d0e81a4acd55cfac60c2aa1bec155c08.bundle,簽約任誠磊4,Say,スイ･ニン,8,それは後で説明する。,
d0e81a4acd55cfac60c2aa1bec155c08.bundle,簽約任誠磊4,Say,23,11,とりあえずスイの言った通り、車に戻って。,
d0e81a4acd55cfac60c2aa1bec155c08.bundle,簽約任誠磊4,Branch,#Simple,4,わかった。,
d0e81a4acd55cfac60c2aa1bec155c08.bundle,簽約任誠磊4,Branch,#Simple,5,ここを、このままにしておいていいのか,
d0e81a4acd55cfac60c2aa1bec155c08.bundle,簽約任誠磊4,Say,23,12,うん、大丈夫。,
d0e81a4acd55cfac60c2aa1bec155c08.bundle,簽約任誠磊4,Branch,#Simple,6,……,
d0e81a4acd55cfac60c2aa1bec155c08.bundle,簽約任誠磊4,Say,スイ･ニン,9,急げ。,
d0e81a4acd55cfac60c2aa1bec155c08.bundle,簽約任誠磊4,Say,スイ･ニン,10,もう出発する。,
d0e81a4acd55cfac60c2aa1bec155c08.bundle,簽約任誠磊4,Say,心の声,0,出発……？,
d0e81a4acd55cfac60c2aa1bec155c08.bundle,簽約任誠磊4,Say,リュウセイ･チョウ,4,ジェイの兄貴、急ぎましょう！,
d0e81a4acd55cfac60c2aa1bec155c08.bundle,簽約駱思敏(成功)2,Say,シミン･ラク,0,……,
d0e81a4acd55cfac60c2aa1bec155c08.bundle,簽約駱思敏(成功)2,Say,シミン･ラク,1,何で私は、あんたたちにこんなことまで……,
d0e81a4acd55cfac60c2aa1bec155c08.bundle,簽約駱思敏(成功)2,Say,リュウセイ･チョウ,0,シミンさん……,
d0e81a4acd55cfac60c2aa1bec155c08.bundle,簽約駱思敏(成功)2,Say,シミン･ラク,2,私は救いようのないクズね。,
d0e81a4acd55cfac60c2aa1bec155c08.bundle,簽約駱思敏(成功)2,Say,シミン･ラク,3,普通の母親なら、子どもや家族の面倒ぐらいちゃんと見られるのに。,
d0e81a4acd55cfac60c2aa1bec155c08.bundle,簽約駱思敏(成功)2,Say,シミン･ラク,4,私はそれができない上に、親の責任から逃れようとしている。,
d0e81a4acd55cfac60c2aa1bec155c08.bundle,簽約駱思敏(成功)2,Say,リュウセイ･チョウ,1,そういう意味では……,
d0e81a4acd55cfac60c2aa1bec155c08.bundle,簽約駱思敏(成功)2,Say,シミン･ラク,5,あんたはさっき、私にクズと言ったわよね……？,
d0e81a4acd55cfac60c2aa1bec155c08.bundle,簽約駱思敏(成功)2,Say,心の声,0,……,
d0e81a4acd55cfac60c2aa1bec155c08.bundle,簽約駱思敏(成功)2,Say,シミン･ラク,6,もう契約なんていらない。,
d0e81a4acd55cfac60c2aa1bec155c08.bundle,簽約駱思敏(成功)2,Say,シミン･ラク,7,帰る。,
d0e81a4acd55cfac60c2aa1bec155c08.bundle,簽約駱思敏(成功)2,Branch,#Simple,0,シミンさん、待ってください。,
d0e81a4acd55cfac60c2aa1bec155c08.bundle,簽約駱思敏(成功)2,Branch,#Simple,1,……,
d0e81a4acd55cfac60c2aa1bec155c08.bundle,簽約駱思敏(成功)3,Say,心の声,0,行ってしまった……,
d0e81a4acd55cfac60c2aa1bec155c08.bundle,簽約駱思敏(成功)3,Say,23,0,あーあ、もっと情報を聞き出せたのに。,
d0e81a4acd55cfac60c2aa1bec155c08.bundle,簽約駱思敏(成功)3,Say,23,1,リュウセイ、あんたが自分をコントロールできなかったせいよ……,
d0e81a4acd55cfac60c2aa1bec155c08.bundle,簽約駱思敏(成功)3,Say,リュウセイ･チョウ,0,……,
d0e81a4acd55cfac60c2aa1bec155c08.bundle,簽約駱思敏(成功)3,Say,23,2,もしこれが原因で、子どもたちを助けられなかったら……,
d0e81a4acd55cfac60c2aa1bec155c08.bundle,簽約駱思敏(成功)3,Say,リュウセイ･チョウ,1,全部僕の責任っす。,
d0e81a4acd55cfac60c2aa1bec155c08.bundle,簽約駱思敏(成功)3,Say,23,3,……,
d0e81a4acd55cfac60c2aa1bec155c08.bundle,簽約駱思敏(成功)3,Say,23,4,それを認めたところで、どうしようもないのよ。,
d0e81a4acd55cfac60c2aa1bec155c08.bundle,簽約駱思敏(成功)3,Say,23,5,それと、どんな時であろうとも任務中に通信を切るな。,
d0e81a4acd55cfac60c2aa1bec155c08.bundle,簽約駱思敏(成功)3,Say,23,6,どんな時でもよ！,
d0e81a4acd55cfac60c2aa1bec155c08.bundle,簽約駱思敏(成功)3,Say,23,7,わかった？,
d0e81a4acd55cfac60c2aa1bec155c08.bundle,簽約駱思敏(成功)3,Say,リュウセイ･チョウ,2,はい。,
d0e81a4acd55cfac60c2aa1bec155c08.bundle,簽約駱思敏(成功)3,Say,23,8,……私は手に入れた情報を調べるから、ちょっと離れる。,
d0e81a4acd55cfac60c2aa1bec155c08.bundle,簽約駱思敏(成功)3,Say,心の声,1,まさか彼女がこんなに怒るとは。,
d0e81a4acd55cfac60c2aa1bec155c08.bundle,簽約駱思敏(成功)3,Say,スイ･ニン,0,君たちはよくやってくれた。,
d0e81a4acd55cfac60c2aa1bec155c08.bundle,簽約駱思敏(成功)3,Say,スイ･ニン,1,我々も一人目から有益な情報が聞き出せるとは思っていない。,
d0e81a4acd55cfac60c2aa1bec155c08.bundle,簽約駱思敏(成功)3,Say,リュウセイ･チョウ,3,……,
d0e81a4acd55cfac60c2aa1bec155c08.bundle,簽約駱思敏(成功)3,Say,スイ･ニン,2,リュウセイ、君の気持ちは分からなくもない。,
d0e81a4acd55cfac60c2aa1bec155c08.bundle,簽約駱思敏(成功)3,Say,スイ･ニン,3,だが23号が言った通り、我々はもっと情報を聞き出せたはずだ。,
d0e81a4acd55cfac60c2aa1bec155c08.bundle,簽約駱思敏(成功)3,Say,リュウセイ･チョウ,4,すみません。でも僕は完璧に任務を熟せる機械じゃないっすから。,
d0e81a4acd55cfac60c2aa1bec155c08.bundle,簽約駱思敏(成功)3,Say,スイ･ニン,4,……これはそういう問題じゃない。,
d0e81a4acd55cfac60c2aa1bec155c08.bundle,簽約駱思敏(成功)3,Say,スイ･ニン,5,我々は、相手の人生や選択を自身の立場から干渉、批判すべきではない。,
d0e81a4acd55cfac60c2aa1bec155c08.bundle,簽約駱思敏(成功)3,Say,スイ･ニン,6,君は彼女の家庭について何も知らない、彼女には彼女の立場が……,
d0e81a4acd55cfac60c2aa1bec155c08.bundle,簽約駱思敏(成功)3,Say,リュウセイ･チョウ,5,家庭！？契約なんてしたら、その家庭もなくなるっすよ！,
d0e81a4acd55cfac60c2aa1bec155c08.bundle,簽約駱思敏(成功)3,Say,リュウセイ･チョウ,6,彼女は自分の子どもを捨てる気っすよ！,
d0e81a4acd55cfac60c2aa1bec155c08.bundle,簽約駱思敏(成功)3,Say,スイ･ニン,7,……,
d0e81a4acd55cfac60c2aa1bec155c08.bundle,簽約駱思敏(成功)3,Say,スイ･ニン,8,君は、他人の人生に干渉する恐ろしさをまだ知らない。,
d0e81a4acd55cfac60c2aa1bec155c08.bundle,簽約駱思敏(成功)3,Say,スイ･ニン,9,君が他人の人生を背負うことはできない。,
d0e81a4acd55cfac60c2aa1bec155c08.bundle,簽約駱思敏(成功)3,Say,リュウセイ･チョウ,7,……,
d0e81a4acd55cfac60c2aa1bec155c08.bundle,簽約駱思敏(成功)3,Say,スイ･ニン,10,君の気持ちは痛いほど分かる。これは本当だ。,
d0e81a4acd55cfac60c2aa1bec155c08.bundle,簽約駱思敏(成功)3,Say,スイ･ニン,11,君は両親のいない子どもが、どれほど惨めなものかを知っている。,
d0e81a4acd55cfac60c2aa1bec155c08.bundle,簽約駱思敏(成功)3,Say,リュウセイ･チョウ,8,……,
d0e81a4acd55cfac60c2aa1bec155c08.bundle,簽約駱思敏(成功)3,Say,スイ･ニン,12,でも我々は、シミンのこれまでの人生を知らない。,
d0e81a4acd55cfac60c2aa1bec155c08.bundle,簽約駱思敏(成功)3,Say,スイ･ニン,13,だから我々は、自分の一存で彼女に干渉すべきではない。,
d0e81a4acd55cfac60c2aa1bec155c08.bundle,簽約駱思敏(成功)3,Say,スイ･ニン,14,いいね？,
d0e81a4acd55cfac60c2aa1bec155c08.bundle,簽約駱思敏(成功)3,Say,リュウセイ･チョウ,9,……はい。,
d0e81a4acd55cfac60c2aa1bec155c08.bundle,簽約駱思敏(成功)3,Say,スイ･ニン,15,よろしい。,
d0e81a4acd55cfac60c2aa1bec155c08.bundle,簽約駱思敏(成功)3,Say,リュウセイ･チョウ,10,……,
d0e81a4acd55cfac60c2aa1bec155c08.bundle,簽約駱思敏(成功)3,Say,リュウセイ･チョウ,11,スイ姉……,
d0e81a4acd55cfac60c2aa1bec155c08.bundle,簽約駱思敏(成功)3,Say,リュウセイ･チョウ,12,僕があんなことを言ったのは、シミンさんを追い込むためで……,
d0e81a4acd55cfac60c2aa1bec155c08.bundle,簽約駱思敏(成功)3,Say,スイ･ニン,16,……,
d0e81a4acd55cfac60c2aa1bec155c08.bundle,簽約駱思敏(成功)3,Say,スイ･ニン,17,……わかっている。,
d0e81a4acd55cfac60c2aa1bec155c08.bundle,簽約駱思敏(成功)3,Say,スイ･ニン,18,昔、マンセントに同じことを言われたのだろう？,
d0e81a4acd55cfac60c2aa1bec155c08.bundle,簽約駱思敏(成功)3,Say,リュウセイ･チョウ,13,僕は……,
d0e81a4acd55cfac60c2aa1bec155c08.bundle,簽約駱思敏(成功)3,Say,リュウセイ･チョウ,14,マンセントのやつらと同じっすか？,
d0e81a4acd55cfac60c2aa1bec155c08.bundle,簽約駱思敏(成功)3,Say,リュウセイ･チョウ,15,彼らは自分たちの目的のために、あんな言葉を言った……,
d0e81a4acd55cfac60c2aa1bec155c08.bundle,簽約駱思敏(成功)3,Say,リュウセイ･チョウ,16,でも今の僕も、自分の目的のために……,
d0e81a4acd55cfac60c2aa1bec155c08.bundle,簽約駱思敏(成功)3,Say,スイ･ニン,19,私は君に嘘を言わない。君がやったことは、確かに君が過去に経験していたことと似ている……,
d0e81a4acd55cfac60c2aa1bec155c08.bundle,簽約駱思敏(成功)3,Say,スイ･ニン,20,だが君の目的は誰かを守るためのものだ。,
d0e81a4acd55cfac60c2aa1bec155c08.bundle,簽約駱思敏(成功)3,Say,スイ･ニン,21,確かに君が放った言葉は残酷だった。だが、これだけは信じてほしい。,
d0e81a4acd55cfac60c2aa1bec155c08.bundle,簽約駱思敏(成功)3,Say,スイ･ニン,22,君はマンセントのやつらとは違う。,
d0e81a4acd55cfac60c2aa1bec155c08.bundle,簽約駱思敏(成功)3,Say,リュウセイ･チョウ,17,……,
d0e81a4acd55cfac60c2aa1bec155c08.bundle,簽約駱思敏(成功)3,Say,リュウセイ･チョウ,18,はい。,
d0e81a4acd55cfac60c2aa1bec155c08.bundle,簽約駱思敏(成功)3,Say,スイ･ニン,23,それとリュウセイ。,
d0e81a4acd55cfac60c2aa1bec155c08.bundle,簽約駱思敏(成功)3,Say,スイ･ニン,24,二度と通信を切るな。,
d0e81a4acd55cfac60c2aa1bec155c08.bundle,簽約駱思敏(成功)3,Say,リュウセイ･チョウ,19,……プロ失格っすね。,
d0e81a4acd55cfac60c2aa1bec155c08.bundle,簽約駱思敏(成功)3,Say,スイ･ニン,25,23号は昔、通信を切られたことにより、友人を一人失ったことがある。,
d0e81a4acd55cfac60c2aa1bec155c08.bundle,簽約駱思敏(成功)3,Say,リュウセイ･チョウ,20,……初耳っす。,
d0e81a4acd55cfac60c2aa1bec155c08.bundle,簽約駱思敏(成功)3,Say,スイ･ニン,26,彼女も言うつもりはないのだろう。,
d0e81a4acd55cfac60c2aa1bec155c08.bundle,簽約駱思敏(成功)3,Say,リュウセイ･チョウ,21,……,
d0e81a4acd55cfac60c2aa1bec155c08.bundle,簽約駱思敏(成功)3,Say,23,9,ただいま。,
d0e81a4acd55cfac60c2aa1bec155c08.bundle,簽約駱思敏(成功)3,Say,23,10,何の話をしてたの？,
d0e81a4acd55cfac60c2aa1bec155c08.bundle,簽約駱思敏(成功)3,Say,スイ･ニン,27,大したことじゃない。,
d0e81a4acd55cfac60c2aa1bec155c08.bundle,簽約駱思敏(成功)3,Say,23,11,怪しいわね。,
d0e81a4acd55cfac60c2aa1bec155c08.bundle,簽約駱思敏(成功)3,Say,リュウセイ･チョウ,22,23姉。,
d0e81a4acd55cfac60c2aa1bec155c08.bundle,簽約駱思敏(成功)3,Say,23,12,何？,
d0e81a4acd55cfac60c2aa1bec155c08.bundle,簽約駱思敏(成功)3,Say,リュウセイ･チョウ,23,勝手に通信を切って、すみませんでした。,
d0e81a4acd55cfac60c2aa1bec155c08.bundle,簽約駱思敏(成功)3,Say,23,13,……,
d0e81a4acd55cfac60c2aa1bec155c08.bundle,簽約駱思敏(成功)3,Say,23,14,次からは気をつけてくれればいいよ！,
d0e81a4acd55cfac60c2aa1bec155c08.bundle,簽約駱思敏(成功)3,Say,23,15,良い子、良い子～,
d0e81a4acd55cfac60c2aa1bec155c08.bundle,簽約駱思敏(成功)3,Say,リュウセイ･チョウ,24,僕は犬じゃないっす！,
d0e81a4acd55cfac60c2aa1bec155c08.bundle,簽約駱思敏(成功)3,Say,23,16,ハハハ！,
d0e81a4acd55cfac60c2aa1bec155c08.bundle,簽約駱思敏(成功)3,Say,スイ･ニン,28,23号、次の人の情報を。,
d0e81a4acd55cfac60c2aa1bec155c08.bundle,簽約陳昇文2,Say,ショウブン･チン,0,契約については、事前に確認しました。,
d0e81a4acd55cfac60c2aa1bec155c08.bundle,簽約陳昇文2,Say,ショウブン･チン,1,私は保険未加入なので、会社が提供する保険に申請したいです。,
d0e81a4acd55cfac60c2aa1bec155c08.bundle,簽約陳昇文2,Say,ショウブン･チン,2,あとは問題ありませんので、いつでもサインできます！,
d0e81a4acd55cfac60c2aa1bec155c08.bundle,簽約陳昇文2,Say,心の声,0,用意周到だな。,
d0e81a4acd55cfac60c2aa1bec155c08.bundle,簽約陳昇文2,Branch,#Simple,0,しっかりと準備をされてたようですね。,
d0e81a4acd55cfac60c2aa1bec155c08.bundle,簽約陳昇文2,Say,ショウブン･チン,3,ありがとうごございます。,
d0e81a4acd55cfac60c2aa1bec155c08.bundle,簽約陳昇文2,Say,23,0,ジェイは鞭役よ。圧をかけて！,
d0e81a4acd55cfac60c2aa1bec155c08.bundle,簽約陳昇文2,Branch,#Simple,1,こちらが質問をする前に、勝手に話すのはやめてください。,
d0e81a4acd55cfac60c2aa1bec155c08.bundle,簽約陳昇文2,Say,ショウブン･チン,4,ゴホッ、ゴホッ！,
d0e81a4acd55cfac60c2aa1bec155c08.bundle,簽約陳昇文2,Say,ショウブン･チン,5,す、すみません……,
d0e81a4acd55cfac60c2aa1bec155c08.bundle,簽約陳昇文2,Say,23,1,ジェイは飴役だから、あまり圧をかけないで。,
d0e81a4acd55cfac60c2aa1bec155c08.bundle,簽約陳昇文2,Branch,#Simple,2,……,
d0e81a4acd55cfac60c2aa1bec155c08.bundle,簽約陳昇文2,Say,リュウセイ･チョウ,0,チンさん、タイゴウエリアの人身売買について、何か噂をご存じですか？,
d0e81a4acd55cfac60c2aa1bec155c08.bundle,簽約陳昇文2,Say,ショウブン･チン,6,人身売買ですか？存じ上げないですね。,
d0e81a4acd55cfac60c2aa1bec155c08.bundle,簽約陳昇文2,Say,心の声,1,全く動揺していない……,
d0e81a4acd55cfac60c2aa1bec155c08.bundle,簽約陳昇文2,Say,リュウセイ･チョウ,1,そうですか。ちなみに私たちは業務上、頻繁にタイゴウエリアの住民と顔を合わせています。,
d0e81a4acd55cfac60c2aa1bec155c08.bundle,簽約陳昇文2,Say,リュウセイ･チョウ,2,そのため、演算力供給に来た人の背景調査を警察に頼まれているのです。,
d0e81a4acd55cfac60c2aa1bec155c08.bundle,簽約陳昇文2,Say,リュウセイ･チョウ,3,ですから、契約の前にいくつか確認したいことがあります。,
d0e81a4acd55cfac60c2aa1bec155c08.bundle,簽約陳昇文2,Say,ショウブン･チン,7,そうですか、わかりました！ちなみに何を確認するのですか？,
d0e81a4acd55cfac60c2aa1bec155c08.bundle,簽約陳昇文2,Say,リュウセイ･チョウ,4,あなたの息子さんについてです。,
d0e81a4acd55cfac60c2aa1bec155c08.bundle,簽約陳昇文2,Say,ショウブン･チン,8,私の息子……,
d0e81a4acd55cfac60c2aa1bec155c08.bundle,簽約陳昇文2,Say,ショウブン･チン,9,……,
d0e81a4acd55cfac60c2aa1bec155c08.bundle,簽約陳昇文2,Say,ショウブン･チン,10,すみませんが、息子のことは話したくありません……,
d0e81a4acd55cfac60c2aa1bec155c08.bundle,簽約陳昇文2,Branch,#Simple,3,いいから聞かれたことに答えなさい。,
d0e81a4acd55cfac60c2aa1bec155c08.bundle,簽約陳昇文2,Say,ショウブン･チン,11,は、はい……！,
d0e81a4acd55cfac60c2aa1bec155c08.bundle,簽約陳昇文2,Branch,#Simple,4,なぜ話したくないのですか？,
d0e81a4acd55cfac60c2aa1bec155c08.bundle,簽約陳昇文2,Say,ショウブン･チン,12,それは……,
d0e81a4acd55cfac60c2aa1bec155c08.bundle,簽約陳昇文2,Branch,#Simple,5,……,
d0e81a4acd55cfac60c2aa1bec155c08.bundle,簽約陳昇文2,Say,ショウブン･チン,13,すでにご存じかと思っていましたが……,
d0e81a4acd55cfac60c2aa1bec155c08.bundle,簽約陳昇文2,Say,ショウブン･チン,14,私の息子は少し前に失踪しておりまして……,
d0e81a4acd55cfac60c2aa1bec155c08.bundle,簽約陳昇文2,Say,ショウブン･チン,15,一応、提出した資料にもすべて書いたはずです。,
d0e81a4acd55cfac60c2aa1bec155c08.bundle,簽約陳昇文2,Say,心の声,2,本当に落ち込んでいるように見えるな……,
d0e81a4acd55cfac60c2aa1bec155c08.bundle,簽約陳昇文2,Say,心の声,3,だがこれはこいつの芝居だ。こいつは自分の息子を売った……,
d0e81a4acd55cfac60c2aa1bec155c08.bundle,簽約陳昇文2,Branch,#Simple,6,売ったのではなく、失踪したということですね？,
d0e81a4acd55cfac60c2aa1bec155c08.bundle,簽約陳昇文2,Say,ショウブン･チン,16,えっ！？,
d0e81a4acd55cfac60c2aa1bec155c08.bundle,簽約陳昇文2,Branch,#Simple,7,いくらでも適当なことが書けると思いますが？,
d0e81a4acd55cfac60c2aa1bec155c08.bundle,簽約陳昇文2,Say,ショウブン･チン,17,私が嘘をついていると言いたいのですか……？,
d0e81a4acd55cfac60c2aa1bec155c08.bundle,簽約陳昇文2,Say,ショウブン･チン,18,あ、あまりにも酷すぎます！,
d0e81a4acd55cfac60c2aa1bec155c08.bundle,簽約陳昇文2,Say,ショウブン･チン,19,妻と別居後は、息子が私の全てなんです……！,
d0e81a4acd55cfac60c2aa1bec155c08.bundle,簽約陳昇文2,Say,ショウブン･チン,20,さっきの言葉、撤回してください！,
d0e81a4acd55cfac60c2aa1bec155c08.bundle,簽約陳昇文2,Say,心の声,4,迫真がかった反応だ……,
d0e81a4acd55cfac60c2aa1bec155c08.bundle,簽約陳昇文2,Branch,#Simple,8,そこまで大げさなリアクタをされると、逆に怪しく見えますよ。,
d0e81a4acd55cfac60c2aa1bec155c08.bundle,簽約陳昇文2,Say,ショウブン･チン,21,息子が失踪したんですよ！落ち着いていられると思いますか？,
d0e81a4acd55cfac60c2aa1bec155c08.bundle,簽約陳昇文2,Say,ショウブン･チン,22,しかも、私が息子を売ったとまで言われる始末！,
d0e81a4acd55cfac60c2aa1bec155c08.bundle,簽約陳昇文2,Say,ショウブン･チン,23,あなたがどういう方かは知りませんが……,
d0e81a4acd55cfac60c2aa1bec155c08.bundle,簽約陳昇文2,Say,ショウブン･チン,24,私は、こんなことを言われて落ち着いていられる人間ではありません！,
d0e81a4acd55cfac60c2aa1bec155c08.bundle,簽約陳昇文2,Branch,#Simple,9,わ、わかりました。とにかく落ち着いてください。,
d0e81a4acd55cfac60c2aa1bec155c08.bundle,簽約陳昇文2,Say,ショウブン･チン,25,はぁ、はぁ……,
d0e81a4acd55cfac60c2aa1bec155c08.bundle,簽約陳昇文2,Branch,#Simple,10,そういう演技をしている可能性もありますよね？,
d0e81a4acd55cfac60c2aa1bec155c08.bundle,簽約陳昇文2,Say,ショウブン･チン,26,あなたと言う人は……！,
d0e81a4acd55cfac60c2aa1bec155c08.bundle,簽約陳昇文2,Branch,#Simple,11,……,
d0e81a4acd55cfac60c2aa1bec155c08.bundle,簽約陳昇文2,Branch,#Simple,12,「ゴミ溜め」の貧乏人が、金のために悪事を働くことはよくあることです。,
d0e81a4acd55cfac60c2aa1bec155c08.bundle,簽約陳昇文2,Say,ショウブン･チン,27,今、なんて……？,
d0e81a4acd55cfac60c2aa1bec155c08.bundle,簽約陳昇文2,Branch,#Simple,13,あなたが金のために、息子を売った可能性があると言っているのです。,
d0e81a4acd55cfac60c2aa1bec155c08.bundle,簽約陳昇文2,Branch,#Simple,14,あなたが考えている通りのことですよ。,
d0e81a4acd55cfac60c2aa1bec155c08.bundle,簽約陳昇文2,Say,ショウブン･チン,28,あなたね……！,
d0e81a4acd55cfac60c2aa1bec155c08.bundle,簽約陳昇文2,Say,ショウブン･チン,29,それは差別ですよ。貧乏人だからと言って、悪人と決まったわけではありません！,
d0e81a4acd55cfac60c2aa1bec155c08.bundle,簽約陳昇文2,Branch,#Simple,15,そういう方もいらっしゃるとは思いますが、あなたはどうでしょうね。,
d0e81a4acd55cfac60c2aa1bec155c08.bundle,簽約陳昇文2,Say,ショウブン･チン,30,……,
d0e81a4acd55cfac60c2aa1bec155c08.bundle,簽約陳昇文2,Branch,#Simple,16,あなたは自分の子どもを売りましたよね？,
d0e81a4acd55cfac60c2aa1bec155c08.bundle,簽約陳昇文2,Say,ショウブン･チン,31,そんなことはしていません……！,
d0e81a4acd55cfac60c2aa1bec155c08.bundle,簽約陳昇文2,Branch,#Simple,17,わかりました。撤回します。,
d0e81a4acd55cfac60c2aa1bec155c08.bundle,簽約陳昇文2,Say,ショウブン･チン,32,ありがとうございます……,
d0e81a4acd55cfac60c2aa1bec155c08.bundle,簽約陳昇文2,Say,ショウブン･チン,33,私も、ついカッとなってしまいました……,
d0e81a4acd55cfac60c2aa1bec155c08.bundle,簽約陳昇文2,Say,23,2,ジェイ、あんたは鞭役なんだから、ちゃんと圧をかけて。,
d0e81a4acd55cfac60c2aa1bec155c08.bundle,簽約陳昇文2,Say,ショウブン･チン,34,……,
d0e81a4acd55cfac60c2aa1bec155c08.bundle,簽約陳昇文2,Say,ショウブン･チン,35,はぁ……,
d0e81a4acd55cfac60c2aa1bec155c08.bundle,簽約陳昇文2,Say,ショウブン･チン,36,本題に戻りましょう。さっきのは契約とは関係のない話です。,
d0e81a4acd55cfac60c2aa1bec155c08.bundle,簽約陳昇文2,Say,心の声,5,少し動揺しているように見える……,
d0e81a4acd55cfac60c2aa1bec155c08.bundle,簽約陳昇文2,Say,ショウブン･チン,37,私は契約をするために、ここに来たのです。,
d0e81a4acd55cfac60c2aa1bec155c08.bundle,簽約陳昇文2,Say,ショウブン･チン,38,早く契約させてください。,
d0e81a4acd55cfac60c2aa1bec155c08.bundle,簽約陳昇文2,Branch,#Simple,18,それは不可能です。,
d0e81a4acd55cfac60c2aa1bec155c08.bundle,簽約陳昇文2,Say,ショウブン･チン,39,どういうことですか……？,
d0e81a4acd55cfac60c2aa1bec155c08.bundle,簽約陳昇文2,Branch,#Simple,19,……,
d0e81a4acd55cfac60c2aa1bec155c08.bundle,簽約陳昇文2,Say,リュウセイ･チョウ,5,すみません、チンさん。,
d0e81a4acd55cfac60c2aa1bec155c08.bundle,簽約陳昇文2,Say,リュウセイ･チョウ,6,あなたが人身売買と無関係であることを確認しないと契約はできません。,
d0e81a4acd55cfac60c2aa1bec155c08.bundle,簽約陳昇文2,Say,ショウブン･チン,40,どう証明すればいいのですか？,
d0e81a4acd55cfac60c2aa1bec155c08.bundle,簽約陳昇文2,Branch,#Simple,20,それはあなた自身で考えることです。,
d0e81a4acd55cfac60c2aa1bec155c08.bundle,簽約陳昇文2,Branch,#Simple,21,証明できないのなら、お帰りください。,
d0e81a4acd55cfac60c2aa1bec155c08.bundle,簽約陳昇文2,Say,ショウブン･チン,41,ま、待ってください……！,
d0e81a4acd55cfac60c2aa1bec155c08.bundle,簽約陳昇文2,Say,ショウブン･チン,42,よく考えてみてください。,
d0e81a4acd55cfac60c2aa1bec155c08.bundle,簽約陳昇文2,Say,ショウブン･チン,43,もし私が本当に子どもを売ったのなら、どうして自分から警察に通報したのですか？,
d0e81a4acd55cfac60c2aa1bec155c08.bundle,簽約陳昇文2,Branch,#Simple,22,自分が無実であると思わせるためでは？,
d0e81a4acd55cfac60c2aa1bec155c08.bundle,簽約陳昇文2,Say,ショウブン･チン,44,そんなことを言われたら、私はどう転んでも有罪になってしまいます……,
d0e81a4acd55cfac60c2aa1bec155c08.bundle,簽約陳昇文2,Branch,#Simple,23,警察が「ゴミ溜め」の事件をまともに調査しないと踏んでいるからでは？,
d0e81a4acd55cfac60c2aa1bec155c08.bundle,簽約陳昇文2,Say,ショウブン･チン,45,確かに彼らは、私たちを無いものとして扱う時がありますが……,
d0e81a4acd55cfac60c2aa1bec155c08.bundle,簽約陳昇文2,Say,ショウブン･チン,46,でもそんなことを言われたら、私はどう転んでも有罪になってしまいます……,
d0e81a4acd55cfac60c2aa1bec155c08.bundle,簽約陳昇文2,Say,ショウブン･チン,47,ならばどうすれば、私は無実であることを証明できますか……？,
d0e81a4acd55cfac60c2aa1bec155c08.bundle,簽約陳昇文2,Say,ショウブン･チン,48,私の口座でもお見せしましょうか？,
d0e81a4acd55cfac60c2aa1bec155c08.bundle,簽約陳昇文2,Say,ショウブン･チン,49,考えてみてください。もし私が本当に子どもを売ったのなら、演算力供給に来たりなんてしません。,
d0e81a4acd55cfac60c2aa1bec155c08.bundle,簽約陳昇文2,Branch,#Simple,24,子どもを売って得た金以上の借金をしている可能性もあるのでは？,
d0e81a4acd55cfac60c2aa1bec155c08.bundle,簽約陳昇文2,Say,ショウブン･チン,50,……,
d0e81a4acd55cfac60c2aa1bec155c08.bundle,簽約陳昇文2,Say,ショウブン･チン,51,そんなことを言われたら、私はもう何も言えません……,
d0e81a4acd55cfac60c2aa1bec155c08.bundle,簽約陳昇文2,Say,ショウブン･チン,52,あなたたちは最初から、私を悪者にするつもりだったのですね……,
d0e81a4acd55cfac60c2aa1bec155c08.bundle,簽約陳昇文2,Branch,#Simple,25,それは違います。,
d0e81a4acd55cfac60c2aa1bec155c08.bundle,簽約陳昇文2,Say,ショウブン･チン,53,違うというのなら、今までの質問は何ですか！？,
d0e81a4acd55cfac60c2aa1bec155c08.bundle,簽約陳昇文2,Branch,#Simple,26,確かに一理ありますね。,
d0e81a4acd55cfac60c2aa1bec155c08.bundle,簽約陳昇文2,Say,心の声,6,……実際、彼を信じそうになったのは事実だ。,
d0e81a4acd55cfac60c2aa1bec155c08.bundle,簽約陳昇文2,Say,リュウセイ･チョウ,7,そうは言いますが、資料なんていくらでも適当に書けますよね？,
d0e81a4acd55cfac60c2aa1bec155c08.bundle,簽約陳昇文2,Say,ショウブン･チン,54,私が嘘をついていると言いたいのですか……？,
d0e81a4acd55cfac60c2aa1bec155c08.bundle,簽約陳昇文2,Say,ショウブン･チン,55,あ、あまりにも酷すぎます！,
d0e81a4acd55cfac60c2aa1bec155c08.bundle,簽約陳昇文2,Say,ショウブン･チン,56,妻と別居後は、息子が私の全てなんです……！,
d0e81a4acd55cfac60c2aa1bec155c08.bundle,簽約陳昇文2,Say,ショウブン･チン,57,さっきの言葉、撤回してください！,
d0e81a4acd55cfac60c2aa1bec155c08.bundle,簽約陳昇文2,Say,心の声,7,迫真がかった反応だ……,
d0e81a4acd55cfac60c2aa1bec155c08.bundle,簽約陳昇文2,Say,リュウセイ･チョウ,8,そこまで大げさなリアクタをされると、逆に怪しく見えますよ。,
d0e81a4acd55cfac60c2aa1bec155c08.bundle,簽約陳昇文2,Say,ショウブン･チン,58,息子が失踪したんですよ！落ち着いていられると思いますか？,
d0e81a4acd55cfac60c2aa1bec155c08.bundle,簽約陳昇文2,Say,ショウブン･チン,59,しかも、私が息子を売ったとまで言われる始末！,
d0e81a4acd55cfac60c2aa1bec155c08.bundle,簽約陳昇文2,Say,ショウブン･チン,60,あなたがどういう方かは知りませんが……,
d0e81a4acd55cfac60c2aa1bec155c08.bundle,簽約陳昇文2,Say,ショウブン･チン,61,私は、こんなことを言われて落ち着いていられる人間ではありません！,
d0e81a4acd55cfac60c2aa1bec155c08.bundle,簽約陳昇文2,Say,リュウセイ･チョウ,9,そういう演技をしている可能性もありますよね？,
d0e81a4acd55cfac60c2aa1bec155c08.bundle,簽約陳昇文2,Say,ショウブン･チン,62,あなたと言う人は……！,
d0e81a4acd55cfac60c2aa1bec155c08.bundle,簽約陳昇文2,Say,リュウセイ･チョウ,10,「ゴミ溜め」の貧乏人が、金のために悪事を働くことはよくあることです。,
d0e81a4acd55cfac60c2aa1bec155c08.bundle,簽約陳昇文2,Say,ショウブン･チン,63,今、なんて……？,
d0e81a4acd55cfac60c2aa1bec155c08.bundle,簽約陳昇文2,Say,リュウセイ･チョウ,11,あなたが金のために、息子を売った可能性があると言っているのです。,
d0e81a4acd55cfac60c2aa1bec155c08.bundle,簽約陳昇文2,Say,ショウブン･チン,64,あなたね……！,
d0e81a4acd55cfac60c2aa1bec155c08.bundle,簽約陳昇文2,Say,ショウブン･チン,65,それは差別ですよ。貧乏人だからと言って、悪人と決まったわけではありません！,
d0e81a4acd55cfac60c2aa1bec155c08.bundle,簽約陳昇文2,Say,リュウセイ･チョウ,12,そういう方もいらっしゃるとは思いますが、あなたはどうでしょうね。,
d0e81a4acd55cfac60c2aa1bec155c08.bundle,簽約陳昇文2,Say,ショウブン･チン,66,ま、待ってください……！,
d0e81a4acd55cfac60c2aa1bec155c08.bundle,簽約陳昇文2,Say,ショウブン･チン,67,よく考えてみてください。,
d0e81a4acd55cfac60c2aa1bec155c08.bundle,簽約陳昇文2,Say,ショウブン･チン,68,もし私が本当に子どもを売ったのなら、どうして自分から警察に通報したのですか？,
d0e81a4acd55cfac60c2aa1bec155c08.bundle,簽約陳昇文2,Say,リュウセイ･チョウ,13,自分が無実であると思わせるためでは？,
d0e81a4acd55cfac60c2aa1bec155c08.bundle,簽約陳昇文2,Say,ショウブン･チン,69,そんなことを言われたら、私はどう転んでも有罪になってしまいます……,
d0e81a4acd55cfac60c2aa1bec155c08.bundle,簽約陳昇文2,Say,ショウブン･チン,70,ならばどうすれば、私は無実であることを証明できますか……？,
d0e81a4acd55cfac60c2aa1bec155c08.bundle,簽約陳昇文2,Say,ショウブン･チン,71,私の口座でもお見せしましょうか？,
d0e81a4acd55cfac60c2aa1bec155c08.bundle,簽約陳昇文2,Say,ショウブン･チン,72,考えてみてください。もし私が本当に子どもを売ったのなら、演算力供給に来たりなんてしません。,
d0e81a4acd55cfac60c2aa1bec155c08.bundle,簽約陳昇文2,Say,リュウセイ･チョウ,14,それは……,
d0e81a4acd55cfac60c2aa1bec155c08.bundle,簽約陳昇文2,Say,心の声,8,リュウセイが言い淀んだ……,
d0e81a4acd55cfac60c2aa1bec155c08.bundle,簽約陳昇文2,Say,心の声,9,……実際、俺も彼を信じそうになった。,
d0e81a4acd55cfac60c2aa1bec155c08.bundle,簽約陳昇文2,Say,心の声,10,この人は最初から最後まで隙を見せない……,
d0e81a4acd55cfac60c2aa1bec155c08.bundle,簽約陳昇文2,Say,23,3,待って、考えがある……,
d0e81a4acd55cfac60c2aa1bec155c08.bundle,簽約陳昇文2,Say,23,4,さっき、ジェイとの面談記録を見たの。,
d0e81a4acd55cfac60c2aa1bec155c08.bundle,簽約陳昇文2,Say,23,5,飴と鞭作戦は諦めましょう。,
d0e81a4acd55cfac60c2aa1bec155c08.bundle,簽約陳昇文2,Say,23,6,逆に、万象で子どもの取引を担当している人を装うの。,
d0e81a4acd55cfac60c2aa1bec155c08.bundle,簽約陳昇文2,Say,23,7,子どものことを聞いていたのは、あなたを試すためのものだって言うのよ。,
d0e81a4acd55cfac60c2aa1bec155c08.bundle,簽約陳昇文2,Say,リン･テイ,0,かなり警戒心が強い人みたいだけど、信じてもらえるかな。,
d0e81a4acd55cfac60c2aa1bec155c08.bundle,簽約陳昇文2,Say,23,8,とにかくやってみて。,
d0e81a4acd55cfac60c2aa1bec155c08.bundle,簽約陳昇文2,Say,リュウセイ･チョウ,15,……,
d0e81a4acd55cfac60c2aa1bec155c08.bundle,簽約陳昇文2,Say,リュウセイ･チョウ,16,チンさん、こちらも真実をお伝えします。,
d0e81a4acd55cfac60c2aa1bec155c08.bundle,簽約陳昇文2,Say,リュウセイ･チョウ,17,さっきまでの質問はすべて、あなたを試すためのものでした。,
d0e81a4acd55cfac60c2aa1bec155c08.bundle,簽約陳昇文2,Say,ショウブン･チン,73,試す……？,
d0e81a4acd55cfac60c2aa1bec155c08.bundle,簽約陳昇文2,Say,ショウブン･チン,74,どういうことですか……？,
d0e81a4acd55cfac60c2aa1bec155c08.bundle,簽約陳昇文2,Say,リュウセイ･チョウ,18,私たちはあなたの、取引相手です。,
d0e81a4acd55cfac60c2aa1bec155c08.bundle,簽約陳昇文2,Say,ショウブン･チン,75,と、取引！？何の話ですか？,
d0e81a4acd55cfac60c2aa1bec155c08.bundle,簽約陳昇文2,Say,23,9,先週の火曜日の午後5時、七番埠頭。,
d0e81a4acd55cfac60c2aa1bec155c08.bundle,簽約陳昇文2,Say,23,10,これを言って。,
d0e81a4acd55cfac60c2aa1bec155c08.bundle,簽約陳昇文2,Branch,#Simple,27,先週の木曜日の午後6時、八番埠頭。,
d0e81a4acd55cfac60c2aa1bec155c08.bundle,簽約陳昇文2,Say,ショウブン･チン,76,……何の話ですか？,
d0e81a4acd55cfac60c2aa1bec155c08.bundle,簽約陳昇文2,Say,リン･テイ,1,ちょっとジェイ、間違えてるわ……！,
d0e81a4acd55cfac60c2aa1bec155c08.bundle,簽約陳昇文2,Say,リュウセイ･チョウ,19,先週の火曜日の午後五時に七番埠頭で取引をしましたね。,
d0e81a4acd55cfac60c2aa1bec155c08.bundle,簽約陳昇文2,Say,ショウブン･チン,77,それは……！,
d0e81a4acd55cfac60c2aa1bec155c08.bundle,簽約陳昇文2,Branch,#Simple,28,先週の火曜日の午後5時、七番埠頭。,
d0e81a4acd55cfac60c2aa1bec155c08.bundle,簽約陳昇文2,Say,ショウブン･チン,78,それは……！？,
d0e81a4acd55cfac60c2aa1bec155c08.bundle,簽約陳昇文2,Say,リュウセイ･チョウ,20,あなたが取引をした時間と場所ですね。,
d0e81a4acd55cfac60c2aa1bec155c08.bundle,簽約陳昇文2,Branch,#Simple,29,先週の火曜日の午後5時、九番埠頭。,
d0e81a4acd55cfac60c2aa1bec155c08.bundle,簽約陳昇文2,Branch,#Simple,30,先週の水曜日の午後9時、十番埠頭。,
d0e81a4acd55cfac60c2aa1bec155c08.bundle,簽約陳昇文2,Say,ショウブン･チン,79,……何の話ですか？,
d0e81a4acd55cfac60c2aa1bec155c08.bundle,簽約陳昇文2,Say,リン･テイ,2,ちょっとジェイ、間違えてるわ……！,
d0e81a4acd55cfac60c2aa1bec155c08.bundle,簽約陳昇文2,Say,リュウセイ･チョウ,21,先週の火曜日の午後五時に七番埠頭で取引をしましたね。,
d0e81a4acd55cfac60c2aa1bec155c08.bundle,簽約陳昇文2,Say,ショウブン･チン,80,それは……！,
d0e81a4acd55cfac60c2aa1bec155c08.bundle,簽約陳昇文2,Say,リュウセイ･チョウ,22,信じていただけましたか？もう芝居は不要です。,
d0e81a4acd55cfac60c2aa1bec155c08.bundle,簽約陳昇文2,Say,ショウブン･チン,81,……,
d0e81a4acd55cfac60c2aa1bec155c08.bundle,簽約陳昇文2,Say,ショウブン･チン,82,よ、よかった！,
d0e81a4acd55cfac60c2aa1bec155c08.bundle,簽約陳昇文2,Say,ショウブン･チン,83,ハハ……本当にびっくりしましたよ。,
d0e81a4acd55cfac60c2aa1bec155c08.bundle,簽約陳昇文2,Say,ショウブン･チン,84,そ、それでどうでしたか？,
d0e81a4acd55cfac60c2aa1bec155c08.bundle,簽約陳昇文2,Say,ショウブン･チン,85,私、何も言いませんでしたよ！,
d0e81a4acd55cfac60c2aa1bec155c08.bundle,簽約陳昇文2,Branch,#Simple,31,よく耐えましたね。,
d0e81a4acd55cfac60c2aa1bec155c08.bundle,簽約陳昇文2,Say,ショウブン･チン,86,アハハ。,
d0e81a4acd55cfac60c2aa1bec155c08.bundle,簽約陳昇文2,Branch,#Simple,32,かなり危うく感じましたね。,
d0e81a4acd55cfac60c2aa1bec155c08.bundle,簽約陳昇文2,Say,ショウブン･チン,87,そ、そうでしょうか……？,
d0e81a4acd55cfac60c2aa1bec155c08.bundle,簽約陳昇文2,Say,ショウブン･チン,88,待ってください……！,
d0e81a4acd55cfac60c2aa1bec155c08.bundle,簽約陳昇文2,Say,ショウブン･チン,89,最初から、私が情報を漏らすかどうかテストするつもりだったのですか？,
d0e81a4acd55cfac60c2aa1bec155c08.bundle,簽約陳昇文2,Say,23,11,取引をしたヤクザについて知らないか聞いて。,
d0e81a4acd55cfac60c2aa1bec155c08.bundle,簽約陳昇文2,Say,リュウセイ･チョウ,23,実はあなたに確認したいことがあります。,
d0e81a4acd55cfac60c2aa1bec155c08.bundle,簽約陳昇文2,Say,ショウブン･チン,90,は、はい。どうぞ……,
d0e81a4acd55cfac60c2aa1bec155c08.bundle,簽約陳昇文2,Say,リュウセイ･チョウ,24,あの日、取引をしたヤクザを覚えていますか？,
d0e81a4acd55cfac60c2aa1bec155c08.bundle,簽約陳昇文2,Say,ショウブン･チン,91,それは……,
d0e81a4acd55cfac60c2aa1bec155c08.bundle,簽約陳昇文2,Say,ショウブン･チン,92,覚えるも何も、私は相手の正体を知りません。,
d0e81a4acd55cfac60c2aa1bec155c08.bundle,簽約陳昇文2,Branch,#Simple,33,テストは終わりましたので、正直に答えてください。,
d0e81a4acd55cfac60c2aa1bec155c08.bundle,簽約陳昇文2,Branch,#Simple,34,ちゃんと思い出してください。,
d0e81a4acd55cfac60c2aa1bec155c08.bundle,簽約陳昇文2,Say,ショウブン･チン,93,いえ、本当に知らないんですよ。,
d0e81a4acd55cfac60c2aa1bec155c08.bundle,簽約陳昇文2,Branch,#Simple,35,……,
d0e81a4acd55cfac60c2aa1bec155c08.bundle,簽約陳昇文2,Say,ショウブン･チン,94,あなた方から何も情報をもらっていない上に、ヤクザ相手に聞く気にもなれませんでした。,
d0e81a4acd55cfac60c2aa1bec155c08.bundle,簽約陳昇文2,Say,心の声,11,嘘ではないようだ……,
d0e81a4acd55cfac60c2aa1bec155c08.bundle,簽約陳昇文2,Say,ショウブン･チン,95,聞きたいのはそれだけですか？,
d0e81a4acd55cfac60c2aa1bec155c08.bundle,簽約陳昇文2,Say,23,12,取引の場に、特徴的な服装や目立つ人がいなかったか聞いて。,
d0e81a4acd55cfac60c2aa1bec155c08.bundle,簽約陳昇文2,Branch,#Simple,36,あの日、変わった服装をしていた人はいましたか？,
d0e81a4acd55cfac60c2aa1bec155c08.bundle,簽約陳昇文2,Branch,#Simple,37,取引現場に目立つ人はいましたか？,
d0e81a4acd55cfac60c2aa1bec155c08.bundle,簽約陳昇文2,Say,ショウブン･チン,96,……変な人がいましたね。,
d0e81a4acd55cfac60c2aa1bec155c08.bundle,簽約陳昇文2,Say,ショウブン･チン,97,他のチンピラと違って、ちゃんと武装をしていました。,
d0e81a4acd55cfac60c2aa1bec155c08.bundle,簽約陳昇文2,Say,ショウブン･チン,98,しかも、かなり怖い感じの人でした。,
d0e81a4acd55cfac60c2aa1bec155c08.bundle,簽約陳昇文2,Say,ショウブン･チン,99,あんまり喋らない上に、チンピラがその人には敬語を使っていました。,
d0e81a4acd55cfac60c2aa1bec155c08.bundle,簽約陳昇文2,Say,23,13,多分ホワイトリザードの傭兵でしょうね。,
d0e81a4acd55cfac60c2aa1bec155c08.bundle,簽約陳昇文2,Say,リン･テイ,3,本人の可能性は？,
d0e81a4acd55cfac60c2aa1bec155c08.bundle,簽約陳昇文2,Say,23,14,彼は現場に行かないタイプよ。,
d0e81a4acd55cfac60c2aa1bec155c08.bundle,簽約陳昇文2,Say,23,15,ジェイ、リュウセイ、その人についてもう少し詳しく聞いて。,
d0e81a4acd55cfac60c2aa1bec155c08.bundle,簽約陳昇文2,Say,リュウセイ･チョウ,25,その人とは話しましたか？,
d0e81a4acd55cfac60c2aa1bec155c08.bundle,簽約陳昇文2,Say,ショウブン･チン,100,いいえ、彼はずっと見ているだけでした。,
d0e81a4acd55cfac60c2aa1bec155c08.bundle,簽約陳昇文2,Branch,#Simple,38,見張っていたということですか？,
d0e81a4acd55cfac60c2aa1bec155c08.bundle,簽約陳昇文2,Say,ショウブン･チン,101,そうとも言えますね。,
d0e81a4acd55cfac60c2aa1bec155c08.bundle,簽約陳昇文2,Branch,#Simple,39,それは確かですか？,
d0e81a4acd55cfac60c2aa1bec155c08.bundle,簽約陳昇文2,Say,ショウブン･チン,102,確かも何も、彼が何もしていなかったのは事実です。,
d0e81a4acd55cfac60c2aa1bec155c08.bundle,簽約陳昇文2,Branch,#Simple,40,……,
d0e81a4acd55cfac60c2aa1bec155c08.bundle,簽約陳昇文2,Say,ショウブン･チン,103,あの、どうしてこんな質問を？,
d0e81a4acd55cfac60c2aa1bec155c08.bundle,簽約陳昇文2,Branch,#Simple,41,あなたには関係のないことです。,
d0e81a4acd55cfac60c2aa1bec155c08.bundle,簽約陳昇文2,Say,ショウブン･チン,104,あ、そうですか……,
d0e81a4acd55cfac60c2aa1bec155c08.bundle,簽約陳昇文2,Branch,#Simple,42,調査のためです。,
d0e81a4acd55cfac60c2aa1bec155c08.bundle,簽約陳昇文2,Say,ショウブン･チン,105,何の調査ですか？,
d0e81a4acd55cfac60c2aa1bec155c08.bundle,簽約陳昇文2,Branch,#Simple,43,実は、誰かが情報を漏らしたようです。,
d0e81a4acd55cfac60c2aa1bec155c08.bundle,簽約陳昇文2,Say,ショウブン･チン,106,えっ！？,
d0e81a4acd55cfac60c2aa1bec155c08.bundle,簽約陳昇文2,Say,ショウブン･チン,107,じゃ、私のこともバレるってことですか？私は捕まるのですか？,
d0e81a4acd55cfac60c2aa1bec155c08.bundle,簽約陳昇文2,Say,リュウセイ･チョウ,26,落ち着いてください。,
d0e81a4acd55cfac60c2aa1bec155c08.bundle,簽約陳昇文2,Say,リュウセイ･チョウ,27,そんなことにはなりません。,
d0e81a4acd55cfac60c2aa1bec155c08.bundle,簽約陳昇文2,Say,ショウブン･チン,108,そうですか……,
d0e81a4acd55cfac60c2aa1bec155c08.bundle,簽約陳昇文2,Branch,#Simple,44,勝手に質問するなと言ったはずですよ！,
d0e81a4acd55cfac60c2aa1bec155c08.bundle,簽約陳昇文2,Say,ショウブン･チン,109,は、はい！,
d0e81a4acd55cfac60c2aa1bec155c08.bundle,簽約陳昇文2,Say,リュウセイ･チョウ,28,もう少しその人について教えてくれませんか？,
d0e81a4acd55cfac60c2aa1bec155c08.bundle,簽約陳昇文2,Say,ショウブン･チン,110,えっと……,
d0e81a4acd55cfac60c2aa1bec155c08.bundle,簽約陳昇文2,Say,ショウブン･チン,111,彼は、変な車に乗っていました。,
d0e81a4acd55cfac60c2aa1bec155c08.bundle,簽約陳昇文2,Say,23,16,その車について聞いて。重要な情報かもしれない。,
d0e81a4acd55cfac60c2aa1bec155c08.bundle,簽約陳昇文2,Say,リュウセイ･チョウ,29,どんな車ですか？,
d0e81a4acd55cfac60c2aa1bec155c08.bundle,簽約陳昇文2,Say,ショウブン･チン,112,見たことのない車でした。,
d0e81a4acd55cfac60c2aa1bec155c08.bundle,簽約陳昇文2,Say,ショウブン･チン,113,最近の車だとは思うのですが、浮遊システムがついていませんでした……,
d0e81a4acd55cfac60c2aa1bec155c08.bundle,簽約陳昇文2,Say,ショウブン･チン,114,ただのバンに見えるのですが、大型トラックのようなタイヤを履いていました。,
d0e81a4acd55cfac60c2aa1bec155c08.bundle,簽約陳昇文2,Say,23,17,ビンゴ、これは良い情報よ。,
d0e81a4acd55cfac60c2aa1bec155c08.bundle,簽約陳昇文2,Say,23,18,これくらいで十分そうね。適当に終わらせていいよ。,
d0e81a4acd55cfac60c2aa1bec155c08.bundle,簽約陳昇文2,Say,23,19,今の会話を誰にも話さないように念押しして。もちろん万象の人にもね。,
d0e81a4acd55cfac60c2aa1bec155c08.bundle,簽約陳昇文2,Say,23,20,うちはこの車について調べてみる。,
d0e81a4acd55cfac60c2aa1bec155c08.bundle,簽約陳昇文2,Say,リュウセイ･チョウ,30,ではチンさん、今日はありがとうございました。,
d0e81a4acd55cfac60c2aa1bec155c08.bundle,簽約陳昇文2,Say,リュウセイ･チョウ,31,それと、契約中の会話は万象の人を含め、誰にも話さないようにお願いします。,
d0e81a4acd55cfac60c2aa1bec155c08.bundle,簽約陳昇文2,Say,ショウブン･チン,115,どうしてですか……？,
d0e81a4acd55cfac60c2aa1bec155c08.bundle,簽約陳昇文2,Say,リュウセイ･チョウ,32,勝手に質問をするなと、何度言えばわかるのですか？,
d0e81a4acd55cfac60c2aa1bec155c08.bundle,簽約陳昇文2,Say,ショウブン･チン,116,す、すみません。,
d0e81a4acd55cfac60c2aa1bec155c08.bundle,簽約陳昇文2,Say,ショウブン･チン,117,でも、あの……契約は……？,
d0e81a4acd55cfac60c2aa1bec155c08.bundle,簽約陳昇文2,Say,リュウセイ･チョウ,33,もうサインしていいですよ。,
d0e81a4acd55cfac60c2aa1bec155c08.bundle,簽約陳昇文2,Say,ショウブン･チン,118,はぁ、よかった……,
d0e81a4acd55cfac60c2aa1bec155c08.bundle,簽約陳昇文2,Say,ショウブン･チン,119,演算力供給の契約の話までもが、あなた方のテストかと思いました。,
d0e81a4acd55cfac60c2aa1bec155c08.bundle,簽約陳昇文2,Say,ショウブン･チン,120,……,
d0e81a4acd55cfac60c2aa1bec155c08.bundle,簽約陳昇文2,Say,ショウブン･チン,121,……,
d0e81a4acd55cfac60c2aa1bec155c08.bundle,簽約陳昇文2,Branch,#Simple,45,もうお帰りいただいて大丈夫ですよ。,
d0e81a4acd55cfac60c2aa1bec155c08.bundle,簽約陳昇文2,Branch,#Simple,46,どうかしましたか？,
d0e81a4acd55cfac60c2aa1bec155c08.bundle,簽約陳昇文2,Branch,#Simple,47,……,
d0e81a4acd55cfac60c2aa1bec155c08.bundle,簽約陳昇文2,Say,ショウブン･チン,122,私の息子についてお話が……,
d0e81a4acd55cfac60c2aa1bec155c08.bundle,簽約陳昇文2,Say,心の声,12,息子の状況を聞きたいのか……？,
d0e81a4acd55cfac60c2aa1bec155c08.bundle,簽約陳昇文2,Say,ショウブン･チン,123,えっと、その……,
d0e81a4acd55cfac60c2aa1bec155c08.bundle,簽約陳昇文2,Say,ショウブン･チン,124,お貸しする期間をもう少し延ばすことは可能ですか？,
d0e81a4acd55cfac60c2aa1bec155c08.bundle,簽約陳昇文2,Say,リュウセイ･チョウ,34,延ばす？,
d0e81a4acd55cfac60c2aa1bec155c08.bundle,簽約陳昇文2,Branch,#Simple,48,息子を預ける期間を延ばしたいということですか？,
d0e81a4acd55cfac60c2aa1bec155c08.bundle,簽約陳昇文2,Branch,#Simple,49,どういう意味ですか？,
d0e81a4acd55cfac60c2aa1bec155c08.bundle,簽約陳昇文2,Branch,#Simple,50,……,
d0e81a4acd55cfac60c2aa1bec155c08.bundle,簽約陳昇文2,Say,ショウブン･チン,125,そ、その、もう少しお金が必要でして……,
d0e81a4acd55cfac60c2aa1bec155c08.bundle,簽約陳昇文2,Say,ショウブン･チン,126,だからこうやって、演算力供給にも来ているわけで……ハハ……,
d0e81a4acd55cfac60c2aa1bec155c08.bundle,簽約陳昇文2,Say,心の声,13,このクズが……,
d0e81a4acd55cfac60c2aa1bec155c08.bundle,簽約陳昇文2,Say,リュウセイ･チョウ,35,……どれくらい必要なのですか？,
d0e81a4acd55cfac60c2aa1bec155c08.bundle,簽約陳昇文2,Say,ショウブン･チン,127,北区の中心部で家を買えるくらいですね。,
d0e81a4acd55cfac60c2aa1bec155c08.bundle,簽約陳昇文2,Say,リュウセイ･チョウ,36,北区の……？,
d0e81a4acd55cfac60c2aa1bec155c08.bundle,簽約陳昇文2,Say,心の声,14,……貧乏のくせに、北区に住むつもりなのか？,
d0e81a4acd55cfac60c2aa1bec155c08.bundle,簽約陳昇文2,Branch,#Simple,51,それはあまり現実的ではないですね。,
d0e81a4acd55cfac60c2aa1bec155c08.bundle,簽約陳昇文2,Say,ショウブン･チン,128,ハハ……,
d0e81a4acd55cfac60c2aa1bec155c08.bundle,簽約陳昇文2,Branch,#Simple,52,どうして家を？,
d0e81a4acd55cfac60c2aa1bec155c08.bundle,簽約陳昇文2,Branch,#Simple,53,……,
d0e81a4acd55cfac60c2aa1bec155c08.bundle,簽約陳昇文2,Say,ショウブン･チン,129,恥ずかしい話なのですが……,
d0e81a4acd55cfac60c2aa1bec155c08.bundle,簽約陳昇文2,Say,ショウブン･チン,130,私が一度、離婚していることはご存じですよね？,
d0e81a4acd55cfac60c2aa1bec155c08.bundle,簽約陳昇文2,Say,ショウブン･チン,131,離婚の原因は何だと思いますか？,
d0e81a4acd55cfac60c2aa1bec155c08.bundle,簽約陳昇文2,Branch,#Simple,54,市の中心部に家を持っていないからですか？,
d0e81a4acd55cfac60c2aa1bec155c08.bundle,簽約陳昇文2,Say,ショウブン･チン,132,そうです。,
d0e81a4acd55cfac60c2aa1bec155c08.bundle,簽約陳昇文2,Say,リュウセイ･チョウ,37,本当にそんなことで離婚したんですか？,
d0e81a4acd55cfac60c2aa1bec155c08.bundle,簽約陳昇文2,Say,ショウブン･チン,133,それを理由に離婚を告げられたわけではないですが、そう言われてるようなものです。,
d0e81a4acd55cfac60c2aa1bec155c08.bundle,簽約陳昇文2,Branch,#Simple,55,不仲の問題ですか？,
d0e81a4acd55cfac60c2aa1bec155c08.bundle,簽約陳昇文2,Say,ショウブン･チン,134,違います。,
d0e81a4acd55cfac60c2aa1bec155c08.bundle,簽約陳昇文2,Branch,#Simple,56,あなたが子どもを企業に売ったからですか？,
d0e81a4acd55cfac60c2aa1bec155c08.bundle,簽約陳昇文2,Say,ショウブン･チン,135,……,
d0e81a4acd55cfac60c2aa1bec155c08.bundle,簽約陳昇文2,Say,ショウブン･チン,136,アハハ、そういう冗談はよしてくださいよ……,
d0e81a4acd55cfac60c2aa1bec155c08.bundle,簽約陳昇文2,Say,ショウブン･チン,137,……,
d0e81a4acd55cfac60c2aa1bec155c08.bundle,簽約陳昇文2,Say,ショウブン･チン,138,原因はもちろんそれじゃありません。それに馬鹿じゃあるまいし、流石に言いませんよ。,
d0e81a4acd55cfac60c2aa1bec155c08.bundle,簽約陳昇文2,Say,ショウブン･チン,139,彼女は私を貧しい人間だと思っています……,
d0e81a4acd55cfac60c2aa1bec155c08.bundle,簽約陳昇文2,Say,ショウブン･チン,140,……,
d0e81a4acd55cfac60c2aa1bec155c08.bundle,簽約陳昇文2,Say,ショウブン･チン,141,……これに関しては、私も自覚はしています。,
d0e81a4acd55cfac60c2aa1bec155c08.bundle,簽約陳昇文2,Branch,#Simple,57,彼女からそう言われたのですか？,
d0e81a4acd55cfac60c2aa1bec155c08.bundle,簽約陳昇文2,Say,ショウブン･チン,142,言われなくても、顔を見ればわかります。,
d0e81a4acd55cfac60c2aa1bec155c08.bundle,簽約陳昇文2,Branch,#Simple,58,でも彼女は結婚する前から、あなたの経済状況を知っていたはずでは？,
d0e81a4acd55cfac60c2aa1bec155c08.bundle,簽約陳昇文2,Say,ショウブン･チン,143,もちろん知っていました。,
d0e81a4acd55cfac60c2aa1bec155c08.bundle,簽約陳昇文2,Say,ショウブン･チン,144,でも当時の彼女は、見ないフリをしていました。,
d0e81a4acd55cfac60c2aa1bec155c08.bundle,簽約陳昇文2,Branch,#Simple,59,……,
d0e81a4acd55cfac60c2aa1bec155c08.bundle,簽約陳昇文2,Say,ショウブン･チン,145,私は彼女を見返したい……,
d0e81a4acd55cfac60c2aa1bec155c08.bundle,簽約陳昇文2,Say,心の声,15,彼の自分語りはもう十分だ。そろそろ追いだそう。,
d0e81a4acd55cfac60c2aa1bec155c08.bundle,簽約陳昇文2,Say,ショウブン･チン,146,私が金持ちであることを証明して、彼女によりを戻したいと言わせたいんです……,
d0e81a4acd55cfac60c2aa1bec155c08.bundle,簽約陳昇文2,Say,ショウブン･チン,147,……,
d0e81a4acd55cfac60c2aa1bec155c08.bundle,簽約陳昇文2,Branch,#Simple,60,期間の延長は不可能です。お引き取りください。,
d0e81a4acd55cfac60c2aa1bec155c08.bundle,簽約陳昇文2,Branch,#Simple,61,申し訳ないですが、私たちには関係のないことです。お引き取りください。,
d0e81a4acd55cfac60c2aa1bec155c08.bundle,簽約陳昇文2,Say,ショウブン･チン,148,私が生活費を払えないから、出て行ったのか……？,
d0e81a4acd55cfac60c2aa1bec155c08.bundle,簽約陳昇文2,Say,ショウブン･チン,149,あんなに一緒に頑張ろうって言ってたくせに！,
d0e81a4acd55cfac60c2aa1bec155c08.bundle,簽約陳昇文2,Say,心の声,16,かなり険しい顔をしている……,
d0e81a4acd55cfac60c2aa1bec155c08.bundle,簽約陳昇文2,Say,ショウブン･チン,150,それにやりたくない仕事くらい誰にだってあるだろう……新しい仕事だって探してたんだ。,
d0e81a4acd55cfac60c2aa1bec155c08.bundle,簽約陳昇文2,Say,ショウブン･チン,151,違法な仕事はしたくないし、危険な仕事も御免だ。,
d0e81a4acd55cfac60c2aa1bec155c08.bundle,簽約陳昇文2,Say,ショウブン･チン,152,私の元嫁は金にしか興味がないビッチなんですよ。,
d0e81a4acd55cfac60c2aa1bec155c08.bundle,簽約陳昇文2,Say,ショウブン･チン,153,貧乏だからって私を捨てたんです。,
d0e81a4acd55cfac60c2aa1bec155c08.bundle,簽約陳昇文2,Say,リュウセイ･チョウ,38,別の原因もあったのでは？,
d0e81a4acd55cfac60c2aa1bec155c08.bundle,簽約陳昇文2,Branch,#Simple,62,そんなことは、どうでもいいことです。どうかお帰りください。,
d0e81a4acd55cfac60c2aa1bec155c08.bundle,簽約陳昇文2,Say,ショウブン･チン,154,……,
d0e81a4acd55cfac60c2aa1bec155c08.bundle,簽約陳昇文2,Branch,#Simple,63,確かに、金以外の問題だった可能性もあります。,
d0e81a4acd55cfac60c2aa1bec155c08.bundle,簽約陳昇文2,Say,心の声,17,何で俺はこんなくだらないことに、口を出しているんだ……,
d0e81a4acd55cfac60c2aa1bec155c08.bundle,簽約陳昇文2,Branch,#Simple,64,……,
d0e81a4acd55cfac60c2aa1bec155c08.bundle,簽約陳昇文2,Say,ショウブン･チン,155,金以外の問題……？,
d0e81a4acd55cfac60c2aa1bec155c08.bundle,簽約陳昇文2,Say,心の声,18,このまま話を続けるしかないのか……？,
d0e81a4acd55cfac60c2aa1bec155c08.bundle,簽約陳昇文2,Say,リュウセイ･チョウ,39,そうです。,
d0e81a4acd55cfac60c2aa1bec155c08.bundle,簽約陳昇文2,Say,ショウブン･チン,156,……というと？,
d0e81a4acd55cfac60c2aa1bec155c08.bundle,簽約陳昇文2,Say,リュウセイ･チョウ,40,あなたはそれに気づいていなかっただけだと思います。,
d0e81a4acd55cfac60c2aa1bec155c08.bundle,簽約陳昇文2,Say,リュウセイ･チョウ,41,だからすべての原因を金の問題にしているだけです。,
d0e81a4acd55cfac60c2aa1bec155c08.bundle,簽約陳昇文2,Say,ショウブン･チン,157,ちょっと待ってください。,
d0e81a4acd55cfac60c2aa1bec155c08.bundle,簽約陳昇文2,Say,ショウブン･チン,158,それは間違いです。,
d0e81a4acd55cfac60c2aa1bec155c08.bundle,簽約陳昇文2,Say,ショウブン･チン,159,女は強い男に惹かれます。個性的だとか、価値観が合うだなんてのは嘘ですよ。,
d0e81a4acd55cfac60c2aa1bec155c08.bundle,簽約陳昇文2,Say,ショウブン･チン,160,この現代社会においては、金こそがすべてです！,
d0e81a4acd55cfac60c2aa1bec155c08.bundle,簽約陳昇文2,Branch,#Simple,65,そう考えているなら、捨てられたのは当然の結果ですね。,
d0e81a4acd55cfac60c2aa1bec155c08.bundle,簽約陳昇文2,Say,ショウブン･チン,161,何ですって……？,
d0e81a4acd55cfac60c2aa1bec155c08.bundle,簽約陳昇文2,Say,リュウセイ･チョウ,42,同意見です。,
d0e81a4acd55cfac60c2aa1bec155c08.bundle,簽約陳昇文2,Say,ショウブン･チン,162,あなたたちは……！,
d0e81a4acd55cfac60c2aa1bec155c08.bundle,簽約陳昇文2,Branch,#Simple,66,そう考える人も、いるにはいるでしょうね。,
d0e81a4acd55cfac60c2aa1bec155c08.bundle,簽約陳昇文2,Say,ショウブン･チン,163,そんな曖昧なものではありません。,
d0e81a4acd55cfac60c2aa1bec155c08.bundle,簽約陳昇文2,Say,ショウブン･チン,164,大体の人はそう思っています。,
d0e81a4acd55cfac60c2aa1bec155c08.bundle,簽約陳昇文2,Branch,#Simple,67,あなたの言う通りかもしれません。,
d0e81a4acd55cfac60c2aa1bec155c08.bundle,簽約陳昇文2,Branch,#Simple,68,それには賛同出来かねます。,
d0e81a4acd55cfac60c2aa1bec155c08.bundle,簽約陳昇文2,Say,ショウブン･チン,165,それは、あなたがまだ若いからですよ。,
d0e81a4acd55cfac60c2aa1bec155c08.bundle,簽約陳昇文2,Branch,#Simple,69,……,
d0e81a4acd55cfac60c2aa1bec155c08.bundle,簽約陳昇文2,Branch,#Simple,70,……,
d0e81a4acd55cfac60c2aa1bec155c08.bundle,簽約陳昇文2,Say,ショウブン･チン,166,……,
d0e81a4acd55cfac60c2aa1bec155c08.bundle,簽約陳昇文2,Say,ショウブン･チン,167,もういいです。何と言われようと、私にはお金が必要です。,
d0e81a4acd55cfac60c2aa1bec155c08.bundle,簽約陳昇文2,Say,ショウブン･チン,168,期間を延ばしてもらえますか？むしろ、無期限で貸し出してもいいですよ。,
d0e81a4acd55cfac60c2aa1bec155c08.bundle,簽約陳昇文2,Branch,#Simple,71,だめです。お帰りください。,
d0e81a4acd55cfac60c2aa1bec155c08.bundle,簽約陳昇文2,Say,ショウブン･チン,169,……,
d0e81a4acd55cfac60c2aa1bec155c08.bundle,簽約陳昇文2,Say,ショウブン･チン,170,わかりました。,
d0e81a4acd55cfac60c2aa1bec155c08.bundle,簽約陳昇文2,Branch,#Simple,72,あなたはとんでもないクズだ。,
d0e81a4acd55cfac60c2aa1bec155c08.bundle,簽約陳昇文2,Say,ショウブン･チン,171,なんですって……！？,
d0e81a4acd55cfac60c2aa1bec155c08.bundle,簽約陳昇文2,Say,23,21,ジェイ、やめて……,
d0e81a4acd55cfac60c2aa1bec155c08.bundle,簽約陳昇文2,Say,リュウセイ･チョウ,43,あんたはクズだと言ったんだ。理解できなかったのか？,
d0e81a4acd55cfac60c2aa1bec155c08.bundle,簽約陳昇文2,Say,23,22,ちょっとリュウセイまで……,
d0e81a4acd55cfac60c2aa1bec155c08.bundle,簽約陳昇文2,Say,リュウセイ･チョウ,44,自分の息子を売ってまで金を手に入れるなんて、クズ以外の何者でもない。,
d0e81a4acd55cfac60c2aa1bec155c08.bundle,簽約陳昇文2,Say,ショウブン･チン,172,取引をしたのはあなた方でしょ！？,
d0e81a4acd55cfac60c2aa1bec155c08.bundle,簽約陳昇文2,Say,リュウセイ･チョウ,45,確かにそうだが、それでもお前はクズだ！,
d0e81a4acd55cfac60c2aa1bec155c08.bundle,簽約陳昇文2,Branch,#Simple,73,自分の無能に、息子を巻き込むな。,
d0e81a4acd55cfac60c2aa1bec155c08.bundle,簽約陳昇文2,Branch,#Simple,74,出て行け、クズ野郎！,
d0e81a4acd55cfac60c2aa1bec155c08.bundle,簽約陳昇文2,Branch,#Simple,75,……,
d0e81a4acd55cfac60c2aa1bec155c08.bundle,簽約陳昇文2,Say,ショウブン･チン,173,……,
d0e81a4acd55cfac60c2aa1bec155c08.bundle,簽約陳昇文2,Say,ショウブン･チン,174,ああ、そうだよ……,
d0e81a4acd55cfac60c2aa1bec155c08.bundle,簽約陳昇文2,Say,ショウブン･チン,175,お前らの言う通り、俺はクズ野郎だ。,
d0e81a4acd55cfac60c2aa1bec155c08.bundle,簽約陳昇文2,Say,ショウブン･チン,176,お前らみたいな金に困っていないやつには、俺の気持ちなんてわからないだろうな！,
d0e81a4acd55cfac60c2aa1bec155c08.bundle,簽約陳昇文2,Say,ショウブン･チン,177,何も知らないくせに、勝手なことを言いやがって！,
d0e81a4acd55cfac60c2aa1bec155c08.bundle,簽約陳昇文2,Branch,#Simple,76,お前の気持ちなんて理解したくもない！,
d0e81a4acd55cfac60c2aa1bec155c08.bundle,簽約陳昇文2,Say,ショウブン･チン,178,なんだって……！？,
d0e81a4acd55cfac60c2aa1bec155c08.bundle,簽約陳昇文2,Branch,#Simple,77,お前の人生がどんなものであろうと、すべての責任はお前にある。,
d0e81a4acd55cfac60c2aa1bec155c08.bundle,簽約陳昇文2,Branch,#Simple,78,お前は自分を顧みずに、他人のせいにしているだけだ。,
d0e81a4acd55cfac60c2aa1bec155c08.bundle,簽約陳昇文2,Say,ショウブン･チン,179,そ、そんなことはない……,
d0e81a4acd55cfac60c2aa1bec155c08.bundle,簽約陳昇文2,Branch,#Simple,79,生活の苦しさを理由に、自分を顧みないあなたは間違っている。,
d0e81a4acd55cfac60c2aa1bec155c08.bundle,簽約陳昇文2,Say,ショウブン･チン,180,……,
d0e81a4acd55cfac60c2aa1bec155c08.bundle,簽約陳昇文2,Branch,#Simple,80,よく考えてみてください。,
d0e81a4acd55cfac60c2aa1bec155c08.bundle,簽約陳昇文2,Branch,#Simple,81,……,
d0e81a4acd55cfac60c2aa1bec155c08.bundle,簽約陳昇文2,Say,ショウブン･チン,181,もう、たくさんだ……！,
d0e81a4acd55cfac60c2aa1bec155c08.bundle,簽約陳昇文2,Say,ショウブン･チン,182,何でお前らみたいな勝ち組に説教されなきゃいけないんだ！,
d0e81a4acd55cfac60c2aa1bec155c08.bundle,簽約陳昇文2,Branch,#Simple,82,……,
d0e81a4acd55cfac60c2aa1bec155c08.bundle,簽約陳昇文2,Branch,#Simple,83,……,
d0e81a4acd55cfac60c2aa1bec155c08.bundle,簽約陳昇文2,Branch,#Simple,84,……,
d0e81a4acd55cfac60c2aa1bec155c08.bundle,簽約陳昇文2,Say,ショウブン･チン,183,もう帰る。,
d0e81a4acd55cfac60c2aa1bec155c08.bundle,簽約陳昇文3,Say,リュウセイ･チョウ,0,……,
d0e81a4acd55cfac60c2aa1bec155c08.bundle,簽約陳昇文3,Say,リュウセイ･チョウ,1,何なんだあいつは……,
d0e81a4acd55cfac60c2aa1bec155c08.bundle,簽約陳昇文3,Say,リュウセイ･チョウ,2,こんなクズが人の親かよ……,
d0e81a4acd55cfac60c2aa1bec155c08.bundle,簽約陳昇文3,Say,23,0,あのまま話を続けるべきではなかった。,
d0e81a4acd55cfac60c2aa1bec155c08.bundle,簽約陳昇文3,Say,リュウセイ･チョウ,3,すみません。我慢できなかったっす……,
d0e81a4acd55cfac60c2aa1bec155c08.bundle,簽約陳昇文3,Say,23,1,まあ、その場にいたら、うちも我慢できなかったと思う。,
d0e81a4acd55cfac60c2aa1bec155c08.bundle,簽約陳昇文3,Say,23,2,でもジェイの最後のお説教は見事だったね。,
d0e81a4acd55cfac60c2aa1bec155c08.bundle,簽約陳昇文3,Say,23,3,聞いているこっちまでも、すっきりしたよ。,
d0e81a4acd55cfac60c2aa1bec155c08.bundle,簽約陳昇文3,Branch,#Simple,0,本当のことを言っただけだ。,
d0e81a4acd55cfac60c2aa1bec155c08.bundle,簽約陳昇文3,Say,23,4,うん、彼には本当のことを言うべきよ。,
d0e81a4acd55cfac60c2aa1bec155c08.bundle,簽約陳昇文3,Branch,#Simple,1,ありがとう。,
d0e81a4acd55cfac60c2aa1bec155c08.bundle,簽約陳昇文3,Branch,#Simple,2,……,
d0e81a4acd55cfac60c2aa1bec155c08.bundle,簽約陳昇文3,Say,スイ･ニン,0,そろそろ任務に戻ろう。,
d0e81a4acd55cfac60c2aa1bec155c08.bundle,簽約陳昇文3,Say,スイ･ニン,1,23号、次の人の情報を。,
d0e81a4acd55cfac60c2aa1bec155c08.bundle,簽約駱思敏,Say,シミン･ラク,0,……どうも。,
d0e81a4acd55cfac60c2aa1bec155c08.bundle,簽約駱思敏,Say,心の声,0,かなり警戒しているようだ。,
d0e81a4acd55cfac60c2aa1bec155c08.bundle,簽約駱思敏,Say,シミン･ラク,1,今は私が質問する番よね？,
d0e81a4acd55cfac60c2aa1bec155c08.bundle,簽約駱思敏,Say,シミン･ラク,2,契約について話があるの。,
d0e81a4acd55cfac60c2aa1bec155c08.bundle,簽約駱思敏,Say,リュウセイ･チョウ,0,確かにそうですが……,
d0e81a4acd55cfac60c2aa1bec155c08.bundle,簽約駱思敏,Say,シミン･ラク,3,私は全部の補償金に申し込むわ！,
d0e81a4acd55cfac60c2aa1bec155c08.bundle,簽約駱思敏,Say,シミン･ラク,4,契約の内容をちゃんと確認したの。万象が提供する保険と、万象の元職員が対象の補償にも申請する。,
d0e81a4acd55cfac60c2aa1bec155c08.bundle,簽約駱思敏,Say,シミン･ラク,5,私は全部の条件を満たしているはずよ。,
d0e81a4acd55cfac60c2aa1bec155c08.bundle,簽約駱思敏,Branch,#Simple,0,申し訳ございませんが、その前に確認したいことがあります。,
d0e81a4acd55cfac60c2aa1bec155c08.bundle,簽約駱思敏,Say,シミン･ラク,6,も、もしかして補償の対象じゃないとか言って、屁理屈をこねるつもり？,
d0e81a4acd55cfac60c2aa1bec155c08.bundle,簽約駱思敏,Say,シミン･ラク,7,私に申請を取り下げさせる算段でしょう！,
d0e81a4acd55cfac60c2aa1bec155c08.bundle,簽約駱思敏,Say,シミン･ラク,8,悪いけど、私はちゃんと調べてきたからね！それでも屁理屈をこねるなら、クレーム入れるから！,
d0e81a4acd55cfac60c2aa1bec155c08.bundle,簽約駱思敏,Branch,#Simple,1,落ち着いてください。,
d0e81a4acd55cfac60c2aa1bec155c08.bundle,簽約駱思敏,Say,シミン･ラク,9,何が落ち着いてくださいよ！その前に、私の補償金を……,
d0e81a4acd55cfac60c2aa1bec155c08.bundle,簽約駱思敏,Say,リュウセイ･チョウ,1,あ、安心してください。あなたはすべての補償金の条件に適しています。,
d0e81a4acd55cfac60c2aa1bec155c08.bundle,簽約駱思敏,Say,リュウセイ･チョウ,2,ですが、その前にいくつか質問をさせてください。,
d0e81a4acd55cfac60c2aa1bec155c08.bundle,簽約駱思敏,Branch,#Simple,2,条件は問題ありませんが、先にいくつか質問をさせてください。,
d0e81a4acd55cfac60c2aa1bec155c08.bundle,簽約駱思敏,Branch,#Simple,3,はい、確かに満たしています。,
d0e81a4acd55cfac60c2aa1bec155c08.bundle,簽約駱思敏,Say,シミン･ラク,10,じゃ、じゃあ……,
d0e81a4acd55cfac60c2aa1bec155c08.bundle,簽約駱思敏,Say,シミン･ラク,11,サインしていいよね？どこにすればいい？,
d0e81a4acd55cfac60c2aa1bec155c08.bundle,簽約駱思敏,Say,リュウセイ･チョウ,3,ま、待ってください。サインをする前に、いくつか質問があります。,
d0e81a4acd55cfac60c2aa1bec155c08.bundle,簽約駱思敏,Say,シミン･ラク,12,……質問？,
d0e81a4acd55cfac60c2aa1bec155c08.bundle,簽約駱思敏,Say,リュウセイ･チョウ,4,実は、最近タイゴウエリアで悪質な人身売買が起きています。,
d0e81a4acd55cfac60c2aa1bec155c08.bundle,簽約駱思敏,Say,シミン･ラク,13,……人身売買？,
d0e81a4acd55cfac60c2aa1bec155c08.bundle,簽約駱思敏,Say,心の声,1,明らかに顔色が変わった……,
d0e81a4acd55cfac60c2aa1bec155c08.bundle,簽約駱思敏,Say,リュウセイ･チョウ,5,はい。そして、私たちは業務上、頻繁にタイゴウエリアの住民と顔を合わせています。,
d0e81a4acd55cfac60c2aa1bec155c08.bundle,簽約駱思敏,Say,リュウセイ･チョウ,6,そのため、演算力供給に来た人の背景調査を警察に頼まれているのです。,
d0e81a4acd55cfac60c2aa1bec155c08.bundle,簽約駱思敏,Say,リュウセイ･チョウ,7,ですから、契約の前にいくつか確認したいことがあります。,
d0e81a4acd55cfac60c2aa1bec155c08.bundle,簽約駱思敏,Say,シミン･ラク,14,だからさっきの面談で、ずっと娘のことを聞いてきたのね……,
d0e81a4acd55cfac60c2aa1bec155c08.bundle,簽約駱思敏,Say,シミン･ラク,15,い、言っとくけど、私は人身売買に関わってないからね。,
d0e81a4acd55cfac60c2aa1bec155c08.bundle,簽約駱思敏,Branch,#Simple,4,否定が速すぎると、逆に怪しく見えますね。,
d0e81a4acd55cfac60c2aa1bec155c08.bundle,簽約駱思敏,Say,シミン･ラク,16,フンッ……,
d0e81a4acd55cfac60c2aa1bec155c08.bundle,簽約駱思敏,Say,23,0,忘れないで。ジェイは飴役よ。,
d0e81a4acd55cfac60c2aa1bec155c08.bundle,簽約駱思敏,Say,23,1,あまり彼女に突っかからないで。,
d0e81a4acd55cfac60c2aa1bec155c08.bundle,簽約駱思敏,Branch,#Simple,5,安心してください。あなたを疑っているわけではありません。,
d0e81a4acd55cfac60c2aa1bec155c08.bundle,簽約駱思敏,Say,シミン･ラク,17,当たり前よ！,
d0e81a4acd55cfac60c2aa1bec155c08.bundle,簽約駱思敏,Say,23,2,ジェイは鞭役よ。ちゃんと圧をかけて！,
d0e81a4acd55cfac60c2aa1bec155c08.bundle,簽約駱思敏,Say,シミン･ラク,18,それで、質問って何？,
d0e81a4acd55cfac60c2aa1bec155c08.bundle,簽約駱思敏,Say,リュウセイ･チョウ,8,まずはご家族の状況を確認させてください。,
d0e81a4acd55cfac60c2aa1bec155c08.bundle,簽約駱思敏,Say,シミン･ラク,19,わかった。,
d0e81a4acd55cfac60c2aa1bec155c08.bundle,簽約駱思敏,Say,リュウセイ･チョウ,9,あなたが提出した資料によると、娘さんは家にいると書かれています。,
d0e81a4acd55cfac60c2aa1bec155c08.bundle,簽約駱思敏,Say,リュウセイ･チョウ,10,ですが、我々が調査した結果、家にはいなかった。理由を説明していただけますか？,
d0e81a4acd55cfac60c2aa1bec155c08.bundle,簽約駱思敏,Say,シミン･ラク,20,……,
d0e81a4acd55cfac60c2aa1bec155c08.bundle,簽約駱思敏,Say,シミン･ラク,21,な、何を言ってるの？意味わかんないから。,
d0e81a4acd55cfac60c2aa1bec155c08.bundle,簽約駱思敏(黑臉),Branch,#Simple,0,あなたの娘は今どこにいるのですか？,
d0e81a4acd55cfac60c2aa1bec155c08.bundle,簽約駱思敏(黑臉),Say,シミン･ラク,0,め、面談の時に言ったでしょう……,
d0e81a4acd55cfac60c2aa1bec155c08.bundle,簽約駱思敏(黑臉),Say,シミン･ラク,1,家にいて、大人が面倒を見てるって。,
d0e81a4acd55cfac60c2aa1bec155c08.bundle,簽約駱思敏(黑臉),Branch,#Simple,1,そうですか。,
d0e81a4acd55cfac60c2aa1bec155c08.bundle,簽約駱思敏(黑臉),Branch,#Simple,2,それを証明してください。,
d0e81a4acd55cfac60c2aa1bec155c08.bundle,簽約駱思敏(黑臉),Say,シミン･ラク,2,しょ、証明ってどうやって？,
d0e81a4acd55cfac60c2aa1bec155c08.bundle,簽約駱思敏(黑臉),Branch,#Simple,3,では、嘘ということでよろしいですか？,
d0e81a4acd55cfac60c2aa1bec155c08.bundle,簽約駱思敏(黑臉),Say,シミン･ラク,3,待って！違う……,
d0e81a4acd55cfac60c2aa1bec155c08.bundle,簽約駱思敏(黑臉),Branch,#Simple,4,それはあなた自身で考えることです。,
d0e81a4acd55cfac60c2aa1bec155c08.bundle,簽約駱思敏(黑臉),Say,シミン･ラク,4,で、でも……,
d0e81a4acd55cfac60c2aa1bec155c08.bundle,簽約駱思敏(黑臉),Branch,#Simple,5,答えによっては、契約の可否に影響しますよ。,
d0e81a4acd55cfac60c2aa1bec155c08.bundle,簽約駱思敏(黑臉),Branch,#Simple,6,証明できないなら帰ってください。,
d0e81a4acd55cfac60c2aa1bec155c08.bundle,簽約駱思敏(黑臉),Branch,#Simple,7,……,
d0e81a4acd55cfac60c2aa1bec155c08.bundle,簽約駱思敏(黑臉),Branch,#Simple,8,それは嘘ですね。あなたの家には寝たきりの母親しかいないはずです。,
d0e81a4acd55cfac60c2aa1bec155c08.bundle,簽約駱思敏(黑臉),Say,シミン･ラク,5,ど、どうしてそれを！？,
d0e81a4acd55cfac60c2aa1bec155c08.bundle,簽約駱思敏(黑臉),Branch,#Simple,9,我々が事前に調べました。,
d0e81a4acd55cfac60c2aa1bec155c08.bundle,簽約駱思敏(黑臉),Branch,#Simple,10,我々はあの万象です。嘘は通用しませんよ。,
d0e81a4acd55cfac60c2aa1bec155c08.bundle,簽約駱思敏(黑臉),Branch,#Simple,11,ここでは嘘は通用しません。,
d0e81a4acd55cfac60c2aa1bec155c08.bundle,簽約駱思敏(黑臉),Branch,#Simple,12,……,
d0e81a4acd55cfac60c2aa1bec155c08.bundle,簽約駱思敏(黑臉),Say,リュウセイ･チョウ,0,シミンさん、我々の資料によると、娘さんは家にいないみたいですが、本当はどこにいるのですか？,
d0e81a4acd55cfac60c2aa1bec155c08.bundle,簽約駱思敏(黑臉),Say,シミン･ラク,6,どういうこと？何であんたたちが、そんなことを知ってるのよ！,
d0e81a4acd55cfac60c2aa1bec155c08.bundle,簽約駱思敏(黑臉),Branch,#Simple,13,質問に答えてください。,
d0e81a4acd55cfac60c2aa1bec155c08.bundle,簽約駱思敏(黑臉),Say,シミン･ラク,7,こ、答えるも何も、自分の娘がどこにいるかくらい分かっているわよ！,
d0e81a4acd55cfac60c2aa1bec155c08.bundle,簽約駱思敏(黑臉),Branch,#Simple,14,あなたは嘘をついています。,
d0e81a4acd55cfac60c2aa1bec155c08.bundle,簽約駱思敏(黑臉),Branch,#Simple,15,黙れ。,
d0e81a4acd55cfac60c2aa1bec155c08.bundle,簽約駱思敏(黑臉),Branch,#Simple,16,嘘つきの貧乏人が、いいから答えなさい！,
d0e81a4acd55cfac60c2aa1bec155c08.bundle,簽約駱思敏(黑臉),Say,シミン･ラク,8,今、何て言った！？,
d0e81a4acd55cfac60c2aa1bec155c08.bundle,簽約駱思敏(黑臉),Branch,#Simple,17,嘘つきの貧乏人と言いました。,
d0e81a4acd55cfac60c2aa1bec155c08.bundle,簽約駱思敏(黑臉),Branch,#Simple,18,冷静に状況を理解してください。私たちはいつでも、あなたをここから追い出せるのですよ？,
d0e81a4acd55cfac60c2aa1bec155c08.bundle,簽約駱思敏(黑臉),Branch,#Simple,19,この仕事が欲しくないのですか？,
d0e81a4acd55cfac60c2aa1bec155c08.bundle,簽約駱思敏(黑臉),Say,シミン･ラク,9,あんたね……,
d0e81a4acd55cfac60c2aa1bec155c08.bundle,簽約駱思敏(黑臉),Branch,#Simple,20,あなたは自分の子どもを売りましたね？,
d0e81a4acd55cfac60c2aa1bec155c08.bundle,簽約駱思敏(黑臉),Say,シミン･ラク,10,はあ……！？,
d0e81a4acd55cfac60c2aa1bec155c08.bundle,簽約駱思敏(黑臉),Say,心の声,0,流石に急ぎすぎたか……,
d0e81a4acd55cfac60c2aa1bec155c08.bundle,簽約駱思敏(黑臉),Say,シミン･ラク,11,あ、あんたね、よくもそんなことを……！？,
d0e81a4acd55cfac60c2aa1bec155c08.bundle,簽約駱思敏(黑臉),Say,シミン･ラク,12,適当なこと言わないでよ！,
d0e81a4acd55cfac60c2aa1bec155c08.bundle,簽約駱思敏(黑臉),Branch,#Simple,21,あなたが子どもを売ったことは、すでに知っています。認めてください。,
d0e81a4acd55cfac60c2aa1bec155c08.bundle,簽約駱思敏(黑臉),Say,シミン･ラク,13,しょ、証拠は？証拠もないのに勝手に決めつけないでよ！,
d0e81a4acd55cfac60c2aa1bec155c08.bundle,簽約駱思敏(黑臉),Branch,#Simple,22,黙れ、このクズが。,
d0e81a4acd55cfac60c2aa1bec155c08.bundle,簽約駱思敏(黑臉),Say,シミン･ラク,14,はあ……！？,
d0e81a4acd55cfac60c2aa1bec155c08.bundle,簽約駱思敏(黑臉),Say,心の声,1,リュウセイがこっちを睨んだ。言い過ぎたか……？,
d0e81a4acd55cfac60c2aa1bec155c08.bundle,簽約駱思敏(黑臉),Say,シミン･ラク,15,あんた、今なんて……？,
d0e81a4acd55cfac60c2aa1bec155c08.bundle,簽約駱思敏(黑臉),Branch,#Simple,23,落ち着いてください。ちょっと聞いてみただけです。,
d0e81a4acd55cfac60c2aa1bec155c08.bundle,簽約駱思敏(黑臉),Say,シミン･ラク,16,……,
d0e81a4acd55cfac60c2aa1bec155c08.bundle,簽約駱思敏(黑臉),Branch,#Simple,24,ですが、そこまで大げさにリアクションをされると、怪しく見えますね。,
d0e81a4acd55cfac60c2aa1bec155c08.bundle,簽約駱思敏(黑臉),Say,シミン･ラク,17,わ、私はただ……！,
d0e81a4acd55cfac60c2aa1bec155c08.bundle,簽約駱思敏(黑臉),Branch,#Simple,25,……,
d0e81a4acd55cfac60c2aa1bec155c08.bundle,簽約駱思敏(黑臉),Say,シミン･ラク,18,……,
d0e81a4acd55cfac60c2aa1bec155c08.bundle,簽約駱思敏(黑臉),Say,シミン･ラク,19,一体何なのよ……,
d0e81a4acd55cfac60c2aa1bec155c08.bundle,簽約駱思敏(黑臉),Branch,#Simple,26,大人しく子どもの居場所を教えてください。,
d0e81a4acd55cfac60c2aa1bec155c08.bundle,簽約駱思敏(黑臉),Branch,#Simple,27,自分で考えたらどうですか？,
d0e81a4acd55cfac60c2aa1bec155c08.bundle,簽約駱思敏(黑臉),Say,シミン･ラク,20,……,
d0e81a4acd55cfac60c2aa1bec155c08.bundle,簽約駱思敏(黑臉),Say,シミン･ラク,21,娘は家にいるって、何度も言ったでしょう……,
d0e81a4acd55cfac60c2aa1bec155c08.bundle,簽約駱思敏(黑臉),Say,シミン･ラク,22,何で信じてくれないのよ……,
d0e81a4acd55cfac60c2aa1bec155c08.bundle,簽約駱思敏(黑臉),Branch,#Simple,28,逆に信じてもらえると思っているのですか？,
d0e81a4acd55cfac60c2aa1bec155c08.bundle,簽約駱思敏(黑臉),Branch,#Simple,29,もう一度言います。本当のことを教えてください。,
d0e81a4acd55cfac60c2aa1bec155c08.bundle,簽約駱思敏(黑臉),Branch,#Simple,30,……,
d0e81a4acd55cfac60c2aa1bec155c08.bundle,簽約駱思敏(黑臉),Say,シミン･ラク,23,……,
d0e81a4acd55cfac60c2aa1bec155c08.bundle,簽約駱思敏(黑臉),Say,シミン･ラク,24,お、おかしいでしょう……,
d0e81a4acd55cfac60c2aa1bec155c08.bundle,簽約駱思敏(黑臉),Say,シミン･ラク,25,私の娘がどこにいようと……,
d0e81a4acd55cfac60c2aa1bec155c08.bundle,簽約駱思敏(黑臉),Say,シミン･ラク,26,契約とは関係のないことよ……,
d0e81a4acd55cfac60c2aa1bec155c08.bundle,簽約駱思敏(黑臉),Say,シミン･ラク,27,そうでしょ……？,
d0e81a4acd55cfac60c2aa1bec155c08.bundle,簽約駱思敏(黑臉),Say,心の声,2,リュウセイに助けを求めている。,
d0e81a4acd55cfac60c2aa1bec155c08.bundle,簽約駱思敏(黑臉),Say,リュウセイ･チョウ,1,えっと……,
d0e81a4acd55cfac60c2aa1bec155c08.bundle,簽約駱思敏(黑臉),Branch,#Simple,31,シミンさん、契約の可否を決めるのはこちらです。,
d0e81a4acd55cfac60c2aa1bec155c08.bundle,簽約駱思敏(黑臉),Say,シミン･ラク,28,でも……,
d0e81a4acd55cfac60c2aa1bec155c08.bundle,簽約駱思敏(黑臉),Say,シミン･ラク,29,娘は本当に……,
d0e81a4acd55cfac60c2aa1bec155c08.bundle,簽約駱思敏(黑臉),Branch,#Simple,32,この仕事が欲しくないのであれば、もうお帰りください。,
d0e81a4acd55cfac60c2aa1bec155c08.bundle,簽約駱思敏(黑臉),Say,シミン･ラク,30,お願い……,
d0e81a4acd55cfac60c2aa1bec155c08.bundle,簽約駱思敏(黑臉),Say,シミン･ラク,31,私にはどうしても、この仕事が必要なの。これが、最後のチャンスなのよ……,
d0e81a4acd55cfac60c2aa1bec155c08.bundle,簽約駱思敏(黑臉),Branch,#Simple,33,……,
d0e81a4acd55cfac60c2aa1bec155c08.bundle,簽約駱思敏(黑臉),Say,シミン･ラク,32,お願い……,
d0e81a4acd55cfac60c2aa1bec155c08.bundle,簽約駱思敏(黑臉),Say,シミン･ラク,33,私にどうしろって言うのよ……,
d0e81a4acd55cfac60c2aa1bec155c08.bundle,簽約駱思敏(黑臉),Branch,#Simple,34,こちらとしては、警察に通報してもいいのですよ？,
d0e81a4acd55cfac60c2aa1bec155c08.bundle,簽約駱思敏(黑臉),Branch,#Simple,35,あなたが娘の居場所を吐けばいいだけです！,
d0e81a4acd55cfac60c2aa1bec155c08.bundle,簽約駱思敏(黑臉),Branch,#Simple,36,……,
d0e81a4acd55cfac60c2aa1bec155c08.bundle,簽約駱思敏(黑臉),Say,シミン･ラク,34,何度も言ってるでしょう！娘は家にいるのよ！！！,
d0e81a4acd55cfac60c2aa1bec155c08.bundle,簽約駱思敏(黑臉),Say,シミン･ラク,35,そっちが信じてくれないだけでしょ！,
d0e81a4acd55cfac60c2aa1bec155c08.bundle,簽約駱思敏(黑臉),Say,シミン･ラク,36,こんな状況で、私にどうしろって言うのよ！！！,
d0e81a4acd55cfac60c2aa1bec155c08.bundle,簽約駱思敏(黑臉),Say,23,0,でかした。彼女、焦り始めてる。,
d0e81a4acd55cfac60c2aa1bec155c08.bundle,簽約駱思敏(黑臉),Say,23,1,そろそろ第一段階終了ってところかな。,
d0e81a4acd55cfac60c2aa1bec155c08.bundle,簽約駱思敏(黑臉),Say,心の声,3,……俺はもう出て行っていいのか？,
d0e81a4acd55cfac60c2aa1bec155c08.bundle,簽約駱思敏(黑臉),Say,シミン･ラク,37,もうたくさんよ……,
d0e81a4acd55cfac60c2aa1bec155c08.bundle,簽約駱思敏(黑臉),Say,シミン･ラク,38,何の証拠を見せればいいかも教えてくれないし……,
d0e81a4acd55cfac60c2aa1bec155c08.bundle,簽約駱思敏(黑臉),Say,シミン･ラク,39,いくら話しても信じてくれない！,
d0e81a4acd55cfac60c2aa1bec155c08.bundle,簽約駱思敏(黑臉),Say,23,2,もう時間がなさそうね。,
d0e81a4acd55cfac60c2aa1bec155c08.bundle,簽約駱思敏(黑臉),Say,23,3,とりあえず、第一段階は終わりにしましょう。,
d0e81a4acd55cfac60c2aa1bec155c08.bundle,簽約駱思敏(黑臉),Say,心の声,4,俺はもう出て行っていいのか？,
d0e81a4acd55cfac60c2aa1bec155c08.bundle,簽約駱思敏(黑臉),Say,リュウセイ･チョウ,2,ジェイ、少し外に出て行ってくれないか？,
d0e81a4acd55cfac60c2aa1bec155c08.bundle,簽約駱思敏(黑臉),Say,リュウセイ･チョウ,3,シミンさんとは、私が話すよ。,
d0e81a4acd55cfac60c2aa1bec155c08.bundle,簽約駱思敏(黑臉),Branch,#Simple,37,わかった。トイレにでも行ってくるよ。,
d0e81a4acd55cfac60c2aa1bec155c08.bundle,簽約駱思敏(黑臉),Branch,#Simple,38,私が帰ってくるまでに、本当のことを言う決心をつけといてくださいね。,
d0e81a4acd55cfac60c2aa1bec155c08.bundle,簽約駱思敏(黑臉),Say,リュウセイ･チョウ,4,いいから、いいから。,
d0e81a4acd55cfac60c2aa1bec155c08.bundle,說服謝采欣2,Say,シンカ･シェ,0,ここなら大丈夫そうですね。,
d0e81a4acd55cfac60c2aa1bec155c08.bundle,說服謝采欣2,Say,心の声,0,かなり不安そうだ。,
d0e81a4acd55cfac60c2aa1bec155c08.bundle,說服謝采欣2,Branch,#Simple,0,誰か入って来るんじゃないか？,
d0e81a4acd55cfac60c2aa1bec155c08.bundle,說服謝采欣2,Say,シンカ･シェ,1,入ってくるとは思いますが、オフィスよりはいいと思います。,
d0e81a4acd55cfac60c2aa1bec155c08.bundle,說服謝采欣2,Branch,#Simple,1,大丈夫か？,
d0e81a4acd55cfac60c2aa1bec155c08.bundle,說服謝采欣2,Say,シンカ･シェ,2,わ、私ですか？,
d0e81a4acd55cfac60c2aa1bec155c08.bundle,說服謝采欣2,Say,シンカ･シェ,3,とりあえずは……,
d0e81a4acd55cfac60c2aa1bec155c08.bundle,說服謝采欣2,Branch,#Simple,2,……,
d0e81a4acd55cfac60c2aa1bec155c08.bundle,說服謝采欣2,Say,シンカ･シェ,4,……,
d0e81a4acd55cfac60c2aa1bec155c08.bundle,說服謝采欣2,Say,シンカ･シェ,5,選別組のデータの件で、私を説得するようシュンさんから頼まれたんですよね？,
d0e81a4acd55cfac60c2aa1bec155c08.bundle,說服謝采欣2,Branch,#Simple,3,ああ。,
d0e81a4acd55cfac60c2aa1bec155c08.bundle,說服謝采欣2,Branch,#Simple,4,どうしてわかったんだ？,
d0e81a4acd55cfac60c2aa1bec155c08.bundle,說服謝采欣2,Say,シンカ･シェ,6,サイレントの閉鎖には選別組のデータが必要だと、シュンさんから聞いたことがあったので……,
d0e81a4acd55cfac60c2aa1bec155c08.bundle,說服謝采欣2,Branch,#Simple,5,彼はその時から、データを欲しがっていたのか？,
d0e81a4acd55cfac60c2aa1bec155c08.bundle,說服謝采欣2,Say,シンカ･シェ,7,はい。でも、その時はデータの件を私に頼むとは言っていませんでした……,
d0e81a4acd55cfac60c2aa1bec155c08.bundle,說服謝采欣2,Say,シンカ･シェ,8,でもシュンさんが頼むなら私しかいないですよね？,
d0e81a4acd55cfac60c2aa1bec155c08.bundle,說服謝采欣2,Say,シンカ･シェ,9,他の人が協力してくれるわけないですから……,
d0e81a4acd55cfac60c2aa1bec155c08.bundle,說服謝采欣2,Branch,#Simple,6,シンカはどうしたいんだ？,
d0e81a4acd55cfac60c2aa1bec155c08.bundle,說服謝采欣2,Say,シンカ･シェ,10,ま、まだわかりません……,
d0e81a4acd55cfac60c2aa1bec155c08.bundle,說服謝采欣2,Branch,#Simple,7,……,
d0e81a4acd55cfac60c2aa1bec155c08.bundle,說服謝采欣2,Say,シンカ･シェ,11,シュンさんに、渡すべきではないと思います。,
d0e81a4acd55cfac60c2aa1bec155c08.bundle,說服謝采欣2,Say,シンカ･シェ,12,工場閉鎖の件ですでに落ち込んでいる選別組の皆に、私までそんなことをしたら……,
d0e81a4acd55cfac60c2aa1bec155c08.bundle,說服謝采欣2,Say,イエホン･キュウ,0,そんなことって何？,
d0e81a4acd55cfac60c2aa1bec155c08.bundle,說服謝采欣2,Say,シンカ･シェ,13,ボーちゃん！？,
d0e81a4acd55cfac60c2aa1bec155c08.bundle,說服謝采欣2,Say,イエホン･キュウ,1,シンカが泣きそうになってるじゃないか！どうりで、さっきから変だと思ってたんだ。,
d0e81a4acd55cfac60c2aa1bec155c08.bundle,說服謝采欣2,Say,イエホン･キュウ,2,ジェイ、シンカに何を言ったんだ……？,
d0e81a4acd55cfac60c2aa1bec155c08.bundle,說服謝采欣2,Say,心の声,1,敵意を含んだ言い方だ。,
d0e81a4acd55cfac60c2aa1bec155c08.bundle,說服謝采欣2,Say,心の声,2,彼に本当のことを言えば、きっと邪魔をされる。,
d0e81a4acd55cfac60c2aa1bec155c08.bundle,說服謝采欣2,Branch,#Simple,8,選別組のデータを操作組に渡してくるよう説得していたんだ。,
d0e81a4acd55cfac60c2aa1bec155c08.bundle,說服謝采欣2,Say,イエホン･キュウ,3,何だって！？,
d0e81a4acd55cfac60c2aa1bec155c08.bundle,說服謝采欣2,Branch,#Simple,9,これは俺とシンカの問題だ。,
d0e81a4acd55cfac60c2aa1bec155c08.bundle,說服謝采欣2,Branch,#Simple,10,教える気はない。,
d0e81a4acd55cfac60c2aa1bec155c08.bundle,說服謝采欣2,Say,イエホン･キュウ,4,いいから、教えるんだ！,
d0e81a4acd55cfac60c2aa1bec155c08.bundle,說服謝采欣2,Say,イエホン･キュウ,5,シンカを困らせてどうする気だ！,
d0e81a4acd55cfac60c2aa1bec155c08.bundle,說服謝采欣2,Say,シンカ･シェ,14,ボーちゃん！,
d0e81a4acd55cfac60c2aa1bec155c08.bundle,說服謝采欣2,Say,イエホン･キュウ,6,シンカは黙ってて！彼の口から聞かないと、気が済まない！,
d0e81a4acd55cfac60c2aa1bec155c08.bundle,說服謝采欣2,Say,シンカ･シェ,15,私の問題なのに、どうして私が黙らないといけないんですか！,
d0e81a4acd55cfac60c2aa1bec155c08.bundle,說服謝采欣2,Say,イエホン･キュウ,7,それは……,
d0e81a4acd55cfac60c2aa1bec155c08.bundle,說服謝采欣2,Say,シンカ･シェ,16,ジェイ、あなたが私に言ったことをボーちゃんにも教えます。,
d0e81a4acd55cfac60c2aa1bec155c08.bundle,說服謝采欣2,Say,シンカ･シェ,17,私は彼の意見が聞きたい。いいですね？,
d0e81a4acd55cfac60c2aa1bec155c08.bundle,說服謝采欣2,Branch,#Simple,11,だめだ。彼には言うな。,
d0e81a4acd55cfac60c2aa1bec155c08.bundle,說服謝采欣2,Say,シンカ･シェ,18,じゃ、この件はお断りします。,
d0e81a4acd55cfac60c2aa1bec155c08.bundle,說服謝采欣2,Say,シンカ･シェ,19,それでもいいですか？,
d0e81a4acd55cfac60c2aa1bec155c08.bundle,說服謝采欣2,Branch,#Simple,12,彼に教えてもいい。,
d0e81a4acd55cfac60c2aa1bec155c08.bundle,說服謝采欣2,Branch,#Simple,13,わかった。シュンにはそう伝える。,
d0e81a4acd55cfac60c2aa1bec155c08.bundle,說服謝采欣2,Say,シンカ･シェ,20,……,
d0e81a4acd55cfac60c2aa1bec155c08.bundle,說服謝采欣2,Say,シンカ･シェ,21,わかりました。,
d0e81a4acd55cfac60c2aa1bec155c08.bundle,說服謝采欣2,Say,イエホン･キュウ,8,は？結局何なんだよ……？,
d0e81a4acd55cfac60c2aa1bec155c08.bundle,說服謝采欣2,Say,シンカ･シェ,22,行きましょう、ボーちゃん。,
d0e81a4acd55cfac60c2aa1bec155c08.bundle,說服謝采欣2,Say,イエホン･キュウ,9,うん……,
d0e81a4acd55cfac60c2aa1bec155c08.bundle,說服謝采欣2,Say,心の声,3,……,
d0e81a4acd55cfac60c2aa1bec155c08.bundle,說服謝采欣2,Say,心の声,4,失敗した……,
d0e81a4acd55cfac60c2aa1bec155c08.bundle,說服謝采欣2,Branch,#Simple,14,わかった。,
d0e81a4acd55cfac60c2aa1bec155c08.bundle,說服謝采欣2,Branch,#Simple,15,言うかどうかはシンカが決めることだ。,
d0e81a4acd55cfac60c2aa1bec155c08.bundle,說服謝采欣2,Say,シンカ･シェ,23,ジェイはシュンさんに頼まれて、選別組のデータを操作組に渡すよう、私を説得しに来ました。,
d0e81a4acd55cfac60c2aa1bec155c08.bundle,說服謝采欣2,Say,イエホン･キュウ,10,何だって！？,
d0e81a4acd55cfac60c2aa1bec155c08.bundle,說服謝采欣2,Say,イエホン･キュウ,11,シンカは操作組を手伝う気なのか！？,
d0e81a4acd55cfac60c2aa1bec155c08.bundle,說服謝采欣2,Say,イエホン･キュウ,12,そのデータをもらって何をする気だ？,
d0e81a4acd55cfac60c2aa1bec155c08.bundle,說服謝采欣2,Branch,#Simple,16,工場閉鎖後の後処理の件に、マイナーのデータが必要なんだ。,
d0e81a4acd55cfac60c2aa1bec155c08.bundle,說服謝采欣2,Branch,#Simple,17,それは操作組以外には教えられないことだ。,
d0e81a4acd55cfac60c2aa1bec155c08.bundle,說服謝采欣2,Say,イエホン･キュウ,13,データをもらうだけもらって、理由を教えないつもりか？,
d0e81a4acd55cfac60c2aa1bec155c08.bundle,說服謝采欣2,Branch,#Simple,18,教える必要がないから、教えないだけだ。,
d0e81a4acd55cfac60c2aa1bec155c08.bundle,說服謝采欣2,Branch,#Simple,19,その理屈でいくと、データをくれるシンカにだけ教えればいい。,
d0e81a4acd55cfac60c2aa1bec155c08.bundle,說服謝采欣2,Say,イエホン･キュウ,14,君ね……！,
d0e81a4acd55cfac60c2aa1bec155c08.bundle,說服謝采欣2,Say,シンカ･シェ,24,工場閉鎖後の後処理のために、供給者の個人情報が必要なんですよ。,
d0e81a4acd55cfac60c2aa1bec155c08.bundle,說服謝采欣2,Say,イエホン･キュウ,15,中途解約されたマイナーたちに補償金を出すためか？,
d0e81a4acd55cfac60c2aa1bec155c08.bundle,說服謝采欣2,Say,シンカ･シェ,25,うん。,
d0e81a4acd55cfac60c2aa1bec155c08.bundle,說服謝采欣2,Say,シンカ･シェ,26,ボーちゃんはどう思います？,
d0e81a4acd55cfac60c2aa1bec155c08.bundle,說服謝采欣2,Say,イエホン･キュウ,16,……,
d0e81a4acd55cfac60c2aa1bec155c08.bundle,說服謝采欣2,Say,イエホン･キュウ,17,そんなのクソ食らえだ！,
d0e81a4acd55cfac60c2aa1bec155c08.bundle,說服謝采欣2,Say,シンカ･シェ,27,ボーちゃん……,
d0e81a4acd55cfac60c2aa1bec155c08.bundle,說服謝采欣2,Branch,#Simple,20,今のは操作組に言ったのか？,
d0e81a4acd55cfac60c2aa1bec155c08.bundle,說服謝采欣2,Say,イエホン･キュウ,18,もちろん。,
d0e81a4acd55cfac60c2aa1bec155c08.bundle,說服謝采欣2,Say,イエホン･キュウ,19,君にもね！,
d0e81a4acd55cfac60c2aa1bec155c08.bundle,說服謝采欣2,Branch,#Simple,21,それは残念だ。,
d0e81a4acd55cfac60c2aa1bec155c08.bundle,說服謝采欣2,Say,イエホン･キュウ,20,僕もだよ。,
d0e81a4acd55cfac60c2aa1bec155c08.bundle,說服謝采欣2,Branch,#Simple,22,そんなことを言っても、何にもならない。,
d0e81a4acd55cfac60c2aa1bec155c08.bundle,說服謝采欣2,Say,イエホン･キュウ,21,なんで僕たちが、君たちのメリットになるようなものを差し出さないといけないんだ！,
d0e81a4acd55cfac60c2aa1bec155c08.bundle,說服謝采欣2,Say,イエホン･キュウ,22,君らのせいで皆、お終いだよ。そんな僕たちに、君たちの手伝いをしろってか！,
d0e81a4acd55cfac60c2aa1bec155c08.bundle,說服謝采欣2,Branch,#Simple,23,……,
d0e81a4acd55cfac60c2aa1bec155c08.bundle,說服謝采欣2,Say,イエホン･キュウ,23,よくもシンカに言えたものだよ……,
d0e81a4acd55cfac60c2aa1bec155c08.bundle,說服謝采欣2,Branch,#Simple,24,何のことだ？,
d0e81a4acd55cfac60c2aa1bec155c08.bundle,說服謝采欣2,Branch,#Simple,25,俺はただシュン･ゴの言葉を伝えただけだ。,
d0e81a4acd55cfac60c2aa1bec155c08.bundle,說服謝采欣2,Say,イエホン･キュウ,24,君はシンカがシュン･ゴを慕ってることをよく知ってる！,
d0e81a4acd55cfac60c2aa1bec155c08.bundle,說服謝采欣2,Say,イエホン･キュウ,25,君はそこにつけ込んで、シンカに、僕らを裏切らせようとしているんだ！,
d0e81a4acd55cfac60c2aa1bec155c08.bundle,說服謝采欣2,Say,イエホン･キュウ,26,君はシンカを利用しようとしているだけだ！,
d0e81a4acd55cfac60c2aa1bec155c08.bundle,說服謝采欣2,Branch,#Simple,26,俺はシンカの選択を尊重する。,
d0e81a4acd55cfac60c2aa1bec155c08.bundle,說服謝采欣2,Say,イエホン･キュウ,27,彼女に選択の自由なんてないよ。,
d0e81a4acd55cfac60c2aa1bec155c08.bundle,說服謝采欣2,Branch,#Simple,27,俺はただ、上から任された仕事をしているだけだ。,
d0e81a4acd55cfac60c2aa1bec155c08.bundle,說服謝采欣2,Say,イエホン･キュウ,28,じゃ、君は上から任された仕事なら何でもするのか？,
d0e81a4acd55cfac60c2aa1bec155c08.bundle,說服謝采欣2,Branch,#Simple,28,彼女を利用しているつもりはない。,
d0e81a4acd55cfac60c2aa1bec155c08.bundle,說服謝采欣2,Say,イエホン･キュウ,29,君にその意図はなくても、事実、そうだろう？,
d0e81a4acd55cfac60c2aa1bec155c08.bundle,說服謝采欣2,Branch,#Simple,29,……,
d0e81a4acd55cfac60c2aa1bec155c08.bundle,說服謝采欣2,Say,イエホン･キュウ,30,だんまりか？,
d0e81a4acd55cfac60c2aa1bec155c08.bundle,說服謝采欣2,Say,シンカ･シェ,28,ボーちゃん……,
d0e81a4acd55cfac60c2aa1bec155c08.bundle,說服謝采欣2,Say,シンカ･シェ,29,ボーちゃん！私は利用されていません。ジェイはただ……,
d0e81a4acd55cfac60c2aa1bec155c08.bundle,說服謝采欣2,Say,イエホン･キュウ,31,シンカは黙ってて、こいつはね……,
d0e81a4acd55cfac60c2aa1bec155c08.bundle,說服謝采欣2,Branch,#Simple,30,こいつは、何だ？,
d0e81a4acd55cfac60c2aa1bec155c08.bundle,說服謝采欣2,Say,イエホン･キュウ,32,クソッ……,
d0e81a4acd55cfac60c2aa1bec155c08.bundle,說服謝采欣2,Branch,#Simple,31,シンカの話しを遮らないでくれ。,
d0e81a4acd55cfac60c2aa1bec155c08.bundle,說服謝采欣2,Say,イエホン･キュウ,33,遮っていない、僕は……,
d0e81a4acd55cfac60c2aa1bec155c08.bundle,說服謝采欣2,Branch,#Simple,32,何に怒っているのかわからないな。,
d0e81a4acd55cfac60c2aa1bec155c08.bundle,說服謝采欣2,Say,イエホン･キュウ,34,ジェイ･ダイ、貴様……！？,
d0e81a4acd55cfac60c2aa1bec155c08.bundle,說服謝采欣2,Branch,#Simple,33,……,
d0e81a4acd55cfac60c2aa1bec155c08.bundle,說服謝采欣2,Say,シンカ･シェ,30,ボーちゃん！！！,
d0e81a4acd55cfac60c2aa1bec155c08.bundle,說服謝采欣2,Say,シンカ･シェ,31,話をさせてください！！！,
d0e81a4acd55cfac60c2aa1bec155c08.bundle,說服謝采欣2,Say,イエホン･キュウ,35,……,
d0e81a4acd55cfac60c2aa1bec155c08.bundle,說服謝采欣2,Say,心の声,5,シンカが大声をあげたところを初めて見た。,
d0e81a4acd55cfac60c2aa1bec155c08.bundle,說服謝采欣2,Say,シンカ･シェ,32,守ってくれるのは有り難いですが、これは頼まれた私が判断すべきことです！,
d0e81a4acd55cfac60c2aa1bec155c08.bundle,說服謝采欣2,Say,シンカ･シェ,33,私はあなたの考えが聞きたいだけで、代わりに判断してほしいとは言っていません！,
d0e81a4acd55cfac60c2aa1bec155c08.bundle,說服謝采欣2,Say,イエホン･キュウ,36,……,
d0e81a4acd55cfac60c2aa1bec155c08.bundle,說服謝采欣2,Say,シンカ･シェ,34,……,
d0e81a4acd55cfac60c2aa1bec155c08.bundle,說服謝采欣2,Say,シンカ･シェ,35,ご、ごめんなさい……,
d0e81a4acd55cfac60c2aa1bec155c08.bundle,說服謝采欣2,Say,イエホン･キュウ,37,え？え……？,
d0e81a4acd55cfac60c2aa1bec155c08.bundle,說服謝采欣2,Say,イエホン･キュウ,38,何でシンカが謝るの？,
d0e81a4acd55cfac60c2aa1bec155c08.bundle,說服謝采欣2,Say,シンカ･シェ,36,お、大声を上げてしまったので……,
d0e81a4acd55cfac60c2aa1bec155c08.bundle,說服謝采欣2,Say,イエホン･キュウ,39,ハハ、君って子は全く……,
d0e81a4acd55cfac60c2aa1bec155c08.bundle,說服謝采欣2,Say,イエホン･キュウ,40,……,
d0e81a4acd55cfac60c2aa1bec155c08.bundle,說服謝采欣2,Say,イエホン･キュウ,41,謝るのはこっちだよ。僕がただ勝手に怒っているだけだ……,
d0e81a4acd55cfac60c2aa1bec155c08.bundle,說服謝采欣2,Say,シンカ･シェ,37,わかっています。,
d0e81a4acd55cfac60c2aa1bec155c08.bundle,說服謝采欣2,Say,シンカ･シェ,38,……,
d0e81a4acd55cfac60c2aa1bec155c08.bundle,說服謝采欣2,Say,イエホン･キュウ,42,……,
d0e81a4acd55cfac60c2aa1bec155c08.bundle,說服謝采欣2,Say,心の声,6,どうなってるんだ……？,
d0e81a4acd55cfac60c2aa1bec155c08.bundle,說服謝采欣2,Say,シンカ･シェ,39,ジェイ。,
d0e81a4acd55cfac60c2aa1bec155c08.bundle,說服謝采欣2,Say,シンカ･シェ,40,私にはデータを渡す権限がありません。渡すにはチーフの同意が必要です。,
d0e81a4acd55cfac60c2aa1bec155c08.bundle,說服謝采欣2,Branch,#Simple,34,でも彼が同意するわけがない。,
d0e81a4acd55cfac60c2aa1bec155c08.bundle,說服謝采欣2,Say,シンカ･シェ,41,そうですね。,
d0e81a4acd55cfac60c2aa1bec155c08.bundle,說服謝采欣2,Branch,#Simple,35,じゃ、今すぐ彼に聞きに行こう。,
d0e81a4acd55cfac60c2aa1bec155c08.bundle,說服謝采欣2,Say,シンカ･シェ,42,彼は同意しません。,
d0e81a4acd55cfac60c2aa1bec155c08.bundle,說服謝采欣2,Say,イエホン･キュウ,43,考えなくてもわかることだよ。,
d0e81a4acd55cfac60c2aa1bec155c08.bundle,說服謝采欣2,Branch,#Simple,36,……,
d0e81a4acd55cfac60c2aa1bec155c08.bundle,說服謝采欣2,Say,シンカ･シェ,43,ちなみに、もし私が勝手にシュンさんにデータを渡した場合は……,
d0e81a4acd55cfac60c2aa1bec155c08.bundle,說服謝采欣2,Say,シンカ･シェ,44,選別組を裏切ることになる。違いますか？,
d0e81a4acd55cfac60c2aa1bec155c08.bundle,說服謝采欣2,Branch,#Simple,37,それはシンカの考え方による。,
d0e81a4acd55cfac60c2aa1bec155c08.bundle,說服謝采欣2,Say,シンカ･シェ,45,ならば、私はそれを裏切りだと判断します。,
d0e81a4acd55cfac60c2aa1bec155c08.bundle,說服謝采欣2,Branch,#Simple,38,確かに裏切りだ。,
d0e81a4acd55cfac60c2aa1bec155c08.bundle,說服謝采欣2,Say,シンカ･シェ,46,はい。,
d0e81a4acd55cfac60c2aa1bec155c08.bundle,說服謝采欣2,Branch,#Simple,39,俺はそれを裏切りだとは思わない。,
d0e81a4acd55cfac60c2aa1bec155c08.bundle,說服謝采欣2,Say,シンカ･シェ,47,私はそう思っています。,
d0e81a4acd55cfac60c2aa1bec155c08.bundle,說服謝采欣2,Say,心の声,7,有無を言わさない言い方だ。,
d0e81a4acd55cfac60c2aa1bec155c08.bundle,說服謝采欣2,Say,シンカ･シェ,48,それでも私が操作組に協力することを検討している理由は……,
d0e81a4acd55cfac60c2aa1bec155c08.bundle,說服謝采欣2,Say,シンカ･シェ,49,私が協力することで、選別組の皆の利益をシュンさんに保証してもらいたいからです。,
d0e81a4acd55cfac60c2aa1bec155c08.bundle,說服謝采欣2,Say,イエホン･キュウ,44,彼が僕たちを守るわけないだろう！,
d0e81a4acd55cfac60c2aa1bec155c08.bundle,說服謝采欣2,Branch,#Simple,40,利益の保証？,
d0e81a4acd55cfac60c2aa1bec155c08.bundle,說服謝采欣2,Say,シンカ･シェ,50,はい。工場閉鎖後の皆の利益を保証してほしいです。,
d0e81a4acd55cfac60c2aa1bec155c08.bundle,說服謝采欣2,Branch,#Simple,41,それはシュン･ゴに直接言うべきだと思います。,
d0e81a4acd55cfac60c2aa1bec155c08.bundle,說服謝采欣2,Say,シンカ･シェ,51,じゃ、シュンさんにここへ来るように言ってください。,
d0e81a4acd55cfac60c2aa1bec155c08.bundle,說服謝采欣2,Branch,#Simple,42,彼は選別組の皆のことも考えている。,
d0e81a4acd55cfac60c2aa1bec155c08.bundle,說服謝采欣2,Say,シンカ･シェ,52,考えているだけでは意味がありません。私は確固たる保証がほしい。,
d0e81a4acd55cfac60c2aa1bec155c08.bundle,說服謝采欣2,Say,シンカ･シェ,53,それに考えているだけでは、実際に何をしてくれるのかわかりません。,
d0e81a4acd55cfac60c2aa1bec155c08.bundle,說服謝采欣2,Say,シンカ･シェ,54,我々によって、工場閉鎖はもう決まったようなものです。,
d0e81a4acd55cfac60c2aa1bec155c08.bundle,說服謝采欣2,Say,イエホン･キュウ,45,この件で、選別組がどれだけ落ち込んでいるか……,
d0e81a4acd55cfac60c2aa1bec155c08.bundle,說服謝采欣2,Say,シンカ･シェ,55,……,
d0e81a4acd55cfac60c2aa1bec155c08.bundle,說服謝采欣2,Say,シンカ･シェ,56,工場閉鎖が止められないなら、せめて皆を守らないといけません！,
d0e81a4acd55cfac60c2aa1bec155c08.bundle,說服謝采欣2,Say,シンカ･シェ,57,工場閉鎖後の私たちの処遇について……,
d0e81a4acd55cfac60c2aa1bec155c08.bundle,說服謝采欣2,Say,シンカ･シェ,58,シュンさんから何か聞いていませんか？,
d0e81a4acd55cfac60c2aa1bec155c08.bundle,說服謝采欣2,Branch,#Simple,43,彼は選別組の一部を残して、後処理の部門を作ろうとしている。,
d0e81a4acd55cfac60c2aa1bec155c08.bundle,說服謝采欣2,Say,イエホン･キュウ,46,中途解約されたマイナーの事後処理のためでしょ？,
d0e81a4acd55cfac60c2aa1bec155c08.bundle,說服謝采欣2,Say,シンカ･シェ,59,一部って、どれくらいですか？,
d0e81a4acd55cfac60c2aa1bec155c08.bundle,說服謝采欣2,Say,心の声,8,確か2/3って言ってたな。,
d0e81a4acd55cfac60c2aa1bec155c08.bundle,說服謝采欣2,Branch,#Simple,44,2/3と言っていた。,
d0e81a4acd55cfac60c2aa1bec155c08.bundle,說服謝采欣2,Say,シンカ･シェ,60,つまり1/3は工場閉鎖後、職を失うことに……,
d0e81a4acd55cfac60c2aa1bec155c08.bundle,說服謝采欣2,Branch,#Simple,45,まだ決まっていないらしい。,
d0e81a4acd55cfac60c2aa1bec155c08.bundle,說服謝采欣2,Say,シンカ･シェ,61,じゃ、一部の人は工場閉鎖後、職を失うことに……,
d0e81a4acd55cfac60c2aa1bec155c08.bundle,說服謝采欣2,Say,イエホン･キュウ,47,職を失う彼らはそのままか？,
d0e81a4acd55cfac60c2aa1bec155c08.bundle,說服謝采欣2,Say,イエホン･キュウ,48,シュン･ゴは何もしてくれないのか？,
d0e81a4acd55cfac60c2aa1bec155c08.bundle,說服謝采欣2,Branch,#Simple,46,わからないが、選別組のために考えると言っていた。,
d0e81a4acd55cfac60c2aa1bec155c08.bundle,說服謝采欣2,Say,シンカ･シェ,62,具体的には何を？,
d0e81a4acd55cfac60c2aa1bec155c08.bundle,說服謝采欣2,Branch,#Simple,47,万象の中で次の就職先を探すと言っていた。,
d0e81a4acd55cfac60c2aa1bec155c08.bundle,說服謝采欣2,Say,イエホン･キュウ,49,それ本当？,
d0e81a4acd55cfac60c2aa1bec155c08.bundle,說服謝采欣2,Branch,#Simple,48,それはシュン･ゴに聞いてくれ。,
d0e81a4acd55cfac60c2aa1bec155c08.bundle,說服謝采欣2,Say,シンカ･シェ,63,……シュンさんなら、何か考えているはずです。,
d0e81a4acd55cfac60c2aa1bec155c08.bundle,說服謝采欣2,Branch,#Simple,49,細かいことは聞いていない。,
d0e81a4acd55cfac60c2aa1bec155c08.bundle,說服謝采欣2,Say,イエホン･キュウ,50,それじゃ、ただの計画だよ。何も保証なんてされない。,
d0e81a4acd55cfac60c2aa1bec155c08.bundle,說服謝采欣2,Branch,#Simple,50,そう言われても、俺にはどうにもできない。,
d0e81a4acd55cfac60c2aa1bec155c08.bundle,說服謝采欣2,Say,イエホン･キュウ,51,彼は僕たちのことなんて、これっぽっちも気にしていない。,
d0e81a4acd55cfac60c2aa1bec155c08.bundle,說服謝采欣2,Branch,#Simple,51,万象の中で次の就職先を探すと言っていた。,
d0e81a4acd55cfac60c2aa1bec155c08.bundle,說服謝采欣2,Say,イエホン･キュウ,52,それ本当？,
d0e81a4acd55cfac60c2aa1bec155c08.bundle,說服謝采欣2,Branch,#Simple,52,……,
d0e81a4acd55cfac60c2aa1bec155c08.bundle,說服謝采欣2,Say,イエホン･キュウ,53,何を根拠に信用しろと言うんだ？,
d0e81a4acd55cfac60c2aa1bec155c08.bundle,說服謝采欣2,Branch,#Simple,53,彼に敵意を向ける理由はないと思うが？,
d0e81a4acd55cfac60c2aa1bec155c08.bundle,說服謝采欣2,Say,イエホン･キュウ,54,理由はない……？,
d0e81a4acd55cfac60c2aa1bec155c08.bundle,說服謝采欣2,Say,イエホン･キュウ,55,君は操作組のやつらに洗脳されたのか？,
d0e81a4acd55cfac60c2aa1bec155c08.bundle,說服謝采欣2,Branch,#Simple,54,彼はこの件に対して、真面目に取り組んでいる。,
d0e81a4acd55cfac60c2aa1bec155c08.bundle,說服謝采欣2,Say,イエホン･キュウ,56,君はシュン･ゴの本性を見抜けないほど、バカになったのか？,
d0e81a4acd55cfac60c2aa1bec155c08.bundle,說服謝采欣2,Branch,#Simple,55,俺たちに他に選択肢なんてないだろ。,
d0e81a4acd55cfac60c2aa1bec155c08.bundle,說服謝采欣2,Say,イエホン･キュウ,57,俺たち？,
d0e81a4acd55cfac60c2aa1bec155c08.bundle,說服謝采欣2,Say,イエホン･キュウ,58,君はもう仲間じゃない！,
d0e81a4acd55cfac60c2aa1bec155c08.bundle,說服謝采欣2,Say,シンカ･シェ,64,ボーちゃん！,
d0e81a4acd55cfac60c2aa1bec155c08.bundle,說服謝采欣2,Say,シンカ･シェ,65,いい加減にして！,
d0e81a4acd55cfac60c2aa1bec155c08.bundle,說服謝采欣2,Say,イエホン･キュウ,59,フンッ！,
d0e81a4acd55cfac60c2aa1bec155c08.bundle,說服謝采欣2,Say,シンカ･シェ,66,ジェイ、話はわかりました。,
d0e81a4acd55cfac60c2aa1bec155c08.bundle,說服謝采欣2,Say,シンカ･シェ,67,シュンさんがちゃんと選別組のことを考えているなら、私もデータを渡します。,
d0e81a4acd55cfac60c2aa1bec155c08.bundle,說服謝采欣2,Branch,#Simple,56,でも、彼は失業者を出さないとは言っていなかった。,
d0e81a4acd55cfac60c2aa1bec155c08.bundle,說服謝采欣2,Say,シンカ･シェ,68,失業者を一切出さず……,
d0e81a4acd55cfac60c2aa1bec155c08.bundle,說服謝采欣2,Say,シンカ･シェ,69,完璧に解決できるとは私も思っていません……,
d0e81a4acd55cfac60c2aa1bec155c08.bundle,說服謝采欣2,Branch,#Simple,57,ありがとう。,
d0e81a4acd55cfac60c2aa1bec155c08.bundle,說服謝采欣2,Say,シンカ･シェ,70,私はただ、被害が最も少ない決断をしたいだけです。,
d0e81a4acd55cfac60c2aa1bec155c08.bundle,說服謝采欣2,Say,シンカ･シェ,71,シュンさんみたいに……,
d0e81a4acd55cfac60c2aa1bec155c08.bundle,說服謝采欣2,Branch,#Simple,58,……,
d0e81a4acd55cfac60c2aa1bec155c08.bundle,說服謝采欣2,Say,イエホン･キュウ,60,シンカ、本気！？,
d0e81a4acd55cfac60c2aa1bec155c08.bundle,說服謝采欣2,Say,シンカ･シェ,72,イーちゃんに言いたいなら好きにしてください。データを渡した後に私も話しに行きます。,
d0e81a4acd55cfac60c2aa1bec155c08.bundle,說服謝采欣2,Say,イエホン･キュウ,61,何で君は……,
d0e81a4acd55cfac60c2aa1bec155c08.bundle,說服謝采欣2,Say,シンカ･シェ,73,工場閉鎖はもう避けられません。私たちにできることは、被害を最小限に留めることです。,
d0e81a4acd55cfac60c2aa1bec155c08.bundle,說服謝采欣2,Say,シンカ･シェ,74,感情に任せて操作組の邪魔をしても、問題を複雑にさせるだけです。,
d0e81a4acd55cfac60c2aa1bec155c08.bundle,說服謝采欣2,Say,シンカ･シェ,75,……,
d0e81a4acd55cfac60c2aa1bec155c08.bundle,說服謝采欣2,Say,シンカ･シェ,76,ボーちゃん！返事は！,
d0e81a4acd55cfac60c2aa1bec155c08.bundle,說服謝采欣2,Say,イエホン･キュウ,62,わ、わかったよ！,
d0e81a4acd55cfac60c2aa1bec155c08.bundle,說服謝采欣2,Say,イエホン･キュウ,63,ちゃんとわかってるよ……,
d0e81a4acd55cfac60c2aa1bec155c08.bundle,說服謝采欣2,Say,イエホン･キュウ,64,シンカが正しいことくらい……,
d0e81a4acd55cfac60c2aa1bec155c08.bundle,說服謝采欣2,Say,イエホン･キュウ,65,……操作組への不満を優先して、マイナーたちを疎かにするのは間違っている。,
d0e81a4acd55cfac60c2aa1bec155c08.bundle,說服謝采欣2,Say,シンカ･シェ,77,じゃ、ジェイにも謝ってください！ジェイは何も悪いことはしていません！,
d0e81a4acd55cfac60c2aa1bec155c08.bundle,說服謝采欣2,Branch,#Simple,59,謝罪はいらないよ。,
d0e81a4acd55cfac60c2aa1bec155c08.bundle,說服謝采欣2,Branch,#Simple,60,……,
d0e81a4acd55cfac60c2aa1bec155c08.bundle,說服謝采欣2,Say,イエホン･キュウ,66,……ごめん。,
d0e81a4acd55cfac60c2aa1bec155c08.bundle,說服謝采欣2,Say,心の声,9,頑張って搾り出したような謝罪だ。,
d0e81a4acd55cfac60c2aa1bec155c08.bundle,說服謝采欣2,Say,シンカ･シェ,78,それは謝罪したことには入りません！,
d0e81a4acd55cfac60c2aa1bec155c08.bundle,說服謝采欣2,Say,イエホン･キュウ,67,え？,
d0e81a4acd55cfac60c2aa1bec155c08.bundle,說服謝采欣2,Say,シンカ･シェ,79,ちゃんと謝ってください！,
d0e81a4acd55cfac60c2aa1bec155c08.bundle,說服謝采欣2,Say,イエホン･キュウ,68,どうすればいいんだよ……,
d0e81a4acd55cfac60c2aa1bec155c08.bundle,說服謝采欣2,Say,シンカ･シェ,80,本心からの謝罪です！,
d0e81a4acd55cfac60c2aa1bec155c08.bundle,說服謝采欣2,Say,イエホン･キュウ,69,そんなの無理だよ。,
d0e81a4acd55cfac60c2aa1bec155c08.bundle,說服謝采欣2,Branch,#Simple,61,シンカ、俺はもう大丈夫だ。,
d0e81a4acd55cfac60c2aa1bec155c08.bundle,說服謝采欣2,Say,イエホン･キュウ,70,……,
d0e81a4acd55cfac60c2aa1bec155c08.bundle,說服謝采欣2,Branch,#Simple,62,そんなに俺のことが嫌いなのか？,
d0e81a4acd55cfac60c2aa1bec155c08.bundle,說服謝采欣2,Say,イエホン･キュウ,71,今はね！,
d0e81a4acd55cfac60c2aa1bec155c08.bundle,說服謝采欣2,Say,シンカ･シェ,81,ボーちゃん！,
d0e81a4acd55cfac60c2aa1bec155c08.bundle,說服謝采欣2,Branch,#Simple,63,俺が操作組に行っても、何も変わらないと言ってくれたのにか？,
d0e81a4acd55cfac60c2aa1bec155c08.bundle,說服謝采欣2,Say,イエホン･キュウ,72,……,
d0e81a4acd55cfac60c2aa1bec155c08.bundle,說服謝采欣2,Say,イエホン･キュウ,73,僕だってこんなの嫌だよ……,
d0e81a4acd55cfac60c2aa1bec155c08.bundle,說服謝采欣2,Say,イエホン･キュウ,74,でもわからないんだ。,
d0e81a4acd55cfac60c2aa1bec155c08.bundle,說服謝采欣2,Branch,#Simple,64,……,
d0e81a4acd55cfac60c2aa1bec155c08.bundle,說服謝采欣2,Say,イエホン･キュウ,75,どうしてなんだよ！,
d0e81a4acd55cfac60c2aa1bec155c08.bundle,說服謝采欣2,Say,イエホン･キュウ,76,シンカも、ジェイも……,
d0e81a4acd55cfac60c2aa1bec155c08.bundle,說服謝采欣2,Say,イエホン･キュウ,77,何で操作組の味方をするんだ！,
d0e81a4acd55cfac60c2aa1bec155c08.bundle,說服謝采欣2,Branch,#Simple,65,俺は誰の味方でもない。,
d0e81a4acd55cfac60c2aa1bec155c08.bundle,說服謝采欣2,Say,イエホン･キュウ,78,操作組を選んだなら、彼らの仲間だろう！,
d0e81a4acd55cfac60c2aa1bec155c08.bundle,說服謝采欣2,Branch,#Simple,66,操作組の中にだって、いろんな考えがある。,
d0e81a4acd55cfac60c2aa1bec155c08.bundle,說服謝采欣2,Say,イエホン･キュウ,79,でも結局は工場を閉鎖させたいだけだろう？,
d0e81a4acd55cfac60c2aa1bec155c08.bundle,說服謝采欣2,Branch,#Simple,67,操作組を選んだからって、彼らを無条件に支持しているわけじゃない。,
d0e81a4acd55cfac60c2aa1bec155c08.bundle,說服謝采欣2,Say,イエホン･キュウ,80,そうかもしれないけど……,
d0e81a4acd55cfac60c2aa1bec155c08.bundle,說服謝采欣2,Say,イエホン･キュウ,81,でも君だって、工場閉鎖に賛成してるだろう？,
d0e81a4acd55cfac60c2aa1bec155c08.bundle,說服謝采欣2,Branch,#Simple,68,彼らの方がセラーについて知っているからだ。,
d0e81a4acd55cfac60c2aa1bec155c08.bundle,說服謝采欣2,Say,イエホン･キュウ,82,そんなのはわかってるよ。,
d0e81a4acd55cfac60c2aa1bec155c08.bundle,說服謝采欣2,Say,イエホン･キュウ,83,でも彼らはこっちの状況をわかってないだろう？,
d0e81a4acd55cfac60c2aa1bec155c08.bundle,說服謝采欣2,Say,イエホン･キュウ,84,操作組は、まるで唯一の解決策が工場閉鎖だとでも言うように上から物を言う。,
d0e81a4acd55cfac60c2aa1bec155c08.bundle,說服謝采欣2,Say,イエホン･キュウ,85,そんなことをしたら、どれだけの影響が出るのか説明しても、彼らは聞く耳を持たない。,
d0e81a4acd55cfac60c2aa1bec155c08.bundle,說服謝采欣2,Say,イエホン･キュウ,86,そもそも、本当に工場を閉鎖させるしか方法はないのか？,
d0e81a4acd55cfac60c2aa1bec155c08.bundle,說服謝采欣2,Say,イエホン･キュウ,87,サイレントを残して、少しずつセラーを修理するのは無理なの？,
d0e81a4acd55cfac60c2aa1bec155c08.bundle,說服謝采欣2,Branch,#Simple,69,莫大な金が必要だとシュンが言っていた。,
d0e81a4acd55cfac60c2aa1bec155c08.bundle,說服謝采欣2,Say,イエホン･キュウ,88,そんなの彼には無理なだけだろ？,
d0e81a4acd55cfac60c2aa1bec155c08.bundle,說服謝采欣2,Say,イエホン･キュウ,89,他の誰かならできるかもしれないじゃん！,
d0e81a4acd55cfac60c2aa1bec155c08.bundle,說服謝采欣2,Branch,#Simple,70,それじゃ何の解決にもなっていない。,
d0e81a4acd55cfac60c2aa1bec155c08.bundle,說服謝采欣2,Say,イエホン･キュウ,90,……,
d0e81a4acd55cfac60c2aa1bec155c08.bundle,說服謝采欣2,Say,イエホン･キュウ,91,イーちゃんなら……,
d0e81a4acd55cfac60c2aa1bec155c08.bundle,說服謝采欣2,Branch,#Simple,71,じゃ、誰ならできると言うんだ？,
d0e81a4acd55cfac60c2aa1bec155c08.bundle,說服謝采欣2,Say,イエホン･キュウ,92,イ、イーちゃんなら……！,
d0e81a4acd55cfac60c2aa1bec155c08.bundle,說服謝采欣2,Say,シンカ･シェ,82,……,
d0e81a4acd55cfac60c2aa1bec155c08.bundle,說服謝采欣2,Say,イエホン･キュウ,93,イ、イーちゃんをなめるなよ！彼はこの件についてずっと考えてたんだ。,
d0e81a4acd55cfac60c2aa1bec155c08.bundle,說服謝采欣2,Say,イエホン･キュウ,94,彼だって、セラーの修理に金が必要なことくらいわかってる。でもシュン･ゴが彼の話を全然聞かないんだ。,
d0e81a4acd55cfac60c2aa1bec155c08.bundle,說服謝采欣2,Branch,#Simple,72,あの二人はこの件について話したことがないのか？,
d0e81a4acd55cfac60c2aa1bec155c08.bundle,說服謝采欣2,Say,イエホン･キュウ,95,僕の知る限りはね。だってシュン･ゴが聞く耳をもたないんだもん。,
d0e81a4acd55cfac60c2aa1bec155c08.bundle,說服謝采欣2,Say,イエホン･キュウ,96,イーちゃんが解決策を提案しようとしても、彼は聞こうともせずに全部断っていた。,
d0e81a4acd55cfac60c2aa1bec155c08.bundle,說服謝采欣2,Say,イエホン･キュウ,97,確かに僕はイーちゃんに肩入れしてるけどさ！,
d0e81a4acd55cfac60c2aa1bec155c08.bundle,說服謝采欣2,Say,イエホン･キュウ,98,元はといえば、シュン･ゴが偏屈なのが悪いよ！,
d0e81a4acd55cfac60c2aa1bec155c08.bundle,說服謝采欣2,Say,イエホン･キュウ,99,イーちゃんの話は全然聞かないし、協力する気なんて微塵も感じない！,
d0e81a4acd55cfac60c2aa1bec155c08.bundle,說服謝采欣2,Say,シンカ･シェ,83,……シュンさんらしいですよね。,
d0e81a4acd55cfac60c2aa1bec155c08.bundle,說服謝采欣2,Branch,#Simple,73,話を聞いても無駄だからじゃないか？,
d0e81a4acd55cfac60c2aa1bec155c08.bundle,說服謝采欣2,Branch,#Simple,74,……,
d0e81a4acd55cfac60c2aa1bec155c08.bundle,說服謝采欣2,Say,シンカ･シェ,84,何を言い合おうと、もう手遅れなんですよ。,
d0e81a4acd55cfac60c2aa1bec155c08.bundle,說服謝采欣2,Say,シンカ･シェ,85,……,
d0e81a4acd55cfac60c2aa1bec155c08.bundle,說服謝采欣2,Branch,#Simple,75,……,
d0e81a4acd55cfac60c2aa1bec155c08.bundle,說服謝采欣2,Branch,#Simple,76,間違いなく無理だ。それはセラーを見ればわかることなんだ。,
d0e81a4acd55cfac60c2aa1bec155c08.bundle,說服謝采欣2,Say,イエホン･キュウ,100,……,
d0e81a4acd55cfac60c2aa1bec155c08.bundle,說服謝采欣2,Say,イエホン･キュウ,101,確かに、君もシンカもセラーを見た後に考えが変わった……,
d0e81a4acd55cfac60c2aa1bec155c08.bundle,說服謝采欣2,Say,イエホン･キュウ,102,……,
d0e81a4acd55cfac60c2aa1bec155c08.bundle,說服謝采欣2,Say,イエホン･キュウ,103,あまりにも急過ぎるよ……,
d0e81a4acd55cfac60c2aa1bec155c08.bundle,說服謝采欣2,Say,イエホン･キュウ,104,僕たちだって、この工場を良くしたくてあんなに頑張ってきたのに、あんまりだよ……,
d0e81a4acd55cfac60c2aa1bec155c08.bundle,說服謝采欣2,Say,イエホン･キュウ,105,僕は……,
d0e81a4acd55cfac60c2aa1bec155c08.bundle,說服謝采欣2,Say,イエホン･キュウ,106,納得ができないんだ。,
d0e81a4acd55cfac60c2aa1bec155c08.bundle,說服謝采欣2,Say,イエホン･キュウ,107,ジェイのせいじゃないことくらいわかってる。ごめん……,
d0e81a4acd55cfac60c2aa1bec155c08.bundle,說服謝采欣2,Branch,#Simple,77,気にしないでくれ。ボーちゃんの気持ちはわかる。,
d0e81a4acd55cfac60c2aa1bec155c08.bundle,說服謝采欣2,Branch,#Simple,78,気にするな。,
d0e81a4acd55cfac60c2aa1bec155c08.bundle,說服謝采欣2,Say,イエホン･キュウ,108,うん……,
d0e81a4acd55cfac60c2aa1bec155c08.bundle,說服謝采欣2,Branch,#Simple,79,……,
d0e81a4acd55cfac60c2aa1bec155c08.bundle,說服謝采欣2,Say,イエホン･キュウ,109,……,
d0e81a4acd55cfac60c2aa1bec155c08.bundle,說服謝采欣2,Say,イエホン･キュウ,110,もうこれで決まりなのかな……,
d0e81a4acd55cfac60c2aa1bec155c08.bundle,說服謝采欣2,Branch,#Simple,80,決まり？,
d0e81a4acd55cfac60c2aa1bec155c08.bundle,說服謝采欣2,Say,イエホン･キュウ,111,閉鎖のことだよ。,
d0e81a4acd55cfac60c2aa1bec155c08.bundle,說服謝采欣2,Branch,#Simple,81,ああ。,
d0e81a4acd55cfac60c2aa1bec155c08.bundle,說服謝采欣2,Branch,#Simple,82,……,
d0e81a4acd55cfac60c2aa1bec155c08.bundle,說服謝采欣2,Say,イエホン･キュウ,112,もう僕たちには何もできないのかな。,
d0e81a4acd55cfac60c2aa1bec155c08.bundle,說服謝采欣2,Say,シンカ･シェ,86,そうですね……,
d0e81a4acd55cfac60c2aa1bec155c08.bundle,說服謝采欣2,Say,シンカ･シェ,87,これが、セラーで死人を出させない唯一の策です。,
d0e81a4acd55cfac60c2aa1bec155c08.bundle,說服謝采欣2,Say,イエホン･キュウ,113,そのせいで、何万人もの失業者が出るのに？,
d0e81a4acd55cfac60c2aa1bec155c08.bundle,說服謝采欣2,Say,イエホン･キュウ,114,供給で弱り果てたマイナーたちを勝手に追い出すのに？,
d0e81a4acd55cfac60c2aa1bec155c08.bundle,說服謝采欣2,Branch,#Simple,83,彼らは補償金をもらえる。,
d0e81a4acd55cfac60c2aa1bec155c08.bundle,說服謝采欣2,Say,イエホン･キュウ,115,そうは言っても、本来もらえるはずの金額より少ない。,
d0e81a4acd55cfac60c2aa1bec155c08.bundle,說服謝采欣2,Say,心の声,10,確かにそうだ。,
d0e81a4acd55cfac60c2aa1bec155c08.bundle,說服謝采欣2,Branch,#Simple,84,それでも、これ以上セラーで死人を出すわけにはいかない。,
d0e81a4acd55cfac60c2aa1bec155c08.bundle,說服謝采欣2,Say,イエホン･キュウ,116,そんなのわかってるよ。でも……,
d0e81a4acd55cfac60c2aa1bec155c08.bundle,說服謝采欣2,Branch,#Simple,85,確かに彼らには酷だが、他に手はない。,
d0e81a4acd55cfac60c2aa1bec155c08.bundle,說服謝采欣2,Branch,#Simple,86,……,
d0e81a4acd55cfac60c2aa1bec155c08.bundle,說服謝采欣2,Say,シンカ･シェ,88,これは必要悪です。,
d0e81a4acd55cfac60c2aa1bec155c08.bundle,說服謝采欣2,Say,シンカ･シェ,89,シュンさんなら、そう言うでしょうね。,
d0e81a4acd55cfac60c2aa1bec155c08.bundle,說服謝采欣2,Say,心の声,11,確かにそう言ってた。,
d0e81a4acd55cfac60c2aa1bec155c08.bundle,說服謝采欣2,Say,イエホン･キュウ,117,口で言うのは楽だよ……,
d0e81a4acd55cfac60c2aa1bec155c08.bundle,說服謝采欣2,Branch,#Simple,87,確かにシュン･ゴはあなたたちほど、他人のことを思いやっていないのかもしれない。,
d0e81a4acd55cfac60c2aa1bec155c08.bundle,說服謝采欣2,Say,シンカ･シェ,90,そうは思いません。,
d0e81a4acd55cfac60c2aa1bec155c08.bundle,說服謝采欣2,Branch,#Simple,88,彼は苦しんだ上で、この決断を下した。,
d0e81a4acd55cfac60c2aa1bec155c08.bundle,說服謝采欣2,Branch,#Simple,89,彼も大きなプレッシャーと責任を背負っている。,
d0e81a4acd55cfac60c2aa1bec155c08.bundle,說服謝采欣2,Branch,#Simple,90,……,
d0e81a4acd55cfac60c2aa1bec155c08.bundle,說服謝采欣2,Say,シンカ･シェ,91,必要悪だと自覚しているなら……,
d0e81a4acd55cfac60c2aa1bec155c08.bundle,說服謝采欣2,Say,シンカ･シェ,92,その責任も負わなければなりません。,
d0e81a4acd55cfac60c2aa1bec155c08.bundle,說服謝采欣2,Say,シンカ･シェ,93,この決定でどれだけの人に恨まれるかくらい、シュンさんもわかっています。それでも彼は決断した。,
d0e81a4acd55cfac60c2aa1bec155c08.bundle,說服謝采欣2,Say,シンカ･シェ,94,彼はちゃんと他人のことを考えています。,
d0e81a4acd55cfac60c2aa1bec155c08.bundle,說服謝采欣2,Say,シンカ･シェ,95,シュンさんがそれでも、この決断を下すのは、より大きな被害を防ぐためです。,
d0e81a4acd55cfac60c2aa1bec155c08.bundle,說服謝采欣2,Say,シンカ･シェ,96,彼も苦しんでいるはずです。,
d0e81a4acd55cfac60c2aa1bec155c08.bundle,說服謝采欣2,Say,イエホン･キュウ,118,……,
d0e81a4acd55cfac60c2aa1bec155c08.bundle,說服謝采欣2,Say,イエホン･キュウ,119,そんなにシュン･ゴを信じたいなら、僕も言うことはないよ。,
d0e81a4acd55cfac60c2aa1bec155c08.bundle,說服謝采欣2,Say,シンカ･シェ,97,ボーちゃん……,
d0e81a4acd55cfac60c2aa1bec155c08.bundle,說服謝采欣2,Say,イエホン･キュウ,120,だって僕は彼のことをよく知らない！その状態で、どうやって信じろって言うんだよ！,
d0e81a4acd55cfac60c2aa1bec155c08.bundle,說服謝采欣2,Say,シンカ･シェ,98,……そうでしたね。ごめんなさい。,
d0e81a4acd55cfac60c2aa1bec155c08.bundle,說服謝采欣2,Say,イエホン･キュウ,121,……,
d0e81a4acd55cfac60c2aa1bec155c08.bundle,說服謝采欣2,Say,イエホン･キュウ,122,でも君たちの話を聞いて、彼が自己中野郎じゃないことはわかった。,
d0e81a4acd55cfac60c2aa1bec155c08.bundle,說服謝采欣2,Say,イエホン･キュウ,123,僕は君たちを信じている。,
d0e81a4acd55cfac60c2aa1bec155c08.bundle,說服謝采欣2,Say,イエホン･キュウ,124,でも例え、シュン･ゴに対しての見方が変わったとしても……,
d0e81a4acd55cfac60c2aa1bec155c08.bundle,說服謝采欣2,Say,イエホン･キュウ,125,やっぱり工場閉鎖はクソみたいな考えだと思う！,
d0e81a4acd55cfac60c2aa1bec155c08.bundle,說服謝采欣2,Say,シンカ･シェ,99,……,
d0e81a4acd55cfac60c2aa1bec155c08.bundle,說服謝采欣2,Say,シンカ･シェ,100,ボーちゃん……,
d0e81a4acd55cfac60c2aa1bec155c08.bundle,說服謝采欣2,Say,イエホン･キュウ,126,僕はドリンクを買いに行く！今日は三缶飲んでやる！,
d0e81a4acd55cfac60c2aa1bec155c08.bundle,說服謝采欣2,Say,イエホン･キュウ,127,今日はクソみたいな一日だからね！,
d0e81a4acd55cfac60c2aa1bec155c08.bundle,說服謝采欣2,Say,シンカ･シェ,101,……,
d0e81a4acd55cfac60c2aa1bec155c08.bundle,說服謝采欣2,Say,シンカ･シェ,102,やはりすぐには受け入れてもらえませんね。,
d0e81a4acd55cfac60c2aa1bec155c08.bundle,說服謝采欣2,Branch,#Simple,91,他の選別組の人もそうだろうな。,
d0e81a4acd55cfac60c2aa1bec155c08.bundle,說服謝采欣2,Say,シンカ･シェ,103,……,
d0e81a4acd55cfac60c2aa1bec155c08.bundle,說服謝采欣2,Say,シンカ･シェ,104,ですね。,
d0e81a4acd55cfac60c2aa1bec155c08.bundle,說服謝采欣2,Branch,#Simple,92,彼が受け入れると思っていたのか？,
d0e81a4acd55cfac60c2aa1bec155c08.bundle,說服謝采欣2,Say,シンカ･シェ,105,そう願ってはいました。,
d0e81a4acd55cfac60c2aa1bec155c08.bundle,說服謝采欣2,Say,シンカ･シェ,106,残念です……,
d0e81a4acd55cfac60c2aa1bec155c08.bundle,說服謝采欣2,Branch,#Simple,93,これは彼自身の問題だから仕方ない。,
d0e81a4acd55cfac60c2aa1bec155c08.bundle,說服謝采欣2,Say,シンカ･シェ,107,ジェイ、気をつけてくださいね。,
d0e81a4acd55cfac60c2aa1bec155c08.bundle,說服謝采欣2,Say,シンカ･シェ,108,シュンさんと一緒にいすぎると、彼の考えに影響されるのは確かです。,
d0e81a4acd55cfac60c2aa1bec155c08.bundle,說服謝采欣2,Say,シンカ･シェ,109,時に、彼は物事を理性的に見過ぎている……,
d0e81a4acd55cfac60c2aa1bec155c08.bundle,說服謝采欣2,Say,シンカ･シェ,110,……,
d0e81a4acd55cfac60c2aa1bec155c08.bundle,說服謝采欣2,Say,シンカ･シェ,111,正直にお話すると、私もまだ完全には受け入れられていません……,
d0e81a4acd55cfac60c2aa1bec155c08.bundle,說服謝采欣2,Branch,#Simple,94,本当にシュン･ゴにデータを渡すのか？,
d0e81a4acd55cfac60c2aa1bec155c08.bundle,說服謝采欣2,Branch,#Simple,95,本当に選別組を裏切るのか？,
d0e81a4acd55cfac60c2aa1bec155c08.bundle,說服謝采欣2,Say,シンカ･シェ,112,裏切るわけじゃないって言ったのはジェイですよ！,
d0e81a4acd55cfac60c2aa1bec155c08.bundle,說服謝采欣2,Branch,#Simple,96,シンカがそう言ってたから。,
d0e81a4acd55cfac60c2aa1bec155c08.bundle,說服謝采欣2,Say,シンカ･シェ,113,確かに、私はこの行為は裏切りだと言いました……,
d0e81a4acd55cfac60c2aa1bec155c08.bundle,說服謝采欣2,Branch,#Simple,97,考えが変わったんだ。,
d0e81a4acd55cfac60c2aa1bec155c08.bundle,說服謝采欣2,Branch,#Simple,98,そこは重要じゃない。,
d0e81a4acd55cfac60c2aa1bec155c08.bundle,說服謝采欣2,Branch,#Simple,99,……,
d0e81a4acd55cfac60c2aa1bec155c08.bundle,說服謝采欣2,Say,シンカ･シェ,114,……,
d0e81a4acd55cfac60c2aa1bec155c08.bundle,說服謝采欣2,Say,シンカ･シェ,115,後ほど私からシュンさんにデータを送ります。つまりジェイの任務は終了です。,
d0e81a4acd55cfac60c2aa1bec155c08.bundle,說服謝采欣2,Branch,#Simple,100,シュンはシンカ自身に選択してほしいと言っていたが、本当にこれで良かったのか？,
d0e81a4acd55cfac60c2aa1bec155c08.bundle,說服謝采欣2,Say,シンカ･シェ,116,……,
d0e81a4acd55cfac60c2aa1bec155c08.bundle,說服謝采欣2,Say,シンカ･シェ,117,彼は本当にそう言っていたのですか？,
d0e81a4acd55cfac60c2aa1bec155c08.bundle,說服謝采欣2,Branch,#Simple,101,ああ。シンカの選択を尊重すると言っていた。,
d0e81a4acd55cfac60c2aa1bec155c08.bundle,說服謝采欣2,Branch,#Simple,102,ああ、無理やり説得はせず、判断をシンカに任せてほしいと言われた。,
d0e81a4acd55cfac60c2aa1bec155c08.bundle,說服謝采欣2,Say,シンカ･シェ,118,……そうですか。,
d0e81a4acd55cfac60c2aa1bec155c08.bundle,說服謝采欣2,Branch,#Simple,103,後で後悔はしないか？,
d0e81a4acd55cfac60c2aa1bec155c08.bundle,說服謝采欣2,Say,シンカ･シェ,119,しないと思います。,
d0e81a4acd55cfac60c2aa1bec155c08.bundle,說服謝采欣2,Branch,#Simple,104,……,
d0e81a4acd55cfac60c2aa1bec155c08.bundle,說服謝采欣2,Say,シンカ･シェ,120,ジェイ、もう大丈夫です。,
d0e81a4acd55cfac60c2aa1bec155c08.bundle,說服謝采欣2,Branch,#Simple,105,わかった。じゃ、またな。,
d0e81a4acd55cfac60c2aa1bec155c08.bundle,說服謝采欣2,Say,シンカ･シェ,121,はい。,
d0e81a4acd55cfac60c2aa1bec155c08.bundle,說服謝采欣2,Branch,#Simple,106,シンカは戻らないのか？,
d0e81a4acd55cfac60c2aa1bec155c08.bundle,說服謝采欣2,Say,シンカ･シェ,122,私はもう少しここにいます。,
d0e81a4acd55cfac60c2aa1bec155c08.bundle,說服謝采欣2,Branch,#Simple,107,わかった。,
d0e81a4acd55cfac60c2aa1bec155c08.bundle,說服謝采欣2,Branch,#Simple,108,どうかしたのか？,
d0e81a4acd55cfac60c2aa1bec155c08.bundle,說服謝采欣2,Say,シンカ･シェ,123,……,
d0e81a4acd55cfac60c2aa1bec155c08.bundle,說服謝采欣2,Say,シンカ･シェ,124,私……,
d0e81a4acd55cfac60c2aa1bec155c08.bundle,說服謝采欣2,Say,シンカ･シェ,125,私、シュンさんを悪い人だとは思っていません。,
d0e81a4acd55cfac60c2aa1bec155c08.bundle,說服謝采欣2,Branch,#Simple,109,それがどうしたんだ？,
d0e81a4acd55cfac60c2aa1bec155c08.bundle,說服謝采欣2,Branch,#Simple,110,ああ。,
d0e81a4acd55cfac60c2aa1bec155c08.bundle,說服謝采欣2,Branch,#Simple,111,……,
d0e81a4acd55cfac60c2aa1bec155c08.bundle,說服謝采欣2,Say,シンカ･シェ,126,でも彼のやり方は、時に多くの人を傷つけます。,
d0e81a4acd55cfac60c2aa1bec155c08.bundle,說服謝采欣2,Say,シンカ･シェ,127,彼はそれを理性的な判断だとか、選択のチャンスは与えてるだとか言ったりしますが……,
d0e81a4acd55cfac60c2aa1bec155c08.bundle,說服謝采欣2,Say,シンカ･シェ,128,当事者の気持ちを本当には考えていません。むしろどうでもいいとさえ、思っています。,
d0e81a4acd55cfac60c2aa1bec155c08.bundle,說服謝采欣2,Say,シンカ･シェ,129,その考えに悪意があるわけではありませんが……,
d0e81a4acd55cfac60c2aa1bec155c08.bundle,說服謝采欣2,Say,シンカ･シェ,130,……そのような扱いをされた側は、とても辛いです。,
d0e81a4acd55cfac60c2aa1bec155c08.bundle,說服謝采欣2,Branch,#Simple,112,何が言いたいのかよくわからない。,
d0e81a4acd55cfac60c2aa1bec155c08.bundle,說服謝采欣2,Branch,#Simple,113,それは今のシンカの現状を言っているのか？,
d0e81a4acd55cfac60c2aa1bec155c08.bundle,說服謝采欣2,Branch,#Simple,114,言いたいことは理解できる。,
d0e81a4acd55cfac60c2aa1bec155c08.bundle,說服謝采欣2,Say,シンカ･シェ,131,……はい。,
d0e81a4acd55cfac60c2aa1bec155c08.bundle,說服謝采欣2,Branch,#Simple,115,……,
d0e81a4acd55cfac60c2aa1bec155c08.bundle,說服謝采欣2,Say,シンカ･シェ,132,彼は私の性格や考えを知っています。そして私が選別組を裏切れば、彼らから嫌われ、責められることもです。,
d0e81a4acd55cfac60c2aa1bec155c08.bundle,說服謝采欣2,Say,シンカ･シェ,133,また私が必ずデータを渡すことも知っています。,
d0e81a4acd55cfac60c2aa1bec155c08.bundle,說服謝采欣2,Branch,#Simple,116,あなたが我々から悪者にされると知りながらも、彼はあなたに協力を求めた。,
d0e81a4acd55cfac60c2aa1bec155c08.bundle,說服謝采欣2,Say,シンカ･シェ,134,でも彼にとっては、それが正しいことであり、必要なことだからです。,
d0e81a4acd55cfac60c2aa1bec155c08.bundle,說服謝采欣2,Say,シンカ･シェ,135,すべて彼のせいとは言いません。,
d0e81a4acd55cfac60c2aa1bec155c08.bundle,說服謝采欣2,Branch,#Simple,117,シュンにどうしてほしいんだ？,
d0e81a4acd55cfac60c2aa1bec155c08.bundle,說服謝采欣2,Branch,#Simple,118,……,
d0e81a4acd55cfac60c2aa1bec155c08.bundle,說服謝采欣2,Branch,#Simple,119,彼はどうすればよかったんだ？,
d0e81a4acd55cfac60c2aa1bec155c08.bundle,說服謝采欣2,Say,シンカ･シェ,136,それは……,
d0e81a4acd55cfac60c2aa1bec155c08.bundle,說服謝采欣2,Say,心の声,12,おそらく、聞かれるとは思っていなかったんだろう……,
d0e81a4acd55cfac60c2aa1bec155c08.bundle,說服謝采欣2,Say,シンカ･シェ,137,……,
d0e81a4acd55cfac60c2aa1bec155c08.bundle,說服謝采欣2,Say,シンカ･シェ,138,謝ってほしいです。,
d0e81a4acd55cfac60c2aa1bec155c08.bundle,說服謝采欣2,Say,シンカ･シェ,139,私をこんな難しい立場に立たせたことを、謝ってほしい。,
d0e81a4acd55cfac60c2aa1bec155c08.bundle,說服謝采欣2,Say,シンカ･シェ,140,そして私は……,
d0e81a4acd55cfac60c2aa1bec155c08.bundle,說服謝采欣2,Say,シンカ･シェ,141,あなたは正しいことをしているだけで、あなたのせいではないと伝えます。,
d0e81a4acd55cfac60c2aa1bec155c08.bundle,說服謝采欣2,Say,シンカ･シェ,142,それだけですね。,
d0e81a4acd55cfac60c2aa1bec155c08.bundle,說服謝采欣2,Say,心の声,13,シンカが諦めたように笑った。,
d0e81a4acd55cfac60c2aa1bec155c08.bundle,說服謝采欣2,Branch,#Simple,120,……,
d0e81a4acd55cfac60c2aa1bec155c08.bundle,說服謝采欣2,Say,シンカ･シェ,143,正しいことだから、人を傷つけても仕方がない……,
d0e81a4acd55cfac60c2aa1bec155c08.bundle,說服謝采欣2,Say,シンカ･シェ,144,シュンさんはずっとそう思っているでしょうね。,
d0e81a4acd55cfac60c2aa1bec155c08.bundle,說服謝采欣2,Say,シンカ･シェ,145,私が操作組の仕事に興味を持っていながらも、選別組に残り続けているのもそれが理由です。,
d0e81a4acd55cfac60c2aa1bec155c08.bundle,說服謝采欣2,Say,シンカ･シェ,146,選別組の皆はとても良くしてくれますから。,
d0e81a4acd55cfac60c2aa1bec155c08.bundle,說服謝采欣2,Say,シンカ･シェ,147,ここはとても暖かいです。チーフがあの性格ですからね。,
d0e81a4acd55cfac60c2aa1bec155c08.bundle,說服謝采欣2,Say,シンカ･シェ,148,……,
d0e81a4acd55cfac60c2aa1bec155c08.bundle,說服謝采欣2,Say,シンカ･シェ,149,ですからチーフが今、どれほど落ち込んでいるかも想像できます。,
d0e81a4acd55cfac60c2aa1bec155c08.bundle,說服謝采欣2,Say,シンカ･シェ,150,彼はシュンさんと協力しようと、あんなにも頑張っていたのに……,
d0e81a4acd55cfac60c2aa1bec155c08.bundle,說服謝采欣2,Say,シンカ･シェ,151,ハハ……でも人生なんてそんなものですよね！すべてが順風満帆にはいきません。,
d0e81a4acd55cfac60c2aa1bec155c08.bundle,說服謝采欣2,Say,シンカ･シェ,152,……,
d0e81a4acd55cfac60c2aa1bec155c08.bundle,說服謝采欣2,Say,シンカ･シェ,153,ごめんなさい、たくさん語ってしまって。,
d0e81a4acd55cfac60c2aa1bec155c08.bundle,說服謝采欣2,Branch,#Simple,121,いや、むしろ話してくれて嬉しかった。,
d0e81a4acd55cfac60c2aa1bec155c08.bundle,說服謝采欣2,Say,シンカ･シェ,154,……,
d0e81a4acd55cfac60c2aa1bec155c08.bundle,說服謝采欣2,Say,シンカ･シェ,155,ありがとうございます。,
d0e81a4acd55cfac60c2aa1bec155c08.bundle,說服謝采欣2,Say,シンカ･シェ,156,ジェイは優しいですね。,
d0e81a4acd55cfac60c2aa1bec155c08.bundle,說服謝采欣2,Say,シンカ･シェ,157,あなたは選別組に来るべきです。こっちの方が性に合っていると思います。,
d0e81a4acd55cfac60c2aa1bec155c08.bundle,說服謝采欣2,Say,シンカ･シェ,158,とは言っても、選別組はもうすぐで解散しますけどね……,
d0e81a4acd55cfac60c2aa1bec155c08.bundle,說服謝采欣2,Say,シンカ･シェ,159,……,
d0e81a4acd55cfac60c2aa1bec155c08.bundle,說服謝采欣2,Branch,#Simple,122,気にするな。,
d0e81a4acd55cfac60c2aa1bec155c08.bundle,說服謝采欣2,Say,シンカ･シェ,160,はい、ありがとうございます。,
d0e81a4acd55cfac60c2aa1bec155c08.bundle,說服謝采欣2,Branch,#Simple,123,……,
d0e81a4acd55cfac60c2aa1bec155c08.bundle,說服謝采欣2,Say,シンカ･シェ,161,思っていたことが吐き出せて、少しすっきりしました。,
d0e81a4acd55cfac60c2aa1bec155c08.bundle,說服謝采欣2,Say,シンカ･シェ,162,でも、私はもう少しここにいようと思います。,
d0e81a4acd55cfac60c2aa1bec155c08.bundle,說服謝采欣2,Say,心の声,14,……,
d0e81a4acd55cfac60c2aa1bec155c08.bundle,說服謝采欣2,Say,シンカ･シェ,163,また話しましょう、ジェイ。,
d0e81a4acd55cfac60c2aa1bec155c08.bundle,說服謝采欣2,Branch,#Simple,124,……,
d0e81a4acd55cfac60c2aa1bec155c08.bundle,說服謝采欣2,Branch,#Simple,125,……,
d0e81a4acd55cfac60c2aa1bec155c08.bundle,說服謝采欣2,Say,シンカ･シェ,164,じゃあ、また。,
d0e81a4acd55cfac60c2aa1bec155c08.bundle,說服謝采欣2,Branch,#Simple,126,ああ。,
d0e81a4acd55cfac60c2aa1bec155c08.bundle,說服謝采欣2,Branch,#Simple,127,イーちゃんは大丈夫だと思うか？,
d0e81a4acd55cfac60c2aa1bec155c08.bundle,說服謝采欣2,Say,シンカ･シェ,165,チーフですか……？,
d0e81a4acd55cfac60c2aa1bec155c08.bundle,說服謝采欣2,Say,シンカ･シェ,166,彼は怒ってもいますが、どっちらかというと悲しんでますね……,
d0e81a4acd55cfac60c2aa1bec155c08.bundle,說服謝采欣2,Say,シンカ･シェ,167,誰も、彼に言葉をかけられませんでした……,
d0e81a4acd55cfac60c2aa1bec155c08.bundle,說服謝采欣2,Say,シンカ･シェ,168,一人で考えたいと言って、どこかに言ってしまいましたし。,
d0e81a4acd55cfac60c2aa1bec155c08.bundle,說服謝采欣2,Say,シンカ･シェ,169,……彼を心配しているのですか？,
d0e81a4acd55cfac60c2aa1bec155c08.bundle,說服謝采欣2,Branch,#Simple,128,ああ。,
d0e81a4acd55cfac60c2aa1bec155c08.bundle,說服謝采欣2,Branch,#Simple,129,さっき彼と会った時は、かなり落ち込んでいた。,
d0e81a4acd55cfac60c2aa1bec155c08.bundle,說服謝采欣2,Say,シンカ･シェ,170,そうですか……,
d0e81a4acd55cfac60c2aa1bec155c08.bundle,說服謝采欣2,Say,シンカ･シェ,171,……,
d0e81a4acd55cfac60c2aa1bec155c08.bundle,說服謝采欣2,Say,シンカ･シェ,172,これに関しては、誰のせいでもないことは分かっていますが…,
d0e81a4acd55cfac60c2aa1bec155c08.bundle,說服謝采欣2,Say,シンカ･シェ,173,悔しく思えてしまいます……,
d0e81a4acd55cfac60c2aa1bec155c08.bundle,說服謝采欣2,Say,シンカ･シェ,174,……,
d0e81a4acd55cfac60c2aa1bec155c08.bundle,說服謝采欣2,Say,シンカ･シェ,175,悔しいと感じるだけで、私には何もできませんけど。,
d0e81a4acd55cfac60c2aa1bec155c08.bundle,說服謝采欣2,Say,シンカ･シェ,176,……では、ジェイ,
d0e81a4acd55cfac60c2aa1bec155c08.bundle,說服謝采欣2,Say,シンカ･シェ,177,また。,
d0e81a4acd55cfac60c2aa1bec155c08.bundle,說服謝采欣2,Branch,#Simple,130,ああ。,
d0e81a4acd55cfac60c2aa1bec155c08.bundle,說服謝采欣2,Branch,#Simple,131,……,
d0e81a4acd55cfac60c2aa1bec155c08.bundle,說服謝采欣2,Branch,#Simple,132,……,
d0e81a4acd55cfac60c2aa1bec155c08.bundle,說服阿緯2,Say,イー･テイ,0,……,
d0e81a4acd55cfac60c2aa1bec155c08.bundle,說服阿緯2,Say,心の声,0,ここからじゃ、表情が見えない……,
d0e81a4acd55cfac60c2aa1bec155c08.bundle,說服阿緯2,Say,イー･テイ,1,……大丈夫、さっきよりは大分落ち着いたから。,
d0e81a4acd55cfac60c2aa1bec155c08.bundle,說服阿緯2,Say,イー･テイ,2,ここで冷たい風に当ったおかげで、少しすっきりした。,
d0e81a4acd55cfac60c2aa1bec155c08.bundle,說服阿緯2,Say,イー･テイ,3,溢れかえりそうだった怒りも……,
d0e81a4acd55cfac60c2aa1bec155c08.bundle,說服阿緯2,Say,イー･テイ,4,無力感に変わった。,
d0e81a4acd55cfac60c2aa1bec155c08.bundle,說服阿緯2,Say,イー･テイ,5,……,
d0e81a4acd55cfac60c2aa1bec155c08.bundle,說服阿緯2,Say,イー･テイ,6,まずは謝らせて。,
d0e81a4acd55cfac60c2aa1bec155c08.bundle,說服阿緯2,Say,イー･テイ,7,さっき廊下で会った時、僕は君に……,
d0e81a4acd55cfac60c2aa1bec155c08.bundle,說服阿緯2,Say,イー･テイ,8,酷いことを言った。,
d0e81a4acd55cfac60c2aa1bec155c08.bundle,說服阿緯2,Say,イー･テイ,9,あれは本心じゃない。すまなかった。,
d0e81a4acd55cfac60c2aa1bec155c08.bundle,說服阿緯2,Branch,#Simple,0,気にしないでください。,
d0e81a4acd55cfac60c2aa1bec155c08.bundle,說服阿緯2,Say,イー･テイ,10,ありがとう。,
d0e81a4acd55cfac60c2aa1bec155c08.bundle,說服阿緯2,Branch,#Simple,1,あの時はかなり驚きました。,
d0e81a4acd55cfac60c2aa1bec155c08.bundle,說服阿緯2,Say,イー･テイ,11,ハハ……,
d0e81a4acd55cfac60c2aa1bec155c08.bundle,說服阿緯2,Branch,#Simple,2,……,
d0e81a4acd55cfac60c2aa1bec155c08.bundle,說服阿緯2,Say,イー･テイ,12,……,
d0e81a4acd55cfac60c2aa1bec155c08.bundle,說服阿緯2,Say,イー･テイ,13,ジェイ、僕はどうすればいいのかな？,
d0e81a4acd55cfac60c2aa1bec155c08.bundle,說服阿緯2,Say,イー･テイ,14,もう、何をすべきかわからない……,
d0e81a4acd55cfac60c2aa1bec155c08.bundle,說服阿緯2,Branch,#Simple,3,何も考えつかない？,
d0e81a4acd55cfac60c2aa1bec155c08.bundle,說服阿緯2,Say,イー･テイ,15,そう言ってるだろ……,
d0e81a4acd55cfac60c2aa1bec155c08.bundle,說服阿緯2,Say,イー･テイ,16,ジェイってば、慰めるの下手でしょ？,
d0e81a4acd55cfac60c2aa1bec155c08.bundle,說服阿緯2,Say,イー･テイ,17,ハハハ……,
d0e81a4acd55cfac60c2aa1bec155c08.bundle,說服阿緯2,Say,イー･テイ,18,ふぅ……,
d0e81a4acd55cfac60c2aa1bec155c08.bundle,說服阿緯2,Branch,#Simple,4,今日くらい、早めに帰って休んだらどうですか？,
d0e81a4acd55cfac60c2aa1bec155c08.bundle,說服阿緯2,Say,イー･テイ,19,良い提案だね。,
d0e81a4acd55cfac60c2aa1bec155c08.bundle,說服阿緯2,Say,イー･テイ,20,ゆっくりお風呂に浸かって、それからビールを飲んで……,
d0e81a4acd55cfac60c2aa1bec155c08.bundle,說服阿緯2,Branch,#Simple,5,考えすぎるのもよくないと思います。,
d0e81a4acd55cfac60c2aa1bec155c08.bundle,說服阿緯2,Say,イー･テイ,21,そう思って僕も、ここへ風に当たりに来たんだ。,
d0e81a4acd55cfac60c2aa1bec155c08.bundle,說服阿緯2,Say,イー･テイ,22,あまり効果はないようだけどね……,
d0e81a4acd55cfac60c2aa1bec155c08.bundle,說服阿緯2,Say,イー･テイ,23,……,
d0e81a4acd55cfac60c2aa1bec155c08.bundle,說服阿緯2,Say,イー･テイ,24,……,
d0e81a4acd55cfac60c2aa1bec155c08.bundle,說服阿緯2,Say,イー･テイ,25,どうしてもこの件について考えるのを……,
d0e81a4acd55cfac60c2aa1bec155c08.bundle,說服阿緯2,Say,イー･テイ,26,やめられない。,
d0e81a4acd55cfac60c2aa1bec155c08.bundle,說服阿緯2,Say,イー･テイ,27,なんでこんなことになったんだろう。,
d0e81a4acd55cfac60c2aa1bec155c08.bundle,說服阿緯2,Say,イー･テイ,28,僕は早くからこの計画を立て、準備していた。,
d0e81a4acd55cfac60c2aa1bec155c08.bundle,說服阿緯2,Say,イー･テイ,29,サイレントを閉鎖させず、セラーで死傷者を出さない計画を。,
d0e81a4acd55cfac60c2aa1bec155c08.bundle,說服阿緯2,Branch,#Simple,6,その計画をシュン･ゴに話しましたか？,
d0e81a4acd55cfac60c2aa1bec155c08.bundle,說服阿緯2,Say,イー･テイ,30,もちろん話したさ。,
d0e81a4acd55cfac60c2aa1bec155c08.bundle,說服阿緯2,Say,イー･テイ,31,君は今の彼をよく知ってるよね？,
d0e81a4acd55cfac60c2aa1bec155c08.bundle,說服阿緯2,Say,イー･テイ,32,正直に答えてほしいんだけど、彼は僕の意見に耳を傾けてくれると思う？,
d0e81a4acd55cfac60c2aa1bec155c08.bundle,說服阿緯2,Say,心の声,1,素人が考えそうな幻想だと言うだろうな。,
d0e81a4acd55cfac60c2aa1bec155c08.bundle,說服阿緯2,Branch,#Simple,7,計画があるなら、なぜ行動に移さないのですか？,
d0e81a4acd55cfac60c2aa1bec155c08.bundle,說服阿緯2,Say,イー･テイ,33,それは操作組の協力が必要だからだよ。,
d0e81a4acd55cfac60c2aa1bec155c08.bundle,說服阿緯2,Branch,#Simple,8,……,
d0e81a4acd55cfac60c2aa1bec155c08.bundle,說服阿緯2,Say,イー･テイ,34,僕が思うに、セラーを最初から完全に修理する必要はないと思う。,
d0e81a4acd55cfac60c2aa1bec155c08.bundle,說服阿緯2,Say,イー･テイ,35,事故を防止するだけなら、僕たちはセラーをもう少し計画的に使えばいいだけの話だ。,
d0e81a4acd55cfac60c2aa1bec155c08.bundle,說服阿緯2,Say,イー･テイ,36,現状セラーには、まだ空きがある。供給者を他のエリアに移動できるはずだよ。,
d0e81a4acd55cfac60c2aa1bec155c08.bundle,說服阿緯2,Say,イー･テイ,37,だったら、設備がまだ良好なエリアに供給者を集中させ、故障しているエリアの設備を優先的に修理すればいい。,
d0e81a4acd55cfac60c2aa1bec155c08.bundle,說服阿緯2,Say,イー･テイ,38,もちろん、それをするとサイレントの効率は更に下がり、利益も減るだろうね。,
d0e81a4acd55cfac60c2aa1bec155c08.bundle,說服阿緯2,Say,イー･テイ,39,でも、それを万象の上層部に納得させる方法を考えればいいだけの話しだ。,
d0e81a4acd55cfac60c2aa1bec155c08.bundle,說服阿緯2,Say,イー･テイ,40,そうすれば、死傷者を出さずにサイレントを維持できるはずだよ。,
d0e81a4acd55cfac60c2aa1bec155c08.bundle,說服阿緯2,Branch,#Simple,9,利益のない案を上層部が同意するでしょうか？,
d0e81a4acd55cfac60c2aa1bec155c08.bundle,說服阿緯2,Say,イー･テイ,41,彼らが重視しているのは利益だけじゃない。,
d0e81a4acd55cfac60c2aa1bec155c08.bundle,說服阿緯2,Branch,#Simple,10,シュン･ゴはこの計画を聞いて、賛同しなかったんですか？,
d0e81a4acd55cfac60c2aa1bec155c08.bundle,說服阿緯2,Say,イー･テイ,42,彼は、利益が下がるような案を万象の上層部は受け入れないと言って取り合ってくれなかった。,
d0e81a4acd55cfac60c2aa1bec155c08.bundle,說服阿緯2,Say,イー･テイ,43,むしろ、実現不可能な方法を提案して……,
d0e81a4acd55cfac60c2aa1bec155c08.bundle,說服阿緯2,Say,イー･テイ,44,時間稼ぎをするつもりじゃないかと疑われたよ。,
d0e81a4acd55cfac60c2aa1bec155c08.bundle,說服阿緯2,Say,イー･テイ,45,彼は知らないんだ……,
d0e81a4acd55cfac60c2aa1bec155c08.bundle,說服阿緯2,Branch,#Simple,11,……,
d0e81a4acd55cfac60c2aa1bec155c08.bundle,說服阿緯2,Say,イー･テイ,46,万象の上層部は複数人いる。,
d0e81a4acd55cfac60c2aa1bec155c08.bundle,說服阿緯2,Say,イー･テイ,47,それが取締役会なんだ。,
d0e81a4acd55cfac60c2aa1bec155c08.bundle,說服阿緯2,Branch,#Simple,12,でも取締役会は工場閉鎖に賛成していました。私たちと話した人がそう言ってました。,
d0e81a4acd55cfac60c2aa1bec155c08.bundle,說服阿緯2,Say,イー･テイ,48,でも、その人だけだろう？,
d0e81a4acd55cfac60c2aa1bec155c08.bundle,說服阿緯2,Say,イー･テイ,49,実際、サイレントに干渉をしてきてるのはその人だけのはずだ。,
d0e81a4acd55cfac60c2aa1bec155c08.bundle,說服阿緯2,Branch,#Simple,13,つまり、取締役会の内部にもサイレントを存続させたい人がいると？,
d0e81a4acd55cfac60c2aa1bec155c08.bundle,說服阿緯2,Say,イー･テイ,50,そう！鋭いね！,
d0e81a4acd55cfac60c2aa1bec155c08.bundle,說服阿緯2,Branch,#Simple,14,……,
d0e81a4acd55cfac60c2aa1bec155c08.bundle,說服阿緯2,Say,イー･テイ,51,君たちが会った取締役以外にも……,
d0e81a4acd55cfac60c2aa1bec155c08.bundle,說服阿緯2,Say,イー･テイ,52,サイレントの存続を望んでいる取締役がいるはずだ。,
d0e81a4acd55cfac60c2aa1bec155c08.bundle,說服阿緯2,Branch,#Simple,15,でもサイレントの利益は右肩下がりですよね？,
d0e81a4acd55cfac60c2aa1bec155c08.bundle,說服阿緯2,Say,イー･テイ,53,そうだけど……,
d0e81a4acd55cfac60c2aa1bec155c08.bundle,說服阿緯2,Branch,#Simple,16,はず？,
d0e81a4acd55cfac60c2aa1bec155c08.bundle,說服阿緯2,Say,イー･テイ,54,僕の話を最後まで聞いてほしい。,
d0e81a4acd55cfac60c2aa1bec155c08.bundle,說服阿緯2,Branch,#Simple,17,……,
d0e81a4acd55cfac60c2aa1bec155c08.bundle,說服阿緯2,Say,イー･テイ,55,万象が欲しいのは金だけじゃない、権力もだ。,
d0e81a4acd55cfac60c2aa1bec155c08.bundle,說服阿緯2,Say,イー･テイ,56,サイレントは技術の古さから、演算力供給の効率を上げられない。,
d0e81a4acd55cfac60c2aa1bec155c08.bundle,說服阿緯2,Say,イー･テイ,57,でも、供給者の収容数は万象の演算工場の中でもトップだ。,
d0e81a4acd55cfac60c2aa1bec155c08.bundle,說服阿緯2,Say,イー･テイ,58,だから、今まで以上に失業者を受け入れれば、もっと多くの失業者を救える。,
d0e81a4acd55cfac60c2aa1bec155c08.bundle,說服阿緯2,Branch,#Simple,18,取締役がそんな利益のないことをするとは思えません。,
d0e81a4acd55cfac60c2aa1bec155c08.bundle,說服阿緯2,Say,イー･テイ,59,利益はあるよ。見えないだけでね。,
d0e81a4acd55cfac60c2aa1bec155c08.bundle,說服阿緯2,Branch,#Simple,19,サイレントを残し続ければ、多くのコストが発生します。,
d0e81a4acd55cfac60c2aa1bec155c08.bundle,說服阿緯2,Say,イー･テイ,60,ああ、でもそれと引き換えに……,
d0e81a4acd55cfac60c2aa1bec155c08.bundle,說服阿緯2,Say,イー･テイ,61,もっと大事なものを手に入れられる。,
d0e81a4acd55cfac60c2aa1bec155c08.bundle,說服阿緯2,Branch,#Simple,20,……,
d0e81a4acd55cfac60c2aa1bec155c08.bundle,說服阿緯2,Say,イー･テイ,62,近年の万象は発展が止まりつつある状況だ。その窮地から脱却するには、政府とより良い関係を築く必要がある。,
d0e81a4acd55cfac60c2aa1bec155c08.bundle,說服阿緯2,Say,イー･テイ,63,だから今の万象が必要なのは利益ではなく、権力なんだ。,
d0e81a4acd55cfac60c2aa1bec155c08.bundle,說服阿緯2,Say,イー･テイ,64,だからサイレントで失業者を受け入れ、失業率を下げることで、政府への影響力を手にできる。,
d0e81a4acd55cfac60c2aa1bec155c08.bundle,說服阿緯2,Say,イー･テイ,65,失業率が下がれば政治家も、国民から指示を得ることができる。,
d0e81a4acd55cfac60c2aa1bec155c08.bundle,說服阿緯2,Branch,#Simple,21,だから政治家も失業率を下げるために、万象に便宜を図ってくれるはずだ……,
d0e81a4acd55cfac60c2aa1bec155c08.bundle,說服阿緯2,Say,イー･テイ,66,そうだ。,
d0e81a4acd55cfac60c2aa1bec155c08.bundle,說服阿緯2,Branch,#Simple,22,なるほど。,
d0e81a4acd55cfac60c2aa1bec155c08.bundle,說服阿緯2,Branch,#Simple,23,……,
d0e81a4acd55cfac60c2aa1bec155c08.bundle,說服阿緯2,Say,イー･テイ,67,それにこの案は、コストもそんなに高くならないはずだ。,
d0e81a4acd55cfac60c2aa1bec155c08.bundle,說服阿緯2,Say,イー･テイ,68,確かにサイレントの演算力供給は効率が低く、利益を上げられないけど、自給自足はできる。,
d0e81a4acd55cfac60c2aa1bec155c08.bundle,說服阿緯2,Say,イー･テイ,69,それとこれが一番のポイントだ。,
d0e81a4acd55cfac60c2aa1bec155c08.bundle,說服阿緯2,Say,イー･テイ,70,シュン･ゴはいつも修理予算が下りるわけがないと言ってるよね？,
d0e81a4acd55cfac60c2aa1bec155c08.bundle,說服阿緯2,Say,イー･テイ,71,でもサイレントの失業者の受け入れが、政治的影響力を獲得できる材料だと示せれば……,
d0e81a4acd55cfac60c2aa1bec155c08.bundle,說服阿緯2,Say,イー･テイ,72,取締役会から予算が下りるかもしれない。,
d0e81a4acd55cfac60c2aa1bec155c08.bundle,說服阿緯2,Branch,#Simple,24,そんなに上手くいくでしょうか？,
d0e81a4acd55cfac60c2aa1bec155c08.bundle,說服阿緯2,Say,イー･テイ,73,可能性は非常に高いと思うよ。,
d0e81a4acd55cfac60c2aa1bec155c08.bundle,說服阿緯2,Branch,#Simple,25,取締役がそんな簡単に、あなたの考えに同意するとは思えません。,
d0e81a4acd55cfac60c2aa1bec155c08.bundle,說服阿緯2,Say,イー･テイ,74,多くは言えないけど、僕は取締役会の中に存続派がいることを知っている。,
d0e81a4acd55cfac60c2aa1bec155c08.bundle,說服阿緯2,Say,イー･テイ,75,閉鎖派ほど目立った動きはしていないけど、彼らも彼らなりにサイレントに干渉している。,
d0e81a4acd55cfac60c2aa1bec155c08.bundle,說服阿緯2,Say,イー･テイ,76,彼らは突破口を欲しがっている。僕ならその突破口になれるはずだ。,
d0e81a4acd55cfac60c2aa1bec155c08.bundle,說服阿緯2,Branch,#Simple,26,……,
d0e81a4acd55cfac60c2aa1bec155c08.bundle,說服阿緯2,Say,心の声,2,かなり自信があるようだが、もしかしたらいけるのか……？,
d0e81a4acd55cfac60c2aa1bec155c08.bundle,說服阿緯2,Branch,#Simple,27,これをシュン･ゴにも話しましたか？,
d0e81a4acd55cfac60c2aa1bec155c08.bundle,說服阿緯2,Say,イー･テイ,77,最後まで話を聞いてくれたことは一度もなかったね。,
d0e81a4acd55cfac60c2aa1bec155c08.bundle,說服阿緯2,Say,イー･テイ,78,彼が僕の言葉に耳を傾けたことは一度もない。,
d0e81a4acd55cfac60c2aa1bec155c08.bundle,說服阿緯2,Say,イー･テイ,79,彼が言うには、僕の考えはただの机上の空論で、聞くに値しないらしい。,
d0e81a4acd55cfac60c2aa1bec155c08.bundle,說服阿緯2,Branch,#Simple,28,ならその計画を実現させて、見返してやればいいのでは？,
d0e81a4acd55cfac60c2aa1bec155c08.bundle,說服阿緯2,Say,イー･テイ,80,この計画を進めるにはシュンの協力が必要なんだ。,
d0e81a4acd55cfac60c2aa1bec155c08.bundle,說服阿緯2,Say,イー･テイ,81,僕一人じゃ、取締役を説得できない。,
d0e81a4acd55cfac60c2aa1bec155c08.bundle,說服阿緯2,Say,イー･テイ,82,それに僕は存続派の取締役が誰なのかをまだ知らない……,
d0e81a4acd55cfac60c2aa1bec155c08.bundle,說服阿緯2,Branch,#Simple,29,……,
d0e81a4acd55cfac60c2aa1bec155c08.bundle,說服阿緯2,Say,イー･テイ,83,でも今更こんなことを考えたってしょうがない。,
d0e81a4acd55cfac60c2aa1bec155c08.bundle,說服阿緯2,Say,イー･テイ,84,シュンが成功しちゃったし、僕にはもう時間がない。,
d0e81a4acd55cfac60c2aa1bec155c08.bundle,說服阿緯2,Say,イー･テイ,85,……,
d0e81a4acd55cfac60c2aa1bec155c08.bundle,說服阿緯2,Say,イー･テイ,86,……,
d0e81a4acd55cfac60c2aa1bec155c08.bundle,說服阿緯2,Say,イー･テイ,87,自分の計画を誰かに話したからかな、なんだかすっきりしたよ。,
d0e81a4acd55cfac60c2aa1bec155c08.bundle,說服阿緯2,Say,イー･テイ,88,悔しさも少しは薄れた気がする。,
d0e81a4acd55cfac60c2aa1bec155c08.bundle,說服阿緯2,Say,イー･テイ,89,……,
d0e81a4acd55cfac60c2aa1bec155c08.bundle,說服阿緯2,Say,イー･テイ,90,ジェイ、君はもう戻りな。,
d0e81a4acd55cfac60c2aa1bec155c08.bundle,說服阿緯2,Say,イー･テイ,91,僕にはもう何もできない。,
d0e81a4acd55cfac60c2aa1bec155c08.bundle,說服阿緯2,Say,イー･テイ,92,操作組を選んでよかったね。,
d0e81a4acd55cfac60c2aa1bec155c08.bundle,說服阿緯2,Say,イー･テイ,93,こっちを選んでいたら、就職して早々、失業者になるところだったよ。,
d0e81a4acd55cfac60c2aa1bec155c08.bundle,說服阿緯2,Say,イー･テイ,94,……,
d0e81a4acd55cfac60c2aa1bec155c08.bundle,說服阿緯2,Say,イー･テイ,95,じゃ、またね。,
d0e81a4acd55cfac60c2aa1bec155c08.bundle,說服阿緯2,Branch,#Simple,30,はい。,
d0e81a4acd55cfac60c2aa1bec155c08.bundle,說服阿緯2,Branch,#Simple,31,もう一度シュン･ゴと話してみてはどうですか？,
d0e81a4acd55cfac60c2aa1bec155c08.bundle,說服阿緯2,Branch,#Simple,32,……,
d0e81a4acd55cfac60c2aa1bec155c08.bundle,說服阿緯2,Say,イー･テイ,96,……,
d0e81a4acd55cfac60c2aa1bec155c08.bundle,說服阿緯2,Say,イー･テイ,97,嫌だ。僕にはもう無理だよ。,
d0e81a4acd55cfac60c2aa1bec155c08.bundle,說服阿緯2,Say,イー･テイ,98,もう疲れたんだ。,
d0e81a4acd55cfac60c2aa1bec155c08.bundle,說服阿緯2,Say,イー･テイ,99,もう彼の傲慢に付き合うのはこりごりなんだ。,
d0e81a4acd55cfac60c2aa1bec155c08.bundle,說服阿緯2,Say,イー･テイ,100,彼は人を馬鹿にしたいだけの自己中野郎だよ。,
d0e81a4acd55cfac60c2aa1bec155c08.bundle,說服阿緯2,Say,イー･テイ,101,それに今の彼は報告書の作成で忙しいだろう？僕の話なんかに耳を傾けないよ。,
d0e81a4acd55cfac60c2aa1bec155c08.bundle,說服阿緯2,Branch,#Simple,33,シュン･ゴだって無闇に工場を閉鎖させたいわけではありません。大きなプレッシャーと戦っています。,
d0e81a4acd55cfac60c2aa1bec155c08.bundle,說服阿緯2,Say,イー･テイ,102,プレッシャーを感じているから、僕の意見に耳を傾けるの？,
d0e81a4acd55cfac60c2aa1bec155c08.bundle,說服阿緯2,Branch,#Simple,34,あなたに他の解決策があるなら、彼は真剣に聞いてくれると思います。,
d0e81a4acd55cfac60c2aa1bec155c08.bundle,說服阿緯2,Branch,#Simple,35,今の彼なら、話を聞いてくれると思います。,
d0e81a4acd55cfac60c2aa1bec155c08.bundle,說服阿緯2,Say,イー･テイ,103,どうして？彼は以前からも大きなプレッシャーを感じていただろう？,
d0e81a4acd55cfac60c2aa1bec155c08.bundle,說服阿緯2,Branch,#Simple,36,今回のことで、工場閉鎖にのしかかかるプレッシャーを本当の意味で理解したと思います。,
d0e81a4acd55cfac60c2aa1bec155c08.bundle,說服阿緯2,Branch,#Simple,37,話し合えるのはこれで最後です。今なら彼もあなたの意見にも耳を傾けるはずです。,
d0e81a4acd55cfac60c2aa1bec155c08.bundle,說服阿緯2,Branch,#Simple,38,諦めるのですか？,
d0e81a4acd55cfac60c2aa1bec155c08.bundle,說服阿緯2,Say,イー･テイ,104,僕は……,
d0e81a4acd55cfac60c2aa1bec155c08.bundle,說服阿緯2,Say,イー･テイ,105,僕は十分頑張った。,
d0e81a4acd55cfac60c2aa1bec155c08.bundle,說服阿緯2,Branch,#Simple,39,まだです。まだ頑張る余地はあります。,
d0e81a4acd55cfac60c2aa1bec155c08.bundle,說服阿緯2,Branch,#Simple,40,まだチャンスがあります。,
d0e81a4acd55cfac60c2aa1bec155c08.bundle,說服阿緯2,Say,イー･テイ,106,僕は……,
d0e81a4acd55cfac60c2aa1bec155c08.bundle,說服阿緯2,Branch,#Simple,41,……,
d0e81a4acd55cfac60c2aa1bec155c08.bundle,說服阿緯2,Say,イー･テイ,107,……,
d0e81a4acd55cfac60c2aa1bec155c08.bundle,說服阿緯2,Say,心の声,3,葛藤しているようだ。,
d0e81a4acd55cfac60c2aa1bec155c08.bundle,說服阿緯2,Say,イー･テイ,108,……,
d0e81a4acd55cfac60c2aa1bec155c08.bundle,說服阿緯2,Branch,#Simple,42,彼に他の可能性を気づかせてあげられるのは、あなただけです。,
d0e81a4acd55cfac60c2aa1bec155c08.bundle,說服阿緯2,Branch,#Simple,43,イー･テイ。あなたなら、今からでもすべてをひっくり返せます。,
d0e81a4acd55cfac60c2aa1bec155c08.bundle,說服阿緯2,Branch,#Simple,44,……,
d0e81a4acd55cfac60c2aa1bec155c08.bundle,說服阿緯2,Say,イー･テイ,109,……,
d0e81a4acd55cfac60c2aa1bec155c08.bundle,說服阿緯2,Say,イー･テイ,110,クソッ……,
d0e81a4acd55cfac60c2aa1bec155c08.bundle,說服阿緯2,Say,イー･テイ,111,確かに君の言う通りだ。もう一度シュンと話してくるよ。,
d0e81a4acd55cfac60c2aa1bec155c08.bundle,說服阿緯2,Say,イー･テイ,112,……これは僕の役目だ。,
d0e81a4acd55cfac60c2aa1bec155c08.bundle,說服阿緯2,Say,イー･テイ,113,まだチャンスはある。諦めるのはまだ早い……,
d0e81a4acd55cfac60c2aa1bec155c08.bundle,說服阿緯2,Say,イー･テイ,114,今までみたいに門前払いされないことを祈るよ……,
d0e81a4acd55cfac60c2aa1bec155c08.bundle,說服阿緯2,Say,イー･テイ,115,……,
d0e81a4acd55cfac60c2aa1bec155c08.bundle,說服阿緯2,Say,イー･テイ,116,ありがとうね、ジェイ。,
d0e81a4acd55cfac60c2aa1bec155c08.bundle,說服阿緯2,Say,イー･テイ,117,もしここで諦めたら、絶対に後で後悔する。,
d0e81a4acd55cfac60c2aa1bec155c08.bundle,說服阿緯2,Say,イー･テイ,118,君のおかげで後悔せずに済む……,
d0e81a4acd55cfac60c2aa1bec155c08.bundle,說服阿緯2,Branch,#Simple,45,そんなことはいいから、早くシュン･ゴのところに行ってあげてください。,
d0e81a4acd55cfac60c2aa1bec155c08.bundle,說服阿緯2,Say,イー･テイ,119,ハハ、わかったよ。,
d0e81a4acd55cfac60c2aa1bec155c08.bundle,說服阿緯2,Branch,#Simple,46,どういたしまして。,
d0e81a4acd55cfac60c2aa1bec155c08.bundle,說服阿緯2,Branch,#Simple,47,……,
d0e81a4acd55cfac60c2aa1bec155c08.bundle,說服阿緯2,Say,イー･テイ,120,……,
d0e81a4acd55cfac60c2aa1bec155c08.bundle,說服阿緯2,Say,イー･テイ,121,今すぐ会いに行きたいから、一応連絡しとこう。,
d0e81a4acd55cfac60c2aa1bec155c08.bundle,說服阿緯2,Branch,#Simple,48,待ってください。今すぐにですか？,
d0e81a4acd55cfac60c2aa1bec155c08.bundle,說服阿緯2,Say,イー･テイ,122,彼はもう取締役や執行官と話したんだろう？,
d0e81a4acd55cfac60c2aa1bec155c08.bundle,說服阿緯2,Branch,#Simple,49,何を話すつもりですか？,
d0e81a4acd55cfac60c2aa1bec155c08.bundle,說服阿緯2,Say,イー･テイ,123,わからない。,
d0e81a4acd55cfac60c2aa1bec155c08.bundle,說服阿緯2,Say,イー･テイ,124,でも今度こそ、僕の計画を全部聞かせてやる。,
d0e81a4acd55cfac60c2aa1bec155c08.bundle,說服阿緯2,Branch,#Simple,50,……,
d0e81a4acd55cfac60c2aa1bec155c08.bundle,說服阿緯2,Say,イー･テイ,125,手遅れになる前に、彼と話さないとね。,
d0e81a4acd55cfac60c2aa1bec155c08.bundle,說服阿緯2,Say,イー･テイ,126,……,
d0e81a4acd55cfac60c2aa1bec155c08.bundle,說服阿緯2,Say,イー･テイ,127,正直な話、僕がシュンと話したところで違う結果になるとは思っていない。,
d0e81a4acd55cfac60c2aa1bec155c08.bundle,說服阿緯2,Say,イー･テイ,128,でも約束する。今度こそ、全ての手を尽くしてでも、彼に僕の計画を聞かせる……,
d0e81a4acd55cfac60c2aa1bec155c08.bundle,說服阿緯2,Branch,#Simple,51,約束はいりません。信じていますから。,
d0e81a4acd55cfac60c2aa1bec155c08.bundle,說服阿緯2,Say,イー･テイ,129,うん！,
d0e81a4acd55cfac60c2aa1bec155c08.bundle,說服阿緯2,Branch,#Simple,52,今度こそ大丈夫です。,
d0e81a4acd55cfac60c2aa1bec155c08.bundle,說服阿緯2,Say,イー･テイ,130,そうだといいけどね。,
d0e81a4acd55cfac60c2aa1bec155c08.bundle,說服阿緯2,Branch,#Simple,53,きっと大丈夫ですよ！,
d0e81a4acd55cfac60c2aa1bec155c08.bundle,說服阿緯2,Say,イー･テイ,131,ハハ、ならいいけど……,
d0e81a4acd55cfac60c2aa1bec155c08.bundle,說服阿緯2,Branch,#Simple,54,……,
d0e81a4acd55cfac60c2aa1bec155c08.bundle,說服阿緯2,Branch,#Simple,55,……,
d0e81a4acd55cfac60c2aa1bec155c08.bundle,說服阿緯2,Say,イー･テイ,132,じゃ行こうか。,
d0e81a4acd55cfac60c2aa1bec155c08.bundle,說服阿緯2,Say,イー･テイ,133,今度こそ、ラストチャンスだ。,
d0e81a4acd55cfac60c2aa1bec155c08.bundle,等待嚴勝和來,Say,リン･テイ,0,ジェイ……,
d0e81a4acd55cfac60c2aa1bec155c08.bundle,等待嚴勝和來,Say,リン･テイ,1,これはすごく重要よ。,
d0e81a4acd55cfac60c2aa1bec155c08.bundle,等待嚴勝和來,Branch,#Simple,0,今からの話し合いのことか？,
d0e81a4acd55cfac60c2aa1bec155c08.bundle,等待嚴勝和來,Say,リン･テイ,2,うん。,
d0e81a4acd55cfac60c2aa1bec155c08.bundle,等待嚴勝和來,Branch,#Simple,1,どうなると思う？,
d0e81a4acd55cfac60c2aa1bec155c08.bundle,等待嚴勝和來,Say,リン･テイ,3,……,
d0e81a4acd55cfac60c2aa1bec155c08.bundle,等待嚴勝和來,Say,リン･テイ,4,わからない。,
d0e81a4acd55cfac60c2aa1bec155c08.bundle,等待嚴勝和來,Branch,#Simple,2,……,
d0e81a4acd55cfac60c2aa1bec155c08.bundle,等待嚴勝和來,Say,リン･テイ,5,でもどっちに転ぼうと、この工場、そして関わっている数十万人の運命が大きく変わる。,
d0e81a4acd55cfac60c2aa1bec155c08.bundle,等待嚴勝和來,Branch,#Simple,3,プレッシャーで押しつぶされそうだ……,
d0e81a4acd55cfac60c2aa1bec155c08.bundle,等待嚴勝和來,Say,リン･テイ,6,え！？そ、そんなつもりで言ったんじゃないからね……！,
d0e81a4acd55cfac60c2aa1bec155c08.bundle,等待嚴勝和來,Branch,#Simple,4,わかってるよ。,
d0e81a4acd55cfac60c2aa1bec155c08.bundle,等待嚴勝和來,Branch,#Simple,5,……,
d0e81a4acd55cfac60c2aa1bec155c08.bundle,等待嚴勝和來,Say,リン･テイ,7,ごめん、急にこんなことを言って。,
d0e81a4acd55cfac60c2aa1bec155c08.bundle,等待嚴勝和來,Say,リン･テイ,8,……今は待つしかないね。,
d0e81a4acd55cfac60c2aa1bec155c08.bundle,等待嚴勝和來,Say,心の声,0,待つ、か……,
d0e81a4acd55cfac60c2aa1bec155c08.bundle,等待嚴勝和來,Say,心の声,1,どれくらいかかるかもわからない。,
d0e81a4acd55cfac60c2aa1bec155c08.bundle,等待嚴勝和來,Say,心の声,2,……,
d0e81a4acd55cfac60c2aa1bec155c08.bundle,等待嚴勝和來,Say,心の声,3,俺にやれることはすべてやった。後はイー･テイとシュン･ゴに任せるしかない……,
d0e81a4acd55cfac60c2aa1bec155c08.bundle,等待嚴勝和來,Say,心の声,4,俺は結局、シンカを説得できなかった……,
d0e81a4acd55cfac60c2aa1bec155c08.bundle,等待嚴勝和來,Say,心の声,5,選別組のデータは手に入れられなかったが、そんなに影響はないはずだ……,
d0e81a4acd55cfac60c2aa1bec155c08.bundle,等待嚴勝和來,Say,心の声,6,俺は結局、ジュジュを説得できなかった……,
d0e81a4acd55cfac60c2aa1bec155c08.bundle,等待嚴勝和來,Say,心の声,7,操作組のデータは手に入れられなかったが、そんなに影響はないはずだ……,
d0e81a4acd55cfac60c2aa1bec155c08.bundle,等待嚴勝和來,Say,心の声,8,今は待つしかない……,
d0e81a4acd55cfac60c2aa1bec155c08.bundle,俊恩抵達2,Say,シュン･ゴ,0,はぁ……,
d0e81a4acd55cfac60c2aa1bec155c08.bundle,俊恩抵達2,Say,シュン･ゴ,1,私、緊張してましたか？,
d0e81a4acd55cfac60c2aa1bec155c08.bundle,俊恩抵達2,Say,心の声,0,……は？,
d0e81a4acd55cfac60c2aa1bec155c08.bundle,俊恩抵達2,Say,心の声,1,かなり冷静に見えたが……,
d0e81a4acd55cfac60c2aa1bec155c08.bundle,俊恩抵達2,Branch,#Simple,0,かなり冷静に見えましたよ。,
d0e81a4acd55cfac60c2aa1bec155c08.bundle,俊恩抵達2,Say,シュン･ゴ,2,そうですか。ならいいです。,
d0e81a4acd55cfac60c2aa1bec155c08.bundle,俊恩抵達2,Branch,#Simple,1,緊張してたんですか？,
d0e81a4acd55cfac60c2aa1bec155c08.bundle,俊恩抵達2,Say,シュン･ゴ,3,はい、おそらくは。,
d0e81a4acd55cfac60c2aa1bec155c08.bundle,俊恩抵達2,Say,シュン･ゴ,4,でも指摘されなかったので、執行官にもそうは見えなかったはずです。,
d0e81a4acd55cfac60c2aa1bec155c08.bundle,俊恩抵達2,Say,シュン･ゴ,5,ついにやりましたね。,
d0e81a4acd55cfac60c2aa1bec155c08.bundle,俊恩抵達2,Say,シュン･ゴ,6,これでやっとサイレントを閉鎖し、皆を助けられる……,
d0e81a4acd55cfac60c2aa1bec155c08.bundle,俊恩抵達2,Say,シュン･ゴ,7,……,
d0e81a4acd55cfac60c2aa1bec155c08.bundle,俊恩抵達2,Say,心の声,2,震えている……？,
d0e81a4acd55cfac60c2aa1bec155c08.bundle,俊恩抵達2,Say,シュン･ゴ,8,……,
d0e81a4acd55cfac60c2aa1bec155c08.bundle,俊恩抵達2,Branch,#Simple,2,どうしました？,
d0e81a4acd55cfac60c2aa1bec155c08.bundle,俊恩抵達2,Branch,#Simple,3,……,
d0e81a4acd55cfac60c2aa1bec155c08.bundle,俊恩抵達2,Say,シュン･ゴ,9,安心したら、急にどうすればいいかわからなくなっただけです……,
d0e81a4acd55cfac60c2aa1bec155c08.bundle,俊恩抵達2,Say,シュン･ゴ,10,変な感じですね……,
d0e81a4acd55cfac60c2aa1bec155c08.bundle,俊恩抵達2,Say,シュン･ゴ,11,ふぅ、まだ仕事は山ほど残っています。,
d0e81a4acd55cfac60c2aa1bec155c08.bundle,俊恩抵達2,Say,シュン･ゴ,12,操作組の皆には手伝ってもらわないといけません！,
d0e81a4acd55cfac60c2aa1bec155c08.bundle,俊恩抵達2,Say,シュン･ゴ,13,もちろんあなたにもです、ジェイ。,
d0e81a4acd55cfac60c2aa1bec155c08.bundle,俊恩抵達2,Say,シュン･ゴ,14,これからもよろしくお願いしますね。,
d0e81a4acd55cfac60c2aa1bec155c08.bundle,俊恩抵達2,Branch,#Simple,4,皆ならきっと頑張ってくれますよ。,
d0e81a4acd55cfac60c2aa1bec155c08.bundle,俊恩抵達2,Say,シュン･ゴ,15,はい、私もそう思います。,
d0e81a4acd55cfac60c2aa1bec155c08.bundle,俊恩抵達2,Branch,#Simple,5,これから大変ですね。,
d0e81a4acd55cfac60c2aa1bec155c08.bundle,俊恩抵達2,Say,シュン･ゴ,16,ええ。だからこそ、今まで以上に真剣に取り組む必要があります。,
d0e81a4acd55cfac60c2aa1bec155c08.bundle,俊恩抵達2,Branch,#Simple,6,……,
d0e81a4acd55cfac60c2aa1bec155c08.bundle,俊恩抵達2,Say,心の声,3,シュン･ゴが笑った。,
d0e81a4acd55cfac60c2aa1bec155c08.bundle,俊恩抵達2,Say,シュン･ゴ,17,私たちの目標は決して手が届かないものではありません。,
d0e81a4acd55cfac60c2aa1bec155c08.bundle,俊恩抵達2,Say,シュン･ゴ,18,一歩一歩、確実に計画を進めていけば、きっと上手くいきます。,
d0e81a4acd55cfac60c2aa1bec155c08.bundle,俊恩抵達2,Say,シュン･ゴ,19,ですが今日はもう休みましょう。,
d0e81a4acd55cfac60c2aa1bec155c08.bundle,俊恩抵達2,Say,シュン･ゴ,20,操作組の皆にもそう伝えます。,
d0e81a4acd55cfac60c2aa1bec155c08.bundle,俊恩抵達2,Say,シュン･ゴ,21,集まってくれた皆を早く帰してあげないといけませんからね。,
d0e81a4acd55cfac60c2aa1bec155c08.bundle,俊恩抵達2,Say,シュン･ゴ,22,……,
d0e81a4acd55cfac60c2aa1bec155c08.bundle,俊恩抵達2,Say,シュン･ゴ,23,では、私はオフィスに戻ります。,
d0e81a4acd55cfac60c2aa1bec155c08.bundle,俊恩抵達2,Say,シュン･ゴ,24,ジェイはもう少しここで待っててください。,
d0e81a4acd55cfac60c2aa1bec155c08.bundle,俊恩抵達2,Say,シュン･ゴ,25,……,
d0e81a4acd55cfac60c2aa1bec155c08.bundle,俊恩抵達2,Say,シュン･ゴ,26,……,
d0e81a4acd55cfac60c2aa1bec155c08.bundle,俊恩抵達2,Say,シュン･ゴ,27,失敗しましたね。,
d0e81a4acd55cfac60c2aa1bec155c08.bundle,俊恩抵達2,Branch,#Simple,7,あなたは十分頑張りました。,
d0e81a4acd55cfac60c2aa1bec155c08.bundle,俊恩抵達2,Say,シュン･ゴ,28,私もそれを否定するつもりはありません。,
d0e81a4acd55cfac60c2aa1bec155c08.bundle,俊恩抵達2,Say,シュン･ゴ,29,でもやはり簡単には事実を受け入れられない。,
d0e81a4acd55cfac60c2aa1bec155c08.bundle,俊恩抵達2,Say,シュン･ゴ,30,頑張りが足りなかったとしか思えないのです。,
d0e81a4acd55cfac60c2aa1bec155c08.bundle,俊恩抵達2,Branch,#Simple,8,成功させること自体が難しいことですから。,
d0e81a4acd55cfac60c2aa1bec155c08.bundle,俊恩抵達2,Say,シュン･ゴ,31,そうですが……,
d0e81a4acd55cfac60c2aa1bec155c08.bundle,俊恩抵達2,Branch,#Simple,9,……,
d0e81a4acd55cfac60c2aa1bec155c08.bundle,俊恩抵達2,Say,シュン･ゴ,32,選別組のデータさえあれば……,
d0e81a4acd55cfac60c2aa1bec155c08.bundle,俊恩抵達2,Say,心の声,4,俺がシンカを説得できていれば……,
d0e81a4acd55cfac60c2aa1bec155c08.bundle,俊恩抵達2,Branch,#Simple,10,私のせいですよね？,
d0e81a4acd55cfac60c2aa1bec155c08.bundle,俊恩抵達2,Branch,#Simple,11,すみません。私がシンカを説得できていたら……,
d0e81a4acd55cfac60c2aa1bec155c08.bundle,俊恩抵達2,Say,シュン･ゴ,33,確かに説得できていれば、成功したかもしれません。,
d0e81a4acd55cfac60c2aa1bec155c08.bundle,俊恩抵達2,Say,シュン･ゴ,34,ですが、これはあなたの責任ではありません,
d0e81a4acd55cfac60c2aa1bec155c08.bundle,俊恩抵達2,Say,シュン･ゴ,35,私がもっと早くからシンカに相談すべきでした。,
d0e81a4acd55cfac60c2aa1bec155c08.bundle,俊恩抵達2,Branch,#Simple,12,……,
d0e81a4acd55cfac60c2aa1bec155c08.bundle,俊恩抵達2,Say,シュン･ゴ,36,チャンスを逃したのは私の責任です。,
d0e81a4acd55cfac60c2aa1bec155c08.bundle,俊恩抵達2,Say,シュン･ゴ,37,……,
d0e81a4acd55cfac60c2aa1bec155c08.bundle,俊恩抵達2,Say,シュン･ゴ,38,罪悪感で押しつぶされそうです。,
d0e81a4acd55cfac60c2aa1bec155c08.bundle,俊恩抵達2,Branch,#Simple,13,あなたを責める人は誰もいません。,
d0e81a4acd55cfac60c2aa1bec155c08.bundle,俊恩抵達2,Say,シュン･ゴ,39,私が自分を責めます。,
d0e81a4acd55cfac60c2aa1bec155c08.bundle,俊恩抵達2,Say,シュン･ゴ,40,私がもっと準備をしていれば、こんなことにならなかった。,
d0e81a4acd55cfac60c2aa1bec155c08.bundle,俊恩抵達2,Branch,#Simple,14,私も同じです。,
d0e81a4acd55cfac60c2aa1bec155c08.bundle,俊恩抵達2,Say,シュン･ゴ,41,ジェイもですか……,
d0e81a4acd55cfac60c2aa1bec155c08.bundle,俊恩抵達2,Branch,#Simple,15,……,
d0e81a4acd55cfac60c2aa1bec155c08.bundle,俊恩抵達2,Say,シュン･ゴ,42,……,
d0e81a4acd55cfac60c2aa1bec155c08.bundle,俊恩抵達2,Say,シュン･ゴ,43,これでもうしばらくは、皆が苦しむことになりますね。,
d0e81a4acd55cfac60c2aa1bec155c08.bundle,俊恩抵達2,Say,シュン･ゴ,44,あの日あなたが制御室で見た悲劇は今後も次々と起きるはずです。,
d0e81a4acd55cfac60c2aa1bec155c08.bundle,俊恩抵達2,Say,シュン･ゴ,45,……,
d0e81a4acd55cfac60c2aa1bec155c08.bundle,俊恩抵達2,Say,シュン･ゴ,46,私は操作組チーフを引き受けるべきではないと思います。,
d0e81a4acd55cfac60c2aa1bec155c08.bundle,俊恩抵達2,Branch,#Simple,16,それだけはやめてください。,
d0e81a4acd55cfac60c2aa1bec155c08.bundle,俊恩抵達2,Say,シュン･ゴ,47,どうしてですか？,
d0e81a4acd55cfac60c2aa1bec155c08.bundle,俊恩抵達2,Branch,#Simple,17,皆のためにもここに残るべきです。,
d0e81a4acd55cfac60c2aa1bec155c08.bundle,俊恩抵達2,Branch,#Simple,18,クソ野郎の元チーフに任せる気ですか？,
d0e81a4acd55cfac60c2aa1bec155c08.bundle,俊恩抵達2,Say,シュン･ゴ,48,……,
d0e81a4acd55cfac60c2aa1bec155c08.bundle,俊恩抵達2,Branch,#Simple,19,今チーフを辞めるのは、ただの責任逃れです。,
d0e81a4acd55cfac60c2aa1bec155c08.bundle,俊恩抵達2,Branch,#Simple,20,別の工場閉鎖の案を模索するべきです！,
d0e81a4acd55cfac60c2aa1bec155c08.bundle,俊恩抵達2,Say,シュン･ゴ,49,確かにそうですね。,
d0e81a4acd55cfac60c2aa1bec155c08.bundle,俊恩抵達2,Branch,#Simple,21,……,
d0e81a4acd55cfac60c2aa1bec155c08.bundle,俊恩抵達2,Say,シュン･ゴ,50,もう少し考えてみます。,
d0e81a4acd55cfac60c2aa1bec155c08.bundle,俊恩抵達2,Branch,#Simple,22,辞めたいなら、辞めればいいと思います。,
d0e81a4acd55cfac60c2aa1bec155c08.bundle,俊恩抵達2,Say,シュン･ゴ,51,そうですね。もう少し考えてみます。,
d0e81a4acd55cfac60c2aa1bec155c08.bundle,俊恩抵達2,Say,シュン･ゴ,52,……,
d0e81a4acd55cfac60c2aa1bec155c08.bundle,俊恩抵達2,Branch,#Simple,23,……,
d0e81a4acd55cfac60c2aa1bec155c08.bundle,俊恩抵達2,Say,シュン･ゴ,53,とりあえず皆に知らせないといけません。,
d0e81a4acd55cfac60c2aa1bec155c08.bundle,俊恩抵達2,Say,シュン･ゴ,54,……,
d0e81a4acd55cfac60c2aa1bec155c08.bundle,俊恩抵達2,Say,シュン･ゴ,55,皆、どんな反応をするでしょうね……,
d0e81a4acd55cfac60c2aa1bec155c08.bundle,俊恩抵達2,Say,心の声,5,かなり責任を感じているようだ。,
d0e81a4acd55cfac60c2aa1bec155c08.bundle,俊恩抵達2,Branch,#Simple,24,計画の失敗を聞いたら、落ち込むでしょうね。,
d0e81a4acd55cfac60c2aa1bec155c08.bundle,俊恩抵達2,Say,シュン･ゴ,56,はい……,
d0e81a4acd55cfac60c2aa1bec155c08.bundle,俊恩抵達2,Branch,#Simple,25,残念には思うでしょうが、あなたを責めることはないです。,
d0e81a4acd55cfac60c2aa1bec155c08.bundle,俊恩抵達2,Say,シュン･ゴ,57,……そうでしょうか？,
d0e81a4acd55cfac60c2aa1bec155c08.bundle,俊恩抵達2,Say,シュン･ゴ,58,……,
d0e81a4acd55cfac60c2aa1bec155c08.bundle,俊恩抵達2,Say,シュン･ゴ,59,確かにそうですね。皆は優しい人ですから。,
d0e81a4acd55cfac60c2aa1bec155c08.bundle,俊恩抵達2,Say,心の声,6,弱々しい笑みを浮かべている……,
d0e81a4acd55cfac60c2aa1bec155c08.bundle,俊恩抵達2,Branch,#Simple,26,多分、何も思わないと思います。,
d0e81a4acd55cfac60c2aa1bec155c08.bundle,俊恩抵達2,Say,シュン･ゴ,60,……そうでしょうか？,
d0e81a4acd55cfac60c2aa1bec155c08.bundle,俊恩抵達2,Say,シュン･ゴ,61,……,
d0e81a4acd55cfac60c2aa1bec155c08.bundle,俊恩抵達2,Say,シュン･ゴ,62,私にはそうは思えません。,
d0e81a4acd55cfac60c2aa1bec155c08.bundle,俊恩抵達2,Branch,#Simple,27,……,
d0e81a4acd55cfac60c2aa1bec155c08.bundle,俊恩抵達2,Say,シュン･ゴ,63,……,
d0e81a4acd55cfac60c2aa1bec155c08.bundle,俊恩抵達2,Say,シュン･ゴ,64,ジェイ、私は思った以上にショックを受けていたようです……,
d0e81a4acd55cfac60c2aa1bec155c08.bundle,俊恩抵達2,Say,シュン･ゴ,65,皆を失望させたくはありませんでした……,
d0e81a4acd55cfac60c2aa1bec155c08.bundle,俊恩抵達2,Say,シュン･ゴ,66,……,
d0e81a4acd55cfac60c2aa1bec155c08.bundle,俊恩抵達2,Say,シュン･ゴ,67,ですが、もうどうしようもありませんね……,
d0e81a4acd55cfac60c2aa1bec155c08.bundle,俊恩抵達2,Branch,#Simple,28,皆は笑って出迎えてくれるはずです。,
d0e81a4acd55cfac60c2aa1bec155c08.bundle,俊恩抵達2,Say,シュン･ゴ,68,……,
d0e81a4acd55cfac60c2aa1bec155c08.bundle,俊恩抵達2,Say,シュン･ゴ,69,ありがとうございます、ジェイ。,
d0e81a4acd55cfac60c2aa1bec155c08.bundle,俊恩抵達2,Say,シュン･ゴ,70,慰めてくれているのですね。,
d0e81a4acd55cfac60c2aa1bec155c08.bundle,俊恩抵達2,Branch,#Simple,29,私は本気ですよ。,
d0e81a4acd55cfac60c2aa1bec155c08.bundle,俊恩抵達2,Say,シュン･ゴ,71,さっきは、落ち込むと言っていたのにですか？,
d0e81a4acd55cfac60c2aa1bec155c08.bundle,俊恩抵達2,Branch,#Simple,30,あれは冗談です。,
d0e81a4acd55cfac60c2aa1bec155c08.bundle,俊恩抵達2,Branch,#Simple,31,落ち込む可能性もあると言っただけですよ。,
d0e81a4acd55cfac60c2aa1bec155c08.bundle,俊恩抵達2,Say,シュン･ゴ,72,そうですか。,
d0e81a4acd55cfac60c2aa1bec155c08.bundle,俊恩抵達2,Say,シュン･ゴ,73,そうであることを祈ります。,
d0e81a4acd55cfac60c2aa1bec155c08.bundle,俊恩抵達2,Branch,#Simple,32,慰めになったのなら、よかったです。,
d0e81a4acd55cfac60c2aa1bec155c08.bundle,俊恩抵達2,Branch,#Simple,33,……,
d0e81a4acd55cfac60c2aa1bec155c08.bundle,俊恩抵達2,Branch,#Simple,34,……,
d0e81a4acd55cfac60c2aa1bec155c08.bundle,俊恩抵達2,Say,シュン･ゴ,74,……,
d0e81a4acd55cfac60c2aa1bec155c08.bundle,俊恩抵達2,Say,シュン･ゴ,75,私はオフィスに戻ります。,
d0e81a4acd55cfac60c2aa1bec155c08.bundle,俊恩抵達2,Say,シュン･ゴ,76,ジェイはもう少しここで待っててください。,
d0e81a4acd55cfac60c2aa1bec155c08.bundle,俊恩抵達2,Branch,#Simple,35,どうしてですか？,
d0e81a4acd55cfac60c2aa1bec155c08.bundle,俊恩抵達2,Branch,#Simple,36,……,
d0e81a4acd55cfac60c2aa1bec155c08.bundle,俊恩抵達2,Say,シュン･ゴ,77,メイ･ジョ隊長があなたに会いたいそうです。,
d0e81a4acd55cfac60c2aa1bec155c08.bundle,俊恩抵達2,Say,シュン･ゴ,78,彼女からは、事前にあなたに伝えていると聞きましたよ？,
d0e81a4acd55cfac60c2aa1bec155c08.bundle,俊恩抵達2,Branch,#Simple,37,わかりました。,
d0e81a4acd55cfac60c2aa1bec155c08.bundle,俊恩抵達2,Say,シュン･ゴ,79,はい。,
d0e81a4acd55cfac60c2aa1bec155c08.bundle,俊恩抵達2,Branch,#Simple,38,そんな話は聞いていませんね。,
d0e81a4acd55cfac60c2aa1bec155c08.bundle,俊恩抵達2,Say,シュン･ゴ,80,そうですか……,
d0e81a4acd55cfac60c2aa1bec155c08.bundle,俊恩抵達2,Say,シュン･ゴ,81,とにかくここで待っててください。,
d0e81a4acd55cfac60c2aa1bec155c08.bundle,俊恩抵達2,Say,シュン･ゴ,82,彼女とは、私が執行官のところへ向かう前にお会いし、そう言われました。,
d0e81a4acd55cfac60c2aa1bec155c08.bundle,俊恩抵達2,Say,シュン･ゴ,83,ジェイ、もし彼女に何か嫌なことをされたら、すぐ帰ってきてください。,
d0e81a4acd55cfac60c2aa1bec155c08.bundle,俊恩抵達2,Say,シュン･ゴ,84,後は私がなんとかしますから。,
d0e81a4acd55cfac60c2aa1bec155c08.bundle,俊恩抵達2,Branch,#Simple,39,わかりました。,
d0e81a4acd55cfac60c2aa1bec155c08.bundle,俊恩抵達2,Branch,#Simple,40,そんなことには、ならないと思います。,
d0e81a4acd55cfac60c2aa1bec155c08.bundle,俊恩抵達2,Say,シュン･ゴ,85,ならいいのですが。,
d0e81a4acd55cfac60c2aa1bec155c08.bundle,俊恩抵達2,Say,シュン･ゴ,86,では、私はこれで失礼します。,
d0e81a4acd55cfac60c2aa1bec155c08.bundle,俊恩抵達2,Say,シュン･ゴ,87,隊長との話が終わったら、オフィスに戻ってきてください。,
d0e81a4acd55cfac60c2aa1bec155c08.bundle,俊恩抵達2,Say,シュン･ゴ,88,では。,
d0e81a4acd55cfac60c2aa1bec155c08.bundle,操作組勝利慶功宴前遇賴潔,Say,ジュジュ･ライ,0,おお！ヒーローのお出ましだ。,
d0e81a4acd55cfac60c2aa1bec155c08.bundle,操作組勝利慶功宴前遇賴潔,Branch,#Simple,0,出迎えご苦労。,
d0e81a4acd55cfac60c2aa1bec155c08.bundle,操作組勝利慶功宴前遇賴潔,Say,ジュジュ･ライ,1,……,
d0e81a4acd55cfac60c2aa1bec155c08.bundle,操作組勝利慶功宴前遇賴潔,Branch,#Simple,1,ヒーロー？,
d0e81a4acd55cfac60c2aa1bec155c08.bundle,操作組勝利慶功宴前遇賴潔,Branch,#Simple,2,……,
d0e81a4acd55cfac60c2aa1bec155c08.bundle,操作組勝利慶功宴前遇賴潔,Say,ジュジュ･ライ,2,シンカを説得してくれたのはあんたでしょう？,
d0e81a4acd55cfac60c2aa1bec155c08.bundle,操作組勝利慶功宴前遇賴潔,Branch,#Simple,3,はい。,
d0e81a4acd55cfac60c2aa1bec155c08.bundle,操作組勝利慶功宴前遇賴潔,Say,ジュジュ･ライ,3,……,
d0e81a4acd55cfac60c2aa1bec155c08.bundle,操作組勝利慶功宴前遇賴潔,Branch,#Simple,4,何の話ですか？,
d0e81a4acd55cfac60c2aa1bec155c08.bundle,操作組勝利慶功宴前遇賴潔,Say,ジュジュ･ライ,4,とぼけても無駄よ……,
d0e81a4acd55cfac60c2aa1bec155c08.bundle,操作組勝利慶功宴前遇賴潔,Say,ジュジュ･ライ,5,シンカは……,
d0e81a4acd55cfac60c2aa1bec155c08.bundle,操作組勝利慶功宴前遇賴潔,Say,ジュジュ･ライ,6,大丈夫？,
d0e81a4acd55cfac60c2aa1bec155c08.bundle,操作組勝利慶功宴前遇賴潔,Branch,#Simple,5,大丈夫だと思います。,
d0e81a4acd55cfac60c2aa1bec155c08.bundle,操作組勝利慶功宴前遇賴潔,Branch,#Simple,6,大丈夫じゃないですね。,
d0e81a4acd55cfac60c2aa1bec155c08.bundle,操作組勝利慶功宴前遇賴潔,Say,ジュジュ･ライ,7,そう……,
d0e81a4acd55cfac60c2aa1bec155c08.bundle,操作組勝利慶功宴前遇賴潔,Branch,#Simple,7,何の話ですか？,
d0e81a4acd55cfac60c2aa1bec155c08.bundle,操作組勝利慶功宴前遇賴潔,Say,ジュジュ･ライ,8,データを渡したってことは、選別組を裏切ったってことでしょう？,
d0e81a4acd55cfac60c2aa1bec155c08.bundle,操作組勝利慶功宴前遇賴潔,Say,ジュジュ･ライ,9,きっと彼女は責任を感じてる。,
d0e81a4acd55cfac60c2aa1bec155c08.bundle,操作組勝利慶功宴前遇賴潔,Branch,#Simple,8,そうですね。,
d0e81a4acd55cfac60c2aa1bec155c08.bundle,操作組勝利慶功宴前遇賴潔,Branch,#Simple,9,それは考えすぎです。,
d0e81a4acd55cfac60c2aa1bec155c08.bundle,操作組勝利慶功宴前遇賴潔,Say,ジュジュ･ライ,10,……,
d0e81a4acd55cfac60c2aa1bec155c08.bundle,操作組勝利慶功宴前遇賴潔,Say,ジュジュ･ライ,11,でも選んだのは彼女自身だし、彼女も私たちが正しいと思ったから協力してくれたのよね。,
d0e81a4acd55cfac60c2aa1bec155c08.bundle,操作組勝利慶功宴前遇賴潔,Say,ジュジュ･ライ,12,私たちは、彼女の協力を無駄にしないように、この工場を必ず閉鎖させないとね。,
d0e81a4acd55cfac60c2aa1bec155c08.bundle,操作組勝利慶功宴前遇賴潔,Say,ジュジュ･ライ,13,……,
d0e81a4acd55cfac60c2aa1bec155c08.bundle,操作組勝利慶功宴前遇賴潔,Say,ジュジュ･ライ,14,さあ、一緒に入ろう。,
d0e81a4acd55cfac60c2aa1bec155c08.bundle,操作組勝利慶功宴前遇賴潔,Say,ジュジュ･ライ,15,もう祝勝会が始まってるよ。,
d0e81a4acd55cfac60c2aa1bec155c08.bundle,操作組勝利慶功宴前遇賴潔,Say,ジュジュ･ライ,16,せっかくシュンがオフィスでの食事を許してくれたわけだし、たくさん食べないとね～,
d0e81a4acd55cfac60c2aa1bec155c08.bundle,操作組勝利慶功宴2,Say,シュン･ゴ,0,……,
d0e81a4acd55cfac60c2aa1bec155c08.bundle,操作組勝利慶功宴2,Say,心の声,0,かなり険しい表情だ……,
d0e81a4acd55cfac60c2aa1bec155c08.bundle,操作組勝利慶功宴2,Say,心の声,1,あまりいい話ではなさそうだ……,
d0e81a4acd55cfac60c2aa1bec155c08.bundle,操作組勝利慶功宴2,Say,シュン･ゴ,1,ジェイ、単刀直入に言いますが……,
d0e81a4acd55cfac60c2aa1bec155c08.bundle,操作組勝利慶功宴2,Say,シュン･ゴ,2,今のあなたの能力では……,
d0e81a4acd55cfac60c2aa1bec155c08.bundle,操作組勝利慶功宴2,Say,シュン･ゴ,3,工場閉鎖に向けての動きが本格的に始まれば、あなたは今の仕事を失う可能性があります。,
d0e81a4acd55cfac60c2aa1bec155c08.bundle,操作組勝利慶功宴2,Branch,#Simple,0,それどうしてですか？,
d0e81a4acd55cfac60c2aa1bec155c08.bundle,操作組勝利慶功宴2,Say,シュン･ゴ,4,……あなたはもう気づいていると思っていましたが……,
d0e81a4acd55cfac60c2aa1bec155c08.bundle,操作組勝利慶功宴2,Branch,#Simple,1,私がただの作業員だからですか？,
d0e81a4acd55cfac60c2aa1bec155c08.bundle,操作組勝利慶功宴2,Say,シュン･ゴ,5,はい。,
d0e81a4acd55cfac60c2aa1bec155c08.bundle,操作組勝利慶功宴2,Branch,#Simple,2,……,
d0e81a4acd55cfac60c2aa1bec155c08.bundle,操作組勝利慶功宴2,Say,シュン･ゴ,6,前も言いましたが、工場閉鎖が決まれば、真っ先にやることはマイナーの募集の停止です。,
d0e81a4acd55cfac60c2aa1bec155c08.bundle,操作組勝利慶功宴2,Say,シュン･ゴ,7,つまり、棚上げの必要がなくなります。,
d0e81a4acd55cfac60c2aa1bec155c08.bundle,操作組勝利慶功宴2,Say,シュン･ゴ,8,マイナーを下ろす時には作業員を必要とするでしょうが……,
d0e81a4acd55cfac60c2aa1bec155c08.bundle,操作組勝利慶功宴2,Say,シュン･ゴ,9,おそらくベテランの作業員が担当するでしょう。,
d0e81a4acd55cfac60c2aa1bec155c08.bundle,操作組勝利慶功宴2,Branch,#Simple,3,なるほど、わかりました。,
d0e81a4acd55cfac60c2aa1bec155c08.bundle,操作組勝利慶功宴2,Say,シュン･ゴ,10,事態を冷静に受け止めてくれて、ありがとうございます。,
d0e81a4acd55cfac60c2aa1bec155c08.bundle,操作組勝利慶功宴2,Say,シュン･ゴ,11,ですが悪い知らせだけではありません。,
d0e81a4acd55cfac60c2aa1bec155c08.bundle,操作組勝利慶功宴2,Branch,#Simple,4,私を呼び出したのは解雇を言い渡すためですか？,
d0e81a4acd55cfac60c2aa1bec155c08.bundle,操作組勝利慶功宴2,Say,シュン･ゴ,12,いいえ。,
d0e81a4acd55cfac60c2aa1bec155c08.bundle,操作組勝利慶功宴2,Branch,#Simple,5,……,
d0e81a4acd55cfac60c2aa1bec155c08.bundle,操作組勝利慶功宴2,Say,シュン･ゴ,13,説明させてください。,
d0e81a4acd55cfac60c2aa1bec155c08.bundle,操作組勝利慶功宴2,Say,シュン･ゴ,14,作業員にもいろんな部門があるのですが、その中に工場のメンテナンスを担当する部門があります。,
d0e81a4acd55cfac60c2aa1bec155c08.bundle,操作組勝利慶功宴2,Say,シュン･ゴ,15,メンテナンスは、工場閉鎖に必要不可欠です。,
d0e81a4acd55cfac60c2aa1bec155c08.bundle,操作組勝利慶功宴2,Say,シュン･ゴ,16,工場閉鎖への本格的な動きは、おそらく半年後からになるはずです。,
d0e81a4acd55cfac60c2aa1bec155c08.bundle,操作組勝利慶功宴2,Say,シュン･ゴ,17,あなたがそれまでに上級作業員に合格すれば、ここに残れます。,
d0e81a4acd55cfac60c2aa1bec155c08.bundle,操作組勝利慶功宴2,Say,シュン･ゴ,18,また工場閉鎖後も、他の工場に移れる可能性も高い。,
d0e81a4acd55cfac60c2aa1bec155c08.bundle,操作組勝利慶功宴2,Say,シュン･ゴ,19,ですが一つだけ忠告しておきます。,
d0e81a4acd55cfac60c2aa1bec155c08.bundle,操作組勝利慶功宴2,Say,シュン･ゴ,20,半年以内に合格できなければ、あなたはどっちにしろ解雇されてしまいます。,
d0e81a4acd55cfac60c2aa1bec155c08.bundle,操作組勝利慶功宴2,Say,シュン･ゴ,21,今のあなたは二つの選択肢があります。,
d0e81a4acd55cfac60c2aa1bec155c08.bundle,操作組勝利慶功宴2,Say,シュン･ゴ,22,半年以内に上級作業員に合格するか。,
d0e81a4acd55cfac60c2aa1bec155c08.bundle,操作組勝利慶功宴2,Say,シュン･ゴ,23,今すぐ辞めて、次の仕事を探すかです。,
d0e81a4acd55cfac60c2aa1bec155c08.bundle,操作組勝利慶功宴2,Say,シュン･ゴ,24,今すぐ返事をしろとは言いません。よく考えてください。,
d0e81a4acd55cfac60c2aa1bec155c08.bundle,操作組勝利慶功宴2,Branch,#Simple,6,私は操作組のために、大きく貢献したはずでは？,
d0e81a4acd55cfac60c2aa1bec155c08.bundle,操作組勝利慶功宴2,Say,シュン･ゴ,25,そうですが、今後はより専門的な人材が必要なのです。,
d0e81a4acd55cfac60c2aa1bec155c08.bundle,操作組勝利慶功宴2,Branch,#Simple,7,考えておきます。,
d0e81a4acd55cfac60c2aa1bec155c08.bundle,操作組勝利慶功宴2,Branch,#Simple,8,……,
d0e81a4acd55cfac60c2aa1bec155c08.bundle,操作組勝利慶功宴2,Say,シュン･ゴ,26,……,
d0e81a4acd55cfac60c2aa1bec155c08.bundle,操作組勝利慶功宴2,Say,シュン･ゴ,27,あなたがこの件を不満に思うのは理解できます。,
d0e81a4acd55cfac60c2aa1bec155c08.bundle,操作組勝利慶功宴2,Say,シュン･ゴ,28,ですが、これは工場で働く全員に起きることです。,
d0e81a4acd55cfac60c2aa1bec155c08.bundle,操作組勝利慶功宴2,Say,シュン･ゴ,29,だから私は、公正かつ公平に皆を選別しなければなりません。,
d0e81a4acd55cfac60c2aa1bec155c08.bundle,操作組勝利慶功宴2,Say,シュン･ゴ,30,工場閉鎖は決して楽しいことではありません。それは私たち操作組にとっても同じです。,
d0e81a4acd55cfac60c2aa1bec155c08.bundle,操作組勝利慶功宴2,Say,シュン･ゴ,31,私たちは目の前の大きな問題を解決できただけで、皆が職を失うことには変わりません。,
d0e81a4acd55cfac60c2aa1bec155c08.bundle,操作組勝利慶功宴2,Say,シュン･ゴ,32,だから私は、それまでにできるだけ被害を最小限に抑えられるよう努めたいのです。,
d0e81a4acd55cfac60c2aa1bec155c08.bundle,操作組勝利慶功宴2,Branch,#Simple,9,シュンなら必ずできますよ。,
d0e81a4acd55cfac60c2aa1bec155c08.bundle,操作組勝利慶功宴2,Say,シュン･ゴ,33,……,
d0e81a4acd55cfac60c2aa1bec155c08.bundle,操作組勝利慶功宴2,Say,シュン･ゴ,34,ありがとうございます。,
d0e81a4acd55cfac60c2aa1bec155c08.bundle,操作組勝利慶功宴2,Branch,#Simple,10,これはあなたのせいではありません。,
d0e81a4acd55cfac60c2aa1bec155c08.bundle,操作組勝利慶功宴2,Say,シュン･ゴ,35,はい。,
d0e81a4acd55cfac60c2aa1bec155c08.bundle,操作組勝利慶功宴2,Say,シュン･ゴ,36,ですが……,
d0e81a4acd55cfac60c2aa1bec155c08.bundle,操作組勝利慶功宴2,Branch,#Simple,11,……,
d0e81a4acd55cfac60c2aa1bec155c08.bundle,操作組勝利慶功宴2,Say,シュン･ゴ,37,工場閉鎖を選択したのは私です。私にはその責任を負う義務があります。,
d0e81a4acd55cfac60c2aa1bec155c08.bundle,操作組勝利慶功宴2,Say,シュン･ゴ,38,……,
d0e81a4acd55cfac60c2aa1bec155c08.bundle,操作組勝利慶功宴2,Say,シュン･ゴ,39,ジェイ……,
d0e81a4acd55cfac60c2aa1bec155c08.bundle,操作組勝利慶功宴2,Say,シュン･ゴ,40,あなたには本当に助けられました。この事実は何があっても変わりません。,
d0e81a4acd55cfac60c2aa1bec155c08.bundle,操作組勝利慶功宴2,Say,シュン･ゴ,41,本当にありがとうございました。,
d0e81a4acd55cfac60c2aa1bec155c08.bundle,操作組勝利慶功宴2,Branch,#Simple,12,こちらこそです。,
d0e81a4acd55cfac60c2aa1bec155c08.bundle,操作組勝利慶功宴2,Branch,#Simple,13,できることをしたまでです。,
d0e81a4acd55cfac60c2aa1bec155c08.bundle,操作組勝利慶功宴2,Say,心の声,2,シュンが笑った。,
d0e81a4acd55cfac60c2aa1bec155c08.bundle,操作組勝利慶功宴2,Branch,#Simple,14,……,
d0e81a4acd55cfac60c2aa1bec155c08.bundle,操作組勝利慶功宴2,Say,シュン･ゴ,42,中に入りましょう。,
d0e81a4acd55cfac60c2aa1bec155c08.bundle,操作組勝利慶功宴2,Say,シュン･ゴ,43,皆とたくさん話して……,
d0e81a4acd55cfac60c2aa1bec155c08.bundle,操作組勝利慶功宴2,Say,シュン･ゴ,44,今日は、楽しく過ごしましょう。,
d0e81a4acd55cfac60c2aa1bec155c08.bundle,操作組失敗結局前遇賴潔,Say,ジュジュ･ライ,0,よっ、ジェイ。,
d0e81a4acd55cfac60c2aa1bec155c08.bundle,操作組失敗結局前遇賴潔,Branch,#Simple,0,ジュジュ。,
d0e81a4acd55cfac60c2aa1bec155c08.bundle,操作組失敗結局前遇賴潔,Branch,#Simple,1,……,
d0e81a4acd55cfac60c2aa1bec155c08.bundle,操作組失敗結局前遇賴潔,Say,ジュジュ･ライ,1,……,
d0e81a4acd55cfac60c2aa1bec155c08.bundle,操作組失敗結局前遇賴潔,Say,ジュジュ･ライ,2,結局、失敗しちゃったね。,
d0e81a4acd55cfac60c2aa1bec155c08.bundle,操作組失敗結局前遇賴潔,Branch,#Simple,2,私がシンカを説得できていたら……,
d0e81a4acd55cfac60c2aa1bec155c08.bundle,操作組失敗結局前遇賴潔,Say,ジュジュ･ライ,3,新人にそんなことができるかっての！,
d0e81a4acd55cfac60c2aa1bec155c08.bundle,操作組失敗結局前遇賴潔,Say,ジュジュ･ライ,4,あんたのせいじゃないよ。,
d0e81a4acd55cfac60c2aa1bec155c08.bundle,操作組失敗結局前遇賴潔,Branch,#Simple,3,私のせいだと思いますか？,
d0e81a4acd55cfac60c2aa1bec155c08.bundle,操作組失敗結局前遇賴潔,Say,ジュジュ･ライ,5,いいや。,
d0e81a4acd55cfac60c2aa1bec155c08.bundle,操作組失敗結局前遇賴潔,Say,ジュジュ･ライ,6,むしろ新人にそんなことができるかっての！,
d0e81a4acd55cfac60c2aa1bec155c08.bundle,操作組失敗結局前遇賴潔,Say,ジュジュ･ライ,7,あんたのせいじゃないよ。,
d0e81a4acd55cfac60c2aa1bec155c08.bundle,操作組失敗結局前遇賴潔,Branch,#Simple,4,……,
d0e81a4acd55cfac60c2aa1bec155c08.bundle,操作組失敗結局前遇賴潔,Say,ジュジュ･ライ,8,それに、これでよかったと思う。,
d0e81a4acd55cfac60c2aa1bec155c08.bundle,操作組失敗結局前遇賴潔,Say,ジュジュ･ライ,9,正直に言うと、私も工場を閉鎖に乗り気なわけじゃないからさ。,
d0e81a4acd55cfac60c2aa1bec155c08.bundle,操作組失敗結局前遇賴潔,Branch,#Simple,5,そんなこと初めて聞きました。,
d0e81a4acd55cfac60c2aa1bec155c08.bundle,操作組失敗結局前遇賴潔,Say,ジュジュ･ライ,10,でしょうね。,
d0e81a4acd55cfac60c2aa1bec155c08.bundle,操作組失敗結局前遇賴潔,Branch,#Simple,6,どうしてですか？,
d0e81a4acd55cfac60c2aa1bec155c08.bundle,操作組失敗結局前遇賴潔,Branch,#Simple,7,……,
d0e81a4acd55cfac60c2aa1bec155c08.bundle,操作組失敗結局前遇賴潔,Say,ジュジュ･ライ,11,詳しく説明するつもりはない。,
d0e81a4acd55cfac60c2aa1bec155c08.bundle,操作組失敗結局前遇賴潔,Say,ジュジュ･ライ,12,あ、でもシュンに言わないでね。,
d0e81a4acd55cfac60c2aa1bec155c08.bundle,操作組失敗結局前遇賴潔,Say,ジュジュ･ライ,13,知られたら、きっとうるさいから。,
d0e81a4acd55cfac60c2aa1bec155c08.bundle,操作組失敗結局前遇賴潔,Say,ジュジュ･ライ,14,中に入ろうか。,
d0e81a4acd55cfac60c2aa1bec155c08.bundle,被隆生叫出去對話_自動,Say,リュウセイ･チョウ,0,えっと……,
d0e81a4acd55cfac60c2aa1bec155c08.bundle,被隆生叫出去對話_自動,Say,リュウセイ･チョウ,1,給湯室で話しましょう。,
d0e81a4acd55cfac60c2aa1bec155c08.bundle,被隆生叫出去對話_自動,Branch,#Simple,0,何で俺より遅かったんだ？,
d0e81a4acd55cfac60c2aa1bec155c08.bundle,被隆生叫出去對話_自動,Say,リュウセイ･チョウ,2,いや、ほんとそうっす！,
d0e81a4acd55cfac60c2aa1bec155c08.bundle,被隆生叫出去對話_自動,Say,リュウセイ･チョウ,3,聞いてくださいっす！,
d0e81a4acd55cfac60c2aa1bec155c08.bundle,被隆生叫出去對話_自動,Say,リュウセイ･チョウ,4,会社の駐車場がクソ過ぎっすよ！,
d0e81a4acd55cfac60c2aa1bec155c08.bundle,被隆生叫出去對話_自動,Say,リュウセイ･チョウ,5,バイクの駐車場なんて、馬鹿みたいに狭いっすよ！？,
d0e81a4acd55cfac60c2aa1bec155c08.bundle,被隆生叫出去對話_自動,Say,リュウセイ･チョウ,6,いつも気をつけて駐車してるっすけど……,
d0e81a4acd55cfac60c2aa1bec155c08.bundle,被隆生叫出去對話_自動,Say,リュウセイ･チョウ,7,前回、傷がついたっす……,
d0e81a4acd55cfac60c2aa1bec155c08.bundle,被隆生叫出去對話_自動,Branch,#Simple,1,バイクをやめればいいだろ？,
d0e81a4acd55cfac60c2aa1bec155c08.bundle,被隆生叫出去對話_自動,Say,リュウセイ･チョウ,8,ジェイの兄貴！それは違うっすよ！,
d0e81a4acd55cfac60c2aa1bec155c08.bundle,被隆生叫出去對話_自動,Say,リュウセイ･チョウ,9,間違ってるのは会社っす！,
d0e81a4acd55cfac60c2aa1bec155c08.bundle,被隆生叫出去對話_自動,Branch,#Simple,2,バイクに人権なんてものはない。,
d0e81a4acd55cfac60c2aa1bec155c08.bundle,被隆生叫出去對話_自動,Say,リュウセイ･チョウ,10,本当っすね！,
d0e81a4acd55cfac60c2aa1bec155c08.bundle,被隆生叫出去對話_自動,Branch,#Simple,3,……,
d0e81a4acd55cfac60c2aa1bec155c08.bundle,被隆生叫出去對話_自動,Say,リュウセイ･チョウ,11,どんなにスペースを空けても、近くに止めるバカがいるんすよ！,
d0e81a4acd55cfac60c2aa1bec155c08.bundle,被隆生叫出去對話_自動,Say,リュウセイ･チョウ,12,絶対に擦る距離で止めるって、どういう神経っすか！？,
d0e81a4acd55cfac60c2aa1bec155c08.bundle,被隆生叫出去對話_自動,Say,リュウセイ･チョウ,13,結局僕が全部のバイクを少しずつ移動させる羽目になったっす！,
d0e81a4acd55cfac60c2aa1bec155c08.bundle,被隆生叫出去對話_自動,Say,リュウセイ･チョウ,14,めちゃくちゃ時間かかったっすよ！,
d0e81a4acd55cfac60c2aa1bec155c08.bundle,被隆生叫出去對話_自動,Say,リュウセイ･チョウ,15,それに……！,
d0e81a4acd55cfac60c2aa1bec155c08.bundle,被隆生叫出去對話_自動,Say,リュウセイ･チョウ,16,……,
d0e81a4acd55cfac60c2aa1bec155c08.bundle,被隆生叫出去對話_自動,Say,リュウセイ･チョウ,17,話が長すぎたっすか……？,
d0e81a4acd55cfac60c2aa1bec155c08.bundle,被隆生叫出去對話_自動,Branch,#Simple,4,少しな。,
d0e81a4acd55cfac60c2aa1bec155c08.bundle,被隆生叫出去對話_自動,Say,リュウセイ･チョウ,18,ハハ……,
d0e81a4acd55cfac60c2aa1bec155c08.bundle,被隆生叫出去對話_自動,Branch,#Simple,5,ああ。,
d0e81a4acd55cfac60c2aa1bec155c08.bundle,被隆生叫出去對話_自動,Say,リュウセイ･チョウ,19,す、すみませんっす……,
d0e81a4acd55cfac60c2aa1bec155c08.bundle,被隆生叫出去對話_自動,Say,リュウセイ･チョウ,20,ゴ、ゴホン！,
d0e81a4acd55cfac60c2aa1bec155c08.bundle,被隆生叫出去對話_自動,Branch,#Simple,6,……,
d0e81a4acd55cfac60c2aa1bec155c08.bundle,詩妍抓主角去見徐媛,Say,シェーン･ソウ,0,ジェイ、こんにちは。,
d0e81a4acd55cfac60c2aa1bec155c08.bundle,詩妍抓主角去見徐媛,Say,シェーン･ソウ,1,隊長が会いたがっています。一緒に来てください。,
d0e81a4acd55cfac60c2aa1bec155c08.bundle,詩妍抓主角去見徐媛,Say,心の声,0,メイ･ジョが？,
d0e81a4acd55cfac60c2aa1bec155c08.bundle,詩妍抓主角去見徐媛,Branch,#Simple,0,何の用だ？,
d0e81a4acd55cfac60c2aa1bec155c08.bundle,詩妍抓主角去見徐媛,Say,シェーン･ソウ,2,それは私にも分かりません。,
d0e81a4acd55cfac60c2aa1bec155c08.bundle,詩妍抓主角去見徐媛,Branch,#Simple,1,その……ここは男子トイレだぞ。,
d0e81a4acd55cfac60c2aa1bec155c08.bundle,詩妍抓主角去見徐媛,Say,シェーン･ソウ,3,そ、そんなの知ってます……！,
d0e81a4acd55cfac60c2aa1bec155c08.bundle,詩妍抓主角去見徐媛,Say,シェーン･ソウ,4,でも隊長のためなら、私はどこへだって……！,
d0e81a4acd55cfac60c2aa1bec155c08.bundle,詩妍抓主角去見徐媛,Branch,#Simple,2,頼もしい部下だな。,
d0e81a4acd55cfac60c2aa1bec155c08.bundle,詩妍抓主角去見徐媛,Say,シェーン･ソウ,5,はいっ……！,
d0e81a4acd55cfac60c2aa1bec155c08.bundle,詩妍抓主角去見徐媛,Say,心の声,1,喜んでいる……,
d0e81a4acd55cfac60c2aa1bec155c08.bundle,詩妍抓主角去見徐媛,Branch,#Simple,3,外で待っていれば良かったんじゃないか？,
d0e81a4acd55cfac60c2aa1bec155c08.bundle,詩妍抓主角去見徐媛,Say,シェーン･ソウ,6,それは……,
d0e81a4acd55cfac60c2aa1bec155c08.bundle,詩妍抓主角去見徐媛,Say,シェーン･ソウ,7,えっと……,
d0e81a4acd55cfac60c2aa1bec155c08.bundle,詩妍抓主角去見徐媛,Say,シェーン･ソウ,8,……,
d0e81a4acd55cfac60c2aa1bec155c08.bundle,詩妍抓主角去見徐媛,Say,シェーン･ソウ,9,と、とにかく……！！！,
d0e81a4acd55cfac60c2aa1bec155c08.bundle,詩妍抓主角去見徐媛,Branch,#Simple,4,……,
d0e81a4acd55cfac60c2aa1bec155c08.bundle,詩妍抓主角去見徐媛,Say,シェーン･ソウ,10,隊長が面談ホールでお待ちです。一緒に来てください。,
d0e81a4acd55cfac60c2aa1bec155c08.bundle,詩妍抓主角去見徐媛,Say,リン･テイ,0,ジェイ、大丈夫。,
d0e81a4acd55cfac60c2aa1bec155c08.bundle,詩妍抓主角去見徐媛,Say,リン･テイ,1,私も一緒にいるから。,
d0e81a4acd55cfac60c2aa1bec155c08.bundle,鄭緯聯絡說執行長找自己,Say,心の声,0,今はどうすればいいんだ……？,
d0e81a4acd55cfac60c2aa1bec155c08.bundle,鄭緯聯絡說執行長找自己,Say,リン･テイ,0,ジェイ……,
d0e81a4acd55cfac60c2aa1bec155c08.bundle,鄭緯聯絡說執行長找自己,Say,リン･テイ,1,あれ？誰かから電話が来てるみたい。繋げるね。,
d0e81a4acd55cfac60c2aa1bec155c08.bundle,鄭緯聯絡說執行長找自己,Say,イー･テイ,0,もしもし、ジェイ？,
d0e81a4acd55cfac60c2aa1bec155c08.bundle,鄭緯聯絡說執行長找自己,Say,心の声,1,かなり焦っているようだ……,
d0e81a4acd55cfac60c2aa1bec155c08.bundle,鄭緯聯絡說執行長找自己,Branch,#Simple,0,はい。,
d0e81a4acd55cfac60c2aa1bec155c08.bundle,鄭緯聯絡說執行長找自己,Branch,#Simple,1,どうしましたか？,
d0e81a4acd55cfac60c2aa1bec155c08.bundle,鄭緯聯絡說執行長找自己,Say,イー･テイ,1,ごめん、実は緊急の用があって。,
d0e81a4acd55cfac60c2aa1bec155c08.bundle,鄭緯聯絡說執行長找自己,Say,イー･テイ,2,どこかで会えないかな？,
d0e81a4acd55cfac60c2aa1bec155c08.bundle,鄭緯聯絡說執行長找自己,Say,イー･テイ,3,えっと……,
d0e81a4acd55cfac60c2aa1bec155c08.bundle,鄭緯聯絡說執行長找自己,Say,イー･テイ,4,一度オフィスに来てくれないかな？君の席に行くから。,
d0e81a4acd55cfac60c2aa1bec155c08.bundle,鄭緯聯絡說執行長找自己,Say,イー･テイ,5,じゃ、待ってるからね。,
d0e81a4acd55cfac60c2aa1bec155c08.bundle,鄭緯聯絡說執行長找自己,Say,心の声,2,切られた……,
d0e81a4acd55cfac60c2aa1bec155c08.bundle,鄭緯聯絡說執行長找自己,Say,リン･テイ,2,ジェイ、まずはイー･テイチーフとの用事を済ませようか。,
d0e81a4acd55cfac60c2aa1bec155c08.bundle,鄭緯聯絡說執行長找自己,Say,リン･テイ,3,どうせ契約まで、まだ時間があるし、スイさんたちもまだ帰ってきてないから。,
d0e81a4acd55cfac60c2aa1bec155c08.bundle,鄭緯聯絡說執行長找自己,Say,心の声,3,……そうするしかないか。,
d0e81a4acd55cfac60c2aa1bec155c08.bundle,俊恩聯絡說執行長找自己,Say,心の声,0,今はどうすればいいんだ……？,
d0e81a4acd55cfac60c2aa1bec155c08.bundle,俊恩聯絡說執行長找自己,Say,リン･テイ,0,ジェイ……,
d0e81a4acd55cfac60c2aa1bec155c08.bundle,俊恩聯絡說執行長找自己,Say,リン･テイ,1,あれ？誰かから電話が来てるみたい。繋げるね。,
d0e81a4acd55cfac60c2aa1bec155c08.bundle,俊恩聯絡說執行長找自己,Say,シュン･ゴ,0,もしもし、ジェイですか？,
d0e81a4acd55cfac60c2aa1bec155c08.bundle,俊恩聯絡說執行長找自己,Say,心の声,1,かなり焦っているようだ……,
d0e81a4acd55cfac60c2aa1bec155c08.bundle,俊恩聯絡說執行長找自己,Branch,#Simple,0,はい。,
d0e81a4acd55cfac60c2aa1bec155c08.bundle,俊恩聯絡說執行長找自己,Branch,#Simple,1,どうしましたか？,
d0e81a4acd55cfac60c2aa1bec155c08.bundle,俊恩聯絡說執行長找自己,Say,シュン･ゴ,1,ごめんなさい、緊急の用がありまして。,
d0e81a4acd55cfac60c2aa1bec155c08.bundle,俊恩聯絡說執行長找自己,Say,シュン･ゴ,2,今すぐ一階のホールに来てください。,
d0e81a4acd55cfac60c2aa1bec155c08.bundle,俊恩聯絡說執行長找自己,Say,シュン･ゴ,3,エレベーターの権限を与えましたので。,
d0e81a4acd55cfac60c2aa1bec155c08.bundle,俊恩聯絡說執行長找自己,Say,シュン･ゴ,4,では。,
d0e81a4acd55cfac60c2aa1bec155c08.bundle,俊恩聯絡說執行長找自己,Say,心の声,2,切られた……,
d0e81a4acd55cfac60c2aa1bec155c08.bundle,俊恩聯絡說執行長找自己,Say,リン･テイ,2,ジェイ、まずシュンに会いに行こう。,
d0e81a4acd55cfac60c2aa1bec155c08.bundle,俊恩聯絡說執行長找自己,Say,リン･テイ,3,どうせ契約まで、まだ時間があるし、スイさんたちもまだ帰ってきてないから。,
d0e81a4acd55cfac60c2aa1bec155c08.bundle,俊恩聯絡說執行長找自己,Say,心の声,3,……そうするしかないか。,
d0e81a4acd55cfac60c2aa1bec155c08.bundle,打探完成23通知,Say,23,0,ジェイ、任務完了よ。,
d0e81a4acd55cfac60c2aa1bec155c08.bundle,打探完成23通知,Say,23,1,車に戻って。,
d0e81a4acd55cfac60c2aa1bec155c08.bundle,打探完成23通知,Branch,#Simple,0,わかった。,
d0e81a4acd55cfac60c2aa1bec155c08.bundle,打探完成23通知,Branch,#Simple,1,これでいいのか？,
d0e81a4acd55cfac60c2aa1bec155c08.bundle,打探完成23通知,Say,23,2,うん。,
d0e81a4acd55cfac60c2aa1bec155c08.bundle,打探完成23通知,Say,23,3,あんたに危険なことをさせる気はないわ。,
d0e81a4acd55cfac60c2aa1bec155c08.bundle,打探完成23通知,Branch,#Simple,2,……,
d0e81a4acd55cfac60c2aa1bec155c08.bundle,打探完成23通知,Say,23,4,後はスイと助っ人に任せよう。,
d0e81a4acd55cfac60c2aa1bec155c08.bundle,打探完成23通知,Say,23,5,変ね……,
d0e81a4acd55cfac60c2aa1bec155c08.bundle,打探完成23通知,Say,23,6,度々通信が途切れるのよね……,
d0e81a4acd55cfac60c2aa1bec155c08.bundle,打探完成23通知,Say,23,7,とにかく、早く戻っておいで。,
d0e81a4acd55cfac60c2aa1bec155c08.bundle,主角不再回工廠想法,Say,心の声,0,……,
d0e81a4acd55cfac60c2aa1bec155c08.bundle,主角不再回工廠想法,Say,心の声,1,これで工場閉鎖の件も一段落か。,
d0e81a4acd55cfac60c2aa1bec155c08.bundle,主角不再回工廠想法,Say,心の声,2,この工場に来て、まだ数日だが、いろんなことが起きたな……,
d0e81a4acd55cfac60c2aa1bec155c08.bundle,主角不再回工廠想法,Say,心の声,3,ここへ来るのも今日で最後だ。,
d0e81a4acd55cfac60c2aa1bec155c08.bundle,主角不再回工廠想法,Say,心の声,4,もうここへは行かないと、リンと約束したからな……,
d0e81a4acd55cfac60c2aa1bec155c08.bundle,主角不再回工廠想法,Say,心の声,5,……,
d0e81a4acd55cfac60c2aa1bec155c08.bundle,主角不再回工廠想法,Say,心の声,6,皆に別れの挨拶をすべきだろうか…,
d0e81a4acd55cfac60c2aa1bec155c08.bundle,操作路線_回辦公室2,Say,パン･ロウ,0,シュン、来たね。,
d0e81a4acd55cfac60c2aa1bec155c08.bundle,操作路線_回辦公室2,Say,シュン･ゴ,0,パンちゃん？どうしてここに……？,
d0e81a4acd55cfac60c2aa1bec155c08.bundle,操作路線_回辦公室2,Say,パン･ロウ,1,早く早く！皆が待ってる。,
d0e81a4acd55cfac60c2aa1bec155c08.bundle,操作路線_回辦公室2,Say,パン･ロウ,2,あ、そうだ。オフィスを使わせてもらってるよ。中の機器じゃないと処理できないものがあってね。,
d0e81a4acd55cfac60c2aa1bec155c08.bundle,操作路線_回辦公室2,Say,シュン･ゴ,1,……私のオフィス？,
d0e81a4acd55cfac60c2aa1bec155c08.bundle,操作路線_回辦公室2,Say,パン･ロウ,3,シュンはもう操作組のチーフだろう？,
d0e81a4acd55cfac60c2aa1bec155c08.bundle,操作路線_回辦公室2,Say,シュン･ゴ,2,いえ、それはまだ……,
d0e81a4acd55cfac60c2aa1bec155c08.bundle,操作路線_回辦公室2,Say,パン･ロウ,4,はいはい。でも皆はもうそう思ってるよ！,
d0e81a4acd55cfac60c2aa1bec155c08.bundle,操作路線_回辦公室2,Say,シュン･ゴ,3,そんな……,
d0e81a4acd55cfac60c2aa1bec155c08.bundle,垃圾車想法,Say,心の声,0,……？,
d0e81a4acd55cfac60c2aa1bec155c08.bundle,垃圾車想法,Say,心の声,1,ゴミ収集車が工場に入っていく……？,
d0e81a4acd55cfac60c2aa1bec155c08.bundle,垃圾車想法,Say,スイ･ニン,0,どうした？,
d0e81a4acd55cfac60c2aa1bec155c08.bundle,司徒打斷垃圾車想法,Say,スイ･ニン,0,はやく乗って。,
d0e81a4acd55cfac60c2aa1bec155c08.bundle,司徒打斷垃圾車想法,Branch,#Simple,0,あのゴミ収集車は？,
d0e81a4acd55cfac60c2aa1bec155c08.bundle,司徒打斷垃圾車想法,Branch,#Simple,1,はやかったな。,
d0e81a4acd55cfac60c2aa1bec155c08.bundle,司徒打斷垃圾車想法,Say,スイ･ニン,1,そんなのはどうでもいい、乗れ。,
d0e81a4acd55cfac60c2aa1bec155c08.bundle,司徒打斷垃圾車想法,Say,心の声,0,……,
