bundle_file,node,type,role,say_index,japanese,korean
d30c62acdc62c5c962b5117bd28fb80c.bundle,第二天工廠晉篩選組辦公室,Say,リュウセイ･チョウ,0,本当に無事なんすよ！,
d30c62acdc62c5c962b5117bd28fb80c.bundle,第二天工廠晉篩選組辦公室,Say,リュウセイ･チョウ,1,ジェイさん！おはようっす！,
d30c62acdc62c5c962b5117bd28fb80c.bundle,第二天工廠晉篩選組辦公室,Say,心の声,0,リュウセイ？昨日大怪我をしたはずじゃ？,
d30c62acdc62c5c962b5117bd28fb80c.bundle,第二天工廠晉篩選組辦公室,Branch,#Simple,0,昨日、刺されたはずだよな？,
d30c62acdc62c5c962b5117bd28fb80c.bundle,第二天工廠晉篩選組辦公室,Say,リュウセイ･チョウ,2,こんなのどうってことないっすよ。,
d30c62acdc62c5c962b5117bd28fb80c.bundle,第二天工廠晉篩選組辦公室,Branch,#Simple,1,よっ。,
d30c62acdc62c5c962b5117bd28fb80c.bundle,第二天工廠晉篩選組辦公室,Say,リュウセイ･チョウ,3,ハハッ、よっ！,
d30c62acdc62c5c962b5117bd28fb80c.bundle,第二天工廠晉篩選組辦公室,Say,シンホン･ゴ,0,何が「よっ」だよ！,
d30c62acdc62c5c962b5117bd28fb80c.bundle,第二天工廠晉篩選組辦公室,Say,シンホン･ゴ,1,大丈夫ならいいが、あれは大出血だったぞ！,
d30c62acdc62c5c962b5117bd28fb80c.bundle,第二天工廠晉篩選組辦公室,Say,リュウセイ･チョウ,4,普段から身体を鍛えてるっす！,
d30c62acdc62c5c962b5117bd28fb80c.bundle,第二天工廠晉篩選組辦公室,Say,タイミン･ソウ,0,本人が大丈夫だと言ってるなら、それでいいですよ……,
d30c62acdc62c5c962b5117bd28fb80c.bundle,第二天工廠晉篩選組辦公室,Say,リュウセイ･チョウ,5,さすがタイミンの兄貴！,
d30c62acdc62c5c962b5117bd28fb80c.bundle,第二天工廠晉篩選組辦公室,Say,シンホン･ゴ,2,俺は心配してるんだ。,
d30c62acdc62c5c962b5117bd28fb80c.bundle,第二天工廠晉篩選組辦公室,Say,リュウセイ･チョウ,6,本当に大丈夫なんすよ！,
d30c62acdc62c5c962b5117bd28fb80c.bundle,第二天工廠晉篩選組辦公室,Say,リュウセイ･チョウ,7,僕のことより、あの男はどうなったっすか？,
d30c62acdc62c5c962b5117bd28fb80c.bundle,第二天工廠晉篩選組辦公室,Say,リュウセイ･チョウ,8,確か警察も来てましたよね？,
d30c62acdc62c5c962b5117bd28fb80c.bundle,第二天工廠晉篩選組辦公室,Say,タイミン･ソウ,1,ええ。彼の身分と動機を調べてくれました。,
d30c62acdc62c5c962b5117bd28fb80c.bundle,第二天工廠晉篩選組辦公室,Say,タイミン･ソウ,2,うちの工場で家族が亡くなったため、復讐しに来たらしいです。,
d30c62acdc62c5c962b5117bd28fb80c.bundle,第二天工廠晉篩選組辦公室,Say,シンホン･ゴ,3,やはりか……,
d30c62acdc62c5c962b5117bd28fb80c.bundle,第二天工廠晉篩選組辦公室,Say,リュウセイ･チョウ,9,やはり？,
d30c62acdc62c5c962b5117bd28fb80c.bundle,第二天工廠晉篩選組辦公室,Say,リュウセイ･チョウ,10,待ってください。ブレマイで人が死ぬのは結構あることなんすか？,
d30c62acdc62c5c962b5117bd28fb80c.bundle,第二天工廠晉篩選組辦公室,Say,シンホン･ゴ,4,正直言うと、俺も詳しくわからない……,
d30c62acdc62c5c962b5117bd28fb80c.bundle,第二天工廠晉篩選組辦公室,Say,リュウセイ･チョウ,11,わからない？ここで長く働いてますよね？,
d30c62acdc62c5c962b5117bd28fb80c.bundle,第二天工廠晉篩選組辦公室,Say,タイミン･ソウ,3,事故はすべてセラーで起きていたから、選別組の僕たちじゃ知りようがありません。,
d30c62acdc62c5c962b5117bd28fb80c.bundle,第二天工廠晉篩選組辦公室,Branch,#Simple,2,それは変なのでは？,
d30c62acdc62c5c962b5117bd28fb80c.bundle,第二天工廠晉篩選組辦公室,Branch,#Simple,3,でも、噂くらいは流れるのでは？,
d30c62acdc62c5c962b5117bd28fb80c.bundle,第二天工廠晉篩選組辦公室,Say,リュウセイ･チョウ,12,そうっすよ。噂にならないわけないですよね？,
d30c62acdc62c5c962b5117bd28fb80c.bundle,第二天工廠晉篩選組辦公室,Say,タイミン･ソウ,4,会社の規範と契約で制限されてますから。,
d30c62acdc62c5c962b5117bd28fb80c.bundle,第二天工廠晉篩選組辦公室,Branch,#Simple,4,……,
d30c62acdc62c5c962b5117bd28fb80c.bundle,第二天工廠晉篩選組辦公室,Say,リュウセイ･チョウ,13,何それ？,
d30c62acdc62c5c962b5117bd28fb80c.bundle,第二天工廠晉篩選組辦公室,Say,タイミン･ソウ,5,会社の規定により、権限がない限り異なる部門との情報交換できません。,
d30c62acdc62c5c962b5117bd28fb80c.bundle,第二天工廠晉篩選組辦公室,Say,リュウセイ･チョウ,14,でも、亡くなった人の家族とかも黙りなんすか？今回みたいな事件は……,
d30c62acdc62c5c962b5117bd28fb80c.bundle,第二天工廠晉篩選組辦公室,Say,シンホン･ゴ,5,通常、死者の家族は何も言わない。,
d30c62acdc62c5c962b5117bd28fb80c.bundle,第二天工廠晉篩選組辦公室,Say,シンホン･ゴ,6,演算力供給契約には事故補償があって補償金がもらえる。それに秘密保持契約も結んでいる。,
d30c62acdc62c5c962b5117bd28fb80c.bundle,第二天工廠晉篩選組辦公室,Say,タイミン･ソウ,6,シンプルに言うと工場の口止め料ですね。,
d30c62acdc62c5c962b5117bd28fb80c.bundle,第二天工廠晉篩選組辦公室,Say,心の声,1,現実的な措置だな。マイナーへの待遇を気にかけているイファの決定とは思えない。,
d30c62acdc62c5c962b5117bd28fb80c.bundle,第二天工廠晉篩選組辦公室,Branch,#Simple,5,それも全部マネージャーの方針ですか？,
d30c62acdc62c5c962b5117bd28fb80c.bundle,第二天工廠晉篩選組辦公室,Say,シンホン･ゴ,7,いや、これは本社が定めたものだ。,
d30c62acdc62c5c962b5117bd28fb80c.bundle,第二天工廠晉篩選組辦公室,Say,シンホン･ゴ,8,マネージャーはずっと修正案を提示してたが……,
d30c62acdc62c5c962b5117bd28fb80c.bundle,第二天工廠晉篩選組辦公室,Say,タイミン･ソウ,7,死亡者の家族に好き勝手言われたら、大きな風評被害になりかねませんから。,
d30c62acdc62c5c962b5117bd28fb80c.bundle,第二天工廠晉篩選組辦公室,Branch,#Simple,6,彼らには気の毒だが、会社にとっては現実的な解決策ですね。,
d30c62acdc62c5c962b5117bd28fb80c.bundle,第二天工廠晉篩選組辦公室,Say,シンホン･ゴ,9,……ああ。,
d30c62acdc62c5c962b5117bd28fb80c.bundle,第二天工廠晉篩選組辦公室,Branch,#Simple,7,……,
d30c62acdc62c5c962b5117bd28fb80c.bundle,第二天工廠晉篩選組辦公室,Say,タイミン･ソウ,8,口止めをしなければ、大きな風評被害になりますからね。,
d30c62acdc62c5c962b5117bd28fb80c.bundle,第二天工廠晉篩選組辦公室,Say,リュウセイ･チョウ,15,風評被害？,
d30c62acdc62c5c962b5117bd28fb80c.bundle,第二天工廠晉篩選組辦公室,Say,リュウセイ･チョウ,16,そんなことのために人間のプライドを捨てるんすか！,
d30c62acdc62c5c962b5117bd28fb80c.bundle,第二天工廠晉篩選組辦公室,Say,タイミン･ソウ,9,……,
d30c62acdc62c5c962b5117bd28fb80c.bundle,第二天工廠晉篩選組辦公室,Branch,#Simple,8,メディアに情報を流さす人間がいるのでは？,
d30c62acdc62c5c962b5117bd28fb80c.bundle,第二天工廠晉篩選組辦公室,Say,シンホン･ゴ,10,メディアに連絡する人もいるだろが、取り上げられることはないんだ。,
d30c62acdc62c5c962b5117bd28fb80c.bundle,第二天工廠晉篩選組辦公室,Say,シンホン･ゴ,11,万象はほとんどのメディアのスポンサーだからな。,
d30c62acdc62c5c962b5117bd28fb80c.bundle,第二天工廠晉篩選組辦公室,Branch,#Simple,9,規模の小さいメディアは？,
d30c62acdc62c5c962b5117bd28fb80c.bundle,第二天工廠晉篩選組辦公室,Say,タイミン･ソウ,10,確かに、こういう事件を報道すると閲覧数が上がる。,
d30c62acdc62c5c962b5117bd28fb80c.bundle,第二天工廠晉篩選組辦公室,Say,タイミン･ソウ,11,だが、そういう規模の小さいメディアのほとんどはSNSを拠点に活動している。全てのSNSは万象が開発したアルゴリズムを使っているんだ。,
d30c62acdc62c5c962b5117bd28fb80c.bundle,第二天工廠晉篩選組辦公室,Say,タイミン･ソウ,12,だから彼らも万象の恨みを買おうとしないのさ。,
d30c62acdc62c5c962b5117bd28fb80c.bundle,第二天工廠晉篩選組辦公室,Say,タイミン･ソウ,13,例えこういった件でバズっても、アカウントごとBANされちゃいますからね。,
d30c62acdc62c5c962b5117bd28fb80c.bundle,第二天工廠晉篩選組辦公室,Branch,#Simple,10,……,
d30c62acdc62c5c962b5117bd28fb80c.bundle,第二天工廠晉篩選組辦公室,Branch,#Simple,11,……,
d30c62acdc62c5c962b5117bd28fb80c.bundle,第二天工廠晉篩選組辦公室,Say,リュウセイ･チョウ,17,じゃ……,
d30c62acdc62c5c962b5117bd28fb80c.bundle,第二天工廠晉篩選組辦公室,Say,リュウセイ･チョウ,18,どうしてセラーでよくこんな事故が起きるんすか？,
d30c62acdc62c5c962b5117bd28fb80c.bundle,第二天工廠晉篩選組辦公室,Say,タイミン･ソウ,14,それは操作組に聞くしかありませんね。,
d30c62acdc62c5c962b5117bd28fb80c.bundle,第二天工廠晉篩選組辦公室,Say,リュウセイ･チョウ,19,……,
d30c62acdc62c5c962b5117bd28fb80c.bundle,第二天工廠晉篩選組辦公室,Say,リュウセイ･チョウ,20,操作組は自分の仕事すらうまくできないクズ野郎に聞こえるっすけど？,
d30c62acdc62c5c962b5117bd28fb80c.bundle,第二天工廠晉篩選組辦公室,Say,シンホン･ゴ,12,今まであいつらと接した経験からすると、その考えはハズレてないと思う。,
d30c62acdc62c5c962b5117bd28fb80c.bundle,第二天工廠晉篩選組辦公室,Say,タイミン･ソウ,15,そうだ。ジェイさんは今日、操作組の研修をしますよね？,
d30c62acdc62c5c962b5117bd28fb80c.bundle,第二天工廠晉篩選組辦公室,Branch,#Simple,12,はい。まさに今、チーフかマネージャーを探していたところです。,
d30c62acdc62c5c962b5117bd28fb80c.bundle,第二天工廠晉篩選組辦公室,Say,シンホン･ゴ,13,あの二人、どこに行ったかな？,
d30c62acdc62c5c962b5117bd28fb80c.bundle,第二天工廠晉篩選組辦公室,Say,タイミン･ソウ,16,昨日の件の対応でバタバタしてるかと。,
d30c62acdc62c5c962b5117bd28fb80c.bundle,第二天工廠晉篩選組辦公室,Branch,#Simple,13,こんな話を聞いたら、今日の研修が嫌になりました。,
d30c62acdc62c5c962b5117bd28fb80c.bundle,第二天工廠晉篩選組辦公室,Say,タイミン･ソウ,17,研修には一度参加した方がいいですよ。あなたの採用が関わってますから。,
d30c62acdc62c5c962b5117bd28fb80c.bundle,第二天工廠晉篩選組辦公室,Say,リュウセイ･チョウ,21,で、結局のところチーフの居場所は誰も知らないんすか？,
d30c62acdc62c5c962b5117bd28fb80c.bundle,第二天工廠晉篩選組辦公室,Say,チキョウ･リョウ,0,もうじき帰って来るさ。,
d30c62acdc62c5c962b5117bd28fb80c.bundle,第二天工廠晉篩選組辦公室,Say,チキョウ･リョウ,1,チーフはマネージャーと、昨日刺されて亡くなった職員の家族に会いに行ったんだ。,
d30c62acdc62c5c962b5117bd28fb80c.bundle,第二天工廠晉篩選組辦公室,Say,シンホン･ゴ,14,……,
d30c62acdc62c5c962b5117bd28fb80c.bundle,第二天工廠晉篩選組辦公室,Say,シンホン･ゴ,15,家族もかなり辛いだろうな……急に息子を亡くしちまうなんて……,
d30c62acdc62c5c962b5117bd28fb80c.bundle,第二天工廠晉篩選組辦公室,Say,シンホン･ゴ,16,こんなことが起きるとさ……ちょっと迷うよな……,
d30c62acdc62c5c962b5117bd28fb80c.bundle,第二天工廠晉篩選組辦公室,Say,タイミン･ソウ,18,迷うって、何がですか？,
d30c62acdc62c5c962b5117bd28fb80c.bundle,第二天工廠晉篩選組辦公室,Say,シンホン･ゴ,17,俺たちのやってること、本当にいいことなのかって。,
d30c62acdc62c5c962b5117bd28fb80c.bundle,第二天工廠晉篩選組辦公室,Say,タイミン･ソウ,19,……,
d30c62acdc62c5c962b5117bd28fb80c.bundle,第二天工廠晉篩選組辦公室,Say,シンホン･ゴ,18,実は一度、こんな他人を搾取するような仕事は辞めるべきだって、考えたことがあるんだ。,
d30c62acdc62c5c962b5117bd28fb80c.bundle,第二天工廠晉篩選組辦公室,Say,シンホン･ゴ,19,こういう悲劇が起きるのは全部演算工場のせいだから、ここを辞めちまえば……,
d30c62acdc62c5c962b5117bd28fb80c.bundle,第二天工廠晉篩選組辦公室,Say,チキョウ･リョウ,2,やめたところで、他の人が続ける。,
d30c62acdc62c5c962b5117bd28fb80c.bundle,第二天工廠晉篩選組辦公室,Say,チキョウ･リョウ,3,シンホン。このご時世、就職がどんなに厳しいかわからないのか？,
d30c62acdc62c5c962b5117bd28fb80c.bundle,第二天工廠晉篩選組辦公室,Say,シンホン･ゴ,20,そういう意味じゃないけど……,
d30c62acdc62c5c962b5117bd28fb80c.bundle,第二天工廠晉篩選組辦公室,Say,チキョウ･リョウ,4,お前が何故ブレマイの列に並ぶ人間じゃなく、彼らを選別する側の人間になれたか考えたことはあるのか？,
d30c62acdc62c5c962b5117bd28fb80c.bundle,第二天工廠晉篩選組辦公室,Say,チキョウ･リョウ,5,独立すらできないやつが、馬鹿みたいなことを考えるな。,
d30c62acdc62c5c962b5117bd28fb80c.bundle,第二天工廠晉篩選組辦公室,Say,シンホン･ゴ,21,それとこれとは別だろう！,
d30c62acdc62c5c962b5117bd28fb80c.bundle,第二天工廠晉篩選組辦公室,Say,チキョウ･リョウ,6,同じことだ！,
d30c62acdc62c5c962b5117bd28fb80c.bundle,第二天工廠晉篩選組辦公室,Say,シンホン･ゴ,22,ジジイが、また論点をすり替えやがって。,
d30c62acdc62c5c962b5117bd28fb80c.bundle,第二天工廠晉篩選組辦公室,Say,タイミン･ソウ,20,シンホン……,
d30c62acdc62c5c962b5117bd28fb80c.bundle,第二天工廠晉篩選組辦公室,Say,チキョウ･リョウ,7,……,
d30c62acdc62c5c962b5117bd28fb80c.bundle,第二天工廠晉篩選組辦公室,Say,チキョウ･リョウ,8,好きにしろ。,
d30c62acdc62c5c962b5117bd28fb80c.bundle,第二天工廠晉篩選組辦公室,Say,チキョウ･リョウ,9,俺はお前みたいな博愛精神はないから、話しても無駄だ。,
d30c62acdc62c5c962b5117bd28fb80c.bundle,第二天工廠晉篩選組辦公室,Say,チキョウ･リョウ,10,人間は与えられた仕事をちゃんとやればいい。俺にはまだ大事な仕事があるから、この話はここまでだ。,
d30c62acdc62c5c962b5117bd28fb80c.bundle,第二天工廠晉篩選組辦公室,Say,シンホン･ゴ,23,ああ、行けよ。,
d30c62acdc62c5c962b5117bd28fb80c.bundle,第二天工廠晉篩選組辦公室,Say,シンホン･ゴ,24,いつもそうだ。途中で逃げやがる。,
d30c62acdc62c5c962b5117bd28fb80c.bundle,第二天工廠晉篩選組辦公室,Say,シンホン･ゴ,25,時代遅れの老人が昔の腐った思想で俺らを縛るな。,
d30c62acdc62c5c962b5117bd28fb80c.bundle,第二天工廠晉篩選組辦公室,Branch,#Simple,14,シンホンさん、落ち着いてください。,
d30c62acdc62c5c962b5117bd28fb80c.bundle,第二天工廠晉篩選組辦公室,Say,シンホン･ゴ,26,何なんだよ！,
d30c62acdc62c5c962b5117bd28fb80c.bundle,第二天工廠晉篩選組辦公室,Say,シンホン･ゴ,27,俺はただ本当のことを言ったまでだろう。,
d30c62acdc62c5c962b5117bd28fb80c.bundle,第二天工廠晉篩選組辦公室,Branch,#Simple,15,確かにそうですね。遅れた考えで説教しないでください。,
d30c62acdc62c5c962b5117bd28fb80c.bundle,第二天工廠晉篩選組辦公室,Say,チキョウ･リョウ,11,これは俺たち二人の問題だ。口を挟むな。,
d30c62acdc62c5c962b5117bd28fb80c.bundle,第二天工廠晉篩選組辦公室,Say,シンホン･ゴ,28,彼もあんたの話にうんざりしてるんだよ。,
d30c62acdc62c5c962b5117bd28fb80c.bundle,第二天工廠晉篩選組辦公室,Branch,#Simple,16,……,
d30c62acdc62c5c962b5117bd28fb80c.bundle,第二天工廠晉篩選組辦公室,Say,シンホン･ゴ,29,……,
d30c62acdc62c5c962b5117bd28fb80c.bundle,第二天工廠晉篩選組辦公室,Say,シンホン･ゴ,30,ああ、腹立つ……,
d30c62acdc62c5c962b5117bd28fb80c.bundle,第二天工廠晉篩選組辦公室,Say,チキョウ･リョウ,12,……,
d30c62acdc62c5c962b5117bd28fb80c.bundle,第二天工廠晉篩選組辦公室,Say,チキョウ･リョウ,13,ジェイ･ダイ。チーフが戻るまで暇なんだろう？,
d30c62acdc62c5c962b5117bd28fb80c.bundle,第二天工廠晉篩選組辦公室,Say,チキョウ･リョウ,14,後で来てくれ。任せたい仕事がある。,
d30c62acdc62c5c962b5117bd28fb80c.bundle,第二天工廠晉篩選組辦公室,Say,リュウセイ･チョウ,22,……,
d30c62acdc62c5c962b5117bd28fb80c.bundle,第二天工廠晉篩選組辦公室,Say,タイミン･ソウ,21,急に喧嘩が始まるとは……,
d30c62acdc62c5c962b5117bd28fb80c.bundle,第二天工廠晉篩選組辦公室,Say,タイミン･ソウ,22,あの二人は最近よく喧嘩しますね。,
d30c62acdc62c5c962b5117bd28fb80c.bundle,第二天工廠晉篩選組辦公室,Branch,#Simple,17,理由は？,
d30c62acdc62c5c962b5117bd28fb80c.bundle,第二天工廠晉篩選組辦公室,Say,タイミン･ソウ,23,さあ。でも多分、シンホンに彼氏ができたからだと思います。,
d30c62acdc62c5c962b5117bd28fb80c.bundle,第二天工廠晉篩選組辦公室,Branch,#Simple,18,前は仲が良かったんですか？,
d30c62acdc62c5c962b5117bd28fb80c.bundle,第二天工廠晉篩選組辦公室,Say,タイミン･ソウ,24,まあ、今よりは。,
d30c62acdc62c5c962b5117bd28fb80c.bundle,第二天工廠晉篩選組辦公室,Branch,#Simple,19,……,
d30c62acdc62c5c962b5117bd28fb80c.bundle,第二天工廠晉篩選組辦公室,Say,リュウセイ･チョウ,23,……,
d30c62acdc62c5c962b5117bd28fb80c.bundle,第二天工廠晉篩選組辦公室,Say,リュウセイ･チョウ,24,シンホンさんは両親がいないんすよね？,
d30c62acdc62c5c962b5117bd28fb80c.bundle,第二天工廠晉篩選組辦公室,Say,タイミン･ソウ,25,ええ。中学の時に亡くなりました。,
d30c62acdc62c5c962b5117bd28fb80c.bundle,第二天工廠晉篩選組辦公室,Say,タイミン･ソウ,26,それで母方の叔父、つまりリョウさんが彼を引き取りました。,
d30c62acdc62c5c962b5117bd28fb80c.bundle,第二天工廠晉篩選組辦公室,Say,リュウセイ･チョウ,25,てことは、リョウさんが唯一の家族？,
d30c62acdc62c5c962b5117bd28fb80c.bundle,第二天工廠晉篩選組辦公室,Say,タイミン･ソウ,27,それはわかりません。,
d30c62acdc62c5c962b5117bd28fb80c.bundle,第二天工廠晉篩選組辦公室,Say,リュウセイ･チョウ,26,……,
d30c62acdc62c5c962b5117bd28fb80c.bundle,第二天工廠晉篩選組辦公室,Say,リュウセイ･チョウ,27,タイミンさん、シンホンさんがどこに行ったかわかります？,
d30c62acdc62c5c962b5117bd28fb80c.bundle,第二天工廠晉篩選組辦公室,Say,タイミン･ソウ,28,今？多分、お茶を入れてるかと。,
d30c62acdc62c5c962b5117bd28fb80c.bundle,第二天工廠晉篩選組辦公室,Say,タイミン･ソウ,29,こういうことの後は、いつも落ち着くためにお茶を飲むらしいです。,
d30c62acdc62c5c962b5117bd28fb80c.bundle,第二天工廠晉篩選組辦公室,Say,リュウセイ･チョウ,28,シンホンさんと話して来るっす！,
d30c62acdc62c5c962b5117bd28fb80c.bundle,第二天工廠晉篩選組辦公室,Say,タイミン･ソウ,30,ちょっ、リュウセイさん？,
d30c62acdc62c5c962b5117bd28fb80c.bundle,第二天工廠晉篩選組辦公室,Say,タイミン･ソウ,31,……,
d30c62acdc62c5c962b5117bd28fb80c.bundle,第二天工廠晉篩選組辦公室,Say,シンカ･シェ,0,あの？リュウセイさんは何をしに行ったんですか？,
d30c62acdc62c5c962b5117bd28fb80c.bundle,第二天工廠晉篩選組辦公室,Branch,#Simple,20,さあ。,
d30c62acdc62c5c962b5117bd28fb80c.bundle,第二天工廠晉篩選組辦公室,Branch,#Simple,21,シンホンと話したいそうです。,
d30c62acdc62c5c962b5117bd28fb80c.bundle,第二天工廠晉篩選組辦公室,Say,シンカ･シェ,1,そうなんですね。,
d30c62acdc62c5c962b5117bd28fb80c.bundle,第二天工廠晉篩選組辦公室,Branch,#Simple,22,……,
d30c62acdc62c5c962b5117bd28fb80c.bundle,第二天工廠晉篩選組辦公室,Say,タイミン･ソウ,32,さっきシンホンとリョウさんが喧嘩してたから。,
d30c62acdc62c5c962b5117bd28fb80c.bundle,第二天工廠晉篩選組辦公室,Say,シンカ･シェ,2,それでシンホンさんを慰めに？,
d30c62acdc62c5c962b5117bd28fb80c.bundle,第二天工廠晉篩選組辦公室,Say,タイミン･ソウ,33,おそらく。,
d30c62acdc62c5c962b5117bd28fb80c.bundle,第二天工廠晉篩選組辦公室,Say,シンカ･シェ,3,リュウセイさんってそういう気遣いする人なんだ……,
d30c62acdc62c5c962b5117bd28fb80c.bundle,第二天工廠晉篩選組辦公室,Say,シンカ･シェ,4,はぁ……それならボーちゃんも慰めてくれないかな。,
d30c62acdc62c5c962b5117bd28fb80c.bundle,第二天工廠晉篩選組辦公室,Say,タイミン･ソウ,34,またシンカさんが操作組を手伝ったことを怒ってますか？,
d30c62acdc62c5c962b5117bd28fb80c.bundle,第二天工廠晉篩選組辦公室,Say,シンカ･シェ,5,……,
d30c62acdc62c5c962b5117bd28fb80c.bundle,第二天工廠晉篩選組辦公室,Say,シンカ･シェ,6,……はい。,
d30c62acdc62c5c962b5117bd28fb80c.bundle,第二天工廠晉篩選組辦公室,Say,シンカ･シェ,7,そうだ。さっきジーンさんが探してましたよ。,
d30c62acdc62c5c962b5117bd28fb80c.bundle,第二天工廠晉篩選組辦公室,Say,シンカ･シェ,8,席まで来てほしいそうです。,
d30c62acdc62c5c962b5117bd28fb80c.bundle,第二天工廠晉篩選組辦公室,Say,タイミン･ソウ,35,わかりました。,
d30c62acdc62c5c962b5117bd28fb80c.bundle,第二天工廠晉篩選組辦公室,Say,タイミン･ソウ,36,ジェイさん。,
d30c62acdc62c5c962b5117bd28fb80c.bundle,第二天工廠晉篩選組辦公室,Say,タイミン･ソウ,37,今日の研修も頑張ってください！,
d30c62acdc62c5c962b5117bd28fb80c.bundle,第二天工廠晉篩選組辦公室,Branch,#Simple,23,ありがとうございます。,
d30c62acdc62c5c962b5117bd28fb80c.bundle,第二天工廠晉篩選組辦公室,Branch,#Simple,24,……,
d30c62acdc62c5c962b5117bd28fb80c.bundle,第二天工廠晉篩選組辦公室,Say,タイミン･ソウ,38,じゃ、ジーンさんのところに行ってきます。,
d30c62acdc62c5c962b5117bd28fb80c.bundle,跟廖哥接任務,Branch,#Simple,0,どうも。,
d30c62acdc62c5c962b5117bd28fb80c.bundle,跟廖哥接任務,Branch,#Simple,1,……,
d30c62acdc62c5c962b5117bd28fb80c.bundle,跟廖哥接任務,Say,チキョウ･リョウ,0,手伝いに来たのか？,
d30c62acdc62c5c962b5117bd28fb80c.bundle,跟廖哥接任務,Branch,#Simple,2,はい。,
d30c62acdc62c5c962b5117bd28fb80c.bundle,跟廖哥接任務,Say,チキョウ･リョウ,1,そうか。,
d30c62acdc62c5c962b5117bd28fb80c.bundle,跟廖哥接任務,Branch,#Simple,3,いいえ。,
d30c62acdc62c5c962b5117bd28fb80c.bundle,跟廖哥接任務,Say,チキョウ･リョウ,2,……,
d30c62acdc62c5c962b5117bd28fb80c.bundle,跟廖哥接任務,Say,チキョウ･リョウ,3,さっき、シンホンの肩を持ったな？,
d30c62acdc62c5c962b5117bd28fb80c.bundle,跟廖哥接任務,Say,心の声,0,口を出すべきじゃなかったな……,
d30c62acdc62c5c962b5117bd28fb80c.bundle,跟廖哥接任務,Branch,#Simple,4,彼の話が理にかなっているから。,
d30c62acdc62c5c962b5117bd28fb80c.bundle,跟廖哥接任務,Branch,#Simple,5,彼の肩を持ったわけじゃなく、あなたの意見に反対しただけです。,
d30c62acdc62c5c962b5117bd28fb80c.bundle,跟廖哥接任務,Say,チキョウ･リョウ,4,フンッ。,
d30c62acdc62c5c962b5117bd28fb80c.bundle,跟廖哥接任務,Say,チキョウ･リョウ,5,さっきはありがとう。,
d30c62acdc62c5c962b5117bd28fb80c.bundle,跟廖哥接任務,Branch,#Simple,6,いいえ、シンホンさんは言い過ぎたったので。,
d30c62acdc62c5c962b5117bd28fb80c.bundle,跟廖哥接任務,Say,チキョウ･リョウ,6,でも、あんたはシンホンの意見に賛成してるだろう？,
d30c62acdc62c5c962b5117bd28fb80c.bundle,跟廖哥接任務,Say,心の声,1,別にそんなことは……,
d30c62acdc62c5c962b5117bd28fb80c.bundle,跟廖哥接任務,Branch,#Simple,7,はい。,
d30c62acdc62c5c962b5117bd28fb80c.bundle,跟廖哥接任務,Say,チキョウ･リョウ,7,やはりか。,
d30c62acdc62c5c962b5117bd28fb80c.bundle,跟廖哥接任務,Branch,#Simple,8,いいえ。,
d30c62acdc62c5c962b5117bd28fb80c.bundle,跟廖哥接任務,Say,チキョウ･リョウ,8,ならいいが。,
d30c62acdc62c5c962b5117bd28fb80c.bundle,跟廖哥接任務,Say,心の声,2,このジジイ、本当に頑固だな……,
d30c62acdc62c5c962b5117bd28fb80c.bundle,跟廖哥接任務,Branch,#Simple,9,あなたも言い過ぎたと思います。,
d30c62acdc62c5c962b5117bd28fb80c.bundle,跟廖哥接任務,Say,チキョウ･リョウ,9,はぁ……,
d30c62acdc62c5c962b5117bd28fb80c.bundle,跟廖哥接任務,Say,チキョウ･リョウ,10,本当はあんたも彼の意見に賛成してるだろう？,
d30c62acdc62c5c962b5117bd28fb80c.bundle,跟廖哥接任務,Branch,#Simple,10,……,
d30c62acdc62c5c962b5117bd28fb80c.bundle,跟廖哥接任務,Say,チキョウ･リョウ,11,さっき俺が言ってた考えは……,
d30c62acdc62c5c962b5117bd28fb80c.bundle,跟廖哥接任務,Say,チキョウ･リョウ,12,あんたもシンホンも受け入れられないだろうな。,
d30c62acdc62c5c962b5117bd28fb80c.bundle,跟廖哥接任務,Say,チキョウ･リョウ,13,あんたらはまだ若いから、そんな幻想を信じるんだ。,
d30c62acdc62c5c962b5117bd28fb80c.bundle,跟廖哥接任務,Say,チキョウ･リョウ,14,社会をよくするのは皆の責任だ、とか。,
d30c62acdc62c5c962b5117bd28fb80c.bundle,跟廖哥接任務,Say,チキョウ･リョウ,15,社会のために貢献しなきゃ、とか。,
d30c62acdc62c5c962b5117bd28fb80c.bundle,跟廖哥接任務,Say,心の声,3,俺は、自分と身内を守れればなんでもいいと思ってる。,
d30c62acdc62c5c962b5117bd28fb80c.bundle,跟廖哥接任務,Branch,#Simple,11,はい、何か間違ってますか？,
d30c62acdc62c5c962b5117bd28fb80c.bundle,跟廖哥接任務,Say,チキョウ･リョウ,16,いや、間違ってはいない。,
d30c62acdc62c5c962b5117bd28fb80c.bundle,跟廖哥接任務,Say,チキョウ･リョウ,17,それは確かに素晴らしい考えだが、もう少し現実を見てほしいんだ。,
d30c62acdc62c5c962b5117bd28fb80c.bundle,跟廖哥接任務,Say,チキョウ･リョウ,18,自分のことですら精一杯なのに、関係のないことまで首を突っ込んでどうする？,
d30c62acdc62c5c962b5117bd28fb80c.bundle,跟廖哥接任務,Branch,#Simple,12,そういうことに首を突っ込むことで、自分が助かるかもしれません。,
d30c62acdc62c5c962b5117bd28fb80c.bundle,跟廖哥接任務,Say,心の声,4,まるでリンみたいな台詞だな……,
d30c62acdc62c5c962b5117bd28fb80c.bundle,跟廖哥接任務,Say,チキョウ･リョウ,19,それはどういう意味だ？,
d30c62acdc62c5c962b5117bd28fb80c.bundle,跟廖哥接任務,Branch,#Simple,13,社会の一員である限り、社会が良くなればその恩恵を受けられるはずです。,
d30c62acdc62c5c962b5117bd28fb80c.bundle,跟廖哥接任務,Say,チキョウ･リョウ,20,そうは言うが。,
d30c62acdc62c5c962b5117bd28fb80c.bundle,跟廖哥接任務,Say,チキョウ･リョウ,21,俺らが金持ちたちと同じ社会に生きていると思えるのか？,
d30c62acdc62c5c962b5117bd28fb80c.bundle,跟廖哥接任務,Say,チキョウ･リョウ,22,本来なら、弱者を気にかけるのは金持ちたちがすべきことだ。,
d30c62acdc62c5c962b5117bd28fb80c.bundle,跟廖哥接任務,Branch,#Simple,14,でも、いずれ私たちも弱者になるかもしれません。,
d30c62acdc62c5c962b5117bd28fb80c.bundle,跟廖哥接任務,Say,チキョウ･リョウ,23,だからこそ、自分自身に集中すべきだ。,
d30c62acdc62c5c962b5117bd28fb80c.bundle,跟廖哥接任務,Say,チキョウ･リョウ,24,他人の助けがないと生きられすらしない弱者にならないために、努力をする。,
d30c62acdc62c5c962b5117bd28fb80c.bundle,跟廖哥接任務,Branch,#Simple,15,努力をすれば弱者にならないと？,
d30c62acdc62c5c962b5117bd28fb80c.bundle,跟廖哥接任務,Say,チキョウ･リョウ,25,そうとは限らないことは認める。だがあんたらには努力するチャンスがある。,
d30c62acdc62c5c962b5117bd28fb80c.bundle,跟廖哥接任務,Say,チキョウ･リョウ,26,ブレマイに来たやつらを見てみろ。彼らは努力するチャンスすらない。,
d30c62acdc62c5c962b5117bd28fb80c.bundle,跟廖哥接任務,Say,チキョウ･リョウ,27,あんたも面接をしたから、よくわかるはずだ。,
d30c62acdc62c5c962b5117bd28fb80c.bundle,跟廖哥接任務,Say,チキョウ･リョウ,28,あんなのには絶対になるなよ。,
d30c62acdc62c5c962b5117bd28fb80c.bundle,跟廖哥接任務,Branch,#Simple,16,努力することと、他人を助けることは矛盾しないと思いますが？,
d30c62acdc62c5c962b5117bd28fb80c.bundle,跟廖哥接任務,Say,チキョウ･リョウ,29,そんなのはな、飢えたことのないやつのセリフだ。,
d30c62acdc62c5c962b5117bd28fb80c.bundle,跟廖哥接任務,Say,チキョウ･リョウ,30,日に日に生活が苦しくなる中、,
d30c62acdc62c5c962b5117bd28fb80c.bundle,跟廖哥接任務,Say,チキョウ･リョウ,31,半年後の自分がどうなって、何をしてるかなんて誰にもわからない。,
d30c62acdc62c5c962b5117bd28fb80c.bundle,跟廖哥接任務,Branch,#Simple,17,……,
d30c62acdc62c5c962b5117bd28fb80c.bundle,跟廖哥接任務,Branch,#Simple,18,そうですね。,
d30c62acdc62c5c962b5117bd28fb80c.bundle,跟廖哥接任務,Say,チキョウ･リョウ,32,老人の話に少しは耳を傾けてくれ。経験はものを言うんだ。,
d30c62acdc62c5c962b5117bd28fb80c.bundle,跟廖哥接任務,Branch,#Simple,19,いいえ、私は自分と身内を守れればなんでもいいと思ってます。,
d30c62acdc62c5c962b5117bd28fb80c.bundle,跟廖哥接任務,Say,チキョウ･リョウ,33,ほう……,
d30c62acdc62c5c962b5117bd28fb80c.bundle,跟廖哥接任務,Say,チキョウ･リョウ,34,どうやらあんたは他よりも大人なようだな。,
d30c62acdc62c5c962b5117bd28fb80c.bundle,跟廖哥接任務,Say,チキョウ･リョウ,35,さて、あんたを呼んだのは議論するためでなく、仕事を頼むためだ。,
d30c62acdc62c5c962b5117bd28fb80c.bundle,跟廖哥接任務,Say,心の声,5,この話題を始めたのはあんたのはずだ……,
d30c62acdc62c5c962b5117bd28fb80c.bundle,跟廖哥接任務,Say,チキョウ･リョウ,36,昨日の一件で、何人かの仕事に調整が入ったんだ。,
d30c62acdc62c5c962b5117bd28fb80c.bundle,跟廖哥接任務,Say,チキョウ･リョウ,37,だから彼らに知らせてほしい。,
d30c62acdc62c5c962b5117bd28fb80c.bundle,跟廖哥接任務,Branch,#Simple,20,メールで送ったらどうですか？,
d30c62acdc62c5c962b5117bd28fb80c.bundle,跟廖哥接任務,Say,チキョウ･リョウ,38,もう送ってるが、あのバカ二人は確認してないようだ。,
d30c62acdc62c5c962b5117bd28fb80c.bundle,跟廖哥接任務,Say,チキョウ･リョウ,39,問題が起きてからじゃ遅い。,
d30c62acdc62c5c962b5117bd28fb80c.bundle,跟廖哥接任務,Branch,#Simple,21,……,
d30c62acdc62c5c962b5117bd28fb80c.bundle,跟廖哥接任務,Say,チキョウ･リョウ,40,レイカ･ホウとセイ･リンに伝言を頼む。,
d30c62acdc62c5c962b5117bd28fb80c.bundle,跟廖哥接任務,Say,チキョウ･リョウ,41,レイカは修築組で、もう一人は契約ホールの廊下にいると思う。,
d30c62acdc62c5c962b5117bd28fb80c.bundle,跟廖哥接任務,Say,チキョウ･リョウ,42,彼女たちにメールを確認するように伝えてくれ。,
d30c62acdc62c5c962b5117bd28fb80c.bundle,跟廖哥接任務,Say,チキョウ･リョウ,43,でも、この件はそんなに急ぎじゃない。,
d30c62acdc62c5c962b5117bd28fb80c.bundle,跟廖哥接任務,Say,チキョウ･リョウ,44,チーフが帰ってきたなら、そっちの仕事を優先してくれ。,
d30c62acdc62c5c962b5117bd28fb80c.bundle,跟廖哥接任務,Say,チキョウ･リョウ,45,暇な時に伝えてくれれば十分だ。,
d30c62acdc62c5c962b5117bd28fb80c.bundle,跟廖哥接任務,Say,チキョウ･リョウ,46,あまりに返信がない場合は、俺自らが彼女たちの元に行く。,
d30c62acdc62c5c962b5117bd28fb80c.bundle,跟廖哥接任務,Say,チキョウ･リョウ,47,では。,
d30c62acdc62c5c962b5117bd28fb80c.bundle,跟廖哥接任務,Say,チキョウ･リョウ,48,解散だ。,
d30c62acdc62c5c962b5117bd28fb80c.bundle,離開走廊遇到阿緯,Say,イー･テイ,0,そのままでいいよ。何か問題があったら助けに行くから。,
d30c62acdc62c5c962b5117bd28fb80c.bundle,離開走廊遇到阿緯,Say,イー･テイ,1,うん、行ってらっしゃい。ありがとう。,
d30c62acdc62c5c962b5117bd28fb80c.bundle,離開走廊遇到阿緯,Say,イー･テイ,2,あっ！,
d30c62acdc62c5c962b5117bd28fb80c.bundle,離開走廊遇到阿緯,Say,イー･テイ,3,やっほー、ジェイ！,
d30c62acdc62c5c962b5117bd28fb80c.bundle,離開走廊遇到阿緯,Say,イー･テイ,4,ごめんごめん、また遅れちゃったね。,
d30c62acdc62c5c962b5117bd28fb80c.bundle,離開走廊遇到阿緯,Say,イー･テイ,5,早番で問題が起きて、それに駆り出されたんだ。,
d30c62acdc62c5c962b5117bd28fb80c.bundle,離開走廊遇到阿緯,Say,心の声,0,彼は一度も時間通りに来たことがないな。,
d30c62acdc62c5c962b5117bd28fb80c.bundle,離開走廊遇到阿緯,Say,心の声,1,いつも誰かを助けてばかりだ……,
d30c62acdc62c5c962b5117bd28fb80c.bundle,離開走廊遇到阿緯,Branch,#Simple,0,頻繁に遅れるのはあまり良くないと思います。,
d30c62acdc62c5c962b5117bd28fb80c.bundle,離開走廊遇到阿緯,Say,イー･テイ,6,ぐぐっ……！？,
d30c62acdc62c5c962b5117bd28fb80c.bundle,離開走廊遇到阿緯,Say,心の声,2,チーフに対してストレートに言い過ぎじゃないか……！？,
d30c62acdc62c5c962b5117bd28fb80c.bundle,離開走廊遇到阿緯,Say,イー･テイ,7,た、確かにね。ごめんね……,
d30c62acdc62c5c962b5117bd28fb80c.bundle,離開走廊遇到阿緯,Say,イー･テイ,8,アハハ……,
d30c62acdc62c5c962b5117bd28fb80c.bundle,離開走廊遇到阿緯,Branch,#Simple,1,問題は解決しましたか？,
d30c62acdc62c5c962b5117bd28fb80c.bundle,離開走廊遇到阿緯,Say,イー･テイ,9,ああ、危ないところだったけどね……,
d30c62acdc62c5c962b5117bd28fb80c.bundle,離開走廊遇到阿緯,Branch,#Simple,2,だったら良かったです。,
d30c62acdc62c5c962b5117bd28fb80c.bundle,離開走廊遇到阿緯,Say,イー･テイ,10,うん、ありがとう！,
d30c62acdc62c5c962b5117bd28fb80c.bundle,離開走廊遇到阿緯,Branch,#Simple,3,今後は遅れないように気をつけてください。,
d30c62acdc62c5c962b5117bd28fb80c.bundle,離開走廊遇到阿緯,Say,イー･テイ,11,うん、すまない……,
d30c62acdc62c5c962b5117bd28fb80c.bundle,離開走廊遇到阿緯,Branch,#Simple,4,……,
d30c62acdc62c5c962b5117bd28fb80c.bundle,離開走廊遇到阿緯,Branch,#Simple,5,……,
d30c62acdc62c5c962b5117bd28fb80c.bundle,離開走廊遇到阿緯,Say,イー･テイ,12,そうだ。今日は君に操作組の研修について教えなくちゃ。,
d30c62acdc62c5c962b5117bd28fb80c.bundle,離開走廊遇到阿緯,Say,心の声,3,選別組に採用されたかどうかは教えてくれないのか？,
d30c62acdc62c5c962b5117bd28fb80c.bundle,離開走廊遇到阿緯,Branch,#Simple,6,待ってください。私は選別組に採用されましたか？,
d30c62acdc62c5c962b5117bd28fb80c.bundle,離開走廊遇到阿緯,Say,イー･テイ,13,あ、そうだったね！,
d30c62acdc62c5c962b5117bd28fb80c.bundle,離開走廊遇到阿緯,Say,イー･テイ,14,ごめん、それは明日にならないとわからないかも。,
d30c62acdc62c5c962b5117bd28fb80c.bundle,離開走廊遇到阿緯,Say,イー･テイ,15,マネージャーが昨日の対応に追われてて、僕も彼女の手伝いをしないといけないんだ。,
d30c62acdc62c5c962b5117bd28fb80c.bundle,離開走廊遇到阿緯,Say,イー･テイ,16,……,
d30c62acdc62c5c962b5117bd28fb80c.bundle,離開走廊遇到阿緯,Say,イー･テイ,17,でも、不採用を言い渡される覚悟はしといた方がいいかも。,
d30c62acdc62c5c962b5117bd28fb80c.bundle,離開走廊遇到阿緯,Say,イー･テイ,18,昨日のマネージャーの反応はあまり良くなかったから……,
d30c62acdc62c5c962b5117bd28fb80c.bundle,離開走廊遇到阿緯,Say,イー･テイ,19,僕は結構褒めたんだけどね！,
d30c62acdc62c5c962b5117bd28fb80c.bundle,離開走廊遇到阿緯,Say,イー･テイ,20,契約の時はかなり好印象だったからさ！,
d30c62acdc62c5c962b5117bd28fb80c.bundle,離開走廊遇到阿緯,Say,イー･テイ,21,今はマネージャーの結果待ちだね。,
d30c62acdc62c5c962b5117bd28fb80c.bundle,離開走廊遇到阿緯,Say,イー･テイ,22,十中八九受かると思うよ！,
d30c62acdc62c5c962b5117bd28fb80c.bundle,離開走廊遇到阿緯,Say,イー･テイ,23,昨日のマネージャーは大分機嫌がよかったから。,
d30c62acdc62c5c962b5117bd28fb80c.bundle,離開走廊遇到阿緯,Say,イー･テイ,24,君の面接はかなり好印象だったらしいよ。,
d30c62acdc62c5c962b5117bd28fb80c.bundle,離開走廊遇到阿緯,Say,イー･テイ,25,確か候補者たちとの面接は素晴らしかったと言ってた！,
d30c62acdc62c5c962b5117bd28fb80c.bundle,離開走廊遇到阿緯,Say,イー･テイ,26,しかも正しい人選をしたし、採用される可能性は高いんじゃないかな？,
d30c62acdc62c5c962b5117bd28fb80c.bundle,離開走廊遇到阿緯,Say,イー･テイ,27,契約の時の立ち回りも良かったから、僕も結構褒めておいたよ。,
d30c62acdc62c5c962b5117bd28fb80c.bundle,離開走廊遇到阿緯,Say,イー･テイ,28,問題はないと思うから自信を持って！,
d30c62acdc62c5c962b5117bd28fb80c.bundle,離開走廊遇到阿緯,Say,イー･テイ,29,じゃ、これから操作組の仕事について説明するね。,
d30c62acdc62c5c962b5117bd28fb80c.bundle,離開走廊遇到阿緯,Branch,#Simple,7,……,
d30c62acdc62c5c962b5117bd28fb80c.bundle,離開走廊遇到阿緯,Say,イー･テイ,30,他の組だし、今日は操作組の人と一緒に行動してもらう。,
d30c62acdc62c5c962b5117bd28fb80c.bundle,離開走廊遇到阿緯,Branch,#Simple,8,操作組のチーフですか？,
d30c62acdc62c5c962b5117bd28fb80c.bundle,離開走廊遇到阿緯,Say,イー･テイ,31,いいや、彼はまだチーフじゃないね。,
d30c62acdc62c5c962b5117bd28fb80c.bundle,離開走廊遇到阿緯,Branch,#Simple,9,まだ？,
d30c62acdc62c5c962b5117bd28fb80c.bundle,離開走廊遇到阿緯,Say,イー･テイ,32,僕の同期で、最近昇進するはずだったんだけど……,
d30c62acdc62c5c962b5117bd28fb80c.bundle,離開走廊遇到阿緯,Say,イー･テイ,33,ちょっと問題が起きてね……,
d30c62acdc62c5c962b5117bd28fb80c.bundle,離開走廊遇到阿緯,Branch,#Simple,10,わかりました。,
d30c62acdc62c5c962b5117bd28fb80c.bundle,離開走廊遇到阿緯,Branch,#Simple,11,その問題とは？,
d30c62acdc62c5c962b5117bd28fb80c.bundle,離開走廊遇到阿緯,Say,イー･テイ,34,……ごめん、僕からは言えないよ。,
d30c62acdc62c5c962b5117bd28fb80c.bundle,離開走廊遇到阿緯,Say,イー･テイ,35,知りたかったら彼に聞いて。,
d30c62acdc62c5c962b5117bd28fb80c.bundle,離開走廊遇到阿緯,Say,心の声,4,気まずそうに笑ってる……,
d30c62acdc62c5c962b5117bd28fb80c.bundle,離開走廊遇到阿緯,Branch,#Simple,12,……,
d30c62acdc62c5c962b5117bd28fb80c.bundle,離開走廊遇到阿緯,Say,イー･テイ,36,ゴホン！,
d30c62acdc62c5c962b5117bd28fb80c.bundle,離開走廊遇到阿緯,Branch,#Simple,13,なぜ今回はチーフじゃないんですか？,
d30c62acdc62c5c962b5117bd28fb80c.bundle,離開走廊遇到阿緯,Say,イー･テイ,37,えっとね……,
d30c62acdc62c5c962b5117bd28fb80c.bundle,離開走廊遇到阿緯,Say,イー･テイ,38,操作組はうちとはちょっと状況が違うんだ。,
d30c62acdc62c5c962b5117bd28fb80c.bundle,離開走廊遇到阿緯,Say,心の声,5,表情を見るに、ちょっとどころじゃなさそうだ……,
d30c62acdc62c5c962b5117bd28fb80c.bundle,離開走廊遇到阿緯,Say,イー･テイ,39,でも大丈夫、信頼できる人だから。,
d30c62acdc62c5c962b5117bd28fb80c.bundle,離開走廊遇到阿緯,Branch,#Simple,14,……,
d30c62acdc62c5c962b5117bd28fb80c.bundle,離開走廊遇到阿緯,Branch,#Simple,15,なぜチーフが案内をしないんですか？,
d30c62acdc62c5c962b5117bd28fb80c.bundle,離開走廊遇到阿緯,Say,イー･テイ,40,組には組の事情があるって言ったろう。,
d30c62acdc62c5c962b5117bd28fb80c.bundle,離開走廊遇到阿緯,Say,イー･テイ,41,大丈夫、信頼できる人だよ。,
d30c62acdc62c5c962b5117bd28fb80c.bundle,離開走廊遇到阿緯,Branch,#Simple,16,……,
d30c62acdc62c5c962b5117bd28fb80c.bundle,離開走廊遇到阿緯,Say,イー･テイ,42,名前はシュン･ゴ。,
d30c62acdc62c5c962b5117bd28fb80c.bundle,離開走廊遇到阿緯,Say,イー･テイ,43,準備ができたら教えて、シュンをB7に呼ぶから。,
d30c62acdc62c5c962b5117bd28fb80c.bundle,離開走廊遇到阿緯,Branch,#Simple,17,さっき、リョウさんに仕事を頼まれたんです。,
d30c62acdc62c5c962b5117bd28fb80c.bundle,離開走廊遇到阿緯,Say,イー･テイ,44,そっか。じゃ、ちょうどいいね。,
d30c62acdc62c5c962b5117bd28fb80c.bundle,離開走廊遇到阿緯,Branch,#Simple,18,……,
d30c62acdc62c5c962b5117bd28fb80c.bundle,離開走廊遇到阿緯,Say,イー･テイ,45,操作組は昨日の一件で、マネージャーから散々怒られたんだ。,
d30c62acdc62c5c962b5117bd28fb80c.bundle,離開走廊遇到阿緯,Say,イー･テイ,46,そっちのチーフは詳細な反省報告書を書かされている。,
d30c62acdc62c5c962b5117bd28fb80c.bundle,離開走廊遇到阿緯,Say,イー･テイ,47,今までの経験上、それは多分シュンに全部任せたんだろうね。,
d30c62acdc62c5c962b5117bd28fb80c.bundle,離開走廊遇到阿緯,Branch,#Simple,19,昨日の件は操作組と何か関係が？,
d30c62acdc62c5c962b5117bd28fb80c.bundle,離開走廊遇到阿緯,Say,イー･テイ,48,あっ、知らないの？,
d30c62acdc62c5c962b5117bd28fb80c.bundle,離開走廊遇到阿緯,Say,イー･テイ,49,昨日の襲撃者はね……,
d30c62acdc62c5c962b5117bd28fb80c.bundle,離開走廊遇到阿緯,Say,イー･テイ,50,家族がセラーで事故死したことに対して、復讐しに来たんだ。,
d30c62acdc62c5c962b5117bd28fb80c.bundle,離開走廊遇到阿緯,Say,イー･テイ,51,だからセラーを管理している操作組も責任を追及された。,
d30c62acdc62c5c962b5117bd28fb80c.bundle,離開走廊遇到阿緯,Branch,#Simple,20,操作組のチーフは無責任のように聞こえます。,
d30c62acdc62c5c962b5117bd28fb80c.bundle,離開走廊遇到阿緯,Say,イー･テイ,52,うん。個人的には、彼はチーフ失格だと思っている。,
d30c62acdc62c5c962b5117bd28fb80c.bundle,離開走廊遇到阿緯,Say,心の声,6,厳しい評価だ。,
d30c62acdc62c5c962b5117bd28fb80c.bundle,離開走廊遇到阿緯,Branch,#Simple,21,……,
d30c62acdc62c5c962b5117bd28fb80c.bundle,離開走廊遇到阿緯,Say,イー･テイ,53,彼も今日中に報告書を仕上げないといけないから、多分立て込んでるだろうね。,
d30c62acdc62c5c962b5117bd28fb80c.bundle,離開走廊遇到阿緯,Say,イー･テイ,54,だから呼んでも来るまでちょっと時間がかかりそうだ。,
d30c62acdc62c5c962b5117bd28fb80c.bundle,離開走廊遇到阿緯,Say,イー･テイ,55,少し待ってあげよう。,
d30c62acdc62c5c962b5117bd28fb80c.bundle,離開走廊遇到阿緯,Branch,#Simple,22,シュン･ゴはどんな人ですか？,
d30c62acdc62c5c962b5117bd28fb80c.bundle,離開走廊遇到阿緯,Say,イー･テイ,56,なぜ僕に聞くの？,
d30c62acdc62c5c962b5117bd28fb80c.bundle,離開走廊遇到阿緯,Branch,#Simple,23,他に聞ける人がいないから？,
d30c62acdc62c5c962b5117bd28fb80c.bundle,離開走廊遇到阿緯,Say,イー･テイ,57,それもそうか。ハハ！,
d30c62acdc62c5c962b5117bd28fb80c.bundle,離開走廊遇到阿緯,Branch,#Simple,24,知り合いみたいですから。,
d30c62acdc62c5c962b5117bd28fb80c.bundle,離開走廊遇到阿緯,Say,イー･テイ,58,まあ、知り合いではあるね。,
d30c62acdc62c5c962b5117bd28fb80c.bundle,離開走廊遇到阿緯,Say,イー･テイ,59,昔は……,
d30c62acdc62c5c962b5117bd28fb80c.bundle,離開走廊遇到阿緯,Say,イー･テイ,60,シュンはとても有能な人なんだ。,
d30c62acdc62c5c962b5117bd28fb80c.bundle,離開走廊遇到阿緯,Say,イー･テイ,61,まあ、冷たいところもあるけど良いやつだよ。,
d30c62acdc62c5c962b5117bd28fb80c.bundle,離開走廊遇到阿緯,Say,イー･テイ,62,たまに頑固なところもあるけどね……,
d30c62acdc62c5c962b5117bd28fb80c.bundle,離開走廊遇到阿緯,Say,イー･テイ,63,まあ、普段は信頼できる良いやつだよ。,
d30c62acdc62c5c962b5117bd28fb80c.bundle,離開走廊遇到阿緯,Branch,#Simple,25,なるほど、ありがとうございます。,
d30c62acdc62c5c962b5117bd28fb80c.bundle,離開走廊遇到阿緯,Say,イー･テイ,64,どういたしまして。,
d30c62acdc62c5c962b5117bd28fb80c.bundle,離開走廊遇到阿緯,Branch,#Simple,26,信頼できるのと、接しやすいのは違うと思います。,
d30c62acdc62c5c962b5117bd28fb80c.bundle,離開走廊遇到阿緯,Say,イー･テイ,65,それもそうか。ハハハ！,
d30c62acdc62c5c962b5117bd28fb80c.bundle,離開走廊遇到阿緯,Say,イー･テイ,66,大丈夫。彼は真面目なだけで、悪い人じゃないんだ。,
d30c62acdc62c5c962b5117bd28fb80c.bundle,離開走廊遇到阿緯,Say,イー･テイ,67,会えばわかる。,
d30c62acdc62c5c962b5117bd28fb80c.bundle,離開走廊遇到阿緯,Branch,#Simple,27,……,
d30c62acdc62c5c962b5117bd28fb80c.bundle,離開走廊遇到阿緯,Branch,#Simple,28,……,
d30c62acdc62c5c962b5117bd28fb80c.bundle,離開走廊遇到阿緯,Say,イー･テイ,68,そうだ。もし他の用事があるなら、そっちを先に済ませな。,
d30c62acdc62c5c962b5117bd28fb80c.bundle,離開走廊遇到阿緯,Say,イー･テイ,69,セラーに降りたらしばらくは戻れないから。,
d30c62acdc62c5c962b5117bd28fb80c.bundle,離開走廊遇到阿緯,Say,イー･テイ,70,どうする？今すぐ行く？それとも他に用事がある？,
d30c62acdc62c5c962b5117bd28fb80c.bundle,離開走廊遇到阿緯,Branch,#Simple,29,他の用事があります。,
d30c62acdc62c5c962b5117bd28fb80c.bundle,離開走廊遇到阿緯,Branch,#Simple,30,もう少し考えます。,
d30c62acdc62c5c962b5117bd28fb80c.bundle,離開走廊遇到阿緯,Say,イー･テイ,71,うん、席で待ってるから。,
d30c62acdc62c5c962b5117bd28fb80c.bundle,離開走廊遇到阿緯,Say,イー･テイ,72,準備ができたら教えて。,
d30c62acdc62c5c962b5117bd28fb80c.bundle,離開走廊遇到阿緯,Branch,#Simple,31,特に用事はないので、今すぐ行きたいです。,
d30c62acdc62c5c962b5117bd28fb80c.bundle,離開走廊遇到阿緯,Say,イー･テイ,73,わかった。じゃ、シュンに知らせるね。,
d30c62acdc62c5c962b5117bd28fb80c.bundle,離開走廊遇到阿緯,Say,イー･テイ,74,そのまま修築組に行って待てばいいよ。,
d30c62acdc62c5c962b5117bd28fb80c.bundle,離開走廊遇到阿緯,Say,イー･テイ,75,修築組の廊下で待ってるはずだから、エレベーターから出て左へ向かえばいいよ。,
d30c62acdc62c5c962b5117bd28fb80c.bundle,離開走廊遇到阿緯,Say,イー･テイ,76,じゃ、マネージャーを待たせてるからもう行くね。,
d30c62acdc62c5c962b5117bd28fb80c.bundle,離開走廊遇到阿緯,Say,イー･テイ,77,頑張って。,
d30c62acdc62c5c962b5117bd28fb80c.bundle,第一次遇到俊恩,Say,シュン･ゴ,0,ジェイ･ダイ、ですね？,
d30c62acdc62c5c962b5117bd28fb80c.bundle,第一次遇到俊恩,Branch,#Simple,0,はい、初めまして。,
d30c62acdc62c5c962b5117bd28fb80c.bundle,第一次遇到俊恩,Branch,#Simple,1,なぜ私の名前を？,
d30c62acdc62c5c962b5117bd28fb80c.bundle,第一次遇到俊恩,Say,シュン･ゴ,1,資料で読んだので。,
d30c62acdc62c5c962b5117bd28fb80c.bundle,第一次遇到俊恩,Branch,#Simple,2,……,
d30c62acdc62c5c962b5117bd28fb80c.bundle,第一次遇到俊恩,Say,シュン･ゴ,2,待たせると悪いから、少し早めに来ました。,
d30c62acdc62c5c962b5117bd28fb80c.bundle,第一次遇到俊恩,Branch,#Simple,3,あなたは……,
d30c62acdc62c5c962b5117bd28fb80c.bundle,第一次遇到俊恩,Say,シュン･ゴ,3,私はシュン･ゴです。,
d30c62acdc62c5c962b5117bd28fb80c.bundle,第一次遇到俊恩,Branch,#Simple,4,シュン･ゴ、ですね？,
d30c62acdc62c5c962b5117bd28fb80c.bundle,第一次遇到俊恩,Say,シュン･ゴ,4,ええ。,
d30c62acdc62c5c962b5117bd28fb80c.bundle,第一次遇到俊恩,Branch,#Simple,5,……,
d30c62acdc62c5c962b5117bd28fb80c.bundle,第一次遇到俊恩,Say,シュン･ゴ,5,今日の操作組の研修は私が担当します。,
d30c62acdc62c5c962b5117bd28fb80c.bundle,第一次遇到俊恩,Say,心の声,0,まさか俺より早く着くとは……,
d30c62acdc62c5c962b5117bd28fb80c.bundle,第一次遇到俊恩,Branch,#Simple,6,チーフから今日は操作組の人たちは忙しいと聞きましたが。,
d30c62acdc62c5c962b5117bd28fb80c.bundle,第一次遇到俊恩,Say,シュン･ゴ,6,「チーフ」？,
d30c62acdc62c5c962b5117bd28fb80c.bundle,第一次遇到俊恩,Say,シュン･ゴ,7,もう選別組に入ると決めたのですか？,
d30c62acdc62c5c962b5117bd28fb80c.bundle,第一次遇到俊恩,Branch,#Simple,7,いいえ、ついそう言ってしまっただけです。,
d30c62acdc62c5c962b5117bd28fb80c.bundle,第一次遇到俊恩,Branch,#Simple,8,ああ。,
d30c62acdc62c5c962b5117bd28fb80c.bundle,第一次遇到俊恩,Say,シュン･ゴ,8,……,
d30c62acdc62c5c962b5117bd28fb80c.bundle,第一次遇到俊恩,Say,シュン･ゴ,9,まあ、それはそれでいいです。,
d30c62acdc62c5c962b5117bd28fb80c.bundle,第一次遇到俊恩,Branch,#Simple,9,どういう意味ですか？,
d30c62acdc62c5c962b5117bd28fb80c.bundle,第一次遇到俊恩,Say,シュン･ゴ,10,いいえ。,
d30c62acdc62c5c962b5117bd28fb80c.bundle,第一次遇到俊恩,Branch,#Simple,10,……,
d30c62acdc62c5c962b5117bd28fb80c.bundle,第一次遇到俊恩,Say,シュン･ゴ,11,確かに私にはまだ、用事が残ってます。,
d30c62acdc62c5c962b5117bd28fb80c.bundle,第一次遇到俊恩,Branch,#Simple,11,報告書は終わりましたか？,
d30c62acdc62c5c962b5117bd28fb80c.bundle,第一次遇到俊恩,Say,シュン･ゴ,12,報告書？,
d30c62acdc62c5c962b5117bd28fb80c.bundle,第一次遇到俊恩,Say,シュン･ゴ,13,ああ、イー･テイから聞いたのですね。,
d30c62acdc62c5c962b5117bd28fb80c.bundle,第一次遇到俊恩,Say,シュン･ゴ,14,彼はいつもそうやって他人の心配ばかり……,
d30c62acdc62c5c962b5117bd28fb80c.bundle,第一次遇到俊恩,Say,心の声,1,確かに世話を焼きすぎだ……,
d30c62acdc62c5c962b5117bd28fb80c.bundle,第一次遇到俊恩,Say,シュン･ゴ,15,報告書はまだ終わってません。,
d30c62acdc62c5c962b5117bd28fb80c.bundle,第一次遇到俊恩,Branch,#Simple,12,……,
d30c62acdc62c5c962b5117bd28fb80c.bundle,第一次遇到俊恩,Say,シュン･ゴ,16,あなたの研修の方が重要だと思ったから、先にこちらへ来ました。,
d30c62acdc62c5c962b5117bd28fb80c.bundle,第一次遇到俊恩,Say,シュン･ゴ,17,報告書は私だけの問題なので、あなたに迷惑をかけたくありません。,
d30c62acdc62c5c962b5117bd28fb80c.bundle,第一次遇到俊恩,Say,シュン･ゴ,18,それに、私は遅刻が嫌いです。,
d30c62acdc62c5c962b5117bd28fb80c.bundle,第一次遇到俊恩,Say,心の声,2,その点においてはイー･テイよりいいな。,
d30c62acdc62c5c962b5117bd28fb80c.bundle,第一次遇到俊恩,Say,シュン･ゴ,19,セラーを案内しますね。,
d30c62acdc62c5c962b5117bd28fb80c.bundle,第一次遇到俊恩,Say,シュン･ゴ,20,準備はいいですか？,
d30c62acdc62c5c962b5117bd28fb80c.bundle,第一次遇到俊恩,Branch,#Simple,13,はい。,
d30c62acdc62c5c962b5117bd28fb80c.bundle,第一次遇到俊恩,Say,シュン･ゴ,21,わかりました。,
d30c62acdc62c5c962b5117bd28fb80c.bundle,第一次遇到俊恩,Branch,#Simple,14,もう少し待ってください。,
d30c62acdc62c5c962b5117bd28fb80c.bundle,第一次遇到俊恩,Say,シュン･ゴ,22,……,
d30c62acdc62c5c962b5117bd28fb80c.bundle,第一次遇到俊恩,Say,シュン･ゴ,23,わかりました。,
d30c62acdc62c5c962b5117bd28fb80c.bundle,地窖電梯導覽,Say,シュン･ゴ,0,このエレベーターは沢山の階層に止まります。,
d30c62acdc62c5c962b5117bd28fb80c.bundle,地窖電梯導覽,Say,シュン･ゴ,1,でも他のエレベーターと同じく、権限のある階層にしか止まりません。,
d30c62acdc62c5c962b5117bd28fb80c.bundle,地窖電梯導覽,Branch,#Simple,0,どんな階層があるんですか？,
d30c62acdc62c5c962b5117bd28fb80c.bundle,地窖電梯導覽,Branch,#Simple,1,権限が必要な階層はどんな場所ですか？,
d30c62acdc62c5c962b5117bd28fb80c.bundle,地窖電梯導覽,Say,シュン･ゴ,2,正直言うと、私にもわかりません。,
d30c62acdc62c5c962b5117bd28fb80c.bundle,地窖電梯導覽,Say,心の声,0,エレベーターの行き先すらわからないのか……？,
d30c62acdc62c5c962b5117bd28fb80c.bundle,地窖電梯導覽,Say,シュン･ゴ,3,不思議に思えるかも知れませんが、万象の方針です。,
d30c62acdc62c5c962b5117bd28fb80c.bundle,地窖電梯導覽,Say,シュン･ゴ,4,万象は情報漏えいにとても厳しく、仕事の規範からこういった物理的な制限が細かく設定されています。,
d30c62acdc62c5c962b5117bd28fb80c.bundle,地窖電梯導覽,Say,シュン･ゴ,5,万象の事業は全て自社開発技術の上に成り立っていますから。,
d30c62acdc62c5c962b5117bd28fb80c.bundle,地窖電梯導覽,Say,シュン･ゴ,6,必要がない限り、職員同士の交流すら許されません。,
d30c62acdc62c5c962b5117bd28fb80c.bundle,地窖電梯導覽,Say,シュン･ゴ,7,そのせいで、ほとんどの職員は我々操作組の仕事を知りません。,
d30c62acdc62c5c962b5117bd28fb80c.bundle,地窖電梯導覽,Say,心の声,1,その件に対して困っているようだ……,
d30c62acdc62c5c962b5117bd28fb80c.bundle,地窖電梯導覽,Say,シュン･ゴ,8,演算システムを管理している部門としか、認識されていないでしょうね。,
d30c62acdc62c5c962b5117bd28fb80c.bundle,地窖電梯導覽,Branch,#Simple,2,新人の私がそれを聞いても大丈夫なんですか？,
d30c62acdc62c5c962b5117bd28fb80c.bundle,地窖電梯導覽,Say,シュン･ゴ,9,はい。,
d30c62acdc62c5c962b5117bd28fb80c.bundle,地窖電梯導覽,Say,シュン･ゴ,10,この二日間であなたは工場の大部分を見学しますが、核となる業務に関わることはありません。,
d30c62acdc62c5c962b5117bd28fb80c.bundle,地窖電梯導覽,Say,心の声,2,つまり昨日の選別組も、この工場の核となる仕事じゃないと？,
d30c62acdc62c5c962b5117bd28fb80c.bundle,地窖電梯導覽,Say,シュン･ゴ,11,今日も重要な仕事をさせることはありません。,
d30c62acdc62c5c962b5117bd28fb80c.bundle,地窖電梯導覽,Say,シュン･ゴ,12,どちらかというと体験入社みたいなものになるでしょう。,
d30c62acdc62c5c962b5117bd28fb80c.bundle,地窖電梯導覽,Branch,#Simple,3,でも私は昨日、選別組のほとんどの仕事をやりました。,
d30c62acdc62c5c962b5117bd28fb80c.bundle,地窖電梯導覽,Say,シュン･ゴ,13,面接と契約ですか？,
d30c62acdc62c5c962b5117bd28fb80c.bundle,地窖電梯導覽,Say,心の声,3,なぜわかったんだ？,
d30c62acdc62c5c962b5117bd28fb80c.bundle,地窖電梯導覽,Branch,#Simple,4,どうしてわかったんですか？,
d30c62acdc62c5c962b5117bd28fb80c.bundle,地窖電梯導覽,Say,シュン･ゴ,14,私はかつて選別組にいたので、すべてを経験しています。,
d30c62acdc62c5c962b5117bd28fb80c.bundle,地窖電梯導覽,Branch,#Simple,5,そうです。,
d30c62acdc62c5c962b5117bd28fb80c.bundle,地窖電梯導覽,Say,心の声,4,笑った。,
d30c62acdc62c5c962b5117bd28fb80c.bundle,地窖電梯導覽,Branch,#Simple,6,……,
d30c62acdc62c5c962b5117bd28fb80c.bundle,地窖電梯導覽,Say,シュン･ゴ,15,確かにあれはメインの業務ですが、一番重要なのは万象の選別システムと演算力管理です。,
d30c62acdc62c5c962b5117bd28fb80c.bundle,地窖電梯導覽,Say,シュン･ゴ,16,地上エリアの営業担当とかは、なおさら厳重に管理されてます。,
d30c62acdc62c5c962b5117bd28fb80c.bundle,地窖電梯導覽,Say,シュン･ゴ,17,あなたが昨日体験した仕事は、選別組の一部分にすぎません。,
d30c62acdc62c5c962b5117bd28fb80c.bundle,地窖電梯導覽,Say,シュン･ゴ,18,それに、それはほとんどの演算工場がやっていることであって、万象特有のやり方や技術ではありません。,
d30c62acdc62c5c962b5117bd28fb80c.bundle,地窖電梯導覽,Branch,#Simple,7,本当にそんな気楽なものならいいですが。,
d30c62acdc62c5c962b5117bd28fb80c.bundle,地窖電梯導覽,Say,シュン･ゴ,19,すみません、軽はずみでした。,
d30c62acdc62c5c962b5117bd28fb80c.bundle,地窖電梯導覽,Say,シュン･ゴ,20,核となる業務でなくても、仕事は仕事です。,
d30c62acdc62c5c962b5117bd28fb80c.bundle,地窖電梯導覽,Say,シュン･ゴ,21,……,
d30c62acdc62c5c962b5117bd28fb80c.bundle,地窖電梯導覽,Say,シュン･ゴ,22,昨日は面接と契約を体験しましたね？,
d30c62acdc62c5c962b5117bd28fb80c.bundle,地窖電梯導覽,Branch,#Simple,8,……,
d30c62acdc62c5c962b5117bd28fb80c.bundle,地窖電梯導覽,Branch,#Simple,9,なら私は選別組の皆より、操作組を知ることになるってことですか？,
d30c62acdc62c5c962b5117bd28fb80c.bundle,地窖電梯導覽,Say,シュン･ゴ,23,変な話かもしれませんが、その通りです。,
d30c62acdc62c5c962b5117bd28fb80c.bundle,地窖電梯導覽,Say,シュン･ゴ,24,応募者に二つの組を体験させる取り組みは、マネージャーが最近になって実施したものです。,
d30c62acdc62c5c962b5117bd28fb80c.bundle,地窖電梯導覽,Say,シュン･ゴ,25,多分、二つの組の衝突を減らしたいのでしょう……,
d30c62acdc62c5c962b5117bd28fb80c.bundle,地窖電梯導覽,Say,シュン･ゴ,26,でも、その効果は疑わしいですね。浅はかな研修だけでは、両者の具体的な状況を正しく理解できません。,
d30c62acdc62c5c962b5117bd28fb80c.bundle,地窖電梯導覽,Branch,#Simple,10,……,
d30c62acdc62c5c962b5117bd28fb80c.bundle,地窖電梯導覽,Branch,#Simple,11,……,
d30c62acdc62c5c962b5117bd28fb80c.bundle,地窖電梯導覽,Say,シュン･ゴ,27,……,
d30c62acdc62c5c962b5117bd28fb80c.bundle,地窖電梯導覽,Say,シュン･ゴ,28,もうすぐで中央制御エリアに入ります。,
d30c62acdc62c5c962b5117bd28fb80c.bundle,初入操作組,Say,ケイ･コ,0,おい、どこをほっつき歩いてた？,
d30c62acdc62c5c962b5117bd28fb80c.bundle,初入操作組,Say,シュン･ゴ,0,新人を迎えに行ってました、チーフ。,
d30c62acdc62c5c962b5117bd28fb80c.bundle,初入操作組,Say,ケイ･コ,1,報告書はまだか？,
d30c62acdc62c5c962b5117bd28fb80c.bundle,初入操作組,Say,シュン･ゴ,1,今日中に提出します。,
d30c62acdc62c5c962b5117bd28fb80c.bundle,初入操作組,Say,ケイ･コ,2,こいつが？,
d30c62acdc62c5c962b5117bd28fb80c.bundle,初入操作組,Say,ケイ･コ,3,おい、お前が新人か？,
d30c62acdc62c5c962b5117bd28fb80c.bundle,初入操作組,Say,心の声,0,態度悪いな……,
d30c62acdc62c5c962b5117bd28fb80c.bundle,初入操作組,Branch,#Simple,0,はい、ジェイ･ダイと申します。,
d30c62acdc62c5c962b5117bd28fb80c.bundle,初入操作組,Say,ケイ･コ,4,新人かと聞いたんだ。｢はい｣か｢いいえ｣だけを答えろ。,
d30c62acdc62c5c962b5117bd28fb80c.bundle,初入操作組,Say,ケイ･コ,5,お前の名前なんてどうでもいい。,
d30c62acdc62c5c962b5117bd28fb80c.bundle,初入操作組,Say,ケイ･コ,6,それくらいわからないのか？,
d30c62acdc62c5c962b5117bd28fb80c.bundle,初入操作組,Branch,#Simple,1,それは、あまりにも失礼では？,
d30c62acdc62c5c962b5117bd28fb80c.bundle,初入操作組,Say,ケイ･コ,7,失礼だから何なんだ？,
d30c62acdc62c5c962b5117bd28fb80c.bundle,初入操作組,Branch,#Simple,2,殴ってしまうかもしれません。,
d30c62acdc62c5c962b5117bd28fb80c.bundle,初入操作組,Say,心の声,1,言い過ぎたか……,
d30c62acdc62c5c962b5117bd28fb80c.bundle,初入操作組,Say,心の声,2,けど、俺は悪くない。,
d30c62acdc62c5c962b5117bd28fb80c.bundle,初入操作組,Say,ケイ･コ,8,……,
d30c62acdc62c5c962b5117bd28fb80c.bundle,初入操作組,Say,ケイ･コ,9,これが偉大なるAI様が選んだ人材か？,
d30c62acdc62c5c962b5117bd28fb80c.bundle,初入操作組,Branch,#Simple,3,マネージャーに報告します。,
d30c62acdc62c5c962b5117bd28fb80c.bundle,初入操作組,Say,心の声,3,シュン･ゴがこちらを見た……,
d30c62acdc62c5c962b5117bd28fb80c.bundle,初入操作組,Say,ケイ･コ,10,あんなばあさんが俺に何かできるとでも？,
d30c62acdc62c5c962b5117bd28fb80c.bundle,初入操作組,Say,ケイ･コ,11,好きなだけ報告しな。俺は別に構わん。,
d30c62acdc62c5c962b5117bd28fb80c.bundle,初入操作組,Branch,#Simple,4,特に何もないですよ。ただあなたのことを嫌いになるだけです。,
d30c62acdc62c5c962b5117bd28fb80c.bundle,初入操作組,Say,ケイ･コ,12,ふん、ずいぶんな言いようだな！,
d30c62acdc62c5c962b5117bd28fb80c.bundle,初入操作組,Say,ケイ･コ,13,いい度胸じゃないか。,
d30c62acdc62c5c962b5117bd28fb80c.bundle,初入操作組,Branch,#Simple,5,すみません。,
d30c62acdc62c5c962b5117bd28fb80c.bundle,初入操作組,Say,ケイ･コ,14,ほう、ただのでくのぼうだと思ったら、案外従順じゃないか。,
d30c62acdc62c5c962b5117bd28fb80c.bundle,初入操作組,Branch,#Simple,6,……,
d30c62acdc62c5c962b5117bd28fb80c.bundle,初入操作組,Branch,#Simple,7,それは少し失礼じゃありませんか？,
d30c62acdc62c5c962b5117bd28fb80c.bundle,初入操作組,Say,ケイ･コ,15,ほう、そうかい？,
d30c62acdc62c5c962b5117bd28fb80c.bundle,初入操作組,Say,ケイ･コ,16,あなた様が待ちかねた新人様ですかね？,
d30c62acdc62c5c962b5117bd28fb80c.bundle,初入操作組,Say,心の声,4,嫌な言い方だ……,
d30c62acdc62c5c962b5117bd28fb80c.bundle,初入操作組,Branch,#Simple,8,はい、ジェイ･ダイと言います。,
d30c62acdc62c5c962b5117bd28fb80c.bundle,初入操作組,Say,ケイ･コ,17,お前の名前なんてどうでもいい。,
d30c62acdc62c5c962b5117bd28fb80c.bundle,初入操作組,Say,ケイ･コ,18,それくらいわかるだろ？,
d30c62acdc62c5c962b5117bd28fb80c.bundle,初入操作組,Branch,#Simple,9,その態度はやめてください。,
d30c62acdc62c5c962b5117bd28fb80c.bundle,初入操作組,Branch,#Simple,10,逆に何だと思ったんですか？,
d30c62acdc62c5c962b5117bd28fb80c.bundle,初入操作組,Say,ケイ･コ,19,ほう、ずいぶんと生意気なやつが来たな。,
d30c62acdc62c5c962b5117bd28fb80c.bundle,初入操作組,Say,ケイ･コ,20,まあいいさ。,
d30c62acdc62c5c962b5117bd28fb80c.bundle,初入操作組,Say,ケイ･コ,21,適当に研修を終わらせて、帰してくれ。,
d30c62acdc62c5c962b5117bd28fb80c.bundle,初入操作組,Say,心の声,5,なに……？,
d30c62acdc62c5c962b5117bd28fb80c.bundle,初入操作組,Say,ケイ･コ,22,うちは人手が間に合ってるんだ。研修は会社の決まりだから、それだけはさせてやるよ。,
d30c62acdc62c5c962b5117bd28fb80c.bundle,初入操作組,Say,ケイ･コ,23,終わったらさっさと消えな。,
d30c62acdc62c5c962b5117bd28fb80c.bundle,初入操作組,Say,ケイ･コ,24,お前も、そんなくだらないことで時間を費やすな。,
d30c62acdc62c5c962b5117bd28fb80c.bundle,初入操作組,Say,ケイ･コ,25,オフィスで待ってる。わかったか？,
d30c62acdc62c5c962b5117bd28fb80c.bundle,初入操作組,Say,シュン･ゴ,2,はい。,
d30c62acdc62c5c962b5117bd28fb80c.bundle,初入操作組,Say,心の声,6,なんてやつだ……,
d30c62acdc62c5c962b5117bd28fb80c.bundle,初入操作組,Say,シュン･ゴ,3,すみません。嫌な思いをさせましたね。,
d30c62acdc62c5c962b5117bd28fb80c.bundle,初入操作組,Branch,#Simple,11,あなたのせいじゃないのに、なんで謝るんですか？,
d30c62acdc62c5c962b5117bd28fb80c.bundle,初入操作組,Say,シュン･ゴ,4,私は……,
d30c62acdc62c5c962b5117bd28fb80c.bundle,初入操作組,Say,シュン･ゴ,5,そうですね。,
d30c62acdc62c5c962b5117bd28fb80c.bundle,初入操作組,Branch,#Simple,12,あんなのがチーフですか？,
d30c62acdc62c5c962b5117bd28fb80c.bundle,初入操作組,Say,シュン･ゴ,6,……それは、私が毎日のように自分に問うてることです。,
d30c62acdc62c5c962b5117bd28fb80c.bundle,初入操作組,Branch,#Simple,13,……,
d30c62acdc62c5c962b5117bd28fb80c.bundle,初入操作組,Say,シュン･ゴ,7,さっきはストレートに言い過ぎましたね。,
d30c62acdc62c5c962b5117bd28fb80c.bundle,初入操作組,Branch,#Simple,14,すみません、迷惑でしたか？,
d30c62acdc62c5c962b5117bd28fb80c.bundle,初入操作組,Say,シュン･ゴ,8,いいえ。,
d30c62acdc62c5c962b5117bd28fb80c.bundle,初入操作組,Say,心の声,7,笑った。,
d30c62acdc62c5c962b5117bd28fb80c.bundle,初入操作組,Branch,#Simple,15,あんなのは強く出ないと、つけ上がるタイプです。,
d30c62acdc62c5c962b5117bd28fb80c.bundle,初入操作組,Say,シュン･ゴ,9,確かに。,
d30c62acdc62c5c962b5117bd28fb80c.bundle,初入操作組,Say,心の声,8,笑った。,
d30c62acdc62c5c962b5117bd28fb80c.bundle,初入操作組,Branch,#Simple,16,……,
d30c62acdc62c5c962b5117bd28fb80c.bundle,初入操作組,Say,シュン･ゴ,10,あなたのおかげで、少しストレス発散になりました。,
d30c62acdc62c5c962b5117bd28fb80c.bundle,初入操作組,Say,シュン･ゴ,11,ここを案内します。,
d30c62acdc62c5c962b5117bd28fb80c.bundle,初入操作組,Branch,#Simple,17,待ってください。ここの人手は間に合ってるって言ってましたよね？,
d30c62acdc62c5c962b5117bd28fb80c.bundle,初入操作組,Say,シュン･ゴ,12,……,
d30c62acdc62c5c962b5117bd28fb80c.bundle,初入操作組,Say,シュン･ゴ,13,正直言うと、確かに人手は足りてます。,
d30c62acdc62c5c962b5117bd28fb80c.bundle,初入操作組,Branch,#Simple,18,正直言うと、私もあんまりここに来たくありません。,
d30c62acdc62c5c962b5117bd28fb80c.bundle,初入操作組,Say,シュン･ゴ,14,さっきまでの出来事を考えれば、合理的な判断ですね。,
d30c62acdc62c5c962b5117bd28fb80c.bundle,初入操作組,Branch,#Simple,19,ということは、募集してないんですか？,
d30c62acdc62c5c962b5117bd28fb80c.bundle,初入操作組,Say,シュン･ゴ,15,……,
d30c62acdc62c5c962b5117bd28fb80c.bundle,初入操作組,Say,シュン･ゴ,16,そうですね。,
d30c62acdc62c5c962b5117bd28fb80c.bundle,初入操作組,Branch,#Simple,20,……,
d30c62acdc62c5c962b5117bd28fb80c.bundle,初入操作組,Say,シュン･ゴ,17,でもサイレントがあなたをここに振り分けたので、,
d30c62acdc62c5c962b5117bd28fb80c.bundle,初入操作組,Say,シュン･ゴ,18,私たちも受け入れるしかありません。,
d30c62acdc62c5c962b5117bd28fb80c.bundle,初入操作組,Branch,#Simple,21,はい。,
d30c62acdc62c5c962b5117bd28fb80c.bundle,初入操作組,Branch,#Simple,22,……,
d30c62acdc62c5c962b5117bd28fb80c.bundle,和賴潔聊天,Say,ジュジュ･ライ,0,よっ、何か用？,
d30c62acdc62c5c962b5117bd28fb80c.bundle,和賴潔聊天,Branch,#Simple,0,何の仕事をしてるんですか？,
d30c62acdc62c5c962b5117bd28fb80c.bundle,和賴潔聊天,Say,ジュジュ･ライ,1,あれ、私に興味があるの？,
d30c62acdc62c5c962b5117bd28fb80c.bundle,和賴潔聊天,Say,ジュジュ･ライ,2,でも説明してもわかんないと思うよ？,
d30c62acdc62c5c962b5117bd28fb80c.bundle,和賴潔聊天,Branch,#Simple,1,説明してください。,
d30c62acdc62c5c962b5117bd28fb80c.bundle,和賴潔聊天,Say,ジュジュ･ライ,3,フフッ、そんなに興味があるなら仕方ないな～,
d30c62acdc62c5c962b5117bd28fb80c.bundle,和賴潔聊天,Branch,#Simple,2,じゃ、聞かなかったことにしてください。,
d30c62acdc62c5c962b5117bd28fb80c.bundle,和賴潔聊天,Say,ジュジュ･ライ,4,フフッ、冗談を言っただけよ。,
d30c62acdc62c5c962b5117bd28fb80c.bundle,和賴潔聊天,Branch,#Simple,3,……,
d30c62acdc62c5c962b5117bd28fb80c.bundle,和賴潔聊天,Say,ジュジュ･ライ,5,私はシニアエンジニアなの。,
d30c62acdc62c5c962b5117bd28fb80c.bundle,和賴潔聊天,Say,ジュジュ･ライ,6,でも本当の仕事はニューラルネットワークのロジック構築の担当。,
d30c62acdc62c5c962b5117bd28fb80c.bundle,和賴潔聊天,Say,心の声,0,……？,
d30c62acdc62c5c962b5117bd28fb80c.bundle,和賴潔聊天,Say,ジュジュ･ライ,7,ハハハ、その困った顔ウケる！,
d30c62acdc62c5c962b5117bd28fb80c.bundle,和賴潔聊天,Say,ジュジュ･ライ,8,簡単に言えば、アルゴリズムで真偽値判断を解析してるの。,
d30c62acdc62c5c962b5117bd28fb80c.bundle,和賴潔聊天,Branch,#Simple,4,でもアルゴリズムはあなたたちが書いたものでは？,
d30c62acdc62c5c962b5117bd28fb80c.bundle,和賴潔聊天,Say,ジュジュ･ライ,9,そうだけど、今のAIは自分で学習し、成長できるの。,
d30c62acdc62c5c962b5117bd28fb80c.bundle,和賴潔聊天,Say,ジュジュ･ライ,10,それに訓練のために膨大なデータとシミュレーションをしているから……,
d30c62acdc62c5c962b5117bd28fb80c.bundle,和賴潔聊天,Say,ジュジュ･ライ,11,AIはもう私たちでは理解できないものになってる。,
d30c62acdc62c5c962b5117bd28fb80c.bundle,和賴潔聊天,Say,ジュジュ･ライ,12,本当のことを言うと、人間が持つAIに対する知識より、AIが持つ人間に対する知識の方がずっと上なんだ。,
d30c62acdc62c5c962b5117bd28fb80c.bundle,和賴潔聊天,Say,ジュジュ･ライ,13,理解できる？,
d30c62acdc62c5c962b5117bd28fb80c.bundle,和賴潔聊天,Branch,#Simple,5,つまりAIは自分で思考できるってことですか？,
d30c62acdc62c5c962b5117bd28fb80c.bundle,和賴潔聊天,Say,ジュジュ･ライ,14,それはまず思考を定義しないとね。,
d30c62acdc62c5c962b5117bd28fb80c.bundle,和賴潔聊天,Say,ジュジュ･ライ,15,コンピューターはボタンを押せばフィードバックをくれるけど、それって思考してることになる？,
d30c62acdc62c5c962b5117bd28fb80c.bundle,和賴潔聊天,Say,ジュジュ･ライ,16,それに様々な計算ができるけどコンピューターは、計算ができるから思想を持っていると言えるのかな？,
d30c62acdc62c5c962b5117bd28fb80c.bundle,和賴潔聊天,Say,ジュジュ･ライ,17,でもだからって、うちの近くに住んでる犬のうんこすら拾わない人間の頭ははたして動いてると言えるだろうか？,
d30c62acdc62c5c962b5117bd28fb80c.bundle,和賴潔聊天,Say,ジュジュ･ライ,18,あなたはどう思う？,
d30c62acdc62c5c962b5117bd28fb80c.bundle,和賴潔聊天,Branch,#Simple,6,思考は存在しないものを作り出せると思います。,
d30c62acdc62c5c962b5117bd28fb80c.bundle,和賴潔聊天,Say,ジュジュ･ライ,19,つまり創造力、アイデアってことね？,
d30c62acdc62c5c962b5117bd28fb80c.bundle,和賴潔聊天,Say,ジュジュ･ライ,20,でも創造なんて、既存のものを再構築しただけ。,
d30c62acdc62c5c962b5117bd28fb80c.bundle,和賴潔聊天,Say,ジュジュ･ライ,21,その「構築法」はそもそも存在しているものだから、誰かがそれを「見つけた」だけに過ぎない。,
d30c62acdc62c5c962b5117bd28fb80c.bundle,和賴潔聊天,Say,ジュジュ･ライ,22,それくらいなら、うちのAIでもできるよ。,
d30c62acdc62c5c962b5117bd28fb80c.bundle,和賴潔聊天,Say,ジュジュ･ライ,23,むしろそれこそ専門分野でしょうね。,
d30c62acdc62c5c962b5117bd28fb80c.bundle,和賴潔聊天,Branch,#Simple,7,情報を分析して判断できるのが思考だと思います。,
d30c62acdc62c5c962b5117bd28fb80c.bundle,和賴潔聊天,Say,ジュジュ･ライ,24,情報をインプット、解析、最後に判断をアウトプットが思考だと言うなら……,
d30c62acdc62c5c962b5117bd28fb80c.bundle,和賴潔聊天,Say,ジュジュ･ライ,25,うちのAIは思考できるよ。,
d30c62acdc62c5c962b5117bd28fb80c.bundle,和賴潔聊天,Say,ジュジュ･ライ,26,でも私の隣人は思考できない。,
d30c62acdc62c5c962b5117bd28fb80c.bundle,和賴潔聊天,Branch,#Simple,8,感情と感覚を持つことが思考だと思います。,
d30c62acdc62c5c962b5117bd28fb80c.bundle,和賴潔聊天,Say,ジュジュ･ライ,27,喜んだり苦しんだりとか？,
d30c62acdc62c5c962b5117bd28fb80c.bundle,和賴潔聊天,Say,ジュジュ･ライ,28,まあ、喜ぶフリや悲しむフリはできるけど……,
d30c62acdc62c5c962b5117bd28fb80c.bundle,和賴潔聊天,Branch,#Simple,9,それはただの見た目で、中は違います。,
d30c62acdc62c5c962b5117bd28fb80c.bundle,和賴潔聊天,Say,ジュジュ･ライ,29,でも人間にとって、自分以外の人の感情は表面的にしか捉えられないよね。,
d30c62acdc62c5c962b5117bd28fb80c.bundle,和賴潔聊天,Say,ジュジュ･ライ,30,例え、あなた以外の人が皆ロボットだとしても、あなたは証明できないでしょう？,
d30c62acdc62c5c962b5117bd28fb80c.bundle,和賴潔聊天,Say,ジュジュ･ライ,31,見分けられないのであれば、本当か嘘かはどうでもいいんじゃない？,
d30c62acdc62c5c962b5117bd28fb80c.bundle,和賴潔聊天,Say,パン･ロウ,0,それを言うとさ、前に見てたドキュメンタリーを思い出すよ。,
d30c62acdc62c5c962b5117bd28fb80c.bundle,和賴潔聊天,Say,パン･ロウ,1,それぞれが見た色が同じであることは証明できないって言ってた。,
d30c62acdc62c5c962b5117bd28fb80c.bundle,和賴潔聊天,Say,ジュジュ･ライ,32,ちょっと、話をややこしくしないでよ。,
d30c62acdc62c5c962b5117bd28fb80c.bundle,和賴潔聊天,Branch,#Simple,10,それは、どういう意味ですか？,
d30c62acdc62c5c962b5117bd28fb80c.bundle,和賴潔聊天,Say,パン･ロウ,2,例えばだけど、君はどうやって赤色を教える？,
d30c62acdc62c5c962b5117bd28fb80c.bundle,和賴潔聊天,Say,パン･ロウ,3,情熱的とか、鮮やかとか、抽象的な言葉しかできないんじゃない？でも君はそれを赤だと言う。,
d30c62acdc62c5c962b5117bd28fb80c.bundle,和賴潔聊天,Say,パン･ロウ,4,でも、僕の認知している赤と君の認知している赤が同じかどうかを知り得ない。君が赤だと思っているものを僕は青だと思っているかもしれない！,
d30c62acdc62c5c962b5117bd28fb80c.bundle,和賴潔聊天,Say,心の声,1,はい……？,
d30c62acdc62c5c962b5117bd28fb80c.bundle,和賴潔聊天,Say,ジュジュ･ライ,33,それは重要なことなの……？,
d30c62acdc62c5c962b5117bd28fb80c.bundle,和賴潔聊天,Branch,#Simple,11,頭が痛くなってきました……,
d30c62acdc62c5c962b5117bd28fb80c.bundle,和賴潔聊天,Branch,#Simple,12,……,
d30c62acdc62c5c962b5117bd28fb80c.bundle,和賴潔聊天,Say,パン･ロウ,5,ったく、つまんないの。,
d30c62acdc62c5c962b5117bd28fb80c.bundle,和賴潔聊天,Branch,#Simple,13,……,
d30c62acdc62c5c962b5117bd28fb80c.bundle,和賴潔聊天,Say,ジュジュ･ライ,34,まあ、いっぱい話したけど、私自身もその答えがわからない。,
d30c62acdc62c5c962b5117bd28fb80c.bundle,和賴潔聊天,Say,ジュジュ･ライ,35,だからこそ、この仕事を続けてる。,
d30c62acdc62c5c962b5117bd28fb80c.bundle,和賴潔聊天,Branch,#Simple,14,まるでスカイネットに聞こえます。,
d30c62acdc62c5c962b5117bd28fb80c.bundle,和賴潔聊天,Say,ジュジュ･ライ,36,そうね。スカイネットの原型とも言えるかも。,
d30c62acdc62c5c962b5117bd28fb80c.bundle,和賴潔聊天,Say,ジュジュ･ライ,37,違いと言ったら、スカイネットは生存欲望があり、人間を敵だと思っていることかな。,
d30c62acdc62c5c962b5117bd28fb80c.bundle,和賴潔聊天,Say,ジュジュ･ライ,38,一方、私たちのAIは思考能力を持っているけど欲望はまだない。,
d30c62acdc62c5c962b5117bd28fb80c.bundle,和賴潔聊天,Say,ジュジュ･ライ,39,と、少なくとも私はそう考えてる。,
d30c62acdc62c5c962b5117bd28fb80c.bundle,和賴潔聊天,Branch,#Simple,15,思考ができるんですか？,
d30c62acdc62c5c962b5117bd28fb80c.bundle,和賴潔聊天,Branch,#Simple,16,欲望が生まれることはあるんですか？,
d30c62acdc62c5c962b5117bd28fb80c.bundle,和賴潔聊天,Say,ジュジュ･ライ,40,私はその答えを探してるの。,
d30c62acdc62c5c962b5117bd28fb80c.bundle,和賴潔聊天,Say,ジュジュ･ライ,41,私たちはAIに目的を与えた。AIもその目的を達成しようと努力する。,
d30c62acdc62c5c962b5117bd28fb80c.bundle,和賴潔聊天,Say,ジュジュ･ライ,42,それを欲望と言える？私はそうは思わない。,
d30c62acdc62c5c962b5117bd28fb80c.bundle,和賴潔聊天,Say,ジュジュ･ライ,43,現段階を見るに、欲望とはまだまだかけ離れているでしょうね。,
d30c62acdc62c5c962b5117bd28fb80c.bundle,和賴潔聊天,Branch,#Simple,17,AIは思考できると？,
d30c62acdc62c5c962b5117bd28fb80c.bundle,和賴潔聊天,Branch,#Simple,18,……,
d30c62acdc62c5c962b5117bd28fb80c.bundle,和賴潔聊天,Branch,#Simple,19,……,
d30c62acdc62c5c962b5117bd28fb80c.bundle,和賴潔聊天,Say,ジュジュ･ライ,44,私がここに来たのは、AIアルゴリズムの成長と拡張を研究するためなの。,
d30c62acdc62c5c962b5117bd28fb80c.bundle,和賴潔聊天,Branch,#Simple,20,……,
d30c62acdc62c5c962b5117bd28fb80c.bundle,和賴潔聊天,Say,ジュジュ･ライ,45,この分野において、万象は最先端なんだ。ここでのデータと資源が手に入れば……,
d30c62acdc62c5c962b5117bd28fb80c.bundle,和賴潔聊天,Say,ジュジュ･ライ,46,私の研究も大分楽になる。,
d30c62acdc62c5c962b5117bd28fb80c.bundle,和賴潔聊天,Say,パン･ロウ,6,ジュジュは昔、サンライズの上級研究員だったからね！,
d30c62acdc62c5c962b5117bd28fb80c.bundle,和賴潔聊天,Say,ジュジュ･ライ,47,フンッ、そのせいでここに来るのまで大変だったんだから。,
d30c62acdc62c5c962b5117bd28fb80c.bundle,和賴潔聊天,Branch,#Simple,21,大変？,
d30c62acdc62c5c962b5117bd28fb80c.bundle,和賴潔聊天,Say,ジュジュ･ライ,48,サンライズの研究員だよ？万象が簡単に信用するわけないじゃん？,
d30c62acdc62c5c962b5117bd28fb80c.bundle,和賴潔聊天,Say,ジュジュ･ライ,49,マジで私を産業スパイだと思ってたらしいよ。,
d30c62acdc62c5c962b5117bd28fb80c.bundle,和賴潔聊天,Say,ジュジュ･ライ,50,自分で履歴書を出す産業スパイなんているかって話よ！,
d30c62acdc62c5c962b5117bd28fb80c.bundle,和賴潔聊天,Say,パン･ロウ,7,サブチーフが素晴らしい人材だと言って、彼女を迎えてくれたんだ。,
d30c62acdc62c5c962b5117bd28fb80c.bundle,和賴潔聊天,Say,ジュジュ･ライ,51,あの男、いいセンスしてるよ。,
d30c62acdc62c5c962b5117bd28fb80c.bundle,和賴潔聊天,Say,ジュジュ･ライ,52,まあ、良いポジションにはつけなかったけど、これはこれで！,
d30c62acdc62c5c962b5117bd28fb80c.bundle,和賴潔聊天,Say,ジュジュ･ライ,53,私の目的は研究なんだから、データに触れられれば十分。,
d30c62acdc62c5c962b5117bd28fb80c.bundle,和賴潔聊天,Branch,#Simple,22,……,
d30c62acdc62c5c962b5117bd28fb80c.bundle,和賴潔聊天,Say,ジュジュ･ライ,54,どう？他に質問は？,
d30c62acdc62c5c962b5117bd28fb80c.bundle,和賴潔聊天,Branch,#Simple,23,スナックのゴミが地面に落ちてますよ。,
d30c62acdc62c5c962b5117bd28fb80c.bundle,和賴潔聊天,Say,ジュジュ･ライ,55,うわっ！,
d30c62acdc62c5c962b5117bd28fb80c.bundle,和賴潔聊天,Say,ジュジュ･ライ,56,食べてるところ見た？,
d30c62acdc62c5c962b5117bd28fb80c.bundle,和賴潔聊天,Branch,#Simple,24,はい、見ました。,
d30c62acdc62c5c962b5117bd28fb80c.bundle,和賴潔聊天,Branch,#Simple,25,はい、明らかに食べてました。,
d30c62acdc62c5c962b5117bd28fb80c.bundle,和賴潔聊天,Say,ジュジュ･ライ,57,わわわ！,
d30c62acdc62c5c962b5117bd28fb80c.bundle,和賴潔聊天,Branch,#Simple,26,いいえ、でも匂いがしたので。,
d30c62acdc62c5c962b5117bd28fb80c.bundle,和賴潔聊天,Say,ジュジュ･ライ,58,わお、すごい嗅覚！,
d30c62acdc62c5c962b5117bd28fb80c.bundle,和賴潔聊天,Branch,#Simple,27,冗談です。,
d30c62acdc62c5c962b5117bd28fb80c.bundle,和賴潔聊天,Say,ジュジュ･ライ,59,な、なによ！本当に匂いでわかるかと思ったじゃん！,
d30c62acdc62c5c962b5117bd28fb80c.bundle,和賴潔聊天,Branch,#Simple,28,……,
d30c62acdc62c5c962b5117bd28fb80c.bundle,和賴潔聊天,Say,ジュジュ･ライ,60,シュンにバレたら大変なことになる。,
d30c62acdc62c5c962b5117bd28fb80c.bundle,和賴潔聊天,Branch,#Simple,29,どうしてですか？,
d30c62acdc62c5c962b5117bd28fb80c.bundle,和賴潔聊天,Branch,#Simple,30,ここは飲食禁止ですか？,
d30c62acdc62c5c962b5117bd28fb80c.bundle,和賴潔聊天,Say,ジュジュ･ライ,61,いや、そうじゃないの！,
d30c62acdc62c5c962b5117bd28fb80c.bundle,和賴潔聊天,Branch,#Simple,31,……,
d30c62acdc62c5c962b5117bd28fb80c.bundle,和賴潔聊天,Say,ジュジュ･ライ,62,彼は潔癖症なのよ。だからここでの飲食を彼は禁止してるの。,
d30c62acdc62c5c962b5117bd28fb80c.bundle,和賴潔聊天,Say,ジュジュ･ライ,63,食べないと頭回らないのにさ！,
d30c62acdc62c5c962b5117bd28fb80c.bundle,和賴潔聊天,Say,パン･ロウ,8,サブチーフが潔癖なのは確かだけど、一番の原因はジュジュのキーボードがあまりにも油まみれだからだと思う……,
d30c62acdc62c5c962b5117bd28fb80c.bundle,和賴潔聊天,Say,パン･ロウ,9,そのせいで他の人が使いたがらない。,
d30c62acdc62c5c962b5117bd28fb80c.bundle,和賴潔聊天,Say,ジュジュ･ライ,64,これは私のキーボードだもん！,
d30c62acdc62c5c962b5117bd28fb80c.bundle,和賴潔聊天,Say,パン･ロウ,10,会社のキーボードだ。,
d30c62acdc62c5c962b5117bd28fb80c.bundle,和賴潔聊天,Say,ジュジュ･ライ,65,そんなの知ったこっちゃない～,
d30c62acdc62c5c962b5117bd28fb80c.bundle,和賴潔聊天,Branch,#Simple,32,落ちてるゴミは拾わないんですか？,
d30c62acdc62c5c962b5117bd28fb80c.bundle,和賴潔聊天,Say,ジュジュ･ライ,66,後で拾うよ。,
d30c62acdc62c5c962b5117bd28fb80c.bundle,和賴潔聊天,Say,心の声,2,……,
d30c62acdc62c5c962b5117bd28fb80c.bundle,和賴潔聊天,Branch,#Simple,33,……,
d30c62acdc62c5c962b5117bd28fb80c.bundle,和賴潔聊天,Say,ジュジュ･ライ,67,なに？,
d30c62acdc62c5c962b5117bd28fb80c.bundle,和賴潔聊天,Say,ジュジュ･ライ,68,私の生活習慣にダメだしする以外の質問は？,
d30c62acdc62c5c962b5117bd28fb80c.bundle,和賴潔聊天,Branch,#Simple,34,ありません。,
d30c62acdc62c5c962b5117bd28fb80c.bundle,和賴潔聊天,Say,ジュジュ･ライ,69,はーい。,
d30c62acdc62c5c962b5117bd28fb80c.bundle,問胖胖問題,Say,パン･ロウ,0,よっ、どうかした？,
d30c62acdc62c5c962b5117bd28fb80c.bundle,問胖胖問題,Branch,#Simple,0,何の仕事をしてるんですか？,
d30c62acdc62c5c962b5117bd28fb80c.bundle,問胖胖問題,Say,パン･ロウ,1,いい質問だ！,
d30c62acdc62c5c962b5117bd28fb80c.bundle,問胖胖問題,Say,パン･ロウ,2,僕はここで一番重要な仕事をしてるんだ。,
d30c62acdc62c5c962b5117bd28fb80c.bundle,問胖胖問題,Say,ジュジュ･ライ,0,またバカなこと言ってる。,
d30c62acdc62c5c962b5117bd28fb80c.bundle,問胖胖問題,Say,パン･ロウ,3,僕は操作組唯一のハードウェアエンジニア！まあ、遅番に限った話だけどね。,
d30c62acdc62c5c962b5117bd28fb80c.bundle,問胖胖問題,Say,パン･ロウ,4,一部の棚上げシステム以外、僕は何でも操れるし、修理できる。,
d30c62acdc62c5c962b5117bd28fb80c.bundle,問胖胖問題,Say,パン･ロウ,5,僕がいないと、コードを打つことしか能のないIT土方は何もできないからね。,
d30c62acdc62c5c962b5117bd28fb80c.bundle,問胖胖問題,Say,パン･ロウ,6,彼らは自分が使っているハイレベルの設備について何も知らないんだ。,
d30c62acdc62c5c962b5117bd28fb80c.bundle,問胖胖問題,Say,心の声,0,ボーちゃんと似たような仕事をしてるようだ。,
d30c62acdc62c5c962b5117bd28fb80c.bundle,問胖胖問題,Branch,#Simple,1,選別組にもハードウェアエンジニアがいましたよ。,
d30c62acdc62c5c962b5117bd28fb80c.bundle,問胖胖問題,Say,パン･ロウ,7,ああ、彼ね。,
d30c62acdc62c5c962b5117bd28fb80c.bundle,問胖胖問題,Say,心の声,1,顔つきが変わった……,
d30c62acdc62c5c962b5117bd28fb80c.bundle,問胖胖問題,Say,ジュジュ･ライ,1,ボーちゃんのことあまり好きじゃないみたいだよ。なんかキャラが被ってる、みたいな？,
d30c62acdc62c5c962b5117bd28fb80c.bundle,問胖胖問題,Say,ジュジュ･ライ,2,どっちも技術レベルの低いハードを弄ってるし、あだ名も似てるからね。,
d30c62acdc62c5c962b5117bd28fb80c.bundle,問胖胖問題,Say,ジュジュ･ライ,3,でも、うちのパンちゃんの方がオタクでケチなの。,
d30c62acdc62c5c962b5117bd28fb80c.bundle,問胖胖問題,Say,パン･ロウ,8,確かにキャラは被ってるけど、,
d30c62acdc62c5c962b5117bd28fb80c.bundle,問胖胖問題,Say,パン･ロウ,9,僕の方が優秀だから気にしないさ。,
d30c62acdc62c5c962b5117bd28fb80c.bundle,問胖胖問題,Branch,#Simple,2,会ったことは？,
d30c62acdc62c5c962b5117bd28fb80c.bundle,問胖胖問題,Branch,#Simple,3,彼はあなたを知ってますか？,
d30c62acdc62c5c962b5117bd28fb80c.bundle,問胖胖問題,Say,パン･ロウ,10,何回か面識があるよ。,
d30c62acdc62c5c962b5117bd28fb80c.bundle,問胖胖問題,Say,パン･ロウ,11,特に前回の会社主催の技術会議。,
d30c62acdc62c5c962b5117bd28fb80c.bundle,問胖胖問題,Branch,#Simple,4,……,
d30c62acdc62c5c962b5117bd28fb80c.bundle,問胖胖問題,Say,パン･ロウ,12,そうだ、今度彼に会ったら、,
d30c62acdc62c5c962b5117bd28fb80c.bundle,問胖胖問題,Say,パン･ロウ,13,もうすぐで決戦の日になるから忘れるなって伝えといて。,
d30c62acdc62c5c962b5117bd28fb80c.bundle,問胖胖問題,Say,心の声,2,決戦……？,
d30c62acdc62c5c962b5117bd28fb80c.bundle,問胖胖問題,Say,ジュジュ･ライ,4,気にしなくていいよ。彼の勝手な妄想だから。,
d30c62acdc62c5c962b5117bd28fb80c.bundle,問胖胖問題,Say,ジュジュ･ライ,5,次の会議で選別組のデブちゃんとアイデア勝負をするって。,
d30c62acdc62c5c962b5117bd28fb80c.bundle,問胖胖問題,Say,ジュジュ･ライ,6,でも向こうはこのことを全く認知してないと思うから……パンちゃんが妄想の中で戦ってるだけよ……,
d30c62acdc62c5c962b5117bd28fb80c.bundle,問胖胖問題,Say,パン･ロウ,14,来なかったら僕の不戦勝だ！,
d30c62acdc62c5c962b5117bd28fb80c.bundle,問胖胖問題,Branch,#Simple,5,……,
d30c62acdc62c5c962b5117bd28fb80c.bundle,問胖胖問題,Say,パン･ロウ,15,他に何か聞きたいことは？,
d30c62acdc62c5c962b5117bd28fb80c.bundle,問胖胖問題,Branch,#Simple,6,サブチーフについて詳しいですか？,
d30c62acdc62c5c962b5117bd28fb80c.bundle,問胖胖問題,Say,パン･ロウ,16,何でそう思う？,
d30c62acdc62c5c962b5117bd28fb80c.bundle,問胖胖問題,Say,心の声,3,得意げな顔になった……,
d30c62acdc62c5c962b5117bd28fb80c.bundle,問胖胖問題,Branch,#Simple,7,彼の言いたい事を何でも当ててたので。,
d30c62acdc62c5c962b5117bd28fb80c.bundle,問胖胖問題,Say,パン･ロウ,17,ああ、そういうことね。,
d30c62acdc62c5c962b5117bd28fb80c.bundle,問胖胖問題,Say,ジュジュ･ライ,7,それ、あまり褒めないでね。パンちゃんは他人の次の発言を言い当てるのを格好良いと思ってるから。,
d30c62acdc62c5c962b5117bd28fb80c.bundle,問胖胖問題,Say,ジュジュ･ライ,8,くだらないのにね。,
d30c62acdc62c5c962b5117bd28fb80c.bundle,問胖胖問題,Branch,#Simple,8,勘です。,
d30c62acdc62c5c962b5117bd28fb80c.bundle,問胖胖問題,Say,パン･ロウ,18,良い勘をしてるね～,
d30c62acdc62c5c962b5117bd28fb80c.bundle,問胖胖問題,Say,パン･ロウ,19,僕はサブチーフとかなり仲が良いよ。僕はここが長いからさ。,
d30c62acdc62c5c962b5117bd28fb80c.bundle,問胖胖問題,Say,ジュジュ･ライ,9,そして一度も昇進せず、ずっとここにいる。,
d30c62acdc62c5c962b5117bd28fb80c.bundle,問胖胖問題,Say,パン･ロウ,20,……,
d30c62acdc62c5c962b5117bd28fb80c.bundle,問胖胖問題,Say,パン･ロウ,21,僕はサブチーフの昇進を待ってるの！彼と進退を共にするんだ！,
d30c62acdc62c5c962b5117bd28fb80c.bundle,問胖胖問題,Branch,#Simple,9,彼の昇進と何の関係があるんですか？,
d30c62acdc62c5c962b5117bd28fb80c.bundle,問胖胖問題,Branch,#Simple,10,進退を共にする？,
d30c62acdc62c5c962b5117bd28fb80c.bundle,問胖胖問題,Say,ジュジュ･ライ,10,はいはい！,
d30c62acdc62c5c962b5117bd28fb80c.bundle,問胖胖問題,Say,ジュジュ･ライ,11,シュンが昇進しないと、誰もパンちゃんを昇進させないのよ。,
d30c62acdc62c5c962b5117bd28fb80c.bundle,問胖胖問題,Say,ジュジュ･ライ,12,こいつはシュンに媚びないと出世できないから。,
d30c62acdc62c5c962b5117bd28fb80c.bundle,問胖胖問題,Say,パン･ロウ,22,彼女のデタラメな発言に耳を傾けないで。,
d30c62acdc62c5c962b5117bd28fb80c.bundle,問胖胖問題,Branch,#Simple,11,……,
d30c62acdc62c5c962b5117bd28fb80c.bundle,問胖胖問題,Say,パン･ロウ,23,サブチーフはずっとチーフの座を狙ってるんだ。彼の前に昇進はしたくない。,
d30c62acdc62c5c962b5117bd28fb80c.bundle,問胖胖問題,Say,ジュジュ･ライ,13,じゃ、一生平社員でいなさいな。,
d30c62acdc62c5c962b5117bd28fb80c.bundle,問胖胖問題,Say,パン･ロウ,24,あんなクソ野郎、すぐクビになるさ。,
d30c62acdc62c5c962b5117bd28fb80c.bundle,問胖胖問題,Branch,#Simple,12,チーフのことですか？,
d30c62acdc62c5c962b5117bd28fb80c.bundle,問胖胖問題,Say,パン･ロウ,25,他に誰がいる。,
d30c62acdc62c5c962b5117bd28fb80c.bundle,問胖胖問題,Branch,#Simple,13,クソ野郎って誰ですか？,
d30c62acdc62c5c962b5117bd28fb80c.bundle,問胖胖問題,Say,パン･ロウ,26,うちのお偉いチーフ様だよ。,
d30c62acdc62c5c962b5117bd28fb80c.bundle,問胖胖問題,Branch,#Simple,14,……,
d30c62acdc62c5c962b5117bd28fb80c.bundle,問胖胖問題,Say,ジュジュ･ライ,14,シュンがチーフに昇進しようって時に、急に異動で来たんだ。,
d30c62acdc62c5c962b5117bd28fb80c.bundle,問胖胖問題,Say,ジュジュ･ライ,15,本社に親戚がいるからそのままチーフになったの。,
d30c62acdc62c5c962b5117bd28fb80c.bundle,問胖胖問題,Say,ジュジュ･ライ,16,普段は何の仕事もしないし、問題が起きたらすぐ隠ぺいしようとする。,
d30c62acdc62c5c962b5117bd28fb80c.bundle,問胖胖問題,Branch,#Simple,15,問題？,
d30c62acdc62c5c962b5117bd28fb80c.bundle,問胖胖問題,Branch,#Simple,16,何を隠ぺいしたんですか？,
d30c62acdc62c5c962b5117bd28fb80c.bundle,問胖胖問題,Say,ジュジュ･ライ,17,彼の無能を証明するあらゆること、かな。,
d30c62acdc62c5c962b5117bd28fb80c.bundle,問胖胖問題,Say,ジュジュ･ライ,18,例えば……,
d30c62acdc62c5c962b5117bd28fb80c.bundle,問胖胖問題,Say,パン･ロウ,27,ジュジュ、それはまだジェイに言っちゃいけないよ。,
d30c62acdc62c5c962b5117bd28fb80c.bundle,問胖胖問題,Say,ジュジュ･ライ,19,わかってるよ。,
d30c62acdc62c5c962b5117bd28fb80c.bundle,問胖胖問題,Branch,#Simple,17,教えてくれませんか？,
d30c62acdc62c5c962b5117bd28fb80c.bundle,問胖胖問題,Say,ジュジュ･ライ,20,言っちゃいけないって言ってたでしょう。,
d30c62acdc62c5c962b5117bd28fb80c.bundle,問胖胖問題,Say,パン･ロウ,28,言ったら厄介なことになるんだ。,
d30c62acdc62c5c962b5117bd28fb80c.bundle,問胖胖問題,Say,ジュジュ･ライ,21,悪いね……,
d30c62acdc62c5c962b5117bd28fb80c.bundle,問胖胖問題,Say,心の声,4,ジュジュはかなり申し訳なさそうだ……,
d30c62acdc62c5c962b5117bd28fb80c.bundle,問胖胖問題,Branch,#Simple,18,……,
d30c62acdc62c5c962b5117bd28fb80c.bundle,問胖胖問題,Branch,#Simple,19,……,
d30c62acdc62c5c962b5117bd28fb80c.bundle,問胖胖問題,Say,ジュジュ･ライ,22,マネージャーは何度も彼をクビにしようとしたけど、上に反対されてね。,
d30c62acdc62c5c962b5117bd28fb80c.bundle,問胖胖問題,Say,パン･ロウ,29,はぁ……サブチーフが可哀想だ。,
d30c62acdc62c5c962b5117bd28fb80c.bundle,問胖胖問題,Say,ジュジュ･ライ,23,ほんとそれ。見てるとこっちまでイライラする。,
d30c62acdc62c5c962b5117bd28fb80c.bundle,問胖胖問題,Say,ジュジュ･ライ,24,何かしてあげたいけどさ、サンライズの元社員とただの会社のニートよ……,
d30c62acdc62c5c962b5117bd28fb80c.bundle,問胖胖問題,Say,ジュジュ･ライ,25,私たちじゃ何もできないよ。,
d30c62acdc62c5c962b5117bd28fb80c.bundle,問胖胖問題,Say,心の声,5,これをリンに教えるべき……？,
d30c62acdc62c5c962b5117bd28fb80c.bundle,問胖胖問題,Say,ジュジュ･ライ,26,それで、他に何か質問はある？,
d30c62acdc62c5c962b5117bd28fb80c.bundle,問胖胖問題,Branch,#Simple,20,もう大丈夫です。,
d30c62acdc62c5c962b5117bd28fb80c.bundle,問胖胖問題,Say,パン･ロウ,30,はーい。,
d30c62acdc62c5c962b5117bd28fb80c.bundle,跟作業員二人組對話,Say,シヘイ･ヨウ,0,はい？,
d30c62acdc62c5c962b5117bd28fb80c.bundle,跟作業員二人組對話,Say,セラ･キョウ,0,……,
d30c62acdc62c5c962b5117bd28fb80c.bundle,跟作業員二人組對話,Say,セラ･キョウ,1,何だ？なんか用か？,
d30c62acdc62c5c962b5117bd28fb80c.bundle,跟作業員二人組對話,Say,心の声,0,敵意むき出しだ……,
d30c62acdc62c5c962b5117bd28fb80c.bundle,跟作業員二人組對話,Say,シヘイ･ヨウ,1,セラさん、やめてくださいよ。,
d30c62acdc62c5c962b5117bd28fb80c.bundle,跟作業員二人組對話,Say,セラ･キョウ,2,フン、選別組のアホにかける言葉はねぇ！,
d30c62acdc62c5c962b5117bd28fb80c.bundle,跟作業員二人組對話,Branch,#Simple,0,自分は選別組ではありません。,
d30c62acdc62c5c962b5117bd28fb80c.bundle,跟作業員二人組對話,Say,セラ･キョウ,3,は？じゃその制服はなんだよ？,
d30c62acdc62c5c962b5117bd28fb80c.bundle,跟作業員二人組對話,Branch,#Simple,1,何？,
d30c62acdc62c5c962b5117bd28fb80c.bundle,跟作業員二人組對話,Say,セラ･キョウ,4,お前ら選別組は皆アホって言ったんだ。何か文句あるか？,
d30c62acdc62c5c962b5117bd28fb80c.bundle,跟作業員二人組對話,Say,シヘイ･ヨウ,2,わかったから、やめてください！,
d30c62acdc62c5c962b5117bd28fb80c.bundle,跟作業員二人組對話,Say,シヘイ･ヨウ,3,二人とも落ち着いて！,
d30c62acdc62c5c962b5117bd28fb80c.bundle,跟作業員二人組對話,Branch,#Simple,2,……,
d30c62acdc62c5c962b5117bd28fb80c.bundle,跟作業員二人組對話,Say,シヘイ･ヨウ,4,ま、待ってください！,
d30c62acdc62c5c962b5117bd28fb80c.bundle,跟作業員二人組對話,Say,シヘイ･ヨウ,5,君はジェイ･ダイだよね？,
d30c62acdc62c5c962b5117bd28fb80c.bundle,跟作業員二人組對話,Branch,#Simple,3,はい。,
d30c62acdc62c5c962b5117bd28fb80c.bundle,跟作業員二人組對話,Branch,#Simple,4,どうして私の名前を？,
d30c62acdc62c5c962b5117bd28fb80c.bundle,跟作業員二人組對話,Say,シヘイ･ヨウ,6,チーフから聞いてたから。,
d30c62acdc62c5c962b5117bd28fb80c.bundle,跟作業員二人組對話,Say,セラ･キョウ,5,サブチーフだろ？,
d30c62acdc62c5c962b5117bd28fb80c.bundle,跟作業員二人組對話,Say,シヘイ･ヨウ,7,僕からしたらサブチーフがチーフなんです！,
d30c62acdc62c5c962b5117bd28fb80c.bundle,跟作業員二人組對話,Say,セラ･キョウ,6,バカなやつだ……,
d30c62acdc62c5c962b5117bd28fb80c.bundle,跟作業員二人組對話,Say,シヘイ･ヨウ,8,君は昨日、選別組の研修をしたんだよね？,
d30c62acdc62c5c962b5117bd28fb80c.bundle,跟作業員二人組對話,Branch,#Simple,5,はい。,
d30c62acdc62c5c962b5117bd28fb80c.bundle,跟作業員二人組對話,Branch,#Simple,6,何でそんなことまで知ってるんですか？,
d30c62acdc62c5c962b5117bd28fb80c.bundle,跟作業員二人組對話,Say,シヘイ･ヨウ,9,君の状況はかなり特殊だから、シュンが詳しく教えてくれたんだ。,
d30c62acdc62c5c962b5117bd28fb80c.bundle,跟作業員二人組對話,Say,セラ･キョウ,7,てことは、こいつがどこの組に入るかはまだわからないのか？,
d30c62acdc62c5c962b5117bd28fb80c.bundle,跟作業員二人組對話,Say,シヘイ･ヨウ,10,そうです。,
d30c62acdc62c5c962b5117bd28fb80c.bundle,跟作業員二人組對話,Branch,#Simple,7,でも私は選別組に入りたいと思ってます。,
d30c62acdc62c5c962b5117bd28fb80c.bundle,跟作業員二人組對話,Say,セラ･キョウ,8,フンッ。,
d30c62acdc62c5c962b5117bd28fb80c.bundle,跟作業員二人組對話,Branch,#Simple,8,でも私は操作組に入りたいと思ってます。,
d30c62acdc62c5c962b5117bd28fb80c.bundle,跟作業員二人組對話,Say,セラ･キョウ,9,……そうなのか？,
d30c62acdc62c5c962b5117bd28fb80c.bundle,跟作業員二人組對話,Say,心の声,1,表情が少し緩んだ……,
d30c62acdc62c5c962b5117bd28fb80c.bundle,跟作業員二人組對話,Branch,#Simple,9,……,
d30c62acdc62c5c962b5117bd28fb80c.bundle,跟作業員二人組對話,Say,セラ･キョウ,10,選別組の奴らとは距離を取った方がいいぜ。,
d30c62acdc62c5c962b5117bd28fb80c.bundle,跟作業員二人組對話,Say,心の声,2,選別組に一体何の恨みがあるんだ？,
d30c62acdc62c5c962b5117bd28fb80c.bundle,跟作業員二人組對話,Say,シヘイ･ヨウ,11,兄貴、そんなことを言ったら悪いですよ！シンカとは仲良く接してるでしょう？,
d30c62acdc62c5c962b5117bd28fb80c.bundle,跟作業員二人組對話,Say,セラ･キョウ,11,シンカ･シェは違う！彼女は頑張り屋だ……,
d30c62acdc62c5c962b5117bd28fb80c.bundle,跟作業員二人組對話,Say,心の声,3,知り合いなのか？,
d30c62acdc62c5c962b5117bd28fb80c.bundle,跟作業員二人組對話,Branch,#Simple,10,シンカ･シェを知ってるんですか？,
d30c62acdc62c5c962b5117bd28fb80c.bundle,跟作業員二人組對話,Say,シヘイ･ヨウ,12,もちろん！彼女は最近よく操作組に来るから！,
d30c62acdc62c5c962b5117bd28fb80c.bundle,跟作業員二人組對話,Say,シヘイ･ヨウ,13,シンカはよく兄貴に質問をするんだ。彼女は機械担当じゃないのに……,
d30c62acdc62c5c962b5117bd28fb80c.bundle,跟作業員二人組對話,Say,セラ･キョウ,12,彼女は良い子だ。サボってばかりのお前とは違う。,
d30c62acdc62c5c962b5117bd28fb80c.bundle,跟作業員二人組對話,Say,シヘイ･ヨウ,14,アハハハ……,
d30c62acdc62c5c962b5117bd28fb80c.bundle,跟作業員二人組對話,Say,シヘイ･ヨウ,15,君も彼女のことを知ってるの？,
d30c62acdc62c5c962b5117bd28fb80c.bundle,跟作業員二人組對話,Say,心の声,4,おっさんがこちらを見た。,
d30c62acdc62c5c962b5117bd28fb80c.bundle,跟作業員二人組對話,Branch,#Simple,11,はい。,
d30c62acdc62c5c962b5117bd28fb80c.bundle,跟作業員二人組對話,Branch,#Simple,12,大した知り合いではありませんが。,
d30c62acdc62c5c962b5117bd28fb80c.bundle,跟作業員二人組對話,Say,シヘイ･ヨウ,16,なるほど。,
d30c62acdc62c5c962b5117bd28fb80c.bundle,跟作業員二人組對話,Branch,#Simple,13,……,
d30c62acdc62c5c962b5117bd28fb80c.bundle,跟作業員二人組對話,Say,セラ･キョウ,13,あの子は選別組の中で、唯一俺らのことを知ろうとしてる人間だ。,
d30c62acdc62c5c962b5117bd28fb80c.bundle,跟作業員二人組對話,Say,セラ･キョウ,14,他のアホ共は協力してくれないだのって文句ばかり。自分たちがどれ程の問題を起こしてるか、ちっとも反省しない。,
d30c62acdc62c5c962b5117bd28fb80c.bundle,跟作業員二人組對話,Branch,#Simple,14,どういう意味ですか？,
d30c62acdc62c5c962b5117bd28fb80c.bundle,跟作業員二人組對話,Branch,#Simple,15,でも彼らは、操作組の問題だと言ってます。,
d30c62acdc62c5c962b5117bd28fb80c.bundle,跟作業員二人組對話,Say,セラ･キョウ,15,これだから新人は！何もわかっちゃいない。,
d30c62acdc62c5c962b5117bd28fb80c.bundle,跟作業員二人組對話,Say,セラ･キョウ,16,あいつらは本当に無責任だ！,
d30c62acdc62c5c962b5117bd28fb80c.bundle,跟作業員二人組對話,Say,シヘイ･ヨウ,17,新人なんだから知らないのもしょうがないですよ！,
d30c62acdc62c5c962b5117bd28fb80c.bundle,跟作業員二人組對話,Say,シヘイ･ヨウ,18,僕たちがちゃんと説明してあげてないから知らないだけです！,
d30c62acdc62c5c962b5117bd28fb80c.bundle,跟作業員二人組對話,Say,セラ･キョウ,17,フンッ……,
d30c62acdc62c5c962b5117bd28fb80c.bundle,跟作業員二人組對話,Say,シヘイ･ヨウ,19,実は、セラーの負荷は日に日に重くなり、これ以上の演算力供給は厳しいんだ。,
d30c62acdc62c5c962b5117bd28fb80c.bundle,跟作業員二人組對話,Say,シヘイ･ヨウ,20,でも選別組はちっとも聞く耳を持たずで、逆に選別基準を緩めて供給者を増やしてる。,
d30c62acdc62c5c962b5117bd28fb80c.bundle,跟作業員二人組對話,Say,セラ･キョウ,18,自分の業績しか考えてないからだ！金のためなら他人の命はどうでもいいんだよ！,
d30c62acdc62c5c962b5117bd28fb80c.bundle,跟作業員二人組對話,Branch,#Simple,16,……,
d30c62acdc62c5c962b5117bd28fb80c.bundle,跟作業員二人組對話,Say,シヘイ･ヨウ,21,そうかもしれませんが、でも交流をしないと……,
d30c62acdc62c5c962b5117bd28fb80c.bundle,跟作業員二人組對話,Say,セラ･キョウ,19,もういい。こいつに話して何になる！,
d30c62acdc62c5c962b5117bd28fb80c.bundle,跟作業員二人組對話,Say,シヘイ･ヨウ,22,兄貴は本当に石頭ですね！,
d30c62acdc62c5c962b5117bd28fb80c.bundle,跟作業員二人組對話,Say,シヘイ･ヨウ,23,選別組の中に僕たちの状況を知ろうとしている人がいるって、シンカさんが言ってましたよ！,
d30c62acdc62c5c962b5117bd28fb80c.bundle,跟作業員二人組對話,Say,シヘイ･ヨウ,24,昨日、操作組の肩を持ってくれた新人がいたって言ってたじゃないですか！,
d30c62acdc62c5c962b5117bd28fb80c.bundle,跟作業員二人組對話,Say,シヘイ･ヨウ,25,確か……こちらの状況を知るのも重要だとか言ってました。,
d30c62acdc62c5c962b5117bd28fb80c.bundle,跟作業員二人組對話,Say,心の声,5,……,
d30c62acdc62c5c962b5117bd28fb80c.bundle,跟作業員二人組對話,Say,シヘイ･ヨウ,26,あれ？新人ってまさか？,
d30c62acdc62c5c962b5117bd28fb80c.bundle,跟作業員二人組對話,Say,シヘイ･ヨウ,27,ジェイさんのこと？,
d30c62acdc62c5c962b5117bd28fb80c.bundle,跟作業員二人組對話,Say,心の声,6,……確かに昨日のシンカとボーちゃんの喧嘩の時、シンカを助けたな。,
d30c62acdc62c5c962b5117bd28fb80c.bundle,跟作業員二人組對話,Branch,#Simple,17,多分、私です。,
d30c62acdc62c5c962b5117bd28fb80c.bundle,跟作業員二人組對話,Say,シヘイ･ヨウ,28,そうなんだ！,
d30c62acdc62c5c962b5117bd28fb80c.bundle,跟作業員二人組對話,Say,セラ･キョウ,20,お前だったのか……,
d30c62acdc62c5c962b5117bd28fb80c.bundle,跟作業員二人組對話,Say,セラ･キョウ,21,……,
d30c62acdc62c5c962b5117bd28fb80c.bundle,跟作業員二人組對話,Say,セラ･キョウ,22,そうか。俺は間違っていたようだ。お前は本気で俺らを知ろうとしてるのかもしれない。,
d30c62acdc62c5c962b5117bd28fb80c.bundle,跟作業員二人組對話,Say,心の声,7,態度が急に変わった……,
d30c62acdc62c5c962b5117bd28fb80c.bundle,跟作業員二人組對話,Say,シヘイ･ヨウ,29,兄貴はシンカさんのことになると人が変わるから。,
d30c62acdc62c5c962b5117bd28fb80c.bundle,跟作業員二人組對話,Say,シヘイ･ヨウ,30,兄貴はシンカさんを孫娘のように可愛がってるんだ。,
d30c62acdc62c5c962b5117bd28fb80c.bundle,跟作業員二人組對話,Say,セラ･キョウ,23,バカを言うな……,
d30c62acdc62c5c962b5117bd28fb80c.bundle,跟作業員二人組對話,Say,シヘイ･ヨウ,31,少しは僕も可愛がってくれればな……,
d30c62acdc62c5c962b5117bd28fb80c.bundle,跟作業員二人組對話,Say,セラ･キョウ,24,シンカみたいに頑張ったらな。お前はいつも雑談ばかりしている。,
d30c62acdc62c5c962b5117bd28fb80c.bundle,跟作業員二人組對話,Say,シヘイ･ヨウ,32,兄貴の寂しさを和らげようって優しさじゃないですか。,
d30c62acdc62c5c962b5117bd28fb80c.bundle,跟作業員二人組對話,Say,セラ･キョウ,25,ほざくな……,
d30c62acdc62c5c962b5117bd28fb80c.bundle,跟作業員二人組對話,Say,心の声,8,笑ってる……,
d30c62acdc62c5c962b5117bd28fb80c.bundle,跟作業員二人組對話,Branch,#Simple,18,いや、私ではないかと。,
d30c62acdc62c5c962b5117bd28fb80c.bundle,跟作業員二人組對話,Say,シヘイ･ヨウ,33,そう……,
d30c62acdc62c5c962b5117bd28fb80c.bundle,跟作業員二人組對話,Say,セラ･キョウ,26,フンッ。,
d30c62acdc62c5c962b5117bd28fb80c.bundle,跟作業員二人組對話,Say,シヘイ･ヨウ,34,でも交流をしていかないと、この現状が変わることはないですよ。,
d30c62acdc62c5c962b5117bd28fb80c.bundle,跟作業員二人組對話,Say,セラ･キョウ,27,俺は何度もあいつらと話そうとした！奴らが聞く耳を持たないだけだ！,
d30c62acdc62c5c962b5117bd28fb80c.bundle,跟作業員二人組對話,Say,セラ･キョウ,28,それにお前は口先ばかりで、何もやらないじゃないか。,
d30c62acdc62c5c962b5117bd28fb80c.bundle,跟作業員二人組對話,Say,シヘイ･ヨウ,35,それは、機会を待ってるだけで……,
d30c62acdc62c5c962b5117bd28fb80c.bundle,跟作業員二人組對話,Say,セラ･キョウ,29,フンッ、そんなのいつまで待つつもりだ。,
d30c62acdc62c5c962b5117bd28fb80c.bundle,跟作業員二人組對話,Say,セラ･キョウ,30,それで、お前は何がしたいんだ？,
d30c62acdc62c5c962b5117bd28fb80c.bundle,跟作業員二人組對話,Branch,#Simple,19,あなたたちの仕事を教えてください。,
d30c62acdc62c5c962b5117bd28fb80c.bundle,跟作業員二人組對話,Say,セラ･キョウ,31,選別組の尻拭いだ。,
d30c62acdc62c5c962b5117bd28fb80c.bundle,跟作業員二人組對話,Say,シヘイ･ヨウ,36,僕たちは普段、マイナーの棚上げとセラー全体のメンテナンスをしているんだ。,
d30c62acdc62c5c962b5117bd28fb80c.bundle,跟作業員二人組對話,Say,心の声,9,……それは修築組の仕事では？,
d30c62acdc62c5c962b5117bd28fb80c.bundle,跟作業員二人組對話,Branch,#Simple,20,それは修築組の仕事ですよね？,
d30c62acdc62c5c962b5117bd28fb80c.bundle,跟作業員二人組對話,Say,シヘイ･ヨウ,37,よくそうだと誤解されるんだよね。,
d30c62acdc62c5c962b5117bd28fb80c.bundle,跟作業員二人組對話,Say,セラ･キョウ,32,むしろ誤解しかないだろう。,
d30c62acdc62c5c962b5117bd28fb80c.bundle,跟作業員二人組對話,Say,シヘイ･ヨウ,38,アハハ……,
d30c62acdc62c5c962b5117bd28fb80c.bundle,跟作業員二人組對話,Say,シヘイ･ヨウ,39,セラーの設備は他の場所と違って全く違う技術で動いているんだ。,
d30c62acdc62c5c962b5117bd28fb80c.bundle,跟作業員二人組對話,Say,シヘイ･ヨウ,40,だから修築組じゃなくて僕たち自身がメンテナンスしてるんだ。,
d30c62acdc62c5c962b5117bd28fb80c.bundle,跟作業員二人組對話,Say,シヘイ･ヨウ,41,だから僕たちみたいな作業員も操作組のメンバーになる。,
d30c62acdc62c5c962b5117bd28fb80c.bundle,跟作業員二人組對話,Say,シヘイ･ヨウ,42,まあ、一部のエンジニアはそう思ってないけど……,
d30c62acdc62c5c962b5117bd28fb80c.bundle,跟作業員二人組對話,Say,セラ･キョウ,33,フンッ。傲慢なやつらのことはどうでもいい。,
d30c62acdc62c5c962b5117bd28fb80c.bundle,跟作業員二人組對話,Branch,#Simple,21,あなたたちは操作組のメンバーですか？,
d30c62acdc62c5c962b5117bd28fb80c.bundle,跟作業員二人組對話,Say,シヘイ･ヨウ,43,うん、僕たちは操作組のメンバー。,
d30c62acdc62c5c962b5117bd28fb80c.bundle,跟作業員二人組對話,Say,シヘイ･ヨウ,44,でも元は修築組にいたんだよ。,
d30c62acdc62c5c962b5117bd28fb80c.bundle,跟作業員二人組對話,Branch,#Simple,22,……,
d30c62acdc62c5c962b5117bd28fb80c.bundle,跟作業員二人組對話,Say,シヘイ･ヨウ,45,今じゃ、「尻拭い」の仕事ばかりだけどね……,
d30c62acdc62c5c962b5117bd28fb80c.bundle,跟作業員二人組對話,Say,セラ･キョウ,34,シヘイ、それは言わなくていいことだ。,
d30c62acdc62c5c962b5117bd28fb80c.bundle,跟作業員二人組對話,Say,セラ･キョウ,35,余計なことを喋るな。,
d30c62acdc62c5c962b5117bd28fb80c.bundle,跟作業員二人組對話,Say,シヘイ･ヨウ,46,そ、そうですね……,
d30c62acdc62c5c962b5117bd28fb80c.bundle,跟作業員二人組對話,Say,心の声,10,どういうことだ……？,
d30c62acdc62c5c962b5117bd28fb80c.bundle,跟作業員二人組對話,Say,シヘイ･ヨウ,47,とりあえず以上かな、他に何か質問は？,
d30c62acdc62c5c962b5117bd28fb80c.bundle,跟作業員二人組對話,Branch,#Simple,23,もう大丈夫です。,
d30c62acdc62c5c962b5117bd28fb80c.bundle,跟作業員二人組對話,Say,シヘイ･ヨウ,48,そう。,
d30c62acdc62c5c962b5117bd28fb80c.bundle,俊恩進入操作環節,Say,シュン･ゴ,0,棚上げを始めましょう。,
d30c62acdc62c5c962b5117bd28fb80c.bundle,俊恩進入操作環節,Say,シュン･ゴ,1,パンちゃん、お願いします。,
d30c62acdc62c5c962b5117bd28fb80c.bundle,俊恩進入操作環節,Say,パン･ロウ,0,ラジャー。,
d30c62acdc62c5c962b5117bd28fb80c.bundle,俊恩進入操作環節,Say,セラ･キョウ,0,ほう。こいつが？,
d30c62acdc62c5c962b5117bd28fb80c.bundle,俊恩進入操作環節,Say,シュン･ゴ,2,はい。,
d30c62acdc62c5c962b5117bd28fb80c.bundle,俊恩進入操作環節,Say,シュン･ゴ,3,紹介します。,
d30c62acdc62c5c962b5117bd28fb80c.bundle,俊恩進入操作環節,Say,シュン･ゴ,4,こちらはセラ･キョウ。ベテラン作業員です。,
d30c62acdc62c5c962b5117bd28fb80c.bundle,俊恩進入操作環節,Say,セラ･キョウ,1,紹介はいい。こいつが挨拶に来てた。,
d30c62acdc62c5c962b5117bd28fb80c.bundle,俊恩進入操作環節,Say,シュン･ゴ,5,そうですか。,
d30c62acdc62c5c962b5117bd28fb80c.bundle,俊恩進入操作環節,Say,シュン･ゴ,6,後ろにいるのは彼の弟子のシヘイ･ヨウです。,
d30c62acdc62c5c962b5117bd28fb80c.bundle,俊恩進入操作環節,Say,シヘイ･ヨウ,0,どうも！,
d30c62acdc62c5c962b5117bd28fb80c.bundle,俊恩進入操作環節,Branch,#Simple,0,どうも。,
d30c62acdc62c5c962b5117bd28fb80c.bundle,俊恩進入操作環節,Branch,#Simple,1,……,
d30c62acdc62c5c962b5117bd28fb80c.bundle,俊恩進入操作環節,Say,セラ･キョウ,2,よし、さっさと終わらせるぞ。,
d30c62acdc62c5c962b5117bd28fb80c.bundle,俊恩進入操作環節,Say,セラ･キョウ,3,お前、準備はいいか？,
d30c62acdc62c5c962b5117bd28fb80c.bundle,俊恩進入操作環節,Branch,#Simple,2,はい、準備できました。,
d30c62acdc62c5c962b5117bd28fb80c.bundle,俊恩進入操作環節,Say,セラ･キョウ,4,よし。まぁ、簡単な作業だ。,
d30c62acdc62c5c962b5117bd28fb80c.bundle,俊恩進入操作環節,Branch,#Simple,3,準備作業とかはいらないんですか？,
d30c62acdc62c5c962b5117bd28fb80c.bundle,俊恩進入操作環節,Say,セラ･キョウ,5,不要だ。簡単だからな。,
d30c62acdc62c5c962b5117bd28fb80c.bundle,俊恩進入操作環節,Say,心の声,0,簡単？じゃ、シュンは何に焦ってたんだ……？,
d30c62acdc62c5c962b5117bd28fb80c.bundle,俊恩進入操作環節,Say,シュン･ゴ,7,待ってください。,
d30c62acdc62c5c962b5117bd28fb80c.bundle,俊恩進入操作環節,Say,セラ･キョウ,6,何だ？,
d30c62acdc62c5c962b5117bd28fb80c.bundle,俊恩進入操作環節,Say,シュン･ゴ,8,これは良い機会ですし、ジェイに説明した方がいいかもしれません。,
d30c62acdc62c5c962b5117bd28fb80c.bundle,俊恩進入操作環節,Say,セラ･キョウ,7,なにをだ？なぜこの工場が閉鎖されるか、とかか？,
d30c62acdc62c5c962b5117bd28fb80c.bundle,俊恩進入操作環節,Say,シュン･ゴ,9,はい。,
d30c62acdc62c5c962b5117bd28fb80c.bundle,俊恩進入操作環節,Say,セラ･キョウ,8,……,
d30c62acdc62c5c962b5117bd28fb80c.bundle,俊恩進入操作環節,Say,セラ･キョウ,9,実際の作業を見たら、俺の説明がなくてもわかると思うがな。,
d30c62acdc62c5c962b5117bd28fb80c.bundle,俊恩進入操作環節,Say,セラ･キョウ,10,さあ、このマシンだ。,
d30c62acdc62c5c962b5117bd28fb80c.bundle,俊恩進入操作環節,Say,セラ･キョウ,11,シヘイ、こっちへ。,
d30c62acdc62c5c962b5117bd28fb80c.bundle,俊恩進入操作環節,Say,シヘイ･ヨウ,1,は、はい！,
d30c62acdc62c5c962b5117bd28fb80c.bundle,俊恩進入操作環節,Say,パン･ロウ,1,サブチーフ、ちょっと考えたんだけどさ……,
d30c62acdc62c5c962b5117bd28fb80c.bundle,俊恩進入操作環節,Say,パン･ロウ,2,これ本当にいいの？,
d30c62acdc62c5c962b5117bd28fb80c.bundle,俊恩進入操作環節,Say,シュン･ゴ,10,セラさんがいるから、問題ないはず。,
d30c62acdc62c5c962b5117bd28fb80c.bundle,俊恩進入操作環節,Say,パン･ロウ,3,……,
d30c62acdc62c5c962b5117bd28fb80c.bundle,俊恩進入操作環節,Say,シュン･ゴ,11,ジェイ、いいですか。,
d30c62acdc62c5c962b5117bd28fb80c.bundle,俊恩進入操作環節,Say,シュン･ゴ,12,セラさんは確かに気性が荒いけど、悪い人ではありません。,
d30c62acdc62c5c962b5117bd28fb80c.bundle,俊恩進入操作環節,Say,シュン･ゴ,13,あなたの能力を証明できれば、彼は文句を言いながらもあなたを否定することはないでしょう。,
d30c62acdc62c5c962b5117bd28fb80c.bundle,俊恩進入操作環節,Say,シュン･ゴ,14,この仕事に対してどう思ってるかはわかりませんが、これは操作組に採用される唯一のチャンスです。,
d30c62acdc62c5c962b5117bd28fb80c.bundle,俊恩進入操作環節,Say,シュン･ゴ,15,どうか、頑張ってください。,
d30c62acdc62c5c962b5117bd28fb80c.bundle,俊恩進入操作環節,Say,シュン･ゴ,16,では、もうすぐで始まります。,
d30c62acdc62c5c962b5117bd28fb80c.bundle,操作前送架前的說明,Say,セラ･キョウ,0,ゴルゴタ参型、万象が生産した最初のオートマティック演算力供給インストールコンソールだ。,
d30c62acdc62c5c962b5117bd28fb80c.bundle,操作前送架前的說明,Say,セラ･キョウ,1,言わば骨董品ってことだ。,
d30c62acdc62c5c962b5117bd28fb80c.bundle,操作前送架前的說明,Say,心の声,0,これが、「棚上げ」の制御台……？,
d30c62acdc62c5c962b5117bd28fb80c.bundle,操作前送架前的說明,Say,セラ･キョウ,2,突っ立ってないで、こっちに来てちゃんと見てろ。,
d30c62acdc62c5c962b5117bd28fb80c.bundle,操作前送架前的說明,Say,セラ･キョウ,3,何をするかわかってるか？,
d30c62acdc62c5c962b5117bd28fb80c.bundle,操作前送架前的說明,Branch,#Simple,0,わかりません。,
d30c62acdc62c5c962b5117bd28fb80c.bundle,操作前送架前的說明,Say,セラ･キョウ,4,ハハハ！正直じゃねーか。いいぞ。,
d30c62acdc62c5c962b5117bd28fb80c.bundle,操作前送架前的說明,Say,セラ･キョウ,5,知ったかぶりする誰かさんよりはずっと気持ちがいい。,
d30c62acdc62c5c962b5117bd28fb80c.bundle,操作前送架前的說明,Say,シヘイ･ヨウ,0,ゴ、ゴホン！,
d30c62acdc62c5c962b5117bd28fb80c.bundle,操作前送架前的說明,Branch,#Simple,1,はい、わかってます。,
d30c62acdc62c5c962b5117bd28fb80c.bundle,操作前送架前的說明,Say,セラ･キョウ,6,じゃ、何をするんだ？,
d30c62acdc62c5c962b5117bd28fb80c.bundle,操作前送架前的說明,Branch,#Simple,2,人をセラーに送り込みます。,
d30c62acdc62c5c962b5117bd28fb80c.bundle,操作前送架前的說明,Branch,#Simple,3,外で並んでる人のブレインマイニングを始める。,
d30c62acdc62c5c962b5117bd28fb80c.bundle,操作前送架前的說明,Say,セラ･キョウ,7,フンッ、半分正解と言ったところだな。,
d30c62acdc62c5c962b5117bd28fb80c.bundle,操作前送架前的說明,Say,セラ･キョウ,8,さっき、セラーで吊されるマイナーを見たな？,
d30c62acdc62c5c962b5117bd28fb80c.bundle,操作前送架前的說明,Say,セラ･キョウ,9,彼らを棚上げする前に、まず「準備」をしないといけないんだ。,
d30c62acdc62c5c962b5117bd28fb80c.bundle,操作前送架前的說明,Say,セラ･キョウ,10,シヘイ、自動輸送をオンにしてインストールモードを手動に。,
d30c62acdc62c5c962b5117bd28fb80c.bundle,操作前送架前的說明,Say,シヘイ･ヨウ,1,はい。,
d30c62acdc62c5c962b5117bd28fb80c.bundle,操作前送架前的說明,Say,ゴルゴタ参型,0,ユニットイン。E-758。スウハ･カ。,
d30c62acdc62c5c962b5117bd28fb80c.bundle,上車開出去一下以後,Say,パン･ロウ,0,はい？,
d30c62acdc62c5c962b5117bd28fb80c.bundle,上車開出去一下以後,Say,シヘイ･ヨウ,0,扉の故障？,
d30c62acdc62c5c962b5117bd28fb80c.bundle,上車開出去一下以後,Say,パン･ロウ,1,……かもね。,
d30c62acdc62c5c962b5117bd28fb80c.bundle,上車開出去一下以後,Say,シヘイ･ヨウ,1,これもサブチーフが言ってた問題の影響かな？,
d30c62acdc62c5c962b5117bd28fb80c.bundle,上車開出去一下以後,Say,パン･ロウ,2,はぁ、ついてないな。,
d30c62acdc62c5c962b5117bd28fb80c.bundle,上車開出去一下以後,Say,パン･ロウ,3,再起動してみるよ。じゃないと誰かを呼ぶしかないから。,
d30c62acdc62c5c962b5117bd28fb80c.bundle,上車開出去一下以後,Say,シヘイ･ヨウ,2,今回の故障って、一体どんだけ酷いんだ……,
d30c62acdc62c5c962b5117bd28fb80c.bundle,上車開出去一下以後,Say,パン･ロウ,4,さあね……,
d30c62acdc62c5c962b5117bd28fb80c.bundle,上車開出去一下以後,Say,パン･ロウ,5,待ってて、ちょっと考えてみる。,
d30c62acdc62c5c962b5117bd28fb80c.bundle,上車開出去一下以後,Say,シヘイ･ヨウ,3,頼んだよ！,
d30c62acdc62c5c962b5117bd28fb80c.bundle,神秘黑衣人攔查,Say,シェーン･ソウ,0,そこのあなた！,
d30c62acdc62c5c962b5117bd28fb80c.bundle,神秘黑衣人攔查,Say,シェーン･ソウ,1,検査にご協力ください。,
d30c62acdc62c5c962b5117bd28fb80c.bundle,神秘黑衣人攔查,Say,心の声,0,何だ？,
d30c62acdc62c5c962b5117bd28fb80c.bundle,神秘黑衣人攔查,Say,シェーン･ソウ,2,今からスキャンをします。,
d30c62acdc62c5c962b5117bd28fb80c.bundle,神秘黑衣人攔查,Say,心の声,1,……スキャン？,
d30c62acdc62c5c962b5117bd28fb80c.bundle,神秘黑衣人攔查,Say,シェーン･ソウ,3,この機械はあらゆる形のメモリーを検出できます。,
d30c62acdc62c5c962b5117bd28fb80c.bundle,神秘黑衣人攔查,Say,シェーン･ソウ,4,はい、大丈夫です。,
d30c62acdc62c5c962b5117bd28fb80c.bundle,神秘黑衣人攔查,Branch,#Simple,0,何かあったんですか？,
d30c62acdc62c5c962b5117bd28fb80c.bundle,神秘黑衣人攔查,Branch,#Simple,1,どうしてこんなスキャンを？,
d30c62acdc62c5c962b5117bd28fb80c.bundle,神秘黑衣人攔查,Say,シェーン･ソウ,5,もう行っていいですよ。,
d30c62acdc62c5c962b5117bd28fb80c.bundle,神秘黑衣人攔查,Say,心の声,2,……なに？,
d30c62acdc62c5c962b5117bd28fb80c.bundle,神秘黑衣人攔查,Branch,#Simple,2,どうして私を止めたんですか？,
d30c62acdc62c5c962b5117bd28fb80c.bundle,神秘黑衣人攔查,Branch,#Simple,3,質問に答えてませんけど？,
d30c62acdc62c5c962b5117bd28fb80c.bundle,神秘黑衣人攔查,Say,シェーン･ソウ,6,あなたの質問に答える義務はありません。,
d30c62acdc62c5c962b5117bd28fb80c.bundle,神秘黑衣人攔查,Branch,#Simple,4,……,
d30c62acdc62c5c962b5117bd28fb80c.bundle,神秘黑衣人攔查,Branch,#Simple,5,……,
d30c62acdc62c5c962b5117bd28fb80c.bundle,神秘黑衣人攔查,Say,シェーン･ソウ,7,邪魔しないでください。,
d30c62acdc62c5c962b5117bd28fb80c.bundle,神秘黑衣人攔查,Say,心の声,3,何なんだ……？,
d30c62acdc62c5c962b5117bd28fb80c.bundle,跟阿姨回報,Say,イファ･ヨウ,0,ちょっと待てくれ、来客だ……,
d30c62acdc62c5c962b5117bd28fb80c.bundle,跟阿姨回報,Say,シソン･リク,0,話を逸らさないでください、イファマネージャー。,
d30c62acdc62c5c962b5117bd28fb80c.bundle,跟阿姨回報,Say,心の声,0,どうしたんだ……？,
d30c62acdc62c5c962b5117bd28fb80c.bundle,跟阿姨回報,Say,イファ･ヨウ,1,……,
d30c62acdc62c5c962b5117bd28fb80c.bundle,跟阿姨回報,Say,イファ･ヨウ,2,もう一度言う。,
d30c62acdc62c5c962b5117bd28fb80c.bundle,跟阿姨回報,Say,イファ･ヨウ,3,貴方の言ってることは何もわからない。,
d30c62acdc62c5c962b5117bd28fb80c.bundle,跟阿姨回報,Say,シソン･リク,1,ログによれば、あなたは三時間前に内部の輸送システムを使ってこのオフィスから14個のカプセルを送りました。,
d30c62acdc62c5c962b5117bd28fb80c.bundle,跟阿姨回報,Say,シソン･リク,2,機密資料の漏えいが発生した直後ですよ？,
d30c62acdc62c5c962b5117bd28fb80c.bundle,跟阿姨回報,Say,シソン･リク,3,あなたを疑わずに誰を疑うでしょう？,
d30c62acdc62c5c962b5117bd28fb80c.bundle,跟阿姨回報,Say,心の声,1,イファ･ヨウが会社の機密情報を……？,
d30c62acdc62c5c962b5117bd28fb80c.bundle,跟阿姨回報,Say,イファ･ヨウ,4,そうだな。だから私は調査に協力した。,
d30c62acdc62c5c962b5117bd28fb80c.bundle,跟阿姨回報,Say,イファ･ヨウ,5,私のオフィスを隅々まで捜査させたはずよ。これ以上どうしろと？,
d30c62acdc62c5c962b5117bd28fb80c.bundle,跟阿姨回報,Say,イファ･ヨウ,6,私は貴方たちみたいな本社の犬とは違って、他人に迷惑をかけたくない。,
d30c62acdc62c5c962b5117bd28fb80c.bundle,跟阿姨回報,Say,イファ･ヨウ,7,本当に重要な仕事があるんだ。,
d30c62acdc62c5c962b5117bd28fb80c.bundle,跟阿姨回報,Say,イファ･ヨウ,8,私を信じられないなら、14個のカプセルを全部見つければいいでしょう？,
d30c62acdc62c5c962b5117bd28fb80c.bundle,跟阿姨回報,Say,シソン･リク,4,……,
d30c62acdc62c5c962b5117bd28fb80c.bundle,跟阿姨回報,Say,シソン･リク,5,13個のカプセルはもう見つかっています。,
d30c62acdc62c5c962b5117bd28fb80c.bundle,跟阿姨回報,Say,イファ･ヨウ,9,……,
d30c62acdc62c5c962b5117bd28fb80c.bundle,跟阿姨回報,Say,イファ･ヨウ,10,早いね。,
d30c62acdc62c5c962b5117bd28fb80c.bundle,跟阿姨回報,Say,シソン･リク,6,報告によると、13個のカプセルに入っていたのはただの資料でした……,
d30c62acdc62c5c962b5117bd28fb80c.bundle,跟阿姨回報,Say,イファ･ヨウ,11,何？私が送ったものですら本社のチェックを受けないといけないの？,
d30c62acdc62c5c962b5117bd28fb80c.bundle,跟阿姨回報,Say,シソン･リク,7,初歩的な目くらましですね。,
d30c62acdc62c5c962b5117bd28fb80c.bundle,跟阿姨回報,Say,イファ･ヨウ,12,そう？ならどうして最後のカプセルをまだ手に入れてないの？,
d30c62acdc62c5c962b5117bd28fb80c.bundle,跟阿姨回報,Say,イファ･ヨウ,13,貴方たちは効率至上主義。どこに送ったかもうわかっているだろう？,
d30c62acdc62c5c962b5117bd28fb80c.bundle,跟阿姨回報,Say,シソン･リク,8,……,
d30c62acdc62c5c962b5117bd28fb80c.bundle,跟阿姨回報,Say,シソン･リク,9,私たちは、監督官のオフィスを勝手に捜査する権限がありません。,
d30c62acdc62c5c962b5117bd28fb80c.bundle,跟阿姨回報,Say,心の声,2,……監督官？,
d30c62acdc62c5c962b5117bd28fb80c.bundle,跟阿姨回報,Say,心の声,3,まさかリンのことじゃ……,
d30c62acdc62c5c962b5117bd28fb80c.bundle,跟阿姨回報,Say,イファ･ヨウ,14,ええ、彼女本人の同意が必要だからね。,
d30c62acdc62c5c962b5117bd28fb80c.bundle,跟阿姨回報,Say,イファ･ヨウ,15,早番の彼女は今、会社にいない。,
d30c62acdc62c5c962b5117bd28fb80c.bundle,跟阿姨回報,Say,心の声,4,違う、俺はリンと一緒に来た……,
d30c62acdc62c5c962b5117bd28fb80c.bundle,跟阿姨回報,Say,シソン･リク,10,……,
d30c62acdc62c5c962b5117bd28fb80c.bundle,跟阿姨回報,Say,シソン･リク,11,最後にもう一度聞きます。,
d30c62acdc62c5c962b5117bd28fb80c.bundle,跟阿姨回報,Say,シソン･リク,12,会社から盗み出した機密資料を輸送システムで監督官のリン･テイのオフィスに送りましたか？,
d30c62acdc62c5c962b5117bd28fb80c.bundle,跟阿姨回報,Say,イファ･ヨウ,16,こちらも最後の答えにさせてもらうよ。,
d30c62acdc62c5c962b5117bd28fb80c.bundle,跟阿姨回報,Say,イファ･ヨウ,17,いいえ、だ。,
d30c62acdc62c5c962b5117bd28fb80c.bundle,跟阿姨回報,Say,イファ･ヨウ,18,貴方の上司であるジョさんに、確認してもらえばいい。,
d30c62acdc62c5c962b5117bd28fb80c.bundle,跟阿姨回報,Say,イファ･ヨウ,19,明日の朝になれば彼女も来るわけだし、これはただの時間の問題でしょう？,
d30c62acdc62c5c962b5117bd28fb80c.bundle,跟阿姨回報,Say,シソン･リク,13,……,
d30c62acdc62c5c962b5117bd28fb80c.bundle,跟阿姨回報,Say,シソン･リク,14,あなたの言う通り、ただの時間の問題ですね。,
d30c62acdc62c5c962b5117bd28fb80c.bundle,跟阿姨回報,Say,シソン･リク,15,先程、リン･テイさんが会社にいるという情報を聞きました。,
d30c62acdc62c5c962b5117bd28fb80c.bundle,跟阿姨回報,Say,シソン･リク,16,どうやら思ったより早く事が進みそうですね。30分後に彼女と会う予定です。,
d30c62acdc62c5c962b5117bd28fb80c.bundle,跟阿姨回報,Say,心の声,5,マネージャーの顔つきが変わった……,
d30c62acdc62c5c962b5117bd28fb80c.bundle,跟阿姨回報,Say,心の声,6,まさか、本当に会社の機密を？,
d30c62acdc62c5c962b5117bd28fb80c.bundle,跟阿姨回報,Say,心の声,7,しかもリンを巻き込んだのか？それともリンは最初から知ってた……？,
d30c62acdc62c5c962b5117bd28fb80c.bundle,跟阿姨回報,Say,シソン･リク,17,私たちは、罪を認める機会が必要かと思って来ただけです。,
d30c62acdc62c5c962b5117bd28fb80c.bundle,跟阿姨回報,Say,シソン･リク,18,必要ないなら、もう邪魔はしません。,
d30c62acdc62c5c962b5117bd28fb80c.bundle,跟阿姨回報,Say,イファ･ヨウ,20,罪とは、一体何の事？,
d30c62acdc62c5c962b5117bd28fb80c.bundle,跟阿姨回報,Say,シソン･リク,19,そうですか。では失礼しました。,
d30c62acdc62c5c962b5117bd28fb80c.bundle,跟阿姨回報,Say,イファ･ヨウ,21,ああ。さっさとお引き取りを。,
d30c62acdc62c5c962b5117bd28fb80c.bundle,跟阿姨回報,Say,イファ･ヨウ,22,……,
d30c62acdc62c5c962b5117bd28fb80c.bundle,跟阿姨回報,Say,イファ･ヨウ,23,……,
d30c62acdc62c5c962b5117bd28fb80c.bundle,跟阿姨回報,Say,イファ･ヨウ,24,はぁ……,
d30c62acdc62c5c962b5117bd28fb80c.bundle,跟阿姨回報,Say,イファ･ヨウ,25,ジェイ･ダイ、こちらへ。,
d30c62acdc62c5c962b5117bd28fb80c.bundle,說服程芳不要交檔案,Say,メイ･ジョ,0,……,
d30c62acdc62c5c962b5117bd28fb80c.bundle,說服程芳不要交檔案,Say,心の声,0,かなり困っているようだ……,
d30c62acdc62c5c962b5117bd28fb80c.bundle,說服程芳不要交檔案,Say,リン･テイ,0,どうしたの？,
d30c62acdc62c5c962b5117bd28fb80c.bundle,說服程芳不要交檔案,Say,メイ･ジョ,1,こちらは……？,
d30c62acdc62c5c962b5117bd28fb80c.bundle,說服程芳不要交檔案,Say,リン･テイ,1,ああ、彼ね……,
d30c62acdc62c5c962b5117bd28fb80c.bundle,說服程芳不要交檔案,Branch,#Simple,0,リン･テイの彼氏です。,
d30c62acdc62c5c962b5117bd28fb80c.bundle,說服程芳不要交檔案,Say,メイ･ジョ,2,はい……！？,
d30c62acdc62c5c962b5117bd28fb80c.bundle,說服程芳不要交檔案,Say,心の声,1,かなり驚いてるようだ……,
d30c62acdc62c5c962b5117bd28fb80c.bundle,說服程芳不要交檔案,Say,心の声,2,そんなに意外か……？,
d30c62acdc62c5c962b5117bd28fb80c.bundle,說服程芳不要交檔案,Say,メイ･ジョ,3,本当なの？,
d30c62acdc62c5c962b5117bd28fb80c.bundle,說服程芳不要交檔案,Say,リン･テイ,2,あ、うん。そうなの！,
d30c62acdc62c5c962b5117bd28fb80c.bundle,說服程芳不要交檔案,Say,リン･テイ,3,ごめんね。ずっと隠してて。私、プライベートは話さない主義だからさ！,
d30c62acdc62c5c962b5117bd28fb80c.bundle,說服程芳不要交檔案,Say,メイ･ジョ,4,リン姉とは親友だと思ってたのに。,
d30c62acdc62c5c962b5117bd28fb80c.bundle,說服程芳不要交檔案,Say,リン･テイ,4,ご、ごめんね！あまりこういうこと言いたくないからさ……,
d30c62acdc62c5c962b5117bd28fb80c.bundle,說服程芳不要交檔案,Say,メイ･ジョ,5,大丈夫。ちょっと驚いただけだから。,
d30c62acdc62c5c962b5117bd28fb80c.bundle,說服程芳不要交檔案,Branch,#Simple,1,監督官に用があって来ました。,
d30c62acdc62c5c962b5117bd28fb80c.bundle,說服程芳不要交檔案,Say,メイ･ジョ,6,そう？でもタイミングが悪いかもね。,
d30c62acdc62c5c962b5117bd28fb80c.bundle,說服程芳不要交檔案,Say,リン･テイ,5,待って、メイ、実は……,
d30c62acdc62c5c962b5117bd28fb80c.bundle,說服程芳不要交檔案,Branch,#Simple,2,……,
d30c62acdc62c5c962b5117bd28fb80c.bundle,說服程芳不要交檔案,Say,リン･テイ,6,えっとね、彼は……,
d30c62acdc62c5c962b5117bd28fb80c.bundle,說服程芳不要交檔案,Say,リン･テイ,7,彼氏なの、エヘヘ……,
d30c62acdc62c5c962b5117bd28fb80c.bundle,說服程芳不要交檔案,Say,メイ･ジョ,7,本題に戻るね。,
d30c62acdc62c5c962b5117bd28fb80c.bundle,說服程芳不要交檔案,Say,メイ･ジョ,8,イファ･ヨウが盗んだレッドボックスラボの資料について話があるの。,
d30c62acdc62c5c962b5117bd28fb80c.bundle,說服程芳不要交檔案,Say,心の声,3,レッドボックス？,
d30c62acdc62c5c962b5117bd28fb80c.bundle,說服程芳不要交檔案,Say,メイ･ジョ,9,あまりに急な話で、私もまだ捜査許可がないんだけど……,
d30c62acdc62c5c962b5117bd28fb80c.bundle,說服程芳不要交檔案,Say,メイ･ジョ,10,リン姉、大人しくハードディスクを渡してほしいの。,
d30c62acdc62c5c962b5117bd28fb80c.bundle,說服程芳不要交檔案,Say,リン･テイ,8,……,
d30c62acdc62c5c962b5117bd28fb80c.bundle,說服程芳不要交檔案,Say,リン･テイ,9,もしこの中に本当に機密資料が入っていたら……,
d30c62acdc62c5c962b5117bd28fb80c.bundle,說服程芳不要交檔案,Say,リン･テイ,10,私はどうなるの？,
d30c62acdc62c5c962b5117bd28fb80c.bundle,說服程芳不要交檔案,Say,メイ･ジョ,11,……,
d30c62acdc62c5c962b5117bd28fb80c.bundle,說服程芳不要交檔案,Say,メイ･ジョ,12,どうにもならないわ。,
d30c62acdc62c5c962b5117bd28fb80c.bundle,說服程芳不要交檔案,Say,メイ･ジョ,13,まだ中身を見てないってリン姉が言ってたでしょう？,
d30c62acdc62c5c962b5117bd28fb80c.bundle,說服程芳不要交檔案,Say,リン･テイ,11,でも、私は長い時間ハードディスクを所持してた。,
d30c62acdc62c5c962b5117bd28fb80c.bundle,說服程芳不要交檔案,Say,メイ･ジョ,14,それは確かね。多分、取り調べは免れられないと思う。,
d30c62acdc62c5c962b5117bd28fb80c.bundle,說服程芳不要交檔案,Say,メイ･ジョ,15,でも安心して、今回の調査は私が担当してるから。,
d30c62acdc62c5c962b5117bd28fb80c.bundle,說服程芳不要交檔案,Say,メイ･ジョ,16,私がリン姉を信用している限り、取り調べは今みたいな雑談で済むはず。,
d30c62acdc62c5c962b5117bd28fb80c.bundle,說服程芳不要交檔案,Say,リン･テイ,12,信用している限りね……,
d30c62acdc62c5c962b5117bd28fb80c.bundle,說服程芳不要交檔案,Say,リン･テイ,13,メイ、私たちが知り合ってどれくらい経つ？,
d30c62acdc62c5c962b5117bd28fb80c.bundle,說服程芳不要交檔案,Say,リン･テイ,14,あなたが誰も信用しないことくらい知ってるよ。それに、私ですら自分が怪しいと思ってるもの。,
d30c62acdc62c5c962b5117bd28fb80c.bundle,說服程芳不要交檔案,Say,リン･テイ,15,そんな私を、どうやって信じるっていうの？,
d30c62acdc62c5c962b5117bd28fb80c.bundle,說服程芳不要交檔案,Say,メイ･ジョ,17,それは簡単よ。ハードディスクを渡せばいい。,
d30c62acdc62c5c962b5117bd28fb80c.bundle,說服程芳不要交檔案,Say,メイ･ジョ,18,今すぐにね。,
d30c62acdc62c5c962b5117bd28fb80c.bundle,說服程芳不要交檔案,Say,メイ･ジョ,19,そうすれば私も信用する。,
d30c62acdc62c5c962b5117bd28fb80c.bundle,說服程芳不要交檔案,Branch,#Simple,3,渡してもリンを疑うに違いない。,
d30c62acdc62c5c962b5117bd28fb80c.bundle,說服程芳不要交檔案,Say,メイ･ジョ,20,あのね。,
d30c62acdc62c5c962b5117bd28fb80c.bundle,說服程芳不要交檔案,Say,メイ･ジョ,21,リン姉より、私はあなたのことを疑ってるの。,
d30c62acdc62c5c962b5117bd28fb80c.bundle,說服程芳不要交檔案,Say,メイ･ジョ,22,……,
d30c62acdc62c5c962b5117bd28fb80c.bundle,說服程芳不要交檔案,Say,メイ･ジョ,23,……こういうのは本人の前で言いたくないけど。,
d30c62acdc62c5c962b5117bd28fb80c.bundle,說服程芳不要交檔案,Say,メイ･ジョ,24,ジェイ･ダイ、あなたは地下エリアの職員よね。,
d30c62acdc62c5c962b5117bd28fb80c.bundle,說服程芳不要交檔案,Say,メイ･ジョ,25,つまり、イファ･ヨウの下で働いてる。,
d30c62acdc62c5c962b5117bd28fb80c.bundle,說服程芳不要交檔案,Say,リン･テイ,16,メイ……,
d30c62acdc62c5c962b5117bd28fb80c.bundle,說服程芳不要交檔案,Say,メイ･ジョ,26,あなたは今、イファ･ヨウの指示を受けてハードディスクを回収しに来たんじゃない？,
d30c62acdc62c5c962b5117bd28fb80c.bundle,說服程芳不要交檔案,Say,メイ･ジョ,27,監視カメラの映像をすぐ確認できることはわかってるわよね？,
d30c62acdc62c5c962b5117bd28fb80c.bundle,說服程芳不要交檔案,Say,メイ･ジョ,28,あなたはいつイファ･ヨウと接触したのかな？,
d30c62acdc62c5c962b5117bd28fb80c.bundle,說服程芳不要交檔案,Say,リン･テイ,17,待って、それは考えすぎよ。彼はまだ会社に来て二日目で……,
d30c62acdc62c5c962b5117bd28fb80c.bundle,說服程芳不要交檔案,Say,メイ･ジョ,29,偶々、二日目に機密資料の漏洩が発覚して、,
d30c62acdc62c5c962b5117bd28fb80c.bundle,說服程芳不要交檔案,Say,メイ･ジョ,30,偶々、その取り調べの真っ最中にこの場へやってきた。,
d30c62acdc62c5c962b5117bd28fb80c.bundle,說服程芳不要交檔案,Say,メイ･ジョ,31,それで偶々、二人は付き合っている？,
d30c62acdc62c5c962b5117bd28fb80c.bundle,說服程芳不要交檔案,Say,リン･テイ,18,それは……,
d30c62acdc62c5c962b5117bd28fb80c.bundle,說服程芳不要交檔案,Say,メイ･ジョ,32,もういいわ。,
d30c62acdc62c5c962b5117bd28fb80c.bundle,說服程芳不要交檔案,Say,メイ･ジョ,33,リン姉、ハードディスクを渡して。,
d30c62acdc62c5c962b5117bd28fb80c.bundle,說服程芳不要交檔案,Say,メイ･ジョ,34,二人が本当にシロなら、調査に協力した方がお互い都合がいいでしょ。,
d30c62acdc62c5c962b5117bd28fb80c.bundle,說服程芳不要交檔案,Say,メイ･ジョ,35,私が真犯人を見つければ、あなたたちが疑われることもない。,
d30c62acdc62c5c962b5117bd28fb80c.bundle,說服程芳不要交檔案,Say,メイ･ジョ,36,リン姉、ちゃんと考えて。,
d30c62acdc62c5c962b5117bd28fb80c.bundle,說服程芳不要交檔案,Say,リン･テイ,19,……,
d30c62acdc62c5c962b5117bd28fb80c.bundle,說服程芳不要交檔案,Say,心の声,4,俺が迂闊にリンとの関係を話したせいでこんなことに……,
d30c62acdc62c5c962b5117bd28fb80c.bundle,說服程芳不要交檔案,Say,心の声,5,こうなると、リンがハードディスクを渡しても渡さなくても疑われる……,
d30c62acdc62c5c962b5117bd28fb80c.bundle,說服程芳不要交檔案,Say,心の声,6,それともイファ･ヨウのことを正直に話すべきか？俺たちはそもそも巻き込まれただけだ……,
d30c62acdc62c5c962b5117bd28fb80c.bundle,說服程芳不要交檔案,Branch,#Simple,4,イファ･ヨウが資料を盗みました。私が証人です。,
d30c62acdc62c5c962b5117bd28fb80c.bundle,說服程芳不要交檔案,Say,リン･テイ,20,えっ！？,
d30c62acdc62c5c962b5117bd28fb80c.bundle,說服程芳不要交檔案,Say,メイ･ジョ,37,へぇ。,
d30c62acdc62c5c962b5117bd28fb80c.bundle,說服程芳不要交檔案,Say,メイ･ジョ,38,どうしてそれを知ってるの？,
d30c62acdc62c5c962b5117bd28fb80c.bundle,說服程芳不要交檔案,Branch,#Simple,5,彼女は私にハードディスクを取り戻すように頼みました。,
d30c62acdc62c5c962b5117bd28fb80c.bundle,說服程芳不要交檔案,Branch,#Simple,6,彼女から聞きました。,
d30c62acdc62c5c962b5117bd28fb80c.bundle,說服程芳不要交檔案,Say,メイ･ジョ,39,つまり、あなたは彼女の共犯者ってこと？,
d30c62acdc62c5c962b5117bd28fb80c.bundle,說服程芳不要交檔案,Branch,#Simple,7,違います。でも、彼女を手伝うしかなかった。,
d30c62acdc62c5c962b5117bd28fb80c.bundle,說服程芳不要交檔案,Say,メイ･ジョ,40,巻き込まれたリン姉を助けるために？,
d30c62acdc62c5c962b5117bd28fb80c.bundle,說服程芳不要交檔案,Branch,#Simple,8,あんたはどう思いますか？,
d30c62acdc62c5c962b5117bd28fb80c.bundle,說服程芳不要交檔案,Say,メイ･ジョ,41,私が思うに、あなたは恋人を守りたいだけの無実の万象職員だと思うよ。,
d30c62acdc62c5c962b5117bd28fb80c.bundle,說服程芳不要交檔案,Say,リン･テイ,21,ジェイ……,
d30c62acdc62c5c962b5117bd28fb80c.bundle,說服程芳不要交檔案,Say,メイ･ジョ,42,さあ、証人になる条件を言って。,
d30c62acdc62c5c962b5117bd28fb80c.bundle,說服程芳不要交檔案,Branch,#Simple,9,私とリンをこの件に巻き込まないと保証してください。,
d30c62acdc62c5c962b5117bd28fb80c.bundle,說服程芳不要交檔案,Say,メイ･ジョ,43,大丈夫、それは保証するわ。,
d30c62acdc62c5c962b5117bd28fb80c.bundle,說服程芳不要交檔案,Say,メイ･ジョ,44,でもそんな簡単にイファ･ヨウを裏切って大丈夫なの？,
d30c62acdc62c5c962b5117bd28fb80c.bundle,說服程芳不要交檔案,Branch,#Simple,10,元はと言えば彼女がこの件に巻き込んだ張本人です。,
d30c62acdc62c5c962b5117bd28fb80c.bundle,說服程芳不要交檔案,Say,メイ･ジョ,45,正しい意見ね。,
d30c62acdc62c5c962b5117bd28fb80c.bundle,說服程芳不要交檔案,Say,メイ･ジョ,46,今の発言であなたのことを少し見直した。,
d30c62acdc62c5c962b5117bd28fb80c.bundle,說服程芳不要交檔案,Say,メイ･ジョ,47,他人の問題、他人の責任、そこはちゃんと自分と線引きをしなければならない。,
d30c62acdc62c5c962b5117bd28fb80c.bundle,說服程芳不要交檔案,Say,メイ･ジョ,48,それこそ正しい考え方。,
d30c62acdc62c5c962b5117bd28fb80c.bundle,說服程芳不要交檔案,Say,リン･テイ,22,……私はそう思わない。,
d30c62acdc62c5c962b5117bd28fb80c.bundle,說服程芳不要交檔案,Say,メイ･ジョ,49,じゃ、あなたの彼氏はイファ･ヨウを最後まで庇うべきだと？,
d30c62acdc62c5c962b5117bd28fb80c.bundle,說服程芳不要交檔案,Say,リン･テイ,23,私は彼をそうさせる資格も、責める資格もない。,
d30c62acdc62c5c962b5117bd28fb80c.bundle,說服程芳不要交檔案,Say,メイ･ジョ,50,だから？,
d30c62acdc62c5c962b5117bd28fb80c.bundle,說服程芳不要交檔案,Say,リン･テイ,24,私はそんなことはしない。,
d30c62acdc62c5c962b5117bd28fb80c.bundle,說服程芳不要交檔案,Say,心の声,7,リン、怒ってるのか……？,
d30c62acdc62c5c962b5117bd28fb80c.bundle,說服程芳不要交檔案,Say,メイ･ジョ,51,そう。それはお二人でゆっくり議論してちょうだい。,
d30c62acdc62c5c962b5117bd28fb80c.bundle,說服程芳不要交檔案,Say,メイ･ジョ,52,私はまだ仕事があるから、お先に失礼するわ。そのハードディスクだけど……,
d30c62acdc62c5c962b5117bd28fb80c.bundle,說服程芳不要交檔案,Say,メイ･ジョ,53,……,
d30c62acdc62c5c962b5117bd28fb80c.bundle,說服程芳不要交檔案,Say,メイ･ジョ,54,こちらの方が証人になってくれるようだし、もうハードディスクは必要ないかな。,
d30c62acdc62c5c962b5117bd28fb80c.bundle,說服程芳不要交檔案,Say,リン･テイ,25,……,
d30c62acdc62c5c962b5117bd28fb80c.bundle,說服程芳不要交檔案,Say,心の声,8,リンが躊躇しているようだ……,
d30c62acdc62c5c962b5117bd28fb80c.bundle,說服程芳不要交檔案,Say,心の声,9,一体何を考えてる……？,
d30c62acdc62c5c962b5117bd28fb80c.bundle,說服程芳不要交檔案,Say,リン･テイ,26,いいえ。保証してくれるならハードディスクも渡す。,
d30c62acdc62c5c962b5117bd28fb80c.bundle,說服程芳不要交檔案,Say,メイ･ジョ,55,私たちに捜査や押収の権限はないのよ？,
d30c62acdc62c5c962b5117bd28fb80c.bundle,說服程芳不要交檔案,Say,リン･テイ,27,ジェイの証言があれば、あなたはこれを取り上げる権限がある。,
d30c62acdc62c5c962b5117bd28fb80c.bundle,說服程芳不要交檔案,Say,メイ･ジョ,56,おかげで仕事が大分楽になった。ありがとう。,
d30c62acdc62c5c962b5117bd28fb80c.bundle,說服程芳不要交檔案,Branch,#Simple,11,イファは救うことは無理なんですか？,
d30c62acdc62c5c962b5117bd28fb80c.bundle,說服程芳不要交檔案,Say,メイ･ジョ,57,無理ね。彼女は主犯だから。,
d30c62acdc62c5c962b5117bd28fb80c.bundle,說服程芳不要交檔案,Branch,#Simple,12,だから裏切った。,
d30c62acdc62c5c962b5117bd28fb80c.bundle,說服程芳不要交檔案,Say,メイ･ジョ,58,情の欠片もないね。,
d30c62acdc62c5c962b5117bd28fb80c.bundle,說服程芳不要交檔案,Branch,#Simple,13,……,
d30c62acdc62c5c962b5117bd28fb80c.bundle,說服程芳不要交檔案,Say,メイ･ジョ,59,リン姉は喜んでいないようだけど……,
d30c62acdc62c5c962b5117bd28fb80c.bundle,說服程芳不要交檔案,Branch,#Simple,14,私とリン、そしてイファをこの件に巻き込まないと保証してください。,
d30c62acdc62c5c962b5117bd28fb80c.bundle,說服程芳不要交檔案,Say,メイ･ジョ,60,ハードディスクだけ持ち帰って、犯人は見つからなかったと上司に言えと？,
d30c62acdc62c5c962b5117bd28fb80c.bundle,說服程芳不要交檔案,Say,メイ･ジョ,61,それは無理。私が安全を保証できるのはあなたたち二人まで。,
d30c62acdc62c5c962b5117bd28fb80c.bundle,說服程芳不要交檔案,Branch,#Simple,15,なら前言撤回だ。,
d30c62acdc62c5c962b5117bd28fb80c.bundle,說服程芳不要交檔案,Say,心の声,10,なに？,
d30c62acdc62c5c962b5117bd28fb80c.bundle,說服程芳不要交檔案,Say,心の声,11,だめだ。リンの安全が一番だ。イファ･ヨウなんてどうでもいい……,
d30c62acdc62c5c962b5117bd28fb80c.bundle,說服程芳不要交檔案,Say,メイ･ジョ,62,そこまでマネージャーを庇いたいの？本気？,
d30c62acdc62c5c962b5117bd28fb80c.bundle,說服程芳不要交檔案,Branch,#Simple,16,本気だ。,
d30c62acdc62c5c962b5117bd28fb80c.bundle,說服程芳不要交檔案,Say,メイ･ジョ,63,はぁ……,
d30c62acdc62c5c962b5117bd28fb80c.bundle,說服程芳不要交檔案,Say,メイ･ジョ,64,リン姉はそれでいいの？,
d30c62acdc62c5c962b5117bd28fb80c.bundle,說服程芳不要交檔案,Say,リン･テイ,28,……,
d30c62acdc62c5c962b5117bd28fb80c.bundle,說服程芳不要交檔案,Say,リン･テイ,29,ジェイがそう決めたなら、私は彼に従う。,
d30c62acdc62c5c962b5117bd28fb80c.bundle,說服程芳不要交檔案,Say,メイ･ジョ,65,じゃ、リン姉もハードディスクを渡す気はないのね？,
d30c62acdc62c5c962b5117bd28fb80c.bundle,說服程芳不要交檔案,Say,リン･テイ,30,ええ。権限がないうちは渡さない。,
d30c62acdc62c5c962b5117bd28fb80c.bundle,說服程芳不要交檔案,Say,メイ･ジョ,66,そう。わかった。,
d30c62acdc62c5c962b5117bd28fb80c.bundle,說服程芳不要交檔案,Say,メイ･ジョ,67,もうこれ以上話すことはなさそうね。,
d30c62acdc62c5c962b5117bd28fb80c.bundle,說服程芳不要交檔案,Branch,#Simple,17,わかりました。私とリンの安全だけでも保証してください。,
d30c62acdc62c5c962b5117bd28fb80c.bundle,說服程芳不要交檔案,Branch,#Simple,18,わかりました。私たち二人だけで十分です。,
d30c62acdc62c5c962b5117bd28fb80c.bundle,說服程芳不要交檔案,Branch,#Simple,19,……,
d30c62acdc62c5c962b5117bd28fb80c.bundle,說服程芳不要交檔案,Say,メイ･ジョ,68,あっさり納得したわね。,
d30c62acdc62c5c962b5117bd28fb80c.bundle,說服程芳不要交檔案,Say,メイ･ジョ,69,最初にイファ･ヨウの話を出したのも、彼女を裏切った罪悪感を減らしたかっただけでしょうね。,
d30c62acdc62c5c962b5117bd28fb80c.bundle,說服程芳不要交檔案,Say,リン･テイ,31,メイ……,
d30c62acdc62c5c962b5117bd28fb80c.bundle,說服程芳不要交檔案,Say,メイ･ジョ,70,はいはい、わかってるよ。,
d30c62acdc62c5c962b5117bd28fb80c.bundle,說服程芳不要交檔案,Say,メイ･ジョ,71,そういえば、こちらの方が証人になってくれるようだし、もうハードディスクは必要ないかな。,
d30c62acdc62c5c962b5117bd28fb80c.bundle,說服程芳不要交檔案,Say,リン･テイ,32,……,
d30c62acdc62c5c962b5117bd28fb80c.bundle,說服程芳不要交檔案,Say,心の声,12,リンが躊躇しているようだ……,
d30c62acdc62c5c962b5117bd28fb80c.bundle,說服程芳不要交檔案,Say,心の声,13,一体何を考えてる……？,
d30c62acdc62c5c962b5117bd28fb80c.bundle,說服程芳不要交檔案,Say,リン･テイ,33,いいえ。保証してくれるならハードディスクも渡す。,
d30c62acdc62c5c962b5117bd28fb80c.bundle,說服程芳不要交檔案,Say,メイ･ジョ,72,私たちに捜査や押収の権限はないのよ？,
d30c62acdc62c5c962b5117bd28fb80c.bundle,說服程芳不要交檔案,Say,リン･テイ,34,ジェイの証言があれば、あなたはこれを取り上げる権限がある。,
d30c62acdc62c5c962b5117bd28fb80c.bundle,說服程芳不要交檔案,Say,メイ･ジョ,73,仕事が大分楽になったよ。ありがとう。,
d30c62acdc62c5c962b5117bd28fb80c.bundle,說服程芳不要交檔案,Branch,#Simple,20,リン、ハードディスクを彼女に渡して。,
d30c62acdc62c5c962b5117bd28fb80c.bundle,說服程芳不要交檔案,Say,メイ･ジョ,74,賢明な判断ね。,
d30c62acdc62c5c962b5117bd28fb80c.bundle,說服程芳不要交檔案,Say,メイ･ジョ,75,リン姉、もう諦めなさい。これ以上反抗しても、事をややこしくするだけよ。,
d30c62acdc62c5c962b5117bd28fb80c.bundle,說服程芳不要交檔案,Branch,#Simple,21,……,
d30c62acdc62c5c962b5117bd28fb80c.bundle,說服程芳不要交檔案,Say,リン･テイ,35,……,
d30c62acdc62c5c962b5117bd28fb80c.bundle,說服程芳不要交檔案,Say,リン･テイ,36,わかった。ハードディスクは渡す。,
d30c62acdc62c5c962b5117bd28fb80c.bundle,說服程芳不要交檔案,Say,リン･テイ,37,でも、ジェイは関係ないから彼に何もしないで。,
d30c62acdc62c5c962b5117bd28fb80c.bundle,說服程芳不要交檔案,Say,メイ･ジョ,76,彼を「取り調べないで」、ってことよね？,
d30c62acdc62c5c962b5117bd28fb80c.bundle,說服程芳不要交檔案,Say,心の声,14,リンがメイ･ジョを睨んでいる……,
d30c62acdc62c5c962b5117bd28fb80c.bundle,說服程芳不要交檔案,Say,メイ･ジョ,77,リン姉、それは無理よ……,
d30c62acdc62c5c962b5117bd28fb80c.bundle,說服程芳不要交檔案,Say,メイ･ジョ,78,彼の行動はあまりに怪しすぎる。それは保証できない。,
d30c62acdc62c5c962b5117bd28fb80c.bundle,說服程芳不要交檔案,Say,メイ･ジョ,79,でも意地悪はしない。約束する。,
d30c62acdc62c5c962b5117bd28fb80c.bundle,說服程芳不要交檔案,Say,メイ･ジョ,80,彼が本当に無実なら会社からのいかなる形式の法的措置や罰も受けさせない。,
d30c62acdc62c5c962b5117bd28fb80c.bundle,說服程芳不要交檔案,Say,メイ･ジョ,81,これでいい？,
d30c62acdc62c5c962b5117bd28fb80c.bundle,說服程芳不要交檔案,Say,リン･テイ,38,……,
d30c62acdc62c5c962b5117bd28fb80c.bundle,說服程芳不要交檔案,Say,リン･テイ,39,うん。,
d30c62acdc62c5c962b5117bd28fb80c.bundle,說服程芳不要交檔案,Say,心の声,15,リンの顔は苦悩に満ちている。全部俺のせいだ……,
d30c62acdc62c5c962b5117bd28fb80c.bundle,說服程芳不要交檔案,Say,メイ･ジョ,82,よし。じゃ渡して。,
d30c62acdc62c5c962b5117bd28fb80c.bundle,說服程芳不要交檔案,Say,メイ･ジョ,83,確かに。,
d30c62acdc62c5c962b5117bd28fb80c.bundle,說服程芳不要交檔案,Say,メイ･ジョ,84,ではこれで失礼するわ。まだ仕事があるから。,
d30c62acdc62c5c962b5117bd28fb80c.bundle,說服程芳不要交檔案,Branch,#Simple,22,それを保証できますか？,
d30c62acdc62c5c962b5117bd28fb80c.bundle,說服程芳不要交檔案,Say,メイ･ジョ,85,保証？面白いことを言うのね……,
d30c62acdc62c5c962b5117bd28fb80c.bundle,說服程芳不要交檔案,Branch,#Simple,23,……,
d30c62acdc62c5c962b5117bd28fb80c.bundle,說服程芳不要交檔案,Say,リン･テイ,40,……,
d30c62acdc62c5c962b5117bd28fb80c.bundle,說服程芳不要交檔案,Say,リン･テイ,41,わかった。ハードディスクは渡す。,
d30c62acdc62c5c962b5117bd28fb80c.bundle,說服程芳不要交檔案,Say,心の声,16,これでいいのかもしれない……,
d30c62acdc62c5c962b5117bd28fb80c.bundle,說服程芳不要交檔案,Say,心の声,17,こうなれば、リンの嫌疑が晴れるはずだ。,
d30c62acdc62c5c962b5117bd28fb80c.bundle,說服程芳不要交檔案,Say,メイ･ジョ,86,正しい決断をありがとう、リン姉。,
d30c62acdc62c5c962b5117bd28fb80c.bundle,說服程芳不要交檔案,Say,メイ･ジョ,87,ハードディスクを本社に渡して、絶対に真相を突き止めるから。,
d30c62acdc62c5c962b5117bd28fb80c.bundle,說服程芳不要交檔案,Say,リン･テイ,42,……,
d30c62acdc62c5c962b5117bd28fb80c.bundle,說服程芳不要交檔案,Say,リン･テイ,43,メイ。,
d30c62acdc62c5c962b5117bd28fb80c.bundle,說服程芳不要交檔案,Say,メイ･ジョ,88,なに？,
d30c62acdc62c5c962b5117bd28fb80c.bundle,說服程芳不要交檔案,Say,リン･テイ,44,イファマネージャーがこんなことをした理由はわかったの？,
d30c62acdc62c5c962b5117bd28fb80c.bundle,說服程芳不要交檔案,Say,メイ･ジョ,89,金じゃない？こういうのは大体、お金絡みだから。,
d30c62acdc62c5c962b5117bd28fb80c.bundle,說服程芳不要交檔案,Say,メイ･ジョ,90,レッドボックスの資料は金じゃ買えないほどの価値を持ってるからね。,
d30c62acdc62c5c962b5117bd28fb80c.bundle,說服程芳不要交檔案,Say,リン･テイ,45,彼女はそんな人じゃない。,
d30c62acdc62c5c962b5117bd28fb80c.bundle,說服程芳不要交檔案,Say,メイ･ジョ,91,正直に言うと、私も彼女がそんなことをする人だとは思ってない。,
d30c62acdc62c5c962b5117bd28fb80c.bundle,說服程芳不要交檔案,Say,メイ･ジョ,92,でも重要なのは動機ではなく、彼女の行動よ。,
d30c62acdc62c5c962b5117bd28fb80c.bundle,說服程芳不要交檔案,Say,リン･テイ,46,……,
d30c62acdc62c5c962b5117bd28fb80c.bundle,說服程芳不要交檔案,Say,メイ･ジョ,93,はぁ。よく聞いてリン姉。,
d30c62acdc62c5c962b5117bd28fb80c.bundle,說服程芳不要交檔案,Say,メイ･ジョ,94,私がこの仕事に就いてもう3年が経つ。毎月のように、内部職員が万象の技術を盗もうとするの。,
d30c62acdc62c5c962b5117bd28fb80c.bundle,說服程芳不要交檔案,Say,メイ･ジョ,95,まぁ、全て北区の四号監獄に送られたけどね。,
d30c62acdc62c5c962b5117bd28fb80c.bundle,說服程芳不要交檔案,Say,メイ･ジョ,96,万象の手から逃れられた人は一人いない。今も昔も……,
d30c62acdc62c5c962b5117bd28fb80c.bundle,說服程芳不要交檔案,Say,メイ･ジョ,97,これからも。,
d30c62acdc62c5c962b5117bd28fb80c.bundle,說服程芳不要交檔案,Say,メイ･ジョ,98,リン姉が何を考えてるかはわからないけど。,
d30c62acdc62c5c962b5117bd28fb80c.bundle,說服程芳不要交檔案,Say,メイ･ジョ,99,こういうのは、ちゃんと話しておいた方がいい気がして。,
d30c62acdc62c5c962b5117bd28fb80c.bundle,說服程芳不要交檔案,Say,メイ･ジョ,100,じゃ、私はこれで。,
d30c62acdc62c5c962b5117bd28fb80c.bundle,說服程芳不要交檔案,Say,リン･テイ,47,また。,
d30c62acdc62c5c962b5117bd28fb80c.bundle,說服程芳不要交檔案,Branch,#Simple,24,お疲れ様でした。,
d30c62acdc62c5c962b5117bd28fb80c.bundle,說服程芳不要交檔案,Branch,#Simple,25,……,
d30c62acdc62c5c962b5117bd28fb80c.bundle,芳的硬碟事件後對話,Say,心の声,0,今のはハラハラした……,
d30c62acdc62c5c962b5117bd28fb80c.bundle,芳的硬碟事件後對話,Say,リン･テイ,0,はぁ……,
d30c62acdc62c5c962b5117bd28fb80c.bundle,芳的硬碟事件後對話,Branch,#Simple,0,やっと帰ったね。,
d30c62acdc62c5c962b5117bd28fb80c.bundle,芳的硬碟事件後對話,Say,リン･テイ,1,うん。,
d30c62acdc62c5c962b5117bd28fb80c.bundle,芳的硬碟事件後對話,Branch,#Simple,1,リン、大丈夫？,
d30c62acdc62c5c962b5117bd28fb80c.bundle,芳的硬碟事件後對話,Say,リン･テイ,2,うん、大丈夫だよ。,
d30c62acdc62c5c962b5117bd28fb80c.bundle,芳的硬碟事件後對話,Branch,#Simple,2,彼女とはどんな関係なんだ？,
d30c62acdc62c5c962b5117bd28fb80c.bundle,芳的硬碟事件後對話,Say,リン･テイ,3,昔からのただの同僚。,
d30c62acdc62c5c962b5117bd28fb80c.bundle,芳的硬碟事件後對話,Branch,#Simple,3,……,
d30c62acdc62c5c962b5117bd28fb80c.bundle,芳的硬碟事件後對話,Say,心の声,1,焦っているように見える……,
d30c62acdc62c5c962b5117bd28fb80c.bundle,芳的硬碟事件後對話,Say,リン･テイ,4,……,
d30c62acdc62c5c962b5117bd28fb80c.bundle,芳的硬碟事件後對話,Say,リン･テイ,5,私、ハードディスクの中身を見ちゃったの。,
d30c62acdc62c5c962b5117bd28fb80c.bundle,芳的硬碟事件後對話,Say,心の声,2,なにっ！？,
d30c62acdc62c5c962b5117bd28fb80c.bundle,芳的硬碟事件後對話,Branch,#Simple,4,なにっ！？,
d30c62acdc62c5c962b5117bd28fb80c.bundle,芳的硬碟事件後對話,Branch,#Simple,5,どうして見たんだ！？,
d30c62acdc62c5c962b5117bd28fb80c.bundle,芳的硬碟事件後對話,Branch,#Simple,6,……,
d30c62acdc62c5c962b5117bd28fb80c.bundle,芳的硬碟事件後對話,Say,リン･テイ,6,イファさんがハードディスクを届けてきた時、私ちょうどオフィスにいたの。,
d30c62acdc62c5c962b5117bd28fb80c.bundle,芳的硬碟事件後對話,Say,リン･テイ,7,何も考えずそのまま開いちゃった。,
d30c62acdc62c5c962b5117bd28fb80c.bundle,芳的硬碟事件後對話,Branch,#Simple,7,そんなの危険過ぎる！,
d30c62acdc62c5c962b5117bd28fb80c.bundle,芳的硬碟事件後對話,Say,リン･テイ,8,あの時は知らなかったのよ！,
d30c62acdc62c5c962b5117bd28fb80c.bundle,芳的硬碟事件後對話,Say,心の声,3,それはそうだよな……,
d30c62acdc62c5c962b5117bd28fb80c.bundle,芳的硬碟事件後對話,Branch,#Simple,8,中身は何が入ってた？,
d30c62acdc62c5c962b5117bd28fb80c.bundle,芳的硬碟事件後對話,Branch,#Simple,9,……,
d30c62acdc62c5c962b5117bd28fb80c.bundle,芳的硬碟事件後對話,Say,リン･テイ,9,……,
d30c62acdc62c5c962b5117bd28fb80c.bundle,芳的硬碟事件後對話,Say,リン･テイ,10,レッドボックスラボに関する技術資料ではなかった。,
d30c62acdc62c5c962b5117bd28fb80c.bundle,芳的硬碟事件後對話,Say,心の声,4,でもメイ･ジョはレッドボックスの技術資料の漏洩だと言っていたが……,
d30c62acdc62c5c962b5117bd28fb80c.bundle,芳的硬碟事件後對話,Branch,#Simple,10,メイ･ジョが嘘をついていたのか？,
d30c62acdc62c5c962b5117bd28fb80c.bundle,芳的硬碟事件後對話,Say,リン･テイ,11,それか、彼女ですら実情を知らない可能性もある。,
d30c62acdc62c5c962b5117bd28fb80c.bundle,芳的硬碟事件後對話,Say,リン･テイ,12,さらに上の誰かが、レッドボックスの名を使って何かを隠ぺいしたかっただけかもしれない。,
d30c62acdc62c5c962b5117bd28fb80c.bundle,芳的硬碟事件後對話,Say,リン･テイ,13,メイ･ジョですら知らないことを。,
d30c62acdc62c5c962b5117bd28fb80c.bundle,芳的硬碟事件後對話,Branch,#Simple,11,リンが資料を読み間違えただけとかでは？,
d30c62acdc62c5c962b5117bd28fb80c.bundle,芳的硬碟事件後對話,Say,リン･テイ,14,バカにしないでよ。,
d30c62acdc62c5c962b5117bd28fb80c.bundle,芳的硬碟事件後對話,Say,リン･テイ,15,本当に技術資料に関するものなら、私はわかるはずよ……,
d30c62acdc62c5c962b5117bd28fb80c.bundle,芳的硬碟事件後對話,Branch,#Simple,12,隠されたファイルがあったとかか？,
d30c62acdc62c5c962b5117bd28fb80c.bundle,芳的硬碟事件後對話,Say,リン･テイ,16,さあ……,
d30c62acdc62c5c962b5117bd28fb80c.bundle,芳的硬碟事件後對話,Branch,#Simple,13,……,
d30c62acdc62c5c962b5117bd28fb80c.bundle,芳的硬碟事件後對話,Say,リン･テイ,17,ハードディスクの中身をもう少し調べないとわからないね。,
d30c62acdc62c5c962b5117bd28fb80c.bundle,芳的硬碟事件後對話,Say,心の声,5,ハードディスクはさっき渡したはずでは……？,
d30c62acdc62c5c962b5117bd28fb80c.bundle,芳的硬碟事件後對話,Say,リン･テイ,18,中身をコピーしたの。,
d30c62acdc62c5c962b5117bd28fb80c.bundle,芳的硬碟事件後對話,Say,リン･テイ,19,あのハードディスクを一目見ただけで、普通じゃないってわかったからその場でコピーしたの。,
d30c62acdc62c5c962b5117bd28fb80c.bundle,芳的硬碟事件後對話,Branch,#Simple,14,危険過ぎる！バレたらどうするんだ！,
d30c62acdc62c5c962b5117bd28fb80c.bundle,芳的硬碟事件後對話,Say,リン･テイ,20,絶対バレないよ。,
d30c62acdc62c5c962b5117bd28fb80c.bundle,芳的硬碟事件後對話,Say,心の声,6,また頑なな態度を……,
d30c62acdc62c5c962b5117bd28fb80c.bundle,芳的硬碟事件後對話,Branch,#Simple,15,流石だね！,
d30c62acdc62c5c962b5117bd28fb80c.bundle,芳的硬碟事件後對話,Say,リン･テイ,21,ありがとう。,
d30c62acdc62c5c962b5117bd28fb80c.bundle,芳的硬碟事件後對話,Say,心の声,7,リンが笑った。,
d30c62acdc62c5c962b5117bd28fb80c.bundle,芳的硬碟事件後對話,Branch,#Simple,16,……,
d30c62acdc62c5c962b5117bd28fb80c.bundle,芳的硬碟事件後對話,Say,リン･テイ,22,うん……,
d30c62acdc62c5c962b5117bd28fb80c.bundle,芳的硬碟事件後對話,Branch,#Simple,17,中に何が入ってた？,
d30c62acdc62c5c962b5117bd28fb80c.bundle,芳的硬碟事件後對話,Branch,#Simple,18,どうして一目見ただけでおかしいと気づいた？,
d30c62acdc62c5c962b5117bd28fb80c.bundle,芳的硬碟事件後對話,Say,リン･テイ,23,無関係に見える資料が乱雑にいろいろ入ってたの。,
d30c62acdc62c5c962b5117bd28fb80c.bundle,芳的硬碟事件後對話,Say,リン･テイ,24,だけどこれは何かを隠すための工作だって、私にはわかるの……,
d30c62acdc62c5c962b5117bd28fb80c.bundle,芳的硬碟事件後對話,Branch,#Simple,19,……,
d30c62acdc62c5c962b5117bd28fb80c.bundle,芳的硬碟事件後對話,Say,リン･テイ,25,少し時間がかかるから、ちょっと待ってて……,
d30c62acdc62c5c962b5117bd28fb80c.bundle,芳的硬碟事件後對話,Say,リン･テイ,26,……,
d30c62acdc62c5c962b5117bd28fb80c.bundle,芳的硬碟事件後對話,Say,リン･テイ,27,……,
d30c62acdc62c5c962b5117bd28fb80c.bundle,芳的硬碟事件後對話,Say,リン･テイ,28,これは……！？,
d30c62acdc62c5c962b5117bd28fb80c.bundle,芳的硬碟事件後對話,Say,リン･テイ,29,なんてことを！,
d30c62acdc62c5c962b5117bd28fb80c.bundle,芳的硬碟事件後對話,Say,リン･テイ,30,まさか彼ら……,
d30c62acdc62c5c962b5117bd28fb80c.bundle,芳的硬碟事件後對話,Say,リン･テイ,31,こんなこと……,
d30c62acdc62c5c962b5117bd28fb80c.bundle,芳的硬碟事件後對話,Say,心の声,8,かなり驚いているようだ。一体何が……,
d30c62acdc62c5c962b5117bd28fb80c.bundle,芳的硬碟事件後對話,Branch,#Simple,20,どうしたんだ？俺にも教えてくれ。,
d30c62acdc62c5c962b5117bd28fb80c.bundle,芳的硬碟事件後對話,Say,リン･テイ,32,私……,
d30c62acdc62c5c962b5117bd28fb80c.bundle,芳的硬碟事件後對話,Say,リン･テイ,33,これは……,
d30c62acdc62c5c962b5117bd28fb80c.bundle,芳的硬碟事件後對話,Branch,#Simple,21,大丈夫か？顔色が悪い。,
d30c62acdc62c5c962b5117bd28fb80c.bundle,芳的硬碟事件後對話,Say,リン･テイ,34,大丈夫だけど、こんなの……,
d30c62acdc62c5c962b5117bd28fb80c.bundle,芳的硬碟事件後對話,Branch,#Simple,22,……,
d30c62acdc62c5c962b5117bd28fb80c.bundle,芳的硬碟事件後對話,Say,リン･テイ,35,ジェイ、今は説明してる時間がないの。,
d30c62acdc62c5c962b5117bd28fb80c.bundle,芳的硬碟事件後對話,Say,リン･テイ,36,私、こんなところいちゃだめだ。行動しなきゃ。,
d30c62acdc62c5c962b5117bd28fb80c.bundle,芳的硬碟事件後對話,Say,心の声,9,リンのその目……俺がよく知っているやつだ。クソッ！,
d30c62acdc62c5c962b5117bd28fb80c.bundle,芳的硬碟事件後對話,Say,心の声,10,だめだ。彼女はまた危険なことをしようとしてる！,
d30c62acdc62c5c962b5117bd28fb80c.bundle,芳的硬碟事件後對話,Branch,#Simple,23,何をするつもりかわからないが、行ってはだめだ。,
d30c62acdc62c5c962b5117bd28fb80c.bundle,芳的硬碟事件後對話,Say,リン･テイ,37,ジェイはこういう話に無関心でしょ。,
d30c62acdc62c5c962b5117bd28fb80c.bundle,芳的硬碟事件後對話,Say,リン･テイ,38,行かなきゃだめなの。,
d30c62acdc62c5c962b5117bd28fb80c.bundle,芳的硬碟事件後對話,Branch,#Simple,24,落ち着いて。何が起きたのか教えてくれ。,
d30c62acdc62c5c962b5117bd28fb80c.bundle,芳的硬碟事件後對話,Say,リン･テイ,39,私は落ち着いてるよ！,
d30c62acdc62c5c962b5117bd28fb80c.bundle,芳的硬碟事件後對話,Say,リン･テイ,40,でももう時間がないの。これ以上時間を無駄にはできない。,
d30c62acdc62c5c962b5117bd28fb80c.bundle,芳的硬碟事件後對話,Say,リン･テイ,41,ジェイに教えてもしょうがないの。,
d30c62acdc62c5c962b5117bd28fb80c.bundle,芳的硬碟事件後對話,Say,リン･テイ,42,だめ、もう時間が……,
d30c62acdc62c5c962b5117bd28fb80c.bundle,芳的硬碟事件後對話,Branch,#Simple,25,俺ならリンを助けられる。手伝わせてくれ。,
d30c62acdc62c5c962b5117bd28fb80c.bundle,芳的硬碟事件後對話,Say,リン･テイ,43,え？本当に言ってる？,
d30c62acdc62c5c962b5117bd28fb80c.bundle,芳的硬碟事件後對話,Say,リン･テイ,44,本当にジェイは関心があるの？,
d30c62acdc62c5c962b5117bd28fb80c.bundle,芳的硬碟事件後對話,Say,心の声,11,……何を言ってるんだ？,
d30c62acdc62c5c962b5117bd28fb80c.bundle,芳的硬碟事件後對話,Say,リン･テイ,45,さっきはあんな簡単にイファさんを裏切ったのに！,
d30c62acdc62c5c962b5117bd28fb80c.bundle,芳的硬碟事件後對話,Say,リン･テイ,46,彼女はあなたを信じて託したのよ。これは、多くの人に関わる問題なの！,
d30c62acdc62c5c962b5117bd28fb80c.bundle,芳的硬碟事件後對話,Say,心の声,12,急に怒り出してどうしたんだ？俺は……,
d30c62acdc62c5c962b5117bd28fb80c.bundle,芳的硬碟事件後對話,Say,リン･テイ,47,ジェイはこんなのをどうでもいいと思ってるでしょう！,
d30c62acdc62c5c962b5117bd28fb80c.bundle,芳的硬碟事件後對話,Say,リン･テイ,48,ジェイは自分のことにしか……,
d30c62acdc62c5c962b5117bd28fb80c.bundle,芳的硬碟事件後對話,Say,リン･テイ,49,私のことにしか……！,
d30c62acdc62c5c962b5117bd28fb80c.bundle,芳的硬碟事件後對話,Say,リン･テイ,50,大事じゃないんでしょう……？,
d30c62acdc62c5c962b5117bd28fb80c.bundle,芳的硬碟事件後對話,Say,心の声,13,泣いてる……,
d30c62acdc62c5c962b5117bd28fb80c.bundle,芳的硬碟事件後對話,Say,リン･テイ,51,でも私……,
d30c62acdc62c5c962b5117bd28fb80c.bundle,芳的硬碟事件後對話,Branch,#Simple,26,頼む、危ないことはしないでくれ。,
d30c62acdc62c5c962b5117bd28fb80c.bundle,芳的硬碟事件後對話,Say,リン･テイ,52,……,
d30c62acdc62c5c962b5117bd28fb80c.bundle,芳的硬碟事件後對話,Branch,#Simple,27,そうだ、俺はリンのことが大事だから……,
d30c62acdc62c5c962b5117bd28fb80c.bundle,芳的硬碟事件後對話,Say,リン･テイ,53,じゃ、私にやりたいことをやらせて……,
d30c62acdc62c5c962b5117bd28fb80c.bundle,芳的硬碟事件後對話,Branch,#Simple,28,違う、俺はただ助けたいだけだ。,
d30c62acdc62c5c962b5117bd28fb80c.bundle,芳的硬碟事件後對話,Say,リン･テイ,54,嘘よ。ジェイは私を止めたいだけ。,
d30c62acdc62c5c962b5117bd28fb80c.bundle,芳的硬碟事件後對話,Branch,#Simple,29,……,
d30c62acdc62c5c962b5117bd28fb80c.bundle,芳的硬碟事件後對話,Say,リン･テイ,55,いつもそう、いつも私を応援してくれない……,
d30c62acdc62c5c962b5117bd28fb80c.bundle,芳的硬碟事件後對話,Say,リン･テイ,56,私はジェイと違って、心を鬼にできないの……,
d30c62acdc62c5c962b5117bd28fb80c.bundle,芳的硬碟事件後對話,Say,リン･テイ,57,……,
d30c62acdc62c5c962b5117bd28fb80c.bundle,芳的硬碟事件後對話,Say,心の声,14,俺は何か間違ったのか？どうすればいいんだ……,
d30c62acdc62c5c962b5117bd28fb80c.bundle,芳的硬碟事件後對話,Say,リン･テイ,58,……,
d30c62acdc62c5c962b5117bd28fb80c.bundle,芳的硬碟事件後對話,Say,リン･テイ,59,……,
d30c62acdc62c5c962b5117bd28fb80c.bundle,芳的硬碟事件後對話,Say,リン･テイ,60,……,
d30c62acdc62c5c962b5117bd28fb80c.bundle,芳的硬碟事件後對話,Say,リン･テイ,61,ごめん、ジェイ……,
d30c62acdc62c5c962b5117bd28fb80c.bundle,芳的硬碟事件後對話,Say,リン･テイ,62,焦りすぎて、本心じゃないことを沢山言った……,
d30c62acdc62c5c962b5117bd28fb80c.bundle,芳的硬碟事件後對話,Say,リン･テイ,63,ジェイはイファ･ヨウのやってることを知らないのに、私が勝手に責めちゃってごめん。,
d30c62acdc62c5c962b5117bd28fb80c.bundle,芳的硬碟事件後對話,Say,心の声,15,彼女は誰かを守ろうとしてるんだろうが、それでも俺は……,
d30c62acdc62c5c962b5117bd28fb80c.bundle,芳的硬碟事件後對話,Branch,#Simple,30,リン、一体何が入ってたんだ？,
d30c62acdc62c5c962b5117bd28fb80c.bundle,芳的硬碟事件後對話,Say,リン･テイ,64,言ったでしょう！複雑過ぎて今は説明できないの！,
d30c62acdc62c5c962b5117bd28fb80c.bundle,芳的硬碟事件後對話,Branch,#Simple,31,じゃ、これから何をしようとしているんだ？,
d30c62acdc62c5c962b5117bd28fb80c.bundle,芳的硬碟事件後對話,Branch,#Simple,32,……,
d30c62acdc62c5c962b5117bd28fb80c.bundle,芳的硬碟事件後對話,Say,リン･テイ,65,私、今すぐ本社に行く。,
d30c62acdc62c5c962b5117bd28fb80c.bundle,芳的硬碟事件後對話,Say,リン･テイ,66,執行官に聞かないといけないの。これはただの誤解なのか、それとも……,
d30c62acdc62c5c962b5117bd28fb80c.bundle,芳的硬碟事件後對話,Say,リン･テイ,67,……,
d30c62acdc62c5c962b5117bd28fb80c.bundle,芳的硬碟事件後對話,Say,リン･テイ,68,ううん。これじゃ明らかよね……,
d30c62acdc62c5c962b5117bd28fb80c.bundle,芳的硬碟事件後對話,Say,リン･テイ,69,資料のどこを見ても、問題は確かに存在している……,
d30c62acdc62c5c962b5117bd28fb80c.bundle,芳的硬碟事件後對話,Say,リン･テイ,70,イファ･ヨウが追ってた問題は本当のことだったんだね。,
d30c62acdc62c5c962b5117bd28fb80c.bundle,芳的硬碟事件後對話,Say,リン･テイ,71,だめ、これは私しか……,
d30c62acdc62c5c962b5117bd28fb80c.bundle,芳的硬碟事件後對話,Branch,#Simple,33,……,
d30c62acdc62c5c962b5117bd28fb80c.bundle,芳的硬碟事件後對話,Say,リン･テイ,72,ふぅ……,
d30c62acdc62c5c962b5117bd28fb80c.bundle,芳的硬碟事件後對話,Say,リン･テイ,73,私、今すぐ万象を止めないといけないの。,
d30c62acdc62c5c962b5117bd28fb80c.bundle,芳的硬碟事件後對話,Say,リン･テイ,74,被害が拡大する前に一刻も早く。,
d30c62acdc62c5c962b5117bd28fb80c.bundle,芳的硬碟事件後對話,Say,心の声,16,だめだ。このまま行かせたら危ない。,
d30c62acdc62c5c962b5117bd28fb80c.bundle,芳的硬碟事件後對話,Branch,#Simple,34,リン、教えてくれ。一体何が起きたんだ？,
d30c62acdc62c5c962b5117bd28fb80c.bundle,芳的硬碟事件後對話,Branch,#Simple,35,被害が拡大？この件がどれだけの人間に影響を与えるっていうんだ？,
d30c62acdc62c5c962b5117bd28fb80c.bundle,芳的硬碟事件後對話,Say,リン･テイ,75,……,
d30c62acdc62c5c962b5117bd28fb80c.bundle,芳的硬碟事件後對話,Say,リン･テイ,76,状況はとても複雑なの。,
d30c62acdc62c5c962b5117bd28fb80c.bundle,芳的硬碟事件後對話,Say,リン･テイ,77,でも万象のせいで、数万、数十万……,
d30c62acdc62c5c962b5117bd28fb80c.bundle,芳的硬碟事件後對話,Say,リン･テイ,78,いや……数え切れない程の人が……,
d30c62acdc62c5c962b5117bd28fb80c.bundle,芳的硬碟事件後對話,Say,心の声,17,何だって……？,
d30c62acdc62c5c962b5117bd28fb80c.bundle,芳的硬碟事件後對話,Say,リン･テイ,79,どうであれ、私は一刻も早くこの件を止めなきゃいけない。,
d30c62acdc62c5c962b5117bd28fb80c.bundle,芳的硬碟事件後對話,Branch,#Simple,36,……,
d30c62acdc62c5c962b5117bd28fb80c.bundle,芳的硬碟事件後對話,Say,リン･テイ,80,だからお願いジェイ、私を止めないで。,
d30c62acdc62c5c962b5117bd28fb80c.bundle,芳的硬碟事件後對話,Say,リン･テイ,81,私は自分の身は自分で守るし、あなたを巻き込まないようにするから。,
d30c62acdc62c5c962b5117bd28fb80c.bundle,芳的硬碟事件後對話,Branch,#Simple,37,俺自身の心配はしていない。,
d30c62acdc62c5c962b5117bd28fb80c.bundle,芳的硬碟事件後對話,Say,リン･テイ,82,うん、でも安心して。私なら本当に大丈夫だから。,
d30c62acdc62c5c962b5117bd28fb80c.bundle,芳的硬碟事件後對話,Branch,#Simple,38,……,
d30c62acdc62c5c962b5117bd28fb80c.bundle,芳的硬碟事件後對話,Say,リン･テイ,83,できる限りの準備をしてから行くから。,
d30c62acdc62c5c962b5117bd28fb80c.bundle,芳的硬碟事件後對話,Branch,#Simple,39,俺も一緒に行く。,
d30c62acdc62c5c962b5117bd28fb80c.bundle,芳的硬碟事件後對話,Say,リン･テイ,84,だめよ。私は執行官に会いに行くの。,
d30c62acdc62c5c962b5117bd28fb80c.bundle,芳的硬碟事件後對話,Say,リン･テイ,85,あなたは中には入れない。,
d30c62acdc62c5c962b5117bd28fb80c.bundle,芳的硬碟事件後對話,Branch,#Simple,40,今日は休息を取って、明日行けばいいじゃないか。,
d30c62acdc62c5c962b5117bd28fb80c.bundle,芳的硬碟事件後對話,Say,リン･テイ,86,だめ、もう時間がないの。,
d30c62acdc62c5c962b5117bd28fb80c.bundle,芳的硬碟事件後對話,Say,リン･テイ,87,ジェイはわかってない……,
d30c62acdc62c5c962b5117bd28fb80c.bundle,芳的硬碟事件後對話,Say,リン･テイ,88,このままじゃ私は万象の共犯者なってしまう。彼ら、特に執行官は私に約束したはずなのに……,
d30c62acdc62c5c962b5117bd28fb80c.bundle,芳的硬碟事件後對話,Say,心の声,18,またその考えか！？いつもそうだ……,
d30c62acdc62c5c962b5117bd28fb80c.bundle,芳的硬碟事件後對話,Say,心の声,19,他人の問題を自分のせいにして、自分を苦しめる！,
d30c62acdc62c5c962b5117bd28fb80c.bundle,芳的硬碟事件後對話,Branch,#Simple,41,これはリンのせいじゃない！,
d30c62acdc62c5c962b5117bd28fb80c.bundle,芳的硬碟事件後對話,Branch,#Simple,42,悪いのは万象だ！,
d30c62acdc62c5c962b5117bd28fb80c.bundle,芳的硬碟事件後對話,Say,リン･テイ,89,わかってる、わかってるけど！,
d30c62acdc62c5c962b5117bd28fb80c.bundle,芳的硬碟事件後對話,Say,リン･テイ,90,私も関わってるから……,
d30c62acdc62c5c962b5117bd28fb80c.bundle,芳的硬碟事件後對話,Say,リン･テイ,91,これは私のせいじゃないことはわかってる。私も別に誰かを傷つけるつもりは一切なかった。,
d30c62acdc62c5c962b5117bd28fb80c.bundle,芳的硬碟事件後對話,Say,リン･テイ,92,でも彼らは私を利用した。私を利用して多くの人を傷つけた。,
d30c62acdc62c5c962b5117bd28fb80c.bundle,芳的硬碟事件後對話,Branch,#Simple,43,怒りで我を失ってる今のリンでは、彼らにつけ込まれてしまう。,
d30c62acdc62c5c962b5117bd28fb80c.bundle,芳的硬碟事件後對話,Say,リン･テイ,93,そんなことない、私は……,
d30c62acdc62c5c962b5117bd28fb80c.bundle,芳的硬碟事件後對話,Say,リン･テイ,94,私は彼らに対して怒ってるわけじゃなくて……,
d30c62acdc62c5c962b5117bd28fb80c.bundle,芳的硬碟事件後對話,Branch,#Simple,44,リンは自分に怒ってる。,
d30c62acdc62c5c962b5117bd28fb80c.bundle,芳的硬碟事件後對話,Say,リン･テイ,95,私……,
d30c62acdc62c5c962b5117bd28fb80c.bundle,芳的硬碟事件後對話,Say,リン･テイ,96,そうかもね……,
d30c62acdc62c5c962b5117bd28fb80c.bundle,芳的硬碟事件後對話,Branch,#Simple,45,……,
d30c62acdc62c5c962b5117bd28fb80c.bundle,芳的硬碟事件後對話,Say,リン･テイ,97,でも、私は一人でこの件を解決しないといけない。,
d30c62acdc62c5c962b5117bd28fb80c.bundle,芳的硬碟事件後對話,Branch,#Simple,46,……,
d30c62acdc62c5c962b5117bd28fb80c.bundle,芳的硬碟事件後對話,Say,リン･テイ,98,私はずっと証拠を集めてたの……,
d30c62acdc62c5c962b5117bd28fb80c.bundle,芳的硬碟事件後對話,Say,心の声,20,彼女はずっとこれの準備を……,
d30c62acdc62c5c962b5117bd28fb80c.bundle,芳的硬碟事件後對話,Say,リン･テイ,99,彼らのことをよく知る私は、彼らの弱点と穢らわしい秘密を知ってるの。,
d30c62acdc62c5c962b5117bd28fb80c.bundle,芳的硬碟事件後對話,Say,リン･テイ,100,彼ら、特に執行官は私に手出しできないはずよ。,
d30c62acdc62c5c962b5117bd28fb80c.bundle,芳的硬碟事件後對話,Say,リン･テイ,101,私は、ずっとこの日のために準備してた……,
d30c62acdc62c5c962b5117bd28fb80c.bundle,芳的硬碟事件後對話,Say,リン･テイ,102,今日やっと最後のピースを手に入れただけよ。,
d30c62acdc62c5c962b5117bd28fb80c.bundle,芳的硬碟事件後對話,Say,リン･テイ,103,大丈夫よ、ジェイ。,
d30c62acdc62c5c962b5117bd28fb80c.bundle,芳的硬碟事件後對話,Say,リン･テイ,104,私が何をすればいいかわかったの。,
d30c62acdc62c5c962b5117bd28fb80c.bundle,芳的硬碟事件後對話,Say,リン･テイ,105,最悪のパターンは私がこの業界から追放されることだけ。,
d30c62acdc62c5c962b5117bd28fb80c.bundle,芳的硬碟事件後對話,Say,リン･テイ,106,それでも、私にはジェイがいる、でしょう？,
d30c62acdc62c5c962b5117bd28fb80c.bundle,芳的硬碟事件後對話,Say,心の声,21,何を言っても彼女を止められない……,
d30c62acdc62c5c962b5117bd28fb80c.bundle,芳的硬碟事件後對話,Say,心の声,22,でも……,
d30c62acdc62c5c962b5117bd28fb80c.bundle,芳的硬碟事件後對話,Say,リン･テイ,107,私はもう行くね。順調に事が進めば、すぐ終わるはずだから。,
d30c62acdc62c5c962b5117bd28fb80c.bundle,芳的硬碟事件後對話,Say,リン･テイ,108,また後で会おう、ね？,
d30c62acdc62c5c962b5117bd28fb80c.bundle,芳的硬碟事件後對話,Branch,#Simple,47,気をつけて。,
d30c62acdc62c5c962b5117bd28fb80c.bundle,芳的硬碟事件後對話,Say,リン･テイ,109,うん。,
d30c62acdc62c5c962b5117bd28fb80c.bundle,芳的硬碟事件後對話,Branch,#Simple,48,愛してるよ。,
d30c62acdc62c5c962b5117bd28fb80c.bundle,芳的硬碟事件後對話,Say,リン･テイ,110,私も愛してる。,
d30c62acdc62c5c962b5117bd28fb80c.bundle,芳的硬碟事件後對話,Branch,#Simple,49,じゃ。,
d30c62acdc62c5c962b5117bd28fb80c.bundle,芳的硬碟事件後對話,Say,リン･テイ,111,うん。,
d30c62acdc62c5c962b5117bd28fb80c.bundle,芳的硬碟事件後對話,Say,リン･テイ,112,大丈夫だよ！,
d30c62acdc62c5c962b5117bd28fb80c.bundle,芳的硬碟事件後對話,Say,リン･テイ,113,心配しないで！,
d30c62acdc62c5c962b5117bd28fb80c.bundle,芳的硬碟事件後對話,Say,心の声,23,……,
d30c62acdc62c5c962b5117bd28fb80c.bundle,芳的硬碟事件後對話,Say,心の声,24,これは間違ってる。,
d30c62acdc62c5c962b5117bd28fb80c.bundle,芳的硬碟事件後對話,Say,心の声,25,彼女はあんな危険なことに首をつっこむべきじゃない……,
d30c62acdc62c5c962b5117bd28fb80c.bundle,芳的硬碟事件後對話,Say,心の声,26,……,
d30c62acdc62c5c962b5117bd28fb80c.bundle,芳的硬碟事件後對話,Say,心の声,27,でも今は彼女を待つしかない……,
d30c62acdc62c5c962b5117bd28fb80c.bundle,芳的硬碟事件後對話,Say,心の声,28,……,
d30c62acdc62c5c962b5117bd28fb80c.bundle,芳的硬碟事件後對話,Say,心の声,29,とりあえず、選別組に戻ろう……,
d30c62acdc62c5c962b5117bd28fb80c.bundle,廁所神秘人,Say,ムカイ･チン,0,待ってくれ、えっと……,
d30c62acdc62c5c962b5117bd28fb80c.bundle,廁所神秘人,Say,ムカイ･チン,1,ジェイ･ダイ、だな？,
d30c62acdc62c5c962b5117bd28fb80c.bundle,廁所神秘人,Say,心の声,0,……誰だ？,
d30c62acdc62c5c962b5117bd28fb80c.bundle,廁所神秘人,Say,心の声,1,切羽詰まった様子だ……,
d30c62acdc62c5c962b5117bd28fb80c.bundle,廁所神秘人,Branch,#Simple,0,あなたは？,
d30c62acdc62c5c962b5117bd28fb80c.bundle,廁所神秘人,Say,ムカイ･チン,2,ああ、ムカイと呼べばいい。,
d30c62acdc62c5c962b5117bd28fb80c.bundle,廁所神秘人,Branch,#Simple,1,確かにジェイ･ダイです。,
d30c62acdc62c5c962b5117bd28fb80c.bundle,廁所神秘人,Say,ムカイ･チン,3,ど、どうも……,
d30c62acdc62c5c962b5117bd28fb80c.bundle,廁所神秘人,Say,ムカイ･チン,4,その……,
d30c62acdc62c5c962b5117bd28fb80c.bundle,廁所神秘人,Say,心の声,2,俺の目をじーっと見つめて、観察しているようだ……,
d30c62acdc62c5c962b5117bd28fb80c.bundle,廁所神秘人,Branch,#Simple,2,何か用ですか？,
d30c62acdc62c5c962b5117bd28fb80c.bundle,廁所神秘人,Branch,#Simple,3,自分の目が、どうかしましたか？,
d30c62acdc62c5c962b5117bd28fb80c.bundle,廁所神秘人,Say,ムカイ･チン,5,いや、その、俺は……,
d30c62acdc62c5c962b5117bd28fb80c.bundle,廁所神秘人,Branch,#Simple,4,……,
d30c62acdc62c5c962b5117bd28fb80c.bundle,廁所神秘人,Say,ムカイ･チン,6,うっ……,
d30c62acdc62c5c962b5117bd28fb80c.bundle,廁所神秘人,Say,ムカイ･チン,7,お前は……,
d30c62acdc62c5c962b5117bd28fb80c.bundle,廁所神秘人,Say,ムカイ･チン,8,まだお前なのか？,
d30c62acdc62c5c962b5117bd28fb80c.bundle,廁所神秘人,Say,心の声,3,何だその質問は……？,
d30c62acdc62c5c962b5117bd28fb80c.bundle,廁所神秘人,Branch,#Simple,5,まだ？,
d30c62acdc62c5c962b5117bd28fb80c.bundle,廁所神秘人,Say,ムカイ･チン,9,いや、今のは忘れてくれ。,
d30c62acdc62c5c962b5117bd28fb80c.bundle,廁所神秘人,Say,ムカイ･チン,10,すまない、人違いだった。,
d30c62acdc62c5c962b5117bd28fb80c.bundle,廁所神秘人,Say,心の声,4,何なんだ……？,
d30c62acdc62c5c962b5117bd28fb80c.bundle,廁所神秘人,Say,心の声,5,俺を他の人と間違えたのか……？,
d30c62acdc62c5c962b5117bd28fb80c.bundle,廁所神秘人,Say,心の声,6,変なやつだ……,
d30c62acdc62c5c962b5117bd28fb80c.bundle,廁所神秘人,Branch,#Simple,6,いや、俺はもう俺じゃない。,
d30c62acdc62c5c962b5117bd28fb80c.bundle,廁所神秘人,Say,ムカイ･チン,11,やはりそうか……,
d30c62acdc62c5c962b5117bd28fb80c.bundle,廁所神秘人,Say,心の声,7,……何だと？,
d30c62acdc62c5c962b5117bd28fb80c.bundle,廁所神秘人,Say,ムカイ･チン,12,何が起きたか知らないよな……？,
d30c62acdc62c5c962b5117bd28fb80c.bundle,廁所神秘人,Say,ムカイ･チン,13,突然のことで戸惑っているんだが、あれから全然指示が来ないんだ……,
d30c62acdc62c5c962b5117bd28fb80c.bundle,廁所神秘人,Say,ムカイ･チン,14,お前もそうだよな？その「中」に閉じ込められたよな？,
d30c62acdc62c5c962b5117bd28fb80c.bundle,廁所神秘人,Branch,#Simple,7,ああ、お前もそうか？,
d30c62acdc62c5c962b5117bd28fb80c.bundle,廁所神秘人,Say,ムカイ･チン,15,ああ。,
d30c62acdc62c5c962b5117bd28fb80c.bundle,廁所神秘人,Branch,#Simple,8,なんの話ですか？,
d30c62acdc62c5c962b5117bd28fb80c.bundle,廁所神秘人,Say,ムカイ･チン,16,……,
d30c62acdc62c5c962b5117bd28fb80c.bundle,廁所神秘人,Say,心の声,8,怪訝そうな目で俺を見つめてる……,
d30c62acdc62c5c962b5117bd28fb80c.bundle,廁所神秘人,Say,ムカイ･チン,17,お前は……,
d30c62acdc62c5c962b5117bd28fb80c.bundle,廁所神秘人,Say,ムカイ･チン,18,すまない、人違いだった。,
d30c62acdc62c5c962b5117bd28fb80c.bundle,廁所神秘人,Say,心の声,9,何なんだ……？,
d30c62acdc62c5c962b5117bd28fb80c.bundle,廁所神秘人,Say,心の声,10,俺を他の人と間違えたのか……,
d30c62acdc62c5c962b5117bd28fb80c.bundle,廁所神秘人,Say,心の声,11,変なやつだ……,
d30c62acdc62c5c962b5117bd28fb80c.bundle,廁所神秘人,Say,ムカイ･チン,19,お前とは行動を共にしてたから覚えているんだ。,
d30c62acdc62c5c962b5117bd28fb80c.bundle,廁所神秘人,Say,ムカイ･チン,20,……俺の事はまだ覚えてるか？,
d30c62acdc62c5c962b5117bd28fb80c.bundle,廁所神秘人,Branch,#Simple,9,覚えてない。,
d30c62acdc62c5c962b5117bd28fb80c.bundle,廁所神秘人,Branch,#Simple,10,多分、それは俺じゃなかったと思う。,
d30c62acdc62c5c962b5117bd28fb80c.bundle,廁所神秘人,Say,ムカイ･チン,21,俺を覚えてないのか？,
d30c62acdc62c5c962b5117bd28fb80c.bundle,廁所神秘人,Say,ムカイ･チン,22,この俺を？,
d30c62acdc62c5c962b5117bd28fb80c.bundle,廁所神秘人,Say,心の声,12,この俺……？,
d30c62acdc62c5c962b5117bd28fb80c.bundle,廁所神秘人,Say,ムカイ･チン,23,いやそんなのはもうどうでもいい。今は他の人を探してるんだ。,
d30c62acdc62c5c962b5117bd28fb80c.bundle,廁所神秘人,Say,ムカイ･チン,24,おかしいだろ。皆、戻れなくなってる。,
d30c62acdc62c5c962b5117bd28fb80c.bundle,廁所神秘人,Say,ムカイ･チン,25,つまり根っこのところで何が起きたんだ……,
d30c62acdc62c5c962b5117bd28fb80c.bundle,廁所神秘人,Say,ムカイ･チン,26,正直、こんなことをお前に話していいかどうかすらわからない。,
d30c62acdc62c5c962b5117bd28fb80c.bundle,廁所神秘人,Say,ムカイ･チン,27,でも、彼らがいつ戻ってくるなんて誰も知らないだろう。,
d30c62acdc62c5c962b5117bd28fb80c.bundle,廁所神秘人,Say,ムカイ･チン,28,今も記録されているのか……もし記録されたら……,
d30c62acdc62c5c962b5117bd28fb80c.bundle,廁所神秘人,Say,ムカイ･チン,29,……,
d30c62acdc62c5c962b5117bd28fb80c.bundle,廁所神秘人,Say,心の声,13,彼は自分の発言に恐怖しているようだ……,
d30c62acdc62c5c962b5117bd28fb80c.bundle,廁所神秘人,Say,ムカイ･チン,30,……また今度話そう。こっちから連絡する。,
d30c62acdc62c5c962b5117bd28fb80c.bundle,廁所神秘人,Branch,#Simple,11,俺がどこにいるかわかるのか？,
d30c62acdc62c5c962b5117bd28fb80c.bundle,廁所神秘人,Say,ムカイ･チン,31,……ああ、わかるはずだ。,
d30c62acdc62c5c962b5117bd28fb80c.bundle,廁所神秘人,Branch,#Simple,12,……,
d30c62acdc62c5c962b5117bd28fb80c.bundle,廁所神秘人,Say,ムカイ･チン,32,じゃ、また。,
d30c62acdc62c5c962b5117bd28fb80c.bundle,廁所神秘人,Branch,#Simple,13,また。,
d30c62acdc62c5c962b5117bd28fb80c.bundle,廁所神秘人,Branch,#Simple,14,……,
d30c62acdc62c5c962b5117bd28fb80c.bundle,廁所神秘人,Say,心の声,14,なんで彼とこんなに長く話してたんだ……？,
d30c62acdc62c5c962b5117bd28fb80c.bundle,廁所神秘人,Say,心の声,15,見ず知らずの人間のはずなのに……,
d30c62acdc62c5c962b5117bd28fb80c.bundle,廁所神秘人,Say,心の声,16,変なやつだ……,
d30c62acdc62c5c962b5117bd28fb80c.bundle,回篩選組辦公室,Say,イー･テイ,0,そう。彼のログを削除することで、効率を80%以上に保てばいいよ。,
d30c62acdc62c5c962b5117bd28fb80c.bundle,回篩選組辦公室,Say,タイミン･ソウ,0,80%以下の人は？,
d30c62acdc62c5c962b5117bd28fb80c.bundle,回篩選組辦公室,Say,イー･テイ,1,同じランクのデータでもう一度テストして、明らかに効率が低かったら早めに終わらせる申請をした方がいい。,
d30c62acdc62c5c962b5117bd28fb80c.bundle,回篩選組辦公室,Say,タイミン･ソウ,1,同じランクですか……？,
d30c62acdc62c5c962b5117bd28fb80c.bundle,回篩選組辦公室,Say,タイミン･ソウ,2,あ！なるほど、わかりました！,
d30c62acdc62c5c962b5117bd28fb80c.bundle,回篩選組辦公室,Say,タイミン･ソウ,3,こういうやり方があったとは、さすがイーさん！,
d30c62acdc62c5c962b5117bd28fb80c.bundle,回篩選組辦公室,Say,イー･テイ,2,だろう！でも、タイミンのやり方もかなり良かったよ。,
d30c62acdc62c5c962b5117bd28fb80c.bundle,回篩選組辦公室,Say,タイミン･ソウ,4,そうですか？僕はてっきり……,
d30c62acdc62c5c962b5117bd28fb80c.bundle,回篩選組辦公室,Say,タイミン･ソウ,5,あれ？ジェイ？,
d30c62acdc62c5c962b5117bd28fb80c.bundle,回篩選組辦公室,Say,イー･テイ,3,ジェイ！ちょうど探してんだ。,
d30c62acdc62c5c962b5117bd28fb80c.bundle,回篩選組辦公室,Say,イー･テイ,4,タイミン、後は大丈夫だね？,
d30c62acdc62c5c962b5117bd28fb80c.bundle,回篩選組辦公室,Say,タイミン･ソウ,6,はい、大丈夫ですよ～,
d30c62acdc62c5c962b5117bd28fb80c.bundle,回篩選組辦公室,Say,イー･テイ,5,ハハ、良かった！,
d30c62acdc62c5c962b5117bd28fb80c.bundle,回篩選組辦公室,Say,イー･テイ,6,ちょっと待っててね。,
d30c62acdc62c5c962b5117bd28fb80c.bundle,回篩選組辦公室,Say,イー･テイ,7,そこのイスに座って。,
d30c62acdc62c5c962b5117bd28fb80c.bundle,回去找鄭緯說決定,Say,イー･テイ,0,ふーぅ……,
d30c62acdc62c5c962b5117bd28fb80c.bundle,回去找鄭緯說決定,Say,イー･テイ,1,やっと終わった。予想よりずっと楽だったね。,
d30c62acdc62c5c962b5117bd28fb80c.bundle,回去找鄭緯說決定,Say,イー･テイ,2,散々調べたけど、誰かさんが配送システムの電源をオンにしてなかっただけだった。,
d30c62acdc62c5c962b5117bd28fb80c.bundle,回去找鄭緯說決定,Say,シンホン･ゴ,0,迷惑なうっかりさんがいたもんだな。,
d30c62acdc62c5c962b5117bd28fb80c.bundle,回去找鄭緯說決定,Say,イー･テイ,3,君のことを言ってるんだよ！,
d30c62acdc62c5c962b5117bd28fb80c.bundle,回去找鄭緯說決定,Say,シンホン･ゴ,1,え？俺じゃない。絶対にリュウセイだろ！,
d30c62acdc62c5c962b5117bd28fb80c.bundle,回去找鄭緯說決定,Say,イー･テイ,4,リュウセイで思い出したけど、まだ連絡はない？,
d30c62acdc62c5c962b5117bd28fb80c.bundle,回去找鄭緯說決定,Say,シンホン･ゴ,2,ないな。,
d30c62acdc62c5c962b5117bd28fb80c.bundle,回去找鄭緯說決定,Say,イー･テイ,5,電話はかけ続けて。急に仕事をサボるなんておかしすぎるから。,
d30c62acdc62c5c962b5117bd28fb80c.bundle,回去找鄭緯說決定,Say,シンホン･ゴ,3,はーい。,
d30c62acdc62c5c962b5117bd28fb80c.bundle,回去找鄭緯說決定,Say,イー･テイ,6,それと、ちゃんと仕事に戻ってね。,
d30c62acdc62c5c962b5117bd28fb80c.bundle,回去找鄭緯說決定,Say,シンホン･ゴ,4,ラジャー！,
d30c62acdc62c5c962b5117bd28fb80c.bundle,回去找鄭緯說決定,Say,イー･テイ,7,ごめんね、待たせちゃって。,
d30c62acdc62c5c962b5117bd28fb80c.bundle,回去找鄭緯說決定,Say,イー･テイ,8,ジェイ、上に行って話さない？,
d30c62acdc62c5c962b5117bd28fb80c.bundle,回去找鄭緯說決定,Branch,#Simple,0,それはできません。,
d30c62acdc62c5c962b5117bd28fb80c.bundle,回去找鄭緯說決定,Say,イー･テイ,9,そうか。,
d30c62acdc62c5c962b5117bd28fb80c.bundle,回去找鄭緯說決定,Say,心の声,0,断られないと思ったのか、彼は少し落ち込んでるようだ。,
d30c62acdc62c5c962b5117bd28fb80c.bundle,回去找鄭緯說決定,Say,イー･テイ,10,この後何か用があるの？,
d30c62acdc62c5c962b5117bd28fb80c.bundle,回去找鄭緯說決定,Branch,#Simple,1,いいえ、ただ疲れてて休みたいだけです。,
d30c62acdc62c5c962b5117bd28fb80c.bundle,回去找鄭緯說決定,Say,イー･テイ,11,そうか。ご苦労様。,
d30c62acdc62c5c962b5117bd28fb80c.bundle,回去找鄭緯說決定,Say,イー･テイ,12,ちゃんと休みなよ。,
d30c62acdc62c5c962b5117bd28fb80c.bundle,回去找鄭緯說決定,Branch,#Simple,2,実はシュン･ゴにも呼び出されてて、彼と話すことにしたんです。,
d30c62acdc62c5c962b5117bd28fb80c.bundle,回去找鄭緯說決定,Branch,#Simple,3,実はシュン･ゴにも呼び出されてて、彼と話すことにしたんです。,
d30c62acdc62c5c962b5117bd28fb80c.bundle,回去找鄭緯說決定,Say,イー･テイ,13,そう……,
d30c62acdc62c5c962b5117bd28fb80c.bundle,回去找鄭緯說決定,Say,イー･テイ,14,そうなんだ。なら仕方ないね。,
d30c62acdc62c5c962b5117bd28fb80c.bundle,回去找鄭緯說決定,Say,心の声,1,落ち込んでるようだ。,
d30c62acdc62c5c962b5117bd28fb80c.bundle,回去找鄭緯說決定,Say,イー･テイ,15,じゃ、また今度にしようか。,
d30c62acdc62c5c962b5117bd28fb80c.bundle,回去找鄭緯說決定,Branch,#Simple,4,三人で話しますか？,
d30c62acdc62c5c962b5117bd28fb80c.bundle,回去找鄭緯說決定,Say,イー･テイ,16,いいの！？,
d30c62acdc62c5c962b5117bd28fb80c.bundle,回去找鄭緯說決定,Say,心の声,2,彼にとってこの提案は良いものだったらしい。,
d30c62acdc62c5c962b5117bd28fb80c.bundle,回去找鄭緯說決定,Say,心の声,3,シュン･ゴは怒るかもしれないな。,
d30c62acdc62c5c962b5117bd28fb80c.bundle,回去找鄭緯說決定,Branch,#Simple,5,大丈夫だと思います。,
d30c62acdc62c5c962b5117bd28fb80c.bundle,回去找鄭緯說決定,Say,イー･テイ,17,うん、じゃ行こうか！,
d30c62acdc62c5c962b5117bd28fb80c.bundle,回去找鄭緯說決定,Say,心の声,4,これで本当に良かったのか……？,
d30c62acdc62c5c962b5117bd28fb80c.bundle,回去找鄭緯說決定,Branch,#Simple,6,シュン･ゴは怒ると思います。,
d30c62acdc62c5c962b5117bd28fb80c.bundle,回去找鄭緯說決定,Say,イー･テイ,18,そうだよね……,
d30c62acdc62c5c962b5117bd28fb80c.bundle,回去找鄭緯說決定,Say,イー･テイ,19,じゃ、僕はやめておくよ。彼と約束してるなら早く行きな。,
d30c62acdc62c5c962b5117bd28fb80c.bundle,回去找鄭緯說決定,Say,イー･テイ,20,僕もまだ仕事が残ってるから。,
d30c62acdc62c5c962b5117bd28fb80c.bundle,回去找鄭緯說決定,Say,イー･テイ,21,行ってらっしゃい。,
d30c62acdc62c5c962b5117bd28fb80c.bundle,回去找鄭緯說決定,Say,心の声,5,寂しそうな顔をしてる……,
d30c62acdc62c5c962b5117bd28fb80c.bundle,回去找鄭緯說決定,Branch,#Simple,7,はい。,
d30c62acdc62c5c962b5117bd28fb80c.bundle,回去找鄭緯說決定,Branch,#Simple,8,……,
d30c62acdc62c5c962b5117bd28fb80c.bundle,回去找鄭緯說決定,Say,イー･テイ,22,じゃあ。,
d30c62acdc62c5c962b5117bd28fb80c.bundle,回去找鄭緯說決定,Branch,#Simple,9,じゃあね、イーちゃん。,
d30c62acdc62c5c962b5117bd28fb80c.bundle,回去找鄭緯說決定,Say,イー･テイ,23,おお！,
d30c62acdc62c5c962b5117bd28fb80c.bundle,回去找鄭緯說決定,Branch,#Simple,10,失礼します、チーフ。,
d30c62acdc62c5c962b5117bd28fb80c.bundle,回去找鄭緯說決定,Branch,#Simple,11,……,
d30c62acdc62c5c962b5117bd28fb80c.bundle,回去找鄭緯說決定,Branch,#Simple,12,はい。,
d30c62acdc62c5c962b5117bd28fb80c.bundle,回去找鄭緯說決定,Branch,#Simple,13,いいですよ。,
d30c62acdc62c5c962b5117bd28fb80c.bundle,回去找鄭緯說決定,Say,心の声,6,待て待て。俺はシュン･ゴと約束をしたはずでは？,
d30c62acdc62c5c962b5117bd28fb80c.bundle,回去找鄭緯說決定,Branch,#Simple,14,実は、シュン･ゴとも約束をしてるんです。,
d30c62acdc62c5c962b5117bd28fb80c.bundle,回去找鄭緯說決定,Say,イー･テイ,24,あ、そうなんだ。今から……,
d30c62acdc62c5c962b5117bd28fb80c.bundle,回去找鄭緯說決定,Say,イー･テイ,25,彼と話すの？,
d30c62acdc62c5c962b5117bd28fb80c.bundle,回去找鄭緯說決定,Branch,#Simple,15,はい。先に彼と話したいので。,
d30c62acdc62c5c962b5117bd28fb80c.bundle,回去找鄭緯說決定,Branch,#Simple,16,なんなら三人で話しましょうか？,
d30c62acdc62c5c962b5117bd28fb80c.bundle,回去找鄭緯說決定,Branch,#Simple,17,いいえ、多分大丈夫です。,
d30c62acdc62c5c962b5117bd28fb80c.bundle,回去找鄭緯說決定,Say,イー･テイ,26,そうか！,
d30c62acdc62c5c962b5117bd28fb80c.bundle,回去找鄭緯說決定,Say,イー･テイ,27,じゃ、他の用事がなければ行こうか。,
d30c62acdc62c5c962b5117bd28fb80c.bundle,回去找鄭緯說決定,Branch,#Simple,18,……,
d30c62acdc62c5c962b5117bd28fb80c.bundle,回去找鄭緯說決定,Say,イー･テイ,28,それはよかった。行こうか。,
d30c62acdc62c5c962b5117bd28fb80c.bundle,俊恩打電話,Say,心の声,0,ここでいつまで待つんだ……,
d30c62acdc62c5c962b5117bd28fb80c.bundle,俊恩打電話,Say,心の声,1,チーフは何が言いたかったんだ……,
d30c62acdc62c5c962b5117bd28fb80c.bundle,俊恩打電話,Say,シュン･ゴ,0,ジェイ？,
d30c62acdc62c5c962b5117bd28fb80c.bundle,俊恩打電話,Branch,#Simple,0,あなたも私の番号を知ってるんですね。,
d30c62acdc62c5c962b5117bd28fb80c.bundle,俊恩打電話,Say,シュン･ゴ,1,さっきあなたのプロフィールを見たので。,
d30c62acdc62c5c962b5117bd28fb80c.bundle,俊恩打電話,Branch,#Simple,1,はい、サブチーフですか？,
d30c62acdc62c5c962b5117bd28fb80c.bundle,俊恩打電話,Say,シュン･ゴ,2,ええ。,
d30c62acdc62c5c962b5117bd28fb80c.bundle,俊恩打電話,Say,シュン･ゴ,3,先程のマイナーの状況をお伝えしたくて……,
d30c62acdc62c5c962b5117bd28fb80c.bundle,俊恩打電話,Say,シュン･ゴ,4,えっと……,
d30c62acdc62c5c962b5117bd28fb80c.bundle,俊恩打電話,Say,シュン･ゴ,5,すみません。もしかして、あまり聞きたくない感じですか？,
d30c62acdc62c5c962b5117bd28fb80c.bundle,俊恩打電話,Say,心の声,2,正直どうしたいのかわからない……,
d30c62acdc62c5c962b5117bd28fb80c.bundle,俊恩打電話,Branch,#Simple,2,いいえ、教えてください。,
d30c62acdc62c5c962b5117bd28fb80c.bundle,俊恩打電話,Say,シュン･ゴ,6,彼は助かりました。,
d30c62acdc62c5c962b5117bd28fb80c.bundle,俊恩打電話,Say,心の声,3,よかった……,
d30c62acdc62c5c962b5117bd28fb80c.bundle,俊恩打電話,Branch,#Simple,3,どんな状況ですか？,
d30c62acdc62c5c962b5117bd28fb80c.bundle,俊恩打電話,Say,シュン･ゴ,7,正直にお話しすると、状況はあまり良くありません。,
d30c62acdc62c5c962b5117bd28fb80c.bundle,俊恩打電話,Say,シュン･ゴ,8,命は助かりましたが、残りの人生は半身不随になるでしょう。,
d30c62acdc62c5c962b5117bd28fb80c.bundle,俊恩打電話,Say,心の声,4,死ぬよりつらいじゃないか……,
d30c62acdc62c5c962b5117bd28fb80c.bundle,俊恩打電話,Branch,#Simple,4,治るといいですね。,
d30c62acdc62c5c962b5117bd28fb80c.bundle,俊恩打電話,Say,シュン･ゴ,9,無理でしょう。今の彼の状態じゃ、もう再就職は無理です。,
d30c62acdc62c5c962b5117bd28fb80c.bundle,俊恩打電話,Say,心の声,5,そんな……,
d30c62acdc62c5c962b5117bd28fb80c.bundle,俊恩打電話,Say,シュン･ゴ,10,すみません、あまりにも酷な言い方でしたね……,
d30c62acdc62c5c962b5117bd28fb80c.bundle,俊恩打電話,Branch,#Simple,5,いいや、これも運命です。,
d30c62acdc62c5c962b5117bd28fb80c.bundle,俊恩打電話,Say,シュン･ゴ,11,そうですね。,
d30c62acdc62c5c962b5117bd28fb80c.bundle,俊恩打電話,Branch,#Simple,6,酷すぎます。,
d30c62acdc62c5c962b5117bd28fb80c.bundle,俊恩打電話,Say,シュン･ゴ,12,そ、そうですね……,
d30c62acdc62c5c962b5117bd28fb80c.bundle,俊恩打電話,Branch,#Simple,7,……,
d30c62acdc62c5c962b5117bd28fb80c.bundle,俊恩打電話,Say,シュン･ゴ,13,……,
d30c62acdc62c5c962b5117bd28fb80c.bundle,俊恩打電話,Branch,#Simple,8,そんな状態じゃ、死ぬよりつらい……,
d30c62acdc62c5c962b5117bd28fb80c.bundle,俊恩打電話,Say,シュン･ゴ,14,私もそう思います。,
d30c62acdc62c5c962b5117bd28fb80c.bundle,俊恩打電話,Say,心の声,6,慰めるのが下手だな……,
d30c62acdc62c5c962b5117bd28fb80c.bundle,俊恩打電話,Say,シュン･ゴ,15,でも、死ぬよりつらいかは彼自身が決めることです。,
d30c62acdc62c5c962b5117bd28fb80c.bundle,俊恩打電話,Branch,#Simple,9,そうですね。,
d30c62acdc62c5c962b5117bd28fb80c.bundle,俊恩打電話,Say,シュン･ゴ,16,あくまでも、私たちとは無関係です。,
d30c62acdc62c5c962b5117bd28fb80c.bundle,俊恩打電話,Branch,#Simple,10,そうは思いません。,
d30c62acdc62c5c962b5117bd28fb80c.bundle,俊恩打電話,Say,シュン･ゴ,17,そうですか……,
d30c62acdc62c5c962b5117bd28fb80c.bundle,俊恩打電話,Say,心の声,7,彼は戸惑っているようだ……,
d30c62acdc62c5c962b5117bd28fb80c.bundle,俊恩打電話,Branch,#Simple,11,……,
d30c62acdc62c5c962b5117bd28fb80c.bundle,俊恩打電話,Branch,#Simple,12,よかったです！,
d30c62acdc62c5c962b5117bd28fb80c.bundle,俊恩打電話,Say,シュン･ゴ,18,でも正直言って、彼の状況は芳しくありません。,
d30c62acdc62c5c962b5117bd28fb80c.bundle,俊恩打電話,Branch,#Simple,13,……,
d30c62acdc62c5c962b5117bd28fb80c.bundle,俊恩打電話,Say,シュン･ゴ,19,彼は死にました。,
d30c62acdc62c5c962b5117bd28fb80c.bundle,俊恩打電話,Say,心の声,8,俺がレバーを引かなかったせいなのか……,
d30c62acdc62c5c962b5117bd28fb80c.bundle,俊恩打電話,Branch,#Simple,14,自分がレバーを引かなかったからですか？,
d30c62acdc62c5c962b5117bd28fb80c.bundle,俊恩打電話,Say,シュン･ゴ,20,それを証明できる証拠はありません。,
d30c62acdc62c5c962b5117bd28fb80c.bundle,俊恩打電話,Say,シュン･ゴ,21,……一個人の考えをお話しすると、あなたが緊急停止レバーを引いてもこの結果は変わらなかったと思います。,
d30c62acdc62c5c962b5117bd28fb80c.bundle,俊恩打電話,Say,心の声,9,明らかに言葉を選んでいる……,
d30c62acdc62c5c962b5117bd28fb80c.bundle,俊恩打電話,Branch,#Simple,15,遠慮せずに本当のことを言ってください。,
d30c62acdc62c5c962b5117bd28fb80c.bundle,俊恩打電話,Say,シュン･ゴ,22,……,
d30c62acdc62c5c962b5117bd28fb80c.bundle,俊恩打電話,Say,シュン･ゴ,23,レバーを引いていたら、彼の出血量はそれほど酷くはなかったでしょう。,
d30c62acdc62c5c962b5117bd28fb80c.bundle,俊恩打電話,Say,シュン･ゴ,24,直接の死因は大量出血によるものですから……,
d30c62acdc62c5c962b5117bd28fb80c.bundle,俊恩打電話,Say,シュン･ゴ,25,でも、出血が少なければ絶対に助かっていたというわけではありません。,
d30c62acdc62c5c962b5117bd28fb80c.bundle,俊恩打電話,Say,シュン･ゴ,26,ジェイ･ダイ。はっきりと申し上げますが、あなたが責任を感じる必要はありません。いいですか？,
d30c62acdc62c5c962b5117bd28fb80c.bundle,俊恩打電話,Branch,#Simple,16,ありがとうございます。,
d30c62acdc62c5c962b5117bd28fb80c.bundle,俊恩打電話,Branch,#Simple,17,でも、彼の家族は私を恨むと思います。,
d30c62acdc62c5c962b5117bd28fb80c.bundle,俊恩打電話,Say,シュン･ゴ,27,……,
d30c62acdc62c5c962b5117bd28fb80c.bundle,俊恩打電話,Say,シュン･ゴ,28,正直言うと、私もどんな言葉をかければいいのかわかりません。,
d30c62acdc62c5c962b5117bd28fb80c.bundle,俊恩打電話,Say,シュン･ゴ,29,何か、言ってほしい言葉はありますか？,
d30c62acdc62c5c962b5117bd28fb80c.bundle,俊恩打電話,Say,心の声,10,本人に聞くな。,
d30c62acdc62c5c962b5117bd28fb80c.bundle,俊恩打電話,Branch,#Simple,18,ないです。,
d30c62acdc62c5c962b5117bd28fb80c.bundle,俊恩打電話,Say,シュン･ゴ,30,そうですか。,
d30c62acdc62c5c962b5117bd28fb80c.bundle,俊恩打電話,Branch,#Simple,19,頑張れと言ってください。,
d30c62acdc62c5c962b5117bd28fb80c.bundle,俊恩打電話,Say,シュン･ゴ,31,頑張ってください。,
d30c62acdc62c5c962b5117bd28fb80c.bundle,俊恩打電話,Branch,#Simple,20,この工場は最悪だと言ってください。,
d30c62acdc62c5c962b5117bd28fb80c.bundle,俊恩打電話,Say,シュン･ゴ,32,この工場は最悪です。,
d30c62acdc62c5c962b5117bd28fb80c.bundle,俊恩打電話,Branch,#Simple,21,……,
d30c62acdc62c5c962b5117bd28fb80c.bundle,俊恩打電話,Branch,#Simple,22,そうですか。,
d30c62acdc62c5c962b5117bd28fb80c.bundle,俊恩打電話,Branch,#Simple,23,……,
d30c62acdc62c5c962b5117bd28fb80c.bundle,俊恩打電話,Branch,#Simple,24,……,
d30c62acdc62c5c962b5117bd28fb80c.bundle,俊恩打電話,Say,シュン･ゴ,33,……とても残念に思います。,
d30c62acdc62c5c962b5117bd28fb80c.bundle,俊恩打電話,Branch,#Simple,25,聞きたくないので話さないでください。,
d30c62acdc62c5c962b5117bd28fb80c.bundle,俊恩打電話,Say,シュン･ゴ,34,そうですか……仕方ないですね。,
d30c62acdc62c5c962b5117bd28fb80c.bundle,俊恩打電話,Say,シュン･ゴ,35,じゃ、この件は終わりにしましょう。,
d30c62acdc62c5c962b5117bd28fb80c.bundle,俊恩打電話,Say,シュン･ゴ,36,……今の話は忘れてください。,
d30c62acdc62c5c962b5117bd28fb80c.bundle,俊恩打電話,Say,シュン･ゴ,37,私はもう一つ用件があって電話をしました。,
d30c62acdc62c5c962b5117bd28fb80c.bundle,俊恩打電話,Say,シュン･ゴ,38,実はあなたと二人で話したいことがあります。少し時間を作ってくれませんか？,
d30c62acdc62c5c962b5117bd28fb80c.bundle,俊恩打電話,Branch,#Simple,26,今ですか？,
d30c62acdc62c5c962b5117bd28fb80c.bundle,俊恩打電話,Say,シュン･ゴ,39,はい。,
d30c62acdc62c5c962b5117bd28fb80c.bundle,俊恩打電話,Say,シュン･ゴ,40,来てもらえますか？,
d30c62acdc62c5c962b5117bd28fb80c.bundle,俊恩打電話,Branch,#Simple,27,実はイー･テイからも誘われまして。,
d30c62acdc62c5c962b5117bd28fb80c.bundle,俊恩打電話,Say,シュン･ゴ,41,……,
d30c62acdc62c5c962b5117bd28fb80c.bundle,俊恩打電話,Say,シュン･ゴ,42,それは、仕方ないですね。また今度にしましょう。,
d30c62acdc62c5c962b5117bd28fb80c.bundle,俊恩打電話,Branch,#Simple,28,三人で一緒に話すのはどうですか？,
d30c62acdc62c5c962b5117bd28fb80c.bundle,俊恩打電話,Say,シュン･ゴ,43,それは……,
d30c62acdc62c5c962b5117bd28fb80c.bundle,俊恩打電話,Say,シュン･ゴ,44,イー･テイが怒るでしょう。,
d30c62acdc62c5c962b5117bd28fb80c.bundle,俊恩打電話,Say,シュン･ゴ,45,私も、そういうのはあまりよくないと思います……,
d30c62acdc62c5c962b5117bd28fb80c.bundle,俊恩打電話,Say,シュン･ゴ,46,わかりました。ではまた今度にしましょう。,
d30c62acdc62c5c962b5117bd28fb80c.bundle,俊恩打電話,Branch,#Simple,29,それなら彼を断りましょうか？,
d30c62acdc62c5c962b5117bd28fb80c.bundle,俊恩打電話,Branch,#Simple,30,はい、今度にしましょう。,
d30c62acdc62c5c962b5117bd28fb80c.bundle,俊恩打電話,Branch,#Simple,31,それなら彼を断りましょうか？,
d30c62acdc62c5c962b5117bd28fb80c.bundle,俊恩打電話,Say,シュン･ゴ,47,大丈夫なのですか？,
d30c62acdc62c5c962b5117bd28fb80c.bundle,俊恩打電話,Branch,#Simple,32,はい、大丈夫です。,
d30c62acdc62c5c962b5117bd28fb80c.bundle,俊恩打電話,Branch,#Simple,33,はい、私もあなたと話したかったので。,
d30c62acdc62c5c962b5117bd28fb80c.bundle,俊恩打電話,Say,シュン･ゴ,48,そ、そうですか。,
d30c62acdc62c5c962b5117bd28fb80c.bundle,俊恩打電話,Say,シュン･ゴ,49,イー･テイの方が面白い人だと自覚しているので少し意外でした。,
d30c62acdc62c5c962b5117bd28fb80c.bundle,俊恩打電話,Say,シュン･ゴ,50,私はこんな性格なので、てっきりあなたは……,
d30c62acdc62c5c962b5117bd28fb80c.bundle,俊恩打電話,Branch,#Simple,34,もっと操作組のことが知りたいです。,
d30c62acdc62c5c962b5117bd28fb80c.bundle,俊恩打電話,Say,シュン･ゴ,51,そうですか……,
d30c62acdc62c5c962b5117bd28fb80c.bundle,俊恩打電話,Say,シュン･ゴ,52,わかりました。,
d30c62acdc62c5c962b5117bd28fb80c.bundle,俊恩打電話,Branch,#Simple,35,ただ話し合いをするだけで、別にデートをするわけじゃないですし。,
d30c62acdc62c5c962b5117bd28fb80c.bundle,俊恩打電話,Say,シュン･ゴ,53,あ、そういうつもりはなくて……それに私にはもう意中の人が……,
d30c62acdc62c5c962b5117bd28fb80c.bundle,俊恩打電話,Say,心の声,11,なんの話だ……,
d30c62acdc62c5c962b5117bd28fb80c.bundle,俊恩打電話,Say,シュン･ゴ,54,とりあえず、わかりました。,
d30c62acdc62c5c962b5117bd28fb80c.bundle,俊恩打電話,Branch,#Simple,36,……,
d30c62acdc62c5c962b5117bd28fb80c.bundle,俊恩打電話,Say,シュン･ゴ,55,……,
d30c62acdc62c5c962b5117bd28fb80c.bundle,俊恩打電話,Branch,#Simple,37,やはり、彼と話すことにします。,
d30c62acdc62c5c962b5117bd28fb80c.bundle,俊恩打電話,Say,シュン･ゴ,56,わかりました。また今度に話しましょう。,
d30c62acdc62c5c962b5117bd28fb80c.bundle,俊恩打電話,Branch,#Simple,38,はい、またの機会に。,
d30c62acdc62c5c962b5117bd28fb80c.bundle,俊恩打電話,Say,シュン･ゴ,57,ええ。,
d30c62acdc62c5c962b5117bd28fb80c.bundle,俊恩打電話,Branch,#Simple,39,……,
d30c62acdc62c5c962b5117bd28fb80c.bundle,俊恩打電話,Say,シュン･ゴ,58,では、失礼します。,
d30c62acdc62c5c962b5117bd28fb80c.bundle,俊恩打電話,Branch,#Simple,40,お疲れ様です。,
d30c62acdc62c5c962b5117bd28fb80c.bundle,俊恩打電話,Branch,#Simple,41,……,
d30c62acdc62c5c962b5117bd28fb80c.bundle,俊恩打電話,Branch,#Simple,42,話とは何ですか？,
d30c62acdc62c5c962b5117bd28fb80c.bundle,俊恩打電話,Say,シュン･ゴ,59,この工場についてです。,
d30c62acdc62c5c962b5117bd28fb80c.bundle,俊恩打電話,Say,シュン･ゴ,60,屋上に来てくれませんか？エレベーターの権限を渡しますので。,
d30c62acdc62c5c962b5117bd28fb80c.bundle,俊恩打電話,Say,シュン･ゴ,61,屋上で会いましょう。,
d30c62acdc62c5c962b5117bd28fb80c.bundle,俊恩打電話,Branch,#Simple,43,どうして屋上に？,
d30c62acdc62c5c962b5117bd28fb80c.bundle,俊恩打電話,Say,シュン･ゴ,62,眺めもいいですし、静かですから。,
d30c62acdc62c5c962b5117bd28fb80c.bundle,俊恩打電話,Branch,#Simple,44,確かに。一度行ったことがあります。,
d30c62acdc62c5c962b5117bd28fb80c.bundle,俊恩打電話,Say,シュン･ゴ,63,そうなんですか？,
d30c62acdc62c5c962b5117bd28fb80c.bundle,俊恩打電話,Say,シュン･ゴ,64,どうやってそこへ？,
d30c62acdc62c5c962b5117bd28fb80c.bundle,俊恩打電話,Say,心の声,12,そうか。俺の権限じゃ行けない場所だから。,
d30c62acdc62c5c962b5117bd28fb80c.bundle,俊恩打電話,Branch,#Simple,45,言いたくありません。,
d30c62acdc62c5c962b5117bd28fb80c.bundle,俊恩打電話,Say,シュン･ゴ,65,そうですか。では聞かなかったことにします。,
d30c62acdc62c5c962b5117bd28fb80c.bundle,俊恩打電話,Say,心の声,13,あっさりと引いてくれた……,
d30c62acdc62c5c962b5117bd28fb80c.bundle,俊恩打電話,Branch,#Simple,46,知り合いが連れてってくれました。,
d30c62acdc62c5c962b5117bd28fb80c.bundle,俊恩打電話,Say,シュン･ゴ,66,ここのマネージャーを知ってるのですか？,
d30c62acdc62c5c962b5117bd28fb80c.bundle,俊恩打電話,Branch,#Simple,47,はい。,
d30c62acdc62c5c962b5117bd28fb80c.bundle,俊恩打電話,Say,シュン･ゴ,67,なるほど。,
d30c62acdc62c5c962b5117bd28fb80c.bundle,俊恩打電話,Branch,#Simple,48,はい、彼女なんです。,
d30c62acdc62c5c962b5117bd28fb80c.bundle,俊恩打電話,Say,シュン･ゴ,68,なるほど。,
d30c62acdc62c5c962b5117bd28fb80c.bundle,俊恩打電話,Say,心の声,14,あっさりした反応だ……,
d30c62acdc62c5c962b5117bd28fb80c.bundle,俊恩打電話,Say,シュン･ゴ,69,では、とりあえず屋上で会いましょう。,
d30c62acdc62c5c962b5117bd28fb80c.bundle,俊恩打電話,Branch,#Simple,49,良い場所ですね。,
d30c62acdc62c5c962b5117bd28fb80c.bundle,俊恩打電話,Say,シュン･ゴ,70,ええ、素晴らしいところです。,
d30c62acdc62c5c962b5117bd28fb80c.bundle,俊恩打電話,Branch,#Simple,50,……,
d30c62acdc62c5c962b5117bd28fb80c.bundle,俊恩打電話,Branch,#Simple,51,では、また後で。,
d30c62acdc62c5c962b5117bd28fb80c.bundle,俊恩打電話,Branch,#Simple,52,……,
d30c62acdc62c5c962b5117bd28fb80c.bundle,俊恩打電話,Say,シュン･ゴ,71,はい。お待ちしてます。,
d30c62acdc62c5c962b5117bd28fb80c.bundle,俊恩打電話,Branch,#Simple,53,お疲れ様です。,
d30c62acdc62c5c962b5117bd28fb80c.bundle,俊恩打電話,Branch,#Simple,54,……,
d30c62acdc62c5c962b5117bd28fb80c.bundle,頂樓阿緯與俊恩開頭分岐,Say,シュン･ゴ,0,ん？,
d30c62acdc62c5c962b5117bd28fb80c.bundle,頂樓阿緯與俊恩開頭分岐,Say,シュン･ゴ,1,……,
d30c62acdc62c5c962b5117bd28fb80c.bundle,頂樓阿緯與俊恩開頭分岐,Say,イー･テイ,0,シュン･ゴ？どうして君がここに？,
d30c62acdc62c5c962b5117bd28fb80c.bundle,頂樓阿緯與俊恩開頭分岐,Say,シュン･ゴ,2,それはこっちの質問です。,
d30c62acdc62c5c962b5117bd28fb80c.bundle,頂樓阿緯與俊恩開頭分岐,Say,シュン･ゴ,3,イー･テイ……？,
d30c62acdc62c5c962b5117bd28fb80c.bundle,頂樓阿緯與俊恩開頭分岐,Say,シュン･ゴ,4,どうしてここに？,
d30c62acdc62c5c962b5117bd28fb80c.bundle,頂樓阿緯與俊恩開頭分岐,Say,イー･テイ,1,その、僕は……,
d30c62acdc62c5c962b5117bd28fb80c.bundle,頂樓阿緯與俊恩開頭分岐,Say,シュン･ゴ,5,まさか……,
d30c62acdc62c5c962b5117bd28fb80c.bundle,頂樓阿緯與俊恩開頭分岐,Say,シュン･ゴ,6,またですか？,
d30c62acdc62c5c962b5117bd28fb80c.bundle,頂樓阿緯與俊恩開頭分岐,Say,イー･テイ,2,……またって、何のこと？,
d30c62acdc62c5c962b5117bd28fb80c.bundle,頂樓阿緯與俊恩開頭分岐,Say,シュン･ゴ,7,またあなたの詭弁を私に聞かせるつもりですか？,
d30c62acdc62c5c962b5117bd28fb80c.bundle,頂樓阿緯與俊恩開頭分岐,Say,シュン･ゴ,8,私はジェイ･ダイと話す約束をしています。なぜ勝手について来たのですか？,
d30c62acdc62c5c962b5117bd28fb80c.bundle,頂樓阿緯與俊恩開頭分岐,Say,イー･テイ,3,一体なんの話？,
d30c62acdc62c5c962b5117bd28fb80c.bundle,頂樓阿緯與俊恩開頭分岐,Say,イー･テイ,4,こっちだって君がここにいることに困惑してるんだ！,
d30c62acdc62c5c962b5117bd28fb80c.bundle,頂樓阿緯與俊恩開頭分岐,Say,シュン･ゴ,9,もういいです。,
d30c62acdc62c5c962b5117bd28fb80c.bundle,頂樓阿緯與俊恩開頭分岐,Say,シュン･ゴ,10,先週のシンカさんの件もそうです。あなたはいつもそうやって……,
d30c62acdc62c5c962b5117bd28fb80c.bundle,頂樓阿緯與俊恩開頭分岐,Say,イー･テイ,5,あれは、確かに僕がシンカに頼んで連れてってもらったけど、でも……,
d30c62acdc62c5c962b5117bd28fb80c.bundle,頂樓阿緯與俊恩開頭分岐,Say,イー･テイ,6,もし君が断ったらすぐ帰るつもりだったんだ……,
d30c62acdc62c5c962b5117bd28fb80c.bundle,頂樓阿緯與俊恩開頭分岐,Say,シュン･ゴ,11,なら、もう帰ってください。,
d30c62acdc62c5c962b5117bd28fb80c.bundle,頂樓阿緯與俊恩開頭分岐,Say,イー･テイ,7,待って、せめて話だけは……,
d30c62acdc62c5c962b5117bd28fb80c.bundle,頂樓阿緯與俊恩開頭分岐,Say,シュン･ゴ,12,もう、沢山です！,
d30c62acdc62c5c962b5117bd28fb80c.bundle,頂樓阿緯與俊恩開頭分岐,Say,イー･テイ,8,何を言ってるんだ！怒りたいのはこっちだ！,
d30c62acdc62c5c962b5117bd28fb80c.bundle,頂樓阿緯與俊恩開頭分岐,Say,イー･テイ,9,君は一体どうしたんだ！？,
d30c62acdc62c5c962b5117bd28fb80c.bundle,頂樓阿緯與俊恩開頭分岐,Say,イー･テイ,10,なぜ他人の言葉に耳を傾けなくなった！,
d30c62acdc62c5c962b5117bd28fb80c.bundle,頂樓阿緯與俊恩開頭分岐,Say,シュン･ゴ,13,どうしてあなたの言い訳に何度も何度も付き合う必要があるのですか？,
d30c62acdc62c5c962b5117bd28fb80c.bundle,頂樓阿緯與俊恩開頭分岐,Say,シュン･ゴ,14,私は、もう聞き飽きました。,
d30c62acdc62c5c962b5117bd28fb80c.bundle,頂樓阿緯與俊恩開頭分岐,Say,イー･テイ,11,なんてことだ……,
d30c62acdc62c5c962b5117bd28fb80c.bundle,頂樓阿緯與俊恩開頭分岐,Say,シュン･ゴ,15,すみません、ジェイ。また別の日に話しましょう。,
d30c62acdc62c5c962b5117bd28fb80c.bundle,頂樓阿緯與俊恩開頭分岐,Say,イー･テイ,12,またそれ？君にとって人と話すことはそんなに難しいこと？,
d30c62acdc62c5c962b5117bd28fb80c.bundle,頂樓阿緯與俊恩開頭分岐,Say,イー･テイ,13,どう？,
d30c62acdc62c5c962b5117bd28fb80c.bundle,頂樓阿緯與俊恩開頭分岐,Say,イー･テイ,14,いい風景だろう？,
d30c62acdc62c5c962b5117bd28fb80c.bundle,頂樓阿緯與俊恩開頭分岐,Say,イー･テイ,15,遅番の時間帯は特に誰もここに来ないんだ。,
d30c62acdc62c5c962b5117bd28fb80c.bundle,頂樓阿緯與俊恩開頭分岐,Say,イー･テイ,16,ここでコーヒーを飲みながら語り合うのは……,
d30c62acdc62c5c962b5117bd28fb80c.bundle,頂樓阿緯與俊恩開頭分岐,Say,イー･テイ,17,って！コーヒーを買い忘れた！,
d30c62acdc62c5c962b5117bd28fb80c.bundle,頂樓阿緯與俊恩開頭分岐,Say,心の声,0,俺も忘れた……,
d30c62acdc62c5c962b5117bd28fb80c.bundle,頂樓阿緯與俊恩開頭分岐,Say,イー･テイ,18,今すぐ走って買ってきてもいい？,
d30c62acdc62c5c962b5117bd28fb80c.bundle,頂樓阿緯與俊恩開頭分岐,Branch,#Simple,0,はい、ありがとうございます。,
d30c62acdc62c5c962b5117bd28fb80c.bundle,頂樓阿緯與俊恩開頭分岐,Say,心の声,1,上司に買いに行かせるのはよくない気がする……,
d30c62acdc62c5c962b5117bd28fb80c.bundle,頂樓阿緯與俊恩開頭分岐,Say,イー･テイ,19,すぐ帰ってくるから、奥で待ってて。,
d30c62acdc62c5c962b5117bd28fb80c.bundle,頂樓阿緯與俊恩開頭分岐,Branch,#Simple,1,一緒に行きましょうか？,
d30c62acdc62c5c962b5117bd28fb80c.bundle,頂樓阿緯與俊恩開頭分岐,Say,イー･テイ,20,いやいや、僕一人で大丈夫。,
d30c62acdc62c5c962b5117bd28fb80c.bundle,頂樓阿緯與俊恩開頭分岐,Say,イー･テイ,21,奥で待ってて。,
d30c62acdc62c5c962b5117bd28fb80c.bundle,頂樓阿緯與俊恩開頭分岐,Branch,#Simple,2,なくても大丈夫です。,
d30c62acdc62c5c962b5117bd28fb80c.bundle,頂樓阿緯與俊恩開頭分岐,Say,イー･テイ,22,だめだよ！コーヒーだけは譲れない！,
d30c62acdc62c5c962b5117bd28fb80c.bundle,頂樓阿緯與俊恩開頭分岐,Branch,#Simple,3,わかりました。ではお願いします。,
d30c62acdc62c5c962b5117bd28fb80c.bundle,頂樓阿緯與俊恩開頭分岐,Say,イー･テイ,23,よし！,
d30c62acdc62c5c962b5117bd28fb80c.bundle,頂樓阿緯與俊恩開頭分岐,Branch,#Simple,4,本当に大丈夫ですから。,
d30c62acdc62c5c962b5117bd28fb80c.bundle,頂樓阿緯與俊恩開頭分岐,Say,イー･テイ,24,そ、そう？,
d30c62acdc62c5c962b5117bd28fb80c.bundle,頂樓阿緯與俊恩開頭分岐,Say,イー･テイ,25,忘れちゃってごめんね……,
d30c62acdc62c5c962b5117bd28fb80c.bundle,頂樓阿緯與俊恩開頭分岐,Branch,#Simple,5,謝らないでください。私も買い忘れましたから。,
d30c62acdc62c5c962b5117bd28fb80c.bundle,頂樓阿緯與俊恩開頭分岐,Say,イー･テイ,26,うん。,
d30c62acdc62c5c962b5117bd28fb80c.bundle,頂樓阿緯與俊恩開頭分岐,Branch,#Simple,6,……,
d30c62acdc62c5c962b5117bd28fb80c.bundle,頂樓阿緯與俊恩開頭分岐,Say,心の声,2,部下からの信頼を本当に大事にしてるようだ……,
d30c62acdc62c5c962b5117bd28fb80c.bundle,頂樓阿緯與俊恩開頭分岐,Branch,#Simple,7,……,
d30c62acdc62c5c962b5117bd28fb80c.bundle,頂樓阿緯與俊恩開頭分岐,Say,イー･テイ,27,すぐ帰ってくるから、奥で待ってて。,
d30c62acdc62c5c962b5117bd28fb80c.bundle,頂樓阿緯與俊恩開頭分岐,Say,心の声,3,本当に買いに行った……,
d30c62acdc62c5c962b5117bd28fb80c.bundle,頂樓阿緯與俊恩開頭分岐,Say,心の声,4,チーフは何でも自分でやり過ぎだ……,
d30c62acdc62c5c962b5117bd28fb80c.bundle,頂樓阿緯與俊恩開頭分岐,Say,心の声,5,でも部下に優しいのはいいことだ。,
d30c62acdc62c5c962b5117bd28fb80c.bundle,頂樓阿緯與俊恩開頭分岐,Say,イー･テイ,28,あっちで話そうか。,
d30c62acdc62c5c962b5117bd28fb80c.bundle,頂樓阿緯路線,Say,イー･テイ,0,はい、どうぞ。,
d30c62acdc62c5c962b5117bd28fb80c.bundle,頂樓阿緯路線,Branch,#Simple,0,ありがとうございます。,
d30c62acdc62c5c962b5117bd28fb80c.bundle,頂樓阿緯路線,Branch,#Simple,1,ご苦労様です。,
d30c62acdc62c5c962b5117bd28fb80c.bundle,頂樓阿緯路線,Say,イー･テイ,1,うん！ありがとう！,
d30c62acdc62c5c962b5117bd28fb80c.bundle,頂樓阿緯路線,Branch,#Simple,2,……,
d30c62acdc62c5c962b5117bd28fb80c.bundle,頂樓阿緯路線,Say,心の声,0,少し驚いてる……？,
d30c62acdc62c5c962b5117bd28fb80c.bundle,頂樓阿緯路線,Say,心の声,1,ああ、俺が礼を言うと思ったのか。,
d30c62acdc62c5c962b5117bd28fb80c.bundle,頂樓阿緯路線,Branch,#Simple,3,ありがとうございます。,
d30c62acdc62c5c962b5117bd28fb80c.bundle,頂樓阿緯路線,Say,イー･テイ,2,どういたしまして！,
d30c62acdc62c5c962b5117bd28fb80c.bundle,頂樓阿緯路線,Branch,#Simple,4,……,
d30c62acdc62c5c962b5117bd28fb80c.bundle,頂樓阿緯路線,Say,イー･テイ,3,さて、コーヒーも買えたし……,
d30c62acdc62c5c962b5117bd28fb80c.bundle,頂樓阿緯路線,Say,イー･テイ,4,本題に入ろうか。,
d30c62acdc62c5c962b5117bd28fb80c.bundle,頂樓阿緯路線,Say,イー･テイ,5,……,
d30c62acdc62c5c962b5117bd28fb80c.bundle,頂樓阿緯路線,Say,イー･テイ,6,僕はね、悩み事がある時によくここに来るんだ。,
d30c62acdc62c5c962b5117bd28fb80c.bundle,頂樓阿緯路線,Say,イー･テイ,7,海風に当たると心が落ち着くっていうか……,
d30c62acdc62c5c962b5117bd28fb80c.bundle,頂樓阿緯路線,Say,イー･テイ,8,……,
d30c62acdc62c5c962b5117bd28fb80c.bundle,頂樓阿緯路線,Say,イー･テイ,9,シュン･ゴも同じだろうね。,
d30c62acdc62c5c962b5117bd28fb80c.bundle,頂樓阿緯路線,Branch,#Simple,5,どうしてそれを？,
d30c62acdc62c5c962b5117bd28fb80c.bundle,頂樓阿緯路線,Say,イー･テイ,10,友達だからさ！,
d30c62acdc62c5c962b5117bd28fb80c.bundle,頂樓阿緯路線,Branch,#Simple,6,同じって何がですか？,
d30c62acdc62c5c962b5117bd28fb80c.bundle,頂樓阿緯路線,Say,イー･テイ,11,ここへ風に当たりに来ることさ。,
d30c62acdc62c5c962b5117bd28fb80c.bundle,頂樓阿緯路線,Branch,#Simple,7,……,
d30c62acdc62c5c962b5117bd28fb80c.bundle,頂樓阿緯路線,Say,イー･テイ,12,僕たちにとって、ここは思い出の地みたいな場所なんだ。ハハ……,
d30c62acdc62c5c962b5117bd28fb80c.bundle,頂樓阿緯路線,Say,心の声,2,明らかな苦笑いだ……,
d30c62acdc62c5c962b5117bd28fb80c.bundle,頂樓阿緯路線,Say,イー･テイ,13,……,
d30c62acdc62c5c962b5117bd28fb80c.bundle,頂樓阿緯路線,Say,イー･テイ,14,本題に入ろうか。,
d30c62acdc62c5c962b5117bd28fb80c.bundle,頂樓阿緯路線,Say,イー･テイ,15,ジェイ、まず聞かせて。,
d30c62acdc62c5c962b5117bd28fb80c.bundle,頂樓阿緯路線,Say,イー･テイ,16,どう思った？,
d30c62acdc62c5c962b5117bd28fb80c.bundle,頂樓阿緯路線,Branch,#Simple,8,シュン･ゴについてですか？,
d30c62acdc62c5c962b5117bd28fb80c.bundle,頂樓阿緯路線,Say,イー･テイ,17,うん……,
d30c62acdc62c5c962b5117bd28fb80c.bundle,頂樓阿緯路線,Say,イー･テイ,18,それもそうだけど、操作組に対する感想を聞きたかったんだ。,
d30c62acdc62c5c962b5117bd28fb80c.bundle,頂樓阿緯路線,Branch,#Simple,9,操作組についてですか？,
d30c62acdc62c5c962b5117bd28fb80c.bundle,頂樓阿緯路線,Say,イー･テイ,19,うん、君が操作組を見てどう思ったか聞きたい。,
d30c62acdc62c5c962b5117bd28fb80c.bundle,頂樓阿緯路線,Branch,#Simple,10,どうって何がですか？,
d30c62acdc62c5c962b5117bd28fb80c.bundle,頂樓阿緯路線,Say,イー･テイ,20,ごめん、言葉が足りなかったね。,
d30c62acdc62c5c962b5117bd28fb80c.bundle,頂樓阿緯路線,Say,イー･テイ,21,操作組への印象を聞かせてほしいんだ。,
d30c62acdc62c5c962b5117bd28fb80c.bundle,頂樓阿緯路線,Say,心の声,3,印象？,
d30c62acdc62c5c962b5117bd28fb80c.bundle,頂樓阿緯路線,Branch,#Simple,11,悪くなかったです。真面目に働いてる人たちだと思いますよ。,
d30c62acdc62c5c962b5117bd28fb80c.bundle,頂樓阿緯路線,Say,イー･テイ,22,なぜ彼らを真面目だと思った？,
d30c62acdc62c5c962b5117bd28fb80c.bundle,頂樓阿緯路線,Branch,#Simple,12,緻密な仕事ぶりに見えます。,
d30c62acdc62c5c962b5117bd28fb80c.bundle,頂樓阿緯路線,Say,イー･テイ,23,それは無関心ではなくて？,
d30c62acdc62c5c962b5117bd28fb80c.bundle,頂樓阿緯路線,Branch,#Simple,13,そうとも言えますね。,
d30c62acdc62c5c962b5117bd28fb80c.bundle,頂樓阿緯路線,Branch,#Simple,14,無関心には見えませんでした。,
d30c62acdc62c5c962b5117bd28fb80c.bundle,頂樓阿緯路線,Say,イー･テイ,24,そうか……,
d30c62acdc62c5c962b5117bd28fb80c.bundle,頂樓阿緯路線,Branch,#Simple,15,彼らは、選別組が送り込んだ供給者たちをとても気にかけていました。,
d30c62acdc62c5c962b5117bd28fb80c.bundle,頂樓阿緯路線,Say,イー･テイ,25,確かにそうだね。,
d30c62acdc62c5c962b5117bd28fb80c.bundle,頂樓阿緯路線,Say,心の声,4,チーフの今の言い方は皮肉ったようにも聞こえる。珍しい……,
d30c62acdc62c5c962b5117bd28fb80c.bundle,頂樓阿緯路線,Say,イー･テイ,26,機械に問題があるせいで供給者たちは危険だと言ってた？,
d30c62acdc62c5c962b5117bd28fb80c.bundle,頂樓阿緯路線,Branch,#Simple,16,はい。,
d30c62acdc62c5c962b5117bd28fb80c.bundle,頂樓阿緯路線,Say,イー･テイ,27,またそれか。嫌になるね……,
d30c62acdc62c5c962b5117bd28fb80c.bundle,頂樓阿緯路線,Branch,#Simple,17,機械に問題はなかったんですか？,
d30c62acdc62c5c962b5117bd28fb80c.bundle,頂樓阿緯路線,Say,イー･テイ,28,あるにはある。,
d30c62acdc62c5c962b5117bd28fb80c.bundle,頂樓阿緯路線,Say,イー･テイ,29,でも、そのせいで供給者が危険な目に遭ってるっていうのは事実無根だよ。,
d30c62acdc62c5c962b5117bd28fb80c.bundle,頂樓阿緯路線,Branch,#Simple,18,……,
d30c62acdc62c5c962b5117bd28fb80c.bundle,頂樓阿緯路線,Branch,#Simple,19,違うんですか？,
d30c62acdc62c5c962b5117bd28fb80c.bundle,頂樓阿緯路線,Say,イー･テイ,30,ああ。,
d30c62acdc62c5c962b5117bd28fb80c.bundle,頂樓阿緯路線,Say,イー･テイ,31,少なくとも、それは一番の問題ではない。,
d30c62acdc62c5c962b5117bd28fb80c.bundle,頂樓阿緯路線,Branch,#Simple,20,危険に満ちている最悪な職場でした。,
d30c62acdc62c5c962b5117bd28fb80c.bundle,頂樓阿緯路線,Say,イー･テイ,32,危険？どういうこと？,
d30c62acdc62c5c962b5117bd28fb80c.bundle,頂樓阿緯路線,Branch,#Simple,21,あそこの設備はとても古いです。,
d30c62acdc62c5c962b5117bd28fb80c.bundle,頂樓阿緯路線,Say,イー･テイ,33,そうだね、工場自体が古いからね。,
d30c62acdc62c5c962b5117bd28fb80c.bundle,頂樓阿緯路線,Branch,#Simple,22,そして彼らのチーフは、人の命を無下に扱っています。,
d30c62acdc62c5c962b5117bd28fb80c.bundle,頂樓阿緯路線,Say,イー･テイ,34,ああ、あの野郎は有名だからね。,
d30c62acdc62c5c962b5117bd28fb80c.bundle,頂樓阿緯路線,Branch,#Simple,23,特に印象を持ちませんでした。,
d30c62acdc62c5c962b5117bd28fb80c.bundle,頂樓阿緯路線,Say,イー･テイ,35,そうか……,
d30c62acdc62c5c962b5117bd28fb80c.bundle,頂樓阿緯路線,Branch,#Simple,24,印象とはどういうことですか？,
d30c62acdc62c5c962b5117bd28fb80c.bundle,頂樓阿緯路線,Say,イー･テイ,36,シンプルに言うと、全体的な感想だな。,
d30c62acdc62c5c962b5117bd28fb80c.bundle,頂樓阿緯路線,Say,イー･テイ,37,彼らと話し、彼らの仕事ぶりを見たはずだ。,
d30c62acdc62c5c962b5117bd28fb80c.bundle,頂樓阿緯路線,Say,イー･テイ,38,彼らに対する全体的な感想を聞かせてほしい。,
d30c62acdc62c5c962b5117bd28fb80c.bundle,頂樓阿緯路線,Branch,#Simple,25,どうしてそれを聞くんですか？,
d30c62acdc62c5c962b5117bd28fb80c.bundle,頂樓阿緯路線,Say,イー･テイ,39,話を聞かせてくれたら説明するよ。,
d30c62acdc62c5c962b5117bd28fb80c.bundle,頂樓阿緯路線,Branch,#Simple,26,……,
d30c62acdc62c5c962b5117bd28fb80c.bundle,頂樓阿緯路線,Say,イー･テイ,40,どう？聞かせてくれる？,
d30c62acdc62c5c962b5117bd28fb80c.bundle,頂樓阿緯路線,Say,イー･テイ,41,うん、ありがとう。,
d30c62acdc62c5c962b5117bd28fb80c.bundle,頂樓阿緯路線,Say,イー･テイ,42,僕は今の操作組の状況を確認したかったんだ。,
d30c62acdc62c5c962b5117bd28fb80c.bundle,頂樓阿緯路線,Say,イー･テイ,43,さっきまでその現場を見ていた君の意見は貴重だなと思って聞いたんだ。,
d30c62acdc62c5c962b5117bd28fb80c.bundle,頂樓阿緯路線,Branch,#Simple,27,私は一度しか見てないけど、大丈夫ですか？,
d30c62acdc62c5c962b5117bd28fb80c.bundle,頂樓阿緯路線,Say,イー･テイ,44,君の話だけで判断しないさ。僕自身も操作組と沢山交流を持ってるから。,
d30c62acdc62c5c962b5117bd28fb80c.bundle,頂樓阿緯路線,Branch,#Simple,28,ならどうして私に聞いたんですか？,
d30c62acdc62c5c962b5117bd28fb80c.bundle,頂樓阿緯路線,Say,イー･テイ,45,僕は確認したかったんだ……,
d30c62acdc62c5c962b5117bd28fb80c.bundle,頂樓阿緯路線,Say,イー･テイ,46,彼らが変わっていないかを。,
d30c62acdc62c5c962b5117bd28fb80c.bundle,頂樓阿緯路線,Branch,#Simple,29,彼らとの交流はどんな感じですか？,
d30c62acdc62c5c962b5117bd28fb80c.bundle,頂樓阿緯路線,Say,イー･テイ,47,気持ちのいい経験ではないよ。,
d30c62acdc62c5c962b5117bd28fb80c.bundle,頂樓阿緯路線,Branch,#Simple,30,……,
d30c62acdc62c5c962b5117bd28fb80c.bundle,頂樓阿緯路線,Branch,#Simple,31,どうして自身で確認しに行かないんですか？,
d30c62acdc62c5c962b5117bd28fb80c.bundle,頂樓阿緯路線,Say,イー･テイ,48,もう知ってると思うけど、明確な理由がなければ僕はそっちに行けないんだ。,
d30c62acdc62c5c962b5117bd28fb80c.bundle,頂樓阿緯路線,Say,イー･テイ,49,僕自身も行きたいと思ってないけどね。,
d30c62acdc62c5c962b5117bd28fb80c.bundle,頂樓阿緯路線,Branch,#Simple,32,それはどうして？,
d30c62acdc62c5c962b5117bd28fb80c.bundle,頂樓阿緯路線,Say,イー･テイ,50,そこにいると気持ちが落ち着かないんだ。,
d30c62acdc62c5c962b5117bd28fb80c.bundle,頂樓阿緯路線,Say,イー･テイ,51,あの場所、特にその場にいる人間たちの中にいたくない。,
d30c62acdc62c5c962b5117bd28fb80c.bundle,頂樓阿緯路線,Branch,#Simple,33,理解はできます。,
d30c62acdc62c5c962b5117bd28fb80c.bundle,頂樓阿緯路線,Say,イー･テイ,52,それもそうだね。初めての操作組であんな経験をしたら……,
d30c62acdc62c5c962b5117bd28fb80c.bundle,頂樓阿緯路線,Branch,#Simple,34,……,
d30c62acdc62c5c962b5117bd28fb80c.bundle,頂樓阿緯路線,Branch,#Simple,35,……,
d30c62acdc62c5c962b5117bd28fb80c.bundle,頂樓阿緯路線,Say,イー･テイ,53,もう少ししたら、工場に大きな変化が訪れるはずなんだ。マネージャーも今日の一件もそれに関わってると思う。,
d30c62acdc62c5c962b5117bd28fb80c.bundle,頂樓阿緯路線,Say,イー･テイ,54,噂くらい聞いたろう？本社の人はサイレントを閉鎖しようとしてるって。,
d30c62acdc62c5c962b5117bd28fb80c.bundle,頂樓阿緯路線,Say,イー･テイ,55,……僕は選別組のチーフとして準備をしないといけない……,
d30c62acdc62c5c962b5117bd28fb80c.bundle,頂樓阿緯路線,Branch,#Simple,36,工場の閉鎖に賛成ですか？,
d30c62acdc62c5c962b5117bd28fb80c.bundle,頂樓阿緯路線,Say,イー･テイ,56,そんなわけないだろう！,
d30c62acdc62c5c962b5117bd28fb80c.bundle,頂樓阿緯路線,Say,イー･テイ,57,君も面接と契約を経験しただろう？どれだけの人間がこの工場を頼りにしてるかくらいわかるはずだ。,
d30c62acdc62c5c962b5117bd28fb80c.bundle,頂樓阿緯路線,Say,イー･テイ,58,言いたくないが、演算工場はこの大量失業の時代の唯一の解決策だ。そう思わないかい？,
d30c62acdc62c5c962b5117bd28fb80c.bundle,頂樓阿緯路線,Branch,#Simple,37,確かにそうかもしれません。,
d30c62acdc62c5c962b5117bd28fb80c.bundle,頂樓阿緯路線,Say,イー･テイ,59,この工場は彼らに残された最後のチャンスなんだ。,
d30c62acdc62c5c962b5117bd28fb80c.bundle,頂樓阿緯路線,Branch,#Simple,38,でも工場が閉鎖されても、他の工場に行けばいいのでは……？,
d30c62acdc62c5c962b5117bd28fb80c.bundle,頂樓阿緯路線,Say,イー･テイ,60,無理だ。ほとんどの演算工場が満員寸前だから。,
d30c62acdc62c5c962b5117bd28fb80c.bundle,頂樓阿緯路線,Say,イー･テイ,61,確かに新しい工場を建ててるけど、それは数年後の話だ。,
d30c62acdc62c5c962b5117bd28fb80c.bundle,頂樓阿緯路線,Say,イー･テイ,62,この工場は、彼らに残された最後のチャンスだよ。,
d30c62acdc62c5c962b5117bd28fb80c.bundle,頂樓阿緯路線,Branch,#Simple,39,演算力供給をしたからって生き続けられるとは言えないと思いますが。,
d30c62acdc62c5c962b5117bd28fb80c.bundle,頂樓阿緯路線,Say,イー･テイ,63,言いたいことはわかるよ。でもこれは彼らに残された最後のチャンスなんだ。,
d30c62acdc62c5c962b5117bd28fb80c.bundle,頂樓阿緯路線,Say,イー･テイ,64,どんなに状況が悪化しても、彼らからこの最後のチャンスを奪ってはならない。,
d30c62acdc62c5c962b5117bd28fb80c.bundle,頂樓阿緯路線,Say,イー･テイ,65,僕たちは一方的に閉鎖するべきじゃない。ここを改善してバランスを取るべきだよ。,
d30c62acdc62c5c962b5117bd28fb80c.bundle,頂樓阿緯路線,Say,イー･テイ,66,それこそ、僕が信じていることなんだ。,
d30c62acdc62c5c962b5117bd28fb80c.bundle,頂樓阿緯路線,Branch,#Simple,40,でもそれは操作組とどんな関係が？,
d30c62acdc62c5c962b5117bd28fb80c.bundle,頂樓阿緯路線,Say,イー･テイ,67,彼らは僕らと違って工場の閉鎖に賛成している。,
d30c62acdc62c5c962b5117bd28fb80c.bundle,頂樓阿緯路線,Branch,#Simple,41,……,
d30c62acdc62c5c962b5117bd28fb80c.bundle,頂樓阿緯路線,Say,イー･テイ,68,もう少しすれば、本社でサイレントの閉鎖についての会議が行われる。,
d30c62acdc62c5c962b5117bd28fb80c.bundle,頂樓阿緯路線,Say,イー･テイ,69,マネージャー、僕、操作組のチーフがその会議に参加する。,
d30c62acdc62c5c962b5117bd28fb80c.bundle,頂樓阿緯路線,Say,イー･テイ,70,それまでに僕はなるべく工場を継続させた方が有利になる証拠を集めたいと思っている。,
d30c62acdc62c5c962b5117bd28fb80c.bundle,頂樓阿緯路線,Say,イー･テイ,71,この工場は絶対に閉鎖させない。,
d30c62acdc62c5c962b5117bd28fb80c.bundle,頂樓阿緯路線,Branch,#Simple,42,私と話しても大した証拠は得られないと思いますが。,
d30c62acdc62c5c962b5117bd28fb80c.bundle,頂樓阿緯路線,Say,イー･テイ,72,確かにそうだが、君から情報収集はできる。,
d30c62acdc62c5c962b5117bd28fb80c.bundle,頂樓阿緯路線,Say,イー･テイ,73,君の話から僕は今の操作組の状況を推測できる。,
d30c62acdc62c5c962b5117bd28fb80c.bundle,頂樓阿緯路線,Say,心の声,5,今ので操作組の状況がわかるのか……？,
d30c62acdc62c5c962b5117bd28fb80c.bundle,頂樓阿緯路線,Branch,#Simple,43,……,
d30c62acdc62c5c962b5117bd28fb80c.bundle,頂樓阿緯路線,Say,イー･テイ,74,僕は最初、操作組の工場閉鎖の賛成意見はあの気分の悪いチーフの独断だと思ってたけど……,
d30c62acdc62c5c962b5117bd28fb80c.bundle,頂樓阿緯路線,Say,イー･テイ,75,まさかシュン･ゴまでそう考えているとはね。彼の考えがわからないよ……,
d30c62acdc62c5c962b5117bd28fb80c.bundle,頂樓阿緯路線,Say,イー･テイ,76,そうだ。操作組にいた時に彼は工場閉鎖についての話をした？,
d30c62acdc62c5c962b5117bd28fb80c.bundle,頂樓阿緯路線,Branch,#Simple,44,はい。設備が古すぎるから閉鎖した方がいいと言ってました。,
d30c62acdc62c5c962b5117bd28fb80c.bundle,頂樓阿緯路線,Say,イー･テイ,77,結局はそればっかりか。,
d30c62acdc62c5c962b5117bd28fb80c.bundle,頂樓阿緯路線,Branch,#Simple,45,多分何も言ってなかったと思います。,
d30c62acdc62c5c962b5117bd28fb80c.bundle,頂樓阿緯路線,Say,イー･テイ,78,そうなの？,
d30c62acdc62c5c962b5117bd28fb80c.bundle,頂樓阿緯路線,Say,イー･テイ,79,それもそうか。来たばかりの新人を洗脳するわけないもんな。,
d30c62acdc62c5c962b5117bd28fb80c.bundle,頂樓阿緯路線,Say,心の声,6,イー･テイのやってることも一種の洗脳じゃないか？,
d30c62acdc62c5c962b5117bd28fb80c.bundle,頂樓阿緯路線,Branch,#Simple,46,あなたが今やってることも一種の洗脳では？,
d30c62acdc62c5c962b5117bd28fb80c.bundle,頂樓阿緯路線,Say,心の声,7,まずい、ストレートに言い過ぎた……,
d30c62acdc62c5c962b5117bd28fb80c.bundle,頂樓阿緯路線,Say,イー･テイ,80,……,
d30c62acdc62c5c962b5117bd28fb80c.bundle,頂樓阿緯路線,Say,イー･テイ,81,いや、違うと思う。,
d30c62acdc62c5c962b5117bd28fb80c.bundle,頂樓阿緯路線,Say,イー･テイ,82,僕はただ君が知らないことを教え、それを分析しているだけだ。,
d30c62acdc62c5c962b5117bd28fb80c.bundle,頂樓阿緯路線,Say,イー･テイ,83,僕は君の個人の判断を尊重している。,
d30c62acdc62c5c962b5117bd28fb80c.bundle,頂樓阿緯路線,Branch,#Simple,47,……,
d30c62acdc62c5c962b5117bd28fb80c.bundle,頂樓阿緯路線,Say,イー･テイ,84,でもシュン･ゴと操作組のやつらは、これは専門的な知識が必要だとかしか言わない。,
d30c62acdc62c5c962b5117bd28fb80c.bundle,頂樓阿緯路線,Say,イー･テイ,85,彼らの専門分野は素人では全く理解できないからか、いつも上から目線で僕たちに説教するんだ。,
d30c62acdc62c5c962b5117bd28fb80c.bundle,頂樓阿緯路線,Say,イー･テイ,86,僕たちがどんなに反論しても、彼らはただ「素人の意見だ」とか、「知らないなら口出すな」とかでごまかすんだ。,
d30c62acdc62c5c962b5117bd28fb80c.bundle,頂樓阿緯路線,Say,イー･テイ,87,彼らは自分たちこそ正しいと思っているから、どんな討論をしても意味がないと思っている。,
d30c62acdc62c5c962b5117bd28fb80c.bundle,頂樓阿緯路線,Say,心の声,8,……,
d30c62acdc62c5c962b5117bd28fb80c.bundle,頂樓阿緯路線,Say,イー･テイ,88,そうだ。まだ君の立場を聞いてなかったね。,
d30c62acdc62c5c962b5117bd28fb80c.bundle,頂樓阿緯路線,Say,イー･テイ,89,ここを数日観察した新人の君から見て、この工場は閉鎖させるべき？それとも存続させるべき？,
d30c62acdc62c5c962b5117bd28fb80c.bundle,頂樓阿緯路線,Say,心の声,9,あんなことを沢山聞かされた後だと答えにくいな……,
d30c62acdc62c5c962b5117bd28fb80c.bundle,頂樓阿緯路線,Branch,#Simple,48,私は工場閉鎖に賛成です。,
d30c62acdc62c5c962b5117bd28fb80c.bundle,頂樓阿緯路線,Say,心の声,10,明らかに表情が強ばった。,
d30c62acdc62c5c962b5117bd28fb80c.bundle,頂樓阿緯路線,Say,イー･テイ,90,それはどうして？,
d30c62acdc62c5c962b5117bd28fb80c.bundle,頂樓阿緯路線,Branch,#Simple,49,操作組が正しいと思います。この工場の設備は古すぎます。,
d30c62acdc62c5c962b5117bd28fb80c.bundle,頂樓阿緯路線,Say,イー･テイ,91,それは誘導されただけだ。,
d30c62acdc62c5c962b5117bd28fb80c.bundle,頂樓阿緯路線,Say,イー･テイ,92,設備が古くても修理すれば大丈夫なはずなのに、彼らは頑なに修理を拒んでいるんだ。,
d30c62acdc62c5c962b5117bd28fb80c.bundle,頂樓阿緯路線,Say,心の声,11,……なんだって？シュン･ゴの話とは違う。,
d30c62acdc62c5c962b5117bd28fb80c.bundle,頂樓阿緯路線,Branch,#Simple,50,その話に証拠はありますか？,
d30c62acdc62c5c962b5117bd28fb80c.bundle,頂樓阿緯路線,Say,イー･テイ,93,ある。,
d30c62acdc62c5c962b5117bd28fb80c.bundle,頂樓阿緯路線,Branch,#Simple,51,彼らが言うには、本社が予算を出してくれないそうです。,
d30c62acdc62c5c962b5117bd28fb80c.bundle,頂樓阿緯路線,Say,イー･テイ,94,いつものパターンね。,
d30c62acdc62c5c962b5117bd28fb80c.bundle,頂樓阿緯路線,Branch,#Simple,52,……,
d30c62acdc62c5c962b5117bd28fb80c.bundle,頂樓阿緯路線,Say,イー･テイ,95,予算が足りないと彼らはいつも言うけど、ここ数年の彼らの給料がどれほど増えたかについては触れないだろう？,
d30c62acdc62c5c962b5117bd28fb80c.bundle,頂樓阿緯路線,Say,イー･テイ,96,本社はケチだけど、サイレントへの予算を減らしたりはしない。操作組への予算も十分にあるはずだ。,
d30c62acdc62c5c962b5117bd28fb80c.bundle,頂樓阿緯路線,Say,イー･テイ,97,つまり彼らは毎年同じ金額の予算をもらっているのに、彼らの給料だけが年々増えているんだ。ここまで言えば君にもわかるだろう？,
d30c62acdc62c5c962b5117bd28fb80c.bundle,頂樓阿緯路線,Say,心の声,12,彼らは修理に使うはずの予算を給料として手にしていたのか……,
d30c62acdc62c5c962b5117bd28fb80c.bundle,頂樓阿緯路線,Branch,#Simple,53,理解はできますが、それは本当の話ですか？,
d30c62acdc62c5c962b5117bd28fb80c.bundle,頂樓阿緯路線,Say,イー･テイ,98,予算表は誰でも閲覧できる資料ではないけど、僕のポジションなら全部見ることができる。,
d30c62acdc62c5c962b5117bd28fb80c.bundle,頂樓阿緯路線,Say,イー･テイ,99,それにこの件は隠された問題ではなく、何年も前から存在している問題なんだ。マネージャーとジーンも知っている。,
d30c62acdc62c5c962b5117bd28fb80c.bundle,頂樓阿緯路線,Branch,#Simple,54,それなら、彼らの言い分は理に適わないことになります。,
d30c62acdc62c5c962b5117bd28fb80c.bundle,頂樓阿緯路線,Say,イー･テイ,100,もちろんだ。彼らは話術で他人を誘導しているだけ。,
d30c62acdc62c5c962b5117bd28fb80c.bundle,頂樓阿緯路線,Say,イー･テイ,101,この件について知識のない人、または重要な情報を知らない人だと簡単に彼らに騙されるんだ。,
d30c62acdc62c5c962b5117bd28fb80c.bundle,頂樓阿緯路線,Say,イー･テイ,102,嫌な考えだけど……,
d30c62acdc62c5c962b5117bd28fb80c.bundle,頂樓阿緯路線,Say,イー･テイ,103,シュン･ゴは操作組で蜜の味を知ったため、彼らの行為を合理化し始めたんだと思う。,
d30c62acdc62c5c962b5117bd28fb80c.bundle,頂樓阿緯路線,Say,イー･テイ,104,最初は操作組のチーフ一人の問題だと思ってたが……もしかしたら操作組の全員がこれに加担しているかもしれない。,
d30c62acdc62c5c962b5117bd28fb80c.bundle,頂樓阿緯路線,Say,イー･テイ,105,操作組の高い給料を手にすれば、以前の考えなんて簡単に捨て去り、操作組の問題を否定し始めるんだ。,
d30c62acdc62c5c962b5117bd28fb80c.bundle,頂樓阿緯路線,Say,心の声,13,だとしたら、何故彼らは工場を閉鎖させたいんだ……？,
d30c62acdc62c5c962b5117bd28fb80c.bundle,頂樓阿緯路線,Branch,#Simple,55,それならどうして彼らは工場を閉鎖させようとしてるんですか？,
d30c62acdc62c5c962b5117bd28fb80c.bundle,頂樓阿緯路線,Say,心の声,14,ため息を吐いている。,
d30c62acdc62c5c962b5117bd28fb80c.bundle,頂樓阿緯路線,Branch,#Simple,56,それは、信じがたいことですね。,
d30c62acdc62c5c962b5117bd28fb80c.bundle,頂樓阿緯路線,Say,イー･テイ,106,でもそれが真相だと思う。,
d30c62acdc62c5c962b5117bd28fb80c.bundle,頂樓阿緯路線,Branch,#Simple,57,……,
d30c62acdc62c5c962b5117bd28fb80c.bundle,頂樓阿緯路線,Say,イー･テイ,107,最近になって、問題が隠せなくなったからだ。,
d30c62acdc62c5c962b5117bd28fb80c.bundle,頂樓阿緯路線,Say,イー･テイ,108,修理予算に手を付けてるせいで、最近はセラーで問題が頻繁に起きている。,
d30c62acdc62c5c962b5117bd28fb80c.bundle,頂樓阿緯路線,Say,イー･テイ,109,設備問題のせいで、供給者の事故、死亡数が日に日に増えているんだ。,
d30c62acdc62c5c962b5117bd28fb80c.bundle,頂樓阿緯路線,Say,イー･テイ,110,その身で体験した君なら誰よりもわかるはずだ。,
d30c62acdc62c5c962b5117bd28fb80c.bundle,頂樓阿緯路線,Branch,#Simple,58,待ってください。つまり彼らは証拠隠滅するつもりですか？,
d30c62acdc62c5c962b5117bd28fb80c.bundle,頂樓阿緯路線,Say,イー･テイ,111,証拠を隠滅する必要すらないよ。,
d30c62acdc62c5c962b5117bd28fb80c.bundle,頂樓阿緯路線,Say,イー･テイ,112,この件で一番デタラメな点は、彼らの行為は会社の規定違反でも違法行為でもないことだ。事故だと言ってしまえば、誰も法律責任を負う必要がないからね。,
d30c62acdc62c5c962b5117bd28fb80c.bundle,頂樓阿緯路線,Branch,#Simple,59,なら彼らが工場閉鎖に賛成するメリットは何ですか？,
d30c62acdc62c5c962b5117bd28fb80c.bundle,頂樓阿緯路線,Branch,#Simple,60,……,
d30c62acdc62c5c962b5117bd28fb80c.bundle,頂樓阿緯路線,Say,イー･テイ,113,例え工場が閉鎖されたとしても、彼らは万象が大金をはたいて育てた技術スタッフに変わりない。おおよそ他の工場に異動されるだけだろう。,
d30c62acdc62c5c962b5117bd28fb80c.bundle,頂樓阿緯路線,Say,イー･テイ,114,彼らには失業の心配がない。むしろ底上げした高額給料を元に、新たな職場で賃上げの交渉ができる。,
d30c62acdc62c5c962b5117bd28fb80c.bundle,頂樓阿緯路線,Say,イー･テイ,115,そして新しい工場で同じことを繰り返すんだ！,
d30c62acdc62c5c962b5117bd28fb80c.bundle,頂樓阿緯路線,Say,心の声,15,感情がかなり高ぶっているようだ……,
d30c62acdc62c5c962b5117bd28fb80c.bundle,頂樓阿緯路線,Branch,#Simple,61,少し感情的になってませんか？,
d30c62acdc62c5c962b5117bd28fb80c.bundle,頂樓阿緯路線,Say,イー･テイ,116,僕はただ……！,
d30c62acdc62c5c962b5117bd28fb80c.bundle,頂樓阿緯路線,Say,イー･テイ,117,僕は……,
d30c62acdc62c5c962b5117bd28fb80c.bundle,頂樓阿緯路線,Say,イー･テイ,118,すまない。これは君に向けるべき感情ではなかった……,
d30c62acdc62c5c962b5117bd28fb80c.bundle,頂樓阿緯路線,Branch,#Simple,62,いいえ、理解はできます。,
d30c62acdc62c5c962b5117bd28fb80c.bundle,頂樓阿緯路線,Say,イー･テイ,119,ありがとう……,
d30c62acdc62c5c962b5117bd28fb80c.bundle,頂樓阿緯路線,Branch,#Simple,63,感情を制御できないと、いずれそれが問題の発端になりますよ。,
d30c62acdc62c5c962b5117bd28fb80c.bundle,頂樓阿緯路線,Say,イー･テイ,120,そうだね。僕はこの件になると、ついカッとなってしまうんだ……,
d30c62acdc62c5c962b5117bd28fb80c.bundle,頂樓阿緯路線,Branch,#Simple,64,……,
d30c62acdc62c5c962b5117bd28fb80c.bundle,頂樓阿緯路線,Branch,#Simple,65,……,
d30c62acdc62c5c962b5117bd28fb80c.bundle,頂樓阿緯路線,Say,イー･テイ,121,……,
d30c62acdc62c5c962b5117bd28fb80c.bundle,頂樓阿緯路線,Say,イー･テイ,122,僕が一番心配しているのはね、こういった問題はサイレントだけでなく……,
d30c62acdc62c5c962b5117bd28fb80c.bundle,頂樓阿緯路線,Say,イー･テイ,123,各演算工場に存在するんじゃないかってことなんだ。,
d30c62acdc62c5c962b5117bd28fb80c.bundle,頂樓阿緯路線,Say,イー･テイ,124,ジェイ、君はどう思う？,
d30c62acdc62c5c962b5117bd28fb80c.bundle,頂樓阿緯路線,Say,心の声,16,それは……,
d30c62acdc62c5c962b5117bd28fb80c.bundle,頂樓阿緯路線,Say,心の声,17,このことが事実なら確かに問題だが、彼が出世するためのただの言い分かも知れない……,
d30c62acdc62c5c962b5117bd28fb80c.bundle,頂樓阿緯路線,Say,心の声,18,でもそれなら、俺みたいな新人に話しても意味はないはずだ……,
d30c62acdc62c5c962b5117bd28fb80c.bundle,頂樓阿緯路線,Say,心の声,19,彼は良い人だと思う。それに本当にこの件に対して怒っているように思える……,
d30c62acdc62c5c962b5117bd28fb80c.bundle,頂樓阿緯路線,Say,心の声,20,俺は一体、どう返せばいいんだ？,
d30c62acdc62c5c962b5117bd28fb80c.bundle,頂樓阿緯路線,Branch,#Simple,66,今はまだわかりません。,
d30c62acdc62c5c962b5117bd28fb80c.bundle,頂樓阿緯路線,Say,イー･テイ,125,そうだね。情報が多すぎるよね。,
d30c62acdc62c5c962b5117bd28fb80c.bundle,頂樓阿緯路線,Say,イー･テイ,126,急にこんなことを聞かされたら、戸惑うのも当たり前だ。,
d30c62acdc62c5c962b5117bd28fb80c.bundle,頂樓阿緯路線,Say,心の声,21,……,
d30c62acdc62c5c962b5117bd28fb80c.bundle,頂樓阿緯路線,Say,イー･テイ,127,もし君が選別組だけに採用された場合は、今のことをよく理解してほしい。,
d30c62acdc62c5c962b5117bd28fb80c.bundle,頂樓阿緯路線,Say,イー･テイ,128,もし君が両方に採用された場合は、ぜひ選別組に来て僕たちを手伝ってほしい。,
d30c62acdc62c5c962b5117bd28fb80c.bundle,頂樓阿緯路線,Say,イー･テイ,129,この工場はこれから大きな変化を迎える。僕たちは人手を必要としているんだ。,
d30c62acdc62c5c962b5117bd28fb80c.bundle,頂樓阿緯路線,Say,イー･テイ,130,信用できる人を迎えたい。,
d30c62acdc62c5c962b5117bd28fb80c.bundle,頂樓阿緯路線,Branch,#Simple,67,私が加わったところで、何かできることはあるんですか？,
d30c62acdc62c5c962b5117bd28fb80c.bundle,頂樓阿緯路線,Say,イー･テイ,131,正直言うと、僕もわからない。,
d30c62acdc62c5c962b5117bd28fb80c.bundle,頂樓阿緯路線,Say,イー･テイ,132,でも君のことはちゃんと見ていたよ。特に契約をした時の君は……,
d30c62acdc62c5c962b5117bd28fb80c.bundle,頂樓阿緯路線,Say,イー･テイ,133,君は人助けに熱心な人ではなかった。,
d30c62acdc62c5c962b5117bd28fb80c.bundle,頂樓阿緯路線,Say,イー･テイ,134,或いは、他の人より自分自身のことを重要に思ってる。,
d30c62acdc62c5c962b5117bd28fb80c.bundle,頂樓阿緯路線,Say,心の声,22,率直な言い方だが事実だ。,
d30c62acdc62c5c962b5117bd28fb80c.bundle,頂樓阿緯路線,Say,イー･テイ,135,別に批判したいわけじゃない。僕はただ君は現実的な人だと言いたかっただけだ。,
d30c62acdc62c5c962b5117bd28fb80c.bundle,頂樓阿緯路線,Say,イー･テイ,136,僕はよく他人を助けたいと言っているが、口先だけでは何も変わらないと思っている。,
d30c62acdc62c5c962b5117bd28fb80c.bundle,頂樓阿緯路線,Say,イー･テイ,137,僕たちは現実的に問題を解決出来る人材を必要としている。君にはその力があると信じている。,
d30c62acdc62c5c962b5117bd28fb80c.bundle,頂樓阿緯路線,Say,イー･テイ,138,君は他人に関心を持ち、自分を犠牲にしてまで他人を助けようとする。,
d30c62acdc62c5c962b5117bd28fb80c.bundle,頂樓阿緯路線,Say,イー･テイ,139,その証拠に、君は昨日ハン･リュウに破格な条件を提示していた。,
d30c62acdc62c5c962b5117bd28fb80c.bundle,頂樓阿緯路線,Say,イー･テイ,140,さらにカリン･チョウとの面接で適切な対処をし、彼女の本心まで聞き出した。,
d30c62acdc62c5c962b5117bd28fb80c.bundle,頂樓阿緯路線,Say,イー･テイ,141,君に何ができるのかはわからないけど、困った時に周りに善人がいるというのはとても有り難いことだと思う。,
d30c62acdc62c5c962b5117bd28fb80c.bundle,頂樓阿緯路線,Say,イー･テイ,142,僕は心からそう思ってるんだ。,
d30c62acdc62c5c962b5117bd28fb80c.bundle,頂樓阿緯路線,Branch,#Simple,68,ありがとうございます。,
d30c62acdc62c5c962b5117bd28fb80c.bundle,頂樓阿緯路線,Say,イー･テイ,143,いいや。礼を言うのはこっちだよ。,
d30c62acdc62c5c962b5117bd28fb80c.bundle,頂樓阿緯路線,Branch,#Simple,69,……,
d30c62acdc62c5c962b5117bd28fb80c.bundle,頂樓阿緯路線,Say,イー･テイ,144,君の評価がまだハッキリしていないのは事実だ。,
d30c62acdc62c5c962b5117bd28fb80c.bundle,頂樓阿緯路線,Say,イー･テイ,145,君は他の人と同じく、自分のできる範囲で自分が正しいと思う行動をしている。,
d30c62acdc62c5c962b5117bd28fb80c.bundle,頂樓阿緯路線,Say,イー･テイ,146,それはいいことだと思うが、逆に言うと君の価値観は僕と真逆だということだ。,
d30c62acdc62c5c962b5117bd28fb80c.bundle,頂樓阿緯路線,Say,イー･テイ,147,君はもしかしたら極端な問題に直面した時、困って判断ができなくなるかもしれない。僕はそんな君を見たくない。,
d30c62acdc62c5c962b5117bd28fb80c.bundle,頂樓阿緯路線,Say,イー･テイ,148,もし本当に君が手伝ってくれるなら、僕はなるべく君がそういった状況に遭わないように努力するよ。,
d30c62acdc62c5c962b5117bd28fb80c.bundle,頂樓阿緯路線,Branch,#Simple,70,ありがとうございます。,
d30c62acdc62c5c962b5117bd28fb80c.bundle,頂樓阿緯路線,Say,イー･テイ,149,ん？どうして礼を？,
d30c62acdc62c5c962b5117bd28fb80c.bundle,頂樓阿緯路線,Branch,#Simple,71,信じてくれたから。,
d30c62acdc62c5c962b5117bd28fb80c.bundle,頂樓阿緯路線,Branch,#Simple,72,それを教えてくれたから。,
d30c62acdc62c5c962b5117bd28fb80c.bundle,頂樓阿緯路線,Say,イー･テイ,150,僕はこれを当たり前のことだと思っている。,
d30c62acdc62c5c962b5117bd28fb80c.bundle,頂樓阿緯路線,Say,イー･テイ,151,君のことはまだ詳しくないが……,
d30c62acdc62c5c962b5117bd28fb80c.bundle,頂樓阿緯路線,Branch,#Simple,73,……,
d30c62acdc62c5c962b5117bd28fb80c.bundle,頂樓阿緯路線,Say,イー･テイ,152,とにかく、これから君との関係がどうなろうと、僕は自分に賛同してくれる人を増やしたい。,
d30c62acdc62c5c962b5117bd28fb80c.bundle,頂樓阿緯路線,Say,心の声,23,……,
d30c62acdc62c5c962b5117bd28fb80c.bundle,頂樓阿緯路線,Say,心の声,24,急にシリアスな話を聞かされたな……,
d30c62acdc62c5c962b5117bd28fb80c.bundle,頂樓阿緯路線,Branch,#Simple,74,彼らのやり方は卑劣過ぎます。,
d30c62acdc62c5c962b5117bd28fb80c.bundle,頂樓阿緯路線,Say,イー･テイ,153,わかってくれてよかった！,
d30c62acdc62c5c962b5117bd28fb80c.bundle,頂樓阿緯路線,Say,心の声,25,こんな立場を選ぶようなこと嫌だ……,
d30c62acdc62c5c962b5117bd28fb80c.bundle,頂樓阿緯路線,Say,イー･テイ,154,ジェイ。僕が君にこういった話したのには理由があるんだ。,
d30c62acdc62c5c962b5117bd28fb80c.bundle,頂樓阿緯路線,Branch,#Simple,75,私は静かに仕事をしたいだけで、この件に関与したくありません。,
d30c62acdc62c5c962b5117bd28fb80c.bundle,頂樓阿緯路線,Say,心の声,26,いい答えだ……,
d30c62acdc62c5c962b5117bd28fb80c.bundle,頂樓阿緯路線,Say,心の声,27,どっちにも賛同しなければ、危険に巻き込まれずに済むはずだ。,
d30c62acdc62c5c962b5117bd28fb80c.bundle,頂樓阿緯路線,Say,イー･テイ,155,そうか……,
d30c62acdc62c5c962b5117bd28fb80c.bundle,頂樓阿緯路線,Branch,#Simple,76,私が知っている限り、彼らはそれほど酷い人たちではありません。,
d30c62acdc62c5c962b5117bd28fb80c.bundle,頂樓阿緯路線,Say,イー･テイ,156,君の知っている限り？,
d30c62acdc62c5c962b5117bd28fb80c.bundle,頂樓阿緯路線,Say,イー･テイ,157,君が彼らの何を知っているというんだ？今日だけで彼らを理解したつもり？,
d30c62acdc62c5c962b5117bd28fb80c.bundle,頂樓阿緯路線,Say,心の声,28,酷い言われようだ……,
d30c62acdc62c5c962b5117bd28fb80c.bundle,頂樓阿緯路線,Branch,#Simple,77,時間の問題ではないと思います。私はちゃんと彼らと接し観察しました。,
d30c62acdc62c5c962b5117bd28fb80c.bundle,頂樓阿緯路線,Say,イー･テイ,158,彼らを信用するに足りえるほどの出来事でも起こったの？,
d30c62acdc62c5c962b5117bd28fb80c.bundle,頂樓阿緯路線,Branch,#Simple,78,彼らはマイナーを助けるためにチーフを殴りました！,
d30c62acdc62c5c962b5117bd28fb80c.bundle,頂樓阿緯路線,Say,イー･テイ,159,マイナー？君までマイナーという呼び方を使うようになったの？,
d30c62acdc62c5c962b5117bd28fb80c.bundle,頂樓阿緯路線,Say,イー･テイ,160,本当に彼らに洗脳されたんだね！,
d30c62acdc62c5c962b5117bd28fb80c.bundle,頂樓阿緯路線,Branch,#Simple,79,チーフを殴った彼らの行動には気にも留めず、あなたは呼び方だけを気にするんですね？,
d30c62acdc62c5c962b5117bd28fb80c.bundle,頂樓阿緯路線,Say,イー･テイ,161,違うんだ、ジェイ。君はわかってない……,
d30c62acdc62c5c962b5117bd28fb80c.bundle,頂樓阿緯路線,Branch,#Simple,80,洗脳されたから何ですか？それの何が問題ですか？,
d30c62acdc62c5c962b5117bd28fb80c.bundle,頂樓阿緯路線,Say,イー･テイ,162,君はわかってない……,
d30c62acdc62c5c962b5117bd28fb80c.bundle,頂樓阿緯路線,Branch,#Simple,81,……,
d30c62acdc62c5c962b5117bd28fb80c.bundle,頂樓阿緯路線,Say,イー･テイ,163,彼らが呼び方を気にしないのは、供給者たちを考えてないからだ！,
d30c62acdc62c5c962b5117bd28fb80c.bundle,頂樓阿緯路線,Branch,#Simple,82,正直に言うと、あなたたちより彼らの方が供給者を気にかけていると思いますよ！,
d30c62acdc62c5c962b5117bd28fb80c.bundle,頂樓阿緯路線,Branch,#Simple,83,自分の発言がどれほど滑稽なことかわからないんですか？,
d30c62acdc62c5c962b5117bd28fb80c.bundle,頂樓阿緯路線,Say,イー･テイ,164,なんだって？,
d30c62acdc62c5c962b5117bd28fb80c.bundle,頂樓阿緯路線,Say,心の声,29,なんで俺はこんなこと言ったんだ……,
d30c62acdc62c5c962b5117bd28fb80c.bundle,頂樓阿緯路線,Branch,#Simple,84,……,
d30c62acdc62c5c962b5117bd28fb80c.bundle,頂樓阿緯路線,Say,イー･テイ,165,供給者の生活をどうでもいいと思っているやつらが、本当に供給者を気にかけていると思うのか？,
d30c62acdc62c5c962b5117bd28fb80c.bundle,頂樓阿緯路線,Branch,#Simple,85,あなたたちが呼び方に拘ってる間に、彼らは着々と人助けをしています。,
d30c62acdc62c5c962b5117bd28fb80c.bundle,頂樓阿緯路線,Say,イー･テイ,166,供給者を危険に晒しているのは彼らなのに？,
d30c62acdc62c5c962b5117bd28fb80c.bundle,頂樓阿緯路線,Say,イー･テイ,167,彼らのせいで供給者は……,
d30c62acdc62c5c962b5117bd28fb80c.bundle,頂樓阿緯路線,Say,イー･テイ,168,こんなのおかしいだろ……！,
d30c62acdc62c5c962b5117bd28fb80c.bundle,頂樓阿緯路線,Say,イー･テイ,169,……,
d30c62acdc62c5c962b5117bd28fb80c.bundle,頂樓阿緯路線,Say,心の声,30,コーヒーカップを握りつぶしそうだ。,
d30c62acdc62c5c962b5117bd28fb80c.bundle,頂樓阿緯路線,Say,イー･テイ,170,どうやら、僕じゃ君の考えを変えられないようだ。君は彼らには何の問題もないと信じているんだろう？,
d30c62acdc62c5c962b5117bd28fb80c.bundle,頂樓阿緯路線,Branch,#Simple,86,完全に問題がないとは言いませんが、あなたが思っているほど酷い状況ではありません。,
d30c62acdc62c5c962b5117bd28fb80c.bundle,頂樓阿緯路線,Branch,#Simple,87,はい。そしてあなたは酷い偏見を持っているように思えます。,
d30c62acdc62c5c962b5117bd28fb80c.bundle,頂樓阿緯路線,Say,イー･テイ,171,……,
d30c62acdc62c5c962b5117bd28fb80c.bundle,頂樓阿緯路線,Say,イー･テイ,172,わかった。,
d30c62acdc62c5c962b5117bd28fb80c.bundle,頂樓阿緯路線,Branch,#Simple,88,確かにそうですね。,
d30c62acdc62c5c962b5117bd28fb80c.bundle,頂樓阿緯路線,Say,イー･テイ,173,よかった。やっとわかってくれたね。,
d30c62acdc62c5c962b5117bd28fb80c.bundle,頂樓阿緯路線,Branch,#Simple,89,一度シュン･ゴとちゃんと話した方がいいと思います。,
d30c62acdc62c5c962b5117bd28fb80c.bundle,頂樓阿緯路線,Branch,#Simple,90,彼らはとても真面目に仕事をしています。,
d30c62acdc62c5c962b5117bd28fb80c.bundle,頂樓阿緯路線,Say,イー･テイ,174,君の前では真面目なフリをしているだけかもしれないよ！,
d30c62acdc62c5c962b5117bd28fb80c.bundle,頂樓阿緯路線,Branch,#Simple,91,こんな新人相手にそんなことをする必要があるんですか？,
d30c62acdc62c5c962b5117bd28fb80c.bundle,頂樓阿緯路線,Branch,#Simple,92,彼らは芝居をしていたってことですか？,
d30c62acdc62c5c962b5117bd28fb80c.bundle,頂樓阿緯路線,Say,イー･テイ,175,芝居ってほどではないけど、彼らは自分が有利になるように振る舞うだろう。,
d30c62acdc62c5c962b5117bd28fb80c.bundle,頂樓阿緯路線,Say,イー･テイ,176,工場を閉鎖するしかない状況だと、君に思わせているんだ。,
d30c62acdc62c5c962b5117bd28fb80c.bundle,頂樓阿緯路線,Branch,#Simple,93,……,
d30c62acdc62c5c962b5117bd28fb80c.bundle,頂樓阿緯路線,Say,イー･テイ,177,彼らにとって供給者は情けを不要の「仕事道具」でしかないんだ。,
d30c62acdc62c5c962b5117bd28fb80c.bundle,頂樓阿緯路線,Say,イー･テイ,178,今日の彼らを見てもわからないのか？,
d30c62acdc62c5c962b5117bd28fb80c.bundle,頂樓阿緯路線,Branch,#Simple,94,それは間違いです。彼らはマイナーのことを大事に思っています。,
d30c62acdc62c5c962b5117bd28fb80c.bundle,頂樓阿緯路線,Branch,#Simple,95,その発言の根拠はなんですか？,
d30c62acdc62c5c962b5117bd28fb80c.bundle,頂樓阿緯路線,Say,イー･テイ,179,根拠は以前行った彼らとの話し合いだ！,
d30c62acdc62c5c962b5117bd28fb80c.bundle,頂樓阿緯路線,Branch,#Simple,96,以前とはどれほど前のことですか？,
d30c62acdc62c5c962b5117bd28fb80c.bundle,頂樓阿緯路線,Say,心の声,31,言い返す言葉を失ったようだ。,
d30c62acdc62c5c962b5117bd28fb80c.bundle,頂樓阿緯路線,Say,イー･テイ,180,確かに君の言う通り……今の僕はほとんど操作組と話していない。,
d30c62acdc62c5c962b5117bd28fb80c.bundle,頂樓阿緯路線,Say,イー･テイ,181,この根拠だけじゃ、君を説得させるには不十分だったね……,
d30c62acdc62c5c962b5117bd28fb80c.bundle,頂樓阿緯路線,Branch,#Simple,97,それなら、私に見せた一面が芝居だとどうしてわかるんですか？,
d30c62acdc62c5c962b5117bd28fb80c.bundle,頂樓阿緯路線,Say,イー･テイ,182,そういう意味じゃなくて！僕はただ……,
d30c62acdc62c5c962b5117bd28fb80c.bundle,頂樓阿緯路線,Say,イー･テイ,183,……,
d30c62acdc62c5c962b5117bd28fb80c.bundle,頂樓阿緯路線,Say,イー･テイ,184,君はどうしてそこまで彼らのことを庇うんだ？,
d30c62acdc62c5c962b5117bd28fb80c.bundle,頂樓阿緯路線,Branch,#Simple,98,庇っているわけではなく、あなたが人の話を聞かないだけです。,
d30c62acdc62c5c962b5117bd28fb80c.bundle,頂樓阿緯路線,Say,イー･テイ,185,僕はこの件に多くの時間と労力をかけてしっかりと調べた。しかし、証拠の全てが彼らを指しているんだ。,
d30c62acdc62c5c962b5117bd28fb80c.bundle,頂樓阿緯路線,Say,イー･テイ,186,ここまで調べてもなお、僕の判断が独断によるものだと言うなら、一体どうしろっていうんだ？,
d30c62acdc62c5c962b5117bd28fb80c.bundle,頂樓阿緯路線,Branch,#Simple,99,せめて、もう一度シュン･ゴと話してください。,
d30c62acdc62c5c962b5117bd28fb80c.bundle,頂樓阿緯路線,Say,イー･テイ,187,今の彼の態度を見ただろう？,
d30c62acdc62c5c962b5117bd28fb80c.bundle,頂樓阿緯路線,Say,イー･テイ,188,あんなのとどうやって……,
d30c62acdc62c5c962b5117bd28fb80c.bundle,頂樓阿緯路線,Branch,#Simple,100,彼はあなたを誤解しているかもしれません。,
d30c62acdc62c5c962b5117bd28fb80c.bundle,頂樓阿緯路線,Say,イー･テイ,189,誤解？彼は僕のことを知ろうともしないよ。,
d30c62acdc62c5c962b5117bd28fb80c.bundle,頂樓阿緯路線,Branch,#Simple,101,それとこれとは別の話だと思います。,
d30c62acdc62c5c962b5117bd28fb80c.bundle,頂樓阿緯路線,Say,イー･テイ,190,そうは思わないね。,
d30c62acdc62c5c962b5117bd28fb80c.bundle,頂樓阿緯路線,Say,イー･テイ,191,……,
d30c62acdc62c5c962b5117bd28fb80c.bundle,頂樓阿緯路線,Say,イー･テイ,192,僕はちゃんと彼と話したいんだ。本当に。,
d30c62acdc62c5c962b5117bd28fb80c.bundle,頂樓阿緯路線,Say,イー･テイ,193,でも正式な会議やプライベートの討論でも、最後は必ず喧嘩で終わるんだ。,
d30c62acdc62c5c962b5117bd28fb80c.bundle,頂樓阿緯路線,Say,イー･テイ,194,彼と最後に楽しく話したのはいつだったろうね……,
d30c62acdc62c5c962b5117bd28fb80c.bundle,頂樓阿緯路線,Say,心の声,32,シュン･ゴを嫌ってるわけじゃなく、ただ彼の考えを受け入れられないだけか……,
d30c62acdc62c5c962b5117bd28fb80c.bundle,頂樓阿緯路線,Branch,#Simple,102,それでも、諦めてはだめだと思います。,
d30c62acdc62c5c962b5117bd28fb80c.bundle,頂樓阿緯路線,Say,イー･テイ,195,わかってるよ……,
d30c62acdc62c5c962b5117bd28fb80c.bundle,頂樓阿緯路線,Say,心の声,33,絞り出したような言葉だ……,
d30c62acdc62c5c962b5117bd28fb80c.bundle,頂樓阿緯路線,Branch,#Simple,103,なら、今の話は忘れてください。,
d30c62acdc62c5c962b5117bd28fb80c.bundle,頂樓阿緯路線,Say,イー･テイ,196,いや、君の言う通りだ。,
d30c62acdc62c5c962b5117bd28fb80c.bundle,頂樓阿緯路線,Branch,#Simple,104,……,
d30c62acdc62c5c962b5117bd28fb80c.bundle,頂樓阿緯路線,Say,イー･テイ,197,僕ももう一度彼とちゃんと話すべきだと思っている。,
d30c62acdc62c5c962b5117bd28fb80c.bundle,頂樓阿緯路線,Say,イー･テイ,198,でも今は、どうしようもないんだ……,
d30c62acdc62c5c962b5117bd28fb80c.bundle,頂樓阿緯路線,Branch,#Simple,105,あなたならできると思います。,
d30c62acdc62c5c962b5117bd28fb80c.bundle,頂樓阿緯路線,Say,イー･テイ,199,簡単に言ってくれるね。僕はもうできる限りのことをしてるつもりなんだけどな。,
d30c62acdc62c5c962b5117bd28fb80c.bundle,頂樓阿緯路線,Say,心の声,34,途方に暮れているようだ……,
d30c62acdc62c5c962b5117bd28fb80c.bundle,頂樓阿緯路線,Say,イー･テイ,200,僕は一体どうすればいいんだ。,
d30c62acdc62c5c962b5117bd28fb80c.bundle,頂樓阿緯路線,Branch,#Simple,106,あなたはベストを尽くしてると思います。,
d30c62acdc62c5c962b5117bd28fb80c.bundle,頂樓阿緯路線,Say,イー･テイ,201,ありがとう。,
d30c62acdc62c5c962b5117bd28fb80c.bundle,頂樓阿緯路線,Say,イー･テイ,202,僕は……,
d30c62acdc62c5c962b5117bd28fb80c.bundle,頂樓阿緯路線,Say,イー･テイ,203,ごめん、感情的になってた。,
d30c62acdc62c5c962b5117bd28fb80c.bundle,頂樓阿緯路線,Branch,#Simple,107,もう一度シュン･ゴと話してみては？,
d30c62acdc62c5c962b5117bd28fb80c.bundle,頂樓阿緯路線,Branch,#Simple,108,私が思うにあなたは彼らにレッテルを貼ろうとしているように感じます。,
d30c62acdc62c5c962b5117bd28fb80c.bundle,頂樓阿緯路線,Say,イー･テイ,204,……,
d30c62acdc62c5c962b5117bd28fb80c.bundle,頂樓阿緯路線,Say,イー･テイ,205,僕が彼らを恨んでるように見えるだろうね。,
d30c62acdc62c5c962b5117bd28fb80c.bundle,頂樓阿緯路線,Say,イー･テイ,206,でも違うんだ。僕はただ問題を解決したいだけなんだ。彼らが起こした問題を。,
d30c62acdc62c5c962b5117bd28fb80c.bundle,頂樓阿緯路線,Branch,#Simple,109,つまり彼らを工場から追い出したいと？,
d30c62acdc62c5c962b5117bd28fb80c.bundle,頂樓阿緯路線,Say,イー･テイ,207,違う！それは違うよ！,
d30c62acdc62c5c962b5117bd28fb80c.bundle,頂樓阿緯路線,Say,イー･テイ,208,彼らは工場にとってとても重要なんだ。どうして君はそう思ったの？,
d30c62acdc62c5c962b5117bd28fb80c.bundle,頂樓阿緯路線,Branch,#Simple,110,あなたが彼らに消えてほしいように感じたので。,
d30c62acdc62c5c962b5117bd28fb80c.bundle,頂樓阿緯路線,Say,イー･テイ,209,僕は人をどうにかしたいわけではなく、問題を解決したいだけなんだ。,
d30c62acdc62c5c962b5117bd28fb80c.bundle,頂樓阿緯路線,Say,心の声,35,だが問題が人そのものの時もある。,
d30c62acdc62c5c962b5117bd28fb80c.bundle,頂樓阿緯路線,Branch,#Simple,111,聞かなかったことにしてください。私の誤解でした。,
d30c62acdc62c5c962b5117bd28fb80c.bundle,頂樓阿緯路線,Say,イー･テイ,210,はぁ…いや、君のせいじゃないよ。僕が恨んでるように見えるのもしょうがない。,
d30c62acdc62c5c962b5117bd28fb80c.bundle,頂樓阿緯路線,Branch,#Simple,112,……,
d30c62acdc62c5c962b5117bd28fb80c.bundle,頂樓阿緯路線,Branch,#Simple,113,……,
d30c62acdc62c5c962b5117bd28fb80c.bundle,頂樓阿緯路線,Say,イー･テイ,211,……,
d30c62acdc62c5c962b5117bd28fb80c.bundle,頂樓阿緯路線,Say,イー･テイ,212,……,
d30c62acdc62c5c962b5117bd28fb80c.bundle,頂樓阿緯路線,Say,イー･テイ,213,なんだか失敗しちゃったみたいだ……,
d30c62acdc62c5c962b5117bd28fb80c.bundle,頂樓阿緯路線,Say,イー･テイ,214,とりあえず、この件をどう見るかは君自身で判断してほしい。,
d30c62acdc62c5c962b5117bd28fb80c.bundle,頂樓阿緯路線,Say,イー･テイ,215,僕は、自分が知っている情報を伝えることしかできないから。,
d30c62acdc62c5c962b5117bd28fb80c.bundle,頂樓阿緯路線,Say,心の声,36,落ち込んでいるようだ……,
d30c62acdc62c5c962b5117bd28fb80c.bundle,頂樓阿緯路線,Say,イー･テイ,216,ごめん。僕の考えをわかってほしいって気持ちを押し付けすぎた。,
d30c62acdc62c5c962b5117bd28fb80c.bundle,頂樓阿緯路線,Branch,#Simple,114,いいえ、大丈夫です。,
d30c62acdc62c5c962b5117bd28fb80c.bundle,頂樓阿緯路線,Say,イー･テイ,217,ありがとう……,
d30c62acdc62c5c962b5117bd28fb80c.bundle,頂樓阿緯路線,Branch,#Simple,115,それだと余計に私が受け入れにくくなるだけですよ。,
d30c62acdc62c5c962b5117bd28fb80c.bundle,頂樓阿緯路線,Say,イー･テイ,218,そうだね。だから失敗したって言ったんだ。,
d30c62acdc62c5c962b5117bd28fb80c.bundle,頂樓阿緯路線,Say,イー･テイ,219,ごめん。,
d30c62acdc62c5c962b5117bd28fb80c.bundle,頂樓阿緯路線,Branch,#Simple,116,……,
d30c62acdc62c5c962b5117bd28fb80c.bundle,頂樓阿緯路線,Say,イー･テイ,220,もしできるなら……,
d30c62acdc62c5c962b5117bd28fb80c.bundle,頂樓阿緯路線,Branch,#Simple,117,では逆に、昨日知り合ったばかりのあなたをどう信用しろと言うんですか？,
d30c62acdc62c5c962b5117bd28fb80c.bundle,頂樓阿緯路線,Say,心の声,37,うつむいてしまった。言い過ぎたようだ……,
d30c62acdc62c5c962b5117bd28fb80c.bundle,頂樓阿緯路線,Say,イー･テイ,221,……,
d30c62acdc62c5c962b5117bd28fb80c.bundle,頂樓阿緯路線,Say,イー･テイ,222,僕は僕個人ではなく、事実を信じてもらいたいだけだ。それは間違ってないだろう？,
d30c62acdc62c5c962b5117bd28fb80c.bundle,頂樓阿緯路線,Branch,#Simple,118,しかしその事実はあなたが一方的に語ったものです。,
d30c62acdc62c5c962b5117bd28fb80c.bundle,頂樓阿緯路線,Branch,#Simple,119,判断材料としては情報が足りないと思います。,
d30c62acdc62c5c962b5117bd28fb80c.bundle,頂樓阿緯路線,Say,イー･テイ,223,じゃ、僕の話だけじゃなく他の人からも聞けばいい。,
d30c62acdc62c5c962b5117bd28fb80c.bundle,頂樓阿緯路線,Branch,#Simple,120,例えば？,
d30c62acdc62c5c962b5117bd28fb80c.bundle,頂樓阿緯路線,Say,イー･テイ,224,選別組の皆に。,
d30c62acdc62c5c962b5117bd28fb80c.bundle,頂樓阿緯路線,Branch,#Simple,121,……,
d30c62acdc62c5c962b5117bd28fb80c.bundle,頂樓阿緯路線,Say,イー･テイ,225,選別組の皆なら、誰もが僕の話を本当だって言うと思うよ。,
d30c62acdc62c5c962b5117bd28fb80c.bundle,頂樓阿緯路線,Branch,#Simple,122,それは彼らもあなたから話を聞いたからじゃないですか？,
d30c62acdc62c5c962b5117bd28fb80c.bundle,頂樓阿緯路線,Say,イー･テイ,226,じゃ、まさか操作組の話を信じろっていうの？,
d30c62acdc62c5c962b5117bd28fb80c.bundle,頂樓阿緯路線,Branch,#Simple,123,はい。あなたはシュン･ゴともっと話すべきです。,
d30c62acdc62c5c962b5117bd28fb80c.bundle,頂樓阿緯路線,Branch,#Simple,124,そういうことじゃないです。でも、あなたの話を疑うことなく、ただ信じるのは違うと思います。,
d30c62acdc62c5c962b5117bd28fb80c.bundle,頂樓阿緯路線,Say,イー･テイ,227,……,
d30c62acdc62c5c962b5117bd28fb80c.bundle,頂樓阿緯路線,Say,イー･テイ,228,わかった。今すぐ僕を完全信用しろだなんて、最初から望んでない。,
d30c62acdc62c5c962b5117bd28fb80c.bundle,頂樓阿緯路線,Say,イー･テイ,229,僕はただ君に教えたかっただけで、今日の目的は達成されている。,
d30c62acdc62c5c962b5117bd28fb80c.bundle,頂樓阿緯路線,Say,イー･テイ,230,今後どう理解し判断するかは君の自由だ。,
d30c62acdc62c5c962b5117bd28fb80c.bundle,頂樓阿緯路線,Branch,#Simple,125,判断を任せてくれてありがとうございます。,
d30c62acdc62c5c962b5117bd28fb80c.bundle,頂樓阿緯路線,Say,イー･テイ,231,礼はいらないよ。これは当たり前のことだ。,
d30c62acdc62c5c962b5117bd28fb80c.bundle,頂樓阿緯路線,Say,イー･テイ,232,むしろ僕が謝るべきだ。さっきの僕は感情的だった。,
d30c62acdc62c5c962b5117bd28fb80c.bundle,頂樓阿緯路線,Branch,#Simple,126,それは当たり前のことだと思います。,
d30c62acdc62c5c962b5117bd28fb80c.bundle,頂樓阿緯路線,Say,イー･テイ,233,そうだね。すまない。,
d30c62acdc62c5c962b5117bd28fb80c.bundle,頂樓阿緯路線,Say,心の声,38,気まずくなってしまった。正直に言い過ぎたか？,
d30c62acdc62c5c962b5117bd28fb80c.bundle,頂樓阿緯路線,Say,心の声,39,いや、これは彼の問題だ。,
d30c62acdc62c5c962b5117bd28fb80c.bundle,頂樓阿緯路線,Branch,#Simple,127,私はもっと操作組から話を聞きたいと思います。,
d30c62acdc62c5c962b5117bd28fb80c.bundle,頂樓阿緯路線,Say,イー･テイ,234,……,
d30c62acdc62c5c962b5117bd28fb80c.bundle,頂樓阿緯路線,Say,心の声,40,明らかに嫌な顔をしている。もうこれ以上言うべきじゃないな。,
d30c62acdc62c5c962b5117bd28fb80c.bundle,頂樓阿緯路線,Say,イー･テイ,235,シュン･ゴから話を聞いてもいいよ。でもどうでもいい言い訳しか聞けないと思うよ。,
d30c62acdc62c5c962b5117bd28fb80c.bundle,頂樓阿緯路線,Branch,#Simple,128,彼らに偏見を持ちすぎているのでは？,
d30c62acdc62c5c962b5117bd28fb80c.bundle,頂樓阿緯路線,Branch,#Simple,129,なぜ彼と話したがらないのですか？,
d30c62acdc62c5c962b5117bd28fb80c.bundle,頂樓阿緯路線,Branch,#Simple,130,……,
d30c62acdc62c5c962b5117bd28fb80c.bundle,頂樓阿緯路線,Say,イー･テイ,236,彼らを問いただしても、自分たちの給料が上がるのは当たり前のことだし、給料が上がったところで修理予算に影響はないと言うだけだ。,
d30c62acdc62c5c962b5117bd28fb80c.bundle,頂樓阿緯路線,Say,イー･テイ,237,僕が一番わからないのは君が彼らを庇うことだ。彼らのことを何も知らないのにどうして庇う？,
d30c62acdc62c5c962b5117bd28fb80c.bundle,頂樓阿緯路線,Branch,#Simple,131,正直に言うと、全ての演算工場は閉鎖すべきだと思います。,
d30c62acdc62c5c962b5117bd28fb80c.bundle,頂樓阿緯路線,Say,イー･テイ,238,前も言ったけど、演算工場は現代社会においての必要悪なんだ。,
d30c62acdc62c5c962b5117bd28fb80c.bundle,頂樓阿緯路線,Say,イー･テイ,239,潰してしまったら、生活に困ってる人たちの状況がさらに悪化する。,
d30c62acdc62c5c962b5117bd28fb80c.bundle,頂樓阿緯路線,Say,イー･テイ,240,僕たちがやるべきことは演算工場のビジネスモデルを変え、供給者たちの待遇を変えることじゃないか？,
d30c62acdc62c5c962b5117bd28fb80c.bundle,頂樓阿緯路線,Branch,#Simple,132,演算力産業はただの延命措置にしかなりません。,
d30c62acdc62c5c962b5117bd28fb80c.bundle,頂樓阿緯路線,Say,イー･テイ,241,一部の人に取ってはそうかもしれないね。,
d30c62acdc62c5c962b5117bd28fb80c.bundle,頂樓阿緯路線,Say,イー･テイ,242,例え僕がお金に困ってても演算力供給をするかと聞かれれば、,
d30c62acdc62c5c962b5117bd28fb80c.bundle,頂樓阿緯路線,Say,イー･テイ,243,僕はしないと答えるだろう。,
d30c62acdc62c5c962b5117bd28fb80c.bundle,頂樓阿緯路線,Say,イー･テイ,244,でも重要なのは僕の考えではなく、「選択肢」があるかどうかの話なんだ。,
d30c62acdc62c5c962b5117bd28fb80c.bundle,頂樓阿緯路線,Say,イー･テイ,245,演算工場が存在すれば、「少なくとも」彼らは選択ができる。,
d30c62acdc62c5c962b5117bd28fb80c.bundle,頂樓阿緯路線,Say,イー･テイ,246,僕らはその「選択肢」自体を良いものに改善すべきだと思う。,
d30c62acdc62c5c962b5117bd28fb80c.bundle,頂樓阿緯路線,Branch,#Simple,133,利益を目的にしている時点で、工場自身が変わることはないと思います。,
d30c62acdc62c5c962b5117bd28fb80c.bundle,頂樓阿緯路線,Say,イー･テイ,247,その考えはあまりにも消極的だ……,
d30c62acdc62c5c962b5117bd28fb80c.bundle,頂樓阿緯路線,Say,イー･テイ,248,企業の利益活動と人道主義は両立できるものだと思う。,
d30c62acdc62c5c962b5117bd28fb80c.bundle,頂樓阿緯路線,Say,心の声,41,リンと同じ考えだ……,
d30c62acdc62c5c962b5117bd28fb80c.bundle,頂樓阿緯路線,Branch,#Simple,134,前提として、企業が外部の干渉を受ける必要がありますよね？,
d30c62acdc62c5c962b5117bd28fb80c.bundle,頂樓阿緯路線,Say,イー･テイ,249,内部の改革だけでも可能なはずだ。,
d30c62acdc62c5c962b5117bd28fb80c.bundle,頂樓阿緯路線,Branch,#Simple,135,でも内部改革で会社が不利を被る場合、改革自体が止められてしまいます。,
d30c62acdc62c5c962b5117bd28fb80c.bundle,頂樓阿緯路線,Say,イー･テイ,250,そうかもしれないが、だからって僕たちが改善を止めていいわけにはならない。,
d30c62acdc62c5c962b5117bd28fb80c.bundle,頂樓阿緯路線,Branch,#Simple,136,全ての工場を閉鎖するのが一番だと思います。,
d30c62acdc62c5c962b5117bd28fb80c.bundle,頂樓阿緯路線,Say,イー･テイ,251,……,
d30c62acdc62c5c962b5117bd28fb80c.bundle,頂樓阿緯路線,Say,イー･テイ,252,それはジーンの考えと似ているね。,
d30c62acdc62c5c962b5117bd28fb80c.bundle,頂樓阿緯路線,Say,心の声,42,その言い方だとジーンの考えに賛同していないようだ……,
d30c62acdc62c5c962b5117bd28fb80c.bundle,頂樓阿緯路線,Branch,#Simple,137,それではだめなんですか？ジーンは良い人です。,
d30c62acdc62c5c962b5117bd28fb80c.bundle,頂樓阿緯路線,Say,イー･テイ,253,確かに彼女は良い人だ……,
d30c62acdc62c5c962b5117bd28fb80c.bundle,頂樓阿緯路線,Branch,#Simple,138,似ているとはどういうことです？,
d30c62acdc62c5c962b5117bd28fb80c.bundle,頂樓阿緯路線,Say,イー･テイ,254,彼女は公平と正義、そして社会的弱者のことを思いやっている。,
d30c62acdc62c5c962b5117bd28fb80c.bundle,頂樓阿緯路線,Say,イー･テイ,255,ただ、僕とはアプローチが違う。,
d30c62acdc62c5c962b5117bd28fb80c.bundle,頂樓阿緯路線,Branch,#Simple,139,……,
d30c62acdc62c5c962b5117bd28fb80c.bundle,頂樓阿緯路線,Say,イー･テイ,256,そうか。それなら僕もこれ以上言うことはないよ。,
d30c62acdc62c5c962b5117bd28fb80c.bundle,頂樓阿緯路線,Say,イー･テイ,257,人であれば、考えが違うのは当たり前だ。僕は君の考えを尊重するしかない。,
d30c62acdc62c5c962b5117bd28fb80c.bundle,頂樓阿緯路線,Say,イー･テイ,258,僕は……,
d30c62acdc62c5c962b5117bd28fb80c.bundle,頂樓阿緯路線,Branch,#Simple,140,確かに私たちは改善しようと努力ならできます。,
d30c62acdc62c5c962b5117bd28fb80c.bundle,頂樓阿緯路線,Say,イー･テイ,259,良かった。やっと僕の言いたいことが伝わったようだ。,
d30c62acdc62c5c962b5117bd28fb80c.bundle,頂樓阿緯路線,Say,イー･テイ,260,なら、君も今サイレントの閉鎖に反対してくれるだろう？,
d30c62acdc62c5c962b5117bd28fb80c.bundle,頂樓阿緯路線,Branch,#Simple,141,かもしれませんね。,
d30c62acdc62c5c962b5117bd28fb80c.bundle,頂樓阿緯路線,Say,イー･テイ,261,その些細な考えの変化こそが、僕が頑張って手にしたかったものだ。多少なりともわかってくれてありがとう。,
d30c62acdc62c5c962b5117bd28fb80c.bundle,頂樓阿緯路線,Branch,#Simple,142,しかしそれは極めて少数です。,
d30c62acdc62c5c962b5117bd28fb80c.bundle,頂樓阿緯路線,Say,イー･テイ,262,少数だが、言い換えれば可能だということだ。,
d30c62acdc62c5c962b5117bd28fb80c.bundle,頂樓阿緯路線,Say,心の声,43,本当に成功すると信じているようだ……,
d30c62acdc62c5c962b5117bd28fb80c.bundle,頂樓阿緯路線,Branch,#Simple,143,あなたは演算力産業の礎となる人力資源があまりに廉価すぎると言っていましたよね？,
d30c62acdc62c5c962b5117bd28fb80c.bundle,頂樓阿緯路線,Say,イー･テイ,263,……,
d30c62acdc62c5c962b5117bd28fb80c.bundle,頂樓阿緯路線,Say,イー･テイ,264,確かにそう言ったけど……,
d30c62acdc62c5c962b5117bd28fb80c.bundle,頂樓阿緯路線,Branch,#Simple,144,それは矛盾しませんか？,
d30c62acdc62c5c962b5117bd28fb80c.bundle,頂樓阿緯路線,Branch,#Simple,145,つまり、その目標が達成されないとわかっているってことですよね？,
d30c62acdc62c5c962b5117bd28fb80c.bundle,頂樓阿緯路線,Say,イー･テイ,265,いや、それは違う。,
d30c62acdc62c5c962b5117bd28fb80c.bundle,頂樓阿緯路線,Branch,#Simple,146,……,
d30c62acdc62c5c962b5117bd28fb80c.bundle,頂樓阿緯路線,Say,イー･テイ,266,確かにこの仕事で大儲けすることは不可能だ。,
d30c62acdc62c5c962b5117bd28fb80c.bundle,頂樓阿緯路線,Say,イー･テイ,267,だけど、僕もそれを望んでいない。僕はただ、彼らに更なる福利厚生と尊厳を与えたいだけだ。,
d30c62acdc62c5c962b5117bd28fb80c.bundle,頂樓阿緯路線,Say,イー･テイ,268,それなら可能だろう？,
d30c62acdc62c5c962b5117bd28fb80c.bundle,頂樓阿緯路線,Branch,#Simple,147,確かにそれは試す価値のある目標だと思います。,
d30c62acdc62c5c962b5117bd28fb80c.bundle,頂樓阿緯路線,Branch,#Simple,148,いや、この産業自体が弱者の尊厳を踏みにじっています。,
d30c62acdc62c5c962b5117bd28fb80c.bundle,頂樓阿緯路線,Branch,#Simple,149,そうかもしれないですね。,
d30c62acdc62c5c962b5117bd28fb80c.bundle,頂樓阿緯路線,Branch,#Simple,150,……,
d30c62acdc62c5c962b5117bd28fb80c.bundle,頂樓阿緯路線,Say,イー･テイ,269,だからこの工場を閉鎖すべきではない。,
d30c62acdc62c5c962b5117bd28fb80c.bundle,頂樓阿緯路線,Say,イー･テイ,270,その点は同意してくれてるだろう？,
d30c62acdc62c5c962b5117bd28fb80c.bundle,頂樓阿緯路線,Branch,#Simple,151,はい。この工場を閉鎖すべきではないと思います。,
d30c62acdc62c5c962b5117bd28fb80c.bundle,頂樓阿緯路線,Branch,#Simple,152,それについては同意しますが、設備の問題はまだ解決されていません。,
d30c62acdc62c5c962b5117bd28fb80c.bundle,頂樓阿緯路線,Branch,#Simple,153,いいえ。皆のためにもこの工場を閉鎖すべきだと思います。,
d30c62acdc62c5c962b5117bd28fb80c.bundle,頂樓阿緯路線,Branch,#Simple,154,私は工場閉鎖に反対です。,
d30c62acdc62c5c962b5117bd28fb80c.bundle,頂樓阿緯路線,Say,イー･テイ,271,よかった。,
d30c62acdc62c5c962b5117bd28fb80c.bundle,頂樓阿緯路線,Say,心の声,44,ストレスを抱えすぎている彼にはこの返事でいいだろう。,
d30c62acdc62c5c962b5117bd28fb80c.bundle,頂樓阿緯路線,Say,心の声,45,巻き込まれなければ俺の考えなんてどうでもいいんだ……,
d30c62acdc62c5c962b5117bd28fb80c.bundle,頂樓阿緯路線,Say,イー･テイ,272,ここを大企業が搾取している場所だと思い、閉鎖すべきだと考える人が多くいる。,
d30c62acdc62c5c962b5117bd28fb80c.bundle,頂樓阿緯路線,Say,イー･テイ,273,だけど、珍しいことに君はここの仕事を体験してもなお、ここの必要性を理解してくれた。,
d30c62acdc62c5c962b5117bd28fb80c.bundle,頂樓阿緯路線,Say,心の声,46,ずっとリンから聞かされてたからな……,
d30c62acdc62c5c962b5117bd28fb80c.bundle,頂樓阿緯路線,Branch,#Simple,155,実は私の彼女がよくこういう話をするんです。,
d30c62acdc62c5c962b5117bd28fb80c.bundle,頂樓阿緯路線,Say,イー･テイ,274,彼女さん？演算力産業で働いているの？,
d30c62acdc62c5c962b5117bd28fb80c.bundle,頂樓阿緯路線,Say,心の声,47,……リンの事を話すべきか？,
d30c62acdc62c5c962b5117bd28fb80c.bundle,頂樓阿緯路線,Branch,#Simple,156,いいえ、ただこういう話に詳しいだけです。,
d30c62acdc62c5c962b5117bd28fb80c.bundle,頂樓阿緯路線,Say,イー･テイ,275,なるほど、社会問題に熱心な人だね。,
d30c62acdc62c5c962b5117bd28fb80c.bundle,頂樓阿緯路線,Say,心の声,48,確かにその通りだが、熱心過ぎるのが玉にきずだ……,
d30c62acdc62c5c962b5117bd28fb80c.bundle,頂樓阿緯路線,Branch,#Simple,157,はい、彼女もここで働いてます。,
d30c62acdc62c5c962b5117bd28fb80c.bundle,頂樓阿緯路線,Say,心の声,49,俺は何を言ってるんだ！,
d30c62acdc62c5c962b5117bd28fb80c.bundle,頂樓阿緯路線,Say,イー･テイ,276,そうなんだ！,
d30c62acdc62c5c962b5117bd28fb80c.bundle,頂樓阿緯路線,Say,イー･テイ,277,どこの部門なの？,
d30c62acdc62c5c962b5117bd28fb80c.bundle,頂樓阿緯路線,Branch,#Simple,158,私もわかりません。,
d30c62acdc62c5c962b5117bd28fb80c.bundle,頂樓阿緯路線,Say,イー･テイ,278,ああ、そうか。,
d30c62acdc62c5c962b5117bd28fb80c.bundle,頂樓阿緯路線,Say,イー･テイ,279,そうだよね。沢山の部門があるから、わからないのも仕方ない。,
d30c62acdc62c5c962b5117bd28fb80c.bundle,頂樓阿緯路線,Say,心の声,50,深く聞くつもりはないようだ……,
d30c62acdc62c5c962b5117bd28fb80c.bundle,頂樓阿緯路線,Branch,#Simple,159,ここの監督官です。,
d30c62acdc62c5c962b5117bd28fb80c.bundle,頂樓阿緯路線,Say,イー･テイ,280,ハハハ！面白い冗談だね！,
d30c62acdc62c5c962b5117bd28fb80c.bundle,頂樓阿緯路線,Say,イー･テイ,281,あれ？本当なの？,
d30c62acdc62c5c962b5117bd28fb80c.bundle,頂樓阿緯路線,Branch,#Simple,160,いいえ、冗談です。,
d30c62acdc62c5c962b5117bd28fb80c.bundle,頂樓阿緯路線,Say,イー･テイ,282,もう～、びっくりしたよ。ハハハ！,
d30c62acdc62c5c962b5117bd28fb80c.bundle,頂樓阿緯路線,Say,心の声,51,深く聞くつもりはないようだ……,
d30c62acdc62c5c962b5117bd28fb80c.bundle,頂樓阿緯路線,Branch,#Simple,161,はい、本当です。,
d30c62acdc62c5c962b5117bd28fb80c.bundle,頂樓阿緯路線,Say,心の声,52,善人である彼になら、教えても問題ないはず……,
d30c62acdc62c5c962b5117bd28fb80c.bundle,頂樓阿緯路線,Say,イー･テイ,283,まさか……,
d30c62acdc62c5c962b5117bd28fb80c.bundle,頂樓阿緯路線,Say,イー･テイ,284,じゃ、君は……,
d30c62acdc62c5c962b5117bd28fb80c.bundle,頂樓阿緯路線,Say,心の声,53,何かを考え始めたようだ……？,
d30c62acdc62c5c962b5117bd28fb80c.bundle,頂樓阿緯路線,Branch,#Simple,162,どうかしましたか？,
d30c62acdc62c5c962b5117bd28fb80c.bundle,頂樓阿緯路線,Branch,#Simple,163,何か企んでいますか？,
d30c62acdc62c5c962b5117bd28fb80c.bundle,頂樓阿緯路線,Say,イー･テイ,285,あ！いや……,
d30c62acdc62c5c962b5117bd28fb80c.bundle,頂樓阿緯路線,Branch,#Simple,164,……,
d30c62acdc62c5c962b5117bd28fb80c.bundle,頂樓阿緯路線,Say,イー･テイ,286,いや、なんでもないよ。,
d30c62acdc62c5c962b5117bd28fb80c.bundle,頂樓阿緯路線,Branch,#Simple,165,私はなるべく公平な目で物事を見たいので。,
d30c62acdc62c5c962b5117bd28fb80c.bundle,頂樓阿緯路線,Say,イー･テイ,287,それは見ててわかるよ。ハハ。,
d30c62acdc62c5c962b5117bd28fb80c.bundle,頂樓阿緯路線,Branch,#Simple,166,……,
d30c62acdc62c5c962b5117bd28fb80c.bundle,頂樓阿緯路線,Say,イー･テイ,288,さて君の立場がわかったなら、もう少し深く話をしよう。,
d30c62acdc62c5c962b5117bd28fb80c.bundle,頂樓阿緯路線,Say,心の声,54,急に真面目な顔に変わった……,
d30c62acdc62c5c962b5117bd28fb80c.bundle,頂樓阿緯路線,Say,イー･テイ,289,実は、セラーの設備問題は解決可能なんだ。,
d30c62acdc62c5c962b5117bd28fb80c.bundle,頂樓阿緯路線,Branch,#Simple,167,私の知る限り、本社は予算を出さないはずでは？,
d30c62acdc62c5c962b5117bd28fb80c.bundle,頂樓阿緯路線,Say,イー･テイ,290,へぇ、よく知ってるね！,
d30c62acdc62c5c962b5117bd28fb80c.bundle,頂樓阿緯路線,Say,イー･テイ,291,そうなんだ。本社は「追加」予算を出すつもりはない。,
d30c62acdc62c5c962b5117bd28fb80c.bundle,頂樓阿緯路線,Branch,#Simple,168,操作組は嘘を吐いていたんですか？,
d30c62acdc62c5c962b5117bd28fb80c.bundle,頂樓阿緯路線,Say,イー･テイ,292,半々かな。,
d30c62acdc62c5c962b5117bd28fb80c.bundle,頂樓阿緯路線,Branch,#Simple,169,……,
d30c62acdc62c5c962b5117bd28fb80c.bundle,頂樓阿緯路線,Say,イー･テイ,293,本社がサイレントに分配している年度予算は固定額で、操作組の予算も例外ではないんだ。,
d30c62acdc62c5c962b5117bd28fb80c.bundle,頂樓阿緯路線,Say,イー･テイ,294,設備修理費は操作組の年度予算の大部分を占めているんだ。,
d30c62acdc62c5c962b5117bd28fb80c.bundle,頂樓阿緯路線,Say,イー･テイ,295,でも最近は人事費用が年々上がり、修理予算が圧迫されている。,
d30c62acdc62c5c962b5117bd28fb80c.bundle,頂樓阿緯路線,Branch,#Simple,170,つまり操作組はずっと社員の募集をしていたってことですか？,
d30c62acdc62c5c962b5117bd28fb80c.bundle,頂樓阿緯路線,Say,イー･テイ,296,いや、彼らはこの五年で十数人の増員しかしてないはず。,
d30c62acdc62c5c962b5117bd28fb80c.bundle,頂樓阿緯路線,Branch,#Simple,171,ならもっと予算が必要になりますね。,
d30c62acdc62c5c962b5117bd28fb80c.bundle,頂樓阿緯路線,Say,イー･テイ,297,そう。それも操作組がずっと言っていたことだ。,
d30c62acdc62c5c962b5117bd28fb80c.bundle,頂樓阿緯路線,Branch,#Simple,172,……,
d30c62acdc62c5c962b5117bd28fb80c.bundle,頂樓阿緯路線,Say,イー･テイ,298,しかしこの問題の根本は、彼らが自分たちの給料を増やしすぎたことなんだ！,
d30c62acdc62c5c962b5117bd28fb80c.bundle,頂樓阿緯路線,Say,イー･テイ,299,最初は管理層だけだったが、今じゃ下っ端の作業員まで賃上げが行われている……,
d30c62acdc62c5c962b5117bd28fb80c.bundle,頂樓阿緯路線,Say,イー･テイ,300,彼らの平均給料が倍近く上がっているんだ。これじゃ修理予算が足りるわけがない。,
d30c62acdc62c5c962b5117bd28fb80c.bundle,頂樓阿緯路線,Branch,#Simple,173,それについて本社は何も言わないんですか？,
d30c62acdc62c5c962b5117bd28fb80c.bundle,頂樓阿緯路線,Say,イー･テイ,301,それが一番の奇妙な点だが、本社は何も言ってこないんだ……,
d30c62acdc62c5c962b5117bd28fb80c.bundle,頂樓阿緯路線,Say,イー･テイ,302,でも考えて見れば、新しく来た監督官は本社なりの対策だったのかもしれないね。,
d30c62acdc62c5c962b5117bd28fb80c.bundle,頂樓阿緯路線,Say,イー･テイ,303,君の彼女のことだよ。ハハ。,
d30c62acdc62c5c962b5117bd28fb80c.bundle,頂樓阿緯路線,Say,イー･テイ,304,彼女は多くの部門にまで調査は展開している。まあ、操作組はまだだけどね。,
d30c62acdc62c5c962b5117bd28fb80c.bundle,頂樓阿緯路線,Branch,#Simple,174,かなり積極的ですね。,
d30c62acdc62c5c962b5117bd28fb80c.bundle,頂樓阿緯路線,Say,イー･テイ,305,君は彼女を応援しているんだね！ハハハ！,
d30c62acdc62c5c962b5117bd28fb80c.bundle,頂樓阿緯路線,Say,イー･テイ,306,確かに彼女は精力的に工場を改善してくれた。,
d30c62acdc62c5c962b5117bd28fb80c.bundle,頂樓阿緯路線,Branch,#Simple,175,どうしてまだ操作組を調べてないんですか？,
d30c62acdc62c5c962b5117bd28fb80c.bundle,頂樓阿緯路線,Say,イー･テイ,307,操作組は多くの機密技術を持っているから、会社のシステム的に彼らの方が本社と関係が近いんだ。,
d30c62acdc62c5c962b5117bd28fb80c.bundle,頂樓阿緯路線,Say,イー･テイ,308,だからマネージャーやサイレントの監督官でさえ、彼らを調べられない。,
d30c62acdc62c5c962b5117bd28fb80c.bundle,頂樓阿緯路線,Branch,#Simple,176,……,
d30c62acdc62c5c962b5117bd28fb80c.bundle,頂樓阿緯路線,Branch,#Simple,177,あまりにも行き過ぎてますね。,
d30c62acdc62c5c962b5117bd28fb80c.bundle,頂樓阿緯路線,Say,イー･テイ,309,ああ、まさにやりたい放題だよ。,
d30c62acdc62c5c962b5117bd28fb80c.bundle,頂樓阿緯路線,Branch,#Simple,178,……,
d30c62acdc62c5c962b5117bd28fb80c.bundle,頂樓阿緯路線,Say,イー･テイ,310,僕はずっとこの件の解決策を探しているんだ。でも僕はただの選別組のチーフ、彼らには口を出せない。,
d30c62acdc62c5c962b5117bd28fb80c.bundle,頂樓阿緯路線,Branch,#Simple,179,この問題の発端となった人は誰ですか？,
d30c62acdc62c5c962b5117bd28fb80c.bundle,頂樓阿緯路線,Say,イー･テイ,311,多分、操作組のチーフだと思う。,
d30c62acdc62c5c962b5117bd28fb80c.bundle,頂樓阿緯路線,Branch,#Simple,180,思う？,
d30c62acdc62c5c962b5117bd28fb80c.bundle,頂樓阿緯路線,Branch,#Simple,181,……,
d30c62acdc62c5c962b5117bd28fb80c.bundle,頂樓阿緯路線,Say,イー･テイ,312,これはネズミ算に増えるシステムなんだ。,
d30c62acdc62c5c962b5117bd28fb80c.bundle,頂樓阿緯路線,Say,イー･テイ,313,最初は操作組のチーフを中心とした管理層がやり始め、最終的には下っ端の作業員までもが参加している。,
d30c62acdc62c5c962b5117bd28fb80c.bundle,頂樓阿緯路線,Say,イー･テイ,314,正直、操作組のチーフを降ろしたとしても現状のままだと思う。,
d30c62acdc62c5c962b5117bd28fb80c.bundle,頂樓阿緯路線,Branch,#Simple,182,シュン･ゴが改善してくれるとは思わないんですか？,
d30c62acdc62c5c962b5117bd28fb80c.bundle,頂樓阿緯路線,Say,イー･テイ,315,さっきの彼の様子を見ただろう……,
d30c62acdc62c5c962b5117bd28fb80c.bundle,頂樓阿緯路線,Say,イー･テイ,316,昔の彼なら、改善しようとするだろう。,
d30c62acdc62c5c962b5117bd28fb80c.bundle,頂樓阿緯路線,Say,イー･テイ,317,でも今の彼は信用できない。前回の彼の話からすると、この賃上げシステムを合理的だと思ってるみたいだ。,
d30c62acdc62c5c962b5117bd28fb80c.bundle,頂樓阿緯路線,Say,イー･テイ,318,……人は金を手にすると変わってしまう。,
d30c62acdc62c5c962b5117bd28fb80c.bundle,頂樓阿緯路線,Branch,#Simple,183,……,
d30c62acdc62c5c962b5117bd28fb80c.bundle,頂樓阿緯路線,Branch,#Simple,184,でも、あなたにこの問題を解決する義務はないです。,
d30c62acdc62c5c962b5117bd28fb80c.bundle,頂樓阿緯路線,Say,イー･テイ,319,ないけど解決したいんだ。,
d30c62acdc62c5c962b5117bd28fb80c.bundle,頂樓阿緯路線,Say,イー･テイ,320,修理予算が足りないせいで、設備の故障が頻繁に起きている。このままだと沢山の犠牲者を出すことになる。,
d30c62acdc62c5c962b5117bd28fb80c.bundle,頂樓阿緯路線,Say,イー･テイ,321,僕は本気で供給者たちのことを考えている。確かに改善する義務はないけど、何かしてあげたいんだ。,
d30c62acdc62c5c962b5117bd28fb80c.bundle,頂樓阿緯路線,Branch,#Simple,185,……,
d30c62acdc62c5c962b5117bd28fb80c.bundle,頂樓阿緯路線,Say,イー･テイ,322,結局、目下の一番の問題は工場閉鎖だ。,
d30c62acdc62c5c962b5117bd28fb80c.bundle,頂樓阿緯路線,Say,イー･テイ,323,僕たちは本社を説得して、サイレントの閉鎖をやめさせなければならない。,
d30c62acdc62c5c962b5117bd28fb80c.bundle,頂樓阿緯路線,Branch,#Simple,186,工場を閉鎖させることで、操作組に何のメリットがあるんですか？,
d30c62acdc62c5c962b5117bd28fb80c.bundle,頂樓阿緯路線,Say,イー･テイ,324,彼らはメリットが欲しいわけじゃなく、責任から逃れたいだけなんだ。,
d30c62acdc62c5c962b5117bd28fb80c.bundle,頂樓阿緯路線,Branch,#Simple,187,工場閉鎖は供給者を守るためだとシュン･ゴが言っていました。,
d30c62acdc62c5c962b5117bd28fb80c.bundle,頂樓阿緯路線,Say,イー･テイ,325,よくもそんなセリフが吐けるな……,
d30c62acdc62c5c962b5117bd28fb80c.bundle,頂樓阿緯路線,Say,イー･テイ,326,そもそも、供給者たちを危険に晒しているのは彼ら自身だ。,
d30c62acdc62c5c962b5117bd28fb80c.bundle,頂樓阿緯路線,Say,イー･テイ,327,そんなのはただの建前だ。本当の理由は他にある。,
d30c62acdc62c5c962b5117bd28fb80c.bundle,頂樓阿緯路線,Branch,#Simple,188,……,
d30c62acdc62c5c962b5117bd28fb80c.bundle,頂樓阿緯路線,Say,イー･テイ,328,今のセラーの状況はもう隠せないほど悪化している。,
d30c62acdc62c5c962b5117bd28fb80c.bundle,頂樓阿緯路線,Say,イー･テイ,329,昨日と今日の出来事は、その兆候だろうね……,
d30c62acdc62c5c962b5117bd28fb80c.bundle,頂樓阿緯路線,Say,イー･テイ,330,いずれこれがバレれば、操作組が責任を問われてしまう。,
d30c62acdc62c5c962b5117bd28fb80c.bundle,頂樓阿緯路線,Say,イー･テイ,331,だから彼らはその前に工場を閉鎖させ、問題自体をもみ消そうとしてるんだ。,
d30c62acdc62c5c962b5117bd28fb80c.bundle,頂樓阿緯路線,Branch,#Simple,189,それはあまりにも酷すぎます。,
d30c62acdc62c5c962b5117bd28fb80c.bundle,頂樓阿緯路線,Say,イー･テイ,332,一度でも悪事を働けば、人間は少しずつ悪に染まっていく。彼らもそうだろう。,
d30c62acdc62c5c962b5117bd28fb80c.bundle,頂樓阿緯路線,Say,イー･テイ,333,最初はただ賃金を少し上げたかっただけかもしれないけど、こんな大問題にまでエスカレートしてしまった……,
d30c62acdc62c5c962b5117bd28fb80c.bundle,頂樓阿緯路線,Branch,#Simple,190,彼らも職を失うのでは？,
d30c62acdc62c5c962b5117bd28fb80c.bundle,頂樓阿緯路線,Say,イー･テイ,334,いや、万象は彼らのような技術者を大金をはたいて育てたんだ。,
d30c62acdc62c5c962b5117bd28fb80c.bundle,頂樓阿緯路線,Say,イー･テイ,335,過去のやり方だと、工場を閉鎖した後に職員を他の工場に異動させるはずだ。,
d30c62acdc62c5c962b5117bd28fb80c.bundle,頂樓阿緯路線,Branch,#Simple,191,だから彼らは工場閉鎖に賛成なんですね。,
d30c62acdc62c5c962b5117bd28fb80c.bundle,頂樓阿緯路線,Say,イー･テイ,336,うん。,
d30c62acdc62c5c962b5117bd28fb80c.bundle,頂樓阿緯路線,Branch,#Simple,192,じゃ、選別組の職員たちはどうなるんです？,
d30c62acdc62c5c962b5117bd28fb80c.bundle,頂樓阿緯路線,Say,心の声,55,明らかに動揺している……,
d30c62acdc62c5c962b5117bd28fb80c.bundle,頂樓阿緯路線,Say,イー･テイ,337,僕たちはそんな待遇を受けられないだろう。ほとんどの職員は職を失うことになると思う。,
d30c62acdc62c5c962b5117bd28fb80c.bundle,頂樓阿緯路線,Say,心の声,56,なるほど。彼が工場閉鎖を止めたい理由はマイナーのため以外に、自分のためでもあると……,
d30c62acdc62c5c962b5117bd28fb80c.bundle,頂樓阿緯路線,Branch,#Simple,193,……,
d30c62acdc62c5c962b5117bd28fb80c.bundle,頂樓阿緯路線,Branch,#Simple,194,……,
d30c62acdc62c5c962b5117bd28fb80c.bundle,頂樓阿緯路線,Say,イー･テイ,338,もうここの状況はわかっただろう。君がこのタイミングでここに来たことは、この工場にとっての転換点とも言えるんだ。,
d30c62acdc62c5c962b5117bd28fb80c.bundle,頂樓阿緯路線,Branch,#Simple,195,もし工場が閉鎖になったら、転換もなにもなくなりますね。,
d30c62acdc62c5c962b5117bd28fb80c.bundle,頂樓阿緯路線,Say,イー･テイ,339,それはネガティブ過ぎるよ！,
d30c62acdc62c5c962b5117bd28fb80c.bundle,頂樓阿緯路線,Say,イー･テイ,340,僕が君にこんなにも語ったのは、それを止めるためなんだ！,
d30c62acdc62c5c962b5117bd28fb80c.bundle,頂樓阿緯路線,Branch,#Simple,196,私はまだ採用されると決まったわけではないです。,
d30c62acdc62c5c962b5117bd28fb80c.bundle,頂樓阿緯路線,Say,イー･テイ,341,ハハハ！それもそうだね。,
d30c62acdc62c5c962b5117bd28fb80c.bundle,頂樓阿緯路線,Say,イー･テイ,342,でも君は採用されると思うよ！,
d30c62acdc62c5c962b5117bd28fb80c.bundle,頂樓阿緯路線,Say,イー･テイ,343,マネージャーの印象もかなりいいからね。,
d30c62acdc62c5c962b5117bd28fb80c.bundle,頂樓阿緯路線,Say,イー･テイ,344,マネージャーからの印象はかなり悪かったからね。,
d30c62acdc62c5c962b5117bd28fb80c.bundle,頂樓阿緯路線,Branch,#Simple,197,全てが上手くいくといいですね。,
d30c62acdc62c5c962b5117bd28fb80c.bundle,頂樓阿緯路線,Say,イー･テイ,345,ああ、きっと上手くいくよ。,
d30c62acdc62c5c962b5117bd28fb80c.bundle,頂樓阿緯路線,Branch,#Simple,198,……,
d30c62acdc62c5c962b5117bd28fb80c.bundle,頂樓阿緯路線,Say,イー･テイ,346,さて……,
d30c62acdc62c5c962b5117bd28fb80c.bundle,頂樓俊恩路線,Say,シュン･ゴ,0,来てくれましたか。,
d30c62acdc62c5c962b5117bd28fb80c.bundle,頂樓俊恩路線,Say,シュン･ゴ,1,……,
d30c62acdc62c5c962b5117bd28fb80c.bundle,頂樓俊恩路線,Say,シュン･ゴ,2,本当にイー･テイを断ったのですか？,
d30c62acdc62c5c962b5117bd28fb80c.bundle,頂樓俊恩路線,Branch,#Simple,0,はい。,
d30c62acdc62c5c962b5117bd28fb80c.bundle,頂樓俊恩路線,Branch,#Simple,1,それがどうかしましたか？,
d30c62acdc62c5c962b5117bd28fb80c.bundle,頂樓俊恩路線,Say,シュン･ゴ,3,その……,
d30c62acdc62c5c962b5117bd28fb80c.bundle,頂樓俊恩路線,Say,シュン･ゴ,4,私と話すと聞いた彼は何か言ってましたか？,
d30c62acdc62c5c962b5117bd28fb80c.bundle,頂樓俊恩路線,Branch,#Simple,2,何も言いませんでした。,
d30c62acdc62c5c962b5117bd28fb80c.bundle,頂樓俊恩路線,Say,シュン･ゴ,5,そうですか。よかったです。,
d30c62acdc62c5c962b5117bd28fb80c.bundle,頂樓俊恩路線,Branch,#Simple,3,少し気まずそうでした。,
d30c62acdc62c5c962b5117bd28fb80c.bundle,頂樓俊恩路線,Say,シュン･ゴ,6,ああ……,
d30c62acdc62c5c962b5117bd28fb80c.bundle,頂樓俊恩路線,Branch,#Simple,4,どこに行くとは伝えてません。ただ彼を断っただけです。,
d30c62acdc62c5c962b5117bd28fb80c.bundle,頂樓俊恩路線,Say,シュン･ゴ,7,そうですか。,
d30c62acdc62c5c962b5117bd28fb80c.bundle,頂樓俊恩路線,Say,心の声,0,葛藤してるようだ……,
d30c62acdc62c5c962b5117bd28fb80c.bundle,頂樓俊恩路線,Branch,#Simple,5,どうしてそんなことを聞くんですか？,
d30c62acdc62c5c962b5117bd28fb80c.bundle,頂樓俊恩路線,Say,シュン･ゴ,8,いいえ、ただの好奇心です。,
d30c62acdc62c5c962b5117bd28fb80c.bundle,頂樓俊恩路線,Say,シュン･ゴ,9,……,
d30c62acdc62c5c962b5117bd28fb80c.bundle,頂樓俊恩路線,Say,シュン･ゴ,10,……,
d30c62acdc62c5c962b5117bd28fb80c.bundle,頂樓俊恩路線,Say,心の声,1,少し落ち込んでいるようだ……,
d30c62acdc62c5c962b5117bd28fb80c.bundle,頂樓俊恩路線,Say,シュン･ゴ,11,僕は……,
d30c62acdc62c5c962b5117bd28fb80c.bundle,頂樓俊恩路線,Say,シュン･ゴ,12,考え事や頭を冷やしたい時は、ここへ来て風に当たるんです。,
d30c62acdc62c5c962b5117bd28fb80c.bundle,頂樓俊恩路線,Say,シュン･ゴ,13,……イー･テイも同じでしょう。,
d30c62acdc62c5c962b5117bd28fb80c.bundle,頂樓俊恩路線,Branch,#Simple,6,どうしてそれを？,
d30c62acdc62c5c962b5117bd28fb80c.bundle,頂樓俊恩路線,Say,心の声,2,笑った……？,
d30c62acdc62c5c962b5117bd28fb80c.bundle,頂樓俊恩路線,Say,シュン･ゴ,14,私たちはよくこっそり抜け出してここに来てました。,
d30c62acdc62c5c962b5117bd28fb80c.bundle,頂樓俊恩路線,Branch,#Simple,7,……,
d30c62acdc62c5c962b5117bd28fb80c.bundle,頂樓俊恩路線,Say,シュン･ゴ,15,彼とは同期で一緒に選別組に入りました。,
d30c62acdc62c5c962b5117bd28fb80c.bundle,頂樓俊恩路線,Say,シュン･ゴ,16,私は今のシンカ･シェのポジションでした。,
d30c62acdc62c5c962b5117bd28fb80c.bundle,頂樓俊恩路線,Branch,#Simple,8,システムエンジニアだったんですか？,
d30c62acdc62c5c962b5117bd28fb80c.bundle,頂樓俊恩路線,Say,シュン･ゴ,17,ええ、でも私はほとんど経験がありませんでした。,
d30c62acdc62c5c962b5117bd28fb80c.bundle,頂樓俊恩路線,Say,シュン･ゴ,18,シンカと違って何もできませんでした。,
d30c62acdc62c5c962b5117bd28fb80c.bundle,頂樓俊恩路線,Branch,#Simple,9,なのに今は操作組ですか？,
d30c62acdc62c5c962b5117bd28fb80c.bundle,頂樓俊恩路線,Say,シュン･ゴ,19,ええ、工場に入って1、2年が経った時のことでした。,
d30c62acdc62c5c962b5117bd28fb80c.bundle,頂樓俊恩路線,Branch,#Simple,10,……,
d30c62acdc62c5c962b5117bd28fb80c.bundle,頂樓俊恩路線,Say,シュン･ゴ,20,イファさんがマネージャーになったばかりの頃、,
d30c62acdc62c5c962b5117bd28fb80c.bundle,頂樓俊恩路線,Say,シュン･ゴ,21,工場は変革期を迎え、多くの離職者が出ました。,
d30c62acdc62c5c962b5117bd28fb80c.bundle,頂樓俊恩路線,Say,シュン･ゴ,22,私とイー･テイは友人でありながらも良いライバルでした。,
d30c62acdc62c5c962b5117bd28fb80c.bundle,頂樓俊恩路線,Say,シュン･ゴ,23,互いを仲間だと認め、共に努力をする。あの時の私たちは革命家気分でした。,
d30c62acdc62c5c962b5117bd28fb80c.bundle,頂樓俊恩路線,Branch,#Simple,11,今はそうじゃないんですか？,
d30c62acdc62c5c962b5117bd28fb80c.bundle,頂樓俊恩路線,Say,シュン･ゴ,24,何がですか？,
d30c62acdc62c5c962b5117bd28fb80c.bundle,頂樓俊恩路線,Say,シュン･ゴ,25,ああ、革命家のこと？,
d30c62acdc62c5c962b5117bd28fb80c.bundle,頂樓俊恩路線,Branch,#Simple,12,……,
d30c62acdc62c5c962b5117bd28fb80c.bundle,頂樓俊恩路線,Say,シュン･ゴ,26,居場所が変わったからか、私の考えはかなり変わりました。,
d30c62acdc62c5c962b5117bd28fb80c.bundle,頂樓俊恩路線,Say,シュン･ゴ,27,操作組に移ってからの私はこの工場の違った一面を目にしました。,
d30c62acdc62c5c962b5117bd28fb80c.bundle,頂樓俊恩路線,Branch,#Simple,13,なぜ操作組に異動を？,
d30c62acdc62c5c962b5117bd28fb80c.bundle,頂樓俊恩路線,Say,シュン･ゴ,28,……,
d30c62acdc62c5c962b5117bd28fb80c.bundle,頂樓俊恩路線,Say,シュン･ゴ,29,あなたは何でだと思います？,
d30c62acdc62c5c962b5117bd28fb80c.bundle,頂樓俊恩路線,Say,心の声,3,急に聞き返してきた……,
d30c62acdc62c5c962b5117bd28fb80c.bundle,頂樓俊恩路線,Branch,#Simple,14,給料の高さからですか？,
d30c62acdc62c5c962b5117bd28fb80c.bundle,頂樓俊恩路線,Say,心の声,4,彼が笑った。,
d30c62acdc62c5c962b5117bd28fb80c.bundle,頂樓俊恩路線,Say,シュン･ゴ,30,それも理由の一つです。,
d30c62acdc62c5c962b5117bd28fb80c.bundle,頂樓俊恩路線,Say,シュン･ゴ,31,技術者ですから、待遇はかなり上がりました。,
d30c62acdc62c5c962b5117bd28fb80c.bundle,頂樓俊恩路線,Say,シュン･ゴ,32,でも、決定的な理由ではありません。,
d30c62acdc62c5c962b5117bd28fb80c.bundle,頂樓俊恩路線,Branch,#Simple,15,異動させられたんですか？,
d30c62acdc62c5c962b5117bd28fb80c.bundle,頂樓俊恩路線,Say,シュン･ゴ,33,違います。,
d30c62acdc62c5c962b5117bd28fb80c.bundle,頂樓俊恩路線,Say,シュン･ゴ,34,むしろ私はこの件でマネージャーと喧嘩になりかけました。,
d30c62acdc62c5c962b5117bd28fb80c.bundle,頂樓俊恩路線,Say,シュン･ゴ,35,私の操作組への異動にかなり反対していましたから。まあ、最終的には私の異動は正しかったと思ったらしいですが。,
d30c62acdc62c5c962b5117bd28fb80c.bundle,頂樓俊恩路線,Branch,#Simple,16,それはどうしてです？,
d30c62acdc62c5c962b5117bd28fb80c.bundle,頂樓俊恩路線,Say,シュン･ゴ,36,彼女は操作組に信頼できる人が欲しかったのです。,
d30c62acdc62c5c962b5117bd28fb80c.bundle,頂樓俊恩路線,Say,心の声,5,信頼？,
d30c62acdc62c5c962b5117bd28fb80c.bundle,頂樓俊恩路線,Say,心の声,6,操作組がマネージャーの管轄外みたいな言い方だ。,
d30c62acdc62c5c962b5117bd28fb80c.bundle,頂樓俊恩路線,Branch,#Simple,17,……,
d30c62acdc62c5c962b5117bd28fb80c.bundle,頂樓俊恩路線,Branch,#Simple,18,選別組に嫌いな人がいたとか？,
d30c62acdc62c5c962b5117bd28fb80c.bundle,頂樓俊恩路線,Say,シュン･ゴ,37,近からずも……,
d30c62acdc62c5c962b5117bd28fb80c.bundle,頂樓俊恩路線,Say,シュン･ゴ,38,遠からず、といったところです。,
d30c62acdc62c5c962b5117bd28fb80c.bundle,頂樓俊恩路線,Say,シュン･ゴ,39,私が誰かを嫌うのは滅多にありません。,
d30c62acdc62c5c962b5117bd28fb80c.bundle,頂樓俊恩路線,Say,シュン･ゴ,40,いや、むしろ彼ら全員を嫌っていたのかもしれません。,
d30c62acdc62c5c962b5117bd28fb80c.bundle,頂樓俊恩路線,Say,心の声,7,……？,
d30c62acdc62c5c962b5117bd28fb80c.bundle,頂樓俊恩路線,Branch,#Simple,19,どういうことですか？,
d30c62acdc62c5c962b5117bd28fb80c.bundle,頂樓俊恩路線,Branch,#Simple,20,つまり私のことも？,
d30c62acdc62c5c962b5117bd28fb80c.bundle,頂樓俊恩路線,Say,シュン･ゴ,41,あ、すみません。誤解を与える言い方でしたね。,
d30c62acdc62c5c962b5117bd28fb80c.bundle,頂樓俊恩路線,Say,シュン･ゴ,42,私はかなりの神経質で、いろんな細かいことが目についてしまいます。,
d30c62acdc62c5c962b5117bd28fb80c.bundle,頂樓俊恩路線,Say,シュン･ゴ,43,自分が面倒な人間だということは理解しているので、人との交流は控えていました。,
d30c62acdc62c5c962b5117bd28fb80c.bundle,頂樓俊恩路線,Branch,#Simple,21,……,
d30c62acdc62c5c962b5117bd28fb80c.bundle,頂樓俊恩路線,Say,シュン･ゴ,44,でも、私は誰かを嫌っていたから選別組を離れたわけではありません。,
d30c62acdc62c5c962b5117bd28fb80c.bundle,頂樓俊恩路線,Branch,#Simple,22,わからないので教えてください。,
d30c62acdc62c5c962b5117bd28fb80c.bundle,頂樓俊恩路線,Say,シュン･ゴ,45,わかりました。,
d30c62acdc62c5c962b5117bd28fb80c.bundle,頂樓俊恩路線,Say,シュン･ゴ,46,もう一度当ててみます？,
d30c62acdc62c5c962b5117bd28fb80c.bundle,頂樓俊恩路線,Say,シュン･ゴ,47,私が選別組を離れた理由は、イー･テイです。,
d30c62acdc62c5c962b5117bd28fb80c.bundle,頂樓俊恩路線,Say,シュン･ゴ,48,あの時の選別組のチーフは他の工場への異動が決まり、マネージャーは私とイー･テイのどっちを次のチーフにするか悩んでいました。,
d30c62acdc62c5c962b5117bd28fb80c.bundle,頂樓俊恩路線,Branch,#Simple,23,その件で喧嘩を？,
d30c62acdc62c5c962b5117bd28fb80c.bundle,頂樓俊恩路線,Branch,#Simple,24,彼があなたの昇進を奪ったとか？,
d30c62acdc62c5c962b5117bd28fb80c.bundle,頂樓俊恩路線,Say,シュン･ゴ,49,その逆です。,
d30c62acdc62c5c962b5117bd28fb80c.bundle,頂樓俊恩路線,Branch,#Simple,25,……,
d30c62acdc62c5c962b5117bd28fb80c.bundle,頂樓俊恩路線,Say,シュン･ゴ,50,私は自ら昇進を避け、操作組への異動を申請しました。,
d30c62acdc62c5c962b5117bd28fb80c.bundle,頂樓俊恩路線,Say,シュン･ゴ,51,ずっと頑張ってきた彼がチーフになるべきです……,
d30c62acdc62c5c962b5117bd28fb80c.bundle,頂樓俊恩路線,Branch,#Simple,26,彼はあなたの判断を喜んで受け入れたと？,
d30c62acdc62c5c962b5117bd28fb80c.bundle,頂樓俊恩路線,Say,シュン･ゴ,52,そう思っていたのですが……,
d30c62acdc62c5c962b5117bd28fb80c.bundle,頂樓俊恩路線,Branch,#Simple,27,彼はあなたの行動を不満に思ったのでは？,
d30c62acdc62c5c962b5117bd28fb80c.bundle,頂樓俊恩路線,Say,シュン･ゴ,53,……,
d30c62acdc62c5c962b5117bd28fb80c.bundle,頂樓俊恩路線,Say,心の声,8,驚いているようだ。,
d30c62acdc62c5c962b5117bd28fb80c.bundle,頂樓俊恩路線,Say,シュン･ゴ,54,……あなたはあの時の私より、彼の気持ちがわかるようですね。,
d30c62acdc62c5c962b5117bd28fb80c.bundle,頂樓俊恩路線,Say,シュン･ゴ,55,その通りです。,
d30c62acdc62c5c962b5117bd28fb80c.bundle,頂樓俊恩路線,Branch,#Simple,28,……,
d30c62acdc62c5c962b5117bd28fb80c.bundle,頂樓俊恩路線,Say,シュン･ゴ,56,私たちは大喧嘩をしました。,
d30c62acdc62c5c962b5117bd28fb80c.bundle,頂樓俊恩路線,Say,シュン･ゴ,57,私を異動に追い込んだと思ったらしく、こんな形でチーフになるのは御免だと言ってました。,
d30c62acdc62c5c962b5117bd28fb80c.bundle,頂樓俊恩路線,Say,シュン･ゴ,58,あの時の私は彼の言葉の意味を理解できませんでしたが、それと同時に反論する言葉も見つかりませんでした。,
d30c62acdc62c5c962b5117bd28fb80c.bundle,頂樓俊恩路線,Say,シュン･ゴ,59,多分私も思うところがあったからでしょう。自分の歪んだ何かを言い当てられたからかもしれません……,
d30c62acdc62c5c962b5117bd28fb80c.bundle,頂樓俊恩路線,Say,シュン･ゴ,60,あの時の私は別の場所で彼と競い合いたいと言いました。,
d30c62acdc62c5c962b5117bd28fb80c.bundle,頂樓俊恩路線,Say,シュン･ゴ,61,私たちはよく操作組の悪口を言っていました。だからこそ、自らの手で彼らをまとめたいと考えました。,
d30c62acdc62c5c962b5117bd28fb80c.bundle,頂樓俊恩路線,Say,シュン･ゴ,62,私も操作組のチーフとなり、組同士で競い合おうと……,
d30c62acdc62c5c962b5117bd28fb80c.bundle,頂樓俊恩路線,Say,シュン･ゴ,63,あの晩は深酒をし、互いの道を認め合いました。,
d30c62acdc62c5c962b5117bd28fb80c.bundle,頂樓俊恩路線,Branch,#Simple,29,ならどうして、彼と疎遠に？,
d30c62acdc62c5c962b5117bd28fb80c.bundle,頂樓俊恩路線,Say,シュン･ゴ,64,……,
d30c62acdc62c5c962b5117bd28fb80c.bundle,頂樓俊恩路線,Say,シュン･ゴ,65,彼が私を信じなかったからです。,
d30c62acdc62c5c962b5117bd28fb80c.bundle,頂樓俊恩路線,Say,シュン･ゴ,66,操作組に来てからは、選別組にいた時の考えが如何に馬鹿らしかったかわかりました。,
d30c62acdc62c5c962b5117bd28fb80c.bundle,頂樓俊恩路線,Say,シュン･ゴ,67,私はそれを彼に伝えようとしましたが、私が操作組の人たちのように現金なやつになったとしか言わず……,
d30c62acdc62c5c962b5117bd28fb80c.bundle,頂樓俊恩路線,Say,シュン･ゴ,68,彼があんな理不尽を言うとは思いもしませんでした……,
d30c62acdc62c5c962b5117bd28fb80c.bundle,頂樓俊恩路線,Say,シュン･ゴ,69,……,
d30c62acdc62c5c962b5117bd28fb80c.bundle,頂樓俊恩路線,Say,シュン･ゴ,70,以上です。,
d30c62acdc62c5c962b5117bd28fb80c.bundle,頂樓俊恩路線,Say,シュン･ゴ,71,あまり裏で悪口を言いたくありません。彼は優秀で良い人です。,
d30c62acdc62c5c962b5117bd28fb80c.bundle,頂樓俊恩路線,Say,シュン･ゴ,72,ただ……,
d30c62acdc62c5c962b5117bd28fb80c.bundle,頂樓俊恩路線,Say,シュン･ゴ,73,彼はもう少し自分の仕事に理性的だったと思います。,
d30c62acdc62c5c962b5117bd28fb80c.bundle,頂樓俊恩路線,Branch,#Simple,30,……,
d30c62acdc62c5c962b5117bd28fb80c.bundle,頂樓俊恩路線,Say,シュン･ゴ,74,……長く語りすぎましたね。すみません。,
d30c62acdc62c5c962b5117bd28fb80c.bundle,頂樓俊恩路線,Say,シュン･ゴ,75,最近、ちょっと問題が起きましてね……,
d30c62acdc62c5c962b5117bd28fb80c.bundle,頂樓俊恩路線,Say,シュン･ゴ,76,あなたが自分と似てたものでつい……,
d30c62acdc62c5c962b5117bd28fb80c.bundle,頂樓俊恩路線,Branch,#Simple,31,私たちは似ているんですか？,
d30c62acdc62c5c962b5117bd28fb80c.bundle,頂樓俊恩路線,Say,シュン･ゴ,77,どうでしょう。気質が似ているのかもしれません……,
d30c62acdc62c5c962b5117bd28fb80c.bundle,頂樓俊恩路線,Branch,#Simple,32,いいえ、話が聞けて良かったです。,
d30c62acdc62c5c962b5117bd28fb80c.bundle,頂樓俊恩路線,Say,シュン･ゴ,78,ありがとうございます。,
d30c62acdc62c5c962b5117bd28fb80c.bundle,頂樓俊恩路線,Branch,#Simple,33,……,
d30c62acdc62c5c962b5117bd28fb80c.bundle,頂樓俊恩路線,Say,シュン･ゴ,79,本題に入りましょう。,
d30c62acdc62c5c962b5117bd28fb80c.bundle,頂樓俊恩路線,Say,シュン･ゴ,80,ここに呼び出したのは、工場について話したかったからです。,
d30c62acdc62c5c962b5117bd28fb80c.bundle,頂樓俊恩路線,Branch,#Simple,34,……,
d30c62acdc62c5c962b5117bd28fb80c.bundle,頂樓俊恩路線,Say,シュン･ゴ,81,操作組と選別組は大きく違います。,
d30c62acdc62c5c962b5117bd28fb80c.bundle,頂樓俊恩路線,Say,シュン･ゴ,82,仕事の内容だけでなく、チームの雰囲気、働く環境自体が異なります。,
d30c62acdc62c5c962b5117bd28fb80c.bundle,頂樓俊恩路線,Say,シュン･ゴ,83,選別組は人との交流や臨機応変な対応が重要で、和気藹々としています。,
d30c62acdc62c5c962b5117bd28fb80c.bundle,頂樓俊恩路線,Say,シュン･ゴ,84,逆に操作組は機械を管理する理性的な判断が求められ、全体的に堅苦しい雰囲気です。,
d30c62acdc62c5c962b5117bd28fb80c.bundle,頂樓俊恩路線,Say,シュン･ゴ,85,ですが、もう一度選択が可能だとしても、私は異動を選択したと思います。,
d30c62acdc62c5c962b5117bd28fb80c.bundle,頂樓俊恩路線,Branch,#Simple,35,ただの雑談をするために呼び出されたと思っていました。,
d30c62acdc62c5c962b5117bd28fb80c.bundle,頂樓俊恩路線,Say,シュン･ゴ,86,すみません。話しすぎましたね。,
d30c62acdc62c5c962b5117bd28fb80c.bundle,頂樓俊恩路線,Say,心の声,9,気まずそうに笑ってる。,
d30c62acdc62c5c962b5117bd28fb80c.bundle,頂樓俊恩路線,Branch,#Simple,36,つまり何が言いたいんですか？,
d30c62acdc62c5c962b5117bd28fb80c.bundle,頂樓俊恩路線,Branch,#Simple,37,……,
d30c62acdc62c5c962b5117bd28fb80c.bundle,頂樓俊恩路線,Say,シュン･ゴ,87,私はあなたと工場の閉鎖について話したいです。,
d30c62acdc62c5c962b5117bd28fb80c.bundle,頂樓俊恩路線,Say,シュン･ゴ,88,ここへ来たばかりで、まだ立場を持たないあなたの考えを聞かせてほしい。,
d30c62acdc62c5c962b5117bd28fb80c.bundle,頂樓俊恩路線,Say,シュン･ゴ,89,あなたは工場を閉鎖させるべきだと思いますか？,
d30c62acdc62c5c962b5117bd28fb80c.bundle,頂樓俊恩路線,Branch,#Simple,38,私にはまだ判断材料が足りません。,
d30c62acdc62c5c962b5117bd28fb80c.bundle,頂樓俊恩路線,Say,シュン･ゴ,90,そうですよね。それは正しいと思います。,
d30c62acdc62c5c962b5117bd28fb80c.bundle,頂樓俊恩路線,Say,シュン･ゴ,91,素人なら当然の答えです。,
d30c62acdc62c5c962b5117bd28fb80c.bundle,頂樓俊恩路線,Say,心の声,10,素人……,
d30c62acdc62c5c962b5117bd28fb80c.bundle,頂樓俊恩路線,Say,シュン･ゴ,92,わからないことがある限り、判断を下すべきではありません。,
d30c62acdc62c5c962b5117bd28fb80c.bundle,頂樓俊恩路線,Branch,#Simple,39,工場を閉鎖させるべきだと思います。,
d30c62acdc62c5c962b5117bd28fb80c.bundle,頂樓俊恩路線,Say,シュン･ゴ,93,どうしてですか？,
d30c62acdc62c5c962b5117bd28fb80c.bundle,頂樓俊恩路線,Branch,#Simple,40,修理を担当しているあなたたちがそう言うから。,
d30c62acdc62c5c962b5117bd28fb80c.bundle,頂樓俊恩路線,Say,シュン･ゴ,94,それが正しいですね。,
d30c62acdc62c5c962b5117bd28fb80c.bundle,頂樓俊恩路線,Say,シュン･ゴ,95,素人なら当然の答えです。,
d30c62acdc62c5c962b5117bd28fb80c.bundle,頂樓俊恩路線,Say,心の声,11,素人……,
d30c62acdc62c5c962b5117bd28fb80c.bundle,頂樓俊恩路線,Say,シュン･ゴ,96,事情を知らないなら、プロの意見を聞くべきです。,
d30c62acdc62c5c962b5117bd28fb80c.bundle,頂樓俊恩路線,Branch,#Simple,41,セラーの状況は最悪だからです。,
d30c62acdc62c5c962b5117bd28fb80c.bundle,頂樓俊恩路線,Branch,#Simple,42,死人が出てるなら、閉鎖すべきだと思います。,
d30c62acdc62c5c962b5117bd28fb80c.bundle,頂樓俊恩路線,Say,シュン･ゴ,97,そうですね。あなたのような素人でも事の重大さを理解できる。,
d30c62acdc62c5c962b5117bd28fb80c.bundle,頂樓俊恩路線,Say,心の声,12,素人……,
d30c62acdc62c5c962b5117bd28fb80c.bundle,頂樓俊恩路線,Branch,#Simple,43,必ずしも閉鎖が必要なわけじゃないと思います。,
d30c62acdc62c5c962b5117bd28fb80c.bundle,頂樓俊恩路線,Say,シュン･ゴ,98,それはどうしてですか？,
d30c62acdc62c5c962b5117bd28fb80c.bundle,頂樓俊恩路線,Branch,#Simple,44,セラーの修理予算を申請すればいいはずです。,
d30c62acdc62c5c962b5117bd28fb80c.bundle,頂樓俊恩路線,Branch,#Simple,45,この工場は人々を傷つけるが、その反面多くの人を助けてもいます。,
d30c62acdc62c5c962b5117bd28fb80c.bundle,頂樓俊恩路線,Branch,#Simple,46,ハッキリとはわかりませんが、そう思うんです。,
d30c62acdc62c5c962b5117bd28fb80c.bundle,頂樓俊恩路線,Say,シュン･ゴ,99,思う？,
d30c62acdc62c5c962b5117bd28fb80c.bundle,頂樓俊恩路線,Say,心の声,13,嫌みのある言い方だ。,
d30c62acdc62c5c962b5117bd28fb80c.bundle,頂樓俊恩路線,Say,シュン･ゴ,100,こんな重要なことを「思う」だけで判断するのですか？,
d30c62acdc62c5c962b5117bd28fb80c.bundle,頂樓俊恩路線,Branch,#Simple,47,私にはどう判断すればいいかわかりません。,
d30c62acdc62c5c962b5117bd28fb80c.bundle,頂樓俊恩路線,Branch,#Simple,48,事情を知らないため、直感で判断するしかありません。,
d30c62acdc62c5c962b5117bd28fb80c.bundle,頂樓俊恩路線,Say,シュン･ゴ,101,ならばそもそも判断を下すべきではありません。,
d30c62acdc62c5c962b5117bd28fb80c.bundle,頂樓俊恩路線,Say,シュン･ゴ,102,わからないことに対して、軽々しく判断を下してはいけません。,
d30c62acdc62c5c962b5117bd28fb80c.bundle,頂樓俊恩路線,Branch,#Simple,49,そんな状況の私に質問をしたのはあなたですよ？,
d30c62acdc62c5c962b5117bd28fb80c.bundle,頂樓俊恩路線,Say,シュン･ゴ,103,わからないと答えればいいだけです。,
d30c62acdc62c5c962b5117bd28fb80c.bundle,頂樓俊恩路線,Say,心の声,14,それもそうだが……,
d30c62acdc62c5c962b5117bd28fb80c.bundle,頂樓俊恩路線,Branch,#Simple,50,そうですね。,
d30c62acdc62c5c962b5117bd28fb80c.bundle,頂樓俊恩路線,Say,シュン･ゴ,104,素人のサイレントに対する意見が多すぎます。,
d30c62acdc62c5c962b5117bd28fb80c.bundle,頂樓俊恩路線,Say,シュン･ゴ,105,近々本社でサイレントの存続について会議が開かれます。,
d30c62acdc62c5c962b5117bd28fb80c.bundle,頂樓俊恩路線,Say,シュン･ゴ,106,今回の会議で閉鎖の話をより推し進められればいいのですが。,
d30c62acdc62c5c962b5117bd28fb80c.bundle,頂樓俊恩路線,Say,シュン･ゴ,107,イー･テイと選別組の人はそれを全力で阻止するでしょうね。,
d30c62acdc62c5c962b5117bd28fb80c.bundle,頂樓俊恩路線,Say,シュン･ゴ,108,ジェイ･ダイ。あなたを操作組に入れるつもりはないですし、最終的にあなたは選別組に入ることになるでしょう。,
d30c62acdc62c5c962b5117bd28fb80c.bundle,頂樓俊恩路線,Say,シュン･ゴ,109,それでも事実を伝えたいのです。,
d30c62acdc62c5c962b5117bd28fb80c.bundle,頂樓俊恩路線,Say,シュン･ゴ,110,ジェイ･ダイ。あなたを操作組に入れたいですが、最終的にあなたは選別組を選ぶと思います。,
d30c62acdc62c5c962b5117bd28fb80c.bundle,頂樓俊恩路線,Branch,#Simple,51,かもしれませんね。,
d30c62acdc62c5c962b5117bd28fb80c.bundle,頂樓俊恩路線,Branch,#Simple,52,なぜ私が操作組に来ないと思うんですか？,
d30c62acdc62c5c962b5117bd28fb80c.bundle,頂樓俊恩路線,Say,シュン･ゴ,111,セラーの環境を見たはずです。あんなところで働こうと思う人はいません。,
d30c62acdc62c5c962b5117bd28fb80c.bundle,頂樓俊恩路線,Branch,#Simple,53,……,
d30c62acdc62c5c962b5117bd28fb80c.bundle,頂樓俊恩路線,Say,シュン･ゴ,112,だから私はあなたがあちらに入る前に、正しいことを伝えなければなりません。,
d30c62acdc62c5c962b5117bd28fb80c.bundle,頂樓俊恩路線,Say,シュン･ゴ,113,選別組が謳っている工場存続案は間違っています。,
d30c62acdc62c5c962b5117bd28fb80c.bundle,頂樓俊恩路線,Say,シュン･ゴ,114,選別組に行っても、それだけは忘れないでください。,
d30c62acdc62c5c962b5117bd28fb80c.bundle,頂樓俊恩路線,Branch,#Simple,54,その考えには賛同できません。,
d30c62acdc62c5c962b5117bd28fb80c.bundle,頂樓俊恩路線,Say,シュン･ゴ,115,それはそれで構いません。,
d30c62acdc62c5c962b5117bd28fb80c.bundle,頂樓俊恩路線,Say,心の声,15,話を遮られた……,
d30c62acdc62c5c962b5117bd28fb80c.bundle,頂樓俊恩路線,Say,シュン･ゴ,116,私はあなたを説得するつもりはありません。,
d30c62acdc62c5c962b5117bd28fb80c.bundle,頂樓俊恩路線,Branch,#Simple,55,覚えておきます。,
d30c62acdc62c5c962b5117bd28fb80c.bundle,頂樓俊恩路線,Say,シュン･ゴ,117,ええ、それで十分です。,
d30c62acdc62c5c962b5117bd28fb80c.bundle,頂樓俊恩路線,Branch,#Simple,56,……,
d30c62acdc62c5c962b5117bd28fb80c.bundle,頂樓俊恩路線,Say,シュン･ゴ,118,サイレントにいたこの数年で、私は一つ学びました。,
d30c62acdc62c5c962b5117bd28fb80c.bundle,頂樓俊恩路線,Say,シュン･ゴ,119,この世の中には理解できないことを受け入れられない人が存在します。,
d30c62acdc62c5c962b5117bd28fb80c.bundle,頂樓俊恩路線,Say,シュン･ゴ,120,そういった人を説得する必要がないことを私は学びました。,
d30c62acdc62c5c962b5117bd28fb80c.bundle,頂樓俊恩路線,Say,シュン･ゴ,121,そういった人たちより大きな影響力を手に入れ、私自身の手で正しい判断を下せばいいだけの話です。,
d30c62acdc62c5c962b5117bd28fb80c.bundle,頂樓俊恩路線,Say,シュン･ゴ,122,これが唯一の方法です。,
d30c62acdc62c5c962b5117bd28fb80c.bundle,頂樓俊恩路線,Branch,#Simple,57,私もそう思います。,
d30c62acdc62c5c962b5117bd28fb80c.bundle,頂樓俊恩路線,Say,シュン･ゴ,123,ええ。,
d30c62acdc62c5c962b5117bd28fb80c.bundle,頂樓俊恩路線,Branch,#Simple,58,それはやむを得ない場合のみの話です。,
d30c62acdc62c5c962b5117bd28fb80c.bundle,頂樓俊恩路線,Say,シュン･ゴ,124,サイレントは数十万人を収容している演算工場です。,
d30c62acdc62c5c962b5117bd28fb80c.bundle,頂樓俊恩路線,Say,シュン･ゴ,125,閉鎖すれば、被害に遭う人を大幅に減らせます。これこそやむを得ない状況だと思います。,
d30c62acdc62c5c962b5117bd28fb80c.bundle,頂樓俊恩路線,Say,心の声,16,有無を言わせない態度だ。,
d30c62acdc62c5c962b5117bd28fb80c.bundle,頂樓俊恩路線,Branch,#Simple,59,私はそれに賛同できません。,
d30c62acdc62c5c962b5117bd28fb80c.bundle,頂樓俊恩路線,Say,シュン･ゴ,126,ええ、別にあなたを説得しているわけではありません。,
d30c62acdc62c5c962b5117bd28fb80c.bundle,頂樓俊恩路線,Say,シュン･ゴ,127,先程も言った通り、私がすべきことはあなた以上の影響力を手にすることです。,
d30c62acdc62c5c962b5117bd28fb80c.bundle,頂樓俊恩路線,Say,シュン･ゴ,128,そうなれば、あなたがどう思おうが私の決定に従うのみです。,
d30c62acdc62c5c962b5117bd28fb80c.bundle,頂樓俊恩路線,Branch,#Simple,60,酷い考え方ですね。,
d30c62acdc62c5c962b5117bd28fb80c.bundle,頂樓俊恩路線,Say,シュン･ゴ,129,他人の考えを気にするより、私はより多くの人間を苦しみから救いたいです。,
d30c62acdc62c5c962b5117bd28fb80c.bundle,頂樓俊恩路線,Say,シュン･ゴ,130,その点においては、イー･テイの考えの方が私より酷いと思います。,
d30c62acdc62c5c962b5117bd28fb80c.bundle,頂樓俊恩路線,Branch,#Simple,61,……,
d30c62acdc62c5c962b5117bd28fb80c.bundle,頂樓俊恩路線,Branch,#Simple,62,……,
d30c62acdc62c5c962b5117bd28fb80c.bundle,回辦公室看到新聞,Say,イエホン･キュウ,0,ジェイ、帰ってきた？,
d30c62acdc62c5c962b5117bd28fb80c.bundle,回辦公室看到新聞,Branch,#Simple,0,何を見ているんですか？,
d30c62acdc62c5c962b5117bd28fb80c.bundle,回辦公室看到新聞,Say,イエホン･キュウ,1,ついさっきのニュースだけど、誰かがビルから落ちたらしいよ。,
d30c62acdc62c5c962b5117bd28fb80c.bundle,回辦公室看到新聞,Say,イエホン･キュウ,2,ほら。,
d30c62acdc62c5c962b5117bd28fb80c.bundle,回辦公室看到新聞,Branch,#Simple,1,はい。タイムカードを押しに来ました。,
d30c62acdc62c5c962b5117bd28fb80c.bundle,回辦公室看到新聞,Say,イエホン･キュウ,3,ニュース見た？,
d30c62acdc62c5c962b5117bd28fb80c.bundle,回辦公室看到新聞,Branch,#Simple,2,皆が見てたあれですか？,
d30c62acdc62c5c962b5117bd28fb80c.bundle,回辦公室看到新聞,Say,イエホン･キュウ,4,そう。,
d30c62acdc62c5c962b5117bd28fb80c.bundle,回辦公室看到新聞,Branch,#Simple,3,何が起きたんですか？,
d30c62acdc62c5c962b5117bd28fb80c.bundle,回辦公室看到新聞,Say,イエホン･キュウ,5,ついさっきのニュースだけど、誰かがビルから落ちたらしいよ。,
d30c62acdc62c5c962b5117bd28fb80c.bundle,回辦公室看到新聞,Say,イエホン･キュウ,6,ほら。,
d30c62acdc62c5c962b5117bd28fb80c.bundle,回辦公室看到新聞,Say,テレビ,0,先程、万象バイオテクノロジー社の本社ビルで転落事故がありました。,
d30c62acdc62c5c962b5117bd28fb80c.bundle,回辦公室看到新聞,Say,テレビ,1,白衣を着た女性がいきなりビルの中庭へと転落した模様です。,
d30c62acdc62c5c962b5117bd28fb80c.bundle,回辦公室看到新聞,Say,テレビ,2,その場には20人以上の目撃者がおり、目撃証言によると女性は3階から転落したようです。,
d30c62acdc62c5c962b5117bd28fb80c.bundle,回辦公室看到新聞,Say,テレビ,3,転落した女性は全身を強打し、現場には大量の血痕が残されています。,
d30c62acdc62c5c962b5117bd28fb80c.bundle,回辦公室看到新聞,Say,テレビ,4,現在その女性は駆けつけた救急ドローンに搬送されており、意識不明の重体です。,
d30c62acdc62c5c962b5117bd28fb80c.bundle,回辦公室看到新聞,Say,テレビ,5,この女性の身元と転落の原因については、すでにネットで多くの見解が出ていますが、警察側の発表はまだありません。,
d30c62acdc62c5c962b5117bd28fb80c.bundle,回辦公室看到新聞,Say,テレビ,6,事故の現場を目撃した万象社の警備員の証言によると、転落した女性はよく本社ビルを出入りしていた上級職員のようです。,
d30c62acdc62c5c962b5117bd28fb80c.bundle,回辦公室看到新聞,Say,イエホン･キュウ,7,ジェイ？大丈夫？,
d30c62acdc62c5c962b5117bd28fb80c.bundle,回辦公室看到新聞,Say,テレビ,7,事故が起きた場所が万象社だったこともあり、事件である可能性も疑わざるを得ない状況です。,
d30c62acdc62c5c962b5117bd28fb80c.bundle,回辦公室看到新聞,Say,イエホン･キュウ,8,ちょ、ちょっと座ろうか？顔色悪いよ？,
d30c62acdc62c5c962b5117bd28fb80c.bundle,回辦公室看到新聞,Say,テレビ,8,それから……,
d30c62acdc62c5c962b5117bd28fb80c.bundle,回辦公室看到新聞,Say,テレビ,9,……,
d30c62acdc62c5c962b5117bd28fb80c.bundle,回辦公室看到新聞,Say,テレビ,10,はい、はい。ただいま、被害者の身元の確認が取れました。,
d30c62acdc62c5c962b5117bd28fb80c.bundle,回辦公室看到新聞,Say,テレビ,11,万象バイオテクノロジー社の上級監督官、リン……,
d30c62acdc62c5c962b5117bd28fb80c.bundle,病房裡,Say,心の声,0,テイさんです……,
d30c62acdc62c5c962b5117bd28fb80c.bundle,病房裡,Say,心の声,1,よかった……,
d30c62acdc62c5c962b5117bd28fb80c.bundle,病房裡,Say,心の声,2,リンは、まだ生きてる……,
d30c62acdc62c5c962b5117bd28fb80c.bundle,病房裡,Say,心の声,3,うっ……,
d30c62acdc62c5c962b5117bd28fb80c.bundle,病房裡,Say,心の声,4,また頭が……,
d30c62acdc62c5c962b5117bd28fb80c.bundle,病房裡,Say,ミユ･ライ,0,あの、すみません……,
d30c62acdc62c5c962b5117bd28fb80c.bundle,病房裡,Say,ミユ･ライ,1,そこのあなた！,
d30c62acdc62c5c962b5117bd28fb80c.bundle,病房裡,Say,ミユ･ライ,2,もうすぐで手術が始まります。ここから離れてください！,
d30c62acdc62c5c962b5117bd28fb80c.bundle,病房裡,Branch,#Simple,0,手術？,
d30c62acdc62c5c962b5117bd28fb80c.bundle,病房裡,Say,ミユ･ライ,3,はい、テイさんは危険状態から回復されましたが、依然意識が戻っていません。,
d30c62acdc62c5c962b5117bd28fb80c.bundle,病房裡,Say,ミユ･ライ,4,ですから検査と手術を行う必要があります。,
d30c62acdc62c5c962b5117bd28fb80c.bundle,病房裡,Branch,#Simple,1,ここはどこだ？,
d30c62acdc62c5c962b5117bd28fb80c.bundle,病房裡,Say,ミユ･ライ,5,えっと、ヘイカ病院です。,
d30c62acdc62c5c962b5117bd28fb80c.bundle,病房裡,Say,心の声,5,そんなのを聞いてどうする？ここがクソ病院なのはわかってる。,
d30c62acdc62c5c962b5117bd28fb80c.bundle,病房裡,Say,心の声,6,リンをもっと良い病院に移さないと……,
d30c62acdc62c5c962b5117bd28fb80c.bundle,病房裡,Branch,#Simple,2,……,
d30c62acdc62c5c962b5117bd28fb80c.bundle,病房裡,Say,ミユ･ライ,6,お願いします……,
d30c62acdc62c5c962b5117bd28fb80c.bundle,病房裡,Say,スイ･ニン,0,もうすぐ手術よ。準備はいいかしら？,
d30c62acdc62c5c962b5117bd28fb80c.bundle,病房裡,Say,ミユ･ライ,7,えっと、あなたは……？,
d30c62acdc62c5c962b5117bd28fb80c.bundle,病房裡,Say,スイ･ニン,1,執刀医、事前にカルテには目を通しておきなさい。,
d30c62acdc62c5c962b5117bd28fb80c.bundle,病房裡,Say,スイ･ニン,2,手術を始めます。急いで準備して。,
d30c62acdc62c5c962b5117bd28fb80c.bundle,病房裡,Say,ミユ･ライ,8,あ！は、はい！,
d30c62acdc62c5c962b5117bd28fb80c.bundle,到站以後,Say,ユウ･ショウ,0,おはようございます！,
d30c62acdc62c5c962b5117bd28fb80c.bundle,到站以後,Say,ユウ･ショウ,1,ジェイさん。,
d30c62acdc62c5c962b5117bd28fb80c.bundle,到站以後,Say,心の声,0,おはよう？今は夜だ……,
d30c62acdc62c5c962b5117bd28fb80c.bundle,到站以後,Say,心の声,1,昨日も同じ間違いをしていた。,
d30c62acdc62c5c962b5117bd28fb80c.bundle,到站以後,Say,ユウ･ショウ,2,あ……す、すみません！また間違えてましたね……,
d30c62acdc62c5c962b5117bd28fb80c.bundle,到站以後,Say,ユウ･ショウ,3,以前は早番だったので、つい癖で……,
d30c62acdc62c5c962b5117bd28fb80c.bundle,到站以後,Branch,#Simple,0,気にするな。俺も遅番の仕事を始めたばかりなんだ。,
d30c62acdc62c5c962b5117bd28fb80c.bundle,到站以後,Say,ユウ･ショウ,4,そうですか！偶然ですね！,
d30c62acdc62c5c962b5117bd28fb80c.bundle,到站以後,Say,ユウ･ショウ,5,お互い頑張りましょう！,
d30c62acdc62c5c962b5117bd28fb80c.bundle,到站以後,Say,心の声,2,じーっと見つめてくる。俺にも言ってほしいのか？,
d30c62acdc62c5c962b5117bd28fb80c.bundle,到站以後,Branch,#Simple,1,ああ。頑張ろう！,
d30c62acdc62c5c962b5117bd28fb80c.bundle,到站以後,Say,ユウ･ショウ,6,うん、ファイト！,
d30c62acdc62c5c962b5117bd28fb80c.bundle,到站以後,Branch,#Simple,2,……,
d30c62acdc62c5c962b5117bd28fb80c.bundle,到站以後,Say,ユウ･ショウ,7,えっと、その……,
d30c62acdc62c5c962b5117bd28fb80c.bundle,到站以後,Say,ユウ･ショウ,8,と、とりあえず頑張ってください、ハハ……,
d30c62acdc62c5c962b5117bd28fb80c.bundle,到站以後,Say,心の声,3,爽やかだな……,
d30c62acdc62c5c962b5117bd28fb80c.bundle,到站以後,Say,心の声,4,こういうタイプのやつは苦手だ……,
d30c62acdc62c5c962b5117bd28fb80c.bundle,到站以後,Branch,#Simple,3,気をつけたほうがいい。素人がするようなミスだぞ。,
d30c62acdc62c5c962b5117bd28fb80c.bundle,到站以後,Say,ユウ･ショウ,9,あ、うん。そうですね。,
d30c62acdc62c5c962b5117bd28fb80c.bundle,到站以後,Say,ユウ･ショウ,10,気をつけます。ハハ……,
d30c62acdc62c5c962b5117bd28fb80c.bundle,到站以後,Branch,#Simple,4,……,
d30c62acdc62c5c962b5117bd28fb80c.bundle,到站以後,Say,ユウ･ショウ,11,えっと、実は一つ聞きたいことがありまして。,
d30c62acdc62c5c962b5117bd28fb80c.bundle,到站以後,Say,ユウ･ショウ,12,ジェイさんは面接官の仕事をしているんですか？,
d30c62acdc62c5c962b5117bd28fb80c.bundle,到站以後,Branch,#Simple,5,まだ決まってないんだ。,
d30c62acdc62c5c962b5117bd28fb80c.bundle,到站以後,Branch,#Simple,6,まあ、そんなところだ。,
d30c62acdc62c5c962b5117bd28fb80c.bundle,到站以後,Say,ユウ･ショウ,13,なるほど！,
d30c62acdc62c5c962b5117bd28fb80c.bundle,到站以後,Say,ユウ･ショウ,14,すみません。急にこんなことを聞いて。,
d30c62acdc62c5c962b5117bd28fb80c.bundle,到站以後,Branch,#Simple,7,なぜその質問を？,
d30c62acdc62c5c962b5117bd28fb80c.bundle,到站以後,Branch,#Simple,8,他に質問は？,
d30c62acdc62c5c962b5117bd28fb80c.bundle,到站以後,Say,ユウ･ショウ,15,いいえ、ありません！,
d30c62acdc62c5c962b5117bd28fb80c.bundle,到站以後,Branch,#Simple,9,……,
d30c62acdc62c5c962b5117bd28fb80c.bundle,到站以後,Branch,#Simple,10,それがどうしたんだ？,
d30c62acdc62c5c962b5117bd28fb80c.bundle,到站以後,Say,ユウ･ショウ,16,その……実は工場の人に頼みたいことがありまして……,
d30c62acdc62c5c962b5117bd28fb80c.bundle,到站以後,Say,ユウ･ショウ,17,でも、まだ頼むかどうかはハッキリとは決まっていないんです。,
d30c62acdc62c5c962b5117bd28fb80c.bundle,到站以後,Say,ユウ･ショウ,18,事前に知り合いに打診しとこうかなと思いまして。,
d30c62acdc62c5c962b5117bd28fb80c.bundle,到站以後,Branch,#Simple,11,俺たちは知り合いなのか？,
d30c62acdc62c5c962b5117bd28fb80c.bundle,到站以後,Say,ユウ･ショウ,19,お互い自己紹介をしましたから知り合いです！,
d30c62acdc62c5c962b5117bd28fb80c.bundle,到站以後,Say,ユウ･ショウ,20,失礼なことに僕は忘れているようですが、以前からの顔見知りみたいですし……,
d30c62acdc62c5c962b5117bd28fb80c.bundle,到站以後,Say,ユウ･ショウ,21,でもこれで二度と忘れたりしませんから！,
d30c62acdc62c5c962b5117bd28fb80c.bundle,到站以後,Branch,#Simple,12,そうか。,
d30c62acdc62c5c962b5117bd28fb80c.bundle,到站以後,Branch,#Simple,13,……,
d30c62acdc62c5c962b5117bd28fb80c.bundle,到站以後,Branch,#Simple,14,それはあんたとは無関係だと思うが？,
d30c62acdc62c5c962b5117bd28fb80c.bundle,到站以後,Say,ユウ･ショウ,22,あ、いや……,
d30c62acdc62c5c962b5117bd28fb80c.bundle,到站以後,Say,ユウ･ショウ,23,ちょっと聞いてみただけです……,
d30c62acdc62c5c962b5117bd28fb80c.bundle,到站以後,Say,エイミ･カク,0,ユウ、サボってないで早く来なさい。,
d30c62acdc62c5c962b5117bd28fb80c.bundle,到站以後,Say,ユウ･ショウ,24,あ、はい。すぐ行きます。,
d30c62acdc62c5c962b5117bd28fb80c.bundle,到站以後,Say,ユウ･ショウ,25,お邪魔してすみませんでした。,
d30c62acdc62c5c962b5117bd28fb80c.bundle,到站以後,Say,ユウ･ショウ,26,仕事頑張ってください。,
d30c62acdc62c5c962b5117bd28fb80c.bundle,主角想一下今天要幹嘛,Say,心の声,0,そうだ。昨日は聞きそびれたが……,
d30c62acdc62c5c962b5117bd28fb80c.bundle,主角想一下今天要幹嘛,Say,心の声,1,今日はどこに行けばいいんだ？,
d30c62acdc62c5c962b5117bd28fb80c.bundle,主角想一下今天要幹嘛,Say,心の声,2,とりあえず制服に着替えてからチーフか、イファマネージャーに聞いてみよう。,
d30c62acdc62c5c962b5117bd28fb80c.bundle,跟俊恩等地窖電梯,Say,シュン･ゴ,0,あなたはせっかちな人ですね。,
d30c62acdc62c5c962b5117bd28fb80c.bundle,跟俊恩等地窖電梯,Branch,#Simple,0,なぜですか？,
d30c62acdc62c5c962b5117bd28fb80c.bundle,跟俊恩等地窖電梯,Say,シュン･ゴ,1,ずっと走っていたので。,
d30c62acdc62c5c962b5117bd28fb80c.bundle,跟俊恩等地窖電梯,Say,心の声,0,……確かにそうだが。,
d30c62acdc62c5c962b5117bd28fb80c.bundle,跟俊恩等地窖電梯,Branch,#Simple,1,確かにせっかちかもしれません。,
d30c62acdc62c5c962b5117bd28fb80c.bundle,跟俊恩等地窖電梯,Say,シュン･ゴ,2,ええ。,
d30c62acdc62c5c962b5117bd28fb80c.bundle,跟俊恩等地窖電梯,Branch,#Simple,2,……,
d30c62acdc62c5c962b5117bd28fb80c.bundle,跟俊恩等地窖電梯,Say,シュン･ゴ,3,セラーに行くにはここにある高速エレベーターを使わないと行けません。,
d30c62acdc62c5c962b5117bd28fb80c.bundle,跟俊恩等地窖電梯,Branch,#Simple,3,なぜですか？,
d30c62acdc62c5c962b5117bd28fb80c.bundle,跟俊恩等地窖電梯,Say,シュン･ゴ,4,地下深くにあるセラーに行くには、通常のエレベーターだとかなり時間がかかるからです。,
d30c62acdc62c5c962b5117bd28fb80c.bundle,跟俊恩等地窖電梯,Say,シュン･ゴ,5,それにセラーの環境はかなり劣悪なため、電子設備が壊れやすいのです。,
d30c62acdc62c5c962b5117bd28fb80c.bundle,跟俊恩等地窖電梯,Say,シュン･ゴ,6,ですから、こういった強化されたエレベーターが必要なのです。,
d30c62acdc62c5c962b5117bd28fb80c.bundle,跟俊恩等地窖電梯,Branch,#Simple,4,わかりました。,
d30c62acdc62c5c962b5117bd28fb80c.bundle,跟俊恩等地窖電梯,Branch,#Simple,5,……,
d30c62acdc62c5c962b5117bd28fb80c.bundle,跟俊恩等地窖電梯,Say,シュン･ゴ,7,でも、数はここにある数台のみなので、待ち時間がとても長いのが難点ですね。,
d30c62acdc62c5c962b5117bd28fb80c.bundle,跟俊恩等地窖電梯,Say,シュン･ゴ,8,この三台のエレベーターを操作組と修築組が共用で使っています。,
d30c62acdc62c5c962b5117bd28fb80c.bundle,跟俊恩等地窖電梯,Say,シュン･ゴ,9,操作組の人があまり上に上がってこない理由がこれです。,
d30c62acdc62c5c962b5117bd28fb80c.bundle,跟俊恩等地窖電梯,Say,シュン･ゴ,10,通勤退勤以外でこのエレベーターを待ち続けるのはとてもストレスになります。,
d30c62acdc62c5c962b5117bd28fb80c.bundle,跟俊恩等地窖電梯,Say,シュン･ゴ,11,ですから、ほとんど修築組の人が使っています。,
d30c62acdc62c5c962b5117bd28fb80c.bundle,跟俊恩等地窖電梯,Say,シュン･ゴ,12,修築組はサイレントのメイン施設の修理を担当しています。セラーもその一つです。,
d30c62acdc62c5c962b5117bd28fb80c.bundle,跟俊恩等地窖電梯,Say,心の声,1,急に饒舌になった……,
d30c62acdc62c5c962b5117bd28fb80c.bundle,跟俊恩等地窖電梯,Branch,#Simple,6,メイン施設？,
d30c62acdc62c5c962b5117bd28fb80c.bundle,跟俊恩等地窖電梯,Say,シュン･ゴ,13,はい。あなたがこれまで見てきたものは、サイレントの表面の部分なのです。,
d30c62acdc62c5c962b5117bd28fb80c.bundle,跟俊恩等地窖電梯,Branch,#Simple,7,地下はセラーのみでは？,
d30c62acdc62c5c962b5117bd28fb80c.bundle,跟俊恩等地窖電梯,Say,シュン･ゴ,14,そう思われても仕方ないですね。でも実際は違います。,
d30c62acdc62c5c962b5117bd28fb80c.bundle,跟俊恩等地窖電梯,Branch,#Simple,8,……,
d30c62acdc62c5c962b5117bd28fb80c.bundle,跟俊恩等地窖電梯,Say,シュン･ゴ,15,ここは工場ですから、様々な大型マシンが動いています。,
d30c62acdc62c5c962b5117bd28fb80c.bundle,跟俊恩等地窖電梯,Say,シュン･ゴ,16,それらのほとんどが地下深くにあり、最も深い場所にあるのがセラーなだけです。,
d30c62acdc62c5c962b5117bd28fb80c.bundle,跟俊恩等地窖電梯,Say,心の声,2,冗談を言わない真面目な人間のようだ……,
d30c62acdc62c5c962b5117bd28fb80c.bundle,跟俊恩等地窖電梯,Say,心の声,3,それはそれでいい。俺もこっちの方が話しやすいからな。,
d30c62acdc62c5c962b5117bd28fb80c.bundle,跟俊恩等地窖電梯,Say,シュン･ゴ,17,……,
d30c62acdc62c5c962b5117bd28fb80c.bundle,跟俊恩等地窖電梯,Say,シュン･ゴ,18,しばらく待っている間に、何か聞きたいことはありますか？,
d30c62acdc62c5c962b5117bd28fb80c.bundle,跟俊恩等地窖電梯,Branch,#Simple,9,セラーはどんな場所ですか？,
d30c62acdc62c5c962b5117bd28fb80c.bundle,跟俊恩等地窖電梯,Say,シュン･ゴ,19,簡単に言えば、とても広い空間です。,
d30c62acdc62c5c962b5117bd28fb80c.bundle,跟俊恩等地窖電梯,Say,心の声,4,……は？,
d30c62acdc62c5c962b5117bd28fb80c.bundle,跟俊恩等地窖電梯,Branch,#Simple,10,……はい？,
d30c62acdc62c5c962b5117bd28fb80c.bundle,跟俊恩等地窖電梯,Branch,#Simple,11,もう少し詳しく説明してくれませんか？,
d30c62acdc62c5c962b5117bd28fb80c.bundle,跟俊恩等地窖電梯,Say,シュン･ゴ,20,そうですね……,
d30c62acdc62c5c962b5117bd28fb80c.bundle,跟俊恩等地窖電梯,Say,シュン･ゴ,21,暗くて、寒くて、金属の壁に包まれています。,
d30c62acdc62c5c962b5117bd28fb80c.bundle,跟俊恩等地窖電梯,Say,心の声,5,……,
d30c62acdc62c5c962b5117bd28fb80c.bundle,跟俊恩等地窖電梯,Branch,#Simple,12,わかりました。ありがとうございます。,
d30c62acdc62c5c962b5117bd28fb80c.bundle,跟俊恩等地窖電梯,Say,シュン･ゴ,22,いいえ、あなたに説明するのは私の仕事ですから。,
d30c62acdc62c5c962b5117bd28fb80c.bundle,跟俊恩等地窖電梯,Branch,#Simple,13,それだけじゃわかりません。,
d30c62acdc62c5c962b5117bd28fb80c.bundle,跟俊恩等地窖電梯,Say,シュン･ゴ,23,……,
d30c62acdc62c5c962b5117bd28fb80c.bundle,跟俊恩等地窖電梯,Say,シュン･ゴ,24,すみません。こういうのは苦手でして。,
d30c62acdc62c5c962b5117bd28fb80c.bundle,跟俊恩等地窖電梯,Say,心の声,6,本当に申し訳なさそうにしている……,
d30c62acdc62c5c962b5117bd28fb80c.bundle,跟俊恩等地窖電梯,Say,シュン･ゴ,25,本当にすみません。,
d30c62acdc62c5c962b5117bd28fb80c.bundle,跟俊恩等地窖電梯,Branch,#Simple,14,いえ、気にしないでください。,
d30c62acdc62c5c962b5117bd28fb80c.bundle,跟俊恩等地窖電梯,Say,シュン･ゴ,26,ありがとうございます。,
d30c62acdc62c5c962b5117bd28fb80c.bundle,跟俊恩等地窖電梯,Say,心の声,7,笑った。,
d30c62acdc62c5c962b5117bd28fb80c.bundle,跟俊恩等地窖電梯,Branch,#Simple,15,……,
d30c62acdc62c5c962b5117bd28fb80c.bundle,跟俊恩等地窖電梯,Branch,#Simple,16,……,
d30c62acdc62c5c962b5117bd28fb80c.bundle,跟俊恩等地窖電梯,Branch,#Simple,17,……,
d30c62acdc62c5c962b5117bd28fb80c.bundle,跟俊恩等地窖電梯,Say,シュン･ゴ,27,実は選別組のシンカ･シェはよく操作組に来ているようです。,
d30c62acdc62c5c962b5117bd28fb80c.bundle,跟俊恩等地窖電梯,Say,シュン･ゴ,28,セラーについて知っている彼女からは何も聞いていないのですか？,
d30c62acdc62c5c962b5117bd28fb80c.bundle,跟俊恩等地窖電梯,Branch,#Simple,18,聞いてないです。,
d30c62acdc62c5c962b5117bd28fb80c.bundle,跟俊恩等地窖電梯,Branch,#Simple,19,彼女が操作組に行ってたことを知りませんでした。,
d30c62acdc62c5c962b5117bd28fb80c.bundle,跟俊恩等地窖電梯,Say,シュン･ゴ,29,そうですか……,
d30c62acdc62c5c962b5117bd28fb80c.bundle,跟俊恩等地窖電梯,Say,心の声,8,確かにシンカが昨日セラーの話をしてたな……,
d30c62acdc62c5c962b5117bd28fb80c.bundle,跟俊恩等地窖電梯,Branch,#Simple,20,とても広いのに圧迫感がある空間だと言ってました。,
d30c62acdc62c5c962b5117bd28fb80c.bundle,跟俊恩等地窖電梯,Say,シュン･ゴ,30,そうですか。,
d30c62acdc62c5c962b5117bd28fb80c.bundle,跟俊恩等地窖電梯,Say,シュン･ゴ,31,さすがシンカですね。私よりずっとわかりやすく説明しています。,
d30c62acdc62c5c962b5117bd28fb80c.bundle,跟俊恩等地窖電梯,Say,心の声,9,いや、どっちもどっちだと思うが……,
d30c62acdc62c5c962b5117bd28fb80c.bundle,跟俊恩等地窖電梯,Branch,#Simple,21,彼女の説明も曖昧でわかりづらいです。,
d30c62acdc62c5c962b5117bd28fb80c.bundle,跟俊恩等地窖電梯,Say,シュン･ゴ,32,そうですか……,
d30c62acdc62c5c962b5117bd28fb80c.bundle,跟俊恩等地窖電梯,Say,シュン･ゴ,33,やはり実際に見てみるしかありませんね。,
d30c62acdc62c5c962b5117bd28fb80c.bundle,跟俊恩等地窖電梯,Branch,#Simple,22,操作組と選別組は仲が悪いんですか？,
d30c62acdc62c5c962b5117bd28fb80c.bundle,跟俊恩等地窖電梯,Say,シュン･ゴ,34,その質問は……,
d30c62acdc62c5c962b5117bd28fb80c.bundle,跟俊恩等地窖電梯,Say,心の声,10,急な質問に驚いてるようだ。,
d30c62acdc62c5c962b5117bd28fb80c.bundle,跟俊恩等地窖電梯,Say,シュン･ゴ,35,……,
d30c62acdc62c5c962b5117bd28fb80c.bundle,跟俊恩等地窖電梯,Say,シュン･ゴ,36,悪くないと言ったら嘘になります。,
d30c62acdc62c5c962b5117bd28fb80c.bundle,跟俊恩等地窖電梯,Say,シュン･ゴ,37,理由がとても複雑なのです。,
d30c62acdc62c5c962b5117bd28fb80c.bundle,跟俊恩等地窖電梯,Say,シュン･ゴ,38,簡単にお話しすると……,
d30c62acdc62c5c962b5117bd28fb80c.bundle,跟俊恩等地窖電梯,Say,シュン･ゴ,39,選別組の人たちは工場運営の基本知識を知らないため、,
d30c62acdc62c5c962b5117bd28fb80c.bundle,跟俊恩等地窖電梯,Say,シュン･ゴ,40,やり方や決断で私たちと衝突するんです。,
d30c62acdc62c5c962b5117bd28fb80c.bundle,跟俊恩等地窖電梯,Branch,#Simple,23,選別組の知識が足りないってことですか？,
d30c62acdc62c5c962b5117bd28fb80c.bundle,跟俊恩等地窖電梯,Branch,#Simple,24,どんな場面で衝突するんですか？,
d30c62acdc62c5c962b5117bd28fb80c.bundle,跟俊恩等地窖電梯,Say,シュン･ゴ,41,それは……,
d30c62acdc62c5c962b5117bd28fb80c.bundle,跟俊恩等地窖電梯,Say,シュン･ゴ,42,私たちの仕事をもう少し知ってからの方がいいと思います。,
d30c62acdc62c5c962b5117bd28fb80c.bundle,跟俊恩等地窖電梯,Say,シュン･ゴ,43,下に着いたら詳しく説明しますので。,
d30c62acdc62c5c962b5117bd28fb80c.bundle,跟俊恩等地窖電梯,Branch,#Simple,25,……,
d30c62acdc62c5c962b5117bd28fb80c.bundle,跟俊恩等地窖電梯,Say,シュン･ゴ,44,正直に言うと、双方の不仲や衝突は情報の差によるものだと思います。,
d30c62acdc62c5c962b5117bd28fb80c.bundle,跟俊恩等地窖電梯,Say,シュン･ゴ,45,彼らがこの工場の稼働原理を理解しない限り、現状のままだと思います。,
d30c62acdc62c5c962b5117bd28fb80c.bundle,跟俊恩等地窖電梯,Say,心の声,11,諦めたような言い方だな……,
d30c62acdc62c5c962b5117bd28fb80c.bundle,跟俊恩等地窖電梯,Say,シュン･ゴ,46,でも、状況が変わる見込みもあります。,
d30c62acdc62c5c962b5117bd28fb80c.bundle,跟俊恩等地窖電梯,Say,シュン･ゴ,47,マネージャーの新しい制度により、あなたみたいな新人が操作組を知ることになります。,
d30c62acdc62c5c962b5117bd28fb80c.bundle,跟俊恩等地窖電梯,Say,シュン･ゴ,48,上手くいくかはわかりませんが、何かは変わるでしょう。,
d30c62acdc62c5c962b5117bd28fb80c.bundle,跟俊恩等地窖電梯,Say,シュン･ゴ,49,今のは良い質問だったと思います。他に聞きたいことはありますか？,
d30c62acdc62c5c962b5117bd28fb80c.bundle,跟俊恩等地窖電梯,Branch,#Simple,26,どうしてシンカはよく操作組に？,
d30c62acdc62c5c962b5117bd28fb80c.bundle,跟俊恩等地窖電梯,Say,シュン･ゴ,50,シンカ･シェですか？,
d30c62acdc62c5c962b5117bd28fb80c.bundle,跟俊恩等地窖電梯,Say,シュン･ゴ,51,彼女は研修を受けているんです。それで私たちのところでサイレントのベースシステムの構造を学んでいます。,
d30c62acdc62c5c962b5117bd28fb80c.bundle,跟俊恩等地窖電梯,Say,心の声,12,学ぶ？,
d30c62acdc62c5c962b5117bd28fb80c.bundle,跟俊恩等地窖電梯,Say,心の声,13,でもボーちゃんとの喧嘩では操作組の手伝いをしてたって言ってた……,
d30c62acdc62c5c962b5117bd28fb80c.bundle,跟俊恩等地窖電梯,Branch,#Simple,27,彼女はあなたたちの手伝いをしていたと言ってましたが。,
d30c62acdc62c5c962b5117bd28fb80c.bundle,跟俊恩等地窖電梯,Say,シュン･ゴ,52,そうですか……,
d30c62acdc62c5c962b5117bd28fb80c.bundle,跟俊恩等地窖電梯,Branch,#Simple,28,もしかしてシンカ･シェは操作組への異動を？,
d30c62acdc62c5c962b5117bd28fb80c.bundle,跟俊恩等地窖電梯,Say,シュン･ゴ,53,えっと……それは……,
d30c62acdc62c5c962b5117bd28fb80c.bundle,跟俊恩等地窖電梯,Branch,#Simple,29,……,
d30c62acdc62c5c962b5117bd28fb80c.bundle,跟俊恩等地窖電梯,Branch,#Simple,30,……,
d30c62acdc62c5c962b5117bd28fb80c.bundle,跟俊恩等地窖電梯,Say,シュン･ゴ,54,彼女はそういったことについて話していなかったのですか？,
d30c62acdc62c5c962b5117bd28fb80c.bundle,跟俊恩等地窖電梯,Branch,#Simple,31,彼女に聞いたりもしてないので。,
d30c62acdc62c5c962b5117bd28fb80c.bundle,跟俊恩等地窖電梯,Branch,#Simple,32,彼女が自ら話したことはありませんね。,
d30c62acdc62c5c962b5117bd28fb80c.bundle,跟俊恩等地窖電梯,Say,シュン･ゴ,55,つまり、彼女自身はまだ言うつもりはないってことですね。,
d30c62acdc62c5c962b5117bd28fb80c.bundle,跟俊恩等地窖電梯,Say,シュン･ゴ,56,このままだと、彼女が話したくないことをうっかり言ってしまいそうです。,
d30c62acdc62c5c962b5117bd28fb80c.bundle,跟俊恩等地窖電梯,Say,シュン･ゴ,57,……,
d30c62acdc62c5c962b5117bd28fb80c.bundle,跟俊恩等地窖電梯,Say,シュン･ゴ,58,この話題はここまでにしましょう。他の人にはまだ知られたくない話かもしれないので。,
d30c62acdc62c5c962b5117bd28fb80c.bundle,跟俊恩等地窖電梯,Branch,#Simple,33,それは考えすぎでは？,
d30c62acdc62c5c962b5117bd28fb80c.bundle,跟俊恩等地窖電梯,Branch,#Simple,34,どうしてそう思うのですか？,
d30c62acdc62c5c962b5117bd28fb80c.bundle,跟俊恩等地窖電梯,Say,シュン･ゴ,59,彼女はとても繊細で敏感な人だと思いますよ。,
d30c62acdc62c5c962b5117bd28fb80c.bundle,跟俊恩等地窖電梯,Say,シュン･ゴ,60,それに彼女は周りの同僚からの評価を気にしているようです。だから話題を変えましょう。,
d30c62acdc62c5c962b5117bd28fb80c.bundle,跟俊恩等地窖電梯,Branch,#Simple,35,同僚？誰のことかは言ってましたか？,
d30c62acdc62c5c962b5117bd28fb80c.bundle,跟俊恩等地窖電梯,Say,シュン･ゴ,61,わかりません。でも仲の良い数人のことでしょう。,
d30c62acdc62c5c962b5117bd28fb80c.bundle,跟俊恩等地窖電梯,Branch,#Simple,36,彼女はどうして操作組に？,
d30c62acdc62c5c962b5117bd28fb80c.bundle,跟俊恩等地窖電梯,Branch,#Simple,37,……,
d30c62acdc62c5c962b5117bd28fb80c.bundle,跟俊恩等地窖電梯,Branch,#Simple,38,わかりました。,
d30c62acdc62c5c962b5117bd28fb80c.bundle,跟俊恩等地窖電梯,Branch,#Simple,39,やっぱり聞きたいです。,
d30c62acdc62c5c962b5117bd28fb80c.bundle,跟俊恩等地窖電梯,Say,シュン･ゴ,62,申し訳ないが、この話題を続ける気は一切ないです。,
d30c62acdc62c5c962b5117bd28fb80c.bundle,跟俊恩等地窖電梯,Say,心の声,14,急に語気が強くなった。,
d30c62acdc62c5c962b5117bd28fb80c.bundle,跟俊恩等地窖電梯,Branch,#Simple,40,ちょっとだけ聞かせてください。,
d30c62acdc62c5c962b5117bd28fb80c.bundle,跟俊恩等地窖電梯,Say,シュン･ゴ,63,私の考えを尊重してもらえますか？,
d30c62acdc62c5c962b5117bd28fb80c.bundle,跟俊恩等地窖電梯,Say,心の声,15,怒らせてしまった……,
d30c62acdc62c5c962b5117bd28fb80c.bundle,跟俊恩等地窖電梯,Branch,#Simple,41,わかりました。話を変えましょう。,
d30c62acdc62c5c962b5117bd28fb80c.bundle,跟俊恩等地窖電梯,Say,シュン･ゴ,64,はぁ……,
d30c62acdc62c5c962b5117bd28fb80c.bundle,跟俊恩等地窖電梯,Branch,#Simple,42,……,
d30c62acdc62c5c962b5117bd28fb80c.bundle,跟俊恩等地窖電梯,Branch,#Simple,43,はい、わかりました。,
d30c62acdc62c5c962b5117bd28fb80c.bundle,跟俊恩等地窖電梯,Say,シュン･ゴ,65,ありがとうございます。,
d30c62acdc62c5c962b5117bd28fb80c.bundle,跟俊恩等地窖電梯,Branch,#Simple,44,なぜ礼を？,
d30c62acdc62c5c962b5117bd28fb80c.bundle,跟俊恩等地窖電梯,Say,シュン･ゴ,66,深追いせずに察してくれたので。,
d30c62acdc62c5c962b5117bd28fb80c.bundle,跟俊恩等地窖電梯,Say,シュン･ゴ,67,このまま問い詰められていたら、私はいつか冷静さを欠き感情を露わにしていたかもしれません。,
d30c62acdc62c5c962b5117bd28fb80c.bundle,跟俊恩等地窖電梯,Say,シュン･ゴ,68,気難しい人間だと思ってほしくはないですが、シンカのプライベートを他言するつもりもありません。,
d30c62acdc62c5c962b5117bd28fb80c.bundle,跟俊恩等地窖電梯,Say,心の声,16,考えすぎじゃないか……,
d30c62acdc62c5c962b5117bd28fb80c.bundle,跟俊恩等地窖電梯,Branch,#Simple,45,あれこれ考えすぎる人ですね。,
d30c62acdc62c5c962b5117bd28fb80c.bundle,跟俊恩等地窖電梯,Say,シュン･ゴ,69,確かに神経質だとよく言われます。,
d30c62acdc62c5c962b5117bd28fb80c.bundle,跟俊恩等地窖電梯,Say,シュン･ゴ,70,その点は私自身も認識しています。,
d30c62acdc62c5c962b5117bd28fb80c.bundle,跟俊恩等地窖電梯,Say,シュン･ゴ,71,不快に思われたならすみません。,
d30c62acdc62c5c962b5117bd28fb80c.bundle,跟俊恩等地窖電梯,Say,心の声,17,彼は気まずそうに笑った。,
d30c62acdc62c5c962b5117bd28fb80c.bundle,跟俊恩等地窖電梯,Branch,#Simple,46,こちらこそ困らせてすみませんでした。,
d30c62acdc62c5c962b5117bd28fb80c.bundle,跟俊恩等地窖電梯,Say,シュン･ゴ,72,いいえ、私はかなり神経質な性格をしているので。,
d30c62acdc62c5c962b5117bd28fb80c.bundle,跟俊恩等地窖電梯,Say,シュン･ゴ,73,その点は私自身も認識しています。,
d30c62acdc62c5c962b5117bd28fb80c.bundle,跟俊恩等地窖電梯,Say,シュン･ゴ,74,不快に思われたならすみません。,
d30c62acdc62c5c962b5117bd28fb80c.bundle,跟俊恩等地窖電梯,Say,心の声,18,彼は気まずそうに笑った。,
d30c62acdc62c5c962b5117bd28fb80c.bundle,跟俊恩等地窖電梯,Branch,#Simple,47,……,
d30c62acdc62c5c962b5117bd28fb80c.bundle,跟俊恩等地窖電梯,Branch,#Simple,48,いいえ、礼を言うのはこっちです。,
d30c62acdc62c5c962b5117bd28fb80c.bundle,跟俊恩等地窖電梯,Say,心の声,19,……今、俺は何を？,
d30c62acdc62c5c962b5117bd28fb80c.bundle,跟俊恩等地窖電梯,Say,シュン･ゴ,75,それはどうして？,
d30c62acdc62c5c962b5117bd28fb80c.bundle,跟俊恩等地窖電梯,Branch,#Simple,49,これでうっかり彼女の秘密を話してしまうこともなくなりました。,
d30c62acdc62c5c962b5117bd28fb80c.bundle,跟俊恩等地窖電梯,Say,シュン･ゴ,76,シンカは繊細な人ですから、慎重に接した方がいいですね。,
d30c62acdc62c5c962b5117bd28fb80c.bundle,跟俊恩等地窖電梯,Say,心の声,20,そうなのか……,
d30c62acdc62c5c962b5117bd28fb80c.bundle,跟俊恩等地窖電梯,Branch,#Simple,50,彼女に不快な思いをしてほしくないので。,
d30c62acdc62c5c962b5117bd28fb80c.bundle,跟俊恩等地窖電梯,Say,シュン･ゴ,77,優しいですね。,
d30c62acdc62c5c962b5117bd28fb80c.bundle,跟俊恩等地窖電梯,Say,心の声,21,こういうのが優しさなのか……,
d30c62acdc62c5c962b5117bd28fb80c.bundle,跟俊恩等地窖電梯,Branch,#Simple,51,……,
d30c62acdc62c5c962b5117bd28fb80c.bundle,跟俊恩等地窖電梯,Branch,#Simple,52,……,
d30c62acdc62c5c962b5117bd28fb80c.bundle,跟俊恩等地窖電梯,Say,シュン･ゴ,78,他の話題に移りましょう。,
d30c62acdc62c5c962b5117bd28fb80c.bundle,跟俊恩等地窖電梯,Branch,#Simple,53,もう聞きたいことはありません。,
d30c62acdc62c5c962b5117bd28fb80c.bundle,跟俊恩等地窖電梯,Say,シュン･ゴ,79,わかりました。,
d30c62acdc62c5c962b5117bd28fb80c.bundle,地窖電梯間,Say,シュン･ゴ,0,着きました。,
d30c62acdc62c5c962b5117bd28fb80c.bundle,地窖電梯間,Say,心の声,0,長かった……,
d30c62acdc62c5c962b5117bd28fb80c.bundle,地窖電梯間,Say,心の声,1,地上まで何キロなんだ？,
d30c62acdc62c5c962b5117bd28fb80c.bundle,地窖電梯間,Say,シュン･ゴ,1,先にジソ･ソンに頼まれたことを済ませるので、少々お待ちを。,
d30c62acdc62c5c962b5117bd28fb80c.bundle,俊恩停在地窖中間,Say,シュン･ゴ,0,ここがセラーです。,
d30c62acdc62c5c962b5117bd28fb80c.bundle,俊恩停在地窖中間,Say,心の声,0,これは……,
d30c62acdc62c5c962b5117bd28fb80c.bundle,俊恩停在地窖中間,Say,シュン･ゴ,1,ここからではわからないと思いますが、上で吊るされているのは演算力供給中の人です。,
d30c62acdc62c5c962b5117bd28fb80c.bundle,俊恩停在地窖中間,Say,心の声,1,そのまま吊してるのか……,
d30c62acdc62c5c962b5117bd28fb80c.bundle,俊恩停在地窖中間,Say,シュン･ゴ,2,選別組が選んだマイナーをその上に吊るのも、私たちの仕事の一つです。,
d30c62acdc62c5c962b5117bd28fb80c.bundle,俊恩停在地窖中間,Say,シュン･ゴ,3,想像していたものと違いましたか？,
d30c62acdc62c5c962b5117bd28fb80c.bundle,俊恩停在地窖中間,Branch,#Simple,0,カプセルの中に入ると思ってました。,
d30c62acdc62c5c962b5117bd28fb80c.bundle,俊恩停在地窖中間,Branch,#Simple,1,もっとハイテクなやり方だと思ってました。,
d30c62acdc62c5c962b5117bd28fb80c.bundle,俊恩停在地窖中間,Say,シュン･ゴ,4,わかります。,
d30c62acdc62c5c962b5117bd28fb80c.bundle,俊恩停在地窖中間,Say,シュン･ゴ,5,この業界に入るまでは私もそう思っていました。,
d30c62acdc62c5c962b5117bd28fb80c.bundle,俊恩停在地窖中間,Branch,#Simple,2,近からずも遠からずですね。,
d30c62acdc62c5c962b5117bd28fb80c.bundle,俊恩停在地窖中間,Say,シュン･ゴ,6,そうですか？私は驚きました。,
d30c62acdc62c5c962b5117bd28fb80c.bundle,俊恩停在地窖中間,Say,シュン･ゴ,7,私が知ってる限り、一般的には……,
d30c62acdc62c5c962b5117bd28fb80c.bundle,俊恩停在地窖中間,Say,シュン･ゴ,8,もっと快適なものを想像されているはずですから。,
d30c62acdc62c5c962b5117bd28fb80c.bundle,俊恩停在地窖中間,Say,シュン･ゴ,9,こんな一面を公にしたい企業なんていませんから知る由もないですね。,
d30c62acdc62c5c962b5117bd28fb80c.bundle,俊恩停在地窖中間,Say,シュン･ゴ,10,でも考えればわかることでもあるのです……,
d30c62acdc62c5c962b5117bd28fb80c.bundle,俊恩停在地窖中間,Say,シュン･ゴ,11,多すぎるブレマイ応募者たちに経費をかけるわけがないのです。,
d30c62acdc62c5c962b5117bd28fb80c.bundle,俊恩停在地窖中間,Say,シュン･ゴ,12,そもそもサイレントのマシンも古いですし、演算力供給者に付ける装置もなるべく低コストのものにしています。,
d30c62acdc62c5c962b5117bd28fb80c.bundle,俊恩停在地窖中間,Say,シュン･ゴ,13,工場は収容数を最大限に増やすことが目標です。それにこの業界で一番コストが低いのは人間そのものですしね。,
d30c62acdc62c5c962b5117bd28fb80c.bundle,俊恩停在地窖中間,Say,心の声,2,……,
d30c62acdc62c5c962b5117bd28fb80c.bundle,俊恩停在地窖中間,Say,シュン･ゴ,14,到着まであと少しです。,
d30c62acdc62c5c962b5117bd28fb80c.bundle,抵達操作組停車間,Say,シュン･ゴ,0,着きました。降りてください。,
d30c62acdc62c5c962b5117bd28fb80c.bundle,安裝發送走廊說明,Say,シュン･ゴ,0,こちらは廊下です。演算力供給へ向かう人間はここに送り込まれます。,
d30c62acdc62c5c962b5117bd28fb80c.bundle,安裝發送走廊說明,Say,シュン･ゴ,1,その機械で彼らを固定して栄養剤を注入し、さらに演算力供給に必要なユニットを装着させます。,
d30c62acdc62c5c962b5117bd28fb80c.bundle,安裝發送走廊說明,Say,シュン･ゴ,2,それが終わった後はセラーに送ります。それを私たちは「棚上げ」と呼んでいます。,
d30c62acdc62c5c962b5117bd28fb80c.bundle,安裝發送走廊說明,Branch,#Simple,0,痛みはありますか？,
d30c62acdc62c5c962b5117bd28fb80c.bundle,安裝發送走廊說明,Branch,#Simple,1,気持ちのいいものではありませんね。,
d30c62acdc62c5c962b5117bd28fb80c.bundle,安裝發送走廊說明,Say,シュン･ゴ,3,どうでしょう。私はやったことがないのでわかりません。,
d30c62acdc62c5c962b5117bd28fb80c.bundle,安裝發送走廊說明,Say,シュン･ゴ,4,……,
d30c62acdc62c5c962b5117bd28fb80c.bundle,安裝發送走廊說明,Say,シュン･ゴ,5,ですが、気持ちのいいものではないと思います。,
d30c62acdc62c5c962b5117bd28fb80c.bundle,安裝發送走廊說明,Branch,#Simple,2,……,
d30c62acdc62c5c962b5117bd28fb80c.bundle,安裝發送走廊說明,Say,シュン･ゴ,6,ここに並んでいるのは選別組が選んだ人たちです。,
d30c62acdc62c5c962b5117bd28fb80c.bundle,安裝發送走廊說明,Say,心の声,0,みんな朦朧としてるように見える……,
d30c62acdc62c5c962b5117bd28fb80c.bundle,安裝發送走廊說明,Say,シュン･ゴ,7,彼らは工場から支給される特殊制服に着替え、ここで棚上げを待ちます。,
d30c62acdc62c5c962b5117bd28fb80c.bundle,安裝發送走廊說明,Say,シュン･ゴ,8,こういった棚上げステーションは、セラーに10個あります。,
d30c62acdc62c5c962b5117bd28fb80c.bundle,安裝發送走廊說明,Say,ヒコウ･シュウ,0,サブチーフ！,
d30c62acdc62c5c962b5117bd28fb80c.bundle,安裝發送走廊說明,Say,シュン･ゴ,9,休憩中ですか？,
d30c62acdc62c5c962b5117bd28fb80c.bundle,安裝發送走廊說明,Say,ヒコウ･シュウ,1,はい、もうすぐ棚上げが始まりますよ。,
d30c62acdc62c5c962b5117bd28fb80c.bundle,安裝發送走廊說明,Say,シュン･ゴ,10,ご苦労さまです。,
d30c62acdc62c5c962b5117bd28fb80c.bundle,安裝發送走廊說明,Say,ヒコウ･シュウ,2,いやいや、サブチーフこそ本当にご苦労様です！,
d30c62acdc62c5c962b5117bd28fb80c.bundle,安裝發送走廊說明,Say,セリン･コウ,0,私はサブチーフより大変なんだけどな！,
d30c62acdc62c5c962b5117bd28fb80c.bundle,安裝發送走廊說明,Say,ヒコウ･シュウ,3,嘘を言うな！,
d30c62acdc62c5c962b5117bd28fb80c.bundle,安裝發送走廊說明,Say,シュン･ゴ,11,……もうすぐ時間ですので行きましょう。もう少し歩きます。,
d30c62acdc62c5c962b5117bd28fb80c.bundle,劉漢銘可憐事件,Say,ハン･リュウ,0,あ、あぁ……！,
d30c62acdc62c5c962b5117bd28fb80c.bundle,劉漢銘可憐事件,Say,心の声,0,ハン･リュウ……！？,
d30c62acdc62c5c962b5117bd28fb80c.bundle,劉漢銘可憐事件,Say,心の声,1,目が真っ赤で明らかに変だ……！,
d30c62acdc62c5c962b5117bd28fb80c.bundle,劉漢銘可憐事件,Branch,#Simple,0,放してくれ！,
d30c62acdc62c5c962b5117bd28fb80c.bundle,劉漢銘可憐事件,Branch,#Simple,1,大丈夫ですか？,
d30c62acdc62c5c962b5117bd28fb80c.bundle,劉漢銘可憐事件,Branch,#Simple,2,……,
d30c62acdc62c5c962b5117bd28fb80c.bundle,劉漢銘可憐事件,Say,ハン･リュウ,1,わからない、お、俺は……,
d30c62acdc62c5c962b5117bd28fb80c.bundle,劉漢銘可憐事件,Say,シュン･ゴ,0,大丈夫です。落ち着いてください。,
d30c62acdc62c5c962b5117bd28fb80c.bundle,劉漢銘可憐事件,Say,ハン･リュウ,2,君は……？,
d30c62acdc62c5c962b5117bd28fb80c.bundle,劉漢銘可憐事件,Say,ハン･リュウ,3,君のことは知らないが、彼は知ってる……,
d30c62acdc62c5c962b5117bd28fb80c.bundle,劉漢銘可憐事件,Say,ハン･リュウ,4,俺を、ここに入れてくれた、人……,
d30c62acdc62c5c962b5117bd28fb80c.bundle,劉漢銘可憐事件,Say,ハン･リュウ,5,ここは、安全、なんだよな……？,
d30c62acdc62c5c962b5117bd28fb80c.bundle,劉漢銘可憐事件,Say,ハン･リュウ,6,俺は、安全だよな……？,
d30c62acdc62c5c962b5117bd28fb80c.bundle,劉漢銘可憐事件,Say,心の声,2,俺は……,
d30c62acdc62c5c962b5117bd28fb80c.bundle,劉漢銘可憐事件,Branch,#Simple,3,安全です。安心ください。,
d30c62acdc62c5c962b5117bd28fb80c.bundle,劉漢銘可憐事件,Say,ハン･リュウ,7,そ、そうか……,
d30c62acdc62c5c962b5117bd28fb80c.bundle,劉漢銘可憐事件,Say,ハン･リュウ,8,よかった……,
d30c62acdc62c5c962b5117bd28fb80c.bundle,劉漢銘可憐事件,Branch,#Simple,4,わかりません。,
d30c62acdc62c5c962b5117bd28fb80c.bundle,劉漢銘可憐事件,Branch,#Simple,5,ここに来たがったのはあんただ。責任を押し付けないでくれ。,
d30c62acdc62c5c962b5117bd28fb80c.bundle,劉漢銘可憐事件,Say,ハン･リュウ,9,で、でも……,
d30c62acdc62c5c962b5117bd28fb80c.bundle,劉漢銘可憐事件,Say,ハン･リュウ,10,こんなの、知らない、もっと……,
d30c62acdc62c5c962b5117bd28fb80c.bundle,劉漢銘可憐事件,Say,ハン･リュウ,11,俺は……,
d30c62acdc62c5c962b5117bd28fb80c.bundle,劉漢銘可憐事件,Say,心の声,3,急に目から光が消えた……,
d30c62acdc62c5c962b5117bd28fb80c.bundle,劉漢銘可憐事件,Say,シュン･ゴ,1,鎮静剤が利いたのでしょう。,
d30c62acdc62c5c962b5117bd28fb80c.bundle,劉漢銘可憐事件,Branch,#Simple,6,鎮静剤？,
d30c62acdc62c5c962b5117bd28fb80c.bundle,劉漢銘可憐事件,Branch,#Simple,7,……,
d30c62acdc62c5c962b5117bd28fb80c.bundle,劉漢銘可憐事件,Say,シュン･ゴ,2,棚上げをする時、供給者の精神が緊張状態だと危険なのです。,
d30c62acdc62c5c962b5117bd28fb80c.bundle,劉漢銘可憐事件,Say,シュン･ゴ,3,だから安全と効率向上のため、操作組は以前から鎮静剤と筋弛緩薬を注射しているのです。,
d30c62acdc62c5c962b5117bd28fb80c.bundle,劉漢銘可憐事件,Say,シュン･ゴ,4,意識が薄れ暴れることもないので、扱いやすくなります。,
d30c62acdc62c5c962b5117bd28fb80c.bundle,劉漢銘可憐事件,Say,心の声,4,だからこんなトランス状態なのか……,
d30c62acdc62c5c962b5117bd28fb80c.bundle,劉漢銘可憐事件,Say,シュン･ゴ,5,行き過ぎてると思いますか？,
d30c62acdc62c5c962b5117bd28fb80c.bundle,劉漢銘可憐事件,Branch,#Simple,8,はい。,
d30c62acdc62c5c962b5117bd28fb80c.bundle,劉漢銘可憐事件,Say,シュン･ゴ,6,……,
d30c62acdc62c5c962b5117bd28fb80c.bundle,劉漢銘可憐事件,Branch,#Simple,9,でも、必要なことだと思います。,
d30c62acdc62c5c962b5117bd28fb80c.bundle,劉漢銘可憐事件,Say,シュン･ゴ,7,そうですね。,
d30c62acdc62c5c962b5117bd28fb80c.bundle,劉漢銘可憐事件,Say,シュン･ゴ,8,これは必要なことなのです……,
d30c62acdc62c5c962b5117bd28fb80c.bundle,劉漢銘可憐事件,Say,シュン･ゴ,9,これは選別組にいれば見なくて済む部分です。,
d30c62acdc62c5c962b5117bd28fb80c.bundle,劉漢銘可憐事件,Say,心の声,5,……,
d30c62acdc62c5c962b5117bd28fb80c.bundle,劉漢銘可憐事件,Say,シュン･ゴ,10,行きましょう。,
d30c62acdc62c5c962b5117bd28fb80c.bundle,陳家騏抱怨賴潔,Say,カエ･チン,0,サブチーフ、報告したいことがあります。,
d30c62acdc62c5c962b5117bd28fb80c.bundle,陳家騏抱怨賴潔,Say,シュン･ゴ,0,今は新人の案内をしているので、後にしてください。,
d30c62acdc62c5c962b5117bd28fb80c.bundle,陳家騏抱怨賴潔,Say,カエ･チン,1,ジュジュさんに関することなんです……,
d30c62acdc62c5c962b5117bd28fb80c.bundle,跟賴潔胖胖第一次見面,Say,シュン･ゴ,0,ジュジュ･ライ。,
d30c62acdc62c5c962b5117bd28fb80c.bundle,跟賴潔胖胖第一次見面,Say,ジュジュ･ライ,0,おっと！お帰り！,
d30c62acdc62c5c962b5117bd28fb80c.bundle,跟賴潔胖胖第一次見面,Say,シュン･ゴ,1,何をしていたのですか？変ですよ？,
d30c62acdc62c5c962b5117bd28fb80c.bundle,跟賴潔胖胖第一次見面,Say,ジュジュ･ライ,1,変！？そんなことないよ！,
d30c62acdc62c5c962b5117bd28fb80c.bundle,跟賴潔胖胖第一次見面,Say,シュン･ゴ,2,それはさておき。,
d30c62acdc62c5c962b5117bd28fb80c.bundle,跟賴潔胖胖第一次見面,Say,シュン･ゴ,3,カエからまたクレームが来てます。あなたが……,
d30c62acdc62c5c962b5117bd28fb80c.bundle,跟賴潔胖胖第一次見面,Say,ジュジュ･ライ,2,そ、そーだ！,
d30c62acdc62c5c962b5117bd28fb80c.bundle,跟賴潔胖胖第一次見面,Say,ジュジュ･ライ,3,シンカちゃんは一緒じゃないの？,
d30c62acdc62c5c962b5117bd28fb80c.bundle,跟賴潔胖胖第一次見面,Say,心の声,0,ここにいる皆がシンカ･シェを知ってるようだ……,
d30c62acdc62c5c962b5117bd28fb80c.bundle,跟賴潔胖胖第一次見面,Say,シュン･ゴ,4,シンカ･シェは選別組に戻りました……,
d30c62acdc62c5c962b5117bd28fb80c.bundle,跟賴潔胖胖第一次見面,Say,シュン･ゴ,5,話題を逸らさないでください！,
d30c62acdc62c5c962b5117bd28fb80c.bundle,跟賴潔胖胖第一次見面,Say,シュン･ゴ,6,何度も言いましたが、勝手に他人のプログラムを変えないでください。そんなんじゃ仕事になりませんよ。,
d30c62acdc62c5c962b5117bd28fb80c.bundle,跟賴潔胖胖第一次見面,Say,ジュジュ･ライ,4,それはこっちのセリフよ！私は一人でできる！,
d30c62acdc62c5c962b5117bd28fb80c.bundle,雙組員來報告,Say,ユウヒン･ライ,0,サブチーフ、終わりました。,
d30c62acdc62c5c962b5117bd28fb80c.bundle,雙組員來報告,Say,シュン･ゴ,0,表E5通りに処理してくれましたか？もう品質問題を見るのは御免です。,
d30c62acdc62c5c962b5117bd28fb80c.bundle,雙組員來報告,Say,ユウヒン･ライ,1,はい。表通りにやりました。,
d30c62acdc62c5c962b5117bd28fb80c.bundle,雙組員來報告,Say,シュン･ゴ,1,わかりました。休んでいいですよ。,
d30c62acdc62c5c962b5117bd28fb80c.bundle,雙組員來報告,Say,ユウヒン･ライ,2,ありがとうございます。,
d30c62acdc62c5c962b5117bd28fb80c.bundle,雙組員來報告,Say,ギイ･カー,0,サブチーフ。,
d30c62acdc62c5c962b5117bd28fb80c.bundle,雙組員來報告,Say,シュン･ゴ,2,進捗はどうですか？,
d30c62acdc62c5c962b5117bd28fb80c.bundle,雙組員來報告,Say,ギイ･カー,1,おかげさまでループ部分の問題を解決しましたよ。,
d30c62acdc62c5c962b5117bd28fb80c.bundle,雙組員來報告,Say,シュン･ゴ,3,もう一度最初から見直すのを忘れないでくださいね。時間通りに設定しないとまた問題が起きますよ。,
d30c62acdc62c5c962b5117bd28fb80c.bundle,雙組員來報告,Say,ギイ･カー,2,はい、規定通りにまとめます。,
d30c62acdc62c5c962b5117bd28fb80c.bundle,雙組員來報告,Say,心の声,0,選別組よりずっと真面目に働いてるようだ……,
d30c62acdc62c5c962b5117bd28fb80c.bundle,雙組員來報告,Say,心の声,1,ここは多分チーフじゃなく、シュン･ゴが管理しているのだろう……,
d30c62acdc62c5c962b5117bd28fb80c.bundle,雙組員來報告,Say,シュン･ゴ,4,ジェイ、一緒に来てください。,
d30c62acdc62c5c962b5117bd28fb80c.bundle,作業員雙人組路過對話,Say,セラ･キョウ,0,その程度で作業員になるつもりかぁ？,
d30c62acdc62c5c962b5117bd28fb80c.bundle,作業員雙人組路過對話,Say,シヘイ･ヨウ,0,でも、僕は……,
d30c62acdc62c5c962b5117bd28fb80c.bundle,作業員雙人組路過對話,Say,セラ･キョウ,1,言い訳はよせ！他の作業員を見習え！,
d30c62acdc62c5c962b5117bd28fb80c.bundle,作業員雙人組路過對話,Say,シヘイ･ヨウ,1,僕は兄貴ほどまだ詳しくないんですよ！,
d30c62acdc62c5c962b5117bd28fb80c.bundle,作業員雙人組路過對話,Say,セラ･キョウ,2,わかってるならもっと努力しろ！,
d30c62acdc62c5c962b5117bd28fb80c.bundle,送架展示第一步驟,Say,セラ･キョウ,0,まずはシヘイが手本を見せる。操作は全て中央制御台で行われる。,
d30c62acdc62c5c962b5117bd28fb80c.bundle,送架展示第一步驟,Say,セラ･キョウ,1,操作はとてもシンプルだが、間違いは許されないからな。,
d30c62acdc62c5c962b5117bd28fb80c.bundle,送架展示第一步驟,Say,セラ･キョウ,2,しっかり見とけ。,
d30c62acdc62c5c962b5117bd28fb80c.bundle,送架展示第一步驟,Say,セラ･キョウ,3,まずは対象が暴れないように昏睡状態にさせる。,
d30c62acdc62c5c962b5117bd28fb80c.bundle,送架展示第一步驟,Branch,#Simple,0,すでに鎮静剤が注入されているはずでは？,
d30c62acdc62c5c962b5117bd28fb80c.bundle,送架展示第一步驟,Say,セラ･キョウ,4,ほう。ちゃんと勉強してきたようだな。,
d30c62acdc62c5c962b5117bd28fb80c.bundle,送架展示第一步驟,Say,セラ･キョウ,5,効きが弱い鎮静剤では人の運動能力を制限するには不十分だ。,
d30c62acdc62c5c962b5117bd28fb80c.bundle,送架展示第一步驟,Say,セラ･キョウ,6,ユニット装着時の痛みを和らげるためにも、今ここでさらに強い鎮静剤を打つ必要がある。,
d30c62acdc62c5c962b5117bd28fb80c.bundle,送架展示第一步驟,Branch,#Simple,1,……,
d30c62acdc62c5c962b5117bd28fb80c.bundle,送架展示第一步驟,Say,セラ･キョウ,7,シヘイ、鎮静剤の注入を。,
d30c62acdc62c5c962b5117bd28fb80c.bundle,送架展示第二步驟,Say,セラ･キョウ,0,そして、ほとんどのマイナーは数年間の演算力供給を行うことになる。,
d30c62acdc62c5c962b5117bd28fb80c.bundle,送架展示第二步驟,Say,セラ･キョウ,1,長期間拘束されるため、栄養剤と麻酔薬の混合液を入れる必要もある。,
d30c62acdc62c5c962b5117bd28fb80c.bundle,送架展示第二步驟,Say,シヘイ･ヨウ,0,えっと、今日はどれでしたっけ。,
d30c62acdc62c5c962b5117bd28fb80c.bundle,送架展示第二步驟,Say,セラ･キョウ,2,2番だ。何をやってんだ……,
d30c62acdc62c5c962b5117bd28fb80c.bundle,送架展示第二步驟,Say,シヘイ･ヨウ,1,あ、そうでした！,
d30c62acdc62c5c962b5117bd28fb80c.bundle,送架展示第二步驟,Say,セラ･キョウ,3,最後にサイレントに繋げる準備をすればいい。,
d30c62acdc62c5c962b5117bd28fb80c.bundle,送架展示第四步驟,Say,セラ･キョウ,0,対象の中枢神経の神経信号をサイレントの演算ネットワークに繋げる。,
d30c62acdc62c5c962b5117bd28fb80c.bundle,送架展示第四步驟,Say,セラ･キョウ,1,各マイナーは指定されたネットワークにしか接続できないから、隣に表示されている番号がそのネットワークのコードだ。,
d30c62acdc62c5c962b5117bd28fb80c.bundle,送架展示第四步驟,Say,セラ･キョウ,2,いいか。必ず正しい番号を入れるんだ。,
d30c62acdc62c5c962b5117bd28fb80c.bundle,送架展示第四步驟,Say,セラ･キョウ,3,シヘイ、棚に上げろ。,
d30c62acdc62c5c962b5117bd28fb80c.bundle,送架展示第四步驟,Say,セラ･キョウ,4,これで「準備完了」だ。システムは自動でマイナーをセラーに送り込む。,
d30c62acdc62c5c962b5117bd28fb80c.bundle,送架展示第四步驟,Say,セラ･キョウ,5,以上が一連の流れだ。,
d30c62acdc62c5c962b5117bd28fb80c.bundle,送架展示第四步驟,Say,セラ･キョウ,6,言った通り操作は簡単だ。手順通りにやればいい。,
d30c62acdc62c5c962b5117bd28fb80c.bundle,送架展示第四步驟,Say,心の声,0,確かに簡単だが、なぜ機械でやらないんだ……？,
d30c62acdc62c5c962b5117bd28fb80c.bundle,送架展示第四步驟,Say,セラ･キョウ,7,何か質問は？,
d30c62acdc62c5c962b5117bd28fb80c.bundle,送架展示第四步驟,Branch,#Simple,0,もう一度流れを説明してください。,
d30c62acdc62c5c962b5117bd28fb80c.bundle,送架展示第四步驟,Say,セラ･キョウ,8,そうなると思ったぜ。,
d30c62acdc62c5c962b5117bd28fb80c.bundle,送架展示第四步驟,Say,セラ･キョウ,9,シヘイ、もう一度説明してやれ。,
d30c62acdc62c5c962b5117bd28fb80c.bundle,送架展示第四步驟,Say,シヘイ･ヨウ,0,え、僕？,
d30c62acdc62c5c962b5117bd28fb80c.bundle,送架展示第四步驟,Say,セラ･キョウ,10,何か問題でも？,
d30c62acdc62c5c962b5117bd28fb80c.bundle,送架展示第四步驟,Say,シヘイ･ヨウ,1,わ、わかりましたよ。,
d30c62acdc62c5c962b5117bd28fb80c.bundle,送架展示第四步驟,Say,シヘイ･ヨウ,2,まずは強化鎮静剤を注入する。,
d30c62acdc62c5c962b5117bd28fb80c.bundle,送架展示第四步驟,Say,シヘイ･ヨウ,3,それから混合液。,
d30c62acdc62c5c962b5117bd28fb80c.bundle,送架展示第四步驟,Say,シヘイ･ヨウ,4,混合液は選択する必要があって……,
d30c62acdc62c5c962b5117bd28fb80c.bundle,送架展示第四步驟,Say,シヘイ･ヨウ,5,……,
d30c62acdc62c5c962b5117bd28fb80c.bundle,送架展示第四步驟,Say,シヘイ･ヨウ,6,2番！今日は2番だ！,
d30c62acdc62c5c962b5117bd28fb80c.bundle,送架展示第四步驟,Say,セラ･キョウ,11,また忘れやがったら殴ってたぜ……,
d30c62acdc62c5c962b5117bd28fb80c.bundle,送架展示第四步驟,Say,シヘイ･ヨウ,7,そ、そして、もし混合液を入れる時にマイナーが痙攣し始めたら……,
d30c62acdc62c5c962b5117bd28fb80c.bundle,送架展示第四步驟,Say,シヘイ･ヨウ,8,すぐ電撃を与えて意識を失わせる必要がある。,
d30c62acdc62c5c962b5117bd28fb80c.bundle,送架展示第四步驟,Say,セラ･キョウ,12,ここで注意すべきは、混合液の注入時以外での痙攣は電撃を与えてはならないってことだ。,
d30c62acdc62c5c962b5117bd28fb80c.bundle,送架展示第四步驟,Say,セラ･キョウ,13,あれは痛いぞ。,
d30c62acdc62c5c962b5117bd28fb80c.bundle,送架展示第四步驟,Say,シヘイ･ヨウ,9,手順通りだったら、次はこことここだな…,
d30c62acdc62c5c962b5117bd28fb80c.bundle,送架展示第四步驟,Say,シヘイ･ヨウ,10,最後は遮断ユニットを装着し、正しいネットワーク番号を選ぶ。,
d30c62acdc62c5c962b5117bd28fb80c.bundle,送架展示第四步驟,Say,シヘイ･ヨウ,11,マイナーはそれぞれネットワークが振り分けられているから、モニターに表示されてる番号を入れないといけないんだ。,
d30c62acdc62c5c962b5117bd28fb80c.bundle,送架展示第四步驟,Say,シヘイ･ヨウ,12,以上、終わり！,
d30c62acdc62c5c962b5117bd28fb80c.bundle,送架展示第四步驟,Say,セラ･キョウ,14,ちゃんと覚えとけ。次はお前の番だ。,
d30c62acdc62c5c962b5117bd28fb80c.bundle,送架展示第四步驟,Branch,#Simple,1,簡単なことなのに、なぜここまで丁寧に教える必要が？,
d30c62acdc62c5c962b5117bd28fb80c.bundle,送架展示第四步驟,Branch,#Simple,2,どうして棚上げ作業をサイレントに任せないんですか？,
d30c62acdc62c5c962b5117bd28fb80c.bundle,送架展示第四步驟,Say,シュン･ゴ,0,危ないからです。,
d30c62acdc62c5c962b5117bd28fb80c.bundle,送架展示第四步驟,Say,シュン･ゴ,1,確かセラさんがゴルゴダはオートマティック型だと言ってました。,
d30c62acdc62c5c962b5117bd28fb80c.bundle,送架展示第四步驟,Say,シュン･ゴ,2,それでもなお、人の手でこういう重複作業をやる理由は……,
d30c62acdc62c5c962b5117bd28fb80c.bundle,送架展示第四步驟,Say,セラ･キョウ,15,こいつはもう壊れかけなんだよ！,
d30c62acdc62c5c962b5117bd28fb80c.bundle,送架展示第四步驟,Say,セラ･キョウ,16,二年前から、頻繁に故障するんだ。,
d30c62acdc62c5c962b5117bd28fb80c.bundle,送架展示第四步驟,Say,心の声,1,壊れかけ……？,
d30c62acdc62c5c962b5117bd28fb80c.bundle,送架展示第四步驟,Say,セラ･キョウ,17,自動作業中に故障しちまうと修理ができないだろ。,
d30c62acdc62c5c962b5117bd28fb80c.bundle,送架展示第四步驟,Say,シュン･ゴ,3,はい。だから常にこの制御室で作業する人が必要なのです。,
d30c62acdc62c5c962b5117bd28fb80c.bundle,送架展示第四步驟,Say,セラ･キョウ,18,フンッ、制御室ね。,
d30c62acdc62c5c962b5117bd28fb80c.bundle,送架展示第四步驟,Say,セラ･キョウ,19,ここはただの修理室だ。最初は内部検査と故障時に使う部品を置く部屋だったんだ。,
d30c62acdc62c5c962b5117bd28fb80c.bundle,送架展示第四步驟,Say,心の声,2,だからこんなに狭いのか……,
d30c62acdc62c5c962b5117bd28fb80c.bundle,送架展示第四步驟,Say,セラ･キョウ,20,俺と他のベテラン作業員がここを改造して、手動制御台を入れたんだ。,
d30c62acdc62c5c962b5117bd28fb80c.bundle,送架展示第四步驟,Say,シュン･ゴ,4,普段は自動作業をさせていますが、誰かがここを見張っていないといけないのです。,
d30c62acdc62c5c962b5117bd28fb80c.bundle,送架展示第四步驟,Say,シュン･ゴ,5,そして自動作業が止まった場合は、手動で棚上げをする必要があります。,
d30c62acdc62c5c962b5117bd28fb80c.bundle,送架展示第四步驟,Say,シュン･ゴ,6,さらに危険な状況が起きた場合に、直ちに対応できる人である必要もあります。,
d30c62acdc62c5c962b5117bd28fb80c.bundle,送架展示第四步驟,Say,シュン･ゴ,7,だからここをセラさんに見てもらっているのです。,
d30c62acdc62c5c962b5117bd28fb80c.bundle,送架展示第四步驟,Say,セラ･キョウ,21,小僧、他に質問は？,
d30c62acdc62c5c962b5117bd28fb80c.bundle,送架展示第四步驟,Branch,#Simple,3,質問はありません。,
d30c62acdc62c5c962b5117bd28fb80c.bundle,送架展示第四步驟,Say,セラ･キョウ,22,本当か？,
d30c62acdc62c5c962b5117bd28fb80c.bundle,送架展示第四步驟,Say,セラ･キョウ,23,こっからぶつけ本番だ。ミスったら不採用だからな。,
d30c62acdc62c5c962b5117bd28fb80c.bundle,送架展示第四步驟,Say,セラ･キョウ,24,もしお前が本当にさっきの一回で覚えたなら、俺はかなり感心するぜ。,
d30c62acdc62c5c962b5117bd28fb80c.bundle,送架展示第四步驟,Say,セラ･キョウ,25,本当に手順を覚えたのか？,
d30c62acdc62c5c962b5117bd28fb80c.bundle,送架展示第四步驟,Branch,#Simple,4,はい。,
d30c62acdc62c5c962b5117bd28fb80c.bundle,送架展示第四步驟,Say,セラ･キョウ,26,フンッ、なら見せてもらおう。,
d30c62acdc62c5c962b5117bd28fb80c.bundle,送架展示第四步驟,Branch,#Simple,5,やはりもう一度教えてください。,
d30c62acdc62c5c962b5117bd28fb80c.bundle,送架展示第四步驟,Say,セラ･キョウ,27,最後に一番重要なことがある。,
d30c62acdc62c5c962b5117bd28fb80c.bundle,送架展示第四步驟,Say,セラ･キョウ,28,そこにある黄色いレバーが見えるか？,
d30c62acdc62c5c962b5117bd28fb80c.bundle,送架展示第四步驟,Say,セラ･キョウ,29,機械の故障により危険な状況になったら、すぐそのレバーを引け。,
d30c62acdc62c5c962b5117bd28fb80c.bundle,送架展示第四步驟,Say,セラ･キョウ,30,あれは緊急停止レバーだ。マイナーが故障した機械による被害に遭うのを止められる。,
d30c62acdc62c5c962b5117bd28fb80c.bundle,送架展示第四步驟,Say,セラ･キョウ,31,死ぬ可能性もあるから手遅れになる前に引け。わかったか？,
d30c62acdc62c5c962b5117bd28fb80c.bundle,送架展示第四步驟,Branch,#Simple,6,わかりました。,
d30c62acdc62c5c962b5117bd28fb80c.bundle,送架展示第四步驟,Say,セラ･キョウ,32,本当か？,
d30c62acdc62c5c962b5117bd28fb80c.bundle,送架展示第四步驟,Branch,#Simple,7,それは頻繁に起きるんですか？,
d30c62acdc62c5c962b5117bd28fb80c.bundle,送架展示第四步驟,Say,セラ･キョウ,33,二年前は一度もなかった。,
d30c62acdc62c5c962b5117bd28fb80c.bundle,送架展示第四步驟,Say,セラ･キョウ,34,一年前はたまにくらいだ。,
d30c62acdc62c5c962b5117bd28fb80c.bundle,送架展示第四步驟,Say,セラ･キョウ,35,今年は月に一度だな。,
d30c62acdc62c5c962b5117bd28fb80c.bundle,送架展示第四步驟,Say,心の声,3,月に一回も……,
d30c62acdc62c5c962b5117bd28fb80c.bundle,送架展示第四步驟,Say,セラ･キョウ,36,レバーを引くだけの簡単な仕事だと思ってんのか？,
d30c62acdc62c5c962b5117bd28fb80c.bundle,送架展示第四步驟,Branch,#Simple,8,はい、素早くレバーを引けばいいだけですよね？,
d30c62acdc62c5c962b5117bd28fb80c.bundle,送架展示第四步驟,Say,セラ･キョウ,37,その通りだ。,
d30c62acdc62c5c962b5117bd28fb80c.bundle,送架展示第四步驟,Branch,#Simple,9,いいえ、とても恐ろしい仕事に思えます。,
d30c62acdc62c5c962b5117bd28fb80c.bundle,送架展示第四步驟,Say,セラ･キョウ,38,そう心配するな。,
d30c62acdc62c5c962b5117bd28fb80c.bundle,送架展示第四步驟,Say,セラ･キョウ,39,レバーを引くまでの時間は十分ある。,
d30c62acdc62c5c962b5117bd28fb80c.bundle,送架展示第四步驟,Say,セラ･キョウ,40,いいか。レバーを引くのに必要なのはスピードじゃない。,
d30c62acdc62c5c962b5117bd28fb80c.bundle,送架展示第四步驟,Say,セラ･キョウ,41,勇気だ。,
d30c62acdc62c5c962b5117bd28fb80c.bundle,送架展示第四步驟,Say,心の声,4,……勇気？,
d30c62acdc62c5c962b5117bd28fb80c.bundle,送架展示第四步驟,Say,セラ･キョウ,42,緊急停止すると、多くの設備にダメージを与える。,
d30c62acdc62c5c962b5117bd28fb80c.bundle,送架展示第四步驟,Say,セラ･キョウ,43,会社のクソ規定に従うと……,
d30c62acdc62c5c962b5117bd28fb80c.bundle,送架展示第四步驟,Say,セラ･キョウ,44,もしマイナーが死に至らない状況で、緊急停止したことが事後調査でわかった場合……,
d30c62acdc62c5c962b5117bd28fb80c.bundle,送架展示第四步驟,Say,セラ･キョウ,45,人的ミスとなり、その設備の修理費用を全部お前が払うことになる。,
d30c62acdc62c5c962b5117bd28fb80c.bundle,送架展示第四步驟,Say,心の声,5,……死に至らない状況？,
d30c62acdc62c5c962b5117bd28fb80c.bundle,送架展示第四步驟,Say,心の声,6,危険な場合に引くんじゃないのか？,
d30c62acdc62c5c962b5117bd28fb80c.bundle,送架展示第四步驟,Branch,#Simple,10,人が死なない場合はレバーを引くなってことですか？,
d30c62acdc62c5c962b5117bd28fb80c.bundle,送架展示第四步驟,Say,セラ･キョウ,46,その通りだ。,
d30c62acdc62c5c962b5117bd28fb80c.bundle,送架展示第四步驟,Branch,#Simple,11,私が全ての弁償を？,
d30c62acdc62c5c962b5117bd28fb80c.bundle,送架展示第四步驟,Say,セラ･キョウ,47,いや、弁償なんてできんよ。,
d30c62acdc62c5c962b5117bd28fb80c.bundle,送架展示第四步驟,Say,セラ･キョウ,48,とんでもない大金だからな。,
d30c62acdc62c5c962b5117bd28fb80c.bundle,送架展示第四步驟,Say,セラ･キョウ,49,だが万象はお前から金を搾り取るだろうな。,
d30c62acdc62c5c962b5117bd28fb80c.bundle,送架展示第四步驟,Branch,#Simple,12,……,
d30c62acdc62c5c962b5117bd28fb80c.bundle,送架展示第四步驟,Say,シュン･ゴ,8,馬鹿げた規約だと思えるでしょうが、これは賠償金の計算方法に関係してきます。,
d30c62acdc62c5c962b5117bd28fb80c.bundle,送架展示第四步驟,Say,シュン･ゴ,9,もしマイナーが棚上げの途中で死亡すると、緊急停止の損失より保険金の方が高くなります。,
d30c62acdc62c5c962b5117bd28fb80c.bundle,送架展示第四步驟,Say,セラ･キョウ,50,だが逆に死亡しなかった場合……,
d30c62acdc62c5c962b5117bd28fb80c.bundle,送架展示第四步驟,Say,セラ･キョウ,51,大事なマシンを傷つけるより、万象の旦那たちは保険金より安い医療費を喜んで払う。,
d30c62acdc62c5c962b5117bd28fb80c.bundle,送架展示第四步驟,Say,セラ･キョウ,52,そのせいでほとんどのやつがレバーを引けない。,
d30c62acdc62c5c962b5117bd28fb80c.bundle,送架展示第四步驟,Branch,#Simple,13,でも、人の命がかかっています。,
d30c62acdc62c5c962b5117bd28fb80c.bundle,送架展示第四步驟,Say,セラ･キョウ,53,小僧はわかってないな。,
d30c62acdc62c5c962b5117bd28fb80c.bundle,送架展示第四步驟,Say,セラ･キョウ,54,俺らの状況は偽善者の選別組とは違うんだ。,
d30c62acdc62c5c962b5117bd28fb80c.bundle,送架展示第四步驟,Say,セラ･キョウ,55,これは博愛精神でどうにかできるもんじゃない。,
d30c62acdc62c5c962b5117bd28fb80c.bundle,送架展示第四步驟,Branch,#Simple,14,……,
d30c62acdc62c5c962b5117bd28fb80c.bundle,送架展示第四步驟,Say,シュン･ゴ,10,万象の賠償金の請求先は、あなただけではありません。,
d30c62acdc62c5c962b5117bd28fb80c.bundle,送架展示第四步驟,Say,シュン･ゴ,11,あなたの全ての親族がその請求対象になります。,
d30c62acdc62c5c962b5117bd28fb80c.bundle,送架展示第四步驟,Say,シュン･ゴ,12,それからあなたと関わりのある一般人や法人も、ある程度の法的措置を受けます。,
d30c62acdc62c5c962b5117bd28fb80c.bundle,送架展示第四步驟,Say,シュン･ゴ,13,サンライズと違って、万象の法務部は最強なんです。,
d30c62acdc62c5c962b5117bd28fb80c.bundle,送架展示第四步驟,Say,セラ･キョウ,56,フンッ、サンライズはもっと汚い手を使うからだろう。,
d30c62acdc62c5c962b5117bd28fb80c.bundle,送架展示第四步驟,Say,心の声,7,シュンがセラを睨んだ。,
d30c62acdc62c5c962b5117bd28fb80c.bundle,送架展示第四步驟,Say,セラ･キョウ,57,わかったわかった。前の職場の悪口は言わんよ。,
d30c62acdc62c5c962b5117bd28fb80c.bundle,送架展示第四步驟,Say,セラ･キョウ,58,これで事の重大さはわかったな？,
d30c62acdc62c5c962b5117bd28fb80c.bundle,送架展示第四步驟,Say,セラ･キョウ,59,死に至らない状況で、お前がそのレバーを引けば……,
d30c62acdc62c5c962b5117bd28fb80c.bundle,送架展示第四步驟,Say,セラ･キョウ,60,お前とお前に関係のある人間は万象に訴えられ、何も出なくなるまで搾り取られる。,
d30c62acdc62c5c962b5117bd28fb80c.bundle,送架展示第四步驟,Say,心の声,8,つまり、リンまでが巻き込まれるってことか……？,
d30c62acdc62c5c962b5117bd28fb80c.bundle,送架展示第四步驟,Say,心の声,9,俺は……,
d30c62acdc62c5c962b5117bd28fb80c.bundle,送架展示第四步驟,Say,セラ･キョウ,61,そのリスクを誰もが背負えるものではない。,
d30c62acdc62c5c962b5117bd28fb80c.bundle,送架展示第四步驟,Branch,#Simple,15,まるで今まさに、その問題が起きるみたいな言い方ですね。,
d30c62acdc62c5c962b5117bd28fb80c.bundle,送架展示第四步驟,Say,セラ･キョウ,62,よく起きることだからだ。,
d30c62acdc62c5c962b5117bd28fb80c.bundle,送架展示第四步驟,Say,セラ･キョウ,63,ムーフィーの法則を知ってるか？,
d30c62acdc62c5c962b5117bd28fb80c.bundle,送架展示第四步驟,Say,シュン･ゴ,14,マーフィーです。,
d30c62acdc62c5c962b5117bd28fb80c.bundle,送架展示第四步驟,Say,セラ･キョウ,64,伝わればいいんだよ。,
d30c62acdc62c5c962b5117bd28fb80c.bundle,送架展示第四步驟,Branch,#Simple,16,こんなのやりたい放題じゃないか！,
d30c62acdc62c5c962b5117bd28fb80c.bundle,送架展示第四步驟,Say,セラ･キョウ,65,実際にこの時代を生きる彼らは、やりたい放題できるからな。,
d30c62acdc62c5c962b5117bd28fb80c.bundle,送架展示第四步驟,Say,セラ･キョウ,66,お前も社会に出てたんだろ？まだわからんのか？,
d30c62acdc62c5c962b5117bd28fb80c.bundle,送架展示第四步驟,Branch,#Simple,17,……,
d30c62acdc62c5c962b5117bd28fb80c.bundle,送架展示第四步驟,Say,シュン･ゴ,15,では、話はここまでにしましょう。始めてください。,
d30c62acdc62c5c962b5117bd28fb80c.bundle,送架展示第四步驟,Say,セラ･キョウ,67,果たしてお前はこの仕事に適性があるのか。,
d30c62acdc62c5c962b5117bd28fb80c.bundle,送架展示第四步驟,Say,セラ･キョウ,68,まぁ、疑わしいところではあるが。,
d30c62acdc62c5c962b5117bd28fb80c.bundle,送架展示第四步驟,Say,シュン･ゴ,16,この仕事は冷静さを保つことが重要です。,
d30c62acdc62c5c962b5117bd28fb80c.bundle,送架展示第四步驟,Say,シュン･ゴ,17,でも、基本の操作もできないようなら、操作組の採用は難しいでしょうね。,
d30c62acdc62c5c962b5117bd28fb80c.bundle,送架展示第四步驟,Say,心の声,10,イー･テイと違って厳しい……,
d30c62acdc62c5c962b5117bd28fb80c.bundle,送架展示第四步驟,Say,心の声,11,ここはマネージャーのテストとかはなさそうだ。ここで失敗したら落とされる。,
d30c62acdc62c5c962b5117bd28fb80c.bundle,送架展示第四步驟,Say,セラ･キョウ,69,シヘイ、こい。,
d30c62acdc62c5c962b5117bd28fb80c.bundle,送架展示第四步驟,Say,セラ･キョウ,70,ジェイ･ダイ、位置につけ。,
d30c62acdc62c5c962b5117bd28fb80c.bundle,送架展示第三步驟,Say,セラ･キョウ,0,クソッ、栄養剤の濃度が低いとこうなるんだ。,
d30c62acdc62c5c962b5117bd28fb80c.bundle,送架展示第三步驟,Say,心の声,0,まだ痙攣し続けてる……,
d30c62acdc62c5c962b5117bd28fb80c.bundle,送架展示第三步驟,Say,シュン･ゴ,0,大丈夫ですか？,
d30c62acdc62c5c962b5117bd28fb80c.bundle,送架展示第三步驟,Say,セラ･キョウ,1,問題ない。痙攣は正常な現象だ。問題なのはマイナーが痙攣してた時に意識があったってことだ。,
d30c62acdc62c5c962b5117bd28fb80c.bundle,送架展示第三步驟,Say,心の声,1,こんなのが正常だって……？,
d30c62acdc62c5c962b5117bd28fb80c.bundle,送架展示第三步驟,Say,セラ･キョウ,2,今のはさぞ痛かっただろうな。,
d30c62acdc62c5c962b5117bd28fb80c.bundle,送架展示第三步驟,Say,セラ･キョウ,3,サブチーフ様よ。一体いつになれば新しい栄養剤が来るんだ？,
d30c62acdc62c5c962b5117bd28fb80c.bundle,送架展示第三步驟,Say,セラ･キョウ,4,来週か？,
d30c62acdc62c5c962b5117bd28fb80c.bundle,送架展示第三步驟,Say,シュン･ゴ,1,一ヶ月後です。,
d30c62acdc62c5c962b5117bd28fb80c.bundle,送架展示第三步驟,Say,セラ･キョウ,5,クソが……,
d30c62acdc62c5c962b5117bd28fb80c.bundle,送架展示第三步驟,Say,シュン･ゴ,2,続けてください。,
d30c62acdc62c5c962b5117bd28fb80c.bundle,送架展示第三步驟,Say,セラ･キョウ,6,フンッ。,
d30c62acdc62c5c962b5117bd28fb80c.bundle,送架展示第三步驟,Say,セラ･キョウ,7,ジェイ･ダイ。マイナーの四肢が痙攣してるのが見えるだろう？,
d30c62acdc62c5c962b5117bd28fb80c.bundle,送架展示第三步驟,Say,心の声,2,見えないわけないだろう……,
d30c62acdc62c5c962b5117bd28fb80c.bundle,送架展示第三步驟,Branch,#Simple,0,当然見えてます。,
d30c62acdc62c5c962b5117bd28fb80c.bundle,送架展示第三步驟,Branch,#Simple,1,はい。,
d30c62acdc62c5c962b5117bd28fb80c.bundle,送架展示第三步驟,Say,セラ･キョウ,8,そうか。,
d30c62acdc62c5c962b5117bd28fb80c.bundle,送架展示第三步驟,Branch,#Simple,2,今のは本当に正常なんですか？,
d30c62acdc62c5c962b5117bd28fb80c.bundle,送架展示第三步驟,Say,セラ･キョウ,9,ああ、正常だ。,
d30c62acdc62c5c962b5117bd28fb80c.bundle,送架展示第三步驟,Say,セラ･キョウ,10,演算力供給は脳を活動させる必要がある。そのため、マイナーの脳に刺激を送らなきゃいけない。,
d30c62acdc62c5c962b5117bd28fb80c.bundle,送架展示第三步驟,Say,セラ･キョウ,11,たまにその刺激が四肢まで伝達し、痙攣を引き起こすんだ。,
d30c62acdc62c5c962b5117bd28fb80c.bundle,送架展示第三步驟,Say,セラ･キョウ,12,今から彼の神経を遮断して四肢の動きを止める。このままじゃ怪我する可能性があるからな。,
d30c62acdc62c5c962b5117bd28fb80c.bundle,送架展示第三步驟,Say,セラ･キョウ,13,シヘイ、遮断ユニットを。,
d30c62acdc62c5c962b5117bd28fb80c.bundle,許大哥跟主角說可開始了,Say,セラ･キョウ,0,制御台のボタンを押せば開始できるはずだ。始めてくれ。,
d30c62acdc62c5c962b5117bd28fb80c.bundle,玩家送架_第一人_第一步驟,Say,ゴルゴタ参型,0,ユニットイン。T-630。メイラン･リン。,
d30c62acdc62c5c962b5117bd28fb80c.bundle,玩家送架_第一人_第一步驟,Say,ゴルゴタ参型,1,指令を選んでください。,
d30c62acdc62c5c962b5117bd28fb80c.bundle,玩家送架_第一人_第一步驟,Branch,#Simple,0,「指令」遮断ユニットをインストールする,
d30c62acdc62c5c962b5117bd28fb80c.bundle,玩家送架_第一人_第一步驟,Say,ゴルゴタ参型,2,<y>エラー、先に準備作業を行ってください。</y>,
d30c62acdc62c5c962b5117bd28fb80c.bundle,玩家送架_第一人_第一步驟,Branch,#Simple,1,「指令」混合液を注入する,
d30c62acdc62c5c962b5117bd28fb80c.bundle,玩家送架_第一人_第一步驟,Say,ゴルゴタ参型,3,<y>エラー、先に準備作業を行ってください。</y>,
d30c62acdc62c5c962b5117bd28fb80c.bundle,玩家送架_第一人_第一步驟,Branch,#Simple,2,「指令」電気を流す,
d30c62acdc62c5c962b5117bd28fb80c.bundle,玩家送架_第一人_第一步驟,Say,ゴルゴタ参型,4,<y>エラー、対象の心拍数が正常です。</y>,
d30c62acdc62c5c962b5117bd28fb80c.bundle,玩家送架_第一人_第一步驟,Branch,#Simple,3,「指令」鎮静剤を注入する,
d30c62acdc62c5c962b5117bd28fb80c.bundle,玩家送架_第一人_第一步驟,Say,ゴルゴタ参型,5,執行中。,
d30c62acdc62c5c962b5117bd28fb80c.bundle,送架意外發生,Say,セラ･キョウ,0,シュン･ゴ、降ろしてやれ！,
d30c62acdc62c5c962b5117bd28fb80c.bundle,送架意外發生,Say,シュン･ゴ,0,はい！,
d30c62acdc62c5c962b5117bd28fb80c.bundle,跟操作組組長對質,Say,シュン･ゴ,0,チーフ、もう一度考え直してください……！,
d30c62acdc62c5c962b5117bd28fb80c.bundle,跟操作組組長對質,Say,ケイ･コ,0,何だ？俺の判断を疑ってんのか？,
d30c62acdc62c5c962b5117bd28fb80c.bundle,跟操作組組長對質,Say,シュン･ゴ,1,あのマイナーは重傷を負っています！,
d30c62acdc62c5c962b5117bd28fb80c.bundle,跟操作組組長對質,Say,シュン･ゴ,2,センサーによれば、レベル4の傷害が起きています。私は……,
d30c62acdc62c5c962b5117bd28fb80c.bundle,跟操作組組長對質,Say,ケイ･コ,1,何度も言わせるな……,
d30c62acdc62c5c962b5117bd28fb80c.bundle,跟操作組組長對質,Say,ケイ･コ,2,そんなのはどうでもいい。,
d30c62acdc62c5c962b5117bd28fb80c.bundle,跟操作組組長對質,Say,シュン･ゴ,3,なんですって……！？,
d30c62acdc62c5c962b5117bd28fb80c.bundle,跟操作組組長對質,Say,ケイ･コ,3,あのまま吊しといて、三時間後に降ろせ！,
d30c62acdc62c5c962b5117bd28fb80c.bundle,跟操作組組長對質,Say,シュン･ゴ,4,まだ生きています！降ろして応急手当をすれば助かります！,
d30c62acdc62c5c962b5117bd28fb80c.bundle,跟操作組組長對質,Say,ケイ･コ,4,バカか？三時間後に棚で死なせた方が助けるよりずっと安いだろ！,
d30c62acdc62c5c962b5117bd28fb80c.bundle,跟操作組組長對質,Say,ケイ･コ,5,どっちが安く済む選択かわからないのか！,
d30c62acdc62c5c962b5117bd28fb80c.bundle,跟操作組組長對質,Say,ケイ･コ,6,後ろにいる新人。棚上げをしたのはお前らしいな。これはお前が引き起こした問題だ。,
d30c62acdc62c5c962b5117bd28fb80c.bundle,跟操作組組長對質,Say,ケイ･コ,7,さっきはずいぶんと大層な口を叩いていたが、お前の責任だぞ！,
d30c62acdc62c5c962b5117bd28fb80c.bundle,跟操作組組長對質,Say,ケイ･コ,8,この役立たずが。,
d30c62acdc62c5c962b5117bd28fb80c.bundle,跟操作組組長對質,Say,心の声,0,クソッ……,
d30c62acdc62c5c962b5117bd28fb80c.bundle,跟操作組組長對質,Say,ケイ･コ,9,保険金が下りることを祈りな。,
d30c62acdc62c5c962b5117bd28fb80c.bundle,跟操作組組長對質,Say,ケイ･コ,10,死ななかったら医療費はお前に払ってもらう。,
d30c62acdc62c5c962b5117bd28fb80c.bundle,跟操作組組長對質,Say,心の声,1,こいつ……！？,
d30c62acdc62c5c962b5117bd28fb80c.bundle,跟操作組組長對質,Say,シュン･ゴ,5,何を言っているのですか！？こんなのは酷すぎます！,
d30c62acdc62c5c962b5117bd28fb80c.bundle,跟操作組組長對質,Say,シュン･ゴ,6,何もせず、ただ人が死ぬのを見ているだけですか！？,
d30c62acdc62c5c962b5117bd28fb80c.bundle,跟操作組組長對質,Say,ケイ･コ,11,落ち着け。,
d30c62acdc62c5c962b5117bd28fb80c.bundle,跟操作組組長對質,Say,ケイ･コ,12,これは合理的な判断だ。,
d30c62acdc62c5c962b5117bd28fb80c.bundle,跟操作組組長對質,Say,ケイ･コ,13,傷害レベル4だって自分で言ってただろう。降ろしたところで助かる確率はないに等しい。そこの新人でもわかることだ。,
d30c62acdc62c5c962b5117bd28fb80c.bundle,跟操作組組長對質,Say,セラ･キョウ,0,てめぇ、人の命を何だと思ってるんだ？確率が低いからって助けないってか？,
d30c62acdc62c5c962b5117bd28fb80c.bundle,跟操作組組長對質,Say,ケイ･コ,14,偉そうに喋るな！仕事を怠ったお前のせいだろう！,
d30c62acdc62c5c962b5117bd28fb80c.bundle,跟操作組組長對質,Say,セラ･キョウ,1,……なんだと！？,
d30c62acdc62c5c962b5117bd28fb80c.bundle,跟操作組組長對質,Say,ケイ･コ,15,お前らがちゃんと仕事をしていれば、こんな事故は起きなかったはずだ。,
d30c62acdc62c5c962b5117bd28fb80c.bundle,跟操作組組長對質,Say,ケイ･コ,16,全ての問題の発端は、お前ら作業員が怠けてるせいだ。,
d30c62acdc62c5c962b5117bd28fb80c.bundle,跟操作組組長對質,Say,セラ･キョウ,2,このクズ野郎が……！,
d30c62acdc62c5c962b5117bd28fb80c.bundle,跟操作組組長對質,Say,ケイ･コ,17,……,
d30c62acdc62c5c962b5117bd28fb80c.bundle,跟操作組組長對質,Say,ケイ･コ,18,……口を慎め、セラ･キョウ。,
d30c62acdc62c5c962b5117bd28fb80c.bundle,跟操作組組長對質,Say,セラ･キョウ,3,自分が何をしてるのかわかってんのか……？,
d30c62acdc62c5c962b5117bd28fb80c.bundle,跟操作組組長對質,Say,ケイ･コ,19,……,
d30c62acdc62c5c962b5117bd28fb80c.bundle,跟操作組組長對質,Say,ケイ･コ,20,俺は俺の仕事をしている。お前も自分の仕事だけに専念しろ！,
d30c62acdc62c5c962b5117bd28fb80c.bundle,跟操作組組長對質,Say,セラ･キョウ,4,ほざきやがって！てめぇは……！？,
d30c62acdc62c5c962b5117bd28fb80c.bundle,跟操作組組長對質,Say,シュン･ゴ,7,セラさん、落ち着いてください……,
d30c62acdc62c5c962b5117bd28fb80c.bundle,跟操作組組長對質,Say,ケイ･コ,21,飼い犬は大人しく主人の命令に従え。ぎゃあぎゃあ喚くな。,
d30c62acdc62c5c962b5117bd28fb80c.bundle,跟操作組組長對質,Say,ケイ･コ,22,良い子に従ってれば、褒美をくれてやってもいいんだぞ？,
d30c62acdc62c5c962b5117bd28fb80c.bundle,操作組收尾,Say,シュン･ゴ,0,さっきほどの事故にあったマイナーは間もなく降ろされます。,
d30c62acdc62c5c962b5117bd28fb80c.bundle,操作組收尾,Say,シュン･ゴ,1,セラさん、ありがとうございます……,
d30c62acdc62c5c962b5117bd28fb80c.bundle,操作組收尾,Say,シュン･ゴ,2,でも……,
d30c62acdc62c5c962b5117bd28fb80c.bundle,操作組收尾,Say,セラ･キョウ,0,……これは俺がやったことだ。責任は取る。,
d30c62acdc62c5c962b5117bd28fb80c.bundle,操作組收尾,Say,シュン･ゴ,3,……はい。,
d30c62acdc62c5c962b5117bd28fb80c.bundle,操作組收尾,Say,シュン･ゴ,4,医療チームにはもう知らせました。もうすぐで棚卸しの場所に来てくれるそうです。,
d30c62acdc62c5c962b5117bd28fb80c.bundle,操作組收尾,Branch,#Simple,0,あの人はここへは戻らないんですか？,
d30c62acdc62c5c962b5117bd28fb80c.bundle,操作組收尾,Say,シュン･ゴ,5,棚上げと棚卸しの場所は違いますから。,
d30c62acdc62c5c962b5117bd28fb80c.bundle,操作組收尾,Branch,#Simple,1,彼は助かりますか？,
d30c62acdc62c5c962b5117bd28fb80c.bundle,操作組收尾,Say,シュン･ゴ,6,……わかりません。,
d30c62acdc62c5c962b5117bd28fb80c.bundle,操作組收尾,Branch,#Simple,2,……,
d30c62acdc62c5c962b5117bd28fb80c.bundle,操作組收尾,Say,シュン･ゴ,7,でも私たちにはもう何もできません。,
d30c62acdc62c5c962b5117bd28fb80c.bundle,操作組收尾,Say,シュン･ゴ,8,速やかに対応したので、多分無事だと思います。,
d30c62acdc62c5c962b5117bd28fb80c.bundle,操作組收尾,Say,ジュジュ･ライ,0,……あそこまでの大事故だよ。本当に大丈夫なのかな？,
d30c62acdc62c5c962b5117bd28fb80c.bundle,操作組收尾,Say,パン･ロウ,0,もしかして緊急レバーを引いたの？,
d30c62acdc62c5c962b5117bd28fb80c.bundle,操作組收尾,Say,シュン･ゴ,9,……,
d30c62acdc62c5c962b5117bd28fb80c.bundle,操作組收尾,Say,ジュジュ･ライ,1,その様子じゃ、誰もレバーを引かなかったのね……,
d30c62acdc62c5c962b5117bd28fb80c.bundle,操作組收尾,Say,心の声,0,俺はすぐレバーを引かなかった……,
d30c62acdc62c5c962b5117bd28fb80c.bundle,操作組收尾,Say,シュン･ゴ,10,……,
d30c62acdc62c5c962b5117bd28fb80c.bundle,操作組收尾,Say,シュン･ゴ,11,誰もあなたを責めたりしませんよ。ジェイ。,
d30c62acdc62c5c962b5117bd28fb80c.bundle,操作組收尾,Say,シュン･ゴ,12,操作組の皆はわかっています。,
d30c62acdc62c5c962b5117bd28fb80c.bundle,操作組收尾,Say,シュン･ゴ,13,自分の人生を危険に晒してまで、レバーを引く人はいません。,
d30c62acdc62c5c962b5117bd28fb80c.bundle,操作組收尾,Say,シュン･ゴ,14,つらいですか？,
d30c62acdc62c5c962b5117bd28fb80c.bundle,操作組收尾,Branch,#Simple,3,ええ。後悔してます。,
d30c62acdc62c5c962b5117bd28fb80c.bundle,操作組收尾,Branch,#Simple,4,いいえ。私は自分と身内を選んだだけです。,
d30c62acdc62c5c962b5117bd28fb80c.bundle,操作組收尾,Say,シュン･ゴ,15,事前に覚悟を決めていたのですね。,
d30c62acdc62c5c962b5117bd28fb80c.bundle,操作組收尾,Say,シュン･ゴ,16,それはそれでいいと思います。,
d30c62acdc62c5c962b5117bd28fb80c.bundle,操作組收尾,Branch,#Simple,5,私はすぐに決断できませんでした。,
d30c62acdc62c5c962b5117bd28fb80c.bundle,操作組收尾,Say,シュン･ゴ,17,私たちもそうです。,
d30c62acdc62c5c962b5117bd28fb80c.bundle,操作組收尾,Say,シュン･ゴ,18,一部の人は事前に、こういった状況下でどう行動するかを決めておくようです。,
d30c62acdc62c5c962b5117bd28fb80c.bundle,操作組收尾,Say,シュン･ゴ,19,でも本当にそうなった時、すぐに行動できるかどうかは別です……,
d30c62acdc62c5c962b5117bd28fb80c.bundle,操作組收尾,Say,シュン･ゴ,20,ええ。ジェイ･ダイがすぐ動いてくれました。,
d30c62acdc62c5c962b5117bd28fb80c.bundle,操作組收尾,Say,シュン･ゴ,21,そのおかげで、マイナーの生存確率が上がりました。,
d30c62acdc62c5c962b5117bd28fb80c.bundle,操作組收尾,Say,パン･ロウ,1,おお、勇気あるね……,
d30c62acdc62c5c962b5117bd28fb80c.bundle,操作組收尾,Say,ジュジュ･ライ,2,よくやった。,
d30c62acdc62c5c962b5117bd28fb80c.bundle,操作組收尾,Say,セラ･キョウ,1,小僧、お前の行動は正しい。,
d30c62acdc62c5c962b5117bd28fb80c.bundle,操作組收尾,Say,セラ･キョウ,2,お前は良い人間だ。,
d30c62acdc62c5c962b5117bd28fb80c.bundle,操作組收尾,Say,セラ･キョウ,3,でも、この仕事を受けるかどうかはちゃんと考えろ。,
d30c62acdc62c5c962b5117bd28fb80c.bundle,操作組收尾,Say,セラ･キョウ,4,ここが選別組なら、やつらが求める人材であるお前を間違いなく採用する。,
d30c62acdc62c5c962b5117bd28fb80c.bundle,操作組收尾,Say,セラ･キョウ,5,でも、ここは状況が違う……,
d30c62acdc62c5c962b5117bd28fb80c.bundle,操作組收尾,Say,セラ･キョウ,6,彼らと違って、俺らは行動の責任を取らないといけない。,
d30c62acdc62c5c962b5117bd28fb80c.bundle,操作組收尾,Say,セラ･キョウ,7,ここの状況は良いやつにとっては苦しい環境だ。だから勧めたりはしない。,
d30c62acdc62c5c962b5117bd28fb80c.bundle,操作組收尾,Say,セラ･キョウ,8,こういったことは今後何度も経験することになるから、ちゃんと考えろ。,
d30c62acdc62c5c962b5117bd28fb80c.bundle,操作組收尾,Say,心の声,1,……,
d30c62acdc62c5c962b5117bd28fb80c.bundle,操作組收尾,Say,シュン･ゴ,22,そして、もう一つ重要なことがあります……,
d30c62acdc62c5c962b5117bd28fb80c.bundle,操作組收尾,Say,パン･ロウ,2,どうしたんだ？そんな顔をして。,
d30c62acdc62c5c962b5117bd28fb80c.bundle,操作組收尾,Say,シュン･ゴ,23,さっきの事故により、セラー全体で問題が起きたようです。,
d30c62acdc62c5c962b5117bd28fb80c.bundle,操作組收尾,Say,パン･ロウ,3,なんだって！？,
d30c62acdc62c5c962b5117bd28fb80c.bundle,操作組收尾,Say,ジュジュ･ライ,3,早く言ってよ！私たちもすぐ……,
d30c62acdc62c5c962b5117bd28fb80c.bundle,操作組收尾,Say,シュン･ゴ,24,落ち着いてください。,
d30c62acdc62c5c962b5117bd28fb80c.bundle,操作組收尾,Say,シュン･ゴ,25,メインシステム、生命維持システムは問題なく動いています。,
d30c62acdc62c5c962b5117bd28fb80c.bundle,操作組收尾,Say,シュン･ゴ,26,でもサブシステムの多くはオフラインになり、いくつかの換気システムが止まりました。,
d30c62acdc62c5c962b5117bd28fb80c.bundle,操作組收尾,Say,シュン･ゴ,27,今は修築組の緊急修理により、緊急時プランが作動しています。,
d30c62acdc62c5c962b5117bd28fb80c.bundle,操作組收尾,Say,シュン･ゴ,28,私たちも彼らの手伝いをせねばなりません。エンジニア組はパターン8-Rで待機してください。,
d30c62acdc62c5c962b5117bd28fb80c.bundle,操作組收尾,Say,シュン･ゴ,29,指揮はジュジュに任せます。,
d30c62acdc62c5c962b5117bd28fb80c.bundle,操作組收尾,Say,ジュジュ･ライ,4,了解。,
d30c62acdc62c5c962b5117bd28fb80c.bundle,操作組收尾,Say,パン･ロウ,4,僕は？,
d30c62acdc62c5c962b5117bd28fb80c.bundle,操作組收尾,Say,シュン･ゴ,30,えっと……,
d30c62acdc62c5c962b5117bd28fb80c.bundle,操作組收尾,Say,シュン･ゴ,31,パンちゃんはステーション4の応援を。シヘイは修築組に報告と手伝いに行ってください。,
d30c62acdc62c5c962b5117bd28fb80c.bundle,操作組收尾,Say,パン･ロウ,5,はーい。,
d30c62acdc62c5c962b5117bd28fb80c.bundle,操作組收尾,Say,シヘイ･ヨウ,0,はい。,
d30c62acdc62c5c962b5117bd28fb80c.bundle,操作組收尾,Say,シュン･ゴ,32,後は、ジェイ……,
d30c62acdc62c5c962b5117bd28fb80c.bundle,操作組收尾,Say,シュン･ゴ,33,すみませんが、今日の研修はここまでです。,
d30c62acdc62c5c962b5117bd28fb80c.bundle,操作組收尾,Say,シュン･ゴ,34,短い研修でしたが……,
d30c62acdc62c5c962b5117bd28fb80c.bundle,操作組收尾,Say,シュン･ゴ,35,あなたのことを十分知ることができたと思います。,
d30c62acdc62c5c962b5117bd28fb80c.bundle,操作組收尾,Say,シュン･ゴ,36,初めての棚上げ作業でしたが、ミスはありませんでした。頼りになりそうですね。,
d30c62acdc62c5c962b5117bd28fb80c.bundle,操作組收尾,Say,シュン･ゴ,37,初めて棚上げ作業でしたが、多少のミスはあったものの順調に終わりました。,
d30c62acdc62c5c962b5117bd28fb80c.bundle,操作組收尾,Say,シュン･ゴ,38,私たちは真面目な作業員を必要としています。,
d30c62acdc62c5c962b5117bd28fb80c.bundle,操作組收尾,Say,シュン･ゴ,39,ジェイ･ダイ。あなたを採用したいと思います。,
d30c62acdc62c5c962b5117bd28fb80c.bundle,操作組收尾,Say,シュン･ゴ,40,私はこのことをマネージャーに伝えます。,
d30c62acdc62c5c962b5117bd28fb80c.bundle,操作組收尾,Say,心の声,2,よかった……,
d30c62acdc62c5c962b5117bd28fb80c.bundle,操作組收尾,Say,心の声,3,……のか？,
d30c62acdc62c5c962b5117bd28fb80c.bundle,操作組收尾,Say,シュン･ゴ,41,でも、あなたが他を選ぶのであれば、それはそれで構いません。,
d30c62acdc62c5c962b5117bd28fb80c.bundle,操作組收尾,Say,シュン･ゴ,42,後悔がないようにしてください。,
d30c62acdc62c5c962b5117bd28fb80c.bundle,操作組收尾,Say,シュン･ゴ,43,あなたを採用することはできません。,
d30c62acdc62c5c962b5117bd28fb80c.bundle,操作組收尾,Say,シュン･ゴ,44,私はこのことをマネージャーに伝えます。,
d30c62acdc62c5c962b5117bd28fb80c.bundle,操作組收尾,Say,心の声,4,そうだろうな……,
d30c62acdc62c5c962b5117bd28fb80c.bundle,操作組收尾,Branch,#Simple,6,理由を教えてくれませんか？,
d30c62acdc62c5c962b5117bd28fb80c.bundle,操作組收尾,Branch,#Simple,7,どういうことだ？あんなに頑張ったのに不採用なのか？,
d30c62acdc62c5c962b5117bd28fb80c.bundle,操作組收尾,Say,シュン･ゴ,45,棚上げ作業中のあなたはミスが多すぎました。,
d30c62acdc62c5c962b5117bd28fb80c.bundle,操作組收尾,Branch,#Simple,8,……,
d30c62acdc62c5c962b5117bd28fb80c.bundle,操作組收尾,Say,シュン･ゴ,46,あなたは、ここに適していません。,
d30c62acdc62c5c962b5117bd28fb80c.bundle,操作組收尾,Branch,#Simple,9,私もここを選ぶ気はありません。,
d30c62acdc62c5c962b5117bd28fb80c.bundle,操作組收尾,Say,シュン･ゴ,47,理解できます。,
d30c62acdc62c5c962b5117bd28fb80c.bundle,操作組收尾,Branch,#Simple,10,わかりました。,
d30c62acdc62c5c962b5117bd28fb80c.bundle,操作組收尾,Say,シュン･ゴ,48,私の決断を冷静に受け止めてくださり、ありがとうございます。,
d30c62acdc62c5c962b5117bd28fb80c.bundle,操作組收尾,Branch,#Simple,11,……,
d30c62acdc62c5c962b5117bd28fb80c.bundle,操作組收尾,Say,シュン･ゴ,49,それと、緊急レバーの賠償金の心配は不要です。,
d30c62acdc62c5c962b5117bd28fb80c.bundle,操作組收尾,Say,シュン･ゴ,50,あのマイナーはレベル4の傷害に達したので、死に至る状態だったと判断されます。,
d30c62acdc62c5c962b5117bd28fb80c.bundle,操作組收尾,Say,心の声,5,ふぅ……,
d30c62acdc62c5c962b5117bd28fb80c.bundle,操作組收尾,Say,シュン･ゴ,51,ジェイ、マネージャーに報告しに行ってください。,
d30c62acdc62c5c962b5117bd28fb80c.bundle,操作組收尾,Say,シュン･ゴ,52,私からも先に彼女に報告し、その後ここに残って問題を処理します。,
d30c62acdc62c5c962b5117bd28fb80c.bundle,操作組收尾,Say,シュン･ゴ,53,セラさん、話があります。,
d30c62acdc62c5c962b5117bd28fb80c.bundle,操作組收尾,Say,セラ･キョウ,9,こいつは？,
d30c62acdc62c5c962b5117bd28fb80c.bundle,操作組收尾,Say,シュン･ゴ,54,……,
d30c62acdc62c5c962b5117bd28fb80c.bundle,操作組收尾,Say,シュン･ゴ,55,ここに寝かしておきましょう。彼のオフィスを借りるので。,
d30c62acdc62c5c962b5117bd28fb80c.bundle,揍完人對話,Say,セラ･キョウ,0,…………,
d30c62acdc62c5c962b5117bd28fb80c.bundle,揍完人對話,Say,セラ･キョウ,1,シュン･ゴ。,
d30c62acdc62c5c962b5117bd28fb80c.bundle,揍完人對話,Say,セラ･キョウ,2,あの人を降ろせ……,
d30c62acdc62c5c962b5117bd28fb80c.bundle,揍完人對話,Say,シュン･ゴ,0,わかりました。,
d30c62acdc62c5c962b5117bd28fb80c.bundle,揍完人對話,Say,パン･ロウ,0,よくやった！セラの兄貴！,
d30c62acdc62c5c962b5117bd28fb80c.bundle,揍完人對話,Say,シヘイ･ヨウ,0,さ、さすが兄貴……！,
d30c62acdc62c5c962b5117bd28fb80c.bundle,揍完人對話,Say,ジュジュ･ライ,0,そんなことをしたら……,
d30c62acdc62c5c962b5117bd28fb80c.bundle,揍完人對話,Say,セラ･キョウ,3,自分が何をやってるのかは、言われなくてもわかってる。,
d30c62acdc62c5c962b5117bd28fb80c.bundle,揍完人對話,Say,シヘイ･ヨウ,1,流石兄貴だ！あのチーフに手を上げるなんてやりますね！,
d30c62acdc62c5c962b5117bd28fb80c.bundle,揍完人對話,Say,セラ･キョウ,4,やめろ……,
d30c62acdc62c5c962b5117bd28fb80c.bundle,揍完人對話,Say,シヘイ･ヨウ,2,どうしてですか？,
d30c62acdc62c5c962b5117bd28fb80c.bundle,揍完人對話,Say,セラ･キョウ,5,俺はそんなんじゃ……,
d30c62acdc62c5c962b5117bd28fb80c.bundle,揍完人對話,Say,セラ･キョウ,6,……なんでもない。,
d30c62acdc62c5c962b5117bd28fb80c.bundle,揍完人對話,Say,セラ･キョウ,7,あいつを降ろすにはチーフの権限がいる。,
d30c62acdc62c5c962b5117bd28fb80c.bundle,揍完人對話,Say,セラ･キョウ,8,こいつのせいで、時間を無駄にするわけにはいかないからな。,
d30c62acdc62c5c962b5117bd28fb80c.bundle,揍完人對話,Say,セラ･キョウ,9,こんなんじゃだめだ……,
d30c62acdc62c5c962b5117bd28fb80c.bundle,揍完人對話,Say,心の声,0,……,
d30c62acdc62c5c962b5117bd28fb80c.bundle,胖胖問要不要上車對話,Say,パン･ロウ,0,あ、やっほ……,
d30c62acdc62c5c962b5117bd28fb80c.bundle,胖胖問要不要上車對話,Say,シヘイ･ヨウ,0,ここから出るんだろ？一緒に乗る？,
d30c62acdc62c5c962b5117bd28fb80c.bundle,胖胖問要不要上車對話,Branch,#Simple,0,はい。,
d30c62acdc62c5c962b5117bd28fb80c.bundle,胖胖問要不要上車對話,Branch,#Simple,1,待っててくれたんですか？,
d30c62acdc62c5c962b5117bd28fb80c.bundle,胖胖問要不要上車對話,Say,パン･ロウ,1,うん、そっちの方が安心できるだろう？,
d30c62acdc62c5c962b5117bd28fb80c.bundle,胖胖問要不要上車對話,Say,シヘイ･ヨウ,1,パンちゃんが友達になりたいってさ。,
d30c62acdc62c5c962b5117bd28fb80c.bundle,胖胖問要不要上車對話,Say,パン･ロウ,2,そ、そんなつもりは！,
d30c62acdc62c5c962b5117bd28fb80c.bundle,胖胖問要不要上車對話,Say,シヘイ･ヨウ,2,ハハッ。,
d30c62acdc62c5c962b5117bd28fb80c.bundle,胖胖問要不要上車對話,Say,パン･ロウ,3,と、とりあえず、車に乗ろう。,
d30c62acdc62c5c962b5117bd28fb80c.bundle,算勞墜落事件,Say,パン･ロウ,0,うわっ！,
d30c62acdc62c5c962b5117bd28fb80c.bundle,算勞墜落事件,Say,シヘイ･ヨウ,0,何だあれは？,
d30c62acdc62c5c962b5117bd28fb80c.bundle,算勞墜落事件,Say,パン･ロウ,1,吊されてるマイナーが棚から落ちてきたみたい……,
d30c62acdc62c5c962b5117bd28fb80c.bundle,算勞墜落事件,Say,シヘイ･ヨウ,1,まじかよ……,
d30c62acdc62c5c962b5117bd28fb80c.bundle,算勞墜落事件,Branch,#Simple,0,まさか俺が今、上げた人か？,
d30c62acdc62c5c962b5117bd28fb80c.bundle,算勞墜落事件,Say,パン･ロウ,2,……違うと思う。,
d30c62acdc62c5c962b5117bd28fb80c.bundle,算勞墜落事件,Say,シヘイ･ヨウ,2,う、うん、場所が違うから……,
d30c62acdc62c5c962b5117bd28fb80c.bundle,算勞墜落事件,Branch,#Simple,1,……,
d30c62acdc62c5c962b5117bd28fb80c.bundle,算勞墜落事件,Say,シヘイ･ヨウ,3,機械の故障は思ったよりも深刻みたいだ……,
d30c62acdc62c5c962b5117bd28fb80c.bundle,算勞墜落事件,Say,パン･ロウ,3,まじかよ……,
d30c62acdc62c5c962b5117bd28fb80c.bundle,算勞墜落事件,Say,パン･ロウ,4,始まった、始まったよ……,
d30c62acdc62c5c962b5117bd28fb80c.bundle,算勞墜落事件,Say,パン･ロウ,5,万事休すって感じだよ。,
d30c62acdc62c5c962b5117bd28fb80c.bundle,算勞墜落事件,Branch,#Simple,2,私たちは何もしなくていいんですか？,
d30c62acdc62c5c962b5117bd28fb80c.bundle,算勞墜落事件,Say,パン･ロウ,6,緊急対策チームが向かったから、プロに任せようよ。,
d30c62acdc62c5c962b5117bd28fb80c.bundle,算勞墜落事件,Say,パン･ロウ,7,……,
d30c62acdc62c5c962b5117bd28fb80c.bundle,算勞墜落事件,Branch,#Simple,3,何が万事休すなんですか？,
d30c62acdc62c5c962b5117bd28fb80c.bundle,算勞墜落事件,Say,パン･ロウ,8,この工場だよ！,
d30c62acdc62c5c962b5117bd28fb80c.bundle,算勞墜落事件,Branch,#Simple,4,……,
d30c62acdc62c5c962b5117bd28fb80c.bundle,算勞墜落事件,Say,パン･ロウ,9,設備が古すぎて、この工場はもう限界なんだよ。,
d30c62acdc62c5c962b5117bd28fb80c.bundle,算勞墜落事件,Branch,#Simple,5,今日のは偶然起きた事故に過ぎません。,
d30c62acdc62c5c962b5117bd28fb80c.bundle,算勞墜落事件,Say,パン･ロウ,10,でも、これからはこんなのが増える一方だよ！,
d30c62acdc62c5c962b5117bd28fb80c.bundle,算勞墜落事件,Say,パン･ロウ,11,だって、設備が古いことによる事故なんだから……,
d30c62acdc62c5c962b5117bd28fb80c.bundle,算勞墜落事件,Say,シヘイ･ヨウ,4,僕も同意見だ。,
d30c62acdc62c5c962b5117bd28fb80c.bundle,算勞墜落事件,Branch,#Simple,6,設備がここまで劣化してるのに、上は新しくする気はないんですか？,
d30c62acdc62c5c962b5117bd28fb80c.bundle,算勞墜落事件,Say,パン･ロウ,12,コストの問題だよ。,
d30c62acdc62c5c962b5117bd28fb80c.bundle,算勞墜落事件,Say,パン･ロウ,13,設備を変えるにはセラー全体を新しくする必要があるから、とんでもない金額になるんだ。,
d30c62acdc62c5c962b5117bd28fb80c.bundle,算勞墜落事件,Say,パン･ロウ,14,彼らはわかっているんだ。セラーを一新するより、マイナーに賠償金を支払う方がずっと安いってことを。,
d30c62acdc62c5c962b5117bd28fb80c.bundle,算勞墜落事件,Branch,#Simple,7,……,
d30c62acdc62c5c962b5117bd28fb80c.bundle,算勞墜落事件,Say,シヘイ･ヨウ,5,それならいっそ、ここを閉鎖した方がいいのに。,
d30c62acdc62c5c962b5117bd28fb80c.bundle,算勞墜落事件,Say,シヘイ･ヨウ,6,最近の本社は真剣に閉鎖を考えてるって兄貴が言ってた……,
d30c62acdc62c5c962b5117bd28fb80c.bundle,算勞墜落事件,Say,パン･ロウ,15,へー、でもそれは難しいんじゃない？,
d30c62acdc62c5c962b5117bd28fb80c.bundle,算勞墜落事件,Say,パン･ロウ,16,多くの演算力を提供してるサイレントが急に閉鎖したら大変なことになるよ。,
d30c62acdc62c5c962b5117bd28fb80c.bundle,算勞墜落事件,Say,シヘイ･ヨウ,7,それはわかんないけど、閉鎖できるといいよな。,
d30c62acdc62c5c962b5117bd28fb80c.bundle,算勞墜落事件,Say,パン･ロウ,17,……うん。,
d30c62acdc62c5c962b5117bd28fb80c.bundle,算勞墜落事件,Say,心の声,0,そうなったらクビになるのでは……,
d30c62acdc62c5c962b5117bd28fb80c.bundle,算勞墜落事件,Branch,#Simple,8,職を失うのが怖くないんですか？,
d30c62acdc62c5c962b5117bd28fb80c.bundle,算勞墜落事件,Say,パン･ロウ,18,ああ、そっか。閉鎖としか聞いてないもんな……,
d30c62acdc62c5c962b5117bd28fb80c.bundle,算勞墜落事件,Say,パン･ロウ,19,大丈夫。工場閉鎖が決まっても、閉鎖するまで少なくとも三年はかかるんだ。,
d30c62acdc62c5c962b5117bd28fb80c.bundle,算勞墜落事件,Say,パン･ロウ,20,僕たちは技術者だから、再就職も難しくないしね。,
d30c62acdc62c5c962b5117bd28fb80c.bundle,算勞墜落事件,Say,パン･ロウ,21,でも選別組たちの人は難しいだろうね。だから彼らは閉鎖に反対の立場なんだ。,
d30c62acdc62c5c962b5117bd28fb80c.bundle,算勞墜落事件,Say,シヘイ･ヨウ,8,そうだね。,
d30c62acdc62c5c962b5117bd28fb80c.bundle,算勞墜落事件,Branch,#Simple,9,どうしてここの閉鎖に賛成なんですか？,
d30c62acdc62c5c962b5117bd28fb80c.bundle,算勞墜落事件,Branch,#Simple,10,……,
d30c62acdc62c5c962b5117bd28fb80c.bundle,算勞墜落事件,Branch,#Simple,11,どうしてここの閉鎖に賛成なんですか？,
d30c62acdc62c5c962b5117bd28fb80c.bundle,算勞墜落事件,Say,シヘイ･ヨウ,9,ここの収容数はもう限界だからだよ！,
d30c62acdc62c5c962b5117bd28fb80c.bundle,算勞墜落事件,Say,シヘイ･ヨウ,10,いくらメンテナンスを頑張ったところで、設備が古すぎてほとんど稼働していないんだ……,
d30c62acdc62c5c962b5117bd28fb80c.bundle,算勞墜落事件,Say,シヘイ･ヨウ,11,なのに選別組は次々と新しい人を送り込む。僕たちは事故が起きるのを座って見てるしかないんだよ。,
d30c62acdc62c5c962b5117bd28fb80c.bundle,算勞墜落事件,Branch,#Simple,12,職を失うのが怖くないんですか？,
d30c62acdc62c5c962b5117bd28fb80c.bundle,算勞墜落事件,Branch,#Simple,13,……,
d30c62acdc62c5c962b5117bd28fb80c.bundle,算勞墜落事件,Branch,#Simple,14,……,
d30c62acdc62c5c962b5117bd28fb80c.bundle,算勞墜落事件,Say,シヘイ･ヨウ,12,もう沢山だ。,
d30c62acdc62c5c962b5117bd28fb80c.bundle,算勞墜落事件,Say,シヘイ･ヨウ,13,この工場の現状が改善されることはない。早く閉鎖されればいいんだ。,
d30c62acdc62c5c962b5117bd28fb80c.bundle,算勞墜落事件,Say,パン･ロウ,22,……,
d30c62acdc62c5c962b5117bd28fb80c.bundle,算勞墜落事件,Say,心の声,1,選別組の人からはこんな話、聞いたこともないな……,
d30c62acdc62c5c962b5117bd28fb80c.bundle,算勞墜落事件,Say,パン･ロウ,23,さあ、ここで見ててもしょうがないから行こう……,
d30c62acdc62c5c962b5117bd28fb80c.bundle,算勞墜落事件,Say,シヘイ･ヨウ,14,うん……,
d30c62acdc62c5c962b5117bd28fb80c.bundle,下車對話,Say,パン･ロウ,0,着いたよ。降りよう。,
d30c62acdc62c5c962b5117bd28fb80c.bundle,下車對話,Say,パン･ロウ,1,じゃあ、お疲れ様。,
d30c62acdc62c5c962b5117bd28fb80c.bundle,下車對話,Say,シヘイ･ヨウ,0,じゃあね、パンちゃん。,
d30c62acdc62c5c962b5117bd28fb80c.bundle,下車對話,Branch,#Simple,0,お疲れ様でした。,
d30c62acdc62c5c962b5117bd28fb80c.bundle,下車對話,Say,パン･ロウ,2,ジェイ･ダイ、お疲れ様。,
d30c62acdc62c5c962b5117bd28fb80c.bundle,下車對話,Branch,#Simple,1,大丈夫です。,
d30c62acdc62c5c962b5117bd28fb80c.bundle,下車對話,Say,パン･ロウ,3,ならいいけど。,
d30c62acdc62c5c962b5117bd28fb80c.bundle,下車對話,Branch,#Simple,2,ありがとうございます。,
d30c62acdc62c5c962b5117bd28fb80c.bundle,下車對話,Say,パン･ロウ,4,うん、当然のことだよ。,
d30c62acdc62c5c962b5117bd28fb80c.bundle,下車對話,Branch,#Simple,3,そちらこそお疲れ様です。,
d30c62acdc62c5c962b5117bd28fb80c.bundle,下車對話,Say,パン･ロウ,5,うん。皆、大変だよね！,
d30c62acdc62c5c962b5117bd28fb80c.bundle,下車對話,Branch,#Simple,4,……,
d30c62acdc62c5c962b5117bd28fb80c.bundle,跟楊冶平尷尬搭電梯,Say,シヘイ･ヨウ,0,そういえば……,
d30c62acdc62c5c962b5117bd28fb80c.bundle,跟楊冶平尷尬搭電梯,Say,シヘイ･ヨウ,1,ジェイさんにまだ自己紹介してなかったよね？,
d30c62acdc62c5c962b5117bd28fb80c.bundle,跟楊冶平尷尬搭電梯,Say,シヘイ･ヨウ,2,ゴホン！,
d30c62acdc62c5c962b5117bd28fb80c.bundle,跟楊冶平尷尬搭電梯,Say,シヘイ･ヨウ,3,僕はシヘイ･ヨウ、操作組の作業員だ。,
d30c62acdc62c5c962b5117bd28fb80c.bundle,跟楊冶平尷尬搭電梯,Branch,#Simple,0,ジェイ･ダイです。,
d30c62acdc62c5c962b5117bd28fb80c.bundle,跟楊冶平尷尬搭電梯,Say,シヘイ･ヨウ,4,知ってる、知ってる。さっき聞いたから。,
d30c62acdc62c5c962b5117bd28fb80c.bundle,跟楊冶平尷尬搭電梯,Branch,#Simple,1,……,
d30c62acdc62c5c962b5117bd28fb80c.bundle,跟楊冶平尷尬搭電梯,Say,シヘイ･ヨウ,5,……,
d30c62acdc62c5c962b5117bd28fb80c.bundle,阿姨叫玩家過去,Say,イファ･ヨウ,0,どうしたの？来なさい。,
d30c62acdc62c5c962b5117bd28fb80c.bundle,阿姨叫玩家過去,Say,イファ･ヨウ,1,あんな場所じゃ話せないでしょう？,
d30c62acdc62c5c962b5117bd28fb80c.bundle,信任戴士傑(一),Say,イファ･ヨウ,0,何食わぬ顔で入ってくるね。,
d30c62acdc62c5c962b5117bd28fb80c.bundle,信任戴士傑(一),Say,イファ･ヨウ,1,一体サイレントはどういうつもりなんだか。こんなことは初めてよ……,
d30c62acdc62c5c962b5117bd28fb80c.bundle,信任戴士傑(一),Say,イファ･ヨウ,2,ジェイ･ダイ。操作組のことで報告があるでしょ？,
d30c62acdc62c5c962b5117bd28fb80c.bundle,信任戴士傑(一),Branch,#Simple,0,はい。,
d30c62acdc62c5c962b5117bd28fb80c.bundle,信任戴士傑(一),Say,イファ･ヨウ,3,報告はいらないわ。,
d30c62acdc62c5c962b5117bd28fb80c.bundle,信任戴士傑(一),Branch,#Simple,1,さっきのは何ですか？,
d30c62acdc62c5c962b5117bd28fb80c.bundle,信任戴士傑(一),Say,イファ･ヨウ,4,貴方とは無関係のことだ。,
d30c62acdc62c5c962b5117bd28fb80c.bundle,信任戴士傑(一),Say,イファ･ヨウ,5,……,
d30c62acdc62c5c962b5117bd28fb80c.bundle,信任戴士傑(一),Say,イファ･ヨウ,6,はぁ、よりによってこんな時に。,
d30c62acdc62c5c962b5117bd28fb80c.bundle,信任戴士傑(一),Say,イファ･ヨウ,7,ジェイ･ダイ、聞きなさい。,
d30c62acdc62c5c962b5117bd28fb80c.bundle,信任戴士傑(一),Say,イファ･ヨウ,8,セラーで起きた事は、シュン･ゴから報告を受けた。,
d30c62acdc62c5c962b5117bd28fb80c.bundle,信任戴士傑(一),Say,イファ･ヨウ,9,……,
d30c62acdc62c5c962b5117bd28fb80c.bundle,信任戴士傑(一),Say,イファ･ヨウ,10,あんな経験させてしまい申し訳ないと思っている。,
d30c62acdc62c5c962b5117bd28fb80c.bundle,信任戴士傑(一),Say,イファ･ヨウ,11,貴方が緊急レバーを引いた勇気はとても素晴らしいものだった。,
d30c62acdc62c5c962b5117bd28fb80c.bundle,信任戴士傑(一),Say,イファ･ヨウ,12,貴方とは一度しっかりと話したかったのだが……,
d30c62acdc62c5c962b5117bd28fb80c.bundle,信任戴士傑(一),Say,イファ･ヨウ,13,……,
d30c62acdc62c5c962b5117bd28fb80c.bundle,信任戴士傑(一),Say,イファ･ヨウ,14,今は他に重要なことがあってね。,
d30c62acdc62c5c962b5117bd28fb80c.bundle,信任戴士傑(一),Say,イファ･ヨウ,15,まずはここから出なさい。次にやることを伝えるから。,
d30c62acdc62c5c962b5117bd28fb80c.bundle,信任戴士傑(一),Say,心の声,0,どういうことだ……？,
d30c62acdc62c5c962b5117bd28fb80c.bundle,信任戴士傑(一),Say,イファ･ヨウ,16,さあ、行きなさい。,
d30c62acdc62c5c962b5117bd28fb80c.bundle,信任戴士傑(二),Say,イファ･ヨウ,0,待ちなさい……,
d30c62acdc62c5c962b5117bd28fb80c.bundle,信任戴士傑(二),Say,心の声,0,何なんだ？,
d30c62acdc62c5c962b5117bd28fb80c.bundle,信任戴士傑(二),Say,イファ･ヨウ,1,私は……,
d30c62acdc62c5c962b5117bd28fb80c.bundle,信任戴士傑(二),Say,イファ･ヨウ,2,……,
d30c62acdc62c5c962b5117bd28fb80c.bundle,信任戴士傑(二),Say,イファ･ヨウ,3,仕方ないね……,
d30c62acdc62c5c962b5117bd28fb80c.bundle,信任戴士傑(二),Say,イファ･ヨウ,4,ジェイ･ダイ。この二日間、私は貴方を観察してきた……,
d30c62acdc62c5c962b5117bd28fb80c.bundle,信任戴士傑(二),Say,イファ･ヨウ,5,貴方はいつも正しい選択をし、他者を気遣っていた……,
d30c62acdc62c5c962b5117bd28fb80c.bundle,信任戴士傑(二),Say,イファ･ヨウ,6,……,
d30c62acdc62c5c962b5117bd28fb80c.bundle,信任戴士傑(二),Say,イファ･ヨウ,7,貴方は信頼に値する良い人だと思う。,
d30c62acdc62c5c962b5117bd28fb80c.bundle,信任戴士傑(二),Say,イファ･ヨウ,8,貴方は自分に忠実なだけで、悪い人ではない。,
d30c62acdc62c5c962b5117bd28fb80c.bundle,信任戴士傑(二),Branch,#Simple,0,ありがとうございます？,
d30c62acdc62c5c962b5117bd28fb80c.bundle,信任戴士傑(二),Branch,#Simple,1,急に何ですか？,
d30c62acdc62c5c962b5117bd28fb80c.bundle,信任戴士傑(二),Branch,#Simple,2,……,
d30c62acdc62c5c962b5117bd28fb80c.bundle,信任戴士傑(二),Say,イファ･ヨウ,9,貴方もさっきのを見て、問題が起きていることはわかっているね。,
d30c62acdc62c5c962b5117bd28fb80c.bundle,信任戴士傑(二),Say,心の声,1,何が言いたいんだ……？,
d30c62acdc62c5c962b5117bd28fb80c.bundle,信任戴士傑(二),Branch,#Simple,3,でもどんな問題かはわかりません。,
d30c62acdc62c5c962b5117bd28fb80c.bundle,信任戴士傑(二),Branch,#Simple,4,問題はあなた自身だと思いますが。,
d30c62acdc62c5c962b5117bd28fb80c.bundle,信任戴士傑(二),Say,イファ･ヨウ,10,わかっている。,
d30c62acdc62c5c962b5117bd28fb80c.bundle,信任戴士傑(二),Say,心の声,2,眉をひそめた……,
d30c62acdc62c5c962b5117bd28fb80c.bundle,信任戴士傑(二),Branch,#Simple,5,……,
d30c62acdc62c5c962b5117bd28fb80c.bundle,信任戴士傑(二),Say,イファ･ヨウ,11,……,
d30c62acdc62c5c962b5117bd28fb80c.bundle,信任戴士傑(二),Say,イファ･ヨウ,12,八方塞がりね……,
d30c62acdc62c5c962b5117bd28fb80c.bundle,信任戴士傑(二),Say,イファ･ヨウ,13,でも今は賭けに出るしかない。,
d30c62acdc62c5c962b5117bd28fb80c.bundle,信任戴士傑(二),Say,イファ･ヨウ,14,ジェイ･ダイ。貴方に手伝ってもらいたいことがある。,
d30c62acdc62c5c962b5117bd28fb80c.bundle,信任戴士傑(二),Say,イファ･ヨウ,15,さっき起きた事を説明してもいいが……,
d30c62acdc62c5c962b5117bd28fb80c.bundle,信任戴士傑(二),Say,イファ･ヨウ,16,それを聞けば、後には戻れなくなる。,
d30c62acdc62c5c962b5117bd28fb80c.bundle,信任戴士傑(二),Say,イファ･ヨウ,17,それでも聞く？,
d30c62acdc62c5c962b5117bd28fb80c.bundle,信任戴士傑(二),Say,心の声,3,リンと関係があるなら、俺は……,
d30c62acdc62c5c962b5117bd28fb80c.bundle,信任戴士傑(二),Branch,#Simple,6,聞かせてください。,
d30c62acdc62c5c962b5117bd28fb80c.bundle,信任戴士傑(二),Branch,#Simple,7,聞きたくありません。,
d30c62acdc62c5c962b5117bd28fb80c.bundle,信任戴士傑(二),Say,イファ･ヨウ,18,そうでしょうね。,
d30c62acdc62c5c962b5117bd28fb80c.bundle,信任戴士傑(二),Say,イファ･ヨウ,19,危険に巻き込まれたくないと思うのは当然だ。,
d30c62acdc62c5c962b5117bd28fb80c.bundle,信任戴士傑(二),Say,イファ･ヨウ,20,だったら、もう行きなさい。,
d30c62acdc62c5c962b5117bd28fb80c.bundle,信任戴士傑(二),Say,イファ･ヨウ,21,このことは私が処理する。,
d30c62acdc62c5c962b5117bd28fb80c.bundle,信任戴士傑(二),Say,心の声,4,でもこれはリンに関わることでもある……,
d30c62acdc62c5c962b5117bd28fb80c.bundle,信任戴士傑(二),Branch,#Simple,8,やっぱり聞かせてください。,
d30c62acdc62c5c962b5117bd28fb80c.bundle,信任戴士傑(二),Say,イファ･ヨウ,22,後悔はしない？,
d30c62acdc62c5c962b5117bd28fb80c.bundle,信任戴士傑(二),Branch,#Simple,9,はい。,
d30c62acdc62c5c962b5117bd28fb80c.bundle,信任戴士傑(二),Say,イファ･ヨウ,23,わかった。,
d30c62acdc62c5c962b5117bd28fb80c.bundle,信任戴士傑(二),Branch,#Simple,10,やっぱりやめます。,
d30c62acdc62c5c962b5117bd28fb80c.bundle,信任戴士傑(二),Say,イファ･ヨウ,24,なら私の時間を無駄にするな。,
d30c62acdc62c5c962b5117bd28fb80c.bundle,信任戴士傑(二),Say,イファ･ヨウ,25,出て行きなさい。,
d30c62acdc62c5c962b5117bd28fb80c.bundle,信任戴士傑(二),Branch,#Simple,11,失礼します。,
d30c62acdc62c5c962b5117bd28fb80c.bundle,信任戴士傑(二),Branch,#Simple,12,……,
d30c62acdc62c5c962b5117bd28fb80c.bundle,信任戴士傑(二),Branch,#Simple,13,本当に会社の機密情報を盗んだんですか？,
d30c62acdc62c5c962b5117bd28fb80c.bundle,信任戴士傑(二),Say,イファ･ヨウ,26,私の説明を聞いた後に、その問いに答えよう。,
d30c62acdc62c5c962b5117bd28fb80c.bundle,信任戴士傑(二),Say,イファ･ヨウ,27,まず、私の説明を聞く気があるかどうかを答えなさい。,
d30c62acdc62c5c962b5117bd28fb80c.bundle,不信任戴士傑(一),Say,イファ･ヨウ,0,何食わぬ顔で入ってくるね。,
d30c62acdc62c5c962b5117bd28fb80c.bundle,不信任戴士傑(一),Say,イファ･ヨウ,1,どうしてサイレントは貴方を入れるのだろうね……,
d30c62acdc62c5c962b5117bd28fb80c.bundle,不信任戴士傑(一),Branch,#Simple,0,わかりません。,
d30c62acdc62c5c962b5117bd28fb80c.bundle,不信任戴士傑(一),Say,イファ･ヨウ,2,知ってる方が変でしょ。,
d30c62acdc62c5c962b5117bd28fb80c.bundle,不信任戴士傑(一),Branch,#Simple,1,私のせいではないはずです。,
d30c62acdc62c5c962b5117bd28fb80c.bundle,不信任戴士傑(一),Say,イファ･ヨウ,3,もちろん、この工場自身の問題だ。,
d30c62acdc62c5c962b5117bd28fb80c.bundle,不信任戴士傑(一),Branch,#Simple,2,……,
d30c62acdc62c5c962b5117bd28fb80c.bundle,不信任戴士傑(一),Say,イファ･ヨウ,4,それで、貴方はここで何をしている？,
d30c62acdc62c5c962b5117bd28fb80c.bundle,不信任戴士傑(一),Say,心の声,0,さっきのことがリンと何の関係があるかを聞き出そう。,
d30c62acdc62c5c962b5117bd28fb80c.bundle,不信任戴士傑(一),Branch,#Simple,3,操作組の研修が終わりました。,
d30c62acdc62c5c962b5117bd28fb80c.bundle,不信任戴士傑(一),Say,イファ･ヨウ,5,今の私は貴方に構ってる暇はないの。,
d30c62acdc62c5c962b5117bd28fb80c.bundle,不信任戴士傑(一),Branch,#Simple,4,今のはなんですか？,
d30c62acdc62c5c962b5117bd28fb80c.bundle,不信任戴士傑(一),Say,イファ･ヨウ,6,貴方とは無関係のことだ。,
d30c62acdc62c5c962b5117bd28fb80c.bundle,不信任戴士傑(一),Say,イファ･ヨウ,7,操作組のことは、もうシュン･ゴから報告を受けている。,
d30c62acdc62c5c962b5117bd28fb80c.bundle,不信任戴士傑(一),Say,イファ･ヨウ,8,こんなことが起きて残念に思う。,
d30c62acdc62c5c962b5117bd28fb80c.bundle,不信任戴士傑(一),Say,イファ･ヨウ,9,この件は後で話そう。今は出ていきなさい。,
d30c62acdc62c5c962b5117bd28fb80c.bundle,不信任戴士傑(一),Branch,#Simple,5,本当は機密情報を盗みましたね？,
d30c62acdc62c5c962b5117bd28fb80c.bundle,不信任戴士傑(一),Say,イファ･ヨウ,10,盗んでないわ。,
d30c62acdc62c5c962b5117bd28fb80c.bundle,不信任戴士傑(一),Say,イファ･ヨウ,11,二度も言わせないで。,
d30c62acdc62c5c962b5117bd28fb80c.bundle,不信任戴士傑(一),Say,イファ･ヨウ,12,出て行きなさい。,
d30c62acdc62c5c962b5117bd28fb80c.bundle,不信任戴士傑(一),Say,心の声,1,クソッ……,
d30c62acdc62c5c962b5117bd28fb80c.bundle,不信任戴士傑(一),Say,心の声,2,リンに連絡しないと……,
d30c62acdc62c5c962b5117bd28fb80c.bundle,不信任戴士傑(一),Branch,#Simple,6,私はリン･テイを知っています。あなたは一体何をしたんですか？,
d30c62acdc62c5c962b5117bd28fb80c.bundle,不信任戴士傑(一),Say,イファ･ヨウ,13,彼女を知ってるのは当たり前でしょ？,
d30c62acdc62c5c962b5117bd28fb80c.bundle,不信任戴士傑(一),Say,心の声,3,嘘だと思われてる……,
d30c62acdc62c5c962b5117bd28fb80c.bundle,不信任戴士傑(一),Branch,#Simple,7,私はリンの彼氏です。,
d30c62acdc62c5c962b5117bd28fb80c.bundle,不信任戴士傑(一),Branch,#Simple,8,私は本当にリンを知っているんです。,
d30c62acdc62c5c962b5117bd28fb80c.bundle,不信任戴士傑(一),Say,イファ･ヨウ,14,どんな関係？友人？,
d30c62acdc62c5c962b5117bd28fb80c.bundle,不信任戴士傑(一),Branch,#Simple,9,私はリンの彼氏です。,
d30c62acdc62c5c962b5117bd28fb80c.bundle,不信任戴士傑(一),Branch,#Simple,10,はい。,
d30c62acdc62c5c962b5117bd28fb80c.bundle,不信任戴士傑(一),Branch,#Simple,11,知り合いです。,
d30c62acdc62c5c962b5117bd28fb80c.bundle,不信任戴士傑(一),Say,イファ･ヨウ,15,それで？,
d30c62acdc62c5c962b5117bd28fb80c.bundle,不信任戴士傑(一),Branch,#Simple,12,彼女のことを助けたい。,
d30c62acdc62c5c962b5117bd28fb80c.bundle,不信任戴士傑(一),Say,イファ･ヨウ,16,ただの知り合いが？,
d30c62acdc62c5c962b5117bd28fb80c.bundle,不信任戴士傑(一),Branch,#Simple,13,リンは俺の彼女だからだ！,
d30c62acdc62c5c962b5117bd28fb80c.bundle,不信任戴士傑(一),Branch,#Simple,14,……,
d30c62acdc62c5c962b5117bd28fb80c.bundle,不信任戴士傑(一),Say,イファ･ヨウ,17,私が信じるとでも？,
d30c62acdc62c5c962b5117bd28fb80c.bundle,不信任戴士傑(一),Branch,#Simple,15,あなたがコソコソやってることを教えてください。,
d30c62acdc62c5c962b5117bd28fb80c.bundle,不信任戴士傑(一),Say,イファ･ヨウ,18,悪いけど、私は何もしていない。,
d30c62acdc62c5c962b5117bd28fb80c.bundle,不信任戴士傑(一),Say,イファ･ヨウ,19,今すぐ出て行きなさい。,
d30c62acdc62c5c962b5117bd28fb80c.bundle,不信任戴士傑(一),Branch,#Simple,16,……,
d30c62acdc62c5c962b5117bd28fb80c.bundle,不信任戴士傑(一),Say,イファ･ヨウ,20,出口は後ろよ。子供みたいに教えてあげないとわからない？,
d30c62acdc62c5c962b5117bd28fb80c.bundle,不信任戴士傑(一),Say,イファ･ヨウ,21,さっさと出て行きなさい。貴方に時間をかけてる暇はない。,
d30c62acdc62c5c962b5117bd28fb80c.bundle,不信任戴士傑(一),Say,イファ･ヨウ,22,なに？,
d30c62acdc62c5c962b5117bd28fb80c.bundle,不信任戴士傑(一),Say,イファ･ヨウ,23,……,
d30c62acdc62c5c962b5117bd28fb80c.bundle,不信任戴士傑(一),Say,イファ･ヨウ,24,そんな……,
d30c62acdc62c5c962b5117bd28fb80c.bundle,不信任戴士傑(一),Say,イファ･ヨウ,25,こんな偶然が……,
d30c62acdc62c5c962b5117bd28fb80c.bundle,不信任戴士傑(一),Say,イファ･ヨウ,26,あんな良い子が、どうして貴方みたいな人と……,
d30c62acdc62c5c962b5117bd28fb80c.bundle,不信任戴士傑(一),Say,イファ･ヨウ,27,この二日間、貴方の行動を見させてもらった。結論を言うと貴方を良い人とは思えない……,
d30c62acdc62c5c962b5117bd28fb80c.bundle,不信任戴士傑(一),Branch,#Simple,17,評価はどうでもいい。でも彼女に関係があるなら、引き下がるわけにはいかない。,
d30c62acdc62c5c962b5117bd28fb80c.bundle,不信任戴士傑(一),Say,イファ･ヨウ,28,……,
d30c62acdc62c5c962b5117bd28fb80c.bundle,不信任戴士傑(一),Say,心の声,4,躊躇ってるようだ……,
d30c62acdc62c5c962b5117bd28fb80c.bundle,不信任戴士傑(一),Say,イファ･ヨウ,29,彼女の誕生日を教えて。,
d30c62acdc62c5c962b5117bd28fb80c.bundle,不信任戴士傑(一),Say,イファ･ヨウ,30,今はあなたに賭けるしかない。監督官の誕生日を誰もが知ってるとは思えない。,
d30c62acdc62c5c962b5117bd28fb80c.bundle,不信任戴士傑(一),Say,イファ･ヨウ,31,彼女の誕生日を知っていたなら信じる。,
d30c62acdc62c5c962b5117bd28fb80c.bundle,不信任戴士傑(一),Say,イファ･ヨウ,32,ここに彼女のプロフィールがある。あてずっぽうは通じないよ。,
d30c62acdc62c5c962b5117bd28fb80c.bundle,不信任戴士傑(一),Branch,#Simple,18,45024,
d30c62acdc62c5c962b5117bd28fb80c.bundle,不信任戴士傑(一),Say,心の声,5,何だって！？違うのか……,
d30c62acdc62c5c962b5117bd28fb80c.bundle,不信任戴士傑(一),Say,イファ･ヨウ,33,何をしてるの？私の時間を無駄にするな。,
d30c62acdc62c5c962b5117bd28fb80c.bundle,不信任戴士傑(一),Branch,#Simple,19,45226,
d30c62acdc62c5c962b5117bd28fb80c.bundle,不信任戴士傑(一),Say,イファ･ヨウ,34,……,
d30c62acdc62c5c962b5117bd28fb80c.bundle,不信任戴士傑(一),Say,イファ･ヨウ,35,……,
d30c62acdc62c5c962b5117bd28fb80c.bundle,不信任戴士傑(一),Say,イファ･ヨウ,36,正解だ。,
d30c62acdc62c5c962b5117bd28fb80c.bundle,不信任戴士傑(一),Say,イファ･ヨウ,37,ハズレてくれた方が有難かったんだがな……,
d30c62acdc62c5c962b5117bd28fb80c.bundle,不信任戴士傑(一),Say,イファ･ヨウ,38,こんな偶然、信じるしかない……,
d30c62acdc62c5c962b5117bd28fb80c.bundle,不信任戴士傑(一),Say,イファ･ヨウ,39,はぁ……,
d30c62acdc62c5c962b5117bd28fb80c.bundle,不信任戴士傑(一),Say,イファ･ヨウ,40,仕方ない、今は賭けるしかない。,
d30c62acdc62c5c962b5117bd28fb80c.bundle,不信任戴士傑(一),Branch,#Simple,20,44992,
d30c62acdc62c5c962b5117bd28fb80c.bundle,不信任戴士傑(一),Branch,#Simple,21,45219,
d30c62acdc62c5c962b5117bd28fb80c.bundle,不信任戴士傑(一),Say,心の声,6,何だって！？違うのか……,
d30c62acdc62c5c962b5117bd28fb80c.bundle,不信任戴士傑(一),Say,イファ･ヨウ,41,何をしてるの？私の時間を無駄にするな。,
d30c62acdc62c5c962b5117bd28fb80c.bundle,不信任戴士傑(一),Say,イファ･ヨウ,42,もう出て行きなさい。,
d30c62acdc62c5c962b5117bd28fb80c.bundle,不信任戴士傑(一),Branch,#Simple,22,待ってくれ。言い間違えたんだ。,
d30c62acdc62c5c962b5117bd28fb80c.bundle,不信任戴士傑(一),Say,イファ･ヨウ,43,いえ、間違ってたのは私の方だった。,
d30c62acdc62c5c962b5117bd28fb80c.bundle,不信任戴士傑(一),Say,イファ･ヨウ,44,最初から貴方を信じるべきではなかった。,
d30c62acdc62c5c962b5117bd28fb80c.bundle,不信任戴士傑(一),Branch,#Simple,23,……,
d30c62acdc62c5c962b5117bd28fb80c.bundle,不信任戴士傑(一),Branch,#Simple,24,あんたは俺のことを何も知らない。,
d30c62acdc62c5c962b5117bd28fb80c.bundle,不信任戴士傑(一),Say,イファ･ヨウ,45,そうね……,
d30c62acdc62c5c962b5117bd28fb80c.bundle,不信任戴士傑(一),Say,イファ･ヨウ,46,確かに何も知らない。,
d30c62acdc62c5c962b5117bd28fb80c.bundle,不信任戴士傑(一),Say,イファ･ヨウ,47,だからこそ、何を持って信用すればいいの？,
d30c62acdc62c5c962b5117bd28fb80c.bundle,不信任戴士傑(一),Branch,#Simple,25,あんたが俺の話を信用するかどうかはどうでもいい。俺はただリンが心配なだけだ。,
d30c62acdc62c5c962b5117bd28fb80c.bundle,不信任戴士傑(一),Branch,#Simple,26,人の話を聞かないクソババアが。,
d30c62acdc62c5c962b5117bd28fb80c.bundle,不信任戴士傑(一),Branch,#Simple,27,……,
d30c62acdc62c5c962b5117bd28fb80c.bundle,不信任戴士傑(一),Say,イファ･ヨウ,48,出て行きなさい。,
d30c62acdc62c5c962b5117bd28fb80c.bundle,不信任戴士傑(一),Say,心の声,7,クソッ……,
d30c62acdc62c5c962b5117bd28fb80c.bundle,不信任戴士傑(一),Branch,#Simple,28,……,
d30c62acdc62c5c962b5117bd28fb80c.bundle,不信任戴士傑(一),Branch,#Simple,29,……,
d30c62acdc62c5c962b5117bd28fb80c.bundle,葉宜樺開始說明阻止程芳,Say,イファ･ヨウ,0,私は、ずっと万象内部の不正について調べていた。,
d30c62acdc62c5c962b5117bd28fb80c.bundle,葉宜樺開始說明阻止程芳,Branch,#Simple,0,一人でですか？,
d30c62acdc62c5c962b5117bd28fb80c.bundle,葉宜樺開始說明阻止程芳,Say,イファ･ヨウ,1,……,
d30c62acdc62c5c962b5117bd28fb80c.bundle,葉宜樺開始說明阻止程芳,Say,イファ･ヨウ,2,ええ。,
d30c62acdc62c5c962b5117bd28fb80c.bundle,葉宜樺開始說明阻止程芳,Say,心の声,0,言い淀んだ……？,
d30c62acdc62c5c962b5117bd28fb80c.bundle,葉宜樺開始說明阻止程芳,Branch,#Simple,1,……,
d30c62acdc62c5c962b5117bd28fb80c.bundle,葉宜樺開始說明阻止程芳,Say,イファ･ヨウ,3,詳しくは話せないが、万象では明らかに問題が起きている。,
d30c62acdc62c5c962b5117bd28fb80c.bundle,葉宜樺開始說明阻止程芳,Branch,#Simple,2,どんな問題ですか？,
d30c62acdc62c5c962b5117bd28fb80c.bundle,葉宜樺開始說明阻止程芳,Say,イファ･ヨウ,4,言えないと言ったはずだ。,
d30c62acdc62c5c962b5117bd28fb80c.bundle,葉宜樺開始說明阻止程芳,Say,イファ･ヨウ,5,それは、貴方を守るためでもある。,
d30c62acdc62c5c962b5117bd28fb80c.bundle,葉宜樺開始說明阻止程芳,Say,イファ･ヨウ,6,知れば知るほど、貴方も深淵に引きずり込まれていく。,
d30c62acdc62c5c962b5117bd28fb80c.bundle,葉宜樺開始說明阻止程芳,Say,イファ･ヨウ,7,時間がないから話を続けるぞ。,
d30c62acdc62c5c962b5117bd28fb80c.bundle,葉宜樺開始說明阻止程芳,Branch,#Simple,3,詳しく教えてくれないなら、どうやってあなたを信じろと言うんですか？,
d30c62acdc62c5c962b5117bd28fb80c.bundle,葉宜樺開始說明阻止程芳,Say,イファ･ヨウ,8,どうにもならない。私も貴方が信じてくれるのに賭けているんだ。,
d30c62acdc62c5c962b5117bd28fb80c.bundle,葉宜樺開始說明阻止程芳,Say,イファ･ヨウ,9,それほど状況は緊急だということだよ。,
d30c62acdc62c5c962b5117bd28fb80c.bundle,葉宜樺開始說明阻止程芳,Branch,#Simple,4,焦ってるのはあなただけで、私は別に焦ってません。,
d30c62acdc62c5c962b5117bd28fb80c.bundle,葉宜樺開始說明阻止程芳,Branch,#Simple,5,自分を信じてくれるなら、全部話してください。,
d30c62acdc62c5c962b5117bd28fb80c.bundle,葉宜樺開始說明阻止程芳,Say,イファ･ヨウ,10,すまないが、ここまでしか教えられない。,
d30c62acdc62c5c962b5117bd28fb80c.bundle,葉宜樺開始說明阻止程芳,Say,イファ･ヨウ,11,貴方は今ある情報だけで私を信じ、私を手助けする必要がある。,
d30c62acdc62c5c962b5117bd28fb80c.bundle,葉宜樺開始說明阻止程芳,Say,心の声,1,そんな……,
d30c62acdc62c5c962b5117bd28fb80c.bundle,葉宜樺開始說明阻止程芳,Say,イファ･ヨウ,12,いいか、これは貴方を守るための措置でもある。,
d30c62acdc62c5c962b5117bd28fb80c.bundle,葉宜樺開始說明阻止程芳,Say,イファ･ヨウ,13,知れば知るほど、貴方も深淵に引きずり込まれていく。,
d30c62acdc62c5c962b5117bd28fb80c.bundle,葉宜樺開始說明阻止程芳,Say,イファ･ヨウ,14,時間がないから話を続けるぞ。,
d30c62acdc62c5c962b5117bd28fb80c.bundle,葉宜樺開始說明阻止程芳,Branch,#Simple,6,わかりました。話の続きを聞かせてください。,
d30c62acdc62c5c962b5117bd28fb80c.bundle,葉宜樺開始說明阻止程芳,Branch,#Simple,7,……,
d30c62acdc62c5c962b5117bd28fb80c.bundle,葉宜樺開始說明阻止程芳,Branch,#Simple,8,……,
d30c62acdc62c5c962b5117bd28fb80c.bundle,葉宜樺開始說明阻止程芳,Say,イファ･ヨウ,15,今日、私はある方法で万象の上層部のログを手に入れた。,
d30c62acdc62c5c962b5117bd28fb80c.bundle,葉宜樺開始說明阻止程芳,Say,イファ･ヨウ,16,しかし中身を解析する時間もなく、本社の情報セキュリティ部の捜査員が来た。,
d30c62acdc62c5c962b5117bd28fb80c.bundle,葉宜樺開始說明阻止程芳,Branch,#Simple,9,どうしてあなたが持っているとわかったんです？,
d30c62acdc62c5c962b5117bd28fb80c.bundle,葉宜樺開始說明阻止程芳,Say,イファ･ヨウ,17,それは……,
d30c62acdc62c5c962b5117bd28fb80c.bundle,葉宜樺開始說明阻止程芳,Say,イファ･ヨウ,18,監視カメラに姿が映っていたらしく、そこから彼らに気づかれてしまった。,
d30c62acdc62c5c962b5117bd28fb80c.bundle,葉宜樺開始說明阻止程芳,Branch,#Simple,10,どうやってそのログを手に入れたんです？,
d30c62acdc62c5c962b5117bd28fb80c.bundle,葉宜樺開始說明阻止程芳,Say,イファ･ヨウ,19,それは貴方が気にする必要はない。,
d30c62acdc62c5c962b5117bd28fb80c.bundle,葉宜樺開始說明阻止程芳,Say,イファ･ヨウ,20,重要なのは、私が手に入れる途中に彼らに気づかれたことだ。,
d30c62acdc62c5c962b5117bd28fb80c.bundle,葉宜樺開始說明阻止程芳,Branch,#Simple,11,……,
d30c62acdc62c5c962b5117bd28fb80c.bundle,葉宜樺開始說明阻止程芳,Say,イファ･ヨウ,21,私がやった証拠はまだないはずだが、見ての通りかなり疑われている。,
d30c62acdc62c5c962b5117bd28fb80c.bundle,葉宜樺開始說明阻止程芳,Say,イファ･ヨウ,22,だから私は14個のカプセルを送り、時間稼ぎを試みた。,
d30c62acdc62c5c962b5117bd28fb80c.bundle,葉宜樺開始說明阻止程芳,Say,イファ･ヨウ,23,だが、彼らは私の想像を上回る速さで手を回していた……,
d30c62acdc62c5c962b5117bd28fb80c.bundle,葉宜樺開始說明阻止程芳,Say,イファ･ヨウ,24,ログは定例報告を装って、工場の監督官オフィスへと送った。,
d30c62acdc62c5c962b5117bd28fb80c.bundle,葉宜樺開始說明阻止程芳,Say,イファ･ヨウ,25,つまり、貴方の彼女へだ。,
d30c62acdc62c5c962b5117bd28fb80c.bundle,葉宜樺開始說明阻止程芳,Branch,#Simple,12,彼女もこの件に関与を？,
d30c62acdc62c5c962b5117bd28fb80c.bundle,葉宜樺開始說明阻止程芳,Branch,#Simple,13,彼女はこの件を知ってるんですか？,
d30c62acdc62c5c962b5117bd28fb80c.bundle,葉宜樺開始說明阻止程芳,Say,イファ･ヨウ,26,いや、彼女は何も知らない。,
d30c62acdc62c5c962b5117bd28fb80c.bundle,葉宜樺開始說明阻止程芳,Say,イファ･ヨウ,27,安心するといい。彼女は貴方を騙してたりはしていない。,
d30c62acdc62c5c962b5117bd28fb80c.bundle,葉宜樺開始說明阻止程芳,Say,心の声,2,……,
d30c62acdc62c5c962b5117bd28fb80c.bundle,葉宜樺開始說明阻止程芳,Branch,#Simple,14,……,
d30c62acdc62c5c962b5117bd28fb80c.bundle,葉宜樺開始說明阻止程芳,Say,イファ･ヨウ,28,私は時間を稼ぐために、本物の機密情報が入っているハードディスクを彼女に送った。,
d30c62acdc62c5c962b5117bd28fb80c.bundle,葉宜樺開始說明阻止程芳,Say,イファ･ヨウ,29,本社の捜査員であっても、許可がない限り、その場所には入れないことを知っていたからだ。そして今、監督官はこの会社にいない。,
d30c62acdc62c5c962b5117bd28fb80c.bundle,葉宜樺開始說明阻止程芳,Say,イファ･ヨウ,30,その方法で時間を稼いだ後で、内密に彼女に連絡しようとしていた。,
d30c62acdc62c5c962b5117bd28fb80c.bundle,葉宜樺開始說明阻止程芳,Say,心の声,3,連絡？リンを巻き込む気か？,
d30c62acdc62c5c962b5117bd28fb80c.bundle,葉宜樺開始說明阻止程芳,Branch,#Simple,15,リンを巻き込むつもりか？,
d30c62acdc62c5c962b5117bd28fb80c.bundle,葉宜樺開始說明阻止程芳,Say,イファ･ヨウ,31,リン？,
d30c62acdc62c5c962b5117bd28fb80c.bundle,葉宜樺開始說明阻止程芳,Say,心の声,4,しまった……,
d30c62acdc62c5c962b5117bd28fb80c.bundle,葉宜樺開始說明阻止程芳,Say,イファ･ヨウ,32,監督官を知っているのか……？,
d30c62acdc62c5c962b5117bd28fb80c.bundle,葉宜樺開始說明阻止程芳,Say,イファ･ヨウ,33,……！,
d30c62acdc62c5c962b5117bd28fb80c.bundle,葉宜樺開始說明阻止程芳,Say,イファ･ヨウ,34,まさか貴方が噂の彼氏？,
d30c62acdc62c5c962b5117bd28fb80c.bundle,葉宜樺開始說明阻止程芳,Say,イファ･ヨウ,35,監督官に恋人がいるという噂が流れているのは知っている。だがプライベートな話を一切しない彼女からは、真偽を確かめようがなかった……,
d30c62acdc62c5c962b5117bd28fb80c.bundle,葉宜樺開始說明阻止程芳,Say,イファ･ヨウ,36,なるほど。彼女を助けたいがために、こうやって私を問いただしているのね……,
d30c62acdc62c5c962b5117bd28fb80c.bundle,葉宜樺開始說明阻止程芳,Say,イファ･ヨウ,37,貴方が彼女の恋人で間違いないのね？,
d30c62acdc62c5c962b5117bd28fb80c.bundle,葉宜樺開始說明阻止程芳,Branch,#Simple,16,ああ、間違いない。,
d30c62acdc62c5c962b5117bd28fb80c.bundle,葉宜樺開始說明阻止程芳,Say,イファ･ヨウ,38,なら、辻褄が合う。,
d30c62acdc62c5c962b5117bd28fb80c.bundle,葉宜樺開始說明阻止程芳,Say,イファ･ヨウ,39,彼女の恋人であるなら、もう少し信用できそうだ。,
d30c62acdc62c5c962b5117bd28fb80c.bundle,葉宜樺開始說明阻止程芳,Say,イファ･ヨウ,40,自分の彼女に危険な目に遭わせたくないでしょ？,
d30c62acdc62c5c962b5117bd28fb80c.bundle,葉宜樺開始說明阻止程芳,Branch,#Simple,17,あんたのせいで、彼女はすでに危険な目に遭っている。,
d30c62acdc62c5c962b5117bd28fb80c.bundle,葉宜樺開始說明阻止程芳,Branch,#Simple,18,……,
d30c62acdc62c5c962b5117bd28fb80c.bundle,葉宜樺開始說明阻止程芳,Branch,#Simple,19,それはあなたの考えすぎよ。,
d30c62acdc62c5c962b5117bd28fb80c.bundle,葉宜樺開始說明阻止程芳,Branch,#Simple,20,確かに彼女のことを知ってはいるが、そういう関係ではありません。,
d30c62acdc62c5c962b5117bd28fb80c.bundle,葉宜樺開始說明阻止程芳,Say,イファ･ヨウ,41,あんなに親しい感じで呼んだのに……？,
d30c62acdc62c5c962b5117bd28fb80c.bundle,葉宜樺開始說明阻止程芳,Say,イファ･ヨウ,42,……,
d30c62acdc62c5c962b5117bd28fb80c.bundle,葉宜樺開始說明阻止程芳,Say,イファ･ヨウ,43,そう。今はそこを問いただしてもしょうがないからいいわ。,
d30c62acdc62c5c962b5117bd28fb80c.bundle,葉宜樺開始說明阻止程芳,Say,イファ･ヨウ,44,私がカプセルを彼女のオフィスに送ったことは、もう変えようがない事実……,
d30c62acdc62c5c962b5117bd28fb80c.bundle,葉宜樺開始說明阻止程芳,Say,イファ･ヨウ,45,いや、そんなつもりはない……,
d30c62acdc62c5c962b5117bd28fb80c.bundle,葉宜樺開始說明阻止程芳,Say,心の声,5,明らかに言い淀んでいるようだ……,
d30c62acdc62c5c962b5117bd28fb80c.bundle,葉宜樺開始說明阻止程芳,Branch,#Simple,21,……,
d30c62acdc62c5c962b5117bd28fb80c.bundle,葉宜樺開始說明阻止程芳,Say,イファ･ヨウ,46,まさか彼女が会社に来ていたとは。,
d30c62acdc62c5c962b5117bd28fb80c.bundle,葉宜樺開始說明阻止程芳,Say,イファ･ヨウ,47,こうなると時間稼ぎも無駄だったな。,
d30c62acdc62c5c962b5117bd28fb80c.bundle,葉宜樺開始說明阻止程芳,Say,心の声,6,待て。もしリンのオフィスでそのハードディスクが見つかったら……,
d30c62acdc62c5c962b5117bd28fb80c.bundle,葉宜樺開始說明阻止程芳,Say,心の声,7,共犯者だと疑われるんじゃ……！？,
d30c62acdc62c5c962b5117bd28fb80c.bundle,葉宜樺開始說明阻止程芳,Say,イファ･ヨウ,48,天にも見放されたか……,
d30c62acdc62c5c962b5117bd28fb80c.bundle,葉宜樺開始說明阻止程芳,Branch,#Simple,22,待ってくれ。このままだと彼女も危ないじゃないか？,
d30c62acdc62c5c962b5117bd28fb80c.bundle,葉宜樺開始說明阻止程芳,Say,イファ･ヨウ,49,……,
d30c62acdc62c5c962b5117bd28fb80c.bundle,葉宜樺開始說明阻止程芳,Say,イファ･ヨウ,50,いいえと言ったら嘘になるわね。,
d30c62acdc62c5c962b5117bd28fb80c.bundle,葉宜樺開始說明阻止程芳,Say,心の声,8,クソッ、こいつ……,
d30c62acdc62c5c962b5117bd28fb80c.bundle,葉宜樺開始說明阻止程芳,Branch,#Simple,23,あんたは彼女を巻き込んだんだぞ！,
d30c62acdc62c5c962b5117bd28fb80c.bundle,葉宜樺開始說明阻止程芳,Say,イファ･ヨウ,51,ええ、わかってる。でもそれが唯一の方法だった。,
d30c62acdc62c5c962b5117bd28fb80c.bundle,葉宜樺開始說明阻止程芳,Say,イファ･ヨウ,52,私が捕まった時には、彼女の無実を訴えるつもりよ。,
d30c62acdc62c5c962b5117bd28fb80c.bundle,葉宜樺開始說明阻止程芳,Branch,#Simple,24,そんなことをしたら、彼女が余計に疑われるだけだ！,
d30c62acdc62c5c962b5117bd28fb80c.bundle,葉宜樺開始說明阻止程芳,Say,イファ･ヨウ,53,……その可能性もあるわね。,
d30c62acdc62c5c962b5117bd28fb80c.bundle,葉宜樺開始說明阻止程芳,Say,イファ･ヨウ,54,ただ申し訳ないとしか言いようがないわ。,
d30c62acdc62c5c962b5117bd28fb80c.bundle,葉宜樺開始說明阻止程芳,Say,イファ･ヨウ,55,ただそれも覚悟の上でやったことよ。後悔はないわ。,
d30c62acdc62c5c962b5117bd28fb80c.bundle,葉宜樺開始說明阻止程芳,Branch,#Simple,25,必ずそうしてください。,
d30c62acdc62c5c962b5117bd28fb80c.bundle,葉宜樺開始說明阻止程芳,Say,イファ･ヨウ,56,言われなくても。,
d30c62acdc62c5c962b5117bd28fb80c.bundle,葉宜樺開始說明阻止程芳,Branch,#Simple,26,……,
d30c62acdc62c5c962b5117bd28fb80c.bundle,葉宜樺開始說明阻止程芳,Branch,#Simple,27,それだと彼女に濡れ衣を着せることになる！,
d30c62acdc62c5c962b5117bd28fb80c.bundle,葉宜樺開始說明阻止程芳,Say,イファ･ヨウ,57,結果そう見えたとしても、私にその意図はなかったわ。,
d30c62acdc62c5c962b5117bd28fb80c.bundle,葉宜樺開始說明阻止程芳,Say,心の声,9,嘘を言ってるようには見えない……,
d30c62acdc62c5c962b5117bd28fb80c.bundle,葉宜樺開始說明阻止程芳,Branch,#Simple,28,……,
d30c62acdc62c5c962b5117bd28fb80c.bundle,葉宜樺開始說明阻止程芳,Say,イファ･ヨウ,58,私は自分が無能なせいで、リン･テイ監督官を巻き込んだ。,
d30c62acdc62c5c962b5117bd28fb80c.bundle,葉宜樺開始說明阻止程芳,Say,イファ･ヨウ,59,ただ正しい事をしたかっただけだった。でも関係のない人を巻き込んだのは事実……,
d30c62acdc62c5c962b5117bd28fb80c.bundle,葉宜樺開始說明阻止程芳,Say,イファ･ヨウ,60,責任を負う覚悟はできている。,
d30c62acdc62c5c962b5117bd28fb80c.bundle,葉宜樺開始說明阻止程芳,Say,心の声,10,事が起きてからそんなこを言われても……,
d30c62acdc62c5c962b5117bd28fb80c.bundle,葉宜樺開始說明阻止程芳,Say,心の声,11,最初から他人を巻き込むべきではなかった……,
d30c62acdc62c5c962b5117bd28fb80c.bundle,葉宜樺開始說明阻止程芳,Branch,#Simple,29,他人を巻き込むべきではない。,
d30c62acdc62c5c962b5117bd28fb80c.bundle,葉宜樺開始說明阻止程芳,Say,イファ･ヨウ,61,私が追っていた問題は、我々一個人よりもずっと重要なことだ。,
d30c62acdc62c5c962b5117bd28fb80c.bundle,葉宜樺開始說明阻止程芳,Say,イファ･ヨウ,62,彼女を巻き込みたくはないが、例えもう一度選択をやり直すチャンスが与えられたとしても、彼女に送ったでしょうね。,
d30c62acdc62c5c962b5117bd28fb80c.bundle,葉宜樺開始說明阻止程芳,Branch,#Simple,30,その選択により、他人の人生を台無しにするかもしれないんだぞ。,
d30c62acdc62c5c962b5117bd28fb80c.bundle,葉宜樺開始說明阻止程芳,Say,イファ･ヨウ,63,それでも、これは必要なことだ。,
d30c62acdc62c5c962b5117bd28fb80c.bundle,葉宜樺開始說明阻止程芳,Say,イファ･ヨウ,64,迷惑をかけて申し訳ないとは思っている。,
d30c62acdc62c5c962b5117bd28fb80c.bundle,葉宜樺開始說明阻止程芳,Say,イファ･ヨウ,65,だが、それでも私は自分のやったことに後悔はない。,
d30c62acdc62c5c962b5117bd28fb80c.bundle,葉宜樺開始說明阻止程芳,Say,心の声,12,話を全然聞かない……,
d30c62acdc62c5c962b5117bd28fb80c.bundle,葉宜樺開始說明阻止程芳,Branch,#Simple,31,あなたが追っている問題は本当にそこまで重要なことですか？,
d30c62acdc62c5c962b5117bd28fb80c.bundle,葉宜樺開始說明阻止程芳,Say,イファ･ヨウ,66,大げさに話してはいない。信じてほしい。,
d30c62acdc62c5c962b5117bd28fb80c.bundle,葉宜樺開始說明阻止程芳,Say,イファ･ヨウ,67,この件は、多くの人が関わっている……,
d30c62acdc62c5c962b5117bd28fb80c.bundle,葉宜樺開始說明阻止程芳,Say,心の声,13,嘘ではなさそうだ……,
d30c62acdc62c5c962b5117bd28fb80c.bundle,葉宜樺開始說明阻止程芳,Branch,#Simple,32,……,
d30c62acdc62c5c962b5117bd28fb80c.bundle,葉宜樺開始說明阻止程芳,Branch,#Simple,33,……,
d30c62acdc62c5c962b5117bd28fb80c.bundle,葉宜樺開始說明阻止程芳,Say,イファ･ヨウ,68,ジェイ･ダイ、貴方に彼女を止めてほしい。,
d30c62acdc62c5c962b5117bd28fb80c.bundle,葉宜樺開始說明阻止程芳,Say,イファ･ヨウ,69,間違ってハードディスクを送ってしまったから、返してほしいと彼女に伝えて。,
d30c62acdc62c5c962b5117bd28fb80c.bundle,葉宜樺開始說明阻止程芳,Say,イファ･ヨウ,70,とにかく捜査員が来る前に彼女からハードディスクを取り戻さないといけない。,
d30c62acdc62c5c962b5117bd28fb80c.bundle,葉宜樺開始說明阻止程芳,Say,イファ･ヨウ,71,もしハードディスクが本社の手に渡ったら全てがおしまいだ。,
d30c62acdc62c5c962b5117bd28fb80c.bundle,葉宜樺開始說明阻止程芳,Branch,#Simple,34,どうして自分で行かないんですか？,
d30c62acdc62c5c962b5117bd28fb80c.bundle,葉宜樺開始說明阻止程芳,Say,イファ･ヨウ,72,それはあまりにも疑わしい行為だ。,
d30c62acdc62c5c962b5117bd28fb80c.bundle,葉宜樺開始說明阻止程芳,Branch,#Simple,35,もう疑われてると思いますが？,
d30c62acdc62c5c962b5117bd28fb80c.bundle,葉宜樺開始說明阻止程芳,Say,イファ･ヨウ,73,それでもだめだ。,
d30c62acdc62c5c962b5117bd28fb80c.bundle,葉宜樺開始說明阻止程芳,Branch,#Simple,36,……,
d30c62acdc62c5c962b5117bd28fb80c.bundle,葉宜樺開始說明阻止程芳,Say,イファ･ヨウ,74,……私はこのまま行くわけにはいかない。,
d30c62acdc62c5c962b5117bd28fb80c.bundle,葉宜樺開始說明阻止程芳,Say,イファ･ヨウ,75,もし捜査員に見つかれば、私は言い逃れができない。,
d30c62acdc62c5c962b5117bd28fb80c.bundle,葉宜樺開始說明阻止程芳,Branch,#Simple,37,それはあなたの問題です。,
d30c62acdc62c5c962b5117bd28fb80c.bundle,葉宜樺開始說明阻止程芳,Say,イファ･ヨウ,76,そうね。だからわかりやすく言ってあげる。,
d30c62acdc62c5c962b5117bd28fb80c.bundle,葉宜樺開始說明阻止程芳,Say,イファ･ヨウ,77,私は助けを乞うているだけよ。,
d30c62acdc62c5c962b5117bd28fb80c.bundle,葉宜樺開始說明阻止程芳,Say,心の声,14,それにしてはずいぶんと傲慢な態度だ……,
d30c62acdc62c5c962b5117bd28fb80c.bundle,葉宜樺開始說明阻止程芳,Branch,#Simple,38,もし彼女がすでに、ハードディスクの中身を見ていたら？,
d30c62acdc62c5c962b5117bd28fb80c.bundle,葉宜樺開始說明阻止程芳,Say,イファ･ヨウ,78,監督官が？,
d30c62acdc62c5c962b5117bd28fb80c.bundle,葉宜樺開始說明阻止程芳,Branch,#Simple,39,……,
d30c62acdc62c5c962b5117bd28fb80c.bundle,葉宜樺開始說明阻止程芳,Branch,#Simple,40,もし彼女がすでに、ハードディスクの中身を見ていたら？,
d30c62acdc62c5c962b5117bd28fb80c.bundle,葉宜樺開始說明阻止程芳,Say,イファ･ヨウ,79,……,
d30c62acdc62c5c962b5117bd28fb80c.bundle,葉宜樺開始說明阻止程芳,Say,イファ･ヨウ,80,ある意味、そっちの方が望ましいわね……,
d30c62acdc62c5c962b5117bd28fb80c.bundle,葉宜樺開始說明阻止程芳,Say,心の声,15,……なに？,
d30c62acdc62c5c962b5117bd28fb80c.bundle,葉宜樺開始說明阻止程芳,Say,イファ･ヨウ,81,ジェイ･ダイ。私がリン･テイにハードディスクを送った理由は、捜査員の手から逃れるためだけじゃない。,
d30c62acdc62c5c962b5117bd28fb80c.bundle,葉宜樺開始說明阻止程芳,Say,イファ･ヨウ,82,善人である彼女が、ここで起きている問題に関心を持っているからだ。,
d30c62acdc62c5c962b5117bd28fb80c.bundle,葉宜樺開始說明阻止程芳,Say,イファ･ヨウ,83,全てを知った彼女なら、きっと何か行動を起こすに違いない……,
d30c62acdc62c5c962b5117bd28fb80c.bundle,葉宜樺開始說明阻止程芳,Say,心の声,16,クソッ……,
d30c62acdc62c5c962b5117bd28fb80c.bundle,葉宜樺開始說明阻止程芳,Say,イファ･ヨウ,84,もし私が捕まっても……,
d30c62acdc62c5c962b5117bd28fb80c.bundle,葉宜樺開始說明阻止程芳,Say,イファ･ヨウ,85,私が残した手がかりから、彼女が調べてくれるかもしれない。,
d30c62acdc62c5c962b5117bd28fb80c.bundle,葉宜樺開始說明阻止程芳,Say,心の声,17,こいつ！最初からリンを巻き込む気だったのか！,
d30c62acdc62c5c962b5117bd28fb80c.bundle,葉宜樺開始說明阻止程芳,Branch,#Simple,41,最初から無実の人間を巻き込むつもりだったのか！,
d30c62acdc62c5c962b5117bd28fb80c.bundle,葉宜樺開始說明阻止程芳,Say,イファ･ヨウ,86,自分が何を言ってるかはわかってるつもりだ！,
d30c62acdc62c5c962b5117bd28fb80c.bundle,葉宜樺開始說明阻止程芳,Say,イファ･ヨウ,87,でもこの件は、あまりにも多くの人が関わっている……貴方は被害者の数すら知らないだろうけどね。,
d30c62acdc62c5c962b5117bd28fb80c.bundle,葉宜樺開始說明阻止程芳,Say,心の声,18,もう沢山だ……,
d30c62acdc62c5c962b5117bd28fb80c.bundle,葉宜樺開始說明阻止程芳,Branch,#Simple,42,彼女に何をさせる気だ？,
d30c62acdc62c5c962b5117bd28fb80c.bundle,葉宜樺開始說明阻止程芳,Say,イファ･ヨウ,88,調べ続けてほしいだけ。,
d30c62acdc62c5c962b5117bd28fb80c.bundle,葉宜樺開始說明阻止程芳,Say,イファ･ヨウ,89,この工場、それから万象は……,
d30c62acdc62c5c962b5117bd28fb80c.bundle,葉宜樺開始說明阻止程芳,Say,イファ･ヨウ,90,彼らは多くの人に関わる大きな秘密を隠そうとしている。,
d30c62acdc62c5c962b5117bd28fb80c.bundle,葉宜樺開始說明阻止程芳,Say,イファ･ヨウ,91,それにより大勢の人が被害に遭う恐れがある。,
d30c62acdc62c5c962b5117bd28fb80c.bundle,葉宜樺開始說明阻止程芳,Branch,#Simple,43,大勢を救うために無実の彼女にハードディスクを送り、それを見た彼女が手伝ってくれることを望んだっていうのか？,
d30c62acdc62c5c962b5117bd28fb80c.bundle,葉宜樺開始說明阻止程芳,Branch,#Simple,44,なんて自己中心的な考えだ！,
d30c62acdc62c5c962b5117bd28fb80c.bundle,葉宜樺開始說明阻止程芳,Say,イファ･ヨウ,92,自己中心的！？,
d30c62acdc62c5c962b5117bd28fb80c.bundle,葉宜樺開始說明阻止程芳,Say,イファ･ヨウ,93,私はただ他者を助けたいだけだ。その行為で何一つ利益を得てはいない！,
d30c62acdc62c5c962b5117bd28fb80c.bundle,葉宜樺開始說明阻止程芳,Say,イファ･ヨウ,94,私は……,
d30c62acdc62c5c962b5117bd28fb80c.bundle,葉宜樺開始說明阻止程芳,Say,イファ･ヨウ,95,……,
d30c62acdc62c5c962b5117bd28fb80c.bundle,葉宜樺開始說明阻止程芳,Say,イファ･ヨウ,96,私はただ正しいことをしたいだけだ。誰かが傷つくのを見たくないだけ。,
d30c62acdc62c5c962b5117bd28fb80c.bundle,葉宜樺開始說明阻止程芳,Say,イファ･ヨウ,97,確かに自分の目的のために無関係の人を巻き込むべきではない。それはわかっている！,
d30c62acdc62c5c962b5117bd28fb80c.bundle,葉宜樺開始說明阻止程芳,Say,イファ･ヨウ,98,でも、その資料を見てどう動くかは……,
d30c62acdc62c5c962b5117bd28fb80c.bundle,葉宜樺開始說明阻止程芳,Say,イファ･ヨウ,99,リン･テイが決めることだ。,
d30c62acdc62c5c962b5117bd28fb80c.bundle,葉宜樺開始說明阻止程芳,Say,心の声,19,絶対に中身を見る前にリンを止めないと。,
d30c62acdc62c5c962b5117bd28fb80c.bundle,葉宜樺開始說明阻止程芳,Say,心の声,20,彼女ならきっと捜索を続けて、危険な道に飛び込むはずだ……,
d30c62acdc62c5c962b5117bd28fb80c.bundle,葉宜樺開始說明阻止程芳,Branch,#Simple,45,……,
d30c62acdc62c5c962b5117bd28fb80c.bundle,葉宜樺開始說明阻止程芳,Branch,#Simple,46,大勢を救うために無実の彼女にハードディスクを送り、それを見た彼女が手伝ってくれることを望んだっていうのか？,
d30c62acdc62c5c962b5117bd28fb80c.bundle,葉宜樺開始說明阻止程芳,Say,イファ･ヨウ,100,違う……,
d30c62acdc62c5c962b5117bd28fb80c.bundle,葉宜樺開始說明阻止程芳,Say,イファ･ヨウ,101,……,
d30c62acdc62c5c962b5117bd28fb80c.bundle,葉宜樺開始說明阻止程芳,Say,イファ･ヨウ,102,いや、確かにそう望んで送った。,
d30c62acdc62c5c962b5117bd28fb80c.bundle,葉宜樺開始說明阻止程芳,Say,イファ･ヨウ,103,自分ではもう続けられないとわかり、彼女に……,
d30c62acdc62c5c962b5117bd28fb80c.bundle,葉宜樺開始說明阻止程芳,Say,心の声,21,だめだ。こんなの絶対にだめだ。,
d30c62acdc62c5c962b5117bd28fb80c.bundle,葉宜樺開始說明阻止程芳,Branch,#Simple,47,……,
d30c62acdc62c5c962b5117bd28fb80c.bundle,葉宜樺開始說明阻止程芳,Say,イファ･ヨウ,104,よく聞いて。私は捕まっても構わない。,
d30c62acdc62c5c962b5117bd28fb80c.bundle,葉宜樺開始說明阻止程芳,Say,イファ･ヨウ,105,でも調査だけは止めてはならないんだ。,
d30c62acdc62c5c962b5117bd28fb80c.bundle,葉宜樺開始說明阻止程芳,Say,イファ･ヨウ,106,どうであれ、私はそのハードディスクを取り戻す必要がある。,
d30c62acdc62c5c962b5117bd28fb80c.bundle,葉宜樺開始說明阻止程芳,Say,イファ･ヨウ,107,今、監督官は地上エリアのホールにいる。,
d30c62acdc62c5c962b5117bd28fb80c.bundle,葉宜樺開始說明阻止程芳,Branch,#Simple,48,どうしてそれを？,
d30c62acdc62c5c962b5117bd28fb80c.bundle,葉宜樺開始說明阻止程芳,Say,イファ･ヨウ,108,私にはそれを知る方法があるからね。,
d30c62acdc62c5c962b5117bd28fb80c.bundle,葉宜樺開始說明阻止程芳,Branch,#Simple,49,俺はそこには行けない。,
d30c62acdc62c5c962b5117bd28fb80c.bundle,葉宜樺開始說明阻止程芳,Say,イファ･ヨウ,109,なんとかする。,
d30c62acdc62c5c962b5117bd28fb80c.bundle,葉宜樺開始說明阻止程芳,Branch,#Simple,50,……,
d30c62acdc62c5c962b5117bd28fb80c.bundle,葉宜樺開始說明阻止程芳,Say,イファ･ヨウ,110,今すぐ行きなさい。地上エリアへのエレベーターの権限を与えるから。,
d30c62acdc62c5c962b5117bd28fb80c.bundle,葉宜樺開始說明阻止程芳,Say,イファ･ヨウ,111,捜査員がハードディスクを手に入れないように、全力で彼らを阻止して。,
d30c62acdc62c5c962b5117bd28fb80c.bundle,葉宜樺開始說明阻止程芳,Branch,#Simple,51,もし捜査員たちが先に着いていたら？,
d30c62acdc62c5c962b5117bd28fb80c.bundle,葉宜樺開始說明阻止程芳,Say,心の声,22,明らかに動揺している……,
d30c62acdc62c5c962b5117bd28fb80c.bundle,葉宜樺開始說明阻止程芳,Say,イファ･ヨウ,112,……,
d30c62acdc62c5c962b5117bd28fb80c.bundle,葉宜樺開始說明阻止程芳,Say,イファ･ヨウ,113,そうなったら本当に万事休すね。,
d30c62acdc62c5c962b5117bd28fb80c.bundle,葉宜樺開始說明阻止程芳,Branch,#Simple,52,この制服のまま、地上エリアに行くことに問題は？,
d30c62acdc62c5c962b5117bd28fb80c.bundle,葉宜樺開始說明阻止程芳,Say,イファ･ヨウ,114,私服に着替えたいってこと？,
d30c62acdc62c5c962b5117bd28fb80c.bundle,葉宜樺開始說明阻止程芳,Say,イファ･ヨウ,115,……いや、そっちの方が疑われそうね。,
d30c62acdc62c5c962b5117bd28fb80c.bundle,葉宜樺開始說明阻止程芳,Say,イファ･ヨウ,116,制服もかなり目立つけど、工場の職員であることは証明できる。,
d30c62acdc62c5c962b5117bd28fb80c.bundle,葉宜樺開始說明阻止程芳,Branch,#Simple,53,……,
d30c62acdc62c5c962b5117bd28fb80c.bundle,葉宜樺開始說明阻止程芳,Say,イファ･ヨウ,117,もう一度言う……,
d30c62acdc62c5c962b5117bd28fb80c.bundle,葉宜樺開始說明阻止程芳,Say,イファ･ヨウ,118,もし監督官がハードディスクを捜査員に渡したら……,
d30c62acdc62c5c962b5117bd28fb80c.bundle,葉宜樺開始說明阻止程芳,Say,イファ･ヨウ,119,共犯だと疑われる可能性が非常に高くなる。だからなんとしても彼女を止めて。,
d30c62acdc62c5c962b5117bd28fb80c.bundle,葉宜樺開始說明阻止程芳,Say,心の声,23,こいつ……,
d30c62acdc62c5c962b5117bd28fb80c.bundle,葉宜樺開始說明阻止程芳,Branch,#Simple,54,よくもそんな事が言えるな。,
d30c62acdc62c5c962b5117bd28fb80c.bundle,葉宜樺開始說明阻止程芳,Say,イファ･ヨウ,120,……,
d30c62acdc62c5c962b5117bd28fb80c.bundle,葉宜樺開始說明阻止程芳,Branch,#Simple,55,あなたが捕まれば、彼女を見逃すかもしれない。,
d30c62acdc62c5c962b5117bd28fb80c.bundle,葉宜樺開始說明阻止程芳,Say,イファ･ヨウ,121,残念だが可能性は低いだろう。,
d30c62acdc62c5c962b5117bd28fb80c.bundle,葉宜樺開始說明阻止程芳,Say,イファ･ヨウ,122,情報セキュリティ部は常に有罪推定の原則で動いている。,
d30c62acdc62c5c962b5117bd28fb80c.bundle,葉宜樺開始說明阻止程芳,Branch,#Simple,56,……,
d30c62acdc62c5c962b5117bd28fb80c.bundle,葉宜樺開始說明阻止程芳,Say,イファ･ヨウ,123,もう時間がないから行きなさい。頼んだよ。,
d30c62acdc62c5c962b5117bd28fb80c.bundle,講完硬碟後主角思考+芳電話,Say,心の声,0,一体どうなっているんだ……,
d30c62acdc62c5c962b5117bd28fb80c.bundle,講完硬碟後主角思考+芳電話,Say,心の声,1,イファは大衆のために機密情報を盗んだと言っていたが……,
d30c62acdc62c5c962b5117bd28fb80c.bundle,講完硬碟後主角思考+芳電話,Say,心の声,2,技術を売りたいだけで、嘘を吐いているかもしれない……,
d30c62acdc62c5c962b5117bd28fb80c.bundle,講完硬碟後主角思考+芳電話,Say,心の声,3,でも、すでにリンは巻き込まれている。まずはリンに連絡しないと。,
d30c62acdc62c5c962b5117bd28fb80c.bundle,講完硬碟後主角思考+芳電話,Say,心の声,4,一体どうなっているんだ……,
d30c62acdc62c5c962b5117bd28fb80c.bundle,講完硬碟後主角思考+芳電話,Say,心の声,5,イファ･ヨウはきっと悪事に手を染めている……,
d30c62acdc62c5c962b5117bd28fb80c.bundle,講完硬碟後主角思考+芳電話,Say,心の声,6,リンもその件に巻き込まれてしまった今、まずはリンに連絡しないと。,
d30c62acdc62c5c962b5117bd28fb80c.bundle,講完硬碟後主角思考+芳電話,Say,リン･テイ,0,もしもし、ジェイ？,
d30c62acdc62c5c962b5117bd28fb80c.bundle,講完硬碟後主角思考+芳電話,Say,リン･テイ,1,昨日と同じくホールで待ってるよ！権限はもう……,
d30c62acdc62c5c962b5117bd28fb80c.bundle,講完硬碟後主角思考+芳電話,Say,リン･テイ,2,あれ？もう権限が与えられてる……？,
d30c62acdc62c5c962b5117bd28fb80c.bundle,講完硬碟後主角思考+芳電話,Branch,#Simple,0,リン。イファマネージャーからハードディスクが届いた？,
d30c62acdc62c5c962b5117bd28fb80c.bundle,講完硬碟後主角思考+芳電話,Branch,#Simple,1,今一人か？,
d30c62acdc62c5c962b5117bd28fb80c.bundle,講完硬碟後主角思考+芳電話,Branch,#Simple,2,すぐ行くから、その場から動くな。,
d30c62acdc62c5c962b5117bd28fb80c.bundle,講完硬碟後主角思考+芳電話,Branch,#Simple,3,……,
d30c62acdc62c5c962b5117bd28fb80c.bundle,講完硬碟後主角思考+芳電話,Say,リン･テイ,3,え？,
d30c62acdc62c5c962b5117bd28fb80c.bundle,講完硬碟後主角思考+芳電話,Say,リン･テイ,4,なんだって？,
d30c62acdc62c5c962b5117bd28fb80c.bundle,講完硬碟後主角思考+芳電話,Say,心の声,7,他の人と話してる……,
d30c62acdc62c5c962b5117bd28fb80c.bundle,講完硬碟後主角思考+芳電話,Say,リン･テイ,5,あ、はい、はい！,
d30c62acdc62c5c962b5117bd28fb80c.bundle,講完硬碟後主角思考+芳電話,Say,リン･テイ,6,はい、電話は切ります。,
d30c62acdc62c5c962b5117bd28fb80c.bundle,講完硬碟後主角思考+芳電話,Say,リン･テイ,7,ごめん、ジェイ。ちょっと用事ができたみたい。,
d30c62acdc62c5c962b5117bd28fb80c.bundle,講完硬碟後主角思考+芳電話,Say,リン･テイ,8,ちょっと切るね。また後で連絡するから。,
d30c62acdc62c5c962b5117bd28fb80c.bundle,講完硬碟後主角思考+芳電話,Say,心の声,8,クソ！,
d30c62acdc62c5c962b5117bd28fb80c.bundle,講完硬碟後主角思考+芳電話,Say,心の声,9,直接彼女に会いに行かないと。,
d30c62acdc62c5c962b5117bd28fb80c.bundle,主角後到,Say,心の声,0,もう誰かと話してるようだ。俺が行っても大丈夫なのか……？,
d30c62acdc62c5c962b5117bd28fb80c.bundle,主角後到,Say,メイ･ジョ,0,私は……,
d30c62acdc62c5c962b5117bd28fb80c.bundle,主角後到,Say,リン･テイ,0,あれ？ジェイ？,
d30c62acdc62c5c962b5117bd28fb80c.bundle,主角後到,Say,リン･テイ,1,来てくれたの？ここに座って。,
d30c62acdc62c5c962b5117bd28fb80c.bundle,阿緯約頂樓,Say,イー･テイ,0,まず一つ聞きたいことがある。,
d30c62acdc62c5c962b5117bd28fb80c.bundle,阿緯約頂樓,Say,イー･テイ,1,さっきシュン･ゴが操作組で起きたことを教えてくれた。,
d30c62acdc62c5c962b5117bd28fb80c.bundle,阿緯約頂樓,Say,イー･テイ,2,……,
d30c62acdc62c5c962b5117bd28fb80c.bundle,阿緯約頂樓,Say,イー･テイ,3,ジェイ、それを自分のせいだと思ってる？,
d30c62acdc62c5c962b5117bd28fb80c.bundle,阿緯約頂樓,Say,心の声,0,……急になんだ？,
d30c62acdc62c5c962b5117bd28fb80c.bundle,阿緯約頂樓,Say,心の声,1,ああ、セラーの棚上げのことか……,
d30c62acdc62c5c962b5117bd28fb80c.bundle,阿緯約頂樓,Branch,#Simple,0,自分のせいではないことはわかってます。,
d30c62acdc62c5c962b5117bd28fb80c.bundle,阿緯約頂樓,Say,イー･テイ,4,そうだね。でも、君はそれで納得なのか？,
d30c62acdc62c5c962b5117bd28fb80c.bundle,阿緯約頂樓,Branch,#Simple,1,どういう意味ですか？,
d30c62acdc62c5c962b5117bd28fb80c.bundle,阿緯約頂樓,Say,イー･テイ,5,自分のミスではないとわかっていても、時に人間は自分を責める生き物だ。,
d30c62acdc62c5c962b5117bd28fb80c.bundle,阿緯約頂樓,Say,イー･テイ,6,君は本当に大丈夫？,
d30c62acdc62c5c962b5117bd28fb80c.bundle,阿緯約頂樓,Branch,#Simple,2,大丈夫です。ありがとうございます。,
d30c62acdc62c5c962b5117bd28fb80c.bundle,阿緯約頂樓,Say,イー･テイ,7,ならいいけど。,
d30c62acdc62c5c962b5117bd28fb80c.bundle,阿緯約頂樓,Branch,#Simple,3,大丈夫じゃないですね。,
d30c62acdc62c5c962b5117bd28fb80c.bundle,阿緯約頂樓,Branch,#Simple,4,私は納得しています。,
d30c62acdc62c5c962b5117bd28fb80c.bundle,阿緯約頂樓,Say,イー･テイ,8,ならいいけど。,
d30c62acdc62c5c962b5117bd28fb80c.bundle,阿緯約頂樓,Branch,#Simple,5,少なからず自分のせいでもあると思っています。,
d30c62acdc62c5c962b5117bd28fb80c.bundle,阿緯約頂樓,Say,イー･テイ,9,……,
d30c62acdc62c5c962b5117bd28fb80c.bundle,阿緯約頂樓,Say,イー･テイ,10,この二日間の研修で、もうわかったと思うけど。,
d30c62acdc62c5c962b5117bd28fb80c.bundle,阿緯約頂樓,Say,イー･テイ,11,演算力産業は社会の最下層の受け皿になっている。,
d30c62acdc62c5c962b5117bd28fb80c.bundle,阿緯約頂樓,Say,イー･テイ,12,我々には彼らを助ける義務がある。でも、我々がもし失敗をした時……,
d30c62acdc62c5c962b5117bd28fb80c.bundle,阿緯約頂樓,Say,イー･テイ,13,その問題は我々にないことを、理解しないといけないんだ。,
d30c62acdc62c5c962b5117bd28fb80c.bundle,阿緯約頂樓,Say,イー･テイ,14,我々はただ彼らを助けたいだけであって、彼らを苦しめているわけではない。,
d30c62acdc62c5c962b5117bd28fb80c.bundle,阿緯約頂樓,Say,イー･テイ,15,その精神を持たない限り、彼らを助けることはできないんだ。,
d30c62acdc62c5c962b5117bd28fb80c.bundle,阿緯約頂樓,Branch,#Simple,6,ありがとうございます。,
d30c62acdc62c5c962b5117bd28fb80c.bundle,阿緯約頂樓,Branch,#Simple,7,少し考えてみます。,
d30c62acdc62c5c962b5117bd28fb80c.bundle,阿緯約頂樓,Say,イー･テイ,16,ああ、大変だったね。,
d30c62acdc62c5c962b5117bd28fb80c.bundle,阿緯約頂樓,Branch,#Simple,8,それには賛同できません。,
d30c62acdc62c5c962b5117bd28fb80c.bundle,阿緯約頂樓,Say,イー･テイ,17,そうか……,
d30c62acdc62c5c962b5117bd28fb80c.bundle,阿緯約頂樓,Say,イー･テイ,18,もう考えがあるなら、僕が口を出すことでもないね。,
d30c62acdc62c5c962b5117bd28fb80c.bundle,阿緯約頂樓,Say,イー･テイ,19,僕はただ君を慰めたかっただけで、さっきのは僕の本意じゃないんだ。,
d30c62acdc62c5c962b5117bd28fb80c.bundle,阿緯約頂樓,Branch,#Simple,9,……,
d30c62acdc62c5c962b5117bd28fb80c.bundle,阿緯約頂樓,Say,イー･テイ,20,いいかい。これらの問題の発端は操作組であって、君自身ではない。,
d30c62acdc62c5c962b5117bd28fb80c.bundle,阿緯約頂樓,Say,心の声,2,……,
d30c62acdc62c5c962b5117bd28fb80c.bundle,阿緯約頂樓,Say,イー･テイ,21,この件はここまでにしよう。,
d30c62acdc62c5c962b5117bd28fb80c.bundle,阿緯約頂樓,Say,イー･テイ,22,実は少しセンシティブな話を君としたいんだ。,
d30c62acdc62c5c962b5117bd28fb80c.bundle,阿緯約頂樓,Say,心の声,3,センシティブな話？,
d30c62acdc62c5c962b5117bd28fb80c.bundle,阿緯約頂樓,Branch,#Simple,10,マネージャーの話ですか？,
d30c62acdc62c5c962b5117bd28fb80c.bundle,阿緯約頂樓,Say,イー･テイ,23,いや、違うよ。ジェイも何が起きたのか知らないよね？,
d30c62acdc62c5c962b5117bd28fb80c.bundle,阿緯約頂樓,Branch,#Simple,11,彼女が会社の機密情報を盗みました。,
d30c62acdc62c5c962b5117bd28fb80c.bundle,阿緯約頂樓,Say,心の声,4,待て。この件を他の人に教えていいのか……？,
d30c62acdc62c5c962b5117bd28fb80c.bundle,阿緯約頂樓,Say,イー･テイ,24,どこで聞いたんだ！？,
d30c62acdc62c5c962b5117bd28fb80c.bundle,阿緯約頂樓,Branch,#Simple,12,いいえ。思い付きで言ってみただけです。,
d30c62acdc62c5c962b5117bd28fb80c.bundle,阿緯約頂樓,Say,イー･テイ,25,あ、そうなのね……,
d30c62acdc62c5c962b5117bd28fb80c.bundle,阿緯約頂樓,Say,イー･テイ,26,びっくりしたよ……マネージャーが会社を裏切るような人には思えないからさ。,
d30c62acdc62c5c962b5117bd28fb80c.bundle,阿緯約頂樓,Branch,#Simple,13,彼女は証拠隠滅を私に頼んで来ました。,
d30c62acdc62c5c962b5117bd28fb80c.bundle,阿緯約頂樓,Say,イー･テイ,27,待って、本気で言ってるの？,
d30c62acdc62c5c962b5117bd28fb80c.bundle,阿緯約頂樓,Say,イー･テイ,28,だとしても、どうして君に？君はここに入ってまだ二日目なのに。,
d30c62acdc62c5c962b5117bd28fb80c.bundle,阿緯約頂樓,Branch,#Simple,14,緊急事態で頼れる人がいなかったからだと思います。,
d30c62acdc62c5c962b5117bd28fb80c.bundle,阿緯約頂樓,Branch,#Simple,15,よくわかりませんが、信用されてるのかもしれません。,
d30c62acdc62c5c962b5117bd28fb80c.bundle,阿緯約頂樓,Say,イー･テイ,29,それでも、彼女がそんなことをするとは信じがたい……,
d30c62acdc62c5c962b5117bd28fb80c.bundle,阿緯約頂樓,Say,イー･テイ,30,彼女は会社の機密情報を売る商業スパイなのか……？,
d30c62acdc62c5c962b5117bd28fb80c.bundle,阿緯約頂樓,Say,イー･テイ,31,一体何があったんだ……,
d30c62acdc62c5c962b5117bd28fb80c.bundle,阿緯約頂樓,Branch,#Simple,16,あなたが彼女のことを知らないだけかもしれません。,
d30c62acdc62c5c962b5117bd28fb80c.bundle,阿緯約頂樓,Say,イー･テイ,32,そうでないことを祈るよ……,
d30c62acdc62c5c962b5117bd28fb80c.bundle,阿緯約頂樓,Say,イー･テイ,33,僕だけじゃなく、ここの皆は彼女を信頼しているから。,
d30c62acdc62c5c962b5117bd28fb80c.bundle,阿緯約頂樓,Branch,#Simple,17,会社の陰謀を暴きたいと、彼女は言っていました。,
d30c62acdc62c5c962b5117bd28fb80c.bundle,阿緯約頂樓,Say,心の声,5,こんなことを話して本当にいいのか……？,
d30c62acdc62c5c962b5117bd28fb80c.bundle,阿緯約頂樓,Say,イー･テイ,34,彼女がやりそうなことだね……,
d30c62acdc62c5c962b5117bd28fb80c.bundle,阿緯約頂樓,Branch,#Simple,18,……,
d30c62acdc62c5c962b5117bd28fb80c.bundle,阿緯約頂樓,Say,イー･テイ,35,どうであれ……,
d30c62acdc62c5c962b5117bd28fb80c.bundle,阿緯約頂樓,Say,イー･テイ,36,もしマネージャーが本当に会社の機密情報を盗んだなら、大きな変化が起きるはずだ。,
d30c62acdc62c5c962b5117bd28fb80c.bundle,阿緯約頂樓,Say,イー･テイ,37,それについてはちゃんと考えないといけないな……,
d30c62acdc62c5c962b5117bd28fb80c.bundle,阿緯約頂樓,Say,イー･テイ,38,この一件により、もっと君と話したくなったよ。でも……,
d30c62acdc62c5c962b5117bd28fb80c.bundle,阿緯約頂樓,Branch,#Simple,19,……,
d30c62acdc62c5c962b5117bd28fb80c.bundle,阿緯約頂樓,Branch,#Simple,20,……,
d30c62acdc62c5c962b5117bd28fb80c.bundle,阿緯約頂樓,Say,イー･テイ,39,ここじゃ人目につく。屋上に行こう。,
d30c62acdc62c5c962b5117bd28fb80c.bundle,阿緯約頂樓,Say,イー･テイ,40,この時間帯なら、屋上に誰もいないはずだ。コーヒーでも奢るよ。,
d30c62acdc62c5c962b5117bd28fb80c.bundle,阿緯約頂樓,Say,イー･テイ,41,どうかな？,
d30c62acdc62c5c962b5117bd28fb80c.bundle,阿緯約頂樓,Say,シンホン･ゴ,0,イ、イーちゃん！,
d30c62acdc62c5c962b5117bd28fb80c.bundle,阿緯約頂樓,Say,シンホン･ゴ,1,急にクレームがいっぱい来だして、俺だけじゃ処理しきれない！,
d30c62acdc62c5c962b5117bd28fb80c.bundle,阿緯約頂樓,Say,イー･テイ,42,どうして急に？,
d30c62acdc62c5c962b5117bd28fb80c.bundle,阿緯約頂樓,Say,シンホン･ゴ,2,この時間帯はリュウセイが担当のはずだが、席にいないんだ。,
d30c62acdc62c5c962b5117bd28fb80c.bundle,阿緯約頂樓,Say,シンホン･ゴ,3,さっき携帯に連絡してみたが、全然電話に出ない。,
d30c62acdc62c5c962b5117bd28fb80c.bundle,阿緯約頂樓,Say,イー･テイ,43,わかった。すぐ行く！,
d30c62acdc62c5c962b5117bd28fb80c.bundle,阿緯約頂樓,Say,イー･テイ,44,ジェイ、ごめん。ちょっと待ってて。,
d30c62acdc62c5c962b5117bd28fb80c.bundle,阿緯約頂樓,Say,イー･テイ,45,屋上での話はまた後にしよう。,
d30c62acdc62c5c962b5117bd28fb80c.bundle,阿緯約頂樓,Branch,#Simple,21,はい。,
d30c62acdc62c5c962b5117bd28fb80c.bundle,阿緯約頂樓,Branch,#Simple,22,どれくらい待っていればいいですか？,
d30c62acdc62c5c962b5117bd28fb80c.bundle,阿緯約頂樓,Branch,#Simple,23,どれくらい時間がかかるんですか？,
d30c62acdc62c5c962b5117bd28fb80c.bundle,阿緯約頂樓,Say,イー･テイ,46,と、とりあえず、シンホンの手伝いに行くよ！,
d30c62acdc62c5c962b5117bd28fb80c.bundle,阿緯約頂樓,Say,心の声,6,全然話を聞いてくれない……,
d30c62acdc62c5c962b5117bd28fb80c.bundle,阿緯約頂樓,Say,心の声,7,またチーフは他人の手助けを……,
d30c62acdc62c5c962b5117bd28fb80c.bundle,阿緯買完咖啡回來,Say,心の声,0,リンはどうなったんだ。,
d30c62acdc62c5c962b5117bd28fb80c.bundle,阿緯買完咖啡回來,Say,心の声,1,さっきは無理矢理にでも彼女を引き止めるべきだったな……,
d30c62acdc62c5c962b5117bd28fb80c.bundle,阿緯買完咖啡回來,Say,心の声,2,最近の俺は自分らしくないことを沢山している……,
d30c62acdc62c5c962b5117bd28fb80c.bundle,阿緯買完咖啡回來,Say,イー･テイ,0,お待たせ！か、買ってきたよ！,
d30c62acdc62c5c962b5117bd28fb80c.bundle,頂樓阿緯收尾,Say,イー･テイ,0,わぁ！,
d30c62acdc62c5c962b5117bd28fb80c.bundle,頂樓阿緯收尾,Say,イー･テイ,1,今の近かったね。びっくりした……,
d30c62acdc62c5c962b5117bd28fb80c.bundle,頂樓阿緯收尾,Say,イー･テイ,2,あれは、万象と専属契約を結んでいる救急ドローン……？,
d30c62acdc62c5c962b5117bd28fb80c.bundle,頂樓阿緯收尾,Say,イー･テイ,3,本社の方へ飛んで行ったな……,
d30c62acdc62c5c962b5117bd28fb80c.bundle,頂樓阿緯收尾,Say,イー･テイ,4,何かあったのかな？,
d30c62acdc62c5c962b5117bd28fb80c.bundle,頂樓阿緯收尾,Say,心の声,0,……,
d30c62acdc62c5c962b5117bd28fb80c.bundle,頂樓阿緯收尾,Say,イー･テイ,5,もうこんな時間だし、僕もそろそろ帰るよ。,
d30c62acdc62c5c962b5117bd28fb80c.bundle,頂樓阿緯收尾,Say,イー･テイ,6,そうだ。今日もタイムカードを押すのを忘れないでね。,
d30c62acdc62c5c962b5117bd28fb80c.bundle,頂樓阿緯收尾,Branch,#Simple,0,今日もですか？,
d30c62acdc62c5c962b5117bd28fb80c.bundle,頂樓阿緯收尾,Say,イー･テイ,7,操作組での研修は中止せざるを得ない状況だったでしょ？,
d30c62acdc62c5c962b5117bd28fb80c.bundle,頂樓阿緯收尾,Say,イー･テイ,8,これだとまだ研修が終わった扱いになっていないと思うから、コンピューターで手動でタイムカードを切らないといけないと思う。,
d30c62acdc62c5c962b5117bd28fb80c.bundle,頂樓阿緯收尾,Branch,#Simple,1,不便ですね。,
d30c62acdc62c5c962b5117bd28fb80c.bundle,頂樓阿緯收尾,Say,イー･テイ,9,そうなんだよね。でも本社がこれを改善してくれるかというと、期待はできないね。,
d30c62acdc62c5c962b5117bd28fb80c.bundle,頂樓阿緯收尾,Say,イー･テイ,10,サイレントで絶対に処理できるのにね。,
d30c62acdc62c5c962b5117bd28fb80c.bundle,頂樓阿緯收尾,Branch,#Simple,2,わかりました。,
d30c62acdc62c5c962b5117bd28fb80c.bundle,頂樓阿緯收尾,Branch,#Simple,3,……,
d30c62acdc62c5c962b5117bd28fb80c.bundle,頂樓阿緯收尾,Branch,#Simple,4,わかりました。私のコンピューターからで大丈夫ですか？,
d30c62acdc62c5c962b5117bd28fb80c.bundle,頂樓阿緯收尾,Say,イー･テイ,11,問題ないよ。,
d30c62acdc62c5c962b5117bd28fb80c.bundle,頂樓阿緯收尾,Branch,#Simple,5,……,
d30c62acdc62c5c962b5117bd28fb80c.bundle,頂樓阿緯收尾,Say,イー･テイ,12,それとも一緒に戻る？,
d30c62acdc62c5c962b5117bd28fb80c.bundle,頂樓阿緯收尾,Say,心の声,1,一人で考えたいことがある……,
d30c62acdc62c5c962b5117bd28fb80c.bundle,頂樓阿緯收尾,Branch,#Simple,6,もう少し風に当たっています。,
d30c62acdc62c5c962b5117bd28fb80c.bundle,頂樓阿緯收尾,Say,イー･テイ,13,そっか。じゃあ、おやすみ。,
d30c62acdc62c5c962b5117bd28fb80c.bundle,頂樓阿緯收尾,Branch,#Simple,7,おやすみなさい。,
d30c62acdc62c5c962b5117bd28fb80c.bundle,頂樓阿緯收尾,Branch,#Simple,8,……,
d30c62acdc62c5c962b5117bd28fb80c.bundle,頂樓阿緯收尾,Say,心の声,2,今日は一気にいろんなことが起きたな……,
d30c62acdc62c5c962b5117bd28fb80c.bundle,頂樓阿緯收尾,Say,心の声,3,操作組、マネージャー、さっきのイー･テイの話……,
d30c62acdc62c5c962b5117bd28fb80c.bundle,頂樓阿緯收尾,Say,心の声,4,リンはどうなったんだろう。そろそろ連絡が来るはずだが。,
d30c62acdc62c5c962b5117bd28fb80c.bundle,頂樓阿緯收尾,Say,心の声,5,今からならまだ、デートができるはずだ。,
d30c62acdc62c5c962b5117bd28fb80c.bundle,頂樓阿緯收尾,Say,心の声,6,でもこの様子じゃ……,
d30c62acdc62c5c962b5117bd28fb80c.bundle,頂樓阿緯收尾,Say,心の声,7,今日のプロポーズは無理そうだな……,
d30c62acdc62c5c962b5117bd28fb80c.bundle,頂樓阿緯收尾,Say,心の声,8,……,
d30c62acdc62c5c962b5117bd28fb80c.bundle,頂樓阿緯收尾,Say,心の声,9,もうリンとこんなに長く一緒に暮らしてたのか……,
d30c62acdc62c5c962b5117bd28fb80c.bundle,頂樓阿緯收尾,Say,心の声,10,今はこんなことを考えても仕方がない。また明日頑張るだけだ。,
d30c62acdc62c5c962b5117bd28fb80c.bundle,頂樓阿緯收尾,Say,心の声,11,今まで通りに。,
d30c62acdc62c5c962b5117bd28fb80c.bundle,頂樓阿緯收尾,Say,心の声,12,……,
d30c62acdc62c5c962b5117bd28fb80c.bundle,頂樓阿緯收尾,Say,心の声,13,……,
d30c62acdc62c5c962b5117bd28fb80c.bundle,頂樓阿緯收尾,Say,心の声,14,寒い……もう帰るか。,
d30c62acdc62c5c962b5117bd28fb80c.bundle,頂樓阿緯收尾,Branch,#Simple,9,はい、行きましょう。,
d30c62acdc62c5c962b5117bd28fb80c.bundle,頂樓阿緯收尾,Say,イー･テイ,14,よし行こう。,
d30c62acdc62c5c962b5117bd28fb80c.bundle,跟阿緯一起回去他接到電話,Say,イー･テイ,0,はい？,
d30c62acdc62c5c962b5117bd28fb80c.bundle,跟阿緯一起回去他接到電話,Say,イー･テイ,1,はい……はい、わかりました。,
d30c62acdc62c5c962b5117bd28fb80c.bundle,跟阿緯一起回去他接到電話,Say,イー･テイ,2,……えっ？,
d30c62acdc62c5c962b5117bd28fb80c.bundle,跟阿緯一起回去他接到電話,Say,イー･テイ,3,あ、はい。すぐ行きます。彼女は……,
d30c62acdc62c5c962b5117bd28fb80c.bundle,跟阿緯一起回去他接到電話,Say,イー･テイ,4,……大丈夫ですか？,
d30c62acdc62c5c962b5117bd28fb80c.bundle,跟阿緯一起回去他接到電話,Say,イー･テイ,5,わかりました。すぐ行きます。,
d30c62acdc62c5c962b5117bd28fb80c.bundle,跟阿緯一起回去他接到電話,Say,イー･テイ,6,……,
d30c62acdc62c5c962b5117bd28fb80c.bundle,跟阿緯一起回去他接到電話,Say,イー･テイ,7,ジェイ、悪いけど、本社に呼ばれちゃったみたいなんだ。,
d30c62acdc62c5c962b5117bd28fb80c.bundle,跟阿緯一起回去他接到電話,Say,イー･テイ,8,僕は先に行くから、また明日ね。,
d30c62acdc62c5c962b5117bd28fb80c.bundle,跟阿緯一起回去他接到電話,Branch,#Simple,0,何かあったんですか？,
d30c62acdc62c5c962b5117bd28fb80c.bundle,跟阿緯一起回去他接到電話,Say,イー･テイ,9,マネージャーに関係があることらしいけど、詳しくは聞かされてないんだ。,
d30c62acdc62c5c962b5117bd28fb80c.bundle,跟阿緯一起回去他接到電話,Say,イー･テイ,10,今から詳しく聞きに行くところ。,
d30c62acdc62c5c962b5117bd28fb80c.bundle,跟阿緯一起回去他接到電話,Say,イー･テイ,11,急がなきゃ。,
d30c62acdc62c5c962b5117bd28fb80c.bundle,跟阿緯一起回去他接到電話,Say,イー･テイ,12,じゃあね。,
d30c62acdc62c5c962b5117bd28fb80c.bundle,跟阿緯一起回去他接到電話,Branch,#Simple,1,お疲れさまです。,
d30c62acdc62c5c962b5117bd28fb80c.bundle,跟阿緯一起回去他接到電話,Branch,#Simple,2,……,
d30c62acdc62c5c962b5117bd28fb80c.bundle,跟阿緯一起回去他接到電話,Branch,#Simple,3,はい。,
d30c62acdc62c5c962b5117bd28fb80c.bundle,跟阿緯一起回去他接到電話,Branch,#Simple,4,……,
d30c62acdc62c5c962b5117bd28fb80c.bundle,回病房見司徒對話,Say,スイ･ニン,0,間もなく手術が始まりますが、何か御用ですか？,
d30c62acdc62c5c962b5117bd28fb80c.bundle,回病房見司徒對話,Branch,#Simple,0,さっき医者が入って来なかったか？,
d30c62acdc62c5c962b5117bd28fb80c.bundle,回病房見司徒對話,Say,スイ･ニン,1,彼ならもう帰りましたよ。,
d30c62acdc62c5c962b5117bd28fb80c.bundle,回病房見司徒對話,Say,スイ･ニン,2,あなたもここから退出してください。,
d30c62acdc62c5c962b5117bd28fb80c.bundle,回病房見司徒對話,Branch,#Simple,1,すまない。部屋を間違えたみたいだ。,
d30c62acdc62c5c962b5117bd28fb80c.bundle,回病房見司徒對話,Say,スイ･ニン,3,そうですか。ではお引き取りを。,
d30c62acdc62c5c962b5117bd28fb80c.bundle,莊智宣前來,Say,チシュン･ソウ,0,どうもどうも。,
d30c62acdc62c5c962b5117bd28fb80c.bundle,莊智宣前來,Say,心の声,0,俺に話してんのか……？,
d30c62acdc62c5c962b5117bd28fb80c.bundle,莊智宣前來,Say,心の声,1,このチャラい男は何者だ……,
d30c62acdc62c5c962b5117bd28fb80c.bundle,孫茹拜託幫修東西,Say,ジソ･ソン,0,ああ、もー！,
d30c62acdc62c5c962b5117bd28fb80c.bundle,孫茹拜託幫修東西,Say,ジソ･ソン,1,またランプが光っとるやん！？,
d30c62acdc62c5c962b5117bd28fb80c.bundle,孫茹拜託幫修東西,Say,ジソ･ソン,2,ちょっとちょっと！,
d30c62acdc62c5c962b5117bd28fb80c.bundle,孫茹拜託幫修東西,Say,ジソ･ソン,3,誰かコードを外したん？,
d30c62acdc62c5c962b5117bd28fb80c.bundle,孫茹拜託幫修東西,Say,サン･チャン,0,俺じゃないぞ。,
d30c62acdc62c5c962b5117bd28fb80c.bundle,孫茹拜託幫修東西,Say,シー･リー,0,いやいや、俺は関係ないから！,
d30c62acdc62c5c962b5117bd28fb80c.bundle,孫茹拜託幫修東西,Say,ジソ･ソン,4,誰か下に行って繋げてくれへんか？,
d30c62acdc62c5c962b5117bd28fb80c.bundle,孫茹拜託幫修東西,Say,サン･チャン,1,嫌だね。セラーまでのエレベーターが長いんだよ。,
d30c62acdc62c5c962b5117bd28fb80c.bundle,孫茹拜託幫修東西,Say,シー･リー,1,……別に光らせときゃいいだろう。,
d30c62acdc62c5c962b5117bd28fb80c.bundle,孫茹拜託幫修東西,Say,ジソ･ソン,5,はあ？問題が起きても知らんからな！,
d30c62acdc62c5c962b5117bd28fb80c.bundle,孫茹拜託幫修東西,Say,ジソ･ソン,6,そこの、シュン･ゴ！,
d30c62acdc62c5c962b5117bd28fb80c.bundle,孫茹拜託幫修東西,Say,シュン･ゴ,0,えっ……はい？,
d30c62acdc62c5c962b5117bd28fb80c.bundle,孫茹拜託幫修東西,Say,ジソ･ソン,7,下に行ったりせんか？ついでにコードを繋げてくれるとありがたいんやけど。,
d30c62acdc62c5c962b5117bd28fb80c.bundle,孫茹拜託幫修東西,Say,シュン･ゴ,1,またあれですか？,
d30c62acdc62c5c962b5117bd28fb80c.bundle,孫茹拜託幫修東西,Say,ジソ･ソン,8,そや！ほな頼んだで。,
d30c62acdc62c5c962b5117bd28fb80c.bundle,孫茹拜託幫修東西,Say,シュン･ゴ,2,はい、わかりました。,
d30c62acdc62c5c962b5117bd28fb80c.bundle,孫茹拜託幫修東西,Say,ジソ･ソン,9,いやー、ほんま助かったわ。,
d30c62acdc62c5c962b5117bd28fb80c.bundle,孫茹拜託幫修東西,Say,ジソ･ソン,10,てか、こんな時間に地上で何してはんの？,
d30c62acdc62c5c962b5117bd28fb80c.bundle,孫茹拜託幫修東西,Say,シュン･ゴ,3,操作組の新人を案内してまして。,
d30c62acdc62c5c962b5117bd28fb80c.bundle,孫茹拜託幫修東西,Say,ジソ･ソン,11,新人？珍しいやん。,
d30c62acdc62c5c962b5117bd28fb80c.bundle,孫茹拜託幫修東西,Say,ジソ･ソン,12,どうも、ジソ･ソン言います。自分名前は？,
d30c62acdc62c5c962b5117bd28fb80c.bundle,孫茹拜託幫修東西,Branch,#Simple,0,どうも、新人です。,
d30c62acdc62c5c962b5117bd28fb80c.bundle,孫茹拜託幫修東西,Say,ジソ･ソン,13,ややや、こういう時は名前言うのが普通やろ！ハハハ！,
d30c62acdc62c5c962b5117bd28fb80c.bundle,孫茹拜託幫修東西,Say,シュン･ゴ,4,名前はジェイ･ダイです。,
d30c62acdc62c5c962b5117bd28fb80c.bundle,孫茹拜託幫修東西,Say,ジソ･ソン,14,そうそう！,
d30c62acdc62c5c962b5117bd28fb80c.bundle,孫茹拜託幫修東西,Branch,#Simple,1,どうも、ジェイ･ダイです。,
d30c62acdc62c5c962b5117bd28fb80c.bundle,孫茹拜託幫修東西,Say,ジソ･ソン,15,ようこそサイレントへ！,
d30c62acdc62c5c962b5117bd28fb80c.bundle,孫茹拜託幫修東西,Say,シュン･ゴ,5,まだ採用されるか決まっていません。,
d30c62acdc62c5c962b5117bd28fb80c.bundle,孫茹拜託幫修東西,Say,ジソ･ソン,16,ちょいちょい、シュン･ゴ。ほんまに空気の読めへんやっちゃな。ハハハ！,
d30c62acdc62c5c962b5117bd28fb80c.bundle,孫茹拜託幫修東西,Say,ジソ･ソン,17,とにかく会えてうれしいよ、ジェイ。,
d30c62acdc62c5c962b5117bd28fb80c.bundle,孫茹拜託幫修東西,Say,ジソ･ソン,18,ああ、アンタはジェイ･ダイ！,
d30c62acdc62c5c962b5117bd28fb80c.bundle,孫茹拜託幫修東西,Say,シュン･ゴ,6,知っているのですか？,
d30c62acdc62c5c962b5117bd28fb80c.bundle,孫茹拜託幫修東西,Say,ジソ･ソン,19,ああ。昨日選別組で見かけたわ。,
d30c62acdc62c5c962b5117bd28fb80c.bundle,孫茹拜託幫修東西,Say,シュン･ゴ,7,そうですか。,
d30c62acdc62c5c962b5117bd28fb80c.bundle,孫茹拜託幫修東西,Say,ジソ･ソン,20,じゃ、コードことはよろしゅう、たのんます。,
d30c62acdc62c5c962b5117bd28fb80c.bundle,孫茹拜託幫修東西,Say,シュン･ゴ,8,はい。,
d30c62acdc62c5c962b5117bd28fb80c.bundle,孫茹拜託幫修東西,Say,ジソ･ソン,21,感謝感激雨嵐やわ。操作組のやつは機転が利くから助かるなぁ。,
d30c62acdc62c5c962b5117bd28fb80c.bundle,孫茹拜託幫修東西,Say,ジソ･ソン,22,うちの組はアホしかおらん……,
d30c62acdc62c5c962b5117bd28fb80c.bundle,孫茹拜託幫修東西,Say,ジソ･ソン,23,はぁーー。ため息出るわ。,
d30c62acdc62c5c962b5117bd28fb80c.bundle,孫茹拜託幫修東西,Branch,#Simple,2,コードって何のことですか？,
d30c62acdc62c5c962b5117bd28fb80c.bundle,孫茹拜託幫修東西,Say,シュン･ゴ,9,大した事じゃありません。後で処理しますから。,
d30c62acdc62c5c962b5117bd28fb80c.bundle,孫茹拜託幫修東西,Say,シュン･ゴ,10,時間はかからないので、安心してください。,
d30c62acdc62c5c962b5117bd28fb80c.bundle,孫茹拜託幫修東西,Branch,#Simple,3,……,
d30c62acdc62c5c962b5117bd28fb80c.bundle,孫茹拜託幫修東西,Say,シュン･ゴ,11,あ、エレベーターが来ましたね。,
d30c62acdc62c5c962b5117bd28fb80c.bundle,孫茹拜託幫修東西,Say,心の声,0,やっとだ……,
d30c62acdc62c5c962b5117bd28fb80c.bundle,孫茹拜託幫修東西,Say,シュン･ゴ,12,私たちだけのようですね。運がいいです。,
d30c62acdc62c5c962b5117bd28fb80c.bundle,孫茹拜託幫修東西,Say,シュン･ゴ,13,修築組の方と乗り合わせたりすると、,
d30c62acdc62c5c962b5117bd28fb80c.bundle,孫茹拜託幫修東西,Say,シュン･ゴ,14,かなり狭くなったりします。,
d30c62acdc62c5c962b5117bd28fb80c.bundle,頂樓俊恩收尾,Say,シュン･ゴ,0,近かったですね。,
d30c62acdc62c5c962b5117bd28fb80c.bundle,頂樓俊恩收尾,Say,シュン･ゴ,1,あれは、万象と専属契約を結んでいる救急ドローン……？,
d30c62acdc62c5c962b5117bd28fb80c.bundle,頂樓俊恩收尾,Say,シュン･ゴ,2,本社の方へ飛んで行きましたね…,
d30c62acdc62c5c962b5117bd28fb80c.bundle,頂樓俊恩收尾,Say,シュン･ゴ,3,何かあったのでしょうか？,
d30c62acdc62c5c962b5117bd28fb80c.bundle,頂樓俊恩收尾,Say,心の声,0,……,
d30c62acdc62c5c962b5117bd28fb80c.bundle,頂樓俊恩收尾,Say,シュン･ゴ,4,もうこんな時間ですか。,
d30c62acdc62c5c962b5117bd28fb80c.bundle,頂樓俊恩收尾,Say,シュン･ゴ,5,私はそろそろ戻らないといけません。,
d30c62acdc62c5c962b5117bd28fb80c.bundle,頂樓俊恩收尾,Say,シュン･ゴ,6,すみません。急に沢山話し込んでしまって。,
d30c62acdc62c5c962b5117bd28fb80c.bundle,頂樓俊恩收尾,Branch,#Simple,0,どうしてこんな話を私にするんですか？,
d30c62acdc62c5c962b5117bd28fb80c.bundle,頂樓俊恩收尾,Say,シュン･ゴ,7,私はただ、,
d30c62acdc62c5c962b5117bd28fb80c.bundle,頂樓俊恩收尾,Say,シュン･ゴ,8,外部の人が今のサイレントをどう思うのか、あなたの考えを聞きたかっただけです。,
d30c62acdc62c5c962b5117bd28fb80c.bundle,頂樓俊恩收尾,Say,心の声,1,そんな風には思えないが……,
d30c62acdc62c5c962b5117bd28fb80c.bundle,頂樓俊恩收尾,Branch,#Simple,1,外部の人間？,
d30c62acdc62c5c962b5117bd28fb80c.bundle,頂樓俊恩收尾,Say,シュン･ゴ,9,あ、すみません。悪意はないんです。,
d30c62acdc62c5c962b5117bd28fb80c.bundle,頂樓俊恩收尾,Say,シュン･ゴ,10,そう言ったのは、あなたがまだサイレントに来て二日目だからです。,
d30c62acdc62c5c962b5117bd28fb80c.bundle,頂樓俊恩收尾,Say,シュン･ゴ,11,ここの誰よりも、客観的に物事を見れると思いまして。,
d30c62acdc62c5c962b5117bd28fb80c.bundle,頂樓俊恩收尾,Branch,#Simple,2,私の考えを聞きたかっただけには思えません。,
d30c62acdc62c5c962b5117bd28fb80c.bundle,頂樓俊恩收尾,Say,シュン･ゴ,12,……,
d30c62acdc62c5c962b5117bd28fb80c.bundle,頂樓俊恩收尾,Say,シュン･ゴ,13,そうかもしれませんね。,
d30c62acdc62c5c962b5117bd28fb80c.bundle,頂樓俊恩收尾,Say,シュン･ゴ,14,……私は、あなたの口から自分に有利な言葉を聞きたかったのかもしれません。,
d30c62acdc62c5c962b5117bd28fb80c.bundle,頂樓俊恩收尾,Say,シュン･ゴ,15,すみませんでした。,
d30c62acdc62c5c962b5117bd28fb80c.bundle,頂樓俊恩收尾,Branch,#Simple,3,……,
d30c62acdc62c5c962b5117bd28fb80c.bundle,頂樓俊恩收尾,Branch,#Simple,4,大丈夫です。,
d30c62acdc62c5c962b5117bd28fb80c.bundle,頂樓俊恩收尾,Branch,#Simple,5,……,
d30c62acdc62c5c962b5117bd28fb80c.bundle,頂樓俊恩收尾,Say,シュン･ゴ,16,……,
d30c62acdc62c5c962b5117bd28fb80c.bundle,頂樓俊恩收尾,Say,シュン･ゴ,17,とにかく、話を聞いていただきありがとうございました。,
d30c62acdc62c5c962b5117bd28fb80c.bundle,頂樓俊恩收尾,Say,シュン･ゴ,18,私はもう戻ります。,
d30c62acdc62c5c962b5117bd28fb80c.bundle,頂樓俊恩收尾,Say,シュン･ゴ,19,おやすみなさい、ジェイ。,
d30c62acdc62c5c962b5117bd28fb80c.bundle,頂樓俊恩收尾,Branch,#Simple,6,おやすみなさい。,
d30c62acdc62c5c962b5117bd28fb80c.bundle,頂樓俊恩收尾,Branch,#Simple,7,……,
d30c62acdc62c5c962b5117bd28fb80c.bundle,頂樓俊恩收尾,Say,心の声,2,……工場閉鎖、か。,
d30c62acdc62c5c962b5117bd28fb80c.bundle,頂樓俊恩收尾,Say,ジーン･ヨウ,0,ジェイ？,
d30c62acdc62c5c962b5117bd28fb80c.bundle,頂樓俊恩收尾,Branch,#Simple,8,はい。,
d30c62acdc62c5c962b5117bd28fb80c.bundle,頂樓俊恩收尾,Branch,#Simple,9,何か用ですか？,
d30c62acdc62c5c962b5117bd28fb80c.bundle,頂樓俊恩收尾,Say,ジーン･ヨウ,1,今日もタイムカードを切るのを忘れないでねって言いたかっただけ。,
d30c62acdc62c5c962b5117bd28fb80c.bundle,頂樓俊恩收尾,Say,ジーン･ヨウ,2,昨日使ってた選別組のコンピューターで大丈夫だからね。,
d30c62acdc62c5c962b5117bd28fb80c.bundle,頂樓俊恩收尾,Say,ジーン･ヨウ,3,じゃあ。,
d30c62acdc62c5c962b5117bd28fb80c.bundle,頂樓俊恩收尾,Branch,#Simple,10,わかりました。,
d30c62acdc62c5c962b5117bd28fb80c.bundle,頂樓俊恩收尾,Say,ジーン･ヨウ,4,は～い。,
d30c62acdc62c5c962b5117bd28fb80c.bundle,頂樓俊恩收尾,Branch,#Simple,11,ありがとうございます。,
d30c62acdc62c5c962b5117bd28fb80c.bundle,頂樓俊恩收尾,Say,ジーン･ヨウ,5,どういたしまして～,
d30c62acdc62c5c962b5117bd28fb80c.bundle,頂樓俊恩收尾,Branch,#Simple,12,……,
d30c62acdc62c5c962b5117bd28fb80c.bundle,頂樓俊恩收尾,Say,心の声,3,切られた。,
d30c62acdc62c5c962b5117bd28fb80c.bundle,頂樓俊恩收尾,Say,心の声,4,……,
d30c62acdc62c5c962b5117bd28fb80c.bundle,頂樓俊恩收尾,Say,心の声,5,とりあえず、選別組に戻るしかないか。,
d30c62acdc62c5c962b5117bd28fb80c.bundle,頂樓俊恩收尾,Say,心の声,6,今日は一気にいろんなことが起きたな……,
d30c62acdc62c5c962b5117bd28fb80c.bundle,頂樓俊恩收尾,Say,心の声,7,操作組、マネージャー、さっきのシュン･ゴの話……,
d30c62acdc62c5c962b5117bd28fb80c.bundle,頂樓俊恩收尾,Say,心の声,8,リンはどうなったんだろう。そろそろ連絡が来るはずだが。,
d30c62acdc62c5c962b5117bd28fb80c.bundle,頂樓俊恩收尾,Say,心の声,9,今からならまだ、デートができるはずだ。,
d30c62acdc62c5c962b5117bd28fb80c.bundle,頂樓俊恩收尾,Say,心の声,10,でもこの様子じゃ……,
d30c62acdc62c5c962b5117bd28fb80c.bundle,頂樓俊恩收尾,Say,心の声,11,今日のプロポーズは無理そうだな……,
d30c62acdc62c5c962b5117bd28fb80c.bundle,頂樓俊恩收尾,Say,心の声,12,……,
d30c62acdc62c5c962b5117bd28fb80c.bundle,頂樓俊恩收尾,Say,心の声,13,もうリンとこんなに長く一緒に暮らしてたのか……,
d30c62acdc62c5c962b5117bd28fb80c.bundle,頂樓俊恩收尾,Say,心の声,14,今はこんなことを考えても仕方がない。また明日頑張るだけだ。,
d30c62acdc62c5c962b5117bd28fb80c.bundle,頂樓俊恩收尾,Say,心の声,15,今まで通りに。,
d30c62acdc62c5c962b5117bd28fb80c.bundle,頂樓俊恩收尾,Say,心の声,16,……,
d30c62acdc62c5c962b5117bd28fb80c.bundle,頂樓俊恩收尾,Say,心の声,17,……,
d30c62acdc62c5c962b5117bd28fb80c.bundle,頂樓俊恩收尾,Say,心の声,18,寒い……もう帰るか。,
d30c62acdc62c5c962b5117bd28fb80c.bundle,去建修組找何歆翊,Say,シー･リー,0,何ですか？,
d30c62acdc62c5c962b5117bd28fb80c.bundle,去建修組找何歆翊,Branch,#Simple,0,レイカ･ホウを知りませんか？,
d30c62acdc62c5c962b5117bd28fb80c.bundle,去建修組找何歆翊,Say,シー･リー,1,レイカさん？,
d30c62acdc62c5c962b5117bd28fb80c.bundle,去建修組找何歆翊,Say,シー･リー,2,多分選別組じゃないかな？,
d30c62acdc62c5c962b5117bd28fb80c.bundle,去建修組找何歆翊,Say,サン･チャン,0,ジソ･ソンもそうだけど、選別組に行き過ぎじゃないか？,
d30c62acdc62c5c962b5117bd28fb80c.bundle,去建修組找何歆翊,Say,シー･リー,3,あ、違った！,
d30c62acdc62c5c962b5117bd28fb80c.bundle,去建修組找何歆翊,Say,シー･リー,4,契約ホールの方にいるよ。,
d30c62acdc62c5c962b5117bd28fb80c.bundle,去建修組找何歆翊,Say,シー･リー,5,昨日契約ホールの扉が故障したから修理に行ったんだ。,
d30c62acdc62c5c962b5117bd28fb80c.bundle,去建修組找何歆翊,Say,サン･チャン,1,そそ！契約ホールだ。,
d30c62acdc62c5c962b5117bd28fb80c.bundle,去建修組找何歆翊,Branch,#Simple,1,わかりました。,
d30c62acdc62c5c962b5117bd28fb80c.bundle,去建修組找何歆翊,Branch,#Simple,2,ありがとうございます。,
d30c62acdc62c5c962b5117bd28fb80c.bundle,去建修組找何歆翊,Branch,#Simple,3,……,
d30c62acdc62c5c962b5117bd28fb80c.bundle,去建修組找何歆翊,Branch,#Simple,4,修築組に入ってもいいですか？,
d30c62acdc62c5c962b5117bd28fb80c.bundle,去建修組找何歆翊,Say,シー･リー,6,入ってどうするんだ？,
d30c62acdc62c5c962b5117bd28fb80c.bundle,去建修組找何歆翊,Branch,#Simple,5,それはあなたたちには関係のないことです。,
d30c62acdc62c5c962b5117bd28fb80c.bundle,去建修組找何歆翊,Say,サン･チャン,2,うわわ！もしかして脅し？,
d30c62acdc62c5c962b5117bd28fb80c.bundle,去建修組找何歆翊,Branch,#Simple,6,そんなつもりはありません。,
d30c62acdc62c5c962b5117bd28fb80c.bundle,去建修組找何歆翊,Say,サン･チャン,3,そうか、かなり態度悪かったぞ。,
d30c62acdc62c5c962b5117bd28fb80c.bundle,去建修組找何歆翊,Say,サン･チャン,4,もう何も答えないからな！,
d30c62acdc62c5c962b5117bd28fb80c.bundle,去建修組找何歆翊,Say,シー･リー,7,フンッ！,
d30c62acdc62c5c962b5117bd28fb80c.bundle,去建修組找何歆翊,Say,心の声,0,何だこいつら……,
d30c62acdc62c5c962b5117bd28fb80c.bundle,去建修組找何歆翊,Say,心の声,1,先に契約ホールでセイ･リンを探すか。,
d30c62acdc62c5c962b5117bd28fb80c.bundle,去建修組找何歆翊,Branch,#Simple,7,中に入らせてください。,
d30c62acdc62c5c962b5117bd28fb80c.bundle,去建修組找何歆翊,Say,サン･チャン,5,それは俺らが決められることじゃない！,
d30c62acdc62c5c962b5117bd28fb80c.bundle,去建修組找何歆翊,Say,シー･リー,8,そうだそうだ！,
d30c62acdc62c5c962b5117bd28fb80c.bundle,去建修組找何歆翊,Say,サン･チャン,6,それに、お前みたいな態度の悪いやつとは話したくないね。,
d30c62acdc62c5c962b5117bd28fb80c.bundle,去建修組找何歆翊,Say,シー･リー,9,フンッ！,
d30c62acdc62c5c962b5117bd28fb80c.bundle,去建修組找何歆翊,Say,心の声,2,何だこいつら……,
d30c62acdc62c5c962b5117bd28fb80c.bundle,去建修組找何歆翊,Say,心の声,3,先に契約ホールでセイ･リンを探すか。,
d30c62acdc62c5c962b5117bd28fb80c.bundle,去建修組找何歆翊,Branch,#Simple,8,レイカ･ホウを探しています。,
d30c62acdc62c5c962b5117bd28fb80c.bundle,找到林靜慧跟何歆翊,Say,レイカ･ホウ,0,やっほ～！,
d30c62acdc62c5c962b5117bd28fb80c.bundle,找到林靜慧跟何歆翊,Say,心の声,0,レイカ･ホウ？修築組にいると思ってたのに。,
d30c62acdc62c5c962b5117bd28fb80c.bundle,找到林靜慧跟何歆翊,Say,レイカ･ホウ,1,あれ……？,
d30c62acdc62c5c962b5117bd28fb80c.bundle,找到林靜慧跟何歆翊,Say,レイカ･ホウ,2,どっかで見た顔だね……,
d30c62acdc62c5c962b5117bd28fb80c.bundle,找到林靜慧跟何歆翊,Say,レイカ･ホウ,3,ジェイ……,
d30c62acdc62c5c962b5117bd28fb80c.bundle,找到林靜慧跟何歆翊,Say,レイカ･ホウ,4,ジェイ･ダイだよね？,
d30c62acdc62c5c962b5117bd28fb80c.bundle,找到林靜慧跟何歆翊,Branch,#Simple,0,はい、そうです。,
d30c62acdc62c5c962b5117bd28fb80c.bundle,找到林靜慧跟何歆翊,Branch,#Simple,1,覚えてもらえて嬉しいです。,
d30c62acdc62c5c962b5117bd28fb80c.bundle,找到林靜慧跟何歆翊,Say,レイカ･ホウ,5,こっちこそ、また会えて嬉しいよ。,
d30c62acdc62c5c962b5117bd28fb80c.bundle,找到林靜慧跟何歆翊,Branch,#Simple,2,会ったことありましたっけ？,
d30c62acdc62c5c962b5117bd28fb80c.bundle,找到林靜慧跟何歆翊,Say,レイカ･ホウ,6,うん！昨日イーちゃんが君を面接ホールに案内してた時に会ったよ！,
d30c62acdc62c5c962b5117bd28fb80c.bundle,找到林靜慧跟何歆翊,Say,心の声,1,ん？セイ･リンが泣いている？,
d30c62acdc62c5c962b5117bd28fb80c.bundle,找到林靜慧跟何歆翊,Say,セイ･リン,0,あ、あなたは、昨日あの襲撃者を倒してくれた人！,
d30c62acdc62c5c962b5117bd28fb80c.bundle,找到林靜慧跟何歆翊,Branch,#Simple,3,はい。,
d30c62acdc62c5c962b5117bd28fb80c.bundle,找到林靜慧跟何歆翊,Say,セイ･リン,1,あの時はありがとう！本当に怖かったんだ！,
d30c62acdc62c5c962b5117bd28fb80c.bundle,找到林靜慧跟何歆翊,Say,セイ･リン,2,助けてくれて、本当にありがとう！,
d30c62acdc62c5c962b5117bd28fb80c.bundle,找到林靜慧跟何歆翊,Say,心の声,2,かなり情緒の起伏が激しいようだ。,
d30c62acdc62c5c962b5117bd28fb80c.bundle,找到林靜慧跟何歆翊,Branch,#Simple,4,あなたは泣いて契約室に入ってきた人。,
d30c62acdc62c5c962b5117bd28fb80c.bundle,找到林靜慧跟何歆翊,Say,セイ･リン,3,そ、そうだけどさ……,
d30c62acdc62c5c962b5117bd28fb80c.bundle,找到林靜慧跟何歆翊,Say,心の声,3,気まずそうに笑った。,
d30c62acdc62c5c962b5117bd28fb80c.bundle,找到林靜慧跟何歆翊,Say,レイカ･ホウ,7,どうしたの？何か用事？,
d30c62acdc62c5c962b5117bd28fb80c.bundle,找到林靜慧跟何歆翊,Branch,#Simple,5,チキョウ･リョウがあなたを探してます。,
d30c62acdc62c5c962b5117bd28fb80c.bundle,找到林靜慧跟何歆翊,Say,レイカ･ホウ,8,そっか……,
d30c62acdc62c5c962b5117bd28fb80c.bundle,找到林靜慧跟何歆翊,Branch,#Simple,6,ここで何をしてるんですか？,
d30c62acdc62c5c962b5117bd28fb80c.bundle,找到林靜慧跟何歆翊,Say,レイカ･ホウ,9,それは……,
d30c62acdc62c5c962b5117bd28fb80c.bundle,找到林靜慧跟何歆翊,Say,レイカ･ホウ,10,リョウさんには私たちを見つけられなかったって伝えてくれる？,
d30c62acdc62c5c962b5117bd28fb80c.bundle,找到林靜慧跟何歆翊,Branch,#Simple,7,彼が探してるのを知ってたんですか？,
d30c62acdc62c5c962b5117bd28fb80c.bundle,找到林靜慧跟何歆翊,Branch,#Simple,8,どうしてですか？,
d30c62acdc62c5c962b5117bd28fb80c.bundle,找到林靜慧跟何歆翊,Say,レイカ･ホウ,11,セイさんがね……,
d30c62acdc62c5c962b5117bd28fb80c.bundle,找到林靜慧跟何歆翊,Say,セイ･リン,4,じゅ、重要なハードディスクを失くしちゃったんです……,
d30c62acdc62c5c962b5117bd28fb80c.bundle,找到林靜慧跟何歆翊,Say,セイ･リン,5,中にとても重要な資料が入ってて……だ、だから本社は物理ハードディスクで保管しろって……,
d30c62acdc62c5c962b5117bd28fb80c.bundle,找到林靜慧跟何歆翊,Say,セイ･リン,6,そ、それを今日リョウさんに渡さないといけないのに……,
d30c62acdc62c5c962b5117bd28fb80c.bundle,找到林靜慧跟何歆翊,Say,セイ･リン,7,私、ずっと肌身離さず持ってたの。で、でも昨日の襲撃事件で、私、落としちゃって……,
d30c62acdc62c5c962b5117bd28fb80c.bundle,找到林靜慧跟何歆翊,Branch,#Simple,9,細かく探しました？,
d30c62acdc62c5c962b5117bd28fb80c.bundle,找到林靜慧跟何歆翊,Say,レイカ･ホウ,12,探せる場所を全て探したよ。,
d30c62acdc62c5c962b5117bd28fb80c.bundle,找到林靜慧跟何歆翊,Branch,#Simple,10,素直に言うしかないですね。,
d30c62acdc62c5c962b5117bd28fb80c.bundle,找到林靜慧跟何歆翊,Say,セイ･リン,8,……,
d30c62acdc62c5c962b5117bd28fb80c.bundle,找到林靜慧跟何歆翊,Branch,#Simple,11,……,
d30c62acdc62c5c962b5117bd28fb80c.bundle,找到林靜慧跟何歆翊,Say,レイカ･ホウ,13,セイさんは最近、注意を受けることが多かったからね……,
d30c62acdc62c5c962b5117bd28fb80c.bundle,找到林靜慧跟何歆翊,Say,レイカ･ホウ,14,もし今回のことがバレたら、クビになるかもしれないの。,
d30c62acdc62c5c962b5117bd28fb80c.bundle,找到林靜慧跟何歆翊,Say,セイ･リン,9,仕事を失ったら、家族が……,
d30c62acdc62c5c962b5117bd28fb80c.bundle,找到林靜慧跟何歆翊,Say,レイカ･ホウ,15,……こんな状況なのよ。,
d30c62acdc62c5c962b5117bd28fb80c.bundle,找到林靜慧跟何歆翊,Branch,#Simple,12,ずっとここに座っていてもしょうがないですよ。,
d30c62acdc62c5c962b5117bd28fb80c.bundle,找到林靜慧跟何歆翊,Say,セイ･リン,10,で、でも私……,
d30c62acdc62c5c962b5117bd28fb80c.bundle,找到林靜慧跟何歆翊,Branch,#Simple,13,チキョウ･リョウに掛け合ってみましょうか？,
d30c62acdc62c5c962b5117bd28fb80c.bundle,找到林靜慧跟何歆翊,Say,レイカ･ホウ,16,リョウさんにそんなの通じない。融通の利くタイプじゃないから。,
d30c62acdc62c5c962b5117bd28fb80c.bundle,找到林靜慧跟何歆翊,Say,心の声,4,確かに。,
d30c62acdc62c5c962b5117bd28fb80c.bundle,找到林靜慧跟何歆翊,Branch,#Simple,14,……,
d30c62acdc62c5c962b5117bd28fb80c.bundle,找到林靜慧跟何歆翊,Say,レイカ･ホウ,17,……,
d30c62acdc62c5c962b5117bd28fb80c.bundle,找到林靜慧跟何歆翊,Say,レイカ･ホウ,18,一番の問題は……,
d30c62acdc62c5c962b5117bd28fb80c.bundle,找到林靜慧跟何歆翊,Say,レイカ･ホウ,19,これは本社からの仕事であり、リョウさんもどうにもできないってことなの。,
d30c62acdc62c5c962b5117bd28fb80c.bundle,找到林靜慧跟何歆翊,Say,レイカ･ホウ,20,むしろリョウさんが口を挟んでしまったら、逆に彼も本社に罰せられてしまう……,
d30c62acdc62c5c962b5117bd28fb80c.bundle,找到林靜慧跟何歆翊,Say,セイ･リン,11,何で私ばっかり……,
d30c62acdc62c5c962b5117bd28fb80c.bundle,找到林靜慧跟何歆翊,Say,セイ･リン,12,昨日は通り魔に遭うし、今日は……,
d30c62acdc62c5c962b5117bd28fb80c.bundle,找到林靜慧跟何歆翊,Say,レイカ･ホウ,21,それより、昨日の一件で駆けつけた警備員がすでにここら辺を全部探したと思うのよね。,
d30c62acdc62c5c962b5117bd28fb80c.bundle,找到林靜慧跟何歆翊,Branch,#Simple,15,それで結果は？,
d30c62acdc62c5c962b5117bd28fb80c.bundle,找到林靜慧跟何歆翊,Branch,#Simple,16,何も見つからなかったんですか？,
d30c62acdc62c5c962b5117bd28fb80c.bundle,找到林靜慧跟何歆翊,Say,レイカ･ホウ,22,まだわからない。,
d30c62acdc62c5c962b5117bd28fb80c.bundle,找到林靜慧跟何歆翊,Branch,#Simple,17,……,
d30c62acdc62c5c962b5117bd28fb80c.bundle,找到林靜慧跟何歆翊,Say,レイカ･ホウ,23,会社の通報システムを使って警備員に連絡してみたんだけど。,
d30c62acdc62c5c962b5117bd28fb80c.bundle,找到林靜慧跟何歆翊,Say,レイカ･ホウ,24,全然返事が来ないの。,
d30c62acdc62c5c962b5117bd28fb80c.bundle,找到林靜慧跟何歆翊,Say,レイカ･ホウ,25,だから今は時間を稼ぎ中。,
d30c62acdc62c5c962b5117bd28fb80c.bundle,找到林靜慧跟何歆翊,Say,レイカ･ホウ,26,せめて警備員からの返信を待ってから……,
d30c62acdc62c5c962b5117bd28fb80c.bundle,找到林靜慧跟何歆翊,Say,レイカ･ホウ,27,……,
d30c62acdc62c5c962b5117bd28fb80c.bundle,找到林靜慧跟何歆翊,Say,レイカ･ホウ,28,あの日現場にいた警備員が誰だか知ってたらな……,
d30c62acdc62c5c962b5117bd28fb80c.bundle,找到林靜慧跟何歆翊,Say,心の声,5,やっかいそうだ……,
d30c62acdc62c5c962b5117bd28fb80c.bundle,找到林靜慧跟何歆翊,Say,レイカ･ホウ,29,ジェイ･ダイ。事情を聞いちゃったわけだし……,
d30c62acdc62c5c962b5117bd28fb80c.bundle,找到林靜慧跟何歆翊,Say,レイカ･ホウ,30,セイさんのために時間を稼いでくれない？,
d30c62acdc62c5c962b5117bd28fb80c.bundle,找到林靜慧跟何歆翊,Say,レイカ･ホウ,31,リョウさんに私たちを見つけられなかったって伝えればいいから。,
d30c62acdc62c5c962b5117bd28fb80c.bundle,找到林靜慧跟何歆翊,Say,セイ･リン,13,お、お願いします！本当に助けてください！,
d30c62acdc62c5c962b5117bd28fb80c.bundle,找到林靜慧跟何歆翊,Say,心の声,6,……面倒ごとに首を突っ込むべきじゃない。,
d30c62acdc62c5c962b5117bd28fb80c.bundle,找到林靜慧跟何歆翊,Branch,#Simple,18,見つからなかったと伝えておきます。,
d30c62acdc62c5c962b5117bd28fb80c.bundle,找到林靜慧跟何歆翊,Say,セイ･リン,14,ありがとう。本当に、本当にありがとう！,
d30c62acdc62c5c962b5117bd28fb80c.bundle,找到林靜慧跟何歆翊,Say,レイカ･ホウ,32,ありがとうね、ジェイ。,
d30c62acdc62c5c962b5117bd28fb80c.bundle,找到林靜慧跟何歆翊,Branch,#Simple,19,大した事じゃありません。,
d30c62acdc62c5c962b5117bd28fb80c.bundle,找到林靜慧跟何歆翊,Branch,#Simple,20,でも急いで探してください。,
d30c62acdc62c5c962b5117bd28fb80c.bundle,找到林靜慧跟何歆翊,Say,レイカ･ホウ,33,うん、わかってる。,
d30c62acdc62c5c962b5117bd28fb80c.bundle,找到林靜慧跟何歆翊,Branch,#Simple,21,……,
d30c62acdc62c5c962b5117bd28fb80c.bundle,找到林靜慧跟何歆翊,Say,心の声,7,これはこれでいいだろう。,
d30c62acdc62c5c962b5117bd28fb80c.bundle,找到林靜慧跟何歆翊,Branch,#Simple,22,いえ、そのまま報告します。,
d30c62acdc62c5c962b5117bd28fb80c.bundle,找到林靜慧跟何歆翊,Say,セイ･リン,15,ジェイさん、本当にお願い。もしリョウさんがそのまま本社に報告したら、私は……,
d30c62acdc62c5c962b5117bd28fb80c.bundle,找到林靜慧跟何歆翊,Say,セイ･リン,16,もう少し、もう少しだけ時間があればいいの！,
d30c62acdc62c5c962b5117bd28fb80c.bundle,找到林靜慧跟何歆翊,Branch,#Simple,23,無理です。すみません。,
d30c62acdc62c5c962b5117bd28fb80c.bundle,找到林靜慧跟何歆翊,Say,セイ･リン,17,で、でも……,
d30c62acdc62c5c962b5117bd28fb80c.bundle,找到林靜慧跟何歆翊,Say,レイカ･ホウ,34,もういいよ、セイさん。,
d30c62acdc62c5c962b5117bd28fb80c.bundle,找到林靜慧跟何歆翊,Say,レイカ･ホウ,35,他人を巻き込むべきじゃない。,
d30c62acdc62c5c962b5117bd28fb80c.bundle,找到林靜慧跟何歆翊,Say,心の声,8,そうは言うが、彼女は明らかに怒ってる。,
d30c62acdc62c5c962b5117bd28fb80c.bundle,找到林靜慧跟何歆翊,Say,セイ･リン,18,わかってるけど、でも私、本当に……,
d30c62acdc62c5c962b5117bd28fb80c.bundle,找到林靜慧跟何歆翊,Say,レイカ･ホウ,36,うん、わかるよ。別の案を考えよう。,
d30c62acdc62c5c962b5117bd28fb80c.bundle,找到林靜慧跟何歆翊,Say,レイカ･ホウ,37,ジェイ、ありがとうね。リョウさんにはそのまま伝えていいから。,
d30c62acdc62c5c962b5117bd28fb80c.bundle,找到林靜慧跟何歆翊,Branch,#Simple,24,わかりました。見つからなかったと伝えておきます。,
d30c62acdc62c5c962b5117bd28fb80c.bundle,回去跟廖哥說,Say,チキョウ･リョウ,0,どうだ？二人は見つかったか？,
d30c62acdc62c5c962b5117bd28fb80c.bundle,回去跟廖哥說,Say,チキョウ･リョウ,1,ちなみにまだ返事は来ていない。,
d30c62acdc62c5c962b5117bd28fb80c.bundle,回去跟廖哥說,Branch,#Simple,0,代わりにハードディスクを届けに来ました。,
d30c62acdc62c5c962b5117bd28fb80c.bundle,回去跟廖哥說,Say,チキョウ･リョウ,2,やっと来たか。もう一時間も経ったぞ。,
d30c62acdc62c5c962b5117bd28fb80c.bundle,回去跟廖哥說,Branch,#Simple,1,セイ･リンが失くしたハードディスクを私が見つけたので、届けに来ました。,
d30c62acdc62c5c962b5117bd28fb80c.bundle,回去跟廖哥說,Say,チキョウ･リョウ,3,なんだと！？,
d30c62acdc62c5c962b5117bd28fb80c.bundle,回去跟廖哥說,Say,チキョウ･リョウ,4,セイ･リンのやつ、また問題を起こしやがって。近頃、問題を起こしすぎだ！,
d30c62acdc62c5c962b5117bd28fb80c.bundle,回去跟廖哥說,Say,チキョウ･リョウ,5,帰ってきたら説教してやる。,
d30c62acdc62c5c962b5117bd28fb80c.bundle,回去跟廖哥說,Say,チキョウ･リョウ,6,ジェイ･ダイ、助かった。,
d30c62acdc62c5c962b5117bd28fb80c.bundle,回去跟廖哥說,Say,チキョウ･リョウ,7,これを失くすと大ごとになる。,
d30c62acdc62c5c962b5117bd28fb80c.bundle,回去跟廖哥說,Say,チキョウ･リョウ,8,マネージャーにこの件を報告しておく。よくやった。,
d30c62acdc62c5c962b5117bd28fb80c.bundle,回去跟廖哥說,Branch,#Simple,2,彼女たちが手がかりを教えてくれたから見つけられたんです。,
d30c62acdc62c5c962b5117bd28fb80c.bundle,回去跟廖哥說,Say,チキョウ･リョウ,9,……,
d30c62acdc62c5c962b5117bd28fb80c.bundle,回去跟廖哥說,Say,チキョウ･リョウ,10,それでも、セイ･リンは説教だ。,
d30c62acdc62c5c962b5117bd28fb80c.bundle,回去跟廖哥說,Say,チキョウ･リョウ,11,まあ、厳しく言うのはやめておこう。,
d30c62acdc62c5c962b5117bd28fb80c.bundle,回去跟廖哥說,Branch,#Simple,3,かなり苦労して見つけ出しました。,
d30c62acdc62c5c962b5117bd28fb80c.bundle,回去跟廖哥說,Say,チキョウ･リョウ,12,ああ、わかってる。,
d30c62acdc62c5c962b5117bd28fb80c.bundle,回去跟廖哥說,Say,チキョウ･リョウ,13,セイ･リンに関しては我慢の限界だ。,
d30c62acdc62c5c962b5117bd28fb80c.bundle,回去跟廖哥說,Say,チキョウ･リョウ,14,最近のあいつは気を緩めすぎている。少しお灸をすえるべきだな。,
d30c62acdc62c5c962b5117bd28fb80c.bundle,回去跟廖哥說,Branch,#Simple,4,……,
d30c62acdc62c5c962b5117bd28fb80c.bundle,回去跟廖哥說,Say,チキョウ･リョウ,15,渡してくれ。,
d30c62acdc62c5c962b5117bd28fb80c.bundle,回去跟廖哥說,Say,チキョウ･リョウ,16,もう行っていいぞ。,
d30c62acdc62c5c962b5117bd28fb80c.bundle,回去跟廖哥說,Branch,#Simple,5,ハードディスクは警備員たちが持ってます。,
d30c62acdc62c5c962b5117bd28fb80c.bundle,回去跟廖哥說,Say,チキョウ･リョウ,17,なんだと？,
d30c62acdc62c5c962b5117bd28fb80c.bundle,回去跟廖哥說,Branch,#Simple,6,ハードディスクを拾った彼らが保管しています。,
d30c62acdc62c5c962b5117bd28fb80c.bundle,回去跟廖哥說,Branch,#Simple,7,わかりません。,
d30c62acdc62c5c962b5117bd28fb80c.bundle,回去跟廖哥說,Say,チキョウ･リョウ,18,なんてことだ……,
d30c62acdc62c5c962b5117bd28fb80c.bundle,回去跟廖哥說,Say,チキョウ･リョウ,19,わかった。彼らに連絡して取り戻す。,
d30c62acdc62c5c962b5117bd28fb80c.bundle,回去跟廖哥說,Say,チキョウ･リョウ,20,よくやってくれた。ジェイ･ダイ。,
d30c62acdc62c5c962b5117bd28fb80c.bundle,回去跟廖哥說,Branch,#Simple,8,セイ･リンが失くしたハードディスクを私が見つけました。,
d30c62acdc62c5c962b5117bd28fb80c.bundle,回去跟廖哥說,Say,チキョウ･リョウ,21,なにっ！？,
d30c62acdc62c5c962b5117bd28fb80c.bundle,回去跟廖哥說,Say,チキョウ･リョウ,22,セイ･リンのやつ、また問題を起こしやがって。近頃、問題を起こしすぎだ！,
d30c62acdc62c5c962b5117bd28fb80c.bundle,回去跟廖哥說,Say,チキョウ･リョウ,23,見つけたら説教してやる。,
d30c62acdc62c5c962b5117bd28fb80c.bundle,回去跟廖哥說,Say,チキョウ･リョウ,24,ジェイ･ダイ、助かった。,
d30c62acdc62c5c962b5117bd28fb80c.bundle,回去跟廖哥說,Say,チキョウ･リョウ,25,これを失くすと大ごとになる。,
d30c62acdc62c5c962b5117bd28fb80c.bundle,回去跟廖哥說,Say,チキョウ･リョウ,26,マネージャーにこの件を報告しておく。よくやった。,
d30c62acdc62c5c962b5117bd28fb80c.bundle,回去跟廖哥說,Branch,#Simple,9,彼女たちが手がかりを教えてくれたから見つけられたんです。,
d30c62acdc62c5c962b5117bd28fb80c.bundle,回去跟廖哥說,Say,チキョウ･リョウ,27,……,
d30c62acdc62c5c962b5117bd28fb80c.bundle,回去跟廖哥說,Say,チキョウ･リョウ,28,それでも、セイ･リンは説教だ。,
d30c62acdc62c5c962b5117bd28fb80c.bundle,回去跟廖哥說,Say,チキョウ･リョウ,29,まあ、厳しく言うのはやめておこう。,
d30c62acdc62c5c962b5117bd28fb80c.bundle,回去跟廖哥說,Branch,#Simple,10,かなり苦労して見つけ出しました。,
d30c62acdc62c5c962b5117bd28fb80c.bundle,回去跟廖哥說,Say,チキョウ･リョウ,30,ああ、わかってる。,
d30c62acdc62c5c962b5117bd28fb80c.bundle,回去跟廖哥說,Say,チキョウ･リョウ,31,セイ･リンに関しては我慢の限界だ。,
d30c62acdc62c5c962b5117bd28fb80c.bundle,回去跟廖哥說,Say,チキョウ･リョウ,32,最近のあいつは気を緩めすぎている。少しお灸をすえるべきだな。,
d30c62acdc62c5c962b5117bd28fb80c.bundle,回去跟廖哥說,Branch,#Simple,11,……,
d30c62acdc62c5c962b5117bd28fb80c.bundle,回去跟廖哥說,Say,チキョウ･リョウ,33,渡してくれ。,
d30c62acdc62c5c962b5117bd28fb80c.bundle,回去跟廖哥說,Branch,#Simple,12,ハードディスクは警備員たちが持ってます。,
d30c62acdc62c5c962b5117bd28fb80c.bundle,回去跟廖哥說,Say,チキョウ･リョウ,34,もう行っていい。,
d30c62acdc62c5c962b5117bd28fb80c.bundle,回去跟廖哥說,Branch,#Simple,13,すみません。彼女たちは見つかりませんでした。,
d30c62acdc62c5c962b5117bd28fb80c.bundle,回去跟廖哥說,Say,心の声,0,結局は彼女たちのために時間稼ぎをする羽目に。,
d30c62acdc62c5c962b5117bd28fb80c.bundle,回去跟廖哥說,Say,心の声,1,でも、これでいいはずだ。,
d30c62acdc62c5c962b5117bd28fb80c.bundle,回去跟廖哥說,Say,チキョウ･リョウ,35,本当か？,
d30c62acdc62c5c962b5117bd28fb80c.bundle,回去跟廖哥說,Say,チキョウ･リョウ,36,つまり彼女たちは会社にいないということか？,
d30c62acdc62c5c962b5117bd28fb80c.bundle,回去跟廖哥說,Branch,#Simple,14,いいえ。ただ私が見つけられなかっただけです。,
d30c62acdc62c5c962b5117bd28fb80c.bundle,回去跟廖哥說,Say,チキョウ･リョウ,37,同じことだ。,
d30c62acdc62c5c962b5117bd28fb80c.bundle,回去跟廖哥說,Branch,#Simple,15,私が行けないエリアにいるのかもしれません。,
d30c62acdc62c5c962b5117bd28fb80c.bundle,回去跟廖哥說,Say,チキョウ･リョウ,38,ありえない。,
d30c62acdc62c5c962b5117bd28fb80c.bundle,回去跟廖哥說,Say,チキョウ･リョウ,39,レイカ･ホウならまだしも、セイ･リンの権限はあんたと同じだ。,
d30c62acdc62c5c962b5117bd28fb80c.bundle,回去跟廖哥說,Say,チキョウ･リョウ,40,権限を持つ全ての場所を探したなら、見つからないはずがない。,
d30c62acdc62c5c962b5117bd28fb80c.bundle,回去跟廖哥說,Say,チキョウ･リョウ,41,それかあんたが嘘を吐いているかだな。,
d30c62acdc62c5c962b5117bd28fb80c.bundle,回去跟廖哥說,Say,心の声,2,かなり怒っている……,
d30c62acdc62c5c962b5117bd28fb80c.bundle,回去跟廖哥說,Say,チキョウ･リョウ,42,なぜ彼女たちを探させたと思う？,
d30c62acdc62c5c962b5117bd28fb80c.bundle,回去跟廖哥說,Branch,#Simple,16,セイ･リンが本社のハードディスクを持ってるからだと思います。,
d30c62acdc62c5c962b5117bd28fb80c.bundle,回去跟廖哥說,Say,チキョウ･リョウ,43,やはり彼女たちと会ったな？,
d30c62acdc62c5c962b5117bd28fb80c.bundle,回去跟廖哥說,Say,チキョウ･リョウ,44,彼女たちから聞いたんだろ。,
d30c62acdc62c5c962b5117bd28fb80c.bundle,回去跟廖哥說,Say,チキョウ･リョウ,45,そして彼女たちのために時間稼ぎを。,
d30c62acdc62c5c962b5117bd28fb80c.bundle,回去跟廖哥說,Branch,#Simple,17,違います。,
d30c62acdc62c5c962b5117bd28fb80c.bundle,回去跟廖哥說,Branch,#Simple,18,確かにそうですが、彼女たちはもう少しでハードディスクを見つけられるはずです。,
d30c62acdc62c5c962b5117bd28fb80c.bundle,回去跟廖哥說,Say,チキョウ･リョウ,46,黙れ。,
d30c62acdc62c5c962b5117bd28fb80c.bundle,回去跟廖哥說,Say,心の声,3,……,
d30c62acdc62c5c962b5117bd28fb80c.bundle,回去跟廖哥說,Say,チキョウ･リョウ,47,あれは一時間前には、ここに届くべきものだった。,
d30c62acdc62c5c962b5117bd28fb80c.bundle,回去跟廖哥說,Branch,#Simple,19,わかりません。,
d30c62acdc62c5c962b5117bd28fb80c.bundle,回去跟廖哥說,Say,チキョウ･リョウ,48,セイ･リンが本社の機密情報が入っているハードディスクを持ってるからだ。,
d30c62acdc62c5c962b5117bd28fb80c.bundle,回去跟廖哥說,Say,チキョウ･リョウ,49,しかも一時間前には、俺のところに届くはずだった。,
d30c62acdc62c5c962b5117bd28fb80c.bundle,回去跟廖哥說,Say,チキョウ･リョウ,50,これがどれだけ大ごとかわかるか？,
d30c62acdc62c5c962b5117bd28fb80c.bundle,回去跟廖哥說,Say,チキョウ･リョウ,51,本社はもうこの状況を知っている。いつ彼らが来てもおかしくない……,
d30c62acdc62c5c962b5117bd28fb80c.bundle,回去跟廖哥說,Say,チキョウ･リョウ,52,……,
d30c62acdc62c5c962b5117bd28fb80c.bundle,回去跟廖哥說,Say,チキョウ･リョウ,53,仕方ない。今はセイ･リンの名前を報告するしかないな。,
d30c62acdc62c5c962b5117bd28fb80c.bundle,回去跟廖哥說,Say,チキョウ･リョウ,54,残念だが、彼女はクビだろうな。,
d30c62acdc62c5c962b5117bd28fb80c.bundle,回去跟廖哥說,Say,チキョウ･リョウ,55,でもこれは自業自得だ。最近の彼女は気の緩みからミスを起こしすぎだ。,
d30c62acdc62c5c962b5117bd28fb80c.bundle,回去跟廖哥說,Branch,#Simple,20,わかりました。,
d30c62acdc62c5c962b5117bd28fb80c.bundle,回去跟廖哥說,Branch,#Simple,21,もう少し待つことはできませんか？,
d30c62acdc62c5c962b5117bd28fb80c.bundle,回去跟廖哥說,Say,チキョウ･リョウ,56,俺まで処罰されるんだぞ！,
d30c62acdc62c5c962b5117bd28fb80c.bundle,回去跟廖哥說,Say,チキョウ･リョウ,57,まぁ、セイ･リンを報告したところで俺も罰は受けるがな。,
d30c62acdc62c5c962b5117bd28fb80c.bundle,回去跟廖哥說,Say,チキョウ･リョウ,58,なぜ彼女のために時間を稼いで加担しようとする？,
d30c62acdc62c5c962b5117bd28fb80c.bundle,回去跟廖哥說,Branch,#Simple,22,彼女はこの仕事を必要としています。,
d30c62acdc62c5c962b5117bd28fb80c.bundle,回去跟廖哥說,Say,チキョウ･リョウ,59,……,
d30c62acdc62c5c962b5117bd28fb80c.bundle,回去跟廖哥說,Say,チキョウ･リョウ,60,誰だってそうだ。,
d30c62acdc62c5c962b5117bd28fb80c.bundle,回去跟廖哥說,Branch,#Simple,23,もう少しすれば、見つかるはずです。,
d30c62acdc62c5c962b5117bd28fb80c.bundle,回去跟廖哥說,Say,チキョウ･リョウ,61,……,
d30c62acdc62c5c962b5117bd28fb80c.bundle,回去跟廖哥說,Say,チキョウ･リョウ,62,いや、早く本社に報告した方が被害を抑えられる。,
d30c62acdc62c5c962b5117bd28fb80c.bundle,回去跟廖哥說,Branch,#Simple,24,……,
d30c62acdc62c5c962b5117bd28fb80c.bundle,回去跟廖哥說,Branch,#Simple,25,……,
d30c62acdc62c5c962b5117bd28fb80c.bundle,回去跟廖哥說,Say,チキョウ･リョウ,63,この件はここまでだ。俺はすぐ本社に連絡する。,
d30c62acdc62c5c962b5117bd28fb80c.bundle,回去跟廖哥說,Say,チキョウ･リョウ,64,本当に助かった。もう戻っていいぞ。,
d30c62acdc62c5c962b5117bd28fb80c.bundle,回去跟廖哥說,Branch,#Simple,26,わかりました。,
d30c62acdc62c5c962b5117bd28fb80c.bundle,回去跟廖哥說,Branch,#Simple,27,本当に彼女を報告するんですか？,
d30c62acdc62c5c962b5117bd28fb80c.bundle,回去跟廖哥說,Say,チキョウ･リョウ,65,戻れと言ったはずだ。,
d30c62acdc62c5c962b5117bd28fb80c.bundle,回去跟廖哥說,Branch,#Simple,28,……,
d30c62acdc62c5c962b5117bd28fb80c.bundle,回去跟廖哥說,Say,心の声,4,ここまでか……,
d30c62acdc62c5c962b5117bd28fb80c.bundle,回去跟廖哥說,Branch,#Simple,29,セイ･リンがハードディスクを失くしました。,
d30c62acdc62c5c962b5117bd28fb80c.bundle,回去跟廖哥說,Say,心の声,5,俺は何でこんなことを！？時間稼ぎをすると約束したのに……,
d30c62acdc62c5c962b5117bd28fb80c.bundle,回去跟廖哥說,Say,チキョウ･リョウ,66,なにっ！？,
d30c62acdc62c5c962b5117bd28fb80c.bundle,回去跟廖哥說,Say,チキョウ･リョウ,67,あれは本社の……！？,
d30c62acdc62c5c962b5117bd28fb80c.bundle,回去跟廖哥說,Say,チキョウ･リョウ,68,彼女は今何をしている！,
d30c62acdc62c5c962b5117bd28fb80c.bundle,回去跟廖哥說,Branch,#Simple,30,ハードディスクを探しています。,
d30c62acdc62c5c962b5117bd28fb80c.bundle,回去跟廖哥說,Branch,#Simple,31,わかりません。,
d30c62acdc62c5c962b5117bd28fb80c.bundle,回去跟廖哥說,Say,チキョウ･リョウ,69,あれは一時間前には、ここに届くべきものだった。,
d30c62acdc62c5c962b5117bd28fb80c.bundle,回去跟廖哥說,Branch,#Simple,32,彼女たちにリョウさんが探していると伝えました。,
d30c62acdc62c5c962b5117bd28fb80c.bundle,回去跟廖哥說,Say,心の声,6,俺は何でこんなことを！？時間稼ぎをすると約束したのに……,
d30c62acdc62c5c962b5117bd28fb80c.bundle,回去跟廖哥說,Say,チキョウ･リョウ,70,返事は？,
d30c62acdc62c5c962b5117bd28fb80c.bundle,回去跟廖哥說,Branch,#Simple,33,セイ･リンがハードディスクを失くしました。,
d30c62acdc62c5c962b5117bd28fb80c.bundle,回去跟廖哥說,Branch,#Simple,34,特に何も。,
d30c62acdc62c5c962b5117bd28fb80c.bundle,主動去找蕭勇明,Say,ユウ･ショウ,0,あ、ジェイさん。どうも。,
d30c62acdc62c5c962b5117bd28fb80c.bundle,主動去找蕭勇明,Say,心の声,0,……ちょっと怖がってないか？,
d30c62acdc62c5c962b5117bd28fb80c.bundle,主動去找蕭勇明,Say,ユウ･ショウ,1,す、すみません、用事があるから失礼します。,
d30c62acdc62c5c962b5117bd28fb80c.bundle,主動去找蕭勇明,Branch,#Simple,0,ちょっと待て。,
d30c62acdc62c5c962b5117bd28fb80c.bundle,主動去找蕭勇明,Say,ユウ･ショウ,2,ど、どうかしましたか？,
d30c62acdc62c5c962b5117bd28fb80c.bundle,主動去找蕭勇明,Say,ユウ･ショウ,3,ジェイさんが私のことが嫌っているのはわかってますから……,
d30c62acdc62c5c962b5117bd28fb80c.bundle,主動去找蕭勇明,Branch,#Simple,1,別に嫌ってない。,
d30c62acdc62c5c962b5117bd28fb80c.bundle,主動去找蕭勇明,Say,ユウ･ショウ,4,そ、そうなんですか！,
d30c62acdc62c5c962b5117bd28fb80c.bundle,主動去找蕭勇明,Say,ユウ･ショウ,5,はぁ……よかった。,
d30c62acdc62c5c962b5117bd28fb80c.bundle,主動去找蕭勇明,Say,ユウ･ショウ,6,ずっと嫌われてると思ってました。ハハハ！,
d30c62acdc62c5c962b5117bd28fb80c.bundle,主動去找蕭勇明,Say,心の声,1,正直なところ、少し嫌ってはいた……,
d30c62acdc62c5c962b5117bd28fb80c.bundle,主動去找蕭勇明,Branch,#Simple,2,実は聞きたいことがあるんだ。,
d30c62acdc62c5c962b5117bd28fb80c.bundle,主動去找蕭勇明,Branch,#Simple,3,……,
d30c62acdc62c5c962b5117bd28fb80c.bundle,主動去找蕭勇明,Say,ユウ･ショウ,7,もうすぐ休憩時間が終わるんですけど、何か用ですか？,
d30c62acdc62c5c962b5117bd28fb80c.bundle,主動去找蕭勇明,Branch,#Simple,4,……,
d30c62acdc62c5c962b5117bd28fb80c.bundle,主動去找蕭勇明,Say,心の声,2,無駄足だったな。,
d30c62acdc62c5c962b5117bd28fb80c.bundle,主動去找蕭勇明,Say,ユウ･ショウ,8,ジェイさん！,
d30c62acdc62c5c962b5117bd28fb80c.bundle,主動去找蕭勇明,Say,ユウ･ショウ,9,どうかしたんですか？,
d30c62acdc62c5c962b5117bd28fb80c.bundle,主動去找蕭勇明,Say,ユウ･ショウ,10,あ、でも長話はできませんよ。,
d30c62acdc62c5c962b5117bd28fb80c.bundle,主動去找蕭勇明,Say,ユウ･ショウ,11,ちょっと抜け出して休憩してるだけですから、すぐ交代に行かないと。,
d30c62acdc62c5c962b5117bd28fb80c.bundle,主動去找蕭勇明,Say,ユウ･ショウ,12,どうかしたんですか？,
d30c62acdc62c5c962b5117bd28fb80c.bundle,主動去找蕭勇明,Branch,#Simple,5,昨日、契約ホールの廊下を調べたか？,
d30c62acdc62c5c962b5117bd28fb80c.bundle,主動去找蕭勇明,Say,ユウ･ショウ,13,そんなの警察の仕事ですよ。,
d30c62acdc62c5c962b5117bd28fb80c.bundle,主動去找蕭勇明,Say,心の声,3,それもそうか……,
d30c62acdc62c5c962b5117bd28fb80c.bundle,主動去找蕭勇明,Say,ユウ･ショウ,14,でも簡単に見て回りましたよ。,
d30c62acdc62c5c962b5117bd28fb80c.bundle,主動去找蕭勇明,Say,ユウ･ショウ,15,それがどうかしましたか？,
d30c62acdc62c5c962b5117bd28fb80c.bundle,主動去找蕭勇明,Branch,#Simple,6,落とし物はなかったか？,
d30c62acdc62c5c962b5117bd28fb80c.bundle,主動去找蕭勇明,Say,ユウ･ショウ,16,あ、ありましたよ。,
d30c62acdc62c5c962b5117bd28fb80c.bundle,主動去找蕭勇明,Say,ユウ･ショウ,17,ハードディスクを見つけました。,
d30c62acdc62c5c962b5117bd28fb80c.bundle,主動去找蕭勇明,Branch,#Simple,7,ハードディスクを見なかったか？,
d30c62acdc62c5c962b5117bd28fb80c.bundle,主動去找蕭勇明,Say,ユウ･ショウ,18,あ、見ましたよ。,
d30c62acdc62c5c962b5117bd28fb80c.bundle,主動去找蕭勇明,Say,ユウ･ショウ,19,本社のシールが貼ってあったので、後で本社に問い合わせようと思ってました。,
d30c62acdc62c5c962b5117bd28fb80c.bundle,主動去找蕭勇明,Say,ユウ･ショウ,20,まさか、あなたのものですか？,
d30c62acdc62c5c962b5117bd28fb80c.bundle,主動去找蕭勇明,Branch,#Simple,8,ああ。,
d30c62acdc62c5c962b5117bd28fb80c.bundle,主動去找蕭勇明,Say,ユウ･ショウ,21,あなたが落とした物だったんですね。,
d30c62acdc62c5c962b5117bd28fb80c.bundle,主動去找蕭勇明,Branch,#Simple,9,ああ、持ってきてくれると有難い。,
d30c62acdc62c5c962b5117bd28fb80c.bundle,主動去找蕭勇明,Say,ユウ･ショウ,22,はい、わかりました。,
d30c62acdc62c5c962b5117bd28fb80c.bundle,主動去找蕭勇明,Branch,#Simple,10,実を言うと、それは他の人のものだ。,
d30c62acdc62c5c962b5117bd28fb80c.bundle,主動去找蕭勇明,Say,ユウ･ショウ,23,そうなんですか？,
d30c62acdc62c5c962b5117bd28fb80c.bundle,主動去找蕭勇明,Branch,#Simple,11,……,
d30c62acdc62c5c962b5117bd28fb80c.bundle,主動去找蕭勇明,Say,ユウ･ショウ,24,すぐ取ってきます。,
d30c62acdc62c5c962b5117bd28fb80c.bundle,主動去找蕭勇明,Branch,#Simple,12,俺の同僚が失くしたものだ。,
d30c62acdc62c5c962b5117bd28fb80c.bundle,主動去找蕭勇明,Say,ユウ･ショウ,25,同僚さんの名前は？,
d30c62acdc62c5c962b5117bd28fb80c.bundle,主動去找蕭勇明,Branch,#Simple,13,レイカ･ホウ。,
d30c62acdc62c5c962b5117bd28fb80c.bundle,主動去找蕭勇明,Branch,#Simple,14,シホウ･リン,
d30c62acdc62c5c962b5117bd28fb80c.bundle,主動去找蕭勇明,Branch,#Simple,15,セイ･リン,
d30c62acdc62c5c962b5117bd28fb80c.bundle,主動去找蕭勇明,Branch,#Simple,16,ケイミ･リン,
d30c62acdc62c5c962b5117bd28fb80c.bundle,主動去找蕭勇明,Say,ユウ･ショウ,26,わかりました。確認しますので少々お待ちください。,
d30c62acdc62c5c962b5117bd28fb80c.bundle,主動去找蕭勇明,Branch,#Simple,17,そうか。邪魔したな。,
d30c62acdc62c5c962b5117bd28fb80c.bundle,主動去找蕭勇明,Say,ユウ･ショウ,27,はい。,
d30c62acdc62c5c962b5117bd28fb80c.bundle,主動去找蕭勇明,Say,ユウ･ショウ,28,では失礼します。,
d30c62acdc62c5c962b5117bd28fb80c.bundle,主動去找蕭勇明,Branch,#Simple,18,ああ。,
d30c62acdc62c5c962b5117bd28fb80c.bundle,主動去找蕭勇明,Branch,#Simple,19,……,
d30c62acdc62c5c962b5117bd28fb80c.bundle,主動去找蕭勇明,Say,心の声,4,……俺は何をやってんだ。,
d30c62acdc62c5c962b5117bd28fb80c.bundle,主動去找蕭勇明,Say,心の声,5,これじゃ無駄足だ……,
d30c62acdc62c5c962b5117bd28fb80c.bundle,郭悅美把硬碟拿出來,Say,エイミ･カク,0,ちょっと！,
d30c62acdc62c5c962b5117bd28fb80c.bundle,郭悅美把硬碟拿出來,Say,エイミ･カク,1,ジェイ･ダイね？,
d30c62acdc62c5c962b5117bd28fb80c.bundle,郭悅美把硬碟拿出來,Branch,#Simple,0,あなたは？,
d30c62acdc62c5c962b5117bd28fb80c.bundle,郭悅美把硬碟拿出來,Say,エイミ･カク,2,私はエイミ。この時間帯の警備隊長を勤めている。,
d30c62acdc62c5c962b5117bd28fb80c.bundle,郭悅美把硬碟拿出來,Branch,#Simple,1,はい。,
d30c62acdc62c5c962b5117bd28fb80c.bundle,郭悅美把硬碟拿出來,Say,エイミ･カク,3,ハードディスクは渡せない。,
d30c62acdc62c5c962b5117bd28fb80c.bundle,郭悅美把硬碟拿出來,Say,エイミ･カク,4,さっき君が言った名前は該当者じゃなかった。,
d30c62acdc62c5c962b5117bd28fb80c.bundle,郭悅美把硬碟拿出來,Say,エイミ･カク,5,君はこのハードディスクの所有者じゃない。,
d30c62acdc62c5c962b5117bd28fb80c.bundle,郭悅美把硬碟拿出來,Branch,#Simple,2,もう一度名前を言わせてください。,
d30c62acdc62c5c962b5117bd28fb80c.bundle,郭悅美把硬碟拿出來,Say,エイミ･カク,6,だめだ。,
d30c62acdc62c5c962b5117bd28fb80c.bundle,郭悅美把硬碟拿出來,Say,エイミ･カク,7,会社の規定により、持ち主でない者が遺失物を取りに来た場合、窃盗を防ぐためこちらで保管することになっている。,
d30c62acdc62c5c962b5117bd28fb80c.bundle,郭悅美把硬碟拿出來,Say,エイミ･カク,8,だから長官が帰って来るまで保管させてもらうよ。,
d30c62acdc62c5c962b5117bd28fb80c.bundle,郭悅美把硬碟拿出來,Branch,#Simple,3,どういう意味だ？,
d30c62acdc62c5c962b5117bd28fb80c.bundle,郭悅美把硬碟拿出來,Say,エイミ･カク,9,少なくとも今日一日は、我々がこのハードディスクを保管するということだ。,
d30c62acdc62c5c962b5117bd28fb80c.bundle,郭悅美把硬碟拿出來,Branch,#Simple,4,頼む、お願いだ。,
d30c62acdc62c5c962b5117bd28fb80c.bundle,郭悅美把硬碟拿出來,Say,エイミ･カク,10,無理だね。これは会社の規定なんだ。,
d30c62acdc62c5c962b5117bd28fb80c.bundle,郭悅美把硬碟拿出來,Branch,#Simple,5,……,
d30c62acdc62c5c962b5117bd28fb80c.bundle,郭悅美把硬碟拿出來,Branch,#Simple,6,わかった。,
d30c62acdc62c5c962b5117bd28fb80c.bundle,郭悅美把硬碟拿出來,Branch,#Simple,7,……,
d30c62acdc62c5c962b5117bd28fb80c.bundle,郭悅美把硬碟拿出來,Say,エイミ･カク,11,それと、君は持ち主の名前を間違えた。,
d30c62acdc62c5c962b5117bd28fb80c.bundle,郭悅美把硬碟拿出來,Say,エイミ･カク,12,そのせいで今は、例え本人であろうとも渡すことができない。,
d30c62acdc62c5c962b5117bd28fb80c.bundle,郭悅美把硬碟拿出來,Say,エイミ･カク,13,いくら我々でも、上の許可がなければこのハードディスクを自由に譲渡できない状況だ。,
d30c62acdc62c5c962b5117bd28fb80c.bundle,郭悅美把硬碟拿出來,Say,エイミ･カク,14,申し訳ないが、お引き取りを。,
d30c62acdc62c5c962b5117bd28fb80c.bundle,郭悅美把硬碟拿出來,Branch,#Simple,8,ユウ･ショウを呼んでくれ。,
d30c62acdc62c5c962b5117bd28fb80c.bundle,郭悅美把硬碟拿出來,Say,エイミ･カク,15,彼と話しても意味はない。彼は私の部下だ。,
d30c62acdc62c5c962b5117bd28fb80c.bundle,郭悅美把硬碟拿出來,Say,エイミ･カク,16,お引き取りを。,
d30c62acdc62c5c962b5117bd28fb80c.bundle,郭悅美把硬碟拿出來,Branch,#Simple,9,それだと持ち主がとても困るんだ。,
d30c62acdc62c5c962b5117bd28fb80c.bundle,郭悅美把硬碟拿出來,Say,エイミ･カク,17,それはこちらには関係のないことだ。,
d30c62acdc62c5c962b5117bd28fb80c.bundle,郭悅美把硬碟拿出來,Say,エイミ･カク,18,お引き取りを。,
d30c62acdc62c5c962b5117bd28fb80c.bundle,郭悅美把硬碟拿出來,Branch,#Simple,10,ちょっとくらい融通を利かせてくれてもいいだろ！,
d30c62acdc62c5c962b5117bd28fb80c.bundle,郭悅美把硬碟拿出來,Say,エイミ･カク,19,お引き,
d30c62acdc62c5c962b5117bd28fb80c.bundle,郭悅美把硬碟拿出來,Say,エイミ･カク,20,取り,
d30c62acdc62c5c962b5117bd28fb80c.bundle,郭悅美把硬碟拿出來,Say,エイミ･カク,21,ください。,
d30c62acdc62c5c962b5117bd28fb80c.bundle,郭悅美把硬碟拿出來,Branch,#Simple,11,……,
d30c62acdc62c5c962b5117bd28fb80c.bundle,郭悅美把硬碟拿出來,Say,心の声,0,無駄足だったな……,
d30c62acdc62c5c962b5117bd28fb80c.bundle,郭悅美把硬碟拿出來,Say,心の声,1,チキョウ･リョウのところに行くしかないか。,
d30c62acdc62c5c962b5117bd28fb80c.bundle,郭悅美把硬碟拿出來,Say,エイミ･カク,22,これがハードディスクだ。,
d30c62acdc62c5c962b5117bd28fb80c.bundle,郭悅美把硬碟拿出來,Say,エイミ･カク,23,もう失くさないように。,
d30c62acdc62c5c962b5117bd28fb80c.bundle,郭悅美把硬碟拿出來,Say,心の声,2,見つかったぞ。,
d30c62acdc62c5c962b5117bd28fb80c.bundle,拿到或沒拿到硬碟後去找林跟何,Say,心の声,0,ここにいない。多分ハードディスクを探しに行ったんだろう。,
d30c62acdc62c5c962b5117bd28fb80c.bundle,拿到或沒拿到硬碟後去找林跟何,Say,心の声,1,このままチキョウ･リョウに渡すべきか。,
d30c62acdc62c5c962b5117bd28fb80c.bundle,拿到或沒拿到硬碟後去找林跟何,Say,心の声,2,こうなったらチキョウ･リョウのところに行くしかないな。,
d30c62acdc62c5c962b5117bd28fb80c.bundle,隆生打電話自言自語,Say,リュウセイ･チョウ,0,もしもし？聞こえるっすか？,
d30c62acdc62c5c962b5117bd28fb80c.bundle,隆生打電話自言自語,Say,心の声,0,……？,
d30c62acdc62c5c962b5117bd28fb80c.bundle,隆生打電話自言自語,Say,リュウセイ･チョウ,1,本当っすか？そんなことしたら怒るんじゃ……,
d30c62acdc62c5c962b5117bd28fb80c.bundle,隆生打電話自言自語,Say,リュウセイ･チョウ,2,今、隣で見てるっすけど……,
d30c62acdc62c5c962b5117bd28fb80c.bundle,隆生打電話自言自語,Say,心の声,1,大声で電話するやつだな……,
d30c62acdc62c5c962b5117bd28fb80c.bundle,隆生打電話自言自語,Say,リュウセイ･チョウ,3,え？声が大きいっすか？,
d30c62acdc62c5c962b5117bd28fb80c.bundle,隆生打電話自言自語,Say,リュウセイ･チョウ,4,大丈夫っすよ。きっとマイクに近いから大きく聞こえるだけっす。,
d30c62acdc62c5c962b5117bd28fb80c.bundle,隆生打電話自言自語,Say,リュウセイ･チョウ,5,今メット被ってるから、隣の人には絶対聞こえないっすよ！,
d30c62acdc62c5c962b5117bd28fb80c.bundle,隆生打電話自言自語,Say,リュウセイ･チョウ,6,え？,
d30c62acdc62c5c962b5117bd28fb80c.bundle,隆生打電話自言自語,Say,リュウセイ･チョウ,7,聞こえるんすか？,
d30c62acdc62c5c962b5117bd28fb80c.bundle,隆生打電話自言自語,Say,リュウセイ･チョウ,8,ほ、本当に……？,
d30c62acdc62c5c962b5117bd28fb80c.bundle,隆生打電話自言自語,Say,リュウセイ･チョウ,9,……,
d30c62acdc62c5c962b5117bd28fb80c.bundle,隆生打電話自言自語,Say,リュウセイ･チョウ,10,じゃ、ちょっと声を落としますよ……,
d30c62acdc62c5c962b5117bd28fb80c.bundle,隆生打電話自言自語,Say,心の声,2,やっと静かになった……,
d30c62acdc62c5c962b5117bd28fb80c.bundle,隆生打電話自言自語,Say,心の声,3,……,
d30c62acdc62c5c962b5117bd28fb80c.bundle,隆生打電話自言自語,Say,心の声,4,リンの容体は悪くなさそうだ。,
d30c62acdc62c5c962b5117bd28fb80c.bundle,隆生打電話自言自語,Say,心の声,5,看護師も大丈夫だと言ってた……,
d30c62acdc62c5c962b5117bd28fb80c.bundle,隆生打電話自言自語,Say,心の声,6,だが万が一……,
d30c62acdc62c5c962b5117bd28fb80c.bundle,隆生打電話自言自語,Say,心の声,7,……,
d30c62acdc62c5c962b5117bd28fb80c.bundle,隆生打電話自言自語,Say,心の声,8,なぜこんなことになったんだ……,
d30c62acdc62c5c962b5117bd28fb80c.bundle,隆生打電話自言自語,Say,心の声,9,リンが自分で飛び降りるわけがない……,
d30c62acdc62c5c962b5117bd28fb80c.bundle,隆生打電話自言自語,Say,心の声,10,まさか誰かが彼女を突き落としたのか？イファ･ヨウのハードディスクの件で誰かが……,
d30c62acdc62c5c962b5117bd28fb80c.bundle,隆生打電話自言自語,Say,心の声,11,一体どうなってるんだ……,
d30c62acdc62c5c962b5117bd28fb80c.bundle,隆生打電話自言自語,Say,心の声,12,……,
d30c62acdc62c5c962b5117bd28fb80c.bundle,隆生打電話自言自語,Say,心の声,13,……,
d30c62acdc62c5c962b5117bd28fb80c.bundle,隆生打電話自言自語,Say,心の声,14,全部俺のせいだ……,
d30c62acdc62c5c962b5117bd28fb80c.bundle,隆生打電話自言自語,Say,心の声,15,リンを止めるべきだった……,
d30c62acdc62c5c962b5117bd28fb80c.bundle,隆生打電話自言自語,Say,心の声,16,リンはいつもそうだ……,
d30c62acdc62c5c962b5117bd28fb80c.bundle,隆生打電話自言自語,Say,心の声,17,頑固で、人の話を聞かない……,
d30c62acdc62c5c962b5117bd28fb80c.bundle,隆生打電話自言自語,Say,心の声,18,……,
d30c62acdc62c5c962b5117bd28fb80c.bundle,隆生打電話自言自語,Say,心の声,19,……,
d30c62acdc62c5c962b5117bd28fb80c.bundle,隆生打電話自言自語,Say,心の声,20,……,
d30c62acdc62c5c962b5117bd28fb80c.bundle,雙流氓質問主角跟程芳關係,Say,トラさん,0,こいつか？,
d30c62acdc62c5c962b5117bd28fb80c.bundle,雙流氓質問主角跟程芳關係,Say,チシュン･ソウ,0,ああ、待ってて。,
d30c62acdc62c5c962b5117bd28fb80c.bundle,雙流氓質問主角跟程芳關係,Say,チシュン･ソウ,1,君、名前は？,
d30c62acdc62c5c962b5117bd28fb80c.bundle,雙流氓質問主角跟程芳關係,Branch,#Simple,0,ジェイ･ダイ。,
d30c62acdc62c5c962b5117bd28fb80c.bundle,雙流氓質問主角跟程芳關係,Say,トラさん,1,初めて聞く名だ。,
d30c62acdc62c5c962b5117bd28fb80c.bundle,雙流氓質問主角跟程芳關係,Say,チシュン･ソウ,2,そりゃそうでしょうよ。黙ってて。,
d30c62acdc62c5c962b5117bd28fb80c.bundle,雙流氓質問主角跟程芳關係,Say,トラさん,2,は？,
d30c62acdc62c5c962b5117bd28fb80c.bundle,雙流氓質問主角跟程芳關係,Branch,#Simple,1,教える気はない。,
d30c62acdc62c5c962b5117bd28fb80c.bundle,雙流氓質問主角跟程芳關係,Branch,#Simple,2,先にそっちから名乗れ。,
d30c62acdc62c5c962b5117bd28fb80c.bundle,雙流氓質問主角跟程芳關係,Say,チシュン･ソウ,3,少しくらい協力してよ、ねぇ？,
d30c62acdc62c5c962b5117bd28fb80c.bundle,雙流氓質問主角跟程芳關係,Say,チシュン･ソウ,4,それで、リン･テイさんとはどういうご関係？,
d30c62acdc62c5c962b5117bd28fb80c.bundle,雙流氓質問主角跟程芳關係,Say,心の声,0,リンの名前を！？何者だ！,
d30c62acdc62c5c962b5117bd28fb80c.bundle,雙流氓質問主角跟程芳關係,Branch,#Simple,3,俺はリンの彼氏だ。,
d30c62acdc62c5c962b5117bd28fb80c.bundle,雙流氓質問主角跟程芳關係,Say,チシュン･ソウ,5,おや、彼氏さんだったのか。,
d30c62acdc62c5c962b5117bd28fb80c.bundle,雙流氓質問主角跟程芳關係,Branch,#Simple,4,リン･テイを知ってるのか？,
d30c62acdc62c5c962b5117bd28fb80c.bundle,雙流氓質問主角跟程芳關係,Say,チシュン･ソウ,6,いやいや、知ったのは今日だよ。,
d30c62acdc62c5c962b5117bd28fb80c.bundle,雙流氓質問主角跟程芳關係,Say,チシュン･ソウ,7,そうだな。仕事で知った、と言うべきかな？,
d30c62acdc62c5c962b5117bd28fb80c.bundle,雙流氓質問主角跟程芳關係,Branch,#Simple,5,先にこの状況を説明しろ。,
d30c62acdc62c5c962b5117bd28fb80c.bundle,雙流氓質問主角跟程芳關係,Say,チシュン･ソウ,8,はぁ……,
d30c62acdc62c5c962b5117bd28fb80c.bundle,雙流氓質問主角跟程芳關係,Say,トラさん,3,もういいだろ。聞いても無駄だ！,
d30c62acdc62c5c962b5117bd28fb80c.bundle,雙流氓質問主角跟程芳關係,Say,チシュン･ソウ,9,ちょっと焦らないでよ……,
d30c62acdc62c5c962b5117bd28fb80c.bundle,雙流氓質問主角跟程芳關係,Say,チシュン･ソウ,10,兄貴はちゃんと聞いてから……,
d30c62acdc62c5c962b5117bd28fb80c.bundle,雙流氓質問主角跟程芳關係,Say,トラさん,4,気絶させて連れ帰ってからゆっくり聞けばいい！,
d30c62acdc62c5c962b5117bd28fb80c.bundle,雙流氓質問主角跟程芳關係,Say,チシュン･ソウ,11,はぁ、いつもこうなるんだよなぁ……,
d30c62acdc62c5c962b5117bd28fb80c.bundle,雙流氓質問主角跟程芳關係,Say,チシュン･ソウ,12,さっさと片付けて。,
d30c62acdc62c5c962b5117bd28fb80c.bundle,雙流氓質問主角跟程芳關係,Say,トラさん,5,三秒で片付ける。,
d30c62acdc62c5c962b5117bd28fb80c.bundle,流氓打架結果,Say,心の声,0,これは電撃……！？,
d30c62acdc62c5c962b5117bd28fb80c.bundle,流氓打架結果,Say,心の声,1,クソッ、俺は……,
d30c62acdc62c5c962b5117bd28fb80c.bundle,流氓打架結果,Say,チシュン･ソウ,0,なにこいつ、強すぎるよ……！？,
d30c62acdc62c5c962b5117bd28fb80c.bundle,流氓打架結果,Say,チシュン･ソウ,1,トラさん、弱すぎ……,
d30c62acdc62c5c962b5117bd28fb80c.bundle,流氓打架結果,Say,チシュン･ソウ,2,……,
d30c62acdc62c5c962b5117bd28fb80c.bundle,流氓打架結果,Say,チシュン･ソウ,3,ちょっ、本当に気絶した……！？,
d30c62acdc62c5c962b5117bd28fb80c.bundle,流氓打架結果,Say,チシュン･ソウ,4,だから工具を使えって言ったんだよ。電撃流せば一発なんだから。,
d30c62acdc62c5c962b5117bd28fb80c.bundle,流氓打架結果,Say,チシュン･ソウ,5,そこの君。なにじろじろ見てんの？,
d30c62acdc62c5c962b5117bd28fb80c.bundle,流氓打架結果,Say,チシュン･ソウ,6,室内でヘルメット被ってるなんて、もしかしてバカ？,
d30c62acdc62c5c962b5117bd28fb80c.bundle,流氓打架結果,Say,チシュン･ソウ,7,なに？こいつみたいになりたいの？,
d30c62acdc62c5c962b5117bd28fb80c.bundle,隆生醫院跟主主動搭話,Say,リュウセイ･チョウ,0,えっと、よっ！,
d30c62acdc62c5c962b5117bd28fb80c.bundle,隆生醫院跟主主動搭話,Say,リュウセイ･チョウ,1,どうも……？,
d30c62acdc62c5c962b5117bd28fb80c.bundle,隆生醫院跟主主動搭話,Say,心の声,0,なんで室内でヘルメットを……？,
d30c62acdc62c5c962b5117bd28fb80c.bundle,隆生醫院跟主主動搭話,Branch,#Simple,0,よっ。,
d30c62acdc62c5c962b5117bd28fb80c.bundle,隆生醫院跟主主動搭話,Branch,#Simple,1,誰だあんた？,
d30c62acdc62c5c962b5117bd28fb80c.bundle,隆生醫院跟主主動搭話,Say,リュウセイ･チョウ,2,ああ、俺は家族を待ってるだけなんだ。,
d30c62acdc62c5c962b5117bd28fb80c.bundle,隆生醫院跟主主動搭話,Say,リュウセイ･チョウ,3,検査があってね。,
d30c62acdc62c5c962b5117bd28fb80c.bundle,隆生醫院跟主主動搭話,Branch,#Simple,2,なぜヘルメットを？,
d30c62acdc62c5c962b5117bd28fb80c.bundle,隆生醫院跟主主動搭話,Say,リュウセイ･チョウ,4,あ、ああ！これは……,
d30c62acdc62c5c962b5117bd28fb80c.bundle,隆生醫院跟主主動搭話,Say,リュウセイ･チョウ,5,バイクで来たんだけど、取るのをうっかり忘れててね。ハハハ……,
d30c62acdc62c5c962b5117bd28fb80c.bundle,隆生醫院跟主主動搭話,Say,心の声,1,なんで未だに取らないんだ……？,
d30c62acdc62c5c962b5117bd28fb80c.bundle,隆生醫院跟主主動搭話,Say,リュウセイ･チョウ,6,えっと……その……,
d30c62acdc62c5c962b5117bd28fb80c.bundle,隆生醫院跟主主動搭話,Say,リュウセイ･チョウ,7,ご家族は大丈夫？,
d30c62acdc62c5c962b5117bd28fb80c.bundle,隆生醫院跟主主動搭話,Branch,#Simple,3,家族？,
d30c62acdc62c5c962b5117bd28fb80c.bundle,隆生醫院跟主主動搭話,Say,リュウセイ･チョウ,8,そう、付き添いで来たんだろう？,
d30c62acdc62c5c962b5117bd28fb80c.bundle,隆生醫院跟主主動搭話,Branch,#Simple,4,彼女の付き添いで来たんだ。,
d30c62acdc62c5c962b5117bd28fb80c.bundle,隆生醫院跟主主動搭話,Say,リュウセイ･チョウ,9,なるほど。,
d30c62acdc62c5c962b5117bd28fb80c.bundle,隆生醫院跟主主動搭話,Branch,#Simple,5,命に別状はないようだ。,
d30c62acdc62c5c962b5117bd28fb80c.bundle,隆生醫院跟主主動搭話,Say,リュウセイ･チョウ,10,はぁ、よかったね。,
d30c62acdc62c5c962b5117bd28fb80c.bundle,隆生醫院跟主主動搭話,Branch,#Simple,6,まだ状況がわからないんだ。,
d30c62acdc62c5c962b5117bd28fb80c.bundle,隆生醫院跟主主動搭話,Say,リュウセイ･チョウ,11,そうか……,
d30c62acdc62c5c962b5117bd28fb80c.bundle,隆生醫院跟主主動搭話,Say,リュウセイ･チョウ,12,すまない……,
d30c62acdc62c5c962b5117bd28fb80c.bundle,隆生醫院跟主主動搭話,Branch,#Simple,7,命に別状はないようだ。,
d30c62acdc62c5c962b5117bd28fb80c.bundle,隆生醫院跟主主動搭話,Say,リュウセイ･チョウ,13,はぁ、よかったね。,
d30c62acdc62c5c962b5117bd28fb80c.bundle,隆生醫院跟主主動搭話,Branch,#Simple,8,まだ状況がわからないんだ。,
d30c62acdc62c5c962b5117bd28fb80c.bundle,隆生醫院跟主主動搭話,Say,リュウセイ･チョウ,14,そうか……,
d30c62acdc62c5c962b5117bd28fb80c.bundle,隆生醫院跟主主動搭話,Say,リュウセイ･チョウ,15,すまない……,
d30c62acdc62c5c962b5117bd28fb80c.bundle,隆生醫院跟主主動搭話,Branch,#Simple,9,なぜ謝る？,
d30c62acdc62c5c962b5117bd28fb80c.bundle,隆生醫院跟主主動搭話,Say,リュウセイ･チョウ,16,えっとその……,
d30c62acdc62c5c962b5117bd28fb80c.bundle,隆生醫院跟主主動搭話,Say,リュウセイ･チョウ,17,余計なこと聞いちゃったかなと思って。,
d30c62acdc62c5c962b5117bd28fb80c.bundle,隆生醫院跟主主動搭話,Say,リュウセイ･チョウ,18,……,
d30c62acdc62c5c962b5117bd28fb80c.bundle,隆生醫院跟主主動搭話,Branch,#Simple,10,いいや、あんたが謝ることじゃないだろ。,
d30c62acdc62c5c962b5117bd28fb80c.bundle,隆生醫院跟主主動搭話,Say,リュウセイ･チョウ,19,う、うん。,
d30c62acdc62c5c962b5117bd28fb80c.bundle,隆生醫院跟主主動搭話,Say,リュウセイ･チョウ,20,とりあえず、声をかけたかっただけなんだ。ハハ。,
d30c62acdc62c5c962b5117bd28fb80c.bundle,隆生醫院跟主主動搭話,Say,リュウセイ･チョウ,21,邪魔したね。,
d30c62acdc62c5c962b5117bd28fb80c.bundle,隆生醫院跟主主動搭話,Say,心の声,2,変なやつだ。,
d30c62acdc62c5c962b5117bd28fb80c.bundle,戰鬥重複用對話,Say,チシュン･ソウ,0,ちょっと、焦らないでよ……,
d30c62acdc62c5c962b5117bd28fb80c.bundle,戰鬥重複用對話,Say,チシュン･ソウ,1,兄貴はちゃんと聞いてから……,
d30c62acdc62c5c962b5117bd28fb80c.bundle,戰鬥重複用對話,Say,トラさん,0,気絶させて連れ帰ってからゆっくり聞けばいい！,
d30c62acdc62c5c962b5117bd28fb80c.bundle,戰鬥重複用對話,Say,チシュン･ソウ,2,はぁ、いつもこうなるんだよなぁ……,
d30c62acdc62c5c962b5117bd28fb80c.bundle,戰鬥重複用對話,Say,チシュン･ソウ,3,さっさと片付けて。,
d30c62acdc62c5c962b5117bd28fb80c.bundle,戰鬥重複用對話,Say,トラさん,1,三秒で片付ける。,
d30c62acdc62c5c962b5117bd28fb80c.bundle,去阿緯座位說要找俊恩,Say,イー･テイ,0,ん？セラーに行く準備ができた？,
d30c62acdc62c5c962b5117bd28fb80c.bundle,去阿緯座位說要找俊恩,Say,イー･テイ,1,じゃあ、シュン･ゴに連絡するね。,
d30c62acdc62c5c962b5117bd28fb80c.bundle,去阿緯座位說要找俊恩,Branch,#Simple,0,はい、お願いします。,
d30c62acdc62c5c962b5117bd28fb80c.bundle,去阿緯座位說要找俊恩,Say,イー･テイ,2,ちょっと待ってね……,
d30c62acdc62c5c962b5117bd28fb80c.bundle,去阿緯座位說要找俊恩,Say,イー･テイ,3,……,
d30c62acdc62c5c962b5117bd28fb80c.bundle,去阿緯座位說要找俊恩,Say,イー･テイ,4,よっし、連絡したよ。,
d30c62acdc62c5c962b5117bd28fb80c.bundle,去阿緯座位說要找俊恩,Say,イー･テイ,5,修築組の廊下で待ってるはずだから、エレベーターから出て左へ向かえばいいよ。,
d30c62acdc62c5c962b5117bd28fb80c.bundle,去阿緯座位說要找俊恩,Say,イー･テイ,6,今日の研修も頑張ってね！,
d30c62acdc62c5c962b5117bd28fb80c.bundle,去阿緯座位說要找俊恩,Branch,#Simple,1,ありがとうございます。,
d30c62acdc62c5c962b5117bd28fb80c.bundle,去阿緯座位說要找俊恩,Branch,#Simple,2,では失礼します。,
d30c62acdc62c5c962b5117bd28fb80c.bundle,去阿緯座位說要找俊恩,Branch,#Simple,3,……,
d30c62acdc62c5c962b5117bd28fb80c.bundle,去阿緯座位說要找俊恩,Branch,#Simple,4,もう少し待ってください。,
d30c62acdc62c5c962b5117bd28fb80c.bundle,去阿緯座位說要找俊恩,Say,イー･テイ,7,全然いいよ。,
d30c62acdc62c5c962b5117bd28fb80c.bundle,主角等硬碟想法,Say,心の声,0,どれくらい待てばいいんだ……,
d30c62acdc62c5c962b5117bd28fb80c.bundle,主角等硬碟想法,Say,心の声,1,……,
d30c62acdc62c5c962b5117bd28fb80c.bundle,主角等硬碟想法,Say,心の声,2,見つからなかったとか言うなよ……,
d30c62acdc62c5c962b5117bd28fb80c.bundle,林靜慧算帳,Say,セイ･リン,0,あっ！？,
d30c62acdc62c5c962b5117bd28fb80c.bundle,林靜慧算帳,Say,心の声,0,セイ･リン……？,
d30c62acdc62c5c962b5117bd28fb80c.bundle,林靜慧算帳,Say,セイ･リン,1,やっと見つけた！,
d30c62acdc62c5c962b5117bd28fb80c.bundle,林靜慧算帳,Say,心の声,1,そうか。ハードディスクを彼女に返してなかったから……,
d30c62acdc62c5c962b5117bd28fb80c.bundle,林靜慧算帳,Say,セイ･リン,2,警備員の人から連絡が来たの！あなたがハードディスクを持ってたって！,
d30c62acdc62c5c962b5117bd28fb80c.bundle,林靜慧算帳,Say,セイ･リン,3,もう散々探したのよ。ジェイさんどこにもいないんだもん！,
d30c62acdc62c5c962b5117bd28fb80c.bundle,林靜慧算帳,Say,セイ･リン,4,なんで私に返してくれなかったの？そのままリョウさんに渡してもよかったのに。,
d30c62acdc62c5c962b5117bd28fb80c.bundle,林靜慧算帳,Branch,#Simple,0,すみません。忘れてました。,
d30c62acdc62c5c962b5117bd28fb80c.bundle,林靜慧算帳,Say,セイ･リン,5,忘れた！？,
d30c62acdc62c5c962b5117bd28fb80c.bundle,林靜慧算帳,Branch,#Simple,1,ハードディスク？何のことですか？,
d30c62acdc62c5c962b5117bd28fb80c.bundle,林靜慧算帳,Say,セイ･リン,6,とぼけないで！,
d30c62acdc62c5c962b5117bd28fb80c.bundle,林靜慧算帳,Say,セイ･リン,7,はぁ、もうハードディスクなんてどうでもいいわよ！,
d30c62acdc62c5c962b5117bd28fb80c.bundle,林靜慧算帳,Say,セイ･リン,8,フンッ！,
d30c62acdc62c5c962b5117bd28fb80c.bundle,林靜慧算帳,Say,心の声,2,やらかした……,
d30c62acdc62c5c962b5117bd28fb80c.bundle,陳家騏抱怨賴潔2,Say,シュン･ゴ,0,わかりました。,
d30c62acdc62c5c962b5117bd28fb80c.bundle,陳家騏抱怨賴潔2,Say,シュン･ゴ,1,処理しておきます。,
d30c62acdc62c5c962b5117bd28fb80c.bundle,陳家騏抱怨賴潔2,Say,シュン･ゴ,2,仕事に戻ってください。,
d30c62acdc62c5c962b5117bd28fb80c.bundle,陳家騏抱怨賴潔2,Say,カエ･チン,0,はい……,
d30c62acdc62c5c962b5117bd28fb80c.bundle,陳家騏抱怨賴潔2,Say,心の声,0,……ため息をついた？,
d30c62acdc62c5c962b5117bd28fb80c.bundle,跟賴潔胖胖第一次見面2,Say,ジュジュ･ライ,0,クレーム言ってきたのってカエ･チン？あの人、一個の問題に一週間も費やしてたんだよ！,
d30c62acdc62c5c962b5117bd28fb80c.bundle,跟賴潔胖胖第一次見面2,Say,ジュジュ･ライ,1,逆に私は彼女が書いたプログラムを三分ほど見ただけで、フレームから再構築して問題を解決した。,
d30c62acdc62c5c962b5117bd28fb80c.bundle,跟賴潔胖胖第一次見面2,Say,シュン･ゴ,0,彼女が書いたものを全て変えるなんて……これからどうやって連携を取るつもりですか？,
d30c62acdc62c5c962b5117bd28fb80c.bundle,跟賴潔胖胖第一次見面2,Say,シュン･ゴ,1,来月には提出しないと……,
d30c62acdc62c5c962b5117bd28fb80c.bundle,跟賴潔胖胖第一次見面2,Say,ジュジュ･ライ,2,私一人じゃ無理だって言うの？,
d30c62acdc62c5c962b5117bd28fb80c.bundle,跟賴潔胖胖第一次見面2,Say,パン･ロウ,0,ジュジュ一人でもできることはサブチーフはわかってるさ。でもそれだとまた、人と協力をする機会を失うだろ。,
d30c62acdc62c5c962b5117bd28fb80c.bundle,跟賴潔胖胖第一次見面2,Say,パン･ロウ,1,ジュジュもいずれ誰かと連携して作業する日がくる。そうなったらどうするんだよ。,
d30c62acdc62c5c962b5117bd28fb80c.bundle,跟賴潔胖胖第一次見面2,Say,パン･ロウ,2,って、思ってるんだよね、サブチーフ？,
d30c62acdc62c5c962b5117bd28fb80c.bundle,跟賴潔胖胖第一次見面2,Say,シュン･ゴ,2,……ええ。ありがとうございます、パンちゃん。,
d30c62acdc62c5c962b5117bd28fb80c.bundle,跟賴潔胖胖第一次見面2,Say,ジュジュ･ライ,3,じゃ、もう少し有能な人を寄越してよ！,
d30c62acdc62c5c962b5117bd28fb80c.bundle,跟賴潔胖胖第一次見面2,Say,ジュジュ･ライ,4,パンちゃんなら別にいいよ。,
d30c62acdc62c5c962b5117bd28fb80c.bundle,跟賴潔胖胖第一次見面2,Say,シュン･ゴ,3,だめです。あなたはただ、パンちゃんの仕事を全部一人で片付けただけでしょ？,
d30c62acdc62c5c962b5117bd28fb80c.bundle,跟賴潔胖胖第一次見面2,Say,シュン･ゴ,4,そんなのを連携とは言えません。,
d30c62acdc62c5c962b5117bd28fb80c.bundle,跟賴潔胖胖第一次見面2,Say,ジュジュ･ライ,5,はぁ……ダルっ。,
d30c62acdc62c5c962b5117bd28fb80c.bundle,跟賴潔胖胖第一次見面2,Say,ジュジュ･ライ,6,わかった。あいつが書いたコードを戻しておくよ。,
d30c62acdc62c5c962b5117bd28fb80c.bundle,跟賴潔胖胖第一次見面2,Say,ジュジュ･ライ,7,言っとくけど、提出が遅れてもあんたの自業自得だかんね。,
d30c62acdc62c5c962b5117bd28fb80c.bundle,跟賴潔胖胖第一次見面2,Say,シュン･ゴ,5,いいえ、あなたの責任です。,
d30c62acdc62c5c962b5117bd28fb80c.bundle,跟賴潔胖胖第一次見面2,Say,パン･ロウ,3,サブチーフ、彼が新人？,
d30c62acdc62c5c962b5117bd28fb80c.bundle,跟賴潔胖胖第一次見面2,Say,ジュジュ･ライ,8,へえ、なかなかイケてるじゃん！,
d30c62acdc62c5c962b5117bd28fb80c.bundle,跟賴潔胖胖第一次見面2,Say,シュン･ゴ,6,紹介を忘れてました。,
d30c62acdc62c5c962b5117bd28fb80c.bundle,跟賴潔胖胖第一次見面2,Say,ジュジュ･ライ,9,初めまして、私はジュジュ･ライ。,
d30c62acdc62c5c962b5117bd28fb80c.bundle,跟賴潔胖胖第一次見面2,Say,パン･ロウ,4,僕はパンちゃんだよ。,
d30c62acdc62c5c962b5117bd28fb80c.bundle,跟賴潔胖胖第一次見面2,Say,ジュジュ･ライ,10,話す時はこっち向きなさいよ……,
d30c62acdc62c5c962b5117bd28fb80c.bundle,跟賴潔胖胖第一次見面2,Branch,#Simple,0,どうも、ジェイ･ダイです。,
d30c62acdc62c5c962b5117bd28fb80c.bundle,跟賴潔胖胖第一次見面2,Say,ジュジュ･ライ,11,よろしく～。,
d30c62acdc62c5c962b5117bd28fb80c.bundle,跟賴潔胖胖第一次見面2,Branch,#Simple,1,……,
d30c62acdc62c5c962b5117bd28fb80c.bundle,跟賴潔胖胖第一次見面2,Say,ジュジュ･ライ,12,なに、口が利けない人なの？,
d30c62acdc62c5c962b5117bd28fb80c.bundle,跟賴潔胖胖第一次見面2,Say,シュン･ゴ,7,あなたは黙っててください。,
d30c62acdc62c5c962b5117bd28fb80c.bundle,跟賴潔胖胖第一次見面2,Say,シュン･ゴ,8,彼はジェイ･ダイ。今日一日、一緒に働いてもらいます。,
d30c62acdc62c5c962b5117bd28fb80c.bundle,跟賴潔胖胖第一次見面2,Say,ジュジュ･ライ,13,待って。彼、エンジニアの経験は？,
d30c62acdc62c5c962b5117bd28fb80c.bundle,跟賴潔胖胖第一次見面2,Say,心の声,0,シュン･ゴが俺を見ている……,
d30c62acdc62c5c962b5117bd28fb80c.bundle,跟賴潔胖胖第一次見面2,Say,心の声,1,だがエンジニアの経験なんてない……,
d30c62acdc62c5c962b5117bd28fb80c.bundle,跟賴潔胖胖第一次見面2,Branch,#Simple,2,エンジニアの経験が必要なんですか？,
d30c62acdc62c5c962b5117bd28fb80c.bundle,跟賴潔胖胖第一次見面2,Say,ジュジュ･ライ,14,さあ～。そういえば、車を運転する時って免許がいるのかな？,
d30c62acdc62c5c962b5117bd28fb80c.bundle,跟賴潔胖胖第一次見面2,Say,シュン･ゴ,9,ジュジュ！,
d30c62acdc62c5c962b5117bd28fb80c.bundle,跟賴潔胖胖第一次見面2,Branch,#Simple,3,エンジニアの経験はありません。,
d30c62acdc62c5c962b5117bd28fb80c.bundle,跟賴潔胖胖第一次見面2,Say,ジュジュ･ライ,15,マジ！？またなの？,
d30c62acdc62c5c962b5117bd28fb80c.bundle,跟賴潔胖胖第一次見面2,Say,心の声,2,何を言ってるんだ……？,
d30c62acdc62c5c962b5117bd28fb80c.bundle,跟賴潔胖胖第一次見面2,Say,ジュジュ･ライ,16,AI様は本当に大丈夫なの？ずっとエンジニア未経験のやつを寄越すんだけど？,
d30c62acdc62c5c962b5117bd28fb80c.bundle,跟賴潔胖胖第一次見面2,Say,ジュジュ･ライ,17,私は今、完全にイファ信者になった。こんなの馬鹿げてるでしょ。,
d30c62acdc62c5c962b5117bd28fb80c.bundle,跟賴潔胖胖第一次見面2,Say,シュン･ゴ,10,ジュジュ。あなたなら誰よりも、サイレントのアルゴリズムが間違えるわけがないことを知ってるはずです。,
d30c62acdc62c5c962b5117bd28fb80c.bundle,跟賴潔胖胖第一次見面2,Say,ジュジュ･ライ,18,いやいやいや。ここの誰も、うちのアルゴリズムを理解していないってことは知ってるよ。,
d30c62acdc62c5c962b5117bd28fb80c.bundle,跟賴潔胖胖第一次見面2,Say,シュン･ゴ,11,……,
d30c62acdc62c5c962b5117bd28fb80c.bundle,跟賴潔胖胖第一次見面2,Say,パン･ロウ,5,……サブチーフ、ジュジュの言ってることが正しいよ。,
d30c62acdc62c5c962b5117bd28fb80c.bundle,跟賴潔胖胖第一次見面2,Say,ジュジュ･ライ,19,誰もAIを理解してないのに、当たり前のように指示に従ってるんだ。,
d30c62acdc62c5c962b5117bd28fb80c.bundle,跟賴潔胖胖第一次見面2,Say,ジュジュ･ライ,20,ここはプログラミング能力を必要とする場所なのに、AIはコードすら読めないやつを次々と寄越す！,
d30c62acdc62c5c962b5117bd28fb80c.bundle,跟賴潔胖胖第一次見面2,Say,ジュジュ･ライ,21,もしかしてここで教えろってこと？,
d30c62acdc62c5c962b5117bd28fb80c.bundle,跟賴潔胖胖第一次見面2,Say,心の声,3,高校でプログラミングを少し習ってはいた……,
d30c62acdc62c5c962b5117bd28fb80c.bundle,跟賴潔胖胖第一次見面2,Say,心の声,4,成績もよかったはずだ。,
d30c62acdc62c5c962b5117bd28fb80c.bundle,跟賴潔胖胖第一次見面2,Branch,#Simple,4,実は高校でプログラミングを少し習ってました。,
d30c62acdc62c5c962b5117bd28fb80c.bundle,跟賴潔胖胖第一次見面2,Branch,#Simple,5,以前、プログラミングを習っていて成績も良かったです！,
d30c62acdc62c5c962b5117bd28fb80c.bundle,跟賴潔胖胖第一次見面2,Say,ジュジュ･ライ,22,本当に？,
d30c62acdc62c5c962b5117bd28fb80c.bundle,跟賴潔胖胖第一次見面2,Branch,#Simple,6,……,
d30c62acdc62c5c962b5117bd28fb80c.bundle,跟賴潔胖胖第一次見面2,Say,ジュジュ･ライ,23,シュン･ゴ。ちゃんと考えて。,
d30c62acdc62c5c962b5117bd28fb80c.bundle,跟賴潔胖胖第一次見面2,Say,ジュジュ･ライ,24,今のあんたに新人研修してる暇があるの？,
d30c62acdc62c5c962b5117bd28fb80c.bundle,跟賴潔胖胖第一次見面2,Say,シュン･ゴ,12,……,
d30c62acdc62c5c962b5117bd28fb80c.bundle,跟賴潔胖胖第一次見面2,Say,パン･ロウ,6,サブチーフ。最初から彼をここに入れるつもりなかっただろう？,
d30c62acdc62c5c962b5117bd28fb80c.bundle,跟賴潔胖胖第一次見面2,Say,ジュジュ･ライ,25,はい？どういうこと？,
d30c62acdc62c5c962b5117bd28fb80c.bundle,跟賴潔胖胖第一次見面2,Say,シュン･ゴ,13,……,
d30c62acdc62c5c962b5117bd28fb80c.bundle,跟賴潔胖胖第一次見面2,Say,シュン･ゴ,14,……はい。,
d30c62acdc62c5c962b5117bd28fb80c.bundle,跟賴潔胖胖第一次見面2,Say,心の声,5,なんだって……？,
d30c62acdc62c5c962b5117bd28fb80c.bundle,跟賴潔胖胖第一次見面2,Branch,#Simple,7,じゃ、私は何のためにここに来たんですか？,
d30c62acdc62c5c962b5117bd28fb80c.bundle,跟賴潔胖胖第一次見面2,Branch,#Simple,8,そんなことまで、あなたが決められるんですか？,
d30c62acdc62c5c962b5117bd28fb80c.bundle,跟賴潔胖胖第一次見面2,Branch,#Simple,9,……,
d30c62acdc62c5c962b5117bd28fb80c.bundle,跟賴潔胖胖第一次見面2,Say,シュン･ゴ,15,ジェイ･ダイ、話を聞いてください。,
d30c62acdc62c5c962b5117bd28fb80c.bundle,跟賴潔胖胖第一次見面2,Say,シュン･ゴ,16,ジュジュの言葉には棘がありますが、理に適ってはいます。,
d30c62acdc62c5c962b5117bd28fb80c.bundle,跟賴潔胖胖第一次見面2,Say,シュン･ゴ,17,私は事前調査で、あなたがプログラミングの知識がないことを知っています。そのため、あなたを操作組に入れることはできません。,
d30c62acdc62c5c962b5117bd28fb80c.bundle,跟賴潔胖胖第一次見面2,Say,シュン･ゴ,18,ここの状況は日に日に悪化するばかりで、あなたを教育する時間がないのです……,
d30c62acdc62c5c962b5117bd28fb80c.bundle,跟賴潔胖胖第一次見面2,Branch,#Simple,10,悪化？どういうことです？,
d30c62acdc62c5c962b5117bd28fb80c.bundle,跟賴潔胖胖第一次見面2,Say,シュン･ゴ,19,それは今すぐには説明できません……,
d30c62acdc62c5c962b5117bd28fb80c.bundle,跟賴潔胖胖第一次見面2,Branch,#Simple,11,なら、どうして最初に私の採用を断らなかったんですか？,
d30c62acdc62c5c962b5117bd28fb80c.bundle,跟賴潔胖胖第一次見面2,Say,シュン･ゴ,20,これはサイレントとイファマネージャーの決定です。私に断る権限はありません。,
d30c62acdc62c5c962b5117bd28fb80c.bundle,跟賴潔胖胖第一次見面2,Say,シュン･ゴ,21,普段なら喜んであなたの教育を引き受けましたが、今は本当にタイミングが悪いんです。,
d30c62acdc62c5c962b5117bd28fb80c.bundle,跟賴潔胖胖第一次見面2,Branch,#Simple,12,……,
d30c62acdc62c5c962b5117bd28fb80c.bundle,跟賴潔胖胖第一次見面2,Say,シュン･ゴ,22,私たちのチーフを見たでしょう。彼は頼りにならない男です。,
d30c62acdc62c5c962b5117bd28fb80c.bundle,跟賴潔胖胖第一次見面2,Say,シュン･ゴ,23,ここはほとんど私が管理しています。今の私はここの運営だけで、精一杯なんです。,
d30c62acdc62c5c962b5117bd28fb80c.bundle,跟賴潔胖胖第一次見面2,Say,心の声,6,つまり、俺が採用されるチャンスが一つ減ったってことか……,
d30c62acdc62c5c962b5117bd28fb80c.bundle,跟賴潔胖胖第一次見面2,Branch,#Simple,13,どうするつもりだったんですか？,
d30c62acdc62c5c962b5117bd28fb80c.bundle,跟賴潔胖胖第一次見面2,Say,シュン･ゴ,24,ここは選別組とは違います。,
d30c62acdc62c5c962b5117bd28fb80c.bundle,跟賴潔胖胖第一次見面2,Say,シュン･ゴ,25,ここでの仕事は「本当」の意味でのプロフェッショナルを必要とします。他人とコミュニケーションが取れれば仕事ができるわけではないのです。,
d30c62acdc62c5c962b5117bd28fb80c.bundle,跟賴潔胖胖第一次見面2,Say,心の声,7,つまり選別組は「偽り」のプロだと言いたいのか……？,
d30c62acdc62c5c962b5117bd28fb80c.bundle,跟賴潔胖胖第一次見面2,Say,心の声,8,選別組の皆が操作組を嫌ってたのはこういう理由か。,
d30c62acdc62c5c962b5117bd28fb80c.bundle,跟賴潔胖胖第一次見面2,Say,シュン･ゴ,26,私は操作組の一番難しい仕事だけをあえて案内するつもりでした。,
d30c62acdc62c5c962b5117bd28fb80c.bundle,跟賴潔胖胖第一次見面2,Say,シュン･ゴ,27,あなたに、ここは合わないと理解させてから、マネージャーに不採用と報告するつもりでした。,
d30c62acdc62c5c962b5117bd28fb80c.bundle,跟賴潔胖胖第一次見面2,Branch,#Simple,14,彼女が素直にあなたの話を受け入れるとは思えません。,
d30c62acdc62c5c962b5117bd28fb80c.bundle,跟賴潔胖胖第一次見面2,Say,シュン･ゴ,28,マネージャーはチーフの判断をとても重視しています。,
d30c62acdc62c5c962b5117bd28fb80c.bundle,跟賴潔胖胖第一次見面2,Say,シュン･ゴ,29,選別組での成績も、イー･テイの報告で大きく変わるはずですよ。,
d30c62acdc62c5c962b5117bd28fb80c.bundle,跟賴潔胖胖第一次見面2,Branch,#Simple,15,でも、あなたはサブチーフです。,
d30c62acdc62c5c962b5117bd28fb80c.bundle,跟賴潔胖胖第一次見面2,Say,シュン･ゴ,30,マネージャーはあの人の意見より、私を尊重してくれます。,
d30c62acdc62c5c962b5117bd28fb80c.bundle,跟賴潔胖胖第一次見面2,Say,シュン･ゴ,31,……,
d30c62acdc62c5c962b5117bd28fb80c.bundle,跟賴潔胖胖第一次見面2,Say,シュン･ゴ,32,そもそも私より、チーフの方があなたの採用を拒んでいると思いますが。,
d30c62acdc62c5c962b5117bd28fb80c.bundle,跟賴潔胖胖第一次見面2,Branch,#Simple,16,……,
d30c62acdc62c5c962b5117bd28fb80c.bundle,跟賴潔胖胖第一次見面2,Branch,#Simple,17,なぜ直接、私を落とさないんですか？,
d30c62acdc62c5c962b5117bd28fb80c.bundle,跟賴潔胖胖第一次見面2,Say,シュン･ゴ,33,私は、あなたを無下に追い返したいわけではありません。自分がここの仕事に適していないことを理解させた上で、断りたいのです。,
d30c62acdc62c5c962b5117bd28fb80c.bundle,跟賴潔胖胖第一次見面2,Say,心の声,9,それはただの時間の無駄じゃ……,
d30c62acdc62c5c962b5117bd28fb80c.bundle,跟賴潔胖胖第一次見面2,Branch,#Simple,18,……,
d30c62acdc62c5c962b5117bd28fb80c.bundle,跟賴潔胖胖第一次見面2,Branch,#Simple,19,私には、ここに適しているか公平な目で見極めてもらう権利があります。,
d30c62acdc62c5c962b5117bd28fb80c.bundle,跟賴潔胖胖第一次見面2,Say,シュン･ゴ,34,そうですね。不公平であるのは認めます。,
d30c62acdc62c5c962b5117bd28fb80c.bundle,跟賴潔胖胖第一次見面2,Say,シュン･ゴ,35,だからこそ私は今、あなたに話しました。,
d30c62acdc62c5c962b5117bd28fb80c.bundle,跟賴潔胖胖第一次見面2,Say,シュン･ゴ,36,本来は、別のやり方であなたを落とすつもりでした。,
d30c62acdc62c5c962b5117bd28fb80c.bundle,跟賴潔胖胖第一次見面2,Branch,#Simple,20,別のやり方とは？,
d30c62acdc62c5c962b5117bd28fb80c.bundle,跟賴潔胖胖第一次見面2,Branch,#Simple,21,それはご親切にどうも。,
d30c62acdc62c5c962b5117bd28fb80c.bundle,跟賴潔胖胖第一次見面2,Say,シュン･ゴ,37,それは……,
d30c62acdc62c5c962b5117bd28fb80c.bundle,跟賴潔胖胖第一次見面2,Say,シュン･ゴ,38,わかりました。全てを話します。,
d30c62acdc62c5c962b5117bd28fb80c.bundle,跟賴潔胖胖第一次見面2,Branch,#Simple,22,……,
d30c62acdc62c5c962b5117bd28fb80c.bundle,跟賴潔胖胖第一次見面2,Branch,#Simple,23,……,
d30c62acdc62c5c962b5117bd28fb80c.bundle,跟賴潔胖胖第一次見面2,Say,ジュジュ･ライ,26,てことは、彼にこの仕事はそもそも無理ってことね？,
d30c62acdc62c5c962b5117bd28fb80c.bundle,跟賴潔胖胖第一次見面2,Say,シュン･ゴ,39,ジュジュ……,
d30c62acdc62c5c962b5117bd28fb80c.bundle,跟賴潔胖胖第一次見面2,Say,ジュジュ･ライ,27,あんたの話をわかりやすく言っただけでしょ！,
d30c62acdc62c5c962b5117bd28fb80c.bundle,跟賴潔胖胖第一次見面2,Say,ジュジュ･ライ,28,例えあんたがジェイ･ダイに真実を話したところで、彼を雇う気はないでしょ？,
d30c62acdc62c5c962b5117bd28fb80c.bundle,跟賴潔胖胖第一次見面2,Say,ジュジュ･ライ,29,そのつもりがないなら、彼がどう頑張っても無駄よ。,
d30c62acdc62c5c962b5117bd28fb80c.bundle,跟賴潔胖胖第一次見面2,Say,シュン･ゴ,40,……,
d30c62acdc62c5c962b5117bd28fb80c.bundle,跟賴潔胖胖第一次見面2,Say,心の声,10,何か言わないと……このままじゃ……,
d30c62acdc62c5c962b5117bd28fb80c.bundle,跟賴潔胖胖第一次見面2,Branch,#Simple,24,エンジニア以外の職は募集してないんですか？,
d30c62acdc62c5c962b5117bd28fb80c.bundle,跟賴潔胖胖第一次見面2,Say,シュン･ゴ,41,見た通り、ここにいる人は皆エンジニアで、ほとんどが四年以上の経験を持っています。,
d30c62acdc62c5c962b5117bd28fb80c.bundle,跟賴潔胖胖第一次見面2,Say,ジュジュ･ライ,30,チーフならエンジニア経験がいらないよ。,
d30c62acdc62c5c962b5117bd28fb80c.bundle,跟賴潔胖胖第一次見面2,Say,ジュジュ･ライ,31,本社の上層部の親戚がいればできるポジションだから。,
d30c62acdc62c5c962b5117bd28fb80c.bundle,跟賴潔胖胖第一次見面2,Branch,#Simple,25,なら仕方がありません。さっさとこれを終わらせましょう。,
d30c62acdc62c5c962b5117bd28fb80c.bundle,跟賴潔胖胖第一次見面2,Say,シュン･ゴ,42,……,
d30c62acdc62c5c962b5117bd28fb80c.bundle,跟賴潔胖胖第一次見面2,Say,シュン･ゴ,43,わかりました。ジェイ･ダイ。本当にすみません。,
d30c62acdc62c5c962b5117bd28fb80c.bundle,跟賴潔胖胖第一次見面2,Branch,#Simple,26,……,
d30c62acdc62c5c962b5117bd28fb80c.bundle,跟賴潔胖胖第一次見面2,Say,パン･ロウ,7,棚上げの作業員ならいいんじゃない？,
d30c62acdc62c5c962b5117bd28fb80c.bundle,跟賴潔胖胖第一次見面2,Say,ジュジュ･ライ,32,……！,
d30c62acdc62c5c962b5117bd28fb80c.bundle,跟賴潔胖胖第一次見面2,Say,シュン･ゴ,44,……！,
d30c62acdc62c5c962b5117bd28fb80c.bundle,跟賴潔胖胖第一次見面2,Say,ジュジュ･ライ,33,いいじゃん！,
d30c62acdc62c5c962b5117bd28fb80c.bundle,跟賴潔胖胖第一次見面2,Say,パン･ロウ,8,ちょうど今日の棚上げが始まるし、今から研修をすれば間に合うよ。,
d30c62acdc62c5c962b5117bd28fb80c.bundle,跟賴潔胖胖第一次見面2,Say,シュン･ゴ,45,待ってください。でも作業員の募集はしていないはず……,
d30c62acdc62c5c962b5117bd28fb80c.bundle,跟賴潔胖胖第一次見面2,Say,パン･ロウ,9,実際は人手不足でしょ？,
d30c62acdc62c5c962b5117bd28fb80c.bundle,跟賴潔胖胖第一次見面2,Say,パン･ロウ,10,チーフが募集を止めちゃっただけだし。,
d30c62acdc62c5c962b5117bd28fb80c.bundle,跟賴潔胖胖第一次見面2,Say,ジュジュ･ライ,34,マジでここを潰す気なのよ……,
d30c62acdc62c5c962b5117bd28fb80c.bundle,跟賴潔胖胖第一次見面2,Say,シュン･ゴ,46,チーフの話については発言を控えますが、私の権限だけでは勝手に募集することはできません。,
d30c62acdc62c5c962b5117bd28fb80c.bundle,跟賴潔胖胖第一次見面2,Say,ジュジュ･ライ,35,……,
d30c62acdc62c5c962b5117bd28fb80c.bundle,跟賴潔胖胖第一次見面2,Say,ジュジュ･ライ,36,そうだ。リーさんがそろそろ定年だよね？,
d30c62acdc62c5c962b5117bd28fb80c.bundle,跟賴潔胖胖第一次見面2,Say,シュン･ゴ,47,ええ……,
d30c62acdc62c5c962b5117bd28fb80c.bundle,跟賴潔胖胖第一次見面2,Say,シュン･ゴ,48,そうですが。,
d30c62acdc62c5c962b5117bd28fb80c.bundle,跟賴潔胖胖第一次見面2,Say,ジュジュ･ライ,37,確か定年退職者がいる場合は、事前に候補スタッフを募集できるって規定があったはずだよね。,
d30c62acdc62c5c962b5117bd28fb80c.bundle,跟賴潔胖胖第一次見面2,Say,シュン･ゴ,49,そうですね。,
d30c62acdc62c5c962b5117bd28fb80c.bundle,跟賴潔胖胖第一次見面2,Say,パン･ロウ,11,あのジュジュが、会社の規定を読んでいただと？,
d30c62acdc62c5c962b5117bd28fb80c.bundle,跟賴潔胖胖第一次見面2,Say,ジュジュ･ライ,38,会社に入る前にちゃんと読んだのよ！,
d30c62acdc62c5c962b5117bd28fb80c.bundle,跟賴潔胖胖第一次見面2,Say,ジュジュ･ライ,39,私は知らないことを徹底的に潰す主義なのよ！というか、こんだけ一緒にいるならわかりなさいよ。,
d30c62acdc62c5c962b5117bd28fb80c.bundle,跟賴潔胖胖第一次見面2,Say,パン･ロウ,12,確かに！,
d30c62acdc62c5c962b5117bd28fb80c.bundle,跟賴潔胖胖第一次見面2,Say,シュン･ゴ,50,では、その規定を元に進めましょう。,
d30c62acdc62c5c962b5117bd28fb80c.bundle,跟賴潔胖胖第一次見面2,Say,ジュジュ･ライ,40,やった！,
d30c62acdc62c5c962b5117bd28fb80c.bundle,跟賴潔胖胖第一次見面2,Branch,#Simple,27,ジュジュ、ありがとう。,
d30c62acdc62c5c962b5117bd28fb80c.bundle,跟賴潔胖胖第一次見面2,Say,ジュジュ･ライ,41,へへッ。イケメンが増えるのは大歓迎だからね！,
d30c62acdc62c5c962b5117bd28fb80c.bundle,跟賴潔胖胖第一次見面2,Say,パン･ロウ,13,僕にもお礼を言うべきじゃないかな？,
d30c62acdc62c5c962b5117bd28fb80c.bundle,跟賴潔胖胖第一次見面2,Branch,#Simple,28,ありがとう。,
d30c62acdc62c5c962b5117bd28fb80c.bundle,跟賴潔胖胖第一次見面2,Say,パン･ロウ,14,ヘヘッ。,
d30c62acdc62c5c962b5117bd28fb80c.bundle,跟賴潔胖胖第一次見面2,Branch,#Simple,29,……,
d30c62acdc62c5c962b5117bd28fb80c.bundle,跟賴潔胖胖第一次見面2,Say,パン･ロウ,15,え？無視？酷くない！？,
d30c62acdc62c5c962b5117bd28fb80c.bundle,跟賴潔胖胖第一次見面2,Say,ジュジュ･ライ,42,ハハハ。彼のこと気に入ったよ。,
d30c62acdc62c5c962b5117bd28fb80c.bundle,跟賴潔胖胖第一次見面2,Branch,#Simple,30,ありがとう、パンちゃん。,
d30c62acdc62c5c962b5117bd28fb80c.bundle,跟賴潔胖胖第一次見面2,Say,パン･ロウ,16,ヘヘッ。,
d30c62acdc62c5c962b5117bd28fb80c.bundle,跟賴潔胖胖第一次見面2,Say,ジュジュ･ライ,43,へへッ。イケメンが増えるのは大歓迎だからね！,
d30c62acdc62c5c962b5117bd28fb80c.bundle,跟賴潔胖胖第一次見面2,Branch,#Simple,31,ありがとうございます。サブチーフ。,
d30c62acdc62c5c962b5117bd28fb80c.bundle,跟賴潔胖胖第一次見面2,Say,シュン･ゴ,51,礼を言うのはまだ早いですよ。採用が決まったわけではないのですから。,
d30c62acdc62c5c962b5117bd28fb80c.bundle,跟賴潔胖胖第一次見面2,Branch,#Simple,32,……,
d30c62acdc62c5c962b5117bd28fb80c.bundle,跟賴潔胖胖第一次見面2,Say,シュン･ゴ,52,でも言っときますが、棚上げの作業はかなり大変ですよ。,
d30c62acdc62c5c962b5117bd28fb80c.bundle,跟賴潔胖胖第一次見面2,Branch,#Simple,33,どうしてですか？,
d30c62acdc62c5c962b5117bd28fb80c.bundle,跟賴潔胖胖第一次見面2,Say,シュン･ゴ,53,肉体的な面もそうですが……,
d30c62acdc62c5c962b5117bd28fb80c.bundle,跟賴潔胖胖第一次見面2,Say,シュン･ゴ,54,一番はメンタルが削られると思います。,
d30c62acdc62c5c962b5117bd28fb80c.bundle,跟賴潔胖胖第一次見面2,Branch,#Simple,34,頑張ります。,
d30c62acdc62c5c962b5117bd28fb80c.bundle,跟賴潔胖胖第一次見面2,Say,シュン･ゴ,55,これは頑張ればどうこうなる話ではありません。,
d30c62acdc62c5c962b5117bd28fb80c.bundle,跟賴潔胖胖第一次見面2,Say,シュン･ゴ,56,メンタル面がかなりやられてしまうのです。,
d30c62acdc62c5c962b5117bd28fb80c.bundle,跟賴潔胖胖第一次見面2,Branch,#Simple,35,……,
d30c62acdc62c5c962b5117bd28fb80c.bundle,跟賴潔胖胖第一次見面2,Say,シュン･ゴ,57,それに作業員の研修は他とは少し違います。やりたい時にすぐできるわけではないのです。,
d30c62acdc62c5c962b5117bd28fb80c.bundle,跟賴潔胖胖第一次見面2,Say,シュン･ゴ,58,まず在職中の作業員を見つけて指導をしてもらわないといけません。しかも通常の作業員でなく、ベテランである必要があります。,
d30c62acdc62c5c962b5117bd28fb80c.bundle,跟賴潔胖胖第一次見面2,Branch,#Simple,36,あなたに指導を頼めないんですか？,
d30c62acdc62c5c962b5117bd28fb80c.bundle,跟賴潔胖胖第一次見面2,Say,シュン･ゴ,59,無理です。棚上げも専門的な知識が必要ですから。,
d30c62acdc62c5c962b5117bd28fb80c.bundle,跟賴潔胖胖第一次見面2,Say,シュン･ゴ,60,棚上げはマイナーの身の安全に関わる仕事です。プロフェッショナルからの指導を受けた方がいいと思います。,
d30c62acdc62c5c962b5117bd28fb80c.bundle,跟賴潔胖胖第一次見面2,Branch,#Simple,37,手間をかけてすみません。,
d30c62acdc62c5c962b5117bd28fb80c.bundle,跟賴潔胖胖第一次見面2,Say,シュン･ゴ,61,気にしないでください。,
d30c62acdc62c5c962b5117bd28fb80c.bundle,跟賴潔胖胖第一次見面2,Branch,#Simple,38,……,
d30c62acdc62c5c962b5117bd28fb80c.bundle,跟賴潔胖胖第一次見面2,Say,シュン･ゴ,62,それとあなたが操作組に入る可能性がある今、はっきりと伝えておくことがあります。,
d30c62acdc62c5c962b5117bd28fb80c.bundle,跟賴潔胖胖第一次見面2,Say,心の声,11,空気が引き締まった……？,
d30c62acdc62c5c962b5117bd28fb80c.bundle,跟賴潔胖胖第一次見面2,Say,シュン･ゴ,63,操作組は数年後にサイレントを閉鎖させたいと考えています。,
d30c62acdc62c5c962b5117bd28fb80c.bundle,跟賴潔胖胖第一次見面2,Say,心の声,12,なに！？,
d30c62acdc62c5c962b5117bd28fb80c.bundle,跟賴潔胖胖第一次見面2,Say,シュン･ゴ,64,つまりあなたがこの仕事に就いても、数年後にまた職を失うということです。,
d30c62acdc62c5c962b5117bd28fb80c.bundle,跟賴潔胖胖第一次見面2,Branch,#Simple,39,待ってください。どうして閉鎖を？,
d30c62acdc62c5c962b5117bd28fb80c.bundle,跟賴潔胖胖第一次見面2,Branch,#Simple,40,サイレントが閉鎖されたら、操作組の人たちも職を失うのでは……？,
d30c62acdc62c5c962b5117bd28fb80c.bundle,跟賴潔胖胖第一次見面2,Say,シュン･ゴ,65,……そうですね。,
d30c62acdc62c5c962b5117bd28fb80c.bundle,跟賴潔胖胖第一次見面2,Branch,#Simple,41,……,
d30c62acdc62c5c962b5117bd28fb80c.bundle,跟賴潔胖胖第一次見面2,Say,シュン･ゴ,66,セラーの管理者として、私たちはここの惨状を熟知しています。,
d30c62acdc62c5c962b5117bd28fb80c.bundle,跟賴潔胖胖第一次見面2,Say,シュン･ゴ,67,設備の状態を鑑みるに、ここの事故率は年々増していくと思います。,
d30c62acdc62c5c962b5117bd28fb80c.bundle,跟賴潔胖胖第一次見面2,Say,シュン･ゴ,68,だから操作組は工場閉鎖に賛成派なんです。,
d30c62acdc62c5c962b5117bd28fb80c.bundle,跟賴潔胖胖第一次見面2,Branch,#Simple,42,工場閉鎖はもう決まったんですか？,
d30c62acdc62c5c962b5117bd28fb80c.bundle,跟賴潔胖胖第一次見面2,Say,シュン･ゴ,69,いえ。上はまだ迷っているようです。,
d30c62acdc62c5c962b5117bd28fb80c.bundle,跟賴潔胖胖第一次見面2,Branch,#Simple,43,なら、どうしてこんな状況でも職員を募集しているんです？,
d30c62acdc62c5c962b5117bd28fb80c.bundle,跟賴潔胖胖第一次見面2,Say,シュン･ゴ,70,前にも言いましたが、これは私たちの意向ではなく、サイレントが決めたことです。,
d30c62acdc62c5c962b5117bd28fb80c.bundle,跟賴潔胖胖第一次見面2,Branch,#Simple,44,……,
d30c62acdc62c5c962b5117bd28fb80c.bundle,跟賴潔胖胖第一次見面2,Say,シュン･ゴ,71,私たちには工場閉鎖を決める権限はありません。,
d30c62acdc62c5c962b5117bd28fb80c.bundle,跟賴潔胖胖第一次見面2,Say,シュン･ゴ,72,でも私たちは積極的に閉鎖を推し進めます。,
d30c62acdc62c5c962b5117bd28fb80c.bundle,跟賴潔胖胖第一次見面2,Say,シュン･ゴ,73,理解しがたい状況でしょうが、これが現状です。,
d30c62acdc62c5c962b5117bd28fb80c.bundle,跟賴潔胖胖第一次見面2,Branch,#Simple,45,選別組の人たちも同じ考えですか？,
d30c62acdc62c5c962b5117bd28fb80c.bundle,跟賴潔胖胖第一次見面2,Say,シュン･ゴ,74,……,
d30c62acdc62c5c962b5117bd28fb80c.bundle,跟賴潔胖胖第一次見面2,Say,シュン･ゴ,75,真逆ですね。,
d30c62acdc62c5c962b5117bd28fb80c.bundle,跟賴潔胖胖第一次見面2,Say,シュン･ゴ,76,でも彼らの立場については、直接彼らの口から聞いた方がいいと思います。,
d30c62acdc62c5c962b5117bd28fb80c.bundle,跟賴潔胖胖第一次見面2,Say,シュン･ゴ,77,私が話すべきではありません。,
d30c62acdc62c5c962b5117bd28fb80c.bundle,跟賴潔胖胖第一次見面2,Branch,#Simple,46,どうして私にこんなことを話すんですか？,
d30c62acdc62c5c962b5117bd28fb80c.bundle,跟賴潔胖胖第一次見面2,Say,シュン･ゴ,78,情報のない状態で決断させたくないからです。,
d30c62acdc62c5c962b5117bd28fb80c.bundle,跟賴潔胖胖第一次見面2,Branch,#Simple,47,……,
d30c62acdc62c5c962b5117bd28fb80c.bundle,跟賴潔胖胖第一次見面2,Say,シュン･ゴ,79,……これで説明義務は果たせたかと思います。,
d30c62acdc62c5c962b5117bd28fb80c.bundle,跟賴潔胖胖第一次見面2,Say,シュン･ゴ,80,では研修の指導ができる作業員を探してきます。,
d30c62acdc62c5c962b5117bd28fb80c.bundle,跟賴潔胖胖第一次見面2,Say,シュン･ゴ,81,あなたはここにいてください。ジュジュやパンちゃんに話かけても構いません。,
d30c62acdc62c5c962b5117bd28fb80c.bundle,跟賴潔胖胖第一次見面2,Say,シュン･ゴ,82,準備ができたら、私に話しかけてください。,
d30c62acdc62c5c962b5117bd28fb80c.bundle,操作失誤反應區,Say,心の声,0,……！,
d30c62acdc62c5c962b5117bd28fb80c.bundle,操作失誤反應區,Say,シュン･ゴ,0,落ち着いてください、初めてなんですから。,
d30c62acdc62c5c962b5117bd28fb80c.bundle,操作失誤反應區,Say,セラ･キョウ,0,フンッ。,
d30c62acdc62c5c962b5117bd28fb80c.bundle,操作失誤反應區,Say,セラ･キョウ,1,おい！,
d30c62acdc62c5c962b5117bd28fb80c.bundle,操作失誤反應區,Say,セラ･キョウ,2,集中しろ！,
d30c62acdc62c5c962b5117bd28fb80c.bundle,操作失誤反應區,Say,心の声,1,クソッ、俺は……,
d30c62acdc62c5c962b5117bd28fb80c.bundle,操作失誤反應區,Say,セラ･キョウ,3,おいっ！何をしてんだ！,
d30c62acdc62c5c962b5117bd28fb80c.bundle,操作失誤反應區,Say,心の声,2,……やってしまった。,
d30c62acdc62c5c962b5117bd28fb80c.bundle,操作失誤反應區,Say,セラ･キョウ,4,もういい、こいつはだめだ。,
d30c62acdc62c5c962b5117bd28fb80c.bundle,操作失誤反應區,Say,セラ･キョウ,5,中止だ、中止。,
d30c62acdc62c5c962b5117bd28fb80c.bundle,操作失誤反應區,Say,シュン･ゴ,1,いいえ、最後までやらせてください。,
d30c62acdc62c5c962b5117bd28fb80c.bundle,操作失誤反應區,Say,心の声,3,シュン･ゴの顔色が悪い……,
d30c62acdc62c5c962b5117bd28fb80c.bundle,操作失誤反應區,Say,シュン･ゴ,2,……,
d30c62acdc62c5c962b5117bd28fb80c.bundle,操作失誤反應區,Say,セラ･キョウ,6,……,
d30c62acdc62c5c962b5117bd28fb80c.bundle,操作失誤反應區,Say,心の声,4,誰も口を出さなくなった……,
d30c62acdc62c5c962b5117bd28fb80c.bundle,玩家送架_第一人_第二步驟,Say,ゴルゴタ参型,0,鎮静剤注入完了。,
d30c62acdc62c5c962b5117bd28fb80c.bundle,玩家送架_第一人_第二步驟,Say,ゴルゴタ参型,1,指令を選んでください。,
d30c62acdc62c5c962b5117bd28fb80c.bundle,玩家送架_第一人_第二步驟,Branch,#Simple,0,「指令」遮断ユニットをインストールする,
d30c62acdc62c5c962b5117bd28fb80c.bundle,玩家送架_第一人_第二步驟,Say,ゴルゴタ参型,2,<y>エラー、先に準備作業を行ってください。</y>,
d30c62acdc62c5c962b5117bd28fb80c.bundle,玩家送架_第一人_第二步驟,Branch,#Simple,1,「指令」混合液を注入する,
d30c62acdc62c5c962b5117bd28fb80c.bundle,玩家送架_第一人_第二步驟,Say,ゴルゴタ参型,3,番号を選んでください。,
d30c62acdc62c5c962b5117bd28fb80c.bundle,玩家送架_第一人_第二步驟,Branch,#Simple,2,1番。,
d30c62acdc62c5c962b5117bd28fb80c.bundle,玩家送架_第一人_第二步驟,Say,ゴルゴタ参型,4,<y>エラー、この番号の混合液がありません。</y>,
d30c62acdc62c5c962b5117bd28fb80c.bundle,玩家送架_第一人_第二步驟,Branch,#Simple,3,2番。,
d30c62acdc62c5c962b5117bd28fb80c.bundle,玩家送架_第一人_第二步驟,Say,ゴルゴタ参型,5,執行中。,
d30c62acdc62c5c962b5117bd28fb80c.bundle,玩家送架_第一人_第二步驟,Branch,#Simple,4,3番。,
d30c62acdc62c5c962b5117bd28fb80c.bundle,玩家送架_第一人_第二步驟,Branch,#Simple,5,4番。,
d30c62acdc62c5c962b5117bd28fb80c.bundle,玩家送架_第一人_第二步驟,Say,ゴルゴタ参型,6,<y>エラー、この番号の混合液がありません。</y>,
d30c62acdc62c5c962b5117bd28fb80c.bundle,玩家送架_第一人_第二步驟,Branch,#Simple,6,「指令」電気を流す,
d30c62acdc62c5c962b5117bd28fb80c.bundle,玩家送架_第一人_第二步驟,Say,ゴルゴタ参型,7,<y>エラー、対象の心拍数が正常です。</y>,
d30c62acdc62c5c962b5117bd28fb80c.bundle,玩家送架_第一人_第二步驟,Branch,#Simple,7,「指令」鎮静剤を注入する,
d30c62acdc62c5c962b5117bd28fb80c.bundle,玩家送架_第一人_第二步驟,Say,ゴルゴタ参型,8,<y>エラー、対象はすでに麻酔を投与されています。</y>,
d30c62acdc62c5c962b5117bd28fb80c.bundle,玩家送架_第一人_第三步驟,Say,ゴルゴタ参型,0,混合液注入完了。,
d30c62acdc62c5c962b5117bd28fb80c.bundle,玩家送架_第一人_第三步驟,Say,ゴルゴタ参型,1,指令を選んでください。,
d30c62acdc62c5c962b5117bd28fb80c.bundle,玩家送架_第一人_第三步驟,Branch,#Simple,0,「指令」遮断ユニットをインストールする,
d30c62acdc62c5c962b5117bd28fb80c.bundle,玩家送架_第一人_第三步驟,Say,ゴルゴタ参型,2,執行中。,
d30c62acdc62c5c962b5117bd28fb80c.bundle,玩家送架_第一人_第三步驟,Branch,#Simple,1,「指令」混合液を注入する,
d30c62acdc62c5c962b5117bd28fb80c.bundle,玩家送架_第一人_第三步驟,Say,ゴルゴタ参型,3,<y>エラー、すでに注入されています。</y>,
d30c62acdc62c5c962b5117bd28fb80c.bundle,玩家送架_第一人_第三步驟,Branch,#Simple,2,「指令」電気を流す,
d30c62acdc62c5c962b5117bd28fb80c.bundle,玩家送架_第一人_第三步驟,Say,ゴルゴタ参型,4,<y>エラー、対象の心拍数が正常です。</y>,
d30c62acdc62c5c962b5117bd28fb80c.bundle,玩家送架_第一人_第三步驟,Branch,#Simple,3,「指令」鎮静剤を注入する,
d30c62acdc62c5c962b5117bd28fb80c.bundle,玩家送架_第一人_第三步驟,Say,ゴルゴタ参型,5,<y>エラー、対象はすでに麻酔を投与されています。</y>,
d30c62acdc62c5c962b5117bd28fb80c.bundle,玩家送架_第一人_第四步驟,Say,ゴルゴタ参型,0,準備作業が終わりました。棚上げ作業を始めます。,
d30c62acdc62c5c962b5117bd28fb80c.bundle,玩家送架_第一人_第四步驟,Say,ゴルゴタ参型,1,ネットワークを選んでください。,
d30c62acdc62c5c962b5117bd28fb80c.bundle,玩家送架_第一人_第四步驟,Branch,#Simple,0,T-630,
d30c62acdc62c5c962b5117bd28fb80c.bundle,玩家送架_第一人_第四步驟,Say,ゴルゴタ参型,2,確認しました。,
d30c62acdc62c5c962b5117bd28fb80c.bundle,玩家送架_第一人_第四步驟,Say,ゴルゴタ参型,3,棚上げが終わりました。,
d30c62acdc62c5c962b5117bd28fb80c.bundle,玩家送架_第一人_第四步驟,Branch,#Simple,1,C-518,
d30c62acdc62c5c962b5117bd28fb80c.bundle,玩家送架_第一人_第四步驟,Branch,#Simple,2,Y-612,
d30c62acdc62c5c962b5117bd28fb80c.bundle,玩家送架_第一人_第四步驟,Say,ゴルゴタ参型,4,<y>エラー、端子異常。正しいネットワークを選んでください。</y>,
d30c62acdc62c5c962b5117bd28fb80c.bundle,玩家送架_第一人_結束評論,Say,シュン･ゴ,0,うん、完璧でしたね。,
d30c62acdc62c5c962b5117bd28fb80c.bundle,玩家送架_第一人_結束評論,Say,シュン･ゴ,1,よくやりました。,
d30c62acdc62c5c962b5117bd28fb80c.bundle,玩家送架_第一人_結束評論,Say,セラ･キョウ,0,合格ってとこだな。,
d30c62acdc62c5c962b5117bd28fb80c.bundle,玩家送架_第一人_結束評論,Say,心の声,0,かなり暗い表情だ……,
d30c62acdc62c5c962b5117bd28fb80c.bundle,玩家送架_第一人_結束評論,Say,セラ･キョウ,1,言うことはない……,
d30c62acdc62c5c962b5117bd28fb80c.bundle,玩家送架_第一人_結束評論,Say,セラ･キョウ,2,サイレントは本当にこんなやつを選んだのか？,
d30c62acdc62c5c962b5117bd28fb80c.bundle,玩家送架_第一人_結束評論,Say,シュン･ゴ,2,……はい。,
d30c62acdc62c5c962b5117bd28fb80c.bundle,玩家送架_第一人_結束評論,Say,セラ･キョウ,3,お前は部下をもっと監督しろ。彼らのせいで偉大なるAI様がおかしくなってるぞ……,
d30c62acdc62c5c962b5117bd28fb80c.bundle,玩家送架_第一人_結束評論,Say,シュン･ゴ,3,……,
d30c62acdc62c5c962b5117bd28fb80c.bundle,玩家送架_第一人_結束評論,Say,セラ･キョウ,4,ジェイ･ダイ。お前はミスが多すぎだ。,
d30c62acdc62c5c962b5117bd28fb80c.bundle,玩家送架_第一人_結束評論,Say,セラ･キョウ,5,緊張してるのはわかるが、またミスするようなら……,
d30c62acdc62c5c962b5117bd28fb80c.bundle,玩家送架_第一人_結束評論,Say,セラ･キョウ,6,作業員になるのは諦めな。,
d30c62acdc62c5c962b5117bd28fb80c.bundle,玩家送架_第一人_結束評論,Say,心の声,1,セラが眉をひそめている。あまり良くはなかったようだ……,
d30c62acdc62c5c962b5117bd28fb80c.bundle,玩家送架_第一人_結束評論,Say,セラ･キョウ,7,ミスをかなりしてたのは見てたな？,
d30c62acdc62c5c962b5117bd28fb80c.bundle,玩家送架_第一人_結束評論,Say,シュン･ゴ,4,はい、でも……,
d30c62acdc62c5c962b5117bd28fb80c.bundle,玩家送架_第一人_結束評論,Say,セラ･キョウ,8,今回は緊張してたってことで大目に見てやる。,
d30c62acdc62c5c962b5117bd28fb80c.bundle,玩家送架_第一人_結束評論,Say,セラ･キョウ,9,だがまたミスするようなら、作業員になるのを諦めな。,
d30c62acdc62c5c962b5117bd28fb80c.bundle,玩家送架_第一人_結束評論,Say,セラ･キョウ,10,いいな？,
d30c62acdc62c5c962b5117bd28fb80c.bundle,玩家送架_第一人_結束評論,Say,シュン･ゴ,5,初めての作業で、ミスを一度に収めるとは。,
d30c62acdc62c5c962b5117bd28fb80c.bundle,玩家送架_第一人_結束評論,Say,セラ･キョウ,11,……,
d30c62acdc62c5c962b5117bd28fb80c.bundle,玩家送架_第一人_結束評論,Say,セラ･キョウ,12,初めてだから大目に見て、ぎりぎり合格にしてやる！,
d30c62acdc62c5c962b5117bd28fb80c.bundle,玩家送架_第一人_結束評論,Say,セラ･キョウ,13,続けろ。,
d30c62acdc62c5c962b5117bd28fb80c.bundle,玩家送架_第二人_第一步驟,Say,ゴルゴタ参型,0,ユニットイン。Y-612。ジョウセイ･ロ。,
d30c62acdc62c5c962b5117bd28fb80c.bundle,玩家送架_第二人_第一步驟,Say,ゴルゴタ参型,1,指令を選んでください。,
d30c62acdc62c5c962b5117bd28fb80c.bundle,玩家送架_第二人_第一步驟,Branch,#Simple,0,「指令」遮断ユニットをインストールする,
d30c62acdc62c5c962b5117bd28fb80c.bundle,玩家送架_第二人_第一步驟,Say,ゴルゴタ参型,2,<y>エラー、先に準備作業を行ってください。</y>,
d30c62acdc62c5c962b5117bd28fb80c.bundle,玩家送架_第二人_第一步驟,Branch,#Simple,1,「指令」混合液を注入する,
d30c62acdc62c5c962b5117bd28fb80c.bundle,玩家送架_第二人_第一步驟,Say,ゴルゴタ参型,3,<y>エラー、先に準備作業を行ってください。</y>,
d30c62acdc62c5c962b5117bd28fb80c.bundle,玩家送架_第二人_第一步驟,Branch,#Simple,2,「指令」電気を流す,
d30c62acdc62c5c962b5117bd28fb80c.bundle,玩家送架_第二人_第一步驟,Say,ゴルゴタ参型,4,<y>エラー、対象の心拍数が正常です。</y>,
d30c62acdc62c5c962b5117bd28fb80c.bundle,玩家送架_第二人_第一步驟,Branch,#Simple,3,「指令」鎮静剤を注入する,
d30c62acdc62c5c962b5117bd28fb80c.bundle,玩家送架_第二人_第一步驟,Say,ゴルゴタ参型,5,執行中。,
d30c62acdc62c5c962b5117bd28fb80c.bundle,玩家送架_第二人_第二步驟,Say,ゴルゴタ参型,0,鎮静剤注入完了。,
d30c62acdc62c5c962b5117bd28fb80c.bundle,玩家送架_第二人_第二步驟,Say,ゴルゴタ参型,1,指令を選んでください。,
d30c62acdc62c5c962b5117bd28fb80c.bundle,玩家送架_第二人_第二步驟,Branch,#Simple,0,「指令」遮断ユニットをインストールする,
d30c62acdc62c5c962b5117bd28fb80c.bundle,玩家送架_第二人_第二步驟,Say,ゴルゴタ参型,2,<y>エラー、先に準備作業を行ってください。</y>,
d30c62acdc62c5c962b5117bd28fb80c.bundle,玩家送架_第二人_第二步驟,Branch,#Simple,1,「指令」混合液を注入する,
d30c62acdc62c5c962b5117bd28fb80c.bundle,玩家送架_第二人_第二步驟,Say,ゴルゴタ参型,3,番号を選んでください。,
d30c62acdc62c5c962b5117bd28fb80c.bundle,玩家送架_第二人_第二步驟,Branch,#Simple,2,1番。,
d30c62acdc62c5c962b5117bd28fb80c.bundle,玩家送架_第二人_第二步驟,Say,ゴルゴタ参型,4,<y>エラー、この番号の混合液がありません。</y>,
d30c62acdc62c5c962b5117bd28fb80c.bundle,玩家送架_第二人_第二步驟,Branch,#Simple,3,2番。,
d30c62acdc62c5c962b5117bd28fb80c.bundle,玩家送架_第二人_第二步驟,Say,ゴルゴタ参型,5,執行中。,
d30c62acdc62c5c962b5117bd28fb80c.bundle,玩家送架_第二人_第二步驟,Branch,#Simple,4,3番。,
d30c62acdc62c5c962b5117bd28fb80c.bundle,玩家送架_第二人_第二步驟,Branch,#Simple,5,4番。,
d30c62acdc62c5c962b5117bd28fb80c.bundle,玩家送架_第二人_第二步驟,Say,ゴルゴタ参型,6,<y>エラー、この番号の混合液がありません。</y>,
d30c62acdc62c5c962b5117bd28fb80c.bundle,玩家送架_第二人_第二步驟,Branch,#Simple,6,「指令」電気を流す,
d30c62acdc62c5c962b5117bd28fb80c.bundle,玩家送架_第二人_第二步驟,Say,ゴルゴタ参型,7,<y>エラー、対象の心拍数が正常です。</y>,
d30c62acdc62c5c962b5117bd28fb80c.bundle,玩家送架_第二人_第二步驟,Branch,#Simple,7,「指令」鎮静剤を注入する,
d30c62acdc62c5c962b5117bd28fb80c.bundle,玩家送架_第二人_第二步驟,Say,ゴルゴタ参型,8,<y>エラー、対象はすでに麻酔を投与されています。</y>,
d30c62acdc62c5c962b5117bd28fb80c.bundle,玩家送架_第二人_第二點五步驟,Say,ゴルゴタ参型,0,混合液注入完了。,
d30c62acdc62c5c962b5117bd28fb80c.bundle,玩家送架_第二人_第二點五步驟,Say,ゴルゴタ参型,1,エラー、不整脈と極めて深刻な痙攣を検知。,
d30c62acdc62c5c962b5117bd28fb80c.bundle,玩家送架_第二人_第二點五步驟,Say,ゴルゴタ参型,2,指令を選んでください。,
d30c62acdc62c5c962b5117bd28fb80c.bundle,玩家送架_第二人_第二點五步驟,Branch,#Simple,0,「指令」遮断ユニットをインストールする,
d30c62acdc62c5c962b5117bd28fb80c.bundle,玩家送架_第二人_第二點五步驟,Say,ゴルゴタ参型,3,<y>エラー、対象に異常が起きています。</y>,
d30c62acdc62c5c962b5117bd28fb80c.bundle,玩家送架_第二人_第二點五步驟,Branch,#Simple,1,「指令」混合液を注入する,
d30c62acdc62c5c962b5117bd28fb80c.bundle,玩家送架_第二人_第二點五步驟,Say,ゴルゴタ参型,4,<y>エラー、対象に異常が起きています。</y>,
d30c62acdc62c5c962b5117bd28fb80c.bundle,玩家送架_第二人_第二點五步驟,Branch,#Simple,2,「指令」電気を流す,
d30c62acdc62c5c962b5117bd28fb80c.bundle,玩家送架_第二人_第二點五步驟,Say,ゴルゴタ参型,5,脈動を整えます。,
d30c62acdc62c5c962b5117bd28fb80c.bundle,玩家送架_第二人_第二點五步驟,Branch,#Simple,3,「指令」鎮静剤を注入する,
d30c62acdc62c5c962b5117bd28fb80c.bundle,玩家送架_第二人_第二點五步驟,Say,ゴルゴタ参型,6,<y>エラー、対象に異常が起きています。</y>,
d30c62acdc62c5c962b5117bd28fb80c.bundle,玩家送架_第二人_第三步驟,Say,ゴルゴタ参型,0,検査完了。対象の状態が安定しています。,
d30c62acdc62c5c962b5117bd28fb80c.bundle,玩家送架_第二人_第三步驟,Say,ゴルゴタ参型,1,指令を選んでください。,
d30c62acdc62c5c962b5117bd28fb80c.bundle,玩家送架_第二人_第三步驟,Branch,#Simple,0,「指令」遮断ユニットをインストールする,
d30c62acdc62c5c962b5117bd28fb80c.bundle,玩家送架_第二人_第三步驟,Say,ゴルゴタ参型,2,執行中。,
d30c62acdc62c5c962b5117bd28fb80c.bundle,玩家送架_第二人_第三步驟,Branch,#Simple,1,「指令」混合液を注入する,
d30c62acdc62c5c962b5117bd28fb80c.bundle,玩家送架_第二人_第三步驟,Say,ゴルゴタ参型,3,<y>エラー、すでに注入されています。</y>,
d30c62acdc62c5c962b5117bd28fb80c.bundle,玩家送架_第二人_第三步驟,Branch,#Simple,2,「指令」電気を流す,
d30c62acdc62c5c962b5117bd28fb80c.bundle,玩家送架_第二人_第三步驟,Say,ゴルゴタ参型,4,<y>エラー、対象の心拍数が正常です。</y>,
d30c62acdc62c5c962b5117bd28fb80c.bundle,玩家送架_第二人_第三步驟,Branch,#Simple,3,「指令」鎮静剤を注入する,
d30c62acdc62c5c962b5117bd28fb80c.bundle,玩家送架_第二人_第三步驟,Say,ゴルゴタ参型,5,<y>エラー、対象はすでに麻酔を投与されています。</y>,
d30c62acdc62c5c962b5117bd28fb80c.bundle,玩家送架_第二人_第四步驟,Say,ゴルゴタ参型,0,準備作業が終わりました。棚上げ作業を始めます。,
d30c62acdc62c5c962b5117bd28fb80c.bundle,玩家送架_第二人_第四步驟,Say,ゴルゴタ参型,1,ネットワークを選んでください。,
d30c62acdc62c5c962b5117bd28fb80c.bundle,玩家送架_第二人_第四步驟,Branch,#Simple,0,T-630,
d30c62acdc62c5c962b5117bd28fb80c.bundle,玩家送架_第二人_第四步驟,Branch,#Simple,1,C-518,
d30c62acdc62c5c962b5117bd28fb80c.bundle,玩家送架_第二人_第四步驟,Say,ゴルゴタ参型,2,<y>エラー、端子異常。正しいネットワークを選んでください。</y>,
d30c62acdc62c5c962b5117bd28fb80c.bundle,玩家送架_第二人_第四步驟,Branch,#Simple,2,Y-612,
d30c62acdc62c5c962b5117bd28fb80c.bundle,玩家送架_第二人_第四步驟,Say,ゴルゴタ参型,3,確認しました。,
d30c62acdc62c5c962b5117bd28fb80c.bundle,玩家送架_第二人_第四步驟,Say,ゴルゴタ参型,4,棚上げが終わりました。,
d30c62acdc62c5c962b5117bd28fb80c.bundle,玩家送架_第二人_結束評論,Say,シヘイ･ヨウ,0,へえ、順調じゃん！,
d30c62acdc62c5c962b5117bd28fb80c.bundle,玩家送架_第二人_結束評論,Say,セラ･キョウ,0,黙ってろ。,
d30c62acdc62c5c962b5117bd28fb80c.bundle,玩家送架_第二人_結束評論,Say,シヘイ･ヨウ,1,でも一度もミスしてませんでしたよ。,
d30c62acdc62c5c962b5117bd28fb80c.bundle,玩家送架_第二人_結束評論,Say,セラ･キョウ,1,皆が皆、お前みたいに下手じゃないんだ。,
d30c62acdc62c5c962b5117bd28fb80c.bundle,玩家送架_第二人_結束評論,Say,セラ･キョウ,2,その調子で続けろ。,
d30c62acdc62c5c962b5117bd28fb80c.bundle,玩家送架_第二人_結束評論,Say,心の声,0,シュン･ゴが頷いてる。上手くいってるようだ……,
d30c62acdc62c5c962b5117bd28fb80c.bundle,玩家送架_第二人_結束評論,Say,セラ･キョウ,3,慣れたようだな。,
d30c62acdc62c5c962b5117bd28fb80c.bundle,玩家送架_第二人_結束評論,Say,セラ･キョウ,4,一回目みたいなミスはなかったな。,
d30c62acdc62c5c962b5117bd28fb80c.bundle,玩家送架_第二人_結束評論,Say,セラ･キョウ,5,さっきは問題なかったはずだ。,
d30c62acdc62c5c962b5117bd28fb80c.bundle,玩家送架_第二人_結束評論,Say,セラ･キョウ,6,なぜ急にミスをした。,
d30c62acdc62c5c962b5117bd28fb80c.bundle,玩家送架_第二人_結束評論,Say,セラ･キョウ,7,間違いなくこいつは無理だ。,
d30c62acdc62c5c962b5117bd28fb80c.bundle,玩家送架_第二人_結束評論,Say,シュン･ゴ,0,……流れ通り、最後の二人もやらせてください。,
d30c62acdc62c5c962b5117bd28fb80c.bundle,玩家送架_第二人_結束評論,Say,セラ･キョウ,8,わかったよ。時間の無駄だと思うがな。,
d30c62acdc62c5c962b5117bd28fb80c.bundle,玩家送架_第二人_結束評論,Say,セラ･キョウ,9,シュン･ゴ、こいつは使えない。,
d30c62acdc62c5c962b5117bd28fb80c.bundle,玩家送架_第二人_結束評論,Say,シュン･ゴ,1,……最後の二人までやらせてください。,
d30c62acdc62c5c962b5117bd28fb80c.bundle,玩家送架_第二人_結束評論,Say,セラ･キョウ,10,連続でミスしやがった……,
d30c62acdc62c5c962b5117bd28fb80c.bundle,玩家送架_第二人_結束評論,Say,シュン･ゴ,2,まだ許容範囲内です。続けさせてください。,
d30c62acdc62c5c962b5117bd28fb80c.bundle,玩家送架_第二人_結束評論,Say,セラ･キョウ,11,フンッ、わかったよ。,
d30c62acdc62c5c962b5117bd28fb80c.bundle,玩家送架_第二人_結束評論,Say,セラ･キョウ,12,続けろ。,
d30c62acdc62c5c962b5117bd28fb80c.bundle,最後故障前送架,Say,心の声,0,この人は……,
d30c62acdc62c5c962b5117bd28fb80c.bundle,最後故障前送架,Say,心の声,1,リクエン･テイ。,
d30c62acdc62c5c962b5117bd28fb80c.bundle,最後故障前送架,Say,心の声,2,ん？,
d30c62acdc62c5c962b5117bd28fb80c.bundle,最後故障前送架,Say,心の声,3,彼の次がハン･リュウか……,
d30c62acdc62c5c962b5117bd28fb80c.bundle,最後故障前送架,Say,ゴルゴタ参型,0,ユニットイン。T-630。リクエン･テイ。,
d30c62acdc62c5c962b5117bd28fb80c.bundle,最後故障前送架,Say,ゴルゴタ参型,1,指令を選んでください。,
d30c62acdc62c5c962b5117bd28fb80c.bundle,最後故障前送架,Branch,#Simple,0,「指令」遮断ユニットをインストールする,
d30c62acdc62c5c962b5117bd28fb80c.bundle,最後故障前送架,Branch,#Simple,1,「指令」混合液を注入する,
d30c62acdc62c5c962b5117bd28fb80c.bundle,最後故障前送架,Branch,#Simple,2,「指令」電気を流す,
d30c62acdc62c5c962b5117bd28fb80c.bundle,最後故障前送架,Branch,#Simple,3,「指令」鎮静剤を注入する,
d30c62acdc62c5c962b5117bd28fb80c.bundle,最後故障前送架,Say,ゴルゴタ参型,2,*$&)@(#$*&$@*_()@$,
d30c62acdc62c5c962b5117bd28fb80c.bundle,上車開出去一下以後2,Say,シヘイ･ヨウ,0,遅いな……,
d30c62acdc62c5c962b5117bd28fb80c.bundle,上車開出去一下以後2,Say,パン･ロウ,0,頑張ってるから静かにして。,
d30c62acdc62c5c962b5117bd28fb80c.bundle,上車開出去一下以後2,Say,シヘイ･ヨウ,1,……,
d30c62acdc62c5c962b5117bd28fb80c.bundle,上車開出去一下以後2,Say,シヘイ･ヨウ,2,……,
d30c62acdc62c5c962b5117bd28fb80c.bundle,上車開出去一下以後2,Say,シヘイ･ヨウ,3,ねえ、あのマイナー助かるのかな。,
d30c62acdc62c5c962b5117bd28fb80c.bundle,上車開出去一下以後2,Say,パン･ロウ,1,絶対に助かるよ。,
d30c62acdc62c5c962b5117bd28fb80c.bundle,上車開出去一下以後2,Say,シヘイ･ヨウ,4,ジェイはどう思う？,
d30c62acdc62c5c962b5117bd28fb80c.bundle,上車開出去一下以後2,Branch,#Simple,0,大丈夫だと思います。,
d30c62acdc62c5c962b5117bd28fb80c.bundle,上車開出去一下以後2,Say,シヘイ･ヨウ,5,そうだといいな。,
d30c62acdc62c5c962b5117bd28fb80c.bundle,上車開出去一下以後2,Branch,#Simple,1,多分、難しいでしょう。,
d30c62acdc62c5c962b5117bd28fb80c.bundle,上車開出去一下以後2,Say,シヘイ･ヨウ,6,……,
d30c62acdc62c5c962b5117bd28fb80c.bundle,上車開出去一下以後2,Say,パン･ロウ,2,シヘイ、今はそっとしてあげなよ。,
d30c62acdc62c5c962b5117bd28fb80c.bundle,上車開出去一下以後2,Say,シヘイ･ヨウ,7,ああ、ごめんごめん！,
d30c62acdc62c5c962b5117bd28fb80c.bundle,上車開出去一下以後2,Say,シヘイ･ヨウ,8,……,
d30c62acdc62c5c962b5117bd28fb80c.bundle,上車開出去一下以後2,Say,シヘイ･ヨウ,9,……,
d30c62acdc62c5c962b5117bd28fb80c.bundle,上車開出去一下以後2,Say,シヘイ･ヨウ,10,何でレバーを引けたの？怖くなかった？,
d30c62acdc62c5c962b5117bd28fb80c.bundle,上車開出去一下以後2,Say,パン･ロウ,3,シヘイ！,
d30c62acdc62c5c962b5117bd28fb80c.bundle,上車開出去一下以後2,Say,シヘイ･ヨウ,11,ごめん、その……,
d30c62acdc62c5c962b5117bd28fb80c.bundle,上車開出去一下以後2,Say,シヘイ･ヨウ,12,言いたくないなら、今のは無視してください……,
d30c62acdc62c5c962b5117bd28fb80c.bundle,上車開出去一下以後2,Branch,#Simple,2,いいえ、大丈夫です。,
d30c62acdc62c5c962b5117bd28fb80c.bundle,上車開出去一下以後2,Say,シヘイ･ヨウ,13,……うん。,
d30c62acdc62c5c962b5117bd28fb80c.bundle,上車開出去一下以後2,Branch,#Simple,3,正しいことをしたまでです。,
d30c62acdc62c5c962b5117bd28fb80c.bundle,上車開出去一下以後2,Say,シヘイ･ヨウ,14,そんなことを言われると、耳が痛いな。,
d30c62acdc62c5c962b5117bd28fb80c.bundle,上車開出去一下以後2,Say,シヘイ･ヨウ,15,僕たちみたいに躊躇する人がみんなクズだと言われてるように聞こえちゃう……,
d30c62acdc62c5c962b5117bd28fb80c.bundle,上車開出去一下以後2,Branch,#Simple,4,そういうつもりはありません。,
d30c62acdc62c5c962b5117bd28fb80c.bundle,上車開出去一下以後2,Say,シヘイ･ヨウ,16,それはわかってるけどさ、ハハ。,
d30c62acdc62c5c962b5117bd28fb80c.bundle,上車開出去一下以後2,Branch,#Simple,5,自分のためだけに、他人の命を無下にする人はクズかもしれません。,
d30c62acdc62c5c962b5117bd28fb80c.bundle,上車開出去一下以後2,Say,シヘイ･ヨウ,17,……,
d30c62acdc62c5c962b5117bd28fb80c.bundle,上車開出去一下以後2,Say,シヘイ･ヨウ,18,……,
d30c62acdc62c5c962b5117bd28fb80c.bundle,上車開出去一下以後2,Say,シヘイ･ヨウ,19,そうかもね……,
d30c62acdc62c5c962b5117bd28fb80c.bundle,上車開出去一下以後2,Say,心の声,0,かなり落ち込んでしまったようだ……,
d30c62acdc62c5c962b5117bd28fb80c.bundle,上車開出去一下以後2,Branch,#Simple,6,……,
d30c62acdc62c5c962b5117bd28fb80c.bundle,上車開出去一下以後2,Say,パン･ロウ,4,今はそういう話をやめよう！,
d30c62acdc62c5c962b5117bd28fb80c.bundle,上車開出去一下以後2,Branch,#Simple,7,あの場で引かなかったら、あの人に申し訳ないから。,
d30c62acdc62c5c962b5117bd28fb80c.bundle,上車開出去一下以後2,Say,シヘイ･ヨウ,20,マイナーに？,
d30c62acdc62c5c962b5117bd28fb80c.bundle,上車開出去一下以後2,Say,シヘイ･ヨウ,21,まあ、そうね……,
d30c62acdc62c5c962b5117bd28fb80c.bundle,上車開出去一下以後2,Say,シヘイ･ヨウ,22,彼にだって家族がいるわけだしね。,
d30c62acdc62c5c962b5117bd28fb80c.bundle,上車開出去一下以後2,Say,シヘイ･ヨウ,23,君は勇敢だよ……,
d30c62acdc62c5c962b5117bd28fb80c.bundle,上車開出去一下以後2,Branch,#Simple,8,私に家族はいません。彼女がいるだけです。,
d30c62acdc62c5c962b5117bd28fb80c.bundle,上車開出去一下以後2,Say,シヘイ･ヨウ,24,結婚してないの？,
d30c62acdc62c5c962b5117bd28fb80c.bundle,上車開出去一下以後2,Branch,#Simple,9,まだしてません。,
d30c62acdc62c5c962b5117bd28fb80c.bundle,上車開出去一下以後2,Say,シヘイ･ヨウ,25,まだってことは、そろそろ？,
d30c62acdc62c5c962b5117bd28fb80c.bundle,上車開出去一下以後2,Branch,#Simple,10,していません。,
d30c62acdc62c5c962b5117bd28fb80c.bundle,上車開出去一下以後2,Say,パン･ロウ,5,もしかしたら、今回の件で結婚できなくなるかもしれないな。,
d30c62acdc62c5c962b5117bd28fb80c.bundle,上車開出去一下以後2,Say,パン･ロウ,6,多額の借金を抱えたやつと結婚したい人なんてそうそういないからね。,
d30c62acdc62c5c962b5117bd28fb80c.bundle,上車開出去一下以後2,Say,シヘイ･ヨウ,26,パンちゃん！君、僕より酷いこと言ってるよ！,
d30c62acdc62c5c962b5117bd28fb80c.bundle,上車開出去一下以後2,Say,パン･ロウ,7,そ、そうだったね……,
d30c62acdc62c5c962b5117bd28fb80c.bundle,上車開出去一下以後2,Say,パン･ロウ,8,ごめん、ジェイ。,
d30c62acdc62c5c962b5117bd28fb80c.bundle,上車開出去一下以後2,Branch,#Simple,11,いいえ。,
d30c62acdc62c5c962b5117bd28fb80c.bundle,上車開出去一下以後2,Say,パン･ロウ,9,うん、ほんとごめん……,
d30c62acdc62c5c962b5117bd28fb80c.bundle,上車開出去一下以後2,Branch,#Simple,12,……,
d30c62acdc62c5c962b5117bd28fb80c.bundle,上車開出去一下以後2,Say,パン･ロウ,10,……,
d30c62acdc62c5c962b5117bd28fb80c.bundle,上車開出去一下以後2,Branch,#Simple,13,それについてはあまり話したくありません。,
d30c62acdc62c5c962b5117bd28fb80c.bundle,上車開出去一下以後2,Say,シヘイ･ヨウ,27,そ、そうだよね……,
d30c62acdc62c5c962b5117bd28fb80c.bundle,上車開出去一下以後2,Say,シヘイ･ヨウ,28,ごめんね……,
d30c62acdc62c5c962b5117bd28fb80c.bundle,上車開出去一下以後2,Branch,#Simple,14,……,
d30c62acdc62c5c962b5117bd28fb80c.bundle,上車開出去一下以後2,Say,シヘイ･ヨウ,29,……,
d30c62acdc62c5c962b5117bd28fb80c.bundle,上車開出去一下以後2,Say,シヘイ･ヨウ,30,……,
d30c62acdc62c5c962b5117bd28fb80c.bundle,上車開出去一下以後2,Say,シヘイ･ヨウ,31,……,
d30c62acdc62c5c962b5117bd28fb80c.bundle,上車開出去一下以後2,Say,シヘイ･ヨウ,32,後悔してる？,
d30c62acdc62c5c962b5117bd28fb80c.bundle,上車開出去一下以後2,Branch,#Simple,15,なにがですか？,
d30c62acdc62c5c962b5117bd28fb80c.bundle,上車開出去一下以後2,Branch,#Simple,16,後悔するようなことはしていません。,
d30c62acdc62c5c962b5117bd28fb80c.bundle,上車開出去一下以後2,Say,シヘイ･ヨウ,33,緊急レバーを引かなかったことに、後悔はない？,
d30c62acdc62c5c962b5117bd28fb80c.bundle,上車開出去一下以後2,Branch,#Simple,17,はい。自分の人生を賭けてまでレバーを引けません。,
d30c62acdc62c5c962b5117bd28fb80c.bundle,上車開出去一下以後2,Branch,#Simple,18,少し後悔してます。,
d30c62acdc62c5c962b5117bd28fb80c.bundle,上車開出去一下以後2,Branch,#Simple,19,いいえ。自分の人生を賭けてまでレバーを引けません。,
d30c62acdc62c5c962b5117bd28fb80c.bundle,上車開出去一下以後2,Say,シヘイ･ヨウ,34,そうか……,
d30c62acdc62c5c962b5117bd28fb80c.bundle,上車開出去一下以後2,Say,シヘイ･ヨウ,35,でもレバーを引いたら、もしかしたら……,
d30c62acdc62c5c962b5117bd28fb80c.bundle,上車開出去一下以後2,Branch,#Simple,20,責めているのか？,
d30c62acdc62c5c962b5117bd28fb80c.bundle,上車開出去一下以後2,Say,シヘイ･ヨウ,36,い、いや、そんなつもりは……,
d30c62acdc62c5c962b5117bd28fb80c.bundle,上車開出去一下以後2,Branch,#Simple,21,一生を掛けても返せない借金を背負うつもりはない。,
d30c62acdc62c5c962b5117bd28fb80c.bundle,上車開出去一下以後2,Say,シヘイ･ヨウ,37,そ、そうだよね……,
d30c62acdc62c5c962b5117bd28fb80c.bundle,上車開出去一下以後2,Branch,#Simple,22,……,
d30c62acdc62c5c962b5117bd28fb80c.bundle,上車開出去一下以後2,Branch,#Simple,23,少し後悔してます。,
d30c62acdc62c5c962b5117bd28fb80c.bundle,上車開出去一下以後2,Say,シヘイ･ヨウ,38,やっぱりそう思っちゃうよね……,
d30c62acdc62c5c962b5117bd28fb80c.bundle,上車開出去一下以後2,Say,シヘイ･ヨウ,39,僕にもいずれ、こんな日が来るんじゃないかって思ってるんだ。でも自分はどうするべきか、まだ決まってないんだ……,
d30c62acdc62c5c962b5117bd28fb80c.bundle,上車開出去一下以後2,Say,心の声,1,僕は……,
d30c62acdc62c5c962b5117bd28fb80c.bundle,上車開出去一下以後2,Say,パン･ロウ,11,いいから、それくらいにしときな。,
d30c62acdc62c5c962b5117bd28fb80c.bundle,上車開出去一下以後2,Say,シヘイ･ヨウ,40,う、うん……,
d30c62acdc62c5c962b5117bd28fb80c.bundle,上車開出去一下以後2,Say,パン･ロウ,12,……,
d30c62acdc62c5c962b5117bd28fb80c.bundle,上車開出去一下以後2,Say,パン･ロウ,13,よっし、終わった！,
d30c62acdc62c5c962b5117bd28fb80c.bundle,上車開出去一下以後2,Say,シヘイ･ヨウ,41,やった！,
d30c62acdc62c5c962b5117bd28fb80c.bundle,上車開出去一下以後2,Say,パン･ロウ,14,出発、出発！,
d30c62acdc62c5c962b5117bd28fb80c.bundle,操作組結束回篩選組,Say,イエホン･キュウ,0,ええ！？,
d30c62acdc62c5c962b5117bd28fb80c.bundle,操作組結束回篩選組,Say,イエホン･キュウ,1,ジェイの帰還だ！,
d30c62acdc62c5c962b5117bd28fb80c.bundle,操作組結束回篩選組,Say,シンホン･ゴ,0,おお！,
d30c62acdc62c5c962b5117bd28fb80c.bundle,操作組結束回篩選組,Say,イエホン･キュウ,2,どうだった？操作組のやつは皆、クズだったろう？,
d30c62acdc62c5c962b5117bd28fb80c.bundle,操作組結束回篩選組,Branch,#Simple,0,そんなことなかったです。,
d30c62acdc62c5c962b5117bd28fb80c.bundle,操作組結束回篩選組,Branch,#Simple,1,良い人たちでした。,
d30c62acdc62c5c962b5117bd28fb80c.bundle,操作組結束回篩選組,Say,イエホン･キュウ,3,でも偉そうじゃなかった？,
d30c62acdc62c5c962b5117bd28fb80c.bundle,操作組結束回篩選組,Say,イエホン･キュウ,4,例えば……,
d30c62acdc62c5c962b5117bd28fb80c.bundle,操作組結束回篩選組,Say,シンホン･ゴ,1,お前ら素人は……とか。,
d30c62acdc62c5c962b5117bd28fb80c.bundle,操作組結束回篩選組,Say,イエホン･キュウ,5,選別組の仕事は誰でもできる、とか。,
d30c62acdc62c5c962b5117bd28fb80c.bundle,操作組結束回篩選組,Say,心の声,0,確かに言ってたな……,
d30c62acdc62c5c962b5117bd28fb80c.bundle,操作組結束回篩選組,Branch,#Simple,2,話すのが大変でした。,
d30c62acdc62c5c962b5117bd28fb80c.bundle,操作組結束回篩選組,Branch,#Simple,3,確かにクズでした。,
d30c62acdc62c5c962b5117bd28fb80c.bundle,操作組結束回篩選組,Say,イエホン･キュウ,6,だろう？,
d30c62acdc62c5c962b5117bd28fb80c.bundle,操作組結束回篩選組,Say,イエホン･キュウ,7,嫌な陰口ばっかり言ってたでしょ？,
d30c62acdc62c5c962b5117bd28fb80c.bundle,操作組結束回篩選組,Say,シンホン･ゴ,2,操作組って実際はどんな感じなんだ？,
d30c62acdc62c5c962b5117bd28fb80c.bundle,操作組結束回篩選組,Branch,#Simple,4,どういう意味ですか？,
d30c62acdc62c5c962b5117bd28fb80c.bundle,操作組結束回篩選組,Branch,#Simple,5,操作組のどこの話ですか？,
d30c62acdc62c5c962b5117bd28fb80c.bundle,操作組結束回篩選組,Say,シンホン･ゴ,3,オフィスだよ。,
d30c62acdc62c5c962b5117bd28fb80c.bundle,操作組結束回篩選組,Branch,#Simple,6,……,
d30c62acdc62c5c962b5117bd28fb80c.bundle,操作組結束回篩選組,Say,シンホン･ゴ,4,俺は一度も行ったことないし、写真でも見たことない。,
d30c62acdc62c5c962b5117bd28fb80c.bundle,操作組結束回篩選組,Say,イエホン･キュウ,8,だよね。全然知らない場所だよ。,
d30c62acdc62c5c962b5117bd28fb80c.bundle,操作組結束回篩選組,Say,シンカ･シェ,0,え？私ちゃんと説明したと思いますけど？,
d30c62acdc62c5c962b5117bd28fb80c.bundle,操作組結束回篩選組,Say,イエホン･キュウ,9,いや、その……シンカちゃんの説明じゃいまいちわかんなくて……,
d30c62acdc62c5c962b5117bd28fb80c.bundle,操作組結束回篩選組,Say,シンカ･シェ,1,そんな！？,
d30c62acdc62c5c962b5117bd28fb80c.bundle,操作組結束回篩選組,Say,シンカ･シェ,2,ちゃんと説明したのに！,
d30c62acdc62c5c962b5117bd28fb80c.bundle,操作組結束回篩選組,Say,イエホン･キュウ,10,暗くて、不気味で。,
d30c62acdc62c5c962b5117bd28fb80c.bundle,操作組結束回篩選組,Say,シンホン･ゴ,5,モニターがいっぱいで。,
d30c62acdc62c5c962b5117bd28fb80c.bundle,操作組結束回篩選組,Say,イエホン･キュウ,11,そんなじゃ何もわかんないよ！,
d30c62acdc62c5c962b5117bd28fb80c.bundle,操作組結束回篩選組,Say,シンカ･シェ,3,だ、だって本当にそんな感じですし！,
d30c62acdc62c5c962b5117bd28fb80c.bundle,操作組結束回篩選組,Say,イエホン･キュウ,12,さあさあ、ジェイさん。どんな場所か教えてちょうだいよ。,
d30c62acdc62c5c962b5117bd28fb80c.bundle,操作組結束回篩選組,Branch,#Simple,7,青い光を放ってる。,
d30c62acdc62c5c962b5117bd28fb80c.bundle,操作組結束回篩選組,Say,イエホン･キュウ,13,……,
d30c62acdc62c5c962b5117bd28fb80c.bundle,操作組結束回篩選組,Say,シンホン･ゴ,6,……,
d30c62acdc62c5c962b5117bd28fb80c.bundle,操作組結束回篩選組,Say,イエホン･キュウ,14,はいはい、もう結構です！,
d30c62acdc62c5c962b5117bd28fb80c.bundle,操作組結束回篩選組,Say,イエホン･キュウ,15,聞かなかったことにしよう……,
d30c62acdc62c5c962b5117bd28fb80c.bundle,操作組結束回篩選組,Say,イエホン･キュウ,16,まさかシンカちゃんと同等の語彙力だったとは。,
d30c62acdc62c5c962b5117bd28fb80c.bundle,操作組結束回篩選組,Say,シンカ･シェ,4,ちょっと失礼ですよ！,
d30c62acdc62c5c962b5117bd28fb80c.bundle,操作組結束回篩選組,Branch,#Simple,8,天井がかなり高いです。,
d30c62acdc62c5c962b5117bd28fb80c.bundle,操作組結束回篩選組,Say,シンホン･ゴ,7,へえ、金かかってそうだね。,
d30c62acdc62c5c962b5117bd28fb80c.bundle,操作組結束回篩選組,Say,イエホン･キュウ,17,うちらの負けだね。うちの天井低いもん。,
d30c62acdc62c5c962b5117bd28fb80c.bundle,操作組結束回篩選組,Say,イエホン･キュウ,18,それで？,
d30c62acdc62c5c962b5117bd28fb80c.bundle,操作組結束回篩選組,Branch,#Simple,9,棚上げの制御室に上がるエレベーターがありました。,
d30c62acdc62c5c962b5117bd28fb80c.bundle,操作組結束回篩選組,Say,イエホン･キュウ,19,オフィスの中に？,
d30c62acdc62c5c962b5117bd28fb80c.bundle,操作組結束回篩選組,Say,シンホン･ゴ,8,かっこいいな。,
d30c62acdc62c5c962b5117bd28fb80c.bundle,操作組結束回篩選組,Say,シンホン･ゴ,9,他は？,
d30c62acdc62c5c962b5117bd28fb80c.bundle,操作組結束回篩選組,Branch,#Simple,10,大きなガラスにモニターを表示させられます。,
d30c62acdc62c5c962b5117bd28fb80c.bundle,操作組結束回篩選組,Say,イエホン･キュウ,20,そんなのがあるの！？,
d30c62acdc62c5c962b5117bd28fb80c.bundle,操作組結束回篩選組,Say,シンホン･ゴ,10,大きいってどれくらいだ？,
d30c62acdc62c5c962b5117bd28fb80c.bundle,操作組結束回篩選組,Branch,#Simple,11,さあ、測ったわけじゃないですし。,
d30c62acdc62c5c962b5117bd28fb80c.bundle,操作組結束回篩選組,Say,シンホン･ゴ,11,それもそうか。,
d30c62acdc62c5c962b5117bd28fb80c.bundle,操作組結束回篩選組,Branch,#Simple,12,オフィスデスクが六、七個くらいの大きさでしたね。,
d30c62acdc62c5c962b5117bd28fb80c.bundle,操作組結束回篩選組,Say,イエホン･キュウ,21,でっかっ！,
d30c62acdc62c5c962b5117bd28fb80c.bundle,操作組結束回篩選組,Say,シンホン･ゴ,12,そんなの絶対に高いだろ……,
d30c62acdc62c5c962b5117bd28fb80c.bundle,操作組結束回篩選組,Say,イエホン･キュウ,22,それだけ？,
d30c62acdc62c5c962b5117bd28fb80c.bundle,操作組結束回篩選組,Branch,#Simple,13,以上ですね。,
d30c62acdc62c5c962b5117bd28fb80c.bundle,操作組結束回篩選組,Say,イエホン･キュウ,23,へえ？情報少ないな。,
d30c62acdc62c5c962b5117bd28fb80c.bundle,操作組結束回篩選組,Say,イエホン･キュウ,24,つまんな～い。,
d30c62acdc62c5c962b5117bd28fb80c.bundle,操作組結束回篩選組,Say,シンホン･ゴ,13,へえ……,
d30c62acdc62c5c962b5117bd28fb80c.bundle,操作組結束回篩選組,Say,イエホン･キュウ,25,聞いても想像できないな。,
d30c62acdc62c5c962b5117bd28fb80c.bundle,操作組結束回篩選組,Say,イエホン･キュウ,26,とりあえず、うちらみたいな平凡なオフィスとは全然違うみたいだね。,
d30c62acdc62c5c962b5117bd28fb80c.bundle,操作組結束回篩選組,Say,タイミン･ソウ,0,もうそれくらいにしてください。,
d30c62acdc62c5c962b5117bd28fb80c.bundle,操作組結束回篩選組,Say,イエホン･キュウ,27,なんだよ。タイミンは操作組に興味がないのか？,
d30c62acdc62c5c962b5117bd28fb80c.bundle,操作組結束回篩選組,Say,タイミン･ソウ,1,ジェイは観光ではなくて、研修をしに行ったんです。,
d30c62acdc62c5c962b5117bd28fb80c.bundle,操作組結束回篩選組,Say,イエホン･キュウ,28,それもそうか！,
d30c62acdc62c5c962b5117bd28fb80c.bundle,操作組結束回篩選組,Say,イエホン･キュウ,29,じゃあ、操作組で何か起きなかった？,
d30c62acdc62c5c962b5117bd28fb80c.bundle,操作組結束回篩選組,Say,タイミン･ソウ,2,人の話を……,
d30c62acdc62c5c962b5117bd28fb80c.bundle,操作組結束回篩選組,Branch,#Simple,14,かなり大きな事故が起きました。,
d30c62acdc62c5c962b5117bd28fb80c.bundle,操作組結束回篩選組,Say,イエホン･キュウ,30,事故？,
d30c62acdc62c5c962b5117bd28fb80c.bundle,操作組結束回篩選組,Branch,#Simple,15,セラー全体が故障し、マイナーに怪我人が出ました。,
d30c62acdc62c5c962b5117bd28fb80c.bundle,操作組結束回篩選組,Say,シンホン･ゴ,14,……大変そうだな。,
d30c62acdc62c5c962b5117bd28fb80c.bundle,操作組結束回篩選組,Branch,#Simple,16,私が棚上げの作業をしてた時にマシンが急に暴走しました。,
d30c62acdc62c5c962b5117bd28fb80c.bundle,操作組結束回篩選組,Say,シンホン･ゴ,15,……大変だったな。,
d30c62acdc62c5c962b5117bd28fb80c.bundle,操作組結束回篩選組,Say,シンホン･ゴ,16,怪我人は出たのか？,
d30c62acdc62c5c962b5117bd28fb80c.bundle,操作組結束回篩選組,Branch,#Simple,17,はい。でも人数まではわかりません。,
d30c62acdc62c5c962b5117bd28fb80c.bundle,操作組結束回篩選組,Say,シンホン･ゴ,17,まじかよ。,
d30c62acdc62c5c962b5117bd28fb80c.bundle,操作組結束回篩選組,Branch,#Simple,18,わかりません。,
d30c62acdc62c5c962b5117bd28fb80c.bundle,操作組結束回篩選組,Branch,#Simple,19,設備が故障しました。,
d30c62acdc62c5c962b5117bd28fb80c.bundle,操作組結束回篩選組,Say,イエホン･キュウ,31,……,
d30c62acdc62c5c962b5117bd28fb80c.bundle,操作組結束回篩選組,Say,イエホン･キュウ,32,やっぱあいつら、ちゃんと仕事してないじゃん……,
d30c62acdc62c5c962b5117bd28fb80c.bundle,操作組結束回篩選組,Say,シンホン･ゴ,18,そうだよ。昨日のあの襲撃者も家族がセラーの事故で亡くなったから……,
d30c62acdc62c5c962b5117bd28fb80c.bundle,操作組結束回篩選組,Branch,#Simple,20,待ってください。彼らの仕事の問題だと思ってるんですか？,
d30c62acdc62c5c962b5117bd28fb80c.bundle,操作組結束回篩選組,Say,イエホン･キュウ,33,当たり前だろ？,
d30c62acdc62c5c962b5117bd28fb80c.bundle,操作組結束回篩選組,Say,イエホン･キュウ,34,彼らの仕事はセラーのメンテナンスなのに、セラーで頻繁に事故が起きるのはおかしいじゃないか！,
d30c62acdc62c5c962b5117bd28fb80c.bundle,操作組結束回篩選組,Say,シンホン･ゴ,19,なんだ？逆にセラーで頻繁に起こる事故は誰のせいだと思ってるんだ？,
d30c62acdc62c5c962b5117bd28fb80c.bundle,操作組結束回篩選組,Branch,#Simple,21,彼らの問題ではないと思います。,
d30c62acdc62c5c962b5117bd28fb80c.bundle,操作組結束回篩選組,Say,イエホン･キュウ,35,えっ？,
d30c62acdc62c5c962b5117bd28fb80c.bundle,操作組結束回篩選組,Say,シンホン･ゴ,20,どうしてそう思うんだ？,
d30c62acdc62c5c962b5117bd28fb80c.bundle,操作組結束回篩選組,Branch,#Simple,22,彼らにはセラーをメンテナンスできるほどの経費がありません。,
d30c62acdc62c5c962b5117bd28fb80c.bundle,操作組結束回篩選組,Branch,#Simple,23,上層部がお金を出してくれないからだと言ってました。,
d30c62acdc62c5c962b5117bd28fb80c.bundle,操作組結束回篩選組,Say,シンホン･ゴ,21,ハハハ、本当にそんなこと言ってるのかよ……,
d30c62acdc62c5c962b5117bd28fb80c.bundle,操作組結束回篩選組,Say,心の声,1,……？,
d30c62acdc62c5c962b5117bd28fb80c.bundle,操作組結束回篩選組,Say,イエホン･キュウ,36,あのね、操作組の給料は全工場で一番なんだ。予算は全部彼らの懐に入ってるだけなんだよ。,
d30c62acdc62c5c962b5117bd28fb80c.bundle,操作組結束回篩選組,Say,タイミン･ソウ,3,……ジェイ、給料のことはわかってましたか？,
d30c62acdc62c5c962b5117bd28fb80c.bundle,操作組結束回篩選組,Branch,#Simple,24,それとこれとは別の話だと思います。,
d30c62acdc62c5c962b5117bd28fb80c.bundle,操作組結束回篩選組,Say,タイミン･ソウ,4,そうかもしれませんが、でも各組の総予算は固定だったんです。,
d30c62acdc62c5c962b5117bd28fb80c.bundle,操作組結束回篩選組,Branch,#Simple,25,知りませんでした。,
d30c62acdc62c5c962b5117bd28fb80c.bundle,操作組結束回篩選組,Say,タイミン･ソウ,5,じゃ、説明します。,
d30c62acdc62c5c962b5117bd28fb80c.bundle,操作組結束回篩選組,Branch,#Simple,26,彼らの給料が修理予算と何か関係があるんですか？,
d30c62acdc62c5c962b5117bd28fb80c.bundle,操作組結束回篩選組,Say,イエホン･キュウ,37,大ありだよ！,
d30c62acdc62c5c962b5117bd28fb80c.bundle,操作組結束回篩選組,Say,タイミン･ソウ,6,説明しましょう。,
d30c62acdc62c5c962b5117bd28fb80c.bundle,操作組結束回篩選組,Say,タイミン･ソウ,7,サイレントの各期予算は本社が決めています。,
d30c62acdc62c5c962b5117bd28fb80c.bundle,操作組結束回篩選組,Say,タイミン･ソウ,8,もちろんそれはサイレントの売上によって変動します。,
d30c62acdc62c5c962b5117bd28fb80c.bundle,操作組結束回篩選組,Say,タイミン･ソウ,9,でも、各部門に割り当てられた予算は必要経費を除けば、ほとんどを自由に分配できます。,
d30c62acdc62c5c962b5117bd28fb80c.bundle,操作組結束回篩選組,Say,シンホン･ゴ,22,つまり各部門が大きな裁量権を持ってるってことだ。,
d30c62acdc62c5c962b5117bd28fb80c.bundle,操作組結束回篩選組,Say,シンホン･ゴ,23,修理せず、予算を給料に割り当てると決めたのは彼らだ。その上で修理予算を増やそうと申請してるってわけだ。,
d30c62acdc62c5c962b5117bd28fb80c.bundle,操作組結束回篩選組,Say,イエホン･キュウ,38,例え上層部が本当に部門の予算を増やしたとしても、彼らは自分の賃金を上げることに使うだろうね。,
d30c62acdc62c5c962b5117bd28fb80c.bundle,操作組結束回篩選組,Say,イエホン･キュウ,39,やつらの巧みな話に騙されじゃだめだよ。,
d30c62acdc62c5c962b5117bd28fb80c.bundle,操作組結束回篩選組,Say,タイミン･ソウ,10,ええ。操作組は他者を思いやれない人ばかりです。,
d30c62acdc62c5c962b5117bd28fb80c.bundle,操作組結束回篩選組,Branch,#Simple,27,そうですか。,
d30c62acdc62c5c962b5117bd28fb80c.bundle,操作組結束回篩選組,Say,イエホン･キュウ,40,でも……,
d30c62acdc62c5c962b5117bd28fb80c.bundle,操作組結束回篩選組,Branch,#Simple,28,彼らがそんなに悪い人だとは思えません。,
d30c62acdc62c5c962b5117bd28fb80c.bundle,操作組結束回篩選組,Say,イエホン･キュウ,41,別に悪いやつらだとは言ってないよ。,
d30c62acdc62c5c962b5117bd28fb80c.bundle,操作組結束回篩選組,Branch,#Simple,29,……,
d30c62acdc62c5c962b5117bd28fb80c.bundle,操作組結束回篩選組,Say,イエホン･キュウ,42,……彼らは嫌いだけど、別に悪いやつじゃないことはわかってる。,
d30c62acdc62c5c962b5117bd28fb80c.bundle,操作組結束回篩選組,Say,イエホン･キュウ,43,彼らの問題はね。タイミンの言う通り、他人を思いやれないことなんだよ。,
d30c62acdc62c5c962b5117bd28fb80c.bundle,操作組結束回篩選組,Say,イエホン･キュウ,44,つまり石頭ってこと。,
d30c62acdc62c5c962b5117bd28fb80c.bundle,操作組結束回篩選組,Say,イエホン･キュウ,45,彼らは自身の給料を他の工場と同じ額にすべきだと思ってるだけなんだ。,
d30c62acdc62c5c962b5117bd28fb80c.bundle,操作組結束回篩選組,Say,イエホン･キュウ,46,ほら、別に間違ってないだろう？,
d30c62acdc62c5c962b5117bd28fb80c.bundle,操作組結束回篩選組,Say,イエホン･キュウ,47,彼らの給料も、別に破格な額じゃないんだ。,
d30c62acdc62c5c962b5117bd28fb80c.bundle,操作組結束回篩選組,Say,イエホン･キュウ,48,でも彼らにその額を払えば、修理予算は減る。これが事実なんだ。,
d30c62acdc62c5c962b5117bd28fb80c.bundle,操作組結束回篩選組,Branch,#Simple,30,それなら彼らのせいとは言えないと思います。,
d30c62acdc62c5c962b5117bd28fb80c.bundle,操作組結束回篩選組,Say,イエホン･キュウ,49,……,
d30c62acdc62c5c962b5117bd28fb80c.bundle,操作組結束回篩選組,Say,イエホン･キュウ,50,別に彼らのせいだとは言ってないよ。,
d30c62acdc62c5c962b5117bd28fb80c.bundle,操作組結束回篩選組,Branch,#Simple,31,上層部が予算を増やせばいい話では？,
d30c62acdc62c5c962b5117bd28fb80c.bundle,操作組結束回篩選組,Say,イエホン･キュウ,51,予算を増やしたところで、サイレントの生産量は増えないからね。,
d30c62acdc62c5c962b5117bd28fb80c.bundle,操作組結束回篩選組,Say,イエホン･キュウ,52,そんな赤字商売を上層部がするわけないよ。操作組のやつらもそれはわかってるはずだ。,
d30c62acdc62c5c962b5117bd28fb80c.bundle,操作組結束回篩選組,Say,心の声,2,確かに何回かその話を……,
d30c62acdc62c5c962b5117bd28fb80c.bundle,操作組結束回篩選組,Branch,#Simple,32,……,
d30c62acdc62c5c962b5117bd28fb80c.bundle,操作組結束回篩選組,Say,イエホン･キュウ,53,さっきも言った通り、別に彼らを悪いやつらだとは思ってない。,
d30c62acdc62c5c962b5117bd28fb80c.bundle,操作組結束回篩選組,Say,イエホン･キュウ,54,確かに今のサイレントの設備不良は万象の経営者たちが起こした問題だ。,
d30c62acdc62c5c962b5117bd28fb80c.bundle,操作組結束回篩選組,Say,イエホン･キュウ,55,そういった問題を僕たちみたいな一般職員に背負わせるべきではないけど……,
d30c62acdc62c5c962b5117bd28fb80c.bundle,操作組結束回篩選組,Say,イエホン･キュウ,56,彼らが……,
d30c62acdc62c5c962b5117bd28fb80c.bundle,操作組結束回篩選組,Say,イエホン･キュウ,57,給料の増額をやめれば、設備の修理予算は捻出できるはずなんだ。,
d30c62acdc62c5c962b5117bd28fb80c.bundle,操作組結束回篩選組,Say,イエホン･キュウ,58,なのに彼らはそれを考えもしない。,
d30c62acdc62c5c962b5117bd28fb80c.bundle,操作組結束回篩選組,Say,イエホン･キュウ,59,確かに彼らに責任はないけど、多少の理不尽を受け入れれば、多くの人を助けられるはずだ。,
d30c62acdc62c5c962b5117bd28fb80c.bundle,操作組結束回篩選組,Say,イエホン･キュウ,60,それでも彼らは利益を取ることを選んだ。,
d30c62acdc62c5c962b5117bd28fb80c.bundle,操作組結束回篩選組,Say,シンホン･ゴ,24,……そして俺らに皮肉や説教をしてくる。,
d30c62acdc62c5c962b5117bd28fb80c.bundle,操作組結束回篩選組,Branch,#Simple,33,皮肉や説教？,
d30c62acdc62c5c962b5117bd28fb80c.bundle,操作組結束回篩選組,Say,イエホン･キュウ,61,僕たちを、夢ばかりを見てるただの理想家だと思ってるんだ。,
d30c62acdc62c5c962b5117bd28fb80c.bundle,操作組結束回篩選組,Branch,#Simple,34,それなら、あなたたちが操作組の立場だったらその責任を負いますか？,
d30c62acdc62c5c962b5117bd28fb80c.bundle,操作組結束回篩選組,Say,イエホン･キュウ,62,ちょっと待ってよ。もう一度言うけど、別に彼らが間違ったことをしてるとは言ってないよ。,
d30c62acdc62c5c962b5117bd28fb80c.bundle,操作組結束回篩選組,Say,イエホン･キュウ,63,そもそも彼らがその責任を負う義務はないし。,
d30c62acdc62c5c962b5117bd28fb80c.bundle,操作組結束回篩選組,Say,イエホン･キュウ,64,それでさっきの質問の答えだけどさ。,
d30c62acdc62c5c962b5117bd28fb80c.bundle,操作組結束回篩選組,Say,イエホン･キュウ,65,選別組の皆は、多少なりとも責任を負おうとしている。,
d30c62acdc62c5c962b5117bd28fb80c.bundle,操作組結束回篩選組,Say,イエホン･キュウ,66,選別組の予算のほとんどが供給者の待遇に使われてるんだ。,
d30c62acdc62c5c962b5117bd28fb80c.bundle,操作組結束回篩選組,Branch,#Simple,35,……,
d30c62acdc62c5c962b5117bd28fb80c.bundle,操作組結束回篩選組,Say,イエホン･キュウ,67,イーちゃんは予算が削減されると、今年のボーナスを自ら放棄しないかって匿名投票をするんだ。,
d30c62acdc62c5c962b5117bd28fb80c.bundle,操作組結束回篩選組,Say,イエホン･キュウ,68,匿名だから、ボーナスを放棄してまで供給者を助けたがってるのが、誰かなんてわからないけど……,
d30c62acdc62c5c962b5117bd28fb80c.bundle,操作組結束回篩選組,Say,タイミン･ソウ,11,放棄する人が大半なんだ。,
d30c62acdc62c5c962b5117bd28fb80c.bundle,操作組結束回篩選組,Say,イエホン･キュウ,69,ましてや、僕たちの給料は操作組よりずっと低いからね。,
d30c62acdc62c5c962b5117bd28fb80c.bundle,操作組結束回篩選組,Say,イエホン･キュウ,70,何を言われようと選別組は操作組とは違う選択をしている。,
d30c62acdc62c5c962b5117bd28fb80c.bundle,操作組結束回篩選組,Branch,#Simple,36,彼らは選別組のそういった取り組みを皮肉っているんですか？,
d30c62acdc62c5c962b5117bd28fb80c.bundle,操作組結束回篩選組,Say,タイミン･ソウ,12,皮肉ってほどではありませんが、私たちのやってることを愚かだと思ってるのは間違いありません。,
d30c62acdc62c5c962b5117bd28fb80c.bundle,操作組結束回篩選組,Say,イエホン･キュウ,71,僕が彼らを嫌う理由はわかっただろう？,
d30c62acdc62c5c962b5117bd28fb80c.bundle,操作組結束回篩選組,Branch,#Simple,37,博愛精神が行き過ぎてませんか？,
d30c62acdc62c5c962b5117bd28fb80c.bundle,操作組結束回篩選組,Say,イエホン･キュウ,72,そうかもね、でも……,
d30c62acdc62c5c962b5117bd28fb80c.bundle,操作組結束回篩選組,Branch,#Simple,38,……,
d30c62acdc62c5c962b5117bd28fb80c.bundle,操作組結束回篩選組,Say,イエホン･キュウ,73,僕たちはただ、良いことをしたいだけなんだ。,
d30c62acdc62c5c962b5117bd28fb80c.bundle,操作組結束回篩選組,Say,イエホン･キュウ,74,別に僕らと同じことをしろだなんて要求していない……,
d30c62acdc62c5c962b5117bd28fb80c.bundle,操作組結束回篩選組,Say,イエホン･キュウ,75,なのに、なんでいつも彼らにあんな皮肉を言われなきゃいけないんだ？,
d30c62acdc62c5c962b5117bd28fb80c.bundle,操作組結束回篩選組,Say,シンカ･シェ,5,……,
d30c62acdc62c5c962b5117bd28fb80c.bundle,操作組結束回篩選組,Say,シンカ･シェ,6,私は……,
d30c62acdc62c5c962b5117bd28fb80c.bundle,操作組結束回篩選組,Say,イエホン･キュウ,76,まさか、また選別組の肩を持つのか……？,
d30c62acdc62c5c962b5117bd28fb80c.bundle,操作組結束回篩選組,Say,シンカ･シェ,7,……,
d30c62acdc62c5c962b5117bd28fb80c.bundle,操作組結束回篩選組,Say,シンカ･シェ,8,違います……,
d30c62acdc62c5c962b5117bd28fb80c.bundle,操作組結束回篩選組,Say,タイミン･ソウ,13,シンカさん。そうやって仲を取り持とうとする行為は、逆に問題の助長になりますよ。,
d30c62acdc62c5c962b5117bd28fb80c.bundle,操作組結束回篩選組,Say,シンカ･シェ,9,私、まだ何も言ってないのに……,
d30c62acdc62c5c962b5117bd28fb80c.bundle,操作組結束回篩選組,Say,イエホン･キュウ,77,とりあえずこれが全てだよ！,
d30c62acdc62c5c962b5117bd28fb80c.bundle,操作組結束回篩選組,Say,イエホン･キュウ,78,って、なんでまたこんな話になったんだっけ？,
d30c62acdc62c5c962b5117bd28fb80c.bundle,操作組結束回篩選組,Say,タイミン･ソウ,14,あなたたちのせいですよ。,
d30c62acdc62c5c962b5117bd28fb80c.bundle,操作組結束回篩選組,Say,イエホン･キュウ,79,ハハ、ごめんごめん。,
d30c62acdc62c5c962b5117bd28fb80c.bundle,操作組結束回篩選組,Branch,#Simple,39,……,
d30c62acdc62c5c962b5117bd28fb80c.bundle,操作組結束回篩選組,Say,タイミン･ソウ,15,こういう重い話はやめましょう。,
d30c62acdc62c5c962b5117bd28fb80c.bundle,操作組結束回篩選組,Say,イエホン･キュウ,80,そうだね。,
d30c62acdc62c5c962b5117bd28fb80c.bundle,操作組結束回篩選組,Branch,#Simple,40,特に何もありませんでした。,
d30c62acdc62c5c962b5117bd28fb80c.bundle,操作組結束回篩選組,Say,イエホン･キュウ,81,ええ？何か驚くようなニュースとかないの……？,
d30c62acdc62c5c962b5117bd28fb80c.bundle,操作組結束回篩選組,Branch,#Simple,41,どんなのが聞きたいですか？,
d30c62acdc62c5c962b5117bd28fb80c.bundle,操作組結束回篩選組,Say,イエホン･キュウ,82,凄いやつ！,
d30c62acdc62c5c962b5117bd28fb80c.bundle,操作組結束回篩選組,Say,シンホン･ゴ,25,何をバカなことを。ただの仕事でどんな凄いことが起きるっていうんだ……,
d30c62acdc62c5c962b5117bd28fb80c.bundle,操作組結束回篩選組,Say,シンホン･ゴ,26,今日の出来事を簡単に説明してくれればいい。,
d30c62acdc62c5c962b5117bd28fb80c.bundle,操作組結束回篩選組,Say,シンホン･ゴ,27,俺らに教えてくれるならって話だが。,
d30c62acdc62c5c962b5117bd28fb80c.bundle,操作組結束回篩選組,Branch,#Simple,42,棚上げ作業をしました。,
d30c62acdc62c5c962b5117bd28fb80c.bundle,操作組結束回篩選組,Say,シンホン･ゴ,28,へえ、難しかったか？,
d30c62acdc62c5c962b5117bd28fb80c.bundle,操作組結束回篩選組,Branch,#Simple,43,それなりに、上手くいったと思います。,
d30c62acdc62c5c962b5117bd28fb80c.bundle,操作組結束回篩選組,Say,イエホン･キュウ,83,いいねぇ。,
d30c62acdc62c5c962b5117bd28fb80c.bundle,操作組結束回篩選組,Say,心の声,3,本当によかったのか……,
d30c62acdc62c5c962b5117bd28fb80c.bundle,操作組結束回篩選組,Say,心の声,4,さっきの俺の棚上げ……,
d30c62acdc62c5c962b5117bd28fb80c.bundle,操作組結束回篩選組,Branch,#Simple,44,かなり難しかったです。,
d30c62acdc62c5c962b5117bd28fb80c.bundle,操作組結束回篩選組,Say,イエホン･キュウ,84,本当に？,
d30c62acdc62c5c962b5117bd28fb80c.bundle,操作組結束回篩選組,Say,シンホン･ゴ,29,まあ、初めてだしな。,
d30c62acdc62c5c962b5117bd28fb80c.bundle,操作組結束回篩選組,Say,イエホン･キュウ,85,そうかそうか。,
d30c62acdc62c5c962b5117bd28fb80c.bundle,操作組結束回篩選組,Say,シンホン･ゴ,30,他には？,
d30c62acdc62c5c962b5117bd28fb80c.bundle,操作組結束回篩選組,Branch,#Simple,45,それだけですね。,
d30c62acdc62c5c962b5117bd28fb80c.bundle,操作組結束回篩選組,Say,イエホン･キュウ,86,ええ～？,
d30c62acdc62c5c962b5117bd28fb80c.bundle,操作組結束回篩選組,Branch,#Simple,46,あとはセラーの移動に車が必須でした。,
d30c62acdc62c5c962b5117bd28fb80c.bundle,操作組結束回篩選組,Say,イエホン･キュウ,87,ああ、シンカちゃんから聞いたよ。,
d30c62acdc62c5c962b5117bd28fb80c.bundle,操作組結束回篩選組,Say,イエホン･キュウ,88,車は快適？,
d30c62acdc62c5c962b5117bd28fb80c.bundle,操作組結束回篩選組,Say,心の声,5,……快適だったのか？,
d30c62acdc62c5c962b5117bd28fb80c.bundle,操作組結束回篩選組,Branch,#Simple,47,悪くないと思います。,
d30c62acdc62c5c962b5117bd28fb80c.bundle,操作組結束回篩選組,Say,イエホン･キュウ,89,いいな～,
d30c62acdc62c5c962b5117bd28fb80c.bundle,操作組結束回篩選組,Branch,#Simple,48,快適とは言えませんね。,
d30c62acdc62c5c962b5117bd28fb80c.bundle,操作組結束回篩選組,Say,イエホン･キュウ,90,そうなの？,
d30c62acdc62c5c962b5117bd28fb80c.bundle,操作組結束回篩選組,Branch,#Simple,49,快適の定義はなんです？,
d30c62acdc62c5c962b5117bd28fb80c.bundle,操作組結束回篩選組,Say,イエホン･キュウ,91,体重によりイスがちゃんと沈み込んで、包み込んでくれるみたいな感じかな！,
d30c62acdc62c5c962b5117bd28fb80c.bundle,操作組結束回篩選組,Say,心の声,6,……はっ？,
d30c62acdc62c5c962b5117bd28fb80c.bundle,操作組結束回篩選組,Say,タイミン･ソウ,16,もういいだろ！いつまでジェイの邪魔する気だよ……,
d30c62acdc62c5c962b5117bd28fb80c.bundle,操作組結束回篩選組,Say,イエホン･キュウ,92,わかったよ。つまんないやつだな。,
d30c62acdc62c5c962b5117bd28fb80c.bundle,操作組結束回篩選組,Branch,#Simple,50,実は大きな事故が起きました。,
d30c62acdc62c5c962b5117bd28fb80c.bundle,操作組結束回篩選組,Branch,#Simple,51,……,
d30c62acdc62c5c962b5117bd28fb80c.bundle,操作組結束回篩選組,Branch,#Simple,52,かなり大きな事故が起きました。,
d30c62acdc62c5c962b5117bd28fb80c.bundle,操作組結束回篩選組,Branch,#Simple,53,あそこの話はあまりしたくないです。,
d30c62acdc62c5c962b5117bd28fb80c.bundle,操作組結束回篩選組,Say,イエホン･キュウ,93,……,
d30c62acdc62c5c962b5117bd28fb80c.bundle,操作組結束回篩選組,Say,イエホン･キュウ,94,えぇ……,
d30c62acdc62c5c962b5117bd28fb80c.bundle,操作組結束回篩選組,Say,シンホン･ゴ,31,ボーちゃん、それはよくないぞ。,
d30c62acdc62c5c962b5117bd28fb80c.bundle,操作組結束回篩選組,Say,イエホン･キュウ,95,だって聞きたいんだもん！,
d30c62acdc62c5c962b5117bd28fb80c.bundle,操作組結束回篩選組,Branch,#Simple,54,実は、結構大きな事故が起きました。,
d30c62acdc62c5c962b5117bd28fb80c.bundle,操作組結束回篩選組,Branch,#Simple,55,……,
d30c62acdc62c5c962b5117bd28fb80c.bundle,操作組結束回篩選組,Say,イエホン･キュウ,96,……,
d30c62acdc62c5c962b5117bd28fb80c.bundle,操作組結束回篩選組,Say,イエホン･キュウ,97,わかったよ……,
d30c62acdc62c5c962b5117bd28fb80c.bundle,操作組結束回篩選組,Say,イエホン･キュウ,98,言いたくないなら、僕も聞かないさ。,
d30c62acdc62c5c962b5117bd28fb80c.bundle,操作組結束回篩選組,Say,チキョウ･リョウ,0,また雑談か？,
d30c62acdc62c5c962b5117bd28fb80c.bundle,操作組結束回篩選組,Say,イエホン･キュウ,99,リ、リョウさん！？,
d30c62acdc62c5c962b5117bd28fb80c.bundle,操作組結束回篩選組,Say,チキョウ･リョウ,1,イエホン、頼んだ仕事はまだか？,
d30c62acdc62c5c962b5117bd28fb80c.bundle,操作組結束回篩選組,Say,イエホン･キュウ,100,は、はい。間もなく！,
d30c62acdc62c5c962b5117bd28fb80c.bundle,操作組結束回篩選組,Say,チキョウ･リョウ,2,それとマネージャーなら、もうオフィスに戻ってるぞ。,
d30c62acdc62c5c962b5117bd28fb80c.bundle,操作組結束回篩選組,Say,チキョウ･リョウ,3,かなり機嫌が悪そうだけどな。,
d30c62acdc62c5c962b5117bd28fb80c.bundle,操作組結束回篩選組,Say,タイミン･ソウ,17,どうしてですか？,
d30c62acdc62c5c962b5117bd28fb80c.bundle,操作組結束回篩選組,Say,チキョウ･リョウ,4,さあ、多分本社の捜査員のせいだろう。,
d30c62acdc62c5c962b5117bd28fb80c.bundle,操作組結束回篩選組,Say,心の声,7,捜査員？黒服の男のことか？,
d30c62acdc62c5c962b5117bd28fb80c.bundle,操作組結束回篩選組,Say,チキョウ･リョウ,5,そうだ、シンホン……,
d30c62acdc62c5c962b5117bd28fb80c.bundle,操作組結束回篩選組,Say,シンホン･ゴ,32,言われなくても出すからちょっと待って。,
d30c62acdc62c5c962b5117bd28fb80c.bundle,操作組結束回篩選組,Say,シンホン･ゴ,33,今は他の事で忙しいから後にして。,
d30c62acdc62c5c962b5117bd28fb80c.bundle,操作組結束回篩選組,Say,チキョウ･リョウ,6,それは……,
d30c62acdc62c5c962b5117bd28fb80c.bundle,操作組結束回篩選組,Say,シンホン･ゴ,34,締切りまで時間があるはずだ。,
d30c62acdc62c5c962b5117bd28fb80c.bundle,操作組結束回篩選組,Say,シンホン･ゴ,35,仕事の順番くらい、自分で決めてもいいだろ？,
d30c62acdc62c5c962b5117bd28fb80c.bundle,操作組結束回篩選組,Say,チキョウ･リョウ,7,……,
d30c62acdc62c5c962b5117bd28fb80c.bundle,操作組結束回篩選組,Say,チキョウ･リョウ,8,好きにしろ。,
d30c62acdc62c5c962b5117bd28fb80c.bundle,操作組結束回篩選組,Say,シンホン･ゴ,36,そうだ、タイミン。ちょっと聞きたいことがあるんだ。,
d30c62acdc62c5c962b5117bd28fb80c.bundle,操作組結束回篩選組,Say,タイミン･ソウ,18,なんですか？,
d30c62acdc62c5c962b5117bd28fb80c.bundle,操作組結束回篩選組,Say,シンホン･ゴ,37,俺の席に来てくれるか？,
d30c62acdc62c5c962b5117bd28fb80c.bundle,操作組結束回篩選組,Say,タイミン･ソウ,19,わかりました。,
d30c62acdc62c5c962b5117bd28fb80c.bundle,操作組結束回篩選組,Say,イエホン･キュウ,101,じゃ、僕もリョウさんに頼まれた仕事を仕上げるか。,
d30c62acdc62c5c962b5117bd28fb80c.bundle,操作組結束回篩選組,Say,イエホン･キュウ,102,他に何かある？,
d30c62acdc62c5c962b5117bd28fb80c.bundle,操作組結束回篩選組,Branch,#Simple,56,いいえ、頑張ってください。,
d30c62acdc62c5c962b5117bd28fb80c.bundle,操作組結束回篩選組,Say,イエホン･キュウ,103,ほい！,
d30c62acdc62c5c962b5117bd28fb80c.bundle,操作組結束回篩選組,Branch,#Simple,57,ノルマのために、不合格の候補者をパスさせる人はいますか？,
d30c62acdc62c5c962b5117bd28fb80c.bundle,操作組結束回篩選組,Say,イエホン･キュウ,104,……え？,
d30c62acdc62c5c962b5117bd28fb80c.bundle,操作組結束回篩選組,Say,イエホン･キュウ,105,ああ、選別組の話？,
d30c62acdc62c5c962b5117bd28fb80c.bundle,操作組結束回篩選組,Say,心の声,8,こんなの聞いて大丈夫なのか。,
d30c62acdc62c5c962b5117bd28fb80c.bundle,操作組結束回篩選組,Say,イエホン･キュウ,106,どうして急にそれを？,
d30c62acdc62c5c962b5117bd28fb80c.bundle,操作組結束回篩選組,Branch,#Simple,58,操作組から聞きました。,
d30c62acdc62c5c962b5117bd28fb80c.bundle,操作組結束回篩選組,Say,イエホン･キュウ,107,あいつら……,
d30c62acdc62c5c962b5117bd28fb80c.bundle,操作組結束回篩選組,Branch,#Simple,59,噂で聞きました。,
d30c62acdc62c5c962b5117bd28fb80c.bundle,操作組結束回篩選組,Say,イエホン･キュウ,108,本当？,
d30c62acdc62c5c962b5117bd28fb80c.bundle,操作組結束回篩選組,Say,イエホン･キュウ,109,まあ僕の知る限り、選別組にそんな悪い人はいないと思うよ。,
d30c62acdc62c5c962b5117bd28fb80c.bundle,操作組結束回篩選組,Say,イエホン･キュウ,110,いや、いたわ！,
d30c62acdc62c5c962b5117bd28fb80c.bundle,操作組結束回篩選組,Say,イエホン･キュウ,111,カイ･シュウならやりかねないけど、昨日クビにされたしな！,
d30c62acdc62c5c962b5117bd28fb80c.bundle,操作組結束回篩選組,Say,心の声,9,クビというより異動だけどな……,
d30c62acdc62c5c962b5117bd28fb80c.bundle,操作組結束回篩選組,Say,イエホン･キュウ,112,まあ俺は面接官じゃないから、ノーコメントで。,
d30c62acdc62c5c962b5117bd28fb80c.bundle,操作組結束回篩選組,Say,イエホン･キュウ,113,多分シンホンかタイミンに聞いた方がいいよ。,
d30c62acdc62c5c962b5117bd28fb80c.bundle,操作組結束回篩選組,Say,イエホン･キュウ,114,じゃあ、僕は仕事の続きをするから。,
d30c62acdc62c5c962b5117bd28fb80c.bundle,操作組結束回篩選組,Say,イエホン･キュウ,115,また後で。,
d30c62acdc62c5c962b5117bd28fb80c.bundle,操作完進不了阿姨門,Say,心の声,0,扉が開いてない……,
d30c62acdc62c5c962b5117bd28fb80c.bundle,操作完進不了阿姨門,Say,心の声,1,マネージャーはいないのか？,
d30c62acdc62c5c962b5117bd28fb80c.bundle,操作完進不了阿姨門,Say,心の声,2,オフィスでイー･テイかリョウに聞いてみるか。,
d30c62acdc62c5c962b5117bd28fb80c.bundle,送架展示第二點五步驟,Say,セラ･キョウ,0,電気を流せ！早く！,
d30c62acdc62c5c962b5117bd28fb80c.bundle,送架展示第二點五步驟,Say,シヘイ･ヨウ,0,は、はい……！,
d30c62acdc62c5c962b5117bd28fb80c.bundle,跟楊冶平尷尬搭電梯2,Say,シヘイ･ヨウ,0,……,
d30c62acdc62c5c962b5117bd28fb80c.bundle,跟楊冶平尷尬搭電梯2,Say,シヘイ･ヨウ,1,……,
d30c62acdc62c5c962b5117bd28fb80c.bundle,跟楊冶平尷尬搭電梯2,Say,シヘイ･ヨウ,2,もしかして、あまり話さない人？,
d30c62acdc62c5c962b5117bd28fb80c.bundle,跟楊冶平尷尬搭電梯2,Branch,#Simple,0,あまり雑談はしない方です。,
d30c62acdc62c5c962b5117bd28fb80c.bundle,跟楊冶平尷尬搭電梯2,Say,シヘイ･ヨウ,3,そっか。,
d30c62acdc62c5c962b5117bd28fb80c.bundle,跟楊冶平尷尬搭電梯2,Branch,#Simple,1,相手によりますね。,
d30c62acdc62c5c962b5117bd28fb80c.bundle,跟楊冶平尷尬搭電梯2,Say,シヘイ･ヨウ,4,あ……,
d30c62acdc62c5c962b5117bd28fb80c.bundle,跟楊冶平尷尬搭電梯2,Say,シヘイ･ヨウ,5,そ、そっか……,
d30c62acdc62c5c962b5117bd28fb80c.bundle,跟楊冶平尷尬搭電梯2,Branch,#Simple,2,雑談したいんですか？,
d30c62acdc62c5c962b5117bd28fb80c.bundle,跟楊冶平尷尬搭電梯2,Say,シヘイ･ヨウ,6,いや、別に……,
d30c62acdc62c5c962b5117bd28fb80c.bundle,跟楊冶平尷尬搭電梯2,Say,シヘイ･ヨウ,7,……,
d30c62acdc62c5c962b5117bd28fb80c.bundle,跟楊冶平尷尬搭電梯2,Say,シヘイ･ヨウ,8,正直……,
d30c62acdc62c5c962b5117bd28fb80c.bundle,跟楊冶平尷尬搭電梯2,Say,シヘイ･ヨウ,9,今日みたいなことを経験したら、もう操作組に来ようとは思わないよね……？,
d30c62acdc62c5c962b5117bd28fb80c.bundle,跟楊冶平尷尬搭電梯2,Branch,#Simple,3,サブチーフが私を採用しないと言ったので。,
d30c62acdc62c5c962b5117bd28fb80c.bundle,跟楊冶平尷尬搭電梯2,Say,シヘイ･ヨウ,10,そ、そうだね。,
d30c62acdc62c5c962b5117bd28fb80c.bundle,跟楊冶平尷尬搭電梯2,Branch,#Simple,4,できれば、ここに来たいと思います。,
d30c62acdc62c5c962b5117bd28fb80c.bundle,跟楊冶平尷尬搭電梯2,Branch,#Simple,5,ここは辛すぎるので。,
d30c62acdc62c5c962b5117bd28fb80c.bundle,跟楊冶平尷尬搭電梯2,Say,シヘイ･ヨウ,11,そうか……,
d30c62acdc62c5c962b5117bd28fb80c.bundle,跟楊冶平尷尬搭電梯2,Branch,#Simple,6,ここは辛すぎるので。,
d30c62acdc62c5c962b5117bd28fb80c.bundle,跟楊冶平尷尬搭電梯2,Branch,#Simple,7,まだ悩んでます。,
d30c62acdc62c5c962b5117bd28fb80c.bundle,跟楊冶平尷尬搭電梯2,Branch,#Simple,8,多分、来ると思います。,
d30c62acdc62c5c962b5117bd28fb80c.bundle,跟楊冶平尷尬搭電梯2,Say,シヘイ･ヨウ,12,そうか……,
d30c62acdc62c5c962b5117bd28fb80c.bundle,跟楊冶平尷尬搭電梯2,Say,シヘイ･ヨウ,13,例え選別組に行ったとしても、ここで見たことを忘れないでほしい。,
d30c62acdc62c5c962b5117bd28fb80c.bundle,跟楊冶平尷尬搭電梯2,Say,シヘイ･ヨウ,14,僕は兄貴と違う。選別組のやつらがあんな態度を取るのは、ここを知らないからだと思ってる。,
d30c62acdc62c5c962b5117bd28fb80c.bundle,跟楊冶平尷尬搭電梯2,Say,シヘイ･ヨウ,15,会社は情報の漏洩を防ぐために、皆を分断しすぎていると思う。,
d30c62acdc62c5c962b5117bd28fb80c.bundle,跟楊冶平尷尬搭電梯2,Say,シヘイ･ヨウ,16,彼らは僕たちのことを全然知らないんだ……,
d30c62acdc62c5c962b5117bd28fb80c.bundle,跟楊冶平尷尬搭電梯2,Say,シヘイ･ヨウ,17,今まで工場の全ての問題を背負ってきたのは操作組なんだ。,
d30c62acdc62c5c962b5117bd28fb80c.bundle,跟楊冶平尷尬搭電梯2,Say,シヘイ･ヨウ,18,なのに選別組のやつらは実際の状況も知らずに、次々とふざけた要求を言うんだよ。,
d30c62acdc62c5c962b5117bd28fb80c.bundle,跟楊冶平尷尬搭電梯2,Say,シヘイ･ヨウ,19,今日こっちでは二つの悲劇が起きた。,
d30c62acdc62c5c962b5117bd28fb80c.bundle,跟楊冶平尷尬搭電梯2,Say,シヘイ･ヨウ,20,……そんな僕らに比べたら選別組はずっと安全なんだろうね。,
d30c62acdc62c5c962b5117bd28fb80c.bundle,跟楊冶平尷尬搭電梯2,Branch,#Simple,9,実は昨日、襲撃事件が起きました。,
d30c62acdc62c5c962b5117bd28fb80c.bundle,跟楊冶平尷尬搭電梯2,Say,シヘイ･ヨウ,21,えっ？,
d30c62acdc62c5c962b5117bd28fb80c.bundle,跟楊冶平尷尬搭電梯2,Branch,#Simple,10,選別組のメンバーの一人が殺され、一人が重傷を負いました。,
d30c62acdc62c5c962b5117bd28fb80c.bundle,跟楊冶平尷尬搭電梯2,Branch,#Simple,11,狂った男が包丁を振りまして、一人が殺されました。,
d30c62acdc62c5c962b5117bd28fb80c.bundle,跟楊冶平尷尬搭電梯2,Say,シヘイ･ヨウ,22,マジか……,
d30c62acdc62c5c962b5117bd28fb80c.bundle,跟楊冶平尷尬搭電梯2,Say,シヘイ･ヨウ,23,襲撃の原因はわかった？,
d30c62acdc62c5c962b5117bd28fb80c.bundle,跟楊冶平尷尬搭電梯2,Branch,#Simple,12,復讐のためにここを襲ったようです。,
d30c62acdc62c5c962b5117bd28fb80c.bundle,跟楊冶平尷尬搭電梯2,Branch,#Simple,13,セラーの事故で家族を失ったそうです。,
d30c62acdc62c5c962b5117bd28fb80c.bundle,跟楊冶平尷尬搭電梯2,Say,シヘイ･ヨウ,24,じゃ、彼らもやっと教訓を得たってわけだ……,
d30c62acdc62c5c962b5117bd28fb80c.bundle,跟楊冶平尷尬搭電梯2,Branch,#Simple,14,教訓？,
d30c62acdc62c5c962b5117bd28fb80c.bundle,跟楊冶平尷尬搭電梯2,Branch,#Simple,15,なんの話ですか？,
d30c62acdc62c5c962b5117bd28fb80c.bundle,跟楊冶平尷尬搭電梯2,Branch,#Simple,16,……,
d30c62acdc62c5c962b5117bd28fb80c.bundle,跟楊冶平尷尬搭電梯2,Say,シヘイ･ヨウ,25,もう……,
d30c62acdc62c5c962b5117bd28fb80c.bundle,跟楊冶平尷尬搭電梯2,Say,シヘイ･ヨウ,26,これ以上、不合格のやつをブレマイに送らないでほしいんだよ。,
d30c62acdc62c5c962b5117bd28fb80c.bundle,跟楊冶平尷尬搭電梯2,Branch,#Simple,17,誰の話ですか？選別組？,
d30c62acdc62c5c962b5117bd28fb80c.bundle,跟楊冶平尷尬搭電梯2,Say,シヘイ･ヨウ,27,彼らしかいないだろ？,
d30c62acdc62c5c962b5117bd28fb80c.bundle,跟楊冶平尷尬搭電梯2,Branch,#Simple,18,不合格のやつ？,
d30c62acdc62c5c962b5117bd28fb80c.bundle,跟楊冶平尷尬搭電梯2,Branch,#Simple,19,……,
d30c62acdc62c5c962b5117bd28fb80c.bundle,跟楊冶平尷尬搭電梯2,Say,シヘイ･ヨウ,28,選別組はよく健康状態が明らかに規定違反の人を送り込むんだ。,
d30c62acdc62c5c962b5117bd28fb80c.bundle,跟楊冶平尷尬搭電梯2,Say,シヘイ･ヨウ,29,ボロい機械で少し検査しただけで、ブレマイに耐えられる身体じゃないってわかるほどのね。,
d30c62acdc62c5c962b5117bd28fb80c.bundle,跟楊冶平尷尬搭電梯2,Say,シヘイ･ヨウ,30,それにブレマイで起きた一部の事故は、事後調査により供給者が不合格に値する人だったことがほとんどだ。,
d30c62acdc62c5c962b5117bd28fb80c.bundle,跟楊冶平尷尬搭電梯2,Say,シヘイ･ヨウ,31,彼らがちゃんと仕事をしていれば、事故はかなり減るんだ！,
d30c62acdc62c5c962b5117bd28fb80c.bundle,跟楊冶平尷尬搭電梯2,Say,シヘイ･ヨウ,32,君もしばらくそっちにいたなら……,
d30c62acdc62c5c962b5117bd28fb80c.bundle,跟楊冶平尷尬搭電梯2,Branch,#Simple,20,いたのは一日だけです。,
d30c62acdc62c5c962b5117bd28fb80c.bundle,跟楊冶平尷尬搭電梯2,Say,シヘイ･ヨウ,33,うん、でも彼らとは話したんだろう？,
d30c62acdc62c5c962b5117bd28fb80c.bundle,跟楊冶平尷尬搭電梯2,Branch,#Simple,21,そんなことありません。,
d30c62acdc62c5c962b5117bd28fb80c.bundle,跟楊冶平尷尬搭電梯2,Say,シヘイ･ヨウ,34,別に責めてるわけじゃないんだ。ただ聞きたいことがあるだけ。,
d30c62acdc62c5c962b5117bd28fb80c.bundle,跟楊冶平尷尬搭電梯2,Branch,#Simple,22,……,
d30c62acdc62c5c962b5117bd28fb80c.bundle,跟楊冶平尷尬搭電梯2,Say,シヘイ･ヨウ,35,どうして選別組は条件に合わない人を無理矢理こっちへ送り込むの？,
d30c62acdc62c5c962b5117bd28fb80c.bundle,跟楊冶平尷尬搭電梯2,Branch,#Simple,23,すみません、私にもわかりません。,
d30c62acdc62c5c962b5117bd28fb80c.bundle,跟楊冶平尷尬搭電梯2,Say,シヘイ･ヨウ,36,いやいや、そうだよね。わかるわけないよね！,
d30c62acdc62c5c962b5117bd28fb80c.bundle,跟楊冶平尷尬搭電梯2,Branch,#Simple,24,多分送り込まれた人が本気で仕事を必要としてるからだと思います。,
d30c62acdc62c5c962b5117bd28fb80c.bundle,跟楊冶平尷尬搭電梯2,Say,シヘイ･ヨウ,37,仕事！？,
d30c62acdc62c5c962b5117bd28fb80c.bundle,跟楊冶平尷尬搭電梯2,Say,シヘイ･ヨウ,38,こんなクソみたいなところに送り込むのが、仕事を与えたことになるのか？,
d30c62acdc62c5c962b5117bd28fb80c.bundle,跟楊冶平尷尬搭電梯2,Say,シヘイ･ヨウ,39,昔は選別組の人たちがいい加減だと思ってたけど。,
d30c62acdc62c5c962b5117bd28fb80c.bundle,跟楊冶平尷尬搭電梯2,Say,シヘイ･ヨウ,40,最近の彼らは営業成績のために、不合格を送り込むと操作組の先輩たちが言ってた。,
d30c62acdc62c5c962b5117bd28fb80c.bundle,跟楊冶平尷尬搭電梯2,Say,シヘイ･ヨウ,41,彼らは契約数が多いほど良い評価をもらえるんだろ？,
d30c62acdc62c5c962b5117bd28fb80c.bundle,跟楊冶平尷尬搭電梯2,Say,心の声,0,契約数が多いからいいというわけでは……,
d30c62acdc62c5c962b5117bd28fb80c.bundle,跟楊冶平尷尬搭電梯2,Say,心の声,1,でも確かに選別組にはノルマがある……,
d30c62acdc62c5c962b5117bd28fb80c.bundle,跟楊冶平尷尬搭電梯2,Branch,#Simple,25,私が知る限りでは、そうですね。,
d30c62acdc62c5c962b5117bd28fb80c.bundle,跟楊冶平尷尬搭電梯2,Branch,#Simple,26,確かにノルマがあります。,
d30c62acdc62c5c962b5117bd28fb80c.bundle,跟楊冶平尷尬搭電梯2,Say,シヘイ･ヨウ,42,やっぱりか……,
d30c62acdc62c5c962b5117bd28fb80c.bundle,跟楊冶平尷尬搭電梯2,Branch,#Simple,27,彼らは経済的に困ってる人たちを助けたかっただけだと思います。,
d30c62acdc62c5c962b5117bd28fb80c.bundle,跟楊冶平尷尬搭電梯2,Say,シヘイ･ヨウ,43,こんな死と隣り合わせの危険に送ることが人助け？,
d30c62acdc62c5c962b5117bd28fb80c.bundle,跟楊冶平尷尬搭電梯2,Branch,#Simple,28,選別組がここの状況を知らないからだと思います。,
d30c62acdc62c5c962b5117bd28fb80c.bundle,跟楊冶平尷尬搭電梯2,Say,シヘイ･ヨウ,44,知らなくたって会社の規定違反なのは確かだろ？,
d30c62acdc62c5c962b5117bd28fb80c.bundle,跟楊冶平尷尬搭電梯2,Say,シヘイ･ヨウ,45,会社の規定ははっきりとブレマイできる健康状態を条件にしているはずだ。,
d30c62acdc62c5c962b5117bd28fb80c.bundle,跟楊冶平尷尬搭電梯2,Say,シヘイ･ヨウ,46,彼らがちゃんと規定に沿って、自分の仕事を全うすればいいだけの話じゃないか！,
d30c62acdc62c5c962b5117bd28fb80c.bundle,跟楊冶平尷尬搭電梯2,Say,心の声,2,彼の言う通りだな……,
d30c62acdc62c5c962b5117bd28fb80c.bundle,跟楊冶平尷尬搭電梯2,Branch,#Simple,29,落とされた人は餓死するかもしれませんよ。,
d30c62acdc62c5c962b5117bd28fb80c.bundle,跟楊冶平尷尬搭電梯2,Say,シヘイ･ヨウ,47,……,
d30c62acdc62c5c962b5117bd28fb80c.bundle,跟楊冶平尷尬搭電梯2,Say,シヘイ･ヨウ,48,そんなのありえない。他に生きる方法が絶対にあるはずだ。,
d30c62acdc62c5c962b5117bd28fb80c.bundle,跟楊冶平尷尬搭電梯2,Say,シヘイ･ヨウ,49,どんな理由があろうと、健康状態が規定に沿わない人をここに送っちゃだめだ。,
d30c62acdc62c5c962b5117bd28fb80c.bundle,跟楊冶平尷尬搭電梯2,Say,シヘイ･ヨウ,50,それはマイナーだけじゃなく、僕たちにまで不公平だよ。,
d30c62acdc62c5c962b5117bd28fb80c.bundle,跟楊冶平尷尬搭電梯2,Say,シヘイ･ヨウ,51,次々と事故が起きてるのに、僕たちは見ているだけで何もできないんだ……,
d30c62acdc62c5c962b5117bd28fb80c.bundle,跟楊冶平尷尬搭電梯2,Say,心の声,3,今日みたいなことが毎日のように起きていたら、確かにつらいな……,
d30c62acdc62c5c962b5117bd28fb80c.bundle,跟楊冶平尷尬搭電梯2,Say,心の声,4,……,
d30c62acdc62c5c962b5117bd28fb80c.bundle,跟楊冶平尷尬搭電梯2,Say,心の声,5,健康状態が条件を満たしていない人を送り込むか……,
d30c62acdc62c5c962b5117bd28fb80c.bundle,跟楊冶平尷尬搭電梯2,Say,心の声,6,まさかシンホンとタイミンがそんなことを……？,
d30c62acdc62c5c962b5117bd28fb80c.bundle,跟楊冶平尷尬搭電梯2,Branch,#Simple,30,ここよりずっと平和ですね。,
d30c62acdc62c5c962b5117bd28fb80c.bundle,跟楊冶平尷尬搭電梯2,Say,シヘイ･ヨウ,52,だろうな。,
d30c62acdc62c5c962b5117bd28fb80c.bundle,跟楊冶平尷尬搭電梯2,Say,シヘイ･ヨウ,53,……,
d30c62acdc62c5c962b5117bd28fb80c.bundle,跟楊冶平尷尬搭電梯2,Say,シヘイ･ヨウ,54,ずっと聞きたかったことがあるんだ。,
d30c62acdc62c5c962b5117bd28fb80c.bundle,跟楊冶平尷尬搭電梯2,Say,シヘイ･ヨウ,55,どうして彼らは規定に沿わない人を下に送り込むんだ？,
d30c62acdc62c5c962b5117bd28fb80c.bundle,跟楊冶平尷尬搭電梯2,Say,シヘイ･ヨウ,56,……,
d30c62acdc62c5c962b5117bd28fb80c.bundle,跟楊冶平尷尬搭電梯2,Say,シヘイ･ヨウ,57,はぁ、もういいや……,
d30c62acdc62c5c962b5117bd28fb80c.bundle,跟楊冶平尷尬搭電梯2,Say,シヘイ･ヨウ,58,こんなネガティブなことを考えてもしょうがない。,
d30c62acdc62c5c962b5117bd28fb80c.bundle,跟楊冶平尷尬搭電梯2,Say,シヘイ･ヨウ,59,マイナーたちが可哀想だよ……,
d30c62acdc62c5c962b5117bd28fb80c.bundle,跟楊冶平尷尬搭電梯2,Say,心の声,7,考えてみれば……,
d30c62acdc62c5c962b5117bd28fb80c.bundle,跟楊冶平尷尬搭電梯2,Say,心の声,8,操作組の人は皆、マイナーという言葉を使ってる……,
d30c62acdc62c5c962b5117bd28fb80c.bundle,跟楊冶平尷尬搭電梯2,Branch,#Simple,31,ここにいる人は皆、マイナーと呼んでいますね。,
d30c62acdc62c5c962b5117bd28fb80c.bundle,跟楊冶平尷尬搭電梯2,Say,シヘイ･ヨウ,60,えぇ？選別組は本当にあまり使わないの？,
d30c62acdc62c5c962b5117bd28fb80c.bundle,跟楊冶平尷尬搭電梯2,Say,シヘイ･ヨウ,61,まあ、僕たちは選別組みたいな偽善者文化がないからさ。,
d30c62acdc62c5c962b5117bd28fb80c.bundle,跟楊冶平尷尬搭電梯2,Say,シヘイ･ヨウ,62,彼らはマイナーと話すだけだけど、僕たちは彼らの命を握ってるからね。,
d30c62acdc62c5c962b5117bd28fb80c.bundle,跟楊冶平尷尬搭電梯2,Branch,#Simple,32,彼らも話すだけでは済まないと思います。,
d30c62acdc62c5c962b5117bd28fb80c.bundle,跟楊冶平尷尬搭電梯2,Branch,#Simple,33,それは言い過ぎだと思います。,
d30c62acdc62c5c962b5117bd28fb80c.bundle,跟楊冶平尷尬搭電梯2,Say,シヘイ･ヨウ,63,そ、そうだね。僕が彼らの仕事についてよく知らないのは確かだ。,
d30c62acdc62c5c962b5117bd28fb80c.bundle,跟楊冶平尷尬搭電梯2,Say,シヘイ･ヨウ,64,でも、ほとんどはマイナーと会話してるだけだろう？,
d30c62acdc62c5c962b5117bd28fb80c.bundle,跟楊冶平尷尬搭電梯2,Say,シヘイ･ヨウ,65,僕が言いたいのは……,
d30c62acdc62c5c962b5117bd28fb80c.bundle,跟楊冶平尷尬搭電梯2,Branch,#Simple,34,……,
d30c62acdc62c5c962b5117bd28fb80c.bundle,跟楊冶平尷尬搭電梯2,Say,シヘイ･ヨウ,66,彼らより僕たちの方がもっと供給者たちを気に掛けているってことなんだ。,
d30c62acdc62c5c962b5117bd28fb80c.bundle,跟楊冶平尷尬搭電梯2,Say,シヘイ･ヨウ,67,選別組のやつらは面接が終わったら、彼らを気に掛けることはないだろ？,
d30c62acdc62c5c962b5117bd28fb80c.bundle,跟楊冶平尷尬搭電梯2,Say,シヘイ･ヨウ,68,なのに呼び方には異様に拘る。,
d30c62acdc62c5c962b5117bd28fb80c.bundle,跟楊冶平尷尬搭電梯2,Branch,#Simple,35,確かにその行為に大した意味はありませんね。,
d30c62acdc62c5c962b5117bd28fb80c.bundle,跟楊冶平尷尬搭電梯2,Say,シヘイ･ヨウ,69,だろう？,
d30c62acdc62c5c962b5117bd28fb80c.bundle,跟楊冶平尷尬搭電梯2,Branch,#Simple,36,その呼び方に反感を持っているのかもしれません。,
d30c62acdc62c5c962b5117bd28fb80c.bundle,跟楊冶平尷尬搭電梯2,Say,シヘイ･ヨウ,70,それはそっちが勝手にそう思ってるだけだ。感じ方なんてそれぞれなんだからさ！,
d30c62acdc62c5c962b5117bd28fb80c.bundle,跟楊冶平尷尬搭電梯2,Say,シヘイ･ヨウ,71,僕たちの仕事はマイナーたちの身の安全を守ることであり、メンタルケアは仕事じゃない。,
d30c62acdc62c5c962b5117bd28fb80c.bundle,跟楊冶平尷尬搭電梯2,Branch,#Simple,37,仕事は関係ありません。相手への思いやりの話です。,
d30c62acdc62c5c962b5117bd28fb80c.bundle,跟楊冶平尷尬搭電梯2,Say,シヘイ･ヨウ,72,それは……,
d30c62acdc62c5c962b5117bd28fb80c.bundle,跟楊冶平尷尬搭電梯2,Say,シヘイ･ヨウ,73,わかってる。だからその言葉を嫌がる人には僕だって使わないよ。,
d30c62acdc62c5c962b5117bd28fb80c.bundle,跟楊冶平尷尬搭電梯2,Branch,#Simple,38,そうですね。,
d30c62acdc62c5c962b5117bd28fb80c.bundle,跟楊冶平尷尬搭電梯2,Say,シヘイ･ヨウ,74,だろう？,
d30c62acdc62c5c962b5117bd28fb80c.bundle,跟楊冶平尷尬搭電梯2,Branch,#Simple,39,……,
d30c62acdc62c5c962b5117bd28fb80c.bundle,跟楊冶平尷尬搭電梯2,Branch,#Simple,40,それは差別の助長になりませんか？,
d30c62acdc62c5c962b5117bd28fb80c.bundle,跟楊冶平尷尬搭電梯2,Say,シヘイ･ヨウ,75,色眼鏡で見るから、その言葉が差別に聞こえるんじゃない？,
d30c62acdc62c5c962b5117bd28fb80c.bundle,跟楊冶平尷尬搭電梯2,Branch,#Simple,41,この言葉自体に差別の意味が入ってると思います。,
d30c62acdc62c5c962b5117bd28fb80c.bundle,跟楊冶平尷尬搭電梯2,Say,シヘイ･ヨウ,76,そういう味方をするなら、どうしようもないね。,
d30c62acdc62c5c962b5117bd28fb80c.bundle,跟楊冶平尷尬搭電梯2,Branch,#Simple,42,そうかもしれません。,
d30c62acdc62c5c962b5117bd28fb80c.bundle,跟楊冶平尷尬搭電梯2,Branch,#Simple,43,どちらの組も大変ですね。,
d30c62acdc62c5c962b5117bd28fb80c.bundle,跟楊冶平尷尬搭電梯2,Say,シヘイ･ヨウ,77,ああ、そうだね……,
d30c62acdc62c5c962b5117bd28fb80c.bundle,跟楊冶平尷尬搭電梯2,Branch,#Simple,44,……,
d30c62acdc62c5c962b5117bd28fb80c.bundle,送架意外發生2,Say,心の声,0,俺は……,
d30c62acdc62c5c962b5117bd28fb80c.bundle,送架意外發生2,Say,心の声,1,レバー引かなかった……,
d30c62acdc62c5c962b5117bd28fb80c.bundle,送架意外發生2,Say,心の声,2,なぜ俺はレバーを……？,
d30c62acdc62c5c962b5117bd28fb80c.bundle,送架意外發生2,Say,心の声,3,クソッ……,
d30c62acdc62c5c962b5117bd28fb80c.bundle,送架意外發生2,Say,シヘイ･ヨウ,0,ジェ、ジェイさん、こっちへ！,
d30c62acdc62c5c962b5117bd28fb80c.bundle,送架意外發生2,Say,シヘイ･ヨウ,1,後は兄貴に任せて……,
d30c62acdc62c5c962b5117bd28fb80c.bundle,送架意外發生2,Say,セラ･キョウ,0,シヘイ、手伝え！,
d30c62acdc62c5c962b5117bd28fb80c.bundle,送架意外發生2,Say,シヘイ･ヨウ,2,はい！,
d30c62acdc62c5c962b5117bd28fb80c.bundle,送架意外發生2,Say,セラ･キョウ,1,ジェイ･ダイ。下にいるシュン･ゴのところに行け。お前が必要かもしれない。,
d30c62acdc62c5c962b5117bd28fb80c.bundle,送架意外發生2,Say,セラ･キョウ,2,早く行け！,
d30c62acdc62c5c962b5117bd28fb80c.bundle,問晉峰有為業績亂放人嗎？,Say,シンホン･ゴ,0,お、ジェイか。どうかしたか？,
d30c62acdc62c5c962b5117bd28fb80c.bundle,問晉峰有為業績亂放人嗎？,Branch,#Simple,0,ノルマ達成の為に、選別の基準を甘く判定する人がいると聞きました。,
d30c62acdc62c5c962b5117bd28fb80c.bundle,問晉峰有為業績亂放人嗎？,Say,心の声,0,二人とも明らかに嫌な顔をした。,
d30c62acdc62c5c962b5117bd28fb80c.bundle,問晉峰有為業績亂放人嗎？,Say,タイミン･ソウ,0,……操作組の人から聞いたのですか？,
d30c62acdc62c5c962b5117bd28fb80c.bundle,問晉峰有為業績亂放人嗎？,Branch,#Simple,1,はい。でもどうしてそれを？,
d30c62acdc62c5c962b5117bd28fb80c.bundle,問晉峰有為業績亂放人嗎？,Say,タイミン･ソウ,1,そうだろうなと思いまして。,
d30c62acdc62c5c962b5117bd28fb80c.bundle,問晉峰有為業績亂放人嗎？,Branch,#Simple,2,違います。でもどうしてそれを？,
d30c62acdc62c5c962b5117bd28fb80c.bundle,問晉峰有為業績亂放人嗎？,Say,タイミン･ソウ,2,彼らがこのようなデマを流してるのを見たので。,
d30c62acdc62c5c962b5117bd28fb80c.bundle,問晉峰有為業績亂放人嗎？,Say,タイミン･ソウ,3,それにあなたは操作組から帰ってきたばかりでしょ？,
d30c62acdc62c5c962b5117bd28fb80c.bundle,問晉峰有為業績亂放人嗎？,Branch,#Simple,3,なるほど。,
d30c62acdc62c5c962b5117bd28fb80c.bundle,問晉峰有為業績亂放人嗎？,Branch,#Simple,4,二人はどう思いますか？,
d30c62acdc62c5c962b5117bd28fb80c.bundle,問晉峰有為業績亂放人嗎？,Branch,#Simple,5,……,
d30c62acdc62c5c962b5117bd28fb80c.bundle,問晉峰有為業績亂放人嗎？,Say,タイミン･ソウ,4,……,
d30c62acdc62c5c962b5117bd28fb80c.bundle,問晉峰有為業績亂放人嗎？,Say,タイミン･ソウ,5,事実無根のデマ話ですね。,
d30c62acdc62c5c962b5117bd28fb80c.bundle,問晉峰有為業績亂放人嗎？,Say,シンホン･ゴ,1,右に同じだ。俺が知る限り、そんなことをする人はいない。,
d30c62acdc62c5c962b5117bd28fb80c.bundle,問晉峰有為業績亂放人嗎？,Branch,#Simple,6,でも裏でしてる人がいるかもしれません。,
d30c62acdc62c5c962b5117bd28fb80c.bundle,問晉峰有為業績亂放人嗎？,Say,タイミン･ソウ,6,いえ、その可能性はありません。そんなことをしても意味がないからです。,
d30c62acdc62c5c962b5117bd28fb80c.bundle,問晉峰有為業績亂放人嗎？,Say,心の声,1,意味がない……？,
d30c62acdc62c5c962b5117bd28fb80c.bundle,問晉峰有為業績亂放人嗎？,Branch,#Simple,7,じゃ、誰かがデマを流したってことですか？,
d30c62acdc62c5c962b5117bd28fb80c.bundle,問晉峰有為業績亂放人嗎？,Say,タイミン･ソウ,7,多分、噂が噂を呼んだのでしょう。,
d30c62acdc62c5c962b5117bd28fb80c.bundle,問晉峰有為業績亂放人嗎？,Branch,#Simple,8,……,
d30c62acdc62c5c962b5117bd28fb80c.bundle,問晉峰有為業績亂放人嗎？,Say,タイミン･ソウ,8,確かに私たちはノルマを達成できないと処罰を受けます。,
d30c62acdc62c5c962b5117bd28fb80c.bundle,問晉峰有為業績亂放人嗎？,Say,タイミン･ソウ,9,でもノルマを超えたところで、ボーナスもないですし恩恵がありません。,
d30c62acdc62c5c962b5117bd28fb80c.bundle,問晉峰有為業績亂放人嗎？,Branch,#Simple,9,そうですか。,
d30c62acdc62c5c962b5117bd28fb80c.bundle,問晉峰有為業績亂放人嗎？,Branch,#Simple,10,それでもノルマ達成のために適当に契約をする人がいるのでは？,
d30c62acdc62c5c962b5117bd28fb80c.bundle,問晉峰有為業績亂放人嗎？,Say,シンホン･ゴ,2,確かに最近、リンさんがノルマに追われてるって聞いた。,
d30c62acdc62c5c962b5117bd28fb80c.bundle,問晉峰有為業績亂放人嗎？,Say,シンホン･ゴ,3,だがそれも体調を崩して休暇を取ったからだ。,
d30c62acdc62c5c962b5117bd28fb80c.bundle,問晉峰有為業績亂放人嗎？,Say,タイミン･ソウ,10,それにリンさんも、もうすぐでノルマを達成できるはずです。,
d30c62acdc62c5c962b5117bd28fb80c.bundle,問晉峰有為業績亂放人嗎？,Say,タイミン･ソウ,11,普通に熟していれば、ノルマクリアなんて大して難しくありません。,
d30c62acdc62c5c962b5117bd28fb80c.bundle,問晉峰有為業績亂放人嗎？,Branch,#Simple,11,……,
d30c62acdc62c5c962b5117bd28fb80c.bundle,問晉峰有為業績亂放人嗎？,Say,タイミン･ソウ,12,むしろ私たちは供給効率が低い人と契約すると警告処分をくらいます。,
d30c62acdc62c5c962b5117bd28fb80c.bundle,問晉峰有為業績亂放人嗎？,Say,タイミン･ソウ,13,私たちにとって不合格に値する人との契約はデメリットしかありません。,
d30c62acdc62c5c962b5117bd28fb80c.bundle,問晉峰有為業績亂放人嗎？,Say,シンホン･ゴ,4,そうそう！,
d30c62acdc62c5c962b5117bd28fb80c.bundle,問晉峰有為業績亂放人嗎？,Branch,#Simple,12,なら、どうしてこんな噂が？,
d30c62acdc62c5c962b5117bd28fb80c.bundle,問晉峰有為業績亂放人嗎？,Say,シンホン･ゴ,5,操作組から流れたんじゃないか？,
d30c62acdc62c5c962b5117bd28fb80c.bundle,問晉峰有為業績亂放人嗎？,Say,タイミン･ソウ,14,……ジェイ、これは操作組から聞いた話では？,
d30c62acdc62c5c962b5117bd28fb80c.bundle,問晉峰有為業績亂放人嗎？,Branch,#Simple,13,実はそうなんです。,
d30c62acdc62c5c962b5117bd28fb80c.bundle,問晉峰有為業績亂放人嗎？,Say,タイミン･ソウ,15,……やはり。,
d30c62acdc62c5c962b5117bd28fb80c.bundle,問晉峰有為業績亂放人嗎？,Say,シンホン･ゴ,6,はぁ、あいつら……,
d30c62acdc62c5c962b5117bd28fb80c.bundle,問晉峰有為業績亂放人嗎？,Branch,#Simple,14,違います。,
d30c62acdc62c5c962b5117bd28fb80c.bundle,問晉峰有為業績亂放人嗎？,Say,タイミン･ソウ,16,そうですか。,
d30c62acdc62c5c962b5117bd28fb80c.bundle,問晉峰有為業績亂放人嗎？,Branch,#Simple,15,疑ってすみません。,
d30c62acdc62c5c962b5117bd28fb80c.bundle,問晉峰有為業績亂放人嗎？,Say,シンホン･ゴ,7,気にするな。よくあることだ。,
d30c62acdc62c5c962b5117bd28fb80c.bundle,問晉峰有為業績亂放人嗎？,Say,シンホン･ゴ,8,ジェイも来たばかりだしな。,
d30c62acdc62c5c962b5117bd28fb80c.bundle,問晉峰有為業績亂放人嗎？,Branch,#Simple,16,……,
d30c62acdc62c5c962b5117bd28fb80c.bundle,問晉峰有為業績亂放人嗎？,Say,シンホン･ゴ,9,考えてみればそんな誤解されるのも、俺たちがよく選別条件のレッドラインに挑戦するからだよな。,
d30c62acdc62c5c962b5117bd28fb80c.bundle,問晉峰有為業績亂放人嗎？,Branch,#Simple,17,レッドライン？,
d30c62acdc62c5c962b5117bd28fb80c.bundle,問晉峰有為業績亂放人嗎？,Say,シンホン･ゴ,10,健康基準とかな。,
d30c62acdc62c5c962b5117bd28fb80c.bundle,問晉峰有為業績亂放人嗎？,Say,シンホン･ゴ,11,いや、誤解しないでくれ！,
d30c62acdc62c5c962b5117bd28fb80c.bundle,問晉峰有為業績亂放人嗎？,Say,シンホン･ゴ,12,レッドラインに挑戦すると言っても、規則を破るわけではないんだ。,
d30c62acdc62c5c962b5117bd28fb80c.bundle,問晉峰有為業績亂放人嗎？,Say,シンホン･ゴ,13,いくつかの基準を「ちょっとだけ」満たしてない人と契約するだけだ。,
d30c62acdc62c5c962b5117bd28fb80c.bundle,問晉峰有為業績亂放人嗎？,Branch,#Simple,18,それは危険なことでは？,
d30c62acdc62c5c962b5117bd28fb80c.bundle,問晉峰有為業績亂放人嗎？,Say,シンホン･ゴ,14,そんなことはない。,
d30c62acdc62c5c962b5117bd28fb80c.bundle,問晉峰有為業績亂放人嗎？,Branch,#Simple,19,どうしてそんなことを？,
d30c62acdc62c5c962b5117bd28fb80c.bundle,問晉峰有為業績亂放人嗎？,Say,シンホン･ゴ,15,……供給に来るやつらが皆、仕事に困ってるのはわかるよな？彼らは藁にもすがる思いでここに来てるんだよ。,
d30c62acdc62c5c962b5117bd28fb80c.bundle,問晉峰有為業績亂放人嗎？,Say,シンホン･ゴ,16,俺たちが彼らを間近で観察し、問題ないと判断すれば通す場合もある。,
d30c62acdc62c5c962b5117bd28fb80c.bundle,問晉峰有為業績亂放人嗎？,Branch,#Simple,20,……,
d30c62acdc62c5c962b5117bd28fb80c.bundle,問晉峰有為業績亂放人嗎？,Branch,#Simple,21,それはあなたたちに何かメリットがあるんですか？,
d30c62acdc62c5c962b5117bd28fb80c.bundle,問晉峰有為業績亂放人嗎？,Say,シンホン･ゴ,17,……供給に来るやつらが皆、仕事に困ってるのはわかるよな？彼らは藁にもすがる思いでここに来てるんだよ。,
d30c62acdc62c5c962b5117bd28fb80c.bundle,問晉峰有為業績亂放人嗎？,Say,シンホン･ゴ,18,俺たちが彼らを間近で観察し、問題ないと判断すれば通す場合もある。,
d30c62acdc62c5c962b5117bd28fb80c.bundle,問晉峰有為業績亂放人嗎？,Branch,#Simple,22,それは危険なことでは？,
d30c62acdc62c5c962b5117bd28fb80c.bundle,問晉峰有為業績亂放人嗎？,Say,シンホン･ゴ,19,いや、誤解しないでくれ！,
d30c62acdc62c5c962b5117bd28fb80c.bundle,問晉峰有為業績亂放人嗎？,Say,シンホン･ゴ,20,レッドラインに挑戦すると言っても、規則を破るわけではないんだ。,
d30c62acdc62c5c962b5117bd28fb80c.bundle,問晉峰有為業績亂放人嗎？,Say,シンホン･ゴ,21,いくつかの基準を「ちょっとだけ」満たしてない人と契約するだけだ。,
d30c62acdc62c5c962b5117bd28fb80c.bundle,問晉峰有為業績亂放人嗎？,Branch,#Simple,23,人助けが目的ですか？,
d30c62acdc62c5c962b5117bd28fb80c.bundle,問晉峰有為業績亂放人嗎？,Say,シンホン･ゴ,22,ああ。危険にさらさない範囲で彼らを助けている。,
d30c62acdc62c5c962b5117bd28fb80c.bundle,問晉峰有為業績亂放人嗎？,Branch,#Simple,24,……,
d30c62acdc62c5c962b5117bd28fb80c.bundle,問晉峰有為業績亂放人嗎？,Branch,#Simple,25,……,
d30c62acdc62c5c962b5117bd28fb80c.bundle,問晉峰有為業績亂放人嗎？,Say,タイミン･ソウ,17,確かにそんなことをしてたら、操作組の仕事を増やすことになりますね。,
d30c62acdc62c5c962b5117bd28fb80c.bundle,問晉峰有為業績亂放人嗎？,Say,シンホン･ゴ,23,そうか？,
d30c62acdc62c5c962b5117bd28fb80c.bundle,問晉峰有為業績亂放人嗎？,Say,タイミン･ソウ,18,ええ。シンカさんから聞いた話ですが、彼らは各供給者のパラメーターを調整するらしいです。,
d30c62acdc62c5c962b5117bd28fb80c.bundle,問晉峰有為業績亂放人嗎？,Say,タイミン･ソウ,19,完全に規定に沿う人であれば、メインネットワークにそのまま入れるだけで済むそうです。,
d30c62acdc62c5c962b5117bd28fb80c.bundle,問晉峰有為業績亂放人嗎？,Say,タイミン･ソウ,20,ですが、規定にそぐわない人は例外の処置を必要とするそうです。,
d30c62acdc62c5c962b5117bd28fb80c.bundle,問晉峰有為業績亂放人嗎？,Say,タイミン･ソウ,21,シンカさんも言ってたじゃないですか。エンジニアは例外が大っ嫌いだって。,
d30c62acdc62c5c962b5117bd28fb80c.bundle,問晉峰有為業績亂放人嗎？,Say,シンホン･ゴ,24,つまり彼らは仕事が増えたから気に食わないってことか？,
d30c62acdc62c5c962b5117bd28fb80c.bundle,問晉峰有為業績亂放人嗎？,Say,タイミン･ソウ,22,恐らく。,
d30c62acdc62c5c962b5117bd28fb80c.bundle,問晉峰有為業績亂放人嗎？,Say,シンホン･ゴ,25,別に理解はできるけどよ。だからって生活に困ってる人を路頭に迷わせるのは違うだろ。,
d30c62acdc62c5c962b5117bd28fb80c.bundle,問晉峰有為業績亂放人嗎？,Say,タイミン･ソウ,23,私たち両組はそれぞれの道を選びました。こうなるのはわかっていたはずですよ。,
d30c62acdc62c5c962b5117bd28fb80c.bundle,問晉峰有為業績亂放人嗎？,Say,シンホン･ゴ,26,そうだけどよ。,
d30c62acdc62c5c962b5117bd28fb80c.bundle,問晉峰有為業績亂放人嗎？,Say,シンホン･ゴ,27,とにかく、あれはただのデマだから気にするな。,
d30c62acdc62c5c962b5117bd28fb80c.bundle,問晉峰有為業績亂放人嗎？,Branch,#Simple,26,話を聞いた限りだと、完全にデマとは言えない気がします。,
d30c62acdc62c5c962b5117bd28fb80c.bundle,問晉峰有為業績亂放人嗎？,Say,シンホン･ゴ,28,うーん……,
d30c62acdc62c5c962b5117bd28fb80c.bundle,問晉峰有為業績亂放人嗎？,Say,シンホン･ゴ,29,まあ、そう言われるのも仕方がないよな。,
d30c62acdc62c5c962b5117bd28fb80c.bundle,問晉峰有為業績亂放人嗎？,Say,シンホン･ゴ,30,でも言っとくが、私利のために選別基準を甘く判定する人はいないはずだ。,
d30c62acdc62c5c962b5117bd28fb80c.bundle,問晉峰有為業績亂放人嗎？,Say,シンホン･ゴ,31,別に俺らが高尚な人間だからってわけじゃない。システム的にメリットがないからだ。,
d30c62acdc62c5c962b5117bd28fb80c.bundle,問晉峰有為業績亂放人嗎？,Say,タイミン･ソウ,24,その通りです。,
d30c62acdc62c5c962b5117bd28fb80c.bundle,問晉峰有為業績亂放人嗎？,Branch,#Simple,27,わかりました。ありがとうございます。,
d30c62acdc62c5c962b5117bd28fb80c.bundle,問晉峰有為業績亂放人嗎？,Say,シンホン･ゴ,32,大したことじゃない！,
d30c62acdc62c5c962b5117bd28fb80c.bundle,問晉峰有為業績亂放人嗎？,Branch,#Simple,28,……,
d30c62acdc62c5c962b5117bd28fb80c.bundle,問晉峰有為業績亂放人嗎？,Say,シンホン･ゴ,33,じゃ、俺は仕事に戻る。また後でな。,
d30c62acdc62c5c962b5117bd28fb80c.bundle,問晉峰有為業績亂放人嗎？,Branch,#Simple,29,いいえ、何もないです。,
d30c62acdc62c5c962b5117bd28fb80c.bundle,問晉峰有為業績亂放人嗎？,Say,シンホン･ゴ,34,ふーん……,
d30c62acdc62c5c962b5117bd28fb80c.bundle,問晉峰有為業績亂放人嗎？,Say,シンホン･ゴ,35,何かあるなら気にせず言っちまえよ。こっちも丁度一段落したところだ。,
d30c62acdc62c5c962b5117bd28fb80c.bundle,問晉峰有為業績亂放人嗎？,Branch,#Simple,30,大丈夫です。,
d30c62acdc62c5c962b5117bd28fb80c.bundle,問晉峰有為業績亂放人嗎？,Say,シンホン･ゴ,36,……そうかよ。じゃ、また後でな。,
d30c62acdc62c5c962b5117bd28fb80c.bundle,問晉峰有為業績亂放人嗎？,Branch,#Simple,31,ノルマ達成の為に、選別の基準を甘く判定する人がいると聞きました。,
d30c62acdc62c5c962b5117bd28fb80c.bundle,問廖哥總公司特勤,Branch,#Simple,0,外にいる黒い服の人たちは誰ですか？,
d30c62acdc62c5c962b5117bd28fb80c.bundle,問廖哥總公司特勤,Say,チキョウ･リョウ,0,本社の捜査員だ。,
d30c62acdc62c5c962b5117bd28fb80c.bundle,問廖哥總公司特勤,Say,チキョウ･リョウ,1,厳密に言えば、情報セキュリティ部のやつらだな。,
d30c62acdc62c5c962b5117bd28fb80c.bundle,問廖哥總公司特勤,Say,心の声,0,……それ以上説明する気はないようだ。,
d30c62acdc62c5c962b5117bd28fb80c.bundle,問廖哥總公司特勤,Branch,#Simple,1,何をしにここへ？,
d30c62acdc62c5c962b5117bd28fb80c.bundle,問廖哥總公司特勤,Say,チキョウ･リョウ,2,さあーな。,
d30c62acdc62c5c962b5117bd28fb80c.bundle,問廖哥總公司特勤,Say,心の声,1,彼との会話は面倒だな……,
d30c62acdc62c5c962b5117bd28fb80c.bundle,問廖哥總公司特勤,Say,チキョウ･リョウ,3,彼らは機密情報の漏洩を調査するのが仕事だ。恐らくそのために来たんだろう。,
d30c62acdc62c5c962b5117bd28fb80c.bundle,問廖哥總公司特勤,Branch,#Simple,2,誰の機密情報が漏洩したんですか？,
d30c62acdc62c5c962b5117bd28fb80c.bundle,問廖哥總公司特勤,Branch,#Simple,3,ここの機密情報が漏れたんですか？,
d30c62acdc62c5c962b5117bd28fb80c.bundle,問廖哥總公司特勤,Branch,#Simple,4,情報セキュリティ部はどんなところですか？,
d30c62acdc62c5c962b5117bd28fb80c.bundle,問廖哥總公司特勤,Say,チキョウ･リョウ,4,機密情報の漏洩を調べる部門だ。,
d30c62acdc62c5c962b5117bd28fb80c.bundle,問廖哥總公司特勤,Say,心の声,2,機密情報……？,
d30c62acdc62c5c962b5117bd28fb80c.bundle,問廖哥總公司特勤,Branch,#Simple,5,……,
d30c62acdc62c5c962b5117bd28fb80c.bundle,問廖哥總公司特勤,Say,チキョウ･リョウ,5,もういいだろ。仕事の邪魔だ。,
d30c62acdc62c5c962b5117bd28fb80c.bundle,問廖哥總公司特勤,Say,心の声,3,……話はここまでのようだ。,
d30c62acdc62c5c962b5117bd28fb80c.bundle,問廖哥總公司特勤,Branch,#Simple,6,……,
d30c62acdc62c5c962b5117bd28fb80c.bundle,俊恩走掉阿緯反應,Say,イー･テイ,0,どういうこと？,
d30c62acdc62c5c962b5117bd28fb80c.bundle,俊恩走掉阿緯反應,Say,イー･テイ,1,シュン･ゴと約束してたことをどうして言わなかったんだ？,
d30c62acdc62c5c962b5117bd28fb80c.bundle,俊恩走掉阿緯反應,Branch,#Simple,0,皆で話せばいいかと思いまして。,
d30c62acdc62c5c962b5117bd28fb80c.bundle,俊恩走掉阿緯反應,Say,イー･テイ,2,そういうことはこっちに話を通してからにしてよ！,
d30c62acdc62c5c962b5117bd28fb80c.bundle,俊恩走掉阿緯反應,Branch,#Simple,1,すみません。忘れてました。,
d30c62acdc62c5c962b5117bd28fb80c.bundle,俊恩走掉阿緯反應,Say,イー･テイ,3,忘れた！？,
d30c62acdc62c5c962b5117bd28fb80c.bundle,俊恩走掉阿緯反應,Say,イー･テイ,4,言い訳はそれだけ？,
d30c62acdc62c5c962b5117bd28fb80c.bundle,俊恩走掉阿緯反應,Say,イー･テイ,5,君が何をしたかったかはわからないけど、この一件でシュン･ゴはさらに僕を嫌いになったはずだ。,
d30c62acdc62c5c962b5117bd28fb80c.bundle,俊恩走掉阿緯反應,Say,イー･テイ,6,そもそも困ったことに、彼は以前から理由もなく僕を嫌っていた。今回の件で僕がわざと彼と君の会話を邪魔したと誤解したはずだよ！,
d30c62acdc62c5c962b5117bd28fb80c.bundle,俊恩走掉阿緯反應,Branch,#Simple,2,二人がこんなに険悪な関係だとは知りませんでした。,
d30c62acdc62c5c962b5117bd28fb80c.bundle,俊恩走掉阿緯反應,Say,イー･テイ,7,今のでわかっただろう……,
d30c62acdc62c5c962b5117bd28fb80c.bundle,俊恩走掉阿緯反應,Branch,#Simple,3,すみません。まさかこんなことになるとは。,
d30c62acdc62c5c962b5117bd28fb80c.bundle,俊恩走掉阿緯反應,Say,イー･テイ,8,はぁ、僕も……,
d30c62acdc62c5c962b5117bd28fb80c.bundle,俊恩走掉阿緯反應,Branch,#Simple,4,……,
d30c62acdc62c5c962b5117bd28fb80c.bundle,俊恩走掉阿緯反應,Say,イー･テイ,9,もういいよ、過ぎたことだ。,
d30c62acdc62c5c962b5117bd28fb80c.bundle,俊恩走掉阿緯反應,Say,イー･テイ,10,……,
d30c62acdc62c5c962b5117bd28fb80c.bundle,俊恩走掉阿緯反應,Say,イー･テイ,11,ごめん。ちょっと感情的になってた。シュン･ゴがあそこまで怒るなんてびっくりだろう？,
d30c62acdc62c5c962b5117bd28fb80c.bundle,俊恩走掉阿緯反應,Say,イー･テイ,12,昔の彼はああじゃなかったんだ。あー、もうっ。理不尽の域を超えてるよ……,
d30c62acdc62c5c962b5117bd28fb80c.bundle,俊恩走掉阿緯反應,Say,イー･テイ,13,僕もシュンのせいで、かなり頭を悩ませてるよ。,
d30c62acdc62c5c962b5117bd28fb80c.bundle,俊恩走掉阿緯反應,Branch,#Simple,5,何に悩んでいるんですか？,
d30c62acdc62c5c962b5117bd28fb80c.bundle,俊恩走掉阿緯反應,Say,イー･テイ,14,ここに呼び出したのはそれを話すためだ。,
d30c62acdc62c5c962b5117bd28fb80c.bundle,俊恩走掉阿緯反應,Branch,#Simple,6,……,
d30c62acdc62c5c962b5117bd28fb80c.bundle,俊恩走掉阿緯反應,Say,イー･テイ,15,……,
d30c62acdc62c5c962b5117bd28fb80c.bundle,俊恩走掉阿緯反應,Say,イー･テイ,16,はぁ……,
d30c62acdc62c5c962b5117bd28fb80c.bundle,俊恩走掉阿緯反應,Say,イー･テイ,17,あんなところを見せて悪かったね。,
d30c62acdc62c5c962b5117bd28fb80c.bundle,俊恩走掉阿緯反應,Say,イー･テイ,18,もしかしたら今回はちゃんと彼と話せるかなと思ってたんだ……,
d30c62acdc62c5c962b5117bd28fb80c.bundle,俊恩走掉阿緯反應,Say,イー･テイ,19,チャンスだと思ったんだけど、僕の勘違いだったね。,
d30c62acdc62c5c962b5117bd28fb80c.bundle,俊恩走掉阿緯反應,Branch,#Simple,7,実は、彼はあなたに来てほしくないと言ってました。,
d30c62acdc62c5c962b5117bd28fb80c.bundle,俊恩走掉阿緯反應,Say,イー･テイ,20,なに！？,
d30c62acdc62c5c962b5117bd28fb80c.bundle,俊恩走掉阿緯反應,Say,イー･テイ,21,なぜそれを言わず、そのまま僕を連れて来たんだ？,
d30c62acdc62c5c962b5117bd28fb80c.bundle,俊恩走掉阿緯反應,Branch,#Simple,8,一緒に話すのも悪くないと思いまして。,
d30c62acdc62c5c962b5117bd28fb80c.bundle,俊恩走掉阿緯反應,Say,イー･テイ,22,ハハ……この結果を見てもそう言えるかい？,
d30c62acdc62c5c962b5117bd28fb80c.bundle,俊恩走掉阿緯反應,Say,イー･テイ,23,……,
d30c62acdc62c5c962b5117bd28fb80c.bundle,俊恩走掉阿緯反應,Branch,#Simple,9,二人がここまで険悪な関係だとは思いませんでした。,
d30c62acdc62c5c962b5117bd28fb80c.bundle,俊恩走掉阿緯反應,Say,イー･テイ,24,いや、シュン･ゴがあそこまで神経質なやつだとは誰も思わないからね。,
d30c62acdc62c5c962b5117bd28fb80c.bundle,俊恩走掉阿緯反應,Say,イー･テイ,25,いいかい。次にこういうことがあったら絶対に先に教えて。,
d30c62acdc62c5c962b5117bd28fb80c.bundle,俊恩走掉阿緯反應,Branch,#Simple,10,わかりました。,
d30c62acdc62c5c962b5117bd28fb80c.bundle,俊恩走掉阿緯反應,Say,イー･テイ,26,ありがとう。,
d30c62acdc62c5c962b5117bd28fb80c.bundle,俊恩走掉阿緯反應,Branch,#Simple,11,それは約束できません。,
d30c62acdc62c5c962b5117bd28fb80c.bundle,俊恩走掉阿緯反應,Say,イー･テイ,27,……なぜ？,
d30c62acdc62c5c962b5117bd28fb80c.bundle,俊恩走掉阿緯反應,Branch,#Simple,12,状況によりますし、どんな状況になるかは、わかりようがないので。,
d30c62acdc62c5c962b5117bd28fb80c.bundle,俊恩走掉阿緯反應,Say,イー･テイ,28,……,
d30c62acdc62c5c962b5117bd28fb80c.bundle,俊恩走掉阿緯反應,Say,イー･テイ,29,それならこれからは、あなたの言葉にもっと注意を払うよ。,
d30c62acdc62c5c962b5117bd28fb80c.bundle,俊恩走掉阿緯反應,Say,心の声,0,仕方がないと思ってるだけで、怒ってはいないようだ……,
d30c62acdc62c5c962b5117bd28fb80c.bundle,俊恩走掉阿緯反應,Branch,#Simple,13,わかりました、約束します。,
d30c62acdc62c5c962b5117bd28fb80c.bundle,俊恩走掉阿緯反應,Say,イー･テイ,30,ありがとう。,
d30c62acdc62c5c962b5117bd28fb80c.bundle,俊恩走掉阿緯反應,Branch,#Simple,14,……,
d30c62acdc62c5c962b5117bd28fb80c.bundle,俊恩走掉阿緯反應,Say,イー･テイ,31,……,
d30c62acdc62c5c962b5117bd28fb80c.bundle,俊恩走掉阿緯反應,Say,イー･テイ,32,話を本題に戻そう。君をここに連れてきた理由についてだ。,
d30c62acdc62c5c962b5117bd28fb80c.bundle,俊恩走掉阿緯反應,Say,心の声,1,眼光が鋭くなった……,
d30c62acdc62c5c962b5117bd28fb80c.bundle,俊恩走掉阿緯反應,Say,イー･テイ,33,行こう。あっちで話そうか。,
d30c62acdc62c5c962b5117bd28fb80c.bundle,等到吳俊恩修完,Say,シュン･ゴ,0,お待たせしました、もう終わりました。,
d30c62acdc62c5c962b5117bd28fb80c.bundle,等到吳俊恩修完,Say,シュン･ゴ,1,行きましょう。,
d30c62acdc62c5c962b5117bd28fb80c.bundle,等到吳俊恩修完,Say,シュン･ゴ,2,今から車に乗ります。,
d30c62acdc62c5c962b5117bd28fb80c.bundle,等到吳俊恩修完,Say,心の声,0,車に……？,
d30c62acdc62c5c962b5117bd28fb80c.bundle,等到吳俊恩修完,Branch,#Simple,0,なぜ車に？,
d30c62acdc62c5c962b5117bd28fb80c.bundle,等到吳俊恩修完,Say,シュン･ゴ,3,あなたの想像よりずっとセラーが広いからです。,
d30c62acdc62c5c962b5117bd28fb80c.bundle,等到吳俊恩修完,Branch,#Simple,1,……,
d30c62acdc62c5c962b5117bd28fb80c.bundle,等到吳俊恩修完,Say,シュン･ゴ,4,セラーの各ステーションは車移動じゃないと遠すぎます。,
d30c62acdc62c5c962b5117bd28fb80c.bundle,等到吳俊恩修完,Say,シュン･ゴ,5,それにセラーの内部には少量の放射線があります。,
d30c62acdc62c5c962b5117bd28fb80c.bundle,等到吳俊恩修完,Say,シュン･ゴ,6,人体への影響は少ないですが、直接の被ばくはあまり良くありません。,
d30c62acdc62c5c962b5117bd28fb80c.bundle,莊智宣搭話,Say,チシュン･ソウ,0,僕はチシュン･ソウ。初めまして。,
d30c62acdc62c5c962b5117bd28fb80c.bundle,莊智宣搭話,Branch,#Simple,0,どっか行け。,
d30c62acdc62c5c962b5117bd28fb80c.bundle,莊智宣搭話,Say,チシュン･ソウ,1,そんなこと言わずにさ！,
d30c62acdc62c5c962b5117bd28fb80c.bundle,莊智宣搭話,Branch,#Simple,1,どうも。,
d30c62acdc62c5c962b5117bd28fb80c.bundle,莊智宣搭話,Say,チシュン･ソウ,2,ど～も。,
d30c62acdc62c5c962b5117bd28fb80c.bundle,莊智宣搭話,Branch,#Simple,2,……,
d30c62acdc62c5c962b5117bd28fb80c.bundle,莊智宣搭話,Say,チシュン･ソウ,3,実はね、大事な話を君としたいんだ。,
d30c62acdc62c5c962b5117bd28fb80c.bundle,莊智宣搭話,Say,チシュン･ソウ,4,君も興味のある話だと思うよ。,
d30c62acdc62c5c962b5117bd28fb80c.bundle,莊智宣搭話,Say,チシュン･ソウ,5,よかったら、こっちに来てくれないかな？,
d30c62acdc62c5c962b5117bd28fb80c.bundle,莊智宣搭話,Say,心の声,0,見た目よりずっと愛想のいいやつだ……,
d30c62acdc62c5c962b5117bd28fb80c.bundle,莊智宣搭話,Branch,#Simple,3,人違いじゃないか？,
d30c62acdc62c5c962b5117bd28fb80c.bundle,莊智宣搭話,Say,チシュン･ソウ,6,いいや。間違いないよ。,
d30c62acdc62c5c962b5117bd28fb80c.bundle,莊智宣搭話,Branch,#Simple,4,俺はあんたのことを知らない。,
d30c62acdc62c5c962b5117bd28fb80c.bundle,莊智宣搭話,Say,チシュン･ソウ,7,まだ知らないだけだよ。,
d30c62acdc62c5c962b5117bd28fb80c.bundle,莊智宣搭話,Say,チシュン･ソウ,8,後でちゃんと知れるからさ。,
d30c62acdc62c5c962b5117bd28fb80c.bundle,莊智宣搭話,Say,心の声,1,……なに？,
d30c62acdc62c5c962b5117bd28fb80c.bundle,莊智宣搭話,Branch,#Simple,5,わかった。,
d30c62acdc62c5c962b5117bd28fb80c.bundle,莊智宣搭話,Say,チシュン･ソウ,9,へぇ！案外協力的だね。,
d30c62acdc62c5c962b5117bd28fb80c.bundle,莊智宣搭話,Say,チシュン･ソウ,10,よろしい、よろしい。,
d30c62acdc62c5c962b5117bd28fb80c.bundle,莊智宣搭話,Say,チシュン･ソウ,11,僕を信じた方が君のためにもなるしね。,
d30c62acdc62c5c962b5117bd28fb80c.bundle,莊智宣搭話,Say,チシュン･ソウ,12,それに減るもんじゃないし。さあ、こっちに来て。,
d30c62acdc62c5c962b5117bd28fb80c.bundle,莊智宣搭話,Say,心の声,2,何なんだ……,
d30c62acdc62c5c962b5117bd28fb80c.bundle,莊智宣搭話,Say,心の声,3,時間の無駄にならないといいが……,
d30c62acdc62c5c962b5117bd28fb80c.bundle,趕主角出病房,Say,スイ･ニン,0,それとそこの君。,
d30c62acdc62c5c962b5117bd28fb80c.bundle,趕主角出病房,Say,スイ･ニン,1,外に出てください。,
d30c62acdc62c5c962b5117bd28fb80c.bundle,趕主角出病房,Say,心の声,0,でもリンは……,
d30c62acdc62c5c962b5117bd28fb80c.bundle,趕主角出病房,Say,スイ･ニン,2,患者の容体が心配なのはわかる。,
d30c62acdc62c5c962b5117bd28fb80c.bundle,趕主角出病房,Say,スイ･ニン,3,でもここにいられると、手術に入れないんだ。,
d30c62acdc62c5c962b5117bd28fb80c.bundle,趕主角出病房,Say,スイ･ニン,4,大事な処置時間を無駄にしたくないでしょう？,
d30c62acdc62c5c962b5117bd28fb80c.bundle,趕主角出病房,Say,スイ･ニン,5,外にベンチがあるから、そこで待っててください。,
d30c62acdc62c5c962b5117bd28fb80c.bundle,趕主角出病房,Say,心の声,1,リンの側から離れたくはないが、俺がここにいてもしょうがない……,
d30c62acdc62c5c962b5117bd28fb80c.bundle,趕主角出病房,Say,心の声,2,とりあえず外で待とう。,
d30c62acdc62c5c962b5117bd28fb80c.bundle,打完想法,Say,心の声,0,はぁ……はぁ……,
d30c62acdc62c5c962b5117bd28fb80c.bundle,打完想法,Say,心の声,1,やった……,
d30c62acdc62c5c962b5117bd28fb80c.bundle,打完想法,Say,心の声,2,一体どういうことだ……！？,
d30c62acdc62c5c962b5117bd28fb80c.bundle,打完想法,Say,心の声,3,そうだ。もう一人……,
d30c62acdc62c5c962b5117bd28fb80c.bundle,跟俊恩說開始,Say,シュン･ゴ,0,棚上げの準備ができましたか？,
d30c62acdc62c5c962b5117bd28fb80c.bundle,跟俊恩說開始,Branch,#Simple,0,はい、始めてください。,
d30c62acdc62c5c962b5117bd28fb80c.bundle,跟俊恩說開始,Say,シュン･ゴ,1,わかりました。,
d30c62acdc62c5c962b5117bd28fb80c.bundle,跟俊恩說開始,Branch,#Simple,1,もう少し確認したいです。,
d30c62acdc62c5c962b5117bd28fb80c.bundle,跟俊恩說開始,Say,シュン･ゴ,2,わかりました。,
d30c62acdc62c5c962b5117bd28fb80c.bundle,地窖電梯導覽2,Say,シュン･ゴ,0,今通った場所が中央制御エリアです。,
d30c62acdc62c5c962b5117bd28fb80c.bundle,地窖電梯導覽2,Say,シュン･ゴ,1,ここはサイレントの資源分配中継ステーションです。,
d30c62acdc62c5c962b5117bd28fb80c.bundle,地窖電梯導覽2,Branch,#Simple,0,分配する資源をどういったものですか？,
d30c62acdc62c5c962b5117bd28fb80c.bundle,地窖電梯導覽2,Say,シュン･ゴ,2,他の工場に必要な原材料とかですね。,
d30c62acdc62c5c962b5117bd28fb80c.bundle,地窖電梯導覽2,Branch,#Simple,1,中継ステーション？,
d30c62acdc62c5c962b5117bd28fb80c.bundle,地窖電梯導覽2,Say,シュン･ゴ,3,集められた物資がここを中継し別の工場へと運ばれます。ほとんどは原材料ですね。,
d30c62acdc62c5c962b5117bd28fb80c.bundle,地窖電梯導覽2,Say,シュン･ゴ,4,ほとんどの演算工場は3～5カ所の全自動工場とリンクしており、ここで制御しています。,
d30c62acdc62c5c962b5117bd28fb80c.bundle,地窖電梯導覽2,Say,シュン･ゴ,5,それらのほとんどが原材料の加工場、または製品のラインです。例にサイレントはいくつかの錬鋼炉と自動車工場とリンクしています。,
d30c62acdc62c5c962b5117bd28fb80c.bundle,地窖電梯導覽2,Say,シュン･ゴ,6,演算工場は「脳」として材料を分配し、リンクしている工場の効率を最大化できます。,
d30c62acdc62c5c962b5117bd28fb80c.bundle,地窖電梯導覽2,Say,シュン･ゴ,7,一種のIoTとも言えます。,
d30c62acdc62c5c962b5117bd28fb80c.bundle,地窖電梯導覽2,Say,心の声,0,サイレントは他の工場も制御しているということか……,
d30c62acdc62c5c962b5117bd28fb80c.bundle,地窖電梯導覽2,Branch,#Simple,2,……,
d30c62acdc62c5c962b5117bd28fb80c.bundle,地窖電梯導覽2,Say,シュン･ゴ,8,このエリアも自動で動いていますが、一部の修理作業は人工で行っています。,
d30c62acdc62c5c962b5117bd28fb80c.bundle,地窖電梯導覽2,Say,シュン･ゴ,9,だからここは修築組のメイン拠点でもあります。彼らは施設全体のメンテナンスを担当しています。,
d30c62acdc62c5c962b5117bd28fb80c.bundle,地窖電梯導覽2,Say,シュン･ゴ,10,噂によると、オペレーションコアもここにあるらしいです。,
d30c62acdc62c5c962b5117bd28fb80c.bundle,地窖電梯導覽2,Branch,#Simple,3,噂？,
d30c62acdc62c5c962b5117bd28fb80c.bundle,地窖電梯導覽2,Say,シュン･ゴ,11,オペレーションコアは全工場の最高機密ですから。,
d30c62acdc62c5c962b5117bd28fb80c.bundle,地窖電梯導覽2,Say,シュン･ゴ,12,私を含めたほとんどの人間はその所在地すら知りません。,
d30c62acdc62c5c962b5117bd28fb80c.bundle,地窖電梯導覽2,Say,シュン･ゴ,13,でも修築組の友人から聞いた話によると、本社の技術者がこのエレベーターに乗って定期メンテナンスをしているそうです。,
d30c62acdc62c5c962b5117bd28fb80c.bundle,地窖電梯導覽2,Branch,#Simple,4,オペレーションコアとは？,
d30c62acdc62c5c962b5117bd28fb80c.bundle,地窖電梯導覽2,Say,シュン･ゴ,14,……,
d30c62acdc62c5c962b5117bd28fb80c.bundle,地窖電梯導覽2,Say,心の声,1,俺にもわかるように説明をまとめているのか……？,
d30c62acdc62c5c962b5117bd28fb80c.bundle,地窖電梯導覽2,Say,シュン･ゴ,15,オペレーションコアは、この工場の脳だと考えてください。,
d30c62acdc62c5c962b5117bd28fb80c.bundle,地窖電梯導覽2,Say,シュン･ゴ,16,全ての作業の順番、方法を計算し、さらにここで起きた全てのことを集めて分析します。,
d30c62acdc62c5c962b5117bd28fb80c.bundle,地窖電梯導覽2,Say,シュン･ゴ,17,セラーから吸い上げた演算力を糧に……,
d30c62acdc62c5c962b5117bd28fb80c.bundle,地窖電梯導覽2,Say,シュン･ゴ,18,オペレーションコアは様々な演算を行っています。,
d30c62acdc62c5c962b5117bd28fb80c.bundle,地窖電梯導覽2,Say,心の声,2,工場全体の管理者みたいなものか……？,
d30c62acdc62c5c962b5117bd28fb80c.bundle,地窖電梯導覽2,Say,シュン･ゴ,19,オペレーションコアには名前がありませんが、皆は工場のコードネームでこう呼んでいます。,
d30c62acdc62c5c962b5117bd28fb80c.bundle,地窖電梯導覽2,Say,シュン･ゴ,20,サイレント、と。,
d30c62acdc62c5c962b5117bd28fb80c.bundle,地窖電梯導覽2,Branch,#Simple,5,……,
d30c62acdc62c5c962b5117bd28fb80c.bundle,地窖電梯導覽2,Branch,#Simple,6,オペレーションコアとは？,
d30c62acdc62c5c962b5117bd28fb80c.bundle,地窖電梯導覽2,Branch,#Simple,7,……,
d30c62acdc62c5c962b5117bd28fb80c.bundle,地窖電梯導覽2,Say,シュン･ゴ,21,中央制御エリアの話をしましょう。,
d30c62acdc62c5c962b5117bd28fb80c.bundle,地窖電梯導覽2,Say,シュン･ゴ,22,エレベーターの中なので感じられませんが、実はここの温度がかなり高いのです。,
d30c62acdc62c5c962b5117bd28fb80c.bundle,地窖電梯導覽2,Say,シュン･ゴ,23,外の温度は私たち人類が正常に活動できないほどです。,
d30c62acdc62c5c962b5117bd28fb80c.bundle,地窖電梯導覽2,Branch,#Simple,8,修築組の人たちはここで仕事を？,
d30c62acdc62c5c962b5117bd28fb80c.bundle,地窖電梯導覽2,Say,シュン･ゴ,24,はい。ですから危険を伴う仕事なのです。,
d30c62acdc62c5c962b5117bd28fb80c.bundle,地窖電梯導覽2,Say,シュン･ゴ,25,理論上、防護服を着ていれば問題ないのですが……,
d30c62acdc62c5c962b5117bd28fb80c.bundle,地窖電梯導覽2,Say,シュン･ゴ,26,友人の話によると、新しい防護服は何年も支給されていないそうです。,
d30c62acdc62c5c962b5117bd28fb80c.bundle,地窖電梯導覽2,Say,心の声,3,かなり心配しているようだ……,
d30c62acdc62c5c962b5117bd28fb80c.bundle,地窖電梯導覽2,Say,シュン･ゴ,27,どの部門にも同じことが起きています……,
d30c62acdc62c5c962b5117bd28fb80c.bundle,地窖電梯導覽2,Branch,#Simple,9,操作組もですか？,
d30c62acdc62c5c962b5117bd28fb80c.bundle,地窖電梯導覽2,Say,シュン･ゴ,28,はい。むしろ他と比べても酷いほうだと思います。,
d30c62acdc62c5c962b5117bd28fb80c.bundle,地窖電梯導覽2,Say,シュン･ゴ,29,おそらく最近の会社の計画に関わっていると思うのですが、あくまでも推測の域を出ません。,
d30c62acdc62c5c962b5117bd28fb80c.bundle,地窖電梯導覽2,Say,心の声,4,……計画？,
d30c62acdc62c5c962b5117bd28fb80c.bundle,地窖電梯導覽2,Branch,#Simple,10,会社はコストを下げようとしていると？,
d30c62acdc62c5c962b5117bd28fb80c.bundle,地窖電梯導覽2,Say,シュン･ゴ,30,それももちろんですが……,
d30c62acdc62c5c962b5117bd28fb80c.bundle,地窖電梯導覽2,Branch,#Simple,11,……,
d30c62acdc62c5c962b5117bd28fb80c.bundle,地窖電梯導覽2,Say,シュン･ゴ,31,話が逸れましたね。中央制御エリアの温度の話に戻しましょう。,
d30c62acdc62c5c962b5117bd28fb80c.bundle,地窖電梯導覽2,Branch,#Simple,12,正常に活動できないほどってどういうことですか？,
d30c62acdc62c5c962b5117bd28fb80c.bundle,地窖電梯導覽2,Say,シュン･ゴ,32,……,
d30c62acdc62c5c962b5117bd28fb80c.bundle,地窖電梯導覽2,Say,心の声,5,固まっている。どうやらそれについて考えたことがなかったようだ。,
d30c62acdc62c5c962b5117bd28fb80c.bundle,地窖電梯導覽2,Say,シュン･ゴ,33,正直に言うと、それについて深く考えたことがありませんでした。,
d30c62acdc62c5c962b5117bd28fb80c.bundle,地窖電梯導覽2,Say,シュン･ゴ,34,人が、溶けるとか……？,
d30c62acdc62c5c962b5117bd28fb80c.bundle,地窖電梯導覽2,Say,心の声,6,溶ける……？,
d30c62acdc62c5c962b5117bd28fb80c.bundle,地窖電梯導覽2,Say,シュン･ゴ,35,そこまで酷くないですかね。,
d30c62acdc62c5c962b5117bd28fb80c.bundle,地窖電梯導覽2,Say,シュン･ゴ,36,とにかく人体がダメージを負うほどの温度です。ですから修築組はここで働く時に、いつも防護服を身につけています。,
d30c62acdc62c5c962b5117bd28fb80c.bundle,地窖電梯導覽2,Say,シュン･ゴ,37,……,
d30c62acdc62c5c962b5117bd28fb80c.bundle,地窖電梯導覽2,Branch,#Simple,13,……,
d30c62acdc62c5c962b5117bd28fb80c.bundle,地窖電梯導覽2,Say,シュン･ゴ,38,そして排熱問題を解決するために、この工場には海水冷却システムがあります。,
d30c62acdc62c5c962b5117bd28fb80c.bundle,地窖電梯導覽2,Say,シュン･ゴ,39,これはサイレント初の技術で、それまでの演算工場は皆、熱暴走の問題を抱えていました。,
d30c62acdc62c5c962b5117bd28fb80c.bundle,地窖電梯導覽2,Say,シュン･ゴ,40,現在は冷却用に海水を流し込むことで発生した水蒸気を使い、中央制御エリアの上にあるタービンで発電しています。,
d30c62acdc62c5c962b5117bd28fb80c.bundle,地窖電梯導覽2,Say,シュン･ゴ,41,このような工場の自給自足により、とても効率のいいシステムが生まれたというわけです。,
d30c62acdc62c5c962b5117bd28fb80c.bundle,地窖電梯導覽2,Say,心の声,7,自慢げに話している……,
d30c62acdc62c5c962b5117bd28fb80c.bundle,地窖電梯導覽2,Say,シュン･ゴ,42,しかしながら、先進的な技術でこの工場が作られたとはいえ……,
d30c62acdc62c5c962b5117bd28fb80c.bundle,地窖電梯導覽2,Say,シュン･ゴ,43,何年も経れば劣化は免れられません。,
d30c62acdc62c5c962b5117bd28fb80c.bundle,地窖電梯導覽2,Branch,#Simple,14,そんなに酷いんですか？,
d30c62acdc62c5c962b5117bd28fb80c.bundle,地窖電梯導覽2,Say,シュン･ゴ,44,稼働を維持するだけで精一杯です。,
d30c62acdc62c5c962b5117bd28fb80c.bundle,地窖電梯導覽2,Branch,#Simple,15,どうして修理をしないんですか？,
d30c62acdc62c5c962b5117bd28fb80c.bundle,地窖電梯導覽2,Say,シュン･ゴ,45,コストの問題です。,
d30c62acdc62c5c962b5117bd28fb80c.bundle,地窖電梯導覽2,Branch,#Simple,16,……,
d30c62acdc62c5c962b5117bd28fb80c.bundle,地窖電梯導覽2,Say,心の声,8,シュン･ゴが苦笑いしている……,
d30c62acdc62c5c962b5117bd28fb80c.bundle,地窖電梯導覽2,Say,シュン･ゴ,46,もうすぐ海水エリアに入ります。,
d30c62acdc62c5c962b5117bd28fb80c.bundle,地窖電梯導覽2,Say,シュン･ゴ,47,現在の水量はまだ満杯ではないので、中央制御エリア全体が水に浸かっているわけではありません。,
d30c62acdc62c5c962b5117bd28fb80c.bundle,地窖電梯導覽2,Say,シュン･ゴ,48,もうすぐセラーに着きます。,
d30c62acdc62c5c962b5117bd28fb80c.bundle,上車吧,Say,シュン･ゴ,0,車に乗ってください。,
d30c62acdc62c5c962b5117bd28fb80c.bundle,跟楊冶平尷尬搭電梯3,Say,シヘイ･ヨウ,0,じゃあ、また後で。えっと……,
d30c62acdc62c5c962b5117bd28fb80c.bundle,跟楊冶平尷尬搭電梯3,Branch,#Simple,0,ジェイ･ダイです。,
d30c62acdc62c5c962b5117bd28fb80c.bundle,跟楊冶平尷尬搭電梯3,Say,シヘイ･ヨウ,1,ああ、そうだった！ジェイ･ダイ！,
d30c62acdc62c5c962b5117bd28fb80c.bundle,跟楊冶平尷尬搭電梯3,Say,シヘイ･ヨウ,2,ごめんごめん。ハハ！,
d30c62acdc62c5c962b5117bd28fb80c.bundle,跟楊冶平尷尬搭電梯3,Branch,#Simple,1,どうしました？,
d30c62acdc62c5c962b5117bd28fb80c.bundle,跟楊冶平尷尬搭電梯3,Say,シヘイ･ヨウ,3,い、いや。何でもない！,
d30c62acdc62c5c962b5117bd28fb80c.bundle,跟楊冶平尷尬搭電梯3,Branch,#Simple,2,……,
d30c62acdc62c5c962b5117bd28fb80c.bundle,跟楊冶平尷尬搭電梯3,Say,シヘイ･ヨウ,4,じゃあね～。,
d30c62acdc62c5c962b5117bd28fb80c.bundle,跟楊冶平尷尬搭電梯3,Branch,#Simple,3,はい。,
d30c62acdc62c5c962b5117bd28fb80c.bundle,跟楊冶平尷尬搭電梯3,Branch,#Simple,4,……,
d30c62acdc62c5c962b5117bd28fb80c.bundle,是否制動,Branch,#Simple,0,「緊急停止」,
d30c62acdc62c5c962b5117bd28fb80c.bundle,是否制動,Branch,#Simple,1,……,
