bundle_file,node,type,role,say_index,japanese,korean
c93dee5141b63d08d3d8b0514cdfd4fb.bundle,回到司徒基地,Say,リュウセイ･チョウ,0,23姉たちに連絡したっす……,
c93dee5141b63d08d3d8b0514cdfd4fb.bundle,回到司徒基地,Say,リン･テイ,0,彼女たちは大丈夫なのか？,
c93dee5141b63d08d3d8b0514cdfd4fb.bundle,回到司徒基地,Say,リュウセイ･チョウ,1,まだホワイトリザードを追ってるみたいっす。,
c93dee5141b63d08d3d8b0514cdfd4fb.bundle,回到司徒基地,Say,リュウセイ･チョウ,2,スイ姉はすでにフクロウの本隊と合流して、包囲網を展開してるみたいっす。,
c93dee5141b63d08d3d8b0514cdfd4fb.bundle,回到司徒基地,Say,リュウセイ･チョウ,3,これでホワイトリザードは逃げられないはずっす！,
c93dee5141b63d08d3d8b0514cdfd4fb.bundle,回到司徒基地,Say,リュウセイ･チョウ,4,やっとリンさんの仇が取れるっすね！,
c93dee5141b63d08d3d8b0514cdfd4fb.bundle,回到司徒基地,Say,リン･テイ,1,うん……,
c93dee5141b63d08d3d8b0514cdfd4fb.bundle,回到司徒基地,Say,リュウセイ･チョウ,5,もう23姉は戻って来てるみたいっすよ。,
c93dee5141b63d08d3d8b0514cdfd4fb.bundle,回到司徒基地,Branch,#Simple,0,スイ･ニン一人で大丈夫なのか？,
c93dee5141b63d08d3d8b0514cdfd4fb.bundle,回到司徒基地,Say,リュウセイ･チョウ,6,他のエージェントもいるっすから、心配ないっすよ。,
c93dee5141b63d08d3d8b0514cdfd4fb.bundle,回到司徒基地,Branch,#Simple,1,後どれくらいで着く？,
c93dee5141b63d08d3d8b0514cdfd4fb.bundle,回到司徒基地,Say,リュウセイ･チョウ,7,それについては何も言ってなかったっすね。,
c93dee5141b63d08d3d8b0514cdfd4fb.bundle,回到司徒基地,Say,リュウセイ･チョウ,8,そんなには、かからないと思うっす。,
c93dee5141b63d08d3d8b0514cdfd4fb.bundle,回到司徒基地,Branch,#Simple,2,……,
c93dee5141b63d08d3d8b0514cdfd4fb.bundle,回到司徒基地,Say,リュウセイ･チョウ,9,23姉はスイ姉の指示で戻ってくるみたいっすね。,
c93dee5141b63d08d3d8b0514cdfd4fb.bundle,回到司徒基地,Say,リュウセイ･チョウ,10,……ここに僕一人なのが心配なんすかね。,
c93dee5141b63d08d3d8b0514cdfd4fb.bundle,回到司徒基地,Branch,#Simple,3,まだまだ未熟だからな。,
c93dee5141b63d08d3d8b0514cdfd4fb.bundle,回到司徒基地,Branch,#Simple,4,それは考えすぎだ。,
c93dee5141b63d08d3d8b0514cdfd4fb.bundle,回到司徒基地,Say,リュウセイ･チョウ,11,……,
c93dee5141b63d08d3d8b0514cdfd4fb.bundle,回到司徒基地,Branch,#Simple,5,……,
c93dee5141b63d08d3d8b0514cdfd4fb.bundle,回到司徒基地,Say,リン･テイ,2,それで……,
c93dee5141b63d08d3d8b0514cdfd4fb.bundle,回到司徒基地,Say,リン･テイ,3,一体何が起きたの？,
c93dee5141b63d08d3d8b0514cdfd4fb.bundle,回到司徒基地,Say,リン･テイ,4,大変そうだったわよね……？,
c93dee5141b63d08d3d8b0514cdfd4fb.bundle,回到司徒基地,Say,リュウセイ･チョウ,12,……,
c93dee5141b63d08d3d8b0514cdfd4fb.bundle,回到司徒基地,Say,心の声,0,……,
c93dee5141b63d08d3d8b0514cdfd4fb.bundle,回到司徒基地,Say,リュウセイ･チョウ,13,確かに大変だったっす。,
c93dee5141b63d08d3d8b0514cdfd4fb.bundle,回到司徒基地,Say,リュウセイ･チョウ,14,計画のほとんどが失敗に終わったっすからね。,
c93dee5141b63d08d3d8b0514cdfd4fb.bundle,回到司徒基地,Say,リュウセイ･チョウ,15,簡単に言うと、僕たちは敵の本隊が来る前に、子どもたちを現場から助け出そうとしてたっす。,
c93dee5141b63d08d3d8b0514cdfd4fb.bundle,回到司徒基地,Say,リン･テイ,5,本隊？,
c93dee5141b63d08d3d8b0514cdfd4fb.bundle,回到司徒基地,Say,リュウセイ･チョウ,16,えっと……,
c93dee5141b63d08d3d8b0514cdfd4fb.bundle,回到司徒基地,Say,リュウセイ･チョウ,17,前に言ってたホワイトリザードとその傭兵っす。,
c93dee5141b63d08d3d8b0514cdfd4fb.bundle,回到司徒基地,Say,リン･テイ,6,それで？,
c93dee5141b63d08d3d8b0514cdfd4fb.bundle,回到司徒基地,Say,リュウセイ･チョウ,18,でもこれ自体がホワイトリザードの罠だったっす。とはいえ、取引も実際に行われてはいたっす。,
c93dee5141b63d08d3d8b0514cdfd4fb.bundle,回到司徒基地,Say,リュウセイ･チョウ,19,結局、スイ姉と助っ人、そしてジェイの兄貴が傭兵たちに包囲されたっす。,
c93dee5141b63d08d3d8b0514cdfd4fb.bundle,回到司徒基地,Say,リン･テイ,7,ちょっと待って、何でジェイまで……？,
c93dee5141b63d08d3d8b0514cdfd4fb.bundle,回到司徒基地,Branch,#Simple,6,敵の偵察を任されたんだ。,
c93dee5141b63d08d3d8b0514cdfd4fb.bundle,回到司徒基地,Branch,#Simple,7,細かいことは後にしよう。とにかく俺も包囲されていた。,
c93dee5141b63d08d3d8b0514cdfd4fb.bundle,回到司徒基地,Say,リン･テイ,8,どういうことなの？,
c93dee5141b63d08d3d8b0514cdfd4fb.bundle,回到司徒基地,Say,心の声,1,リンが怒っている……,
c93dee5141b63d08d3d8b0514cdfd4fb.bundle,回到司徒基地,Say,リュウセイ･チョウ,20,じ、実は、スイ姉がジェイの兄貴に敵の偵察を頼んだっす。,
c93dee5141b63d08d3d8b0514cdfd4fb.bundle,回到司徒基地,Say,リュウセイ･チョウ,21,敵が建物の中にこもっていたから……,
c93dee5141b63d08d3d8b0514cdfd4fb.bundle,回到司徒基地,Say,リン･テイ,9,何でジェイなの？,
c93dee5141b63d08d3d8b0514cdfd4fb.bundle,回到司徒基地,Branch,#Simple,8,スイ･ニンの判断だ。,
c93dee5141b63d08d3d8b0514cdfd4fb.bundle,回到司徒基地,Branch,#Simple,9,偵察はそこまで危なくないと判断したからだ。,
c93dee5141b63d08d3d8b0514cdfd4fb.bundle,回到司徒基地,Branch,#Simple,10,他に適任者がいなかったんだ。,
c93dee5141b63d08d3d8b0514cdfd4fb.bundle,回到司徒基地,Say,リン･テイ,10,それでも……！,
c93dee5141b63d08d3d8b0514cdfd4fb.bundle,回到司徒基地,Say,リュウセイ･チョウ,22,僕が行くべきだった。,
c93dee5141b63d08d3d8b0514cdfd4fb.bundle,回到司徒基地,Say,リュウセイ･チョウ,23,ってことっすよね？,
c93dee5141b63d08d3d8b0514cdfd4fb.bundle,回到司徒基地,Say,リン･テイ,11,それは……,
c93dee5141b63d08d3d8b0514cdfd4fb.bundle,回到司徒基地,Say,リュウセイ･チョウ,24,大丈夫っす。僕もそう思ったっすから。,
c93dee5141b63d08d3d8b0514cdfd4fb.bundle,回到司徒基地,Say,リュウセイ･チョウ,25,でもスイ姉はジェイの兄貴に任せた……,
c93dee5141b63d08d3d8b0514cdfd4fb.bundle,回到司徒基地,Say,リュウセイ･チョウ,26,……,
c93dee5141b63d08d3d8b0514cdfd4fb.bundle,回到司徒基地,Say,リュウセイ･チョウ,27,多分、未だに信用してもらえてないからっすね……,
c93dee5141b63d08d3d8b0514cdfd4fb.bundle,回到司徒基地,Say,リン･テイ,12,……,
c93dee5141b63d08d3d8b0514cdfd4fb.bundle,回到司徒基地,Say,リュウセイ･チョウ,28,……,
c93dee5141b63d08d3d8b0514cdfd4fb.bundle,回到司徒基地,Say,心の声,2,……なんだこの重い空気は。,
c93dee5141b63d08d3d8b0514cdfd4fb.bundle,回到司徒基地,Say,リュウセイ･チョウ,29,僕側の状況も説明するっす。,
c93dee5141b63d08d3d8b0514cdfd4fb.bundle,回到司徒基地,Say,リュウセイ･チョウ,30,ジェイの兄貴、スイ姉、助っ人が廃ビルに入った後……,
c93dee5141b63d08d3d8b0514cdfd4fb.bundle,回到司徒基地,Say,リュウセイ･チョウ,31,急に無線が切断されたっす。,
c93dee5141b63d08d3d8b0514cdfd4fb.bundle,回到司徒基地,Say,リュウセイ･チョウ,32,23姉がすぐに電波干渉に気づいたっすけど……,
c93dee5141b63d08d3d8b0514cdfd4fb.bundle,回到司徒基地,Say,リュウセイ･チョウ,33,迂闊に行動するわけにもいかず、23姉がいろんな手を尽くして電波干渉を止めようとしたっす。,
c93dee5141b63d08d3d8b0514cdfd4fb.bundle,回到司徒基地,Say,リュウセイ･チョウ,34,その間に、ヤクザたちが全員廃ビルから出て来て、5、6人の傭兵がトラックの警備を始めたっす。,
c93dee5141b63d08d3d8b0514cdfd4fb.bundle,回到司徒基地,Say,リュウセイ･チョウ,35,その時点で、僕たちはこの取引が罠であると確信したっす。,
c93dee5141b63d08d3d8b0514cdfd4fb.bundle,回到司徒基地,Say,リュウセイ･チョウ,36,でも連絡しようにも、ジェイの兄貴たちとは連絡がつかないので、仕方なく様子を見てたっす。,
c93dee5141b63d08d3d8b0514cdfd4fb.bundle,回到司徒基地,Say,リュウセイ･チョウ,37,しばらくして、廃ビルから銃声が鳴り、トラックの周りにいた傭兵たちが一斉に廃ビルへ突入したっす。,
c93dee5141b63d08d3d8b0514cdfd4fb.bundle,回到司徒基地,Say,リュウセイ･チョウ,38,僕たちはその隙にトラックを調べようとしたけど……,
c93dee5141b63d08d3d8b0514cdfd4fb.bundle,回到司徒基地,Say,リュウセイ･チョウ,39,タイミング悪く、ホワイトリザードと増援の傭兵がここへ到着したっす。,
c93dee5141b63d08d3d8b0514cdfd4fb.bundle,回到司徒基地,Say,リュウセイ･チョウ,40,傭兵は二手に分かれ、半分がトラック、もう半分は廃ビルの中へ入って行ったっす。,
c93dee5141b63d08d3d8b0514cdfd4fb.bundle,回到司徒基地,Say,リュウセイ･チョウ,41,それを見た僕たちはスイ姉たちが殺されるかもと嫌な想像を……,
c93dee5141b63d08d3d8b0514cdfd4fb.bundle,回到司徒基地,Say,リン･テイ,13,……,
c93dee5141b63d08d3d8b0514cdfd4fb.bundle,回到司徒基地,Say,リュウセイ･チョウ,42,23姉が中に入ろうとしたけど……,
c93dee5141b63d08d3d8b0514cdfd4fb.bundle,回到司徒基地,Say,リュウセイ･チョウ,43,僕がなんとか止めたっす。,
c93dee5141b63d08d3d8b0514cdfd4fb.bundle,回到司徒基地,Say,リュウセイ･チョウ,44,それからしばらく経って、やっとスイ姉から連絡が来たっす……,
c93dee5141b63d08d3d8b0514cdfd4fb.bundle,回到司徒基地,Say,リュウセイ･チョウ,45,でも電波が悪すぎて、スイ姉の声は途切れ途切れで……,
c93dee5141b63d08d3d8b0514cdfd4fb.bundle,回到司徒基地,Say,リュウセイ･チョウ,46,スイ姉からは危機的状況であり、「時が来たら」トラックを奪って逃げろと言われたっす。,
c93dee5141b63d08d3d8b0514cdfd4fb.bundle,回到司徒基地,Say,リュウセイ･チョウ,47,でもその「時」っていうのが何なのかを説明する前に、通信が切れたっす。,
c93dee5141b63d08d3d8b0514cdfd4fb.bundle,回到司徒基地,Say,リュウセイ･チョウ,48,その後、トラックを守っていた傭兵たちも3人だけを残し、廃ビルに入って行ったっすけど……,
c93dee5141b63d08d3d8b0514cdfd4fb.bundle,回到司徒基地,Say,リュウセイ･チョウ,49,いつまでも銃声が鳴り止まなくて……,
c93dee5141b63d08d3d8b0514cdfd4fb.bundle,回到司徒基地,Say,心の声,3,多分スイ･ニンが、ホワイトリザードや傭兵と戦っていたんだろう……,
c93dee5141b63d08d3d8b0514cdfd4fb.bundle,回到司徒基地,Say,リュウセイ･チョウ,50,だから僕たちは、すぐに応援に向かったっす。流石にスイ姉と助っ人だけじゃ、あの人数は無理っすからね。,
c93dee5141b63d08d3d8b0514cdfd4fb.bundle,回到司徒基地,Say,リュウセイ･チョウ,51,先に外の3人を倒して……,
c93dee5141b63d08d3d8b0514cdfd4fb.bundle,回到司徒基地,Say,リュウセイ･チョウ,52,廃ビルの入り口に向かったっす。でも急に23姉が僕を静止して……,
c93dee5141b63d08d3d8b0514cdfd4fb.bundle,回到司徒基地,Say,リュウセイ･チョウ,53,これこそがスイ姉が言ってた｢時｣だから逃げようって……,
c93dee5141b63d08d3d8b0514cdfd4fb.bundle,回到司徒基地,Say,リュウセイ･チョウ,54,僕たちはトラックの中から子どもたちを見つけてたから、子どもは救えるけど……,
c93dee5141b63d08d3d8b0514cdfd4fb.bundle,回到司徒基地,Say,リュウセイ･チョウ,55,スイ姉と兄貴も助けるべきだって23姉に言ったら……,
c93dee5141b63d08d3d8b0514cdfd4fb.bundle,回到司徒基地,Say,リュウセイ･チョウ,56,スイ姉からの命令は、子どもたちを助けることだって言われて……,
c93dee5141b63d08d3d8b0514cdfd4fb.bundle,回到司徒基地,Say,リュウセイ･チョウ,57,僕は……,
c93dee5141b63d08d3d8b0514cdfd4fb.bundle,回到司徒基地,Say,リュウセイ･チョウ,58,23姉の方がスイ姉を助けたくて堪らないのに、彼女は必死に我慢したっす。,
c93dee5141b63d08d3d8b0514cdfd4fb.bundle,回到司徒基地,Say,リュウセイ･チョウ,59,その後、23姉は僕をこの場に残し、二台のトラックを仲間の元へ届けに行ったっす。,
c93dee5141b63d08d3d8b0514cdfd4fb.bundle,回到司徒基地,Branch,#Simple,11,仲間？,
c93dee5141b63d08d3d8b0514cdfd4fb.bundle,回到司徒基地,Say,リュウセイ･チョウ,60,「ゴミ溜め」にいた時の旧友って言ってたっす。,
c93dee5141b63d08d3d8b0514cdfd4fb.bundle,回到司徒基地,Say,リュウセイ･チョウ,61,子どもを安全な場所に届けてくれる手筈らしいっす。,
c93dee5141b63d08d3d8b0514cdfd4fb.bundle,回到司徒基地,Branch,#Simple,12,一人で二台のトラックを運転したのか？,
c93dee5141b63d08d3d8b0514cdfd4fb.bundle,回到司徒基地,Say,リュウセイ･チョウ,62,もう一台は自動追尾っす。,
c93dee5141b63d08d3d8b0514cdfd4fb.bundle,回到司徒基地,Branch,#Simple,13,……,
c93dee5141b63d08d3d8b0514cdfd4fb.bundle,回到司徒基地,Say,リュウセイ･チョウ,63,その場に残るよう指示された僕は、スイ姉たちを助けに行きたかった……,
c93dee5141b63d08d3d8b0514cdfd4fb.bundle,回到司徒基地,Say,リュウセイ･チョウ,64,でも23姉からその場から動くなと命令されて……,
c93dee5141b63d08d3d8b0514cdfd4fb.bundle,回到司徒基地,Say,リュウセイ･チョウ,65,車を死守しないと、それこそ皆が助かる手段がなくなるって言われたっす。,
c93dee5141b63d08d3d8b0514cdfd4fb.bundle,回到司徒基地,Say,リュウセイ･チョウ,66,でも本当は……,
c93dee5141b63d08d3d8b0514cdfd4fb.bundle,回到司徒基地,Say,リュウセイ･チョウ,67,スイ姉と助っ人が万が一負けても、せめて僕だけでも逃げろって意味で僕に車を守らせていたと思うっす。,
c93dee5141b63d08d3d8b0514cdfd4fb.bundle,回到司徒基地,Say,リュウセイ･チョウ,68,……,
c93dee5141b63d08d3d8b0514cdfd4fb.bundle,回到司徒基地,Say,リュウセイ･チョウ,69,だから僕も大人しく車の横で待ってたっす。でもそしたら……,
c93dee5141b63d08d3d8b0514cdfd4fb.bundle,回到司徒基地,Say,リュウセイ･チョウ,70,「ドカーン」！,
c93dee5141b63d08d3d8b0514cdfd4fb.bundle,回到司徒基地,Say,リュウセイ･チョウ,71,って大きな爆発が起きたっす。,
c93dee5141b63d08d3d8b0514cdfd4fb.bundle,回到司徒基地,Say,リン･テイ,14,ば、爆発……！？,
c93dee5141b63d08d3d8b0514cdfd4fb.bundle,回到司徒基地,Say,リュウセイ･チョウ,72,はい。でも次の瞬間、スイ姉とジェイの兄貴が廃ビルから出てきたっす！,
c93dee5141b63d08d3d8b0514cdfd4fb.bundle,回到司徒基地,Say,リュウセイ･チョウ,73,僕視点は簡単にまとめると、こんな感じっすね。,
c93dee5141b63d08d3d8b0514cdfd4fb.bundle,回到司徒基地,Say,リン･テイ,15,そんなことが……,
c93dee5141b63d08d3d8b0514cdfd4fb.bundle,回到司徒基地,Say,心の声,4,リン……,
c93dee5141b63d08d3d8b0514cdfd4fb.bundle,回到司徒基地,Say,リュウセイ･チョウ,74,ジェイの兄貴……,
c93dee5141b63d08d3d8b0514cdfd4fb.bundle,回到司徒基地,Say,リュウセイ･チョウ,75,中で何が起きてたっすか？,
c93dee5141b63d08d3d8b0514cdfd4fb.bundle,回到司徒基地,Branch,#Simple,14,俺はホワイトリザードに気絶させられて、閉じ込められていたんだ。,
c93dee5141b63d08d3d8b0514cdfd4fb.bundle,回到司徒基地,Say,リン･テイ,16,スイさんは何をしてたの？,
c93dee5141b63d08d3d8b0514cdfd4fb.bundle,回到司徒基地,Branch,#Simple,15,彼女と助っ人は敵の伏兵に捕まってた。,
c93dee5141b63d08d3d8b0514cdfd4fb.bundle,回到司徒基地,Branch,#Simple,16,あの時は彼女でさえも、難しい状況だった。,
c93dee5141b63d08d3d8b0514cdfd4fb.bundle,回到司徒基地,Say,リン･テイ,17,……,
c93dee5141b63d08d3d8b0514cdfd4fb.bundle,回到司徒基地,Say,リン･テイ,18,まさか……,
c93dee5141b63d08d3d8b0514cdfd4fb.bundle,回到司徒基地,Say,リン･テイ,19,人質にされたの？,
c93dee5141b63d08d3d8b0514cdfd4fb.bundle,回到司徒基地,Branch,#Simple,17,みたいなもんだ。,
c93dee5141b63d08d3d8b0514cdfd4fb.bundle,回到司徒基地,Branch,#Simple,18,彼は俺を餌にしたんだ。,
c93dee5141b63d08d3d8b0514cdfd4fb.bundle,回到司徒基地,Say,リュウセイ･チョウ,76,だからスイ姉はジェイの兄貴を助けるために、ホワイトリザードと戦闘を……,
c93dee5141b63d08d3d8b0514cdfd4fb.bundle,回到司徒基地,Say,リュウセイ･チョウ,77,あんなにたくさんの傭兵に挑んでいたのは、それが原因だったっすね……,
c93dee5141b63d08d3d8b0514cdfd4fb.bundle,回到司徒基地,Branch,#Simple,19,実はあの時、撤退する選択もあったんだ。,
c93dee5141b63d08d3d8b0514cdfd4fb.bundle,回到司徒基地,Say,リン･テイ,20,……撤退？,
c93dee5141b63d08d3d8b0514cdfd4fb.bundle,回到司徒基地,Say,リン･テイ,21,でもあなたたちは……？,
c93dee5141b63d08d3d8b0514cdfd4fb.bundle,回到司徒基地,Branch,#Simple,20,……,
c93dee5141b63d08d3d8b0514cdfd4fb.bundle,回到司徒基地,Branch,#Simple,21,それは俺からじゃなく、スイ･ニンから聞いてくれ。,
c93dee5141b63d08d3d8b0514cdfd4fb.bundle,回到司徒基地,Say,リュウセイ･チョウ,78,でも……,
c93dee5141b63d08d3d8b0514cdfd4fb.bundle,回到司徒基地,Say,リン･テイ,22,リュウセイ、ジェイを休ませてあげて。,
c93dee5141b63d08d3d8b0514cdfd4fb.bundle,回到司徒基地,Say,リュウセイ･チョウ,79,……,
c93dee5141b63d08d3d8b0514cdfd4fb.bundle,回到司徒基地,Say,リュウセイ･チョウ,80,あ、そうっすね。すみませんでした。,
c93dee5141b63d08d3d8b0514cdfd4fb.bundle,司徒單獨談,Say,リン･テイ,0,……リュウセイ、大丈夫かな？,
c93dee5141b63d08d3d8b0514cdfd4fb.bundle,司徒單獨談,Say,リン･テイ,1,彼はあなたの計画にかなり不満のようだけど……,
c93dee5141b63d08d3d8b0514cdfd4fb.bundle,司徒單獨談,Say,スイ･ニン,0,彼が不満を持っていようと、私たちにはもう選択肢がない。,
c93dee5141b63d08d3d8b0514cdfd4fb.bundle,司徒單獨談,Say,リン･テイ,2,……,
c93dee5141b63d08d3d8b0514cdfd4fb.bundle,司徒單獨談,Say,スイ･ニン,1,23号が彼と話してくれるさ。,
c93dee5141b63d08d3d8b0514cdfd4fb.bundle,司徒單獨談,Say,リン･テイ,3,……,
c93dee5141b63d08d3d8b0514cdfd4fb.bundle,司徒單獨談,Say,リン･テイ,4,そうね。,
c93dee5141b63d08d3d8b0514cdfd4fb.bundle,司徒單獨談,Say,スイ･ニン,2,彼も立派な大人だ。話せばわかるはずだ。,
c93dee5141b63d08d3d8b0514cdfd4fb.bundle,司徒單獨談,Say,スイ･ニン,3,……,
c93dee5141b63d08d3d8b0514cdfd4fb.bundle,司徒單獨談,Say,スイ･ニン,4,それに、万象と交渉しないとしても、見つかった証拠を公にするわけにはいかない。,
c93dee5141b63d08d3d8b0514cdfd4fb.bundle,司徒單獨談,Branch,#Simple,0,なぜだ？,
c93dee5141b63d08d3d8b0514cdfd4fb.bundle,司徒單獨談,Branch,#Simple,1,今ある証拠で足りるかどうかも、わからないしな。,
c93dee5141b63d08d3d8b0514cdfd4fb.bundle,司徒單獨談,Say,スイ･ニン,5,そうだ。,
c93dee5141b63d08d3d8b0514cdfd4fb.bundle,司徒單獨談,Say,スイ･ニン,6,だが例え……,
c93dee5141b63d08d3d8b0514cdfd4fb.bundle,司徒單獨談,Say,スイ･ニン,7,すでに我々が万象を脅かす程の証拠を手にしていたとしても、公にはできない。,
c93dee5141b63d08d3d8b0514cdfd4fb.bundle,司徒單獨談,Say,リン･テイ,5,それって……,
c93dee5141b63d08d3d8b0514cdfd4fb.bundle,司徒單獨談,Branch,#Simple,2,……,
c93dee5141b63d08d3d8b0514cdfd4fb.bundle,司徒單獨談,Say,リン･テイ,6,公にした場合の結果がどうなるか分からないから？,
c93dee5141b63d08d3d8b0514cdfd4fb.bundle,司徒單獨談,Say,スイ･ニン,8,そうだ。,
c93dee5141b63d08d3d8b0514cdfd4fb.bundle,司徒單獨談,Say,スイ･ニン,9,すべてを公にした場合、おそらく2パターンになるはずだ。,
c93dee5141b63d08d3d8b0514cdfd4fb.bundle,司徒單獨談,Say,スイ･ニン,10,追い込まれて万象が潰れるか、またはこのスキャンダルがもみ消されるかだ。,
c93dee5141b63d08d3d8b0514cdfd4fb.bundle,司徒單獨談,Branch,#Simple,3,どっちの可能性が高い？,
c93dee5141b63d08d3d8b0514cdfd4fb.bundle,司徒單獨談,Say,スイ･ニン,11,個人的には後者だ。,
c93dee5141b63d08d3d8b0514cdfd4fb.bundle,司徒單獨談,Branch,#Simple,4,万象はそんな簡単に潰れるのか？,
c93dee5141b63d08d3d8b0514cdfd4fb.bundle,司徒單獨談,Say,スイ･ニン,12,可能性はある。,
c93dee5141b63d08d3d8b0514cdfd4fb.bundle,司徒單獨談,Say,スイ･ニン,13,だが政府がこの件を公正に取り合ってくれるとは思えない。,
c93dee5141b63d08d3d8b0514cdfd4fb.bundle,司徒單獨談,Say,スイ･ニン,14,野党と万象の競争相手はこのチャンスを見逃さないだろうがな。,
c93dee5141b63d08d3d8b0514cdfd4fb.bundle,司徒單獨談,Say,スイ･ニン,15,彼らは万象のスキャンダルを血眼で探している。,
c93dee5141b63d08d3d8b0514cdfd4fb.bundle,司徒單獨談,Branch,#Simple,5,そんな簡単に、人体実験に関するスキャンダルをもみ消せるのか？,
c93dee5141b63d08d3d8b0514cdfd4fb.bundle,司徒單獨談,Say,スイ･ニン,16,サンライズで起きた805武器実験の事故を覚えている？,
c93dee5141b63d08d3d8b0514cdfd4fb.bundle,司徒單獨談,Say,心の声,0,聞いたことのない事件だ……,
c93dee5141b63d08d3d8b0514cdfd4fb.bundle,司徒單獨談,Branch,#Simple,6,初めて聞いた。,
c93dee5141b63d08d3d8b0514cdfd4fb.bundle,司徒單獨談,Branch,#Simple,7,覚えてない。,
c93dee5141b63d08d3d8b0514cdfd4fb.bundle,司徒單獨談,Say,スイ･ニン,17,あの事件はサンライズが裏で手を回してもみ消したから、知らないのも当然だ。,
c93dee5141b63d08d3d8b0514cdfd4fb.bundle,司徒單獨談,Say,スイ･ニン,18,トップ企業はメディアに大きな影響力を持っている。だからほとんどの報道をもみ消せる。,
c93dee5141b63d08d3d8b0514cdfd4fb.bundle,司徒單獨談,Say,スイ･ニン,19,ましてや、ほとんどのSNSにアルゴリズムを提供している万象なら尚更だ。,
c93dee5141b63d08d3d8b0514cdfd4fb.bundle,司徒單獨談,Branch,#Simple,8,……,
c93dee5141b63d08d3d8b0514cdfd4fb.bundle,司徒單獨談,Say,スイ･ニン,20,だが問題はそこではない。,
c93dee5141b63d08d3d8b0514cdfd4fb.bundle,司徒單獨談,Say,スイ･ニン,21,私はどちらのパターンになろうとも、意味がないと思っている。,
c93dee5141b63d08d3d8b0514cdfd4fb.bundle,司徒單獨談,Say,スイ･ニン,22,仮に万象が潰れたとしても、彼らが提供しているサービスをすぐに途絶えることはない。,
c93dee5141b63d08d3d8b0514cdfd4fb.bundle,司徒單獨談,Say,スイ･ニン,23,彼らはこの社会に深く関わりすぎている。,
c93dee5141b63d08d3d8b0514cdfd4fb.bundle,司徒單獨談,Say,スイ･ニン,24,おそらく一部の事業は再編され、それ以外は他の企業に奪われるだろう。,
c93dee5141b63d08d3d8b0514cdfd4fb.bundle,司徒單獨談,Say,スイ･ニン,25,そして多くの人がその被害を受けることになる。,
c93dee5141b63d08d3d8b0514cdfd4fb.bundle,司徒單獨談,Say,スイ･ニン,26,事業の一つである演算力産業だけでも、多くの人が不当解雇されるのが目に見えている。,
c93dee5141b63d08d3d8b0514cdfd4fb.bundle,司徒單獨談,Say,スイ･ニン,27,各セラーのマイナーたちも、酷い扱いを受けるだろうな。,
c93dee5141b63d08d3d8b0514cdfd4fb.bundle,司徒單獨談,Say,スイ･ニン,28,だから証拠を公にした場合の被害は計り知れないんだ。,
c93dee5141b63d08d3d8b0514cdfd4fb.bundle,司徒單獨談,Say,スイ･ニン,29,もう一方の万象がスキャンダルをもみ消した場合だが……,
c93dee5141b63d08d3d8b0514cdfd4fb.bundle,司徒單獨談,Say,スイ･ニン,30,彼らには何の打撃も与えられず、人体実験に使われていた人々が秘密裏に殺されるだけだろう。,
c93dee5141b63d08d3d8b0514cdfd4fb.bundle,司徒單獨談,Branch,#Simple,9,だからどっちに転んでも意味がない。,
c93dee5141b63d08d3d8b0514cdfd4fb.bundle,司徒單獨談,Say,スイ･ニン,31,そういうことだ。,
c93dee5141b63d08d3d8b0514cdfd4fb.bundle,司徒單獨談,Branch,#Simple,10,スキャンダルをもみ消せたなら、殺す意味はないのでは？,
c93dee5141b63d08d3d8b0514cdfd4fb.bundle,司徒單獨談,Say,スイ･ニン,32,もみ消せたとしても、噂くらいは流れる。,
c93dee5141b63d08d3d8b0514cdfd4fb.bundle,司徒單獨談,Say,スイ･ニン,33,将来の汚点となりえる物は早めに消しておくべきだ。,
c93dee5141b63d08d3d8b0514cdfd4fb.bundle,司徒單獨談,Say,スイ･ニン,34,それに彼らがそんなリスクを追うわけがない。,
c93dee5141b63d08d3d8b0514cdfd4fb.bundle,司徒單獨談,Branch,#Simple,11,……,
c93dee5141b63d08d3d8b0514cdfd4fb.bundle,司徒單獨談,Say,スイ･ニン,35,安易に万象の人体実験を公にすることが、良い選択と言えないのはこれが理由だ。,
c93dee5141b63d08d3d8b0514cdfd4fb.bundle,司徒單獨談,Say,リン･テイ,7,あまりにもリスクが高すぎるわね……,
c93dee5141b63d08d3d8b0514cdfd4fb.bundle,司徒單獨談,Say,スイ･ニン,36,ああ。,
c93dee5141b63d08d3d8b0514cdfd4fb.bundle,司徒單獨談,Say,スイ･ニン,37,……,
c93dee5141b63d08d3d8b0514cdfd4fb.bundle,司徒單獨談,Say,スイ･ニン,38,それに長い目で見ても、証拠を公にしない方が得策だと思う。,
c93dee5141b63d08d3d8b0514cdfd4fb.bundle,司徒單獨談,Say,リン･テイ,8,どういうこと？,
c93dee5141b63d08d3d8b0514cdfd4fb.bundle,司徒單獨談,Say,スイ･ニン,39,彼らはすでに秘密が知られていることを分かっているはずだ。,
c93dee5141b63d08d3d8b0514cdfd4fb.bundle,司徒單獨談,Say,スイ･ニン,40,彼らはこれ以上明るみに出さないためにも、今までのような行いは控えるはずだ。,
c93dee5141b63d08d3d8b0514cdfd4fb.bundle,司徒單獨談,Branch,#Simple,12,なるほど。,
c93dee5141b63d08d3d8b0514cdfd4fb.bundle,司徒單獨談,Branch,#Simple,13,もっと隠れてやるだけじゃないか？,
c93dee5141b63d08d3d8b0514cdfd4fb.bundle,司徒單獨談,Say,スイ･ニン,41,それもあるだろうが、多少抑止力にもなるはずだ。,
c93dee5141b63d08d3d8b0514cdfd4fb.bundle,司徒單獨談,Branch,#Simple,14,……,
c93dee5141b63d08d3d8b0514cdfd4fb.bundle,司徒單獨談,Say,スイ･ニン,42,万象を調べている人がいると、わからせるだけでも……,
c93dee5141b63d08d3d8b0514cdfd4fb.bundle,司徒單獨談,Say,スイ･ニン,43,意味はあるはずだ。,
c93dee5141b63d08d3d8b0514cdfd4fb.bundle,司徒單獨談,Say,リン･テイ,9,そうね……,
c93dee5141b63d08d3d8b0514cdfd4fb.bundle,司徒單獨談,Say,スイ･ニン,44,……,
c93dee5141b63d08d3d8b0514cdfd4fb.bundle,司徒單獨談,Say,スイ･ニン,45,この話はここまでにしよう。,
c93dee5141b63d08d3d8b0514cdfd4fb.bundle,司徒單獨談,Say,スイ･ニン,46,二人には話さないといけないことが、たくさんある。,
c93dee5141b63d08d3d8b0514cdfd4fb.bundle,司徒單獨談,Say,スイ･ニン,47,まず始めに……,
c93dee5141b63d08d3d8b0514cdfd4fb.bundle,司徒單獨談,Say,スイ･ニン,48,我々には、廃ビルの中でホワイトリザードと衝突せずに、撤退できるチャンスがあったんだ。,
c93dee5141b63d08d3d8b0514cdfd4fb.bundle,司徒單獨談,Say,リン･テイ,10,なっ……！？,
c93dee5141b63d08d3d8b0514cdfd4fb.bundle,司徒單獨談,Say,スイ･ニン,49,まずは話を聞いてほしい。,
c93dee5141b63d08d3d8b0514cdfd4fb.bundle,司徒單獨談,Say,リン･テイ,11,……,
c93dee5141b63d08d3d8b0514cdfd4fb.bundle,司徒單獨談,Say,スイ･ニン,50,私が撤退ではなく、ホワイトリザードと戦うことを選んだのは……,
c93dee5141b63d08d3d8b0514cdfd4fb.bundle,司徒單獨談,Say,スイ･ニン,51,勝てると確信があったからだ。,
c93dee5141b63d08d3d8b0514cdfd4fb.bundle,司徒單獨談,Say,スイ･ニン,52,そして……,
c93dee5141b63d08d3d8b0514cdfd4fb.bundle,司徒單獨談,Say,スイ･ニン,53,まず始めに……,
c93dee5141b63d08d3d8b0514cdfd4fb.bundle,司徒單獨談,Say,スイ･ニン,54,ジェイ。私は君が、23号に撤退の機会があったことを言うとは思っていなかった……,
c93dee5141b63d08d3d8b0514cdfd4fb.bundle,司徒單獨談,Branch,#Simple,15,言わないつもりだったのか？,
c93dee5141b63d08d3d8b0514cdfd4fb.bundle,司徒單獨談,Say,スイ･ニン,55,いずれ言うつもりだった。,
c93dee5141b63d08d3d8b0514cdfd4fb.bundle,司徒單獨談,Branch,#Simple,16,俺が悪いのか？,
c93dee5141b63d08d3d8b0514cdfd4fb.bundle,司徒單獨談,Say,スイ･ニン,56,君を責めるつもりはない。,
c93dee5141b63d08d3d8b0514cdfd4fb.bundle,司徒單獨談,Branch,#Simple,17,……,
c93dee5141b63d08d3d8b0514cdfd4fb.bundle,司徒單獨談,Say,スイ･ニン,57,私が言いたくなかった理由は、リュウセイと23号がこのことを良く思わないからだ。,
c93dee5141b63d08d3d8b0514cdfd4fb.bundle,司徒單獨談,Say,リン･テイ,12,オペレーションコアの時と同じね。,
c93dee5141b63d08d3d8b0514cdfd4fb.bundle,司徒單獨談,Say,スイ･ニン,58,……ああ。,
c93dee5141b63d08d3d8b0514cdfd4fb.bundle,司徒單獨談,Say,スイ･ニン,59,23号は私のことを心配しすぎている。この肝心な時に、彼女に心を乱してほしくはない。,
c93dee5141b63d08d3d8b0514cdfd4fb.bundle,司徒單獨談,Say,スイ･ニン,60,だからすべてが終わった後に彼女に言うつもりだった。,
c93dee5141b63d08d3d8b0514cdfd4fb.bundle,司徒單獨談,Say,スイ･ニン,61,一方のリュウセイだが……,
c93dee5141b63d08d3d8b0514cdfd4fb.bundle,司徒單獨談,Say,スイ･ニン,62,私は日頃から彼に、おのれを律するように教えてきた。,
c93dee5141b63d08d3d8b0514cdfd4fb.bundle,司徒單獨談,Say,スイ･ニン,63,そんな彼が、この件で私が感情に任せて戦いを選んだと誤解すれば……,
c93dee5141b63d08d3d8b0514cdfd4fb.bundle,司徒單獨談,Say,スイ･ニン,64,今後彼はその教えを疎かにするはずだ。,
c93dee5141b63d08d3d8b0514cdfd4fb.bundle,司徒單獨談,Branch,#Simple,18,あんたの今日の行動は、感情に任せたものじゃなかったと言いたいのか？,
c93dee5141b63d08d3d8b0514cdfd4fb.bundle,司徒單獨談,Branch,#Simple,19,あんたは怒りに煽られ、ホワイトリザードとの戦いを選んだ。,
c93dee5141b63d08d3d8b0514cdfd4fb.bundle,司徒單獨談,Say,スイ･ニン,65,そうではない。,
c93dee5141b63d08d3d8b0514cdfd4fb.bundle,司徒單獨談,Say,スイ･ニン,66,私はすべての可能性と現場の状況、そして成功率を元に……,
c93dee5141b63d08d3d8b0514cdfd4fb.bundle,司徒單獨談,Say,スイ･ニン,67,戦う結論に至った。,
c93dee5141b63d08d3d8b0514cdfd4fb.bundle,司徒單獨談,Branch,#Simple,20,なるほど。,
c93dee5141b63d08d3d8b0514cdfd4fb.bundle,司徒單獨談,Branch,#Simple,21,……,
c93dee5141b63d08d3d8b0514cdfd4fb.bundle,司徒單獨談,Say,リン･テイ,13,……,
c93dee5141b63d08d3d8b0514cdfd4fb.bundle,司徒單獨談,Say,リン･テイ,14,あなたたちの話を聞いて分かったわ……,
c93dee5141b63d08d3d8b0514cdfd4fb.bundle,司徒單獨談,Say,リン･テイ,15,あなたはあの時、ジェイの命をまで賭けに巻き込んだのね？,
c93dee5141b63d08d3d8b0514cdfd4fb.bundle,司徒單獨談,Say,スイ･ニン,68,ああ。,
c93dee5141b63d08d3d8b0514cdfd4fb.bundle,司徒單獨談,Branch,#Simple,22,あの時は急を要していたんだ。,
c93dee5141b63d08d3d8b0514cdfd4fb.bundle,司徒單獨談,Say,スイ･ニン,69,分かってくれてありがとう。,
c93dee5141b63d08d3d8b0514cdfd4fb.bundle,司徒單獨談,Say,スイ･ニン,70,だがあなたに選択させなかったのも確かだ。,
c93dee5141b63d08d3d8b0514cdfd4fb.bundle,司徒單獨談,Branch,#Simple,23,それに俺に断りもなくだ。,
c93dee5141b63d08d3d8b0514cdfd4fb.bundle,司徒單獨談,Say,スイ･ニン,71,……その通りだ。,
c93dee5141b63d08d3d8b0514cdfd4fb.bundle,司徒單獨談,Branch,#Simple,24,……,
c93dee5141b63d08d3d8b0514cdfd4fb.bundle,司徒單獨談,Say,リン･テイ,16,私は別に、あなたを責めたいわけじゃない。,
c93dee5141b63d08d3d8b0514cdfd4fb.bundle,司徒單獨談,Say,リン･テイ,17,あの状況では、ジェイの意志を優先せず、あなたが行動を決めるべきよ。,
c93dee5141b63d08d3d8b0514cdfd4fb.bundle,司徒單獨談,Say,リン･テイ,18,でも私が一番心配しているのは、あなたの選択が本当に理性によるものなのかってことなの……,
c93dee5141b63d08d3d8b0514cdfd4fb.bundle,司徒單獨談,Say,リン･テイ,19,あなたがジェイの命を勝手に巻き込んでまで戦うことを選んだなら、私はそれを知る必要がある……,
c93dee5141b63d08d3d8b0514cdfd4fb.bundle,司徒單獨談,Say,スイ･ニン,72,……,
c93dee5141b63d08d3d8b0514cdfd4fb.bundle,司徒單獨談,Say,スイ･ニン,73,あの時の私は理性的に判断を下した。,
c93dee5141b63d08d3d8b0514cdfd4fb.bundle,司徒單獨談,Say,スイ･ニン,74,私一人でもホワイトリザードと彼の部下を倒せると確信があった。,
c93dee5141b63d08d3d8b0514cdfd4fb.bundle,司徒單獨談,Say,スイ･ニン,75,そうでなければ、私はそんな選択はしない。,
c93dee5141b63d08d3d8b0514cdfd4fb.bundle,司徒單獨談,Say,リン･テイ,20,……,
c93dee5141b63d08d3d8b0514cdfd4fb.bundle,司徒單獨談,Say,リン･テイ,21,わかった。,
c93dee5141b63d08d3d8b0514cdfd4fb.bundle,司徒單獨談,Say,心の声,1,完全にはスイ･ニンの言葉を信じていないようだ。,
c93dee5141b63d08d3d8b0514cdfd4fb.bundle,司徒單獨談,Say,スイ･ニン,76,今夜のことについて、他に質問は？,
c93dee5141b63d08d3d8b0514cdfd4fb.bundle,司徒單獨談,Say,スイ･ニン,77,別の話題に移る前に、私はできるだけ、あなたたちが抱える疑問を解消しておきたい。,
c93dee5141b63d08d3d8b0514cdfd4fb.bundle,司徒單獨談,Branch,#Simple,25,今日のことは、どれくらい予想がついていたんだ？,
c93dee5141b63d08d3d8b0514cdfd4fb.bundle,司徒單獨談,Say,スイ･ニン,78,……,
c93dee5141b63d08d3d8b0514cdfd4fb.bundle,司徒單獨談,Say,リン･テイ,22,どういう意味……？,
c93dee5141b63d08d3d8b0514cdfd4fb.bundle,司徒單獨談,Branch,#Simple,26,現場で彼女は、まだ私の想定内だと言っていた。,
c93dee5141b63d08d3d8b0514cdfd4fb.bundle,司徒單獨談,Say,リン･テイ,23,どういうこと……？,
c93dee5141b63d08d3d8b0514cdfd4fb.bundle,司徒單獨談,Branch,#Simple,27,リン、まずは彼女の話を聞こう。,
c93dee5141b63d08d3d8b0514cdfd4fb.bundle,司徒單獨談,Say,スイ･ニン,79,……,
c93dee5141b63d08d3d8b0514cdfd4fb.bundle,司徒單獨談,Say,スイ･ニン,80,廃ビル自体がホワイトリザードの罠である可能性には気づいていた。,
c93dee5141b63d08d3d8b0514cdfd4fb.bundle,司徒單獨談,Say,リン･テイ,24,……どうしてわかったの？,
c93dee5141b63d08d3d8b0514cdfd4fb.bundle,司徒單獨談,Say,スイ･ニン,81,全てが順調にいきすぎていたからだ。,
c93dee5141b63d08d3d8b0514cdfd4fb.bundle,司徒單獨談,Say,スイ･ニン,82,契約室でリュウセイとジェイを襲った人を覚えているか？実は彼から情報を多く聞き出せたんだ。,
c93dee5141b63d08d3d8b0514cdfd4fb.bundle,司徒單獨談,Say,スイ･ニン,83,取引の場所や時間、方法など……,
c93dee5141b63d08d3d8b0514cdfd4fb.bundle,司徒單獨談,Say,スイ･ニン,84,細かいことまで、丁寧に教えてくれた。,
c93dee5141b63d08d3d8b0514cdfd4fb.bundle,司徒單獨談,Branch,#Simple,28,ホワイトリザードに仕組まれていたってことか？,
c93dee5141b63d08d3d8b0514cdfd4fb.bundle,司徒單獨談,Say,スイ･ニン,85,そうだ。,
c93dee5141b63d08d3d8b0514cdfd4fb.bundle,司徒單獨談,Branch,#Simple,29,それは良いことじゃないか？,
c93dee5141b63d08d3d8b0514cdfd4fb.bundle,司徒單獨談,Say,スイ･ニン,86,私の経験上、任務が順調過ぎている場合、往々にして誰かが裏で手を回していることが多い。,
c93dee5141b63d08d3d8b0514cdfd4fb.bundle,司徒單獨談,Branch,#Simple,30,……,
c93dee5141b63d08d3d8b0514cdfd4fb.bundle,司徒單獨談,Say,スイ･ニン,87,あの男は、私をおびき出すための餌だろう。,
c93dee5141b63d08d3d8b0514cdfd4fb.bundle,司徒單獨談,Say,スイ･ニン,88,しかし私を現場におびき寄せれば、取引を邪魔される可能性がある。,
c93dee5141b63d08d3d8b0514cdfd4fb.bundle,司徒單獨談,Say,スイ･ニン,89,彼は私を殺したいあまりに、雇い主である万象に不利益を働いた。,
c93dee5141b63d08d3d8b0514cdfd4fb.bundle,司徒單獨談,Say,スイ･ニン,90,だから万象に知られたくない彼は、こんな回りくどいやり方をしたんだ。,
c93dee5141b63d08d3d8b0514cdfd4fb.bundle,司徒單獨談,Say,リン･テイ,25,どうして私たちに言わなかったの？,
c93dee5141b63d08d3d8b0514cdfd4fb.bundle,司徒單獨談,Say,スイ･ニン,91,罠だとわかれば、行かない選択を取る可能性が高いからだ。,
c93dee5141b63d08d3d8b0514cdfd4fb.bundle,司徒單獨談,Say,スイ･ニン,92,特に23号……彼女がいないと、私だけではホワイトリザードに勝てない。,
c93dee5141b63d08d3d8b0514cdfd4fb.bundle,司徒單獨談,Say,スイ･ニン,93,それに、子どもたちを見殺しにするわけにもいかないからな。,
c93dee5141b63d08d3d8b0514cdfd4fb.bundle,司徒單獨談,Branch,#Simple,31,そしてあんたもホワイトリザードを殺したがっている。,
c93dee5141b63d08d3d8b0514cdfd4fb.bundle,司徒單獨談,Say,スイ･ニン,94,……,
c93dee5141b63d08d3d8b0514cdfd4fb.bundle,司徒單獨談,Say,スイ･ニン,95,確かにそうだ。,
c93dee5141b63d08d3d8b0514cdfd4fb.bundle,司徒單獨談,Say,心の声,2,否定しないのか。,
c93dee5141b63d08d3d8b0514cdfd4fb.bundle,司徒單獨談,Branch,#Simple,32,……,
c93dee5141b63d08d3d8b0514cdfd4fb.bundle,司徒單獨談,Say,スイ･ニン,96,私の本来の計画はこうだ。子どもたちを最優先で助け……,
c93dee5141b63d08d3d8b0514cdfd4fb.bundle,司徒單獨談,Say,スイ･ニン,97,もし途中でホワイトリザードと遭遇した場合は、私が注意を引き付け、23号か助っ人に子どもたちを助けさせるつもりだった。,
c93dee5141b63d08d3d8b0514cdfd4fb.bundle,司徒單獨談,Say,スイ･ニン,98,最初は順調だった。しかし……,
c93dee5141b63d08d3d8b0514cdfd4fb.bundle,司徒單獨談,Branch,#Simple,33,しかし？,
c93dee5141b63d08d3d8b0514cdfd4fb.bundle,司徒單獨談,Branch,#Simple,34,……,
c93dee5141b63d08d3d8b0514cdfd4fb.bundle,司徒單獨談,Say,スイ･ニン,99,ホワイトリザードが呼んだ増援が思ったよりも多かった。,
c93dee5141b63d08d3d8b0514cdfd4fb.bundle,司徒單獨談,Say,スイ･ニン,100,いや……,
c93dee5141b63d08d3d8b0514cdfd4fb.bundle,司徒單獨談,Say,スイ･ニン,101,彼の私への殺意が予想より強かったというべきだろう。,
c93dee5141b63d08d3d8b0514cdfd4fb.bundle,司徒單獨談,Say,スイ･ニン,102,とにかく、分かってもらいたいのは、私は何かを企んでいたわけではないということだ。,
c93dee5141b63d08d3d8b0514cdfd4fb.bundle,司徒單獨談,Branch,#Simple,35,なぜホワイトリザードは子どもたちを人質にしなかった？,
c93dee5141b63d08d3d8b0514cdfd4fb.bundle,司徒單獨談,Say,スイ･ニン,103,意味がないことを知っているからだ。,
c93dee5141b63d08d3d8b0514cdfd4fb.bundle,司徒單獨談,Say,スイ･ニン,104,例え子どもを人質にされたとしても、見す見す殺されるわけにはいかない。,
c93dee5141b63d08d3d8b0514cdfd4fb.bundle,司徒單獨談,Say,スイ･ニン,105,私は自分の命をあんなところで捨てるべきだとは思っていないからだ。,
c93dee5141b63d08d3d8b0514cdfd4fb.bundle,司徒單獨談,Say,心の声,3,23号の言う通りだ……,
c93dee5141b63d08d3d8b0514cdfd4fb.bundle,司徒單獨談,Say,スイ･ニン,106,私は生きていれば、あの子どもたちより社会に貢献できる。,
c93dee5141b63d08d3d8b0514cdfd4fb.bundle,司徒單獨談,Say,心の声,4,迷いのない答えだ……,
c93dee5141b63d08d3d8b0514cdfd4fb.bundle,司徒單獨談,Branch,#Simple,36,それは傲慢に聞こえる。,
c93dee5141b63d08d3d8b0514cdfd4fb.bundle,司徒單獨談,Say,スイ･ニン,107,……,
c93dee5141b63d08d3d8b0514cdfd4fb.bundle,司徒單獨談,Say,スイ･ニン,108,君が傲慢だと思うのは……,
c93dee5141b63d08d3d8b0514cdfd4fb.bundle,司徒單獨談,Say,スイ･ニン,109,私が自分の命大事さにそう言っていると、思っているからだ。,
c93dee5141b63d08d3d8b0514cdfd4fb.bundle,司徒單獨談,Say,スイ･ニン,110,でも実際は違う。,
c93dee5141b63d08d3d8b0514cdfd4fb.bundle,司徒單獨談,Branch,#Simple,37,子どもたちよりも、自分を優先させるのか？,
c93dee5141b63d08d3d8b0514cdfd4fb.bundle,司徒單獨談,Say,スイ･ニン,111,ええ。,
c93dee5141b63d08d3d8b0514cdfd4fb.bundle,司徒單獨談,Branch,#Simple,38,もしあの子どもたちの中に天才発明家がいたら？,
c93dee5141b63d08d3d8b0514cdfd4fb.bundle,司徒單獨談,Say,スイ･ニン,112,彼らは「ゴミ溜め」の出身だ。,
c93dee5141b63d08d3d8b0514cdfd4fb.bundle,司徒單獨談,Say,スイ･ニン,113,戸籍もなければ、健康保険にも入れない。教育どころか、三食食べることすら難しい環境だ……,
c93dee5141b63d08d3d8b0514cdfd4fb.bundle,司徒單獨談,Say,スイ･ニン,114,残念ながら、いくら才能があろうとも、あの環境では何もできっこない。,
c93dee5141b63d08d3d8b0514cdfd4fb.bundle,司徒單獨談,Branch,#Simple,39,だからって彼らを犠牲にしても構わないのか？,
c93dee5141b63d08d3d8b0514cdfd4fb.bundle,司徒單獨談,Say,スイ･ニン,115,これは善悪の問題じゃない。取捨選択だ。,
c93dee5141b63d08d3d8b0514cdfd4fb.bundle,司徒單獨談,Say,スイ･ニン,116,特定の状況では、どんな人の命でも優先順位を付けられる。,
c93dee5141b63d08d3d8b0514cdfd4fb.bundle,司徒單獨談,Say,スイ･ニン,117,もちろん、彼らの犠牲を正当化するつもりはない。理不尽に誰かが死ぬことは、悪いことに決まっている。,
c93dee5141b63d08d3d8b0514cdfd4fb.bundle,司徒單獨談,Say,スイ･ニン,118,だがそれでも……,
c93dee5141b63d08d3d8b0514cdfd4fb.bundle,司徒單獨談,Say,スイ･ニン,119,選択しなければならない時がくる。,
c93dee5141b63d08d3d8b0514cdfd4fb.bundle,司徒單獨談,Say,スイ･ニン,120,……,
c93dee5141b63d08d3d8b0514cdfd4fb.bundle,司徒單獨談,Say,スイ･ニン,121,私は君たちが理解してくれることを願う……,
c93dee5141b63d08d3d8b0514cdfd4fb.bundle,司徒單獨談,Branch,#Simple,40,……,
c93dee5141b63d08d3d8b0514cdfd4fb.bundle,司徒單獨談,Branch,#Simple,41,……,
c93dee5141b63d08d3d8b0514cdfd4fb.bundle,司徒單獨談,Say,スイ･ニン,122,私は取捨選択の順位を事前に決めた上で、任務に取りかかる。,
c93dee5141b63d08d3d8b0514cdfd4fb.bundle,司徒單獨談,Say,スイ･ニン,123,仕事上、判断する時間がいつでもあるとは限らないからね……,
c93dee5141b63d08d3d8b0514cdfd4fb.bundle,司徒單獨談,Say,心の声,5,少し落ち込んでいる……？,
c93dee5141b63d08d3d8b0514cdfd4fb.bundle,司徒單獨談,Branch,#Simple,42,それは理解できる。,
c93dee5141b63d08d3d8b0514cdfd4fb.bundle,司徒單獨談,Say,スイ･ニン,124,ありがとう。,
c93dee5141b63d08d3d8b0514cdfd4fb.bundle,司徒單獨談,Say,心の声,6,弱々しい笑みを浮かべている……,
c93dee5141b63d08d3d8b0514cdfd4fb.bundle,司徒單獨談,Branch,#Simple,43,でも社会への貢献をどう計る？,
c93dee5141b63d08d3d8b0514cdfd4fb.bundle,司徒單獨談,Say,スイ･ニン,125,それは、私の価値観だ。,
c93dee5141b63d08d3d8b0514cdfd4fb.bundle,司徒單獨談,Say,スイ･ニン,126,私の価値観に問題があれば、いつでも異を唱えてくれて構わない。,
c93dee5141b63d08d3d8b0514cdfd4fb.bundle,司徒單獨談,Say,スイ･ニン,127,私は反論もするし……,
c93dee5141b63d08d3d8b0514cdfd4fb.bundle,司徒單獨談,Say,スイ･ニン,128,時に、自分の考えを改めもする……,
c93dee5141b63d08d3d8b0514cdfd4fb.bundle,司徒單獨談,Say,スイ･ニン,129,だが社会が持つ既存の判定基準を用いることはない。,
c93dee5141b63d08d3d8b0514cdfd4fb.bundle,司徒單獨談,Say,スイ･ニン,130,私は自分が認めた価値観でしか物事を判断しない。,
c93dee5141b63d08d3d8b0514cdfd4fb.bundle,司徒單獨談,Branch,#Simple,44,……,
c93dee5141b63d08d3d8b0514cdfd4fb.bundle,司徒單獨談,Branch,#Simple,45,今日の偵察は、なぜリュウセイではなく俺を選んだ？,
c93dee5141b63d08d3d8b0514cdfd4fb.bundle,司徒單獨談,Say,スイ･ニン,131,それは戦略的に考えた結果だ。,
c93dee5141b63d08d3d8b0514cdfd4fb.bundle,司徒單獨談,Say,スイ･ニン,132,緊急事態の場合、我々は乗ってきた車でその場から逃げるしかない。,
c93dee5141b63d08d3d8b0514cdfd4fb.bundle,司徒單獨談,Say,スイ･ニン,133,だから乗っている23号を誰かに守ってもらう必要があった。,
c93dee5141b63d08d3d8b0514cdfd4fb.bundle,司徒單獨談,Branch,#Simple,46,なるほど。,
c93dee5141b63d08d3d8b0514cdfd4fb.bundle,司徒單獨談,Branch,#Simple,47,23号は自分の身を守れないのか？,
c93dee5141b63d08d3d8b0514cdfd4fb.bundle,司徒單獨談,Say,スイ･ニン,134,できはするが、彼女には別の仕事がある。,
c93dee5141b63d08d3d8b0514cdfd4fb.bundle,司徒單獨談,Say,スイ･ニン,135,その仕事に支障が出ては元も子もないからな。,
c93dee5141b63d08d3d8b0514cdfd4fb.bundle,司徒單獨談,Branch,#Simple,48,……,
c93dee5141b63d08d3d8b0514cdfd4fb.bundle,司徒單獨談,Say,スイ･ニン,136,……,
c93dee5141b63d08d3d8b0514cdfd4fb.bundle,司徒單獨談,Say,スイ･ニン,137,だが……,
c93dee5141b63d08d3d8b0514cdfd4fb.bundle,司徒單獨談,Say,スイ･ニン,138,一番の理由は……,
c93dee5141b63d08d3d8b0514cdfd4fb.bundle,司徒單獨談,Say,スイ･ニン,139,私がリュウセイを守りたかったからだ。,
c93dee5141b63d08d3d8b0514cdfd4fb.bundle,司徒單獨談,Say,スイ･ニン,140,ここまでの大きな敵に立ち向かうには、彼はまだ未熟だ。,
c93dee5141b63d08d3d8b0514cdfd4fb.bundle,司徒單獨談,Say,スイ･ニン,141,特にホワイトリザードのような相手なら尚更だ……,
c93dee5141b63d08d3d8b0514cdfd4fb.bundle,司徒單獨談,Say,スイ･ニン,142,オペレーションコアでの彼の行動は私の判断ミスによるものだ。同じミスは二度と犯したくない。,
c93dee5141b63d08d3d8b0514cdfd4fb.bundle,司徒單獨談,Say,リン･テイ,26,そんなことを言ったら、ジェイだって同じじゃないの！,
c93dee5141b63d08d3d8b0514cdfd4fb.bundle,司徒單獨談,Say,スイ･ニン,143,違う。彼は私と同じ、改造人間だ。,
c93dee5141b63d08d3d8b0514cdfd4fb.bundle,司徒單獨談,Say,スイ･ニン,144,常人を優に超える回復力と防御力を持っている。,
c93dee5141b63d08d3d8b0514cdfd4fb.bundle,司徒單獨談,Branch,#Simple,49,つまり危険な目に遭っても、俺なら生き残れる可能性が高いからってことか？,
c93dee5141b63d08d3d8b0514cdfd4fb.bundle,司徒單獨談,Say,スイ･ニン,145,ええ。,
c93dee5141b63d08d3d8b0514cdfd4fb.bundle,司徒單獨談,Say,心の声,7,ストレートに言うな。,
c93dee5141b63d08d3d8b0514cdfd4fb.bundle,司徒單獨談,Branch,#Simple,50,それでも死にはするだろ？,
c93dee5141b63d08d3d8b0514cdfd4fb.bundle,司徒單獨談,Say,スイ･ニン,146,ええ、頭が撃ち抜かれればね。,
c93dee5141b63d08d3d8b0514cdfd4fb.bundle,司徒單獨談,Say,スイ･ニン,147,しかし四肢が折れたくらいでは、死にはしない。,
c93dee5141b63d08d3d8b0514cdfd4fb.bundle,司徒單獨談,Branch,#Simple,51,……,
c93dee5141b63d08d3d8b0514cdfd4fb.bundle,司徒單獨談,Say,リン･テイ,27,だからって、ジェイを危険な場所に行かせていいはずない！,
c93dee5141b63d08d3d8b0514cdfd4fb.bundle,司徒單獨談,Say,スイ･ニン,148,そういう意図はない。,
c93dee5141b63d08d3d8b0514cdfd4fb.bundle,司徒單獨談,Say,スイ･ニン,149,言った通り、ただ戦略的に考えただけだ。,
c93dee5141b63d08d3d8b0514cdfd4fb.bundle,司徒單獨談,Say,スイ･ニン,150,リュウセイを車に残す方が、最もリスクが少ないと思ったからだ……,
c93dee5141b63d08d3d8b0514cdfd4fb.bundle,司徒單獨談,Say,リン･テイ,28,……,
c93dee5141b63d08d3d8b0514cdfd4fb.bundle,司徒單獨談,Say,リン･テイ,29,わかった。この話はここまでにしよう。,
c93dee5141b63d08d3d8b0514cdfd4fb.bundle,司徒單獨談,Say,スイ･ニン,151,ええ。,
c93dee5141b63d08d3d8b0514cdfd4fb.bundle,司徒單獨談,Branch,#Simple,52,助っ人から聞いたよ。あんたは会社に雇われているんだろ？,
c93dee5141b63d08d3d8b0514cdfd4fb.bundle,司徒單獨談,Say,スイ･ニン,152,……,
c93dee5141b63d08d3d8b0514cdfd4fb.bundle,司徒單獨談,Say,スイ･ニン,153,廃ビルから出る時にそう言われたのか？,
c93dee5141b63d08d3d8b0514cdfd4fb.bundle,司徒單獨談,Branch,#Simple,53,先に答えてくれ。,
c93dee5141b63d08d3d8b0514cdfd4fb.bundle,司徒單獨談,Branch,#Simple,54,それは確かだ。,
c93dee5141b63d08d3d8b0514cdfd4fb.bundle,司徒單獨談,Say,スイ･ニン,154,……,
c93dee5141b63d08d3d8b0514cdfd4fb.bundle,司徒單獨談,Say,スイ･ニン,155,だがこの件について、彼の説明は十分ではない。,
c93dee5141b63d08d3d8b0514cdfd4fb.bundle,司徒單獨談,Branch,#Simple,55,十分どころか、あんたは一言も教えてくれなかったが？,
c93dee5141b63d08d3d8b0514cdfd4fb.bundle,司徒單獨談,Say,スイ･ニン,156,……そうだったな。,
c93dee5141b63d08d3d8b0514cdfd4fb.bundle,司徒單獨談,Say,スイ･ニン,157,説明させてほしい。,
c93dee5141b63d08d3d8b0514cdfd4fb.bundle,司徒單獨談,Branch,#Simple,56,つまりあんたが会社に雇われているのは事実ってことだな。,
c93dee5141b63d08d3d8b0514cdfd4fb.bundle,司徒單獨談,Say,スイ･ニン,158,……,
c93dee5141b63d08d3d8b0514cdfd4fb.bundle,司徒單獨談,Branch,#Simple,57,……,
c93dee5141b63d08d3d8b0514cdfd4fb.bundle,司徒單獨談,Say,スイ･ニン,159,この件はとてもセンシティブなんだ。,
c93dee5141b63d08d3d8b0514cdfd4fb.bundle,司徒單獨談,Say,スイ･ニン,160,私は、答えられる範囲でしか答えられない。,
c93dee5141b63d08d3d8b0514cdfd4fb.bundle,司徒單獨談,Say,スイ･ニン,161,それ以上のことは諦めてほしい。,
c93dee5141b63d08d3d8b0514cdfd4fb.bundle,司徒單獨談,Say,リン･テイ,30,どうして……,
c93dee5141b63d08d3d8b0514cdfd4fb.bundle,司徒單獨談,Say,スイ･ニン,162,これ以上知っても、君たちを安心させられる情報はない。むしろよりややこしくなるだけだ。,
c93dee5141b63d08d3d8b0514cdfd4fb.bundle,司徒單獨談,Branch,#Simple,58,そう言われると余計怪しいな。,
c93dee5141b63d08d3d8b0514cdfd4fb.bundle,司徒單獨談,Say,スイ･ニン,163,そうかもしれないな。,
c93dee5141b63d08d3d8b0514cdfd4fb.bundle,司徒單獨談,Branch,#Simple,59,……,
c93dee5141b63d08d3d8b0514cdfd4fb.bundle,司徒單獨談,Say,スイ･ニン,164,おそらく君たちは、私を信じたいがために情報を得たいのだろうが、それは逆効果だ。,
c93dee5141b63d08d3d8b0514cdfd4fb.bundle,司徒單獨談,Say,スイ･ニン,165,だから私は何も言わない。,
c93dee5141b63d08d3d8b0514cdfd4fb.bundle,司徒單獨談,Branch,#Simple,60,話を逸らそうとしているのか？,
c93dee5141b63d08d3d8b0514cdfd4fb.bundle,司徒單獨談,Say,スイ･ニン,166,いいえ。私は聞かないことをお勧めしているだけで、聞かれたことにはちゃんと答える。,
c93dee5141b63d08d3d8b0514cdfd4fb.bundle,司徒單獨談,Say,心の声,8,嘘なのかどうかもわからない……,
c93dee5141b63d08d3d8b0514cdfd4fb.bundle,司徒單獨談,Branch,#Simple,61,どういうことだ？,
c93dee5141b63d08d3d8b0514cdfd4fb.bundle,司徒單獨談,Branch,#Simple,62,……,
c93dee5141b63d08d3d8b0514cdfd4fb.bundle,司徒單獨談,Say,スイ･ニン,167,これは忠告だ。だが、君たちに不利益を与えるつもりはないことを理解してほしい。,
c93dee5141b63d08d3d8b0514cdfd4fb.bundle,司徒單獨談,Say,スイ･ニン,168,これ以上聞くかどうかは、君たちに任せる。,
c93dee5141b63d08d3d8b0514cdfd4fb.bundle,司徒單獨談,Say,リン･テイ,31,……,
c93dee5141b63d08d3d8b0514cdfd4fb.bundle,司徒單獨談,Say,リン･テイ,32,ジェイ、どうする？,
c93dee5141b63d08d3d8b0514cdfd4fb.bundle,司徒單獨談,Say,心の声,9,スイ･ニンは何かを隠している……,
c93dee5141b63d08d3d8b0514cdfd4fb.bundle,司徒單獨談,Say,心の声,10,俺たちはそれを知る権利がある……,
c93dee5141b63d08d3d8b0514cdfd4fb.bundle,司徒單獨談,Branch,#Simple,63,教えてくれ。,
c93dee5141b63d08d3d8b0514cdfd4fb.bundle,司徒單獨談,Say,スイ･ニン,169,リンは……？,
c93dee5141b63d08d3d8b0514cdfd4fb.bundle,司徒單獨談,Say,リン･テイ,33,私も聞きたい。,
c93dee5141b63d08d3d8b0514cdfd4fb.bundle,司徒單獨談,Say,スイ･ニン,170,……,
c93dee5141b63d08d3d8b0514cdfd4fb.bundle,司徒單獨談,Say,スイ･ニン,171,その選択を尊重しよう。,
c93dee5141b63d08d3d8b0514cdfd4fb.bundle,司徒單獨談,Say,スイ･ニン,172,確かにフクロウの記録上では、私は企業に所属していることになっている。,
c93dee5141b63d08d3d8b0514cdfd4fb.bundle,司徒單獨談,Say,スイ･ニン,173,でも私は彼らの命令に従っていない。それは保証する。,
c93dee5141b63d08d3d8b0514cdfd4fb.bundle,司徒單獨談,Branch,#Simple,64,それはおかしい。,
c93dee5141b63d08d3d8b0514cdfd4fb.bundle,司徒單獨談,Branch,#Simple,65,なら、あんたは誰の命令に従ってるんだ？,
c93dee5141b63d08d3d8b0514cdfd4fb.bundle,司徒單獨談,Branch,#Simple,66,……,
c93dee5141b63d08d3d8b0514cdfd4fb.bundle,司徒單獨談,Say,スイ･ニン,174,……,
c93dee5141b63d08d3d8b0514cdfd4fb.bundle,司徒單獨談,Say,スイ･ニン,175,私が言えるのはここまでだ。,
c93dee5141b63d08d3d8b0514cdfd4fb.bundle,司徒單獨談,Branch,#Simple,67,これだけか？,
c93dee5141b63d08d3d8b0514cdfd4fb.bundle,司徒單獨談,Say,スイ･ニン,176,これだけだ。,
c93dee5141b63d08d3d8b0514cdfd4fb.bundle,司徒單獨談,Branch,#Simple,68,どうして所属している企業の命令に従う必要がないんだ？,
c93dee5141b63d08d3d8b0514cdfd4fb.bundle,司徒單獨談,Say,スイ･ニン,177,それにはちゃんと理由があるが、言うことはできない。,
c93dee5141b63d08d3d8b0514cdfd4fb.bundle,司徒單獨談,Branch,#Simple,69,……,
c93dee5141b63d08d3d8b0514cdfd4fb.bundle,司徒單獨談,Say,リン･テイ,34,スイさん、もし……,
c93dee5141b63d08d3d8b0514cdfd4fb.bundle,司徒單獨談,Say,スイ･ニン,178,すまない。これが限界なんだ。,
c93dee5141b63d08d3d8b0514cdfd4fb.bundle,司徒單獨談,Say,スイ･ニン,179,今の話だけでも、私への不信感がさらに高まったはずだ。,
c93dee5141b63d08d3d8b0514cdfd4fb.bundle,司徒單獨談,Say,スイ･ニン,180,これ以上の説明を聞くならば、さらなるリスクを背負う必要がある。,
c93dee5141b63d08d3d8b0514cdfd4fb.bundle,司徒單獨談,Branch,#Simple,70,どんなリスクだ？,
c93dee5141b63d08d3d8b0514cdfd4fb.bundle,司徒單獨談,Branch,#Simple,71,……,
c93dee5141b63d08d3d8b0514cdfd4fb.bundle,司徒單獨談,Say,スイ･ニン,181,……,
c93dee5141b63d08d3d8b0514cdfd4fb.bundle,司徒單獨談,Say,スイ･ニン,182,可能性は低いが、私がこれから話すことが誰かに知られた場合は……,
c93dee5141b63d08d3d8b0514cdfd4fb.bundle,司徒單獨談,Say,スイ･ニン,183,君たちは政府と全ての企業から指名手配をされることになる。,
c93dee5141b63d08d3d8b0514cdfd4fb.bundle,司徒單獨談,Say,スイ･ニン,184,もちろんフクロウも君たちを捕まえ、拷問し、秘密裏に処理する。,
c93dee5141b63d08d3d8b0514cdfd4fb.bundle,司徒單獨談,Say,心の声,11,目が真剣だ……,
c93dee5141b63d08d3d8b0514cdfd4fb.bundle,司徒單獨談,Say,リン･テイ,35,……,
c93dee5141b63d08d3d8b0514cdfd4fb.bundle,司徒單獨談,Say,リン･テイ,36,それは……,
c93dee5141b63d08d3d8b0514cdfd4fb.bundle,司徒單獨談,Say,リン･テイ,37,誰かにバレた時の話でしょう？,
c93dee5141b63d08d3d8b0514cdfd4fb.bundle,司徒單獨談,Say,スイ･ニン,185,……ええ。,
c93dee5141b63d08d3d8b0514cdfd4fb.bundle,司徒單獨談,Say,リン･テイ,38,なら、教えてほしい。,
c93dee5141b63d08d3d8b0514cdfd4fb.bundle,司徒單獨談,Say,リン･テイ,39,ジェイはどう？,
c93dee5141b63d08d3d8b0514cdfd4fb.bundle,司徒單獨談,Say,心の声,12,リンは覚悟を決めたようだ……,
c93dee5141b63d08d3d8b0514cdfd4fb.bundle,司徒單獨談,Say,心の声,13,ホワイトリザードは、今の俺なら自分自身で道を決められると言っていた……,
c93dee5141b63d08d3d8b0514cdfd4fb.bundle,司徒單獨談,Say,心の声,14,……まさかこれのことなのか？,
c93dee5141b63d08d3d8b0514cdfd4fb.bundle,司徒單獨談,Branch,#Simple,72,教えてくれ。,
c93dee5141b63d08d3d8b0514cdfd4fb.bundle,司徒單獨談,Say,スイ･ニン,186,……,
c93dee5141b63d08d3d8b0514cdfd4fb.bundle,司徒單獨談,Say,スイ･ニン,187,君たちが覚悟を決めたのなら、私は断るつもりはない。,
c93dee5141b63d08d3d8b0514cdfd4fb.bundle,司徒單獨談,Say,スイ･ニン,188,だがこれだけは覚えておいてほしい。,
c93dee5141b63d08d3d8b0514cdfd4fb.bundle,司徒單獨談,Say,スイ･ニン,189,私が君たちに話すのは、君たちからの疑いを解消し、より深い信頼関係を築いた上で、明日の作戦に臨みたいからだ。,
c93dee5141b63d08d3d8b0514cdfd4fb.bundle,司徒單獨談,Say,スイ･ニン,190,そしてこれは、リスクをすべて伝えた上での君たちの選択だ。,
c93dee5141b63d08d3d8b0514cdfd4fb.bundle,司徒單獨談,Branch,#Simple,73,わかった。,
c93dee5141b63d08d3d8b0514cdfd4fb.bundle,司徒單獨談,Branch,#Simple,74,……,
c93dee5141b63d08d3d8b0514cdfd4fb.bundle,司徒單獨談,Say,リン･テイ,40,うん。,
c93dee5141b63d08d3d8b0514cdfd4fb.bundle,司徒單獨談,Say,スイ･ニン,191,……,
c93dee5141b63d08d3d8b0514cdfd4fb.bundle,司徒單獨談,Say,スイ･ニン,192,企業の命令に従う必要がない理由は、私が祖母直属のエージェントだからだ。,
c93dee5141b63d08d3d8b0514cdfd4fb.bundle,司徒單獨談,Say,スイ･ニン,193,あくまでも私の企業所属は形式上のものだ。それにこの件は他のエージェントも知らない。,
c93dee5141b63d08d3d8b0514cdfd4fb.bundle,司徒單獨談,Say,心の声,15,祖母って確か……,
c93dee5141b63d08d3d8b0514cdfd4fb.bundle,司徒單獨談,Say,リン･テイ,41,祖母って、フクロウのリーダーのコードネームよね？,
c93dee5141b63d08d3d8b0514cdfd4fb.bundle,司徒單獨談,Say,スイ･ニン,194,ええ。,
c93dee5141b63d08d3d8b0514cdfd4fb.bundle,司徒單獨談,Say,リン･テイ,42,……その情報の何が危ないの？,
c93dee5141b63d08d3d8b0514cdfd4fb.bundle,司徒單獨談,Say,スイ･ニン,195,……,
c93dee5141b63d08d3d8b0514cdfd4fb.bundle,司徒單獨談,Say,スイ･ニン,196,国をも操れる企業にとって、フクロウはとても使い勝手の良い武器だ。,
c93dee5141b63d08d3d8b0514cdfd4fb.bundle,司徒單獨談,Say,スイ･ニン,197,高い戦闘力を持っている上に、フクロウは情報収集のプロ。,
c93dee5141b63d08d3d8b0514cdfd4fb.bundle,司徒單獨談,Say,スイ･ニン,198,だからこそ、企業間の公平を保つためにも、絶対中立の管理者が必要なんだ。,
c93dee5141b63d08d3d8b0514cdfd4fb.bundle,司徒單獨談,Say,スイ･ニン,199,その管理者が、祖母だ。,
c93dee5141b63d08d3d8b0514cdfd4fb.bundle,司徒單獨談,Say,スイ･ニン,200,そして、その企業たちが最も心配していることは……,
c93dee5141b63d08d3d8b0514cdfd4fb.bundle,司徒單獨談,Say,リン･テイ,43,管理者がフクロウを利用して自分たちに不利を働く……,
c93dee5141b63d08d3d8b0514cdfd4fb.bundle,司徒單獨談,Say,スイ･ニン,201,その通りだ。,
c93dee5141b63d08d3d8b0514cdfd4fb.bundle,司徒單獨談,Say,スイ･ニン,202,各企業はフクロウに対して、ある程度の影響力を持ってはいるが、私を含め、一部のエージェントは祖母直属だ。,
c93dee5141b63d08d3d8b0514cdfd4fb.bundle,司徒單獨談,Say,リン･テイ,44,そんな……,
c93dee5141b63d08d3d8b0514cdfd4fb.bundle,司徒單獨談,Branch,#Simple,75,何が言いたい？,
c93dee5141b63d08d3d8b0514cdfd4fb.bundle,司徒單獨談,Say,スイ･ニン,203,簡単に言うと、企業たちは祖母が私兵を育てるのを恐れている。,
c93dee5141b63d08d3d8b0514cdfd4fb.bundle,司徒單獨談,Branch,#Simple,76,……,
c93dee5141b63d08d3d8b0514cdfd4fb.bundle,司徒單獨談,Say,スイ･ニン,204,もし祖母に私兵が存在すると知られれば、祖母とそのことを知るすべての者を皆殺しにするだろう。,
c93dee5141b63d08d3d8b0514cdfd4fb.bundle,司徒單獨談,Say,スイ･ニン,205,もちろん私と君たちもだ。,
c93dee5141b63d08d3d8b0514cdfd4fb.bundle,司徒單獨談,Say,リン･テイ,45,もしあなたが私兵の存在を私たちに言ったことが祖母に知られたらどうなるの……？,
c93dee5141b63d08d3d8b0514cdfd4fb.bundle,司徒單獨談,Say,スイ･ニン,206,……,
c93dee5141b63d08d3d8b0514cdfd4fb.bundle,司徒單獨談,Say,スイ･ニン,207,正直に言うと、わからない。,
c93dee5141b63d08d3d8b0514cdfd4fb.bundle,司徒單獨談,Say,スイ･ニン,208,しかし……,
c93dee5141b63d08d3d8b0514cdfd4fb.bundle,司徒單獨談,Say,スイ･ニン,209,君たちが口封じのために殺される可能性が高いだろう。,
c93dee5141b63d08d3d8b0514cdfd4fb.bundle,司徒單獨談,Say,リン･テイ,46,……,
c93dee5141b63d08d3d8b0514cdfd4fb.bundle,司徒單獨談,Say,スイ･ニン,210,この件について詳しく説明がされなければ、君たちも納得ができないことはわかるが……,
c93dee5141b63d08d3d8b0514cdfd4fb.bundle,司徒單獨談,Say,スイ･ニン,211,私は今でも、君たちの選択は間違っていると思っている。,
c93dee5141b63d08d3d8b0514cdfd4fb.bundle,司徒單獨談,Say,スイ･ニン,212,今なら君たちも、その理由が理解できるだろう。,
c93dee5141b63d08d3d8b0514cdfd4fb.bundle,司徒單獨談,Say,スイ･ニン,213,……すまない。,
c93dee5141b63d08d3d8b0514cdfd4fb.bundle,司徒單獨談,Say,リン･テイ,47,……,
c93dee5141b63d08d3d8b0514cdfd4fb.bundle,司徒單獨談,Say,スイ･ニン,214,……この世には知らなくてもいいこともある。,
c93dee5141b63d08d3d8b0514cdfd4fb.bundle,司徒單獨談,Say,スイ･ニン,215,特に我々の世界は尚更だ。,
c93dee5141b63d08d3d8b0514cdfd4fb.bundle,司徒單獨談,Say,スイ･ニン,216,疑うことなく、命令に従ってさえいれば、安全に生きられる。,
c93dee5141b63d08d3d8b0514cdfd4fb.bundle,司徒單獨談,Say,心の声,16,安全に……,
c93dee5141b63d08d3d8b0514cdfd4fb.bundle,司徒單獨談,Say,スイ･ニン,217,この件について、他に質問は？,
c93dee5141b63d08d3d8b0514cdfd4fb.bundle,司徒單獨談,Branch,#Simple,77,23号はこのことを知ってるのか？,
c93dee5141b63d08d3d8b0514cdfd4fb.bundle,司徒單獨談,Say,スイ･ニン,218,知ってはいるが、彼女は私兵ではない。,
c93dee5141b63d08d3d8b0514cdfd4fb.bundle,司徒單獨談,Say,スイ･ニン,219,彼女は私との協同作戦中におのれで気づいた。彼女はとても聡明だから。,
c93dee5141b63d08d3d8b0514cdfd4fb.bundle,司徒單獨談,Say,心の声,17,スイ･ニンが笑った。,
c93dee5141b63d08d3d8b0514cdfd4fb.bundle,司徒單獨談,Say,スイ･ニン,220,当然、彼女も誰かに言うようなことはしない。,
c93dee5141b63d08d3d8b0514cdfd4fb.bundle,司徒單獨談,Branch,#Simple,78,なぜあんたが祖母の私兵に選ばれたんだ？,
c93dee5141b63d08d3d8b0514cdfd4fb.bundle,司徒單獨談,Say,スイ･ニン,221,それを話すと長くなる。詳しくは日を改めて説明しよう。,
c93dee5141b63d08d3d8b0514cdfd4fb.bundle,司徒單獨談,Say,スイ･ニン,222,簡単に言えば、私はフクロウでトップクラスのエージェントだ。,
c93dee5141b63d08d3d8b0514cdfd4fb.bundle,司徒單獨談,Say,スイ･ニン,223,そして祖母はエリート部隊を作ろうとしている。,
c93dee5141b63d08d3d8b0514cdfd4fb.bundle,司徒單獨談,Say,心の声,18,彼女の態度からは奢りは見えない。むしろ無力感を感じる……,
c93dee5141b63d08d3d8b0514cdfd4fb.bundle,司徒單獨談,Branch,#Simple,79,なぜ彼女の私兵になった？,
c93dee5141b63d08d3d8b0514cdfd4fb.bundle,司徒單獨談,Say,スイ･ニン,224,代わりに自由を手にできるからだ。,
c93dee5141b63d08d3d8b0514cdfd4fb.bundle,司徒單獨談,Say,スイ･ニン,225,私には自由に動ける時間が与えられ、こうやって独自に調査を行うこともできる。,
c93dee5141b63d08d3d8b0514cdfd4fb.bundle,司徒單獨談,Say,スイ･ニン,226,もちろんだが、フクロウのスポンサーの利益に反するようなことは禁止されている。特にその中でも大きな数社なら尚更だ。,
c93dee5141b63d08d3d8b0514cdfd4fb.bundle,司徒單獨談,Say,心の声,19,だから今回の調査を祖母に黙っていたのか……,
c93dee5141b63d08d3d8b0514cdfd4fb.bundle,司徒單獨談,Say,スイ･ニン,227,それともう一つ、私自身が納得できない任務は受けなくても良いという権利が与えられている。,
c93dee5141b63d08d3d8b0514cdfd4fb.bundle,司徒單獨談,Say,スイ･ニン,228,だから私は任務に介入せず、人道支援や、警察だけでは解決不可能な問題を解決できる。,
c93dee5141b63d08d3d8b0514cdfd4fb.bundle,司徒單獨談,Say,スイ･ニン,229,……これにより、私にしかできないことができる。,
c93dee5141b63d08d3d8b0514cdfd4fb.bundle,司徒單獨談,Branch,#Simple,80,質問は以上だ。,
c93dee5141b63d08d3d8b0514cdfd4fb.bundle,司徒單獨談,Say,スイ･ニン,230,そう。,
c93dee5141b63d08d3d8b0514cdfd4fb.bundle,司徒單獨談,Say,スイ･ニン,231,二人の安全のためにも、このことは絶対に誰にも言わないでほしい。,
c93dee5141b63d08d3d8b0514cdfd4fb.bundle,司徒單獨談,Say,リン･テイ,48,わかった。,
c93dee5141b63d08d3d8b0514cdfd4fb.bundle,司徒單獨談,Branch,#Simple,81,ああ。,
c93dee5141b63d08d3d8b0514cdfd4fb.bundle,司徒單獨談,Branch,#Simple,82,……,
c93dee5141b63d08d3d8b0514cdfd4fb.bundle,司徒單獨談,Say,スイ･ニン,232,もちろんリュウセイにもだ。,
c93dee5141b63d08d3d8b0514cdfd4fb.bundle,司徒單獨談,Say,スイ･ニン,233,彼にはさっきの話を絶対言わないでほしい。,
c93dee5141b63d08d3d8b0514cdfd4fb.bundle,司徒單獨談,Say,スイ･ニン,234,もちろん、それをほのめかしたりするのもだめだ。,
c93dee5141b63d08d3d8b0514cdfd4fb.bundle,司徒單獨談,Say,リン･テイ,49,どうしてリュウセイに……,
c93dee5141b63d08d3d8b0514cdfd4fb.bundle,司徒單獨談,Say,スイ･ニン,235,何と言われようと、絶対にだめだ。,
c93dee5141b63d08d3d8b0514cdfd4fb.bundle,司徒單獨談,Say,心の声,20,脅しているようなものだ……,
c93dee5141b63d08d3d8b0514cdfd4fb.bundle,司徒單獨談,Say,スイ･ニン,236,今ここで、約束してほしい。,
c93dee5141b63d08d3d8b0514cdfd4fb.bundle,司徒單獨談,Say,リン･テイ,50,……,
c93dee5141b63d08d3d8b0514cdfd4fb.bundle,司徒單獨談,Say,リン･テイ,51,わかった。約束する。,
c93dee5141b63d08d3d8b0514cdfd4fb.bundle,司徒單獨談,Branch,#Simple,83,俺も約束する。,
c93dee5141b63d08d3d8b0514cdfd4fb.bundle,司徒單獨談,Say,スイ･ニン,237,ありがとう。,
c93dee5141b63d08d3d8b0514cdfd4fb.bundle,司徒單獨談,Branch,#Simple,84,約束はできない。,
c93dee5141b63d08d3d8b0514cdfd4fb.bundle,司徒單獨談,Say,スイ･ニン,238,……それは認めない。,
c93dee5141b63d08d3d8b0514cdfd4fb.bundle,司徒單獨談,Say,心の声,21,殺気を感じる。,
c93dee5141b63d08d3d8b0514cdfd4fb.bundle,司徒單獨談,Say,スイ･ニン,239,私が君に強要することはできないが、どうか理解してほしい……,
c93dee5141b63d08d3d8b0514cdfd4fb.bundle,司徒單獨談,Say,スイ･ニン,240,もしリュウセイがことのことを知ったら、すべてがお終いだ。,
c93dee5141b63d08d3d8b0514cdfd4fb.bundle,司徒單獨談,Say,スイ･ニン,241,この調査だけではない。君とリン、そしてリュウセイに私も、皆お終いだ。,
c93dee5141b63d08d3d8b0514cdfd4fb.bundle,司徒單獨談,Say,スイ･ニン,242,まだ未熟の彼では、この件を上手く飲み込むことは不可能だ。,
c93dee5141b63d08d3d8b0514cdfd4fb.bundle,司徒單獨談,Say,スイ･ニン,243,彼がどんな反応を見せるかはわからないが、きっと理性的な判断を失うはずだ。,
c93dee5141b63d08d3d8b0514cdfd4fb.bundle,司徒單獨談,Say,スイ･ニン,244,また彼がこの件を誰かに話す可能性も高い。,
c93dee5141b63d08d3d8b0514cdfd4fb.bundle,司徒單獨談,Say,スイ･ニン,245,君たちの身の安全のためでもある……,
c93dee5141b63d08d3d8b0514cdfd4fb.bundle,司徒單獨談,Say,スイ･ニン,246,だから何があっても……,
c93dee5141b63d08d3d8b0514cdfd4fb.bundle,司徒單獨談,Say,スイ･ニン,247,リュウセイには絶対に言うな。,
c93dee5141b63d08d3d8b0514cdfd4fb.bundle,司徒單獨談,Say,リン･テイ,52,……,
c93dee5141b63d08d3d8b0514cdfd4fb.bundle,司徒單獨談,Say,リン･テイ,53,……わかった。,
c93dee5141b63d08d3d8b0514cdfd4fb.bundle,司徒單獨談,Say,スイ･ニン,248,……,
c93dee5141b63d08d3d8b0514cdfd4fb.bundle,司徒單獨談,Say,スイ･ニン,249,改めて言うが……,
c93dee5141b63d08d3d8b0514cdfd4fb.bundle,司徒單獨談,Say,スイ･ニン,250,私がこの件を君たちに話した理由は、明日の作戦があまりにも危険だからだ。,
c93dee5141b63d08d3d8b0514cdfd4fb.bundle,司徒單獨談,Say,スイ･ニン,251,我々はそもそも数が少ない。だからこそ、互いの信頼が重要になってくる。,
c93dee5141b63d08d3d8b0514cdfd4fb.bundle,司徒單獨談,Say,スイ･ニン,252,作戦中に疑い合うことになるのは御免だ。,
c93dee5141b63d08d3d8b0514cdfd4fb.bundle,司徒單獨談,Say,スイ･ニン,253,私が話すことで、君たちからの疑いが解けるなら、いくらでもそのリスクを背負う覚悟はできている。,
c93dee5141b63d08d3d8b0514cdfd4fb.bundle,司徒單獨談,Say,スイ･ニン,254,それに、君たちはこの情報を漏らしてはいけないことを重々承知しているはずだ。,
c93dee5141b63d08d3d8b0514cdfd4fb.bundle,司徒單獨談,Say,スイ･ニン,255,……,
c93dee5141b63d08d3d8b0514cdfd4fb.bundle,司徒單獨談,Say,スイ･ニン,256,この件はここまでにしよう……,
c93dee5141b63d08d3d8b0514cdfd4fb.bundle,司徒單獨談,Say,スイ･ニン,257,話しすぎてしまった気もしないではないが……,
c93dee5141b63d08d3d8b0514cdfd4fb.bundle,司徒單獨談,Say,スイ･ニン,258,他の質問は？,
c93dee5141b63d08d3d8b0514cdfd4fb.bundle,司徒單獨談,Branch,#Simple,85,これ以上はやめておこう。,
c93dee5141b63d08d3d8b0514cdfd4fb.bundle,司徒單獨談,Say,スイ･ニン,259,……賢明だ。,
c93dee5141b63d08d3d8b0514cdfd4fb.bundle,司徒單獨談,Say,スイ･ニン,260,リンは？,
c93dee5141b63d08d3d8b0514cdfd4fb.bundle,司徒單獨談,Say,リン･テイ,54,……,
c93dee5141b63d08d3d8b0514cdfd4fb.bundle,司徒單獨談,Say,リン･テイ,55,じゃ、私もやめる。,
c93dee5141b63d08d3d8b0514cdfd4fb.bundle,司徒單獨談,Say,スイ･ニン,261,これは間違いなく賢明な判断だ。,
c93dee5141b63d08d3d8b0514cdfd4fb.bundle,司徒單獨談,Say,スイ･ニン,262,特に二人にとってはね。,
c93dee5141b63d08d3d8b0514cdfd4fb.bundle,司徒單獨談,Say,リン･テイ,56,……うん。,
c93dee5141b63d08d3d8b0514cdfd4fb.bundle,司徒單獨談,Branch,#Simple,86,やめておこう。,
c93dee5141b63d08d3d8b0514cdfd4fb.bundle,司徒單獨談,Say,スイ･ニン,263,賢明な判断だ。,
c93dee5141b63d08d3d8b0514cdfd4fb.bundle,司徒單獨談,Say,リン･テイ,57,待って……,
c93dee5141b63d08d3d8b0514cdfd4fb.bundle,司徒單獨談,Say,リン･テイ,58,だめよ、そんなの。,
c93dee5141b63d08d3d8b0514cdfd4fb.bundle,司徒單獨談,Say,リン･テイ,59,私は真実を知る必要がある。,
c93dee5141b63d08d3d8b0514cdfd4fb.bundle,司徒單獨談,Branch,#Simple,87,リン、危険だ。,
c93dee5141b63d08d3d8b0514cdfd4fb.bundle,司徒單獨談,Say,リン･テイ,60,わかってるけど、私たちには知る必要があるのよ！,
c93dee5141b63d08d3d8b0514cdfd4fb.bundle,司徒單獨談,Branch,#Simple,88,どうしてそう思うんだ？,
c93dee5141b63d08d3d8b0514cdfd4fb.bundle,司徒單獨談,Say,リン･テイ,61,……,
c93dee5141b63d08d3d8b0514cdfd4fb.bundle,司徒單獨談,Say,リン･テイ,62,もしスイさんが本当にどこかの企業に所属していて、その企業が……,
c93dee5141b63d08d3d8b0514cdfd4fb.bundle,司徒單獨談,Say,スイ･ニン,264,万象の競争相手だったら……か。確かにその場合は、助っ人と同じく、私が企業の命令を受けて調査をしているだけの可能性がある。,
c93dee5141b63d08d3d8b0514cdfd4fb.bundle,司徒單獨談,Say,スイ･ニン,265,そして君たち二人はそれに利用され、私が所属している企業の利益のために命をかけていることになる。,
c93dee5141b63d08d3d8b0514cdfd4fb.bundle,司徒單獨談,Say,心の声,22,ホワイトリザードと助っ人が言いたかったのはこういうことか……,
c93dee5141b63d08d3d8b0514cdfd4fb.bundle,司徒單獨談,Say,リン･テイ,63,……,
c93dee5141b63d08d3d8b0514cdfd4fb.bundle,司徒單獨談,Say,スイ･ニン,266,そう考えるのも仕方がない。,
c93dee5141b63d08d3d8b0514cdfd4fb.bundle,司徒單獨談,Say,スイ･ニン,267,だがそれは真実ではない……,
c93dee5141b63d08d3d8b0514cdfd4fb.bundle,司徒單獨談,Say,スイ･ニン,268,私からは言えるのはこれだけだ。,
c93dee5141b63d08d3d8b0514cdfd4fb.bundle,司徒單獨談,Say,スイ･ニン,269,それによくと考えてほしい。,
c93dee5141b63d08d3d8b0514cdfd4fb.bundle,司徒單獨談,Say,スイ･ニン,270,例え私がこの件について話したとしても、嘘をついてる可能性がある。,
c93dee5141b63d08d3d8b0514cdfd4fb.bundle,司徒單獨談,Say,スイ･ニン,271,だから君たちには私を信じて、としか言えない。また君たちにこの件を話しても、真実かわからない情報のためにリスクを負うだけだ。,
c93dee5141b63d08d3d8b0514cdfd4fb.bundle,司徒單獨談,Say,スイ･ニン,272,とはいえ、選択するのは君たちだ。,
c93dee5141b63d08d3d8b0514cdfd4fb.bundle,司徒單獨談,Say,スイ･ニン,273,どうする？,
c93dee5141b63d08d3d8b0514cdfd4fb.bundle,司徒單獨談,Branch,#Simple,89,俺はリスクを負いたくない。,
c93dee5141b63d08d3d8b0514cdfd4fb.bundle,司徒單獨談,Say,リン･テイ,64,……わかった。,
c93dee5141b63d08d3d8b0514cdfd4fb.bundle,司徒單獨談,Say,スイ･ニン,274,賢い選択だ。,
c93dee5141b63d08d3d8b0514cdfd4fb.bundle,司徒單獨談,Say,スイ･ニン,275,この件はここまでにしよう。,
c93dee5141b63d08d3d8b0514cdfd4fb.bundle,司徒單獨談,Branch,#Simple,90,真実を教えてくれ。,
c93dee5141b63d08d3d8b0514cdfd4fb.bundle,司徒單獨談,Say,スイ･ニン,276,……,
c93dee5141b63d08d3d8b0514cdfd4fb.bundle,司徒單獨談,Say,スイ･ニン,277,わかった。,
c93dee5141b63d08d3d8b0514cdfd4fb.bundle,司徒單獨談,Branch,#Simple,91,俺たちはもう危険な状況に足を突っ込んでいる。,
c93dee5141b63d08d3d8b0514cdfd4fb.bundle,司徒單獨談,Branch,#Simple,92,そんな情報のためにリスクを負う必要はない。,
c93dee5141b63d08d3d8b0514cdfd4fb.bundle,司徒單獨談,Say,スイ･ニン,278,私も同意見だ。,
c93dee5141b63d08d3d8b0514cdfd4fb.bundle,司徒單獨談,Say,リン･テイ,65,……,
c93dee5141b63d08d3d8b0514cdfd4fb.bundle,司徒單獨談,Say,リン･テイ,66,あなたたちの言う通りかもしれない。,
c93dee5141b63d08d3d8b0514cdfd4fb.bundle,司徒單獨談,Say,リン･テイ,67,この件はここまでにしましょう。,
c93dee5141b63d08d3d8b0514cdfd4fb.bundle,司徒單獨談,Branch,#Simple,93,わかった。スイ･ニン、教えてくれ。,
c93dee5141b63d08d3d8b0514cdfd4fb.bundle,司徒單獨談,Branch,#Simple,94,俺にだけ話すことはできないのか？,
c93dee5141b63d08d3d8b0514cdfd4fb.bundle,司徒單獨談,Say,スイ･ニン,279,お勧めはしない。,
c93dee5141b63d08d3d8b0514cdfd4fb.bundle,司徒單獨談,Say,リン･テイ,68,待ってよ、ジェイ。私だって聞きたいわ。,
c93dee5141b63d08d3d8b0514cdfd4fb.bundle,司徒單獨談,Say,スイ･ニン,280,……,
c93dee5141b63d08d3d8b0514cdfd4fb.bundle,司徒單獨談,Say,スイ･ニン,281,そして、この件は絶対にリュウセイに言わないでほしい。,
c93dee5141b63d08d3d8b0514cdfd4fb.bundle,司徒單獨談,Branch,#Simple,95,あんたが企業に所属していることをか？,
c93dee5141b63d08d3d8b0514cdfd4fb.bundle,司徒單獨談,Say,スイ･ニン,282,ええ。,
c93dee5141b63d08d3d8b0514cdfd4fb.bundle,司徒單獨談,Branch,#Simple,96,……,
c93dee5141b63d08d3d8b0514cdfd4fb.bundle,司徒單獨談,Say,スイ･ニン,283,彼がどういった反応をするかは目に見えている……,
c93dee5141b63d08d3d8b0514cdfd4fb.bundle,司徒單獨談,Say,リン･テイ,69,彼はあなたに騙されたと思うでしょうね……,
c93dee5141b63d08d3d8b0514cdfd4fb.bundle,司徒單獨談,Say,スイ･ニン,284,ええ。怒りの感情に支配され、冷静さを失うはずだ……,
c93dee5141b63d08d3d8b0514cdfd4fb.bundle,司徒單獨談,Say,スイ･ニン,285,明日のことを考えると、今は話すべきタイミングではない。,
c93dee5141b63d08d3d8b0514cdfd4fb.bundle,司徒單獨談,Say,スイ･ニン,286,彼には余計な負担を与えたくない。,
c93dee5141b63d08d3d8b0514cdfd4fb.bundle,司徒單獨談,Say,リン･テイ,70,そうね。,
c93dee5141b63d08d3d8b0514cdfd4fb.bundle,司徒單獨談,Say,心の声,23,二人が俺を睨んでる……,
c93dee5141b63d08d3d8b0514cdfd4fb.bundle,司徒單獨談,Branch,#Simple,97,大丈夫だ。俺は言わない。,
c93dee5141b63d08d3d8b0514cdfd4fb.bundle,司徒單獨談,Say,スイ･ニン,287,ありがとう。,
c93dee5141b63d08d3d8b0514cdfd4fb.bundle,司徒單獨談,Branch,#Simple,98,さて、どうしようか。,
c93dee5141b63d08d3d8b0514cdfd4fb.bundle,司徒單獨談,Say,スイ･ニン,288,……,
c93dee5141b63d08d3d8b0514cdfd4fb.bundle,司徒單獨談,Say,スイ･ニン,289,ジェイ、よく考えてくれ。,
c93dee5141b63d08d3d8b0514cdfd4fb.bundle,司徒單獨談,Branch,#Simple,99,質問はこれだけだ。,
c93dee5141b63d08d3d8b0514cdfd4fb.bundle,司徒單獨談,Say,スイ･ニン,290,わかった。,
c93dee5141b63d08d3d8b0514cdfd4fb.bundle,司徒單獨談,Say,スイ･ニン,291,では本題に戻ろう。,
c93dee5141b63d08d3d8b0514cdfd4fb.bundle,司徒單獨談,Say,スイ･ニン,292,ジェイ、以前君にフクロウへの入隊を提案したことを覚えているか？,
c93dee5141b63d08d3d8b0514cdfd4fb.bundle,司徒單獨談,Branch,#Simple,100,ああ。,
c93dee5141b63d08d3d8b0514cdfd4fb.bundle,司徒單獨談,Branch,#Simple,101,あまり覚えていない。,
c93dee5141b63d08d3d8b0514cdfd4fb.bundle,司徒單獨談,Say,スイ･ニン,293,では、もう一度説明しよう。,
c93dee5141b63d08d3d8b0514cdfd4fb.bundle,司徒單獨談,Say,スイ･ニン,294,これはとても重要なことだから、覚えておいてほしい。,
c93dee5141b63d08d3d8b0514cdfd4fb.bundle,司徒單獨談,Say,スイ･ニン,295,改造人間である君は、フクロウにマークされ続けている。,
c93dee5141b63d08d3d8b0514cdfd4fb.bundle,司徒單獨談,Say,スイ･ニン,296,とはいえ、改造人間であることは大したことではない……,
c93dee5141b63d08d3d8b0514cdfd4fb.bundle,司徒單獨談,Say,スイ･ニン,297,問題は、君が武器化改造されているということだ。,
c93dee5141b63d08d3d8b0514cdfd4fb.bundle,司徒單獨談,Say,スイ･ニン,298,本来のフクロウの方針であれば、武器化改造をされた人間は抹殺される。,
c93dee5141b63d08d3d8b0514cdfd4fb.bundle,司徒單獨談,Say,スイ･ニン,299,しかし君がフクロウに自分の価値を証明できれば、抹殺はされず、エージェントになれる。,
c93dee5141b63d08d3d8b0514cdfd4fb.bundle,司徒單獨談,Say,スイ･ニン,300,何か質問は？,
c93dee5141b63d08d3d8b0514cdfd4fb.bundle,司徒單獨談,Branch,#Simple,102,大丈夫だ。,
c93dee5141b63d08d3d8b0514cdfd4fb.bundle,司徒單獨談,Branch,#Simple,103,俺がフクロウから、隠れ続ければいいだけじゃないか？,
c93dee5141b63d08d3d8b0514cdfd4fb.bundle,司徒單獨談,Say,スイ･ニン,301,それは不可能だ。,
c93dee5141b63d08d3d8b0514cdfd4fb.bundle,司徒單獨談,Say,スイ･ニン,302,一時的に逃げられたとしても、君は一生フクロウに追われることになる。,
c93dee5141b63d08d3d8b0514cdfd4fb.bundle,司徒單獨談,Branch,#Simple,104,あんたが俺の武器化改造を言わなければいいだけでは？,
c93dee5141b63d08d3d8b0514cdfd4fb.bundle,司徒單獨談,Say,スイ･ニン,303,長く隠し通すことは不可能だ。いずれ彼らは知ることになる。,
c93dee5141b63d08d3d8b0514cdfd4fb.bundle,司徒單獨談,Say,スイ･ニン,304,それと。,
c93dee5141b63d08d3d8b0514cdfd4fb.bundle,司徒單獨談,Say,スイ･ニン,305,悪い知らせがある。,
c93dee5141b63d08d3d8b0514cdfd4fb.bundle,司徒單獨談,Say,スイ･ニン,306,君の武器化改造が、もっと早くにフクロウに知られる可能性がある。,
c93dee5141b63d08d3d8b0514cdfd4fb.bundle,司徒單獨談,Say,スイ･ニン,307,つまり、君のフクロウへの入隊を早める他ない。,
c93dee5141b63d08d3d8b0514cdfd4fb.bundle,司徒單獨談,Say,リン･テイ,71,ど、どうして……？,
c93dee5141b63d08d3d8b0514cdfd4fb.bundle,司徒單獨談,Say,スイ･ニン,308,フクロウがホワイトリザードを捕まえたからだ。,
c93dee5141b63d08d3d8b0514cdfd4fb.bundle,司徒單獨談,Say,スイ･ニン,309,祖母は今夜、彼から情報を聞き出すはずだ。,
c93dee5141b63d08d3d8b0514cdfd4fb.bundle,司徒單獨談,Say,スイ･ニン,310,そのホワイトリザードから武器化改造のことが漏れる可能性が高い。,
c93dee5141b63d08d3d8b0514cdfd4fb.bundle,司徒單獨談,Say,リン･テイ,72,待って……じゃ、私たちの調査もバレてるってこと？,
c93dee5141b63d08d3d8b0514cdfd4fb.bundle,司徒單獨談,Branch,#Simple,105,調査はここで終わりなのか？,
c93dee5141b63d08d3d8b0514cdfd4fb.bundle,司徒單獨談,Branch,#Simple,106,……,
c93dee5141b63d08d3d8b0514cdfd4fb.bundle,司徒單獨談,Say,スイ･ニン,311,いいえ。,
c93dee5141b63d08d3d8b0514cdfd4fb.bundle,司徒單獨談,Say,スイ･ニン,312,祖母に私たちを止める気があるなら、すでに私たちは捕まっているはずだ。,
c93dee5141b63d08d3d8b0514cdfd4fb.bundle,司徒單獨談,Say,スイ･ニン,313,だが未だに、エージェントが送られた様子はない。このことから、二つの可能性が考えられる。,
c93dee5141b63d08d3d8b0514cdfd4fb.bundle,司徒單獨談,Say,スイ･ニン,314,一つは、私たちの動きに気づいてはいるが、状況の把握ができておらず、まだ調査段階なのか。,
c93dee5141b63d08d3d8b0514cdfd4fb.bundle,司徒單獨談,Say,スイ･ニン,315,だがその場合は、まだ時間がある。明日の作戦は何事もなく進められるはずだ。,
c93dee5141b63d08d3d8b0514cdfd4fb.bundle,司徒單獨談,Say,スイ･ニン,316,二つ目は、彼女が私たちの調査に干渉する気がないかだ……,
c93dee5141b63d08d3d8b0514cdfd4fb.bundle,司徒單獨談,Say,スイ･ニン,317,何かしらの理由で、彼女はこの調査が続くことを望んでいる。,
c93dee5141b63d08d3d8b0514cdfd4fb.bundle,司徒單獨談,Say,スイ･ニン,318,万象が倒れることを望んでいるのか……,
c93dee5141b63d08d3d8b0514cdfd4fb.bundle,司徒單獨談,Say,スイ･ニン,319,または私が勝手に調査を進めていることを利用し、何らかの情報を手に入れようとしているのかもしれない。,
c93dee5141b63d08d3d8b0514cdfd4fb.bundle,司徒單獨談,Say,スイ･ニン,320,どうであれ、彼女の目的は謎のままだ。,
c93dee5141b63d08d3d8b0514cdfd4fb.bundle,司徒單獨談,Branch,#Simple,107,あんたを利用して万象の悪行を阻止したいとか？,
c93dee5141b63d08d3d8b0514cdfd4fb.bundle,司徒單獨談,Say,スイ･ニン,321,それはあり得ない。,
c93dee5141b63d08d3d8b0514cdfd4fb.bundle,司徒單獨談,Say,スイ･ニン,322,あの人は、そんなことをしない。,
c93dee5141b63d08d3d8b0514cdfd4fb.bundle,司徒單獨談,Say,心の声,24,かなり冷たい言い方だ……,
c93dee5141b63d08d3d8b0514cdfd4fb.bundle,司徒單獨談,Say,スイ･ニン,323,とにかく……,
c93dee5141b63d08d3d8b0514cdfd4fb.bundle,司徒單獨談,Branch,#Simple,108,俺たちが自由に動けるのは後どれくらいだ？,
c93dee5141b63d08d3d8b0514cdfd4fb.bundle,司徒單獨談,Say,スイ･ニン,324,正確にはわからないが……,
c93dee5141b63d08d3d8b0514cdfd4fb.bundle,司徒單獨談,Branch,#Simple,109,……,
c93dee5141b63d08d3d8b0514cdfd4fb.bundle,司徒單獨談,Say,スイ･ニン,325,一週間ほどは自由に調査できるはずだ。,
c93dee5141b63d08d3d8b0514cdfd4fb.bundle,司徒單獨談,Say,スイ･ニン,326,その後はどうなるかわからない。,
c93dee5141b63d08d3d8b0514cdfd4fb.bundle,司徒單獨談,Say,リン･テイ,73,……,
c93dee5141b63d08d3d8b0514cdfd4fb.bundle,司徒單獨談,Say,スイ･ニン,327,本題に戻ろう。ジェイ、君のフクロウ入隊を早める必要がある。,
c93dee5141b63d08d3d8b0514cdfd4fb.bundle,司徒單獨談,Say,スイ･ニン,328,明日の作戦が終わり次第、訓練を始める。,
c93dee5141b63d08d3d8b0514cdfd4fb.bundle,司徒單獨談,Say,心の声,25,訓練が上手くいかなければ、俺はフクロウに殺されるのか……,
c93dee5141b63d08d3d8b0514cdfd4fb.bundle,司徒單獨談,Say,スイ･ニン,329,安心するといい。,
c93dee5141b63d08d3d8b0514cdfd4fb.bundle,司徒單獨談,Say,スイ･ニン,330,原因は不明だが、私の見立てによると……,
c93dee5141b63d08d3d8b0514cdfd4fb.bundle,司徒單獨談,Say,スイ･ニン,331,君の能力は少しずつ強くなっている……,
c93dee5141b63d08d3d8b0514cdfd4fb.bundle,司徒單獨談,Branch,#Simple,110,それは良いことなのか？,
c93dee5141b63d08d3d8b0514cdfd4fb.bundle,司徒單獨談,Say,スイ･ニン,332,ええ。,
c93dee5141b63d08d3d8b0514cdfd4fb.bundle,司徒單獨談,Branch,#Simple,111,原因はわからないのか？,
c93dee5141b63d08d3d8b0514cdfd4fb.bundle,司徒單獨談,Say,スイ･ニン,333,君の身体能力は最初から人ならざるものだったが……,
c93dee5141b63d08d3d8b0514cdfd4fb.bundle,司徒單獨談,Say,スイ･ニン,334,現在もそれは成長し続けている。,
c93dee5141b63d08d3d8b0514cdfd4fb.bundle,司徒單獨談,Say,スイ･ニン,335,これは予想外のことだ。,
c93dee5141b63d08d3d8b0514cdfd4fb.bundle,司徒單獨談,Branch,#Simple,112,……,
c93dee5141b63d08d3d8b0514cdfd4fb.bundle,司徒單獨談,Say,スイ･ニン,336,君の訓練はきっと上手くいくはずだ。,
c93dee5141b63d08d3d8b0514cdfd4fb.bundle,司徒單獨談,Say,リン･テイ,74,訓練って何をするの……？,
c93dee5141b63d08d3d8b0514cdfd4fb.bundle,司徒單獨談,Say,スイ･ニン,337,まず始めにやることは、精神統一だ。,
c93dee5141b63d08d3d8b0514cdfd4fb.bundle,司徒單獨談,Say,心の声,26,精神統一？,
c93dee5141b63d08d3d8b0514cdfd4fb.bundle,司徒單獨談,Say,スイ･ニン,338,改造人間は精神制御から身を守ることが重要だ。だがら頭の中の二つの意識を統一する必要がある。,
c93dee5141b63d08d3d8b0514cdfd4fb.bundle,司徒單獨談,Say,スイ･ニン,339,精神制御されると、記憶の喪失から主の人格が乖離してしまう。,
c93dee5141b63d08d3d8b0514cdfd4fb.bundle,司徒單獨談,Say,スイ･ニン,340,だから精神制御されている時のことを思い出せば、君は意識の主導権を完全に手にできる。,
c93dee5141b63d08d3d8b0514cdfd4fb.bundle,司徒單獨談,Branch,#Simple,113,具体に何をすればいい？,
c93dee5141b63d08d3d8b0514cdfd4fb.bundle,司徒單獨談,Branch,#Simple,114,まだ精神制御されていない俺が精神統一をする必要はあるのか？,
c93dee5141b63d08d3d8b0514cdfd4fb.bundle,司徒單獨談,Say,スイ･ニン,341,すまない。精神統一という言葉が少し誤解を招いたようだ。,
c93dee5141b63d08d3d8b0514cdfd4fb.bundle,司徒單獨談,Say,スイ･ニン,342,正しくは、君の記憶と意識を完全なものにする。,
c93dee5141b63d08d3d8b0514cdfd4fb.bundle,司徒單獨談,Say,スイ･ニン,343,つまり過去に制御されていた時の記憶を取り戻すということだ。,
c93dee5141b63d08d3d8b0514cdfd4fb.bundle,司徒單獨談,Say,スイ･ニン,344,実はその作業は……,
c93dee5141b63d08d3d8b0514cdfd4fb.bundle,司徒單獨談,Branch,#Simple,115,……,
c93dee5141b63d08d3d8b0514cdfd4fb.bundle,司徒單獨談,Say,スイ･ニン,345,もう始まっている。,
c93dee5141b63d08d3d8b0514cdfd4fb.bundle,司徒單獨談,Say,スイ･ニン,346,失った記憶を取り戻すためには、自分が記憶を失ったことに気づかなければならない。,
c93dee5141b63d08d3d8b0514cdfd4fb.bundle,司徒單獨談,Say,スイ･ニン,347,だが君が改造人間であることを告げた時から、この作業はもう終わっている。,
c93dee5141b63d08d3d8b0514cdfd4fb.bundle,司徒單獨談,Say,心の声,27,俺が改造人間……,
c93dee5141b63d08d3d8b0514cdfd4fb.bundle,司徒單獨談,Say,スイ･ニン,348,君がそれに気づきさえすれば、頭に埋め込まれた制御システムがゆっくりと効力を失い始める。,
c93dee5141b63d08d3d8b0514cdfd4fb.bundle,司徒單獨談,Say,スイ･ニン,349,君は最近、実在しない場所を見たりすることはないか？,
c93dee5141b63d08d3d8b0514cdfd4fb.bundle,司徒單獨談,Say,リン･テイ,75,実在しない場所？,
c93dee5141b63d08d3d8b0514cdfd4fb.bundle,司徒單獨談,Say,スイ･ニン,350,部屋、草原、トイレ、何でもあり得る。,
c93dee5141b63d08d3d8b0514cdfd4fb.bundle,司徒單獨談,Say,スイ･ニン,351,その場所は、君の主たる意識を隔離するための場所だ。,
c93dee5141b63d08d3d8b0514cdfd4fb.bundle,司徒單獨談,Say,スイ･ニン,352,君が制御された時、君の主たる意識は無理やりその空間の中へと移動させられる。,
c93dee5141b63d08d3d8b0514cdfd4fb.bundle,司徒單獨談,Say,スイ･ニン,353,制御が終われば、身体に戻ることができるが……,
c93dee5141b63d08d3d8b0514cdfd4fb.bundle,司徒單獨談,Say,スイ･ニン,354,制御されていた時の記憶はすべてその空間に残される。,
c93dee5141b63d08d3d8b0514cdfd4fb.bundle,司徒單獨談,Branch,#Simple,116,つまり、そこに残された記憶を取り出さないといけないってことか？,
c93dee5141b63d08d3d8b0514cdfd4fb.bundle,司徒單獨談,Say,スイ･ニン,355,ええ。,
c93dee5141b63d08d3d8b0514cdfd4fb.bundle,司徒單獨談,Branch,#Simple,117,は……？,
c93dee5141b63d08d3d8b0514cdfd4fb.bundle,司徒單獨談,Say,スイ･ニン,356,抽象的な説明で申し訳ない。,
c93dee5141b63d08d3d8b0514cdfd4fb.bundle,司徒單獨談,Say,スイ･ニン,357,だがこれが私にできる説明のすべてだ。,
c93dee5141b63d08d3d8b0514cdfd4fb.bundle,司徒單獨談,Say,スイ･ニン,358,まとめると……,
c93dee5141b63d08d3d8b0514cdfd4fb.bundle,司徒單獨談,Say,スイ･ニン,359,君が制御されていた時の記憶は、すべて君の頭が作り出した空間に保管されている。,
c93dee5141b63d08d3d8b0514cdfd4fb.bundle,司徒單獨談,Branch,#Simple,118,……,
c93dee5141b63d08d3d8b0514cdfd4fb.bundle,司徒單獨談,Say,スイ･ニン,360,記憶をすべて取り出し、身体の制御権を奪うには……,
c93dee5141b63d08d3d8b0514cdfd4fb.bundle,司徒單獨談,Say,スイ･ニン,361,君がその空間に入り、用意された出口から出る必要がある。,
c93dee5141b63d08d3d8b0514cdfd4fb.bundle,司徒單獨談,Say,リン･テイ,76,出口……？,
c93dee5141b63d08d3d8b0514cdfd4fb.bundle,司徒單獨談,Say,スイ･ニン,362,大体は窓や扉のようなものが現れるはずだ。,
c93dee5141b63d08d3d8b0514cdfd4fb.bundle,司徒單獨談,Say,スイ･ニン,363,だがそれを開けるには、非常に強い意志が必要だ。,
c93dee5141b63d08d3d8b0514cdfd4fb.bundle,司徒單獨談,Say,スイ･ニン,364,私たちが行う訓練がまさにそれだ。,
c93dee5141b63d08d3d8b0514cdfd4fb.bundle,司徒單獨談,Say,スイ･ニン,365,訓練方法だが、まずは君がその隔離空間に入らなければ教えられない。,
c93dee5141b63d08d3d8b0514cdfd4fb.bundle,司徒單獨談,Branch,#Simple,119,今すぐ教えてないか？,
c93dee5141b63d08d3d8b0514cdfd4fb.bundle,司徒單獨談,Say,スイ･ニン,366,今は無理だ。,
c93dee5141b63d08d3d8b0514cdfd4fb.bundle,司徒單獨談,Say,スイ･ニン,367,それにこれは急ぐべきではない。,
c93dee5141b63d08d3d8b0514cdfd4fb.bundle,司徒單獨談,Branch,#Simple,120,俺は隔離空間に行ったことがあると思う。,
c93dee5141b63d08d3d8b0514cdfd4fb.bundle,司徒單獨談,Say,リン･テイ,77,本当なの？,
c93dee5141b63d08d3d8b0514cdfd4fb.bundle,司徒單獨談,Say,スイ･ニン,368,自分が改造人間だとすでに知っている彼なら、その可能性は大いにある。,
c93dee5141b63d08d3d8b0514cdfd4fb.bundle,司徒單獨談,Say,心の声,28,俺はそんなものを見ていたのか……？,
c93dee5141b63d08d3d8b0514cdfd4fb.bundle,司徒單獨談,Say,スイ･ニン,369,どんな場所だ？,
c93dee5141b63d08d3d8b0514cdfd4fb.bundle,司徒單獨談,Branch,#Simple,121,俺の実家だ。,
c93dee5141b63d08d3d8b0514cdfd4fb.bundle,司徒單獨談,Branch,#Simple,122,家のベッドルームだ。,
c93dee5141b63d08d3d8b0514cdfd4fb.bundle,司徒單獨談,Branch,#Simple,123,俺のおばあさんが亡くなった病院だ。,
c93dee5141b63d08d3d8b0514cdfd4fb.bundle,司徒單獨談,Say,スイ･ニン,370,実在しない場所を見ると聞いていたのだが……,
c93dee5141b63d08d3d8b0514cdfd4fb.bundle,司徒單獨談,Say,スイ･ニン,371,このパターンは初めて見る。,
c93dee5141b63d08d3d8b0514cdfd4fb.bundle,司徒單獨談,Say,スイ･ニン,372,……,
c93dee5141b63d08d3d8b0514cdfd4fb.bundle,司徒單獨談,Branch,#Simple,124,尋問部屋のような場所に閉じ込められた。,
c93dee5141b63d08d3d8b0514cdfd4fb.bundle,司徒單獨談,Say,スイ･ニン,373,……,
c93dee5141b63d08d3d8b0514cdfd4fb.bundle,司徒單獨談,Say,スイ･ニン,374,わかった。,
c93dee5141b63d08d3d8b0514cdfd4fb.bundle,司徒單獨談,Say,スイ･ニン,375,とはいえ、機械による検査をしなければ詳しいことはわからない。,
c93dee5141b63d08d3d8b0514cdfd4fb.bundle,司徒單獨談,Branch,#Simple,125,……,
c93dee5141b63d08d3d8b0514cdfd4fb.bundle,司徒單獨談,Say,スイ･ニン,376,とりあえずは万象の一件がすべて終わった後に考えよう。,
c93dee5141b63d08d3d8b0514cdfd4fb.bundle,司徒單獨談,Say,スイ･ニン,377,君の入隊が早まると言ったのも、あくまでも私の憶測でしかない。,
c93dee5141b63d08d3d8b0514cdfd4fb.bundle,司徒單獨談,Say,スイ･ニン,378,杞憂である可能性は十分にある。,
c93dee5141b63d08d3d8b0514cdfd4fb.bundle,司徒單獨談,Say,スイ･ニン,379,それでも、君たちには今後起きうるすべてのことを伝えたい。,
c93dee5141b63d08d3d8b0514cdfd4fb.bundle,司徒單獨談,Say,リン･テイ,78,うん……,
c93dee5141b63d08d3d8b0514cdfd4fb.bundle,司徒單獨談,Say,スイ･ニン,380,情報量が多くて申し訳ないが、まずそれを消化することから始めよう。,
c93dee5141b63d08d3d8b0514cdfd4fb.bundle,麵攤4,Say,23,0,……,
c93dee5141b63d08d3d8b0514cdfd4fb.bundle,麵攤4,Say,23,1,あーあ、空気悪くしちゃったな……,
c93dee5141b63d08d3d8b0514cdfd4fb.bundle,麵攤4,Say,リュウセイ･チョウ,0,ハハ……,
c93dee5141b63d08d3d8b0514cdfd4fb.bundle,麵攤4,Say,23,2,明日は決戦の日だよ。落ち込んでどうするのよ！,
c93dee5141b63d08d3d8b0514cdfd4fb.bundle,麵攤4,Say,23,3,店長！ビールをお願い！！！,
c93dee5141b63d08d3d8b0514cdfd4fb.bundle,麵攤4,Say,イアン･チョー,0,おい！うちは居酒屋じゃないって……,
c93dee5141b63d08d3d8b0514cdfd4fb.bundle,麵攤4,Say,23,4,でも酒は売ってるでしょう？,
c93dee5141b63d08d3d8b0514cdfd4fb.bundle,麵攤4,Say,イアン･チョー,1,……料金を払うなら、何でもあるさ。,
c93dee5141b63d08d3d8b0514cdfd4fb.bundle,麵攤4,Say,23,5,金ならいくらでもある！ビールをダースで持ってきて！,
c93dee5141b63d08d3d8b0514cdfd4fb.bundle,麵攤4,Say,イアン･チョー,2,これだから公務員は……,
c93dee5141b63d08d3d8b0514cdfd4fb.bundle,麵攤4,Say,イアン･チョー,3,……,
c93dee5141b63d08d3d8b0514cdfd4fb.bundle,麵攤4,Say,イアン･チョー,4,俺にはまだ用事があるから、後でロボットに届けさせる。,
c93dee5141b63d08d3d8b0514cdfd4fb.bundle,麵攤4,Say,23,6,店番はいいの？,
c93dee5141b63d08d3d8b0514cdfd4fb.bundle,麵攤4,Say,イアン･チョー,5,公務員様がおられるんだ。ちょっかいを出すやつなんて来ないだろ？,
c93dee5141b63d08d3d8b0514cdfd4fb.bundle,麵攤4,Say,23,7,ハハ、それはそうだ！,
c93dee5141b63d08d3d8b0514cdfd4fb.bundle,麵攤4,Say,イアン･チョー,6,けっ！,
c93dee5141b63d08d3d8b0514cdfd4fb.bundle,麵攤4,Say,リュウセイ･チョウ,1,あの、23姉。明日のこともあるから、僕は飲まないでおくっす……,
c93dee5141b63d08d3d8b0514cdfd4fb.bundle,麵攤4,Branch,#Simple,0,俺も。,
c93dee5141b63d08d3d8b0514cdfd4fb.bundle,麵攤4,Branch,#Simple,1,俺は飲む。,
c93dee5141b63d08d3d8b0514cdfd4fb.bundle,麵攤4,Branch,#Simple,2,……,
c93dee5141b63d08d3d8b0514cdfd4fb.bundle,麵攤4,Say,23,8,は？,
c93dee5141b63d08d3d8b0514cdfd4fb.bundle,麵攤4,Say,23,9,別にあんたらのために買った酒じゃないけど？,
c93dee5141b63d08d3d8b0514cdfd4fb.bundle,麵攤4,Say,23,10,全部うちの分よ！,
c93dee5141b63d08d3d8b0514cdfd4fb.bundle,麵攤4,Say,リュウセイ･チョウ,2,でも23姉はお酒強くないし……,
c93dee5141b63d08d3d8b0514cdfd4fb.bundle,麵攤4,Say,23,11,そんなの知ってるっての。,
c93dee5141b63d08d3d8b0514cdfd4fb.bundle,麵攤4,Say,23,12,もう！そんなこと、どうでもいいでしょ！,
c93dee5141b63d08d3d8b0514cdfd4fb.bundle,麵攤4,Say,23,13,別の話してよ！,
c93dee5141b63d08d3d8b0514cdfd4fb.bundle,麵攤4,Say,リュウセイ･チョウ,3,……別の話って、例えばなんすか？,
c93dee5141b63d08d3d8b0514cdfd4fb.bundle,麵攤4,Say,23,14,知るか！ジェイ、あんたが話しなさい！,
c93dee5141b63d08d3d8b0514cdfd4fb.bundle,麵攤4,Branch,#Simple,3,あの子どもたちはどうなったんだ？,
c93dee5141b63d08d3d8b0514cdfd4fb.bundle,麵攤4,Say,23,15,また仕事の話？,
c93dee5141b63d08d3d8b0514cdfd4fb.bundle,麵攤4,Branch,#Simple,4,重要な話だと思うが？,
c93dee5141b63d08d3d8b0514cdfd4fb.bundle,麵攤4,Say,23,16,今は大事な話じゃなくて、どうでもいい話がいいの！,
c93dee5141b63d08d3d8b0514cdfd4fb.bundle,麵攤4,Branch,#Simple,5,俺は知りたいんだが……,
c93dee5141b63d08d3d8b0514cdfd4fb.bundle,麵攤4,Branch,#Simple,6,すまない。,
c93dee5141b63d08d3d8b0514cdfd4fb.bundle,麵攤4,Say,23,17,謝って済むなら、警察はいらないのよ！,
c93dee5141b63d08d3d8b0514cdfd4fb.bundle,麵攤4,Say,23,18,あれ、うちらが警察じゃん！,
c93dee5141b63d08d3d8b0514cdfd4fb.bundle,麵攤4,Say,23,19,はいはい～,
c93dee5141b63d08d3d8b0514cdfd4fb.bundle,麵攤4,Say,23,20,子どもたちは安全よ。,
c93dee5141b63d08d3d8b0514cdfd4fb.bundle,麵攤4,Say,23,21,うちの「ゴミ溜め」の友人は結構凄いのよ。,
c93dee5141b63d08d3d8b0514cdfd4fb.bundle,麵攤4,Say,リュウセイ･チョウ,4,スーパーハッカーらしいっす。,
c93dee5141b63d08d3d8b0514cdfd4fb.bundle,麵攤4,Say,23,22,確かに凄いけど、うちほどではないかな。,
c93dee5141b63d08d3d8b0514cdfd4fb.bundle,麵攤4,Say,23,23,とにかく、彼女がガキ共を家に帰してくれる！,
c93dee5141b63d08d3d8b0514cdfd4fb.bundle,麵攤4,Branch,#Simple,7,なるほどな。,
c93dee5141b63d08d3d8b0514cdfd4fb.bundle,麵攤4,Branch,#Simple,8,万象が子どもたちを取り戻しに来ることはないのか？,
c93dee5141b63d08d3d8b0514cdfd4fb.bundle,麵攤4,Say,23,24,その友人が子どもたちに見張りを付けたから大丈夫。,
c93dee5141b63d08d3d8b0514cdfd4fb.bundle,麵攤4,Say,23,25,子どもたちに何かあれば、すぐうちらに連絡が来る。,
c93dee5141b63d08d3d8b0514cdfd4fb.bundle,麵攤4,Say,23,26,それに万象が本当に子どもを必要としているなら、助かった子どもたちには手を出さないと思う。,
c93dee5141b63d08d3d8b0514cdfd4fb.bundle,麵攤4,Say,23,27,警戒している彼らの親から取り戻すより、新しい子どもを物色した方が楽だもん。,
c93dee5141b63d08d3d8b0514cdfd4fb.bundle,麵攤4,Say,23,28,とはいえ、万象もしばらく動きを見せないと思うけどね。,
c93dee5141b63d08d3d8b0514cdfd4fb.bundle,麵攤4,Say,23,29,彼らだって今回の一見を大ごとにはしたくないから。それに一部の調査組織が目を光らせているからね。,
c93dee5141b63d08d3d8b0514cdfd4fb.bundle,麵攤4,Say,23,30,狙われると面倒よ。,
c93dee5141b63d08d3d8b0514cdfd4fb.bundle,麵攤4,Branch,#Simple,9,調査組織って、あんたらもそうじゃないのか？,
c93dee5141b63d08d3d8b0514cdfd4fb.bundle,麵攤4,Say,23,31,一般的な警察みたいなものよ。フクロウほどの組織じゃない。,
c93dee5141b63d08d3d8b0514cdfd4fb.bundle,麵攤4,Say,23,32,まあ、その程度の組織なら万象も口封じできるだろうけど、面倒くさいことには変わりないのよ。,
c93dee5141b63d08d3d8b0514cdfd4fb.bundle,麵攤4,Say,23,33,だから彼らも今は静観するしかないはずよ。,
c93dee5141b63d08d3d8b0514cdfd4fb.bundle,麵攤4,Branch,#Simple,10,なるほど。,
c93dee5141b63d08d3d8b0514cdfd4fb.bundle,麵攤4,Branch,#Simple,11,……,
c93dee5141b63d08d3d8b0514cdfd4fb.bundle,麵攤4,Say,23,34,それにホワイトスコーピオンも変な動きは見せないと思う。雇い主が金を出してくれないからね。,
c93dee5141b63d08d3d8b0514cdfd4fb.bundle,麵攤4,Say,23,35,はい、以上！,
c93dee5141b63d08d3d8b0514cdfd4fb.bundle,麵攤4,Branch,#Simple,12,……,
c93dee5141b63d08d3d8b0514cdfd4fb.bundle,麵攤4,Say,23,36,さあ、他の話しよう。,
c93dee5141b63d08d3d8b0514cdfd4fb.bundle,麵攤4,Branch,#Simple,13,スイ･ニンとは進展があったのか？,
c93dee5141b63d08d3d8b0514cdfd4fb.bundle,麵攤4,Say,23,37,そんな暇があったと思う！？,
c93dee5141b63d08d3d8b0514cdfd4fb.bundle,麵攤4,Say,23,38,万象の件が忙しすぎて、プライベートな時間なんて少しもないわよ！,
c93dee5141b63d08d3d8b0514cdfd4fb.bundle,麵攤4,Say,23,39,最初はすぐに片付くと思ってたのに、どんどん事態がエスカレートして、こんなことに！,
c93dee5141b63d08d3d8b0514cdfd4fb.bundle,麵攤4,Say,23,40,はぁ……,
c93dee5141b63d08d3d8b0514cdfd4fb.bundle,麵攤4,Branch,#Simple,14,明日ですべて終わるはずだ。,
c93dee5141b63d08d3d8b0514cdfd4fb.bundle,麵攤4,Say,23,41,……,
c93dee5141b63d08d3d8b0514cdfd4fb.bundle,麵攤4,Say,23,42,うちもそう思う。,
c93dee5141b63d08d3d8b0514cdfd4fb.bundle,麵攤4,Branch,#Simple,15,でもこれがあんたたちの仕事だろ？,
c93dee5141b63d08d3d8b0514cdfd4fb.bundle,麵攤4,Say,23,43,あんた、痛いところ突くわね。,
c93dee5141b63d08d3d8b0514cdfd4fb.bundle,麵攤4,Say,23,44,事件なんて永遠に起き続けるものだし、どうしようもないわよね……,
c93dee5141b63d08d3d8b0514cdfd4fb.bundle,麵攤4,Branch,#Simple,16,……,
c93dee5141b63d08d3d8b0514cdfd4fb.bundle,麵攤4,Say,23,45,それに今回事件の複雑さを考えれば……,
c93dee5141b63d08d3d8b0514cdfd4fb.bundle,麵攤4,Say,23,46,明日「終わった」としても、また次のトラブルが起きるに違いないのよ。,
c93dee5141b63d08d3d8b0514cdfd4fb.bundle,麵攤4,Say,23,47,……って結局また仕事の話してるじゃん！,
c93dee5141b63d08d3d8b0514cdfd4fb.bundle,麵攤4,Say,23,48,何してんのよ、ジェイ！,
c93dee5141b63d08d3d8b0514cdfd4fb.bundle,麵攤4,Say,リュウセイ･チョウ,5,兄貴は23姉の恋路を聞いただけで、仕事の話に変えたのは23姉っすよ！,
c93dee5141b63d08d3d8b0514cdfd4fb.bundle,麵攤4,Say,23,49,はいはい、うちが悪かったわよ。,
c93dee5141b63d08d3d8b0514cdfd4fb.bundle,麵攤4,Say,23,50,話題を変えましょう。,
c93dee5141b63d08d3d8b0514cdfd4fb.bundle,麵攤4,Branch,#Simple,17,どうやってここの店長と知り合ったんだ？,
c93dee5141b63d08d3d8b0514cdfd4fb.bundle,麵攤4,Say,23,51,店長？,
c93dee5141b63d08d3d8b0514cdfd4fb.bundle,麵攤4,Say,23,52,ああ、彼ね。その話、面白いわよ。,
c93dee5141b63d08d3d8b0514cdfd4fb.bundle,麵攤4,Say,23,53,まずはイアンさんについて話すね。,
c93dee5141b63d08d3d8b0514cdfd4fb.bundle,麵攤4,Say,23,54,言っとくけど、長いから覚悟してよね。聞いた自分を恨みなさい。,
c93dee5141b63d08d3d8b0514cdfd4fb.bundle,麵攤4,Say,23,55,イアンさんはね、カエンから逃げてきたの……,
c93dee5141b63d08d3d8b0514cdfd4fb.bundle,麵攤4,Say,23,56,あ、違う違う。今はエリア13って言わなくちゃね。,
c93dee5141b63d08d3d8b0514cdfd4fb.bundle,麵攤4,Say,23,57,昔の彼は、鉱山経営でかなり有名だったらしいの。,
c93dee5141b63d08d3d8b0514cdfd4fb.bundle,麵攤4,Say,リュウセイ･チョウ,6,へえー。,
c93dee5141b63d08d3d8b0514cdfd4fb.bundle,麵攤4,Say,23,58,それでね、ある日、鉱山がビッグウェイに狙われちゃって……まあ、後は説明しなくてもいいか。,
c93dee5141b63d08d3d8b0514cdfd4fb.bundle,麵攤4,Say,23,59,ビッグウェイがカエンに進出してきた最初の数年間は、狂ったようにカエンの鉱山がビッグウェイに買い占められたの。,
c93dee5141b63d08d3d8b0514cdfd4fb.bundle,麵攤4,Say,23,60,もちろん汚い手でね。夜中に家の外壁をペンキで塗ったり、ベッドの中に切断した犬の頭を忍ばせたりとかね……,
c93dee5141b63d08d3d8b0514cdfd4fb.bundle,麵攤4,Say,23,61,イアンさんはそんな嫌がらせから家族を守るために、自分の鉱山を安値でビッグウェイに売ったわ。,
c93dee5141b63d08d3d8b0514cdfd4fb.bundle,麵攤4,Say,リュウセイ･チョウ,7,そして北区に来て、武器の密輸をやり始めたってわけっすか？,
c93dee5141b63d08d3d8b0514cdfd4fb.bundle,麵攤4,Say,23,62,それはまだよ！話の腰を折らないで！,
c93dee5141b63d08d3d8b0514cdfd4fb.bundle,麵攤4,Say,リュウセイ･チョウ,8,す、すみません。,
c93dee5141b63d08d3d8b0514cdfd4fb.bundle,麵攤4,Say,23,63,でもね、イアンさんも漢よ。,
c93dee5141b63d08d3d8b0514cdfd4fb.bundle,麵攤4,Say,23,64,家族を安全な場所に移した後、彼は業界のコネを頼りに爆弾を手に入れたの……,
c93dee5141b63d08d3d8b0514cdfd4fb.bundle,麵攤4,Say,リュウセイ･チョウ,9,えっ……？,
c93dee5141b63d08d3d8b0514cdfd4fb.bundle,麵攤4,Say,23,65,翌日、ビッグウェイがイアンさんの鉱山に行ってみれば、すべてが更地となっていた。,
c93dee5141b63d08d3d8b0514cdfd4fb.bundle,麵攤4,Say,リュウセイ･チョウ,10,店長ってそんなに凄い人だったんすか……！？,
c93dee5141b63d08d3d8b0514cdfd4fb.bundle,麵攤4,Say,23,66,凄いのはこれからよ。イアンさんはビッグウェイに復讐するために、鉱山買収の計画を建てた人物を調べ始めたの。,
c93dee5141b63d08d3d8b0514cdfd4fb.bundle,麵攤4,Say,23,67,そしてイアンさんと同じく、ビッグウェイに不満を持つ他の鉱山経営者と合流し、四ヶ月にも渡る暴動を行った。,
c93dee5141b63d08d3d8b0514cdfd4fb.bundle,麵攤4,Say,23,68,毎日のように銃撃戦が繰り広げられ、カエンは死体の山と化したわ。,
c93dee5141b63d08d3d8b0514cdfd4fb.bundle,麵攤4,Say,23,69,あれはもはや内戦と呼べるほどよ。,
c93dee5141b63d08d3d8b0514cdfd4fb.bundle,麵攤4,Say,リュウセイ･チョウ,11,ええっ？そんなに大きな事件なのに、初めて聞いたっす。,
c93dee5141b63d08d3d8b0514cdfd4fb.bundle,麵攤4,Say,心の声,0,俺もだ……,
c93dee5141b63d08d3d8b0514cdfd4fb.bundle,麵攤4,Say,心の声,1,知っているのは、ビッグウェイがカエンに進出したっていうプラスの報道ばかりだ。,
c93dee5141b63d08d3d8b0514cdfd4fb.bundle,麵攤4,Say,リュウセイ･チョウ,12,あ、でも抗議活動が起きてたって報道は見た気がするっす。,
c93dee5141b63d08d3d8b0514cdfd4fb.bundle,麵攤4,Say,リュウセイ･チョウ,13,でも内戦が起きてたって話は初耳っす……,
c93dee5141b63d08d3d8b0514cdfd4fb.bundle,麵攤4,Say,23,70,あれだけ大ごとだと、政府も情報統制をしたのよ。,
c93dee5141b63d08d3d8b0514cdfd4fb.bundle,麵攤4,Say,リュウセイ･チョウ,14,それで、結局どうなったっすか？,
c93dee5141b63d08d3d8b0514cdfd4fb.bundle,麵攤4,Say,23,71,両者の銃撃戦が続いたわ。でもただの鉱山経営者側がビッグウェイのようなマフィアと渡り合えるわけがない。,
c93dee5141b63d08d3d8b0514cdfd4fb.bundle,麵攤4,Say,23,72,でも、そこでまたイアンさんの出番よ。彼はカエン空港で独自の輸入ラインを手に入れたの。,
c93dee5141b63d08d3d8b0514cdfd4fb.bundle,麵攤4,Say,リュウセイ･チョウ,15,輸入ライン？,
c93dee5141b63d08d3d8b0514cdfd4fb.bundle,麵攤4,Say,23,73,詳しいことは知らないけど、彼はサンライズが国外に輸出する武器を手に入れることができたの。,
c93dee5141b63d08d3d8b0514cdfd4fb.bundle,麵攤4,Say,リュウセイ･チョウ,16,はい……？,
c93dee5141b63d08d3d8b0514cdfd4fb.bundle,麵攤4,Say,23,74,武器を手に入れたおかげで、双方の力は互角となり、政府が介入できないほどの争いになった。,
c93dee5141b63d08d3d8b0514cdfd4fb.bundle,麵攤4,Say,23,75,でも最後は中央政府がサンライズに鎮圧を要請したことで幕は閉じた。,
c93dee5141b63d08d3d8b0514cdfd4fb.bundle,麵攤4,Say,23,76,もちろん、鎮圧されたのは鉱山経営者側よ。,
c93dee5141b63d08d3d8b0514cdfd4fb.bundle,麵攤4,Say,リュウセイ･チョウ,17,何人、死んだっすか……？,
c93dee5141b63d08d3d8b0514cdfd4fb.bundle,麵攤4,Say,23,77,9人。,
c93dee5141b63d08d3d8b0514cdfd4fb.bundle,麵攤4,Say,リュウセイ･チョウ,18,9人だけ？,
c93dee5141b63d08d3d8b0514cdfd4fb.bundle,麵攤4,Say,23,78,何よ？少ないって言いたいの？,
c93dee5141b63d08d3d8b0514cdfd4fb.bundle,麵攤4,Say,リュウセイ･チョウ,19,そうじゃないけど、鎮圧って言うからには……,
c93dee5141b63d08d3d8b0514cdfd4fb.bundle,麵攤4,Say,23,79,サンライズはフクロウから二人のエージェントを派遣しただけよ。,
c93dee5141b63d08d3d8b0514cdfd4fb.bundle,麵攤4,Say,23,80,派遣された二人は、一日で鉱山経営者のすべてのリーダーを殺した。,
c93dee5141b63d08d3d8b0514cdfd4fb.bundle,麵攤4,Say,23,81,当然、殺されたリーダーの親族、そして友人もすべて捕まり、口封じされた。,
c93dee5141b63d08d3d8b0514cdfd4fb.bundle,麵攤4,Say,23,82,リーダーを失った後、暴動はすぐに鎮圧されたわ。,
c93dee5141b63d08d3d8b0514cdfd4fb.bundle,麵攤4,Say,23,83,後はどうなったかわかるでしょ？ビッグウェイはカエンの鉱山産業をすべて懐に入れた。,
c93dee5141b63d08d3d8b0514cdfd4fb.bundle,麵攤4,Say,リュウセイ･チョウ,20,……,
c93dee5141b63d08d3d8b0514cdfd4fb.bundle,麵攤4,Say,23,84,そして我らがイアンさんは……,
c93dee5141b63d08d3d8b0514cdfd4fb.bundle,麵攤4,Say,23,85,暴動が鎮圧された後、北区で隠居生活を始めたの。,
c93dee5141b63d08d3d8b0514cdfd4fb.bundle,麵攤4,Say,23,86,彼は密輸組織を作り、それで稼いだお金を使って、カエンの内戦で被害を受けた人を保護しているの。,
c93dee5141b63d08d3d8b0514cdfd4fb.bundle,麵攤4,Say,23,87,鉱山経営者の親族、または内戦で家族を失った一般人とかね……,
c93dee5141b63d08d3d8b0514cdfd4fb.bundle,麵攤4,Say,23,88,資金援助をしたり、カエンから逃げる手助けをしていたそうよ。,
c93dee5141b63d08d3d8b0514cdfd4fb.bundle,麵攤4,Say,リュウセイ･チョウ,21,……いい人っすね。,
c93dee5141b63d08d3d8b0514cdfd4fb.bundle,麵攤4,Say,23,89,私はそうは思わないけどね。,
c93dee5141b63d08d3d8b0514cdfd4fb.bundle,麵攤4,Say,23,90,……,
c93dee5141b63d08d3d8b0514cdfd4fb.bundle,麵攤4,Say,リュウセイ･チョウ,22,それで……,
c93dee5141b63d08d3d8b0514cdfd4fb.bundle,麵攤4,Say,リュウセイ･チョウ,23,23姉たちはどうやって彼と知り合ったっすか？,
c93dee5141b63d08d3d8b0514cdfd4fb.bundle,麵攤4,Say,23,91,……うちは内戦の後続調査を担当していたの。,
c93dee5141b63d08d3d8b0514cdfd4fb.bundle,麵攤4,Say,23,92,それで、内戦にイアンさんが大きく関わっていたことや、現在武器の密輸をしていることを知った……,
c93dee5141b63d08d3d8b0514cdfd4fb.bundle,麵攤4,Say,23,93,でも私に協力する代わりに、見逃してあげているの。,
c93dee5141b63d08d3d8b0514cdfd4fb.bundle,麵攤4,Say,23,94,……,
c93dee5141b63d08d3d8b0514cdfd4fb.bundle,麵攤4,Branch,#Simple,18,じゃ、フクロウはイアンの存在を知らないのか？,
c93dee5141b63d08d3d8b0514cdfd4fb.bundle,麵攤4,Say,23,95,理論上はね。,
c93dee5141b63d08d3d8b0514cdfd4fb.bundle,麵攤4,Branch,#Simple,19,理論上？,
c93dee5141b63d08d3d8b0514cdfd4fb.bundle,麵攤4,Say,23,96,うちは彼のことを話したことはないし、カエン内戦だってとっくの昔に終わってる。,
c93dee5141b63d08d3d8b0514cdfd4fb.bundle,麵攤4,Say,23,97,けど、うち以外にこの件を知らないとは言えないわ……,
c93dee5141b63d08d3d8b0514cdfd4fb.bundle,麵攤4,Say,23,98,知っていて黙っている可能性もあるわけだし。,
c93dee5141b63d08d3d8b0514cdfd4fb.bundle,麵攤4,Branch,#Simple,20,……,
c93dee5141b63d08d3d8b0514cdfd4fb.bundle,麵攤4,Branch,#Simple,21,なぜ彼を見逃した？,
c93dee5141b63d08d3d8b0514cdfd4fb.bundle,麵攤4,Say,23,99,……,
c93dee5141b63d08d3d8b0514cdfd4fb.bundle,麵攤4,Say,23,100,あんたはなぜだと思う？,
c93dee5141b63d08d3d8b0514cdfd4fb.bundle,麵攤4,Branch,#Simple,22,利用価値があるからか？,
c93dee5141b63d08d3d8b0514cdfd4fb.bundle,麵攤4,Branch,#Simple,23,彼がいい人だからか？,
c93dee5141b63d08d3d8b0514cdfd4fb.bundle,麵攤4,Branch,#Simple,24,内戦で苦しむ人たちを彼に助けてほしいからか？,
c93dee5141b63d08d3d8b0514cdfd4fb.bundle,麵攤4,Say,23,101,ふーん、ジェイはうちをそういう風に思ってるんだ。,
c93dee5141b63d08d3d8b0514cdfd4fb.bundle,麵攤4,Branch,#Simple,25,答えになってない。,
c93dee5141b63d08d3d8b0514cdfd4fb.bundle,麵攤4,Say,23,102,ごめん、でもうちもよくわからないんだ。,
c93dee5141b63d08d3d8b0514cdfd4fb.bundle,麵攤4,Say,23,103,だから今のあんたの答えが正解だと思って。,
c93dee5141b63d08d3d8b0514cdfd4fb.bundle,麵攤4,Branch,#Simple,26,……,
c93dee5141b63d08d3d8b0514cdfd4fb.bundle,麵攤4,Branch,#Simple,27,……,
c93dee5141b63d08d3d8b0514cdfd4fb.bundle,麵攤4,Say,23,104,……,
c93dee5141b63d08d3d8b0514cdfd4fb.bundle,麵攤4,Say,23,105,ふぅー、言ったとおり長い話だったっしょ！,
c93dee5141b63d08d3d8b0514cdfd4fb.bundle,麵攤4,Say,23,106,イアンさんの話はこれで終わりよ。イアンさんについてよく分かったでしょ？,
c93dee5141b63d08d3d8b0514cdfd4fb.bundle,麵攤4,Say,23,107,でもこのことは誰にも言わないでね。,
c93dee5141b63d08d3d8b0514cdfd4fb.bundle,麵攤4,Say,リュウセイ･チョウ,24,も、もちろんっす……,
c93dee5141b63d08d3d8b0514cdfd4fb.bundle,麵攤4,Say,23,108,さあ、他の話をしましょう。,
c93dee5141b63d08d3d8b0514cdfd4fb.bundle,麵攤4,Branch,#Simple,28,ホワイトリザードは一体何者なんだ？,
c93dee5141b63d08d3d8b0514cdfd4fb.bundle,麵攤4,Say,23,109,人間のクズよ。,
c93dee5141b63d08d3d8b0514cdfd4fb.bundle,麵攤4,Say,23,110,彼の身分はほぼ真っ白。フクロウの力を持ってしても何も出てこないの。,
c93dee5141b63d08d3d8b0514cdfd4fb.bundle,麵攤4,Say,23,111,普段は企業からお金をもらって、裏の仕事をしている。今回のようにね。,
c93dee5141b63d08d3d8b0514cdfd4fb.bundle,麵攤4,Branch,#Simple,29,なぜ万象はフクロウに所属している自分のエージェントを使わないんだ？,
c93dee5141b63d08d3d8b0514cdfd4fb.bundle,麵攤4,Say,23,112,使えはするけど……,
c93dee5141b63d08d3d8b0514cdfd4fb.bundle,麵攤4,Say,23,113,エージェントを使うほどの仕事じゃないのよ。,
c93dee5141b63d08d3d8b0514cdfd4fb.bundle,麵攤4,Say,23,114,それに……,
c93dee5141b63d08d3d8b0514cdfd4fb.bundle,麵攤4,Say,23,115,フクロウはあくまでも政府の組織だから、裏の仕事はあまり頼めない。,
c93dee5141b63d08d3d8b0514cdfd4fb.bundle,麵攤4,Say,23,116,だからホワイトリザードのような違法な傭兵に頼むの。,
c93dee5141b63d08d3d8b0514cdfd4fb.bundle,麵攤4,Branch,#Simple,30,彼は企業としか仕事をしないのか？,
c93dee5141b63d08d3d8b0514cdfd4fb.bundle,麵攤4,Say,23,117,違法な傭兵にとっては、安定こそが最優先だからね。,
c93dee5141b63d08d3d8b0514cdfd4fb.bundle,麵攤4,Say,23,118,一般人相手だと支払いを断れても、彼らにはどうすることもできないのよ。,
c93dee5141b63d08d3d8b0514cdfd4fb.bundle,麵攤4,Say,23,119,だって警察に通報するわけにもいかないでしょ？,
c93dee5141b63d08d3d8b0514cdfd4fb.bundle,麵攤4,Say,23,120,でも企業は違う。企業は社会的な風評を重視する。告発されないためにも、企業はちゃんと彼らにお金を払うわ。,
c93dee5141b63d08d3d8b0514cdfd4fb.bundle,麵攤4,Branch,#Simple,31,……,
c93dee5141b63d08d3d8b0514cdfd4fb.bundle,麵攤4,Say,23,121,それとね……,
c93dee5141b63d08d3d8b0514cdfd4fb.bundle,麵攤4,Say,23,122,ホワイトリザードの一番厄介なところは、彼が愉快犯のような常識を逸する行動を取ることよ。,
c93dee5141b63d08d3d8b0514cdfd4fb.bundle,麵攤4,Say,23,123,それが理由で、傭兵たちの中でも彼を使うのはかなりリスキーだと言われているの。,
c93dee5141b63d08d3d8b0514cdfd4fb.bundle,麵攤4,Say,23,124,もちろん、彼の傭兵団の実力はピカイチよ。,
c93dee5141b63d08d3d8b0514cdfd4fb.bundle,麵攤4,Say,23,125,……,
c93dee5141b63d08d3d8b0514cdfd4fb.bundle,麵攤4,Say,23,126,でも万象が彼らを雇ったのは意外だったな。,
c93dee5141b63d08d3d8b0514cdfd4fb.bundle,麵攤4,Branch,#Simple,32,どうしてだ？,
c93dee5141b63d08d3d8b0514cdfd4fb.bundle,麵攤4,Say,23,127,彼らは子どもの人身売買のような汚い仕事を任せるためにホワイトリザードを雇ったのよね？,
c93dee5141b63d08d3d8b0514cdfd4fb.bundle,麵攤4,Say,23,128,でもこの仕事って、正直に言うと誰にでもできるし、あんなリスキーな人に頼む必要なんてないのよ。,
c93dee5141b63d08d3d8b0514cdfd4fb.bundle,麵攤4,Say,23,129,だから私が思うに、ホワイトリザードは施設の警備も任されていると思うの。,
c93dee5141b63d08d3d8b0514cdfd4fb.bundle,麵攤4,Say,リュウセイ･チョウ,25,施設？,
c93dee5141b63d08d3d8b0514cdfd4fb.bundle,麵攤4,Say,23,130,明日、うちらが襲う万象の秘密施設よ！あんた、全然人の話を聞いてないのね！,
c93dee5141b63d08d3d8b0514cdfd4fb.bundle,麵攤4,Say,リュウセイ･チョウ,26,そ、そうでした……,
c93dee5141b63d08d3d8b0514cdfd4fb.bundle,麵攤4,Say,23,131,でもホワイトリザードは警備を得意としてないのに、なんで彼に頼んだのかしら。,
c93dee5141b63d08d3d8b0514cdfd4fb.bundle,麵攤4,Branch,#Simple,33,彼らは何が得意なんだ？,
c93dee5141b63d08d3d8b0514cdfd4fb.bundle,麵攤4,Say,23,132,破壊。,
c93dee5141b63d08d3d8b0514cdfd4fb.bundle,麵攤4,Say,23,133,虐殺。,
c93dee5141b63d08d3d8b0514cdfd4fb.bundle,麵攤4,Say,23,134,以上。,
c93dee5141b63d08d3d8b0514cdfd4fb.bundle,麵攤4,Say,23,135,彼の仕事のほとんどが襲撃とかなのよ。,
c93dee5141b63d08d3d8b0514cdfd4fb.bundle,麵攤4,Branch,#Simple,34,そう言われると、確かにおかしいな。,
c93dee5141b63d08d3d8b0514cdfd4fb.bundle,麵攤4,Say,23,136,でしょう？,
c93dee5141b63d08d3d8b0514cdfd4fb.bundle,麵攤4,Branch,#Simple,35,……,
c93dee5141b63d08d3d8b0514cdfd4fb.bundle,麵攤4,Say,23,137,それに、ホワイトリザードが今回のことに関わっていること自体がおかしいのよ。,
c93dee5141b63d08d3d8b0514cdfd4fb.bundle,麵攤4,Say,23,138,彼らは襲撃が得意でもあり、そういう仕事が大好きなのよ。,
c93dee5141b63d08d3d8b0514cdfd4fb.bundle,麵攤4,Say,23,139,逆に言うと、こういう取引現場や秘密施設を守るような仕事には興味がないはずよ。,
c93dee5141b63d08d3d8b0514cdfd4fb.bundle,麵攤4,Branch,#Simple,36,つまりどういうことだ？,
c93dee5141b63d08d3d8b0514cdfd4fb.bundle,麵攤4,Say,23,140,さあね。,
c93dee5141b63d08d3d8b0514cdfd4fb.bundle,麵攤4,Branch,#Simple,37,どうして彼らの好みを知ってるんだ？,
c93dee5141b63d08d3d8b0514cdfd4fb.bundle,麵攤4,Say,23,141,経験がものを言うのよ。,
c93dee5141b63d08d3d8b0514cdfd4fb.bundle,麵攤4,Say,23,142,ホワイトリザードの今までの傾向を見ればなんとなくわかる。,
c93dee5141b63d08d3d8b0514cdfd4fb.bundle,麵攤4,Branch,#Simple,38,……,
c93dee5141b63d08d3d8b0514cdfd4fb.bundle,麵攤4,Say,23,143,だから今回の件には、うちらがまだ知らない情報が隠されているはず。とは言っても、調べる時間がないけどね。,
c93dee5141b63d08d3d8b0514cdfd4fb.bundle,麵攤4,Say,23,144,真実がどうであれ、ホワイトリザードが危険なのには変わりない。,
c93dee5141b63d08d3d8b0514cdfd4fb.bundle,麵攤4,Branch,#Simple,39,……,
c93dee5141b63d08d3d8b0514cdfd4fb.bundle,麵攤4,Say,23,145,フクロウのエージェントを何人も殺している彼は、フクロウに指名手配されているの。,
c93dee5141b63d08d3d8b0514cdfd4fb.bundle,麵攤4,Say,23,146,確か4人くらい殺されてたかな……,
c93dee5141b63d08d3d8b0514cdfd4fb.bundle,麵攤4,Say,リュウセイ･チョウ,27,……え！？,
c93dee5141b63d08d3d8b0514cdfd4fb.bundle,麵攤4,Say,リュウセイ･チョウ,28,そんなに危険な人物だったんすか……,
c93dee5141b63d08d3d8b0514cdfd4fb.bundle,麵攤4,Say,23,147,スイはホワイトリザードと何度も戦っているけど、殺すどころか、捕まえることすらできていない。,
c93dee5141b63d08d3d8b0514cdfd4fb.bundle,麵攤4,Say,23,148,……,
c93dee5141b63d08d3d8b0514cdfd4fb.bundle,麵攤4,Say,23,149,そしてホワイトリザードもずっとスイを殺そうとしている。今日みたいなことは過去に何度もあった。,
c93dee5141b63d08d3d8b0514cdfd4fb.bundle,麵攤4,Say,23,150,でも、まさかあのスイが、彼の罠だと知りながら馬鹿正直に飛び込むなんて……,
c93dee5141b63d08d3d8b0514cdfd4fb.bundle,麵攤4,Say,23,151,ジェイが教えてくれなかったら、彼女は隠し通すつもりだったでしょうね。,
c93dee5141b63d08d3d8b0514cdfd4fb.bundle,麵攤4,Say,心の声,2,……,
c93dee5141b63d08d3d8b0514cdfd4fb.bundle,麵攤4,Say,23,152,……,
c93dee5141b63d08d3d8b0514cdfd4fb.bundle,麵攤4,Branch,#Simple,40,彼はなぜスイ･ニンを殺そうとしている？,
c93dee5141b63d08d3d8b0514cdfd4fb.bundle,麵攤4,Say,23,153,……,
c93dee5141b63d08d3d8b0514cdfd4fb.bundle,麵攤4,Say,23,154,彼にとってスイはかなり厄介な相手だからね。,
c93dee5141b63d08d3d8b0514cdfd4fb.bundle,麵攤4,Say,23,155,……,
c93dee5141b63d08d3d8b0514cdfd4fb.bundle,麵攤4,Branch,#Simple,41,……,
c93dee5141b63d08d3d8b0514cdfd4fb.bundle,麵攤4,Say,リュウセイ･チョウ,29,ジェイの兄貴、他の話にしましょう！,
c93dee5141b63d08d3d8b0514cdfd4fb.bundle,麵攤4,Branch,#Simple,42,特に話したいことはない。,
c93dee5141b63d08d3d8b0514cdfd4fb.bundle,麵攤4,Say,23,156,そう。じゃ、いいわよ。,
c93dee5141b63d08d3d8b0514cdfd4fb.bundle,麵攤4,Say,23,157,……,
c93dee5141b63d08d3d8b0514cdfd4fb.bundle,麵攤4,Say,リュウセイ･チョウ,30,……,
c93dee5141b63d08d3d8b0514cdfd4fb.bundle,麵攤4,Say,リュウセイ･チョウ,31,23姉……,
c93dee5141b63d08d3d8b0514cdfd4fb.bundle,麵攤4,Say,リュウセイ･チョウ,32,そんなに飲んで本当に大丈夫っすか？明日の任務が……,
c93dee5141b63d08d3d8b0514cdfd4fb.bundle,麵攤4,Say,23,158,逆よ！明日の任務が重要だから、酒を飲まずにはいられないの！,
c93dee5141b63d08d3d8b0514cdfd4fb.bundle,麵攤4,Say,リュウセイ･チョウ,33,どういう理論っすか……,
c93dee5141b63d08d3d8b0514cdfd4fb.bundle,麵攤4,Say,23,159,……,
c93dee5141b63d08d3d8b0514cdfd4fb.bundle,麵攤5,Say,23,0,一つ聞きたいんだけどさ。,
c93dee5141b63d08d3d8b0514cdfd4fb.bundle,麵攤5,Say,23,1,好きな人には幸せでいてほしいと思う？,
c93dee5141b63d08d3d8b0514cdfd4fb.bundle,麵攤5,Say,リュウセイ･チョウ,0,それは、もちろんっすよ。,
c93dee5141b63d08d3d8b0514cdfd4fb.bundle,麵攤5,Branch,#Simple,0,もちろんだ。,
c93dee5141b63d08d3d8b0514cdfd4fb.bundle,麵攤5,Branch,#Simple,1,話題が飛躍しすぎてないか？,
c93dee5141b63d08d3d8b0514cdfd4fb.bundle,麵攤5,Say,23,2,うちは最初から仕事の話なんてしたくないのよ～,
c93dee5141b63d08d3d8b0514cdfd4fb.bundle,麵攤5,Branch,#Simple,2,……,
c93dee5141b63d08d3d8b0514cdfd4fb.bundle,麵攤5,Say,23,3,……,
c93dee5141b63d08d3d8b0514cdfd4fb.bundle,麵攤5,Say,23,4,その好きな人がさ、ずっと自分を苦しめるようなことをやっていたらどうする？,
c93dee5141b63d08d3d8b0514cdfd4fb.bundle,麵攤5,Say,リュウセイ･チョウ,1,え？何で自分を苦しめるようなことを？,
c93dee5141b63d08d3d8b0514cdfd4fb.bundle,麵攤5,Say,23,5,そんなのこっちだって知りたいわよ！多分、執念とか業とかじゃない？,
c93dee5141b63d08d3d8b0514cdfd4fb.bundle,麵攤5,Say,リュウセイ･チョウ,2,……,
c93dee5141b63d08d3d8b0514cdfd4fb.bundle,麵攤5,Say,リュウセイ･チョウ,3,僕だったら、その執念を何とかして諦めてもらうかな……,
c93dee5141b63d08d3d8b0514cdfd4fb.bundle,麵攤5,Say,リュウセイ･チョウ,4,苦しむ姿を見たくないから、できることを片っ端からやってみるっす。,
c93dee5141b63d08d3d8b0514cdfd4fb.bundle,麵攤5,Say,23,6,ジェイは？,
c93dee5141b63d08d3d8b0514cdfd4fb.bundle,麵攤5,Branch,#Simple,3,リュウセイと同じかな。,
c93dee5141b63d08d3d8b0514cdfd4fb.bundle,麵攤5,Say,23,7,普通の人なら、そうでしょうね。,
c93dee5141b63d08d3d8b0514cdfd4fb.bundle,麵攤5,Branch,#Simple,4,俺に助けを求められないかぎり、口を出すことはしないと思う。,
c93dee5141b63d08d3d8b0514cdfd4fb.bundle,麵攤5,Say,23,8,相手が苦しむ姿を傍観するだけ？,
c93dee5141b63d08d3d8b0514cdfd4fb.bundle,麵攤5,Branch,#Simple,5,その行動が行き過ぎていたら、口を出すとは思う。,
c93dee5141b63d08d3d8b0514cdfd4fb.bundle,麵攤5,Say,23,9,もし相手がそれを拒んだら？,
c93dee5141b63d08d3d8b0514cdfd4fb.bundle,麵攤5,Branch,#Simple,6,その場合は無理やり諦めさせる。,
c93dee5141b63d08d3d8b0514cdfd4fb.bundle,麵攤5,Say,23,10,結局は、その行為がどの程度かによるってことね……,
c93dee5141b63d08d3d8b0514cdfd4fb.bundle,麵攤5,Branch,#Simple,7,ああ。,
c93dee5141b63d08d3d8b0514cdfd4fb.bundle,麵攤5,Branch,#Simple,8,……,
c93dee5141b63d08d3d8b0514cdfd4fb.bundle,麵攤5,Branch,#Simple,9,その場合は相手の選択を尊重する。,
c93dee5141b63d08d3d8b0514cdfd4fb.bundle,麵攤5,Say,23,11,そう……,
c93dee5141b63d08d3d8b0514cdfd4fb.bundle,麵攤5,Branch,#Simple,10,それは嫌だが、俺の勝手で相手に干渉したくない。,
c93dee5141b63d08d3d8b0514cdfd4fb.bundle,麵攤5,Say,23,12,そう……,
c93dee5141b63d08d3d8b0514cdfd4fb.bundle,麵攤5,Branch,#Simple,11,その時の場合によるな。,
c93dee5141b63d08d3d8b0514cdfd4fb.bundle,麵攤5,Say,23,13,でも、多分こうする！、みたいな傾向はあるでしょ？,
c93dee5141b63d08d3d8b0514cdfd4fb.bundle,麵攤5,Branch,#Simple,12,じゃ、口を出すかもしれない。,
c93dee5141b63d08d3d8b0514cdfd4fb.bundle,麵攤5,Branch,#Simple,13,俺に助けを求められないかぎり、口を出すことはしないと思う。,
c93dee5141b63d08d3d8b0514cdfd4fb.bundle,麵攤5,Branch,#Simple,14,やっぱり場合によるから、具体的な例がないとわからない。,
c93dee5141b63d08d3d8b0514cdfd4fb.bundle,麵攤5,Say,23,14,そう。,
c93dee5141b63d08d3d8b0514cdfd4fb.bundle,麵攤5,Say,リュウセイ･チョウ,5,それって、スイ姉の話っすか？,
c93dee5141b63d08d3d8b0514cdfd4fb.bundle,麵攤5,Say,23,15,……,
c93dee5141b63d08d3d8b0514cdfd4fb.bundle,麵攤5,Say,23,16,うん。,
c93dee5141b63d08d3d8b0514cdfd4fb.bundle,麵攤5,Say,23,17,彼女はずっと自分を苦しめていると思わない？,
c93dee5141b63d08d3d8b0514cdfd4fb.bundle,麵攤5,Branch,#Simple,15,俺もそう思っていた。,
c93dee5141b63d08d3d8b0514cdfd4fb.bundle,麵攤5,Say,心の声,0,23号が苦笑いを浮かべている。,
c93dee5141b63d08d3d8b0514cdfd4fb.bundle,麵攤5,Branch,#Simple,16,苦しめるって、例えば何だ？,
c93dee5141b63d08d3d8b0514cdfd4fb.bundle,麵攤5,Say,23,18,彼女は自分とは無関係なことに首を突っ込むくせがある。,
c93dee5141b63d08d3d8b0514cdfd4fb.bundle,麵攤5,Branch,#Simple,17,確かに。,
c93dee5141b63d08d3d8b0514cdfd4fb.bundle,麵攤5,Say,心の声,1,23号が苦笑いを浮かべている。,
c93dee5141b63d08d3d8b0514cdfd4fb.bundle,麵攤5,Branch,#Simple,18,俺は彼女がそういう人だとは思わない。,
c93dee5141b63d08d3d8b0514cdfd4fb.bundle,麵攤5,Say,23,19,……,
c93dee5141b63d08d3d8b0514cdfd4fb.bundle,麵攤5,Say,23,20,スイはね……,
c93dee5141b63d08d3d8b0514cdfd4fb.bundle,麵攤5,Branch,#Simple,19,……,
c93dee5141b63d08d3d8b0514cdfd4fb.bundle,麵攤5,Branch,#Simple,20,……,
c93dee5141b63d08d3d8b0514cdfd4fb.bundle,麵攤5,Say,23,21,他の人よりずっと強い使命感を持っているの。,
c93dee5141b63d08d3d8b0514cdfd4fb.bundle,麵攤5,Say,23,22,だから何かを救うために、行動し続ける……,
c93dee5141b63d08d3d8b0514cdfd4fb.bundle,麵攤5,Branch,#Simple,21,大いなる力には大いなる責任が伴うってやつか？,
c93dee5141b63d08d3d8b0514cdfd4fb.bundle,麵攤5,Say,23,23,ハハ、まさにそれよ。,
c93dee5141b63d08d3d8b0514cdfd4fb.bundle,麵攤5,Say,23,24,彼女はこの言葉が大好きなの。,
c93dee5141b63d08d3d8b0514cdfd4fb.bundle,麵攤5,Say,23,25,でも、これって破綻してると思わない？,
c93dee5141b63d08d3d8b0514cdfd4fb.bundle,麵攤5,Branch,#Simple,22,どういうことだ？,
c93dee5141b63d08d3d8b0514cdfd4fb.bundle,麵攤5,Say,23,26,これが、ただの一方的な要求だからよ。,
c93dee5141b63d08d3d8b0514cdfd4fb.bundle,麵攤5,Say,23,27,大いなる力には大いなる責任が伴う……,
c93dee5141b63d08d3d8b0514cdfd4fb.bundle,麵攤5,Say,23,28,これって力を持つ人に、ただ責任を強要しているだけ。,
c93dee5141b63d08d3d8b0514cdfd4fb.bundle,麵攤5,Say,23,29,事実関係も、説明も何もない……,
c93dee5141b63d08d3d8b0514cdfd4fb.bundle,麵攤5,Say,23,30,これはただの……,
c93dee5141b63d08d3d8b0514cdfd4fb.bundle,麵攤5,Say,23,31,無条件要求よ。,
c93dee5141b63d08d3d8b0514cdfd4fb.bundle,麵攤5,Say,23,32,スイがそれに応える必要なんてないのに……,
c93dee5141b63d08d3d8b0514cdfd4fb.bundle,麵攤5,Branch,#Simple,23,……,
c93dee5141b63d08d3d8b0514cdfd4fb.bundle,麵攤5,Say,23,33,彼女はその言葉を自分の責務だと思っている。,
c93dee5141b63d08d3d8b0514cdfd4fb.bundle,麵攤5,Branch,#Simple,24,……,
c93dee5141b63d08d3d8b0514cdfd4fb.bundle,麵攤5,Say,リュウセイ･チョウ,6,それって……,
c93dee5141b63d08d3d8b0514cdfd4fb.bundle,麵攤5,Say,リュウセイ･チョウ,7,悪いことっすか？,
c93dee5141b63d08d3d8b0514cdfd4fb.bundle,麵攤5,Say,リュウセイ･チョウ,8,僕はスイ姉のそういうところに憧れてるっす。,
c93dee5141b63d08d3d8b0514cdfd4fb.bundle,麵攤5,Say,23,34,……,
c93dee5141b63d08d3d8b0514cdfd4fb.bundle,麵攤5,Say,23,35,うちはただ……,
c93dee5141b63d08d3d8b0514cdfd4fb.bundle,麵攤5,Say,23,36,スイが心配なだけ。,
c93dee5141b63d08d3d8b0514cdfd4fb.bundle,麵攤5,Say,23,37,彼女はその執念に囚われていることで、あまりにも大きな代償を払っている……,
c93dee5141b63d08d3d8b0514cdfd4fb.bundle,麵攤5,Say,23,38,自分の目標のために、他のものを犠牲にすることをいとわないし……,
c93dee5141b63d08d3d8b0514cdfd4fb.bundle,麵攤5,Say,23,39,フクロウに黙って調査する回数も増えてる……,
c93dee5141b63d08d3d8b0514cdfd4fb.bundle,麵攤5,Say,23,40,それに調査の危険度も上がる一方よ……,
c93dee5141b63d08d3d8b0514cdfd4fb.bundle,麵攤5,Say,23,41,それに今回の調査は、まだ何の確証もないのに、スイが勝手に調査を決めたの。,
c93dee5141b63d08d3d8b0514cdfd4fb.bundle,麵攤5,Say,23,42,もちろん、うちは反対したけどスイは……,
c93dee5141b63d08d3d8b0514cdfd4fb.bundle,麵攤5,Say,23,43,……,
c93dee5141b63d08d3d8b0514cdfd4fb.bundle,麵攤5,Say,23,44,全然話を聞いてくれなかった……,
c93dee5141b63d08d3d8b0514cdfd4fb.bundle,麵攤5,Say,23,45,……,
c93dee5141b63d08d3d8b0514cdfd4fb.bundle,麵攤5,Say,23,46,今の彼女は、一般人をも平気で巻き込むし、令状がないまま演算工場に潜入したり……,
c93dee5141b63d08d3d8b0514cdfd4fb.bundle,麵攤5,Say,23,47,オペレーションコアからデータを盗んだりもする……,
c93dee5141b63d08d3d8b0514cdfd4fb.bundle,麵攤5,Say,23,48,彼女は実在するかもわからない問題を解決するために、ますます過激になっている。,
c93dee5141b63d08d3d8b0514cdfd4fb.bundle,麵攤5,Say,リュウセイ･チョウ,9,……,
c93dee5141b63d08d3d8b0514cdfd4fb.bundle,麵攤5,Say,23,49,なのにうちは、彼女の隣にいることを……彼女の共犯者になることを選んだ……,
c93dee5141b63d08d3d8b0514cdfd4fb.bundle,麵攤5,Say,23,50,……,
c93dee5141b63d08d3d8b0514cdfd4fb.bundle,麵攤5,Say,23,51,今日もそう。,
c93dee5141b63d08d3d8b0514cdfd4fb.bundle,麵攤5,Say,23,52,撤退するチャンスがあったのに、勝手にジェイの命までも巻き込んで、ホワイトリザードやその部下と戦った。,
c93dee5141b63d08d3d8b0514cdfd4fb.bundle,麵攤5,Say,23,53,ジェイが言ってくれなかったら、うちの耳に入ることはなかったかもしれない。,
c93dee5141b63d08d3d8b0514cdfd4fb.bundle,麵攤5,Say,23,54,スイがうちに教えるわけがない。,
c93dee5141b63d08d3d8b0514cdfd4fb.bundle,麵攤5,Branch,#Simple,25,彼女はあんたに言うつもりだったと聞いた。,
c93dee5141b63d08d3d8b0514cdfd4fb.bundle,麵攤5,Say,23,55,でも、それは今夜じゃないでしょう？,
c93dee5141b63d08d3d8b0514cdfd4fb.bundle,麵攤5,Say,23,56,教えてくれたとしても、調査が終わったいつか日かってところよ。,
c93dee5141b63d08d3d8b0514cdfd4fb.bundle,麵攤5,Say,心の声,2,……,
c93dee5141b63d08d3d8b0514cdfd4fb.bundle,麵攤5,Branch,#Simple,26,……,
c93dee5141b63d08d3d8b0514cdfd4fb.bundle,麵攤5,Say,23,57,……,
c93dee5141b63d08d3d8b0514cdfd4fb.bundle,麵攤5,Say,23,58,それに彼女はきっと「あの時は戦うしかなかった」と言うでしょうね。,
c93dee5141b63d08d3d8b0514cdfd4fb.bundle,麵攤5,Say,23,59,他の方法もあったはずなのに、彼女はいつもそれを見ようとはしない。,
c93dee5141b63d08d3d8b0514cdfd4fb.bundle,麵攤5,Say,23,60,うちは……,
c93dee5141b63d08d3d8b0514cdfd4fb.bundle,麵攤5,Say,23,61,はぁ……,
c93dee5141b63d08d3d8b0514cdfd4fb.bundle,麵攤5,Say,リュウセイ･チョウ,10,……,
c93dee5141b63d08d3d8b0514cdfd4fb.bundle,麵攤5,Say,リュウセイ･チョウ,11,でも、そういう面も必要じゃないっすか？,
c93dee5141b63d08d3d8b0514cdfd4fb.bundle,麵攤5,Say,23,62,……どういうこと？,
c93dee5141b63d08d3d8b0514cdfd4fb.bundle,麵攤5,Say,リュウセイ･チョウ,12,え、えっと……,
c93dee5141b63d08d3d8b0514cdfd4fb.bundle,麵攤5,Say,23,63,……,
c93dee5141b63d08d3d8b0514cdfd4fb.bundle,麵攤5,Say,23,64,あんたは最高の弟子ね。彼女にそっくりだわ。,
c93dee5141b63d08d3d8b0514cdfd4fb.bundle,麵攤5,Say,23,65,あんたはスイと一緒で、功利主義なのよ……,
c93dee5141b63d08d3d8b0514cdfd4fb.bundle,麵攤5,Say,リュウセイ･チョウ,13,功利……？,
c93dee5141b63d08d3d8b0514cdfd4fb.bundle,麵攤5,Say,23,66,最大多数の利益、幸福をもたらせるなら、その過程でどんなことをしても正しいと考えることよ。,
c93dee5141b63d08d3d8b0514cdfd4fb.bundle,麵攤5,Say,23,67,どう？違う？,
c93dee5141b63d08d3d8b0514cdfd4fb.bundle,麵攤5,Say,リュウセイ･チョウ,14,……,
c93dee5141b63d08d3d8b0514cdfd4fb.bundle,麵攤5,Say,リュウセイ･チョウ,15,そう言われると、そうかもしれないっす。,
c93dee5141b63d08d3d8b0514cdfd4fb.bundle,麵攤5,Say,23,68,うちはそういう人にはなれないのよ。,
c93dee5141b63d08d3d8b0514cdfd4fb.bundle,麵攤5,Say,心の声,3,23号が弱々しく笑った。,
c93dee5141b63d08d3d8b0514cdfd4fb.bundle,麵攤5,Say,23,69,結局うちはスイとは別世界の人間なのよ。,
c93dee5141b63d08d3d8b0514cdfd4fb.bundle,麵攤5,Say,23,70,……,
c93dee5141b63d08d3d8b0514cdfd4fb.bundle,麵攤5,Say,リュウセイ･チョウ,16,……,
c93dee5141b63d08d3d8b0514cdfd4fb.bundle,麵攤5,Say,リュウセイ･チョウ,17,もしかしたらだけど、僕たちがスイ姉に期待して過ぎているのかなって思うっす。,
c93dee5141b63d08d3d8b0514cdfd4fb.bundle,麵攤5,Say,23,71,何が言いたいの……？,
c93dee5141b63d08d3d8b0514cdfd4fb.bundle,麵攤5,Say,リュウセイ･チョウ,18,僕は誰よりもスイ姉を崇拝してるっす。,
c93dee5141b63d08d3d8b0514cdfd4fb.bundle,麵攤5,Say,リュウセイ･チョウ,19,でもそれはあくまでも、僕が勝手に理想をスイ姉に押し付けているだけでもあるっす。,
c93dee5141b63d08d3d8b0514cdfd4fb.bundle,麵攤5,Say,心の声,4,リュウセイが落ち込んでいる……？,
c93dee5141b63d08d3d8b0514cdfd4fb.bundle,麵攤5,Say,23,72,……,
c93dee5141b63d08d3d8b0514cdfd4fb.bundle,麵攤5,Say,23,73,待って。うちは別にスイを……,
c93dee5141b63d08d3d8b0514cdfd4fb.bundle,麵攤5,Say,リュウセイ･チョウ,20,はい。僕みたいにスイ姉を自分のヒーローとして見ていないっす。,
c93dee5141b63d08d3d8b0514cdfd4fb.bundle,麵攤5,Say,リュウセイ･チョウ,21,でも23姉も……,
c93dee5141b63d08d3d8b0514cdfd4fb.bundle,麵攤5,Say,リュウセイ･チョウ,22,理想のスイ姉を勝手に作り出して、そうなってほしいと願っているだけっす。,
c93dee5141b63d08d3d8b0514cdfd4fb.bundle,麵攤5,Say,リュウセイ･チョウ,23,それならスイ姉自身は何も悪くないっすよ。,
c93dee5141b63d08d3d8b0514cdfd4fb.bundle,麵攤5,Say,リュウセイ･チョウ,24,悪いのは、自分の理想を彼女に押し付けている僕たちっすよ。,
c93dee5141b63d08d3d8b0514cdfd4fb.bundle,麵攤5,Say,リュウセイ･チョウ,25,23姉だって、スイ姉を理解したいっていうより……,
c93dee5141b63d08d3d8b0514cdfd4fb.bundle,麵攤5,Say,リュウセイ･チョウ,26,自分の理想通りになってほしいだけっすよね？,
c93dee5141b63d08d3d8b0514cdfd4fb.bundle,麵攤5,Say,リュウセイ･チョウ,27,そんなのは……,
c93dee5141b63d08d3d8b0514cdfd4fb.bundle,麵攤5,Say,リュウセイ･チョウ,28,身勝手だと思うっす……,
c93dee5141b63d08d3d8b0514cdfd4fb.bundle,麵攤5,Say,23,74,……,
c93dee5141b63d08d3d8b0514cdfd4fb.bundle,麵攤5,Say,23,75,……,
c93dee5141b63d08d3d8b0514cdfd4fb.bundle,麵攤5,Say,23,76,アハハハ……,
c93dee5141b63d08d3d8b0514cdfd4fb.bundle,麵攤5,Say,23,77,あんた、本当にリュウセイ？,
c93dee5141b63d08d3d8b0514cdfd4fb.bundle,麵攤5,Say,23,78,まさかあんたがそこまで考えているとはね……,
c93dee5141b63d08d3d8b0514cdfd4fb.bundle,麵攤5,Say,リュウセイ･チョウ,29,……,
c93dee5141b63d08d3d8b0514cdfd4fb.bundle,麵攤5,Say,心の声,5,リュウセイがテーブルを見つめている……,
c93dee5141b63d08d3d8b0514cdfd4fb.bundle,麵攤5,Say,23,79,……,
c93dee5141b63d08d3d8b0514cdfd4fb.bundle,麵攤5,Say,23,80,あんたの言う通りね……,
c93dee5141b63d08d3d8b0514cdfd4fb.bundle,麵攤5,Say,23,81,うちはただ、スイがうちの好きな形になることを望んでいただけだった。,
c93dee5141b63d08d3d8b0514cdfd4fb.bundle,麵攤5,Say,23,82,彼女のすべてを受け入れようとはしてなかった。,
c93dee5141b63d08d3d8b0514cdfd4fb.bundle,麵攤5,Say,23,83,彼女は自分で道を選んだだけ。それに納得できないのはうちの問題よ。,
c93dee5141b63d08d3d8b0514cdfd4fb.bundle,麵攤5,Say,23,84,彼女が過激になったのも、結局は彼女がそうなることを選んだだけ……,
c93dee5141b63d08d3d8b0514cdfd4fb.bundle,麵攤5,Say,23,85,……,
c93dee5141b63d08d3d8b0514cdfd4fb.bundle,麵攤5,Say,23,86,うちは本当に身勝手だ。,
c93dee5141b63d08d3d8b0514cdfd4fb.bundle,麵攤5,Branch,#Simple,27,人間は皆、身勝手だ。,
c93dee5141b63d08d3d8b0514cdfd4fb.bundle,麵攤5,Say,23,87,そうね。だから変わる必要はない。でしょう？,
c93dee5141b63d08d3d8b0514cdfd4fb.bundle,麵攤5,Branch,#Simple,28,気づいたことで、何か心境の変化はあったか？,
c93dee5141b63d08d3d8b0514cdfd4fb.bundle,麵攤5,Say,23,88,特にない。,
c93dee5141b63d08d3d8b0514cdfd4fb.bundle,麵攤5,Say,23,89,なーんにも変わらない。,
c93dee5141b63d08d3d8b0514cdfd4fb.bundle,麵攤5,Branch,#Simple,29,……,
c93dee5141b63d08d3d8b0514cdfd4fb.bundle,麵攤5,Say,23,90,……,
c93dee5141b63d08d3d8b0514cdfd4fb.bundle,麵攤5,Say,23,91,うちはやはりスイが好き。,
c93dee5141b63d08d3d8b0514cdfd4fb.bundle,麵攤5,Say,23,92,もう帰る。,
c93dee5141b63d08d3d8b0514cdfd4fb.bundle,麵攤5,Say,リュウセイ･チョウ,30,……早すぎないっすか？,
c93dee5141b63d08d3d8b0514cdfd4fb.bundle,麵攤5,Say,23,93,スイの手当もあるし、明日の準備もしないといけないからさ。,
c93dee5141b63d08d3d8b0514cdfd4fb.bundle,麵攤5,Say,リュウセイ･チョウ,31,スイ姉の寝込みを襲っちゃだめっすよ。,
c93dee5141b63d08d3d8b0514cdfd4fb.bundle,麵攤5,Say,23,94,ハハ、そんなことしないよ。,
c93dee5141b63d08d3d8b0514cdfd4fb.bundle,麵攤5,Say,心の声,6,笑ってはいるが覇気を感じられない……,
c93dee5141b63d08d3d8b0514cdfd4fb.bundle,麵攤5,Say,23,95,じゃ、二人ともおやすみ。,
c93dee5141b63d08d3d8b0514cdfd4fb.bundle,麵攤5,Say,リュウセイ･チョウ,32,おやすみなさいっす。,
c93dee5141b63d08d3d8b0514cdfd4fb.bundle,麵攤5,Branch,#Simple,30,おやすみ。,
c93dee5141b63d08d3d8b0514cdfd4fb.bundle,麵攤5,Branch,#Simple,31,……,
c93dee5141b63d08d3d8b0514cdfd4fb.bundle,麵攤6,Say,リュウセイ･チョウ,0,ジェイの兄貴。,
c93dee5141b63d08d3d8b0514cdfd4fb.bundle,麵攤6,Branch,#Simple,0,ん？,
c93dee5141b63d08d3d8b0514cdfd4fb.bundle,麵攤6,Say,リュウセイ･チョウ,1,その……,
c93dee5141b63d08d3d8b0514cdfd4fb.bundle,麵攤6,Branch,#Simple,1,23号は大丈夫だと思うか？,
c93dee5141b63d08d3d8b0514cdfd4fb.bundle,麵攤6,Say,リュウセイ･チョウ,2,23姉っすか？,
c93dee5141b63d08d3d8b0514cdfd4fb.bundle,麵攤6,Say,リュウセイ･チョウ,3,多分大丈夫っすよ。感傷的になるのはいつものことっす。,
c93dee5141b63d08d3d8b0514cdfd4fb.bundle,麵攤6,Say,リュウセイ･チョウ,4,明日になれば元通りっす。,
c93dee5141b63d08d3d8b0514cdfd4fb.bundle,麵攤6,Branch,#Simple,2,リュウセイ、大丈夫か？,
c93dee5141b63d08d3d8b0514cdfd4fb.bundle,麵攤6,Say,心の声,0,少し驚いた様子だ。,
c93dee5141b63d08d3d8b0514cdfd4fb.bundle,麵攤6,Say,リュウセイ･チョウ,5,あ、えっと……,
c93dee5141b63d08d3d8b0514cdfd4fb.bundle,麵攤6,Say,リュウセイ･チョウ,6,全然大丈夫っす。,
c93dee5141b63d08d3d8b0514cdfd4fb.bundle,麵攤6,Branch,#Simple,3,……,
c93dee5141b63d08d3d8b0514cdfd4fb.bundle,麵攤6,Say,心の声,1,ショックを受けている様子だ……,
c93dee5141b63d08d3d8b0514cdfd4fb.bundle,麵攤6,Say,リュウセイ･チョウ,7,23姉の話から、スイ姉のことを考えてたっす……,
c93dee5141b63d08d3d8b0514cdfd4fb.bundle,麵攤6,Say,リュウセイ･チョウ,8,……,
c93dee5141b63d08d3d8b0514cdfd4fb.bundle,麵攤6,Say,リュウセイ･チョウ,9,やっぱ忘れてくださいっす。,
c93dee5141b63d08d3d8b0514cdfd4fb.bundle,麵攤6,Say,リュウセイ･チョウ,10,……,
c93dee5141b63d08d3d8b0514cdfd4fb.bundle,麵攤6,Say,リュウセイ･チョウ,11,ジェイの兄貴はタバコを吸うっすか？,
c93dee5141b63d08d3d8b0514cdfd4fb.bundle,麵攤6,Say,心の声,2,俺は吸わない。,
c93dee5141b63d08d3d8b0514cdfd4fb.bundle,麵攤6,Branch,#Simple,4,吸う。,
c93dee5141b63d08d3d8b0514cdfd4fb.bundle,麵攤6,Branch,#Simple,5,吸わない。,
c93dee5141b63d08d3d8b0514cdfd4fb.bundle,麵攤6,Branch,#Simple,6,どうして急にそれを？,
c93dee5141b63d08d3d8b0514cdfd4fb.bundle,麵攤6,Say,リュウセイ･チョウ,12,……,
c93dee5141b63d08d3d8b0514cdfd4fb.bundle,麵攤6,Say,リュウセイ･チョウ,13,いや、やっぱ何でもないっす。,
c93dee5141b63d08d3d8b0514cdfd4fb.bundle,麵攤6,Say,リュウセイ･チョウ,14,僕も帰るっす。明日は最後の日だから、ちゃんと休んでくださいっす。,
c93dee5141b63d08d3d8b0514cdfd4fb.bundle,麵攤6,Branch,#Simple,7,もう帰るのか？,
c93dee5141b63d08d3d8b0514cdfd4fb.bundle,麵攤6,Branch,#Simple,8,ああ、おやすみ。,
c93dee5141b63d08d3d8b0514cdfd4fb.bundle,麵攤6,Say,リュウセイ･チョウ,15,……はい。,
c93dee5141b63d08d3d8b0514cdfd4fb.bundle,麵攤6,Branch,#Simple,9,タバコを吸いに行くのか？俺も一緒に行く。,
c93dee5141b63d08d3d8b0514cdfd4fb.bundle,麵攤6,Say,リュウセイ･チョウ,16,いいっすよ。,
c93dee5141b63d08d3d8b0514cdfd4fb.bundle,麵攤6,Say,リュウセイ･チョウ,17,さっき吸わないって言ってたじゃないっすか。,
c93dee5141b63d08d3d8b0514cdfd4fb.bundle,麵攤6,Branch,#Simple,10,……,
c93dee5141b63d08d3d8b0514cdfd4fb.bundle,麵攤6,Say,リュウセイ･チョウ,18,おやすみなさいっす。,
c93dee5141b63d08d3d8b0514cdfd4fb.bundle,麵攤6,Branch,#Simple,11,おやすみ。,
c93dee5141b63d08d3d8b0514cdfd4fb.bundle,麵攤6,Branch,#Simple,12,何か困ってることがあるなら、ちゃんと言えよ。,
c93dee5141b63d08d3d8b0514cdfd4fb.bundle,麵攤6,Say,リュウセイ･チョウ,19,……,
c93dee5141b63d08d3d8b0514cdfd4fb.bundle,麵攤6,Say,リュウセイ･チョウ,20,うん。,
c93dee5141b63d08d3d8b0514cdfd4fb.bundle,麵攤6,Branch,#Simple,13,……,
c93dee5141b63d08d3d8b0514cdfd4fb.bundle,23大接露,Say,23,0,アハハ……,
c93dee5141b63d08d3d8b0514cdfd4fb.bundle,23大接露,Say,23,1,ダッサ……,
c93dee5141b63d08d3d8b0514cdfd4fb.bundle,23大接露,Say,心の声,0,これはどういうことだ……！？,
c93dee5141b63d08d3d8b0514cdfd4fb.bundle,23大接露,Say,スイ･ニン,0,君は自分の麻酔にかかってる。,
c93dee5141b63d08d3d8b0514cdfd4fb.bundle,23大接露,Say,スイ･ニン,1,これ以上の抵抗は無意味だ。,
c93dee5141b63d08d3d8b0514cdfd4fb.bundle,23大接露,Say,23,2,……はいはい。うちだってバカじゃないし……もう抵抗しないよ……,
c93dee5141b63d08d3d8b0514cdfd4fb.bundle,23大接露,Say,23,3,はぁ……はぁ……,
c93dee5141b63d08d3d8b0514cdfd4fb.bundle,23大接露,Say,23,4,戦ってみないとわからないものね……,
c93dee5141b63d08d3d8b0514cdfd4fb.bundle,23大接露,Say,23,5,あんたって、本当に恐ろしいね……,
c93dee5141b63d08d3d8b0514cdfd4fb.bundle,23大接露,Say,スイ･ニン,2,この状況を面白がっているのか？,
c93dee5141b63d08d3d8b0514cdfd4fb.bundle,23大接露,Say,心の声,1,スイ･ニンからは怒りだけでなく、困惑も伺える……,
c93dee5141b63d08d3d8b0514cdfd4fb.bundle,23大接露,Say,心の声,2,こんな彼女は初めて見る……,
c93dee5141b63d08d3d8b0514cdfd4fb.bundle,23大接露,Say,スイ･ニン,3,自分が何をしているのか、わかっているのか？,
c93dee5141b63d08d3d8b0514cdfd4fb.bundle,23大接露,Say,スイ･ニン,4,急にどうしたというんだ！？,
c93dee5141b63d08d3d8b0514cdfd4fb.bundle,23大接露,Say,23,6,ハハ……,
c93dee5141b63d08d3d8b0514cdfd4fb.bundle,23大接露,Say,23,7,落ち着きなよ……,
c93dee5141b63d08d3d8b0514cdfd4fb.bundle,23大接露,Say,23,8,そんなに焦るなんてらしくないね。,
c93dee5141b63d08d3d8b0514cdfd4fb.bundle,23大接露,Say,スイ･ニン,5,らしくない……！？,
c93dee5141b63d08d3d8b0514cdfd4fb.bundle,23大接露,Say,スイ･ニン,6,……,
c93dee5141b63d08d3d8b0514cdfd4fb.bundle,23大接露,Say,スイ･ニン,7,……,
c93dee5141b63d08d3d8b0514cdfd4fb.bundle,23大接露,Say,スイ･ニン,8,ジェイ。,
c93dee5141b63d08d3d8b0514cdfd4fb.bundle,23大接露,Branch,#Simple,0,なんだ？,
c93dee5141b63d08d3d8b0514cdfd4fb.bundle,23大接露,Branch,#Simple,1,何が起きてるんだ？,
c93dee5141b63d08d3d8b0514cdfd4fb.bundle,23大接露,Say,スイ･ニン,9,23号が眠っている私に麻酔を打とうとしたんだ。,
c93dee5141b63d08d3d8b0514cdfd4fb.bundle,23大接露,Say,23,9,一瞬で気づかれちゃったけどね。,
c93dee5141b63d08d3d8b0514cdfd4fb.bundle,23大接露,Say,23,10,寝てたのに、どうしてわかったの……？,
c93dee5141b63d08d3d8b0514cdfd4fb.bundle,23大接露,Say,スイ･ニン,10,ずっと君を警戒していたからだ。,
c93dee5141b63d08d3d8b0514cdfd4fb.bundle,23大接露,Say,23,11,……警戒？,
c93dee5141b63d08d3d8b0514cdfd4fb.bundle,23大接露,Say,スイ･ニン,11,内通者は君だろう？,
c93dee5141b63d08d3d8b0514cdfd4fb.bundle,23大接露,Say,心の声,3,内通者だと！？まさか本当に、この中にいたのか！,
c93dee5141b63d08d3d8b0514cdfd4fb.bundle,23大接露,Say,23,12,……いつ気づいたの？,
c93dee5141b63d08d3d8b0514cdfd4fb.bundle,23大接露,Say,スイ･ニン,12,リンのホログラムを見た時だ。,
c93dee5141b63d08d3d8b0514cdfd4fb.bundle,23大接露,Say,スイ･ニン,13,ホワイトリザードが現れた瞬間……,
c93dee5141b63d08d3d8b0514cdfd4fb.bundle,23大接露,Say,23,13,うちが動揺した……,
c93dee5141b63d08d3d8b0514cdfd4fb.bundle,23大接露,Say,スイ･ニン,14,……,
c93dee5141b63d08d3d8b0514cdfd4fb.bundle,23大接露,Say,スイ･ニン,15,ええ。,
c93dee5141b63d08d3d8b0514cdfd4fb.bundle,23大接露,Say,23,14,だって、彼も関わってるなんて思ってもなかったから……,
c93dee5141b63d08d3d8b0514cdfd4fb.bundle,23大接露,Say,スイ･ニン,16,今回の万象の調査は最初から難航していた。だが難航しているのは、ただ運が悪いだけだと思っていた……,
c93dee5141b63d08d3d8b0514cdfd4fb.bundle,23大接露,Say,スイ･ニン,17,だから君を疑い始めたあの日から、私は君が内通者である証拠を見つけようとしていた。,
c93dee5141b63d08d3d8b0514cdfd4fb.bundle,23大接露,Say,23,15,オペレーションコアに潜入する前に、あんたがリュウセイに渡したID……,
c93dee5141b63d08d3d8b0514cdfd4fb.bundle,23大接露,Say,23,16,肩書きを変えたのは、情報が漏れた時間を確認するためね……,
c93dee5141b63d08d3d8b0514cdfd4fb.bundle,23大接露,Say,23,17,フフッ、古典的な手ね……,
c93dee5141b63d08d3d8b0514cdfd4fb.bundle,23大接露,Say,スイ･ニン,18,でも君は引っかかった。,
c93dee5141b63d08d3d8b0514cdfd4fb.bundle,23大接露,Say,23,18,……,
c93dee5141b63d08d3d8b0514cdfd4fb.bundle,23大接露,Say,23,19,ええ、まんまとね。,
c93dee5141b63d08d3d8b0514cdfd4fb.bundle,23大接露,Say,23,20,あんたがうちを騙すとは思わなかったのよ。,
c93dee5141b63d08d3d8b0514cdfd4fb.bundle,23大接露,Say,スイ･ニン,19,皮肉なものだ……,
c93dee5141b63d08d3d8b0514cdfd4fb.bundle,23大接露,Say,23,21,……そうね。,
c93dee5141b63d08d3d8b0514cdfd4fb.bundle,23大接露,Say,スイ･ニン,20,リンの足に仕掛けられていた盗聴器も、本物ではなかった。,
c93dee5141b63d08d3d8b0514cdfd4fb.bundle,23大接露,Say,スイ･ニン,21,あれが本物であれば、我々の調査はとっくに知られているはずだ。,
c93dee5141b63d08d3d8b0514cdfd4fb.bundle,23大接露,Say,スイ･ニン,22,傭兵を送り込まれるだけじゃ、済まなかったはずだ。,
c93dee5141b63d08d3d8b0514cdfd4fb.bundle,23大接露,Say,23,22,その通り。うちは警戒を促す程度の情報しか流していない。,
c93dee5141b63d08d3d8b0514cdfd4fb.bundle,23大接露,Say,23,23,調査の全貌については伝えていないからね。,
c93dee5141b63d08d3d8b0514cdfd4fb.bundle,23大接露,Say,スイ･ニン,23,君はリュウセイに罪を着せようとした……,
c93dee5141b63d08d3d8b0514cdfd4fb.bundle,23大接露,Say,23,24,アハハ……,
c93dee5141b63d08d3d8b0514cdfd4fb.bundle,23大接露,Say,23,25,あんたの邪魔を少しすれば、もう少し保守的な策を取ると思ったのよ。,
c93dee5141b63d08d3d8b0514cdfd4fb.bundle,23大接露,Say,23,26,でも強引なところは相変わらずで、何の意味もなかった……,
c93dee5141b63d08d3d8b0514cdfd4fb.bundle,23大接露,Say,スイ･ニン,24,君とリュウセイを信じていたからだ。,
c93dee5141b63d08d3d8b0514cdfd4fb.bundle,23大接露,Say,スイ･ニン,25,例えそれは君が内通者だとわかっていてもだ……,
c93dee5141b63d08d3d8b0514cdfd4fb.bundle,23大接露,Say,スイ･ニン,26,君がなぜそんなことをするのかは分からないが……,
c93dee5141b63d08d3d8b0514cdfd4fb.bundle,23大接露,Say,スイ･ニン,27,私に危害を加えるつもりはないと信じていた……,
c93dee5141b63d08d3d8b0514cdfd4fb.bundle,23大接露,Say,23,27,……,
c93dee5141b63d08d3d8b0514cdfd4fb.bundle,23大接露,Say,23,28,ハハ……その言葉は反則だよ。,
c93dee5141b63d08d3d8b0514cdfd4fb.bundle,23大接露,Say,23,29,あんたの隣に立っていた自分がクソに見える。,
c93dee5141b63d08d3d8b0514cdfd4fb.bundle,23大接露,Say,スイ･ニン,28,……,
c93dee5141b63d08d3d8b0514cdfd4fb.bundle,23大接露,Say,23,30,……,
c93dee5141b63d08d3d8b0514cdfd4fb.bundle,23大接露,Say,23,31,スイには、今のうちがどう見えてるのかな……,
c93dee5141b63d08d3d8b0514cdfd4fb.bundle,23大接露,Say,23,32,軽蔑してるでしょうね……,
c93dee5141b63d08d3d8b0514cdfd4fb.bundle,23大接露,Say,スイ･ニン,29,……,
c93dee5141b63d08d3d8b0514cdfd4fb.bundle,23大接露,Say,スイ･ニン,30,……,
c93dee5141b63d08d3d8b0514cdfd4fb.bundle,23大接露,Say,スイ･ニン,31,23号。,
c93dee5141b63d08d3d8b0514cdfd4fb.bundle,23大接露,Say,スイ･ニン,32,なぜこんなことをした？,
c93dee5141b63d08d3d8b0514cdfd4fb.bundle,23大接露,Say,23,33,あんたを愛してるからよ。,
c93dee5141b63d08d3d8b0514cdfd4fb.bundle,23大接露,Say,スイ･ニン,33,……,
c93dee5141b63d08d3d8b0514cdfd4fb.bundle,23大接露,Say,スイ･ニン,34,こんな時に何を……,
c93dee5141b63d08d3d8b0514cdfd4fb.bundle,23大接露,Say,23,34,うちは本気よ。,
c93dee5141b63d08d3d8b0514cdfd4fb.bundle,23大接露,Say,23,35,あんたを止めるのはうちしかいない。,
c93dee5141b63d08d3d8b0514cdfd4fb.bundle,23大接露,Say,23,36,こんなことを続けていたら、いずれあんたは大きな危険に巻き込まれる。,
c93dee5141b63d08d3d8b0514cdfd4fb.bundle,23大接露,Say,23,37,だから、うちが調査を邪魔することで……,
c93dee5141b63d08d3d8b0514cdfd4fb.bundle,23大接露,Say,23,38,あんたを守りたかった。,
c93dee5141b63d08d3d8b0514cdfd4fb.bundle,23大接露,Say,スイ･ニン,35,……私を守る？君は頭でも打ったのか？,
c93dee5141b63d08d3d8b0514cdfd4fb.bundle,23大接露,Say,スイ･ニン,36,そんなくだらないことを理由に、仲間を危険に巻き込んだのか……！？,
c93dee5141b63d08d3d8b0514cdfd4fb.bundle,23大接露,Say,スイ･ニン,37,彼らは君の仲間だぞ！,
c93dee5141b63d08d3d8b0514cdfd4fb.bundle,23大接露,Say,23,39,そもそも仲間が危険に巻き込まれるのは、この仕事をする上では仕方のないことよ。,
c93dee5141b63d08d3d8b0514cdfd4fb.bundle,23大接露,Say,スイ･ニン,38,何の話だ……,
c93dee5141b63d08d3d8b0514cdfd4fb.bundle,23大接露,Say,23,40,ならあんたの元オペレーターはどこにいるの？退職金をもらって、悠々自適に過ごしているとでも思っているの？,
c93dee5141b63d08d3d8b0514cdfd4fb.bundle,23大接露,Say,スイ･ニン,39,そんなつもりは……！,
c93dee5141b63d08d3d8b0514cdfd4fb.bundle,23大接露,Say,23,41,うちは最初から、あんたのことしか気にしていない。,
c93dee5141b63d08d3d8b0514cdfd4fb.bundle,23大接露,Say,23,42,……,
c93dee5141b63d08d3d8b0514cdfd4fb.bundle,23大接露,Say,23,43,……最初から、あんたが傷つく心配しかしてないのよ。,
c93dee5141b63d08d3d8b0514cdfd4fb.bundle,23大接露,Say,スイ･ニン,40,傷つく？それについてはもう……,
c93dee5141b63d08d3d8b0514cdfd4fb.bundle,23大接露,Say,23,44,うちもはっきり言ったよね？肉体の傷とは言っていないって！,
c93dee5141b63d08d3d8b0514cdfd4fb.bundle,23大接露,Say,23,45,あんたみたいな頑固は、間違いなく身体中を傷だらけにするでしょうね。,
c93dee5141b63d08d3d8b0514cdfd4fb.bundle,23大接露,Say,23,46,あんたが任務で死ぬことくらい想定内よ。,
c93dee5141b63d08d3d8b0514cdfd4fb.bundle,23大接露,Say,23,47,でも、うちが心配しているのは精神的な傷よ……,
c93dee5141b63d08d3d8b0514cdfd4fb.bundle,23大接露,Say,スイ･ニン,41,……,
c93dee5141b63d08d3d8b0514cdfd4fb.bundle,23大接露,Say,スイ･ニン,42,精神的な傷……？裏切り者がよく言えたな……,
c93dee5141b63d08d3d8b0514cdfd4fb.bundle,23大接露,Say,スイ･ニン,43,君がリュウセイに何をしたかわかってるのか？,
c93dee5141b63d08d3d8b0514cdfd4fb.bundle,23大接露,Say,スイ･ニン,44,君のせいで、彼は危険に晒され……,
c93dee5141b63d08d3d8b0514cdfd4fb.bundle,23大接露,Say,23,48,彼とジェイが逃げられることをわかっていたからよ！,
c93dee5141b63d08d3d8b0514cdfd4fb.bundle,23大接露,Say,スイ･ニン,45,私が言いたいのはオペレーションコアのことだけじゃない！,
c93dee5141b63d08d3d8b0514cdfd4fb.bundle,23大接露,Say,23,49,……,
c93dee5141b63d08d3d8b0514cdfd4fb.bundle,23大接露,Say,スイ･ニン,46,あの子は君を信じている……,
c93dee5141b63d08d3d8b0514cdfd4fb.bundle,23大接露,Say,スイ･ニン,47,むしろ私のことよりも君を信じている。,
c93dee5141b63d08d3d8b0514cdfd4fb.bundle,23大接露,Say,スイ･ニン,48,彼にとって、君がいかに重要か……それがわからないのか？,
c93dee5141b63d08d3d8b0514cdfd4fb.bundle,23大接露,Say,スイ･ニン,49,23号、彼は君を信頼し頼っている……,
c93dee5141b63d08d3d8b0514cdfd4fb.bundle,23大接露,Say,23,50,……,
c93dee5141b63d08d3d8b0514cdfd4fb.bundle,23大接露,Say,23,51,自分がどれだけクズかはわかってるのよ……,
c93dee5141b63d08d3d8b0514cdfd4fb.bundle,第四日內心世界,Say,ジェイ･ダイ,0,……よう。,
c93dee5141b63d08d3d8b0514cdfd4fb.bundle,第四日內心世界,Branch,#Simple,0,よっ。,
c93dee5141b63d08d3d8b0514cdfd4fb.bundle,第四日內心世界,Branch,#Simple,1,……,
c93dee5141b63d08d3d8b0514cdfd4fb.bundle,第四日內心世界,Say,ジェイ･ダイ,1,お前はどう思うんだ？,
c93dee5141b63d08d3d8b0514cdfd4fb.bundle,第四日內心世界,Branch,#Simple,2,何の話だ？,
c93dee5141b63d08d3d8b0514cdfd4fb.bundle,第四日內心世界,Branch,#Simple,3,今日はいろんなことが起きていたが、何について言ってるんだ？,
c93dee5141b63d08d3d8b0514cdfd4fb.bundle,第四日內心世界,Say,ジェイ･ダイ,2,スイ･ニンだ。,
c93dee5141b63d08d3d8b0514cdfd4fb.bundle,第四日內心世界,Branch,#Simple,4,スイ･ニンの案はかなりいい案だと思う。,
c93dee5141b63d08d3d8b0514cdfd4fb.bundle,第四日內心世界,Say,ジェイ･ダイ,3,そうだな。,
c93dee5141b63d08d3d8b0514cdfd4fb.bundle,第四日內心世界,Say,ジェイ･ダイ,4,人体実験の件で万象と交渉し、俺らを見逃してもらう……,
c93dee5141b63d08d3d8b0514cdfd4fb.bundle,第四日內心世界,Say,ジェイ･ダイ,5,俺も上手くいくと考えている。,
c93dee5141b63d08d3d8b0514cdfd4fb.bundle,第四日內心世界,Say,ジェイ･ダイ,6,だが俺が聞きたいのは、スイ･ニン本人についてだ。,
c93dee5141b63d08d3d8b0514cdfd4fb.bundle,第四日內心世界,Branch,#Simple,5,ホワイトリザードと助っ人が言ってたことか？,
c93dee5141b63d08d3d8b0514cdfd4fb.bundle,第四日內心世界,Branch,#Simple,6,スイ･ニンが企業に雇われているって話か？,
c93dee5141b63d08d3d8b0514cdfd4fb.bundle,第四日內心世界,Say,ジェイ･ダイ,7,……そうだ。,
c93dee5141b63d08d3d8b0514cdfd4fb.bundle,第四日內心世界,Branch,#Simple,7,……,
c93dee5141b63d08d3d8b0514cdfd4fb.bundle,第四日內心世界,Say,ジェイ･ダイ,8,彼女は本当に自分の目的を俺たちに教えたくれたのか……？,
c93dee5141b63d08d3d8b0514cdfd4fb.bundle,第四日內心世界,Say,ジェイ･ダイ,9,お前が彼女から話をすべて聞いたのは知っている。,
c93dee5141b63d08d3d8b0514cdfd4fb.bundle,第四日內心世界,Branch,#Simple,8,すべて聞くべきではなかったと思うか？,
c93dee5141b63d08d3d8b0514cdfd4fb.bundle,第四日內心世界,Say,ジェイ･ダイ,10,いや、お前の選択は正しかったと思う。,
c93dee5141b63d08d3d8b0514cdfd4fb.bundle,第四日內心世界,Say,ジェイ･ダイ,11,あの場にいたのが俺でも、そうしたはずだ。,
c93dee5141b63d08d3d8b0514cdfd4fb.bundle,第四日內心世界,Branch,#Simple,9,あんたなら話をすべて聞くと思ったんだ。,
c93dee5141b63d08d3d8b0514cdfd4fb.bundle,第四日內心世界,Say,ジェイ･ダイ,12,お前の見立ては正しい。,
c93dee5141b63d08d3d8b0514cdfd4fb.bundle,第四日內心世界,Say,ジェイ･ダイ,13,あの場にいたのが俺でも、そうしたはずだ。,
c93dee5141b63d08d3d8b0514cdfd4fb.bundle,第四日內心世界,Branch,#Simple,10,……,
c93dee5141b63d08d3d8b0514cdfd4fb.bundle,第四日內心世界,Say,ジェイ･ダイ,14,祖母の私兵か……,
c93dee5141b63d08d3d8b0514cdfd4fb.bundle,第四日內心世界,Say,ジェイ･ダイ,15,もしそれが本当なら、かなり危険な情報だ。,
c93dee5141b63d08d3d8b0514cdfd4fb.bundle,第四日內心世界,Say,ジェイ･ダイ,16,俺たちに言わなかったのも理解できる。,
c93dee5141b63d08d3d8b0514cdfd4fb.bundle,第四日內心世界,Branch,#Simple,11,嘘だと思うか？,
c93dee5141b63d08d3d8b0514cdfd4fb.bundle,第四日內心世界,Say,ジェイ･ダイ,17,……いや。,
c93dee5141b63d08d3d8b0514cdfd4fb.bundle,第四日內心世界,Say,ジェイ･ダイ,18,俺は彼女を信じる。,
c93dee5141b63d08d3d8b0514cdfd4fb.bundle,第四日內心世界,Branch,#Simple,12,本当だと思うか？,
c93dee5141b63d08d3d8b0514cdfd4fb.bundle,第四日內心世界,Say,ジェイ･ダイ,19,……,
c93dee5141b63d08d3d8b0514cdfd4fb.bundle,第四日內心世界,Say,ジェイ･ダイ,20,ああ。,
c93dee5141b63d08d3d8b0514cdfd4fb.bundle,第四日內心世界,Branch,#Simple,13,……,
c93dee5141b63d08d3d8b0514cdfd4fb.bundle,第四日內心世界,Say,ジェイ･ダイ,21,彼女は俺たちが真実を知るのは危険だと言ったが……,
c93dee5141b63d08d3d8b0514cdfd4fb.bundle,第四日內心世界,Say,ジェイ･ダイ,22,真実を教えたくない言い訳にしか聞こえない。,
c93dee5141b63d08d3d8b0514cdfd4fb.bundle,第四日內心世界,Branch,#Simple,14,ああ、正直怪しすぎる。,
c93dee5141b63d08d3d8b0514cdfd4fb.bundle,第四日內心世界,Say,ジェイ･ダイ,23,そうだな……,
c93dee5141b63d08d3d8b0514cdfd4fb.bundle,第四日內心世界,Branch,#Simple,15,俺には本当に危険なことのように聞こえた。,
c93dee5141b63d08d3d8b0514cdfd4fb.bundle,第四日內心世界,Say,ジェイ･ダイ,24,そうか……,
c93dee5141b63d08d3d8b0514cdfd4fb.bundle,第四日內心世界,Say,ジェイ･ダイ,25,……,
c93dee5141b63d08d3d8b0514cdfd4fb.bundle,第四日內心世界,Say,ジェイ･ダイ,26,だが彼女は企業に所属していることを認めた。,
c93dee5141b63d08d3d8b0514cdfd4fb.bundle,第四日內心世界,Say,ジェイ･ダイ,27,もし本当に言う気がないなら、その情報を言う必要もないはずだ。,
c93dee5141b63d08d3d8b0514cdfd4fb.bundle,第四日內心世界,Say,ジェイ･ダイ,28,彼女は俺たちが真実を知るのは危険だと言ったが……,
c93dee5141b63d08d3d8b0514cdfd4fb.bundle,第四日內心世界,Say,ジェイ･ダイ,29,真実を教えたくない言い訳にしか聞こえない。,
c93dee5141b63d08d3d8b0514cdfd4fb.bundle,第四日內心世界,Branch,#Simple,16,ああ、正直怪しすぎる。,
c93dee5141b63d08d3d8b0514cdfd4fb.bundle,第四日內心世界,Say,ジェイ･ダイ,30,そうだな……,
c93dee5141b63d08d3d8b0514cdfd4fb.bundle,第四日內心世界,Branch,#Simple,17,俺には本当に危険なことのように聞こえた。,
c93dee5141b63d08d3d8b0514cdfd4fb.bundle,第四日內心世界,Say,ジェイ･ダイ,31,そうか……,
c93dee5141b63d08d3d8b0514cdfd4fb.bundle,第四日內心世界,Say,ジェイ･ダイ,32,……,
c93dee5141b63d08d3d8b0514cdfd4fb.bundle,第四日內心世界,Branch,#Simple,18,最後まで話を聞くべきだったか？,
c93dee5141b63d08d3d8b0514cdfd4fb.bundle,第四日內心世界,Say,ジェイ･ダイ,33,……,
c93dee5141b63d08d3d8b0514cdfd4fb.bundle,第四日內心世界,Say,ジェイ･ダイ,34,俺ならそうした。,
c93dee5141b63d08d3d8b0514cdfd4fb.bundle,第四日內心世界,Say,ジェイ･ダイ,35,だが、それが本当に正しいことかはわからない。,
c93dee5141b63d08d3d8b0514cdfd4fb.bundle,第四日內心世界,Branch,#Simple,19,……,
c93dee5141b63d08d3d8b0514cdfd4fb.bundle,第四日內心世界,Say,ジェイ･ダイ,36,ホワイトリザードと助っ人は、確かにわざとスイ･ニンへの疑いを煽っていた……,
c93dee5141b63d08d3d8b0514cdfd4fb.bundle,第四日內心世界,Say,ジェイ･ダイ,37,……,
c93dee5141b63d08d3d8b0514cdfd4fb.bundle,第四日內心世界,Say,ジェイ･ダイ,38,だが彼らの言葉が本当である可能性もある……,
c93dee5141b63d08d3d8b0514cdfd4fb.bundle,第四日內心世界,Say,ジェイ･ダイ,39,……,
c93dee5141b63d08d3d8b0514cdfd4fb.bundle,第四日內心世界,Say,ジェイ･ダイ,40,……,
c93dee5141b63d08d3d8b0514cdfd4fb.bundle,第四日內心世界,Say,ジェイ･ダイ,41,考え方を変えよう。,
c93dee5141b63d08d3d8b0514cdfd4fb.bundle,第四日內心世界,Say,ジェイ･ダイ,42,一番まずいのは、あの二人の言葉通り、スイ･ニンが万象と敵対する企業に雇われていることだ。,
c93dee5141b63d08d3d8b0514cdfd4fb.bundle,第四日內心世界,Say,ジェイ･ダイ,43,だが例えそうだとしても、彼女が俺らに危害を加える理由はないはずだ。,
c93dee5141b63d08d3d8b0514cdfd4fb.bundle,第四日內心世界,Say,ジェイ･ダイ,44,強いて言えば、肝心な時に俺らを見捨てる可能性があることくらいだろう。,
c93dee5141b63d08d3d8b0514cdfd4fb.bundle,第四日內心世界,Say,ジェイ･ダイ,45,……,
c93dee5141b63d08d3d8b0514cdfd4fb.bundle,第四日內心世界,Say,ジェイ･ダイ,46,だが今までの彼女を見る限り、彼女が金のために動く人間とは思えない。,
c93dee5141b63d08d3d8b0514cdfd4fb.bundle,第四日內心世界,Say,ジェイ･ダイ,47,確かに彼女はたくさんのことを隠している。だが俺には、彼女の行動が人助けのために見える。,
c93dee5141b63d08d3d8b0514cdfd4fb.bundle,第四日內心世界,Say,ジェイ･ダイ,48,あの廃ビルで、彼女は助っ人とは違う選択をした。,
c93dee5141b63d08d3d8b0514cdfd4fb.bundle,第四日內心世界,Say,ジェイ･ダイ,49,彼女は子どもを助けるために、自分の命の危険に晒して、単身でホワイトリザードたちに立ち向かった……,
c93dee5141b63d08d3d8b0514cdfd4fb.bundle,第四日內心世界,Say,ジェイ･ダイ,50,そんな彼女が、企業に雇われたただの用心棒とは思えない……,
c93dee5141b63d08d3d8b0514cdfd4fb.bundle,第四日內心世界,Say,ジェイ･ダイ,51,お前はどう思う？,
c93dee5141b63d08d3d8b0514cdfd4fb.bundle,第四日內心世界,Branch,#Simple,20,俺も、彼女には嘘をつく理由がないと思う。,
c93dee5141b63d08d3d8b0514cdfd4fb.bundle,第四日內心世界,Say,ジェイ･ダイ,52,俺と同じ考えのようだな。,
c93dee5141b63d08d3d8b0514cdfd4fb.bundle,第四日內心世界,Say,ジェイ･ダイ,53,昨日のお前は彼女を信じていなかったのにな。,
c93dee5141b63d08d3d8b0514cdfd4fb.bundle,第四日內心世界,Say,ジェイ･ダイ,54,どうやら今日のことで、お前の考えが変わったようだな。,
c93dee5141b63d08d3d8b0514cdfd4fb.bundle,第四日內心世界,Branch,#Simple,21,正義のためだけに行動する人はいないと思う。,
c93dee5141b63d08d3d8b0514cdfd4fb.bundle,第四日內心世界,Say,ジェイ･ダイ,55,……そうか？,
c93dee5141b63d08d3d8b0514cdfd4fb.bundle,第四日內心世界,Say,ジェイ･ダイ,56,だが昨日のお前は、彼女を信じていると言っていた。,
c93dee5141b63d08d3d8b0514cdfd4fb.bundle,第四日內心世界,Say,ジェイ･ダイ,57,昨日の今日でここまで考えが変わるとはな……,
c93dee5141b63d08d3d8b0514cdfd4fb.bundle,第四日內心世界,Say,ジェイ･ダイ,58,……,
c93dee5141b63d08d3d8b0514cdfd4fb.bundle,第四日內心世界,Say,ジェイ･ダイ,59,だがこの考えは、あくまでも俺の希望でしかない。,
c93dee5141b63d08d3d8b0514cdfd4fb.bundle,第四日內心世界,Say,ジェイ･ダイ,60,……,
c93dee5141b63d08d3d8b0514cdfd4fb.bundle,第四日內心世界,Say,ジェイ･ダイ,61,結局……,
c93dee5141b63d08d3d8b0514cdfd4fb.bundle,第四日內心世界,Say,ジェイ･ダイ,62,俺らがここでどう考えようと、スイ･ニンたちに頼るしかないんだ。,
c93dee5141b63d08d3d8b0514cdfd4fb.bundle,第四日內心世界,Say,ジェイ･ダイ,63,他人に命を預け、運を頼りに生きていくしかない……,
c93dee5141b63d08d3d8b0514cdfd4fb.bundle,第四日內心世界,Say,ジェイ･ダイ,64,俺にはまだ……,
c93dee5141b63d08d3d8b0514cdfd4fb.bundle,第四日內心世界,Say,ジェイ･ダイ,65,自身の人生を自分で決める力はない。,
c93dee5141b63d08d3d8b0514cdfd4fb.bundle,到樓下,Say,リュウセイ･チョウ,0,……,
c93dee5141b63d08d3d8b0514cdfd4fb.bundle,到樓下,Say,リュウセイ･チョウ,1,……,
c93dee5141b63d08d3d8b0514cdfd4fb.bundle,到樓下,Say,リュウセイ･チョウ,2,ジェイの兄貴は、スイ姉についてどう思ってるっすか？,
c93dee5141b63d08d3d8b0514cdfd4fb.bundle,到樓下,Say,心の声,0,マイペースな人……,
c93dee5141b63d08d3d8b0514cdfd4fb.bundle,到樓下,Branch,#Simple,0,何かを成し遂げようとしている人。,
c93dee5141b63d08d3d8b0514cdfd4fb.bundle,到樓下,Say,リュウセイ･チョウ,3,……,
c93dee5141b63d08d3d8b0514cdfd4fb.bundle,到樓下,Say,リュウセイ･チョウ,4,確かにそうっすね。,
c93dee5141b63d08d3d8b0514cdfd4fb.bundle,到樓下,Branch,#Simple,1,頑固な人。,
c93dee5141b63d08d3d8b0514cdfd4fb.bundle,到樓下,Say,リュウセイ･チョウ,5,ハハ、やはりそう思っちゃうっすよね！,
c93dee5141b63d08d3d8b0514cdfd4fb.bundle,到樓下,Branch,#Simple,2,自分の正義を求め続けている人。,
c93dee5141b63d08d3d8b0514cdfd4fb.bundle,到樓下,Say,リュウセイ･チョウ,6,……,
c93dee5141b63d08d3d8b0514cdfd4fb.bundle,到樓下,Say,リュウセイ･チョウ,7,正義……,
c93dee5141b63d08d3d8b0514cdfd4fb.bundle,到樓下,Branch,#Simple,3,マイペースな人。,
c93dee5141b63d08d3d8b0514cdfd4fb.bundle,到樓下,Say,リュウセイ･チョウ,8,ハハ、確かに……,
c93dee5141b63d08d3d8b0514cdfd4fb.bundle,到樓下,Say,リュウセイ･チョウ,9,皆、そう言うっす。,
c93dee5141b63d08d3d8b0514cdfd4fb.bundle,到樓下,Say,リュウセイ･チョウ,10,……,
c93dee5141b63d08d3d8b0514cdfd4fb.bundle,到樓下,Say,リュウセイ･チョウ,11,僕は、ずっとスイ姉をヒーローだと思ってたっす。,
c93dee5141b63d08d3d8b0514cdfd4fb.bundle,到樓下,Say,リュウセイ･チョウ,12,でも、それは間違いなんじゃないかって思い始めて…,
c93dee5141b63d08d3d8b0514cdfd4fb.bundle,到樓下,Branch,#Simple,4,確かにそれは間違っている。,
c93dee5141b63d08d3d8b0514cdfd4fb.bundle,到樓下,Say,リュウセイ･チョウ,13,……どうしてっすか？,
c93dee5141b63d08d3d8b0514cdfd4fb.bundle,到樓下,Branch,#Simple,5,完璧な人間は存在しない。,
c93dee5141b63d08d3d8b0514cdfd4fb.bundle,到樓下,Branch,#Simple,6,誰かを崇拝すると、物事の本質を見抜けなくなる。,
c93dee5141b63d08d3d8b0514cdfd4fb.bundle,到樓下,Say,リュウセイ･チョウ,14,それは……,
c93dee5141b63d08d3d8b0514cdfd4fb.bundle,到樓下,Say,リュウセイ･チョウ,15,問題はそこじゃないと思うっす……！,
c93dee5141b63d08d3d8b0514cdfd4fb.bundle,到樓下,Say,心の声,1,……,
c93dee5141b63d08d3d8b0514cdfd4fb.bundle,到樓下,Say,リュウセイ･チョウ,16,問題はスイ姉が……,
c93dee5141b63d08d3d8b0514cdfd4fb.bundle,到樓下,Branch,#Simple,7,スイ･ニンはヒーローじゃない。,
c93dee5141b63d08d3d8b0514cdfd4fb.bundle,到樓下,Say,リュウセイ･チョウ,17,……！？,
c93dee5141b63d08d3d8b0514cdfd4fb.bundle,到樓下,Say,リュウセイ･チョウ,18,そう！,
c93dee5141b63d08d3d8b0514cdfd4fb.bundle,到樓下,Say,リュウセイ･チョウ,19,ぼ、僕が言いたいのはそれっすよ！,
c93dee5141b63d08d3d8b0514cdfd4fb.bundle,到樓下,Branch,#Simple,8,どういうことだ？,
c93dee5141b63d08d3d8b0514cdfd4fb.bundle,到樓下,Branch,#Simple,9,……,
c93dee5141b63d08d3d8b0514cdfd4fb.bundle,到樓下,Say,リュウセイ･チョウ,20,スイ姉は、僕が期待していたような人ではなかったってことっす……,
c93dee5141b63d08d3d8b0514cdfd4fb.bundle,到樓下,Branch,#Simple,10,それはどういう意味だ？,
c93dee5141b63d08d3d8b0514cdfd4fb.bundle,到樓下,Say,リュウセイ･チョウ,21,それは……,
c93dee5141b63d08d3d8b0514cdfd4fb.bundle,到樓下,Say,リュウセイ･チョウ,22,言葉の通りの意味っすよ……,
c93dee5141b63d08d3d8b0514cdfd4fb.bundle,到樓下,Branch,#Simple,11,彼女をどんな人だと思ってたんだ？,
c93dee5141b63d08d3d8b0514cdfd4fb.bundle,到樓下,Say,リュウセイ･チョウ,23,本物のヒーローとか……？,
c93dee5141b63d08d3d8b0514cdfd4fb.bundle,到樓下,Say,リュウセイ･チョウ,24,こ、子どもっぽいってことはわかってるっすよ……,
c93dee5141b63d08d3d8b0514cdfd4fb.bundle,到樓下,Say,リュウセイ･チョウ,25,……,
c93dee5141b63d08d3d8b0514cdfd4fb.bundle,到樓下,Say,リュウセイ･チョウ,26,でも、僕は本当にそう思ってた……,
c93dee5141b63d08d3d8b0514cdfd4fb.bundle,到樓下,Branch,#Simple,12,……,
c93dee5141b63d08d3d8b0514cdfd4fb.bundle,到樓下,Say,リュウセイ･チョウ,27,僕が初めてスイ姉と会った時に、彼女にこう言われたっす……,
c93dee5141b63d08d3d8b0514cdfd4fb.bundle,到樓下,Say,リュウセイ･チョウ,28,努力する者がいなくなれば、この社会は堕落していくだけだ……,
c93dee5141b63d08d3d8b0514cdfd4fb.bundle,到樓下,Say,リュウセイ･チョウ,29,それに気づいた人だけが、行動を起こせる唯一の人間……,
c93dee5141b63d08d3d8b0514cdfd4fb.bundle,到樓下,Say,リュウセイ･チョウ,30,だが、その人たちまでもが努力をやめれば、この社会の滅びは必然だ……,
c93dee5141b63d08d3d8b0514cdfd4fb.bundle,到樓下,Say,リュウセイ･チョウ,31,……,
c93dee5141b63d08d3d8b0514cdfd4fb.bundle,到樓下,Say,リュウセイ･チョウ,32,あの時の僕はスイ姉について行くと決めたっす。,
c93dee5141b63d08d3d8b0514cdfd4fb.bundle,到樓下,Say,リュウセイ･チョウ,33,彼女はずっと、おのれを顧みずに悪と戦ってきた。,
c93dee5141b63d08d3d8b0514cdfd4fb.bundle,到樓下,Say,リュウセイ･チョウ,34,勝利のためには、手段を選ばなかった。,
c93dee5141b63d08d3d8b0514cdfd4fb.bundle,到樓下,Say,リュウセイ･チョウ,35,……,
c93dee5141b63d08d3d8b0514cdfd4fb.bundle,到樓下,Say,リュウセイ･チョウ,36,でも今回は違ったっす……,
c93dee5141b63d08d3d8b0514cdfd4fb.bundle,到樓下,Say,リュウセイ･チョウ,37,スイ姉が、躊躇しているように見えるっす……,
c93dee5141b63d08d3d8b0514cdfd4fb.bundle,到樓下,Branch,#Simple,13,万象を守ろうとしているのか？,
c93dee5141b63d08d3d8b0514cdfd4fb.bundle,到樓下,Say,リュウセイ･チョウ,38,いや、それはありえないっす。,
c93dee5141b63d08d3d8b0514cdfd4fb.bundle,到樓下,Say,リュウセイ･チョウ,39,どちらかというと……,
c93dee5141b63d08d3d8b0514cdfd4fb.bundle,到樓下,Branch,#Simple,14,23号と比べれば、彼女はかなり積極的だと思うが？,
c93dee5141b63d08d3d8b0514cdfd4fb.bundle,到樓下,Say,リュウセイ･チョウ,40,23姉は元々慎重派っす。,
c93dee5141b63d08d3d8b0514cdfd4fb.bundle,到樓下,Say,リュウセイ･チョウ,41,スイ姉とは全く違うタイプっすから。,
c93dee5141b63d08d3d8b0514cdfd4fb.bundle,到樓下,Branch,#Simple,15,……,
c93dee5141b63d08d3d8b0514cdfd4fb.bundle,到樓下,Say,リュウセイ･チョウ,42,今回のスイ姉は以前とは違って、様子見だとか、証拠が足りないとか言うっす……,
c93dee5141b63d08d3d8b0514cdfd4fb.bundle,到樓下,Say,リュウセイ･チョウ,43,セイワ･ゲンを逮捕するのに十分な証拠は揃ってるのに……,
c93dee5141b63d08d3d8b0514cdfd4fb.bundle,到樓下,Say,リュウセイ･チョウ,44,万象が裏で悪事を働いている証拠が、こんなにも揃っているのに何も行動しない……,
c93dee5141b63d08d3d8b0514cdfd4fb.bundle,到樓下,Say,リュウセイ･チョウ,45,それに調査もかなり遠回りで、何かを避けようとしているように見えるっす……,
c93dee5141b63d08d3d8b0514cdfd4fb.bundle,到樓下,Say,リュウセイ･チョウ,46,まるでスイ姉の一番の目的が、万象を止めることじゃないように思えるっす。,
c93dee5141b63d08d3d8b0514cdfd4fb.bundle,到樓下,Say,リュウセイ･チョウ,47,スイ姉の行動……,
c93dee5141b63d08d3d8b0514cdfd4fb.bundle,到樓下,Say,リュウセイ･チョウ,48,かなり保守的だと思わないっすか？,
c93dee5141b63d08d3d8b0514cdfd4fb.bundle,到樓下,Branch,#Simple,16,それについては、スイ･ニンが説明したはずだ。,
c93dee5141b63d08d3d8b0514cdfd4fb.bundle,到樓下,Branch,#Simple,17,そう思わなくもないが、そうする理由も理解できる。,
c93dee5141b63d08d3d8b0514cdfd4fb.bundle,到樓下,Branch,#Simple,18,そうは思わない。,
c93dee5141b63d08d3d8b0514cdfd4fb.bundle,到樓下,Say,リュウセイ･チョウ,49,じゃ、なんでリンさんのホログラムを手に入れた時、すぐに万象を殺人の容疑で訴えないっすか？,
c93dee5141b63d08d3d8b0514cdfd4fb.bundle,到樓下,Branch,#Simple,19,そんなことをしても、セイワ･ゲンしか捕まえられないからだ。,
c93dee5141b63d08d3d8b0514cdfd4fb.bundle,到樓下,Say,リュウセイ･チョウ,50,セイワ･ゲンを捕まえられれば、十分じゃないっすか！,
c93dee5141b63d08d3d8b0514cdfd4fb.bundle,到樓下,Branch,#Simple,20,捕まえたところで、何になる？,
c93dee5141b63d08d3d8b0514cdfd4fb.bundle,到樓下,Say,リュウセイ･チョウ,51,何になるも、捕まえることが目的っすよ！,
c93dee5141b63d08d3d8b0514cdfd4fb.bundle,到樓下,Say,リュウセイ･チョウ,52,あんなやつは一刻も早く豚箱にぶち込むべきっす。,
c93dee5141b63d08d3d8b0514cdfd4fb.bundle,到樓下,Branch,#Simple,21,セイワ･ゲンを逮捕しても、万象にダメージを与えることはできない。,
c93dee5141b63d08d3d8b0514cdfd4fb.bundle,到樓下,Branch,#Simple,22,そして他の悪事の証拠をすべてもみ消し、万象は存続し続ける。,
c93dee5141b63d08d3d8b0514cdfd4fb.bundle,到樓下,Say,リュウセイ･チョウ,53,それは……,
c93dee5141b63d08d3d8b0514cdfd4fb.bundle,到樓下,Branch,#Simple,23,あの時の俺らの目的は、万象を殺人の容疑にかけることではなく、マイナーたちを守ることだった。,
c93dee5141b63d08d3d8b0514cdfd4fb.bundle,到樓下,Branch,#Simple,24,リンが殺されそうになったことだけじゃ、万象の陰謀を止めることはできない。,
c93dee5141b63d08d3d8b0514cdfd4fb.bundle,到樓下,Branch,#Simple,25,……,
c93dee5141b63d08d3d8b0514cdfd4fb.bundle,到樓下,Say,リュウセイ･チョウ,54,それは、僕だってわかってるけど……,
c93dee5141b63d08d3d8b0514cdfd4fb.bundle,到樓下,Say,リュウセイ･チョウ,55,……,
c93dee5141b63d08d3d8b0514cdfd4fb.bundle,到樓下,Branch,#Simple,26,なら何が納得できない？,
c93dee5141b63d08d3d8b0514cdfd4fb.bundle,到樓下,Branch,#Simple,27,なら、何が不満なんだ？,
c93dee5141b63d08d3d8b0514cdfd4fb.bundle,到樓下,Branch,#Simple,28,……,
c93dee5141b63d08d3d8b0514cdfd4fb.bundle,到樓下,Say,リュウセイ･チョウ,56,……じゃ、今日のことは？,
c93dee5141b63d08d3d8b0514cdfd4fb.bundle,到樓下,Branch,#Simple,29,今日のこと？,
c93dee5141b63d08d3d8b0514cdfd4fb.bundle,到樓下,Branch,#Simple,30,子どもたちのことか？,
c93dee5141b63d08d3d8b0514cdfd4fb.bundle,到樓下,Say,リュウセイ･チョウ,57,そうっすよ！,
c93dee5141b63d08d3d8b0514cdfd4fb.bundle,到樓下,Branch,#Simple,31,……,
c93dee5141b63d08d3d8b0514cdfd4fb.bundle,到樓下,Say,リュウセイ･チョウ,58,今日のことは万象が人身売買をしていた証拠っすよ！,
c93dee5141b63d08d3d8b0514cdfd4fb.bundle,到樓下,Say,リュウセイ･チョウ,59,なのに子どもを助けるだけで、この件を告発しないのはなぜっすか？,
c93dee5141b63d08d3d8b0514cdfd4fb.bundle,到樓下,Say,リュウセイ･チョウ,60,子どもなんて助けたら、彼らの悪事を知る者が存在するって言ってるようなものっすよ？,
c93dee5141b63d08d3d8b0514cdfd4fb.bundle,到樓下,Say,リュウセイ･チョウ,61,前は万象に調査のことを知られたくないって言ってたのに、矛盾してるっすよね？,
c93dee5141b63d08d3d8b0514cdfd4fb.bundle,到樓下,Branch,#Simple,32,子どもたちが危険な目に遭うことは明白だからだ。,
c93dee5141b63d08d3d8b0514cdfd4fb.bundle,到樓下,Say,リュウセイ･チョウ,62,明白だから……？,
c93dee5141b63d08d3d8b0514cdfd4fb.bundle,到樓下,Branch,#Simple,33,あの子どもたちは、まだ助けられるからだ。,
c93dee5141b63d08d3d8b0514cdfd4fb.bundle,到樓下,Say,リュウセイ･チョウ,63,……まだ助けられる？,
c93dee5141b63d08d3d8b0514cdfd4fb.bundle,到樓下,Say,リュウセイ･チョウ,64,じゃ、セラーのマイナーたちは？,
c93dee5141b63d08d3d8b0514cdfd4fb.bundle,到樓下,Say,リュウセイ･チョウ,65,彼らだって助けられるっすよね？スイ姉のせいで、彼らは未だに苦しんでいるっすよ！,
c93dee5141b63d08d3d8b0514cdfd4fb.bundle,到樓下,Branch,#Simple,34,あの時は、演算力の過負荷供給が本当かどうかを定かではなかったからだ。,
c93dee5141b63d08d3d8b0514cdfd4fb.bundle,到樓下,Say,リュウセイ･チョウ,66,そ、それはそうっすけど……,
c93dee5141b63d08d3d8b0514cdfd4fb.bundle,到樓下,Branch,#Simple,35,そして今回の子どもたちは危険が差し迫っていることが確定していた。,
c93dee5141b63d08d3d8b0514cdfd4fb.bundle,到樓下,Branch,#Simple,36,不確定の状態で行動するわけにもいかないだろう？,
c93dee5141b63d08d3d8b0514cdfd4fb.bundle,到樓下,Branch,#Simple,37,……,
c93dee5141b63d08d3d8b0514cdfd4fb.bundle,到樓下,Say,リュウセイ･チョウ,67,はい……,
c93dee5141b63d08d3d8b0514cdfd4fb.bundle,到樓下,Branch,#Simple,38,セラーの件は何年も前から続いていることだ。今回の件と比べれば緊急性はない。,
c93dee5141b63d08d3d8b0514cdfd4fb.bundle,到樓下,Say,リュウセイ･チョウ,68,緊急性はない？それ酷くないっすか？,
c93dee5141b63d08d3d8b0514cdfd4fb.bundle,到樓下,Branch,#Simple,39,子どもたちの人身売買を見逃す方が酷いと思わないか？,
c93dee5141b63d08d3d8b0514cdfd4fb.bundle,到樓下,Say,リュウセイ･チョウ,69,……,
c93dee5141b63d08d3d8b0514cdfd4fb.bundle,到樓下,Branch,#Simple,40,「比べれば」と言っただけで、重要じゃないとは言っていない。,
c93dee5141b63d08d3d8b0514cdfd4fb.bundle,到樓下,Say,リュウセイ･チョウ,70,……,
c93dee5141b63d08d3d8b0514cdfd4fb.bundle,到樓下,Say,リュウセイ･チョウ,71,……,
c93dee5141b63d08d3d8b0514cdfd4fb.bundle,到樓下,Branch,#Simple,41,スイ･ニンもいろんな制限を受けている。,
c93dee5141b63d08d3d8b0514cdfd4fb.bundle,到樓下,Branch,#Simple,42,あんたが望むやり方をしなかっただけで、彼女が保守的になったわけじゃない。,
c93dee5141b63d08d3d8b0514cdfd4fb.bundle,到樓下,Branch,#Simple,43,……,
c93dee5141b63d08d3d8b0514cdfd4fb.bundle,到樓下,Say,リュウセイ･チョウ,72,……,
c93dee5141b63d08d3d8b0514cdfd4fb.bundle,到樓下,Say,リュウセイ･チョウ,73,兄貴の言いたいことはわかるっす。,
c93dee5141b63d08d3d8b0514cdfd4fb.bundle,到樓下,Say,リュウセイ･チョウ,74,でも……,
c93dee5141b63d08d3d8b0514cdfd4fb.bundle,到樓下,Branch,#Simple,44,俺も彼女のやり方は保守的だと思う。,
c93dee5141b63d08d3d8b0514cdfd4fb.bundle,到樓下,Say,リュウセイ･チョウ,75,そうっすよね！,
c93dee5141b63d08d3d8b0514cdfd4fb.bundle,到樓下,Say,リュウセイ･チョウ,76,どうであれ、僕は万象と交渉するなんて納得できないっす。,
c93dee5141b63d08d3d8b0514cdfd4fb.bundle,到樓下,Say,リュウセイ･チョウ,77,あんなクズを見逃すなんて……,
c93dee5141b63d08d3d8b0514cdfd4fb.bundle,到樓下,Say,リュウセイ･チョウ,78,……,
c93dee5141b63d08d3d8b0514cdfd4fb.bundle,到樓下,Say,リュウセイ･チョウ,79,……まさかジェイの兄貴も万象との交渉に賛成っすか？,
c93dee5141b63d08d3d8b0514cdfd4fb.bundle,到樓下,Branch,#Simple,45,悪いが、俺も彼女の計画に賛成だ。,
c93dee5141b63d08d3d8b0514cdfd4fb.bundle,到樓下,Branch,#Simple,46,それ以外に方法はない。,
c93dee5141b63d08d3d8b0514cdfd4fb.bundle,到樓下,Say,リュウセイ･チョウ,80,ジェイの兄貴まで……,
c93dee5141b63d08d3d8b0514cdfd4fb.bundle,到樓下,Say,リュウセイ･チョウ,81,さっきはスイ姉のことを保守的だって言ってくれたのに……,
c93dee5141b63d08d3d8b0514cdfd4fb.bundle,到樓下,Branch,#Simple,47,確かに保守的だが、万象との交渉は仕方のないことだ。,
c93dee5141b63d08d3d8b0514cdfd4fb.bundle,到樓下,Branch,#Simple,48,保守的と言っただけで、彼女が間違っているとは言っていない。,
c93dee5141b63d08d3d8b0514cdfd4fb.bundle,到樓下,Say,リュウセイ･チョウ,82,……,
c93dee5141b63d08d3d8b0514cdfd4fb.bundle,到樓下,Say,リュウセイ･チョウ,83,どういうことっすか……？,
c93dee5141b63d08d3d8b0514cdfd4fb.bundle,到樓下,Branch,#Simple,49,被害者のためを考えるなら、こうするしか方法はない。,
c93dee5141b63d08d3d8b0514cdfd4fb.bundle,到樓下,Branch,#Simple,50,完璧な解決法ではないが、最も成功率が高い方法ではある。,
c93dee5141b63d08d3d8b0514cdfd4fb.bundle,到樓下,Branch,#Simple,51,俺とリンの安全を保証するにはその方法しかない。,
c93dee5141b63d08d3d8b0514cdfd4fb.bundle,到樓下,Say,リュウセイ･チョウ,84,そんな……,
c93dee5141b63d08d3d8b0514cdfd4fb.bundle,到樓下,Say,リュウセイ･チョウ,85,じゃ、リンさんが殺されそうになったことは？何も追及しないっすか？,
c93dee5141b63d08d3d8b0514cdfd4fb.bundle,到樓下,Say,リュウセイ･チョウ,86,セイワ･ゲンとホワイトリザードは平然と今まで通りの生活を送るっすよ？,
c93dee5141b63d08d3d8b0514cdfd4fb.bundle,到樓下,Branch,#Simple,52,俺はただリンを守りたいだけだ。,
c93dee5141b63d08d3d8b0514cdfd4fb.bundle,到樓下,Branch,#Simple,53,俺たちが元の生活を取り戻せるなら、追及しない。,
c93dee5141b63d08d3d8b0514cdfd4fb.bundle,到樓下,Say,リュウセイ･チョウ,87,そんな……,
c93dee5141b63d08d3d8b0514cdfd4fb.bundle,到樓下,Branch,#Simple,54,俺だって、彼らにしかるべき代償を払わせたい。,
c93dee5141b63d08d3d8b0514cdfd4fb.bundle,到樓下,Say,リュウセイ･チョウ,88,じゃ、なんで！？,
c93dee5141b63d08d3d8b0514cdfd4fb.bundle,到樓下,Branch,#Simple,55,俺の私怨より、被害者の命の方が重要だからだ。,
c93dee5141b63d08d3d8b0514cdfd4fb.bundle,到樓下,Say,リュウセイ･チョウ,89,私怨……,
c93dee5141b63d08d3d8b0514cdfd4fb.bundle,到樓下,Branch,#Simple,56,復讐するより、自分の人生を取り戻すことの方が大事だからだ。,
c93dee5141b63d08d3d8b0514cdfd4fb.bundle,到樓下,Branch,#Simple,57,……,
c93dee5141b63d08d3d8b0514cdfd4fb.bundle,到樓下,Say,リュウセイ･チョウ,90,……,
c93dee5141b63d08d3d8b0514cdfd4fb.bundle,到樓下,Say,リュウセイ･チョウ,91,でも……,
c93dee5141b63d08d3d8b0514cdfd4fb.bundle,到樓下,Branch,#Simple,58,俺も納得していない。,
c93dee5141b63d08d3d8b0514cdfd4fb.bundle,到樓下,Say,リュウセイ･チョウ,92,やっぱりそうっすよね！,
c93dee5141b63d08d3d8b0514cdfd4fb.bundle,到樓下,Branch,#Simple,59,正直に言うと、どちらでもいいと思っている。,
c93dee5141b63d08d3d8b0514cdfd4fb.bundle,到樓下,Say,リュウセイ･チョウ,93,……,
c93dee5141b63d08d3d8b0514cdfd4fb.bundle,到樓下,Say,リュウセイ･チョウ,94,でも兄貴は黙認してたっすよね……？,
c93dee5141b63d08d3d8b0514cdfd4fb.bundle,到樓下,Say,リュウセイ･チョウ,95,本当に反対してるなら、あの場で声を上げてたはずっす……,
c93dee5141b63d08d3d8b0514cdfd4fb.bundle,到樓下,Branch,#Simple,60,確かにそうだな。,
c93dee5141b63d08d3d8b0514cdfd4fb.bundle,到樓下,Branch,#Simple,61,いや、実のところ俺も彼女に計画に反対なんだ。,
c93dee5141b63d08d3d8b0514cdfd4fb.bundle,到樓下,Branch,#Simple,62,さっきは彼女に反論する隙がなかっただけだ。,
c93dee5141b63d08d3d8b0514cdfd4fb.bundle,到樓下,Say,リュウセイ･チョウ,96,そうだったんすね！,
c93dee5141b63d08d3d8b0514cdfd4fb.bundle,到樓下,Say,リュウセイ･チョウ,97,じゃ、僕たちは仲間っすね！,
c93dee5141b63d08d3d8b0514cdfd4fb.bundle,到樓下,Branch,#Simple,63,……,
c93dee5141b63d08d3d8b0514cdfd4fb.bundle,到樓下,Say,リュウセイ･チョウ,98,……,
c93dee5141b63d08d3d8b0514cdfd4fb.bundle,到樓下,Say,リュウセイ･チョウ,99,正直に言うと、これは信念な問題だと思うっす。,
c93dee5141b63d08d3d8b0514cdfd4fb.bundle,到樓下,Say,リュウセイ･チョウ,100,僕は今までずっと正しさや正義を追求してきた……,
c93dee5141b63d08d3d8b0514cdfd4fb.bundle,到樓下,Say,リュウセイ･チョウ,101,これについては、スイ姉も僕と同じだと思うっす。,
c93dee5141b63d08d3d8b0514cdfd4fb.bundle,到樓下,Say,リュウセイ･チョウ,102,彼女は綺麗事を並べたり、ルールに従ってさえいれば、正義を貫けるわけではないことをよく知っているっす。,
c93dee5141b63d08d3d8b0514cdfd4fb.bundle,到樓下,Say,リュウセイ･チョウ,103,時には手を汚し、犠牲をいとわないことも必要……,
c93dee5141b63d08d3d8b0514cdfd4fb.bundle,到樓下,Say,リュウセイ･チョウ,104,そうっすよね？,
c93dee5141b63d08d3d8b0514cdfd4fb.bundle,到樓下,Branch,#Simple,64,だから人体実験に使われている人たちが犠牲になるのは仕方がないってことか？,
c93dee5141b63d08d3d8b0514cdfd4fb.bundle,到樓下,Say,リュウセイ･チョウ,105,……,
c93dee5141b63d08d3d8b0514cdfd4fb.bundle,到樓下,Say,リュウセイ･チョウ,106,そうっす。,
c93dee5141b63d08d3d8b0514cdfd4fb.bundle,到樓下,Branch,#Simple,65,俺たちにそれを選ぶ権利があるのか？,
c93dee5141b63d08d3d8b0514cdfd4fb.bundle,到樓下,Say,リュウセイ･チョウ,107,むしろ僕たちにしか選べないっす。,
c93dee5141b63d08d3d8b0514cdfd4fb.bundle,到樓下,Say,リュウセイ･チョウ,108,この事件を解決できるのは僕たちだけっす。だから僕たちが決めるしかないっすよ。,
c93dee5141b63d08d3d8b0514cdfd4fb.bundle,到樓下,Say,リュウセイ･チョウ,109,これは権利とかの問題じゃないっす。,
c93dee5141b63d08d3d8b0514cdfd4fb.bundle,到樓下,Branch,#Simple,66,それはあまりに非情じゃないか。,
c93dee5141b63d08d3d8b0514cdfd4fb.bundle,到樓下,Say,リュウセイ･チョウ,110,……,
c93dee5141b63d08d3d8b0514cdfd4fb.bundle,到樓下,Say,リュウセイ･チョウ,111,はい。,
c93dee5141b63d08d3d8b0514cdfd4fb.bundle,到樓下,Say,リュウセイ･チョウ,112,でも、これは必要なことっす。,
c93dee5141b63d08d3d8b0514cdfd4fb.bundle,到樓下,Branch,#Simple,67,……,
c93dee5141b63d08d3d8b0514cdfd4fb.bundle,到樓下,Branch,#Simple,68,結局正義とは何なんだ？,
c93dee5141b63d08d3d8b0514cdfd4fb.bundle,到樓下,Branch,#Simple,69,理解はできる。,
c93dee5141b63d08d3d8b0514cdfd4fb.bundle,到樓下,Say,リュウセイ･チョウ,113,でも、ジェイの兄貴はスイ姉の計画に賛成っすよね？,
c93dee5141b63d08d3d8b0514cdfd4fb.bundle,到樓下,Say,リュウセイ･チョウ,114,……,
c93dee5141b63d08d3d8b0514cdfd4fb.bundle,到樓下,Say,リュウセイ･チョウ,115,嬉しいっす。,
c93dee5141b63d08d3d8b0514cdfd4fb.bundle,到樓下,Say,リュウセイ･チョウ,116,兄貴ならきっと理解してくれると思ってたっす……,
c93dee5141b63d08d3d8b0514cdfd4fb.bundle,到樓下,Say,リュウセイ･チョウ,117,……,
c93dee5141b63d08d3d8b0514cdfd4fb.bundle,到樓下,Say,リュウセイ･チョウ,118,僕にとっての正義は……,
c93dee5141b63d08d3d8b0514cdfd4fb.bundle,到樓下,Say,リュウセイ･チョウ,119,すべての悪人にしかるべき罰を下すことっす。,
c93dee5141b63d08d3d8b0514cdfd4fb.bundle,到樓下,Say,リュウセイ･チョウ,120,すべての悪の源は悪人が存在していることっす。だから彼らを排除することが最も重要っす。,
c93dee5141b63d08d3d8b0514cdfd4fb.bundle,到樓下,Say,リュウセイ･チョウ,121,そう考えるのは間違ってるっすか？,
c93dee5141b63d08d3d8b0514cdfd4fb.bundle,到樓下,Branch,#Simple,70,間違ってない。それに俺もその考えには賛成だ。,
c93dee5141b63d08d3d8b0514cdfd4fb.bundle,到樓下,Say,リュウセイ･チョウ,122,めちゃくちゃ嬉しいっす！,
c93dee5141b63d08d3d8b0514cdfd4fb.bundle,到樓下,Branch,#Simple,71,間違ってはいないが、この世界はそんなに単純じゃない。,
c93dee5141b63d08d3d8b0514cdfd4fb.bundle,到樓下,Branch,#Simple,72,悪いが、俺はそう思わない。,
c93dee5141b63d08d3d8b0514cdfd4fb.bundle,到樓下,Say,リュウセイ･チョウ,123,……,
c93dee5141b63d08d3d8b0514cdfd4fb.bundle,到樓下,Say,リュウセイ･チョウ,124,じゃ、兄貴にとっての正義って？,
c93dee5141b63d08d3d8b0514cdfd4fb.bundle,到樓下,Branch,#Simple,73,すべての人が公平に扱われることだ。,
c93dee5141b63d08d3d8b0514cdfd4fb.bundle,到樓下,Say,リュウセイ･チョウ,125,公平に扱われる……？,
c93dee5141b63d08d3d8b0514cdfd4fb.bundle,到樓下,Say,リュウセイ･チョウ,126,どういう意味っすか？,
c93dee5141b63d08d3d8b0514cdfd4fb.bundle,到樓下,Branch,#Simple,74,加害者を罰するより、被害者を守ることの方が重要ということだ。,
c93dee5141b63d08d3d8b0514cdfd4fb.bundle,到樓下,Branch,#Simple,75,復讐は重要ではないってことだ。,
c93dee5141b63d08d3d8b0514cdfd4fb.bundle,到樓下,Say,リュウセイ･チョウ,127,でも被害者を守る一番の方法は、加害者を根絶やしにすることっすよね？,
c93dee5141b63d08d3d8b0514cdfd4fb.bundle,到樓下,Say,リュウセイ･チョウ,128,まさか、加害者に罰を与えることすらしないつもりっすか？,
c93dee5141b63d08d3d8b0514cdfd4fb.bundle,到樓下,Branch,#Simple,76,被害者がこれ以上被害に遭わないのであれば、それでもいいと思っている。,
c93dee5141b63d08d3d8b0514cdfd4fb.bundle,到樓下,Branch,#Simple,77,俺が言いたいのは、加害者を罰することが一番重要なことではないってことだ。,
c93dee5141b63d08d3d8b0514cdfd4fb.bundle,到樓下,Branch,#Simple,78,なら、加害者を排除するために被害者にさらなる被害が及ぶ場合は？,
c93dee5141b63d08d3d8b0514cdfd4fb.bundle,到樓下,Say,リュウセイ･チョウ,129,……,
c93dee5141b63d08d3d8b0514cdfd4fb.bundle,到樓下,Branch,#Simple,79,まさに今の状況と同じだ。,
c93dee5141b63d08d3d8b0514cdfd4fb.bundle,到樓下,Say,リュウセイ･チョウ,130,……,
c93dee5141b63d08d3d8b0514cdfd4fb.bundle,到樓下,Branch,#Simple,80,あんたは人体実験されている人たちを犠牲にしようとしている。,
c93dee5141b63d08d3d8b0514cdfd4fb.bundle,到樓下,Branch,#Simple,81,……,
c93dee5141b63d08d3d8b0514cdfd4fb.bundle,到樓下,Branch,#Simple,82,……,
c93dee5141b63d08d3d8b0514cdfd4fb.bundle,到樓下,Say,リュウセイ･チョウ,131,……,
c93dee5141b63d08d3d8b0514cdfd4fb.bundle,到樓下,Branch,#Simple,83,この世界によりプラスの影響を与えることこそが正義だ。,
c93dee5141b63d08d3d8b0514cdfd4fb.bundle,到樓下,Say,リュウセイ･チョウ,132,万象みたいなクズ企業に代償を払わせることが、一番プラスじゃないっすか？,
c93dee5141b63d08d3d8b0514cdfd4fb.bundle,到樓下,Branch,#Simple,84,それは同時に、大きくマイナスの影響も受けることになる。,
c93dee5141b63d08d3d8b0514cdfd4fb.bundle,到樓下,Branch,#Simple,85,あんたはプラスの影響しか見ていない。,
c93dee5141b63d08d3d8b0514cdfd4fb.bundle,到樓下,Branch,#Simple,86,あんたにとってはプラスなだけで、社会にとってはそうじゃない可能性もあるだろ。,
c93dee5141b63d08d3d8b0514cdfd4fb.bundle,到樓下,Say,リュウセイ･チョウ,133,……,
c93dee5141b63d08d3d8b0514cdfd4fb.bundle,到樓下,Say,リュウセイ･チョウ,134,……殺される人たちのことを言ってるっすか。,
c93dee5141b63d08d3d8b0514cdfd4fb.bundle,到樓下,Branch,#Simple,87,そうだ。,
c93dee5141b63d08d3d8b0514cdfd4fb.bundle,到樓下,Branch,#Simple,88,それは理解しているんだな。,
c93dee5141b63d08d3d8b0514cdfd4fb.bundle,到樓下,Say,リュウセイ･チョウ,135,……,
c93dee5141b63d08d3d8b0514cdfd4fb.bundle,到樓下,Say,リュウセイ･チョウ,136,でも万象を潰せば、社会全体にプラスの影響をもたらせる。,
c93dee5141b63d08d3d8b0514cdfd4fb.bundle,到樓下,Say,リュウセイ･チョウ,137,たった数人を犠牲にするだけで……,
c93dee5141b63d08d3d8b0514cdfd4fb.bundle,到樓下,Branch,#Simple,89,万象を潰すことが、本当にプラスになるか誰にもわからない。,
c93dee5141b63d08d3d8b0514cdfd4fb.bundle,到樓下,Say,リュウセイ･チョウ,138,あんなに酷いことをしている企業なのに……？,
c93dee5141b63d08d3d8b0514cdfd4fb.bundle,到樓下,Branch,#Simple,90,万象の職員たちはどうなる？,
c93dee5141b63d08d3d8b0514cdfd4fb.bundle,到樓下,Say,リュウセイ･チョウ,139,選別組の皆は……,
c93dee5141b63d08d3d8b0514cdfd4fb.bundle,到樓下,Branch,#Simple,91,問題は、この社会が万象無しでは成り立たないことだ。,
c93dee5141b63d08d3d8b0514cdfd4fb.bundle,到樓下,Say,リュウセイ･チョウ,140,もし万象が潰れれば、多くの社会機能が止まる……,
c93dee5141b63d08d3d8b0514cdfd4fb.bundle,到樓下,Branch,#Simple,92,万象が潰れても、他の企業が引き続き、悪事を働くだけだ。,
c93dee5141b63d08d3d8b0514cdfd4fb.bundle,到樓下,Say,リュウセイ･チョウ,141,……サンライズのように。,
c93dee5141b63d08d3d8b0514cdfd4fb.bundle,到樓下,Say,リュウセイ･チョウ,142,……,
c93dee5141b63d08d3d8b0514cdfd4fb.bundle,到樓下,Say,リュウセイ･チョウ,143,言いたいことはなんとなくわかったっす……,
c93dee5141b63d08d3d8b0514cdfd4fb.bundle,到樓下,Say,リュウセイ･チョウ,144,……,
c93dee5141b63d08d3d8b0514cdfd4fb.bundle,到樓下,Say,リュウセイ･チョウ,145,それでも……！,
c93dee5141b63d08d3d8b0514cdfd4fb.bundle,到樓下,Branch,#Simple,93,だからと言って、罪のない人間を苦しめるべきじゃない。,
c93dee5141b63d08d3d8b0514cdfd4fb.bundle,到樓下,Say,リュウセイ･チョウ,146,苦しめる……？,
c93dee5141b63d08d3d8b0514cdfd4fb.bundle,到樓下,Branch,#Simple,94,例えば一人を殺すことで、三人を幸せにするとかだ。,
c93dee5141b63d08d3d8b0514cdfd4fb.bundle,到樓下,Say,リュウセイ･チョウ,147,べ、別に人を殺すつもりはないっすよ……！？,
c93dee5141b63d08d3d8b0514cdfd4fb.bundle,到樓下,Branch,#Simple,95,あんたが殺していなくても、あんたの選択でたくさんの人が死ぬ。,
c93dee5141b63d08d3d8b0514cdfd4fb.bundle,到樓下,Branch,#Simple,96,人を殺すことだけが、苦しめることじゃない。,
c93dee5141b63d08d3d8b0514cdfd4fb.bundle,到樓下,Say,リュウセイ･チョウ,148,僕は……,
c93dee5141b63d08d3d8b0514cdfd4fb.bundle,到樓下,Branch,#Simple,97,誰かを犠牲にするのは構わないが、それにも限度がある。,
c93dee5141b63d08d3d8b0514cdfd4fb.bundle,到樓下,Say,リュウセイ･チョウ,149,じゃ、その限度は誰が決めるっすか……？,
c93dee5141b63d08d3d8b0514cdfd4fb.bundle,到樓下,Branch,#Simple,98,すべての人に決める権利がある。そして決めたのなら、その限度を貫くべきだ。,
c93dee5141b63d08d3d8b0514cdfd4fb.bundle,到樓下,Branch,#Simple,99,俺やあんたではない。,
c93dee5141b63d08d3d8b0514cdfd4fb.bundle,到樓下,Branch,#Simple,100,最大多数を幸せにするという建前があれば、何をやってもいいというわけではない。,
c93dee5141b63d08d3d8b0514cdfd4fb.bundle,到樓下,Say,リュウセイ･チョウ,150,それはわかってるっすけど……,
c93dee5141b63d08d3d8b0514cdfd4fb.bundle,到樓下,Say,リュウセイ･チョウ,151,……,
c93dee5141b63d08d3d8b0514cdfd4fb.bundle,到樓下,Say,リュウセイ･チョウ,152,言いたいことはなんとなくわかったっす……,
c93dee5141b63d08d3d8b0514cdfd4fb.bundle,到樓下,Say,リュウセイ･チョウ,153,……,
c93dee5141b63d08d3d8b0514cdfd4fb.bundle,到樓下,Say,リュウセイ･チョウ,154,それでも……,
c93dee5141b63d08d3d8b0514cdfd4fb.bundle,到樓下,Branch,#Simple,101,正義とは主流となっている意見だ。,
c93dee5141b63d08d3d8b0514cdfd4fb.bundle,到樓下,Say,リュウセイ･チョウ,155,じゃ、万象のようなクズ企業を倒すことには……,
c93dee5141b63d08d3d8b0514cdfd4fb.bundle,到樓下,Say,リュウセイ･チョウ,156,誰もが賛成すると思うっす。,
c93dee5141b63d08d3d8b0514cdfd4fb.bundle,到樓下,Say,リュウセイ･チョウ,157,それに大衆は、悪事を働いたやつらに代償を払わせるのを望んでいるっすよ。,
c93dee5141b63d08d3d8b0514cdfd4fb.bundle,到樓下,Say,リュウセイ･チョウ,158,違いますか？,
c93dee5141b63d08d3d8b0514cdfd4fb.bundle,到樓下,Branch,#Simple,102,でも大衆は、被害者を犠牲にすべきではないと思うはずだ。,
c93dee5141b63d08d3d8b0514cdfd4fb.bundle,到樓下,Say,リュウセイ･チョウ,159,それは……,
c93dee5141b63d08d3d8b0514cdfd4fb.bundle,到樓下,Branch,#Simple,103,リュウセイ、あんたの意見は主流の意見じゃない。,
c93dee5141b63d08d3d8b0514cdfd4fb.bundle,到樓下,Say,リュウセイ･チョウ,160,そんなのわかってるっす……！,
c93dee5141b63d08d3d8b0514cdfd4fb.bundle,到樓下,Branch,#Simple,104,その被害者を助ける方法がまだ残ってるだろう？,
c93dee5141b63d08d3d8b0514cdfd4fb.bundle,到樓下,Say,リュウセイ･チョウ,161,そうだけど……,
c93dee5141b63d08d3d8b0514cdfd4fb.bundle,到樓下,Branch,#Simple,105,……,
c93dee5141b63d08d3d8b0514cdfd4fb.bundle,到樓下,Branch,#Simple,106,大衆にとっての一番の解決策は、本当に万象の悪事を公にすることなのか？,
c93dee5141b63d08d3d8b0514cdfd4fb.bundle,到樓下,Say,リュウセイ･チョウ,162,……当然そうっすよ！,
c93dee5141b63d08d3d8b0514cdfd4fb.bundle,到樓下,Branch,#Simple,107,もしかしたら大衆にとっては、万象が提供するサービスの方が重要かもしれない。,
c93dee5141b63d08d3d8b0514cdfd4fb.bundle,到樓下,Say,リュウセイ･チョウ,163,サービスを得るために万象の悪事に目をつむるてことっすか……！？,
c93dee5141b63d08d3d8b0514cdfd4fb.bundle,到樓下,Branch,#Simple,108,大衆は、「ゴミ溜め」の不法移民を助けるべきではないと思うかもしれない。,
c93dee5141b63d08d3d8b0514cdfd4fb.bundle,到樓下,Say,リュウセイ･チョウ,164,それはあまりじゃ……,
c93dee5141b63d08d3d8b0514cdfd4fb.bundle,到樓下,Branch,#Simple,109,かもしれないと言っただけだ。,
c93dee5141b63d08d3d8b0514cdfd4fb.bundle,到樓下,Branch,#Simple,110,……,
c93dee5141b63d08d3d8b0514cdfd4fb.bundle,到樓下,Say,リュウセイ･チョウ,165,……,
c93dee5141b63d08d3d8b0514cdfd4fb.bundle,到樓下,Branch,#Simple,111,問題は、大衆の考えを知ることは不可能ってことだ。,
c93dee5141b63d08d3d8b0514cdfd4fb.bundle,到樓下,Branch,#Simple,112,……,
c93dee5141b63d08d3d8b0514cdfd4fb.bundle,到樓下,Say,リュウセイ･チョウ,166,でもそんなことを言ったら……,
c93dee5141b63d08d3d8b0514cdfd4fb.bundle,到樓下,Say,リュウセイ･チョウ,167,誰なら主流の意見がわかるっすか？それに、その主流の意見が正しいって誰が保証を？,
c93dee5141b63d08d3d8b0514cdfd4fb.bundle,到樓下,Branch,#Simple,113,主流の意見が必ずしも正しいわけではないが、絶対的な力を持っている。,
c93dee5141b63d08d3d8b0514cdfd4fb.bundle,到樓下,Say,リュウセイ･チョウ,168,そんな正しいかどうかすらも、わからないものを……,
c93dee5141b63d08d3d8b0514cdfd4fb.bundle,到樓下,Branch,#Simple,114,団体のリーダーとか。,
c93dee5141b63d08d3d8b0514cdfd4fb.bundle,到樓下,Say,リュウセイ･チョウ,169,団体のリーダーだって、社会を代表することなんてできないっすよ。,
c93dee5141b63d08d3d8b0514cdfd4fb.bundle,到樓下,Say,リュウセイ･チョウ,170,それにそういう人たちに、一般人の考えなんてわかるはずないっすよ……,
c93dee5141b63d08d3d8b0514cdfd4fb.bundle,到樓下,Say,リュウセイ･チョウ,171,僕には……,
c93dee5141b63d08d3d8b0514cdfd4fb.bundle,到樓下,Say,リュウセイ･チョウ,172,主流の意見こそが正義とは思えないっす……,
c93dee5141b63d08d3d8b0514cdfd4fb.bundle,到樓下,Branch,#Simple,115,さあな、俺には答えられない。,
c93dee5141b63d08d3d8b0514cdfd4fb.bundle,到樓下,Say,リュウセイ･チョウ,173,考えたことないっすか？,
c93dee5141b63d08d3d8b0514cdfd4fb.bundle,到樓下,Branch,#Simple,116,普通の人はそんなことを考えないだろ。,
c93dee5141b63d08d3d8b0514cdfd4fb.bundle,到樓下,Branch,#Simple,117,そんな簡単に説明できるものじゃないだろ。,
c93dee5141b63d08d3d8b0514cdfd4fb.bundle,到樓下,Say,リュウセイ･チョウ,174,そうっすね……,
c93dee5141b63d08d3d8b0514cdfd4fb.bundle,到樓下,Branch,#Simple,118,いや、むしろ正義に拘ること自体が無意味だと思っている。,
c93dee5141b63d08d3d8b0514cdfd4fb.bundle,到樓下,Say,リュウセイ･チョウ,175,む、無意味なわけないっすよ……,
c93dee5141b63d08d3d8b0514cdfd4fb.bundle,到樓下,Say,リュウセイ･チョウ,176,……,
c93dee5141b63d08d3d8b0514cdfd4fb.bundle,到樓下,Say,リュウセイ･チョウ,177,結局、ジェイの兄貴は僕の正義には賛同できないってことっすね……,
c93dee5141b63d08d3d8b0514cdfd4fb.bundle,到樓下,Say,リュウセイ･チョウ,178,……,
c93dee5141b63d08d3d8b0514cdfd4fb.bundle,到樓下,Say,リュウセイ･チョウ,179,ジェイの兄貴、僕は……,
c93dee5141b63d08d3d8b0514cdfd4fb.bundle,到樓下,Say,リュウセイ･チョウ,180,あいつらが心底憎い。,
c93dee5141b63d08d3d8b0514cdfd4fb.bundle,到樓下,Say,リュウセイ･チョウ,181,僕のすべてを奪っておきながら、どうしてあんなにも悠々自適に生きられるっすか？,
c93dee5141b63d08d3d8b0514cdfd4fb.bundle,到樓下,Say,リュウセイ･チョウ,182,誰も彼らに罰を与えないから、彼らはどんどんエスカレートしていく……,
c93dee5141b63d08d3d8b0514cdfd4fb.bundle,到樓下,Say,リュウセイ･チョウ,183,だから、誰かが彼らに血の制裁を与え、彼らに苦しみを味わわせないといけない……,
c93dee5141b63d08d3d8b0514cdfd4fb.bundle,到樓下,Say,リュウセイ･チョウ,184,彼らに恐怖を抱かせる必要があるんすよ……,
c93dee5141b63d08d3d8b0514cdfd4fb.bundle,到樓下,Say,リュウセイ･チョウ,185,この件においては、僕は譲る気ないっす……,
c93dee5141b63d08d3d8b0514cdfd4fb.bundle,到樓下,Say,リュウセイ･チョウ,186,僕たちはすべての被害者のために、彼らに復讐しなければならない……,
c93dee5141b63d08d3d8b0514cdfd4fb.bundle,到樓下,Say,リュウセイ･チョウ,187,兄貴、最後に聞きたいっす……,
c93dee5141b63d08d3d8b0514cdfd4fb.bundle,到樓下,Say,リュウセイ･チョウ,188,僕と一緒に、スイ姉の計画に反対してくれますか？,
c93dee5141b63d08d3d8b0514cdfd4fb.bundle,到樓下,Branch,#Simple,119,いいだろう。,
c93dee5141b63d08d3d8b0514cdfd4fb.bundle,到樓下,Say,心の声,2,かなり驚いているようだ。,
c93dee5141b63d08d3d8b0514cdfd4fb.bundle,到樓下,Say,リュウセイ･チョウ,189,でもさっきはスイ姉の計画に賛成してたっすよね？,
c93dee5141b63d08d3d8b0514cdfd4fb.bundle,到樓下,Say,リュウセイ･チョウ,190,考えを変えてくれたっすか？,
c93dee5141b63d08d3d8b0514cdfd4fb.bundle,到樓下,Say,リュウセイ･チョウ,191,きっと、僕たちの正義に対する考えが同じだったからっすね！,
c93dee5141b63d08d3d8b0514cdfd4fb.bundle,到樓下,Say,リュウセイ･チョウ,192,それに正義に対する僕たちの考えは違っていた……だから兄貴は断ると思ってたっす……,
c93dee5141b63d08d3d8b0514cdfd4fb.bundle,到樓下,Say,リュウセイ･チョウ,193,……,
c93dee5141b63d08d3d8b0514cdfd4fb.bundle,到樓下,Say,リュウセイ･チョウ,194,本当に一緒に反対してくれるっすか？,
c93dee5141b63d08d3d8b0514cdfd4fb.bundle,到樓下,Branch,#Simple,120,ああ。,
c93dee5141b63d08d3d8b0514cdfd4fb.bundle,到樓下,Say,リュウセイ･チョウ,195,よかった……,
c93dee5141b63d08d3d8b0514cdfd4fb.bundle,到樓下,Branch,#Simple,121,すまない、やっぱり無理だ。,
c93dee5141b63d08d3d8b0514cdfd4fb.bundle,到樓下,Say,リュウセイ･チョウ,196,……,
c93dee5141b63d08d3d8b0514cdfd4fb.bundle,到樓下,Say,リュウセイ･チョウ,197,じゃ、なんで最初は同意してくれたっすか……,
c93dee5141b63d08d3d8b0514cdfd4fb.bundle,到樓下,Say,心の声,3,かなりショックを受けている。,
c93dee5141b63d08d3d8b0514cdfd4fb.bundle,到樓下,Say,リュウセイ･チョウ,198,よかった……,
c93dee5141b63d08d3d8b0514cdfd4fb.bundle,到樓下,Say,リュウセイ･チョウ,199,正義に対するの僕たちの考えは同じだし、当然と言えば当然なのかもしれないっすね！,
c93dee5141b63d08d3d8b0514cdfd4fb.bundle,到樓下,Say,リュウセイ･チョウ,200,正義に対するの僕たちの考えは違ったけど、この計画に関しては同じ考えでよかったっす。,
c93dee5141b63d08d3d8b0514cdfd4fb.bundle,到樓下,Say,リュウセイ･チョウ,201,それなら……,
c93dee5141b63d08d3d8b0514cdfd4fb.bundle,到樓下,Branch,#Simple,122,反対はしない。,
c93dee5141b63d08d3d8b0514cdfd4fb.bundle,到樓下,Say,心の声,4,リュウセイが驚いた顔で俺を見ている。,
c93dee5141b63d08d3d8b0514cdfd4fb.bundle,到樓下,Say,リュウセイ･チョウ,202,でもさっきはスイ姉の計画に賛同できないって言ってたっすよね？,
c93dee5141b63d08d3d8b0514cdfd4fb.bundle,到樓下,Say,リュウセイ･チョウ,203,それに、ジェイの兄貴の正義に対する考えは僕と同じだったはずっす……！,
c93dee5141b63d08d3d8b0514cdfd4fb.bundle,到樓下,Say,リュウセイ･チョウ,204,それなのにどうしてっすか？,
c93dee5141b63d08d3d8b0514cdfd4fb.bundle,到樓下,Branch,#Simple,123,あんたが俺に語ったものは、正義ではなく、憎しみだからだ。,
c93dee5141b63d08d3d8b0514cdfd4fb.bundle,到樓下,Branch,#Simple,124,俺の正義とあんたの正義は違う。,
c93dee5141b63d08d3d8b0514cdfd4fb.bundle,到樓下,Say,リュウセイ･チョウ,205,でも……,
c93dee5141b63d08d3d8b0514cdfd4fb.bundle,到樓下,Say,リュウセイ･チョウ,206,一緒にスイ姉の計画に反対するくらいは……,
c93dee5141b63d08d3d8b0514cdfd4fb.bundle,到樓下,Branch,#Simple,125,リンのためだ。,
c93dee5141b63d08d3d8b0514cdfd4fb.bundle,到樓下,Say,リュウセイ･チョウ,207,……,
c93dee5141b63d08d3d8b0514cdfd4fb.bundle,到樓下,Say,心の声,5,リュウセイの顔から怒りが伺える。,
c93dee5141b63d08d3d8b0514cdfd4fb.bundle,到樓下,Branch,#Simple,126,彼女を守るために、スイ･ニンの計画に賛成しないことは間違いだと言いたいのか？,
c93dee5141b63d08d3d8b0514cdfd4fb.bundle,到樓下,Say,リュウセイ･チョウ,208,それは……,
c93dee5141b63d08d3d8b0514cdfd4fb.bundle,到樓下,Say,リュウセイ･チョウ,209,……,
c93dee5141b63d08d3d8b0514cdfd4fb.bundle,到樓下,Say,リュウセイ･チョウ,210,はい。,
c93dee5141b63d08d3d8b0514cdfd4fb.bundle,到樓下,Say,リュウセイ･チョウ,211,僕、間違ってるっすか？,
c93dee5141b63d08d3d8b0514cdfd4fb.bundle,到樓下,Branch,#Simple,127,別に間違ってはいないと思う。,
c93dee5141b63d08d3d8b0514cdfd4fb.bundle,到樓下,Branch,#Simple,128,確かに俺はリンさえ守れれば、他のことはどうでもいいと思ってる。,
c93dee5141b63d08d3d8b0514cdfd4fb.bundle,到樓下,Branch,#Simple,129,……,
c93dee5141b63d08d3d8b0514cdfd4fb.bundle,到樓下,Branch,#Simple,130,何と言われようと、これが俺の選択だ。,
c93dee5141b63d08d3d8b0514cdfd4fb.bundle,到樓下,Say,リュウセイ･チョウ,212,そんな……,
c93dee5141b63d08d3d8b0514cdfd4fb.bundle,到樓下,Say,リュウセイ･チョウ,213,……,
c93dee5141b63d08d3d8b0514cdfd4fb.bundle,到樓下,Say,リュウセイ･チョウ,214,わかりました。僕も疲れたっす……,
c93dee5141b63d08d3d8b0514cdfd4fb.bundle,到樓下,Say,リュウセイ･チョウ,215,どうやら、ジェイの兄貴を説得するのは無理みたいっすね。,
c93dee5141b63d08d3d8b0514cdfd4fb.bundle,到樓下,Say,リュウセイ･チョウ,216,僕は……,
c93dee5141b63d08d3d8b0514cdfd4fb.bundle,到樓下,Say,リュウセイ･チョウ,217,そうっすよね……,
c93dee5141b63d08d3d8b0514cdfd4fb.bundle,到樓下,Say,リュウセイ･チョウ,218,僕も簡単に説得できるとは最初から思ってないっす……,
c93dee5141b63d08d3d8b0514cdfd4fb.bundle,到樓下,Say,リュウセイ･チョウ,219,でも僕たちの正義に対する考えは、かなり似ているし……,
c93dee5141b63d08d3d8b0514cdfd4fb.bundle,到樓下,Say,リュウセイ･チョウ,220,もう少し考えてみてくれないっすか？,
c93dee5141b63d08d3d8b0514cdfd4fb.bundle,到樓下,Say,リュウセイ･チョウ,221,なんで僕の考えは認めてくれているのに、スイ姉に反対しないっすか？,
c93dee5141b63d08d3d8b0514cdfd4fb.bundle,到樓下,Branch,#Simple,131,スイ･ニンの計画が成功すれば、俺とリンの安全が保証される可能性が高いからだ。,
c93dee5141b63d08d3d8b0514cdfd4fb.bundle,到樓下,Say,リュウセイ･チョウ,222,さっき兄貴も同じことを言ってたっすね……,
c93dee5141b63d08d3d8b0514cdfd4fb.bundle,到樓下,Say,リュウセイ･チョウ,223,……,
c93dee5141b63d08d3d8b0514cdfd4fb.bundle,到樓下,Say,心の声,6,リュウセイの顔から怒りが伺える。,
c93dee5141b63d08d3d8b0514cdfd4fb.bundle,到樓下,Branch,#Simple,132,彼女を守るために、スイ･ニンの計画に賛成しないことは間違いだと言いたいのか？,
c93dee5141b63d08d3d8b0514cdfd4fb.bundle,到樓下,Say,リュウセイ･チョウ,224,それは……,
c93dee5141b63d08d3d8b0514cdfd4fb.bundle,到樓下,Say,リュウセイ･チョウ,225,……,
c93dee5141b63d08d3d8b0514cdfd4fb.bundle,到樓下,Say,リュウセイ･チョウ,226,はい。,
c93dee5141b63d08d3d8b0514cdfd4fb.bundle,到樓下,Say,リュウセイ･チョウ,227,僕、間違ってるっすか？,
c93dee5141b63d08d3d8b0514cdfd4fb.bundle,到樓下,Branch,#Simple,133,俺は自分が間違っているとは思わない。,
c93dee5141b63d08d3d8b0514cdfd4fb.bundle,到樓下,Branch,#Simple,134,確かに俺はリンさえ守れれば、他のことはどうでもいいと思ってる。,
c93dee5141b63d08d3d8b0514cdfd4fb.bundle,到樓下,Branch,#Simple,135,……,
c93dee5141b63d08d3d8b0514cdfd4fb.bundle,到樓下,Branch,#Simple,136,あんたがやろうとしていることは正義のためじゃない。自分の復讐のためだ。,
c93dee5141b63d08d3d8b0514cdfd4fb.bundle,到樓下,Say,リュウセイ･チョウ,228,……どういう意味っすか？,
c93dee5141b63d08d3d8b0514cdfd4fb.bundle,到樓下,Branch,#Simple,137,あんたは悪人を裁きたいがために、正義を語っているだけだ。,
c93dee5141b63d08d3d8b0514cdfd4fb.bundle,到樓下,Say,リュウセイ･チョウ,229,……,
c93dee5141b63d08d3d8b0514cdfd4fb.bundle,到樓下,Say,リュウセイ･チョウ,230,別にその二つは矛盾しないっすよね？,
c93dee5141b63d08d3d8b0514cdfd4fb.bundle,到樓下,Branch,#Simple,138,あんたにとっては復讐の方が重要だろう？,
c93dee5141b63d08d3d8b0514cdfd4fb.bundle,到樓下,Branch,#Simple,139,矛盾はしないが、あんたは復讐に執着しているだけだ。,
c93dee5141b63d08d3d8b0514cdfd4fb.bundle,到樓下,Say,リュウセイ･チョウ,231,そんなことないっす……！,
c93dee5141b63d08d3d8b0514cdfd4fb.bundle,到樓下,Branch,#Simple,140,あんたは他人を犠牲にすることに躊躇しない。,
c93dee5141b63d08d3d8b0514cdfd4fb.bundle,到樓下,Say,リュウセイ･チョウ,232,いや、僕は……！,
c93dee5141b63d08d3d8b0514cdfd4fb.bundle,到樓下,Say,リュウセイ･チョウ,233,……,
c93dee5141b63d08d3d8b0514cdfd4fb.bundle,到樓下,Say,リュウセイ･チョウ,234,……確かにそうかもしれない。,
c93dee5141b63d08d3d8b0514cdfd4fb.bundle,到樓下,Say,リュウセイ･チョウ,235,それに兄貴とは正義に対する考え違ってたし……,
c93dee5141b63d08d3d8b0514cdfd4fb.bundle,到樓下,Say,リュウセイ･チョウ,236,……,
c93dee5141b63d08d3d8b0514cdfd4fb.bundle,到樓下,Say,リュウセイ･チョウ,237,わかりました。僕も疲れたっす……,
c93dee5141b63d08d3d8b0514cdfd4fb.bundle,到樓下,Say,リュウセイ･チョウ,238,ジェイの兄貴を説得するのは初めから無理だったってことっす。,
c93dee5141b63d08d3d8b0514cdfd4fb.bundle,到樓下,Say,リュウセイ･チョウ,239,……,
c93dee5141b63d08d3d8b0514cdfd4fb.bundle,到樓下,Say,リュウセイ･チョウ,240,……,
c93dee5141b63d08d3d8b0514cdfd4fb.bundle,到樓下,Say,リュウセイ･チョウ,241,結局、間違ってたのは僕ってことっすか……？,
c93dee5141b63d08d3d8b0514cdfd4fb.bundle,到樓下,Say,リュウセイ･チョウ,242,ずっと、間違ってたっすか……？,
c93dee5141b63d08d3d8b0514cdfd4fb.bundle,到樓下,Say,リュウセイ･チョウ,243,皆はスイ姉の計画を受け入れてるけど、僕にはどうしても……,
c93dee5141b63d08d3d8b0514cdfd4fb.bundle,到樓下,Say,リュウセイ･チョウ,244,……,
c93dee5141b63d08d3d8b0514cdfd4fb.bundle,到樓下,Say,リュウセイ･チョウ,245,理解できないっす。,
c93dee5141b63d08d3d8b0514cdfd4fb.bundle,到樓下,Say,リュウセイ･チョウ,246,僕は、正義のために行動しているつもりなのに……,
c93dee5141b63d08d3d8b0514cdfd4fb.bundle,到樓下,Say,リュウセイ･チョウ,247,誰も認めてくれないっす……,
c93dee5141b63d08d3d8b0514cdfd4fb.bundle,到樓下,Say,リュウセイ･チョウ,248,スイ姉や23姉は、僕の動機が復讐だと思ってる。,
c93dee5141b63d08d3d8b0514cdfd4fb.bundle,到樓下,Say,リュウセイ･チョウ,249,……本当にそう見えるっすか？,
c93dee5141b63d08d3d8b0514cdfd4fb.bundle,到樓下,Branch,#Simple,141,あんたは確かに人助けより復讐の方が重要に見える。,
c93dee5141b63d08d3d8b0514cdfd4fb.bundle,到樓下,Say,リュウセイ･チョウ,250,ぼ、僕はただ、悪人に払うべき代償を払わせたいだけで……,
c93dee5141b63d08d3d8b0514cdfd4fb.bundle,到樓下,Branch,#Simple,142,あんたは本当にそう思ってるのか？,
c93dee5141b63d08d3d8b0514cdfd4fb.bundle,到樓下,Branch,#Simple,143,そうかもしれないな。,
c93dee5141b63d08d3d8b0514cdfd4fb.bundle,到樓下,Branch,#Simple,144,……,
c93dee5141b63d08d3d8b0514cdfd4fb.bundle,到樓下,Say,リュウセイ･チョウ,251,……,
c93dee5141b63d08d3d8b0514cdfd4fb.bundle,到樓下,Say,リュウセイ･チョウ,252,例え本当に僕の動機が復讐のためだったとして……,
c93dee5141b63d08d3d8b0514cdfd4fb.bundle,到樓下,Say,リュウセイ･チョウ,253,……それって悪いことっすかね？,
c93dee5141b63d08d3d8b0514cdfd4fb.bundle,到樓下,Branch,#Simple,145,復讐をして何を得たいかによる。,
c93dee5141b63d08d3d8b0514cdfd4fb.bundle,到樓下,Branch,#Simple,146,あんたの選択の良し悪しはあんた自身が決めるものだ。,
c93dee5141b63d08d3d8b0514cdfd4fb.bundle,到樓下,Say,リュウセイ･チョウ,254,……僕の選択。,
c93dee5141b63d08d3d8b0514cdfd4fb.bundle,到樓下,Branch,#Simple,147,それは、あんたの選択によって殺された人たちに聞け。,
c93dee5141b63d08d3d8b0514cdfd4fb.bundle,到樓下,Say,リュウセイ･チョウ,255,僕だって……,
c93dee5141b63d08d3d8b0514cdfd4fb.bundle,到樓下,Branch,#Simple,148,それはよくないことだ。,
c93dee5141b63d08d3d8b0514cdfd4fb.bundle,到樓下,Say,リュウセイ･チョウ,256,ど、どうしてっすか……？,
c93dee5141b63d08d3d8b0514cdfd4fb.bundle,到樓下,Branch,#Simple,149,リュウセイ、あんたは一体何を求めている？,
c93dee5141b63d08d3d8b0514cdfd4fb.bundle,到樓下,Branch,#Simple,150,復讐を果たしても、あんたは犠牲にしてきた人たちへの罪悪感に押しつぶされるだけだ。,
c93dee5141b63d08d3d8b0514cdfd4fb.bundle,到樓下,Say,リュウセイ･チョウ,257,……,
c93dee5141b63d08d3d8b0514cdfd4fb.bundle,到樓下,Say,リュウセイ･チョウ,258,そうかもしれないっす……,
c93dee5141b63d08d3d8b0514cdfd4fb.bundle,到樓下,Say,リュウセイ･チョウ,259,……,
c93dee5141b63d08d3d8b0514cdfd4fb.bundle,到樓下,Say,リュウセイ･チョウ,260,……確かに、それは僕が求めていたものじゃない。,
c93dee5141b63d08d3d8b0514cdfd4fb.bundle,到樓下,Say,リュウセイ･チョウ,261,僕は……,
c93dee5141b63d08d3d8b0514cdfd4fb.bundle,到樓下,Say,リュウセイ･チョウ,262,良い行いをして、この世界をより良いものにしたいっす。,
c93dee5141b63d08d3d8b0514cdfd4fb.bundle,到樓下,Say,リュウセイ･チョウ,263,この世界にはこんなにも悪が蔓延っているのに……,
c93dee5141b63d08d3d8b0514cdfd4fb.bundle,到樓下,Say,リュウセイ･チョウ,264,被害に遭ってない自分たちは無関係だと、ただ傍観し、行動しない人が多い……,
c93dee5141b63d08d3d8b0514cdfd4fb.bundle,到樓下,Say,リュウセイ･チョウ,265,僕はそれを変えたいっす。,
c93dee5141b63d08d3d8b0514cdfd4fb.bundle,到樓下,Say,リュウセイ･チョウ,266,僕が味わった苦しみを、誰にも味わってほしくないっす。,
c93dee5141b63d08d3d8b0514cdfd4fb.bundle,到樓下,Say,リュウセイ･チョウ,267,苦しむのは、僕だけで十分っす。,
c93dee5141b63d08d3d8b0514cdfd4fb.bundle,到樓下,Say,リュウセイ･チョウ,268,だから僕の動機は苦しみの根源である加害者に制裁を与えることっす。,
c93dee5141b63d08d3d8b0514cdfd4fb.bundle,到樓下,Say,リュウセイ･チョウ,269,……少なくとも僕はそう思ってるっす。,
c93dee5141b63d08d3d8b0514cdfd4fb.bundle,到樓下,Branch,#Simple,151,つまり、あんたはこの世界に悪が蔓延るのを止めたいってことか。,
c93dee5141b63d08d3d8b0514cdfd4fb.bundle,到樓下,Say,リュウセイ･チョウ,270,はい。,
c93dee5141b63d08d3d8b0514cdfd4fb.bundle,到樓下,Branch,#Simple,152,それは強引に万象の悪事を公にすることで、解決できるものなのか？,
c93dee5141b63d08d3d8b0514cdfd4fb.bundle,到樓下,Say,リュウセイ･チョウ,271,もちろんっす。でも……,
c93dee5141b63d08d3d8b0514cdfd4fb.bundle,到樓下,Say,リュウセイ･チョウ,272,地下に閉じ込められている人たちは殺される……,
c93dee5141b63d08d3d8b0514cdfd4fb.bundle,到樓下,Branch,#Simple,153,それを理解しているのか。,
c93dee5141b63d08d3d8b0514cdfd4fb.bundle,到樓下,Branch,#Simple,154,彼らを犠牲にする気か？,
c93dee5141b63d08d3d8b0514cdfd4fb.bundle,到樓下,Branch,#Simple,155,……,
c93dee5141b63d08d3d8b0514cdfd4fb.bundle,到樓下,Branch,#Simple,156,あんたは苦しんでいる人たちを殺す気なのか？,
c93dee5141b63d08d3d8b0514cdfd4fb.bundle,到樓下,Say,リュウセイ･チョウ,273,……,
c93dee5141b63d08d3d8b0514cdfd4fb.bundle,到樓下,Say,リュウセイ･チョウ,274,僕だってそんなの望んでないっす。,
c93dee5141b63d08d3d8b0514cdfd4fb.bundle,到樓下,Branch,#Simple,157,とはいえ、加害者に制裁を与えるにも代償が必要だろ。,
c93dee5141b63d08d3d8b0514cdfd4fb.bundle,到樓下,Say,リュウセイ･チョウ,275,……わかってるっす。,
c93dee5141b63d08d3d8b0514cdfd4fb.bundle,到樓下,Say,リュウセイ･チョウ,276,地下に閉じ込められている人たちは殺される……,
c93dee5141b63d08d3d8b0514cdfd4fb.bundle,到樓下,Say,リュウセイ･チョウ,277,……,
c93dee5141b63d08d3d8b0514cdfd4fb.bundle,到樓下,Say,リュウセイ･チョウ,278,でも、もし地下の人たちも死を望んでいたとしたら？,
c93dee5141b63d08d3d8b0514cdfd4fb.bundle,到樓下,Branch,#Simple,158,どういう意味だ？,
c93dee5141b63d08d3d8b0514cdfd4fb.bundle,到樓下,Branch,#Simple,159,彼らが死を望んでいる？,
c93dee5141b63d08d3d8b0514cdfd4fb.bundle,到樓下,Branch,#Simple,160,……,
c93dee5141b63d08d3d8b0514cdfd4fb.bundle,到樓下,Say,リュウセイ･チョウ,279,彼らは復讐ができるなら、死ぬことすらいとわないと思ってるっす。,
c93dee5141b63d08d3d8b0514cdfd4fb.bundle,到樓下,Say,リュウセイ･チョウ,280,企業から迫害を受けていた僕も、その気持ちがわかるっす。,
c93dee5141b63d08d3d8b0514cdfd4fb.bundle,到樓下,Say,リュウセイ･チョウ,281,迫害された人たちの願いや想いを僕は知ってる。,
c93dee5141b63d08d3d8b0514cdfd4fb.bundle,到樓下,Say,リュウセイ･チョウ,282,彼らは復讐を望んでいる。そんな彼らの願いを叶えることこそ、正義っす。,
c93dee5141b63d08d3d8b0514cdfd4fb.bundle,到樓下,Say,リュウセイ･チョウ,283,僕、間違ってないっすよね？それとも、この考え自体が間違いだって言うっすか……？,
c93dee5141b63d08d3d8b0514cdfd4fb.bundle,到樓下,Branch,#Simple,161,結局、あんたの正義は復讐なんだろ？,
c93dee5141b63d08d3d8b0514cdfd4fb.bundle,到樓下,Say,リュウセイ･チョウ,284,それは……,
c93dee5141b63d08d3d8b0514cdfd4fb.bundle,到樓下,Say,リュウセイ･チョウ,285,そういう意味で言ったわけじゃ……,
c93dee5141b63d08d3d8b0514cdfd4fb.bundle,到樓下,Branch,#Simple,162,あんたはただ、自分の復讐を正当化できる理由を探してるだけだ。,
c93dee5141b63d08d3d8b0514cdfd4fb.bundle,到樓下,Branch,#Simple,163,結局、あんたの言う正義はあんたの都合でコロコロ変わるんだろ。,
c93dee5141b63d08d3d8b0514cdfd4fb.bundle,到樓下,Branch,#Simple,164,……,
c93dee5141b63d08d3d8b0514cdfd4fb.bundle,到樓下,Branch,#Simple,165,いつ彼らの代表になったんだ？,
c93dee5141b63d08d3d8b0514cdfd4fb.bundle,到樓下,Say,リュウセイ･チョウ,286,そういうつもりは……！？,
c93dee5141b63d08d3d8b0514cdfd4fb.bundle,到樓下,Say,リュウセイ･チョウ,287,僕は別に、彼らを代表したいわけじゃ……,
c93dee5141b63d08d3d8b0514cdfd4fb.bundle,到樓下,Branch,#Simple,166,なら、聞いてもいない彼らの意見を決めつけるな。,
c93dee5141b63d08d3d8b0514cdfd4fb.bundle,到樓下,Branch,#Simple,167,なら、あんたがさっき言ったことは、すべてあんた個人の意見だな？,
c93dee5141b63d08d3d8b0514cdfd4fb.bundle,到樓下,Say,リュウセイ･チョウ,288,確かにそうだけど……,
c93dee5141b63d08d3d8b0514cdfd4fb.bundle,到樓下,Branch,#Simple,168,……,
c93dee5141b63d08d3d8b0514cdfd4fb.bundle,到樓下,Say,リュウセイ･チョウ,289,もし彼らが、本当に命を捨ててまで復讐を望んでいたとしたらどうするっすか？,
c93dee5141b63d08d3d8b0514cdfd4fb.bundle,到樓下,Branch,#Simple,169,そうだとしても、それは彼ら自身が決めることだ。,
c93dee5141b63d08d3d8b0514cdfd4fb.bundle,到樓下,Branch,#Simple,170,本当に望んでいるかを、今のあんたに確認できるのか？,
c93dee5141b63d08d3d8b0514cdfd4fb.bundle,到樓下,Say,リュウセイ･チョウ,290,……そうっすね。,
c93dee5141b63d08d3d8b0514cdfd4fb.bundle,到樓下,Say,リュウセイ･チョウ,291,……,
c93dee5141b63d08d3d8b0514cdfd4fb.bundle,到樓下,Say,リュウセイ･チョウ,292,ハハ……,
c93dee5141b63d08d3d8b0514cdfd4fb.bundle,到樓下,Say,リュウセイ･チョウ,293,ちゃんと考えればわかることなのに僕は……,
c93dee5141b63d08d3d8b0514cdfd4fb.bundle,到樓下,Branch,#Simple,171,どうしてあんたはその考えに至らなかったんだ？,
c93dee5141b63d08d3d8b0514cdfd4fb.bundle,到樓下,Branch,#Simple,172,これには同意してくれるのか？,
c93dee5141b63d08d3d8b0514cdfd4fb.bundle,到樓下,Say,リュウセイ･チョウ,294,はい。,
c93dee5141b63d08d3d8b0514cdfd4fb.bundle,到樓下,Branch,#Simple,173,……,
c93dee5141b63d08d3d8b0514cdfd4fb.bundle,到樓下,Say,リュウセイ･チョウ,295,僕はずっと目を背けていたっす。,
c93dee5141b63d08d3d8b0514cdfd4fb.bundle,到樓下,Say,リュウセイ･チョウ,296,……,
c93dee5141b63d08d3d8b0514cdfd4fb.bundle,到樓下,Say,リュウセイ･チョウ,297,……,
c93dee5141b63d08d3d8b0514cdfd4fb.bundle,到樓下,Say,リュウセイ･チョウ,298,はぁ……,
c93dee5141b63d08d3d8b0514cdfd4fb.bundle,到樓下,Say,リュウセイ･チョウ,299,……,
c93dee5141b63d08d3d8b0514cdfd4fb.bundle,到樓下,Say,リュウセイ･チョウ,300,ジェイの兄貴。今なら理解できた気がするっす。,
c93dee5141b63d08d3d8b0514cdfd4fb.bundle,到樓下,Say,リュウセイ･チョウ,301,もしかしたら僕にとっては、正義なんてそんなに重要じゃないのかもしれない……,
c93dee5141b63d08d3d8b0514cdfd4fb.bundle,到樓下,Say,リュウセイ･チョウ,302,僕はただ、正義を建前に僕の行為を正当化しようとしただけっす……,
c93dee5141b63d08d3d8b0514cdfd4fb.bundle,到樓下,Say,リュウセイ･チョウ,303,……,
c93dee5141b63d08d3d8b0514cdfd4fb.bundle,到樓下,Branch,#Simple,174,今のあんたはどう思ってるんだ？,
c93dee5141b63d08d3d8b0514cdfd4fb.bundle,到樓下,Branch,#Simple,175,自分の過ちに気づき、省みることができるのは素晴らしいことだ。,
c93dee5141b63d08d3d8b0514cdfd4fb.bundle,到樓下,Say,リュウセイ･チョウ,304,……ありがとうございます。,
c93dee5141b63d08d3d8b0514cdfd4fb.bundle,到樓下,Say,リュウセイ･チョウ,305,今の僕にとっては、その言葉が何よりも有難いっす。,
c93dee5141b63d08d3d8b0514cdfd4fb.bundle,到樓下,Say,リュウセイ･チョウ,306,最近は指摘されてばかりっすから……,
c93dee5141b63d08d3d8b0514cdfd4fb.bundle,到樓下,Say,リュウセイ･チョウ,307,ハハ……,
c93dee5141b63d08d3d8b0514cdfd4fb.bundle,到樓下,Branch,#Simple,176,……,
c93dee5141b63d08d3d8b0514cdfd4fb.bundle,到樓下,Say,リュウセイ･チョウ,308,……,
c93dee5141b63d08d3d8b0514cdfd4fb.bundle,到樓下,Say,リュウセイ･チョウ,309,今やるべきことは……,
c93dee5141b63d08d3d8b0514cdfd4fb.bundle,到樓下,Say,リュウセイ･チョウ,310,万象と交渉して、人体実験による迫害を受けている人たちを守ることっす。,
c93dee5141b63d08d3d8b0514cdfd4fb.bundle,到樓下,Say,リュウセイ･チョウ,311,万象をどうにかするのは、また別の機会っす。,
c93dee5141b63d08d3d8b0514cdfd4fb.bundle,到樓下,Say,リュウセイ･チョウ,312,……それに交渉を持ちかけるだけでも、彼らに十分な圧力をかけられるはずっす。,
c93dee5141b63d08d3d8b0514cdfd4fb.bundle,到樓下,Say,リュウセイ･チョウ,313,自分たちの悪事を知る者がいて、フクロウも目を光らせていると知れば……,
c93dee5141b63d08d3d8b0514cdfd4fb.bundle,到樓下,Say,リュウセイ･チョウ,314,万象も違法なことは控えるはずっす。,
c93dee5141b63d08d3d8b0514cdfd4fb.bundle,到樓下,Say,心の声,7,リュウセイがスイ･ニンと同じ結論に至った……！,
c93dee5141b63d08d3d8b0514cdfd4fb.bundle,到樓下,Say,心の声,8,案外賢いのかもしれない。,
c93dee5141b63d08d3d8b0514cdfd4fb.bundle,到樓下,Say,リュウセイ･チョウ,315,でも……,
c93dee5141b63d08d3d8b0514cdfd4fb.bundle,到樓下,Say,リュウセイ･チョウ,316,確かに僕は復讐を優先してた。それは認めるし、反省もするっす……,
c93dee5141b63d08d3d8b0514cdfd4fb.bundle,到樓下,Say,リュウセイ･チョウ,317,……,
c93dee5141b63d08d3d8b0514cdfd4fb.bundle,到樓下,Say,リュウセイ･チョウ,318,それでも完全に復讐心を捨てることはできないっす。,
c93dee5141b63d08d3d8b0514cdfd4fb.bundle,到樓下,Say,リュウセイ･チョウ,319,今でも僕は……,
c93dee5141b63d08d3d8b0514cdfd4fb.bundle,到樓下,Say,リュウセイ･チョウ,320,万象のクズたちに苦しみを味わわせたいと思ってしまうっす。,
c93dee5141b63d08d3d8b0514cdfd4fb.bundle,到樓下,Say,リュウセイ･チョウ,321,簡単に頭から捨て去ることはできないっす。ジェイの兄貴、どうすれば……？,
c93dee5141b63d08d3d8b0514cdfd4fb.bundle,到樓下,Say,心の声,9,苦笑いとともに、目には困惑が伺える……,
c93dee5141b63d08d3d8b0514cdfd4fb.bundle,到樓下,Branch,#Simple,177,復讐をすればいい。,
c93dee5141b63d08d3d8b0514cdfd4fb.bundle,到樓下,Say,リュウセイ･チョウ,322,それは……,
c93dee5141b63d08d3d8b0514cdfd4fb.bundle,到樓下,Say,リュウセイ･チョウ,323,……正義じゃないっすよね？,
c93dee5141b63d08d3d8b0514cdfd4fb.bundle,到樓下,Branch,#Simple,178,正義じゃないと、だめなのか？,
c93dee5141b63d08d3d8b0514cdfd4fb.bundle,到樓下,Say,リュウセイ･チョウ,324,え、ええ……？,
c93dee5141b63d08d3d8b0514cdfd4fb.bundle,到樓下,Branch,#Simple,179,重要なのはあんたが何を求めているかだ。,
c93dee5141b63d08d3d8b0514cdfd4fb.bundle,到樓下,Say,リュウセイ･チョウ,325,僕が、求めているもの……？,
c93dee5141b63d08d3d8b0514cdfd4fb.bundle,到樓下,Branch,#Simple,180,あんたはどんな未来を求める？,
c93dee5141b63d08d3d8b0514cdfd4fb.bundle,到樓下,Say,リュウセイ･チョウ,326,……,
c93dee5141b63d08d3d8b0514cdfd4fb.bundle,到樓下,Say,リュウセイ･チョウ,327,僕は……,
c93dee5141b63d08d3d8b0514cdfd4fb.bundle,到樓下,Say,リュウセイ･チョウ,328,僕はやっぱりできるだけ多くの人を助けたいっす。,
c93dee5141b63d08d3d8b0514cdfd4fb.bundle,到樓下,Say,リュウセイ･チョウ,329,……,
c93dee5141b63d08d3d8b0514cdfd4fb.bundle,到樓下,Say,心の声,10,自分が発した言葉に驚いているようだ。,
c93dee5141b63d08d3d8b0514cdfd4fb.bundle,到樓下,Branch,#Simple,181,正義なんかのために、自分を犠牲にする必要はない。,
c93dee5141b63d08d3d8b0514cdfd4fb.bundle,到樓下,Say,リュウセイ･チョウ,330,でも、それは利己的な考えじゃ……,
c93dee5141b63d08d3d8b0514cdfd4fb.bundle,到樓下,Branch,#Simple,182,人間は皆、利己的だ。,
c93dee5141b63d08d3d8b0514cdfd4fb.bundle,到樓下,Say,リュウセイ･チョウ,331,確かにそうっすね……,
c93dee5141b63d08d3d8b0514cdfd4fb.bundle,到樓下,Say,リュウセイ･チョウ,332,一般的に見ると、利己的は悪いことだとも言われるけど、普遍的に存在している……,
c93dee5141b63d08d3d8b0514cdfd4fb.bundle,到樓下,Say,リュウセイ･チョウ,333,もしかしたら僕はそんなに悩まずに……,
c93dee5141b63d08d3d8b0514cdfd4fb.bundle,到樓下,Say,リュウセイ･チョウ,334,自分のやりたいことをすればよかったのかもしれない……,
c93dee5141b63d08d3d8b0514cdfd4fb.bundle,到樓下,Branch,#Simple,183,利己的に生きるか、正義に生きるか、それはあんたが選ぶことだ。,
c93dee5141b63d08d3d8b0514cdfd4fb.bundle,到樓下,Say,リュウセイ･チョウ,335,……,
c93dee5141b63d08d3d8b0514cdfd4fb.bundle,到樓下,Branch,#Simple,184,悪人は皆、利己的だ。なんであんただけが正義を貫かないといけないんだ？,
c93dee5141b63d08d3d8b0514cdfd4fb.bundle,到樓下,Say,リュウセイ･チョウ,336,……,
c93dee5141b63d08d3d8b0514cdfd4fb.bundle,到樓下,Say,リュウセイ･チョウ,337,そうっすね。なんで僕だけが……,
c93dee5141b63d08d3d8b0514cdfd4fb.bundle,到樓下,Say,リュウセイ･チョウ,338,もしかしたら僕はそんなに悩まずに……,
c93dee5141b63d08d3d8b0514cdfd4fb.bundle,到樓下,Say,リュウセイ･チョウ,339,自分のやりたいことをすればよかったのかもしれない……,
c93dee5141b63d08d3d8b0514cdfd4fb.bundle,到樓下,Branch,#Simple,185,思っているだけなら自由だ。実際に行動を起こさなければ問題ない。,
c93dee5141b63d08d3d8b0514cdfd4fb.bundle,到樓下,Say,リュウセイ･チョウ,340,……でも頭の中にその考えはあるのに、行動できないのは辛いっすよ。,
c93dee5141b63d08d3d8b0514cdfd4fb.bundle,到樓下,Branch,#Simple,186,今は捨て去れないだろうが、時間が解決してくれる。,
c93dee5141b63d08d3d8b0514cdfd4fb.bundle,到樓下,Branch,#Simple,187,正しい道を貫くのは大変だ。,
c93dee5141b63d08d3d8b0514cdfd4fb.bundle,到樓下,Say,リュウセイ･チョウ,341,そうっすね……,
c93dee5141b63d08d3d8b0514cdfd4fb.bundle,到樓下,Say,リュウセイ･チョウ,342,ハハ……現実から目を背けたくなるっすね。,
c93dee5141b63d08d3d8b0514cdfd4fb.bundle,到樓下,Say,リュウセイ･チョウ,343,でもいつも理性的なスイ姉なら、こんなことに悩むことすらないだろうな。,
c93dee5141b63d08d3d8b0514cdfd4fb.bundle,到樓下,Branch,#Simple,188,それはどうだろうな。彼女もいろいろ悩んでいるように見える。,
c93dee5141b63d08d3d8b0514cdfd4fb.bundle,到樓下,Say,リュウセイ･チョウ,344,……そうっすかね？,
c93dee5141b63d08d3d8b0514cdfd4fb.bundle,到樓下,Say,リュウセイ･チョウ,345,そんな一面、一度も見たことないっす。,
c93dee5141b63d08d3d8b0514cdfd4fb.bundle,到樓下,Branch,#Simple,189,彼女は多くを経験したことで、今の理性的な自分を手に入れたんだ。,
c93dee5141b63d08d3d8b0514cdfd4fb.bundle,到樓下,Say,リュウセイ･チョウ,346,つまり、僕はまだまだってことっすね……,
c93dee5141b63d08d3d8b0514cdfd4fb.bundle,到樓下,Branch,#Simple,190,……,
c93dee5141b63d08d3d8b0514cdfd4fb.bundle,到樓下,Say,リュウセイ･チョウ,347,……,
c93dee5141b63d08d3d8b0514cdfd4fb.bundle,到樓下,Say,リュウセイ･チョウ,348,なんとなく、わかった気がするっす。,
c93dee5141b63d08d3d8b0514cdfd4fb.bundle,到樓下,Say,リュウセイ･チョウ,349,ジェイの兄貴、本当に感謝するっす。,
c93dee5141b63d08d3d8b0514cdfd4fb.bundle,到樓下,Say,リュウセイ･チョウ,350,話せて本当によかったっす。,
c93dee5141b63d08d3d8b0514cdfd4fb.bundle,到樓下,Branch,#Simple,191,大したことはしていない。,
c93dee5141b63d08d3d8b0514cdfd4fb.bundle,到樓下,Say,リュウセイ･チョウ,351,僕にとっては大したことっすよ。おかげで大分整理がついたっす。,
c93dee5141b63d08d3d8b0514cdfd4fb.bundle,到樓下,Branch,#Simple,192,俺も話せてよかった。,
c93dee5141b63d08d3d8b0514cdfd4fb.bundle,到樓下,Say,リュウセイ･チョウ,352,それならよかったっす。,
c93dee5141b63d08d3d8b0514cdfd4fb.bundle,到樓下,Branch,#Simple,193,……,
c93dee5141b63d08d3d8b0514cdfd4fb.bundle,到樓下,Say,リュウセイ･チョウ,353,まだ混乱してるけど、方向が見えた気がするっす。,
c93dee5141b63d08d3d8b0514cdfd4fb.bundle,到樓下,Say,心の声,11,目から意志を感じる……,
c93dee5141b63d08d3d8b0514cdfd4fb.bundle,到樓下,Say,心の声,12,どうやら良い方向にいったようだ。,
c93dee5141b63d08d3d8b0514cdfd4fb.bundle,到樓下,Branch,#Simple,194,それはあんた自身に問うしかない。,
c93dee5141b63d08d3d8b0514cdfd4fb.bundle,到樓下,Say,リュウセイ･チョウ,354,その答えが出ないから聞いてるっす……,
c93dee5141b63d08d3d8b0514cdfd4fb.bundle,到樓下,Branch,#Simple,195,俺に何を聞きたいんだ？,
c93dee5141b63d08d3d8b0514cdfd4fb.bundle,到樓下,Say,リュウセイ･チョウ,355,……,
c93dee5141b63d08d3d8b0514cdfd4fb.bundle,到樓下,Say,リュウセイ･チョウ,356,スイ姉たちが言うように……,
c93dee5141b63d08d3d8b0514cdfd4fb.bundle,到樓下,Say,リュウセイ･チョウ,357,僕が本当に正義のためではなく、復讐のために行動していたとして……,
c93dee5141b63d08d3d8b0514cdfd4fb.bundle,到樓下,Say,リュウセイ･チョウ,358,……それって悪いことっすかね？,
c93dee5141b63d08d3d8b0514cdfd4fb.bundle,到樓下,Branch,#Simple,196,それでも問い続けるしかない。,
c93dee5141b63d08d3d8b0514cdfd4fb.bundle,到樓下,Branch,#Simple,197,……,
c93dee5141b63d08d3d8b0514cdfd4fb.bundle,到樓下,Say,リュウセイ･チョウ,359,……,
c93dee5141b63d08d3d8b0514cdfd4fb.bundle,到樓下,Say,リュウセイ･チョウ,360,わかったっす。もう少し自分で考えてみるっす。,
c93dee5141b63d08d3d8b0514cdfd4fb.bundle,到樓下,Branch,#Simple,198,あんた自身は正義のための行動だと思ってるんだろ？,
c93dee5141b63d08d3d8b0514cdfd4fb.bundle,到樓下,Say,リュウセイ･チョウ,361,はい……,
c93dee5141b63d08d3d8b0514cdfd4fb.bundle,到樓下,Branch,#Simple,199,自分自身も信じてないようだな。,
c93dee5141b63d08d3d8b0514cdfd4fb.bundle,到樓下,Say,リュウセイ･チョウ,362,……信じてないって、何がっすか？,
c93dee5141b63d08d3d8b0514cdfd4fb.bundle,到樓下,Branch,#Simple,200,自分が正義のために行動していることだ。,
c93dee5141b63d08d3d8b0514cdfd4fb.bundle,到樓下,Branch,#Simple,201,あんた自身も、自分が復讐をしたいだけなのをわかっている。,
c93dee5141b63d08d3d8b0514cdfd4fb.bundle,到樓下,Branch,#Simple,202,……,
c93dee5141b63d08d3d8b0514cdfd4fb.bundle,到樓下,Say,リュウセイ･チョウ,363,……,
c93dee5141b63d08d3d8b0514cdfd4fb.bundle,到樓下,Say,リュウセイ･チョウ,364,僕の正義観は皆とは違うと結論づけるしかないっす。,
c93dee5141b63d08d3d8b0514cdfd4fb.bundle,到樓下,Say,リュウセイ･チョウ,365,……僕は、自分の道を行くっす。,
c93dee5141b63d08d3d8b0514cdfd4fb.bundle,到樓下,Branch,#Simple,203,リュウセイ、もう帰ろう。,
c93dee5141b63d08d3d8b0514cdfd4fb.bundle,到樓下,Say,リュウセイ･チョウ,366,……,
c93dee5141b63d08d3d8b0514cdfd4fb.bundle,到樓下,Say,リュウセイ･チョウ,367,確かにもう遅いっすからね。,
c93dee5141b63d08d3d8b0514cdfd4fb.bundle,到樓下,Say,リュウセイ･チョウ,368,……普通の人はそんなことは考えないって言った兄貴に……,
c93dee5141b63d08d3d8b0514cdfd4fb.bundle,到樓下,Say,リュウセイ･チョウ,369,この質問をすべきじゃなかったっすね……,
c93dee5141b63d08d3d8b0514cdfd4fb.bundle,到樓下,Say,リュウセイ･チョウ,370,今のは忘れてください。,
c93dee5141b63d08d3d8b0514cdfd4fb.bundle,到樓下,Say,リュウセイ･チョウ,371,……ジェイの兄貴は、正義なんて説明できるものじゃないって言ってたっすもんね。,
c93dee5141b63d08d3d8b0514cdfd4fb.bundle,到樓下,Say,リュウセイ･チョウ,372,この質問はすべきじゃなかったっす……,
c93dee5141b63d08d3d8b0514cdfd4fb.bundle,到樓下,Say,リュウセイ･チョウ,373,今のは忘れてください。,
c93dee5141b63d08d3d8b0514cdfd4fb.bundle,到樓下,Branch,#Simple,204,説明できないだけで、俺に考えがないわけじゃない。,
c93dee5141b63d08d3d8b0514cdfd4fb.bundle,到樓下,Say,リュウセイ･チョウ,374,じゃ、ジェイの兄貴はどう思ってるっすか？僕の考えはやっぱり正義ではないっすか？,
c93dee5141b63d08d3d8b0514cdfd4fb.bundle,到樓下,Branch,#Simple,205,それでも、あんたの考えを聞かせてほしい。,
c93dee5141b63d08d3d8b0514cdfd4fb.bundle,到樓下,Branch,#Simple,206,……,
c93dee5141b63d08d3d8b0514cdfd4fb.bundle,到樓下,Say,リュウセイ･チョウ,375,……ジェイの兄貴は、正義について議論しても意味がないって言ってたっすもんね。,
c93dee5141b63d08d3d8b0514cdfd4fb.bundle,到樓下,Say,リュウセイ･チョウ,376,この質問はすべきじゃなかったっす……,
c93dee5141b63d08d3d8b0514cdfd4fb.bundle,到樓下,Say,リュウセイ･チョウ,377,今のは忘れてください。,
c93dee5141b63d08d3d8b0514cdfd4fb.bundle,到樓下,Say,リュウセイ･チョウ,378,兄貴だって悪人に代償を払わせることが正義だって……,
c93dee5141b63d08d3d8b0514cdfd4fb.bundle,到樓下,Say,リュウセイ･チョウ,379,さっき認めたじゃないっすか！,
c93dee5141b63d08d3d8b0514cdfd4fb.bundle,到樓下,Branch,#Simple,207,俺はスイ･ニンに反対したくないだけだ。,
c93dee5141b63d08d3d8b0514cdfd4fb.bundle,到樓下,Say,リュウセイ･チョウ,380,……,
c93dee5141b63d08d3d8b0514cdfd4fb.bundle,到樓下,Say,リュウセイ･チョウ,381,リンさんの安全のためっすか……,
c93dee5141b63d08d3d8b0514cdfd4fb.bundle,到樓下,Branch,#Simple,208,ああ。,
c93dee5141b63d08d3d8b0514cdfd4fb.bundle,到樓下,Branch,#Simple,209,それが一番重要だ。,
c93dee5141b63d08d3d8b0514cdfd4fb.bundle,到樓下,Branch,#Simple,210,それにスイ･ニンに隠れて小細工をしても、良い結果にはならない。,
c93dee5141b63d08d3d8b0514cdfd4fb.bundle,到樓下,Say,リュウセイ･チョウ,382,……,
c93dee5141b63d08d3d8b0514cdfd4fb.bundle,到樓下,Say,リュウセイ･チョウ,383,わかったっす。,
c93dee5141b63d08d3d8b0514cdfd4fb.bundle,到樓下,Branch,#Simple,211,言ったはずだ。あんたが拘っているのは正義ではなく、自分の復讐だ。,
c93dee5141b63d08d3d8b0514cdfd4fb.bundle,到樓下,Say,リュウセイ･チョウ,384,僕は……,
c93dee5141b63d08d3d8b0514cdfd4fb.bundle,到樓下,Branch,#Simple,212,あんたは認めたはずだろう。,
c93dee5141b63d08d3d8b0514cdfd4fb.bundle,到樓下,Branch,#Simple,213,まさか、自覚してすらないのか？,
c93dee5141b63d08d3d8b0514cdfd4fb.bundle,到樓下,Branch,#Simple,214,……,
c93dee5141b63d08d3d8b0514cdfd4fb.bundle,到樓下,Say,リュウセイ･チョウ,385,……,
c93dee5141b63d08d3d8b0514cdfd4fb.bundle,到樓下,Say,リュウセイ･チョウ,386,僕って、利己的の人間っすか……？,
c93dee5141b63d08d3d8b0514cdfd4fb.bundle,到樓下,Branch,#Simple,215,違う。あんたはただ復讐と正義を混同しただけだ。,
c93dee5141b63d08d3d8b0514cdfd4fb.bundle,到樓下,Say,リュウセイ･チョウ,387,混同……？,
c93dee5141b63d08d3d8b0514cdfd4fb.bundle,到樓下,Branch,#Simple,216,まずは、あんたが求めているものをはっきりさせるべきだ。,
c93dee5141b63d08d3d8b0514cdfd4fb.bundle,到樓下,Branch,#Simple,217,あんたは本当に悪人を裁くことこそが、正しいと思っているのか？,
c93dee5141b63d08d3d8b0514cdfd4fb.bundle,到樓下,Branch,#Simple,218,ほとんどの人が利己的な考えを持っている。別に気にする必要はない。,
c93dee5141b63d08d3d8b0514cdfd4fb.bundle,到樓下,Say,リュウセイ･チョウ,388,そうっすよね……皆、利己的っすよね……,
c93dee5141b63d08d3d8b0514cdfd4fb.bundle,到樓下,Say,リュウセイ･チョウ,389,一般的に見ると、利己的は悪いことだとも言われるけど、普遍的に存在している……,
c93dee5141b63d08d3d8b0514cdfd4fb.bundle,到樓下,Say,リュウセイ･チョウ,390,もしかしたら僕はそんなに悩まずに……,
c93dee5141b63d08d3d8b0514cdfd4fb.bundle,到樓下,Say,リュウセイ･チョウ,391,自分のやりたいことをすればよかったのかもしれない……,
c93dee5141b63d08d3d8b0514cdfd4fb.bundle,到樓下,Branch,#Simple,219,あんたのそれは正義のためじゃない。自分のためだ。,
c93dee5141b63d08d3d8b0514cdfd4fb.bundle,到樓下,Say,リュウセイ･チョウ,392,……どういう意味っすか？,
c93dee5141b63d08d3d8b0514cdfd4fb.bundle,到樓下,Branch,#Simple,220,あんたは悪人を裁きたいがために、正義を語っているだけだ。,
c93dee5141b63d08d3d8b0514cdfd4fb.bundle,到樓下,Say,リュウセイ･チョウ,393,……,
c93dee5141b63d08d3d8b0514cdfd4fb.bundle,到樓下,Say,リュウセイ･チョウ,394,別にその二つは矛盾しないっすよね？,
c93dee5141b63d08d3d8b0514cdfd4fb.bundle,到樓下,Branch,#Simple,221,あんたにとっては復讐の方が重要だろう？,
c93dee5141b63d08d3d8b0514cdfd4fb.bundle,到樓下,Branch,#Simple,222,矛盾はしないが、あんたは復讐に執着しているだけだ。,
c93dee5141b63d08d3d8b0514cdfd4fb.bundle,到樓下,Say,リュウセイ･チョウ,395,そんなことないっす……！,
c93dee5141b63d08d3d8b0514cdfd4fb.bundle,到樓下,Branch,#Simple,223,あんたは他人を犠牲にすることに躊躇しない。,
c93dee5141b63d08d3d8b0514cdfd4fb.bundle,到樓下,Say,リュウセイ･チョウ,396,いや、僕は……！,
c93dee5141b63d08d3d8b0514cdfd4fb.bundle,到樓下,Say,リュウセイ･チョウ,397,……,
c93dee5141b63d08d3d8b0514cdfd4fb.bundle,到樓下,Say,リュウセイ･チョウ,398,……確かにそうかもしれない。,
c93dee5141b63d08d3d8b0514cdfd4fb.bundle,到樓下,Say,リュウセイ･チョウ,399,ジェイの兄貴、僕に一つの考えがあるっす。,
c93dee5141b63d08d3d8b0514cdfd4fb.bundle,到樓下,Say,リュウセイ･チョウ,400,例えスイ姉が万象と交渉し、彼らの悪事を隠ぺいするつもりでも……,
c93dee5141b63d08d3d8b0514cdfd4fb.bundle,到樓下,Say,リュウセイ･チョウ,401,僕は他のやり方で見つけた証拠を公開するつもりっす。,
c93dee5141b63d08d3d8b0514cdfd4fb.bundle,到樓下,Say,リュウセイ･チョウ,402,でも僕の仲間になると約束してくれない限り、具体的なやり方は教えられないっす。,
c93dee5141b63d08d3d8b0514cdfd4fb.bundle,到樓下,Say,リュウセイ･チョウ,403,兄貴なら……僕の味方になってくれるっすよね。,
c93dee5141b63d08d3d8b0514cdfd4fb.bundle,到樓下,Branch,#Simple,224,ああ、仲間になる。,
c93dee5141b63d08d3d8b0514cdfd4fb.bundle,到樓下,Say,リュウセイ･チョウ,404,よっしゃー！,
c93dee5141b63d08d3d8b0514cdfd4fb.bundle,到樓下,Branch,#Simple,225,待て、それはスイ･ニンには秘密裏にやるつもりか？,
c93dee5141b63d08d3d8b0514cdfd4fb.bundle,到樓下,Say,リュウセイ･チョウ,405,もちろんっすよ。スイ姉に知られたら、きっと止められるっす。,
c93dee5141b63d08d3d8b0514cdfd4fb.bundle,到樓下,Say,リュウセイ･チョウ,406,何か問題でも？,
c93dee5141b63d08d3d8b0514cdfd4fb.bundle,到樓下,Branch,#Simple,226,後で彼女にバレたらどうするつもりだ？,
c93dee5141b63d08d3d8b0514cdfd4fb.bundle,到樓下,Say,リュウセイ･チョウ,407,責任を追及されるのが怖いってことっすか？,
c93dee5141b63d08d3d8b0514cdfd4fb.bundle,到樓下,Say,リュウセイ･チョウ,408,大丈夫、彼女には絶対にバレないっすよ。,
c93dee5141b63d08d3d8b0514cdfd4fb.bundle,到樓下,Say,リュウセイ･チョウ,409,例えバレたとしても、すべて僕の責任で大丈夫っす。,
c93dee5141b63d08d3d8b0514cdfd4fb.bundle,到樓下,Say,リュウセイ･チョウ,410,兄貴は何も知らずに手伝わされていたってことで。,
c93dee5141b63d08d3d8b0514cdfd4fb.bundle,到樓下,Branch,#Simple,227,いや、大丈夫だ。,
c93dee5141b63d08d3d8b0514cdfd4fb.bundle,到樓下,Say,リュウセイ･チョウ,411,はい。,
c93dee5141b63d08d3d8b0514cdfd4fb.bundle,到樓下,Say,リュウセイ･チョウ,412,兄貴は、僕の味方っすよね？,
c93dee5141b63d08d3d8b0514cdfd4fb.bundle,到樓下,Branch,#Simple,228,ああ。,
c93dee5141b63d08d3d8b0514cdfd4fb.bundle,到樓下,Say,リュウセイ･チョウ,413,よっしゃー！,
c93dee5141b63d08d3d8b0514cdfd4fb.bundle,到樓下,Branch,#Simple,229,悪いが、スイ･ニンに内緒でやる気はない。,
c93dee5141b63d08d3d8b0514cdfd4fb.bundle,到樓下,Say,リュウセイ･チョウ,414,そんな……,
c93dee5141b63d08d3d8b0514cdfd4fb.bundle,到樓下,Say,リュウセイ･チョウ,415,……わかったっす！,
c93dee5141b63d08d3d8b0514cdfd4fb.bundle,到樓下,Say,リュウセイ･チョウ,416,……,
c93dee5141b63d08d3d8b0514cdfd4fb.bundle,到樓下,Say,リュウセイ･チョウ,417,……このこと、スイ姉に言わないでくれますか？,
c93dee5141b63d08d3d8b0514cdfd4fb.bundle,到樓下,Branch,#Simple,230,ああ、俺はこの件に関わらない。,
c93dee5141b63d08d3d8b0514cdfd4fb.bundle,到樓下,Say,リュウセイ･チョウ,418,それならいいっす。,
c93dee5141b63d08d3d8b0514cdfd4fb.bundle,到樓下,Say,リュウセイ･チョウ,419,……最初からジェイの兄貴を巻き込むべきではなかったっすね。,
c93dee5141b63d08d3d8b0514cdfd4fb.bundle,到樓下,Say,リュウセイ･チョウ,420,今までのは全部忘れてください。,
c93dee5141b63d08d3d8b0514cdfd4fb.bundle,到樓下,Branch,#Simple,231,すまないが、リンには話すと思う。,
c93dee5141b63d08d3d8b0514cdfd4fb.bundle,到樓下,Say,リュウセイ･チョウ,421,……,
c93dee5141b63d08d3d8b0514cdfd4fb.bundle,到樓下,Say,リュウセイ･チョウ,422,おやすみなさいっす。,
c93dee5141b63d08d3d8b0514cdfd4fb.bundle,到樓下,Branch,#Simple,232,ああ。,
c93dee5141b63d08d3d8b0514cdfd4fb.bundle,到樓下,Branch,#Simple,233,待て、リュウセイ。,
c93dee5141b63d08d3d8b0514cdfd4fb.bundle,到樓下,Branch,#Simple,234,……,
c93dee5141b63d08d3d8b0514cdfd4fb.bundle,到樓下,Say,心の声,13,あいつ……,
c93dee5141b63d08d3d8b0514cdfd4fb.bundle,到樓下,Say,心の声,14,何か変なことをしでかさないといいが……,
c93dee5141b63d08d3d8b0514cdfd4fb.bundle,到樓下,Branch,#Simple,235,それは保証できない。,
c93dee5141b63d08d3d8b0514cdfd4fb.bundle,到樓下,Say,リュウセイ･チョウ,423,ジェイの兄貴、約束してください。,
c93dee5141b63d08d3d8b0514cdfd4fb.bundle,到樓下,Say,心の声,15,凄まれた……,
c93dee5141b63d08d3d8b0514cdfd4fb.bundle,到樓下,Say,リュウセイ･チョウ,424,兄貴が仲間になってくれたなら、僕も計画を話すっす！,
c93dee5141b63d08d3d8b0514cdfd4fb.bundle,到樓下,Say,リュウセイ･チョウ,425,実は23姉が作ったハックユニットが保管されている場所を知ってるっす。,
c93dee5141b63d08d3d8b0514cdfd4fb.bundle,到樓下,Say,リュウセイ･チョウ,426,昔に改造した失敗作ばかりっすけどね。,
c93dee5141b63d08d3d8b0514cdfd4fb.bundle,到樓下,Say,リュウセイ･チョウ,427,でも失敗作とはいえ、まだまだ使えるものもあるはずっす。,
c93dee5141b63d08d3d8b0514cdfd4fb.bundle,到樓下,Say,リュウセイ･チョウ,428,後でこっそり一台を拝借するつもりっす……,
c93dee5141b63d08d3d8b0514cdfd4fb.bundle,到樓下,Say,リュウセイ･チョウ,429,明日の作戦は、多分今まで通り僕と兄貴がデータを盗みに行くと思うからその時に……,
c93dee5141b63d08d3d8b0514cdfd4fb.bundle,到樓下,Branch,#Simple,236,自信はあるのか？,
c93dee5141b63d08d3d8b0514cdfd4fb.bundle,到樓下,Say,リュウセイ･チョウ,430,九割九分っす。,
c93dee5141b63d08d3d8b0514cdfd4fb.bundle,到樓下,Branch,#Simple,237,その時にデータをコピーするのか？,
c93dee5141b63d08d3d8b0514cdfd4fb.bundle,到樓下,Say,リュウセイ･チョウ,431,その通り！,
c93dee5141b63d08d3d8b0514cdfd4fb.bundle,到樓下,Branch,#Simple,238,……,
c93dee5141b63d08d3d8b0514cdfd4fb.bundle,到樓下,Say,リュウセイ･チョウ,432,そして交渉後、適切なタイミングでコピーしたデータを公開する。,
c93dee5141b63d08d3d8b0514cdfd4fb.bundle,到樓下,Say,リュウセイ･チョウ,433,案外シンプルな作戦でしょ？,
c93dee5141b63d08d3d8b0514cdfd4fb.bundle,到樓下,Branch,#Simple,239,後であんたがデータを盗んだことがバレたらどうする気だ？,
c93dee5141b63d08d3d8b0514cdfd4fb.bundle,到樓下,Say,リュウセイ･チョウ,434,……別に問題ないっす。,
c93dee5141b63d08d3d8b0514cdfd4fb.bundle,到樓下,Say,リュウセイ･チョウ,435,バレてる頃には、すでに加害者が裁きを受けているはずっすから。,
c93dee5141b63d08d3d8b0514cdfd4fb.bundle,到樓下,Branch,#Simple,240,俺はどうすればいいんだ？,
c93dee5141b63d08d3d8b0514cdfd4fb.bundle,到樓下,Say,リュウセイ･チョウ,436,見張りをお願いしたいっす。,
c93dee5141b63d08d3d8b0514cdfd4fb.bundle,到樓下,Say,リュウセイ･チョウ,437,特にスイ姉の動きを警戒してくれると有難いっす。,
c93dee5141b63d08d3d8b0514cdfd4fb.bundle,到樓下,Branch,#Simple,241,……,
c93dee5141b63d08d3d8b0514cdfd4fb.bundle,到樓下,Say,リュウセイ･チョウ,438,作戦は以上っす。,
c93dee5141b63d08d3d8b0514cdfd4fb.bundle,到樓下,Say,リュウセイ･チョウ,439,僕は明日、タイミングを見計らってデータをコピーして……,
c93dee5141b63d08d3d8b0514cdfd4fb.bundle,到樓下,Say,リュウセイ･チョウ,440,あっ……！,
c93dee5141b63d08d3d8b0514cdfd4fb.bundle,到樓下,Say,リュウセイ･チョウ,441,もうこんな時間っすね。ジェイ兄貴はもう戻ってください！,
c93dee5141b63d08d3d8b0514cdfd4fb.bundle,到樓下,Branch,#Simple,242,あんたは？,
c93dee5141b63d08d3d8b0514cdfd4fb.bundle,到樓下,Say,リュウセイ･チョウ,442,ハックユニットを盗みに行くっす！,
c93dee5141b63d08d3d8b0514cdfd4fb.bundle,到樓下,Say,リュウセイ･チョウ,443,今夜が最後のチャンスだから。,
c93dee5141b63d08d3d8b0514cdfd4fb.bundle,到樓下,Say,リュウセイ･チョウ,444,じゃ、また明日。,
c93dee5141b63d08d3d8b0514cdfd4fb.bundle,到樓下,Say,リュウセイ･チョウ,445,僕はもう少しこの辺りを歩いて帰るっす。,
c93dee5141b63d08d3d8b0514cdfd4fb.bundle,到樓下,Say,リュウセイ･チョウ,446,夜の町が好きなんすよ。集中して考えられるから。,
c93dee5141b63d08d3d8b0514cdfd4fb.bundle,到樓下,Say,リュウセイ･チョウ,447,安心してくださいっす。僕もすぐ戻るから。,
c93dee5141b63d08d3d8b0514cdfd4fb.bundle,到樓下,Branch,#Simple,243,わかった。おやすみ。,
c93dee5141b63d08d3d8b0514cdfd4fb.bundle,到樓下,Branch,#Simple,244,……,
c93dee5141b63d08d3d8b0514cdfd4fb.bundle,到樓下,Say,リュウセイ･チョウ,448,おやすみなさいっす。,
c93dee5141b63d08d3d8b0514cdfd4fb.bundle,到樓下,Say,リュウセイ･チョウ,449,長々と話したこと、リンさんに謝っといてください！,
c93dee5141b63d08d3d8b0514cdfd4fb.bundle,第四日程芳談話,Say,リン･テイ,0,はぁ……,
c93dee5141b63d08d3d8b0514cdfd4fb.bundle,第四日程芳談話,Branch,#Simple,0,大丈夫か？,
c93dee5141b63d08d3d8b0514cdfd4fb.bundle,第四日程芳談話,Say,リン･テイ,1,うん、大丈夫！,
c93dee5141b63d08d3d8b0514cdfd4fb.bundle,第四日程芳談話,Branch,#Simple,1,大変そうだな。,
c93dee5141b63d08d3d8b0514cdfd4fb.bundle,第四日程芳談話,Say,リン･テイ,2,ハハ、大変なのはジェイの方でしょう。,
c93dee5141b63d08d3d8b0514cdfd4fb.bundle,第四日程芳談話,Branch,#Simple,2,……,
c93dee5141b63d08d3d8b0514cdfd4fb.bundle,第四日程芳談話,Say,リン･テイ,3,……,
c93dee5141b63d08d3d8b0514cdfd4fb.bundle,第四日程芳談話,Say,リン･テイ,4,事態がさらに厄介なことになったね……,
c93dee5141b63d08d3d8b0514cdfd4fb.bundle,第四日程芳談話,Branch,#Simple,3,だが明日ですべて終わるはずだ。,
c93dee5141b63d08d3d8b0514cdfd4fb.bundle,第四日程芳談話,Say,リン･テイ,5,うん、私もそう思う。,
c93dee5141b63d08d3d8b0514cdfd4fb.bundle,第四日程芳談話,Branch,#Simple,4,怖いのか？,
c93dee5141b63d08d3d8b0514cdfd4fb.bundle,第四日程芳談話,Say,リン･テイ,6,どうかな……,
c93dee5141b63d08d3d8b0514cdfd4fb.bundle,第四日程芳談話,Say,リン･テイ,7,……,
c93dee5141b63d08d3d8b0514cdfd4fb.bundle,第四日程芳談話,Say,リン･テイ,8,もう慣れちゃったかも。ハハ。,
c93dee5141b63d08d3d8b0514cdfd4fb.bundle,第四日程芳談話,Say,心の声,0,リン……,
c93dee5141b63d08d3d8b0514cdfd4fb.bundle,第四日程芳談話,Branch,#Simple,5,……,
c93dee5141b63d08d3d8b0514cdfd4fb.bundle,第四日程芳談話,Say,リン･テイ,9,……,
c93dee5141b63d08d3d8b0514cdfd4fb.bundle,第四日程芳談話,Say,リン･テイ,10,ねえ、今日の私……,
c93dee5141b63d08d3d8b0514cdfd4fb.bundle,第四日程芳談話,Say,リン･テイ,11,口を出しすぎたかな？,
c93dee5141b63d08d3d8b0514cdfd4fb.bundle,第四日程芳談話,Branch,#Simple,6,どういうことだ？,
c93dee5141b63d08d3d8b0514cdfd4fb.bundle,第四日程芳談話,Say,リン･テイ,12,えっと……,
c93dee5141b63d08d3d8b0514cdfd4fb.bundle,第四日程芳談話,Say,リン･テイ,13,スイさんたちに自分の意見を言いすぎたかなって。,
c93dee5141b63d08d3d8b0514cdfd4fb.bundle,第四日程芳談話,Branch,#Simple,7,そうは感じなかった。,
c93dee5141b63d08d3d8b0514cdfd4fb.bundle,第四日程芳談話,Branch,#Simple,8,心配ないさ。,
c93dee5141b63d08d3d8b0514cdfd4fb.bundle,第四日程芳談話,Say,リン･テイ,14,そっか。,
c93dee5141b63d08d3d8b0514cdfd4fb.bundle,第四日程芳談話,Branch,#Simple,9,多少はな。,
c93dee5141b63d08d3d8b0514cdfd4fb.bundle,第四日程芳談話,Say,リン･テイ,15,え……,
c93dee5141b63d08d3d8b0514cdfd4fb.bundle,第四日程芳談話,Branch,#Simple,10,そんなことはなかったと思う。,
c93dee5141b63d08d3d8b0514cdfd4fb.bundle,第四日程芳談話,Say,リン･テイ,16,そう。,
c93dee5141b63d08d3d8b0514cdfd4fb.bundle,第四日程芳談話,Branch,#Simple,11,多少はな。,
c93dee5141b63d08d3d8b0514cdfd4fb.bundle,第四日程芳談話,Say,リン･テイ,17,はぁ……,
c93dee5141b63d08d3d8b0514cdfd4fb.bundle,第四日程芳談話,Say,リン･テイ,18,私、きつく言い過ぎたかな……,
c93dee5141b63d08d3d8b0514cdfd4fb.bundle,第四日程芳談話,Branch,#Simple,12,そんなことはない。,
c93dee5141b63d08d3d8b0514cdfd4fb.bundle,第四日程芳談話,Branch,#Simple,13,心配ないさ！,
c93dee5141b63d08d3d8b0514cdfd4fb.bundle,第四日程芳談話,Say,リン･テイ,19,本当に？,
c93dee5141b63d08d3d8b0514cdfd4fb.bundle,第四日程芳談話,Say,リン･テイ,20,はぁ……,
c93dee5141b63d08d3d8b0514cdfd4fb.bundle,第四日程芳談話,Branch,#Simple,14,少しきつかったかもしれないな……,
c93dee5141b63d08d3d8b0514cdfd4fb.bundle,第四日程芳談話,Say,リン･テイ,21,それ本当！？,
c93dee5141b63d08d3d8b0514cdfd4fb.bundle,第四日程芳談話,Branch,#Simple,15,でも度を超えてるわけではなかった。,
c93dee5141b63d08d3d8b0514cdfd4fb.bundle,第四日程芳談話,Say,リン･テイ,22,そう……,
c93dee5141b63d08d3d8b0514cdfd4fb.bundle,第四日程芳談話,Branch,#Simple,16,確かにきつかったな。,
c93dee5141b63d08d3d8b0514cdfd4fb.bundle,第四日程芳談話,Say,リン･テイ,23,はぁ……,
c93dee5141b63d08d3d8b0514cdfd4fb.bundle,第四日程芳談話,Branch,#Simple,17,冗談だよ。,
c93dee5141b63d08d3d8b0514cdfd4fb.bundle,第四日程芳談話,Say,リン･テイ,24,ちょっとジェイ！こっちは真剣なのよ！,
c93dee5141b63d08d3d8b0514cdfd4fb.bundle,第四日程芳談話,Say,リン･テイ,25,スイさんと23号にきつく当たり過ぎたかもって心配なのよ……,
c93dee5141b63d08d3d8b0514cdfd4fb.bundle,第四日程芳談話,Say,リン･テイ,26,ジェイの安全面のこととか……,
c93dee5141b63d08d3d8b0514cdfd4fb.bundle,第四日程芳談話,Say,リン･テイ,27,チームワークについても口出してたし……,
c93dee5141b63d08d3d8b0514cdfd4fb.bundle,第四日程芳談話,Say,リン･テイ,28,実際に体を張っているあなたたちに、傍観者の私が口を出す過ぎるのは良くないわよね……,
c93dee5141b63d08d3d8b0514cdfd4fb.bundle,第四日程芳談話,Branch,#Simple,18,リンの意見は的確だったよ。,
c93dee5141b63d08d3d8b0514cdfd4fb.bundle,第四日程芳談話,Branch,#Simple,19,言いたいことはわかるが、そんな感じには見えなかったよ。,
c93dee5141b63d08d3d8b0514cdfd4fb.bundle,第四日程芳談話,Say,リン･テイ,29,ハハ、ありがとう。,
c93dee5141b63d08d3d8b0514cdfd4fb.bundle,第四日程芳談話,Say,リン･テイ,30,でもジェイの意見は恋人フィルターがかかってるから、公正な判断とは言えないわね！,
c93dee5141b63d08d3d8b0514cdfd4fb.bundle,第四日程芳談話,Say,心の声,1,恋人フィルター？,
c93dee5141b63d08d3d8b0514cdfd4fb.bundle,第四日程芳談話,Branch,#Simple,20,……,
c93dee5141b63d08d3d8b0514cdfd4fb.bundle,第四日程芳談話,Say,リン･テイ,31,私ね、ジェイに対しても同じことを考えてるの。,
c93dee5141b63d08d3d8b0514cdfd4fb.bundle,第四日程芳談話,Say,リン･テイ,32,何もしない私が、ジェイにあれこれ言い過ぎない方がいいのかなって。,
c93dee5141b63d08d3d8b0514cdfd4fb.bundle,第四日程芳談話,Say,リン･テイ,33,なんだか難しいのよ……,
c93dee5141b63d08d3d8b0514cdfd4fb.bundle,第四日程芳談話,Branch,#Simple,21,リンが俺の心配をしてくれることが嬉しい。,
c93dee5141b63d08d3d8b0514cdfd4fb.bundle,第四日程芳談話,Say,リン･テイ,34,……本当？,
c93dee5141b63d08d3d8b0514cdfd4fb.bundle,第四日程芳談話,Say,リン･テイ,35,でもさっきは口を出し過ぎって言ってたよね……,
c93dee5141b63d08d3d8b0514cdfd4fb.bundle,第四日程芳談話,Branch,#Simple,22,多少は、ないに等しいってことだ。,
c93dee5141b63d08d3d8b0514cdfd4fb.bundle,第四日程芳談話,Say,リン･テイ,36,ハハハ、勝手に言葉の意味を変えるな！,
c93dee5141b63d08d3d8b0514cdfd4fb.bundle,第四日程芳談話,Branch,#Simple,23,あれは冗談だ。,
c93dee5141b63d08d3d8b0514cdfd4fb.bundle,第四日程芳談話,Say,リン･テイ,37,面白くない冗談ね！,
c93dee5141b63d08d3d8b0514cdfd4fb.bundle,第四日程芳談話,Say,リン･テイ,38,でもジェイがそう言うならいっか！,
c93dee5141b63d08d3d8b0514cdfd4fb.bundle,第四日程芳談話,Branch,#Simple,24,本当だ。,
c93dee5141b63d08d3d8b0514cdfd4fb.bundle,第四日程芳談話,Say,リン･テイ,39,よかった！,
c93dee5141b63d08d3d8b0514cdfd4fb.bundle,第四日程芳談話,Branch,#Simple,25,嘘だよ、バーカ。,
c93dee5141b63d08d3d8b0514cdfd4fb.bundle,第四日程芳談話,Say,リン･テイ,40,ちょっと、何よそれ！アハハハ！,
c93dee5141b63d08d3d8b0514cdfd4fb.bundle,第四日程芳談話,Branch,#Simple,26,心配しなくても、自分の身は自分で守る。,
c93dee5141b63d08d3d8b0514cdfd4fb.bundle,第四日程芳談話,Say,リン･テイ,41,……,
c93dee5141b63d08d3d8b0514cdfd4fb.bundle,第四日程芳談話,Say,リン･テイ,42,うん、わかった！,
c93dee5141b63d08d3d8b0514cdfd4fb.bundle,第四日程芳談話,Branch,#Simple,27,……,
c93dee5141b63d08d3d8b0514cdfd4fb.bundle,第四日程芳談話,Say,リン･テイ,43,以前とは立場が変わったね。,
c93dee5141b63d08d3d8b0514cdfd4fb.bundle,第四日程芳談話,Say,リン･テイ,44,前はジェイが私を止めてたよね。,
c93dee5141b63d08d3d8b0514cdfd4fb.bundle,第四日程芳談話,Say,リン･テイ,45,今は逆になっちゃった。,
c93dee5141b63d08d3d8b0514cdfd4fb.bundle,第四日程芳談話,Say,リン･テイ,46,立場が変わったことで、やっとあなたの気持ちがわかった。,
c93dee5141b63d08d3d8b0514cdfd4fb.bundle,第四日程芳談話,Say,リン･テイ,47,でも、私ってジェイほどしつこくないよね？,
c93dee5141b63d08d3d8b0514cdfd4fb.bundle,第四日程芳談話,Branch,#Simple,28,そうだな。,
c93dee5141b63d08d3d8b0514cdfd4fb.bundle,第四日程芳談話,Say,リン･テイ,48,よかった！,
c93dee5141b63d08d3d8b0514cdfd4fb.bundle,第四日程芳談話,Branch,#Simple,29,俺はリンと違って、ちゃんと意見を聞くからな。,
c93dee5141b63d08d3d8b0514cdfd4fb.bundle,第四日程芳談話,Say,リン･テイ,49,ハハハ、確かにそうね！,
c93dee5141b63d08d3d8b0514cdfd4fb.bundle,第四日程芳談話,Say,リン･テイ,50,……,
c93dee5141b63d08d3d8b0514cdfd4fb.bundle,第四日程芳談話,Say,リン･テイ,51,私……,
c93dee5141b63d08d3d8b0514cdfd4fb.bundle,第四日程芳談話,Say,リン･テイ,52,明日の作戦が心配なの……,
c93dee5141b63d08d3d8b0514cdfd4fb.bundle,第四日程芳談話,Say,リン･テイ,53,確かにジェイは改造人間だから、普通の人より強いけど……,
c93dee5141b63d08d3d8b0514cdfd4fb.bundle,第四日程芳談話,Say,リン･テイ,54,作戦が危険すぎる……,
c93dee5141b63d08d3d8b0514cdfd4fb.bundle,第四日程芳談話,Branch,#Simple,30,俺なら大丈夫だ。,
c93dee5141b63d08d3d8b0514cdfd4fb.bundle,第四日程芳談話,Say,リン･テイ,55,私も大丈夫だって信じてる！,
c93dee5141b63d08d3d8b0514cdfd4fb.bundle,第四日程芳談話,Branch,#Simple,31,危なそうだったらすぐ逃げるよ。,
c93dee5141b63d08d3d8b0514cdfd4fb.bundle,第四日程芳談話,Say,リン･テイ,56,うん、そうしてね！,
c93dee5141b63d08d3d8b0514cdfd4fb.bundle,第四日程芳談話,Branch,#Simple,32,……,
c93dee5141b63d08d3d8b0514cdfd4fb.bundle,第四日程芳談話,Say,リン･テイ,57,……,
c93dee5141b63d08d3d8b0514cdfd4fb.bundle,第四日程芳談話,Say,リン･テイ,58,今日、スイさんからあなたの改造に関する話を聞いたことで、逆に真実味を失った気がする……,
c93dee5141b63d08d3d8b0514cdfd4fb.bundle,第四日程芳談話,Say,リン･テイ,59,だって精神統一に仮想空間でしょ……,
c93dee5141b63d08d3d8b0514cdfd4fb.bundle,第四日程芳談話,Say,リン･テイ,60,ジェイはどう思う？,
c93dee5141b63d08d3d8b0514cdfd4fb.bundle,第四日程芳談話,Branch,#Simple,33,現実離れした話だと思ってる。,
c93dee5141b63d08d3d8b0514cdfd4fb.bundle,第四日程芳談話,Say,リン･テイ,61,でも、ジェイはすんなりと受け入れたでしょう？,
c93dee5141b63d08d3d8b0514cdfd4fb.bundle,第四日程芳談話,Branch,#Simple,34,俺は割と簡単に受け入れられた。,
c93dee5141b63d08d3d8b0514cdfd4fb.bundle,第四日程芳談話,Say,リン･テイ,62,確かにジェイって、何でもすんなりと受け入れるよね……,
c93dee5141b63d08d3d8b0514cdfd4fb.bundle,第四日程芳談話,Say,リン･テイ,63,あまり驚いたりしないし。,
c93dee5141b63d08d3d8b0514cdfd4fb.bundle,第四日程芳談話,Say,リン･テイ,64,私とは違う……,
c93dee5141b63d08d3d8b0514cdfd4fb.bundle,第四日程芳談話,Branch,#Simple,35,この件に関しては、もっと驚いてもいいと思う。,
c93dee5141b63d08d3d8b0514cdfd4fb.bundle,第四日程芳談話,Branch,#Simple,36,俺が鈍感なだけだ。,
c93dee5141b63d08d3d8b0514cdfd4fb.bundle,第四日程芳談話,Say,リン･テイ,65,ハハハ！,
c93dee5141b63d08d3d8b0514cdfd4fb.bundle,第四日程芳談話,Say,リン･テイ,66,そうね！,
c93dee5141b63d08d3d8b0514cdfd4fb.bundle,第四日程芳談話,Branch,#Simple,37,リンはそのままでいいと思う。,
c93dee5141b63d08d3d8b0514cdfd4fb.bundle,第四日程芳談話,Say,リン･テイ,67,へぇ～,
c93dee5141b63d08d3d8b0514cdfd4fb.bundle,第四日程芳談話,Say,リン･テイ,68,本当に～？,
c93dee5141b63d08d3d8b0514cdfd4fb.bundle,第四日程芳談話,Branch,#Simple,38,ああ。,
c93dee5141b63d08d3d8b0514cdfd4fb.bundle,第四日程芳談話,Say,リン･テイ,69,フフッ、それならいいけど！,
c93dee5141b63d08d3d8b0514cdfd4fb.bundle,第四日程芳談話,Branch,#Simple,39,いや、適当に言っただけだ。,
c93dee5141b63d08d3d8b0514cdfd4fb.bundle,第四日程芳談話,Say,リン･テイ,70,え！？言った言葉に責任くらい持ってよね！,
c93dee5141b63d08d3d8b0514cdfd4fb.bundle,第四日程芳談話,Branch,#Simple,40,……,
c93dee5141b63d08d3d8b0514cdfd4fb.bundle,第四日程芳談話,Branch,#Simple,41,俺はジェイ･ダイじゃないと言ったらどうする？,
c93dee5141b63d08d3d8b0514cdfd4fb.bundle,第四日程芳談話,Say,リン･テイ,71,……,
c93dee5141b63d08d3d8b0514cdfd4fb.bundle,第四日程芳談話,Say,リン･テイ,72,その冗談は笑えないよ！,
c93dee5141b63d08d3d8b0514cdfd4fb.bundle,第四日程芳談話,Say,リン･テイ,73,それにスイさんが遮断装置を撃ち込んだって言ってたでしょ。,
c93dee5141b63d08d3d8b0514cdfd4fb.bundle,第四日程芳談話,Branch,#Simple,42,理由は分からないが、その装置が効かなかったんだ。,
c93dee5141b63d08d3d8b0514cdfd4fb.bundle,第四日程芳談話,Say,リン･テイ,74,……,
c93dee5141b63d08d3d8b0514cdfd4fb.bundle,第四日程芳談話,Say,リン･テイ,75,本気で言ってるの……？,
c93dee5141b63d08d3d8b0514cdfd4fb.bundle,第四日程芳談話,Say,リン･テイ,76,あなた……,
c93dee5141b63d08d3d8b0514cdfd4fb.bundle,第四日程芳談話,Say,リン･テイ,77,ジェイじゃないの……？,
c93dee5141b63d08d3d8b0514cdfd4fb.bundle,第四日程芳談話,Say,リン･テイ,78,じゃ、あなたは……,
c93dee5141b63d08d3d8b0514cdfd4fb.bundle,第四日程芳談話,Say,ジェイ･ダイ,0,悪い。,
c93dee5141b63d08d3d8b0514cdfd4fb.bundle,第四日程芳談話,Say,ジェイ･ダイ,1,冗談だ。,
c93dee5141b63d08d3d8b0514cdfd4fb.bundle,第四日程芳談話,Say,リン･テイ,79,……,
c93dee5141b63d08d3d8b0514cdfd4fb.bundle,第四日程芳談話,Say,リン･テイ,80,もう、バカ！！！,
c93dee5141b63d08d3d8b0514cdfd4fb.bundle,第四日程芳談話,Branch,#Simple,43,適当に言っただけだ。,
c93dee5141b63d08d3d8b0514cdfd4fb.bundle,第四日程芳談話,Say,リン･テイ,81,つまんない冗談はやめてよね！,
c93dee5141b63d08d3d8b0514cdfd4fb.bundle,第四日程芳談話,Say,リン･テイ,82,本当に怖かったのよ！,
c93dee5141b63d08d3d8b0514cdfd4fb.bundle,第四日程芳談話,Say,リン･テイ,83,はぁ……,
c93dee5141b63d08d3d8b0514cdfd4fb.bundle,第四日程芳談話,Say,リン･テイ,84,今の私はナーバスだから、そういうのはやめて！,
c93dee5141b63d08d3d8b0514cdfd4fb.bundle,第四日程芳談話,Branch,#Simple,44,わかったよ、ごめん。,
c93dee5141b63d08d3d8b0514cdfd4fb.bundle,第四日程芳談話,Branch,#Simple,45,わかった。,
c93dee5141b63d08d3d8b0514cdfd4fb.bundle,第四日程芳談話,Say,リン･テイ,85,フンッ……！,
c93dee5141b63d08d3d8b0514cdfd4fb.bundle,第四日程芳談話,Say,リン･テイ,86,……,
c93dee5141b63d08d3d8b0514cdfd4fb.bundle,第四日程芳談話,Say,心の声,2,リンの表情が暗くなった……,
c93dee5141b63d08d3d8b0514cdfd4fb.bundle,第四日程芳談話,Say,リン･テイ,87,例え万象の一件が終わったとしても、あなたはフクロウに狙われる。,
c93dee5141b63d08d3d8b0514cdfd4fb.bundle,第四日程芳談話,Say,リン･テイ,88,それに、もし訓練が上手くいかなかったら、あなたは……,
c93dee5141b63d08d3d8b0514cdfd4fb.bundle,第四日程芳談話,Branch,#Simple,46,心配ない。俺なら入隊できるはずだ。,
c93dee5141b63d08d3d8b0514cdfd4fb.bundle,第四日程芳談話,Say,リン･テイ,89,うん、信じてる。,
c93dee5141b63d08d3d8b0514cdfd4fb.bundle,第四日程芳談話,Branch,#Simple,47,俺たちは逃げるべきだと思うか？,
c93dee5141b63d08d3d8b0514cdfd4fb.bundle,第四日程芳談話,Say,リン･テイ,90,……,
c93dee5141b63d08d3d8b0514cdfd4fb.bundle,第四日程芳談話,Say,リン･テイ,91,それは無理だと思う。,
c93dee5141b63d08d3d8b0514cdfd4fb.bundle,第四日程芳談話,Say,リン･テイ,92,フクロウの実態を知らないから何とも言えないけど……,
c93dee5141b63d08d3d8b0514cdfd4fb.bundle,第四日程芳談話,Say,リン･テイ,93,スイさんや23号みたいな凄腕のエージェントだらけだとしたら……,
c93dee5141b63d08d3d8b0514cdfd4fb.bundle,第四日程芳談話,Say,リン･テイ,94,逃げるのは不可能だと思う。,
c93dee5141b63d08d3d8b0514cdfd4fb.bundle,第四日程芳談話,Branch,#Simple,48,……,
c93dee5141b63d08d3d8b0514cdfd4fb.bundle,第四日程芳談話,Say,リン･テイ,95,……,
c93dee5141b63d08d3d8b0514cdfd4fb.bundle,第四日程芳談話,Say,リン･テイ,96,それに例えフクロウに入隊できたとしても、私たちはある程度の制限を科せられると思う。,
c93dee5141b63d08d3d8b0514cdfd4fb.bundle,第四日程芳談話,Branch,#Simple,49,どういう意味だ？,
c93dee5141b63d08d3d8b0514cdfd4fb.bundle,第四日程芳談話,Branch,#Simple,50,自由を手にするためにフクロウに入隊するのにか？,
c93dee5141b63d08d3d8b0514cdfd4fb.bundle,第四日程芳談話,Say,リン･テイ,97,うん。,
c93dee5141b63d08d3d8b0514cdfd4fb.bundle,第四日程芳談話,Branch,#Simple,51,……,
c93dee5141b63d08d3d8b0514cdfd4fb.bundle,第四日程芳談話,Say,リン･テイ,98,フクロウに入隊したら、あなたはたくさんの裏側を知ることになる。,
c93dee5141b63d08d3d8b0514cdfd4fb.bundle,第四日程芳談話,Say,リン･テイ,99,企業のスキャンダルに政府の汚職、表に顔を出すことのない人物の素性……,
c93dee5141b63d08d3d8b0514cdfd4fb.bundle,第四日程芳談話,Say,リン･テイ,100,それらの秘密を漏らさないように、何らかの方法で監視されるはずよ。,
c93dee5141b63d08d3d8b0514cdfd4fb.bundle,第四日程芳談話,Say,リン･テイ,101,そして、その監視は自分の親しい人にも及ぶ。,
c93dee5141b63d08d3d8b0514cdfd4fb.bundle,第四日程芳談話,Say,リン･テイ,102,悪質な場合、エージェントの家族たちを脅してたりもするでしょうね。,
c93dee5141b63d08d3d8b0514cdfd4fb.bundle,第四日程芳談話,Branch,#Simple,52,スイ･ニンからはそんな話は聞いてないはずだ。,
c93dee5141b63d08d3d8b0514cdfd4fb.bundle,第四日程芳談話,Say,リン･テイ,103,多分わざと言わなかったのよ。,
c93dee5141b63d08d3d8b0514cdfd4fb.bundle,第四日程芳談話,Say,リン･テイ,104,彼女からしてみると、言ったところで私たちに残された選択肢は一つしかない。,
c93dee5141b63d08d3d8b0514cdfd4fb.bundle,第四日程芳談話,Say,リン･テイ,105,だったら、話すことで悩まれるより、訓練に集中した方が最善だ……,
c93dee5141b63d08d3d8b0514cdfd4fb.bundle,第四日程芳談話,Say,リン･テイ,106,彼女ならそう考えるでしょうね。,
c93dee5141b63d08d3d8b0514cdfd4fb.bundle,第四日程芳談話,Branch,#Simple,53,リンが想像してるより、フクロウが優しい集団の可能性もあるだろう？,
c93dee5141b63d08d3d8b0514cdfd4fb.bundle,第四日程芳談話,Say,リン･テイ,107,確かにそれもあり得る。,
c93dee5141b63d08d3d8b0514cdfd4fb.bundle,第四日程芳談話,Say,リン･テイ,108,でも、想像より酷い可能性もある。,
c93dee5141b63d08d3d8b0514cdfd4fb.bundle,第四日程芳談話,Branch,#Simple,54,……,
c93dee5141b63d08d3d8b0514cdfd4fb.bundle,第四日程芳談話,Say,心の声,3,リン……,
c93dee5141b63d08d3d8b0514cdfd4fb.bundle,第四日程芳談話,Say,リン･テイ,109,わかってる。,
c93dee5141b63d08d3d8b0514cdfd4fb.bundle,第四日程芳談話,Say,リン･テイ,110,ジェイがフクロウに入ったら、デモに参加したりはもうできない。,
c93dee5141b63d08d3d8b0514cdfd4fb.bundle,第四日程芳談話,Say,リン･テイ,111,私が情熱を傾けていたことは、もう出来なくなる。,
c93dee5141b63d08d3d8b0514cdfd4fb.bundle,第四日程芳談話,Say,リン･テイ,112,……,
c93dee5141b63d08d3d8b0514cdfd4fb.bundle,第四日程芳談話,Say,リン･テイ,113,言っておくけど、これはジェイのせいじゃないからね！,
c93dee5141b63d08d3d8b0514cdfd4fb.bundle,第四日程芳談話,Say,リン･テイ,114,私だって、ジェイと別れる選択はできるわけだし。,
c93dee5141b63d08d3d8b0514cdfd4fb.bundle,第四日程芳談話,Say,リン･テイ,115,でも私はジェイの方が大事だから。,
c93dee5141b63d08d3d8b0514cdfd4fb.bundle,第四日程芳談話,Say,リン･テイ,116,一緒にいたいの。,
c93dee5141b63d08d3d8b0514cdfd4fb.bundle,第四日程芳談話,Say,リン･テイ,117,だからあなたを選んだ。,
c93dee5141b63d08d3d8b0514cdfd4fb.bundle,第四日程芳談話,Say,リン･テイ,118,それでもなお、あなたに罪悪感を持つのは、私に失礼だからね！,
c93dee5141b63d08d3d8b0514cdfd4fb.bundle,第四日程芳談話,Say,リン･テイ,119,わかった？,
c93dee5141b63d08d3d8b0514cdfd4fb.bundle,第四日程芳談話,Branch,#Simple,55,わかった。,
c93dee5141b63d08d3d8b0514cdfd4fb.bundle,第四日程芳談話,Say,リン･テイ,120,よろしい！,
c93dee5141b63d08d3d8b0514cdfd4fb.bundle,第四日程芳談話,Branch,#Simple,56,でも俺はリンの人生を縛りたくない。,
c93dee5141b63d08d3d8b0514cdfd4fb.bundle,第四日程芳談話,Say,リン･テイ,121,……,
c93dee5141b63d08d3d8b0514cdfd4fb.bundle,第四日程芳談話,Say,リン･テイ,122,わかってる。,
c93dee5141b63d08d3d8b0514cdfd4fb.bundle,第四日程芳談話,Branch,#Simple,57,……,
c93dee5141b63d08d3d8b0514cdfd4fb.bundle,第四日程芳談話,Say,リン･テイ,123,それとね……,
c93dee5141b63d08d3d8b0514cdfd4fb.bundle,第四日程芳談話,Say,リン･テイ,124,私はジェイに、私の選択を尊重してほしいと言ったよね。,
c93dee5141b63d08d3d8b0514cdfd4fb.bundle,第四日程芳談話,Say,リン･テイ,125,私も同じよ。,
c93dee5141b63d08d3d8b0514cdfd4fb.bundle,第四日程芳談話,Say,リン･テイ,126,これから何が起きようと……,
c93dee5141b63d08d3d8b0514cdfd4fb.bundle,第四日程芳談話,Say,リン･テイ,127,私は必ずあなたの選択を受け入れる。,
c93dee5141b63d08d3d8b0514cdfd4fb.bundle,第四日程芳談話,Say,リン･テイ,128,私なりの受け入れ方でね。,
c93dee5141b63d08d3d8b0514cdfd4fb.bundle,第四日程芳談話,Say,リン･テイ,129,わかった？,
c93dee5141b63d08d3d8b0514cdfd4fb.bundle,第四日程芳談話,Branch,#Simple,58,ああ。,
c93dee5141b63d08d3d8b0514cdfd4fb.bundle,第四日程芳談話,Say,リン･テイ,130,よし！,
c93dee5141b63d08d3d8b0514cdfd4fb.bundle,第四日程芳談話,Branch,#Simple,59,愛してるよ。,
c93dee5141b63d08d3d8b0514cdfd4fb.bundle,第四日程芳談話,Say,リン･テイ,131,……私も愛してる。,
c93dee5141b63d08d3d8b0514cdfd4fb.bundle,麵攤後續,Say,心の声,0,……,
c93dee5141b63d08d3d8b0514cdfd4fb.bundle,麵攤後續,Say,心の声,1,リンの言う通りだ。,
c93dee5141b63d08d3d8b0514cdfd4fb.bundle,麵攤後續,Say,心の声,2,俺が思っていたより……,
c93dee5141b63d08d3d8b0514cdfd4fb.bundle,麵攤後續,Say,心の声,3,彼女たちはずっと不安定だ……,
c93dee5141b63d08d3d8b0514cdfd4fb.bundle,麵攤後續,Say,心の声,4,……,
c93dee5141b63d08d3d8b0514cdfd4fb.bundle,麵攤後續,Say,心の声,5,後で俺を精神制御しているやつと話さないと……,
c93dee5141b63d08d3d8b0514cdfd4fb.bundle,麵攤後續,Say,心の声,6,……,
c93dee5141b63d08d3d8b0514cdfd4fb.bundle,麵攤後續,Say,心の声,7,……何で今そんなことを思ったんだ？,
c93dee5141b63d08d3d8b0514cdfd4fb.bundle,麵攤後續,Say,心の声,8,精神制御している……？,
c93dee5141b63d08d3d8b0514cdfd4fb.bundle,麵攤後續,Say,心の声,9,クソッ、頭が……,
c93dee5141b63d08d3d8b0514cdfd4fb.bundle,敲23門,Say,23,0,誰？,
c93dee5141b63d08d3d8b0514cdfd4fb.bundle,敲23門,Branch,#Simple,0,俺だ。,
c93dee5141b63d08d3d8b0514cdfd4fb.bundle,敲23門,Branch,#Simple,1,23号か？,
c93dee5141b63d08d3d8b0514cdfd4fb.bundle,敲23門,Say,23,1,うん。,
c93dee5141b63d08d3d8b0514cdfd4fb.bundle,敲23門,Say,23,2,何か用？,
c93dee5141b63d08d3d8b0514cdfd4fb.bundle,敲23門,Branch,#Simple,2,スイ･ニンの怪我の様子を見に来ただけだ。,
c93dee5141b63d08d3d8b0514cdfd4fb.bundle,敲23門,Say,23,3,見かけによらず優しいのね。,
c93dee5141b63d08d3d8b0514cdfd4fb.bundle,敲23門,Branch,#Simple,3,いや、見に来ただけだ。,
c93dee5141b63d08d3d8b0514cdfd4fb.bundle,敲23門,Say,23,4,アハハ、この暇人が！,
c93dee5141b63d08d3d8b0514cdfd4fb.bundle,敲23門,Say,23,5,今はちょっと立て込んでるから、また明日話そう？,
c93dee5141b63d08d3d8b0514cdfd4fb.bundle,敲23門,Say,23,6,じゃ、おやすみ！,
c93dee5141b63d08d3d8b0514cdfd4fb.bundle,敲23門,Branch,#Simple,4,おやすみ。,
c93dee5141b63d08d3d8b0514cdfd4fb.bundle,敲23門,Branch,#Simple,5,ああ。,
c93dee5141b63d08d3d8b0514cdfd4fb.bundle,敲23門,Branch,#Simple,6,……,
c93dee5141b63d08d3d8b0514cdfd4fb.bundle,敲23門,Say,心の声,0,……,
c93dee5141b63d08d3d8b0514cdfd4fb.bundle,敲23門,Say,心の声,1,23号の声、震えていたように感じた……,
c93dee5141b63d08d3d8b0514cdfd4fb.bundle,敲23門,Say,心の声,2,気のせいか？,
c93dee5141b63d08d3d8b0514cdfd4fb.bundle,回房,Say,心の声,0,……,
c93dee5141b63d08d3d8b0514cdfd4fb.bundle,回房,Say,心の声,1,リンはもう寝たのか……,
c93dee5141b63d08d3d8b0514cdfd4fb.bundle,回房,Say,リン･テイ,0,ん……,
c93dee5141b63d08d3d8b0514cdfd4fb.bundle,回房,Say,リン･テイ,1,あれ……？,
c93dee5141b63d08d3d8b0514cdfd4fb.bundle,回房,Say,リン･テイ,2,ジェイ、帰って来たの？ごめん、先に寝てた……,
c93dee5141b63d08d3d8b0514cdfd4fb.bundle,回房,Branch,#Simple,0,そのまま寝ていいよ。,
c93dee5141b63d08d3d8b0514cdfd4fb.bundle,回房,Say,リン･テイ,3,うん……,
c93dee5141b63d08d3d8b0514cdfd4fb.bundle,回房,Branch,#Simple,1,ただいま。そして、おやすみ。,
c93dee5141b63d08d3d8b0514cdfd4fb.bundle,回房,Say,リン･テイ,4,おや……すみ……,
c93dee5141b63d08d3d8b0514cdfd4fb.bundle,回房,Branch,#Simple,2,……,
c93dee5141b63d08d3d8b0514cdfd4fb.bundle,回房,Say,心の声,2,俺は……,
c93dee5141b63d08d3d8b0514cdfd4fb.bundle,回房,Say,リン･テイ,5,大丈夫……全て……上手くいくから……,
c93dee5141b63d08d3d8b0514cdfd4fb.bundle,回房,Say,リン･テイ,6,大丈夫だからね……ジェイ……,
c93dee5141b63d08d3d8b0514cdfd4fb.bundle,回房,Say,リン･テイ,7,信じて……,
c93dee5141b63d08d3d8b0514cdfd4fb.bundle,回房,Say,心の声,3,リン……,
c93dee5141b63d08d3d8b0514cdfd4fb.bundle,回房,Say,心の声,4,……,
c93dee5141b63d08d3d8b0514cdfd4fb.bundle,回房,Say,心の声,5,俺も寝よう。,
c93dee5141b63d08d3d8b0514cdfd4fb.bundle,回房,Say,心の声,6,先にシャワーを浴びよう。,
c93dee5141b63d08d3d8b0514cdfd4fb.bundle,回房,Say,リュウセイ･チョウ,0,ジェイの兄貴。,
c93dee5141b63d08d3d8b0514cdfd4fb.bundle,回房,Say,心の声,7,リュウセイ……？,
c93dee5141b63d08d3d8b0514cdfd4fb.bundle,回房,Say,リュウセイ･チョウ,1,さっきは気まずい感じに別れちゃったっすけど……,
c93dee5141b63d08d3d8b0514cdfd4fb.bundle,回房,Say,リュウセイ･チョウ,2,お願いしたいことがあるっす。,
c93dee5141b63d08d3d8b0514cdfd4fb.bundle,回房,Say,リュウセイ･チョウ,3,遅く帰ることを23姉に連絡しようと電話をかけたけど、全然繋がらなくて。,
c93dee5141b63d08d3d8b0514cdfd4fb.bundle,回房,Say,リュウセイ･チョウ,4,心配だから、23姉とスイ姉の状況を確認してほしいっす。,
c93dee5141b63d08d3d8b0514cdfd4fb.bundle,回房,Say,リュウセイ･チョウ,5,僕の考えすぎだと思うっすけど。,
c93dee5141b63d08d3d8b0514cdfd4fb.bundle,回房,Say,リュウセイ･チョウ,6,じゃ、お願いしやす。,
c93dee5141b63d08d3d8b0514cdfd4fb.bundle,回房,Say,心の声,8,切られた……,
c93dee5141b63d08d3d8b0514cdfd4fb.bundle,回到司徒基地2,Say,リュウセイ･チョウ,0,うーん……,
c93dee5141b63d08d3d8b0514cdfd4fb.bundle,回到司徒基地2,Say,リン･テイ,0,……,
c93dee5141b63d08d3d8b0514cdfd4fb.bundle,回到司徒基地2,Say,リュウセイ･チョウ,1,……何か作業しているみたいっすね。,
c93dee5141b63d08d3d8b0514cdfd4fb.bundle,回到司徒基地2,Say,リュウセイ･チョウ,2,……,
c93dee5141b63d08d3d8b0514cdfd4fb.bundle,回到司徒基地2,Say,リン･テイ,1,……もしかして、彼女怒ってる？,
c93dee5141b63d08d3d8b0514cdfd4fb.bundle,回到司徒基地2,Say,リュウセイ･チョウ,3,た、多分何か物を落としただけっすよ。,
c93dee5141b63d08d3d8b0514cdfd4fb.bundle,回到司徒基地2,Say,23,0,よっ、みんな。,
c93dee5141b63d08d3d8b0514cdfd4fb.bundle,回到司徒基地2,Say,リュウセイ･チョウ,4,よっ。,
c93dee5141b63d08d3d8b0514cdfd4fb.bundle,回到司徒基地2,Say,リン･テイ,2,よっ。,
c93dee5141b63d08d3d8b0514cdfd4fb.bundle,回到司徒基地2,Branch,#Simple,0,よっ。,
c93dee5141b63d08d3d8b0514cdfd4fb.bundle,回到司徒基地2,Branch,#Simple,1,……,
c93dee5141b63d08d3d8b0514cdfd4fb.bundle,回到司徒基地2,Say,23,1,子どもたちはもう安全な場所に届けたよ。,
c93dee5141b63d08d3d8b0514cdfd4fb.bundle,回到司徒基地2,Say,23,2,皆のおかげで、今回の最優先目標は達成ね。,
c93dee5141b63d08d3d8b0514cdfd4fb.bundle,回到司徒基地2,Say,23,3,皆、よくやったわ。,
c93dee5141b63d08d3d8b0514cdfd4fb.bundle,回到司徒基地2,Say,リュウセイ･チョウ,5,……僕は何もしてないっす。,
c93dee5141b63d08d3d8b0514cdfd4fb.bundle,回到司徒基地2,Say,23,4,……,
c93dee5141b63d08d3d8b0514cdfd4fb.bundle,回到司徒基地2,Say,23,5,それと……,
c93dee5141b63d08d3d8b0514cdfd4fb.bundle,回到司徒基地2,Say,23,6,助っ人がうちらとの協力関係を解除した。,
c93dee5141b63d08d3d8b0514cdfd4fb.bundle,回到司徒基地2,Say,リュウセイ･チョウ,6,え？どうしてっすか？,
c93dee5141b63d08d3d8b0514cdfd4fb.bundle,回到司徒基地2,Say,23,7,多分スイと何かあったんでしょうね。,
c93dee5141b63d08d3d8b0514cdfd4fb.bundle,回到司徒基地2,Say,リュウセイ･チョウ,7,何かって……？,
c93dee5141b63d08d3d8b0514cdfd4fb.bundle,回到司徒基地2,Say,リュウセイ･チョウ,8,ジェイの兄貴が言ってた撤退と関係あるっすか？,
c93dee5141b63d08d3d8b0514cdfd4fb.bundle,回到司徒基地2,Say,23,8,撤退？なんのこと？,
c93dee5141b63d08d3d8b0514cdfd4fb.bundle,回到司徒基地2,Say,23,9,ジェイ、教えて。,
c93dee5141b63d08d3d8b0514cdfd4fb.bundle,回到司徒基地2,Say,心の声,0,圧を感じる……,
c93dee5141b63d08d3d8b0514cdfd4fb.bundle,回到司徒基地2,Branch,#Simple,2,俺たちには、子どもを見捨てれば、撤退できるチャンスがあった。,
c93dee5141b63d08d3d8b0514cdfd4fb.bundle,回到司徒基地2,Say,23,10,つまり、ホワイトリザードたちと戦う必要はなかったってことね……,
c93dee5141b63d08d3d8b0514cdfd4fb.bundle,回到司徒基地2,Say,23,11,……,
c93dee5141b63d08d3d8b0514cdfd4fb.bundle,回到司徒基地2,Say,23,12,……,
c93dee5141b63d08d3d8b0514cdfd4fb.bundle,回到司徒基地2,Say,23,13,……,
c93dee5141b63d08d3d8b0514cdfd4fb.bundle,回到司徒基地2,Say,23,14,……それで、それが助っ人とどんな関係が？,
c93dee5141b63d08d3d8b0514cdfd4fb.bundle,回到司徒基地2,Branch,#Simple,3,彼女のやり方に反対した助っ人を、スイ･ニンが行動不能にした。,
c93dee5141b63d08d3d8b0514cdfd4fb.bundle,回到司徒基地2,Say,23,15,行動不能？,
c93dee5141b63d08d3d8b0514cdfd4fb.bundle,回到司徒基地2,Say,23,16,……何をしたの。,
c93dee5141b63d08d3d8b0514cdfd4fb.bundle,回到司徒基地2,Branch,#Simple,4,電気ショックを与えて気絶させた。,
c93dee5141b63d08d3d8b0514cdfd4fb.bundle,回到司徒基地2,Branch,#Simple,5,とにかく、助っ人を動けなくしたんだ。,
c93dee5141b63d08d3d8b0514cdfd4fb.bundle,回到司徒基地2,Say,23,17,……,
c93dee5141b63d08d3d8b0514cdfd4fb.bundle,回到司徒基地2,Branch,#Simple,6,彼女のやり方に反対した助っ人を、スイ･ニンが電気ショックで気絶させた。,
c93dee5141b63d08d3d8b0514cdfd4fb.bundle,回到司徒基地2,Say,23,18,……,
c93dee5141b63d08d3d8b0514cdfd4fb.bundle,回到司徒基地2,Say,23,19,……電気ショックで！？,
c93dee5141b63d08d3d8b0514cdfd4fb.bundle,回到司徒基地2,Say,23,20,……,
c93dee5141b63d08d3d8b0514cdfd4fb.bundle,回到司徒基地2,Say,23,21,だからあの男、あんなに怒ってたのね。,
c93dee5141b63d08d3d8b0514cdfd4fb.bundle,回到司徒基地2,Say,23,22,まったく……,
c93dee5141b63d08d3d8b0514cdfd4fb.bundle,回到司徒基地2,Say,23,23,彼にはこの件の口止め料として、いくつか重要な情報を渡したの。,
c93dee5141b63d08d3d8b0514cdfd4fb.bundle,回到司徒基地2,Say,23,24,こんなことを続けてたら、いずれスイはフクロウ全体を敵に回す。,
c93dee5141b63d08d3d8b0514cdfd4fb.bundle,回到司徒基地2,Say,リュウセイ･チョウ,9,23姉だって助っ人を脅してたじゃないっすか！,
c93dee5141b63d08d3d8b0514cdfd4fb.bundle,回到司徒基地2,Say,23,25,……そうね。,
c93dee5141b63d08d3d8b0514cdfd4fb.bundle,回到司徒基地2,Say,リュウセイ･チョウ,10,あれ……,
c93dee5141b63d08d3d8b0514cdfd4fb.bundle,回到司徒基地2,Say,心の声,1,リンがこっちを見た……？,
c93dee5141b63d08d3d8b0514cdfd4fb.bundle,回到司徒基地2,Branch,#Simple,7,直接スイ･ニンから聞いてくれ。,
c93dee5141b63d08d3d8b0514cdfd4fb.bundle,回到司徒基地2,Branch,#Simple,8,いや、大したことじゃない。,
c93dee5141b63d08d3d8b0514cdfd4fb.bundle,回到司徒基地2,Say,23,26,……,
c93dee5141b63d08d3d8b0514cdfd4fb.bundle,回到司徒基地2,Say,23,27,わかった。後でスイから直接聞く。,
c93dee5141b63d08d3d8b0514cdfd4fb.bundle,回到司徒基地2,Say,23,28,とにかく。,
c93dee5141b63d08d3d8b0514cdfd4fb.bundle,回到司徒基地2,Say,23,29,スイと他のエージェントがもうすぐホワイトリザードを逮捕するはずだから、今は待とう。,
c93dee5141b63d08d3d8b0514cdfd4fb.bundle,回到司徒基地2,Say,リン･テイ,3,あの……,
c93dee5141b63d08d3d8b0514cdfd4fb.bundle,回到司徒基地2,Say,リン･テイ,4,子どもたちは助けられたけど、万象が子どもを買ってた目的はまだわからないのよね？,
c93dee5141b63d08d3d8b0514cdfd4fb.bundle,回到司徒基地2,Say,23,30,……うん、今はね。,
c93dee5141b63d08d3d8b0514cdfd4fb.bundle,回到司徒基地2,Say,23,31,……,
c93dee5141b63d08d3d8b0514cdfd4fb.bundle,回到司徒基地2,Say,リュウセイ･チョウ,11,23姉、実は……,
c93dee5141b63d08d3d8b0514cdfd4fb.bundle,回到司徒基地2,Say,リュウセイ･チョウ,12,どうしても腑に落ちないことがあるっす。,
c93dee5141b63d08d3d8b0514cdfd4fb.bundle,回到司徒基地2,Say,23,32,言ってみなさい。,
c93dee5141b63d08d3d8b0514cdfd4fb.bundle,回到司徒基地2,Say,リュウセイ･チョウ,13,何でホワイトリザードは子どもたちを人質に取って、スイ姉に自害を強要しないっすか？,
c93dee5141b63d08d3d8b0514cdfd4fb.bundle,回到司徒基地2,Say,23,33,……,
c93dee5141b63d08d3d8b0514cdfd4fb.bundle,回到司徒基地2,Say,リュウセイ･チョウ,14,だって、子どもって何人もいるっすよね？,
c93dee5141b63d08d3d8b0514cdfd4fb.bundle,回到司徒基地2,Say,リュウセイ･チョウ,15,ホワイトリザードが残忍なやつなら……,
c93dee5141b63d08d3d8b0514cdfd4fb.bundle,回到司徒基地2,Say,心の声,2,子どもの命と引き換えに、スイ姉に自害を促せばいいだけっすよ。,
c93dee5141b63d08d3d8b0514cdfd4fb.bundle,回到司徒基地2,Say,23,34,……,
c93dee5141b63d08d3d8b0514cdfd4fb.bundle,回到司徒基地2,Say,23,35,そんなの通用しない。,
c93dee5141b63d08d3d8b0514cdfd4fb.bundle,回到司徒基地2,Say,23,36,スイは子どもたちの命より、自分の命の方が大事なのよ。,
c93dee5141b63d08d3d8b0514cdfd4fb.bundle,回到司徒基地2,Say,リュウセイ･チョウ,16,え？それ本当っすか？,
c93dee5141b63d08d3d8b0514cdfd4fb.bundle,回到司徒基地2,Say,リュウセイ･チョウ,17,スイ姉なら、自分を犠牲にしてでも子どもたちを助けそうなのに……,
c93dee5141b63d08d3d8b0514cdfd4fb.bundle,回到司徒基地2,Say,23,37,……あんたはまだ彼女のことを理解できていない。,
c93dee5141b63d08d3d8b0514cdfd4fb.bundle,回到司徒基地2,Say,リュウセイ･チョウ,18,……,
c93dee5141b63d08d3d8b0514cdfd4fb.bundle,回到司徒基地2,Say,23,38,話題を変えよう。うちは……,
c93dee5141b63d08d3d8b0514cdfd4fb.bundle,回到司徒基地3,Say,スイ･ニン,0,ホワイトリザードが逃げた。,
c93dee5141b63d08d3d8b0514cdfd4fb.bundle,回到司徒基地3,Say,23,0,スイ……,
c93dee5141b63d08d3d8b0514cdfd4fb.bundle,回到司徒基地3,Say,スイ･ニン,1,誤算だった。まさか彼らがホワイトリザードを庇うとは……,
c93dee5141b63d08d3d8b0514cdfd4fb.bundle,回到司徒基地3,Say,心の声,0,スイ･ニンの声が震えている。かなり怒っているようだ……,
c93dee5141b63d08d3d8b0514cdfd4fb.bundle,回到司徒基地3,Say,スイ･ニン,2,フクロウが急に援護を止め、私にも撤退を命じてきた。,
c93dee5141b63d08d3d8b0514cdfd4fb.bundle,回到司徒基地3,Say,23,1,待って、一人でホワイトリザードを追ってたの？,
c93dee5141b63d08d3d8b0514cdfd4fb.bundle,回到司徒基地3,Say,スイ･ニン,3,ああ、返り討ちされたよ。,
c93dee5141b63d08d3d8b0514cdfd4fb.bundle,回到司徒基地3,Say,23,2,<y>あんたバカなの！？</y>,
c93dee5141b63d08d3d8b0514cdfd4fb.bundle,回到司徒基地3,Say,23,3,あんな重傷の体で、一人で追うなんて……！,
c93dee5141b63d08d3d8b0514cdfd4fb.bundle,回到司徒基地3,Say,スイ･ニン,4,……,
c93dee5141b63d08d3d8b0514cdfd4fb.bundle,回到司徒基地3,Say,スイ･ニン,5,ホワイトリザードが万象に情報を流す危険性があるから仕方ない。,
c93dee5141b63d08d3d8b0514cdfd4fb.bundle,回到司徒基地3,Say,スイ･ニン,6,それにフクロウが万象を庇うなら、私もより踏み込んだ行動に出るしかない。,
c93dee5141b63d08d3d8b0514cdfd4fb.bundle,回到司徒基地3,Say,23,4,……踏み込んだ行動？,
c93dee5141b63d08d3d8b0514cdfd4fb.bundle,回到司徒基地3,Say,23,5,フクロウは万象を庇うつもりなのよね？,
c93dee5141b63d08d3d8b0514cdfd4fb.bundle,回到司徒基地3,Say,23,6,それなら諦めるべきよ……,
c93dee5141b63d08d3d8b0514cdfd4fb.bundle,回到司徒基地3,Say,23,7,あんたも、それはわかってるでしょう？,
c93dee5141b63d08d3d8b0514cdfd4fb.bundle,回到司徒基地3,Say,スイ･ニン,7,……,
c93dee5141b63d08d3d8b0514cdfd4fb.bundle,回到司徒基地3,Say,スイ･ニン,8,子どもを人体実験に使い、フクロウが指名手配している犯人を彼らは雇った……,
c93dee5141b63d08d3d8b0514cdfd4fb.bundle,回到司徒基地3,Say,スイ･ニン,9,これは絶対に許されないことだ。むしろそれがわからないのか！,
c93dee5141b63d08d3d8b0514cdfd4fb.bundle,回到司徒基地3,Say,23,8,それはわかるけど……,
c93dee5141b63d08d3d8b0514cdfd4fb.bundle,回到司徒基地3,Say,スイ･ニン,10,ここで誰も止めなければ……,
c93dee5141b63d08d3d8b0514cdfd4fb.bundle,回到司徒基地3,Say,スイ･ニン,11,各企業は利益のために、次々と法を踏みにじり、より過激な行動に移るだけだ。,
c93dee5141b63d08d3d8b0514cdfd4fb.bundle,回到司徒基地3,Say,23,9,わかってるよ……,
c93dee5141b63d08d3d8b0514cdfd4fb.bundle,回到司徒基地3,Say,スイ･ニン,12,今、この歪んだ社会を正せるのは、私たちしかいない……,
c93dee5141b63d08d3d8b0514cdfd4fb.bundle,回到司徒基地3,Say,23,10,それもわかってる……,
c93dee5141b63d08d3d8b0514cdfd4fb.bundle,回到司徒基地3,Say,スイ･ニン,13,わかってるなら、明日の作戦会議を始めよう。,
c93dee5141b63d08d3d8b0514cdfd4fb.bundle,回到司徒基地3,Say,23,11,私はもう、あんたが傷つくのを見たくない。,
c93dee5141b63d08d3d8b0514cdfd4fb.bundle,回到司徒基地3,Say,23,12,……,
c93dee5141b63d08d3d8b0514cdfd4fb.bundle,回到司徒基地3,Say,心の声,1,23号……,
c93dee5141b63d08d3d8b0514cdfd4fb.bundle,回到司徒基地3,Say,心の声,2,……泣いている？,
c93dee5141b63d08d3d8b0514cdfd4fb.bundle,回到司徒基地3,Say,23,13,……,
c93dee5141b63d08d3d8b0514cdfd4fb.bundle,回到司徒基地3,Say,23,14,今日だって撤退のチャンスがあったのに、あんたは……！,
c93dee5141b63d08d3d8b0514cdfd4fb.bundle,回到司徒基地3,Say,心の声,3,スイ･ニンがこっちを見た……,
c93dee5141b63d08d3d8b0514cdfd4fb.bundle,回到司徒基地3,Say,23,15,あんたはいつもそう！,
c93dee5141b63d08d3d8b0514cdfd4fb.bundle,回到司徒基地3,Say,23,16,もうあんたのことが分からない……！,
c93dee5141b63d08d3d8b0514cdfd4fb.bundle,回到司徒基地3,Say,スイ･ニン,14,……,
c93dee5141b63d08d3d8b0514cdfd4fb.bundle,回到司徒基地3,Say,スイ･ニン,15,申し訳ないが、私は正しい決断をしたと思っている。,
c93dee5141b63d08d3d8b0514cdfd4fb.bundle,回到司徒基地3,Say,スイ･ニン,16,ホワイトリザードたちに挑んでも、私が生き残れる確率は高かった。それに事実、その通りだった。,
c93dee5141b63d08d3d8b0514cdfd4fb.bundle,回到司徒基地3,Say,スイ･ニン,17,それに、この話にはもう結論がついている。,
c93dee5141b63d08d3d8b0514cdfd4fb.bundle,回到司徒基地3,Say,スイ･ニン,18,私が傷つくのは当然のことだ。,
c93dee5141b63d08d3d8b0514cdfd4fb.bundle,回到司徒基地3,Say,スイ･ニン,19,私とあなたはいつ死んでもおかしくない。これは私たちの……,
c93dee5141b63d08d3d8b0514cdfd4fb.bundle,回到司徒基地3,Say,23,17,私が言ってるのは肉体の話だけじゃない。,
c93dee5141b63d08d3d8b0514cdfd4fb.bundle,回到司徒基地3,Say,23,18,スイの心よ。,
c93dee5141b63d08d3d8b0514cdfd4fb.bundle,回到司徒基地3,Say,スイ･ニン,20,……心？,
c93dee5141b63d08d3d8b0514cdfd4fb.bundle,回到司徒基地3,Say,スイ･ニン,21,私がメンタルを病んでいたことが一度でもあったか？,
c93dee5141b63d08d3d8b0514cdfd4fb.bundle,回到司徒基地3,Say,23,19,一度もないからこそ、本当に病んだ時が……,
c93dee5141b63d08d3d8b0514cdfd4fb.bundle,回到司徒基地3,Say,23,20,怖いのよ。,
c93dee5141b63d08d3d8b0514cdfd4fb.bundle,回到司徒基地3,Say,スイ･ニン,22,……,
c93dee5141b63d08d3d8b0514cdfd4fb.bundle,回到司徒基地3,Say,スイ･ニン,23,今はそんなことを話し合っている暇はない……,
c93dee5141b63d08d3d8b0514cdfd4fb.bundle,回到司徒基地3,Say,スイ･ニン,24,明日の作戦会議が終わった後にしよう。,
c93dee5141b63d08d3d8b0514cdfd4fb.bundle,回到司徒基地3,Say,スイ･ニン,25,いいね？,
c93dee5141b63d08d3d8b0514cdfd4fb.bundle,回到司徒基地3,Say,スイ･ニン,26,……,
c93dee5141b63d08d3d8b0514cdfd4fb.bundle,回到司徒基地3,Say,23,21,うん。,
c93dee5141b63d08d3d8b0514cdfd4fb.bundle,回到司徒基地3,Say,23,22,……,
c93dee5141b63d08d3d8b0514cdfd4fb.bundle,回到司徒基地3,Say,スイ･ニン,27,23号、こっちを見るんだ。,
c93dee5141b63d08d3d8b0514cdfd4fb.bundle,回到司徒基地3,Say,スイ･ニン,28,もし休息が必要なら、無理にこの作戦に参加する必要はない。,
c93dee5141b63d08d3d8b0514cdfd4fb.bundle,回到司徒基地3,Say,スイ･ニン,29,この件で君を苦しめたくはない。,
c93dee5141b63d08d3d8b0514cdfd4fb.bundle,回到司徒基地3,Say,スイ･ニン,30,もし本当に無理なら、しばらく休暇を取ることを勧める。,
c93dee5141b63d08d3d8b0514cdfd4fb.bundle,回到司徒基地3,Say,スイ･ニン,31,だから真剣に考えてくれ。,
c93dee5141b63d08d3d8b0514cdfd4fb.bundle,回到司徒基地3,Say,スイ･ニン,32,君は、まだやれるか？,
c93dee5141b63d08d3d8b0514cdfd4fb.bundle,回到司徒基地3,Say,23,23,はぁ……,
c93dee5141b63d08d3d8b0514cdfd4fb.bundle,回到司徒基地3,Say,23,24,やれる。,
c93dee5141b63d08d3d8b0514cdfd4fb.bundle,回到司徒基地3,Say,23,25,もう大丈夫。,
c93dee5141b63d08d3d8b0514cdfd4fb.bundle,回到司徒基地3,Say,23,26,ごめん、ちょっと気が動転しただけなの。,
c93dee5141b63d08d3d8b0514cdfd4fb.bundle,回到司徒基地3,Say,23,27,あんたが今日、死ぬかと思っちゃって……,
c93dee5141b63d08d3d8b0514cdfd4fb.bundle,回到司徒基地3,Say,スイ･ニン,33,23号、君が謝る必要はない。,
c93dee5141b63d08d3d8b0514cdfd4fb.bundle,回到司徒基地3,Say,23,28,うん。,
c93dee5141b63d08d3d8b0514cdfd4fb.bundle,回到司徒基地3,Say,23,29,……,
c93dee5141b63d08d3d8b0514cdfd4fb.bundle,回到司徒基地3,Say,23,30,うん、もう大丈夫。,
c93dee5141b63d08d3d8b0514cdfd4fb.bundle,回到司徒基地3,Say,23,31,どうせスイがいつも通り、すべての問題を解決してくれるからね！,
c93dee5141b63d08d3d8b0514cdfd4fb.bundle,回到司徒基地3,Say,スイ･ニン,34,……,
c93dee5141b63d08d3d8b0514cdfd4fb.bundle,回到司徒基地3,Say,23,32,よしっ！,
c93dee5141b63d08d3d8b0514cdfd4fb.bundle,回到司徒基地3,Say,23,33,もう大丈夫！うちは元気よ！,
c93dee5141b63d08d3d8b0514cdfd4fb.bundle,回到司徒基地3,Say,23,34,本当にもう心配しないで！,
c93dee5141b63d08d3d8b0514cdfd4fb.bundle,回到司徒基地3,Say,スイ･ニン,35,ならいいが。,
c93dee5141b63d08d3d8b0514cdfd4fb.bundle,回到司徒基地3,Say,スイ･ニン,36,……,
c93dee5141b63d08d3d8b0514cdfd4fb.bundle,回到司徒基地3,Say,スイ･ニン,37,では、まずは現在の状況を説明する。,
c93dee5141b63d08d3d8b0514cdfd4fb.bundle,回到司徒基地3,Say,スイ･ニン,38,ホワイトリザードには逃げられたが、私は彼に発信器を仕掛けた。,
c93dee5141b63d08d3d8b0514cdfd4fb.bundle,回到司徒基地3,Say,スイ･ニン,39,最後の位置情報によると、彼はセラーによく似た地下施設に入ったようだ。,
c93dee5141b63d08d3d8b0514cdfd4fb.bundle,回到司徒基地3,Say,スイ･ニン,40,地下施設の情報をすでに23号に送ったが、この施設はセラーよりずっと大きい。,
c93dee5141b63d08d3d8b0514cdfd4fb.bundle,回到司徒基地3,Say,23,35,……,
c93dee5141b63d08d3d8b0514cdfd4fb.bundle,回到司徒基地3,Say,23,36,これは……,
c93dee5141b63d08d3d8b0514cdfd4fb.bundle,回到司徒基地3,Say,23,37,この施設も万象の持ち物みたいだけど、政府への登記はされていないようね。,
c93dee5141b63d08d3d8b0514cdfd4fb.bundle,回到司徒基地3,Say,23,38,この施設の構造を見る限り、おそらく研究室ね……,
c93dee5141b63d08d3d8b0514cdfd4fb.bundle,回到司徒基地3,Say,リン･テイ,0,レッドボックスには登記されていない秘密の研究所がある……,
c93dee5141b63d08d3d8b0514cdfd4fb.bundle,回到司徒基地3,Say,リン･テイ,1,でもこれほど大きい施設は知らないわね。,
c93dee5141b63d08d3d8b0514cdfd4fb.bundle,回到司徒基地3,Say,23,39,なるほど……,
c93dee5141b63d08d3d8b0514cdfd4fb.bundle,回到司徒基地3,Say,23,40,どれどれ……,
c93dee5141b63d08d3d8b0514cdfd4fb.bundle,回到司徒基地3,Say,23,41,うん、リンリンの推理は正しいかも。,
c93dee5141b63d08d3d8b0514cdfd4fb.bundle,回到司徒基地3,Say,23,42,レッドボックスの研究者のアクセス記録がこの施設に多数残っている。,
c93dee5141b63d08d3d8b0514cdfd4fb.bundle,回到司徒基地3,Say,23,43,……！,
c93dee5141b63d08d3d8b0514cdfd4fb.bundle,回到司徒基地3,Say,23,44,それにこの施設は、万象のすべての演算工場とケーブルで繋がっているみたいね……,
c93dee5141b63d08d3d8b0514cdfd4fb.bundle,回到司徒基地3,Say,リン･テイ,2,……ということは！,
c93dee5141b63d08d3d8b0514cdfd4fb.bundle,回到司徒基地3,Say,スイ･ニン,41,余分な演算力はここから供給されていた。,
c93dee5141b63d08d3d8b0514cdfd4fb.bundle,回到司徒基地3,Say,リュウセイ･チョウ,0,お！やっと真実を突き止められたっすね！,
c93dee5141b63d08d3d8b0514cdfd4fb.bundle,回到司徒基地3,Say,スイ･ニン,42,いや、まだだ。中の状況がまだ分からない内は断言できない。,
c93dee5141b63d08d3d8b0514cdfd4fb.bundle,回到司徒基地3,Say,スイ･ニン,43,一刻も早くこの施設に侵入するべきだ。,
c93dee5141b63d08d3d8b0514cdfd4fb.bundle,回到司徒基地3,Say,23,45,一刻も早く……？,
c93dee5141b63d08d3d8b0514cdfd4fb.bundle,回到司徒基地3,Say,リン･テイ,3,何でそんなに急いでいるの？,
c93dee5141b63d08d3d8b0514cdfd4fb.bundle,回到司徒基地3,Say,スイ･ニン,44,……,
c93dee5141b63d08d3d8b0514cdfd4fb.bundle,回到司徒基地3,Say,スイ･ニン,45,私が仕掛けた発信器には盗聴機能も搭載されている。,
c93dee5141b63d08d3d8b0514cdfd4fb.bundle,回到司徒基地3,Say,リュウセイ･チョウ,1,あのクズが何か言ってたってことっすか……？,
c93dee5141b63d08d3d8b0514cdfd4fb.bundle,回到司徒基地3,Say,スイ･ニン,46,聞こえてきた彼の話によれば……,
c93dee5141b63d08d3d8b0514cdfd4fb.bundle,回到司徒基地3,Say,スイ･ニン,47,あの施設の中には300人ほど収容されており、無理やり危険な人体実験を強いられているようだ。,
c93dee5141b63d08d3d8b0514cdfd4fb.bundle,回到司徒基地3,Say,スイ･ニン,48,痛覚を刺激することによる、演算力の供給率向上の実験だ。,
c93dee5141b63d08d3d8b0514cdfd4fb.bundle,回到司徒基地3,Say,23,46,まさか……,
c93dee5141b63d08d3d8b0514cdfd4fb.bundle,回到司徒基地3,Say,23,47,万象は何百人も地下に閉じ込めて、虐待を繰り返してたってこと……？,
c93dee5141b63d08d3d8b0514cdfd4fb.bundle,回到司徒基地3,Say,リン･テイ,4,そんな……,
c93dee5141b63d08d3d8b0514cdfd4fb.bundle,回到司徒基地3,Say,リュウセイ･チョウ,2,クズ野郎どもが……！,
c93dee5141b63d08d3d8b0514cdfd4fb.bundle,回到司徒基地3,Say,23,48,これこそが、彼らがずっと隠し続けていたことね……,
c93dee5141b63d08d3d8b0514cdfd4fb.bundle,回到司徒基地3,Say,23,49,あの大量の演算力は、こんな酷い方法で生産されてたのね……,
c93dee5141b63d08d3d8b0514cdfd4fb.bundle,回到司徒基地3,Say,23,50,これが、「眠り神」なのかな……？,
c93dee5141b63d08d3d8b0514cdfd4fb.bundle,回到司徒基地3,Say,23,51,でもそれなら、全てが合致する。,
c93dee5141b63d08d3d8b0514cdfd4fb.bundle,回到司徒基地3,Say,スイ･ニン,49,どういうことだ？,
c93dee5141b63d08d3d8b0514cdfd4fb.bundle,回到司徒基地3,Say,23,52,ずっと言うタイミングを逃してたのよ。,
c93dee5141b63d08d3d8b0514cdfd4fb.bundle,回到司徒基地3,Say,23,53,実はジェイのおかげで……,
c93dee5141b63d08d3d8b0514cdfd4fb.bundle,回到司徒基地3,Say,23,54,レッドボックスと連絡を取り合っていたサイレントの人間を見つけたの。,
c93dee5141b63d08d3d8b0514cdfd4fb.bundle,回到司徒基地3,Say,23,55,ジェイの推測通り、ジーンだった。,
c93dee5141b63d08d3d8b0514cdfd4fb.bundle,回到司徒基地3,Say,23,56,閉鎖派の手先である彼女は、レッドボックスとも関わってるし、眠り神のことも知っていた。,
c93dee5141b63d08d3d8b0514cdfd4fb.bundle,回到司徒基地3,Say,スイ･ニン,50,……彼女を調べて何かわかったことは？,
c93dee5141b63d08d3d8b0514cdfd4fb.bundle,回到司徒基地3,Say,23,57,眠り神計画はサイレント設立前からあったみたいで、もう数年以上も続いている。,
c93dee5141b63d08d3d8b0514cdfd4fb.bundle,回到司徒基地3,Say,23,58,彼らはこの計画のために、巨大な秘密研究施設を建てたらしいの。,
c93dee5141b63d08d3d8b0514cdfd4fb.bundle,回到司徒基地3,Say,23,59,おそらく、うちらが発見した施設でしょうね。,
c93dee5141b63d08d3d8b0514cdfd4fb.bundle,回到司徒基地3,Say,スイ･ニン,51,多くの人間を収容して、人体実験をしている可能性が高い……,
c93dee5141b63d08d3d8b0514cdfd4fb.bundle,回到司徒基地3,Say,リン･テイ,5,ま、待って。確か300人以上って言ってたわよね……？,
c93dee5141b63d08d3d8b0514cdfd4fb.bundle,回到司徒基地3,Say,リン･テイ,6,こんな人数をどうやって集めたの？,
c93dee5141b63d08d3d8b0514cdfd4fb.bundle,回到司徒基地3,Say,スイ･ニン,52,おそらく「ゴミ溜め」で誘拐、拉致したのだろう。,
c93dee5141b63d08d3d8b0514cdfd4fb.bundle,回到司徒基地3,Say,リュウセイ･チョウ,3,300人もの人を？誰か気づくはずっすよ。,
c93dee5141b63d08d3d8b0514cdfd4fb.bundle,回到司徒基地3,Say,スイ･ニン,53,「ゴミ溜め」の住む8割以上が戸籍を持っていない。また身寄りのない者も多くいる。,
c93dee5141b63d08d3d8b0514cdfd4fb.bundle,回到司徒基地3,Say,スイ･ニン,54,彼らが突然失踪しても誰も気にしないし、探してもくれない。,
c93dee5141b63d08d3d8b0514cdfd4fb.bundle,回到司徒基地3,Say,リン･テイ,7,でも、誰にも気づかれずに「ゴミ溜め」から人を調達できるなら……,
c93dee5141b63d08d3d8b0514cdfd4fb.bundle,回到司徒基地3,Say,リン･テイ,8,何で今回はこんなにも大がかりな取引をしたの？,
c93dee5141b63d08d3d8b0514cdfd4fb.bundle,回到司徒基地3,Say,23,60,……今回のターゲットが子どもだからよ。,
c93dee5141b63d08d3d8b0514cdfd4fb.bundle,回到司徒基地3,Say,23,61,子どもが失踪したら、親は探すでしょう？,
c93dee5141b63d08d3d8b0514cdfd4fb.bundle,回到司徒基地3,Say,スイ･ニン,55,それでは大ごとになりかねない。,
c93dee5141b63d08d3d8b0514cdfd4fb.bundle,回到司徒基地3,Say,23,62,……,
c93dee5141b63d08d3d8b0514cdfd4fb.bundle,回到司徒基地3,Say,23,63,スイ、盗聴器はまだ機能してる？,
c93dee5141b63d08d3d8b0514cdfd4fb.bundle,回到司徒基地3,Say,スイ･ニン,56,何百人もの人間が人体実験されているという話が聞こえた後、切れてしまった。,
c93dee5141b63d08d3d8b0514cdfd4fb.bundle,回到司徒基地3,Say,23,64,電波の問題？それども盗聴器がバレた？,
c93dee5141b63d08d3d8b0514cdfd4fb.bundle,回到司徒基地3,Say,スイ･ニン,57,わからない。,
c93dee5141b63d08d3d8b0514cdfd4fb.bundle,回到司徒基地3,Say,23,65,……,
c93dee5141b63d08d3d8b0514cdfd4fb.bundle,回到司徒基地3,Say,スイ･ニン,58,君の言いたいことはわかる。,
c93dee5141b63d08d3d8b0514cdfd4fb.bundle,回到司徒基地3,Say,スイ･ニン,59,これはホワイトリザードが、私をあの施設におびき寄せるために、わざと漏らした情報だと言いたいのだろう。,
c93dee5141b63d08d3d8b0514cdfd4fb.bundle,回到司徒基地3,Say,23,66,60%の確率で罠よ。,
c93dee5141b63d08d3d8b0514cdfd4fb.bundle,回到司徒基地3,Say,スイ･ニン,60,私は80%だと思っている。,
c93dee5141b63d08d3d8b0514cdfd4fb.bundle,回到司徒基地3,Say,23,67,それでも、あんたは行くでしょう？,
c93dee5141b63d08d3d8b0514cdfd4fb.bundle,回到司徒基地3,Say,スイ･ニン,61,その施設で非人道的な人体実験が行われている確率は40%だ。,
c93dee5141b63d08d3d8b0514cdfd4fb.bundle,回到司徒基地3,Say,23,68,……,
c93dee5141b63d08d3d8b0514cdfd4fb.bundle,回到司徒基地3,Say,23,69,その40%の可能性のために、あんたは自分を危険に晒すのね。,
c93dee5141b63d08d3d8b0514cdfd4fb.bundle,回到司徒基地3,Say,スイ･ニン,62,彼らの苦しみを考えれば、例え10%でも私は行かなければならない。,
c93dee5141b63d08d3d8b0514cdfd4fb.bundle,回到司徒基地3,Say,リュウセイ･チョウ,4,……,
c93dee5141b63d08d3d8b0514cdfd4fb.bundle,回到司徒基地3,Say,リュウセイ･チョウ,5,ぼ、僕はスイ姉に賛成っす！,
c93dee5141b63d08d3d8b0514cdfd4fb.bundle,回到司徒基地3,Say,リュウセイ･チョウ,6,作戦はどうするっすか？,
c93dee5141b63d08d3d8b0514cdfd4fb.bundle,回到司徒基地3,Say,リュウセイ･チョウ,7,直接研究施設に押しかけて、彼らを助けるっすか？,
c93dee5141b63d08d3d8b0514cdfd4fb.bundle,回到司徒基地3,Say,23,70,それは無理よ。,
c93dee5141b63d08d3d8b0514cdfd4fb.bundle,回到司徒基地3,Say,23,71,見知らぬ場所から、何百人もの人間を無事に救い出すのは容易じゃない。,
c93dee5141b63d08d3d8b0514cdfd4fb.bundle,回到司徒基地3,Say,23,72,しかも、あそこにはフル武装した警備員もいるし、トラップが仕掛けられている可能性も高い。,
c93dee5141b63d08d3d8b0514cdfd4fb.bundle,回到司徒基地3,Say,23,73,スイ、さすがに無謀過ぎるよ……,
c93dee5141b63d08d3d8b0514cdfd4fb.bundle,回到司徒基地3,Say,スイ･ニン,63,……,
c93dee5141b63d08d3d8b0514cdfd4fb.bundle,回到司徒基地3,Say,スイ･ニン,64,明日の作戦は彼らを助けるのが目的ではない。,
c93dee5141b63d08d3d8b0514cdfd4fb.bundle,回到司徒基地3,Say,スイ･ニン,65,まずは施設に潜入し、証拠を手に入れる。,
c93dee5141b63d08d3d8b0514cdfd4fb.bundle,回到司徒基地3,Say,スイ･ニン,66,証拠が手に入り次第……,
c93dee5141b63d08d3d8b0514cdfd4fb.bundle,回到司徒基地3,Say,リュウセイ･チョウ,8,その証拠を公開して、万象に彼らを解放してもらうってことっすね！,
c93dee5141b63d08d3d8b0514cdfd4fb.bundle,回到司徒基地3,Say,スイ･ニン,67,……,
c93dee5141b63d08d3d8b0514cdfd4fb.bundle,回到司徒基地3,Say,23,74,リュウセイ、今は大人が話す時間よ。,
c93dee5141b63d08d3d8b0514cdfd4fb.bundle,回到司徒基地3,Say,リュウセイ･チョウ,9,でも、その通りっすよね……？,
c93dee5141b63d08d3d8b0514cdfd4fb.bundle,回到司徒基地3,Say,スイ･ニン,68,人体実験の証拠を公にすれば、政府が万象の調査を始める……,
c93dee5141b63d08d3d8b0514cdfd4fb.bundle,回到司徒基地3,Say,スイ･ニン,69,しかし、万象はその調査から全力で逃れようとするはずだ。,
c93dee5141b63d08d3d8b0514cdfd4fb.bundle,回到司徒基地3,Say,リン･テイ,9,それにより調査は難航し、その間に万象は証拠を揉み消す……,
c93dee5141b63d08d3d8b0514cdfd4fb.bundle,回到司徒基地3,Say,23,75,真っ先に消されるのは、人体実験をされていた人たちよ。つまり……,
c93dee5141b63d08d3d8b0514cdfd4fb.bundle,回到司徒基地3,Say,スイ･ニン,70,彼らは皆殺しにされる。,
c93dee5141b63d08d3d8b0514cdfd4fb.bundle,回到司徒基地3,Say,スイ･ニン,71,さっきも言った通り、実験に使われている人々には戸籍がない。,
c93dee5141b63d08d3d8b0514cdfd4fb.bundle,回到司徒基地3,Say,スイ･ニン,72,彼らをいくら殺そうとも、万象にはなんのリスクもない。,
c93dee5141b63d08d3d8b0514cdfd4fb.bundle,回到司徒基地3,Say,リン･テイ,10,じゃ、一体どうすれば……,
c93dee5141b63d08d3d8b0514cdfd4fb.bundle,回到司徒基地3,Say,スイ･ニン,73,……,
c93dee5141b63d08d3d8b0514cdfd4fb.bundle,回到司徒基地3,Say,23,76,スイ……,
c93dee5141b63d08d3d8b0514cdfd4fb.bundle,回到司徒基地3,Say,23,77,これは唯一の方法よ。,
c93dee5141b63d08d3d8b0514cdfd4fb.bundle,回到司徒基地3,Say,スイ･ニン,74,……,
c93dee5141b63d08d3d8b0514cdfd4fb.bundle,回到司徒基地3,Say,スイ･ニン,75,私は明日、手に入れた証拠とともに万象に交渉を持ちかける。,
c93dee5141b63d08d3d8b0514cdfd4fb.bundle,回到司徒基地3,Say,スイ･ニン,76,研究施設のことを公にしない代わりに、即時実験を中止させ、彼らの解放を求める。,
c93dee5141b63d08d3d8b0514cdfd4fb.bundle,回到司徒基地3,Say,リン･テイ,11,そんな簡単にいくかしら？だって解放された人たちが万象を訴える可能性もあるでしょう？,
c93dee5141b63d08d3d8b0514cdfd4fb.bundle,回到司徒基地3,Say,スイ･ニン,77,いや、公にすることによるリスクの方が高いから、彼らは受け入れるはずだ。,
c93dee5141b63d08d3d8b0514cdfd4fb.bundle,回到司徒基地3,Say,スイ･ニン,78,それにいくら訴えたとしても……,
c93dee5141b63d08d3d8b0514cdfd4fb.bundle,回到司徒基地3,Say,スイ･ニン,79,残念ながら、薬物中毒者の「ゴミ溜め」連中の妄言として処理されるだけだろう。,
c93dee5141b63d08d3d8b0514cdfd4fb.bundle,回到司徒基地3,Say,スイ･ニン,80,それと私は今回の交渉でジェイとリンの安全も保証してもらうつもりだ。,
c93dee5141b63d08d3d8b0514cdfd4fb.bundle,回到司徒基地3,Say,スイ･ニン,81,これ以上、二人には手出ししないと約束させる。これで二人も晴れて自由だ。,
c93dee5141b63d08d3d8b0514cdfd4fb.bundle,回到司徒基地3,Branch,#Simple,0,万象がそんな簡単に諦めるのか？,
c93dee5141b63d08d3d8b0514cdfd4fb.bundle,回到司徒基地3,Branch,#Simple,1,ただの口約束だけじゃ信用できない。,
c93dee5141b63d08d3d8b0514cdfd4fb.bundle,回到司徒基地3,Say,スイ･ニン,82,正直な話、二人は万象にとってそれほど重要ではないはずだ。,
c93dee5141b63d08d3d8b0514cdfd4fb.bundle,回到司徒基地3,Say,スイ･ニン,83,私が証拠を公にすることと、二人を見逃すことは、天秤に掛ける必要もない。,
c93dee5141b63d08d3d8b0514cdfd4fb.bundle,回到司徒基地3,Say,スイ･ニン,84,万象はいくつも悪事を働いているが、だからって悪行を尽くしたいわけではない。,
c93dee5141b63d08d3d8b0514cdfd4fb.bundle,回到司徒基地3,Say,スイ･ニン,85,彼らは利益欲しさに、悪事に手を染めているだけだ。,
c93dee5141b63d08d3d8b0514cdfd4fb.bundle,回到司徒基地3,Say,スイ･ニン,86,我々に証拠を公開されるリスクを冒してまで……,
c93dee5141b63d08d3d8b0514cdfd4fb.bundle,回到司徒基地3,Say,スイ･ニン,87,あなたたちを追うメリットはない。,
c93dee5141b63d08d3d8b0514cdfd4fb.bundle,回到司徒基地3,Branch,#Simple,2,……,
c93dee5141b63d08d3d8b0514cdfd4fb.bundle,回到司徒基地3,Say,リン･テイ,12,……,
c93dee5141b63d08d3d8b0514cdfd4fb.bundle,回到司徒基地3,Say,リン･テイ,13,合理的な解決策だと思う。,
c93dee5141b63d08d3d8b0514cdfd4fb.bundle,回到司徒基地3,Say,心の声,4,リン……,
c93dee5141b63d08d3d8b0514cdfd4fb.bundle,回到司徒基地3,Say,心の声,5,俺はリンの安全が保証されるなら……,
c93dee5141b63d08d3d8b0514cdfd4fb.bundle,回到司徒基地3,Say,リュウセイ･チョウ,10,冗談っすよね……？,
c93dee5141b63d08d3d8b0514cdfd4fb.bundle,回到司徒基地3,Say,スイ･ニン,88,リュウセイ……,
c93dee5141b63d08d3d8b0514cdfd4fb.bundle,回到司徒基地3,Say,リュウセイ･チョウ,11,スイ姉は冗談を言っただけっすよね……？,
c93dee5141b63d08d3d8b0514cdfd4fb.bundle,回到司徒基地3,Say,リュウセイ･チョウ,12,あの万象を見逃すつもりっすか？,
c93dee5141b63d08d3d8b0514cdfd4fb.bundle,回到司徒基地3,Say,リュウセイ･チョウ,13,人体実験のことを公にしないと、彼らが裁かれることはない。,
c93dee5141b63d08d3d8b0514cdfd4fb.bundle,回到司徒基地3,Say,リュウセイ･チョウ,14,それって、ここまで頑張ってきたことに何の意味があるっすか？,
c93dee5141b63d08d3d8b0514cdfd4fb.bundle,回到司徒基地3,Say,リュウセイ･チョウ,15,……,
c93dee5141b63d08d3d8b0514cdfd4fb.bundle,回到司徒基地3,Say,リュウセイ･チョウ,16,僕は……,
c93dee5141b63d08d3d8b0514cdfd4fb.bundle,回到司徒基地3,Say,リュウセイ･チョウ,17,……,
c93dee5141b63d08d3d8b0514cdfd4fb.bundle,回到司徒基地3,Say,スイ･ニン,89,……,
c93dee5141b63d08d3d8b0514cdfd4fb.bundle,回到司徒基地3,Say,スイ･ニン,90,リュウセイ、これはすべての人を救える唯一の方法だ。,
c93dee5141b63d08d3d8b0514cdfd4fb.bundle,回到司徒基地3,Say,リュウセイ･チョウ,18,だからって万象まで助けるつもりっすか！？,
c93dee5141b63d08d3d8b0514cdfd4fb.bundle,回到司徒基地3,Say,スイ･ニン,91,……,
c93dee5141b63d08d3d8b0514cdfd4fb.bundle,回到司徒基地3,Say,リュウセイ･チョウ,19,作戦会議はこれで終わりっすか？,
c93dee5141b63d08d3d8b0514cdfd4fb.bundle,回到司徒基地3,Say,スイ･ニン,92,ええ。詳細はまた明日話そう。,
c93dee5141b63d08d3d8b0514cdfd4fb.bundle,回到司徒基地3,Say,リュウセイ･チョウ,20,じゃ、先に失礼するっす……,
c93dee5141b63d08d3d8b0514cdfd4fb.bundle,回到司徒基地5,Say,スイ･ニン,0,23号……,
c93dee5141b63d08d3d8b0514cdfd4fb.bundle,回到司徒基地5,Say,23,0,うん、処理しとく。,
c93dee5141b63d08d3d8b0514cdfd4fb.bundle,回到司徒基地5,Say,23,1,彼らに……,
c93dee5141b63d08d3d8b0514cdfd4fb.bundle,回到司徒基地5,Say,23,2,話すことがあるんでしょう。,
c93dee5141b63d08d3d8b0514cdfd4fb.bundle,回到司徒基地5,Say,スイ･ニン,1,……ありがとう。,
c93dee5141b63d08d3d8b0514cdfd4fb.bundle,司徒單獨談2,Say,リン･テイ,0,……,
c93dee5141b63d08d3d8b0514cdfd4fb.bundle,司徒單獨談2,Say,リン･テイ,1,スイさん、質問してもいい……？,
c93dee5141b63d08d3d8b0514cdfd4fb.bundle,司徒單獨談2,Say,スイ･ニン,0,もちろんだ。,
c93dee5141b63d08d3d8b0514cdfd4fb.bundle,司徒單獨談2,Say,リン･テイ,2,精神制御されている時、元々の意識がその仮想空間に閉じ込められるなら……,
c93dee5141b63d08d3d8b0514cdfd4fb.bundle,司徒單獨談2,Say,リン･テイ,3,体を操っているのは他の意識ってことなの？,
c93dee5141b63d08d3d8b0514cdfd4fb.bundle,司徒單獨談2,Say,スイ･ニン,1,……,
c93dee5141b63d08d3d8b0514cdfd4fb.bundle,司徒單獨談2,Say,スイ･ニン,2,そういうことになる。,
c93dee5141b63d08d3d8b0514cdfd4fb.bundle,司徒單獨談2,Say,スイ･ニン,3,改造人間の精神制御は、ラジコンみたいなものではない……,
c93dee5141b63d08d3d8b0514cdfd4fb.bundle,司徒單獨談2,Say,スイ･ニン,4,どちらかというと、体の中に他の意識が侵入してくるような感じだ。,
c93dee5141b63d08d3d8b0514cdfd4fb.bundle,司徒單獨談2,Say,リン･テイ,4,じゃ、その空間で……その……,
c93dee5141b63d08d3d8b0514cdfd4fb.bundle,司徒單獨談2,Say,スイ･ニン,5,侵入してきた意識を見ることはあるのかどうか？,
c93dee5141b63d08d3d8b0514cdfd4fb.bundle,司徒單獨談2,Say,リン･テイ,5,うん……,
c93dee5141b63d08d3d8b0514cdfd4fb.bundle,司徒單獨談2,Say,スイ･ニン,6,……,
c93dee5141b63d08d3d8b0514cdfd4fb.bundle,司徒單獨談2,Say,スイ･ニン,7,時にはそういうことも起きる。,
c93dee5141b63d08d3d8b0514cdfd4fb.bundle,司徒單獨談2,Say,スイ･ニン,8,大体は私が眠っている時に稀に起きる。,
c93dee5141b63d08d3d8b0514cdfd4fb.bundle,司徒單獨談2,Say,スイ･ニン,9,眠っている間は侵入してきた意識も、その仮想空間に来てしまう。,
c93dee5141b63d08d3d8b0514cdfd4fb.bundle,司徒單獨談2,Say,スイ･ニン,10,だが訓練を続ければ、精神制御中に無理やりその意識を仮想空間に引き込むことが出来る。,
c93dee5141b63d08d3d8b0514cdfd4fb.bundle,司徒單獨談2,Say,リン･テイ,6,そんなことができるの？,
c93dee5141b63d08d3d8b0514cdfd4fb.bundle,司徒單獨談2,Say,スイ･ニン,11,……ええ。,
c93dee5141b63d08d3d8b0514cdfd4fb.bundle,司徒單獨談2,Say,スイ･ニン,12,これは私の実体験だが……,
c93dee5141b63d08d3d8b0514cdfd4fb.bundle,司徒單獨談2,Say,スイ･ニン,13,……,
c93dee5141b63d08d3d8b0514cdfd4fb.bundle,司徒單獨談2,Say,スイ･ニン,14,これは私が最後に精神制御された時の話だ。,
c93dee5141b63d08d3d8b0514cdfd4fb.bundle,司徒單獨談2,Say,スイ･ニン,15,私が祖母や他のエージェントとともにフクロウの本部にいた時……,
c93dee5141b63d08d3d8b0514cdfd4fb.bundle,司徒單獨談2,Say,スイ･ニン,16,突然、体から意識が引き離されたかのように、自分の体を感じることができなくなった。,
c93dee5141b63d08d3d8b0514cdfd4fb.bundle,司徒單獨談2,Say,スイ･ニン,17,そして私の体は銃を構え始めた……,
c93dee5141b63d08d3d8b0514cdfd4fb.bundle,司徒單獨談2,Say,スイ･ニン,18,一方で私は、仮想空間からそれを見ていることしかできなかった……,
c93dee5141b63d08d3d8b0514cdfd4fb.bundle,司徒單獨談2,Say,スイ･ニン,19,しかし私の怒りの感情に作用したのか、侵入しきた意識を仮想空間に引き込んだ。,
c93dee5141b63d08d3d8b0514cdfd4fb.bundle,司徒單獨談2,Say,スイ･ニン,20,その意識もかなり驚いていたようだが、そちらから話そうとはしなかった。,
c93dee5141b63d08d3d8b0514cdfd4fb.bundle,司徒單獨談2,Say,スイ･ニン,21,……,
c93dee5141b63d08d3d8b0514cdfd4fb.bundle,司徒單獨談2,Say,リン･テイ,7,最後はどうなったの……？,
c93dee5141b63d08d3d8b0514cdfd4fb.bundle,司徒單獨談2,Say,スイ･ニン,22,私が絞め殺した。,
c93dee5141b63d08d3d8b0514cdfd4fb.bundle,司徒單獨談2,Say,心の声,0,なにっ……！？,
c93dee5141b63d08d3d8b0514cdfd4fb.bundle,司徒單獨談2,Say,スイ･ニン,23,その後、私が精神制御されたことは一度もない。それに改造の能力もすべて使えるようになった。,
c93dee5141b63d08d3d8b0514cdfd4fb.bundle,司徒單獨談2,Branch,#Simple,0,絞め殺した？つまり、侵入してきた意識を殺せるのか？,
c93dee5141b63d08d3d8b0514cdfd4fb.bundle,司徒單獨談2,Say,スイ･ニン,24,それについては、よくわからない。,
c93dee5141b63d08d3d8b0514cdfd4fb.bundle,司徒單獨談2,Say,スイ･ニン,25,でも確かにこの手で、その命を奪った感覚があった。,
c93dee5141b63d08d3d8b0514cdfd4fb.bundle,司徒單獨談2,Branch,#Simple,1,……,
c93dee5141b63d08d3d8b0514cdfd4fb.bundle,司徒單獨談2,Say,心の声,1,俺は……,
c93dee5141b63d08d3d8b0514cdfd4fb.bundle,司徒單獨談2,Say,心の声,2,俺は……,
c93dee5141b63d08d3d8b0514cdfd4fb.bundle,司徒單獨談2,Say,心の声,3,……,
c93dee5141b63d08d3d8b0514cdfd4fb.bundle,司徒單獨談2,Say,リン･テイ,8,ジェイ？,
c93dee5141b63d08d3d8b0514cdfd4fb.bundle,司徒單獨談2,Say,心の声,4,……,
c93dee5141b63d08d3d8b0514cdfd4fb.bundle,司徒單獨談2,Say,リン･テイ,9,大丈夫？,
c93dee5141b63d08d3d8b0514cdfd4fb.bundle,司徒單獨談2,Say,リン･テイ,10,ジェイってば！,
c93dee5141b63d08d3d8b0514cdfd4fb.bundle,司徒單獨談2,Branch,#Simple,2,ああ、大丈夫だ。,
c93dee5141b63d08d3d8b0514cdfd4fb.bundle,司徒單獨談2,Branch,#Simple,3,少しぼーっとしてただけだ。,
c93dee5141b63d08d3d8b0514cdfd4fb.bundle,司徒單獨談2,Say,リン･テイ,11,……,
c93dee5141b63d08d3d8b0514cdfd4fb.bundle,司徒單獨談2,Say,リン･テイ,12,スイさん、これは……？,
c93dee5141b63d08d3d8b0514cdfd4fb.bundle,司徒單獨談2,Say,スイ･ニン,26,……,
c93dee5141b63d08d3d8b0514cdfd4fb.bundle,司徒單獨談2,Say,スイ･ニン,27,もしかしたら、ジェイの精神統一が思った以上に早く上手くいっているのかもしれない。,
c93dee5141b63d08d3d8b0514cdfd4fb.bundle,司徒單獨談2,Say,リン･テイ,13,それは、いいことよね？,
c93dee5141b63d08d3d8b0514cdfd4fb.bundle,司徒單獨談2,Say,スイ･ニン,28,ええ。,
c93dee5141b63d08d3d8b0514cdfd4fb.bundle,司徒單獨談2,Say,リン･テイ,14,ふぅ……,
c93dee5141b63d08d3d8b0514cdfd4fb.bundle,司徒單獨談2,Say,スイ･ニン,29,……,
c93dee5141b63d08d3d8b0514cdfd4fb.bundle,司徒單獨談2,Say,スイ･ニン,30,ジェイ。,
c93dee5141b63d08d3d8b0514cdfd4fb.bundle,司徒單獨談2,Say,スイ･ニン,31,私が君を助けたいと思う理由の一つが……,
c93dee5141b63d08d3d8b0514cdfd4fb.bundle,司徒單獨談2,Say,スイ･ニン,32,「同類」を守りたいからだ。,
c93dee5141b63d08d3d8b0514cdfd4fb.bundle,司徒單獨談2,Branch,#Simple,4,ありがとう。,
c93dee5141b63d08d3d8b0514cdfd4fb.bundle,司徒單獨談2,Branch,#Simple,5,あんたと同類だとは思っていない。,
c93dee5141b63d08d3d8b0514cdfd4fb.bundle,司徒單獨談2,Say,スイ･ニン,33,この言葉で不快にさせたのなら謝る。,
c93dee5141b63d08d3d8b0514cdfd4fb.bundle,司徒單獨談2,Branch,#Simple,6,ああ。,
c93dee5141b63d08d3d8b0514cdfd4fb.bundle,司徒單獨談2,Branch,#Simple,7,別にそういう意味で言ったわけじゃない。,
c93dee5141b63d08d3d8b0514cdfd4fb.bundle,司徒單獨談2,Say,スイ･ニン,34,なら……,
c93dee5141b63d08d3d8b0514cdfd4fb.bundle,司徒單獨談2,Branch,#Simple,8,……,
c93dee5141b63d08d3d8b0514cdfd4fb.bundle,司徒單獨談2,Say,スイ･ニン,35,私が勝手に謝罪したと思えばいい。,
c93dee5141b63d08d3d8b0514cdfd4fb.bundle,司徒單獨談2,Say,スイ･ニン,36,そして私が君を助ける一番理由は、これが正しいことだと思うからだ。,
c93dee5141b63d08d3d8b0514cdfd4fb.bundle,司徒單獨談2,Branch,#Simple,9,急にどうした？,
c93dee5141b63d08d3d8b0514cdfd4fb.bundle,司徒單獨談2,Branch,#Simple,10,正しいこと？,
c93dee5141b63d08d3d8b0514cdfd4fb.bundle,司徒單獨談2,Say,スイ･ニン,37,君は望んでもいない改造のせいで、殺されたり、自由を制限されるべきではない。,
c93dee5141b63d08d3d8b0514cdfd4fb.bundle,司徒單獨談2,Say,スイ･ニン,38,万象との交渉がどう転ぶかはわからない……,
c93dee5141b63d08d3d8b0514cdfd4fb.bundle,司徒單獨談2,Say,スイ･ニン,39,だが万が一、フクロウまでもが介入してくれば、君の立場はさらに危険となる。,
c93dee5141b63d08d3d8b0514cdfd4fb.bundle,司徒單獨談2,Say,スイ･ニン,40,だから君には、私を信じてもらいたい。,
c93dee5141b63d08d3d8b0514cdfd4fb.bundle,司徒單獨談2,Branch,#Simple,11,信じている。,
c93dee5141b63d08d3d8b0514cdfd4fb.bundle,司徒單獨談2,Branch,#Simple,12,信じているさ、少なくとも今はな。,
c93dee5141b63d08d3d8b0514cdfd4fb.bundle,司徒單獨談2,Say,スイ･ニン,41,ありがとう。,
c93dee5141b63d08d3d8b0514cdfd4fb.bundle,司徒單獨談2,Say,スイ･ニン,42,それで十分だ。,
c93dee5141b63d08d3d8b0514cdfd4fb.bundle,司徒單獨談2,Branch,#Simple,13,悪いが、俺はあんたを信用できない。,
c93dee5141b63d08d3d8b0514cdfd4fb.bundle,司徒單獨談2,Branch,#Simple,14,あんたを信じていいものか、わからないんだ。,
c93dee5141b63d08d3d8b0514cdfd4fb.bundle,司徒單獨談2,Say,スイ･ニン,43,……,
c93dee5141b63d08d3d8b0514cdfd4fb.bundle,司徒單獨談2,Say,スイ･ニン,44,君のその気持ちは理解できる。,
c93dee5141b63d08d3d8b0514cdfd4fb.bundle,司徒單獨談2,Say,スイ･ニン,45,私が提示した案に納得できないと言うのなら、止めはしない。,
c93dee5141b63d08d3d8b0514cdfd4fb.bundle,司徒單獨談2,Say,リン･テイ,15,……,
c93dee5141b63d08d3d8b0514cdfd4fb.bundle,司徒單獨談2,Say,リン･テイ,16,ごめんなさい、スイさん。私はやっぱりあなたを信用できない。,
c93dee5141b63d08d3d8b0514cdfd4fb.bundle,司徒單獨談2,Say,心の声,5,リン……,
c93dee5141b63d08d3d8b0514cdfd4fb.bundle,司徒單獨談2,Say,スイ･ニン,46,そうか……,
c93dee5141b63d08d3d8b0514cdfd4fb.bundle,司徒單獨談2,Say,リン･テイ,17,私は今ですら、あなたが何のために戦っているのかわからないの……,
c93dee5141b63d08d3d8b0514cdfd4fb.bundle,司徒單獨談2,Say,リン･テイ,18,それに私は、それをあなた自身もわかっていないのではと心配なの。,
c93dee5141b63d08d3d8b0514cdfd4fb.bundle,司徒單獨談2,Say,スイ･ニン,47,……,
c93dee5141b63d08d3d8b0514cdfd4fb.bundle,司徒單獨談2,Say,スイ･ニン,48,何度も言っているが、私は正しいことをしたいだけだ。,
c93dee5141b63d08d3d8b0514cdfd4fb.bundle,司徒單獨談2,Say,リン･テイ,19,その言葉だけじゃ、何の説明にもなってないわ。,
c93dee5141b63d08d3d8b0514cdfd4fb.bundle,司徒單獨談2,Say,スイ･ニン,49,……,
c93dee5141b63d08d3d8b0514cdfd4fb.bundle,司徒單獨談2,Say,スイ･ニン,50,私が正しいと思えば、私は何でもする。,
c93dee5141b63d08d3d8b0514cdfd4fb.bundle,司徒單獨談2,Say,スイ･ニン,51,例え手を汚したり、大切な人に理解されなくてもだ……,
c93dee5141b63d08d3d8b0514cdfd4fb.bundle,司徒單獨談2,Say,スイ･ニン,52,この世界に完璧は存在しない。だからこそ必要悪が求められ、我々は取捨選択をする必要がある。,
c93dee5141b63d08d3d8b0514cdfd4fb.bundle,司徒單獨談2,Say,スイ･ニン,53,だが取捨選択をするということは……,
c93dee5141b63d08d3d8b0514cdfd4fb.bundle,司徒單獨談2,Say,スイ･ニン,54,すべての物事を価値で計ることになる。,
c93dee5141b63d08d3d8b0514cdfd4fb.bundle,司徒單獨談2,Say,スイ･ニン,55,それにより……,
c93dee5141b63d08d3d8b0514cdfd4fb.bundle,司徒單獨談2,Say,リン･テイ,20,人は非情になる。,
c93dee5141b63d08d3d8b0514cdfd4fb.bundle,司徒單獨談2,Say,スイ･ニン,56,……,
c93dee5141b63d08d3d8b0514cdfd4fb.bundle,司徒單獨談2,Say,スイ･ニン,57,……そういうことだ。,
c93dee5141b63d08d3d8b0514cdfd4fb.bundle,司徒單獨談2,Say,リン･テイ,21,それはわかっるわ。,
c93dee5141b63d08d3d8b0514cdfd4fb.bundle,司徒單獨談2,Say,リン･テイ,22,でもあなたの価値の基準は？あなたはその価値をどうやって判断してるの？,
c93dee5141b63d08d3d8b0514cdfd4fb.bundle,司徒單獨談2,Say,リン･テイ,23,それがわからない限り、私はあなたを信用できない。,
c93dee5141b63d08d3d8b0514cdfd4fb.bundle,司徒單獨談2,Say,スイ･ニン,58,私の基準や価値観は常に変化している……,
c93dee5141b63d08d3d8b0514cdfd4fb.bundle,司徒單獨談2,Say,スイ･ニン,59,一言、二言で説明できるものではない。,
c93dee5141b63d08d3d8b0514cdfd4fb.bundle,司徒單獨談2,Say,スイ･ニン,60,私にとっての正しさ、つまり正義は……,
c93dee5141b63d08d3d8b0514cdfd4fb.bundle,司徒單獨談2,Say,スイ･ニン,61,一定のものではなく、常に変化している。,
c93dee5141b63d08d3d8b0514cdfd4fb.bundle,司徒單獨談2,Branch,#Simple,15,じゃ、俺たちはどうやってあんたを信じればいい？,
c93dee5141b63d08d3d8b0514cdfd4fb.bundle,司徒單獨談2,Say,スイ･ニン,62,その質問は、君たち自身に問いかけるべきだ。,
c93dee5141b63d08d3d8b0514cdfd4fb.bundle,司徒單獨談2,Branch,#Simple,16,なら、他の人はどうやってあんたを信じる？,
c93dee5141b63d08d3d8b0514cdfd4fb.bundle,司徒單獨談2,Say,スイ･ニン,63,その質問は、その人自身に聞くべきだ。,
c93dee5141b63d08d3d8b0514cdfd4fb.bundle,司徒單獨談2,Branch,#Simple,17,……,
c93dee5141b63d08d3d8b0514cdfd4fb.bundle,司徒單獨談2,Say,スイ･ニン,64,……,
c93dee5141b63d08d3d8b0514cdfd4fb.bundle,司徒單獨談2,Say,スイ･ニン,65,私の考えを一部共有したいと思う。,
c93dee5141b63d08d3d8b0514cdfd4fb.bundle,司徒單獨談2,Say,スイ･ニン,66,私たちが議論している信用とは、予測できるかどうかの問題なのだ。,
c93dee5141b63d08d3d8b0514cdfd4fb.bundle,司徒單獨談2,Say,スイ･ニン,67,例えば、私が約束を守りそうかどうかみたいなものだ。,
c93dee5141b63d08d3d8b0514cdfd4fb.bundle,司徒單獨談2,Say,スイ･ニン,68,人は予測できるかの度合いにより、信用すべきか判断している。,
c93dee5141b63d08d3d8b0514cdfd4fb.bundle,司徒單獨談2,Say,スイ･ニン,69,だが私の中にルールは存在しない。,
c93dee5141b63d08d3d8b0514cdfd4fb.bundle,司徒單獨談2,Say,スイ･ニン,70,私はその時の価値観や基準を元に判断を下している。,
c93dee5141b63d08d3d8b0514cdfd4fb.bundle,司徒單獨談2,Say,スイ･ニン,71,だから……,
c93dee5141b63d08d3d8b0514cdfd4fb.bundle,司徒單獨談2,Say,スイ･ニン,72,私に対してできる予測は、「自分が思う正義を追い求めている」としか予測できない。,
c93dee5141b63d08d3d8b0514cdfd4fb.bundle,司徒單獨談2,Say,スイ･ニン,73,それだけが唯一不変的なものだ。,
c93dee5141b63d08d3d8b0514cdfd4fb.bundle,司徒單獨談2,Branch,#Simple,18,なら、あんたが思う正義とはなんだ？,
c93dee5141b63d08d3d8b0514cdfd4fb.bundle,司徒單獨談2,Say,スイ･ニン,74,これでは堂々巡りだね。,
c93dee5141b63d08d3d8b0514cdfd4fb.bundle,司徒單獨談2,Branch,#Simple,19,……,
c93dee5141b63d08d3d8b0514cdfd4fb.bundle,司徒單獨談2,Say,スイ･ニン,75,リン、ジェイ。君たちが私を信用することができる唯一の方法は……,
c93dee5141b63d08d3d8b0514cdfd4fb.bundle,司徒單獨談2,Say,スイ･ニン,76,絶えず私という人間を再認識し続け、理解することだ。,
c93dee5141b63d08d3d8b0514cdfd4fb.bundle,司徒單獨談2,Say,スイ･ニン,77,私は正義を追い求めている。しかし正義とは変化するものだ。だから私も変化し続ける。,
c93dee5141b63d08d3d8b0514cdfd4fb.bundle,司徒單獨談2,Say,スイ･ニン,78,私の正義への理解が間違っている可能性もあるし、正義自体が時代と共に変化している可能性はある。,
c93dee5141b63d08d3d8b0514cdfd4fb.bundle,司徒單獨談2,Say,スイ･ニン,79,だが一つの基準やルールに従うだけでは、絶対的な正義とは言えないと思う。,
c93dee5141b63d08d3d8b0514cdfd4fb.bundle,司徒單獨談2,Say,心の声,6,助っ人が言っていた通りだ……,
c93dee5141b63d08d3d8b0514cdfd4fb.bundle,司徒單獨談2,Branch,#Simple,20,つまり、いつかあんたに裏切られる可能性もあるってことか。,
c93dee5141b63d08d3d8b0514cdfd4fb.bundle,司徒單獨談2,Say,スイ･ニン,80,否定はできない。,
c93dee5141b63d08d3d8b0514cdfd4fb.bundle,司徒單獨談2,Say,スイ･ニン,81,だが君たちが私を再認識し続ければ……,
c93dee5141b63d08d3d8b0514cdfd4fb.bundle,司徒單獨談2,Say,スイ･ニン,82,私が裏切る理由を理解できるはずだ。,
c93dee5141b63d08d3d8b0514cdfd4fb.bundle,司徒單獨談2,Branch,#Simple,21,それはダブルスタンダードじゃないか？,
c93dee5141b63d08d3d8b0514cdfd4fb.bundle,司徒單獨談2,Say,スイ･ニン,83,私はただ、常に基準を調整しているだけだ。,
c93dee5141b63d08d3d8b0514cdfd4fb.bundle,司徒單獨談2,Say,スイ･ニン,84,自分の過ちを認め、それを修正する。,
c93dee5141b63d08d3d8b0514cdfd4fb.bundle,司徒單獨談2,Say,スイ･ニン,85,過去の基準に拘っていても、成長が止まるだけだ。,
c93dee5141b63d08d3d8b0514cdfd4fb.bundle,司徒單獨談2,Branch,#Simple,22,……,
c93dee5141b63d08d3d8b0514cdfd4fb.bundle,司徒單獨談2,Say,リン･テイ,24,……,
c93dee5141b63d08d3d8b0514cdfd4fb.bundle,司徒單獨談2,Say,リン･テイ,25,わかった。,
c93dee5141b63d08d3d8b0514cdfd4fb.bundle,司徒單獨談2,Say,リン･テイ,26,スイさん、今はあなたを信じようと思う。,
c93dee5141b63d08d3d8b0514cdfd4fb.bundle,司徒單獨談2,Say,スイ･ニン,86,……,
c93dee5141b63d08d3d8b0514cdfd4fb.bundle,司徒單獨談2,Say,スイ･ニン,87,ありがとう。,
c93dee5141b63d08d3d8b0514cdfd4fb.bundle,司徒單獨談2,Branch,#Simple,23,今はあんたを信じようと思う。,
c93dee5141b63d08d3d8b0514cdfd4fb.bundle,司徒單獨談2,Say,スイ･ニン,88,ありがとう、ジェイ。,
c93dee5141b63d08d3d8b0514cdfd4fb.bundle,司徒單獨談2,Branch,#Simple,24,まだあんたを信用できない。,
c93dee5141b63d08d3d8b0514cdfd4fb.bundle,司徒單獨談2,Say,スイ･ニン,89,問題ない。私は君の判断に委ねる。,
c93dee5141b63d08d3d8b0514cdfd4fb.bundle,司徒單獨談2,Say,スイ･ニン,90,他人に警戒心を持つのは悪いことではない。,
c93dee5141b63d08d3d8b0514cdfd4fb.bundle,司徒單獨談2,Branch,#Simple,25,……,
c93dee5141b63d08d3d8b0514cdfd4fb.bundle,司徒單獨談2,Say,スイ･ニン,91,……,
c93dee5141b63d08d3d8b0514cdfd4fb.bundle,司徒單獨談2,Say,スイ･ニン,92,今日はここまでにしよう。,
c93dee5141b63d08d3d8b0514cdfd4fb.bundle,司徒單獨談2,Say,リン･テイ,27,もう一つ言いかしら。,
c93dee5141b63d08d3d8b0514cdfd4fb.bundle,司徒單獨談2,Say,スイ･ニン,93,もちろんだ。,
c93dee5141b63d08d3d8b0514cdfd4fb.bundle,司徒單獨談2,Say,リン･テイ,28,……リュウセイが、今日のことを誤解するかもしれないというあなたの心配はとても理解できる。,
c93dee5141b63d08d3d8b0514cdfd4fb.bundle,司徒單獨談2,Say,リン･テイ,29,それでもこんなに問い詰めたのは、あなたの判断が完全に理性によるものだとは思えないからよ。,
c93dee5141b63d08d3d8b0514cdfd4fb.bundle,司徒單獨談2,Say,リン･テイ,30,あなたが素晴らしい自制心を持ってることはわかる。,
c93dee5141b63d08d3d8b0514cdfd4fb.bundle,司徒單獨談2,Say,リン･テイ,31,でもそれだけじゃ、他人を説得させることはできない……,
c93dee5141b63d08d3d8b0514cdfd4fb.bundle,司徒單獨談2,Say,リン･テイ,32,人間は皆、自分の経験から物事を解釈するものよ。,
c93dee5141b63d08d3d8b0514cdfd4fb.bundle,司徒單獨談2,Say,スイ･ニン,94,……,
c93dee5141b63d08d3d8b0514cdfd4fb.bundle,司徒單獨談2,Say,リン･テイ,33,つまりあなたがいくら説明をしよとも、信じてもらえるわけではない。,
c93dee5141b63d08d3d8b0514cdfd4fb.bundle,司徒單獨談2,Say,リン･テイ,34,あなたのやっていることは、彼らからすれば経験することも、したこともないものよ。だから信じることができない。,
c93dee5141b63d08d3d8b0514cdfd4fb.bundle,司徒單獨談2,Say,スイ･ニン,95,……私に何か忠告をしているのか？,
c93dee5141b63d08d3d8b0514cdfd4fb.bundle,司徒單獨談2,Say,リン･テイ,35,……,
c93dee5141b63d08d3d8b0514cdfd4fb.bundle,司徒單獨談2,Say,リン･テイ,36,どうでしょうね。でも私が言いたいのは……,
c93dee5141b63d08d3d8b0514cdfd4fb.bundle,司徒單獨談2,Say,リン･テイ,37,あなたは完璧な人かもしれないけど、あなたの仲間はそうではないってことよ。,
c93dee5141b63d08d3d8b0514cdfd4fb.bundle,司徒單獨談2,Say,リン･テイ,38,それは頭に入れておくべきだと思うわ。,
c93dee5141b63d08d3d8b0514cdfd4fb.bundle,司徒單獨談2,Say,スイ･ニン,96,……,
c93dee5141b63d08d3d8b0514cdfd4fb.bundle,司徒單獨談2,Say,スイ･ニン,97,……私は完璧な人間ではない。,
c93dee5141b63d08d3d8b0514cdfd4fb.bundle,司徒單獨談2,Say,スイ･ニン,98,だが君の言いたいことは理解できる。,
c93dee5141b63d08d3d8b0514cdfd4fb.bundle,司徒單獨談2,Say,スイ･ニン,99,念頭に入れておく。ありがとう。,
c93dee5141b63d08d3d8b0514cdfd4fb.bundle,司徒單獨談2,Say,リン･テイ,39,うん！,
c93dee5141b63d08d3d8b0514cdfd4fb.bundle,司徒單獨談2,Say,スイ･ニン,100,<y>ゲホッ、ゲホッ……カハッ……！</y>,
c93dee5141b63d08d3d8b0514cdfd4fb.bundle,司徒單獨談2,Say,心の声,7,口から血が……！？,
c93dee5141b63d08d3d8b0514cdfd4fb.bundle,司徒單獨談2,Say,リン･テイ,40,スイさん！？,
c93dee5141b63d08d3d8b0514cdfd4fb.bundle,司徒單獨談2,Say,スイ･ニン,101,……大丈夫だ。,
c93dee5141b63d08d3d8b0514cdfd4fb.bundle,司徒單獨談2,Say,スイ･ニン,102,少し……,
c93dee5141b63d08d3d8b0514cdfd4fb.bundle,司徒單獨談2,Say,スイ･ニン,103,休めば治る。,
c93dee5141b63d08d3d8b0514cdfd4fb.bundle,司徒單獨談2,Say,リン･テイ,41,ほ、本当に大丈夫なの？,
c93dee5141b63d08d3d8b0514cdfd4fb.bundle,司徒單獨談2,Say,スイ･ニン,104,私たち改造人間は……,
c93dee5141b63d08d3d8b0514cdfd4fb.bundle,司徒單獨談2,Say,スイ･ニン,105,<y>ゲホッ、ゲホ……！</y>,
c93dee5141b63d08d3d8b0514cdfd4fb.bundle,司徒單獨談2,Say,スイ･ニン,106,……とても優れた回復力を持っている。,
c93dee5141b63d08d3d8b0514cdfd4fb.bundle,司徒單獨談2,Say,スイ･ニン,107,だから手当をして、寝れば治る。,
c93dee5141b63d08d3d8b0514cdfd4fb.bundle,司徒單獨談2,Branch,#Simple,26,手伝うか？,
c93dee5141b63d08d3d8b0514cdfd4fb.bundle,司徒單獨談2,Say,スイ･ニン,108,いい。,
c93dee5141b63d08d3d8b0514cdfd4fb.bundle,司徒單獨談2,Branch,#Simple,27,23号を呼んでくる。,
c93dee5141b63d08d3d8b0514cdfd4fb.bundle,司徒單獨談2,Say,スイ･ニン,109,大丈夫だ。,
c93dee5141b63d08d3d8b0514cdfd4fb.bundle,司徒單獨談2,Branch,#Simple,28,……,
c93dee5141b63d08d3d8b0514cdfd4fb.bundle,司徒單獨談2,Say,スイ･ニン,110,本当に大丈夫だ。信じてほしい。,
c93dee5141b63d08d3d8b0514cdfd4fb.bundle,司徒單獨談2,Say,スイ･ニン,111,二人も早く休むといい。私は部屋に戻る。,
c93dee5141b63d08d3d8b0514cdfd4fb.bundle,司徒單獨談2,Say,スイ･ニン,112,おやすみ。,
c93dee5141b63d08d3d8b0514cdfd4fb.bundle,司徒單獨談2,Say,リン･テイ,42,おやすみなさい。,
c93dee5141b63d08d3d8b0514cdfd4fb.bundle,司徒單獨談2,Branch,#Simple,29,おやすみ。,
c93dee5141b63d08d3d8b0514cdfd4fb.bundle,司徒單獨談2,Branch,#Simple,30,本当に大丈夫か？,
c93dee5141b63d08d3d8b0514cdfd4fb.bundle,司徒單獨談2,Say,スイ･ニン,113,ええ。,
c93dee5141b63d08d3d8b0514cdfd4fb.bundle,司徒單獨談2,Branch,#Simple,31,……,
c93dee5141b63d08d3d8b0514cdfd4fb.bundle,司徒單獨談3,Say,リン･テイ,0,……,
c93dee5141b63d08d3d8b0514cdfd4fb.bundle,司徒單獨談3,Say,リン･テイ,1,ジェイ、私たちも帰ろうか。,
c93dee5141b63d08d3d8b0514cdfd4fb.bundle,扶程芳上床,Say,リン･テイ,0,ジェイ、ちょっと手伝ってくれる？,
c93dee5141b63d08d3d8b0514cdfd4fb.bundle,第四日程芳談話2,Say,リン･テイ,0,……,
c93dee5141b63d08d3d8b0514cdfd4fb.bundle,第四日程芳談話2,Say,リン･テイ,1,ねえ……,
c93dee5141b63d08d3d8b0514cdfd4fb.bundle,第四日程芳談話2,Say,リン･テイ,2,どうなると思う？,
c93dee5141b63d08d3d8b0514cdfd4fb.bundle,第四日程芳談話2,Branch,#Simple,0,明日のことか？,
c93dee5141b63d08d3d8b0514cdfd4fb.bundle,第四日程芳談話2,Say,リン･テイ,3,うん。,
c93dee5141b63d08d3d8b0514cdfd4fb.bundle,第四日程芳談話2,Say,リン･テイ,4,まあ、もしくはこの調査自体が。,
c93dee5141b63d08d3d8b0514cdfd4fb.bundle,第四日程芳談話2,Branch,#Simple,1,さあな。,
c93dee5141b63d08d3d8b0514cdfd4fb.bundle,第四日程芳談話2,Say,リン･テイ,5,……,
c93dee5141b63d08d3d8b0514cdfd4fb.bundle,第四日程芳談話2,Branch,#Simple,2,無事に終わるはずだ。,
c93dee5141b63d08d3d8b0514cdfd4fb.bundle,第四日程芳談話2,Say,リン･テイ,6,……,
c93dee5141b63d08d3d8b0514cdfd4fb.bundle,第四日程芳談話2,Say,リン･テイ,7,……うん、きっとそうよね。,
c93dee5141b63d08d3d8b0514cdfd4fb.bundle,第四日程芳談話2,Branch,#Simple,3,率直に言うと、楽観視できない状況だ。,
c93dee5141b63d08d3d8b0514cdfd4fb.bundle,第四日程芳談話2,Say,リン･テイ,8,……,
c93dee5141b63d08d3d8b0514cdfd4fb.bundle,第四日程芳談話2,Say,リン･テイ,9,そう……,
c93dee5141b63d08d3d8b0514cdfd4fb.bundle,第四日程芳談話2,Say,リン･テイ,10,……,
c93dee5141b63d08d3d8b0514cdfd4fb.bundle,第四日程芳談話2,Say,リン･テイ,11,私はね以前のように戻れると思うの……,
c93dee5141b63d08d3d8b0514cdfd4fb.bundle,第四日程芳談話2,Say,リン･テイ,12,休みの日に一緒にランチを作る約束をして……でも私は睡魔に負けちゃって……,
c93dee5141b63d08d3d8b0514cdfd4fb.bundle,第四日程芳談話2,Say,リン･テイ,13,私が遅れて起きてみたら、ジェイが約束した料理を作って待ってるの……,
c93dee5141b63d08d3d8b0514cdfd4fb.bundle,第四日程芳談話2,Say,リン･テイ,14,私は一緒に作る約束だったと駄々をこねるけど、ジェイが胡椒をかけるよう私に言うの……,
c93dee5141b63d08d3d8b0514cdfd4fb.bundle,第四日程芳談話2,Say,リン･テイ,15,これで問題解決だって……,
c93dee5141b63d08d3d8b0514cdfd4fb.bundle,第四日程芳談話2,Say,リン･テイ,16,その後は二人で楽しくランチを食べながら、午後はどこに行くかを話し合う……,
c93dee5141b63d08d3d8b0514cdfd4fb.bundle,第四日程芳談話2,Say,リン･テイ,17,……,
c93dee5141b63d08d3d8b0514cdfd4fb.bundle,第四日程芳談話2,Say,リン･テイ,18,そう思わない？,
c93dee5141b63d08d3d8b0514cdfd4fb.bundle,第四日程芳談話2,Branch,#Simple,4,ああ、きっと元に戻れる。,
c93dee5141b63d08d3d8b0514cdfd4fb.bundle,第四日程芳談話2,Say,リン･テイ,19,うん、絶対に戻れる。,
c93dee5141b63d08d3d8b0514cdfd4fb.bundle,第四日程芳談話2,Branch,#Simple,5,どうだろうな。,
c93dee5141b63d08d3d8b0514cdfd4fb.bundle,第四日程芳談話2,Say,リン･テイ,20,……,
c93dee5141b63d08d3d8b0514cdfd4fb.bundle,第四日程芳談話2,Say,リン･テイ,21,……,
c93dee5141b63d08d3d8b0514cdfd4fb.bundle,第四日程芳談話2,Say,リン･テイ,22,リュウセイと23号の様子を見に行ったらどう？,
c93dee5141b63d08d3d8b0514cdfd4fb.bundle,第四日程芳談話2,Branch,#Simple,6,どうしてだ？,
c93dee5141b63d08d3d8b0514cdfd4fb.bundle,第四日程芳談話2,Say,リン･テイ,23,さっきのリュウセイを見たでしょう？それに23号も調子も悪いみたいだし。,
c93dee5141b63d08d3d8b0514cdfd4fb.bundle,第四日程芳談話2,Say,リン･テイ,24,明日の作戦は彼らにかかってる。だから今のうちに、彼らの様子を確認しとくべきよ。,
c93dee5141b63d08d3d8b0514cdfd4fb.bundle,第四日程芳談話2,Branch,#Simple,7,確かにそうだな。様子を見に行ってくる。,
c93dee5141b63d08d3d8b0514cdfd4fb.bundle,第四日程芳談話2,Say,リン･テイ,25,うん。,
c93dee5141b63d08d3d8b0514cdfd4fb.bundle,第四日程芳談話2,Branch,#Simple,8,作戦の心配だけか？,
c93dee5141b63d08d3d8b0514cdfd4fb.bundle,第四日程芳談話2,Say,リン･テイ,26,もちろん彼らの心配もしてるわ。,
c93dee5141b63d08d3d8b0514cdfd4fb.bundle,第四日程芳談話2,Say,リン･テイ,27,はぁ……やっぱり何か目的を持っていると、人間は利己的な考えになっちゃうのかな。,
c93dee5141b63d08d3d8b0514cdfd4fb.bundle,第四日程芳談話2,Say,リン･テイ,28,さあ、行ってらっしゃい。,
c93dee5141b63d08d3d8b0514cdfd4fb.bundle,第四日程芳談話2,Branch,#Simple,9,そうだな。,
c93dee5141b63d08d3d8b0514cdfd4fb.bundle,第四日程芳談話2,Branch,#Simple,10,……,
c93dee5141b63d08d3d8b0514cdfd4fb.bundle,第四日程芳談話2,Say,リン･テイ,29,また後でね。,
c93dee5141b63d08d3d8b0514cdfd4fb.bundle,第四日程芳談話2,Say,リン･テイ,30,それと、あまり遅くならないでね。,
c93dee5141b63d08d3d8b0514cdfd4fb.bundle,第四日程芳談話2,Say,リン･テイ,31,じゃあ。,
c93dee5141b63d08d3d8b0514cdfd4fb.bundle,第四日程芳談話2,Branch,#Simple,11,ああ。,
c93dee5141b63d08d3d8b0514cdfd4fb.bundle,第四日程芳談話2,Branch,#Simple,12,一人で大丈夫なのか？,
c93dee5141b63d08d3d8b0514cdfd4fb.bundle,第四日程芳談話2,Say,リン･テイ,32,フフッ、私はお姫様扱いする気？,
c93dee5141b63d08d3d8b0514cdfd4fb.bundle,第四日程芳談話2,Say,リン･テイ,33,ベッドで寝るだけだから大丈夫よ。,
c93dee5141b63d08d3d8b0514cdfd4fb.bundle,第四日程芳談話2,Branch,#Simple,13,……,
c93dee5141b63d08d3d8b0514cdfd4fb.bundle,第四日程芳談話2,Say,心の声,0,リュウセイと23号は多分あの店にいるはずだ。,
c93dee5141b63d08d3d8b0514cdfd4fb.bundle,到熱炒找不到人,Say,心の声,0,いない……？,
c93dee5141b63d08d3d8b0514cdfd4fb.bundle,到熱炒找不到人,Say,心の声,1,3日も同じ場所で食べていたら飽きるか。,
c93dee5141b63d08d3d8b0514cdfd4fb.bundle,到熱炒找不到人,Say,心の声,2,だがこの時間に開いている店は……,
c93dee5141b63d08d3d8b0514cdfd4fb.bundle,麵攤2,Say,イアン･チョー,0,……おいおい、また新顔が来たぞ。,
c93dee5141b63d08d3d8b0514cdfd4fb.bundle,麵攤2,Say,23,0,あら、来てくれたんだ。,
c93dee5141b63d08d3d8b0514cdfd4fb.bundle,麵攤2,Say,イアン･チョー,1,お前ら、また無関係の人間を巻き込んだのか？,
c93dee5141b63d08d3d8b0514cdfd4fb.bundle,麵攤2,Say,イアン･チョー,2,待て、お前は……！？,
c93dee5141b63d08d3d8b0514cdfd4fb.bundle,麵攤2,Say,心の声,0,イアンが驚いている……,
c93dee5141b63d08d3d8b0514cdfd4fb.bundle,麵攤2,Say,23,1,なに？ジェイを知ってるの？,
c93dee5141b63d08d3d8b0514cdfd4fb.bundle,麵攤2,Say,イアン･チョー,3,……,
c93dee5141b63d08d3d8b0514cdfd4fb.bundle,麵攤2,Say,イアン･チョー,4,ああ。彼は常連なんだ……,
c93dee5141b63d08d3d8b0514cdfd4fb.bundle,麵攤2,Say,23,2,そう。,
c93dee5141b63d08d3d8b0514cdfd4fb.bundle,麵攤2,Say,23,3,それで頼んだブツは？,
c93dee5141b63d08d3d8b0514cdfd4fb.bundle,麵攤2,Say,イアン･チョー,5,いつもの場所だ。,
c93dee5141b63d08d3d8b0514cdfd4fb.bundle,麵攤2,Say,23,4,サンライズ制よね？,
c93dee5141b63d08d3d8b0514cdfd4fb.bundle,麵攤2,Say,イアン･チョー,6,このイアン･チョーを信じないのか？,
c93dee5141b63d08d3d8b0514cdfd4fb.bundle,麵攤2,Say,23,5,いやいやいや、そんなつもりじゃないのよ。,
c93dee5141b63d08d3d8b0514cdfd4fb.bundle,麵攤2,Say,23,6,ただ一応確認しただけよ。,
c93dee5141b63d08d3d8b0514cdfd4fb.bundle,麵攤2,Say,イアン･チョー,7,……,
c93dee5141b63d08d3d8b0514cdfd4fb.bundle,麵攤2,Say,イアン･チョー,8,心配するな。いつも通りのものだ。,
c93dee5141b63d08d3d8b0514cdfd4fb.bundle,麵攤2,Say,イアン･チョー,9,だがあのスイ･ニンってやつには、もう少し大切に扱うよう伝えてくれ。,
c93dee5141b63d08d3d8b0514cdfd4fb.bundle,麵攤2,Say,イアン･チョー,10,彼女が壊す速度に俺の仕入れが追いつかない。,
c93dee5141b63d08d3d8b0514cdfd4fb.bundle,麵攤2,Say,23,7,ハハ、彼女がうちの話を聞いてくれると思う？,
c93dee5141b63d08d3d8b0514cdfd4fb.bundle,麵攤2,Say,イアン･チョー,11,確かに彼女は頑固だからな。,
c93dee5141b63d08d3d8b0514cdfd4fb.bundle,麵攤2,Say,イアン･チョー,12,……ってそうじゃない。この店であっちの商売の話はよしてくれ。大人しくラーメンでも食ってろ。,
c93dee5141b63d08d3d8b0514cdfd4fb.bundle,麵攤2,Say,23,8,まだ話が終わってないよ。,
c93dee5141b63d08d3d8b0514cdfd4fb.bundle,麵攤2,Say,イアン･チョー,13,……,
c93dee5141b63d08d3d8b0514cdfd4fb.bundle,麵攤2,Say,23,9,この前、連絡がつかなかった時はどこに行ってたの？,
c93dee5141b63d08d3d8b0514cdfd4fb.bundle,麵攤2,Say,イアン･チョー,14,……,
c93dee5141b63d08d3d8b0514cdfd4fb.bundle,麵攤2,Say,イアン･チョー,15,仕入れだが、どうした？,
c93dee5141b63d08d3d8b0514cdfd4fb.bundle,麵攤2,Say,23,10,別に。やばいやつらと商売する時は気をつけてよ。,
c93dee5141b63d08d3d8b0514cdfd4fb.bundle,麵攤2,Say,イアン･チョー,16,フンッ。サンライズ相手なら、やばいというほどじゃないだろ。,
c93dee5141b63d08d3d8b0514cdfd4fb.bundle,麵攤2,Say,23,11,サンライズのことを言ってるんじゃない。,
c93dee5141b63d08d3d8b0514cdfd4fb.bundle,麵攤2,Say,イアン･チョー,17,……,
c93dee5141b63d08d3d8b0514cdfd4fb.bundle,麵攤2,Say,23,12,彼らとの商売は安全だと思う。でも私が言ってるのは別のやつよ……,
c93dee5141b63d08d3d8b0514cdfd4fb.bundle,麵攤2,Say,23,13,油断してると痛い目を見る。,
c93dee5141b63d08d3d8b0514cdfd4fb.bundle,麵攤2,Say,イアン･チョー,18,……,
c93dee5141b63d08d3d8b0514cdfd4fb.bundle,麵攤2,Say,23,14,だからイアン、気をつけて。,
c93dee5141b63d08d3d8b0514cdfd4fb.bundle,麵攤2,Say,23,15,手に負えないやつには絶対に手を出さない。,
c93dee5141b63d08d3d8b0514cdfd4fb.bundle,麵攤2,Say,イアン･チョー,19,俺はここで店をやってるだけだ。,
c93dee5141b63d08d3d8b0514cdfd4fb.bundle,麵攤2,Say,23,16,うちもただ心配なのよ。,
c93dee5141b63d08d3d8b0514cdfd4fb.bundle,麵攤2,Say,イアン･チョー,20,……お前らこそ、また危ないことに首を突っ込んでいるんだろ。,
c93dee5141b63d08d3d8b0514cdfd4fb.bundle,麵攤2,Say,イアン･チョー,21,俺のとこに来た時点でわかる。,
c93dee5141b63d08d3d8b0514cdfd4fb.bundle,麵攤2,Say,23,17,じゃ、お互い様ってことで！,
c93dee5141b63d08d3d8b0514cdfd4fb.bundle,麵攤2,Say,イアン･チョー,22,フンッ、いいからラーメン食ってろ。,
c93dee5141b63d08d3d8b0514cdfd4fb.bundle,麵攤2,Say,23,18,……,
c93dee5141b63d08d3d8b0514cdfd4fb.bundle,麵攤2,Say,23,19,相変わらず元気そうで安心した。,
c93dee5141b63d08d3d8b0514cdfd4fb.bundle,麵攤2,Say,リュウセイ･チョウ,0,あの人、何者っすか？,
c93dee5141b63d08d3d8b0514cdfd4fb.bundle,麵攤2,Say,23,20,うちらと仲良しの武器密輸商人の一人。明日の作戦に必要な装備を彼から買ったの。,
c93dee5141b63d08d3d8b0514cdfd4fb.bundle,麵攤2,Say,23,21,スイはサンライズ制の武器が好きだから、調達できる彼にお願いしてるの。,
c93dee5141b63d08d3d8b0514cdfd4fb.bundle,麵攤2,Branch,#Simple,0,商人から調達しないと武器が手に入らないのか？,
c93dee5141b63d08d3d8b0514cdfd4fb.bundle,麵攤2,Say,23,22,うちらは秘密裏に調査してるから、フクロウからの装備支給はないのよ。,
c93dee5141b63d08d3d8b0514cdfd4fb.bundle,麵攤2,Say,23,23,買った物も経費で落ちないしね。,
c93dee5141b63d08d3d8b0514cdfd4fb.bundle,麵攤2,Say,23,24,もう本当に大変よ……,
c93dee5141b63d08d3d8b0514cdfd4fb.bundle,麵攤2,Branch,#Simple,1,……,
c93dee5141b63d08d3d8b0514cdfd4fb.bundle,麵攤2,Say,23,25,リュウセイは、こんなのもう慣れっこでしょう？,
c93dee5141b63d08d3d8b0514cdfd4fb.bundle,麵攤2,Say,リュウセイ･チョウ,1,何度も見てきたっすから。,
c93dee5141b63d08d3d8b0514cdfd4fb.bundle,麵攤2,Say,リュウセイ･チョウ,2,でも商人の人と会うのは初めてっす。,
c93dee5141b63d08d3d8b0514cdfd4fb.bundle,麵攤2,Say,23,26,こういった人たちは顔見知りとしか、関係を持とうとしないからね。,
c93dee5141b63d08d3d8b0514cdfd4fb.bundle,麵攤2,Say,リュウセイ･チョウ,3,じゃ、僕はどうやって彼らと知り合えば？,
c93dee5141b63d08d3d8b0514cdfd4fb.bundle,麵攤2,Say,23,27,……,
c93dee5141b63d08d3d8b0514cdfd4fb.bundle,麵攤2,Say,リュウセイ･チョウ,4,結局はスイ姉と同じく僕を信じてないってことっすね。,
c93dee5141b63d08d3d8b0514cdfd4fb.bundle,麵攤2,Say,23,28,あのさ、リュウセイ……,
c93dee5141b63d08d3d8b0514cdfd4fb.bundle,麵攤2,Say,23,29,いつまで拗ねてるつもり？,
c93dee5141b63d08d3d8b0514cdfd4fb.bundle,麵攤2,Say,23,30,もう聞き飽きた。,
c93dee5141b63d08d3d8b0514cdfd4fb.bundle,麵攤2,Say,23,31,言っておくけど、スイはあんたを信じてるから！,
c93dee5141b63d08d3d8b0514cdfd4fb.bundle,麵攤2,Say,リュウセイ･チョウ,5,23姉は、スイ姉のあの目を見てないからっすよ！,
c93dee5141b63d08d3d8b0514cdfd4fb.bundle,麵攤2,Say,リュウセイ･チョウ,6,リンさんの足に盗聴器が仕掛けられてたのを知った時、スイ姉が不審そうな目で僕を見たっす……,
c93dee5141b63d08d3d8b0514cdfd4fb.bundle,麵攤2,Say,心の声,1,そうだったか？そんな感じには見えなかったが……,
c93dee5141b63d08d3d8b0514cdfd4fb.bundle,麵攤2,Branch,#Simple,2,不審な目ってどんな感じだ？,
c93dee5141b63d08d3d8b0514cdfd4fb.bundle,麵攤2,Say,リュウセイ･チョウ,7,えっと……,
c93dee5141b63d08d3d8b0514cdfd4fb.bundle,麵攤2,Say,リュウセイ･チョウ,8,失望している感じ？,
c93dee5141b63d08d3d8b0514cdfd4fb.bundle,麵攤2,Say,23,32,……,
c93dee5141b63d08d3d8b0514cdfd4fb.bundle,麵攤2,Branch,#Simple,3,そうか？俺にはそんな感じには見えなかった。,
c93dee5141b63d08d3d8b0514cdfd4fb.bundle,麵攤2,Say,リュウセイ･チョウ,9,ジェイの兄貴は真正面からスイ姉の目を見ていないからっすよ。,
c93dee5141b63d08d3d8b0514cdfd4fb.bundle,麵攤2,Branch,#Simple,4,……,
c93dee5141b63d08d3d8b0514cdfd4fb.bundle,麵攤2,Say,23,33,リュウセイ、被害妄想もいい加減にして。,
c93dee5141b63d08d3d8b0514cdfd4fb.bundle,麵攤2,Say,リュウセイ･チョウ,10,廃ビルの時もそうっすよ。僕じゃなくてジェイの兄貴に潜入調査を任せたし……,
c93dee5141b63d08d3d8b0514cdfd4fb.bundle,麵攤2,Say,リュウセイ･チョウ,11,アジドで待機する時も、僕一人で兄貴とリンさんを守れるのに、スイ姉は23姉をアジトに帰らせた……,
c93dee5141b63d08d3d8b0514cdfd4fb.bundle,麵攤2,Say,リュウセイ･チョウ,12,手伝いたくて、いろんなことに志願してもずっと断られるばかりっす……,
c93dee5141b63d08d3d8b0514cdfd4fb.bundle,麵攤2,Say,リュウセイ･チョウ,13,そんなんで、信じてるって言われても信じられないっす……,
c93dee5141b63d08d3d8b0514cdfd4fb.bundle,麵攤2,Say,リュウセイ･チョウ,14,何で今回の任務だけ、こんなにも僕を拒むっすか？,
c93dee5141b63d08d3d8b0514cdfd4fb.bundle,麵攤2,Say,リュウセイ･チョウ,15,もしかして僕を裏切り者だと疑ってるとか？,
c93dee5141b63d08d3d8b0514cdfd4fb.bundle,麵攤2,Say,23,34,リュウセイ、それは……,
c93dee5141b63d08d3d8b0514cdfd4fb.bundle,麵攤2,Say,リュウセイ･チョウ,16,それに、万象を見逃すとか言い出すし……！,
c93dee5141b63d08d3d8b0514cdfd4fb.bundle,麵攤2,Say,リュウセイ･チョウ,17,もう僕にはわからないっす！,
c93dee5141b63d08d3d8b0514cdfd4fb.bundle,麵攤2,Say,リュウセイ･チョウ,18,本当にあんなクズを見逃すつもりっすか？,
c93dee5141b63d08d3d8b0514cdfd4fb.bundle,麵攤2,Say,リュウセイ･チョウ,19,彼らが悪事を働いている証拠を揃ってるっす！,
c93dee5141b63d08d3d8b0514cdfd4fb.bundle,麵攤2,Say,リュウセイ･チョウ,20,スイ姉が何をしたいのかわからない……,
c93dee5141b63d08d3d8b0514cdfd4fb.bundle,麵攤2,Say,23,35,……,
c93dee5141b63d08d3d8b0514cdfd4fb.bundle,麵攤2,Say,23,36,リュウセイ、もう少し大人になって。,
c93dee5141b63d08d3d8b0514cdfd4fb.bundle,麵攤2,Say,23,37,……あんたにはまだ早いだけで、いずれスイの選択が理解できる日が来る。,
c93dee5141b63d08d3d8b0514cdfd4fb.bundle,麵攤2,Say,リュウセイ･チョウ,21,早い？何のことっすか？,
c93dee5141b63d08d3d8b0514cdfd4fb.bundle,麵攤2,Say,リュウセイ･チョウ,22,フクロウに入るのは、まだ早いってことっすか？それがこの件に何の関係があるっすか！？,
c93dee5141b63d08d3d8b0514cdfd4fb.bundle,麵攤2,Say,23,38,そういう意味じゃ……,
c93dee5141b63d08d3d8b0514cdfd4fb.bundle,麵攤2,Say,リュウセイ･チョウ,23,僕が未熟だってことっすよね？,
c93dee5141b63d08d3d8b0514cdfd4fb.bundle,麵攤2,Say,リュウセイ･チョウ,24,結局は僕の能力不足が原因ってことっすか！,
c93dee5141b63d08d3d8b0514cdfd4fb.bundle,麵攤2,Say,23,39,能力の問題じゃないのよ……,
c93dee5141b63d08d3d8b0514cdfd4fb.bundle,麵攤2,Say,リュウセイ･チョウ,25,じゃ、教えてくださいよ！,
c93dee5141b63d08d3d8b0514cdfd4fb.bundle,麵攤2,Say,23,40,……,
c93dee5141b63d08d3d8b0514cdfd4fb.bundle,麵攤2,Say,リュウセイ･チョウ,26,何の問題っすか！？,
c93dee5141b63d08d3d8b0514cdfd4fb.bundle,麵攤2,Say,23,41,……,
c93dee5141b63d08d3d8b0514cdfd4fb.bundle,麵攤2,Say,リュウセイ･チョウ,27,なんで何も言ってくれないっすか！？,
c93dee5141b63d08d3d8b0514cdfd4fb.bundle,麵攤2,Say,リュウセイ･チョウ,28,23姉！！,
c93dee5141b63d08d3d8b0514cdfd4fb.bundle,麵攤2,Say,23,42,もう、黙まりなさい！,
c93dee5141b63d08d3d8b0514cdfd4fb.bundle,麵攤2,Say,23,43,問題はあんたの心構えよ！,
c93dee5141b63d08d3d8b0514cdfd4fb.bundle,麵攤2,Say,23,44,それくらい自分でわかりなさい！,
c93dee5141b63d08d3d8b0514cdfd4fb.bundle,麵攤2,Say,リュウセイ･チョウ,29,……わからないっすよ。,
c93dee5141b63d08d3d8b0514cdfd4fb.bundle,麵攤2,Say,23,45,あんたはまだ、感情で行動しているだけのただのガキなのよ。,
c93dee5141b63d08d3d8b0514cdfd4fb.bundle,麵攤2,Say,23,46,いつも直感頼りで、物事への配慮が足りない！,
c93dee5141b63d08d3d8b0514cdfd4fb.bundle,麵攤2,Say,23,47,あんたは本質を理解しようとはせず、ただ本質そのものを変えようとしているだけ。,
c93dee5141b63d08d3d8b0514cdfd4fb.bundle,麵攤2,Say,23,48,あんたにあるのは欲望と感情だけで、信念も、自分の考えさえもない。,
c93dee5141b63d08d3d8b0514cdfd4fb.bundle,麵攤2,Say,23,49,今回の調査はとてもセンシティブなの。少しでも失敗したら、取り返しのつかない結果になる。,
c93dee5141b63d08d3d8b0514cdfd4fb.bundle,麵攤2,Say,23,50,あんたの演算力産業への憎しみのせいで、うちらの調査までも危険に晒している。,
c93dee5141b63d08d3d8b0514cdfd4fb.bundle,麵攤2,Say,リュウセイ･チョウ,30,僕は……,
c93dee5141b63d08d3d8b0514cdfd4fb.bundle,麵攤2,Say,23,51,作戦に個人感情を持ち込むことがどれほど危険か、何度も教えたでしょう！,
c93dee5141b63d08d3d8b0514cdfd4fb.bundle,麵攤2,Say,23,52,やってはいけないこと、触れてはいけないラインっていうのがあるの……,
c93dee5141b63d08d3d8b0514cdfd4fb.bundle,麵攤2,Say,23,53,いくら目的が正しくても、無実の人を見殺しにするのは間違いよ！,
c93dee5141b63d08d3d8b0514cdfd4fb.bundle,麵攤2,Say,23,54,あんたはそれを理解できていない。でもうちらだって、あんたが理解できるようになるまで待つ気はない。,
c93dee5141b63d08d3d8b0514cdfd4fb.bundle,麵攤2,Say,23,55,あんたに勝手な行動をされて、調査の邪魔をされるわけにはいかないのよ……,
c93dee5141b63d08d3d8b0514cdfd4fb.bundle,麵攤2,Say,リュウセイ･チョウ,31,調査の邪魔……？僕はそんなこと……,
c93dee5141b63d08d3d8b0514cdfd4fb.bundle,麵攤2,Say,23,56,してないと言うつもり？,
c93dee5141b63d08d3d8b0514cdfd4fb.bundle,麵攤2,Say,23,57,知ってるのよ……,
c93dee5141b63d08d3d8b0514cdfd4fb.bundle,麵攤2,Say,23,58,あんたがオペレーションコアでやったこと。,
c93dee5141b63d08d3d8b0514cdfd4fb.bundle,麵攤2,Say,リュウセイ･チョウ,32,……,
c93dee5141b63d08d3d8b0514cdfd4fb.bundle,麵攤2,Say,23,59,スイから全部聞いたわ。,
c93dee5141b63d08d3d8b0514cdfd4fb.bundle,麵攤2,Say,リュウセイ･チョウ,33,兄貴……！？,
c93dee5141b63d08d3d8b0514cdfd4fb.bundle,麵攤2,Say,23,60,ジェイを責めるな。悪いことをしているのは、あんたなのよ。,
c93dee5141b63d08d3d8b0514cdfd4fb.bundle,麵攤2,Say,リュウセイ･チョウ,34,……,
c93dee5141b63d08d3d8b0514cdfd4fb.bundle,麵攤2,Say,リュウセイ･チョウ,35,兄貴……！？,
c93dee5141b63d08d3d8b0514cdfd4fb.bundle,麵攤2,Say,23,61,ジェイは何も言ってない。,
c93dee5141b63d08d3d8b0514cdfd4fb.bundle,麵攤2,Say,23,62,あんたに渡したハックユニットを見れば、あんたがオペレーションコアに滞在していた時間がわかるのよ。,
c93dee5141b63d08d3d8b0514cdfd4fb.bundle,麵攤2,Say,リュウセイ･チョウ,36,違うっす！僕は、ただ……,
c93dee5141b63d08d3d8b0514cdfd4fb.bundle,麵攤2,Say,23,63,リュウセイ。あんた、まだ言い訳をする気？,
c93dee5141b63d08d3d8b0514cdfd4fb.bundle,麵攤2,Say,リュウセイ･チョウ,37,……,
c93dee5141b63d08d3d8b0514cdfd4fb.bundle,麵攤2,Say,23,64,スイが欲しがっているのは、彼女の指示に従う人間よ。,
c93dee5141b63d08d3d8b0514cdfd4fb.bundle,麵攤2,Say,23,65,プロフェッショナルや兵士が必要なの。,
c93dee5141b63d08d3d8b0514cdfd4fb.bundle,麵攤2,Say,23,66,正義を語るだけの復讐者のガキなんて必要ない！,
c93dee5141b63d08d3d8b0514cdfd4fb.bundle,麵攤2,Say,23,67,確かにあんたは正しいわ！,
c93dee5141b63d08d3d8b0514cdfd4fb.bundle,麵攤2,Say,23,68,うちもスイも、別にあんたを信用してない！,
c93dee5141b63d08d3d8b0514cdfd4fb.bundle,麵攤2,Say,23,69,だから大人しくスイに従ってなさい。,
c93dee5141b63d08d3d8b0514cdfd4fb.bundle,麵攤2,Say,リュウセイ･チョウ,38,……,
c93dee5141b63d08d3d8b0514cdfd4fb.bundle,麵攤2,Say,心の声,2,リュウセイ……,
c93dee5141b63d08d3d8b0514cdfd4fb.bundle,麵攤2,Say,23,70,どう？満足した？,
c93dee5141b63d08d3d8b0514cdfd4fb.bundle,麵攤2,Say,23,71,……,
c93dee5141b63d08d3d8b0514cdfd4fb.bundle,麵攤2,Branch,#Simple,5,23号、少し言い過ぎだ。,
c93dee5141b63d08d3d8b0514cdfd4fb.bundle,麵攤2,Say,23,72,……彼が知りたかったことを言っただけよ。,
c93dee5141b63d08d3d8b0514cdfd4fb.bundle,麵攤2,Branch,#Simple,6,リュウセイ、大丈夫か？,
c93dee5141b63d08d3d8b0514cdfd4fb.bundle,麵攤2,Branch,#Simple,7,……,
c93dee5141b63d08d3d8b0514cdfd4fb.bundle,麵攤2,Say,リュウセイ･チョウ,39,……,
c93dee5141b63d08d3d8b0514cdfd4fb.bundle,麵攤2,Say,23,73,……,
c93dee5141b63d08d3d8b0514cdfd4fb.bundle,麵攤內心世界,Say,ジェイ･ダイ,0,なにっ……！？,
c93dee5141b63d08d3d8b0514cdfd4fb.bundle,麵攤內心世界,Branch,#Simple,0,それはこっちのセリフだ。,
c93dee5141b63d08d3d8b0514cdfd4fb.bundle,麵攤內心世界,Branch,#Simple,1,どういうことだ？,
c93dee5141b63d08d3d8b0514cdfd4fb.bundle,麵攤內心世界,Say,ジェイ･ダイ,1,俺が……,
c93dee5141b63d08d3d8b0514cdfd4fb.bundle,麵攤內心世界,Say,ジェイ･ダイ,2,お前をここに引き込んだ……,
c93dee5141b63d08d3d8b0514cdfd4fb.bundle,麵攤內心世界,Say,ジェイ･ダイ,3,スイ･ニンの言う通りだった……,
c93dee5141b63d08d3d8b0514cdfd4fb.bundle,麵攤內心世界,Branch,#Simple,2,どうやら彼女は嘘をついていなかったようだな。,
c93dee5141b63d08d3d8b0514cdfd4fb.bundle,麵攤內心世界,Branch,#Simple,3,まさかこんなにも早くできるようになるとはな。,
c93dee5141b63d08d3d8b0514cdfd4fb.bundle,麵攤內心世界,Say,ジェイ･ダイ,4,……ああ。,
c93dee5141b63d08d3d8b0514cdfd4fb.bundle,麵攤內心世界,Branch,#Simple,4,……,
c93dee5141b63d08d3d8b0514cdfd4fb.bundle,麵攤內心世界,Say,ジェイ･ダイ,5,……,
c93dee5141b63d08d3d8b0514cdfd4fb.bundle,麵攤內心世界,Say,ジェイ･ダイ,6,まずは説明してくれ……,
c93dee5141b63d08d3d8b0514cdfd4fb.bundle,麵攤內心世界,Say,ジェイ･ダイ,7,なぜ俺がお前に精神制御されていることを言った？,
c93dee5141b63d08d3d8b0514cdfd4fb.bundle,麵攤內心世界,Say,ジェイ･ダイ,8,絶対に言うなと念を押したはずだ。,
c93dee5141b63d08d3d8b0514cdfd4fb.bundle,麵攤內心世界,Branch,#Simple,5,どうしても彼女には伝えたかった。,
c93dee5141b63d08d3d8b0514cdfd4fb.bundle,麵攤內心世界,Say,ジェイ･ダイ,9,お前……,
c93dee5141b63d08d3d8b0514cdfd4fb.bundle,麵攤內心世界,Branch,#Simple,6,彼女にも知る権利があるはずだ。,
c93dee5141b63d08d3d8b0514cdfd4fb.bundle,麵攤內心世界,Say,ジェイ･ダイ,10,それはお前が決めることじゃない……,
c93dee5141b63d08d3d8b0514cdfd4fb.bundle,麵攤內心世界,Say,ジェイ･ダイ,11,……俺は浅はかだったのか？,
c93dee5141b63d08d3d8b0514cdfd4fb.bundle,麵攤內心世界,Say,ジェイ･ダイ,12,お前なら協力してくれると信じた俺がバカだった……,
c93dee5141b63d08d3d8b0514cdfd4fb.bundle,麵攤內心世界,Branch,#Simple,7,今のあんたなら、俺から簡単に体の制御権を奪えるな。,
c93dee5141b63d08d3d8b0514cdfd4fb.bundle,麵攤內心世界,Say,ジェイ･ダイ,13,俺は必ず自分の体を取り戻す。,
c93dee5141b63d08d3d8b0514cdfd4fb.bundle,麵攤內心世界,Branch,#Simple,8,……,
c93dee5141b63d08d3d8b0514cdfd4fb.bundle,麵攤內心世界,Branch,#Simple,9,彼女にも知る権利があるはずだ。,
c93dee5141b63d08d3d8b0514cdfd4fb.bundle,麵攤內心世界,Say,ジェイ･ダイ,14,……,
c93dee5141b63d08d3d8b0514cdfd4fb.bundle,麵攤內心世界,Say,ジェイ･ダイ,15,そうかもしれないが、俺はリンに知ってほしくない。,
c93dee5141b63d08d3d8b0514cdfd4fb.bundle,麵攤內心世界,Say,ジェイ･ダイ,16,例え彼女に言ったとしても……,
c93dee5141b63d08d3d8b0514cdfd4fb.bundle,麵攤內心世界,Branch,#Simple,10,すまない。つい言ってしまった。,
c93dee5141b63d08d3d8b0514cdfd4fb.bundle,麵攤內心世界,Say,ジェイ･ダイ,17,つい……？,
c93dee5141b63d08d3d8b0514cdfd4fb.bundle,麵攤內心世界,Say,ジェイ･ダイ,18,とてもじゃないが、うっかりで出た言葉とは思えない。,
c93dee5141b63d08d3d8b0514cdfd4fb.bundle,麵攤內心世界,Say,ジェイ･ダイ,19,……,
c93dee5141b63d08d3d8b0514cdfd4fb.bundle,麵攤內心世界,Say,ジェイ･ダイ,20,今回はどうにか誤魔化せたが、もう二度とないようにしてくれ……,
c93dee5141b63d08d3d8b0514cdfd4fb.bundle,麵攤內心世界,Branch,#Simple,11,今のあんたなら、俺から簡単に体の制御権を奪えるな。,
c93dee5141b63d08d3d8b0514cdfd4fb.bundle,麵攤內心世界,Say,ジェイ･ダイ,21,……,
c93dee5141b63d08d3d8b0514cdfd4fb.bundle,麵攤內心世界,Say,ジェイ･ダイ,22,ああ。俺は徐々に体の支配権を取り戻している。,
c93dee5141b63d08d3d8b0514cdfd4fb.bundle,麵攤內心世界,Say,ジェイ･ダイ,23,スイ･ニンもそれに気づいているはずだ。,
c93dee5141b63d08d3d8b0514cdfd4fb.bundle,麵攤內心世界,Branch,#Simple,12,……,
c93dee5141b63d08d3d8b0514cdfd4fb.bundle,麵攤內心世界,Say,ジェイ･ダイ,24,この話はここまでにしよう。,
c93dee5141b63d08d3d8b0514cdfd4fb.bundle,麵攤內心世界,Say,ジェイ･ダイ,25,……,
c93dee5141b63d08d3d8b0514cdfd4fb.bundle,麵攤內心世界,Say,ジェイ･ダイ,26,俺の体の調子はどうだ？,
c93dee5141b63d08d3d8b0514cdfd4fb.bundle,麵攤內心世界,Branch,#Simple,13,どういう意味だ？,
c93dee5141b63d08d3d8b0514cdfd4fb.bundle,麵攤內心世界,Say,ジェイ･ダイ,27,言葉の通りの意味だ。,
c93dee5141b63d08d3d8b0514cdfd4fb.bundle,麵攤內心世界,Branch,#Simple,14,自分の体なのにわからないのか？,
c93dee5141b63d08d3d8b0514cdfd4fb.bundle,麵攤內心世界,Say,ジェイ･ダイ,28,ぼんやりとしか、感覚がないからな。,
c93dee5141b63d08d3d8b0514cdfd4fb.bundle,麵攤內心世界,Say,ジェイ･ダイ,29,今日は散々殴られたし、気絶もさせられた……,
c93dee5141b63d08d3d8b0514cdfd4fb.bundle,麵攤內心世界,Branch,#Simple,15,多分、大丈夫じゃないか？,
c93dee5141b63d08d3d8b0514cdfd4fb.bundle,麵攤內心世界,Say,ジェイ･ダイ,30,多分……？,
c93dee5141b63d08d3d8b0514cdfd4fb.bundle,麵攤內心世界,Branch,#Simple,16,率直に言うと、俺もあまり体の調子みたいな感覚はわからない。,
c93dee5141b63d08d3d8b0514cdfd4fb.bundle,麵攤內心世界,Say,ジェイ･ダイ,31,そうなのか……？,
c93dee5141b63d08d3d8b0514cdfd4fb.bundle,麵攤內心世界,Say,ジェイ･ダイ,32,お前ならわかると思っていたが……,
c93dee5141b63d08d3d8b0514cdfd4fb.bundle,麵攤內心世界,Branch,#Simple,17,……,
c93dee5141b63d08d3d8b0514cdfd4fb.bundle,麵攤內心世界,Say,ジェイ･ダイ,33,だがスイ･ニンの言った通りなら、俺の体はかなり頑丈なはずだ。,
c93dee5141b63d08d3d8b0514cdfd4fb.bundle,麵攤內心世界,Say,ジェイ･ダイ,34,それほど心配する必要はないと思うが……,
c93dee5141b63d08d3d8b0514cdfd4fb.bundle,麵攤內心世界,Branch,#Simple,18,待ってくれ。体は今どうなってるんだ？,
c93dee5141b63d08d3d8b0514cdfd4fb.bundle,麵攤內心世界,Say,ジェイ･ダイ,35,今……？,
c93dee5141b63d08d3d8b0514cdfd4fb.bundle,麵攤內心世界,Say,ジェイ･ダイ,36,ラーメン屋でぼーっとしているみたいだな。,
c93dee5141b63d08d3d8b0514cdfd4fb.bundle,麵攤內心世界,Branch,#Simple,19,……,
c93dee5141b63d08d3d8b0514cdfd4fb.bundle,麵攤內心世界,Say,ジェイ･ダイ,37,……,
c93dee5141b63d08d3d8b0514cdfd4fb.bundle,麵攤內心世界,Say,ジェイ･ダイ,38,待て……,
c93dee5141b63d08d3d8b0514cdfd4fb.bundle,麵攤內心世界,Say,ジェイ･ダイ,39,起きるようだ。,
c93dee5141b63d08d3d8b0514cdfd4fb.bundle,麵攤內心世界,Say,ジェイ･ダイ,40,また後で話そう。,
c93dee5141b63d08d3d8b0514cdfd4fb.bundle,麵店被叫醒(老張),Say,イアン･チョー,0,小僧、無事か？,
c93dee5141b63d08d3d8b0514cdfd4fb.bundle,麵店被叫醒(老張),Branch,#Simple,0,ああ。,
c93dee5141b63d08d3d8b0514cdfd4fb.bundle,麵店被叫醒(老張),Say,イアン･チョー,1,無事には見えないけどな。,
c93dee5141b63d08d3d8b0514cdfd4fb.bundle,麵店被叫醒(老張),Branch,#Simple,1,俺に構う必要はない。,
c93dee5141b63d08d3d8b0514cdfd4fb.bundle,麵店被叫醒(老張),Say,イアン･チョー,2,俺の店にいる客を構うのは当然だろ。,
c93dee5141b63d08d3d8b0514cdfd4fb.bundle,麵店被叫醒(老張),Branch,#Simple,2,本当に大丈夫だ。,
c93dee5141b63d08d3d8b0514cdfd4fb.bundle,麵店被叫醒(老張),Say,イアン･チョー,3,……,
c93dee5141b63d08d3d8b0514cdfd4fb.bundle,麵店被叫醒(老張),Branch,#Simple,3,……,
c93dee5141b63d08d3d8b0514cdfd4fb.bundle,麵店被叫醒(老張),Branch,#Simple,4,急に頭痛がしただけだ。,
c93dee5141b63d08d3d8b0514cdfd4fb.bundle,麵店被叫醒(老張),Say,イアン･チョー,4,おいおい、飲み過ぎたのか？,
c93dee5141b63d08d3d8b0514cdfd4fb.bundle,麵店被叫醒(老張),Say,イアン･チョー,5,……,
c93dee5141b63d08d3d8b0514cdfd4fb.bundle,麵店被叫醒(老張),Say,イアン･チョー,6,ビール数瓶で酔うわけないか……,
c93dee5141b63d08d3d8b0514cdfd4fb.bundle,麵店被叫醒(老張),Say,イアン･チョー,7,おい、俺の目を見ろ。,
c93dee5141b63d08d3d8b0514cdfd4fb.bundle,麵店被叫醒(老張),Say,イアン･チョー,8,……,
c93dee5141b63d08d3d8b0514cdfd4fb.bundle,麵店被叫醒(老張),Say,イアン･チョー,9,お前……,
c93dee5141b63d08d3d8b0514cdfd4fb.bundle,麵店被叫醒(老張),Branch,#Simple,5,どうした？,
c93dee5141b63d08d3d8b0514cdfd4fb.bundle,麵店被叫醒(老張),Say,イアン･チョー,10,……,
c93dee5141b63d08d3d8b0514cdfd4fb.bundle,麵店被叫醒(老張),Say,イアン･チョー,11,いや、何でもない……,
c93dee5141b63d08d3d8b0514cdfd4fb.bundle,麵店被叫醒(老張),Branch,#Simple,6,帰る。,
c93dee5141b63d08d3d8b0514cdfd4fb.bundle,麵店被叫醒(老張),Branch,#Simple,7,……,
c93dee5141b63d08d3d8b0514cdfd4fb.bundle,麵店被叫醒(老張),Say,イアン･チョー,12,……,
c93dee5141b63d08d3d8b0514cdfd4fb.bundle,麵店被叫醒(老張),Say,イアン･チョー,13,ああ、こっちもそろそろ店仕舞いだ。,
c93dee5141b63d08d3d8b0514cdfd4fb.bundle,麵店被叫醒(老張)2,Say,イアン･チョー,0,おい。,
c93dee5141b63d08d3d8b0514cdfd4fb.bundle,麵店被叫醒(老張)2,Say,イアン･チョー,1,お前……,
c93dee5141b63d08d3d8b0514cdfd4fb.bundle,麵店被叫醒(老張)2,Say,イアン･チョー,2,……,
c93dee5141b63d08d3d8b0514cdfd4fb.bundle,麵店被叫醒(老張)2,Say,イアン･チョー,3,よく聞け。,
c93dee5141b63d08d3d8b0514cdfd4fb.bundle,麵店被叫醒(老張)2,Say,イアン･チョー,4,お前、スイ･ニンと23号と一緒に何かしてるだろう？,
c93dee5141b63d08d3d8b0514cdfd4fb.bundle,麵店被叫醒(老張)2,Branch,#Simple,0,なぜそれを？,
c93dee5141b63d08d3d8b0514cdfd4fb.bundle,麵店被叫醒(老張)2,Say,イアン･チョー,5,俺はあいつらと武器の取引をしてるから、もちろん知ってるさ。,
c93dee5141b63d08d3d8b0514cdfd4fb.bundle,麵店被叫醒(老張)2,Branch,#Simple,1,そんな感じだ。,
c93dee5141b63d08d3d8b0514cdfd4fb.bundle,麵店被叫醒(老張)2,Say,イアン･チョー,6,そうか。,
c93dee5141b63d08d3d8b0514cdfd4fb.bundle,麵店被叫醒(老張)2,Branch,#Simple,2,だから何だ？,
c93dee5141b63d08d3d8b0514cdfd4fb.bundle,麵店被叫醒(老張)2,Say,イアン･チョー,7,落ち着け、何かしようって腹積もりじゃない。,
c93dee5141b63d08d3d8b0514cdfd4fb.bundle,麵店被叫醒(老張)2,Say,イアン･チョー,8,俺はお前みたいな若者をたくさん見てきた。,
c93dee5141b63d08d3d8b0514cdfd4fb.bundle,麵店被叫醒(老張)2,Say,イアン･チョー,9,フクロウに協力する選択肢しかなく、仕方なくスパイとかやらされてるだろ？,
c93dee5141b63d08d3d8b0514cdfd4fb.bundle,麵店被叫醒(老張)2,Branch,#Simple,3,みたいなもんだ。,
c93dee5141b63d08d3d8b0514cdfd4fb.bundle,麵店被叫醒(老張)2,Branch,#Simple,4,別に強制されたわけじゃない。,
c93dee5141b63d08d3d8b0514cdfd4fb.bundle,麵店被叫醒(老張)2,Say,イアン･チョー,10,ああ、あの二人は悪人じゃないし、脅迫みたいなことはしないはずだ。,
c93dee5141b63d08d3d8b0514cdfd4fb.bundle,麵店被叫醒(老張)2,Say,イアン･チョー,11,でもお前は、成す術もなく巻き込まれたってところだろ？,
c93dee5141b63d08d3d8b0514cdfd4fb.bundle,麵店被叫醒(老張)2,Say,イアン･チョー,12,俺の推測が正しければ、どこかの大企業が絡んでるはずだ。,
c93dee5141b63d08d3d8b0514cdfd4fb.bundle,麵店被叫醒(老張)2,Branch,#Simple,5,あんたに教える気はない。,
c93dee5141b63d08d3d8b0514cdfd4fb.bundle,麵店被叫醒(老張)2,Say,イアン･チョー,13,まあ、俺を信用できないのは無理もない。,
c93dee5141b63d08d3d8b0514cdfd4fb.bundle,麵店被叫醒(老張)2,Say,イアン･チョー,14,でもな。,
c93dee5141b63d08d3d8b0514cdfd4fb.bundle,麵店被叫醒(老張)2,Branch,#Simple,6,どうしてわかった？,
c93dee5141b63d08d3d8b0514cdfd4fb.bundle,麵店被叫醒(老張)2,Say,イアン･チョー,15,あの二人とは古い友人でね、何をしてるかくらいわかる。,
c93dee5141b63d08d3d8b0514cdfd4fb.bundle,麵店被叫醒(老張)2,Branch,#Simple,7,あんたの推測はハズレだ。,
c93dee5141b63d08d3d8b0514cdfd4fb.bundle,麵店被叫醒(老張)2,Say,イアン･チョー,16,嘘はよせ。,
c93dee5141b63d08d3d8b0514cdfd4fb.bundle,麵店被叫醒(老張)2,Say,イアン･チョー,17,お前と彼女たちとの協力関係が終わった後、何が起きると思う？,
c93dee5141b63d08d3d8b0514cdfd4fb.bundle,麵店被叫醒(老張)2,Branch,#Simple,8,何も起きない。,
c93dee5141b63d08d3d8b0514cdfd4fb.bundle,麵店被叫醒(老張)2,Say,イアン･チョー,18,不正解だ。,
c93dee5141b63d08d3d8b0514cdfd4fb.bundle,麵店被叫醒(老張)2,Branch,#Simple,9,警告しているのか？,
c93dee5141b63d08d3d8b0514cdfd4fb.bundle,麵店被叫醒(老張)2,Say,イアン･チョー,19,ああ。,
c93dee5141b63d08d3d8b0514cdfd4fb.bundle,麵店被叫醒(老張)2,Branch,#Simple,10,考えたこともなかった。,
c93dee5141b63d08d3d8b0514cdfd4fb.bundle,麵店被叫醒(老張)2,Branch,#Simple,11,彼女たちに協力すれば、彼女たちが俺を守ってくれる。,
c93dee5141b63d08d3d8b0514cdfd4fb.bundle,麵店被叫醒(老張)2,Say,イアン･チョー,20,任務終了まではそうだろうな。,
c93dee5141b63d08d3d8b0514cdfd4fb.bundle,麵店被叫醒(老張)2,Say,イアン･チョー,21,でも任務が終わった後は？,
c93dee5141b63d08d3d8b0514cdfd4fb.bundle,麵店被叫醒(老張)2,Branch,#Simple,12,任務が終われば、俺を追っているやつらもいなくなる。,
c93dee5141b63d08d3d8b0514cdfd4fb.bundle,麵店被叫醒(老張)2,Say,イアン･チョー,22,楽観的な考えだ。残念ながら、そんなに上手くはいかない。,
c93dee5141b63d08d3d8b0514cdfd4fb.bundle,麵店被叫醒(老張)2,Branch,#Simple,13,何が起きると言うんだ？,
c93dee5141b63d08d3d8b0514cdfd4fb.bundle,麵店被叫醒(老張)2,Say,イアン･チョー,23,……,
c93dee5141b63d08d3d8b0514cdfd4fb.bundle,麵店被叫醒(老張)2,Say,イアン･チョー,24,彼女たちはお前を放置し、他の任務を始める。,
c93dee5141b63d08d3d8b0514cdfd4fb.bundle,麵店被叫醒(老張)2,Say,イアン･チョー,25,そしてお前は、この任務で解決できなかった問題に巻き込まれる。,
c93dee5141b63d08d3d8b0514cdfd4fb.bundle,麵店被叫醒(老張)2,Branch,#Simple,14,問題を完璧に解決できたらどうする？,
c93dee5141b63d08d3d8b0514cdfd4fb.bundle,麵店被叫醒(老張)2,Say,イアン･チョー,26,フンッ、できたことなんて一度もない。,
c93dee5141b63d08d3d8b0514cdfd4fb.bundle,麵店被叫醒(老張)2,Say,イアン･チョー,27,よく考えてみろ。,
c93dee5141b63d08d3d8b0514cdfd4fb.bundle,麵店被叫醒(老張)2,Branch,#Simple,15,……,
c93dee5141b63d08d3d8b0514cdfd4fb.bundle,麵店被叫醒(老張)2,Say,イアン･チョー,28,フクロウに知られたらどうする？もしお前たちの標的である企業が復讐しに来たら？,
c93dee5141b63d08d3d8b0514cdfd4fb.bundle,麵店被叫醒(老張)2,Branch,#Simple,16,彼女たちに助けを求める。,
c93dee5141b63d08d3d8b0514cdfd4fb.bundle,麵店被叫醒(老張)2,Say,イアン･チョー,29,本当に彼女たちと連絡が取れるのか？,
c93dee5141b63d08d3d8b0514cdfd4fb.bundle,麵店被叫醒(老張)2,Say,イアン･チョー,30,連絡できたとして、彼女たちが助けてくれるのか？,
c93dee5141b63d08d3d8b0514cdfd4fb.bundle,麵店被叫醒(老張)2,Say,イアン･チョー,31,もっと重大な問題を優先し、お前には手を貸さない可能性もあるだろう？,
c93dee5141b63d08d3d8b0514cdfd4fb.bundle,麵店被叫醒(老張)2,Say,心の声,0,確かにスイ･ニンが考えそうなことだ……,
c93dee5141b63d08d3d8b0514cdfd4fb.bundle,麵店被叫醒(老張)2,Branch,#Simple,17,言いたいことがあるなら率直に言ってくれ。,
c93dee5141b63d08d3d8b0514cdfd4fb.bundle,麵店被叫醒(老張)2,Say,イアン･チョー,32,お前には他の退路が必要だ。,
c93dee5141b63d08d3d8b0514cdfd4fb.bundle,麵店被叫醒(老張)2,Say,イアン･チョー,33,この時代の統治者は企業だ。もし狙われれば……,
c93dee5141b63d08d3d8b0514cdfd4fb.bundle,麵店被叫醒(老張)2,Say,イアン･チョー,34,良い死に方はまずできない。,
c93dee5141b63d08d3d8b0514cdfd4fb.bundle,麵店被叫醒(老張)2,Say,イアン･チョー,35,冗談だと思わないでくれ、これは俺の経験談だ。,
c93dee5141b63d08d3d8b0514cdfd4fb.bundle,麵店被叫醒(老張)2,Branch,#Simple,18,あんただって、23号に守ってもらったはずだ。,
c93dee5141b63d08d3d8b0514cdfd4fb.bundle,麵店被叫醒(老張)2,Say,イアン･チョー,36,フンッ、俺のことをベラベラと話しやがって。,
c93dee5141b63d08d3d8b0514cdfd4fb.bundle,麵店被叫醒(老張)2,Say,イアン･チョー,37,ああ、確かに彼女は俺を守ってくれた。,
c93dee5141b63d08d3d8b0514cdfd4fb.bundle,麵店被叫醒(老張)2,Say,イアン･チョー,38,だがそれは利益があったからこそだ。,
c93dee5141b63d08d3d8b0514cdfd4fb.bundle,麵店被叫醒(老張)2,Say,イアン･チョー,39,お前は彼女たちに利益を提供できるのか？,
c93dee5141b63d08d3d8b0514cdfd4fb.bundle,麵店被叫醒(老張)2,Branch,#Simple,19,何も提供できない。,
c93dee5141b63d08d3d8b0514cdfd4fb.bundle,麵店被叫醒(老張)2,Say,イアン･チョー,40,これでわかっただろ。,
c93dee5141b63d08d3d8b0514cdfd4fb.bundle,麵店被叫醒(老張)2,Branch,#Simple,20,彼女があんたを助けたのは正義のためだ。,
c93dee5141b63d08d3d8b0514cdfd4fb.bundle,麵店被叫醒(老張)2,Say,イアン･チョー,41,美しい幻想を抱くのはお前の自由だ。,
c93dee5141b63d08d3d8b0514cdfd4fb.bundle,麵店被叫醒(老張)2,Say,イアン･チョー,42,でも彼女と長い付き合いだからこそ、彼女はそうでないとわかる。,
c93dee5141b63d08d3d8b0514cdfd4fb.bundle,麵店被叫醒(老張)2,Branch,#Simple,21,あんたは何を経験したんだ？,
c93dee5141b63d08d3d8b0514cdfd4fb.bundle,麵店被叫醒(老張)2,Say,イアン･チョー,43,……言う気はない。,
c93dee5141b63d08d3d8b0514cdfd4fb.bundle,麵店被叫醒(老張)2,Branch,#Simple,22,わかった。,
c93dee5141b63d08d3d8b0514cdfd4fb.bundle,麵店被叫醒(老張)2,Branch,#Simple,23,それじゃ説得力がないだろ。,
c93dee5141b63d08d3d8b0514cdfd4fb.bundle,麵店被叫醒(老張)2,Say,イアン･チョー,44,俺は説得がしたいわけじゃない。,
c93dee5141b63d08d3d8b0514cdfd4fb.bundle,麵店被叫醒(老張)2,Say,イアン･チョー,45,ただ忠告しただけだ。,
c93dee5141b63d08d3d8b0514cdfd4fb.bundle,麵店被叫醒(老張)2,Say,イアン･チョー,46,どうするかはお前次第だ。どうなろうと、俺はどうでもいい。,
c93dee5141b63d08d3d8b0514cdfd4fb.bundle,麵店被叫醒(老張)2,Branch,#Simple,24,……,
c93dee5141b63d08d3d8b0514cdfd4fb.bundle,麵店被叫醒(老張)2,Branch,#Simple,25,……,
c93dee5141b63d08d3d8b0514cdfd4fb.bundle,麵店被叫醒(老張)2,Say,イアン･チョー,47,オーキッドという組織を知ってるか？,
c93dee5141b63d08d3d8b0514cdfd4fb.bundle,麵店被叫醒(老張)2,Say,イアン･チョー,48,彼らは……,
c93dee5141b63d08d3d8b0514cdfd4fb.bundle,麵店被叫醒(老張)2,Say,イアン･チョー,49,企業や政府の恨みを買った市民を助けてくれる組織だ。,
c93dee5141b63d08d3d8b0514cdfd4fb.bundle,麵店被叫醒(老張)2,Say,イアン･チョー,50,つまりはお前みたいなやつが助けを求める。,
c93dee5141b63d08d3d8b0514cdfd4fb.bundle,麵店被叫醒(老張)2,Branch,#Simple,26,俺はまだ企業に狙われていない。,
c93dee5141b63d08d3d8b0514cdfd4fb.bundle,麵店被叫醒(老張)2,Say,イアン･チョー,51,それは時間の問題だ。,
c93dee5141b63d08d3d8b0514cdfd4fb.bundle,麵店被叫醒(老張)2,Branch,#Simple,27,彼らは俺を守ってくれるのか？,
c93dee5141b63d08d3d8b0514cdfd4fb.bundle,麵店被叫醒(老張)2,Say,イアン･チョー,52,ああ。,
c93dee5141b63d08d3d8b0514cdfd4fb.bundle,麵店被叫醒(老張)2,Branch,#Simple,28,オーキッド……,
c93dee5141b63d08d3d8b0514cdfd4fb.bundle,麵店被叫醒(老張)2,Say,イアン･チョー,53,お前には彼らが必要だ。,
c93dee5141b63d08d3d8b0514cdfd4fb.bundle,麵店被叫醒(老張)2,Say,心の声,1,チャンス……,
c93dee5141b63d08d3d8b0514cdfd4fb.bundle,麵店被叫醒(老張)2,Say,イアン･チョー,54,でもオーキッドに入るには、一つ条件がある。,
c93dee5141b63d08d3d8b0514cdfd4fb.bundle,麵店被叫醒(老張)2,Say,イアン･チョー,55,過去の人生を捨てなければならない。,
c93dee5141b63d08d3d8b0514cdfd4fb.bundle,麵店被叫醒(老張)2,Say,イアン･チョー,56,お前の居場所を誰かに告げることも禁止だ……,
c93dee5141b63d08d3d8b0514cdfd4fb.bundle,麵店被叫醒(老張)2,Say,イアン･チョー,57,それから加入できるのはお前一人だけだ。,
c93dee5141b63d08d3d8b0514cdfd4fb.bundle,麵店被叫醒(老張)2,Branch,#Simple,29,なぜだ？,
c93dee5141b63d08d3d8b0514cdfd4fb.bundle,麵店被叫醒(老張)2,Say,イアン･チョー,58,彼らとお前自身の安全のためだ。,
c93dee5141b63d08d3d8b0514cdfd4fb.bundle,麵店被叫醒(老張)2,Branch,#Simple,30,……,
c93dee5141b63d08d3d8b0514cdfd4fb.bundle,麵店被叫醒(老張)2,Say,イアン･チョー,59,もしお前がオーキッドに入りたいなら……,
c93dee5141b63d08d3d8b0514cdfd4fb.bundle,麵店被叫醒(老張)2,Say,イアン･チョー,60,水曜日の朝4時に俺の店に来い。引き合わせてやる。,
c93dee5141b63d08d3d8b0514cdfd4fb.bundle,麵店被叫醒(老張)2,Branch,#Simple,31,あんたもオーキッドの一員なのか？,
c93dee5141b63d08d3d8b0514cdfd4fb.bundle,麵店被叫醒(老張)2,Say,イアン･チョー,61,違う。,
c93dee5141b63d08d3d8b0514cdfd4fb.bundle,麵店被叫醒(老張)2,Say,イアン･チョー,62,俺の商売は目立つから、彼らには不都合なんだ。,
c93dee5141b63d08d3d8b0514cdfd4fb.bundle,麵店被叫醒(老張)2,Say,イアン･チョー,63,でも紹介するだけなら来てくれるはずだ。,
c93dee5141b63d08d3d8b0514cdfd4fb.bundle,麵店被叫醒(老張)2,Branch,#Simple,32,わかった。,
c93dee5141b63d08d3d8b0514cdfd4fb.bundle,麵店被叫醒(老張)2,Branch,#Simple,33,……,
c93dee5141b63d08d3d8b0514cdfd4fb.bundle,麵店被叫醒(老張)2,Say,イアン･チョー,64,俺からは以上だ。,
c93dee5141b63d08d3d8b0514cdfd4fb.bundle,麵店被叫醒(老張)2,Branch,#Simple,34,ありがとう。,
c93dee5141b63d08d3d8b0514cdfd4fb.bundle,麵店被叫醒(老張)2,Say,イアン･チョー,65,……,
c93dee5141b63d08d3d8b0514cdfd4fb.bundle,麵店被叫醒(老張)2,Branch,#Simple,35,なぜ俺を助ける？,
c93dee5141b63d08d3d8b0514cdfd4fb.bundle,麵店被叫醒(老張)2,Say,イアン･チョー,66,お前みたいなやつをたくさん見てきたからだ。,
c93dee5141b63d08d3d8b0514cdfd4fb.bundle,麵店被叫醒(老張)2,Say,イアン･チョー,67,見過ぎているとな、だんだん同情心が湧いてくるもんなんだ。,
c93dee5141b63d08d3d8b0514cdfd4fb.bundle,麵店被叫醒(老張)2,Say,イアン･チョー,68,悪いことをしすぎた俺が改心したくてやってるだけだと思ってくれればいい。,
c93dee5141b63d08d3d8b0514cdfd4fb.bundle,麵店被叫醒(老張)2,Say,イアン･チョー,69,俺も地獄には落ちたくないからな。,
c93dee5141b63d08d3d8b0514cdfd4fb.bundle,麵店被叫醒(老張)2,Branch,#Simple,36,ありがとう。,
c93dee5141b63d08d3d8b0514cdfd4fb.bundle,麵店被叫醒(老張)2,Say,イアン･チョー,70,……,
c93dee5141b63d08d3d8b0514cdfd4fb.bundle,麵店被叫醒(老張)2,Branch,#Simple,37,……,
c93dee5141b63d08d3d8b0514cdfd4fb.bundle,麵店被叫醒(老張)2,Branch,#Simple,38,……,
c93dee5141b63d08d3d8b0514cdfd4fb.bundle,麵店被叫醒(老張)2,Say,イアン･チョー,71,もちろん他の道を選んでもいい。強要するつもりはない,
c93dee5141b63d08d3d8b0514cdfd4fb.bundle,麵店被叫醒(老張)2,Say,イアン･チョー,72,さあ、もう帰った帰った。,
c93dee5141b63d08d3d8b0514cdfd4fb.bundle,麵店被叫醒(老張)2,Say,心の声,2,……,
c93dee5141b63d08d3d8b0514cdfd4fb.bundle,碰到隆生,Say,リュウセイ･チョウ,0,あっ……！,
c93dee5141b63d08d3d8b0514cdfd4fb.bundle,碰到隆生,Say,リュウセイ･チョウ,1,ジェイの兄貴……,
c93dee5141b63d08d3d8b0514cdfd4fb.bundle,碰到隆生,Say,リュウセイ･チョウ,2,兄貴はタバコ吸わないっすもんね。,
c93dee5141b63d08d3d8b0514cdfd4fb.bundle,碰到隆生,Branch,#Simple,0,悪いな。,
c93dee5141b63d08d3d8b0514cdfd4fb.bundle,碰到隆生,Branch,#Simple,1,吸ってても大丈夫だ。,
c93dee5141b63d08d3d8b0514cdfd4fb.bundle,碰到隆生,Say,リュウセイ･チョウ,3,大丈夫っす。そろそろ吸い終わるところだったから。,
c93dee5141b63d08d3d8b0514cdfd4fb.bundle,碰到隆生,Branch,#Simple,2,……,
c93dee5141b63d08d3d8b0514cdfd4fb.bundle,碰到隆生,Say,心の声,0,顔に傷が……,
c93dee5141b63d08d3d8b0514cdfd4fb.bundle,碰到隆生,Say,リュウセイ･チョウ,4,……,
c93dee5141b63d08d3d8b0514cdfd4fb.bundle,碰到隆生,Say,リュウセイ･チョウ,5,ああ、これっすか……,
c93dee5141b63d08d3d8b0514cdfd4fb.bundle,碰到隆生,Say,リュウセイ･チョウ,6,僕がマスクを付けてる理由、まだちゃんと話してなかったっすね。,
c93dee5141b63d08d3d8b0514cdfd4fb.bundle,碰到隆生,Say,リュウセイ･チョウ,7,……,
c93dee5141b63d08d3d8b0514cdfd4fb.bundle,碰到隆生,Say,リュウセイ･チョウ,8,マンセントの一件でついた傷っす。,
c93dee5141b63d08d3d8b0514cdfd4fb.bundle,碰到隆生,Say,リュウセイ･チョウ,9,痛くはないけど、空気に触れると痒いからずっとマスクをつけてて。,
c93dee5141b63d08d3d8b0514cdfd4fb.bundle,碰到隆生,Branch,#Simple,3,今はつけなくていいのか？,
c93dee5141b63d08d3d8b0514cdfd4fb.bundle,碰到隆生,Say,リュウセイ･チョウ,10,……,
c93dee5141b63d08d3d8b0514cdfd4fb.bundle,碰到隆生,Say,リュウセイ･チョウ,11,はい……,
c93dee5141b63d08d3d8b0514cdfd4fb.bundle,碰到隆生,Say,リュウセイ･チョウ,12,ちょっと風に当たりたくて。,
c93dee5141b63d08d3d8b0514cdfd4fb.bundle,碰到隆生,Branch,#Simple,4,大変だな。,
c93dee5141b63d08d3d8b0514cdfd4fb.bundle,碰到隆生,Say,リュウセイ･チョウ,13,慣れたら眼鏡みたいなもんすよ。,
c93dee5141b63d08d3d8b0514cdfd4fb.bundle,碰到隆生,Branch,#Simple,5,……,
c93dee5141b63d08d3d8b0514cdfd4fb.bundle,碰到隆生,Say,リュウセイ･チョウ,14,そういえば、何か用っすか？,
c93dee5141b63d08d3d8b0514cdfd4fb.bundle,碰到隆生,Branch,#Simple,6,あんたのことが心配でな。,
c93dee5141b63d08d3d8b0514cdfd4fb.bundle,碰到隆生,Say,リュウセイ･チョウ,15,ハハ、ありがとうございます……,
c93dee5141b63d08d3d8b0514cdfd4fb.bundle,碰到隆生,Branch,#Simple,7,こんなところで何をしているんだろうと思って。,
c93dee5141b63d08d3d8b0514cdfd4fb.bundle,碰到隆生,Say,リュウセイ･チョウ,16,……,
c93dee5141b63d08d3d8b0514cdfd4fb.bundle,碰到隆生,Say,リュウセイ･チョウ,17,ちょっと考えごとしてて。,
c93dee5141b63d08d3d8b0514cdfd4fb.bundle,碰到隆生,Branch,#Simple,8,大丈夫か？,
c93dee5141b63d08d3d8b0514cdfd4fb.bundle,碰到隆生,Say,リュウセイ･チョウ,18,……,
c93dee5141b63d08d3d8b0514cdfd4fb.bundle,碰到隆生,Say,リュウセイ･チョウ,19,はい、なんとか……,
c93dee5141b63d08d3d8b0514cdfd4fb.bundle,敲23門2,Say,23,0,よっ。,
c93dee5141b63d08d3d8b0514cdfd4fb.bundle,敲23門2,Branch,#Simple,0,スイ･ニンの様子はどうだ？,
c93dee5141b63d08d3d8b0514cdfd4fb.bundle,敲23門2,Say,23,1,傷は深くないから大丈夫よ。,
c93dee5141b63d08d3d8b0514cdfd4fb.bundle,敲23門2,Branch,#Simple,1,手伝おうか？,
c93dee5141b63d08d3d8b0514cdfd4fb.bundle,敲23門2,Say,23,2,大丈夫、大丈夫。,
c93dee5141b63d08d3d8b0514cdfd4fb.bundle,敲23門2,Say,23,3,それより早く寝な。,
c93dee5141b63d08d3d8b0514cdfd4fb.bundle,敲23門3,Say,23,0,ジェイ？,
c93dee5141b63d08d3d8b0514cdfd4fb.bundle,敲23門3,Branch,#Simple,0,どうして俺だとわかった？,
c93dee5141b63d08d3d8b0514cdfd4fb.bundle,敲23門3,Say,23,1,だって前もあんただったし……,
c93dee5141b63d08d3d8b0514cdfd4fb.bundle,敲23門3,Branch,#Simple,1,本当に大丈夫か？,
c93dee5141b63d08d3d8b0514cdfd4fb.bundle,敲23門3,Say,23,2,うん、うち一人で大丈夫。,
c93dee5141b63d08d3d8b0514cdfd4fb.bundle,敲23門3,Say,23,3,そんなに酷い怪我じゃないし、ただ誰かが見てる必要があるだけだから。,
c93dee5141b63d08d3d8b0514cdfd4fb.bundle,敲23門3,Say,23,4,だからもうノックしないでね！,
c93dee5141b63d08d3d8b0514cdfd4fb.bundle,敲23門3,Say,23,5,明日はもっと大変なんだから、もう寝なさい。,
c93dee5141b63d08d3d8b0514cdfd4fb.bundle,敲23門4,Say,23,0,いい加減にしてよ。,
c93dee5141b63d08d3d8b0514cdfd4fb.bundle,敲23門4,Branch,#Simple,0,すまない。スイ･ニンと話したいことがある。,
c93dee5141b63d08d3d8b0514cdfd4fb.bundle,敲23門4,Say,23,1,悪いけど、明日にして。,
c93dee5141b63d08d3d8b0514cdfd4fb.bundle,敲23門4,Branch,#Simple,1,何がだ？,
c93dee5141b63d08d3d8b0514cdfd4fb.bundle,敲23門4,Say,23,2,ノックを止めてってことよ。,
c93dee5141b63d08d3d8b0514cdfd4fb.bundle,敲23門4,Say,23,3,今のスイには休息が必要なの。,
c93dee5141b63d08d3d8b0514cdfd4fb.bundle,敲23門4,Say,心の声,0,何かを焦っているように見える……,
c93dee5141b63d08d3d8b0514cdfd4fb.bundle,敲23門5,Say,心の声,0,何かあったのか……！？,
c93dee5141b63d08d3d8b0514cdfd4fb.bundle,敲23門5,Say,スイ･ニン,0,ジェイ、入ってくれ。,
c93dee5141b63d08d3d8b0514cdfd4fb.bundle,23大接露2,Say,スイ･ニン,0,……,
c93dee5141b63d08d3d8b0514cdfd4fb.bundle,23大接露2,Say,スイ･ニン,1,君が私を止めようとしたのは、明日の作戦に祖母が絡んでいるからか？,
c93dee5141b63d08d3d8b0514cdfd4fb.bundle,23大接露2,Say,23,0,そうよ。,
c93dee5141b63d08d3d8b0514cdfd4fb.bundle,23大接露2,Say,スイ･ニン,2,……,
c93dee5141b63d08d3d8b0514cdfd4fb.bundle,23大接露2,Say,23,1,彼女が出てきたら、ろくなことにはならない。だから行くのはやめて。,
c93dee5141b63d08d3d8b0514cdfd4fb.bundle,23大接露2,Say,スイ･ニン,3,……彼女から万象が行っている実験の目的を聞いたのか？,
c93dee5141b63d08d3d8b0514cdfd4fb.bundle,23大接露2,Say,23,2,あんたは賛同しないだろうけど、受け入れる他ないって言ってただけよ。,
c93dee5141b63d08d3d8b0514cdfd4fb.bundle,23大接露2,Say,23,3,その時のあんたの反応を見れば、あんたの本質がわかるとも言ってた。,
c93dee5141b63d08d3d8b0514cdfd4fb.bundle,23大接露2,Say,23,4,今回は祖母もかなり自信があるみたいね……,
c93dee5141b63d08d3d8b0514cdfd4fb.bundle,23大接露2,Say,スイ･ニン,4,……またAQテストか。,
c93dee5141b63d08d3d8b0514cdfd4fb.bundle,23大接露2,Say,23,5,そうでしょうね。でも今回のお題はまだ不明よ……,
c93dee5141b63d08d3d8b0514cdfd4fb.bundle,23大接露2,Say,スイ･ニン,5,……,
c93dee5141b63d08d3d8b0514cdfd4fb.bundle,23大接露2,Say,スイ･ニン,6,君もこのテストの一部なのか？それともテストを受ける側なのか？,
c93dee5141b63d08d3d8b0514cdfd4fb.bundle,23大接露2,Say,23,6,うちが知らされてると思う？,
c93dee5141b63d08d3d8b0514cdfd4fb.bundle,23大接露2,Say,23,7,……,
c93dee5141b63d08d3d8b0514cdfd4fb.bundle,23大接露2,Say,23,8,……おそらく、どっちもでしょうね。,
c93dee5141b63d08d3d8b0514cdfd4fb.bundle,23大接露2,Say,スイ･ニン,7,……,
c93dee5141b63d08d3d8b0514cdfd4fb.bundle,23大接露2,Say,スイ･ニン,8,23号、私には理解ができない。,
c93dee5141b63d08d3d8b0514cdfd4fb.bundle,23大接露2,Say,スイ･ニン,9,私は何度もAQテストをクリアしてきた。それでも未だに心配するのはなぜだ……？,
c93dee5141b63d08d3d8b0514cdfd4fb.bundle,23大接露2,Say,スイ･ニン,10,なぜ皆や、私を裏切ってまで……,
c93dee5141b63d08d3d8b0514cdfd4fb.bundle,23大接露2,Say,23,9,……あんたがAQテストの意味を理解してないからよ。,
c93dee5141b63d08d3d8b0514cdfd4fb.bundle,23大接露2,Say,23,10,あんたは祖母の難題をすべて乗り越えてきたと思っているでしょうが……,
c93dee5141b63d08d3d8b0514cdfd4fb.bundle,23大接露2,Say,23,11,違うの。そういうことじゃないのよ……！,
c93dee5141b63d08d3d8b0514cdfd4fb.bundle,23大接露2,Say,23,12,いずれ、あんたも究極の選択を迫られる時がくる。,
c93dee5141b63d08d3d8b0514cdfd4fb.bundle,23大接露2,Say,23,13,このテストはその選択が訪れるまで続くわ。,
c93dee5141b63d08d3d8b0514cdfd4fb.bundle,23大接露2,Say,スイ･ニン,11,わかっている……,
c93dee5141b63d08d3d8b0514cdfd4fb.bundle,23大接露2,Say,23,14,いいえ、あんたは理解していない。,
c93dee5141b63d08d3d8b0514cdfd4fb.bundle,23大接露2,Say,23,15,あんたはまだ、究極の選択を迫られる絶望を味わったことがないのよ……,
c93dee5141b63d08d3d8b0514cdfd4fb.bundle,23大接露2,Say,23,16,それを味わった人は皆、心を丸裸にされたわ。,
c93dee5141b63d08d3d8b0514cdfd4fb.bundle,23大接露2,Say,23,17,でもあんたはまだなの。,
c93dee5141b63d08d3d8b0514cdfd4fb.bundle,23大接露2,Say,23,18,だからこそあんたより、うちの方がAQテストの本質を理解している自信がある……！,
c93dee5141b63d08d3d8b0514cdfd4fb.bundle,23大接露2,Say,スイ･ニン,12,23号……,
c93dee5141b63d08d3d8b0514cdfd4fb.bundle,23大接露2,Say,スイ･ニン,13,……,
c93dee5141b63d08d3d8b0514cdfd4fb.bundle,23大接露2,Say,23,19,……,
c93dee5141b63d08d3d8b0514cdfd4fb.bundle,23大接露2,Say,23,20,あんたもいずれ究極の選択を迫られ、自分のすべてをひっくり返される時が来る……,
c93dee5141b63d08d3d8b0514cdfd4fb.bundle,23大接露2,Say,23,21,それによりあんたは、今までの自分をすべて否定し始め、別人へと変わる……,
c93dee5141b63d08d3d8b0514cdfd4fb.bundle,23大接露2,Say,23,22,……,
c93dee5141b63d08d3d8b0514cdfd4fb.bundle,23大接露2,Say,23,23,でもうちは……,
c93dee5141b63d08d3d8b0514cdfd4fb.bundle,23大接露2,Say,23,24,あんたが変わるのを見たくない……,
c93dee5141b63d08d3d8b0514cdfd4fb.bundle,23大接露2,Say,スイ･ニン,14,……,
c93dee5141b63d08d3d8b0514cdfd4fb.bundle,23大接露2,Say,スイ･ニン,15,23号……,
c93dee5141b63d08d3d8b0514cdfd4fb.bundle,23大接露2,Say,スイ･ニン,16,そんな大げさなことには……,
c93dee5141b63d08d3d8b0514cdfd4fb.bundle,23大接露2,Say,23,25,うちが今までどれほど手を汚してきたか、あんたならわかるでしょう……,
c93dee5141b63d08d3d8b0514cdfd4fb.bundle,23大接露2,Say,23,26,死ぬべきでない人をどれだけ殺して……どれだけの人の人生を奪ってきたか……,
c93dee5141b63d08d3d8b0514cdfd4fb.bundle,23大接露2,Say,スイ･ニン,17,……,
c93dee5141b63d08d3d8b0514cdfd4fb.bundle,23大接露2,Say,23,27,それらを経験したうちが、どう変わったかも知ってるでしょう？,
c93dee5141b63d08d3d8b0514cdfd4fb.bundle,23大接露2,Say,23,28,うちは自分の心を守るために、次々と嫌なルールを作った。,
c93dee5141b63d08d3d8b0514cdfd4fb.bundle,23大接露2,Say,23,29,それでも、心が落ち着くことなんてない。,
c93dee5141b63d08d3d8b0514cdfd4fb.bundle,23大接露2,Say,23,30,自分のことが嫌になって、眠れない日々が続くばかりなの……,
c93dee5141b63d08d3d8b0514cdfd4fb.bundle,23大接露2,Say,スイ･ニン,18,……,
c93dee5141b63d08d3d8b0514cdfd4fb.bundle,23大接露2,Say,スイ･ニン,19,ルールを作っても、自分を守れない。,
c93dee5141b63d08d3d8b0514cdfd4fb.bundle,23大接露2,Say,スイ･ニン,20,法律や規則は絶えず変わり続けるものだからだ。,
c93dee5141b63d08d3d8b0514cdfd4fb.bundle,23大接露2,Say,スイ･ニン,21,そんなものを信じていたら、自分を見失うだけだ。,
c93dee5141b63d08d3d8b0514cdfd4fb.bundle,23大接露2,Say,スイ･ニン,22,むしろ自分への疑念が深まるだけだ。,
c93dee5141b63d08d3d8b0514cdfd4fb.bundle,23大接露2,Say,23,31,<y>じゃ、どうすればいいの！？</y>,
c93dee5141b63d08d3d8b0514cdfd4fb.bundle,23大接露2,Say,23,32,どうすれば何事にも動じない、正義の味方のスイ･ニンみたく、自分を疑わずに信じ続けられるの！？,
c93dee5141b63d08d3d8b0514cdfd4fb.bundle,23大接露2,Say,23,33,<y>うちは法律のような明確なものがほしいのよ！</y>,
c93dee5141b63d08d3d8b0514cdfd4fb.bundle,23大接露2,Say,23,34,自分を疑うことなく、信じたいだけなのよ。,
c93dee5141b63d08d3d8b0514cdfd4fb.bundle,23大接露2,Say,23,35,悔しくて眠れない夜を過ごしたくない。,
c93dee5141b63d08d3d8b0514cdfd4fb.bundle,23大接露2,Say,23,36,うちらが正しさを追求するのは、こういう苦しみから解放されるためでしょう？,
c93dee5141b63d08d3d8b0514cdfd4fb.bundle,23大接露2,Say,23,37,<y>あんたがそんなことを言ってられるのは、まだ限界を経験したことがないからよ！！！</y>,
c93dee5141b63d08d3d8b0514cdfd4fb.bundle,23大接露2,Say,23,38,だから自分の正しさや正義に拘れるのよ……！,
c93dee5141b63d08d3d8b0514cdfd4fb.bundle,23大接露2,Say,23,39,あんたはそんなに偉い人間じゃない！,
c93dee5141b63d08d3d8b0514cdfd4fb.bundle,23大接露2,Say,23,40,<y>皆が祖母に屈服したのよ！</y>,
c93dee5141b63d08d3d8b0514cdfd4fb.bundle,23大接露2,Say,23,41,現実は残酷なのよ……,
c93dee5141b63d08d3d8b0514cdfd4fb.bundle,23大接露2,Say,23,42,それでもまだ、自分のことを特別だと思ってるの？,
c93dee5141b63d08d3d8b0514cdfd4fb.bundle,23大接露2,Say,23,43,<y>あんたも限界に達したら……！！！</y>,
c93dee5141b63d08d3d8b0514cdfd4fb.bundle,23大接露2,Say,スイ･ニン,23,……,
c93dee5141b63d08d3d8b0514cdfd4fb.bundle,23大接露2,Say,23,44,……,
c93dee5141b63d08d3d8b0514cdfd4fb.bundle,23大接露3,Say,スイ･ニン,0,……,
c93dee5141b63d08d3d8b0514cdfd4fb.bundle,23大接露3,Say,スイ･ニン,1,23号、私が正義を求めるのは、自分への疑念を捨てたいからじゃない。,
c93dee5141b63d08d3d8b0514cdfd4fb.bundle,23大接露3,Say,スイ･ニン,2,正しさは結果であり、目標ではない。,
c93dee5141b63d08d3d8b0514cdfd4fb.bundle,23大接露3,Say,スイ･ニン,3,私の目標は、より多くの人を助けることだ。,
c93dee5141b63d08d3d8b0514cdfd4fb.bundle,23大接露3,Say,スイ･ニン,4,そして君の目標は、安らかに眠ること。,
c93dee5141b63d08d3d8b0514cdfd4fb.bundle,23大接露3,Say,スイ･ニン,5,形式上の正しさだけを求めていても、目標の達成には至らない。,
c93dee5141b63d08d3d8b0514cdfd4fb.bundle,23大接露3,Say,スイ･ニン,6,私たちは自分への理解を深め、そしてこの世界についても理解していくことが大事なんだ……,
c93dee5141b63d08d3d8b0514cdfd4fb.bundle,23大接露3,Say,スイ･ニン,7,理解した上で、納得のいく決定を下す……,
c93dee5141b63d08d3d8b0514cdfd4fb.bundle,23大接露3,Say,スイ･ニン,8,それこそが、君にとっての真の正しさだ。,
c93dee5141b63d08d3d8b0514cdfd4fb.bundle,23大接露3,Say,23,0,……,
c93dee5141b63d08d3d8b0514cdfd4fb.bundle,23大接露3,Say,スイ･ニン,9,しかしその過程で味わうのは、疑念や混乱だ。,
c93dee5141b63d08d3d8b0514cdfd4fb.bundle,23大接露3,Say,スイ･ニン,10,私もよく自分を疑う……,
c93dee5141b63d08d3d8b0514cdfd4fb.bundle,23大接露3,Say,スイ･ニン,11,だがその度に自分の「正しさ」の基準を変える。,
c93dee5141b63d08d3d8b0514cdfd4fb.bundle,23大接露3,Say,スイ･ニン,12,だから私にとっては、自分を疑い続けることこそが通常運転まである。,
c93dee5141b63d08d3d8b0514cdfd4fb.bundle,23大接露3,Say,スイ･ニン,13,私が銃を撃つたびに……人を殺すたびに……,
c93dee5141b63d08d3d8b0514cdfd4fb.bundle,23大接露3,Say,スイ･ニン,14,苦しみ、自分を疑う……,
c93dee5141b63d08d3d8b0514cdfd4fb.bundle,23大接露3,Say,スイ･ニン,15,しかし、だからこそ安心できる……,
c93dee5141b63d08d3d8b0514cdfd4fb.bundle,23大接露3,Say,スイ･ニン,16,疑い続ければ、例え過ちを犯してもすぐ修正できるからだ。,
c93dee5141b63d08d3d8b0514cdfd4fb.bundle,23大接露3,Say,スイ･ニン,17,私はこの世に、絶対的な正しさは存在しないと思っている。,
c93dee5141b63d08d3d8b0514cdfd4fb.bundle,23大接露3,Say,スイ･ニン,18,むしろ存在すると信じている人こそ、往々にして自分の過ちを見てみぬフリする。,
c93dee5141b63d08d3d8b0514cdfd4fb.bundle,23大接露3,Say,23,1,……,
c93dee5141b63d08d3d8b0514cdfd4fb.bundle,23大接露3,Say,23,2,……,
c93dee5141b63d08d3d8b0514cdfd4fb.bundle,23大接露3,Say,23,3,立派なご高説ね。,
c93dee5141b63d08d3d8b0514cdfd4fb.bundle,23大接露3,Say,23,4,……,
c93dee5141b63d08d3d8b0514cdfd4fb.bundle,23大接露3,Say,23,5,でもそのご高説に何の意味があるの？,
c93dee5141b63d08d3d8b0514cdfd4fb.bundle,23大接露3,Say,23,6,いくらあんたの話を聞いたところで、うちが変わることはない。,
c93dee5141b63d08d3d8b0514cdfd4fb.bundle,23大接露3,Say,23,7,あんたのご高説を聞いて、うちがすぐに心を入れ替えるとでも思ったの？,
c93dee5141b63d08d3d8b0514cdfd4fb.bundle,23大接露3,Say,スイ･ニン,19,別にそういう意味では……,
c93dee5141b63d08d3d8b0514cdfd4fb.bundle,23大接露3,Say,23,8,うちが間違っていることくらい……,
c93dee5141b63d08d3d8b0514cdfd4fb.bundle,23大接露3,Say,23,9,最初からわかってる。,
c93dee5141b63d08d3d8b0514cdfd4fb.bundle,23大接露3,Say,スイ･ニン,20,……,
c93dee5141b63d08d3d8b0514cdfd4fb.bundle,23大接露3,Say,23,10,でもいくら頑張ったって、変われやしない。,
c93dee5141b63d08d3d8b0514cdfd4fb.bundle,23大接露3,Say,23,11,うちがあんたを守る必要がないのはわかってる。,
c93dee5141b63d08d3d8b0514cdfd4fb.bundle,23大接露3,Say,23,12,これはただの自己満よ。,
c93dee5141b63d08d3d8b0514cdfd4fb.bundle,23大接露3,Say,23,13,それでもうちは、あんたが苦しむ顔を見たくない。,
c93dee5141b63d08d3d8b0514cdfd4fb.bundle,23大接露3,Say,23,14,五体満足で人生を謳歌するあんたが見たいだけなのよ。,
c93dee5141b63d08d3d8b0514cdfd4fb.bundle,23大接露3,Say,23,15,あんたみたいな善人には、これ以上苦しんでほしくない。,
c93dee5141b63d08d3d8b0514cdfd4fb.bundle,23大接露3,Say,23,16,あんたが選んだ道は茨よ。ずっと苦しみ続けるのよ……,
c93dee5141b63d08d3d8b0514cdfd4fb.bundle,23大接露3,Say,スイ･ニン,21,……,
c93dee5141b63d08d3d8b0514cdfd4fb.bundle,23大接露3,Say,スイ･ニン,22,それでも、それが私の選んだ道だ。,
c93dee5141b63d08d3d8b0514cdfd4fb.bundle,23大接露3,Say,23,17,……わかってる。,
c93dee5141b63d08d3d8b0514cdfd4fb.bundle,23大接露3,Say,23,18,……,
c93dee5141b63d08d3d8b0514cdfd4fb.bundle,23大接露3,Say,23,19,ねえ、知ってる？,
c93dee5141b63d08d3d8b0514cdfd4fb.bundle,23大接露3,Say,23,20,うちは、自分の選択を貫き続けるあんたを見るたびに……,
c93dee5141b63d08d3d8b0514cdfd4fb.bundle,23大接露3,Say,23,21,自分が嫌になるの……,
c93dee5141b63d08d3d8b0514cdfd4fb.bundle,23大接露3,Say,23,22,自分がわがままで、卑しい人間だと思ってしまう。,
c93dee5141b63d08d3d8b0514cdfd4fb.bundle,23大接露3,Say,スイ･ニン,23,そんなことはない……,
c93dee5141b63d08d3d8b0514cdfd4fb.bundle,23大接露3,Say,23,23,あんたがどう思おうと関係ないの。うちがそう思ってしまうことが問題なの。,
c93dee5141b63d08d3d8b0514cdfd4fb.bundle,23大接露3,Say,23,24,……,
c93dee5141b63d08d3d8b0514cdfd4fb.bundle,23大接露3,Say,23,25,もしあんたがAQテストで変わって……,
c93dee5141b63d08d3d8b0514cdfd4fb.bundle,23大接露3,Say,23,26,うちらみたいに、全てのものに意義を持たない、自分を卑下する人間になれば……,
c93dee5141b63d08d3d8b0514cdfd4fb.bundle,23大接露3,Say,23,27,あのスイ･ニンだって屈服した。だから自分が折れたのも当たり前ってそう思える。,
c93dee5141b63d08d3d8b0514cdfd4fb.bundle,23大接露3,Say,23,28,うちはあんたと対等だって思えるのよ……,
c93dee5141b63d08d3d8b0514cdfd4fb.bundle,23大接露3,Say,スイ･ニン,24,私たちはずっと対等だ……,
c93dee5141b63d08d3d8b0514cdfd4fb.bundle,23大接露3,Say,23,29,でもね、一方でうちは……,
c93dee5141b63d08d3d8b0514cdfd4fb.bundle,23大接露3,Say,23,30,あんたが変わるところも見たくないのよ。あんたが打ちのめされる現実を見たくない。,
c93dee5141b63d08d3d8b0514cdfd4fb.bundle,23大接露3,Say,23,31,あんたまでも祖母に屈服してしまったら、うちは最後の希望を失ってしまう。,
c93dee5141b63d08d3d8b0514cdfd4fb.bundle,23大接露3,Say,スイ･ニン,25,……,
c93dee5141b63d08d3d8b0514cdfd4fb.bundle,23大接露3,Say,23,32,……,
c93dee5141b63d08d3d8b0514cdfd4fb.bundle,23大接露3,Say,23,33,もう嫌……,
c93dee5141b63d08d3d8b0514cdfd4fb.bundle,23大接露3,Say,23,34,何でこんなに難しいのよ。,
c93dee5141b63d08d3d8b0514cdfd4fb.bundle,23大接露3,Say,スイ･ニン,26,……そうだな。,
c93dee5141b63d08d3d8b0514cdfd4fb.bundle,23大接露3,Say,スイ･ニン,27,難しいことだ……,
c93dee5141b63d08d3d8b0514cdfd4fb.bundle,23大接露3,Say,23,35,……,
c93dee5141b63d08d3d8b0514cdfd4fb.bundle,23大接露3,Say,スイ･ニン,28,……,
c93dee5141b63d08d3d8b0514cdfd4fb.bundle,23大接露3,Say,スイ･ニン,29,私が変わることはない。,
c93dee5141b63d08d3d8b0514cdfd4fb.bundle,23大接露3,Say,スイ･ニン,30,例えすべてが終わったとしても。,
c93dee5141b63d08d3d8b0514cdfd4fb.bundle,23大接露3,Say,スイ･ニン,31,私は今のままだ。,
c93dee5141b63d08d3d8b0514cdfd4fb.bundle,23大接露3,Say,スイ･ニン,32,約束する。,
c93dee5141b63d08d3d8b0514cdfd4fb.bundle,23大接露3,Say,23,36,……,
c93dee5141b63d08d3d8b0514cdfd4fb.bundle,23大接露3,Say,23,37,もう一日だけ待てないの？祖母が言うには、後一日あればいいって……,
c93dee5141b63d08d3d8b0514cdfd4fb.bundle,23大接露3,Say,23,38,万象の研究は完成し、あんたは手出しできなくなる。,
c93dee5141b63d08d3d8b0514cdfd4fb.bundle,23大接露3,Say,23,39,あんたは頑張ったし、最後までよく戦ったわ。,
c93dee5141b63d08d3d8b0514cdfd4fb.bundle,23大接露3,Say,23,40,後一日あれば、あんたはAQテストから逃れられるのよ。,
c93dee5141b63d08d3d8b0514cdfd4fb.bundle,23大接露3,Say,スイ･ニン,33,しかし一日を待つという選択さえも、テストであることに変わりない。,
c93dee5141b63d08d3d8b0514cdfd4fb.bundle,23大接露3,Say,23,41,でも……,
c93dee5141b63d08d3d8b0514cdfd4fb.bundle,23大接露3,Say,スイ･ニン,34,23号……,
c93dee5141b63d08d3d8b0514cdfd4fb.bundle,23大接露3,Say,スイ･ニン,35,彼らは無実に民を虐待し続けている……,
c93dee5141b63d08d3d8b0514cdfd4fb.bundle,23大接露3,Say,23,42,……,
c93dee5141b63d08d3d8b0514cdfd4fb.bundle,23大接露3,Say,23,43,虐待……,
c93dee5141b63d08d3d8b0514cdfd4fb.bundle,23大接露3,Say,23,44,酷いわね……,
c93dee5141b63d08d3d8b0514cdfd4fb.bundle,23大接露3,Say,スイ･ニン,36,ええ……,
c93dee5141b63d08d3d8b0514cdfd4fb.bundle,23大接露3,Say,スイ･ニン,37,あまりにも酷だ……,
c93dee5141b63d08d3d8b0514cdfd4fb.bundle,23大接露3,Say,23,45,麻酔が……効いてきたみたい……,
c93dee5141b63d08d3d8b0514cdfd4fb.bundle,23大接露3,Say,23,46,……,
c93dee5141b63d08d3d8b0514cdfd4fb.bundle,23大接露3,Say,23,47,スイ……,
c93dee5141b63d08d3d8b0514cdfd4fb.bundle,23大接露3,Say,23,48,頼まれていた装備はいつもの場所に置いてある。,
c93dee5141b63d08d3d8b0514cdfd4fb.bundle,23大接露3,Say,23,49,ハックユニットも、うちがいなくても作動できるよう設定した。,
c93dee5141b63d08d3d8b0514cdfd4fb.bundle,23大接露3,Say,スイ･ニン,38,……,
c93dee5141b63d08d3d8b0514cdfd4fb.bundle,23大接露3,Say,スイ･ニン,39,ありがとう、23号。,
c93dee5141b63d08d3d8b0514cdfd4fb.bundle,23大接露3,Say,23,50,……,
c93dee5141b63d08d3d8b0514cdfd4fb.bundle,23大接露3,Say,23,51,スイ……,
c93dee5141b63d08d3d8b0514cdfd4fb.bundle,23大接露3,Say,23,52,もしすべてをやり直せるなら……うちはどうしたらよかったのかな……？,
c93dee5141b63d08d3d8b0514cdfd4fb.bundle,23大接露3,Say,23,53,どうすれば……すべてを素直に受け入れ、安らぎを得られたのかな……,
c93dee5141b63d08d3d8b0514cdfd4fb.bundle,23大接露3,Say,スイ･ニン,40,……,
c93dee5141b63d08d3d8b0514cdfd4fb.bundle,23大接露3,Say,スイ･ニン,41,それは無理な話だ……,
c93dee5141b63d08d3d8b0514cdfd4fb.bundle,23大接露3,Say,スイ･ニン,42,人間は何かを求め始めたら……,
c93dee5141b63d08d3d8b0514cdfd4fb.bundle,23大接露3,Say,23,54,安らぎは得られないって言うの……？,
c93dee5141b63d08d3d8b0514cdfd4fb.bundle,23大接露3,Say,スイ･ニン,43,……,
c93dee5141b63d08d3d8b0514cdfd4fb.bundle,23大接露3,Say,23,55,そう言われれば、そうなのかもしれないね……,
c93dee5141b63d08d3d8b0514cdfd4fb.bundle,23大接露3,Say,23,56,でも……,
c93dee5141b63d08d3d8b0514cdfd4fb.bundle,23大接露3,Say,23,57,人間は……,
c93dee5141b63d08d3d8b0514cdfd4fb.bundle,23大接露3,Say,23,58,何も求めずには……いられない……,
c93dee5141b63d08d3d8b0514cdfd4fb.bundle,23大接露結束司徒談話,Say,スイ･ニン,0,……,
c93dee5141b63d08d3d8b0514cdfd4fb.bundle,23大接露結束司徒談話,Say,スイ･ニン,1,ジェイ、どうしてここに？,
c93dee5141b63d08d3d8b0514cdfd4fb.bundle,23大接露結束司徒談話,Branch,#Simple,0,あんたの怪我が心配で。,
c93dee5141b63d08d3d8b0514cdfd4fb.bundle,23大接露結束司徒談話,Say,スイ･ニン,2,ありがとう。,
c93dee5141b63d08d3d8b0514cdfd4fb.bundle,23大接露結束司徒談話,Branch,#Simple,1,23号の様子が変だったから様子を見に来た。,
c93dee5141b63d08d3d8b0514cdfd4fb.bundle,23大接露結束司徒談話,Say,スイ･ニン,3,よく観察できているな。,
c93dee5141b63d08d3d8b0514cdfd4fb.bundle,23大接露結束司徒談話,Branch,#Simple,2,特別な理由はない。,
c93dee5141b63d08d3d8b0514cdfd4fb.bundle,23大接露結束司徒談話,Say,スイ･ニン,4,そうか。,
c93dee5141b63d08d3d8b0514cdfd4fb.bundle,23大接露結束司徒談話,Say,スイ･ニン,5,……,
c93dee5141b63d08d3d8b0514cdfd4fb.bundle,23大接露結束司徒談話,Say,スイ･ニン,6,23号は明日の作戦に参加できなくなった。,
c93dee5141b63d08d3d8b0514cdfd4fb.bundle,23大接露結束司徒談話,Branch,#Simple,3,それでも明日の計画を実行するのか？,
c93dee5141b63d08d3d8b0514cdfd4fb.bundle,23大接露結束司徒談話,Say,スイ･ニン,7,もちろんだ。,
c93dee5141b63d08d3d8b0514cdfd4fb.bundle,23大接露結束司徒談話,Branch,#Simple,4,一夜経って、彼女が考えを変えてくれる可能性は？,
c93dee5141b63d08d3d8b0514cdfd4fb.bundle,23大接露結束司徒談話,Branch,#Simple,5,……,
c93dee5141b63d08d3d8b0514cdfd4fb.bundle,23大接露結束司徒談話,Say,スイ･ニン,8,麻酔薬のせいで、彼女は明日のこの時間まで眠ったままだ。,
c93dee5141b63d08d3d8b0514cdfd4fb.bundle,23大接露結束司徒談話,Say,スイ･ニン,9,彼女はその麻酔薬を使って、私を明日の計画に参加できなくするつもりだったようだ……,
c93dee5141b63d08d3d8b0514cdfd4fb.bundle,23大接露結束司徒談話,Branch,#Simple,6,彼女は何のためにそんなことを？,
c93dee5141b63d08d3d8b0514cdfd4fb.bundle,23大接露結束司徒談話,Branch,#Simple,7,あんたが彼女を警戒して正解だったな。,
c93dee5141b63d08d3d8b0514cdfd4fb.bundle,23大接露結束司徒談話,Say,スイ･ニン,10,……そうだな。,
c93dee5141b63d08d3d8b0514cdfd4fb.bundle,23大接露結束司徒談話,Branch,#Simple,8,……,
c93dee5141b63d08d3d8b0514cdfd4fb.bundle,23大接露結束司徒談話,Say,スイ･ニン,11,……,
c93dee5141b63d08d3d8b0514cdfd4fb.bundle,23大接露結束司徒談話,Say,スイ･ニン,12,祖母はずっと私を監視していたんだ。,
c93dee5141b63d08d3d8b0514cdfd4fb.bundle,23大接露結束司徒談話,Say,スイ･ニン,13,そもそも万象を調べたのも……,
c93dee5141b63d08d3d8b0514cdfd4fb.bundle,23大接露結束司徒談話,Say,スイ･ニン,14,彼女に仕向けられたものだった。彼女はわざと、この状況を作り出したのだろう。,
c93dee5141b63d08d3d8b0514cdfd4fb.bundle,23大接露結束司徒談話,Say,スイ･ニン,15,まさか23号まで……,
c93dee5141b63d08d3d8b0514cdfd4fb.bundle,23大接露結束司徒談話,Say,スイ･ニン,16,あの女……,
c93dee5141b63d08d3d8b0514cdfd4fb.bundle,23大接露結束司徒談話,Say,心の声,0,スイ･ニンの目から怒りを感じる……,
c93dee5141b63d08d3d8b0514cdfd4fb.bundle,23大接露結束司徒談話,Say,スイ･ニン,17,結局、今回のすべてが私へのAQテストだった。,
c93dee5141b63d08d3d8b0514cdfd4fb.bundle,23大接露結束司徒談話,Say,スイ･ニン,18,23号は私を眠らせることで、明日のAQテストを阻止しようとしていた。,
c93dee5141b63d08d3d8b0514cdfd4fb.bundle,23大接露結束司徒談話,Branch,#Simple,9,あんたは彼女の私兵だろう？何で祖母はそこまで手の込んだことをする？,
c93dee5141b63d08d3d8b0514cdfd4fb.bundle,23大接露結束司徒談話,Say,スイ･ニン,19,私兵だからこそ、完全に支配しようとしている。,
c93dee5141b63d08d3d8b0514cdfd4fb.bundle,23大接露結束司徒談話,Say,スイ･ニン,20,彼女は、私を完全に手中に入れるつもりだ……,
c93dee5141b63d08d3d8b0514cdfd4fb.bundle,23大接露結束司徒談話,Say,スイ･ニン,21,……,
c93dee5141b63d08d3d8b0514cdfd4fb.bundle,23大接露結束司徒談話,Say,スイ･ニン,22,祖母の話が本当なら、明日の作戦が祖母からの最終テストになるはずだ。,
c93dee5141b63d08d3d8b0514cdfd4fb.bundle,23大接露結束司徒談話,Branch,#Simple,10,大丈夫なのか？,
c93dee5141b63d08d3d8b0514cdfd4fb.bundle,23大接露結束司徒談話,Branch,#Simple,11,延期するべきじゃないか？,
c93dee5141b63d08d3d8b0514cdfd4fb.bundle,23大接露結束司徒談話,Say,スイ･ニン,23,だめだ。,
c93dee5141b63d08d3d8b0514cdfd4fb.bundle,23大接露結束司徒談話,Branch,#Simple,12,……,
c93dee5141b63d08d3d8b0514cdfd4fb.bundle,23大接露結束司徒談話,Say,スイ･ニン,24,23号も言っていた通り、一日でも遅れれば、私ですら解決できない問題になる。,
c93dee5141b63d08d3d8b0514cdfd4fb.bundle,23大接露結束司徒談話,Say,スイ･ニン,25,つまり、明日に何か大きな事が起きるのは確定事項だ。,
c93dee5141b63d08d3d8b0514cdfd4fb.bundle,23大接露結束司徒談話,Say,スイ･ニン,26,我々はそれまでに証拠を手に入れないといけない。,
c93dee5141b63d08d3d8b0514cdfd4fb.bundle,23大接露結束司徒談話,Say,スイ･ニン,27,……,
c93dee5141b63d08d3d8b0514cdfd4fb.bundle,23大接露結束司徒談話,Say,スイ･ニン,28,私が中止しないことは、祖母もわかっているはずだ……,
c93dee5141b63d08d3d8b0514cdfd4fb.bundle,23大接露結束司徒談話,Say,スイ･ニン,29,果たして彼女は何を仕掛けてくるのか……,
c93dee5141b63d08d3d8b0514cdfd4fb.bundle,23大接露結束司徒談話,Say,スイ･ニン,30,……,
c93dee5141b63d08d3d8b0514cdfd4fb.bundle,23大接露結束司徒談話,Say,スイ･ニン,31,考えても仕方ない。明日の作戦は慎重に臨もう。,
c93dee5141b63d08d3d8b0514cdfd4fb.bundle,23大接露結束司徒談話,Say,スイ･ニン,32,速戦即決であれば、大した問題は起きないはずだ。,
c93dee5141b63d08d3d8b0514cdfd4fb.bundle,23大接露結束司徒談話,Say,スイ･ニン,33,私たちは……ゴホッ……！,
c93dee5141b63d08d3d8b0514cdfd4fb.bundle,23大接露結束司徒談話,Say,スイ･ニン,34,はぁ……はぁ……,
c93dee5141b63d08d3d8b0514cdfd4fb.bundle,23大接露結束司徒談話,Branch,#Simple,13,大丈夫か？,
c93dee5141b63d08d3d8b0514cdfd4fb.bundle,23大接露結束司徒談話,Branch,#Simple,14,こんな状態で戦う気か？,
c93dee5141b63d08d3d8b0514cdfd4fb.bundle,23大接露結束司徒談話,Say,スイ･ニン,35,……,
c93dee5141b63d08d3d8b0514cdfd4fb.bundle,23大接露結束司徒談話,Say,スイ･ニン,36,大丈夫だ。,
c93dee5141b63d08d3d8b0514cdfd4fb.bundle,23大接露結束司徒談話,Branch,#Simple,15,……,
c93dee5141b63d08d3d8b0514cdfd4fb.bundle,23大接露結束司徒談話,Say,スイ･ニン,37,……,
c93dee5141b63d08d3d8b0514cdfd4fb.bundle,23大接露結束司徒談話,Say,スイ･ニン,38,寝れば治る。君も早く休みなさい。,
c93dee5141b63d08d3d8b0514cdfd4fb.bundle,23大接露結束司徒談話,Say,スイ･ニン,39,詳細はまた明日に話そう。,
c93dee5141b63d08d3d8b0514cdfd4fb.bundle,23大接露結束司徒談話,Say,心の声,1,顔色が真っ青だ……,
c93dee5141b63d08d3d8b0514cdfd4fb.bundle,23大接露結束司徒談話,Say,スイ･ニン,40,それと……,
c93dee5141b63d08d3d8b0514cdfd4fb.bundle,23大接露結束司徒談話,Say,スイ･ニン,41,23号が参加できない理由を今夜中に考えておく……,
c93dee5141b63d08d3d8b0514cdfd4fb.bundle,23大接露結束司徒談話,Say,スイ･ニン,42,だからさっきのことは、リュウセイには黙っていてほしい。,
c93dee5141b63d08d3d8b0514cdfd4fb.bundle,23大接露結束司徒談話,Branch,#Simple,16,わかった。,
c93dee5141b63d08d3d8b0514cdfd4fb.bundle,23大接露結束司徒談話,Say,スイ･ニン,43,ありがとう。,
c93dee5141b63d08d3d8b0514cdfd4fb.bundle,23大接露結束司徒談話,Branch,#Simple,17,断る。,
c93dee5141b63d08d3d8b0514cdfd4fb.bundle,23大接露結束司徒談話,Branch,#Simple,18,また彼に言わないつもりか？,
c93dee5141b63d08d3d8b0514cdfd4fb.bundle,23大接露結束司徒談話,Branch,#Simple,19,なぜだ？,
c93dee5141b63d08d3d8b0514cdfd4fb.bundle,23大接露結束司徒談話,Say,スイ･ニン,44,23号がリュウセイに罪を着せたことを彼に知られたくない……,
c93dee5141b63d08d3d8b0514cdfd4fb.bundle,23大接露結束司徒談話,Say,スイ･ニン,45,明日は大事な作戦を控えているから尚更だ。,
c93dee5141b63d08d3d8b0514cdfd4fb.bundle,23大接露結束司徒談話,Branch,#Simple,20,塞ぎ込んでいる彼に、これ以上隠し事をするのか？,
c93dee5141b63d08d3d8b0514cdfd4fb.bundle,23大接露結束司徒談話,Say,スイ･ニン,46,だからこそ、彼に真実を伝えるのは避けたい。,
c93dee5141b63d08d3d8b0514cdfd4fb.bundle,23大接露結束司徒談話,Branch,#Simple,21,彼に心構えができていないことを言い訳にしていたらと、いつまでも彼は成長できない。,
c93dee5141b63d08d3d8b0514cdfd4fb.bundle,23大接露結束司徒談話,Say,スイ･ニン,47,……,
c93dee5141b63d08d3d8b0514cdfd4fb.bundle,23大接露結束司徒談話,Say,スイ･ニン,48,なら、私にどうしろと言うんだ？,
c93dee5141b63d08d3d8b0514cdfd4fb.bundle,23大接露結束司徒談話,Branch,#Simple,22,彼に真実を伝えるべきだ。,
c93dee5141b63d08d3d8b0514cdfd4fb.bundle,23大接露結束司徒談話,Branch,#Simple,23,どうすればいいかはわからないが、隠し事はすべきではない。,
c93dee5141b63d08d3d8b0514cdfd4fb.bundle,23大接露結束司徒談話,Branch,#Simple,24,嘘は良い結果をもたらさない。,
c93dee5141b63d08d3d8b0514cdfd4fb.bundle,23大接露結束司徒談話,Say,スイ･ニン,49,嘘をつくつもりはない。彼には後で真実を告げる。,
c93dee5141b63d08d3d8b0514cdfd4fb.bundle,23大接露結束司徒談話,Branch,#Simple,25,それはただの言い訳だ。,
c93dee5141b63d08d3d8b0514cdfd4fb.bundle,23大接露結束司徒談話,Branch,#Simple,26,彼に正直に告げるべきだ。,
c93dee5141b63d08d3d8b0514cdfd4fb.bundle,23大接露結束司徒談話,Say,スイ･ニン,50,それは……,
c93dee5141b63d08d3d8b0514cdfd4fb.bundle,23大接露結束司徒談話,Say,スイ･ニン,51,できない……,
c93dee5141b63d08d3d8b0514cdfd4fb.bundle,23大接露結束司徒談話,Say,スイ･ニン,52,私はあの子を失望させたくない。,
c93dee5141b63d08d3d8b0514cdfd4fb.bundle,23大接露結束司徒談話,Say,スイ･ニン,53,彼は多くの苦しみを経験してきた。もし一番信じていた者に裏切られたと知ったら……,
c93dee5141b63d08d3d8b0514cdfd4fb.bundle,23大接露結束司徒談話,Say,スイ･ニン,54,……,
c93dee5141b63d08d3d8b0514cdfd4fb.bundle,23大接露結束司徒談話,Say,スイ･ニン,55,君の言う通りかもしれない。,
c93dee5141b63d08d3d8b0514cdfd4fb.bundle,23大接露結束司徒談話,Say,スイ･ニン,56,彼に言うべきだ。,
c93dee5141b63d08d3d8b0514cdfd4fb.bundle,23大接露結束司徒談話,Say,スイ･ニン,57,……,
c93dee5141b63d08d3d8b0514cdfd4fb.bundle,23大接露結束司徒談話,Say,スイ･ニン,58,彼もそれ受け入れる覚悟ができているはずだ。,
c93dee5141b63d08d3d8b0514cdfd4fb.bundle,23大接露結束司徒談話,Say,スイ･ニン,59,私は過保護すぎたようだ……,
c93dee5141b63d08d3d8b0514cdfd4fb.bundle,23大接露結束司徒談話,Say,スイ･ニン,60,……,
c93dee5141b63d08d3d8b0514cdfd4fb.bundle,23大接露結束司徒談話,Say,スイ･ニン,61,23号が私に抱いていた感情と同じだ……,
c93dee5141b63d08d3d8b0514cdfd4fb.bundle,23大接露結束司徒談話,Say,心の声,2,落ち込んでいるようだ……,
c93dee5141b63d08d3d8b0514cdfd4fb.bundle,23大接露結束司徒談話,Say,スイ･ニン,62,彼に正直に話す前に、少し心の整理がしたい……,
c93dee5141b63d08d3d8b0514cdfd4fb.bundle,23大接露結束司徒談話,Say,スイ･ニン,63,だが必ず言うと約束する。ありがとう、ジェイ。,
c93dee5141b63d08d3d8b0514cdfd4fb.bundle,23大接露結束司徒談話,Branch,#Simple,27,ああ。,
c93dee5141b63d08d3d8b0514cdfd4fb.bundle,23大接露結束司徒談話,Branch,#Simple,28,正しい選択だ。,
c93dee5141b63d08d3d8b0514cdfd4fb.bundle,23大接露結束司徒談話,Say,スイ･ニン,64,私もそう思う。,
c93dee5141b63d08d3d8b0514cdfd4fb.bundle,23大接露結束司徒談話,Branch,#Simple,29,……,
c93dee5141b63d08d3d8b0514cdfd4fb.bundle,23大接露結束司徒談話,Branch,#Simple,30,わかった。整理し終わったら、必ず彼に伝えてくれ。,
c93dee5141b63d08d3d8b0514cdfd4fb.bundle,23大接露結束司徒談話,Say,スイ･ニン,65,もちろん。約束しよう。,
c93dee5141b63d08d3d8b0514cdfd4fb.bundle,23大接露結束司徒談話,Branch,#Simple,31,わかった。でもすべてが終わったら、必ず彼に伝えると約束してくれ。,
c93dee5141b63d08d3d8b0514cdfd4fb.bundle,23大接露結束司徒談話,Say,スイ･ニン,66,もちろん。約束しよう。,
c93dee5141b63d08d3d8b0514cdfd4fb.bundle,23大接露結束司徒談話,Say,スイ･ニン,67,この話はここまでにしよう。,
c93dee5141b63d08d3d8b0514cdfd4fb.bundle,23大接露結束司徒談話,Branch,#Simple,32,大変そうだな。,
c93dee5141b63d08d3d8b0514cdfd4fb.bundle,23大接露結束司徒談話,Say,心の声,3,弱々しい笑みを浮かべている。,
c93dee5141b63d08d3d8b0514cdfd4fb.bundle,23大接露結束司徒談話,Branch,#Simple,33,そうだ。23号はどうするつもりだ？,
c93dee5141b63d08d3d8b0514cdfd4fb.bundle,23大接露結束司徒談話,Say,スイ･ニン,68,私が面倒を見る。,
c93dee5141b63d08d3d8b0514cdfd4fb.bundle,23大接露結束司徒談話,Say,スイ･ニン,69,これは良い機会かもしれない。,
c93dee5141b63d08d3d8b0514cdfd4fb.bundle,23大接露結束司徒談話,Say,スイ･ニン,70,彼女は常日頃から不眠症に悩まされていたからな……,
c93dee5141b63d08d3d8b0514cdfd4fb.bundle,23大接露結束司徒談話,Say,心の声,4,スイ･ニンの表情が優しい……,
c93dee5141b63d08d3d8b0514cdfd4fb.bundle,23大接露結束司徒談話,Branch,#Simple,34,……,
c93dee5141b63d08d3d8b0514cdfd4fb.bundle,23大接露結束司徒談話,Say,スイ･ニン,71,……,
c93dee5141b63d08d3d8b0514cdfd4fb.bundle,23大接露結束司徒談話,Say,スイ･ニン,72,……,
c93dee5141b63d08d3d8b0514cdfd4fb.bundle,23大接露結束司徒談話,Branch,#Simple,35,どうした？,
c93dee5141b63d08d3d8b0514cdfd4fb.bundle,23大接露結束司徒談話,Say,スイ･ニン,73,……,
c93dee5141b63d08d3d8b0514cdfd4fb.bundle,23大接露結束司徒談話,Say,スイ･ニン,74,私、非情な人間なのだろうか？,
c93dee5141b63d08d3d8b0514cdfd4fb.bundle,23大接露結束司徒談話,Branch,#Simple,36,俺はそう思う。,
c93dee5141b63d08d3d8b0514cdfd4fb.bundle,23大接露結束司徒談話,Say,スイ･ニン,75,そうか……,
c93dee5141b63d08d3d8b0514cdfd4fb.bundle,23大接露結束司徒談話,Say,スイ･ニン,76,わかった。ありがとう。,
c93dee5141b63d08d3d8b0514cdfd4fb.bundle,23大接露結束司徒談話,Branch,#Simple,37,仕事上、仕方がないだろ？,
c93dee5141b63d08d3d8b0514cdfd4fb.bundle,23大接露結束司徒談話,Say,スイ･ニン,77,……,
c93dee5141b63d08d3d8b0514cdfd4fb.bundle,23大接露結束司徒談話,Say,スイ･ニン,78,……そうだな。,
c93dee5141b63d08d3d8b0514cdfd4fb.bundle,23大接露結束司徒談話,Say,スイ･ニン,79,仕方がないか……,
c93dee5141b63d08d3d8b0514cdfd4fb.bundle,23大接露結束司徒談話,Branch,#Simple,38,仲間には優しいと思う。,
c93dee5141b63d08d3d8b0514cdfd4fb.bundle,23大接露結束司徒談話,Branch,#Simple,39,……,
c93dee5141b63d08d3d8b0514cdfd4fb.bundle,23大接露結束司徒談話,Branch,#Simple,40,それは違う。,
c93dee5141b63d08d3d8b0514cdfd4fb.bundle,23大接露結束司徒談話,Say,スイ･ニン,80,……,
c93dee5141b63d08d3d8b0514cdfd4fb.bundle,23大接露結束司徒談話,Say,スイ･ニン,81,私は自分がとても理性的だと自覚している。,
c93dee5141b63d08d3d8b0514cdfd4fb.bundle,23大接露結束司徒談話,Say,スイ･ニン,82,私にとって物事の白黒ははっきりと分かれている。,
c93dee5141b63d08d3d8b0514cdfd4fb.bundle,23大接露結束司徒談話,Say,スイ･ニン,83,だから私は即座に決断できる。,
c93dee5141b63d08d3d8b0514cdfd4fb.bundle,23大接露結束司徒談話,Say,スイ･ニン,84,仲間や自身が傷つくからといって、立場を変えたりはしない。,
c93dee5141b63d08d3d8b0514cdfd4fb.bundle,23大接露結束司徒談話,Say,スイ･ニン,85,正しいものは正しく、間違っているものは間違いだ。,
c93dee5141b63d08d3d8b0514cdfd4fb.bundle,23大接露結束司徒談話,Say,スイ･ニン,86,とはいえ、自分が人格者だとも思わない。,
c93dee5141b63d08d3d8b0514cdfd4fb.bundle,23大接露結束司徒談話,Say,スイ･ニン,87,ただ白黒を分けすぎて、自分をごまかせないだけだ……,
c93dee5141b63d08d3d8b0514cdfd4fb.bundle,23大接露結束司徒談話,Say,スイ･ニン,88,今回の件のように、正しさを貫くことが一番危険だとはわかっている。,
c93dee5141b63d08d3d8b0514cdfd4fb.bundle,23大接露結束司徒談話,Say,スイ･ニン,89,しかし私は言い訳ができない……,
c93dee5141b63d08d3d8b0514cdfd4fb.bundle,23大接露結束司徒談話,Say,スイ･ニン,90,何より私には、この問題を解決できる力がある……,
c93dee5141b63d08d3d8b0514cdfd4fb.bundle,23大接露結束司徒談話,Say,スイ･ニン,91,力があるからこそ、力がない者の代わりに何としても解決しなければならない。,
c93dee5141b63d08d3d8b0514cdfd4fb.bundle,23大接露結束司徒談話,Say,スイ･ニン,92,それによって私が非情に見えるだろうし、仲間も傷つく……,
c93dee5141b63d08d3d8b0514cdfd4fb.bundle,23大接露結束司徒談話,Say,心の声,5,23号を見ている……,
c93dee5141b63d08d3d8b0514cdfd4fb.bundle,23大接露結束司徒談話,Branch,#Simple,41,それで思い悩むのは、あんたが非情じゃない一番の証拠だ。,
c93dee5141b63d08d3d8b0514cdfd4fb.bundle,23大接露結束司徒談話,Say,心の声,6,スイ・ニンが驚いたように俺を見ている。,
c93dee5141b63d08d3d8b0514cdfd4fb.bundle,23大接露結束司徒談話,Say,スイ･ニン,93,……,
c93dee5141b63d08d3d8b0514cdfd4fb.bundle,23大接露結束司徒談話,Say,スイ･ニン,94,……そうかもしれない。,
c93dee5141b63d08d3d8b0514cdfd4fb.bundle,23大接露結束司徒談話,Say,スイ･ニン,95,ありがとう、ジェイ。,
c93dee5141b63d08d3d8b0514cdfd4fb.bundle,23大接露結束司徒談話,Say,スイ･ニン,96,君と話して大分楽になった。,
c93dee5141b63d08d3d8b0514cdfd4fb.bundle,23大接露結束司徒談話,Branch,#Simple,42,これからはもう少し自分に寛容になることだな。,
c93dee5141b63d08d3d8b0514cdfd4fb.bundle,23大接露結束司徒談話,Say,スイ･ニン,97,そうだな。,
c93dee5141b63d08d3d8b0514cdfd4fb.bundle,23大接露結束司徒談話,Say,スイ･ニン,98,或いは、自分に寛容であるべきではないのかもしれない。,
c93dee5141b63d08d3d8b0514cdfd4fb.bundle,23大接露結束司徒談話,Branch,#Simple,43,正しい行動は苦しみを伴う。あんたの言葉だ。,
c93dee5141b63d08d3d8b0514cdfd4fb.bundle,23大接露結束司徒談話,Say,心の声,7,スイ･ニンが驚いた顔でこちらを見ている。,
c93dee5141b63d08d3d8b0514cdfd4fb.bundle,23大接露結束司徒談話,Say,スイ･ニン,99,……,
c93dee5141b63d08d3d8b0514cdfd4fb.bundle,23大接露結束司徒談話,Say,スイ･ニン,100,……君の言う通りだ。,
c93dee5141b63d08d3d8b0514cdfd4fb.bundle,23大接露結束司徒談話,Branch,#Simple,44,……,
c93dee5141b63d08d3d8b0514cdfd4fb.bundle,23大接露結束司徒談話,Say,スイ･ニン,101,……,
c93dee5141b63d08d3d8b0514cdfd4fb.bundle,23大接露結束司徒談話,Say,心の声,8,スイ･ニンの目の色が変わった……,
c93dee5141b63d08d3d8b0514cdfd4fb.bundle,23大接露結束司徒談話,Say,スイ･ニン,102,この点において、私はホワイトリザードととてもよく似ている。,
c93dee5141b63d08d3d8b0514cdfd4fb.bundle,23大接露結束司徒談話,Say,スイ･ニン,103,彼も物事の本質をきちんと見る人間だ。,
c93dee5141b63d08d3d8b0514cdfd4fb.bundle,23大接露結束司徒談話,Say,スイ･ニン,104,だが彼は道徳を捨て、「正しさ」から自分を解放した。,
c93dee5141b63d08d3d8b0514cdfd4fb.bundle,23大接露結束司徒談話,Say,スイ･ニン,105,正しさからの解放など、私には一生できないだろうな。,
c93dee5141b63d08d3d8b0514cdfd4fb.bundle,23大接露結束司徒談話,Say,スイ･ニン,106,だが、だからといって自分が彼より高尚な人間だとも思わない。,
c93dee5141b63d08d3d8b0514cdfd4fb.bundle,23大接露結束司徒談話,Say,スイ･ニン,107,ただ、私が彼のようにはなれないだけだ。彼のようになる道は、端っから私になかった。,
c93dee5141b63d08d3d8b0514cdfd4fb.bundle,23大接露結束司徒談話,Say,スイ･ニン,108,その道が用意されてないだけで、選択すらしていない私には、彼より高尚だと言う資格はない。,
c93dee5141b63d08d3d8b0514cdfd4fb.bundle,23大接露結束司徒談話,Say,スイ･ニン,109,23号も言っていた……,
c93dee5141b63d08d3d8b0514cdfd4fb.bundle,23大接露結束司徒談話,Say,スイ･ニン,110,私は、究極の選択を経験したことがないと……,
c93dee5141b63d08d3d8b0514cdfd4fb.bundle,23大接露結束司徒談話,Branch,#Simple,45,一部、賛成できないな。,
c93dee5141b63d08d3d8b0514cdfd4fb.bundle,23大接露結束司徒談話,Say,スイ･ニン,111,一部とは何のことだ？,
c93dee5141b63d08d3d8b0514cdfd4fb.bundle,23大接露結束司徒談話,Branch,#Simple,46,究極の選択をしたことがないあんたには、何もわからないってところだ。,
c93dee5141b63d08d3d8b0514cdfd4fb.bundle,23大接露結束司徒談話,Say,スイ･ニン,112,彼女はそんな極端なことを言っているわけではないと思うが……,
c93dee5141b63d08d3d8b0514cdfd4fb.bundle,23大接露結束司徒談話,Say,スイ･ニン,113,君の言いたいことはわかる。事実、私もそう思っている部分がある。,
c93dee5141b63d08d3d8b0514cdfd4fb.bundle,23大接露結束司徒談話,Say,スイ･ニン,114,……,
c93dee5141b63d08d3d8b0514cdfd4fb.bundle,23大接露結束司徒談話,Say,スイ･ニン,115,君が私と同じ考えで嬉しい。,
c93dee5141b63d08d3d8b0514cdfd4fb.bundle,23大接露結束司徒談話,Say,スイ･ニン,116,こういう状況では、他人からの肯定があると、とても有難い……,
c93dee5141b63d08d3d8b0514cdfd4fb.bundle,23大接露結束司徒談話,Branch,#Simple,47,あんたが究極の選択を乗り越えられなかった場合、人が変わるってところだ。,
c93dee5141b63d08d3d8b0514cdfd4fb.bundle,23大接露結束司徒談話,Say,スイ･ニン,117,……,
c93dee5141b63d08d3d8b0514cdfd4fb.bundle,23大接露結束司徒談話,Say,スイ･ニン,118,そう言って、信じてくれるだけでも私は有難い。,
c93dee5141b63d08d3d8b0514cdfd4fb.bundle,23大接露結束司徒談話,Say,スイ･ニン,119,私も、自分は変わらないと信じている。,
c93dee5141b63d08d3d8b0514cdfd4fb.bundle,23大接露結束司徒談話,Say,スイ･ニン,120,……,
c93dee5141b63d08d3d8b0514cdfd4fb.bundle,23大接露結束司徒談話,Say,スイ･ニン,121,そうでなければ、23号に約束などしない。,
c93dee5141b63d08d3d8b0514cdfd4fb.bundle,23大接露結束司徒談話,Branch,#Simple,48,明日経験できるかもしれないな。,
c93dee5141b63d08d3d8b0514cdfd4fb.bundle,23大接露結束司徒談話,Say,スイ･ニン,122,……,
c93dee5141b63d08d3d8b0514cdfd4fb.bundle,23大接露結束司徒談話,Say,スイ･ニン,123,ハハ、そうだな……,
c93dee5141b63d08d3d8b0514cdfd4fb.bundle,23大接露結束司徒談話,Say,スイ･ニン,124,明日になればすべてわかることだ。,
c93dee5141b63d08d3d8b0514cdfd4fb.bundle,23大接露結束司徒談話,Branch,#Simple,49,……,
c93dee5141b63d08d3d8b0514cdfd4fb.bundle,23大接露結束司徒談話,Say,スイ･ニン,125,もうこんな時間だ。,
c93dee5141b63d08d3d8b0514cdfd4fb.bundle,23大接露結束司徒談話,Say,スイ･ニン,126,早く戻りなさい。,
c93dee5141b63d08d3d8b0514cdfd4fb.bundle,23大接露結束司徒談話,Branch,#Simple,50,さっきの23号への態度を見た後にそれを聞くのか？,
c93dee5141b63d08d3d8b0514cdfd4fb.bundle,23大接露結束司徒談話,Say,スイ･ニン,127,……それもそうだな。,
c93dee5141b63d08d3d8b0514cdfd4fb.bundle,23大接露結束司徒談話,Branch,#Simple,51,じゃ、俺は先に寝る。,
c93dee5141b63d08d3d8b0514cdfd4fb.bundle,23大接露結束司徒談話,Say,スイ･ニン,128,あ、そうだな……,
c93dee5141b63d08d3d8b0514cdfd4fb.bundle,23大接露結束司徒談話,Branch,#Simple,52,……,
c93dee5141b63d08d3d8b0514cdfd4fb.bundle,23大接露結束司徒談話,Say,スイ･ニン,129,おやすみ、ジェイ。,
c93dee5141b63d08d3d8b0514cdfd4fb.bundle,23大接露結束司徒談話,Branch,#Simple,53,おやすみ。,
c93dee5141b63d08d3d8b0514cdfd4fb.bundle,23大接露結束司徒談話,Branch,#Simple,54,明日を乗り切ればすべてが終わる。,
c93dee5141b63d08d3d8b0514cdfd4fb.bundle,23大接露結束司徒談話,Say,スイ･ニン,130,……,
c93dee5141b63d08d3d8b0514cdfd4fb.bundle,23大接露結束司徒談話,Say,スイ･ニン,131,……そうだな。,
c93dee5141b63d08d3d8b0514cdfd4fb.bundle,23大接露結束司徒談話,Say,スイ･ニン,132,必ず明日で終わらせよう。,
c93dee5141b63d08d3d8b0514cdfd4fb.bundle,23大接露結束司徒談話,Branch,#Simple,55,……,
c93dee5141b63d08d3d8b0514cdfd4fb.bundle,第四日內心世界2,Say,ジェイ･ダイ,0,……,
c93dee5141b63d08d3d8b0514cdfd4fb.bundle,第四日內心世界2,Say,ジェイ･ダイ,1,今日のスイ･ニンとホワイトリザードの戦いは凄まじかったな。,
c93dee5141b63d08d3d8b0514cdfd4fb.bundle,第四日內心世界2,Say,ジェイ･ダイ,2,あれは人間じゃない……,
c93dee5141b63d08d3d8b0514cdfd4fb.bundle,第四日內心世界2,Say,ジェイ･ダイ,3,……,
c93dee5141b63d08d3d8b0514cdfd4fb.bundle,第四日內心世界2,Say,ジェイ･ダイ,4,俺も訓練すれば、彼女のようになれるらしいな。,
c93dee5141b63d08d3d8b0514cdfd4fb.bundle,第四日內心世界2,Say,ジェイ･ダイ,5,もしそれが本当なら、俺は誰かに守ってもらう必要がなくなる。,
c93dee5141b63d08d3d8b0514cdfd4fb.bundle,第四日內心世界2,Say,ジェイ･ダイ,6,自分自身とリンをこの手で守れる……,
c93dee5141b63d08d3d8b0514cdfd4fb.bundle,第四日內心世界2,Say,ジェイ･ダイ,7,だが……,
c93dee5141b63d08d3d8b0514cdfd4fb.bundle,第四日內心世界2,Say,ジェイ･ダイ,8,その力はただの暴力でしかない。政治的な観点からも守れる力が……,
c93dee5141b63d08d3d8b0514cdfd4fb.bundle,第四日內心世界2,Say,ジェイ･ダイ,9,……,
c93dee5141b63d08d3d8b0514cdfd4fb.bundle,第四日內心世界2,Say,ジェイ･ダイ,10,フクロウ。,
c93dee5141b63d08d3d8b0514cdfd4fb.bundle,第四日內心世界2,Say,ジェイ･ダイ,11,スイ･ニンの話では、俺のフクロウ入隊を早める必要があるらしい。,
c93dee5141b63d08d3d8b0514cdfd4fb.bundle,第四日內心世界2,Say,ジェイ･ダイ,12,彼女は入隊をネガティブに捉えているようだが、俺は逆だ。,
c93dee5141b63d08d3d8b0514cdfd4fb.bundle,第四日內心世界2,Say,ジェイ･ダイ,13,彼女がそう思うのは、彼女自身の価値観の問題だ。,
c93dee5141b63d08d3d8b0514cdfd4fb.bundle,第四日內心世界2,Say,ジェイ･ダイ,14,フクロウが企業の悪事を見逃している状況を彼女が許せないからだ。,
c93dee5141b63d08d3d8b0514cdfd4fb.bundle,第四日內心世界2,Say,ジェイ･ダイ,15,だが俺にとってはどうでもいいことだ。,
c93dee5141b63d08d3d8b0514cdfd4fb.bundle,第四日內心世界2,Say,ジェイ･ダイ,16,既得権益層を守るというフクロウの目的を俺は不満に思っていない。,
c93dee5141b63d08d3d8b0514cdfd4fb.bundle,第四日內心世界2,Say,ジェイ･ダイ,17,……,
c93dee5141b63d08d3d8b0514cdfd4fb.bundle,第四日內心世界2,Say,ジェイ･ダイ,18,だから時が来れば……,
c93dee5141b63d08d3d8b0514cdfd4fb.bundle,第四日內心世界2,Say,ジェイ･ダイ,19,俺はスイ･ニンを利用してフクロウに入る。入った後は彼女との関係をすべて絶つつもりだ。,
c93dee5141b63d08d3d8b0514cdfd4fb.bundle,第四日內心世界2,Branch,#Simple,0,なぜ彼女との関係を断つ必要がある？,
c93dee5141b63d08d3d8b0514cdfd4fb.bundle,第四日內心世界2,Say,ジェイ･ダイ,20,フクロウに入っていない俺でもわかる。組織の中でも彼女は異端児なはずだ。,
c93dee5141b63d08d3d8b0514cdfd4fb.bundle,第四日內心世界2,Say,ジェイ･ダイ,21,しかも組織のやり方に逆らう異端児だ。,
c93dee5141b63d08d3d8b0514cdfd4fb.bundle,第四日內心世界2,Say,ジェイ･ダイ,22,彼女との関係を絶たないと、俺までもが彼女の仲間に見られてしまう。,
c93dee5141b63d08d3d8b0514cdfd4fb.bundle,第四日內心世界2,Say,ジェイ･ダイ,23,そんなことになったら本末転倒だ。,
c93dee5141b63d08d3d8b0514cdfd4fb.bundle,第四日內心世界2,Branch,#Simple,1,でも彼女はあんたを助けてくれた。,
c93dee5141b63d08d3d8b0514cdfd4fb.bundle,第四日內心世界2,Say,ジェイ･ダイ,24,確かにそうだ。,
c93dee5141b63d08d3d8b0514cdfd4fb.bundle,第四日內心世界2,Say,ジェイ･ダイ,25,……,
c93dee5141b63d08d3d8b0514cdfd4fb.bundle,第四日內心世界2,Say,ジェイ･ダイ,26,別に彼女に敵対するつもりはない。,
c93dee5141b63d08d3d8b0514cdfd4fb.bundle,第四日內心世界2,Say,ジェイ･ダイ,27,ただ仲間に見られたくないだけだ。,
c93dee5141b63d08d3d8b0514cdfd4fb.bundle,第四日內心世界2,Branch,#Simple,2,わかった。,
c93dee5141b63d08d3d8b0514cdfd4fb.bundle,第四日內心世界2,Branch,#Simple,3,……,
c93dee5141b63d08d3d8b0514cdfd4fb.bundle,第四日內心世界2,Branch,#Simple,4,フクロウに入りたくなったのか？,
c93dee5141b63d08d3d8b0514cdfd4fb.bundle,第四日內心世界2,Say,ジェイ･ダイ,28,俺の気持ちは端から関係ない。入るしか選択肢がないからな。,
c93dee5141b63d08d3d8b0514cdfd4fb.bundle,第四日內心世界2,Say,ジェイ･ダイ,29,選択肢がそれしかないなら、なるべくフクロウに入るメリットを見い出したいだけだ。,
c93dee5141b63d08d3d8b0514cdfd4fb.bundle,第四日內心世界2,Say,ジェイ･ダイ,30,だからお前の言う通り、今の俺はフクロウへの入隊を志願している。,
c93dee5141b63d08d3d8b0514cdfd4fb.bundle,第四日內心世界2,Branch,#Simple,5,……,
c93dee5141b63d08d3d8b0514cdfd4fb.bundle,第四日內心世界2,Say,ジェイ･ダイ,31,俺の選択を伝えてはみたが……,
c93dee5141b63d08d3d8b0514cdfd4fb.bundle,第四日內心世界2,Say,ジェイ･ダイ,32,……,
c93dee5141b63d08d3d8b0514cdfd4fb.bundle,第四日內心世界2,Say,ジェイ･ダイ,33,お前には興味の話だったな。,
c93dee5141b63d08d3d8b0514cdfd4fb.bundle,第四日內心世界2,Say,ジェイ･ダイ,34,お前は自分のしたいことをするだけで、俺の意思なんてどうでもいいだろ？,
c93dee5141b63d08d3d8b0514cdfd4fb.bundle,第四日內心世界2,Branch,#Simple,6,そうだな。,
c93dee5141b63d08d3d8b0514cdfd4fb.bundle,第四日內心世界2,Branch,#Simple,7,そんなことはない。,
c93dee5141b63d08d3d8b0514cdfd4fb.bundle,第四日內心世界2,Say,ジェイ･ダイ,35,昨日、お前は俺のことを好きじゃないと言った。,
c93dee5141b63d08d3d8b0514cdfd4fb.bundle,第四日內心世界2,Say,ジェイ･ダイ,36,そして俺も、お前を信用していないと言った。,
c93dee5141b63d08d3d8b0514cdfd4fb.bundle,第四日內心世界2,Say,ジェイ･ダイ,37,急に心変わりでもしたのか？,
c93dee5141b63d08d3d8b0514cdfd4fb.bundle,第四日內心世界2,Branch,#Simple,8,好きじゃないだけで、別に危害を加える気はない。,
c93dee5141b63d08d3d8b0514cdfd4fb.bundle,第四日內心世界2,Say,ジェイ･ダイ,38,……,
c93dee5141b63d08d3d8b0514cdfd4fb.bundle,第四日內心世界2,Say,ジェイ･ダイ,39,それはなぜだ？,
c93dee5141b63d08d3d8b0514cdfd4fb.bundle,第四日內心世界2,Branch,#Simple,9,あんたは嫌いやつの人生を潰さないと気が済まないのか？,
c93dee5141b63d08d3d8b0514cdfd4fb.bundle,第四日內心世界2,Branch,#Simple,10,別に理由はない。,
c93dee5141b63d08d3d8b0514cdfd4fb.bundle,第四日內心世界2,Branch,#Simple,11,俺は悪人じゃないからな。,
c93dee5141b63d08d3d8b0514cdfd4fb.bundle,第四日內心世界2,Branch,#Simple,12,好きじゃないだけで、別に興味がないわけではない。,
c93dee5141b63d08d3d8b0514cdfd4fb.bundle,第四日內心世界2,Say,ジェイ･ダイ,40,……それは信じがたいな。,
c93dee5141b63d08d3d8b0514cdfd4fb.bundle,第四日內心世界2,Say,ジェイ･ダイ,41,俺に対して敵意を持っているなら、どうして俺に興味を持つ？,
c93dee5141b63d08d3d8b0514cdfd4fb.bundle,第四日內心世界2,Branch,#Simple,13,あんたの体を奪ったことに、多少は罪悪感があるからだ。,
c93dee5141b63d08d3d8b0514cdfd4fb.bundle,第四日內心世界2,Branch,#Simple,14,別に理由はない。,
c93dee5141b63d08d3d8b0514cdfd4fb.bundle,第四日內心世界2,Branch,#Simple,15,俺は悪人じゃないからな。,
c93dee5141b63d08d3d8b0514cdfd4fb.bundle,第四日內心世界2,Say,ジェイ･ダイ,42,……,
c93dee5141b63d08d3d8b0514cdfd4fb.bundle,第四日內心世界2,Say,ジェイ･ダイ,43,俺がそれを信じるとでも思っているのか？,
c93dee5141b63d08d3d8b0514cdfd4fb.bundle,第四日內心世界2,Branch,#Simple,16,信じる、信じないはあんた次第だ。,
c93dee5141b63d08d3d8b0514cdfd4fb.bundle,第四日內心世界2,Branch,#Simple,17,俺は別にあんたからの信頼が欲しいわけじゃない。,
c93dee5141b63d08d3d8b0514cdfd4fb.bundle,第四日內心世界2,Branch,#Simple,18,信じてくれて構わない。,
c93dee5141b63d08d3d8b0514cdfd4fb.bundle,第四日內心世界2,Say,ジェイ･ダイ,44,……,
c93dee5141b63d08d3d8b0514cdfd4fb.bundle,第四日內心世界2,Say,ジェイ･ダイ,45,わかった。,
c93dee5141b63d08d3d8b0514cdfd4fb.bundle,第四日內心世界2,Say,ジェイ･ダイ,46,再度改めて言うが……,
c93dee5141b63d08d3d8b0514cdfd4fb.bundle,第四日內心世界2,Say,ジェイ･ダイ,47,俺はフクロウに入隊して、スイ･ニンとの関係を断ち切る……,
c93dee5141b63d08d3d8b0514cdfd4fb.bundle,第四日內心世界2,Branch,#Simple,19,……,
c93dee5141b63d08d3d8b0514cdfd4fb.bundle,第四日內心世界2,Say,ジェイ･ダイ,48,お前はそうだろうな。,
c93dee5141b63d08d3d8b0514cdfd4fb.bundle,第四日內心世界2,Say,ジェイ･ダイ,49,なら、お前に話しても無駄だ。,
c93dee5141b63d08d3d8b0514cdfd4fb.bundle,第四日內心世界2,Branch,#Simple,20,何を話すつもりだったんだ？,
c93dee5141b63d08d3d8b0514cdfd4fb.bundle,第四日內心世界2,Say,ジェイ･ダイ,50,もういい。忘れてくれ。,
c93dee5141b63d08d3d8b0514cdfd4fb.bundle,第四日內心世界2,Branch,#Simple,21,そっちの方がお互い楽だろうしな。,
c93dee5141b63d08d3d8b0514cdfd4fb.bundle,第四日內心世界2,Branch,#Simple,22,……,
c93dee5141b63d08d3d8b0514cdfd4fb.bundle,第四日內心世界2,Say,ジェイ･ダイ,51,……,
c93dee5141b63d08d3d8b0514cdfd4fb.bundle,第四日內心世界2,Say,ジェイ･ダイ,52,うん。,
c93dee5141b63d08d3d8b0514cdfd4fb.bundle,第四日內心世界2,Say,ジェイ･ダイ,53,そろそろだな……,
c93dee5141b63d08d3d8b0514cdfd4fb.bundle,第四日內心世界2,Branch,#Simple,23,思ったより早いな。,
c93dee5141b63d08d3d8b0514cdfd4fb.bundle,第四日內心世界2,Say,ジェイ･ダイ,54,良いことだろ？,
c93dee5141b63d08d3d8b0514cdfd4fb.bundle,第四日內心世界2,Say,ジェイ･ダイ,55,お前と長々とここにいても仕方がない。,
c93dee5141b63d08d3d8b0514cdfd4fb.bundle,第四日內心世界2,Branch,#Simple,24,……,
c93dee5141b63d08d3d8b0514cdfd4fb.bundle,第四日內心世界2,Say,ジェイ･ダイ,56,もう出て行け。,
c93dee5141b63d08d3d8b0514cdfd4fb.bundle,第四日內心世界2,Say,ジェイ･ダイ,57,この選択について、お前はどう思う？,
c93dee5141b63d08d3d8b0514cdfd4fb.bundle,第四日內心世界2,Branch,#Simple,25,あんたがもう決めたなら、俺の意見はどうでもいいだろう？,
c93dee5141b63d08d3d8b0514cdfd4fb.bundle,第四日內心世界2,Branch,#Simple,26,なぜ俺の意見を聞きたがる？,
c93dee5141b63d08d3d8b0514cdfd4fb.bundle,第四日內心世界2,Say,ジェイ･ダイ,58,……,
c93dee5141b63d08d3d8b0514cdfd4fb.bundle,第四日內心世界2,Say,ジェイ･ダイ,59,俺にとっては、お前が唯一話せる相手だからだ。,
c93dee5141b63d08d3d8b0514cdfd4fb.bundle,第四日內心世界2,Say,ジェイ･ダイ,60,お前は俺を嫌っているかもしれないが……,
c93dee5141b63d08d3d8b0514cdfd4fb.bundle,第四日內心世界2,Say,ジェイ･ダイ,61,お前は俺とリンのことを気にかけてくれている。,
c93dee5141b63d08d3d8b0514cdfd4fb.bundle,第四日內心世界2,Say,ジェイ･ダイ,62,精神制御者とこんなに話せたのは、お前が初めてなんだ。,
c93dee5141b63d08d3d8b0514cdfd4fb.bundle,第四日內心世界2,Say,ジェイ･ダイ,63,……,
c93dee5141b63d08d3d8b0514cdfd4fb.bundle,第四日內心世界2,Say,ジェイ･ダイ,64,お前は考えたこともないかもしれないが……,
c93dee5141b63d08d3d8b0514cdfd4fb.bundle,第四日內心世界2,Say,ジェイ･ダイ,65,例え俺が精神制御されていなくても、そのジェイ･ダイは俺じゃないんだ。,
c93dee5141b63d08d3d8b0514cdfd4fb.bundle,第四日內心世界2,Say,ジェイ･ダイ,66,その俺は精神制御のことを知らない。今の俺とは記憶に差異がある。,
c93dee5141b63d08d3d8b0514cdfd4fb.bundle,第四日內心世界2,Say,ジェイ･ダイ,67,記憶が違えばそれは別人だ。ここにいる俺は存在しないことになる。,
c93dee5141b63d08d3d8b0514cdfd4fb.bundle,第四日內心世界2,Say,ジェイ･ダイ,68,俺は体を奪われてからずっとこの部屋に閉じ込められていた。,
c93dee5141b63d08d3d8b0514cdfd4fb.bundle,第四日內心世界2,Say,ジェイ･ダイ,69,お前が現れる前は……,
c93dee5141b63d08d3d8b0514cdfd4fb.bundle,第四日內心世界2,Say,ジェイ･ダイ,70,……,
c93dee5141b63d08d3d8b0514cdfd4fb.bundle,第四日內心世界2,Say,ジェイ･ダイ,71,話が逸れたな。,
c93dee5141b63d08d3d8b0514cdfd4fb.bundle,第四日內心世界2,Say,ジェイ･ダイ,72,本題に戻ろう。,
c93dee5141b63d08d3d8b0514cdfd4fb.bundle,第四日內心世界2,Say,ジェイ･ダイ,73,俺はフクロウに入隊して、スイ･ニンとの関係を断ち切る。,
c93dee5141b63d08d3d8b0514cdfd4fb.bundle,第四日內心世界2,Branch,#Simple,27,正しい選択だと思う。,
c93dee5141b63d08d3d8b0514cdfd4fb.bundle,第四日內心世界2,Say,ジェイ･ダイ,74,ならよかった。,
c93dee5141b63d08d3d8b0514cdfd4fb.bundle,第四日內心世界2,Branch,#Simple,28,悪いが、それには賛同できない。,
c93dee5141b63d08d3d8b0514cdfd4fb.bundle,第四日內心世界2,Say,ジェイ･ダイ,75,じゃ、俺はどうすればいい？他に選択肢があるのか？,
c93dee5141b63d08d3d8b0514cdfd4fb.bundle,第四日內心世界2,Branch,#Simple,29,フクロウに入るのは賛成だが、スイ･ニンとの関係を絶つべきではない。,
c93dee5141b63d08d3d8b0514cdfd4fb.bundle,第四日內心世界2,Say,ジェイ･ダイ,76,なぜだ？,
c93dee5141b63d08d3d8b0514cdfd4fb.bundle,第四日內心世界2,Branch,#Simple,30,スイ･ニンは強力な仲間になるからだ。,
c93dee5141b63d08d3d8b0514cdfd4fb.bundle,第四日內心世界2,Branch,#Simple,31,彼女の理念は正しい。,
c93dee5141b63d08d3d8b0514cdfd4fb.bundle,第四日內心世界2,Branch,#Simple,32,彼女を裏切るつもりなのか？,
c93dee5141b63d08d3d8b0514cdfd4fb.bundle,第四日內心世界2,Say,ジェイ･ダイ,77,……,
c93dee5141b63d08d3d8b0514cdfd4fb.bundle,第四日內心世界2,Say,ジェイ･ダイ,78,スイ･ニンにかなり惚れ込んだようだな……,
c93dee5141b63d08d3d8b0514cdfd4fb.bundle,第四日內心世界2,Say,ジェイ･ダイ,79,今日お前がリュウセイと話していた時にそれは気づいていたが。,
c93dee5141b63d08d3d8b0514cdfd4fb.bundle,第四日內心世界2,Say,ジェイ･ダイ,80,……,
c93dee5141b63d08d3d8b0514cdfd4fb.bundle,第四日內心世界2,Say,ジェイ･ダイ,81,スイ･ニンと関係を続けるなら、一つの条件がある。,
c93dee5141b63d08d3d8b0514cdfd4fb.bundle,第四日內心世界2,Say,ジェイ･ダイ,82,彼女の理念が、俺とリンを守れることが条件だ。,
c93dee5141b63d08d3d8b0514cdfd4fb.bundle,第四日內心世界2,Say,ジェイ･ダイ,83,だがそれは不可能だ。,
c93dee5141b63d08d3d8b0514cdfd4fb.bundle,第四日內心世界2,Say,ジェイ･ダイ,84,社会体制の改革に挑むより、体制に加わった方が簡単だ。,
c93dee5141b63d08d3d8b0514cdfd4fb.bundle,第四日內心世界2,Branch,#Simple,33,なぜそう思う？,
c93dee5141b63d08d3d8b0514cdfd4fb.bundle,第四日內心世界2,Say,ジェイ･ダイ,85,改革を行えば、必ず既得権益者と衝突し、代償を負う羽目になる。,
c93dee5141b63d08d3d8b0514cdfd4fb.bundle,第四日內心世界2,Say,ジェイ･ダイ,86,だが兵士として彼らに従い続ければ……,
c93dee5141b63d08d3d8b0514cdfd4fb.bundle,第四日內心世界2,Say,ジェイ･ダイ,87,彼らと同じ権力を一部手にできる。,
c93dee5141b63d08d3d8b0514cdfd4fb.bundle,第四日內心世界2,Say,ジェイ･ダイ,88,フクロウに入ればそれを手にできる。,
c93dee5141b63d08d3d8b0514cdfd4fb.bundle,第四日內心世界2,Branch,#Simple,34,それは屈辱じゃないか？,
c93dee5141b63d08d3d8b0514cdfd4fb.bundle,第四日內心世界2,Branch,#Simple,35,その代わりに、彼らの犬となるのか？,
c93dee5141b63d08d3d8b0514cdfd4fb.bundle,第四日內心世界2,Say,ジェイ･ダイ,89,プライドより、安定した生活の方が重要だ。,
c93dee5141b63d08d3d8b0514cdfd4fb.bundle,第四日內心世界2,Say,ジェイ･ダイ,90,俺だってスイ･ニンのような人間を尊敬している。,
c93dee5141b63d08d3d8b0514cdfd4fb.bundle,第四日內心世界2,Say,ジェイ･ダイ,91,だが彼女ほど博愛主義にはなれない。リンとともに生きれれば十分だ。,
c93dee5141b63d08d3d8b0514cdfd4fb.bundle,第四日內心世界2,Say,ジェイ･ダイ,92,それを利己的だと思われても俺は構わない。,
c93dee5141b63d08d3d8b0514cdfd4fb.bundle,第四日內心世界2,Branch,#Simple,36,……,
c93dee5141b63d08d3d8b0514cdfd4fb.bundle,第四日內心世界2,Branch,#Simple,37,それなら何もしなければいい。,
c93dee5141b63d08d3d8b0514cdfd4fb.bundle,第四日內心世界2,Say,ジェイ･ダイ,93,俺も今まではそうしてきた。,
c93dee5141b63d08d3d8b0514cdfd4fb.bundle,第四日內心世界2,Say,ジェイ･ダイ,94,昨日、お前に言ったとおりだ。,
c93dee5141b63d08d3d8b0514cdfd4fb.bundle,第四日內心世界2,Say,ジェイ･ダイ,95,社会から目を背け、災難が訪れないことをただ願い続けるだけだった。,
c93dee5141b63d08d3d8b0514cdfd4fb.bundle,第四日內心世界2,Branch,#Simple,38,……,
c93dee5141b63d08d3d8b0514cdfd4fb.bundle,第四日內心世界2,Say,ジェイ･ダイ,96,俺は今日のメイ･ジョの話が最初は理解できなかった……,
c93dee5141b63d08d3d8b0514cdfd4fb.bundle,第四日內心世界2,Say,ジェイ･ダイ,97,だが今、やっとわかった。,
c93dee5141b63d08d3d8b0514cdfd4fb.bundle,第四日內心世界2,Say,ジェイ･ダイ,98,彼女が言った通り、俺は彼女と同じ人種だ。,
c93dee5141b63d08d3d8b0514cdfd4fb.bundle,第四日內心世界2,Say,ジェイ･ダイ,99,俺は自分よりリンが大事だが、彼女を守る力は持っていない。,
c93dee5141b63d08d3d8b0514cdfd4fb.bundle,第四日內心世界2,Say,ジェイ･ダイ,100,それを彼女が見抜いていたからこそ……,
c93dee5141b63d08d3d8b0514cdfd4fb.bundle,第四日內心世界2,Say,ジェイ･ダイ,101,答えを俺に教えてくれた。,
c93dee5141b63d08d3d8b0514cdfd4fb.bundle,第四日內心世界2,Say,ジェイ･ダイ,102,体制に反抗せず、逆に体制に加わり権力を得る。,
c93dee5141b63d08d3d8b0514cdfd4fb.bundle,第四日內心世界2,Say,ジェイ･ダイ,103,これの何が悪い？,
c93dee5141b63d08d3d8b0514cdfd4fb.bundle,第四日內心世界2,Branch,#Simple,39,体制に加われば安泰というわけではない。,
c93dee5141b63d08d3d8b0514cdfd4fb.bundle,第四日內心世界2,Say,ジェイ･ダイ,104,どういう意味だ？,
c93dee5141b63d08d3d8b0514cdfd4fb.bundle,第四日內心世界2,Branch,#Simple,40,その体制事態に問題があれば、あんたにも災難は降りかかるはずだ。,
c93dee5141b63d08d3d8b0514cdfd4fb.bundle,第四日內心世界2,Branch,#Simple,41,あんたが権力争いの犠牲になる可能性もある。,
c93dee5141b63d08d3d8b0514cdfd4fb.bundle,第四日內心世界2,Say,ジェイ･ダイ,105,フクロウに入ることで、その体制を守る側になったとしてもか？,
c93dee5141b63d08d3d8b0514cdfd4fb.bundle,第四日內心世界2,Branch,#Simple,42,体制自体に問題がある場合、利用され、迫害を受ける可能性は十分ある。,
c93dee5141b63d08d3d8b0514cdfd4fb.bundle,第四日內心世界2,Branch,#Simple,43,ならあんたが権力者にとって邪魔だった場合は？,
c93dee5141b63d08d3d8b0514cdfd4fb.bundle,第四日內心世界2,Say,ジェイ･ダイ,106,……,
c93dee5141b63d08d3d8b0514cdfd4fb.bundle,第四日內心世界2,Say,ジェイ･ダイ,107,お前のその話を成立させるには前提が必要だ。,
c93dee5141b63d08d3d8b0514cdfd4fb.bundle,第四日內心世界2,Say,ジェイ･ダイ,108,それは今の社会体制がそこまで落ちぶれていることだ。,
c93dee5141b63d08d3d8b0514cdfd4fb.bundle,第四日內心世界2,Say,ジェイ･ダイ,109,例えば秩序を失い、個人、団体を問わず、手段を選ばず利益を求めたり……,
c93dee5141b63d08d3d8b0514cdfd4fb.bundle,第四日內心世界2,Say,ジェイ･ダイ,110,社会の公平性を失い、すべての決定が権力者に委ねられたりがあるが……,
c93dee5141b63d08d3d8b0514cdfd4fb.bundle,第四日內心世界2,Say,ジェイ･ダイ,111,あくまでもそれは、この現代社会ではあり得ない話だ。,
c93dee5141b63d08d3d8b0514cdfd4fb.bundle,第四日內心世界2,Say,ジェイ･ダイ,112,グレーゾーンは存在するかもしれないが、社会は法の基に動いている。,
c93dee5141b63d08d3d8b0514cdfd4fb.bundle,第四日內心世界2,Branch,#Simple,44,まだそんなことを信じているのか？,
c93dee5141b63d08d3d8b0514cdfd4fb.bundle,第四日內心世界2,Say,ジェイ･ダイ,113,確かにいろんなことを目にしたが、俺はただ自分の無力さに気づかされただけだ。,
c93dee5141b63d08d3d8b0514cdfd4fb.bundle,第四日內心世界2,Say,ジェイ･ダイ,114,社会のことなんて……,
c93dee5141b63d08d3d8b0514cdfd4fb.bundle,第四日內心世界2,Branch,#Simple,45,今の社会に法律が存在してると言えるのか？,
c93dee5141b63d08d3d8b0514cdfd4fb.bundle,第四日內心世界2,Say,ジェイ･ダイ,115,罪を犯せば捕まるだろ。,
c93dee5141b63d08d3d8b0514cdfd4fb.bundle,第四日內心世界2,Say,ジェイ･ダイ,116,政治家だって汚職が見つかり、それが報道されれば罰を受ける。,
c93dee5141b63d08d3d8b0514cdfd4fb.bundle,第四日內心世界2,Say,ジェイ･ダイ,117,だから……,
c93dee5141b63d08d3d8b0514cdfd4fb.bundle,第四日內心世界2,Branch,#Simple,46,……,
c93dee5141b63d08d3d8b0514cdfd4fb.bundle,第四日內心世界2,Say,ジェイ･ダイ,118,今の社会体制はまだバランスが取れていると言える。,
c93dee5141b63d08d3d8b0514cdfd4fb.bundle,第四日內心世界2,Branch,#Simple,47,リンは企業からの口封じで殺されそうになったんだぞ。,
c93dee5141b63d08d3d8b0514cdfd4fb.bundle,第四日內心世界2,Say,ジェイ･ダイ,119,それはセイワ･ゲンの個人の決定であり、万象全体の決定とは言えない。,
c93dee5141b63d08d3d8b0514cdfd4fb.bundle,第四日內心世界2,Say,ジェイ･ダイ,120,それに、もし証拠が公になれば、彼は法で裁かれる。,
c93dee5141b63d08d3d8b0514cdfd4fb.bundle,第四日內心世界2,Branch,#Simple,48,人身売買や人体実験を行っている企業が存在するのにか？,
c93dee5141b63d08d3d8b0514cdfd4fb.bundle,第四日內心世界2,Say,ジェイ･ダイ,121,人身売買の件を知っているのは俺たちだけだから、万象が裁かれることはないはずだ。,
c93dee5141b63d08d3d8b0514cdfd4fb.bundle,第四日內心世界2,Say,ジェイ･ダイ,122,それに人体実験については俺も証拠があるわけじゃない。,
c93dee5141b63d08d3d8b0514cdfd4fb.bundle,第四日內心世界2,Branch,#Simple,49,……,
c93dee5141b63d08d3d8b0514cdfd4fb.bundle,第四日內心世界2,Say,ジェイ･ダイ,123,お前が今の社会に失望する気持ちは理解できる。,
c93dee5141b63d08d3d8b0514cdfd4fb.bundle,第四日內心世界2,Say,ジェイ･ダイ,124,だがそれも見方によっては変わってくる。,
c93dee5141b63d08d3d8b0514cdfd4fb.bundle,第四日內心世界2,Say,ジェイ･ダイ,125,俺もお前も、今の社会がどれだけ落ちぶれているかを計りようがない。,
c93dee5141b63d08d3d8b0514cdfd4fb.bundle,第四日內心世界2,Say,ジェイ･ダイ,126,ましてや、俺とお前では判断の基準が違う。,
c93dee5141b63d08d3d8b0514cdfd4fb.bundle,第四日內心世界2,Say,ジェイ･ダイ,127,言論の自由を重んじる人もいれば、生活の安全を重視する人もいる。,
c93dee5141b63d08d3d8b0514cdfd4fb.bundle,第四日內心世界2,Say,ジェイ･ダイ,128,この世にあるすべての罪を罰するべきだと考える人もいれば、証拠がなければ裁かれるべきではないと考える人もいる。,
c93dee5141b63d08d3d8b0514cdfd4fb.bundle,第四日內心世界2,Say,ジェイ･ダイ,129,だからいろいろ経験してもなお、俺はまだ今の社会体制がそこまで落ちぶれているとは思えない。,
c93dee5141b63d08d3d8b0514cdfd4fb.bundle,第四日內心世界2,Branch,#Simple,50,甘い考えだ。,
c93dee5141b63d08d3d8b0514cdfd4fb.bundle,第四日內心世界2,Say,ジェイ･ダイ,130,甘いのはお前のほうだ。,
c93dee5141b63d08d3d8b0514cdfd4fb.bundle,第四日內心世界2,Say,ジェイ･ダイ,131,お前の理想が高すぎる。お前はこの世界が、自分が望む通りの美しい世界になることを望んでいる。,
c93dee5141b63d08d3d8b0514cdfd4fb.bundle,第四日內心世界2,Say,ジェイ･ダイ,132,だがそれは不可能だ。,
c93dee5141b63d08d3d8b0514cdfd4fb.bundle,第四日內心世界2,Say,ジェイ･ダイ,133,この世界はお前が望むような完璧な世界にはなれない。それが理解できれば、もっと楽に生きられるはずだ。,
c93dee5141b63d08d3d8b0514cdfd4fb.bundle,第四日內心世界2,Branch,#Simple,51,楽に生きられたところで、問題は解決しない。,
c93dee5141b63d08d3d8b0514cdfd4fb.bundle,第四日內心世界2,Branch,#Simple,52,俺が求めているのは完璧ではなく、改善だ。,
c93dee5141b63d08d3d8b0514cdfd4fb.bundle,第四日內心世界2,Branch,#Simple,53,……,
c93dee5141b63d08d3d8b0514cdfd4fb.bundle,第四日內心世界2,Branch,#Simple,54,俺が望んでいるのは体制の改革ではなく、改善だ。,
c93dee5141b63d08d3d8b0514cdfd4fb.bundle,第四日內心世界2,Say,ジェイ･ダイ,134,……,
c93dee5141b63d08d3d8b0514cdfd4fb.bundle,第四日內心世界2,Say,ジェイ･ダイ,135,それは既得権益者を敵に回すだけだ。,
c93dee5141b63d08d3d8b0514cdfd4fb.bundle,第四日內心世界2,Say,ジェイ･ダイ,136,俺は自分に降りかかるリスクを避けたい。,
c93dee5141b63d08d3d8b0514cdfd4fb.bundle,第四日內心世界2,Branch,#Simple,55,リスクを取るべきだと思わないのか？,
c93dee5141b63d08d3d8b0514cdfd4fb.bundle,第四日內心世界2,Branch,#Simple,56,……,
c93dee5141b63d08d3d8b0514cdfd4fb.bundle,第四日內心世界2,Branch,#Simple,57,……,
c93dee5141b63d08d3d8b0514cdfd4fb.bundle,第四日內心世界2,Say,ジェイ･ダイ,137,……,
c93dee5141b63d08d3d8b0514cdfd4fb.bundle,第四日內心世界2,Say,ジェイ･ダイ,138,この話はここまでにしよう。,
c93dee5141b63d08d3d8b0514cdfd4fb.bundle,第四日內心世界2,Say,ジェイ･ダイ,139,このまま話しても埒が明かない。,
c93dee5141b63d08d3d8b0514cdfd4fb.bundle,第四日內心世界2,Say,ジェイ･ダイ,140,それにお前の考えはわかった。,
c93dee5141b63d08d3d8b0514cdfd4fb.bundle,第四日內心世界2,Say,ジェイ･ダイ,141,だからといって、考えを変えるつもりはないけどな。俺は今の社会体制にそこまでの不満はない。,
c93dee5141b63d08d3d8b0514cdfd4fb.bundle,第四日內心世界2,Say,ジェイ･ダイ,142,だが……,
c93dee5141b63d08d3d8b0514cdfd4fb.bundle,第四日內心世界2,Say,ジェイ･ダイ,143,お前の意見も頭には入れておく。,
c93dee5141b63d08d3d8b0514cdfd4fb.bundle,第四日內心世界2,Say,ジェイ･ダイ,144,……,
c93dee5141b63d08d3d8b0514cdfd4fb.bundle,第四日內心世界2,Say,ジェイ･ダイ,145,真面目に議論してくれてありがとう。,
c93dee5141b63d08d3d8b0514cdfd4fb.bundle,第四日內心世界2,Say,ジェイ･ダイ,146,……,
c93dee5141b63d08d3d8b0514cdfd4fb.bundle,第四日內心世界2,Say,ジェイ･ダイ,147,俺のことを良く思っていないにも関わらず……,
c93dee5141b63d08d3d8b0514cdfd4fb.bundle,第四日內心世界2,Say,ジェイ･ダイ,148,真面目に議論してくれることには感謝する。,
c93dee5141b63d08d3d8b0514cdfd4fb.bundle,第四日內心世界2,Branch,#Simple,58,あんたの目的が自分の身を守ることなら、それも当然だ。,
c93dee5141b63d08d3d8b0514cdfd4fb.bundle,第四日內心世界2,Say,ジェイ･ダイ,149,そうだな。,
c93dee5141b63d08d3d8b0514cdfd4fb.bundle,第四日內心世界2,Say,ジェイ･ダイ,150,理解してくれてありがとう。,
c93dee5141b63d08d3d8b0514cdfd4fb.bundle,第四日內心世界2,Branch,#Simple,59,フクロウに入るのではなく、イアン･チョーに頼んで逃げるべきだ。,
c93dee5141b63d08d3d8b0514cdfd4fb.bundle,第四日內心世界2,Say,ジェイ･ダイ,151,……どうしてそう思う？,
c93dee5141b63d08d3d8b0514cdfd4fb.bundle,第四日內心世界2,Branch,#Simple,60,そうすることでしか、リンに自由を与えられない。,
c93dee5141b63d08d3d8b0514cdfd4fb.bundle,第四日內心世界2,Say,ジェイ･ダイ,152,だがそれは俺が勝手に決めていいものではない。彼女は、自分の選択を尊重してほしいと言っていた。,
c93dee5141b63d08d3d8b0514cdfd4fb.bundle,第四日內心世界2,Branch,#Simple,61,でもお前の選択を尊重するとも言っていた。,
c93dee5141b63d08d3d8b0514cdfd4fb.bundle,第四日內心世界2,Say,ジェイ･ダイ,153,彼女なりのやり方で、俺の選択を受け入れるか……,
c93dee5141b63d08d3d8b0514cdfd4fb.bundle,第四日內心世界2,Say,ジェイ･ダイ,154,逃げた場合、彼女はどうすると思う？,
c93dee5141b63d08d3d8b0514cdfd4fb.bundle,第四日內心世界2,Branch,#Simple,62,お前を探しに行くと思う。,
c93dee5141b63d08d3d8b0514cdfd4fb.bundle,第四日內心世界2,Branch,#Simple,63,さあな。,
c93dee5141b63d08d3d8b0514cdfd4fb.bundle,第四日內心世界2,Say,ジェイ･ダイ,155,……,
c93dee5141b63d08d3d8b0514cdfd4fb.bundle,第四日內心世界2,Branch,#Simple,64,でも今の自由のない日々に彼女は苦しんでいる。,
c93dee5141b63d08d3d8b0514cdfd4fb.bundle,第四日內心世界2,Say,ジェイ･ダイ,156,……,
c93dee5141b63d08d3d8b0514cdfd4fb.bundle,第四日內心世界2,Say,ジェイ･ダイ,157,それはわかってる。,
c93dee5141b63d08d3d8b0514cdfd4fb.bundle,第四日內心世界2,Branch,#Simple,65,あんたは彼女を自由にすべきだ。,
c93dee5141b63d08d3d8b0514cdfd4fb.bundle,第四日內心世界2,Branch,#Simple,66,わかってるなら、なぜこれ以上彼女を苦しめる。,
c93dee5141b63d08d3d8b0514cdfd4fb.bundle,第四日內心世界2,Say,ジェイ･ダイ,158,……,
c93dee5141b63d08d3d8b0514cdfd4fb.bundle,第四日內心世界2,Branch,#Simple,67,……,
c93dee5141b63d08d3d8b0514cdfd4fb.bundle,第四日內心世界2,Say,ジェイ･ダイ,159,リンは、俺が知る中で誰よりも強い人間だ。,
c93dee5141b63d08d3d8b0514cdfd4fb.bundle,第四日內心世界2,Say,ジェイ･ダイ,160,だからこそ、一方的に彼女から離れることは一番の裏切りだ。,
c93dee5141b63d08d3d8b0514cdfd4fb.bundle,第四日內心世界2,Say,ジェイ･ダイ,161,彼女は俺とともに生きる選択をした。俺をその選択を踏みにじるつもりはない。,
c93dee5141b63d08d3d8b0514cdfd4fb.bundle,第四日內心世界2,Say,ジェイ･ダイ,162,例えいつか彼女と別れる時が来たとしても……,
c93dee5141b63d08d3d8b0514cdfd4fb.bundle,第四日內心世界2,Say,ジェイ･ダイ,163,それはリンのためではなく、自分のためだ。,
c93dee5141b63d08d3d8b0514cdfd4fb.bundle,第四日內心世界2,Say,ジェイ･ダイ,164,リンが側にいてくれるにも関わらず、自由を求め始めた時だ……,
c93dee5141b63d08d3d8b0514cdfd4fb.bundle,第四日內心世界2,Say,ジェイ･ダイ,165,あくまでもこの先、自由を求めるのは俺であって、彼女ではない……,
c93dee5141b63d08d3d8b0514cdfd4fb.bundle,第四日內心世界2,Branch,#Simple,68,別れる気になったのか？,
c93dee5141b63d08d3d8b0514cdfd4fb.bundle,第四日內心世界2,Say,ジェイ･ダイ,166,いや、それはない。,
c93dee5141b63d08d3d8b0514cdfd4fb.bundle,第四日內心世界2,Say,ジェイ･ダイ,167,だが……,
c93dee5141b63d08d3d8b0514cdfd4fb.bundle,第四日內心世界2,Branch,#Simple,69,そうか。,
c93dee5141b63d08d3d8b0514cdfd4fb.bundle,第四日內心世界2,Branch,#Simple,70,……,
c93dee5141b63d08d3d8b0514cdfd4fb.bundle,第四日內心世界2,Say,ジェイ･ダイ,168,この件については、もう少し考えたい。,
c93dee5141b63d08d3d8b0514cdfd4fb.bundle,第四日內心世界2,Say,ジェイ･ダイ,169,……,
c93dee5141b63d08d3d8b0514cdfd4fb.bundle,第四日內心世界2,Say,ジェイ･ダイ,170,俺のことを良く思っていないにも関わらず……,
c93dee5141b63d08d3d8b0514cdfd4fb.bundle,第四日內心世界2,Say,ジェイ･ダイ,171,真面目に議論してくれることには感謝する。,
c93dee5141b63d08d3d8b0514cdfd4fb.bundle,第四日內心世界2,Say,ジェイ･ダイ,172,ありがとう。,
c93dee5141b63d08d3d8b0514cdfd4fb.bundle,第四日內心世界2,Branch,#Simple,71,フクロウは信用できない。入隊したところで、あんたとリンがまた危険に巻き込まれるだけだ。,
c93dee5141b63d08d3d8b0514cdfd4fb.bundle,第四日內心世界2,Say,ジェイ･ダイ,173,だからって、逃げても危険は付きまとう。それにイアン･チョーとオーキッドが信用に値するかもまだわからない。,
c93dee5141b63d08d3d8b0514cdfd4fb.bundle,第四日內心世界2,Branch,#Simple,72,少なくともフクロウが危険であることは明確だ。,
c93dee5141b63d08d3d8b0514cdfd4fb.bundle,第四日內心世界2,Branch,#Simple,73,フクロウはすでにお前を殺そうとしているのにか？,
c93dee5141b63d08d3d8b0514cdfd4fb.bundle,第四日內心世界2,Say,ジェイ･ダイ,174,それでも……,
c93dee5141b63d08d3d8b0514cdfd4fb.bundle,第四日內心世界2,Branch,#Simple,74,……,
c93dee5141b63d08d3d8b0514cdfd4fb.bundle,第四日內心世界2,Say,ジェイ･ダイ,175,俺にだって、捨てられないものがある。,
c93dee5141b63d08d3d8b0514cdfd4fb.bundle,第四日內心世界2,Say,ジェイ･ダイ,176,将来、起きるかもわからない危険と引き換えに、今のすべてを捨てたいとは思えないんだ。,
c93dee5141b63d08d3d8b0514cdfd4fb.bundle,第四日內心世界2,Branch,#Simple,75,あんたのその気持ちは理解できる。,
c93dee5141b63d08d3d8b0514cdfd4fb.bundle,第四日內心世界2,Branch,#Simple,76,リンはどうするつもりだ？本当にこの先の彼女の自由を奪っていいのか？,
c93dee5141b63d08d3d8b0514cdfd4fb.bundle,第四日內心世界2,Say,ジェイ･ダイ,177,……,
c93dee5141b63d08d3d8b0514cdfd4fb.bundle,第四日內心世界2,Branch,#Simple,77,……,
c93dee5141b63d08d3d8b0514cdfd4fb.bundle,第四日內心世界2,Say,ジェイ･ダイ,178,お前の考えはなんとなく理解した……,
c93dee5141b63d08d3d8b0514cdfd4fb.bundle,第四日內心世界2,Branch,#Simple,78,あんたは反抗すべきだ。,
c93dee5141b63d08d3d8b0514cdfd4fb.bundle,第四日內心世界2,Say,ジェイ･ダイ,179,……どういうことだ？,
c93dee5141b63d08d3d8b0514cdfd4fb.bundle,第四日內心世界2,Branch,#Simple,79,万象にもフクロウにも屈服せず、反抗し続けろってことだ。,
c93dee5141b63d08d3d8b0514cdfd4fb.bundle,第四日內心世界2,Say,ジェイ･ダイ,180,それは、具体的に何をするんだ？,
c93dee5141b63d08d3d8b0514cdfd4fb.bundle,第四日內心世界2,Branch,#Simple,80,どこの勢力にも属さない。,
c93dee5141b63d08d3d8b0514cdfd4fb.bundle,第四日內心世界2,Say,ジェイ･ダイ,181,自分の力で生きろってことか？それは不可能だ。,
c93dee5141b63d08d3d8b0514cdfd4fb.bundle,第四日內心世界2,Say,ジェイ･ダイ,182,それに、その答えは具体性に欠ける。,
c93dee5141b63d08d3d8b0514cdfd4fb.bundle,第四日內心世界2,Say,ジェイ･ダイ,183,お前が勢力に属したくないことはわかった。だがそれは何の解決にもなっていない！,
c93dee5141b63d08d3d8b0514cdfd4fb.bundle,第四日內心世界2,Branch,#Simple,81,お前を搾取しようとしている勢力に苦しみを与える。,
c93dee5141b63d08d3d8b0514cdfd4fb.bundle,第四日內心世界2,Say,ジェイ･ダイ,184,その答えは具体性に欠ける。,
c93dee5141b63d08d3d8b0514cdfd4fb.bundle,第四日內心世界2,Say,ジェイ･ダイ,185,お前は彼らに復讐したいのか？,
c93dee5141b63d08d3d8b0514cdfd4fb.bundle,第四日內心世界2,Branch,#Simple,82,ああ。,
c93dee5141b63d08d3d8b0514cdfd4fb.bundle,第四日內心世界2,Branch,#Simple,83,俺たちに手を出したことを後悔させてやる。,
c93dee5141b63d08d3d8b0514cdfd4fb.bundle,第四日內心世界2,Say,ジェイ･ダイ,186,お前がリュウセイに言った言葉とは大違いだな。,
c93dee5141b63d08d3d8b0514cdfd4fb.bundle,第四日內心世界2,Say,ジェイ･ダイ,187,だめだ……,
c93dee5141b63d08d3d8b0514cdfd4fb.bundle,第四日內心世界2,Say,ジェイ･ダイ,188,そんなことをしても俺にメリットはない。,
c93dee5141b63d08d3d8b0514cdfd4fb.bundle,第四日內心世界2,Branch,#Simple,84,散々酷い目に遭わされたのに、やり返したい気持ちはないのか？,
c93dee5141b63d08d3d8b0514cdfd4fb.bundle,第四日內心世界2,Say,ジェイ･ダイ,189,ない。,
c93dee5141b63d08d3d8b0514cdfd4fb.bundle,第四日內心世界2,Say,ジェイ･ダイ,190,俺に何のメリットもないからな。,
c93dee5141b63d08d3d8b0514cdfd4fb.bundle,第四日內心世界2,Branch,#Simple,85,……,
c93dee5141b63d08d3d8b0514cdfd4fb.bundle,第四日內心世界2,Say,ジェイ･ダイ,191,俺はリンが安全に暮らせるなら、尊厳や正義なんてものはどうでもいい。,
c93dee5141b63d08d3d8b0514cdfd4fb.bundle,第四日內心世界2,Say,ジェイ･ダイ,192,企業に敵対したら、俺たちの安全な暮らしは永遠に訪れない。,
c93dee5141b63d08d3d8b0514cdfd4fb.bundle,第四日內心世界2,Say,ジェイ･ダイ,193,……,
c93dee5141b63d08d3d8b0514cdfd4fb.bundle,第四日內心世界2,Say,ジェイ･ダイ,194,お前に意見を聞くべきじゃなかったようだな。,
c93dee5141b63d08d3d8b0514cdfd4fb.bundle,第四日內心世界2,Say,ジェイ･ダイ,195,お前はずっと俺に敵意を持っていた。,
c93dee5141b63d08d3d8b0514cdfd4fb.bundle,第四日內心世界2,Branch,#Simple,86,誰にも頼らず、自分で逃げ延びろ。,
c93dee5141b63d08d3d8b0514cdfd4fb.bundle,第四日內心世界2,Say,ジェイ･ダイ,196,……気でも狂ったのか？,
c93dee5141b63d08d3d8b0514cdfd4fb.bundle,第四日內心世界2,Say,ジェイ･ダイ,197,俺一人で、フクロウから逃げられるわけがない。,
c93dee5141b63d08d3d8b0514cdfd4fb.bundle,第四日內心世界2,Branch,#Simple,87,試してもいないのに諦めるのか？,
c93dee5141b63d08d3d8b0514cdfd4fb.bundle,第四日內心世界2,Branch,#Simple,88,座して死を待つつもりか？,
c93dee5141b63d08d3d8b0514cdfd4fb.bundle,第四日內心世界2,Branch,#Simple,89,……,
c93dee5141b63d08d3d8b0514cdfd4fb.bundle,第四日內心世界2,Say,ジェイ･ダイ,198,俺には他の選択肢がある。,
c93dee5141b63d08d3d8b0514cdfd4fb.bundle,第四日內心世界2,Say,ジェイ･ダイ,199,お前はどうして勢力に頼りたがらない？,
c93dee5141b63d08d3d8b0514cdfd4fb.bundle,第四日內心世界2,Branch,#Simple,90,信じられるのは自分だけだからだ。,
c93dee5141b63d08d3d8b0514cdfd4fb.bundle,第四日內心世界2,Branch,#Simple,91,あんたは、まだ他人を当てにする気なのか？,
c93dee5141b63d08d3d8b0514cdfd4fb.bundle,第四日內心世界2,Branch,#Simple,92,……,
c93dee5141b63d08d3d8b0514cdfd4fb.bundle,第四日內心世界2,Say,ジェイ･ダイ,200,……,
c93dee5141b63d08d3d8b0514cdfd4fb.bundle,第四日內心世界2,Say,ジェイ･ダイ,201,正直な話、今、考えても仕方がない話だ。,
c93dee5141b63d08d3d8b0514cdfd4fb.bundle,第四日內心世界2,Say,ジェイ･ダイ,202,この先に可能性は転がり続けているし、明日何が起きるかもわからない……,
c93dee5141b63d08d3d8b0514cdfd4fb.bundle,第四日內心世界2,Say,ジェイ･ダイ,203,……,
c93dee5141b63d08d3d8b0514cdfd4fb.bundle,第四日內心世界3,Say,ジェイ･ダイ,0,そうだ。リュウセイのことだが……,
c93dee5141b63d08d3d8b0514cdfd4fb.bundle,第四日內心世界3,Say,ジェイ･ダイ,1,お前があいつを気に掛けていることを俺は嬉しく思っている。,
c93dee5141b63d08d3d8b0514cdfd4fb.bundle,第四日內心世界3,Branch,#Simple,0,そういうのは嫌いだと思っていた。,
c93dee5141b63d08d3d8b0514cdfd4fb.bundle,第四日內心世界3,Say,ジェイ･ダイ,2,確かに俺はあいつらと深い関係を築きたくない。,
c93dee5141b63d08d3d8b0514cdfd4fb.bundle,第四日內心世界3,Say,ジェイ･ダイ,3,だが今回に限っては、お前は正しい選択をしたと思う。,
c93dee5141b63d08d3d8b0514cdfd4fb.bundle,第四日內心世界3,Branch,#Simple,1,……,
c93dee5141b63d08d3d8b0514cdfd4fb.bundle,第四日內心世界3,Say,ジェイ･ダイ,4,お前はあいつを止めてくれた。,
c93dee5141b63d08d3d8b0514cdfd4fb.bundle,第四日內心世界3,Branch,#Simple,2,止める？,
c93dee5141b63d08d3d8b0514cdfd4fb.bundle,第四日內心世界3,Say,ジェイ･ダイ,5,ああ。,
c93dee5141b63d08d3d8b0514cdfd4fb.bundle,第四日內心世界3,Branch,#Simple,3,俺はただ人生相談に乗っただけだ。,
c93dee5141b63d08d3d8b0514cdfd4fb.bundle,第四日內心世界3,Say,ジェイ･ダイ,6,そうとも言えるな。,
c93dee5141b63d08d3d8b0514cdfd4fb.bundle,第四日內心世界3,Branch,#Simple,4,……,
c93dee5141b63d08d3d8b0514cdfd4fb.bundle,第四日內心世界3,Say,ジェイ･ダイ,7,お前が彼と話さなかったら、彼は馬鹿なことを仕出かしてたはずだ。,
c93dee5141b63d08d3d8b0514cdfd4fb.bundle,第四日內心世界3,Branch,#Simple,5,なぜそう思う？,
c93dee5141b63d08d3d8b0514cdfd4fb.bundle,第四日內心世界3,Say,ジェイ･ダイ,8,昔、彼に似た友人がいてな。経験則だ。,
c93dee5141b63d08d3d8b0514cdfd4fb.bundle,第四日內心世界3,Branch,#Simple,6,俺もそう思う。,
c93dee5141b63d08d3d8b0514cdfd4fb.bundle,第四日內心世界3,Branch,#Simple,7,……,
c93dee5141b63d08d3d8b0514cdfd4fb.bundle,第四日內心世界3,Say,ジェイ･ダイ,9,……,
c93dee5141b63d08d3d8b0514cdfd4fb.bundle,第四日內心世界3,Say,ジェイ･ダイ,10,彼のような人間は、スイ･ニンたちと同じ世界で生きるべきじゃない。,
c93dee5141b63d08d3d8b0514cdfd4fb.bundle,第四日內心世界3,Branch,#Simple,8,彼の成長はこれからだ。,
c93dee5141b63d08d3d8b0514cdfd4fb.bundle,第四日內心世界3,Say,ジェイ･ダイ,11,……そうかもしれないな。,
c93dee5141b63d08d3d8b0514cdfd4fb.bundle,第四日內心世界3,Branch,#Simple,9,彼もいずれそれに気づくはずだ。,
c93dee5141b63d08d3d8b0514cdfd4fb.bundle,第四日內心世界3,Say,ジェイ･ダイ,12,難しいだろうな。,
c93dee5141b63d08d3d8b0514cdfd4fb.bundle,第四日內心世界3,Branch,#Simple,10,……,
c93dee5141b63d08d3d8b0514cdfd4fb.bundle,第四日內心世界3,Say,ジェイ･ダイ,13,お前はすぐに彼の計画から降りろ。,
c93dee5141b63d08d3d8b0514cdfd4fb.bundle,第四日內心世界3,Say,ジェイ･ダイ,14,今はスイ･ニンの計画通りに行動すべきだ。邪魔はよせ。,
c93dee5141b63d08d3d8b0514cdfd4fb.bundle,第四日內心世界3,Say,ジェイ･ダイ,15,何度も言っているが、俺にとって一番重要なのはリンの身の安全だ。,
c93dee5141b63d08d3d8b0514cdfd4fb.bundle,第四日內心世界3,Say,ジェイ･ダイ,16,スイ･ニンの交渉作戦にはまだ可能性があるが、お前とリュウセイがやろうとしていることは……,
c93dee5141b63d08d3d8b0514cdfd4fb.bundle,第四日內心世界3,Say,ジェイ･ダイ,17,ただの復讐だ。,
c93dee5141b63d08d3d8b0514cdfd4fb.bundle,第四日內心世界3,Branch,#Simple,11,それは違う。俺たちは正義を執行するだけだ。,
c93dee5141b63d08d3d8b0514cdfd4fb.bundle,第四日內心世界3,Say,ジェイ･ダイ,18,俺の体で、俺の人生で執行するな。それはお前の正義であり、俺の正義しゃない。,
c93dee5141b63d08d3d8b0514cdfd4fb.bundle,第四日內心世界3,Branch,#Simple,12,万象やセイワ･ゲンに復讐したくないのか？,
c93dee5141b63d08d3d8b0514cdfd4fb.bundle,第四日內心世界3,Say,ジェイ･ダイ,19,お前ら以上に、復讐を望んでいるくらいだ。だが結果を考えろ。,
c93dee5141b63d08d3d8b0514cdfd4fb.bundle,第四日內心世界3,Branch,#Simple,13,……,
c93dee5141b63d08d3d8b0514cdfd4fb.bundle,第四日內心世界3,Say,ジェイ･ダイ,20,明日必ずスイ･ニンにリュウセイの計画を伝えると約束しろ。,
c93dee5141b63d08d3d8b0514cdfd4fb.bundle,第四日內心世界3,Branch,#Simple,14,わかった。約束する。,
c93dee5141b63d08d3d8b0514cdfd4fb.bundle,第四日內心世界3,Say,ジェイ･ダイ,21,……,
c93dee5141b63d08d3d8b0514cdfd4fb.bundle,第四日內心世界3,Say,ジェイ･ダイ,22,ありがとう……,
c93dee5141b63d08d3d8b0514cdfd4fb.bundle,第四日內心世界3,Branch,#Simple,15,だめだ。彼を裏切れない。,
c93dee5141b63d08d3d8b0514cdfd4fb.bundle,第四日內心世界3,Branch,#Simple,16,だめだ。俺たちは正義を貫くべきだ。,
c93dee5141b63d08d3d8b0514cdfd4fb.bundle,第四日內心世界3,Say,ジェイ･ダイ,23,……,
c93dee5141b63d08d3d8b0514cdfd4fb.bundle,第四日內心世界3,Say,ジェイ･ダイ,24,お前はそうだろうな。,
c93dee5141b63d08d3d8b0514cdfd4fb.bundle,第四日內心世界3,Say,ジェイ･ダイ,25,今の俺は、お前を止められない。,
c93dee5141b63d08d3d8b0514cdfd4fb.bundle,第四日內心世界3,Say,ジェイ･ダイ,26,それでも俺はお前に頼むことしかできない。,
c93dee5141b63d08d3d8b0514cdfd4fb.bundle,第四日內心世界3,Say,ジェイ･ダイ,27,……頼む。,
c93dee5141b63d08d3d8b0514cdfd4fb.bundle,第四日內心世界3,Say,ジェイ･ダイ,28,お前が彼に、秘密を守ると約束したことは知っている。,
c93dee5141b63d08d3d8b0514cdfd4fb.bundle,第四日內心世界3,Say,ジェイ･ダイ,29,だがリスクを回避するためにも、スイ･ニンに彼の計画を伝えてくれ。,
c93dee5141b63d08d3d8b0514cdfd4fb.bundle,第四日內心世界3,Say,ジェイ･ダイ,30,今はスイ･ニンの計画通りに行動すべきだ。邪魔をするのはやめてくれ。,
c93dee5141b63d08d3d8b0514cdfd4fb.bundle,第四日內心世界3,Say,ジェイ･ダイ,31,何度も言っているが、俺にとって一番重要なのはリンの身の安全だ。,
c93dee5141b63d08d3d8b0514cdfd4fb.bundle,第四日內心世界3,Say,ジェイ･ダイ,32,明日必ずスイ･ニンにリュウセイの計画を伝えると約束してくれ。,
c93dee5141b63d08d3d8b0514cdfd4fb.bundle,第四日內心世界3,Branch,#Simple,17,わかった。約束する。,
c93dee5141b63d08d3d8b0514cdfd4fb.bundle,第四日內心世界3,Say,ジェイ･ダイ,33,……,
c93dee5141b63d08d3d8b0514cdfd4fb.bundle,第四日內心世界3,Say,ジェイ･ダイ,34,ありがとう……,
c93dee5141b63d08d3d8b0514cdfd4fb.bundle,第四日內心世界3,Branch,#Simple,18,だめだ。彼を裏切れない。,
c93dee5141b63d08d3d8b0514cdfd4fb.bundle,第四日內心世界3,Say,ジェイ･ダイ,35,……,
c93dee5141b63d08d3d8b0514cdfd4fb.bundle,第四日內心世界3,Say,ジェイ･ダイ,36,お前はそうだろうな。,
c93dee5141b63d08d3d8b0514cdfd4fb.bundle,第四日內心世界3,Say,ジェイ･ダイ,37,今の俺は、お前を止められない。,
c93dee5141b63d08d3d8b0514cdfd4fb.bundle,第四日內心世界3,Say,ジェイ･ダイ,38,それでも俺はお前に頼むことしかできない。,
c93dee5141b63d08d3d8b0514cdfd4fb.bundle,第四日內心世界3,Say,ジェイ･ダイ,39,……お願いだ。,
c93dee5141b63d08d3d8b0514cdfd4fb.bundle,第四日內心世界3,Say,ジェイ･ダイ,40,お前の選択は正しかった。明日必ずスイ･ニンにリュウセイの計画を伝えてくれ。,
c93dee5141b63d08d3d8b0514cdfd4fb.bundle,第四日內心世界3,Say,ジェイ･ダイ,41,彼に邪魔されるわけにはいかないんだ。,
c93dee5141b63d08d3d8b0514cdfd4fb.bundle,第四日內心世界3,Say,ジェイ･ダイ,42,頼む。,
c93dee5141b63d08d3d8b0514cdfd4fb.bundle,第四日內心世界3,Say,ジェイ･ダイ,43,……。,
c93dee5141b63d08d3d8b0514cdfd4fb.bundle,第四日內心世界3,Branch,#Simple,19,そろそろ時間だ。,
c93dee5141b63d08d3d8b0514cdfd4fb.bundle,第四日內心世界3,Say,ジェイ･ダイ,44,そうだな。,
c93dee5141b63d08d3d8b0514cdfd4fb.bundle,第四日內心世界3,Branch,#Simple,20,……,
c93dee5141b63d08d3d8b0514cdfd4fb.bundle,第四日內心世界3,Say,ジェイ･ダイ,45,……,
c93dee5141b63d08d3d8b0514cdfd4fb.bundle,第四日內心世界3,Say,ジェイ･ダイ,46,最後にもう一つ。,
c93dee5141b63d08d3d8b0514cdfd4fb.bundle,第四日內心世界3,Say,ジェイ･ダイ,47,23号……,
c93dee5141b63d08d3d8b0514cdfd4fb.bundle,第四日內心世界3,Say,ジェイ･ダイ,48,……,
c93dee5141b63d08d3d8b0514cdfd4fb.bundle,第四日內心世界3,Say,ジェイ･ダイ,49,23号の件は、まさに俺の考えを証明してくれた。,
c93dee5141b63d08d3d8b0514cdfd4fb.bundle,第四日內心世界3,Say,ジェイ･ダイ,50,スイ･ニンと関係を絶つべきだ。,
c93dee5141b63d08d3d8b0514cdfd4fb.bundle,第四日內心世界3,Branch,#Simple,21,どういう意味だ？,
c93dee5141b63d08d3d8b0514cdfd4fb.bundle,第四日內心世界3,Branch,#Simple,22,あれは彼女自身の選択だ。,
c93dee5141b63d08d3d8b0514cdfd4fb.bundle,第四日內心世界3,Say,ジェイ･ダイ,51,俺は別に23号を責めてはいない。,
c93dee5141b63d08d3d8b0514cdfd4fb.bundle,第四日內心世界3,Branch,#Simple,23,……,
c93dee5141b63d08d3d8b0514cdfd4fb.bundle,第四日內心世界3,Say,ジェイ･ダイ,52,万象の調査自体が、祖母がスイ･ニンのために用意したAQテストだった。,
c93dee5141b63d08d3d8b0514cdfd4fb.bundle,第四日內心世界3,Say,ジェイ･ダイ,53,おそらく、スイ･ニンがフクロウ内でも問題児だからだろう。,
c93dee5141b63d08d3d8b0514cdfd4fb.bundle,第四日內心世界3,Branch,#Simple,24,それはあくまでも可能性の話だ。,
c93dee5141b63d08d3d8b0514cdfd4fb.bundle,第四日內心世界3,Say,ジェイ･ダイ,54,少なくとも祖母はそう思っているはずだ。,
c93dee5141b63d08d3d8b0514cdfd4fb.bundle,第四日內心世界3,Branch,#Simple,25,だからなんだと言うんだ？,
c93dee5141b63d08d3d8b0514cdfd4fb.bundle,第四日內心世界3,Say,ジェイ･ダイ,55,つまり……,
c93dee5141b63d08d3d8b0514cdfd4fb.bundle,第四日內心世界3,Branch,#Simple,26,……,
c93dee5141b63d08d3d8b0514cdfd4fb.bundle,第四日內心世界3,Say,ジェイ･ダイ,56,彼女との関係を続ければ、いずれ俺もフクロウの上層部に狙われることになる。,
c93dee5141b63d08d3d8b0514cdfd4fb.bundle,第四日內心世界3,Say,ジェイ･ダイ,57,今以上に危険を伴うことになる。,
c93dee5141b63d08d3d8b0514cdfd4fb.bundle,第四日內心世界3,Branch,#Simple,27,それはあくまでも憶測にすぎない。,
c93dee5141b63d08d3d8b0514cdfd4fb.bundle,第四日內心世界3,Say,ジェイ･ダイ,58,これは合理的に導き出した推測だ。,
c93dee5141b63d08d3d8b0514cdfd4fb.bundle,第四日內心世界3,Branch,#Simple,28,……,
c93dee5141b63d08d3d8b0514cdfd4fb.bundle,第四日內心世界3,Say,ジェイ･ダイ,59,明日の計画はとても重要だ。,
c93dee5141b63d08d3d8b0514cdfd4fb.bundle,第四日內心世界3,Say,ジェイ･ダイ,60,だから変な気は起こさないでくれ。,
c93dee5141b63d08d3d8b0514cdfd4fb.bundle,第四日內心世界3,Say,ジェイ･ダイ,61,頼んだぞ。,
c93dee5141b63d08d3d8b0514cdfd4fb.bundle,第四日內心世界3,Say,ジェイ･ダイ,62,俺はお前を信じている。,
c93dee5141b63d08d3d8b0514cdfd4fb.bundle,麵店被叫醒(MBU),Say,イアン･チョー,0,おい！起きろ！,
c93dee5141b63d08d3d8b0514cdfd4fb.bundle,麵店被叫醒(MBU),Say,イアン･チョー,1,お前、本当に大丈夫か？,
c93dee5141b63d08d3d8b0514cdfd4fb.bundle,麵店被叫醒(MBU),Branch,#Simple,0,大丈夫だ。,
c93dee5141b63d08d3d8b0514cdfd4fb.bundle,麵店被叫醒(MBU),Say,イアン･チョー,2,心配して声をかけているわけじゃない。,
c93dee5141b63d08d3d8b0514cdfd4fb.bundle,麵店被叫醒(MBU),Branch,#Simple,1,急に頭痛がしただけだ。,
c93dee5141b63d08d3d8b0514cdfd4fb.bundle,麵店被叫醒(MBU),Say,イアン･チョー,3,おいおい、飲み過ぎたのか？,
c93dee5141b63d08d3d8b0514cdfd4fb.bundle,麵店被叫醒(MBU),Say,イアン･チョー,4,……,
c93dee5141b63d08d3d8b0514cdfd4fb.bundle,麵店被叫醒(MBU),Say,イアン･チョー,5,ビール数瓶で酔うわけないか……,
c93dee5141b63d08d3d8b0514cdfd4fb.bundle,麵店被叫醒(MBU),Say,イアン･チョー,6,お前みたいなやつも、酒で酔うものなんだな。,
c93dee5141b63d08d3d8b0514cdfd4fb.bundle,麵店被叫醒(MBU),Say,イアン･チョー,7,体は人間だからか……？,
c93dee5141b63d08d3d8b0514cdfd4fb.bundle,麵店被叫醒(MBU),Say,イアン･チョー,8,……,
c93dee5141b63d08d3d8b0514cdfd4fb.bundle,麵店被叫醒(MBU),Say,イアン･チョー,9,お前……,
c93dee5141b63d08d3d8b0514cdfd4fb.bundle,麵店被叫醒(MBU),Branch,#Simple,2,どうした？,
c93dee5141b63d08d3d8b0514cdfd4fb.bundle,麵店被叫醒(MBU),Say,イアン･チョー,10,……,
c93dee5141b63d08d3d8b0514cdfd4fb.bundle,麵店被叫醒(MBU),Say,イアン･チョー,11,いや……,
c93dee5141b63d08d3d8b0514cdfd4fb.bundle,麵店被叫醒(MBU),Branch,#Simple,3,もう帰るよ。,
c93dee5141b63d08d3d8b0514cdfd4fb.bundle,麵店被叫醒(MBU),Branch,#Simple,4,……,
c93dee5141b63d08d3d8b0514cdfd4fb.bundle,麵店被叫醒(MBU),Say,イアン･チョー,12,……,
c93dee5141b63d08d3d8b0514cdfd4fb.bundle,麵店被叫醒(MBU),Say,イアン･チョー,13,ああ、こっちもそろそろ店仕舞いだ。,
c93dee5141b63d08d3d8b0514cdfd4fb.bundle,麵店被叫醒(MBU)2,Say,イアン･チョー,0,まさかこんなすぐにまた会えるとはな。,
c93dee5141b63d08d3d8b0514cdfd4fb.bundle,麵店被叫醒(MBU)2,Say,イアン･チョー,1,しかも23号と一緒にとは……,
c93dee5141b63d08d3d8b0514cdfd4fb.bundle,麵店被叫醒(MBU)2,Branch,#Simple,0,こっちもだ。,
c93dee5141b63d08d3d8b0514cdfd4fb.bundle,麵店被叫醒(MBU)2,Say,イアン･チョー,2,フンッ。,
c93dee5141b63d08d3d8b0514cdfd4fb.bundle,麵店被叫醒(MBU)2,Branch,#Simple,1,この近くに住んでいるんだ。,
c93dee5141b63d08d3d8b0514cdfd4fb.bundle,麵店被叫醒(MBU)2,Say,イアン･チョー,3,お前じゃなく、ジェイ･ダイだろう。,
c93dee5141b63d08d3d8b0514cdfd4fb.bundle,麵店被叫醒(MBU)2,Branch,#Simple,2,そうだな。,
c93dee5141b63d08d3d8b0514cdfd4fb.bundle,麵店被叫醒(MBU)2,Say,イアン･チョー,4,フンッ。,
c93dee5141b63d08d3d8b0514cdfd4fb.bundle,麵店被叫醒(MBU)2,Branch,#Simple,3,細かいことはどうでもいいだろう。,
c93dee5141b63d08d3d8b0514cdfd4fb.bundle,麵店被叫醒(MBU)2,Say,イアン･チョー,5,その体はお前のものではないと警告しているだけだ。,
c93dee5141b63d08d3d8b0514cdfd4fb.bundle,麵店被叫醒(MBU)2,Branch,#Simple,4,……,
c93dee5141b63d08d3d8b0514cdfd4fb.bundle,麵店被叫醒(MBU)2,Branch,#Simple,5,……,
c93dee5141b63d08d3d8b0514cdfd4fb.bundle,麵店被叫醒(MBU)2,Say,イアン･チョー,6,……,
c93dee5141b63d08d3d8b0514cdfd4fb.bundle,麵店被叫醒(MBU)2,Say,イアン･チョー,7,おい。,
c93dee5141b63d08d3d8b0514cdfd4fb.bundle,麵店被叫醒(MBU)2,Say,イアン･チョー,8,お前……,
c93dee5141b63d08d3d8b0514cdfd4fb.bundle,麵店被叫醒(MBU)2,Say,イアン･チョー,9,何をしているんだ……？,
c93dee5141b63d08d3d8b0514cdfd4fb.bundle,麵店被叫醒(MBU)2,Branch,#Simple,6,どういう意味だ？,
c93dee5141b63d08d3d8b0514cdfd4fb.bundle,麵店被叫醒(MBU)2,Say,イアン･チョー,10,どういう意味もなにも……,
c93dee5141b63d08d3d8b0514cdfd4fb.bundle,麵店被叫醒(MBU)2,Branch,#Simple,7,万象を調べているだけだ。,
c93dee5141b63d08d3d8b0514cdfd4fb.bundle,麵店被叫醒(MBU)2,Say,イアン･チョー,11,それはわかってる、そうじゃなくて……,
c93dee5141b63d08d3d8b0514cdfd4fb.bundle,麵店被叫醒(MBU)2,Say,イアン･チョー,12,その体はお前のものじゃないだろう。,
c93dee5141b63d08d3d8b0514cdfd4fb.bundle,麵店被叫醒(MBU)2,Say,イアン･チョー,13,一体何をするつもりだ？,
c93dee5141b63d08d3d8b0514cdfd4fb.bundle,麵店被叫醒(MBU)2,Branch,#Simple,8,俺はこの体の主の手助けをしている。,
c93dee5141b63d08d3d8b0514cdfd4fb.bundle,麵店被叫醒(MBU)2,Say,イアン･チョー,14,手助け？,
c93dee5141b63d08d3d8b0514cdfd4fb.bundle,麵店被叫醒(MBU)2,Say,イアン･チョー,15,なぜ自分が手助けしてるとわかる？,
c93dee5141b63d08d3d8b0514cdfd4fb.bundle,麵店被叫醒(MBU)2,Say,イアン･チョー,16,彼の意志なんて確認できないだろう……,
c93dee5141b63d08d3d8b0514cdfd4fb.bundle,麵店被叫醒(MBU)2,Branch,#Simple,9,俺は彼と話せる。,
c93dee5141b63d08d3d8b0514cdfd4fb.bundle,麵店被叫醒(MBU)2,Say,イアン･チョー,17,……本当か？,
c93dee5141b63d08d3d8b0514cdfd4fb.bundle,麵店被叫醒(MBU)2,Say,イアン･チョー,18,……,
c93dee5141b63d08d3d8b0514cdfd4fb.bundle,麵店被叫醒(MBU)2,Say,イアン･チョー,19,お前らは本当に不気味だな……,
c93dee5141b63d08d3d8b0514cdfd4fb.bundle,麵店被叫醒(MBU)2,Branch,#Simple,10,……,
c93dee5141b63d08d3d8b0514cdfd4fb.bundle,麵店被叫醒(MBU)2,Branch,#Simple,11,そんなことを聞いてどうする？,
c93dee5141b63d08d3d8b0514cdfd4fb.bundle,麵店被叫醒(MBU)2,Say,イアン･チョー,20,どうするも何もないだろ？,
c93dee5141b63d08d3d8b0514cdfd4fb.bundle,麵店被叫醒(MBU)2,Say,イアン･チョー,21,この体はお前の体ではないからだ！,
c93dee5141b63d08d3d8b0514cdfd4fb.bundle,麵店被叫醒(MBU)2,Say,イアン･チョー,22,……,
c93dee5141b63d08d3d8b0514cdfd4fb.bundle,麵店被叫醒(MBU)2,Say,イアン･チョー,23,スイ･ニンはお前のことを知ってるのか？,
c93dee5141b63d08d3d8b0514cdfd4fb.bundle,麵店被叫醒(MBU)2,Branch,#Simple,12,俺がジェイ･ダイを操っていることは知らない。,
c93dee5141b63d08d3d8b0514cdfd4fb.bundle,麵店被叫醒(MBU)2,Say,イアン･チョー,24,でも彼女たちは、ジェイ･ダイが操られる可能性に気づいているはずだ……,
c93dee5141b63d08d3d8b0514cdfd4fb.bundle,麵店被叫醒(MBU)2,Say,イアン･チョー,25,そうか……,
c93dee5141b63d08d3d8b0514cdfd4fb.bundle,麵店被叫醒(MBU)2,Branch,#Simple,13,知ってる思うか？,
c93dee5141b63d08d3d8b0514cdfd4fb.bundle,麵店被叫醒(MBU)2,Say,イアン･チョー,26,おそらく知らないだろうな。,
c93dee5141b63d08d3d8b0514cdfd4fb.bundle,麵店被叫醒(MBU)2,Say,イアン･チョー,27,知っていたら、あのスイ･ニンがお前みたいな訳のわからないやつを仲間に入れるはずがない。,
c93dee5141b63d08d3d8b0514cdfd4fb.bundle,麵店被叫醒(MBU)2,Say,イアン･チョー,28,……,
c93dee5141b63d08d3d8b0514cdfd4fb.bundle,麵店被叫醒(MBU)2,Say,イアン･チョー,29,よく聞け。,
c93dee5141b63d08d3d8b0514cdfd4fb.bundle,麵店被叫醒(MBU)2,Say,イアン･チョー,30,お前がこの調査に加わった本当の理由は知らないが……,
c93dee5141b63d08d3d8b0514cdfd4fb.bundle,麵店被叫醒(MBU)2,Say,イアン･チョー,31,その体の主には人生がある。,
c93dee5141b63d08d3d8b0514cdfd4fb.bundle,麵店被叫醒(MBU)2,Say,イアン･チョー,32,頼むから、彼の人生を壊さないでくれ。,
c93dee5141b63d08d3d8b0514cdfd4fb.bundle,麵店被叫醒(MBU)2,Branch,#Simple,14,こいつのためにそこまで言うのはなぜだ？,
c93dee5141b63d08d3d8b0514cdfd4fb.bundle,麵店被叫醒(MBU)2,Say,イアン･チョー,33,俺も自分の体を奪われたからだ。,
c93dee5141b63d08d3d8b0514cdfd4fb.bundle,麵店被叫醒(MBU)2,Say,イアン･チョー,34,お前が俺を操っていたことを忘れたとは言わせない……,
c93dee5141b63d08d3d8b0514cdfd4fb.bundle,麵店被叫醒(MBU)2,Say,イアン･チョー,35,俺は善人ではないが、人を哀れむ心くらい持っている。,
c93dee5141b63d08d3d8b0514cdfd4fb.bundle,麵店被叫醒(MBU)2,Say,イアン･チョー,36,俺と同じ境遇に遭ったやつが、悲しい結末を迎えるのは見たくない。,
c93dee5141b63d08d3d8b0514cdfd4fb.bundle,麵店被叫醒(MBU)2,Branch,#Simple,15,そんなことをする気はない。,
c93dee5141b63d08d3d8b0514cdfd4fb.bundle,麵店被叫醒(MBU)2,Say,イアン･チョー,37,……,
c93dee5141b63d08d3d8b0514cdfd4fb.bundle,麵店被叫醒(MBU)2,Say,イアン･チョー,38,わかった。お前を信じよう。,
c93dee5141b63d08d3d8b0514cdfd4fb.bundle,麵店被叫醒(MBU)2,Branch,#Simple,16,俺には俺の考えがある。口出しは無用だ。,
c93dee5141b63d08d3d8b0514cdfd4fb.bundle,麵店被叫醒(MBU)2,Say,イアン･チョー,39,……,
c93dee5141b63d08d3d8b0514cdfd4fb.bundle,麵店被叫醒(MBU)2,Say,イアン･チョー,40,俺はな……,
c93dee5141b63d08d3d8b0514cdfd4fb.bundle,麵店被叫醒(MBU)2,Say,イアン･チョー,41,お前みたいなやつを散々見てきた。,
c93dee5141b63d08d3d8b0514cdfd4fb.bundle,麵店被叫醒(MBU)2,Branch,#Simple,17,他のM.B.U.を知ってるのか？,
c93dee5141b63d08d3d8b0514cdfd4fb.bundle,麵店被叫醒(MBU)2,Say,イアン･チョー,42,そういう意味ではない。,
c93dee5141b63d08d3d8b0514cdfd4fb.bundle,麵店被叫醒(MBU)2,Branch,#Simple,18,……,
c93dee5141b63d08d3d8b0514cdfd4fb.bundle,麵店被叫醒(MBU)2,Say,イアン･チョー,43,お前はとある理由から、フクロウに協力をしいているのだろ？,
c93dee5141b63d08d3d8b0514cdfd4fb.bundle,麵店被叫醒(MBU)2,Branch,#Simple,19,そんな感じだ。,
c93dee5141b63d08d3d8b0514cdfd4fb.bundle,麵店被叫醒(MBU)2,Branch,#Simple,20,別に強制されたわけじゃない。,
c93dee5141b63d08d3d8b0514cdfd4fb.bundle,麵店被叫醒(MBU)2,Say,イアン･チョー,44,ああ、あの二人は悪人じゃないし、脅迫みたいなことはしないはずだ。,
c93dee5141b63d08d3d8b0514cdfd4fb.bundle,麵店被叫醒(MBU)2,Say,イアン･チョー,45,俺の推測が正しければ、どこかの大企業が絡んでるはずだ。,
c93dee5141b63d08d3d8b0514cdfd4fb.bundle,麵店被叫醒(MBU)2,Branch,#Simple,21,あんたに教える気はない。,
c93dee5141b63d08d3d8b0514cdfd4fb.bundle,麵店被叫醒(MBU)2,Say,イアン･チョー,46,まあ、俺を信用できないのは無理もない。,
c93dee5141b63d08d3d8b0514cdfd4fb.bundle,麵店被叫醒(MBU)2,Say,イアン･チョー,47,でもな。,
c93dee5141b63d08d3d8b0514cdfd4fb.bundle,麵店被叫醒(MBU)2,Branch,#Simple,22,どうしてわかった？,
c93dee5141b63d08d3d8b0514cdfd4fb.bundle,麵店被叫醒(MBU)2,Say,イアン･チョー,48,あの二人とは古い友人でね、何をしてるかくらいわかる。,
c93dee5141b63d08d3d8b0514cdfd4fb.bundle,麵店被叫醒(MBU)2,Branch,#Simple,23,あんたの推測はハズレだ。,
c93dee5141b63d08d3d8b0514cdfd4fb.bundle,麵店被叫醒(MBU)2,Say,イアン･チョー,49,嘘はよせ。,
c93dee5141b63d08d3d8b0514cdfd4fb.bundle,麵店被叫醒(MBU)2,Say,イアン･チョー,50,お前と彼女たちとの協力関係が終わった後、何が起きると思う？,
c93dee5141b63d08d3d8b0514cdfd4fb.bundle,麵店被叫醒(MBU)2,Branch,#Simple,24,何も起きない。,
c93dee5141b63d08d3d8b0514cdfd4fb.bundle,麵店被叫醒(MBU)2,Say,イアン･チョー,51,不正解だ。,
c93dee5141b63d08d3d8b0514cdfd4fb.bundle,麵店被叫醒(MBU)2,Branch,#Simple,25,警告しているのか？,
c93dee5141b63d08d3d8b0514cdfd4fb.bundle,麵店被叫醒(MBU)2,Say,イアン･チョー,52,ああ。,
c93dee5141b63d08d3d8b0514cdfd4fb.bundle,麵店被叫醒(MBU)2,Branch,#Simple,26,考えたこともなかった。,
c93dee5141b63d08d3d8b0514cdfd4fb.bundle,麵店被叫醒(MBU)2,Branch,#Simple,27,彼女たちに協力すれば、彼女たちが俺を守ってくれる。,
c93dee5141b63d08d3d8b0514cdfd4fb.bundle,麵店被叫醒(MBU)2,Say,イアン･チョー,53,任務終了まではそうだろうな。,
c93dee5141b63d08d3d8b0514cdfd4fb.bundle,麵店被叫醒(MBU)2,Say,イアン･チョー,54,でも任務が終わった後は？,
c93dee5141b63d08d3d8b0514cdfd4fb.bundle,麵店被叫醒(MBU)2,Branch,#Simple,28,任務が終われば、俺を追っているやつらもいなくなる。,
c93dee5141b63d08d3d8b0514cdfd4fb.bundle,麵店被叫醒(MBU)2,Say,イアン･チョー,55,楽観的な考えだ。残念ながら、そんなに上手くはいかない。,
c93dee5141b63d08d3d8b0514cdfd4fb.bundle,麵店被叫醒(MBU)2,Branch,#Simple,29,何が起きると言うんだ？,
c93dee5141b63d08d3d8b0514cdfd4fb.bundle,麵店被叫醒(MBU)2,Say,イアン･チョー,56,……,
c93dee5141b63d08d3d8b0514cdfd4fb.bundle,麵店被叫醒(MBU)2,Say,イアン･チョー,57,彼女たちはお前を放置し、他の任務を始める。,
c93dee5141b63d08d3d8b0514cdfd4fb.bundle,麵店被叫醒(MBU)2,Say,イアン･チョー,58,そしてお前は、この任務で解決できなかった問題に巻き込まれる。,
c93dee5141b63d08d3d8b0514cdfd4fb.bundle,麵店被叫醒(MBU)2,Branch,#Simple,30,問題を完璧に解決できたらどうする？,
c93dee5141b63d08d3d8b0514cdfd4fb.bundle,麵店被叫醒(MBU)2,Say,イアン･チョー,59,フンッ、できたことなんて一度もない。,
c93dee5141b63d08d3d8b0514cdfd4fb.bundle,麵店被叫醒(MBU)2,Say,イアン･チョー,60,よく考えてみろ。,
c93dee5141b63d08d3d8b0514cdfd4fb.bundle,麵店被叫醒(MBU)2,Branch,#Simple,31,……,
c93dee5141b63d08d3d8b0514cdfd4fb.bundle,麵店被叫醒(MBU)2,Say,イアン･チョー,61,フクロウに知られたらどうする？もしお前たちの標的である企業が復讐しに来たら？,
c93dee5141b63d08d3d8b0514cdfd4fb.bundle,麵店被叫醒(MBU)2,Branch,#Simple,32,彼女たちに助けを求める。,
c93dee5141b63d08d3d8b0514cdfd4fb.bundle,麵店被叫醒(MBU)2,Say,イアン･チョー,62,本当に彼女たちと連絡が取れるのか？,
c93dee5141b63d08d3d8b0514cdfd4fb.bundle,麵店被叫醒(MBU)2,Say,イアン･チョー,63,連絡できたとして、彼女たちが助けてくれるのか？,
c93dee5141b63d08d3d8b0514cdfd4fb.bundle,麵店被叫醒(MBU)2,Say,イアン･チョー,64,もっと重大な問題を優先し、お前には手を貸さない可能性もあるだろう？,
c93dee5141b63d08d3d8b0514cdfd4fb.bundle,麵店被叫醒(MBU)2,Say,心の声,0,確かにスイ･ニンが考えそうなことだ……,
c93dee5141b63d08d3d8b0514cdfd4fb.bundle,麵店被叫醒(MBU)2,Branch,#Simple,33,言いたいことがあるなら率直に言ってくれ。,
c93dee5141b63d08d3d8b0514cdfd4fb.bundle,麵店被叫醒(MBU)2,Say,イアン･チョー,65,つまり……,
c93dee5141b63d08d3d8b0514cdfd4fb.bundle,麵店被叫醒(MBU)2,Say,イアン･チョー,66,お前……いや、ジェイ･ダイには他の退路が必要だ。,
c93dee5141b63d08d3d8b0514cdfd4fb.bundle,麵店被叫醒(MBU)2,Say,イアン･チョー,67,この時代の統治者は企業だ。彼らに狙われれば……,
c93dee5141b63d08d3d8b0514cdfd4fb.bundle,麵店被叫醒(MBU)2,Say,イアン･チョー,68,良い死に方はまずできない。,
c93dee5141b63d08d3d8b0514cdfd4fb.bundle,麵店被叫醒(MBU)2,Say,イアン･チョー,69,冗談だと思わないでくれ、これは俺の経験談だ。,
c93dee5141b63d08d3d8b0514cdfd4fb.bundle,麵店被叫醒(MBU)2,Branch,#Simple,34,あんただって、23号に守ってもらったはずだ。,
c93dee5141b63d08d3d8b0514cdfd4fb.bundle,麵店被叫醒(MBU)2,Say,イアン･チョー,70,フンッ、俺のことをお前に話したようだな。,
c93dee5141b63d08d3d8b0514cdfd4fb.bundle,麵店被叫醒(MBU)2,Say,イアン･チョー,71,ああ、確かに彼女は俺を守ってくれた。,
c93dee5141b63d08d3d8b0514cdfd4fb.bundle,麵店被叫醒(MBU)2,Say,イアン･チョー,72,だがそれは利益があったからこそだ。,
c93dee5141b63d08d3d8b0514cdfd4fb.bundle,麵店被叫醒(MBU)2,Say,イアン･チョー,73,お前は彼女たちに利益を提供できるのか？,
c93dee5141b63d08d3d8b0514cdfd4fb.bundle,麵店被叫醒(MBU)2,Branch,#Simple,35,何も提供できない。,
c93dee5141b63d08d3d8b0514cdfd4fb.bundle,麵店被叫醒(MBU)2,Say,イアン･チョー,74,これでわかっただろ。,
c93dee5141b63d08d3d8b0514cdfd4fb.bundle,麵店被叫醒(MBU)2,Branch,#Simple,36,彼女があんたを助けたのは正義のためだ。,
c93dee5141b63d08d3d8b0514cdfd4fb.bundle,麵店被叫醒(MBU)2,Say,イアン･チョー,75,美しい幻想を抱くのはお前の自由だ。,
c93dee5141b63d08d3d8b0514cdfd4fb.bundle,麵店被叫醒(MBU)2,Say,イアン･チョー,76,でも彼女と付き合いが長いからこそ、彼女はそうでないとわかる。,
c93dee5141b63d08d3d8b0514cdfd4fb.bundle,麵店被叫醒(MBU)2,Branch,#Simple,37,あんたは何を経験したんだ？,
c93dee5141b63d08d3d8b0514cdfd4fb.bundle,麵店被叫醒(MBU)2,Say,イアン･チョー,77,……言う気はない。,
c93dee5141b63d08d3d8b0514cdfd4fb.bundle,麵店被叫醒(MBU)2,Branch,#Simple,38,わかった。,
c93dee5141b63d08d3d8b0514cdfd4fb.bundle,麵店被叫醒(MBU)2,Branch,#Simple,39,それじゃ説得力に欠ける。,
c93dee5141b63d08d3d8b0514cdfd4fb.bundle,麵店被叫醒(MBU)2,Say,イアン･チョー,78,俺は説得がしたいわけじゃない。,
c93dee5141b63d08d3d8b0514cdfd4fb.bundle,麵店被叫醒(MBU)2,Say,イアン･チョー,79,ただ忠告しただけだ。,
c93dee5141b63d08d3d8b0514cdfd4fb.bundle,麵店被叫醒(MBU)2,Say,イアン･チョー,80,どうするかはお前次第だ。どうなろうと、俺はどうでもいい。,
c93dee5141b63d08d3d8b0514cdfd4fb.bundle,麵店被叫醒(MBU)2,Branch,#Simple,40,……,
c93dee5141b63d08d3d8b0514cdfd4fb.bundle,麵店被叫醒(MBU)2,Branch,#Simple,41,……,
c93dee5141b63d08d3d8b0514cdfd4fb.bundle,麵店被叫醒(MBU)2,Say,イアン･チョー,81,オーキッドという組織を知ってるか？,
c93dee5141b63d08d3d8b0514cdfd4fb.bundle,麵店被叫醒(MBU)2,Say,イアン･チョー,82,彼らなら、ジェイ･ダイを守ってくれるはずだ。,
c93dee5141b63d08d3d8b0514cdfd4fb.bundle,麵店被叫醒(MBU)2,Say,イアン･チョー,83,企業や政府の恨みを買った市民を助けてくれる組織だ。,
c93dee5141b63d08d3d8b0514cdfd4fb.bundle,麵店被叫醒(MBU)2,Say,イアン･チョー,84,ジェイ･ダイみたいなやつらを彼らは助けてくれる。,
c93dee5141b63d08d3d8b0514cdfd4fb.bundle,麵店被叫醒(MBU)2,Branch,#Simple,42,俺はまだ企業に狙われていない。,
c93dee5141b63d08d3d8b0514cdfd4fb.bundle,麵店被叫醒(MBU)2,Say,イアン･チョー,85,それは時間の問題だ。,
c93dee5141b63d08d3d8b0514cdfd4fb.bundle,麵店被叫醒(MBU)2,Branch,#Simple,43,彼らが守ってくれるのか？,
c93dee5141b63d08d3d8b0514cdfd4fb.bundle,麵店被叫醒(MBU)2,Say,イアン･チョー,86,ああ。,
c93dee5141b63d08d3d8b0514cdfd4fb.bundle,麵店被叫醒(MBU)2,Branch,#Simple,44,……,
c93dee5141b63d08d3d8b0514cdfd4fb.bundle,麵店被叫醒(MBU)2,Say,イアン･チョー,87,いずれ彼らの助けが必要な時が来るはずだ。,
c93dee5141b63d08d3d8b0514cdfd4fb.bundle,麵店被叫醒(MBU)2,Say,心の声,1,必要な時……,
c93dee5141b63d08d3d8b0514cdfd4fb.bundle,麵店被叫醒(MBU)2,Say,イアン･チョー,88,でもオーキッドに入るには、一つ条件がある。,
c93dee5141b63d08d3d8b0514cdfd4fb.bundle,麵店被叫醒(MBU)2,Say,イアン･チョー,89,お前には関係ないが、ジェイ･ダイは自分の過去を捨てなければならない。,
c93dee5141b63d08d3d8b0514cdfd4fb.bundle,麵店被叫醒(MBU)2,Say,イアン･チョー,90,彼の居場所を誰かに告げることも禁止だ……,
c93dee5141b63d08d3d8b0514cdfd4fb.bundle,麵店被叫醒(MBU)2,Say,イアン･チョー,91,それから加入できるのは彼一人だけだ。,
c93dee5141b63d08d3d8b0514cdfd4fb.bundle,麵店被叫醒(MBU)2,Branch,#Simple,45,それはなぜだ？,
c93dee5141b63d08d3d8b0514cdfd4fb.bundle,麵店被叫醒(MBU)2,Say,イアン･チョー,92,彼らとジェイ･ダイ自身のためだ。,
c93dee5141b63d08d3d8b0514cdfd4fb.bundle,麵店被叫醒(MBU)2,Branch,#Simple,46,……,
c93dee5141b63d08d3d8b0514cdfd4fb.bundle,麵店被叫醒(MBU)2,Say,イアン･チョー,93,もしお前がオーキッドに入りたいなら……,
c93dee5141b63d08d3d8b0514cdfd4fb.bundle,麵店被叫醒(MBU)2,Say,イアン･チョー,94,水曜日の朝4時に俺の店に来い。引き合わせてやる。,
c93dee5141b63d08d3d8b0514cdfd4fb.bundle,麵店被叫醒(MBU)2,Branch,#Simple,47,あんたもオーキッドの一員なのか？,
c93dee5141b63d08d3d8b0514cdfd4fb.bundle,麵店被叫醒(MBU)2,Say,イアン･チョー,95,違う。,
c93dee5141b63d08d3d8b0514cdfd4fb.bundle,麵店被叫醒(MBU)2,Say,イアン･チョー,96,俺の商売は目立つから、彼らには不都合なんだ。,
c93dee5141b63d08d3d8b0514cdfd4fb.bundle,麵店被叫醒(MBU)2,Say,イアン･チョー,97,でも紹介するだけなら来てくれるはずだ。,
c93dee5141b63d08d3d8b0514cdfd4fb.bundle,麵店被叫醒(MBU)2,Branch,#Simple,48,わかった。,
c93dee5141b63d08d3d8b0514cdfd4fb.bundle,麵店被叫醒(MBU)2,Branch,#Simple,49,……,
c93dee5141b63d08d3d8b0514cdfd4fb.bundle,麵店被叫醒(MBU)2,Say,イアン･チョー,98,俺からは以上だ。,
c93dee5141b63d08d3d8b0514cdfd4fb.bundle,麵店被叫醒(MBU)2,Branch,#Simple,50,ありがとう。,
c93dee5141b63d08d3d8b0514cdfd4fb.bundle,麵店被叫醒(MBU)2,Say,イアン･チョー,99,……,
c93dee5141b63d08d3d8b0514cdfd4fb.bundle,麵店被叫醒(MBU)2,Branch,#Simple,51,なぜ俺を助ける？,
c93dee5141b63d08d3d8b0514cdfd4fb.bundle,麵店被叫醒(MBU)2,Say,イアン･チョー,100,俺はお前じゃなく、ジェイ･ダイを助けたいだけだ。,
c93dee5141b63d08d3d8b0514cdfd4fb.bundle,麵店被叫醒(MBU)2,Say,イアン･チョー,101,お前はミン･ツァイを殺した。,
c93dee5141b63d08d3d8b0514cdfd4fb.bundle,麵店被叫醒(MBU)2,Say,イアン･チョー,102,お前はミン･ツァイを助けてくれた。,
c93dee5141b63d08d3d8b0514cdfd4fb.bundle,麵店被叫醒(MBU)2,Say,イアン･チョー,103,こんなこで借りが返せるとは思っていないが、少しでも力になれればと思ったんだ。,
c93dee5141b63d08d3d8b0514cdfd4fb.bundle,麵店被叫醒(MBU)2,Say,イアン･チョー,104,それに、俺は最初からジェイ･ダイを助けるつもりだった。,
c93dee5141b63d08d3d8b0514cdfd4fb.bundle,麵店被叫醒(MBU)2,Say,イアン･チョー,105,俺はお前じゃなく、ジェイ･ダイを助けたいだけだ。,
c93dee5141b63d08d3d8b0514cdfd4fb.bundle,麵店被叫醒(MBU)2,Say,イアン･チョー,106,操られた同志として、見て見ぬ振りはできない。,
c93dee5141b63d08d3d8b0514cdfd4fb.bundle,麵店被叫醒(MBU)2,Say,イアン･チョー,107,悪いことをしすぎた俺が改心したくてやってるだけだと思ってくれればいい。,
c93dee5141b63d08d3d8b0514cdfd4fb.bundle,麵店被叫醒(MBU)2,Say,イアン･チョー,108,俺も地獄には落ちたくないからな。,
c93dee5141b63d08d3d8b0514cdfd4fb.bundle,麵店被叫醒(MBU)2,Branch,#Simple,52,ありがとう。,
c93dee5141b63d08d3d8b0514cdfd4fb.bundle,麵店被叫醒(MBU)2,Say,イアン･チョー,109,……,
c93dee5141b63d08d3d8b0514cdfd4fb.bundle,麵店被叫醒(MBU)2,Branch,#Simple,53,……,
c93dee5141b63d08d3d8b0514cdfd4fb.bundle,麵店被叫醒(MBU)2,Branch,#Simple,54,……,
c93dee5141b63d08d3d8b0514cdfd4fb.bundle,麵店被叫醒(MBU)2,Say,イアン･チョー,110,もちろん他の道を選んでもいい。強要するつもりはない。,
c93dee5141b63d08d3d8b0514cdfd4fb.bundle,麵店被叫醒(MBU)2,Say,イアン･チョー,111,さあ、もう帰った帰った。,
c93dee5141b63d08d3d8b0514cdfd4fb.bundle,麵店被叫醒(MBU)2,Say,心の声,2,……,
c93dee5141b63d08d3d8b0514cdfd4fb.bundle,麵攤3,Say,リュウセイ･チョウ,0,……,
c93dee5141b63d08d3d8b0514cdfd4fb.bundle,麵攤3,Say,リュウセイ･チョウ,1,……僕は、今回の調査から外れるべきっすかね？,
c93dee5141b63d08d3d8b0514cdfd4fb.bundle,麵攤3,Say,23,0,……,
c93dee5141b63d08d3d8b0514cdfd4fb.bundle,麵攤3,Say,23,1,はぁ……,
c93dee5141b63d08d3d8b0514cdfd4fb.bundle,麵攤3,Say,23,2,リュウセイ。,
c93dee5141b63d08d3d8b0514cdfd4fb.bundle,麵攤3,Say,リュウセイ･チョウ,2,……,
c93dee5141b63d08d3d8b0514cdfd4fb.bundle,麵攤3,Say,23,3,よく聞いて。,
c93dee5141b63d08d3d8b0514cdfd4fb.bundle,麵攤3,Say,23,4,あんたにはセンスがある。何でもすぐに習得できるところはあんたの長所よ。,
c93dee5141b63d08d3d8b0514cdfd4fb.bundle,麵攤3,Say,23,5,それにあんたは純粋な心を持っている。,
c93dee5141b63d08d3d8b0514cdfd4fb.bundle,麵攤3,Say,23,6,あんたほどの純粋な人間はそういないわ。,
c93dee5141b63d08d3d8b0514cdfd4fb.bundle,麵攤3,Say,23,7,人間なんて、そこそこ幸せな人生を送っていれば、心に闇をかかえることはまずない……,
c93dee5141b63d08d3d8b0514cdfd4fb.bundle,麵攤3,Say,23,8,でも辛い過去を背負いながらも、純粋な心を持ち続けられるのはごく少数なのよ。,
c93dee5141b63d08d3d8b0514cdfd4fb.bundle,麵攤3,Say,23,9,あんたのそういうところをスイは認め、高く評価している。,
c93dee5141b63d08d3d8b0514cdfd4fb.bundle,麵攤3,Say,23,10,何かを残したいと望んでいるスイは、ずっと後継者を探してたの。,
c93dee5141b63d08d3d8b0514cdfd4fb.bundle,麵攤3,Say,23,11,その後継者は間違いなくあんたよ。,
c93dee5141b63d08d3d8b0514cdfd4fb.bundle,麵攤3,Say,リュウセイ･チョウ,3,……,
c93dee5141b63d08d3d8b0514cdfd4fb.bundle,麵攤3,Say,23,12,でも影響を受けやすいあんたは、一歩でも道を踏み外せば、極端な人間になってしまう。,
c93dee5141b63d08d3d8b0514cdfd4fb.bundle,麵攤3,Say,23,13,だからうちらは、ずっとあんたの心の変化を気にかけてきた。,
c93dee5141b63d08d3d8b0514cdfd4fb.bundle,麵攤3,Say,23,14,スイはあんたが自分と対等な存在になることを望んでいる。,
c93dee5141b63d08d3d8b0514cdfd4fb.bundle,麵攤3,Say,23,15,あんたにあれこれ教えれば簡単なんだろうけど、彼女は自身で模索し辿り着いてほしいと願っているの。,
c93dee5141b63d08d3d8b0514cdfd4fb.bundle,麵攤3,Say,23,16,それに答えを教えても、あんたが真にそれを理解することはない。,
c93dee5141b63d08d3d8b0514cdfd4fb.bundle,麵攤3,Say,23,17,実際にあんたは、うちの説教に納得がいかず、反論も反抗もしてるしね……,
c93dee5141b63d08d3d8b0514cdfd4fb.bundle,麵攤3,Say,23,18,……,
c93dee5141b63d08d3d8b0514cdfd4fb.bundle,麵攤3,Say,23,19,だからスイは、さっきのうちみたいに声を荒げたりは絶対にしない。あんた自身の成長を持ってるのよ。,
c93dee5141b63d08d3d8b0514cdfd4fb.bundle,麵攤3,Say,23,20,言葉で伝えても意味がないからね。,
c93dee5141b63d08d3d8b0514cdfd4fb.bundle,麵攤3,Say,23,21,それをわかってたのに、うちは我慢ができなかった。ごめん。,
c93dee5141b63d08d3d8b0514cdfd4fb.bundle,麵攤3,Say,リュウセイ･チョウ,4,……,
c93dee5141b63d08d3d8b0514cdfd4fb.bundle,麵攤3,Say,リュウセイ･チョウ,5,僕は……,
c93dee5141b63d08d3d8b0514cdfd4fb.bundle,麵攤3,Say,23,22,いいのよ。,
c93dee5141b63d08d3d8b0514cdfd4fb.bundle,麵攤3,Say,23,23,……,
c93dee5141b63d08d3d8b0514cdfd4fb.bundle,麵攤3,Say,23,24,リュウセイ。,
c93dee5141b63d08d3d8b0514cdfd4fb.bundle,麵攤3,Say,23,25,あんたには自分の内面を育てる時間が必要なの。ただそれだけの話よ。,
c93dee5141b63d08d3d8b0514cdfd4fb.bundle,麵攤3,Say,23,26,……,
c93dee5141b63d08d3d8b0514cdfd4fb.bundle,麵攤3,Say,23,27,うちとスイはあんたを誇りに思ってる。,
c93dee5141b63d08d3d8b0514cdfd4fb.bundle,麵攤3,Say,23,28,それだけは忘れないで。,
c93dee5141b63d08d3d8b0514cdfd4fb.bundle,麵攤3,Say,リュウセイ･チョウ,6,……,
c93dee5141b63d08d3d8b0514cdfd4fb.bundle,麵攤3,Say,リュウセイ･チョウ,7,はい。,
c93dee5141b63d08d3d8b0514cdfd4fb.bundle,麵攤3,Say,23,29,……,
c93dee5141b63d08d3d8b0514cdfd4fb.bundle,麵攤3,Say,23,30,……,
c93dee5141b63d08d3d8b0514cdfd4fb.bundle,麵攤3,Say,23,31,それとスイの計画についてだけど……,
c93dee5141b63d08d3d8b0514cdfd4fb.bundle,麵攤3,Say,23,32,うちだって、あんなクズを許すのは嫌よ。,
c93dee5141b63d08d3d8b0514cdfd4fb.bundle,麵攤3,Say,23,33,でも、人体実験で苦しんでいる人たちを助けることが一番大事だと思う。,
c93dee5141b63d08d3d8b0514cdfd4fb.bundle,麵攤3,Say,23,34,とはいえ、うちが指揮官だったら、この決断を下すことさえできなかったでしょうね。,
c93dee5141b63d08d3d8b0514cdfd4fb.bundle,麵攤3,Say,23,35,だからうちが指揮官じゃなくて、本当によかったと思ってる。,
c93dee5141b63d08d3d8b0514cdfd4fb.bundle,麵攤3,Say,23,36,だからこそ、指揮官であるスイはその選択をした責任を取らないといけない。,
c93dee5141b63d08d3d8b0514cdfd4fb.bundle,麵攤3,Say,23,37,彼女は誰よりもその責任を重く受け止めている。だからこそ、選択するたびに自分を苦しめるの。,
c93dee5141b63d08d3d8b0514cdfd4fb.bundle,麵攤3,Say,23,38,それでも彼女は前へと進み、そしてまた選択し、責任を背負い続ける。,
c93dee5141b63d08d3d8b0514cdfd4fb.bundle,麵攤3,Say,23,39,今まで彼女はそう生きてきたから。,
c93dee5141b63d08d3d8b0514cdfd4fb.bundle,麵攤3,Say,リュウセイ･チョウ,8,……,
c93dee5141b63d08d3d8b0514cdfd4fb.bundle,麵攤3,Say,リュウセイ･チョウ,9,はい。,
c93dee5141b63d08d3d8b0514cdfd4fb.bundle,麵攤3,Say,23,40,……,
c93dee5141b63d08d3d8b0514cdfd4fb.bundle,麵攤,Say,23,0,よっ、来たのね。,
c93dee5141b63d08d3d8b0514cdfd4fb.bundle,麵攤,Say,リュウセイ･チョウ,0,ジェイの兄貴。,
c93dee5141b63d08d3d8b0514cdfd4fb.bundle,麵攤,Say,心の声,0,リュウセイはまだ落ち込んでるようだ。,
c93dee5141b63d08d3d8b0514cdfd4fb.bundle,麵攤,Say,リュウセイ･チョウ,1,23姉がこの店に用事があるみたいで、どうしてもこの店が良いって聞かなくて……,
c93dee5141b63d08d3d8b0514cdfd4fb.bundle,麵攤,Say,23,1,この店にはよく来るの？,
c93dee5141b63d08d3d8b0514cdfd4fb.bundle,麵攤,Branch,#Simple,0,よくリンと来ている。,
c93dee5141b63d08d3d8b0514cdfd4fb.bundle,麵攤,Say,23,2,じゃ、店長もあんたたちを知ってるの？,
c93dee5141b63d08d3d8b0514cdfd4fb.bundle,麵攤,Branch,#Simple,1,そんな感じだ。,
c93dee5141b63d08d3d8b0514cdfd4fb.bundle,麵攤,Branch,#Simple,2,それはわからない。,
c93dee5141b63d08d3d8b0514cdfd4fb.bundle,麵攤,Branch,#Simple,3,なぜそんなことを聞く？,
c93dee5141b63d08d3d8b0514cdfd4fb.bundle,麵攤,Say,23,3,ただ聞いてみただけよ。,
c93dee5141b63d08d3d8b0514cdfd4fb.bundle,麵攤,Say,リュウセイ･チョウ,2,23姉。,
c93dee5141b63d08d3d8b0514cdfd4fb.bundle,麵攤,Say,23,4,なに？,
c93dee5141b63d08d3d8b0514cdfd4fb.bundle,麵攤,Say,リュウセイ･チョウ,3,……スイ姉はどうやって万象に交渉を持ちかけるつもりっすか？,
c93dee5141b63d08d3d8b0514cdfd4fb.bundle,麵攤,Say,リュウセイ･チョウ,4,まさか本社に押しかけるとか？流石にそれは危険っすよ……もしフクロウにバレたら……,
c93dee5141b63d08d3d8b0514cdfd4fb.bundle,麵攤,Say,23,5,ちょっと！初っ端からその話！？,
c93dee5141b63d08d3d8b0514cdfd4fb.bundle,麵攤,Say,リュウセイ･チョウ,5,……,
c93dee5141b63d08d3d8b0514cdfd4fb.bundle,麵攤,Say,23,6,……,
c93dee5141b63d08d3d8b0514cdfd4fb.bundle,麵攤,Say,23,7,あー、はいはい。わかったわよ。,
c93dee5141b63d08d3d8b0514cdfd4fb.bundle,麵攤,Say,23,8,あくまでもこれは私の推測よ。,
c93dee5141b63d08d3d8b0514cdfd4fb.bundle,麵攤,Say,23,9,もしスイが本当に万象に交渉を持ちかるなら、真ん中に第三者を挟むと思うの。,
c93dee5141b63d08d3d8b0514cdfd4fb.bundle,麵攤,Branch,#Simple,4,頼めるやつがいるのか？,
c93dee5141b63d08d3d8b0514cdfd4fb.bundle,麵攤,Say,23,10,万象を陥れたいと望んでいる人でしょうね。,
c93dee5141b63d08d3d8b0514cdfd4fb.bundle,麵攤,Say,23,11,選択肢はそう多くないと思うけど。,
c93dee5141b63d08d3d8b0514cdfd4fb.bundle,麵攤,Branch,#Simple,5,なぜ自分で交渉を持ちかけない？,
c93dee5141b63d08d3d8b0514cdfd4fb.bundle,麵攤,Say,23,12,万象はフクロウのトップスポンサーよ？,
c93dee5141b63d08d3d8b0514cdfd4fb.bundle,麵攤,Say,23,13,フクロウの中に、自分たちのことを調べているエージェントがいるなんて知られない方がいいわ。,
c93dee5141b63d08d3d8b0514cdfd4fb.bundle,麵攤,Branch,#Simple,6,……,
c93dee5141b63d08d3d8b0514cdfd4fb.bundle,麵攤,Say,23,14,おそらくスイは、オーキッドの人脈を使うでしょうね。,
c93dee5141b63d08d3d8b0514cdfd4fb.bundle,麵攤,Say,23,15,……,
c93dee5141b63d08d3d8b0514cdfd4fb.bundle,麵攤,Say,23,16,オーキッドくらい知ってるよね？,
c93dee5141b63d08d3d8b0514cdfd4fb.bundle,麵攤,Say,リュウセイ･チョウ,6,昔、所属していた組織が取引をしてたっす。,
c93dee5141b63d08d3d8b0514cdfd4fb.bundle,麵攤,Branch,#Simple,7,名前くらいは。,
c93dee5141b63d08d3d8b0514cdfd4fb.bundle,麵攤,Say,23,17,よかった。,
c93dee5141b63d08d3d8b0514cdfd4fb.bundle,麵攤,Branch,#Simple,8,本当に実在する組織なのか？,
c93dee5141b63d08d3d8b0514cdfd4fb.bundle,麵攤,Say,23,18,ええ、でも政府が公開している情報とは真逆の組織よ。,
c93dee5141b63d08d3d8b0514cdfd4fb.bundle,麵攤,Branch,#Simple,9,俺は知らない。,
c93dee5141b63d08d3d8b0514cdfd4fb.bundle,麵攤,Say,23,19,じゃ、マーケットフリー法案とか蘭花運動は？そのくらい知ってるでしょう？,
c93dee5141b63d08d3d8b0514cdfd4fb.bundle,麵攤,Branch,#Simple,10,それなら知っている。,
c93dee5141b63d08d3d8b0514cdfd4fb.bundle,麵攤,Say,23,20,よかった。,
c93dee5141b63d08d3d8b0514cdfd4fb.bundle,麵攤,Branch,#Simple,11,知らないな。,
c93dee5141b63d08d3d8b0514cdfd4fb.bundle,麵攤,Branch,#Simple,12,何の話だ？,
c93dee5141b63d08d3d8b0514cdfd4fb.bundle,麵攤,Say,23,21,これだから最近の若者は……,
c93dee5141b63d08d3d8b0514cdfd4fb.bundle,麵攤,Branch,#Simple,13,そんなに歳は離れてないと思うが。,
c93dee5141b63d08d3d8b0514cdfd4fb.bundle,麵攤,Say,23,22,じゃ、何でオーキッドも知らないのよ。,
c93dee5141b63d08d3d8b0514cdfd4fb.bundle,麵攤,Branch,#Simple,14,……,
c93dee5141b63d08d3d8b0514cdfd4fb.bundle,麵攤,Say,23,23,とにかく昔は、国からの圧力がここまで厳しくなかったのよ。,
c93dee5141b63d08d3d8b0514cdfd4fb.bundle,麵攤,Say,23,24,でもそれも、全国規模のデモ運動が勃発するまでの話よ。,
c93dee5141b63d08d3d8b0514cdfd4fb.bundle,麵攤,Say,23,25,最終的にその運動は、武装闘争にまで発展したの。,
c93dee5141b63d08d3d8b0514cdfd4fb.bundle,麵攤,Say,23,26,政府は鎮圧部隊を出動したけど、一年間も戒厳体制が続いた。,
c93dee5141b63d08d3d8b0514cdfd4fb.bundle,麵攤,Branch,#Simple,15,思い出した。あの蘭花運動か。,
c93dee5141b63d08d3d8b0514cdfd4fb.bundle,麵攤,Say,23,27,よかった、知ってるみたいね。,
c93dee5141b63d08d3d8b0514cdfd4fb.bundle,麵攤,Branch,#Simple,16,思い出した、あの蘭花暴動か。,
c93dee5141b63d08d3d8b0514cdfd4fb.bundle,麵攤,Say,23,28,え、暴動？,
c93dee5141b63d08d3d8b0514cdfd4fb.bundle,麵攤,Branch,#Simple,17,どうした？,
c93dee5141b63d08d3d8b0514cdfd4fb.bundle,麵攤,Say,23,29,いや、別に……,
c93dee5141b63d08d3d8b0514cdfd4fb.bundle,麵攤,Branch,#Simple,18,……,
c93dee5141b63d08d3d8b0514cdfd4fb.bundle,麵攤,Say,23,30,政府にまんまと洗脳されているみたいね。,
c93dee5141b63d08d3d8b0514cdfd4fb.bundle,麵攤,Branch,#Simple,19,結局はどっちが悪かったんだ？政府か？それともデモか？,
c93dee5141b63d08d3d8b0514cdfd4fb.bundle,麵攤,Say,23,31,自分で考えてみたら？,
c93dee5141b63d08d3d8b0514cdfd4fb.bundle,麵攤,Say,23,32,こういう政治問題は自分で調べて、自分で結論を出すべきよ。,
c93dee5141b63d08d3d8b0514cdfd4fb.bundle,麵攤,Branch,#Simple,20,……,
c93dee5141b63d08d3d8b0514cdfd4fb.bundle,麵攤,Say,23,33,とにかくこの運動の終結で、たくさんのデモ参加者が逮捕されたの。,
c93dee5141b63d08d3d8b0514cdfd4fb.bundle,麵攤,Say,23,34,でも未だに地下で活動を続けている人は多くいる。,
c93dee5141b63d08d3d8b0514cdfd4fb.bundle,麵攤,Say,23,35,そしてオーキッドのメンバーのほとんどが蘭花運動の早期メンバーなのよ。,
c93dee5141b63d08d3d8b0514cdfd4fb.bundle,麵攤,Say,23,36,彼らは今、政府や企業の不正の摘発に努めているわ。,
c93dee5141b63d08d3d8b0514cdfd4fb.bundle,麵攤,Say,23,37,時には、破壊活動もするけどね。,
c93dee5141b63d08d3d8b0514cdfd4fb.bundle,麵攤,Branch,#Simple,21,革命軍みたいな感じか？,
c93dee5141b63d08d3d8b0514cdfd4fb.bundle,麵攤,Say,23,38,軍！？馬鹿言わないでよ！,
c93dee5141b63d08d3d8b0514cdfd4fb.bundle,麵攤,Say,23,39,あんなの市民で結成された烏合の衆よ。,
c93dee5141b63d08d3d8b0514cdfd4fb.bundle,麵攤,Say,23,40,それに、彼らは政府の転覆を望んでいるわけじゃない。,
c93dee5141b63d08d3d8b0514cdfd4fb.bundle,麵攤,Branch,#Simple,22,できないだけだろ。,
c93dee5141b63d08d3d8b0514cdfd4fb.bundle,麵攤,Say,23,41,半分正解ね。,
c93dee5141b63d08d3d8b0514cdfd4fb.bundle,麵攤,Branch,#Simple,23,じゃ、何に対して反抗をしているんだ？,
c93dee5141b63d08d3d8b0514cdfd4fb.bundle,麵攤,Say,23,42,うーん、時代かな。,
c93dee5141b63d08d3d8b0514cdfd4fb.bundle,麵攤,Say,23,43,彼らは社会の進歩を望まない、頭のおかしいやつらなのよ。,
c93dee5141b63d08d3d8b0514cdfd4fb.bundle,麵攤,Branch,#Simple,24,……,
c93dee5141b63d08d3d8b0514cdfd4fb.bundle,麵攤,Say,23,44,どうであれ、彼らの目的は政府を転覆させれば達成できるようなことじゃない。,
c93dee5141b63d08d3d8b0514cdfd4fb.bundle,麵攤,Say,23,45,話が逸れちゃったね。,
c93dee5141b63d08d3d8b0514cdfd4fb.bundle,麵攤,Branch,#Simple,25,まるでテロリストだな。,
c93dee5141b63d08d3d8b0514cdfd4fb.bundle,麵攤,Say,23,46,それは見方よるわね。,
c93dee5141b63d08d3d8b0514cdfd4fb.bundle,麵攤,Branch,#Simple,26,……,
c93dee5141b63d08d3d8b0514cdfd4fb.bundle,麵攤,Say,23,47,とにかく万象を引きずり下ろせるなら、彼らは一枚噛んでくれると思う。,
c93dee5141b63d08d3d8b0514cdfd4fb.bundle,麵攤,Say,リュウセイ･チョウ,7,彼らがスイ姉を裏切って、勝手に証拠を公開したりして……,
c93dee5141b63d08d3d8b0514cdfd4fb.bundle,麵攤,Say,23,48,それはあんたの願望でしょう？,
c93dee5141b63d08d3d8b0514cdfd4fb.bundle,麵攤,Say,リュウセイ･チョウ,8,……,
c93dee5141b63d08d3d8b0514cdfd4fb.bundle,麵攤,Say,23,49,それに、それはあり得ないわ。スイが全部のデータを渡すわけがないからね。,
c93dee5141b63d08d3d8b0514cdfd4fb.bundle,麵攤,Say,23,50,万象には、うちらが全部の証拠を持っているとわからせればいいだけの話よ。,
c93dee5141b63d08d3d8b0514cdfd4fb.bundle,麵攤,Say,23,51,上手くいけば、万象がスイの顔を見ることもなく解決するはずよ。,
c93dee5141b63d08d3d8b0514cdfd4fb.bundle,麵攤,Say,23,52,彼らからしたら、オーキッドに脅されただけ。,
c93dee5141b63d08d3d8b0514cdfd4fb.bundle,麵攤,Branch,#Simple,27,本当に大丈夫なのか？,
c93dee5141b63d08d3d8b0514cdfd4fb.bundle,麵攤,Say,23,53,まあ、そう思うのも仕方ないわ。,
c93dee5141b63d08d3d8b0514cdfd4fb.bundle,麵攤,Say,23,54,でもうちらは今まで何度もこの方法を使ってきた。だから安心して。,
c93dee5141b63d08d3d8b0514cdfd4fb.bundle,麵攤,Say,23,55,スイの立場と、彼女の目的を踏まえた上で……,
c93dee5141b63d08d3d8b0514cdfd4fb.bundle,麵攤,Say,23,56,オーキッドが表に立ってくれると一番有難い。,
c93dee5141b63d08d3d8b0514cdfd4fb.bundle,麵攤,Branch,#Simple,28,俺たちが確実に証拠を手に入れられるとは限らない。,
c93dee5141b63d08d3d8b0514cdfd4fb.bundle,麵攤,Say,23,57,それを言うなら、非人道的な実験が本当に存在するかもわからないのよ。,
c93dee5141b63d08d3d8b0514cdfd4fb.bundle,麵攤,Say,23,58,すべては明日、わかることよ。,
c93dee5141b63d08d3d8b0514cdfd4fb.bundle,麵攤,Branch,#Simple,29,……,
