bundle_file,node,type,role,say_index,japanese,korean
ac41b849ea6253607bd63fccdf073614.bundle,第五日剛出廁所,Say,リン･テイ,0,用意できた？,준비 됐어?
ac41b849ea6253607bd63fccdf073614.bundle,第五日剛出廁所,Say,リン･テイ,1,私はいつでも行けるよ。,나는 언제든 갈 수 있어.
ac41b849ea6253607bd63fccdf073614.bundle,第五日剛出廁所,Say,リン･テイ,2,それとも私に何か話でもある？,아니면 나한테 무슨 할 얘기라도 있어?
ac41b849ea6253607bd63fccdf073614.bundle,第五日剛出廁所,Branch,#Simple,0,大丈夫、行こう。,"괜찮아, 가자."
ac41b849ea6253607bd63fccdf073614.bundle,第五日剛出廁所,Say,リン･テイ,3,うん！,응!
ac41b849ea6253607bd63fccdf073614.bundle,第五日剛出廁所,Branch,#Simple,1,なぜそんなことを聞くんだ？,왜 그런 걸 물어봐?
ac41b849ea6253607bd63fccdf073614.bundle,第五日剛出廁所,Say,リン･テイ,4,昨日、ジェイの帰りが遅かったでしょう？,"어제, 제이 늦게 들어왔잖아?"
ac41b849ea6253607bd63fccdf073614.bundle,第五日剛出廁所,Say,リン･テイ,5,何かあったのかなと思って……,무슨 일 있었나 싶어서……
ac41b849ea6253607bd63fccdf073614.bundle,第五日剛出廁所,Branch,#Simple,2,実は23号がずっと調査の妨害をしていたんだ。,실은 23호가 계속 조사를 방해하고 있었어.
ac41b849ea6253607bd63fccdf073614.bundle,第五日剛出廁所,Say,リン･テイ,6,えっ……！？,어……!?
ac41b849ea6253607bd63fccdf073614.bundle,第五日剛出廁所,Say,リン･テイ,7,ど、どういうこと……？,"무, 무슨 소리야……?"
ac41b849ea6253607bd63fccdf073614.bundle,第五日剛出廁所,Branch,#Simple,3,この調査自体がスイ･ニンへのAQテストなんだ。,이 조사 자체가 스이 닌한테 하는 AQ 테스트야.
ac41b849ea6253607bd63fccdf073614.bundle,第五日剛出廁所,Say,リン･テイ,8,AQテスト……,AQ 테스트……
ac41b849ea6253607bd63fccdf073614.bundle,第五日剛出廁所,Say,リン･テイ,9,スイさんが言っていたあれね……,스이 씨가 말했던 그거네……
ac41b849ea6253607bd63fccdf073614.bundle,第五日剛出廁所,Branch,#Simple,4,この調査自体が、祖母がスイ･ニンに仕掛けた罠なんだ。,"이 조사 자체가, 할머니가 스이 닌한테 놓은 함정이야."
ac41b849ea6253607bd63fccdf073614.bundle,第五日剛出廁所,Say,リン･テイ,10,祖母って、スイさんの上司でしょう？なんでそんなことを……？,"할머니라면, 스이 씨 상사잖아? 왜 그런 짓을……?"
ac41b849ea6253607bd63fccdf073614.bundle,第五日剛出廁所,Say,リン･テイ,11,……,……
ac41b849ea6253607bd63fccdf073614.bundle,第五日剛出廁所,Say,リン･テイ,12,……まさか今回の調査自体がスイさんへのAQテストなの？,……설마 이번 조사 자체가 스이 씨한테 하는 AQ 테스트인 거야?
ac41b849ea6253607bd63fccdf073614.bundle,第五日剛出廁所,Branch,#Simple,5,おそらくな。,아마도 그럴 거다.
ac41b849ea6253607bd63fccdf073614.bundle,第五日剛出廁所,Branch,#Simple,6,なぜAQテストのことを知っている？,왜 AQ 테스트를 알고 있어?
ac41b849ea6253607bd63fccdf073614.bundle,第五日剛出廁所,Say,リン･テイ,13,スイさんから聞いたの。,스이 씨한테서 들었어.
ac41b849ea6253607bd63fccdf073614.bundle,第五日剛出廁所,Branch,#Simple,7,……,……
ac41b849ea6253607bd63fccdf073614.bundle,第五日剛出廁所,Say,リン･テイ,14,23号さんは、そのAQテストからスイさん遠ざけるためにそんなことをしたの？,"23호 씨는, 그 AQ 테스트에서 스이 씨를 떼어놓으려고 그런 짓을 한 거야?"
ac41b849ea6253607bd63fccdf073614.bundle,第五日剛出廁所,Branch,#Simple,8,動機はよくわからない。,동기는 잘 모르겠어.
ac41b849ea6253607bd63fccdf073614.bundle,第五日剛出廁所,Branch,#Simple,9,そんなところだ。,대충 그런 거야.
ac41b849ea6253607bd63fccdf073614.bundle,第五日剛出廁所,Say,リン･テイ,15,……,……
ac41b849ea6253607bd63fccdf073614.bundle,第五日剛出廁所,Say,リン･テイ,16,23号さんはスイさんを守るために……,23호 씨는 스이 씨를 지키려고……
ac41b849ea6253607bd63fccdf073614.bundle,第五日剛出廁所,Say,リン･テイ,17,確かにそう考えれば、今まで起こった出来事も辻褄が合うわ……,"확실히 그렇게 생각하면, 지금까지 일어난 일들도 앞뒤가 맞아……"
ac41b849ea6253607bd63fccdf073614.bundle,第五日剛出廁所,Say,リン･テイ,18,でも、ジェイはどうしてそんなことを知ってるの……？,"근데, 제이는 그런 걸 어떻게 알아……?"
ac41b849ea6253607bd63fccdf073614.bundle,第五日剛出廁所,Branch,#Simple,10,昨日、23号がスイ･ニンに麻酔を打とうとしたんだ。,"어제, 23호가 스이 닌한테 마취를 놓으려고 했어."
ac41b849ea6253607bd63fccdf073614.bundle,第五日剛出廁所,Say,リン･テイ,19,そんな……,그럴 수가……
ac41b849ea6253607bd63fccdf073614.bundle,第五日剛出廁所,Branch,#Simple,11,昨日の23号の様子は明らかにおかしかった。,어제 23호 모습은 확실히 이상했어.
ac41b849ea6253607bd63fccdf073614.bundle,第五日剛出廁所,Say,リン･テイ,20,もしかして、彼女何かしたの？,"혹시, 그 사람 뭔가 한 거야?"
ac41b849ea6253607bd63fccdf073614.bundle,第五日剛出廁所,Branch,#Simple,12,彼女はスイ･ニンに麻酔を打とうとしたんだ。,그 사람은 스이 닌한테 마취를 놓으려고 했어.
ac41b849ea6253607bd63fccdf073614.bundle,第五日剛出廁所,Branch,#Simple,13,彼女とスイ･ニンが喧嘩をしたんだ。,그 사람이랑 스이 닌이 싸운 거야.
ac41b849ea6253607bd63fccdf073614.bundle,第五日剛出廁所,Say,リン･テイ,21,……,……
ac41b849ea6253607bd63fccdf073614.bundle,第五日剛出廁所,Say,リン･テイ,22,じゃ、今日の作戦に23号さんは参加しないってこと？,"그럼, 오늘 작전에 23호 씨는 참가 안 한다는 거야?"
ac41b849ea6253607bd63fccdf073614.bundle,第五日剛出廁所,Branch,#Simple,14,ああ。,그래.
ac41b849ea6253607bd63fccdf073614.bundle,第五日剛出廁所,Branch,#Simple,15,スイ･ニンが面倒を見ている。,스이 닌이 돌보고 있어.
ac41b849ea6253607bd63fccdf073614.bundle,第五日剛出廁所,Say,リン･テイ,23,……,……
ac41b849ea6253607bd63fccdf073614.bundle,第五日剛出廁所,Say,リン･テイ,24,その件、リュウセイも知ってるの？,"그거, 류세이도 알아?"
ac41b849ea6253607bd63fccdf073614.bundle,第五日剛出廁所,Branch,#Simple,16,スイ･ニンは彼にも話すと言っていた。,스이 닌은 그 애한테도 말한다고 했어.
ac41b849ea6253607bd63fccdf073614.bundle,第五日剛出廁所,Branch,#Simple,17,後で彼に話すらしい。,나중에 그 애한테 말할 것 같아.
ac41b849ea6253607bd63fccdf073614.bundle,第五日剛出廁所,Say,リン･テイ,25,スイさんが彼に話すとは意外ね。,스이 씨가 그 애한테 말한다는 게 의외네.
ac41b849ea6253607bd63fccdf073614.bundle,第五日剛出廁所,Branch,#Simple,18,俺が話すよう説得したんだ。,내가 말하도록 설득했어.
ac41b849ea6253607bd63fccdf073614.bundle,第五日剛出廁所,Say,リン･テイ,26,なるほどね。,그렇구나.
ac41b849ea6253607bd63fccdf073614.bundle,第五日剛出廁所,Branch,#Simple,19,彼に黙っているべきだと思うか？,그 애한테 숨기고 있는 게 맞다고 생각해?
ac41b849ea6253607bd63fccdf073614.bundle,第五日剛出廁所,Say,リン･テイ,27,……わからない。,……모르겠어.
ac41b849ea6253607bd63fccdf073614.bundle,第五日剛出廁所,Branch,#Simple,20,……,……
ac41b849ea6253607bd63fccdf073614.bundle,第五日剛出廁所,Say,リン･テイ,28,私なら、多分言わないでしょうね。,"나라면, 아마 말 안 했을 거야."
ac41b849ea6253607bd63fccdf073614.bundle,第五日剛出廁所,Say,リン･テイ,29,でも、それが正しいかどうかはわからない。,"근데, 그게 옳은지는 모르겠어."
ac41b849ea6253607bd63fccdf073614.bundle,第五日剛出廁所,Branch,#Simple,21,スイ･ニンから黙っているよう頼まれた。,스이 닌한테서 입 다물고 있으라는 부탁을 받았어.
ac41b849ea6253607bd63fccdf073614.bundle,第五日剛出廁所,Branch,#Simple,22,リュウセイはまだ知らない。,류세이는 아직 몰라.
ac41b849ea6253607bd63fccdf073614.bundle,第五日剛出廁所,Say,リン･テイ,30,……リュウセイには重すぎるわね。,……류세이한테는 너무 무거운 얘기네.
ac41b849ea6253607bd63fccdf073614.bundle,第五日剛出廁所,Say,リン･テイ,31,可哀想に……,불쌍하네……
ac41b849ea6253607bd63fccdf073614.bundle,第五日剛出廁所,Branch,#Simple,23,どうしてそう思う？,왜 그렇게 생각해?
ac41b849ea6253607bd63fccdf073614.bundle,第五日剛出廁所,Say,リン･テイ,32,信頼し、憧れていた人に裏切られる……,"신뢰하고, 동경하던 사람한테 배신당하는 거……"
ac41b849ea6253607bd63fccdf073614.bundle,第五日剛出廁所,Say,リン･テイ,33,リュウセイにはあまりにも酷だわ。,류세이한테는 너무 가혹해.
ac41b849ea6253607bd63fccdf073614.bundle,第五日剛出廁所,Branch,#Simple,24,彼に真実を伝えるべきだろうか？,그 애한테 진실을 전해야 할까?
ac41b849ea6253607bd63fccdf073614.bundle,第五日剛出廁所,Say,リン･テイ,34,私なら、多分言わないでしょうね。,"나라면, 아마 말 안 했을 거야."
ac41b849ea6253607bd63fccdf073614.bundle,第五日剛出廁所,Say,リン･テイ,35,でも、それが正しいかどうかはわからない。,"근데, 그게 옳은지는 모르겠어."
ac41b849ea6253607bd63fccdf073614.bundle,第五日剛出廁所,Say,リン･テイ,36,……,……
ac41b849ea6253607bd63fccdf073614.bundle,第五日剛出廁所,Say,リン･テイ,37,いいわ。,됐어.
ac41b849ea6253607bd63fccdf073614.bundle,第五日剛出廁所,Say,リン･テイ,38,とにかく状況は理解した。,아무튼 상황은 이해했어.
ac41b849ea6253607bd63fccdf073614.bundle,第五日剛出廁所,Say,リン･テイ,39,他に話はある？,다른 얘기 있어?
ac41b849ea6253607bd63fccdf073614.bundle,第五日剛出廁所,Branch,#Simple,25,いや、もうない。,"아니, 이제 없어."
ac41b849ea6253607bd63fccdf073614.bundle,第五日剛出廁所,Say,リン･テイ,40,じゃ、行こうか。,"그럼, 갈까."
ac41b849ea6253607bd63fccdf073614.bundle,第五日剛出廁所,Branch,#Simple,26,リュウセイはスイ･ニンに内緒で、万象のスキャンダルを公にしようと企んでいる。,"류세이는 스이 닌 몰래, 완샹의 스캔들을 공개하려고 꾸미고 있어."
ac41b849ea6253607bd63fccdf073614.bundle,第五日剛出廁所,Branch,#Simple,27,リュウセイはスイ･ニンに内緒で、万象のスキャンダルを公にしようと企んでいる。,"류세이는 스이 닌 몰래, 완샹의 스캔들을 공개하려고 꾸미고 있어."
ac41b849ea6253607bd63fccdf073614.bundle,第五日剛出廁所,Say,リン･テイ,41,……,……
ac41b849ea6253607bd63fccdf073614.bundle,第五日剛出廁所,Say,リン･テイ,42,はぁ……,하아……
ac41b849ea6253607bd63fccdf073614.bundle,第五日剛出廁所,Say,リン･テイ,43,……あの子の気持ちは理解できないでもない。,……그 애 마음은 이해 못 할 것도 없어.
ac41b849ea6253607bd63fccdf073614.bundle,第五日剛出廁所,Say,リン･テイ,44,この件はスイさんに伝えたの？,이 일은 스이 씨한테 전했어?
ac41b849ea6253607bd63fccdf073614.bundle,第五日剛出廁所,Branch,#Simple,28,まだだ。,아직이야.
ac41b849ea6253607bd63fccdf073614.bundle,第五日剛出廁所,Say,リン･テイ,45,まだってことは……,아직이라는 건……
ac41b849ea6253607bd63fccdf073614.bundle,第五日剛出廁所,Say,リン･テイ,46,後で伝えるってこと？,나중에 전할 거란 거야?
ac41b849ea6253607bd63fccdf073614.bundle,第五日剛出廁所,Branch,#Simple,29,いや。,아니.
ac41b849ea6253607bd63fccdf073614.bundle,第五日剛出廁所,Say,リン･テイ,47,スイさんに伝えるべきよ。,스이 씨한테 전해야 해.
ac41b849ea6253607bd63fccdf073614.bundle,第五日剛出廁所,Branch,#Simple,30,どうしてだ？,왜?
ac41b849ea6253607bd63fccdf073614.bundle,第五日剛出廁所,Branch,#Simple,31,……,……
ac41b849ea6253607bd63fccdf073614.bundle,第五日剛出廁所,Branch,#Simple,32,後で彼女に伝えるつもりだ。,나중에 그 여자한테 전할 생각이야.
ac41b849ea6253607bd63fccdf073614.bundle,第五日剛出廁所,Say,リン･テイ,48,うん。,응.
ac41b849ea6253607bd63fccdf073614.bundle,第五日剛出廁所,Branch,#Simple,33,彼女に言うつもりはない。,그 여자한테 말할 생각은 없어.
ac41b849ea6253607bd63fccdf073614.bundle,第五日剛出廁所,Say,リン･テイ,49,……,……
ac41b849ea6253607bd63fccdf073614.bundle,第五日剛出廁所,Say,リン･テイ,50,この件をスイさんに伝えないと、大変なことになるわ。,"이 일을 스이 씨한테 전하지 않으면, 큰일 나."
ac41b849ea6253607bd63fccdf073614.bundle,第五日剛出廁所,Say,リン･テイ,51,今のリュウセイは混乱していて、物事の正しい判断ができていないのよ。,"지금 류세이는 혼란스러워서, 제대로 된 판단을 못 하고 있어."
ac41b849ea6253607bd63fccdf073614.bundle,第五日剛出廁所,Say,リン･テイ,52,もし本当に公にしたら、スイさんもリュウセイも自分の目的を果たせなくなる。,"만약 정말로 공개하면, 스이 씨도 류세이도 자기 목적을 이루지 못하게 돼."
ac41b849ea6253607bd63fccdf073614.bundle,第五日剛出廁所,Say,リン･テイ,53,だから絶対にリュウセイの件をスイさんに伝えて。,그러니까 꼭 류세이 얘기를 스이 씨한테 전해줘.
ac41b849ea6253607bd63fccdf073614.bundle,第五日剛出廁所,Say,リン･テイ,54,……,……
ac41b849ea6253607bd63fccdf073614.bundle,第五日剛出廁所,Say,リン･テイ,55,リュウセイは正義の行いだと思っているでしょうけど……,류세이는 정의로운 행동이라고 생각하고 있겠지만……
ac41b849ea6253607bd63fccdf073614.bundle,第五日剛出廁所,Say,リン･テイ,56,その行動により、どれだけの人を傷つけるかを理解していないのよ……,"그 행동으로, 얼마나 많은 사람이 다치는지 이해 못 하고 있어……"
ac41b849ea6253607bd63fccdf073614.bundle,第五日剛出廁所,Branch,#Simple,34,リンは彼のやり方に反対なのか？,린은 그 애 방식에 반대야?
ac41b849ea6253607bd63fccdf073614.bundle,第五日剛出廁所,Say,リン･テイ,57,うん。,응.
ac41b849ea6253607bd63fccdf073614.bundle,第五日剛出廁所,Say,リン･テイ,58,スイさんが昨日言ってたでしょう？,스이 씨가 어제 그랬잖아?
ac41b849ea6253607bd63fccdf073614.bundle,第五日剛出廁所,Say,リン･テイ,59,万象のスキャンダルを公にするのはとても危険なことなの。,완샹의 스캔들을 공개하는 건 아주 위험한 일이야.
ac41b849ea6253607bd63fccdf073614.bundle,第五日剛出廁所,Branch,#Simple,35,……,……
ac41b849ea6253607bd63fccdf073614.bundle,第五日剛出廁所,Say,リン･テイ,60,他に話したいことはある？,다른 하고 싶은 얘기 있어?
ac41b849ea6253607bd63fccdf073614.bundle,第五日剛出廁所,Branch,#Simple,36,もうない。行こうか。,이제 없어. 갈까.
ac41b849ea6253607bd63fccdf073614.bundle,第五日剛出廁所,Say,リン･テイ,61,うん。,응.
ac41b849ea6253607bd63fccdf073614.bundle,第五日剛出廁所,Branch,#Simple,37,実は23号がずっと調査の妨害をしていたんだ。,실은 23호가 계속 조사를 방해하고 있었어.
ac41b849ea6253607bd63fccdf073614.bundle,司徒基地討論進攻計畫,Say,スイ･ニン,0,揃ったようだな。,다 모인 것 같군.
ac41b849ea6253607bd63fccdf073614.bundle,司徒基地討論進攻計畫,Say,リュウセイ･チョウ,0,えっ……？,어……?
ac41b849ea6253607bd63fccdf073614.bundle,司徒基地討論進攻計畫,Say,リュウセイ･チョウ,1,23姉はまだっすよ……？,23 누나는 아직인데요……?
ac41b849ea6253607bd63fccdf073614.bundle,司徒基地討論進攻計畫,Say,スイ･ニン,1,今からそれについて説明する。,지금부터 그것에 대해 설명하지.
ac41b849ea6253607bd63fccdf073614.bundle,司徒基地討論進攻計畫,Say,スイ･ニン,2,彼女はフクロウから緊急招集され、今日の作戦に参加できなくなった。,"그 애는 부엉이 쪽에서 긴급 소집돼서, 오늘 작전에 참가할 수 없게 됐다."
ac41b849ea6253607bd63fccdf073614.bundle,司徒基地討論進攻計畫,Say,リュウセイ･チョウ,2,えっ……じゃ、今日の作戦はどうするっすか……？,"어……그럼, 오늘 작전은 어떻게 하는 거예요……?"
ac41b849ea6253607bd63fccdf073614.bundle,司徒基地討論進攻計畫,Say,スイ･ニン,3,23号が装備とシステムを残して行ってくれたから問題ない。私たちだけでも作戦の遂行は可能だ。,23호가 장비랑 시스템을 남겨두고 갔으니까 문제없다. 우리들끼리만으로도 작전 수행은 가능해.
ac41b849ea6253607bd63fccdf073614.bundle,司徒基地討論進攻計畫,Say,心の声,0,リンがこちらを見た。,린이 이쪽을 봤다.
ac41b849ea6253607bd63fccdf073614.bundle,司徒基地討論進攻計畫,Branch,#Simple,0,遠隔サポートはどうする？,원격 지원은 어떻게 할 건데?
ac41b849ea6253607bd63fccdf073614.bundle,司徒基地討論進攻計畫,Say,スイ･ニン,4,23号が残してくれた装備だけで十分に事足りる。,23호가 남겨준 장비만으로도 충분히 해결된다.
ac41b849ea6253607bd63fccdf073614.bundle,司徒基地討論進攻計畫,Branch,#Simple,1,彼女は本当に参加しないのか？,그 애는 정말로 참가 안 하는 거야?
ac41b849ea6253607bd63fccdf073614.bundle,司徒基地討論進攻計畫,Say,スイ･ニン,5,……ええ。,……응.
ac41b849ea6253607bd63fccdf073614.bundle,司徒基地討論進攻計畫,Say,心の声,1,スイ･ニンが視線を逸らした……？,스이 닌이 시선을 피했다……?
ac41b849ea6253607bd63fccdf073614.bundle,司徒基地討論進攻計畫,Branch,#Simple,2,……,……
ac41b849ea6253607bd63fccdf073614.bundle,司徒基地討論進攻計畫,Say,スイ･ニン,6,それとリンさんにはここで待機してもらいたい。,그리고 린 씨는 여기서 대기해줬으면 한다.
ac41b849ea6253607bd63fccdf073614.bundle,司徒基地討論進攻計畫,Say,スイ･ニン,7,全て順調に事が進めば、君の出番はないと思うが……,"모든 게 순조롭게 진행되면, 네가 나설 일은 없을 것 같지만……"
ac41b849ea6253607bd63fccdf073614.bundle,司徒基地討論進攻計畫,Say,スイ･ニン,8,誰かがここで待機した方が、色々と都合がいい。,"누군가 여기서 대기하는 편이, 여러모로 편리해."
ac41b849ea6253607bd63fccdf073614.bundle,司徒基地討論進攻計畫,Say,リン･テイ,0,……うん、わかった。,"……응, 알겠어."
ac41b849ea6253607bd63fccdf073614.bundle,司徒基地討論進攻計畫,Say,スイ･ニン,9,リュウセイ、わかったか？,"류세이, 알아들었나?"
ac41b849ea6253607bd63fccdf073614.bundle,司徒基地討論進攻計畫,Say,リュウセイ･チョウ,3,えっ……,어……
ac41b849ea6253607bd63fccdf073614.bundle,司徒基地討論進攻計畫,Say,リュウセイ･チョウ,4,あ、はい、大丈夫っす……,"아, 네, 괜찮아요……"
ac41b849ea6253607bd63fccdf073614.bundle,司徒基地討論進攻計畫,Say,心の声,2,リンが心配そうにこちらを見ている……,린이 걱정스러운 듯 이쪽을 보고 있다……
ac41b849ea6253607bd63fccdf073614.bundle,司徒基地討論進攻計畫,Say,スイ･ニン,10,……,……
ac41b849ea6253607bd63fccdf073614.bundle,司徒基地討論進攻計畫,Say,スイ･ニン,11,……,……
ac41b849ea6253607bd63fccdf073614.bundle,司徒基地討論進攻計畫,Say,リュウセイ･チョウ,5,……きゅ、急にどうしたっすか？,"……가, 갑자기 왜 그러세요?"
ac41b849ea6253607bd63fccdf073614.bundle,司徒基地討論進攻計畫,Say,スイ･ニン,12,23号は今日の作戦に参加しない。,23호는 오늘 작전에 참가하지 않는다.
ac41b849ea6253607bd63fccdf073614.bundle,司徒基地討論進攻計畫,Say,スイ･ニン,13,内通者は彼女だった。,내통자는 그 애였다.
ac41b849ea6253607bd63fccdf073614.bundle,司徒基地討論進攻計畫,Say,リュウセイ･チョウ,6,はぁ……！？,네……!?
ac41b849ea6253607bd63fccdf073614.bundle,司徒基地討論進攻計畫,Say,リン･テイ,1,えっ……！？,어……!?
ac41b849ea6253607bd63fccdf073614.bundle,司徒基地討論進攻計畫,Say,スイ･ニン,14,私たちの行動を敵に流していたのは彼女だ。,우리 행동을 적한테 흘리고 있었던 게 그 애다.
ac41b849ea6253607bd63fccdf073614.bundle,司徒基地討論進攻計畫,Say,リュウセイ･チョウ,7,そ、そんな……！,"그, 그럴 리가……!"
ac41b849ea6253607bd63fccdf073614.bundle,司徒基地討論進攻計畫,Say,リュウセイ･チョウ,8,どうして23姉が……？,왜 23 누나가……?
ac41b849ea6253607bd63fccdf073614.bundle,司徒基地討論進攻計畫,Say,スイ･ニン,15,この万象の調査自体が、私のために祖母が用意したAQテストだと彼女は思っている。,"이 완샹 조사 자체가, 나를 위해 할머니가 준비한 AQ 테스트라고 그 애는 생각하고 있다."
ac41b849ea6253607bd63fccdf073614.bundle,司徒基地討論進攻計畫,Say,スイ･ニン,16,だから彼女は私をこのテストから遠ざけるために……,그래서 그 애는 나를 이 테스트에서 멀리 떼어놓으려고……
ac41b849ea6253607bd63fccdf073614.bundle,司徒基地討論進攻計畫,Say,リン･テイ,2,AQテストって確か前にスイさんから聞いたあれ……？,AQ 테스트라면 전에 스이 씨한테서 들었던 그거……?
ac41b849ea6253607bd63fccdf073614.bundle,司徒基地討論進攻計畫,Say,スイ･ニン,17,ええ。祖母がエージェントの精神限界と価値観を試すために究極の選択を与えるテストだ。,그래. 할머니가 요원의 정신적 한계와 가치관을 시험하기 위해 궁극의 선택을 부여하는 테스트다.
ac41b849ea6253607bd63fccdf073614.bundle,司徒基地討論進攻計畫,Say,リュウセイ･チョウ,9,……,……
ac41b849ea6253607bd63fccdf073614.bundle,司徒基地討論進攻計畫,Say,リュウセイ･チョウ,10,23姉が内通者ってのは本当なんすか……？,23 누나가 내통자라는 게 사실인 거예요……?
ac41b849ea6253607bd63fccdf073614.bundle,司徒基地討論進攻計畫,Say,スイ･ニン,18,23号が私に麻酔を打とうとしたところを、ジェイが目撃している。,"23호가 나한테 마취를 놓으려던 순간을, 제이가 목격했다."
ac41b849ea6253607bd63fccdf073614.bundle,司徒基地討論進攻計畫,Say,リュウセイ･チョウ,11,えっ？兄貴が……？,네? 형이……?
ac41b849ea6253607bd63fccdf073614.bundle,司徒基地討論進攻計畫,Say,リン･テイ,3,ジェイはこのことを知ってたの……！？,제이는 이걸 알고 있었던 거야……!?
ac41b849ea6253607bd63fccdf073614.bundle,司徒基地討論進攻計畫,Branch,#Simple,3,すべてスイ･ニンの言った通りだ。,전부 스이 닌 말대로다.
ac41b849ea6253607bd63fccdf073614.bundle,司徒基地討論進攻計畫,Branch,#Simple,4,23号は今日一日のスイ･ニンの行動を制限したかったらしい。,23호는 오늘 하루 스이 닌의 행동을 제한하고 싶었던 것 같다.
ac41b849ea6253607bd63fccdf073614.bundle,司徒基地討論進攻計畫,Say,リュウセイ･チョウ,12,……,……
ac41b849ea6253607bd63fccdf073614.bundle,司徒基地討論進攻計畫,Say,リュウセイ･チョウ,13,そんな……,그럴 수가……
ac41b849ea6253607bd63fccdf073614.bundle,司徒基地討論進攻計畫,Say,リュウセイ･チョウ,14,23姉が僕らを裏切ったなんて……,23 누나가 우리를 배신했다니……
ac41b849ea6253607bd63fccdf073614.bundle,司徒基地討論進攻計畫,Say,スイ･ニン,19,彼女は裏切ったわけではない。ただ私を守りたかっただけだ。,그 애는 배신한 게 아니다. 그냥 나를 지키고 싶었을 뿐이야.
ac41b849ea6253607bd63fccdf073614.bundle,司徒基地討論進攻計畫,Say,リュウセイ･チョウ,15,そんなことを言っても、調査の邪魔をして僕たちを危険に晒したのは事実っすよ！,"그렇게 말해도, 조사를 방해해서 저희를 위험에 빠뜨린 건 사실이잖아요!"
ac41b849ea6253607bd63fccdf073614.bundle,司徒基地討論進攻計畫,Say,リュウセイ･チョウ,16,23姉のこと信じてたのに……,23 누나를 믿었는데……
ac41b849ea6253607bd63fccdf073614.bundle,司徒基地討論進攻計畫,Say,リュウセイ･チョウ,17,憧れてたのに！！！,동경했었는데!!!
ac41b849ea6253607bd63fccdf073614.bundle,司徒基地討論進攻計畫,Say,リュウセイ･チョウ,18,なのに彼女は僕とジェイの兄貴を危険な目に遭わせた……！,그런데 그 사람은 저랑 제이 형을 위험에 빠뜨렸어……!
ac41b849ea6253607bd63fccdf073614.bundle,司徒基地討論進攻計畫,Say,スイ･ニン,20,……,……
ac41b849ea6253607bd63fccdf073614.bundle,司徒基地討論進攻計畫,Say,スイ･ニン,21,リュウセイ、私は君にこの件を言いたくはなかった。,"류세이, 나는 너한테 이 일을 말하고 싶지 않았다."
ac41b849ea6253607bd63fccdf073614.bundle,司徒基地討論進攻計畫,Say,スイ･ニン,22,少なくとも、今日言うべきではなかった。,"적어도, 오늘 말했어야 할 일은 아니었어."
ac41b849ea6253607bd63fccdf073614.bundle,司徒基地討論進攻計畫,Say,リュウセイ･チョウ,19,はい……？,네……?
ac41b849ea6253607bd63fccdf073614.bundle,司徒基地討論進攻計畫,Say,リュウセイ･チョウ,20,……,……
ac41b849ea6253607bd63fccdf073614.bundle,司徒基地討論進攻計畫,Say,リュウセイ･チョウ,21,また僕に秘密にするつもりだったっすか……？,또 저한테 비밀로 할 생각이었던 거예요……?
ac41b849ea6253607bd63fccdf073614.bundle,司徒基地討論進攻計畫,Say,スイ･ニン,23,……,……
ac41b849ea6253607bd63fccdf073614.bundle,司徒基地討論進攻計畫,Say,スイ･ニン,24,リュウセイ。,류세이.
ac41b849ea6253607bd63fccdf073614.bundle,司徒基地討論進攻計畫,Say,スイ･ニン,25,私が君にこの件を言いたくなかったのは、君を信じていないからだ。,"내가 너한테 이 일을 말하고 싶지 않았던 건, 너를 믿지 못해서다."
ac41b849ea6253607bd63fccdf073614.bundle,司徒基地討論進攻計畫,Say,リュウセイ･チョウ,22,ああ、やっと……,"아, 드디어……"
ac41b849ea6253607bd63fccdf073614.bundle,司徒基地討論進攻計畫,Say,リュウセイ･チョウ,23,やっと本音を言ったっすね……,드디어 본심을 말했네요……
ac41b849ea6253607bd63fccdf073614.bundle,司徒基地討論進攻計畫,Say,リュウセイ･チョウ,24,その言葉を待ってたっすよ……,그 말을 기다리고 있었어요……
ac41b849ea6253607bd63fccdf073614.bundle,司徒基地討論進攻計畫,Say,リュウセイ･チョウ,25,結局のところ、どんなに頑張っても信用してもらえないんすね。,"결국은, 아무리 애써도 신용해주지 않는 거군요."
ac41b849ea6253607bd63fccdf073614.bundle,司徒基地討論進攻計畫,Say,リュウセイ･チョウ,26,どうやら僕の被害妄想じゃなかったってわけっすね……,역시 제 피해망상이 아니었던 거네요……
ac41b849ea6253607bd63fccdf073614.bundle,司徒基地討論進攻計畫,Say,リュウセイ･チョウ,27,これで清々したっすよ……,이걸로 속이 시원하네요……
ac41b849ea6253607bd63fccdf073614.bundle,司徒基地討論進攻計畫,Say,スイ･ニン,26,……,……
ac41b849ea6253607bd63fccdf073614.bundle,司徒基地討論進攻計畫,Say,スイ･ニン,27,私は、君がこの件を冷静に受け止められるとは信じていないと言いたいだけだ。,"나는, 네가 이 일을 냉정하게 받아들일 수 있다고는 믿지 못하겠다는 말이 하고 싶을 뿐이다."
ac41b849ea6253607bd63fccdf073614.bundle,司徒基地討論進攻計畫,Say,スイ･ニン,28,この件を聞いた君は感情的になり、周りに疑念と敵意を抱き始める。,"이 일을 들은 너는 감정적이 되어서, 주위에 의심과 적개심을 품기 시작해."
ac41b849ea6253607bd63fccdf073614.bundle,司徒基地討論進攻計畫,Say,スイ･ニン,29,今の君がまさにそうだ。,지금 네가 바로 그렇다.
ac41b849ea6253607bd63fccdf073614.bundle,司徒基地討論進攻計畫,Say,リュウセイ･チョウ,28,……,……
ac41b849ea6253607bd63fccdf073614.bundle,司徒基地討論進攻計畫,Say,リュウセイ･チョウ,29,そう思っているなら、どうして23姉のことを僕に話したっすか？,"그렇게 생각한다면, 왜 23 누나 얘기를 저한테 한 거예요?"
ac41b849ea6253607bd63fccdf073614.bundle,司徒基地討論進攻計畫,Say,スイ･ニン,30,ジェイに説得されたからだ。,제이가 설득했기 때문이다.
ac41b849ea6253607bd63fccdf073614.bundle,司徒基地討論進攻計畫,Say,スイ･ニン,31,私の一方的な君への不信感は、君に対して不公平じゃないかと彼に諭された。,"나의 일방적인 너에 대한 불신은, 너한테 불공평하지 않냐고 그가 나를 타일렀다."
ac41b849ea6253607bd63fccdf073614.bundle,司徒基地討論進攻計畫,Say,リュウセイ･チョウ,30,……,……
ac41b849ea6253607bd63fccdf073614.bundle,司徒基地討論進攻計畫,Say,スイ･ニン,32,何も伝えなければ、君を守れると私はずっと思っていた。だがそれは君に対して不誠実であり、間違いだ。,"아무것도 전하지 않으면, 너를 지킬 수 있다고 나는 계속 생각했었다. 하지만 그건 너한테 불성실한 짓이었고, 잘못이었다."
ac41b849ea6253607bd63fccdf073614.bundle,司徒基地討論進攻計畫,Say,スイ･ニン,33,私は今まで君に様々なことを黙っていたが、それはあくまでも面倒事を避けるためであって、君を成長させたいがためにやったことではなかった。,"나는 지금까지 너한테 여러 가지 일을 숨겨왔지만, 그건 어디까지나 귀찮은 일을 피하기 위해서였지, 너를 성장시키고 싶어서 한 일은 아니었다."
ac41b849ea6253607bd63fccdf073614.bundle,司徒基地討論進攻計畫,Say,リュウセイ･チョウ,31,……,……
ac41b849ea6253607bd63fccdf073614.bundle,司徒基地討論進攻計畫,Say,スイ･ニン,34,過去の私の行いは間違っていた。,과거 내 행동은 잘못됐었다.
ac41b849ea6253607bd63fccdf073614.bundle,司徒基地討論進攻計畫,Say,スイ･ニン,35,私はもっと早く、君を信じるべきだった。,"나는 좀 더 일찍, 너를 믿었어야 했다."
ac41b849ea6253607bd63fccdf073614.bundle,司徒基地討論進攻計畫,Say,リュウセイ･チョウ,32,……,……
ac41b849ea6253607bd63fccdf073614.bundle,司徒基地討論進攻計畫,Say,スイ･ニン,36,リュウセイ、この件について私が言いたいことは以上だ。,"류세이, 이 일에 대해 내가 하고 싶은 말은 여기까지다."
ac41b849ea6253607bd63fccdf073614.bundle,司徒基地討論進攻計畫,Say,スイ･ニン,37,この件にどう向き合うかは君に任せる。,이 일을 어떻게 마주할지는 너한테 맡기지.
ac41b849ea6253607bd63fccdf073614.bundle,司徒基地討論進攻計畫,Say,スイ･ニン,38,私の想像通りに感情的になり、暴走するか……,"내 예상대로 감정적이 되어서, 폭주할지……"
ac41b849ea6253607bd63fccdf073614.bundle,司徒基地討論進攻計畫,Say,スイ･ニン,39,それともこの件を冷静に受け止め……,아니면 이 일을 냉정하게 받아들이고……
ac41b849ea6253607bd63fccdf073614.bundle,司徒基地討論進攻計畫,Say,スイ･ニン,40,苦しみながらも立ち向かうか……,괴로워하면서도 맞서 싸울지……
ac41b849ea6253607bd63fccdf073614.bundle,司徒基地討論進攻計畫,Say,リュウセイ･チョウ,33,……,……
ac41b849ea6253607bd63fccdf073614.bundle,司徒基地討論進攻計畫,Say,リュウセイ･チョウ,34,……,……
ac41b849ea6253607bd63fccdf073614.bundle,司徒基地討論進攻計畫,Say,リュウセイ･チョウ,35,……,……
ac41b849ea6253607bd63fccdf073614.bundle,司徒基地討論進攻計畫,Say,リュウセイ･チョウ,36,23姉がやったことは置いといても、僕たちは虐待を受けている人たちを助けないといけない……,"23 누나가 한 짓은 제쳐두더라도, 저희는 학대받고 있는 사람들을 도와야 해요……"
ac41b849ea6253607bd63fccdf073614.bundle,司徒基地討論進攻計畫,Say,スイ･ニン,41,厳密には、虐待が実際に行われているかどうかはまだわからないがな……,"엄밀히 말하면, 학대가 실제로 이뤄지고 있는지는 아직 모르지만……"
ac41b849ea6253607bd63fccdf073614.bundle,司徒基地討論進攻計畫,Say,スイ･ニン,42,だがだからこそ、一刻も早くあの施設へ潜入し、真相を掴むべきだ。,"하지만 그렇기 때문에, 한시라도 빨리 그 시설에 잠입해서, 진상을 파악해야 해."
ac41b849ea6253607bd63fccdf073614.bundle,司徒基地討論進攻計畫,Say,リュウセイ･チョウ,37,23姉がどのような状況であろうとも、その目標は変わらないっす……,"23 누나가 어떤 상황이든, 그 목표는 변하지 않아요……"
ac41b849ea6253607bd63fccdf073614.bundle,司徒基地討論進攻計畫,Say,リュウセイ･チョウ,38,僕がここで怒りに任せるより……,제가 여기서 화에 휘둘리는 것보다……
ac41b849ea6253607bd63fccdf073614.bundle,司徒基地討論進攻計畫,Say,リュウセイ･チョウ,39,作戦について議論する方が得策っす。,작전에 대해 논의하는 편이 낫죠.
ac41b849ea6253607bd63fccdf073614.bundle,司徒基地討論進攻計畫,Say,リュウセイ･チョウ,40,そうっすよね、スイ姉。,"그렇죠, 스이 누나."
ac41b849ea6253607bd63fccdf073614.bundle,司徒基地討論進攻計畫,Say,心の声,3,スイ･ニンが笑った……,스이닝이 웃었다……
ac41b849ea6253607bd63fccdf073614.bundle,司徒基地討論進攻計畫,Say,スイ･ニン,43,ええ。,네.
ac41b849ea6253607bd63fccdf073614.bundle,司徒基地討論進攻計畫,Say,スイ･ニン,44,では作戦会議を始めよう。,그럼 작전 회의를 시작하지.
ac41b849ea6253607bd63fccdf073614.bundle,司徒基地討論進攻計畫,Say,リュウセイ･チョウ,41,その……23姉について……,저……23 누나에 대해서는……
ac41b849ea6253607bd63fccdf073614.bundle,司徒基地討論進攻計畫,Say,リュウセイ･チョウ,42,すべてが終わったら、もっと詳しく聞かせてほしいっす。,"다 끝나면, 좀 더 자세히 듣고 싶어요."
ac41b849ea6253607bd63fccdf073614.bundle,司徒基地討論進攻計畫,Say,リュウセイ･チョウ,43,……いいっすか？,……괜찮을까요?
ac41b849ea6253607bd63fccdf073614.bundle,司徒基地討論進攻計畫,Say,スイ･ニン,45,無論だ。,물론이다.
ac41b849ea6253607bd63fccdf073614.bundle,司徒基地討論進攻計畫,Say,スイ･ニン,46,……,……
ac41b849ea6253607bd63fccdf073614.bundle,司徒基地討論進攻計畫,Say,スイ･ニン,47,リュウセイ、私は正しい選択をしたようだ。,"류세이, 내가 옳은 선택을 한 모양이다."
ac41b849ea6253607bd63fccdf073614.bundle,司徒基地討論進攻計畫,Say,心の声,4,スイ･ニンがリュウセイに笑いかけた。,스이 닌이 류세이에게 미소를 지었다.
ac41b849ea6253607bd63fccdf073614.bundle,司徒基地討論進攻計畫,Say,リュウセイ･チョウ,44,……,……
ac41b849ea6253607bd63fccdf073614.bundle,司徒基地討論進攻計畫,Say,リュウセイ･チョウ,45,も、もちろんっすよ……！,"다, 당연하죠……!"
ac41b849ea6253607bd63fccdf073614.bundle,司徒基地討論進攻計畫,Say,心の声,5,リンがこちらに親指を立てている……,린이 이쪽을 향해 엄지를 세우고 있다……
ac41b849ea6253607bd63fccdf073614.bundle,司徒基地討論進攻計畫,Say,心の声,6,どうやら喜んでいるようだ。,기뻐하고 있는 모양이다.
ac41b849ea6253607bd63fccdf073614.bundle,司徒基地討論進攻計畫,Say,スイ･ニン,48,では、今日の作戦会議を始めよう。,"그럼, 오늘 작전 회의를 시작하겠다."
ac41b849ea6253607bd63fccdf073614.bundle,司徒基地討論進攻計畫,Say,スイ･ニン,49,まずこの作戦の目標だが……,우선 이번 작전의 목표 말인데……
ac41b849ea6253607bd63fccdf073614.bundle,司徒基地討論進攻計畫,Say,スイ･ニン,50,できるだけ早くこの施設に潜入し、多くの情報を集めることだ。,"가능한 한 빨리 이 시설에 잠입해서, 많은 정보를 모으는 것이다."
ac41b849ea6253607bd63fccdf073614.bundle,司徒基地討論進攻計畫,Say,スイ･ニン,51,これを達成するためには、リュウセイとジェイの力が必要だ。,"이걸 달성하기 위해서는, 류세이와 제이의 힘이 필요하다."
ac41b849ea6253607bd63fccdf073614.bundle,司徒基地討論進攻計畫,Say,スイ･ニン,52,情報を盗み出す際に、邪魔が入る可能性が高い……,"정보를 훔쳐낼 때, 방해가 들어올 가능성이 높다……"
ac41b849ea6253607bd63fccdf073614.bundle,司徒基地討論進攻計畫,Say,スイ･ニン,53,だから分担をする。,그러니까 역할을 나눈다.
ac41b849ea6253607bd63fccdf073614.bundle,司徒基地討論進攻計畫,Say,スイ･ニン,54,リュウセイとジェイは互いを援護しながら、情報を集めてほしい。,"류세이랑 제이는 서로 엄호하면서, 정보를 모아줬으면 한다."
ac41b849ea6253607bd63fccdf073614.bundle,司徒基地討論進攻計畫,Say,スイ･ニン,55,私は君たちの邪魔になりそうなすべての敵を排除し、さらに敵の注意を惹きつける。,"나는 너희들한테 방해가 될 만한 적을 전부 제거하고, 나아가 적의 주의를 끈다."
ac41b849ea6253607bd63fccdf073614.bundle,司徒基地討論進攻計畫,Branch,#Simple,5,つまり俺たちが戦う必要はないってことか？,그러니까 우리는 싸울 필요가 없다는 거야?
ac41b849ea6253607bd63fccdf073614.bundle,司徒基地討論進攻計畫,Say,スイ･ニン,56,理想はそうだ。,이상적으로는 그렇다.
ac41b849ea6253607bd63fccdf073614.bundle,司徒基地討論進攻計畫,Say,スイ･ニン,57,だが現実はそう簡単にはいかないはずだ。戦う心構えはしといた方がいい。,하지만 현실은 그렇게 간단하게는 안 될 거다. 싸울 각오는 해두는 게 좋아.
ac41b849ea6253607bd63fccdf073614.bundle,司徒基地討論進攻計畫,Branch,#Simple,6,情報を集めるのに、以前のハックユニットを使うのか？,"정보를 모으는 데, 예전 해킹 유닛을 쓰는 거야?"
ac41b849ea6253607bd63fccdf073614.bundle,司徒基地討論進攻計畫,Say,スイ･ニン,58,ああ。,그래.
ac41b849ea6253607bd63fccdf073614.bundle,司徒基地討論進攻計畫,Branch,#Simple,7,……,……
ac41b849ea6253607bd63fccdf073614.bundle,司徒基地討論進攻計畫,Say,スイ･ニン,59,それと具体的な潜入方法についてだが……,그리고 구체적인 잠입 방법에 대해서인데……
ac41b849ea6253607bd63fccdf073614.bundle,司徒基地討論進攻計畫,Say,スイ･ニン,60,まず潜入ルートだ。,우선 잠입 루트다.
ac41b849ea6253607bd63fccdf073614.bundle,司徒基地討論進攻計畫,Say,スイ･ニン,61,これは23号が用意してくれた施設の資料だ。,이건 23호가 준비해준 시설 자료다.
ac41b849ea6253607bd63fccdf073614.bundle,司徒基地討論進攻計畫,Say,スイ･ニン,62,この施設は、サイレントの地下深くにある。,"이 시설은, 사일런트 지하 깊은 곳에 있다."
ac41b849ea6253607bd63fccdf073614.bundle,司徒基地討論進攻計畫,Say,スイ･ニン,63,さすがに施設の全容は載っていないが、構造と基本的なセキュリティー情報は載っている。,"아무래도 시설의 전모까지는 실려 있지 않지만, 구조랑 기본적인 보안 정보는 실려 있다."
ac41b849ea6253607bd63fccdf073614.bundle,司徒基地討論進攻計畫,Say,スイ･ニン,64,潜入する場所だが……,잠입할 장소 말인데……
ac41b849ea6253607bd63fccdf073614.bundle,司徒基地討論進攻計畫,Say,スイ･ニン,65,安直に考えればサーバー室だろうな……,안일하게 생각하면 서버실이겠지만……
ac41b849ea6253607bd63fccdf073614.bundle,司徒基地討論進攻計畫,Say,スイ･ニン,66,だが警備が多く、かなり地下深くに位置している……,"근데 경비가 많고, 상당히 지하 깊숙이 위치해 있다……"
ac41b849ea6253607bd63fccdf073614.bundle,司徒基地討論進攻計畫,Say,スイ･ニン,67,そこへ潜入するのは至難の業だ。,거기 잠입하는 건 지극히 어려운 일이다.
ac41b849ea6253607bd63fccdf073614.bundle,司徒基地討論進攻計畫,Say,スイ･ニン,68,だから私たちは……,그러니까 우리는……
ac41b849ea6253607bd63fccdf073614.bundle,司徒基地討論進攻計畫,Say,スイ･ニン,69,階層が浅いメインラボに潜入する。,층이 얕은 메인 랩에 잠입한다.
ac41b849ea6253607bd63fccdf073614.bundle,司徒基地討論進攻計畫,Say,スイ･ニン,70,我々の一番の目的はこの施設の用途を調べることだ。だから施設にあるすべての情報を盗み出す必要はない。,우리의 첫 번째 목적은 이 시설의 용도를 조사하는 것이다. 그러니까 시설에 있는 정보를 전부 훔쳐낼 필요는 없다.
ac41b849ea6253607bd63fccdf073614.bundle,司徒基地討論進攻計畫,Say,スイ･ニン,71,メインラボの資料を盗めば、我々が知りたい情報は得られるはずだ。,"메인 랩의 자료를 훔치면, 우리가 알고 싶은 정보는 얻을 수 있을 거다."
ac41b849ea6253607bd63fccdf073614.bundle,司徒基地討論進攻計畫,Say,スイ･ニン,72,今から潜入時の流れを説明するから、しっかり覚えるように。,"지금부터 잠입 시 순서를 설명할 테니까, 확실히 기억해둬."
ac41b849ea6253607bd63fccdf073614.bundle,司徒基地討論進攻計畫,Say,スイ･ニン,73,メインラボは、施設の正門に非常に近い位置にある。,"메인 랩은, 시설 정문에서 아주 가까운 위치에 있다."
ac41b849ea6253607bd63fccdf073614.bundle,司徒基地討論進攻計畫,Say,スイ･ニン,74,だから正門を突破するのが一番だ。,그러니까 정문을 돌파하는 게 제일이다.
ac41b849ea6253607bd63fccdf073614.bundle,司徒基地討論進攻計畫,Branch,#Simple,8,待ってくれ。潜入って話しじゃなかったのか？,잠깐만. 잠입이라는 얘기 아니었어?
ac41b849ea6253607bd63fccdf073614.bundle,司徒基地討論進攻計畫,Say,スイ･ニン,75,その通りだ。,맞는 말이다.
ac41b849ea6253607bd63fccdf073614.bundle,司徒基地討論進攻計畫,Branch,#Simple,9,突破とはどういうことだ？,돌파라니 무슨 소리야?
ac41b849ea6253607bd63fccdf073614.bundle,司徒基地討論進攻計畫,Say,スイ･ニン,76,私がその場にいる敵をすべて排除するということだ。,내가 그 자리에 있는 적을 전부 제거한다는 얘기다.
ac41b849ea6253607bd63fccdf073614.bundle,司徒基地討論進攻計畫,Branch,#Simple,10,……,……
ac41b849ea6253607bd63fccdf073614.bundle,司徒基地討論進攻計畫,Say,スイ･ニン,77,私は警報を鳴らすことなく、この作戦を遂行したい。,"나는 경보를 울리지 않고, 이 작전을 수행하고 싶다."
ac41b849ea6253607bd63fccdf073614.bundle,司徒基地討論進攻計畫,Say,スイ･ニン,78,だから警報を鳴らされる前に、私がすべての警備を排除し、監視カメラを停止させる。,"그러니까 경보가 울리기 전에, 내가 경비를 전부 제거하고, 감시 카메라를 정지시킨다."
ac41b849ea6253607bd63fccdf073614.bundle,司徒基地討論進攻計畫,Say,スイ･ニン,79,そしてリュウセイには警報システムを止めてもらう。,그리고 류세이는 경보 시스템을 멈춰줬으면 한다.
ac41b849ea6253607bd63fccdf073614.bundle,司徒基地討論進攻計畫,Say,リュウセイ･チョウ,46,了解っす。,알겠어요.
ac41b849ea6253607bd63fccdf073614.bundle,司徒基地討論進攻計畫,Say,スイ･ニン,80,その間にジェイにはメインラボに入る方法を探してもらう。,그동안 제이는 메인 랩에 들어갈 방법을 찾아줬으면 한다.
ac41b849ea6253607bd63fccdf073614.bundle,司徒基地討論進攻計畫,Branch,#Simple,11,なぜ俺なんだ？,왜 나지?
ac41b849ea6253607bd63fccdf073614.bundle,司徒基地討論進攻計畫,Say,スイ･ニン,81,君より、リュウセイの方が警報システムに詳しいからだ。,"너보다, 류세이 쪽이 경보 시스템에 밝으니까 그렇다."
ac41b849ea6253607bd63fccdf073614.bundle,司徒基地討論進攻計畫,Branch,#Simple,12,扉を破壊できないのか？,문을 부술 수는 없어?
ac41b849ea6253607bd63fccdf073614.bundle,司徒基地討論進攻計畫,Say,スイ･ニン,82,それは不可能だ。,그건 불가능하다.
ac41b849ea6253607bd63fccdf073614.bundle,司徒基地討論進攻計畫,Branch,#Simple,13,……,……
ac41b849ea6253607bd63fccdf073614.bundle,司徒基地討論進攻計畫,Say,スイ･ニン,83,資料の通りなら、メインラボの扉は二層構造になっている。,"자료대로라면, 메인 랩의 문은 이중 구조로 되어 있다."
ac41b849ea6253607bd63fccdf073614.bundle,司徒基地討論進攻計畫,Say,スイ･ニン,84,それにこの資料には扉のセキュリティーレベルが記載されていない。,게다가 이 자료에는 문의 보안 등급이 기재되어 있지 않다.
ac41b849ea6253607bd63fccdf073614.bundle,司徒基地討論進攻計畫,Say,スイ･ニン,85,ここは頻繁に出入りがある場所だから、あまり厳重なセキュリティーは敷かれていないはずだ。,"여기는 빈번하게 출입이 있는 장소니까, 그렇게 삼엄한 보안이 깔려 있지는 않을 거다."
ac41b849ea6253607bd63fccdf073614.bundle,司徒基地討論進攻計畫,Say,スイ･ニン,86,おそらく二重構造の内層の扉は無理やり破壊できるだろう。,아마 이중 구조의 안쪽 문은 억지로 부술 수 있을 거다.
ac41b849ea6253607bd63fccdf073614.bundle,司徒基地討論進攻計畫,Say,スイ･ニン,87,だが外層の扉は力技では不可能だ……,하지만 바깥쪽 문은 힘으로는 불가능하다……
ac41b849ea6253607bd63fccdf073614.bundle,司徒基地討論進攻計畫,Say,スイ･ニン,88,しかし心配はない。外層の扉を突破できる方法はある。,하지만 걱정 마라. 바깥쪽 문을 돌파할 방법은 있다.
ac41b849ea6253607bd63fccdf073614.bundle,司徒基地討論進攻計畫,Say,スイ･ニン,89,例えば通行パスや虹彩認証とかだ。,예를 들면 출입 패스나 홍채 인증 같은 거다.
ac41b849ea6253607bd63fccdf073614.bundle,司徒基地討論進攻計畫,Say,スイ･ニン,90,そしてそれを見つけるのが君の仕事だ。,그리고 그걸 찾아내는 게 네 일이다.
ac41b849ea6253607bd63fccdf073614.bundle,司徒基地討論進攻計畫,Say,スイ･ニン,91,通行パスを探してもいいし、私が倒した敵を使って虹彩認証を行うのもいい。,"출입 패스를 찾아도 되고, 내가 쓰러뜨린 적을 이용해서 홍채 인증을 하는 것도 좋다."
ac41b849ea6253607bd63fccdf073614.bundle,司徒基地討論進攻計畫,Say,スイ･ニン,92,何か質問はあるか？,뭔가 질문 있나?
ac41b849ea6253607bd63fccdf073614.bundle,司徒基地討論進攻計畫,Say,リュウセイ･チョウ,47,ないっす。,없어요.
ac41b849ea6253607bd63fccdf073614.bundle,司徒基地討論進攻計畫,Branch,#Simple,14,通行パスはどこで見つけられる？,출입 패스는 어디서 찾을 수 있는데?
ac41b849ea6253607bd63fccdf073614.bundle,司徒基地討論進攻計畫,Say,スイ･ニン,93,私が倒した警備員の中にパスを持っている人物がいるはずだ。,내가 쓰러뜨린 경비원 중에 패스를 가진 사람이 있을 거다.
ac41b849ea6253607bd63fccdf073614.bundle,司徒基地討論進攻計畫,Say,スイ･ニン,94,彼らの服の中から探し、その人物の身分確認もしてくれ。,"그들의 옷 속을 뒤져서 찾고, 그 사람의 신분 확인도 해줘."
ac41b849ea6253607bd63fccdf073614.bundle,司徒基地討論進攻計畫,Branch,#Simple,15,虹彩認証とはなんだ？,홍채 인증이란 게 뭐야?
ac41b849ea6253607bd63fccdf073614.bundle,司徒基地討論進攻計畫,Say,スイ･ニン,95,瞳の虹彩を用いて本人認証を行うシステムだ。,눈동자의 홍채를 이용해서 본인 인증을 하는 시스템이다.
ac41b849ea6253607bd63fccdf073614.bundle,司徒基地討論進攻計畫,Say,スイ･ニン,96,警備員を認証システムまで運び、瞳を見せればいい。,"경비원을 인증 시스템까지 옮겨서, 눈을 보여주면 된다."
ac41b849ea6253607bd63fccdf073614.bundle,司徒基地討論進攻計畫,Branch,#Simple,16,もしどちらも失敗したら？,만약 둘 다 실패하면?
ac41b849ea6253607bd63fccdf073614.bundle,司徒基地討論進攻計畫,Say,スイ･ニン,97,問題ない。,문제없다.
ac41b849ea6253607bd63fccdf073614.bundle,司徒基地討論進攻計畫,Branch,#Simple,17,わかった。,알겠다.
ac41b849ea6253607bd63fccdf073614.bundle,司徒基地討論進攻計畫,Say,スイ･ニン,98,万が一に備えて、他の案も用意はしている。,"만일에 대비해서, 다른 방안도 준비해뒀다."
ac41b849ea6253607bd63fccdf073614.bundle,司徒基地討論進攻計畫,Say,スイ･ニン,99,爆弾を持っていくつもりだ。,폭탄을 가지고 갈 생각이다.
ac41b849ea6253607bd63fccdf073614.bundle,司徒基地討論進攻計畫,Say,スイ･ニン,100,特別に強化された防爆扉以外は、ほとんどこれで吹き飛ぶはずだ。,"특별히 강화된 방폭문 이외에는, 거의 이걸로 날아갈 거다."
ac41b849ea6253607bd63fccdf073614.bundle,司徒基地討論進攻計畫,Say,スイ･ニン,101,だが爆弾を使えば、一瞬でホワイトリザードたちに知られる。,"하지만 폭탄을 쓰면, 순식간에 화이트 리자드 일당한테 들킨다."
ac41b849ea6253607bd63fccdf073614.bundle,司徒基地討論進攻計畫,Say,リュウセイ･チョウ,48,……得策じゃないってことっすね。,……좋은 방법은 아니라는 거네요.
ac41b849ea6253607bd63fccdf073614.bundle,司徒基地討論進攻計畫,Say,スイ･ニン,102,ああ。,그래.
ac41b849ea6253607bd63fccdf073614.bundle,司徒基地討論進攻計畫,Say,スイ･ニン,103,……,……
ac41b849ea6253607bd63fccdf073614.bundle,司徒基地討論進攻計畫,Say,スイ･ニン,104,作戦が上手くいけば、そう時間もかからずにラボに潜入できるはずだ。,"작전이 잘 풀리면, 그렇게 시간도 안 걸리고 랩에 잠입할 수 있을 거다."
ac41b849ea6253607bd63fccdf073614.bundle,司徒基地討論進攻計畫,Say,リュウセイ･チョウ,49,でも、ラボには研究員がいるはずっすよね……？,"근데, 랩에는 연구원이 있을 거잖아요……?"
ac41b849ea6253607bd63fccdf073614.bundle,司徒基地討論進攻計畫,Say,スイ･ニン,105,ああ。だが私は彼らから情報を聞き出したい。,그래. 하지만 나는 그들한테서 정보를 캐내고 싶다.
ac41b849ea6253607bd63fccdf073614.bundle,司徒基地討論進攻計畫,Say,リュウセイ･チョウ,50,なるほど。,그렇군.
ac41b849ea6253607bd63fccdf073614.bundle,司徒基地討論進攻計畫,Say,スイ･ニン,106,メインラボに潜入したら、リュウセイとジェイはハックユニットを使って急いで情報を盗み出せ。,"메인 랩에 잠입하면, 류세이랑 제이는 해킹 유닛을 써서 서둘러 정보를 훔쳐내라."
ac41b849ea6253607bd63fccdf073614.bundle,司徒基地討論進攻計畫,Say,スイ･ニン,107,作戦の説明は以上だ。,작전 설명은 여기까지다.
ac41b849ea6253607bd63fccdf073614.bundle,司徒基地討論進攻計畫,Say,スイ･ニン,108,何か質問は？,뭔가 질문은?
ac41b849ea6253607bd63fccdf073614.bundle,司徒基地討論進攻計畫,Branch,#Simple,18,かなり強引な作戦に聞こえるが……,꽤 무리한 작전으로 들리는데……
ac41b849ea6253607bd63fccdf073614.bundle,司徒基地討論進攻計畫,Say,リュウセイ･チョウ,51,……僕もそう思ってたところっす。,……저도 그렇게 생각하던 참이에요.
ac41b849ea6253607bd63fccdf073614.bundle,司徒基地討論進攻計畫,Say,リュウセイ･チョウ,52,本当に強引に扉を蹴り破って、情報を奪うつもりっすか……？,"정말로 무작정 문을 걷어차 부수고, 정보를 뺏을 생각이에요……?"
ac41b849ea6253607bd63fccdf073614.bundle,司徒基地討論進攻計畫,Say,スイ･ニン,109,そう思われるのも当然だ。,그렇게 생각하는 것도 당연하다.
ac41b849ea6253607bd63fccdf073614.bundle,司徒基地討論進攻計畫,Say,スイ･ニン,110,むしろ私はわざと強引なやり方に見せている。,오히려 나는 일부러 무리한 방식으로 보이게 하고 있다.
ac41b849ea6253607bd63fccdf073614.bundle,司徒基地討論進攻計畫,Say,スイ･ニン,111,我々が情報を盗み出す一番の理由は、万象との交渉のためだ。,"우리가 정보를 훔쳐내는 가장 큰 이유는, 완샹과의 협상을 위해서다."
ac41b849ea6253607bd63fccdf073614.bundle,司徒基地討論進攻計畫,Say,スイ･ニン,112,そして交渉の場において最も重要なことは、力を示すことだ。,"그리고 협상 자리에서 가장 중요한 건, 힘을 보여주는 것이다."
ac41b849ea6253607bd63fccdf073614.bundle,司徒基地討論進攻計畫,Say,スイ･ニン,113,強引なやり方をすれば、現場に沢山の痕跡が残る。,"무리한 방식을 쓰면, 현장에 흔적이 잔뜩 남는다."
ac41b849ea6253607bd63fccdf073614.bundle,司徒基地討論進攻計畫,Say,スイ･ニン,114,それにより、ラボで情報を盗んだのは我々だとわかる。,"그걸로, 랩에서 정보를 훔친 게 우리라는 걸 알게 되지."
ac41b849ea6253607bd63fccdf073614.bundle,司徒基地討論進攻計畫,Say,スイ･ニン,115,ただスキャンダルを掴んだと言い張るより、事の重大さを理解して貰えるはずだ。,"그냥 스캔들을 잡았다고 우기는 것보다, 일의 중대함을 이해시킬 수 있을 거다."
ac41b849ea6253607bd63fccdf073614.bundle,司徒基地討論進攻計畫,Say,スイ･ニン,116,彼らは……,그들은……
ac41b849ea6253607bd63fccdf073614.bundle,司徒基地討論進攻計畫,Say,スイ･ニン,117,我々が強引なやり方で施設に押し入り、情報を盗み出せる力を持っていると理解する。,"우리가 무리한 방식으로 시설에 쳐들어가서, 정보를 훔쳐낼 힘을 갖고 있다는 걸 이해하게 된다."
ac41b849ea6253607bd63fccdf073614.bundle,司徒基地討論進攻計畫,Say,スイ･ニン,118,それにこの案は所用時間が最も短い。,게다가 이 방안은 소요 시간이 제일 짧다.
ac41b849ea6253607bd63fccdf073614.bundle,司徒基地討論進攻計畫,Say,スイ･ニン,119,誰にも見つからずに潜入するより、敵に反撃の時間を与えることなく離れる方が安全だ。,"아무한테도 안 들키고 잠입하는 것보다, 적한테 반격할 시간을 주지 않고 빠져나오는 편이 안전하다."
ac41b849ea6253607bd63fccdf073614.bundle,司徒基地討論進攻計畫,Say,リュウセイ･チョウ,53,……なるほど。,……그렇군요.
ac41b849ea6253607bd63fccdf073614.bundle,司徒基地討論進攻計畫,Branch,#Simple,19,ラボの研究員に何を聞くつもりだ？,랩 연구원한테 뭘 물어볼 셈이야?
ac41b849ea6253607bd63fccdf073614.bundle,司徒基地討論進攻計畫,Say,スイ･ニン,120,ラボの研究員なら、この施設に詳しいはずだ。,"랩 연구원이라면, 이 시설에 대해 잘 알고 있을 거다."
ac41b849ea6253607bd63fccdf073614.bundle,司徒基地討論進攻計畫,Say,スイ･ニン,121,君たちが資料を盗み出している間に、彼らから直接情報を引きだす。,"너희가 자료를 훔쳐내는 동안, 나는 그들한테서 직접 정보를 캐낸다."
ac41b849ea6253607bd63fccdf073614.bundle,司徒基地討論進攻計畫,Say,スイ･ニン,122,ただのデータから得る情報より……,그냥 데이터에서 얻는 정보보다……
ac41b849ea6253607bd63fccdf073614.bundle,司徒基地討論進攻計畫,Say,スイ･ニン,123,人から聞いた情報の方がより詳しいものだ。,사람한테서 들은 정보 쪽이 더 자세한 법이다.
ac41b849ea6253607bd63fccdf073614.bundle,司徒基地討論進攻計畫,Branch,#Simple,20,もう一度作戦の流れを説明してくれないか？,다시 한번 작전 흐름을 설명해줄 수 있을까?
ac41b849ea6253607bd63fccdf073614.bundle,司徒基地討論進攻計畫,Say,スイ･ニン,124,もちろんだ。,물론이지.
ac41b849ea6253607bd63fccdf073614.bundle,司徒基地討論進攻計畫,Say,スイ･ニン,125,我々はまず正門から突入する。,우리는 우선 정문으로 돌입한다.
ac41b849ea6253607bd63fccdf073614.bundle,司徒基地討論進攻計畫,Say,スイ･ニン,126,私は警備を排除し、すべての監視カメラを停止させる。,"나는 경비를 제거하고, 모든 감시 카메라를 정지시킨다."
ac41b849ea6253607bd63fccdf073614.bundle,司徒基地討論進攻計畫,Say,スイ･ニン,127,リュウセイは警報システムを停止させ、ジェイはその間にメインラボの外層扉の開け方を探す。,"류세이는 경보 시스템을 정지시키고, 제이는 그동안 메인 랩 바깥쪽 문의 여는 법을 찾는다."
ac41b849ea6253607bd63fccdf073614.bundle,司徒基地討論進攻計畫,Say,スイ･ニン,128,そしてラボに入り次第……,그리고 랩에 들어가는 대로……
ac41b849ea6253607bd63fccdf073614.bundle,司徒基地討論進攻計畫,Say,スイ･ニン,129,君とリュウセイはハックユニットを使って情報を盗み出し、それが終わり次第すぐに撤退する。,"너랑 류세이는 해킹 유닛을 써서 정보를 훔쳐내고, 그게 끝나는 대로 바로 철수한다."
ac41b849ea6253607bd63fccdf073614.bundle,司徒基地討論進攻計畫,Branch,#Simple,21,大丈夫だ。,괜찮아.
ac41b849ea6253607bd63fccdf073614.bundle,司徒基地討論進攻計畫,Say,スイ･ニン,130,よろしい、では……,"좋아, 그럼……"
ac41b849ea6253607bd63fccdf073614.bundle,司徒基地討論進攻計畫,Say,リュウセイ･チョウ,54,……撤退方法はどうするっすか？,……철수 방법은 어떻게 하는 거예요?
ac41b849ea6253607bd63fccdf073614.bundle,司徒基地討論進攻計畫,Say,スイ･ニン,131,撤退する際は突入した時と同じ方法を使う。,철수할 때는 돌입할 때랑 같은 방법을 쓴다.
ac41b849ea6253607bd63fccdf073614.bundle,司徒基地討論進攻計畫,Say,心の声,7,そういえば、施設までの移動方法を聞いていない……,"그러고 보니, 시설까지 이동 방법을 못 들었다……"
ac41b849ea6253607bd63fccdf073614.bundle,司徒基地討論進攻計畫,Say,スイ･ニン,132,リュウセイ、ジェイ。君たちにはシロキューに乗ってこの施設に向かってもらう。,"류세이, 제이. 너희들은 시로큐를 타고 이 시설로 향해줘야겠다."
ac41b849ea6253607bd63fccdf073614.bundle,司徒基地討論進攻計畫,Say,リュウセイ･チョウ,55,え？そんな堂々と行くっすか……？,네? 그렇게 당당하게 가는 거예요……?
ac41b849ea6253607bd63fccdf073614.bundle,司徒基地討論進攻計畫,Say,スイ･ニン,133,万象のシロキューのセキュリティーはかなり貧弱だ。,완샹의 시로큐 보안은 상당히 허술하다.
ac41b849ea6253607bd63fccdf073614.bundle,司徒基地討論進攻計畫,Say,スイ･ニン,134,私なら誰にも気づかれることなく、シロキューの目的地を別の場所に変えられる。,"나라면 누구한테도 들키지 않고, 시로큐의 목적지를 다른 곳으로 바꿀 수 있다."
ac41b849ea6253607bd63fccdf073614.bundle,司徒基地討論進攻計畫,Say,スイ･ニン,135,それと、23号が万象のリストから施設のコードネームを見つけてくれた……,"그리고, 23호가 완샹의 리스트에서 시설의 코드네임을 찾아줬다……"
ac41b849ea6253607bd63fccdf073614.bundle,司徒基地討論進攻計畫,Say,スイ･ニン,136,「眠り神」だ。,'수면신'이다.
ac41b849ea6253607bd63fccdf073614.bundle,司徒基地討論進攻計畫,Say,リン･テイ,4,眠り神……？,수면신……?
ac41b849ea6253607bd63fccdf073614.bundle,司徒基地討論進攻計畫,Say,スイ･ニン,137,ああ。ジェイとリュウセイがオペレーションコアから持ち帰った情報と一致している。,그래. 제이랑 류세이가 오퍼레이션 코어에서 가져온 정보랑 일치한다.
ac41b849ea6253607bd63fccdf073614.bundle,司徒基地討論進攻計畫,Say,リン･テイ,5,待って、スイさんはどうやって施設に入るの？,"잠깐만, 스이 씨는 어떻게 시설에 들어가는 거야?"
ac41b849ea6253607bd63fccdf073614.bundle,司徒基地討論進攻計畫,Say,スイ･ニン,138,私と23号は他の潜入ルートを見つけている。だがそのルートは高い機動力を要する。,나랑 23호는 다른 잠입 루트를 찾아뒀다. 하지만 그 루트는 높은 기동력을 요구한다.
ac41b849ea6253607bd63fccdf073614.bundle,司徒基地討論進攻計畫,Say,スイ･ニン,139,私は先にそのルートから施設に潜入し、警備を排除しておく。,"나는 먼저 그 루트로 시설에 잠입해서, 경비를 미리 제거해둔다."
ac41b849ea6253607bd63fccdf073614.bundle,司徒基地討論進攻計畫,Say,スイ･ニン,140,それと撤退の具体的な方法だが……,그리고 철수의 구체적인 방법 말인데……
ac41b849ea6253607bd63fccdf073614.bundle,司徒基地討論進攻計畫,Say,スイ･ニン,141,ホームにシロキューが待機し続けるように23号が設定してくれた。,역에 시로큐가 계속 대기하도록 23호가 설정해줬다.
ac41b849ea6253607bd63fccdf073614.bundle,司徒基地討論進攻計畫,Say,スイ･ニン,142,データが手に入り次第、リュウセイとジェイはすぐにシロキューに戻って撤退を。,"데이터를 손에 넣는 대로, 류세이랑 제이는 바로 시로큐로 돌아가서 철수한다."
ac41b849ea6253607bd63fccdf073614.bundle,司徒基地討論進攻計畫,Say,スイ･ニン,143,私は君たちが撤退するまで敵の注意を惹きつけ、機を伺って自力で離脱する。,"나는 너희가 철수할 때까지 적의 주의를 끌고, 기회를 봐서 자력으로 이탈한다."
ac41b849ea6253607bd63fccdf073614.bundle,司徒基地討論進攻計畫,Say,スイ･ニン,144,作戦の説明は以上だ。,작전 설명은 여기까지다.
ac41b849ea6253607bd63fccdf073614.bundle,司徒基地討論進攻計畫,Say,スイ･ニン,145,皆、迅速な行動を心がけるように。,"다들, 신속하게 움직이도록."
ac41b849ea6253607bd63fccdf073614.bundle,司徒基地討論進攻計畫,Say,リュウセイ･チョウ,56,了解っす。,알겠어요.
ac41b849ea6253607bd63fccdf073614.bundle,司徒基地討論進攻計畫,Say,スイ･ニン,146,おそらく、この「眠り神」こそが万象が真に隠そうとしている秘密だ。,"아마, 이 '수면신'이야말로 완샹이 진정으로 숨기려는 비밀일 거다."
ac41b849ea6253607bd63fccdf073614.bundle,司徒基地討論進攻計畫,Say,スイ･ニン,147,万象は何か秘密を抱えているはずだ。,완샹은 뭔가 비밀을 안고 있을 거다.
ac41b849ea6253607bd63fccdf073614.bundle,司徒基地討論進攻計畫,Say,スイ･ニン,148,祖母が何をしようと、それは変わらない。,"할머니가 뭘 하든, 그건 변하지 않는다."
ac41b849ea6253607bd63fccdf073614.bundle,司徒基地討論進攻計畫,Say,スイ･ニン,149,今日こそすべてを暴き、決着を着ける時だ。,"오늘이야말로 전부 폭로하고, 결판을 낼 때다."
ac41b849ea6253607bd63fccdf073614.bundle,司徒基地討論進攻計畫,Say,リン･テイ,6,……似たような台詞を何度も聞いてきたけどね。,……비슷한 대사를 몇 번이나 들어왔지만.
ac41b849ea6253607bd63fccdf073614.bundle,司徒基地討論進攻計畫,Say,リン･テイ,7,「今日こそすべてを終わらす」ね……,'오늘이야말로 전부 끝낸다'라……
ac41b849ea6253607bd63fccdf073614.bundle,司徒基地討論進攻計畫,Say,スイ･ニン,150,……,……
ac41b849ea6253607bd63fccdf073614.bundle,司徒基地討論進攻計畫,Say,スイ･ニン,151,リュウセイ、ジェイ、ハックユニットを受け取れ。,"류세이, 제이, 해킹 유닛을 받아라."
ac41b849ea6253607bd63fccdf073614.bundle,司徒基地討論進攻計畫,Say,スイ･ニン,152,それとリュウセイ、とある場所に行って装備を取ってきてほしい。,"그리고 류세이, 어떤 장소에 가서 장비를 가져와줬으면 한다."
ac41b849ea6253607bd63fccdf073614.bundle,司徒基地討論進攻計畫,Say,リュウセイ･チョウ,57,装備？,장비요?
ac41b849ea6253607bd63fccdf073614.bundle,司徒基地討論進攻計畫,Say,スイ･ニン,153,ああ、チョーさんのところだ。本来は23号の仕事だったが……,"그래, 챠오 씨네다. 원래는 23호의 일이었지만……"
ac41b849ea6253607bd63fccdf073614.bundle,司徒基地討論進攻計畫,Say,スイ･ニン,154,……,……
ac41b849ea6253607bd63fccdf073614.bundle,司徒基地討論進攻計畫,Say,スイ･ニン,155,後で座標を二つ送る。一つは装備の受取場所。もう一つは装置の届け先だ。,"나중에 좌표를 두 개 보내겠다. 하나는 장비 수령 장소, 다른 하나는 장치를 전달할 곳이다."
ac41b849ea6253607bd63fccdf073614.bundle,司徒基地討論進攻計畫,Say,リュウセイ･チョウ,58,わかったっす。,알겠어요.
ac41b849ea6253607bd63fccdf073614.bundle,司徒基地討論進攻計畫,Branch,#Simple,22,なぜリュウセイに取りに行かせる？,왜 류세이한테 받아오게 하는 거지?
ac41b849ea6253607bd63fccdf073614.bundle,司徒基地討論進攻計畫,Say,スイ･ニン,156,かなりの重量があるため、リュウセイのバイクで運ぶのが得策だ。,"상당한 무게가 있어서, 류세이의 바이크로 옮기는 게 최선이다."
ac41b849ea6253607bd63fccdf073614.bundle,司徒基地討論進攻計畫,Say,スイ･ニン,157,運んでもらうのは切断装置だ。私はそれを使って眠り神に潜入する。,옮겨줄 건 절단 장치다. 나는 그걸로 수면신에 잠입한다.
ac41b849ea6253607bd63fccdf073614.bundle,司徒基地討論進攻計畫,Say,スイ･ニン,158,だから前もって運んでおいてほしい。,그러니까 미리 옮겨뒀으면 한다.
ac41b849ea6253607bd63fccdf073614.bundle,司徒基地討論進攻計畫,Branch,#Simple,23,届け先？,전달할 곳?
ac41b849ea6253607bd63fccdf073614.bundle,司徒基地討論進攻計畫,Say,スイ･ニン,159,装置を受け取ったら、とある場所へ届けてもらう。,"장치를 받으면, 어떤 곳으로 전달해줬으면 한다."
ac41b849ea6253607bd63fccdf073614.bundle,司徒基地討論進攻計畫,Say,スイ･ニン,160,運んでもらうのは切断装置だ。私はそれを使って眠り神に潜入する。,옮겨줄 건 절단 장치다. 나는 그걸로 수면신에 잠입한다.
ac41b849ea6253607bd63fccdf073614.bundle,司徒基地討論進攻計畫,Say,スイ･ニン,161,だから前もって運んでおいてほしい。,그러니까 미리 옮겨뒀으면 한다.
ac41b849ea6253607bd63fccdf073614.bundle,司徒基地討論進攻計畫,Branch,#Simple,24,……,……
ac41b849ea6253607bd63fccdf073614.bundle,司徒基地討論進攻計畫,Say,スイ･ニン,162,頼んだよ。,부탁한다.
ac41b849ea6253607bd63fccdf073614.bundle,捷運站跟隆生會合,Say,リュウセイ･チョウ,0,よっ、ジェイの兄貴。,"어, 제이 형."
ac41b849ea6253607bd63fccdf073614.bundle,捷運站跟隆生會合,Branch,#Simple,0,よっ。,어이.
ac41b849ea6253607bd63fccdf073614.bundle,捷運站跟隆生會合,Branch,#Simple,1,早かったな。,일찍 왔네.
ac41b849ea6253607bd63fccdf073614.bundle,捷運站跟隆生會合,Say,リュウセイ･チョウ,1,まあまあっすかね。,뭐 그럭저럭이요.
ac41b849ea6253607bd63fccdf073614.bundle,捷運站跟隆生會合,Branch,#Simple,2,……,……
ac41b849ea6253607bd63fccdf073614.bundle,捷運站跟隆生會合,Say,リュウセイ･チョウ,2,……,……
ac41b849ea6253607bd63fccdf073614.bundle,捷運站跟隆生會合,Say,リュウセイ･チョウ,3,緊張するっすか？,긴장돼요?
ac41b849ea6253607bd63fccdf073614.bundle,捷運站跟隆生會合,Branch,#Simple,3,いや。,아니.
ac41b849ea6253607bd63fccdf073614.bundle,捷運站跟隆生會合,Say,リュウセイ･チョウ,4,マジっすか？,진짜요?
ac41b849ea6253607bd63fccdf073614.bundle,捷運站跟隆生會合,Say,リュウセイ･チョウ,5,僕は結構ビビってるっす……,저는 꽤 쫄고 있어요……
ac41b849ea6253607bd63fccdf073614.bundle,捷運站跟隆生會合,Branch,#Simple,4,少しはな。,조금은.
ac41b849ea6253607bd63fccdf073614.bundle,捷運站跟隆生會合,Say,リュウセイ･チョウ,6,ハハ、僕もっす……,"하하, 저도요……"
ac41b849ea6253607bd63fccdf073614.bundle,捷運站跟隆生會合,Branch,#Simple,5,なぜ緊張しているんだ？,왜 긴장하는 건데?
ac41b849ea6253607bd63fccdf073614.bundle,捷運站跟隆生會合,Say,リュウセイ･チョウ,7,だって、これから厳重に守られた秘密施設に潜入するんすよ！？,"왜냐면, 이제부터 삼엄하게 지켜지는 비밀 시설에 잠입하는 거잖아요!?"
ac41b849ea6253607bd63fccdf073614.bundle,捷運站跟隆生會合,Say,リュウセイ･チョウ,8,……,……
ac41b849ea6253607bd63fccdf073614.bundle,捷運站跟隆生會合,Say,リュウセイ･チョウ,9,実はジェイの兄貴にお礼を言いたかったっす。,실은 제이 형한테 감사 인사를 하고 싶었어요.
ac41b849ea6253607bd63fccdf073614.bundle,捷運站跟隆生會合,Say,リュウセイ･チョウ,10,兄貴がいなかったら、僕はきっとまだ迷っていたと思うっす。,"형이 없었으면, 저는 분명 아직도 갈팡질팡하고 있었을 거예요."
ac41b849ea6253607bd63fccdf073614.bundle,捷運站跟隆生會合,Branch,#Simple,6,昨日の話のことか？,어제 얘기 말이야?
ac41b849ea6253607bd63fccdf073614.bundle,捷運站跟隆生會合,Say,リュウセイ･チョウ,11,はい。,네.
ac41b849ea6253607bd63fccdf073614.bundle,捷運站跟隆生會合,Branch,#Simple,7,礼は必要ない。そのことに気づいたあんた自身を誇るべきだ。,인사는 필요 없어. 그걸 깨달은 너 자신을 자랑스러워해야지.
ac41b849ea6253607bd63fccdf073614.bundle,捷運站跟隆生會合,Say,リュウセイ･チョウ,12,でもジェイの兄貴の言葉がなかったら、僕はきっと理解できてなかったっす。,"근데 제이 형의 말이 없었으면, 저는 분명 이해 못 했을 거예요."
ac41b849ea6253607bd63fccdf073614.bundle,捷運站跟隆生會合,Branch,#Simple,8,……,……
ac41b849ea6253607bd63fccdf073614.bundle,捷運站跟隆生會合,Say,リュウセイ･チョウ,13,それに兄貴はスイ姉を説得してくれたっす……,게다가 형이 스이 누나를 설득해줬잖아요……
ac41b849ea6253607bd63fccdf073614.bundle,捷運站跟隆生會合,Say,リュウセイ･チョウ,14,僕にとってはすごくそれが有り難かったっす。,저한테는 그게 정말 고마웠어요.
ac41b849ea6253607bd63fccdf073614.bundle,捷運站跟隆生會合,Say,リュウセイ･チョウ,15,今までのスイ姉なら、絶対に僕に教えてくれなかったっすから。,"지금까지의 스이 누나였다면, 절대 저한테 알려주지 않았을 테니까요."
ac41b849ea6253607bd63fccdf073614.bundle,捷運站跟隆生會合,Say,リュウセイ･チョウ,16,スイ姉が僕に教えてくれたってことは、本当に僕を信じてくれたことっすよね。,"스이 누나가 저한테 알려줬다는 건, 진짜로 저를 믿어줬다는 거잖아요."
ac41b849ea6253607bd63fccdf073614.bundle,捷運站跟隆生會合,Say,リュウセイ･チョウ,17,とは言っても、兄貴の説得が大きな要因ではあるっすけどね！ハハ……,"그렇다고는 해도, 형이 설득한 게 큰 요인이긴 하지만요! 하하……"
ac41b849ea6253607bd63fccdf073614.bundle,捷運站跟隆生會合,Branch,#Simple,9,ただ誰かが彼女の背中を押す必要があっただけだ。,그냥 누군가 그 여자 등을 밀어줄 필요가 있었을 뿐이야.
ac41b849ea6253607bd63fccdf073614.bundle,捷運站跟隆生會合,Branch,#Simple,10,スイ･ニンはあんたを信用してるからあんたに本当のことを言ったんだ。,스이 닌은 너를 신용하니까 너한테 진실을 말한 거야.
ac41b849ea6253607bd63fccdf073614.bundle,捷運站跟隆生會合,Say,リュウセイ･チョウ,18,はい、わかってるっす。,"네, 알고 있어요."
ac41b849ea6253607bd63fccdf073614.bundle,捷運站跟隆生會合,Branch,#Simple,11,……,……
ac41b849ea6253607bd63fccdf073614.bundle,捷運站跟隆生會合,Say,リュウセイ･チョウ,19,……,……
ac41b849ea6253607bd63fccdf073614.bundle,捷運站跟隆生會合,Say,リュウセイ･チョウ,20,実のところ昨晩はずっと考え事をしてて、一睡もできなかったっす……,"사실 어젯밤엔 계속 생각에 잠겨서, 한숨도 못 잤어요……"
ac41b849ea6253607bd63fccdf073614.bundle,捷運站跟隆生會合,Say,リュウセイ･チョウ,21,……,……
ac41b849ea6253607bd63fccdf073614.bundle,捷運站跟隆生會合,Say,リュウセイ･チョウ,22,でもどうしてか、今はすごく目が冴える感じっす！,"근데 왠지, 지금은 엄청 정신이 또렷한 느낌이에요!"
ac41b849ea6253607bd63fccdf073614.bundle,捷運站跟隆生會合,Say,リュウセイ･チョウ,23,万象や演算力産業に対する恨みがなくなったわけじゃないっすけど……,완샹이나 연산력 산업에 대한 원한이 사라진 건 아니지만……
ac41b849ea6253607bd63fccdf073614.bundle,捷運站跟隆生會合,Say,リュウセイ･チョウ,24,でも、自分にとって本当に重要なものが何かを理解できた気がするっす。,"근데, 저한테 진짜로 중요한 게 뭔지 이해한 것 같아요."
ac41b849ea6253607bd63fccdf073614.bundle,捷運站跟隆生會合,Say,リュウセイ･チョウ,25,この世界を救うためには、もっとフラットな目線で物事を見る必要があるっす。,"이 세상을 구하려면, 더 공평한 시선으로 사물을 볼 필요가 있어요."
ac41b849ea6253607bd63fccdf073614.bundle,捷運站跟隆生會合,Say,リュウセイ･チョウ,26,多くの人を助けるためには、もっと先のことを考えないと……,"많은 사람을 돕기 위해서는, 더 앞을 내다봐야 해요……"
ac41b849ea6253607bd63fccdf073614.bundle,捷運站跟隆生會合,Say,リュウセイ･チョウ,27,スイ姉みたいっすか？,스이 누나 같은 거예요?
ac41b849ea6253607bd63fccdf073614.bundle,捷運站跟隆生會合,Branch,#Simple,12,まあな。,"뭐, 그렇지."
ac41b849ea6253607bd63fccdf073614.bundle,捷運站跟隆生會合,Say,リュウセイ･チョウ,28,あ、あれ？あんまり良い反応じゃないっすね……,"어, 어라? 그다지 좋은 반응은 아니네요……"
ac41b849ea6253607bd63fccdf073614.bundle,捷運站跟隆生會合,Say,リュウセイ･チョウ,29,でも今の僕は冷静だから、別に気にしないっす！ハハ！,"근데 지금 저는 냉정하니까, 딱히 신경 안 써요! 하하!"
ac41b849ea6253607bd63fccdf073614.bundle,捷運站跟隆生會合,Branch,#Simple,13,ああ。,그래.
ac41b849ea6253607bd63fccdf073614.bundle,捷運站跟隆生會合,Branch,#Simple,14,あんたはスイ･ニンよりずっと立派だと思う。,너는 스이 닌보다 훨씬 훌륭하다고 생각해.
ac41b849ea6253607bd63fccdf073614.bundle,捷運站跟隆生會合,Say,リュウセイ･チョウ,30,そ、そこまでじゃないっすよ……ハハハ……,"그, 그 정도까진 아니에요……하하하……"
ac41b849ea6253607bd63fccdf073614.bundle,捷運站跟隆生會合,Branch,#Simple,15,リュウセイはよく頑張っている。,류세이는 잘하고 있어.
ac41b849ea6253607bd63fccdf073614.bundle,捷運站跟隆生會合,Say,リュウセイ･チョウ,31,……はい！,……네!
ac41b849ea6253607bd63fccdf073614.bundle,捷運站跟隆生會合,Say,心の声,0,目から強い意志を感じる……,눈에서 강한 의지가 느껴진다……
ac41b849ea6253607bd63fccdf073614.bundle,捷運站跟隆生會合,Say,心の声,1,よかった。,다행이다.
ac41b849ea6253607bd63fccdf073614.bundle,捷運站跟隆生會合,Say,リュウセイ･チョウ,32,……,……
ac41b849ea6253607bd63fccdf073614.bundle,捷運站跟隆生會合,Say,リュウセイ･チョウ,33,実はジェイの兄貴にお礼を言いたかったっす。,실은 제이 형한테 감사 인사를 하고 싶었어요.
ac41b849ea6253607bd63fccdf073614.bundle,捷運站跟隆生會合,Say,リュウセイ･チョウ,34,兄貴がいなかったら、きっとスイ姉は23姉のことを僕に黙っていたと思うっす……,"형이 없었으면, 분명 스이 누나는 23 누나 얘기를 저한테 숨겼을 거예요……"
ac41b849ea6253607bd63fccdf073614.bundle,捷運站跟隆生會合,Branch,#Simple,16,ただ誰かが彼女の背中を押す必要があっただけだ。,그냥 누군가 그 여자 등을 밀어줄 필요가 있었을 뿐이야.
ac41b849ea6253607bd63fccdf073614.bundle,捷運站跟隆生會合,Branch,#Simple,17,スイ･ニンはあんたを信用してるからあんたに本当のことを言ったんだ。,스이 닌은 너를 신용하니까 너한테 진실을 말한 거야.
ac41b849ea6253607bd63fccdf073614.bundle,捷運站跟隆生會合,Say,リュウセイ･チョウ,35,はい。,네.
ac41b849ea6253607bd63fccdf073614.bundle,捷運站跟隆生會合,Branch,#Simple,18,……,……
ac41b849ea6253607bd63fccdf073614.bundle,捷運站跟隆生會合,Say,リュウセイ･チョウ,36,僕にとって、スイ姉からの信頼はとても重要っす。,"저한테는, 스이 누나한테서 받는 신뢰가 아주 중요해요."
ac41b849ea6253607bd63fccdf073614.bundle,捷運站跟隆生會合,Say,リュウセイ･チョウ,37,……,……
ac41b849ea6253607bd63fccdf073614.bundle,捷運站跟隆生會合,Say,リュウセイ･チョウ,38,ジェイの兄貴……,제이 형……
ac41b849ea6253607bd63fccdf073614.bundle,捷運站跟隆生會合,Say,リュウセイ･チョウ,39,僕は……,나는……
ac41b849ea6253607bd63fccdf073614.bundle,捷運站跟隆生會合,Say,リュウセイ･チョウ,40,スイ姉に内緒でスキャンダルを公にするのはやめるっす……！,스이 누나 몰래 스캔들을 공개하는 건 그만둘게요……!
ac41b849ea6253607bd63fccdf073614.bundle,捷運站跟隆生會合,Branch,#Simple,19,どうしてだ？,왜?
ac41b849ea6253607bd63fccdf073614.bundle,捷運站跟隆生會合,Branch,#Simple,20,そうか。,그런가.
ac41b849ea6253607bd63fccdf073614.bundle,捷運站跟隆生會合,Say,リュウセイ･チョウ,41,ハハ、すんなりと受け入れるっすね……,"하하, 순순히 받아들이시네요……"
ac41b849ea6253607bd63fccdf073614.bundle,捷運站跟隆生會合,Branch,#Simple,21,……,……
ac41b849ea6253607bd63fccdf073614.bundle,捷運站跟隆生會合,Say,リュウセイ･チョウ,42,僕は……,나는……
ac41b849ea6253607bd63fccdf073614.bundle,捷運站跟隆生會合,Say,リュウセイ･チョウ,43,僕は、彼女からの信頼を裏切りたくないっす。,"저는, 그 사람한테서 받은 신뢰를 배신하고 싶지 않아요."
ac41b849ea6253607bd63fccdf073614.bundle,捷運站跟隆生會合,Say,リュウセイ･チョウ,44,スイ姉のやり方に賛成しているわけではないっすけど……,스이 누나 방식에 찬성하는 건 아니지만……
ac41b849ea6253607bd63fccdf073614.bundle,捷運站跟隆生會合,Say,リュウセイ･チョウ,45,彼女が僕を信用することを選んでくれたなら……,그 사람이 저를 믿기로 선택해줬다면……
ac41b849ea6253607bd63fccdf073614.bundle,捷運站跟隆生會合,Say,リュウセイ･チョウ,46,僕も彼女を出し抜くようなことはせず……,저도 그 사람을 뒤통수치는 짓은 안 하고……
ac41b849ea6253607bd63fccdf073614.bundle,捷運站跟隆生會合,Say,リュウセイ･チョウ,47,彼女に相談してから行動すべきだと思うっす。,그 사람한테 상의하고 나서 행동해야 한다고 생각해요.
ac41b849ea6253607bd63fccdf073614.bundle,捷運站跟隆生會合,Branch,#Simple,22,あんたの決断は正しい。,네 결단은 옳아.
ac41b849ea6253607bd63fccdf073614.bundle,捷運站跟隆生會合,Say,リュウセイ･チョウ,48,……はい。,……네.
ac41b849ea6253607bd63fccdf073614.bundle,捷運站跟隆生會合,Say,リュウセイ･チョウ,49,よ、よかったっす！,"다, 다행이에요!"
ac41b849ea6253607bd63fccdf073614.bundle,捷運站跟隆生會合,Branch,#Simple,23,彼女からの信用も意見もあんたには関係のないことだ。,그 여자한테서 받는 신용이든 의견이든 너랑은 상관없는 일이야.
ac41b849ea6253607bd63fccdf073614.bundle,捷運站跟隆生會合,Say,リュウセイ･チョウ,50,……そうっすか？,……그런가요?
ac41b849ea6253607bd63fccdf073614.bundle,捷運站跟隆生會合,Branch,#Simple,24,俺はあんたの計画をスイ･ニンにすでに話している。,나는 네 계획을 스이 닌한테 이미 말했어.
ac41b849ea6253607bd63fccdf073614.bundle,捷運站跟隆生會合,Say,リュウセイ･チョウ,51,……！？,……!?
ac41b849ea6253607bd63fccdf073614.bundle,捷運站跟隆生會合,Say,リュウセイ･チョウ,52,そ、そうっすか……,"그, 그런가요……"
ac41b849ea6253607bd63fccdf073614.bundle,捷運站跟隆生會合,Say,リュウセイ･チョウ,53,……なら仕方ないっすね。,……그럼 어쩔 수 없네요.
ac41b849ea6253607bd63fccdf073614.bundle,捷運站跟隆生會合,Say,リュウセイ･チョウ,54,やっぱり兄貴の方が僕より物わかりがいいっすね。,역시 형 쪽이 저보다 사리 분별이 좋네요.
ac41b849ea6253607bd63fccdf073614.bundle,捷運站跟隆生會合,Say,リュウセイ･チョウ,55,えっと……,"그, 그게……"
ac41b849ea6253607bd63fccdf073614.bundle,捷運站跟隆生會合,Say,リュウセイ･チョウ,56,ジェイの兄貴はまだスイ姉の作戦に反対しているみたいっすけど……,제이 형은 아직 스이 누나 작전에 반대하는 것 같은데……
ac41b849ea6253607bd63fccdf073614.bundle,捷運站跟隆生會合,Say,リュウセイ･チョウ,57,すみません。僕はやっぱりスイ姉に内緒で公にするのはやめるっす。,죄송해요. 저는 역시 스이 누나 몰래 공개하는 건 그만둘게요.
ac41b849ea6253607bd63fccdf073614.bundle,捷運站跟隆生會合,Say,リュウセイ･チョウ,58,……兄貴はどうするっすか？,……형은 어떻게 할 거예요?
ac41b849ea6253607bd63fccdf073614.bundle,捷運站跟隆生會合,Branch,#Simple,25,どうするも何も、俺もスイ･ニンの作戦に従うしかない。,"어떻게 하고 자시고, 나도 스이 닌의 작전에 따를 수밖에 없어."
ac41b849ea6253607bd63fccdf073614.bundle,捷運站跟隆生會合,Say,リュウセイ･チョウ,59,そ、そうっすよね。,"그, 그렇겠죠."
ac41b849ea6253607bd63fccdf073614.bundle,捷運站跟隆生會合,Say,心の声,2,リュウセイはほっとしているようだ……,류세이는 안심하고 있는 것 같다……
ac41b849ea6253607bd63fccdf073614.bundle,捷運站跟隆生會合,Branch,#Simple,26,俺だけじゃ、続けようにも続けられないだろう？,"나 혼자서는, 계속하려 해도 계속할 수가 없잖아?"
ac41b849ea6253607bd63fccdf073614.bundle,捷運站跟隆生會合,Say,リュウセイ･チョウ,60,……,……
ac41b849ea6253607bd63fccdf073614.bundle,捷運站跟隆生會合,Say,リュウセイ･チョウ,61,ハックユニットがないからっすか？,해킹 유닛이 없어서요?
ac41b849ea6253607bd63fccdf073614.bundle,捷運站跟隆生會合,Branch,#Simple,27,それをこっそり俺にくれるのか？,그걸 몰래 나한테 주는 거야?
ac41b849ea6253607bd63fccdf073614.bundle,捷運站跟隆生會合,Branch,#Simple,28,そうだ。,그렇다.
ac41b849ea6253607bd63fccdf073614.bundle,捷運站跟隆生會合,Branch,#Simple,29,……,……
ac41b849ea6253607bd63fccdf073614.bundle,捷運站跟隆生會合,Say,リュウセイ･チョウ,62,すみません。僕が持っているハックユニットは渡せないっす。,죄송해요. 제가 가진 해킹 유닛은 못 드려요.
ac41b849ea6253607bd63fccdf073614.bundle,捷運站跟隆生會合,Branch,#Simple,30,別にいいさ。最初からもらえるとは思っていない。,괜찮아. 처음부터 받을 수 있을 거라고는 생각 안 했어.
ac41b849ea6253607bd63fccdf073614.bundle,捷運站跟隆生會合,Branch,#Simple,31,だから、続けようにも続けられないって言ったんだ。,"그래서, 계속하려 해도 계속할 수 없다고 말한 거야."
ac41b849ea6253607bd63fccdf073614.bundle,捷運站跟隆生會合,Say,リュウセイ･チョウ,63,……はい。,……네.
ac41b849ea6253607bd63fccdf073614.bundle,捷運站跟隆生會合,Branch,#Simple,32,……,……
ac41b849ea6253607bd63fccdf073614.bundle,捷運站跟隆生會合,Say,リュウセイ･チョウ,64,この件を僕はスイ姉に言うつもりはないっす。,이 일을 저는 스이 누나한테 말할 생각은 없어요.
ac41b849ea6253607bd63fccdf073614.bundle,捷運站跟隆生會合,Say,リュウセイ･チョウ,65,い、今は今日の作戦に集中しましょう！,"지, 지금은 오늘 작전에 집중하죠!"
ac41b849ea6253607bd63fccdf073614.bundle,捷運站跟隆生會合,Say,リュウセイ･チョウ,66,ジェイの兄貴、これを。,"제이 형, 이거요."
ac41b849ea6253607bd63fccdf073614.bundle,捷運站跟隆生會合,Say,リュウセイ･チョウ,67,例のものっす。,그거예요.
ac41b849ea6253607bd63fccdf073614.bundle,捷運站跟隆生會合,Say,リュウセイ･チョウ,68,メインラボに入った後は僕の援護をお願いするっす。,메인 랩에 들어간 후에는 제 엄호를 부탁해요.
ac41b849ea6253607bd63fccdf073614.bundle,捷運站跟隆生會合,Say,リュウセイ･チョウ,69,スイ姉に秘密裏にデータを盗み出せれば、万象のスキャンダルを公にできるっす……,"스이 누나 몰래 데이터를 빼낼 수 있으면, 완샹의 스캔들을 공개할 수 있어요……"
ac41b849ea6253607bd63fccdf073614.bundle,捷運站跟隆生會合,Say,心の声,3,……この件をすでにスイ･ニンに伝えたことを言うべきだろうか？,……이 일을 이미 스이 닌한테 전했다는 걸 말해야 하나?
ac41b849ea6253607bd63fccdf073614.bundle,捷運站跟隆生會合,Branch,#Simple,33,リュウセイ、実はあんたの計画をスイ･ニンに伝えたんだ。,"류세이, 실은 네 계획을 스이 닌한테 전했어."
ac41b849ea6253607bd63fccdf073614.bundle,捷運站跟隆生會合,Say,リュウセイ･チョウ,70,……！？,……!?
ac41b849ea6253607bd63fccdf073614.bundle,捷運站跟隆生會合,Say,リュウセイ･チョウ,71,どういうことっすか！？僕の仲間になるって言ってくれたっすよね！？,그게 무슨 소리예요!? 제 편이 되어준다고 했잖아요!?
ac41b849ea6253607bd63fccdf073614.bundle,捷運站跟隆生會合,Say,リュウセイ･チョウ,72,どうしてそんなことを……！,왜 그런 짓을……!
ac41b849ea6253607bd63fccdf073614.bundle,捷運站跟隆生會合,Branch,#Simple,34,勝手なことをすれば、リンを危険に巻き込むからだ。,"제멋대로 행동하면, 린을 위험에 빠뜨리니까."
ac41b849ea6253607bd63fccdf073614.bundle,捷運站跟隆生會合,Branch,#Simple,35,後であんたはきっと後悔すると思ったんだ。,나중에 너는 분명 후회할 거라고 생각했어.
ac41b849ea6253607bd63fccdf073614.bundle,捷運站跟隆生會合,Branch,#Simple,36,そんなことをすれば、状況がさらに混乱するからだ。,"그런 짓을 하면, 상황이 더 혼란스러워지니까."
ac41b849ea6253607bd63fccdf073614.bundle,捷運站跟隆生會合,Say,リュウセイ･チョウ,73,……,……
ac41b849ea6253607bd63fccdf073614.bundle,捷運站跟隆生會合,Say,心の声,4,俺の言葉に納得していないようだ。,내 말에 납득 못 한 것 같다.
ac41b849ea6253607bd63fccdf073614.bundle,捷運站跟隆生會合,Say,リュウセイ･チョウ,74,もういいっす。スイ姉にバレたならこの計画は諦めるっす。,이제 됐어요. 스이 누나한테 들켰다면 이 계획은 포기할게요.
ac41b849ea6253607bd63fccdf073614.bundle,捷運站跟隆生會合,Branch,#Simple,37,意外とすんなり諦めたな。,의외로 순순히 포기하네.
ac41b849ea6253607bd63fccdf073614.bundle,捷運站跟隆生會合,Say,リュウセイ･チョウ,75,他にどうしようもないっすからね。,다른 방법이 없으니까요.
ac41b849ea6253607bd63fccdf073614.bundle,捷運站跟隆生會合,Branch,#Simple,38,その方があんたのためにもなる。,그편이 너를 위해서도 나아.
ac41b849ea6253607bd63fccdf073614.bundle,捷運站跟隆生會合,Say,リュウセイ･チョウ,76,……そういうのもういいっす。,……그런 소리는 이제 됐어요.
ac41b849ea6253607bd63fccdf073614.bundle,捷運站跟隆生會合,Branch,#Simple,39,……,……
ac41b849ea6253607bd63fccdf073614.bundle,捷運站跟隆生會合,Say,リュウセイ･チョウ,77,やっぱ言わなきゃよかった……,역시 말 안 하는 게 나았을 텐데……
ac41b849ea6253607bd63fccdf073614.bundle,捷運站跟隆生會合,Say,リュウセイ･チョウ,78,誰も信じるべきじゃなかったんだ……,아무도 믿지 말았어야 했어……
ac41b849ea6253607bd63fccdf073614.bundle,捷運站跟隆生會合,Branch,#Simple,40,リュウセイ、俺は正しいことをしたと思ってる。,"류세이, 나는 옳은 일을 했다고 생각해."
ac41b849ea6253607bd63fccdf073614.bundle,捷運站跟隆生會合,Say,リュウセイ･チョウ,79,そりゃそうでしょうね。,그야 그렇겠죠.
ac41b849ea6253607bd63fccdf073614.bundle,捷運站跟隆生會合,Say,心の声,5,……,……
ac41b849ea6253607bd63fccdf073614.bundle,捷運站跟隆生會合,Branch,#Simple,41,だろう？,그렇지?
ac41b849ea6253607bd63fccdf073614.bundle,捷運站跟隆生會合,Say,心の声,6,リュウセイがこちらを睨みつけた……,류세이가 이쪽을 노려봤다……
ac41b849ea6253607bd63fccdf073614.bundle,捷運站跟隆生會合,Branch,#Simple,42,……,……
ac41b849ea6253607bd63fccdf073614.bundle,捷運站跟隆生會合,Say,リュウセイ･チョウ,80,はぁ……,하아……
ac41b849ea6253607bd63fccdf073614.bundle,捷運站跟隆生會合,Say,リュウセイ･チョウ,81,とりあえず、この件はここまでっす。今は作戦に専念するっす。,"일단, 이 얘기는 여기까지예요. 지금은 작전에 집중할게요."
ac41b849ea6253607bd63fccdf073614.bundle,捷運站跟隆生會合,Branch,#Simple,43,……,……
ac41b849ea6253607bd63fccdf073614.bundle,捷運站跟隆生會合,Say,心の声,7,……,……
ac41b849ea6253607bd63fccdf073614.bundle,捷運站跟隆生會合,Say,心の声,8,リュウセイはこのまま計画を続行するつもりなのか……,류세이는 이대로 계획을 계속 진행할 생각인가……
ac41b849ea6253607bd63fccdf073614.bundle,捷運站跟隆生會合,Say,心の声,9,スイ･ニンにはすべて伝えたし、後は彼女に任せよう……,"스이 닌한테는 전부 전했으니, 나머지는 그 여자한테 맡기자……"
ac41b849ea6253607bd63fccdf073614.bundle,捷運站跟隆生會合,Say,心の声,10,……,……
ac41b849ea6253607bd63fccdf073614.bundle,捷運站跟隆生會合,Say,心の声,11,……それともスイ･ニンに伝えたことを言うべきか？,……아니면 스이 닌한테 전했다는 걸 말해야 하나?
ac41b849ea6253607bd63fccdf073614.bundle,捷運站跟隆生會合,Branch,#Simple,44,リュウセイ、実はあんたの計画をスイ･ニンに伝えたんだ。,"류세이, 실은 네 계획을 스이 닌한테 전했어."
ac41b849ea6253607bd63fccdf073614.bundle,捷運站跟隆生會合,Say,リュウセイ･チョウ,82,昨日、スイ姉に話すって言ってたっすもんね。,"어제, 스이 누나한테 말한다고 그랬었죠."
ac41b849ea6253607bd63fccdf073614.bundle,捷運站跟隆生會合,Say,リュウセイ･チョウ,83,……,……
ac41b849ea6253607bd63fccdf073614.bundle,捷運站跟隆生會合,Branch,#Simple,45,諦める気になったか？,포기할 마음이 든 거야?
ac41b849ea6253607bd63fccdf073614.bundle,捷運站跟隆生會合,Say,リュウセイ･チョウ,84,そうっすね。もう諦めるっすよ。,그렇네요. 이제 포기할게요.
ac41b849ea6253607bd63fccdf073614.bundle,捷運站跟隆生會合,Branch,#Simple,46,これからどうするんだ？,이제 어떻게 할 거야?
ac41b849ea6253607bd63fccdf073614.bundle,捷運站跟隆生會合,Say,リュウセイ･チョウ,85,スイ姉に告げ口される可能性があるのに、まだ僕が計画を話すとでも？,"스이 누나한테 고자질당할 가능성이 있는데, 그래도 제가 계획을 말할 거라고 생각해요?"
ac41b849ea6253607bd63fccdf073614.bundle,捷運站跟隆生會合,Say,リュウセイ･チョウ,86,……,……
ac41b849ea6253607bd63fccdf073614.bundle,捷運站跟隆生會合,Say,リュウセイ･チョウ,87,とにかく今回は諦めるしかないっす。,아무튼 이번엔 포기할 수밖에 없어요.
ac41b849ea6253607bd63fccdf073614.bundle,捷運站跟隆生會合,Branch,#Simple,47,……,……
ac41b849ea6253607bd63fccdf073614.bundle,捷運站跟隆生會合,Say,リュウセイ･チョウ,88,スイ姉に見張られている状態じゃ、何もできないっすから。,"스이 누나한테 감시당하는 상태로는, 아무것도 못 하니까요."
ac41b849ea6253607bd63fccdf073614.bundle,捷運站跟隆生會合,Say,リュウセイ･チョウ,89,……,……
ac41b849ea6253607bd63fccdf073614.bundle,捷運站跟隆生會合,Branch,#Simple,48,怒っているのか？,화났어?
ac41b849ea6253607bd63fccdf073614.bundle,捷運站跟隆生會合,Say,リュウセイ･チョウ,90,怒ってはいるっすね。,화가 나긴 했죠.
ac41b849ea6253607bd63fccdf073614.bundle,捷運站跟隆生會合,Say,リュウセイ･チョウ,91,でもジェイの兄貴に対してかはわからないけど……,근데 그게 제이 형한테인지는 모르겠지만……
ac41b849ea6253607bd63fccdf073614.bundle,捷運站跟隆生會合,Branch,#Simple,49,リュウセイ、これは正しいことなんだ。,"류세이, 이건 옳은 일이야."
ac41b849ea6253607bd63fccdf073614.bundle,捷運站跟隆生會合,Say,リュウセイ･チョウ,92,そんなことわかってるっすよ。もう耳にたこができるほど聞いたっす……,그런 거 알고 있다고요. 이제 귀에 딱지가 앉을 만큼 들었어요……
ac41b849ea6253607bd63fccdf073614.bundle,捷運站跟隆生會合,Branch,#Simple,50,……,……
ac41b849ea6253607bd63fccdf073614.bundle,捷運站跟隆生會合,Say,リュウセイ･チョウ,93,はぁ……,하아……
ac41b849ea6253607bd63fccdf073614.bundle,捷運站跟隆生會合,Say,リュウセイ･チョウ,94,とりあえず、この件はここまでっす。今は作戦に専念するっす。,"일단, 이 얘기는 여기까지예요. 지금은 작전에 집중할게요."
ac41b849ea6253607bd63fccdf073614.bundle,捷運站跟隆生會合,Branch,#Simple,51,……,……
ac41b849ea6253607bd63fccdf073614.bundle,捷運站跟隆生會合,Say,リュウセイ･チョウ,95,……,……
ac41b849ea6253607bd63fccdf073614.bundle,捷運站跟隆生會合,Say,リュウセイ･チョウ,96,実はジェイの兄貴にお礼を言いたかったっす。,실은 제이 형한테 감사 인사를 하고 싶었어요.
ac41b849ea6253607bd63fccdf073614.bundle,捷運站跟隆生會合,Say,リュウセイ･チョウ,97,兄貴がいなかったら、僕はきっとまだ迷っていたと思うっす。,"형이 없었으면, 저는 분명 아직도 갈팡질팡하고 있었을 거예요."
ac41b849ea6253607bd63fccdf073614.bundle,捷運站跟隆生會合,Branch,#Simple,52,昨日の話のことか？,어제 얘기 말이야?
ac41b849ea6253607bd63fccdf073614.bundle,捷運站跟隆生會合,Say,リュウセイ･チョウ,98,はい。,네.
ac41b849ea6253607bd63fccdf073614.bundle,捷運站跟隆生會合,Branch,#Simple,53,礼は必要ない。そのことに気づいたあんた自身を誇るべきだ。,인사는 필요 없어. 그걸 깨달은 너 자신을 자랑스러워해야지.
ac41b849ea6253607bd63fccdf073614.bundle,捷運站跟隆生會合,Say,リュウセイ･チョウ,99,でもジェイの兄貴の言葉がなかったら、僕はきっと理解できてなかったっす。,"근데 제이 형의 말이 없었으면, 저는 분명 이해 못 했을 거예요."
ac41b849ea6253607bd63fccdf073614.bundle,捷運站跟隆生會合,Branch,#Simple,54,……,……
ac41b849ea6253607bd63fccdf073614.bundle,捷運站跟隆生會合,Say,リュウセイ･チョウ,100,今の僕は何をすべきかちゃんと理解したっす。,지금 저는 뭘 해야 할지 제대로 이해했어요.
ac41b849ea6253607bd63fccdf073614.bundle,捷運站跟隆生會合,Branch,#Simple,55,ならよかった。,그렇다면 다행이군.
ac41b849ea6253607bd63fccdf073614.bundle,捷運站跟隆生會合,Branch,#Simple,56,何をすべきなのか教えてくれないか？,뭘 해야 하는지 알려줄 수 있어?
ac41b849ea6253607bd63fccdf073614.bundle,捷運站跟隆生會合,Say,リュウセイ･チョウ,101,それは今日の作戦が終わったら話すっすよ。,그건 오늘 작전이 끝나면 얘기할게요.
ac41b849ea6253607bd63fccdf073614.bundle,捷運站跟隆生會合,Branch,#Simple,57,……,……
ac41b849ea6253607bd63fccdf073614.bundle,捷運站跟隆生會合,Say,リュウセイ･チョウ,102,今は作戦に専念するっす。,지금은 작전에 집중할게요.
ac41b849ea6253607bd63fccdf073614.bundle,捷運站跟隆生會合,Say,リン･テイ,0,……,……
ac41b849ea6253607bd63fccdf073614.bundle,捷運站跟隆生會合,Say,リン･テイ,1,二人とも聞こえる？,둘 다 들려?
ac41b849ea6253607bd63fccdf073614.bundle,捷運站跟隆生會合,Say,リュウセイ･チョウ,103,はい。,네.
ac41b849ea6253607bd63fccdf073614.bundle,捷運站跟隆生會合,Say,リン･テイ,2,スイさんからの伝言。,스이 씨한테서 전언이야.
ac41b849ea6253607bd63fccdf073614.bundle,捷運站跟隆生會合,Say,リン･テイ,3,シロキューから降りた後はしばらく待機。,시로큐에서 내린 후에는 잠시 대기.
ac41b849ea6253607bd63fccdf073614.bundle,捷運站跟隆生會合,Say,リン･テイ,4,スイさんがすべての警備を倒した後に合図を送るから、その合図に合わせて行動してだって。,"스이 씨가 경비를 전부 쓰러뜨린 후에 신호를 보낼 테니까, 그 신호에 맞춰서 움직이라고 했어."
ac41b849ea6253607bd63fccdf073614.bundle,捷運站跟隆生會合,Say,リュウセイ･チョウ,104,合図ってどんなっすか？,신호가 어떤 건데요?
ac41b849ea6253607bd63fccdf073614.bundle,捷運站跟隆生會合,Say,リン･テイ,5,見ればわかるって言ってたわ。,보면 안다고 했어.
ac41b849ea6253607bd63fccdf073614.bundle,捷運站跟隆生會合,Say,リン･テイ,6,あっ……！,아……!
ac41b849ea6253607bd63fccdf073614.bundle,捷運站跟隆生會合,Say,リン･テイ,7,乗る予定のシロキューが来たみたいよ！,타기로 한 시로큐가 온 것 같아!
ac41b849ea6253607bd63fccdf073614.bundle,捷運站跟隆生會合,Say,リン･テイ,8,他の人が乗ってしまわないように気をつけてね。,다른 사람이 타지 않도록 조심해.
ac41b849ea6253607bd63fccdf073614.bundle,捷運站跟隆生會合,Branch,#Simple,58,どうしてだ？,왜?
ac41b849ea6253607bd63fccdf073614.bundle,捷運站跟隆生會合,Say,リン･テイ,9,このシロキューは万象の秘密施設に行くのよ！,이 시로큐는 완샹의 비밀 시설로 가는 거야!
ac41b849ea6253607bd63fccdf073614.bundle,捷運站跟隆生會合,Say,リン･テイ,10,他の人を乗せてたら大変でしょ！,다른 사람을 태우면 큰일이잖아!
ac41b849ea6253607bd63fccdf073614.bundle,捷運站跟隆生會合,Branch,#Simple,59,わかった。,알겠다.
ac41b849ea6253607bd63fccdf073614.bundle,捷運站跟隆生會合,Branch,#Simple,60,……,……
ac41b849ea6253607bd63fccdf073614.bundle,捷運站跟隆生會合,Say,リン･テイ,11,……,……
ac41b849ea6253607bd63fccdf073614.bundle,捷運站跟隆生會合,Say,リン･テイ,12,それとね、あなたたちが一定の深度に潜ると、私との通信が途切れてしまうの。,"그리고 있잖아, 너희들이 일정 깊이까지 내려가면, 나랑 통신이 끊겨버려."
ac41b849ea6253607bd63fccdf073614.bundle,捷運站跟隆生會合,Say,リン･テイ,13,だから地表に出るまで私からのサポートはないから気をつけて。,그러니까 지상으로 나올 때까지 내 지원은 없으니까 조심해.
ac41b849ea6253607bd63fccdf073614.bundle,捷運站跟隆生會合,Say,リン･テイ,14,……,……
ac41b849ea6253607bd63fccdf073614.bundle,捷運站跟隆生會合,Branch,#Simple,61,心配ない。きっと大丈夫だ。,걱정 마. 분명 괜찮을 거야.
ac41b849ea6253607bd63fccdf073614.bundle,捷運站跟隆生會合,Say,リン･テイ,15,うん！信じてるからね！,응! 믿을게!
ac41b849ea6253607bd63fccdf073614.bundle,捷運站跟隆生會合,Branch,#Simple,62,……,……
ac41b849ea6253607bd63fccdf073614.bundle,捷運站跟隆生會合,Say,リン･テイ,16,来たわよ。,왔어.
ac41b849ea6253607bd63fccdf073614.bundle,捷運站跟隆生會合,Say,リン･テイ,17,後は任せたからね。,나머지는 맡길게.
ac41b849ea6253607bd63fccdf073614.bundle,捷運站跟隆生會合,Say,リュウセイ･チョウ,105,はい、任せてくださいっす。,"네, 맡겨주세요."
ac41b849ea6253607bd63fccdf073614.bundle,捷運站跟隆生會合,Branch,#Simple,63,心配するな。,걱정 마.
ac41b849ea6253607bd63fccdf073614.bundle,捷運站跟隆生會合,Say,リン･テイ,18,……うん！,……응!
ac41b849ea6253607bd63fccdf073614.bundle,捷運站跟隆生會合,Branch,#Simple,64,じゃ、行ってくる。,"그럼, 다녀올게."
ac41b849ea6253607bd63fccdf073614.bundle,捷運站跟隆生會合,Branch,#Simple,65,3秒で片を付けて来る。,3초 만에 정리하고 올게.
ac41b849ea6253607bd63fccdf073614.bundle,捷運站跟隆生會合,Say,リン･テイ,19,フフッ、格好付けなくていいの！,"후훗, 폼 안 잡아도 돼!"
ac41b849ea6253607bd63fccdf073614.bundle,捷運站跟隆生會合,Branch,#Simple,66,……,……
ac41b849ea6253607bd63fccdf073614.bundle,從月台到實驗室入侵,Say,リュウセイ･チョウ,0,……中に入れたっすね。,……안에 들어왔네요.
ac41b849ea6253607bd63fccdf073614.bundle,從月台到實驗室入侵,Say,リュウセイ･チョウ,1,ここからは警備と遭遇する可能性があるから、気をつけないと……,"여기서부터는 경비랑 마주칠 가능성이 있으니까, 조심해야……"
ac41b849ea6253607bd63fccdf073614.bundle,從月台到實驗室入侵,Say,リュウセイ･チョウ,2,そんな……,그럴 수가……
ac41b849ea6253607bd63fccdf073614.bundle,從月台到實驗室入侵,Branch,#Simple,0,スイ･ニンがもう到着していたようだな。,스이 닌이 벌써 도착해 있었던 모양이군.
ac41b849ea6253607bd63fccdf073614.bundle,從月台到實驗室入侵,Branch,#Simple,1,警備はすでに片付けられているようだな。,경비는 이미 정리된 모양이네.
ac41b849ea6253607bd63fccdf073614.bundle,從月台到實驗室入侵,Say,リュウセイ･チョウ,3,アハハ……,아하하……
ac41b849ea6253607bd63fccdf073614.bundle,從月台到實驗室入侵,Branch,#Simple,2,……,……
ac41b849ea6253607bd63fccdf073614.bundle,從月台到實驗室入侵,Say,リュウセイ･チョウ,4,先へ行きましょう。スイ姉が待ってるはずっす。,앞으로 가죠. 스이 누나가 기다리고 있을 거예요.
ac41b849ea6253607bd63fccdf073614.bundle,進到實驗室裡,Say,エイコウ･フウ,0,き、君たちは何者だ……！？,"너, 너희들 뭐야……!?"
ac41b849ea6253607bd63fccdf073614.bundle,進到實驗室裡,Say,エイコウ･フウ,1,おい、何をするつもりだ！,"야, 뭘 하려는 거야!"
ac41b849ea6253607bd63fccdf073614.bundle,進到實驗室裡,Say,エイコウ･フウ,2,勝手に設定をいじったら……,멋대로 설정을 건드리면……
ac41b849ea6253607bd63fccdf073614.bundle,進到實驗室裡,Say,リュウセイ･チョウ,0,あんたはそこまでして仕事を失うのが怖いのか……！？,당신은 그렇게까지 해서 일자리 잃는 게 무서운 거야……!?
ac41b849ea6253607bd63fccdf073614.bundle,進到實驗室裡,Say,エイコウ･フウ,3,ち、違う！そういうことではない！,"아, 아니야! 그런 게 아니야!"
ac41b849ea6253607bd63fccdf073614.bundle,進到實驗室裡,Say,エイコウ･フウ,4,あの機械を壊したら、大変なことになるぞ……！,"저 기계를 부수면, 큰일 난다고……!"
ac41b849ea6253607bd63fccdf073614.bundle,進到實驗室裡,Say,スイ･ニン,0,リュウセイ、ジェイ、待つんだ。,"류세이, 제이, 잠깐 기다려."
ac41b849ea6253607bd63fccdf073614.bundle,進到實驗室裡,Say,リュウセイ･チョウ,1,でも……,근데……
ac41b849ea6253607bd63fccdf073614.bundle,進到實驗室裡,Say,スイ･ニン,1,この施設で何を研究しているか答えろ。,이 시설에서 뭘 연구하고 있는지 대답해.
ac41b849ea6253607bd63fccdf073614.bundle,進到實驗室裡,Say,スイ･ニン,2,早く！,빨리!
ac41b849ea6253607bd63fccdf073614.bundle,進到實驗室裡,Say,エイコウ･フウ,5,……,……
ac41b849ea6253607bd63fccdf073614.bundle,進到實驗室裡,Say,エイコウ･フウ,6,……き、君たちは何も知らずにここへ侵入してきたのか？,"……너, 너희들 아무것도 모르고 여기 침입한 거야?"
ac41b849ea6253607bd63fccdf073614.bundle,進到實驗室裡,Say,エイコウ･フウ,7,ハ、ハハハ……,"하, 하하하……"
ac41b849ea6253607bd63fccdf073614.bundle,進到實驗室裡,Say,エイコウ･フウ,8,君たちは自分が仕出かした事の重大さに気づいていないようだ……,너희들은 자기가 저지른 일의 중대함을 모르고 있는 것 같군……
ac41b849ea6253607bd63fccdf073614.bundle,進到實驗室裡,Say,スイ･ニン,3,リュウセイ、ジェイ、続けろ。,"류세이, 제이, 계속해."
ac41b849ea6253607bd63fccdf073614.bundle,進到實驗室裡,Say,エイコウ･フウ,9,ま、待ってくれ……！,"자, 잠깐만……!"
ac41b849ea6253607bd63fccdf073614.bundle,進到實驗室裡,Say,エイコウ･フウ,10,……,……
ac41b849ea6253607bd63fccdf073614.bundle,進到實驗室裡,Say,エイコウ･フウ,11,見た通り、ここは研究室だ。,"보다시피, 여기는 연구실이다."
ac41b849ea6253607bd63fccdf073614.bundle,進到實驗室裡,Say,エイコウ･フウ,12,我々の研究は……その……,우리 연구는……그……
ac41b849ea6253607bd63fccdf073614.bundle,進到實驗室裡,Say,エイコウ･フウ,13,既存の演算力ネットワークの効率を遙かに凌駕する技術の開発だ……,기존 연산력 네트워크의 효율을 훨씬 능가하는 기술 개발이다……
ac41b849ea6253607bd63fccdf073614.bundle,進到實驗室裡,Say,スイ･ニン,4,その開発をために、「ゴミ溜め」でさらった一般人を虐待していたのか？,"그 개발을 위해서, '쓰레기장'에서 납치한 일반인을 학대하고 있었던 건가?"
ac41b849ea6253607bd63fccdf073614.bundle,進到實驗室裡,Say,エイコウ･フウ,14,「ゴミ溜め」！？虐待……？,'쓰레기장'!? 학대……?
ac41b849ea6253607bd63fccdf073614.bundle,進到實驗室裡,Say,エイコウ･フウ,15,そ、それはどういうことだ！？私たちは人を攫ってなどいない！,"그, 그게 무슨 소리야!? 우리는 사람을 납치하고 있지 않아!"
ac41b849ea6253607bd63fccdf073614.bundle,進到實驗室裡,Branch,#Simple,0,あんたたちが「ゴミ溜め」から子どもを買っていたのは確かだ。,당신들이 '쓰레기장'에서 아이들을 사들이고 있었던 건 확실해.
ac41b849ea6253607bd63fccdf073614.bundle,進到實驗室裡,Say,エイコウ･フウ,16,それは認める。だが私たちはただ、彼らの染色体の一部を複製したいだけなんだ！,"그건 인정한다. 하지만 우리는 그저, 그 아이들의 염색체 일부를 복제하고 싶을 뿐이야!"
ac41b849ea6253607bd63fccdf073614.bundle,進到實驗室裡,Say,エイコウ･フウ,17,誰かが傷つくことは絶対にあり得ない！,누군가가 다치는 일은 절대 있을 수 없어!
ac41b849ea6253607bd63fccdf073614.bundle,進到實驗室裡,Say,エイコウ･フウ,18,私たちは健康なサンプルを必要としている。なのに虐待なんてするわけないだろ……！,우리는 건강한 샘플이 필요한 거야. 그런데 학대 같은 걸 할 리가 없잖아……!
ac41b849ea6253607bd63fccdf073614.bundle,進到實驗室裡,Say,エイコウ･フウ,19,現代の法律上は、許可なく他人の生体情報を商業利用するのは禁止されている……,"현대 법률상, 허가 없이 타인의 생체 정보를 상업적으로 이용하는 건 금지되어 있어……"
ac41b849ea6253607bd63fccdf073614.bundle,進到實驗室裡,Say,エイコウ･フウ,20,だから闇ルートで子どもを買った。,그래서 암거래로 아이들을 산 거다.
ac41b849ea6253607bd63fccdf073614.bundle,進到實驗室裡,Say,エイコウ･フウ,21,た、確かにそれは違法なことかも知れないが、あの子たちを傷つけたことは一度もない！これは本当だ！,"화, 확실히 그건 불법일지도 모르지만, 그 아이들을 다치게 한 적은 한 번도 없어! 이건 정말이야!"
ac41b849ea6253607bd63fccdf073614.bundle,進到實驗室裡,Branch,#Simple,1,あんたの言葉を信じろと言うのか？,당신 말을 믿으라는 거야?
ac41b849ea6253607bd63fccdf073614.bundle,進到實驗室裡,Say,エイコウ･フウ,22,嘘ではない証拠を提示できない状況では信じてもらうしかない！,거짓이 아니라는 증거를 제시할 수 없는 상황에서는 믿어달라고 할 수밖에 없어!
ac41b849ea6253607bd63fccdf073614.bundle,進到實驗室裡,Branch,#Simple,2,……,……
ac41b849ea6253607bd63fccdf073614.bundle,進到實驗室裡,Say,心の声,0,こいつが嘘をついているようには見えない。,이놈이 거짓말을 하고 있는 것처럼은 안 보인다.
ac41b849ea6253607bd63fccdf073614.bundle,進到實驗室裡,Say,心の声,1,やはりホワイトリザードのあの言葉は嘘だったのか……,역시 화이트 리자드의 그 말은 거짓이었던 건가……
ac41b849ea6253607bd63fccdf073614.bundle,進到實驗室裡,Say,心の声,2,最初からすべて罠だったということか……,처음부터 전부 함정이었다는 건가……
ac41b849ea6253607bd63fccdf073614.bundle,進到實驗室裡,Say,スイ･ニン,5,……,……
ac41b849ea6253607bd63fccdf073614.bundle,進到實驗室裡,Say,スイ･ニン,6,万象はこの施設の存在を必死に隠そうとしている……,완샹은 이 시설의 존재를 필사적으로 숨기려 하고 있다……
ac41b849ea6253607bd63fccdf073614.bundle,進到實驗室裡,Say,エイコウ･フウ,23,あ、当たり前だ！,"다, 당연하지!"
ac41b849ea6253607bd63fccdf073614.bundle,進到實驗室裡,Say,エイコウ･フウ,24,これはレッドボックス内でも最も重要なプロジェクトなんだ！,이건 레드박스 내에서도 가장 중요한 프로젝트라고!
ac41b849ea6253607bd63fccdf073614.bundle,進到實驗室裡,Say,エイコウ･フウ,25,もしこれが明るみに出れば、競合相手に研究成果を奪われてしまう……！,"만약 이게 밝혀지면, 경쟁사한테 연구 성과를 뺏겨버려……!"
ac41b849ea6253607bd63fccdf073614.bundle,進到實驗室裡,Say,エイコウ･フウ,26,私自身も秘密保持のために半年間もここに寝泊まりをしている。,나 자신도 기밀 유지를 위해서 반년 동안이나 여기서 숙식을 하고 있어.
ac41b849ea6253607bd63fccdf073614.bundle,進到實驗室裡,Say,スイ･ニン,7,……,……
ac41b849ea6253607bd63fccdf073614.bundle,進到實驗室裡,Say,エイコウ･フウ,27,た、確かに私たちは法律すれすれのことをやっているが……,"하, 확실히 우리는 법률 아슬아슬한 짓을 하고 있지만……"
ac41b849ea6253607bd63fccdf073614.bundle,進到實驗室裡,Say,エイコウ･フウ,28,誰かを脅迫したり、傷つけたりは一度もしていない……,"누군가를 협박하거나, 다치게 한 적은 한 번도 없어……"
ac41b849ea6253607bd63fccdf073614.bundle,進到實驗室裡,Say,エイコウ･フウ,29,それは保証する。,그건 보장해.
ac41b849ea6253607bd63fccdf073614.bundle,進到實驗室裡,Say,スイ･ニン,8,なら、もっと詳しく話せ。,"그럼, 더 자세히 말해."
ac41b849ea6253607bd63fccdf073614.bundle,進到實驗室裡,Say,エイコウ･フウ,30,さ、さっきも言ったはずだ。この施設の目的は次世代の人脳演算技術の開発だ。,"아, 아까도 말했을 텐데. 이 시설의 목적은 차세대 인뇌 연산 기술 개발이야."
ac41b849ea6253607bd63fccdf073614.bundle,進到實驗室裡,Say,スイ･ニン,9,……,……
ac41b849ea6253607bd63fccdf073614.bundle,進到實驗室裡,Say,エイコウ･フウ,31,……どうやら私の話を信じていないみたいだな。,……아무래도 내 말을 안 믿는 모양이군.
ac41b849ea6253607bd63fccdf073614.bundle,進到實驗室裡,Say,スイ･ニン,10,この施設に敷かれた警備網とプロジェクトの複雑さを鑑みても……,이 시설에 깔린 경비망과 프로젝트의 복잡함을 감안해봐도……
ac41b849ea6253607bd63fccdf073614.bundle,進到實驗室裡,Say,スイ･ニン,11,君のその説明だけでは腑に落ちない部分がある。,당신의 그 설명만으로는 납득이 안 가는 부분이 있다.
ac41b849ea6253607bd63fccdf073614.bundle,進到實驗室裡,Say,エイコウ･フウ,32,そ、それは君たちがこのプロジェクトの価値を理解していないからだ！,"그, 그건 너희들이 이 프로젝트의 가치를 이해하지 못해서 그래!"
ac41b849ea6253607bd63fccdf073614.bundle,進到實驗室裡,Say,エイコウ･フウ,33,このプロジェクトが完成すれば、我々はマーケットを独占できる！,"이 프로젝트가 완성되면, 우리는 시장을 독점할 수 있어!"
ac41b849ea6253607bd63fccdf073614.bundle,進到實驗室裡,Say,エイコウ･フウ,34,すでに知っていると思うが……,이미 알고 있을 거라고 생각하지만……
ac41b849ea6253607bd63fccdf073614.bundle,進到實驗室裡,Say,エイコウ･フウ,35,万象は古い演算工場を失業者の収容施設に変えようとしている……,완샹은 낡은 연산 공장을 실업자 수용 시설로 바꾸려 하고 있어……
ac41b849ea6253607bd63fccdf073614.bundle,進到實驗室裡,Say,エイコウ･フウ,36,「ゴミ溜め」の貧困問題を解決することで、政府に媚びを売るつもりだ。,"'쓰레기장'의 빈곤 문제를 해결해서, 정부한테 아부할 생각인 거다."
ac41b849ea6253607bd63fccdf073614.bundle,進到實驗室裡,Say,エイコウ･フウ,37,だがそんなコストばかりがかかる生産性の低い計画を実行できるのも、我々の研究のおかげだ！,"하지만 그렇게 비용만 드는 생산성 낮은 계획을 실행할 수 있는 것도, 우리 연구 덕분이라고!"
ac41b849ea6253607bd63fccdf073614.bundle,進到實驗室裡,Say,エイコウ･フウ,38,万象は古い演算工場を閉鎖し始めている……,완샹은 낡은 연산 공장을 폐쇄하기 시작했다……
ac41b849ea6253607bd63fccdf073614.bundle,進到實驗室裡,Say,エイコウ･フウ,39,だが万象の収益の大半を占めている工場の閉鎖を実行に移せるのは……,하지만 완샹의 수익 대부분을 차지하는 공장의 폐쇄를 실행에 옮길 수 있는 건……
ac41b849ea6253607bd63fccdf073614.bundle,進到實驗室裡,Say,エイコウ･フウ,40,我々の研究のおかげだ！,우리 연구 덕분이라고!
ac41b849ea6253607bd63fccdf073614.bundle,進到實驗室裡,Say,エイコウ･フウ,41,万象のこれらの計画はすべてこの施設の研究成果に基づいたものだと言っても過言ではない！,완샹의 이런 계획들은 전부 이 시설의 연구 성과에 기반한 거라고 해도 과언이 아니야!
ac41b849ea6253607bd63fccdf073614.bundle,進到實驗室裡,Say,エイコウ･フウ,42,我々は……,우리는……
ac41b849ea6253607bd63fccdf073614.bundle,進到實驗室裡,Say,スイ･ニン,12,もういい。,됐다.
ac41b849ea6253607bd63fccdf073614.bundle,進到實驗室裡,Say,スイ･ニン,13,私が知りたいのはこの施設がもたらすメリットではない。,내가 알고 싶은 건 이 시설이 가져오는 이점이 아니다.
ac41b849ea6253607bd63fccdf073614.bundle,進到實驗室裡,Say,エイコウ･フウ,43,……,……
ac41b849ea6253607bd63fccdf073614.bundle,進到實驗室裡,Say,スイ･ニン,14,君たちが開発しているものを詳しく話せ。,너희가 개발하고 있는 걸 자세히 말해.
ac41b849ea6253607bd63fccdf073614.bundle,進到實驗室裡,Say,エイコウ･フウ,44,それは……,그건……
ac41b849ea6253607bd63fccdf073614.bundle,進到實驗室裡,Say,スイ･ニン,15,早く話せ。,빨리 말해.
ac41b849ea6253607bd63fccdf073614.bundle,進到實驗室裡,Say,エイコウ･フウ,45,……,……
ac41b849ea6253607bd63fccdf073614.bundle,進到實驗室裡,Say,エイコウ･フウ,46,わかった。,알겠다.
ac41b849ea6253607bd63fccdf073614.bundle,進到實驗室裡,Say,エイコウ･フウ,47,実際に見てもらった方が早いだろう。,직접 보여주는 게 빠르겠지.
ac41b849ea6253607bd63fccdf073614.bundle,被甩出之後,Say,リュウセイ･チョウ,0,痛てて……,아야야……
ac41b849ea6253607bd63fccdf073614.bundle,被甩出之後,Say,心の声,0,クソッ……,젠장……
ac41b849ea6253607bd63fccdf073614.bundle,被甩出之後,Say,リュウセイ･チョウ,1,あ、兄貴、大丈夫っすか？,"혀, 형, 괜찮아요?"
ac41b849ea6253607bd63fccdf073614.bundle,被甩出之後,Branch,#Simple,0,ああ。,그래.
ac41b849ea6253607bd63fccdf073614.bundle,被甩出之後,Branch,#Simple,1,死にそうだ。,죽을 것 같다.
ac41b849ea6253607bd63fccdf073614.bundle,被甩出之後,Say,リュウセイ･チョウ,2,ハハ……,하하……
ac41b849ea6253607bd63fccdf073614.bundle,被甩出之後,Say,リュウセイ･チョウ,3,……,……
ac41b849ea6253607bd63fccdf073614.bundle,被甩出之後,Say,リュウセイ･チョウ,4,扉が閉じられた……,문이 닫혔다……
ac41b849ea6253607bd63fccdf073614.bundle,被甩出之後,Say,リュウセイ･チョウ,5,スイ姉を助けに行かないと……彼女一人じゃ……！,스이 누나 도우러 가야 하는데……혼자서는……!
ac41b849ea6253607bd63fccdf073614.bundle,被甩出之後,Say,心の声,1,それは危険過ぎる……,그건 너무 위험하다……
ac41b849ea6253607bd63fccdf073614.bundle,被甩出之後,Say,リュウセイ･チョウ,6,ジェイの兄貴、この扉をこじ開けましょう！,"제이 형, 이 문을 억지로 열어요!"
ac41b849ea6253607bd63fccdf073614.bundle,被甩出之後,Say,心の声,2,リュウセイは冷静さを失っている。まずは彼を落ち着かせないと……,류세이가 냉정함을 잃었다. 우선 그를 진정시켜야 한다……
ac41b849ea6253607bd63fccdf073614.bundle,被甩出之後,Branch,#Simple,2,落ち着け。俺たちが戻ったところで何もできない。,진정해. 우리가 돌아가봤자 아무것도 할 수 없어.
ac41b849ea6253607bd63fccdf073614.bundle,被甩出之後,Branch,#Simple,3,扉を開けることは不可能だ。先へ進もう。,문을 여는 건 불가능해. 앞으로 나아가자.
ac41b849ea6253607bd63fccdf073614.bundle,被甩出之後,Say,リュウセイ･チョウ,7,で、でも……！,"그, 근데……!"
ac41b849ea6253607bd63fccdf073614.bundle,被甩出之後,Branch,#Simple,4,俺たちが戻ったとしても足手まといになるだけだ。,우리가 돌아가봤자 짐만 될 뿐이야.
ac41b849ea6253607bd63fccdf073614.bundle,被甩出之後,Branch,#Simple,5,スイ･ニンは俺たちにセイワ･ゲンを追えと言った。彼女の努力を無駄にするな。,스이 닌은 우리한테 세이와 겐을 쫓으라고 했어. 그 여자의 노력을 헛되게 만들지 마.
ac41b849ea6253607bd63fccdf073614.bundle,被甩出之後,Say,リュウセイ･チョウ,8,……,……
ac41b849ea6253607bd63fccdf073614.bundle,被甩出之後,Say,リュウセイ･チョウ,9,そ、そうっすね。,"그, 그렇네요."
ac41b849ea6253607bd63fccdf073614.bundle,被甩出之後,Say,リュウセイ･チョウ,10,すみません。ジェイの兄貴の言う通りっす。,죄송해요. 제이 형 말이 맞아요.
ac41b849ea6253607bd63fccdf073614.bundle,被甩出之後,Say,リュウセイ･チョウ,11,今、僕たちにできることをやるべきっすね……,"지금, 저희가 할 수 있는 걸 해야겠네요……"
ac41b849ea6253607bd63fccdf073614.bundle,被甩出之後,Say,リュウセイ･チョウ,12,……,……
ac41b849ea6253607bd63fccdf073614.bundle,被甩出之後,Say,リュウセイ･チョウ,13,仕方がないっすね。先へ行きましょう。,어쩔 수 없네요. 앞으로 가죠.
ac41b849ea6253607bd63fccdf073614.bundle,被甩出之後,Branch,#Simple,6,スイ･ニンを置いていくのか？,스이 닌을 두고 가는 거야?
ac41b849ea6253607bd63fccdf073614.bundle,被甩出之後,Say,リュウセイ･チョウ,14,彼女なら大丈夫っすよ。,그 사람이라면 괜찮아요.
ac41b849ea6253607bd63fccdf073614.bundle,被甩出之後,Say,リュウセイ･チョウ,15,……こういうのは彼女お得意の状況でしょ？,……이런 건 그 사람이 잘하는 상황이잖아요?
ac41b849ea6253607bd63fccdf073614.bundle,被甩出之後,Branch,#Simple,7,わかった。,알겠다.
ac41b849ea6253607bd63fccdf073614.bundle,被甩出之後,Say,心の声,3,なにっ……！？,뭐……!?
ac41b849ea6253607bd63fccdf073614.bundle,被甩出之後,Say,リュウセイ･チョウ,16,スイ姉が一部の爆弾を起動させた……！,스이 누나가 일부 폭탄을 기폭시켰어……!
ac41b849ea6253607bd63fccdf073614.bundle,被甩出之後,Branch,#Simple,8,ここを破壊する気なのか！？,여기를 파괴할 셈인가!?
ac41b849ea6253607bd63fccdf073614.bundle,被甩出之後,Say,リュウセイ･チョウ,17,一部の爆弾だけなら、崩壊することはないと思うっす。,"일부 폭탄만이면, 붕괴하지는 않을 거예요."
ac41b849ea6253607bd63fccdf073614.bundle,被甩出之後,Branch,#Simple,9,なぜ一部だとわかるんだ？,왜 일부라는 걸 아는 거지?
ac41b849ea6253607bd63fccdf073614.bundle,被甩出之後,Say,リュウセイ･チョウ,18,スイ姉はここを破壊する気はないっすよ。,스이 누나는 여기를 파괴할 생각은 없어요.
ac41b849ea6253607bd63fccdf073614.bundle,被甩出之後,Branch,#Simple,10,……,……
ac41b849ea6253607bd63fccdf073614.bundle,被甩出之後,Say,リュウセイ･チョウ,19,多分ホワイトリザードに対抗するために、仕方なくでしょうね……,"아마 화이트 리자드한테 맞서기 위해서, 어쩔 수 없이 그런 거겠죠……"
ac41b849ea6253607bd63fccdf073614.bundle,被甩出之後,Say,リュウセイ･チョウ,20,……,……
ac41b849ea6253607bd63fccdf073614.bundle,被甩出之後,Say,リュウセイ･チョウ,21,僕たちは先へ進むっす。,저희는 앞으로 나아갈게요.
ac41b849ea6253607bd63fccdf073614.bundle,被甩出之後,Say,リュウセイ･チョウ,22,セイワ･ゲンもきっと僕たちに気づいているっす。絶対に逃がしちゃだめっすよ。,세이와 겐도 분명 저희를 눈치챘을 거예요. 절대 놓치면 안 돼요.
ac41b849ea6253607bd63fccdf073614.bundle,被甩出之後,Say,リュウセイ･チョウ,23,彼はおそらく……,그놈은 아마……
ac41b849ea6253607bd63fccdf073614.bundle,被甩出之後,Say,リュウセイ･チョウ,24,この廊下の先にある外へ繋がるエレベーターに向かっているっす。,이 복도 끝에 있는 밖으로 통하는 엘리베이터로 향하고 있을 거예요.
ac41b849ea6253607bd63fccdf073614.bundle,被甩出之後,Say,リュウセイ･チョウ,25,行きましょう！,가죠!
ac41b849ea6253607bd63fccdf073614.bundle,隆生來到副官現場,Say,リュウセイ･チョウ,0,ジェ、ジェイの兄貴……,"제, 제이 형……"
ac41b849ea6253607bd63fccdf073614.bundle,隆生來到副官現場,Say,心の声,0,リュウセイ！？,류세이!?
ac41b849ea6253607bd63fccdf073614.bundle,隆生來到副官現場,Say,リュウセイ･チョウ,1,こいつは……！？,이놈은……!?
ac41b849ea6253607bd63fccdf073614.bundle,隆生來到副官現場,Branch,#Simple,0,大丈夫だ、もう片付いた。,"괜찮아, 다 정리했어."
ac41b849ea6253607bd63fccdf073614.bundle,隆生來到副官現場,Branch,#Simple,1,ホワイトリザードの部下だ。,화이트 리자드의 부하야.
ac41b849ea6253607bd63fccdf073614.bundle,隆生來到副官現場,Say,リュウセイ･チョウ,2,そ、それは知ってるっすよ……！,"그, 그건 알고 있어요……!"
ac41b849ea6253607bd63fccdf073614.bundle,隆生來到副官現場,Say,リュウセイ･チョウ,3,前に一度戦ったことがあるけど、人間が敵う相手じゃなかったっす……,"전에 한 번 싸운 적 있는데, 인간이 이길 수 있는 상대가 아니었어요……"
ac41b849ea6253607bd63fccdf073614.bundle,隆生來到副官現場,Say,リュウセイ･チョウ,4,そんな敵を……,그런 적을……
ac41b849ea6253607bd63fccdf073614.bundle,隆生來到副官現場,Say,リュウセイ･チョウ,5,殺したんすか？,죽인 거예요?
ac41b849ea6253607bd63fccdf073614.bundle,隆生來到副官現場,Branch,#Simple,2,ああ。,그래.
ac41b849ea6253607bd63fccdf073614.bundle,隆生來到副官現場,Branch,#Simple,3,こうするしかなかったんだ。,이럴 수밖에 없었어.
ac41b849ea6253607bd63fccdf073614.bundle,隆生來到副官現場,Say,リュウセイ･チョウ,6,……わかりました。,……알겠습니다.
ac41b849ea6253607bd63fccdf073614.bundle,隆生來到副官現場,Branch,#Simple,4,何が言いたい？,무슨 말이 하고 싶은 거야?
ac41b849ea6253607bd63fccdf073614.bundle,隆生來到副官現場,Say,リュウセイ･チョウ,7,……,……
ac41b849ea6253607bd63fccdf073614.bundle,隆生來到副官現場,Say,リュウセイ･チョウ,8,いや、ただ確認しただけっす。,"아뇨, 그냥 확인했을 뿐이에요."
ac41b849ea6253607bd63fccdf073614.bundle,隆生來到副官現場,Say,リュウセイ･チョウ,9,彼は……,걔는……
ac41b849ea6253607bd63fccdf073614.bundle,隆生來到副官現場,Say,セイ･ラ,0,俺はまだ死んでない。,나는 아직 안 죽었다.
ac41b849ea6253607bd63fccdf073614.bundle,隆生來到副官現場,Say,リュウセイ･チョウ,10,兄貴……,형……
ac41b849ea6253607bd63fccdf073614.bundle,隆生來到副官現場,Branch,#Simple,5,何だ？,뭔데?
ac41b849ea6253607bd63fccdf073614.bundle,隆生來到副官現場,Say,リュウセイ･チョウ,11,……いや、何もないっす。,"……아뇨, 아무것도 아니에요."
ac41b849ea6253607bd63fccdf073614.bundle,隆生來到副官現場,Branch,#Simple,6,彼にとどめを刺すべきだと思うか？,이놈한테 확인 사살을 해야 한다고 생각해?
ac41b849ea6253607bd63fccdf073614.bundle,隆生來到副官現場,Say,リュウセイ･チョウ,12,……,……
ac41b849ea6253607bd63fccdf073614.bundle,隆生來到副官現場,Say,リュウセイ･チョウ,13,……わかんないっす。,……모르겠어요.
ac41b849ea6253607bd63fccdf073614.bundle,隆生來到副官現場,Say,リュウセイ･チョウ,14,僕にとって彼の生死は重要なことじゃないから。,저한테는 이놈의 생사가 중요한 게 아니니까요.
ac41b849ea6253607bd63fccdf073614.bundle,隆生來到副官現場,Branch,#Simple,7,……,……
ac41b849ea6253607bd63fccdf073614.bundle,隆生來到副官現場,Say,リュウセイ･チョウ,15,……,……
ac41b849ea6253607bd63fccdf073614.bundle,隆生來到副官現場,Say,リュウセイ･チョウ,16,そ、そんなことより早くエレベーターに向かうっすよ！,"그, 그것보다 빨리 엘리베이터로 가요!"
ac41b849ea6253607bd63fccdf073614.bundle,隆生來到副官現場,Say,心の声,1,俺たちにはエレベーターを起動させる権限がないと言ってたはずだ……,우리한테는 엘리베이터를 작동시킬 권한이 없다고 했었는데……
ac41b849ea6253607bd63fccdf073614.bundle,隆生來到副官現場,Branch,#Simple,8,無理だ。俺たちにエレベーターを起動させる権限はない。,무리야. 우리한테는 엘리베이터를 작동시킬 권한이 없어.
ac41b849ea6253607bd63fccdf073614.bundle,隆生來到副官現場,Say,リュウセイ･チョウ,17,それは大丈夫っす。,그건 괜찮아요.
ac41b849ea6253607bd63fccdf073614.bundle,隆生來到副官現場,Branch,#Simple,9,……,……
ac41b849ea6253607bd63fccdf073614.bundle,隆生來到副官現場,Say,リュウセイ･チョウ,18,さっき傭兵たちから通行パスを盗んできたっす。,아까 용병들한테서 출입 패스를 훔쳐왔어요.
ac41b849ea6253607bd63fccdf073614.bundle,隆生來到副官現場,Say,心の声,2,通行パス……？,출입 패스……?
ac41b849ea6253607bd63fccdf073614.bundle,隆生來到副官現場,Branch,#Simple,10,どうやって傭兵たちから逃げられたんだ？,어떻게 용병들한테서 도망친 거야?
ac41b849ea6253607bd63fccdf073614.bundle,隆生來到副官現場,Branch,#Simple,11,どうやって通行パスを盗んだんだ？,출입 패스는 어떻게 훔친 거야?
ac41b849ea6253607bd63fccdf073614.bundle,隆生來到副官現場,Say,リュウセイ･チョウ,19,その話は後にしましょう。,그 얘기는 나중에 하죠.
ac41b849ea6253607bd63fccdf073614.bundle,隆生來到副官現場,Branch,#Simple,12,……,……
ac41b849ea6253607bd63fccdf073614.bundle,隆生來到副官現場,Say,リュウセイ･チョウ,20,急がないと！,서둘러야 해요!
ac41b849ea6253607bd63fccdf073614.bundle,頂樓遇到嚴勝和,Say,リュウセイ･チョウ,0,逃げられてしまう！！！,놓쳐버려요!!!
ac41b849ea6253607bd63fccdf073614.bundle,頂樓遇到嚴勝和,Branch,#Simple,0,セイワ･ゲン！！！,세이와 겐!!!
ac41b849ea6253607bd63fccdf073614.bundle,頂樓遇到嚴勝和,Branch,#Simple,1,……,……
ac41b849ea6253607bd63fccdf073614.bundle,頂樓遇到嚴勝和,Say,セイワ･ゲン,0,あなたたちは……！？,당신들은……!?
ac41b849ea6253607bd63fccdf073614.bundle,頂樓遇到嚴勝和,Say,セイワ･ゲン,1,ジェイ･ダイ、まさかあなたが……,"제이 다이, 설마 당신이……"
ac41b849ea6253607bd63fccdf073614.bundle,頂樓遇到嚴勝和,Say,リュウセイ･チョウ,1,動くな！,움직이지 마!
ac41b849ea6253607bd63fccdf073614.bundle,頂樓遇到嚴勝和,Say,セイワ･ゲン,2,なるほど。ホワイトリザードは二匹のネズミさえも取り逃したということですか。,그렇군요. 화이트 리자드는 쥐새끼 두 마리조차 놓쳤다는 겁니까.
ac41b849ea6253607bd63fccdf073614.bundle,頂樓遇到嚴勝和,Say,リュウセイ･チョウ,2,ドローンを撤退させろ！従わなければ撃つ。,드론을 물러나게 해! 따르지 않으면 쏜다.
ac41b849ea6253607bd63fccdf073614.bundle,頂樓遇到嚴勝和,Say,セイワ･ゲン,3,あなたたちは……,당신들은……
ac41b849ea6253607bd63fccdf073614.bundle,司徒基地討論進攻結束,Say,スイ･ニン,0,……,……
ac41b849ea6253607bd63fccdf073614.bundle,司徒基地討論進攻結束,Say,スイ･ニン,1,ジェイ、どうやら君が正しかったようだ。,"제이, 아무래도 네가 옳았던 것 같다."
ac41b849ea6253607bd63fccdf073614.bundle,司徒基地討論進攻結束,Say,心の声,0,スイ･ニンが笑っている……,스이 닌이 웃고 있다……
ac41b849ea6253607bd63fccdf073614.bundle,司徒基地討論進攻結束,Say,スイ･ニン,2,リュウセイはちゃんと成長していた。,류세이는 제대로 성장하고 있었다.
ac41b849ea6253607bd63fccdf073614.bundle,司徒基地討論進攻結束,Say,スイ･ニン,3,ありがとう、ジェイ。,"고마워, 제이."
ac41b849ea6253607bd63fccdf073614.bundle,司徒基地討論進攻結束,Say,スイ･ニン,4,私に正しい選択を促してくれて。,나한테 옳은 선택을 하도록 이끌어줘서.
ac41b849ea6253607bd63fccdf073614.bundle,司徒基地討論進攻結束,Branch,#Simple,0,俺はただ自分の思ったことを言っただけだ。,나는 그냥 내가 생각한 걸 말했을 뿐이야.
ac41b849ea6253607bd63fccdf073614.bundle,司徒基地討論進攻結束,Branch,#Simple,1,むしろ俺の提案を信じてくれてありがとう。,오히려 내 제안을 믿어줘서 고마워.
ac41b849ea6253607bd63fccdf073614.bundle,司徒基地討論進攻結束,Branch,#Simple,2,……,……
ac41b849ea6253607bd63fccdf073614.bundle,司徒基地討論進攻結束,Say,リン･テイ,0,ジェイ、知ってたのにどうして教えてくれなかったの？,"제이, 알고 있었으면서 왜 말 안 해줬어?"
ac41b849ea6253607bd63fccdf073614.bundle,司徒基地討論進攻結束,Say,心の声,1,リンが怒っている……,린이 화나 있다……
ac41b849ea6253607bd63fccdf073614.bundle,司徒基地討論進攻結束,Branch,#Simple,3,リンは昨日先に寝ていたから話すタイミングが……,린은 어제 먼저 자고 있어서 얘기할 타이밍이……
ac41b849ea6253607bd63fccdf073614.bundle,司徒基地討論進攻結束,Say,リン･テイ,1,それなら、さっき出かける前に教えてくれればよかったじゃん！,"그럼, 아까 나가기 전에 말해줬으면 됐잖아!"
ac41b849ea6253607bd63fccdf073614.bundle,司徒基地討論進攻結束,Branch,#Simple,4,すまない。,미안하다.
ac41b849ea6253607bd63fccdf073614.bundle,司徒基地討論進攻結束,Say,リン･テイ,2,……別にいいけどさ。,……딱히 상관은 없지만.
ac41b849ea6253607bd63fccdf073614.bundle,司徒基地討論進攻結束,Branch,#Simple,5,言うタイミングがなかったんだ。,말할 타이밍이 없었어.
ac41b849ea6253607bd63fccdf073614.bundle,司徒基地討論進攻結束,Branch,#Simple,6,スイ･ニンに任せるべきだと思ったんだ。,스이 닌한테 맡기는 게 맞다고 생각했어.
ac41b849ea6253607bd63fccdf073614.bundle,司徒基地討論進攻結束,Branch,#Simple,7,スイ･ニンに任せるべきだと思ったんだ。,스이 닌한테 맡기는 게 맞다고 생각했어.
ac41b849ea6253607bd63fccdf073614.bundle,司徒基地討論進攻結束,Say,リン･テイ,3,……,……
ac41b849ea6253607bd63fccdf073614.bundle,司徒基地討論進攻結束,Say,リン･テイ,4,まあ、別にいいけどね。,"뭐, 딱히 상관없지만."
ac41b849ea6253607bd63fccdf073614.bundle,司徒基地討論進攻結束,Say,リン･テイ,5,これからどうするの？,이제 어떻게 할 거야?
ac41b849ea6253607bd63fccdf073614.bundle,司徒基地討論進攻結束,Say,リン･テイ,6,私とジェイはどうすればいいのかしら？,나랑 제이는 어떻게 하면 되는 거야?
ac41b849ea6253607bd63fccdf073614.bundle,司徒基地討論進攻結束,Say,スイ･ニン,5,リンさんには後ほど23号のサポートシステムを説明する。,린 씨한테는 나중에 23호의 지원 시스템을 설명하겠다.
ac41b849ea6253607bd63fccdf073614.bundle,司徒基地討論進攻結束,Say,リン･テイ,7,わかったわ。,알았어.
ac41b849ea6253607bd63fccdf073614.bundle,司徒基地討論進攻結束,Say,スイ･ニン,6,そして、ジェイ……,"그리고, 제이……"
ac41b849ea6253607bd63fccdf073614.bundle,司徒基地討論進攻結束,Say,スイ･ニン,7,今日の作戦を踏まえて……,오늘 작전과 관련해서……
ac41b849ea6253607bd63fccdf073614.bundle,司徒基地討論進攻結束,Say,スイ･ニン,8,事前に話しておきたいことがある。,사전에 말해두고 싶은 게 있다.
ac41b849ea6253607bd63fccdf073614.bundle,司徒基地討論進攻結束,Say,心の声,2,……,……
ac41b849ea6253607bd63fccdf073614.bundle,司徒基地討論進攻結束,Say,スイ･ニン,9,昨日話した通り、君のフクロウ入隊は予定より大分早まってしまった。,"어제 말한 대로, 네 부엉이 입대는 예정보다 상당히 앞당겨져버렸다."
ac41b849ea6253607bd63fccdf073614.bundle,司徒基地討論進攻結束,Say,リン･テイ,8,……,……
ac41b849ea6253607bd63fccdf073614.bundle,司徒基地討論進攻結束,Say,スイ･ニン,10,君たちはもう引き返せない。,너희들은 이제 돌이킬 수 없다.
ac41b849ea6253607bd63fccdf073614.bundle,司徒基地討論進攻結束,Say,スイ･ニン,11,イファ･ヨウがハードディスクをリンさんに渡した時点で、こうなる運命だったのだろう。,"이화 요우가 하드디스크를 린 씨한테 넘긴 시점에서, 이렇게 될 운명이었던 거겠지."
ac41b849ea6253607bd63fccdf073614.bundle,司徒基地討論進攻結束,Say,スイ･ニン,12,……二人を巻き込んだ責任は私にもある。,……두 사람을 끌어들인 책임은 나한테도 있다.
ac41b849ea6253607bd63fccdf073614.bundle,司徒基地討論進攻結束,Branch,#Simple,8,責任を取るべきなのは万象だ。,책임을 져야 할 건 완샹이야.
ac41b849ea6253607bd63fccdf073614.bundle,司徒基地討論進攻結束,Say,スイ･ニン,13,……,……
ac41b849ea6253607bd63fccdf073614.bundle,司徒基地討論進攻結束,Say,スイ･ニン,14,確かに事の発端は万象だが、選択したのは私たちだ。,"확실히 일의 발단은 완샹이지만, 선택한 건 우리다."
ac41b849ea6253607bd63fccdf073614.bundle,司徒基地討論進攻結束,Branch,#Simple,9,俺たち自身にも責任がある。,우리 자신한테도 책임이 있다.
ac41b849ea6253607bd63fccdf073614.bundle,司徒基地討論進攻結束,Say,スイ･ニン,15,……そうかもしれない。,……그럴지도 모르지.
ac41b849ea6253607bd63fccdf073614.bundle,司徒基地討論進攻結束,Branch,#Simple,10,ならどう責任を取るつもりだ？,그럼 어떻게 책임을 질 생각이지?
ac41b849ea6253607bd63fccdf073614.bundle,司徒基地討論進攻結束,Say,スイ･ニン,16,……,……
ac41b849ea6253607bd63fccdf073614.bundle,司徒基地討論進攻結束,Say,スイ･ニン,17,私に唯一できることは、君のフクロウ入隊に協力することだ。,"내가 유일하게 할 수 있는 건, 네 부엉이 입대에 협조하는 것이다."
ac41b849ea6253607bd63fccdf073614.bundle,司徒基地討論進攻結束,Branch,#Simple,11,……,……
ac41b849ea6253607bd63fccdf073614.bundle,司徒基地討論進攻結束,Say,スイ･ニン,18,ジェイ、今後何が起きようとも……,"제이, 앞으로 무슨 일이 일어나든……"
ac41b849ea6253607bd63fccdf073614.bundle,司徒基地討論進攻結束,Say,スイ･ニン,19,君はすでにこちらの世界に足を踏み入れてしまった。,너는 이미 이쪽 세계에 발을 들여놓고 말았다.
ac41b849ea6253607bd63fccdf073614.bundle,司徒基地討論進攻結束,Say,心の声,3,ホワイトリザードにも同じことを言われた……,화이트 리자드한테서도 같은 말을 들었다……
ac41b849ea6253607bd63fccdf073614.bundle,司徒基地討論進攻結束,Say,スイ･ニン,20,こちらの世界では、信頼なんてものはあってないようなものだ。,"이쪽 세계에서는, 신뢰라는 건 있으나 마나 한 것이다."
ac41b849ea6253607bd63fccdf073614.bundle,司徒基地討論進攻結束,Say,スイ･ニン,21,これは私が師匠から最初に教わったことだ。,이건 내가 스승님한테서 제일 먼저 배운 것이다.
ac41b849ea6253607bd63fccdf073614.bundle,司徒基地討論進攻結束,Say,スイ･ニン,22,すべての者を警戒しろ。心を許すな。,모든 사람을 경계해라. 마음을 놓지 마라.
ac41b849ea6253607bd63fccdf073614.bundle,司徒基地討論進攻結束,Say,スイ･ニン,23,……,……
ac41b849ea6253607bd63fccdf073614.bundle,司徒基地討論進攻結束,Say,スイ･ニン,24,誰も信用せず、信頼関係を築かず、すべての人に警戒心を持つ……それが師匠の教えだ。,"아무도 신용하지 말고, 신뢰 관계를 쌓지 말고, 모든 사람한테 경계심을 가져라……그게 스승님의 가르침이었다."
ac41b849ea6253607bd63fccdf073614.bundle,司徒基地討論進攻結束,Say,スイ･ニン,25,その教えを今も守り続けている自分が私は嫌いだ。,그 가르침을 지금도 계속 지키고 있는 나 자신이 싫다.
ac41b849ea6253607bd63fccdf073614.bundle,司徒基地討論進攻結束,Say,スイ･ニン,26,だがその教えの正しさは今まで何度も経験した……,하지만 그 가르침이 옳다는 걸 지금까지 몇 번이나 경험했다……
ac41b849ea6253607bd63fccdf073614.bundle,司徒基地討論進攻結束,Say,心の声,4,23号……,23호……
ac41b849ea6253607bd63fccdf073614.bundle,司徒基地討論進攻結束,Say,スイ･ニン,27,……私はその現状を変えたいと思っている。,……나는 그 현실을 바꾸고 싶다고 생각하고 있다.
ac41b849ea6253607bd63fccdf073614.bundle,司徒基地討論進攻結束,Say,スイ･ニン,28,これは師匠からもらった銃だ。,이건 스승님한테서 받은 총이다.
ac41b849ea6253607bd63fccdf073614.bundle,司徒基地討論進攻結束,Say,スイ･ニン,29,タウルスM85、古いスモールフレームリボルバー。,"타우러스 M85, 오래된 소형 리볼버다."
ac41b849ea6253607bd63fccdf073614.bundle,司徒基地討論進攻結束,Say,スイ･ニン,30,これは私の師匠が常に隠し持っていた武器だ。,이건 내 스승님이 항상 숨겨서 지니고 있던 무기다.
ac41b849ea6253607bd63fccdf073614.bundle,司徒基地討論進攻結束,Say,スイ･ニン,31,とある作戦で、私たち二人は地下室に閉じ込められしまった。,"어떤 작전에서, 우리 둘은 지하실에 갇혀버렸다."
ac41b849ea6253607bd63fccdf073614.bundle,司徒基地討論進攻結束,Say,スイ･ニン,32,弾薬も尽き、血を流しすぎた我々は、敵の襲撃に遭えば確実に殺される絶体絶命の状況だった。,"탄약도 떨어지고, 피를 너무 많이 흘린 우리는, 적의 습격을 받으면 확실히 죽게 되는 절체절명의 상황이었다."
ac41b849ea6253607bd63fccdf073614.bundle,司徒基地討論進攻結束,Say,スイ･ニン,33,その時に師匠が初めてこの銃を私に見せた。,그때 스승님이 처음으로 이 총을 나한테 보여줬다.
ac41b849ea6253607bd63fccdf073614.bundle,司徒基地討論進攻結束,Say,スイ･ニン,34,これは彼がずっと隠し持っていた切り札だった……,이건 그가 계속 숨겨두고 있던 비장의 카드였다……
ac41b849ea6253607bd63fccdf073614.bundle,司徒基地討論進攻結束,Say,スイ･ニン,35,しかし彼はその切り札を私に渡し、私に援護を頼んだ。,"하지만 그는 그 비장의 카드를 나한테 넘기고, 나한테 엄호를 부탁했다."
ac41b849ea6253607bd63fccdf073614.bundle,司徒基地討論進攻結束,Say,スイ･ニン,36,……,……
ac41b849ea6253607bd63fccdf073614.bundle,司徒基地討論進攻結束,Say,スイ･ニン,37,「一時的なものではあるが、これは絶対的な信頼だ」,"""일시적인 것이긴 하지만, 이건 절대적인 신뢰다"""
ac41b849ea6253607bd63fccdf073614.bundle,司徒基地討論進攻結束,Say,スイ･ニン,38,彼はそう言いながら銃を私に握らせた。,그는 그렇게 말하면서 총을 내 손에 쥐여줬다.
ac41b849ea6253607bd63fccdf073614.bundle,司徒基地討論進攻結束,Say,スイ･ニン,39,……,……
ac41b849ea6253607bd63fccdf073614.bundle,司徒基地討論進攻結束,Say,スイ･ニン,40,私にとっても、この銃は信頼の証だ。,"나한테도, 이 총은 신뢰의 증표다."
ac41b849ea6253607bd63fccdf073614.bundle,司徒基地討論進攻結束,Say,スイ･ニン,41,私はいずれ、この銃を君に託したいと考えている。,"나는 언젠가, 이 총을 너한테 맡기고 싶다고 생각하고 있다."
ac41b849ea6253607bd63fccdf073614.bundle,司徒基地討論進攻結束,Say,スイ･ニン,42,私たちは知り合ってそう長くはない上に、深い絆もない……,"우리는 알고 지낸 지 그리 오래되지도 않았고, 깊은 유대도 없다……"
ac41b849ea6253607bd63fccdf073614.bundle,司徒基地討論進攻結束,Say,スイ･ニン,43,だが私は君を信じている。だから君にも、私を信じてほしい。,"하지만 나는 너를 믿고 있다. 그러니까 너도, 나를 믿어줬으면 한다."
ac41b849ea6253607bd63fccdf073614.bundle,司徒基地討論進攻結束,Say,スイ･ニン,44,然るべき時が来たら、この銃を受け取ってほしい。,"적절한 때가 오면, 이 총을 받아줬으면 한다."
ac41b849ea6253607bd63fccdf073614.bundle,司徒基地討論進攻結束,Say,スイ･ニン,45,銃を受け取ったからといって、何かを約束したとか、私を全面的に信頼しろという意味ではない。ただ……,"총을 받았다고 해서, 뭔가를 약속했다거나, 나를 전면적으로 신뢰하라는 의미는 아니다. 그냥……"
ac41b849ea6253607bd63fccdf073614.bundle,司徒基地討論進攻結束,Say,スイ･ニン,46,君が一時的にでも、私を信頼してくれたという証になる。,"네가 일시적으로나마, 나를 신뢰해줬다는 증표가 되는 거다."
ac41b849ea6253607bd63fccdf073614.bundle,司徒基地討論進攻結束,Say,心の声,5,スイ･ニンこちらを見つめてくる……,스이 닌이 이쪽을 바라본다……
ac41b849ea6253607bd63fccdf073614.bundle,司徒基地討論進攻結束,Branch,#Simple,12,わかった。,알겠다.
ac41b849ea6253607bd63fccdf073614.bundle,司徒基地討論進攻結束,Branch,#Simple,13,いつその銃を俺にくれるんだ？,언제 그 총을 나한테 주는 거지?
ac41b849ea6253607bd63fccdf073614.bundle,司徒基地討論進攻結束,Say,スイ･ニン,47,……君がフクロウに入る時だ。,……네가 부엉이에 들어올 때다.
ac41b849ea6253607bd63fccdf073614.bundle,司徒基地討論進攻結束,Branch,#Simple,14,……,……
ac41b849ea6253607bd63fccdf073614.bundle,司徒基地討論進攻結束,Say,スイ･ニン,48,今、この話をしたのは、この銃を託す日がそう遠くないと思ったからだ。,"지금, 이 얘기를 한 건, 이 총을 맡길 날이 그리 멀지 않았다고 생각했기 때문이다."
ac41b849ea6253607bd63fccdf073614.bundle,司徒基地討論進攻結束,Say,スイ･ニン,49,その時にこの銃を受け取るかは……,그때 이 총을 받을지는……
ac41b849ea6253607bd63fccdf073614.bundle,司徒基地討論進攻結束,Say,スイ･ニン,50,君に任せる。,너한테 맡기지.
ac41b849ea6253607bd63fccdf073614.bundle,司徒基地討論進攻結束,Say,心の声,6,一時的な信頼……,일시적인 신뢰……
ac41b849ea6253607bd63fccdf073614.bundle,司徒基地討論進攻結束,Branch,#Simple,15,その時が訪れたら、ちゃんと考える。,"그때가 오면, 제대로 생각해볼게."
ac41b849ea6253607bd63fccdf073614.bundle,司徒基地討論進攻結束,Say,スイ･ニン,51,それでいい。,그거면 됐다.
ac41b849ea6253607bd63fccdf073614.bundle,司徒基地討論進攻結束,Say,スイ･ニン,52,今考えても仕方がないからな。,지금 생각해봤자 소용없으니까.
ac41b849ea6253607bd63fccdf073614.bundle,司徒基地討論進攻結束,Branch,#Simple,16,それはリュウセイに渡すべきでは？,그건 류세이한테 줘야 하는 거 아니야?
ac41b849ea6253607bd63fccdf073614.bundle,司徒基地討論進攻結束,Say,スイ･ニン,53,リュウセイには私の銃を渡すつもりだ。,류세이한테는 내 총을 줄 생각이다.
ac41b849ea6253607bd63fccdf073614.bundle,司徒基地討論進攻結束,Say,スイ･ニン,54,……,……
ac41b849ea6253607bd63fccdf073614.bundle,司徒基地討論進攻結束,Say,スイ･ニン,55,彼には師匠の思想を引き継いでほしくない。,그 애한테는 스승님의 사상을 물려주고 싶지 않다.
ac41b849ea6253607bd63fccdf073614.bundle,司徒基地討論進攻結束,Say,スイ･ニン,56,私は師匠を超えたい。,나는 스승님을 뛰어넘고 싶다.
ac41b849ea6253607bd63fccdf073614.bundle,司徒基地討論進攻結束,Say,スイ･ニン,57,見返りを求めることなく、誰かを心から信頼したい。,"대가를 바라지 않고, 누군가를 진심으로 신뢰하고 싶다."
ac41b849ea6253607bd63fccdf073614.bundle,司徒基地討論進攻結束,Say,スイ･ニン,58,それにリュウセイを育てたのは私だ。彼には私の意志を受け継いでもらいたい。,게다가 류세이를 키운 건 나다. 그 애한테는 내 뜻을 이어받았으면 한다.
ac41b849ea6253607bd63fccdf073614.bundle,司徒基地討論進攻結束,Say,スイ･ニン,59,とは言っても、これはあくまでも私の理想だが……,"그렇다고는 해도, 이건 어디까지나 내 이상일 뿐이지만……"
ac41b849ea6253607bd63fccdf073614.bundle,司徒基地討論進攻結束,Say,心の声,7,気のせいか……？,기분 탓인가……?
ac41b849ea6253607bd63fccdf073614.bundle,司徒基地討論進攻結束,Say,心の声,8,スイ･ニンが照れているように見える……,스이 닌이 부끄러워하는 것처럼 보인다……
ac41b849ea6253607bd63fccdf073614.bundle,司徒基地討論進攻結束,Branch,#Simple,17,……,……
ac41b849ea6253607bd63fccdf073614.bundle,司徒基地討論進攻結束,Say,心の声,9,リンがこちらを睨んでいる……,린이 이쪽을 노려보고 있다……
ac41b849ea6253607bd63fccdf073614.bundle,司徒基地討論進攻結束,Say,スイ･ニン,60,それと最後に。,그리고 마지막으로.
ac41b849ea6253607bd63fccdf073614.bundle,司徒基地討論進攻結束,Say,スイ･ニン,61,スタングレネードはまだ持っているな？,스턴 그레네이드는 아직 갖고 있지?
ac41b849ea6253607bd63fccdf073614.bundle,司徒基地討論進攻結束,Say,心の声,10,そういえばずっと持っていたな……,그러고 보니 계속 갖고 있었지……
ac41b849ea6253607bd63fccdf073614.bundle,司徒基地討論進攻結束,Branch,#Simple,18,ああ、まだ持っている。,"그래, 아직 갖고 있어."
ac41b849ea6253607bd63fccdf073614.bundle,司徒基地討論進攻結束,Say,スイ･ニン,62,ならよかった。,그렇다면 다행이군.
ac41b849ea6253607bd63fccdf073614.bundle,司徒基地討論進攻結束,Branch,#Simple,19,返してほしいのか？,돌려달라는 거야?
ac41b849ea6253607bd63fccdf073614.bundle,司徒基地討論進攻結束,Say,スイ･ニン,63,そうじゃない。,그게 아니다.
ac41b849ea6253607bd63fccdf073614.bundle,司徒基地討論進攻結束,Say,スイ･ニン,64,それを今回の作戦に必ず持って行きなさい。,그걸 이번 작전에 반드시 챙겨가라.
ac41b849ea6253607bd63fccdf073614.bundle,司徒基地討論進攻結束,Say,スイ･ニン,65,そのグレネードは非常に強力で、フクロウの通常装備にも有効だ。,"그 그레네이드는 대단히 강력해서, 부엉이의 일반 장비에도 효과가 있다."
ac41b849ea6253607bd63fccdf073614.bundle,司徒基地討論進攻結束,Branch,#Simple,20,わかった。,알겠다.
ac41b849ea6253607bd63fccdf073614.bundle,司徒基地討論進攻結束,Branch,#Simple,21,つまりこのグレネードはフクロウとの戦闘にも通用するってことか？,그러니까 이 그레네이드는 부엉이랑 싸울 때도 통한다는 거야?
ac41b849ea6253607bd63fccdf073614.bundle,司徒基地討論進攻結束,Say,スイ･ニン,66,そういうことだ。,그런 얘기지.
ac41b849ea6253607bd63fccdf073614.bundle,司徒基地討論進攻結束,Branch,#Simple,22,……,……
ac41b849ea6253607bd63fccdf073614.bundle,司徒基地討論進攻結束,Say,スイ･ニン,67,それを使えば、どんな局面でも逃げられるはずだ。,"그걸 쓰면, 어떤 상황에서도 도망칠 수 있을 거다."
ac41b849ea6253607bd63fccdf073614.bundle,司徒基地討論進攻結束,Say,スイ･ニン,68,切り札として持っておくといい。,비장의 카드로 갖고 있도록 해.
ac41b849ea6253607bd63fccdf073614.bundle,司徒基地討論進攻結束,Say,スイ･ニン,69,よし、そろそろだな。,"좋아, 슬슬 시간이 됐군."
ac41b849ea6253607bd63fccdf073614.bundle,司徒基地討論進攻結束,Say,スイ･ニン,70,リュウセイはすでに装置を届けてくれている。,류세이는 이미 장치를 전달해줬다.
ac41b849ea6253607bd63fccdf073614.bundle,司徒基地討論進攻結束,Say,スイ･ニン,71,彼と駅で合流しなさい。シロキューが来たら、リンが知らせてくれる。,"그와 역에서 합류해라. 시로큐가 오면, 린이 알려줄 거다."
ac41b849ea6253607bd63fccdf073614.bundle,司徒基地討論進攻結束,Say,スイ･ニン,72,質問がなければ出発しよう。,질문이 없으면 출발하자.
ac41b849ea6253607bd63fccdf073614.bundle,司徒基地討論進攻結束,Say,心の声,11,リュウセイの作戦を伝えるなら今しかない……,류세이의 계획을 전할 거면 지금밖에 없다……
ac41b849ea6253607bd63fccdf073614.bundle,司徒基地討論進攻結束,Branch,#Simple,23,リュウセイはあんたに黙って、万象のスキャンダルを公にするつもりだ。,"류세이는 당신 몰래, 완샹의 스캔들을 공개할 생각이다."
ac41b849ea6253607bd63fccdf073614.bundle,司徒基地討論進攻結束,Say,スイ･ニン,73,……,……
ac41b849ea6253607bd63fccdf073614.bundle,司徒基地討論進攻結束,Say,スイ･ニン,74,……それは彼から直接聞いた話か？,……그건 그 애한테서 직접 들은 얘기인가?
ac41b849ea6253607bd63fccdf073614.bundle,司徒基地討論進攻結束,Branch,#Simple,24,ああ。,그래.
ac41b849ea6253607bd63fccdf073614.bundle,司徒基地討論進攻結束,Branch,#Simple,25,昨日の夜に聞いた話だ。,어젯밤에 들은 얘기다.
ac41b849ea6253607bd63fccdf073614.bundle,司徒基地討論進攻結束,Say,スイ･ニン,75,……,……
ac41b849ea6253607bd63fccdf073614.bundle,司徒基地討論進攻結束,Say,心の声,12,……スイ･ニンの感情が読めない。,……스이 닌의 감정을 읽을 수가 없다.
ac41b849ea6253607bd63fccdf073614.bundle,司徒基地討論進攻結束,Say,心の声,13,怒り、失望、それとも……,"분노, 실망, 아니면……"
ac41b849ea6253607bd63fccdf073614.bundle,司徒基地討論進攻結束,Say,スイ･ニン,76,さっきの彼からは成長を感じたのだがな……,아까 그 애한테서는 성장이 느껴졌었는데……
ac41b849ea6253607bd63fccdf073614.bundle,司徒基地討論進攻結束,Say,スイ･ニン,77,……,……
ac41b849ea6253607bd63fccdf073614.bundle,司徒基地討論進攻結束,Branch,#Simple,26,今の彼なら考えを改めているかもしれない。,지금의 그 녀석이라면 생각을 고쳤을지도 몰라.
ac41b849ea6253607bd63fccdf073614.bundle,司徒基地討論進攻結束,Branch,#Simple,27,彼も少し感情的になっただけだ。,그 녀석도 그냥 조금 감정적이 됐을 뿐이야.
ac41b849ea6253607bd63fccdf073614.bundle,司徒基地討論進攻結束,Say,スイ･ニン,78,……,……
ac41b849ea6253607bd63fccdf073614.bundle,司徒基地討論進攻結束,Branch,#Simple,28,……,……
ac41b849ea6253607bd63fccdf073614.bundle,司徒基地討論進攻結束,Say,スイ･ニン,79,彼は具体的に何をするつもりだ？,그 애는 구체적으로 뭘 할 생각이지?
ac41b849ea6253607bd63fccdf073614.bundle,司徒基地討論進攻結束,Branch,#Simple,29,それは俺も知らない。,그건 나도 몰라.
ac41b849ea6253607bd63fccdf073614.bundle,司徒基地討論進攻結束,Branch,#Simple,30,彼の考えに反対した俺には、具体的な内容は教えてくれなかった。,"그의 생각에 반대한 나한테는, 구체적인 내용은 알려주지 않았어."
ac41b849ea6253607bd63fccdf073614.bundle,司徒基地討論進攻結束,Branch,#Simple,31,彼は秘密裏にハックユニットをもう一つ持ち込むつもりだ。,그는 몰래 해킹 유닛을 하나 더 가져올 생각이야.
ac41b849ea6253607bd63fccdf073614.bundle,司徒基地討論進攻結束,Branch,#Simple,32,それは俺も知らない。,그건 나도 몰라.
ac41b849ea6253607bd63fccdf073614.bundle,司徒基地討論進攻結束,Say,スイ･ニン,80,……,……
ac41b849ea6253607bd63fccdf073614.bundle,司徒基地討論進攻結束,Say,スイ･ニン,81,ありがとう、ジェイ。,"고마워, 제이."
ac41b849ea6253607bd63fccdf073614.bundle,司徒基地討論進攻結束,Say,スイ･ニン,82,彼を見張っておく。,그 애를 감시해두겠다.
ac41b849ea6253607bd63fccdf073614.bundle,司徒基地討論進攻結束,Say,リン･テイ,9,……スイさん。,……스이 씨.
ac41b849ea6253607bd63fccdf073614.bundle,司徒基地討論進攻結束,Say,リン･テイ,10,どうするつもり？,어떻게 할 셈이야?
ac41b849ea6253607bd63fccdf073614.bundle,司徒基地討論進攻結束,Say,スイ･ニン,83,言った通り、彼を見張るだけだ。,"말한 대로, 그 애를 감시할 뿐이다."
ac41b849ea6253607bd63fccdf073614.bundle,司徒基地討論進攻結束,Say,リン･テイ,11,……,……
ac41b849ea6253607bd63fccdf073614.bundle,司徒基地討論進攻結束,Say,リン･テイ,12,そう。,그래.
ac41b849ea6253607bd63fccdf073614.bundle,司徒基地討論進攻結束,Say,スイ･ニン,84,さあ、もう時間がない。,"자, 이제 시간이 없다."
ac41b849ea6253607bd63fccdf073614.bundle,司徒基地討論進攻結束,Say,スイ･ニン,85,行きなさい。ジェイ･ダイ。,가라. 제이 다이.
ac41b849ea6253607bd63fccdf073614.bundle,司徒基地討論進攻結束,Say,スイ･ニン,86,駅でリュウセイと合流するんだ。,역에서 류세이랑 합류해.
ac41b849ea6253607bd63fccdf073614.bundle,司徒基地討論進攻結束,Branch,#Simple,33,……,……
ac41b849ea6253607bd63fccdf073614.bundle,司徒基地討論進攻結束,Say,リン･テイ,13,……,……
ac41b849ea6253607bd63fccdf073614.bundle,司徒基地討論進攻結束,Say,リン･テイ,14,ジェイ……,제이……
ac41b849ea6253607bd63fccdf073614.bundle,司徒基地討論進攻結束,Say,リン･テイ,15,私……,나……
ac41b849ea6253607bd63fccdf073614.bundle,司徒基地討論進攻結束,Say,リン･テイ,16,……,……
ac41b849ea6253607bd63fccdf073614.bundle,司徒基地討論進攻結束,Say,リン･テイ,17,これは、この世界の理なの……,"이건, 이 세상의 이치야……"
ac41b849ea6253607bd63fccdf073614.bundle,司徒基地討論進攻結束,Branch,#Simple,34,リン？,린?
ac41b849ea6253607bd63fccdf073614.bundle,司徒基地討論進攻結束,Branch,#Simple,35,……,……
ac41b849ea6253607bd63fccdf073614.bundle,司徒基地討論進攻結束,Say,リン･テイ,18,どんなことが起きようとも、世界は進み続ける……,"무슨 일이 일어나든, 세상은 계속 나아가……"
ac41b849ea6253607bd63fccdf073614.bundle,司徒基地討論進攻結束,Say,リン･テイ,19,だから私たちも前へ進むしかないの。,그러니까 우리도 앞으로 나아갈 수밖에 없어.
ac41b849ea6253607bd63fccdf073614.bundle,司徒基地討論進攻結束,Say,リン･テイ,20,変わらないものなんて存在しない。幸せな生活が永遠に続くだなんて、ただの夢物語よ……,"변하지 않는 것 같은 건 존재하지 않아. 행복한 생활이 영원히 계속된다니, 그냥 헛된 꿈이야……"
ac41b849ea6253607bd63fccdf073614.bundle,司徒基地討論進攻結束,Branch,#Simple,36,リン、何が言いたいんだ？,"린, 무슨 말을 하고 싶은 거야?"
ac41b849ea6253607bd63fccdf073614.bundle,司徒基地討論進攻結束,Say,リン･テイ,21,私は……,나는……
ac41b849ea6253607bd63fccdf073614.bundle,司徒基地討論進攻結束,Branch,#Simple,37,夢物語なんかじゃない。,헛된 꿈 같은 게 아니야.
ac41b849ea6253607bd63fccdf073614.bundle,司徒基地討論進攻結束,Say,リン･テイ,22,……,……
ac41b849ea6253607bd63fccdf073614.bundle,司徒基地討論進攻結束,Branch,#Simple,38,……,……
ac41b849ea6253607bd63fccdf073614.bundle,司徒基地討論進攻結束,Say,リン･テイ,23,私が言いたいのは……,내가 하고 싶은 말은……
ac41b849ea6253607bd63fccdf073614.bundle,司徒基地討論進攻結束,Say,リン･テイ,24,ジェイ、あなたが無理をする必要はないのよ。,"제이, 네가 무리할 필요는 없어."
ac41b849ea6253607bd63fccdf073614.bundle,司徒基地討論進攻結束,Say,リン･テイ,25,これはあなたの使命でも、責任でもない。,"이건 네 사명도, 책임도 아니야."
ac41b849ea6253607bd63fccdf073614.bundle,司徒基地討論進攻結束,Say,リン･テイ,26,昔の生活を取り戻さなくたって……,예전 생활을 되찾지 않더라도……
ac41b849ea6253607bd63fccdf073614.bundle,司徒基地討論進攻結束,Say,リン･テイ,27,……,……
ac41b849ea6253607bd63fccdf073614.bundle,司徒基地討論進攻結束,Say,リン･テイ,28,何もかも前へと進んでいくわ。,모든 게 앞으로 나아갈 거야.
ac41b849ea6253607bd63fccdf073614.bundle,司徒基地討論進攻結束,Say,リン･テイ,29,あなたも、私も、そしてこの世界もよ。,"너도, 나도, 그리고 이 세상도."
ac41b849ea6253607bd63fccdf073614.bundle,司徒基地討論進攻結束,Say,リン･テイ,30,変わらないものなんてない。,변하지 않는 건 없어.
ac41b849ea6253607bd63fccdf073614.bundle,司徒基地討論進攻結束,Say,リン･テイ,31,ジェイにこのことを理解してほしいの。,제이가 이걸 이해해줬으면 해.
ac41b849ea6253607bd63fccdf073614.bundle,司徒基地討論進攻結束,Say,リン･テイ,32,わかった？,알았어?
ac41b849ea6253607bd63fccdf073614.bundle,司徒基地討論進攻結束,Branch,#Simple,39,わかった。,알겠다.
ac41b849ea6253607bd63fccdf073614.bundle,司徒基地討論進攻結束,Branch,#Simple,40,俺のことを心配しているのか？,나를 걱정하고 있는 거야?
ac41b849ea6253607bd63fccdf073614.bundle,司徒基地討論進攻結束,Say,リン･テイ,33,……,……
ac41b849ea6253607bd63fccdf073614.bundle,司徒基地討論進攻結束,Say,リン･テイ,34,うん。,응.
ac41b849ea6253607bd63fccdf073614.bundle,司徒基地討論進攻結束,Say,リン･テイ,35,ジェイ、あなたが今日何を目にするのかはわからないけど……,"제이, 네가 오늘 뭘 보게 될지는 모르겠지만……"
ac41b849ea6253607bd63fccdf073614.bundle,司徒基地討論進攻結束,Say,リン･テイ,36,……,……
ac41b849ea6253607bd63fccdf073614.bundle,司徒基地討論進攻結束,Say,リン･テイ,37,あなたは自分が正しいと思ったことをやればいいのよ。,너는 네 자신이 옳다고 생각한 걸 하면 돼.
ac41b849ea6253607bd63fccdf073614.bundle,司徒基地討論進攻結束,Say,リン･テイ,38,頑張って！信じてるから！,힘내! 믿고 있을게!
ac41b849ea6253607bd63fccdf073614.bundle,司徒基地討論進攻結束,Branch,#Simple,41,ああ！,아!
ac41b849ea6253607bd63fccdf073614.bundle,司徒基地討論進攻結束,Say,心の声,14,リンが笑った。,린이 웃었다.
ac41b849ea6253607bd63fccdf073614.bundle,司徒基地討論進攻結束,Branch,#Simple,42,安心してくれ、リン。ちゃんと自分の身は守る。,"안심해, 린. 내 몸은 확실히 지킬게."
ac41b849ea6253607bd63fccdf073614.bundle,司徒基地討論進攻結束,Say,リン･テイ,39,なら良し！,그럼 됐어!
ac41b849ea6253607bd63fccdf073614.bundle,司徒基地討論進攻結束,Say,心の声,15,リンが笑った。,린이 웃었다.
ac41b849ea6253607bd63fccdf073614.bundle,司徒基地討論進攻結束,Branch,#Simple,43,……,……
ac41b849ea6253607bd63fccdf073614.bundle,司徒基地討論進攻結束,Say,リン･テイ,40,じゃ、また後でね。,"그럼, 이따 봐."
ac41b849ea6253607bd63fccdf073614.bundle,司徒基地討論進攻結束,Branch,#Simple,44,ああ。,그래.
ac41b849ea6253607bd63fccdf073614.bundle,司徒基地討論進攻結束,Branch,#Simple,45,リンさん、ジェイ･ダイのことは俺に任せてくれ。,"린 씨, 제이 다이는 나한테 맡겨줘."
ac41b849ea6253607bd63fccdf073614.bundle,司徒基地討論進攻結束,Say,リン･テイ,41,……,……
ac41b849ea6253607bd63fccdf073614.bundle,司徒基地討論進攻結束,Say,心の声,16,リンが驚いている……,린이 놀라고 있다……
ac41b849ea6253607bd63fccdf073614.bundle,司徒基地討論進攻結束,Say,リン･テイ,42,フフッ、じゃ、お願いするわね。,"후훗, 그럼, 부탁할게."
ac41b849ea6253607bd63fccdf073614.bundle,準備開始找方法開門,Say,スイ･ニン,0,ジェイ、リュウセイ。,"제이, 류세이."
ac41b849ea6253607bd63fccdf073614.bundle,準備開始找方法開門,Say,スイ･ニン,1,時間通りだ。よくやった。,시간에 맞췄군. 잘했다.
ac41b849ea6253607bd63fccdf073614.bundle,準備開始找方法開門,Say,スイ･ニン,2,ちょうど私も片付けたところだ。,마침 나도 정리를 끝낸 참이다.
ac41b849ea6253607bd63fccdf073614.bundle,準備開始找方法開門,Say,心の声,0,一人ですべての敵を倒したのか……,혼자서 적을 전부 쓰러뜨린 건가……
ac41b849ea6253607bd63fccdf073614.bundle,準備開始找方法開門,Branch,#Simple,0,これからどうする？,이제 어떻게 하지?
ac41b849ea6253607bd63fccdf073614.bundle,準備開始找方法開門,Branch,#Simple,1,今回の作戦に俺たちは本当に必要だったのか？,이번 작전에 우리가 정말로 필요했던 거야?
ac41b849ea6253607bd63fccdf073614.bundle,準備開始找方法開門,Say,スイ･ニン,3,戦闘以外のことは君たちに任せる必要がある。,전투 이외의 일은 너희들한테 맡길 필요가 있다.
ac41b849ea6253607bd63fccdf073614.bundle,準備開始找方法開門,Branch,#Simple,2,……,……
ac41b849ea6253607bd63fccdf073614.bundle,準備開始找方法開門,Say,スイ･ニン,4,では説明する。,그럼 설명하겠다.
ac41b849ea6253607bd63fccdf073614.bundle,準備開始找方法開門,Say,スイ･ニン,5,5分後に傭兵がここへ巡回に来る。私は彼らの注意を惹きつける。,5분 후에 용병들이 여기로 순찰을 온다. 나는 그들의 주의를 끌겠다.
ac41b849ea6253607bd63fccdf073614.bundle,準備開始找方法開門,Say,スイ･ニン,6,リュウセイ。,류세이.
ac41b849ea6253607bd63fccdf073614.bundle,準備開始找方法開門,Say,スイ･ニン,7,君は作戦通りに警備室に入り、警報システムを止める。いいな。,"너는 작전대로 경비실에 들어가서, 경보 시스템을 정지시켜라. 알겠나."
ac41b849ea6253607bd63fccdf073614.bundle,準備開始找方法開門,Say,リュウセイ･チョウ,0,わかったっす。,알겠어요.
ac41b849ea6253607bd63fccdf073614.bundle,準備開始找方法開門,Say,スイ･ニン,8,ジェイ、あそこにある制御台が見えるか？,"제이, 저기 있는 제어대가 보이나?"
ac41b849ea6253607bd63fccdf073614.bundle,準備開始找方法開門,Say,スイ･ニン,9,メインラボの扉はあそこで制御されている。,메인 랩의 문은 저기서 제어되고 있다.
ac41b849ea6253607bd63fccdf073614.bundle,準備開始找方法開門,Say,スイ･ニン,10,だが私たちには操作権限がない。だから作戦通り……,하지만 우리한테는 조작 권한이 없다. 그러니까 작전대로……
ac41b849ea6253607bd63fccdf073614.bundle,準備開始找方法開門,Say,スイ･ニン,11,君に扉を開ける方法を探してもらう。,너는 문을 여는 방법을 찾아줘야겠다.
ac41b849ea6253607bd63fccdf073614.bundle,準備開始找方法開門,Branch,#Simple,3,どうすればいいんだ？,어떻게 하면 되지?
ac41b849ea6253607bd63fccdf073614.bundle,準備開始找方法開門,Say,スイ･ニン,12,倒れている者たちの持ち物を調べるか、机の上を探してくれ。,"쓰러진 자들의 소지품을 뒤지거나, 책상 위를 찾아봐."
ac41b849ea6253607bd63fccdf073614.bundle,準備開始找方法開門,Branch,#Simple,4,ただのガラス戸だろう？割ればいいだけの話じゃないか？,그냥 유리문이잖아? 깨면 되는 거 아니야?
ac41b849ea6253607bd63fccdf073614.bundle,準備開始找方法開門,Say,スイ･ニン,13,あれは特殊強化されたアクリル板だ。普通の武器では破壊できない。,저건 특수 강화된 아크릴판이다. 일반적인 무기로는 파괴할 수 없어.
ac41b849ea6253607bd63fccdf073614.bundle,準備開始找方法開門,Say,スイ･ニン,14,大人しく権限を手に入れた方が早い。,얌전히 권한을 손에 넣는 편이 빠르다.
ac41b849ea6253607bd63fccdf073614.bundle,準備開始找方法開門,Branch,#Simple,5,……,……
ac41b849ea6253607bd63fccdf073614.bundle,準備開始找方法開門,Say,スイ･ニン,15,おそらく、IDかパスのようなものを見つければ開けることができるはずだ。,"아마, ID나 패스 같은 걸 찾으면 열 수 있을 거다."
ac41b849ea6253607bd63fccdf073614.bundle,準備開始找方法開門,Say,スイ･ニン,16,とにかく急いでくれ。,아무튼 서둘러줘.
ac41b849ea6253607bd63fccdf073614.bundle,準備開始找方法開門,Say,スイ･ニン,17,私が戻るまでにこの扉を開けてほしいのだが、できるか？,"내가 돌아올 때까지 이 문을 열어줬으면 하는데, 할 수 있겠나?"
ac41b849ea6253607bd63fccdf073614.bundle,準備開始找方法開門,Branch,#Simple,6,わかった。,알겠다.
ac41b849ea6253607bd63fccdf073614.bundle,準備開始找方法開門,Say,スイ･ニン,18,よろしい。,좋아.
ac41b849ea6253607bd63fccdf073614.bundle,準備開始找方法開門,Branch,#Simple,7,もし開けられない場合は？,만약 못 열면?
ac41b849ea6253607bd63fccdf073614.bundle,準備開始找方法開門,Say,スイ･ニン,19,そうなったら爆弾を使うしかない。,그렇게 되면 폭탄을 쓸 수밖에 없다.
ac41b849ea6253607bd63fccdf073614.bundle,準備開始找方法開門,Say,心の声,1,そんなことをしたら潜入がホワイトリザートに気づかれてしまう……,그런 짓을 하면 잠입한 게 화이트 리자드한테 들켜버린다……
ac41b849ea6253607bd63fccdf073614.bundle,準備開始找方法開門,Say,スイ･ニン,20,よし、では急いで取りかかってくれ。,"좋아, 그럼 서둘러 착수해줘."
ac41b849ea6253607bd63fccdf073614.bundle,準備開始找方法開門,Say,スイ･ニン,21,我々にさほど時間は残されていない。,우리한테는 그리 시간이 남아 있지 않다.
ac41b849ea6253607bd63fccdf073614.bundle,找錯人,Say,心の声,0,何も持ってないな。,아무것도 안 갖고 있네.
ac41b849ea6253607bd63fccdf073614.bundle,找對人,Say,心の声,0,あった！IDカードだ！,있다! ID 카드다!
ac41b849ea6253607bd63fccdf073614.bundle,找對人,Say,心の声,1,試してみよう。,시도해보자.
ac41b849ea6253607bd63fccdf073614.bundle,使用開門電腦,Branch,#Simple,0,ログイン。,로그인.
ac41b849ea6253607bd63fccdf073614.bundle,使用開門電腦,Say,セキュリティシステム,0,ID確認、傭兵：イク･リー。,"ID 확인, 용병: 이쿠 리."
ac41b849ea6253607bd63fccdf073614.bundle,使用開門電腦,Say,セキュリティシステム,1,権限を確認。操作をお選びください。,권한 확인. 조작을 선택해주세요.
ac41b849ea6253607bd63fccdf073614.bundle,使用開門電腦,Branch,#Simple,1,メインラボの扉を開く。,메인 랩 문을 연다.
ac41b849ea6253607bd63fccdf073614.bundle,使用開門電腦,Say,セキュリティシステム,2,メインラボは現在封鎖中です。扉の封鎖解除の申請を行います……,메인 랩은 현재 봉쇄 중입니다. 문 봉쇄 해제를 신청합니다……
ac41b849ea6253607bd63fccdf073614.bundle,使用開門電腦,Say,セキュリティシステム,3,処理中……,처리 중……
ac41b849ea6253607bd63fccdf073614.bundle,使用開門電腦,Say,セキュリティシステム,4,……,……
ac41b849ea6253607bd63fccdf073614.bundle,使用開門電腦,Say,セキュリティシステム,5,……,……
ac41b849ea6253607bd63fccdf073614.bundle,使用開門電腦,Say,リュウセイ･チョウ,0,こっちは終わったっすけど、扉の方はどうっすか？,"이쪽은 끝났는데, 문 쪽은 어때요?"
ac41b849ea6253607bd63fccdf073614.bundle,使用開門電腦,Branch,#Simple,2,もう少し時間がかかりそうだ。,조금 더 시간이 걸릴 것 같다.
ac41b849ea6253607bd63fccdf073614.bundle,使用開門電腦,Say,リュウセイ･チョウ,1,どれくらいっすか？,얼마나 걸리는데요?
ac41b849ea6253607bd63fccdf073614.bundle,使用開門電腦,Branch,#Simple,3,多分いけそうだ。,아마 될 것 같다.
ac41b849ea6253607bd63fccdf073614.bundle,使用開門電腦,Say,リュウセイ･チョウ,2,多分……？,아마……?
ac41b849ea6253607bd63fccdf073614.bundle,使用開門電腦,Say,セキュリティシステム,6,権限を確認しました……,권한이 확인되었습니다……
ac41b849ea6253607bd63fccdf073614.bundle,使用開門電腦,Say,セキュリティシステム,7,最終確認を行います。扉を開けますか？,최종 확인을 진행합니다. 문을 여시겠습니까?
ac41b849ea6253607bd63fccdf073614.bundle,使用開門電腦,Say,リュウセイ･チョウ,3,待ってくださいっす。スイ姉がまだ……,잠깐만요. 스이 누나가 아직……
ac41b849ea6253607bd63fccdf073614.bundle,使用開門電腦,Say,スイ･ニン,0,戻った。ジェイ、扉を開けてくれ。,"돌아왔다. 제이, 문을 열어줘."
ac41b849ea6253607bd63fccdf073614.bundle,使用開門電腦,Say,スイ･ニン,1,私が先に突入するから、二人は外で待機してくれ。,"내가 먼저 돌입할 테니까, 둘은 밖에서 대기해줘."
ac41b849ea6253607bd63fccdf073614.bundle,使用開門電腦,Branch,#Simple,4,メインラボの扉を開く。,메인 랩 문을 연다.
ac41b849ea6253607bd63fccdf073614.bundle,使用開門電腦,Branch,#Simple,5,警報を起動する。,경보를 작동시킨다.
ac41b849ea6253607bd63fccdf073614.bundle,使用開門電腦,Say,セキュリティシステム,8,処理中……,처리 중……
ac41b849ea6253607bd63fccdf073614.bundle,使用開門電腦,Say,心の声,0,お、俺は何をやってるんだ……！？,"나, 나 지금 뭐 하는 거지……!?"
ac41b849ea6253607bd63fccdf073614.bundle,使用開門電腦,Say,セキュリティシステム,9,エラー：警報の起動に失敗しました。,오류: 경보 작동에 실패했습니다.
ac41b849ea6253607bd63fccdf073614.bundle,使用開門電腦,Say,セキュリティシステム,10,トラブルシューティング：警報システムがオフラインになっています。,문제 해결: 경보 시스템이 오프라인 상태입니다.
ac41b849ea6253607bd63fccdf073614.bundle,使用開門電腦,Say,セキュリティシステム,11,オフライン時は起動できません。,오프라인 상태에서는 작동할 수 없습니다.
ac41b849ea6253607bd63fccdf073614.bundle,使用開門電腦,Say,心の声,1,ふぅ……リュウセイが警報システムを停止させてくれて助かった……,휴……류세이가 경보 시스템을 정지시켜줘서 다행이다……
ac41b849ea6253607bd63fccdf073614.bundle,使用開門電腦,Branch,#Simple,6,監視カメラの映像を映す。,감시 카메라 영상을 띄운다.
ac41b849ea6253607bd63fccdf073614.bundle,使用開門電腦,Say,セキュリティシステム,12,処理中……,처리 중……
ac41b849ea6253607bd63fccdf073614.bundle,使用開門電腦,Say,セキュリティシステム,13,エラー：監視カメラの映像を確認できません。,오류: 감시 카메라 영상을 확인할 수 없습니다.
ac41b849ea6253607bd63fccdf073614.bundle,使用開門電腦,Say,セキュリティシステム,14,トラブルシューティング：監視カメラが故障しています。,문제 해결: 감시 카메라가 고장 났습니다.
ac41b849ea6253607bd63fccdf073614.bundle,使用開門電腦,Say,セキュリティシステム,15,修理チームにお知らせください。,수리팀에 알려주십시오.
ac41b849ea6253607bd63fccdf073614.bundle,使用開門電腦,Say,セキュリティシステム,16,許可証の挿入が確認できませんでした。,허가증 삽입이 확인되지 않았습니다.
ac41b849ea6253607bd63fccdf073614.bundle,使用開門電腦,Say,セキュリティシステム,17,現在使用できません。,현재 사용할 수 없습니다.
ac41b849ea6253607bd63fccdf073614.bundle,使用開門電腦,Branch,#Simple,7,閉じる。,닫는다.
ac41b849ea6253607bd63fccdf073614.bundle,司徒通知進去,Say,リュウセイ･チョウ,0,……,……
ac41b849ea6253607bd63fccdf073614.bundle,司徒通知進去,Say,心の声,0,……,……
ac41b849ea6253607bd63fccdf073614.bundle,司徒通知進去,Say,リュウセイ･チョウ,1,えっと、もういいっすか……,"저, 이제 됐어요……"
ac41b849ea6253607bd63fccdf073614.bundle,司徒通知進去,Say,スイ･ニン,0,ああ、入って大丈夫だ。,"그래, 들어와도 된다."
ac41b849ea6253607bd63fccdf073614.bundle,司徒通知進去,Say,リュウセイ･チョウ,2,……,……
ac41b849ea6253607bd63fccdf073614.bundle,司徒通知進去,Say,リュウセイ･チョウ,3,行きましょう。,갑시다.
ac41b849ea6253607bd63fccdf073614.bundle,碰上過不了的門,Say,心の声,0,リュウセイがいない……,류세이가 없다……
ac41b849ea6253607bd63fccdf073614.bundle,碰上過不了的門,Say,心の声,1,セイワ･ゲンを見失ったのか……？,세이와 겐을 놓친 건가……?
ac41b849ea6253607bd63fccdf073614.bundle,碰上過不了的門,Say,リュウセイ･チョウ,0,ジェイの兄貴。,제이 형.
ac41b849ea6253607bd63fccdf073614.bundle,碰上過不了的門,Say,リュウセイ･チョウ,1,データのコピーは終わったっすか？,데이터 복사는 끝났어요?
ac41b849ea6253607bd63fccdf073614.bundle,碰上過不了的門,Say,リュウセイ･チョウ,2,僕の分をくださいっす。,제 몫을 주세요.
ac41b849ea6253607bd63fccdf073614.bundle,碰上過不了的門,Say,リュウセイ･チョウ,3,セイワ･ゲンの居場所はわかったっす。先へ進みましょう。,세이와 겐 위치는 알아냈어요. 앞으로 가죠.
ac41b849ea6253607bd63fccdf073614.bundle,碰上過不了的門,Say,リュウセイ･チョウ,4,資料によればこの先は……,자료에 따르면 이 앞은……
ac41b849ea6253607bd63fccdf073614.bundle,碰上過不了的門,Say,リュウセイ･チョウ,5,……,……
ac41b849ea6253607bd63fccdf073614.bundle,碰上過不了的門,Branch,#Simple,0,どうした？,왜 그래?
ac41b849ea6253607bd63fccdf073614.bundle,碰上過不了的門,Say,リュウセイ･チョウ,6,な、何もないっす……,"아, 아무것도 없어요……"
ac41b849ea6253607bd63fccdf073614.bundle,碰上過不了的門,Branch,#Simple,1,……,……
ac41b849ea6253607bd63fccdf073614.bundle,碰上過不了的門,Say,リュウセイ･チョウ,7,先に進めば見えてくるはずっす。,앞으로 가면 보일 거예요.
ac41b849ea6253607bd63fccdf073614.bundle,碰上過不了的門,Say,リュウセイ･チョウ,8,とにかく急ぎましょう。,아무튼 서두르죠.
ac41b849ea6253607bd63fccdf073614.bundle,白壁虎登場,Say,リュウセイ･チョウ,0,待てくださいっす！,잠깐만요!
ac41b849ea6253607bd63fccdf073614.bundle,白壁虎登場,Say,リュウセイ･チョウ,1,……この音はなんすか？,……이 소리는 뭐예요?
ac41b849ea6253607bd63fccdf073614.bundle,白壁虎登場,Say,リュウセイ･チョウ,2,……,……
ac41b849ea6253607bd63fccdf073614.bundle,白壁虎登場,Say,リュウセイ･チョウ,3,ここは一体どうなっているっすか……？,여기 대체 어떻게 된 거예요……?
ac41b849ea6253607bd63fccdf073614.bundle,白壁虎登場,Say,心の声,0,これほど大規模な施設だったとは……,이 정도로 대규모 시설이었을 줄이야……
ac41b849ea6253607bd63fccdf073614.bundle,白壁虎登場,Say,心の声,1,万象は一体何のためにこんな施設を……,완샹은 대체 뭘 위해서 이런 시설을……
ac41b849ea6253607bd63fccdf073614.bundle,白壁虎登場,Say,リュウセイ･チョウ,4,あ、兄貴……！,"혀, 형……!"
ac41b849ea6253607bd63fccdf073614.bundle,白壁虎登場,Say,キンセイ･ハク,0,へぇ。,허.
ac41b849ea6253607bd63fccdf073614.bundle,白壁虎登場,Say,キンセイ･ハク,1,お前らも来てたのか……,너희도 와 있었나……
ac41b849ea6253607bd63fccdf073614.bundle,白壁虎登場,Say,リュウセイ･チョウ,5,お前は……！？,너는……!?
ac41b849ea6253607bd63fccdf073614.bundle,白壁虎登場,Say,心の声,2,ホワイトリザード……！,화이트 리자드……!
ac41b849ea6253607bd63fccdf073614.bundle,白壁虎登場,Say,リュウセイ･チョウ,6,こいつが例の奴っすか……？,이놈이 그 소문의 놈이에요……?
ac41b849ea6253607bd63fccdf073614.bundle,白壁虎登場,Branch,#Simple,0,ああ。,그래.
ac41b849ea6253607bd63fccdf073614.bundle,白壁虎登場,Branch,#Simple,1,ホワイトリザードだ。,화이트 리자드다.
ac41b849ea6253607bd63fccdf073614.bundle,白壁虎登場,Say,キンセイ･ハク,2,……,……
ac41b849ea6253607bd63fccdf073614.bundle,白壁虎登場,Say,キンセイ･ハク,3,俺のボスはこいつを後生大事にしてるみたいでね。,내 보스는 이놈을 애지중지하는 모양이더라고.
ac41b849ea6253607bd63fccdf073614.bundle,白壁虎登場,Say,キンセイ･ハク,4,俺もこれを目にした時は驚いたよ。,나도 이걸 처음 봤을 때는 놀랐지.
ac41b849ea6253607bd63fccdf073614.bundle,白壁虎登場,Say,キンセイ･ハク,5,こんなもの万象しか作れないだろうな。,이런 건 완샹밖에 못 만들겠지.
ac41b849ea6253607bd63fccdf073614.bundle,白壁虎登場,Say,キンセイ･ハク,6,……,……
ac41b849ea6253607bd63fccdf073614.bundle,白壁虎登場,Say,キンセイ･ハク,7,かくいう俺は金で雇われた身だし、任された仕事をちゃんと果たさないといけないってわけだ。,"그래봤자 나는 돈으로 고용된 몸이니까, 맡은 일은 제대로 해내야 한다는 거지."
ac41b849ea6253607bd63fccdf073614.bundle,白壁虎登場,Say,心の声,3,……,……
ac41b849ea6253607bd63fccdf073614.bundle,白壁虎登場,Say,キンセイ･ハク,8,それで？お前らはもうこれの正体がわかったのか？,그래서? 너희들은 이제 이게 정체가 뭔지 안 거야?
ac41b849ea6253607bd63fccdf073614.bundle,白壁虎登場,Branch,#Simple,2,わからない。,모르겠어.
ac41b849ea6253607bd63fccdf073614.bundle,白壁虎登場,Branch,#Simple,3,無駄口はいい。,쓸데없는 소리는 됐다.
ac41b849ea6253607bd63fccdf073614.bundle,白壁虎登場,Branch,#Simple,4,時間稼ぎのつもりか？,시간 끌 셈이야?
ac41b849ea6253607bd63fccdf073614.bundle,白壁虎登場,Branch,#Simple,5,眠り神だろ。,수면신이겠지.
ac41b849ea6253607bd63fccdf073614.bundle,白壁虎登場,Say,心の声,4,ホワイトリザードが笑った……,화이트 리자드가 웃었다……
ac41b849ea6253607bd63fccdf073614.bundle,白壁虎登場,Say,キンセイ･ハク,9,……,……
ac41b849ea6253607bd63fccdf073614.bundle,白壁虎登場,Say,キンセイ･ハク,10,俺も最初はこいつが何なのかよくわからなくてね……,나도 처음엔 이게 뭔지 잘 몰랐거든……
ac41b849ea6253607bd63fccdf073614.bundle,白壁虎登場,Say,キンセイ･ハク,11,だが最近になって、少しずつ理解し始めた。,"근데 최근 들어, 조금씩 이해하기 시작했지."
ac41b849ea6253607bd63fccdf073614.bundle,白壁虎登場,Say,キンセイ･ハク,12,彼らはな、これがすべての問題の解だと思っているんだ。,"그놈들은 말이지, 이게 모든 문제의 답이라고 생각하고 있어."
ac41b849ea6253607bd63fccdf073614.bundle,白壁虎登場,Say,キンセイ･ハク,13,……,……
ac41b849ea6253607bd63fccdf073614.bundle,白壁虎登場,Say,キンセイ･ハク,14,人間というものは、問いもわからぬまま……,"인간이란 건 말이야, 질문도 모른 채로……"
ac41b849ea6253607bd63fccdf073614.bundle,白壁虎登場,Say,キンセイ･ハク,15,解ばかりを求めるものなんだ……,답만 구하려 드는 법이지……
ac41b849ea6253607bd63fccdf073614.bundle,白壁虎登場,Say,リュウセイ･チョウ,7,……何の話をしてるっすか！,……무슨 얘기를 하는 거예요!
ac41b849ea6253607bd63fccdf073614.bundle,白壁虎登場,Say,リュウセイ･チョウ,8,セイワ･ゲンがここにいることはもうわかっている。時間稼せぎをしても無駄っすよ。,세이와 겐이 여기 있다는 건 이미 알고 있어요. 시간 끌어봤자 소용없다고요.
ac41b849ea6253607bd63fccdf073614.bundle,白壁虎登場,Say,キンセイ･ハク,16,……,……
ac41b849ea6253607bd63fccdf073614.bundle,白壁虎登場,Say,キンセイ･ハク,17,お前らをここに連れてくるなんて、あの女は本当に酷い奴だな。,"너희들을 여기 데려오다니, 그 여자 참 지독한 놈이군."
ac41b849ea6253607bd63fccdf073614.bundle,白壁虎登場,Say,キンセイ･ハク,18,特にお前だ、ジェイ･ダイ。,"특히 너다, 제이 다이."
ac41b849ea6253607bd63fccdf073614.bundle,白壁虎登場,Say,キンセイ･ハク,19,なぜそう何度も俺の狩り場に足を踏み入れる？,왜 그렇게 몇 번이나 내 사냥터에 발을 들이는 거지?
ac41b849ea6253607bd63fccdf073614.bundle,白壁虎登場,Say,心の声,5,……,……
ac41b849ea6253607bd63fccdf073614.bundle,白壁虎登場,Say,キンセイ･ハク,20,今日、スイ･ニンのせいでまた二人死ぬことになるな。,"오늘, 스이 닌 때문에 또 두 명이 죽게 되겠군."
ac41b849ea6253607bd63fccdf073614.bundle,白壁虎登場,Say,キンセイ･ハク,21,嘆かわしいことだ。,한탄스러운 일이야.
ac41b849ea6253607bd63fccdf073614.bundle,跟隆生討論接下來如何,Say,心の声,0,……,……
ac41b849ea6253607bd63fccdf073614.bundle,跟隆生討論接下來如何,Say,心の声,1,一度にいろいろなことが起きすぎた……,한꺼번에 너무 많은 일이 일어났다……
ac41b849ea6253607bd63fccdf073614.bundle,跟隆生討論接下來如何,Say,心の声,2,セイワ･ゲンに逃げられたか……,세이와 겐을 놓쳤나……
ac41b849ea6253607bd63fccdf073614.bundle,跟隆生討論接下來如何,Say,心の声,3,クソッ。,젠장.
ac41b849ea6253607bd63fccdf073614.bundle,跟隆生討論接下來如何,Say,リュウセイ･チョウ,0,ジェイの兄貴。,제이 형.
ac41b849ea6253607bd63fccdf073614.bundle,跟隆生討論接下來如何,Branch,#Simple,0,なんだ？,왜?
ac41b849ea6253607bd63fccdf073614.bundle,跟隆生討論接下來如何,Branch,#Simple,1,……,……
ac41b849ea6253607bd63fccdf073614.bundle,跟隆生討論接下來如何,Say,リュウセイ･チョウ,1,僕はデータのコピーをもう一個手に入れたいっす。,저는 데이터 사본을 하나 더 확보하고 싶어요.
ac41b849ea6253607bd63fccdf073614.bundle,跟隆生討論接下來如何,Branch,#Simple,2,それはなぜだ？,그건 왜?
ac41b849ea6253607bd63fccdf073614.bundle,跟隆生討論接下來如何,Branch,#Simple,3,スイ･ニンがすべてを公にしようとしているのに、なぜそんなことをする必要がある？,"스이 닌이 전부 공개하려 하고 있는데, 왜 그럴 필요가 있는데?"
ac41b849ea6253607bd63fccdf073614.bundle,跟隆生討論接下來如何,Branch,#Simple,4,……,……
ac41b849ea6253607bd63fccdf073614.bundle,跟隆生討論接下來如何,Say,リュウセイ･チョウ,2,スイ姉が本当に公にするかはわからないからっすよ！,스이 누나가 정말로 공개할지는 모르니까요!
ac41b849ea6253607bd63fccdf073614.bundle,跟隆生討論接下來如何,Say,リュウセイ･チョウ,3,彼女は考えがコロコロ変わる……僕はもう彼女を信じられないっす……,그 사람은 생각이 시시때때로 변해요……저는 이제 그 사람을 못 믿겠어요……
ac41b849ea6253607bd63fccdf073614.bundle,跟隆生討論接下來如何,Say,リュウセイ･チョウ,4,だから、彼女が再び真実を隠ぺいしないように、僕の方で保険を取っておきたい。,"그러니까, 그 사람이 다시 진실을 은폐하지 않도록, 제 나름대로 보험을 들어두고 싶어요."
ac41b849ea6253607bd63fccdf073614.bundle,跟隆生討論接下來如何,Branch,#Simple,5,リュウセイ落ち着け。そんなことをする必要はない。,류세이 진정해. 그럴 필요는 없어.
ac41b849ea6253607bd63fccdf073614.bundle,跟隆生討論接下來如何,Say,リュウセイ･チョウ,5,僕は今、その「必要性」について説明したっすよね？,"저는 방금, 그 '필요성'에 대해 설명했잖아요?"
ac41b849ea6253607bd63fccdf073614.bundle,跟隆生討論接下來如何,Branch,#Simple,6,それはあくまでもあんたの憶測だ。,그건 어디까지나 네 억측이야.
ac41b849ea6253607bd63fccdf073614.bundle,跟隆生討論接下來如何,Branch,#Simple,7,保険ってことは、まだ彼女を信じているってことだろう？,"보험이라는 건, 아직 그 사람을 믿고 있다는 거잖아?"
ac41b849ea6253607bd63fccdf073614.bundle,跟隆生討論接下來如何,Say,リュウセイ･チョウ,6,……,……
ac41b849ea6253607bd63fccdf073614.bundle,跟隆生討論接下來如何,Branch,#Simple,8,俺はただ余計なリスクを背負ってほしくないだけだ。,나는 그냥 네가 쓸데없는 위험을 짊어지지 않았으면 할 뿐이야.
ac41b849ea6253607bd63fccdf073614.bundle,跟隆生討論接下來如何,Say,リュウセイ･チョウ,7,……,……
ac41b849ea6253607bd63fccdf073614.bundle,跟隆生討論接下來如何,Say,リュウセイ･チョウ,8,わかったっす。確かにジェイの兄貴の言う通りっすね。,알겠어요. 확실히 제이 형 말이 맞네요.
ac41b849ea6253607bd63fccdf073614.bundle,跟隆生討論接下來如何,Say,リュウセイ･チョウ,9,コピーを取る必要はないかもしれないっす。,사본을 뜰 필요는 없을지도 모르겠어요.
ac41b849ea6253607bd63fccdf073614.bundle,跟隆生討論接下來如何,Say,リュウセイ･チョウ,10,……,……
ac41b849ea6253607bd63fccdf073614.bundle,跟隆生討論接下來如何,Say,リュウセイ･チョウ,11,スイ姉が言っていたことについてはどうするっすか……？,스이 누나가 했던 말은 어떻게 할 거예요……?
ac41b849ea6253607bd63fccdf073614.bundle,跟隆生討論接下來如何,Branch,#Simple,9,これは俺の意見が正しい。それはわかっているだろ、リュウセイ。,"이건 내 의견이 맞아. 그건 알고 있잖아, 류세이."
ac41b849ea6253607bd63fccdf073614.bundle,跟隆生討論接下來如何,Say,リュウセイ･チョウ,12,スイ姉だって自分が正しいと思っている。,스이 누나도 자기가 옳다고 생각하고 있어요.
ac41b849ea6253607bd63fccdf073614.bundle,跟隆生討論接下來如何,Say,リュウセイ･チョウ,13,皆、自分が一番正しいと思っているんだ。,"다들, 자기가 제일 옳다고 생각하고 있는 거예요."
ac41b849ea6253607bd63fccdf073614.bundle,跟隆生討論接下來如何,Say,リュウセイ･チョウ,14,だから僕も、自分が正しいと信じるしかない。,"그러니까 저도, 제 자신이 옳다고 믿을 수밖에 없어요."
ac41b849ea6253607bd63fccdf073614.bundle,跟隆生討論接下來如何,Branch,#Simple,10,……,……
ac41b849ea6253607bd63fccdf073614.bundle,跟隆生討論接下來如何,Say,リュウセイ･チョウ,15,とにかく僕はもう決めたっす。,아무튼 저는 이미 결정했어요.
ac41b849ea6253607bd63fccdf073614.bundle,跟隆生討論接下來如何,Branch,#Simple,11,判断はあんたに任せる。,판단은 너한테 맡길게.
ac41b849ea6253607bd63fccdf073614.bundle,跟隆生討論接下來如何,Branch,#Simple,12,あんたに任せるよ。,너한테 맡길게.
ac41b849ea6253607bd63fccdf073614.bundle,跟隆生討論接下來如何,Say,リュウセイ･チョウ,16,はい。,네.
ac41b849ea6253607bd63fccdf073614.bundle,跟隆生討論接下來如何,Branch,#Simple,13,……,……
ac41b849ea6253607bd63fccdf073614.bundle,跟隆生討論接下來如何,Say,リュウセイ･チョウ,17,……,……
ac41b849ea6253607bd63fccdf073614.bundle,跟隆生討論接下來如何,Say,リュウセイ･チョウ,18,スイ姉が言っていたことについてはどうするっすか……？,스이 누나가 했던 말은 어떻게 할 거예요……?
ac41b849ea6253607bd63fccdf073614.bundle,跟隆生討論接下來如何,Say,リュウセイ･チョウ,19,ジェイの兄貴はどう思ってるっすか？,제이 형은 어떻게 생각해요?
ac41b849ea6253607bd63fccdf073614.bundle,跟隆生討論接下來如何,Say,心の声,4,リュウセイの考えは読めないが……,류세이가 무슨 생각인지는 모르겠지만……
ac41b849ea6253607bd63fccdf073614.bundle,跟隆生討論接下來如何,Say,心の声,5,俺はやはりここに残ってセイワ･ゲンを捕まえたい……！,나는 역시 여기 남아서 세이와 겐을 붙잡고 싶다……!
ac41b849ea6253607bd63fccdf073614.bundle,跟隆生討論接下來如何,Branch,#Simple,14,セイワ･ゲンを追おう。,세이와 겐을 쫓자.
ac41b849ea6253607bd63fccdf073614.bundle,跟隆生討論接下來如何,Say,リュウセイ･チョウ,20,……,……
ac41b849ea6253607bd63fccdf073614.bundle,跟隆生討論接下來如何,Say,リュウセイ･チョウ,21,そうっすね。あのクズに償わせないといけないっすから！,그렇죠. 그 쓰레기한테 대가를 치르게 해야 하니까요!
ac41b849ea6253607bd63fccdf073614.bundle,跟隆生討論接下來如何,Say,リュウセイ･チョウ,22,そうっすよ！あいつを見逃しちゃだめっす！,그래요! 그놈을 놓치면 안 돼요!
ac41b849ea6253607bd63fccdf073614.bundle,跟隆生討論接下來如何,Branch,#Simple,15,やはり撤退しよう。危険過ぎる。,역시 철수하자. 너무 위험해.
ac41b849ea6253607bd63fccdf073614.bundle,跟隆生討論接下來如何,Say,心の声,6,そうじゃない……,그게 아니야……
ac41b849ea6253607bd63fccdf073614.bundle,跟隆生討論接下來如何,Say,リュウセイ･チョウ,23,……撤退？,……철수요?
ac41b849ea6253607bd63fccdf073614.bundle,跟隆生討論接下來如何,Say,リュウセイ･チョウ,24,あのクズを見逃すってことっすか！？,그 쓰레기를 놓치자는 거예요!?
ac41b849ea6253607bd63fccdf073614.bundle,跟隆生討論接下來如何,Say,リュウセイ･チョウ,25,……わかったっす。,……알겠어요.
ac41b849ea6253607bd63fccdf073614.bundle,跟隆生討論接下來如何,Say,リュウセイ･チョウ,26,確かに今は身の安全を優先させるべきっす。,확실히 지금은 신변 안전을 우선해야죠.
ac41b849ea6253607bd63fccdf073614.bundle,跟隆生討論接下來如何,Say,心の声,7,撤退だと……？,철수라고……?
ac41b849ea6253607bd63fccdf073614.bundle,跟隆生討論接下來如何,Say,心の声,8,そんなの許せるわけないだろ……！,그런 걸 용납할 수 있을 리가 없잖아……!
ac41b849ea6253607bd63fccdf073614.bundle,跟隆生討論接下來如何,Say,ジェイ･ダイ,0,俺らで……,우리가……
ac41b849ea6253607bd63fccdf073614.bundle,跟隆生討論接下來如何,Say,ジェイ･ダイ,1,あのクズを捕まえるんだ……,그 쓰레기를 잡는 거다……
ac41b849ea6253607bd63fccdf073614.bundle,跟隆生討論接下來如何,Say,リュウセイ･チョウ,27,でもさっきは……,근데 아까는……
ac41b849ea6253607bd63fccdf073614.bundle,跟隆生討論接下來如何,Say,リュウセイ･チョウ,28,……わかったっす。,……알겠어요.
ac41b849ea6253607bd63fccdf073614.bundle,跟隆生討論接下來如何,Say,リュウセイ･チョウ,29,あのクズに償わせないといけないっすからね。,그 쓰레기한테 대가를 치르게 해야 하니까요.
ac41b849ea6253607bd63fccdf073614.bundle,跟隆生討論接下來如何,Say,リュウセイ･チョウ,30,……,……
ac41b849ea6253607bd63fccdf073614.bundle,跟隆生討論接下來如何,Say,リュウセイ･チョウ,31,よし、奴を追いかけましょう。,"좋아요, 그놈을 쫓아가죠."
ac41b849ea6253607bd63fccdf073614.bundle,跟隆生討論接下來如何,Say,リュウセイ･チョウ,32,……,……
ac41b849ea6253607bd63fccdf073614.bundle,跟隆生討論接下來如何,Say,リュウセイ･チョウ,33,セイワ･ゲンを追うのなら……,세이와 겐을 쫓을 거면……
ac41b849ea6253607bd63fccdf073614.bundle,跟隆生討論接下來如何,Say,リュウセイ･チョウ,34,僕を先に行かせてください。,저를 먼저 보내주세요.
ac41b849ea6253607bd63fccdf073614.bundle,跟隆生討論接下來如何,Say,リュウセイ･チョウ,35,ジェイの兄貴はハックユニットにコピーが終わるまで待っててください。あと僕のも忘れず回収をお願いするっす。,제이 형은 해킹 유닛 복사가 끝날 때까지 기다려주세요. 그리고 제 것도 잊지 말고 회수 부탁해요.
ac41b849ea6253607bd63fccdf073614.bundle,跟隆生討論接下來如何,Branch,#Simple,16,一緒に行動しないのか？,같이 움직이지 않는 거야?
ac41b849ea6253607bd63fccdf073614.bundle,跟隆生討論接下來如何,Branch,#Simple,17,先に行って何をするつもりだ？,먼저 가서 뭘 할 셈이야?
ac41b849ea6253607bd63fccdf073614.bundle,跟隆生討論接下來如何,Branch,#Simple,18,……,……
ac41b849ea6253607bd63fccdf073614.bundle,跟隆生討論接下來如何,Say,リュウセイ･チョウ,36,警備室でセイワ･ゲンの入館記録を見ただけで、彼の詳細な居場所は今のところ不明っす。,"경비실에서 세이와 겐의 입관 기록만 봤을 뿐, 정확한 위치는 지금으로선 몰라요."
ac41b849ea6253607bd63fccdf073614.bundle,跟隆生討論接下來如何,Say,リュウセイ･チョウ,37,だからこの先にある警備室に行って、セイワ･ゲンの正確な居場所を確認したいっす。,"그러니까 이 앞에 있는 경비실에 가서, 세이와 겐의 정확한 위치를 확인하고 싶어요."
ac41b849ea6253607bd63fccdf073614.bundle,跟隆生討論接下來如何,Say,リュウセイ･チョウ,38,どうせそれを確認するのにも時間がかかるわけだし、ジェイの兄貴がコピーをしている間に確認した方が効率が良いと思っただけっす。,"어차피 그거 확인하는 데도 시간이 걸리니까, 제이 형이 복사하는 동안 확인하는 게 효율적이라고 생각했을 뿐이에요."
ac41b849ea6253607bd63fccdf073614.bundle,跟隆生討論接下來如何,Say,リュウセイ･チョウ,39,警報が鳴る様子もなさそうだし、セイワ･ゲンはまだ僕たちに気づいていないと思うっす。,"경보가 울릴 기미도 없고, 세이와 겐은 아직 저희를 눈치 못 챈 것 같아요."
ac41b849ea6253607bd63fccdf073614.bundle,跟隆生討論接下來如何,Say,リュウセイ･チョウ,40,とにかく、コピーが終わったら来てくださいっす。一本道だから迷うことはないと思うっすよ。,"아무튼, 복사가 끝나면 와주세요. 외길이니까 헤맬 일은 없을 거예요."
ac41b849ea6253607bd63fccdf073614.bundle,跟隆生討論接下來如何,Say,リュウセイ･チョウ,41,じゃ、先に行くっすね！,"그럼, 먼저 갈게요!"
ac41b849ea6253607bd63fccdf073614.bundle,取隆生破解器時,Say,心の声,0,……,……
ac41b849ea6253607bd63fccdf073614.bundle,取隆生破解器時,Say,心の声,1,こっちも終わったようだな。,이쪽도 끝난 것 같네.
ac41b849ea6253607bd63fccdf073614.bundle,取隆生破解器時,Say,心の声,2,これを外せば……,이걸 빼면……
ac41b849ea6253607bd63fccdf073614.bundle,取隆生破解器時,Say,エイコウ･フウ,0,君たちは……,너희들은……
ac41b849ea6253607bd63fccdf073614.bundle,取隆生破解器時,Say,心の声,3,……！？,……!?
ac41b849ea6253607bd63fccdf073614.bundle,取隆生破解器時,Say,エイコウ･フウ,1,盗人め……,도둑놈들……
ac41b849ea6253607bd63fccdf073614.bundle,取隆生破解器時,Say,エイコウ･フウ,2,我々の努力の結晶を返せ……！,우리의 노력의 결정체를 돌려내……!
ac41b849ea6253607bd63fccdf073614.bundle,取隆生破解器時,Branch,#Simple,0,まだ意識があったのか。,아직 의식이 있었나.
ac41b849ea6253607bd63fccdf073614.bundle,取隆生破解器時,Branch,#Simple,1,こんな変態研究所、ぶっ壊してやる！,"이런 변태 같은 연구소, 박살 내주겠어!"
ac41b849ea6253607bd63fccdf073614.bundle,取隆生破解器時,Branch,#Simple,2,……,……
ac41b849ea6253607bd63fccdf073614.bundle,取隆生破解器時,Say,エイコウ･フウ,3,き……君のボスも……私のボスも……,너……네 보스도……내 보스도……
ac41b849ea6253607bd63fccdf073614.bundle,取隆生破解器時,Say,エイコウ･フウ,4,目先のことばかりで……,눈앞의 일밖에 안 보고……
ac41b849ea6253607bd63fccdf073614.bundle,取隆生破解器時,Branch,#Simple,3,俺にボスはいない。,나한테 보스는 없어.
ac41b849ea6253607bd63fccdf073614.bundle,取隆生破解器時,Branch,#Simple,4,何の話だ。,무슨 소리야.
ac41b849ea6253607bd63fccdf073614.bundle,取隆生破解器時,Branch,#Simple,5,……,……
ac41b849ea6253607bd63fccdf073614.bundle,取隆生破解器時,Say,エイコウ･フウ,5,……,……
ac41b849ea6253607bd63fccdf073614.bundle,取隆生破解器時,Say,心の声,4,意識が朦朧しているようだ……,의식이 몽롱한 모양이다……
ac41b849ea6253607bd63fccdf073614.bundle,取隆生破解器時,Say,エイコウ･フウ,6,眠り神は……,수면신은……
ac41b849ea6253607bd63fccdf073614.bundle,取隆生破解器時,Say,エイコウ･フウ,7,我々の未来だ……,우리의 미래다……
ac41b849ea6253607bd63fccdf073614.bundle,取隆生破解器時,Say,エイコウ･フウ,8,……,……
ac41b849ea6253607bd63fccdf073614.bundle,取隆生破解器時,Say,心の声,5,気絶した……,기절했다……
ac41b849ea6253607bd63fccdf073614.bundle,取隆生破解器時,Say,心の声,6,……こんな奴に構ってる暇はない。早くリュウセイと合流しないと。,……이런 놈을 신경 쓸 틈은 없다. 빨리 류세이랑 합류해야 해.
ac41b849ea6253607bd63fccdf073614.bundle,三橋演出前對話,Say,キンセイ･ハク,0,本当にしつこい女だね！,정말로 끈질긴 여자로군!
ac41b849ea6253607bd63fccdf073614.bundle,三橋演出前對話,Say,キンセイ･ハク,1,そんなに自分のものを他人に触らせたくないのか？,그렇게까지 자기 걸 남한테 안 뺏기고 싶은 거야?
ac41b849ea6253607bd63fccdf073614.bundle,三橋演出前對話,Say,キンセイ･ハク,2,……本当にお前は殺し甲斐のある女だ。,……정말로 너는 죽일 맛 나는 여자다.
ac41b849ea6253607bd63fccdf073614.bundle,三橋演出前對話,Say,スイ･ニン,0,黙れ。,닥쳐.
ac41b849ea6253607bd63fccdf073614.bundle,三橋演出前對話,Say,スイ･ニン,1,リュウセイ、ジェイ……,"류세이, 제이……"
ac41b849ea6253607bd63fccdf073614.bundle,三橋演出前對話,Say,スイ･ニン,2,ここに残る選択をしてくれたこと、私は嬉しい。,"여기 남기로 선택해줘서, 나는 기쁘다."
ac41b849ea6253607bd63fccdf073614.bundle,三橋演出前對話,Say,スイ･ニン,3,……ありがとう。,……고마워.
ac41b849ea6253607bd63fccdf073614.bundle,三橋演出前對話,Say,リュウセイ･チョウ,0,……僕はあのクズを償わせないと気がすまないだけっす。,……저는 저 쓰레기한테 대가를 치르게 하지 않으면 성이 안 찰 뿐이에요.
ac41b849ea6253607bd63fccdf073614.bundle,三橋演出前對話,Say,スイ･ニン,4,……,……
ac41b849ea6253607bd63fccdf073614.bundle,三橋演出前對話,Say,リュウセイ･チョウ,1,でも、これこそが正しい選択。ですよね、兄貴。,"근데, 이게 옳은 선택이죠. 그렇죠, 형."
ac41b849ea6253607bd63fccdf073614.bundle,三橋演出前對話,Branch,#Simple,0,ああ。,그래.
ac41b849ea6253607bd63fccdf073614.bundle,三橋演出前對話,Branch,#Simple,1,俺はただリンを傷つけた奴に相応の報いを受けてほしいだけだ。,나는 그냥 린을 다치게 한 놈이 응당한 대가를 받았으면 할 뿐이야.
ac41b849ea6253607bd63fccdf073614.bundle,三橋演出前對話,Say,キンセイ･ハク,3,俺も感謝しないとな。なんたって、目障りな虫を一度に三匹も殺せるのだから。,"나도 감사해야겠군. 어쨌든, 눈엣가시 같은 벌레를 한 번에 세 마리나 죽일 수 있으니까."
ac41b849ea6253607bd63fccdf073614.bundle,三橋演出前對話,Say,スイ･ニン,5,ずいぶんと自信があるようだな。,꽤나 자신만만한 모양이군.
ac41b849ea6253607bd63fccdf073614.bundle,三橋演出前對話,Say,キンセイ･ハク,4,もちろんさ。,물론이지.
ac41b849ea6253607bd63fccdf073614.bundle,三橋演出前對話,Say,キンセイ･ハク,5,どうしてお前たちがメインラボに簡単に入れたと思う？,너희들이 왜 메인 랩에 쉽게 들어올 수 있었다고 생각해?
ac41b849ea6253607bd63fccdf073614.bundle,三橋演出前對話,Say,キンセイ･ハク,6,俺がここの真実をお前に見せてやりたかったからだよ。,내가 여기 진실을 너한테 보여주고 싶었으니까.
ac41b849ea6253607bd63fccdf073614.bundle,三橋演出前對話,Say,キンセイ･ハク,7,こんなものを目にしたら、お前は首を突っ込まずにはいられないだろ。,"이런 걸 목격하면, 너는 참견하지 않고는 못 배기잖아."
ac41b849ea6253607bd63fccdf073614.bundle,三橋演出前對話,Say,キンセイ･ハク,8,あの時、子どもたちを助けるために自分の命を賭けたように……,"그때, 아이들을 구하려고 자기 목숨을 걸었던 것처럼……"
ac41b849ea6253607bd63fccdf073614.bundle,三橋演出前對話,Say,キンセイ･ハク,9,この真実を見せれば、お前は自ら窮地へ飛び込む。,"이 진실을 보여주면, 너는 스스로 궁지에 뛰어들지."
ac41b849ea6253607bd63fccdf073614.bundle,三橋演出前對話,Say,キンセイ･ハク,10,俺のお前への対策は完璧だろ。,너에 대한 내 대책은 완벽하지.
ac41b849ea6253607bd63fccdf073614.bundle,三橋演出前對話,Say,スイ･ニン,6,お前の長話は聞き飽きた。,네 긴 얘기는 지겹도록 들었다.
ac41b849ea6253607bd63fccdf073614.bundle,三橋演出前對話,Say,キンセイ･ハク,11,田舎者はお喋りが大好きなもんでね。,촌놈들은 수다 떠는 걸 정말 좋아하거든.
ac41b849ea6253607bd63fccdf073614.bundle,三橋演出前對話,Say,キンセイ･ハク,12,都会育ちは冷たいね～,도시 출신은 냉정하다니까~
ac41b849ea6253607bd63fccdf073614.bundle,三橋演出前對話,Say,スイ･ニン,7,リュウセイ、ジェイ……,"류세이, 제이……"
ac41b849ea6253607bd63fccdf073614.bundle,三橋演出前對話,Say,スイ･ニン,8,隙をうかがってここから逃げろ。先へ進むんだ……,틈을 봐서 여기서 도망쳐라. 앞으로 나아가……
ac41b849ea6253607bd63fccdf073614.bundle,三橋演出前對話,Say,リュウセイ･チョウ,2,でも……,근데……
ac41b849ea6253607bd63fccdf073614.bundle,三橋演出前對話,Say,キンセイ･ハク,13,ところでスイ･ニン。,그건 그렇고 스이 닌.
ac41b849ea6253607bd63fccdf073614.bundle,三橋演出前對話,Say,キンセイ･ハク,14,お前はすべて罠だとわかっていながら、ここへ来たな。,"너는 전부 함정이라는 걸 알면서도, 여기 왔군."
ac41b849ea6253607bd63fccdf073614.bundle,三橋演出前對話,Say,キンセイ･ハク,15,罠を恐れもせずに堂々とやって来るとは……,함정을 두려워하지도 않고 당당하게 오다니……
ac41b849ea6253607bd63fccdf073614.bundle,三橋演出前對話,Say,キンセイ･ハク,16,少しも俺のことを恐れていないことがよくわかったよ。俺は自信喪失だ！,조금도 나를 두려워하지 않는다는 걸 잘 알았어. 나 자신감 상실이다!
ac41b849ea6253607bd63fccdf073614.bundle,三橋演出前對話,Say,キンセイ･ハク,17,お前が悪意をもって、俺を殺したいわけではないことはわかるが……,"네가 악의를 갖고, 나를 죽이고 싶은 게 아니라는 건 알지만……"
ac41b849ea6253607bd63fccdf073614.bundle,三橋演出前對話,Say,スイ･ニン,9,悪意はある。,악의는 있다.
ac41b849ea6253607bd63fccdf073614.bundle,三橋演出前對話,Say,キンセイ･ハク,18,何？,뭐요?
ac41b849ea6253607bd63fccdf073614.bundle,三橋演出前對話,Say,スイ･ニン,10,悪意はあると言ったんだ。,악의는 있다고 말했다.
ac41b849ea6253607bd63fccdf073614.bundle,三橋演出前對話,Say,スイ･ニン,11,君程度の奴が仕掛ける罠など、恐れるに足りない。,"너 정도 되는 놈이 놓은 함정 따위, 두려워할 것도 못 된다."
ac41b849ea6253607bd63fccdf073614.bundle,三橋演出前對話,Say,キンセイ･ハク,19,……俺を挑発しているのか？,……나를 도발하는 건가?
ac41b849ea6253607bd63fccdf073614.bundle,三橋演出前對話,Say,スイ･ニン,12,どうだろうな。,글쎄다.
ac41b849ea6253607bd63fccdf073614.bundle,三橋演出前對話,Say,キンセイ･ハク,20,ハハハ……,하하하……
ac41b849ea6253607bd63fccdf073614.bundle,三橋演出前對話,Say,キンセイ･ハク,21,お前がそこまで怒ったところを初めて見た。,네가 그렇게까지 화낸 모습은 처음 보는군.
ac41b849ea6253607bd63fccdf073614.bundle,三橋演出前對話,Say,スイ･ニン,13,……,……
ac41b849ea6253607bd63fccdf073614.bundle,三橋演出前對話,Say,キンセイ･ハク,22,あの研究員から何か聞いたのか？,그 연구원한테서 뭔가 들은 건가?
ac41b849ea6253607bd63fccdf073614.bundle,三橋演出前對話,Say,キンセイ･ハク,23,あいつらとはよく話をしてたんだ。よく働く奴らだった。,그놈들이랑은 자주 얘기했었지. 일 잘하는 놈들이었어.
ac41b849ea6253607bd63fccdf073614.bundle,三橋演出前對話,Say,スイ･ニン,14,……,……
ac41b849ea6253607bd63fccdf073614.bundle,三橋演出前對話,Say,キンセイ･ハク,24,ハハハ……,하하하……
ac41b849ea6253607bd63fccdf073614.bundle,三橋演出前對話,Say,キンセイ･ハク,25,お前が助けたかった「もの」が、こんなにも醜いとは思わなかっただろう？,"네가 구하고 싶었던 '것'이, 이렇게까지 추악할 줄은 몰랐겠지?"
ac41b849ea6253607bd63fccdf073614.bundle,三橋演出前對話,Say,キンセイ･ハク,26,どうだ？最悪の気分か？,어때? 최악의 기분인가?
ac41b849ea6253607bd63fccdf073614.bundle,三橋演出前對話,Say,キンセイ･ハク,27,もうお前が必死になる必要はない。,이제 네가 필사적으로 굴 필요는 없어.
ac41b849ea6253607bd63fccdf073614.bundle,三橋演出前對話,Say,スイ･ニン,15,……,……
ac41b849ea6253607bd63fccdf073614.bundle,三橋演出前對話,Say,スイ･ニン,16,それは違う。,그건 틀렸다.
ac41b849ea6253607bd63fccdf073614.bundle,三橋演出前對話,Say,キンセイ･ハク,28,……そう言うと思ったさ。,……그렇게 말할 줄 알았지.
ac41b849ea6253607bd63fccdf073614.bundle,三橋演出前對話,Say,キンセイ･ハク,29,だからこそ……,그렇기 때문에……
ac41b849ea6253607bd63fccdf073614.bundle,三橋演出前對話,Say,キンセイ･ハク,30,俺はお前を殺したくて仕方ないんだ。,나는 너를 죽이고 싶어서 견딜 수가 없는 거다.
ac41b849ea6253607bd63fccdf073614.bundle,跑酷結束,Say,心の声,0,リュウセイ……！？,류세이……!?
ac41b849ea6253607bd63fccdf073614.bundle,跑酷結束,Say,心の声,1,クソッ、反対側に閉じ込められた……,"젠장, 반대편에 갇혀버렸다……"
ac41b849ea6253607bd63fccdf073614.bundle,跑酷結束,Say,心の声,2,俺は……,나는……
ac41b849ea6253607bd63fccdf073614.bundle,跑酷結束,Say,心の声,3,……,……
ac41b849ea6253607bd63fccdf073614.bundle,跑酷結束,Say,心の声,4,今は一刻も早くセイワ･ゲンを捕まえるべきだ……,지금은 한시라도 빨리 세이와 겐을 붙잡아야 한다……
ac41b849ea6253607bd63fccdf073614.bundle,跑酷結束,Say,心の声,5,先へ進もう……！,앞으로 나아가자……!
ac41b849ea6253607bd63fccdf073614.bundle,跑酷開始,Say,リュウセイ･チョウ,0,逃げて！！！,도망쳐요!!!
ac41b849ea6253607bd63fccdf073614.bundle,碰上副官,Say,セイ･ラ,0,……,……
ac41b849ea6253607bd63fccdf073614.bundle,碰上副官,Say,セイ･ラ,1,またお前か。,또 너냐.
ac41b849ea6253607bd63fccdf073614.bundle,碰上副官,Say,心の声,0,こいつは……！,이놈은……!
ac41b849ea6253607bd63fccdf073614.bundle,碰上副官,Say,セイ･ラ,2,ジェイ･ダイ。,제이 다이.
ac41b849ea6253607bd63fccdf073614.bundle,碰上副官,Say,セイ･ラ,3,お前はこんな状況でも、未だに良い結末が迎えられると……,"너는 이런 상황에서도, 여전히 좋은 결말을 맞을 수 있다고……"
ac41b849ea6253607bd63fccdf073614.bundle,碰上副官,Say,セイ･ラ,4,盲目的に信じている……,맹목적으로 믿고 있군……
ac41b849ea6253607bd63fccdf073614.bundle,碰上副官,Branch,#Simple,0,ここはもうお終いだ。お前のボスも必ず捕まる。,여기는 이제 끝났다. 네 보스도 반드시 붙잡힐 거다.
ac41b849ea6253607bd63fccdf073614.bundle,碰上副官,Say,セイ･ラ,5,ほう……,호오……
ac41b849ea6253607bd63fccdf073614.bundle,碰上副官,Branch,#Simple,1,無駄口はいい。かかってこい。,쓸데없는 소리는 됐다. 덤벼라.
ac41b849ea6253607bd63fccdf073614.bundle,碰上副官,Branch,#Simple,2,悪いが俺はそんなことは思っていない。,미안하지만 나는 그렇게 생각 안 해.
ac41b849ea6253607bd63fccdf073614.bundle,碰上副官,Say,セイ･ラ,6,……そうなのか？,……그런가?
ac41b849ea6253607bd63fccdf073614.bundle,碰上副官,Branch,#Simple,3,……,……
ac41b849ea6253607bd63fccdf073614.bundle,碰上副官,Say,セイ･ラ,7,まあ、いい。,"뭐, 됐다."
ac41b849ea6253607bd63fccdf073614.bundle,副官二階段對話,Say,心の声,0,はぁ……はぁ……,하아……하아……
ac41b849ea6253607bd63fccdf073614.bundle,副官二階段對話,Say,心の声,1,こいつのスピードにはついていけそうだ……,이놈의 속도에는 따라갈 수 있을 것 같다……
ac41b849ea6253607bd63fccdf073614.bundle,副官二階段對話,Say,セイ･ラ,0,お前、以前とは変わったな。,"너, 예전이랑 달라졌군."
ac41b849ea6253607bd63fccdf073614.bundle,副官二階段對話,Say,セイ･ラ,1,……何があった？,……무슨 일이 있었지?
ac41b849ea6253607bd63fccdf073614.bundle,副官二階段對話,Branch,#Simple,0,より自分の力を理解した。,내 힘을 더 잘 이해하게 됐어.
ac41b849ea6253607bd63fccdf073614.bundle,副官二階段對話,Branch,#Simple,1,そんなことはどうでもいい。お前はここでお終いだ。,그런 건 아무래도 상관없다. 너는 여기서 끝이다.
ac41b849ea6253607bd63fccdf073614.bundle,副官二階段對話,Branch,#Simple,2,お前が弱くなっただけじゃないか？,네가 약해진 것뿐 아니야?
ac41b849ea6253607bd63fccdf073614.bundle,副官二階段對話,Branch,#Simple,3,死ね！,죽어라!
ac41b849ea6253607bd63fccdf073614.bundle,副官二階段對話,Say,セイ･ラ,2,……,……
ac41b849ea6253607bd63fccdf073614.bundle,副官二階段對話,Say,セイ･ラ,3,さあ、すべてを終わらせよう。,"자, 전부 끝내자."
ac41b849ea6253607bd63fccdf073614.bundle,副官倒地,Say,セイ･ラ,0,クソが……,젠장……
ac41b849ea6253607bd63fccdf073614.bundle,副官倒地,Say,心の声,0,彼のパワードスーツが止まった……,그의 파워드 슈트가 멈췄다……
ac41b849ea6253607bd63fccdf073614.bundle,副官倒地,Say,心の声,1,こいつはもう動けない。,이놈은 이제 못 움직인다.
ac41b849ea6253607bd63fccdf073614.bundle,副官倒地,Say,セイ･ラ,1,……,……
ac41b849ea6253607bd63fccdf073614.bundle,副官倒地,Say,セイ･ラ,2,お前が改造人間であることは知っていたが……,네가 개조 인간이라는 건 알고 있었지만……
ac41b849ea6253607bd63fccdf073614.bundle,副官倒地,Say,セイ･ラ,3,まさかここまで厄介だったとはな。,설마 이렇게까지 성가실 줄이야.
ac41b849ea6253607bd63fccdf073614.bundle,副官倒地,Say,セイ･ラ,4,まさかお前らは皆、スイ･ニンのようなあんな……,"설마 너희들 전부, 스이 닌 같은 그런……"
ac41b849ea6253607bd63fccdf073614.bundle,副官倒地,Branch,#Simple,0,化け物みたいか？,괴물 같다는 거야?
ac41b849ea6253607bd63fccdf073614.bundle,副官倒地,Say,セイ･ラ,5,……,……
ac41b849ea6253607bd63fccdf073614.bundle,副官倒地,Say,セイ･ラ,6,そう呼んでいるのはホワイトリザードだけだ。,그렇게 부르는 건 화이트 리자드뿐이야.
ac41b849ea6253607bd63fccdf073614.bundle,副官倒地,Say,セイ･ラ,7,お前らが人間であることくらい皆わかっている。,너희들이 인간이라는 것 정도는 다들 알고 있어.
ac41b849ea6253607bd63fccdf073614.bundle,副官倒地,Say,セイ･ラ,8,だが、だからと言って現実は変わらない。,"하지만, 그렇다고 현실이 변하는 건 아니지."
ac41b849ea6253607bd63fccdf073614.bundle,副官倒地,Say,セイ･ラ,9,お前らは危険過ぎる。だから一般社会から隔離され……,너희들은 너무 위험해. 그래서 일반 사회에서 격리돼서……
ac41b849ea6253607bd63fccdf073614.bundle,副官倒地,Say,セイ･ラ,10,武器として管理されながら生きるしかない。,무기로 관리당하면서 살아갈 수밖에 없지.
ac41b849ea6253607bd63fccdf073614.bundle,副官倒地,Branch,#Simple,1,……,……
ac41b849ea6253607bd63fccdf073614.bundle,副官倒地,Say,セイ･ラ,11,……,……
ac41b849ea6253607bd63fccdf073614.bundle,副官倒地,Say,心の声,2,こいつの話を聞いても時間の無駄だ……,이놈 얘기를 들어봤자 시간 낭비다……
ac41b849ea6253607bd63fccdf073614.bundle,副官倒地,Say,心の声,3,早くセイワ･ゲンを追わないと逃げられてしまう……,빨리 세이와 겐을 쫓지 않으면 놓쳐버린다……
ac41b849ea6253607bd63fccdf073614.bundle,副官倒地,Say,セイ･ラ,12,お前は……,너는……
ac41b849ea6253607bd63fccdf073614.bundle,副官倒地,Say,セイ･ラ,13,俺を殺さないのか……？,나를 안 죽이는 거냐……?
ac41b849ea6253607bd63fccdf073614.bundle,副官倒地,Branch,#Simple,2,[殺す],[죽인다]
ac41b849ea6253607bd63fccdf073614.bundle,副官倒地,Branch,#Simple,3,俺はセイワ･ゲンを追う。,나는 세이와 겐을 쫓는다.
ac41b849ea6253607bd63fccdf073614.bundle,副官倒地,Say,セイ･ラ,14,それは不可能だ。,그건 불가능하다.
ac41b849ea6253607bd63fccdf073614.bundle,副官倒地,Say,セイ･ラ,15,彼はすでにここから離れた。それにお前はエレベーターの権限を持っていない。,그자는 이미 여기서 떠났어. 게다가 너는 엘리베이터 권한이 없잖아.
ac41b849ea6253607bd63fccdf073614.bundle,副官倒地,Say,セイ･ラ,16,今のお前にできることはここから立ち去るか……,지금 네가 할 수 있는 건 여기서 떠나거나……
ac41b849ea6253607bd63fccdf073614.bundle,副官倒地,Say,セイ･ラ,17,俺を殺してから立ち去るかだ。,나를 죽이고 나서 떠나는 것뿐이지.
ac41b849ea6253607bd63fccdf073614.bundle,副官倒地,Say,心の声,4,こいつを殺しても何の意味もない……,이놈을 죽여봤자 아무 의미도 없다……
ac41b849ea6253607bd63fccdf073614.bundle,副官倒地,Say,心の声,5,それより早くセイワ･ゲンを追う方法を考えるべきだ。,그것보다 빨리 세이와 겐을 쫓을 방법을 생각해야 한다.
ac41b849ea6253607bd63fccdf073614.bundle,副官倒地,Say,セイ･ラ,18,……,……
ac41b849ea6253607bd63fccdf073614.bundle,副官倒地,Say,セイ･ラ,19,殺さないつもりか？お前はここへ何をしに来たんだ……？,안 죽일 셈이야? 너는 여기 뭐 하러 온 거지……?
ac41b849ea6253607bd63fccdf073614.bundle,副官倒地,Say,心の声,6,こいつは何が言いたいんだ……,이놈은 무슨 말이 하고 싶은 거지……
ac41b849ea6253607bd63fccdf073614.bundle,副官倒地,Say,セイ･ラ,20,なるほどな……お前は俺を憎んでいないのか。,그렇군……너는 나를 미워하지 않는 건가.
ac41b849ea6253607bd63fccdf073614.bundle,副官倒地,Say,セイ･ラ,21,俺はお前の彼女に危害を加えてはいない。,나는 네 여자친구한테 위해를 가하지 않았어.
ac41b849ea6253607bd63fccdf073614.bundle,副官倒地,Say,セイ･ラ,22,お前にとって俺は顔すら知らない人間だ。,너한테 나는 얼굴조차 모르는 인간이지.
ac41b849ea6253607bd63fccdf073614.bundle,副官倒地,Say,セイ･ラ,23,つまりお前は動機もなしに、ここへやって来たということだ。,"즉 너는 아무런 동기도 없이, 여기 온 거란 거군."
ac41b849ea6253607bd63fccdf073614.bundle,副官倒地,Say,セイ･ラ,24,ここで倒れているのがホワイトリザードだったら、お前は躊躇なく殺しただろうな。,"여기 쓰러져 있는 게 화이트 리자드였다면, 너는 망설임 없이 죽였겠지."
ac41b849ea6253607bd63fccdf073614.bundle,副官倒地,Branch,#Simple,4,何が言いたい？俺に殺されたいのか？,무슨 말이 하고 싶은 거지? 나한테 죽고 싶은 거야?
ac41b849ea6253607bd63fccdf073614.bundle,副官倒地,Say,セイ･ラ,25,命なんてどうでもいい。,목숨 따위 아무래도 상관없어.
ac41b849ea6253607bd63fccdf073614.bundle,副官倒地,Branch,#Simple,5,確かに目の前にいるのが彼なら殺してたな。,확실히 눈앞에 있는 게 그놈이었으면 죽였을 거다.
ac41b849ea6253607bd63fccdf073614.bundle,副官倒地,Branch,#Simple,6,[殺す],[죽인다]
ac41b849ea6253607bd63fccdf073614.bundle,副官倒地,Branch,#Simple,7,……,……
ac41b849ea6253607bd63fccdf073614.bundle,副官倒地,Say,セイ･ラ,26,彼の言う通りだな……,저놈 말대로군……
ac41b849ea6253607bd63fccdf073614.bundle,副官倒地,Say,セイ･ラ,27,お前らのような人間はいつもそうだ……,너희 같은 인간들은 항상 그렇지……
ac41b849ea6253607bd63fccdf073614.bundle,副官倒地,Say,セイ･ラ,28,自分の正義を貫くためなら、俺を生かした結果がどうなろうと、どうでもいいと思っている。,"자기 정의를 관철하기 위해서라면, 나를 살려둔 결과가 어떻게 되든, 상관없다고 생각하지."
ac41b849ea6253607bd63fccdf073614.bundle,副官倒地,Say,セイ･ラ,29,俺が生き延びることで、再びお前の前に立ちはだかる可能性はいくらでもあるのに。,"내가 살아남아서, 다시 네 앞을 가로막을 가능성은 얼마든지 있는데도."
ac41b849ea6253607bd63fccdf073614.bundle,副官倒地,Say,セイ･ラ,30,それでもお前は人を殺したくないからと、俺を生かす。,"그런데도 너는 사람을 죽이고 싶지 않다는 이유로, 나를 살려두지."
ac41b849ea6253607bd63fccdf073614.bundle,副官倒地,Say,セイ･ラ,31,一見高尚な行為にも見えるが、ただ自分可愛さに都合の良い選択をしているだけだ。,"언뜻 고상한 행위로 보이지만, 그냥 제 몸 아끼려고 편한 선택을 하고 있는 것뿐이야."
ac41b849ea6253607bd63fccdf073614.bundle,副官倒地,Say,セイ･ラ,32,己の手を汚したくないからと、するべきことから目を逸らす……,"제 손을 더럽히기 싫다고, 해야 할 일에서 눈을 돌리지……"
ac41b849ea6253607bd63fccdf073614.bundle,副官倒地,Say,セイ･ラ,33,愚かな偽善者だ。,어리석은 위선자다.
ac41b849ea6253607bd63fccdf073614.bundle,副官倒地,Branch,#Simple,8,文句の多い奴だ。,불평이 많은 녀석이군.
ac41b849ea6253607bd63fccdf073614.bundle,副官倒地,Say,セイ･ラ,34,お前らみたいな偽善者ばかりの世界で生きていれば、文句や愚痴の一つくらい出るだろ？,"너희 같은 위선자투성이인 세상에서 살고 있으면, 불평이나 넋두리 하나쯤은 나오지 않겠어?"
ac41b849ea6253607bd63fccdf073614.bundle,副官倒地,Say,セイ･ラ,35,それとも俺は間違ったことを言っているか？,아니면 내가 틀린 말을 하고 있는 건가?
ac41b849ea6253607bd63fccdf073614.bundle,副官倒地,Say,セイ･ラ,36,お前は俺を殺す「べき」だとわかっているにも関わらず、偽善が邪魔をし目を瞑った。,"너는 나를 죽여야 '한다'는 걸 알면서도, 위선이 방해해서 눈을 감았지."
ac41b849ea6253607bd63fccdf073614.bundle,副官倒地,Branch,#Simple,9,確かにお前の言う通り殺すべきだった。,확실히 네 말대로 죽였어야 했겠지.
ac41b849ea6253607bd63fccdf073614.bundle,副官倒地,Say,セイ･ラ,37,なら殺せ。,그럼 죽여.
ac41b849ea6253607bd63fccdf073614.bundle,副官倒地,Branch,#Simple,10,俺に殺す意志はない。それに今のお前に何ができる？,나는 죽일 생각 없어. 게다가 지금 네가 뭘 할 수 있지?
ac41b849ea6253607bd63fccdf073614.bundle,副官倒地,Say,セイ･ラ,38,何だと……,뭐라고……
ac41b849ea6253607bd63fccdf073614.bundle,副官倒地,Branch,#Simple,11,[殺す],[죽인다]
ac41b849ea6253607bd63fccdf073614.bundle,副官倒地,Branch,#Simple,12,自分の正義を持たないお前が、すべての人間を偽善者と捉えるのも無理はないな。,"자기 정의를 갖지 못한 너니까, 모든 인간을 위선자로 보는 것도 무리는 아니지."
ac41b849ea6253607bd63fccdf073614.bundle,副官倒地,Branch,#Simple,13,お前のような人間が、人の「善」を語るな。,"너 같은 인간이, 남의 '선'을 논하지 마라."
ac41b849ea6253607bd63fccdf073614.bundle,副官倒地,Say,セイ･ラ,39,何だと……,뭐라고……
ac41b849ea6253607bd63fccdf073614.bundle,副官倒地,Branch,#Simple,14,どう考えるのもお前の勝手だ。,어떻게 생각하든 네 마음이지.
ac41b849ea6253607bd63fccdf073614.bundle,副官倒地,Say,セイ･ラ,40,俺の言いたいことは以上だ。,내가 하고 싶은 말은 이게 다다.
ac41b849ea6253607bd63fccdf073614.bundle,副官倒地,Branch,#Simple,15,俺はあんたを殺さない。,나는 당신을 죽이지 않아.
ac41b849ea6253607bd63fccdf073614.bundle,副官倒地,Branch,#Simple,16,死にたいなら勝手に死ね。,죽고 싶으면 알아서 죽어.
ac41b849ea6253607bd63fccdf073614.bundle,副官倒地,Say,セイ･ラ,41,……フン。,……흥.
ac41b849ea6253607bd63fccdf073614.bundle,副官倒地,Branch,#Simple,17,[殺す],[죽인다]
ac41b849ea6253607bd63fccdf073614.bundle,副官倒地,Branch,#Simple,18,高尚も何も、ただお前が腐りすぎているだけだ。,"고상하고 자시고, 그냥 네가 너무 썩어빠진 것뿐이야."
ac41b849ea6253607bd63fccdf073614.bundle,副官倒地,Say,セイ･ラ,42,……,……
ac41b849ea6253607bd63fccdf073614.bundle,副官倒地,Say,セイ･ラ,43,俺を否定しても事実は変わらない。,나를 부정해도 사실은 변하지 않아.
ac41b849ea6253607bd63fccdf073614.bundle,副官倒地,Branch,#Simple,19,[殺す],[죽인다]
ac41b849ea6253607bd63fccdf073614.bundle,隆生主角進電梯追嚴勝和,Say,リュウセイ･チョウ,0,はぁ……,하아……
ac41b849ea6253607bd63fccdf073614.bundle,隆生主角進電梯追嚴勝和,Say,リュウセイ･チョウ,1,間に合うっすかね……,시간에 맞출 수 있을까요……
ac41b849ea6253607bd63fccdf073614.bundle,隆生主角進電梯追嚴勝和,Say,リュウセイ･チョウ,2,……,……
ac41b849ea6253607bd63fccdf073614.bundle,隆生主角進電梯追嚴勝和,Branch,#Simple,0,どの階に止まればいい？,몇 층에 서면 돼?
ac41b849ea6253607bd63fccdf073614.bundle,隆生主角進電梯追嚴勝和,Say,リュウセイ･チョウ,3,目的の階に直通のエレベーターだから、大丈夫っす。,"목적지 층으로 직통하는 엘리베이터니까, 괜찮아요."
ac41b849ea6253607bd63fccdf073614.bundle,隆生主角進電梯追嚴勝和,Branch,#Simple,1,結構速いな。,꽤 빠르네.
ac41b849ea6253607bd63fccdf073614.bundle,隆生主角進電梯追嚴勝和,Say,リュウセイ･チョウ,4,はい、地上への直通エレベーターっすから。,"네, 지상까지 직통 엘리베이터니까요."
ac41b849ea6253607bd63fccdf073614.bundle,隆生主角進電梯追嚴勝和,Branch,#Simple,2,……,……
ac41b849ea6253607bd63fccdf073614.bundle,隆生主角進電梯追嚴勝和,Say,リュウセイ･チョウ,5,……資料通りなら、このエレベーターはサイレントの屋上に繋がっているっす。,"……자료대로라면, 이 엘리베이터는 사일런트 옥상으로 연결돼요."
ac41b849ea6253607bd63fccdf073614.bundle,隆生主角進電梯追嚴勝和,Say,心の声,0,サイレントの屋上に？,사일런트 옥상으로?
ac41b849ea6253607bd63fccdf073614.bundle,隆生主角進電梯追嚴勝和,Say,リュウセイ･チョウ,6,多分セイワ･ゲンの移動手段のために作られたものっすね。,아마 세이와 겐의 이동 수단으로 만들어진 걸 거예요.
ac41b849ea6253607bd63fccdf073614.bundle,隆生主角進電梯追嚴勝和,Say,リュウセイ･チョウ,7,彼はいつもドローンに乗って工業エリアを飛び回っているっすからね。,그놈은 항상 드론을 타고 공업 지구를 날아다니니까요.
ac41b849ea6253607bd63fccdf073614.bundle,隆生主角進電梯追嚴勝和,Say,リュウセイ･チョウ,8,セイワ･ゲンがあれほど頻繁にサイレントに訪れていたのも、この施設へ来るためかもしれないっすね。,"세이와 겐이 그렇게나 자주 사일런트를 방문했던 것도, 이 시설에 오기 위해서였을지도 모르겠네요."
ac41b849ea6253607bd63fccdf073614.bundle,隆生主角進電梯追嚴勝和,Say,リュウセイ･チョウ,9,……,……
ac41b849ea6253607bd63fccdf073614.bundle,隆生主角進電梯追嚴勝和,Say,リュウセイ･チョウ,10,ゴホッ、ゴホッ……！！,"콜록, 콜록……!!"
ac41b849ea6253607bd63fccdf073614.bundle,隆生主角進電梯追嚴勝和,Say,心の声,1,そういえば……,그러고 보니……
ac41b849ea6253607bd63fccdf073614.bundle,隆生主角進電梯追嚴勝和,Say,心の声,2,リュウセイはどうやってあの状況から逃げられたんだ……,류세이는 그 상황에서 어떻게 도망친 거지……
ac41b849ea6253607bd63fccdf073614.bundle,隆生主角進電梯追嚴勝和,Branch,#Simple,3,どうやってあの傭兵から逃げた？,그 용병들한테서 어떻게 도망친 거야?
ac41b849ea6253607bd63fccdf073614.bundle,隆生主角進電梯追嚴勝和,Branch,#Simple,4,どうやってあのパスを手に入れた？,그 패스는 어떻게 손에 넣은 거야?
ac41b849ea6253607bd63fccdf073614.bundle,隆生主角進電梯追嚴勝和,Say,リュウセイ･チョウ,11,……,……
ac41b849ea6253607bd63fccdf073614.bundle,隆生主角進電梯追嚴勝和,Say,リュウセイ･チョウ,12,扉が閉まった後、しばらく停電してたっすよね？,"문이 닫힌 후, 한동안 정전됐었잖아요?"
ac41b849ea6253607bd63fccdf073614.bundle,隆生主角進電梯追嚴勝和,Say,心の声,3,確かに真っ暗だったな……,확실히 캄캄했었지……
ac41b849ea6253607bd63fccdf073614.bundle,隆生主角進電梯追嚴勝和,Say,リュウセイ･チョウ,13,それに乗じて、こっそり廊下に出た僕はとある小部屋で息を潜め……,"그 틈을 타서, 몰래 복도로 나온 저는 어떤 작은 방에서 숨을 죽이고 있다가……"
ac41b849ea6253607bd63fccdf073614.bundle,隆生主角進電梯追嚴勝和,Say,リュウセイ･チョウ,14,闇に紛れて不意打ちをかましたっす。,어둠에 숨어서 기습을 날렸어요.
ac41b849ea6253607bd63fccdf073614.bundle,隆生主角進電梯追嚴勝和,Say,リュウセイ･チョウ,15,そして彼らに気づかれる前にパスを盗み出した僕は、別の通路から逃げたってわけっす。,"그리고 그놈들이 눈치채기 전에 패스를 훔쳐낸 저는, 다른 통로로 도망친 거예요."
ac41b849ea6253607bd63fccdf073614.bundle,隆生主角進電梯追嚴勝和,Say,リュウセイ･チョウ,16,この施設の道を暗記しといて本当によかったっす……,이 시설 길을 미리 외워둔 게 정말 다행이에요……
ac41b849ea6253607bd63fccdf073614.bundle,隆生主角進電梯追嚴勝和,Branch,#Simple,5,……,……
ac41b849ea6253607bd63fccdf073614.bundle,隆生主角進電梯追嚴勝和,Say,リュウセイ･チョウ,17,……,……
ac41b849ea6253607bd63fccdf073614.bundle,隆生主角進電梯追嚴勝和,Say,リュウセイ･チョウ,18,スイ姉も大丈夫そうっすね……,스이 누나도 괜찮은 것 같네요……
ac41b849ea6253607bd63fccdf073614.bundle,隆生主角進電梯追嚴勝和,Branch,#Simple,6,どうしてわかる？,어떻게 알아?
ac41b849ea6253607bd63fccdf073614.bundle,隆生主角進電梯追嚴勝和,Branch,#Simple,7,さすがだな。,역시 대단하네.
ac41b849ea6253607bd63fccdf073614.bundle,隆生主角進電梯追嚴勝和,Say,リュウセイ･チョウ,19,……そうっすね。,……그렇네요.
ac41b849ea6253607bd63fccdf073614.bundle,隆生主角進電梯追嚴勝和,Branch,#Simple,8,……,……
ac41b849ea6253607bd63fccdf073614.bundle,隆生主角進電梯追嚴勝和,Say,リュウセイ･チョウ,20,爆破装置に表示されている爆弾が増えているっす。スイ姉が爆弾を次々と設置している証拠っすよ。,폭파 장치에 표시된 폭탄이 늘어나고 있어요. 스이 누나가 폭탄을 계속 설치하고 있다는 증거죠.
ac41b849ea6253607bd63fccdf073614.bundle,隆生主角進電梯追嚴勝和,Say,リュウセイ･チョウ,21,すでに10個以上設置したみたいっすね。もうすぐで設置し終わるはずっす……,벌써 10개 이상 설치한 것 같네요. 곧 설치가 끝날 거예요……
ac41b849ea6253607bd63fccdf073614.bundle,隆生主角進電梯追嚴勝和,Say,リュウセイ･チョウ,22,このスイッチを押せば、いつでもこの施設を吹っ飛ばせるっすよ。,"이 스위치를 누르면, 언제든지 이 시설을 날려버릴 수 있어요."
ac41b849ea6253607bd63fccdf073614.bundle,隆生主角進電梯追嚴勝和,Branch,#Simple,9,まだ押さないのか？,아직 안 누르는 거야?
ac41b849ea6253607bd63fccdf073614.bundle,隆生主角進電梯追嚴勝和,Say,リュウセイ･チョウ,23,スイ姉がまだ中にいるっすから。,스이 누나가 아직 안에 있으니까요.
ac41b849ea6253607bd63fccdf073614.bundle,隆生主角進電梯追嚴勝和,Say,リュウセイ･チョウ,24,僕たちは爆破の影響を受けない安全な場所にいるけど、スイ姉はそうもいかないっす。,"저희는 폭발 영향을 안 받는 안전한 곳에 있지만, 스이 누나는 그렇지가 않으니까요."
ac41b849ea6253607bd63fccdf073614.bundle,隆生主角進電梯追嚴勝和,Branch,#Simple,10,後はスイ･ニンがスイッチを押すのを待つだけだな。,이제 스이 닌이 스위치를 누르길 기다리기만 하면 되는군.
ac41b849ea6253607bd63fccdf073614.bundle,隆生主角進電梯追嚴勝和,Say,リュウセイ･チョウ,25,スイ姉の脱出が不可能だった場合は、僕たちが押すことになるっすけど……,"스이 누나가 탈출이 불가능해지면, 저희가 누르게 되겠지만……"
ac41b849ea6253607bd63fccdf073614.bundle,隆生主角進電梯追嚴勝和,Branch,#Simple,11,スイ･ニンなら大丈夫だ。きっと逃げられる。,스이 닌이라면 괜찮아. 분명 탈출할 수 있을 거야.
ac41b849ea6253607bd63fccdf073614.bundle,隆生主角進電梯追嚴勝和,Say,リュウセイ･チョウ,26,はい……,네……
ac41b849ea6253607bd63fccdf073614.bundle,隆生主角進電梯追嚴勝和,Branch,#Simple,12,そうだな。,그렇지.
ac41b849ea6253607bd63fccdf073614.bundle,隆生主角進電梯追嚴勝和,Branch,#Simple,13,……,……
ac41b849ea6253607bd63fccdf073614.bundle,隆生主角進電梯追嚴勝和,Branch,#Simple,14,……,……
ac41b849ea6253607bd63fccdf073614.bundle,隆生主角進電梯追嚴勝和,Say,リュウセイ･チョウ,27,……,……
ac41b849ea6253607bd63fccdf073614.bundle,隆生主角進電梯追嚴勝和,Say,リュウセイ･チョウ,28,うぐっ……！？,으윽……!?
ac41b849ea6253607bd63fccdf073614.bundle,隆生主角進電梯追嚴勝和,Branch,#Simple,15,どうした！？,왜 그래!?
ac41b849ea6253607bd63fccdf073614.bundle,隆生主角進電梯追嚴勝和,Branch,#Simple,16,まさか撃たれたのか！？,설마 총에 맞은 거야!?
ac41b849ea6253607bd63fccdf073614.bundle,隆生主角進電梯追嚴勝和,Branch,#Simple,17,……,……
ac41b849ea6253607bd63fccdf073614.bundle,隆生主角進電梯追嚴勝和,Say,リュウセイ･チョウ,29,……大丈夫っす。,……괜찮아요.
ac41b849ea6253607bd63fccdf073614.bundle,隆生主角進電梯追嚴勝和,Say,リュウセイ･チョウ,30,動きすぎて、以前刺された傷口が開いただけっす。,"너무 많이 움직여서, 전에 찔린 상처가 벌어진 것뿐이에요."
ac41b849ea6253607bd63fccdf073614.bundle,隆生主角進電梯追嚴勝和,Say,リュウセイ･チョウ,31,心配ないっす。,걱정 없어요.
ac41b849ea6253607bd63fccdf073614.bundle,隆生主角進電梯追嚴勝和,Branch,#Simple,18,もし屋上にセイワ･ゲンの護衛がいたらどうする？,만약 옥상에 세이와 겐 경호원이 있으면 어떡할 거야?
ac41b849ea6253607bd63fccdf073614.bundle,隆生主角進電梯追嚴勝和,Say,リュウセイ･チョウ,32,その可能性は低いと思うっす……,그럴 가능성은 낮다고 생각해요……
ac41b849ea6253607bd63fccdf073614.bundle,隆生主角進電梯追嚴勝和,Say,リュウセイ･チョウ,33,セイワ･ゲンがエレベーターに入った瞬間に彼から護衛は外れたはずっす。,세이와 겐이 엘리베이터에 탄 순간 경호원은 떨어져 나갔을 거예요.
ac41b849ea6253607bd63fccdf073614.bundle,隆生主角進電梯追嚴勝和,Say,リュウセイ･チョウ,34,僕たちがパスを手に入れ、しかも警備を倒したとは、流石に想定していないと思うっす……,"저희가 패스를 손에 넣고, 게다가 경비까지 쓰러뜨렸다고는, 아무래도 예상 못 했을 거예요……"
ac41b849ea6253607bd63fccdf073614.bundle,隆生主角進電梯追嚴勝和,Branch,#Simple,19,まだ動けるのか？,아직 움직일 수 있어?
ac41b849ea6253607bd63fccdf073614.bundle,隆生主角進電梯追嚴勝和,Say,リュウセイ･チョウ,35,は、はい……,"네, 네……"
ac41b849ea6253607bd63fccdf073614.bundle,隆生主角進電梯追嚴勝和,Say,リュウセイ･チョウ,36,一息つくことができれば大丈夫っす。,한숨 돌리기만 하면 괜찮아요.
ac41b849ea6253607bd63fccdf073614.bundle,隆生主角進電梯追嚴勝和,Branch,#Simple,20,……,……
ac41b849ea6253607bd63fccdf073614.bundle,隆生主角進電梯追嚴勝和,Say,リュウセイ･チョウ,37,少し休んで……,잠깐 쉬고……
ac41b849ea6253607bd63fccdf073614.bundle,隆生主角進電梯追嚴勝和,Say,心の声,4,何だ……！？,뭐지……!?
ac41b849ea6253607bd63fccdf073614.bundle,隆生主角進電梯追嚴勝和,Say,心の声,5,意識が遠のいていく……今はだめだ……,의식이 아득해진다……지금은 안 돼……
ac41b849ea6253607bd63fccdf073614.bundle,電梯內心世界,Say,ジェイ･ダイ,0,引きずり込めたのか……,끌어들일 수 있었군……
ac41b849ea6253607bd63fccdf073614.bundle,電梯內心世界,Say,ジェイ･ダイ,1,まさか上手くいくとは……,설마 잘 될 줄이야……
ac41b849ea6253607bd63fccdf073614.bundle,電梯內心世界,Branch,#Simple,0,どういうことだ？,그게 무슨 소리야?
ac41b849ea6253607bd63fccdf073614.bundle,電梯內心世界,Branch,#Simple,1,あんたが俺をここへ引きずり込んだのか？,당신이 나를 여기로 끌어들인 거야?
ac41b849ea6253607bd63fccdf073614.bundle,電梯內心世界,Say,ジェイ･ダイ,2,ああ。,그래.
ac41b849ea6253607bd63fccdf073614.bundle,電梯內心世界,Branch,#Simple,2,……,……
ac41b849ea6253607bd63fccdf073614.bundle,電梯內心世界,Say,ジェイ･ダイ,3,まずは俺の話を聞け。,우선 내 얘기부터 들어.
ac41b849ea6253607bd63fccdf073614.bundle,電梯內心世界,Say,ジェイ･ダイ,4,お前もここの異変に気づいているだろう？,너도 여기 이상 현상을 눈치챘겠지?
ac41b849ea6253607bd63fccdf073614.bundle,電梯內心世界,Branch,#Simple,3,あの黒い奴か？,그 검은 놈 말이야?
ac41b849ea6253607bd63fccdf073614.bundle,電梯內心世界,Branch,#Simple,4,ああ、またあいつだ。,"그래, 또 그놈이야."
ac41b849ea6253607bd63fccdf073614.bundle,電梯內心世界,Say,ジェイ･ダイ,5,こいつがお前の言っていた奴か？,이놈이 네가 말했던 그놈인가?
ac41b849ea6253607bd63fccdf073614.bundle,電梯內心世界,Say,ジェイ･ダイ,6,お前に命令を出していた者たちを殺し……,너한테 명령을 내리던 놈들을 죽이고……
ac41b849ea6253607bd63fccdf073614.bundle,電梯內心世界,Say,ジェイ･ダイ,7,スイ･ニンの装置を無効化したのも……,스이 닌의 장치를 무력화한 것도……
ac41b849ea6253607bd63fccdf073614.bundle,電梯內心世界,Say,ジェイ･ダイ,8,こいつなのか？,이놈인 건가?
ac41b849ea6253607bd63fccdf073614.bundle,電梯內心世界,Branch,#Simple,5,おそらくな。,아마도 그럴 거다.
ac41b849ea6253607bd63fccdf073614.bundle,電梯內心世界,Branch,#Simple,6,そこまではわからない。,거기까지는 모른다.
ac41b849ea6253607bd63fccdf073614.bundle,電梯內心世界,Say,ジェイ･ダイ,9,こいつは俺の意識を消そうとしている。俺にはすでにほとんど感覚がない。,이놈은 내 의식을 지우려 하고 있어. 나는 이미 거의 감각이 없다.
ac41b849ea6253607bd63fccdf073614.bundle,電梯內心世界,Branch,#Simple,7,どうすれば助けられる？,어떻게 하면 도와줄 수 있지?
ac41b849ea6253607bd63fccdf073614.bundle,電梯內心世界,Say,ジェイ･ダイ,10,そんなことを気にする必要はない。,그런 건 신경 쓸 필요 없어.
ac41b849ea6253607bd63fccdf073614.bundle,電梯內心世界,Say,ジェイ･ダイ,11,お前は俺がどうなろうと関係ないだろ。,너는 내가 어떻게 되든 상관없잖아.
ac41b849ea6253607bd63fccdf073614.bundle,電梯內心世界,Say,ジェイ･ダイ,12,お前は何もできないはずだ。,너는 아무것도 할 수 없을 텐데.
ac41b849ea6253607bd63fccdf073614.bundle,電梯內心世界,Branch,#Simple,8,どういう意味だ？,그게 무슨 뜻이야?
ac41b849ea6253607bd63fccdf073614.bundle,電梯內心世界,Say,ジェイ･ダイ,13,説明はできない。,설명은 못 해.
ac41b849ea6253607bd63fccdf073614.bundle,電梯內心世界,Branch,#Simple,9,……,……
ac41b849ea6253607bd63fccdf073614.bundle,電梯內心世界,Say,ジェイ･ダイ,14,だがよく聞け。,하지만 잘 들어.
ac41b849ea6253607bd63fccdf073614.bundle,電梯內心世界,Say,ジェイ･ダイ,15,俺の意識が消えつつあるということは、今後の展開に口を出せないということだ……,"내 의식이 사라져가고 있다는 건, 앞으로의 전개에 관여할 수 없다는 뜻이다……"
ac41b849ea6253607bd63fccdf073614.bundle,電梯內心世界,Branch,#Simple,10,死ぬのか？,죽는 거야?
ac41b849ea6253607bd63fccdf073614.bundle,電梯內心世界,Say,ジェイ･ダイ,16,いや……,아니……
ac41b849ea6253607bd63fccdf073614.bundle,電梯內心世界,Say,ジェイ･ダイ,17,しばらく意識を失うだけだ。,잠시 의식을 잃을 뿐이다.
ac41b849ea6253607bd63fccdf073614.bundle,電梯內心世界,Branch,#Simple,11,消えるのか？,사라지는 거야?
ac41b849ea6253607bd63fccdf073614.bundle,電梯內心世界,Say,ジェイ･ダイ,18,俺にもよくわからない。,나도 잘 모르겠어.
ac41b849ea6253607bd63fccdf073614.bundle,電梯內心世界,Branch,#Simple,12,……,……
ac41b849ea6253607bd63fccdf073614.bundle,電梯內心世界,Say,ジェイ･ダイ,19,……,……
ac41b849ea6253607bd63fccdf073614.bundle,電梯內心世界,Say,ジェイ･ダイ,20,お前には全く影響がないようだな……,너한테는 전혀 영향이 없는 모양이군……
ac41b849ea6253607bd63fccdf073614.bundle,電梯內心世界,Branch,#Simple,13,俺はあんたを助けられない。,나는 당신을 도울 수 없어.
ac41b849ea6253607bd63fccdf073614.bundle,電梯內心世界,Say,ジェイ･ダイ,21,いや、助けられる。,"아니, 도울 수 있어."
ac41b849ea6253607bd63fccdf073614.bundle,電梯內心世界,Branch,#Simple,14,俺は本当に影響を受けてないのか？,나는 정말로 영향을 안 받고 있는 건가?
ac41b849ea6253607bd63fccdf073614.bundle,電梯內心世界,Say,ジェイ･ダイ,22,それはお前自身に聞くしかない。,그건 너 자신한테 물어볼 수밖에 없다.
ac41b849ea6253607bd63fccdf073614.bundle,電梯內心世界,Say,ジェイ･ダイ,23,少なくとも俺にはいつも通りに見える。,적어도 나한테는 평소와 다름없어 보인다.
ac41b849ea6253607bd63fccdf073614.bundle,電梯內心世界,Branch,#Simple,15,……,……
ac41b849ea6253607bd63fccdf073614.bundle,電梯內心世界,Say,ジェイ･ダイ,24,……,……
ac41b849ea6253607bd63fccdf073614.bundle,電梯內心世界,Say,ジェイ･ダイ,25,もう時間が残されていない。俺はお前に言っておきたいことがある……,이제 시간이 얼마 안 남았다. 나는 너한테 말해두고 싶은 게 있어……
ac41b849ea6253607bd63fccdf073614.bundle,電梯內心世界,Say,ジェイ･ダイ,26,お前が俺に指示に従うとは思えないが、言っておくべきだ……,"네가 내 지시를 따를 거라고는 생각 안 하지만, 말해둬야겠다……"
ac41b849ea6253607bd63fccdf073614.bundle,電梯內心世界,Say,ジェイ･ダイ,27,スタングレネードはまだ持ってるな？,스턴 그레네이드는 아직 갖고 있지?
ac41b849ea6253607bd63fccdf073614.bundle,電梯內心世界,Say,ジェイ･ダイ,28,危なくなったら、必ずあれを使って逃げろ……,"위험해지면, 반드시 그걸 써서 도망쳐라……"
ac41b849ea6253607bd63fccdf073614.bundle,電梯內心世界,Say,ジェイ･ダイ,29,俺たちにはまだオーキッドという逃げ道がある……,우리한테는 아직 오키드라는 도망갈 길이 있다……
ac41b849ea6253607bd63fccdf073614.bundle,電梯內心世界,Branch,#Simple,16,ああ、それはわかってる。,"그래, 그건 알고 있어."
ac41b849ea6253607bd63fccdf073614.bundle,電梯內心世界,Branch,#Simple,17,どうして今その話をする？,왜 지금 그 얘기를 하는 거지?
ac41b849ea6253607bd63fccdf073614.bundle,電梯內心世界,Branch,#Simple,18,……,……
ac41b849ea6253607bd63fccdf073614.bundle,電梯內心世界,Say,ジェイ･ダイ,30,……,……
ac41b849ea6253607bd63fccdf073614.bundle,電梯內心世界,Say,ジェイ･ダイ,31,エレベーターが屋上に着いたら、お前はセイワ･ゲンと対面するだろう……,"엘리베이터가 옥상에 도착하면, 너는 세이와 겐이랑 대면하게 되겠지……"
ac41b849ea6253607bd63fccdf073614.bundle,電梯內心世界,Say,ジェイ･ダイ,32,そして、そこですべてが終わるはずだ。,"그리고, 거기서 전부 끝날 거다."
ac41b849ea6253607bd63fccdf073614.bundle,電梯內心世界,Branch,#Simple,19,何が言いたい？,무슨 말이 하고 싶은 거야?
ac41b849ea6253607bd63fccdf073614.bundle,電梯內心世界,Say,ジェイ･ダイ,33,だから……,그래서……
ac41b849ea6253607bd63fccdf073614.bundle,電梯內心世界,Branch,#Simple,20,そうなることを願うよ。,그렇게 되길 바라야지.
ac41b849ea6253607bd63fccdf073614.bundle,電梯內心世界,Branch,#Simple,21,……,……
ac41b849ea6253607bd63fccdf073614.bundle,電梯內心世界,Say,ジェイ･ダイ,34,……,……
ac41b849ea6253607bd63fccdf073614.bundle,電梯內心世界,Say,ジェイ･ダイ,35,つまり俺が気を失っている間に、お前は一人で彼と向き合うことになる。,"즉 내가 정신을 잃고 있는 동안, 너는 혼자서 그놈과 마주하게 된다."
ac41b849ea6253607bd63fccdf073614.bundle,電梯內心世界,Say,ジェイ･ダイ,36,いつ俺が目を覚ますかはわからない……,내가 언제 눈을 뜰지는 모른다……
ac41b849ea6253607bd63fccdf073614.bundle,電梯內心世界,Say,ジェイ･ダイ,37,もしかしたら……,어쩌면……
ac41b849ea6253607bd63fccdf073614.bundle,電梯內心世界,Say,ジェイ･ダイ,38,このまま永遠に目覚めないかもしれない。,이대로 영원히 못 깨어날지도 몰라.
ac41b849ea6253607bd63fccdf073614.bundle,電梯內心世界,Say,ジェイ･ダイ,39,……,……
ac41b849ea6253607bd63fccdf073614.bundle,電梯內心世界,Say,ジェイ･ダイ,40,だから失敗しないでくれ。,그러니까 실패하지 마.
ac41b849ea6253607bd63fccdf073614.bundle,電梯內心世界,Say,ジェイ･ダイ,41,お前は俺のことを嫌っているだろうが、今はそれを忘れてくれ。,"너는 나를 싫어하겠지만, 지금은 그건 잊어줘."
ac41b849ea6253607bd63fccdf073614.bundle,電梯內心世界,Branch,#Simple,22,俺は失敗しない。,나는 실패하지 않아.
ac41b849ea6253607bd63fccdf073614.bundle,電梯內心世界,Say,ジェイ･ダイ,42,その言葉忘れるな……,그 말 잊지 마라……
ac41b849ea6253607bd63fccdf073614.bundle,電梯內心世界,Branch,#Simple,23,俺は別にお前のことを嫌ってはいない。,나는 딱히 너를 싫어하지 않아.
ac41b849ea6253607bd63fccdf073614.bundle,電梯內心世界,Say,ジェイ･ダイ,43,悪いが、素直に信じられないな。,"미안하지만, 순순히 못 믿겠군."
ac41b849ea6253607bd63fccdf073614.bundle,電梯內心世界,Branch,#Simple,24,……,……
ac41b849ea6253607bd63fccdf073614.bundle,電梯內心世界,Say,ジェイ･ダイ,44,……,……
ac41b849ea6253607bd63fccdf073614.bundle,電梯內心世界,Say,ジェイ･ダイ,45,……言いたいことは以上だ。,……하고 싶은 말은 여기까지다.
ac41b849ea6253607bd63fccdf073614.bundle,電梯內心世界,Branch,#Simple,25,それを言うためだけに、俺を引きずり込んだのか？,"그 말을 하려고, 나를 여기로 끌어들인 거야?"
ac41b849ea6253607bd63fccdf073614.bundle,電梯內心世界,Say,ジェイ･ダイ,46,……,……
ac41b849ea6253607bd63fccdf073614.bundle,電梯內心世界,Say,ジェイ･ダイ,47,そうではない。,그게 아니다.
ac41b849ea6253607bd63fccdf073614.bundle,電梯內心世界,Branch,#Simple,26,……,……
ac41b849ea6253607bd63fccdf073614.bundle,電梯內心世界,Say,ジェイ･ダイ,48,……,……
ac41b849ea6253607bd63fccdf073614.bundle,電梯內心世界,Say,ジェイ･ダイ,49,お前をここに引きずれ込めたってことは、俺の力が強まっているということだ。,"너를 여기로 끌어들일 수 있었다는 건, 내 힘이 강해지고 있다는 거다."
ac41b849ea6253607bd63fccdf073614.bundle,電梯內心世界,Say,ジェイ･ダイ,50,いずれ俺自身の力だけで、お前を追い出せるようになるかもしれない。,"언젠가 내 힘만으로도, 너를 몰아낼 수 있게 될지도 모른다."
ac41b849ea6253607bd63fccdf073614.bundle,電梯內心世界,Branch,#Simple,27,つまりスイ･ニンの言うように、俺を殺すということか。,"즉 스이 닌 말대로, 나를 죽인다는 거군."
ac41b849ea6253607bd63fccdf073614.bundle,電梯內心世界,Say,ジェイ･ダイ,51,それしか選択肢がないなら、そうするしかない。,"그것 말고 선택지가 없다면, 그럴 수밖에."
ac41b849ea6253607bd63fccdf073614.bundle,電梯內心世界,Branch,#Simple,28,だが今のあんたは逆に力を失いつつあるように見えるが？,근데 지금 당신은 오히려 힘을 잃어가는 것처럼 보이는데?
ac41b849ea6253607bd63fccdf073614.bundle,電梯內心世界,Say,ジェイ･ダイ,52,これは一時的のものだ。,이건 일시적인 거다.
ac41b849ea6253607bd63fccdf073614.bundle,電梯內心世界,Branch,#Simple,29,……,……
ac41b849ea6253607bd63fccdf073614.bundle,電梯內心世界,Say,ジェイ･ダイ,53,俺はチャンスを待ち続ける。,나는 계속 기회를 기다린다.
ac41b849ea6253607bd63fccdf073614.bundle,電梯內心世界,Say,ジェイ･ダイ,54,体を完全に奪い返すチャンスを。,몸을 완전히 되찾을 기회를.
ac41b849ea6253607bd63fccdf073614.bundle,電梯內心世界,Say,ジェイ･ダイ,55,首を長くして……,목을 길게 빼고서……
ac41b849ea6253607bd63fccdf073614.bundle,電梯內心世界,Say,ジェイ･ダイ,56,待つといい……,기다려주지……
ac41b849ea6253607bd63fccdf073614.bundle,電梯內心世界,Say,ジェイ･ダイ,57,昨日の話を覚えてるか？,어제 얘기 기억해?
ac41b849ea6253607bd63fccdf073614.bundle,電梯內心世界,Say,ジェイ･ダイ,58,俺の選択についての話だ。,내 선택에 대한 얘기다.
ac41b849ea6253607bd63fccdf073614.bundle,電梯內心世界,Say,ジェイ･ダイ,59,今日、スイ･ニンが師の話をしてくれただろう？,"오늘, 스이 닌이 스승 얘기를 해줬잖아?"
ac41b849ea6253607bd63fccdf073614.bundle,電梯內心世界,Say,ジェイ･ダイ,60,信頼だとか、銃について聞かされたが……,"신뢰라든가, 총에 대해서 들었는데……"
ac41b849ea6253607bd63fccdf073614.bundle,電梯內心世界,Say,ジェイ･ダイ,61,……,……
ac41b849ea6253607bd63fccdf073614.bundle,電梯內心世界,Say,ジェイ･ダイ,62,だがそんな話を聞かされたところで、俺の決定は変わらない。現実は何も変わらないからだ。,"하지만 그런 얘기를 들어봤자, 내 결정은 안 바뀐다. 현실은 아무것도 안 변하니까."
ac41b849ea6253607bd63fccdf073614.bundle,電梯內心世界,Say,ジェイ･ダイ,63,俺はやはりフクロウに加入後はスイ･ニンと関係を絶つべきだと思う。,나는 역시 부엉이에 가입한 후엔 스이 닌이랑 관계를 끊어야 한다고 생각해.
ac41b849ea6253607bd63fccdf073614.bundle,電梯內心世界,Say,ジェイ･ダイ,64,……,……
ac41b849ea6253607bd63fccdf073614.bundle,電梯內心世界,Say,ジェイ･ダイ,65,しかし俺はあの研究室であれを目にした……,하지만 나는 그 연구실에서 그걸 목격했다……
ac41b849ea6253607bd63fccdf073614.bundle,電梯內心世界,Say,ジェイ･ダイ,66,……,……
ac41b849ea6253607bd63fccdf073614.bundle,電梯內心世界,Say,ジェイ･ダイ,67,俺は……,나는……
ac41b849ea6253607bd63fccdf073614.bundle,電梯內心世界,Say,ジェイ･ダイ,68,すでに自分が地獄の底にいると思っていたが……,이미 내 자신이 지옥 밑바닥에 있다고 생각했었는데……
ac41b849ea6253607bd63fccdf073614.bundle,電梯內心世界,Say,ジェイ･ダイ,69,まだまだ序の口だったようだ……,아직 시작에 불과했던 모양이군……
ac41b849ea6253607bd63fccdf073614.bundle,電梯內心世界,Say,ジェイ･ダイ,70,スイ･ニンの言う通りだ。ここにいる人間は、人間の範疇を幾分か超えている。,"스이 닌 말이 맞아. 여기 있는 인간들은, 인간의 범주를 어느 정도 벗어나 있어."
ac41b849ea6253607bd63fccdf073614.bundle,電梯內心世界,Say,ジェイ･ダイ,71,そしてお前の言う通りでもあった。,그리고 네 말도 맞았고.
ac41b849ea6253607bd63fccdf073614.bundle,電梯內心世界,Say,ジェイ･ダイ,72,この世界は俺が思っていたよりも醜悪なものだった。,이 세상은 내가 생각했던 것보다 추악한 곳이었다.
ac41b849ea6253607bd63fccdf073614.bundle,電梯內心世界,Say,ジェイ･ダイ,73,フクロウに入ったら、あんなものを守らなければならない……,"부엉이에 들어가면, 저런 걸 지켜야만 해……"
ac41b849ea6253607bd63fccdf073614.bundle,電梯內心世界,Say,ジェイ･ダイ,74,つまり……,즉……
ac41b849ea6253607bd63fccdf073614.bundle,電梯內心世界,Say,ジェイ･ダイ,75,俺とリンは、あんなもののために未来を犠牲にすることになる……,"나랑 린은, 저런 것을 위해 미래를 희생하게 되는 거다……"
ac41b849ea6253607bd63fccdf073614.bundle,電梯內心世界,Say,ジェイ･ダイ,76,もし事実なら……,만약 사실이라면……
ac41b849ea6253607bd63fccdf073614.bundle,電梯內心世界,Say,ジェイ･ダイ,77,……,……
ac41b849ea6253607bd63fccdf073614.bundle,電梯內心世界,Say,ジェイ･ダイ,78,俺の考えはすでに変わった。だが今すぐに新たな結論を出すのは難しい。,내 생각은 이미 바뀌었다. 하지만 지금 당장 새로운 결론을 내리기는 어려워.
ac41b849ea6253607bd63fccdf073614.bundle,電梯內心世界,Say,ジェイ･ダイ,79,それにもうすぐ俺は意識を失う……,게다가 이제 곧 나는 의식을 잃는다……
ac41b849ea6253607bd63fccdf073614.bundle,電梯內心世界,Say,ジェイ･ダイ,80,だから今はお前に託すしかない。,그러니까 지금은 너한테 맡길 수밖에 없다.
ac41b849ea6253607bd63fccdf073614.bundle,電梯內心世界,Say,ジェイ･ダイ,81,これから何が起きようと、俺はお前の選択に委ねる。,"앞으로 무슨 일이 일어나든, 나는 네 선택에 맡기겠다."
ac41b849ea6253607bd63fccdf073614.bundle,電梯內心世界,Branch,#Simple,30,わかった。,알겠다.
ac41b849ea6253607bd63fccdf073614.bundle,電梯內心世界,Branch,#Simple,31,あんたの意識が戻るまでは任せてくれ。,당신 의식이 돌아올 때까지는 맡겨줘.
ac41b849ea6253607bd63fccdf073614.bundle,電梯內心世界,Say,ジェイ･ダイ,82,ありがとう。,고마워.
ac41b849ea6253607bd63fccdf073614.bundle,電梯內心世界,Branch,#Simple,32,もし俺が、あんたが受け入れ難い選択をしたらどうする？,"만약 내가, 당신이 받아들이기 힘든 선택을 하면 어떡할 거야?"
ac41b849ea6253607bd63fccdf073614.bundle,電梯內心世界,Say,ジェイ･ダイ,83,その場合はお前に落ち度はない。,그럴 경우엔 너한테는 잘못이 없다.
ac41b849ea6253607bd63fccdf073614.bundle,電梯內心世界,Say,ジェイ･ダイ,84,お前はできる限りのことをやってくれるとわかっている。,너는 할 수 있는 만큼은 해줄 거라는 걸 알고 있어.
ac41b849ea6253607bd63fccdf073614.bundle,電梯內心世界,Say,ジェイ･ダイ,85,……,……
ac41b849ea6253607bd63fccdf073614.bundle,電梯內心世界,Say,ジェイ･ダイ,86,俺らは最悪な形で知り合ったが……,우리는 최악의 형태로 알게 됐지만……
ac41b849ea6253607bd63fccdf073614.bundle,電梯內心世界,Say,ジェイ･ダイ,87,俺は知り合えてよかったと思っている。,나는 너를 알게 돼서 다행이라고 생각해.
ac41b849ea6253607bd63fccdf073614.bundle,電梯內心世界,Branch,#Simple,33,俺もだ。,나도야.
ac41b849ea6253607bd63fccdf073614.bundle,電梯內心世界,Branch,#Simple,34,遺言みたいな言い方はやめろ。,유언 같은 말투는 그만둬.
ac41b849ea6253607bd63fccdf073614.bundle,電梯內心世界,Say,ジェイ･ダイ,88,ハハ……,하하……
ac41b849ea6253607bd63fccdf073614.bundle,電梯內心世界,Branch,#Simple,35,ああ、任せてくれ。,"그래, 맡겨줘."
ac41b849ea6253607bd63fccdf073614.bundle,電梯內心世界,Say,ジェイ･ダイ,89,ああ、お前を信じている。,"그래, 너를 믿는다."
ac41b849ea6253607bd63fccdf073614.bundle,電梯內心世界,Branch,#Simple,36,……,……
ac41b849ea6253607bd63fccdf073614.bundle,電梯內心世界,Say,ジェイ･ダイ,90,……,……
ac41b849ea6253607bd63fccdf073614.bundle,電梯內心世界,Say,ジェイ･ダイ,91,じゃ、またな。,"그럼, 또 보자."
ac41b849ea6253607bd63fccdf073614.bundle,電梯內心世界,Say,ジェイ･ダイ,92,……,……
ac41b849ea6253607bd63fccdf073614.bundle,電梯內心世界,Say,ジェイ･ダイ,93,友よ。,친구여.
ac41b849ea6253607bd63fccdf073614.bundle,電梯內心世界,Say,ジェイ･ダイ,94,俺とお前の意見は違っていたが……,나랑 네 의견은 달랐지만……
ac41b849ea6253607bd63fccdf073614.bundle,電梯內心世界,Say,ジェイ･ダイ,95,俺はあの研究室であれを目にしてから……,나는 그 연구실에서 그걸 목격한 뒤로……
ac41b849ea6253607bd63fccdf073614.bundle,電梯內心世界,Say,ジェイ･ダイ,96,……,……
ac41b849ea6253607bd63fccdf073614.bundle,電梯內心世界,Say,ジェイ･ダイ,97,俺は……,나는……
ac41b849ea6253607bd63fccdf073614.bundle,電梯內心世界,Say,ジェイ･ダイ,98,すでに自分が地獄の底にいると思っていたが……,이미 내 자신이 지옥 밑바닥에 있다고 생각했었는데……
ac41b849ea6253607bd63fccdf073614.bundle,電梯內心世界,Say,ジェイ･ダイ,99,まだまだ序の口だったようだ……,아직 시작에 불과했던 모양이군……
ac41b849ea6253607bd63fccdf073614.bundle,電梯內心世界,Say,ジェイ･ダイ,100,それに俺はこの件をフクロウがすでに知っていると思っていた……,게다가 나는 이 일을 부엉이가 이미 알고 있을 거라고 생각했었어……
ac41b849ea6253607bd63fccdf073614.bundle,電梯內心世界,Say,ジェイ･ダイ,101,……,……
ac41b849ea6253607bd63fccdf073614.bundle,電梯內心世界,Say,ジェイ･ダイ,102,やはりお前の昨日の提案は過激過ぎる。,역시 어제 네 제안은 너무 과격해.
ac41b849ea6253607bd63fccdf073614.bundle,電梯內心世界,Say,ジェイ･ダイ,103,気に食わないすべての勢力に敵対するなんて無理だ。,마음에 안 드는 모든 세력을 적으로 돌리는 건 무리다.
ac41b849ea6253607bd63fccdf073614.bundle,電梯內心世界,Say,ジェイ･ダイ,104,だが……,하지만……
ac41b849ea6253607bd63fccdf073614.bundle,電梯內心世界,Say,ジェイ･ダイ,105,万象の行いはもう気に入る気に入らないの問題じゃない……,완샹의 짓거리는 이제 마음에 들고 안 들고의 문제가 아니야……
ac41b849ea6253607bd63fccdf073614.bundle,電梯內心世界,Say,ジェイ･ダイ,106,あいつらはとち狂っている。,그놈들은 완전히 미쳤다.
ac41b849ea6253607bd63fccdf073614.bundle,電梯內心世界,Say,ジェイ･ダイ,107,スイ･ニンの言う通りだ。ここにいる人間は、人間の範疇を幾分か超えている。,"스이 닌 말이 맞아. 여기 있는 인간들은, 인간의 범주를 어느 정도 벗어나 있어."
ac41b849ea6253607bd63fccdf073614.bundle,離開電梯內心世界,Say,リュウセイ･チョウ,0,だ、大丈夫っすか！？,"괘, 괜찮아요!?"
ac41b849ea6253607bd63fccdf073614.bundle,離開電梯內心世界,Branch,#Simple,0,ああ。,그래.
ac41b849ea6253607bd63fccdf073614.bundle,離開電梯內心世界,Say,リュウセイ･チョウ,1,ぼーっとしてたみたいっすけど……,멍하니 계셨던 것 같은데……
ac41b849ea6253607bd63fccdf073614.bundle,離開電梯內心世界,Branch,#Simple,1,俺は気を失っていたのか？,내가 정신을 잃었었나?
ac41b849ea6253607bd63fccdf073614.bundle,離開電梯內心世界,Say,リュウセイ･チョウ,2,心ここにあらずって感じだったっす。,넋이 나간 느낌이었어요.
ac41b849ea6253607bd63fccdf073614.bundle,離開電梯內心世界,Say,リュウセイ･チョウ,3,まさか怪我を……,설마 다쳤나……
ac41b849ea6253607bd63fccdf073614.bundle,離開電梯內心世界,Say,リュウセイ･チョウ,4,……大丈夫っすか？,……괜찮아요?
ac41b849ea6253607bd63fccdf073614.bundle,離開電梯內心世界,Branch,#Simple,2,いや、ちょっと疲れてただけだ。,"아니, 그냥 좀 지쳤을 뿐이야."
ac41b849ea6253607bd63fccdf073614.bundle,離開電梯內心世界,Say,リュウセイ･チョウ,5,……そうっすか。,……그래요.
ac41b849ea6253607bd63fccdf073614.bundle,離開電梯內心世界,Branch,#Simple,3,怪我をしたとしても、あんたほどは酷くない。,"다쳤다 해도, 너만큼 심하지는 않아."
ac41b849ea6253607bd63fccdf073614.bundle,離開電梯內心世界,Say,リュウセイ･チョウ,6,それは……,그건……
ac41b849ea6253607bd63fccdf073614.bundle,離開電梯內心世界,Say,リュウセイ･チョウ,7,……,……
ac41b849ea6253607bd63fccdf073614.bundle,離開電梯內心世界,Say,リュウセイ･チョウ,8,はぁ……,하아……
ac41b849ea6253607bd63fccdf073614.bundle,離開電梯內心世界,Say,リュウセイ･チョウ,9,とにかく、もう一踏ん張りしないとっす……,"아무튼, 한 번 더 힘내야죠……"
ac41b849ea6253607bd63fccdf073614.bundle,離開電梯內心世界,Say,リュウセイ･チョウ,10,ジェイの兄貴、安心してくださいっす。,"제이 형, 안심하세요."
ac41b849ea6253607bd63fccdf073614.bundle,離開電梯內心世界,Say,リュウセイ･チョウ,11,すべての資料のコピーがここにあるっす。,모든 자료 사본이 여기 있어요.
ac41b849ea6253607bd63fccdf073614.bundle,離開電梯內心世界,Say,リュウセイ･チョウ,12,もしスイ姉がまた考えを変えて隠ぺいしよとしても、僕たちで公にできるっす。,"만약 스이 누나가 또 마음을 바꿔서 은폐하려고 해도, 저희가 공개할 수 있어요."
ac41b849ea6253607bd63fccdf073614.bundle,離開電梯內心世界,Say,リュウセイ･チョウ,13,……,……
ac41b849ea6253607bd63fccdf073614.bundle,離開電梯內心世界,Say,リュウセイ･チョウ,14,ジェイの兄貴、ここまで来たら僕も白状するっす。,"제이 형, 여기까지 왔으니 저도 실토할게요."
ac41b849ea6253607bd63fccdf073614.bundle,離開電梯內心世界,Say,リュウセイ･チョウ,15,実は自分の分としてこっそりこの施設のデータをコピーしたっす。,실은 제 몫으로 몰래 이 시설 데이터를 복사했어요.
ac41b849ea6253607bd63fccdf073614.bundle,離開電梯內心世界,Branch,#Simple,4,何！？,뭐!?
ac41b849ea6253607bd63fccdf073614.bundle,離開電梯內心世界,Branch,#Simple,5,メインラボのデータか？,메인 랩 데이터 말이야?
ac41b849ea6253607bd63fccdf073614.bundle,離開電梯內心世界,Say,リュウセイ･チョウ,16,そうっす。,맞아요.
ac41b849ea6253607bd63fccdf073614.bundle,離開電梯內心世界,Branch,#Simple,6,……,……
ac41b849ea6253607bd63fccdf073614.bundle,離開電梯內心世界,Say,リュウセイ･チョウ,17,もしスイ姉がまた考えを変えて隠ぺいするつもりなら、僕がこれを公にするっす。,"만약 스이 누나가 또 마음을 바꿔서 은폐할 생각이면, 제가 이걸 공개할게요."
ac41b849ea6253607bd63fccdf073614.bundle,離開電梯內心世界,Branch,#Simple,7,今のスイ･ニンに、公にしない選択はないだろ？,"지금 스이 닌한테, 공개 안 한다는 선택지는 없잖아?"
ac41b849ea6253607bd63fccdf073614.bundle,離開電梯內心世界,Branch,#Simple,8,彼女はここを破壊すると決めたはずだ。,그 여자는 여기를 파괴하기로 결정했을 텐데.
ac41b849ea6253607bd63fccdf073614.bundle,離開電梯內心世界,Branch,#Simple,9,……,……
ac41b849ea6253607bd63fccdf073614.bundle,離開電梯內心世界,Say,リュウセイ･チョウ,18,ただの保険っすよ……,그냥 보험이에요……
ac41b849ea6253607bd63fccdf073614.bundle,離開電梯內心世界,Branch,#Simple,10,彼らが人質を取らない限り、スイ･ニンが負けることはない。,"그놈들이 인질을 잡지 않는 이상, 스이 닌이 질 리가 없어."
ac41b849ea6253607bd63fccdf073614.bundle,離開電梯內心世界,Branch,#Simple,11,これ以上、彼らの悪事を隠すのは不可能だ。,"더는, 그놈들이 악행을 숨기는 건 불가능해."
ac41b849ea6253607bd63fccdf073614.bundle,離開電梯內心世界,Say,リュウセイ･チョウ,19,また予想外の出来事が起こる可能性だってあるっす。,또 예상 밖의 일이 일어날 가능성도 있잖아요.
ac41b849ea6253607bd63fccdf073614.bundle,離開電梯內心世界,Say,リュウセイ･チョウ,20,誰かの気が変わったせいで、作戦を変えるなんてよくあることっすよ。,"누군가 마음이 바뀌어서, 작전을 바꾸는 건 흔한 일이라고요."
ac41b849ea6253607bd63fccdf073614.bundle,離開電梯內心世界,Say,心の声,0,……,……
ac41b849ea6253607bd63fccdf073614.bundle,離開電梯內心世界,Branch,#Simple,12,……,……
ac41b849ea6253607bd63fccdf073614.bundle,離開電梯內心世界,Say,リュウセイ･チョウ,21,もうすぐエレベーターが着くっす。,곧 엘리베이터가 도착해요.
ac41b849ea6253607bd63fccdf073614.bundle,離開電梯內心世界,Branch,#Simple,13,準備はできているか？,준비는 됐어?
ac41b849ea6253607bd63fccdf073614.bundle,離開電梯內心世界,Say,リュウセイ･チョウ,22,はい。,네.
ac41b849ea6253607bd63fccdf073614.bundle,離開電梯內心世界,Branch,#Simple,14,いつでも行けるぞ。,언제든 갈 수 있어.
ac41b849ea6253607bd63fccdf073614.bundle,離開電梯內心世界,Say,リュウセイ･チョウ,23,僕もっす。,저도요.
ac41b849ea6253607bd63fccdf073614.bundle,離開電梯內心世界,Branch,#Simple,15,……,……
ac41b849ea6253607bd63fccdf073614.bundle,離開電梯內心世界,Say,リュウセイ･チョウ,24,……,……
ac41b849ea6253607bd63fccdf073614.bundle,離開電梯內心世界,Say,リュウセイ･チョウ,25,よし。,좋다.
ac41b849ea6253607bd63fccdf073614.bundle,離開電梯內心世界,Say,リュウセイ･チョウ,26,終わらせましょう。,끝내죠.
ac41b849ea6253607bd63fccdf073614.bundle,頂樓跟嚴勝和對質,Say,セイワ･ゲン,0,……,……
ac41b849ea6253607bd63fccdf073614.bundle,頂樓跟嚴勝和對質,Say,セイワ･ゲン,1,それで？君たちはどうしたいというのだ？,그래서? 자네들은 뭘 어쩌고 싶다는 건가?
ac41b849ea6253607bd63fccdf073614.bundle,頂樓跟嚴勝和對質,Say,リュウセイ･チョウ,0,逃げても無駄っす。お前は逮捕される。,도망쳐봤자 소용없어. 너는 체포될 거다.
ac41b849ea6253607bd63fccdf073614.bundle,頂樓跟嚴勝和對質,Say,セイワ･ゲン,2,……逮捕？,……체포?
ac41b849ea6253607bd63fccdf073614.bundle,頂樓跟嚴勝和對質,Say,セイワ･ゲン,3,……どういうことだ。君たちは誰の指示で動いている？,……무슨 소리인가. 자네들은 누구의 지시로 움직이고 있지?
ac41b849ea6253607bd63fccdf073614.bundle,頂樓跟嚴勝和對質,Branch,#Simple,0,誰か指示でもない。,누구의 지시도 아니다.
ac41b849ea6253607bd63fccdf073614.bundle,頂樓跟嚴勝和對質,Say,セイワ･ゲン,4,……何だと？,……뭐라고?
ac41b849ea6253607bd63fccdf073614.bundle,頂樓跟嚴勝和對質,Branch,#Simple,1,知る必要はない。お前はもうお終いだ。,알 필요 없다. 너는 이제 끝났어.
ac41b849ea6253607bd63fccdf073614.bundle,頂樓跟嚴勝和對質,Branch,#Simple,2,……,……
ac41b849ea6253607bd63fccdf073614.bundle,頂樓跟嚴勝和對質,Say,リュウセイ･チョウ,1,僕たちはお前らの穢らわしい行いを世間に公開する！,우리는 너희들의 더러운 짓거리를 세상에 공개할 거다!
ac41b849ea6253607bd63fccdf073614.bundle,頂樓跟嚴勝和對質,Say,セイワ･ゲン,5,……,……
ac41b849ea6253607bd63fccdf073614.bundle,頂樓跟嚴勝和對質,Say,セイワ･ゲン,6,……そういうことか。,……그런 건가.
ac41b849ea6253607bd63fccdf073614.bundle,頂樓跟嚴勝和對質,Say,セイワ･ゲン,7,ハハハハ！,하하하하!
ac41b849ea6253607bd63fccdf073614.bundle,頂樓跟嚴勝和對質,Say,セイワ･ゲン,8,何かを見落としていると思ったが、そういうことか……,"뭔가 놓치고 있다고 생각했는데, 그런 거였군……"
ac41b849ea6253607bd63fccdf073614.bundle,頂樓跟嚴勝和對質,Say,セイワ･ゲン,9,まさかここが襲撃に遭うとは、全く以て予想外だった……,"설마 이곳이 습격을 당할 줄은, 전혀 예상 밖이었군……"
ac41b849ea6253607bd63fccdf073614.bundle,頂樓跟嚴勝和對質,Say,セイワ･ゲン,10,なるほどな。,그렇군.
ac41b849ea6253607bd63fccdf073614.bundle,頂樓跟嚴勝和對質,Say,セイワ･ゲン,11,君たちは自分たちが何をしているかもわからず、首を突っ込む愚か者だったのか。,"자네들은 자기가 뭘 하는지도 모르고, 함부로 끼어드는 어리석은 자들이었나."
ac41b849ea6253607bd63fccdf073614.bundle,頂樓跟嚴勝和對質,Say,リュウセイ･チョウ,2,口の聞き方に気をつけろ……,말버릇 조심해라……
ac41b849ea6253607bd63fccdf073614.bundle,頂樓跟嚴勝和對質,Say,セイワ･ゲン,12,気をつけないとどうなるのだ？,조심하지 않으면 어떻게 되지?
ac41b849ea6253607bd63fccdf073614.bundle,頂樓跟嚴勝和對質,Say,セイワ･ゲン,13,私のさっきまでの恐れは、君たちの背後にいる勢力を警戒していたからだ。,"내가 조금 전까지 두려워했던 건, 자네들 뒤에 있는 세력을 경계했기 때문이다."
ac41b849ea6253607bd63fccdf073614.bundle,頂樓跟嚴勝和對質,Say,セイワ･ゲン,14,背後を知らずして、君たちの目的も対処法も見当がつかない。,"배후를 모르면, 자네들의 목적도 대처법도 짐작이 안 갔지."
ac41b849ea6253607bd63fccdf073614.bundle,頂樓跟嚴勝和對質,Say,セイワ･ゲン,15,だがやっとわかった。君たちには何の勢力も付いていない。,하지만 이제야 알았다. 자네들한테는 아무런 세력도 붙어 있지 않아.
ac41b849ea6253607bd63fccdf073614.bundle,頂樓跟嚴勝和對質,Branch,#Simple,3,背後に誰がいるかなんて関係ない。俺はお前を殺してリンの仇を取る。,배후에 누가 있든 상관없어. 나는 너를 죽여서 린의 원수를 갚겠다.
ac41b849ea6253607bd63fccdf073614.bundle,頂樓跟嚴勝和對質,Say,セイワ･ゲン,16,リン？,린?
ac41b849ea6253607bd63fccdf073614.bundle,頂樓跟嚴勝和對質,Say,セイワ･ゲン,17,ああ、リン･テイか……,"아, 린 테이인가……"
ac41b849ea6253607bd63fccdf073614.bundle,頂樓跟嚴勝和對質,Say,セイワ･ゲン,18,すまないが、それは誤解だ。,"미안하지만, 그건 오해다."
ac41b849ea6253607bd63fccdf073614.bundle,頂樓跟嚴勝和對質,Say,セイワ･ゲン,19,私はリン･テイを傷つけるつもりはなかった。,나는 린 테이를 다치게 할 생각은 없었다.
ac41b849ea6253607bd63fccdf073614.bundle,頂樓跟嚴勝和對質,Say,セイワ･ゲン,20,彼女の身に起きた悲劇は、ホワイトリザードの誤解によるものだ。,"그녀의 몸에 일어난 비극은, 화이트 리자드의 오해에서 비롯된 것이다."
ac41b849ea6253607bd63fccdf073614.bundle,頂樓跟嚴勝和對質,Say,セイワ･ゲン,21,だから君の仇はホワイトリザードだ。,그러니까 네 원수는 화이트 리자드다.
ac41b849ea6253607bd63fccdf073614.bundle,頂樓跟嚴勝和對質,Branch,#Simple,4,……,……
ac41b849ea6253607bd63fccdf073614.bundle,頂樓跟嚴勝和對質,Say,リュウセイ･チョウ,3,黙れ！,닥쳐!
ac41b849ea6253607bd63fccdf073614.bundle,頂樓跟嚴勝和對質,Say,リュウセイ･チョウ,4,状況をまだ理解していないみたいっすね。僕たちはいつでも……,상황을 아직 이해 못 한 모양이네요. 우리는 언제든지……
ac41b849ea6253607bd63fccdf073614.bundle,頂樓跟嚴勝和對質,Say,セイワ･ゲン,22,できるものなら、とっくにやっているはずでは？,"할 수 있는 거라면, 진작에 했어야 하지 않나?"
ac41b849ea6253607bd63fccdf073614.bundle,頂樓跟嚴勝和對質,Say,リュウセイ･チョウ,5,……,……
ac41b849ea6253607bd63fccdf073614.bundle,頂樓跟嚴勝和對質,Say,セイワ･ゲン,23,もう沢山だ。メイ･ジョの相手だけでもうんざりさせられているのに。,이제 지긋지긋하군. 메이 조 상대만으로도 진저리가 나는데.
ac41b849ea6253607bd63fccdf073614.bundle,頂樓跟嚴勝和對質,Say,セイワ･ゲン,24,君たちのようなバカの相手もしないといけないとはな。,자네들 같은 바보까지 상대해야 한다니.
ac41b849ea6253607bd63fccdf073614.bundle,頂樓跟嚴勝和對質,Branch,#Simple,5,俺たちが脅すだけだと思っているのか？,우리가 그냥 협박만 할 거라고 생각하는 거야?
ac41b849ea6253607bd63fccdf073614.bundle,頂樓跟嚴勝和對質,Say,セイワ･ゲン,25,脅すだけも何も、君たちが私を殺せないだけだ。,"협박이고 뭐고, 자네들은 나를 죽일 수 없을 뿐이다."
ac41b849ea6253607bd63fccdf073614.bundle,頂樓跟嚴勝和對質,Say,セイワ･ゲン,26,先程、彼は私を逮捕すると言った。,"조금 전, 저 친구는 나를 체포하겠다고 말했지."
ac41b849ea6253607bd63fccdf073614.bundle,頂樓跟嚴勝和對質,Say,セイワ･ゲン,27,私が死ねば……,내가 죽으면……
ac41b849ea6253607bd63fccdf073614.bundle,頂樓跟嚴勝和對質,Say,セイワ･ゲン,28,多くの情報が私と共に葬られるからではないか？,많은 정보가 나와 함께 묻히게 되는 것 아닌가?
ac41b849ea6253607bd63fccdf073614.bundle,頂樓跟嚴勝和對質,Branch,#Simple,6,黙れと言ったはずだ！,닥치라고 했을 텐데!
ac41b849ea6253607bd63fccdf073614.bundle,頂樓跟嚴勝和對質,Say,セイワ･ゲン,29,怒ったのか？私を殺すか？,화났나? 나를 죽일 텐가?
ac41b849ea6253607bd63fccdf073614.bundle,頂樓跟嚴勝和對質,Branch,#Simple,7,……,……
ac41b849ea6253607bd63fccdf073614.bundle,頂樓跟嚴勝和對質,Say,リュウセイ･チョウ,6,……もういい。減らず口を叩いていられるのも今のうちっす。,……됐어요. 그렇게 나불댈 수 있는 것도 지금뿐이니까요.
ac41b849ea6253607bd63fccdf073614.bundle,頂樓跟嚴勝和對質,Say,リュウセイ･チョウ,7,もうすぐでお前の大事な施設は跡形なく吹き飛ぶっす。,곧 있으면 네 소중한 시설은 흔적도 없이 날아갈 거예요.
ac41b849ea6253607bd63fccdf073614.bundle,頂樓跟嚴勝和對質,Say,セイワ･ゲン,30,吹き飛ぶだと……！？,날아간다고……!?
ac41b849ea6253607bd63fccdf073614.bundle,頂樓跟嚴勝和對質,Say,セイワ･ゲン,31,何を企てている……！？,무슨 꿍꿍이지……!?
ac41b849ea6253607bd63fccdf073614.bundle,頂樓跟嚴勝和對質,Say,リュウセイ･チョウ,8,爆弾はすべて設置が完了したっす。いつでも起動できるっすよ。,폭탄은 전부 설치가 끝났어요. 언제든지 기폭시킬 수 있다고요.
ac41b849ea6253607bd63fccdf073614.bundle,頂樓跟嚴勝和對質,Say,セイワ･ゲン,32,気でも狂ったのか！？,미치기라도 한 건가!?
ac41b849ea6253607bd63fccdf073614.bundle,頂樓跟嚴勝和對質,Say,セイワ･ゲン,33,自分たちが何をしているのかわかっているのか？,자기들이 뭘 하고 있는지 알고나 있는 건가?
ac41b849ea6253607bd63fccdf073614.bundle,頂樓跟嚴勝和對質,Say,セイワ･ゲン,34,権力に抗う正義のヒーローにでもなったつもりか？,권력에 맞서는 정의의 영웅이라도 된 셈인가?
ac41b849ea6253607bd63fccdf073614.bundle,頂樓跟嚴勝和對質,Say,セイワ･ゲン,35,我が社の機密情報を盗み、設備を破壊、取引を妨害し、さらには職員を殺す……,"우리 회사의 기밀 정보를 훔치고, 설비를 파괴하고, 거래를 방해하고, 게다가 직원까지 죽이다니……"
ac41b849ea6253607bd63fccdf073614.bundle,頂樓跟嚴勝和對質,Say,セイワ･ゲン,36,どれも法に反している！,전부 다 법에 반하는 짓이다!
ac41b849ea6253607bd63fccdf073614.bundle,頂樓跟嚴勝和對質,Branch,#Simple,8,お前らがここでやってることは違法じゃないのか？,너희가 여기서 하고 있는 짓은 불법 아니야?
ac41b849ea6253607bd63fccdf073614.bundle,頂樓跟嚴勝和對質,Say,セイワ･ゲン,37,なら逆に聞くが、我々のプロジェクトが法に反していることを君たちだけで証明できるのか？,"그럼 반대로 묻겠는데, 우리 프로젝트가 법에 반한다는 걸 자네들만으로 증명할 수 있나?"
ac41b849ea6253607bd63fccdf073614.bundle,頂樓跟嚴勝和對質,Say,セイワ･ゲン,38,君たちは法の専門家か？我が社には優秀な顧問弁護士がいる。負けるはずがない。,자네들이 법 전문가인가? 우리 회사에는 우수한 고문 변호사가 있다. 질 리가 없어.
ac41b849ea6253607bd63fccdf073614.bundle,頂樓跟嚴勝和對質,Say,セイワ･ゲン,39,それに我々が法を犯しているからといって、君たちが法を犯していい理由にはならない。,"게다가 우리가 법을 어기고 있다고 해서, 자네들이 법을 어겨도 되는 이유가 되지는 않아."
ac41b849ea6253607bd63fccdf073614.bundle,頂樓跟嚴勝和對質,Branch,#Simple,9,お前の悪行を止めるには、法を犯すしかない。,"네놈의 악행을 막으려면, 법을 어길 수밖에 없어."
ac41b849ea6253607bd63fccdf073614.bundle,頂樓跟嚴勝和對質,Say,セイワ･ゲン,40,強引なやり方だな。,무리한 방식이군.
ac41b849ea6253607bd63fccdf073614.bundle,頂樓跟嚴勝和對質,Branch,#Simple,10,確かに俺たちは法を犯している。,확실히 우리는 법을 어기고 있다.
ac41b849ea6253607bd63fccdf073614.bundle,頂樓跟嚴勝和對質,Say,セイワ･ゲン,41,その通りだ。,맞는 말이다.
ac41b849ea6253607bd63fccdf073614.bundle,頂樓跟嚴勝和對質,Branch,#Simple,11,善悪と法は必ずしも一致するものではない。,선악과 법이 반드시 일치하는 건 아니야.
ac41b849ea6253607bd63fccdf073614.bundle,頂樓跟嚴勝和對質,Say,セイワ･ゲン,42,その意見には私も賛成だ。,그 의견에는 나도 동의한다.
ac41b849ea6253607bd63fccdf073614.bundle,頂樓跟嚴勝和對質,Say,セイワ･ゲン,43,だが善悪の基準は君が決めるものではない。,하지만 선악의 기준은 자네가 정하는 게 아니지.
ac41b849ea6253607bd63fccdf073614.bundle,頂樓跟嚴勝和對質,Say,セイワ･ゲン,44,何のために法律があると思っているのだ？,무엇을 위해 법률이 있다고 생각하나?
ac41b849ea6253607bd63fccdf073614.bundle,頂樓跟嚴勝和對質,Say,セイワ･ゲン,45,正義を貫いているつもりのようだが、君たちはただの秩序を無視した野蛮人だ。,"정의를 관철하고 있다고 생각하는 모양인데, 자네들은 그저 질서를 무시한 야만인일 뿐이다."
ac41b849ea6253607bd63fccdf073614.bundle,頂樓跟嚴勝和對質,Say,セイワ･ゲン,46,正義は善悪を語るのであれば、ちゃんと働き、社会に貢献しろ。,"정의를 논하고 싶다면, 제대로 일하고, 사회에 공헌해라."
ac41b849ea6253607bd63fccdf073614.bundle,頂樓跟嚴勝和對質,Say,リュウセイ･チョウ,9,お前らのような悪質な企業を潰す方がずっと社会貢献になる。,너희 같은 악질 기업을 무너뜨리는 게 훨씬 사회 공헌이 될 거다.
ac41b849ea6253607bd63fccdf073614.bundle,頂樓跟嚴勝和對質,Say,セイワ･ゲン,47,ハハハ！我々を潰すだと？,하하하! 우리를 무너뜨린다고?
ac41b849ea6253607bd63fccdf073614.bundle,頂樓跟嚴勝和對質,Say,セイワ･ゲン,48,我々が潰れれば、この社会にもたらす影響は多大なものだぞ。,"우리가 무너지면, 이 사회에 미치는 영향은 막대할 텐데."
ac41b849ea6253607bd63fccdf073614.bundle,頂樓跟嚴勝和對質,Say,セイワ･ゲン,49,社会全体が我々のサービスを利用している。個人や企業、政府までもだ。,"사회 전체가 우리 서비스를 이용하고 있다. 개인이나 기업, 정부까지도 말이지."
ac41b849ea6253607bd63fccdf073614.bundle,頂樓跟嚴勝和對質,Say,セイワ･ゲン,50,私たちの演算サービスは社会全体に資源を供給する最適な方法であり、社会の基盤だ。,"우리의 연산 서비스는 사회 전체에 자원을 공급하는 최적의 방법이자, 사회의 기반이다."
ac41b849ea6253607bd63fccdf073614.bundle,頂樓跟嚴勝和對質,Say,セイワ･ゲン,51,言い方を変えよう。,말을 바꿔보지.
ac41b849ea6253607bd63fccdf073614.bundle,頂樓跟嚴勝和對質,Say,セイワ･ゲン,52,今の現代社会は、我々が築き上げたと言っても過言ではないということだ。,"지금의 현대 사회는, 우리가 쌓아 올렸다고 해도 과언이 아니라는 거다."
ac41b849ea6253607bd63fccdf073614.bundle,頂樓跟嚴勝和對質,Say,セイワ･ゲン,53,君たちにそれを否定できるか？,자네들이 그걸 부정할 수 있나?
ac41b849ea6253607bd63fccdf073614.bundle,頂樓跟嚴勝和對質,Branch,#Simple,12,だからこそ、今の社会はこんなにも腐りきっている。,"그렇기 때문에, 지금 사회가 이렇게까지 썩어빠진 거다."
ac41b849ea6253607bd63fccdf073614.bundle,頂樓跟嚴勝和對質,Say,セイワ･ゲン,54,それは民衆の選択の結果だ。,그건 민중이 선택한 결과다.
ac41b849ea6253607bd63fccdf073614.bundle,頂樓跟嚴勝和對質,Branch,#Simple,13,自分たちの存在が社会の礎だとはずいぶんと傲慢だな。,자기들 존재가 사회의 초석이라니 상당히 오만하군.
ac41b849ea6253607bd63fccdf073614.bundle,頂樓跟嚴勝和對質,Say,セイワ･ゲン,55,紛れもない事実だ。,틀림없는 사실이다.
ac41b849ea6253607bd63fccdf073614.bundle,頂樓跟嚴勝和對質,Say,セイワ･ゲン,56,だが我々がこの社会の主導権を握っているとは思っていない……,하지만 우리가 이 사회의 주도권을 쥐고 있다고는 생각하지 않는다……
ac41b849ea6253607bd63fccdf073614.bundle,頂樓跟嚴勝和對質,Branch,#Simple,14,確かにすべてを否定することはできない。,확실히 전부를 부정할 수는 없지.
ac41b849ea6253607bd63fccdf073614.bundle,頂樓跟嚴勝和對質,Say,リュウセイ･チョウ,10,……,……
ac41b849ea6253607bd63fccdf073614.bundle,頂樓跟嚴勝和對質,Say,セイワ･ゲン,57,それが本心であるなら……,그게 본심이라면……
ac41b849ea6253607bd63fccdf073614.bundle,頂樓跟嚴勝和對質,Say,セイワ･ゲン,58,君は私が思っていたより愚かではなかったようだ。,자네는 내가 생각했던 것보다 어리석지는 않은 모양이군.
ac41b849ea6253607bd63fccdf073614.bundle,頂樓跟嚴勝和對質,Say,セイワ･ゲン,59,我々の社会は民主主義の名の下に自由だ。,우리 사회는 민주주의라는 이름 아래 자유롭다.
ac41b849ea6253607bd63fccdf073614.bundle,頂樓跟嚴勝和對質,Say,セイワ･ゲン,60,我々の存在、我々の行いは民衆が選んだ結果なのだ。,"우리의 존재, 우리의 행위는 민중이 선택한 결과인 것이다."
ac41b849ea6253607bd63fccdf073614.bundle,頂樓跟嚴勝和對質,Say,セイワ･ゲン,61,だから我々を否定するということは……,그러니까 우리를 부정한다는 건……
ac41b849ea6253607bd63fccdf073614.bundle,頂樓跟嚴勝和對質,Say,セイワ･ゲン,62,民衆に異を唱え、否定していることになる。,"민중에게 이의를 제기하고, 부정하는 게 되는 거지."
ac41b849ea6253607bd63fccdf073614.bundle,頂樓跟嚴勝和對質,Say,セイワ･ゲン,63,民衆より自分たちが正しいと思っている君たちこそ……,민중보다 자기들이 옳다고 생각하는 자네들이야말로……
ac41b849ea6253607bd63fccdf073614.bundle,頂樓跟嚴勝和對質,Say,セイワ･ゲン,64,傲慢ではないか？,오만한 게 아닌가?
ac41b849ea6253607bd63fccdf073614.bundle,頂樓跟嚴勝和對質,Say,セイワ･ゲン,65,君たちは現実に目を向けるべきだ。,자네들은 현실을 직시해야 한다.
ac41b849ea6253607bd63fccdf073614.bundle,頂樓跟嚴勝和對質,Say,セイワ･ゲン,66,誰もがこの社会に問題を唱え、改善を望むが、皆自分のことしか関心がないのが事実だ。,"누구나 이 사회에 문제를 제기하고, 개선을 바라지만, 다들 자기 일밖에 관심이 없는 게 사실이지."
ac41b849ea6253607bd63fccdf073614.bundle,頂樓跟嚴勝和對質,Say,セイワ･ゲン,67,責任から逃れたいときだけ、自分は大きな社会の中の取るに足らないちっぽけな存在だと言い張る。,"책임에서 도망치고 싶을 때만, 자신은 거대한 사회 속의 하찮고 보잘것없는 존재라고 우겨댄다."
ac41b849ea6253607bd63fccdf073614.bundle,頂樓跟嚴勝和對質,Say,セイワ･ゲン,68,だが権利が絡めば逆に、自分の重要性を訴え出す。,"하지만 권리가 얽히면 반대로, 자기 중요성을 주장하고 나서지."
ac41b849ea6253607bd63fccdf073614.bundle,頂樓跟嚴勝和對質,Say,セイワ･ゲン,69,バカげていると思わないか？,우습다고 생각하지 않나?
ac41b849ea6253607bd63fccdf073614.bundle,頂樓跟嚴勝和對質,Say,セイワ･ゲン,70,我が社が今年、どれだけの大金を慈善事業に寄付したと思う？その金でどれだけの人が救われたか。,"우리 회사가 올해, 얼마나 큰돈을 자선 사업에 기부했다고 생각하나? 그 돈으로 얼마나 많은 사람이 구제됐는지."
ac41b849ea6253607bd63fccdf073614.bundle,頂樓跟嚴勝和對質,Say,セイワ･ゲン,71,目的はもちろん節税だが、多くの者が救われたのも事実だ。,"목적이야 물론 절세지만, 많은 사람이 구제된 것도 사실이다."
ac41b849ea6253607bd63fccdf073614.bundle,頂樓跟嚴勝和對質,Say,セイワ･ゲン,72,一方で君たちはどれだけの者を助けた？,반면 자네들은 몇 명이나 도왔나?
ac41b849ea6253607bd63fccdf073614.bundle,頂樓跟嚴勝和對質,Say,セイワ･ゲン,73,金を稼ぐことに精一杯で、誰かを助けることなどできていないだろう？,"돈 버는 데 급급해서, 누군가를 돕지도 못하고 있지 않나?"
ac41b849ea6253607bd63fccdf073614.bundle,頂樓跟嚴勝和對質,Say,セイワ･ゲン,74,もし君の彼女が巻き込まれなければ、君はここへ出向いて、私に正義を訴えたか？,"만약 자네 여자친구가 휘말리지 않았다면, 자네가 여기까지 찾아와서, 나한테 정의를 부르짖었겠나?"
ac41b849ea6253607bd63fccdf073614.bundle,頂樓跟嚴勝和對質,Say,セイワ･ゲン,75,我々は自らの力で金を稼ぎ、寄付を行っている。,"우리는 스스로의 힘으로 돈을 벌고, 기부를 하고 있다."
ac41b849ea6253607bd63fccdf073614.bundle,頂樓跟嚴勝和對質,Say,セイワ･ゲン,76,大いなる力には大いなる責任が伴う。だから社会貢献をすべきである……,큰 힘에는 큰 책임이 따른다. 그러니까 사회 공헌을 해야 한다……
ac41b849ea6253607bd63fccdf073614.bundle,頂樓跟嚴勝和對質,Say,セイワ･ゲン,77,我々はそれをやってきたというのに、君たちは満足するどころか不満を漏らす。,"우리는 그걸 해왔는데도, 자네들은 만족은커녕 불만을 늘어놓지."
ac41b849ea6253607bd63fccdf073614.bundle,頂樓跟嚴勝和對質,Say,セイワ･ゲン,78,まさか我々にすべての人間を養えとでも言うつもりか？,설마 우리더러 모든 인간을 먹여 살리라고 말할 셈인가?
ac41b849ea6253607bd63fccdf073614.bundle,頂樓跟嚴勝和對質,Say,セイワ･ゲン,79,我々にだって競合相手がいる。,우리한테도 경쟁 상대가 있다.
ac41b849ea6253607bd63fccdf073614.bundle,頂樓跟嚴勝和對質,Say,セイワ･ゲン,80,いろんな方面から様々な勢力が、我々を陥れようと画策している。,"이런저런 방면에서 여러 세력들이, 우리를 함정에 빠뜨리려고 획책하고 있지."
ac41b849ea6253607bd63fccdf073614.bundle,頂樓跟嚴勝和對質,Say,セイワ･ゲン,81,そのような状況でも、誰も我々に手を差し伸べてくれる者はいない。,"그런 상황에서도, 아무도 우리한테 손을 내밀어주는 자는 없다."
ac41b849ea6253607bd63fccdf073614.bundle,頂樓跟嚴勝和對質,Say,セイワ･ゲン,82,君たちはただ弱者に有利な正義をかかげ、私たちをゆすろうとしているだけだ。,"자네들은 그저 약자한테 유리한 정의를 내걸고, 우리를 갈취하려는 것뿐이다."
ac41b849ea6253607bd63fccdf073614.bundle,頂樓跟嚴勝和對質,Say,セイワ･ゲン,83,君たちは無知に甘え、現実を知ろうとしないだけだ。,"자네들은 무지에 안주해서, 현실을 알려고 하지 않을 뿐이지."
ac41b849ea6253607bd63fccdf073614.bundle,頂樓跟嚴勝和對質,Say,セイワ･ゲン,84,我々を揺るぎない悪だと決めつけ、自分たちが善人だと思い込んでいるだけだ。,"우리를 흔들림 없는 악이라고 단정 짓고, 자기들이 선인이라고 믿어버리고 있을 뿐이다."
ac41b849ea6253607bd63fccdf073614.bundle,頂樓跟嚴勝和對質,Say,セイワ･ゲン,85,万象を悪だと決めつければ、我々の施設や成果を誰にも咎められることなく荒らせる大義名分を手にできる。,"완샹을 악이라고 단정 지으면, 우리 시설이나 성과를 아무한테도 추궁당하지 않고 짓밟을 대의명분을 손에 넣을 수 있지."
ac41b849ea6253607bd63fccdf073614.bundle,頂樓跟嚴勝和對質,Say,セイワ･ゲン,86,だがこの件は善悪だけで判断できるほど単純なものではない。君たちの正義の行いで、どれだけの者が被害に遭うかわかっているのか？,"하지만 이 일은 선악만으로 판단할 수 있을 만큼 단순한 게 아니다. 자네들의 정의로운 행동으로, 얼마나 많은 이들이 피해를 입는지 알고 있나?"
ac41b849ea6253607bd63fccdf073614.bundle,頂樓跟嚴勝和對質,Say,セイワ･ゲン,87,真に社会に貢献しているのは、我々が節税のために行った寄付金や、我々が開発した技術だ。,"진정으로 사회에 공헌하고 있는 건, 우리가 절세를 위해 한 기부금이나, 우리가 개발한 기술이다."
ac41b849ea6253607bd63fccdf073614.bundle,頂樓跟嚴勝和對質,Say,セイワ･ゲン,88,そんなこともわからないとは、恥ずべきことだ。,"그런 것도 모르다니, 부끄러운 일이군."
ac41b849ea6253607bd63fccdf073614.bundle,頂樓跟嚴勝和對質,Say,リュウセイ･チョウ,11,お前たちのせいで……！！！,너희들 때문에……!!!
ac41b849ea6253607bd63fccdf073614.bundle,頂樓跟嚴勝和對質,Say,セイワ･ゲン,89,喚くだけの反論は結構だ。,고함만 지르는 반론은 됐다.
ac41b849ea6253607bd63fccdf073614.bundle,頂樓跟嚴勝和對質,Say,セイワ･ゲン,90,社会がこのような様になったのは我々のせいだと言いたいのだろう？,사회가 이렇게 된 게 우리 탓이라고 말하고 싶은 거겠지?
ac41b849ea6253607bd63fccdf073614.bundle,頂樓跟嚴勝和對質,Say,セイワ･ゲン,91,そう思いたいなら勝手にしてくれ。,그렇게 생각하고 싶다면 마음대로 해라.
ac41b849ea6253607bd63fccdf073614.bundle,頂樓跟嚴勝和對質,Say,セイワ･ゲン,92,しかしそんなものは私からしたら……,하지만 그런 건 내 입장에서는……
ac41b849ea6253607bd63fccdf073614.bundle,頂樓跟嚴勝和對質,Say,セイワ･ゲン,93,ただの負け犬の遠吠えだ。,그저 패배자의 헛소리일 뿐이다.
ac41b849ea6253607bd63fccdf073614.bundle,頂樓跟嚴勝和對質,Say,セイワ･ゲン,94,まさに愚の骨頂。,그야말로 어리석음의 극치지.
ac41b849ea6253607bd63fccdf073614.bundle,頂樓跟嚴勝和對質,Branch,#Simple,15,例えお前の理論が正しかったとしても、君たちの行いが正当化されるわけではない。,"설령 네놈의 논리가 옳다 하더라도, 너희들의 짓거리가 정당화되는 건 아니야."
ac41b849ea6253607bd63fccdf073614.bundle,頂樓跟嚴勝和對質,Branch,#Simple,16,あんたのさっきの発言だって、責任逃れの言い訳なんじゃないか？,"당신 아까 한 말도, 책임 회피용 변명 아니야?"
ac41b849ea6253607bd63fccdf073614.bundle,頂樓跟嚴勝和對質,Say,セイワ･ゲン,95,……何だって？,……뭐라고?
ac41b849ea6253607bd63fccdf073614.bundle,頂樓跟嚴勝和對質,Branch,#Simple,17,下で苦しんでいる人たちをどう正当化するつもりだ？,밑에서 고통받고 있는 사람들을 어떻게 정당화할 셈이지?
ac41b849ea6253607bd63fccdf073614.bundle,頂樓跟嚴勝和對質,Branch,#Simple,18,あんたは民を虐待することで金儲けを行っている。違うか？,당신은 사람들을 학대해서 돈벌이를 하고 있어. 아니야?
ac41b849ea6253607bd63fccdf073614.bundle,頂樓跟嚴勝和對質,Say,セイワ･ゲン,96,……,……
ac41b849ea6253607bd63fccdf073614.bundle,頂樓跟嚴勝和對質,Branch,#Simple,19,どんなに成果を掲げても、あんたが悪事を働いている事実からは逃れられない。,"아무리 성과를 내세워도, 당신이 악행을 저지르고 있다는 사실에서는 벗어날 수 없어."
ac41b849ea6253607bd63fccdf073614.bundle,頂樓跟嚴勝和對質,Branch,#Simple,20,社会問題とあんたの悪事は別の問題だ。,사회 문제랑 당신의 악행은 별개 문제야.
ac41b849ea6253607bd63fccdf073614.bundle,頂樓跟嚴勝和對質,Say,セイワ･ゲン,97,……,……
ac41b849ea6253607bd63fccdf073614.bundle,頂樓跟嚴勝和對質,Branch,#Simple,21,いくら今の社会が腐っているとしても、お前の罪が許されるわけではない。,"아무리 지금 사회가 썩어 있다고 해도, 네놈의 죄가 용서되는 건 아니야."
ac41b849ea6253607bd63fccdf073614.bundle,頂樓跟嚴勝和對質,Branch,#Simple,22,あんたにはその責任を取る必要がある。,당신은 그 책임을 져야 해.
ac41b849ea6253607bd63fccdf073614.bundle,頂樓跟嚴勝和對質,Say,セイワ･ゲン,98,君は……,자네는……
ac41b849ea6253607bd63fccdf073614.bundle,頂樓跟嚴勝和對質,Branch,#Simple,23,御託はもうたくさんだ、このクズが。,"헛소리는 이제 지긋지긋하다, 이 쓰레기 자식아."
ac41b849ea6253607bd63fccdf073614.bundle,頂樓跟嚴勝和對質,Branch,#Simple,24,あんたが何を言おうとも、あんたは可哀想な人間だ。,"당신이 뭐라고 말하든, 당신은 불쌍한 인간이야."
ac41b849ea6253607bd63fccdf073614.bundle,頂樓跟嚴勝和對質,Branch,#Simple,25,……,……
ac41b849ea6253607bd63fccdf073614.bundle,頂樓跟嚴勝和對質,Branch,#Simple,26,……,……
ac41b849ea6253607bd63fccdf073614.bundle,頂樓跟嚴勝和對質,Branch,#Simple,27,……,……
ac41b849ea6253607bd63fccdf073614.bundle,頂樓跟嚴勝和對質,Branch,#Simple,28,……,……
ac41b849ea6253607bd63fccdf073614.bundle,頂樓跟嚴勝和對質,Branch,#Simple,29,……,……
ac41b849ea6253607bd63fccdf073614.bundle,頂樓跟嚴勝和對質,Say,セイワ･ゲン,99,私は……！！！,나는……!!!
ac41b849ea6253607bd63fccdf073614.bundle,鴞隊登場2,Say,祖母,0,初めまして。,처음 뵙겠습니다.
ac41b849ea6253607bd63fccdf073614.bundle,鴞隊登場2,Say,リュウセイ･チョウ,0,あなたは……,당신은……
ac41b849ea6253607bd63fccdf073614.bundle,鴞隊登場2,Branch,#Simple,0,どうも。,안녕하세요.
ac41b849ea6253607bd63fccdf073614.bundle,鴞隊登場2,Branch,#Simple,1,あんたが祖母か？,당신이 할머니인가?
ac41b849ea6253607bd63fccdf073614.bundle,鴞隊登場2,Say,祖母,1,ええ。,네.
ac41b849ea6253607bd63fccdf073614.bundle,鴞隊登場2,Branch,#Simple,2,……,……
ac41b849ea6253607bd63fccdf073614.bundle,鴞隊登場2,Say,祖母,2,私がフクロウの管理者だ。,내가 부엉이의 관리자다.
ac41b849ea6253607bd63fccdf073614.bundle,鴞隊登場2,Say,リュウセイ･チョウ,1,祖母……,할머니……
ac41b849ea6253607bd63fccdf073614.bundle,鴞隊登場2,Say,祖母,3,スイと23号から私の話を聞いているようだね。,스이랑 23호한테서 내 얘기를 들은 모양이군요.
ac41b849ea6253607bd63fccdf073614.bundle,鴞隊登場2,Branch,#Simple,3,あんたは素晴らし統率者だと言っていた。,당신은 훌륭한 통솔자라고 했었어.
ac41b849ea6253607bd63fccdf073614.bundle,鴞隊登場2,Say,祖母,4,このような場で嘘をつく必要はなかろう。,이런 자리에서 거짓말을 할 필요는 없겠지요.
ac41b849ea6253607bd63fccdf073614.bundle,鴞隊登場2,Say,リュウセイ･チョウ,2,……,……
ac41b849ea6253607bd63fccdf073614.bundle,鴞隊登場2,Branch,#Simple,4,……,……
ac41b849ea6253607bd63fccdf073614.bundle,鴞隊登場2,Say,祖母,5,迂闊に動くことはお勧めしない。,섣불리 움직이는 건 권하지 않습니다.
ac41b849ea6253607bd63fccdf073614.bundle,鴞隊登場2,Say,祖母,6,ここにいるエージェントは皆、射殺許可を与えられている。,"여기 있는 요원들은 모두, 사살 허가를 받았습니다."
ac41b849ea6253607bd63fccdf073614.bundle,鴞隊登場2,Say,リュウセイ･チョウ,3,……どういうことっすか。,……무슨 소리예요.
ac41b849ea6253607bd63fccdf073614.bundle,鴞隊登場2,Say,リュウセイ･チョウ,4,ここにいるということは、万象が行っていることをすでに知っているのだろう？,"여기 있다는 건, 완샹이 하고 있는 짓을 이미 알고 있다는 거겠지?"
ac41b849ea6253607bd63fccdf073614.bundle,鴞隊登場2,Say,リュウセイ･チョウ,5,どうしてセイワ･ゲンを逮捕しないっすか？いくらスポンサーでも彼らは法を犯しているんすよ。,왜 세이와 겐을 체포 안 하는 거예요? 아무리 스폰서라도 저놈들은 법을 어기고 있잖아요.
ac41b849ea6253607bd63fccdf073614.bundle,鴞隊登場2,Say,祖母,7,その通り法律は遵守すべきだ。,"맞는 말입니다, 법률은 준수해야죠."
ac41b849ea6253607bd63fccdf073614.bundle,鴞隊登場2,Say,祖母,8,ちなみにあなたたちが先程潜入した研究施設は合法の施設だ。,덧붙여 당신들이 조금 전 잠입한 연구 시설은 합법적인 시설입니다.
ac41b849ea6253607bd63fccdf073614.bundle,鴞隊登場2,Say,リュウセイ･チョウ,6,合法！？そんなわけないっすよ！,합법이요!? 그럴 리가 없어요!
ac41b849ea6253607bd63fccdf073614.bundle,鴞隊登場2,Say,祖母,9,正確に言えば、今日合法となった。,"정확히 말하면, 오늘 합법이 되었습니다."
ac41b849ea6253607bd63fccdf073614.bundle,鴞隊登場2,Branch,#Simple,5,つまり昨日までは違法だったんだろう？,그러니까 어제까지는 불법이었다는 거잖아?
ac41b849ea6253607bd63fccdf073614.bundle,鴞隊登場2,Branch,#Simple,6,下で起きていることを正当化できる法が存在するものか！,밑에서 일어나고 있는 일을 정당화할 수 있는 법이 존재할 리가 없어!
ac41b849ea6253607bd63fccdf073614.bundle,鴞隊登場2,Branch,#Simple,7,……,……
ac41b849ea6253607bd63fccdf073614.bundle,鴞隊登場2,Say,祖母,10,私は丁寧に説明してやるのが嫌いでね。だからスイ、頼んだよ。,"나는 친절하게 설명해주는 걸 싫어해서. 그러니까 스이, 부탁한다."
ac41b849ea6253607bd63fccdf073614.bundle,司徒寧頂樓登場,Say,リュウセイ･チョウ,0,スイ姉……！？,스이 누나……!?
ac41b849ea6253607bd63fccdf073614.bundle,司徒寧頂樓登場,Say,スイ･ニン,0,リュウセイ、ジェイ……,"류세이, 제이……"
ac41b849ea6253607bd63fccdf073614.bundle,司徒寧頂樓登場,Say,リュウセイ･チョウ,1,一体どういうことっすか！？彼らは何を言って……,대체 무슨 상황이에요!? 저 사람들이 뭐라고……
ac41b849ea6253607bd63fccdf073614.bundle,司徒寧頂樓登場,Say,スイ･ニン,1,落ち着いて聞いてほしい。,침착하게 들어줬으면 한다.
ac41b849ea6253607bd63fccdf073614.bundle,司徒寧頂樓登場,Say,スイ･ニン,2,私も先程、話を聞かされたばかりなのだ。,"나도 조금 전, 방금 얘기를 들었을 뿐이다."
ac41b849ea6253607bd63fccdf073614.bundle,司徒寧頂樓登場,Say,リュウセイ･チョウ,2,……,……
ac41b849ea6253607bd63fccdf073614.bundle,司徒寧頂樓登場,Say,スイ･ニン,3,万象の人工類人演算技術は、国会により合法化された。,"완샹의 인공 유사인 연산 기술은, 국회에 의해 합법화됐다."
ac41b849ea6253607bd63fccdf073614.bundle,司徒寧頂樓登場,Say,リュウセイ･チョウ,3,じゃ、ラボで見たあれは……,"그럼, 랩에서 봤던 그건……"
ac41b849ea6253607bd63fccdf073614.bundle,司徒寧頂樓登場,Say,スイ･ニン,4,非人類だと国家認定された。,비인류로 국가 인정을 받았다.
ac41b849ea6253607bd63fccdf073614.bundle,司徒寧頂樓登場,Say,スイ･ニン,5,正式な公布まで数ヶ月かかるが、もうフクロウを含めた行政機関に通達が来ている。,"정식 공포까지는 몇 달 걸리지만, 이미 부엉이를 포함한 행정 기관에는 통달이 와 있다."
ac41b849ea6253607bd63fccdf073614.bundle,司徒寧頂樓登場,Say,リュウセイ･チョウ,4,だから彼らはここへ来たのか……,그래서 저 사람들이 여기 온 건가……
ac41b849ea6253607bd63fccdf073614.bundle,司徒寧頂樓登場,Say,祖母,0,我々は合法な運営をしている企業を守るために来たのだ。,우리는 합법적으로 운영하고 있는 기업을 지키기 위해 왔습니다.
ac41b849ea6253607bd63fccdf073614.bundle,司徒寧頂樓登場,Branch,#Simple,0,万象は合法化される前から実験を繰り返していたはずだ。,완샹은 합법화되기 전부터 실험을 반복하고 있었을 텐데.
ac41b849ea6253607bd63fccdf073614.bundle,司徒寧頂樓登場,Say,祖母,1,刑罰不遡及の原則か。,형벌 불소급의 원칙이군요.
ac41b849ea6253607bd63fccdf073614.bundle,司徒寧頂樓登場,Say,祖母,2,しかし刑法に則り、犯罪後に法改正があった場合は、その軽いものが適用される。,"하지만 형법에 따라, 범죄 후에 법 개정이 있었을 경우에는, 더 가벼운 쪽이 적용됩니다."
ac41b849ea6253607bd63fccdf073614.bundle,司徒寧頂樓登場,Branch,#Simple,1,人身売買についてはどうなんだ？,인신매매에 대해서는 어떻게 되는 거지?
ac41b849ea6253607bd63fccdf073614.bundle,司徒寧頂樓登場,Say,祖母,3,それについては現在取調中だ。おそらく何人か逮捕者が出るだろう。,그건 현재 조사 중입니다. 아마 몇 명은 체포자가 나오겠지요.
ac41b849ea6253607bd63fccdf073614.bundle,司徒寧頂樓登場,Say,祖母,4,だが現在はゲンさんの関わりが掴めていない上に、彼はこの事実を知らなかったようだ。,"하지만 현재로선 겐 씨의 관여가 파악되지 않은 데다가, 그는 이 사실을 몰랐던 모양입니다."
ac41b849ea6253607bd63fccdf073614.bundle,司徒寧頂樓登場,Say,祖母,5,だから今のところ彼が責任を問われることはない。,그러니까 지금으로서는 그가 책임을 추궁당할 일은 없습니다.
ac41b849ea6253607bd63fccdf073614.bundle,司徒寧頂樓登場,Branch,#Simple,2,セイワ･ゲンは俺の彼女を殺そうとした。その確実な証拠がある。,세이와 겐은 내 여자친구를 죽이려고 했다. 그 확실한 증거가 있다.
ac41b849ea6253607bd63fccdf073614.bundle,司徒寧頂樓登場,Say,祖母,6,申し訳ないが、それは我々の管轄範囲ではない。警察に相談しなさい。,"죄송하지만, 그건 우리 관할 범위가 아닙니다. 경찰과 상의하세요."
ac41b849ea6253607bd63fccdf073614.bundle,司徒寧頂樓登場,Branch,#Simple,3,彼が知らないわけない。,그놈이 몰랐을 리가 없다.
ac41b849ea6253607bd63fccdf073614.bundle,司徒寧頂樓登場,Say,祖母,7,関わっていたという有力な証拠がない以上、彼は無罪だ。,"관여했다는 유력한 증거가 없는 이상, 그는 무죄입니다."
ac41b849ea6253607bd63fccdf073614.bundle,司徒寧頂樓登場,Branch,#Simple,4,……,……
ac41b849ea6253607bd63fccdf073614.bundle,司徒寧頂樓登場,Branch,#Simple,5,……,……
ac41b849ea6253607bd63fccdf073614.bundle,司徒寧頂樓登場,Say,リュウセイ･チョウ,5,何すかそれは……！？,뭐예요 그게……!?
ac41b849ea6253607bd63fccdf073614.bundle,司徒寧頂樓登場,Say,リュウセイ･チョウ,6,つまりお前らはセイワ･ゲンを、万象を見逃すってことっすか？,"그러니까 당신들은 세이와 겐을, 완샹을 봐준다는 거예요?"
ac41b849ea6253607bd63fccdf073614.bundle,司徒寧頂樓登場,Say,リュウセイ･チョウ,7,下で行われている非人道的な実験を見ていないのか！？あれは人間の尊厳を踏みにじった行為だ！,밑에서 벌어지고 있는 비인도적인 실험을 못 봤어요!? 그건 인간의 존엄을 짓밟는 짓이라고요!
ac41b849ea6253607bd63fccdf073614.bundle,司徒寧頂樓登場,Say,リュウセイ･チョウ,8,なぜそんなものが合法化されるっすか！？,왜 그런 게 합법화되는 거예요!?
ac41b849ea6253607bd63fccdf073614.bundle,司徒寧頂樓登場,Say,祖母,8,法改正の詳細については公布前のため、あなたに教えることはできない。,"법 개정의 세부 사항에 대해서는 공포 전이므로, 당신에게 알려줄 수 없습니다."
ac41b849ea6253607bd63fccdf073614.bundle,司徒寧頂樓登場,Say,リュウセイ･チョウ,9,バカげているっす……！,말도 안 돼요……!
ac41b849ea6253607bd63fccdf073614.bundle,司徒寧頂樓登場,Say,リュウセイ･チョウ,10,スイ姉！なんで黙ってるんすか！,스이 누나! 왜 가만히 있는 거예요!
ac41b849ea6253607bd63fccdf073614.bundle,司徒寧頂樓登場,Say,祖母,9,確かに彼の言う通りだ、スイ。,"확실히 저 애 말이 맞다, 스이."
ac41b849ea6253607bd63fccdf073614.bundle,司徒寧頂樓登場,Say,スイ･ニン,6,……,……
ac41b849ea6253607bd63fccdf073614.bundle,司徒寧頂樓登場,Say,スイ･ニン,7,ジェイ、リュウセイ、ハックユニットを渡せ。,"제이, 류세이, 해킹 유닛을 넘겨."
ac41b849ea6253607bd63fccdf073614.bundle,司徒寧頂樓登場,Say,リュウセイ･チョウ,11,はい……？,네……?
ac41b849ea6253607bd63fccdf073614.bundle,司徒寧頂樓登場,Say,祖母,10,……,……
ac41b849ea6253607bd63fccdf073614.bundle,司徒寧頂樓登場,Say,祖母,11,彼らは非協力的なようだな。,저들은 비협조적인 모양이군.
ac41b849ea6253607bd63fccdf073614.bundle,司徒寧頂樓登場,Say,スイ･ニン,8,……頼む、今は私に従ってほしい。,"……부탁이다, 지금은 나를 따라줬으면 한다."
ac41b849ea6253607bd63fccdf073614.bundle,司徒寧頂樓登場,Say,リュウセイ･チョウ,12,……,……
ac41b849ea6253607bd63fccdf073614.bundle,第一次交完破解器,Say,祖母,0,今日のあなたたちの行為は、すでにテロ行為と見なされた。,"오늘 당신들의 행위는, 이미 테러 행위로 간주되었습니다."
ac41b849ea6253607bd63fccdf073614.bundle,第一次交完破解器,Say,リュウセイ･チョウ,0,テロ行為！？僕たちはただ……！,테러 행위요!? 저희는 그냥……!
ac41b849ea6253607bd63fccdf073614.bundle,第一次交完破解器,Say,祖母,1,制止に応じず、テロ行為を続けるのであれば、射殺もやむを得ないということだ。,"제지에 응하지 않고, 테러 행위를 계속한다면, 사살도 불가피하다는 겁니다."
ac41b849ea6253607bd63fccdf073614.bundle,第一次交完破解器,Say,祖母,2,もし万象の資料を渡さないのであれば、この場で射殺する。,"만약 완샹의 자료를 넘기지 않는다면, 이 자리에서 사살하겠습니다."
ac41b849ea6253607bd63fccdf073614.bundle,第一次交完破解器,Say,祖母,3,研究施設から手に入れたものは、これですべてかな？,"연구 시설에서 손에 넣은 건, 이걸로 전부인가요?"
ac41b849ea6253607bd63fccdf073614.bundle,第一次交完破解器,Branch,#Simple,0,ああ。,그래.
ac41b849ea6253607bd63fccdf073614.bundle,第一次交完破解器,Branch,#Simple,1,すべて渡した。,전부 넘겼다.
ac41b849ea6253607bd63fccdf073614.bundle,第一次交完破解器,Say,リュウセイ･チョウ,1,ああ。,그래.
ac41b849ea6253607bd63fccdf073614.bundle,第一次交完破解器,Say,祖母,4,よろしい。,좋아.
ac41b849ea6253607bd63fccdf073614.bundle,第一次交完破解器,Say,祖母,5,他に持っていないか調べなさい。,다른 걸 갖고 있지 않은지 조사하십시오.
ac41b849ea6253607bd63fccdf073614.bundle,隆生被抓(司徒知情),Say,スイ･ニン,0,リュウセイ。,류세이.
ac41b849ea6253607bd63fccdf073614.bundle,隆生被抓(司徒知情),Say,祖母,0,……,……
ac41b849ea6253607bd63fccdf073614.bundle,隆生被抓(司徒知情),Say,スイ･ニン,1,君は私の命令により予備のコピーを取っているはずだ。,너는 내 명령에 따라 예비 사본을 떠뒀을 텐데.
ac41b849ea6253607bd63fccdf073614.bundle,隆生被抓(司徒知情),Say,リュウセイ･チョウ,0,……！？,……!?
ac41b849ea6253607bd63fccdf073614.bundle,隆生被抓(司徒知情),Say,祖母,1,……,……
ac41b849ea6253607bd63fccdf073614.bundle,隆生被抓(司徒知情),Say,スイ･ニン,2,リュウセイ、それを渡せ。,"류세이, 그걸 넘겨."
ac41b849ea6253607bd63fccdf073614.bundle,隆生被抓(司徒知情),Say,リュウセイ･チョウ,1,それは……,그건……
ac41b849ea6253607bd63fccdf073614.bundle,隆生被抓(司徒知情),Say,スイ･ニン,3,今すぐ渡しなさい。,지금 당장 넘겨.
ac41b849ea6253607bd63fccdf073614.bundle,隆生被抓(司徒知情),Say,リュウセイ･チョウ,2,……,……
ac41b849ea6253607bd63fccdf073614.bundle,隆生被抓(司徒知情),Say,リュウセイ･チョウ,3,クソッ……！,젠장……!
ac41b849ea6253607bd63fccdf073614.bundle,隆生被抓(司徒知情)2,Say,祖母,0,……,……
ac41b849ea6253607bd63fccdf073614.bundle,隆生被抓(司徒知情)2,Say,祖母,1,彼が秘密裏に余分にコピーを取ったわけではないと、今は信じましょう。,"저 애가 몰래 여분의 사본을 뜨지는 않았다고, 지금은 믿어드리죠."
ac41b849ea6253607bd63fccdf073614.bundle,隆生被抓(司徒知情)2,Say,スイ･ニン,0,……,……
ac41b849ea6253607bd63fccdf073614.bundle,隆生被抓(司徒知情)2,Say,祖母,2,あなたにとって、彼は重要な人間だと理解しているからね。,"당신한테, 저 애가 중요한 사람이라는 걸 이해하고 있으니까요."
ac41b849ea6253607bd63fccdf073614.bundle,隆生被抓(司徒知情)2,Say,祖母,3,だがこれは貸しだ。覚えておきなさい。,하지만 이건 빚으로 남겨두겠습니다. 기억해두세요.
ac41b849ea6253607bd63fccdf073614.bundle,隆生被抓(司徒知情)2,Say,スイ･ニン,1,……,……
ac41b849ea6253607bd63fccdf073614.bundle,第一次交完破解器後續,Say,祖母,0,我々の用は済んだ。,우리 볼일은 끝났습니다.
ac41b849ea6253607bd63fccdf073614.bundle,第一次交完破解器後續,Say,祖母,1,先程伝えた通り、後はあなたに任せる。,"조금 전 전한 대로, 나머지는 당신에게 맡기겠습니다."
ac41b849ea6253607bd63fccdf073614.bundle,第一次交完破解器後續,Say,スイ･ニン,0,……,……
ac41b849ea6253607bd63fccdf073614.bundle,第一次交完破解器後續,Say,スイ･ニン,1,リュウセイ、ジェイ。,"류세이, 제이."
ac41b849ea6253607bd63fccdf073614.bundle,第一次交完破解器後續,Say,スイ･ニン,2,君たちはほとぼりが冷めるまで、フクロウの本部に拘束される。,"너희들은 여파가 가라앉을 때까지, 부엉이 본부에 구금된다."
ac41b849ea6253607bd63fccdf073614.bundle,第一次交完破解器後續,Say,スイ･ニン,3,目的は君たちが万象の不利益になる行為を制限するためだ。,목적은 너희들이 완샹에 불이익이 되는 행위를 제한하기 위해서다.
ac41b849ea6253607bd63fccdf073614.bundle,第一次交完破解器後續,Say,リュウセイ･チョウ,0,何の権利があって拘束するつもりっすか！？,무슨 권리로 구금할 셈인데요!?
ac41b849ea6253607bd63fccdf073614.bundle,第一次交完破解器後續,Say,スイ･ニン,4,確かに彼らにその権利はないが……もう決まったことだ。,확실히 그들에게 그럴 권리는 없지만……이미 결정된 일이다.
ac41b849ea6253607bd63fccdf073614.bundle,第一次交完破解器後續,Say,スイ･ニン,5,そして私にはそれを止めることができない……,그리고 나한테는 그걸 막을 힘이 없다……
ac41b849ea6253607bd63fccdf073614.bundle,第一次交完破解器後續,Say,リュウセイ･チョウ,1,……,……
ac41b849ea6253607bd63fccdf073614.bundle,第一次交完破解器後續,Branch,#Simple,0,俺たちが口外しないと誓ったらどうだ？,우리가 발설하지 않겠다고 맹세하면 어때?
ac41b849ea6253607bd63fccdf073614.bundle,第一次交完破解器後續,Say,スイ･ニン,6,祖母はそれを信じない。,할머니는 그걸 안 믿는다.
ac41b849ea6253607bd63fccdf073614.bundle,第一次交完破解器後續,Branch,#Simple,1,拘束期間は？,구금 기간은?
ac41b849ea6253607bd63fccdf073614.bundle,第一次交完破解器後續,Say,スイ･ニン,7,わからない。,모르겠어.
ac41b849ea6253607bd63fccdf073614.bundle,第一次交完破解器後續,Branch,#Simple,2,……,……
ac41b849ea6253607bd63fccdf073614.bundle,第一次交完破解器後續,Say,スイ･ニン,8,この拘束が解かれたとしても、無事にそこから出られるかはわからない。,"이 구금이 풀린다고 해도, 무사히 거기서 나올 수 있을지는 모른다."
ac41b849ea6253607bd63fccdf073614.bundle,第一次交完破解器後續,Say,リュウセイ･チョウ,2,僕らは大人しくそれに従うしかないってことっすか？,저희는 얌전히 거기 따를 수밖에 없다는 거예요?
ac41b849ea6253607bd63fccdf073614.bundle,第一次交完破解器後續,Say,スイ･ニン,9,祖母に掛け合った結果、君たちにはもう一つ選択肢が与えられた。,"할머니와 담판을 지은 결과, 너희들한테 선택지가 하나 더 주어졌다."
ac41b849ea6253607bd63fccdf073614.bundle,第一次交完破解器後續,Say,スイ･ニン,10,フクロウに加わることだ。,부엉이에 들어오는 것이다.
ac41b849ea6253607bd63fccdf073614.bundle,第一次交完破解器後續,Say,スイ･ニン,11,……,……
ac41b849ea6253607bd63fccdf073614.bundle,第一次交完破解器後續,Say,スイ･ニン,12,フクロウに加入後、君たちは訓練を2年間受けることになる。,"부엉이에 가입한 후, 너희들은 2년간 훈련을 받게 된다."
ac41b849ea6253607bd63fccdf073614.bundle,第一次交完破解器後續,Say,スイ･ニン,13,当然、エージェントとなれば厳重に監視もされる。,"당연히, 요원이 되면 엄중하게 감시도 받는다."
ac41b849ea6253607bd63fccdf073614.bundle,第一次交完破解器後續,Say,スイ･ニン,14,また君たちの家族や友人、接触した者たちも、長い期間監視リストへと入れられる。,"또 너희들의 가족이나 친구, 접촉한 사람들도, 오랜 기간 감시 리스트에 오르게 된다."
ac41b849ea6253607bd63fccdf073614.bundle,第一次交完破解器後續,Say,スイ･ニン,15,……,……
ac41b849ea6253607bd63fccdf073614.bundle,第一次交完破解器後續,Say,スイ･ニン,16,だがこれが私にできる最大限だ、すまない。,"하지만 이게 내가 할 수 있는 최선이다, 미안하다."
ac41b849ea6253607bd63fccdf073614.bundle,第一次交完破解器後續,Say,リュウセイ･チョウ,3,……,……
ac41b849ea6253607bd63fccdf073614.bundle,第一次交完破解器後續,Say,リュウセイ･チョウ,4,信じられない……,믿을 수가 없어……
ac41b849ea6253607bd63fccdf073614.bundle,第一次交完破解器後續,Say,スイ･ニン,17,リュウセイ、フクロウは……,"류세이, 부엉이는……"
ac41b849ea6253607bd63fccdf073614.bundle,第一次交完破解器後續,Say,リュウセイ･チョウ,5,<y>フクロウのことはどうでもいいっす！</y>,<y>부엉이 얘기는 아무래도 상관없다고요!</y>
ac41b849ea6253607bd63fccdf073614.bundle,第一次交完破解器後續,Say,リュウセイ･チョウ,6,<y>僕が信じられないと言ったのはスイ姉っすよ！</y>,<y>제가 믿을 수 없다고 한 건 스이 누나예요!</y>
ac41b849ea6253607bd63fccdf073614.bundle,第一次交完破解器後續,Say,リュウセイ･チョウ,7,下で行われていることを、そのまま受け入れるっすか？,"밑에서 벌어지고 있는 일을, 그대로 받아들이는 거예요?"
ac41b849ea6253607bd63fccdf073614.bundle,第一次交完破解器後續,Say,リュウセイ･チョウ,8,度を越えすぎていると、スイ姉も言ってたっすよね？,"도가 지나쳤다고, 스이 누나도 그랬었잖아요?"
ac41b849ea6253607bd63fccdf073614.bundle,第一次交完破解器後續,Say,リュウセイ･チョウ,9,なのに合法化されたからって見て見ぬ振りっすか？,근데 합법화됐다고 못 본 척하는 거예요?
ac41b849ea6253607bd63fccdf073614.bundle,第一次交完破解器後續,Say,スイ･ニン,18,……,……
ac41b849ea6253607bd63fccdf073614.bundle,第一次交完破解器後續,Say,スイ･ニン,19,合法化されたことだけが問題ではないのだ……,합법화된 것만이 문제가 아니다……
ac41b849ea6253607bd63fccdf073614.bundle,第一次交完破解器後續,Say,スイ･ニン,20,私がこの事実を受け入れた理由は……,내가 이 사실을 받아들인 이유는……
ac41b849ea6253607bd63fccdf073614.bundle,第一次交完破解器後續,Say,スイ･ニン,21,この施設を破壊……いや、少しでも停止すれば、国内全体に直ちに混乱が起こるからだ。,"이 시설을 파괴……아니, 조금이라도 정지시키면, 국내 전체에 즉시 혼란이 일어나기 때문이다."
ac41b849ea6253607bd63fccdf073614.bundle,第一次交完破解器後續,Say,リュウセイ･チョウ,10,……どういうことっすか？,……무슨 소리예요?
ac41b849ea6253607bd63fccdf073614.bundle,第一次交完破解器後續,Say,スイ･ニン,22,ここで生産された演算力は、ずっと前から使用されていたらしい。,"여기서 생산된 연산력은, 훨씬 전부터 사용되고 있었던 모양이다."
ac41b849ea6253607bd63fccdf073614.bundle,第一次交完破解器後續,Say,スイ･ニン,23,しかも、私たちの想像を遙かに超えた大規模な運用だ。,"게다가, 우리 상상을 훨씬 뛰어넘는 대규모 운용이다."
ac41b849ea6253607bd63fccdf073614.bundle,第一次交完破解器後續,Say,スイ･ニン,24,ほとんどの演算工場の供給量は研究施設からの演算力により水増しされている。,대부분의 연산 공장의 공급량은 연구 시설에서 나오는 연산력으로 부풀려져 있다.
ac41b849ea6253607bd63fccdf073614.bundle,第一次交完破解器後續,Say,スイ･ニン,25,現在、国内で使用されている演算力の60%がこの施設からの供給によるものだ。,"현재, 국내에서 사용되는 연산력의 60%가 이 시설에서의 공급에 의한 것이다."
ac41b849ea6253607bd63fccdf073614.bundle,第一次交完破解器後續,Say,リュウセイ･チョウ,11,60%……！？,60%……!?
ac41b849ea6253607bd63fccdf073614.bundle,第一次交完破解器後續,Branch,#Simple,3,ありえない。そこまで大規模なものなら、とっくの昔に公になってもおかしくないはずだ。,"말도 안 돼. 그 정도로 대규모라면, 진작에 세상에 알려졌어도 이상하지 않을 텐데."
ac41b849ea6253607bd63fccdf073614.bundle,第一次交完破解器後續,Say,スイ･ニン,26,……政府が全力で隠してきたからだ。,……정부가 전력을 다해 숨겨왔기 때문이다.
ac41b849ea6253607bd63fccdf073614.bundle,第一次交完破解器後續,Say,スイ･ニン,27,このプロジェクトは最初から政府と万象の共同開発だったということだ。,이 프로젝트는 처음부터 정부와 완샹의 공동 개발이었다는 거다.
ac41b849ea6253607bd63fccdf073614.bundle,第一次交完破解器後續,Branch,#Simple,4,あんたも23号もそれに気づかなかったのか？,당신도 23호도 그걸 눈치 못 챈 거야?
ac41b849ea6253607bd63fccdf073614.bundle,第一次交完破解器後續,Say,スイ･ニン,28,これほど国内の供給量を賄っているとは思わなかった。,이 정도로 국내 공급량을 감당하고 있으리라고는 생각 못 했다.
ac41b849ea6253607bd63fccdf073614.bundle,第一次交完破解器後續,Say,スイ･ニン,29,これでは……,이래서는……
ac41b849ea6253607bd63fccdf073614.bundle,第一次交完破解器後續,Say,スイ･ニン,30,……,……
ac41b849ea6253607bd63fccdf073614.bundle,第一次交完破解器後續,Say,スイ･ニン,31,それに誰も気づくことができなかった理由はもう一つある……,게다가 아무도 눈치채지 못한 이유가 하나 더 있다……
ac41b849ea6253607bd63fccdf073614.bundle,第一次交完破解器後續,Say,スイ･ニン,32,政府が全力で隠してきたからだ。,정부가 전력을 다해 숨겨왔기 때문이다.
ac41b849ea6253607bd63fccdf073614.bundle,第一次交完破解器後續,Say,スイ･ニン,33,このプロジェクトは最初から政府と万象の共同開発だったのだ。,이 프로젝트는 처음부터 정부와 완샹의 공동 개발이었던 것이다.
ac41b849ea6253607bd63fccdf073614.bundle,第一次交完破解器後續,Branch,#Simple,5,……,……
ac41b849ea6253607bd63fccdf073614.bundle,第一次交完破解器後續,Say,スイ･ニン,34,つまりだ……,즉……
ac41b849ea6253607bd63fccdf073614.bundle,第一次交完破解器後續,Say,スイ･ニン,35,ここを破壊することで、影響を受けるのが一部の企業だけならまだいいが……,"여기를 파괴함으로써, 영향을 받는 게 일부 기업뿐이라면 그나마 낫지만……"
ac41b849ea6253607bd63fccdf073614.bundle,第一次交完破解器後續,Say,スイ･ニン,36,ここの最も大きな顧客は政府だ。電力の供給、交通インフラ、医療サービスなど様々な分野の基盤となっている……,"여기의 가장 큰 고객은 정부다. 전력 공급, 교통 인프라, 의료 서비스 등 다양한 분야의 기반이 되어 있다……"
ac41b849ea6253607bd63fccdf073614.bundle,第一次交完破解器後續,Say,スイ･ニン,37,ここまで言えば理解しただろう。,여기까지 말하면 이해했겠지.
ac41b849ea6253607bd63fccdf073614.bundle,第一次交完破解器後續,Say,リュウセイ･チョウ,12,……,……
ac41b849ea6253607bd63fccdf073614.bundle,第一次交完破解器後續,Branch,#Simple,6,今は見て見ぬ振りをするしかないのか。,지금은 못 본 척할 수밖에 없는 건가.
ac41b849ea6253607bd63fccdf073614.bundle,第一次交完破解器後續,Say,スイ･ニン,38,……他に方法はない。,……다른 방법은 없다.
ac41b849ea6253607bd63fccdf073614.bundle,第一次交完破解器後續,Branch,#Simple,7,その数字は本当なのか？彼らに騙されている可能性は？,그 수치는 사실인 거야? 그놈들한테 속고 있을 가능성은?
ac41b849ea6253607bd63fccdf073614.bundle,第一次交完破解器後續,Say,スイ･ニン,39,彼らが私に嘘をつく必要がない。,그들이 나한테 거짓말할 이유가 없다.
ac41b849ea6253607bd63fccdf073614.bundle,第一次交完破解器後續,Say,スイ･ニン,40,例えその数字が10%であろうとも、私が彼らに抗うことは不可能だからだ。,"설령 그 수치가 10%였다 하더라도, 내가 그들한테 맞서는 건 불가능하기 때문이다."
ac41b849ea6253607bd63fccdf073614.bundle,第一次交完破解器後續,Branch,#Simple,8,……,……
ac41b849ea6253607bd63fccdf073614.bundle,第一次交完破解器後續,Say,リュウセイ･チョウ,13,……,……
ac41b849ea6253607bd63fccdf073614.bundle,第一次交完破解器後續,Say,リュウセイ･チョウ,14,納得できないっす……,납득이 안 가요……
ac41b849ea6253607bd63fccdf073614.bundle,第一次交完破解器後續,Say,リュウセイ･チョウ,15,結局はスイ姉がビビっただけじゃないっすか！,결국은 스이 누나가 그냥 겁먹은 거잖아요!
ac41b849ea6253607bd63fccdf073614.bundle,第一次交完破解器後續,Say,リュウセイ･チョウ,16,正しさを貫くと言いながらも、結局は勝てないから屈服してるだけっす！,"옳음을 관철한다고 말하면서도, 결국은 이길 수 없으니까 굴복하는 것뿐이에요!"
ac41b849ea6253607bd63fccdf073614.bundle,第一次交完破解器後續,Say,スイ･ニン,41,リュウセイ。今は現状を受け入れることが正しい選択だ。,류세이. 지금은 현 상황을 받아들이는 게 옳은 선택이다.
ac41b849ea6253607bd63fccdf073614.bundle,第一次交完破解器後續,Say,スイ･ニン,42,例え私がここにいる全員を殺せたとしても、この施設を破壊することはできない。,"설령 내가 여기 있는 전원을 죽일 수 있다 해도, 이 시설을 파괴할 수는 없다."
ac41b849ea6253607bd63fccdf073614.bundle,第一次交完破解器後續,Say,スイ･ニン,43,数百万人の生活を奪うわけにはいかないのだ。,수백만 명의 삶을 빼앗을 수는 없는 것이다.
ac41b849ea6253607bd63fccdf073614.bundle,第一次交完破解器後續,Say,スイ･ニン,44,例えば手術中に電力の供給が途絶えることで患者は死に、重要施設の電力も止まり、自動運転システムがダウンすることで交通事故も多発する……,"예를 들면 수술 중에 전력 공급이 끊겨서 환자가 죽고, 중요 시설의 전력도 멈추고, 자율 주행 시스템이 다운돼서 교통사고도 다발하고……"
ac41b849ea6253607bd63fccdf073614.bundle,第一次交完破解器後續,Say,リュウセイ･チョウ,17,<y>あああ……！</y>,<y>아아아……!</y>
ac41b849ea6253607bd63fccdf073614.bundle,第一次交完破解器後續,Say,リュウセイ･チョウ,18,もうたくさんだ……！,이제 지긋지긋해……!
ac41b849ea6253607bd63fccdf073614.bundle,第一次交完破解器後續,Say,リュウセイ･チョウ,19,そんなことはわかってる！,그런 건 알고 있다고!
ac41b849ea6253607bd63fccdf073614.bundle,第一次交完破解器後續,Say,リュウセイ･チョウ,20,<y>でもそんなのきりがない……！</y>,<y>근데 그런 건 끝이 없잖아……!</y>
ac41b849ea6253607bd63fccdf073614.bundle,第一次交完破解器後續,Say,リュウセイ･チョウ,21,<y>まだわからないっすか！？スイ姉！</y>,<y>아직도 모르는 거예요!? 스이 누나!</y>
ac41b849ea6253607bd63fccdf073614.bundle,第一次交完破解器後續,Say,リュウセイ･チョウ,22,<y>彼らみたいな人間は、僕たちを止める理由をいくらでも持っているっす！</y>,"<y>저런 인간들은, 저희를 막을 이유를 얼마든지 갖고 있다고요!</y>"
ac41b849ea6253607bd63fccdf073614.bundle,第一次交完破解器後續,Say,リュウセイ･チョウ,23,<y>だって僕たちには守るべきものが多いことを彼らは知っているんすから！</y>,<y>왜냐면 저희한테 지켜야 할 게 많다는 걸 저놈들이 알고 있으니까요!</y>
ac41b849ea6253607bd63fccdf073614.bundle,第一次交完破解器後續,Say,リュウセイ･チョウ,24,<y>もう限界だ！</y>,<y>이제 한계라고요!</y>
ac41b849ea6253607bd63fccdf073614.bundle,第一次交完破解器後續,Say,リュウセイ･チョウ,25,<y>彼らに従って犠牲を払わなければ、結局は何もできない！</y>,"<y>저놈들한테 따르면서 희생을 치르지 않으면, 결국은 아무것도 못 해요!</y>"
ac41b849ea6253607bd63fccdf073614.bundle,第一次交完破解器後續,Say,スイ･ニン,45,……,……
ac41b849ea6253607bd63fccdf073614.bundle,第一次交完破解器後續,Say,リュウセイ･チョウ,26,もしかしてスイ姉は……,혹시 스이 누나는……
ac41b849ea6253607bd63fccdf073614.bundle,第一次交完破解器後續,Say,リュウセイ･チョウ,27,ずっと逃げてただけじゃないっすか……？,계속 도망치고 있었던 것뿐 아니에요……?
ac41b849ea6253607bd63fccdf073614.bundle,第一次交完破解器後續,Say,リュウセイ･チョウ,28,いろんなことを心配するのは、できないことへの言い訳をするために……,"여러 가지를 걱정하는 건, 못 하는 것에 대한 핑계를 대기 위해서……"
ac41b849ea6253607bd63fccdf073614.bundle,第一次交完破解器後續,Say,スイ･ニン,46,それは違う。,그건 틀렸다.
ac41b849ea6253607bd63fccdf073614.bundle,第一次交完破解器後續,Say,スイ･ニン,47,いろんなことを気に掛けるからこそ、私は行動できる。,"여러 가지를 신경 쓰기 때문에, 나는 행동할 수 있다."
ac41b849ea6253607bd63fccdf073614.bundle,第一次交完破解器後續,Say,スイ･ニン,48,現実に目を向けず思考を止めることこそ、本当の逃げだ。,"현실을 외면하고 생각을 멈추는 것이야말로, 진짜 도망이다."
ac41b849ea6253607bd63fccdf073614.bundle,第一次交完破解器後續,Say,スイ･ニン,49,今の君がまさにそうだ。,지금 네가 바로 그렇다.
ac41b849ea6253607bd63fccdf073614.bundle,第一次交完破解器後續,Say,リュウセイ･チョウ,29,……どういうことっすか。,……무슨 소리예요.
ac41b849ea6253607bd63fccdf073614.bundle,第一次交完破解器後續,Say,スイ･ニン,50,復讐や不満をぶちまけたいなら勝手にすればいい。,복수나 불만을 터뜨리고 싶다면 마음대로 해라.
ac41b849ea6253607bd63fccdf073614.bundle,第一次交完破解器後續,Say,スイ･ニン,51,君がそれをするのは自由であり、誰も君の行為を咎められない。,"네가 그렇게 하는 건 자유고, 아무도 네 행동을 나무랄 수 없다."
ac41b849ea6253607bd63fccdf073614.bundle,第一次交完破解器後續,Say,スイ･ニン,52,だが一つ言っておく。,하지만 하나 말해두겠다.
ac41b849ea6253607bd63fccdf073614.bundle,第一次交完破解器後續,Say,スイ･ニン,53,そうすると決めたのであれば、自分が正しいことをしていると思うな。,"그렇게 하기로 정했다면, 자신이 옳은 일을 하고 있다고 생각하지 마라."
ac41b849ea6253607bd63fccdf073614.bundle,第一次交完破解器後續,Say,スイ･ニン,54,人を救えない正義に意味はない。,사람을 구하지 못하는 정의는 의미가 없다.
ac41b849ea6253607bd63fccdf073614.bundle,第一次交完破解器後續,Say,リュウセイ･チョウ,30,僕は……,나는……
ac41b849ea6253607bd63fccdf073614.bundle,第一次交完破解器後續,Say,スイ･ニン,55,憎しみのためだけに戦いたいのであれば、それも構わない。だが正義を建前に使うな。,"증오만을 위해 싸우고 싶다면, 그것도 상관없다. 하지만 정의를 명분으로 쓰지 마라."
ac41b849ea6253607bd63fccdf073614.bundle,第一次交完破解器後續,Say,リュウセイ･チョウ,31,……,……
ac41b849ea6253607bd63fccdf073614.bundle,第一次交完破解器後續,Say,スイ･ニン,56,君の言う通り、もう限界なのだろう。,"네 말대로, 이제 한계인 거겠지."
ac41b849ea6253607bd63fccdf073614.bundle,第一次交完破解器後續,Say,スイ･ニン,57,だがリュウセイ、今は決断する時だ。,"하지만 류세이, 지금은 결단을 내릴 때다."
ac41b849ea6253607bd63fccdf073614.bundle,第一次交完破解器後續,Say,スイ･ニン,58,君はどういう人間でありたいのだ。,너는 어떤 인간이고 싶은 거지.
ac41b849ea6253607bd63fccdf073614.bundle,第一次交完破解器後續,Say,リュウセイ･チョウ,32,……,……
ac41b849ea6253607bd63fccdf073614.bundle,第一次交完破解器後續,Say,リュウセイ･チョウ,33,僕は……,나는……
ac41b849ea6253607bd63fccdf073614.bundle,第一次交完破解器後續,Say,リュウセイ･チョウ,34,僕は……,나는……
ac41b849ea6253607bd63fccdf073614.bundle,第一次交完破解器後續,Say,リュウセイ･チョウ,35,……,……
ac41b849ea6253607bd63fccdf073614.bundle,第一次交完破解器後續,Say,リュウセイ･チョウ,36,……僕が隠れて何をしていたかくらいスイ姉はわかっているでしょ。,……제가 몰래 뭘 하고 있었는지 정도는 스이 누나도 알고 있잖아요.
ac41b849ea6253607bd63fccdf073614.bundle,第一次交完破解器後續,Say,リュウセイ･チョウ,37,僕は復讐のために、すべてを公表しようとしていた……,"저는 복수를 위해서, 전부 공개하려고 하고 있었어요……"
ac41b849ea6253607bd63fccdf073614.bundle,第一次交完破解器後續,Say,スイ･ニン,59,……,……
ac41b849ea6253607bd63fccdf073614.bundle,第一次交完破解器後續,Say,リュウセイ･チョウ,38,僕が何をしていたかくらい最初からわかっていたんだろう……,제가 뭘 하고 있었는지 정도는 처음부터 알고 있었겠죠……
ac41b849ea6253607bd63fccdf073614.bundle,第一次交完破解器後續,Say,リュウセイ･チョウ,39,なぜそれを言わずに、僕を庇ったっすか……？,"왜 그걸 말 안 하고, 저를 감싸준 거예요……?"
ac41b849ea6253607bd63fccdf073614.bundle,第一次交完破解器後續,Say,スイ･ニン,60,リュウセイ、これは今話すべきことでは……,"류세이, 이건 지금 얘기할 일이……"
ac41b849ea6253607bd63fccdf073614.bundle,第一次交完破解器後續,Say,リュウセイ･チョウ,40,そんなのわかってるっすよ！,그런 건 알고 있다고요!
ac41b849ea6253607bd63fccdf073614.bundle,第一次交完破解器後續,Say,リュウセイ･チョウ,41,なぜ僕を否定するのに守るんだ！？,왜 저를 부정하면서 지켜주는 거예요!?
ac41b849ea6253607bd63fccdf073614.bundle,第一次交完破解器後續,Say,スイ･ニン,61,君のことが大切だからだ。,네가 소중하니까 그렇다.
ac41b849ea6253607bd63fccdf073614.bundle,第一次交完破解器後續,Say,スイ･ニン,62,……,……
ac41b849ea6253607bd63fccdf073614.bundle,第一次交完破解器後續,Say,スイ･ニン,63,君を見放すことなんてできない。,너를 저버릴 수는 없다.
ac41b849ea6253607bd63fccdf073614.bundle,第一次交完破解器後續,Say,リュウセイ･チョウ,42,……,……
ac41b849ea6253607bd63fccdf073614.bundle,第一次交完破解器後續,Say,スイ･ニン,64,もう時間がない。君はこの場で選択をするしかない。,이제 시간이 없다. 너는 이 자리에서 선택할 수밖에 없다.
ac41b849ea6253607bd63fccdf073614.bundle,第一次交完破解器後續,Say,リュウセイ･チョウ,43,……,……
ac41b849ea6253607bd63fccdf073614.bundle,第一次交完破解器後續,Say,リュウセイ･チョウ,44,僕は……,나는……
ac41b849ea6253607bd63fccdf073614.bundle,第一次交完破解器後續,Say,リュウセイ･チョウ,45,わからない。,모르겠어.
ac41b849ea6253607bd63fccdf073614.bundle,第一次交完破解器後續,Say,スイ･ニン,65,リュウセイ……,류세이……
ac41b849ea6253607bd63fccdf073614.bundle,第一次交完破解器後續,Say,リュウセイ･チョウ,46,スイ姉はずっと自分自身の選択を信じてきただろうけど僕は違う。,스이 누나는 계속 자기 자신의 선택을 믿어왔겠지만 저는 달라요.
ac41b849ea6253607bd63fccdf073614.bundle,第一次交完破解器後續,Say,リュウセイ･チョウ,47,僕はもう自分がわからない……,저는 이제 제 자신을 모르겠어요……
ac41b849ea6253607bd63fccdf073614.bundle,第一次交完破解器後續,Say,リュウセイ･チョウ,48,……,……
ac41b849ea6253607bd63fccdf073614.bundle,第一次交完破解器後續,Say,リュウセイ･チョウ,49,それでも唯一わかることがある……,그래도 유일하게 아는 게 하나 있어요……
ac41b849ea6253607bd63fccdf073614.bundle,第一次交完破解器後續,Say,リュウセイ･チョウ,50,この状況はまともじゃない。,이 상황은 정상이 아니에요.
ac41b849ea6253607bd63fccdf073614.bundle,第一次交完破解器後續,Say,リュウセイ･チョウ,51,万象にフクロウ、そして非人道的な研究。何より、この事実を見逃そうとしている僕ら……,"완샹에 부엉이, 그리고 비인도적인 연구. 무엇보다도, 이 사실을 못 본 척하려는 우리……"
ac41b849ea6253607bd63fccdf073614.bundle,第一次交完破解器後續,Say,リュウセイ･チョウ,52,すべてがまともじゃない。,전부 다 정상이 아니에요.
ac41b849ea6253607bd63fccdf073614.bundle,第一次交完破解器後續,Say,リュウセイ･チョウ,53,あそこにいたのは、間違いなく生きた人間っす！,"저기에 있었던 건, 틀림없이 살아 있는 사람이라고요!"
ac41b849ea6253607bd63fccdf073614.bundle,第一次交完破解器後續,Say,スイ･ニン,66,……リュウセイ、前にも話したはずだ。,"……류세이, 전에도 얘기했을 텐데."
ac41b849ea6253607bd63fccdf073614.bundle,第一次交完破解器後續,Say,スイ･ニン,67,何かを成し遂げたいなら、まず自身を制御できなければならない。,"뭔가를 이루고 싶다면, 우선 자신을 통제할 수 있어야 한다."
ac41b849ea6253607bd63fccdf073614.bundle,第一次交完破解器後續,Say,スイ･ニン,68,自身の感情や肉体……,자신의 감정이나 육체……
ac41b849ea6253607bd63fccdf073614.bundle,第一次交完破解器後續,Say,スイ･ニン,69,そして自分の正義感をもだ。,그리고 자신의 정의감까지도.
ac41b849ea6253607bd63fccdf073614.bundle,第一次交完破解器後續,Say,リュウセイ･チョウ,54,……それは絶対に制御すべきものっすか？,……그건 반드시 통제해야만 하는 거예요?
ac41b849ea6253607bd63fccdf073614.bundle,第一次交完破解器後續,Say,スイ･ニン,70,そうではないが、今は他に方法がないのだ。,"그런 건 아니지만, 지금은 다른 방법이 없다."
ac41b849ea6253607bd63fccdf073614.bundle,第一次交完破解器後續,Say,スイ･ニン,71,何に対しても反抗心を持っていては何もできなくなる。,무엇에든 반항심을 품고 있으면 아무것도 할 수 없게 된다.
ac41b849ea6253607bd63fccdf073614.bundle,第一次交完破解器後續,Say,スイ･ニン,72,本気で何かを変えたいのであれば、わがままは捨てるべきだ。,"진심으로 뭔가를 바꾸고 싶다면, 제멋대로 구는 건 버려야 한다."
ac41b849ea6253607bd63fccdf073614.bundle,第一次交完破解器後續,Say,リュウセイ･チョウ,55,……,……
ac41b849ea6253607bd63fccdf073614.bundle,第一次交完破解器後續,Say,リュウセイ･チョウ,56,スイ姉……,스이 누나……
ac41b849ea6253607bd63fccdf073614.bundle,第一次交完破解器後續,Say,リュウセイ･チョウ,57,僕はずっとスイ姉みたいな人になりたかった。,저는 계속 스이 누나 같은 사람이 되고 싶었어요.
ac41b849ea6253607bd63fccdf073614.bundle,第一次交完破解器後續,Say,リュウセイ･チョウ,58,でも今は……,근데 지금은……
ac41b849ea6253607bd63fccdf073614.bundle,第一次交完破解器後續,Say,リュウセイ･チョウ,59,僕は……！,저는……!
ac41b849ea6253607bd63fccdf073614.bundle,第一次交完破解器後續,Say,リュウセイ･チョウ,60,じゃ、僕たちは何のために頑張ってきたんすか……？,"그럼, 저희는 뭘 위해서 애써온 거예요……?"
ac41b849ea6253607bd63fccdf073614.bundle,第一次交完破解器後續,Say,スイ･ニン,73,リュウセイ……,류세이……
ac41b849ea6253607bd63fccdf073614.bundle,第一次交完破解器後續,Say,リュウセイ･チョウ,61,まずは僕の話を聞いてほしいっす。,우선 제 얘기를 좀 들어주세요.
ac41b849ea6253607bd63fccdf073614.bundle,第一次交完破解器後續,Say,スイ･ニン,74,……わかった。,……알겠어.
ac41b849ea6253607bd63fccdf073614.bundle,第一次交完破解器後續,Say,リュウセイ･チョウ,62,スイ姉とジェイの兄貴のおかげで、僕の行動が憎しみからくるものであることを悟ったっす。,"스이 누나랑 제이 형 덕분에, 제 행동이 증오에서 비롯된 거라는 걸 깨달았어요."
ac41b849ea6253607bd63fccdf073614.bundle,第一次交完破解器後續,Say,リュウセイ･チョウ,63,復讐のために、無実の民を犠牲にすれば……,"복수를 위해서, 무고한 사람들을 희생시키면……"
ac41b849ea6253607bd63fccdf073614.bundle,第一次交完破解器後續,Say,リュウセイ･チョウ,64,それは正義ではなく、ただの利己的な考えだ。,"그건 정의가 아니라, 그냥 이기적인 생각이야."
ac41b849ea6253607bd63fccdf073614.bundle,第一次交完破解器後續,Say,スイ･ニン,75,リュウセイ。私は別に正義を選べと言っているわけではない。利己的な考えがすべて悪いわけではないのだ……,류세이. 나는 딱히 정의를 선택하라고 하는 게 아니다. 이기적인 생각이 전부 나쁜 건 아니야……
ac41b849ea6253607bd63fccdf073614.bundle,第一次交完破解器後續,Say,リュウセイ･チョウ,65,それはわかってるっす。,그건 알고 있어요.
ac41b849ea6253607bd63fccdf073614.bundle,第一次交完破解器後續,Say,リュウセイ･チョウ,66,でも僕は正義を選びたい。,근데 저는 정의를 선택하고 싶어요.
ac41b849ea6253607bd63fccdf073614.bundle,第一次交完破解器後續,Say,スイ･ニン,76,……,……
ac41b849ea6253607bd63fccdf073614.bundle,第一次交完破解器後續,Say,リュウセイ･チョウ,67,自分が掲げる正義を貫くためなら、後先考えない昔の僕は間違っていた。,"자기가 내세우는 정의를 관철하기 위해서라면, 앞뒤 안 가리던 예전의 저는 틀렸었어요."
ac41b849ea6253607bd63fccdf073614.bundle,第一次交完破解器後續,Say,リュウセイ･チョウ,68,誰かを守るために、自分の正義を曲げないといけないのはわかっているっす……,"누군가를 지키기 위해서, 제 정의를 굽혀야만 한다는 건 알고 있어요……"
ac41b849ea6253607bd63fccdf073614.bundle,第一次交完破解器後續,Say,リュウセイ･チョウ,69,……でも、何度曲げれば納得できるっすか？,"……근데, 몇 번이나 굽혀야 납득할 수 있는 거예요?"
ac41b849ea6253607bd63fccdf073614.bundle,第一次交完破解器後續,Say,リュウセイ･チョウ,70,世界を変えたいと望むたびに、同じことが起きるなら……,"세상을 바꾸고 싶다고 바랄 때마다, 같은 일이 일어난다면……"
ac41b849ea6253607bd63fccdf073614.bundle,第一次交完破解器後續,Say,リュウセイ･チョウ,71,僕たちは何のために頑張っているっすか？,저희는 뭘 위해서 애쓰고 있는 거예요?
ac41b849ea6253607bd63fccdf073614.bundle,第一次交完破解器後續,Say,スイ･ニン,77,このようなことが毎回起きるわけではない。,이런 일이 매번 일어나는 건 아니다.
ac41b849ea6253607bd63fccdf073614.bundle,第一次交完破解器後續,Say,スイ･ニン,78,上手くいかないことが多いだろうが、決して毎回ではないのだ。,"잘 안 풀리는 일이 많겠지만, 결코 매번 그런 건 아니다."
ac41b849ea6253607bd63fccdf073614.bundle,第一次交完破解器後續,Say,スイ･ニン,79,確かに我々がいくら頑張ろうとも、この世界が腐る一方なのは変わらないように見える。,"확실히 우리가 아무리 애써도, 이 세상이 계속 썩어가는 건 변하지 않는 것처럼 보인다."
ac41b849ea6253607bd63fccdf073614.bundle,第一次交完破解器後續,Say,スイ･ニン,80,それに気づいた時、君は絶望し、自分の行為を無意味に感じるだろうが……,"그걸 깨달았을 때, 너는 절망해서, 자신의 행위가 무의미하다고 느끼겠지만……"
ac41b849ea6253607bd63fccdf073614.bundle,第一次交完破解器後續,Say,スイ･ニン,81,そうではないのだ。,그렇지 않다.
ac41b849ea6253607bd63fccdf073614.bundle,第一次交完破解器後續,Say,スイ･ニン,82,リュウセイ、我々に世界は救えない。,"류세이, 우리는 세상을 구할 수 없다."
ac41b849ea6253607bd63fccdf073614.bundle,第一次交完破解器後續,Say,スイ･ニン,83,我々は世界が滅びゆくのを遅らせているだけだ。,우리는 세상이 멸망해가는 걸 늦추고 있을 뿐이다.
ac41b849ea6253607bd63fccdf073614.bundle,第一次交完破解器後續,Say,スイ･ニン,84,この社会の腐肉を削り続けることで……,이 사회의 썩은 살을 계속 도려냄으로써……
ac41b849ea6253607bd63fccdf073614.bundle,第一次交完破解器後續,Say,スイ･ニン,85,我々は時間を稼いでいるのだ。,우리는 시간을 벌고 있는 것이다.
ac41b849ea6253607bd63fccdf073614.bundle,第一次交完破解器後續,Say,スイ･ニン,86,真に人々の思想を変えられる者が現れるまでの時間を……,진정으로 사람들의 사상을 바꿀 수 있는 자가 나타날 때까지의 시간을……
ac41b849ea6253607bd63fccdf073614.bundle,第一次交完破解器後續,Say,スイ･ニン,87,この社会が代償を恐れず、変わりたいと思えるようになるまでの時間を……,"이 사회가 대가를 두려워하지 않고, 변하고 싶다고 생각할 수 있게 될 때까지의 시간을……"
ac41b849ea6253607bd63fccdf073614.bundle,第一次交完破解器後續,Say,スイ･ニン,88,我々はその時が訪れるまで、この社会の不正を暴き続ける。,"우리는 그때가 올 때까지, 이 사회의 부정을 계속 폭로한다."
ac41b849ea6253607bd63fccdf073614.bundle,第一次交完破解器後續,Say,スイ･ニン,89,そのほとんどが失敗に終わろうとも、その行為は無意味ではない。,"그 대부분이 실패로 끝난다 해도, 그 행위는 무의미하지 않다."
ac41b849ea6253607bd63fccdf073614.bundle,第一次交完破解器後續,Say,スイ･ニン,90,……,……
ac41b849ea6253607bd63fccdf073614.bundle,第一次交完破解器後續,Say,スイ･ニン,91,リュウセイ、フクロウに入りなさい。,"류세이, 부엉이에 들어와라."
ac41b849ea6253607bd63fccdf073614.bundle,第一次交完破解器後續,Say,スイ･ニン,92,一緒にその時が訪れるまで戦い続けよう。,함께 그때가 올 때까지 계속 싸우자.
ac41b849ea6253607bd63fccdf073614.bundle,第一次交完破解器後續,Say,リュウセイ･チョウ,72,……でもフクロウそのものが社会の不正っすよね？,……근데 부엉이 자체가 사회의 부정이잖아요?
ac41b849ea6253607bd63fccdf073614.bundle,第一次交完破解器後續,Say,スイ･ニン,93,……,……
ac41b849ea6253607bd63fccdf073614.bundle,第一次交完破解器後續,Say,スイ･ニン,94,ならそれを変えればいい。,그럼 그걸 바꾸면 된다.
ac41b849ea6253607bd63fccdf073614.bundle,第一次交完破解器後續,Say,リュウセイ･チョウ,73,……,……
ac41b849ea6253607bd63fccdf073614.bundle,第一次交完破解器後續,Say,リュウセイ･チョウ,74,……スイ姉を信じていいってことっすか？,……스이 누나를 믿어도 된다는 거예요?
ac41b849ea6253607bd63fccdf073614.bundle,第一次交完破解器後續,Say,スイ･ニン,95,リュウセイ。,류세이.
ac41b849ea6253607bd63fccdf073614.bundle,第一次交完破解器後續,Say,スイ･ニン,96,私に委ねるのではなく、自分で決めなさい。,"나한테 맡기지 말고, 스스로 결정해라."
ac41b849ea6253607bd63fccdf073614.bundle,第一次交完破解器後續,Say,リュウセイ･チョウ,75,……,……
ac41b849ea6253607bd63fccdf073614.bundle,第一次交完破解器後續,Say,心の声,0,……,……
ac41b849ea6253607bd63fccdf073614.bundle,第一次交完破解器後續,Say,リュウセイ･チョウ,76,決めました。,결정했습니다.
ac41b849ea6253607bd63fccdf073614.bundle,第一次交完破解器後續,Say,リュウセイ･チョウ,77,僕はフクロウに入るっす。,저는 부엉이에 들어가겠습니다.
ac41b849ea6253607bd63fccdf073614.bundle,第一次交完破解器後續,Say,スイ･ニン,97,……そうか。,……그런가.
ac41b849ea6253607bd63fccdf073614.bundle,第一次交完破解器後續,Say,祖母,2,よろしい。,좋아.
ac41b849ea6253607bd63fccdf073614.bundle,第一次交完破解器後續,Say,祖母,3,連れて行きなさい。,데려가십시오.
ac41b849ea6253607bd63fccdf073614.bundle,第一次交完破解器後續,Say,リュウセイ･チョウ,78,スイ姉……,스이 누나……
ac41b849ea6253607bd63fccdf073614.bundle,第一次交完破解器後續,Say,スイ･ニン,98,心配ない。ついていきなさい。,걱정 마라. 따라가라.
ac41b849ea6253607bd63fccdf073614.bundle,第一次交完破解器後續,Say,リュウセイ･チョウ,79,……,……
ac41b849ea6253607bd63fccdf073614.bundle,第一次交完破解器後續,Say,リュウセイ･チョウ,80,ジェイの兄貴……,제이 형……
ac41b849ea6253607bd63fccdf073614.bundle,第一次交完破解器後續,Say,リュウセイ･チョウ,81,……,……
ac41b849ea6253607bd63fccdf073614.bundle,第一次交完破解器後續,Say,リュウセイ･チョウ,82,また後で会いましょう……！,나중에 다시 만나요……!
ac41b849ea6253607bd63fccdf073614.bundle,第一次交完破解器後續,Branch,#Simple,9,ああ、また後で。,"그래, 나중에 또 보자."
ac41b849ea6253607bd63fccdf073614.bundle,第一次交完破解器後續,Branch,#Simple,10,……,……
ac41b849ea6253607bd63fccdf073614.bundle,第一次交完破解器後續,Say,祖母,4,……,……
ac41b849ea6253607bd63fccdf073614.bundle,第一次交完破解器後續,Say,祖母,5,あなたの長所の部分を一つも学ばず、短所だけを持ったような子だね。,"당신의 장점은 하나도 안 배우고, 단점만 물려받은 것 같은 아이군요."
ac41b849ea6253607bd63fccdf073614.bundle,第一次交完破解器後續,Say,祖母,6,一年も持たないだろうね。,일 년도 못 버틸 것 같군요.
ac41b849ea6253607bd63fccdf073614.bundle,第一次交完破解器後續,Say,スイ･ニン,99,……あなたは彼のことを何もわかっていない。,……당신은 그 애에 대해 아무것도 모릅니다.
ac41b849ea6253607bd63fccdf073614.bundle,第一次交完破解器後續,Say,祖母,7,だが私はあなたのことならよくわかっている。,하지만 저는 당신에 대해서라면 잘 알고 있죠.
ac41b849ea6253607bd63fccdf073614.bundle,隆生被抓(司徒不知情),Say,祖母,0,やりなさい。,해라.
ac41b849ea6253607bd63fccdf073614.bundle,隆生被抓(司徒不知情),Say,スイ･ニン,0,待ってください……！,잠깐만요……!
ac41b849ea6253607bd63fccdf073614.bundle,隆生被抓(司徒不知情),Say,リュウセイ･チョウ,0,やるならさっさと殺せ！,할 거면 그냥 빨리 죽여!
ac41b849ea6253607bd63fccdf073614.bundle,隆生被抓(司徒不知情),Say,スイ･ニン,1,リュウセイ……！！！,류세이……!!!
ac41b849ea6253607bd63fccdf073614.bundle,隆生被抓(司徒不知情),Say,リュウセイ･チョウ,1,僕はもう限界だ。,나는 이제 한계야.
ac41b849ea6253607bd63fccdf073614.bundle,隆生被抓(司徒不知情),Say,スイ･ニン,2,やめろ……,그만둬……
ac41b849ea6253607bd63fccdf073614.bundle,隆生被抓(司徒不知情),Say,リュウセイ･チョウ,2,<y>やめろ？感情的になることを？それとも抵抗するなってことっすか？</y>,<y>그만두라고요? 감정적이 되는 걸? 아니면 저항하지 말라는 거예요?</y>
ac41b849ea6253607bd63fccdf073614.bundle,隆生被抓(司徒不知情),Say,スイ･ニン,3,……,……
ac41b849ea6253607bd63fccdf073614.bundle,隆生被抓(司徒不知情),Say,祖母,1,そのデータを使って何をするつもりだ。,그 데이터로 뭘 할 셈이지?
ac41b849ea6253607bd63fccdf073614.bundle,隆生被抓(司徒不知情),Say,リュウセイ･チョウ,3,<y>セイワ･ゲンと万象の悪事を公にする！</y>,<y>세이와 겐이랑 완샹의 악행을 공개할 거야!</y>
ac41b849ea6253607bd63fccdf073614.bundle,隆生被抓(司徒不知情),Say,リュウセイ･チョウ,4,あいつらにはそれ相応の代償を払わせる……,그놈들한테는 그에 걸맞은 대가를 치르게 하겠어……
ac41b849ea6253607bd63fccdf073614.bundle,隆生被抓(司徒不知情),Say,リュウセイ･チョウ,5,もう正義だとか理性的な考えだとか、すべてどうでもいい……,"이제 정의라든가 이성적인 생각이라든가, 전부 아무래도 상관없어……"
ac41b849ea6253607bd63fccdf073614.bundle,隆生被抓(司徒不知情),Say,リュウセイ･チョウ,6,僕はただあいつらを苦しめたいだけだ。,나는 그냥 그놈들을 괴롭히고 싶을 뿐이야.
ac41b849ea6253607bd63fccdf073614.bundle,隆生被抓(司徒不知情),Say,リュウセイ･チョウ,7,<y>何であいつらの非道な行いを見逃さないといけなんだ！</y>,<y>왜 그놈들의 비도한 짓을 봐줘야 하는 건데!</y>
ac41b849ea6253607bd63fccdf073614.bundle,隆生被抓(司徒不知情),Say,リュウセイ･チョウ,8,<y>他人のために僕が我慢する必要がどこにある！</y>,<y>남을 위해서 내가 참아야 할 이유가 어디 있는데!</y>
ac41b849ea6253607bd63fccdf073614.bundle,隆生被抓(司徒不知情),Say,リュウセイ･チョウ,9,<y>僕は弱い！今の僕にお前らのような権力者を引きずり落とす力はない！</y>,<y>나는 약해! 지금의 나한테는 너희 같은 권력자를 끌어내릴 힘이 없어!</y>
ac41b849ea6253607bd63fccdf073614.bundle,隆生被抓(司徒不知情),Say,リュウセイ･チョウ,10,社会的影響力を持たない僕はお前らから見れば、さぞ愚かで無能に見えるだろうな……！,"사회적 영향력이 없는 나는 너희들 눈엔, 참으로 어리석고 무능하게 보이겠지……!"
ac41b849ea6253607bd63fccdf073614.bundle,隆生被抓(司徒不知情),Say,リュウセイ･チョウ,11,でも死ぬ前に、せめて僕の憎しみをお前らにぶつけなければ気がすまない！,"근데 죽기 전에, 적어도 내 증오를 너희들한테 쏟아붓지 않으면 못 참겠어!"
ac41b849ea6253607bd63fccdf073614.bundle,隆生被抓(司徒不知情),Say,リュウセイ･チョウ,12,いずれ誰かがお前らを引きずり落とし、苦しみを味わせるはずだ！,"언젠가 누군가가 너희들을 끌어내려서, 고통을 맛보게 할 거다!"
ac41b849ea6253607bd63fccdf073614.bundle,隆生被抓(司徒不知情),Say,リュウセイ･チョウ,13,<y>そうなったら、お前らは……</y>,"<y>그렇게 되면, 너희들은……</y>"
ac41b849ea6253607bd63fccdf073614.bundle,隆生被抓(司徒不知情)2,Say,祖母,0,もう十分だろう。,이제 충분하겠지.
ac41b849ea6253607bd63fccdf073614.bundle,隆生被抓(司徒不知情)2,Say,スイ･ニン,0,落ち着いてくれ、ジェイ……,"진정해줘, 제이……"
ac41b849ea6253607bd63fccdf073614.bundle,隆生被抓(司徒不知情)2,Say,スイ･ニン,1,麻酔弾だ。彼に怪我はない。,마취탄이다. 저 애는 안 다쳤어.
ac41b849ea6253607bd63fccdf073614.bundle,隆生被抓(司徒不知情)2,Say,スイ･ニン,2,……なぜ彼を殺さない。,……왜 저 애를 죽이지 않는 거지.
ac41b849ea6253607bd63fccdf073614.bundle,隆生被抓(司徒不知情)2,Say,祖母,1,あなたにとってこの子は重要な存在。だからまだ殺さない。,당신한테 이 아이는 중요한 존재. 그러니까 아직 죽이지 않습니다.
ac41b849ea6253607bd63fccdf073614.bundle,隆生被抓(司徒不知情)2,Say,祖母,2,利用しない手はない。,이용하지 않을 이유가 없죠.
ac41b849ea6253607bd63fccdf073614.bundle,隆生被抓(司徒不知情)2,Say,スイ･ニン,3,私は……,나는……
ac41b849ea6253607bd63fccdf073614.bundle,隆生被抓(司徒不知情)2,Say,祖母,3,口を開く前によく考えることだ。,입을 열기 전에 잘 생각하십시오.
ac41b849ea6253607bd63fccdf073614.bundle,隆生被抓(司徒不知情)2,Say,祖母,4,これが最善の結果なのだ。,이게 최선의 결과입니다.
ac41b849ea6253607bd63fccdf073614.bundle,隆生被抓(司徒不知情)2,Say,スイ･ニン,4,……,……
ac41b849ea6253607bd63fccdf073614.bundle,隆生被抓(司徒不知情)2,Say,祖母,5,……,……
ac41b849ea6253607bd63fccdf073614.bundle,隆生被抓(司徒不知情)2,Say,祖母,6,あなたの長所の部分を一つも学ばず、短所だけを持ったような子だね。,"당신의 장점은 하나도 안 배우고, 단점만 물려받은 것 같은 아이군요."
ac41b849ea6253607bd63fccdf073614.bundle,隆生被抓(司徒不知情)2,Say,祖母,7,……こんな子を選んだのかい？,……이런 아이를 선택한 건가요?
ac41b849ea6253607bd63fccdf073614.bundle,隆生被抓(司徒不知情)2,Say,スイ･ニン,5,……黙れ。あなたに彼の何がわかる。,……닥쳐. 당신이 이 애의 뭘 안다고.
ac41b849ea6253607bd63fccdf073614.bundle,隆生被抓(司徒不知情)2,Say,祖母,8,……,……
ac41b849ea6253607bd63fccdf073614.bundle,隆生被抓(司徒不知情)3,Say,祖母,0,我々の用は済んだ。,우리 볼일은 끝났습니다.
ac41b849ea6253607bd63fccdf073614.bundle,隆生被抓(司徒不知情)3,Say,祖母,1,先程伝えた通り、後はあなたに任せる。,"조금 전 전한 대로, 나머지는 당신에게 맡기겠습니다."
ac41b849ea6253607bd63fccdf073614.bundle,隆生被抓(司徒不知情)3,Say,スイ･ニン,0,……,……
ac41b849ea6253607bd63fccdf073614.bundle,隆生被抓(司徒不知情)3,Say,スイ･ニン,1,ジェイ、まずは君に話さなければならないことがある。,"제이, 우선 너한테 얘기해야 할 게 있다."
ac41b849ea6253607bd63fccdf073614.bundle,隆生被抓(司徒不知情)3,Say,スイ･ニン,2,合法、違法は関係なく、研究施設には存在しなければならない理由がある。,"합법이든 불법이든 상관없이, 이 연구 시설이 존재해야만 하는 이유가 있다."
ac41b849ea6253607bd63fccdf073614.bundle,隆生被抓(司徒不知情)3,Say,スイ･ニン,3,私が万象を調べよう思った要因を覚えているか？,내가 완샹을 조사하려고 했던 계기를 기억하나?
ac41b849ea6253607bd63fccdf073614.bundle,隆生被抓(司徒不知情)3,Branch,#Simple,0,万象が産出量を超えた演算力を売っていたからだ。,완샹이 생산량을 초과한 연산력을 팔고 있었기 때문이야.
ac41b849ea6253607bd63fccdf073614.bundle,隆生被抓(司徒不知情)3,Say,スイ･ニン,4,その通りだ。,맞는 말이다.
ac41b849ea6253607bd63fccdf073614.bundle,隆生被抓(司徒不知情)3,Branch,#Simple,1,リンがホワイトリザードに殺されかけたからだ。,린이 화이트 리자드한테 죽을 뻔했기 때문이야.
ac41b849ea6253607bd63fccdf073614.bundle,隆生被抓(司徒不知情)3,Say,スイ･ニン,5,それは万象調査中の出来事だ。,그건 완샹 조사 중에 일어난 일이다.
ac41b849ea6253607bd63fccdf073614.bundle,隆生被抓(司徒不知情)3,Say,スイ･ニン,6,私が万象を調べようと思った理由は産出量を超えた演算力を売っていたからだ。,내가 완샹을 조사하려고 했던 이유는 생산량을 초과한 연산력을 팔고 있었기 때문이다.
ac41b849ea6253607bd63fccdf073614.bundle,隆生被抓(司徒不知情)3,Say,スイ･ニン,7,ここで生産された演算力は、ずっと前から使用されていたらしい。,"여기서 생산된 연산력은, 훨씬 전부터 사용되고 있었던 모양이다."
ac41b849ea6253607bd63fccdf073614.bundle,隆生被抓(司徒不知情)3,Say,スイ･ニン,8,しかも、私たちの想像を遙かに超えた大規模な運用だ。,"게다가, 우리 상상을 훨씬 뛰어넘는 대규모 운용이다."
ac41b849ea6253607bd63fccdf073614.bundle,隆生被抓(司徒不知情)3,Say,スイ･ニン,9,ほとんどの演算工場の供給量は研究施設からの演算力により水増しされている。,대부분의 연산 공장의 공급량은 연구 시설에서 나오는 연산력으로 부풀려져 있다.
ac41b849ea6253607bd63fccdf073614.bundle,隆生被抓(司徒不知情)3,Say,スイ･ニン,10,現在、国内で使用されている演算力の60%がこの施設からの供給によるものだ。,"현재, 국내에서 사용되는 연산력의 60%가 이 시설에서의 공급에 의한 것이다."
ac41b849ea6253607bd63fccdf073614.bundle,隆生被抓(司徒不知情)3,Branch,#Simple,2,ありえない。そこまで大規模なものなら、とっくの昔に公になってもおかしくないはずだ。,"말도 안 돼. 그 정도로 대규모라면, 진작에 세상에 알려졌어도 이상하지 않을 텐데."
ac41b849ea6253607bd63fccdf073614.bundle,隆生被抓(司徒不知情)3,Say,スイ･ニン,11,……政府が全力で隠してきたからだ。,……정부가 전력을 다해 숨겨왔기 때문이다.
ac41b849ea6253607bd63fccdf073614.bundle,隆生被抓(司徒不知情)3,Say,スイ･ニン,12,このプロジェクトは最初から政府と万象の共同開発だったということだ。,이 프로젝트는 처음부터 정부와 완샹의 공동 개발이었다는 거다.
ac41b849ea6253607bd63fccdf073614.bundle,隆生被抓(司徒不知情)3,Branch,#Simple,3,あんたも23号もそれに気づかなかったのか？,당신도 23호도 그걸 눈치 못 챈 거야?
ac41b849ea6253607bd63fccdf073614.bundle,隆生被抓(司徒不知情)3,Say,スイ･ニン,13,これほど国内の供給量を賄っているとは思わなかった。,이 정도로 국내 공급량을 감당하고 있으리라고는 생각 못 했다.
ac41b849ea6253607bd63fccdf073614.bundle,隆生被抓(司徒不知情)3,Say,スイ･ニン,14,これでは……,이래서는……
ac41b849ea6253607bd63fccdf073614.bundle,隆生被抓(司徒不知情)3,Say,スイ･ニン,15,……,……
ac41b849ea6253607bd63fccdf073614.bundle,隆生被抓(司徒不知情)3,Say,スイ･ニン,16,それに誰も気づくことができなかった理由はもう一つある……,게다가 아무도 눈치채지 못한 이유가 하나 더 있다……
ac41b849ea6253607bd63fccdf073614.bundle,隆生被抓(司徒不知情)3,Say,スイ･ニン,17,政府が全力で隠してきたからだ。,정부가 전력을 다해 숨겨왔기 때문이다.
ac41b849ea6253607bd63fccdf073614.bundle,隆生被抓(司徒不知情)3,Say,スイ･ニン,18,このプロジェクトは最初から政府と万象の共同開発だったのだ。,이 프로젝트는 처음부터 정부와 완샹의 공동 개발이었던 것이다.
ac41b849ea6253607bd63fccdf073614.bundle,隆生被抓(司徒不知情)3,Branch,#Simple,4,……,……
ac41b849ea6253607bd63fccdf073614.bundle,隆生被抓(司徒不知情)3,Say,スイ･ニン,19,いいか……,잘 들어……
ac41b849ea6253607bd63fccdf073614.bundle,隆生被抓(司徒不知情)3,Say,スイ･ニン,20,この施設を破壊……いや、少しでも停止すれば……,"이 시설을 파괴……아니, 조금이라도 정지시키면……"
ac41b849ea6253607bd63fccdf073614.bundle,隆生被抓(司徒不知情)3,Say,スイ･ニン,21,国内全体に混乱が起きる。,국내 전체에 혼란이 일어난다.
ac41b849ea6253607bd63fccdf073614.bundle,隆生被抓(司徒不知情)3,Say,スイ･ニン,22,ここを破壊することで、影響を受けるのが一部の企業だけならまだいいが……,"여기를 파괴함으로써, 영향을 받는 게 일부 기업뿐이라면 그나마 낫지만……"
ac41b849ea6253607bd63fccdf073614.bundle,隆生被抓(司徒不知情)3,Say,スイ･ニン,23,ここの最も大きな顧客は政府だ。電力の供給、交通インフラ、医療サービスなど様々な分野の基盤となっている……,"여기의 가장 큰 고객은 정부다. 전력 공급, 교통 인프라, 의료 서비스 등 다양한 분야의 기반이 되어 있다……"
ac41b849ea6253607bd63fccdf073614.bundle,隆生被抓(司徒不知情)3,Say,スイ･ニン,24,……ここまで言えば理解できただろう。,……여기까지 말하면 이해했겠지.
ac41b849ea6253607bd63fccdf073614.bundle,隆生被抓(司徒不知情)3,Branch,#Simple,5,今は見て見ぬ振りをするしかないのか。,지금은 못 본 척할 수밖에 없는 건가.
ac41b849ea6253607bd63fccdf073614.bundle,隆生被抓(司徒不知情)3,Say,スイ･ニン,25,……他に方法はない。,……다른 방법은 없다.
ac41b849ea6253607bd63fccdf073614.bundle,隆生被抓(司徒不知情)3,Branch,#Simple,6,その数字は本当なのか？彼らに騙されている可能性は？,그 수치는 사실인 거야? 그놈들한테 속고 있을 가능성은?
ac41b849ea6253607bd63fccdf073614.bundle,隆生被抓(司徒不知情)3,Say,スイ･ニン,26,彼らが私に嘘をつく必要がない。,그들이 나한테 거짓말할 이유가 없다.
ac41b849ea6253607bd63fccdf073614.bundle,隆生被抓(司徒不知情)3,Say,スイ･ニン,27,例えその数字が10%であろうとも、私が彼らに抗うことは不可能だからだ。,"설령 그 수치가 10%였다 하더라도, 내가 그들한테 맞서는 건 불가능하기 때문이다."
ac41b849ea6253607bd63fccdf073614.bundle,隆生被抓(司徒不知情)3,Branch,#Simple,7,なぜ俺にそんなことを話す？,왜 나한테 그런 얘기를 하는 거지?
ac41b849ea6253607bd63fccdf073614.bundle,隆生被抓(司徒不知情)3,Branch,#Simple,8,……,……
ac41b849ea6253607bd63fccdf073614.bundle,隆生被抓(司徒不知情)3,Say,スイ･ニン,28,……,……
ac41b849ea6253607bd63fccdf073614.bundle,隆生被抓(司徒不知情)3,Say,スイ･ニン,29,君に現状を理解してもらいたいからだ。,너한테 현재 상황을 이해시키고 싶어서다.
ac41b849ea6253607bd63fccdf073614.bundle,隆生被抓(司徒不知情)3,Branch,#Simple,9,それはなぜだ？,그건 왜?
ac41b849ea6253607bd63fccdf073614.bundle,隆生被抓(司徒不知情)3,Branch,#Simple,10,……,……
ac41b849ea6253607bd63fccdf073614.bundle,隆生被抓(司徒不知情)3,Say,スイ･ニン,30,祖母はほとぼりが冷めるまで、君をフクロウの本部に拘束するつもりだ。,"할머니는 여파가 가라앉을 때까지, 너를 부엉이 본부에 구금할 생각이다."
ac41b849ea6253607bd63fccdf073614.bundle,隆生被抓(司徒不知情)3,Say,スイ･ニン,31,目的は君が万象の不利益になる行為を制限するためだ。,목적은 네가 완샹에 불이익이 되는 행위를 하지 못하게 제한하기 위해서다.
ac41b849ea6253607bd63fccdf073614.bundle,隆生被抓(司徒不知情)3,Branch,#Simple,11,何の権利があって拘束するんだ！？,무슨 권리로 구금하는 거야!?
ac41b849ea6253607bd63fccdf073614.bundle,隆生被抓(司徒不知情)3,Branch,#Simple,12,万象の不利益になる行為とは何だ？,완샹에 불이익이 되는 행위란 게 뭐지?
ac41b849ea6253607bd63fccdf073614.bundle,隆生被抓(司徒不知情)3,Say,スイ･ニン,32,地下で行われていたことを漏らされることだ。,지하에서 벌어지고 있던 일이 새어 나가는 것이다.
ac41b849ea6253607bd63fccdf073614.bundle,隆生被抓(司徒不知情)3,Branch,#Simple,13,……,……
ac41b849ea6253607bd63fccdf073614.bundle,隆生被抓(司徒不知情)3,Say,スイ･ニン,33,確かに彼らにその権利はないが……もう決まったことだ。,확실히 그들에게 그럴 권리는 없지만……이미 결정된 일이다.
ac41b849ea6253607bd63fccdf073614.bundle,隆生被抓(司徒不知情)3,Say,スイ･ニン,34,そして私にはそれを止めることができない……,그리고 나한테는 그걸 막을 힘이 없다……
ac41b849ea6253607bd63fccdf073614.bundle,隆生被抓(司徒不知情)3,Say,スイ･ニン,35,……,……
ac41b849ea6253607bd63fccdf073614.bundle,隆生被抓(司徒不知情)3,Branch,#Simple,14,俺が口外しないと誓ったらどうだ？,내가 발설하지 않겠다고 맹세하면 어때?
ac41b849ea6253607bd63fccdf073614.bundle,隆生被抓(司徒不知情)3,Say,スイ･ニン,36,祖母はそれを信じない。,할머니는 그걸 안 믿는다.
ac41b849ea6253607bd63fccdf073614.bundle,隆生被抓(司徒不知情)3,Branch,#Simple,15,拘束期間は？,구금 기간은?
ac41b849ea6253607bd63fccdf073614.bundle,隆生被抓(司徒不知情)3,Say,スイ･ニン,37,わからない。,모르겠어.
ac41b849ea6253607bd63fccdf073614.bundle,隆生被抓(司徒不知情)3,Branch,#Simple,16,……,……
ac41b849ea6253607bd63fccdf073614.bundle,隆生被抓(司徒不知情)3,Say,スイ･ニン,38,それにこの拘束が解かれたとしても、無事にそこから出られるかはわからない。,"게다가 이 구금이 풀린다고 해도, 무사히 거기서 나올 수 있을지는 모른다."
ac41b849ea6253607bd63fccdf073614.bundle,隆生被抓(司徒不知情)3,Branch,#Simple,17,つもり俺は絶望的な状況というわけか。,결국 나는 절망적인 상황이라는 거군.
ac41b849ea6253607bd63fccdf073614.bundle,隆生被抓(司徒不知情)3,Say,スイ･ニン,39,……その通りだ。,……맞는 말이다.
ac41b849ea6253607bd63fccdf073614.bundle,隆生被抓(司徒不知情)3,Branch,#Simple,18,俺は巻き込まれただけだ。,나는 그저 휘말렸을 뿐이야.
ac41b849ea6253607bd63fccdf073614.bundle,隆生被抓(司徒不知情)3,Say,スイ･ニン,40,ええ、だから……,"그래, 그러니까……"
ac41b849ea6253607bd63fccdf073614.bundle,隆生被抓(司徒不知情)3,Branch,#Simple,19,他に方法はないのか？,다른 방법은 없는 건가?
ac41b849ea6253607bd63fccdf073614.bundle,隆生被抓(司徒不知情)3,Branch,#Simple,20,……,……
ac41b849ea6253607bd63fccdf073614.bundle,隆生被抓(司徒不知情)3,Say,スイ･ニン,41,選択肢がもう一つある。,선택지가 하나 더 있다.
ac41b849ea6253607bd63fccdf073614.bundle,隆生被抓(司徒不知情)3,Say,スイ･ニン,42,フクロウに加わることだ。,부엉이에 들어오는 것이다.
ac41b849ea6253607bd63fccdf073614.bundle,隆生被抓(司徒不知情)3,Say,スイ･ニン,43,フクロウに加入後、君は訓練を2年間受けることになる。,"부엉이에 가입한 후, 너는 2년간 훈련을 받게 된다."
ac41b849ea6253607bd63fccdf073614.bundle,隆生被抓(司徒不知情)3,Say,スイ･ニン,44,当然、エージェントとなれば厳重に監視もされる。,"당연히, 요원이 되면 엄중하게 감시도 받는다."
ac41b849ea6253607bd63fccdf073614.bundle,隆生被抓(司徒不知情)3,Say,スイ･ニン,45,また君の家族や友人、接触した者たちも、長い期間監視リストへと入れられる。,"또 네 가족이나 친구, 접촉한 사람들도, 오랜 기간 감시 리스트에 오르게 된다."
ac41b849ea6253607bd63fccdf073614.bundle,隆生被抓(司徒不知情)3,Say,スイ･ニン,46,……,……
ac41b849ea6253607bd63fccdf073614.bundle,隆生被抓(司徒不知情)3,Say,スイ･ニン,47,だがこれが私にできる最大限だ、すまない。,"하지만 이게 내가 할 수 있는 최선이다, 미안하다."
ac41b849ea6253607bd63fccdf073614.bundle,邀請隆生(壞路線),Say,祖母,0,もう十分だろう。,이제 충분하겠지.
ac41b849ea6253607bd63fccdf073614.bundle,邀請隆生(壞路線),Say,祖母,1,それに彼はすでに立場を示した。,게다가 저 애는 이미 입장을 밝혔습니다.
ac41b849ea6253607bd63fccdf073614.bundle,邀請隆生(壞路線),Say,スイ･ニン,0,落ち着いてくれ、ジェイ……,"진정해줘, 제이……"
ac41b849ea6253607bd63fccdf073614.bundle,邀請隆生(壞路線),Say,スイ･ニン,1,麻酔弾だ。彼に怪我はない。,마취탄이다. 저 애는 안 다쳤어.
ac41b849ea6253607bd63fccdf073614.bundle,邀請隆生(壞路線),Say,祖母,2,……,……
ac41b849ea6253607bd63fccdf073614.bundle,邀請隆生(壞路線),Say,祖母,3,……こんな子を選んだのかい？,……이런 아이를 선택한 건가요?
ac41b849ea6253607bd63fccdf073614.bundle,邀請隆生(壞路線),Say,祖母,4,あなたの長所の部分を一つも学ばず、短所だけを持ったような子だね。,"당신의 장점은 하나도 안 배우고, 단점만 물려받은 것 같은 아이군요."
ac41b849ea6253607bd63fccdf073614.bundle,邀請隆生(壞路線),Say,スイ･ニン,2,……黙れ。あなたに彼の何がわかる。,……닥쳐. 당신이 이 애의 뭘 안다고.
ac41b849ea6253607bd63fccdf073614.bundle,邀請隆生(壞路線),Say,祖母,5,……,……
ac41b849ea6253607bd63fccdf073614.bundle,邀請主角,Say,祖母,0,では彼に移ろう。,그럼 저 사람 차례로 넘어가지.
ac41b849ea6253607bd63fccdf073614.bundle,邀請主角,Say,スイ･ニン,0,……,……
ac41b849ea6253607bd63fccdf073614.bundle,邀請主角,Say,スイ･ニン,1,ジェイ、君の決断を聞く前に……,"제이, 네 결단을 듣기 전에……"
ac41b849ea6253607bd63fccdf073614.bundle,邀請主角,Say,スイ･ニン,2,もし言いたいことがあるのなら言ってほしい。,만약 하고 싶은 말이 있다면 해줬으면 한다.
ac41b849ea6253607bd63fccdf073614.bundle,邀請主角,Branch,#Simple,0,俺に何を言えっていうんだ？,나더러 뭘 말하라는 거야?
ac41b849ea6253607bd63fccdf073614.bundle,邀請主角,Branch,#Simple,1,言いたいことは何もない。,하고 싶은 말은 아무것도 없다.
ac41b849ea6253607bd63fccdf073614.bundle,邀請主角,Say,スイ･ニン,3,そうか。,그런가.
ac41b849ea6253607bd63fccdf073614.bundle,邀請主角,Branch,#Simple,2,……,……
ac41b849ea6253607bd63fccdf073614.bundle,邀請主角,Say,スイ･ニン,4,君から多くの文句が出ることを覚悟していた……,너한테서 많은 불만이 나올 걸 각오하고 있었다……
ac41b849ea6253607bd63fccdf073614.bundle,邀請主角,Say,スイ･ニン,5,特に私に対してだ。,특히 나에 대해서.
ac41b849ea6253607bd63fccdf073614.bundle,邀請主角,Branch,#Simple,3,確かに俺はあんたに巻き込まれた。,확실히 나는 당신 때문에 휘말렸어.
ac41b849ea6253607bd63fccdf073614.bundle,邀請主角,Say,スイ･ニン,6,……その通りだ。,……맞는 말이다.
ac41b849ea6253607bd63fccdf073614.bundle,邀請主角,Say,スイ･ニン,7,それについては本当に申し訳ないと思っている。,그 점에 대해서는 정말로 미안하게 생각하고 있다.
ac41b849ea6253607bd63fccdf073614.bundle,邀請主角,Branch,#Simple,4,あんたなら俺の人生を取り戻せると信じていた。だが結局はどうだ？,당신이라면 내 인생을 되찾아줄 거라고 믿었어. 근데 결국은 어떻지?
ac41b849ea6253607bd63fccdf073614.bundle,邀請主角,Say,スイ･ニン,8,私は君の期待を裏切った。,나는 네 기대를 배신했다.
ac41b849ea6253607bd63fccdf073614.bundle,邀請主角,Branch,#Simple,5,謝罪されたところで、あんたは何もできない。,"사과해봤자, 당신은 아무것도 못 해."
ac41b849ea6253607bd63fccdf073614.bundle,邀請主角,Say,スイ･ニン,9,……そうだな。,……그렇지.
ac41b849ea6253607bd63fccdf073614.bundle,邀請主角,Branch,#Simple,6,あんたは悪人でないことはわかっているが、さすがに胸くそ悪い。,"당신이 나쁜 사람이 아니라는 건 알지만, 아무래도 속이 뒤틀려."
ac41b849ea6253607bd63fccdf073614.bundle,邀請主角,Say,スイ･ニン,10,……,……
ac41b849ea6253607bd63fccdf073614.bundle,邀請主角,Say,スイ･ニン,11,しかし、これが現実だ。,"하지만, 이게 현실이다."
ac41b849ea6253607bd63fccdf073614.bundle,邀請主角,Branch,#Simple,7,下で行われていることが、非人道的であることはわかっているのか？,"밑에서 벌어지고 있는 일이, 비인도적이라는 건 알고 있는 거야?"
ac41b849ea6253607bd63fccdf073614.bundle,邀請主角,Say,スイ･ニン,12,もちろんだ。,물론이지.
ac41b849ea6253607bd63fccdf073614.bundle,邀請主角,Branch,#Simple,8,それなのにあんたは見逃すのか？,그런데도 당신은 눈감아주는 거야?
ac41b849ea6253607bd63fccdf073614.bundle,邀請主角,Say,スイ･ニン,13,理由については話したはずだ。,이유에 대해서는 얘기했을 텐데.
ac41b849ea6253607bd63fccdf073614.bundle,邀請主角,Branch,#Simple,9,それでも超えてはならないラインだ。,그래도 넘어서는 안 될 선이야.
ac41b849ea6253607bd63fccdf073614.bundle,邀請主角,Branch,#Simple,10,そうだが、俺は納得していない。,"그렇긴 한데, 나는 납득 안 해."
ac41b849ea6253607bd63fccdf073614.bundle,邀請主角,Say,スイ･ニン,14,だがこれが現実だ。,하지만 이게 현실이다.
ac41b849ea6253607bd63fccdf073614.bundle,邀請主角,Branch,#Simple,11,あんたは全く気にしていないように見える。,당신은 전혀 신경 안 쓰는 것처럼 보여.
ac41b849ea6253607bd63fccdf073614.bundle,邀請主角,Say,スイ･ニン,15,気にしてはいるが、私には何もできない。,"신경은 쓰고 있지만, 나한테는 아무것도 할 수 없다."
ac41b849ea6253607bd63fccdf073614.bundle,邀請主角,Say,スイ･ニン,16,私には被害の少ない選択をするしかない。,나는 피해가 적은 선택을 할 수밖에 없다.
ac41b849ea6253607bd63fccdf073614.bundle,邀請主角,Branch,#Simple,12,あんたは何もできないと言っているが、まだ選択肢は残っているはずだ。,"당신은 아무것도 못 한다고 말하지만, 아직 선택지는 남아 있을 텐데."
ac41b849ea6253607bd63fccdf073614.bundle,邀請主角,Say,スイ･ニン,17,というと？,그러니까요?
ac41b849ea6253607bd63fccdf073614.bundle,邀請主角,Say,スイ･ニン,18,まさか抗えとでも言いたいのか？,설마 맞서 싸우라고 말하고 싶은 건가?
ac41b849ea6253607bd63fccdf073614.bundle,邀請主角,Say,スイ･ニン,19,君は私に、この場にいる人間を殺せと言いたいのか？,"너는 나한테, 여기 있는 사람들을 죽이라고 말하고 싶은 거냐?"
ac41b849ea6253607bd63fccdf073614.bundle,邀請主角,Say,スイ･ニン,20,そんなことをして何になる？,그런 짓을 해서 뭐가 되지?
ac41b849ea6253607bd63fccdf073614.bundle,邀請主角,Branch,#Simple,13,あんたの考えを証明できる。,당신의 생각을 증명할 수 있어.
ac41b849ea6253607bd63fccdf073614.bundle,邀請主角,Say,スイ･ニン,21,いや、むしろそんなことをすれば、私は自分の考えに背くことになる。,"아니, 오히려 그런 짓을 하면, 나는 내 신념을 거스르게 된다."
ac41b849ea6253607bd63fccdf073614.bundle,邀請主角,Say,スイ･ニン,22,死して何かを証明するより、生きて未来を変えたい。,"죽어서 뭔가를 증명하기보다, 살아서 미래를 바꾸고 싶다."
ac41b849ea6253607bd63fccdf073614.bundle,邀請主角,Branch,#Simple,14,スイ･ニン、あんた臆病になったな。,"스이 닌, 당신 겁쟁이가 됐군."
ac41b849ea6253607bd63fccdf073614.bundle,邀請主角,Say,スイ･ニン,23,私は死が怖いわけではない。,나는 죽음이 두려운 게 아니다.
ac41b849ea6253607bd63fccdf073614.bundle,邀請主角,Say,スイ･ニン,24,私が恐れているのは無意味な死だ。,내가 두려워하는 건 무의미한 죽음이다.
ac41b849ea6253607bd63fccdf073614.bundle,邀請主角,Say,スイ･ニン,25,この状況で私を理解してほしいとは思わない。,이 상황에서 나를 이해해달라고는 생각하지 않는다.
ac41b849ea6253607bd63fccdf073614.bundle,邀請主角,Say,スイ･ニン,26,私たちは価値観が違うのだ。,우리는 가치관이 다른 거다.
ac41b849ea6253607bd63fccdf073614.bundle,邀請主角,Branch,#Simple,15,俺はその考えを尊重する。,나는 그 생각을 존중해.
ac41b849ea6253607bd63fccdf073614.bundle,邀請主角,Say,スイ･ニン,27,……ありがとう。,……고마워.
ac41b849ea6253607bd63fccdf073614.bundle,邀請主角,Branch,#Simple,16,言いたいことは何もない。,하고 싶은 말은 아무것도 없다.
ac41b849ea6253607bd63fccdf073614.bundle,邀請主角,Say,スイ･ニン,28,……そうか。,……그런가.
ac41b849ea6253607bd63fccdf073614.bundle,邀請主角,Say,スイ･ニン,29,……,……
ac41b849ea6253607bd63fccdf073614.bundle,邀請主角,Say,スイ･ニン,30,……,……
ac41b849ea6253607bd63fccdf073614.bundle,邀請主角,Say,スイ･ニン,31,……,……
ac41b849ea6253607bd63fccdf073614.bundle,邀請主角,Say,スイ･ニン,32,ジェイ、フクロウの入隊についてだが……,"제이, 부엉이 입대에 대해서인데……"
ac41b849ea6253607bd63fccdf073614.bundle,邀請主角,Say,スイ･ニン,33,予定よりたいぶ早くはなったが、条件は変わらない。,"예정보다 꽤 빨라지긴 했지만, 조건은 변하지 않는다."
ac41b849ea6253607bd63fccdf073614.bundle,邀請主角,Say,スイ･ニン,34,君が置かれている立場のせいで、君の選択肢は限られている。,"네가 처한 입장 때문에, 네 선택지는 한정되어 있다."
ac41b849ea6253607bd63fccdf073614.bundle,邀請主角,Branch,#Simple,17,俺は屈するしかないってことか。,나는 굴복할 수밖에 없다는 거군.
ac41b849ea6253607bd63fccdf073614.bundle,邀請主角,Say,スイ･ニン,35,君がこれをそう判断するなら……,네가 이걸 그렇게 판단한다면……
ac41b849ea6253607bd63fccdf073614.bundle,邀請主角,Say,スイ･ニン,36,……その通りだ。,……맞는 말이다.
ac41b849ea6253607bd63fccdf073614.bundle,邀請主角,Branch,#Simple,18,俺に質問する必要があったのか？,나한테 물어볼 필요가 있었나?
ac41b849ea6253607bd63fccdf073614.bundle,邀請主角,Say,スイ･ニン,37,……,……
ac41b849ea6253607bd63fccdf073614.bundle,邀請主角,Branch,#Simple,19,わかっている。,알고 있다.
ac41b849ea6253607bd63fccdf073614.bundle,邀請主角,Branch,#Simple,20,……,……
ac41b849ea6253607bd63fccdf073614.bundle,邀請主角,Say,スイ･ニン,38,君からしたら現状のすべてが悪夢で、望まない人生を押しつけられているように見えるだろう。,"네 입장에서는 지금 상황 전부가 악몽이고, 원치 않는 인생을 강요받는 것처럼 보이겠지."
ac41b849ea6253607bd63fccdf073614.bundle,邀請主角,Say,スイ･ニン,39,……,……
ac41b849ea6253607bd63fccdf073614.bundle,邀請主角,Say,スイ･ニン,40,だがこれはチャンスでもある。,하지만 이건 기회이기도 하다.
ac41b849ea6253607bd63fccdf073614.bundle,邀請主角,Say,スイ･ニン,41,この社会は、一部の人間に掌握されている。,"이 사회는, 일부 사람들한테 장악당해 있다."
ac41b849ea6253607bd63fccdf073614.bundle,邀請主角,Say,スイ･ニン,42,君とリンのこのような状況に置かれたのはそれが原因でもある。,너랑 린이 이런 상황에 놓인 것도 그게 원인이야.
ac41b849ea6253607bd63fccdf073614.bundle,邀請主角,Say,スイ･ニン,43,だがフクロウに入れば、君はその現状を変える力を手にできる。,"하지만 부엉이에 들어오면, 너는 그 현실을 바꿀 힘을 손에 넣을 수 있다."
ac41b849ea6253607bd63fccdf073614.bundle,邀請主角,Say,スイ･ニン,44,権力者だけがこの世界を変えられる。,권력자만이 이 세상을 바꿀 수 있다.
ac41b849ea6253607bd63fccdf073614.bundle,邀請主角,Say,スイ･ニン,45,何も持たない人間は、自分の身に不運が降りかかるのを眺めているだけだ。,"아무것도 갖지 못한 인간은, 자기 몸에 불운이 떨어지는 걸 그저 바라볼 뿐이다."
ac41b849ea6253607bd63fccdf073614.bundle,邀請主角,Say,スイ･ニン,46,だからこそ、これはチャンスだ。,"그렇기 때문에, 이건 기회다."
ac41b849ea6253607bd63fccdf073614.bundle,邀請主角,Say,スイ･ニン,47,フクロウに入れば、君は一般市民が知り得ない情報を知り、さらには統治階級と知り合える。,"부엉이에 들어오면, 너는 일반 시민이 알 수 없는 정보를 알게 되고, 나아가 지배 계급과도 알고 지낼 수 있다."
ac41b849ea6253607bd63fccdf073614.bundle,邀請主角,Say,スイ･ニン,48,影響力を手にすれば、いい未来を掴むことも可能だ。,"영향력을 손에 넣으면, 좋은 미래를 붙잡는 것도 가능하다."
ac41b849ea6253607bd63fccdf073614.bundle,邀請主角,Say,スイ･ニン,49,この世界を君とリンが生きやすい世界に作り変えることができる。,이 세상을 너랑 린이 살기 좋은 세상으로 바꿀 수 있어.
ac41b849ea6253607bd63fccdf073614.bundle,邀請主角,Branch,#Simple,21,犯罪組織が掲げる夢みたいだな。,범죄 조직이 내거는 꿈같은 소리군.
ac41b849ea6253607bd63fccdf073614.bundle,邀請主角,Say,スイ･ニン,50,それは君の考え方次第だ。,그건 네 사고방식에 달렸다.
ac41b849ea6253607bd63fccdf073614.bundle,邀請主角,Say,スイ･ニン,51,フクロウに入れば、あらゆる権力を手にできるが、使い方は君次第だ。,"부엉이에 들어오면, 온갖 권력을 손에 넣을 수 있지만, 쓰는 방법은 너한테 달렸다."
ac41b849ea6253607bd63fccdf073614.bundle,邀請主角,Branch,#Simple,22,フクロウに入ったところで、何か変わるとは思えない。,"부엉이에 들어가봤자, 뭔가 바뀔 거라고는 생각 안 해."
ac41b849ea6253607bd63fccdf073614.bundle,邀請主角,Say,スイ･ニン,52,一人の力だけで世界を変えるのは不可能だろうが、努力することはできる。,"혼자만의 힘으로 세상을 바꾸는 건 불가능하겠지만, 노력하는 건 할 수 있다."
ac41b849ea6253607bd63fccdf073614.bundle,邀請主角,Branch,#Simple,23,やはりフクロウに入っても、何も変わらないということだな。,"역시 부엉이에 들어가도, 아무것도 안 바뀐다는 거군."
ac41b849ea6253607bd63fccdf073614.bundle,邀請主角,Branch,#Simple,24,努力したところで何になる？,노력해봤자 뭐가 되는데?
ac41b849ea6253607bd63fccdf073614.bundle,邀請主角,Branch,#Simple,25,……,……
ac41b849ea6253607bd63fccdf073614.bundle,邀請主角,Say,スイ･ニン,53,……,……
ac41b849ea6253607bd63fccdf073614.bundle,邀請主角,Branch,#Simple,26,じゃ、あんたは何か変えられたのか？,"그럼, 당신은 뭔가 바꿀 수 있었어?"
ac41b849ea6253607bd63fccdf073614.bundle,邀請主角,Say,スイ･ニン,54,……,……
ac41b849ea6253607bd63fccdf073614.bundle,邀請主角,Branch,#Simple,27,……,……
ac41b849ea6253607bd63fccdf073614.bundle,邀請主角,Say,スイ･ニン,55,フクロウは解ではなく、ただのツールだ。,"부엉이는 정답이 아니라, 그냥 도구다."
ac41b849ea6253607bd63fccdf073614.bundle,邀請主角,Say,スイ･ニン,56,しかも客観的に見れば、これはかなり強力なツールだ。,"게다가 객관적으로 보면, 이건 꽤 강력한 도구다."
ac41b849ea6253607bd63fccdf073614.bundle,邀請主角,Branch,#Simple,28,政府や企業からしたら、そうだろうな。,"정부나 기업 입장에서는, 그렇겠지."
ac41b849ea6253607bd63fccdf073614.bundle,邀請主角,Branch,#Simple,29,だがそれは俺が自由に使えるツールではないだろう。,하지만 그건 내가 자유롭게 쓸 수 있는 도구는 아니잖아.
ac41b849ea6253607bd63fccdf073614.bundle,邀請主角,Branch,#Simple,30,俺に他人のツールになれと言っているのか？,나더러 남의 도구가 되라고 말하는 거야?
ac41b849ea6253607bd63fccdf073614.bundle,邀請主角,Say,スイ･ニン,57,私が言うツールとはフクロウの立場のことだ。,내가 말하는 도구란 부엉이라는 입지를 말하는 거다.
ac41b849ea6253607bd63fccdf073614.bundle,邀請主角,Say,スイ･ニン,58,フクロウのエージェントとなれば、君は多くの秘密に触れられる。,"부엉이의 요원이 되면, 너는 많은 비밀에 접근할 수 있다."
ac41b849ea6253607bd63fccdf073614.bundle,邀請主角,Say,スイ･ニン,59,そして問題を対処できる力を手にできる。,그리고 문제에 대처할 힘을 손에 넣을 수 있다.
ac41b849ea6253607bd63fccdf073614.bundle,邀請主角,Branch,#Simple,31,その分多くの制限を課されるのだろう？,그만큼 많은 제약이 따르는 거잖아?
ac41b849ea6253607bd63fccdf073614.bundle,邀請主角,Say,スイ･ニン,60,……,……
ac41b849ea6253607bd63fccdf073614.bundle,邀請主角,Say,スイ･ニン,61,そうだ。,그렇다.
ac41b849ea6253607bd63fccdf073614.bundle,邀請主角,Say,スイ･ニン,62,だがそれは然るべき対価だ。,하지만 그건 마땅한 대가다.
ac41b849ea6253607bd63fccdf073614.bundle,邀請主角,Say,スイ･ニン,63,君は力を手にできるのだから。,너는 힘을 손에 넣을 수 있으니까.
ac41b849ea6253607bd63fccdf073614.bundle,邀請主角,Say,スイ･ニン,64,もし一般人である君が……,만약 일반인인 네가……
ac41b849ea6253607bd63fccdf073614.bundle,邀請主角,Say,スイ･ニン,65,大きな勢力に狙われても……,거대한 세력한테 찍혀도……
ac41b849ea6253607bd63fccdf073614.bundle,邀請主角,Say,スイ･ニン,66,自分自身を守ることさえ、容易ではないだろう。,"너 자신을 지키는 것조차, 쉽지는 않을 거다."
ac41b849ea6253607bd63fccdf073614.bundle,邀請主角,Say,スイ･ニン,67,フクロウに入れば制限を課されるが、その分強力な後ろ盾を得られる。,"부엉이에 들어오면 제약이 따르지만, 그만큼 강력한 뒷배를 얻을 수 있다."
ac41b849ea6253607bd63fccdf073614.bundle,邀請主角,Branch,#Simple,32,フクロウに入らなくても、問題は解決できる。,"부엉이에 들어가지 않아도, 문제는 해결할 수 있어."
ac41b849ea6253607bd63fccdf073614.bundle,邀請主角,Say,スイ･ニン,68,今回、君の身に起こったことが一番の証明ではないか……？,"이번에, 네 몸에 일어난 일이 가장 큰 증거가 아닌가……?"
ac41b849ea6253607bd63fccdf073614.bundle,邀請主角,Say,スイ･ニン,69,一般市民である君だけでは何もできず、現状を黙って受け入れるしかなかったはずだ。,"일반 시민인 너 혼자서는 아무것도 못 하고, 현실을 묵묵히 받아들일 수밖에 없었을 텐데."
ac41b849ea6253607bd63fccdf073614.bundle,邀請主角,Branch,#Simple,33,……,……
ac41b849ea6253607bd63fccdf073614.bundle,邀請主角,Branch,#Simple,34,……,……
ac41b849ea6253607bd63fccdf073614.bundle,邀請主角,Say,スイ･ニン,70,……ジェイ、君を強迫したくはない。,"……제이, 너를 협박하고 싶지는 않다."
ac41b849ea6253607bd63fccdf073614.bundle,邀請主角,Say,スイ･ニン,71,わかってほしい。君に他の選択肢はないのだ。,이해해줬으면 한다. 너한테 다른 선택지는 없어.
ac41b849ea6253607bd63fccdf073614.bundle,邀請主角,Say,スイ･ニン,72,あくまでも私は君に有利な情報を伝えてたにすぎない。,어디까지나 나는 너한테 유리한 정보를 전했을 뿐이다.
ac41b849ea6253607bd63fccdf073614.bundle,邀請主角,Say,スイ･ニン,73,もし聞きたいことがあるなら、私はできる限り答えよう。,"만약 묻고 싶은 게 있다면, 나는 최대한 답해주겠다."
ac41b849ea6253607bd63fccdf073614.bundle,邀請主角,Say,スイ･ニン,74,……,……
ac41b849ea6253607bd63fccdf073614.bundle,邀請主角,Say,スイ･ニン,75,それが今の私に唯一できることだ。,그게 지금 내가 할 수 있는 유일한 일이다.
ac41b849ea6253607bd63fccdf073614.bundle,邀請主角,Branch,#Simple,35,もうセイワ･ゲンの逮捕は叶わないのか？,이제 세이와 겐 체포는 물 건너간 건가?
ac41b849ea6253607bd63fccdf073614.bundle,邀請主角,Say,スイ･ニン,76,……そうだな。,……그렇지.
ac41b849ea6253607bd63fccdf073614.bundle,邀請主角,Say,スイ･ニン,77,現状は難しいはずだ。,현재로서는 어려울 거다.
ac41b849ea6253607bd63fccdf073614.bundle,邀請主角,Branch,#Simple,36,リンを殺そうとしたことも追及できないのか？,린을 죽이려고 했던 것도 추궁 못 하는 건가?
ac41b849ea6253607bd63fccdf073614.bundle,邀請主角,Say,スイ･ニン,78,……,……
ac41b849ea6253607bd63fccdf073614.bundle,邀請主角,Say,スイ･ニン,79,ええ。,네.
ac41b849ea6253607bd63fccdf073614.bundle,邀請主角,Branch,#Simple,37,彼から賠償金を請求することも無理なのか？,그놈한테서 배상금을 청구하는 것도 무리인 건가?
ac41b849ea6253607bd63fccdf073614.bundle,邀請主角,Say,スイ･ニン,80,……不可能だと思う。,……불가능하다고 생각한다.
ac41b849ea6253607bd63fccdf073614.bundle,邀請主角,Branch,#Simple,38,俺とリンは黙ってこの結果を受け入れるしかないのか？,나랑 린은 그냥 이 결과를 받아들일 수밖에 없는 거야?
ac41b849ea6253607bd63fccdf073614.bundle,邀請主角,Branch,#Simple,39,あんたは本当に何もできないのか？,당신은 정말로 아무것도 못 하는 거야?
ac41b849ea6253607bd63fccdf073614.bundle,邀請主角,Say,スイ･ニン,81,私には何もできない……申し訳ない。,나는 아무것도 할 수 없다……미안하다.
ac41b849ea6253607bd63fccdf073614.bundle,邀請主角,Branch,#Simple,40,……,……
ac41b849ea6253607bd63fccdf073614.bundle,邀請主角,Say,スイ･ニン,82,……,……
ac41b849ea6253607bd63fccdf073614.bundle,邀請主角,Branch,#Simple,41,あのクズを見逃すのか？,그 쓰레기를 봐주는 거야?
ac41b849ea6253607bd63fccdf073614.bundle,邀請主角,Branch,#Simple,42,……,……
ac41b849ea6253607bd63fccdf073614.bundle,邀請主角,Branch,#Simple,43,この結果をどう受け入れろって言うんだ。,이 결과를 어떻게 받아들이라는 거지.
ac41b849ea6253607bd63fccdf073614.bundle,邀請主角,Say,スイ･ニン,83,……すまない。,……미안하다.
ac41b849ea6253607bd63fccdf073614.bundle,邀請主角,Branch,#Simple,44,……,……
ac41b849ea6253607bd63fccdf073614.bundle,邀請主角,Say,スイ･ニン,84,ジェイ。,제이.
ac41b849ea6253607bd63fccdf073614.bundle,邀請主角,Say,スイ･ニン,85,これは君の身に起きたことであり、私が口を出す立場ではない。,"이건 네 몸에 일어난 일이고, 내가 나설 입장은 아니다."
ac41b849ea6253607bd63fccdf073614.bundle,邀請主角,Say,スイ･ニン,86,だから君に、この結果を大人しく受け入れろとは言えない。,"그러니까 너한테, 이 결과를 얌전히 받아들이라고는 말 못 한다."
ac41b849ea6253607bd63fccdf073614.bundle,邀請主角,Say,スイ･ニン,87,……,……
ac41b849ea6253607bd63fccdf073614.bundle,邀請主角,Say,スイ･ニン,88,だがこれが現実であることをわかってほしい。,하지만 이게 현실이라는 걸 이해해줬으면 한다.
ac41b849ea6253607bd63fccdf073614.bundle,邀請主角,Say,スイ･ニン,89,今の私に、セイワ･ゲンをどうこうできる力はない。,"지금 나한테는, 세이와 겐을 어떻게 할 힘이 없다."
ac41b849ea6253607bd63fccdf073614.bundle,邀請主角,Branch,#Simple,45,あの施設が爆破されたらどうだ？,그 시설이 폭파되면 어떻게 되는데?
ac41b849ea6253607bd63fccdf073614.bundle,邀請主角,Say,スイ･ニン,90,……,……
ac41b849ea6253607bd63fccdf073614.bundle,邀請主角,Say,スイ･ニン,91,彼は万象に責任を問われ、相当な罰を受けるだろうな。,"그놈은 완샹한테 책임을 추궁당해서, 상당한 벌을 받게 되겠지."
ac41b849ea6253607bd63fccdf073614.bundle,邀請主角,Say,スイ･ニン,92,だがそれと同時に、数百万人が生活を奪われることになる。,"하지만 그와 동시에, 수백만 명이 생계를 빼앗기게 된다."
ac41b849ea6253607bd63fccdf073614.bundle,邀請主角,Say,スイ･ニン,93,そして君も命を狙われるだろう。,그리고 너도 목숨을 노림받게 될 거다.
ac41b849ea6253607bd63fccdf073614.bundle,邀請主角,Say,スイ･ニン,94,……もちろん今の君にはそんな力はない。,……물론 지금 너한테는 그런 힘은 없지만.
ac41b849ea6253607bd63fccdf073614.bundle,邀請主角,Branch,#Simple,46,……,……
ac41b849ea6253607bd63fccdf073614.bundle,邀請主角,Say,スイ･ニン,95,……,……
ac41b849ea6253607bd63fccdf073614.bundle,邀請主角,Say,スイ･ニン,96,私の言葉に説得力はないかもしれないが……,내 말에 설득력은 없을지도 모르지만……
ac41b849ea6253607bd63fccdf073614.bundle,邀請主角,Say,スイ･ニン,97,それでも言わせてほしい。ここは終着点ではない。,그래도 말하게 해줘. 여기가 종착점은 아니다.
ac41b849ea6253607bd63fccdf073614.bundle,邀請主角,Say,スイ･ニン,98,いずれ私たちが勝利を勝ち取り、悪人共に代償を払わせる時がくる。,"언젠가 우리가 승리를 거머쥐고, 악당들한테 대가를 치르게 할 때가 온다."
ac41b849ea6253607bd63fccdf073614.bundle,邀請主角,Say,祖母,1,スイ･ニン……,스이 닌……
ac41b849ea6253607bd63fccdf073614.bundle,邀請主角,Say,スイ･ニン,99,これだけは約束する。,이것만은 약속하지.
ac41b849ea6253607bd63fccdf073614.bundle,邀請主角,Say,スイ･ニン,100,他に質問はないか？,다른 질문은 없나?
ac41b849ea6253607bd63fccdf073614.bundle,邀請主角,Branch,#Simple,47,フクロウに入れば、俺とリンの安全は保証されるのか？,"부엉이에 들어가면, 나랑 린의 안전은 보장되는 거야?"
ac41b849ea6253607bd63fccdf073614.bundle,邀請主角,Say,スイ･ニン,101,命の安全は確実に保証する。,목숨의 안전은 확실히 보장한다.
ac41b849ea6253607bd63fccdf073614.bundle,邀請主角,Say,スイ･ニン,102,フクロウがそれを保証するというわけではないが、フクロウはエージェントの育成に大金をかけている。,"부엉이가 그걸 보장한다는 건 아니지만, 부엉이는 요원 육성에 거금을 들인다."
ac41b849ea6253607bd63fccdf073614.bundle,邀請主角,Say,スイ･ニン,103,だから通常なら、育てたエージェントを簡単に見捨てたり、危害を加えたりはしない。,"그러니까 보통은, 키운 요원을 쉽게 버리거나, 해를 끼치거나 하지는 않는다."
ac41b849ea6253607bd63fccdf073614.bundle,邀請主角,Branch,#Simple,48,緊急時には切り捨てる可能性があるってことか。,긴급 상황에는 잘라낼 가능성이 있다는 거군.
ac41b849ea6253607bd63fccdf073614.bundle,邀請主角,Branch,#Simple,49,もしフクロウが最初から俺やリンに不利益を働くつもりだった場合はどうする。,만약 부엉이가 처음부터 나랑 린한테 불이익을 줄 생각이었을 경우엔 어쩔 건데.
ac41b849ea6253607bd63fccdf073614.bundle,邀請主角,Say,スイ･ニン,104,……,……
ac41b849ea6253607bd63fccdf073614.bundle,邀請主角,Say,スイ･ニン,105,その時は私が君の味方となる。,그럴 땐 내가 네 편이 되겠다.
ac41b849ea6253607bd63fccdf073614.bundle,邀請主角,Say,スイ･ニン,106,だがいくら私でも、フクロウ全員と対抗する術は持っていない。,"하지만 아무리 나라도, 부엉이 전원과 맞설 방법은 갖고 있지 않다."
ac41b849ea6253607bd63fccdf073614.bundle,邀請主角,Branch,#Simple,50,……,……
ac41b849ea6253607bd63fccdf073614.bundle,邀請主角,Say,スイ･ニン,107,……,……
ac41b849ea6253607bd63fccdf073614.bundle,邀請主角,Say,スイ･ニン,108,言い方を変えよう。フクロウは各企業の利益の上に成り立っている存在だ。,말을 바꿔보지. 부엉이는 각 기업의 이익 위에 성립되어 있는 존재다.
ac41b849ea6253607bd63fccdf073614.bundle,邀請主角,Say,スイ･ニン,109,そして企業の利益は安定した秩序の上に成り立っている。,그리고 기업의 이익은 안정된 질서 위에 성립되어 있다.
ac41b849ea6253607bd63fccdf073614.bundle,邀請主角,Say,スイ･ニン,110,正義とは呼べない上に、多くの秘密を抱え、信用に足る組織ではない。しかし、安定は保証する。,"정의라고는 부를 수 없는 데다가, 많은 비밀을 안고 있어서, 신뢰할 만한 조직은 아니다. 하지만, 안정은 보장한다."
ac41b849ea6253607bd63fccdf073614.bundle,邀請主角,Say,スイ･ニン,111,これで多少は答えにはなっただろうか？,이걸로 조금은 답이 됐을까?
ac41b849ea6253607bd63fccdf073614.bundle,邀請主角,Branch,#Simple,51,そうだな。,그렇지.
ac41b849ea6253607bd63fccdf073614.bundle,邀請主角,Say,スイ･ニン,112,他に質問は？,다른 질문은요?
ac41b849ea6253607bd63fccdf073614.bundle,邀請主角,Branch,#Simple,52,俺が欲しいのは身の安全の保証だ。,내가 원하는 건 신변 안전의 보장이야.
ac41b849ea6253607bd63fccdf073614.bundle,邀請主角,Say,スイ･ニン,113,……,……
ac41b849ea6253607bd63fccdf073614.bundle,邀請主角,Say,スイ･ニン,114,すまないが、それは保証できない。,"미안하지만, 그건 보장 못 한다."
ac41b849ea6253607bd63fccdf073614.bundle,邀請主角,Say,スイ･ニン,115,君とリンが100%安全だとは言えないからだ。,너랑 린이 100% 안전하다고는 말할 수 없으니까.
ac41b849ea6253607bd63fccdf073614.bundle,邀請主角,Say,スイ･ニン,116,だがフクロウへの加入は、君とリンにとってより良い選択だと思う。,"하지만 부엉이 가입은, 너랑 린한테 있어서 더 나은 선택이라고 생각한다."
ac41b849ea6253607bd63fccdf073614.bundle,邀請主角,Say,スイ･ニン,117,……他に質問は？,……다른 질문은요?
ac41b849ea6253607bd63fccdf073614.bundle,邀請主角,Branch,#Simple,53,あの狂った施設を稼働させ続けるのか？,그 미친 시설을 계속 가동시킬 거야?
ac41b849ea6253607bd63fccdf073614.bundle,邀請主角,Say,スイ･ニン,118,……,……
ac41b849ea6253607bd63fccdf073614.bundle,邀請主角,Say,スイ･ニン,119,数百万人の生活のためだ。,수백만 명의 생계를 위해서다.
ac41b849ea6253607bd63fccdf073614.bundle,邀請主角,Branch,#Simple,54,そしてフクロウの一員として、この施設を守り続けろってことか。,"그리고 부엉이의 일원으로서, 이 시설을 계속 지키라는 거군."
ac41b849ea6253607bd63fccdf073614.bundle,邀請主角,Branch,#Simple,55,つまりはあの非人道的な行為に終わりはないってことか。,즉 그 비인도적인 행위에 끝은 없다는 거군.
ac41b849ea6253607bd63fccdf073614.bundle,邀請主角,Say,スイ･ニン,120,……その通りだ。,……맞는 말이다.
ac41b849ea6253607bd63fccdf073614.bundle,邀請主角,Branch,#Simple,56,あんたはそれを受け入れるのか？,당신은 그걸 받아들이는 거야?
ac41b849ea6253607bd63fccdf073614.bundle,邀請主角,Say,スイ･ニン,121,受け入れたくはないが、そうするしかない。,"받아들이고 싶지는 않지만, 그럴 수밖에 없다."
ac41b849ea6253607bd63fccdf073614.bundle,邀請主角,Branch,#Simple,57,傑作だな。,가관이군.
ac41b849ea6253607bd63fccdf073614.bundle,邀請主角,Say,スイ･ニン,122,……,……
ac41b849ea6253607bd63fccdf073614.bundle,邀請主角,Branch,#Simple,58,……,……
ac41b849ea6253607bd63fccdf073614.bundle,邀請主角,Branch,#Simple,59,……,……
ac41b849ea6253607bd63fccdf073614.bundle,邀請主角,Say,スイ･ニン,123,確かにこれは狂っているが、社会を支えているのも確かだ。,"확실히 이건 미쳤지만, 사회를 떠받치고 있는 것도 사실이다."
ac41b849ea6253607bd63fccdf073614.bundle,邀請主角,Say,スイ･ニン,124,無闇に企業を潰せば、被害を受けるのは一般市民だ。,"무턱대고 기업을 무너뜨리면, 피해를 입는 건 일반 시민이다."
ac41b849ea6253607bd63fccdf073614.bundle,邀請主角,Branch,#Simple,60,彼らは一般市民を人質に取っているのと同じだ。,그놈들은 일반 시민을 인질로 잡고 있는 거나 마찬가지야.
ac41b849ea6253607bd63fccdf073614.bundle,邀請主角,Say,スイ･ニン,125,それに反論する気はない。,그 점에 반론할 생각은 없다.
ac41b849ea6253607bd63fccdf073614.bundle,邀請主角,Say,スイ･ニン,126,だが私は彼らを野放しにするつもりはない。,하지만 나는 그들을 그냥 놔둘 생각은 없다.
ac41b849ea6253607bd63fccdf073614.bundle,邀請主角,Say,スイ･ニン,127,今回は失敗に終わっただけだ。あまりにも代償が大きすぎた。,이번엔 실패로 끝났을 뿐이다. 대가가 너무나도 컸다.
ac41b849ea6253607bd63fccdf073614.bundle,邀請主角,Branch,#Simple,61,それはわかっている。だが本当に見て見ぬ振りをするのか？,그건 알고 있어. 하지만 정말로 못 본 척할 거야?
ac41b849ea6253607bd63fccdf073614.bundle,邀請主角,Say,スイ･ニン,128,……,……
ac41b849ea6253607bd63fccdf073614.bundle,邀請主角,Say,スイ･ニン,129,見て見ぬ振りではない。,못 본 척하는 게 아니다.
ac41b849ea6253607bd63fccdf073614.bundle,邀請主角,Say,スイ･ニン,130,今回は失敗に終わっただけだ。あまりにも代償が大きすぎた。,이번엔 실패로 끝났을 뿐이다. 대가가 너무나도 컸다.
ac41b849ea6253607bd63fccdf073614.bundle,邀請主角,Branch,#Simple,62,……,……
ac41b849ea6253607bd63fccdf073614.bundle,邀請主角,Say,スイ･ニン,131,……答えは最初から明白なのだ。,……답은 처음부터 명백했다.
ac41b849ea6253607bd63fccdf073614.bundle,邀請主角,Say,スイ･ニン,132,私たちがどう抗おうと、結果は変わらない。,"우리가 어떻게 맞서든, 결과는 변하지 않는다."
ac41b849ea6253607bd63fccdf073614.bundle,邀請主角,Say,スイ･ニン,133,少なくとも今回の件について、私たちは何もできない。,"적어도 이번 건에 대해서는, 우리는 아무것도 할 수 없다."
ac41b849ea6253607bd63fccdf073614.bundle,邀請主角,Say,スイ･ニン,134,他に質問は？,다른 질문은요?
ac41b849ea6253607bd63fccdf073614.bundle,邀請主角,Branch,#Simple,63,質問はない。,질문은 없다.
ac41b849ea6253607bd63fccdf073614.bundle,邀請主角,Say,スイ･ニン,135,……,……
ac41b849ea6253607bd63fccdf073614.bundle,收尾第一階段,Say,スイ･ニン,0,……,……
ac41b849ea6253607bd63fccdf073614.bundle,收尾第一階段,Say,スイ･ニン,1,私は見て見ぬ振りをするつもりはない。,나는 못 본 척할 생각은 없다.
ac41b849ea6253607bd63fccdf073614.bundle,收尾第一階段,Say,スイ･ニン,2,万象のような社会を牛耳る企業が狂っていることは十分わかった。,완샹처럼 사회를 좌지우지하는 기업이 미쳐 있다는 건 충분히 알았다.
ac41b849ea6253607bd63fccdf073614.bundle,收尾第一階段,Say,スイ･ニン,3,彼らに悪意がなくとも、放置すればより過激な開発をしていくはずだ。,"그들에게 악의가 없더라도, 방치하면 더 과격한 개발을 해나갈 거다."
ac41b849ea6253607bd63fccdf073614.bundle,收尾第一階段,Say,スイ･ニン,4,なぜなら彼らを裁ける者がいないからだ。,왜냐하면 그들을 심판할 자가 없으니까.
ac41b849ea6253607bd63fccdf073614.bundle,收尾第一階段,Say,スイ･ニン,5,そしてフクロウは……,그리고 부엉이는……
ac41b849ea6253607bd63fccdf073614.bundle,收尾第一階段,Say,スイ･ニン,6,彼らの悪事を助長させている。,그들의 악행을 조장하고 있다.
ac41b849ea6253607bd63fccdf073614.bundle,收尾第一階段,Say,スイ･ニン,7,……,……
ac41b849ea6253607bd63fccdf073614.bundle,收尾第一階段,Say,スイ･ニン,8,私はフクロウに加入後からずっとその事実に苦しんでいる。,나는 부엉이에 가입한 후로 계속 그 사실 때문에 괴로워하고 있다.
ac41b849ea6253607bd63fccdf073614.bundle,收尾第一階段,Say,スイ･ニン,9,祖母は万象の悪事を知っていたし、私の調査も知っていた。,"할머니는 완샹의 악행을 알고 있었고, 내 조사도 알고 있었다."
ac41b849ea6253607bd63fccdf073614.bundle,收尾第一階段,Say,スイ･ニン,10,なのに彼女は私の調査を放任した。,그런데도 그녀는 내 조사를 방임했다.
ac41b849ea6253607bd63fccdf073614.bundle,收尾第一階段,Say,スイ･ニン,11,すべてはこの状況を作り出すためだ。,모든 건 이 상황을 만들어내기 위해서였다.
ac41b849ea6253607bd63fccdf073614.bundle,收尾第一階段,Say,スイ･ニン,12,……,……
ac41b849ea6253607bd63fccdf073614.bundle,收尾第一階段,Say,スイ･ニン,13,私が限界に達し、怒りを募らせたこの状況を……,"내가 한계에 다다라서, 분노를 쌓아온 이 상황을……"
ac41b849ea6253607bd63fccdf073614.bundle,收尾第一階段,Say,スイ･ニン,14,すべてが徒労だったと受け入れるしかないこの状況を待っていたのだ。,모든 게 헛수고였다는 걸 받아들일 수밖에 없는 이 상황을 기다리고 있었던 거다.
ac41b849ea6253607bd63fccdf073614.bundle,收尾第一階段,Say,スイ･ニン,15,彼女は私の限界に触れることで、私にフクロウや万象と争わせようと煽っている。,"그녀는 내 한계를 건드림으로써, 나를 부엉이나 완샹과 싸우게 부추기고 있다."
ac41b849ea6253607bd63fccdf073614.bundle,收尾第一階段,Say,スイ･ニン,16,そうだろう？祖母。,그렇지? 할머니.
ac41b849ea6253607bd63fccdf073614.bundle,收尾第一階段,Say,祖母,0,ええ。,네.
ac41b849ea6253607bd63fccdf073614.bundle,收尾第一階段,Say,スイ･ニン,17,……,……
ac41b849ea6253607bd63fccdf073614.bundle,收尾第一階段,Say,スイ･ニン,18,彼女は、私が自分の感情より大局を優先できるか確認したいのだろう。,"그녀는, 내가 내 감정보다 대국을 우선할 수 있는지 확인하고 싶은 거겠지."
ac41b849ea6253607bd63fccdf073614.bundle,收尾第一階段,Say,スイ･ニン,19,施設を破壊し、フクロウと戦うこと選べば……,"시설을 파괴하고, 부엉이와 싸우는 걸 선택하면……"
ac41b849ea6253607bd63fccdf073614.bundle,收尾第一階段,Say,スイ･ニン,20,私は正義を貫き、セイワ･ゲンや万象に重い罰を与えられる。,"나는 정의를 관철하고, 세이와 겐이나 완샹에 무거운 벌을 내릴 수 있다."
ac41b849ea6253607bd63fccdf073614.bundle,收尾第一階段,Say,スイ･ニン,21,或いは……,혹은……
ac41b849ea6253607bd63fccdf073614.bundle,收尾第一階段,Say,スイ･ニン,22,数百万人の生活を守るために、万象の悪行を黙って受け入れるか……,"수백만 명의 삶을 지키기 위해서, 완샹의 악행을 묵묵히 받아들이거나……"
ac41b849ea6253607bd63fccdf073614.bundle,收尾第一階段,Say,スイ･ニン,23,ジェイ、私がどっちを選ぶかは明白だろう。,"제이, 내가 어느 쪽을 선택할지는 명백하겠지."
ac41b849ea6253607bd63fccdf073614.bundle,收尾第一階段,Say,スイ･ニン,24,私は23号との約束を守った。私は何も変わらなかった。,나는 23호와의 약속을 지켰다. 나는 아무것도 변하지 않았다.
ac41b849ea6253607bd63fccdf073614.bundle,收尾第一階段,Say,スイ･ニン,25,私は自分が何をすべきかよく理解している。,나는 내가 무엇을 해야 하는지 잘 이해하고 있다.
ac41b849ea6253607bd63fccdf073614.bundle,收尾第一階段,Say,スイ･ニン,26,AQテストの意義は、自身の価値観と向き合わなければならないことだ。,"AQ 테스트의 의의는, 자기 자신의 가치관과 마주해야 한다는 것이다."
ac41b849ea6253607bd63fccdf073614.bundle,收尾第一階段,Say,スイ･ニン,27,そして私は、元から自分の価値観と向き合い続けてきた。,"그리고 나는, 원래부터 내 가치관과 계속 마주해왔다."
ac41b849ea6253607bd63fccdf073614.bundle,收尾第一階段,Say,スイ･ニン,28,価値観と向き合い続けてきたからこそ、今回の苦渋の選択ができた。,"가치관과 계속 마주해왔기 때문에, 이번의 고통스러운 선택을 할 수 있었다."
ac41b849ea6253607bd63fccdf073614.bundle,收尾第一階段,Say,スイ･ニン,29,世界に蔓延る悪が持つ強大な力を理解した人間にできることは……,세상에 만연한 악이 가진 강대한 힘을 이해한 인간이 할 수 있는 건……
ac41b849ea6253607bd63fccdf073614.bundle,收尾第一階段,Say,スイ･ニン,30,悪と共倒れ覚悟で戦うことではなく、何としても生き延び……,"악과 공멸을 각오하고 싸우는 게 아니라, 어떻게든 살아남아서……"
ac41b849ea6253607bd63fccdf073614.bundle,收尾第一階段,Say,スイ･ニン,31,頑なに抗い続けることだ。,끈질기게 계속 맞서는 것이다.
ac41b849ea6253607bd63fccdf073614.bundle,收尾第一階段,Say,スイ･ニン,32,彼らの歩みが止まるまで……,그들의 발걸음이 멈출 때까지……
ac41b849ea6253607bd63fccdf073614.bundle,收尾第一階段,Say,スイ･ニン,33,人々が希望を抱くまで……,사람들이 희망을 품을 때까지……
ac41b849ea6253607bd63fccdf073614.bundle,收尾第一階段,Say,スイ･ニン,34,そして……,그리고……
ac41b849ea6253607bd63fccdf073614.bundle,收尾第一階段,Say,スイ･ニン,35,同志が集まるまでだ。,동지가 모일 때까지다.
ac41b849ea6253607bd63fccdf073614.bundle,收尾第一階段,Say,スイ･ニン,36,……,……
ac41b849ea6253607bd63fccdf073614.bundle,收尾第一階段,Say,スイ･ニン,37,長く語りすぎたな。,너무 길게 얘기했군.
ac41b849ea6253607bd63fccdf073614.bundle,收尾第一階段,Say,スイ･ニン,38,そろそろ時間だ……,슬슬 시간이 됐다……
ac41b849ea6253607bd63fccdf073614.bundle,收尾第一階段,Say,スイ･ニン,39,君はよくここまで頑張った。,너는 여기까지 잘 버텨왔다.
ac41b849ea6253607bd63fccdf073614.bundle,收尾第一階段,Say,スイ･ニン,40,ジェイ、これが最後の選択だ。,"제이, 이게 마지막 선택이다."
ac41b849ea6253607bd63fccdf073614.bundle,收尾第一階段,Branch,#Simple,0,［銃を受け取り、フクロウに入る］,"[총을 받고, 부엉이에 들어간다]"
ac41b849ea6253607bd63fccdf073614.bundle,收尾第一階段,Branch,#Simple,1,［銃を受け取らずに、フクロウに入る］,"[총을 받지 않고, 부엉이에 들어간다]"
ac41b849ea6253607bd63fccdf073614.bundle,收尾第一階段,Branch,#Simple,2,［スタングレネードを投げて逃げる］,[스턴 그레네이드를 던지고 도망친다]
ac41b849ea6253607bd63fccdf073614.bundle,收尾第一階段,Branch,#Simple,3,［爆発スイッチを押して施設を破壊する］,[폭발 스위치를 눌러 시설을 파괴한다]
ac41b849ea6253607bd63fccdf073614.bundle,收尾第一階段,Branch,#Simple,4,［銃を受け取り、フクロウに入る］,"[총을 받고, 부엉이에 들어간다]"
ac41b849ea6253607bd63fccdf073614.bundle,收尾第一階段,Branch,#Simple,5,［銃を受け取らずに、フクロウに入る］,"[총을 받지 않고, 부엉이에 들어간다]"
ac41b849ea6253607bd63fccdf073614.bundle,收尾第一階段,Branch,#Simple,6,［スタングレネードを投げて逃げる］,[스턴 그레네이드를 던지고 도망친다]
ac41b849ea6253607bd63fccdf073614.bundle,收尾第一階段,Branch,#Simple,7,［爆発スイッチを押して施設を破壊する］,[폭발 스위치를 눌러 시설을 파괴한다]
ac41b849ea6253607bd63fccdf073614.bundle,結局:加入鴞隊也和司徒合作,Say,スイ･ニン,0,……,……
ac41b849ea6253607bd63fccdf073614.bundle,結局:加入鴞隊也和司徒合作,Say,スイ･ニン,1,これは終わりではない。,이건 끝이 아니다.
ac41b849ea6253607bd63fccdf073614.bundle,結局:加入鴞隊也和司徒合作,Say,スイ･ニン,2,だが、始まりでもない……,"하지만, 시작도 아니다……"
ac41b849ea6253607bd63fccdf073614.bundle,結局:加入鴞隊也和司徒合作,Say,スイ･ニン,3,長く続いた道の途中だ。,오래 이어진 길의 도중이다.
ac41b849ea6253607bd63fccdf073614.bundle,結局:加入鴞隊也和司徒合作,Say,スイ･ニン,4,私と一緒に歩み続けよう。,나와 함께 계속 걸어가자.
ac41b849ea6253607bd63fccdf073614.bundle,結局:只加入鴞隊,Branch,#Simple,0,俺たちの歩む道は違う。,우리가 걷는 길은 달라.
ac41b849ea6253607bd63fccdf073614.bundle,結局:只加入鴞隊,Say,スイ･ニン,0,……,……
ac41b849ea6253607bd63fccdf073614.bundle,結局:只加入鴞隊,Say,スイ･ニン,1,……それも悪くない選択だ。,……그것도 나쁘지 않은 선택이다.
ac41b849ea6253607bd63fccdf073614.bundle,結局:只加入鴞隊,Branch,#Simple,1,スイ･ニン、俺はやはりあんたを信用できない。,"스이 닌, 나는 역시 당신을 신용할 수 없어."
ac41b849ea6253607bd63fccdf073614.bundle,結局:只加入鴞隊,Branch,#Simple,2,俺はあんたに失望した。,나는 당신한테 실망했어.
ac41b849ea6253607bd63fccdf073614.bundle,結局:只加入鴞隊,Say,スイ･ニン,2,……,……
ac41b849ea6253607bd63fccdf073614.bundle,結局:只加入鴞隊,Say,スイ･ニン,3,……そうか。,……그런가.
ac41b849ea6253607bd63fccdf073614.bundle,結局:只加入鴞隊,Say,スイ･ニン,4,それが君の選択なら……,그게 네 선택이라면……
ac41b849ea6253607bd63fccdf073614.bundle,結局:只加入鴞隊,Say,スイ･ニン,5,私は受け入れよう。,받아들이겠다.
ac41b849ea6253607bd63fccdf073614.bundle,結局:炸工廠,Say,セイワ･ゲン,0,何をした！？,뭘 한 거지!?
ac41b849ea6253607bd63fccdf073614.bundle,結局:炸工廠,Say,セイワ･ゲン,1,今の揺れは何だ！？,방금 진동은 뭐지!?
ac41b849ea6253607bd63fccdf073614.bundle,結局:炸工廠,Say,スイ･ニン,0,ジェイ、まさか……,"제이, 설마……"
ac41b849ea6253607bd63fccdf073614.bundle,結局:炸工廠,Branch,#Simple,0,これこそ正しい選択だ。,이게 바로 옳은 선택이다.
ac41b849ea6253607bd63fccdf073614.bundle,結局:炸工廠,Branch,#Simple,1,あんたにできないことを俺がやってやる。,당신이 못 하는 일을 내가 해주지.
ac41b849ea6253607bd63fccdf073614.bundle,結局:炸工廠,Branch,#Simple,2,今更慌てたところで何もかも遅い。,이제 와서 허둥대봤자 전부 늦었어.
ac41b849ea6253607bd63fccdf073614.bundle,結局:炸工廠,Say,スイ･ニン,1,……,……
ac41b849ea6253607bd63fccdf073614.bundle,結局:炸工廠,Branch,#Simple,3,……,……
ac41b849ea6253607bd63fccdf073614.bundle,結局:炸工廠,Say,セイワ･ゲン,2,どういうことだ……何が起きたのだ？,무슨 일이지……무슨 일이 일어난 거지?
ac41b849ea6253607bd63fccdf073614.bundle,結局:炸工廠,Say,祖母,0,彼が爆弾を作動させ、あなたの研究施設を破壊したようだ。,"이 사람이 폭탄을 작동시켜서, 당신의 연구 시설을 파괴한 모양입니다."
ac41b849ea6253607bd63fccdf073614.bundle,結局:炸工廠,Say,セイワ･ゲン,3,な、なんだと！？！？,"뭐, 뭐라고!?!?"
ac41b849ea6253607bd63fccdf073614.bundle,結局:炸工廠,Say,セイワ･ゲン,4,な、なんてことを……！,"무, 무슨 짓을……!"
ac41b849ea6253607bd63fccdf073614.bundle,結局:炸工廠,Say,セイワ･ゲン,5,私はお終いだ……,나는 이제 끝이다……
ac41b849ea6253607bd63fccdf073614.bundle,結局:炸工廠,Say,セイワ･ゲン,6,殺して……殺してやる！自分が何を仕出かしたかわかっているのか！？,죽여……죽여버리겠어! 네가 무슨 짓을 저질렀는지 알기나 하는 거냐!?
ac41b849ea6253607bd63fccdf073614.bundle,結局:炸工廠,Say,祖母,1,落ち着いてください。,진정하세요.
ac41b849ea6253607bd63fccdf073614.bundle,結局:炸工廠,Say,祖母,2,死ぬ前に言い残したいことはあるか？,죽기 전에 남기고 싶은 말이 있나?
ac41b849ea6253607bd63fccdf073614.bundle,結局:炸工廠,Branch,#Simple,4,すまない。愛しているとリンに伝えてくれ。,미안하다. 사랑한다고 린한테 전해줘.
ac41b849ea6253607bd63fccdf073614.bundle,結局:炸工廠,Branch,#Simple,5,お前らはすべてを意のままにできると思っているようだが、それは大間違いだ。,"너희들은 모든 걸 뜻대로 할 수 있다고 생각하는 모양인데, 그건 큰 착각이다."
ac41b849ea6253607bd63fccdf073614.bundle,結局:炸工廠,Branch,#Simple,6,くたばれ、クズ共が。,"뒈져라, 쓰레기 자식들."
ac41b849ea6253607bd63fccdf073614.bundle,結局:炸工廠,Branch,#Simple,7,悲しいか、セイワ･ゲン。哀れだな。,"슬프냐, 세이와 겐. 처량하군."
ac41b849ea6253607bd63fccdf073614.bundle,結局:主角搶回控制權,Say,ジェイ･ダイ,0,もう俺の人生の邪魔はさせない……,이제 내 인생을 방해하게 두지 않겠다……
ac41b849ea6253607bd63fccdf073614.bundle,結局:主角搶回控制權,Say,ジェイ･ダイ,1,もう……,이제……
ac41b849ea6253607bd63fccdf073614.bundle,結局:主角搶回控制權,Say,ジェイ･ダイ,2,たくさんだ！,지긋지긋하다!
ac41b849ea6253607bd63fccdf073614.bundle,結局:主角搶回控制權,Say,ジェイ･ダイ,3,これで最後だ。,이걸로 마지막이다.
ac41b849ea6253607bd63fccdf073614.bundle,結局:主角搶回控制權,Say,ジェイ･ダイ,4,失せろ。,꺼져라.
ac41b849ea6253607bd63fccdf073614.bundle,兩人小跑,Say,リュウセイ･チョウ,0,急がないと、他の傭兵に追いつかれるっす。,"서두르지 않으면, 다른 용병들한테 따라잡혀요."
ac41b849ea6253607bd63fccdf073614.bundle,兩人小跑,Say,リュウセイ･チョウ,1,今から通る場所には設備が置かれていないから、傭兵たちも発砲してくるはずっす。,"지금부터 지나갈 곳에는 설비가 없으니까, 용병들도 발포해올 거예요."
ac41b849ea6253607bd63fccdf073614.bundle,兩人小跑,Say,リュウセイ･チョウ,2,そうなれば僕たちじゃ敵わないっすよ……,그렇게 되면 저희로는 못 당해요……
ac41b849ea6253607bd63fccdf073614.bundle,傭兵發現,Say,傭兵2,0,おい！,야!
ac41b849ea6253607bd63fccdf073614.bundle,傭兵發現,Say,傭兵2,1,お前らは何者だ？,너희들 뭐야?
ac41b849ea6253607bd63fccdf073614.bundle,剛進實驗室,Say,スイ･ニン,0,そこにコンソールが2つある！,저기 콘솔이 두 개 있다!
ac41b849ea6253607bd63fccdf073614.bundle,剛進實驗室,Say,スイ･ニン,1,そこに急いでハックユニットを取り付けろ！,거기 서둘러서 해킹 유닛을 붙여라!
ac41b849ea6253607bd63fccdf073614.bundle,進到實驗室裡2,Say,リュウセイ･チョウ,0,これは……！？,이건……!?
ac41b849ea6253607bd63fccdf073614.bundle,進到實驗室裡2,Say,心の声,0,……死んでいるのか？,……죽은 건가?
ac41b849ea6253607bd63fccdf073614.bundle,進到實驗室裡2,Say,スイ･ニン,0,これはなんだ……？,이건 뭐지……?
ac41b849ea6253607bd63fccdf073614.bundle,進到實驗室裡2,Say,エイコウ･フウ,0,旧バージョンで死んだサンプルだ。プロセスを向上させた際の記録みたいなものさ。,구버전에서 죽은 샘플이다. 프로세스를 개선했을 때의 기록 같은 거지.
ac41b849ea6253607bd63fccdf073614.bundle,進到實驗室裡2,Say,スイ･ニン,1,……向上？,……개선?
ac41b849ea6253607bd63fccdf073614.bundle,進到實驗室裡2,Say,エイコウ･フウ,1,さっき言ったとおりだ。,아까 말한 그대로다.
ac41b849ea6253607bd63fccdf073614.bundle,進到實驗室裡2,Say,エイコウ･フウ,2,既存の演算力ネットワークの効率を遙かに凌駕する技術。,기존 연산력 네트워크의 효율을 훨씬 능가하는 기술이지.
ac41b849ea6253607bd63fccdf073614.bundle,進到實驗室裡2,Say,エイコウ･フウ,3,……,……
ac41b849ea6253607bd63fccdf073614.bundle,進到實驗室裡2,Say,エイコウ･フウ,4,私たちは、たくさんの人間を雇って演算力を供給するのではなく、自動で演算力を供給できる脳を作ろうとした。,"우리는, 많은 사람을 고용해서 연산력을 공급하는 게 아니라, 자동으로 연산력을 공급할 수 있는 뇌를 만들려고 했다."
ac41b849ea6253607bd63fccdf073614.bundle,進到實驗室裡2,Say,エイコウ･フウ,5,しかし人の脳を作り出すのは容易ではない。ましてやそれに自動で演算力供給をさせるなんて夢のまた夢だ……,하지만 사람의 뇌를 만들어내는 건 쉽지 않다. 하물며 그게 자동으로 연산력을 공급하게 하다니 꿈도 꿈이지……
ac41b849ea6253607bd63fccdf073614.bundle,進到實驗室裡2,Say,エイコウ･フウ,6,だから私たちは人間のクローンを作り出し、その上で無駄をそぎ落とした。,"그래서 우리는 인간의 클론을 만들어내고, 그 위에 낭비를 걷어냈다."
ac41b849ea6253607bd63fccdf073614.bundle,進到實驗室裡2,Say,スイ･ニン,2,……無駄をそぎ落とす？,……낭비를 걷어낸다고?
ac41b849ea6253607bd63fccdf073614.bundle,進到實驗室裡2,Say,エイコウ･フウ,7,脳の稼働に必要なコストをそぎ落とした。,뇌를 가동하는 데 필요한 비용을 걷어냈지.
ac41b849ea6253607bd63fccdf073614.bundle,進到實驗室裡2,Say,エイコウ･フウ,8,これこそ我々のラボの優れている点だ。私たちは理論知識しか持たない学者ではない。,이게 바로 우리 랩이 뛰어난 점이다. 우리는 이론 지식만 가진 학자가 아니야.
ac41b849ea6253607bd63fccdf073614.bundle,進到實驗室裡2,Say,エイコウ･フウ,9,私たちはその知識を用いて作り出せる。だからコスト削減の重要性を理解している。,우리는 그 지식을 이용해서 만들어낼 수 있다. 그러니까 비용 절감의 중요성을 이해하고 있지.
ac41b849ea6253607bd63fccdf073614.bundle,進到實驗室裡2,Say,エイコウ･フウ,10,今、目の前にあるものは私たちの最適化の過程だ。,"지금, 눈앞에 있는 건 우리의 최적화 과정이다."
ac41b849ea6253607bd63fccdf073614.bundle,進到實驗室裡2,Say,エイコウ･フウ,11,そして私たちはやっと、安定的に演算力を供給できる単子を作り出した。,"그리고 우리는 드디어, 안정적으로 연산력을 공급할 수 있는 단자를 만들어냈다."
ac41b849ea6253607bd63fccdf073614.bundle,進到實驗室裡2,Say,リュウセイ･チョウ,1,こ、こいつは何を言っているっすか……？,"이, 이놈은 무슨 소리를 하는 거예요……?"
ac41b849ea6253607bd63fccdf073614.bundle,進到實驗室裡3,Say,リュウセイ･チョウ,0,これは……！？,이건……!?
ac41b849ea6253607bd63fccdf073614.bundle,進到實驗室裡3,Say,心の声,0,これは……人間なのか……？,이건……인간인 건가……?
ac41b849ea6253607bd63fccdf073614.bundle,進到實驗室裡3,Say,エイコウ･フウ,0,まずは稼働コストの削減だ。,우선은 가동 비용 절감이다.
ac41b849ea6253607bd63fccdf073614.bundle,進到實驗室裡3,Say,エイコウ･フウ,1,肢体を切り落とし、一部の臓器を摘出すれば、必要な栄養を削減できる。,"사지를 잘라내고, 일부 장기를 적출하면, 필요한 영양을 줄일 수 있지."
ac41b849ea6253607bd63fccdf073614.bundle,進到實驗室裡6,Say,エイコウ･フウ,0,完成だ。,완성이다.
ac41b849ea6253607bd63fccdf073614.bundle,進到實驗室裡6,Say,エイコウ･フウ,1,……大体こんな感じだな。,……대충 이런 느낌이군.
ac41b849ea6253607bd63fccdf073614.bundle,進到實驗室裡6,Say,リュウセイ･チョウ,0,このクズが……！！,이 쓰레기 자식이……!!
ac41b849ea6253607bd63fccdf073614.bundle,進到實驗室裡6,Say,スイ･ニン,0,……,……
ac41b849ea6253607bd63fccdf073614.bundle,進到實驗室裡6,Say,スイ･ニン,1,……彼はまだ生きているのか？,……이 사람은 아직 살아 있는 건가?
ac41b849ea6253607bd63fccdf073614.bundle,進到實驗室裡6,Say,エイコウ･フウ,2,もちろん。意識もちゃんとある。意識がないと演算力を供給してもらえないからな。,물론이지. 의식도 제대로 있어. 의식이 없으면 연산력을 공급받을 수 없으니까.
ac41b849ea6253607bd63fccdf073614.bundle,進到實驗室裡6,Say,エイコウ･フウ,3,またクローンを作る過程で急成長させたため、自己意識が存在しない。,"게다가 클론을 만드는 과정에서 급성장시켰기 때문에, 자아의식은 존재하지 않아."
ac41b849ea6253607bd63fccdf073614.bundle,進到實驗室裡6,Say,エイコウ･フウ,4,だからその脳を稼働させるためにも人間の意識を植え込む必要がある。,그래서 그 뇌를 가동시키기 위해서도 인간의 의식을 이식할 필요가 있지.
ac41b849ea6253607bd63fccdf073614.bundle,進到實驗室裡6,Say,スイ･ニン,2,……どういう意味だ？,……무슨 뜻이지?
ac41b849ea6253607bd63fccdf073614.bundle,進到實驗室裡6,Say,エイコウ･フウ,5,我々は万象の演算工場の中から、演算力供給を行っているマイナーを一人選ぶ。,"우리는 완샹의 연산 공장 중에서, 연산력을 공급하고 있는 채굴자를 한 명 고른다."
ac41b849ea6253607bd63fccdf073614.bundle,進到實驗室裡6,Say,エイコウ･フウ,6,そして彼らの人格、記憶をコピーして、その脳に植え込む。,"그리고 그들의 인격, 기억을 복제해서, 그 뇌에 이식하지."
ac41b849ea6253607bd63fccdf073614.bundle,進到實驗室裡6,Say,心の声,0,……コピーだと！？,……복제라니!?
ac41b849ea6253607bd63fccdf073614.bundle,進到實驗室裡6,Say,リュウセイ･チョウ,1,待て……,잠깐……
ac41b849ea6253607bd63fccdf073614.bundle,進到實驗室裡6,Say,リュウセイ･チョウ,2,そんなことをしたら、彼はもう人間そのものじゃないか！,"그런 짓을 하면, 이건 이미 인간 그 자체잖아!"
ac41b849ea6253607bd63fccdf073614.bundle,進到實驗室裡6,Say,リュウセイ･チョウ,3,これが人間じゃないと言えるのか！？,이게 인간이 아니라고 말할 수 있는 거야!?
ac41b849ea6253607bd63fccdf073614.bundle,進到實驗室裡6,Say,心の声,1,セラーにいる誰にでも起こりうることか……,지하실에 있는 누구한테든 일어날 수 있는 일인가……
ac41b849ea6253607bd63fccdf073614.bundle,進到實驗室裡6,Say,エイコウ･フウ,7,まず念を押させてもらうが、これは人間ではない……,"우선 재차 확인해두겠는데, 이건 인간이 아니야……"
ac41b849ea6253607bd63fccdf073614.bundle,進到實驗室裡6,Say,リュウセイ･チョウ,4,<y>スイ姉……！</y>,<y>스이 누나……!</y>
ac41b849ea6253607bd63fccdf073614.bundle,進到實驗室裡6,Say,リュウセイ･チョウ,5,こ、この人を助けないと……！,"이, 이 사람을 구해야……!"
ac41b849ea6253607bd63fccdf073614.bundle,進到實驗室裡6,Say,エイコウ･フウ,8,この「人」……？,이 '사람'……?
ac41b849ea6253607bd63fccdf073614.bundle,進到實驗室裡6,Say,エイコウ･フウ,9,もう一度言うが、これは人間ではない。,"다시 한번 말하지만, 이건 인간이 아니야."
ac41b849ea6253607bd63fccdf073614.bundle,進到實驗室裡6,Say,エイコウ･フウ,10,人間のDNAを用いて作り出した生物機械だ。,인간의 DNA를 이용해서 만들어낸 생물 기계다.
ac41b849ea6253607bd63fccdf073614.bundle,進到實驗室裡6,Say,エイコウ･フウ,11,彼らは人間にはなれない。人間とは別の存在だ。,그것들은 인간이 될 수 없어. 인간과는 다른 존재지.
ac41b849ea6253607bd63fccdf073614.bundle,進到實驗室裡6,Say,スイ･ニン,3,……ならば、せめて安らかに眠らせてあげよう。,"……그렇다면, 적어도 편안히 잠들게 해주자."
ac41b849ea6253607bd63fccdf073614.bundle,進到實驗室裡6,Say,リュウセイ･チョウ,6,本当に助ける方法はないっすか……？,정말로 구할 방법은 없는 거예요……?
ac41b849ea6253607bd63fccdf073614.bundle,進到實驗室裡6,Branch,#Simple,0,まだ助ける方法はあるはずだ。,아직 구할 방법이 있을 거다.
ac41b849ea6253607bd63fccdf073614.bundle,進到實驗室裡6,Say,スイ･ニン,4,いや……,아니……
ac41b849ea6253607bd63fccdf073614.bundle,進到實驗室裡6,Branch,#Simple,1,眠らせてやるべきだ。,잠들게 해줘야 한다.
ac41b849ea6253607bd63fccdf073614.bundle,進到實驗室裡6,Say,リュウセイ･チョウ,7,でも……,근데……
ac41b849ea6253607bd63fccdf073614.bundle,進到實驗室裡6,Say,スイ･ニン,5,リュウセイ。,류세이.
ac41b849ea6253607bd63fccdf073614.bundle,進到實驗室裡6,Say,スイ･ニン,6,私たちにできることは、一刻も早くこの人を苦しみから解放してあげることだ。,"우리가 할 수 있는 건, 한시라도 빨리 이 사람을 고통에서 해방시켜주는 것이다."
ac41b849ea6253607bd63fccdf073614.bundle,進到實驗室裡6,Say,スイ･ニン,7,ジェイ、リュウセイ……,"제이, 류세이……"
ac41b849ea6253607bd63fccdf073614.bundle,進到實驗室裡6,Say,エイコウ･フウ,12,そんなことをしても意味はない……,그런 짓을 해봤자 의미는 없어……
ac41b849ea6253607bd63fccdf073614.bundle,進到實驗室裡6,Say,スイ･ニン,8,……何？,……뭐라고?
ac41b849ea6253607bd63fccdf073614.bundle,進到實驗室裡6,Say,エイコウ･フウ,13,……,……
ac41b849ea6253607bd63fccdf073614.bundle,進到實驗室裡6,Say,エイコウ･フウ,14,その目で見るといい。,그 눈으로 직접 봐.
ac41b849ea6253607bd63fccdf073614.bundle,進到實驗室裡7,Say,エイコウ･フウ,0,壮観だろう……,장관이지……
ac41b849ea6253607bd63fccdf073614.bundle,進到實驗室裡7,Say,エイコウ･フウ,1,このプロジェクトが礎となり……,이 프로젝트가 초석이 되어……
ac41b849ea6253607bd63fccdf073614.bundle,進到實驗室裡7,Say,エイコウ･フウ,2,社会は大きく発展するのだ。,사회는 크게 발전하는 것이다.
ac41b849ea6253607bd63fccdf073614.bundle,進到實驗室裡7,Say,心の声,0,凄まじい数だ……,어마어마한 숫자다……
ac41b849ea6253607bd63fccdf073614.bundle,進到實驗室裡7,Say,リュウセイ･チョウ,0,まさか、あれは全部……,"설마, 저게 전부……"
ac41b849ea6253607bd63fccdf073614.bundle,進到實驗室裡7,Say,心の声,1,これが万象が隠してきた秘密……,이게 완샹이 숨겨온 비밀……
ac41b849ea6253607bd63fccdf073614.bundle,進到實驗室裡7,Say,心の声,2,多すぎる……,너무 많다……
ac41b849ea6253607bd63fccdf073614.bundle,進到實驗室裡7,Say,スイ･ニン,0,……,……
ac41b849ea6253607bd63fccdf073614.bundle,進到實驗室裡7,Say,エイコウ･フウ,3,……,……
ac41b849ea6253607bd63fccdf073614.bundle,進到實驗室裡7,Say,エイコウ･フウ,4,私はずっとここをラボと呼んでいたが、訂正しよう。,"나는 계속 이곳을 랩이라고 불렀지만, 정정하지."
ac41b849ea6253607bd63fccdf073614.bundle,進到實驗室裡7,Say,エイコウ･フウ,5,ここはすでに工場として稼働している。研究施設はほんの一部に過ぎない。,여기는 이미 공장으로 가동되고 있다. 연구 시설은 극히 일부에 불과해.
ac41b849ea6253607bd63fccdf073614.bundle,進到實驗室裡7,Say,エイコウ･フウ,6,もう理解しただろう。,이제 이해했겠지.
ac41b849ea6253607bd63fccdf073614.bundle,進到實驗室裡7,Say,エイコウ･フウ,7,この個体を殺しても……,이 개체를 죽여도……
ac41b849ea6253607bd63fccdf073614.bundle,進到實驗室裡7,Say,エイコウ･フウ,8,助けたとしても……,구해준다 해도……
ac41b849ea6253607bd63fccdf073614.bundle,進到實驗室裡7,Say,エイコウ･フウ,9,意味はない。,의미는 없다.
ac41b849ea6253607bd63fccdf073614.bundle,進到實驗室裡7,Say,エイコウ･フウ,10,このプロジェクトの偉大さが理解できたか？,이 프로젝트의 위대함을 이해했나?
ac41b849ea6253607bd63fccdf073614.bundle,進到實驗室裡7,Say,エイコウ･フウ,11,我々は己の力だけで、新たに奴隷を作り出したのだ！,"우리는 우리 힘만으로, 새로운 노예를 만들어낸 것이다!"
ac41b849ea6253607bd63fccdf073614.bundle,進到實驗室裡7,Say,エイコウ･フウ,12,皆が理解しているとおり、演算力産業は社会の最下層を搾取している。,"다들 알다시피, 연산력 산업은 사회 최하층을 착취하고 있다."
ac41b849ea6253607bd63fccdf073614.bundle,進到實驗室裡7,Say,エイコウ･フウ,13,だが我々が作り出したこの技術は、彼らを唯一解放できる！,"하지만 우리가 만들어낸 이 기술은, 그들을 유일하게 해방시킬 수 있다!"
ac41b849ea6253607bd63fccdf073614.bundle,進到實驗室裡7,Say,スイ･ニン,1,<y>この事実をいつまでもひた隠しにできると、本当に思っているのか！？</y>,"<y>이 사실을 언제까지고 숨길 수 있다고, 정말로 생각하는 건가!?</y>"
ac41b849ea6253607bd63fccdf073614.bundle,進到實驗室裡7,Say,エイコウ･フウ,14,そんなバカげたことは思っていない。,그런 어리석은 생각은 하지 않는다.
ac41b849ea6253607bd63fccdf073614.bundle,進到實驗室裡7,Say,エイコウ･フウ,15,この研究はいずれ世間に公表される。だが今ではない……,이 연구는 언젠가 세상에 공표될 거다. 하지만 지금은 아니지……
ac41b849ea6253607bd63fccdf073614.bundle,進到實驗室裡7,Say,スイ･ニン,2,社会がこんなものを受け入れると思っているのか？,사회가 이런 걸 받아들일 거라고 생각하는 건가?
ac41b849ea6253607bd63fccdf073614.bundle,進到實驗室裡7,Say,エイコウ･フウ,16,……も、もちろんだ！,"……무, 물론이다!"
ac41b849ea6253607bd63fccdf073614.bundle,進到實驗室裡7,Say,エイコウ･フウ,17,……,……
ac41b849ea6253607bd63fccdf073614.bundle,進到實驗室裡7,Say,エイコウ･フウ,18,……,……
ac41b849ea6253607bd63fccdf073614.bundle,進到實驗室裡7,Say,エイコウ･フウ,19,君……,자네……
ac41b849ea6253607bd63fccdf073614.bundle,進到實驗室裡7,Say,エイコウ･フウ,20,まさか理想主義者か……？,설마 이상주의자인가……?
ac41b849ea6253607bd63fccdf073614.bundle,進到實驗室裡7,Say,スイ･ニン,3,……何の話だ？,……무슨 소리지?
ac41b849ea6253607bd63fccdf073614.bundle,進到實驗室裡7,Say,エイコウ･フウ,21,こ、これは血肉でできた、ただの機械だ……,"이, 이건 피와 살로 만들어진, 그냥 기계일 뿐이야……"
ac41b849ea6253607bd63fccdf073614.bundle,進到實驗室裡7,Say,エイコウ･フウ,22,こんなものに一般市民は同情しない……ましてや反対なんてあり得ない！,이런 것에 일반 시민은 동정하지 않아……하물며 반대 같은 건 있을 수 없어!
ac41b849ea6253607bd63fccdf073614.bundle,進到實驗室裡7,Say,エイコウ･フウ,23,これは自分とは全く異なる「もの」なのだから。,이건 자기와는 전혀 다른 '것'이니까.
ac41b849ea6253607bd63fccdf073614.bundle,進到實驗室裡7,Say,スイ･ニン,4,……,……
ac41b849ea6253607bd63fccdf073614.bundle,進到實驗室裡7,Say,エイコウ･フウ,24,き、君も本当はわかっているのだろう……？,"너, 너도 사실은 알고 있잖아……?"
ac41b849ea6253607bd63fccdf073614.bundle,進到實驗室裡7,Say,エイコウ･フウ,25,地下深くでこれが稼働し続ければ、彼らは便利な日常を享受できる……,"지하 깊은 곳에서 이게 계속 가동되면, 그들은 편리한 일상을 누릴 수 있다……"
ac41b849ea6253607bd63fccdf073614.bundle,進到實驗室裡7,Say,エイコウ･フウ,26,人々はその大きなメリットにすぐ気づくはずだ。,사람들은 그 큰 이점을 금방 깨닫게 될 거야.
ac41b849ea6253607bd63fccdf073614.bundle,進到實驗室裡7,Say,エイコウ･フウ,27,これに目を向けなければ……,이걸 외면하기만 하면……
ac41b849ea6253607bd63fccdf073614.bundle,進到實驗室裡7,Say,スイ･ニン,5,目を向けなければ、存在しないことになると言いたいのか？,"외면하면, 존재하지 않는 게 된다고 말하고 싶은 건가?"
ac41b849ea6253607bd63fccdf073614.bundle,進到實驗室裡7,Say,エイコウ･フウ,28,そうじゃない……,그게 아니야……
ac41b849ea6253607bd63fccdf073614.bundle,進到實驗室裡7,Say,エイコウ･フウ,29,気にしなくなる。,신경 쓰지 않게 된다.
ac41b849ea6253607bd63fccdf073614.bundle,進到實驗室裡7,Say,エイコウ･フウ,30,そう言いたいだけだ。,그렇게 말하고 싶을 뿐이야.
ac41b849ea6253607bd63fccdf073614.bundle,進到實驗室裡7,Say,スイ･ニン,6,……,……
ac41b849ea6253607bd63fccdf073614.bundle,實驗室接露後,Say,スイ･ニン,0,……,……
ac41b849ea6253607bd63fccdf073614.bundle,實驗室接露後,Say,リュウセイ･チョウ,0,スイ姉……,스이 누나……
ac41b849ea6253607bd63fccdf073614.bundle,實驗室接露後,Say,スイ･ニン,1,限界だ……,한계다……
ac41b849ea6253607bd63fccdf073614.bundle,實驗室接露後,Say,スイ･ニン,2,こいつらはこんなことを正当化できるほど……,이놈들은 이런 짓을 정당화할 수 있을 만큼……
ac41b849ea6253607bd63fccdf073614.bundle,實驗室接露後,Say,スイ･ニン,3,道徳や常識が欠如していたのか……,도덕이나 상식이 결여되어 있었던 건가……
ac41b849ea6253607bd63fccdf073614.bundle,實驗室接露後,Say,スイ･ニン,4,……,……
ac41b849ea6253607bd63fccdf073614.bundle,實驗室接露後,Say,スイ･ニン,5,二人とも、ハックユニットを取り付けたら、こっちへ来い。,"둘 다, 해킹 유닛을 붙였으면, 이쪽으로 와."
ac41b849ea6253607bd63fccdf073614.bundle,鴞隊登場,Say,セイワ･ゲン,0,あ、あなたたちは……！,"다, 당신들은……!"
ac41b849ea6253607bd63fccdf073614.bundle,鴞隊登場,Say,セイワ･ゲン,1,来るのが遅いぞ……！,오는 게 늦었잖아……!
ac41b849ea6253607bd63fccdf073614.bundle,結局:主角搶回控制權2,Say,ジェイ･ダイ,0,俺はお前を信用できない。,나는 너를 신용할 수 없다.
ac41b849ea6253607bd63fccdf073614.bundle,結局:主角搶回控制權2,Say,スイ･ニン,0,ジェイ……,제이……
ac41b849ea6253607bd63fccdf073614.bundle,結局:主角搶回控制權2,Say,ジェイ･ダイ,1,フクロウには入るが、お前との関係を絶つ。,"부엉이에는 들어가지만, 너와의 관계는 끊는다."
ac41b849ea6253607bd63fccdf073614.bundle,結局:主角搶回控制權2,Say,ジェイ･ダイ,2,俺はお前の言う正義に……,나는 네가 말하는 정의에……
ac41b849ea6253607bd63fccdf073614.bundle,結局:主角搶回控制權2,Say,ジェイ･ダイ,3,興味がない。,흥미 없다.
ac41b849ea6253607bd63fccdf073614.bundle,結局:主角搶回控制權2,Say,ジェイ･ダイ,4,これからは……,앞으로는……
ac41b849ea6253607bd63fccdf073614.bundle,結局:主角搶回控制權2,Say,ジェイ･ダイ,5,俺のやり方でリンを守る。,내 방식대로 린을 지키겠다.
ac41b849ea6253607bd63fccdf073614.bundle,實驗室接露後2,Say,スイ･ニン,0,作戦変更だ。,작전 변경이다.
ac41b849ea6253607bd63fccdf073614.bundle,實驗室接露後2,Say,スイ･ニン,1,この施設を爆破させる。,이 시설을 폭파시키겠다.
ac41b849ea6253607bd63fccdf073614.bundle,實驗室接露後2,Say,リュウセイ･チョウ,0,何だって！？,뭐라고!?
ac41b849ea6253607bd63fccdf073614.bundle,實驗室接露後2,Say,心の声,0,……,……
ac41b849ea6253607bd63fccdf073614.bundle,實驗室接露後2,Say,スイ･ニン,2,この施設は地下深くに存在するため、破壊しても地上への影響はないはずだ。,"이 시설은 지하 깊숙이 있어서, 파괴해도 지상에는 영향이 없을 거다."
ac41b849ea6253607bd63fccdf073614.bundle,實驗室接露後2,Say,リュウセイ･チョウ,1,ま、待ってくださいっす……！,"자, 잠깐만요……!"
ac41b849ea6253607bd63fccdf073614.bundle,實驗室接露後2,Say,スイ･ニン,3,まずはあの人たちを解放してあげないと……,우선 그 사람들을 풀어줘야 한다……
ac41b849ea6253607bd63fccdf073614.bundle,實驗室接露後2,Say,スイ･ニン,4,この場所は、法律、また道徳の観点からも許されない存在だ。,"이곳은, 법률적으로도, 도덕적으로도 용납될 수 없는 존재다."
ac41b849ea6253607bd63fccdf073614.bundle,實驗室接露後2,Say,スイ･ニン,5,それはいくら万象が大企業であっても、変えることのできない事実だ。,"그건 아무리 완샹이 대기업이라 해도, 바꿀 수 없는 사실이다."
ac41b849ea6253607bd63fccdf073614.bundle,實驗室接露後2,Say,スイ･ニン,6,ここに虐待されている人はいない。ホワイトリザードからの情報は最初から嘘だった……,여기에 학대당하는 사람은 없다. 화이트 리자드한테서 받은 정보는 처음부터 거짓이었다……
ac41b849ea6253607bd63fccdf073614.bundle,實驗室接露後2,Say,スイ･ニン,7,ならば、この施設を破壊しても問題はないはずだ。,"그렇다면, 이 시설을 파괴해도 문제는 없을 거다."
ac41b849ea6253607bd63fccdf073614.bundle,實驗室接露後2,Say,スイ･ニン,8,もう万象と交渉する必要はない。すぐにでも、この場所を破壊するべきだ。,"이제 완샹과 협상할 필요는 없다. 당장에라도, 이곳을 파괴해야 한다."
ac41b849ea6253607bd63fccdf073614.bundle,實驗室接露後2,Say,リュウセイ･チョウ,2,問題ないって……,문제없다니……
ac41b849ea6253607bd63fccdf073614.bundle,實驗室接露後2,Say,リュウセイ･チョウ,3,スイ姉の命はどうなるっすか？,스이 누나 목숨은 어떻게 되는데요?
ac41b849ea6253607bd63fccdf073614.bundle,實驗室接露後2,Say,スイ･ニン,9,……私に死ぬつもりはない。,……나는 죽을 생각 없다.
ac41b849ea6253607bd63fccdf073614.bundle,實驗室接露後2,Say,リュウセイ･チョウ,4,23姉がいないからって、自暴自棄になったんすか？,"23 누나가 없다고, 자포자기한 거예요?"
ac41b849ea6253607bd63fccdf073614.bundle,實驗室接露後2,Say,スイ･ニン,10,……,……
ac41b849ea6253607bd63fccdf073614.bundle,實驗室接露後2,Say,リュウセイ･チョウ,5,ホワイトリザードの情報が嘘なら、彼はスイ姉をわざとこの場所におびき寄せたってことっすよね？,"화이트 리자드의 정보가 거짓이라면, 그놈이 일부러 스이 누나를 이곳으로 유인했다는 거잖아요?"
ac41b849ea6253607bd63fccdf073614.bundle,實驗室接露後2,Say,リュウセイ･チョウ,6,じゃ、絶対に罠っすよ。,"그럼, 틀림없이 함정이라고요."
ac41b849ea6253607bd63fccdf073614.bundle,實驗室接露後2,Say,スイ･ニン,11,それには同意するが、私なら罠に対処できる。,"그 점은 동의하지만, 나라면 함정에 대처할 수 있다."
ac41b849ea6253607bd63fccdf073614.bundle,實驗室接露後2,Say,スイ･ニン,12,私はもう決めたのだ。,나는 이미 결정했다.
ac41b849ea6253607bd63fccdf073614.bundle,實驗室接露後2,Say,リュウセイ･チョウ,7,……,……
ac41b849ea6253607bd63fccdf073614.bundle,實驗室接露後2,Branch,#Simple,0,俺たちは何をすればいい。,우리는 뭘 하면 되지?
ac41b849ea6253607bd63fccdf073614.bundle,實驗室接露後2,Say,スイ･ニン,13,……,……
ac41b849ea6253607bd63fccdf073614.bundle,實驗室接露後2,Branch,#Simple,1,また命を賭けるつもりはないからな。,또 목숨을 걸 생각은 없으니까.
ac41b849ea6253607bd63fccdf073614.bundle,實驗室接露後2,Say,スイ･ニン,14,そんなことをする必要はない。,그럴 필요는 없다.
ac41b849ea6253607bd63fccdf073614.bundle,實驗室接露後2,Branch,#Simple,2,……,……
ac41b849ea6253607bd63fccdf073614.bundle,實驗室接露後2,Say,スイ･ニン,15,ハックユニットを頼む。,해킹 유닛을 부탁한다.
ac41b849ea6253607bd63fccdf073614.bundle,實驗室接露後2,Say,スイ･ニン,16,彼らの悪行を公にするためにも、まずここのすべての資料をコピーする必要がある。,"그들의 악행을 공개하기 위해서라도, 우선 이곳의 모든 자료를 복사할 필요가 있다."
ac41b849ea6253607bd63fccdf073614.bundle,實驗室接露後2,Say,スイ･ニン,17,私は今からここを爆破させる準備に取りかかる。,나는 지금부터 이곳을 폭파시킬 준비에 들어가겠다.
ac41b849ea6253607bd63fccdf073614.bundle,實驗室接露後2,Say,リュウセイ･チョウ,8,……,……
ac41b849ea6253607bd63fccdf073614.bundle,實驗室接露後2,Say,スイ･ニン,18,ここの施設の何箇所かに爆発物が貯蔵されている。,이 시설의 몇몇 곳에 폭발물이 저장되어 있다.
ac41b849ea6253607bd63fccdf073614.bundle,實驗室接露後2,Say,スイ･ニン,19,私はそれらの場所と、構造的に弱い部分に爆弾を仕掛ける。,"나는 그 장소들이랑, 구조적으로 약한 부분에 폭탄을 설치하겠다."
ac41b849ea6253607bd63fccdf073614.bundle,實驗室接露後2,Say,スイ･ニン,20,そして警報システムが復旧したのち、私は直ちに騒動を起こし、敵の注意を惹きつける。,"그리고 경보 시스템이 복구된 후, 나는 즉시 소란을 일으켜서, 적의 주의를 끌겠다."
ac41b849ea6253607bd63fccdf073614.bundle,實驗室接露後2,Say,スイ･ニン,21,君たちには二つの選択肢がある。,너희들한테는 두 가지 선택지가 있다.
ac41b849ea6253607bd63fccdf073614.bundle,實驗室接露後2,Say,スイ･ニン,22,本来の作戦通りにシロキューへ戻り、ここから脱出するか……,"원래 작전대로 시로큐로 돌아가서, 여기서 탈출하거나……"
ac41b849ea6253607bd63fccdf073614.bundle,實驗室接露後2,Say,スイ･ニン,23,または私が敵の注意を惹きつけている間に、セイワ･ゲンを追うかだ。,"아니면 내가 적의 주의를 끄는 동안, 세이와 겐을 쫓거나다."
ac41b849ea6253607bd63fccdf073614.bundle,實驗室接露後2,Say,心の声,1,セイワ･ゲンもここにいるのか……？,세이와 겐도 여기 있는 건가……?
ac41b849ea6253607bd63fccdf073614.bundle,實驗室接露後2,Say,スイ･ニン,24,リュウセイ、警備室で彼の入館記録を見たのだろう？,"류세이, 경비실에서 그놈의 입관 기록을 봤겠지?"
ac41b849ea6253607bd63fccdf073614.bundle,實驗室接露後2,Say,リュウセイ･チョウ,9,……はい。ここを視察しに来ているみたいっす。,……네. 이곳을 시찰하러 온 것 같아요.
ac41b849ea6253607bd63fccdf073614.bundle,實驗室接露後2,Say,リュウセイ･チョウ,10,でも……,근데……
ac41b849ea6253607bd63fccdf073614.bundle,實驗室接露後2,Say,スイ･ニン,25,我々がここに侵入したことは、セイワ･ゲンと万象の上層部にすぐ知れ渡る。,"우리가 이곳에 침입한 사실은, 세이와 겐과 완샹 상층부한테 곧 알려질 거다."
ac41b849ea6253607bd63fccdf073614.bundle,實驗室接露後2,Say,スイ･ニン,26,我々がこれを公にするつもりだと知れば、彼らはすぐにでも国外へ逃げるはずだ。,"우리가 이걸 공개할 생각이라는 걸 알면, 그들은 당장에라도 국외로 도망칠 거다."
ac41b849ea6253607bd63fccdf073614.bundle,實驗室接露後2,Say,スイ･ニン,27,おそらくセイワ･ゲンはすでにここから去ろうとしている。つまりこれが彼を捕まえる最後のチャンスだ。,아마 세이와 겐은 이미 이곳을 떠나려 하고 있을 거다. 즉 이게 그놈을 잡을 마지막 기회다.
ac41b849ea6253607bd63fccdf073614.bundle,實驗室接露後2,Say,スイ･ニン,28,私はもう行くが……,나는 이제 가지만……
ac41b849ea6253607bd63fccdf073614.bundle,實驗室接露後2,Say,スイ･ニン,29,これを渡しておく。,이걸 넘겨주겠다.
ac41b849ea6253607bd63fccdf073614.bundle,實驗室接露後2,Say,心の声,2,爆弾のスイッチ……！？,폭탄 스위치……!?
ac41b849ea6253607bd63fccdf073614.bundle,實驗室接露後2,Say,スイ･ニン,30,もしセイワ･ゲンを追うつもりなら、きっとこれが役に立つはずだ。,"만약 세이와 겐을 쫓을 생각이라면, 분명 이게 도움이 될 거다."
ac41b849ea6253607bd63fccdf073614.bundle,實驗室接露後2,Branch,#Simple,3,何に使えと言うんだ？,뭐에 쓰라는 거지?
ac41b849ea6253607bd63fccdf073614.bundle,實驗室接露後2,Say,スイ･ニン,31,もし敵に捕まった場合は、それを使って交渉するといい。,"만약 적한테 붙잡히면, 그걸 써서 협상하면 된다."
ac41b849ea6253607bd63fccdf073614.bundle,實驗室接露後2,Say,リュウセイ･チョウ,11,ここを爆破すると脅すってことっすか……,여기를 폭파하겠다고 협박하라는 거예요……
ac41b849ea6253607bd63fccdf073614.bundle,實驗室接露後2,Say,スイ･ニン,32,ああ。,그래.
ac41b849ea6253607bd63fccdf073614.bundle,實驗室接露後2,Say,リュウセイ･チョウ,12,それと……スイ姉が爆破できなかった時の保険でもあるんでしょ……,그리고……스이 누나가 폭파 못 했을 때의 보험이기도 한 거죠……
ac41b849ea6253607bd63fccdf073614.bundle,實驗室接露後2,Say,スイ･ニン,33,……,……
ac41b849ea6253607bd63fccdf073614.bundle,實驗室接露後2,Branch,#Simple,4,……,……
ac41b849ea6253607bd63fccdf073614.bundle,實驗室接露後2,Say,スイ･ニン,34,もう時間がない。,이제 시간이 없다.
ac41b849ea6253607bd63fccdf073614.bundle,實驗室接露後2,Say,スイ･ニン,35,データのコピーが終わり次第、決断してほしい。,"데이터 복사가 끝나는 대로, 결단을 내려줬으면 한다."
ac41b849ea6253607bd63fccdf073614.bundle,實驗室接露後2,Say,スイ･ニン,36,……,……
ac41b849ea6253607bd63fccdf073614.bundle,實驗室接露後2,Say,スイ･ニン,37,ではまた後で会おう。,그럼 나중에 다시 보자.
ac41b849ea6253607bd63fccdf073614.bundle,看自己的破解器,Say,心の声,0,大丈夫そうだな……,괜찮아 보이는군……
ac41b849ea6253607bd63fccdf073614.bundle,看自己的破解器,Say,汎用画面,0,システム……エラー……,시스템……오류……
ac41b849ea6253607bd63fccdf073614.bundle,看自己的破解器,Say,汎用画面,1,データコピー……か……完了……,데이터 복사……완……료……
ac41b849ea6253607bd63fccdf073614.bundle,看自己的破解器,Say,汎用画面,2,権限……以上……,권한……이상……
ac41b849ea6253607bd63fccdf073614.bundle,看自己的破解器,Say,汎用画面,3,研究主任……確認……,연구 주임……확인……
ac41b849ea6253607bd63fccdf073614.bundle,看自己的破解器,Say,汎用画面,4,閲覧する情報をお選びください。,열람할 정보를 선택해주세요.
ac41b849ea6253607bd63fccdf073614.bundle,看自己的破解器,Branch,#Simple,0,[施設のお知らせ],[시설 공지]
ac41b849ea6253607bd63fccdf073614.bundle,看自己的破解器,Say,汎用画面,5,閲覧する内容をお選びください。,열람할 내용을 선택해주세요.
ac41b849ea6253607bd63fccdf073614.bundle,看自己的破解器,Branch,#Simple,1,[計画の変更について],[계획 변경에 대하여]
ac41b849ea6253607bd63fccdf073614.bundle,看自己的破解器,Say,汎用画面,6,万象演算力事業部、執行官のセイワ･ゲンから皆さんにご報告があります。,"완샹 연산력 사업부, 집행관 세이와 겐이 여러분께 보고드립니다."
ac41b849ea6253607bd63fccdf073614.bundle,看自己的破解器,Say,汎用画面,7,眠り神プロジェクトの素晴らしい成果により、競合相手との技術差は明らかとなりました。,"수면신 프로젝트의 훌륭한 성과 덕분에, 경쟁사와의 기술 격차가 명확해졌습니다."
ac41b849ea6253607bd63fccdf073614.bundle,看自己的破解器,Say,汎用画面,8,皆さんの絶え間ない努力に感謝いたします。,여러분의 끊임없는 노력에 감사드립니다.
ac41b849ea6253607bd63fccdf073614.bundle,看自己的破解器,Say,汎用画面,9,しかしマーケッティング部の分析の結果、研究の優先度が第一線から下げられました。,"그러나 마케팅부의 분석 결과, 연구의 우선순위가 최전선에서 낮아졌습니다."
ac41b849ea6253607bd63fccdf073614.bundle,看自己的破解器,Say,汎用画面,10,我々の技術の優位は確実なものとなったため、資源を他のプロジェクトに回す予定です。,"우리 기술의 우위가 확실해졌으므로, 자원을 다른 프로젝트로 돌릴 예정입니다."
ac41b849ea6253607bd63fccdf073614.bundle,看自己的破解器,Say,汎用画面,11,これは眠り神プロジェクトが終わったということではありません。,이는 수면신 프로젝트가 끝났다는 뜻이 아닙니다.
ac41b849ea6253607bd63fccdf073614.bundle,看自己的破解器,Say,汎用画面,12,しかし人員の異動は発生すると思いますので、ご理解ください。,"다만 인원 이동이 발생할 수 있으니, 양해 부탁드립니다."
ac41b849ea6253607bd63fccdf073614.bundle,看自己的破解器,Say,汎用画面,13,以上。,이상.
ac41b849ea6253607bd63fccdf073614.bundle,看自己的破解器,Branch,#Simple,2,[産業スパイに注意！],[산업 스파이 주의!]
ac41b849ea6253607bd63fccdf073614.bundle,看自己的破解器,Say,汎用画面,14,ご存じかと思いますが、数ヶ月前に眠り神の情報漏えいがありました。,"아시다시피, 몇 달 전 수면신 정보 유출이 있었습니다."
ac41b849ea6253607bd63fccdf073614.bundle,看自己的破解器,Say,汎用画面,15,最近掴んだ本社からの情報によれば、我が社の競合企業が産業スパイを雇い、我が社の機密情報を狙っているそうです。,"최근 본사에서 입수한 정보에 따르면, 우리 회사의 경쟁 기업이 산업 스파이를 고용해서, 우리 회사의 기밀 정보를 노리고 있다고 합니다."
ac41b849ea6253607bd63fccdf073614.bundle,看自己的破解器,Say,汎用画面,16,そのため皆さんは同僚の行動に注意を払い、怪しい行動は直ちに報告を徹底してください。,"따라서 여러분은 동료의 행동에 주의를 기울이고, 수상한 행동은 즉시 보고를 철저히 해주십시오."
ac41b849ea6253607bd63fccdf073614.bundle,看自己的破解器,Say,汎用画面,17,またスパイを発見した者には報酬が与えられます。,또한 스파이를 발견한 자에게는 보상이 지급됩니다.
ac41b849ea6253607bd63fccdf073614.bundle,看自己的破解器,Say,汎用画面,18,以上。,이상.
ac41b849ea6253607bd63fccdf073614.bundle,看自己的破解器,Branch,#Simple,3,[警備について],[경비에 대하여]
ac41b849ea6253607bd63fccdf073614.bundle,看自己的破解器,Say,汎用画面,19,警備隊副隊長のセイ･ラです。,경비대 부대장 세이 라입니다.
ac41b849ea6253607bd63fccdf073614.bundle,看自己的破解器,Say,汎用画面,20,本日、ロビーの警備数がいつもより少なくなります。,"오늘, 로비 경비 인원이 평소보다 적어집니다."
ac41b849ea6253607bd63fccdf073614.bundle,看自己的破解器,Say,汎用画面,21,しかし皆様にはいつも通りご利用いただければと思います。,그러나 여러분께서는 평소대로 이용해주시면 됩니다.
ac41b849ea6253607bd63fccdf073614.bundle,看自己的破解器,Say,汎用画面,22,以上。,이상.
ac41b849ea6253607bd63fccdf073614.bundle,看自己的破解器,Branch,#Simple,4,[戻る],[뒤로]
ac41b849ea6253607bd63fccdf073614.bundle,看自己的破解器,Branch,#Simple,5,[会議記録],[회의 기록]
ac41b849ea6253607bd63fccdf073614.bundle,看自己的破解器,Say,汎用画面,23,閲覧する内容をお選びください。,열람할 내용을 선택해주세요.
ac41b849ea6253607bd63fccdf073614.bundle,看自己的破解器,Branch,#Simple,6,会議記録T02B_自己意識の複製,회의 기록 T02B_자아의식 복제
ac41b849ea6253607bd63fccdf073614.bundle,看自己的破解器,Say,汎用画面,24,演算個体に植え込んだ意識は十数時間で崩壊する。,연산 개체에 이식한 의식은 10여 시간이면 붕괴한다.
ac41b849ea6253607bd63fccdf073614.bundle,看自己的破解器,Say,汎用画面,25,肉体的な苦しみや精神的な恐怖を考えれば、仕方のないことである。,"육체적 고통과 정신적 공포를 고려하면, 어쩔 수 없는 일이다."
ac41b849ea6253607bd63fccdf073614.bundle,看自己的破解器,Say,汎用画面,26,この問題を解決するためには「複製-植え込み」の作業を何度も繰り返すしかない。,이 문제를 해결하려면 '복제-이식' 작업을 몇 번이고 반복하는 수밖에 없다.
ac41b849ea6253607bd63fccdf073614.bundle,看自己的破解器,Say,汎用画面,27,意識の選別。,의식의 선별.
ac41b849ea6253607bd63fccdf073614.bundle,看自己的破解器,Say,汎用画面,28,異なる意識を植え込むことで、演算力の生産効率の上昇が見られる。,"다른 의식을 이식함으로써, 연산력 생산 효율의 상승이 확인된다."
ac41b849ea6253607bd63fccdf073614.bundle,看自己的破解器,Say,汎用画面,29,できるだけ同じ意識の植え込みは避け、毎回新しい意識を入れることをお勧めする。,"가능한 한 같은 의식의 이식은 피하고, 매번 새로운 의식을 넣을 것을 권장한다."
ac41b849ea6253607bd63fccdf073614.bundle,看自己的破解器,Say,汎用画面,30,以上。,이상.
ac41b849ea6253607bd63fccdf073614.bundle,看自己的破解器,Branch,#Simple,7,会議記録R08A_既存の演算工場の存続について,회의 기록 R08A_기존 연산 공장의 존속에 대하여
ac41b849ea6253607bd63fccdf073614.bundle,看自己的破解器,Say,汎用画面,31,我々レッドボックスは以前と同様の考えを示している。,우리 레드박스는 이전과 같은 입장을 밝힌다.
ac41b849ea6253607bd63fccdf073614.bundle,看自己的破解器,Say,汎用画面,32,我々は効率の悪い旧型の演算工場の閉鎖に賛成だ。,우리는 효율이 나쁜 구형 연산 공장의 폐쇄에 찬성한다.
ac41b849ea6253607bd63fccdf073614.bundle,看自己的破解器,Say,汎用画面,33,確かに現段階の眠り神プロジェクトに、演算工場のマイナーの意識は必要不可欠だ。,"확실히 현 단계의 수면신 프로젝트에, 연산 공장 채굴자의 의식은 필수불가결하다."
ac41b849ea6253607bd63fccdf073614.bundle,看自己的破解器,Say,汎用画面,34,しかしサイレントのような古い演算工場のマイナーの意識は極めて不安定だ。,그러나 사일런트 같은 오래된 연산 공장 채굴자의 의식은 극도로 불안정하다.
ac41b849ea6253607bd63fccdf073614.bundle,看自己的破解器,Say,汎用画面,35,我々は最初から新型の工場からしか意識を調達していない。,우리는 처음부터 신형 공장에서만 의식을 조달해왔다.
ac41b849ea6253607bd63fccdf073614.bundle,看自己的破解器,Say,汎用画面,36,そのため我々は旧型の工場の廃止に賛成している。,따라서 우리는 구형 공장의 폐지에 찬성한다.
ac41b849ea6253607bd63fccdf073614.bundle,看自己的破解器,Say,汎用画面,37,以上。,이상.
ac41b849ea6253607bd63fccdf073614.bundle,看自己的破解器,Branch,#Simple,8,会議記録S01A_良好DNAサンプルの拡大,회의 기록 S01A_양질의 DNA 샘플 확대
ac41b849ea6253607bd63fccdf073614.bundle,看自己的破解器,Say,汎用画面,38,演算単子に求める基準は二つだ。,연산 단자에 요구되는 기준은 두 가지다.
ac41b849ea6253607bd63fccdf073614.bundle,看自己的破解器,Say,汎用画面,39,一、優れた大脳構造。,"첫째, 우수한 대뇌 구조."
ac41b849ea6253607bd63fccdf073614.bundle,看自己的破解器,Say,汎用画面,40,二、寿命の長い肉体。,"둘째, 수명이 긴 육체."
ac41b849ea6253607bd63fccdf073614.bundle,看自己的破解器,Say,汎用画面,41,つまり我々は基準を満たす演算単子を作り出すためにも、多くのDNAサンプルが必要とする。,"즉 우리는 기준을 충족하는 연산 단자를 만들어내기 위해서도, 많은 DNA 샘플이 필요하다."
ac41b849ea6253607bd63fccdf073614.bundle,看自己的破解器,Say,汎用画面,42,またそれは意識の複製歴がないDNAが望ましい。,또한 그것은 의식 복제 이력이 없는 DNA가 바람직하다.
ac41b849ea6253607bd63fccdf073614.bundle,看自己的破解器,Say,汎用画面,43,今回の計画には、5歳以下の子どもが必要となる。,"이번 계획에는, 5세 이하의 아이가 필요하다."
ac41b849ea6253607bd63fccdf073614.bundle,看自己的破解器,Say,汎用画面,44,以上。,이상.
ac41b849ea6253607bd63fccdf073614.bundle,看自己的破解器,Branch,#Simple,9,[戻る],[뒤로]
ac41b849ea6253607bd63fccdf073614.bundle,看自己的破解器,Branch,#Simple,10,[メッセージ],[메시지]
ac41b849ea6253607bd63fccdf073614.bundle,看自己的破解器,Say,汎用画面,45,閲覧する内容をお選びください。,열람할 내용을 선택해주세요.
ac41b849ea6253607bd63fccdf073614.bundle,看自己的破解器,Branch,#Simple,11,[アップロード速度異常],[업로드 속도 이상]
ac41b849ea6253607bd63fccdf073614.bundle,看自己的破解器,Say,汎用画面,46,エイコウさん、数週間前から研究データのアップロードが明らかに遅くなりました。,"에이코 씨, 몇 주 전부터 연구 데이터 업로드가 확실히 느려졌습니다."
ac41b849ea6253607bd63fccdf073614.bundle,看自己的破解器,Say,汎用画面,47,しかし回線自体に異常は見られませんでした。,하지만 회선 자체에는 이상이 발견되지 않았습니다.
ac41b849ea6253607bd63fccdf073614.bundle,看自己的破解器,Say,汎用画面,48,おそらく研究データが複数のメモリーに一度にアップロードされているのだと思います。,아마도 연구 데이터가 여러 메모리에 동시에 업로드되고 있는 것으로 추정됩니다.
ac41b849ea6253607bd63fccdf073614.bundle,看自己的破解器,Say,汎用画面,49,研究員たちがデータをバックアップしたり、漏洩の恐れがないか注意してください。,"연구원들이 데이터를 백업하거나, 유출 우려가 없는지 주의해주십시오."
ac41b849ea6253607bd63fccdf073614.bundle,看自己的破解器,Say,汎用画面,50,以上。,이상.
ac41b849ea6253607bd63fccdf073614.bundle,看自己的破解器,Branch,#Simple,12,[朗報だ！],[희소식이다!]
ac41b849ea6253607bd63fccdf073614.bundle,看自己的破解器,Say,汎用画面,51,エイコウ、朗報だ！,"에이코, 희소식이야!"
ac41b849ea6253607bd63fccdf073614.bundle,看自己的破解器,Say,汎用画面,52,上が言うには、もうすぐで法案が可決されるらしい！,"위에서 말하길, 곧 있으면 법안이 통과된다는군!"
ac41b849ea6253607bd63fccdf073614.bundle,看自己的破解器,Say,汎用画面,53,そうなれば入退館手続きが今より楽になるはずだ！,그렇게 되면 출입관 절차가 지금보다 수월해질 거야!
ac41b849ea6253607bd63fccdf073614.bundle,看自己的破解器,Say,汎用画面,54,あなたが家族に会える日もそう遠くないだろう。,당신이 가족을 만날 수 있는 날도 그리 멀지 않았을 거야.
ac41b849ea6253607bd63fccdf073614.bundle,看自己的破解器,Say,汎用画面,55,以上。,이상.
ac41b849ea6253607bd63fccdf073614.bundle,看自己的破解器,Branch,#Simple,13,[シークレットメッセージ],[비밀 메시지]
ac41b849ea6253607bd63fccdf073614.bundle,看自己的破解器,Say,汎用画面,56,パスワードをご入力してください。,비밀번호를 입력해주세요.
ac41b849ea6253607bd63fccdf073614.bundle,看自己的破解器,Branch,#Simple,14,B,B
ac41b849ea6253607bd63fccdf073614.bundle,看自己的破解器,Branch,#Simple,15,A,A
ac41b849ea6253607bd63fccdf073614.bundle,看自己的破解器,Branch,#Simple,16,X,X
ac41b849ea6253607bd63fccdf073614.bundle,看自己的破解器,Branch,#Simple,17,T,T
ac41b849ea6253607bd63fccdf073614.bundle,看自己的破解器,Branch,#Simple,18,U,U
ac41b849ea6253607bd63fccdf073614.bundle,看自己的破解器,Branch,#Simple,19,E,E
ac41b849ea6253607bd63fccdf073614.bundle,看自己的破解器,Branch,#Simple,20,Q,Q
ac41b849ea6253607bd63fccdf073614.bundle,看自己的破解器,Branch,#Simple,21,H,H
ac41b849ea6253607bd63fccdf073614.bundle,看自己的破解器,Branch,#Simple,22,8,8
ac41b849ea6253607bd63fccdf073614.bundle,看自己的破解器,Branch,#Simple,23,4,4
ac41b849ea6253607bd63fccdf073614.bundle,看自己的破解器,Branch,#Simple,24,0,0
ac41b849ea6253607bd63fccdf073614.bundle,看自己的破解器,Branch,#Simple,25,2,2
ac41b849ea6253607bd63fccdf073614.bundle,看自己的破解器,Branch,#Simple,26,9,9
ac41b849ea6253607bd63fccdf073614.bundle,看自己的破解器,Branch,#Simple,27,6,6
ac41b849ea6253607bd63fccdf073614.bundle,看自己的破解器,Branch,#Simple,28,5,5
ac41b849ea6253607bd63fccdf073614.bundle,看自己的破解器,Branch,#Simple,29,1,1
ac41b849ea6253607bd63fccdf073614.bundle,看自己的破解器,Say,汎用画面,57,パスワードが間違っています。,비밀번호가 틀렸습니다.
ac41b849ea6253607bd63fccdf073614.bundle,看自己的破解器,Say,汎用画面,58,残り入力回数2回。,남은 입력 횟수 2회.
ac41b849ea6253607bd63fccdf073614.bundle,看自己的破解器,Say,汎用画面,59,残り入力回数1回。,남은 입력 횟수 1회.
ac41b849ea6253607bd63fccdf073614.bundle,看自己的破解器,Say,汎用画面,60,複数回の誤入力が確認されたため、アクセスが禁止されました。,"여러 차례 오입력이 확인되어, 접근이 금지되었습니다."
ac41b849ea6253607bd63fccdf073614.bundle,看自己的破解器,Say,汎用画面,61,パスワードを確認しました。,비밀번호가 확인되었습니다.
ac41b849ea6253607bd63fccdf073614.bundle,看自己的破解器,Say,汎用画面,62,エイコウさん、時は待ってくれません。,"에이코 씨, 시간은 기다려주지 않습니다."
ac41b849ea6253607bd63fccdf073614.bundle,看自己的破解器,Say,汎用画面,63,プロジェクトが延びれば延びるほど、競合相手に狙われます。,"프로젝트가 늦어지면 늦어질수록, 경쟁사한테 노림받게 됩니다."
ac41b849ea6253607bd63fccdf073614.bundle,看自己的破解器,Say,汎用画面,64,数ヶ月前の襲撃事件を覚えているでしょう。,몇 달 전 습격 사건을 기억하시겠지요.
ac41b849ea6253607bd63fccdf073614.bundle,看自己的破解器,Say,汎用画面,65,眠り神に関するデータを盗むために、敵は強硬手段に出ています。,"수면신에 관한 데이터를 훔치기 위해, 적은 강경 수단을 쓰고 있습니다."
ac41b849ea6253607bd63fccdf073614.bundle,看自己的破解器,Say,汎用画面,66,プロジェクトを公にできない我々の対策は残念ながら限られます。,프로젝트를 공개할 수 없는 우리의 대책은 안타깝게도 한정적입니다.
ac41b849ea6253607bd63fccdf073614.bundle,看自己的破解器,Say,汎用画面,67,ゲンさんがホワイトリザードのような違法な傭兵を雇うのも仕方のないことかもしれません。,겐 씨가 화이트 리자드 같은 불법 용병을 고용하는 것도 어쩔 수 없는 일일지도 모릅니다.
ac41b849ea6253607bd63fccdf073614.bundle,看自己的破解器,Say,汎用画面,68,ですが……,하지만……
ac41b849ea6253607bd63fccdf073614.bundle,看自己的破解器,Say,汎用画面,69,前回の稼働テストは大成功そのものでした。闇に潜む盟友もそれを認めていました。,지난번 가동 테스트는 그야말로 대성공이었습니다. 어둠 속에 숨은 동맹자도 그것을 인정했습니다.
ac41b849ea6253607bd63fccdf073614.bundle,看自己的破解器,Say,汎用画面,70,また彼らの「覚」システムと繋げられることも証明されました……,또한 그들의 '각' 시스템과도 연결될 수 있다는 게 증명되었습니다……
ac41b849ea6253607bd63fccdf073614.bundle,看自己的破解器,Say,汎用画面,71,おそらく施設外での小規模テストの許可がまもなく下りると思います。,아마 시설 밖에서의 소규모 테스트 허가가 곧 떨어질 것으로 봅니다.
ac41b849ea6253607bd63fccdf073614.bundle,看自己的破解器,Say,汎用画面,72,もちろんテストを行うかどうかはそちらで判断してください。,물론 테스트를 실시할지는 그쪽에서 판단해주십시오.
ac41b849ea6253607bd63fccdf073614.bundle,看自己的破解器,Say,汎用画面,73,私はただ我々の考えを伝えているだけにすぎません。,저는 그저 저희 쪽 생각을 전달하고 있을 뿐입니다.
ac41b849ea6253607bd63fccdf073614.bundle,看自己的破解器,Say,汎用画面,74,最後になりますが、執行官の予算削減案については気にする必要はないと思います。,"마지막으로, 집행관의 예산 삭감안에 대해서는 신경 쓰실 필요 없다고 봅니다."
ac41b849ea6253607bd63fccdf073614.bundle,看自己的破解器,Say,汎用画面,75,彼は権力争いの傀儡にすぎず、この計画の真の価値を理解していません。,"그는 권력 다툼의 꼭두각시에 불과하며, 이 계획의 진정한 가치를 이해하지 못하고 있습니다."
ac41b849ea6253607bd63fccdf073614.bundle,看自己的破解器,Say,汎用画面,76,必要な資金は我々が用意します。,필요한 자금은 저희가 마련하겠습니다.
ac41b849ea6253607bd63fccdf073614.bundle,看自己的破解器,Say,汎用画面,77,目先のことしか見えない人間に悩まされる必要はありません。,눈앞의 일밖에 못 보는 인간 때문에 골치 아파하실 필요는 없습니다.
ac41b849ea6253607bd63fccdf073614.bundle,看自己的破解器,Say,汎用画面,78,以上。,이상.
ac41b849ea6253607bd63fccdf073614.bundle,看自己的破解器,Branch,#Simple,30,[戻る],[뒤로]
ac41b849ea6253607bd63fccdf073614.bundle,看自己的破解器,Branch,#Simple,31,[ハックユニットを外す]),[해킹 유닛을 뺀다])
ac41b849ea6253607bd63fccdf073614.bundle,看自己的破解器,Say,心の声,1,終わった。,끝났다.
ac41b849ea6253607bd63fccdf073614.bundle,看自己的破解器,Say,心の声,2,リュウセイのハックユニットも外さないとな。,류세이의 해킹 유닛도 빼야겠군.
ac41b849ea6253607bd63fccdf073614.bundle,看自己的破解器,Branch,#Simple,32,[閉じる]),[닫기])
ac41b849ea6253607bd63fccdf073614.bundle,進到實驗室裡5,Say,してい･ちょう,0,<s>なんで……痛い……ああ……俺……</s>,<s>왜……아파……아아……나……</s>
ac41b849ea6253607bd63fccdf073614.bundle,進到實驗室裡5,Say,心の声,0,……今、彼が話したか？,"……방금, 저 사람이 말한 건가?"
ac41b849ea6253607bd63fccdf073614.bundle,進到實驗室裡5,Say,リュウセイ･チョウ,0,吐きそうっす……,토할 것 같아요……
ac41b849ea6253607bd63fccdf073614.bundle,進到實驗室裡5,Say,エイコウ･フウ,0,後は生命維持装置に繋げる。,이제 남은 건 생명 유지 장치에 연결한다.
ac41b849ea6253607bd63fccdf073614.bundle,進到實驗室裡5,Say,エイコウ･フウ,1,こうやって適切な環境で保管すれば、200年以上は生きられる……,"이렇게 적절한 환경에서 보관하면, 200년 이상은 살 수 있다……"
ac41b849ea6253607bd63fccdf073614.bundle,進到實驗室裡4,Say,心の声,0,……！？,……!?
ac41b849ea6253607bd63fccdf073614.bundle,進到實驗室裡4,Say,スイ･ニン,0,……,……
ac41b849ea6253607bd63fccdf073614.bundle,進到實驗室裡4,Say,リュウセイ･チョウ,0,何を……！？,뭘……!?
ac41b849ea6253607bd63fccdf073614.bundle,進到實驗室裡4,Say,エイコウ･フウ,0,レーザーを使えば、切除する同時に切断面を焼いて塞ぐことができる。,"레이저를 쓰면, 절제와 동시에 절단면을 지져서 막을 수 있다."
ac41b849ea6253607bd63fccdf073614.bundle,進到實驗室裡4,Say,リュウセイ･チョウ,1,<y>一体何をしている！？</y>,<y>대체 뭘 하고 있는 거야!?</y>
ac41b849ea6253607bd63fccdf073614.bundle,進到實驗室裡4,Say,リュウセイ･チョウ,2,殺したのか！？,죽인 거야!?
ac41b849ea6253607bd63fccdf073614.bundle,進到實驗室裡4,Say,エイコウ･フウ,1,ち、違う！彼は死んでいない……！,"아, 아니야! 이 사람은 안 죽었어……!"
ac41b849ea6253607bd63fccdf073614.bundle,進到實驗室裡4,Say,スイ･ニン,1,<y>直ちに中止しろ！</y>,<y>당장 중지해!</y>
ac41b849ea6253607bd63fccdf073614.bundle,進到實驗室裡4,Say,エイコウ･フウ,2,一度始まってしまえば止められない……！,한 번 시작해버리면 멈출 수 없어……!
ac41b849ea6253607bd63fccdf073614.bundle,進到實驗室裡4,Say,スイ･ニン,2,ならば今すぐ破壊して……,그렇다면 지금 당장 파괴해서……
ac41b849ea6253607bd63fccdf073614.bundle,進到實驗室裡4,Say,エイコウ･フウ,3,ま、待ってくれ！設備を破壊すれば、逆に殺すことになる！,"자, 잠깐만! 설비를 파괴하면, 오히려 죽이는 게 돼!"
ac41b849ea6253607bd63fccdf073614.bundle,進到實驗室裡4,Say,スイ･ニン,3,……,……
ac41b849ea6253607bd63fccdf073614.bundle,進到實驗室裡4,Say,エイコウ･フウ,4,信じてくれ！！！,믿어줘!!!
ac41b849ea6253607bd63fccdf073614.bundle,進到實驗室裡4,Say,スイ･ニン,4,……,……
ac41b849ea6253607bd63fccdf073614.bundle,進到實驗室裡4,Say,スイ･ニン,5,何てことだ……！,이게 무슨……!
ac41b849ea6253607bd63fccdf073614.bundle,進到實驗室裡4,Say,スイ･ニン,6,正気の沙汰とは思えない……,제정신으로 하는 짓이라고는 생각되지 않는다……
ac41b849ea6253607bd63fccdf073614.bundle,進到實驗室裡4,Say,エイコウ･フウ,5,……,……
ac41b849ea6253607bd63fccdf073614.bundle,進到實驗室裡4,Say,エイコウ･フウ,6,後は脳に圧力をかけていき……,이제 남은 건 뇌에 압력을 가해서……
ac41b849ea6253607bd63fccdf073614.bundle,進到實驗室裡4,Say,エイコウ･フウ,7,反応面積が拡大すれば、ニューロンが自然に増殖する。,"반응 면적이 확대되면, 뉴런이 자연히 증식한다."
ac41b849ea6253607bd63fccdf073614.bundle,進到實驗室裡4,Say,エイコウ･フウ,8,これにより一般的な成人の4倍の効率が望める。,이걸로 일반적인 성인의 4배 효율을 기대할 수 있다.
ac41b849ea6253607bd63fccdf073614.bundle,頂樓遇到嚴勝和趕飛行器,Say,リュウセイ･チョウ,0,あのドローンをここから離れさせろ！今すぐにだ！,저 드론을 여기서 떨어뜨려! 지금 당장!
ac41b849ea6253607bd63fccdf073614.bundle,頂樓遇到嚴勝和趕飛行器,Say,セイワ･ゲン,0,……,……
ac41b849ea6253607bd63fccdf073614.bundle,鴞隊登場祖母走出,Say,祖母,0,ゲン様、失礼しました。,"겐 님, 실례했습니다."
ac41b849ea6253607bd63fccdf073614.bundle,鴞隊登場祖母走出,Say,祖母,1,後はお任せてください。,이후로는 저희한테 맡겨주십시오.
ac41b849ea6253607bd63fccdf073614.bundle,鴞隊登場祖母走出,Say,セイワ･ゲン,0,任せるだと？私は……,맡기라고? 나는……
ac41b849ea6253607bd63fccdf073614.bundle,鴞隊登場祖母走出,Say,祖母,2,どうかお任せください。,부디 맡겨주십시오.
ac41b849ea6253607bd63fccdf073614.bundle,鴞隊登場祖母走出,Say,セイワ･ゲン,1,……,……
ac41b849ea6253607bd63fccdf073614.bundle,跟隆生討論後想法,Say,心の声,0,別々で行動して本当によかったのか……？,따로 행동한 게 정말 잘한 걸까……?
ac41b849ea6253607bd63fccdf073614.bundle,跟隆生討論後想法,Say,心の声,1,すぐ合流できればいいが。,빨리 합류할 수 있으면 좋겠는데.
ac41b849ea6253607bd63fccdf073614.bundle,跟隆生討論後想法,Say,心の声,2,……,……
ac41b849ea6253607bd63fccdf073614.bundle,跟隆生討論後想法,Say,心の声,3,とにかくハックユニットを確認しよう。,아무튼 해킹 유닛을 확인하자.
ac41b849ea6253607bd63fccdf073614.bundle,三橋傭兵進場後,Say,キンセイ･ハク,0,なぜ俺がこのタイミングで現れたかわかるか？,내가 왜 이 타이밍에 나타났는지 알겠나?
ac41b849ea6253607bd63fccdf073614.bundle,三橋傭兵進場後,Say,キンセイ･ハク,1,そしてなぜお前ら三人を集めさせたのか。,그리고 왜 너희들 셋을 모으게 했는지.
ac41b849ea6253607bd63fccdf073614.bundle,三橋傭兵進場後,Say,スイ･ニン,0,……,……
ac41b849ea6253607bd63fccdf073614.bundle,三橋傭兵進場後,Say,キンセイ･ハク,2,ここはこの施設で唯一、お前の機動力が発揮できない場所だ。,"여기는 이 시설에서 유일하게, 네 기동력을 발휘할 수 없는 곳이다."
ac41b849ea6253607bd63fccdf073614.bundle,三橋傭兵進場後,Say,キンセイ･ハク,3,つまりここはお前を処刑場ってことだ。,즉 여기가 네 처형장이라는 거지.
ac41b849ea6253607bd63fccdf073614.bundle,三橋傭兵進場後,Say,キンセイ･ハク,4,どうだ、感想は？,"어때, 소감은?"
ac41b849ea6253607bd63fccdf073614.bundle,跑酷撐門,Say,リュウセイ･チョウ,0,あ、兄貴！先に行ってくださいっす！,"혀, 형! 먼저 가세요!"
ac41b849ea6253607bd63fccdf073614.bundle,跑酷撐門,Say,リュウセイ･チョウ,1,<y>急いで！！！</y>,<y>서둘러요!!!</y>
ac41b849ea6253607bd63fccdf073614.bundle,進到實驗室裡3.5,Say,CU-052,0,<e=0.5>うぐ</e><t=0.15>……ああ……うぅ……！？</t>,<e=0.5>으윽</e><t=0.15>……아아……으윽……!?</t>
