bundle_file,node,type,role,say_index,japanese,korean
ea5a2e5b016740416bde3a3456c70e76.bundle,熱炒店聊天,Say,23,0,今日はうちの奢りだから、リュウセイ、好きなものを頼みなさい。,"오늘은 내가 쏘는 거니까, 류세이, 좋아하는 거 시켜."
ea5a2e5b016740416bde3a3456c70e76.bundle,熱炒店聊天,Say,リュウセイ･チョウ,0,え、僕？,"네, 저요?"
ea5a2e5b016740416bde3a3456c70e76.bundle,熱炒店聊天,Say,23,1,そう、あんたのセンスを見せてもらうわ。,"그래, 네 센스를 좀 보자."
ea5a2e5b016740416bde3a3456c70e76.bundle,熱炒店聊天,Say,23,2,ジェイは嫌いなものある？,제이는 싫어하는 거 있어?
ea5a2e5b016740416bde3a3456c70e76.bundle,熱炒店聊天,Branch,#Simple,0,いや、なんでも食べる。,"아니, 뭐든지 먹어."
ea5a2e5b016740416bde3a3456c70e76.bundle,熱炒店聊天,Say,リュウセイ･チョウ,1,オッケー。,오케이.
ea5a2e5b016740416bde3a3456c70e76.bundle,熱炒店聊天,Branch,#Simple,1,生ものは食べない。,날것은 안 먹어.
ea5a2e5b016740416bde3a3456c70e76.bundle,熱炒店聊天,Say,リュウセイ･チョウ,2,ラジャー！,라저!
ea5a2e5b016740416bde3a3456c70e76.bundle,熱炒店聊天,Say,23,3,頼んだぞ、リュウセイ。,"부탁한다, 류세이."
ea5a2e5b016740416bde3a3456c70e76.bundle,熱炒店聊天,Say,リュウセイ･チョウ,3,うっす！,네!
ea5a2e5b016740416bde3a3456c70e76.bundle,熱炒店聊天,Say,23,4,……,……
ea5a2e5b016740416bde3a3456c70e76.bundle,熱炒店聊天,Say,23,5,今日のスパイ体験はどうだった？,오늘 스파이 체험은 어땠어?
ea5a2e5b016740416bde3a3456c70e76.bundle,熱炒店聊天,Branch,#Simple,2,映画みたいで格好良かった。,영화 같아서 멋있었어.
ea5a2e5b016740416bde3a3456c70e76.bundle,熱炒店聊天,Say,23,6,ハハ、それ本心？それとも皮肉？,"하하, 그거 진심이야? 아니면 비꼬는 거야?"
ea5a2e5b016740416bde3a3456c70e76.bundle,熱炒店聊天,Branch,#Simple,3,本心だ。,진심이야.
ea5a2e5b016740416bde3a3456c70e76.bundle,熱炒店聊天,Say,23,7,それはいいね！,그거 좋네!
ea5a2e5b016740416bde3a3456c70e76.bundle,熱炒店聊天,Branch,#Simple,4,皮肉だ。,비꼰 거야.
ea5a2e5b016740416bde3a3456c70e76.bundle,熱炒店聊天,Say,23,8,ハハハ！そうよね。,하하하! 그렇겠지.
ea5a2e5b016740416bde3a3456c70e76.bundle,熱炒店聊天,Branch,#Simple,5,……,……
ea5a2e5b016740416bde3a3456c70e76.bundle,熱炒店聊天,Branch,#Simple,6,面倒くさかった。,귀찮았어.
ea5a2e5b016740416bde3a3456c70e76.bundle,熱炒店聊天,Say,23,9,ハハハ！,하하하!
ea5a2e5b016740416bde3a3456c70e76.bundle,熱炒店聊天,Say,23,10,たまにスイみたいなことを言うよね。,가끔 스이 같은 소리 하네.
ea5a2e5b016740416bde3a3456c70e76.bundle,熱炒店聊天,Branch,#Simple,7,そんなにスパイみたいなことしてたか？,그렇게 스파이 같은 짓을 했었나?
ea5a2e5b016740416bde3a3456c70e76.bundle,熱炒店聊天,Say,23,11,ハハハ！まあ、スパイっぽいことと言うべきかな。,"하하하! 뭐, 스파이 같은 짓이라고 해야 하려나."
ea5a2e5b016740416bde3a3456c70e76.bundle,熱炒店聊天,Branch,#Simple,8,……,……
ea5a2e5b016740416bde3a3456c70e76.bundle,熱炒店聊天,Say,心の声,0,彼女との距離が縮まった気がする。,그 여자랑 거리가 가까워진 것 같다.
ea5a2e5b016740416bde3a3456c70e76.bundle,熱炒店聊天,Say,心の声,1,アジトにいた時はかなりひねくれていたのに……,아지트에 있을 때는 꽤 삐딱했었는데……
ea5a2e5b016740416bde3a3456c70e76.bundle,熱炒店聊天,Say,リュウセイ･チョウ,4,なんの話してたっすか？,무슨 얘기 하고 있었어요?
ea5a2e5b016740416bde3a3456c70e76.bundle,熱炒店聊天,Say,リュウセイ･チョウ,5,もしかして恋バナとか？,혹시 연애 얘기 같은 거예요?
ea5a2e5b016740416bde3a3456c70e76.bundle,熱炒店聊天,Say,23,12,発情期の中坊かよ！,발정기 중딩이냐!
ea5a2e5b016740416bde3a3456c70e76.bundle,熱炒店聊天,Say,リュウセイ･チョウ,6,今日は散々だったし、恋バナとかいいじゃないっすか！,"오늘 힘들었으니까, 연애 얘기 좀 하면 좋잖아요!"
ea5a2e5b016740416bde3a3456c70e76.bundle,熱炒店聊天,Say,リュウセイ･チョウ,7,それでスイ姉はデートに来てくれるっすか？,그래서 스이 누나는 데이트 와줄 거예요?
ea5a2e5b016740416bde3a3456c70e76.bundle,熱炒店聊天,Say,心の声,2,23号はスイ･ニンが好きなのか！？,23호는 스이 닌을 좋아하는 건가!?
ea5a2e5b016740416bde3a3456c70e76.bundle,熱炒店聊天,Say,23,13,もちろんよ！,당연하지!
ea5a2e5b016740416bde3a3456c70e76.bundle,熱炒店聊天,Say,23,14,うちみたいなイイ女を、断るわけないでしょう？,"나 같은 괜찮은 여자를, 거절할 리가 없잖아?"
ea5a2e5b016740416bde3a3456c70e76.bundle,熱炒店聊天,Say,リュウセイ･チョウ,8,待ってくださいっす。それって普通のデートっすか？それとも違うデートっすか？,잠깐만요. 그거 그냥 데이트예요? 아니면 다른 데이트예요?
ea5a2e5b016740416bde3a3456c70e76.bundle,熱炒店聊天,Say,23,15,……,……
ea5a2e5b016740416bde3a3456c70e76.bundle,熱炒店聊天,Say,23,16,……違うデートだと思う。,……다른 데이트인 것 같아.
ea5a2e5b016740416bde3a3456c70e76.bundle,熱炒店聊天,Say,心の声,3,違うデートってなんだ……？,다른 데이트라니 뭐지……?
ea5a2e5b016740416bde3a3456c70e76.bundle,熱炒店聊天,Say,リュウセイ･チョウ,9,なら全然進展がないってことじゃないっすか！,그럼 전혀 진전이 없다는 거잖아요!
ea5a2e5b016740416bde3a3456c70e76.bundle,熱炒店聊天,Say,23,17,わ、わかってるよ！仕方ないじゃない、スイは鈍感なんだから！,"아, 알아! 어쩔 수 없잖아, 스이는 둔감하니까!"
ea5a2e5b016740416bde3a3456c70e76.bundle,熱炒店聊天,Say,23,18,一番酷いのはね、うちの前ではいつも、仕事が忙しくて誰も構ってくれないとか言うんだよ！,"제일 심한 건 말이지, 내 앞에서 맨날, 일이 바빠서 아무도 신경 안 써준다고 말한다니까!"
ea5a2e5b016740416bde3a3456c70e76.bundle,熱炒店聊天,Say,心の声,4,スイ･ニンがそんなことを言うのか！？,스이 닌이 그런 말을 한다고!?
ea5a2e5b016740416bde3a3456c70e76.bundle,熱炒店聊天,Say,23,19,目の前にうちがいるだろっつーの！,눈앞에 내가 있잖아!
ea5a2e5b016740416bde3a3456c70e76.bundle,熱炒店聊天,Say,リュウセイ･チョウ,10,ハハハハ！,하하하하!
ea5a2e5b016740416bde3a3456c70e76.bundle,熱炒店聊天,Say,リュウセイ･チョウ,11,ジェイの兄貴に相談してみたらどうっすか？,제이 형한테 상담해보는 게 어때요?
ea5a2e5b016740416bde3a3456c70e76.bundle,熱炒店聊天,Say,23,20,そうね、この場で相手がいるのはジェイだけだもんね……,"그러네, 여기서 상대가 될 사람은 제이뿐이니까……"
ea5a2e5b016740416bde3a3456c70e76.bundle,熱炒店聊天,Say,リュウセイ･チョウ,12,ジェイの兄貴、23姉にアドバイスをしてやってよ。どうすれば鈍感な相手に、自分の気持ちを気づいてもらえるっすか？,"제이 형, 23 누나한테 조언 좀 해줘요. 어떻게 하면 둔감한 상대가 내 마음을 눈치채게 할 수 있어요?"
ea5a2e5b016740416bde3a3456c70e76.bundle,熱炒店聊天,Say,23,21,ジェイで本当に大丈夫なの？,제이로 정말 괜찮아?
ea5a2e5b016740416bde3a3456c70e76.bundle,熱炒店聊天,Say,23,22,どう見たって、受け身タイプじゃん……,"누가 봐도, 수동적인 타입이잖아……"
ea5a2e5b016740416bde3a3456c70e76.bundle,熱炒店聊天,Say,心の声,5,……,……
ea5a2e5b016740416bde3a3456c70e76.bundle,熱炒店聊天,Branch,#Simple,9,そんなことない。,그렇지 않아.
ea5a2e5b016740416bde3a3456c70e76.bundle,熱炒店聊天,Say,リュウセイ･チョウ,13,そうっすよ！23姉は失礼っすね！,맞다고요! 23 누나 실례네요!
ea5a2e5b016740416bde3a3456c70e76.bundle,熱炒店聊天,Branch,#Simple,10,その通りだ。,맞는 말이다.
ea5a2e5b016740416bde3a3456c70e76.bundle,熱炒店聊天,Say,23,23,ほらー,거봐~
ea5a2e5b016740416bde3a3456c70e76.bundle,熱炒店聊天,Branch,#Simple,11,……,……
ea5a2e5b016740416bde3a3456c70e76.bundle,熱炒店聊天,Say,リュウセイ･チョウ,14,とりあえず、何かアドバイスないっすか！,"일단, 뭔가 조언 없어요!"
ea5a2e5b016740416bde3a3456c70e76.bundle,熱炒店聊天,Branch,#Simple,12,直接伝えればいいだろ。,직접 말하면 되잖아.
ea5a2e5b016740416bde3a3456c70e76.bundle,熱炒店聊天,Say,23,24,いや。,아니.
ea5a2e5b016740416bde3a3456c70e76.bundle,熱炒店聊天,Say,23,25,今の関係を壊して、気まずくなったら嫌だもん！,"지금 관계를 망쳐서, 어색해지면 싫단 말이야!"
ea5a2e5b016740416bde3a3456c70e76.bundle,熱炒店聊天,Say,リュウセイ･チョウ,15,おお、結構考えてるっすね！,"오, 꽤 생각하고 있네요!"
ea5a2e5b016740416bde3a3456c70e76.bundle,熱炒店聊天,Say,23,26,あのね、うちはこれでも恋愛中のお･と･めなの！,"있잖아, 나도 이래 봬도 연애 중인 소·녀·란 말이야!"
ea5a2e5b016740416bde3a3456c70e76.bundle,熱炒店聊天,Say,リュウセイ･チョウ,16,何がお･と･めっすか！,무슨 소·녀·예요!
ea5a2e5b016740416bde3a3456c70e76.bundle,熱炒店聊天,Branch,#Simple,13,とりあえず、もっと積極的に気持ちを伝えるしかないのでは？,"일단, 더 적극적으로 마음을 전할 수밖에 없지 않을까?"
ea5a2e5b016740416bde3a3456c70e76.bundle,熱炒店聊天,Say,23,27,つまり素直になれってこと？,그러니까 솔직해지라는 거야?
ea5a2e5b016740416bde3a3456c70e76.bundle,熱炒店聊天,Branch,#Simple,14,相手が気づかないってことは、あんたに興味がないってことじゃないか？,"상대가 못 알아챈다는 건, 너한테 흥미가 없다는 거 아니야?"
ea5a2e5b016740416bde3a3456c70e76.bundle,熱炒店聊天,Say,23,28,アハハハ！,아하하하!
ea5a2e5b016740416bde3a3456c70e76.bundle,熱炒店聊天,Say,23,29,ジェイったらストレートに言い過ぎだぞ！アハハハ！,제이 너무 직설적으로 말한다! 아하하하!
ea5a2e5b016740416bde3a3456c70e76.bundle,熱炒店聊天,Say,リュウセイ･チョウ,17,これで笑えるのか、凄いっすね……,"이걸로 웃을 수 있다니, 대단하네요……"
ea5a2e5b016740416bde3a3456c70e76.bundle,熱炒店聊天,Branch,#Simple,15,特にアドバイスはない。,딱히 조언은 없어.
ea5a2e5b016740416bde3a3456c70e76.bundle,熱炒店聊天,Say,リュウセイ･チョウ,18,ええ～,에이~
ea5a2e5b016740416bde3a3456c70e76.bundle,熱炒店聊天,Say,23,30,それはそうよ！当事者のうちだって八方塞がりなんだから。,그야 그렇지! 당사자인 나부터가 사면초가니까.
ea5a2e5b016740416bde3a3456c70e76.bundle,熱炒店聊天,Say,23,31,まあ！別に絶対にスイと付き合いたいってわけじゃないけどね！,뭐! 딱히 무조건 스이랑 사귀고 싶은 건 아니지만!
ea5a2e5b016740416bde3a3456c70e76.bundle,熱炒店聊天,Say,23,32,側にいられるだけで十分！,옆에 있을 수만 있으면 충분해!
ea5a2e5b016740416bde3a3456c70e76.bundle,熱炒店聊天,Say,リュウセイ･チョウ,19,出た！降参宣言っすね！,나왔다! 항복 선언이네요!
ea5a2e5b016740416bde3a3456c70e76.bundle,熱炒店聊天,Say,23,33,うるさい！,시끄러워!
ea5a2e5b016740416bde3a3456c70e76.bundle,熱炒店聊天,Say,23,34,でも本当だよ。今みたいに彼女と一緒に働ければ、うちは満足なの。,"근데 진짜야. 지금처럼 그 애랑 같이 일할 수 있으면, 나는 만족해."
ea5a2e5b016740416bde3a3456c70e76.bundle,熱炒店聊天,Say,リュウセイ･チョウ,20,でもスイ姉は23姉への扱いが荒いっすよね！,근데 스이 누나는 23 누나 대하는 게 거칠잖아요!
ea5a2e5b016740416bde3a3456c70e76.bundle,熱炒店聊天,Say,23,35,それは彼女のプロとしての一面しか見てないからよ。,그건 그 애의 프로다운 면만 보고 있어서 그래.
ea5a2e5b016740416bde3a3456c70e76.bundle,熱炒店聊天,Say,23,36,結構優しいのよ？,꽤 다정하다니까?
ea5a2e5b016740416bde3a3456c70e76.bundle,熱炒店聊天,Say,リュウセイ･チョウ,21,はぁ？今の惚気っすか？,네? 지금 그거 자랑질이에요?
ea5a2e5b016740416bde3a3456c70e76.bundle,熱炒店聊天,Branch,#Simple,16,うん、惚気だね。,"응, 자랑질이네."
ea5a2e5b016740416bde3a3456c70e76.bundle,熱炒店聊天,Say,23,37,ドー、ドー！ちょっと、リュウセイ落ち着いて！,"워, 워! 잠깐, 류세이 진정해!"
ea5a2e5b016740416bde3a3456c70e76.bundle,熱炒店聊天,Branch,#Simple,17,付き合ってもいないのに、惚気になるのか？,"사귀지도 않는데, 자랑질이 되는 거야?"
ea5a2e5b016740416bde3a3456c70e76.bundle,熱炒店聊天,Say,23,38,グサアアア！,푹 찔렸다아아!
ea5a2e5b016740416bde3a3456c70e76.bundle,熱炒店聊天,Say,リュウセイ･チョウ,22,グサアアア！,푹 찔렸다아아!
ea5a2e5b016740416bde3a3456c70e76.bundle,熱炒店聊天,Say,リュウセイ･チョウ,23,今のは刺さったっすね！,지금 그거 아팠겠네요!
ea5a2e5b016740416bde3a3456c70e76.bundle,熱炒店聊天,Say,23,39,ぐぬぬ……,끄응……
ea5a2e5b016740416bde3a3456c70e76.bundle,熱炒店聊天,Say,心の声,6,そんな酷いことを言ったか……？,그렇게 심한 말을 했나……?
ea5a2e5b016740416bde3a3456c70e76.bundle,熱炒店聊天,Branch,#Simple,18,……,……
ea5a2e5b016740416bde3a3456c70e76.bundle,熱炒店聊天,Say,リュウセイ･チョウ,24,でも、まさか今回の調査がフクロウに内密だったとは驚きっす。,"근데, 설마 이번 조사가 부엉이 몰래였을 줄은 놀랍네요."
ea5a2e5b016740416bde3a3456c70e76.bundle,熱炒店聊天,Say,23,40,えっと……,"그, 그게……"
ea5a2e5b016740416bde3a3456c70e76.bundle,熱炒店聊天,Say,23,41,リュウセイって、話題変えるの下手なの？,"류세이는, 화제 바꾸는 게 서툰 거야?"
ea5a2e5b016740416bde3a3456c70e76.bundle,熱炒店聊天,Say,リュウセイ･チョウ,25,唐突に思い出したことが、口に出たっす。,"갑자기 생각난 게, 입 밖으로 나왔어요."
ea5a2e5b016740416bde3a3456c70e76.bundle,熱炒店聊天,Say,23,42,……,……
ea5a2e5b016740416bde3a3456c70e76.bundle,熱炒店聊天,Say,23,43,騙してごめんなさい。,속여서 미안해.
ea5a2e5b016740416bde3a3456c70e76.bundle,熱炒店聊天,Say,23,44,言っとくけど、うちは反対してたからね。でも、スイにその方がいいって言われて。,"말해두는데, 나는 반대했었거든. 근데, 스이가 그게 낫다고 해서."
ea5a2e5b016740416bde3a3456c70e76.bundle,熱炒店聊天,Say,リュウセイ･チョウ,26,全部、この場にいないスイ姉のせいにすればいいっすよ！,"전부, 여기 없는 스이 누나 탓으로 돌리면 되죠!"
ea5a2e5b016740416bde3a3456c70e76.bundle,熱炒店聊天,Say,心の声,7,23号がしかめっ面をした。,23호가 얼굴을 찌푸렸다.
ea5a2e5b016740416bde3a3456c70e76.bundle,熱炒店聊天,Say,リュウセイ･チョウ,27,あ！トラックが小さかったのは、そういうことっすね！,"아! 트럭이 작았던 건, 그런 이유였네요!"
ea5a2e5b016740416bde3a3456c70e76.bundle,熱炒店聊天,Say,リュウセイ･チョウ,28,フクロウの経費で落とせるわけないっすもんね！,부엉이 경비로 처리될 리가 없으니까요!
ea5a2e5b016740416bde3a3456c70e76.bundle,熱炒店聊天,Say,23,45,いや、それは経費とは関係なくて……,"아니, 그건 경비랑은 상관없이……"
ea5a2e5b016740416bde3a3456c70e76.bundle,熱炒店聊天,Branch,#Simple,19,勝手に調査したことが、フクロウにバレることは怖くないのか？,"멋대로 조사한 게, 부엉이한테 들키는 게 무섭지 않아?"
ea5a2e5b016740416bde3a3456c70e76.bundle,熱炒店聊天,Say,23,46,怖いよ！だからうちとスイは普段の仕事も続けてるの。,무섭지! 그래서 나랑 스이는 평소 일도 계속하고 있는 거야.
ea5a2e5b016740416bde3a3456c70e76.bundle,熱炒店聊天,Say,23,47,でもバレたとしても、調査を中止させられるくらいかな。,"근데 들킨다 해도, 조사를 중지당하는 정도려나."
ea5a2e5b016740416bde3a3456c70e76.bundle,熱炒店聊天,Say,リュウセイ･チョウ,29,そうなったら、スイ姉も諦めるっすかね？,"그렇게 되면, 스이 누나도 포기할까요?"
ea5a2e5b016740416bde3a3456c70e76.bundle,熱炒店聊天,Say,23,48,……そうは思えないけど。,……그럴 것 같지는 않지만.
ea5a2e5b016740416bde3a3456c70e76.bundle,熱炒店聊天,Say,リュウセイ･チョウ,30,バレても、スイ姉と調査を続ける気っすか？,"들켜도, 스이 누나랑 조사를 계속할 생각이에요?"
ea5a2e5b016740416bde3a3456c70e76.bundle,熱炒店聊天,Say,23,49,……,……
ea5a2e5b016740416bde3a3456c70e76.bundle,熱炒店聊天,Say,23,50,うん、多分。,"응, 아마도."
ea5a2e5b016740416bde3a3456c70e76.bundle,熱炒店聊天,Say,リュウセイ･チョウ,31,おお、これはガチ恋っすね。,"오, 이건 진짜 사랑이네요."
ea5a2e5b016740416bde3a3456c70e76.bundle,熱炒店聊天,Say,23,51,はいはい、もうお終い。,"네네, 이제 끝."
ea5a2e5b016740416bde3a3456c70e76.bundle,熱炒店聊天,Branch,#Simple,20,フクロウは金を結構持っているのか？,부엉이는 돈을 꽤 갖고 있어?
ea5a2e5b016740416bde3a3456c70e76.bundle,熱炒店聊天,Say,23,52,もちろん！上がそれを使うかどうかは、別の話だけどね。,"당연하지! 위에서 그걸 쓸지 안 쓸지는, 별개 얘기지만."
ea5a2e5b016740416bde3a3456c70e76.bundle,熱炒店聊天,Say,23,53,スポンサーがわんさかいるんだから！,스폰서가 잔뜩 있으니까!
ea5a2e5b016740416bde3a3456c70e76.bundle,熱炒店聊天,Branch,#Simple,21,……,……
ea5a2e5b016740416bde3a3456c70e76.bundle,熱炒店聊天,Say,リュウセイ･チョウ,32,でも、まさか23姉が違法な調査をするなんて、らしくないっすね。,"근데, 설마 23 누나가 불법 조사를 하다니, 안 어울리네요."
ea5a2e5b016740416bde3a3456c70e76.bundle,熱炒店聊天,Say,23,54,言っとくけど、うちらは勝手に調査しただけで、違法じゃないからね。,"말해두는데, 우리는 그냥 멋대로 조사한 것뿐이지, 불법은 아니거든."
ea5a2e5b016740416bde3a3456c70e76.bundle,熱炒店聊天,Say,リュウセイ･チョウ,33,でも調査のために、結構な数の法は犯したっすよね？,"근데 조사를 위해서, 꽤 많은 법을 어겼잖아요?"
ea5a2e5b016740416bde3a3456c70e76.bundle,熱炒店聊天,Say,23,55,……ぐうの音も出ない。,……할 말이 없네.
ea5a2e5b016740416bde3a3456c70e76.bundle,熱炒店聊天,Say,リュウセイ･チョウ,34,いつも23姉は……,항상 23 누나는……
ea5a2e5b016740416bde3a3456c70e76.bundle,熱炒店聊天,Say,リュウセイ･チョウ,35,公務員は法の基本！,공무원은 법이 기본!
ea5a2e5b016740416bde3a3456c70e76.bundle,熱炒店聊天,Say,リュウセイ･チョウ,36,違法な手段で目的を達成すること自体が間違っている！,불법적인 수단으로 목적을 달성하는 것 자체가 잘못됐다!
ea5a2e5b016740416bde3a3456c70e76.bundle,熱炒店聊天,Say,リュウセイ･チョウ,37,とかよく言ってたのに？,이런 소리 자주 했었잖아요?
ea5a2e5b016740416bde3a3456c70e76.bundle,熱炒店聊天,Branch,#Simple,22,そうだな。なぜ彼女に同意したんだ？,그러게. 왜 그 여자한테 동의했었지?
ea5a2e5b016740416bde3a3456c70e76.bundle,熱炒店聊天,Branch,#Simple,23,その光景が目に浮かぶな。,그 광경이 눈에 선하네.
ea5a2e5b016740416bde3a3456c70e76.bundle,熱炒店聊天,Say,23,56,そんなには言ってないでしょ！,그렇게까지 말한 적은 없잖아!
ea5a2e5b016740416bde3a3456c70e76.bundle,熱炒店聊天,Say,リュウセイ･チョウ,38,言ってたっすよ！,말했었어요!
ea5a2e5b016740416bde3a3456c70e76.bundle,熱炒店聊天,Say,リュウセイ･チョウ,39,23姉、話題を変えようとしても無駄っすからね！,"23 누나, 화제 돌리려고 해봤자 소용없다고요!"
ea5a2e5b016740416bde3a3456c70e76.bundle,熱炒店聊天,Say,23,57,わかった、わかった！,"알았어, 알았다고!"
ea5a2e5b016740416bde3a3456c70e76.bundle,熱炒店聊天,Branch,#Simple,24,……,……
ea5a2e5b016740416bde3a3456c70e76.bundle,熱炒店聊天,Say,23,58,……,……
ea5a2e5b016740416bde3a3456c70e76.bundle,熱炒店聊天,Say,23,59,うちがこんなことをしているのは、もちろんスイのためよ。,"내가 이런 짓을 하는 건, 당연히 스이를 위해서야."
ea5a2e5b016740416bde3a3456c70e76.bundle,熱炒店聊天,Say,23,60,一人でやらせるわけにはいかないでしょ？,혼자 하게 둘 수는 없잖아?
ea5a2e5b016740416bde3a3456c70e76.bundle,熱炒店聊天,Say,リュウセイ･チョウ,40,……,……
ea5a2e5b016740416bde3a3456c70e76.bundle,熱炒店聊天,Say,23,61,……あのね、リュウセイ。二度とそんな気持ち悪い目でうちを見ないで。次は殴るからね。,"……있잖아, 류세이. 다시는 그런 징그러운 눈으로 나 보지 마. 다음엔 때릴 거야."
ea5a2e5b016740416bde3a3456c70e76.bundle,熱炒店聊天,Say,23,62,……,……
ea5a2e5b016740416bde3a3456c70e76.bundle,熱炒店聊天,Say,23,63,でも本音を言うと、うちらがやってることを正しいとは思わない。,"근데 솔직히 말하면, 우리가 하는 짓이 옳다고는 생각 안 해."
ea5a2e5b016740416bde3a3456c70e76.bundle,熱炒店聊天,Say,23,64,うちもフクロウが長いから、自分のやってることが正しいかどうか、わからなくなるなんてしょっちゅうよ……,"나도 부엉이 짬밥이 길어서, 내가 하는 짓이 옳은지 아닌지, 헷갈릴 때가 자주 있어……"
ea5a2e5b016740416bde3a3456c70e76.bundle,熱炒店聊天,Say,23,65,でもこう見えてもうちは、自分なりの信条を持ってるつもり。,근데 이래 봬도 나름의 신조는 갖고 있는 셈이야.
ea5a2e5b016740416bde3a3456c70e76.bundle,熱炒店聊天,Say,心の声,8,スイ･ニンの23号への判断は正しかったようだ……,스이 닌의 23호에 대한 판단은 옳았던 모양이다……
ea5a2e5b016740416bde3a3456c70e76.bundle,熱炒店聊天,Say,23,66,私の信条は、既存の秩序を尊重することよ。,"내 신조는, 기존 질서를 존중하는 거야."
ea5a2e5b016740416bde3a3456c70e76.bundle,熱炒店聊天,Say,心の声,9,いい信条だ。,좋은 신조네.
ea5a2e5b016740416bde3a3456c70e76.bundle,熱炒店聊天,Branch,#Simple,25,いい信条だ。,좋은 신조네.
ea5a2e5b016740416bde3a3456c70e76.bundle,熱炒店聊天,Say,23,67,つまりあんたも保守的ってことね。,그러니까 너도 보수적이라는 거네.
ea5a2e5b016740416bde3a3456c70e76.bundle,熱炒店聊天,Say,23,68,でも……,근데……
ea5a2e5b016740416bde3a3456c70e76.bundle,熱炒店聊天,Branch,#Simple,26,尊重？守るの間違いでは？,존중? 지킨다의 오타 아니야?
ea5a2e5b016740416bde3a3456c70e76.bundle,熱炒店聊天,Say,23,69,一方的に秩序を守ることは、一種の思考放棄だと思うの。,"일방적으로 질서를 지키는 건, 일종의 사고 정지라고 생각해."
ea5a2e5b016740416bde3a3456c70e76.bundle,熱炒店聊天,Branch,#Simple,27,……,……
ea5a2e5b016740416bde3a3456c70e76.bundle,熱炒店聊天,Say,23,70,どんな秩序だろうと、絶対に現実離れした欠陥があると思う。,"어떤 질서든 간에, 반드시 현실과 동떨어진 결함이 있다고 생각해."
ea5a2e5b016740416bde3a3456c70e76.bundle,熱炒店聊天,Say,23,71,この世界の全ての問題を解決できる完璧な秩序は存在しないのよ。,이 세상의 모든 문제를 해결할 수 있는 완벽한 질서는 존재하지 않아.
ea5a2e5b016740416bde3a3456c70e76.bundle,熱炒店聊天,Branch,#Simple,28,でも、それに近づくことはできるはずだ。,"근데, 그것에 가까워지는 건 가능할 텐데."
ea5a2e5b016740416bde3a3456c70e76.bundle,熱炒店聊天,Say,23,72,近づく、なんて言葉自体が曖昧な表現だし、うちはそれに反論する気はないよ。,"가까워진다, 라는 말 자체가 애매한 표현이고, 나는 거기에 반론할 생각은 없어."
ea5a2e5b016740416bde3a3456c70e76.bundle,熱炒店聊天,Branch,#Simple,29,じゃ、あんたの言う尊重はどういう意味だ？,"그럼, 네가 말하는 존중은 무슨 의미야?"
ea5a2e5b016740416bde3a3456c70e76.bundle,熱炒店聊天,Branch,#Simple,30,……,……
ea5a2e5b016740416bde3a3456c70e76.bundle,熱炒店聊天,Say,23,73,うちの言う尊重は、秩序の正当性を強調しているの。,"내가 말하는 존중은, 질서의 정당성을 강조하는 거야."
ea5a2e5b016740416bde3a3456c70e76.bundle,熱炒店聊天,Say,23,74,秩序の具体的な表現は法よ。,질서의 구체적인 표현은 법이지.
ea5a2e5b016740416bde3a3456c70e76.bundle,熱炒店聊天,Say,23,75,法が完璧でないことは誰もがわかっている。それでも人々は、できるだけ法を守ろうとする。,"법이 완벽하지 않다는 건 누구나 알고 있어. 그런데도 사람들은, 최대한 법을 지키려고 하지."
ea5a2e5b016740416bde3a3456c70e76.bundle,熱炒店聊天,Say,23,76,例えばうちら。うちらは正しいことはするが、違法行為はすべきではない。,"예를 들어 우리. 우리는 옳은 일은 하지만, 위법 행위는 하면 안 되는 거야."
ea5a2e5b016740416bde3a3456c70e76.bundle,熱炒店聊天,Say,23,77,或いは、違法行為をする時は相応の覚悟を持つべきよ。,"혹은, 위법 행위를 할 때는 그에 걸맞은 각오를 가져야 해."
ea5a2e5b016740416bde3a3456c70e76.bundle,熱炒店聊天,Say,23,78,自分たちが間違った手段を使っていることを認める、それがレッドラインだと思うの。,"자기들이 잘못된 수단을 쓰고 있다는 걸 인정하는 것, 그게 레드라인이라고 생각해."
ea5a2e5b016740416bde3a3456c70e76.bundle,熱炒店聊天,Branch,#Simple,31,それも一種の思考放棄なんじゃないか？,그것도 일종의 사고 정지 아니야?
ea5a2e5b016740416bde3a3456c70e76.bundle,熱炒店聊天,Say,23,79,さっき褒めてくれたから、うちの考えを認めてくれたと思ったのに。,"아까 칭찬해줬으니까, 내 생각을 인정해준 줄 알았는데."
ea5a2e5b016740416bde3a3456c70e76.bundle,熱炒店聊天,Say,23,80,うちは、法律を疑うなとか、法律を守っていれば絶対に正しいとか、そういうことを言いたいわけじゃないの。,"나는, 법률을 의심하지 말라든가, 법률을 지키면 무조건 옳다든가, 그런 얘기를 하고 싶은 게 아니야."
ea5a2e5b016740416bde3a3456c70e76.bundle,熱炒店聊天,Say,23,81,うちはただ、法を犯す重大さを軽んじるべきではないと言いたいだけよ。,"나는 그냥, 법을 어기는 중대함을 가벼이 여겨서는 안 된다고 말하고 싶을 뿐이야."
ea5a2e5b016740416bde3a3456c70e76.bundle,熱炒店聊天,Say,心の声,10,……スイ･ニンのことを言ってるのか？,……스이 닌 얘기를 하는 건가?
ea5a2e5b016740416bde3a3456c70e76.bundle,熱炒店聊天,Say,23,82,だからうちは「尊重」という言葉を使ったの。,그래서 나는 '존중'이라는 말을 쓴 거야.
ea5a2e5b016740416bde3a3456c70e76.bundle,熱炒店聊天,Branch,#Simple,32,なるほど、それなら賛同できる。,"그렇군, 그거라면 동의할 수 있어."
ea5a2e5b016740416bde3a3456c70e76.bundle,熱炒店聊天,Branch,#Simple,33,……,……
ea5a2e5b016740416bde3a3456c70e76.bundle,熱炒店聊天,Say,リュウセイ･チョウ,41,ほぉ……,허어……
ea5a2e5b016740416bde3a3456c70e76.bundle,熱炒店聊天,Branch,#Simple,34,どうした？,왜 그래?
ea5a2e5b016740416bde3a3456c70e76.bundle,熱炒店聊天,Branch,#Simple,35,23号の考えに賛同しているのか？,23호의 생각에 동의하는 거야?
ea5a2e5b016740416bde3a3456c70e76.bundle,熱炒店聊天,Say,リュウセイ･チョウ,42,いや……,아뇨……
ea5a2e5b016740416bde3a3456c70e76.bundle,熱炒店聊天,Branch,#Simple,36,……,……
ea5a2e5b016740416bde3a3456c70e76.bundle,熱炒店聊天,Say,リュウセイ･チョウ,43,なんか難しすぎて、全然理解できないなって思っただけっす……,"그냥 너무 어려워서, 전혀 이해가 안 되네 싶었을 뿐이에요……"
ea5a2e5b016740416bde3a3456c70e76.bundle,熱炒店聊天,Say,23,83,たまに、あんたみたいな脳天気が羨ましくなるのよね。,"가끔, 너 같은 속 편한 애가 부러워질 때가 있어."
ea5a2e5b016740416bde3a3456c70e76.bundle,熱炒店聊天,Say,リュウセイ･チョウ,44,ちょっと、それは僕をバカにしてるっすよね？,"잠깐, 그거 저를 무시하는 거잖아요?"
ea5a2e5b016740416bde3a3456c70e76.bundle,熱炒店聊天,Say,23,84,あら、それは理解できるんだ。よしよーし、偉いね～,"어머, 그건 이해하네. 옳지옳지, 잘했어~"
ea5a2e5b016740416bde3a3456c70e76.bundle,熱炒店聊天,Say,リュウセイ･チョウ,45,とにかく、23姉は法を犯すのは間違ってる、って言いたいんすよね！,"아무튼, 23 누나는 법을 어기는 건 잘못됐다, 라고 말하고 싶은 거잖아요!"
ea5a2e5b016740416bde3a3456c70e76.bundle,熱炒店聊天,Say,23,85,ま、まあ、凄く簡単に言えば、そういうことになるかな……,"뭐, 뭐, 아주 간단히 말하면, 그렇게 되려나……"
ea5a2e5b016740416bde3a3456c70e76.bundle,熱炒店聊天,Say,リュウセイ･チョウ,46,じゃ、どうして間違ったことをやるっすか？,"그럼, 왜 잘못된 짓을 하는 거예요?"
ea5a2e5b016740416bde3a3456c70e76.bundle,熱炒店聊天,Say,23,86,人間は正しいことだけじゃなく、やりたいこともするでしょう？,"인간은 옳은 일만이 아니라, 하고 싶은 일도 하잖아?"
ea5a2e5b016740416bde3a3456c70e76.bundle,熱炒店聊天,Say,23,87,うちはスイと一緒にいたい。それだけよ。,나는 스이랑 같이 있고 싶어. 그것뿐이야.
ea5a2e5b016740416bde3a3456c70e76.bundle,熱炒店聊天,Say,23,88,……,……
ea5a2e5b016740416bde3a3456c70e76.bundle,熱炒店聊天,Say,心の声,11,正しいことだけじゃなく、やりたいこともやる……,"옳은 일만이 아니라, 하고 싶은 일도 한다……"
ea5a2e5b016740416bde3a3456c70e76.bundle,熱炒店聊天,Say,リュウセイ･チョウ,47,結局はスイ姉のためじゃないっすか！,결국은 스이 누나를 위해서잖아요!
ea5a2e5b016740416bde3a3456c70e76.bundle,熱炒店聊天,Say,23,89,ハハ、そうね……,"하하, 그러네……"
ea5a2e5b016740416bde3a3456c70e76.bundle,熱炒店聊天,Say,心の声,12,笑ってはいるが、23号の表情が暗い……,"웃고는 있지만, 23호의 표정이 어둡다……"
ea5a2e5b016740416bde3a3456c70e76.bundle,熱炒店聊天,Say,23,90,……,……
ea5a2e5b016740416bde3a3456c70e76.bundle,熱炒店聊天,Say,リュウセイ･チョウ,48,僕は思うっす。スイ姉と23姉はこういう細かいことに神経を割きすぎっす！,저는 생각해요. 스이 누나랑 23 누나는 이런 사소한 일에 너무 신경을 쓰는 것 같아요!
ea5a2e5b016740416bde3a3456c70e76.bundle,熱炒店聊天,Say,リュウセイ･チョウ,49,自分らしく生きる！ですよね、ジェイの兄貴！,"자기답게 산다! 그렇죠, 제이 형!"
ea5a2e5b016740416bde3a3456c70e76.bundle,熱炒店聊天,Branch,#Simple,37,そうだな。,그렇지.
ea5a2e5b016740416bde3a3456c70e76.bundle,熱炒店聊天,Say,リュウセイ･チョウ,50,ほら！,거봐요!
ea5a2e5b016740416bde3a3456c70e76.bundle,熱炒店聊天,Branch,#Simple,38,問題は、時に「自分らしさ」がわからなくなることだ。,"문제는, 가끔 '자기다움'을 모르게 되는 거야."
ea5a2e5b016740416bde3a3456c70e76.bundle,熱炒店聊天,Say,リュウセイ･チョウ,51,そ、そうっすかね……,"그, 그런가요……"
ea5a2e5b016740416bde3a3456c70e76.bundle,熱炒店聊天,Say,23,91,よく言った。ジェイ。,말 잘했어. 제이.
ea5a2e5b016740416bde3a3456c70e76.bundle,熱炒店聊天,Branch,#Simple,39,その結論の出し方は、問題を簡単にしすぎている。,"그런 식으로 결론을 내리는 건, 문제를 너무 단순화하고 있어."
ea5a2e5b016740416bde3a3456c70e76.bundle,熱炒店聊天,Say,リュウセイ･チョウ,52,そ、そうっすか？,"그, 그런가요?"
ea5a2e5b016740416bde3a3456c70e76.bundle,熱炒店聊天,Say,23,92,……,……
ea5a2e5b016740416bde3a3456c70e76.bundle,熱炒店聊天,Say,23,93,オッホン、リュウセイ君……,"험험, 류세이 군……"
ea5a2e5b016740416bde3a3456c70e76.bundle,熱炒店聊天,Say,リュウセイ･チョウ,53,急に話し方が変わった！？,갑자기 말투가 바뀌었다!?
ea5a2e5b016740416bde3a3456c70e76.bundle,熱炒店聊天,Say,23,94,本当にフクロウに入りたいと思っているのかね？,정말로 부엉이에 들어오고 싶다고 생각하고 있나?
ea5a2e5b016740416bde3a3456c70e76.bundle,熱炒店聊天,Say,リュウセイ･チョウ,54,もちろんっす！,당연하죠!
ea5a2e5b016740416bde3a3456c70e76.bundle,熱炒店聊天,Say,23,95,……,……
ea5a2e5b016740416bde3a3456c70e76.bundle,熱炒店聊天,Say,23,96,あんたみたいな単純なやつに、適性があるかどうかはわからないけど……,"너처럼 단순한 애한테, 적성이 있는지는 모르겠지만……"
ea5a2e5b016740416bde3a3456c70e76.bundle,熱炒店聊天,Say,リュウセイ･チョウ,55,た、単純のどこが悪いっすか！,"다, 단순한 게 뭐가 나빠요!"
ea5a2e5b016740416bde3a3456c70e76.bundle,熱炒店聊天,Say,23,97,いや、悪いかどうかも知らないけど……,"아니, 나쁜지 아닌지도 모르겠지만……"
ea5a2e5b016740416bde3a3456c70e76.bundle,熱炒店聊天,Say,23,98,あんたならAQテストを一発クリアできそうね。,너라면 AQ 테스트를 단번에 통과할 수 있을 것 같네.
ea5a2e5b016740416bde3a3456c70e76.bundle,熱炒店聊天,Say,リュウセイ･チョウ,56,は、初めて褒められた！？,"처, 처음으로 칭찬받았다!?"
ea5a2e5b016740416bde3a3456c70e76.bundle,熱炒店聊天,Say,心の声,13,23号が悪そうな笑みを浮かべている……,23호가 짓궂은 미소를 짓고 있다……
ea5a2e5b016740416bde3a3456c70e76.bundle,熱炒店聊天,Branch,#Simple,40,AQテストって何だ？,AQ 테스트가 뭐야?
ea5a2e5b016740416bde3a3456c70e76.bundle,熱炒店聊天,Say,23,99,ジェイを見習いなさいな、リュウセイ。,"제이를 좀 본받아, 류세이."
ea5a2e5b016740416bde3a3456c70e76.bundle,熱炒店聊天,Say,リュウセイ･チョウ,57,えっ？,어?
ea5a2e5b016740416bde3a3456c70e76.bundle,熱炒店聊天,Say,23,100,ジェイみたいに、わからないことがあったら正直に聞きなさい。,"제이처럼, 모르는 게 있으면 솔직히 물어봐."
ea5a2e5b016740416bde3a3456c70e76.bundle,熱炒店聊天,Say,23,101,うちは別にあんたを褒めたわけじゃないからね。,나는 딱히 너를 칭찬한 게 아니니까.
ea5a2e5b016740416bde3a3456c70e76.bundle,熱炒店聊天,Say,リュウセイ･チョウ,58,え？テストをパスできるっていいことっすよね？,네? 테스트를 통과할 수 있다는 건 좋은 거잖아요?
ea5a2e5b016740416bde3a3456c70e76.bundle,熱炒店聊天,Branch,#Simple,41,俺はどうだ？,나는 어때?
ea5a2e5b016740416bde3a3456c70e76.bundle,熱炒店聊天,Say,23,102,はあ？あんたもフクロウに入りたいの？,뭐? 너도 부엉이에 들어오고 싶어?
ea5a2e5b016740416bde3a3456c70e76.bundle,熱炒店聊天,Say,心の声,14,……23号はスイ･ニンの考えを知らないのか？,……23호는 스이 닌의 생각을 모르는 건가?
ea5a2e5b016740416bde3a3456c70e76.bundle,熱炒店聊天,Say,リュウセイ･チョウ,59,おお！ジェイ兄貴もやる気っすね！,오! 제이 형도 의욕 있네요!
ea5a2e5b016740416bde3a3456c70e76.bundle,熱炒店聊天,Say,23,103,あんたなら……,너라면……
ea5a2e5b016740416bde3a3456c70e76.bundle,熱炒店聊天,Say,23,104,AQテストは大丈夫でしょうね。,AQ 테스트는 괜찮을 거야.
ea5a2e5b016740416bde3a3456c70e76.bundle,熱炒店聊天,Branch,#Simple,42,……,……
ea5a2e5b016740416bde3a3456c70e76.bundle,熱炒店聊天,Say,23,105,AQテストはね。「祖母」がエージェントの安定性を確かめるものなの。,AQ 테스트는 말이지. '할머니'가 요원의 안정성을 확인하는 거야.
ea5a2e5b016740416bde3a3456c70e76.bundle,熱炒店聊天,Branch,#Simple,43,安定性？,안정성?
ea5a2e5b016740416bde3a3456c70e76.bundle,熱炒店聊天,Say,23,106,現場で働いているエージェントが、想定通りのパフォーマンスを安定して出せるかどうかってこと。,"현장에서 일하는 요원이, 예상대로의 성과를 안정적으로 낼 수 있는지 여부라는 거지."
ea5a2e5b016740416bde3a3456c70e76.bundle,熱炒店聊天,Say,リュウセイ･チョウ,60,じゃ、やっぱりパスできるのはいいことってことっすね？,"그럼, 역시 통과할 수 있는 건 좋은 거네요?"
ea5a2e5b016740416bde3a3456c70e76.bundle,熱炒店聊天,Say,23,107,よくないわよ。,좋은 거 아니야.
ea5a2e5b016740416bde3a3456c70e76.bundle,熱炒店聊天,Branch,#Simple,44,それは一種のテストか？,그게 일종의 테스트인가?
ea5a2e5b016740416bde3a3456c70e76.bundle,熱炒店聊天,Say,23,108,そうとも言えるけど、想像しているものとは全然違うと思うよ。,"그렇다고도 할 수 있는데, 상상하는 거랑은 완전히 다를걸."
ea5a2e5b016740416bde3a3456c70e76.bundle,熱炒店聊天,Branch,#Simple,45,……,……
ea5a2e5b016740416bde3a3456c70e76.bundle,熱炒店聊天,Say,23,109,AQテストをパスしたってことは、祖母があんたを完全に支配できると認めたってことよ。,"AQ 테스트를 통과했다는 건, 할머니가 너를 완전히 지배할 수 있다고 인정했다는 거야."
ea5a2e5b016740416bde3a3456c70e76.bundle,熱炒店聊天,Say,リュウセイ･チョウ,61,はい？,네?
ea5a2e5b016740416bde3a3456c70e76.bundle,熱炒店聊天,Say,23,110,祖母はこう言ってた。AQテストの目的は忠誠心や見せしめのためにやっているわけではないって。,할머니는 이렇게 말했었어. AQ 테스트의 목적은 충성심이나 본보기를 위해서 하는 게 아니라고.
ea5a2e5b016740416bde3a3456c70e76.bundle,熱炒店聊天,Say,23,111,うちらの本質を見るためのテストなのよ。,우리들의 본질을 보기 위한 테스트인 거야.
ea5a2e5b016740416bde3a3456c70e76.bundle,熱炒店聊天,Say,23,112,人の忠誠心は時間と共に増減するし、立場も利益によって変わる。,"사람의 충성심은 시간에 따라 늘거나 줄고, 입장도 이익에 따라 변해."
ea5a2e5b016740416bde3a3456c70e76.bundle,熱炒店聊天,Say,23,113,でも祖母は、人間の本質は簡単には変わらないと思っている。だから本質がわかれば、その人を支配できると思っているのよ。,"근데 할머니는, 인간의 본질은 쉽게 안 변한다고 생각해. 그러니까 본질을 알면, 그 사람을 지배할 수 있다고 생각하는 거야."
ea5a2e5b016740416bde3a3456c70e76.bundle,熱炒店聊天,Say,リュウセイ･チョウ,62,どういう意味だ？,그게 무슨 뜻이야?
ea5a2e5b016740416bde3a3456c70e76.bundle,熱炒店聊天,Say,23,114,じゃ、典型的な例を出そうか。,"그럼, 전형적인 예를 들어볼까."
ea5a2e5b016740416bde3a3456c70e76.bundle,熱炒店聊天,Say,23,115,トロッコ問題ね。一方のレールに五人の子ども、一方のレールにリンリンが縛られていたとしたら、あんたはどっちを助ける？,"트롤리 문제야. 한쪽 선로에 아이 다섯 명, 한쪽 선로에 린링이 묶여 있다면, 너는 어느 쪽을 구할래?"
ea5a2e5b016740416bde3a3456c70e76.bundle,熱炒店聊天,Say,心の声,15,リン。,린.
ea5a2e5b016740416bde3a3456c70e76.bundle,熱炒店聊天,Branch,#Simple,46,リン。,린.
ea5a2e5b016740416bde3a3456c70e76.bundle,熱炒店聊天,Say,23,116,即答か、冷たい人間ね。,"즉답이네, 냉정한 인간이야."
ea5a2e5b016740416bde3a3456c70e76.bundle,熱炒店聊天,Say,23,117,その答えを聞いた祖母は、あんたをどういう任務に派遣すべきかがわかる。,"그 대답을 들은 할머니는, 너를 어떤 임무에 보내야 할지 알게 되지."
ea5a2e5b016740416bde3a3456c70e76.bundle,熱炒店聊天,Say,23,118,あ、それとあんたが命令に従わない時、何で脅せばいいのかもわかるわね。,"아, 그리고 네가 명령을 따르지 않을 때, 뭘로 협박하면 되는지도 알게 되고."
ea5a2e5b016740416bde3a3456c70e76.bundle,熱炒店聊天,Branch,#Simple,47,五人の子ども。,아이 다섯 명.
ea5a2e5b016740416bde3a3456c70e76.bundle,熱炒店聊天,Say,23,119,へぇ、あんたは絶対にリンリンを選ぶと思ったのに。,"허, 너는 무조건 린링을 고를 줄 알았는데."
ea5a2e5b016740416bde3a3456c70e76.bundle,熱炒店聊天,Say,23,120,あんたのその答えから、あんたはリンリンより、より多くの人間を救おうすることがわかる。,"그 대답으로, 너는 린링보다, 더 많은 사람을 구하려 한다는 걸 알 수 있지."
ea5a2e5b016740416bde3a3456c70e76.bundle,熱炒店聊天,Branch,#Simple,48,他に助ける方法はないのか？,다른 구할 방법은 없어?
ea5a2e5b016740416bde3a3456c70e76.bundle,熱炒店聊天,Say,23,121,ちょっと、これは思想実験よ。条件を追加するのはなしね。,"잠깐, 이건 사고 실험이야. 조건을 추가하는 건 안 돼."
ea5a2e5b016740416bde3a3456c70e76.bundle,熱炒店聊天,Say,23,122,リンリンと五人の子ども、どっちか一方しか選べないの！,"린링이랑 아이 다섯 명, 둘 중 하나만 골라야 해!"
ea5a2e5b016740416bde3a3456c70e76.bundle,熱炒店聊天,Say,23,123,まあ、今のはただの机上の空論だけどね。,"뭐, 지금 건 그냥 탁상공론이지만."
ea5a2e5b016740416bde3a3456c70e76.bundle,熱炒店聊天,Say,23,124,AQテストは現実的な選択を突きつけられる。あんたは決断をし、その代償も背負わされる。,"AQ 테스트는 현실적인 선택을 강요당해. 너는 결단을 내리고, 그 대가도 짊어지게 되지."
ea5a2e5b016740416bde3a3456c70e76.bundle,熱炒店聊天,Say,23,125,それとこのテストは、一人のエージェントに対して、3～4回行われるのが普通なんだけど……,"그리고 이 테스트는, 한 요원한테, 3~4번 실시되는 게 보통인데……"
ea5a2e5b016740416bde3a3456c70e76.bundle,熱炒店聊天,Say,23,126,スイは21回もやらされている。,스이는 21번이나 당했어.
ea5a2e5b016740416bde3a3456c70e76.bundle,熱炒店聊天,Say,リュウセイ･チョウ,63,えっ、なぜっすか？,"네, 왜요?"
ea5a2e5b016740416bde3a3456c70e76.bundle,熱炒店聊天,Say,23,127,彼女はいつも素手でトロッコを止めちゃうから。,그 애는 항상 맨손으로 트롤리를 멈춰버리니까.
ea5a2e5b016740416bde3a3456c70e76.bundle,熱炒店聊天,Say,リュウセイ･チョウ,64,はい？,네?
ea5a2e5b016740416bde3a3456c70e76.bundle,熱炒店聊天,Say,23,128,彼女は毎回、出される難題を見事にクリアし、選択するフェーズまで行かないのよ。,"그 애는 매번, 주어지는 난제를 훌륭하게 클리어해서, 선택하는 단계까지 안 가는 거야."
ea5a2e5b016740416bde3a3456c70e76.bundle,熱炒店聊天,Say,23,129,さっきのトロッコ問題みたいな机上の空論と違って、現実世界では犠牲者を出さずに危機を回避する方法が存在するからね。,"아까 트롤리 문제 같은 탁상공론이랑 다르게, 현실 세계에서는 희생자를 안 내고 위기를 피할 방법이 존재하니까."
ea5a2e5b016740416bde3a3456c70e76.bundle,熱炒店聊天,Say,23,130,でもそれは、うちやあんたたちみたいな一般人には不可能。,"근데 그건, 나나 너희 같은 일반인한테는 불가능해."
ea5a2e5b016740416bde3a3456c70e76.bundle,熱炒店聊天,Say,23,131,彼女のように祖母が下したAQテストを次々と破綻させた人間は、今まで存在しないみたい。,"그 애처럼 할머니가 낸 AQ 테스트를 연달아 무산시킨 사람은, 지금까지 없었던 것 같아."
ea5a2e5b016740416bde3a3456c70e76.bundle,熱炒店聊天,Say,リュウセイ･チョウ,65,スイ姉…流石っす……！,스이 누나…역시예요……!
ea5a2e5b016740416bde3a3456c70e76.bundle,熱炒店聊天,Say,23,132,ハハ！そうでしょう。,하하! 그렇지.
ea5a2e5b016740416bde3a3456c70e76.bundle,熱炒店聊天,Say,23,133,でも言い換えれば、彼女はまだ本当の「試練」を経験したことがないことにもなる。,"근데 바꿔 말하면, 그 애는 아직 진짜 '시련'을 경험한 적이 없다는 게 되기도 해."
ea5a2e5b016740416bde3a3456c70e76.bundle,熱炒店聊天,Say,リュウセイ･チョウ,66,スイ姉はこれからもAQテストやらされるってことっすか？,스이 누나는 앞으로도 AQ 테스트를 당한다는 거예요?
ea5a2e5b016740416bde3a3456c70e76.bundle,熱炒店聊天,Say,23,134,うん、間違いないと思う。しかもテスト内容は、回数を重ねる度に極端なものになる……,"응, 틀림없을 거야. 게다가 테스트 내용은, 횟수를 거듭할수록 극단적인 게 될 거고……"
ea5a2e5b016740416bde3a3456c70e76.bundle,熱炒店聊天,Branch,#Simple,49,事前にAQテストを行うことを知らされるのか？,사전에 AQ 테스트를 실시한다는 걸 통보받는 거야?
ea5a2e5b016740416bde3a3456c70e76.bundle,熱炒店聊天,Say,23,135,もちろん事前に知ることはできない。,당연히 사전에 알 수는 없어.
ea5a2e5b016740416bde3a3456c70e76.bundle,熱炒店聊天,Branch,#Simple,50,テストにクリアしなかったらどうなるんだ？,테스트를 통과하지 못하면 어떻게 되는데?
ea5a2e5b016740416bde3a3456c70e76.bundle,熱炒店聊天,Say,23,136,「クリア」っていうのは祖母が、欲しい結果を手に入れられたかどうかの話なの。,"'클리어'라는 건 할머니가, 원하는 결과를 얻었는지의 얘기야."
ea5a2e5b016740416bde3a3456c70e76.bundle,熱炒店聊天,Say,23,137,究極の選択を何回か強いられれば、いずれクリアはするはずよ。,"궁극의 선택을 몇 번인가 강요당하다 보면, 언젠가는 클리어하게 되겠지."
ea5a2e5b016740416bde3a3456c70e76.bundle,熱炒店聊天,Branch,#Simple,51,……,……
ea5a2e5b016740416bde3a3456c70e76.bundle,熱炒店聊天,Say,23,138,AQテストはいつも、うちらの任務に勝手に紛れ込ませているから、その時にならないと、これがテストなのかはわからないの。,"AQ 테스트는 항상, 우리 임무에 멋대로 섞여 들어와 있으니까, 그때가 되기 전까진, 이게 테스트인지는 몰라."
ea5a2e5b016740416bde3a3456c70e76.bundle,熱炒店聊天,Say,リュウセイ･チョウ,67,そこまでやる必要があるっすかね……,그렇게까지 할 필요가 있나요……
ea5a2e5b016740416bde3a3456c70e76.bundle,熱炒店聊天,Say,23,139,祖母にとってはあるのよ。こうしないと彼女は全てのエージェントを支配できないからね。,할머니 입장에서는 있어. 이렇게 안 하면 그 사람은 모든 요원을 지배할 수가 없으니까.
ea5a2e5b016740416bde3a3456c70e76.bundle,熱炒店聊天,Say,23,140,あんたもフクロウのシステムを知っているでしょう？,너도 부엉이 시스템 알잖아?
ea5a2e5b016740416bde3a3456c70e76.bundle,熱炒店聊天,Say,リュウセイ･チョウ,68,まあ、そうっすね……,"뭐, 그렇죠……"
ea5a2e5b016740416bde3a3456c70e76.bundle,熱炒店聊天,Say,心の声,16,システム？,시스템?
ea5a2e5b016740416bde3a3456c70e76.bundle,熱炒店聊天,Branch,#Simple,52,フクロウのシステムっていうのは？,부엉이 시스템이라는 게?
ea5a2e5b016740416bde3a3456c70e76.bundle,熱炒店聊天,Branch,#Simple,53,システムっていうのは、各エージェントの立場の差のことか？,"시스템이라는 건, 각 요원의 입지 차이를 말하는 건가?"
ea5a2e5b016740416bde3a3456c70e76.bundle,熱炒店聊天,Say,23,141,お！鋭いね！,오! 예리하네!
ea5a2e5b016740416bde3a3456c70e76.bundle,熱炒店聊天,Say,23,142,それが重要なのよ。,그게 중요한 거야.
ea5a2e5b016740416bde3a3456c70e76.bundle,熱炒店聊天,Branch,#Simple,54,……,……
ea5a2e5b016740416bde3a3456c70e76.bundle,熱炒店聊天,Say,23,143,システムについて説明してあげる。,시스템에 대해서 설명해줄게.
ea5a2e5b016740416bde3a3456c70e76.bundle,熱炒店聊天,Say,23,144,フクロウは政府の調査部門だけど、設立当初から各大企業からの「援助」を受けているの。,"부엉이는 정부의 조사 부문이지만, 설립 초기부터 각 대기업의 '지원'을 받고 있어."
ea5a2e5b016740416bde3a3456c70e76.bundle,熱炒店聊天,Say,23,145,だから、いくつかの大企業はフクロウの運営方針を左右できる。,"그래서, 몇몇 대기업은 부엉이의 운영 방침을 좌우할 수 있어."
ea5a2e5b016740416bde3a3456c70e76.bundle,熱炒店聊天,Say,23,146,一番顕著にそれが出るのが入隊方法でしょうね。,제일 뚜렷하게 그게 드러나는 게 입대 방법이겠지.
ea5a2e5b016740416bde3a3456c70e76.bundle,熱炒店聊天,Say,23,147,フクロウのエージェントになるには、三つの方法があるの。他のエージェントによる推薦、正規選抜、その他よ。,"부엉이 요원이 되려면, 세 가지 방법이 있어. 다른 요원에 의한 추천, 정규 선발, 그 밖의 방법이야."
ea5a2e5b016740416bde3a3456c70e76.bundle,熱炒店聊天,Say,23,148,推薦は文字通りよ。規律を守り、良い成績を残したエージェントはいくつかの推薦枠を持っているの。,"추천은 말 그대로야. 규율을 지키고, 좋은 성과를 남긴 요원은 몇 개의 추천 자리를 갖고 있어."
ea5a2e5b016740416bde3a3456c70e76.bundle,熱炒店聊天,Say,リュウセイ･チョウ,69,スイ姉なら当然持ってるっすよね！,스이 누나라면 당연히 갖고 있겠죠!
ea5a2e5b016740416bde3a3456c70e76.bundle,熱炒店聊天,Say,23,149,うん。でも推薦であろうと、祖母の同意が必要よ。,"응. 근데 추천이라 해도, 할머니의 동의가 필요해."
ea5a2e5b016740416bde3a3456c70e76.bundle,熱炒店聊天,Branch,#Simple,55,23号は推薦枠を持っているのか？,23호는 추천 자리를 갖고 있어?
ea5a2e5b016740416bde3a3456c70e76.bundle,熱炒店聊天,Say,23,150,いや、持ってないよ。,"아니, 없어."
ea5a2e5b016740416bde3a3456c70e76.bundle,熱炒店聊天,Say,リュウセイ･チョウ,70,ハハハ！やっぱり！,하하하! 역시!
ea5a2e5b016740416bde3a3456c70e76.bundle,熱炒店聊天,Say,23,151,笑うな！推薦枠の基準を満たしているやつは皆、化け物なのよ！,웃지 마! 추천 자리 기준을 채운 놈들은 다들 괴물이라고!
ea5a2e5b016740416bde3a3456c70e76.bundle,熱炒店聊天,Say,23,152,そもそも推薦っていうのは、最強のエージェントに認められたことを意味するの。,"애초에 추천이라는 건, 최강의 요원한테 인정받았다는 걸 의미해."
ea5a2e5b016740416bde3a3456c70e76.bundle,熱炒店聊天,Say,23,153,スイの師匠なんて、すっごい怖い人なんだから。,"스이의 스승님만 해도, 엄청 무서운 사람이니까."
ea5a2e5b016740416bde3a3456c70e76.bundle,熱炒店聊天,Say,23,154,まあ、でも推薦で入れる人は一握りよ。,"뭐, 근데 추천으로 들어올 수 있는 사람은 극소수야."
ea5a2e5b016740416bde3a3456c70e76.bundle,熱炒店聊天,Branch,#Simple,56,だからリュウセイはスイ･ニンの推薦を狙っているのか？,그래서 류세이는 스이 닌의 추천을 노리는 건가?
ea5a2e5b016740416bde3a3456c70e76.bundle,熱炒店聊天,Say,23,155,そう！,맞아!
ea5a2e5b016740416bde3a3456c70e76.bundle,熱炒店聊天,Say,23,156,まあ、スイに認められたらの話だけど。,"뭐, 스이한테 인정받는다면의 얘기지만."
ea5a2e5b016740416bde3a3456c70e76.bundle,熱炒店聊天,Say,23,157,でも正直、推薦で入れる人なんて一握りよ。,"근데 솔직히, 추천으로 들어올 사람은 극소수야."
ea5a2e5b016740416bde3a3456c70e76.bundle,熱炒店聊天,Branch,#Simple,57,……,……
ea5a2e5b016740416bde3a3456c70e76.bundle,熱炒店聊天,Say,23,158,正式選抜は、一見、申請して応募するだけの普通のシステムに見える。,"정식 선발은, 언뜻 보면, 신청해서 응모하기만 하는 평범한 시스템처럼 보여."
ea5a2e5b016740416bde3a3456c70e76.bundle,熱炒店聊天,Say,23,159,でも実際は企業が裏についていないと、まず受からない。,"근데 실제로는 기업이 뒤를 봐주지 않으면, 우선 붙질 못해."
ea5a2e5b016740416bde3a3456c70e76.bundle,熱炒店聊天,Say,23,160,フクロウの九割のエージェントはこの方法で入隊したと思ってくれていい。,부엉이의 90%의 요원은 이 방법으로 입대했다고 생각하면 돼.
ea5a2e5b016740416bde3a3456c70e76.bundle,熱炒店聊天,Say,心の声,17,つまりフクロウは各大企業の手先が入り交じっているってことか。,즉 부엉이는 각 대기업의 앞잡이가 뒤섞여 있다는 건가.
ea5a2e5b016740416bde3a3456c70e76.bundle,熱炒店聊天,Say,23,161,うちらの調査がフクロウにバレたら中止させられるって言ったの覚えてる？,우리 조사가 부엉이한테 들키면 중지당한다고 했던 거 기억해?
ea5a2e5b016740416bde3a3456c70e76.bundle,熱炒店聊天,Branch,#Simple,58,私的な調査はフクロウの規定に反しているからだろ？,사적인 조사는 부엉이 규정에 반하니까 그런 거지?
ea5a2e5b016740416bde3a3456c70e76.bundle,熱炒店聊天,Say,23,162,表向きの理由はそうね。,겉으로 드러난 이유는 그렇지.
ea5a2e5b016740416bde3a3456c70e76.bundle,熱炒店聊天,Say,23,163,だけど本当は、調査すること自体が「禁止」されているの。,"하지만 사실은, 조사하는 것 자체가 '금지'되어 있는 거야."
ea5a2e5b016740416bde3a3456c70e76.bundle,熱炒店聊天,Branch,#Simple,59,万象もフクロウの「スポンサー」だからか？,완샹도 부엉이의 '스폰서'라서 그런가?
ea5a2e5b016740416bde3a3456c70e76.bundle,熱炒店聊天,Say,23,164,その通り！,맞아!
ea5a2e5b016740416bde3a3456c70e76.bundle,熱炒店聊天,Branch,#Simple,60,……,……
ea5a2e5b016740416bde3a3456c70e76.bundle,熱炒店聊天,Say,23,165,万象はきっと圧力をかけて、うちらを止めに来る。,"완샹은 분명 압력을 넣어서, 우리를 막으러 올 거야."
ea5a2e5b016740416bde3a3456c70e76.bundle,熱炒店聊天,Say,23,166,そもそも万象みたいな、五本の指に入るほどの大企業は、きっとフクロウに対して強い決定権を持っているの。,"애초에 완샹처럼, 다섯 손가락 안에 드는 대기업은, 분명 부엉이에 대해 강한 결정권을 갖고 있어."
ea5a2e5b016740416bde3a3456c70e76.bundle,熱炒店聊天,Say,心の声,18,彼女たちはかなり危険を冒して、万象を調べていたんだな……,"이 여자들, 상당한 위험을 감수하고, 완샹을 조사하고 있었던 거구나……"
ea5a2e5b016740416bde3a3456c70e76.bundle,熱炒店聊天,Say,リュウセイ･チョウ,71,ん？待ってくださいっす。結局はどうして僕がAQテストを簡単にクリアできるって話になるっすか？,음? 잠깐만요. 결국은 왜 제가 AQ 테스트를 쉽게 통과할 수 있다는 얘기가 되는 거예요?
ea5a2e5b016740416bde3a3456c70e76.bundle,熱炒店聊天,Say,23,167,あんたが単純過ぎるからよ！,네가 너무 단순하니까 그렇지!
ea5a2e5b016740416bde3a3456c70e76.bundle,熱炒店聊天,Say,23,168,テストを何回もやる必要なんてない。一回であんたの本質が丸わかりよ！,테스트를 몇 번씩 할 필요도 없어. 한 번이면 네 본질이 훤히 보인다니까!
ea5a2e5b016740416bde3a3456c70e76.bundle,熱炒店聊天,Say,リュウセイ･チョウ,72,そ、そういうことっすか！？,"그, 그런 거예요!?"
ea5a2e5b016740416bde3a3456c70e76.bundle,熱炒店聊天,Say,心の声,19,俺も簡単にクリアできるって言われたな。,나도 쉽게 클리어할 수 있다는 소리를 들었지.
ea5a2e5b016740416bde3a3456c70e76.bundle,熱炒店聊天,Say,心の声,20,……つまり俺も単純ってことか？,……그러니까 나도 단순하다는 건가?
ea5a2e5b016740416bde3a3456c70e76.bundle,熱炒店聊天,Say,23,169,ヒック……何、嫌なの？,"딸꾹……왜, 싫어?"
ea5a2e5b016740416bde3a3456c70e76.bundle,熱炒店聊天,Say,リュウセイ･チョウ,73,べ、別に……,"따, 딱히……"
ea5a2e5b016740416bde3a3456c70e76.bundle,熱炒店聊天,Say,23,170,ミステリアスで尻尾の掴めない男に憧れてるとか？,미스터리하고 종잡을 수 없는 남자를 동경하는 거야?
ea5a2e5b016740416bde3a3456c70e76.bundle,熱炒店聊天,Say,リュウセイ･チョウ,74,べ、別にそんなんじゃないっすよ……,"따, 딱히 그런 거 아니에요……"
ea5a2e5b016740416bde3a3456c70e76.bundle,熱炒店聊天,Say,23,171,嘘だね～,거짓말이네~
ea5a2e5b016740416bde3a3456c70e76.bundle,熱炒店聊天,Say,23,172,あんたは嘘を吐く時、いつも頭をポリポリ掻く。,"너는 거짓말할 때, 항상 머리를 벅벅 긁어."
ea5a2e5b016740416bde3a3456c70e76.bundle,熱炒店聊天,Say,リュウセイ･チョウ,75,なっ！？,뭐!?
ea5a2e5b016740416bde3a3456c70e76.bundle,熱炒店聊天,Say,23,173,ヒッグ、だから、見抜かれずに嘘をつくスキルを身につけなって！,"딸꾹, 그러니까, 들키지 않고 거짓말하는 스킬을 익히라니까!"
ea5a2e5b016740416bde3a3456c70e76.bundle,熱炒店聊天,Say,23,174,あのね、ジェイ～,"있잖아, 제이~"
ea5a2e5b016740416bde3a3456c70e76.bundle,熱炒店聊天,Say,23,175,うちらエージェントはね、嘘をつく時の仕草まで教え込まれるんだ～,"우리 요원들은 말이지, 거짓말할 때 몸짓까지 훈련받는다구~"
ea5a2e5b016740416bde3a3456c70e76.bundle,熱炒店聊天,Say,23,176,目の泳ぎ！指の引きつり！すべてを完璧にコントロールしないといけないの！,눈동자 흔들림! 손가락 떨림! 전부 다 완벽하게 컨트롤해야 돼!
ea5a2e5b016740416bde3a3456c70e76.bundle,熱炒店聊天,Say,23,177,時には別の仕草をあえてして、相手を騙す必要があるの～,"가끔은 일부러 다른 몸짓을 해서, 상대를 속일 필요도 있고~"
ea5a2e5b016740416bde3a3456c70e76.bundle,熱炒店聊天,Say,リュウセイ･チョウ,76,23姉、それはジェイさんに言っても大丈夫なことっすか……？,"23 누나, 그거 제이 씨한테 말해도 괜찮은 거예요……?"
ea5a2e5b016740416bde3a3456c70e76.bundle,熱炒店聊天,Say,23,178,え？大丈夫に決まってるでしょ。大したことじゃないし……,어? 당연히 괜찮지. 별거 아니고……
ea5a2e5b016740416bde3a3456c70e76.bundle,熱炒店聊天,Say,リュウセイ･チョウ,77,ちょっと、これ酔っ払ってるっすよね？,"잠깐, 이거 취한 거죠?"
ea5a2e5b016740416bde3a3456c70e76.bundle,熱炒店聊天,Say,23,179,はぁ？誰が……酔ってるって……？,뭐? 누가……취했다고……?
ea5a2e5b016740416bde3a3456c70e76.bundle,熱炒店聊天,Say,リュウセイ･チョウ,78,ジェイの兄貴、実は23姉ってめちゃくちゃ酒が弱いんすよ……,"제이 형, 실은 23 누나 술 엄청 약해요……"
ea5a2e5b016740416bde3a3456c70e76.bundle,熱炒店聊天,Branch,#Simple,61,彼女は大丈夫なのか？,이 여자 괜찮은 거야?
ea5a2e5b016740416bde3a3456c70e76.bundle,熱炒店聊天,Branch,#Simple,62,見た目のわりに意外だな。,겉보기랑 다르게 의외네.
ea5a2e5b016740416bde3a3456c70e76.bundle,熱炒店聊天,Branch,#Simple,63,……,……
ea5a2e5b016740416bde3a3456c70e76.bundle,熱炒店聊天,Say,23,180,え？ジェイは酒弱いの？,어? 제이는 술 약해?
ea5a2e5b016740416bde3a3456c70e76.bundle,熱炒店聊天,Say,23,181,ハハハ！こんなに背が高いのにアルコールに負けちゃうんだ……,하하하! 이렇게 키가 큰데도 알코올한테 지는구나……
ea5a2e5b016740416bde3a3456c70e76.bundle,熱炒店聊天,Say,リュウセイ･チョウ,79,23姉のことっすよ！,23 누나 얘기예요!
ea5a2e5b016740416bde3a3456c70e76.bundle,熱炒店聊天,Say,リュウセイ･チョウ,80,ほら、もう人の言葉すら聞き取れないっすよ……,"봐요, 이제 남 말도 못 알아듣잖아요……"
ea5a2e5b016740416bde3a3456c70e76.bundle,熱炒店聊天,Say,23,182,ちゃんと聞き取れてるっつーの！頭も高速回転中よ！,제대로 알아듣고 있다니까! 머리도 고속 회전 중이야!
ea5a2e5b016740416bde3a3456c70e76.bundle,熱炒店聊天,Say,リュウセイ･チョウ,81,じゃ、23姉の好きな人は誰っすか？,"그럼, 23 누나가 좋아하는 사람은 누구예요?"
ea5a2e5b016740416bde3a3456c70e76.bundle,熱炒店聊天,Say,23,183,スイ！,스이!
ea5a2e5b016740416bde3a3456c70e76.bundle,熱炒店聊天,Say,リュウセイ･チョウ,82,どうして？,왜요?
ea5a2e5b016740416bde3a3456c70e76.bundle,熱炒店聊天,Say,23,184,格好良くて、優しいから。,"멋있고, 다정하니까."
ea5a2e5b016740416bde3a3456c70e76.bundle,熱炒店聊天,Say,リュウセイ･チョウ,83,あらら、電池切れっすね。,"어이쿠, 배터리 나갔네요."
ea5a2e5b016740416bde3a3456c70e76.bundle,熱炒店聊天,Branch,#Simple,64,そろそろ連れて帰るか？,슬슬 데리고 가야 하나?
ea5a2e5b016740416bde3a3456c70e76.bundle,熱炒店聊天,Say,リュウセイ･チョウ,84,待ってください。せっかくのチャンスっす！,잠깐만요. 모처럼의 기회라고요!
ea5a2e5b016740416bde3a3456c70e76.bundle,熱炒店聊天,Say,心の声,21,何をするつもりだ？,뭘 할 셈이지?
ea5a2e5b016740416bde3a3456c70e76.bundle,熱炒店聊天,Branch,#Simple,65,よく酔っ払うのか？,자주 취해?
ea5a2e5b016740416bde3a3456c70e76.bundle,熱炒店聊天,Say,リュウセイ･チョウ,85,普段はあまり外で飲まないっすね。,평소엔 밖에서 별로 안 마셔요.
ea5a2e5b016740416bde3a3456c70e76.bundle,熱炒店聊天,Say,リュウセイ･チョウ,86,きっと最近は、ストレスが溜まってたってことっすね。,"분명 요즘, 스트레스가 쌓였던 거겠죠."
ea5a2e5b016740416bde3a3456c70e76.bundle,熱炒店聊天,Branch,#Simple,66,……,……
ea5a2e5b016740416bde3a3456c70e76.bundle,熱炒店聊天,Say,23,185,スイは……優しい……うちに……,스이는……다정해……나한테……
ea5a2e5b016740416bde3a3456c70e76.bundle,熱炒店聊天,Say,リュウセイ･チョウ,87,もうわかりましたから！その話はもう聞いたっすよ。,이제 알겠으니까요! 그 얘기는 이미 들었어요.
ea5a2e5b016740416bde3a3456c70e76.bundle,熱炒店聊天,Say,リュウセイ･チョウ,88,じゃ、聞くっすけど～～,"그럼, 물어볼게요~~"
ea5a2e5b016740416bde3a3456c70e76.bundle,熱炒店聊天,Say,リュウセイ･チョウ,89,本当にスイ姉に想いを告げず、一生仕事のパートナーの関係でいいんすか？,"정말로 스이 누나한테 마음을 안 고백하고, 평생 일 파트너 관계로 괜찮은 거예요?"
ea5a2e5b016740416bde3a3456c70e76.bundle,熱炒店聊天,Say,23,186,……え？,……어?
ea5a2e5b016740416bde3a3456c70e76.bundle,熱炒店聊天,Say,23,187,別にいいって言ったでしょう！,딱히 괜찮다고 했잖아!
ea5a2e5b016740416bde3a3456c70e76.bundle,熱炒店聊天,Say,心の声,22,急に正気に戻った。,갑자기 정신을 차렸다.
ea5a2e5b016740416bde3a3456c70e76.bundle,熱炒店聊天,Say,リュウセイ･チョウ,90,クソッ、酔っ払ったら認めると思ったのに！,"젠장, 취하면 인정할 줄 알았는데!"
ea5a2e5b016740416bde3a3456c70e76.bundle,熱炒店聊天,Say,23,188,別に認めるも何もないし、あと酔ってないし……オェッ……,"딱히 인정하고 자시고 할 것도 없고, 그리고 안 취했고……우엑……"
ea5a2e5b016740416bde3a3456c70e76.bundle,熱炒店聊天,Say,23,189,気分悪くなったから、先に帰る。,"속이 안 좋아졌으니까, 먼저 갈게."
ea5a2e5b016740416bde3a3456c70e76.bundle,熱炒店聊天,Say,23,190,じゃあ。,그럼.
ea5a2e5b016740416bde3a3456c70e76.bundle,熱炒店聊天,Say,リュウセイ･チョウ,91,はーい。,네—.
ea5a2e5b016740416bde3a3456c70e76.bundle,熱炒店聊天,Branch,#Simple,67,ああ。,그래.
ea5a2e5b016740416bde3a3456c70e76.bundle,熱炒店聊天,Branch,#Simple,68,送ろうか？,데려다줄까?
ea5a2e5b016740416bde3a3456c70e76.bundle,熱炒店聊天,Say,23,191,優しいね。リュウセイは見習いな……,다정하네. 류세이는 좀 본받아……
ea5a2e5b016740416bde3a3456c70e76.bundle,熱炒店聊天,Say,リュウセイ･チョウ,92,そんな状態で説教するのはやめてください！早く大人しく帰るっす。,그런 상태로 설교하는 건 그만두세요! 빨리 얌전히 가요.
ea5a2e5b016740416bde3a3456c70e76.bundle,熱炒店聊天,Branch,#Simple,69,……,……
ea5a2e5b016740416bde3a3456c70e76.bundle,續攤隆生說明恨蔓生,Say,リュウセイ･チョウ,0,こっちっす！！！,이쪽이에요!!!
ea5a2e5b016740416bde3a3456c70e76.bundle,續攤隆生說明恨蔓生,Say,リュウセイ･チョウ,1,ジェイの兄貴！！！,제이 형!!!
ea5a2e5b016740416bde3a3456c70e76.bundle,續攤隆生說明恨蔓生,Say,リュウセイ･チョウ,2,こっちこっち！！！,이쪽이요 이쪽!!!
ea5a2e5b016740416bde3a3456c70e76.bundle,續攤隆生說明恨蔓生,Say,心の声,0,声が大きい……,목소리가 크다……
ea5a2e5b016740416bde3a3456c70e76.bundle,續攤隆生說明恨蔓生,Say,心の声,1,公衆の面前で名前を呼ぶな……,사람들 앞에서 이름 부르지 마……
ea5a2e5b016740416bde3a3456c70e76.bundle,續攤隆生說明恨蔓生,Branch,#Simple,0,来たぞ、リュウセイ！！！,"왔다, 류세이!!!"
ea5a2e5b016740416bde3a3456c70e76.bundle,續攤隆生說明恨蔓生,Branch,#Simple,1,……,……
ea5a2e5b016740416bde3a3456c70e76.bundle,回司徒基地,Say,リュウセイ･チョウ,0,はあ～！やっぱ我が家が一番っすね……,하아~! 역시 우리 집이 최고네요……
ea5a2e5b016740416bde3a3456c70e76.bundle,回司徒基地,Say,23,0,いや、我が家じゃないから。,"아니, 네 집 아니거든."
ea5a2e5b016740416bde3a3456c70e76.bundle,回司徒基地,Say,リュウセイ･チョウ,1,家族がいる場所が家っすよ！,가족이 있는 곳이 집이죠!
ea5a2e5b016740416bde3a3456c70e76.bundle,回司徒基地,Say,23,1,……,……
ea5a2e5b016740416bde3a3456c70e76.bundle,回司徒基地,Say,23,2,……うちらはあんたの家族じゃないけど？,……우리는 네 가족이 아니거든?
ea5a2e5b016740416bde3a3456c70e76.bundle,回司徒基地,Say,リュウセイ･チョウ,2,ちょっと冗談を言っただけじゃないっすか。急にマジな返答するのやめてくださいっす。,그냥 농담 좀 한 거잖아요. 갑자기 진지하게 대답하지 마세요.
ea5a2e5b016740416bde3a3456c70e76.bundle,回司徒基地,Say,リュウセイ･チョウ,3,それに……う゛う゛っ！痛たたた……！,게다가……으윽! 아파파파……!
ea5a2e5b016740416bde3a3456c70e76.bundle,回司徒基地,Say,23,3,動くと傷口が開くでしょう。,움직이면 상처가 벌어지잖아.
ea5a2e5b016740416bde3a3456c70e76.bundle,回司徒基地,Say,リュウセイ･チョウ,4,うぅ……,으으……
ea5a2e5b016740416bde3a3456c70e76.bundle,回司徒基地,Say,リュウセイ･チョウ,5,ジェイの兄貴は無事だなんて、凄すぎるっすよ。,"제이 형은 멀쩡하다니, 진짜 대단하네요."
ea5a2e5b016740416bde3a3456c70e76.bundle,回司徒基地,Say,リュウセイ･チョウ,6,うぅ！痛い！痛いっす！,으윽! 아파! 아프다고요!
ea5a2e5b016740416bde3a3456c70e76.bundle,回司徒基地,Branch,#Simple,0,大丈夫か？,괜찮아?
ea5a2e5b016740416bde3a3456c70e76.bundle,回司徒基地,Say,リュウセイ･チョウ,7,大丈夫っちゃ、大丈夫っすけど……,괜찮다면 괜찮은데……
ea5a2e5b016740416bde3a3456c70e76.bundle,回司徒基地,Branch,#Simple,1,静かに！,조용히!
ea5a2e5b016740416bde3a3456c70e76.bundle,回司徒基地,Say,リュウセイ･チョウ,8,ジェイの兄貴、怖い……,"제이 형, 무서워요……"
ea5a2e5b016740416bde3a3456c70e76.bundle,回司徒基地,Say,リュウセイ･チョウ,9,うぅ、痛いっす……,"으으, 아파요……"
ea5a2e5b016740416bde3a3456c70e76.bundle,回司徒基地,Branch,#Simple,2,……,……
ea5a2e5b016740416bde3a3456c70e76.bundle,回司徒基地,Say,リュウセイ･チョウ,10,ああ、もう！23姉の手当は下手すぎっす！,"아, 진짜! 23 누나 처치는 너무 서툴러요!"
ea5a2e5b016740416bde3a3456c70e76.bundle,回司徒基地,Say,23,4,ごめん……,미안……
ea5a2e5b016740416bde3a3456c70e76.bundle,回司徒基地,Say,リュウセイ･チョウ,11,えっ？あ、いや、冗談っすよ……,"네? 아, 아뇨, 농담이에요……"
ea5a2e5b016740416bde3a3456c70e76.bundle,回司徒基地,Say,心の声,0,ん？リンが俺に何か目配せをしている……,응? 린이 나한테 뭔가 눈짓을 하고 있다……
ea5a2e5b016740416bde3a3456c70e76.bundle,回司徒基地,Say,リュウセイ･チョウ,12,ところで、スイ姉は何をしているっすか？,"그건 그렇고, 스이 누나는 뭐 하고 있어요?"
ea5a2e5b016740416bde3a3456c70e76.bundle,回司徒基地,Say,リュウセイ･チョウ,13,帰って来てからずっと部屋に閉じこもってるっすけど。,돌아온 후로 계속 방에 틀어박혀 있는데.
ea5a2e5b016740416bde3a3456c70e76.bundle,回司徒基地,Say,23,5,……,……
ea5a2e5b016740416bde3a3456c70e76.bundle,回司徒基地,Say,23,6,……,……
ea5a2e5b016740416bde3a3456c70e76.bundle,回司徒基地,Say,リュウセイ･チョウ,14,23姉！！！スイ姉が……！,23 누나!!! 스이 누나가……!
ea5a2e5b016740416bde3a3456c70e76.bundle,回司徒基地,Say,23,7,静かに！スイが電話をしてるの。,조용히! 스이가 전화하고 있어.
ea5a2e5b016740416bde3a3456c70e76.bundle,回司徒基地,Say,リュウセイ･チョウ,15,あ、はい……,"아, 네……"
ea5a2e5b016740416bde3a3456c70e76.bundle,出大樓遇到隆生他們在轉扭蛋,Say,リュウセイ･チョウ,0,来た……！！！,왔다……!!!
ea5a2e5b016740416bde3a3456c70e76.bundle,出大樓遇到隆生他們在轉扭蛋,Say,リュウセイ･チョウ,1,……,……
ea5a2e5b016740416bde3a3456c70e76.bundle,出大樓遇到隆生他們在轉扭蛋,Say,23,0,ハズレね……,꽝이네……
ea5a2e5b016740416bde3a3456c70e76.bundle,出大樓遇到隆生他們在轉扭蛋,Branch,#Simple,0,ガチャガチャをやってるのか？,뽑기하고 있는 거야?
ea5a2e5b016740416bde3a3456c70e76.bundle,出大樓遇到隆生他們在轉扭蛋,Branch,#Simple,1,ご飯を食べるって話じゃなかったか？,밥 먹으러 간다는 얘기 아니었어?
ea5a2e5b016740416bde3a3456c70e76.bundle,出大樓遇到隆生他們在轉扭蛋,Say,リュウセイ･チョウ,2,ジェイの兄貴、どうやら23姉は、今日頭をぶつけたみたいで、ガチャガチャのお金を出してくれたんすよ。,"제이 형, 아무래도 23 누나가, 오늘 머리를 부딪혔는지, 뽑기 돈을 내줬어요."
ea5a2e5b016740416bde3a3456c70e76.bundle,出大樓遇到隆生他們在轉扭蛋,Say,23,1,誰が頭をぶつけたって……？,누가 머리를 부딪혔다고……?
ea5a2e5b016740416bde3a3456c70e76.bundle,出大樓遇到隆生他們在轉扭蛋,Say,23,2,たまには、優しく励まそうと思ってね。これも躾けの一種よ。,"가끔은, 다정하게 격려해주려고. 이것도 훈육의 일종이야."
ea5a2e5b016740416bde3a3456c70e76.bundle,出大樓遇到隆生他們在轉扭蛋,Say,リュウセイ･チョウ,3,犬みたいな言われようっすね……,완전 개 취급이네요……
ea5a2e5b016740416bde3a3456c70e76.bundle,出大樓遇到隆生他們在轉扭蛋,Say,23,3,はい、次の分のお金。,"자, 다음 거 할 돈."
ea5a2e5b016740416bde3a3456c70e76.bundle,出大樓遇到隆生他們在轉扭蛋,Say,リュウセイ･チョウ,4,よしっ！今度こそ当たり来い！,좋아! 이번엔 진짜 당첨돼라!
ea5a2e5b016740416bde3a3456c70e76.bundle,出大樓遇到隆生他們在轉扭蛋,Say,心の声,0,23号がこっちを向いて笑った。,23호가 이쪽을 보고 웃었다.
ea5a2e5b016740416bde3a3456c70e76.bundle,出大樓遇到隆生他們在轉扭蛋,Say,リュウセイ･チョウ,5,あ……まだハズレっす……,아……또 꽝이에요……
ea5a2e5b016740416bde3a3456c70e76.bundle,出大樓遇到隆生他們在轉扭蛋,Say,リュウセイ･チョウ,6,もうやめ！やめ！,이제 그만! 그만!
ea5a2e5b016740416bde3a3456c70e76.bundle,出大樓遇到隆生他們在轉扭蛋,Say,リュウセイ･チョウ,7,ご飯を食べに行くっす！,밥 먹으러 갈게요!
ea5a2e5b016740416bde3a3456c70e76.bundle,出大樓遇到隆生他們在轉扭蛋,Say,23,4,中華にする？,중화요리로 할까?
ea5a2e5b016740416bde3a3456c70e76.bundle,出大樓遇到隆生他們在轉扭蛋,Say,リュウセイ･チョウ,8,また、あそこっすか？,"또, 거기예요?"
ea5a2e5b016740416bde3a3456c70e76.bundle,出大樓遇到隆生他們在轉扭蛋,Say,23,5,嫌なの？,싫어?
ea5a2e5b016740416bde3a3456c70e76.bundle,出大樓遇到隆生他們在轉扭蛋,Say,リュウセイ･チョウ,9,別にいいっすけど。今日は飲みたい気分っす！,딱히 상관없는데요. 오늘은 마시고 싶은 기분이에요!
ea5a2e5b016740416bde3a3456c70e76.bundle,出大樓遇到隆生他們在轉扭蛋,Say,23,6,じゃ、行こうか！,"그럼, 갈까!"
ea5a2e5b016740416bde3a3456c70e76.bundle,出大樓遇到隆生他們在轉扭蛋,Say,23,7,ジェイも一緒に来る？,제이도 같이 갈래?
ea5a2e5b016740416bde3a3456c70e76.bundle,手搖杯,Say,カンテイ･リュウ,0,ポポへようこそ、何にしますか？,"포포에 오신 걸 환영합니다, 뭘로 하시겠어요?"
ea5a2e5b016740416bde3a3456c70e76.bundle,手搖杯,Say,心の声,0,あまり飲む気分じゃないから、リュウセイの分だけ頼もう……,"별로 마시고 싶은 기분이 아니니까, 류세이 것만 시키자……"
ea5a2e5b016740416bde3a3456c70e76.bundle,手搖杯,Branch,#Simple,0,ココナッツミルクティーを一つ。,코코넛 밀크티 하나요.
ea5a2e5b016740416bde3a3456c70e76.bundle,手搖杯,Branch,#Simple,1,タピオカミルクティーを一つ。,타피오카 밀크티 하나요.
ea5a2e5b016740416bde3a3456c70e76.bundle,手搖杯,Branch,#Simple,2,ココナッツ紅茶を一つ。,코코넛 홍차 하나요.
ea5a2e5b016740416bde3a3456c70e76.bundle,手搖杯,Branch,#Simple,3,タピオカ紅茶を一つ。,타피오카 홍차 하나요.
ea5a2e5b016740416bde3a3456c70e76.bundle,手搖杯,Say,カンテイ･リュウ,1,氷の量と甘さはどうしますか？,얼음 양이랑 당도는 어떻게 해드릴까요?
ea5a2e5b016740416bde3a3456c70e76.bundle,手搖杯,Branch,#Simple,4,氷少なめ、ノンシュガー。,"얼음 적게, 무설탕이요."
ea5a2e5b016740416bde3a3456c70e76.bundle,手搖杯,Branch,#Simple,5,氷抜き、甘さ控えめ。,"얼음 빼고, 덜 달게요."
ea5a2e5b016740416bde3a3456c70e76.bundle,手搖杯,Branch,#Simple,6,氷少なめ、甘さ控えめ。,"얼음 적게, 덜 달게요."
ea5a2e5b016740416bde3a3456c70e76.bundle,手搖杯,Branch,#Simple,7,氷抜き、ノンシュガー。,"얼음 빼고, 무설탕이요."
ea5a2e5b016740416bde3a3456c70e76.bundle,手搖杯,Say,カンテイ･リュウ,2,以上でよろしいですか？,이걸로 다 되셨나요?
ea5a2e5b016740416bde3a3456c70e76.bundle,手搖杯,Branch,#Simple,8,ゼリートッピングで。,젤리 토핑으로요.
ea5a2e5b016740416bde3a3456c70e76.bundle,手搖杯,Branch,#Simple,9,タピオカトッピングで。,타피오카 토핑으로요.
ea5a2e5b016740416bde3a3456c70e76.bundle,手搖杯,Branch,#Simple,10,コンニャクゼリートッピングで。,곤약 젤리 토핑으로요.
ea5a2e5b016740416bde3a3456c70e76.bundle,手搖杯,Branch,#Simple,11,アロエトッピングで。,알로에 토핑으로요.
ea5a2e5b016740416bde3a3456c70e76.bundle,手搖杯,Say,カンテイ･リュウ,3,1020円です。,1020엔입니다.
ea5a2e5b016740416bde3a3456c70e76.bundle,手搖杯,Say,心の声,1,高い。,비싸다.
ea5a2e5b016740416bde3a3456c70e76.bundle,手搖杯,Say,カンテイ･リュウ,4,少々お待ちください。,잠시만 기다려주세요.
ea5a2e5b016740416bde3a3456c70e76.bundle,手搖杯,Say,心の声,2,昔はワンコインで飲めたのに。,예전엔 동전 하나로 마실 수 있었는데.
ea5a2e5b016740416bde3a3456c70e76.bundle,手搖杯,Say,心の声,3,オーダー、間違ってなかったよな……,"주문, 안 틀렸겠지……"
ea5a2e5b016740416bde3a3456c70e76.bundle,手搖杯,Say,カンテイ･リュウ,5,どうぞ。,말씀하세요.
ea5a2e5b016740416bde3a3456c70e76.bundle,手搖杯,Branch,#Simple,12,ありがとう。,고마워.
ea5a2e5b016740416bde3a3456c70e76.bundle,手搖杯,Branch,#Simple,13,……,……
ea5a2e5b016740416bde3a3456c70e76.bundle,手搖杯,Say,カンテイ･リュウ,6,またのお越しをお待ちしています。,또 오세요.
ea5a2e5b016740416bde3a3456c70e76.bundle,手搖杯,Say,心の声,4,リュウセイと合流しよう。,류세이랑 합류하자.
ea5a2e5b016740416bde3a3456c70e76.bundle,睡前與程芳談心,Say,リン･テイ,0,お帰り。,다녀왔어?
ea5a2e5b016740416bde3a3456c70e76.bundle,睡前與程芳談心,Branch,#Simple,0,体の調子はどうだ？,몸 상태는 어때?
ea5a2e5b016740416bde3a3456c70e76.bundle,睡前與程芳談心,Say,リン･テイ,1,悪くないよ。,나쁘지 않아.
ea5a2e5b016740416bde3a3456c70e76.bundle,睡前與程芳談心,Branch,#Simple,1,まだ寝ないのか？,아직 안 자?
ea5a2e5b016740416bde3a3456c70e76.bundle,睡前與程芳談心,Say,リン･テイ,2,ジェイを待ってたの。,제이 기다리고 있었어.
ea5a2e5b016740416bde3a3456c70e76.bundle,睡前與程芳談心,Branch,#Simple,2,……,……
ea5a2e5b016740416bde3a3456c70e76.bundle,睡前與程芳談心,Say,心の声,0,……リン、何か困ってるのか？,"……린, 뭔가 곤란한 일 있어?"
ea5a2e5b016740416bde3a3456c70e76.bundle,睡前與程芳談心,Branch,#Simple,3,何か困ってることでもあるのか？,뭔가 곤란한 일이라도 있어?
ea5a2e5b016740416bde3a3456c70e76.bundle,睡前與程芳談心,Say,リン･テイ,3,急に色んなことが起きすぎて、困ってないって言ったら嘘になるけど……,"갑자기 여러 일이 너무 많이 일어나서, 안 곤란하다고 하면 거짓말이겠지만……"
ea5a2e5b016740416bde3a3456c70e76.bundle,睡前與程芳談心,Branch,#Simple,4,もうすぐで、すべて終わるはずだ。,"곧, 전부 끝날 거야."
ea5a2e5b016740416bde3a3456c70e76.bundle,睡前與程芳談心,Say,リン･テイ,4,うん、そうなるといいね。,"응, 그렇게 되면 좋겠다."
ea5a2e5b016740416bde3a3456c70e76.bundle,睡前與程芳談心,Branch,#Simple,5,俺はもう寝る。,나는 이제 잘게.
ea5a2e5b016740416bde3a3456c70e76.bundle,睡前與程芳談心,Say,リン･テイ,5,疲れたの？,피곤해?
ea5a2e5b016740416bde3a3456c70e76.bundle,睡前與程芳談心,Say,心の声,1,疲れ切ってる。,완전히 지쳤다.
ea5a2e5b016740416bde3a3456c70e76.bundle,睡前與程芳談心,Branch,#Simple,6,ああ、疲れ切ってる。,"그래, 완전히 지쳤어."
ea5a2e5b016740416bde3a3456c70e76.bundle,睡前與程芳談心,Say,リン･テイ,6,そっか……,그런가……
ea5a2e5b016740416bde3a3456c70e76.bundle,睡前與程芳談心,Say,リン･テイ,7,じゃ、寝よう。,"그럼, 자자."
ea5a2e5b016740416bde3a3456c70e76.bundle,睡前與程芳談心,Branch,#Simple,7,話がしたいのか？,얘기하고 싶은 거야?
ea5a2e5b016740416bde3a3456c70e76.bundle,睡前與程芳談心,Say,リン･テイ,8,うん！,응!
ea5a2e5b016740416bde3a3456c70e76.bundle,睡前與程芳談心,Branch,#Simple,8,……,……
ea5a2e5b016740416bde3a3456c70e76.bundle,睡前與程芳談心,Say,リン･テイ,9,おやすみ。,잘 자.
ea5a2e5b016740416bde3a3456c70e76.bundle,睡前與程芳談心,Say,心の声,2,寝る前にシャワーを浴びるか。,자기 전에 샤워나 할까.
ea5a2e5b016740416bde3a3456c70e76.bundle,睡前與程芳談心,Branch,#Simple,9,話がしたいのか？,얘기하고 싶은 거야?
ea5a2e5b016740416bde3a3456c70e76.bundle,睡前與程芳談心,Say,リン･テイ,10,うん！,응!
ea5a2e5b016740416bde3a3456c70e76.bundle,睡前與程芳談心,Branch,#Simple,10,……,……
ea5a2e5b016740416bde3a3456c70e76.bundle,睡前與程芳談心,Say,リン･テイ,11,私、工場に行く前に、ジェイに話した事について、真剣に考えてみたの。,"나, 공장 가기 전에, 제이한테 했던 얘기에 대해서, 진지하게 생각해봤어."
ea5a2e5b016740416bde3a3456c70e76.bundle,睡前與程芳談心,Say,心の声,3,リンは調査をやめてほしいのか……,린은 조사를 그만두길 바라는 건가……
ea5a2e5b016740416bde3a3456c70e76.bundle,睡前與程芳談心,Say,リン･テイ,12,今日の作戦は危険だったし、ジェイは殺されるところだった！,"오늘 작전은 위험했고, 제이는 죽을 뻔했잖아!"
ea5a2e5b016740416bde3a3456c70e76.bundle,睡前與程芳談心,Say,心の声,4,だが今更やめるわけには……,근데 이제 와서 그만둘 수는……
ea5a2e5b016740416bde3a3456c70e76.bundle,睡前與程芳談心,Say,リン･テイ,13,明日の作戦も証拠が見つからなければ、さらに危険な調査をすることになる。,"내일 작전도 증거를 못 찾으면, 더 위험한 조사를 하게 돼."
ea5a2e5b016740416bde3a3456c70e76.bundle,睡前與程芳談心,Branch,#Simple,11,それはどうだろうな。,그건 글쎄다.
ea5a2e5b016740416bde3a3456c70e76.bundle,睡前與程芳談心,Say,リン･テイ,14,絶対にそうなるよ。,분명 그렇게 될 거야.
ea5a2e5b016740416bde3a3456c70e76.bundle,睡前與程芳談心,Branch,#Simple,12,今日はただ、予想外の事が起きただけだ。,"오늘은 그냥, 예상 밖의 일이 일어났을 뿐이야."
ea5a2e5b016740416bde3a3456c70e76.bundle,睡前與程芳談心,Say,リン･テイ,15,明日も予想外の事が起きるかも知れないでしょう！,내일도 예상 밖의 일이 일어날지도 모르잖아!
ea5a2e5b016740416bde3a3456c70e76.bundle,睡前與程芳談心,Branch,#Simple,13,確かにそうだな。,확실히 그렇겠지.
ea5a2e5b016740416bde3a3456c70e76.bundle,睡前與程芳談心,Say,リン･テイ,16,でしょう……,그렇지……
ea5a2e5b016740416bde3a3456c70e76.bundle,睡前與程芳談心,Branch,#Simple,14,……,……
ea5a2e5b016740416bde3a3456c70e76.bundle,睡前與程芳談心,Say,リン･テイ,17,それにスイさんが今日、ジェイが改造人間であることを話してくれたけど、それはフクロウに狙われる可能性を警告しただけでなく……,"게다가 스이 씨가 오늘, 제이가 개조 인간이라는 걸 얘기해줬는데, 그건 부엉이한테 노림받을 가능성을 경고한 것뿐만 아니라……"
ea5a2e5b016740416bde3a3456c70e76.bundle,睡前與程芳談心,Say,リン･テイ,18,今後あなたに、危険な調査を任せるための心構えをさせていたのよ。,"앞으로 너한테, 위험한 조사를 맡기기 위한 마음의 준비를 시킨 거야."
ea5a2e5b016740416bde3a3456c70e76.bundle,睡前與程芳談心,Branch,#Simple,15,リン、それは考えすぎだ。,"린, 그건 지나친 생각이야."
ea5a2e5b016740416bde3a3456c70e76.bundle,睡前與程芳談心,Say,リン･テイ,19,私はそうは思わない。,나는 그렇게 생각 안 해.
ea5a2e5b016740416bde3a3456c70e76.bundle,睡前與程芳談心,Branch,#Simple,16,そうかもな。,그럴지도 모르지.
ea5a2e5b016740416bde3a3456c70e76.bundle,睡前與程芳談心,Branch,#Simple,17,……,……
ea5a2e5b016740416bde3a3456c70e76.bundle,睡前與程芳談心,Say,リン･テイ,20,ジェイ、今更調査をやめてとは言わない。,"제이, 이제 와서 조사를 그만두라고는 안 할게."
ea5a2e5b016740416bde3a3456c70e76.bundle,睡前與程芳談心,Say,リン･テイ,21,でも気をつけてほしいの。彼女たちじゃ、あなたを守れない。,"근데 조심했으면 해. 그 여자들로는, 너를 지킬 수 없어."
ea5a2e5b016740416bde3a3456c70e76.bundle,睡前與程芳談心,Branch,#Simple,18,彼女たちを信じてないのか？,그 여자들을 안 믿는 거야?
ea5a2e5b016740416bde3a3456c70e76.bundle,睡前與程芳談心,Say,リン･テイ,22,信じてないわ。,안 믿어.
ea5a2e5b016740416bde3a3456c70e76.bundle,睡前與程芳談心,Branch,#Simple,19,自分の身は自分で守れる。,내 몸은 내가 지킬 수 있어.
ea5a2e5b016740416bde3a3456c70e76.bundle,睡前與程芳談心,Say,リン･テイ,23,わかっているけど、それでも気をつけると約束してほしいの。,"알고 있지만, 그래도 조심하겠다고 약속해줬으면 해."
ea5a2e5b016740416bde3a3456c70e76.bundle,睡前與程芳談心,Branch,#Simple,20,わかった。,알겠다.
ea5a2e5b016740416bde3a3456c70e76.bundle,睡前與程芳談心,Say,リン･テイ,24,ありがとう。,고마워.
ea5a2e5b016740416bde3a3456c70e76.bundle,睡前與程芳談心,Branch,#Simple,21,いつも気をつけてる。,항상 조심하고 있어.
ea5a2e5b016740416bde3a3456c70e76.bundle,睡前與程芳談心,Say,リン･テイ,25,もー、どうしていつもそうなのよ。,"아 진짜, 왜 항상 그러는 거야."
ea5a2e5b016740416bde3a3456c70e76.bundle,睡前與程芳談心,Say,心の声,5,リンが苦笑いした。,린이 쓴웃음을 지었다.
ea5a2e5b016740416bde3a3456c70e76.bundle,睡前與程芳談心,Branch,#Simple,22,……,……
ea5a2e5b016740416bde3a3456c70e76.bundle,睡前與程芳談心,Say,リン･テイ,26,スイさんたちはいい人よ。それはわかってる。,스이 씨네는 좋은 사람들이야. 그건 알아.
ea5a2e5b016740416bde3a3456c70e76.bundle,睡前與程芳談心,Say,リン･テイ,27,でも彼女たちは、想像しているより、頼もしくはないと思うの。,"근데 그 사람들은, 생각하는 것만큼, 든든하지는 않다고 생각해."
ea5a2e5b016740416bde3a3456c70e76.bundle,睡前與程芳談心,Say,心の声,6,リュウセイはわかるが、スイ･ニンもそうなのか……？,"류세이는 이해가 가는데, 스이 닌도 그런가……?"
ea5a2e5b016740416bde3a3456c70e76.bundle,睡前與程芳談心,Branch,#Simple,23,彼女たちが強くないと思ったのか？,그 사람들이 강하지 않다고 생각한 거야?
ea5a2e5b016740416bde3a3456c70e76.bundle,睡前與程芳談心,Branch,#Simple,24,リュウセイ以外の二人は頼もしいと思うが。,류세이 말고 두 사람은 든든하다고 생각하는데.
ea5a2e5b016740416bde3a3456c70e76.bundle,睡前與程芳談心,Say,リン･テイ,28,フフッ、酷い言い方ね。,"후훗, 심한 말이네."
ea5a2e5b016740416bde3a3456c70e76.bundle,睡前與程芳談心,Say,リン･テイ,29,……,……
ea5a2e5b016740416bde3a3456c70e76.bundle,睡前與程芳談心,Branch,#Simple,25,……,……
ea5a2e5b016740416bde3a3456c70e76.bundle,睡前與程芳談心,Say,リン･テイ,30,私が言ってるのは力強さではなく、彼女たちの心のことよ。,"내가 말하는 건 강인함이 아니라, 그 사람들의 마음 얘기야."
ea5a2e5b016740416bde3a3456c70e76.bundle,睡前與程芳談心,Branch,#Simple,26,心？いつからロマンチストになったんだ？,마음? 언제부터 로맨티스트가 된 거야?
ea5a2e5b016740416bde3a3456c70e76.bundle,睡前與程芳談心,Say,リン･テイ,31,もー！ふざけないで！,아 진짜! 놀리지 마!
ea5a2e5b016740416bde3a3456c70e76.bundle,睡前與程芳談心,Branch,#Simple,27,彼女たちは堅い意志を持っている。,그 사람들은 굳은 의지를 갖고 있잖아.
ea5a2e5b016740416bde3a3456c70e76.bundle,睡前與程芳談心,Say,リン･テイ,32,それは間違いないと思う。,그건 틀림없다고 생각해.
ea5a2e5b016740416bde3a3456c70e76.bundle,睡前與程芳談心,Branch,#Simple,28,言いたいことがわかった気がする。,무슨 말인지 알 것 같아.
ea5a2e5b016740416bde3a3456c70e76.bundle,睡前與程芳談心,Say,リン･テイ,33,そうなのかな。,그런가.
ea5a2e5b016740416bde3a3456c70e76.bundle,睡前與程芳談心,Say,心の声,7,嘘だと思われている……,거짓말이라고 생각하고 있다……
ea5a2e5b016740416bde3a3456c70e76.bundle,睡前與程芳談心,Branch,#Simple,29,……,……
ea5a2e5b016740416bde3a3456c70e76.bundle,睡前與程芳談心,Say,リン･テイ,34,スイさんは凄い人だけど、代わりに「普通」が欠けているのよ。,"스이 씨는 대단한 사람이지만, 대신 '평범함'이 결여돼 있어."
ea5a2e5b016740416bde3a3456c70e76.bundle,睡前與程芳談心,Branch,#Simple,30,完璧すぎるってことか？,너무 완벽하다는 거야?
ea5a2e5b016740416bde3a3456c70e76.bundle,睡前與程芳談心,Branch,#Simple,31,感情の揺れ？,감정의 동요?
ea5a2e5b016740416bde3a3456c70e76.bundle,睡前與程芳談心,Say,リン･テイ,35,うん、そんな感じのもの。,"응, 그런 느낌의 거."
ea5a2e5b016740416bde3a3456c70e76.bundle,睡前與程芳談心,Branch,#Simple,32,優しさ？,다정함?
ea5a2e5b016740416bde3a3456c70e76.bundle,睡前與程芳談心,Branch,#Simple,33,ユーモア？,유머?
ea5a2e5b016740416bde3a3456c70e76.bundle,睡前與程芳談心,Say,リン･テイ,36,違うわ……,아니야……
ea5a2e5b016740416bde3a3456c70e76.bundle,睡前與程芳談心,Say,リン･テイ,37,スイさんは何事にも冷静で、理性的に判断できる超然さを持っている。,"스이 씨는 무슨 일에든 냉정하고, 이성적으로 판단할 수 있는 초연함을 갖고 있어."
ea5a2e5b016740416bde3a3456c70e76.bundle,睡前與程芳談心,Branch,#Simple,34,それはいいことじゃないか？,그거 좋은 거 아니야?
ea5a2e5b016740416bde3a3456c70e76.bundle,睡前與程芳談心,Say,リン･テイ,38,私はそうは思わない。,나는 그렇게 생각 안 해.
ea5a2e5b016740416bde3a3456c70e76.bundle,睡前與程芳談心,Branch,#Simple,35,だから周りの人を傷つけてしまうってことか？,그래서 주변 사람들한테 상처를 준다는 거야?
ea5a2e5b016740416bde3a3456c70e76.bundle,睡前與程芳談心,Say,リン･テイ,39,そうよ。,맞아.
ea5a2e5b016740416bde3a3456c70e76.bundle,睡前與程芳談心,Say,心の声,8,俺の発言に驚いているようだ……,내 발언에 놀란 것 같다……
ea5a2e5b016740416bde3a3456c70e76.bundle,睡前與程芳談心,Say,リン･テイ,40,以前より観察力が磨かれたね、ジェイ。,"예전보다 관찰력이 늘었네, 제이."
ea5a2e5b016740416bde3a3456c70e76.bundle,睡前與程芳談心,Branch,#Simple,36,その超然さも表向きだけかもしれない。,그 초연함도 겉모습뿐일지도 몰라.
ea5a2e5b016740416bde3a3456c70e76.bundle,睡前與程芳談心,Say,リン･テイ,41,私はそうは思わない。彼女は本当にそういった思考を持ち合わせているのよ。,나는 그렇게 생각 안 해. 그 사람은 정말로 그런 사고방식을 갖고 있어.
ea5a2e5b016740416bde3a3456c70e76.bundle,睡前與程芳談心,Branch,#Simple,37,……,……
ea5a2e5b016740416bde3a3456c70e76.bundle,睡前與程芳談心,Say,リン･テイ,42,ジェイの言う通り、彼女は完璧すぎて、人間らしい弱い一面がないのよ。,"제이 말대로, 그 사람은 너무 완벽해서, 인간다운 약한 면이 없어."
ea5a2e5b016740416bde3a3456c70e76.bundle,睡前與程芳談心,Say,リン･テイ,43,ジェイの言う通り、彼女は完璧に自分の感情の揺れを消しているの。,"제이 말대로, 그 사람은 완벽하게 자기 감정의 동요를 지우고 있어."
ea5a2e5b016740416bde3a3456c70e76.bundle,睡前與程芳談心,Say,リン･テイ,44,そんなの、普通はできっこないことよ……,"그런 건, 보통은 할 수 없는 일이야……"
ea5a2e5b016740416bde3a3456c70e76.bundle,睡前與程芳談心,Say,リン･テイ,45,そのおかげで彼女は、一部の人から崇拝されているわ。でも、それは彼女が他人を理解しようとする機会を奪うことでもあるの。,"그 덕분에 그 사람은, 일부 사람들한테 숭배받고 있어. 근데, 그건 그 사람이 남을 이해하려는 기회를 빼앗는 것이기도 해."
ea5a2e5b016740416bde3a3456c70e76.bundle,睡前與程芳談心,Say,リン･テイ,46,彼女には、目の前に立ちはだかる問題すべてが、「処理しないといけない問題」に見えている。,"그 사람한테는, 눈앞에 가로막힌 문제 전부가, '처리해야 할 문제'로 보여."
ea5a2e5b016740416bde3a3456c70e76.bundle,睡前與程芳談心,Say,リン･テイ,47,でも彼女にとっては「処理しないといけない問題」も、誰かが一生を費やした信念、または彼女には理解できない誰かの「ポリシー」だったりするのよ。,"근데 그 사람 입장에서 '처리해야 할 문제'라는 것도, 누군가가 평생을 바친 신념, 또는 그 사람이 이해 못 하는 누군가의 '신조'였거나 해."
ea5a2e5b016740416bde3a3456c70e76.bundle,睡前與程芳談心,Branch,#Simple,38,それの何が問題なんだ？,그게 뭐가 문제인데?
ea5a2e5b016740416bde3a3456c70e76.bundle,睡前與程芳談心,Say,リン･テイ,48,例えば、ジェイにとって重要なものが、他人によって簡単に踏み潰されてしまったら、どう思うかしら？,"예를 들어, 제이한테 중요한 게, 다른 사람 손에 쉽게 짓밟혀버리면, 어떤 기분일까?"
ea5a2e5b016740416bde3a3456c70e76.bundle,睡前與程芳談心,Say,リン･テイ,49,この場合、その「他人」はスイさんね。彼女は、全ての問題を理性的に解決することができる。,"이 경우, 그 '다른 사람'이 스이 씨인 거야. 그 사람은, 모든 문제를 이성적으로 해결할 수 있어."
ea5a2e5b016740416bde3a3456c70e76.bundle,睡前與程芳談心,Say,リン･テイ,50,だから彼女の理性的な考えに相応しくないものは、犠牲になっても構わないと思っているのよ。,"그래서 자기의 이성적인 생각에 걸맞지 않은 건, 희생돼도 상관없다고 생각하는 거야."
ea5a2e5b016740416bde3a3456c70e76.bundle,睡前與程芳談心,Say,リン･テイ,51,そんな彼女の考えを、誰もが受け入れられるわけないのよ。,"그런 그 사람의 생각을, 누구나 받아들일 수 있을 리가 없잖아."
ea5a2e5b016740416bde3a3456c70e76.bundle,睡前與程芳談心,Branch,#Simple,39,スイ･ニンを過大評価しすぎだと思う。,스이 닌을 너무 과대평가하는 것 같아.
ea5a2e5b016740416bde3a3456c70e76.bundle,睡前與程芳談心,Say,リン･テイ,52,いいえ。彼女が、自身以外の全ての人を過大評価しているのよ。,"아니. 그 사람이, 자기 이외의 모든 사람을 과대평가하고 있는 거야."
ea5a2e5b016740416bde3a3456c70e76.bundle,睡前與程芳談心,Branch,#Simple,40,……,……
ea5a2e5b016740416bde3a3456c70e76.bundle,睡前與程芳談心,Say,リン･テイ,53,彼女は、他者も自分のように理性的な考えを持っていて、説明をすれば自分を理解してくれると思っているのよ。,"그 사람은, 남들도 자기처럼 이성적인 생각을 갖고 있고, 설명하면 자기를 이해해줄 거라고 생각하고 있어."
ea5a2e5b016740416bde3a3456c70e76.bundle,睡前與程芳談心,Branch,#Simple,41,彼女がそんな幼稚な考えを持っているようには思えない。,그 여자가 그런 유치한 생각을 하고 있을 것 같지는 않은데.
ea5a2e5b016740416bde3a3456c70e76.bundle,睡前與程芳談心,Say,リン･テイ,54,彼女は幼稚ではないわ。,그 사람은 유치하지 않아.
ea5a2e5b016740416bde3a3456c70e76.bundle,睡前與程芳談心,Say,リン･テイ,55,彼女はただ、自分の仲間を見誤っているのよ。,"그 사람은 그냥, 자기 동료를 잘못 보고 있는 거야."
ea5a2e5b016740416bde3a3456c70e76.bundle,睡前與程芳談心,Say,心の声,9,見誤っている？,잘못 보고 있다고?
ea5a2e5b016740416bde3a3456c70e76.bundle,睡前與程芳談心,Say,リン･テイ,56,彼女は、自分の仲間を逞しい人たちだと思っているの。実際はただの人間なのにね。,"그 사람은, 자기 동료를 강인한 사람들이라고 생각하고 있어. 실제로는 그냥 사람일 뿐인데도."
ea5a2e5b016740416bde3a3456c70e76.bundle,睡前與程芳談心,Branch,#Simple,42,その言い方だと、スイ･ニンは人間じゃないと言っているみたいだ。,"그런 식으로 말하면, 스이 닌은 사람이 아니라고 말하는 것 같잖아."
ea5a2e5b016740416bde3a3456c70e76.bundle,睡前與程芳談心,Say,リン･テイ,57,……,……
ea5a2e5b016740416bde3a3456c70e76.bundle,睡前與程芳談心,Say,リン･テイ,58,ある意味では、彼女は機械だと思う。,"어떤 의미로는, 그 사람은 기계라고 생각해."
ea5a2e5b016740416bde3a3456c70e76.bundle,睡前與程芳談心,Say,心の声,10,機械……リュウセイも同じことを言ってたな……,기계……류세이도 똑같은 말을 했었지……
ea5a2e5b016740416bde3a3456c70e76.bundle,睡前與程芳談心,Branch,#Simple,43,理解はできる。,이해는 돼.
ea5a2e5b016740416bde3a3456c70e76.bundle,睡前與程芳談心,Say,リン･テイ,59,うん。,응.
ea5a2e5b016740416bde3a3456c70e76.bundle,睡前與程芳談心,Branch,#Simple,44,……,……
ea5a2e5b016740416bde3a3456c70e76.bundle,睡前與程芳談心,Branch,#Simple,45,そうかもしれないが、それが俺たちにどう影響があるんだ？,"그럴지도 모르지만, 그게 우리한테 어떤 영향이 있는데?"
ea5a2e5b016740416bde3a3456c70e76.bundle,睡前與程芳談心,Branch,#Simple,46,……,……
ea5a2e5b016740416bde3a3456c70e76.bundle,睡前與程芳談心,Say,リン･テイ,60,正直、どんな影響があるかはまだわからない。,"솔직히, 어떤 영향이 있을지는 아직 몰라."
ea5a2e5b016740416bde3a3456c70e76.bundle,睡前與程芳談心,Say,リン･テイ,61,でもこのチームは、見た目より脆いと思う。,"근데 이 팀은, 겉보기보다 취약하다고 생각해."
ea5a2e5b016740416bde3a3456c70e76.bundle,睡前與程芳談心,Say,リン･テイ,62,私がこんなに気にしているのには理由があって、私自身にも似たような経験があったからなのよ。,"내가 이렇게 신경 쓰는 데는 이유가 있는데, 나 자신도 비슷한 경험이 있었기 때문이야."
ea5a2e5b016740416bde3a3456c70e76.bundle,睡前與程芳談心,Say,リン･テイ,63,私自身が完璧な人間になれば、周りも一緒に成長してくれるって思ってた……,"내 자신이 완벽한 사람이 되면, 주변도 같이 성장해줄 거라고 생각했었어……"
ea5a2e5b016740416bde3a3456c70e76.bundle,睡前與程芳談心,Say,リン･テイ,64,でも実際はそんなことなかった。むしろほとんどの人が、ストレスを感じ、私と距離を置いたわ。,"근데 실제로는 그런 일 없었어. 오히려 대부분의 사람이, 스트레스를 느껴서, 나랑 거리를 뒀어."
ea5a2e5b016740416bde3a3456c70e76.bundle,睡前與程芳談心,Say,心の声,11,リンの昔の仕事の話か。,린의 예전 일 얘기인가.
ea5a2e5b016740416bde3a3456c70e76.bundle,睡前與程芳談心,Say,心の声,12,そんなことまで考えていたのか……,그런 것까지 생각하고 있었던 건가……
ea5a2e5b016740416bde3a3456c70e76.bundle,睡前與程芳談心,Say,リン･テイ,65,……,……
ea5a2e5b016740416bde3a3456c70e76.bundle,睡前與程芳談心,Say,リン･テイ,66,まあ……私の考えすぎって可能性もあるけどね。,뭐……내가 너무 앞서갔을 가능성도 있지만.
ea5a2e5b016740416bde3a3456c70e76.bundle,睡前與程芳談心,Say,リン･テイ,67,いろんなことが一気に起きすぎて、ずっと神経を張り詰めていたの。そんな状態で、今日はただ待つだけの時間を過ごしたわけだしね。,"여러 일이 한꺼번에 너무 많이 일어나서, 계속 신경이 곤두서 있었어. 그런 상태로, 오늘은 그냥 기다리기만 하는 시간을 보냈으니까."
ea5a2e5b016740416bde3a3456c70e76.bundle,睡前與程芳談心,Branch,#Simple,47,ご苦労様。,수고했어.
ea5a2e5b016740416bde3a3456c70e76.bundle,睡前與程芳談心,Say,リン･テイ,68,ご苦労様？私は苦労なんてしてないよ。,수고했다고? 나는 고생 같은 거 안 했는데.
ea5a2e5b016740416bde3a3456c70e76.bundle,睡前與程芳談心,Say,リン･テイ,69,今日は一日中、座ってただけだしね。ハハ。,"오늘은 하루 종일, 앉아만 있었으니까. 하하."
ea5a2e5b016740416bde3a3456c70e76.bundle,睡前與程芳談心,Say,リン･テイ,70,苦労していたのはジェイの方でしょう？,고생한 건 제이 쪽이잖아?
ea5a2e5b016740416bde3a3456c70e76.bundle,睡前與程芳談心,Branch,#Simple,48,俺も工場中を駆け回って、大変だった。,"나도 공장 여기저기 뛰어다니느라, 힘들었어."
ea5a2e5b016740416bde3a3456c70e76.bundle,睡前與程芳談心,Say,リン･テイ,71,ハハ、お疲れ様。,"하하, 수고했어."
ea5a2e5b016740416bde3a3456c70e76.bundle,睡前與程芳談心,Branch,#Simple,49,……,……
ea5a2e5b016740416bde3a3456c70e76.bundle,睡前與程芳談心,Say,リン･テイ,72,もし工場に潜入したのが私だったら、今日みたいに順調にはいかなかったでしょうね……,"만약 공장에 잠입한 게 나였다면, 오늘처럼 순조롭게는 안 됐겠지……"
ea5a2e5b016740416bde3a3456c70e76.bundle,睡前與程芳談心,Branch,#Simple,50,今日のは順調だったと言えるのか？,오늘 게 순조로웠다고 할 수 있어?
ea5a2e5b016740416bde3a3456c70e76.bundle,睡前與程芳談心,Say,リン･テイ,73,ハハハ、それもそうね！,"하하하, 그것도 그러네!"
ea5a2e5b016740416bde3a3456c70e76.bundle,睡前與程芳談心,Branch,#Simple,51,むしろ俺より上手くやったんじゃないか？,오히려 나보다 잘했던 거 아니야?
ea5a2e5b016740416bde3a3456c70e76.bundle,睡前與程芳談心,Say,リン･テイ,74,本当！？,정말!?
ea5a2e5b016740416bde3a3456c70e76.bundle,睡前與程芳談心,Say,リン･テイ,75,もしかして私、スパイの素質があるのかも！,"혹시 나, 스파이 소질이 있는지도!"
ea5a2e5b016740416bde3a3456c70e76.bundle,睡前與程芳談心,Say,心の声,13,すごく喜んでいる。,엄청 좋아하고 있다.
ea5a2e5b016740416bde3a3456c70e76.bundle,睡前與程芳談心,Branch,#Simple,52,あると思う。,있다고 생각해.
ea5a2e5b016740416bde3a3456c70e76.bundle,睡前與程芳談心,Say,リン･テイ,76,やった！,됐다!
ea5a2e5b016740416bde3a3456c70e76.bundle,睡前與程芳談心,Branch,#Simple,53,ないと思う。,없다고 생각해.
ea5a2e5b016740416bde3a3456c70e76.bundle,睡前與程芳談心,Say,リン･テイ,77,えー！そんな……,에이! 그런……
ea5a2e5b016740416bde3a3456c70e76.bundle,睡前與程芳談心,Branch,#Simple,54,……,……
ea5a2e5b016740416bde3a3456c70e76.bundle,睡前與程芳談心,Say,リン･テイ,78,そうだ。今日はフクロウの仕事について、スイさんと沢山学んだの。,"맞다. 오늘은 부엉이 일에 대해서, 스이 씨한테서 많이 배웠어."
ea5a2e5b016740416bde3a3456c70e76.bundle,睡前與程芳談心,Say,リン･テイ,79,日常生活には使えないものばかりだったけどね。ハハ。,일상생활에는 못 쓰는 것뿐이었지만. 하하.
ea5a2e5b016740416bde3a3456c70e76.bundle,睡前與程芳談心,Say,リン･テイ,80,……,……
ea5a2e5b016740416bde3a3456c70e76.bundle,睡前與程芳談心,Say,リン･テイ,81,はぁ……,하아……
ea5a2e5b016740416bde3a3456c70e76.bundle,睡前與程芳談心,Say,リン･テイ,82,それとね。,그리고 있잖아.
ea5a2e5b016740416bde3a3456c70e76.bundle,睡前與程芳談心,Say,リン･テイ,83,あなたの身体状況についても話したいの……,네 신체 상황에 대해서도 얘기하고 싶어……
ea5a2e5b016740416bde3a3456c70e76.bundle,睡前與程芳談心,Say,心の声,14,来たか……,왔군……
ea5a2e5b016740416bde3a3456c70e76.bundle,睡前與程芳談心,Branch,#Simple,55,黙っていてごめん。,말 안 해서 미안해.
ea5a2e5b016740416bde3a3456c70e76.bundle,睡前與程芳談心,Say,リン･テイ,84,大丈夫よ。言いづらかったと思うし……,괜찮아. 말하기 힘들었을 거고……
ea5a2e5b016740416bde3a3456c70e76.bundle,睡前與程芳談心,Say,リン･テイ,85,それに今日は、そもそも話せるタイミングがなかったし、例え話を聞いても冗談にしか思えなかった思う。,"게다가 오늘은, 애초에 말할 타이밍도 없었고, 설령 얘기를 들었어도 농담으로밖에 안 들렸을 거야."
ea5a2e5b016740416bde3a3456c70e76.bundle,睡前與程芳談心,Branch,#Simple,56,俺が改造されていることについてか？,내가 개조당했다는 것에 대해서?
ea5a2e5b016740416bde3a3456c70e76.bundle,睡前與程芳談心,Say,リン･テイ,86,……うん。,……응.
ea5a2e5b016740416bde3a3456c70e76.bundle,睡前與程芳談心,Branch,#Simple,57,……,……
ea5a2e5b016740416bde3a3456c70e76.bundle,睡前與程芳談心,Say,リン･テイ,87,スイさんが、あそこまで真剣に説明してくれてなかったら、私は冗談として聞き流してたと思う……,"스이 씨가, 그렇게까지 진지하게 설명해주지 않았으면, 나는 농담으로 흘려들었을 거야……"
ea5a2e5b016740416bde3a3456c70e76.bundle,睡前與程芳談心,Say,リン･テイ,88,私、ジェイが話してくれた夢の話を思い出したの。,"나, 제이가 얘기해줬던 꿈 얘기가 생각났어."
ea5a2e5b016740416bde3a3456c70e76.bundle,睡前與程芳談心,Branch,#Simple,58,夢の話？,꿈 얘기?
ea5a2e5b016740416bde3a3456c70e76.bundle,睡前與程芳談心,Say,リン･テイ,89,忘れたの？,잊어버린 거야?
ea5a2e5b016740416bde3a3456c70e76.bundle,睡前與程芳談心,Say,リン･テイ,90,ジェイは一時期、とてもリアルな夢を見るって毎日のように言ってたでしょう？,"제이는 한동안, 아주 생생한 꿈을 꾼다고 매일같이 말했었잖아?"
ea5a2e5b016740416bde3a3456c70e76.bundle,睡前與程芳談心,Branch,#Simple,59,……,……
ea5a2e5b016740416bde3a3456c70e76.bundle,睡前與程芳談心,Say,リン･テイ,91,思い返せば、それがもしかしたら支配されてた時の……,"돌이켜보면, 그게 혹시 지배당했을 때의……"
ea5a2e5b016740416bde3a3456c70e76.bundle,睡前與程芳談心,Branch,#Simple,60,記憶？,기억?
ea5a2e5b016740416bde3a3456c70e76.bundle,睡前與程芳談心,Say,リン･テイ,92,……,……
ea5a2e5b016740416bde3a3456c70e76.bundle,睡前與程芳談心,Say,リン･テイ,93,うん。,응.
ea5a2e5b016740416bde3a3456c70e76.bundle,睡前與程芳談心,Branch,#Simple,61,……,……
ea5a2e5b016740416bde3a3456c70e76.bundle,睡前與程芳談心,Say,リン･テイ,94,……,……
ea5a2e5b016740416bde3a3456c70e76.bundle,睡前與程芳談心,Say,リン･テイ,95,今はやめよっか。目の前の問題が多すぎるしね。,지금은 그만할까. 눈앞의 문제가 너무 많으니까.
ea5a2e5b016740416bde3a3456c70e76.bundle,睡前與程芳談心,Say,リン･テイ,96,万象の調査が終わったら、また話そう。,"완샹 조사가 끝나면, 다시 얘기하자."
ea5a2e5b016740416bde3a3456c70e76.bundle,睡前與程芳談心,Branch,#Simple,62,ああ。,그래.
ea5a2e5b016740416bde3a3456c70e76.bundle,睡前與程芳談心,Branch,#Simple,63,リン、心配しなくていい。,"린, 걱정 안 해도 돼."
ea5a2e5b016740416bde3a3456c70e76.bundle,睡前與程芳談心,Say,リン･テイ,97,……,……
ea5a2e5b016740416bde3a3456c70e76.bundle,睡前與程芳談心,Say,リン･テイ,98,心配しなくていいって言われたからって、心配しない人がどこにいるのよ！,"걱정 안 해도 된다는 말 듣는다고, 걱정 안 할 사람이 어디 있어!"
ea5a2e5b016740416bde3a3456c70e76.bundle,睡前與程芳談心,Say,リン･テイ,99,そう言ってやりたかったけど……,그렇게 쏘아붙이고 싶었지만……
ea5a2e5b016740416bde3a3456c70e76.bundle,睡前與程芳談心,Say,リン･テイ,100,なぜかその言葉を聞いて、安心しちゃった。フフッ。,"왠지 그 말을 듣고, 안심해버렸어. 후훗."
ea5a2e5b016740416bde3a3456c70e76.bundle,睡前與程芳談心,Say,リン･テイ,101,実はね、今日スイさんからあなたの身体について聞いた時、ほっとしたのよ。,"실은 있잖아, 오늘 스이 씨한테서 네 몸에 대해 들었을 때, 안도했어."
ea5a2e5b016740416bde3a3456c70e76.bundle,睡前與程芳談心,Say,リン･テイ,102,ジェイは喧嘩が強いってことがわかったから。,제이가 싸움을 잘한다는 걸 알았으니까.
ea5a2e5b016740416bde3a3456c70e76.bundle,睡前與程芳談心,Say,リン･テイ,103,実際、ジェイが怪我をしたところをあまり見たことがないのよね。,"실제로, 제이가 다친 모습을 별로 본 적이 없거든."
ea5a2e5b016740416bde3a3456c70e76.bundle,睡前與程芳談心,Say,リン･テイ,104,体力お化けだし、病気にもならないし……,"체력 괴물이고, 병에도 안 걸리고……"
ea5a2e5b016740416bde3a3456c70e76.bundle,睡前與程芳談心,Say,リン･テイ,105,あれ……,어라……
ea5a2e5b016740416bde3a3456c70e76.bundle,睡前與程芳談心,Say,リン･テイ,106,むしろ改造されて、良いことずくめじゃない？,"오히려 개조돼서, 좋은 일투성이잖아?"
ea5a2e5b016740416bde3a3456c70e76.bundle,睡前與程芳談心,Say,リン･テイ,107,アハハ……,아하하……
ea5a2e5b016740416bde3a3456c70e76.bundle,睡前與程芳談心,Say,リン･テイ,108,……,……
ea5a2e5b016740416bde3a3456c70e76.bundle,睡前與程芳談心,Say,リン･テイ,109,はぁ……,하아……
ea5a2e5b016740416bde3a3456c70e76.bundle,睡前與程芳談心,Say,リン･テイ,110,何でこんなにも嫌なことが、私たちの身に降りかかるんだろうね。,"왜 이렇게나 싫은 일들이, 우리한테 계속 닥치는 걸까."
ea5a2e5b016740416bde3a3456c70e76.bundle,睡前與程芳談心,Branch,#Simple,64,わからない。でも俺たちならきっと乗り越えられる。,모르겠어. 근데 우리라면 분명 이겨낼 수 있어.
ea5a2e5b016740416bde3a3456c70e76.bundle,睡前與程芳談心,Say,リン･テイ,111,わお！,우와!
ea5a2e5b016740416bde3a3456c70e76.bundle,睡前與程芳談心,Say,リン･テイ,112,今日はロマンチックね、ジェイさん。,"오늘은 로맨틱하네, 제이 씨."
ea5a2e5b016740416bde3a3456c70e76.bundle,睡前與程芳談心,Say,リン･テイ,113,フフッ！,후훗!
ea5a2e5b016740416bde3a3456c70e76.bundle,睡前與程芳談心,Branch,#Simple,65,不運続きだな。,불운의 연속이네.
ea5a2e5b016740416bde3a3456c70e76.bundle,睡前與程芳談心,Say,リン･テイ,114,それってネガティブなの？それとも客観的な意見と捉えるべき？,그거 부정적인 거야? 아니면 객관적인 의견으로 받아들여야 해?
ea5a2e5b016740416bde3a3456c70e76.bundle,睡前與程芳談心,Branch,#Simple,66,……,……
ea5a2e5b016740416bde3a3456c70e76.bundle,睡前與程芳談心,Say,リン･テイ,115,……,……
ea5a2e5b016740416bde3a3456c70e76.bundle,睡前與程芳談心,Say,リン･テイ,116,……,……
ea5a2e5b016740416bde3a3456c70e76.bundle,睡前與程芳談心,Say,リン･テイ,117,ジェイ。,제이.
ea5a2e5b016740416bde3a3456c70e76.bundle,睡前與程芳談心,Say,心の声,15,急に真剣な表情で見つめて、どうしたんだ？,"갑자기 진지한 표정으로 바라보다니, 왜 그래?"
ea5a2e5b016740416bde3a3456c70e76.bundle,睡前與程芳談心,Say,リン･テイ,118,……,……
ea5a2e5b016740416bde3a3456c70e76.bundle,睡前與程芳談心,Say,リン･テイ,119,ジェイは本当に素敵な人ね。,제이는 정말 멋진 사람이네.
ea5a2e5b016740416bde3a3456c70e76.bundle,睡前與程芳談心,Say,リン･テイ,120,実は私、私たちが置かれている現状に、結構取り乱しているの……,"실은 나, 우리가 처한 현재 상황에, 꽤 동요하고 있어……"
ea5a2e5b016740416bde3a3456c70e76.bundle,睡前與程芳談心,Say,リン･テイ,121,でも相変わらず落ち着いているあなたを見ると、なぜか安心するの。,"근데 여전히 침착한 너를 보면, 왠지 안심이 돼."
ea5a2e5b016740416bde3a3456c70e76.bundle,睡前與程芳談心,Say,リン･テイ,122,フフッ、まさか私が、あなたのポーカーフェイスを褒める日が来るなんて、思わなかったでしょう！,"후훗, 설마 내가, 네 포커페이스를 칭찬하는 날이 올 줄은, 몰랐지!"
ea5a2e5b016740416bde3a3456c70e76.bundle,睡前與程芳談心,Say,リン･テイ,123,……,……
ea5a2e5b016740416bde3a3456c70e76.bundle,睡前與程芳談心,Say,リン･テイ,124,私たちならきっと乗り越えられると思う。,우리라면 분명 이겨낼 수 있을 거야.
ea5a2e5b016740416bde3a3456c70e76.bundle,睡前與程芳談心,Branch,#Simple,67,ああ、間違いない。,"그래, 틀림없어."
ea5a2e5b016740416bde3a3456c70e76.bundle,睡前與程芳談心,Say,リン･テイ,125,うん！,응!
ea5a2e5b016740416bde3a3456c70e76.bundle,睡前與程芳談心,Branch,#Simple,68,乗り越えられない可能性もあるにはある。,못 이겨낼 가능성도 있긴 있어.
ea5a2e5b016740416bde3a3456c70e76.bundle,睡前與程芳談心,Say,リン･テイ,126,もー！盛り下げないでよ！,아 진짜! 분위기 깨지 마!
ea5a2e5b016740416bde3a3456c70e76.bundle,睡前與程芳談心,Say,リン･テイ,127,ジェイは意地悪なんだから！フフフッ……,제이는 심술궂다니까! 후후훗……
ea5a2e5b016740416bde3a3456c70e76.bundle,睡前與程芳談心,Branch,#Simple,69,……,……
ea5a2e5b016740416bde3a3456c70e76.bundle,睡前與程芳談心,Say,リン･テイ,128,さあ、そろそろ寝ようか。,"자, 슬슬 잘까."
ea5a2e5b016740416bde3a3456c70e76.bundle,睡前與程芳談心,Say,リン･テイ,129,ちゃんと寝ないと、足も治らないって23号さんが言ってたからね。,"제대로 안 자면, 다리도 안 낫는다고 23호 씨가 말했으니까."
ea5a2e5b016740416bde3a3456c70e76.bundle,睡前與程芳談心,Say,リン･テイ,130,おやすみ、ジェイ。,"잘 자, 제이."
ea5a2e5b016740416bde3a3456c70e76.bundle,睡前與程芳談心,Branch,#Simple,70,おやすみ。,잘 자.
ea5a2e5b016740416bde3a3456c70e76.bundle,睡前與程芳談心,Branch,#Simple,71,愛してる。,사랑해.
ea5a2e5b016740416bde3a3456c70e76.bundle,睡前與程芳談心,Say,リン･テイ,131,私も愛してる。,나도 사랑해.
ea5a2e5b016740416bde3a3456c70e76.bundle,睡前與程芳談心,Branch,#Simple,72,……,……
ea5a2e5b016740416bde3a3456c70e76.bundle,睡前與程芳談心,Say,心の声,16,俺もそろそろシャワーを浴びて寝るか。,나도 슬슬 샤워하고 잘까.
ea5a2e5b016740416bde3a3456c70e76.bundle,電梯間遇司徒,Say,スイ･ニン,0,ん？帰ってたのか。,응? 돌아왔구나.
ea5a2e5b016740416bde3a3456c70e76.bundle,電梯間遇司徒,Say,スイ･ニン,1,今、リンさんを送ったところだ。彼女の容態も大分回復している。,"지금, 린 씨를 데려다주고 온 참이다. 몸 상태도 많이 회복됐어."
ea5a2e5b016740416bde3a3456c70e76.bundle,電梯間遇司徒,Say,スイ･ニン,2,おそらく来週には、歩けるようになるはずだ。,"아마 다음 주쯤엔, 걸을 수 있게 될 거다."
ea5a2e5b016740416bde3a3456c70e76.bundle,電梯間遇司徒,Branch,#Simple,0,ありがとう。世話になった。,고맙다. 신세 졌어.
ea5a2e5b016740416bde3a3456c70e76.bundle,電梯間遇司徒,Say,スイ･ニン,3,当たり前のことをしたまでだ。,당연한 일을 했을 뿐이다.
ea5a2e5b016740416bde3a3456c70e76.bundle,電梯間遇司徒,Branch,#Simple,1,わかった。,알겠다.
ea5a2e5b016740416bde3a3456c70e76.bundle,電梯間遇司徒,Branch,#Simple,2,……,……
ea5a2e5b016740416bde3a3456c70e76.bundle,電梯間遇司徒,Say,スイ･ニン,4,では、おやすみ。,"그럼, 잘 자."
ea5a2e5b016740416bde3a3456c70e76.bundle,電梯間遇司徒,Branch,#Simple,3,おやすみ。,잘 자.
ea5a2e5b016740416bde3a3456c70e76.bundle,電梯間遇司徒,Branch,#Simple,4,……,……
ea5a2e5b016740416bde3a3456c70e76.bundle,電梯間遇司徒,Say,スイ･ニン,5,ん？帰ってたのか。,응? 돌아왔구나.
ea5a2e5b016740416bde3a3456c70e76.bundle,電梯間遇司徒,Say,スイ･ニン,6,リュウセイは？,류세이는?
ea5a2e5b016740416bde3a3456c70e76.bundle,電梯間遇司徒,Branch,#Simple,5,彼なら勝手に帰った。,그 애라면 알아서 돌아갔어.
ea5a2e5b016740416bde3a3456c70e76.bundle,電梯間遇司徒,Branch,#Simple,6,多分、散歩か何かだと思う。,"아마, 산책이나 뭐 그런 거라고 생각해."
ea5a2e5b016740416bde3a3456c70e76.bundle,電梯間遇司徒,Say,スイ･ニン,7,……,……
ea5a2e5b016740416bde3a3456c70e76.bundle,電梯間遇司徒,Say,スイ･ニン,8,何かあったのか？,무슨 일 있어?
ea5a2e5b016740416bde3a3456c70e76.bundle,電梯間遇司徒,Branch,#Simple,7,どういう意味だ？,그게 무슨 뜻이야?
ea5a2e5b016740416bde3a3456c70e76.bundle,電梯間遇司徒,Say,スイ･ニン,9,……,……
ea5a2e5b016740416bde3a3456c70e76.bundle,電梯間遇司徒,Say,スイ･ニン,10,いや、なんでもない。,"아니, 아무것도 아니다."
ea5a2e5b016740416bde3a3456c70e76.bundle,電梯間遇司徒,Branch,#Simple,8,彼と少し喧嘩になったんだ。,그 애랑 좀 다퉜어.
ea5a2e5b016740416bde3a3456c70e76.bundle,電梯間遇司徒,Branch,#Simple,9,彼が勝手に行動したことをあんたに伝えたのが、不満だったらしい。,"그 애가 멋대로 행동한 걸 당신한테 전한 게, 불만이었던 모양이야."
ea5a2e5b016740416bde3a3456c70e76.bundle,電梯間遇司徒,Say,スイ･ニン,11,……,……
ea5a2e5b016740416bde3a3456c70e76.bundle,電梯間遇司徒,Say,スイ･ニン,12,そうか。,그런가.
ea5a2e5b016740416bde3a3456c70e76.bundle,電梯間遇司徒,Say,スイ･ニン,13,今、リンさんを送ったところだ。彼女の容態も大分回復している。,"지금, 린 씨를 데려다주고 온 참이다. 몸 상태도 많이 회복됐어."
ea5a2e5b016740416bde3a3456c70e76.bundle,電梯間遇司徒,Say,スイ･ニン,14,おそらく来週には、歩けるようになるはずだ。,"아마 다음 주쯤엔, 걸을 수 있게 될 거다."
ea5a2e5b016740416bde3a3456c70e76.bundle,電梯間遇司徒,Branch,#Simple,10,ありがとう。世話になった。,고맙다. 신세 졌어.
ea5a2e5b016740416bde3a3456c70e76.bundle,電梯間遇司徒,Say,スイ･ニン,15,当たり前のことをしたまでだ。,당연한 일을 했을 뿐이다.
ea5a2e5b016740416bde3a3456c70e76.bundle,電梯間遇司徒,Branch,#Simple,11,わかった。,알겠다.
ea5a2e5b016740416bde3a3456c70e76.bundle,電梯間遇司徒,Branch,#Simple,12,……,……
ea5a2e5b016740416bde3a3456c70e76.bundle,電梯間遇司徒,Say,スイ･ニン,16,では、おやすみ。,"그럼, 잘 자."
ea5a2e5b016740416bde3a3456c70e76.bundle,電梯間遇司徒,Branch,#Simple,13,おやすみ。,잘 자.
ea5a2e5b016740416bde3a3456c70e76.bundle,電梯間遇司徒,Branch,#Simple,14,……,……
ea5a2e5b016740416bde3a3456c70e76.bundle,電梯間遇司徒,Say,スイ･ニン,17,ん？帰って来たのか。,응? 돌아왔구나.
ea5a2e5b016740416bde3a3456c70e76.bundle,電梯間遇司徒,Say,リュウセイ･チョウ,0,ス、スイ姉……,"스, 스이 누나……"
ea5a2e5b016740416bde3a3456c70e76.bundle,電梯間遇司徒,Say,スイ･ニン,18,今、リンさんを送ったところだ。彼女の容態も大分回復している。,"지금, 린 씨를 데려다주고 온 참이다. 몸 상태도 많이 회복됐어."
ea5a2e5b016740416bde3a3456c70e76.bundle,電梯間遇司徒,Say,スイ･ニン,19,数日で歩けるようになるはずだ。,며칠 안에 걸을 수 있게 될 거다.
ea5a2e5b016740416bde3a3456c70e76.bundle,電梯間遇司徒,Branch,#Simple,15,ありがとう。世話になった。,고맙다. 신세 졌어.
ea5a2e5b016740416bde3a3456c70e76.bundle,電梯間遇司徒,Say,スイ･ニン,20,当たり前のことをしたまでだ。,당연한 일을 했을 뿐이다.
ea5a2e5b016740416bde3a3456c70e76.bundle,電梯間遇司徒,Branch,#Simple,16,わかった。,알겠다.
ea5a2e5b016740416bde3a3456c70e76.bundle,電梯間遇司徒,Branch,#Simple,17,……,……
ea5a2e5b016740416bde3a3456c70e76.bundle,電梯間遇司徒,Say,スイ･ニン,21,では、おやすみ。,"그럼, 잘 자."
ea5a2e5b016740416bde3a3456c70e76.bundle,電梯間遇司徒,Branch,#Simple,18,おやすみ。,잘 자.
ea5a2e5b016740416bde3a3456c70e76.bundle,電梯間遇司徒,Branch,#Simple,19,……,……
ea5a2e5b016740416bde3a3456c70e76.bundle,電梯間遇司徒,Say,リュウセイ･チョウ,1,おやすみっす！！！,안녕히 주무세요!!!
ea5a2e5b016740416bde3a3456c70e76.bundle,電梯間遇司徒,Say,スイ･ニン,22,声が大きい！近所迷惑だ！,목소리가 커! 이웃한테 민폐야!
ea5a2e5b016740416bde3a3456c70e76.bundle,電梯間遇司徒,Say,リュウセイ･チョウ,2,あ、はい……,"아, 네……"
ea5a2e5b016740416bde3a3456c70e76.bundle,第三日主角內心世界,Say,ジェイ･ダイ,0,……よう。,……어이.
ea5a2e5b016740416bde3a3456c70e76.bundle,第三日主角內心世界,Branch,#Simple,0,俺はシャワールームに入ったばかりのはずだ。,나는 방금 샤워실에 들어갔을 텐데.
ea5a2e5b016740416bde3a3456c70e76.bundle,第三日主角內心世界,Say,ジェイ･ダイ,1,さあな、だが俺の体は今、眠っているようだ。,"글쎄, 근데 내 몸은 지금, 자고 있는 것 같아."
ea5a2e5b016740416bde3a3456c70e76.bundle,第三日主角內心世界,Branch,#Simple,1,残念だ。お前の体を洗ってやりたかったのに。,아쉽네. 네 몸을 씻겨주고 싶었는데.
ea5a2e5b016740416bde3a3456c70e76.bundle,第三日主角內心世界,Say,ジェイ･ダイ,2,……それは残念だったな。,……그거 아쉽게 됐군.
ea5a2e5b016740416bde3a3456c70e76.bundle,第三日主角內心世界,Branch,#Simple,2,いつもみたいに寝た覚えはないのに、ここへ飛ばされたのか？,"평소처럼 잔 기억이 없는데, 여기로 넘어온 건가?"
ea5a2e5b016740416bde3a3456c70e76.bundle,第三日主角內心世界,Say,ジェイ･ダイ,3,そうみたいだな。,그런 것 같군.
ea5a2e5b016740416bde3a3456c70e76.bundle,第三日主角內心世界,Branch,#Simple,3,……,……
ea5a2e5b016740416bde3a3456c70e76.bundle,第三日主角內心世界,Branch,#Simple,4,よう。,어이.
ea5a2e5b016740416bde3a3456c70e76.bundle,第三日主角內心世界,Branch,#Simple,5,……,……
ea5a2e5b016740416bde3a3456c70e76.bundle,第三日主角內心世界,Say,ジェイ･ダイ,4,結局……,결국……
ea5a2e5b016740416bde3a3456c70e76.bundle,第三日主角內心世界,Say,ジェイ･ダイ,5,操作組を選んだのか。,조작조를 선택한 거냐.
ea5a2e5b016740416bde3a3456c70e76.bundle,第三日主角內心世界,Branch,#Simple,6,今日の話はそこからか？,오늘 얘기는 거기서부터야?
ea5a2e5b016740416bde3a3456c70e76.bundle,第三日主角內心世界,Say,ジェイ･ダイ,6,……,……
ea5a2e5b016740416bde3a3456c70e76.bundle,第三日主角內心世界,Say,ジェイ･ダイ,7,ああ。,그래.
ea5a2e5b016740416bde3a3456c70e76.bundle,第三日主角內心世界,Branch,#Simple,7,あんたを採用したのは操作組だけだったからな。,당신을 뽑아준 게 조작조뿐이었으니까.
ea5a2e5b016740416bde3a3456c70e76.bundle,第三日主角內心世界,Say,ジェイ･ダイ,8,正確に言うと……,정확히 말하면……
ea5a2e5b016740416bde3a3456c70e76.bundle,第三日主角內心世界,Say,ジェイ･ダイ,9,操作組は「お前」を採用したんだ。,조작조는 '너'를 채용한 거다.
ea5a2e5b016740416bde3a3456c70e76.bundle,第三日主角內心世界,Branch,#Simple,8,そうだな。,그렇지.
ea5a2e5b016740416bde3a3456c70e76.bundle,第三日主角內心世界,Branch,#Simple,9,すまない。,미안하다.
ea5a2e5b016740416bde3a3456c70e76.bundle,第三日主角內心世界,Branch,#Simple,10,俺を責めてるのか？,나를 탓하는 거야?
ea5a2e5b016740416bde3a3456c70e76.bundle,第三日主角內心世界,Say,ジェイ･ダイ,10,別にそういう意味じゃない。ただ……,딱히 그런 뜻이 아니야. 그냥……
ea5a2e5b016740416bde3a3456c70e76.bundle,第三日主角內心世界,Branch,#Simple,11,……,……
ea5a2e5b016740416bde3a3456c70e76.bundle,第三日主角內心世界,Say,ジェイ･ダイ,11,俺とお前との境界線をハッキリさせたかっただけだ。,나랑 너 사이의 경계선을 확실히 하고 싶었을 뿐이다.
ea5a2e5b016740416bde3a3456c70e76.bundle,第三日主角內心世界,Say,ジェイ･ダイ,12,俺はこの入り交じった状態に、不安を覚えているんだ。,"나는 이 뒤섞인 상태에, 불안을 느끼고 있어."
ea5a2e5b016740416bde3a3456c70e76.bundle,第三日主角內心世界,Say,ジェイ･ダイ,13,だからさっきの言葉に悪意はない。,그러니까 아까 그 말에 악의는 없어.
ea5a2e5b016740416bde3a3456c70e76.bundle,第三日主角內心世界,Branch,#Simple,12,ああ、わかってる。,"그래, 알고 있어."
ea5a2e5b016740416bde3a3456c70e76.bundle,第三日主角內心世界,Branch,#Simple,13,わかった。,알겠다.
ea5a2e5b016740416bde3a3456c70e76.bundle,第三日主角內心世界,Branch,#Simple,14,なるほど。,그렇군.
ea5a2e5b016740416bde3a3456c70e76.bundle,第三日主角內心世界,Branch,#Simple,15,……,……
ea5a2e5b016740416bde3a3456c70e76.bundle,第三日主角內心世界,Branch,#Simple,16,ああ。あんたはこっちの方が気に入ると思ったんだ。,그래. 당신이라면 이쪽이 마음에 들 거라고 생각했어.
ea5a2e5b016740416bde3a3456c70e76.bundle,第三日主角內心世界,Say,ジェイ･ダイ,14,……,……
ea5a2e5b016740416bde3a3456c70e76.bundle,第三日主角內心世界,Say,ジェイ･ダイ,15,そうか。確かに俺も操作組を選んだはずだ。,그런가. 확실히 나도 조작조를 선택했을 거야.
ea5a2e5b016740416bde3a3456c70e76.bundle,第三日主角內心世界,Say,ジェイ･ダイ,16,ありがとう。,고마워.
ea5a2e5b016740416bde3a3456c70e76.bundle,第三日主角內心世界,Branch,#Simple,17,何に対する礼なんだ？,무엇에 대한 감사지?
ea5a2e5b016740416bde3a3456c70e76.bundle,第三日主角內心世界,Say,ジェイ･ダイ,17,俺のことを考えて、組を選んでくれたことへだ。,"나를 생각해서, 부서를 골라준 것에 대해서다."
ea5a2e5b016740416bde3a3456c70e76.bundle,第三日主角內心世界,Branch,#Simple,18,……,……
ea5a2e5b016740416bde3a3456c70e76.bundle,第三日主角內心世界,Say,ジェイ･ダイ,18,選別組を選んだのか？,선별조를 선택한 거냐?
ea5a2e5b016740416bde3a3456c70e76.bundle,第三日主角內心世界,Branch,#Simple,19,今日の話はそこからか？,오늘 얘기는 거기서부터야?
ea5a2e5b016740416bde3a3456c70e76.bundle,第三日主角內心世界,Say,ジェイ･ダイ,19,……,……
ea5a2e5b016740416bde3a3456c70e76.bundle,第三日主角內心世界,Say,ジェイ･ダイ,20,ああ。,그래.
ea5a2e5b016740416bde3a3456c70e76.bundle,第三日主角內心世界,Branch,#Simple,20,あんたを採用したのは選別組だけだからな。,당신을 뽑아준 게 선별조뿐이었으니까.
ea5a2e5b016740416bde3a3456c70e76.bundle,第三日主角內心世界,Say,ジェイ･ダイ,21,正確に言うと……,정확히 말하면……
ea5a2e5b016740416bde3a3456c70e76.bundle,第三日主角內心世界,Say,ジェイ･ダイ,22,選別組は「お前」を採用したんだ。,선별조는 '너'를 채용한 거다.
ea5a2e5b016740416bde3a3456c70e76.bundle,第三日主角內心世界,Branch,#Simple,21,そうだな。,그렇지.
ea5a2e5b016740416bde3a3456c70e76.bundle,第三日主角內心世界,Branch,#Simple,22,すまない。,미안하다.
ea5a2e5b016740416bde3a3456c70e76.bundle,第三日主角內心世界,Branch,#Simple,23,俺を責めてるのか？,나를 탓하는 거야?
ea5a2e5b016740416bde3a3456c70e76.bundle,第三日主角內心世界,Say,ジェイ･ダイ,23,別にそういう意味じゃない。ただ……,딱히 그런 뜻이 아니야. 그냥……
ea5a2e5b016740416bde3a3456c70e76.bundle,第三日主角內心世界,Branch,#Simple,24,……,……
ea5a2e5b016740416bde3a3456c70e76.bundle,第三日主角內心世界,Say,ジェイ･ダイ,24,俺とお前との境界線をハッキリさせたかっただけだ。,나랑 너 사이의 경계선을 확실히 하고 싶었을 뿐이다.
ea5a2e5b016740416bde3a3456c70e76.bundle,第三日主角內心世界,Say,ジェイ･ダイ,25,俺はこの入り交じった状態に、不安を覚えているんだ。,"나는 이 뒤섞인 상태에, 불안을 느끼고 있어."
ea5a2e5b016740416bde3a3456c70e76.bundle,第三日主角內心世界,Say,ジェイ･ダイ,26,だからさっきの言葉に悪意はない。,그러니까 아까 그 말에 악의는 없어.
ea5a2e5b016740416bde3a3456c70e76.bundle,第三日主角內心世界,Branch,#Simple,25,ああ、わかってる。,"그래, 알고 있어."
ea5a2e5b016740416bde3a3456c70e76.bundle,第三日主角內心世界,Branch,#Simple,26,わかった。,알겠다.
ea5a2e5b016740416bde3a3456c70e76.bundle,第三日主角內心世界,Branch,#Simple,27,なるほど。,그렇군.
ea5a2e5b016740416bde3a3456c70e76.bundle,第三日主角內心世界,Branch,#Simple,28,……,……
ea5a2e5b016740416bde3a3456c70e76.bundle,第三日主角內心世界,Branch,#Simple,29,ああ。あんたはこっちの方が気に入ると思ったんだ。,그래. 당신이라면 이쪽이 마음에 들 거라고 생각했어.
ea5a2e5b016740416bde3a3456c70e76.bundle,第三日主角內心世界,Say,ジェイ･ダイ,27,……,……
ea5a2e5b016740416bde3a3456c70e76.bundle,第三日主角內心世界,Say,ジェイ･ダイ,28,いや、俺なら選別組を選ばなかったと思う。,"아니, 나였다면 선별조를 선택하지 않았을 것 같아."
ea5a2e5b016740416bde3a3456c70e76.bundle,第三日主角內心世界,Say,ジェイ･ダイ,29,だが、ありがとう。,"그래도, 고맙다."
ea5a2e5b016740416bde3a3456c70e76.bundle,第三日主角內心世界,Branch,#Simple,30,何に対する礼なんだ？,무엇에 대한 감사지?
ea5a2e5b016740416bde3a3456c70e76.bundle,第三日主角內心世界,Say,ジェイ･ダイ,30,俺のことを考えて、組を選んでくれたことへだ。,"나를 생각해서, 부서를 골라준 것에 대해서다."
ea5a2e5b016740416bde3a3456c70e76.bundle,第三日主角內心世界,Branch,#Simple,31,……,……
ea5a2e5b016740416bde3a3456c70e76.bundle,第三日主角內心世界,Say,ジェイ･ダイ,31,次は今日の調査について話そう。,다음은 오늘 조사에 대해서 얘기하자.
ea5a2e5b016740416bde3a3456c70e76.bundle,第三日主角內心世界,Say,ジェイ･ダイ,32,……,……
ea5a2e5b016740416bde3a3456c70e76.bundle,第三日主角內心世界,Say,ジェイ･ダイ,33,正直に言うと、俺はスイ･ニンを信じられなくなった。,"솔직히 말하면, 나는 스이 닌을 못 믿게 됐다."
ea5a2e5b016740416bde3a3456c70e76.bundle,第三日主角內心世界,Say,ジェイ･ダイ,34,以前の俺の勘は間違っていた。今日の作戦は最悪だった。,예전에 내 직감이 틀렸었어. 오늘 작전은 최악이었다.
ea5a2e5b016740416bde3a3456c70e76.bundle,第三日主角內心世界,Say,ジェイ･ダイ,35,リュウセイ･チョウが動けないからって、急に俺を操作組の潜入に行かせるなんて……,"류세이 챠오가 못 움직인다고, 갑자기 나를 조작조 잠입에 보내다니……"
ea5a2e5b016740416bde3a3456c70e76.bundle,第三日主角內心世界,Branch,#Simple,32,調査に協力すると約束したのはあんただ。,조사에 협조하기로 약속한 건 당신이야.
ea5a2e5b016740416bde3a3456c70e76.bundle,第三日主角內心世界,Say,ジェイ･ダイ,36,それはわかっている。俺が言いたいのは、彼女たちの作戦がいい加減だということだ。,"그건 알고 있어. 내가 말하고 싶은 건, 그 여자들 작전이 엉성하다는 거다."
ea5a2e5b016740416bde3a3456c70e76.bundle,第三日主角內心世界,Branch,#Simple,33,タイミングが悪かっただけだ。仕方ないだろ。,타이밍이 안 좋았을 뿐이야. 어쩔 수 없잖아.
ea5a2e5b016740416bde3a3456c70e76.bundle,第三日主角內心世界,Say,ジェイ･ダイ,37,わかってる。だが、それでも彼女たちの作戦はいい加減だった。,"알고 있어. 하지만, 그래도 그 여자들 작전은 엉성했어."
ea5a2e5b016740416bde3a3456c70e76.bundle,第三日主角內心世界,Branch,#Simple,34,確かに、彼女たちのいい加減な行動が目立つ。,"확실히, 그 여자들의 엉성한 행동이 눈에 띄지."
ea5a2e5b016740416bde3a3456c70e76.bundle,第三日主角內心世界,Branch,#Simple,35,……,……
ea5a2e5b016740416bde3a3456c70e76.bundle,第三日主角內心世界,Say,ジェイ･ダイ,38,……,……
ea5a2e5b016740416bde3a3456c70e76.bundle,第三日主角內心世界,Say,ジェイ･ダイ,39,それにお前も、馬鹿正直に彼女たちの指示に従っていた……,"게다가 너도, 고지식하게 그 여자들 지시에 따르고 있었고……"
ea5a2e5b016740416bde3a3456c70e76.bundle,第三日主角內心世界,Branch,#Simple,36,断ってほしかったのか？,거절했으면 좋겠다고 생각한 거야?
ea5a2e5b016740416bde3a3456c70e76.bundle,第三日主角內心世界,Say,ジェイ･ダイ,40,……ああ。,……그래.
ea5a2e5b016740416bde3a3456c70e76.bundle,第三日主角內心世界,Branch,#Simple,37,あんたがここまで嫌がるとは思わなかったんだ。,당신이 여기까지 싫어할 줄은 몰랐어.
ea5a2e5b016740416bde3a3456c70e76.bundle,第三日主角內心世界,Say,ジェイ･ダイ,41,俺も、お前がそんな簡単に受け入れるとは知らなかった。,"나도, 네가 그렇게 쉽게 받아들일 줄은 몰랐다."
ea5a2e5b016740416bde3a3456c70e76.bundle,第三日主角內心世界,Say,ジェイ･ダイ,42,……,……
ea5a2e5b016740416bde3a3456c70e76.bundle,第三日主角內心世界,Say,ジェイ･ダイ,43,だが。,하지만.
ea5a2e5b016740416bde3a3456c70e76.bundle,第三日主角內心世界,Branch,#Simple,38,あの時は彼女たちに協力すべきだと思ったんだ。,그때는 그 여자들한테 협조해야 한다고 생각했어.
ea5a2e5b016740416bde3a3456c70e76.bundle,第三日主角內心世界,Say,ジェイ･ダイ,44,理由は？,이유는?
ea5a2e5b016740416bde3a3456c70e76.bundle,第三日主角內心世界,Branch,#Simple,39,セラーが修理中の今なら、チャンスだと思ったんだ。,"지하실이 수리 중인 지금이라면, 기회라고 생각했어."
ea5a2e5b016740416bde3a3456c70e76.bundle,第三日主角內心世界,Say,ジェイ･ダイ,45,……,……
ea5a2e5b016740416bde3a3456c70e76.bundle,第三日主角內心世界,Say,ジェイ･ダイ,46,確かにお前の言う通りだ。,확실히 네 말이 맞아.
ea5a2e5b016740416bde3a3456c70e76.bundle,第三日主角內心世界,Branch,#Simple,40,あんたはこの件を早く終わらせたがっていると思ったんだ。,당신이 이 건을 빨리 끝내고 싶어 한다고 생각했어.
ea5a2e5b016740416bde3a3456c70e76.bundle,第三日主角內心世界,Say,ジェイ･ダイ,47,……,……
ea5a2e5b016740416bde3a3456c70e76.bundle,第三日主角內心世界,Say,ジェイ･ダイ,48,確かに俺はそう思っている。,확실히 나는 그렇게 생각하고 있다.
ea5a2e5b016740416bde3a3456c70e76.bundle,第三日主角內心世界,Say,ジェイ･ダイ,49,いいだろう。,좋다.
ea5a2e5b016740416bde3a3456c70e76.bundle,第三日主角內心世界,Branch,#Simple,41,そうだったのか。すまない。,그랬던 거군. 미안하다.
ea5a2e5b016740416bde3a3456c70e76.bundle,第三日主角內心世界,Say,ジェイ･ダイ,50,いや、謝る必要はない。,"아니, 사과할 필요는 없어."
ea5a2e5b016740416bde3a3456c70e76.bundle,第三日主角內心世界,Branch,#Simple,42,……,……
ea5a2e5b016740416bde3a3456c70e76.bundle,第三日主角內心世界,Say,ジェイ･ダイ,51,あんな状況だ。彼女たちに協力するのが最適解だったのだろう。,그런 상황이었으니. 그 여자들한테 협조하는 게 최선책이었겠지.
ea5a2e5b016740416bde3a3456c70e76.bundle,第三日主角內心世界,Say,ジェイ･ダイ,52,……,……
ea5a2e5b016740416bde3a3456c70e76.bundle,第三日主角內心世界,Say,ジェイ･ダイ,53,だが……,하지만……
ea5a2e5b016740416bde3a3456c70e76.bundle,第三日主角內心世界,Branch,#Simple,43,それは俺が悪いわけじゃないはずだ。,그건 내가 잘못한 게 아닐 텐데.
ea5a2e5b016740416bde3a3456c70e76.bundle,第三日主角內心世界,Say,ジェイ･ダイ,54,別にそういう意味では……,딱히 그런 뜻은……
ea5a2e5b016740416bde3a3456c70e76.bundle,第三日主角內心世界,Say,ジェイ･ダイ,55,はぁ……,하아……
ea5a2e5b016740416bde3a3456c70e76.bundle,第三日主角內心世界,Say,ジェイ･ダイ,56,……,……
ea5a2e5b016740416bde3a3456c70e76.bundle,第三日主角內心世界,Say,ジェイ･ダイ,57,なぜリュウセイ･チョウの代わりをやろうとした？,왜 류세이 챠오 대신을 하려고 한 거지?
ea5a2e5b016740416bde3a3456c70e76.bundle,第三日主角內心世界,Branch,#Simple,44,あんたもそうすると思ったんだ。,당신도 그럴 거라고 생각했어.
ea5a2e5b016740416bde3a3456c70e76.bundle,第三日主角內心世界,Say,ジェイ･ダイ,58,それはなぜだ？,그건 왜지?
ea5a2e5b016740416bde3a3456c70e76.bundle,第三日主角內心世界,Branch,#Simple,45,危険な任務には感じなかったからだ。,위험한 임무로는 안 느껴졌으니까.
ea5a2e5b016740416bde3a3456c70e76.bundle,第三日主角內心世界,Say,ジェイ･ダイ,59,なんだと？もし見つかったら、どうするつもりだ？,"뭐라고? 만약 들키면, 어쩔 셈이었지?"
ea5a2e5b016740416bde3a3456c70e76.bundle,第三日主角內心世界,Say,ジェイ･ダイ,60,事実、お前は見つかっていた！,"실제로, 너는 들켰잖아!"
ea5a2e5b016740416bde3a3456c70e76.bundle,第三日主角內心世界,Branch,#Simple,46,確かに見つかったが、危険な目には遭っていない。,"확실히 들켰지만, 위험한 꼴을 당하진 않았어."
ea5a2e5b016740416bde3a3456c70e76.bundle,第三日主角內心世界,Say,ジェイ･ダイ,61,それはただ運がよかっただけだ。危険な目に遭わない保証はない。,그건 그냥 운이 좋았을 뿐이다. 위험한 꼴을 안 당한다는 보장은 없어.
ea5a2e5b016740416bde3a3456c70e76.bundle,第三日主角內心世界,Branch,#Simple,47,ジェイ･ダイ。結果が欲しいのなら行動あるのみだ。,제이 다이. 결과를 원한다면 행동뿐이야.
ea5a2e5b016740416bde3a3456c70e76.bundle,第三日主角內心世界,Say,ジェイ･ダイ,62,……,……
ea5a2e5b016740416bde3a3456c70e76.bundle,第三日主角內心世界,Say,ジェイ･ダイ,63,今は潜入の件は置いておく。,지금은 잠입 건은 제쳐두겠다.
ea5a2e5b016740416bde3a3456c70e76.bundle,第三日主角內心世界,Say,ジェイ･ダイ,64,それよりもっと重要な問題がある。,그것보다 더 중요한 문제가 있다.
ea5a2e5b016740416bde3a3456c70e76.bundle,第三日主角內心世界,Branch,#Simple,48,調査に参加したいと言ったのはあんただろう？,조사에 참가하고 싶다고 말한 건 당신이잖아?
ea5a2e5b016740416bde3a3456c70e76.bundle,第三日主角內心世界,Say,ジェイ･ダイ,65,確かにそうだが、俺は……,"확실히 그렇지만, 나는……"
ea5a2e5b016740416bde3a3456c70e76.bundle,第三日主角內心世界,Say,ジェイ･ダイ,66,……,……
ea5a2e5b016740416bde3a3456c70e76.bundle,第三日主角內心世界,Say,ジェイ･ダイ,67,……すまん、お前の言う通りだ。,"……미안하다, 네 말이 맞다."
ea5a2e5b016740416bde3a3456c70e76.bundle,第三日主角內心世界,Say,ジェイ･ダイ,68,確かに彼女たちに従っていなかったら、調査が先延ばしになっていたかもしれない。,"확실히 그 여자들한테 따르지 않았으면, 조사가 미뤄졌을지도 모르지."
ea5a2e5b016740416bde3a3456c70e76.bundle,第三日主角內心世界,Say,ジェイ･ダイ,69,だが……,하지만……
ea5a2e5b016740416bde3a3456c70e76.bundle,第三日主角內心世界,Branch,#Simple,49,あんたとリン･テイを一刻も早くこの状況から救い出せると思ったんだ。,당신이랑 린 테이를 한시라도 빨리 이 상황에서 구해낼 수 있을 거라고 생각했어.
ea5a2e5b016740416bde3a3456c70e76.bundle,第三日主角內心世界,Say,ジェイ･ダイ,70,……,……
ea5a2e5b016740416bde3a3456c70e76.bundle,第三日主角內心世界,Say,ジェイ･ダイ,71,……すまん、お前の言う通りだ。,"……미안하다, 네 말이 맞다."
ea5a2e5b016740416bde3a3456c70e76.bundle,第三日主角內心世界,Say,ジェイ･ダイ,72,確かに彼女たちに従っていなかったら、調査が先延ばしになっていたかもしれない。,"확실히 그 여자들한테 따르지 않았으면, 조사가 미뤄졌을지도 모르지."
ea5a2e5b016740416bde3a3456c70e76.bundle,第三日主角內心世界,Say,ジェイ･ダイ,73,だが……,하지만……
ea5a2e5b016740416bde3a3456c70e76.bundle,第三日主角內心世界,Say,ジェイ･ダイ,74,どうであろう、スイ･ニンは俺らを騙した。,"어쨌든, 스이 닌은 우리를 속였어."
ea5a2e5b016740416bde3a3456c70e76.bundle,第三日主角內心世界,Branch,#Simple,50,黙っていたと言うべきでは？,입 다물고 있었다고 해야 하지 않아?
ea5a2e5b016740416bde3a3456c70e76.bundle,第三日主角內心世界,Say,ジェイ･ダイ,75,結果的に同じことだ。,결과적으로 같은 얘기다.
ea5a2e5b016740416bde3a3456c70e76.bundle,第三日主角內心世界,Say,ジェイ･ダイ,76,彼女たちは真実を隠そうとした。,그 여자들은 진실을 숨기려고 했다.
ea5a2e5b016740416bde3a3456c70e76.bundle,第三日主角內心世界,Branch,#Simple,51,ああ。,그래.
ea5a2e5b016740416bde3a3456c70e76.bundle,第三日主角內心世界,Branch,#Simple,52,なんの話だ？,무슨 얘기야?
ea5a2e5b016740416bde3a3456c70e76.bundle,第三日主角內心世界,Branch,#Simple,53,……,……
ea5a2e5b016740416bde3a3456c70e76.bundle,第三日主角內心世界,Say,ジェイ･ダイ,77,この調査はフクロウに内密で進められていた。,이 조사는 부엉이 몰래 진행되고 있었다.
ea5a2e5b016740416bde3a3456c70e76.bundle,第三日主角內心世界,Say,ジェイ･ダイ,78,もっとストレートに言えば、違法なことをしている。,"더 직설적으로 말하면, 불법적인 짓을 하고 있는 거다."
ea5a2e5b016740416bde3a3456c70e76.bundle,第三日主角內心世界,Branch,#Simple,54,バレたとしても、彼女たちが責任を負ってくれる。,"들킨다 해도, 그 여자들이 책임을 져줄 거야."
ea5a2e5b016740416bde3a3456c70e76.bundle,第三日主角內心世界,Say,ジェイ･ダイ,79,その言葉に何の保証もない。,그 말에 아무런 보장도 없어.
ea5a2e5b016740416bde3a3456c70e76.bundle,第三日主角內心世界,Say,ジェイ･ダイ,80,俺とリンにまで責任を追及された場合、完全に言い逃れられるとは思えない。,"나랑 린한테까지 책임 추궁이 오면, 완전히 발뺌할 수 있을 것 같지 않아."
ea5a2e5b016740416bde3a3456c70e76.bundle,第三日主角內心世界,Branch,#Simple,55,そもそも万象に楯突いたんだ。逃げられるわけない。,애초에 완샹한테 대들었잖아. 도망칠 수 있을 리가 없지.
ea5a2e5b016740416bde3a3456c70e76.bundle,第三日主角內心世界,Say,ジェイ･ダイ,81,かもしれないな。だが……,그럴지도 모르지. 근데……
ea5a2e5b016740416bde3a3456c70e76.bundle,第三日主角內心世界,Branch,#Simple,56,ああ、そうだな。,"그래, 그렇겠네."
ea5a2e5b016740416bde3a3456c70e76.bundle,第三日主角內心世界,Branch,#Simple,57,……,……
ea5a2e5b016740416bde3a3456c70e76.bundle,第三日主角內心世界,Branch,#Simple,58,今回のは、それほど大ごとではないと思う。,"이번 건은, 그렇게 큰일은 아니라고 생각해."
ea5a2e5b016740416bde3a3456c70e76.bundle,第三日主角內心世界,Say,ジェイ･ダイ,82,法を犯したのは「お前」じゃないからな。,법을 어긴 건 '너'가 아니니까 그렇지.
ea5a2e5b016740416bde3a3456c70e76.bundle,第三日主角內心世界,Say,ジェイ･ダイ,83,最終的に全ての責任を取るのは俺だ。,최종적으로 모든 책임을 지는 건 나다.
ea5a2e5b016740416bde3a3456c70e76.bundle,第三日主角內心世界,Branch,#Simple,59,俺たちが法を犯したのは、彼女たちに誘導されたからだ。,"우리가 법을 어긴 건, 그 여자들한테 유도당했기 때문이야."
ea5a2e5b016740416bde3a3456c70e76.bundle,第三日主角內心世界,Say,ジェイ･ダイ,84,そうだったな。,그랬었지.
ea5a2e5b016740416bde3a3456c70e76.bundle,第三日主角內心世界,Branch,#Simple,60,……,……
ea5a2e5b016740416bde3a3456c70e76.bundle,第三日主角內心世界,Say,ジェイ･ダイ,85,彼女たちは自分の目的を達成するために、真実を隠し、俺らを巻き込んだ。,"그 여자들은 자기 목적을 달성하기 위해서, 진실을 숨기고, 우리를 끌어들였어."
ea5a2e5b016740416bde3a3456c70e76.bundle,第三日主角內心世界,Branch,#Simple,61,でもあんたとリンはそのおかげで助かった。,근데 당신이랑 린은 그 덕분에 살았잖아.
ea5a2e5b016740416bde3a3456c70e76.bundle,第三日主角內心世界,Say,ジェイ･ダイ,86,……それはわかってる。,……그건 알고 있어.
ea5a2e5b016740416bde3a3456c70e76.bundle,第三日主角內心世界,Branch,#Simple,62,この状況はお互いに、メリットがあったんじゃないか？,"이 상황은 서로한테, 이득이 있었던 거 아니야?"
ea5a2e5b016740416bde3a3456c70e76.bundle,第三日主角內心世界,Say,ジェイ･ダイ,87,それはまだわからない。,그건 아직 모르지.
ea5a2e5b016740416bde3a3456c70e76.bundle,第三日主角內心世界,Say,ジェイ･ダイ,88,彼女たちの調査が組織に知られ……,그 여자들 조사가 조직한테 알려지고……
ea5a2e5b016740416bde3a3456c70e76.bundle,第三日主角內心世界,Say,ジェイ･ダイ,89,道連れにされるかもしれない。,덩달아 끌려갈 수도 있어.
ea5a2e5b016740416bde3a3456c70e76.bundle,第三日主角內心世界,Branch,#Simple,63,だったら文句を言うなよ。,그럼 불평하지 마.
ea5a2e5b016740416bde3a3456c70e76.bundle,第三日主角內心世界,Say,ジェイ･ダイ,90,……,……
ea5a2e5b016740416bde3a3456c70e76.bundle,第三日主角內心世界,Branch,#Simple,64,……,……
ea5a2e5b016740416bde3a3456c70e76.bundle,第三日主角內心世界,Branch,#Simple,65,彼女たちにとって、俺たちはただの駒だ。,"그 여자들 입장에서, 우리는 그냥 말이야."
ea5a2e5b016740416bde3a3456c70e76.bundle,第三日主角內心世界,Say,ジェイ･ダイ,91,……非常時には切り捨てられる駒なんだ。,……비상시엔 버려지는 말인 거지.
ea5a2e5b016740416bde3a3456c70e76.bundle,第三日主角內心世界,Branch,#Simple,66,……,……
ea5a2e5b016740416bde3a3456c70e76.bundle,第三日主角內心世界,Say,ジェイ･ダイ,92,スイ･ニンが自分の信念に従い、万象やフクロウと戦っているのはわかる。,"스이 닌이 자기 신념에 따라, 완샹이나 부엉이랑 싸우고 있는 건 이해해."
ea5a2e5b016740416bde3a3456c70e76.bundle,第三日主角內心世界,Say,ジェイ･ダイ,93,彼女が真の正義のために動いていると、信じている……,"그 여자가 진정한 정의를 위해 움직이고 있다고, 믿고 있어……"
ea5a2e5b016740416bde3a3456c70e76.bundle,第三日主角內心世界,Say,ジェイ･ダイ,94,だが、俺はそんな崇高な戦いに参加したくない。万象の恨みを買いたくないんだ。,"근데, 나는 그런 숭고한 싸움에 참가하고 싶지 않아. 완샹의 원한을 사고 싶지 않다고."
ea5a2e5b016740416bde3a3456c70e76.bundle,第三日主角內心世界,Branch,#Simple,67,でも、リンは万象に狙われる。,"근데, 린은 완샹한테 노림받고 있잖아."
ea5a2e5b016740416bde3a3456c70e76.bundle,第三日主角內心世界,Say,ジェイ･ダイ,95,……,……
ea5a2e5b016740416bde3a3456c70e76.bundle,第三日主角內心世界,Say,ジェイ･ダイ,96,俺は……,나는……
ea5a2e5b016740416bde3a3456c70e76.bundle,第三日主角內心世界,Branch,#Simple,68,あんたが協力すると決めた時、彼女たちが万象と戦っていることはわかってたんだろう？,"당신이 협조하기로 결정했을 때, 그 여자들이 완샹이랑 싸우고 있다는 건 알고 있었잖아?"
ea5a2e5b016740416bde3a3456c70e76.bundle,第三日主角內心世界,Branch,#Simple,69,万象と戦わなければ、リンを守れないのでは？,"완샹이랑 안 싸우면, 린을 못 지키는 거 아니야?"
ea5a2e5b016740416bde3a3456c70e76.bundle,第三日主角內心世界,Branch,#Simple,70,……,……
ea5a2e5b016740416bde3a3456c70e76.bundle,第三日主角內心世界,Say,ジェイ･ダイ,97,……お前の言ってることは正しい。,……네 말이 맞다.
ea5a2e5b016740416bde3a3456c70e76.bundle,第三日主角內心世界,Say,ジェイ･ダイ,98,だが俺は、彼女たちには組織がついていると思ったんだ。,"하지만 나는, 그 여자들한테는 조직이 뒤에 있는 줄 알았어."
ea5a2e5b016740416bde3a3456c70e76.bundle,第三日主角內心世界,Say,ジェイ･ダイ,99,まさか自分たちだけで行動していたとは……,설마 저희들끼리만 움직이고 있었을 줄이야……
ea5a2e5b016740416bde3a3456c70e76.bundle,第三日主角內心世界,Branch,#Simple,71,ならどうして彼女たちに協力すると約束したんだ？,그럼 왜 그 여자들한테 협조하겠다고 약속한 거야?
ea5a2e5b016740416bde3a3456c70e76.bundle,第三日主角內心世界,Say,ジェイ･ダイ,100,……,……
ea5a2e5b016740416bde3a3456c70e76.bundle,第三日主角內心世界,Say,ジェイ･ダイ,101,俺は……,나는……
ea5a2e5b016740416bde3a3456c70e76.bundle,第三日主角內心世界,Branch,#Simple,72,あんたが協力すると決めた時、彼女たちが万象と戦っていることはわかってたんだろう？,"당신이 협조하기로 결정했을 때, 그 여자들이 완샹이랑 싸우고 있다는 건 알고 있었잖아?"
ea5a2e5b016740416bde3a3456c70e76.bundle,第三日主角內心世界,Branch,#Simple,73,万象と戦わなければ、リンを守れないのでは？,"완샹이랑 안 싸우면, 린을 못 지키는 거 아니야?"
ea5a2e5b016740416bde3a3456c70e76.bundle,第三日主角內心世界,Branch,#Simple,74,……,……
ea5a2e5b016740416bde3a3456c70e76.bundle,第三日主角內心世界,Say,ジェイ･ダイ,102,……お前の言ってることは正しい。,……네 말이 맞다.
ea5a2e5b016740416bde3a3456c70e76.bundle,第三日主角內心世界,Say,ジェイ･ダイ,103,だが俺は、彼女たちには組織がついていると思ったんだ。,"하지만 나는, 그 여자들한테는 조직이 뒤에 있는 줄 알았어."
ea5a2e5b016740416bde3a3456c70e76.bundle,第三日主角內心世界,Say,ジェイ･ダイ,104,まさか自分たちだけで行動していたとは……,설마 저희들끼리만 움직이고 있었을 줄이야……
ea5a2e5b016740416bde3a3456c70e76.bundle,第三日主角內心世界,Branch,#Simple,75,でも彼女たちのせいで、あんたは万象との戦いに無理やり巻き込まれた。,"근데 그 여자들 때문에, 당신은 완샹과의 싸움에 억지로 휘말렸잖아."
ea5a2e5b016740416bde3a3456c70e76.bundle,第三日主角內心世界,Say,ジェイ･ダイ,105,……そこまで無理やりというわけではない。,……그렇게까지 억지로는 아니야.
ea5a2e5b016740416bde3a3456c70e76.bundle,第三日主角內心世界,Say,ジェイ･ダイ,106,だが確かに、俺とリンをこの「正義の戦い」に巻き込んだのは彼女たちだ……,"하지만 확실히, 나랑 린을 이 '정의의 싸움'에 끌어들인 건 그 여자들이다……"
ea5a2e5b016740416bde3a3456c70e76.bundle,第三日主角內心世界,Branch,#Simple,76,……,……
ea5a2e5b016740416bde3a3456c70e76.bundle,第三日主角內心世界,Say,ジェイ･ダイ,107,むしろ……,오히려……
ea5a2e5b016740416bde3a3456c70e76.bundle,第三日主角內心世界,Say,ジェイ･ダイ,108,彼女たちが俺とリンの安否を本当に気にしているのかすら不明だ。,그 여자들이 나랑 린의 안위를 정말로 신경 쓰고 있는지조차 불분명하다.
ea5a2e5b016740416bde3a3456c70e76.bundle,第三日主角內心世界,Say,ジェイ･ダイ,109,……,……
ea5a2e5b016740416bde3a3456c70e76.bundle,第三日主角內心世界,Say,ジェイ･ダイ,110,俺はこの無力感がつらい……,나는 이 무력감이 힘들다……
ea5a2e5b016740416bde3a3456c70e76.bundle,第三日主角內心世界,Say,ジェイ･ダイ,111,……,……
ea5a2e5b016740416bde3a3456c70e76.bundle,第三日主角內心世界,Say,ジェイ･ダイ,112,お前は、今後もスイ･ニンたちを信じるべきだと思うか？,"너는, 앞으로도 스이 닌 일행을 믿어야 한다고 생각해?"
ea5a2e5b016740416bde3a3456c70e76.bundle,第三日主角內心世界,Branch,#Simple,77,ああ、今はまだ信用していいと思う。,"그래, 지금은 아직 믿어도 된다고 생각해."
ea5a2e5b016740416bde3a3456c70e76.bundle,第三日主角內心世界,Say,ジェイ･ダイ,113,そうだろうな。お前はかなり彼女たちの肩を持っていた。,그렇겠지. 너는 꽤 그 여자들 편을 들었었지.
ea5a2e5b016740416bde3a3456c70e76.bundle,第三日主角內心世界,Say,ジェイ･ダイ,114,意外だな。さっきまで、散々否定的な言葉を並べていたくせに。,"의외군. 아까까지, 실컷 부정적인 말을 늘어놓더니."
ea5a2e5b016740416bde3a3456c70e76.bundle,第三日主角內心世界,Say,ジェイ･ダイ,115,……,……
ea5a2e5b016740416bde3a3456c70e76.bundle,第三日主角內心世界,Say,ジェイ･ダイ,116,俺らはスイ･ニンたちに利用されていると思わないか？,우리는 스이 닌 일행한테 이용당하고 있다고 생각 안 해?
ea5a2e5b016740416bde3a3456c70e76.bundle,第三日主角內心世界,Branch,#Simple,78,多少は利用されているだろうが、まだ利害関係が一致している。,"다소 이용당하고는 있겠지만, 아직 이해관계가 맞아떨어져."
ea5a2e5b016740416bde3a3456c70e76.bundle,第三日主角內心世界,Say,ジェイ･ダイ,117,……利害関係の一致、ね。,……이해관계의 일치라……
ea5a2e5b016740416bde3a3456c70e76.bundle,第三日主角內心世界,Say,ジェイ･ダイ,118,利害関係がなくなったらどうする？,이해관계가 없어지면 어떡할 건데?
ea5a2e5b016740416bde3a3456c70e76.bundle,第三日主角內心世界,Branch,#Simple,79,それは、その時になってみないとわからない。,"그건, 그때가 되어봐야 알아."
ea5a2e5b016740416bde3a3456c70e76.bundle,第三日主角內心世界,Say,ジェイ･ダイ,119,そうだな。,그렇지.
ea5a2e5b016740416bde3a3456c70e76.bundle,第三日主角內心世界,Branch,#Simple,80,それでも、急に俺たちを切り捨てたりしないと信じている。,"그래도, 갑자기 우리를 내치거나 하진 않을 거라고 믿어."
ea5a2e5b016740416bde3a3456c70e76.bundle,第三日主角內心世界,Say,ジェイ･ダイ,120,俺もそう願うよ。,나도 그러길 바라.
ea5a2e5b016740416bde3a3456c70e76.bundle,第三日主角內心世界,Branch,#Simple,81,そうは思わない。彼女は本気で俺たちを助けようとしている。,그렇게는 생각 안 해. 그 여자는 진심으로 우리를 도우려 하고 있어.
ea5a2e5b016740416bde3a3456c70e76.bundle,第三日主角內心世界,Say,ジェイ･ダイ,121,……,……
ea5a2e5b016740416bde3a3456c70e76.bundle,第三日主角內心世界,Say,ジェイ･ダイ,122,そうか。まあ、実際に彼女と接しているのはお前だからな。,"그런가. 뭐, 실제로 그 여자랑 접하고 있는 건 너니까."
ea5a2e5b016740416bde3a3456c70e76.bundle,第三日主角內心世界,Say,ジェイ･ダイ,123,俺より彼女のことはわかるだろう。,나보다 그 여자에 대해서는 잘 알겠지.
ea5a2e5b016740416bde3a3456c70e76.bundle,第三日主角內心世界,Branch,#Simple,82,あんたに選択肢なんてない。疑っても無駄だ。,당신한테 선택지 같은 건 없어. 의심해봤자 소용없어.
ea5a2e5b016740416bde3a3456c70e76.bundle,第三日主角內心世界,Say,ジェイ･ダイ,124,……,……
ea5a2e5b016740416bde3a3456c70e76.bundle,第三日主角內心世界,Say,ジェイ･ダイ,125,選択肢がないから思考を放棄しろって言いたいのか？,선택지가 없으니까 사고를 포기하라는 거냐?
ea5a2e5b016740416bde3a3456c70e76.bundle,第三日主角內心世界,Branch,#Simple,83,そうだ。,그렇다.
ea5a2e5b016740416bde3a3456c70e76.bundle,第三日主角內心世界,Branch,#Simple,84,俺たちには何もできないと言いたいだけだ。,우리는 아무것도 할 수 없다고 말하고 싶을 뿐이야.
ea5a2e5b016740416bde3a3456c70e76.bundle,第三日主角內心世界,Say,ジェイ･ダイ,126,それは……,그건……
ea5a2e5b016740416bde3a3456c70e76.bundle,第三日主角內心世界,Say,ジェイ･ダイ,127,……,……
ea5a2e5b016740416bde3a3456c70e76.bundle,第三日主角內心世界,Say,ジェイ･ダイ,128,はぁ、認めたくはないが……,"하아, 인정하고 싶지는 않지만……"
ea5a2e5b016740416bde3a3456c70e76.bundle,第三日主角內心世界,Say,ジェイ･ダイ,129,お前の言ってることは正しい。,네 말이 맞다.
ea5a2e5b016740416bde3a3456c70e76.bundle,第三日主角內心世界,Branch,#Simple,85,信じるべきじゃない。むしろ俺たちに害をもたらす可能性の方が高い。,믿으면 안 돼. 오히려 우리한테 해를 끼칠 가능성 쪽이 높아.
ea5a2e5b016740416bde3a3456c70e76.bundle,第三日主角內心世界,Say,ジェイ･ダイ,130,……お前はスイ･ニンを信用していると思ってた。,……너는 스이 닌을 신용하고 있는 줄 알았는데.
ea5a2e5b016740416bde3a3456c70e76.bundle,第三日主角內心世界,Say,ジェイ･ダイ,131,さっきはあんなにも彼女たちの肩を持っていたはずだ。,아까는 그렇게나 그 여자들 편을 들었잖아.
ea5a2e5b016740416bde3a3456c70e76.bundle,第三日主角內心世界,Say,ジェイ･ダイ,132,なぜだ？,왜?
ea5a2e5b016740416bde3a3456c70e76.bundle,第三日主角內心世界,Branch,#Simple,86,彼女たちは俺たちの安全より、目標の達成を大事に思っている。,"그 여자들은 우리 안전보다, 목표 달성을 더 중요하게 여기고 있어."
ea5a2e5b016740416bde3a3456c70e76.bundle,第三日主角內心世界,Say,ジェイ･ダイ,133,そうだな。俺もそれを心配している……,그렇지. 나도 그게 걱정이야……
ea5a2e5b016740416bde3a3456c70e76.bundle,第三日主角內心世界,Say,ジェイ･ダイ,134,もし俺らを犠牲にすることで、万象の弱みを握れるとしたら、おそらく彼女たちは……,"만약 우리를 희생시킴으로써, 완샹의 약점을 잡을 수 있다면, 아마 그 여자들은……"
ea5a2e5b016740416bde3a3456c70e76.bundle,第三日主角內心世界,Branch,#Simple,87,彼女たちの力では無理だ。今以上に調査は難航するはずだ。,그 여자들 힘으로는 무리야. 지금보다 더 조사가 난항을 겪을 거야.
ea5a2e5b016740416bde3a3456c70e76.bundle,第三日主角內心世界,Say,ジェイ･ダイ,135,そして調査が万象やフクロウに知られ……,그리고 조사가 완샹이나 부엉이한테 알려지고……
ea5a2e5b016740416bde3a3456c70e76.bundle,第三日主角內心世界,Say,ジェイ･ダイ,136,俺とリンが巻き込まれる。,나랑 린이 휘말리게 돼.
ea5a2e5b016740416bde3a3456c70e76.bundle,第三日主角內心世界,Say,ジェイ･ダイ,137,……,……
ea5a2e5b016740416bde3a3456c70e76.bundle,第三日主角內心世界,Say,ジェイ･ダイ,138,だが今は事実を受け入れるしかないんだ……,하지만 지금은 사실을 받아들일 수밖에 없어……
ea5a2e5b016740416bde3a3456c70e76.bundle,第三日主角內心世界,Say,ジェイ･ダイ,139,俺らに、彼女に協力する以外の選択肢はない。,"우리한테는, 그 여자한테 협조하는 것 외에 선택지가 없어."
ea5a2e5b016740416bde3a3456c70e76.bundle,第三日主角內心世界,Say,ジェイ･ダイ,140,そういえば……,그러고 보니……
ea5a2e5b016740416bde3a3456c70e76.bundle,第三日主角內心世界,Say,ジェイ･ダイ,141,リンはまだ彼女たちを信じようとしているな。,린은 아직 그 여자들을 믿으려 하고 있군.
ea5a2e5b016740416bde3a3456c70e76.bundle,第三日主角內心世界,Say,ジェイ･ダイ,142,だが、仲間内で問題が起きないか心配なようだ。,"하지만, 동료 사이에서 문제가 생기지 않을까 걱정하는 것 같아."
ea5a2e5b016740416bde3a3456c70e76.bundle,第三日主角內心世界,Say,ジェイ･ダイ,143,逆に俺はその心配はしていない。,반대로 나는 그 걱정은 안 하고 있어.
ea5a2e5b016740416bde3a3456c70e76.bundle,第三日主角內心世界,Say,ジェイ･ダイ,144,お前はどうなんだ？,너는 어때?
ea5a2e5b016740416bde3a3456c70e76.bundle,第三日主角內心世界,Branch,#Simple,88,リンの心配は正しいと思う。,린의 걱정이 옳다고 생각해.
ea5a2e5b016740416bde3a3456c70e76.bundle,第三日主角內心世界,Say,ジェイ･ダイ,145,なぜだ？,왜?
ea5a2e5b016740416bde3a3456c70e76.bundle,第三日主角內心世界,Branch,#Simple,89,リュウセイが不確定要素過ぎる。,류세이가 너무 불확실한 요소야.
ea5a2e5b016740416bde3a3456c70e76.bundle,第三日主角內心世界,Say,ジェイ･ダイ,146,そうだな。,그렇지.
ea5a2e5b016740416bde3a3456c70e76.bundle,第三日主角內心世界,Say,ジェイ･ダイ,147,スイ･ニンがあんな性格の彼に協力を求めたことが意外だった。,스이 닌이 그런 성격의 애한테 협조를 구한 게 의외였어.
ea5a2e5b016740416bde3a3456c70e76.bundle,第三日主角內心世界,Branch,#Simple,90,スイ･ニンは理性的過ぎる。,스이 닌은 너무 이성적이야.
ea5a2e5b016740416bde3a3456c70e76.bundle,第三日主角內心世界,Say,ジェイ･ダイ,148,それには俺も同意だ。,그건 나도 동의해.
ea5a2e5b016740416bde3a3456c70e76.bundle,第三日主角內心世界,Say,ジェイ･ダイ,149,だが、こういった調査においては、長所にもなるはずだ。,"근데, 이런 조사에 있어서는, 장점도 될 거야."
ea5a2e5b016740416bde3a3456c70e76.bundle,第三日主角內心世界,Branch,#Simple,91,そうかもしれない。,그럴지도 모르지.
ea5a2e5b016740416bde3a3456c70e76.bundle,第三日主角內心世界,Branch,#Simple,92,単独行動の時はそれでもいいが、今はチームで動いているんだ。,"단독 행동일 때는 그래도 괜찮지만, 지금은 팀으로 움직이고 있잖아."
ea5a2e5b016740416bde3a3456c70e76.bundle,第三日主角內心世界,Branch,#Simple,93,彼女のその性質は仲間に不満を抱かれやすいと思う。,그 여자의 그런 성질은 동료한테 불만을 사기 쉽다고 생각해.
ea5a2e5b016740416bde3a3456c70e76.bundle,第三日主角內心世界,Branch,#Simple,94,23号の想いが問題に発展しそうな気がする。,23호의 마음이 문제로 번질 것 같은 느낌이 들어.
ea5a2e5b016740416bde3a3456c70e76.bundle,第三日主角內心世界,Say,ジェイ･ダイ,150,その根拠は？,그 근거는?
ea5a2e5b016740416bde3a3456c70e76.bundle,第三日主角內心世界,Branch,#Simple,95,今はまだ、ただの憶測だ。,"지금은 아직, 그냥 억측이야."
ea5a2e5b016740416bde3a3456c70e76.bundle,第三日主角內心世界,Branch,#Simple,96,根拠はないが、私情を挟むと人はミスを犯す。,"근거는 없지만, 사사로운 감정을 개입시키면 사람은 실수를 저질러."
ea5a2e5b016740416bde3a3456c70e76.bundle,第三日主角內心世界,Say,ジェイ･ダイ,151,……そうか。,……그런가.
ea5a2e5b016740416bde3a3456c70e76.bundle,第三日主角內心世界,Branch,#Simple,97,俺とは無関係の話だ。特に何も思わない。,나랑은 상관없는 얘기야. 딱히 아무 생각도 없어.
ea5a2e5b016740416bde3a3456c70e76.bundle,第三日主角內心世界,Branch,#Simple,98,彼女の杞憂だと思う。,그 여자의 기우라고 생각해.
ea5a2e5b016740416bde3a3456c70e76.bundle,第三日主角內心世界,Say,ジェイ･ダイ,152,……そうか。,……그런가.
ea5a2e5b016740416bde3a3456c70e76.bundle,第三日主角內心世界,Say,ジェイ･ダイ,153,そういえば、今日のお前はリュウセイ･チョウと二人だけでよく話していたな。,"그러고 보니, 오늘 너는 류세이 챠오랑 둘이서만 얘기를 많이 했었지."
ea5a2e5b016740416bde3a3456c70e76.bundle,第三日主角內心世界,Branch,#Simple,99,ああ。,그래.
ea5a2e5b016740416bde3a3456c70e76.bundle,第三日主角內心世界,Branch,#Simple,100,何か問題があるのか？,무슨 문제라도 있나?
ea5a2e5b016740416bde3a3456c70e76.bundle,第三日主角內心世界,Say,ジェイ･ダイ,154,……,……
ea5a2e5b016740416bde3a3456c70e76.bundle,第三日主角內心世界,Say,ジェイ･ダイ,155,俺の考えは以前と同じだ。立場を選ばなければならない状況は避けるべきだ。,내 생각은 예전과 같아. 입장을 선택해야만 하는 상황은 피해야 해.
ea5a2e5b016740416bde3a3456c70e76.bundle,第三日主角內心世界,Branch,#Simple,101,ああ、わかってる。,"그래, 알고 있어."
ea5a2e5b016740416bde3a3456c70e76.bundle,第三日主角內心世界,Say,ジェイ･ダイ,156,ならいい。,그럼 됐다.
ea5a2e5b016740416bde3a3456c70e76.bundle,第三日主角內心世界,Branch,#Simple,102,立場を選ぶ？,입장을 선택한다고?
ea5a2e5b016740416bde3a3456c70e76.bundle,第三日主角內心世界,Say,ジェイ･ダイ,157,リュウセイ･チョウと話すのは構わない。,류세이 챠오랑 얘기하는 건 상관없다.
ea5a2e5b016740416bde3a3456c70e76.bundle,第三日主角內心世界,Say,ジェイ･ダイ,158,だが、一定の距離感を保った方がいいということだ……,"다만, 어느 정도 거리감을 유지하는 게 좋다는 거다……"
ea5a2e5b016740416bde3a3456c70e76.bundle,第三日主角內心世界,Say,ジェイ･ダイ,159,彼女たちに何が起きようと、俺らは巻き込まれないようにするべきだ。,"그 여자들한테 무슨 일이 일어나든, 우리는 휘말리지 않도록 해야 해."
ea5a2e5b016740416bde3a3456c70e76.bundle,第三日主角內心世界,Branch,#Simple,103,……,……
ea5a2e5b016740416bde3a3456c70e76.bundle,第三日主角內心世界,Say,ジェイ･ダイ,160,……,……
ea5a2e5b016740416bde3a3456c70e76.bundle,第三日主角內心世界,Say,ジェイ･ダイ,161,正直に言うと、俺は彼みたいな人間はスイ･ニンの側にいるべきではないと思っている。,"솔직히 말하면, 나는 그런 사람은 스이 닌 곁에 있어서는 안 된다고 생각해."
ea5a2e5b016740416bde3a3456c70e76.bundle,第三日主角內心世界,Branch,#Simple,104,どうして急にそんなことを言うんだ？,왜 갑자기 그런 말을 하는 거지?
ea5a2e5b016740416bde3a3456c70e76.bundle,第三日主角內心世界,Branch,#Simple,105,そうだろうか？,그럴까?
ea5a2e5b016740416bde3a3456c70e76.bundle,第三日主角內心世界,Say,ジェイ･ダイ,162,素直で、単純過ぎるやつは、物事の欠陥を見ようとせず、逆に美化する。,"솔직하고, 너무 단순한 놈은, 사물의 결점을 보려 하지 않고, 오히려 미화하지."
ea5a2e5b016740416bde3a3456c70e76.bundle,第三日主角內心世界,Say,ジェイ･ダイ,163,そして現実を突きつけられた時、彼らは勝手に騙されたと思い込むんだ。,"그리고 현실을 들이밀렸을 때, 그런 놈들은 멋대로 속았다고 믿어버려."
ea5a2e5b016740416bde3a3456c70e76.bundle,第三日主角內心世界,Say,ジェイ･ダイ,164,……,……
ea5a2e5b016740416bde3a3456c70e76.bundle,第三日主角內心世界,Say,ジェイ･ダイ,165,とにかく、彼はスイ･ニンを過信している。,"아무튼, 그 녀석은 스이 닌을 과신하고 있어."
ea5a2e5b016740416bde3a3456c70e76.bundle,第三日主角內心世界,Branch,#Simple,106,同感だ。,동감이다.
ea5a2e5b016740416bde3a3456c70e76.bundle,第三日主角內心世界,Say,ジェイ･ダイ,166,そうか。,그런가.
ea5a2e5b016740416bde3a3456c70e76.bundle,第三日主角內心世界,Branch,#Simple,107,まさかこんなにも、彼に不満を持っていたとはな。,"설마 이렇게까지, 그 녀석한테 불만이 있을 줄이야."
ea5a2e5b016740416bde3a3456c70e76.bundle,第三日主角內心世界,Say,ジェイ･ダイ,167,……,……
ea5a2e5b016740416bde3a3456c70e76.bundle,第三日主角內心世界,Say,ジェイ･ダイ,168,俺は昔、彼と似た人間を見たことがある。,"나는 예전에, 그 녀석이랑 비슷한 사람을 본 적이 있어."
ea5a2e5b016740416bde3a3456c70e76.bundle,第三日主角內心世界,Branch,#Simple,108,……,……
ea5a2e5b016740416bde3a3456c70e76.bundle,第三日主角內心世界,Branch,#Simple,109,……,……
ea5a2e5b016740416bde3a3456c70e76.bundle,第三日主角內心世界,Say,ジェイ･ダイ,169,……,……
ea5a2e5b016740416bde3a3456c70e76.bundle,第三日主角內心世界,Say,ジェイ･ダイ,170,それと……,그리고……
ea5a2e5b016740416bde3a3456c70e76.bundle,第三日主角內心世界,Say,ジェイ･ダイ,171,また俺に危険な仕事が任された時は、受けてほしい。,"또 나한테 위험한 일이 맡겨졌을 때는, 받아줬으면 한다."
ea5a2e5b016740416bde3a3456c70e76.bundle,第三日主角內心世界,Say,ジェイ･ダイ,172,約束だ。,약속이다.
ea5a2e5b016740416bde3a3456c70e76.bundle,第三日主角內心世界,Branch,#Simple,110,ああ、わかった。,"그래, 알았어."
ea5a2e5b016740416bde3a3456c70e76.bundle,第三日主角內心世界,Branch,#Simple,111,あんなに嫌がっていたのにか？,그렇게 싫어했었는데?
ea5a2e5b016740416bde3a3456c70e76.bundle,第三日主角內心世界,Say,ジェイ･ダイ,173,考え直したんだ。,다시 생각해봤어.
ea5a2e5b016740416bde3a3456c70e76.bundle,第三日主角內心世界,Say,ジェイ･ダイ,174,どうせ危険に巻き込まれるなら、自ら進んで巻き込まれた方が逆に安全だ。,"어차피 위험에 휘말릴 거라면, 스스로 나서서 휘말리는 편이 오히려 안전해."
ea5a2e5b016740416bde3a3456c70e76.bundle,第三日主角內心世界,Say,ジェイ･ダイ,175,調査を早く進められるし、事態の進展をすぐ知ることができる。,"조사를 빨리 진행시킬 수 있고, 상황 전개도 바로 알 수 있어."
ea5a2e5b016740416bde3a3456c70e76.bundle,第三日主角內心世界,Say,ジェイ･ダイ,176,そうすればスイ･ニンも、俺らに隠し事ができないはずだ。,"그러면 스이 닌도, 우리한테 숨기는 게 없어질 거야."
ea5a2e5b016740416bde3a3456c70e76.bundle,第三日主角內心世界,Say,ジェイ･ダイ,177,……,……
ea5a2e5b016740416bde3a3456c70e76.bundle,第三日主角內心世界,Say,ジェイ･ダイ,178,考えてみれば、例えスイ･ニンが信頼できるやつだとしても……,"생각해보면, 설령 스이 닌이 믿을 만한 사람이라 해도……"
ea5a2e5b016740416bde3a3456c70e76.bundle,第三日主角內心世界,Say,ジェイ･ダイ,179,改造人間である俺が、フクロウに狙われる問題も解決しないといけない。,"개조 인간인 내가, 부엉이한테 노림받는 문제도 해결해야 해."
ea5a2e5b016740416bde3a3456c70e76.bundle,第三日主角內心世界,Say,ジェイ･ダイ,180,それとも生き延びるには、フクロウに入るしかないのか……,"아니면 살아남으려면, 부엉이에 들어갈 수밖에 없는 건가……"
ea5a2e5b016740416bde3a3456c70e76.bundle,第三日主角內心世界,Say,ジェイ･ダイ,181,……,……
ea5a2e5b016740416bde3a3456c70e76.bundle,基地討論核心事件,Say,23,0,彼はなんて言ってた？,그 사람이 뭐라고 했어?
ea5a2e5b016740416bde3a3456c70e76.bundle,基地討論核心事件,Say,スイ･ニン,0,手を貸してくれると約束してくれた。,도와주겠다고 약속해줬다.
ea5a2e5b016740416bde3a3456c70e76.bundle,基地討論核心事件,Say,23,1,そっか……,그런가……
ea5a2e5b016740416bde3a3456c70e76.bundle,基地討論核心事件,Branch,#Simple,0,誰と電話してたんだ？,누구랑 통화하고 있었던 거야?
ea5a2e5b016740416bde3a3456c70e76.bundle,基地討論核心事件,Say,スイ･ニン,1,昔の友人だ。,옛 친구다.
ea5a2e5b016740416bde3a3456c70e76.bundle,基地討論核心事件,Branch,#Simple,1,手を貸すって、何をだ？,"도와준다는 게, 뭘?"
ea5a2e5b016740416bde3a3456c70e76.bundle,基地討論核心事件,Say,スイ･ニン,2,後始末のことだ。,뒷정리 얘기다.
ea5a2e5b016740416bde3a3456c70e76.bundle,基地討論核心事件,Branch,#Simple,2,……,……
ea5a2e5b016740416bde3a3456c70e76.bundle,基地討論核心事件,Say,スイ･ニン,3,万象が、オペレーションコアに残された痕跡から君たちを追跡するのは不可能だ。,"완샹이, 오퍼레이션 코어에 남은 흔적으로 너희들을 추적하는 건 불가능하다."
ea5a2e5b016740416bde3a3456c70e76.bundle,基地討論核心事件,Say,リュウセイ･チョウ,0,どうしてっすか？,왜요?
ea5a2e5b016740416bde3a3456c70e76.bundle,基地討論核心事件,Say,スイ･ニン,4,オペレーションコアの調査を担うのが、メイ･ジョになるように仕向けた。,"오퍼레이션 코어 조사를 담당하는 게, 메이 조가 되도록 손을 써뒀다."
ea5a2e5b016740416bde3a3456c70e76.bundle,基地討論核心事件,Say,リュウセイ･チョウ,1,えっ？,어?
ea5a2e5b016740416bde3a3456c70e76.bundle,基地討論核心事件,Say,23,2,リュウセイ君、君ももう少し大きくなればわかるはずだ。,"류세이 군, 너도 좀 더 크면 알게 될 거다."
ea5a2e5b016740416bde3a3456c70e76.bundle,基地討論核心事件,Say,リュウセイ･チョウ,2,なんすかそれ！,그게 뭐예요!
ea5a2e5b016740416bde3a3456c70e76.bundle,基地討論核心事件,Say,スイ･ニン,5,リュウセイ、君たちを襲った人間は本当に傭兵で間違いないか？,"류세이, 너희를 습격한 사람들이 정말로 용병 맞나?"
ea5a2e5b016740416bde3a3456c70e76.bundle,基地討論核心事件,Say,リュウセイ･チョウ,3,間違いないっす。,틀림없어요.
ea5a2e5b016740416bde3a3456c70e76.bundle,基地討論核心事件,Say,スイ･ニン,6,ジェイ、君はどう思う？,"제이, 너는 어떻게 생각해?"
ea5a2e5b016740416bde3a3456c70e76.bundle,基地討論核心事件,Branch,#Simple,3,少なくとも、普通の警備員ではないと思う。,"적어도, 평범한 경비원은 아니라고 생각해."
ea5a2e5b016740416bde3a3456c70e76.bundle,基地討論核心事件,Branch,#Simple,4,あいつらは見たことのない制服を着て、顔を隠していた。,"그놈들은 본 적 없는 제복을 입고, 얼굴을 가리고 있었어."
ea5a2e5b016740416bde3a3456c70e76.bundle,基地討論核心事件,Say,スイ･ニン,7,灰色の制服にドクロのような仮面を付けていたのだろう？,회색 제복에 해골 같은 가면을 쓰고 있었겠지?
ea5a2e5b016740416bde3a3456c70e76.bundle,基地討論核心事件,Say,リュウセイ･チョウ,4,そうっす。どうしてわかったっすか？,맞아요. 어떻게 안 거예요?
ea5a2e5b016740416bde3a3456c70e76.bundle,基地討論核心事件,Say,スイ･ニン,8,……,……
ea5a2e5b016740416bde3a3456c70e76.bundle,基地討論核心事件,Say,23,3,……,……
ea5a2e5b016740416bde3a3456c70e76.bundle,基地討論核心事件,Say,23,4,間違いないわね。,틀림없네.
ea5a2e5b016740416bde3a3456c70e76.bundle,基地討論核心事件,Say,スイ･ニン,9,あの傭兵たちは、指名手配犯たちにより結成されたグループだ。,"그 용병들은, 지명수배범들로 결성된 그룹이다."
ea5a2e5b016740416bde3a3456c70e76.bundle,基地討論核心事件,Say,スイ･ニン,10,そのグループのリーダーは、ホワイトリザートと名乗る退役軍人なんだ。,"그 그룹의 리더는, 화이트 리자드라고 자칭하는 퇴역 군인이다."
ea5a2e5b016740416bde3a3456c70e76.bundle,基地討論核心事件,Branch,#Simple,5,見てもいないのに、どうしてわかった？,"보지도 않고, 어떻게 안 거지?"
ea5a2e5b016740416bde3a3456c70e76.bundle,基地討論核心事件,Branch,#Simple,6,万象グループが指名手配犯を雇っているのか？,완샹 그룹이 지명수배범을 고용하고 있는 건가?
ea5a2e5b016740416bde3a3456c70e76.bundle,基地討論核心事件,Say,23,5,ヤクザを雇っているなら、もちろん指名手配犯も雇うでしょ。,"야쿠자를 고용하고 있다면, 당연히 지명수배범도 고용하겠지."
ea5a2e5b016740416bde3a3456c70e76.bundle,基地討論核心事件,Branch,#Simple,7,……,……
ea5a2e5b016740416bde3a3456c70e76.bundle,基地討論核心事件,Say,スイ･ニン,11,……実のところ私たちは、すでにホワイトリザートと接触したことがある。,"……실은 우리는, 이미 화이트 리자드랑 접촉한 적이 있다."
ea5a2e5b016740416bde3a3456c70e76.bundle,基地討論核心事件,Say,リュウセイ･チョウ,5,昔の任務っすか？,예전 임무예요?
ea5a2e5b016740416bde3a3456c70e76.bundle,基地討論核心事件,Say,スイ･ニン,12,ああ。,그래.
ea5a2e5b016740416bde3a3456c70e76.bundle,基地討論核心事件,Say,スイ･ニン,13,こいつ。,이놈.
ea5a2e5b016740416bde3a3456c70e76.bundle,基地討論核心事件,Say,スイ･ニン,14,銃を撃ったのは、おそらくホワイトリザートだ。,"총을 쏜 건, 아마 화이트 리자드다."
ea5a2e5b016740416bde3a3456c70e76.bundle,基地討論核心事件,Say,スイ･ニン,15,今までは断定できなかったが、君たちの話を聞いて……,"지금까지는 단정할 수 없었지만, 너희들 얘기를 듣고……"
ea5a2e5b016740416bde3a3456c70e76.bundle,基地討論核心事件,Say,スイ･ニン,16,彼が万象に協力しているのは間違いないと思った。,그놈이 완샹한테 협조하고 있는 건 틀림없다고 생각했다.
ea5a2e5b016740416bde3a3456c70e76.bundle,基地討論核心事件,Branch,#Simple,8,なぜ彼のことを教えてくれなかったんだ？,왜 그놈에 대해 안 알려준 거야?
ea5a2e5b016740416bde3a3456c70e76.bundle,基地討論核心事件,Say,スイ･ニン,17,憶測に過ぎなかったからだ。,억측에 불과했기 때문이다.
ea5a2e5b016740416bde3a3456c70e76.bundle,基地討論核心事件,Say,心の声,0,憶測でも、可能性として話せるはずだ……,"억측이라도, 가능성으로서 말할 수 있었을 텐데……"
ea5a2e5b016740416bde3a3456c70e76.bundle,基地討論核心事件,Branch,#Simple,9,どういう人物なんだ？,어떤 인물이지?
ea5a2e5b016740416bde3a3456c70e76.bundle,基地討論核心事件,Branch,#Simple,10,……,……
ea5a2e5b016740416bde3a3456c70e76.bundle,基地討論核心事件,Say,スイ･ニン,18,彼はフクロウでも、危険人物として有名だ……,"그놈은 부엉이 내에서도, 위험인물로 유명하다……"
ea5a2e5b016740416bde3a3456c70e76.bundle,基地討論核心事件,Say,スイ･ニン,19,彼ほどの男が協力しているということは、万象が隠しているものが、我々の想像よりずっと深刻なものだということだ。,"그 정도 되는 남자가 협조하고 있다는 건, 완샹이 숨기고 있는 게, 우리 상상보다 훨씬 심각한 거라는 얘기다."
ea5a2e5b016740416bde3a3456c70e76.bundle,基地討論核心事件,Say,23,6,さっき、万象の内部通信システムを調べたけど、普通の上層部くらいじゃ、この傭兵の存在すら知らないみたいね。,"아까, 완샹의 내부 통신 시스템을 조사해봤는데, 보통 상층부 정도로는, 이 용병의 존재조차 모르는 것 같아."
ea5a2e5b016740416bde3a3456c70e76.bundle,基地討論核心事件,Say,23,7,おそらく、万象の中でも限られた一部の人間しか知らないのだろう。,"아마, 완샹 안에서도 극히 일부 사람만 알고 있을 거야."
ea5a2e5b016740416bde3a3456c70e76.bundle,基地討論核心事件,Say,心の声,1,だからユウ･ショウは警備をわざと外されたのか……,그래서 유 쇼는 일부러 경비에서 빠졌던 건가……
ea5a2e5b016740416bde3a3456c70e76.bundle,基地討論核心事件,Say,スイ･ニン,20,……,……
ea5a2e5b016740416bde3a3456c70e76.bundle,基地討論核心事件,Say,スイ･ニン,21,今日は大変な一日だった。,오늘은 힘든 하루였다.
ea5a2e5b016740416bde3a3456c70e76.bundle,基地討論核心事件,Say,スイ･ニン,22,特にジェイ。,특히 제이.
ea5a2e5b016740416bde3a3456c70e76.bundle,基地討論核心事件,Say,スイ･ニン,23,危険に巻き込んでしまい、申し訳ない。,"위험에 끌어들여서, 미안하다."
ea5a2e5b016740416bde3a3456c70e76.bundle,基地討論核心事件,Branch,#Simple,11,最初から心構えをしていた。,처음부터 각오하고 있었어.
ea5a2e5b016740416bde3a3456c70e76.bundle,基地討論核心事件,Say,リュウセイ･チョウ,6,ハハ、ジェイの兄貴は格好いいっすね！,"하하, 제이 형 멋있네요!"
ea5a2e5b016740416bde3a3456c70e76.bundle,基地討論核心事件,Branch,#Simple,12,二度と今日みたいなことはやめてくれ。,다시는 오늘 같은 일은 없었으면 해.
ea5a2e5b016740416bde3a3456c70e76.bundle,基地討論核心事件,Say,スイ･ニン,24,すまない、私のせいだ。,"미안하다, 내 탓이다."
ea5a2e5b016740416bde3a3456c70e76.bundle,基地討論核心事件,Branch,#Simple,13,……,……
ea5a2e5b016740416bde3a3456c70e76.bundle,基地討論核心事件,Say,スイ･ニン,25,君たちが、自分の力だけで窮地を脱したことは、とても素晴らしいことだ。,"너희들이, 자기 힘만으로 위기를 벗어난 건, 아주 훌륭한 일이다."
ea5a2e5b016740416bde3a3456c70e76.bundle,基地討論核心事件,Say,リュウセイ･チョウ,7,僕のスタングレネードのおかげっすね！,제 스턴 그레네이드 덕분이죠!
ea5a2e5b016740416bde3a3456c70e76.bundle,基地討論核心事件,Branch,#Simple,14,ああ、よくやった。,"그래, 잘했다."
ea5a2e5b016740416bde3a3456c70e76.bundle,基地討論核心事件,Say,リュウセイ･チョウ,8,ヘヘッ！,헤헤!
ea5a2e5b016740416bde3a3456c70e76.bundle,基地討論核心事件,Branch,#Simple,15,もっと早く使うべきだったと思う。,더 빨리 썼어야 했다고 생각해.
ea5a2e5b016740416bde3a3456c70e76.bundle,基地討論核心事件,Say,リュウセイ･チョウ,9,す、すみません……,"죄, 죄송해요……"
ea5a2e5b016740416bde3a3456c70e76.bundle,基地討論核心事件,Branch,#Simple,16,……,……
ea5a2e5b016740416bde3a3456c70e76.bundle,基地討論核心事件,Say,スイ･ニン,26,それに君たちが傭兵を倒したことには驚いた。,게다가 너희들이 용병을 쓰러뜨린 건 놀라웠다.
ea5a2e5b016740416bde3a3456c70e76.bundle,基地討論核心事件,Say,スイ･ニン,27,彼らは実戦を積んだプロだったはずだ。,그들은 실전 경험이 풍부한 프로였을 텐데.
ea5a2e5b016740416bde3a3456c70e76.bundle,基地討論核心事件,Branch,#Simple,17,だが最後は簡単に拘束されてしまった。,하지만 마지막엔 쉽게 붙잡혀버렸어.
ea5a2e5b016740416bde3a3456c70e76.bundle,基地討論核心事件,Branch,#Simple,18,だが最後に強いやつが現れた。,근데 마지막에 강한 놈이 나타났어.
ea5a2e5b016740416bde3a3456c70e76.bundle,基地討論核心事件,Say,リュウセイ･チョウ,10,そうっす！,맞아요!
ea5a2e5b016740416bde3a3456c70e76.bundle,基地討論核心事件,Branch,#Simple,19,……,……
ea5a2e5b016740416bde3a3456c70e76.bundle,基地討論核心事件,Say,リュウセイ･チョウ,11,最後に現れたやつは明らかに違かったっす。めっちゃくちゃ力が強いし固かったっす。,마지막에 나타난 놈은 확실히 달랐어요. 엄청 힘도 세고 단단했어요.
ea5a2e5b016740416bde3a3456c70e76.bundle,基地討論核心事件,Say,スイ･ニン,28,軍用のパワードスーツを装着していたのか？,군용 파워드 슈트를 착용하고 있었나?
ea5a2e5b016740416bde3a3456c70e76.bundle,基地討論核心事件,Say,リュウセイ･チョウ,12,はい、絶対にそうっす。,"네, 분명 그럴 거예요."
ea5a2e5b016740416bde3a3456c70e76.bundle,基地討論核心事件,Say,スイ･ニン,29,……,……
ea5a2e5b016740416bde3a3456c70e76.bundle,基地討論核心事件,Branch,#Simple,20,軍用のパワードスーツ？,군용 파워드 슈트?
ea5a2e5b016740416bde3a3456c70e76.bundle,基地討論核心事件,Branch,#Simple,21,それはなんだ？,그게 뭐지?
ea5a2e5b016740416bde3a3456c70e76.bundle,基地討論核心事件,Say,リュウセイ･チョウ,13,え？ジェイの兄貴なら絶対に知ってると思ったっす。,네? 제이 형이라면 당연히 알고 있을 줄 알았어요.
ea5a2e5b016740416bde3a3456c70e76.bundle,基地討論核心事件,Say,リュウセイ･チョウ,14,軍じゃよく見かけるものっすよね？,군에서는 자주 보는 거잖아요?
ea5a2e5b016740416bde3a3456c70e76.bundle,基地討論核心事件,Say,心の声,2,確かに俺も使ったことがあった……,확실히 나도 써본 적이 있었지……
ea5a2e5b016740416bde3a3456c70e76.bundle,基地討論核心事件,Say,スイ･ニン,30,簡単に説明する。,간단히 설명하지.
ea5a2e5b016740416bde3a3456c70e76.bundle,基地討論核心事件,Say,スイ･ニン,31,パワードスーツとはサポーターの一種で、体を守る以外に、スピードとパワーを強化するスーツだ。,"파워드 슈트란 보조 장비의 일종으로, 몸을 보호하는 것 외에, 속도와 힘을 강화하는 슈트다."
ea5a2e5b016740416bde3a3456c70e76.bundle,基地討論核心事件,Say,リュウセイ･チョウ,15,ほら、配達の人も身につけてるあれっすよ！同じものっす！,"왜, 배달원들도 착용하는 그거예요! 같은 거예요!"
ea5a2e5b016740416bde3a3456c70e76.bundle,基地討論核心事件,Say,リュウセイ･チョウ,16,でも彼らが使ってるのものは、パワーを強化するだけで、スピードと防御力を上げる効果はないっす。,"근데 그 사람들이 쓰는 건, 힘만 강화할 뿐이지, 속도나 방어력을 올리는 효과는 없어요."
ea5a2e5b016740416bde3a3456c70e76.bundle,基地討論核心事件,Say,リュウセイ･チョウ,17,僕も昔、バイトしてた時に使ってたっす！,"저도 예전에, 알바할 때 썼었어요!"
ea5a2e5b016740416bde3a3456c70e76.bundle,基地討論核心事件,Say,リュウセイ･チョウ,18,まあ、軍のものとは比べものにならないほどの代物っすけどね。,"뭐, 군용이랑은 비교도 안 되는 물건이지만요."
ea5a2e5b016740416bde3a3456c70e76.bundle,基地討論核心事件,Say,リュウセイ･チョウ,19,スペックでも、値段でも……,"스펙으로도, 가격으로도……"
ea5a2e5b016740416bde3a3456c70e76.bundle,基地討論核心事件,Branch,#Simple,22,……,……
ea5a2e5b016740416bde3a3456c70e76.bundle,基地討論核心事件,Say,23,8,もしホワイトリザートの手下がパワードスーツを持っているなら……,만약 화이트 리자드의 부하가 파워드 슈트를 갖고 있다면……
ea5a2e5b016740416bde3a3456c70e76.bundle,基地討論核心事件,Say,23,9,万象からかなりの援助をもらっていることになる。,완샹한테서 상당한 지원을 받고 있다는 게 된다.
ea5a2e5b016740416bde3a3456c70e76.bundle,基地討論核心事件,Say,スイ･ニン,32,そういうことだ。,그런 얘기지.
ea5a2e5b016740416bde3a3456c70e76.bundle,基地討論核心事件,Say,スイ･ニン,33,……,……
ea5a2e5b016740416bde3a3456c70e76.bundle,基地討論核心事件,Say,スイ･ニン,34,23号、オペレーションコアの解析は、あとどれくらいかかる？,"23호, 오퍼레이션 코어 분석은, 얼마나 더 걸리지?"
ea5a2e5b016740416bde3a3456c70e76.bundle,基地討論核心事件,Say,23,10,最速で明日の昼ね。,빨라야 내일 낮이겠네.
ea5a2e5b016740416bde3a3456c70e76.bundle,基地討論核心事件,Say,23,11,でも解析が終われば、きっとセラーの本当の現状がわかると思う。,"근데 분석이 끝나면, 분명 지하실의 진짜 실태를 알 수 있을 거야."
ea5a2e5b016740416bde3a3456c70e76.bundle,基地討論核心事件,Say,23,12,潜入までしたわけだし、きっとデータも本物よ……,"잠입까지 했으니까, 분명 데이터도 진짜일 거고……"
ea5a2e5b016740416bde3a3456c70e76.bundle,基地討論核心事件,Say,23,13,……絶対に結果を得られると思う。,……반드시 결과를 얻을 수 있을 거야.
ea5a2e5b016740416bde3a3456c70e76.bundle,基地討論核心事件,Say,スイ･ニン,35,そうね……,글쎄……
ea5a2e5b016740416bde3a3456c70e76.bundle,基地討論核心事件,Say,23,14,うん！まあ、結果が出るまでは何もできないけどね。,"응! 뭐, 결과가 나올 때까지는 아무것도 못 하지만."
ea5a2e5b016740416bde3a3456c70e76.bundle,基地討論核心事件,Say,リュウセイ･チョウ,20,そうだ、スイ姉。,"맞다, 스이 누나."
ea5a2e5b016740416bde3a3456c70e76.bundle,基地討論核心事件,Say,スイ･ニン,36,どうした？,왜 그래?
ea5a2e5b016740416bde3a3456c70e76.bundle,基地討論核心事件,Say,リュウセイ･チョウ,21,僕にも持ち出したデータを送ってほしいっす。,저한테도 가져온 데이터를 보내주셨으면 해요.
ea5a2e5b016740416bde3a3456c70e76.bundle,基地討論核心事件,Say,スイ･ニン,37,……どうするつもりだ？,……뭘 할 셈이지?
ea5a2e5b016740416bde3a3456c70e76.bundle,基地討論核心事件,Say,リュウセイ･チョウ,22,僕も解析を手伝いたいっす。ほら、人手は多いほどいいって言うでしょ？,저도 분석을 돕고 싶어요. 사람 손은 많을수록 좋다고 하잖아요?
ea5a2e5b016740416bde3a3456c70e76.bundle,基地討論核心事件,Say,23,15,こいつ、うちの腕を疑ってるの？,"이 녀석, 내 실력을 의심하는 거야?"
ea5a2e5b016740416bde3a3456c70e76.bundle,基地討論核心事件,Say,リュウセイ･チョウ,23,ち、違うっすよ！ただ手伝いたいだけっす。,"아, 아니에요! 그냥 돕고 싶을 뿐이에요."
ea5a2e5b016740416bde3a3456c70e76.bundle,基地討論核心事件,Say,23,16,別にいいか。さすがにこのデータを漏洩させるほどバカじゃないと思うし。,뭐 상관없으려나. 아무래도 이 데이터를 유출시킬 정도로 바보는 아닐 거고.
ea5a2e5b016740416bde3a3456c70e76.bundle,基地討論核心事件,Say,リュウセイ･チョウ,24,そ、そんなの絶対にしないっすよ！,"그, 그런 짓 절대 안 해요!"
ea5a2e5b016740416bde3a3456c70e76.bundle,基地討論核心事件,Say,23,17,スイ、渡していい？,"스이, 넘겨줘도 돼?"
ea5a2e5b016740416bde3a3456c70e76.bundle,基地討論核心事件,Say,スイ･ニン,38,……,……
ea5a2e5b016740416bde3a3456c70e76.bundle,基地討論核心事件,Say,スイ･ニン,39,だめだ。,안 돼.
ea5a2e5b016740416bde3a3456c70e76.bundle,基地討論核心事件,Say,リュウセイ･チョウ,25,な、なんでっすか？,"왜, 왜요?"
ea5a2e5b016740416bde3a3456c70e76.bundle,基地討論核心事件,Say,スイ･ニン,40,これはセンシティブな情報だ。知ってる者は少ない方がいい。,이건 민감한 정보다. 아는 사람은 적은 편이 좋다.
ea5a2e5b016740416bde3a3456c70e76.bundle,基地討論核心事件,Say,リュウセイ･チョウ,26,でも……,근데……
ea5a2e5b016740416bde3a3456c70e76.bundle,基地討論核心事件,Say,スイ･ニン,41,だめだと言ったんだ。,안 된다고 말했다.
ea5a2e5b016740416bde3a3456c70e76.bundle,基地討論核心事件,Say,リュウセイ･チョウ,27,……,……
ea5a2e5b016740416bde3a3456c70e76.bundle,基地討論核心事件,Say,リュウセイ･チョウ,28,わかったっす。,알겠어요.
ea5a2e5b016740416bde3a3456c70e76.bundle,基地討論核心事件,Say,心の声,3,リュウセイは納得できないようだ。,류세이는 납득이 안 되는 모양이다.
ea5a2e5b016740416bde3a3456c70e76.bundle,基地討論核心事件,Say,23,18,はいはい。じゃ、この件はここまでね。,"네네. 그럼, 이 얘기는 여기까지."
ea5a2e5b016740416bde3a3456c70e76.bundle,基地討論核心事件,Say,23,19,今日の会議はこんな感じでいいんじゃない？,오늘 회의는 이 정도면 되지 않아?
ea5a2e5b016740416bde3a3456c70e76.bundle,基地討論核心事件,Say,23,20,皆で何か食べに行かない？,다 같이 뭐 좀 먹으러 가지 않을래?
ea5a2e5b016740416bde3a3456c70e76.bundle,基地討論核心事件,Say,スイ･ニン,42,リュウセイと行ってくれ。私はジェイとリンに話したいことがある。,류세이랑 갔다 와줘. 나는 제이랑 린한테 얘기하고 싶은 게 있다.
ea5a2e5b016740416bde3a3456c70e76.bundle,基地討論核心事件,Say,23,21,……,……
ea5a2e5b016740416bde3a3456c70e76.bundle,基地討論核心事件,Say,23,22,わかった。リュウセイ行こう。,알았어. 류세이 가자.
ea5a2e5b016740416bde3a3456c70e76.bundle,基地討論核心事件,Say,リュウセイ･チョウ,29,はーい……,네에……
ea5a2e5b016740416bde3a3456c70e76.bundle,基地討論核心事件,Say,23,23,いつも以上にへこたれてるリュウセイのために、今日はうちが奢ってあげる。,"평소보다 더 풀 죽은 류세이를 위해서, 오늘은 내가 쏠게."
ea5a2e5b016740416bde3a3456c70e76.bundle,基地討論核心事件,Say,リュウセイ･チョウ,30,えっ！本当っすか！？,네! 진짜예요!?
ea5a2e5b016740416bde3a3456c70e76.bundle,基地討論核心事件,Say,23,24,今日は頑張ったから、ご褒美ね。さあ、行こう！,"오늘 애썼으니까, 상이야. 자, 가자!"
ea5a2e5b016740416bde3a3456c70e76.bundle,基地討論核心事件,Say,リュウセイ･チョウ,31,やった！,됐다!
ea5a2e5b016740416bde3a3456c70e76.bundle,司徒跟主角程芳語重心長,Say,スイ･ニン,0,リン、さっきからずっと黙っているが、何かあったのか？,"린, 아까부터 계속 조용한데, 무슨 일 있나?"
ea5a2e5b016740416bde3a3456c70e76.bundle,司徒跟主角程芳語重心長,Say,リン･テイ,0,私！？,나!?
ea5a2e5b016740416bde3a3456c70e76.bundle,司徒跟主角程芳語重心長,Say,リン･テイ,1,えっ、ううん。別に何もないわ。,"어, 아니. 딱히 아무것도 아니야."
ea5a2e5b016740416bde3a3456c70e76.bundle,司徒跟主角程芳語重心長,Say,心の声,0,見ればわかる、リンは何かに悩んでいる。,"보면 안다, 린은 뭔가로 고민하고 있다."
ea5a2e5b016740416bde3a3456c70e76.bundle,司徒跟主角程芳語重心長,Say,スイ･ニン,1,ならいいが。,그럼 다행이지만.
ea5a2e5b016740416bde3a3456c70e76.bundle,司徒跟主角程芳語重心長,Say,スイ･ニン,2,実は二人を残したのは、相談したいことがあるからだ。,"실은 두 사람을 남긴 건, 상담하고 싶은 게 있어서다."
ea5a2e5b016740416bde3a3456c70e76.bundle,司徒跟主角程芳語重心長,Say,スイ･ニン,3,だがその前に……,하지만 그 전에……
ea5a2e5b016740416bde3a3456c70e76.bundle,司徒跟主角程芳語重心長,Say,スイ･ニン,4,まずはきちんと謝らせてほしい。今日はジェイを危険な目に遭わせてしまって、すまなかった。,"우선 제대로 사과하게 해줬으면 한다. 오늘은 제이를 위험한 꼴을 당하게 해서, 미안했다."
ea5a2e5b016740416bde3a3456c70e76.bundle,司徒跟主角程芳語重心長,Branch,#Simple,0,俺が選択したことだから、気にするな。危険は承知の上だ。,"내가 선택한 일이니까, 신경 쓰지 마. 위험은 각오하고 있었어."
ea5a2e5b016740416bde3a3456c70e76.bundle,司徒跟主角程芳語重心長,Say,スイ･ニン,5,いいや。,아니.
ea5a2e5b016740416bde3a3456c70e76.bundle,司徒跟主角程芳語重心長,Say,スイ･ニン,6,君はさきほど、二度とやめてくれと言っていたはずだ。,"너는 조금 전, 다시는 그러지 말라고 했을 텐데."
ea5a2e5b016740416bde3a3456c70e76.bundle,司徒跟主角程芳語重心長,Say,スイ･ニン,7,それに今日のことは回避できたはずだ。,게다가 오늘 일은 피할 수 있었을 거다.
ea5a2e5b016740416bde3a3456c70e76.bundle,司徒跟主角程芳語重心長,Branch,#Simple,1,今更そんなことを言っても意味がないだろう？,이제 와서 그런 말 해봤자 의미 없잖아?
ea5a2e5b016740416bde3a3456c70e76.bundle,司徒跟主角程芳語重心長,Say,スイ･ニン,8,私にとっては意味がある。,나한테는 의미가 있다.
ea5a2e5b016740416bde3a3456c70e76.bundle,司徒跟主角程芳語重心長,Say,スイ･ニン,9,自分の過ちを反省することは有意義なことだ。,자신의 잘못을 반성하는 건 의미 있는 일이다.
ea5a2e5b016740416bde3a3456c70e76.bundle,司徒跟主角程芳語重心長,Branch,#Simple,2,……,……
ea5a2e5b016740416bde3a3456c70e76.bundle,司徒跟主角程芳語重心長,Say,スイ･ニン,10,次の要件に行こう。ジェイ、君に質問がある。,"다음 용건으로 가지. 제이, 너한테 질문이 있다."
ea5a2e5b016740416bde3a3456c70e76.bundle,司徒跟主角程芳語重心長,Say,スイ･ニン,11,君はリュウセイとオペレーションコアで警備員と会ったようだが、彼は何か変なことを言ってなかったか？,"너는 류세이랑 오퍼레이션 코어에서 경비원을 만났던 모양인데, 그가 뭔가 이상한 말을 하지 않았나?"
ea5a2e5b016740416bde3a3456c70e76.bundle,司徒跟主角程芳語重心長,Say,心の声,1,彼とはいろいろ話したからな……,그놈이랑은 여러 얘기를 했으니까……
ea5a2e5b016740416bde3a3456c70e76.bundle,司徒跟主角程芳語重心長,Branch,#Simple,3,どういうことだ？,그게 무슨 소리야?
ea5a2e5b016740416bde3a3456c70e76.bundle,司徒跟主角程芳語重心長,Branch,#Simple,4,確かに言っていた。,확실히 말했었다.
ea5a2e5b016740416bde3a3456c70e76.bundle,司徒跟主角程芳語重心長,Say,スイ･ニン,12,なぜ自分がそこに派遣されたのか言っていたか？,왜 자기가 거기 파견됐는지 말했나?
ea5a2e5b016740416bde3a3456c70e76.bundle,司徒跟主角程芳語重心長,Branch,#Simple,5,何も言っていなかった。,아무 말도 안 했다.
ea5a2e5b016740416bde3a3456c70e76.bundle,司徒跟主角程芳語重心長,Say,スイ･ニン,13,……,……
ea5a2e5b016740416bde3a3456c70e76.bundle,司徒跟主角程芳語重心長,Branch,#Simple,6,彼は臨時でそこを任されたらしい。,그놈은 임시로 거기를 맡았다고 하더라.
ea5a2e5b016740416bde3a3456c70e76.bundle,司徒跟主角程芳語重心長,Say,スイ･ニン,14,なるほど。,그렇군.
ea5a2e5b016740416bde3a3456c70e76.bundle,司徒跟主角程芳語重心長,Say,スイ･ニン,15,なら、こちらの情報はどれくらい知っていた？,"그럼, 이쪽 정보는 얼마나 알고 있었지?"
ea5a2e5b016740416bde3a3456c70e76.bundle,司徒跟主角程芳語重心長,Branch,#Simple,7,どれくらい知っていたってどういうことだ？,얼마나 알고 있었냐는 게 무슨 소리지?
ea5a2e5b016740416bde3a3456c70e76.bundle,司徒跟主角程芳語重心長,Say,スイ･ニン,16,私たちがオペレーションコアに潜入しようとしていたことについてだ。,우리가 오퍼레이션 코어에 잠입하려 했다는 것에 대해서다.
ea5a2e5b016740416bde3a3456c70e76.bundle,司徒跟主角程芳語重心長,Say,スイ･ニン,17,彼らは、ただの警備員としてそこを任されたのか……,"그들은, 그냥 경비원으로서 거기를 맡았던 건가……"
ea5a2e5b016740416bde3a3456c70e76.bundle,司徒跟主角程芳語重心長,Say,スイ･ニン,18,それとも、君たちが来るのを事前に知っていて任されたのか、どっちだ？,"아니면, 너희들이 오는 걸 사전에 알고 맡겨진 건가, 어느 쪽이지?"
ea5a2e5b016740416bde3a3456c70e76.bundle,司徒跟主角程芳語重心長,Branch,#Simple,8,おそらく俺たちが来るのを知っていた。,아마 우리가 오는 걸 알고 있었어.
ea5a2e5b016740416bde3a3456c70e76.bundle,司徒跟主角程芳語重心長,Branch,#Simple,9,わからない。,모르겠어.
ea5a2e5b016740416bde3a3456c70e76.bundle,司徒跟主角程芳語重心長,Branch,#Simple,10,おそらく俺たちが来るのを知らなかったと思う。,아마 우리가 오는 걸 몰랐을 거야.
ea5a2e5b016740416bde3a3456c70e76.bundle,司徒跟主角程芳語重心長,Say,スイ･ニン,19,……,……
ea5a2e5b016740416bde3a3456c70e76.bundle,司徒跟主角程芳語重心長,Say,スイ･ニン,20,それは本当か？,그거 진짜야?
ea5a2e5b016740416bde3a3456c70e76.bundle,司徒跟主角程芳語重心長,Branch,#Simple,11,いや、やはり知っていたと思う。,"아니, 역시 알고 있었을 거야."
ea5a2e5b016740416bde3a3456c70e76.bundle,司徒跟主角程芳語重心長,Branch,#Simple,12,俺を信用できないってことか？,나를 신용 못 하겠다는 거야?
ea5a2e5b016740416bde3a3456c70e76.bundle,司徒跟主角程芳語重心長,Say,スイ･ニン,21,いや、ただ私の予想と違ったから驚いただけだ。,"아니, 그냥 내 예상이랑 달라서 놀랐을 뿐이다."
ea5a2e5b016740416bde3a3456c70e76.bundle,司徒跟主角程芳語重心長,Branch,#Simple,13,警備員たちは誰かが侵入するのを知っていた。,경비원들은 누군가가 침입할 걸 알고 있었어.
ea5a2e5b016740416bde3a3456c70e76.bundle,司徒跟主角程芳語重心長,Say,リン･テイ,2,本当なの？,정말이야?
ea5a2e5b016740416bde3a3456c70e76.bundle,司徒跟主角程芳語重心長,Say,心の声,2,リンがかなり驚いている。,린이 상당히 놀라고 있다.
ea5a2e5b016740416bde3a3456c70e76.bundle,司徒跟主角程芳語重心長,Say,リン･テイ,3,つまり、私たちが調査していることは、すでにわかっているってこと……？,"그러니까, 우리가 조사하고 있다는 걸, 이미 알고 있다는 거야……?"
ea5a2e5b016740416bde3a3456c70e76.bundle,司徒跟主角程芳語重心長,Say,スイ･ニン,22,私もそれを心配していた。,나도 그걸 걱정하고 있었다.
ea5a2e5b016740416bde3a3456c70e76.bundle,司徒跟主角程芳語重心長,Say,スイ･ニン,23,警備員は、「監察員」について何か言っていたか？,"경비원은, '감찰원'에 대해서 뭔가 말했나?"
ea5a2e5b016740416bde3a3456c70e76.bundle,司徒跟主角程芳語重心長,Say,心の声,3,確かにユウ･ショウは監察員について言っていたな……,확실히 유 쇼는 감찰원에 대해서 말했었지……
ea5a2e5b016740416bde3a3456c70e76.bundle,司徒跟主角程芳語重心長,Branch,#Simple,14,彼らは監察員が来ることを知っていた。,그들은 감찰원이 오는 걸 알고 있었어.
ea5a2e5b016740416bde3a3456c70e76.bundle,司徒跟主角程芳語重心長,Say,スイ･ニン,24,……,……
ea5a2e5b016740416bde3a3456c70e76.bundle,司徒跟主角程芳語重心長,Branch,#Simple,15,いや何も。,아니 아무것도.
ea5a2e5b016740416bde3a3456c70e76.bundle,司徒跟主角程芳語重心長,Say,スイ･ニン,25,そうか。,그런가.
ea5a2e5b016740416bde3a3456c70e76.bundle,司徒跟主角程芳語重心長,Say,スイ･ニン,26,それともう一つ。リュウセイは一人でオペレーションコアに入ったのか？,그리고 하나 더. 류세이는 혼자서 오퍼레이션 코어에 들어갔나?
ea5a2e5b016740416bde3a3456c70e76.bundle,司徒跟主角程芳語重心長,Say,心の声,4,言わない約束だったが……,말 안 하기로 약속했지만……
ea5a2e5b016740416bde3a3456c70e76.bundle,司徒跟主角程芳語重心長,Branch,#Simple,16,ああ、そうだ。,"그래, 맞아."
ea5a2e5b016740416bde3a3456c70e76.bundle,司徒跟主角程芳語重心長,Branch,#Simple,17,いや、入っていない。,"아니, 안 들어갔어."
ea5a2e5b016740416bde3a3456c70e76.bundle,司徒跟主角程芳語重心長,Say,スイ･ニン,27,わかった。,알겠다.
ea5a2e5b016740416bde3a3456c70e76.bundle,司徒跟主角程芳語重心長,Say,リン･テイ,4,どうしてそんな質問をするの？,왜 그런 질문을 하는 거야?
ea5a2e5b016740416bde3a3456c70e76.bundle,司徒跟主角程芳語重心長,Say,心の声,5,リン？,린?
ea5a2e5b016740416bde3a3456c70e76.bundle,司徒跟主角程芳語重心長,Say,スイ･ニン,28,それは……,그건……
ea5a2e5b016740416bde3a3456c70e76.bundle,司徒跟主角程芳語重心長,Say,リン･テイ,5,教えてください。,알려주세요.
ea5a2e5b016740416bde3a3456c70e76.bundle,司徒跟主角程芳語重心長,Say,スイ･ニン,29,……,……
ea5a2e5b016740416bde3a3456c70e76.bundle,司徒跟主角程芳語重心長,Say,スイ･ニン,30,大した理由はない。,별다른 이유는 없다.
ea5a2e5b016740416bde3a3456c70e76.bundle,司徒跟主角程芳語重心長,Say,リン･テイ,6,でも……,근데……
ea5a2e5b016740416bde3a3456c70e76.bundle,司徒跟主角程芳語重心長,Branch,#Simple,18,リン、それくらいにしておけ。,"린, 그쯤 해둬."
ea5a2e5b016740416bde3a3456c70e76.bundle,司徒跟主角程芳語重心長,Branch,#Simple,19,大した理由がないなら、教えてもいいはずだ。,"별다른 이유가 없으면, 알려줘도 되잖아."
ea5a2e5b016740416bde3a3456c70e76.bundle,司徒跟主角程芳語重心長,Say,スイ･ニン,31,……,……
ea5a2e5b016740416bde3a3456c70e76.bundle,司徒跟主角程芳語重心長,Say,スイ･ニン,32,この件は、君たちとは無関係だ。それは私が保証する。,"이 건은, 너희들이랑은 무관하다. 그건 내가 보장하지."
ea5a2e5b016740416bde3a3456c70e76.bundle,司徒跟主角程芳語重心長,Say,リン･テイ,7,スイさん、もしそれが機密情報なら私もこれで引き下がるわ。,"스이 씨, 만약 그게 기밀 정보라면 저도 이걸로 물러날게요."
ea5a2e5b016740416bde3a3456c70e76.bundle,司徒跟主角程芳語重心長,Say,リン･テイ,8,でもそうじゃないなら……,근데 그게 아니라면……
ea5a2e5b016740416bde3a3456c70e76.bundle,司徒跟主角程芳語重心長,Branch,#Simple,20,俺たちにも知る権利があるはずだ。,우리한테도 알 권리가 있을 거다.
ea5a2e5b016740416bde3a3456c70e76.bundle,司徒跟主角程芳語重心長,Branch,#Simple,21,俺たちに説明をする義務があるはずだ。,우리한테 설명할 의무가 있을 거다.
ea5a2e5b016740416bde3a3456c70e76.bundle,司徒跟主角程芳語重心長,Say,スイ･ニン,33,……わかった。,……알겠어.
ea5a2e5b016740416bde3a3456c70e76.bundle,司徒跟主角程芳語重心長,Say,スイ･ニン,34,リュウセイのことについて聞いたのは、彼が心配だったからだ。,"류세이에 대해 물어본 건, 그 애가 걱정됐기 때문이다."
ea5a2e5b016740416bde3a3456c70e76.bundle,司徒跟主角程芳語重心長,Say,リン･テイ,9,心配？,걱정이요?
ea5a2e5b016740416bde3a3456c70e76.bundle,司徒跟主角程芳語重心長,Say,スイ･ニン,35,私はそもそも、彼を今回の万象の調査に誘うつもりはなかった。なぜなら……,"나는 애초에, 그 애를 이번 완샹 조사에 끌어들일 생각이 없었다. 왜냐하면……"
ea5a2e5b016740416bde3a3456c70e76.bundle,司徒跟主角程芳語重心長,Branch,#Simple,22,彼が経験不足だからか？,그 애가 경험 부족이라서?
ea5a2e5b016740416bde3a3456c70e76.bundle,司徒跟主角程芳語重心長,Say,スイ･ニン,36,いや、彼はぼーっとしているように見えるが……,"아니, 그 애는 멍해 보이지만……"
ea5a2e5b016740416bde3a3456c70e76.bundle,司徒跟主角程芳語重心長,Say,スイ･ニン,37,実は見た目以上に頼りがいがあるんだ。私たちは共に数多くの事件を解決してきたからね。,실은 보기보다 믿음직스럽다. 우리는 함께 수많은 사건을 해결해왔으니까.
ea5a2e5b016740416bde3a3456c70e76.bundle,司徒跟主角程芳語重心長,Say,スイ･ニン,38,だから私は彼を信用している。,그래서 나는 그 애를 신용하고 있다.
ea5a2e5b016740416bde3a3456c70e76.bundle,司徒跟主角程芳語重心長,Say,スイ･ニン,39,だが……,하지만……
ea5a2e5b016740416bde3a3456c70e76.bundle,司徒跟主角程芳語重心長,Branch,#Simple,23,彼は演算力産業に個人的な恨みを持っている。,그 애는 연산력 산업에 개인적인 원한을 갖고 있어.
ea5a2e5b016740416bde3a3456c70e76.bundle,司徒跟主角程芳語重心長,Say,スイ･ニン,40,……素晴らしい観察眼だな。,……훌륭한 관찰력이군.
ea5a2e5b016740416bde3a3456c70e76.bundle,司徒跟主角程芳語重心長,Say,心の声,6,俺の言葉に驚いているようだ。,내 말에 놀란 것 같다.
ea5a2e5b016740416bde3a3456c70e76.bundle,司徒跟主角程芳語重心長,Say,スイ･ニン,41,確かにその通りだ。,확실히 그렇다.
ea5a2e5b016740416bde3a3456c70e76.bundle,司徒跟主角程芳語重心長,Branch,#Simple,24,彼が情報を漏らす可能性があるからか？,그 애가 정보를 흘릴 가능성이 있어서?
ea5a2e5b016740416bde3a3456c70e76.bundle,司徒跟主角程芳語重心長,Say,スイ･ニン,42,いや、その心配はない。,"아니, 그 걱정은 없다."
ea5a2e5b016740416bde3a3456c70e76.bundle,司徒跟主角程芳語重心長,Say,スイ･ニン,43,リュウセイは信頼に値するいい子だ。,류세이는 믿을 만한 좋은 애다.
ea5a2e5b016740416bde3a3456c70e76.bundle,司徒跟主角程芳語重心長,Say,スイ･ニン,44,ただ……,그냥……
ea5a2e5b016740416bde3a3456c70e76.bundle,司徒跟主角程芳語重心長,Branch,#Simple,25,……,……
ea5a2e5b016740416bde3a3456c70e76.bundle,司徒跟主角程芳語重心長,Say,スイ･ニン,45,……,……
ea5a2e5b016740416bde3a3456c70e76.bundle,司徒跟主角程芳語重心長,Say,スイ･ニン,46,彼は過去の経験から、演算力産業に関連する全てを憎んでいる。,"그 애는 과거의 경험 때문에, 연산력 산업과 관련된 모든 걸 증오하고 있다."
ea5a2e5b016740416bde3a3456c70e76.bundle,司徒跟主角程芳語重心長,Say,スイ･ニン,47,彼がこの一件で、感情的になって暴走するのではないかと不安なんだ。,"그 애가 이번 일로, 감정적이 되어 폭주하지 않을까 불안하다."
ea5a2e5b016740416bde3a3456c70e76.bundle,司徒跟主角程芳語重心長,Say,スイ･ニン,48,一方で彼は、その憎しみの感情により、任務のパフォーマンスを落とす可能性がある。,"한편으로 그 애는, 그 증오의 감정 때문에, 임무 수행 능력이 떨어질 가능성이 있다."
ea5a2e5b016740416bde3a3456c70e76.bundle,司徒跟主角程芳語重心長,Say,スイ･ニン,49,それに、今回の任務で彼が傷つくのではないかと心配なんだ。,"게다가, 이번 임무로 그 애가 상처받지 않을까 걱정된다."
ea5a2e5b016740416bde3a3456c70e76.bundle,司徒跟主角程芳語重心長,Branch,#Simple,26,傷つく？どういう意味だ？,상처받는다고? 무슨 뜻이지?
ea5a2e5b016740416bde3a3456c70e76.bundle,司徒跟主角程芳語重心長,Branch,#Simple,27,……,……
ea5a2e5b016740416bde3a3456c70e76.bundle,司徒跟主角程芳語重心長,Say,スイ･ニン,50,まだ若い彼は、努力し続ければ全ての問題を解決できると思っている。,"아직 어린 그 애는, 계속 노력하면 모든 문제를 해결할 수 있다고 생각하고 있다."
ea5a2e5b016740416bde3a3456c70e76.bundle,司徒跟主角程芳語重心長,Say,スイ･ニン,51,確かにこれまで彼と一緒にやってきた任務は、すべて上手く熟してきたが……,"확실히 지금까지 그 애랑 같이 해온 임무는, 전부 잘 해냈지만……"
ea5a2e5b016740416bde3a3456c70e76.bundle,司徒跟主角程芳語重心長,Say,スイ･ニン,52,今回の敵は万象だ。相手が悪すぎる。,이번 적은 완샹이다. 상대가 너무 나쁘다.
ea5a2e5b016740416bde3a3456c70e76.bundle,司徒跟主角程芳語重心長,Say,スイ･ニン,53,だから私たちには、諦める心構えも必要だ。,"그러니까 우리한테는, 포기할 각오도 필요하다."
ea5a2e5b016740416bde3a3456c70e76.bundle,司徒跟主角程芳語重心長,Branch,#Simple,28,諦める？,포기한다고?
ea5a2e5b016740416bde3a3456c70e76.bundle,司徒跟主角程芳語重心長,Say,スイ･ニン,54,もし私たちが万象を止められず、正義の裁き下せなかった場合は……,"만약 우리가 완샹을 막지 못하고, 정의의 심판을 내리지 못했을 경우에는……"
ea5a2e5b016740416bde3a3456c70e76.bundle,司徒跟主角程芳語重心長,Say,スイ･ニン,55,別の方法で、君たち二人が置かれている問題を解決しなくてはならない。,"다른 방법으로, 너희 두 사람이 처한 문제를 해결해야만 한다."
ea5a2e5b016740416bde3a3456c70e76.bundle,司徒跟主角程芳語重心長,Say,スイ･ニン,56,だがその方法に、万象を倒す選択肢は入っていないと思った方がいい。,"하지만 그 방법에, 완샹을 쓰러뜨리는 선택지는 없다고 생각하는 게 좋다."
ea5a2e5b016740416bde3a3456c70e76.bundle,司徒跟主角程芳語重心長,Say,心の声,7,確かにそういう可能性も考えるべきだ……,확실히 그런 가능성도 생각해둬야 한다……
ea5a2e5b016740416bde3a3456c70e76.bundle,司徒跟主角程芳語重心長,Branch,#Simple,29,確かにそうだな。,확실히 그렇겠지.
ea5a2e5b016740416bde3a3456c70e76.bundle,司徒跟主角程芳語重心長,Say,スイ･ニン,57,私たちはそれなりに生きてきたから、こういったどうにもならない事との向き合い方を知っている。,"우리는 나름대로 살아왔으니까, 이런 어쩔 도리 없는 일과 마주하는 방법을 알고 있다."
ea5a2e5b016740416bde3a3456c70e76.bundle,司徒跟主角程芳語重心長,Branch,#Simple,30,……,……
ea5a2e5b016740416bde3a3456c70e76.bundle,司徒跟主角程芳語重心長,Say,スイ･ニン,58,人は必ず、己の力だけでは解決できない問題に突き当たり、妥協を選ばないといけない時がやってくる。,"사람은 반드시, 자기 힘만으로는 해결할 수 없는 문제에 부딪혀서, 타협을 선택해야만 하는 때가 온다."
ea5a2e5b016740416bde3a3456c70e76.bundle,司徒跟主角程芳語重心長,Say,スイ･ニン,59,この妥協は今の身の安全のためだけでなく、明日の戦いに挑むチャンスを残すためでもある……,"이 타협은 지금 신변의 안전을 위해서만이 아니라, 내일의 싸움에 도전할 기회를 남기기 위해서이기도 하다……"
ea5a2e5b016740416bde3a3456c70e76.bundle,司徒跟主角程芳語重心長,Say,スイ･ニン,60,これは誰もが理解できることだ。,이건 누구나 이해할 수 있는 일이다.
ea5a2e5b016740416bde3a3456c70e76.bundle,司徒跟主角程芳語重心長,Branch,#Simple,31,妥協を選ばない人間もいるはずだ。,타협을 선택하지 않는 사람도 있을 텐데.
ea5a2e5b016740416bde3a3456c70e76.bundle,司徒跟主角程芳語重心長,Say,スイ･ニン,61,……,……
ea5a2e5b016740416bde3a3456c70e76.bundle,司徒跟主角程芳語重心長,Say,スイ･ニン,62,それは、その人の戦う動機によると思う。,"그건, 그 사람이 싸우는 동기에 달려 있다고 생각한다."
ea5a2e5b016740416bde3a3456c70e76.bundle,司徒跟主角程芳語重心長,Say,スイ･ニン,63,妥協できないもののために命を捨てるか……,타협할 수 없는 것을 위해서 목숨을 버리거나……
ea5a2e5b016740416bde3a3456c70e76.bundle,司徒跟主角程芳語重心長,Say,スイ･ニン,64,それとも問題から逃げるために、楽な方法を選ぶか。,"아니면 문제에서 도망치기 위해서, 편한 방법을 선택하거나."
ea5a2e5b016740416bde3a3456c70e76.bundle,司徒跟主角程芳語重心長,Say,心の声,8,リンが何かを悟ったようだ……,린이 뭔가를 깨달은 것 같다……
ea5a2e5b016740416bde3a3456c70e76.bundle,司徒跟主角程芳語重心長,Branch,#Simple,32,……,……
ea5a2e5b016740416bde3a3456c70e76.bundle,司徒跟主角程芳語重心長,Say,スイ･ニン,65,君たち二人にとっては、妥協を選んだ方が楽なはずだ。,"너희 두 사람한테는, 타협을 선택하는 편이 편할 거다."
ea5a2e5b016740416bde3a3456c70e76.bundle,司徒跟主角程芳語重心長,Say,スイ･ニン,66,君たちはただ、平穏な生活を取り戻すために戦っているのだからね。,"너희들은 그저, 평온한 생활을 되찾기 위해서 싸우고 있는 거니까."
ea5a2e5b016740416bde3a3456c70e76.bundle,司徒跟主角程芳語重心長,Say,心の声,9,彼女がリンの方を見た。,그 여자가 린 쪽을 봤다.
ea5a2e5b016740416bde3a3456c70e76.bundle,司徒跟主角程芳語重心長,Say,スイ･ニン,67,少なくとも、ジェイは簡単に妥協するように見える。,"적어도, 제이는 쉽게 타협할 것처럼 보인다."
ea5a2e5b016740416bde3a3456c70e76.bundle,司徒跟主角程芳語重心長,Branch,#Simple,33,それは人身攻撃じゃないか？,그거 인신공격 아니야?
ea5a2e5b016740416bde3a3456c70e76.bundle,司徒跟主角程芳語重心長,Say,スイ･ニン,68,すまない、そういう意味じゃないんだ。,"미안하다, 그런 뜻이 아니다."
ea5a2e5b016740416bde3a3456c70e76.bundle,司徒跟主角程芳語重心長,Say,スイ･ニン,69,この件において、妥協するかどうかに良し悪しの問題はない。,"이 건에 있어서, 타협하고 안 하고에 좋고 나쁨의 문제는 없다."
ea5a2e5b016740416bde3a3456c70e76.bundle,司徒跟主角程芳語重心長,Say,スイ･ニン,70,私が言いたいのは、君は最初から命をかけて万象と戦うつもりはないということだ。,"내가 말하고 싶은 건, 너는 처음부터 목숨을 걸고 완샹이랑 싸울 생각은 없다는 거다."
ea5a2e5b016740416bde3a3456c70e76.bundle,司徒跟主角程芳語重心長,Branch,#Simple,34,俺のことを理解しているつもりなのか？,나를 이해하고 있는 척하는 거야?
ea5a2e5b016740416bde3a3456c70e76.bundle,司徒跟主角程芳語重心長,Say,スイ･ニン,71,そこまでは言っていない。,거기까지는 말 안 했다.
ea5a2e5b016740416bde3a3456c70e76.bundle,司徒跟主角程芳語重心長,Say,スイ･ニン,72,だが、これは現時点での私の分析だ。,"하지만, 이건 현시점에서의 내 분석이다."
ea5a2e5b016740416bde3a3456c70e76.bundle,司徒跟主角程芳語重心長,Say,スイ･ニン,73,私が言いたいのは、君は最初から命をかけて万象と戦うつもりはないということだ。,"내가 말하고 싶은 건, 너는 처음부터 목숨을 걸고 완샹이랑 싸울 생각은 없다는 거다."
ea5a2e5b016740416bde3a3456c70e76.bundle,司徒跟主角程芳語重心長,Branch,#Simple,35,……,……
ea5a2e5b016740416bde3a3456c70e76.bundle,司徒跟主角程芳語重心長,Say,スイ･ニン,74,しかしリュウセイは違う。彼にとっては、万象という邪悪な企業を倒すための調査なんだ。,"하지만 류세이는 다르다. 그 애한테는, 완샹이라는 사악한 기업을 쓰러뜨리기 위한 조사인 거다."
ea5a2e5b016740416bde3a3456c70e76.bundle,司徒跟主角程芳語重心長,Say,リン･テイ,10,言いたいことはわかったけど……,무슨 말인지는 알겠는데……
ea5a2e5b016740416bde3a3456c70e76.bundle,司徒跟主角程芳語重心長,Say,リン･テイ,11,なぜ彼が一人で、オペレーションコアに入ったかどうかを聞いたの？,"왜 그 애가 혼자서, 오퍼레이션 코어에 들어갔는지를 물어본 거야?"
ea5a2e5b016740416bde3a3456c70e76.bundle,司徒跟主角程芳語重心長,Say,スイ･ニン,75,私は、彼が万象を倒すために、一人で勝手な真似をするのではないかと心配なんだ。,"나는, 그 애가 완샹을 쓰러뜨리기 위해서, 혼자 제멋대로 굴지 않을까 걱정된다."
ea5a2e5b016740416bde3a3456c70e76.bundle,司徒跟主角程芳語重心長,Say,スイ･ニン,76,だからさっきも、データが欲しいという彼の要求を断った。,"그래서 아까도, 데이터를 원한다는 그 애의 요구를 거절했다."
ea5a2e5b016740416bde3a3456c70e76.bundle,司徒跟主角程芳語重心長,Say,スイ･ニン,77,彼が勝手にデータを使って、万象と戦い始めでもしたら、制御不能になるはずだ。,"그 애가 멋대로 데이터를 써서, 완샹이랑 싸우기 시작하기라도 하면, 통제 불능이 될 거다."
ea5a2e5b016740416bde3a3456c70e76.bundle,司徒跟主角程芳語重心長,Say,スイ･ニン,78,それに、23号は今日の作戦にかなり反対していた。,"게다가, 23호는 오늘 작전에 상당히 반대했었다."
ea5a2e5b016740416bde3a3456c70e76.bundle,司徒跟主角程芳語重心長,Say,心の声,10,……プライベート侵害の件か。,……사생활 침해 건인가.
ea5a2e5b016740416bde3a3456c70e76.bundle,司徒跟主角程芳語重心長,Say,スイ･ニン,79,私は彼女を刺激したくない。だが一方で、リュウセイが勝手な真似をするのではないかと心配なんだ。,"나는 그 애를 자극하고 싶지 않다. 하지만 한편으로, 류세이가 제멋대로 굴지 않을까 걱정된다."
ea5a2e5b016740416bde3a3456c70e76.bundle,司徒跟主角程芳語重心長,Say,スイ･ニン,80,だから私はこうやって、こっそり君に確認を取った。,"그래서 나는 이렇게, 몰래 너한테 확인을 했다."
ea5a2e5b016740416bde3a3456c70e76.bundle,司徒跟主角程芳語重心長,Say,スイ･ニン,81,黙っていてすまなかった。,숨기고 있어서 미안했다.
ea5a2e5b016740416bde3a3456c70e76.bundle,司徒跟主角程芳語重心長,Say,心の声,11,彼女に正直に言うべきか……？,이 여자한테 솔직히 말해야 하나……?
ea5a2e5b016740416bde3a3456c70e76.bundle,司徒跟主角程芳語重心長,Branch,#Simple,36,実は、リュウセイは一人でオペレーションコアに入ったんだ。,"실은, 류세이는 혼자서 오퍼레이션 코어에 들어갔어."
ea5a2e5b016740416bde3a3456c70e76.bundle,司徒跟主角程芳語重心長,Say,スイ･ニン,82,そうか……,그런가……
ea5a2e5b016740416bde3a3456c70e76.bundle,司徒跟主角程芳語重心長,Say,スイ･ニン,83,どうして今になって、教えてくれたんだ？,"왜 이제 와서, 알려주는 거지?"
ea5a2e5b016740416bde3a3456c70e76.bundle,司徒跟主角程芳語重心長,Branch,#Simple,37,あんたが彼を心配しているのがわかったから。,당신이 그 애를 걱정하고 있다는 걸 알았으니까.
ea5a2e5b016740416bde3a3456c70e76.bundle,司徒跟主角程芳語重心長,Branch,#Simple,38,言った方がいいと思ったからだ。,말하는 게 낫다고 생각했으니까.
ea5a2e5b016740416bde3a3456c70e76.bundle,司徒跟主角程芳語重心長,Branch,#Simple,39,彼に口止めをされていたんだ。,그 애한테 입막음당했었어.
ea5a2e5b016740416bde3a3456c70e76.bundle,司徒跟主角程芳語重心長,Say,スイ･ニン,84,そうか。,그런가.
ea5a2e5b016740416bde3a3456c70e76.bundle,司徒跟主角程芳語重心長,Say,スイ･ニン,85,ありがとう。,고마워.
ea5a2e5b016740416bde3a3456c70e76.bundle,司徒跟主角程芳語重心長,Branch,#Simple,40,……,……
ea5a2e5b016740416bde3a3456c70e76.bundle,司徒跟主角程芳語重心長,Say,リン･テイ,12,スイさんは大変ね。,스이 씨는 힘들겠네.
ea5a2e5b016740416bde3a3456c70e76.bundle,司徒跟主角程芳語重心長,Say,リン･テイ,13,こんなチームを率いるのは、かなり苦労するでしょう？,"이런 팀을 이끄는 건, 꽤 고생스럽겠지?"
ea5a2e5b016740416bde3a3456c70e76.bundle,司徒跟主角程芳語重心長,Branch,#Simple,41,特に仲間の二人はトラブルメーカーだからな。,특히 동료 둘이 트러블 메이커니까.
ea5a2e5b016740416bde3a3456c70e76.bundle,司徒跟主角程芳語重心長,Say,スイ･ニン,86,そんなことはない。,그렇지 않다.
ea5a2e5b016740416bde3a3456c70e76.bundle,司徒跟主角程芳語重心長,Say,心の声,12,否定はしているが、苦笑いを浮かべている。,"부정은 하고 있지만, 쓴웃음을 짓고 있다."
ea5a2e5b016740416bde3a3456c70e76.bundle,司徒跟主角程芳語重心長,Branch,#Simple,42,これも彼女の仕事の一環だろう？,이것도 그 여자 일의 일환이잖아?
ea5a2e5b016740416bde3a3456c70e76.bundle,司徒跟主角程芳語重心長,Say,リン･テイ,14,ジェイ、それはあまりに手厳しいよ！,"제이, 그건 너무 가혹하잖아!"
ea5a2e5b016740416bde3a3456c70e76.bundle,司徒跟主角程芳語重心長,Say,スイ･ニン,87,いや、ジェイの言う通りだ。,"아니, 제이 말이 맞다."
ea5a2e5b016740416bde3a3456c70e76.bundle,司徒跟主角程芳語重心長,Branch,#Simple,43,……,……
ea5a2e5b016740416bde3a3456c70e76.bundle,司徒跟主角程芳語重心長,Say,スイ･ニン,88,これは私が選んだ道だ。どっちみち最善を尽くすしかない。,이건 내가 선택한 길이다. 어차피 최선을 다할 수밖에 없다.
ea5a2e5b016740416bde3a3456c70e76.bundle,司徒跟主角程芳語重心長,Say,リン･テイ,15,いい心構えね、尊敬するわ。,"좋은 마음가짐이네, 존경스러워."
ea5a2e5b016740416bde3a3456c70e76.bundle,司徒跟主角程芳語重心長,Say,スイ･ニン,89,お互い様だ。私も君を尊敬している。,피차일반이다. 나도 너를 존경하고 있다.
ea5a2e5b016740416bde3a3456c70e76.bundle,司徒跟主角程芳語重心長,Branch,#Simple,44,俺は空気を読んで立ち去るべきか？,나는 눈치껏 자리를 비켜줘야 하나?
ea5a2e5b016740416bde3a3456c70e76.bundle,司徒跟主角程芳語重心長,Say,スイ･ニン,90,いや、そんなつもりはない。,"아니, 그럴 생각은 없다."
ea5a2e5b016740416bde3a3456c70e76.bundle,司徒跟主角程芳語重心長,Say,心の声,13,彼女が微笑んでいる。,그 여자가 미소 짓고 있다.
ea5a2e5b016740416bde3a3456c70e76.bundle,司徒跟主角程芳語重心長,Branch,#Simple,45,俺は？,나는?
ea5a2e5b016740416bde3a3456c70e76.bundle,司徒跟主角程芳語重心長,Branch,#Simple,46,俺も二人を尊敬している。,나도 두 사람을 존경하고 있어.
ea5a2e5b016740416bde3a3456c70e76.bundle,司徒跟主角程芳語重心長,Say,スイ･ニン,91,……,……
ea5a2e5b016740416bde3a3456c70e76.bundle,司徒跟主角程芳語重心長,Say,リン･テイ,16,……,……
ea5a2e5b016740416bde3a3456c70e76.bundle,司徒跟主角程芳語重心長,Branch,#Simple,47,無視するな！,무시하지 마!
ea5a2e5b016740416bde3a3456c70e76.bundle,司徒跟主角程芳語重心長,Branch,#Simple,48,……,……
ea5a2e5b016740416bde3a3456c70e76.bundle,司徒跟主角程芳語重心長,Say,リン･テイ,17,アハハッ。,아하핫.
ea5a2e5b016740416bde3a3456c70e76.bundle,司徒跟主角程芳語重心長,Say,スイ･ニン,92,フフッ。,후훗.
ea5a2e5b016740416bde3a3456c70e76.bundle,司徒跟主角程芳語重心長,Branch,#Simple,49,……,……
ea5a2e5b016740416bde3a3456c70e76.bundle,司徒跟主角程芳語重心長,Say,スイ･ニン,93,……,……
ea5a2e5b016740416bde3a3456c70e76.bundle,司徒跟主角程芳語重心長,Branch,#Simple,50,……,……
ea5a2e5b016740416bde3a3456c70e76.bundle,司徒跟主角程芳語重心長,Branch,#Simple,51,……,……
ea5a2e5b016740416bde3a3456c70e76.bundle,司徒跟主角程芳語重心長,Say,スイ･ニン,94,さて。,자.
ea5a2e5b016740416bde3a3456c70e76.bundle,司徒跟主角程芳語重心長,Say,スイ･ニン,95,この話はここまでにしよう。,이 얘기는 여기까지 하자.
ea5a2e5b016740416bde3a3456c70e76.bundle,司徒跟主角程芳語重心長,Say,リン･テイ,18,……,……
ea5a2e5b016740416bde3a3456c70e76.bundle,司徒跟主角程芳語重心長,Say,スイ･ニン,96,……,……
ea5a2e5b016740416bde3a3456c70e76.bundle,司徒跟主角程芳語重心長,Say,リン･テイ,19,はい。,네.
ea5a2e5b016740416bde3a3456c70e76.bundle,司徒跟主角程芳語重心長,Branch,#Simple,52,もう俺たちに隠し事をするのはやめてくれ。,이제 우리한테 숨기는 건 그만해줘.
ea5a2e5b016740416bde3a3456c70e76.bundle,司徒跟主角程芳語重心長,Branch,#Simple,53,……,……
ea5a2e5b016740416bde3a3456c70e76.bundle,司徒跟主角程芳語重心長,Say,スイ･ニン,97,実はもう一つ、二人に大事なことを伝えたい。,"실은 하나 더, 두 사람한테 중요한 걸 전하고 싶다."
ea5a2e5b016740416bde3a3456c70e76.bundle,司徒跟主角程芳語重心長,Say,心の声,14,一瞬で真剣な表情に変わった……,순식간에 진지한 표정으로 바뀌었다……
ea5a2e5b016740416bde3a3456c70e76.bundle,司徒跟主角程芳語重心長,Say,スイ･ニン,98,この話は真剣に聞いてほしい。二人の未来に関わることだ。,이 얘기는 진지하게 들어줬으면 한다. 두 사람의 미래에 관련된 일이다.
ea5a2e5b016740416bde3a3456c70e76.bundle,司徒跟主角程芳語重心長,Say,スイ･ニン,99,これは私の浮遊装置、黒椿だ。意のままに飛ばすことができる武器だ。,"이건 내 부유 장치, 흑동백이다. 마음대로 날릴 수 있는 무기다."
ea5a2e5b016740416bde3a3456c70e76.bundle,司徒跟主角程芳語重心長,Say,リン･テイ,20,意のままに？,마음대로?
ea5a2e5b016740416bde3a3456c70e76.bundle,司徒跟主角程芳語重心長,Say,スイ･ニン,100,そうだ。私は黒椿をものの一瞬で発射し、それをまたすぐ手元に戻すことができる。,"그래. 나는 흑동백을 순식간에 발사해서, 그걸 다시 바로 손에 되돌릴 수 있다."
ea5a2e5b016740416bde3a3456c70e76.bundle,司徒跟主角程芳語重心長,Say,スイ･ニン,101,また黒椿を支点に素早い動きも可能だ。,또 흑동백을 지점으로 삼아 재빠른 움직임도 가능하다.
ea5a2e5b016740416bde3a3456c70e76.bundle,司徒跟主角程芳語重心長,Say,リン･テイ,21,凄い……,대단해……
ea5a2e5b016740416bde3a3456c70e76.bundle,司徒跟主角程芳語重心長,Say,リン･テイ,22,浮遊技術は、もう武器化できるほどに進化したの？,"부유 기술은, 벌써 무기화할 수 있을 정도로 진화한 거야?"
ea5a2e5b016740416bde3a3456c70e76.bundle,司徒跟主角程芳語重心長,Say,スイ･ニン,102,浮遊技術はそもそも軍事用に開発された技術だ。だが武器として扱うには難易度が高く、民用化された。,"부유 기술은 애초에 군사용으로 개발된 기술이다. 하지만 무기로 다루기엔 난이도가 높아서, 민간용으로 전환됐다."
ea5a2e5b016740416bde3a3456c70e76.bundle,司徒跟主角程芳語重心長,Branch,#Simple,54,かっこいいな。,멋있네.
ea5a2e5b016740416bde3a3456c70e76.bundle,司徒跟主角程芳語重心長,Branch,#Simple,55,なぜいきなりそんな話を？,왜 갑자기 그런 얘기를?
ea5a2e5b016740416bde3a3456c70e76.bundle,司徒跟主角程芳語重心長,Branch,#Simple,56,……,……
ea5a2e5b016740416bde3a3456c70e76.bundle,司徒跟主角程芳語重心長,Say,スイ･ニン,103,ジェイ、お茶を取ってきてくれないか？,"제이, 차 좀 가져다줄 수 있나?"
ea5a2e5b016740416bde3a3456c70e76.bundle,司徒跟主角程芳語重心長,Branch,#Simple,57,急だな。,갑작스럽네.
ea5a2e5b016740416bde3a3456c70e76.bundle,司徒跟主角程芳語重心長,Branch,#Simple,58,なぜか最近、よくお茶を持ってくるように頼まれる……,"왠지 요즘, 자주 차를 가져오라는 부탁을 받는다……"
ea5a2e5b016740416bde3a3456c70e76.bundle,司徒跟主角程芳語重心長,Branch,#Simple,59,……,……
ea5a2e5b016740416bde3a3456c70e76.bundle,司徒跟主角程芳語重心長,Say,スイ･ニン,104,頼む。,부탁한다.
ea5a2e5b016740416bde3a3456c70e76.bundle,司徒跟主角程芳語重心長,Say,心の声,15,拒否することを許さない圧がある……,거부를 용납하지 않는 압박감이 있다……
ea5a2e5b016740416bde3a3456c70e76.bundle,熱炒店聊天2,Say,リュウセイ･チョウ,0,フフンっ……！,흐흥……!
ea5a2e5b016740416bde3a3456c70e76.bundle,熱炒店聊天2,Branch,#Simple,0,どうした？,왜 그래?
ea5a2e5b016740416bde3a3456c70e76.bundle,熱炒店聊天2,Branch,#Simple,1,……,……
ea5a2e5b016740416bde3a3456c70e76.bundle,熱炒店聊天2,Say,リュウセイ･チョウ,1,秘密を教えてあげるっす……,비밀 알려줄게요……
ea5a2e5b016740416bde3a3456c70e76.bundle,熱炒店聊天2,Say,リュウセイ･チョウ,2,エージェントが嘘をつく時は仕草を……とかなんとか、23姉が言ってたっすよね？,"요원이 거짓말할 때는 몸짓을……어쩌고, 23 누나가 말했었잖아요?"
ea5a2e5b016740416bde3a3456c70e76.bundle,熱炒店聊天2,Branch,#Simple,2,ああ、リュウセイは頭を掻くってやつだろ。,"그래, 류세이는 머리 긁는 거였지."
ea5a2e5b016740416bde3a3456c70e76.bundle,熱炒店聊天2,Say,リュウセイ･チョウ,3,ちょっと、今は僕の話はいいっすよ！,"잠깐, 지금은 제 얘기는 됐어요!"
ea5a2e5b016740416bde3a3456c70e76.bundle,熱炒店聊天2,Branch,#Simple,3,それで？,그래서?
ea5a2e5b016740416bde3a3456c70e76.bundle,熱炒店聊天2,Branch,#Simple,4,……,……
ea5a2e5b016740416bde3a3456c70e76.bundle,熱炒店聊天2,Say,リュウセイ･チョウ,4,23姉は隠すのがすごく上手いけど、たまに油断する時があるっす。,"23 누나는 숨기는 게 엄청 능숙한데, 가끔 방심할 때가 있어요."
ea5a2e5b016740416bde3a3456c70e76.bundle,熱炒店聊天2,Say,リュウセイ･チョウ,5,例えばすごく緊張している時とか、酔っ払ってる時とか。,"예를 들면 엄청 긴장했을 때라든가, 취했을 때라든가."
ea5a2e5b016740416bde3a3456c70e76.bundle,熱炒店聊天2,Branch,#Simple,5,彼女は嘘をついてたのか？,"그 여자, 거짓말했었어?"
ea5a2e5b016740416bde3a3456c70e76.bundle,熱炒店聊天2,Say,リュウセイ･チョウ,6,もちろんっす。,당연하죠.
ea5a2e5b016740416bde3a3456c70e76.bundle,熱炒店聊天2,Branch,#Simple,6,どうしてわかったんだ？,어떻게 안 거지?
ea5a2e5b016740416bde3a3456c70e76.bundle,熱炒店聊天2,Say,リュウセイ･チョウ,7,観察してたからっすよ！,관찰했으니까요!
ea5a2e5b016740416bde3a3456c70e76.bundle,熱炒店聊天2,Branch,#Simple,7,……,……
ea5a2e5b016740416bde3a3456c70e76.bundle,熱炒店聊天2,Say,リュウセイ･チョウ,8,彼女は嘘をつく時に、無意識に襟元を触るっす！,"그 사람은 거짓말할 때, 무의식적으로 옷깃을 만져요!"
ea5a2e5b016740416bde3a3456c70e76.bundle,熱炒店聊天2,Say,リュウセイ･チョウ,9,さっき、本当にスイ姉に想いを告げなくていいのかって聞いたっすよね？,"아까, 정말로 스이 누나한테 마음을 안 고백해도 되냐고 물었었잖아요?"
ea5a2e5b016740416bde3a3456c70e76.bundle,熱炒店聊天2,Branch,#Simple,8,ああ。,그래.
ea5a2e5b016740416bde3a3456c70e76.bundle,熱炒店聊天2,Branch,#Simple,9,酷い質問だったな。,가혹한 질문이었지.
ea5a2e5b016740416bde3a3456c70e76.bundle,熱炒店聊天2,Say,リュウセイ･チョウ,10,それはそうっすけど、今は置いといて！,"그건 그런데, 지금은 제쳐두고요!"
ea5a2e5b016740416bde3a3456c70e76.bundle,熱炒店聊天2,Branch,#Simple,10,……,……
ea5a2e5b016740416bde3a3456c70e76.bundle,熱炒店聊天2,Say,リュウセイ･チョウ,11,彼女は冷静を装っていたけど、話す時に首を触ってたっす！,"그 사람은 냉정한 척하고 있었는데, 얘기할 때 목을 만지고 있었어요!"
ea5a2e5b016740416bde3a3456c70e76.bundle,熱炒店聊天2,Branch,#Simple,11,それで？,그래서?
ea5a2e5b016740416bde3a3456c70e76.bundle,熱炒店聊天2,Say,リュウセイ･チョウ,12,つまり、本当はスイ姉に想いを告げたいって思ってるってことっす！,"그러니까, 사실은 스이 누나한테 마음을 고백하고 싶다고 생각하고 있다는 거예요!"
ea5a2e5b016740416bde3a3456c70e76.bundle,熱炒店聊天2,Branch,#Simple,12,だからなんだ？,그래서 뭐?
ea5a2e5b016740416bde3a3456c70e76.bundle,熱炒店聊天2,Say,リュウセイ･チョウ,13,もー！,"아, 진짜!"
ea5a2e5b016740416bde3a3456c70e76.bundle,熱炒店聊天2,Branch,#Simple,13,……,……
ea5a2e5b016740416bde3a3456c70e76.bundle,熱炒店聊天2,Say,リュウセイ･チョウ,14,僕は23姉を応援したいっす！あの二人をくっつけてあげたいっす！,저는 23 누나를 응원하고 싶어요! 그 두 사람을 이어주고 싶어요!
ea5a2e5b016740416bde3a3456c70e76.bundle,熱炒店聊天2,Branch,#Simple,14,他人が介入するべきじゃない。,남이 개입해서는 안 돼.
ea5a2e5b016740416bde3a3456c70e76.bundle,熱炒店聊天2,Say,リュウセイ･チョウ,15,でーもー、23姉ってかなり消極的っすよ？,"그래도오, 23 누나는 꽤 소극적이잖아요?"
ea5a2e5b016740416bde3a3456c70e76.bundle,熱炒店聊天2,Say,リュウセイ･チョウ,16,現状維持に甘んじているあの調子じゃ、絶対に付き合えるわけないっすよ！,"현상 유지에 안주하고 있는 저 상태로는, 절대 사귈 수 있을 리가 없어요!"
ea5a2e5b016740416bde3a3456c70e76.bundle,熱炒店聊天2,Branch,#Simple,15,別にいいと思うが？,딱히 괜찮다고 생각하는데?
ea5a2e5b016740416bde3a3456c70e76.bundle,熱炒店聊天2,Branch,#Simple,16,想いを告げても、どうせ彼女はフラれる。,"마음을 고백해봤자, 어차피 그 여자는 차일 거야."
ea5a2e5b016740416bde3a3456c70e76.bundle,熱炒店聊天2,Say,リュウセイ･チョウ,17,ええ！？ジェイの兄貴もネガティブっすね！,네!? 제이 형도 부정적이네요!
ea5a2e5b016740416bde3a3456c70e76.bundle,熱炒店聊天2,Say,リュウセイ･チョウ,18,でも、やってみないとわかんないっすよ！,"근데, 해보지 않으면 모르는 거예요!"
ea5a2e5b016740416bde3a3456c70e76.bundle,熱炒店聊天2,Branch,#Simple,17,……,……
ea5a2e5b016740416bde3a3456c70e76.bundle,熱炒店聊天2,Say,リュウセイ･チョウ,19,ジェイの兄貴も手伝ってくれないっすか？,제이 형도 도와주지 않을래요?
ea5a2e5b016740416bde3a3456c70e76.bundle,熱炒店聊天2,Say,リュウセイ･チョウ,20,もちろん、今回の任務が終わった後の話っす。,"물론, 이번 임무가 끝난 후의 얘기예요."
ea5a2e5b016740416bde3a3456c70e76.bundle,熱炒店聊天2,Branch,#Simple,18,考えておく。,생각해두지.
ea5a2e5b016740416bde3a3456c70e76.bundle,熱炒店聊天2,Say,リュウセイ･チョウ,21,えっ！？それ適当にあしらってないっすか？,네!? 그거 대충 넘기는 거 아니에요?
ea5a2e5b016740416bde3a3456c70e76.bundle,熱炒店聊天2,Branch,#Simple,19,わかった。俺にできることがあったら言ってくれ。,알았다. 내가 할 수 있는 게 있으면 말해줘.
ea5a2e5b016740416bde3a3456c70e76.bundle,熱炒店聊天2,Say,リュウセイ･チョウ,22,やった！,됐다!
ea5a2e5b016740416bde3a3456c70e76.bundle,熱炒店聊天2,Say,リュウセイ･チョウ,23,さっきから、ネガティブなことばっかり言うから、手伝ってくれないと思ったっすよ。,"아까부터, 부정적인 소리만 해서, 안 도와줄 줄 알았어요."
ea5a2e5b016740416bde3a3456c70e76.bundle,熱炒店聊天2,Branch,#Simple,20,いや、俺はそんなのに首を突っ込みたくない。,"아니, 나는 그런 데 끼어들고 싶지 않아."
ea5a2e5b016740416bde3a3456c70e76.bundle,熱炒店聊天2,Say,リュウセイ･チョウ,24,そうっすか……,그렇군요……
ea5a2e5b016740416bde3a3456c70e76.bundle,熱炒店聊天2,Branch,#Simple,21,……,……
ea5a2e5b016740416bde3a3456c70e76.bundle,熱炒店聊天2,Say,リュウセイ･チョウ,25,あれ？,어라?
ea5a2e5b016740416bde3a3456c70e76.bundle,熱炒店聊天2,Say,リュウセイ･チョウ,26,……僕、なんか忘れてる気がするっす。,"……저, 뭔가 잊고 있는 것 같아요."
ea5a2e5b016740416bde3a3456c70e76.bundle,熱炒店聊天2,Branch,#Simple,22,どうした？,왜 그래?
ea5a2e5b016740416bde3a3456c70e76.bundle,熱炒店聊天2,Branch,#Simple,23,23号が奢るって話だったな。,23호가 쏜다는 얘기였잖아.
ea5a2e5b016740416bde3a3456c70e76.bundle,熱炒店聊天2,Branch,#Simple,24,……,……
ea5a2e5b016740416bde3a3456c70e76.bundle,熱炒店聊天2,Say,リュウセイ･チョウ,27,ああ！そうっすよ！奢ってくれるって言ってたっす！,아! 맞아요! 쏜다고 했었어요!
ea5a2e5b016740416bde3a3456c70e76.bundle,熱炒店聊天2,Say,リュウセイ･チョウ,28,クソッ……,젠장……
ea5a2e5b016740416bde3a3456c70e76.bundle,熱炒店聊天2,Branch,#Simple,25,俺が出してやろうか。,내가 내줄까.
ea5a2e5b016740416bde3a3456c70e76.bundle,熱炒店聊天2,Branch,#Simple,26,二人で割り勘にしよう。,둘이서 반씩 내자.
ea5a2e5b016740416bde3a3456c70e76.bundle,熱炒店聊天2,Say,リュウセイ･チョウ,29,だめ！だめっすよ！ジェイの兄貴に金を出させるわけにはいかないっす。,안 돼요! 안 돼요! 제이 형한테 돈을 내게 할 수는 없어요.
ea5a2e5b016740416bde3a3456c70e76.bundle,熱炒店聊天2,Branch,#Simple,27,……,……
ea5a2e5b016740416bde3a3456c70e76.bundle,熱炒店聊天2,Say,リュウセイ･チョウ,30,ここは僕が払うっす。後で23姉からはちゃんと徴収するっす。,여기는 제가 낼게요. 나중에 23 누나한테서 제대로 받아낼 거예요.
ea5a2e5b016740416bde3a3456c70e76.bundle,熱炒店聊天2,Branch,#Simple,28,ご馳走様。,잘 먹었다.
ea5a2e5b016740416bde3a3456c70e76.bundle,熱炒店聊天2,Say,リュウセイ･チョウ,31,いえいえ。,아뇨아뇨.
ea5a2e5b016740416bde3a3456c70e76.bundle,熱炒店聊天2,Branch,#Simple,29,明日になったら忘れているかもしれないな。,내일 되면 잊어버릴지도 모르지.
ea5a2e5b016740416bde3a3456c70e76.bundle,熱炒店聊天2,Say,リュウセイ･チョウ,32,あ！それ23姉の常套手段っす！,아! 그거 23 누나의 상투 수단이에요!
ea5a2e5b016740416bde3a3456c70e76.bundle,熱炒店聊天2,Say,リュウセイ･チョウ,33,でも今回は絶対にそうはさせないっす！,근데 이번엔 절대 그렇게 안 둘 거예요!
ea5a2e5b016740416bde3a3456c70e76.bundle,熱炒店聊天2,Branch,#Simple,30,……,……
ea5a2e5b016740416bde3a3456c70e76.bundle,熱炒店聊天2,Say,リュウセイ･チョウ,34,僕らもそろそろ行きましょうか。,저희도 슬슬 갈까요.
ea5a2e5b016740416bde3a3456c70e76.bundle,熱炒店聊天2,Branch,#Simple,31,ああ。,그래.
ea5a2e5b016740416bde3a3456c70e76.bundle,熱炒店聊天2,Branch,#Simple,32,もう少しここにいたい。,조금만 더 여기 있고 싶어.
ea5a2e5b016740416bde3a3456c70e76.bundle,熱炒店聊天2,Say,リュウセイ･チョウ,35,ならちょうどいいっす。,그럼 딱 좋네요.
ea5a2e5b016740416bde3a3456c70e76.bundle,熱炒店聊天2,Say,リュウセイ･チョウ,36,飲み物を買ってくるので、外でもう少し話しませんか？,"음료 사올 테니까, 밖에서 좀 더 얘기하지 않을래요?"
ea5a2e5b016740416bde3a3456c70e76.bundle,熱炒店聊天2,Branch,#Simple,33,今か？,지금?
ea5a2e5b016740416bde3a3456c70e76.bundle,熱炒店聊天2,Say,リュウセイ･チョウ,37,そうっす。,맞아요.
ea5a2e5b016740416bde3a3456c70e76.bundle,熱炒店聊天2,Branch,#Simple,34,何でここで話さないんだ？,왜 여기서 얘기 안 하는 거야?
ea5a2e5b016740416bde3a3456c70e76.bundle,熱炒店聊天2,Say,リュウセイ･チョウ,38,ハハ……何も頼んでないのに、居座るのは申し訳ないっすよ。,"하하……아무것도 안 시켰는데, 눌러앉아 있는 건 죄송하죠."
ea5a2e5b016740416bde3a3456c70e76.bundle,熱炒店聊天2,Branch,#Simple,35,……,……
ea5a2e5b016740416bde3a3456c70e76.bundle,熱炒店聊天2,Say,リュウセイ･チョウ,39,それでどうっすか？実はちょうどジェイさんに話したいことがあるっす。,그래서 어때요? 실은 마침 제이 씨한테 하고 싶은 얘기가 있어요.
ea5a2e5b016740416bde3a3456c70e76.bundle,熱炒店聊天2,Branch,#Simple,36,わかった。,알겠다.
ea5a2e5b016740416bde3a3456c70e76.bundle,熱炒店聊天2,Say,リュウセイ･チョウ,40,ありがとうございます！,감사합니다!
ea5a2e5b016740416bde3a3456c70e76.bundle,熱炒店聊天2,Branch,#Simple,37,俺は帰って寝たい。,나는 집에 가서 자고 싶어.
ea5a2e5b016740416bde3a3456c70e76.bundle,熱炒店聊天2,Say,リュウセイ･チョウ,41,あ……,아……
ea5a2e5b016740416bde3a3456c70e76.bundle,熱炒店聊天2,Say,リュウセイ･チョウ,42,わかったす。,알겠어요.
ea5a2e5b016740416bde3a3456c70e76.bundle,熱炒店聊天2,Branch,#Simple,38,わかったよ。一緒に行けばいいんだろ？,알았어. 같이 가면 되는 거지?
ea5a2e5b016740416bde3a3456c70e76.bundle,熱炒店聊天2,Branch,#Simple,39,すまない、今日は疲れてるんだ。,"미안해, 오늘은 지쳤어."
ea5a2e5b016740416bde3a3456c70e76.bundle,熱炒店聊天2,Say,リュウセイ･チョウ,43,はい、ゆっくり休んでください。,"네, 푹 쉬세요."
ea5a2e5b016740416bde3a3456c70e76.bundle,熱炒店聊天2,Say,リュウセイ･チョウ,44,おやすみなさいっす。,안녕히 주무세요.
ea5a2e5b016740416bde3a3456c70e76.bundle,熱炒店聊天2,Branch,#Simple,40,おやすみ。,잘 자.
ea5a2e5b016740416bde3a3456c70e76.bundle,熱炒店聊天2,Branch,#Simple,41,……,……
ea5a2e5b016740416bde3a3456c70e76.bundle,熱炒店聊天2,Say,心の声,0,他にも約束があったな。,다른 약속도 있었지.
ea5a2e5b016740416bde3a3456c70e76.bundle,熱炒店聊天2,Say,リュウセイ･チョウ,45,じゃ僕が会計をしとくんで、ジェイの兄貴は飲み物をお願いしてもいいっすか？,"그럼 제가 계산해둘 테니까, 제이 형은 음료 좀 부탁해도 돼요?"
ea5a2e5b016740416bde3a3456c70e76.bundle,熱炒店聊天2,Branch,#Simple,42,ああ。,그래.
ea5a2e5b016740416bde3a3456c70e76.bundle,熱炒店聊天2,Say,リュウセイ･チョウ,46,あざっす！,감사해요!
ea5a2e5b016740416bde3a3456c70e76.bundle,熱炒店聊天2,Branch,#Simple,43,じゃ、後で飲み物代をくれ。,"그럼, 나중에 음료값 줘."
ea5a2e5b016740416bde3a3456c70e76.bundle,熱炒店聊天2,Say,リュウセイ･チョウ,47,はい。,네.
ea5a2e5b016740416bde3a3456c70e76.bundle,熱炒店聊天2,Branch,#Simple,44,何が飲みたい？,뭐 마시고 싶어?
ea5a2e5b016740416bde3a3456c70e76.bundle,熱炒店聊天2,Say,リュウセイ･チョウ,48,えっと……,"그, 그게……"
ea5a2e5b016740416bde3a3456c70e76.bundle,熱炒店聊天2,Branch,#Simple,45,……,……
ea5a2e5b016740416bde3a3456c70e76.bundle,熱炒店聊天2,Say,リュウセイ･チョウ,49,ココナッツミルクティー、氷抜き、甘さ控えめ、タピオカトッピングでお願いするっす。,"코코넛 밀크티, 얼음 빼고, 덜 달게, 타피오카 토핑으로 부탁해요."
ea5a2e5b016740416bde3a3456c70e76.bundle,熱炒店聊天2,Branch,#Simple,46,わかった。,알겠다.
ea5a2e5b016740416bde3a3456c70e76.bundle,熱炒店聊天2,Branch,#Simple,47,待て、もう一回言ってくれ。,"잠깐, 다시 한번 말해줘."
ea5a2e5b016740416bde3a3456c70e76.bundle,熱炒店聊天2,Say,リュウセイ･チョウ,50,ココナッツミルクティー、氷抜き、甘さ控えめ、タピオカトッピング。,"코코넛 밀크티, 얼음 빼고, 덜 달게, 타피오카 토핑."
ea5a2e5b016740416bde3a3456c70e76.bundle,熱炒店聊天2,Branch,#Simple,48,……,……
ea5a2e5b016740416bde3a3456c70e76.bundle,熱炒店聊天2,Say,リュウセイ･チョウ,51,ビンロウの店で落ち合いましょう！,빈랑 가게에서 만나요!
ea5a2e5b016740416bde3a3456c70e76.bundle,第三日主角內心世界3,Say,ジェイ･ダイ,0,……,……
ea5a2e5b016740416bde3a3456c70e76.bundle,第三日主角內心世界3,Branch,#Simple,0,どうした？,왜 그래?
ea5a2e5b016740416bde3a3456c70e76.bundle,第三日主角內心世界3,Branch,#Simple,1,……,……
ea5a2e5b016740416bde3a3456c70e76.bundle,第三日主角內心世界3,Say,ジェイ･ダイ,1,いや……,아뇨……
ea5a2e5b016740416bde3a3456c70e76.bundle,第三日主角內心世界3,Say,ジェイ･ダイ,2,……,……
ea5a2e5b016740416bde3a3456c70e76.bundle,第三日主角內心世界3,Say,ジェイ･ダイ,3,俺に何か不満なのか？,나한테 뭔가 불만인 거냐?
ea5a2e5b016740416bde3a3456c70e76.bundle,第三日主角內心世界3,Branch,#Simple,2,ああ。,그래.
ea5a2e5b016740416bde3a3456c70e76.bundle,第三日主角內心世界3,Say,ジェイ･ダイ,4,そうだろうな。,그렇겠지.
ea5a2e5b016740416bde3a3456c70e76.bundle,第三日主角內心世界3,Branch,#Simple,3,どういう意味だ？,그게 무슨 뜻이야?
ea5a2e5b016740416bde3a3456c70e76.bundle,第三日主角內心世界3,Say,ジェイ･ダイ,5,俺の考えすぎかもしれないが、お前から敵意を感じる。,"내 지나친 생각일지도 모르지만, 너한테서 적의가 느껴져."
ea5a2e5b016740416bde3a3456c70e76.bundle,第三日主角內心世界3,Say,ジェイ･ダイ,6,出会ってしばらく経つが……,만난 지 좀 됐는데……
ea5a2e5b016740416bde3a3456c70e76.bundle,第三日主角內心世界3,Say,ジェイ･ダイ,7,お前は初めから、俺の言う通りに行動する気がなかった。,"너는 처음부터, 내 말대로 행동할 생각이 없었어."
ea5a2e5b016740416bde3a3456c70e76.bundle,第三日主角內心世界3,Say,ジェイ･ダイ,8,それにここ数日のお前の態度は、決して良いとは言えないものだった。,"게다가 요 며칠 네 태도는, 결코 좋다고는 할 수 없었다."
ea5a2e5b016740416bde3a3456c70e76.bundle,第三日主角內心世界3,Say,ジェイ･ダイ,9,何か不満があるなら、俺に直接言え。,"뭔가 불만이 있으면, 나한테 직접 말해."
ea5a2e5b016740416bde3a3456c70e76.bundle,第三日主角內心世界3,Branch,#Simple,4,あんたのために、いろいろやってきたにも関わらず、あんたは文句ばかり言う。,"당신을 위해서, 이것저것 해왔는데도, 당신은 불평만 늘어놓는군."
ea5a2e5b016740416bde3a3456c70e76.bundle,第三日主角內心世界3,Say,ジェイ･ダイ,10,……,……
ea5a2e5b016740416bde3a3456c70e76.bundle,第三日主角內心世界3,Say,ジェイ･ダイ,11,そうだな。,그렇지.
ea5a2e5b016740416bde3a3456c70e76.bundle,第三日主角內心世界3,Say,ジェイ･ダイ,12,俺の言うことを無視して、俺の人生を無茶苦茶にしても、お前には何の影響もないはずなのに……,"내 말을 무시하고, 내 인생을 엉망으로 만들어도, 너한테는 아무 영향도 없을 텐데……"
ea5a2e5b016740416bde3a3456c70e76.bundle,第三日主角內心世界3,Say,ジェイ･ダイ,13,お前はちゃんと俺の代わりに生きてくれた。,너는 제대로 나 대신 살아줬어.
ea5a2e5b016740416bde3a3456c70e76.bundle,第三日主角內心世界3,Say,ジェイ･ダイ,14,だが俺はお前に文句を言ってるつもりはない。,하지만 나는 너한테 불평하고 있는 게 아니야.
ea5a2e5b016740416bde3a3456c70e76.bundle,第三日主角內心世界3,Say,ジェイ･ダイ,15,俺はただ、自分の考えと心配に感じていることをお前に伝えたいだけだ。,"나는 그저, 내 생각이랑 걱정되는 걸 너한테 전하고 싶을 뿐이다."
ea5a2e5b016740416bde3a3456c70e76.bundle,第三日主角內心世界3,Say,ジェイ･ダイ,16,もし責められていると感じたなら……,만약 비난받고 있다고 느꼈다면……
ea5a2e5b016740416bde3a3456c70e76.bundle,第三日主角內心世界3,Say,ジェイ･ダイ,17,それは俺の本心ではない。,그건 내 본심이 아니다.
ea5a2e5b016740416bde3a3456c70e76.bundle,第三日主角內心世界3,Say,ジェイ･ダイ,18,わかってくれるか？,이해해주겠나?
ea5a2e5b016740416bde3a3456c70e76.bundle,第三日主角內心世界3,Branch,#Simple,5,それなら納得できる。,그거라면 납득할 수 있어.
ea5a2e5b016740416bde3a3456c70e76.bundle,第三日主角內心世界3,Say,ジェイ･ダイ,19,そうか。,그런가.
ea5a2e5b016740416bde3a3456c70e76.bundle,第三日主角內心世界3,Branch,#Simple,6,本心かどうかなんて関係ない。結果的に同じだ。,본심인지 아닌지는 상관없어. 결과적으로 똑같아.
ea5a2e5b016740416bde3a3456c70e76.bundle,第三日主角內心世界3,Branch,#Simple,7,それとは関係なく、俺はあんたを好きになれない。,"그거랑은 상관없이, 나는 당신을 좋아할 수가 없어."
ea5a2e5b016740416bde3a3456c70e76.bundle,第三日主角內心世界3,Say,ジェイ･ダイ,20,……,……
ea5a2e5b016740416bde3a3456c70e76.bundle,第三日主角內心世界3,Say,ジェイ･ダイ,21,わかった。,알겠다.
ea5a2e5b016740416bde3a3456c70e76.bundle,第三日主角內心世界3,Say,ジェイ･ダイ,22,お互いを無理やり受け入れる必要はない。,서로 억지로 받아들일 필요는 없다.
ea5a2e5b016740416bde3a3456c70e76.bundle,第三日主角內心世界3,Say,ジェイ･ダイ,23,お前は俺が嫌いで、俺もお前を信じられない。,"너는 나를 싫어하고, 나도 너를 믿을 수 없어."
ea5a2e5b016740416bde3a3456c70e76.bundle,第三日主角內心世界3,Say,ジェイ･ダイ,24,それが事実だ。,그게 사실이다.
ea5a2e5b016740416bde3a3456c70e76.bundle,第三日主角內心世界3,Branch,#Simple,8,あんたは俺の態度を誤解しただけだ。,당신은 내 태도를 오해한 것뿐이야.
ea5a2e5b016740416bde3a3456c70e76.bundle,第三日主角內心世界3,Say,ジェイ･ダイ,25,……,……
ea5a2e5b016740416bde3a3456c70e76.bundle,第三日主角內心世界3,Say,ジェイ･ダイ,26,いや、態度だけの問題ではないと思う。,"아니, 태도만의 문제는 아니라고 생각한다."
ea5a2e5b016740416bde3a3456c70e76.bundle,第三日主角內心世界3,Say,ジェイ･ダイ,27,もう一度聞くが、俺に何か不満があるのか？,"다시 한번 묻겠는데, 나한테 뭔가 불만이 있나?"
ea5a2e5b016740416bde3a3456c70e76.bundle,第三日主角內心世界3,Branch,#Simple,9,俺はあんたのことが好きじゃない。,나는 당신이 마음에 안 들어.
ea5a2e5b016740416bde3a3456c70e76.bundle,第三日主角內心世界3,Say,ジェイ･ダイ,28,……,……
ea5a2e5b016740416bde3a3456c70e76.bundle,第三日主角內心世界3,Say,ジェイ･ダイ,29,わかった。,알겠다.
ea5a2e5b016740416bde3a3456c70e76.bundle,第三日主角內心世界3,Say,ジェイ･ダイ,30,お互いを無理やり受け入れる必要はない。,서로 억지로 받아들일 필요는 없다.
ea5a2e5b016740416bde3a3456c70e76.bundle,第三日主角內心世界3,Say,ジェイ･ダイ,31,お前は俺が嫌いで、俺もお前を信じられない。,"너는 나를 싫어하고, 나도 너를 믿을 수 없어."
ea5a2e5b016740416bde3a3456c70e76.bundle,第三日主角內心世界3,Say,ジェイ･ダイ,32,それが事実だ。,그게 사실이다.
ea5a2e5b016740416bde3a3456c70e76.bundle,第三日主角內心世界3,Say,ジェイ･ダイ,33,すまなかった。,미안했다.
ea5a2e5b016740416bde3a3456c70e76.bundle,第三日主角內心世界3,Say,ジェイ･ダイ,34,お前に言われてやっと気づいたんだ。,너한테 그런 말을 듣고서야 겨우 깨달았다.
ea5a2e5b016740416bde3a3456c70e76.bundle,第三日主角內心世界3,Say,ジェイ･ダイ,35,俺はいつもお前や、起きた出来事に文句を言うばかりだった。,"나는 항상 너나, 일어난 일에 불평만 하고 있었어."
ea5a2e5b016740416bde3a3456c70e76.bundle,第三日主角內心世界3,Say,ジェイ･ダイ,36,俺の言うことを無視して、俺の人生を無茶苦茶にしても、お前には何の影響もない……,"내 말을 무시하고, 내 인생을 엉망으로 만들어도, 너한테는 아무 영향도 없어……"
ea5a2e5b016740416bde3a3456c70e76.bundle,第三日主角內心世界3,Say,ジェイ･ダイ,37,事実……,사실……
ea5a2e5b016740416bde3a3456c70e76.bundle,第三日主角內心世界3,Say,ジェイ･ダイ,38,初めて話した時のお前は、俺の指示通りに行動する気がなかった。,"처음 얘기했을 때의 너는, 내 지시대로 행동할 생각이 없었어."
ea5a2e5b016740416bde3a3456c70e76.bundle,第三日主角內心世界3,Say,ジェイ･ダイ,39,なのにお前はちゃんと俺の代わりに生きてくれた。,그런데도 너는 제대로 나 대신 살아줬다.
ea5a2e5b016740416bde3a3456c70e76.bundle,第三日主角內心世界3,Say,ジェイ･ダイ,40,ならば……,그렇다면……
ea5a2e5b016740416bde3a3456c70e76.bundle,第三日主角內心世界3,Say,ジェイ･ダイ,41,俺は謝るのではなく……,나는 사과하는 게 아니라……
ea5a2e5b016740416bde3a3456c70e76.bundle,第三日主角內心世界3,Say,ジェイ･ダイ,42,礼を言うべきだな。,감사를 표해야겠지.
ea5a2e5b016740416bde3a3456c70e76.bundle,第三日主角內心世界3,Say,ジェイ･ダイ,43,ありがとう。,고마워.
ea5a2e5b016740416bde3a3456c70e76.bundle,第三日主角內心世界3,Branch,#Simple,10,俺はただ自分の思う通りに行動していただけだ。,나는 그냥 내가 생각하는 대로 행동했을 뿐이야.
ea5a2e5b016740416bde3a3456c70e76.bundle,第三日主角內心世界3,Branch,#Simple,11,どういたしまして。,천만에요.
ea5a2e5b016740416bde3a3456c70e76.bundle,第三日主角內心世界3,Say,ジェイ･ダイ,44,ハハ……,하하……
ea5a2e5b016740416bde3a3456c70e76.bundle,第三日主角內心世界3,Branch,#Simple,12,……,……
ea5a2e5b016740416bde3a3456c70e76.bundle,第三日主角內心世界3,Say,ジェイ･ダイ,45,……,……
ea5a2e5b016740416bde3a3456c70e76.bundle,第三日主角內心世界3,Say,ジェイ･ダイ,46,ムカイ･チン……,무카이 친……
ea5a2e5b016740416bde3a3456c70e76.bundle,第三日主角內心世界3,Say,ジェイ･ダイ,47,……最後は彼について話そう。,……마지막으로 그놈에 대해 얘기하자.
ea5a2e5b016740416bde3a3456c70e76.bundle,第三日主角內心世界3,Branch,#Simple,13,彼はムカイ･チンではなく、MBUだ。,"그놈은 무카이 친이 아니라, MBU야."
ea5a2e5b016740416bde3a3456c70e76.bundle,第三日主角內心世界3,Say,ジェイ･ダイ,48,……そうだな。,……그렇지.
ea5a2e5b016740416bde3a3456c70e76.bundle,第三日主角內心世界3,Branch,#Simple,14,何について話すんだ？,무엇에 대해 얘기하는 거지?
ea5a2e5b016740416bde3a3456c70e76.bundle,第三日主角內心世界3,Say,ジェイ･ダイ,49,何に？,뭐?
ea5a2e5b016740416bde3a3456c70e76.bundle,第三日主角內心世界3,Say,ジェイ･ダイ,50,彼の言葉通りなら……,그놈 말대로라면……
ea5a2e5b016740416bde3a3456c70e76.bundle,第三日主角內心世界3,Say,ジェイ･ダイ,51,俺らの問題は短期間で解決できるものではない……,우리 문제는 단기간에 해결할 수 있는 게 아니다……
ea5a2e5b016740416bde3a3456c70e76.bundle,第三日主角內心世界3,Say,ジェイ･ダイ,52,根源を探すのも、そう簡単なことではないはずだ……,"근원을 찾는 것도, 그렇게 간단한 일은 아닐 거다……"
ea5a2e5b016740416bde3a3456c70e76.bundle,第三日主角內心世界3,Say,ジェイ･ダイ,53,……,……
ea5a2e5b016740416bde3a3456c70e76.bundle,第三日主角內心世界3,Say,ジェイ･ダイ,54,クソッ……,젠장……
ea5a2e5b016740416bde3a3456c70e76.bundle,第三日主角內心世界3,Branch,#Simple,15,すまない。,미안하다.
ea5a2e5b016740416bde3a3456c70e76.bundle,第三日主角內心世界3,Say,ジェイ･ダイ,55,謝る必要はないだろ。これはお前が悪いわけではない。,사과할 필요는 없잖아. 이건 네가 잘못한 게 아니니까.
ea5a2e5b016740416bde3a3456c70e76.bundle,第三日主角內心世界3,Branch,#Simple,16,問題が急に解決する可能性だってあるはずだ。,문제가 갑자기 해결될 가능성도 있을 텐데.
ea5a2e5b016740416bde3a3456c70e76.bundle,第三日主角內心世界3,Say,ジェイ･ダイ,56,ああ、可能性はあるが……,"그래, 가능성은 있지만……"
ea5a2e5b016740416bde3a3456c70e76.bundle,第三日主角內心世界3,Branch,#Simple,17,……,……
ea5a2e5b016740416bde3a3456c70e76.bundle,第三日主角內心世界3,Say,ジェイ･ダイ,57,……,……
ea5a2e5b016740416bde3a3456c70e76.bundle,第三日主角內心世界3,Say,ジェイ･ダイ,58,だが……,하지만……
ea5a2e5b016740416bde3a3456c70e76.bundle,第三日主角內心世界3,Say,ジェイ･ダイ,59,お前の同胞が最後に残した言葉……お前の上司を殺した人物について……,네 동포가 마지막으로 남긴 말……네 상사를 죽인 인물에 대해서……
ea5a2e5b016740416bde3a3456c70e76.bundle,第三日主角內心世界3,Say,ジェイ･ダイ,60,お前はどう思うんだ？,너는 어떻게 생각해?
ea5a2e5b016740416bde3a3456c70e76.bundle,第三日主角內心世界3,Say,ジェイ･ダイ,61,そいつはお前を観察しているように俺は思う……,그놈은 너를 관찰하고 있는 것처럼 나는 생각한다……
ea5a2e5b016740416bde3a3456c70e76.bundle,第三日主角內心世界3,Branch,#Simple,18,そうかもしれないな。,그럴지도 모르지.
ea5a2e5b016740416bde3a3456c70e76.bundle,第三日主角內心世界3,Say,ジェイ･ダイ,62,……,……
ea5a2e5b016740416bde3a3456c70e76.bundle,第三日主角內心世界3,Branch,#Simple,19,わからない。手がかりが何もないからな。,모르겠어. 단서가 아무것도 없으니까.
ea5a2e5b016740416bde3a3456c70e76.bundle,第三日主角內心世界3,Say,ジェイ･ダイ,63,そうだな。,그렇지.
ea5a2e5b016740416bde3a3456c70e76.bundle,第三日主角內心世界3,Branch,#Simple,20,……,……
ea5a2e5b016740416bde3a3456c70e76.bundle,第三日主角內心世界3,Say,ジェイ･ダイ,64,……彼と会ったことがあるんだろ？,……그놈이랑 만난 적 있잖아?
ea5a2e5b016740416bde3a3456c70e76.bundle,第三日主角內心世界3,Say,ジェイ･ダイ,65,彼から、何も言われなかったのか？,"그놈한테서, 아무 말도 못 들었어?"
ea5a2e5b016740416bde3a3456c70e76.bundle,第三日主角內心世界3,Branch,#Simple,21,確か何かを話していたな。,분명 뭔가 얘기했었어.
ea5a2e5b016740416bde3a3456c70e76.bundle,第三日主角內心世界3,Say,ジェイ･ダイ,66,何て言ってた？,뭐라고 했는데?
ea5a2e5b016740416bde3a3456c70e76.bundle,第三日主角內心世界3,Branch,#Simple,22,自分の意志を証明するとか……,자기 의지를 증명한다든가……
ea5a2e5b016740416bde3a3456c70e76.bundle,第三日主角內心世界3,Branch,#Simple,23,俺ともう一人がどうとか……,나랑 다른 한 명이 어쩌고저쩌고……
ea5a2e5b016740416bde3a3456c70e76.bundle,第三日主角內心世界3,Branch,#Simple,24,それと俺が自由だと言っていた……,그리고 내가 자유롭다고 말했었어……
ea5a2e5b016740416bde3a3456c70e76.bundle,第三日主角內心世界3,Say,ジェイ･ダイ,67,支離滅裂で理解不能だな。,앞뒤가 안 맞고 이해가 안 되는군.
ea5a2e5b016740416bde3a3456c70e76.bundle,第三日主角內心世界3,Say,ジェイ･ダイ,68,だが聞く限り……,근데 듣기로는……
ea5a2e5b016740416bde3a3456c70e76.bundle,第三日主角內心世界3,Say,ジェイ･ダイ,69,悪意はなさそうだ……,악의는 없어 보인다……
ea5a2e5b016740416bde3a3456c70e76.bundle,第三日主角內心世界3,Branch,#Simple,25,どうだろうな。,글쎄다.
ea5a2e5b016740416bde3a3456c70e76.bundle,第三日主角內心世界3,Branch,#Simple,26,かもしれない。,그럴지도.
ea5a2e5b016740416bde3a3456c70e76.bundle,第三日主角內心世界3,Branch,#Simple,27,……,……
ea5a2e5b016740416bde3a3456c70e76.bundle,第三日主角內心世界3,Branch,#Simple,28,よく覚えていない。,잘 기억 안 나.
ea5a2e5b016740416bde3a3456c70e76.bundle,第三日主角內心世界3,Say,ジェイ･ダイ,70,……本当か？,……정말이야?
ea5a2e5b016740416bde3a3456c70e76.bundle,第三日主角內心世界3,Say,ジェイ･ダイ,71,なら仕方ない。,그럼 어쩔 수 없지.
ea5a2e5b016740416bde3a3456c70e76.bundle,第三日主角內心世界3,Branch,#Simple,29,いや、何も言ってなかった。,"아니, 아무 말도 안 했었어."
ea5a2e5b016740416bde3a3456c70e76.bundle,第三日主角內心世界3,Say,ジェイ･ダイ,72,……,……
ea5a2e5b016740416bde3a3456c70e76.bundle,第三日主角內心世界3,Say,ジェイ･ダイ,73,もういい。,됐다.
ea5a2e5b016740416bde3a3456c70e76.bundle,第三日主角內心世界3,Say,ジェイ･ダイ,74,この件について俺らは何もできないのだから、考える必要もない。,"이 건에 대해서는 우리가 아무것도 할 수 없으니까, 생각할 필요도 없다."
ea5a2e5b016740416bde3a3456c70e76.bundle,第三日主角內心世界3,Say,ジェイ･ダイ,75,時が来れば、お前も俺の体から消えるだろう。,"때가 되면, 너도 내 몸에서 사라지겠지."
ea5a2e5b016740416bde3a3456c70e76.bundle,第三日主角內心世界3,Say,ジェイ･ダイ,76,それだけの話だ。,그뿐인 얘기다.
ea5a2e5b016740416bde3a3456c70e76.bundle,第三日主角內心世界3,Say,ジェイ･ダイ,77,そうだ。ずっと聞きたかったことがあるんだ……,맞다. 계속 물어보고 싶었던 게 있는데……
ea5a2e5b016740416bde3a3456c70e76.bundle,第三日主角內心世界3,Say,ジェイ･ダイ,78,お前は、俺がお前を探しにいくことを望んでいるか？,"너는, 내가 너를 찾으러 가주길 바라나?"
ea5a2e5b016740416bde3a3456c70e76.bundle,第三日主角內心世界3,Branch,#Simple,30,どういうことだ？,그게 무슨 소리야?
ea5a2e5b016740416bde3a3456c70e76.bundle,第三日主角內心世界3,Branch,#Simple,31,……,……
ea5a2e5b016740416bde3a3456c70e76.bundle,第三日主角內心世界3,Say,ジェイ･ダイ,79,現状では、根源を見つけない限り、お前が俺の中から消えることはない。,"현재로서는, 근원을 찾지 않는 이상, 네가 내 안에서 사라지는 일은 없다."
ea5a2e5b016740416bde3a3456c70e76.bundle,第三日主角內心世界3,Say,ジェイ･ダイ,80,だが、お前が何もせずとも消える可能性もないとは言えない。,"하지만, 네가 아무것도 안 해도 사라질 가능성이 없다고는 할 수 없다."
ea5a2e5b016740416bde3a3456c70e76.bundle,第三日主角內心世界3,Branch,#Simple,32,そうだな。,그렇지.
ea5a2e5b016740416bde3a3456c70e76.bundle,第三日主角內心世界3,Branch,#Simple,33,あんたはそれを望んでいるのか？,당신은 그걸 바라는 거야?
ea5a2e5b016740416bde3a3456c70e76.bundle,第三日主角內心世界3,Say,ジェイ･ダイ,81,いや、そういう意味で言ったわけじゃない。,"아니, 그런 의미로 말한 게 아니다."
ea5a2e5b016740416bde3a3456c70e76.bundle,第三日主角內心世界3,Branch,#Simple,34,……,……
ea5a2e5b016740416bde3a3456c70e76.bundle,第三日主角內心世界3,Say,ジェイ･ダイ,82,俺はただ……,나는 그저……
ea5a2e5b016740416bde3a3456c70e76.bundle,第三日主角內心世界3,Say,ジェイ･ダイ,83,お前が消えた後、俺に探してほしいかどうかを聞きたいんだ。,"네가 사라진 후, 내가 찾아주길 바라는지를 묻고 싶은 거다."
ea5a2e5b016740416bde3a3456c70e76.bundle,第三日主角內心世界3,Say,ジェイ･ダイ,84,俺がお前の正体を突き止めれば……,내가 네 정체를 밝혀내면……
ea5a2e5b016740416bde3a3456c70e76.bundle,第三日主角內心世界3,Say,ジェイ･ダイ,85,お前を自由にしてやれるかもしれない。,너를 자유롭게 해줄 수 있을지도 모른다.
ea5a2e5b016740416bde3a3456c70e76.bundle,第三日主角內心世界3,Branch,#Simple,35,なぜ急にそんなことを？,왜 갑자기 그런 소리를?
ea5a2e5b016740416bde3a3456c70e76.bundle,第三日主角內心世界3,Say,ジェイ･ダイ,86,さっきも言っただろう。お前は俺の人生を守ってくれた。,아까도 말했잖아. 너는 내 인생을 지켜줬어.
ea5a2e5b016740416bde3a3456c70e76.bundle,第三日主角內心世界3,Say,ジェイ･ダイ,87,だから俺はお前に借りがある。,그러니까 나는 너한테 빚이 있다.
ea5a2e5b016740416bde3a3456c70e76.bundle,第三日主角內心世界3,Branch,#Simple,36,具体的に何をするつもりなんだ？,구체적으로 뭘 할 셈이지?
ea5a2e5b016740416bde3a3456c70e76.bundle,第三日主角內心世界3,Say,ジェイ･ダイ,88,それはまだわからないが、やれることをやるしかない。,"그건 아직 모르지만, 할 수 있는 걸 하는 수밖에 없다."
ea5a2e5b016740416bde3a3456c70e76.bundle,第三日主角內心世界3,Branch,#Simple,37,……,……
ea5a2e5b016740416bde3a3456c70e76.bundle,第三日主角內心世界3,Say,ジェイ･ダイ,89,お前を自由にできる保証も、自分の命を賭けることもできないが……,"너를 자유롭게 해줄 수 있다는 보장도, 내 목숨을 걸 수도 없지만……"
ea5a2e5b016740416bde3a3456c70e76.bundle,第三日主角內心世界3,Say,ジェイ･ダイ,90,俺はできる限りやるつもりだ。,나는 할 수 있는 만큼은 해볼 생각이다.
ea5a2e5b016740416bde3a3456c70e76.bundle,第三日主角內心世界3,Say,ジェイ･ダイ,91,どうだ？,어떻지?
ea5a2e5b016740416bde3a3456c70e76.bundle,第三日主角內心世界3,Branch,#Simple,38,わかった。,알겠다.
ea5a2e5b016740416bde3a3456c70e76.bundle,第三日主角內心世界3,Say,ジェイ･ダイ,92,じゃ、約束だな。,"그럼, 약속이군."
ea5a2e5b016740416bde3a3456c70e76.bundle,第三日主角內心世界3,Say,ジェイ･ダイ,93,もしお前が消えた場合は、俺がお前を探しに行く。,"만약 네가 사라지면, 내가 너를 찾으러 가겠다."
ea5a2e5b016740416bde3a3456c70e76.bundle,第三日主角內心世界3,Branch,#Simple,39,そんなことはしてほしくない。,그런 건 하지 말아줬으면 해.
ea5a2e5b016740416bde3a3456c70e76.bundle,第三日主角內心世界3,Say,ジェイ･ダイ,94,……そうか。,……그런가.
ea5a2e5b016740416bde3a3456c70e76.bundle,第三日主角內心世界3,Say,ジェイ･ダイ,95,お前が望まないのなら、さっきの話は忘れてくれ。,"네가 원하지 않는다면, 아까 얘기는 잊어줘."
ea5a2e5b016740416bde3a3456c70e76.bundle,第三日主角內心世界3,Say,ジェイ･ダイ,96,彼は俺らの問題を解決できる唯一の人物なのに。,그놈은 우리 문제를 해결할 수 있는 유일한 인물인데.
ea5a2e5b016740416bde3a3456c70e76.bundle,第三日主角內心世界3,Say,ジェイ･ダイ,97,お前は全く彼に協力しようとしなかった……,너는 전혀 그놈한테 협조하려 하지 않았어……
ea5a2e5b016740416bde3a3456c70e76.bundle,第三日主角內心世界3,Say,ジェイ･ダイ,98,なぜだ？,왜?
ea5a2e5b016740416bde3a3456c70e76.bundle,第三日主角內心世界3,Branch,#Simple,40,彼を信用できない。,그놈을 신용할 수 없어.
ea5a2e5b016740416bde3a3456c70e76.bundle,第三日主角內心世界3,Branch,#Simple,41,彼から悪意を感じた。,그놈한테서 악의가 느껴졌어.
ea5a2e5b016740416bde3a3456c70e76.bundle,第三日主角內心世界3,Say,ジェイ･ダイ,99,……,……
ea5a2e5b016740416bde3a3456c70e76.bundle,第三日主角內心世界3,Say,ジェイ･ダイ,100,俺らだけじゃ、どうしようもないだろう……,"우리들만으로는, 어쩔 도리가 없잖아……"
ea5a2e5b016740416bde3a3456c70e76.bundle,第三日主角內心世界3,Say,ジェイ･ダイ,101,こんなことを話しても今更か。,이런 얘기 해봤자 이제 와서지.
ea5a2e5b016740416bde3a3456c70e76.bundle,第三日主角內心世界3,Say,ジェイ･ダイ,102,会うのは今回で最後だと彼も言っていたしな。,만나는 건 이번이 마지막이라고 그놈도 말했었고.
ea5a2e5b016740416bde3a3456c70e76.bundle,第三日主角內心世界3,Say,ジェイ･ダイ,103,……,……
ea5a2e5b016740416bde3a3456c70e76.bundle,第三日主角內心世界3,Say,ジェイ･ダイ,104,なぜ彼に会いに行かなかった？,왜 그놈을 만나러 안 갔지?
ea5a2e5b016740416bde3a3456c70e76.bundle,第三日主角內心世界3,Branch,#Simple,42,忘れてたんだ。,잊고 있었어.
ea5a2e5b016740416bde3a3456c70e76.bundle,第三日主角內心世界3,Say,ジェイ･ダイ,105,忘れた……？,잊어버렸다고……?
ea5a2e5b016740416bde3a3456c70e76.bundle,第三日主角內心世界3,Branch,#Simple,43,危険だと思ったからだ。,위험하다고 생각했으니까.
ea5a2e5b016740416bde3a3456c70e76.bundle,第三日主角內心世界3,Say,ジェイ･ダイ,106,これは危険を冒してまで、手に入れるべき情報だった。,"이건 위험을 무릅써서라도, 손에 넣었어야 할 정보였어."
ea5a2e5b016740416bde3a3456c70e76.bundle,第三日主角內心世界3,Branch,#Simple,44,確かにあんたの言う通りだった。,확실히 당신 말이 맞았어.
ea5a2e5b016740416bde3a3456c70e76.bundle,第三日主角內心世界3,Branch,#Simple,45,申し訳ないが、俺はそうは思わない。,"미안하지만, 나는 그렇게 생각 안 해."
ea5a2e5b016740416bde3a3456c70e76.bundle,第三日主角內心世界3,Branch,#Simple,46,……,……
ea5a2e5b016740416bde3a3456c70e76.bundle,第三日主角內心世界3,Say,ジェイ･ダイ,107,……,……
ea5a2e5b016740416bde3a3456c70e76.bundle,第三日主角內心世界3,Say,ジェイ･ダイ,108,ムカイ･チンはお前の同行の有無に関係なく、情報を共有してくれると言ってたよな？,"무카이 친은 네 동행 여부랑 상관없이, 정보를 공유해주겠다고 말했었지?"
ea5a2e5b016740416bde3a3456c70e76.bundle,第三日主角內心世界3,Branch,#Simple,47,ああ。,그래.
ea5a2e5b016740416bde3a3456c70e76.bundle,第三日主角內心世界3,Branch,#Simple,48,彼は、一部の情報しか伝えないと言っていた。,"그놈은, 일부 정보밖에 안 전한다고 말했었어."
ea5a2e5b016740416bde3a3456c70e76.bundle,第三日主角內心世界3,Say,ジェイ･ダイ,109,そうだったな。,그랬었지.
ea5a2e5b016740416bde3a3456c70e76.bundle,第三日主角內心世界3,Say,ジェイ･ダイ,110,今は彼を待つしかない。,지금은 그놈을 기다릴 수밖에 없다.
ea5a2e5b016740416bde3a3456c70e76.bundle,第三日主角內心世界3,Say,ジェイ･ダイ,111,……,……
ea5a2e5b016740416bde3a3456c70e76.bundle,第三日主角內心世界3,Say,ジェイ･ダイ,112,そうだ。お前は彼に根源が襲撃されるのを見たと言っていた。,맞다. 너는 그놈한테 근원이 습격당하는 걸 봤다고 말했었지.
ea5a2e5b016740416bde3a3456c70e76.bundle,第三日主角內心世界3,Say,ジェイ･ダイ,113,だが、俺はそんなこと聞いた覚えはないぞ？,"근데, 나는 그런 얘기 들은 기억이 없는데?"
ea5a2e5b016740416bde3a3456c70e76.bundle,第三日主角內心世界3,Branch,#Simple,49,言ってなかっただけだ。,말 안 했을 뿐이야.
ea5a2e5b016740416bde3a3456c70e76.bundle,第三日主角內心世界3,Branch,#Simple,50,あんたが知ってても仕方がないだろ？,당신이 알아봤자 소용없잖아?
ea5a2e5b016740416bde3a3456c70e76.bundle,第三日主角內心世界3,Say,ジェイ･ダイ,114,……,……
ea5a2e5b016740416bde3a3456c70e76.bundle,第三日主角內心世界3,Say,ジェイ･ダイ,115,わかった。聞かなかったことにする。,알았다. 못 들은 걸로 하지.
ea5a2e5b016740416bde3a3456c70e76.bundle,第三日主角內心世界3,Say,ジェイ･ダイ,116,……,……
ea5a2e5b016740416bde3a3456c70e76.bundle,第三日主角內心世界3,Say,ジェイ･ダイ,117,……そろそろか。,……슬슬인가.
ea5a2e5b016740416bde3a3456c70e76.bundle,第三日主角內心世界3,Branch,#Simple,51,どうした？,왜 그래?
ea5a2e5b016740416bde3a3456c70e76.bundle,第三日主角內心世界3,Branch,#Simple,52,時間か？,시간인가?
ea5a2e5b016740416bde3a3456c70e76.bundle,第三日主角內心世界3,Say,ジェイ･ダイ,118,ああ。,그래.
ea5a2e5b016740416bde3a3456c70e76.bundle,第三日主角內心世界3,Branch,#Simple,53,……,……
ea5a2e5b016740416bde3a3456c70e76.bundle,第三日主角內心世界3,Say,ジェイ･ダイ,119,もうすぐ「俺」が目覚める。,곧 '내'가 눈을 뜬다.
ea5a2e5b016740416bde3a3456c70e76.bundle,第三日主角內心世界3,Branch,#Simple,54,他に言っておきたいことはあるか？,다른 말해두고 싶은 거 있나?
ea5a2e5b016740416bde3a3456c70e76.bundle,第三日主角內心世界3,Say,ジェイ･ダイ,120,……,……
ea5a2e5b016740416bde3a3456c70e76.bundle,第三日主角內心世界3,Say,ジェイ･ダイ,121,ある。,있다.
ea5a2e5b016740416bde3a3456c70e76.bundle,第三日主角內心世界3,Branch,#Simple,55,またな。,또 보자.
ea5a2e5b016740416bde3a3456c70e76.bundle,第三日主角內心世界3,Say,ジェイ･ダイ,122,待て。,잠깐.
ea5a2e5b016740416bde3a3456c70e76.bundle,第三日主角內心世界3,Branch,#Simple,56,……,……
ea5a2e5b016740416bde3a3456c70e76.bundle,第三日主角內心世界3,Say,ジェイ･ダイ,123,……俺が精神制御されていることを、リンに言うな。,"……내가 정신 제어당하고 있다는 걸, 린한테 말하지 마."
ea5a2e5b016740416bde3a3456c70e76.bundle,第三日主角內心世界3,Branch,#Simple,57,わかった。,알겠다.
ea5a2e5b016740416bde3a3456c70e76.bundle,第三日主角內心世界3,Say,ジェイ･ダイ,124,ありがとう。,고마워.
ea5a2e5b016740416bde3a3456c70e76.bundle,第三日主角內心世界3,Branch,#Simple,58,急にどうしたんだ？,갑자기 왜 그래?
ea5a2e5b016740416bde3a3456c70e76.bundle,第三日主角內心世界3,Branch,#Simple,59,……,……
ea5a2e5b016740416bde3a3456c70e76.bundle,第三日主角內心世界3,Say,ジェイ･ダイ,125,俺が、精神制御される可能性があると知った彼女は、かなり怯えているはずだ。,"내가, 정신 제어당할 가능성이 있다는 걸 안 그 애는, 상당히 겁먹고 있을 거다."
ea5a2e5b016740416bde3a3456c70e76.bundle,第三日主角內心世界3,Say,ジェイ･ダイ,126,彼女には怖い思いをさせたくない。,그 애한테 무서운 경험을 시키고 싶지 않아.
ea5a2e5b016740416bde3a3456c70e76.bundle,第三日主角內心世界3,Say,ジェイ･ダイ,127,……,……
ea5a2e5b016740416bde3a3456c70e76.bundle,第三日主角內心世界3,Say,ジェイ･ダイ,128,後は頼んだぞ。,나머지는 부탁한다.
ea5a2e5b016740416bde3a3456c70e76.bundle,第三日主角內心世界3,Branch,#Simple,60,任せてくれ。,맡겨줘.
ea5a2e5b016740416bde3a3456c70e76.bundle,第三日主角內心世界3,Branch,#Simple,61,全力を尽くす。,전력을 다할게.
ea5a2e5b016740416bde3a3456c70e76.bundle,第三日主角內心世界3,Branch,#Simple,62,俺しか頼れないだろうしな。,나밖에 의지할 사람이 없을 테니까.
ea5a2e5b016740416bde3a3456c70e76.bundle,第三日主角內心世界3,Branch,#Simple,63,……,……
ea5a2e5b016740416bde3a3456c70e76.bundle,第三日主角內心世界2,Say,ジェイ･ダイ,0,……,……
ea5a2e5b016740416bde3a3456c70e76.bundle,第三日主角內心世界2,Say,ジェイ･ダイ,1,俺は……,나는……
ea5a2e5b016740416bde3a3456c70e76.bundle,第三日主角內心世界2,Say,ジェイ･ダイ,2,セイワ･ゲンを捕まえさえすれば、この件を終わらせられると思っていた……,"세이와 겐만 붙잡으면, 이 일을 끝낼 수 있다고 생각했었어……"
ea5a2e5b016740416bde3a3456c70e76.bundle,第三日主角內心世界2,Say,ジェイ･ダイ,3,だが次々にいろんな事が起きた。メイ･ジョやフクロウの出現、俺が改造人間だったという事実、そしてオペレーションコアでの出来事……,"근데 잇따라 여러 일이 일어났어. 메이 조나 부엉이의 등장, 내가 개조 인간이었다는 사실, 그리고 오퍼레이션 코어에서 있었던 일……"
ea5a2e5b016740416bde3a3456c70e76.bundle,第三日主角內心世界2,Say,ジェイ･ダイ,4,……,……
ea5a2e5b016740416bde3a3456c70e76.bundle,第三日主角內心世界2,Say,ジェイ･ダイ,5,これはもう一個人で解決できる問題ではない……,이건 더 이상 개인이 해결할 수 있는 문제가 아니야……
ea5a2e5b016740416bde3a3456c70e76.bundle,第三日主角內心世界2,Say,ジェイ･ダイ,6,システムの問題だ。,시스템의 문제다.
ea5a2e5b016740416bde3a3456c70e76.bundle,第三日主角內心世界2,Branch,#Simple,0,何の話をしているんだ？,무슨 얘기를 하는 거야?
ea5a2e5b016740416bde3a3456c70e76.bundle,第三日主角內心世界2,Branch,#Simple,1,それは考えすぎだ。,그건 지나친 생각이야.
ea5a2e5b016740416bde3a3456c70e76.bundle,第三日主角內心世界2,Say,ジェイ･ダイ,7,それは違う。,그건 틀렸다.
ea5a2e5b016740416bde3a3456c70e76.bundle,第三日主角內心世界2,Branch,#Simple,2,……,……
ea5a2e5b016740416bde3a3456c70e76.bundle,第三日主角內心世界2,Say,ジェイ･ダイ,8,俺とリンの身に起きたことは、大きな陰謀のほんの一部にすぎない。,"나랑 린한테 일어난 일은, 커다란 음모의 극히 일부에 불과해."
ea5a2e5b016740416bde3a3456c70e76.bundle,第三日主角內心世界2,Say,ジェイ･ダイ,9,この陰謀、あるいは計画は、俺らが巻き込まれるずっと前から動いていたんだ。,"이 음모, 혹은 계획은, 우리가 휘말리기 훨씬 전부터 움직이고 있었어."
ea5a2e5b016740416bde3a3456c70e76.bundle,第三日主角內心世界2,Say,ジェイ･ダイ,10,それに、この陰謀に最初に気づいたのも絶対にスイ･ニンではない。,"게다가, 이 음모를 처음 눈치챈 것도 절대 스이 닌이 아니야."
ea5a2e5b016740416bde3a3456c70e76.bundle,第三日主角內心世界2,Say,ジェイ･ダイ,11,彼女が最初に立ち上がり、この全てを暴こうとしているだけだ。,"그 여자가 제일 먼저 나서서, 이 모든 걸 밝히려 하고 있을 뿐이야."
ea5a2e5b016740416bde3a3456c70e76.bundle,第三日主角內心世界2,Branch,#Simple,3,そんなことは、わかっていたことだろう。,"그런 건, 알고 있었던 거잖아."
ea5a2e5b016740416bde3a3456c70e76.bundle,第三日主角內心世界2,Say,ジェイ･ダイ,12,わかってはいたが、俺たちはその意味を理解してなかった。,"알고는 있었지만, 우리는 그 의미를 이해 못 하고 있었어."
ea5a2e5b016740416bde3a3456c70e76.bundle,第三日主角內心世界2,Branch,#Simple,4,スイ･ニンをいい人だと思ったのか？,스이 닌을 좋은 사람이라고 생각한 거야?
ea5a2e5b016740416bde3a3456c70e76.bundle,第三日主角內心世界2,Say,ジェイ･ダイ,13,彼女の良し悪しは俺には判断できないが……,그 여자의 좋고 나쁨은 내가 판단할 수 없지만……
ea5a2e5b016740416bde3a3456c70e76.bundle,第三日主角內心世界2,Say,ジェイ･ダイ,14,勇気のある人だと思う。,용기 있는 사람이라고 생각해.
ea5a2e5b016740416bde3a3456c70e76.bundle,第三日主角內心世界2,Branch,#Simple,5,……,……
ea5a2e5b016740416bde3a3456c70e76.bundle,第三日主角內心世界2,Say,ジェイ･ダイ,15,だが、もしスイ･ニンが現れなかったらどうだ？,"근데, 만약 스이 닌이 나타나지 않았으면 어땠을까?"
ea5a2e5b016740416bde3a3456c70e76.bundle,第三日主角內心世界2,Say,ジェイ･ダイ,16,俺は何もできず、リンが死ぬのを見ているしかなかったはずだ。,"나는 아무것도 못 하고, 린이 죽는 걸 지켜볼 수밖에 없었을 거야."
ea5a2e5b016740416bde3a3456c70e76.bundle,第三日主角內心世界2,Say,ジェイ･ダイ,17,そして、最後まで俺は何が起きたのかわからずじまいだ。,"그리고, 끝까지 나는 무슨 일이 일어났는지도 모른 채였겠지."
ea5a2e5b016740416bde3a3456c70e76.bundle,第三日主角內心世界2,Branch,#Simple,6,何が言いたい？,무슨 말이 하고 싶은 거야?
ea5a2e5b016740416bde3a3456c70e76.bundle,第三日主角內心世界2,Branch,#Simple,7,あんたはスイ･ニンにかなり苦言を呈していたはずだ。,당신은 스이 닌한테 꽤 쓴소리를 했었잖아.
ea5a2e5b016740416bde3a3456c70e76.bundle,第三日主角內心世界2,Say,ジェイ･ダイ,18,それはお互い様だろう。,그건 피차일반이잖아.
ea5a2e5b016740416bde3a3456c70e76.bundle,第三日主角內心世界2,Branch,#Simple,8,俺は最後には、彼女は信頼できると言ったはずだ。,"나는 결국, 그 여자는 믿을 수 있다고 말했었어."
ea5a2e5b016740416bde3a3456c70e76.bundle,第三日主角內心世界2,Say,ジェイ･ダイ,19,そうだな。,그렇지.
ea5a2e5b016740416bde3a3456c70e76.bundle,第三日主角內心世界2,Branch,#Simple,9,……,……
ea5a2e5b016740416bde3a3456c70e76.bundle,第三日主角內心世界2,Say,ジェイ･ダイ,20,お前も彼女を信じていなかっただろう？,너도 그 여자를 안 믿었었잖아?
ea5a2e5b016740416bde3a3456c70e76.bundle,第三日主角內心世界2,Say,ジェイ･ダイ,21,……,……
ea5a2e5b016740416bde3a3456c70e76.bundle,第三日主角內心世界2,Say,ジェイ･ダイ,22,俺がスイ･ニンに対して不満を抱いている理由は今日の作戦のせいだ。,내가 스이 닌한테 불만을 품고 있는 이유는 오늘 작전 때문이야.
ea5a2e5b016740416bde3a3456c70e76.bundle,第三日主角內心世界2,Say,ジェイ･ダイ,23,彼女が俺とリンを助けた事実を否定するつもりはない。,그 여자가 나랑 린을 도와준 사실을 부정할 생각은 없어.
ea5a2e5b016740416bde3a3456c70e76.bundle,第三日主角內心世界2,Branch,#Simple,10,……,……
ea5a2e5b016740416bde3a3456c70e76.bundle,第三日主角內心世界2,Say,ジェイ･ダイ,24,……,……
ea5a2e5b016740416bde3a3456c70e76.bundle,第三日主角內心世界2,Say,ジェイ･ダイ,25,それと最近の出来事のおかげで、俺はようやく現実を見始めた。,"그리고 최근 일들 덕분에, 나는 드디어 현실을 보기 시작했어."
ea5a2e5b016740416bde3a3456c70e76.bundle,第三日主角內心世界2,Say,ジェイ･ダイ,26,俺は、自分で自分の人生を決めることができないとわかった。,"나는, 내 인생을 스스로 결정할 수 없다는 걸 알았어."
ea5a2e5b016740416bde3a3456c70e76.bundle,第三日主角內心世界2,Say,ジェイ･ダイ,27,いつの間にか万象に追われる身となったこと、記憶もないまま改造させられたこと、スイ･ニンの調査に協力せざるを得ないこと……,"어느샌가 완샹한테 쫓기는 몸이 된 것, 기억도 없이 개조당한 것, 스이 닌의 조사에 협조할 수밖에 없는 것……"
ea5a2e5b016740416bde3a3456c70e76.bundle,第三日主角內心世界2,Say,ジェイ･ダイ,28,そこに俺の選択は一つもない……,거기에 내 선택은 하나도 없어……
ea5a2e5b016740416bde3a3456c70e76.bundle,第三日主角內心世界2,Say,ジェイ･ダイ,29,……,……
ea5a2e5b016740416bde3a3456c70e76.bundle,第三日主角內心世界2,Say,ジェイ･ダイ,30,一番滑稽なのは……,제일 우스운 건……
ea5a2e5b016740416bde3a3456c70e76.bundle,第三日主角內心世界2,Say,ジェイ･ダイ,31,俺自身がその人生を経験することすらできないことだ。,내 자신이 그 인생을 경험하는 것조차 못 한다는 거야.
ea5a2e5b016740416bde3a3456c70e76.bundle,第三日主角內心世界2,Say,ジェイ･ダイ,32,お前のせいでな。,너 때문에 말이야.
ea5a2e5b016740416bde3a3456c70e76.bundle,第三日主角內心世界2,Branch,#Simple,11,すまない、ジェイ。,"미안해, 제이."
ea5a2e5b016740416bde3a3456c70e76.bundle,第三日主角內心世界2,Branch,#Simple,12,俺もこんな状態を望んでいない。,나도 이런 상황을 원하지 않아.
ea5a2e5b016740416bde3a3456c70e76.bundle,第三日主角內心世界2,Say,ジェイ･ダイ,33,わかってる。別にお前を責めたいわけじゃない……,알고 있어. 딱히 너를 탓하고 싶은 게 아니야……
ea5a2e5b016740416bde3a3456c70e76.bundle,第三日主角內心世界2,Branch,#Simple,13,じゃ、なぜそんな話しを？,"그럼, 왜 그런 얘기를 하는 거야?"
ea5a2e5b016740416bde3a3456c70e76.bundle,第三日主角內心世界2,Say,ジェイ･ダイ,34,すまない。許してくれ。,미안해. 용서해줘.
ea5a2e5b016740416bde3a3456c70e76.bundle,第三日主角內心世界2,Say,ジェイ･ダイ,35,この話はここまでにしよう。,이 얘기는 여기까지 하자.
ea5a2e5b016740416bde3a3456c70e76.bundle,第三日主角內心世界2,Say,ジェイ･ダイ,36,いいか……,잘 들어……
ea5a2e5b016740416bde3a3456c70e76.bundle,第三日主角內心世界2,Branch,#Simple,14,……,……
ea5a2e5b016740416bde3a3456c70e76.bundle,第三日主角內心世界2,Branch,#Simple,15,……,……
ea5a2e5b016740416bde3a3456c70e76.bundle,第三日主角內心世界2,Say,ジェイ･ダイ,37,……,……
ea5a2e5b016740416bde3a3456c70e76.bundle,第三日主角內心世界2,Say,ジェイ･ダイ,38,俺は自分が前向きな人間ではないのを知っている……,나는 내 자신이 긍정적인 사람이 아니라는 걸 알고 있어……
ea5a2e5b016740416bde3a3456c70e76.bundle,第三日主角內心世界2,Say,ジェイ･ダイ,39,俺はただ、時代や社会とかけ離れ、静かに過ごしたいだけなんだ。,"나는 그저, 시대나 사회랑 동떨어져서, 조용히 지내고 싶을 뿐이야."
ea5a2e5b016740416bde3a3456c70e76.bundle,第三日主角內心世界2,Say,ジェイ･ダイ,40,争わず、反抗せず、ましてや関心も持たずに……,"다투지 않고, 반항하지 않고, 하물며 관심도 갖지 않고서……"
ea5a2e5b016740416bde3a3456c70e76.bundle,第三日主角內心世界2,Say,ジェイ･ダイ,41,なのに……,그런데……
ea5a2e5b016740416bde3a3456c70e76.bundle,第三日主角內心世界2,Say,ジェイ･ダイ,42,世界は俺を放っておいてはくれなかった。,세상은 나를 그냥 내버려두지 않았어.
ea5a2e5b016740416bde3a3456c70e76.bundle,第三日主角內心世界2,Say,ジェイ･ダイ,43,むしろ俺から奪おうとした……,오히려 나한테서 빼앗으려 했어……
ea5a2e5b016740416bde3a3456c70e76.bundle,第三日主角內心世界2,Say,ジェイ･ダイ,44,……,……
ea5a2e5b016740416bde3a3456c70e76.bundle,第三日主角內心世界2,Say,ジェイ･ダイ,45,今になってやっとわかった。,이제야 겨우 알았어.
ea5a2e5b016740416bde3a3456c70e76.bundle,第三日主角內心世界2,Say,ジェイ･ダイ,46,俺は間違っていて、リンが正しかった。,"내가 틀렸고, 린이 옳았어."
ea5a2e5b016740416bde3a3456c70e76.bundle,第三日主角內心世界2,Say,ジェイ･ダイ,47,何もしないのは間違いだ。,아무것도 안 하는 건 잘못이야.
ea5a2e5b016740416bde3a3456c70e76.bundle,第三日主角內心世界2,Say,ジェイ･ダイ,48,俺はもう無知ではいられない。積極的に行動すべきだ……,나는 이제 무지한 채로 있을 수 없어. 적극적으로 행동해야 해……
ea5a2e5b016740416bde3a3456c70e76.bundle,第三日主角內心世界2,Say,ジェイ･ダイ,49,そうでないと、再び災難に見舞われた時、俺は今回と同様に何もできないままで終わる。,"그렇지 않으면, 다시 재난이 닥쳤을 때, 나는 이번이랑 마찬가지로 아무것도 못 한 채로 끝나."
ea5a2e5b016740416bde3a3456c70e76.bundle,第三日主角內心世界2,Branch,#Simple,16,具体的に何をするんだ？,구체적으로 뭘 하는데?
ea5a2e5b016740416bde3a3456c70e76.bundle,第三日主角內心世界2,Say,ジェイ･ダイ,50,それはまだわからない……,그건 아직 몰라……
ea5a2e5b016740416bde3a3456c70e76.bundle,第三日主角內心世界2,Say,ジェイ･ダイ,51,だがリンの身に危険が起きたことで、俺は気づいた。俺は何かをしなければならない。,"하지만 린한테 위험이 닥친 걸로, 나는 깨달았어. 나는 뭔가를 해야만 해."
ea5a2e5b016740416bde3a3456c70e76.bundle,第三日主角內心世界2,Branch,#Simple,17,でもリンは逆の結論を出したはずだ。,근데 린은 반대되는 결론을 내렸었잖아.
ea5a2e5b016740416bde3a3456c70e76.bundle,第三日主角內心世界2,Say,ジェイ･ダイ,52,それは違う。,그건 틀렸다.
ea5a2e5b016740416bde3a3456c70e76.bundle,第三日主角內心世界2,Say,ジェイ･ダイ,53,この一件で、俺たちは失いたくないものをはっきりと自覚しただけだ。,"이번 일로, 우리는 잃고 싶지 않은 걸 확실히 자각했을 뿐이야."
ea5a2e5b016740416bde3a3456c70e76.bundle,第三日主角內心世界2,Say,ジェイ･ダイ,54,だから、彼女は必要以上のリスクを負う必要はないと学んだ。,"그래서, 그 애는 필요 이상의 위험을 감수할 필요는 없다는 걸 배웠어."
ea5a2e5b016740416bde3a3456c70e76.bundle,第三日主角內心世界2,Say,ジェイ･ダイ,55,そして俺は、必要なリスクから逃げないことを学んだ。,"그리고 나는, 필요한 위험에서 도망치지 않는다는 걸 배웠고."
ea5a2e5b016740416bde3a3456c70e76.bundle,第三日主角內心世界2,Branch,#Simple,18,……,……
ea5a2e5b016740416bde3a3456c70e76.bundle,第三日主角內心世界2,Say,ジェイ･ダイ,56,だが俺はスイ･ニンのような人間になる気はない。,하지만 나는 스이 닌 같은 사람이 될 생각은 없어.
ea5a2e5b016740416bde3a3456c70e76.bundle,第三日主角內心世界2,Say,ジェイ･ダイ,57,彼女の語る理念はあまりに遠すぎる。,그 여자가 말하는 이념은 너무나도 멀어.
ea5a2e5b016740416bde3a3456c70e76.bundle,第三日主角內心世界2,Say,ジェイ･ダイ,58,彼女はリンのように、大志を抱く理想主義者だ。,"그 여자는 린처럼, 큰 뜻을 품은 이상주의자야."
ea5a2e5b016740416bde3a3456c70e76.bundle,第三日主角內心世界2,Say,ジェイ･ダイ,59,彼女たちは世界を変えようとしているが、俺はそうじゃない。,"그 여자들은 세상을 바꾸려 하고 있지만, 나는 그렇지 않아."
ea5a2e5b016740416bde3a3456c70e76.bundle,第三日主角內心世界2,Say,ジェイ･ダイ,60,前にも言ったが……,전에도 말했지만……
ea5a2e5b016740416bde3a3456c70e76.bundle,第三日主角內心世界2,Say,ジェイ･ダイ,61,俺はリンを、二人の生活を守りたいだけだ。,"나는 린을, 우리 둘의 생활을 지키고 싶을 뿐이야."
ea5a2e5b016740416bde3a3456c70e76.bundle,第三日主角內心世界2,Say,ジェイ･ダイ,62,自分の全てを取り戻したいだけなんだ。,내 자신의 전부를 되찾고 싶을 뿐이야.
ea5a2e5b016740416bde3a3456c70e76.bundle,第三日主角內心世界2,Say,ジェイ･ダイ,63,……,……
ea5a2e5b016740416bde3a3456c70e76.bundle,第三日主角內心世界2,Say,ジェイ･ダイ,64,まずは俺の体を取り戻すことからだ。,우선은 내 몸을 되찾는 것부터야.
ea5a2e5b016740416bde3a3456c70e76.bundle,第三日主角內心世界2,Branch,#Simple,19,ああ、それが第一歩だ。,"그래, 그게 첫걸음이지."
ea5a2e5b016740416bde3a3456c70e76.bundle,第三日主角內心世界2,Say,ジェイ･ダイ,65,ああ。,그래.
ea5a2e5b016740416bde3a3456c70e76.bundle,第三日主角內心世界2,Branch,#Simple,20,いくら語ろうとも、結局あんたは何もできない。,"아무리 떠들어봤자, 결국 당신은 아무것도 못 해."
ea5a2e5b016740416bde3a3456c70e76.bundle,第三日主角內心世界2,Say,ジェイ･ダイ,66,……そうだな。,……그렇지.
ea5a2e5b016740416bde3a3456c70e76.bundle,第三日主角內心世界2,Branch,#Simple,21,……,……
ea5a2e5b016740416bde3a3456c70e76.bundle,陳木海張延安麵店談話,Say,ムカイ･チン,0,同胞、来てくれたか。,"동포, 와줬군."
ea5a2e5b016740416bde3a3456c70e76.bundle,陳木海張延安麵店談話,Branch,#Simple,0,イアン･チョーは？,이안 챠오는?
ea5a2e5b016740416bde3a3456c70e76.bundle,陳木海張延安麵店談話,Say,ムカイ･チン,1,もうすぐで着くはずだ。,곧 도착할 거다.
ea5a2e5b016740416bde3a3456c70e76.bundle,陳木海張延安麵店談話,Branch,#Simple,1,話はここでするのか？,얘기는 여기서 하는 건가?
ea5a2e5b016740416bde3a3456c70e76.bundle,陳木海張延安麵店談話,Say,ムカイ･チン,2,ああ。,그래.
ea5a2e5b016740416bde3a3456c70e76.bundle,陳木海張延安麵店談話,Branch,#Simple,2,……,……
ea5a2e5b016740416bde3a3456c70e76.bundle,陳木海張延安麵店談話,Say,心の声,0,かなり真剣な表情だ……,상당히 진지한 표정이다……
ea5a2e5b016740416bde3a3456c70e76.bundle,陳木海張延安麵店談話,Branch,#Simple,3,こんなところで話して、本当に大丈夫なのか？,"이런 데서 얘기해도, 정말 괜찮은 거야?"
ea5a2e5b016740416bde3a3456c70e76.bundle,陳木海張延安麵店談話,Say,ムカイ･チン,3,問題ない。,문제없다.
ea5a2e5b016740416bde3a3456c70e76.bundle,陳木海張延安麵店談話,Say,ムカイ･チン,4,この時間帯はほとんど人が来ないんだ。,이 시간대에는 거의 사람이 안 온다.
ea5a2e5b016740416bde3a3456c70e76.bundle,陳木海張延安麵店談話,Branch,#Simple,4,イアン･チョーからどんな情報を得られると思う？,이안 챠오한테서 어떤 정보를 얻을 수 있을 것 같아?
ea5a2e5b016740416bde3a3456c70e76.bundle,陳木海張延安麵店談話,Say,ムカイ･チン,5,根源についてのあらゆる情報が得られるはずだ。,근원에 대한 모든 정보를 얻을 수 있을 거다.
ea5a2e5b016740416bde3a3456c70e76.bundle,陳木海張延安麵店談話,Say,ムカイ･チン,6,……,……
ea5a2e5b016740416bde3a3456c70e76.bundle,陳木海張延安麵店談話,Say,ムカイ･チン,7,最も知りたいのは彼らの所在だ。,가장 알고 싶은 건 그들의 소재다.
ea5a2e5b016740416bde3a3456c70e76.bundle,陳木海張延安麵店談話,Branch,#Simple,5,……,……
ea5a2e5b016740416bde3a3456c70e76.bundle,陳木海張延安麵店談話,Say,ムカイ･チン,8,それと、これだけは言っておく。,"그리고, 이것만은 말해두지."
ea5a2e5b016740416bde3a3456c70e76.bundle,陳木海張延安麵店談話,Say,ムカイ･チン,9,イアン･チョーは我々に敵意を持っているはずだ。,이안 챠오는 우리한테 적의를 갖고 있을 거다.
ea5a2e5b016740416bde3a3456c70e76.bundle,陳木海張延安麵店談話,Branch,#Simple,6,わかった。,알겠다.
ea5a2e5b016740416bde3a3456c70e76.bundle,陳木海張延安麵店談話,Branch,#Simple,7,驚きはしない。彼は精神制御の被害者だからな。,놀랍지도 않아. 그는 정신 제어의 피해자니까.
ea5a2e5b016740416bde3a3456c70e76.bundle,陳木海張延安麵店談話,Say,ムカイ･チン,10,ああ。だから操っていたのがお前であることは、絶対に言うな。,"그래. 그러니까 조종했던 게 너라는 건, 절대 말하지 마라."
ea5a2e5b016740416bde3a3456c70e76.bundle,陳木海張延安麵店談話,Branch,#Simple,8,……,……
ea5a2e5b016740416bde3a3456c70e76.bundle,陳木海張延安麵店談話,Say,ムカイ･チン,11,……来たな。,……왔군.
ea5a2e5b016740416bde3a3456c70e76.bundle,陳木海張延安麵店談話,Say,イアン･チョー,0,ん？お前は確か……,응? 너는 분명……
ea5a2e5b016740416bde3a3456c70e76.bundle,陳木海張延安麵店談話,Say,イアン･チョー,1,おい、まじかよ……,"야, 진짜냐……"
ea5a2e5b016740416bde3a3456c70e76.bundle,陳木海張延安麵店談話,Say,心の声,1,イアン･チョーが驚いた目でこっちを見ている……,이안 챠오가 놀란 눈으로 이쪽을 보고 있다……
ea5a2e5b016740416bde3a3456c70e76.bundle,陳木海張延安麵店談話,Say,イアン･チョー,2,こいつもなのか……？,이놈도인가……?
ea5a2e5b016740416bde3a3456c70e76.bundle,陳木海張延安麵店談話,Say,ムカイ･チン,12,ああ。,그래.
ea5a2e5b016740416bde3a3456c70e76.bundle,陳木海張延安麵店談話,Say,イアン･チョー,3,お前もか……,너도냐……
ea5a2e5b016740416bde3a3456c70e76.bundle,陳木海張延安麵店談話,Say,イアン･チョー,4,おい、まさかこいつもなのか……？,"야, 설마 이놈도인 거냐……?"
ea5a2e5b016740416bde3a3456c70e76.bundle,陳木海張延安麵店談話,Say,ムカイ･チン,13,そうだ。,그렇다.
ea5a2e5b016740416bde3a3456c70e76.bundle,陳木海張延安麵店談話,Say,イアン･チョー,5,……わかった。,……알겠어.
ea5a2e5b016740416bde3a3456c70e76.bundle,陳木海張延安麵店談話,Say,ムカイ･チン,14,もう始めてもいいか？,이제 시작해도 되나?
ea5a2e5b016740416bde3a3456c70e76.bundle,陳木海張延安麵店談話,Say,イアン･チョー,6,待て……,잠깐……
ea5a2e5b016740416bde3a3456c70e76.bundle,陳木海張延安麵店談話,Say,イアン･チョー,7,……,……
ea5a2e5b016740416bde3a3456c70e76.bundle,陳木海張延安麵店談話,Say,心の声,2,俺とムカイ･チンをじっと見つめている……,나랑 무카이 친을 가만히 응시하고 있다……
ea5a2e5b016740416bde3a3456c70e76.bundle,陳木海張延安麵店談話,Say,イアン･チョー,8,お前ら二人は今、その体に取り憑いていることになるのか？,"너희 둘은 지금, 그 몸에 빙의해 있는 거냐?"
ea5a2e5b016740416bde3a3456c70e76.bundle,陳木海張延安麵店談話,Say,ムカイ･チン,15,……我々本人の意志ではないが……その通りだ。,……우리 본인의 의지는 아니지만……맞다.
ea5a2e5b016740416bde3a3456c70e76.bundle,陳木海張延安麵店談話,Say,イアン･チョー,9,……,……
ea5a2e5b016740416bde3a3456c70e76.bundle,陳木海張延安麵店談話,Say,イアン･チョー,10,お前らがさっさとその体から出て、自分の体に戻りたいのはわかるが……,"너희들이 얼른 그 몸에서 나가서, 자기 몸으로 돌아가고 싶은 건 알겠지만……"
ea5a2e5b016740416bde3a3456c70e76.bundle,陳木海張延安麵店談話,Say,イアン･チョー,11,なぜ俺がお前らに協力しなきゃならないんだ？,왜 내가 너희한테 협조해야 하는 거지?
ea5a2e5b016740416bde3a3456c70e76.bundle,陳木海張延安麵店談話,Say,ムカイ･チン,16,俺たち同様、お前も現状を知りたいと思っているからだ。,"우리랑 마찬가지로, 너도 현재 상황을 알고 싶어 할 테니까."
ea5a2e5b016740416bde3a3456c70e76.bundle,陳木海張延安麵店談話,Say,ムカイ･チン,17,俺は、お前に情報を共有すると約束する。,"나는, 너한테 정보를 공유하겠다고 약속한다."
ea5a2e5b016740416bde3a3456c70e76.bundle,陳木海張延安麵店談話,Say,イアン･チョー,12,ならまずは、誠意を見せろ。,"그럼 우선, 성의를 보여봐."
ea5a2e5b016740416bde3a3456c70e76.bundle,陳木海張延安麵店談話,Say,ムカイ･チン,18,……,……
ea5a2e5b016740416bde3a3456c70e76.bundle,陳木海張延安麵店談話,Say,ムカイ･チン,19,マコ･ソウだ。,마코 소우다.
ea5a2e5b016740416bde3a3456c70e76.bundle,陳木海張延安麵店談話,Say,イアン･チョー,13,マコ！？彼女が……！？,마코!? 그 여자가……!?
ea5a2e5b016740416bde3a3456c70e76.bundle,陳木海張延安麵店談話,Branch,#Simple,9,なんの話だ？,무슨 얘기야?
ea5a2e5b016740416bde3a3456c70e76.bundle,陳木海張延安麵店談話,Say,ムカイ･チン,20,前に約束していた交換条件だ。チョーさんが自分のことを教えてくれる代わりに……,전에 약속했던 교환 조건이다. 챠오 씨가 자기 얘기를 해주는 대신에……
ea5a2e5b016740416bde3a3456c70e76.bundle,陳木海張延安麵店談話,Say,ムカイ･チン,21,俺は彼のチーム内にいる、MBUに取り憑かれている人物を教える。,"나는 그의 팀 내에 있는, MBU한테 빙의당한 인물을 알려주지."
ea5a2e5b016740416bde3a3456c70e76.bundle,陳木海張延安麵店談話,Branch,#Simple,10,……,……
ea5a2e5b016740416bde3a3456c70e76.bundle,陳木海張延安麵店談話,Say,イアン･チョー,14,いつからだ……？,언제부터야……?
ea5a2e5b016740416bde3a3456c70e76.bundle,陳木海張延安麵店談話,Say,ムカイ･チン,22,具体的な時期はわからないが、一週間も経ってはいないと思う。,"구체적인 시기는 모르지만, 일주일도 안 지났을 거다."
ea5a2e5b016740416bde3a3456c70e76.bundle,陳木海張延安麵店談話,Say,イアン･チョー,15,一週間……,일주일……
ea5a2e5b016740416bde3a3456c70e76.bundle,陳木海張延安麵店談話,Say,イアン･チョー,16,……,……
ea5a2e5b016740416bde3a3456c70e76.bundle,陳木海張延安麵店談話,Say,イアン･チョー,17,どうやって判断した？,어떻게 판단한 거지?
ea5a2e5b016740416bde3a3456c70e76.bundle,陳木海張延安麵店談話,Say,ムカイ･チン,23,それは……,그건……
ea5a2e5b016740416bde3a3456c70e76.bundle,陳木海張延安麵店談話,Say,イアン･チョー,18,判断方法を教えられないのなら、お前の言ってることが正しいか、どうかわからないだろ？,"판단 방법을 안 알려주면, 네가 하는 말이 맞는지 어떤지 알 수가 없잖아?"
ea5a2e5b016740416bde3a3456c70e76.bundle,陳木海張延安麵店談話,Say,ムカイ･チン,24,それは取引に含まれていないことだ。,그건 거래에 포함되지 않은 사항이다.
ea5a2e5b016740416bde3a3456c70e76.bundle,陳木海張延安麵店談話,Say,イアン･チョー,19,……,……
ea5a2e5b016740416bde3a3456c70e76.bundle,陳木海張延安麵店談話,Say,イアン･チョー,20,全然気づかなかった……,전혀 눈치 못 챘어……
ea5a2e5b016740416bde3a3456c70e76.bundle,陳木海張延安麵店談話,Say,イアン･チョー,21,彼女は俺の……,그 여자는 내……
ea5a2e5b016740416bde3a3456c70e76.bundle,陳木海張延安麵店談話,Say,ムカイ･チン,25,……,……
ea5a2e5b016740416bde3a3456c70e76.bundle,陳木海張延安麵店談話,Say,ムカイ･チン,26,ほとんどの人間は、声と外見で他者を認識している…,"대부분의 인간은, 목소리랑 외모로 타인을 인식한다……"
ea5a2e5b016740416bde3a3456c70e76.bundle,陳木海張延安麵店談話,Say,ムカイ･チン,27,細かい性格の変化は、そもそも気づかれにくい。,"세세한 성격 변화는, 애초에 눈치채기 힘들다."
ea5a2e5b016740416bde3a3456c70e76.bundle,陳木海張延安麵店談話,Say,イアン･チョー,22,つまりお前は、自分が人間じゃないことを知ってるのか？,"그러니까 너는, 자기가 인간이 아니라는 걸 알고 있는 건가?"
ea5a2e5b016740416bde3a3456c70e76.bundle,陳木海張延安麵店談話,Say,ムカイ･チン,28,……,……
ea5a2e5b016740416bde3a3456c70e76.bundle,陳木海張延安麵店談話,Say,ムカイ･チン,29,残念ながら、俺はその言葉を否定すべきかどうかすらわからないんだ。,"안타깝게도, 나는 그 말을 부정해야 할지 어떨지조차 모른다."
ea5a2e5b016740416bde3a3456c70e76.bundle,陳木海張延安麵店談話,Say,ムカイ･チン,30,同時にそれは、今日あなたを呼び出した目的でもある。,"동시에 그건, 오늘 당신을 불러낸 목적이기도 하다."
ea5a2e5b016740416bde3a3456c70e76.bundle,陳木海張延安麵店談話,Say,ムカイ･チン,31,俺にはもっと情報が必要だ。俺は……,나한테는 더 많은 정보가 필요하다. 나는……
ea5a2e5b016740416bde3a3456c70e76.bundle,陳木海張延安麵店談話,Say,イアン･チョー,23,こんなことをする場合じゃない……,이런 짓을 할 때가 아니야……
ea5a2e5b016740416bde3a3456c70e76.bundle,陳木海張延安麵店談話,Say,ムカイ･チン,32,チョーさん……,챠오 씨……
ea5a2e5b016740416bde3a3456c70e76.bundle,陳木海張延安麵店談話,Say,イアン･チョー,24,このままではマコが……,이대로면 마코가……
ea5a2e5b016740416bde3a3456c70e76.bundle,陳木海張延安麵店談話,Say,ムカイ･チン,33,チョーさん、無闇に行動するのはよくない。,"챠오 씨, 무턱대고 행동하는 건 좋지 않다."
ea5a2e5b016740416bde3a3456c70e76.bundle,陳木海張延安麵店談話,Say,イアン･チョー,25,はぁ？お前には関係ないだろう！,뭐? 너랑은 상관없잖아!
ea5a2e5b016740416bde3a3456c70e76.bundle,陳木海張延安麵店談話,Say,ムカイ･チン,34,マコ･ソウは確かに精神制御されているが、知らないフリをし続けるんだ。,"마코 소우는 확실히 정신 제어당하고 있지만, 모르는 척을 계속해라."
ea5a2e5b016740416bde3a3456c70e76.bundle,陳木海張延安麵店談話,Say,イアン･チョー,26,どういう意味だ？俺の仲間を操っている「もの」と楽しく談笑しろって言うのか？,무슨 뜻이지? 내 동료를 조종하고 있는 '것'이랑 즐겁게 담소를 나누라는 거냐?
ea5a2e5b016740416bde3a3456c70e76.bundle,陳木海張延安麵店談話,Say,ムカイ･チン,35,はい。,네.
ea5a2e5b016740416bde3a3456c70e76.bundle,陳木海張延安麵店談話,Say,ムカイ･チン,36,文字通り、相手はあなたの仲間を制御しているからです。,"말 그대로, 상대는 당신의 동료를 제어하고 있으니까요."
ea5a2e5b016740416bde3a3456c70e76.bundle,陳木海張延安麵店談話,Say,ムカイ･チン,37,あなたの目の届かないところで、自分の体を傷つける方法はいくらでもある。,"당신의 눈이 닿지 않는 곳에서, 자기 몸을 다치게 할 방법은 얼마든지 있다."
ea5a2e5b016740416bde3a3456c70e76.bundle,陳木海張延安麵店談話,Say,イアン･チョー,27,……,……
ea5a2e5b016740416bde3a3456c70e76.bundle,陳木海張延安麵店談話,Say,ムカイ･チン,38,もしこの一週間で異常を見せていないのなら……,만약 이 일주일 동안 이상을 보이지 않았다면……
ea5a2e5b016740416bde3a3456c70e76.bundle,陳木海張延安麵店談話,Say,ムカイ･チン,39,おそらくその同胞は、マコさんの体でマコさんの生活を送りたいと望んでいるタイプだ。,"아마 그 동포는, 마코 씨의 몸으로 마코 씨의 삶을 살고 싶어 하는 타입이다."
ea5a2e5b016740416bde3a3456c70e76.bundle,陳木海張延安麵店談話,Say,ムカイ･チン,40,だから最も安全な対処法は、気づかないふりをすることだ。,"그러니까 가장 안전한 대처법은, 눈치 못 챈 척하는 거다."
ea5a2e5b016740416bde3a3456c70e76.bundle,陳木海張延安麵店談話,Say,イアン･チョー,28,フンッ、綺麗事ばかり並べやがって……,"흥, 그럴싸한 소리만 늘어놓고 있군……"
ea5a2e5b016740416bde3a3456c70e76.bundle,陳木海張延安麵店談話,Say,イアン･チョー,29,お前はただ、自分の仲間を守りたいだけだろう？,"너는 그냥, 네 동료를 지키고 싶을 뿐이잖아?"
ea5a2e5b016740416bde3a3456c70e76.bundle,陳木海張延安麵店談話,Say,ムカイ･チン,41,それはあなたの仲間を守ることにもなる。,그건 당신의 동료를 지키는 것도 된다.
ea5a2e5b016740416bde3a3456c70e76.bundle,陳木海張延安麵店談話,Say,イアン･チョー,30,……,……
ea5a2e5b016740416bde3a3456c70e76.bundle,陳木海張延安麵店談話,Say,イアン･チョー,31,わかったよ！,알았다!
ea5a2e5b016740416bde3a3456c70e76.bundle,陳木海張延安麵店談話,Say,イアン･チョー,32,話が聞きたいんだろう？好きなだけ聞かせてやる。,얘기가 듣고 싶은 거지? 원하는 만큼 들려주지.
ea5a2e5b016740416bde3a3456c70e76.bundle,陳木海張延安麵店談話,Say,イアン･チョー,33,でも前に言ったが、こんな話を聞いても何の役にも立たないと思うぞ。,"근데 전에도 말했지만, 이런 얘기를 들어봤자 아무 도움도 안 될 거다."
ea5a2e5b016740416bde3a3456c70e76.bundle,陳木海張延安麵店談話,Say,ムカイ･チン,42,……,……
ea5a2e5b016740416bde3a3456c70e76.bundle,陳木海張延安麵店談話,Say,ムカイ･チン,43,お願いします。,부탁드려요.
ea5a2e5b016740416bde3a3456c70e76.bundle,陳木海張延安麵店談話,Say,イアン･チョー,34,……,……
ea5a2e5b016740416bde3a3456c70e76.bundle,陳木海張延安麵店談話,Say,イアン･チョー,35,それ以前の俺の話は省くからな。,그 이전의 내 얘기는 생략할 테니까.
ea5a2e5b016740416bde3a3456c70e76.bundle,陳木海張延安麵店談話,Say,イアン･チョー,36,とにかく俺は偶然にも、お前の主人の恨みを買ってしまった。,"아무튼 나는 우연히도, 네 주인의 원한을 사고 말았다."
ea5a2e5b016740416bde3a3456c70e76.bundle,陳木海張延安麵店談話,Say,イアン･チョー,37,残念ながら俺がそれに気づく前に、お前の主人は俺をとっ捕まえて、仮想の病室に閉じ込めた。,"안타깝게도 내가 그걸 눈치채기 전에, 네 주인은 나를 붙잡아서, 가상의 병실에 가뒀다."
ea5a2e5b016740416bde3a3456c70e76.bundle,陳木海張延安麵店談話,Say,イアン･チョー,38,それから、お前の「同胞」に俺の体を奪われ……,"그러고서, 네 '동포'한테 내 몸을 빼앗기고……"
ea5a2e5b016740416bde3a3456c70e76.bundle,陳木海張延安麵店談話,Say,イアン･チョー,39,俺の手下から情報を聞きだそうとした。,내 부하한테서 정보를 캐내려고 했다.
ea5a2e5b016740416bde3a3456c70e76.bundle,陳木海張延安麵店談話,Say,イアン･チョー,40,そして俺はこの手で……,그리고 나는 이 손으로……
ea5a2e5b016740416bde3a3456c70e76.bundle,陳木海張延安麵店談話,Say,ムカイ･チン,44,この手で？,이 손으로?
ea5a2e5b016740416bde3a3456c70e76.bundle,陳木海張延安麵店談話,Say,イアン･チョー,41,……これ以上は言いたくない。,……더는 말하고 싶지 않다.
ea5a2e5b016740416bde3a3456c70e76.bundle,陳木海張延安麵店談話,Say,ムカイ･チン,45,チョーさん、それは……,"챠오 씨, 그건……"
ea5a2e5b016740416bde3a3456c70e76.bundle,陳木海張延安麵店談話,Say,イアン･チョー,42,聞こえないのか！言いたくないって言ってるんだ！,안 들려!? 말하고 싶지 않다고 했잖아!
ea5a2e5b016740416bde3a3456c70e76.bundle,陳木海張延安麵店談話,Say,ムカイ･チン,46,……,……
ea5a2e5b016740416bde3a3456c70e76.bundle,陳木海張延安麵店談話,Say,ムカイ･チン,47,わかった。話の続きをどうぞ。,알았다. 얘기 계속해라.
ea5a2e5b016740416bde3a3456c70e76.bundle,陳木海張延安麵店談話,Say,イアン･チョー,43,……俺の部下から情報を聞き出した後、急に不気味な奴が現れた。,"……내 부하한테서 정보를 캐낸 후, 갑자기 섬뜩한 놈이 나타났다."
ea5a2e5b016740416bde3a3456c70e76.bundle,陳木海張延安麵店談話,Say,イアン･チョー,44,そいつは、俺には理解不能な方法で全員を皆殺しにした。,"그놈은, 나로서는 이해 불가능한 방법으로 전원을 몰살했다."
ea5a2e5b016740416bde3a3456c70e76.bundle,陳木海張延安麵店談話,Say,ムカイ･チン,48,理解不能な方法？,이해 불가능한 방법?
ea5a2e5b016740416bde3a3456c70e76.bundle,陳木海張延安麵店談話,Say,イアン･チョー,45,念力のような何かで、指示を出していた二人を押しつぶしたんだ。,"염력 같은 뭔가로, 지시를 내리고 있던 둘을 짓눌러버렸다."
ea5a2e5b016740416bde3a3456c70e76.bundle,陳木海張延安麵店談話,Say,ムカイ･チン,49,そんな……,그럴 수가……
ea5a2e5b016740416bde3a3456c70e76.bundle,陳木海張延安麵店談話,Say,イアン･チョー,46,そして俺は気絶した。,그리고 나는 기절했다.
ea5a2e5b016740416bde3a3456c70e76.bundle,陳木海張延安麵店談話,Say,ムカイ･チン,50,……,……
ea5a2e5b016740416bde3a3456c70e76.bundle,陳木海張延安麵店談話,Say,イアン･チョー,47,それからどれくらい時間が経ったか、俺はやっと目を覚ました。だが相変わらず病室の中だった。,"그 후 얼마나 시간이 지났는지, 나는 겨우 눈을 떴다. 하지만 여전히 병실 안이었다."
ea5a2e5b016740416bde3a3456c70e76.bundle,陳木海張延安麵店談話,Say,イアン･チョー,48,俺は真っ先に、ここから逃げるべきだと考え、病室から出た……,"나는 제일 먼저, 여기서 도망쳐야 한다고 생각해서, 병실에서 나왔다……"
ea5a2e5b016740416bde3a3456c70e76.bundle,陳木海張延安麵店談話,Say,イアン･チョー,49,でも目の前は先の見えない白い霧が続いていて、上を見上げても、高い天井に変な機械がゆっくりと回っているだけだった……,"근데 눈앞에는 앞이 안 보이는 하얀 안개가 이어져 있었고, 위를 올려다봐도, 높은 천장에 이상한 기계가 천천히 돌아가고 있을 뿐이었다……"
ea5a2e5b016740416bde3a3456c70e76.bundle,陳木海張延安麵店談話,Say,イアン･チョー,50,病室を出てから数秒経ったところで、俺の意識は朦朧とし始めた。おそらく、その霧のせいだろう。,"병실을 나온 지 몇 초 지나서, 내 의식은 몽롱해지기 시작했다. 아마, 그 안개 때문이었을 거다."
ea5a2e5b016740416bde3a3456c70e76.bundle,陳木海張延安麵店談話,Say,イアン･チョー,51,俺はすぐに死体からマスクを奪った。,나는 곧바로 시체한테서 마스크를 빼앗았다.
ea5a2e5b016740416bde3a3456c70e76.bundle,陳木海張延安麵店談話,Say,イアン･チョー,52,マスクを取った瞬間、こいつらが宇宙人などではないってことがわかった……,"마스크를 벗긴 순간, 이놈들이 우주인 따위가 아니라는 걸 알았다……"
ea5a2e5b016740416bde3a3456c70e76.bundle,陳木海張延安麵店談話,Say,イアン･チョー,53,俺を拷問したお前の主人は人間だ。それだけは間違いない。,나를 고문한 네 주인은 인간이다. 그것만은 틀림없다.
ea5a2e5b016740416bde3a3456c70e76.bundle,陳木海張延安麵店談話,Say,ムカイ･チン,51,……,……
ea5a2e5b016740416bde3a3456c70e76.bundle,陳木海張延安麵店談話,Say,イアン･チョー,54,俺はその後、出口や生きている人間を探した。でもそこら中、血の海と化していて探しようがなかった……,"나는 그 후, 출구랑 살아있는 사람을 찾았어. 근데 사방이 온통 피바다가 돼서 찾을 방도가 없었지……"
ea5a2e5b016740416bde3a3456c70e76.bundle,陳木海張延安麵店談話,Say,イアン･チョー,55,どんなに歩いても、目の前は白い霧が続いていた。,"아무리 걸어도, 눈앞엔 흰 안개가 계속됐어."
ea5a2e5b016740416bde3a3456c70e76.bundle,陳木海張延安麵店談話,Say,イアン･チョー,56,このままでは、いずれ俺はイカれてしまうと思ったその時、急に機械の轟音が聞こえたんだ。,"이러다간, 결국 내가 미쳐버리겠구나 싶었던 그때, 갑자기 기계 굉음이 들렸어."
ea5a2e5b016740416bde3a3456c70e76.bundle,陳木海張延安麵店談話,Say,イアン･チョー,57,音のする方向を見ると、そこには巨大な鉄の扉が聳え立っていた……,"소리 나는 쪽을 보니까, 거기에 거대한 철문이 우뚝 서 있었어……"
ea5a2e5b016740416bde3a3456c70e76.bundle,陳木海張延安麵店談話,Say,イアン･チョー,58,その扉の周りには、見たこともない機械が回っていて、そこから轟音が鳴り響いていたんだ。,"그 문 주위에는, 본 적도 없는 기계가 돌아가고 있었고, 거기서 굉음이 울려 퍼지고 있었어."
ea5a2e5b016740416bde3a3456c70e76.bundle,陳木海張延安麵店談話,Say,ムカイ･チン,52,それは何の機械だ？文字とか、マークは付いてなかったのか？,"그거 무슨 기계였어? 문자라든가, 마크는 안 붙어 있었어?"
ea5a2e5b016740416bde3a3456c70e76.bundle,陳木海張延安麵店談話,Say,イアン･チョー,59,何の機械だかわかるわけないだろう！,무슨 기계인지 알 리가 없잖아!
ea5a2e5b016740416bde3a3456c70e76.bundle,陳木海張延安麵店談話,Say,イアン･チョー,60,でも文字は書いてあったよ。非常時だったし、俺もちゃんとは見なかったけど……,"근데 문자는 쓰여 있었어. 비상 상황이었으니까, 나도 제대로 보지는 못했지만……"
ea5a2e5b016740416bde3a3456c70e76.bundle,陳木海張延安麵店談話,Say,ムカイ･チン,53,けど？,근데?
ea5a2e5b016740416bde3a3456c70e76.bundle,陳木海張延安麵店談話,Say,イアン･チョー,61,……エンド,……END
ea5a2e5b016740416bde3a3456c70e76.bundle,陳木海張延安麵店談話,Say,イアン･チョー,62,覚えているのはその言葉だけだ。,기억나는 건 그 단어뿐이야.
ea5a2e5b016740416bde3a3456c70e76.bundle,陳木海張延安麵店談話,Say,ムカイ･チン,54,……エンド？,……END?
ea5a2e5b016740416bde3a3456c70e76.bundle,陳木海張延安麵店談話,Say,イアン･チョー,63,俺に聞き返せば答えが返ってくると思っているのか？,나한테 되물으면 답이 나올 거라고 생각하는 거냐?
ea5a2e5b016740416bde3a3456c70e76.bundle,陳木海張延安麵店談話,Say,ムカイ･チン,55,いいえ、続けてください……,"아니요, 계속해주세요……"
ea5a2e5b016740416bde3a3456c70e76.bundle,陳木海張延安麵店談話,Say,イアン･チョー,64,俺がその鉄の扉へ近づくと、扉が自動で開いたんだ。,"내가 그 철문으로 다가가니까, 문이 자동으로 열렸어."
ea5a2e5b016740416bde3a3456c70e76.bundle,陳木海張延安麵店談話,Say,イアン･チョー,65,俺は反射的に、扉の向こうへと飛び出した。,"나는 반사적으로, 문 너머로 뛰쳐나갔지."
ea5a2e5b016740416bde3a3456c70e76.bundle,陳木海張延安麵店談話,Say,イアン･チョー,66,外に出ると、ヨウメイ山の山道にいることがすぐわかった。,"밖으로 나가니까, 요메이 산 산길에 있다는 걸 바로 알았어."
ea5a2e5b016740416bde3a3456c70e76.bundle,陳木海張延安麵店談話,Say,イアン･チョー,67,第四発電所が見えたからな。,제4발전소가 보였으니까.
ea5a2e5b016740416bde3a3456c70e76.bundle,陳木海張延安麵店談話,Say,イアン･チョー,68,俺は安堵のため息と共に、後ろを振りかえってみた……,"나는 안도의 한숨과 함께, 뒤를 돌아봤어……"
ea5a2e5b016740416bde3a3456c70e76.bundle,陳木海張延安麵店談話,Say,イアン･チョー,69,だがそこには何もなかったんだ。,근데 거기엔 아무것도 없었어.
ea5a2e5b016740416bde3a3456c70e76.bundle,陳木海張延安麵店談話,Say,ムカイ･チン,56,……何もなかった！？,……아무것도 없었다고!?
ea5a2e5b016740416bde3a3456c70e76.bundle,陳木海張延安麵店談話,Say,イアン･チョー,70,そうだ。俺はただ空き地の上に立っているだけだった。,그래. 나는 그냥 공터 위에 서 있을 뿐이었어.
ea5a2e5b016740416bde3a3456c70e76.bundle,陳木海張延安麵店談話,Say,ムカイ･チン,57,ど、どういうことだ……,"무, 무슨 소리야……"
ea5a2e5b016740416bde3a3456c70e76.bundle,陳木海張延安麵店談話,Say,ムカイ･チン,58,鉄の扉は？あなたはそこから出たんだろう？,철문은? 당신은 거기서 나온 거잖아?
ea5a2e5b016740416bde3a3456c70e76.bundle,陳木海張延安麵店談話,Say,ムカイ･チン,59,扉があるということは、そこには建物があるはずだ。,"문이 있다는 건, 거기에 건물이 있어야 한다."
ea5a2e5b016740416bde3a3456c70e76.bundle,陳木海張延安麵店談話,Say,ムカイ･チン,60,その建物について教えてくれ。,그 건물에 대해 알려줘.
ea5a2e5b016740416bde3a3456c70e76.bundle,陳木海張延安麵店談話,Say,イアン･チョー,71,まだ理解していないみたいだな……,아직도 이해를 못 한 모양이군……
ea5a2e5b016740416bde3a3456c70e76.bundle,陳木海張延安麵店談話,Say,イアン･チョー,72,建物なんてなかったんだ。,건물 같은 건 없었어.
ea5a2e5b016740416bde3a3456c70e76.bundle,陳木海張延安麵店談話,Say,ムカイ･チン,61,なかった……？,없었다……?
ea5a2e5b016740416bde3a3456c70e76.bundle,陳木海張延安麵店談話,Say,ムカイ･チン,62,そんな……,그럴 수가……
ea5a2e5b016740416bde3a3456c70e76.bundle,陳木海張延安麵店談話,Say,イアン･チョー,73,だから言っただろう。この話は役に立たないって。,그러니까 말했잖아. 이 얘기는 도움 안 된다고.
ea5a2e5b016740416bde3a3456c70e76.bundle,陳木海張延安麵店談話,Say,イアン･チョー,74,ただの心霊体験なんだよ……,그냥 심령 체험일 뿐이라고……
ea5a2e5b016740416bde3a3456c70e76.bundle,陳木海張延安麵店談話,Say,ムカイ･チン,63,じゃ、扉の場所は……,"그럼, 문 위치는……"
ea5a2e5b016740416bde3a3456c70e76.bundle,陳木海張延安麵店談話,Say,イアン･チョー,75,座標を送ってもいい。でも行っても何も見つからないと思うぞ。,좌표를 보내줘도 돼. 근데 가봤자 아무것도 못 찾을 거다.
ea5a2e5b016740416bde3a3456c70e76.bundle,陳木海張延安麵店談話,Say,イアン･チョー,76,ちなみに俺は何度もその場に行って確かめた。だが鉄の扉どころか、何もないただの空き地だ。,"덧붙여 나는 몇 번이나 그 자리에 가서 확인했어. 근데 철문은커녕, 아무것도 없는 그냥 공터야."
ea5a2e5b016740416bde3a3456c70e76.bundle,陳木海張延安麵店談話,Say,ムカイ･チン,64,……,……
ea5a2e5b016740416bde3a3456c70e76.bundle,陳木海張延安麵店談話,Say,ムカイ･チン,65,……それからどうしたんだ？,……그러고 나서 어떻게 됐어?
ea5a2e5b016740416bde3a3456c70e76.bundle,陳木海張延安麵店談話,Say,イアン･チョー,77,それから？,그러고 나서?
ea5a2e5b016740416bde3a3456c70e76.bundle,陳木海張延安麵店談話,Say,イアン･チョー,78,それからは助けを求めるために、人のいる場所を探し歩いた。,"그러고 나서는 도움을 청하려고, 사람 있는 곳을 찾아 걸었어."
ea5a2e5b016740416bde3a3456c70e76.bundle,陳木海張延安麵店談話,Say,イアン･チョー,79,何とか発電所の電線を修理しているトラックを捕まえて……,간신히 발전소 전선을 수리하고 있는 트럭을 붙잡아서……
ea5a2e5b016740416bde3a3456c70e76.bundle,陳木海張延安麵店談話,Say,イアン･チョー,80,北区まで乗せてもらったんだ……,북구까지 태워줬어……
ea5a2e5b016740416bde3a3456c70e76.bundle,陳木海張延安麵店談話,Say,ムカイ･チン,66,……,……
ea5a2e5b016740416bde3a3456c70e76.bundle,陳木海張延安麵店談話,Say,ムカイ･チン,67,そんな……,그럴 수가……
ea5a2e5b016740416bde3a3456c70e76.bundle,陳木海張延安麵店談話,Say,イアン･チョー,81,質問があるなら何でもどうぞ。,질문 있으면 뭐든지 해봐.
ea5a2e5b016740416bde3a3456c70e76.bundle,陳木海張延安麵店談話,Say,イアン･チョー,82,でもご想像の通り、多分俺は何も答えられないと思うぜ。,"근데 예상대로, 아마 나는 아무것도 답 못 할 거다."
ea5a2e5b016740416bde3a3456c70e76.bundle,陳木海張延安麵店談話,Branch,#Simple,11,万象グループが関与している可能性は？,완샹 그룹이 관여하고 있을 가능성은?
ea5a2e5b016740416bde3a3456c70e76.bundle,陳木海張延安麵店談話,Say,イアン･チョー,83,明日、地球が滅亡するくらい、ありえないね。,"내일 지구가 멸망할 정도로, 말도 안 돼."
ea5a2e5b016740416bde3a3456c70e76.bundle,陳木海張延安麵店談話,Say,イアン･チョー,84,俺は万象とは何度も裏取引をしたことがある。,나는 완샹이랑 몇 번이나 뒷거래를 한 적이 있어.
ea5a2e5b016740416bde3a3456c70e76.bundle,陳木海張延安麵店談話,Say,イアン･チョー,85,万象の手段や技術なら多少知ってるつもりだ。,완샹의 수단이나 기술이라면 어느 정도 알고 있다고 생각해.
ea5a2e5b016740416bde3a3456c70e76.bundle,陳木海張延安麵店談話,Say,イアン･チョー,86,だがあれは、一企業の秘密研究ごときで、なし得る技術じゃない。,"근데 그건, 일개 기업의 비밀 연구 따위로, 해낼 수 있는 기술이 아니야."
ea5a2e5b016740416bde3a3456c70e76.bundle,陳木海張延安麵店談話,Say,イアン･チョー,87,むしろ俺の話を聞いて、企業の研究施設か何かとでも思ったのか？,"오히려 내 얘기를 듣고, 기업 연구 시설이나 뭐 그런 거라고 생각한 거야?"
ea5a2e5b016740416bde3a3456c70e76.bundle,陳木海張延安麵店談話,Branch,#Simple,12,そうじゃないなら、何だと言うんだ？,"그게 아니면, 뭐라는 거지?"
ea5a2e5b016740416bde3a3456c70e76.bundle,陳木海張延安麵店談話,Branch,#Simple,13,可能性はあるだろう？,가능성은 있잖아?
ea5a2e5b016740416bde3a3456c70e76.bundle,陳木海張延安麵店談話,Say,イアン･チョー,88,こんな時代だ。一般人が大企業に対して、現実離れした幻想を抱くのはしょうがないと思う。,"이런 시대야. 일반인이 대기업에 대해서, 현실과 동떨어진 환상을 품는 건 어쩔 수 없다고 생각해."
ea5a2e5b016740416bde3a3456c70e76.bundle,陳木海張延安麵店談話,Say,イアン･チョー,89,だがこの件はそれの範疇を超えている。,근데 이 일은 그 범주를 넘어섰어.
ea5a2e5b016740416bde3a3456c70e76.bundle,陳木海張延安麵店談話,Branch,#Simple,14,……,……
ea5a2e5b016740416bde3a3456c70e76.bundle,陳木海張延安麵店談話,Say,イアン･チョー,90,それとも何だ？お前らが、一般人と同じだとでも思っているのか？,"아니면 뭐야? 너희들이, 일반인이랑 같다고 생각하는 거야?"
ea5a2e5b016740416bde3a3456c70e76.bundle,陳木海張延安麵店談話,Say,イアン･チョー,91,そもそもお前らの存在自体がありえないんだよ。,애초에 너희들 존재 자체가 말이 안 된다고.
ea5a2e5b016740416bde3a3456c70e76.bundle,陳木海張延安麵店談話,Say,イアン･チョー,92,他人の精神をコントロールできるなんて……意味がわかんねえよ。,남의 정신을 컨트롤할 수 있다니……무슨 소린지 모르겠어.
ea5a2e5b016740416bde3a3456c70e76.bundle,陳木海張延安麵店談話,Branch,#Simple,15,そうだな。,그렇지.
ea5a2e5b016740416bde3a3456c70e76.bundle,陳木海張延安麵店談話,Branch,#Simple,16,……,……
ea5a2e5b016740416bde3a3456c70e76.bundle,陳木海張延安麵店談話,Say,イアン･チョー,93,……,……
ea5a2e5b016740416bde3a3456c70e76.bundle,陳木海張延安麵店談話,Say,イアン･チョー,94,どうであれ、彼らが持つ力は俺が知っているどの勢力よりも遙かに上だ。,"어쨌든, 그놈들이 가진 힘은 내가 아는 어떤 세력보다도 훨씬 위야."
ea5a2e5b016740416bde3a3456c70e76.bundle,陳木海張延安麵店談話,Say,イアン･チョー,95,はぁ……,하아……
ea5a2e5b016740416bde3a3456c70e76.bundle,陳木海張延安麵店談話,Say,イアン･チョー,96,本当に宇宙人だったのかもしれないな……,정말로 우주인이었을지도 모르지……
ea5a2e5b016740416bde3a3456c70e76.bundle,陳木海張延安麵店談話,Branch,#Simple,17,あなたの記憶自体が間違っている可能性は？,당신의 기억 자체가 잘못됐을 가능성은?
ea5a2e5b016740416bde3a3456c70e76.bundle,陳木海張延安麵店談話,Say,イアン･チョー,97,俺が頭を殴られて、夢でも見てたって言いたいのか？,"내가 머리를 맞아서, 꿈이라도 꿨다고 말하고 싶은 거냐?"
ea5a2e5b016740416bde3a3456c70e76.bundle,陳木海張延安麵店談話,Branch,#Simple,18,俺はあなたの記憶が何者かに改ざんされた可能性を聞いているだけだ。,나는 당신의 기억이 누군가한테 조작됐을 가능성을 묻고 있을 뿐이다.
ea5a2e5b016740416bde3a3456c70e76.bundle,陳木海張延安麵店談話,Branch,#Simple,19,ああ。,그래.
ea5a2e5b016740416bde3a3456c70e76.bundle,陳木海張延安麵店談話,Say,イアン･チョー,98,フンッ、例え本当にそうだとしても、俺には夢なのか現実なのかも、わかりゃしないよ。,"흥, 설령 정말로 그렇다 해도, 나로서는 꿈인지 현실인지도, 알 도리가 없어."
ea5a2e5b016740416bde3a3456c70e76.bundle,陳木海張延安麵店談話,Branch,#Simple,20,確かに。,확실히.
ea5a2e5b016740416bde3a3456c70e76.bundle,陳木海張延安麵店談話,Branch,#Simple,21,逃げる途中に、白い霧を吸ったと言ったよな？,"도망치는 도중에, 흰 안개를 마셨다고 했었지?"
ea5a2e5b016740416bde3a3456c70e76.bundle,陳木海張延安麵店談話,Say,イアン･チョー,99,ああ、それが何なのかはわからないけどな。,"그래, 그게 뭔지는 모르겠지만."
ea5a2e5b016740416bde3a3456c70e76.bundle,陳木海張延安麵店談話,Say,イアン･チョー,100,でも言っとくが。,근데 말해두는데.
ea5a2e5b016740416bde3a3456c70e76.bundle,陳木海張延安麵店談話,Branch,#Simple,22,……,……
ea5a2e5b016740416bde3a3456c70e76.bundle,陳木海張延安麵店談話,Say,イアン･チョー,101,俺の身に起きたあの出来事は、すべて現実のものだったと思っている。,"내 몸에 일어난 그 일은, 전부 실제로 있었던 일이라고 생각해."
ea5a2e5b016740416bde3a3456c70e76.bundle,陳木海張延安麵店談話,Say,イアン･チョー,102,その感覚さえも植え込まれたものだと言うなら、俺にはもうお手上げだ。,"그 감각조차도 심어진 거라고 말한다면, 나로서는 이제 두 손 두 발 다 들었어."
ea5a2e5b016740416bde3a3456c70e76.bundle,陳木海張延安麵店談話,Branch,#Simple,23,ミン･ツァイはどうなった？,밍차이는 어떻게 됐어?
ea5a2e5b016740416bde3a3456c70e76.bundle,陳木海張延安麵店談話,Say,イアン･チョー,103,……！？,……!?
ea5a2e5b016740416bde3a3456c70e76.bundle,陳木海張延安麵店談話,Say,イアン･チョー,104,お前……,네놈……
ea5a2e5b016740416bde3a3456c70e76.bundle,陳木海張延安麵店談話,Say,イアン･チョー,105,なぜミンのことを知っている！？俺は一度も他の人には……,왜 밍을 알고 있는 거지!? 나는 한 번도 다른 사람한테는……
ea5a2e5b016740416bde3a3456c70e76.bundle,陳木海張延安麵店談話,Say,イアン･チョー,106,……お前らの中に俺を操っていたやつがいるのは知っていた！,……너희들 중에 나를 조종했던 놈이 있다는 건 알고 있었다!
ea5a2e5b016740416bde3a3456c70e76.bundle,陳木海張延安麵店談話,Say,イアン･チョー,107,もしかして、お前だったのか！？,"혹시, 너였던 거냐!?"
ea5a2e5b016740416bde3a3456c70e76.bundle,陳木海張延安麵店談話,Branch,#Simple,24,残念だが、俺じゃない。,"안타깝지만, 나는 아니야."
ea5a2e5b016740416bde3a3456c70e76.bundle,陳木海張延安麵店談話,Say,イアン･チョー,108,……,……
ea5a2e5b016740416bde3a3456c70e76.bundle,陳木海張延安麵店談話,Say,イアン･チョー,109,そうか……,그런가……
ea5a2e5b016740416bde3a3456c70e76.bundle,陳木海張延安麵店談話,Say,イアン･チョー,110,なら伝言を頼む。,그럼 전언을 부탁한다.
ea5a2e5b016740416bde3a3456c70e76.bundle,陳木海張延安麵店談話,Say,イアン･チョー,111,ありがとう。,고마워.
ea5a2e5b016740416bde3a3456c70e76.bundle,陳木海張延安麵店談話,Branch,#Simple,25,彼を恨んでないのか？,그놈을 원망 안 해?
ea5a2e5b016740416bde3a3456c70e76.bundle,陳木海張延安麵店談話,Say,イアン･チョー,112,恨んでない。,원망 안 해.
ea5a2e5b016740416bde3a3456c70e76.bundle,陳木海張延安麵店談話,Branch,#Simple,26,……,……
ea5a2e5b016740416bde3a3456c70e76.bundle,陳木海張延安麵店談話,Say,イアン･チョー,113,彼は与えられた命令に背いた。,그놈은 주어진 명령을 거역했어.
ea5a2e5b016740416bde3a3456c70e76.bundle,陳木海張延安麵店談話,Say,イアン･チョー,114,彼のおかげで、俺の部下は生き残れたんだ。,"그놈 덕분에, 내 부하는 살아남을 수 있었어."
ea5a2e5b016740416bde3a3456c70e76.bundle,陳木海張延安麵店談話,Say,イアン･チョー,115,俺は彼に借りがある。,나는 그놈한테 빚이 있다.
ea5a2e5b016740416bde3a3456c70e76.bundle,陳木海張延安麵店談話,Say,イアン･チョー,116,このイアン･チョーはいずれ、お前に復讐しに行く！,"이 이안 챠오가 언젠가, 너한테 복수하러 갈 거다!"
ea5a2e5b016740416bde3a3456c70e76.bundle,陳木海張延安麵店談話,Branch,#Simple,27,彼はただ命令に従っただけだ。,그놈은 그냥 명령을 따랐을 뿐이다.
ea5a2e5b016740416bde3a3456c70e76.bundle,陳木海張延安麵店談話,Say,イアン･チョー,117,ああ、確かに彼は命令に従うことを選んだ。,"그래, 확실히 그놈은 명령을 따르는 걸 선택했지."
ea5a2e5b016740416bde3a3456c70e76.bundle,陳木海張延安麵店談話,Say,イアン･チョー,118,だが、その選択をした責任を負う必要がある。,"하지만, 그 선택을 한 책임을 져야 해."
ea5a2e5b016740416bde3a3456c70e76.bundle,陳木海張延安麵店談話,Branch,#Simple,28,わかった。,알겠다.
ea5a2e5b016740416bde3a3456c70e76.bundle,陳木海張延安麵店談話,Branch,#Simple,29,……,……
ea5a2e5b016740416bde3a3456c70e76.bundle,陳木海張延安麵店談話,Say,イアン･チョー,119,……,……
ea5a2e5b016740416bde3a3456c70e76.bundle,陳木海張延安麵店談話,Say,イアン･チョー,120,ミンについてだが……,밍에 대해서인데……
ea5a2e5b016740416bde3a3456c70e76.bundle,陳木海張延安麵店談話,Say,イアン･チョー,121,実はさっきの話の中の俺は……ずっとミンを抱えていたんだ。,실은 아까 얘기 속의 나는……계속 밍을 안고 있었어.
ea5a2e5b016740416bde3a3456c70e76.bundle,陳木海張延安麵店談話,Say,イアン･チョー,122,あんな場所に置いていくわけにはいかないからな……,그런 데에 두고 갈 수는 없으니까……
ea5a2e5b016740416bde3a3456c70e76.bundle,陳木海張延安麵店談話,Branch,#Simple,30,ああ、俺だ。,"그래, 나다."
ea5a2e5b016740416bde3a3456c70e76.bundle,陳木海張延安麵店談話,Say,イアン･チョー,123,……,……
ea5a2e5b016740416bde3a3456c70e76.bundle,陳木海張延安麵店談話,Say,イアン･チョー,124,お前はあの時、命令に背いて、ミンを助けてくれた。,"너는 그때, 명령을 거역하고, 밍을 구해줬다."
ea5a2e5b016740416bde3a3456c70e76.bundle,陳木海張延安麵店談話,Say,イアン･チョー,125,お前のおかげで、ミンは生きて戻ってこれたんだ……,"네 덕분에, 밍은 살아서 돌아올 수 있었어……"
ea5a2e5b016740416bde3a3456c70e76.bundle,陳木海張延安麵店談話,Say,イアン･チョー,126,この恩は必ず返す。,이 은혜는 반드시 갚는다.
ea5a2e5b016740416bde3a3456c70e76.bundle,陳木海張延安麵店談話,Branch,#Simple,31,俺を恨んでないのか？俺のせいで、あなたはミン･ツァイに傷を負わせた。,"나를 원망 안 해? 나 때문에, 당신은 밍차이한테 상처를 입혔잖아."
ea5a2e5b016740416bde3a3456c70e76.bundle,陳木海張延安麵店談話,Say,イアン･チョー,127,それは違う。,그건 틀렸다.
ea5a2e5b016740416bde3a3456c70e76.bundle,陳木海張延安麵店談話,Say,イアン･チョー,128,あの状況の中で、お前はできる限り、俺たちを助けてくれた。,"그 상황 속에서, 너는 할 수 있는 만큼, 우리를 도와줬어."
ea5a2e5b016740416bde3a3456c70e76.bundle,陳木海張延安麵店談話,Say,イアン･チョー,129,少なくとも俺はそう信じている。,적어도 나는 그렇게 믿고 있다.
ea5a2e5b016740416bde3a3456c70e76.bundle,陳木海張延安麵店談話,Branch,#Simple,32,そんな必要はない。,그럴 필요 없어.
ea5a2e5b016740416bde3a3456c70e76.bundle,陳木海張延安麵店談話,Say,イアン･チョー,130,それはお前が決めることじゃない。,그건 네가 정할 일이 아니야.
ea5a2e5b016740416bde3a3456c70e76.bundle,陳木海張延安麵店談話,Say,イアン･チョー,131,俺が恩を返すと言ったら、必ず返すんだ。,"내가 은혜를 갚는다고 하면, 반드시 갚는다."
ea5a2e5b016740416bde3a3456c70e76.bundle,陳木海張延安麵店談話,Branch,#Simple,33,……,……
ea5a2e5b016740416bde3a3456c70e76.bundle,陳木海張延安麵店談話,Say,イアン･チョー,132,覚えておけ。,기억해둬라.
ea5a2e5b016740416bde3a3456c70e76.bundle,陳木海張延安麵店談話,Say,イアン･チョー,133,……,……
ea5a2e5b016740416bde3a3456c70e76.bundle,陳木海張延安麵店談話,Say,イアン･チョー,134,それとミンについてだが……,그리고 밍에 대해서인데……
ea5a2e5b016740416bde3a3456c70e76.bundle,陳木海張延安麵店談話,Say,イアン･チョー,135,実はさっきの話の中の俺は……ずっとミンを抱えていたんだ。,실은 아까 얘기 속의 나는……계속 밍을 안고 있었어.
ea5a2e5b016740416bde3a3456c70e76.bundle,陳木海張延安麵店談話,Say,イアン･チョー,136,あんな場所に置いていくわけにはいかないからな……,그런 데에 두고 갈 수는 없으니까……
ea5a2e5b016740416bde3a3456c70e76.bundle,陳木海張延安麵店談話,Say,イアン･チョー,137,そうか……,그런가……
ea5a2e5b016740416bde3a3456c70e76.bundle,陳木海張延安麵店談話,Say,イアン･チョー,138,いつか俺は必ずお前に復讐する。,언젠가 나는 반드시 너한테 복수한다.
ea5a2e5b016740416bde3a3456c70e76.bundle,陳木海張延安麵店談話,Branch,#Simple,34,待ってくれ。あの時はどうしようもなかったんだ。,잠깐만. 그때는 어쩔 도리가 없었어.
ea5a2e5b016740416bde3a3456c70e76.bundle,陳木海張延安麵店談話,Say,イアン･チョー,139,確かにお前はただ命令に従っただけだ。,확실히 너는 그냥 명령을 따랐을 뿐이지.
ea5a2e5b016740416bde3a3456c70e76.bundle,陳木海張延安麵店談話,Say,イアン･チョー,140,でも、そもそもお前が命令に従ったことが問題だ。,"근데, 애초에 네가 명령을 따른 것 자체가 문제다."
ea5a2e5b016740416bde3a3456c70e76.bundle,陳木海張延安麵店談話,Branch,#Simple,35,あなたにはわからないだろうが、俺には選択肢がなかったんだ。,"당신은 모르겠지만, 나는 선택지가 없었어."
ea5a2e5b016740416bde3a3456c70e76.bundle,陳木海張延安麵店談話,Say,イアン･チョー,141,好きに言い訳を並べればいい。俺にはそんなの関係ないからな。,마음대로 변명을 늘어놓으면 돼. 나한테는 그런 거 상관없으니까.
ea5a2e5b016740416bde3a3456c70e76.bundle,陳木海張延安麵店談話,Branch,#Simple,36,反抗ができるのならば、俺は絶対にそうしていた。,"반항할 수 있었다면, 나는 반드시 그렇게 했을 거야."
ea5a2e5b016740416bde3a3456c70e76.bundle,陳木海張延安麵店談話,Say,イアン･チョー,142,違う。お前は反抗しなかっただけだ。,아니. 너는 반항을 안 한 것뿐이다.
ea5a2e5b016740416bde3a3456c70e76.bundle,陳木海張延安麵店談話,Branch,#Simple,37,確かに俺の責任だ。すまない。,확실히 내 책임이야. 미안하다.
ea5a2e5b016740416bde3a3456c70e76.bundle,陳木海張延安麵店談話,Say,イアン･チョー,143,……,……
ea5a2e5b016740416bde3a3456c70e76.bundle,陳木海張延安麵店談話,Say,イアン･チョー,144,謝られたところで、ミンは帰って来ることはない。,"사과해봤자, 밍은 돌아오지 않아."
ea5a2e5b016740416bde3a3456c70e76.bundle,陳木海張延安麵店談話,Branch,#Simple,38,……,……
ea5a2e5b016740416bde3a3456c70e76.bundle,陳木海張延安麵店談話,Say,イアン･チョー,145,安心しろ。俺がお前に復讐しに行くのは、まだ先だ。,"안심해라. 내가 너한테 복수하러 가는 건, 아직 나중 일이다."
ea5a2e5b016740416bde3a3456c70e76.bundle,陳木海張延安麵店談話,Branch,#Simple,39,仇を討ちたいなら、今やればいいだろ。,"원수를 갚고 싶으면, 지금 하면 되잖아."
ea5a2e5b016740416bde3a3456c70e76.bundle,陳木海張延安麵店談話,Say,イアン･チョー,146,それはだめだ。,그건 안 돼.
ea5a2e5b016740416bde3a3456c70e76.bundle,陳木海張延安麵店談話,Branch,#Simple,40,……,……
ea5a2e5b016740416bde3a3456c70e76.bundle,陳木海張延安麵店談話,Say,イアン･チョー,147,お前が犯した罪はお前で償ってもらう。,네가 저지른 죄는 너 스스로 갚아야 해.
ea5a2e5b016740416bde3a3456c70e76.bundle,陳木海張延安麵店談話,Say,イアン･チョー,148,この件は、その体のジェイ･ダイとは関係ないことだからな。,"이 일은, 그 몸의 제이 다이랑은 상관없는 일이니까."
ea5a2e5b016740416bde3a3456c70e76.bundle,陳木海張延安麵店談話,Say,イアン･チョー,149,彼の体から出るまでは、俺は何もしない。,"그가 그 몸에서 나올 때까지는, 나는 아무것도 안 한다."
ea5a2e5b016740416bde3a3456c70e76.bundle,陳木海張延安麵店談話,Say,イアン･チョー,150,安心しろ。,안심해.
ea5a2e5b016740416bde3a3456c70e76.bundle,陳木海張延安麵店談話,Branch,#Simple,41,聞きたいことは以上だ。,묻고 싶은 건 여기까지다.
ea5a2e5b016740416bde3a3456c70e76.bundle,陳木海張延安麵店談話,Say,イアン･チョー,151,そうか。,그런가.
ea5a2e5b016740416bde3a3456c70e76.bundle,陳木海張延安麵店談話,Say,イアン･チョー,152,おい、もう聞きたいことはないのか？,"야, 이제 물어볼 거 없어?"
ea5a2e5b016740416bde3a3456c70e76.bundle,陳木海張延安麵店談話,Say,ムカイ･チン,68,……,……
ea5a2e5b016740416bde3a3456c70e76.bundle,陳木海張延安麵店談話,Say,ムカイ･チン,69,俺は……,나는……
ea5a2e5b016740416bde3a3456c70e76.bundle,陳木海張延安麵店談話,Branch,#Simple,42,どうした？,왜 그래?
ea5a2e5b016740416bde3a3456c70e76.bundle,陳木海張延安麵店談話,Branch,#Simple,43,……,……
ea5a2e5b016740416bde3a3456c70e76.bundle,陳木海張延安麵店談話,Say,ムカイ･チン,70,根源のやつらを殺した謎の人物について考えていたんだ……,근원 놈들을 죽인 수수께끼의 인물에 대해 생각하고 있었어……
ea5a2e5b016740416bde3a3456c70e76.bundle,陳木海張延安麵店談話,Say,ムカイ･チン,71,そいつは一体何者なんだ？根源の関係者なのか？,그놈은 대체 정체가 뭐지? 근원 관계자인가?
ea5a2e5b016740416bde3a3456c70e76.bundle,陳木海張延安麵店談話,Say,イアン･チョー,153,……,……
ea5a2e5b016740416bde3a3456c70e76.bundle,陳木海張延安麵店談話,Say,イアン･チョー,154,俺が思うに、彼は人間の服を身に纏い、顔を隠してはいるが……,"내 생각엔, 그놈은 인간의 옷을 걸치고, 얼굴을 숨기고 있지만……"
ea5a2e5b016740416bde3a3456c70e76.bundle,陳木海張延安麵店談話,Say,イアン･チョー,155,その下にあるのは理解し難い何かだ。,그 아래 있는 건 이해하기 힘든 뭔가다.
ea5a2e5b016740416bde3a3456c70e76.bundle,陳木海張延安麵店談話,Say,ムカイ･チン,72,……,……
ea5a2e5b016740416bde3a3456c70e76.bundle,陳木海張延安麵店談話,Say,ムカイ･チン,73,目的は何なんだ？,목적이 뭐지?
ea5a2e5b016740416bde3a3456c70e76.bundle,陳木海張延安麵店談話,Say,ムカイ･チン,74,彼の目的は一体何なんだ？,그놈의 목적은 대체 뭘까?
ea5a2e5b016740416bde3a3456c70e76.bundle,陳木海張延安麵店談話,Say,イアン･チョー,156,いや、目的は二つしかない。,"아니, 목적은 두 가지밖에 없다."
ea5a2e5b016740416bde3a3456c70e76.bundle,陳木海張延安麵店談話,Say,イアン･チョー,157,一つは、根源を壊滅させること。,"하나는, 근원을 괴멸시키는 것."
ea5a2e5b016740416bde3a3456c70e76.bundle,陳木海張延安麵店談話,Say,イアン･チョー,158,二つ目は、根源の壊滅は手段にすぎず、他の目的があった。,"두 번째는, 근원의 괴멸은 수단에 불과하고, 다른 목적이 있었던 것."
ea5a2e5b016740416bde3a3456c70e76.bundle,陳木海張延安麵店談話,Say,ムカイ･チン,75,……俺たちのようなMBUを解放するためか。,……우리 같은 MBU를 해방시키기 위해서인가.
ea5a2e5b016740416bde3a3456c70e76.bundle,陳木海張延安麵店談話,Say,イアン･チョー,159,さあ、それはどうだろうな。,"글쎄, 그건 어떨는지."
ea5a2e5b016740416bde3a3456c70e76.bundle,陳木海張延安麵店談話,Say,ムカイ･チン,76,……,……
ea5a2e5b016740416bde3a3456c70e76.bundle,陳木海張延安麵店談話,Say,ムカイ･チン,77,一つだけ確かな情報が得られた……,확실한 정보 하나는 얻었다……
ea5a2e5b016740416bde3a3456c70e76.bundle,陳木海張延安麵店談話,Say,ムカイ･チン,78,根源がすでに壊滅しているということだ。,근원이 이미 괴멸했다는 거다.
ea5a2e5b016740416bde3a3456c70e76.bundle,陳木海張延安麵店談話,Say,ムカイ･チン,79,俺たちは自由だ。,우리는 자유다.
ea5a2e5b016740416bde3a3456c70e76.bundle,陳木海張延安麵店談話,Say,イアン･チョー,160,他人の自由と体を奪ってはいるけどな。,남의 자유랑 몸을 빼앗고 있긴 하지만.
ea5a2e5b016740416bde3a3456c70e76.bundle,陳木海張延安麵店談話,Say,ムカイ･チン,80,……,……
ea5a2e5b016740416bde3a3456c70e76.bundle,陳木海張延安麵店談話,Say,ムカイ･チン,81,だから俺たちは一刻も早く、自分の体を見つける必要がある。,"그러니까 우리는 한시라도 빨리, 자기 몸을 찾을 필요가 있다."
ea5a2e5b016740416bde3a3456c70e76.bundle,陳木海張延安麵店談話,Say,ムカイ･チン,82,自分自身の体を手に入れない限り、真の自由を手に入れたとは言えない。,"자기 자신의 몸을 되찾지 않는 한, 진정한 자유를 얻었다고는 할 수 없어."
ea5a2e5b016740416bde3a3456c70e76.bundle,陳木海張延安麵店談話,Say,イアン･チョー,161,……,……
ea5a2e5b016740416bde3a3456c70e76.bundle,陳木海張延安麵店談話,Say,イアン･チョー,162,そういうことなら、俺も同じ立場だ。,"그렇다면, 나도 같은 입장이다."
ea5a2e5b016740416bde3a3456c70e76.bundle,陳木海張延安麵店談話,Say,イアン･チョー,163,マコを助けるには、この問題を解決するしかないからな……,"마코를 구하려면, 이 문제를 해결할 수밖에 없으니까……"
ea5a2e5b016740416bde3a3456c70e76.bundle,陳木海張延安麵店談話,Say,イアン･チョー,164,情報共有はこのまま続けてくれ。それでいいか？,정보 공유는 이대로 계속해줘. 그거면 됐지?
ea5a2e5b016740416bde3a3456c70e76.bundle,陳木海張延安麵店談話,Say,ムカイ･チン,83,もちろんだ。,물론이지.
ea5a2e5b016740416bde3a3456c70e76.bundle,陳木海張延安麵店談話,Say,イアン･チョー,165,じゃ、今日はここまでにしよう。,"그럼, 오늘은 여기까지 하자."
ea5a2e5b016740416bde3a3456c70e76.bundle,陳木海張延安麵店談話,Say,イアン･チョー,166,情報のすり合わせは終わったし、これ以上話しても無駄だろう？,"정보 맞춰보는 것도 끝났고, 더 얘기해봤자 소용없잖아?"
ea5a2e5b016740416bde3a3456c70e76.bundle,陳木海張延安麵店談話,Say,ムカイ･チン,84,同感だ。,동감이다.
ea5a2e5b016740416bde3a3456c70e76.bundle,陳木海張延安麵店談話,Say,ムカイ･チン,85,これからも俺は、根源に関するすべての情報を調べ続ける。,"앞으로도 나는, 근원에 관한 모든 정보를 계속 조사한다."
ea5a2e5b016740416bde3a3456c70e76.bundle,陳木海張延安麵店談話,Say,ムカイ･チン,86,何か進展があったら、また連絡する。,"뭔가 진전이 있으면, 다시 연락하지."
ea5a2e5b016740416bde3a3456c70e76.bundle,陳木海張延安麵店談話,Say,ムカイ･チン,87,……だが、そう簡単に進展があるとは思えない。しばらくは、こうやって顔を合わせることはないと思ってくれ。,"……하지만, 그렇게 쉽게 진전이 있을 거라고는 생각 안 한다. 당분간은, 이렇게 얼굴 볼 일은 없다고 생각해라."
ea5a2e5b016740416bde3a3456c70e76.bundle,陳木海張延安麵店談話,Say,イアン･チョー,167,わかった。,알겠다.
ea5a2e5b016740416bde3a3456c70e76.bundle,陳木海張延安麵店談話,Say,イアン･チョー,168,……じゃ、俺はヤニを吸いながら頭を冷やしてくる。,"……그럼, 나는 담배나 피우면서 머리 좀 식히고 올게."
ea5a2e5b016740416bde3a3456c70e76.bundle,陳木海張延安麵店談話,Say,イアン･チョー,169,閉店時間までは、好きなだけここに居座っても構わない。,"폐점 시간까지는, 마음대로 여기 죽치고 있어도 상관없다."
ea5a2e5b016740416bde3a3456c70e76.bundle,陳木海張延安麵店談話,Say,ムカイ･チン,88,……,……
ea5a2e5b016740416bde3a3456c70e76.bundle,陳木海張延安麵店談話,Say,ムカイ･チン,89,同胞よ。,동포여.
ea5a2e5b016740416bde3a3456c70e76.bundle,陳木海張延安麵店談話,Say,ムカイ･チン,90,実はさっき、言わなかったことがある……,"실은 아까, 말 안 한 게 있다……"
ea5a2e5b016740416bde3a3456c70e76.bundle,陳木海張延安麵店談話,Say,ムカイ･チン,91,根源を壊滅させた人物についてだ。,근원을 괴멸시킨 인물에 대해서다.
ea5a2e5b016740416bde3a3456c70e76.bundle,陳木海張延安麵店談話,Say,ムカイ･チン,92,……,……
ea5a2e5b016740416bde3a3456c70e76.bundle,陳木海張延安麵店談話,Say,ムカイ･チン,93,イアン･チョーを操っていたお前は、根源のやつらが殺されるのを見ていたはずだ。,"이안 챠오를 조종하고 있던 너는, 근원 놈들이 죽는 걸 봤을 텐데."
ea5a2e5b016740416bde3a3456c70e76.bundle,陳木海張延安麵店談話,Say,ムカイ･チン,94,その意味がわかるか？,그 의미를 알겠나?
ea5a2e5b016740416bde3a3456c70e76.bundle,陳木海張延安麵店談話,Branch,#Simple,44,わからない。,모르겠어.
ea5a2e5b016740416bde3a3456c70e76.bundle,陳木海張延安麵店談話,Branch,#Simple,45,俺はそいつを特定することができる。,나는 그놈을 특정할 수 있다.
ea5a2e5b016740416bde3a3456c70e76.bundle,陳木海張延安麵店談話,Say,ムカイ･チン,95,違う。,아니.
ea5a2e5b016740416bde3a3456c70e76.bundle,陳木海張延安麵店談話,Say,ムカイ･チン,96,お前は根源が壊滅した後に、ジェイ･ダイの体に入ったということだ。,"너는 근원이 괴멸한 후에, 제이 다이의 몸에 들어갔다는 거다."
ea5a2e5b016740416bde3a3456c70e76.bundle,陳木海張延安麵店談話,Say,ムカイ･チン,97,俺と他の同胞は事件が起きる以前に、すでに今の体に入っていた……,"나랑 다른 동포들은 사건이 일어나기 전에, 이미 지금의 몸에 들어가 있었다……"
ea5a2e5b016740416bde3a3456c70e76.bundle,陳木海張延安麵店談話,Say,ムカイ･チン,98,根源のやつらが死んだから、俺たちはこの体に「閉じ込め」られたんだ。,"근원 놈들이 죽어서, 우리는 이 몸에 '갇혀'버린 거다."
ea5a2e5b016740416bde3a3456c70e76.bundle,陳木海張延安麵店談話,Say,ムカイ･チン,99,俺の言いたいことがわかるか？,내가 하고 싶은 말을 알겠나?
ea5a2e5b016740416bde3a3456c70e76.bundle,陳木海張延安麵店談話,Say,ムカイ･チン,100,つまり、理論上、お前をジェイ･ダイの体に移せる人物はいないはずなんだ。,"즉, 이론상, 너를 제이 다이의 몸으로 옮길 수 있는 사람은 없어야 정상이다."
ea5a2e5b016740416bde3a3456c70e76.bundle,陳木海張延安麵店談話,Say,ムカイ･チン,101,……,……
ea5a2e5b016740416bde3a3456c70e76.bundle,陳木海張延安麵店談話,Say,ムカイ･チン,102,だがたった一人、それができた人物がいる……根源を壊滅させたやつだ。,"하지만 단 한 명, 그걸 할 수 있었던 인물이 있다……근원을 괴멸시킨 놈이다."
ea5a2e5b016740416bde3a3456c70e76.bundle,陳木海張延安麵店談話,Say,心の声,3,……,……
ea5a2e5b016740416bde3a3456c70e76.bundle,陳木海張延安麵店談話,Say,ムカイ･チン,103,さっき、そいつの目的について話したのを覚えているか？,"아까, 그놈의 목적에 대해 얘기했던 거 기억하나?"
ea5a2e5b016740416bde3a3456c70e76.bundle,陳木海張延安麵店談話,Say,ムカイ･チン,104,……俺が思うに、おそらく彼の目的は、お前をジェイ･ダイの体に入れることだ。,"……내 생각엔, 아마 그놈의 목적은, 너를 제이 다이의 몸에 넣는 거였을 거다."
ea5a2e5b016740416bde3a3456c70e76.bundle,陳木海張延安麵店談話,Say,ムカイ･チン,105,そして、お前が自由に動けるように、お前に干渉してくるであろう根源を壊滅させた。,"그리고, 네가 자유롭게 움직일 수 있도록, 너한테 간섭해올 근원을 괴멸시킨 거다."
ea5a2e5b016740416bde3a3456c70e76.bundle,陳木海張延安麵店談話,Say,ムカイ･チン,106,俺たちの自由は、その結果に過ぎない。,"우리의 자유는, 그 결과에 불과하다."
ea5a2e5b016740416bde3a3456c70e76.bundle,陳木海張延安麵店談話,Branch,#Simple,46,それは本当なのか？,그게 정말인 건가?
ea5a2e5b016740416bde3a3456c70e76.bundle,陳木海張延安麵店談話,Say,ムカイ･チン,107,わからない。,모르겠어.
ea5a2e5b016740416bde3a3456c70e76.bundle,陳木海張延安麵店談話,Branch,#Simple,47,俺一人のために、あんなことをしたって言うのか？,"나 한 명을 위해서, 그런 짓을 했다는 거야?"
ea5a2e5b016740416bde3a3456c70e76.bundle,陳木海張延安麵店談話,Branch,#Simple,48,……,……
ea5a2e5b016740416bde3a3456c70e76.bundle,陳木海張延安麵店談話,Say,ムカイ･チン,108,ただの仮説だ。真剣に捉える必要はない。,그냥 가설이다. 진지하게 받아들일 필요는 없어.
ea5a2e5b016740416bde3a3456c70e76.bundle,陳木海張延安麵店談話,Say,ムカイ･チン,109,しかし……,하지만……
ea5a2e5b016740416bde3a3456c70e76.bundle,陳木海張延安麵店談話,Say,ムカイ･チン,110,そうである可能性は十分にあると思う。,그럴 가능성은 충분히 있다고 생각한다.
ea5a2e5b016740416bde3a3456c70e76.bundle,陳木海張延安麵店談話,Branch,#Simple,49,どういう意味だ？,그게 무슨 뜻이야?
ea5a2e5b016740416bde3a3456c70e76.bundle,陳木海張延安麵店談話,Branch,#Simple,50,彼は一体何のためにそんなことを？,그놈은 대체 뭘 위해서 그런 짓을?
ea5a2e5b016740416bde3a3456c70e76.bundle,陳木海張延安麵店談話,Branch,#Simple,51,……,……
ea5a2e5b016740416bde3a3456c70e76.bundle,陳木海張延安麵店談話,Say,ムカイ･チン,111,……,……
ea5a2e5b016740416bde3a3456c70e76.bundle,陳木海張延安麵店談話,Say,ムカイ･チン,112,これからはただの推測だと思って聞いてくれ。,이제부터는 그냥 추측이라고 생각하고 들어줘.
ea5a2e5b016740416bde3a3456c70e76.bundle,陳木海張延安麵店談話,Say,ムカイ･チン,113,俺が思うに、お前は彼の観察対象なのだと思う。,"내 생각엔, 너는 그놈의 관찰 대상인 것 같다."
ea5a2e5b016740416bde3a3456c70e76.bundle,陳木海張延安麵店談話,Say,心の声,4,観察対象……？,관찰 대상……?
ea5a2e5b016740416bde3a3456c70e76.bundle,陳木海張延安麵店談話,Say,ムカイ･チン,114,その証拠に、彼は今に至っても何もしてこない。,"그 증거로, 그놈은 지금에 이르러서도 아무것도 해오지 않는다."
ea5a2e5b016740416bde3a3456c70e76.bundle,陳木海張延安麵店談話,Say,ムカイ･チン,115,邪魔をするわけでも、接触してくるわけでもない……,"방해하는 것도 아니고, 접촉해오는 것도 아니야……"
ea5a2e5b016740416bde3a3456c70e76.bundle,陳木海張延安麵店談話,Say,ムカイ･チン,116,むしろ、お前にとっての障害物である、根源を排除してくれた。,"오히려, 너한테 있어서 장애물이었던, 근원을 제거해줬지."
ea5a2e5b016740416bde3a3456c70e76.bundle,陳木海張延安麵店談話,Say,ムカイ･チン,117,彼はただ、人の目のつかない場所から静かに、お前を観察したいのではないかと思う。,"그놈은 그냥, 남의 눈에 안 띄는 곳에서 조용히, 너를 관찰하고 싶은 게 아닐까 싶다."
ea5a2e5b016740416bde3a3456c70e76.bundle,陳木海張延安麵店談話,Say,ムカイ･チン,118,……,……
ea5a2e5b016740416bde3a3456c70e76.bundle,陳木海張延安麵店談話,Say,ムカイ･チン,119,もちろん、これは俺のただの妄想だ。,"물론, 이건 나의 그냥 망상이다."
ea5a2e5b016740416bde3a3456c70e76.bundle,陳木海張延安麵店談話,Say,ムカイ･チン,120,それでも、お前に伝えておくべきだと思った。,"그래도, 너한테 전해둬야 한다고 생각했다."
ea5a2e5b016740416bde3a3456c70e76.bundle,陳木海張延安麵店談話,Say,ムカイ･チン,121,俺の妄想をどう判断するかは、お前次第だ。,"내 망상을 어떻게 판단할지는, 네게 달렸다."
ea5a2e5b016740416bde3a3456c70e76.bundle,陳木海張延安麵店談話,Branch,#Simple,52,わかった。,알겠다.
ea5a2e5b016740416bde3a3456c70e76.bundle,陳木海張延安麵店談話,Say,ムカイ･チン,122,ああ。,그래.
ea5a2e5b016740416bde3a3456c70e76.bundle,陳木海張延安麵店談話,Branch,#Simple,53,ありがとう。,고마워.
ea5a2e5b016740416bde3a3456c70e76.bundle,陳木海張延安麵店談話,Say,ムカイ･チン,123,……礼を言われるようなことは、何もしていない。,"……인사를 받을 만한 짓은, 아무것도 안 했다."
ea5a2e5b016740416bde3a3456c70e76.bundle,陳木海張延安麵店談話,Branch,#Simple,54,……,……
ea5a2e5b016740416bde3a3456c70e76.bundle,陳木海張延安麵店談話,Say,ムカイ･チン,124,……,……
ea5a2e5b016740416bde3a3456c70e76.bundle,陳木海張延安麵店談話,Say,ムカイ･チン,125,それともう一つ、気になることがある。,"그리고 하나 더, 신경 쓰이는 게 있다."
ea5a2e5b016740416bde3a3456c70e76.bundle,陳木海張延安麵店談話,Say,ムカイ･チン,126,俺たちが自由を手にしてからというもの、俺たちの自己意識も肥大化し続けている。,"우리가 자유를 손에 넣고 나서부터, 우리의 자아의식도 계속 비대해지고 있다."
ea5a2e5b016740416bde3a3456c70e76.bundle,陳木海張延安麵店談話,Say,ムカイ･チン,127,命令に従うだけの傀儡だった俺たちは、個人的な欲望を持つようになった。,"명령을 따르기만 하던 꼭두각시였던 우리는, 개인적인 욕망을 갖게 됐다."
ea5a2e5b016740416bde3a3456c70e76.bundle,陳木海張延安麵店談話,Say,ムカイ･チン,128,それぞれ、追い求めているものは違うだろうが……,"각자, 추구하는 건 다르겠지만……"
ea5a2e5b016740416bde3a3456c70e76.bundle,陳木海張延安麵店談話,Say,ムカイ･チン,129,皆、この僥倖の束の間に、何か影響を残したいと思っているようなんだ。,"다들, 이 요행 같은 잠깐 동안에, 뭔가 영향을 남기고 싶어 하는 것 같다."
ea5a2e5b016740416bde3a3456c70e76.bundle,陳木海張延安麵店談話,Branch,#Simple,55,影響？,영향?
ea5a2e5b016740416bde3a3456c70e76.bundle,陳木海張延安麵店談話,Say,ムカイ･チン,130,周りの人、そしてこの世界にだ……,"주변 사람들, 그리고 이 세상에 말이다……"
ea5a2e5b016740416bde3a3456c70e76.bundle,陳木海張延安麵店談話,Branch,#Simple,56,……,……
ea5a2e5b016740416bde3a3456c70e76.bundle,陳木海張延安麵店談話,Say,ムカイ･チン,131,一種の証明のようなものだ。,일종의 증명 같은 것이다.
ea5a2e5b016740416bde3a3456c70e76.bundle,陳木海張延安麵店談話,Say,ムカイ･チン,132,俺たちが存在していたという証を、皆が残そうとしている。,"우리가 존재했다는 증거를, 다들 남기려 하고 있다."
ea5a2e5b016740416bde3a3456c70e76.bundle,陳木海張延安麵店談話,Say,ムカイ･チン,133,同胞よ、もしお前が大きな問題に関わっているなら……,"동포여, 만약 네가 큰 문제에 관여하고 있다면……"
ea5a2e5b016740416bde3a3456c70e76.bundle,陳木海張延安麵店談話,Say,ムカイ･チン,134,それは良いチャンスだと思う。,그건 좋은 기회라고 생각한다.
ea5a2e5b016740416bde3a3456c70e76.bundle,陳木海張延安麵店談話,Say,ムカイ･チン,135,他人から奪ってしまったこの時間が、終わりを迎えるその時まで、真剣に臨むといい。,"남한테서 빼앗아버린 이 시간이, 끝을 맞이할 그때까지, 진지하게 임하는 게 좋겠다."
ea5a2e5b016740416bde3a3456c70e76.bundle,陳木海張延安麵店談話,Say,心の声,5,……,……
ea5a2e5b016740416bde3a3456c70e76.bundle,陳木海張延安麵店談話,Say,ムカイ･チン,136,今日はここまでにしよう。,오늘은 여기까지 하자.
ea5a2e5b016740416bde3a3456c70e76.bundle,陳木海張延安麵店談話,Say,ムカイ･チン,137,お前は今日知ったすべてを忘れ、元の生活に戻る。,"너는 오늘 알게 된 모든 걸 잊고, 원래 생활로 돌아가라."
ea5a2e5b016740416bde3a3456c70e76.bundle,陳木海張延安麵店談話,Say,ムカイ･チン,138,そして、今ある生活を大事にしろ。,"그리고, 지금 있는 삶을 소중히 여겨."
ea5a2e5b016740416bde3a3456c70e76.bundle,陳木海張延安麵店談話,Say,ムカイ･チン,139,また会おう。,또 보자.
ea5a2e5b016740416bde3a3456c70e76.bundle,陳木海張延安麵店談話,Branch,#Simple,57,ああ。,그래.
ea5a2e5b016740416bde3a3456c70e76.bundle,陳木海張延安麵店談話,Branch,#Simple,58,同胞よ、気をつけろよ。,"동포여, 조심해라."
ea5a2e5b016740416bde3a3456c70e76.bundle,陳木海張延安麵店談話,Say,心の声,6,微笑んでくれた……,미소 지어줬다……
ea5a2e5b016740416bde3a3456c70e76.bundle,陳木海張延安麵店談話,Branch,#Simple,59,……,……
ea5a2e5b016740416bde3a3456c70e76.bundle,續攤隆生說明恨蔓生2(新版),Say,リュウセイ･チョウ,0,ちょっ、ジェイの兄貴！声が大きいっすよ！,"자, 잠깐 제이 형! 목소리가 커요!"
ea5a2e5b016740416bde3a3456c70e76.bundle,續攤隆生說明恨蔓生2(新版),Say,リュウセイ･チョウ,1,照れるじゃないっすか……,부끄럽잖아요……
ea5a2e5b016740416bde3a3456c70e76.bundle,續攤隆生說明恨蔓生2(新版),Branch,#Simple,0,さっきの仕返しだ。,아까 그거 복수야.
ea5a2e5b016740416bde3a3456c70e76.bundle,續攤隆生說明恨蔓生2(新版),Say,リュウセイ･チョウ,2,えっ、そうだったんすか……！,"네, 그런 거였어요……!"
ea5a2e5b016740416bde3a3456c70e76.bundle,續攤隆生說明恨蔓生2(新版),Say,リュウセイ･チョウ,3,ハハハ……それは申し訳ないっす。,하하하……그건 죄송해요.
ea5a2e5b016740416bde3a3456c70e76.bundle,續攤隆生說明恨蔓生2(新版),Branch,#Simple,1,フンッ。,흥.
ea5a2e5b016740416bde3a3456c70e76.bundle,續攤隆生說明恨蔓生2(新版),Say,リュウセイ･チョウ,4,フンッ……？,흥……?
ea5a2e5b016740416bde3a3456c70e76.bundle,續攤隆生說明恨蔓生2(新版),Say,心の声,0,なぜ怒られたかわかっていないらしい。,왜 화가 났는지 모르는 모양이다.
ea5a2e5b016740416bde3a3456c70e76.bundle,續攤隆生說明恨蔓生2(新版),Branch,#Simple,2,……,……
ea5a2e5b016740416bde3a3456c70e76.bundle,續攤隆生說明恨蔓生2(新版),Say,リュウセイ･チョウ,5,そうだ、飲み物！,"아, 맞다, 음료!"
ea5a2e5b016740416bde3a3456c70e76.bundle,續攤隆生說明恨蔓生2(新版),Say,リュウセイ･チョウ,6,ありがとうっす。,고마워요.
ea5a2e5b016740416bde3a3456c70e76.bundle,續攤隆生說明恨蔓生2(新版),Say,リュウセイ･チョウ,7,あれ？,어라?
ea5a2e5b016740416bde3a3456c70e76.bundle,續攤隆生說明恨蔓生2(新版),Say,リュウセイ･チョウ,8,僕が頼んだものじゃないっすね。,제가 시킨 거 아니네요.
ea5a2e5b016740416bde3a3456c70e76.bundle,續攤隆生說明恨蔓生2(新版),Branch,#Simple,3,すまない。,미안하다.
ea5a2e5b016740416bde3a3456c70e76.bundle,續攤隆生說明恨蔓生2(新版),Say,リュウセイ･チョウ,9,大丈夫っすよ！,괜찮아요!
ea5a2e5b016740416bde3a3456c70e76.bundle,續攤隆生說明恨蔓生2(新版),Branch,#Simple,4,どれでも同じだろ。,뭘 마셔도 똑같잖아.
ea5a2e5b016740416bde3a3456c70e76.bundle,續攤隆生說明恨蔓生2(新版),Say,リュウセイ･チョウ,10,味が全然違うっすよ……,맛이 완전 다르다고요……
ea5a2e5b016740416bde3a3456c70e76.bundle,續攤隆生說明恨蔓生2(新版),Branch,#Simple,5,店員が間違えたんだろう。,직원이 잘못 준 거겠지.
ea5a2e5b016740416bde3a3456c70e76.bundle,續攤隆生說明恨蔓生2(新版),Say,リュウセイ･チョウ,11,なるほど、そうかもしれないっすね。,"그렇네요, 그럴지도 모르겠네요."
ea5a2e5b016740416bde3a3456c70e76.bundle,續攤隆生說明恨蔓生2(新版),Branch,#Simple,6,何の話がしたかったんだ？,무슨 얘기가 하고 싶었던 거야?
ea5a2e5b016740416bde3a3456c70e76.bundle,續攤隆生說明恨蔓生2(新版),Branch,#Simple,7,お代。,값 말이야.
ea5a2e5b016740416bde3a3456c70e76.bundle,續攤隆生說明恨蔓生2(新版),Say,リュウセイ･チョウ,12,あ、後で振り込む形でもいいっすか？,"아, 나중에 이체하는 걸로 해도 돼요?"
ea5a2e5b016740416bde3a3456c70e76.bundle,續攤隆生說明恨蔓生2(新版),Branch,#Simple,8,食い逃げする気か？,먹튀할 셈이야?
ea5a2e5b016740416bde3a3456c70e76.bundle,續攤隆生說明恨蔓生2(新版),Say,リュウセイ･チョウ,13,こんな小額で、そんなことしないっすよ！,"이런 소액으로, 그런 짓 안 해요!"
ea5a2e5b016740416bde3a3456c70e76.bundle,續攤隆生說明恨蔓生2(新版),Branch,#Simple,9,わかった。,알겠다.
ea5a2e5b016740416bde3a3456c70e76.bundle,續攤隆生說明恨蔓生2(新版),Branch,#Simple,10,……,……
ea5a2e5b016740416bde3a3456c70e76.bundle,續攤隆生說明恨蔓生2(新版),Say,リュウセイ･チョウ,14,今日のオペレーションコアでのことについて、話したかったっす。,"오늘 오퍼레이션 코어에서 있었던 일에 대해서, 얘기하고 싶었어요."
ea5a2e5b016740416bde3a3456c70e76.bundle,續攤隆生說明恨蔓生2(新版),Say,リュウセイ･チョウ,15,僕、一人で入ったやつっす。,"저, 혼자 들어갔던 거요."
ea5a2e5b016740416bde3a3456c70e76.bundle,續攤隆生說明恨蔓生2(新版),Say,リュウセイ･チョウ,16,ジェイの兄貴にちゃんと理由を説明しないといけないなと思って。,제이 형한테 제대로 이유를 설명해야겠다 싶어서요.
ea5a2e5b016740416bde3a3456c70e76.bundle,續攤隆生說明恨蔓生2(新版),Say,心の声,1,その話か……,그 얘기인가……
ea5a2e5b016740416bde3a3456c70e76.bundle,續攤隆生說明恨蔓生2(新版),Say,リュウセイ･チョウ,17,それに後で教えるって約束しましたし。,게다가 나중에 알려준다고 약속했었고요.
ea5a2e5b016740416bde3a3456c70e76.bundle,續攤隆生說明恨蔓生2(新版),Say,リュウセイ･チョウ,18,……,……
ea5a2e5b016740416bde3a3456c70e76.bundle,續攤隆生說明恨蔓生2(新版),Say,リュウセイ･チョウ,19,僕が一人で入ったのは、今回のデータを先に見たかったからっす。,"제가 혼자 들어간 건, 이번 데이터를 먼저 보고 싶었기 때문이에요."
ea5a2e5b016740416bde3a3456c70e76.bundle,續攤隆生說明恨蔓生2(新版),Branch,#Simple,11,万象の弱みを握りたかったのか？,완샹의 약점을 잡고 싶었던 거야?
ea5a2e5b016740416bde3a3456c70e76.bundle,續攤隆生說明恨蔓生2(新版),Say,リュウセイ･チョウ,20,どうしてそう思ったっすか？,왜 그렇게 생각했어요?
ea5a2e5b016740416bde3a3456c70e76.bundle,續攤隆生說明恨蔓生2(新版),Branch,#Simple,12,あんたが演算力産業や万象を嫌っていたからだ。,네가 연산력 산업이나 완샹을 싫어했으니까.
ea5a2e5b016740416bde3a3456c70e76.bundle,續攤隆生說明恨蔓生2(新版),Say,リュウセイ･チョウ,21,……,……
ea5a2e5b016740416bde3a3456c70e76.bundle,續攤隆生說明恨蔓生2(新版),Say,リュウセイ･チョウ,22,確かに彼らの弱みを握りたいってのも理由の一つっす。それに、この目的自体は任務に何の影響もないはずっす。,"확실히 그놈들 약점을 잡고 싶었던 것도 이유 중 하나예요. 게다가, 이 목적 자체는 임무에 아무 영향도 없을 거예요."
ea5a2e5b016740416bde3a3456c70e76.bundle,續攤隆生說明恨蔓生2(新版),Branch,#Simple,13,だが、そのせいで急に作戦が変わった。,"하지만, 그것 때문에 갑자기 작전이 바뀌었어."
ea5a2e5b016740416bde3a3456c70e76.bundle,續攤隆生說明恨蔓生2(新版),Say,リュウセイ･チョウ,23,そうだけど、別に大した影響はなかったっすよね？,"그렇긴 한데, 딱히 큰 영향은 없었잖아요?"
ea5a2e5b016740416bde3a3456c70e76.bundle,續攤隆生說明恨蔓生2(新版),Branch,#Simple,14,確かにそれもそうだな。,확실히 그건 그렇지.
ea5a2e5b016740416bde3a3456c70e76.bundle,續攤隆生說明恨蔓生2(新版),Branch,#Simple,15,だが、そのせいで撤退するタイミングが遅れた。,"하지만, 그것 때문에 철수 타이밍이 늦어졌어."
ea5a2e5b016740416bde3a3456c70e76.bundle,續攤隆生說明恨蔓生2(新版),Say,リュウセイ･チョウ,24,ちょっと遅れただけっすよ！,조금 늦어졌을 뿐이잖아요!
ea5a2e5b016740416bde3a3456c70e76.bundle,續攤隆生說明恨蔓生2(新版),Branch,#Simple,16,だが、あんたのせいで、状況がややこしくなったのは確かだ。,"하지만, 너 때문에, 상황이 복잡해진 건 확실해."
ea5a2e5b016740416bde3a3456c70e76.bundle,續攤隆生說明恨蔓生2(新版),Branch,#Simple,17,今回はそうかもしれないが、次はどうなる？,"이번엔 그럴지 몰라도, 다음엔 어떻게 될까?"
ea5a2e5b016740416bde3a3456c70e76.bundle,續攤隆生說明恨蔓生2(新版),Say,リュウセイ･チョウ,25,……,……
ea5a2e5b016740416bde3a3456c70e76.bundle,續攤隆生說明恨蔓生2(新版),Say,リュウセイ･チョウ,26,ジェ、ジェイの兄貴が言いたいことはわかるっす。,"제, 제이 형이 하고 싶은 말은 알겠어요."
ea5a2e5b016740416bde3a3456c70e76.bundle,續攤隆生說明恨蔓生2(新版),Say,リュウセイ･チョウ,27,もう二度としないって、約束するっす。,"다시는 안 한다고, 약속할게요."
ea5a2e5b016740416bde3a3456c70e76.bundle,續攤隆生說明恨蔓生2(新版),Say,心の声,2,……,……
ea5a2e5b016740416bde3a3456c70e76.bundle,續攤隆生說明恨蔓生2(新版),Branch,#Simple,18,確かにそうだな。,확실히 그렇겠지.
ea5a2e5b016740416bde3a3456c70e76.bundle,續攤隆生說明恨蔓生2(新版),Branch,#Simple,19,……,……
ea5a2e5b016740416bde3a3456c70e76.bundle,續攤隆生說明恨蔓生2(新版),Say,リュウセイ･チョウ,28,……,……
ea5a2e5b016740416bde3a3456c70e76.bundle,續攤隆生說明恨蔓生2(新版),Say,リュウセイ･チョウ,29,ジェイの兄貴の推測、スイ姉みたいっすね……,"제이 형의 추측, 스이 누나 같네요……"
ea5a2e5b016740416bde3a3456c70e76.bundle,續攤隆生說明恨蔓生2(新版),Branch,#Simple,20,彼女から聞いたんだ。,그 여자한테서 들었어.
ea5a2e5b016740416bde3a3456c70e76.bundle,續攤隆生說明恨蔓生2(新版),Branch,#Simple,21,彼女は関係ない。,그 여자는 상관없어.
ea5a2e5b016740416bde3a3456c70e76.bundle,續攤隆生說明恨蔓生2(新版),Say,リュウセイ･チョウ,30,そうっすか。,그렇군요.
ea5a2e5b016740416bde3a3456c70e76.bundle,續攤隆生說明恨蔓生2(新版),Branch,#Simple,22,……,……
ea5a2e5b016740416bde3a3456c70e76.bundle,續攤隆生說明恨蔓生2(新版),Say,リュウセイ･チョウ,31,……,……
ea5a2e5b016740416bde3a3456c70e76.bundle,續攤隆生說明恨蔓生2(新版),Say,リュウセイ･チョウ,32,実は万象の弱みを握ることが、僕の一番の目的ではないっす。,"실은 완샹의 약점을 잡는 게, 제 첫 번째 목적은 아니에요."
ea5a2e5b016740416bde3a3456c70e76.bundle,續攤隆生說明恨蔓生2(新版),Say,リュウセイ･チョウ,33,僕が一人でデータを見ようとしたのは、絶対にスイ姉はデータを見せてくれないと思ったからっす。,"제가 혼자 데이터를 보려고 했던 건, 스이 누나가 절대 데이터를 안 보여줄 거라고 생각했기 때문이에요."
ea5a2e5b016740416bde3a3456c70e76.bundle,續攤隆生說明恨蔓生2(新版),Branch,#Simple,23,スイ･ニンから聞いた。,스이 닌한테서 들었어.
ea5a2e5b016740416bde3a3456c70e76.bundle,續攤隆生說明恨蔓生2(新版),Say,リュウセイ･チョウ,34,スイ姉がそんなことを……！？,스이 누나가 그런 소리를……!?
ea5a2e5b016740416bde3a3456c70e76.bundle,續攤隆生說明恨蔓生2(新版),Say,リュウセイ･チョウ,35,僕が一人でオペレーションコアに入ることを、予測してたってことっすか？,"제가 혼자 오퍼레이션 코어에 들어갈 걸, 예측하고 있었다는 거예요?"
ea5a2e5b016740416bde3a3456c70e76.bundle,續攤隆生說明恨蔓生2(新版),Branch,#Simple,24,そうみたいだ。,그런 것 같아.
ea5a2e5b016740416bde3a3456c70e76.bundle,續攤隆生說明恨蔓生2(新版),Say,リュウセイ･チョウ,36,じゃ、僕が一人で入ったことを言ったっすか？,"그럼, 제가 혼자 들어간 것도 말했어요?"
ea5a2e5b016740416bde3a3456c70e76.bundle,續攤隆生說明恨蔓生2(新版),Branch,#Simple,25,ああ、彼女に言った。,"그래, 그 여자한테 말했어."
ea5a2e5b016740416bde3a3456c70e76.bundle,續攤隆生說明恨蔓生2(新版),Say,リュウセイ･チョウ,37,……,……
ea5a2e5b016740416bde3a3456c70e76.bundle,續攤隆生說明恨蔓生2(新版),Say,リュウセイ･チョウ,38,ジェイの兄貴は言うって言ってたっすもんね。,제이 형은 말한다고 했었으니까요.
ea5a2e5b016740416bde3a3456c70e76.bundle,續攤隆生說明恨蔓生2(新版),Say,リュウセイ･チョウ,39,さすがに勝手に行動した僕からは、言わないでとは、頼めないですし……,"아무래도 멋대로 행동한 저로서는, 말하지 말아달라고, 부탁할 수도 없고……"
ea5a2e5b016740416bde3a3456c70e76.bundle,續攤隆生說明恨蔓生2(新版),Say,心の声,3,そうは言っているが、不満がうかがえる……,"그렇게 말은 하지만, 불만이 엿보인다……"
ea5a2e5b016740416bde3a3456c70e76.bundle,續攤隆生說明恨蔓生2(新版),Branch,#Simple,26,俺のやり方に文句があるのか？,내 방식에 불만이 있는 거야?
ea5a2e5b016740416bde3a3456c70e76.bundle,續攤隆生說明恨蔓生2(新版),Say,リュウセイ･チョウ,40,……いいえ。,……아뇨.
ea5a2e5b016740416bde3a3456c70e76.bundle,續攤隆生說明恨蔓生2(新版),Branch,#Simple,27,すまない。だが、これが正しいと思う。,"미안해. 근데, 이게 옳다고 생각해."
ea5a2e5b016740416bde3a3456c70e76.bundle,續攤隆生說明恨蔓生2(新版),Say,リュウセイ･チョウ,41,正しい……,옳다……
ea5a2e5b016740416bde3a3456c70e76.bundle,續攤隆生說明恨蔓生2(新版),Say,リュウセイ･チョウ,42,またスイ姉が言いそうな言葉っすね……,또 스이 누나가 할 법한 말이네요……
ea5a2e5b016740416bde3a3456c70e76.bundle,續攤隆生說明恨蔓生2(新版),Branch,#Simple,28,……,……
ea5a2e5b016740416bde3a3456c70e76.bundle,續攤隆生說明恨蔓生2(新版),Say,リュウセイ･チョウ,43,……,……
ea5a2e5b016740416bde3a3456c70e76.bundle,續攤隆生說明恨蔓生2(新版),Say,リュウセイ･チョウ,44,はぁ……,하아……
ea5a2e5b016740416bde3a3456c70e76.bundle,續攤隆生說明恨蔓生2(新版),Say,リュウセイ･チョウ,45,問題を起こしたのは僕ですし、謝るのはこっちっす……,"문제를 일으킨 건 저고, 사과해야 할 건 저예요……"
ea5a2e5b016740416bde3a3456c70e76.bundle,續攤隆生說明恨蔓生2(新版),Say,リュウセイ･チョウ,46,それにジェイの兄貴は、スイ姉に伝えたことを隠さずに教えてくれた……,"게다가 제이 형은, 스이 누나한테 전한 걸 숨기지 않고 알려줬고……"
ea5a2e5b016740416bde3a3456c70e76.bundle,續攤隆生說明恨蔓生2(新版),Say,リュウセイ･チョウ,47,迷惑をかけてすみません。,폐를 끼쳐서 죄송해요.
ea5a2e5b016740416bde3a3456c70e76.bundle,續攤隆生說明恨蔓生2(新版),Branch,#Simple,29,気にするな。,신경 쓰지 마.
ea5a2e5b016740416bde3a3456c70e76.bundle,續攤隆生說明恨蔓生2(新版),Branch,#Simple,30,隠すのは良くないと思ったんだ、すまない。,"숨기는 건 안 좋다고 생각했어, 미안해."
ea5a2e5b016740416bde3a3456c70e76.bundle,續攤隆生說明恨蔓生2(新版),Say,リュウセイ･チョウ,48,いえ、ジェイの兄貴は正しいっす。,"아뇨, 제이 형이 맞아요."
ea5a2e5b016740416bde3a3456c70e76.bundle,續攤隆生說明恨蔓生2(新版),Branch,#Simple,31,……,……
ea5a2e5b016740416bde3a3456c70e76.bundle,續攤隆生說明恨蔓生2(新版),Say,リュウセイ･チョウ,49,……,……
ea5a2e5b016740416bde3a3456c70e76.bundle,續攤隆生說明恨蔓生2(新版),Say,リュウセイ･チョウ,50,僕が一人でデータを見ようとしたのは、絶対にスイ姉はデータを見せてくれないと思ったからっす。,"제가 혼자 데이터를 보려고 했던 건, 스이 누나가 절대 데이터를 안 보여줄 거라고 생각했기 때문이에요."
ea5a2e5b016740416bde3a3456c70e76.bundle,續攤隆生說明恨蔓生2(新版),Say,リュウセイ･チョウ,51,約束してくれてたのに！,약속해줬었는데!
ea5a2e5b016740416bde3a3456c70e76.bundle,續攤隆生說明恨蔓生2(新版),Say,リュウセイ･チョウ,52,酷いっす……！,너무해요……!
ea5a2e5b016740416bde3a3456c70e76.bundle,續攤隆生說明恨蔓生2(新版),Branch,#Simple,32,言うべきだと思ったから、言ったんだ。,"말해야 한다고 생각했으니까, 말한 거야."
ea5a2e5b016740416bde3a3456c70e76.bundle,續攤隆生說明恨蔓生2(新版),Branch,#Simple,33,あんたのせいで問題が起きたら、どうする？,"너 때문에 문제가 생기면, 어떡할 건데?"
ea5a2e5b016740416bde3a3456c70e76.bundle,續攤隆生說明恨蔓生2(新版),Branch,#Simple,34,すまない。だが、言うべきだと思ったんだ。,"미안해. 근데, 말해야 한다고 생각했어."
ea5a2e5b016740416bde3a3456c70e76.bundle,續攤隆生說明恨蔓生2(新版),Say,リュウセイ･チョウ,53,それなら、最初から約束しないでほしいっす！,"그럴 거면, 처음부터 약속을 하지 말지 그랬어요!"
ea5a2e5b016740416bde3a3456c70e76.bundle,續攤隆生說明恨蔓生2(新版),Branch,#Simple,35,すまない、リュウセイ。,"미안해, 류세이."
ea5a2e5b016740416bde3a3456c70e76.bundle,續攤隆生說明恨蔓生2(新版),Say,リュウセイ･チョウ,54,約束してくれたのに、守らないなんて酷いっす！,"약속해놓고, 안 지키다니 너무해요!"
ea5a2e5b016740416bde3a3456c70e76.bundle,續攤隆生說明恨蔓生2(新版),Say,リュウセイ･チョウ,55,ぼ、僕は……,"저, 저는……"
ea5a2e5b016740416bde3a3456c70e76.bundle,續攤隆生說明恨蔓生2(新版),Branch,#Simple,36,スイ･ニンに秘密にして、何か問題が起きたらどうするんだ！,"스이 닌한테 비밀로 했다가, 무슨 문제라도 생기면 어떡할 거야!"
ea5a2e5b016740416bde3a3456c70e76.bundle,續攤隆生說明恨蔓生2(新版),Branch,#Simple,37,冷静に考えて、スイ･ニンに教えた方が正しいと思ったんだ。,"냉정하게 생각해서, 스이 닌한테 알리는 게 옳다고 생각했어."
ea5a2e5b016740416bde3a3456c70e76.bundle,續攤隆生說明恨蔓生2(新版),Say,リュウセイ･チョウ,56,それもスイ姉が言いそうな言葉っすね……,그것도 스이 누나가 할 법한 말이네요……
ea5a2e5b016740416bde3a3456c70e76.bundle,續攤隆生說明恨蔓生2(新版),Branch,#Simple,38,……,……
ea5a2e5b016740416bde3a3456c70e76.bundle,續攤隆生說明恨蔓生2(新版),Say,リュウセイ･チョウ,57,ジェイの兄貴もスイ姉と同じく、僕を信じてくれないんすね。,"제이 형도 스이 누나랑 똑같이, 저를 안 믿어주는 거네요."
ea5a2e5b016740416bde3a3456c70e76.bundle,續攤隆生說明恨蔓生2(新版),Branch,#Simple,39,スイ･ニンはあんたを信用してないのか？,스이 닌은 너를 신용 안 해?
ea5a2e5b016740416bde3a3456c70e76.bundle,續攤隆生說明恨蔓生2(新版),Say,リュウセイ･チョウ,58,そうっすよ！,그렇다니까요!
ea5a2e5b016740416bde3a3456c70e76.bundle,續攤隆生說明恨蔓生2(新版),Branch,#Simple,40,これは信じる信じないの問題じゃないと思う。,이건 믿고 안 믿고의 문제가 아니라고 생각해.
ea5a2e5b016740416bde3a3456c70e76.bundle,續攤隆生說明恨蔓生2(新版),Say,リュウセイ･チョウ,59,信じるかどうかの問題っすよ！,믿느냐 안 믿느냐의 문제라고요!
ea5a2e5b016740416bde3a3456c70e76.bundle,續攤隆生說明恨蔓生2(新版),Branch,#Simple,41,……,……
ea5a2e5b016740416bde3a3456c70e76.bundle,續攤隆生說明恨蔓生2(新版),Say,心の声,4,感情的になっている……,감정적이 되고 있다……
ea5a2e5b016740416bde3a3456c70e76.bundle,續攤隆生說明恨蔓生2(新版),Say,リュウセイ･チョウ,60,信じてくれないなら、僕も言うことはないっす。,"안 믿어준다면, 저도 할 말 없어요."
ea5a2e5b016740416bde3a3456c70e76.bundle,續攤隆生說明恨蔓生2(新版),Say,リュウセイ･チョウ,61,帰ります。,갈게요.
ea5a2e5b016740416bde3a3456c70e76.bundle,續攤隆生說明恨蔓生2(新版),Branch,#Simple,42,結局、どうして一人で入ったんだ？,"결국, 왜 혼자 들어간 거야?"
ea5a2e5b016740416bde3a3456c70e76.bundle,續攤隆生說明恨蔓生2(新版),Say,リュウセイ･チョウ,62,そんなのどうでもいいっす！どうせ聞いたって僕の話を信じてくれないっすから。,그런 건 아무래도 상관없어요! 어차피 물어봐도 제 얘기를 안 믿어줄 테니까요.
ea5a2e5b016740416bde3a3456c70e76.bundle,續攤隆生說明恨蔓生2(新版),Branch,#Simple,43,リュウセイ。約束を破ってしまい、すまなかった。,"류세이. 약속을 깨버려서, 미안했어."
ea5a2e5b016740416bde3a3456c70e76.bundle,續攤隆生說明恨蔓生2(新版),Say,リュウセイ･チョウ,63,……スイ姉に隠すべきじゃないと思っているのに、謝るっすか？,"……스이 누나한테 숨기면 안 된다고 생각하면서도, 사과하는 거예요?"
ea5a2e5b016740416bde3a3456c70e76.bundle,續攤隆生說明恨蔓生2(新版),Branch,#Simple,44,謝った方があんたも冷静になれると思ったんだ。,사과하는 게 너도 냉정해질 수 있을 거라고 생각했어.
ea5a2e5b016740416bde3a3456c70e76.bundle,續攤隆生說明恨蔓生2(新版),Say,リュウセイ･チョウ,64,……,……
ea5a2e5b016740416bde3a3456c70e76.bundle,續攤隆生說明恨蔓生2(新版),Branch,#Simple,45,隠すべきではないと思うが、言わないと約束したのも確かだ。,"숨겨서는 안 된다고 생각하지만, 말 안 하겠다고 약속했던 것도 사실이야."
ea5a2e5b016740416bde3a3456c70e76.bundle,續攤隆生說明恨蔓生2(新版),Branch,#Simple,46,正しいことをしたとは思っているが、約束を破ったのも確かだ。,"옳은 일을 했다고는 생각하지만, 약속을 깬 것도 사실이야."
ea5a2e5b016740416bde3a3456c70e76.bundle,續攤隆生說明恨蔓生2(新版),Branch,#Simple,47,……,……
ea5a2e5b016740416bde3a3456c70e76.bundle,續攤隆生說明恨蔓生2(新版),Say,リュウセイ･チョウ,65,お先に失礼します。,먼저 실례할게요.
ea5a2e5b016740416bde3a3456c70e76.bundle,續攤隆生說明恨蔓生2(新版),Say,心の声,5,……,……
ea5a2e5b016740416bde3a3456c70e76.bundle,續攤隆生說明恨蔓生2(新版),Say,心の声,6,怒らせてしまった……,화나게 해버렸다……
ea5a2e5b016740416bde3a3456c70e76.bundle,續攤隆生說明恨蔓生2(新版),Say,心の声,7,だが俺は……,하지만 나는……
ea5a2e5b016740416bde3a3456c70e76.bundle,續攤隆生說明恨蔓生2(新版),Say,心の声,8,……,……
ea5a2e5b016740416bde3a3456c70e76.bundle,續攤隆生說明恨蔓生2(新版),Say,心の声,9,……帰るか。,……돌아갈까.
ea5a2e5b016740416bde3a3456c70e76.bundle,續攤隆生說明恨蔓生2(新版),Branch,#Simple,48,言ってないから、安心しろ。,"말 안 했으니까, 안심해."
ea5a2e5b016740416bde3a3456c70e76.bundle,續攤隆生說明恨蔓生2(新版),Say,心の声,10,今は黙っておくべきか……,지금은 입 다물고 있어야 하나……
ea5a2e5b016740416bde3a3456c70e76.bundle,續攤隆生說明恨蔓生2(新版),Say,リュウセイ･チョウ,66,でもエレベーターにいた時は、隠すつもりはないって言ってたっすよね……？,"근데 엘리베이터에 있을 때는, 숨길 생각 없다고 했었잖아요……?"
ea5a2e5b016740416bde3a3456c70e76.bundle,續攤隆生說明恨蔓生2(新版),Branch,#Simple,49,気が変わったんだ。,마음이 바뀌었어.
ea5a2e5b016740416bde3a3456c70e76.bundle,續攤隆生說明恨蔓生2(新版),Say,リュウセイ･チョウ,67,そ、そうっすか……,"그, 그런가요……"
ea5a2e5b016740416bde3a3456c70e76.bundle,續攤隆生說明恨蔓生2(新版),Branch,#Simple,50,ああ、本当は言ったんだ。,"그래, 사실은 말했어."
ea5a2e5b016740416bde3a3456c70e76.bundle,續攤隆生說明恨蔓生2(新版),Say,リュウセイ･チョウ,68,流石はジェイの兄貴、約束をちゃんと守ってくれたんすね！,"역시 제이 형, 약속을 제대로 지켜주셨네요!"
ea5a2e5b016740416bde3a3456c70e76.bundle,續攤隆生說明恨蔓生2(新版),Say,心の声,11,本当に騙していいのか……,정말로 속여도 되는 건가……
ea5a2e5b016740416bde3a3456c70e76.bundle,續攤隆生說明恨蔓生2(新版),Branch,#Simple,51,すまない、リュウセイ。本当はスイ･ニンに言ったんだ。,"미안해, 류세이. 사실은 스이 닌한테 말했어."
ea5a2e5b016740416bde3a3456c70e76.bundle,續攤隆生說明恨蔓生2(新版),Say,リュウセイ･チョウ,69,えっ……？,네……?
ea5a2e5b016740416bde3a3456c70e76.bundle,續攤隆生說明恨蔓生2(新版),Branch,#Simple,52,……,……
ea5a2e5b016740416bde3a3456c70e76.bundle,續攤隆生說明恨蔓生2(新版),Say,リュウセイ･チョウ,70,……,……
ea5a2e5b016740416bde3a3456c70e76.bundle,續攤隆生說明恨蔓生2(新版),Say,リュウセイ･チョウ,71,僕が一人でデータを見ようとしたのは、絶対にスイ姉はデータを見せてくれないと思ったからっす。,"제가 혼자 데이터를 보려고 했던 건, 스이 누나가 절대 데이터를 안 보여줄 거라고 생각했기 때문이에요."
ea5a2e5b016740416bde3a3456c70e76.bundle,續攤隆生說明恨蔓生2(新版),Branch,#Simple,53,いや、それはあんたの考えすぎだ。,"아니, 그건 네 지나친 생각이야."
ea5a2e5b016740416bde3a3456c70e76.bundle,續攤隆生說明恨蔓生2(新版),Say,リュウセイ･チョウ,72,そ、そうっすよね。いくらスイ姉でも、そんなのわかるわけないっすもんね。,"그, 그렇죠. 아무리 스이 누나라도, 그런 걸 알 리가 없죠."
ea5a2e5b016740416bde3a3456c70e76.bundle,續攤隆生說明恨蔓生2(新版),Say,心の声,12,黙っておくべきか……,입 다물고 있어야 하나……
ea5a2e5b016740416bde3a3456c70e76.bundle,續攤隆生說明恨蔓生2(新版),Say,リュウセイ･チョウ,73,僕が一人でデータを見ようとしたのは、絶対にスイ姉はデータを見せてくれないと思ったからっす。,"제가 혼자 데이터를 보려고 했던 건, 스이 누나가 절대 데이터를 안 보여줄 거라고 생각했기 때문이에요."
ea5a2e5b016740416bde3a3456c70e76.bundle,續攤隆生說明恨蔓生2(新版),Branch,#Simple,54,……,……
ea5a2e5b016740416bde3a3456c70e76.bundle,續攤隆生說明恨蔓生2(新版),Say,リュウセイ･チョウ,74,僕がそうしたのは、スイ姉は絶対にデータを見せてくれないと、わかっていたからっす。,"제가 그렇게 한 건, 스이 누나가 절대로 데이터를 안 보여줄 거라는 걸, 알고 있었기 때문이에요."
ea5a2e5b016740416bde3a3456c70e76.bundle,續攤隆生說明恨蔓生2(新版),Say,心の声,13,リュウセイの顔が引きつっている……？,류세이의 얼굴이 굳어 있다……?
ea5a2e5b016740416bde3a3456c70e76.bundle,續攤隆生說明恨蔓生2(新版),Say,リュウセイ･チョウ,75,僕はただ、怪しいデータを探したかっただけっす。,"저는 그냥, 수상한 데이터를 찾고 싶었을 뿐이에요."
ea5a2e5b016740416bde3a3456c70e76.bundle,續攤隆生說明恨蔓生2(新版),Say,リュウセイ･チョウ,76,23姉はプライベート侵害の件で、オペレーションコアのデータを調べるのを、あまり快く思っていないっす。,"23 누나는 사생활 침해 문제로, 오퍼레이션 코어 데이터를 뒤지는 걸, 그렇게 달가워하지 않아요."
ea5a2e5b016740416bde3a3456c70e76.bundle,續攤隆生說明恨蔓生2(新版),Say,リュウセイ･チョウ,77,だから彼女が、個人情報に関するデータを確認していない可能性を考えたっす。,"그래서 그 사람이, 개인 정보 관련 데이터를 확인 안 했을 가능성을 생각했어요."
ea5a2e5b016740416bde3a3456c70e76.bundle,續攤隆生說明恨蔓生2(新版),Say,リュウセイ･チョウ,78,僕はただその部分を確認して、漏れがないかを確かめたかっただけっす。,"저는 그냥 그 부분을 확인해서, 빠진 게 없나 확인하고 싶었을 뿐이에요."
ea5a2e5b016740416bde3a3456c70e76.bundle,續攤隆生說明恨蔓生2(新版),Say,リュウセイ･チョウ,79,万象みたいなクズと戦うには、徹底した調査が必要だと思うっす。,"완샹 같은 쓰레기랑 싸우려면, 철저한 조사가 필요하다고 생각해요."
ea5a2e5b016740416bde3a3456c70e76.bundle,續攤隆生說明恨蔓生2(新版),Branch,#Simple,55,なぜ俺に言わなかった？,왜 나한테 말 안 한 거야?
ea5a2e5b016740416bde3a3456c70e76.bundle,續攤隆生說明恨蔓生2(新版),Say,リュウセイ･チョウ,80,説明するには、時間がかかると思ったからっす。,"설명하려면, 시간이 걸릴 거라고 생각했으니까요."
ea5a2e5b016740416bde3a3456c70e76.bundle,續攤隆生說明恨蔓生2(新版),Say,リュウセイ･チョウ,81,もしジェイの兄貴に反対されて、その場で口論になる方が危険だと思ったっす。,"만약 제이 형이 반대해서, 그 자리에서 말싸움이 되는 게 더 위험하다고 생각했어요."
ea5a2e5b016740416bde3a3456c70e76.bundle,續攤隆生說明恨蔓生2(新版),Branch,#Simple,56,なら、なぜ俺を同行させなかった？,"그럼, 왜 나를 동행시키지 않은 거야?"
ea5a2e5b016740416bde3a3456c70e76.bundle,續攤隆生說明恨蔓生2(新版),Say,リュウセイ･チョウ,82,データを見るには時間がかかるっす。だから、誰かが外で見張っていた方が安全だと思ったっす。,"데이터를 보려면 시간이 걸려요. 그러니까, 누군가 밖에서 망을 보는 게 안전하다고 생각했어요."
ea5a2e5b016740416bde3a3456c70e76.bundle,續攤隆生說明恨蔓生2(新版),Branch,#Simple,57,そのデータは、見るべきではない。,"그 데이터는, 보지 말았어야 해."
ea5a2e5b016740416bde3a3456c70e76.bundle,續攤隆生說明恨蔓生2(新版),Say,リュウセイ･チョウ,83,で、でも、僕たちは、無限の資源と力を兼ね備えた、欲深い悪の企業と戦っているっす！,"그, 근데, 저희는, 무한한 자원이랑 힘을 갖춘, 탐욕스러운 악의 기업이랑 싸우고 있잖아요!"
ea5a2e5b016740416bde3a3456c70e76.bundle,續攤隆生說明恨蔓生2(新版),Say,リュウセイ･チョウ,84,手を汚さずに倒すなんて夢物語っすよ。,손 안 더럽히고 쓰러뜨리다니 헛된 꿈이라고요.
ea5a2e5b016740416bde3a3456c70e76.bundle,續攤隆生說明恨蔓生2(新版),Say,リュウセイ･チョウ,85,それに、僕も別にそのデータを悪用したかったわけじゃないっす。,"게다가, 저도 딱히 그 데이터를 악용하고 싶었던 건 아니에요."
ea5a2e5b016740416bde3a3456c70e76.bundle,續攤隆生說明恨蔓生2(新版),Branch,#Simple,58,万象のやってることと、何が違うんだ？,"완샹이 하는 짓이랑, 뭐가 다른데?"
ea5a2e5b016740416bde3a3456c70e76.bundle,續攤隆生說明恨蔓生2(新版),Say,リュウセイ･チョウ,86,違うっすよ！僕は彼らと違って、データを使って悪事を働く気はないっす。,"다르다고요! 저는 그놈들이랑 달리, 데이터로 나쁜 짓을 할 생각은 없어요."
ea5a2e5b016740416bde3a3456c70e76.bundle,續攤隆生說明恨蔓生2(新版),Say,リュウセイ･チョウ,87,……,……
ea5a2e5b016740416bde3a3456c70e76.bundle,續攤隆生說明恨蔓生2(新版),Branch,#Simple,59,確かに必要悪だ。,확실히 필요악이지.
ea5a2e5b016740416bde3a3456c70e76.bundle,續攤隆生說明恨蔓生2(新版),Say,リュウセイ･チョウ,88,そうっすよね。,그렇죠.
ea5a2e5b016740416bde3a3456c70e76.bundle,續攤隆生說明恨蔓生2(新版),Branch,#Simple,60,見てはいけないデータを見たことが、悪事だ。,"보면 안 되는 데이터를 본 것 자체가, 나쁜 짓이야."
ea5a2e5b016740416bde3a3456c70e76.bundle,續攤隆生說明恨蔓生2(新版),Say,リュウセイ･チョウ,89,正しいことをするために、多少の悪事を働いただけっす。それの何がだめっすか？,"옳은 일을 하기 위해서, 다소 나쁜 짓을 한 것뿐이에요. 그게 뭐가 문제예요?"
ea5a2e5b016740416bde3a3456c70e76.bundle,續攤隆生說明恨蔓生2(新版),Branch,#Simple,61,良し悪しは状況による。これはとても複雑な問題なんだ。,옳고 그름은 상황에 따라 달라. 이건 아주 복잡한 문제야.
ea5a2e5b016740416bde3a3456c70e76.bundle,續攤隆生說明恨蔓生2(新版),Say,リュウセイ･チョウ,90,じゃ、こんな状況下でもだめってことっすか？,"그럼, 이런 상황에서도 안 된다는 거예요?"
ea5a2e5b016740416bde3a3456c70e76.bundle,續攤隆生說明恨蔓生2(新版),Branch,#Simple,62,だめだ。,안 돼.
ea5a2e5b016740416bde3a3456c70e76.bundle,續攤隆生說明恨蔓生2(新版),Say,リュウセイ･チョウ,91,23姉と同じ考えっすね……,23 누나랑 같은 생각이네요……
ea5a2e5b016740416bde3a3456c70e76.bundle,續攤隆生說明恨蔓生2(新版),Say,心の声,14,不満げな言い方だ。,불만스러운 말투다.
ea5a2e5b016740416bde3a3456c70e76.bundle,續攤隆生說明恨蔓生2(新版),Branch,#Simple,63,この状況下では許されると思う。,이런 상황에서는 허용된다고 생각해.
ea5a2e5b016740416bde3a3456c70e76.bundle,續攤隆生說明恨蔓生2(新版),Branch,#Simple,64,わからない。,모르겠어.
ea5a2e5b016740416bde3a3456c70e76.bundle,續攤隆生說明恨蔓生2(新版),Say,リュウセイ･チョウ,92,僕は良いと判断したっす。,저는 괜찮다고 판단했어요.
ea5a2e5b016740416bde3a3456c70e76.bundle,續攤隆生說明恨蔓生2(新版),Branch,#Simple,65,だめだ。,안 돼.
ea5a2e5b016740416bde3a3456c70e76.bundle,續攤隆生說明恨蔓生2(新版),Say,リュウセイ･チョウ,93,23姉と同じ考えっすね……,23 누나랑 같은 생각이네요……
ea5a2e5b016740416bde3a3456c70e76.bundle,續攤隆生說明恨蔓生2(新版),Say,心の声,15,不満げな言い方だ。,불만스러운 말투다.
ea5a2e5b016740416bde3a3456c70e76.bundle,續攤隆生說明恨蔓生2(新版),Branch,#Simple,66,……,……
ea5a2e5b016740416bde3a3456c70e76.bundle,續攤隆生說明恨蔓生2(新版),Branch,#Simple,67,……,……
ea5a2e5b016740416bde3a3456c70e76.bundle,續攤隆生說明恨蔓生2(新版),Say,リュウセイ･チョウ,94,でも結局、僕は何も見つけられなかった。,"근데 결국, 저는 아무것도 못 찾았어요."
ea5a2e5b016740416bde3a3456c70e76.bundle,續攤隆生說明恨蔓生2(新版),Say,心の声,16,あんな短時間で、探し求めているデータを見つけられるわけないだろう……,"그런 짧은 시간에, 찾고 있는 데이터를 찾을 수 있을 리가 없잖아……"
ea5a2e5b016740416bde3a3456c70e76.bundle,續攤隆生說明恨蔓生2(新版),Branch,#Simple,68,なぜあの短時間で探せると思ったんだ？,왜 그 짧은 시간에 찾을 수 있다고 생각한 거야?
ea5a2e5b016740416bde3a3456c70e76.bundle,續攤隆生說明恨蔓生2(新版),Say,リュウセイ･チョウ,95,そもそも行き当たりばったりで、やってみただけっすから……,"애초에 무작정, 해본 것뿐이니까요……"
ea5a2e5b016740416bde3a3456c70e76.bundle,續攤隆生說明恨蔓生2(新版),Branch,#Simple,69,つまり無駄だったと言うことか？,그러니까 헛수고였다는 거야?
ea5a2e5b016740416bde3a3456c70e76.bundle,續攤隆生說明恨蔓生2(新版),Say,リュウセイ･チョウ,96,はい。,네.
ea5a2e5b016740416bde3a3456c70e76.bundle,續攤隆生說明恨蔓生2(新版),Branch,#Simple,70,……,……
ea5a2e5b016740416bde3a3456c70e76.bundle,續攤隆生說明恨蔓生2(新版),Say,リュウセイ･チョウ,97,あ！でもいくつかの通信記録を見つけたっす。,아! 근데 통신 기록을 몇 개 찾았어요.
ea5a2e5b016740416bde3a3456c70e76.bundle,續攤隆生說明恨蔓生2(新版),Say,リュウセイ･チョウ,98,万象の上層部は、狙われていることに、すでに気づいているみたいっす。,"완샹 상층부는, 표적이 되고 있다는 걸, 이미 눈치챈 것 같아요."
ea5a2e5b016740416bde3a3456c70e76.bundle,續攤隆生說明恨蔓生2(新版),Say,リュウセイ･チョウ,99,僕が見た通信記録には……,제가 본 통신 기록에는……
ea5a2e5b016740416bde3a3456c70e76.bundle,續攤隆生說明恨蔓生2(新版),Say,リュウセイ･チョウ,100,「近々、誰かが潜入し、情報を盗みに来る」と書かれていたっす。,"'조만간, 누군가 잠입해서, 정보를 훔치러 온다'고 쓰여 있었어요."
ea5a2e5b016740416bde3a3456c70e76.bundle,續攤隆生說明恨蔓生2(新版),Say,リュウセイ･チョウ,101,これって僕らのことじゃないっすよね？,이거 저희 얘기 아니겠죠?
ea5a2e5b016740416bde3a3456c70e76.bundle,續攤隆生說明恨蔓生2(新版),Branch,#Simple,71,俺たちの情報が漏れていたのか？,우리 정보가 새어 나가고 있었던 건가?
ea5a2e5b016740416bde3a3456c70e76.bundle,續攤隆生說明恨蔓生2(新版),Say,リュウセイ･チョウ,102,これは漏れていたってことになるのか……？,이건 새어 나가고 있었다는 게 되는 건가……?
ea5a2e5b016740416bde3a3456c70e76.bundle,續攤隆生說明恨蔓生2(新版),Say,リュウセイ･チョウ,103,スイ姉がリンさんを助けた時には、万象はすでに何者かが邪魔していることを知っていたはずっす。,"스이 누나가 린 씨를 구했을 때는, 완샹이 이미 누군가가 방해하고 있다는 걸 알고 있었을 거예요."
ea5a2e5b016740416bde3a3456c70e76.bundle,續攤隆生說明恨蔓生2(新版),Say,リュウセイ･チョウ,104,その「何者か」が誰なのかは、彼らも知らないはずっすよ。,"그 '누군가'가 누구인지는, 그놈들도 모를 거예요."
ea5a2e5b016740416bde3a3456c70e76.bundle,續攤隆生說明恨蔓生2(新版),Say,リュウセイ･チョウ,105,スイ姉たちの調査がフクロウに知られていないなら、万象も知る故がないと思うっす。,"스이 누나 조사가 부엉이한테도 안 알려져 있다면, 완샹도 알 리가 없다고 생각해요."
ea5a2e5b016740416bde3a3456c70e76.bundle,續攤隆生說明恨蔓生2(新版),Branch,#Simple,72,そうだな。,그렇지.
ea5a2e5b016740416bde3a3456c70e76.bundle,續攤隆生說明恨蔓生2(新版),Branch,#Simple,73,だが、彼らは俺たちが潜入することを知ってた。,"근데, 그놈들은 우리가 잠입할 걸 알고 있었어."
ea5a2e5b016740416bde3a3456c70e76.bundle,續攤隆生說明恨蔓生2(新版),Say,リュウセイ･チョウ,106,知ってたっていうより、警戒してただけかもしれないっすよ。,"알고 있었다기보다는, 그냥 경계하고 있었던 것뿐일지도 몰라요."
ea5a2e5b016740416bde3a3456c70e76.bundle,續攤隆生說明恨蔓生2(新版),Branch,#Simple,74,それもそうだな。,그럴 만도 하지.
ea5a2e5b016740416bde3a3456c70e76.bundle,續攤隆生說明恨蔓生2(新版),Branch,#Simple,75,警備員は誰かが監察員に扮してやって来ることを知っていた。,경비원은 누군가가 감찰원으로 위장해서 올 걸 알고 있었어.
ea5a2e5b016740416bde3a3456c70e76.bundle,續攤隆生說明恨蔓生2(新版),Say,リュウセイ･チョウ,107,でも僕たちは結局、プロジェクトマネージャーに扮したっすよ？,"근데 저희는 결국, 프로젝트 매니저로 위장했잖아요?"
ea5a2e5b016740416bde3a3456c70e76.bundle,續攤隆生說明恨蔓生2(新版),Say,リュウセイ･チョウ,108,あっ……！,아……!
ea5a2e5b016740416bde3a3456c70e76.bundle,續攤隆生說明恨蔓生2(新版),Say,リュウセイ･チョウ,109,スイ姉が直前に変えたから……！,스이 누나가 직전에 바꿨으니까……!
ea5a2e5b016740416bde3a3456c70e76.bundle,續攤隆生說明恨蔓生2(新版),Say,リュウセイ･チョウ,110,まさか本当に……,설마 진짜로……
ea5a2e5b016740416bde3a3456c70e76.bundle,續攤隆生說明恨蔓生2(新版),Branch,#Simple,76,ほらな。,거 봐라.
ea5a2e5b016740416bde3a3456c70e76.bundle,續攤隆生說明恨蔓生2(新版),Branch,#Simple,77,結論を急ぐな。,결론을 서두르지 마.
ea5a2e5b016740416bde3a3456c70e76.bundle,續攤隆生說明恨蔓生2(新版),Branch,#Simple,78,きっと、どこからか情報が漏れているんだ。,"분명, 어딘가에서 정보가 새고 있는 거야."
ea5a2e5b016740416bde3a3456c70e76.bundle,續攤隆生說明恨蔓生2(新版),Branch,#Simple,79,……,……
ea5a2e5b016740416bde3a3456c70e76.bundle,續攤隆生說明恨蔓生2(新版),Say,リュウセイ･チョウ,111,……,……
ea5a2e5b016740416bde3a3456c70e76.bundle,續攤隆生說明恨蔓生2(新版),Say,心の声,17,リュウセイの表情が少し変だ。,류세이의 표정이 조금 이상하다.
ea5a2e5b016740416bde3a3456c70e76.bundle,續攤隆生說明恨蔓生2(新版),Say,リュウセイ･チョウ,112,どうせこの件はスイ姉が調べてくれるから、僕たちはただ待つだけっすよ。,"어차피 이 건은 스이 누나가 조사해줄 테니까, 저희는 그냥 기다리기만 하면 돼요."
ea5a2e5b016740416bde3a3456c70e76.bundle,續攤隆生說明恨蔓生2(新版),Branch,#Simple,80,……,……
ea5a2e5b016740416bde3a3456c70e76.bundle,續攤隆生說明恨蔓生2(新版),Branch,#Simple,81,そうだな。,그렇지.
ea5a2e5b016740416bde3a3456c70e76.bundle,續攤隆生說明恨蔓生2(新版),Branch,#Simple,82,……,……
ea5a2e5b016740416bde3a3456c70e76.bundle,續攤隆生說明恨蔓生2(新版),Say,リュウセイ･チョウ,113,とりあえずオペレーションコアの件に関してはこんな感じっす……,일단 오퍼레이션 코어 건에 대해서는 이런 느낌이에요……
ea5a2e5b016740416bde3a3456c70e76.bundle,續攤隆生說明恨蔓生2(新版),Say,リュウセイ･チョウ,114,……,……
ea5a2e5b016740416bde3a3456c70e76.bundle,續攤隆生說明恨蔓生2(新版),Say,心の声,18,……落ち込んでいるようだ。,……풀이 죽어 있는 것 같다.
ea5a2e5b016740416bde3a3456c70e76.bundle,續攤隆生說明恨蔓生2(新版),Say,リュウセイ･チョウ,115,……ジェイの兄貴。,……제이 형.
ea5a2e5b016740416bde3a3456c70e76.bundle,續攤隆生說明恨蔓生2(新版),Say,リュウセイ･チョウ,116,僕は、その……,"저는, 그……"
ea5a2e5b016740416bde3a3456c70e76.bundle,續攤隆生說明恨蔓生2(新版),Say,リュウセイ･チョウ,117,……,……
ea5a2e5b016740416bde3a3456c70e76.bundle,續攤隆生說明恨蔓生2(新版),Say,リュウセイ･チョウ,118,はぁ……,하아……
ea5a2e5b016740416bde3a3456c70e76.bundle,續攤隆生說明恨蔓生2(新版),Branch,#Simple,83,言いたいことがあるのなら言えばいい。,하고 싶은 말이 있으면 하면 돼.
ea5a2e5b016740416bde3a3456c70e76.bundle,續攤隆生說明恨蔓生2(新版),Branch,#Simple,84,どうした？,왜 그래?
ea5a2e5b016740416bde3a3456c70e76.bundle,續攤隆生說明恨蔓生2(新版),Branch,#Simple,85,……,……
ea5a2e5b016740416bde3a3456c70e76.bundle,續攤隆生說明恨蔓生2(新版),Say,リュウセイ･チョウ,119,……やっぱり、スイ姉は僕を信用してないと思うっす。,"……역시, 스이 누나는 저를 신용 안 하는 것 같아요."
ea5a2e5b016740416bde3a3456c70e76.bundle,續攤隆生說明恨蔓生2(新版),Say,リュウセイ･チョウ,120,この任務が始まってからというもの、すごくそれを感じるっす。,"이번 임무가 시작되고 나서부터, 그걸 강하게 느껴요."
ea5a2e5b016740416bde3a3456c70e76.bundle,續攤隆生說明恨蔓生2(新版),Branch,#Simple,86,なぜそう感じるんだ？,왜 그렇게 느끼는 거야?
ea5a2e5b016740416bde3a3456c70e76.bundle,續攤隆生說明恨蔓生2(新版),Branch,#Simple,87,それは、リュウセイがまだ半人前だからだ。,"그건, 류세이가 아직 반쪽짜리라서 그래."
ea5a2e5b016740416bde3a3456c70e76.bundle,續攤隆生說明恨蔓生2(新版),Say,リュウセイ･チョウ,121,ハハ……酷いっすよ、ジェイの兄貴。,"하하……너무해요, 제이 형."
ea5a2e5b016740416bde3a3456c70e76.bundle,續攤隆生說明恨蔓生2(新版),Say,リュウセイ･チョウ,122,……,……
ea5a2e5b016740416bde3a3456c70e76.bundle,續攤隆生說明恨蔓生2(新版),Say,リュウセイ･チョウ,123,でも、本当にそうかもしれないっす。,"근데, 정말로 그럴지도 모르겠어요."
ea5a2e5b016740416bde3a3456c70e76.bundle,續攤隆生說明恨蔓生2(新版),Branch,#Simple,88,……,……
ea5a2e5b016740416bde3a3456c70e76.bundle,續攤隆生說明恨蔓生2(新版),Say,リュウセイ･チョウ,124,今日も、スイ姉はデータを見せてくれなかった。,"오늘도, 스이 누나는 데이터를 안 보여줬어요."
ea5a2e5b016740416bde3a3456c70e76.bundle,續攤隆生說明恨蔓生2(新版),Say,心の声,19,スイ･ニンはこの件に対して……,스이 닌은 이 일에 대해서……
ea5a2e5b016740416bde3a3456c70e76.bundle,續攤隆生說明恨蔓生2(新版),Say,心の声,20,リュウセイの演算力産業に対する憎しみが、任務に影響が及ぼすのではないかと、心配していたからな。,"류세이의 연산력 산업에 대한 증오가, 임무에 영향을 미치지 않을까, 걱정하고 있었으니까."
ea5a2e5b016740416bde3a3456c70e76.bundle,續攤隆生說明恨蔓生2(新版),Say,心の声,21,そのせいで、リュウセイは信用されていないと感じたのか。,"그것 때문에, 류세이는 신용받지 못한다고 느낀 건가."
ea5a2e5b016740416bde3a3456c70e76.bundle,續攤隆生說明恨蔓生2(新版),Branch,#Simple,89,23号は見せても良いと言っていたのに、彼女だけが反対していたな。,"23호는 보여줘도 된다고 했었는데, 그 사람만 반대했었지."
ea5a2e5b016740416bde3a3456c70e76.bundle,續攤隆生說明恨蔓生2(新版),Say,リュウセイ･チョウ,125,でしょう！,그렇죠!
ea5a2e5b016740416bde3a3456c70e76.bundle,續攤隆生說明恨蔓生2(新版),Branch,#Simple,90,彼女はセンシティブなデータだから見るべきではないと言っていた。,그 사람은 민감한 데이터니까 보면 안 된다고 했었어.
ea5a2e5b016740416bde3a3456c70e76.bundle,續攤隆生說明恨蔓生2(新版),Say,リュウセイ･チョウ,126,つまり僕がセンシティブなデータを上手く扱えないと思っているってことっす。,즉 제가 민감한 데이터를 잘 다루지 못한다고 생각한다는 거예요.
ea5a2e5b016740416bde3a3456c70e76.bundle,續攤隆生說明恨蔓生2(新版),Say,心の声,22,その通りだと思うが……,그 말이 맞는 것 같은데……
ea5a2e5b016740416bde3a3456c70e76.bundle,續攤隆生說明恨蔓生2(新版),Branch,#Simple,91,……,……
ea5a2e5b016740416bde3a3456c70e76.bundle,續攤隆生說明恨蔓生2(新版),Say,リュウセイ･チョウ,127,それに、彼女たちはフクロウには内密で、調査をしていたことも、教えてくれてなかったっす……,"게다가, 그 사람들이 부엉이 몰래, 조사를 하고 있었다는 것도, 알려주지 않았었어요……"
ea5a2e5b016740416bde3a3456c70e76.bundle,續攤隆生說明恨蔓生2(新版),Say,リュウセイ･チョウ,128,最初に聞いた時は、格好いいとか、尊敬の気持ちがあったっすけど……,"처음 들었을 때는, 멋있다든가, 존경하는 마음이 있었지만……"
ea5a2e5b016740416bde3a3456c70e76.bundle,續攤隆生說明恨蔓生2(新版),Say,リュウセイ･チョウ,129,考えてみれば、僕に秘密にする必要はなかったはずっす！,"생각해보면, 저한테 비밀로 할 필요는 없었을 텐데요!"
ea5a2e5b016740416bde3a3456c70e76.bundle,續攤隆生說明恨蔓生2(新版),Branch,#Simple,92,確かに俺とリンならまだしも、あんたにまで秘密にする必要はないな。,"확실히 나랑 린이면 몰라도, 너한테까지 비밀로 할 필요는 없지."
ea5a2e5b016740416bde3a3456c70e76.bundle,續攤隆生說明恨蔓生2(新版),Say,リュウセイ･チョウ,130,そうっす！,맞아요!
ea5a2e5b016740416bde3a3456c70e76.bundle,續攤隆生說明恨蔓生2(新版),Branch,#Simple,93,俺たちを守りたかったからじゃないか？,우리를 지키고 싶었던 거 아니야?
ea5a2e5b016740416bde3a3456c70e76.bundle,續攤隆生說明恨蔓生2(新版),Say,リュウセイ･チョウ,131,守る必要なんてないっす！,지킬 필요 같은 거 없어요!
ea5a2e5b016740416bde3a3456c70e76.bundle,續攤隆生說明恨蔓生2(新版),Say,リュウセイ･チョウ,132,僕も彼女たちのように、現状を把握したい。,"저도 그 사람들처럼, 현재 상황을 파악하고 싶어요."
ea5a2e5b016740416bde3a3456c70e76.bundle,續攤隆生說明恨蔓生2(新版),Say,リュウセイ･チョウ,133,ガキみたいに守られるのは、もう嫌っす……,"애 취급받는 것처럼 보호받는 건, 이제 싫어요……"
ea5a2e5b016740416bde3a3456c70e76.bundle,續攤隆生說明恨蔓生2(新版),Branch,#Simple,94,……,……
ea5a2e5b016740416bde3a3456c70e76.bundle,續攤隆生說明恨蔓生2(新版),Say,リュウセイ･チョウ,134,それに彼女たちも最初は、僕を今回の任務に参加させるつもりはなかったっす。,"게다가 그 사람들도 처음엔, 저를 이번 임무에 참가시킬 생각이 없었어요."
ea5a2e5b016740416bde3a3456c70e76.bundle,續攤隆生說明恨蔓生2(新版),Say,心の声,23,どうやら本当にスイ･ニンは、彼が演算力産業に抱く憎しみについて、心配していたらしい。,"아무래도 정말로 스이 닌은, 이 애가 연산력 산업에 품은 증오에 대해, 걱정하고 있었던 모양이다."
ea5a2e5b016740416bde3a3456c70e76.bundle,續攤隆生說明恨蔓生2(新版),Say,リュウセイ･チョウ,135,今回の任務では、僕は部外者扱いっす……,"이번 임무에서, 저는 부외자 취급이에요……"
ea5a2e5b016740416bde3a3456c70e76.bundle,續攤隆生說明恨蔓生2(新版),Say,リュウセイ･チョウ,136,ジェイの兄貴は、なぜスイ姉がこんな仕打ちをしてくるのか、わかるっすか……？,"제이 형은, 왜 스이 누나가 이런 대우를 하는지, 아세요……?"
ea5a2e5b016740416bde3a3456c70e76.bundle,續攤隆生說明恨蔓生2(新版),Branch,#Simple,95,確かに彼女は、あんたへの信頼が足りないな。,"확실히 그 여자는, 너에 대한 신뢰가 부족하네."
ea5a2e5b016740416bde3a3456c70e76.bundle,續攤隆生說明恨蔓生2(新版),Say,リュウセイ･チョウ,137,そうっすよ。,맞아요.
ea5a2e5b016740416bde3a3456c70e76.bundle,續攤隆生說明恨蔓生2(新版),Say,リュウセイ･チョウ,138,はぁ……,하아……
ea5a2e5b016740416bde3a3456c70e76.bundle,續攤隆生說明恨蔓生2(新版),Say,リュウセイ･チョウ,139,あれ？兄貴はずっとスイ姉の肩を持ってたから、変に考えるなとか言われると思ったのに！,"어라? 형은 계속 스이 누나 편만 들었으니까, 이상하게 생각하지 말라는 소리 들을 줄 알았는데!"
ea5a2e5b016740416bde3a3456c70e76.bundle,續攤隆生說明恨蔓生2(新版),Branch,#Simple,96,確かに変に考えるべきではないな。,확실히 이상하게 생각해서는 안 되지.
ea5a2e5b016740416bde3a3456c70e76.bundle,續攤隆生說明恨蔓生2(新版),Say,リュウセイ･チョウ,140,で、でも……,"그, 근데……"
ea5a2e5b016740416bde3a3456c70e76.bundle,續攤隆生說明恨蔓生2(新版),Branch,#Simple,97,彼女と直接話すべきだと思う。,그 여자랑 직접 얘기해봐야 한다고 생각해.
ea5a2e5b016740416bde3a3456c70e76.bundle,續攤隆生說明恨蔓生2(新版),Say,リュウセイ･チョウ,141,い、嫌っすよ……,"시, 싫어요……"
ea5a2e5b016740416bde3a3456c70e76.bundle,續攤隆生說明恨蔓生2(新版),Branch,#Simple,98,……,……
ea5a2e5b016740416bde3a3456c70e76.bundle,續攤隆生說明恨蔓生2(新版),Say,リュウセイ･チョウ,142,……,……
ea5a2e5b016740416bde3a3456c70e76.bundle,續攤隆生說明恨蔓生2(新版),Say,リュウセイ･チョウ,143,でも……,근데……
ea5a2e5b016740416bde3a3456c70e76.bundle,續攤隆生說明恨蔓生2(新版),Branch,#Simple,99,彼女にもきっと理由があったんだ。,그 여자한테도 분명 이유가 있었을 거야.
ea5a2e5b016740416bde3a3456c70e76.bundle,續攤隆生說明恨蔓生2(新版),Say,リュウセイ･チョウ,144,理由……,이유……
ea5a2e5b016740416bde3a3456c70e76.bundle,續攤隆生說明恨蔓生2(新版),Say,リュウセイ･チョウ,145,何の理由があったっすか……,무슨 이유가 있었는데요……
ea5a2e5b016740416bde3a3456c70e76.bundle,續攤隆生說明恨蔓生2(新版),Say,リュウセイ･チョウ,146,兄貴はスイ姉の肩ばかり持つっすね！,형은 스이 누나 편만 드네요!
ea5a2e5b016740416bde3a3456c70e76.bundle,續攤隆生說明恨蔓生2(新版),Branch,#Simple,100,彼女と直接話すべきだと思う。,그 여자랑 직접 얘기해봐야 한다고 생각해.
ea5a2e5b016740416bde3a3456c70e76.bundle,續攤隆生說明恨蔓生2(新版),Say,リュウセイ･チョウ,147,い、嫌っすよ……だって……,"시, 싫어요……왜냐면……"
ea5a2e5b016740416bde3a3456c70e76.bundle,續攤隆生說明恨蔓生2(新版),Say,リュウセイ･チョウ,148,ただの僕の考えすぎで、スイ姉にはそんなつもりは一切なかったらどうするっすか？,"그냥 제 지나친 생각이고, 스이 누나한테는 그럴 생각이 전혀 없었으면 어떡해요?"
ea5a2e5b016740416bde3a3456c70e76.bundle,續攤隆生說明恨蔓生2(新版),Say,リュウセイ･チョウ,149,僕が勝手に気にしていただけなんて、子どもみたいっすよ。,"제가 혼자 신경 쓰고 있었던 것뿐이라니, 애 같잖아요."
ea5a2e5b016740416bde3a3456c70e76.bundle,續攤隆生說明恨蔓生2(新版),Say,心の声,24,そこは自覚あるんだな……,그건 자각하고 있구나……
ea5a2e5b016740416bde3a3456c70e76.bundle,續攤隆生說明恨蔓生2(新版),Branch,#Simple,101,どうであれ、彼女と一度話すべきだと思う。,"어쨌든, 그 여자랑 한번 얘기해봐야 한다고 생각해."
ea5a2e5b016740416bde3a3456c70e76.bundle,續攤隆生說明恨蔓生2(新版),Branch,#Simple,102,ならその被害妄想をやめろ。,그럼 그 피해망상은 그만둬.
ea5a2e5b016740416bde3a3456c70e76.bundle,續攤隆生說明恨蔓生2(新版),Say,リュウセイ･チョウ,150,はい……,네……
ea5a2e5b016740416bde3a3456c70e76.bundle,續攤隆生說明恨蔓生2(新版),Say,心の声,25,わかってくれたのか……？,이해해준 건가……?
ea5a2e5b016740416bde3a3456c70e76.bundle,續攤隆生說明恨蔓生2(新版),Branch,#Simple,103,……,……
ea5a2e5b016740416bde3a3456c70e76.bundle,續攤隆生說明恨蔓生2(新版),Branch,#Simple,104,俺はただ、正しいと思ったことを言っただけだ。,"나는 그냥, 옳다고 생각한 걸 말했을 뿐이야."
ea5a2e5b016740416bde3a3456c70e76.bundle,續攤隆生說明恨蔓生2(新版),Say,リュウセイ･チョウ,151,はい……,네……
ea5a2e5b016740416bde3a3456c70e76.bundle,續攤隆生說明恨蔓生2(新版),Say,リュウセイ･チョウ,152,……,……
ea5a2e5b016740416bde3a3456c70e76.bundle,續攤隆生說明恨蔓生2(新版),Say,リュウセイ･チョウ,153,でも……,근데……
ea5a2e5b016740416bde3a3456c70e76.bundle,續攤隆生說明恨蔓生2(新版),Branch,#Simple,105,スイ･ニンは、あんたが個人的な感情に流されることで、今回の任務に影響が出るのを心配しているんだろう。,"스이 닌은, 네가 개인적인 감정에 휩쓸려서, 이번 임무에 영향이 미칠까 봐 걱정하고 있는 거겠지."
ea5a2e5b016740416bde3a3456c70e76.bundle,續攤隆生說明恨蔓生2(新版),Say,リュウセイ･チョウ,154,ま、またそれ……？,"또, 또 그 소리……?"
ea5a2e5b016740416bde3a3456c70e76.bundle,續攤隆生說明恨蔓生2(新版),Say,リュウセイ･チョウ,155,なんでまた、そんなことを……,"왜 또, 그런 소릴……"
ea5a2e5b016740416bde3a3456c70e76.bundle,續攤隆生說明恨蔓生2(新版),Branch,#Simple,106,あんたがまだ未熟だからだろ。,네가 아직 미숙해서 그렇겠지.
ea5a2e5b016740416bde3a3456c70e76.bundle,續攤隆生說明恨蔓生2(新版),Say,リュウセイ･チョウ,156,また感情をコントロールしろって説教っすか！？,또 감정을 컨트롤하라는 설교예요!?
ea5a2e5b016740416bde3a3456c70e76.bundle,續攤隆生說明恨蔓生2(新版),Branch,#Simple,107,あんたが演算力産業を憎んでいるからだろ。,네가 연산력 산업을 증오하고 있으니까 그렇겠지.
ea5a2e5b016740416bde3a3456c70e76.bundle,續攤隆生說明恨蔓生2(新版),Say,リュウセイ･チョウ,157,別にいいじゃないっすか！これが僕を突き動かす原動力っすよ！,그게 뭐 어때서요! 이게 저를 움직이는 원동력이라고요!
ea5a2e5b016740416bde3a3456c70e76.bundle,續攤隆生說明恨蔓生2(新版),Say,リュウセイ･チョウ,158,スイ姉は……ちっとも僕を理解してくれていない……,스이 누나는……조금도 저를 이해해주지 않아……
ea5a2e5b016740416bde3a3456c70e76.bundle,續攤隆生說明恨蔓生2(新版),Say,リュウセイ･チョウ,159,……,……
ea5a2e5b016740416bde3a3456c70e76.bundle,續攤隆生說明恨蔓生2(新版),Say,リュウセイ･チョウ,160,で、でも……,"그, 근데……"
ea5a2e5b016740416bde3a3456c70e76.bundle,續攤隆生說明恨蔓生2(新版),Say,リュウセイ･チョウ,161,……,……
ea5a2e5b016740416bde3a3456c70e76.bundle,續攤隆生說明恨蔓生2(新版),Branch,#Simple,108,わからない。,모르겠어.
ea5a2e5b016740416bde3a3456c70e76.bundle,續攤隆生說明恨蔓生2(新版),Say,リュウセイ･チョウ,162,えぇ……,에……
ea5a2e5b016740416bde3a3456c70e76.bundle,續攤隆生說明恨蔓生2(新版),Say,リュウセイ･チョウ,163,期待して損したっす。,기대한 게 손해였네요.
ea5a2e5b016740416bde3a3456c70e76.bundle,續攤隆生說明恨蔓生2(新版),Say,リュウセイ･チョウ,164,……,……
ea5a2e5b016740416bde3a3456c70e76.bundle,續攤隆生說明恨蔓生2(新版),Say,リュウセイ･チョウ,165,で、でも……,"그, 근데……"
ea5a2e5b016740416bde3a3456c70e76.bundle,續攤隆生說明恨蔓生2(新版),Say,リュウセイ･チョウ,166,……,……
ea5a2e5b016740416bde3a3456c70e76.bundle,續攤隆生說明恨蔓生2(新版),Branch,#Simple,109,直接彼女に聞けばいいだろ？,직접 그 여자한테 물어보면 되잖아?
ea5a2e5b016740416bde3a3456c70e76.bundle,續攤隆生說明恨蔓生2(新版),Say,リュウセイ･チョウ,167,い、嫌っすよ……だって……,"시, 싫어요……왜냐면……"
ea5a2e5b016740416bde3a3456c70e76.bundle,續攤隆生說明恨蔓生2(新版),Say,リュウセイ･チョウ,168,……,……
ea5a2e5b016740416bde3a3456c70e76.bundle,續攤隆生說明恨蔓生2(新版),Say,リュウセイ･チョウ,169,……,……
ea5a2e5b016740416bde3a3456c70e76.bundle,續攤隆生說明恨蔓生2(新版),Say,リュウセイ･チョウ,170,ジェイの兄貴……,제이 형……
ea5a2e5b016740416bde3a3456c70e76.bundle,續攤隆生說明恨蔓生2(新版),Say,リュウセイ･チョウ,171,今日、僕の昔話を話したっすよね？,"오늘, 제 옛날 얘기 했었죠?"
ea5a2e5b016740416bde3a3456c70e76.bundle,續攤隆生說明恨蔓生2(新版),Branch,#Simple,110,ああ、辛い経験を話してくれた。,"그래, 힘든 경험을 얘기해줬지."
ea5a2e5b016740416bde3a3456c70e76.bundle,續攤隆生說明恨蔓生2(新版),Say,リュウセイ･チョウ,172,……はい。,……네.
ea5a2e5b016740416bde3a3456c70e76.bundle,續攤隆生說明恨蔓生2(新版),Branch,#Simple,111,マンセントの話か？,만센트 얘기 말이야?
ea5a2e5b016740416bde3a3456c70e76.bundle,續攤隆生說明恨蔓生2(新版),Say,リュウセイ･チョウ,173,はい。,네.
ea5a2e5b016740416bde3a3456c70e76.bundle,續攤隆生說明恨蔓生2(新版),Branch,#Simple,112,……,……
ea5a2e5b016740416bde3a3456c70e76.bundle,續攤隆生說明恨蔓生2(新版),Say,リュウセイ･チョウ,174,ジェイの兄貴には、すべてを聞いてほしいっす……,"제이 형한테는, 전부 다 들어줬으면 해요……"
ea5a2e5b016740416bde3a3456c70e76.bundle,續攤隆生說明恨蔓生2(新版),Say,リュウセイ･チョウ,175,き、聞いてくれるっすか……？,"드, 들어주실래요……?"
ea5a2e5b016740416bde3a3456c70e76.bundle,續攤隆生說明恨蔓生2(新版),Branch,#Simple,113,もちろんだ。,물론이지.
ea5a2e5b016740416bde3a3456c70e76.bundle,續攤隆生說明恨蔓生2(新版),Say,リュウセイ･チョウ,176,よかった。,다행이다.
ea5a2e5b016740416bde3a3456c70e76.bundle,續攤隆生說明恨蔓生2(新版),Branch,#Simple,114,正直に言うと、大して興味はないな。,"솔직히 말하면, 별로 관심은 없네."
ea5a2e5b016740416bde3a3456c70e76.bundle,續攤隆生說明恨蔓生2(新版),Say,リュウセイ･チョウ,177,そうっすか……,그렇군요……
ea5a2e5b016740416bde3a3456c70e76.bundle,續攤隆生說明恨蔓生2(新版),Branch,#Simple,115,冗談だ。聞かせてくれ。,농담이야. 들려줘.
ea5a2e5b016740416bde3a3456c70e76.bundle,續攤隆生說明恨蔓生2(新版),Say,リュウセイ･チョウ,178,えっ！,네!
ea5a2e5b016740416bde3a3456c70e76.bundle,續攤隆生說明恨蔓生2(新版),Say,リュウセイ･チョウ,179,冷たい対応に結構へこんだっすよ……,차가운 반응에 꽤 상처받았어요……
ea5a2e5b016740416bde3a3456c70e76.bundle,續攤隆生說明恨蔓生2(新版),Branch,#Simple,116,……,……
ea5a2e5b016740416bde3a3456c70e76.bundle,續攤隆生說明恨蔓生2(新版),Say,リュウセイ･チョウ,180,そうっすよね、今回の任務とは関係のないことだし……,"그렇죠, 이번 임무랑은 상관없는 얘기고……"
ea5a2e5b016740416bde3a3456c70e76.bundle,續攤隆生說明恨蔓生2(新版),Say,リュウセイ･チョウ,181,き、聞かなかったことにしてください。ハハハ……,"드, 들은 걸로 안 할게요. 하하하……"
ea5a2e5b016740416bde3a3456c70e76.bundle,續攤隆生說明恨蔓生2(新版),Say,リュウセイ･チョウ,182,……,……
ea5a2e5b016740416bde3a3456c70e76.bundle,續攤隆生說明恨蔓生2(新版),Say,リュウセイ･チョウ,183,僕の言いたいことは以上っす。,제가 하고 싶은 말은 여기까지예요.
ea5a2e5b016740416bde3a3456c70e76.bundle,續攤隆生說明恨蔓生2(新版),Say,リュウセイ･チョウ,184,もうこんな時間だし、そろそろ帰って寝た方がいいっすね。,"벌써 시간이 이렇게 됐으니, 슬슬 돌아가서 자는 게 좋겠네요."
ea5a2e5b016740416bde3a3456c70e76.bundle,續攤隆生說明恨蔓生2(新版),Say,リュウセイ･チョウ,185,じゃ、また明日っす。,"그럼, 내일 봐요."
ea5a2e5b016740416bde3a3456c70e76.bundle,續攤隆生說明恨蔓生2(新版),Branch,#Simple,117,また明日。,내일 봐.
ea5a2e5b016740416bde3a3456c70e76.bundle,續攤隆生說明恨蔓生2(新版),Branch,#Simple,118,……,……
ea5a2e5b016740416bde3a3456c70e76.bundle,續攤隆生說明恨蔓生2(新版),Say,心の声,26,……,……
ea5a2e5b016740416bde3a3456c70e76.bundle,續攤隆生說明恨蔓生2(新版),Say,心の声,27,そういえば、どうして急に昔のことを語り始めたんだ……？,"그러고 보니, 왜 갑자기 옛날 얘기를 꺼낸 거지……?"
ea5a2e5b016740416bde3a3456c70e76.bundle,續攤隆生說明恨蔓生2(新版),Say,心の声,28,……,……
ea5a2e5b016740416bde3a3456c70e76.bundle,續攤隆生說明恨蔓生2(新版),Say,心の声,29,寒いな。,춥네.
ea5a2e5b016740416bde3a3456c70e76.bundle,續攤隆生說明恨蔓生2(新版),Say,心の声,30,そろそろ行こう。,슬슬 가자.
ea5a2e5b016740416bde3a3456c70e76.bundle,續攤隆生說明恨蔓生2(新版),Say,心の声,31,他にも約束があったな。,다른 약속도 있었지.
ea5a2e5b016740416bde3a3456c70e76.bundle,續攤隆生說明恨蔓生2(新版),Say,リュウセイ･チョウ,186,……,……
ea5a2e5b016740416bde3a3456c70e76.bundle,續攤隆生說明恨蔓生2(新版),Say,心の声,32,リュウセイの目の色が変わった……,류세이의 눈빛이 달라졌다……
ea5a2e5b016740416bde3a3456c70e76.bundle,續攤隆生說明恨蔓生2(新版),Say,リュウセイ･チョウ,187,この前は言わなかったけど……,저번엔 말 안 했는데……
ea5a2e5b016740416bde3a3456c70e76.bundle,續攤隆生說明恨蔓生2(新版),Say,リュウセイ･チョウ,188,実はマンセントの事故に巻き込まれたのは、僕と僕の家族だけじゃないっす。,"실은 만센트 사고에 휘말린 게, 저랑 제 가족뿐만이 아니에요."
ea5a2e5b016740416bde3a3456c70e76.bundle,續攤隆生說明恨蔓生2(新版),Say,リュウセイ･チョウ,189,あれはかなり大きな事故で、被害者が40人くらいいたっす。,"그건 꽤 큰 사고여서, 피해자가 40명 정도 있었어요."
ea5a2e5b016740416bde3a3456c70e76.bundle,續攤隆生說明恨蔓生2(新版),Say,リュウセイ･チョウ,190,当時は報道もされたけど、すぐに圧力がかかって、もみ消されたっすね。,"당시엔 보도도 됐었는데, 곧바로 압력이 들어와서, 묻혔어요."
ea5a2e5b016740416bde3a3456c70e76.bundle,續攤隆生說明恨蔓生2(新版),Say,リュウセイ･チョウ,191,あの時の人々は、演算力供給がもたらす恩恵にしか興味がなかったっす。,"그때 사람들은, 연산력 공급이 가져다주는 혜택에밖에 관심이 없었어요."
ea5a2e5b016740416bde3a3456c70e76.bundle,續攤隆生說明恨蔓生2(新版),Say,リュウセイ･チョウ,192,だから、ゴミ溜めや沈没予定エリアのクズが何人か死んだところで、社会が目を向けることはなかったっすね。,"그러니까, 쓰레기장이나 침몰 예정 구역의 쓰레기가 몇 명 죽었다고 해봤자, 사회가 눈길을 줄 일은 없었어요."
ea5a2e5b016740416bde3a3456c70e76.bundle,續攤隆生說明恨蔓生2(新版),Say,リュウセイ･チョウ,193,……,……
ea5a2e5b016740416bde3a3456c70e76.bundle,續攤隆生說明恨蔓生2(新版),Say,リュウセイ･チョウ,194,実はこの事故には、もう一つ問題があったっす……,"실은 이 사고에는, 또 하나의 문제가 있었어요……"
ea5a2e5b016740416bde3a3456c70e76.bundle,續攤隆生說明恨蔓生2(新版),Say,リュウセイ･チョウ,195,この事故が起きた時、実は死者はいなかったっす。,"이 사고가 일어났을 때, 실은 사망자는 없었어요."
ea5a2e5b016740416bde3a3456c70e76.bundle,續攤隆生說明恨蔓生2(新版),Say,心の声,33,確か、この事故のせいで家族全員が死んだと言っていたが……,"분명, 이 사고 때문에 가족이 전부 죽었다고 했었는데……"
ea5a2e5b016740416bde3a3456c70e76.bundle,續攤隆生說明恨蔓生2(新版),Branch,#Simple,119,死者がいないのは、いいことじゃないか？,"사망자가 없는 건, 좋은 일 아니야?"
ea5a2e5b016740416bde3a3456c70e76.bundle,續攤隆生說明恨蔓生2(新版),Say,リュウセイ･チョウ,196,……そうっすね。,……그렇네요.
ea5a2e5b016740416bde3a3456c70e76.bundle,續攤隆生說明恨蔓生2(新版),Say,リュウセイ･チョウ,197,……,……
ea5a2e5b016740416bde3a3456c70e76.bundle,續攤隆生說明恨蔓生2(新版),Say,リュウセイ･チョウ,198,でも、この世には、死ぬより辛いことがあるっす。,"근데, 이 세상엔, 죽는 것보다 힘든 일이 있어요."
ea5a2e5b016740416bde3a3456c70e76.bundle,續攤隆生說明恨蔓生2(新版),Branch,#Simple,120,あんたの家族もそうだったのか？,네 가족도 그랬던 거야?
ea5a2e5b016740416bde3a3456c70e76.bundle,續攤隆生說明恨蔓生2(新版),Say,リュウセイ･チョウ,199,あの時はまだ生きてたっす。,그때는 아직 살아 있었어요.
ea5a2e5b016740416bde3a3456c70e76.bundle,續攤隆生說明恨蔓生2(新版),Branch,#Simple,121,……,……
ea5a2e5b016740416bde3a3456c70e76.bundle,續攤隆生說明恨蔓生2(新版),Say,リュウセイ･チョウ,200,あの事故が原因で、皆、植物状態になったんです。,"그 사고가 원인이 돼서, 다들 식물인간 상태가 됐어요."
ea5a2e5b016740416bde3a3456c70e76.bundle,續攤隆生說明恨蔓生2(新版),Say,リュウセイ･チョウ,201,事故が発生した直後のマンセントは秘密裏にそれを対処しようとしていた。,사고가 발생한 직후 만센트는 은밀하게 그걸 처리하려고 했어요.
ea5a2e5b016740416bde3a3456c70e76.bundle,續攤隆生說明恨蔓生2(新版),Say,リュウセイ･チョウ,202,僕たちは皆、マンセントの秘密研究施設に送られ……,"저희는 전부, 만센트의 비밀 연구 시설로 보내져서……"
ea5a2e5b016740416bde3a3456c70e76.bundle,續攤隆生說明恨蔓生2(新版),Say,リュウセイ･チョウ,203,そこで特殊な治療を受けた。でもどの治療も効果がなく、むしろそこで何人かが死んだ。,"거기서 특수한 치료를 받았어요. 근데 어떤 치료도 효과가 없었고, 오히려 거기서 몇 명이 죽었어요."
ea5a2e5b016740416bde3a3456c70e76.bundle,續攤隆生說明恨蔓生2(新版),Say,リュウセイ･チョウ,204,やがて、彼らは治療することを放棄したっす。,"결국, 그놈들은 치료하는 걸 포기했어요."
ea5a2e5b016740416bde3a3456c70e76.bundle,續攤隆生說明恨蔓生2(新版),Say,リュウセイ･チョウ,205,追い込まれたマンセントは……,궁지에 몰린 만센트는……
ea5a2e5b016740416bde3a3456c70e76.bundle,續攤隆生說明恨蔓生2(新版),Say,リュウセイ･チョウ,206,僕たちが工場の操作ミスにより、植物状態になったことを公表せざるを得なくなったっす。,"저희가 공장 조작 실수로, 식물인간 상태가 됐다는 걸 공표할 수밖에 없게 됐어요."
ea5a2e5b016740416bde3a3456c70e76.bundle,續攤隆生說明恨蔓生2(新版),Say,リュウセイ･チョウ,207,でも、その時に彼らは思いついた……,"근데, 그때 그놈들이 생각해낸 거예요……"
ea5a2e5b016740416bde3a3456c70e76.bundle,續攤隆生說明恨蔓生2(新版),Say,リュウセイ･チョウ,208,死んだも同然の話せないやつらを、「材料」として活用しない手はないって……,"죽은 거나 마찬가지인 말 못 하는 것들을, '재료'로 활용하지 않을 이유가 없다고……"
ea5a2e5b016740416bde3a3456c70e76.bundle,續攤隆生說明恨蔓生2(新版),Branch,#Simple,122,彼らは何をした？,그놈들이 뭘 한 거지?
ea5a2e5b016740416bde3a3456c70e76.bundle,續攤隆生說明恨蔓生2(新版),Branch,#Simple,123,材料？,재료?
ea5a2e5b016740416bde3a3456c70e76.bundle,續攤隆生說明恨蔓生2(新版),Say,リュウセイ･チョウ,209,実験材料っすよ。,실험 재료요.
ea5a2e5b016740416bde3a3456c70e76.bundle,續攤隆生說明恨蔓生2(新版),Branch,#Simple,124,……,……
ea5a2e5b016740416bde3a3456c70e76.bundle,續攤隆生說明恨蔓生2(新版),Say,リュウセイ･チョウ,210,あれからの数ヶ月間、マンセントの研究者たちは僕たちの体を使って、あらゆる実験をしたっす……,"그때부터 몇 달 동안, 만센트 연구원들은 저희 몸을 이용해서, 온갖 실험을 했어요……"
ea5a2e5b016740416bde3a3456c70e76.bundle,續攤隆生說明恨蔓生2(新版),Say,リュウセイ･チョウ,211,最初はただの身体反応の実験だったけど……,처음엔 그냥 신체 반응 실험이었지만……
ea5a2e5b016740416bde3a3456c70e76.bundle,續攤隆生說明恨蔓生2(新版),Say,リュウセイ･チョウ,212,……,……
ea5a2e5b016740416bde3a3456c70e76.bundle,續攤隆生說明恨蔓生2(新版),Say,リュウセイ･チョウ,213,実験内容は、臓器の切除、四肢の切除、開頭術とが益々過激になった……,"실험 내용은, 장기 절제, 사지 절제, 개두술로 점점 더 과격해졌어요……"
ea5a2e5b016740416bde3a3456c70e76.bundle,續攤隆生說明恨蔓生2(新版),Say,リュウセイ･チョウ,214,体は動かないけど、僕は彼らにされたことをハッキリと理解していたっす……,"몸은 안 움직였지만, 저는 그놈들이 저한테 한 짓을 확실히 이해하고 있었어요……"
ea5a2e5b016740416bde3a3456c70e76.bundle,續攤隆生說明恨蔓生2(新版),Say,リュウセイ･チョウ,215,そして実験のない時は、僕たちは暗い部屋に閉じ込められて、口に差し込まれた管から養分を流し込まれる……,"그리고 실험이 없을 때는, 저희는 어두운 방에 갇혀서, 입에 꽂힌 관으로 영양분을 흘려 넣었어요……"
ea5a2e5b016740416bde3a3456c70e76.bundle,續攤隆生說明恨蔓生2(新版),Say,リュウセイ･チョウ,216,実験の時間になると、研究員が現れ、今日の「材料」を連れて行くっす。,"실험 시간이 되면, 연구원이 나타나서, 오늘의 '재료'를 데려가요."
ea5a2e5b016740416bde3a3456c70e76.bundle,續攤隆生說明恨蔓生2(新版),Say,リュウセイ･チョウ,217,もちろん、二度と帰って来ない人も沢山いたっす……,"물론, 다시는 돌아오지 못한 사람도 많았어요……"
ea5a2e5b016740416bde3a3456c70e76.bundle,續攤隆生說明恨蔓生2(新版),Say,リュウセイ･チョウ,218,僕は毎日のように、自分の番が来ないことを祈っていた……,"저는 매일같이, 제 차례가 오지 않기를 빌었어요……"
ea5a2e5b016740416bde3a3456c70e76.bundle,續攤隆生說明恨蔓生2(新版),Say,リュウセイ･チョウ,219,むしろ……,오히려……
ea5a2e5b016740416bde3a3456c70e76.bundle,續攤隆生說明恨蔓生2(新版),Say,リュウセイ･チョウ,220,……,……
ea5a2e5b016740416bde3a3456c70e76.bundle,續攤隆生說明恨蔓生2(新版),Say,心の声,34,リュウセイが吐きそうにしている……,류세이가 토할 것 같은 표정이다……
ea5a2e5b016740416bde3a3456c70e76.bundle,續攤隆生說明恨蔓生2(新版),Branch,#Simple,125,もういい。ここまでにしよう。,이제 됐어. 여기까지 하자.
ea5a2e5b016740416bde3a3456c70e76.bundle,續攤隆生說明恨蔓生2(新版),Branch,#Simple,126,むしろ何だ？,오히려 뭐?
ea5a2e5b016740416bde3a3456c70e76.bundle,續攤隆生說明恨蔓生2(新版),Branch,#Simple,127,……,……
ea5a2e5b016740416bde3a3456c70e76.bundle,續攤隆生說明恨蔓生2(新版),Say,リュウセイ･チョウ,221,僕より、先に両親が連れて行かれることを願っていた……,"저보다, 먼저 부모님이 끌려가기를 바랐어요……"
ea5a2e5b016740416bde3a3456c70e76.bundle,續攤隆生說明恨蔓生2(新版),Say,リュウセイ･チョウ,222,僕じゃないなら、誰でもいいって……,"제가 아니면, 누구든 상관없다고……"
ea5a2e5b016740416bde3a3456c70e76.bundle,續攤隆生說明恨蔓生2(新版),Branch,#Simple,128,あの時のあんたは、正気じゃなかった。仕方がなかったんだ。,"그때의 너는, 제정신이 아니었어. 어쩔 수 없었던 거야."
ea5a2e5b016740416bde3a3456c70e76.bundle,續攤隆生說明恨蔓生2(新版),Branch,#Simple,129,……,……
ea5a2e5b016740416bde3a3456c70e76.bundle,續攤隆生說明恨蔓生2(新版),Say,リュウセイ･チョウ,223,……,……
ea5a2e5b016740416bde3a3456c70e76.bundle,續攤隆生說明恨蔓生2(新版),Say,リュウセイ･チョウ,224,僕は過ぎていく時間を数えようとした……,저는 지나가는 시간을 세어보려고 했어요……
ea5a2e5b016740416bde3a3456c70e76.bundle,續攤隆生說明恨蔓生2(新版),Say,リュウセイ･チョウ,225,でも暗いあの部屋は、時間の感覚を麻痺させる。だから僕は研究員の行動から時間を辿るしかなかった。,"근데 그 어두운 방은, 시간 감각을 마비시켜요. 그래서 저는 연구원의 행동으로 시간을 짐작할 수밖에 없었어요."
ea5a2e5b016740416bde3a3456c70e76.bundle,續攤隆生說明恨蔓生2(新版),Say,リュウセイ･チョウ,226,でも、途中で数えることを諦めた……,"근데, 도중에 세는 걸 포기했어요……"
ea5a2e5b016740416bde3a3456c70e76.bundle,續攤隆生說明恨蔓生2(新版),Say,リュウセイ･チョウ,227,僕と家族は、ここで殺されると思ったからっす……,"저랑 가족은, 여기서 죽는구나 생각했으니까요……"
ea5a2e5b016740416bde3a3456c70e76.bundle,續攤隆生說明恨蔓生2(新版),Say,リュウセイ･チョウ,228,……,……
ea5a2e5b016740416bde3a3456c70e76.bundle,續攤隆生說明恨蔓生2(新版),Say,リュウセイ･チョウ,229,でも、ある実験の後、急に動けたり、話せるようになった……,"근데, 어느 실험 후에, 갑자기 움직이거나, 말할 수 있게 됐어요……"
ea5a2e5b016740416bde3a3456c70e76.bundle,續攤隆生說明恨蔓生2(新版),Say,リュウセイ･チョウ,230,僕はすぐ、僕と家族を解放してほしいとお願いしたっす。,"저는 바로, 저랑 가족을 풀어달라고 부탁했어요."
ea5a2e5b016740416bde3a3456c70e76.bundle,續攤隆生說明恨蔓生2(新版),Say,リュウセイ･チョウ,231,でも案の定、僕は縛られ、麻酔薬を打たれた。,"근데 아니나 다를까, 저는 묶이고, 마취약을 맞았어요."
ea5a2e5b016740416bde3a3456c70e76.bundle,續攤隆生說明恨蔓生2(新版),Say,リュウセイ･チョウ,232,気絶する前に、僕は研究員たちの顔を見たっす。,"기절하기 전에, 저는 연구원들 얼굴을 봤어요."
ea5a2e5b016740416bde3a3456c70e76.bundle,續攤隆生說明恨蔓生2(新版),Say,リュウセイ･チョウ,233,初めて見た表情だった……,처음 본 표정이었어요……
ea5a2e5b016740416bde3a3456c70e76.bundle,續攤隆生說明恨蔓生2(新版),Say,リュウセイ･チョウ,234,彼らは驚きながらも……,그놈들은 놀라면서도……
ea5a2e5b016740416bde3a3456c70e76.bundle,續攤隆生說明恨蔓生2(新版),Say,リュウセイ･チョウ,235,僕を同情の眼差しで見つめていた……,저를 동정 어린 눈빛으로 바라보고 있었어요……
ea5a2e5b016740416bde3a3456c70e76.bundle,續攤隆生說明恨蔓生2(新版),Say,リュウセイ･チョウ,236,僕が言葉を発したことで、僕が人間であったことを思い出したみたいな表情だったっすね……,"제가 말을 한 걸로, 제가 인간이었다는 걸 떠올린 듯한 표정이었어요……"
ea5a2e5b016740416bde3a3456c70e76.bundle,續攤隆生說明恨蔓生2(新版),Say,リュウセイ･チョウ,237,今までは、僕を反応を示すだけのただの実験材料だと思っていたんでしょうね……,"지금까지는, 저를 반응만 보이는 그냥 실험 재료라고 생각했었겠죠……"
ea5a2e5b016740416bde3a3456c70e76.bundle,續攤隆生說明恨蔓生2(新版),Say,リュウセイ･チョウ,238,……,……
ea5a2e5b016740416bde3a3456c70e76.bundle,續攤隆生說明恨蔓生2(新版),Say,リュウセイ･チョウ,239,でもそこから、状況が一変した。,"근데 거기서부터, 상황이 완전히 바뀌었어요."
ea5a2e5b016740416bde3a3456c70e76.bundle,續攤隆生說明恨蔓生2(新版),Say,リュウセイ･チョウ,240,僕が気絶させられた数時間後、一人の研究員が僕の部屋にやって来て、縄を解いてくれた。,"제가 기절당한 지 몇 시간 후, 한 연구원이 제 방에 와서, 밧줄을 풀어줬어요."
ea5a2e5b016740416bde3a3456c70e76.bundle,續攤隆生說明恨蔓生2(新版),Say,リュウセイ･チョウ,241,僕を逃がそうとしている彼に、両親も連れて行ってほしいと必死に頼んだ……,"저를 도망시키려는 그 사람한테, 부모님도 같이 데려가달라고 필사적으로 부탁했어요……"
ea5a2e5b016740416bde3a3456c70e76.bundle,續攤隆生說明恨蔓生2(新版),Say,リュウセイ･チョウ,242,考えてみればわかることだけど、動けない大人二人を背負って、逃げられるわけがなかったんだ……,"생각해보면 알 수 있는 일이지만, 못 움직이는 어른 둘을 업고, 도망칠 수 있을 리가 없었어요……"
ea5a2e5b016740416bde3a3456c70e76.bundle,續攤隆生說明恨蔓生2(新版),Say,リュウセイ･チョウ,243,逃げる途中で警備に気づかれた僕らは、最終的には両親を捨てて逃げ出した。,"도망치는 도중에 경비한테 들킨 저희는, 결국은 부모님을 버리고 도망쳤어요."
ea5a2e5b016740416bde3a3456c70e76.bundle,續攤隆生說明恨蔓生2(新版),Say,リュウセイ･チョウ,244,僕はあの研究所から逃げ出せたけど、僕を助けてくれた研究員は、警備に捕まった……,"저는 그 연구소에서 도망칠 수 있었지만, 저를 도와준 연구원은, 경비한테 붙잡혔어요……"
ea5a2e5b016740416bde3a3456c70e76.bundle,續攤隆生說明恨蔓生2(新版),Say,リュウセイ･チョウ,245,僕は彼を見捨て、両親を見捨て、一人で逃げた……,"저는 그 사람을 버리고, 부모님을 버리고, 혼자 도망쳤어요……"
ea5a2e5b016740416bde3a3456c70e76.bundle,續攤隆生說明恨蔓生2(新版),Branch,#Simple,130,リュウセイ、それは違う。,"류세이, 그건 아니야."
ea5a2e5b016740416bde3a3456c70e76.bundle,續攤隆生說明恨蔓生2(新版),Say,リュウセイ･チョウ,246,違わないっすよ！,아니긴 뭐가 아니에요!
ea5a2e5b016740416bde3a3456c70e76.bundle,續攤隆生說明恨蔓生2(新版),Say,リュウセイ･チョウ,247,……,……
ea5a2e5b016740416bde3a3456c70e76.bundle,續攤隆生說明恨蔓生2(新版),Branch,#Simple,131,あんたがそこに残っても、何もできなかったはずだ。,"네가 거기 남았어도, 아무것도 못 했을 거야."
ea5a2e5b016740416bde3a3456c70e76.bundle,續攤隆生說明恨蔓生2(新版),Say,リュウセイ･チョウ,248,はい。,네.
ea5a2e5b016740416bde3a3456c70e76.bundle,續攤隆生說明恨蔓生2(新版),Branch,#Simple,132,……,……
ea5a2e5b016740416bde3a3456c70e76.bundle,續攤隆生說明恨蔓生2(新版),Say,リュウセイ･チョウ,249,自分には何もできないとはわかっていたっす。,제 자신은 아무것도 못 한다는 건 알고 있었어요.
ea5a2e5b016740416bde3a3456c70e76.bundle,續攤隆生說明恨蔓生2(新版),Say,リュウセイ･チョウ,250,でも、僕は必ずそこへ戻り、両親を救うと誓った……,"근데, 저는 반드시 거기로 돌아가서, 부모님을 구하겠다고 맹세했어요……"
ea5a2e5b016740416bde3a3456c70e76.bundle,續攤隆生說明恨蔓生2(新版),Say,リュウセイ･チョウ,251,……,……
ea5a2e5b016740416bde3a3456c70e76.bundle,續攤隆生說明恨蔓生2(新版),Say,リュウセイ･チョウ,252,あれから、僕はヤクザに拾われました。,"그 후로, 저는 야쿠자한테 거둬졌어요."
ea5a2e5b016740416bde3a3456c70e76.bundle,續攤隆生說明恨蔓生2(新版),Say,リュウセイ･チョウ,253,でも復讐に取り憑かれた僕は、ヤクザから武器を盗み、研究所へと再び戻ったっす。,"근데 복수에 사로잡힌 저는, 야쿠자한테서 무기를 훔쳐서, 연구소로 다시 돌아갔어요."
ea5a2e5b016740416bde3a3456c70e76.bundle,續攤隆生說明恨蔓生2(新版),Branch,#Simple,133,一人でか？,혼자서?
ea5a2e5b016740416bde3a3456c70e76.bundle,續攤隆生說明恨蔓生2(新版),Say,リュウセイ･チョウ,254,はい、バカな話っすよね。,"네, 바보 같은 얘기죠."
ea5a2e5b016740416bde3a3456c70e76.bundle,續攤隆生說明恨蔓生2(新版),Say,リュウセイ･チョウ,255,でもあの時の僕は、両親を助けたい一心で頭がいっぱいだった。,"근데 그때의 저는, 부모님을 구하고 싶다는 일념으로 머릿속이 가득했어요."
ea5a2e5b016740416bde3a3456c70e76.bundle,續攤隆生說明恨蔓生2(新版),Say,リュウセイ･チョウ,256,時間が過ぎれば過ぎるほど、二人が死んでいる可能性が上がる気がしたから……,"시간이 지나면 지날수록, 두 분이 죽어 있을 가능성이 높아지는 것 같았으니까요……"
ea5a2e5b016740416bde3a3456c70e76.bundle,續攤隆生說明恨蔓生2(新版),Branch,#Simple,134,その時は何歳だったんだ？,그때 몇 살이었는데?
ea5a2e5b016740416bde3a3456c70e76.bundle,續攤隆生說明恨蔓生2(新版),Say,リュウセイ･チョウ,257,そんなのもう覚えてないっすよ……,그런 건 이제 기억 안 나요……
ea5a2e5b016740416bde3a3456c70e76.bundle,續攤隆生說明恨蔓生2(新版),Say,リュウセイ･チョウ,258,でも年齢なんて関係ないっす。,근데 나이 같은 건 상관없어요.
ea5a2e5b016740416bde3a3456c70e76.bundle,續攤隆生說明恨蔓生2(新版),Say,リュウセイ･チョウ,259,……,……
ea5a2e5b016740416bde3a3456c70e76.bundle,續攤隆生說明恨蔓生2(新版),Say,リュウセイ･チョウ,260,幼いながらも、今日自分はここで死ぬのだと理解しながら、研究所へ向かったっす。,"어렸지만서도, 오늘 나는 여기서 죽는구나 이해하면서, 연구소로 향했어요."
ea5a2e5b016740416bde3a3456c70e76.bundle,續攤隆生說明恨蔓生2(新版),Branch,#Simple,135,……,……
ea5a2e5b016740416bde3a3456c70e76.bundle,續攤隆生說明恨蔓生2(新版),Say,リュウセイ･チョウ,261,……,……
ea5a2e5b016740416bde3a3456c70e76.bundle,續攤隆生說明恨蔓生2(新版),Say,リュウセイ･チョウ,262,でも僕が再び研究所へと戻り、研究所の門を見つめていた時……,"근데 제가 다시 연구소로 돌아가서, 연구소 문을 바라보고 있을 때……"
ea5a2e5b016740416bde3a3456c70e76.bundle,續攤隆生說明恨蔓生2(新版),Say,リュウセイ･チョウ,263,一人の白髪の女性が現れた。,백발의 여자 한 명이 나타났어요.
ea5a2e5b016740416bde3a3456c70e76.bundle,續攤隆生說明恨蔓生2(新版),Branch,#Simple,136,スイ･ニンか。,스이 닌인가.
ea5a2e5b016740416bde3a3456c70e76.bundle,續攤隆生說明恨蔓生2(新版),Say,リュウセイ･チョウ,264,はい。,네.
ea5a2e5b016740416bde3a3456c70e76.bundle,續攤隆生說明恨蔓生2(新版),Branch,#Simple,137,おばあさんか？,할머니였어?
ea5a2e5b016740416bde3a3456c70e76.bundle,續攤隆生說明恨蔓生2(新版),Say,リュウセイ･チョウ,265,ハハ、違うっすよ。,"하하, 아니에요."
ea5a2e5b016740416bde3a3456c70e76.bundle,續攤隆生說明恨蔓生2(新版),Say,リュウセイ･チョウ,266,スイ姉っす。,스이 누나예요.
ea5a2e5b016740416bde3a3456c70e76.bundle,續攤隆生說明恨蔓生2(新版),Branch,#Simple,138,……,……
ea5a2e5b016740416bde3a3456c70e76.bundle,續攤隆生說明恨蔓生2(新版),Say,リュウセイ･チョウ,267,スイ姉は僕の自殺を止めにやって来た。,스이 누나는 제 자살을 막으러 왔어요.
ea5a2e5b016740416bde3a3456c70e76.bundle,續攤隆生說明恨蔓生2(新版),Say,リュウセイ･チョウ,268,僕が彼女に、研究所に入りたいと訴えていると……,"제가 그 사람한테, 연구소에 들어가고 싶다고 애원하고 있는데……"
ea5a2e5b016740416bde3a3456c70e76.bundle,續攤隆生說明恨蔓生2(新版),Say,リュウセイ･チョウ,269,研究所が突然爆発した……,연구소가 갑자기 폭발했어요……
ea5a2e5b016740416bde3a3456c70e76.bundle,續攤隆生說明恨蔓生2(新版),Say,リュウセイ･チョウ,270,その後、スイ姉から聞いた話だけど、彼女が駆けつけた時には、すでに僕の両親は死んでいたみたいっす……,"그 후에, 스이 누나한테서 들은 얘기인데, 그 사람이 달려왔을 때는, 이미 제 부모님은 돌아가셨던 모양이에요……"
ea5a2e5b016740416bde3a3456c70e76.bundle,續攤隆生說明恨蔓生2(新版),Say,リュウセイ･チョウ,271,彼女は研究所を爆発させることで、研究所を世間の目に晒した。,"그 사람은 연구소를 폭발시킴으로써, 연구소를 세상에 드러냈어요."
ea5a2e5b016740416bde3a3456c70e76.bundle,續攤隆生說明恨蔓生2(新版),Say,リュウセイ･チョウ,272,マンセントの上層部はその後、責任を問われ、辞職に追い込まれたけど……豚箱にぶち込まれたのは数人の身代わりだけっす。,"만센트 상층부는 그 후, 책임을 추궁당해서, 사퇴로 몰렸지만……감방에 처넣어진 건 몇 명의 대역뿐이었어요."
ea5a2e5b016740416bde3a3456c70e76.bundle,續攤隆生說明恨蔓生2(新版),Say,リュウセイ･チョウ,273,それでも、この件が世間に周知されたことは良かったと思うっす。,"그래도, 이 일이 세상에 알려진 건 잘된 일이라고 생각해요."
ea5a2e5b016740416bde3a3456c70e76.bundle,續攤隆生說明恨蔓生2(新版),Say,リュウセイ･チョウ,274,……,……
ea5a2e5b016740416bde3a3456c70e76.bundle,續攤隆生說明恨蔓生2(新版),Say,リュウセイ･チョウ,275,スイ姉はその後、姿を消した。,"스이 누나는 그 후, 자취를 감췄어요."
ea5a2e5b016740416bde3a3456c70e76.bundle,續攤隆生說明恨蔓生2(新版),Say,リュウセイ･チョウ,276,僕は彼女の名前も素性も教えてはもらえなかった……,저는 그 사람 이름도 정체도 알려받지 못했어요……
ea5a2e5b016740416bde3a3456c70e76.bundle,續攤隆生說明恨蔓生2(新版),Say,リュウセイ･チョウ,277,でも彼女と出会ったことで、まだこの世界を救おうとしている人がいることを知った……,"근데 그 사람을 만난 걸로, 아직 이 세상을 구하려는 사람이 있다는 걸 알았어요……"
ea5a2e5b016740416bde3a3456c70e76.bundle,續攤隆生說明恨蔓生2(新版),Branch,#Simple,139,なぜ彼女は正体を明かさなかったんだ？,왜 그 여자는 정체를 밝히지 않은 거지?
ea5a2e5b016740416bde3a3456c70e76.bundle,續攤隆生說明恨蔓生2(新版),Say,リュウセイ･チョウ,278,ハハ……スイ姉が初対面のガキ相手に自分の正体を言うわけないっすよ。,하하……스이 누나가 초면인 애송이한테 자기 정체를 말할 리가 없잖아요.
ea5a2e5b016740416bde3a3456c70e76.bundle,續攤隆生說明恨蔓生2(新版),Branch,#Simple,140,どうやって彼女と再会したんだ？,그 여자랑 어떻게 재회한 거야?
ea5a2e5b016740416bde3a3456c70e76.bundle,續攤隆生說明恨蔓生2(新版),Say,リュウセイ･チョウ,279,それは別の話になるっすね。,그건 다른 얘기가 되겠네요.
ea5a2e5b016740416bde3a3456c70e76.bundle,續攤隆生說明恨蔓生2(新版),Say,リュウセイ･チョウ,280,簡単に言えば、僕はずっとスイ姉を探していたっす。,"간단히 말하면, 저는 계속 스이 누나를 찾고 있었어요."
ea5a2e5b016740416bde3a3456c70e76.bundle,續攤隆生說明恨蔓生2(新版),Say,リュウセイ･チョウ,281,そして偶然にも、僕のような人間が必要な事件にスイ姉が関わり、僕はやっと彼女に再会できたってわけっす。,"그리고 우연히도, 저 같은 사람이 필요한 사건에 스이 누나가 관여해서, 저는 드디어 그 사람이랑 재회할 수 있었던 거예요."
ea5a2e5b016740416bde3a3456c70e76.bundle,續攤隆生說明恨蔓生2(新版),Branch,#Simple,141,……,……
ea5a2e5b016740416bde3a3456c70e76.bundle,續攤隆生說明恨蔓生2(新版),Say,リュウセイ･チョウ,282,……,……
ea5a2e5b016740416bde3a3456c70e76.bundle,續攤隆生說明恨蔓生2(新版),Say,リュウセイ･チョウ,283,……,……
ea5a2e5b016740416bde3a3456c70e76.bundle,續攤隆生說明恨蔓生2(新版),Say,リュウセイ･チョウ,284,僕がこの話をしたのは、僕が演算力産業やスイ姉をどう思っているのかを知ってほしかったからっす。,"제가 이 얘기를 한 건, 제가 연산력 산업이랑 스이 누나를 어떻게 생각하는지 알아줬으면 해서예요."
ea5a2e5b016740416bde3a3456c70e76.bundle,續攤隆生說明恨蔓生2(新版),Say,心の声,35,影を落としていたリュウセイの目に、意志が宿った……,"그늘져 있던 류세이의 눈에, 의지가 깃들었다……"
ea5a2e5b016740416bde3a3456c70e76.bundle,續攤隆生說明恨蔓生2(新版),Say,リュウセイ･チョウ,285,演算力産業への恨み、スイ姉への憧れ、この二つは僕を突き動かす原動力っす。,"연산력 산업에 대한 원한, 스이 누나에 대한 동경, 이 두 가지가 저를 움직이는 원동력이에요."
ea5a2e5b016740416bde3a3456c70e76.bundle,續攤隆生說明恨蔓生2(新版),Say,リュウセイ･チョウ,286,それは正義への執着と、力への憧れっす。,"그건 정의에 대한 집착이랑, 힘에 대한 동경이에요."
ea5a2e5b016740416bde3a3456c70e76.bundle,續攤隆生說明恨蔓生2(新版),Say,リュウセイ･チョウ,287,……,……
ea5a2e5b016740416bde3a3456c70e76.bundle,續攤隆生說明恨蔓生2(新版),Say,リュウセイ･チョウ,288,これが、演算力産業のせいで、僕の身に起こったことっす……,"이게, 연산력 산업 때문에, 제 몸에 일어난 일이에요……"
ea5a2e5b016740416bde3a3456c70e76.bundle,續攤隆生說明恨蔓生2(新版),Say,リュウセイ･チョウ,289,恨んでいるかと聞かれたら……,원망하냐고 물으신다면……
ea5a2e5b016740416bde3a3456c70e76.bundle,續攤隆生說明恨蔓生2(新版),Say,リュウセイ･チョウ,290,僕は恨んでいると即答するっすね……,저는 원망한다고 즉답할 거예요……
ea5a2e5b016740416bde3a3456c70e76.bundle,續攤隆生說明恨蔓生2(新版),Say,リュウセイ･チョウ,291,でもいろんな経験をして、わかったことがあるっす。,"근데 여러 경험을 하면서, 알게 된 게 있어요."
ea5a2e5b016740416bde3a3456c70e76.bundle,續攤隆生說明恨蔓生2(新版),Say,リュウセイ･チョウ,292,僕は一番憎いのは、悪事を働いたにも関わらず、悠々と生き続けている人間。,"제가 제일 미운 건, 나쁜 짓을 저질렀는데도, 유유히 계속 살아가는 인간이에요."
ea5a2e5b016740416bde3a3456c70e76.bundle,續攤隆生說明恨蔓生2(新版),Say,リュウセイ･チョウ,293,僕は別に正義感が強いわけじゃないっす。ただ納得できないだけ……,저는 딱히 정의감이 강한 게 아니에요. 그냥 납득이 안 될 뿐……
ea5a2e5b016740416bde3a3456c70e76.bundle,續攤隆生說明恨蔓生2(新版),Say,リュウセイ･チョウ,294,あんなの不公平っすよ。,그런 건 불공평하잖아요.
ea5a2e5b016740416bde3a3456c70e76.bundle,續攤隆生說明恨蔓生2(新版),Say,リュウセイ･チョウ,295,彼らに罪を償わせるために、自分も何かをしないといけないと思った……,"그놈들한테 죄값을 치르게 하기 위해서, 제 자신도 뭔가 해야 한다고 생각했어요……"
ea5a2e5b016740416bde3a3456c70e76.bundle,續攤隆生說明恨蔓生2(新版),Branch,#Simple,142,俺も同じだ。,나도 마찬가지야.
ea5a2e5b016740416bde3a3456c70e76.bundle,續攤隆生說明恨蔓生2(新版),Say,心の声,36,違う……俺は他人のことなんて、どうでもいいんだ……,"아니야……나는 남 일 따위, 아무래도 상관없는데……"
ea5a2e5b016740416bde3a3456c70e76.bundle,續攤隆生說明恨蔓生2(新版),Say,リュウセイ･チョウ,296,さすがはジェイの兄貴！,역시 제이 형!
ea5a2e5b016740416bde3a3456c70e76.bundle,續攤隆生說明恨蔓生2(新版),Branch,#Simple,143,スイ･ニンはあんたのそういうところが、心配なんだろうな。,"스이 닌은 너의 그런 점이, 걱정되는 거겠지."
ea5a2e5b016740416bde3a3456c70e76.bundle,續攤隆生說明恨蔓生2(新版),Say,リュウセイ･チョウ,297,……,……
ea5a2e5b016740416bde3a3456c70e76.bundle,續攤隆生說明恨蔓生2(新版),Say,リュウセイ･チョウ,298,はい。似たようなことを言われたっす。,네. 비슷한 소리 들었어요.
ea5a2e5b016740416bde3a3456c70e76.bundle,續攤隆生說明恨蔓生2(新版),Say,リュウセイ･チョウ,299,でも、僕は僕っす。,"근데, 저는 저예요."
ea5a2e5b016740416bde3a3456c70e76.bundle,續攤隆生說明恨蔓生2(新版),Branch,#Simple,144,……,……
ea5a2e5b016740416bde3a3456c70e76.bundle,續攤隆生說明恨蔓生2(新版),Say,リュウセイ･チョウ,300,僕には辛い過去があるから、被害者たちの恐怖や怒りを痛いほど理解できる。,"저는 힘든 과거가 있으니까, 피해자들의 공포나 분노를 뼈저리게 이해할 수 있어요."
ea5a2e5b016740416bde3a3456c70e76.bundle,續攤隆生說明恨蔓生2(新版),Say,リュウセイ･チョウ,301,彼らの苦しみは、その苦しみを与えた者たちによって償われる必要があるっす。,"그 사람들의 고통은, 그 고통을 준 자들이 대가를 치러야만 해요."
ea5a2e5b016740416bde3a3456c70e76.bundle,續攤隆生說明恨蔓生2(新版),Say,リュウセイ･チョウ,302,これこそが正義っす！その正義を遂行することこそが、僕の原動力っす。,"이게 바로 정의예요! 그 정의를 실행하는 것이야말로, 제 원동력이에요."
ea5a2e5b016740416bde3a3456c70e76.bundle,續攤隆生說明恨蔓生2(新版),Say,心の声,37,……正義感を振りかざすことが、原動力だというのか？,"……정의감을 휘두르는 게, 원동력이라는 건가?"
ea5a2e5b016740416bde3a3456c70e76.bundle,續攤隆生說明恨蔓生2(新版),Say,心の声,38,理解し難いな。,이해하기 힘들군.
ea5a2e5b016740416bde3a3456c70e76.bundle,續攤隆生說明恨蔓生2(新版),Say,リュウセイ･チョウ,303,それと。,그리고.
ea5a2e5b016740416bde3a3456c70e76.bundle,續攤隆生說明恨蔓生2(新版),Say,リュウセイ･チョウ,304,僕は、フクロウに入りたいって言ったっすよね？,"저, 부엉이에 들어가고 싶다고 말했었잖아요?"
ea5a2e5b016740416bde3a3456c70e76.bundle,續攤隆生說明恨蔓生2(新版),Branch,#Simple,145,ああ、言ってたな。,"그래, 말했었지."
ea5a2e5b016740416bde3a3456c70e76.bundle,續攤隆生說明恨蔓生2(新版),Branch,#Simple,146,あまり覚えてないな。,별로 기억 안 나네.
ea5a2e5b016740416bde3a3456c70e76.bundle,續攤隆生說明恨蔓生2(新版),Say,リュウセイ･チョウ,305,エレベーターの時に言ったっすよ。,엘리베이터 탈 때 말했었어요.
ea5a2e5b016740416bde3a3456c70e76.bundle,續攤隆生說明恨蔓生2(新版),Say,リュウセイ･チョウ,306,僕は本気っす。本気でスイ姉に憧れているから。,저는 진심이에요. 진심으로 스이 누나를 동경하니까요.
ea5a2e5b016740416bde3a3456c70e76.bundle,續攤隆生說明恨蔓生2(新版),Branch,#Simple,147,正しいことをするための力を、手に入れるためじゃなかったのか？,"옳은 일을 하기 위한 힘을, 손에 넣기 위해서 아니었어?"
ea5a2e5b016740416bde3a3456c70e76.bundle,續攤隆生說明恨蔓生2(新版),Say,リュウセイ･チョウ,307,うぉっ、なんかジェイの兄貴の口からその言葉を聞くと、照れるっすね……,"우왓, 제이 형 입으로 그 말을 들으니까, 왠지 부끄럽네요……"
ea5a2e5b016740416bde3a3456c70e76.bundle,續攤隆生說明恨蔓生2(新版),Say,心の声,39,顔が赤くなった……？,얼굴이 빨개졌다……?
ea5a2e5b016740416bde3a3456c70e76.bundle,續攤隆生說明恨蔓生2(新版),Say,リュウセイ･チョウ,308,で、でも、ジェイの兄貴の言う通りっす！,"그, 근데, 제이 형 말이 맞아요!"
ea5a2e5b016740416bde3a3456c70e76.bundle,續攤隆生說明恨蔓生2(新版),Branch,#Simple,148,それがどうしたんだ？,그게 왜?
ea5a2e5b016740416bde3a3456c70e76.bundle,續攤隆生說明恨蔓生2(新版),Branch,#Simple,149,……,……
ea5a2e5b016740416bde3a3456c70e76.bundle,續攤隆生說明恨蔓生2(新版),Say,リュウセイ･チョウ,309,こんな時代だからこそ、権力者と戦うには力が必要っす。,"이런 시대이기 때문에, 권력자랑 싸우려면 힘이 필요해요."
ea5a2e5b016740416bde3a3456c70e76.bundle,續攤隆生說明恨蔓生2(新版),Say,リュウセイ･チョウ,310,僕にとっての目標は、スイ姉っす。,"저한테 있어서의 목표는, 스이 누나예요."
ea5a2e5b016740416bde3a3456c70e76.bundle,續攤隆生說明恨蔓生2(新版),Say,リュウセイ･チョウ,311,スイ姉は毎回AQテストを破綻させるって、23姉が言ってたっすよね？,"스이 누나는 매번 AQ 테스트를 파탄 내버린다고, 23 누나가 말했었잖아요?"
ea5a2e5b016740416bde3a3456c70e76.bundle,續攤隆生說明恨蔓生2(新版),Say,リュウセイ･チョウ,312,僕はそれこそが正しいと思うっす。,저는 그게 바로 옳은 거라고 생각해요.
ea5a2e5b016740416bde3a3456c70e76.bundle,續攤隆生說明恨蔓生2(新版),Say,リュウセイ･チョウ,313,でも、スイ姉はよく難しい局面に立たされているっすけどね……,"근데, 스이 누나는 자주 어려운 국면에 서 있지만요……"
ea5a2e5b016740416bde3a3456c70e76.bundle,續攤隆生說明恨蔓生2(新版),Branch,#Simple,150,例えばどんな？,예를 들면 어떤?
ea5a2e5b016740416bde3a3456c70e76.bundle,續攤隆生說明恨蔓生2(新版),Say,リュウセイ･チョウ,314,昔、テロリストがある情報を拡散するのを止めるっていう任務があったっす。,"옛날에, 테러리스트가 어떤 정보를 퍼뜨리는 걸 막는다는 임무가 있었어요."
ea5a2e5b016740416bde3a3456c70e76.bundle,續攤隆生說明恨蔓生2(新版),Say,リュウセイ･チョウ,315,スイ姉たちは、人質に取られた市民の命を捨て、テロリストのいる建物を爆発しろっていう指示を受けてたっす。,"스이 누나 일행은, 인질로 잡힌 시민의 목숨을 버리고, 테러리스트가 있는 건물을 폭파하라는 지시를 받았어요."
ea5a2e5b016740416bde3a3456c70e76.bundle,續攤隆生說明恨蔓生2(新版),Say,リュウセイ･チョウ,316,でも、スイ姉は建物の電波を5分間だけ遮断し……,"근데, 스이 누나는 건물의 전파를 5분간만 차단하고……"
ea5a2e5b016740416bde3a3456c70e76.bundle,續攤隆生說明恨蔓生2(新版),Say,リュウセイ･チョウ,317,一人で30人以上のテロリストを倒したっす。,혼자서 30명 이상의 테러리스트를 쓰러뜨렸어요.
ea5a2e5b016740416bde3a3456c70e76.bundle,續攤隆生說明恨蔓生2(新版),Branch,#Simple,151,一人で？,혼자서?
ea5a2e5b016740416bde3a3456c70e76.bundle,續攤隆生說明恨蔓生2(新版),Say,リュウセイ･チョウ,318,そうっす。,맞아요.
ea5a2e5b016740416bde3a3456c70e76.bundle,續攤隆生說明恨蔓生2(新版),Say,心の声,40,彼女が改造人間だからなのか……？,그 여자가 개조 인간이라서 그런 건가……?
ea5a2e5b016740416bde3a3456c70e76.bundle,續攤隆生說明恨蔓生2(新版),Say,心の声,41,なら、同じく改造人間の俺にもできるのかもしれない……,"그럼, 마찬가지로 개조 인간인 나도 할 수 있을지도 몰라……"
ea5a2e5b016740416bde3a3456c70e76.bundle,續攤隆生說明恨蔓生2(新版),Branch,#Simple,152,それもAQテストだったかもしれないな。,그것도 AQ 테스트였을지도 모르겠네.
ea5a2e5b016740416bde3a3456c70e76.bundle,續攤隆生說明恨蔓生2(新版),Say,リュウセイ･チョウ,319,あっ、確かに言われてみれば、そうかもしれないっすね！,"아, 확실히 듣고 보니, 그럴지도 모르겠네요!"
ea5a2e5b016740416bde3a3456c70e76.bundle,續攤隆生說明恨蔓生2(新版),Branch,#Simple,153,……,……
ea5a2e5b016740416bde3a3456c70e76.bundle,續攤隆生說明恨蔓生2(新版),Say,リュウセイ･チョウ,320,つまり……,즉……
ea5a2e5b016740416bde3a3456c70e76.bundle,續攤隆生說明恨蔓生2(新版),Branch,#Simple,154,その光景が目に浮かぶ。,그 광경이 눈에 선하다.
ea5a2e5b016740416bde3a3456c70e76.bundle,續攤隆生說明恨蔓生2(新版),Branch,#Simple,155,……,……
ea5a2e5b016740416bde3a3456c70e76.bundle,續攤隆生說明恨蔓生2(新版),Say,リュウセイ･チョウ,321,僕はスイ姉が迷うところや動揺するところを一度も見たことがないっす。問題が起きれば、彼女は素早く分析し、直ちに行動する。,"저는 스이 누나가 망설이거나 동요하는 모습을 한 번도 본 적이 없어요. 문제가 생기면, 그 사람은 재빠르게 분석해서, 즉시 행동해요."
ea5a2e5b016740416bde3a3456c70e76.bundle,續攤隆生說明恨蔓生2(新版),Say,リュウセイ･チョウ,322,僕は、そんな彼女を本気で目標にしてるっす。,"저는, 그런 사람을 진심으로 목표로 삼고 있어요."
ea5a2e5b016740416bde3a3456c70e76.bundle,續攤隆生說明恨蔓生2(新版),Say,リュウセイ･チョウ,323,スイ姉ほどの力と意志があれば、何でもできると思うっす。,"스이 누나 정도의 힘이랑 의지가 있으면, 뭐든지 할 수 있을 거라고 생각해요."
ea5a2e5b016740416bde3a3456c70e76.bundle,續攤隆生說明恨蔓生2(新版),Say,心の声,42,スイ･ニンが心配しているのは、こういうところだろうな。,"스이 닌이 걱정하는 건, 이런 부분이겠지."
ea5a2e5b016740416bde3a3456c70e76.bundle,續攤隆生說明恨蔓生2(新版),Say,心の声,43,リュウセイは楽観的過ぎる……,류세이는 너무 낙관적이다……
ea5a2e5b016740416bde3a3456c70e76.bundle,續攤隆生說明恨蔓生2(新版),Say,リュウセイ･チョウ,324,今の僕じゃ、まだまだ何もかもが足りないことはわかってるっす。でも僕はやるっすよ！,"지금 제 자신으로는, 아직 뭐든지 부족하다는 건 알고 있어요. 근데 저는 할 거예요!"
ea5a2e5b016740416bde3a3456c70e76.bundle,續攤隆生說明恨蔓生2(新版),Branch,#Simple,156,頑張れば、結果がついてくるわけじゃない。,"노력한다고, 결과가 따라오는 건 아니야."
ea5a2e5b016740416bde3a3456c70e76.bundle,續攤隆生說明恨蔓生2(新版),Say,リュウセイ･チョウ,325,嫌だな～、大人の退屈な説教はやめてくださいっす。,"아 진짜~, 어른의 지루한 설교는 그만해주세요."
ea5a2e5b016740416bde3a3456c70e76.bundle,續攤隆生說明恨蔓生2(新版),Branch,#Simple,157,本気で言ってるんだ。,진심으로 하는 말이야.
ea5a2e5b016740416bde3a3456c70e76.bundle,續攤隆生說明恨蔓生2(新版),Branch,#Simple,158,ちゃんと忠告すべきだと思ったんだ。,제대로 충고해야 한다고 생각했어.
ea5a2e5b016740416bde3a3456c70e76.bundle,續攤隆生說明恨蔓生2(新版),Say,リュウセイ･チョウ,326,……わかったっす。,……알겠어요.
ea5a2e5b016740416bde3a3456c70e76.bundle,續攤隆生說明恨蔓生2(新版),Branch,#Simple,159,……,……
ea5a2e5b016740416bde3a3456c70e76.bundle,續攤隆生說明恨蔓生2(新版),Branch,#Simple,160,頑張れ、リュウセイ。,"힘내라, 류세이."
ea5a2e5b016740416bde3a3456c70e76.bundle,續攤隆生說明恨蔓生2(新版),Say,リュウセイ･チョウ,327,はい！,네!
ea5a2e5b016740416bde3a3456c70e76.bundle,續攤隆生說明恨蔓生2(新版),Say,リュウセイ･チョウ,328,あざっーす！,감솨합니다!
ea5a2e5b016740416bde3a3456c70e76.bundle,續攤隆生說明恨蔓生2(新版),Branch,#Simple,161,スイ･ニンもただの人間だ。それだけは忘れるな。,스이 닌도 그냥 사람이야. 그것만은 잊지 마.
ea5a2e5b016740416bde3a3456c70e76.bundle,續攤隆生說明恨蔓生2(新版),Say,リュウセイ･チョウ,329,……,……
ea5a2e5b016740416bde3a3456c70e76.bundle,續攤隆生說明恨蔓生2(新版),Say,リュウセイ･チョウ,330,はいっ！,네!
ea5a2e5b016740416bde3a3456c70e76.bundle,續攤隆生說明恨蔓生2(新版),Say,心の声,44,良い返事だ……,좋은 대답이다……
ea5a2e5b016740416bde3a3456c70e76.bundle,續攤隆生說明恨蔓生2(新版),Branch,#Simple,162,……,……
ea5a2e5b016740416bde3a3456c70e76.bundle,續攤隆生說明恨蔓生2(新版),Say,リュウセイ･チョウ,331,……,……
ea5a2e5b016740416bde3a3456c70e76.bundle,續攤隆生說明恨蔓生2(新版),Say,リュウセイ･チョウ,332,兄貴は不思議に思ってるっすよね。,형은 이상하다고 생각하고 있죠?
ea5a2e5b016740416bde3a3456c70e76.bundle,續攤隆生說明恨蔓生2(新版),Branch,#Simple,163,何がだ？,뭐가?
ea5a2e5b016740416bde3a3456c70e76.bundle,續攤隆生說明恨蔓生2(新版),Branch,#Simple,164,……,……
ea5a2e5b016740416bde3a3456c70e76.bundle,續攤隆生說明恨蔓生2(新版),Say,リュウセイ･チョウ,333,どうして急に、こんなこと話をし始めたのかって……,"왜 갑자기, 이런 얘기를 시작했는지……"
ea5a2e5b016740416bde3a3456c70e76.bundle,續攤隆生說明恨蔓生2(新版),Branch,#Simple,165,俺は付き合ってやっただけだ。,나는 그냥 들어준 것뿐이야.
ea5a2e5b016740416bde3a3456c70e76.bundle,續攤隆生說明恨蔓生2(新版),Say,リュウセイ･チョウ,334,ハハ、兄貴は聞き上手っすね！,"하하, 형은 얘기 잘 들어주네요!"
ea5a2e5b016740416bde3a3456c70e76.bundle,續攤隆生說明恨蔓生2(新版),Say,リュウセイ･チョウ,335,でも、こんな話をしたのには、ちゃんと理由があるっす。,"근데, 이런 얘기를 한 데는, 제대로 된 이유가 있어요."
ea5a2e5b016740416bde3a3456c70e76.bundle,續攤隆生說明恨蔓生2(新版),Branch,#Simple,166,どうしてなんだ？,왜 그런 건데?
ea5a2e5b016740416bde3a3456c70e76.bundle,續攤隆生說明恨蔓生2(新版),Say,リュウセイ･チョウ,336,ジェイの兄貴がもう僕たちの仲間だからっす！,제이 형이 이제 저희 동료니까요!
ea5a2e5b016740416bde3a3456c70e76.bundle,續攤隆生說明恨蔓生2(新版),Say,リュウセイ･チョウ,337,だからもっと僕のことを知ってもらおうと思って！,그러니까 저를 더 알아줬으면 해서요!
ea5a2e5b016740416bde3a3456c70e76.bundle,續攤隆生說明恨蔓生2(新版),Say,リュウセイ･チョウ,338,いつか僕も、ジェイの兄貴の話を聞きたいっす！無理にとは言わないので、言いたくなったら声かけてくださいっす！,"언젠가 저도, 제이 형 얘기를 듣고 싶어요! 억지로 하라는 건 아니니까, 말하고 싶어지면 얘기해주세요!"
ea5a2e5b016740416bde3a3456c70e76.bundle,續攤隆生說明恨蔓生2(新版),Say,心の声,45,……,……
ea5a2e5b016740416bde3a3456c70e76.bundle,續攤隆生說明恨蔓生2(新版),Branch,#Simple,167,リュウセイ、ありがとう。,"류세이, 고마워."
ea5a2e5b016740416bde3a3456c70e76.bundle,續攤隆生說明恨蔓生2(新版),Say,リュウセイ･チョウ,339,え？急にどうしたっすか？,네? 갑자기 왜 그래요?
ea5a2e5b016740416bde3a3456c70e76.bundle,續攤隆生說明恨蔓生2(新版),Branch,#Simple,168,……,……
ea5a2e5b016740416bde3a3456c70e76.bundle,續攤隆生說明恨蔓生2(新版),Say,リュウセイ･チョウ,340,とにかく、これからもよろしくっす！,"아무튼, 앞으로도 잘 부탁해요!"
ea5a2e5b016740416bde3a3456c70e76.bundle,續攤隆生說明恨蔓生2(新版),Say,心の声,46,これから……,앞으로……
ea5a2e5b016740416bde3a3456c70e76.bundle,續攤隆生說明恨蔓生2(新版),Say,心の声,47,そうか……,그런가……
ea5a2e5b016740416bde3a3456c70e76.bundle,續攤隆生說明恨蔓生2(新版),Say,リュウセイ･チョウ,341,……,……
ea5a2e5b016740416bde3a3456c70e76.bundle,續攤隆生說明恨蔓生2(新版),Say,リュウセイ･チョウ,342,よっしゃあああ！！！！！,좋았어어어!!!!!
ea5a2e5b016740416bde3a3456c70e76.bundle,續攤隆生說明恨蔓生2(新版),Say,心の声,48,……うるさい。,……시끄럽다.
ea5a2e5b016740416bde3a3456c70e76.bundle,續攤隆生說明恨蔓生2(新版),Say,リュウセイ･チョウ,343,……,……
ea5a2e5b016740416bde3a3456c70e76.bundle,續攤隆生說明恨蔓生2(新版),Say,リュウセイ･チョウ,344,はあー、やっと話せたっす！,"하아, 드디어 얘기했다!"
ea5a2e5b016740416bde3a3456c70e76.bundle,續攤隆生說明恨蔓生2(新版),Say,リュウセイ･チョウ,345,なんか溜め込んできたものが、一気に解放された感じっすね！,"왠지 쌓아뒀던 게, 한꺼번에 해방된 느낌이네요!"
ea5a2e5b016740416bde3a3456c70e76.bundle,續攤隆生說明恨蔓生2(新版),Say,リュウセイ･チョウ,346,スイ姉たちには、こんなこと話せないっすから……,"스이 누나한테는, 이런 얘기 못 하니까요……"
ea5a2e5b016740416bde3a3456c70e76.bundle,續攤隆生說明恨蔓生2(新版),Say,リュウセイ･チョウ,347,良くしてもらってるけど、やっぱり僕らとはかけ離れた存在って感じなので。,"잘해주시긴 하지만, 역시 저희랑은 동떨어진 존재라는 느낌이라서요."
ea5a2e5b016740416bde3a3456c70e76.bundle,續攤隆生說明恨蔓生2(新版),Say,リュウセイ･チョウ,348,こう見えても僕、結構寂しがり屋で……ハハハ……,"이래 봬도 저, 꽤 외로움 잘 타서……하하하……"
ea5a2e5b016740416bde3a3456c70e76.bundle,續攤隆生說明恨蔓生2(新版),Say,リュウセイ･チョウ,349,でも、今はジェイの兄貴がいてくれるっす！,"근데, 지금은 제이 형이 있어줘요!"
ea5a2e5b016740416bde3a3456c70e76.bundle,續攤隆生說明恨蔓生2(新版),Say,リュウセイ･チョウ,350,本当の兄ができたみたいで、すごく嬉しいっす！,"진짜 형이 생긴 것 같아서, 엄청 기뻐요!"
ea5a2e5b016740416bde3a3456c70e76.bundle,續攤隆生說明恨蔓生2(新版),Branch,#Simple,169,気持ち悪いな。,징그럽네.
ea5a2e5b016740416bde3a3456c70e76.bundle,續攤隆生說明恨蔓生2(新版),Say,リュウセイ･チョウ,351,男からの褒め言葉は、嘘がないって言うじゃないっすか！,"남자한테서 받는 칭찬은, 거짓이 없다고 하잖아요!"
ea5a2e5b016740416bde3a3456c70e76.bundle,續攤隆生說明恨蔓生2(新版),Branch,#Simple,170,ハハハ。,하하하.
ea5a2e5b016740416bde3a3456c70e76.bundle,續攤隆生說明恨蔓生2(新版),Say,リュウセイ･チョウ,352,冗談だと思ってるっすか？それとも本当に喜んでるのか……,농담이라고 생각하는 거예요? 아니면 진짜로 기뻐하고 있는 건지……
ea5a2e5b016740416bde3a3456c70e76.bundle,續攤隆生說明恨蔓生2(新版),Say,リュウセイ･チョウ,353,えいっ！きっとこれは心からの喜びっす！！,에잇! 분명 이건 진심 어린 기쁨이에요!!
ea5a2e5b016740416bde3a3456c70e76.bundle,續攤隆生說明恨蔓生2(新版),Branch,#Simple,171,俺も、リュウセイと会えて良かった。,"나도, 류세이랑 만나서 다행이야."
ea5a2e5b016740416bde3a3456c70e76.bundle,續攤隆生說明恨蔓生2(新版),Say,リュウセイ･チョウ,354,な、なんか小っ恥ずかしいっすね。ハハハ！,"왠, 왠지 좀 부끄럽네요. 하하하!"
ea5a2e5b016740416bde3a3456c70e76.bundle,續攤隆生說明恨蔓生2(新版),Branch,#Simple,172,……,……
ea5a2e5b016740416bde3a3456c70e76.bundle,續攤隆生說明恨蔓生2(新版),Say,リュウセイ･チョウ,355,……,……
ea5a2e5b016740416bde3a3456c70e76.bundle,續攤隆生說明恨蔓生2(新版),Say,リュウセイ･チョウ,356,もうこんな時間ですし……,벌써 시간이 이렇게 됐고……
ea5a2e5b016740416bde3a3456c70e76.bundle,續攤隆生說明恨蔓生2(新版),Say,リュウセイ･チョウ,357,そろそろ帰って寝た方がいいっすね。,슬슬 돌아가서 자는 게 좋겠네요.
ea5a2e5b016740416bde3a3456c70e76.bundle,續攤隆生說明恨蔓生2(新版),Branch,#Simple,173,ああ。,그래.
ea5a2e5b016740416bde3a3456c70e76.bundle,續攤隆生說明恨蔓生2(新版),Branch,#Simple,174,ああ、やっと解放された！,"아, 드디어 해방됐다!"
ea5a2e5b016740416bde3a3456c70e76.bundle,續攤隆生說明恨蔓生2(新版),Say,リュウセイ･チョウ,358,それは、僕との話が辛かったってことっすか！？,"그거, 저랑 얘기하는 게 힘들었다는 거예요!?"
ea5a2e5b016740416bde3a3456c70e76.bundle,續攤隆生說明恨蔓生2(新版),Branch,#Simple,175,ハハハ！,하하하!
ea5a2e5b016740416bde3a3456c70e76.bundle,續攤隆生說明恨蔓生2(新版),Branch,#Simple,176,リュウセイの話は長いから、確かに辛かったな。,"류세이 얘기는 기니까, 확실히 힘들었어."
ea5a2e5b016740416bde3a3456c70e76.bundle,續攤隆生說明恨蔓生2(新版),Say,リュウセイ･チョウ,359,そんな～,그런~
ea5a2e5b016740416bde3a3456c70e76.bundle,續攤隆生說明恨蔓生2(新版),Branch,#Simple,177,スイ･ニンの説教と同じくらい辛かった。,스이 닌의 설교랑 비슷할 정도로 힘들었어.
ea5a2e5b016740416bde3a3456c70e76.bundle,續攤隆生說明恨蔓生2(新版),Say,リュウセイ･チョウ,360,ハハハハハ！,하하하하하!
ea5a2e5b016740416bde3a3456c70e76.bundle,續攤隆生說明恨蔓生2(新版),Say,リュウセイ･チョウ,361,帰ったらスイ姉に、ジェイの兄貴がこんなことを言ってたって、告げ口するっす！,"집에 가면 스이 누나한테, 제이 형이 이런 소리 했다고, 일러바칠 거예요!"
ea5a2e5b016740416bde3a3456c70e76.bundle,續攤隆生說明恨蔓生2(新版),Branch,#Simple,178,……,……
ea5a2e5b016740416bde3a3456c70e76.bundle,續攤隆生說明恨蔓生2(新版),Say,リュウセイ･チョウ,362,じゃ、僕はここで。ジェイの兄貴、また明日！,"그럼, 저는 여기서. 제이 형, 내일 봐요!"
ea5a2e5b016740416bde3a3456c70e76.bundle,續攤隆生說明恨蔓生2(新版),Branch,#Simple,179,また明日な。,내일 보자.
ea5a2e5b016740416bde3a3456c70e76.bundle,續攤隆生說明恨蔓生2(新版),Branch,#Simple,180,おやすみ。,잘 자.
ea5a2e5b016740416bde3a3456c70e76.bundle,續攤隆生說明恨蔓生2(新版),Say,リュウセイ･チョウ,363,おやすみなさいっす～,안녕히 주무세요~
ea5a2e5b016740416bde3a3456c70e76.bundle,續攤隆生說明恨蔓生2(新版),Branch,#Simple,181,……,……
ea5a2e5b016740416bde3a3456c70e76.bundle,續攤隆生說明恨蔓生2(新版),Say,心の声,49,あの楽観的なリュウセイに、あんな過去があったとは……,"그 낙관적인 류세이한테, 그런 과거가 있었다니……"
ea5a2e5b016740416bde3a3456c70e76.bundle,續攤隆生說明恨蔓生2(新版),Say,心の声,50,……,……
ea5a2e5b016740416bde3a3456c70e76.bundle,續攤隆生說明恨蔓生2(新版),Say,心の声,51,秘密裏に行われていた人体実験……,은밀하게 행해지고 있던 인체 실험……
ea5a2e5b016740416bde3a3456c70e76.bundle,續攤隆生說明恨蔓生2(新版),Say,心の声,52,リンの身に起きたこと……,린의 몸에 일어난 일……
ea5a2e5b016740416bde3a3456c70e76.bundle,續攤隆生說明恨蔓生2(新版),Say,心の声,53,俺の知らないところで、悲劇は絶えず繰り返されている。,"내가 모르는 곳에서, 비극은 끊임없이 반복되고 있다."
ea5a2e5b016740416bde3a3456c70e76.bundle,續攤隆生說明恨蔓生2(新版),Say,心の声,54,俺の身に災難が降りかかるまで、俺は全くそういったものに気がつかなかった……,"내 몸에 재난이 닥칠 때까지, 나는 전혀 그런 것들을 눈치채지 못했다……"
ea5a2e5b016740416bde3a3456c70e76.bundle,續攤隆生說明恨蔓生2(新版),Say,心の声,55,この社会は、俺が気づかないうちに、ゆっくりと変化し続けている……,"이 사회는, 내가 눈치채지 못하는 사이에, 천천히 계속 변하고 있다……"
ea5a2e5b016740416bde3a3456c70e76.bundle,續攤隆生說明恨蔓生2(新版),Say,心の声,56,……,……
ea5a2e5b016740416bde3a3456c70e76.bundle,續攤隆生說明恨蔓生2(新版),Say,心の声,57,それでも、俺のやるべきことは変わらない……,"그래도, 내가 해야 할 일은 변하지 않는다……"
ea5a2e5b016740416bde3a3456c70e76.bundle,續攤隆生說明恨蔓生2(新版),Say,心の声,58,俺は自分の生活と大切な人を守る。,나는 내 생활과 소중한 사람을 지킨다.
ea5a2e5b016740416bde3a3456c70e76.bundle,續攤隆生說明恨蔓生2(新版),Say,心の声,59,それだけだ。,그것뿐이다.
ea5a2e5b016740416bde3a3456c70e76.bundle,續攤隆生說明恨蔓生2(新版),Say,心の声,60,……,……
ea5a2e5b016740416bde3a3456c70e76.bundle,續攤隆生說明恨蔓生2(新版),Say,心の声,61,寒い。,춥다.
ea5a2e5b016740416bde3a3456c70e76.bundle,續攤隆生說明恨蔓生2(新版),Say,心の声,62,そろそろ行こう。,슬슬 가자.
ea5a2e5b016740416bde3a3456c70e76.bundle,續攤隆生說明恨蔓生2(新版),Say,心の声,63,他にも約束があったな。,다른 약속도 있었지.
ea5a2e5b016740416bde3a3456c70e76.bundle,回家巧遇隆生,Say,リュウセイ･チョウ,0,よっ！ジェイの兄貴！,어이! 제이 형님!
ea5a2e5b016740416bde3a3456c70e76.bundle,回家巧遇隆生,Branch,#Simple,0,よっ。,어이.
ea5a2e5b016740416bde3a3456c70e76.bundle,回家巧遇隆生,Branch,#Simple,1,まだここにいたのか？,아직 여기 있었어?
ea5a2e5b016740416bde3a3456c70e76.bundle,回家巧遇隆生,Branch,#Simple,2,……,……
ea5a2e5b016740416bde3a3456c70e76.bundle,回家巧遇隆生,Say,リュウセイ･チョウ,1,タバコを吸ってたっす。,담배 피우고 있었어요.
ea5a2e5b016740416bde3a3456c70e76.bundle,回家巧遇隆生,Say,リュウセイ･チョウ,2,一緒に行きましょう。,같이 가요.
ea5a2e5b016740416bde3a3456c70e76.bundle,回想起陳木海,Say,心の声,0,そうだ。今日はムカイ･チンとの約束がある。,맞다. 오늘은 무카이 친이랑 약속이 있다.
ea5a2e5b016740416bde3a3456c70e76.bundle,回想起陳木海,Say,心の声,1,ラーメンチャンに行かないと……,라멘장에 가야 하는데……
ea5a2e5b016740416bde3a3456c70e76.bundle,司徒跟主角程芳語重心長2,Say,リン･テイ,0,ジェイ！,제이!
ea5a2e5b016740416bde3a3456c70e76.bundle,司徒跟主角程芳語重心長2,Branch,#Simple,0,どうしたんだ！？,무슨 일이야!?
ea5a2e5b016740416bde3a3456c70e76.bundle,司徒跟主角程芳語重心長2,Branch,#Simple,1,大丈夫だ。,괜찮아.
ea5a2e5b016740416bde3a3456c70e76.bundle,司徒跟主角程芳語重心長2,Branch,#Simple,2,……,……
ea5a2e5b016740416bde3a3456c70e76.bundle,司徒跟主角程芳語重心長2,Say,スイ･ニン,0,すまない。,미안하다.
ea5a2e5b016740416bde3a3456c70e76.bundle,司徒跟主角程芳語重心長2,Say,スイ･ニン,1,口で説明するより、実際に見せた方がいいと思って。,"말로 설명하는 것보다, 실제로 보여주는 게 낫다고 생각해서."
ea5a2e5b016740416bde3a3456c70e76.bundle,司徒跟主角程芳語重心長2,Say,スイ･ニン,2,見た通り、ジェイは普通の人間ではない。,"본 대로, 제이는 평범한 인간이 아니다."
ea5a2e5b016740416bde3a3456c70e76.bundle,司徒跟主角程芳語重心長2,Say,リン･テイ,1,……普通の人間ではない？,……평범한 인간이 아니라고?
ea5a2e5b016740416bde3a3456c70e76.bundle,司徒跟主角程芳語重心長2,Say,スイ･ニン,3,先程、彼は常人を遙かに凌駕する反応速度を見せた。,"조금 전, 그는 보통 사람을 훨씬 능가하는 반응 속도를 보였다."
ea5a2e5b016740416bde3a3456c70e76.bundle,司徒跟主角程芳語重心長2,Say,リン･テイ,2,ど、どういうことなの……,"무, 무슨 소리야……"
ea5a2e5b016740416bde3a3456c70e76.bundle,司徒跟主角程芳語重心長2,Branch,#Simple,3,それは俺が改造されているせいか？,그건 내가 개조당해서인가?
ea5a2e5b016740416bde3a3456c70e76.bundle,司徒跟主角程芳語重心長2,Branch,#Simple,4,俺が普通の人間じゃないことは、最初からわかってただろう？,"내가 평범한 인간이 아니라는 건, 처음부터 알고 있었잖아?"
ea5a2e5b016740416bde3a3456c70e76.bundle,司徒跟主角程芳語重心長2,Say,リン･テイ,3,ジェイ？どういうことなの？あなたは知ってたの？,제이? 무슨 소리야? 너는 알고 있었어?
ea5a2e5b016740416bde3a3456c70e76.bundle,司徒跟主角程芳語重心長2,Branch,#Simple,5,……,……
ea5a2e5b016740416bde3a3456c70e76.bundle,司徒跟主角程芳語重心長2,Say,スイ･ニン,4,リン、単刀直入に言おう。,"린, 단도직입적으로 말하지."
ea5a2e5b016740416bde3a3456c70e76.bundle,司徒跟主角程芳語重心長2,Say,スイ･ニン,5,ジェイは、生まれながらに装置を埋め込まれた、改造人間だ。,"제이는, 태어날 때부터 장치가 삽입된, 개조 인간이다."
ea5a2e5b016740416bde3a3456c70e76.bundle,司徒跟主角程芳語重心長2,Say,リン･テイ,4,か、改造人間？どういうこと？誰にそんなことを？,"가, 개조 인간? 무슨 소리야? 누가 그런 짓을?"
ea5a2e5b016740416bde3a3456c70e76.bundle,司徒跟主角程芳語重心長2,Say,心の声,0,リンが混乱している。,린이 혼란스러워하고 있다.
ea5a2e5b016740416bde3a3456c70e76.bundle,司徒跟主角程芳語重心長2,Branch,#Simple,6,リン、落ち着いて。,"린, 진정해."
ea5a2e5b016740416bde3a3456c70e76.bundle,司徒跟主角程芳語重心長2,Say,リン･テイ,5,こ、この状況で、どう落ち着けっていうのよ……,"이, 이런 상황에서, 어떻게 진정하라는 거야……"
ea5a2e5b016740416bde3a3456c70e76.bundle,司徒跟主角程芳語重心長2,Branch,#Simple,7,改造はされているが、俺に害はないんだ。,"개조는 됐지만, 나한테 해는 없어."
ea5a2e5b016740416bde3a3456c70e76.bundle,司徒跟主角程芳語重心長2,Say,リン･テイ,6,そ、そうなの？,"그, 그런 거야?"
ea5a2e5b016740416bde3a3456c70e76.bundle,司徒跟主角程芳語重心長2,Say,スイ･ニン,6,ああ。,그래.
ea5a2e5b016740416bde3a3456c70e76.bundle,司徒跟主角程芳語重心長2,Say,心の声,1,落ち着いてくれたようだ。,진정한 것 같다.
ea5a2e5b016740416bde3a3456c70e76.bundle,司徒跟主角程芳語重心長2,Branch,#Simple,8,……,……
ea5a2e5b016740416bde3a3456c70e76.bundle,司徒跟主角程芳語重心長2,Say,スイ･ニン,7,説明をさせてほしい。,설명하게 해줬으면 한다.
ea5a2e5b016740416bde3a3456c70e76.bundle,司徒跟主角程芳語重心長2,Say,スイ･ニン,8,フクロウが手に入れた情報によれば、とある正体不明の秘密結社により、この数十年間で、多くの人々が、密かに改造されていた。,"부엉이가 입수한 정보에 따르면, 정체불명의 어떤 비밀 결사에 의해, 최근 수십 년간, 많은 사람들이, 은밀히 개조당해왔다."
ea5a2e5b016740416bde3a3456c70e76.bundle,司徒跟主角程芳語重心長2,Say,スイ･ニン,9,彼らは改造した人間の精神を己のタイミングで操り、自分たちの目的の達成を目論んでいる。,"그들은 개조한 인간의 정신을 자기들 마음대로 조종해서, 자기들 목적을 달성하려고 획책하고 있다."
ea5a2e5b016740416bde3a3456c70e76.bundle,司徒跟主角程芳語重心長2,Say,リン･テイ,7,操る？,조종한다고?
ea5a2e5b016740416bde3a3456c70e76.bundle,司徒跟主角程芳語重心長2,Say,スイ･ニン,10,ええ。我々の調査によると、改造された人間には、ある共通の特徴がある。,"그래. 우리 조사에 따르면, 개조된 사람들에게는, 어떤 공통된 특징이 있다."
ea5a2e5b016740416bde3a3456c70e76.bundle,司徒跟主角程芳語重心長2,Say,スイ･ニン,11,彼らは皆、日常生活の中で時折、異常な行動を見せていて、またその行動時間も定かではなかった。,"그들은 모두, 일상생활 속에서 이따금, 이상 행동을 보였고, 또 그 행동 시간도 일정치 않았다."
ea5a2e5b016740416bde3a3456c70e76.bundle,司徒跟主角程芳語重心長2,Say,スイ･ニン,12,だが我々の調査により、その秘密結社がある方法を用いて、改造した人間の精神を操っていたことにより、彼らがそういった行動を取っていたことがわかった。,"하지만 우리 조사를 통해, 그 비밀 결사가 어떤 방법을 이용해서, 개조한 사람의 정신을 조종한 것으로 인해, 그들이 그런 행동을 하고 있었다는 걸 알아냈다."
ea5a2e5b016740416bde3a3456c70e76.bundle,司徒跟主角程芳語重心長2,Say,リン･テイ,8,そんな……,그럴 수가……
ea5a2e5b016740416bde3a3456c70e76.bundle,司徒跟主角程芳語重心長2,Say,スイ･ニン,13,彼らが精神制御をされている時間は10分～3、4日間に渡る。,"그들이 정신 제어를 당하는 시간은 10분에서 3, 4일간에 걸친다."
ea5a2e5b016740416bde3a3456c70e76.bundle,司徒跟主角程芳語重心長2,Say,リン･テイ,9,じゃあ、ジェイも……！,"그럼, 제이도……!"
ea5a2e5b016740416bde3a3456c70e76.bundle,司徒跟主角程芳語重心長2,Say,スイ･ニン,14,すでに私が処置を施したから、彼が精神制御されることはない。,"이미 내가 조치를 취했으니까, 그가 정신 제어당할 일은 없다."
ea5a2e5b016740416bde3a3456c70e76.bundle,司徒跟主角程芳語重心長2,Say,リン･テイ,10,……,……
ea5a2e5b016740416bde3a3456c70e76.bundle,司徒跟主角程芳語重心長2,Say,リン･テイ,11,状況が飲み込めない……,상황이 이해가 안 돼……
ea5a2e5b016740416bde3a3456c70e76.bundle,司徒跟主角程芳語重心長2,Say,リン･テイ,12,少し考える時間をちょうだい。,잠깐 생각할 시간을 줘.
ea5a2e5b016740416bde3a3456c70e76.bundle,司徒跟主角程芳語重心長2,Say,スイ･ニン,15,ええ。,네.
ea5a2e5b016740416bde3a3456c70e76.bundle,司徒跟主角程芳語重心長2,Say,リン･テイ,13,……,……
ea5a2e5b016740416bde3a3456c70e76.bundle,司徒跟主角程芳語重心長2,Say,リン･テイ,14,ジェイ、あなたはいつから知ってたの？,"제이, 너는 언제부터 알고 있었어?"
ea5a2e5b016740416bde3a3456c70e76.bundle,司徒跟主角程芳語重心長2,Branch,#Simple,9,昨日の夜だ。,어젯밤이야.
ea5a2e5b016740416bde3a3456c70e76.bundle,司徒跟主角程芳語重心長2,Branch,#Simple,10,少し前からだ。,조금 전부터야.
ea5a2e5b016740416bde3a3456c70e76.bundle,司徒跟主角程芳語重心長2,Say,リン･テイ,15,具体的にいつなの？,구체적으로 언제인데?
ea5a2e5b016740416bde3a3456c70e76.bundle,司徒跟主角程芳語重心長2,Say,心の声,2,圧を感じる。,압박감이 느껴진다.
ea5a2e5b016740416bde3a3456c70e76.bundle,司徒跟主角程芳語重心長2,Branch,#Simple,11,昨日の夜だ。,어젯밤이야.
ea5a2e5b016740416bde3a3456c70e76.bundle,司徒跟主角程芳語重心長2,Branch,#Simple,12,スイ･ニン、いつだったか教えてくれ。,"스이 닌, 언제였는지 알려줘."
ea5a2e5b016740416bde3a3456c70e76.bundle,司徒跟主角程芳語重心長2,Say,心の声,3,スイ･ニンが眉を上げて、こっちを見ている。,"스이 닌이 눈썹을 치켜올리며, 이쪽을 보고 있다."
ea5a2e5b016740416bde3a3456c70e76.bundle,司徒跟主角程芳語重心長2,Say,スイ･ニン,16,……昨日の夜だ。,……어젯밤이었다.
ea5a2e5b016740416bde3a3456c70e76.bundle,司徒跟主角程芳語重心長2,Say,リン･テイ,16,……,……
ea5a2e5b016740416bde3a3456c70e76.bundle,司徒跟主角程芳語重心長2,Say,リン･テイ,17,どうして私に言わなかったの？このまま隠すつもりだったの？,왜 나한테 말 안 했어? 이대로 숨길 생각이었어?
ea5a2e5b016740416bde3a3456c70e76.bundle,司徒跟主角程芳語重心長2,Branch,#Simple,13,これ以上、混乱させたくなかったんだ。,"더 이상, 혼란스럽게 만들고 싶지 않았어."
ea5a2e5b016740416bde3a3456c70e76.bundle,司徒跟主角程芳語重心長2,Say,リン･テイ,18,……,……
ea5a2e5b016740416bde3a3456c70e76.bundle,司徒跟主角程芳語重心長2,Say,リン･テイ,19,ジェイらしいね……,제이답네……
ea5a2e5b016740416bde3a3456c70e76.bundle,司徒跟主角程芳語重心長2,Branch,#Simple,14,言うタイミングがなかっただけだ。,말할 타이밍이 없었을 뿐이야.
ea5a2e5b016740416bde3a3456c70e76.bundle,司徒跟主角程芳語重心長2,Say,リン･テイ,20,……,……
ea5a2e5b016740416bde3a3456c70e76.bundle,司徒跟主角程芳語重心長2,Say,リン･テイ,21,そうよね、いろんなことが起きすぎてるもんね……,"그렇겠지, 여러 일이 너무 많이 일어났으니까……"
ea5a2e5b016740416bde3a3456c70e76.bundle,司徒跟主角程芳語重心長2,Say,心の声,4,リンは何を考えているんだ……,린은 무슨 생각을 하고 있는 거지……
ea5a2e5b016740416bde3a3456c70e76.bundle,司徒跟主角程芳語重心長2,Say,リン･テイ,22,スイさん……,스이 씨……
ea5a2e5b016740416bde3a3456c70e76.bundle,司徒跟主角程芳語重心長2,Say,リン･テイ,23,どうして今になって、教えてくれたの？,"왜 이제 와서, 알려준 거야?"
ea5a2e5b016740416bde3a3456c70e76.bundle,司徒跟主角程芳語重心長2,Say,スイ･ニン,17,今日、私は確信したからだ。,"오늘, 내가 확신했기 때문이다."
ea5a2e5b016740416bde3a3456c70e76.bundle,司徒跟主角程芳語重心長2,Say,スイ･ニン,18,先程は言わなかったが、改造といっても、様々な種類があるんだ。,"조금 전엔 말 안 했지만, 개조라고 해도, 다양한 종류가 있다."
ea5a2e5b016740416bde3a3456c70e76.bundle,司徒跟主角程芳語重心長2,Say,スイ･ニン,19,その中でも、身体能力に関する改造は特に危険なものだ。,"그중에서도, 신체 능력에 관한 개조는 특히 위험한 것이다."
ea5a2e5b016740416bde3a3456c70e76.bundle,司徒跟主角程芳語重心長2,Branch,#Simple,15,身体能力とは言っても、具体的にどこの部分の改造なんだ？,"신체 능력이라 해도, 구체적으로 어느 부분의 개조인 거지?"
ea5a2e5b016740416bde3a3456c70e76.bundle,司徒跟主角程芳語重心長2,Say,スイ･ニン,20,簡単に言うと、運動能力に関する臓器だ。,"간단히 말하면, 운동 능력에 관련된 장기다."
ea5a2e5b016740416bde3a3456c70e76.bundle,司徒跟主角程芳語重心長2,Branch,#Simple,16,俺がまさしくそれだな。,내가 딱 그거로군.
ea5a2e5b016740416bde3a3456c70e76.bundle,司徒跟主角程芳語重心長2,Say,スイ･ニン,21,そうだ。,그렇다.
ea5a2e5b016740416bde3a3456c70e76.bundle,司徒跟主角程芳語重心長2,Branch,#Simple,17,……,……
ea5a2e5b016740416bde3a3456c70e76.bundle,司徒跟主角程芳語重心長2,Say,スイ･ニン,22,この改造の目的は……簡単に言うと人間の武器化だ。,이 개조의 목적은……간단히 말하면 인간의 무기화다.
ea5a2e5b016740416bde3a3456c70e76.bundle,司徒跟主角程芳語重心長2,Say,スイ･ニン,23,ジェイ、君は武器として改造されたんだ。,"제이, 너는 무기로서 개조된 거다."
ea5a2e5b016740416bde3a3456c70e76.bundle,司徒跟主角程芳語重心長2,Branch,#Simple,18,どういうことだ？,그게 무슨 소리야?
ea5a2e5b016740416bde3a3456c70e76.bundle,司徒跟主角程芳語重心長2,Say,スイ･ニン,24,つまり君は、通常の改造人間より危険だということだ。,"즉 너는, 일반적인 개조 인간보다 위험하다는 거다."
ea5a2e5b016740416bde3a3456c70e76.bundle,司徒跟主角程芳語重心長2,Branch,#Simple,19,だから俺は傭兵に勝てたのか？,그래서 내가 용병을 이길 수 있었던 건가?
ea5a2e5b016740416bde3a3456c70e76.bundle,司徒跟主角程芳語重心長2,Say,スイ･ニン,25,おそらく、そうだろう。,"아마, 그럴 거다."
ea5a2e5b016740416bde3a3456c70e76.bundle,司徒跟主角程芳語重心長2,Branch,#Simple,20,……,……
ea5a2e5b016740416bde3a3456c70e76.bundle,司徒跟主角程芳語重心長2,Say,リン･テイ,24,でも、ジェイが精神制御されることはないんでしょ……？,"근데, 제이가 정신 제어당할 일은 없는 거지……?"
ea5a2e5b016740416bde3a3456c70e76.bundle,司徒跟主角程芳語重心長2,Say,スイ･ニン,26,……,……
ea5a2e5b016740416bde3a3456c70e76.bundle,司徒跟主角程芳語重心長2,Say,スイ･ニン,27,フクロウの方針では、武器化改造された人間は見つけ次第……,"부엉이 방침으로는, 무기화 개조된 인간은 발견되는 대로……"
ea5a2e5b016740416bde3a3456c70e76.bundle,司徒跟主角程芳語重心長2,Say,スイ･ニン,28,拘束して研究、またはその場で処刑するかだ。,"구속해서 연구하거나, 아니면 그 자리에서 처형하거나다."
ea5a2e5b016740416bde3a3456c70e76.bundle,司徒跟主角程芳語重心長2,Say,リン･テイ,25,何ですって！？,뭐라고!?
ea5a2e5b016740416bde3a3456c70e76.bundle,司徒跟主角程芳語重心長2,Branch,#Simple,21,俺をどうするつもりだ？,나를 어떻게 할 셈이지?
ea5a2e5b016740416bde3a3456c70e76.bundle,司徒跟主角程芳語重心長2,Branch,#Simple,22,大人しく殺されるつもりはない。,얌전히 죽어줄 생각은 없어.
ea5a2e5b016740416bde3a3456c70e76.bundle,司徒跟主角程芳語重心長2,Branch,#Simple,23,……,……
ea5a2e5b016740416bde3a3456c70e76.bundle,司徒跟主角程芳語重心長2,Say,スイ･ニン,29,落ち着いて。私はそれに反対している。,진정해. 나는 그것에 반대하고 있다.
ea5a2e5b016740416bde3a3456c70e76.bundle,司徒跟主角程芳語重心長2,Say,リン･テイ,26,あなた一人が、フクロウに抗ってところで、どうにもならないわ……,"당신 혼자서, 부엉이한테 맞서봤자, 어떻게도 안 될 거야……"
ea5a2e5b016740416bde3a3456c70e76.bundle,司徒跟主角程芳語重心長2,Say,スイ･ニン,30,確かにそうだ。,확실히 그래.
ea5a2e5b016740416bde3a3456c70e76.bundle,司徒跟主角程芳語重心長2,Branch,#Simple,24,俺のことを秘密にすればいい。,나에 대해 비밀로 하면 되잖아.
ea5a2e5b016740416bde3a3456c70e76.bundle,司徒跟主角程芳語重心長2,Say,スイ･ニン,31,それは時間の問題だ。,그건 시간문제다.
ea5a2e5b016740416bde3a3456c70e76.bundle,司徒跟主角程芳語重心長2,Say,スイ･ニン,32,例え、私が言わなかったとしても、いずれ見つかってしまうはずだ。,"설령, 내가 말하지 않는다 해도, 언젠가는 발각되고 말 거다."
ea5a2e5b016740416bde3a3456c70e76.bundle,司徒跟主角程芳語重心長2,Branch,#Simple,25,つまり、俺の死刑宣告をしに来たってわけか？,"그러니까, 내 사형 선고를 하러 온 거란 거야?"
ea5a2e5b016740416bde3a3456c70e76.bundle,司徒跟主角程芳語重心長2,Say,スイ･ニン,33,いいえ。,아니.
ea5a2e5b016740416bde3a3456c70e76.bundle,司徒跟主角程芳語重心長2,Branch,#Simple,26,……,……
ea5a2e5b016740416bde3a3456c70e76.bundle,司徒跟主角程芳語重心長2,Say,スイ･ニン,34,君にはもう一つ、道がある。,"너한테는 하나 더, 길이 있다."
ea5a2e5b016740416bde3a3456c70e76.bundle,司徒跟主角程芳語重心長2,Say,スイ･ニン,35,私と同じく、フクロウに入ることだ。,"나처럼, 부엉이에 들어오는 것이다."
ea5a2e5b016740416bde3a3456c70e76.bundle,司徒跟主角程芳語重心長2,Say,リン･テイ,27,……,……
ea5a2e5b016740416bde3a3456c70e76.bundle,司徒跟主角程芳語重心長2,Say,スイ･ニン,36,私も君と同じく、武器化改造された人間だ。,"나도 너처럼, 무기화 개조된 인간이다."
ea5a2e5b016740416bde3a3456c70e76.bundle,司徒跟主角程芳語重心長2,Say,心の声,5,彼女も……！？,이 여자도……!?
ea5a2e5b016740416bde3a3456c70e76.bundle,司徒跟主角程芳語重心長2,Say,スイ･ニン,37,フクロウの内部には、私たちのような人間を側に置きたいと思っているメンバーがいる。,"부엉이 내부에는, 우리 같은 사람을 곁에 두고 싶어 하는 멤버가 있다."
ea5a2e5b016740416bde3a3456c70e76.bundle,司徒跟主角程芳語重心長2,Say,スイ･ニン,38,そして私は、それの少ない成功例だ。,"그리고 나는, 그 흔치 않은 성공 사례다."
ea5a2e5b016740416bde3a3456c70e76.bundle,司徒跟主角程芳語重心長2,Branch,#Simple,27,少ない？,흔치 않아?
ea5a2e5b016740416bde3a3456c70e76.bundle,司徒跟主角程芳語重心長2,Branch,#Simple,28,失敗する可能性があるのか？,실패할 가능성이 있는 거야?
ea5a2e5b016740416bde3a3456c70e76.bundle,司徒跟主角程芳語重心長2,Say,スイ･ニン,39,常軌を逸するほどの危険人物、または実戦に適していないと判断された改造人間は……,"상궤를 벗어날 정도로 위험한 인물, 또는 실전에 적합하지 않다고 판단된 개조 인간은……"
ea5a2e5b016740416bde3a3456c70e76.bundle,司徒跟主角程芳語重心長2,Say,スイ･ニン,40,本来の方法で処理される。,본래의 방법으로 처리된다.
ea5a2e5b016740416bde3a3456c70e76.bundle,司徒跟主角程芳語重心長2,Say,スイ･ニン,41,とにかく……,아무튼……
ea5a2e5b016740416bde3a3456c70e76.bundle,司徒跟主角程芳語重心長2,Branch,#Simple,29,……,……
ea5a2e5b016740416bde3a3456c70e76.bundle,司徒跟主角程芳語重心長2,Say,スイ･ニン,42,私を信用してくれるなら、私は君の問題を解決してあげたいと思っている。,"나를 신용해준다면, 나는 네 문제를 해결해주고 싶다고 생각한다."
ea5a2e5b016740416bde3a3456c70e76.bundle,司徒跟主角程芳語重心長2,Say,心の声,6,フクロウに入れってことか……,부엉이에 들어가라는 건가……
ea5a2e5b016740416bde3a3456c70e76.bundle,司徒跟主角程芳語重心長2,Branch,#Simple,30,考える時間がほしい。,생각할 시간이 필요해.
ea5a2e5b016740416bde3a3456c70e76.bundle,司徒跟主角程芳語重心長2,Branch,#Simple,31,他に選択肢はないんだろう？,다른 선택지는 없는 거지?
ea5a2e5b016740416bde3a3456c70e76.bundle,司徒跟主角程芳語重心長2,Say,スイ･ニン,43,ええ。,네.
ea5a2e5b016740416bde3a3456c70e76.bundle,司徒跟主角程芳語重心長2,Branch,#Simple,32,俺が姿を消すことを選んだら？,내가 자취를 감추는 걸 선택하면?
ea5a2e5b016740416bde3a3456c70e76.bundle,司徒跟主角程芳語重心長2,Say,スイ･ニン,44,その場合は、君は一生フクロウに追われることになる。,"그럴 경우엔, 너는 평생 부엉이한테 쫓기게 된다."
ea5a2e5b016740416bde3a3456c70e76.bundle,司徒跟主角程芳語重心長2,Say,スイ･ニン,45,リンの考えも聞かせてほしい。,린의 생각도 들려줬으면 한다.
ea5a2e5b016740416bde3a3456c70e76.bundle,司徒跟主角程芳語重心長2,Say,リン･テイ,28,……,……
ea5a2e5b016740416bde3a3456c70e76.bundle,司徒跟主角程芳語重心長2,Say,リン･テイ,29,わからないよ。,모르겠어.
ea5a2e5b016740416bde3a3456c70e76.bundle,司徒跟主角程芳語重心長2,Say,リン･テイ,30,こんなの、すぐ決断できるわけないじゃん……,"이런 걸, 바로 결단할 수 있을 리가 없잖아……"
ea5a2e5b016740416bde3a3456c70e76.bundle,司徒跟主角程芳語重心長2,Say,スイ･ニン,46,……そうだな。すまない。,……그러네. 미안하다.
ea5a2e5b016740416bde3a3456c70e76.bundle,司徒跟主角程芳語重心長2,Say,スイ･ニン,47,……,……
ea5a2e5b016740416bde3a3456c70e76.bundle,司徒跟主角程芳語重心長2,Branch,#Simple,33,俺は本当に武器化改造されたのか？,나는 정말로 무기화 개조된 건가?
ea5a2e5b016740416bde3a3456c70e76.bundle,司徒跟主角程芳語重心長2,Say,スイ･ニン,48,本来は機械によるチェックが必要だが……間違いないと思う。,본래는 기계로 확인이 필요하지만……틀림없다고 생각한다.
ea5a2e5b016740416bde3a3456c70e76.bundle,司徒跟主角程芳語重心長2,Branch,#Simple,34,どうして最初に言わなかったんだ？,왜 처음부터 말 안 한 거지?
ea5a2e5b016740416bde3a3456c70e76.bundle,司徒跟主角程芳語重心長2,Say,スイ･ニン,49,この数日間、君を観察し続けて、ようやく確かなものだとわかったんだ。,"요 며칠간, 너를 계속 관찰해서, 겨우 확실하다는 걸 알았다."
ea5a2e5b016740416bde3a3456c70e76.bundle,司徒跟主角程芳語重心長2,Say,スイ･ニン,50,私は君と接触する前に、君の身辺調査をしていた。,"나는 너와 접촉하기 전에, 네 신변 조사를 했었다."
ea5a2e5b016740416bde3a3456c70e76.bundle,司徒跟主角程芳語重心長2,Say,スイ･ニン,51,その調査の中で、私と23号は、君がサイレントの侵入者を倒した映像を見たことで、この疑いを持ち始めた。,"그 조사 중에, 나랑 23호는, 네가 사일런트의 침입자를 쓰러뜨린 영상을 보고, 이 의심을 품기 시작했다."
ea5a2e5b016740416bde3a3456c70e76.bundle,司徒跟主角程芳語重心長2,Say,スイ･ニン,52,あれは戦闘経験によるものなどではない。明らかに君の身体能力と反応速度は、通常の人間を遙かに超えていた。,"그건 전투 경험에 의한 것 같은 게 아니었다. 명백히 네 신체 능력이랑 반응 속도는, 보통 인간을 훨씬 뛰어넘고 있었다."
ea5a2e5b016740416bde3a3456c70e76.bundle,司徒跟主角程芳語重心長2,Say,スイ･ニン,53,その後の病院での戦闘も、私はリュウセイに指示を出し、君の戦いを観察してもらった。,"그 후 병원에서의 전투도, 나는 류세이한테 지시를 내려서, 네 싸움을 관찰하게 했다."
ea5a2e5b016740416bde3a3456c70e76.bundle,司徒跟主角程芳語重心長2,Say,スイ･ニン,54,あの時の君は迅速かつ正確に敵を倒していた。,그때의 너는 신속하고 정확하게 적을 쓰러뜨리고 있었다.
ea5a2e5b016740416bde3a3456c70e76.bundle,司徒跟主角程芳語重心長2,Say,スイ･ニン,55,そして今日の傭兵との戦いで、私は君が武器化改造されていると確信したのだ。,"그리고 오늘 용병과의 전투에서, 나는 네가 무기화 개조되어 있다고 확신했다."
ea5a2e5b016740416bde3a3456c70e76.bundle,司徒跟主角程芳語重心長2,Branch,#Simple,35,そうか。,그런가.
ea5a2e5b016740416bde3a3456c70e76.bundle,司徒跟主角程芳語重心長2,Branch,#Simple,36,そんな簡単にわかるものなのか？改造人間は精神制御をされない限り、普通の人間と同じはずだろ？,"그렇게 쉽게 알 수 있는 건가? 개조 인간은 정신 제어를 당하지 않는 이상, 평범한 인간이랑 똑같을 텐데?"
ea5a2e5b016740416bde3a3456c70e76.bundle,司徒跟主角程芳語重心長2,Say,リン･テイ,31,そうなの？,그래?
ea5a2e5b016740416bde3a3456c70e76.bundle,司徒跟主角程芳語重心長2,Say,スイ･ニン,56,ええ、そうでないと、改造人間であることが簡単に知られてしまう。,"그래, 그렇지 않으면, 개조 인간이라는 게 쉽게 들통나버린다."
ea5a2e5b016740416bde3a3456c70e76.bundle,司徒跟主角程芳語重心長2,Say,スイ･ニン,57,だが、君のように制御されていなくても、改造された力を発揮できる例外が存在する。,"하지만, 너처럼 제어당하지 않아도, 개조된 힘을 발휘할 수 있는 예외가 존재한다."
ea5a2e5b016740416bde3a3456c70e76.bundle,司徒跟主角程芳語重心長2,Say,スイ･ニン,58,私が君をフクロウに引き入れようとする、もう一つの理由がそれだ。,"내가 너를 부엉이로 끌어들이려는, 또 하나의 이유가 그거다."
ea5a2e5b016740416bde3a3456c70e76.bundle,司徒跟主角程芳語重心長2,Say,スイ･ニン,59,訓練さえ積めば、君は私のように、意識的に自分の力を使えるようになるはずだ。,"훈련만 쌓으면, 너는 나처럼, 의식적으로 자기 힘을 쓸 수 있게 될 거다."
ea5a2e5b016740416bde3a3456c70e76.bundle,司徒跟主角程芳語重心長2,Say,心の声,7,そんなことが、本当にできるのか……？,"그런 게, 정말로 가능한 건가……?"
ea5a2e5b016740416bde3a3456c70e76.bundle,司徒跟主角程芳語重心長2,Branch,#Simple,37,……,……
ea5a2e5b016740416bde3a3456c70e76.bundle,司徒跟主角程芳語重心長2,Branch,#Simple,38,……,……
ea5a2e5b016740416bde3a3456c70e76.bundle,司徒跟主角程芳語重心長2,Say,スイ･ニン,60,ジェイ、君にとってこれは悪い知らせであると同時に、良いチャンスでもある。,"제이, 너한테 이건 나쁜 소식인 동시에, 좋은 기회이기도 하다."
ea5a2e5b016740416bde3a3456c70e76.bundle,司徒跟主角程芳語重心長2,Say,スイ･ニン,61,君とフクロウが対面する前に、私は君を訓練することができる。,"네가 부엉이와 대면하기 전에, 나는 너를 훈련시킬 수 있다."
ea5a2e5b016740416bde3a3456c70e76.bundle,司徒跟主角程芳語重心長2,Branch,#Simple,39,わかってる。俺もこのチャンスを逃がしたくない。,알고 있어. 나도 이 기회를 놓치고 싶지 않아.
ea5a2e5b016740416bde3a3456c70e76.bundle,司徒跟主角程芳語重心長2,Say,スイ･ニン,62,ええ。,네.
ea5a2e5b016740416bde3a3456c70e76.bundle,司徒跟主角程芳語重心長2,Say,スイ･ニン,63,君は強い意志を持っている。,너는 강한 의지를 갖고 있군.
ea5a2e5b016740416bde3a3456c70e76.bundle,司徒跟主角程芳語重心長2,Branch,#Simple,40,せめて急に殺されることがないように、訓練してくれるってことか？,"적어도 갑자기 죽는 일은 없게, 훈련시켜주겠다는 거야?"
ea5a2e5b016740416bde3a3456c70e76.bundle,司徒跟主角程芳語重心長2,Say,スイ･ニン,64,……,……
ea5a2e5b016740416bde3a3456c70e76.bundle,司徒跟主角程芳語重心長2,Say,スイ･ニン,65,ええ。,네.
ea5a2e5b016740416bde3a3456c70e76.bundle,司徒跟主角程芳語重心長2,Branch,#Simple,41,すまないが、今はまだあんたに心から礼を言うことはできない。,"미안하지만, 지금은 아직 당신한테 진심으로 고맙다고 말할 수는 없어."
ea5a2e5b016740416bde3a3456c70e76.bundle,司徒跟主角程芳語重心長2,Say,スイ･ニン,66,いや、そういう意味じゃないんだ……,"아니, 그런 뜻이 아니라……"
ea5a2e5b016740416bde3a3456c70e76.bundle,司徒跟主角程芳語重心長2,Branch,#Simple,42,……,……
ea5a2e5b016740416bde3a3456c70e76.bundle,司徒跟主角程芳語重心長2,Say,スイ･ニン,67,この件をすべて納得するには、時間が必要だ。,"이 일을 전부 납득하려면, 시간이 필요하다."
ea5a2e5b016740416bde3a3456c70e76.bundle,司徒跟主角程芳語重心長2,Say,スイ･ニン,68,幸いなことに、まだフクロウはジェイの存在に気づいていないと思う。,"다행히도, 아직 부엉이는 제이의 존재를 눈치채지 못한 것 같다."
ea5a2e5b016740416bde3a3456c70e76.bundle,司徒跟主角程芳語重心長2,Say,心の声,8,俺に残された時間はどれくらいあるんだ……？,나한테 남은 시간은 얼마나 되는 거지……?
ea5a2e5b016740416bde3a3456c70e76.bundle,司徒跟主角程芳語重心長2,Say,心の声,9,フクロウが俺の存在に気づくまでの時間は……,부엉이가 내 존재를 눈치챌 때까지의 시간은……
ea5a2e5b016740416bde3a3456c70e76.bundle,司徒跟主角程芳語重心長2,Say,心の声,10,リン？,린?
ea5a2e5b016740416bde3a3456c70e76.bundle,司徒跟主角程芳語重心長2,Say,リン･テイ,32,スイさん、一つ質問してもいい？,"스이 씨, 질문 하나 해도 돼?"
ea5a2e5b016740416bde3a3456c70e76.bundle,司徒跟主角程芳語重心長2,Say,スイ･ニン,69,もちろん。,물론이지.
ea5a2e5b016740416bde3a3456c70e76.bundle,司徒跟主角程芳語重心長2,Say,リン･テイ,33,あなたは自分の組織を裏切ってまで……,당신은 자기 조직을 배신하면서까지……
ea5a2e5b016740416bde3a3456c70e76.bundle,司徒跟主角程芳語重心長2,Say,リン･テイ,34,この調査を始め……,이 조사를 시작하고……
ea5a2e5b016740416bde3a3456c70e76.bundle,司徒跟主角程芳語重心長2,Say,リン･テイ,35,そしてジェイを助けてくれた……,그리고 제이를 도와줬어……
ea5a2e5b016740416bde3a3456c70e76.bundle,司徒跟主角程芳語重心長2,Say,リン･テイ,36,……それはなぜなの？,……그건 왜야?
ea5a2e5b016740416bde3a3456c70e76.bundle,司徒跟主角程芳語重心長2,Say,スイ･ニン,70,正しいことをしたいと思ったからだ。,옳은 일을 하고 싶었기 때문이다.
ea5a2e5b016740416bde3a3456c70e76.bundle,司徒跟主角程芳語重心長2,Say,心の声,11,即答だな。,즉답이군.
ea5a2e5b016740416bde3a3456c70e76.bundle,司徒跟主角程芳語重心長2,Say,心の声,12,そういえば、リュウセイも似たようなことを言っていたな。,"그러고 보니, 류세이도 비슷한 말을 했었지."
ea5a2e5b016740416bde3a3456c70e76.bundle,司徒跟主角程芳語重心長2,Say,スイ･ニン,71,私には力がある。だからやるべきだと思った。,나한테는 힘이 있다. 그러니까 해야 한다고 생각했다.
ea5a2e5b016740416bde3a3456c70e76.bundle,司徒跟主角程芳語重心長2,Say,スイ･ニン,72,大いなる力には、大いなる責任が伴う。,"큰 힘에는, 큰 책임이 따른다."
ea5a2e5b016740416bde3a3456c70e76.bundle,司徒跟主角程芳語重心長2,Branch,#Simple,43,実際にそう思っているやつがいるとは思えないな。,실제로 그렇게 생각하는 사람이 있을 줄은 몰랐네.
ea5a2e5b016740416bde3a3456c70e76.bundle,司徒跟主角程芳語重心長2,Say,スイ･ニン,73,その考えに従い、すべてをなし得ているかと言われれば難しいが、努力はしているつもりだ。,"그 생각에 따라서, 모든 걸 이뤄내고 있냐고 물으면 어렵지만, 노력은 하고 있다고 생각한다."
ea5a2e5b016740416bde3a3456c70e76.bundle,司徒跟主角程芳語重心長2,Branch,#Simple,44,アイアンマンのセリフだったか？,아이언맨 대사였나?
ea5a2e5b016740416bde3a3456c70e76.bundle,司徒跟主角程芳語重心長2,Say,リン･テイ,37,違うわ、スパイダーマンよ。,"아니야, 스파이더맨이야."
ea5a2e5b016740416bde3a3456c70e76.bundle,司徒跟主角程芳語重心長2,Say,スイ･ニン,74,正解だ。,정답이다.
ea5a2e5b016740416bde3a3456c70e76.bundle,司徒跟主角程芳語重心長2,Say,心の声,13,彼女が笑った。,그녀가 웃었다.
ea5a2e5b016740416bde3a3456c70e76.bundle,司徒跟主角程芳語重心長2,Branch,#Simple,45,スパイダーマンのセリフだよな？,스파이더맨 대사 맞지?
ea5a2e5b016740416bde3a3456c70e76.bundle,司徒跟主角程芳語重心長2,Say,スイ･ニン,75,ええ。,네.
ea5a2e5b016740416bde3a3456c70e76.bundle,司徒跟主角程芳語重心長2,Say,心の声,14,彼女が笑った。,그녀가 웃었다.
ea5a2e5b016740416bde3a3456c70e76.bundle,司徒跟主角程芳語重心長2,Branch,#Simple,46,……,……
ea5a2e5b016740416bde3a3456c70e76.bundle,司徒跟主角程芳語重心長2,Say,リン･テイ,38,なら、あなたが思う正しいことのためなら……,"그럼, 당신이 생각하는 옳은 일을 위해서라면……"
ea5a2e5b016740416bde3a3456c70e76.bundle,司徒跟主角程芳語重心長2,Say,リン･テイ,39,手段を問わないってこと？,수단을 안 가린다는 거야?
ea5a2e5b016740416bde3a3456c70e76.bundle,司徒跟主角程芳語重心長2,Say,スイ･ニン,76,私は目的のためにあらゆる手段を使うが、手段を問わず、目的を達成しようとはしていない。,"나는 목적을 위해서 온갖 수단을 쓰지만, 수단을 안 가리고, 목적을 달성하려는 건 아니다."
ea5a2e5b016740416bde3a3456c70e76.bundle,司徒跟主角程芳語重心長2,Say,スイ･ニン,77,私の目的に反する手段を使うなどという、本末転倒なことをするつもりはない。,"내 목적에 반하는 수단을 쓴다는, 본말전도 같은 짓을 할 생각은 없다."
ea5a2e5b016740416bde3a3456c70e76.bundle,司徒跟主角程芳語重心長2,Say,リン･テイ,40,スイさんは自分の中にルールがあるのね。,스이 씨는 자기 안에 규칙이 있는 거네.
ea5a2e5b016740416bde3a3456c70e76.bundle,司徒跟主角程芳語重心長2,Say,スイ･ニン,78,いや、その逆だ。,"아니, 그 반대다."
ea5a2e5b016740416bde3a3456c70e76.bundle,司徒跟主角程芳語重心長2,Say,スイ･ニン,79,ルールとは複雑なものを簡略化したものであり、持つべきものではないと思っている。,"규칙이란 복잡한 것을 간략화한 것이고, 가져서는 안 되는 것이라고 생각한다."
ea5a2e5b016740416bde3a3456c70e76.bundle,司徒跟主角程芳語重心長2,Say,スイ･ニン,80,なぜなら、拘束力のないルールは意味を持たないからだ。,"왜냐하면, 구속력 없는 규칙은 의미가 없기 때문이다."
ea5a2e5b016740416bde3a3456c70e76.bundle,司徒跟主角程芳語重心長2,Say,スイ･ニン,81,そして絶対的なルールは自分を制限するだけだ。,그리고 절대적인 규칙은 자신을 제한할 뿐이다.
ea5a2e5b016740416bde3a3456c70e76.bundle,司徒跟主角程芳語重心長2,Say,スイ･ニン,82,殺さない、嘘をつかない、誰かに一生の忠誠を誓う……,"죽이지 않는다, 거짓말을 안 한다, 누군가에게 평생의 충성을 맹세한다……"
ea5a2e5b016740416bde3a3456c70e76.bundle,司徒跟主角程芳語重心長2,Say,スイ･ニン,83,そういったルールは、行動の邪魔になるだけだ。,"그런 규칙은, 행동에 방해가 될 뿐이다."
ea5a2e5b016740416bde3a3456c70e76.bundle,司徒跟主角程芳語重心長2,Say,スイ･ニン,84,そんなルールを厳守したところで、何も意味がない。,"그런 규칙을 엄수해봤자, 아무 의미도 없다."
ea5a2e5b016740416bde3a3456c70e76.bundle,司徒跟主角程芳語重心長2,Say,スイ･ニン,85,それによって、何かを証明できるわけでも、成果を得られるわけでもないからだ。,"그걸로, 뭔가를 증명할 수 있는 것도, 성과를 얻을 수 있는 것도 아니기 때문이다."
ea5a2e5b016740416bde3a3456c70e76.bundle,司徒跟主角程芳語重心長2,Branch,#Simple,47,だがルールがなければ、それはただの自分勝手な行動にならないか？,"하지만 규칙이 없으면, 그건 그냥 제멋대로인 행동이 되지 않아?"
ea5a2e5b016740416bde3a3456c70e76.bundle,司徒跟主角程芳語重心長2,Say,スイ･ニン,86,人間はそもそも自分勝手だ。私たちは欲望や感情を起因に行動している。,인간은 애초에 제멋대로다. 우리는 욕망이나 감정을 원인으로 행동하고 있다.
ea5a2e5b016740416bde3a3456c70e76.bundle,司徒跟主角程芳語重心長2,Say,スイ･ニン,87,もちろん、目的のためには自分を抑制し、感情や欲望を捨てないといけない場合もある。,"물론, 목적을 위해서는 자신을 억제하고, 감정이나 욕망을 버려야 하는 경우도 있다."
ea5a2e5b016740416bde3a3456c70e76.bundle,司徒跟主角程芳語重心長2,Say,スイ･ニン,88,だがそれは、より大きな目標を成し遂げるための過程に過ぎない。,"하지만 그건, 더 큰 목표를 이루기 위한 과정에 불과하다."
ea5a2e5b016740416bde3a3456c70e76.bundle,司徒跟主角程芳語重心長2,Say,スイ･ニン,89,言い換えれば、自分の理想の妨げになる行動でなければ……,"바꿔 말하면, 자신의 이상에 방해가 되는 행동이 아니라면……"
ea5a2e5b016740416bde3a3456c70e76.bundle,司徒跟主角程芳語重心長2,Say,スイ･ニン,90,自分勝手な行動は問題ないと思う。,제멋대로인 행동은 문제없다고 생각한다.
ea5a2e5b016740416bde3a3456c70e76.bundle,司徒跟主角程芳語重心長2,Say,リン･テイ,41,自分勝手な行動をした人間がその結果や責任から逃げようとする方が問題ね。,제멋대로 행동한 사람이 그 결과나 책임에서 도망치려는 쪽이 문제네.
ea5a2e5b016740416bde3a3456c70e76.bundle,司徒跟主角程芳語重心長2,Say,スイ･ニン,91,そうだ。,그렇다.
ea5a2e5b016740416bde3a3456c70e76.bundle,司徒跟主角程芳語重心長2,Say,スイ･ニン,92,逆に、自分のルールを持っている人間の方が、勝手な行動に出ることが多い。,"오히려, 자기 규칙을 가진 사람 쪽이, 제멋대로인 행동에 나서는 경우가 많다."
ea5a2e5b016740416bde3a3456c70e76.bundle,司徒跟主角程芳語重心長2,Say,スイ･ニン,93,ルールの上で行動している自分は、自分勝手ではないと思い込んでしまうのだ。,"규칙 위에서 행동하고 있는 자신은, 제멋대로가 아니라고 믿어버리는 거다."
ea5a2e5b016740416bde3a3456c70e76.bundle,司徒跟主角程芳語重心長2,Say,スイ･ニン,94,事実、そういった人間は往々にしてルールの解釈を変え、より大きな自由を手に入れようとする。,"실제로, 그런 사람들은 종종 규칙의 해석을 바꿔서, 더 큰 자유를 손에 넣으려 한다."
ea5a2e5b016740416bde3a3456c70e76.bundle,司徒跟主角程芳語重心長2,Branch,#Simple,48,ルールを厳守することが、目的となっている場合はどうなんだ？,"규칙을 엄수하는 게, 목적이 되어 있는 경우는 어떻게 되는 거지?"
ea5a2e5b016740416bde3a3456c70e76.bundle,司徒跟主角程芳語重心長2,Say,スイ･ニン,95,厳しい言葉だが、愚かだと思う。,"가혹한 말이지만, 어리석다고 생각한다."
ea5a2e5b016740416bde3a3456c70e76.bundle,司徒跟主角程芳語重心長2,Say,スイ･ニン,96,ルールを厳守し続けることで、得られる成果はあるとは思う。,"규칙을 계속 엄수함으로써, 얻어지는 성과는 있다고 생각한다."
ea5a2e5b016740416bde3a3456c70e76.bundle,司徒跟主角程芳語重心長2,Say,スイ･ニン,97,例えば他者からの信頼とか。,예를 들면 타인으로부터의 신뢰라든가.
ea5a2e5b016740416bde3a3456c70e76.bundle,司徒跟主角程芳語重心長2,Say,スイ･ニン,98,だが、「ルールを厳守する」ことを目的にするのは、愚の骨頂だ。,"하지만, '규칙을 엄수한다'는 것을 목적으로 삼는 건, 어리석음의 극치다."
ea5a2e5b016740416bde3a3456c70e76.bundle,司徒跟主角程芳語重心長2,Branch,#Simple,49,自分の意志の強さを証明できるだろう？,자기 의지의 강함을 증명할 수 있잖아?
ea5a2e5b016740416bde3a3456c70e76.bundle,司徒跟主角程芳語重心長2,Say,スイ･ニン,99,ならばその人の目的は、強い意志があることを証明することであって……,"그렇다면 그 사람의 목적은, 강한 의지가 있다는 걸 증명하는 것이지……"
ea5a2e5b016740416bde3a3456c70e76.bundle,司徒跟主角程芳語重心長2,Say,スイ･ニン,100,ルールを厳守することではない。,규칙을 엄수하는 게 아니다.
ea5a2e5b016740416bde3a3456c70e76.bundle,司徒跟主角程芳語重心長2,Say,スイ･ニン,101,こういったことは、「ルールを厳守する」ことを目的とする人によく起きる問題だ。,"이런 건, '규칙을 엄수한다'를 목적으로 하는 사람한테 자주 일어나는 문제다."
ea5a2e5b016740416bde3a3456c70e76.bundle,司徒跟主角程芳語重心長2,Say,スイ･ニン,102,彼らのほとんどが、自分の本当の目的をよく理解していない。,"그들 대부분은, 자기 진짜 목적을 잘 이해하지 못하고 있다."
ea5a2e5b016740416bde3a3456c70e76.bundle,司徒跟主角程芳語重心長2,Branch,#Simple,50,そうだな。,그렇지.
ea5a2e5b016740416bde3a3456c70e76.bundle,司徒跟主角程芳語重心長2,Branch,#Simple,51,……,……
ea5a2e5b016740416bde3a3456c70e76.bundle,司徒跟主角程芳語重心長2,Say,スイ･ニン,103,私は自分のことをよく理解している。,나는 나 자신을 잘 이해하고 있다.
ea5a2e5b016740416bde3a3456c70e76.bundle,司徒跟主角程芳語重心長2,Say,スイ･ニン,104,そして、自分が下す決断をよく理解した上で、決断を出している。,"그리고, 내가 내리는 결단을 잘 이해한 상태에서, 결단을 내리고 있다."
ea5a2e5b016740416bde3a3456c70e76.bundle,司徒跟主角程芳語重心長2,Say,スイ･ニン,105,私が決められたルールの下で行動することはない。私はその場で決断を下して行動しているからだ。,내가 정해진 규칙 아래서 행동하는 일은 없다. 나는 그 자리에서 결단을 내려서 행동하고 있기 때문이다.
ea5a2e5b016740416bde3a3456c70e76.bundle,司徒跟主角程芳語重心長2,Say,スイ･ニン,106,そして、私の判断、行動基準は、私の価値観によるものだ。,"그리고, 내 판단, 행동 기준은, 내 가치관에 의한 것이다."
ea5a2e5b016740416bde3a3456c70e76.bundle,司徒跟主角程芳語重心長2,Say,スイ･ニン,107,私が思うに、人間は自分の行動を常に自分の価値観と照らし合わせるべきだと思う。,"내 생각엔, 인간은 자신의 행동을 항상 자신의 가치관과 대조해야 한다고 생각한다."
ea5a2e5b016740416bde3a3456c70e76.bundle,司徒跟主角程芳語重心長2,Say,スイ･ニン,108,もちろん、価値観は絶えず変化していくものだ。,"물론, 가치관은 끊임없이 변화해가는 것이다."
ea5a2e5b016740416bde3a3456c70e76.bundle,司徒跟主角程芳語重心長2,Say,スイ･ニン,109,価値観と照らし合わせず、ルールに逃げれば、自分の行動を疑う機会を失う。疑い、変化していかなければ、成長は止まり、腐り始める一方だ。,"가치관과 대조하지 않고, 규칙으로 도망치면, 자신의 행동을 의심할 기회를 잃는다. 의심하고, 변화해가지 않으면, 성장은 멈추고, 계속 썩어갈 뿐이다."
ea5a2e5b016740416bde3a3456c70e76.bundle,司徒跟主角程芳語重心長2,Say,リン･テイ,42,……,……
ea5a2e5b016740416bde3a3456c70e76.bundle,司徒跟主角程芳語重心長2,Say,リン･テイ,43,23号さんもそう思っているんですか？,23호 씨도 그렇게 생각하고 있어요?
ea5a2e5b016740416bde3a3456c70e76.bundle,司徒跟主角程芳語重心長2,Say,スイ･ニン,110,そうは思っていないと思う。,그렇게는 생각 안 할 거다.
ea5a2e5b016740416bde3a3456c70e76.bundle,司徒跟主角程芳語重心長2,Say,スイ･ニン,111,彼女は自分のルールを持っている。,그 애는 자기 규칙을 갖고 있다.
ea5a2e5b016740416bde3a3456c70e76.bundle,司徒跟主角程芳語重心長2,Branch,#Simple,52,法律を守ることか？,법률을 지키는 거?
ea5a2e5b016740416bde3a3456c70e76.bundle,司徒跟主角程芳語重心長2,Branch,#Simple,53,フクロウに従うことか？,부엉이에 따르는 거?
ea5a2e5b016740416bde3a3456c70e76.bundle,司徒跟主角程芳語重心長2,Say,スイ･ニン,112,平たく定義するのであれば、そういったことになるだろう。,"간단히 정의하자면, 그런 게 되겠지."
ea5a2e5b016740416bde3a3456c70e76.bundle,司徒跟主角程芳語重心長2,Branch,#Simple,54,……,……
ea5a2e5b016740416bde3a3456c70e76.bundle,司徒跟主角程芳語重心長2,Say,リン･テイ,44,でも彼女は自分のルールを破り、あなたと一緒に行動していることをフクロウに言わなかった。,"근데 그 사람은 자기 규칙을 어기고, 당신이랑 같이 행동하고 있다는 걸 부엉이한테 말 안 했잖아."
ea5a2e5b016740416bde3a3456c70e76.bundle,司徒跟主角程芳語重心長2,Say,スイ･ニン,113,……ええ。,……응.
ea5a2e5b016740416bde3a3456c70e76.bundle,司徒跟主角程芳語重心長2,Say,スイ･ニン,114,だからこそ……,그렇기 때문에……
ea5a2e5b016740416bde3a3456c70e76.bundle,司徒跟主角程芳語重心長2,Say,スイ･ニン,115,調査が始まってからの彼女は、ずっと迷っていた。,"조사가 시작되고 나서의 그 애는, 계속 갈팡질팡하고 있었다."
ea5a2e5b016740416bde3a3456c70e76.bundle,司徒跟主角程芳語重心長2,Say,スイ･ニン,116,この世界は非常に複雑だ。一つのルールを守り続ければ、幸せを得られるかと言ったら、それは不可能だ。,"이 세상은 대단히 복잡하다. 하나의 규칙을 계속 지킨다고, 행복을 얻을 수 있냐고 하면, 그건 불가능하다."
ea5a2e5b016740416bde3a3456c70e76.bundle,司徒跟主角程芳語重心長2,Say,スイ･ニン,117,私は23号にそのことを理解してほしくて説明したが、上手くはいかなかった。,"나는 23호가 그걸 이해해줬으면 해서 설명했지만, 잘 안 됐다."
ea5a2e5b016740416bde3a3456c70e76.bundle,司徒跟主角程芳語重心長2,Branch,#Simple,55,幸せを得られる？,행복을 얻는다고?
ea5a2e5b016740416bde3a3456c70e76.bundle,司徒跟主角程芳語重心長2,Say,スイ･ニン,118,私たちの仕事は、よく究極の選択をせがまれる。,"우리 일은, 자주 궁극의 선택을 강요당한다."
ea5a2e5b016740416bde3a3456c70e76.bundle,司徒跟主角程芳語重心長2,Say,スイ･ニン,119,例えば任務の達成のために、無実の民を見殺しにするなんてことは、よくあることだ。,"예를 들면 임무 달성을 위해서, 무고한 사람을 못 본 척 죽게 두는 일은, 흔한 일이다."
ea5a2e5b016740416bde3a3456c70e76.bundle,司徒跟主角程芳語重心長2,Say,スイ･ニン,120,だが、ほとんどの人はそれによる罪悪感やストレスに耐えられなくなる。23号もその一人だ。,"하지만, 대부분의 사람은 그것으로 인한 죄책감이나 스트레스를 견디지 못하게 된다. 23호도 그중 하나다."
ea5a2e5b016740416bde3a3456c70e76.bundle,司徒跟主角程芳語重心長2,Say,スイ･ニン,121,彼女は今でも、「秩序がもたらした規則」を守れば、安寧を得られると思っている。,"그 애는 지금도, '질서가 가져온 규칙'을 지키면, 안녕을 얻을 수 있다고 생각하고 있다."
ea5a2e5b016740416bde3a3456c70e76.bundle,司徒跟主角程芳語重心長2,Say,スイ･ニン,122,それが、彼女が自分に課したルールだ。,"그게, 그 애가 자신에게 부여한 규칙이다."
ea5a2e5b016740416bde3a3456c70e76.bundle,司徒跟主角程芳語重心長2,Say,心の声,15,だが彼女はそのルールを破った……,하지만 그 애는 그 규칙을 어겼다……
ea5a2e5b016740416bde3a3456c70e76.bundle,司徒跟主角程芳語重心長2,Branch,#Simple,56,どうして彼女はそのルールを破ったんだ？,왜 그 애는 그 규칙을 어긴 거지?
ea5a2e5b016740416bde3a3456c70e76.bundle,司徒跟主角程芳語重心長2,Say,スイ･ニン,123,ルールを守っても、安寧を得られないからだ。,"규칙을 지켜도, 안녕을 얻을 수 없기 때문이다."
ea5a2e5b016740416bde3a3456c70e76.bundle,司徒跟主角程芳語重心長2,Say,スイ･ニン,124,万象を調べることは正しいと理解し、彼女は今の行動に至ったはずだ。,"완샹을 조사하는 게 옳다는 걸 이해해서, 그 애는 지금의 행동에 이르렀을 거다."
ea5a2e5b016740416bde3a3456c70e76.bundle,司徒跟主角程芳語重心長2,Say,スイ･ニン,125,なのに彼女は、自分の課したルールに苛まれている……,"그런데도 그 애는, 자신이 부여한 규칙에 시달리고 있다……"
ea5a2e5b016740416bde3a3456c70e76.bundle,司徒跟主角程芳語重心長2,Branch,#Simple,57,もしかしたら、彼女はただあんたを助けたかっただけかもしれない。,"혹시, 그 애는 그냥 당신을 돕고 싶었던 것뿐일지도 모르지."
ea5a2e5b016740416bde3a3456c70e76.bundle,司徒跟主角程芳語重心長2,Say,スイ･ニン,126,……,……
ea5a2e5b016740416bde3a3456c70e76.bundle,司徒跟主角程芳語重心長2,Say,スイ･ニン,127,例えそうだとしても、私の理論が正しいことになる。,"설령 그렇다 해도, 내 이론이 옳다는 게 된다."
ea5a2e5b016740416bde3a3456c70e76.bundle,司徒跟主角程芳語重心長2,Say,スイ･ニン,128,……,……
ea5a2e5b016740416bde3a3456c70e76.bundle,司徒跟主角程芳語重心長2,Say,スイ･ニン,129,だが……,하지만……
ea5a2e5b016740416bde3a3456c70e76.bundle,司徒跟主角程芳語重心長2,Say,スイ･ニン,130,もし本当にそうだとしたら、私は悲しい。,"만약 정말로 그렇다면, 나는 슬프다."
ea5a2e5b016740416bde3a3456c70e76.bundle,司徒跟主角程芳語重心長2,Branch,#Simple,58,……,……
ea5a2e5b016740416bde3a3456c70e76.bundle,司徒跟主角程芳語重心長2,Branch,#Simple,59,……,……
ea5a2e5b016740416bde3a3456c70e76.bundle,司徒跟主角程芳語重心長2,Branch,#Simple,60,彼女に対して否定的ね。,그 애한테 부정적이네.
ea5a2e5b016740416bde3a3456c70e76.bundle,司徒跟主角程芳語重心長2,Say,スイ･ニン,131,一部を否定しているだけであって、彼女の全部を否定しているわけではない。,"일부를 부정하고 있을 뿐이지, 그 애의 전부를 부정하고 있는 건 아니다."
ea5a2e5b016740416bde3a3456c70e76.bundle,司徒跟主角程芳語重心長2,Say,スイ･ニン,132,私は彼女をとても重要視しているし、認めてもいる。,"나는 그 애를 아주 중요하게 여기고, 인정도 하고 있다."
ea5a2e5b016740416bde3a3456c70e76.bundle,司徒跟主角程芳語重心長2,Say,スイ･ニン,133,……,……
ea5a2e5b016740416bde3a3456c70e76.bundle,司徒跟主角程芳語重心長2,Branch,#Simple,61,……,……
ea5a2e5b016740416bde3a3456c70e76.bundle,司徒跟主角程芳語重心長2,Say,リン･テイ,45,……,……
ea5a2e5b016740416bde3a3456c70e76.bundle,司徒跟主角程芳語重心長2,Say,リン･テイ,46,大体わかったわ。ありがとう。,대충 알았어. 고마워.
ea5a2e5b016740416bde3a3456c70e76.bundle,司徒跟主角程芳語重心長2,Say,スイ･ニン,134,いや、こちらこそ話を聞いてもらえて良かった。,"아니, 나야말로 얘기를 들어줘서 다행이다."
ea5a2e5b016740416bde3a3456c70e76.bundle,司徒跟主角程芳語重心長2,Say,スイ･ニン,135,……,……
ea5a2e5b016740416bde3a3456c70e76.bundle,司徒跟主角程芳語重心長2,Say,スイ･ニン,136,リン、君は私と同じだと思う。,"린, 너는 나랑 비슷하다고 생각한다."
ea5a2e5b016740416bde3a3456c70e76.bundle,司徒跟主角程芳語重心長2,Say,スイ･ニン,137,ルールを作り、一時の安寧を求めるのではなく、常に正しさについて考えている。,"규칙을 만들어서, 일시적인 안녕을 구하는 게 아니라, 항상 옳음에 대해 생각하고 있다."
ea5a2e5b016740416bde3a3456c70e76.bundle,司徒跟主角程芳語重心長2,Say,スイ･ニン,138,そして、私たちは正しいことのためなら、犠牲をいとわない。,"그리고, 우리는 옳은 일을 위해서라면, 희생을 마다하지 않는다."
ea5a2e5b016740416bde3a3456c70e76.bundle,司徒跟主角程芳語重心長2,Say,リン･テイ,47,……,……
ea5a2e5b016740416bde3a3456c70e76.bundle,司徒跟主角程芳語重心長2,Say,リン･テイ,48,昔の私なら、喜んでその評価を受け入れたでしょうね。,"예전의 나였다면, 기꺼이 그 평가를 받아들였겠지."
ea5a2e5b016740416bde3a3456c70e76.bundle,司徒跟主角程芳語重心長2,Say,リン･テイ,49,でもいろんなことを経験した今は、素直に喜べないわ。,"근데 여러 일을 경험한 지금은, 순순히 기뻐할 수 없어."
ea5a2e5b016740416bde3a3456c70e76.bundle,司徒跟主角程芳語重心長2,Say,リン･テイ,50,私は自分のことを過大評価しすぎていた。私は犠牲をいとわないのではなく、ただ犠牲にしてきたものについて、真剣に向き合ってこなかっただけよ。,"나는 나 자신을 너무 과대평가하고 있었어. 나는 희생을 마다하지 않는 게 아니라, 그냥 희생시켜온 것들과, 진지하게 마주하지 않았을 뿐이야."
ea5a2e5b016740416bde3a3456c70e76.bundle,司徒跟主角程芳語重心長2,Say,リン･テイ,51,……,……
ea5a2e5b016740416bde3a3456c70e76.bundle,司徒跟主角程芳語重心長2,Say,リン･テイ,52,……こんなのはただの衝動で、勇気じゃないわ。,"……이런 건 그냥 충동이지, 용기가 아니야."
ea5a2e5b016740416bde3a3456c70e76.bundle,司徒跟主角程芳語重心長2,Say,スイ･ニン,139,君は自分の「手札」について、もう少し時間をかけて理解する必要があるだけだ。,"너는 네 '패'에 대해서, 좀 더 시간을 들여서 이해할 필요가 있을 뿐이다."
ea5a2e5b016740416bde3a3456c70e76.bundle,司徒跟主角程芳語重心長2,Say,リン･テイ,53,……手札？,……패?
ea5a2e5b016740416bde3a3456c70e76.bundle,司徒跟主角程芳語重心長2,Say,リン･テイ,54,自分の大事な人やものに対して、その言い方は……,"자기 소중한 사람이나 물건한테, 그런 말투는……"
ea5a2e5b016740416bde3a3456c70e76.bundle,司徒跟主角程芳語重心長2,Say,スイ･ニン,140,い、いや、違うんだ。わ、私は、そういう意味じゃなくて……,"아, 아니, 그게 아니다. 나, 나는, 그런 의미가 아니라……"
ea5a2e5b016740416bde3a3456c70e76.bundle,司徒跟主角程芳語重心長2,Say,心の声,16,彼女の慌てた顔を初めて見た……,저 여자의 당황한 얼굴은 처음 본다……
ea5a2e5b016740416bde3a3456c70e76.bundle,司徒跟主角程芳語重心長2,Say,スイ･ニン,141,私はただ……,저는 그냥……
ea5a2e5b016740416bde3a3456c70e76.bundle,司徒跟主角程芳語重心長2,Say,スイ･ニン,142,すまない、言葉を間違えたようだ。,"미안하다, 말을 잘못한 모양이다."
ea5a2e5b016740416bde3a3456c70e76.bundle,司徒跟主角程芳語重心長2,Say,スイ･ニン,143,時に私は理性的に考え過ぎて、冷酷な人間に見えるかもしれないが、そんなつもりはないんだ。,"가끔 나는 너무 이성적으로 생각해서, 냉혹한 인간으로 보일지도 모르지만, 그럴 의도는 없다."
ea5a2e5b016740416bde3a3456c70e76.bundle,司徒跟主角程芳語重心長2,Say,リン･テイ,55,大丈夫、よくわかるわ。,"괜찮아, 잘 알아."
ea5a2e5b016740416bde3a3456c70e76.bundle,司徒跟主角程芳語重心長2,Say,心の声,17,リンが苦笑いをしている。,린이 쓴웃음을 짓고 있다.
ea5a2e5b016740416bde3a3456c70e76.bundle,司徒跟主角程芳語重心長2,Say,スイ･ニン,144,私が言いたいのは、人間は究極の選択を経験することで、より本当の自分を知ることができる。,"내가 하고 싶은 말은, 인간은 궁극의 선택을 경험함으로써, 더 진정한 자신을 알 수 있다는 거다."
ea5a2e5b016740416bde3a3456c70e76.bundle,司徒跟主角程芳語重心長2,Say,リン･テイ,56,選択しようがない究極の選択に出会ったらどうするの？,선택할 수도 없는 궁극의 선택을 맞닥뜨리면 어떡할 건데?
ea5a2e5b016740416bde3a3456c70e76.bundle,司徒跟主角程芳語重心長2,Say,スイ･ニン,145,事実、私は今までいくつもの究極の選択をくぐり抜けてきた。,"실제로, 나는 지금까지 몇 번이나 궁극의 선택을 헤쳐나왔다."
ea5a2e5b016740416bde3a3456c70e76.bundle,司徒跟主角程芳語重心長2,Say,リン･テイ,57,そう……,그래……
ea5a2e5b016740416bde3a3456c70e76.bundle,司徒跟主角程芳語重心長2,Say,リン･テイ,58,……,……
ea5a2e5b016740416bde3a3456c70e76.bundle,司徒跟主角程芳語重心長2,Say,リン･テイ,59,でも……,근데……
ea5a2e5b016740416bde3a3456c70e76.bundle,司徒跟主角程芳語重心長2,Say,リン･テイ,60,それはただ、まだ本当の限界を経験してないだけじゃない……？,"그건 그냥, 아직 진짜 한계를 경험 못 한 것뿐 아니야……?"
ea5a2e5b016740416bde3a3456c70e76.bundle,司徒跟主角程芳語重心長2,Say,心の声,18,スイ･ニンが笑った。,스이 닌이 웃었다.
ea5a2e5b016740416bde3a3456c70e76.bundle,司徒跟主角程芳語重心長2,Say,スイ･ニン,146,誰かさんと同じことを言うね。,누구랑 똑같은 말을 하네.
ea5a2e5b016740416bde3a3456c70e76.bundle,司徒跟主角程芳語重心長2,Say,リン･テイ,61,その誰かさんは、いい人なの？,"그 누구는, 좋은 사람이야?"
ea5a2e5b016740416bde3a3456c70e76.bundle,司徒跟主角程芳語重心長2,Say,スイ･ニン,147,真面目な人だ。,성실한 사람이다.
ea5a2e5b016740416bde3a3456c70e76.bundle,司徒跟主角程芳語重心長2,Say,リン･テイ,62,……,……
ea5a2e5b016740416bde3a3456c70e76.bundle,司徒跟主角程芳語重心長2,Say,スイ･ニン,148,……,……
ea5a2e5b016740416bde3a3456c70e76.bundle,司徒跟主角程芳語重心長2,Say,リン･テイ,63,フフッ、ジェイったら、お腹が空いたの？,"후훗, 제이도 참, 배고파?"
ea5a2e5b016740416bde3a3456c70e76.bundle,司徒跟主角程芳語重心長2,Say,心の声,19,長々と真面目な話をしてたから、お腹が空いた……,"길게 진지한 얘기를 했더니, 배가 고프다……"
ea5a2e5b016740416bde3a3456c70e76.bundle,司徒跟主角程芳語重心長2,Say,スイ･ニン,149,こちらの話も終わったから、何か食べに行くといい。,"이쪽 얘기도 끝났으니까, 뭐 좀 먹으러 가는 게 좋겠다."
ea5a2e5b016740416bde3a3456c70e76.bundle,司徒跟主角程芳語重心長2,Branch,#Simple,62,二人は？,둘은?
ea5a2e5b016740416bde3a3456c70e76.bundle,司徒跟主角程芳語重心長2,Say,スイ･ニン,150,私は大丈夫だ。,나는 괜찮다.
ea5a2e5b016740416bde3a3456c70e76.bundle,司徒跟主角程芳語重心長2,Say,リン･テイ,64,私も。,나도.
ea5a2e5b016740416bde3a3456c70e76.bundle,司徒跟主角程芳語重心長2,Branch,#Simple,63,じゃ、下で適当に食べてくる。,"그럼, 아래서 적당히 먹고 올게."
ea5a2e5b016740416bde3a3456c70e76.bundle,司徒跟主角程芳語重心長2,Say,リン･テイ,65,うん！,응!
ea5a2e5b016740416bde3a3456c70e76.bundle,司徒跟主角程芳語重心長2,Branch,#Simple,64,……,……
ea5a2e5b016740416bde3a3456c70e76.bundle,司徒跟主角程芳語重心長2,Say,スイ･ニン,151,今、下に行けば、リュウセイがいるかもしれない。,"지금, 아래로 가면, 류세이가 있을지도 모른다."
ea5a2e5b016740416bde3a3456c70e76.bundle,司徒跟主角程芳語重心長2,Say,スイ･ニン,152,私はこの時間を使って、リンの怪我の治療をする。,"나는 이 시간을 이용해서, 린의 상처를 치료하겠다."
ea5a2e5b016740416bde3a3456c70e76.bundle,司徒跟主角程芳語重心長2,Branch,#Simple,65,俺も残って手伝う。,나도 남아서 도울게.
ea5a2e5b016740416bde3a3456c70e76.bundle,司徒跟主角程芳語重心長2,Say,リン･テイ,66,ジェイはいいの！,제이는 됐어!
ea5a2e5b016740416bde3a3456c70e76.bundle,司徒跟主角程芳語重心長2,Say,スイ･ニン,153,私もお勧めしない。,나도 권하지 않는다.
ea5a2e5b016740416bde3a3456c70e76.bundle,司徒跟主角程芳語重心長2,Say,スイ･ニン,154,治療の心得がないものが側にいても、足手まといになるだけだ。,"치료할 줄 모르는 사람이 옆에 있어봤자, 짐이 될 뿐이다."
ea5a2e5b016740416bde3a3456c70e76.bundle,司徒跟主角程芳語重心長2,Branch,#Simple,66,わかった。,알겠다.
ea5a2e5b016740416bde3a3456c70e76.bundle,司徒跟主角程芳語重心長2,Branch,#Simple,67,あんたは時に、簡単に人を傷つけるな。,"당신은 가끔, 쉽게 사람한테 상처를 주는군."
ea5a2e5b016740416bde3a3456c70e76.bundle,司徒跟主角程芳語重心長2,Branch,#Simple,68,足手まといは出て行けってことか。,짐 되니까 나가라는 거야?
ea5a2e5b016740416bde3a3456c70e76.bundle,司徒跟主角程芳語重心長2,Say,スイ･ニン,155,そういう意味じゃ……,그런 뜻이……
ea5a2e5b016740416bde3a3456c70e76.bundle,司徒跟主角程芳語重心長2,Say,リン･テイ,67,フフフッ、ジェイは冗談を言ってるだけよ。,"후후훗, 제이는 그냥 농담하는 거야."
ea5a2e5b016740416bde3a3456c70e76.bundle,司徒跟主角程芳語重心長2,Say,スイ･ニン,156,そうか……,그런가……
ea5a2e5b016740416bde3a3456c70e76.bundle,司徒跟主角程芳語重心長2,Branch,#Simple,69,わかった。,알겠다.
ea5a2e5b016740416bde3a3456c70e76.bundle,司徒跟主角程芳語重心長2,Branch,#Simple,70,……,……
ea5a2e5b016740416bde3a3456c70e76.bundle,司徒跟主角程芳語重心長2,Say,リン･テイ,68,じゃあ、また後で。ちゃんと、帰って来てね！,"그럼, 이따 봐. 꼭, 돌아와야 해!"
ea5a2e5b016740416bde3a3456c70e76.bundle,司徒跟主角程芳語重心長2,Branch,#Simple,71,ああ、また後で。,"그래, 이따 보자."
ea5a2e5b016740416bde3a3456c70e76.bundle,司徒跟主角程芳語重心長2,Branch,#Simple,72,……,……
