bundle_file,node,type,role,say_index,japanese,korean
5e03827b12d7ba437d60cedd39f08462.bundle,初次見到調查夥伴們,Say,リュウセイ･チョウ,0,ジェイさん、起きたっすか？,
5e03827b12d7ba437d60cedd39f08462.bundle,初次見到調查夥伴們,Say,心の声,0,……リュウセイ？,
5e03827b12d7ba437d60cedd39f08462.bundle,初次見到調查夥伴們,Say,リュウセイ･チョウ,1,た、立たない方がいいっすよ！まだ回復してないと思うから……,
5e03827b12d7ba437d60cedd39f08462.bundle,初次見到調查夥伴們,Say,リュウセイ･チョウ,2,えっと、さっきは本当にすみませんでした……,
5e03827b12d7ba437d60cedd39f08462.bundle,初次見到調查夥伴們,Branch,#Simple,0,ここはどこだ？,
5e03827b12d7ba437d60cedd39f08462.bundle,初次見到調查夥伴們,Say,リュウセイ･チョウ,3,あ！ジェイさんの家っす。,
5e03827b12d7ba437d60cedd39f08462.bundle,初次見到調查夥伴們,Say,リュウセイ･チョウ,4,まあ、大まかに言えばジェイさん家だよな……,
5e03827b12d7ba437d60cedd39f08462.bundle,初次見到調查夥伴們,Say,心の声,1,……どういうことだ？,
5e03827b12d7ba437d60cedd39f08462.bundle,初次見到調查夥伴們,Branch,#Simple,1,一体何が起きたんだ？,
5e03827b12d7ba437d60cedd39f08462.bundle,初次見到調查夥伴們,Say,リュウセイ･チョウ,5,僕は……あいつらを止められたはずなんす。,
5e03827b12d7ba437d60cedd39f08462.bundle,初次見到調查夥伴們,Say,心の声,2,……あいつら？,
5e03827b12d7ba437d60cedd39f08462.bundle,初次見到調查夥伴們,Say,心の声,3,喧嘩を売ってきたチンピラたちのことか？,
5e03827b12d7ba437d60cedd39f08462.bundle,初次見到調查夥伴們,Branch,#Simple,2,……,
5e03827b12d7ba437d60cedd39f08462.bundle,初次見到調查夥伴們,Say,リュウセイ･チョウ,6,混乱しているジェイさんには悪いけど、僕はこう言う説明が苦手で……,
5e03827b12d7ba437d60cedd39f08462.bundle,第二日主角夢中,Say,ジェイ･ダイ,0,お前、何てことをしてくれたんだ！？,
5e03827b12d7ba437d60cedd39f08462.bundle,第二日主角夢中,Say,ジェイ･ダイ,1,俺は言ったはずだ。絶対に彼女を傷つけるなって、それなのに……,
5e03827b12d7ba437d60cedd39f08462.bundle,第二日主角夢中,Say,ジェイ･ダイ,2,何故リンを止めなかった！,
5e03827b12d7ba437d60cedd39f08462.bundle,第二日主角夢中,Branch,#Simple,0,それは、俺の責任か？,
5e03827b12d7ba437d60cedd39f08462.bundle,第二日主角夢中,Say,ジェイ･ダイ,3,当たり前だ！,
5e03827b12d7ba437d60cedd39f08462.bundle,第二日主角夢中,Say,ジェイ･ダイ,4,お前のせいで……,
5e03827b12d7ba437d60cedd39f08462.bundle,第二日主角夢中,Branch,#Simple,1,リンを説得するのは不可能だ。あんたもわかっているはずだ。,
5e03827b12d7ba437d60cedd39f08462.bundle,第二日主角夢中,Say,ジェイ･ダイ,5,お前……,
5e03827b12d7ba437d60cedd39f08462.bundle,第二日主角夢中,Branch,#Simple,2,すまない。できる限りのことをしたんだ。,
5e03827b12d7ba437d60cedd39f08462.bundle,第二日主角夢中,Branch,#Simple,3,彼女に対して過度な干渉はしないと言ったはずだ！,
5e03827b12d7ba437d60cedd39f08462.bundle,第二日主角夢中,Say,ジェイ･ダイ,6,……,
5e03827b12d7ba437d60cedd39f08462.bundle,第二日主角夢中,Say,ジェイ･ダイ,7,……,
5e03827b12d7ba437d60cedd39f08462.bundle,第二日主角夢中,Say,ジェイ･ダイ,8,……,
5e03827b12d7ba437d60cedd39f08462.bundle,第二日主角夢中,Say,ジェイ･ダイ,9,最初から、こうなるじゃないかと薄々感じてはいた……,
5e03827b12d7ba437d60cedd39f08462.bundle,第二日主角夢中,Say,ジェイ･ダイ,10,……,
5e03827b12d7ba437d60cedd39f08462.bundle,第二日主角夢中,Say,ジェイ･ダイ,11,例え俺が説得したとしても、リンは聞く耳を持たなかっただろう。,
5e03827b12d7ba437d60cedd39f08462.bundle,第二日主角夢中,Say,ジェイ･ダイ,12,リンはいつもそうだ。自分の身を危険に晒そうとする……,
5e03827b12d7ba437d60cedd39f08462.bundle,第二日主角夢中,Say,ジェイ･ダイ,13,クソッ、俺はただ彼女と静かに暮らしたいだけなのに。彼女はいつもそうだ……,
5e03827b12d7ba437d60cedd39f08462.bundle,第二日主角夢中,Say,ジェイ･ダイ,14,他人の心配ばかりで、俺との生活なんて……,
5e03827b12d7ba437d60cedd39f08462.bundle,第二日主角夢中,Say,ジェイ･ダイ,15,……,
5e03827b12d7ba437d60cedd39f08462.bundle,第二日主角夢中,Say,ジェイ･ダイ,16,……,
5e03827b12d7ba437d60cedd39f08462.bundle,第二日主角夢中,Say,ジェイ･ダイ,17,……,
5e03827b12d7ba437d60cedd39f08462.bundle,第二日主角夢中,Branch,#Simple,4,嘆いてる暇はない、これからどうするつもりだ？,
5e03827b12d7ba437d60cedd39f08462.bundle,第二日主角夢中,Say,ジェイ･ダイ,18,……,
5e03827b12d7ba437d60cedd39f08462.bundle,第二日主角夢中,Branch,#Simple,5,リンはあんたのことも気にかけている。それはわかってるはずだろう？,
5e03827b12d7ba437d60cedd39f08462.bundle,第二日主角夢中,Say,ジェイ･ダイ,19,……,
5e03827b12d7ba437d60cedd39f08462.bundle,第二日主角夢中,Say,ジェイ･ダイ,20,ああ、わかってる、だが……,
5e03827b12d7ba437d60cedd39f08462.bundle,第二日主角夢中,Say,ジェイ･ダイ,21,……,
5e03827b12d7ba437d60cedd39f08462.bundle,第二日主角夢中,Branch,#Simple,6,彼女はそういう人だ。,
5e03827b12d7ba437d60cedd39f08462.bundle,第二日主角夢中,Say,ジェイ･ダイ,22,……,
5e03827b12d7ba437d60cedd39f08462.bundle,第二日主角夢中,Say,ジェイ･ダイ,23,俺は自己中心で他人に冷たい人間だ。,
5e03827b12d7ba437d60cedd39f08462.bundle,第二日主角夢中,Say,ジェイ･ダイ,24,俺はただ、リンの幸せだけを願っているのに、彼女は全世界の人を幸せにしたいと思っている。,
5e03827b12d7ba437d60cedd39f08462.bundle,第二日主角夢中,Branch,#Simple,7,何故彼女がそれを望んでいるか考えた事は？,
5e03827b12d7ba437d60cedd39f08462.bundle,第二日主角夢中,Say,ジェイ･ダイ,25,常に考えてるさ。だがいくら考えても彼女の考えなんてさっぱりだ……,
5e03827b12d7ba437d60cedd39f08462.bundle,第二日主角夢中,Branch,#Simple,8,彼女はただ、他人の目に良く映りたかっただけかもしれない。,
5e03827b12d7ba437d60cedd39f08462.bundle,第二日主角夢中,Say,ジェイ･ダイ,26,自分が善人であることを誰かに証明したかったってことか？,
5e03827b12d7ba437d60cedd39f08462.bundle,第二日主角夢中,Branch,#Simple,9,ああ、誰しも少なからずはそう思ったりするものだろ？,
5e03827b12d7ba437d60cedd39f08462.bundle,第二日主角夢中,Say,ジェイ･ダイ,27,俺はそうは思わないが……,
5e03827b12d7ba437d60cedd39f08462.bundle,第二日主角夢中,Branch,#Simple,10,別に彼女を偽善者だと言っているわけではないんだ。,
5e03827b12d7ba437d60cedd39f08462.bundle,第二日主角夢中,Say,ジェイ･ダイ,28,さっきの言い方は、そう言っているように聞こえたが？,
5e03827b12d7ba437d60cedd39f08462.bundle,第二日主角夢中,Say,ジェイ･ダイ,29,もし本当にリンが、善人であることを誰かに証明したかったのなら……,
5e03827b12d7ba437d60cedd39f08462.bundle,第二日主角夢中,Say,ジェイ･ダイ,30,その「誰か」とはおそらく、彼女自身の心だろう。,
5e03827b12d7ba437d60cedd39f08462.bundle,第二日主角夢中,Branch,#Simple,11,彼女はずっと罪悪感に苛まれていたのかもしれない。,
5e03827b12d7ba437d60cedd39f08462.bundle,第二日主角夢中,Say,ジェイ･ダイ,31,罪悪感？,
5e03827b12d7ba437d60cedd39f08462.bundle,第二日主角夢中,Branch,#Simple,12,助けを必要としている人たちに、後ろめたい気持ちがあったのかもしれない。,
5e03827b12d7ba437d60cedd39f08462.bundle,第二日主角夢中,Branch,#Simple,13,困窮にあえぐ人たちを尻目に、自分は良い生活を送っているからかもしれない。,
5e03827b12d7ba437d60cedd39f08462.bundle,第二日主角夢中,Say,ジェイ･ダイ,32,出会ってまだ二日目のはずだが、もうそこまで彼女のことを……,
5e03827b12d7ba437d60cedd39f08462.bundle,第二日主角夢中,Say,ジェイ･ダイ,33,お前の言う通りかもしれない……,
5e03827b12d7ba437d60cedd39f08462.bundle,第二日主角夢中,Branch,#Simple,14,彼女はずっと他人には理解できない特別な責任を背負っていたのかもしれない。,
5e03827b12d7ba437d60cedd39f08462.bundle,第二日主角夢中,Say,ジェイ･ダイ,34,どういう意味だ？,
5e03827b12d7ba437d60cedd39f08462.bundle,第二日主角夢中,Branch,#Simple,15,自分には他人を助けられる力があると思っている彼女は、それを実行せずにはいられないのかもしれない。,
5e03827b12d7ba437d60cedd39f08462.bundle,第二日主角夢中,Say,ジェイ･ダイ,35,俺には一生理解できない考え方だろうな……,
5e03827b12d7ba437d60cedd39f08462.bundle,第二日主角夢中,Branch,#Simple,16,もしかしたら、彼女はかつて誰かに助けられ、それに感化されて他の人を助けたいと思っているとか？,
5e03827b12d7ba437d60cedd39f08462.bundle,第二日主角夢中,Say,ジェイ･ダイ,36,そんな話は聞いたことないな。彼女は己の力だけで頑張ってきたはずだ……,
5e03827b12d7ba437d60cedd39f08462.bundle,第二日主角夢中,Branch,#Simple,17,でも屋上で聞いた話では、リンはあんたに助けられたと言っていた。,
5e03827b12d7ba437d60cedd39f08462.bundle,第二日主角夢中,Say,ジェイ･ダイ,37,……,
5e03827b12d7ba437d60cedd39f08462.bundle,第二日主角夢中,Say,ジェイ･ダイ,38,俺はリンを助けたことなんて一度もない……,
5e03827b12d7ba437d60cedd39f08462.bundle,第二日主角夢中,Say,ジェイ･ダイ,39,出会いも彼女が俺を助けてくれたのがきっかけだった。あれからずっと俺は、彼女に助けられてばかりだ。,
5e03827b12d7ba437d60cedd39f08462.bundle,第二日主角夢中,Branch,#Simple,18,そうか。俺の推測が外れたみたいだな。,
5e03827b12d7ba437d60cedd39f08462.bundle,第二日主角夢中,Say,ジェイ･ダイ,40,ああ。,
5e03827b12d7ba437d60cedd39f08462.bundle,第二日主角夢中,Branch,#Simple,19,……,
5e03827b12d7ba437d60cedd39f08462.bundle,第二日主角夢中,Branch,#Simple,20,もしかしたら、あんたがここまで彼女を必要としていることに、彼女は気づいていないのかもしれない。,
5e03827b12d7ba437d60cedd39f08462.bundle,第二日主角夢中,Say,ジェイ･ダイ,41,そうかもな。,
5e03827b12d7ba437d60cedd39f08462.bundle,第二日主角夢中,Say,ジェイ･ダイ,42,彼女が俺を必要としている以上に、俺は彼女を必要としている。,
5e03827b12d7ba437d60cedd39f08462.bundle,第二日主角夢中,Say,ジェイ･ダイ,43,彼女は自分自身を自立した、何にも縛られない人間だと思っている。現実も確かにそうだ。,
5e03827b12d7ba437d60cedd39f08462.bundle,第二日主角夢中,Say,ジェイ･ダイ,44,だが、俺は彼女に依存していた。,
5e03827b12d7ba437d60cedd39f08462.bundle,第二日主角夢中,Branch,#Simple,21,二人は一緒にいるべきではないのかもしれない。,
5e03827b12d7ba437d60cedd39f08462.bundle,第二日主角夢中,Say,ジェイ･ダイ,45,……俺にはまだ、それについて考えられる余裕はない。,
5e03827b12d7ba437d60cedd39f08462.bundle,第二日主角夢中,Say,ジェイ･ダイ,46,だが、今の俺にとって彼女が一番であることは変わらない。,
5e03827b12d7ba437d60cedd39f08462.bundle,第二日主角夢中,Branch,#Simple,22,歪んだ愛情のようにも聞こえるが。,
5e03827b12d7ba437d60cedd39f08462.bundle,第二日主角夢中,Say,ジェイ･ダイ,47,かもな……だが、現状を変える気はない。,
5e03827b12d7ba437d60cedd39f08462.bundle,第二日主角夢中,Say,ジェイ･ダイ,48,リンが諦めるまで、俺は決して諦めるつもりはない。,
5e03827b12d7ba437d60cedd39f08462.bundle,第二日主角夢中,Branch,#Simple,23,理解できるよ。,
5e03827b12d7ba437d60cedd39f08462.bundle,第二日主角夢中,Say,ジェイ･ダイ,49,……ありがとう。,
5e03827b12d7ba437d60cedd39f08462.bundle,第二日主角夢中,Branch,#Simple,24,……,
5e03827b12d7ba437d60cedd39f08462.bundle,第二日主角夢中,Say,ジェイ･ダイ,50,すまん、情けないところを見せた。,
5e03827b12d7ba437d60cedd39f08462.bundle,第二日主角夢中,Say,ジェイ･ダイ,51,……今日のことについて話そう。,
5e03827b12d7ba437d60cedd39f08462.bundle,第二日主角夢中,Branch,#Simple,25,こんな結果になってしまって、すまない。,
5e03827b12d7ba437d60cedd39f08462.bundle,第二日主角夢中,Say,ジェイ･ダイ,52,ああ……,
5e03827b12d7ba437d60cedd39f08462.bundle,第二日主角夢中,Branch,#Simple,26,余計な話をせず早急に本題にはいるべきだったな。なにせ、あんたはいつ起きてもおかしくない身だ。,
5e03827b12d7ba437d60cedd39f08462.bundle,第二日主角夢中,Say,ジェイ･ダイ,53,そうだったな。,
5e03827b12d7ba437d60cedd39f08462.bundle,第二日主角夢中,Branch,#Simple,27,……,
5e03827b12d7ba437d60cedd39f08462.bundle,第二日主角夢中,Say,ジェイ･ダイ,54,リュウセイ･チョウと二人の謎の女についてだが……,
5e03827b12d7ba437d60cedd39f08462.bundle,第二日主角夢中,Say,ジェイ･ダイ,55,政府のスパイと言われても、証拠もなしじゃ馬鹿正直に信じるわけにもいかない。,
5e03827b12d7ba437d60cedd39f08462.bundle,第二日主角夢中,Branch,#Simple,28,彼女たちを信じていないのか？,
5e03827b12d7ba437d60cedd39f08462.bundle,第二日主角夢中,Say,ジェイ･ダイ,56,いや、正直に言うと……,
5e03827b12d7ba437d60cedd39f08462.bundle,第二日主角夢中,Say,ジェイ･ダイ,57,理由はわからないが、彼女たちを信じてみたいと思っているんだ。,
5e03827b12d7ba437d60cedd39f08462.bundle,第二日主角夢中,Branch,#Simple,29,だったら、どうして？,
5e03827b12d7ba437d60cedd39f08462.bundle,第二日主角夢中,Say,ジェイ･ダイ,58,この答えが一番理性的な考えだと思ったからだ。,
5e03827b12d7ba437d60cedd39f08462.bundle,第二日主角夢中,Branch,#Simple,30,勘ってやつか？,
5e03827b12d7ba437d60cedd39f08462.bundle,第二日主角夢中,Say,ジェイ･ダイ,59,そんなところだ。,
5e03827b12d7ba437d60cedd39f08462.bundle,第二日主角夢中,Branch,#Simple,31,……,
5e03827b12d7ba437d60cedd39f08462.bundle,第二日主角夢中,Branch,#Simple,32,確かに、色んな事が一遍に起きすぎている。,
5e03827b12d7ba437d60cedd39f08462.bundle,第二日主角夢中,Branch,#Simple,33,……,
5e03827b12d7ba437d60cedd39f08462.bundle,第二日主角夢中,Say,ジェイ･ダイ,60,お前はどうなんだ。彼女たちを信じているのか？,
5e03827b12d7ba437d60cedd39f08462.bundle,第二日主角夢中,Branch,#Simple,34,少なくとも今のところは彼女たちを信じていいと思う。,
5e03827b12d7ba437d60cedd39f08462.bundle,第二日主角夢中,Say,ジェイ･ダイ,61,それはなぜだ？,
5e03827b12d7ba437d60cedd39f08462.bundle,第二日主角夢中,Branch,#Simple,35,もし俺らに危害を加えるつもりなら、いくらでも手を下すチャンスはあったはずだ。,
5e03827b12d7ba437d60cedd39f08462.bundle,第二日主角夢中,Say,ジェイ･ダイ,62,だからって安全である保証にはならない。俺らを利用して別の目的を成し遂げたいのかもしれない。,
5e03827b12d7ba437d60cedd39f08462.bundle,第二日主角夢中,Branch,#Simple,36,隙を見せず、互いを利用すればいいさ。,
5e03827b12d7ba437d60cedd39f08462.bundle,第二日主角夢中,Say,ジェイ･ダイ,63,それもそうだが……,
5e03827b12d7ba437d60cedd39f08462.bundle,第二日主角夢中,Branch,#Simple,37,彼女たちは目的を達成した後に、俺らの口を封じると思うか？,
5e03827b12d7ba437d60cedd39f08462.bundle,第二日主角夢中,Say,ジェイ･ダイ,64,動機は不明だが、その可能性は大いにある。,
5e03827b12d7ba437d60cedd39f08462.bundle,第二日主角夢中,Branch,#Simple,38,……,
5e03827b12d7ba437d60cedd39f08462.bundle,第二日主角夢中,Branch,#Simple,39,敵の敵は味方だ。,
5e03827b12d7ba437d60cedd39f08462.bundle,第二日主角夢中,Say,ジェイ･ダイ,65,一理ある。少なくとも、彼女たちが万象と敵対しているのは確かだ。,
5e03827b12d7ba437d60cedd39f08462.bundle,第二日主角夢中,Branch,#Simple,40,勘ってやつだ。,
5e03827b12d7ba437d60cedd39f08462.bundle,第二日主角夢中,Say,ジェイ･ダイ,66,はっ、それはそれは大層な勘だな。,
5e03827b12d7ba437d60cedd39f08462.bundle,第二日主角夢中,Branch,#Simple,41,皮肉っているのか？,
5e03827b12d7ba437d60cedd39f08462.bundle,第二日主角夢中,Say,ジェイ･ダイ,67,いや、そういう意味じゃない。誤解させたなら謝る。,
5e03827b12d7ba437d60cedd39f08462.bundle,第二日主角夢中,Say,ジェイ･ダイ,68,俺はただ、あんたみたいにすんなりに受け入れられたなら、もっと人生は楽だろうなと思っただけだ。,
5e03827b12d7ba437d60cedd39f08462.bundle,第二日主角夢中,Branch,#Simple,42,……,
5e03827b12d7ba437d60cedd39f08462.bundle,第二日主角夢中,Branch,#Simple,43,俺は彼女たちを信じていない。いずれ俺らを裏切るはずだ。,
5e03827b12d7ba437d60cedd39f08462.bundle,第二日主角夢中,Say,ジェイ･ダイ,69,それはなぜだ？,
5e03827b12d7ba437d60cedd39f08462.bundle,第二日主角夢中,Branch,#Simple,44,そのまま逮捕すればいいだけの話なのに、彼女たちはわざわざ面倒な調査をしようとしている。,
5e03827b12d7ba437d60cedd39f08462.bundle,第二日主角夢中,Say,ジェイ･ダイ,70,つまり、彼女たちが言っていた調査は嘘だと？だが、リンも同じく見つけたたじゃないか。,
5e03827b12d7ba437d60cedd39f08462.bundle,第二日主角夢中,Branch,#Simple,45,何を見つけたのかは、彼女はまだ言っていないはずだ。,
5e03827b12d7ba437d60cedd39f08462.bundle,第二日主角夢中,Say,ジェイ･ダイ,71,それもそうだな。,
5e03827b12d7ba437d60cedd39f08462.bundle,第二日主角夢中,Branch,#Simple,46,そうかもしれないが、彼女たちは直接セイワ･ゲンを逮捕できたはずだ。,
5e03827b12d7ba437d60cedd39f08462.bundle,第二日主角夢中,Say,ジェイ･ダイ,72,いや、もし彼女たちの言うことが本当なら、逮捕したら逆に事態がややこしくなる。,
5e03827b12d7ba437d60cedd39f08462.bundle,第二日主角夢中,Say,ジェイ･ダイ,73,……俺は今でもあのクズをこの手で……,
5e03827b12d7ba437d60cedd39f08462.bundle,第二日主角夢中,Say,ジェイ･ダイ,74,……,
5e03827b12d7ba437d60cedd39f08462.bundle,第二日主角夢中,Say,ジェイ･ダイ,75,フンッ、今の俺らじゃ何もできないのは確かだ。今は彼女たちに協力し、機を伺うしか手はないな。,
5e03827b12d7ba437d60cedd39f08462.bundle,第二日主角夢中,Branch,#Simple,47,そうだな。,
5e03827b12d7ba437d60cedd39f08462.bundle,第二日主角夢中,Branch,#Simple,48,勘ってやつだ。,
5e03827b12d7ba437d60cedd39f08462.bundle,第二日主角夢中,Say,ジェイ･ダイ,76,はっ、それはそれは大層な勘だな。,
5e03827b12d7ba437d60cedd39f08462.bundle,第二日主角夢中,Branch,#Simple,49,皮肉っているのか？,
5e03827b12d7ba437d60cedd39f08462.bundle,第二日主角夢中,Say,ジェイ･ダイ,77,いや、別にそういう意図はないんだ。,
5e03827b12d7ba437d60cedd39f08462.bundle,第二日主角夢中,Say,ジェイ･ダイ,78,俺はただ、あんたみたいにすんなりに受け入れられたなら、もっと人生は楽だろうなと思っただけだ。,
5e03827b12d7ba437d60cedd39f08462.bundle,第二日主角夢中,Branch,#Simple,50,……,
5e03827b12d7ba437d60cedd39f08462.bundle,第二日主角夢中,Say,ジェイ･ダイ,79,なぜかはわからないが、俺はスイ･ニンを信じたいと思う。,
5e03827b12d7ba437d60cedd39f08462.bundle,第二日主角夢中,Branch,#Simple,51,それはなぜ,
5e03827b12d7ba437d60cedd39f08462.bundle,第二日主角夢中,Say,ジェイ･ダイ,80,わからない。だが、彼女は確固たる意志を持っていた。芝居には見えなかったんだ。,
5e03827b12d7ba437d60cedd39f08462.bundle,第二日主角夢中,Branch,#Simple,52,俺も同じ意見だ。,
5e03827b12d7ba437d60cedd39f08462.bundle,第二日主角夢中,Say,ジェイ･ダイ,81,「彼女たち」は信用できないが、「彼女」は信じられるってことか？,
5e03827b12d7ba437d60cedd39f08462.bundle,第二日主角夢中,Branch,#Simple,53,俺は信じてはいない。,
5e03827b12d7ba437d60cedd39f08462.bundle,第二日主角夢中,Say,ジェイ･ダイ,82,つまり「彼女たち」は信じられるが、「彼女」を信用できないってことか？,
5e03827b12d7ba437d60cedd39f08462.bundle,第二日主角夢中,Branch,#Simple,54,……,
5e03827b12d7ba437d60cedd39f08462.bundle,第二日主角夢中,Say,ジェイ･ダイ,83,……,
5e03827b12d7ba437d60cedd39f08462.bundle,第二日主角夢中,Say,ジェイ･ダイ,84,それともう一つ、彼女は俺のことを……いや、俺たちのことを知っていた……,
5e03827b12d7ba437d60cedd39f08462.bundle,第二日主角夢中,Say,ジェイ･ダイ,85,改造に、身体の支配……彼女は俺らの身に起きていることを言い当てていた。,
5e03827b12d7ba437d60cedd39f08462.bundle,第二日主角夢中,Branch,#Simple,55,でも、彼女に打たれたものは効力を発揮しなかった。,
5e03827b12d7ba437d60cedd39f08462.bundle,第二日主角夢中,Say,ジェイ･ダイ,86,ああ、それが言いたかったんだ。,
5e03827b12d7ba437d60cedd39f08462.bundle,第二日主角夢中,Say,ジェイ･ダイ,87,だが俺は、あの薬を全く役に立たないものだとは思っていない。,
5e03827b12d7ba437d60cedd39f08462.bundle,第二日主角夢中,Branch,#Simple,56,そうは言うが、彼女はこの件について詳しいわけではなさそうだ。,
5e03827b12d7ba437d60cedd39f08462.bundle,第二日主角夢中,Say,ジェイ･ダイ,88,まだそこまでは、知らないだけかもしれない。,
5e03827b12d7ba437d60cedd39f08462.bundle,第二日主角夢中,Say,ジェイ･ダイ,89,それとも全てを知っていながら、俺らに言わなかったか。,
5e03827b12d7ba437d60cedd39f08462.bundle,第二日主角夢中,Say,ジェイ･ダイ,90,この可能性も十分にあるはずだ。,
5e03827b12d7ba437d60cedd39f08462.bundle,第二日主角夢中,Branch,#Simple,57,……,
5e03827b12d7ba437d60cedd39f08462.bundle,第二日主角夢中,Say,ジェイ･ダイ,91,そういえば、何故彼女に打たれたものが利かなかったんだ？,
5e03827b12d7ba437d60cedd39f08462.bundle,第二日主角夢中,Say,ジェイ･ダイ,92,確かに一瞬は、お前の存在が消えてたが、すぐ元に戻っていた……,
5e03827b12d7ba437d60cedd39f08462.bundle,第二日主角夢中,Say,ジェイ･ダイ,93,どう思う？,
5e03827b12d7ba437d60cedd39f08462.bundle,第二日主角夢中,Branch,#Simple,58,多分、あの黒い影の仕業だ。,
5e03827b12d7ba437d60cedd39f08462.bundle,第二日主角夢中,Say,ジェイ･ダイ,94,黒い影？,
5e03827b12d7ba437d60cedd39f08462.bundle,第二日主角夢中,Branch,#Simple,59,見なかったのか？,
5e03827b12d7ba437d60cedd39f08462.bundle,第二日主角夢中,Branch,#Simple,60,急に現れたあの黒い影のことだ。,
5e03827b12d7ba437d60cedd39f08462.bundle,第二日主角夢中,Say,ジェイ･ダイ,95,……なんの話だ？俺が知るべき情報か？,
5e03827b12d7ba437d60cedd39f08462.bundle,第二日主角夢中,Branch,#Simple,61,俺をあんたの体に入れたのは恐らくあいつだ。,
5e03827b12d7ba437d60cedd39f08462.bundle,第二日主角夢中,Say,ジェイ･ダイ,96,もしかして、昨日言っていたあの影のことか……？,
5e03827b12d7ba437d60cedd39f08462.bundle,第二日主角夢中,Say,ジェイ･ダイ,97,つまり、あの影がずっと俺らを監視しているってことか？お前が俺の体に居続けることを望んでいるやつがいるのか？,
5e03827b12d7ba437d60cedd39f08462.bundle,第二日主角夢中,Branch,#Simple,62,可能性は高いと思う。,
5e03827b12d7ba437d60cedd39f08462.bundle,第二日主角夢中,Say,ジェイ･ダイ,98,なら、あの黒い影が全ての元凶か。,
5e03827b12d7ba437d60cedd39f08462.bundle,第二日主角夢中,Branch,#Simple,63,流石にそこまではわからない。,
5e03827b12d7ba437d60cedd39f08462.bundle,第二日主角夢中,Say,ジェイ･ダイ,99,それもそうだな。,
5e03827b12d7ba437d60cedd39f08462.bundle,第二日主角夢中,Branch,#Simple,64,あの影が存在している生き物かどうかすらわからないから、なんとも言えないな。,
5e03827b12d7ba437d60cedd39f08462.bundle,第二日主角夢中,Say,ジェイ･ダイ,100,俺の目からは何も見えなかったから、そう言ってるのか？,
5e03827b12d7ba437d60cedd39f08462.bundle,第二日主角夢中,Say,ジェイ･ダイ,101,とにかく、あの黒い影についても調べてみた方がいいかもしれない……,
5e03827b12d7ba437d60cedd39f08462.bundle,第二日主角夢中,Say,ジェイ･ダイ,102,まあ、今のところ手がかりの一つもないが。,
5e03827b12d7ba437d60cedd39f08462.bundle,第二日主角夢中,Branch,#Simple,65,説明が困難だから、やめておこう。,
5e03827b12d7ba437d60cedd39f08462.bundle,第二日主角夢中,Say,ジェイ･ダイ,103,……わかった。,
5e03827b12d7ba437d60cedd39f08462.bundle,第二日主角夢中,Branch,#Simple,66,ただの俺の見間違いだと思う。,
5e03827b12d7ba437d60cedd39f08462.bundle,第二日主角夢中,Say,ジェイ･ダイ,104,ああ……,
5e03827b12d7ba437d60cedd39f08462.bundle,第二日主角夢中,Branch,#Simple,67,わからないが、その装置が壊れていたとか？,
5e03827b12d7ba437d60cedd39f08462.bundle,第二日主角夢中,Say,ジェイ･ダイ,105,それは、どうだろうな……,
5e03827b12d7ba437d60cedd39f08462.bundle,第二日主角夢中,Say,ジェイ･ダイ,106,だが俺がすでに身体を支配されていることを彼女は見抜けなかった……,
5e03827b12d7ba437d60cedd39f08462.bundle,第二日主角夢中,Say,ジェイ･ダイ,107,本当に装置が故障していたのか？わからん……,
5e03827b12d7ba437d60cedd39f08462.bundle,第二日主角夢中,Branch,#Simple,68,多分、急に現れたあの黒い影の仕業だ。,
5e03827b12d7ba437d60cedd39f08462.bundle,第二日主角夢中,Branch,#Simple,69,これ以上考えても無駄だろう。,
5e03827b12d7ba437d60cedd39f08462.bundle,第二日主角夢中,Say,ジェイ･ダイ,108,そうだな。,
5e03827b12d7ba437d60cedd39f08462.bundle,第二日主角夢中,Branch,#Simple,70,……,
5e03827b12d7ba437d60cedd39f08462.bundle,第二日主角夢中,Say,ジェイ･ダイ,109,どうやらこれらの問題は短期決戦とはいかなそうだ……,
5e03827b12d7ba437d60cedd39f08462.bundle,第二日主角夢中,Say,ジェイ･ダイ,110,だが今日一日で、俺は二度も身体の主導権を取り戻した。,
5e03827b12d7ba437d60cedd39f08462.bundle,第二日主角夢中,Say,ジェイ･ダイ,111,一度目は工場の時だ。身体の主導権を取り戻し、リンが搬送された病院へと駆けつけた……,
5e03827b12d7ba437d60cedd39f08462.bundle,第二日主角夢中,Say,ジェイ･ダイ,112,二度目はスイ･ニンの協力に同意した時だ。,
5e03827b12d7ba437d60cedd39f08462.bundle,第二日主角夢中,Branch,#Simple,71,どうやって主導権を取り戻したんだ？,
5e03827b12d7ba437d60cedd39f08462.bundle,第二日主角夢中,Say,ジェイ･ダイ,113,わからない。,
5e03827b12d7ba437d60cedd39f08462.bundle,第二日主角夢中,Branch,#Simple,72,それは本当にあんたがやったことなのか？,
5e03827b12d7ba437d60cedd39f08462.bundle,第二日主角夢中,Say,ジェイ･ダイ,114,恐らく。,
5e03827b12d7ba437d60cedd39f08462.bundle,第二日主角夢中,Branch,#Simple,73,恐らく？,
5e03827b12d7ba437d60cedd39f08462.bundle,第二日主角夢中,Branch,#Simple,74,つまり自分自身で主導権を取り戻したかわからないってことか。,
5e03827b12d7ba437d60cedd39f08462.bundle,第二日主角夢中,Say,ジェイ･ダイ,115,ああ、その通りだ。,
5e03827b12d7ba437d60cedd39f08462.bundle,第二日主角夢中,Branch,#Simple,75,……,
5e03827b12d7ba437d60cedd39f08462.bundle,第二日主角夢中,Branch,#Simple,76,……,
5e03827b12d7ba437d60cedd39f08462.bundle,第二日主角夢中,Say,ジェイ･ダイ,116,推測だが、俺の感情が高ぶった時に主導権を取り戻すのかもしれない。,
5e03827b12d7ba437d60cedd39f08462.bundle,第二日主角夢中,Say,ジェイ･ダイ,117,振り返ってみると、リンの話を聞いた時の俺は確かにかなり取り乱していた……,
5e03827b12d7ba437d60cedd39f08462.bundle,第二日主角夢中,Say,ジェイ･ダイ,118,……,
5e03827b12d7ba437d60cedd39f08462.bundle,第二日主角夢中,Say,ジェイ･ダイ,119,だが、これは俺の意志でできることではないと思う。,
5e03827b12d7ba437d60cedd39f08462.bundle,第二日主角夢中,Say,ジェイ･ダイ,120,……お前の方こそ、どう感じたんだ？,
5e03827b12d7ba437d60cedd39f08462.bundle,第二日主角夢中,Branch,#Simple,77,急に目の前がノイズに包まれ、暗転し、あんたの行動を傍観するだけの状態だった。,
5e03827b12d7ba437d60cedd39f08462.bundle,第二日主角夢中,Branch,#Simple,78,大した感覚じゃなかったが、急に身体のコントロール権を失った感じだ。,
5e03827b12d7ba437d60cedd39f08462.bundle,第二日主角夢中,Say,ジェイ･ダイ,121,なるほど。,
5e03827b12d7ba437d60cedd39f08462.bundle,第二日主角夢中,Say,ジェイ･ダイ,122,かつて同じことが起きたことは？,
5e03827b12d7ba437d60cedd39f08462.bundle,第二日主角夢中,Branch,#Simple,79,一度あった。俺が制御していた人間が急に自己意識を取り戻したんだ。,
5e03827b12d7ba437d60cedd39f08462.bundle,第二日主角夢中,Branch,#Simple,80,今回の件と同様のものかはわからないがあった。,
5e03827b12d7ba437d60cedd39f08462.bundle,第二日主角夢中,Say,ジェイ･ダイ,123,それも、相手の感情が高ぶっていた時に起きたことか？,
5e03827b12d7ba437d60cedd39f08462.bundle,第二日主角夢中,Branch,#Simple,81,ああ。,
5e03827b12d7ba437d60cedd39f08462.bundle,第二日主角夢中,Branch,#Simple,82,わからない。,
5e03827b12d7ba437d60cedd39f08462.bundle,第二日主角夢中,Say,ジェイ･ダイ,124,ああ……,
5e03827b12d7ba437d60cedd39f08462.bundle,第二日主角夢中,Say,ジェイ･ダイ,125,だが、例えその方法で身体を取り戻せたとしても、それは一時的なものだ。,
5e03827b12d7ba437d60cedd39f08462.bundle,第二日主角夢中,Say,ジェイ･ダイ,126,事実お前は俺の身体から離れていない。これじゃ……,
5e03827b12d7ba437d60cedd39f08462.bundle,第二日主角夢中,Branch,#Simple,83,ドライバーの交代みたい？,
5e03827b12d7ba437d60cedd39f08462.bundle,第二日主角夢中,Say,ジェイ･ダイ,127,ああ、その通りだ。,
5e03827b12d7ba437d60cedd39f08462.bundle,第二日主角夢中,Branch,#Simple,84,……,
5e03827b12d7ba437d60cedd39f08462.bundle,第二日主角夢中,Say,ジェイ･ダイ,128,問題の解決にはならない。,
5e03827b12d7ba437d60cedd39f08462.bundle,第二日主角夢中,Say,ジェイ･ダイ,129,……,
5e03827b12d7ba437d60cedd39f08462.bundle,第二日主角夢中,Say,ジェイ･ダイ,130,とにかく、スイ･ニンに協力すれば、より早くこの件を解決できるはずだ。,
5e03827b12d7ba437d60cedd39f08462.bundle,第二日主角夢中,Branch,#Simple,85,この件とはどの件だ？,
5e03827b12d7ba437d60cedd39f08462.bundle,第二日主角夢中,Say,ジェイ･ダイ,131,なんだって？,
5e03827b12d7ba437d60cedd39f08462.bundle,第二日主角夢中,Branch,#Simple,86,リン･テイが殺し屋に追われている件か？,
5e03827b12d7ba437d60cedd39f08462.bundle,第二日主角夢中,Say,ジェイ･ダイ,132,ああ。,
5e03827b12d7ba437d60cedd39f08462.bundle,第二日主角夢中,Branch,#Simple,87,俺をあんたの体から追い出す件か？,
5e03827b12d7ba437d60cedd39f08462.bundle,第二日主角夢中,Say,ジェイ･ダイ,133,いや、リンが殺し屋に追われている件だ。,
5e03827b12d7ba437d60cedd39f08462.bundle,第二日主角夢中,Say,ジェイ･ダイ,134,彼女の安全のためにも、先にその殺し屋を処理するべきだ。,
5e03827b12d7ba437d60cedd39f08462.bundle,第二日主角夢中,Say,ジェイ･ダイ,135,もちろん、ついでにお前が自分の身体に戻り、俺が自由の身になれるならそれが一番だが。,
5e03827b12d7ba437d60cedd39f08462.bundle,第二日主角夢中,Branch,#Simple,88,そうなることを願うよ。,
5e03827b12d7ba437d60cedd39f08462.bundle,第二日主角夢中,Branch,#Simple,89,……,
5e03827b12d7ba437d60cedd39f08462.bundle,第二日主角夢中,Say,ジェイ･ダイ,136,……とはいえ、全てが急過ぎる。,
5e03827b12d7ba437d60cedd39f08462.bundle,第二日主角夢中,Say,ジェイ･ダイ,137,急にお前が現れ、それからリンの件に、スイ･ニンたち……,
5e03827b12d7ba437d60cedd39f08462.bundle,第二日主角夢中,Say,ジェイ･ダイ,138,俺は何一つ根拠がないまま、誰かを信じ、誰かを疑うしかない……正直、どうすればいいのかわからない……,
5e03827b12d7ba437d60cedd39f08462.bundle,第二日主角夢中,Branch,#Simple,90,心配するな。二人で乗り越えよう。,
5e03827b12d7ba437d60cedd39f08462.bundle,第二日主角夢中,Say,ジェイ･ダイ,139,ありがとう。,
5e03827b12d7ba437d60cedd39f08462.bundle,第二日主角夢中,Branch,#Simple,91,臨機応変に対処していけば、きっと問題を解決できるはずだ。,
5e03827b12d7ba437d60cedd39f08462.bundle,第二日主角夢中,Say,ジェイ･ダイ,140,ああ、そうだな。,
5e03827b12d7ba437d60cedd39f08462.bundle,第二日主角夢中,Branch,#Simple,92,弱気になってどうする。しっかりしろ。,
5e03827b12d7ba437d60cedd39f08462.bundle,第二日主角夢中,Say,ジェイ･ダイ,141,俺の身体を乗っ取ってるやつに励まされるとはな……,
5e03827b12d7ba437d60cedd39f08462.bundle,第二日主角夢中,Branch,#Simple,93,あんたが悩んでても仕方ないだろ。結局のところ、行動するのは俺なんだから。,
5e03827b12d7ba437d60cedd39f08462.bundle,第二日主角夢中,Say,ジェイ･ダイ,142,酷いことを言うな……,
5e03827b12d7ba437d60cedd39f08462.bundle,第二日主角夢中,Say,ジェイ･ダイ,143,……,
5e03827b12d7ba437d60cedd39f08462.bundle,第二日主角夢中,Say,ジェイ･ダイ,144,間違ってはいないが……,
5e03827b12d7ba437d60cedd39f08462.bundle,第二日主角夢中,Say,ジェイ･ダイ,145,……,
5e03827b12d7ba437d60cedd39f08462.bundle,第二日主角夢中,Say,ジェイ･ダイ,146,とにかく、今の俺らに他の選択肢はない。彼女たちに協力し、臨機応変に行動するしかない。,
5e03827b12d7ba437d60cedd39f08462.bundle,第二日主角夢中,Say,ジェイ･ダイ,147,俺の目的は、リンを守ることだ。それだけは変わらない。,
5e03827b12d7ba437d60cedd39f08462.bundle,第二日主角夢中,Say,ジェイ･ダイ,148,それと、イファ･ヨウの件だが……,
5e03827b12d7ba437d60cedd39f08462.bundle,第二日主角夢中,Say,ジェイ･ダイ,149,お前がリスクを負ってまで彼女を庇う必要はなかったはずだ。,
5e03827b12d7ba437d60cedd39f08462.bundle,第二日主角夢中,Say,ジェイ･ダイ,150,お前がどう思ってるかは知らないが、彼女の秘密を白状したのは正しい選択だと思う。,
5e03827b12d7ba437d60cedd39f08462.bundle,第二日主角夢中,Say,ジェイ･ダイ,151,俺たちは無理やり巻き込まれただけだ。こちらまで被害を蒙る必要はない。,
5e03827b12d7ba437d60cedd39f08462.bundle,第二日主角夢中,Branch,#Simple,94,同感だ。,
5e03827b12d7ba437d60cedd39f08462.bundle,第二日主角夢中,Say,ジェイ･ダイ,152,同意見みたいだな。,
5e03827b12d7ba437d60cedd39f08462.bundle,第二日主角夢中,Branch,#Simple,95,彼女は俺らを巻き込む前に、巻き込まれる覚悟で話を聞く気はあるか、選択させてくれた。,
5e03827b12d7ba437d60cedd39f08462.bundle,第二日主角夢中,Say,ジェイ･ダイ,153,……万象が殺しをやってまで公開したくないファイルをリンに送った時、彼女はリンに選択肢を与えたか？,
5e03827b12d7ba437d60cedd39f08462.bundle,第二日主角夢中,Say,ジェイ･ダイ,154,それに考えてもみろ。あの状況じゃ彼女の話を聞くしかなかったはずだ！,
5e03827b12d7ba437d60cedd39f08462.bundle,第二日主角夢中,Say,ジェイ･ダイ,155,リンが関わってると知れば、俺らは彼女の話を聞かざるを得なかった！,
5e03827b12d7ba437d60cedd39f08462.bundle,第二日主角夢中,Say,ジェイ･ダイ,156,選択肢を与えたと言うが、それは彼女の責任逃れでしかない！巻き込んだのは自分ではないとそう思いたいだけだ！,
5e03827b12d7ba437d60cedd39f08462.bundle,第二日主角夢中,Say,ジェイ･ダイ,157,俺らに断る選択肢なんて、端からなかったんだ！,
5e03827b12d7ba437d60cedd39f08462.bundle,第二日主角夢中,Say,ジェイ･ダイ,158,……,
5e03827b12d7ba437d60cedd39f08462.bundle,第二日主角夢中,Branch,#Simple,96,俺にはお前の気持ちが理解できるよ。,
5e03827b12d7ba437d60cedd39f08462.bundle,第二日主角夢中,Say,ジェイ･ダイ,159,イファ･ヨウは理解できないだろうな。彼女は自分の目標の達成しか関心がない。,
5e03827b12d7ba437d60cedd39f08462.bundle,第二日主角夢中,Branch,#Simple,97,彼女も何とかしようと頑張っていたんだろう。,
5e03827b12d7ba437d60cedd39f08462.bundle,第二日主角夢中,Say,ジェイ･ダイ,160,そんなの俺とは関係のないことだ……,
5e03827b12d7ba437d60cedd39f08462.bundle,第二日主角夢中,Branch,#Simple,98,……,
5e03827b12d7ba437d60cedd39f08462.bundle,第二日主角夢中,Branch,#Simple,99,リン･テイを巻き込んだ彼女を恨んでるのか？,
5e03827b12d7ba437d60cedd39f08462.bundle,第二日主角夢中,Say,ジェイ･ダイ,161,……,
5e03827b12d7ba437d60cedd39f08462.bundle,第二日主角夢中,Say,ジェイ･ダイ,162,そうだ。,
5e03827b12d7ba437d60cedd39f08462.bundle,第二日主角夢中,Branch,#Simple,100,……,
5e03827b12d7ba437d60cedd39f08462.bundle,第二日主角夢中,Say,ジェイ･ダイ,163,難しい事を成し遂げようとするのは構わないが、他人を巻き込むのは許せない……,
5e03827b12d7ba437d60cedd39f08462.bundle,第二日主角夢中,Say,ジェイ･ダイ,164,それだけだ。,
5e03827b12d7ba437d60cedd39f08462.bundle,第二日主角夢中,Say,ジェイ･ダイ,165,彼女がどれほど立派な動機を持っていようと、罪のない人々に害を及ぼしたのは事実だ。,
5e03827b12d7ba437d60cedd39f08462.bundle,第二日主角夢中,Say,ジェイ･ダイ,166,あんな無責任な行動を許せるわけがない！ましてや、彼女はいつも上から目線で、自分の仕事はご立派みたいな顔をしてやがる！,
5e03827b12d7ba437d60cedd39f08462.bundle,第二日主角夢中,Say,ジェイ･ダイ,167,リンなら、無関係の人を絶対に巻き込んだりはしない！,
5e03827b12d7ba437d60cedd39f08462.bundle,第二日主角夢中,Branch,#Simple,101,でもリンはあんたを巻き込んだ。違うか？,
5e03827b12d7ba437d60cedd39f08462.bundle,第二日主角夢中,Say,ジェイ･ダイ,168,それは……,
5e03827b12d7ba437d60cedd39f08462.bundle,第二日主角夢中,Say,ジェイ･ダイ,169,……,
5e03827b12d7ba437d60cedd39f08462.bundle,第二日主角夢中,Say,ジェイ･ダイ,170,俺は、無関係の人間じゃない。,
5e03827b12d7ba437d60cedd39f08462.bundle,第二日主角夢中,Branch,#Simple,102,イファ･ヨウだって、そんなつもりはなかったはずだ。ただ計画が失敗しただけで。,
5e03827b12d7ba437d60cedd39f08462.bundle,第二日主角夢中,Say,ジェイ･ダイ,171,必ず成功する見込みがないなら、そんな危険なことを行動に起こすな！,
5e03827b12d7ba437d60cedd39f08462.bundle,第二日主角夢中,Branch,#Simple,103,……,
5e03827b12d7ba437d60cedd39f08462.bundle,第二日主角夢中,Say,ジェイ･ダイ,172,……,
5e03827b12d7ba437d60cedd39f08462.bundle,第二日主角夢中,Say,ジェイ･ダイ,173,それと、サイレントの就職についてだが……,
5e03827b12d7ba437d60cedd39f08462.bundle,第二日主角夢中,Say,ジェイ･ダイ,174,今の俺は、そこで働くかどうか迷っている。この件が終わるまでは、目立つ行動は控えてくれ。,
5e03827b12d7ba437d60cedd39f08462.bundle,第二日主角夢中,Say,ジェイ･ダイ,175,彼女たちとの協力もなるべく穏便に行動してくれ。いいな？,
5e03827b12d7ba437d60cedd39f08462.bundle,第二日主角夢中,Branch,#Simple,104,シュン･ゴが言ってたことについては？,
5e03827b12d7ba437d60cedd39f08462.bundle,第二日主角夢中,Say,ジェイ･ダイ,176,屋上での話か？,
5e03827b12d7ba437d60cedd39f08462.bundle,第二日主角夢中,Say,ジェイ･ダイ,177,彼の言う通り、選別組の問題は深刻だと思う。,
5e03827b12d7ba437d60cedd39f08462.bundle,第二日主角夢中,Say,ジェイ･ダイ,178,だが万象ほどの演算工場を閉鎖するかどうかの問題は、俺らの手に負えない話だ。,
5e03827b12d7ba437d60cedd39f08462.bundle,第二日主角夢中,Branch,#Simple,105,つまり、どっちの立場にも加担しないと？,
5e03827b12d7ba437d60cedd39f08462.bundle,第二日主角夢中,Branch,#Simple,106,イー･テイが言ってたことについては？,
5e03827b12d7ba437d60cedd39f08462.bundle,第二日主角夢中,Say,ジェイ･ダイ,179,屋上での話か？,
5e03827b12d7ba437d60cedd39f08462.bundle,第二日主角夢中,Say,ジェイ･ダイ,180,彼の言う通り、操作組の問題は深刻だと思う。,
5e03827b12d7ba437d60cedd39f08462.bundle,第二日主角夢中,Say,ジェイ･ダイ,181,だが万象ほどの演算工場を閉鎖するかどうかの問題は、俺らの手に負えない話だ。,
5e03827b12d7ba437d60cedd39f08462.bundle,第二日主角夢中,Branch,#Simple,107,つまり、どっちの立場にも加担しないと？,
5e03827b12d7ba437d60cedd39f08462.bundle,第二日主角夢中,Say,ジェイ･ダイ,182,操作組と選別組のことか？,
5e03827b12d7ba437d60cedd39f08462.bundle,第二日主角夢中,Say,ジェイ･ダイ,183,あの二組の衝突からは身を引いた方がいい。,
5e03827b12d7ba437d60cedd39f08462.bundle,第二日主角夢中,Say,ジェイ･ダイ,184,万象ほどの演算工場を閉鎖するかどうかの問題は、俺らの手に負えない話だ。,
5e03827b12d7ba437d60cedd39f08462.bundle,第二日主角夢中,Say,ジェイ･ダイ,185,確かに屋上でのシュン･ゴの話は理にかなっていたが……,
5e03827b12d7ba437d60cedd39f08462.bundle,第二日主角夢中,Say,ジェイ･ダイ,186,確かに屋上でのイー･テイの話は理にかなっていたが……,
5e03827b12d7ba437d60cedd39f08462.bundle,第二日主角夢中,Say,ジェイ･ダイ,187,俺の考えは変わらない。そんなの俺とは関係のないことだ。,
5e03827b12d7ba437d60cedd39f08462.bundle,第二日主角夢中,Say,ジェイ･ダイ,188,お前には彼らの争いから身を引いてほしい。これ以上、事をややこしくしないでくれ。,
5e03827b12d7ba437d60cedd39f08462.bundle,第二日主角夢中,Branch,#Simple,108,もし立場を選べとせがまれたら？,
5e03827b12d7ba437d60cedd39f08462.bundle,第二日主角夢中,Say,ジェイ･ダイ,189,その時はどちらかに加担してもいいが、できるだけその事態は避けるようにしてくれ。,
5e03827b12d7ba437d60cedd39f08462.bundle,第二日主角夢中,Say,ジェイ･ダイ,190,それと加担しても深入りはするな。,
5e03827b12d7ba437d60cedd39f08462.bundle,第二日主角夢中,Branch,#Simple,109,あんたはどっちの立場に加担すべきだと思う？,
5e03827b12d7ba437d60cedd39f08462.bundle,第二日主角夢中,Say,ジェイ･ダイ,191,……,
5e03827b12d7ba437d60cedd39f08462.bundle,第二日主角夢中,Say,ジェイ･ダイ,192,シュン･ゴだな。操作組の方が理性的な気がする。,
5e03827b12d7ba437d60cedd39f08462.bundle,第二日主角夢中,Say,ジェイ･ダイ,193,イー･テイはいいやつだが、彼は理想を求めすぎる。,
5e03827b12d7ba437d60cedd39f08462.bundle,第二日主角夢中,Branch,#Simple,110,……,
5e03827b12d7ba437d60cedd39f08462.bundle,第二日主角夢中,Branch,#Simple,111,わかった。,
5e03827b12d7ba437d60cedd39f08462.bundle,第二日主角夢中,Say,ジェイ･ダイ,194,ありがとう。,
5e03827b12d7ba437d60cedd39f08462.bundle,第二日主角夢中,Branch,#Simple,112,でも、俺はイー･テイの肩を持ちたい。,
5e03827b12d7ba437d60cedd39f08462.bundle,第二日主角夢中,Branch,#Simple,113,でも、俺はシュン･ゴの肩を持ちたい。,
5e03827b12d7ba437d60cedd39f08462.bundle,第二日主角夢中,Say,ジェイ･ダイ,195,……,
5e03827b12d7ba437d60cedd39f08462.bundle,第二日主角夢中,Say,ジェイ･ダイ,196,俺が一番心配していたことになったわけか……,
5e03827b12d7ba437d60cedd39f08462.bundle,第二日主角夢中,Say,ジェイ･ダイ,197,お前は彼の言葉に心を動かされたようだが、これだけは覚えておけ。彼らのことはそもそも俺らと無関係なんだ。,
5e03827b12d7ba437d60cedd39f08462.bundle,第二日主角夢中,Say,ジェイ･ダイ,198,わざわざ巻き込まれにいく必要はない。,
5e03827b12d7ba437d60cedd39f08462.bundle,第二日主角夢中,Branch,#Simple,114,でも、多くの者がこの件に関係している。なのにあんたはちっとも関心がないのか？,
5e03827b12d7ba437d60cedd39f08462.bundle,第二日主角夢中,Say,ジェイ･ダイ,199,ない。俺とは無関係だ。,
5e03827b12d7ba437d60cedd39f08462.bundle,第二日主角夢中,Branch,#Simple,115,もしその多くの者に、リン･テイが含まれているとしたら？,
5e03827b12d7ba437d60cedd39f08462.bundle,第二日主角夢中,Say,ジェイ･ダイ,200,……,
5e03827b12d7ba437d60cedd39f08462.bundle,第二日主角夢中,Say,ジェイ･ダイ,201,もしも話はよそう。話し合っても意味がない。,
5e03827b12d7ba437d60cedd39f08462.bundle,第二日主角夢中,Branch,#Simple,116,わかった。,
5e03827b12d7ba437d60cedd39f08462.bundle,第二日主角夢中,Say,ジェイ･ダイ,202,なるほど。,
5e03827b12d7ba437d60cedd39f08462.bundle,第二日主角夢中,Branch,#Simple,117,冷たい人だな。,
5e03827b12d7ba437d60cedd39f08462.bundle,第二日主角夢中,Branch,#Simple,118,わからなくもないが、それはあまりにも自己中心的な考えじゃないか？,
5e03827b12d7ba437d60cedd39f08462.bundle,第二日主角夢中,Say,ジェイ･ダイ,203,自己中心的で結構だ。そうでもしないと、安全な暮らしは望めない。,
5e03827b12d7ba437d60cedd39f08462.bundle,第二日主角夢中,Say,ジェイ･ダイ,204,この世界の改革を望まなければ、楽に生きられる。,
5e03827b12d7ba437d60cedd39f08462.bundle,第二日主角夢中,Say,ジェイ･ダイ,205,俺はずっとそうしてきた。だから俺や俺の周りの人は皆、楽な人生を送ってきた。,
5e03827b12d7ba437d60cedd39f08462.bundle,第二日主角夢中,Branch,#Simple,119,リン･テイは今日、死にかけたのにか？,
5e03827b12d7ba437d60cedd39f08462.bundle,第二日主角夢中,Say,ジェイ･ダイ,206,貴様……！！！！,
5e03827b12d7ba437d60cedd39f08462.bundle,第二日主角夢中,Say,ジェイ･ダイ,207,……,
5e03827b12d7ba437d60cedd39f08462.bundle,第二日主角夢中,Say,ジェイ･ダイ,208,すまない、取り乱した……,
5e03827b12d7ba437d60cedd39f08462.bundle,第二日主角夢中,Say,ジェイ･ダイ,209,俺は彼女をコントロールすることができないし、なるべくなら彼女の選択を尊重したい。,
5e03827b12d7ba437d60cedd39f08462.bundle,第二日主角夢中,Say,ジェイ･ダイ,210,だが今日の一件で、彼女は身を持って俺の理論を証明してくれた。,
5e03827b12d7ba437d60cedd39f08462.bundle,第二日主角夢中,Say,ジェイ･ダイ,211,この世界に挑もうとした彼女は、自分や周りの人を危険に巻き込んだ。,
5e03827b12d7ba437d60cedd39f08462.bundle,第二日主角夢中,Say,ジェイ･ダイ,212,……,
5e03827b12d7ba437d60cedd39f08462.bundle,第二日主角夢中,Say,ジェイ･ダイ,213,だが逆に考えれば……,
5e03827b12d7ba437d60cedd39f08462.bundle,第二日主角夢中,Say,ジェイ･ダイ,214,「何もしなければ、状況は悪化し、やがて自分の首を絞める」という、彼女の理論も証明したことにもなる。,
5e03827b12d7ba437d60cedd39f08462.bundle,第二日主角夢中,Say,ジェイ･ダイ,215,……,
5e03827b12d7ba437d60cedd39f08462.bundle,第二日主角夢中,Say,ジェイ･ダイ,216,俺はどうすればいいかわからないんだ……,
5e03827b12d7ba437d60cedd39f08462.bundle,第二日主角夢中,Branch,#Simple,120,……,
5e03827b12d7ba437d60cedd39f08462.bundle,第二日主角夢中,Branch,#Simple,121,……,
5e03827b12d7ba437d60cedd39f08462.bundle,第二日主角夢中,Branch,#Simple,122,彼の話にも一理あると言ってたのにか？,
5e03827b12d7ba437d60cedd39f08462.bundle,第二日主角夢中,Say,ジェイ･ダイ,217,一理あるだけで、正しいとは言っていない。,
5e03827b12d7ba437d60cedd39f08462.bundle,第二日主角夢中,Say,ジェイ･ダイ,218,それに正しかったとしても、俺には関係のないことだ……,
5e03827b12d7ba437d60cedd39f08462.bundle,第二日主角夢中,Branch,#Simple,123,わかった。わかったよ。,
5e03827b12d7ba437d60cedd39f08462.bundle,第二日主角夢中,Say,ジェイ･ダイ,219,そうだ。,
5e03827b12d7ba437d60cedd39f08462.bundle,第二日主角夢中,Say,ジェイ･ダイ,220,操作組で起きた件だが……,
5e03827b12d7ba437d60cedd39f08462.bundle,第二日主角夢中,Branch,#Simple,124,レバーを引くべきではなかったと思うか？,
5e03827b12d7ba437d60cedd39f08462.bundle,第二日主角夢中,Say,ジェイ･ダイ,221,いや、それじゃなくて……,
5e03827b12d7ba437d60cedd39f08462.bundle,第二日主角夢中,Branch,#Simple,125,この件とはどの件だ？,
5e03827b12d7ba437d60cedd39f08462.bundle,第二日主角夢中,Say,ジェイ･ダイ,222,設備の故障のことだ。,
5e03827b12d7ba437d60cedd39f08462.bundle,第二日主角夢中,Branch,#Simple,126,……,
5e03827b12d7ba437d60cedd39f08462.bundle,第二日主角夢中,Say,ジェイ･ダイ,223,……,
5e03827b12d7ba437d60cedd39f08462.bundle,第二日主角夢中,Say,ジェイ･ダイ,224,お前は……俺の代わりに難しい決断してくれた。その礼が言いたい。あの現場にいたのが俺だったら、多分動けなかったはずだ……,
5e03827b12d7ba437d60cedd39f08462.bundle,第二日主角夢中,Say,ジェイ･ダイ,225,それに、お前のおかげであの人は助かった。俺も賠償の責任を負わずに済んだしな。,
5e03827b12d7ba437d60cedd39f08462.bundle,第二日主角夢中,Say,ジェイ･ダイ,226,……,
5e03827b12d7ba437d60cedd39f08462.bundle,第二日主角夢中,Say,ジェイ･ダイ,227,俺なら……あのレバーを引かなかったと思う。,
5e03827b12d7ba437d60cedd39f08462.bundle,第二日主角夢中,Say,ジェイ･ダイ,228,お前は俺の代わりとして正しい選択をしてくれたんだ。選択権が俺にあったら、あの人を見殺しにしてたはずだ。,
5e03827b12d7ba437d60cedd39f08462.bundle,第二日主角夢中,Say,ジェイ･ダイ,229,ありがとう。,
5e03827b12d7ba437d60cedd39f08462.bundle,第二日主角夢中,Branch,#Simple,127,あのレバーを引くべきだと思うか？,
5e03827b12d7ba437d60cedd39f08462.bundle,第二日主角夢中,Say,ジェイ･ダイ,230,いや、それじゃなくて……,
5e03827b12d7ba437d60cedd39f08462.bundle,第二日主角夢中,Branch,#Simple,128,この件とはどの件だ？,
5e03827b12d7ba437d60cedd39f08462.bundle,第二日主角夢中,Say,ジェイ･ダイ,231,設備の故障のことだ。,
5e03827b12d7ba437d60cedd39f08462.bundle,第二日主角夢中,Branch,#Simple,129,……,
5e03827b12d7ba437d60cedd39f08462.bundle,第二日主角夢中,Say,ジェイ･ダイ,232,……,
5e03827b12d7ba437d60cedd39f08462.bundle,第二日主角夢中,Say,ジェイ･ダイ,233,お前は……俺の代わりに難しい決断してくれた。その礼が言いたい。あの現場にいたのが俺だったら、多分判断できなかったはずだ……,
5e03827b12d7ba437d60cedd39f08462.bundle,第二日主角夢中,Say,ジェイ･ダイ,234,行動の正否は関係なく、あの場は決断を下して何か行動をすべきだった……,
5e03827b12d7ba437d60cedd39f08462.bundle,第二日主角夢中,Say,ジェイ･ダイ,235,俺の代わりに決断の責任を背負ってくれて、ありがとう。,
5e03827b12d7ba437d60cedd39f08462.bundle,第二日主角夢中,Say,ジェイ･ダイ,236,……,
5e03827b12d7ba437d60cedd39f08462.bundle,第二日主角夢中,Say,ジェイ･ダイ,237,俺も……お前と同じくあのレバーを引かなかったと思う。,
5e03827b12d7ba437d60cedd39f08462.bundle,第二日主角夢中,Say,ジェイ･ダイ,238,ん……？,
5e03827b12d7ba437d60cedd39f08462.bundle,第二日主角夢中,Say,ジェイ･ダイ,239,どうやらお目覚めの時間らしい。,
5e03827b12d7ba437d60cedd39f08462.bundle,第二日主角夢中,Branch,#Simple,130,急すぎないか？,
5e03827b12d7ba437d60cedd39f08462.bundle,第二日主角夢中,Say,ジェイ･ダイ,240,俺がコントロールできることじゃないからな。,
5e03827b12d7ba437d60cedd39f08462.bundle,第二日主角夢中,Branch,#Simple,131,本当か？,
5e03827b12d7ba437d60cedd39f08462.bundle,第二日主角夢中,Say,ジェイ･ダイ,241,ああ。,
5e03827b12d7ba437d60cedd39f08462.bundle,第二日主角夢中,Branch,#Simple,132,……,
5e03827b12d7ba437d60cedd39f08462.bundle,第二日主角夢中,Say,ジェイ･ダイ,242,……,
5e03827b12d7ba437d60cedd39f08462.bundle,第二日主角夢中,Say,ジェイ･ダイ,243,後は……,
5e03827b12d7ba437d60cedd39f08462.bundle,第二日主角夢中,Say,ジェイ･ダイ,244,任せたぞ……,
5e03827b12d7ba437d60cedd39f08462.bundle,主角發現打開門是電梯間,Say,心の声,0,ここはうちの向かい側の部屋……！？,
5e03827b12d7ba437d60cedd39f08462.bundle,主角發現打開門是電梯間,Say,スイ･ニン,0,今夜の件が起きてすぐに、私たちは君たちを守るために拠点を変えた。,
5e03827b12d7ba437d60cedd39f08462.bundle,主角發現打開門是電梯間,Say,スイ･ニン,1,ちょうどここの住人が引っ越したようだから、ここを拠点として借りたんだ。,
5e03827b12d7ba437d60cedd39f08462.bundle,主角發現打開門是電梯間,Say,心の声,1,……なに！？,
5e03827b12d7ba437d60cedd39f08462.bundle,主角發現打開門是電梯間,Say,心の声,2,俺の家のドアを開けた？,
5e03827b12d7ba437d60cedd39f08462.bundle,回家司徒說主角被改造過,Say,スイ･ニン,0,とても暖かくて良い場所だ。,
5e03827b12d7ba437d60cedd39f08462.bundle,回家司徒說主角被改造過,Branch,#Simple,0,ありがとう。,
5e03827b12d7ba437d60cedd39f08462.bundle,回家司徒說主角被改造過,Say,スイ･ニン,1,こういう家に憧れていてね。,
5e03827b12d7ba437d60cedd39f08462.bundle,回家司徒說主角被改造過,Say,スイ･ニン,2,……,
5e03827b12d7ba437d60cedd39f08462.bundle,回家司徒說主角被改造過,Say,スイ･ニン,3,ごめん。話が逸れたね。,
5e03827b12d7ba437d60cedd39f08462.bundle,回家司徒說主角被改造過,Say,心の声,0,彼女、笑った？,
5e03827b12d7ba437d60cedd39f08462.bundle,回家司徒說主角被改造過,Say,スイ･ニン,4,では、本題に入ろう。,
5e03827b12d7ba437d60cedd39f08462.bundle,回家司徒說主角被改造過,Branch,#Simple,1,どうして俺の家の扉を開けられた？,
5e03827b12d7ba437d60cedd39f08462.bundle,回家司徒說主角被改造過,Say,スイ･ニン,5,23号が手配してくれたんだ。,
5e03827b12d7ba437d60cedd39f08462.bundle,回家司徒說主角被改造過,Say,心の声,1,……それは、答えになっているのか？,
5e03827b12d7ba437d60cedd39f08462.bundle,回家司徒說主角被改造過,Branch,#Simple,2,……,
5e03827b12d7ba437d60cedd39f08462.bundle,回家司徒說主角被改造過,Say,スイ･ニン,6,リン･テイさんは今、部屋で休んでいる。,
5e03827b12d7ba437d60cedd39f08462.bundle,回家司徒說主角被改造過,Say,スイ･ニン,7,明日になれば起きるはずだ。安心して。,
5e03827b12d7ba437d60cedd39f08462.bundle,回家司徒說主角被改造過,Branch,#Simple,3,彼女の顔が見たい。,
5e03827b12d7ba437d60cedd39f08462.bundle,回家司徒說主角被改造過,Say,スイ･ニン,8,待って。その前に重要な話がある。,
5e03827b12d7ba437d60cedd39f08462.bundle,回家司徒說主角被改造過,Branch,#Simple,4,言いたいことがあるんだろう？,
5e03827b12d7ba437d60cedd39f08462.bundle,回家司徒說主角被改造過,Say,スイ･ニン,9,そうだ。,
5e03827b12d7ba437d60cedd39f08462.bundle,回家司徒說主角被改造過,Branch,#Simple,5,……,
5e03827b12d7ba437d60cedd39f08462.bundle,回家司徒說主角被改造過,Say,スイ･ニン,10,手短に話そう、ジェイ･ダイ。,
5e03827b12d7ba437d60cedd39f08462.bundle,回家司徒說主角被改造過,Say,スイ･ニン,11,君は、普通の人ではない。,
5e03827b12d7ba437d60cedd39f08462.bundle,回家司徒說主角被改造過,Say,スイ･ニン,12,私の探知機によると……,
5e03827b12d7ba437d60cedd39f08462.bundle,回家司徒說主角被改造過,Say,スイ･ニン,13,君は生まれながらに装置を埋め込まれた改造人間だ。,
5e03827b12d7ba437d60cedd39f08462.bundle,回家司徒說主角被改造過,Say,心の声,2,……どういうことだ？,
5e03827b12d7ba437d60cedd39f08462.bundle,回家司徒說主角被改造過,Say,スイ･ニン,14,優れた強固な肉体、そして運動能力や反射神経……子どもの時から自覚はあったはずだ。,
5e03827b12d7ba437d60cedd39f08462.bundle,回家司徒說主角被改造過,Say,スイ･ニン,15,その全てが肉体改造のたまものだったってこと。,
5e03827b12d7ba437d60cedd39f08462.bundle,回家司徒說主角被改造過,Say,スイ･ニン,16,しかし肉体改造にはデメリットもある。君は精神制御のリスクを負っているんだ。,
5e03827b12d7ba437d60cedd39f08462.bundle,回家司徒說主角被改造過,Say,心の声,3,改造、精神制御……一体なんの話だ？,
5e03827b12d7ba437d60cedd39f08462.bundle,回家司徒說主角被改造過,Branch,#Simple,6,何の話をしている？,
5e03827b12d7ba437d60cedd39f08462.bundle,回家司徒說主角被改造過,Say,スイ･ニン,17,信じがたいだろうけど、君みたいな人は案外少なくない。,
5e03827b12d7ba437d60cedd39f08462.bundle,回家司徒說主角被改造過,Branch,#Simple,7,俺の身体を改造したやつを知ってるのか？,
5e03827b12d7ba437d60cedd39f08462.bundle,回家司徒說主角被改造過,Say,心の声,4,怪訝な顔で俺を見ている。俺が何か変なことでも言ったのか？,
5e03827b12d7ba437d60cedd39f08462.bundle,回家司徒說主角被改造過,Say,スイ･ニン,18,……,
5e03827b12d7ba437d60cedd39f08462.bundle,回家司徒說主角被改造過,Say,スイ･ニン,19,この件について、あまり驚いていないようだね。,
5e03827b12d7ba437d60cedd39f08462.bundle,回家司徒說主角被改造過,Branch,#Simple,8,最初から知っていた。,
5e03827b12d7ba437d60cedd39f08462.bundle,回家司徒說主角被改造過,Say,スイ･ニン,20,どうやって知った？,
5e03827b12d7ba437d60cedd39f08462.bundle,回家司徒說主角被改造過,Say,心の声,5,俺は、何を言っているんだ……？,
5e03827b12d7ba437d60cedd39f08462.bundle,回家司徒說主角被改造過,Branch,#Simple,9,俺はジェイ･ダイじゃなく、彼を制御している人間だからだ。,
5e03827b12d7ba437d60cedd39f08462.bundle,回家司徒說主角被改造過,Branch,#Simple,10,精神制御された覚えがあったからだ。,
5e03827b12d7ba437d60cedd39f08462.bundle,回家司徒說主角被改造過,Branch,#Simple,11,以前からそんな感覚はあった。,
5e03827b12d7ba437d60cedd39f08462.bundle,回家司徒說主角被改造過,Say,スイ･ニン,21,……そう。,
5e03827b12d7ba437d60cedd39f08462.bundle,回家司徒說主角被改造過,Say,スイ･ニン,22,確かに、君の身に精神制御が起きていた。,
5e03827b12d7ba437d60cedd39f08462.bundle,回家司徒說主角被改造過,Branch,#Simple,12,待ってくれ！,
5e03827b12d7ba437d60cedd39f08462.bundle,回家司徒說主角被改造過,Branch,#Simple,13,今日は色んなことが起きすぎて、ちょっと気が動転していたのかもしれない。,
5e03827b12d7ba437d60cedd39f08462.bundle,回家司徒說主角被改造過,Say,スイ･ニン,23,……,
5e03827b12d7ba437d60cedd39f08462.bundle,回家司徒說主角被改造過,Say,スイ･ニン,24,そうなるのも無理はない。,
5e03827b12d7ba437d60cedd39f08462.bundle,回家司徒說主角被改造過,Branch,#Simple,14,……,
5e03827b12d7ba437d60cedd39f08462.bundle,回家司徒說主角被改造過,Say,スイ･ニン,25,任務中に君が突然精神制御を受けるのを防ぐために、一つ保険を取らせてくれ。,
5e03827b12d7ba437d60cedd39f08462.bundle,回家司徒說主角被改造過,Say,スイ･ニン,26,先に謝っておく。すまないね。,
5e03827b12d7ba437d60cedd39f08462.bundle,第一次消夜團,Say,リュウセイ･チョウ,0,よっ！ジェイの兄貴！,
5e03827b12d7ba437d60cedd39f08462.bundle,第一次消夜團,Say,リュウセイ･チョウ,1,やっぱ来てくれたんすね！さすが兄貴っす！,
5e03827b12d7ba437d60cedd39f08462.bundle,第一次消夜團,Say,23,0,あれ！来たのね、ジェイ！,
5e03827b12d7ba437d60cedd39f08462.bundle,第一次消夜團,Say,心の声,0,かなりの陽キャのようだ。,
5e03827b12d7ba437d60cedd39f08462.bundle,第一次消夜團,Branch,#Simple,0,やあ、23号。,
5e03827b12d7ba437d60cedd39f08462.bundle,第一次消夜團,Say,23,1,あら、名前を覚えてくれたの？光栄ね。,
5e03827b12d7ba437d60cedd39f08462.bundle,第一次消夜團,Say,リュウセイ･チョウ,2,そりゃ覚えやすい名前っすもん。,
5e03827b12d7ba437d60cedd39f08462.bundle,第一次消夜團,Say,23,2,あんたはお黙り！,
5e03827b12d7ba437d60cedd39f08462.bundle,第一次消夜團,Branch,#Simple,1,……,
5e03827b12d7ba437d60cedd39f08462.bundle,第一次消夜團,Say,23,3,さぁ、食べましょう。,
5e03827b12d7ba437d60cedd39f08462.bundle,第一次消夜團,Say,23,4,ここのハマグリ炒めが絶品なのよ。,
5e03827b12d7ba437d60cedd39f08462.bundle,第一次消夜團,Say,23,5,追加で他のものを頼んでもいいけどね。,
5e03827b12d7ba437d60cedd39f08462.bundle,第一次消夜團,Say,23,6,今日はリュウセイの奢りだから！,
5e03827b12d7ba437d60cedd39f08462.bundle,第一次消夜團,Say,リュウセイ･チョウ,3,はい！不運続きのジェイの兄貴を励ますためにも、何でも奢るっす！,
5e03827b12d7ba437d60cedd39f08462.bundle,第一次消夜團,Say,心の声,1,それなら二つ三つくらい頼んでもよさそうだな……,
5e03827b12d7ba437d60cedd39f08462.bundle,第一次消夜團,Say,23,7,すいませーん！注文おねがーい！,
5e03827b12d7ba437d60cedd39f08462.bundle,第一次消夜團,Say,ケミン･ソ,0,はいはい、ご注文ですか？,
5e03827b12d7ba437d60cedd39f08462.bundle,第一次消夜團,Say,23,8,ええ。,
5e03827b12d7ba437d60cedd39f08462.bundle,第一次消夜團,Say,ケミン･ソ,1,では、ご注文をお伺いします。,
5e03827b12d7ba437d60cedd39f08462.bundle,第一次消夜團,Say,心の声,2,リンはここのエビチリが好きだった……,
5e03827b12d7ba437d60cedd39f08462.bundle,第一次消夜團,Say,心の声,3,でもホルモン炒めは下処理が甘く、不味いと言ってた……,
5e03827b12d7ba437d60cedd39f08462.bundle,第一次消夜團,Branch,#Simple,2,ジンジャーホルモンを。,
5e03827b12d7ba437d60cedd39f08462.bundle,第一次消夜團,Say,ケミン･ソ,2,かしこまりました。,
5e03827b12d7ba437d60cedd39f08462.bundle,第一次消夜團,Branch,#Simple,3,エビチリを。,
5e03827b12d7ba437d60cedd39f08462.bundle,第一次消夜團,Say,ケミン･ソ,3,かしこまりました。,
5e03827b12d7ba437d60cedd39f08462.bundle,第一次消夜團,Branch,#Simple,4,野菜炒めを。,
5e03827b12d7ba437d60cedd39f08462.bundle,第一次消夜團,Say,ケミン･ソ,4,かしこまりました。,
5e03827b12d7ba437d60cedd39f08462.bundle,第一次消夜團,Branch,#Simple,5,豚バラのにんにくソース炒めを。,
5e03827b12d7ba437d60cedd39f08462.bundle,第一次消夜團,Say,ケミン･ソ,5,かしこまりました。,
5e03827b12d7ba437d60cedd39f08462.bundle,第一次消夜團,Say,ケミン･ソ,6,ご注文は以上でよろしいでしょうか？,
5e03827b12d7ba437d60cedd39f08462.bundle,第一次消夜團,Branch,#Simple,6,はい。,
5e03827b12d7ba437d60cedd39f08462.bundle,第一次消夜團,Say,ケミン･ソ,7,かしこまりました。,
5e03827b12d7ba437d60cedd39f08462.bundle,第一次消夜團,Branch,#Simple,7,こちらもお願いします。,
5e03827b12d7ba437d60cedd39f08462.bundle,第一次消夜團,Say,ケミン･ソ,8,かしこまりました。,
5e03827b12d7ba437d60cedd39f08462.bundle,第一次消夜團,Branch,#Simple,8,ジンジャーホルモンを。,
5e03827b12d7ba437d60cedd39f08462.bundle,第一次消夜團,Say,ケミン･ソ,9,ジンジャーホルモンをお一つですね。,
5e03827b12d7ba437d60cedd39f08462.bundle,第一次消夜團,Branch,#Simple,9,エビチリを。,
5e03827b12d7ba437d60cedd39f08462.bundle,第一次消夜團,Say,ケミン･ソ,10,エビチリをお一つですね。,
5e03827b12d7ba437d60cedd39f08462.bundle,第一次消夜團,Branch,#Simple,10,野菜炒めを。,
5e03827b12d7ba437d60cedd39f08462.bundle,第一次消夜團,Say,ケミン･ソ,11,野菜炒めをお一つですね。,
5e03827b12d7ba437d60cedd39f08462.bundle,第一次消夜團,Branch,#Simple,11,豚バラのにんにくソース炒めを。,
5e03827b12d7ba437d60cedd39f08462.bundle,第一次消夜團,Say,ケミン･ソ,12,豚バラのにんにくソース炒めをお一つですね。,
5e03827b12d7ba437d60cedd39f08462.bundle,第一次消夜團,Say,ケミン･ソ,13,以上でしょうか？,
5e03827b12d7ba437d60cedd39f08462.bundle,第一次消夜團,Say,心の声,4,リュウセイが冷や汗をかいている……,
5e03827b12d7ba437d60cedd39f08462.bundle,第一次消夜團,Branch,#Simple,12,はい。,
5e03827b12d7ba437d60cedd39f08462.bundle,第一次消夜團,Say,ケミン･ソ,14,かしこまりました。,
5e03827b12d7ba437d60cedd39f08462.bundle,第一次消夜團,Branch,#Simple,13,ジンジャーホルモンを。,
5e03827b12d7ba437d60cedd39f08462.bundle,第一次消夜團,Say,ケミン･ソ,15,ジンジャーホルモンをお一つですね。,
5e03827b12d7ba437d60cedd39f08462.bundle,第一次消夜團,Branch,#Simple,14,エビチリを。,
5e03827b12d7ba437d60cedd39f08462.bundle,第一次消夜團,Say,ケミン･ソ,16,エビチリをお一つですね。,
5e03827b12d7ba437d60cedd39f08462.bundle,第一次消夜團,Branch,#Simple,15,野菜炒めを。,
5e03827b12d7ba437d60cedd39f08462.bundle,第一次消夜團,Say,ケミン･ソ,17,野菜炒めをお一つですね。,
5e03827b12d7ba437d60cedd39f08462.bundle,第一次消夜團,Branch,#Simple,16,豚バラのにんにくソース炒めを。,
5e03827b12d7ba437d60cedd39f08462.bundle,第一次消夜團,Say,ケミン･ソ,18,豚バラのにんにくソース炒めをお一つですね。,
5e03827b12d7ba437d60cedd39f08462.bundle,第一次消夜團,Say,ケミン･ソ,19,ご注文を三品承っておりますが、以上でしょうか？,
5e03827b12d7ba437d60cedd39f08462.bundle,第一次消夜團,Say,心の声,5,リュウセイがこっそりと財布を確認している。,
5e03827b12d7ba437d60cedd39f08462.bundle,第一次消夜團,Branch,#Simple,17,はい。,
5e03827b12d7ba437d60cedd39f08462.bundle,第一次消夜團,Say,ケミン･ソ,20,かしこまりました。,
5e03827b12d7ba437d60cedd39f08462.bundle,第一次消夜團,Branch,#Simple,18,ジンジャーホルモンを。,
5e03827b12d7ba437d60cedd39f08462.bundle,第一次消夜團,Say,ケミン･ソ,21,ジンジャーホルモンをお一つですね。,
5e03827b12d7ba437d60cedd39f08462.bundle,第一次消夜團,Branch,#Simple,19,エビチリを。,
5e03827b12d7ba437d60cedd39f08462.bundle,第一次消夜團,Say,ケミン･ソ,22,エビチリをお一つですね。,
5e03827b12d7ba437d60cedd39f08462.bundle,第一次消夜團,Branch,#Simple,20,野菜炒めを。,
5e03827b12d7ba437d60cedd39f08462.bundle,第一次消夜團,Say,ケミン･ソ,23,野菜炒めをお一つですね。,
5e03827b12d7ba437d60cedd39f08462.bundle,第一次消夜團,Branch,#Simple,21,豚バラのにんにくソース炒めを。,
5e03827b12d7ba437d60cedd39f08462.bundle,第一次消夜團,Say,ケミン･ソ,24,豚バラのにんにくソース炒めをお一つですね。,
5e03827b12d7ba437d60cedd39f08462.bundle,第一次消夜團,Say,ケミン･ソ,25,かしこまりました。一度のご注文でこれ以上頼まれますと、多いかと思いますので。,
5e03827b12d7ba437d60cedd39f08462.bundle,第一次消夜團,Say,ケミン･ソ,26,足りなかったらまた注文してください。,
5e03827b12d7ba437d60cedd39f08462.bundle,第一次消夜團,Say,23,9,はーい！,
5e03827b12d7ba437d60cedd39f08462.bundle,第一次消夜團,Say,ケミン･ソ,27,それと本日は生ビールを割引価格でご提供しておりますが、いかがでしょうか？,
5e03827b12d7ba437d60cedd39f08462.bundle,第一次消夜團,Say,23,10,いいね、それお願い！,
5e03827b12d7ba437d60cedd39f08462.bundle,第一次消夜團,Say,23,11,いいよね、リューセー君？,
5e03827b12d7ba437d60cedd39f08462.bundle,第一次消夜團,Say,リュウセイ･チョウ,4,も、もちのろんすよ！,
5e03827b12d7ba437d60cedd39f08462.bundle,第一次消夜團,Say,ケミン･ソ,28,ありがとうございます。,
5e03827b12d7ba437d60cedd39f08462.bundle,第一次消夜團,Say,23,12,ジェイ、リュウセイに優しすぎ。こういう時は沢山頼まなきゃ！,
5e03827b12d7ba437d60cedd39f08462.bundle,第一次消夜團,Say,リュウセイ･チョウ,5,どっかの公務員様と違って、ジェイさんは僕たち一般市民の苦労を知っているんすよ！,
5e03827b12d7ba437d60cedd39f08462.bundle,第一次消夜團,Say,23,13,はあ？こっちだって大変なんだけど！,
5e03827b12d7ba437d60cedd39f08462.bundle,第一次消夜團,Say,23,14,あーらら。リュウセイったら苦い顔をしてるね。,
5e03827b12d7ba437d60cedd39f08462.bundle,第一次消夜團,Say,23,15,でもそれくらい出せるよね？,
5e03827b12d7ba437d60cedd39f08462.bundle,第一次消夜團,Say,リュウセイ･チョウ,6,も、もちのろんすよ……このリュウセイ･チョウは約束を守る男っす！,
5e03827b12d7ba437d60cedd39f08462.bundle,第一次消夜團,Say,23,16,ふむ！よろしい。,
5e03827b12d7ba437d60cedd39f08462.bundle,第一次消夜團,Say,リュウセイ･チョウ,7,……,
5e03827b12d7ba437d60cedd39f08462.bundle,第一次消夜團,Say,23,17,……,
5e03827b12d7ba437d60cedd39f08462.bundle,第一次消夜團,Say,リュウセイ･チョウ,8,あのー、提案なんですが、やっぱり割り勘ということに……,
5e03827b12d7ba437d60cedd39f08462.bundle,第一次消夜團,Say,23,18,もちのろん、却下！,
5e03827b12d7ba437d60cedd39f08462.bundle,第一次消夜團,Say,23,19,さあ、本題に入ろう。,
5e03827b12d7ba437d60cedd39f08462.bundle,第一次消夜團,Say,23,20,ジェイは沢山質問がありそうだし、まずその質問を聞こうか。,
5e03827b12d7ba437d60cedd39f08462.bundle,第一次消夜團,Branch,#Simple,22,あんたたちは一体何者だ？,
5e03827b12d7ba437d60cedd39f08462.bundle,第一次消夜團,Say,23,21,スイが言ってたでしょう？私たちはフクロウって小隊で、北区特別捜査……,
5e03827b12d7ba437d60cedd39f08462.bundle,第一次消夜團,Say,23,22,あれ、正式名はなんだっけ……？,
5e03827b12d7ba437d60cedd39f08462.bundle,第一次消夜團,Say,リュウセイ･チョウ,9,ハハハハッ！,
5e03827b12d7ba437d60cedd39f08462.bundle,第一次消夜團,Say,リュウセイ･チョウ,10,23姉、マジで覚えてないっすか？,
5e03827b12d7ba437d60cedd39f08462.bundle,第一次消夜團,Say,23,23,うるさいな！あんな堅苦しい名前、誰が覚えられんのよ！,
5e03827b12d7ba437d60cedd39f08462.bundle,第一次消夜團,Say,23,24,と、とりあえず、お役人ってわけ！FBIみたいな組織だと考えればいいかな？,
5e03827b12d7ba437d60cedd39f08462.bundle,第一次消夜團,Say,リュウセイ･チョウ,11,ええ？CIAじゃないっすか？FBIってロリコンを捕まえる組織っすよね？,
5e03827b12d7ba437d60cedd39f08462.bundle,第一次消夜團,Say,23,25,リュウセイ……もっと本を読みなさい。,
5e03827b12d7ba437d60cedd39f08462.bundle,第一次消夜團,Say,23,26,あ、ちなみにこいつは、うちのチームに入ってないから。,
5e03827b12d7ba437d60cedd39f08462.bundle,第一次消夜團,Say,23,27,前に何度か協力したことがあって、今回は民間協力者として関わっているだけだから。,
5e03827b12d7ba437d60cedd39f08462.bundle,第一次消夜團,Say,23,28,イファの権限で、リュウセイをサイレントに入れたの。,
5e03827b12d7ba437d60cedd39f08462.bundle,第一次消夜團,Say,リュウセイ･チョウ,12,僕はスイ姉の弟子1号っす！,
5e03827b12d7ba437d60cedd39f08462.bundle,第一次消夜團,Branch,#Simple,23,弟子？,
5e03827b12d7ba437d60cedd39f08462.bundle,第一次消夜團,Say,リュウセイ･チョウ,13,はい！フクロウのエージェントになるための特訓をしてくれてるっす。,
5e03827b12d7ba437d60cedd39f08462.bundle,第一次消夜團,Say,23,29,このままじゃ……望みないと思うけどね。,
5e03827b12d7ba437d60cedd39f08462.bundle,第一次消夜團,Say,リュウセイ･チョウ,14,ええ？僕のおとり捜査は大成功だったっすよね？,
5e03827b12d7ba437d60cedd39f08462.bundle,第一次消夜團,Say,23,30,そう？ねぇ、ジェイはどう思う？,
5e03827b12d7ba437d60cedd39f08462.bundle,第一次消夜團,Branch,#Simple,24,最初から怪しい人物だと思っていた。,
5e03827b12d7ba437d60cedd39f08462.bundle,第一次消夜團,Say,23,31,ほら、言わんこっちゃない。,
5e03827b12d7ba437d60cedd39f08462.bundle,第一次消夜團,Say,リュウセイ･チョウ,15,えええええ？,
5e03827b12d7ba437d60cedd39f08462.bundle,第一次消夜團,Branch,#Simple,25,普通の職員だと思っていた。,
5e03827b12d7ba437d60cedd39f08462.bundle,第一次消夜團,Say,リュウセイ･チョウ,16,ほ･ら･ね！,
5e03827b12d7ba437d60cedd39f08462.bundle,第一次消夜團,Say,23,32,ふぅ～ん、それは大した進歩ね。,
5e03827b12d7ba437d60cedd39f08462.bundle,第一次消夜團,Say,リュウセイ･チョウ,17,イッェェェイ,
5e03827b12d7ba437d60cedd39f08462.bundle,第一次消夜團,Say,心の声,6,かなり喜んでるみたいだ……,
5e03827b12d7ba437d60cedd39f08462.bundle,第一次消夜團,Branch,#Simple,26,そうか。,
5e03827b12d7ba437d60cedd39f08462.bundle,第一次消夜團,Say,23,33,興味ないみたいね。,
5e03827b12d7ba437d60cedd39f08462.bundle,第一次消夜團,Say,リュウセイ･チョウ,18,ジェイの兄貴冷たいっすよ。,
5e03827b12d7ba437d60cedd39f08462.bundle,第一次消夜團,Branch,#Simple,27,……,
5e03827b12d7ba437d60cedd39f08462.bundle,第一次消夜團,Say,23,34,この小隊について何か聞きたいことは？,
5e03827b12d7ba437d60cedd39f08462.bundle,第一次消夜團,Branch,#Simple,28,隊長はスイ･ニンなのか？,
5e03827b12d7ba437d60cedd39f08462.bundle,第一次消夜團,Say,リュウセイ･チョウ,19,そうっすよね、23姉！,
5e03827b12d7ba437d60cedd39f08462.bundle,第一次消夜團,Say,23,35,ああ……,
5e03827b12d7ba437d60cedd39f08462.bundle,第一次消夜團,Say,23,36,フクロウのチーム編成はエージェント一人とオペレーター一人だから、職務上の上下関係はないんだけどね。,
5e03827b12d7ba437d60cedd39f08462.bundle,第一次消夜團,Say,23,37,でも、それもチームによるってわけ。うちらはスイをリーダーにしているの。,
5e03827b12d7ba437d60cedd39f08462.bundle,第一次消夜團,Branch,#Simple,29,なぜあんたじゃないんだ？,
5e03827b12d7ba437d60cedd39f08462.bundle,第一次消夜團,Say,23,38,勘弁してよ。リーダーなんて面倒くさそうじゃん。,
5e03827b12d7ba437d60cedd39f08462.bundle,第一次消夜團,Say,23,39,うちはスイみたいに真面目じゃないからさ、それに今回のことも……,
5e03827b12d7ba437d60cedd39f08462.bundle,第一次消夜團,Say,23,40,……,
5e03827b12d7ba437d60cedd39f08462.bundle,第一次消夜團,Say,23,41,コホン、今のは忘れて。,
5e03827b12d7ba437d60cedd39f08462.bundle,第一次消夜團,Say,心の声,7,何か事情がありそうだ……,
5e03827b12d7ba437d60cedd39f08462.bundle,第一次消夜團,Branch,#Simple,30,わかった。,
5e03827b12d7ba437d60cedd39f08462.bundle,第一次消夜團,Branch,#Simple,31,……,
5e03827b12d7ba437d60cedd39f08462.bundle,第一次消夜團,Say,23,42,大体こんな感じかな。,
5e03827b12d7ba437d60cedd39f08462.bundle,第一次消夜團,Say,23,43,うちらについて、他に聞きたいことは？,
5e03827b12d7ba437d60cedd39f08462.bundle,第一次消夜團,Branch,#Simple,32,俺は一度もフクロウの存在を耳にしたことがない。,
5e03827b12d7ba437d60cedd39f08462.bundle,第一次消夜團,Say,23,44,一般市民に公にしていないからね。,
5e03827b12d7ba437d60cedd39f08462.bundle,第一次消夜團,Say,23,45,でも噂なら結構流れているみたいだけどね。,
5e03827b12d7ba437d60cedd39f08462.bundle,第一次消夜團,Branch,#Simple,33,それは大丈夫なのか？,
5e03827b12d7ba437d60cedd39f08462.bundle,第一次消夜團,Say,23,46,全然大丈夫じゃないね。,
5e03827b12d7ba437d60cedd39f08462.bundle,第一次消夜團,Say,23,47,うちらの存在がバレた場合、知ってしまった人間の記憶を消さないといけないの。,
5e03827b12d7ba437d60cedd39f08462.bundle,第一次消夜團,Say,23,48,この件が終わったら、ジェイの記憶もこいつで消さないといけないね。,
5e03827b12d7ba437d60cedd39f08462.bundle,第一次消夜團,Say,心の声,8,なに！？,
5e03827b12d7ba437d60cedd39f08462.bundle,第一次消夜團,Say,23,49,ハハハ！冗談だよ！,
5e03827b12d7ba437d60cedd39f08462.bundle,第一次消夜團,Say,リュウセイ･チョウ,20,23姉は人が悪いっす！今の脅し文句は古い映画のネタだし……,
5e03827b12d7ba437d60cedd39f08462.bundle,第一次消夜團,Say,23,50,若輩者が。古いかどうかなんて関係ないの。名作は時間をも乗り越えるんだから。,
5e03827b12d7ba437d60cedd39f08462.bundle,第一次消夜團,Say,23,51,さて、本題に入ろうか。,
5e03827b12d7ba437d60cedd39f08462.bundle,第一次消夜團,Branch,#Simple,34,俺にここまで詳しく教えて大丈夫なのか？,
5e03827b12d7ba437d60cedd39f08462.bundle,第一次消夜團,Say,23,52,大丈夫なわけないじゃん。だからこの件が終わったら記憶を消させてもらうよ。,
5e03827b12d7ba437d60cedd39f08462.bundle,第一次消夜團,Say,23,53,これでね。,
5e03827b12d7ba437d60cedd39f08462.bundle,第一次消夜團,Say,心の声,9,なに！？,
5e03827b12d7ba437d60cedd39f08462.bundle,第一次消夜團,Say,23,54,ハハハ！冗談だよ！,
5e03827b12d7ba437d60cedd39f08462.bundle,第一次消夜團,Say,リュウセイ･チョウ,21,23姉は人が悪いっす！今の脅し文句は古い映画のネタだし……,
5e03827b12d7ba437d60cedd39f08462.bundle,第一次消夜團,Say,23,55,若輩者が。古いかどうかなんて関係ないの。名作は時間をも乗り越えるんだから。,
5e03827b12d7ba437d60cedd39f08462.bundle,第一次消夜團,Say,23,56,さて、本題に入ろうか。,
5e03827b12d7ba437d60cedd39f08462.bundle,第一次消夜團,Branch,#Simple,35,……,
5e03827b12d7ba437d60cedd39f08462.bundle,第一次消夜團,Say,23,57,そういう噂に関してはね、野放しにしているの。,
5e03827b12d7ba437d60cedd39f08462.bundle,第一次消夜團,Say,23,58,ネットには毎日のようにフェイクニュースや陰謀論が流れているの。だからこんな噂が流れたところで社会が真に受けるわけないのよ。,
5e03827b12d7ba437d60cedd39f08462.bundle,第一次消夜團,Say,23,59,問題が起きない限り、うちらがわざわざ手を加える必要はない。,
5e03827b12d7ba437d60cedd39f08462.bundle,第一次消夜團,Say,23,60,つまり、あんたみたいな民間協力者が変な事をしない限り、うちらは何もしない。,
5e03827b12d7ba437d60cedd39f08462.bundle,第一次消夜團,Branch,#Simple,36,もし俺がフクロウのことを言いふらしたらどうなる。,
5e03827b12d7ba437d60cedd39f08462.bundle,第一次消夜團,Say,23,61,さあ、どうなるでしょうね……？,
5e03827b12d7ba437d60cedd39f08462.bundle,第一次消夜團,Say,心の声,10,彼女、笑っている……,
5e03827b12d7ba437d60cedd39f08462.bundle,第一次消夜團,Say,リュウセイ･チョウ,22,23姉のその笑顔、ちょー怖いっすよ。,
5e03827b12d7ba437d60cedd39f08462.bundle,第一次消夜團,Say,23,62,効果抜群みたいね。,
5e03827b12d7ba437d60cedd39f08462.bundle,第一次消夜團,Branch,#Simple,37,大がかりな対処はしないということか。,
5e03827b12d7ba437d60cedd39f08462.bundle,第一次消夜團,Say,23,63,そう。,
5e03827b12d7ba437d60cedd39f08462.bundle,第一次消夜團,Say,23,64,このご時世、何が真実かなんて誰もわからない。,
5e03827b12d7ba437d60cedd39f08462.bundle,第一次消夜團,Say,23,65,それを利用して上手く隠れているってわけ。,
5e03827b12d7ba437d60cedd39f08462.bundle,第一次消夜團,Branch,#Simple,38,……,
5e03827b12d7ba437d60cedd39f08462.bundle,第一次消夜團,Say,23,66,とにかく、そういう心配はしなくて大丈夫だから。,
5e03827b12d7ba437d60cedd39f08462.bundle,第一次消夜團,Say,23,67,うちらの状況は理解してもらえた？,
5e03827b12d7ba437d60cedd39f08462.bundle,第一次消夜團,Branch,#Simple,39,大体わかった。,
5e03827b12d7ba437d60cedd39f08462.bundle,第一次消夜團,Say,23,68,ありがとう。,
5e03827b12d7ba437d60cedd39f08462.bundle,第一次消夜團,Say,23,69,他に質問は？,
5e03827b12d7ba437d60cedd39f08462.bundle,第一次消夜團,Branch,#Simple,40,どうやって俺とリンを見つけたんだ？,
5e03827b12d7ba437d60cedd39f08462.bundle,第一次消夜團,Say,23,70,イファの件がバレた後、うちらはリュウセイにリン･テイの尾行をさせた。,
5e03827b12d7ba437d60cedd39f08462.bundle,第一次消夜團,Say,リュウセイ･チョウ,23,リンさんの後を追って万象の本部ビルまで行ったけど、流石に中には入れなかったの。,
5e03827b12d7ba437d60cedd39f08462.bundle,第一次消夜團,Say,リュウセイ･チョウ,24,……あの事故が起きた後、僕もすぐに病院に駆けつけたっす……,
5e03827b12d7ba437d60cedd39f08462.bundle,第一次消夜團,Say,リュウセイ･チョウ,25,でもリンさんを守れなかった。本当にすいません。,
5e03827b12d7ba437d60cedd39f08462.bundle,第一次消夜團,Say,心の声,11,彼には何もできなかったはずだ……,
5e03827b12d7ba437d60cedd39f08462.bundle,第一次消夜團,Branch,#Simple,41,気にするな。あんたはできる限りのことをしてくれた。,
5e03827b12d7ba437d60cedd39f08462.bundle,第一次消夜團,Say,リュウセイ･チョウ,26,ありがとうございます……,
5e03827b12d7ba437d60cedd39f08462.bundle,第一次消夜團,Branch,#Simple,42,……,
5e03827b12d7ba437d60cedd39f08462.bundle,第一次消夜團,Say,リュウセイ･チョウ,27,……,
5e03827b12d7ba437d60cedd39f08462.bundle,第一次消夜團,Say,23,71,……,
5e03827b12d7ba437d60cedd39f08462.bundle,第一次消夜團,Say,23,72,あの件が起きてすぐに、リン･テイを助けるためにスイが病院に潜り込んだの。,
5e03827b12d7ba437d60cedd39f08462.bundle,第一次消夜團,Say,23,73,万象の手口はわかっていたからね。彼らは殺し損ねた相手に必ず殺し屋を送る。,
5e03827b12d7ba437d60cedd39f08462.bundle,第一次消夜團,Branch,#Simple,43,あの時の医者か。,
5e03827b12d7ba437d60cedd39f08462.bundle,第一次消夜團,Say,23,74,あら、バレちゃった？,
5e03827b12d7ba437d60cedd39f08462.bundle,第一次消夜團,Say,23,75,これはスイに教えないと！変装がバレたと知ったら、どんな顔をするかね。,
5e03827b12d7ba437d60cedd39f08462.bundle,第一次消夜團,Say,心の声,12,これは話していいことなのか……？,
5e03827b12d7ba437d60cedd39f08462.bundle,第一次消夜團,Branch,#Simple,44,もしかしたら怒るのでは？見抜いた俺が気に食わないとか。,
5e03827b12d7ba437d60cedd39f08462.bundle,第一次消夜團,Say,23,76,いやいやいや。新人が優れた洞察力を持っているって彼女も喜ぶよ。,
5e03827b12d7ba437d60cedd39f08462.bundle,第一次消夜團,Say,リュウセイ･チョウ,28,さすがジェイさんっす！,
5e03827b12d7ba437d60cedd39f08462.bundle,第一次消夜團,Branch,#Simple,45,……,
5e03827b12d7ba437d60cedd39f08462.bundle,第一次消夜團,Branch,#Simple,46,万象は以前にも似たようなことをしていたのか？,
5e03827b12d7ba437d60cedd39f08462.bundle,第一次消夜團,Say,23,77,大企業の御三家として、数えきれないほどにね。,
5e03827b12d7ba437d60cedd39f08462.bundle,第一次消夜團,Say,23,78,まあ、ビッグウェイとサンライズと比べたら、万象はずっとマシだけど。,
5e03827b12d7ba437d60cedd39f08462.bundle,第一次消夜團,Say,リュウセイ･チョウ,29,僕の前のアジドもよくビッグウェイにちょっかいを出されたっす。あれはもうヤクザっすよ……,
5e03827b12d7ba437d60cedd39f08462.bundle,第一次消夜團,Say,23,79,発言に気をつけないと、聞かれて袋叩きにされるかもよ。,
5e03827b12d7ba437d60cedd39f08462.bundle,第一次消夜團,Say,リュウセイ･チョウ,30,僕ほどの人脈があれば、狙われる前に誰かが教えてくれるはずっすよ。,
5e03827b12d7ba437d60cedd39f08462.bundle,第一次消夜團,Say,23,80,へぇ、さすが裏社会の人間ね。,
5e03827b12d7ba437d60cedd39f08462.bundle,第一次消夜團,Say,心の声,13,噂には聞いていたが、まさか本当だったとは……,
5e03827b12d7ba437d60cedd39f08462.bundle,第一次消夜團,Branch,#Simple,47,……,
5e03827b12d7ba437d60cedd39f08462.bundle,第一次消夜團,Say,23,81,だからスイが医者に扮して殺し屋を倒し、リン･テイをここに連れてきたってわけ。,
5e03827b12d7ba437d60cedd39f08462.bundle,第一次消夜團,Say,心の声,14,治療はどうすれば……,
5e03827b12d7ba437d60cedd39f08462.bundle,第一次消夜團,Say,23,82,ジェイは顔に出やすいタイプね。,
5e03827b12d7ba437d60cedd39f08462.bundle,第一次消夜團,Say,23,83,大丈夫。彼女の容態は安定してるし、明日になればきっと目覚めるはずよ。,
5e03827b12d7ba437d60cedd39f08462.bundle,第一次消夜團,Say,23,84,さっきの質問に対して話せることはこのくらいだけど、他に質問は？,
5e03827b12d7ba437d60cedd39f08462.bundle,第一次消夜團,Branch,#Simple,48,なぜ俺は病院で攻撃を受けたんだ？,
5e03827b12d7ba437d60cedd39f08462.bundle,第一次消夜團,Say,23,85,あんたが白昼堂々と病院に駆けつけ、リン･テイに会いに行ったからよ、そりゃ、万象に雇われたチンピラはあんたを狙うでしょうよ……,
5e03827b12d7ba437d60cedd39f08462.bundle,第一次消夜團,Say,23,86,でも返り討ちにされるとは思わなかったでしょうね。あんたは強いよ。,
5e03827b12d7ba437d60cedd39f08462.bundle,第一次消夜團,Say,リュウセイ･チョウ,31,ジェイさんは元軍人っすよ。普通のチンピラじゃ相手にならないっす。,
5e03827b12d7ba437d60cedd39f08462.bundle,第一次消夜團,Say,23,87,それもそうね。,
5e03827b12d7ba437d60cedd39f08462.bundle,第一次消夜團,Say,心の声,15,23号が意味深に笑っている……,
5e03827b12d7ba437d60cedd39f08462.bundle,第一次消夜團,Say,リュウセイ･チョウ,32,でもあんな手を使うなんて汚いっすよ！,
5e03827b12d7ba437d60cedd39f08462.bundle,第一次消夜團,Branch,#Simple,49,どうして助けてくれなかった？,
5e03827b12d7ba437d60cedd39f08462.bundle,第一次消夜團,Say,23,88,それは……,
5e03827b12d7ba437d60cedd39f08462.bundle,第一次消夜團,Branch,#Simple,50,でもヘルメットを被った人が助けてくれた。,
5e03827b12d7ba437d60cedd39f08462.bundle,第一次消夜團,Say,23,89,あら、気づかなかった？あれはリュウセイよ。,
5e03827b12d7ba437d60cedd39f08462.bundle,第一次消夜團,Say,リュウセイ･チョウ,33,アハハ……,
5e03827b12d7ba437d60cedd39f08462.bundle,第一次消夜團,Say,心の声,16,どっかで聞いた声だとは思っていたが……,
5e03827b12d7ba437d60cedd39f08462.bundle,第一次消夜團,Branch,#Simple,51,……,
5e03827b12d7ba437d60cedd39f08462.bundle,第一次消夜團,Say,リュウセイ･チョウ,34,ぼ、僕が手を出さなかったのは、全部スイ姉の指示だったからっす！,
5e03827b12d7ba437d60cedd39f08462.bundle,第一次消夜團,Say,23,90,ジェイさんの力試しに調度いいと思ったの……これから協力するわけだしね！,
5e03827b12d7ba437d60cedd39f08462.bundle,第一次消夜團,Say,23,91,どう？納得できた？,
5e03827b12d7ba437d60cedd39f08462.bundle,第一次消夜團,Branch,#Simple,52,工場をスパイするだけの人間に力試しなんて必要か？,
5e03827b12d7ba437d60cedd39f08462.bundle,第一次消夜團,Say,23,92,何が起きるかわからないから。,
5e03827b12d7ba437d60cedd39f08462.bundle,第一次消夜團,Branch,#Simple,53,ああ。,
5e03827b12d7ba437d60cedd39f08462.bundle,第一次消夜團,Say,23,93,あら、あんた順応力高いじゃん！気に入ったよ。ハハハ！,
5e03827b12d7ba437d60cedd39f08462.bundle,第一次消夜團,Branch,#Simple,54,全然説明になっていない。,
5e03827b12d7ba437d60cedd39f08462.bundle,第一次消夜團,Say,23,94,ハハハ！ごめんごめん、ちゃんと説明するね。,
5e03827b12d7ba437d60cedd39f08462.bundle,第一次消夜團,Say,23,95,調査とはいえ、危険な目に遭わないとは限らない。戦闘力が高いに越したことはないよ。,
5e03827b12d7ba437d60cedd39f08462.bundle,第一次消夜團,Branch,#Simple,55,つまり、イファ･ヨウも戦えるってことか？,
5e03827b12d7ba437d60cedd39f08462.bundle,第一次消夜團,Say,23,96,ハハ、そんなイファなら見てみたいよ。でも残念ながら彼女は戦えないよ。,
5e03827b12d7ba437d60cedd39f08462.bundle,第一次消夜團,Say,リュウセイ･チョウ,35,いや、本気で戦ったら、もしかして……,
5e03827b12d7ba437d60cedd39f08462.bundle,第一次消夜團,Branch,#Simple,56,そうは言うが、俺じゃなかったら危険過ぎないか？,
5e03827b12d7ba437d60cedd39f08462.bundle,第一次消夜團,Say,23,97,そんなこと言われても、あれはスイ･ニン様のアイデアなの。うちらは彼女に従っただけ。だよね、リュウセイ。,
5e03827b12d7ba437d60cedd39f08462.bundle,第一次消夜團,Say,リュウセイ･チョウ,36,イエス！,
5e03827b12d7ba437d60cedd39f08462.bundle,第一次消夜團,Say,23,98,まあ本音を言うと、あんたの戦闘力を見たい理由は、スイの計画と関係しているからなの。,
5e03827b12d7ba437d60cedd39f08462.bundle,第一次消夜團,Say,心の声,17,態度が変わった……,
5e03827b12d7ba437d60cedd39f08462.bundle,第一次消夜團,Say,23,99,長い間、彼女とバディを組んでいるからわかるの……明日の計画はかなりの強硬手段になるはずよ。,
5e03827b12d7ba437d60cedd39f08462.bundle,第一次消夜團,Say,リュウセイ･チョウ,37,よっしゃ！それでこそ我らがスイ姉！,
5e03827b12d7ba437d60cedd39f08462.bundle,第一次消夜團,Say,23,100,そんなので喜ばないでよ！うちらは公務員で、違法の事はしちゃダメなの！,
5e03827b12d7ba437d60cedd39f08462.bundle,第一次消夜團,Say,23,101,……万が一にも、仕方なく法を破ることになっても……その態度は見過ごせないわね！,
5e03827b12d7ba437d60cedd39f08462.bundle,第一次消夜團,Say,リュウセイ･チョウ,38,はい、はい、わかってるっすよ～,
5e03827b12d7ba437d60cedd39f08462.bundle,第一次消夜團,Say,23,102,適当にあしらうな！,
5e03827b12d7ba437d60cedd39f08462.bundle,第一次消夜團,Branch,#Simple,57,あの時にヘルメットを被っていた男はリュウセイだよな？,
5e03827b12d7ba437d60cedd39f08462.bundle,第一次消夜團,Say,リュウセイ･チョウ,39,え？バレてたっすか！？,
5e03827b12d7ba437d60cedd39f08462.bundle,第一次消夜團,Say,23,103,はっ！やっぱりこいつの隠密行動はクソね。,
5e03827b12d7ba437d60cedd39f08462.bundle,第一次消夜團,Say,リュウセイ･チョウ,40,酷いっすよ！今、ジェイさんが褒めてくれてたのに！,
5e03827b12d7ba437d60cedd39f08462.bundle,第一次消夜團,Say,23,104,ジェイは優しいからね。うちはプロフェッショナルな指導を心がけてるの！,
5e03827b12d7ba437d60cedd39f08462.bundle,第一次消夜團,Say,リュウセイ･チョウ,41,言いたい放題じゃないっすか！,
5e03827b12d7ba437d60cedd39f08462.bundle,第一次消夜團,Say,リュウセイ･チョウ,42,さっきので、僕への説教はもう十分でしょ。勘弁してくださいっす。,
5e03827b12d7ba437d60cedd39f08462.bundle,第一次消夜團,Say,23,105,先輩から有り難いご指導が面倒だっていうの？,
5e03827b12d7ba437d60cedd39f08462.bundle,第一次消夜團,Say,リュウセイ･チョウ,43,理不尽っすよ！,
5e03827b12d7ba437d60cedd39f08462.bundle,第一次消夜團,Say,23,106,でもジェイはスイの変装さえも見破ったわけだし、確かに凄いかも。,
5e03827b12d7ba437d60cedd39f08462.bundle,第一次消夜團,Say,リュウセイ･チョウ,44,ほら、やっぱ僕の問題じゃないっすよ！,
5e03827b12d7ba437d60cedd39f08462.bundle,第一次消夜團,Say,23,107,それはそれ、これはこれ。,
5e03827b12d7ba437d60cedd39f08462.bundle,第一次消夜團,Say,リュウセイ･チョウ,45,言いたい放題じゃないっすか！,
5e03827b12d7ba437d60cedd39f08462.bundle,第一次消夜團,Say,23,108,はいはい。じゃ、他に聞きたい事は？,
5e03827b12d7ba437d60cedd39f08462.bundle,第一次消夜團,Branch,#Simple,58,大体わかったから大丈夫だ。,
5e03827b12d7ba437d60cedd39f08462.bundle,第一次消夜團,Say,23,109,オッケー。,
5e03827b12d7ba437d60cedd39f08462.bundle,第一次消夜團,Say,23,110,他に質問は？,
5e03827b12d7ba437d60cedd39f08462.bundle,第一次消夜團,Branch,#Simple,59,万象の手下がここに来るのが怖くないのか？,
5e03827b12d7ba437d60cedd39f08462.bundle,第一次消夜團,Say,23,111,え？何で？,
5e03827b12d7ba437d60cedd39f08462.bundle,第一次消夜團,Branch,#Simple,60,彼らはリンを狙っているんだろう？,
5e03827b12d7ba437d60cedd39f08462.bundle,第一次消夜團,Branch,#Simple,61,このままリンを見逃すはずがない。,
5e03827b12d7ba437d60cedd39f08462.bundle,第一次消夜團,Say,23,112,ああ、それについては心配ないと思うよ。,
5e03827b12d7ba437d60cedd39f08462.bundle,第一次消夜團,Say,23,113,えっとね……,
5e03827b12d7ba437d60cedd39f08462.bundle,第一次消夜團,Say,23,114,リンさんのことを調べてみたけどね、結構すごいのよ……,
5e03827b12d7ba437d60cedd39f08462.bundle,第一次消夜團,Say,23,115,うちは国家レベルの情報システムを扱える優秀なオペレーターなんだけど、それでもリンさんの住所を探すのに苦労したんだよ。,
5e03827b12d7ba437d60cedd39f08462.bundle,第一次消夜團,Say,23,116,彼女はネット上にほとんど自分の情報を残していないし、職場でも本当の住所は隠し、郵便物が届くだけの住所を登録していたみたい。,
5e03827b12d7ba437d60cedd39f08462.bundle,第一次消夜團,Say,23,117,怖いくらいに慎重すぎる人ね。,
5e03827b12d7ba437d60cedd39f08462.bundle,第一次消夜團,Say,心の声,18,リンにはいつも大げさだと言ってきたが、まさかこんな形で役に立つ日が来るなんて……,
5e03827b12d7ba437d60cedd39f08462.bundle,第一次消夜團,Say,心の声,19,リンに謝らないと……,
5e03827b12d7ba437d60cedd39f08462.bundle,第一次消夜團,Say,23,118,まあ、上級監視システムを使ったら、簡単に見つかったけどね。,
5e03827b12d7ba437d60cedd39f08462.bundle,第一次消夜團,Say,23,119,万象の力じゃ、まだ上級監視システムを扱えないと思うから、今は安全だと思うよ。,
5e03827b12d7ba437d60cedd39f08462.bundle,第一次消夜團,Say,23,120,あんたたちが他の人に住所を話していない限りね。,
5e03827b12d7ba437d60cedd39f08462.bundle,第一次消夜團,Say,心の声,20,ここまで徹底しているリンが話すわけないし、俺がセキュリティに駅を漏らしただけだから大丈夫なはず……,
5e03827b12d7ba437d60cedd39f08462.bundle,第一次消夜團,Branch,#Simple,62,俺も、リンも話していないと思う。,
5e03827b12d7ba437d60cedd39f08462.bundle,第一次消夜團,Say,23,121,なら大丈夫なはず。,
5e03827b12d7ba437d60cedd39f08462.bundle,第一次消夜團,Branch,#Simple,63,話してはいないが、本当に大丈夫なのか？,
5e03827b12d7ba437d60cedd39f08462.bundle,第一次消夜團,Say,23,122,大丈夫。信じて。,
5e03827b12d7ba437d60cedd39f08462.bundle,第一次消夜團,Say,23,123,今回の調査は数日で終わるはずだから、万象が来る前にはもう撤退してるよ。,
5e03827b12d7ba437d60cedd39f08462.bundle,第一次消夜團,Branch,#Simple,64,サイレントのセキュリティに、最寄り駅を話したことがある。,
5e03827b12d7ba437d60cedd39f08462.bundle,第一次消夜團,Say,23,124,あらら。,
5e03827b12d7ba437d60cedd39f08462.bundle,第一次消夜團,Say,23,125,彼の名前は覚えてる？,
5e03827b12d7ba437d60cedd39f08462.bundle,第一次消夜團,Branch,#Simple,65,何をする気だ？,
5e03827b12d7ba437d60cedd39f08462.bundle,第一次消夜團,Say,23,126,彼を調べたいだけ。,
5e03827b12d7ba437d60cedd39f08462.bundle,第一次消夜團,Say,23,127,それで名前は？,
5e03827b12d7ba437d60cedd39f08462.bundle,第一次消夜團,Branch,#Simple,66,ユウ･ショウ。,
5e03827b12d7ba437d60cedd39f08462.bundle,第一次消夜團,Say,23,128,ふむ、覚えた。,
5e03827b12d7ba437d60cedd39f08462.bundle,第一次消夜團,Branch,#Simple,67,覚えてない。,
5e03827b12d7ba437d60cedd39f08462.bundle,第一次消夜團,Say,23,129,そっか。,
5e03827b12d7ba437d60cedd39f08462.bundle,第一次消夜團,Branch,#Simple,68,ユウ･ショウ。,
5e03827b12d7ba437d60cedd39f08462.bundle,第一次消夜團,Say,23,130,ふむ、覚えた。,
5e03827b12d7ba437d60cedd39f08462.bundle,第一次消夜團,Branch,#Simple,69,覚えてない。,
5e03827b12d7ba437d60cedd39f08462.bundle,第一次消夜團,Say,23,131,そっか。,
5e03827b12d7ba437d60cedd39f08462.bundle,第一次消夜團,Say,23,132,大丈夫、特に問題はないと思うよ。,
5e03827b12d7ba437d60cedd39f08462.bundle,第一次消夜團,Say,23,133,例え本当に万象が来ても、うちらで対処できるから。,
5e03827b12d7ba437d60cedd39f08462.bundle,第一次消夜團,Say,23,134,ねえ、リュウセイ。,
5e03827b12d7ba437d60cedd39f08462.bundle,第一次消夜團,Say,リュウセイ･チョウ,46,もちろん。,
5e03827b12d7ba437d60cedd39f08462.bundle,第一次消夜團,Say,23,135,でもリューセーちゃんは昨日刺されたばかりじゃないの？,
5e03827b12d7ba437d60cedd39f08462.bundle,第一次消夜團,Say,リュウセイ･チョウ,47,あんな場所で警戒する方がおかしいっすよ！,
5e03827b12d7ba437d60cedd39f08462.bundle,第一次消夜團,Say,リュウセイ･チョウ,48,それに急に後ろから刺されたら、避けようがないっす！,
5e03827b12d7ba437d60cedd39f08462.bundle,第一次消夜團,Say,23,136,じゃ、スイが後ろから刺されるのを想像できる？,
5e03827b12d7ba437d60cedd39f08462.bundle,第一次消夜團,Say,リュウセイ･チョウ,49,……,
5e03827b12d7ba437d60cedd39f08462.bundle,第一次消夜團,Say,リュウセイ･チョウ,50,想像できないっす。,
5e03827b12d7ba437d60cedd39f08462.bundle,第一次消夜團,Say,23,137,でしょ！スイみたいに常に警戒していればいいのよ。,
5e03827b12d7ba437d60cedd39f08462.bundle,第一次消夜團,Say,リュウセイ･チョウ,51,じゃ、23姉は？ずっと警戒してるっすか？,
5e03827b12d7ba437d60cedd39f08462.bundle,第一次消夜團,Say,23,138,するわけないじゃん！めんどうだし。,
5e03827b12d7ba437d60cedd39f08462.bundle,第一次消夜團,Say,リュウセイ･チョウ,52,よくもそれで僕に説教できたっすね！,
5e03827b12d7ba437d60cedd39f08462.bundle,第一次消夜團,Say,23,139,うちは別にスイの弟子じゃないし～,
5e03827b12d7ba437d60cedd39f08462.bundle,第一次消夜團,Say,リュウセイ･チョウ,53,で、でもっすよ……！,
5e03827b12d7ba437d60cedd39f08462.bundle,第一次消夜團,Say,23,140,さあ、他に質問は？,
5e03827b12d7ba437d60cedd39f08462.bundle,第一次消夜團,Branch,#Simple,70,何で23号って呼ばれている？,
5e03827b12d7ba437d60cedd39f08462.bundle,第一次消夜團,Say,23,141,最初の質問がそれ？ハハハ、ちょーウケる！,
5e03827b12d7ba437d60cedd39f08462.bundle,第一次消夜團,Say,23,142,でも会った人は皆、それを聞くね。,
5e03827b12d7ba437d60cedd39f08462.bundle,第一次消夜團,Say,リュウセイ･チョウ,54,あーあ、また始まった……,
5e03827b12d7ba437d60cedd39f08462.bundle,第一次消夜團,Say,23,143,23……それはうちがこの世から命を奪った数だ。,
5e03827b12d7ba437d60cedd39f08462.bundle,第一次消夜團,Say,心の声,21,なんだって……？,
5e03827b12d7ba437d60cedd39f08462.bundle,第一次消夜團,Branch,#Simple,71,自分にそんな名前を付けたのか！？,
5e03827b12d7ba437d60cedd39f08462.bundle,第一次消夜團,Branch,#Simple,72,23人も殺したのか！？,
5e03827b12d7ba437d60cedd39f08462.bundle,第一次消夜團,Say,23,144,ハハハハ！,
5e03827b12d7ba437d60cedd39f08462.bundle,第一次消夜團,Say,23,145,冗談だよ！,
5e03827b12d7ba437d60cedd39f08462.bundle,第一次消夜團,Branch,#Simple,73,じゃ、もう一人殺したら24号になるのか？,
5e03827b12d7ba437d60cedd39f08462.bundle,第一次消夜團,Say,23,146,ハハハハッ！,
5e03827b12d7ba437d60cedd39f08462.bundle,第一次消夜團,Say,23,147,ツッコむのそこ？,
5e03827b12d7ba437d60cedd39f08462.bundle,第一次消夜團,Say,23,148,面白い。ますます気に入ったよ！,
5e03827b12d7ba437d60cedd39f08462.bundle,第一次消夜團,Say,23,149,うちの名前の由来を聞いて驚かないの？,
5e03827b12d7ba437d60cedd39f08462.bundle,第一次消夜團,Branch,#Simple,74,かなり驚いてはいたんだが、顔に出てなかったのか？,
5e03827b12d7ba437d60cedd39f08462.bundle,第一次消夜團,Say,23,150,それマジ……？,
5e03827b12d7ba437d60cedd39f08462.bundle,第一次消夜團,Say,23,151,それともうちをおちょくってるとか……？,
5e03827b12d7ba437d60cedd39f08462.bundle,第一次消夜團,Branch,#Simple,75,いや、本当に驚いていた。,
5e03827b12d7ba437d60cedd39f08462.bundle,第一次消夜團,Say,23,152,全然そうは見えなかったけど、まさか無愛想すぎて顔に出ないとか？,
5e03827b12d7ba437d60cedd39f08462.bundle,第一次消夜團,Say,心の声,22,リンも同じことを言っていたな……,
5e03827b12d7ba437d60cedd39f08462.bundle,第一次消夜團,Branch,#Simple,76,ああ、そんなところだ。,
5e03827b12d7ba437d60cedd39f08462.bundle,第一次消夜團,Say,23,153,あー、そうですか。はいはい。,
5e03827b12d7ba437d60cedd39f08462.bundle,第一次消夜團,Branch,#Simple,77,デタラメだと判断した。,
5e03827b12d7ba437d60cedd39f08462.bundle,第一次消夜團,Say,23,154,あら、正しい判断！,
5e03827b12d7ba437d60cedd39f08462.bundle,第一次消夜團,Say,23,155,嘘を見抜けるのは素晴らしい素質だよ。うちの業界にピッタリ！,
5e03827b12d7ba437d60cedd39f08462.bundle,第一次消夜團,Say,23,156,リュウセイよりエージェントの素質あるかも！,
5e03827b12d7ba437d60cedd39f08462.bundle,第一次消夜團,Say,リュウセイ･チョウ,55,そ、そんな！,
5e03827b12d7ba437d60cedd39f08462.bundle,第一次消夜團,Branch,#Simple,78,スパイならそういう仕事をするものだろう？,
5e03827b12d7ba437d60cedd39f08462.bundle,第一次消夜團,Say,23,157,それは誤った固定観念ね！それと、今のはただの冗談だから。,
5e03827b12d7ba437d60cedd39f08462.bundle,第一次消夜團,Say,23,158,そんなことより、どっからそんな変な知識を得るわけ？ほんとウケる！,
5e03827b12d7ba437d60cedd39f08462.bundle,第一次消夜團,Say,心の声,23,映画だとよく殺しているじゃないか……,
5e03827b12d7ba437d60cedd39f08462.bundle,第一次消夜團,Branch,#Simple,79,……,
5e03827b12d7ba437d60cedd39f08462.bundle,第一次消夜團,Say,リュウセイ･チョウ,56,23姉はこういう所があるからな……,
5e03827b12d7ba437d60cedd39f08462.bundle,第一次消夜團,Say,リュウセイ･チョウ,57,名前の由来を聞かれた時はいつもああやって、適当なこと言うんすよ。,
5e03827b12d7ba437d60cedd39f08462.bundle,第一次消夜團,Say,23,159,うちも古い映画から学んだのよ。スイにヒーロームービーを見せられちゃってね。,
5e03827b12d7ba437d60cedd39f08462.bundle,第一次消夜團,Say,リュウセイ･チョウ,58,主人公がコウモリの服装をしてるやつっすか？,
5e03827b12d7ba437d60cedd39f08462.bundle,第一次消夜團,Say,23,160,そう、スイはあれが大好きなのよ。,
5e03827b12d7ba437d60cedd39f08462.bundle,第一次消夜團,Say,リュウセイ･チョウ,59,スイ姉の好みって案外シンプルっすね。,
5e03827b12d7ba437d60cedd39f08462.bundle,第一次消夜團,Say,23,161,うん、可愛いでしょう？,
5e03827b12d7ba437d60cedd39f08462.bundle,第一次消夜團,Say,23,162,ああ、ジェイの質問に答えてなかったね。,
5e03827b12d7ba437d60cedd39f08462.bundle,第一次消夜團,Say,23,163,うちの名前の由来については、良いタイミングで教えるよ。,
5e03827b12d7ba437d60cedd39f08462.bundle,第一次消夜團,Branch,#Simple,80,良いタイミング？,
5e03827b12d7ba437d60cedd39f08462.bundle,第一次消夜團,Say,23,164,うん、良いタイミング。,
5e03827b12d7ba437d60cedd39f08462.bundle,第一次消夜團,Branch,#Simple,81,わかった。,
5e03827b12d7ba437d60cedd39f08462.bundle,第一次消夜團,Say,23,165,素直でよろしい！,
5e03827b12d7ba437d60cedd39f08462.bundle,第一次消夜團,Branch,#Simple,82,……,
5e03827b12d7ba437d60cedd39f08462.bundle,第一次消夜團,Say,リュウセイ･チョウ,60,いつもそう言うけど、一度も話してくれたことないっすよね。,
5e03827b12d7ba437d60cedd39f08462.bundle,第一次消夜團,Say,23,166,あんたの「タイミング」がまた来てないだけ。,
5e03827b12d7ba437d60cedd39f08462.bundle,第一次消夜團,Say,リュウセイ･チョウ,61,じゃ、他にその由来を知ってる人いるっすか？,
5e03827b12d7ba437d60cedd39f08462.bundle,第一次消夜團,Say,23,167,スイは知ってるよ。,
5e03827b12d7ba437d60cedd39f08462.bundle,第一次消夜團,Say,リュウセイ･チョウ,62,じゃ、スイ姉に聞いてみるっす！,
5e03827b12d7ba437d60cedd39f08462.bundle,第一次消夜團,Say,23,168,フフッ、スイは言わないよ。,
5e03827b12d7ba437d60cedd39f08462.bundle,第一次消夜團,Say,リュウセイ･チョウ,63,何が「フフッ」っすか……,
5e03827b12d7ba437d60cedd39f08462.bundle,第一次消夜團,Say,23,169,他に聞きたいことはある？,
5e03827b12d7ba437d60cedd39f08462.bundle,第一次消夜團,Branch,#Simple,83,このくらいで大丈夫だ。,
5e03827b12d7ba437d60cedd39f08462.bundle,第一次消夜團,Say,23,170,そう、ならよかった。,
5e03827b12d7ba437d60cedd39f08462.bundle,第一次消夜團,Say,23,171,んん～,
5e03827b12d7ba437d60cedd39f08462.bundle,第一次消夜團,Say,23,172,そろそろイファが手に入れたファイルの解析に戻らないとな。じゃ、うちはここら辺で。,
5e03827b12d7ba437d60cedd39f08462.bundle,第一次消夜團,Say,リュウセイ･チョウ,64,お勤めご苦労様っす！,
5e03827b12d7ba437d60cedd39f08462.bundle,第一次消夜團,Say,23,173,この言い方じゃ、うちがヤクザの姉貴みたいじゃん！,
5e03827b12d7ba437d60cedd39f08462.bundle,第一次消夜團,Say,リュウセイ･チョウ,65,あ、す、すみません。つい……,
5e03827b12d7ba437d60cedd39f08462.bundle,第一次消夜團,Say,23,174,ジェイ、今日はお疲れ様。,
5e03827b12d7ba437d60cedd39f08462.bundle,第一次消夜團,Say,心の声,24,急に真面目になった。,
5e03827b12d7ba437d60cedd39f08462.bundle,第一次消夜團,Say,23,175,あんたの身に起きたことについては、本当に残念に思ってる。,
5e03827b12d7ba437d60cedd39f08462.bundle,第一次消夜團,Say,23,176,うちもあんたと同じで、この件を一刻も早く解決したいと思っている。だから信じてほしい。,
5e03827b12d7ba437d60cedd39f08462.bundle,第一次消夜團,Branch,#Simple,84,ありがとう。,
5e03827b12d7ba437d60cedd39f08462.bundle,第一次消夜團,Branch,#Simple,85,わかった。,
5e03827b12d7ba437d60cedd39f08462.bundle,第一次消夜團,Say,23,177,なるほど。,
5e03827b12d7ba437d60cedd39f08462.bundle,第一次消夜團,Branch,#Simple,86,よろしく頼む。,
5e03827b12d7ba437d60cedd39f08462.bundle,第一次消夜團,Say,23,178,うん、よろしく。,
5e03827b12d7ba437d60cedd39f08462.bundle,第一次消夜團,Branch,#Simple,87,……,
5e03827b12d7ba437d60cedd39f08462.bundle,第一次消夜團,Say,23,179,じゃ、うちは作業に戻ろうかな！,
5e03827b12d7ba437d60cedd39f08462.bundle,第一次消夜團,Say,23,180,おやすみ。,
5e03827b12d7ba437d60cedd39f08462.bundle,第一次消夜團,Say,リュウセイ･チョウ,66,おやすみなさいっす。,
5e03827b12d7ba437d60cedd39f08462.bundle,第一次消夜團,Branch,#Simple,88,おやすみなさいっす。,
5e03827b12d7ba437d60cedd39f08462.bundle,第一次消夜團,Branch,#Simple,89,……,
5e03827b12d7ba437d60cedd39f08462.bundle,第一次消夜團,Say,23,181,あ、料理が来たみたいね。,
5e03827b12d7ba437d60cedd39f08462.bundle,第一次消夜團,Say,リュウセイ･チョウ,67,ロボットが届けてくれるんすね。,
5e03827b12d7ba437d60cedd39f08462.bundle,第一次消夜團,Branch,#Simple,90,さっきの店員は？,
5e03827b12d7ba437d60cedd39f08462.bundle,第一次消夜團,Say,リュウセイ･チョウ,68,あれは店員じゃなくて、ビールのキャンペーンガールっすよ。,
5e03827b12d7ba437d60cedd39f08462.bundle,第一次消夜團,Branch,#Simple,91,キャンペーンガール？,
5e03827b12d7ba437d60cedd39f08462.bundle,第一次消夜團,Say,リュウセイ･チョウ,69,ビール会社から派遣された売り子っす。,
5e03827b12d7ba437d60cedd39f08462.bundle,第一次消夜團,Say,リュウセイ･チョウ,70,注文を取るついでに、ビールのセールスをするっす。,
5e03827b12d7ba437d60cedd39f08462.bundle,第一次消夜團,Say,23,182,あんな涼しい格好をした若い子、おじさんの大好物だからね。,
5e03827b12d7ba437d60cedd39f08462.bundle,第一次消夜團,Say,リュウセイ･チョウ,71,あれは唯一、ロボットじゃできない仕事っすね。,
5e03827b12d7ba437d60cedd39f08462.bundle,第一次消夜團,Branch,#Simple,92,それもそうだな。,
5e03827b12d7ba437d60cedd39f08462.bundle,第一次消夜團,Branch,#Simple,93,……,
5e03827b12d7ba437d60cedd39f08462.bundle,第一次消夜團,Branch,#Simple,94,……,
5e03827b12d7ba437d60cedd39f08462.bundle,第一次消夜團,Say,23,183,さあ、話を続けよう。,
5e03827b12d7ba437d60cedd39f08462.bundle,第一次消夜團,Say,23,184,他に質問は？,
5e03827b12d7ba437d60cedd39f08462.bundle,司徒丟東西給23,Say,スイ･ニン,0,それとこれの解析をお願い。,
5e03827b12d7ba437d60cedd39f08462.bundle,司徒丟東西給23,Say,23,0,はいはーい。,
5e03827b12d7ba437d60cedd39f08462.bundle,司徒寧開始說明,Say,スイ･ニン,0,あの一般市民の様子は？,
5e03827b12d7ba437d60cedd39f08462.bundle,司徒寧開始說明,Say,23,0,男の方？それとも女？,
5e03827b12d7ba437d60cedd39f08462.bundle,司徒寧開始說明,Say,スイ･ニン,1,リンさんの話だ。,
5e03827b12d7ba437d60cedd39f08462.bundle,司徒寧開始說明,Say,23,1,大丈夫。峠は越えたから、明日には目覚めると思う。,
5e03827b12d7ba437d60cedd39f08462.bundle,司徒寧開始說明,Say,スイ･ニン,2,ありがとう。,
5e03827b12d7ba437d60cedd39f08462.bundle,司徒寧開始說明,Say,心の声,0,……リンの話？,
5e03827b12d7ba437d60cedd39f08462.bundle,司徒寧開始說明,Branch,#Simple,0,リンに何をした？,
5e03827b12d7ba437d60cedd39f08462.bundle,司徒寧開始說明,Say,23,2,心配ないよ、彼氏さん。,
5e03827b12d7ba437d60cedd39f08462.bundle,司徒寧開始說明,Say,23,3,リンさんは今、お家のダブルベットでスヤスヤ寝てるよ。,
5e03827b12d7ba437d60cedd39f08462.bundle,司徒寧開始說明,Say,23,4,いつもはどっち側で寝てるのか流石にわからなかったから、廊下側の綺麗な枕に寝かせたよ。,
5e03827b12d7ba437d60cedd39f08462.bundle,司徒寧開始說明,Say,23,5,言っておくけど、女は綺麗好きとか、そういう固定観念はないからね！,
5e03827b12d7ba437d60cedd39f08462.bundle,司徒寧開始說明,Say,23,6,彼女は綺麗好きだと思ったからよ……,
5e03827b12d7ba437d60cedd39f08462.bundle,司徒寧開始說明,Say,スイ･ニン,3,23号……,
5e03827b12d7ba437d60cedd39f08462.bundle,司徒寧開始說明,Say,23,7,はいはい、黙りまーす。,
5e03827b12d7ba437d60cedd39f08462.bundle,司徒寧開始說明,Branch,#Simple,1,リンは本当に大丈夫なのか？,
5e03827b12d7ba437d60cedd39f08462.bundle,司徒寧開始說明,Say,23,8,大丈夫。,
5e03827b12d7ba437d60cedd39f08462.bundle,司徒寧開始說明,Say,23,9,心配ないよ、彼氏さん。,
5e03827b12d7ba437d60cedd39f08462.bundle,司徒寧開始說明,Branch,#Simple,2,……,
5e03827b12d7ba437d60cedd39f08462.bundle,司徒寧開始說明,Say,心の声,1,彼女たちは一体……,
5e03827b12d7ba437d60cedd39f08462.bundle,司徒寧開始說明,Say,スイ･ニン,4,はじめまして、ジェイ･ダイだね。,
5e03827b12d7ba437d60cedd39f08462.bundle,司徒寧開始說明,Say,スイ･ニン,5,私はスイ･ニン、北区情報収集兼安全維持特別組の夜間小隊に所属しているエージェントだ。,
5e03827b12d7ba437d60cedd39f08462.bundle,司徒寧開始說明,Say,心の声,2,……北区のなんだって？,
5e03827b12d7ba437d60cedd39f08462.bundle,司徒寧開始說明,Say,スイ･ニン,6,我々の正式名を覚える必要はない。略してフクロウと呼んでくれればいい。,
5e03827b12d7ba437d60cedd39f08462.bundle,司徒寧開始說明,Say,リュウセイ･チョウ,0,どう略せばそうなるっすか！？,
5e03827b12d7ba437d60cedd39f08462.bundle,司徒寧開始說明,Say,リュウセイ･チョウ,1,というか、フクロウって正式名じゃなかったっすか！？,
5e03827b12d7ba437d60cedd39f08462.bundle,司徒寧開始說明,Say,23,10,リュウセイ、それマジ！？,
5e03827b12d7ba437d60cedd39f08462.bundle,司徒寧開始說明,Say,スイ･ニン,7,23号、集中して。,
5e03827b12d7ba437d60cedd39f08462.bundle,司徒寧開始說明,Say,スイ･ニン,8,リュウセイも、静かに。,
5e03827b12d7ba437d60cedd39f08462.bundle,司徒寧開始說明,Say,23,11,ラジャー！,
5e03827b12d7ba437d60cedd39f08462.bundle,司徒寧開始說明,Say,スイ･ニン,9,すまない、ジェイさん。,
5e03827b12d7ba437d60cedd39f08462.bundle,司徒寧開始說明,Say,スイ･ニン,10,今の君はかなり混乱しているだろうから、簡単に説明する。,
5e03827b12d7ba437d60cedd39f08462.bundle,司徒寧開始說明,Say,スイ･ニン,11,我々は北区所属の特別調査隊だ。,
5e03827b12d7ba437d60cedd39f08462.bundle,司徒寧開始說明,Say,スイ･ニン,12,警察では取り扱うことができないディープな事件を担当している。,
5e03827b12d7ba437d60cedd39f08462.bundle,司徒寧開始說明,Say,スイ･ニン,13,今の我々は万象グループを調査している。,
5e03827b12d7ba437d60cedd39f08462.bundle,司徒寧開始說明,Say,スイ･ニン,14,残念ながら、君とリンさんはすでにこの件に巻き込まれてしまった。,
5e03827b12d7ba437d60cedd39f08462.bundle,司徒寧開始說明,Say,スイ･ニン,15,特に深く関わったリンさんは、万象グループの殺し屋に襲われ、重傷を負った。,
5e03827b12d7ba437d60cedd39f08462.bundle,司徒寧開始說明,Say,心の声,3,殺し屋だと！？よくもリンを……！,
5e03827b12d7ba437d60cedd39f08462.bundle,司徒寧開始說明,Branch,#Simple,3,万象が殺人をするのか！？,
5e03827b12d7ba437d60cedd39f08462.bundle,司徒寧開始說明,Branch,#Simple,4,あれは事故じゃなかったのか！？,
5e03827b12d7ba437d60cedd39f08462.bundle,司徒寧開始說明,Branch,#Simple,5,……,
5e03827b12d7ba437d60cedd39f08462.bundle,司徒寧開始說明,Say,スイ･ニン,16,ああいった大規模な企業のバックにヤクザがいることは珍しくない。,
5e03827b12d7ba437d60cedd39f08462.bundle,司徒寧開始說明,Say,スイ･ニン,17,残念なことに、今はリンさんも君も彼らに狙われている。,
5e03827b12d7ba437d60cedd39f08462.bundle,司徒寧開始說明,Branch,#Simple,6,俺たちはどうすればいいんだ？,
5e03827b12d7ba437d60cedd39f08462.bundle,司徒寧開始說明,Branch,#Simple,7,あんたらは警察だろう？彼らを逮捕しないのか？,
5e03827b12d7ba437d60cedd39f08462.bundle,司徒寧開始說明,Say,スイ･ニン,18,君たちを襲ったという罪では、関与したヤクザしか逮捕できない。,
5e03827b12d7ba437d60cedd39f08462.bundle,司徒寧開始說明,Say,スイ･ニン,19,この件は黒幕を捕まえない限り、何の意味もないんだ。,
5e03827b12d7ba437d60cedd39f08462.bundle,司徒寧開始說明,Say,スイ･ニン,20,この件が片づくまでは、我々が全力でお二人を守る。,
5e03827b12d7ba437d60cedd39f08462.bundle,司徒寧開始說明,Branch,#Simple,8,……,
5e03827b12d7ba437d60cedd39f08462.bundle,司徒寧開始說明,Say,スイ･ニン,21,すでにリン･テイさんは病院から安全な場所へと移した。,
5e03827b12d7ba437d60cedd39f08462.bundle,司徒寧開始說明,Say,スイ･ニン,22,君を襲撃した二人の男は、万象にリン･テイさんを殺せと雇われたヤクザだ。,
5e03827b12d7ba437d60cedd39f08462.bundle,司徒寧開始說明,Branch,#Simple,9,あの二人はどうなった？,
5e03827b12d7ba437d60cedd39f08462.bundle,司徒寧開始說明,Say,スイ･ニン,23,すでに処理した。心配ない。,
5e03827b12d7ba437d60cedd39f08462.bundle,司徒寧開始說明,Say,心の声,4,処理……,
5e03827b12d7ba437d60cedd39f08462.bundle,司徒寧開始說明,Branch,#Simple,10,本当に今、リンが安全であると保証できるのか？,
5e03827b12d7ba437d60cedd39f08462.bundle,司徒寧開始說明,Say,スイ･ニン,24,保証できる。,
5e03827b12d7ba437d60cedd39f08462.bundle,司徒寧開始說明,Say,スイ･ニン,25,安心して。すぐ彼女のところへ案内するから。,
5e03827b12d7ba437d60cedd39f08462.bundle,司徒寧開始說明,Say,心の声,5,顔を見ただけじゃ、嘘かどうかは判断できない……,
5e03827b12d7ba437d60cedd39f08462.bundle,司徒寧開始說明,Branch,#Simple,11,……,
5e03827b12d7ba437d60cedd39f08462.bundle,司徒寧開始說明,Say,スイ･ニン,26,今の状況を一刻も早く理解してもらうためにも、本題に入ろう。,
5e03827b12d7ba437d60cedd39f08462.bundle,司徒寧開始說明,Say,スイ･ニン,27,演算工場コード03のマネージャー、イファ･ヨウは覚えているね？,
5e03827b12d7ba437d60cedd39f08462.bundle,司徒寧開始說明,Branch,#Simple,12,ああ、俺の上司だ。,
5e03827b12d7ba437d60cedd39f08462.bundle,司徒寧開始說明,Say,スイ･ニン,28,ありがとう。,
5e03827b12d7ba437d60cedd39f08462.bundle,司徒寧開始說明,Branch,#Simple,13,この件は彼女とも関係があるのか？,
5e03827b12d7ba437d60cedd39f08462.bundle,司徒寧開始說明,Say,スイ･ニン,29,ええ。,
5e03827b12d7ba437d60cedd39f08462.bundle,司徒寧開始說明,Branch,#Simple,14,初めて聞く名前だ。,
5e03827b12d7ba437d60cedd39f08462.bundle,司徒寧開始說明,Say,スイ･ニン,30,ジェイさん、君が我々を信用できないのはわかるけど。,
5e03827b12d7ba437d60cedd39f08462.bundle,司徒寧開始說明,Say,スイ･ニン,31,君が自分自身のことを隠す必要はない。君に関する情報は全て把握済だ。,
5e03827b12d7ba437d60cedd39f08462.bundle,司徒寧開始說明,Say,スイ･ニン,32,君がイファと接触していたことは紛れもない事実だ。,
5e03827b12d7ba437d60cedd39f08462.bundle,司徒寧開始說明,Say,心の声,6,知っていながらわざと聞いたのか……,
5e03827b12d7ba437d60cedd39f08462.bundle,司徒寧開始說明,Say,スイ･ニン,33,イファ･ヨウは我々の協力者だ。数ヶ月前から、彼女は秘密裏に工場内部の問題を調べていた。,
5e03827b12d7ba437d60cedd39f08462.bundle,司徒寧開始說明,Say,心の声,7,イファ･ヨウは彼女たちの命令で万象を調べていたのか。,
5e03827b12d7ba437d60cedd39f08462.bundle,司徒寧開始說明,Say,心の声,8,単独で調査していると言ったのは嘘か……,
5e03827b12d7ba437d60cedd39f08462.bundle,司徒寧開始說明,Say,心の声,9,イファ･ヨウが急にリンに会いに行ったのもこれのためか？,
5e03827b12d7ba437d60cedd39f08462.bundle,司徒寧開始說明,Branch,#Simple,15,イファを使って、万象の企業秘密を盗もうとしていたのか？,
5e03827b12d7ba437d60cedd39f08462.bundle,司徒寧開始說明,Say,スイ･ニン,34,正確に言えば、我々は彼らが隠している秘密を探りたかっただけ。,
5e03827b12d7ba437d60cedd39f08462.bundle,司徒寧開始說明,Branch,#Simple,16,その言い方だと産業スパイに聞こえるけど。,
5e03827b12d7ba437d60cedd39f08462.bundle,司徒寧開始說明,Branch,#Simple,17,何が違うんだ？,
5e03827b12d7ba437d60cedd39f08462.bundle,司徒寧開始說明,Branch,#Simple,18,……,
5e03827b12d7ba437d60cedd39f08462.bundle,司徒寧開始說明,Say,スイ･ニン,35,我々は手に入れた万象の資料を競争相手や利益関係のある組織へ渡したりはしない。,
5e03827b12d7ba437d60cedd39f08462.bundle,司徒寧開始說明,Say,スイ･ニン,36,これらの資料は、全てが終わった後に廃棄される。,
5e03827b12d7ba437d60cedd39f08462.bundle,司徒寧開始說明,Say,スイ･ニン,37,我々の目的は、彼らの犯罪を裏付ける証拠を探ることだけだ。,
5e03827b12d7ba437d60cedd39f08462.bundle,司徒寧開始說明,Branch,#Simple,19,その話を信じろと？,
5e03827b12d7ba437d60cedd39f08462.bundle,司徒寧開始說明,Say,スイ･ニン,38,信じろもなにも事実だ。,
5e03827b12d7ba437d60cedd39f08462.bundle,司徒寧開始說明,Branch,#Simple,20,違法に手に入れた証拠が使えるのか？,
5e03827b12d7ba437d60cedd39f08462.bundle,司徒寧開始說明,Say,23,12,あらまあ、社会と司法の健全を気にかける立派な市民だね。,
5e03827b12d7ba437d60cedd39f08462.bundle,司徒寧開始說明,Say,23,13,惜しまずに手を汚す不良エージェントとは違うねぇ。,
5e03827b12d7ba437d60cedd39f08462.bundle,司徒寧開始說明,Say,スイ･ニン,39,我々が盗み出した証拠は裁判では使えないが、正式な逮捕状を出させることはできる。,
5e03827b12d7ba437d60cedd39f08462.bundle,司徒寧開始說明,Branch,#Simple,21,バカげた話だ。,
5e03827b12d7ba437d60cedd39f08462.bundle,司徒寧開始說明,Say,23,14,模範的な市民の鏡ね。,
5e03827b12d7ba437d60cedd39f08462.bundle,司徒寧開始說明,Say,23,15,ごめんごめん、続けて。,
5e03827b12d7ba437d60cedd39f08462.bundle,司徒寧開始說明,Branch,#Simple,22,なるほど。,
5e03827b12d7ba437d60cedd39f08462.bundle,司徒寧開始說明,Say,23,16,予想外にも、すんなりと受け入れたね。,
5e03827b12d7ba437d60cedd39f08462.bundle,司徒寧開始說明,Say,23,17,ごめんごめん、続けて。,
5e03827b12d7ba437d60cedd39f08462.bundle,司徒寧開始說明,Branch,#Simple,23,……,
5e03827b12d7ba437d60cedd39f08462.bundle,司徒寧開始說明,Branch,#Simple,24,……,
5e03827b12d7ba437d60cedd39f08462.bundle,司徒寧開始說明,Branch,#Simple,25,つまり、イファに命令を出していたのはあんたたちなのか？,
5e03827b12d7ba437d60cedd39f08462.bundle,司徒寧開始說明,Say,スイ･ニン,40,命令ではない。我々は協力関係だっただけ。,
5e03827b12d7ba437d60cedd39f08462.bundle,司徒寧開始說明,Say,スイ･ニン,41,我々が技術や情報の支援を提供し、彼女は自分の立場を使って、我々だけでは手にできない情報を流してくれた。,
5e03827b12d7ba437d60cedd39f08462.bundle,司徒寧開始說明,Branch,#Simple,26,あんたたちは産業スパイってことか？,
5e03827b12d7ba437d60cedd39f08462.bundle,司徒寧開始說明,Branch,#Simple,27,あくどく聞こえるな。,
5e03827b12d7ba437d60cedd39f08462.bundle,司徒寧開始說明,Branch,#Simple,28,……,
5e03827b12d7ba437d60cedd39f08462.bundle,司徒寧開始說明,Branch,#Simple,29,……,
5e03827b12d7ba437d60cedd39f08462.bundle,司徒寧開始說明,Say,スイ･ニン,42,我々がイファに調べてもらったものは全て万象の内部データであって、技術的なデータではない。,
5e03827b12d7ba437d60cedd39f08462.bundle,司徒寧開始說明,Say,心の声,10,リンの言う通り、あのハードディスクには技術データが入ってなかったのか……,
5e03827b12d7ba437d60cedd39f08462.bundle,司徒寧開始說明,Say,スイ･ニン,43,これらの内部データを集めている理由は、一つの考えを証明したいがためなんだ。,
5e03827b12d7ba437d60cedd39f08462.bundle,司徒寧開始說明,Say,スイ･ニン,44,知っての通り、万象の演算事業は業界トップだ。,
5e03827b12d7ba437d60cedd39f08462.bundle,司徒寧開始說明,Say,スイ･ニン,45,それに最近の売上は日に日に上がっている。,
5e03827b12d7ba437d60cedd39f08462.bundle,司徒寧開始說明,Say,スイ･ニン,46,しかし彼らが公表したデータを見る限り、彼らが販売している演算力は所有してる供給量を大きく上回っている。,
5e03827b12d7ba437d60cedd39f08462.bundle,司徒寧開始說明,Branch,#Simple,30,どういう意味だ？,
5e03827b12d7ba437d60cedd39f08462.bundle,司徒寧開始說明,Say,スイ･ニン,47,つまり、演算者を10人しか雇っていないのに、30人分の演算力を売っていたんだ。,
5e03827b12d7ba437d60cedd39f08462.bundle,司徒寧開始說明,Branch,#Simple,31,確かにおかしいな。,
5e03827b12d7ba437d60cedd39f08462.bundle,司徒寧開始說明,Say,スイ･ニン,48,そうだ。,
5e03827b12d7ba437d60cedd39f08462.bundle,司徒寧開始說明,Branch,#Simple,32,……,
5e03827b12d7ba437d60cedd39f08462.bundle,司徒寧開始說明,Say,スイ･ニン,49,だから、私たちは一つの推測を立てた……,
5e03827b12d7ba437d60cedd39f08462.bundle,司徒寧開始說明,Branch,#Simple,33,万象が他の会社の演算力を盗んだのか？,
5e03827b12d7ba437d60cedd39f08462.bundle,司徒寧開始說明,Branch,#Simple,34,粉飾決算をしていたのか？,
5e03827b12d7ba437d60cedd39f08462.bundle,司徒寧開始說明,Say,スイ･ニン,50,その可能性も考えたが、調べてみるとそうでないことがわかった。,
5e03827b12d7ba437d60cedd39f08462.bundle,司徒寧開始說明,Branch,#Simple,35,裏でブレマイの効率を上げていたのか？,
5e03827b12d7ba437d60cedd39f08462.bundle,司徒寧開始說明,Say,スイ･ニン,51,うん、鋭いね。,
5e03827b12d7ba437d60cedd39f08462.bundle,司徒寧開始說明,Say,心の声,11,俺が言い当てたことに驚いているようだ。,
5e03827b12d7ba437d60cedd39f08462.bundle,司徒寧開始說明,Branch,#Simple,36,……,
5e03827b12d7ba437d60cedd39f08462.bundle,司徒寧開始說明,Say,スイ･ニン,52,恐らく彼らは、供給者に知らせないまま、勝手に演算力供給効率を上げていたのだと思う。,
5e03827b12d7ba437d60cedd39f08462.bundle,司徒寧開始說明,Say,スイ･ニン,53,今の数値を見る限りだが……,
5e03827b12d7ba437d60cedd39f08462.bundle,司徒寧開始說明,Say,スイ･ニン,54,彼らは安全値を遙かに超えて、効率を上げているように見える。,
5e03827b12d7ba437d60cedd39f08462.bundle,司徒寧開始說明,Branch,#Simple,37,もう少し簡潔に説明してくれないか？,
5e03827b12d7ba437d60cedd39f08462.bundle,司徒寧開始說明,Say,リュウセイ･チョウ,2,万象のクソ野郎たちは金儲けのために、ブレマイの強度を3倍にしたってことっす。,
5e03827b12d7ba437d60cedd39f08462.bundle,司徒寧開始說明,Say,スイ･ニン,55,……そういうことだ。,
5e03827b12d7ba437d60cedd39f08462.bundle,司徒寧開始說明,Branch,#Simple,38,それは危険なのか？,
5e03827b12d7ba437d60cedd39f08462.bundle,司徒寧開始說明,Say,スイ･ニン,56,そうだ。,
5e03827b12d7ba437d60cedd39f08462.bundle,司徒寧開始說明,Branch,#Simple,39,……,
5e03827b12d7ba437d60cedd39f08462.bundle,司徒寧開始說明,Say,スイ･ニン,57,彼らは高い強度の演算力供給をしているということになる。,
5e03827b12d7ba437d60cedd39f08462.bundle,司徒寧開始說明,Say,スイ･ニン,58,この状況が続けば、供給者は大脳機能を失うか、そのまま死亡するかだ。,
5e03827b12d7ba437d60cedd39f08462.bundle,司徒寧開始說明,Branch,#Simple,40,それは、どれだけの人に影響を与えるんだ？,
5e03827b12d7ba437d60cedd39f08462.bundle,司徒寧開始說明,Say,スイ･ニン,59,おおよその概算だが……,
5e03827b12d7ba437d60cedd39f08462.bundle,司徒寧開始說明,Say,スイ･ニン,60,万象グループの全演算工場の3分の1。,
5e03827b12d7ba437d60cedd39f08462.bundle,司徒寧開始說明,Say,23,18,つまり43万人ね。,
5e03827b12d7ba437d60cedd39f08462.bundle,司徒寧開始說明,Say,スイ･ニン,61,……そういうことだ。,
5e03827b12d7ba437d60cedd39f08462.bundle,司徒寧開始說明,Say,心の声,12,そんなの……,
5e03827b12d7ba437d60cedd39f08462.bundle,司徒寧開始說明,Branch,#Simple,41,そんなの酷すぎる。,
5e03827b12d7ba437d60cedd39f08462.bundle,司徒寧開始說明,Branch,#Simple,42,……,
5e03827b12d7ba437d60cedd39f08462.bundle,司徒寧開始說明,Branch,#Simple,43,そんなの酷すぎる。,
5e03827b12d7ba437d60cedd39f08462.bundle,司徒寧開始說明,Say,リュウセイ･チョウ,3,そうっす！だから黒幕を引きずり出して、しかるべき報いを受けさせるべきっす！,
5e03827b12d7ba437d60cedd39f08462.bundle,司徒寧開始說明,Say,スイ･ニン,62,うん、よろしく。,
5e03827b12d7ba437d60cedd39f08462.bundle,司徒寧開始說明,Say,心の声,13,……今、彼女の目が泳いだ。,
5e03827b12d7ba437d60cedd39f08462.bundle,司徒寧開始說明,Branch,#Simple,44,……,
5e03827b12d7ba437d60cedd39f08462.bundle,司徒寧開始說明,Say,スイ･ニン,63,でも、何か行動を起こす前に、この推測が正しいかどうかを調べる必要がある。,
5e03827b12d7ba437d60cedd39f08462.bundle,司徒寧開始說明,Say,リュウセイ･チョウ,4,そんなの調べる必要ないっすよ。,
5e03827b12d7ba437d60cedd39f08462.bundle,司徒寧開始說明,Say,スイ･ニン,64,リュウセイ、前にも言ってたが……,
5e03827b12d7ba437d60cedd39f08462.bundle,司徒寧開始說明,Say,リュウセイ･チョウ,5,僕は彼らのことをよく知ってるっす！サイレントに潜入捜査してたんすよ！,
5e03827b12d7ba437d60cedd39f08462.bundle,司徒寧開始說明,Say,リュウセイ･チョウ,6,セラーにいる操作組が、どれだけの人の命を無下にしてきたかは、よく知ってるっす！,
5e03827b12d7ba437d60cedd39f08462.bundle,司徒寧開始說明,Say,リュウセイ･チョウ,7,ジェイさんに聞けばわかるっすよ！,
5e03827b12d7ba437d60cedd39f08462.bundle,司徒寧開始說明,Branch,#Simple,45,ああ、彼らの多くは保身的な考えをしている。,
5e03827b12d7ba437d60cedd39f08462.bundle,司徒寧開始說明,Branch,#Simple,46,確かに、彼らのチーフはクズだった。,
5e03827b12d7ba437d60cedd39f08462.bundle,司徒寧開始說明,Say,スイ･ニン,65,それでも我々には証拠が必要だ。,
5e03827b12d7ba437d60cedd39f08462.bundle,司徒寧開始說明,Branch,#Simple,47,いや、操作組の多くはマイナーたちの安全を重要視している。,
5e03827b12d7ba437d60cedd39f08462.bundle,司徒寧開始說明,Say,リュウセイ･チョウ,8,でも……,
5e03827b12d7ba437d60cedd39f08462.bundle,司徒寧開始說明,Say,スイ･ニン,66,もういい。,
5e03827b12d7ba437d60cedd39f08462.bundle,司徒寧開始說明,Say,スイ･ニン,67,操作組のメンバーが何をしていようと、我々に証拠がなければ行動できない。,
5e03827b12d7ba437d60cedd39f08462.bundle,司徒寧開始說明,Branch,#Simple,48,彼らについてはよくわからない。だから俺からは何も言えない。,
5e03827b12d7ba437d60cedd39f08462.bundle,司徒寧開始說明,Say,リュウセイ･チョウ,9,恐れる必要ないっすよ！彼らの悪事を一緒に暴きましょうよ！,
5e03827b12d7ba437d60cedd39f08462.bundle,司徒寧開始說明,Say,スイ･ニン,68,もういい、リュウセイ。,
5e03827b12d7ba437d60cedd39f08462.bundle,司徒寧開始說明,Say,スイ･ニン,69,操作組のメンバーが何をしていようと、我々に証拠がなければ行動できない。,
5e03827b12d7ba437d60cedd39f08462.bundle,司徒寧開始說明,Say,スイ･ニン,70,本題に戻ろう。,
5e03827b12d7ba437d60cedd39f08462.bundle,司徒寧開始說明,Say,スイ･ニン,71,イファ･ヨウの任務中止を余儀なくされた今、我々にはもう一人の内部協力者が必要だ。,
5e03827b12d7ba437d60cedd39f08462.bundle,司徒寧開始說明,Say,心の声,14,まさか俺を……？,
5e03827b12d7ba437d60cedd39f08462.bundle,司徒寧開始說明,Branch,#Simple,49,待てくれ。イファ･ヨウは今どこにいる？,
5e03827b12d7ba437d60cedd39f08462.bundle,司徒寧開始說明,Say,スイ･ニン,72,少し前に北区から離れた。彼女を安全に保護できたのは、君のおかげだ。礼を言う。,
5e03827b12d7ba437d60cedd39f08462.bundle,司徒寧開始說明,Say,スイ･ニン,73,リンさんがハードディスクを渡すのを阻止していなければ、彼女は逮捕されていたはずだ。,
5e03827b12d7ba437d60cedd39f08462.bundle,司徒寧開始說明,Say,スイ･ニン,74,少し前に北区から離れた。彼女を安全に保護できたのは、君のおかげだ。礼を言う。,
5e03827b12d7ba437d60cedd39f08462.bundle,司徒寧開始說明,Branch,#Simple,50,でもリンはハードディスクを渡した。,
5e03827b12d7ba437d60cedd39f08462.bundle,司徒寧開始說明,Say,スイ･ニン,75,ええ、でも君は時間を稼いでくれた。,
5e03827b12d7ba437d60cedd39f08462.bundle,司徒寧開始說明,Say,スイ･ニン,76,君がいなかったら、彼女は逮捕されていたはずだ。,
5e03827b12d7ba437d60cedd39f08462.bundle,司徒寧開始說明,Branch,#Simple,51,……,
5e03827b12d7ba437d60cedd39f08462.bundle,司徒寧開始說明,Say,スイ･ニン,77,少し前に北区から離れた。彼女を安全に保護できたのは、君のおかげだ。礼を言う。,
5e03827b12d7ba437d60cedd39f08462.bundle,司徒寧開始說明,Say,心の声,15,でも俺は彼女のことを全部話した……,
5e03827b12d7ba437d60cedd39f08462.bundle,司徒寧開始說明,Say,スイ･ニン,78,ハードディスクを渡すのが少しでも早かったら、彼女は逮捕されていたはずだ。,
5e03827b12d7ba437d60cedd39f08462.bundle,司徒寧開始說明,Say,心の声,16,イファを裏切ったことを言うべきだろうか……それとも、すでにそのことを知っているのか？,
5e03827b12d7ba437d60cedd39f08462.bundle,司徒寧開始說明,Branch,#Simple,52,すまない。俺はイファ･ヨウのことをすべて万象の人間に話した。,
5e03827b12d7ba437d60cedd39f08462.bundle,司徒寧開始說明,Say,リュウセイ･チョウ,10,なに！？,
5e03827b12d7ba437d60cedd39f08462.bundle,司徒寧開始說明,Say,スイ･ニン,79,……,
5e03827b12d7ba437d60cedd39f08462.bundle,司徒寧開始說明,Say,スイ･ニン,80,大丈夫、大した問題ではない。,
5e03827b12d7ba437d60cedd39f08462.bundle,司徒寧開始說明,Say,スイ･ニン,81,捜査員にマークされた時点から、イファ･ヨウの保護を進めていた。,
5e03827b12d7ba437d60cedd39f08462.bundle,司徒寧開始說明,Say,スイ･ニン,82,君が彼女を裏切ったとしても、時間稼ぎにはなった。,
5e03827b12d7ba437d60cedd39f08462.bundle,司徒寧開始說明,Say,スイ･ニン,83,でも、どうしてそれを話した？,
5e03827b12d7ba437d60cedd39f08462.bundle,司徒寧開始說明,Branch,#Simple,53,罪悪感があった。,
5e03827b12d7ba437d60cedd39f08462.bundle,司徒寧開始說明,Branch,#Simple,54,現状をできるだけ正直に伝えたかった。,
5e03827b12d7ba437d60cedd39f08462.bundle,司徒寧開始說明,Say,スイ･ニン,84,……,
5e03827b12d7ba437d60cedd39f08462.bundle,司徒寧開始說明,Say,スイ･ニン,85,わかった。,
5e03827b12d7ba437d60cedd39f08462.bundle,司徒寧開始說明,Say,スイ･ニン,86,ありがとう。,
5e03827b12d7ba437d60cedd39f08462.bundle,司徒寧開始說明,Say,スイ･ニン,87,これはこれで良かったのかもしれない。,
5e03827b12d7ba437d60cedd39f08462.bundle,司徒寧開始說明,Say,スイ･ニン,88,イファ･ヨウを保護した今、彼らからの君への信頼が高いほど動きやすいはずだ。,
5e03827b12d7ba437d60cedd39f08462.bundle,司徒寧開始說明,Branch,#Simple,55,彼女が無事ならよかった。,
5e03827b12d7ba437d60cedd39f08462.bundle,司徒寧開始說明,Say,心の声,17,スイ･ニンがこちらを見た……,
5e03827b12d7ba437d60cedd39f08462.bundle,司徒寧開始說明,Say,スイ･ニン,89,ああ。,
5e03827b12d7ba437d60cedd39f08462.bundle,司徒寧開始說明,Branch,#Simple,56,……,
5e03827b12d7ba437d60cedd39f08462.bundle,司徒寧開始說明,Say,スイ･ニン,90,彼女は逮捕された。,
5e03827b12d7ba437d60cedd39f08462.bundle,司徒寧開始說明,Say,スイ･ニン,91,万象の取り調べによると、イファは機密資料を手に入れ、それをリンさんに渡した。,
5e03827b12d7ba437d60cedd39f08462.bundle,司徒寧開始說明,Say,スイ･ニン,92,しかし彼女はリンさんを巻き込みたくないと思ったのか、自首したんだ。,
5e03827b12d7ba437d60cedd39f08462.bundle,司徒寧開始說明,Say,心の声,18,そうだったのか……,
5e03827b12d7ba437d60cedd39f08462.bundle,司徒寧開始說明,Branch,#Simple,57,どうして彼女はそんなことを？,
5e03827b12d7ba437d60cedd39f08462.bundle,司徒寧開始說明,Say,スイ･ニン,93,機密資料を持っている人物がリンさんであることが万象の捜査員に知られてしまったからね。恐らく、リンさんを巻き込みたくなかったのだろう。,
5e03827b12d7ba437d60cedd39f08462.bundle,司徒寧開始說明,Branch,#Simple,58,どうして彼女はリンに資料を？,
5e03827b12d7ba437d60cedd39f08462.bundle,司徒寧開始說明,Say,スイ･ニン,94,捜査員であっても、勝手に調査ができない彼女の権限は都合がいいと思ったのだろう。,
5e03827b12d7ba437d60cedd39f08462.bundle,司徒寧開始說明,Say,スイ･ニン,95,それにリンさんはいつも早番だから、あの時間は会社にいないとイファは思ったはずだ。,
5e03827b12d7ba437d60cedd39f08462.bundle,司徒寧開始說明,Say,心の声,19,時間稼ぎだったのか……,
5e03827b12d7ba437d60cedd39f08462.bundle,司徒寧開始說明,Branch,#Simple,59,彼女に感謝すべきだろうか？,
5e03827b12d7ba437d60cedd39f08462.bundle,司徒寧開始說明,Say,スイ･ニン,96,いいえ、君とリンさんを巻き込んだのは彼女だ。むしろ彼女が君たちに謝るべきだろう。,
5e03827b12d7ba437d60cedd39f08462.bundle,司徒寧開始說明,Say,スイ･ニン,97,そして、その彼女を巻き込んだのは私だ。君たちには申し訳ないことをした。,
5e03827b12d7ba437d60cedd39f08462.bundle,司徒寧開始說明,Say,心の声,20,強気の態度であることは変わらないが、本心からの言葉に思える……,
5e03827b12d7ba437d60cedd39f08462.bundle,司徒寧開始說明,Branch,#Simple,60,……,
5e03827b12d7ba437d60cedd39f08462.bundle,司徒寧開始說明,Branch,#Simple,61,……,
5e03827b12d7ba437d60cedd39f08462.bundle,司徒寧開始說明,Branch,#Simple,62,……,
5e03827b12d7ba437d60cedd39f08462.bundle,司徒寧開始說明,Say,スイ･ニン,98,君にはイファ･ヨウの代わりに、サイレントの内部協力者になってもらいたい。,
5e03827b12d7ba437d60cedd39f08462.bundle,司徒寧開始說明,Branch,#Simple,63,リュウセイだけではだめなのか？,
5e03827b12d7ba437d60cedd39f08462.bundle,司徒寧開始說明,Say,スイ･ニン,99,現場には常に二人必要だ。任務遂行時の危険を大きく減らすためにも。,
5e03827b12d7ba437d60cedd39f08462.bundle,司徒寧開始說明,Say,スイ･ニン,100,これはとても重要なことだ。,
5e03827b12d7ba437d60cedd39f08462.bundle,司徒寧開始說明,Branch,#Simple,64,待ってくれ、流石に急過ぎないか？,
5e03827b12d7ba437d60cedd39f08462.bundle,司徒寧開始說明,Say,スイ･ニン,101,説明させてほしい。,
5e03827b12d7ba437d60cedd39f08462.bundle,司徒寧開始說明,Branch,#Simple,65,……,
5e03827b12d7ba437d60cedd39f08462.bundle,司徒寧開始說明,Say,スイ･ニン,102,先程言ったように、この件は大勢の人の安全に関わり、早急の解決を求められている。,
5e03827b12d7ba437d60cedd39f08462.bundle,司徒寧開始說明,Say,スイ･ニン,103,我々には今から信用できる人物を探す時間がない。つまりすでに巻き込まれた君がベストな人選となる。,
5e03827b12d7ba437d60cedd39f08462.bundle,司徒寧開始說明,Say,心の声,21,これ以上、リンを関わらせてはだめだ！,
5e03827b12d7ba437d60cedd39f08462.bundle,司徒寧開始說明,Branch,#Simple,66,リンを巻き込まないと約束してくれるなら、俺はなんでもする。,
5e03827b12d7ba437d60cedd39f08462.bundle,司徒寧開始說明,Say,スイ･ニン,104,誤解してるみたいね。,
5e03827b12d7ba437d60cedd39f08462.bundle,司徒寧開始說明,Say,スイ･ニン,105,我々は公にできない組織だが、政府の調査部門であることに変わりない。一般市民を脅してたりはしない。,
5e03827b12d7ba437d60cedd39f08462.bundle,司徒寧開始說明,Say,スイ･ニン,106,だから我々から圧力を感じる必要はない。自分自身で決断をすればいい。,
5e03827b12d7ba437d60cedd39f08462.bundle,司徒寧開始說明,Say,スイ･ニン,107,それに君とリンさんが協力しなくても、君たちの保護は継続される。,
5e03827b12d7ba437d60cedd39f08462.bundle,司徒寧開始說明,Branch,#Simple,67,俺はまだあんたを信用できない。,
5e03827b12d7ba437d60cedd39f08462.bundle,司徒寧開始說明,Say,スイ･ニン,108,そうでしょうね。,
5e03827b12d7ba437d60cedd39f08462.bundle,司徒寧開始說明,Say,スイ･ニン,109,でも、これだけは言わせてほしい。君が我々の利益を気にする必要はない。自分自身で決断をすればいい。,
5e03827b12d7ba437d60cedd39f08462.bundle,司徒寧開始說明,Say,スイ･ニン,110,我々を信じられず、調査に協力しなくとも、君たちの保護は継続される。,
5e03827b12d7ba437d60cedd39f08462.bundle,司徒寧開始說明,Branch,#Simple,68,……,
5e03827b12d7ba437d60cedd39f08462.bundle,司徒寧開始說明,Say,スイ･ニン,111,どうだろう？イファ･ヨウの任務を引き継いではくれないか？,
5e03827b12d7ba437d60cedd39f08462.bundle,司徒寧開始說明,Say,心の声,22,俺はリンの安全が確保されれば十分だ。確かに彼女たちは悪人ではなさそうだが、協力すればややこしいことになる。,
5e03827b12d7ba437d60cedd39f08462.bundle,司徒寧開始說明,Say,心の声,23,例えばイファ･ヨウみたいに北区から離れることになるかもしれない。それ以上に命を狙われる可能性も……,
5e03827b12d7ba437d60cedd39f08462.bundle,司徒寧開始說明,Branch,#Simple,69,わかった。引き受けよう。俺はこの件を解決したい。,
5e03827b12d7ba437d60cedd39f08462.bundle,司徒寧開始說明,Say,心の声,24,何を言ってるんだ！？俺はこれ以上深入りを望まない……,
5e03827b12d7ba437d60cedd39f08462.bundle,司徒寧開始說明,Branch,#Simple,70,悪いが、俺とリンはこれ以上この件に深入りする気はない。,
5e03827b12d7ba437d60cedd39f08462.bundle,司徒寧開始說明,Say,心の声,25,これでいい。問題の解決は彼らに任せよう……,
5e03827b12d7ba437d60cedd39f08462.bundle,司徒寧開始說明,Say,23,19,スイ、できたよ。,
5e03827b12d7ba437d60cedd39f08462.bundle,司徒寧開始說明,Say,スイ･ニン,112,あとにして。,
5e03827b12d7ba437d60cedd39f08462.bundle,司徒寧開始說明,Say,23,20,これを見たら、ジェイ･ダイの協力は必要なくなるかもよ？,
5e03827b12d7ba437d60cedd39f08462.bundle,司徒寧開始說明,Say,スイ･ニン,113,……,
5e03827b12d7ba437d60cedd39f08462.bundle,司徒寧開始說明,Say,スイ･ニン,114,わかった。見せてくれ。,
5e03827b12d7ba437d60cedd39f08462.bundle,司徒寧開始說明,Say,心の声,26,見せる？,
5e03827b12d7ba437d60cedd39f08462.bundle,司徒寧開始說明,Say,23,21,はーい、すぐホログラムを生成させるね。,
5e03827b12d7ba437d60cedd39f08462.bundle,司徒寧開始說明,Branch,#Simple,71,あれは何だ？,
5e03827b12d7ba437d60cedd39f08462.bundle,司徒寧開始說明,Say,スイ･ニン,115,ホログラムレコーダー。軍事用ではないが、非常に使い勝手のいい品だ。,
5e03827b12d7ba437d60cedd39f08462.bundle,司徒寧開始說明,Branch,#Simple,72,俺の協力は必要ないと言ったが、それはどういうことだ？,
5e03827b12d7ba437d60cedd39f08462.bundle,司徒寧開始說明,Say,スイ･ニン,116,もしかしたらこの映像に、我々が探している「証拠」が入っているかもしれないからだ。,
5e03827b12d7ba437d60cedd39f08462.bundle,司徒寧開始說明,Branch,#Simple,73,……,
5e03827b12d7ba437d60cedd39f08462.bundle,司徒寧開始說明,Say,スイ･ニン,117,リンさんは執行官に会う前に、いろいろと対策をしていたようだ。,
5e03827b12d7ba437d60cedd39f08462.bundle,司徒寧開始說明,Say,スイ･ニン,118,わざと監視カメラに映る場所を通ったり……,
5e03827b12d7ba437d60cedd39f08462.bundle,司徒寧開始說明,Say,スイ･ニン,119,わざと道を尋ね、目撃証言を残した。,
5e03827b12d7ba437d60cedd39f08462.bundle,司徒寧開始說明,Say,スイ･ニン,120,簡単に言うと、彼女は自分の行動を機械や人の記憶に残していたということだ。,
5e03827b12d7ba437d60cedd39f08462.bundle,司徒寧開始說明,Say,スイ･ニン,121,もし彼女の身に何か起きても、万象が絶対に言い逃れできないように手配をしていたというわけだ。,
5e03827b12d7ba437d60cedd39f08462.bundle,司徒寧開始說明,Say,スイ･ニン,122,そのおかげで、万象は調査を受けている真っ最中だ。,
5e03827b12d7ba437d60cedd39f08462.bundle,司徒寧開始說明,Say,リュウセイ･チョウ,11,そんなのはうやむやにされて、もみ消されるだけっすよ。,
5e03827b12d7ba437d60cedd39f08462.bundle,司徒寧開始說明,Say,スイ･ニン,123,……,
5e03827b12d7ba437d60cedd39f08462.bundle,司徒寧開始說明,Say,スイ･ニン,124,それと、彼女はホログラムレコーダーも身につけていた。,
5e03827b12d7ba437d60cedd39f08462.bundle,司徒寧開始說明,Say,スイ･ニン,125,これは周りの環境を記録できる機械で、これを使えばリンさんの全ての行動を再現できる。,
5e03827b12d7ba437d60cedd39f08462.bundle,司徒寧開始說明,Say,スイ･ニン,126,一般人が護身用としてこれを購入するのはかなり珍しい。それにこれだけの対策だ……,
5e03827b12d7ba437d60cedd39f08462.bundle,司徒寧開始說明,Say,スイ･ニン,127,リンさんはとても慎重な人みたいだね？,
5e03827b12d7ba437d60cedd39f08462.bundle,司徒寧開始說明,Branch,#Simple,74,ああ、彼女はそうやって生きてきたからな。,
5e03827b12d7ba437d60cedd39f08462.bundle,司徒寧開始說明,Say,スイ･ニン,128,彼女はとても賢い人だ。,
5e03827b12d7ba437d60cedd39f08462.bundle,司徒寧開始說明,Branch,#Simple,75,いくら慎重に行動しようと、結局は自分を危険に晒した。,
5e03827b12d7ba437d60cedd39f08462.bundle,司徒寧開始說明,Say,スイ･ニン,129,……,
5e03827b12d7ba437d60cedd39f08462.bundle,司徒寧開始說明,Say,スイ･ニン,130,そうだね。,
5e03827b12d7ba437d60cedd39f08462.bundle,司徒寧開始說明,Say,心の声,27,彼女が本社に行かなければ……彼女がこの件に関与しなければ……,
5e03827b12d7ba437d60cedd39f08462.bundle,司徒寧開始說明,Branch,#Simple,76,彼女がこの件に関わらなければ、こんなことにはならなかったはずだ。,
5e03827b12d7ba437d60cedd39f08462.bundle,司徒寧開始說明,Say,スイ･ニン,131,……君の言う通りだ。,
5e03827b12d7ba437d60cedd39f08462.bundle,司徒寧開始說明,Branch,#Simple,77,俺はただ、彼女には平穏に暮らしてほしいだけなんだ。,
5e03827b12d7ba437d60cedd39f08462.bundle,司徒寧開始說明,Say,スイ･ニン,132,……巻き込んで本当に申し訳ない。,
5e03827b12d7ba437d60cedd39f08462.bundle,司徒寧開始說明,Branch,#Simple,78,……,
5e03827b12d7ba437d60cedd39f08462.bundle,司徒寧開始說明,Say,23,22,できたよ。,
5e03827b12d7ba437d60cedd39f08462.bundle,司徒寧開始說明,Say,23,23,再生する？,
5e03827b12d7ba437d60cedd39f08462.bundle,司徒寧開始說明,Say,スイ･ニン,133,ええ。,
5e03827b12d7ba437d60cedd39f08462.bundle,23登場對話,Say,23,0,あら、起きたんだ？,
5e03827b12d7ba437d60cedd39f08462.bundle,23登場對話,Say,23,1,大変な目に遭わせちゃってごめんね。でもこれだけは言わせて、うちとリュウセイは命令に従っただけなの。,
5e03827b12d7ba437d60cedd39f08462.bundle,23登場對話,Say,23,2,うちは23号。よろしくね。,
5e03827b12d7ba437d60cedd39f08462.bundle,23登場對話,Say,心の声,0,……23、号？,
5e03827b12d7ba437d60cedd39f08462.bundle,23登場對話,Branch,#Simple,0,どうも。,
5e03827b12d7ba437d60cedd39f08462.bundle,23登場對話,Branch,#Simple,1,あんたたちは何者だ？,
5e03827b12d7ba437d60cedd39f08462.bundle,23登場對話,Branch,#Simple,2,……,
5e03827b12d7ba437d60cedd39f08462.bundle,23登場對話,Say,23,3,……,
5e03827b12d7ba437d60cedd39f08462.bundle,23登場對話,Say,23,4,まあ、起きて早々に目の前にこんなに怪しい人がいたら、うちだって挨拶しないか。,
5e03827b12d7ba437d60cedd39f08462.bundle,23登場對話,Say,リュウセイ･チョウ,0,えっと、23姉……,
5e03827b12d7ba437d60cedd39f08462.bundle,23登場對話,Say,23,5,なにその顔。,
5e03827b12d7ba437d60cedd39f08462.bundle,23登場對話,Say,23,6,あっ、まさかまだ状況を説明してないの？,
5e03827b12d7ba437d60cedd39f08462.bundle,23登場對話,Say,リュウセイ･チョウ,1,アハハ……,
5e03827b12d7ba437d60cedd39f08462.bundle,23登場對話,Say,23,7,アハハ、じゃない！説明なんて面倒くさいこと、うちは絶対にしないからね。,
5e03827b12d7ba437d60cedd39f08462.bundle,23登場對話,Say,23,8,もう！とりあえず、ボスを待ってからにしよう。,
5e03827b12d7ba437d60cedd39f08462.bundle,23登場對話,Branch,#Simple,3,ボスって誰だ？,
5e03827b12d7ba437d60cedd39f08462.bundle,23登場對話,Say,23,9,うちじゃないよ。,
5e03827b12d7ba437d60cedd39f08462.bundle,23登場對話,Say,リュウセイ･チョウ,2,ぼ、僕でもないっす。,
5e03827b12d7ba437d60cedd39f08462.bundle,23登場對話,Say,心の声,1,じゃ誰なんだ……？,
5e03827b12d7ba437d60cedd39f08462.bundle,23登場對話,Say,23,10,さて、そろそろかな……,
5e03827b12d7ba437d60cedd39f08462.bundle,23登場對話,Branch,#Simple,4,あんたたちはヤクザか？,
5e03827b12d7ba437d60cedd39f08462.bundle,23登場對話,Say,23,11,ヤクザ？,
5e03827b12d7ba437d60cedd39f08462.bundle,23登場對話,Say,23,12,ハハハハ！,
5e03827b12d7ba437d60cedd39f08462.bundle,23登場對話,Say,23,13,まぁ、こいつは確かにその筋の人だけどね。,
5e03827b12d7ba437d60cedd39f08462.bundle,23登場對話,Say,リュウセイ･チョウ,3,それは何年も前で、僕がまだ若かった時の話っすよ！,
5e03827b12d7ba437d60cedd39f08462.bundle,23登場對話,Say,23,14,若いって、あんた今、何歳よ。,
5e03827b12d7ba437d60cedd39f08462.bundle,23登場對話,Say,リュウセイ･チョウ,4,26才っす。,
5e03827b12d7ba437d60cedd39f08462.bundle,23登場對話,Say,23,15,聞かなければよかった……一気に自分が老けた気がする。,
5e03827b12d7ba437d60cedd39f08462.bundle,23登場對話,Branch,#Simple,5,……,
5e03827b12d7ba437d60cedd39f08462.bundle,23登場對話,Say,スイ･ニン,0,今戻った。,
5e03827b12d7ba437d60cedd39f08462.bundle,23登場對話,Say,スイ･ニン,1,処理は終わったから、「清掃員」をお願い。,
5e03827b12d7ba437d60cedd39f08462.bundle,23登場對話,Say,23,16,了解。,
5e03827b12d7ba437d60cedd39f08462.bundle,程芳投影開始,Say,心の声,0,あれはリンと一緒に地上ホールで見た執行官だ。,
5e03827b12d7ba437d60cedd39f08462.bundle,程芳投影開始,Say,リン･テイ,0,もういいです。その反応から察するに、私の推測は十中八九当たっているようですね……,
5e03827b12d7ba437d60cedd39f08462.bundle,程芳投影開始,Say,リン･テイ,1,信じられない……よくもこんなことを……,
5e03827b12d7ba437d60cedd39f08462.bundle,程芳投影開始,Say,セイワ･ゲン,0,それはあなたの推測に過ぎない。,
5e03827b12d7ba437d60cedd39f08462.bundle,程芳投影開始,Say,セイワ･ゲン,1,もう少し説明する時間をくれれば、理解してもらえるはずだ……,
5e03827b12d7ba437d60cedd39f08462.bundle,程芳投影開始,Say,リン･テイ,2,もう結構です！これ以上の言い訳は聞きたくありません！,
5e03827b12d7ba437d60cedd39f08462.bundle,程芳投影開始,Say,セイワ･ゲン,2,……,
5e03827b12d7ba437d60cedd39f08462.bundle,程芳投影開始,Say,リン･テイ,3,あなたの選択肢は二つです。,
5e03827b12d7ba437d60cedd39f08462.bundle,程芳投影開始,Say,リン･テイ,4,確かに私が持っているこの資料は、あなたたちが演算工場の効率を上げるために、数十万人の命を危険に晒した直接的な証拠にはならないかもしれませんが……,
5e03827b12d7ba437d60cedd39f08462.bundle,程芳投影開始,Say,リン･テイ,5,これを公開すれば、社会的な注目を集めるはずです。それはいくらメディアや警察に圧力をかけても、簡単にはもみ消せません。,
5e03827b12d7ba437d60cedd39f08462.bundle,程芳投影開始,Say,リン･テイ,6,そして、あなたたちの競争相手はこの絶好のチャンスを見逃したりはしないでしょうね。サンライズ、ビッグウェイ、マンセント、彼らはすぐにでもあなたたちを潰すために、行動に出るはずです。,
5e03827b12d7ba437d60cedd39f08462.bundle,程芳投影開始,Say,セイワ･ゲン,3,お前……,
5e03827b12d7ba437d60cedd39f08462.bundle,程芳投影開始,Say,リン･テイ,7,その未来を見たくなければ、供給者の命を危険に晒すようなまねは、今すぐやめてください。,
5e03827b12d7ba437d60cedd39f08462.bundle,程芳投影開始,Say,リン･テイ,8,制御問題、システムエラー、理由は何でも構いません！,
5e03827b12d7ba437d60cedd39f08462.bundle,程芳投影開始,Say,リン･テイ,9,あなたがその後、どんな汚い手を使って責任逃れをしても、私は追及しません！,
5e03827b12d7ba437d60cedd39f08462.bundle,程芳投影開始,Say,リン･テイ,10,人の命を最優先に考え、直ちに各工場の状況を調べ、供給者たちの治療に当たってください。,
5e03827b12d7ba437d60cedd39f08462.bundle,程芳投影開始,Say,リン･テイ,11,これに同意していただけないのであれば、私はボタンを押し、資料を今すぐにでもメディア、サンライズ、マンセントの友人に送ります。,
5e03827b12d7ba437d60cedd39f08462.bundle,程芳投影開始,Say,リン･テイ,12,今、あなたたちのような人間のクズに唯一できることは、この件の解決に全力で対応することです。対応しないのであれば……,
5e03827b12d7ba437d60cedd39f08462.bundle,程芳投影開始,Say,セイワ･ゲン,4,「あなたたち」か。,
5e03827b12d7ba437d60cedd39f08462.bundle,程芳投影開始,Say,リン･テイ,13,……,
5e03827b12d7ba437d60cedd39f08462.bundle,程芳投影開始,Say,リン･テイ,14,……どういうことだ？,
5e03827b12d7ba437d60cedd39f08462.bundle,程芳投影開始,Say,セイワ･ゲン,5,先程からあなたは何度も「あなたたち」と言っているな。,
5e03827b12d7ba437d60cedd39f08462.bundle,程芳投影開始,Say,セイワ･ゲン,6,どうやらあなたは、自分は私たちとは違うと言いたいようだ。,
5e03827b12d7ba437d60cedd39f08462.bundle,程芳投影開始,Say,リン･テイ,15,確かに私はあなたたちに雇われて仕事をしていたけど……,
5e03827b12d7ba437d60cedd39f08462.bundle,程芳投影開始,Say,セイワ･ゲン,7,リン･テイ、とても残念だ。,
5e03827b12d7ba437d60cedd39f08462.bundle,程芳投影開始,Say,セイワ･ゲン,8,あなたは今、あなた自身がずっと夢見ていた偉業を阻止しようとしている。,
5e03827b12d7ba437d60cedd39f08462.bundle,程芳投影開始,Say,リン･テイ,16,……なんの話？,
5e03827b12d7ba437d60cedd39f08462.bundle,程芳投影開始,Say,セイワ･ゲン,9,繰り返し言わせてもらう。,
5e03827b12d7ba437d60cedd39f08462.bundle,程芳投影開始,Say,セイワ･ゲン,10,リン･テイ、あなたは誤解している。,
5e03827b12d7ba437d60cedd39f08462.bundle,程芳投影開始,Say,セイワ･ゲン,11,確かに我々は多くを隠しているが、真実はあなたの想像とは逆だ。,
5e03827b12d7ba437d60cedd39f08462.bundle,程芳投影開始,Say,リン･テイ,17,でも、それを証明する証拠は一つもないのよね？,
5e03827b12d7ba437d60cedd39f08462.bundle,程芳投影開始,Say,セイワ･ゲン,12,ああ。,
5e03827b12d7ba437d60cedd39f08462.bundle,程芳投影開始,Say,リン･テイ,18,それで信じろと言うの？,
5e03827b12d7ba437d60cedd39f08462.bundle,程芳投影開始,Say,セイワ･ゲン,13,そうだったな。,
5e03827b12d7ba437d60cedd39f08462.bundle,程芳投影開始,Say,リン･テイ,19,……,
5e03827b12d7ba437d60cedd39f08462.bundle,程芳投影開始,Say,リン･テイ,20,これ以上話すことはありません。私は辞職します。,
5e03827b12d7ba437d60cedd39f08462.bundle,程芳投影開始,Say,リン･テイ,21,それから、私はあなたたちを止めるためにも、すぐにこの資料を公開します。,
5e03827b12d7ba437d60cedd39f08462.bundle,程芳投影開始,Say,セイワ･ゲン,14,そうか……,
5e03827b12d7ba437d60cedd39f08462.bundle,程芳投影開始,Say,セイワ･ゲン,15,実に残念だ。,
5e03827b12d7ba437d60cedd39f08462.bundle,程芳投影開始,Say,リン･テイ,22,はい、私も残念です。,
5e03827b12d7ba437d60cedd39f08462.bundle,程芳投影開始,Say,リン･テイ,23,では失礼します。,
5e03827b12d7ba437d60cedd39f08462.bundle,司徒跟主角獨處,Say,心の声,0,スイ･ニンはわざと俺だけをこの場に残した。,
5e03827b12d7ba437d60cedd39f08462.bundle,司徒跟主角獨處,Say,心の声,1,……何か個人的に話したいことでもあるのか？,
5e03827b12d7ba437d60cedd39f08462.bundle,司徒跟主角獨處,Say,スイ･ニン,0,……,
5e03827b12d7ba437d60cedd39f08462.bundle,司徒跟主角獨處,Say,スイ･ニン,1,できたよ。,
5e03827b12d7ba437d60cedd39f08462.bundle,司徒跟主角獨處,Say,スイ･ニン,2,ジェイ、私がこれから話すことはとても複雑だ……,
5e03827b12d7ba437d60cedd39f08462.bundle,司徒跟主角獨處,Say,スイ･ニン,3,だが君に伝えるべきだと思う。,
5e03827b12d7ba437d60cedd39f08462.bundle,司徒跟主角獨處,Say,スイ･ニン,4,……,
5e03827b12d7ba437d60cedd39f08462.bundle,司徒跟主角獨處,Say,スイ･ニン,5,場所を変えよう。一緒に来て。,
5e03827b12d7ba437d60cedd39f08462.bundle,司徒跟主角獨處,Branch,#Simple,0,どこへ？,
5e03827b12d7ba437d60cedd39f08462.bundle,司徒跟主角獨處,Say,スイ･ニン,6,君の家。,
5e03827b12d7ba437d60cedd39f08462.bundle,司徒跟主角獨處,Say,心の声,2,俺の家？,
5e03827b12d7ba437d60cedd39f08462.bundle,司徒跟主角獨處,Branch,#Simple,1,なぜ場所を変える必要がある？,
5e03827b12d7ba437d60cedd39f08462.bundle,司徒跟主角獨處,Say,スイ･ニン,7,ここだと話しづらくてね。それに君の家も見てみたい。,
5e03827b12d7ba437d60cedd39f08462.bundle,司徒跟主角獨處,Say,心の声,3,俺の家？,
5e03827b12d7ba437d60cedd39f08462.bundle,司徒跟主角獨處,Branch,#Simple,2,……,
5e03827b12d7ba437d60cedd39f08462.bundle,司徒請主角隱瞞,Say,スイ･ニン,0,そうだ。君の特殊体質についてだが……,
5e03827b12d7ba437d60cedd39f08462.bundle,司徒請主角隱瞞,Say,スイ･ニン,1,リュウセイにはまだ言わないでくれ。彼にこの件を伝えていないんだ。,
5e03827b12d7ba437d60cedd39f08462.bundle,司徒請主角隱瞞,Say,心の声,0,だから先にリュウセイを外したのか……,
5e03827b12d7ba437d60cedd39f08462.bundle,司徒請主角隱瞞,Branch,#Simple,0,わかった。,
5e03827b12d7ba437d60cedd39f08462.bundle,司徒請主角隱瞞,Say,スイ･ニン,2,ありがとう。,
5e03827b12d7ba437d60cedd39f08462.bundle,司徒請主角隱瞞,Branch,#Simple,1,それは保証できない。,
5e03827b12d7ba437d60cedd39f08462.bundle,司徒請主角隱瞞,Say,スイ･ニン,3,そうか。,
5e03827b12d7ba437d60cedd39f08462.bundle,司徒請主角隱瞞,Say,心の声,1,納得したのか？,
5e03827b12d7ba437d60cedd39f08462.bundle,司徒請主角隱瞞,Branch,#Simple,2,強要しないのか？,
5e03827b12d7ba437d60cedd39f08462.bundle,司徒請主角隱瞞,Branch,#Simple,3,ずいぶんとすんなり受け入れたな。,
5e03827b12d7ba437d60cedd39f08462.bundle,司徒請主角隱瞞,Say,スイ･ニン,4,私はリュウセイを信頼している。彼に黙っているのは、不必要なトラブルを避けるためだけだ。,
5e03827b12d7ba437d60cedd39f08462.bundle,司徒請主角隱瞞,Say,スイ･ニン,5,だが秘密を守るように君を強要する方が、もっと大きなトラブルになりそうだ。,
5e03827b12d7ba437d60cedd39f08462.bundle,司徒請主角隱瞞,Branch,#Simple,4,……,
5e03827b12d7ba437d60cedd39f08462.bundle,司徒請主角隱瞞,Branch,#Simple,5,なぜ彼に言わないんだ？,
5e03827b12d7ba437d60cedd39f08462.bundle,司徒請主角隱瞞,Say,スイ･ニン,6,この情報がそれだけ重要なものだからだ。リュウセイに教えてもメリットはないし、むしろ彼自身がトラブルに巻き込まれるだけだ。,
5e03827b12d7ba437d60cedd39f08462.bundle,司徒請主角隱瞞,Branch,#Simple,6,なら俺に教えるべきではなかったのでは？,
5e03827b12d7ba437d60cedd39f08462.bundle,司徒請主角隱瞞,Say,スイ･ニン,7,失礼な話だが……,
5e03827b12d7ba437d60cedd39f08462.bundle,司徒請主角隱瞞,Say,スイ･ニン,8,君がトラブルそのものだからだ。だから教えても大して問題はない。,
5e03827b12d7ba437d60cedd39f08462.bundle,司徒請主角隱瞞,Say,心の声,2,それもそうか……,
5e03827b12d7ba437d60cedd39f08462.bundle,司徒請主角隱瞞,Branch,#Simple,7,わかった。,
5e03827b12d7ba437d60cedd39f08462.bundle,司徒請主角隱瞞,Say,スイ･ニン,9,ありがとう。,
5e03827b12d7ba437d60cedd39f08462.bundle,司徒請主角隱瞞,Branch,#Simple,8,……,
5e03827b12d7ba437d60cedd39f08462.bundle,司徒請主角隱瞞,Say,スイ･ニン,10,リュウセイには黙っていてくれないか？,
5e03827b12d7ba437d60cedd39f08462.bundle,司徒請主角隱瞞,Branch,#Simple,9,わかった。,
5e03827b12d7ba437d60cedd39f08462.bundle,司徒請主角隱瞞,Say,スイ･ニン,11,ありがとう。,
5e03827b12d7ba437d60cedd39f08462.bundle,司徒請主角隱瞞,Branch,#Simple,10,それは約束できない。,
5e03827b12d7ba437d60cedd39f08462.bundle,司徒請主角隱瞞,Say,スイ･ニン,12,そうか。ではこれで失礼する。,
5e03827b12d7ba437d60cedd39f08462.bundle,司徒請主角隱瞞,Say,心の声,3,風のような人だな。,
5e03827b12d7ba437d60cedd39f08462.bundle,司徒請主角隱瞞,Say,心の声,4,彼女を信じていいのか？,
5e03827b12d7ba437d60cedd39f08462.bundle,司徒請主角隱瞞,Say,心の声,5,でも彼女を信じる以外に、他の選択肢はなさそうだ……,
5e03827b12d7ba437d60cedd39f08462.bundle,回房看程芳,Say,心の声,0,リン……,
5e03827b12d7ba437d60cedd39f08462.bundle,回房看程芳,Say,心の声,1,静かに寝ている。あの女、確かに嘘はついていなかったようだ。,
5e03827b12d7ba437d60cedd39f08462.bundle,回房看程芳,Say,心の声,2,よかった……,
5e03827b12d7ba437d60cedd39f08462.bundle,回房看程芳,Say,心の声,3,俺はリンを止めるべきだった……,
5e03827b12d7ba437d60cedd39f08462.bundle,隆生電鈴邀約,Say,リュウセイ･チョウ,0,あっ！こんばんはっす！,
5e03827b12d7ba437d60cedd39f08462.bundle,隆生電鈴邀約,Say,リュウセイ･チョウ,1,あれ、正式名はなんだっけ……？,
5e03827b12d7ba437d60cedd39f08462.bundle,隆生電鈴邀約,Say,リュウセイ･チョウ,2,23姉と下の店で晩ご飯でも食べようと思ってて……だからジェイさんも一緒に来ないかなって……,
5e03827b12d7ba437d60cedd39f08462.bundle,隆生電鈴邀約,Say,リュウセイ･チョウ,3,これからは一緒に行動する仲間だし、仲を深めるべきだと思うっす……,
5e03827b12d7ba437d60cedd39f08462.bundle,隆生電鈴邀約,Branch,#Simple,0,急だな。,
5e03827b12d7ba437d60cedd39f08462.bundle,隆生電鈴邀約,Say,リュウセイ･チョウ,4,正直なところ……ジェイさんとリンさんに申し訳ないと思ってて……罪滅ぼしではないけど、ご飯でもご馳走できたらなと……,
5e03827b12d7ba437d60cedd39f08462.bundle,隆生電鈴邀約,Say,リュウセイ･チョウ,5,こんなんじゃ、何の埋め合わせにもならないのはわかってますけど……じっとしていられなくて……,
5e03827b12d7ba437d60cedd39f08462.bundle,隆生電鈴邀約,Branch,#Simple,1,そうだったのか。,
5e03827b12d7ba437d60cedd39f08462.bundle,隆生電鈴邀約,Branch,#Simple,2,……,
5e03827b12d7ba437d60cedd39f08462.bundle,隆生電鈴邀約,Say,リュウセイ･チョウ,6,もう休むのなら、それはそれでいいし、迷惑はかけないので！,
5e03827b12d7ba437d60cedd39f08462.bundle,隆生電鈴邀約,Say,リュウセイ･チョウ,7,ど、どうすか？一緒に来ます？,
5e03827b12d7ba437d60cedd39f08462.bundle,隆生電鈴邀約,Say,心の声,0,ちょうどお腹が空いたところだ。,
5e03827b12d7ba437d60cedd39f08462.bundle,隆生電鈴邀約,Say,心の声,1,今日は色んなことが一遍に起きたからな……,
5e03827b12d7ba437d60cedd39f08462.bundle,隆生電鈴邀約,Branch,#Simple,3,ああ、行こう。,
5e03827b12d7ba437d60cedd39f08462.bundle,隆生電鈴邀約,Say,リュウセイ･チョウ,8,あざっす！,
5e03827b12d7ba437d60cedd39f08462.bundle,隆生電鈴邀約,Branch,#Simple,4,先に戻っていてくれ。俺は後で合流する。,
5e03827b12d7ba437d60cedd39f08462.bundle,隆生電鈴邀約,Say,リュウセイ･チョウ,9,はい、了解っす！,
5e03827b12d7ba437d60cedd39f08462.bundle,隆生電鈴邀約,Say,リュウセイ･チョウ,10,じゃ、待ってます！,
5e03827b12d7ba437d60cedd39f08462.bundle,隆生電鈴邀約,Say,心の声,2,素直なやつだ……,
5e03827b12d7ba437d60cedd39f08462.bundle,隆生電鈴邀約,Say,心の声,3,リュウセイ……フクロウの二人とは雰囲気が全然違う。,
5e03827b12d7ba437d60cedd39f08462.bundle,隆生電鈴邀約,Say,心の声,4,一体どこで知り合ったんだ……,
5e03827b12d7ba437d60cedd39f08462.bundle,跟隆生一起下樓對話,Say,リュウセイ･チョウ,0,早く、早く！,
5e03827b12d7ba437d60cedd39f08462.bundle,跟隆生一起下樓對話,Say,リュウセイ･チョウ,1,もう料理が来てたし、早く戻らないと冷めちゃうっすよ！,
5e03827b12d7ba437d60cedd39f08462.bundle,跟隆生一起下樓對話,Say,心の声,0,いつも元気だな……,
5e03827b12d7ba437d60cedd39f08462.bundle,消夜23走後,Say,リュウセイ･チョウ,0,ジェイさん、今日はもうこんな時間ですし、戻りますか？,
5e03827b12d7ba437d60cedd39f08462.bundle,消夜23走後,Branch,#Simple,0,実は、あんたに聞きたいことがある。,
5e03827b12d7ba437d60cedd39f08462.bundle,消夜23走後,Say,リュウセイ･チョウ,1,ああ、どうぞっす！,
5e03827b12d7ba437d60cedd39f08462.bundle,消夜23走後,Branch,#Simple,1,昔はヤクザだったのか？,
5e03827b12d7ba437d60cedd39f08462.bundle,消夜23走後,Say,リュウセイ･チョウ,2,……はい。,
5e03827b12d7ba437d60cedd39f08462.bundle,消夜23走後,Say,リュウセイ･チョウ,3,ジェイさんはそういうの嫌いっすか？,
5e03827b12d7ba437d60cedd39f08462.bundle,消夜23走後,Say,心の声,0,明らかに動揺しているようだ……,
5e03827b12d7ba437d60cedd39f08462.bundle,消夜23走後,Branch,#Simple,2,ヤクザは社会のお荷物だと思っている。,
5e03827b12d7ba437d60cedd39f08462.bundle,消夜23走後,Say,リュウセイ･チョウ,4,そ、そうすか……,
5e03827b12d7ba437d60cedd39f08462.bundle,消夜23走後,Say,リュウセイ･チョウ,5,すみません。,
5e03827b12d7ba437d60cedd39f08462.bundle,消夜23走後,Branch,#Simple,3,謝る必要はない。今はもうカタギだろう？,
5e03827b12d7ba437d60cedd39f08462.bundle,消夜23走後,Say,リュウセイ･チョウ,6,はい、ありがとうございます。,
5e03827b12d7ba437d60cedd39f08462.bundle,消夜23走後,Branch,#Simple,4,謝ったところで、人を傷つけた事実は変わらない。,
5e03827b12d7ba437d60cedd39f08462.bundle,消夜23走後,Say,リュウセイ･チョウ,7,そうっすね。,
5e03827b12d7ba437d60cedd39f08462.bundle,消夜23走後,Say,リュウセイ･チョウ,8,……,
5e03827b12d7ba437d60cedd39f08462.bundle,消夜23走後,Branch,#Simple,5,……,
5e03827b12d7ba437d60cedd39f08462.bundle,消夜23走後,Branch,#Simple,6,特に何も思わない。,
5e03827b12d7ba437d60cedd39f08462.bundle,消夜23走後,Branch,#Simple,7,必要悪だと思う。,
5e03827b12d7ba437d60cedd39f08462.bundle,消夜23走後,Say,リュウセイ･チョウ,9,そ、そうすか……,
5e03827b12d7ba437d60cedd39f08462.bundle,消夜23走後,Say,心の声,1,ほっとしているようだ。,
5e03827b12d7ba437d60cedd39f08462.bundle,消夜23走後,Say,リュウセイ･チョウ,10,ほら、ヤクザを目の敵にしている人もいるっすから。,
5e03827b12d7ba437d60cedd39f08462.bundle,消夜23走後,Say,リュウセイ･チョウ,11,ヤクザは良くないものってことは僕もわかってはいたんですが……若気の至りっていうか……,
5e03827b12d7ba437d60cedd39f08462.bundle,消夜23走後,Branch,#Simple,8,今でも若いだろ？,
5e03827b12d7ba437d60cedd39f08462.bundle,消夜23走後,Branch,#Simple,9,悪いが、言い訳は聞きたくない。,
5e03827b12d7ba437d60cedd39f08462.bundle,消夜23走後,Say,リュウセイ･チョウ,12,そうっすよね、ハハハ……,
5e03827b12d7ba437d60cedd39f08462.bundle,消夜23走後,Branch,#Simple,10,理解できないこともない。,
5e03827b12d7ba437d60cedd39f08462.bundle,消夜23走後,Say,リュウセイ･チョウ,13,そう言われると、気が楽になるっす。,
5e03827b12d7ba437d60cedd39f08462.bundle,消夜23走後,Branch,#Simple,11,……,
5e03827b12d7ba437d60cedd39f08462.bundle,消夜23走後,Say,リュウセイ･チョウ,14,昔は沈没予定エリアに住んでたんすよ。あそこはかなり治安が悪くて……,
5e03827b12d7ba437d60cedd39f08462.bundle,消夜23走後,Branch,#Simple,12,沈没予定エリア？,
5e03827b12d7ba437d60cedd39f08462.bundle,消夜23走後,Say,リュウセイ･チョウ,15,あれ？ジェイさんたちはそう呼んでませんか？,
5e03827b12d7ba437d60cedd39f08462.bundle,消夜23走後,Say,リュウセイ･チョウ,16,大水没で消滅する予定のエリアのことっす。,
5e03827b12d7ba437d60cedd39f08462.bundle,消夜23走後,Say,リュウセイ･チョウ,17,ほとんどの場所はここみたいに底上げされたけど、一部見捨てられたエリアもあって。,
5e03827b12d7ba437d60cedd39f08462.bundle,消夜23走後,Say,リュウセイ･チョウ,18,そこは貧乏人の集まりで、違法なことをやってるやつも多いっす。,
5e03827b12d7ba437d60cedd39f08462.bundle,消夜23走後,Say,リュウセイ･チョウ,19,僕はそこで生まれ、あの場所があそこまで荒れ始めたのは僕が小学校の時でした。,
5e03827b12d7ba437d60cedd39f08462.bundle,消夜23走後,Branch,#Simple,13,……,
5e03827b12d7ba437d60cedd39f08462.bundle,消夜23走後,Say,リュウセイ･チョウ,20,それに孤児である僕は、ヤクザに入るのが当たり前みたいなところがあって。,
5e03827b12d7ba437d60cedd39f08462.bundle,消夜23走後,Say,リュウセイ･チョウ,21,とはいえ、今はもう足洗って社会貢献を目指してるっす！,
5e03827b12d7ba437d60cedd39f08462.bundle,消夜23走後,Branch,#Simple,14,そんなに簡単にカタギに戻れるものなのか？,
5e03827b12d7ba437d60cedd39f08462.bundle,消夜23走後,Say,リュウセイ･チョウ,22,はい、僕は借りを作らなかったので。,
5e03827b12d7ba437d60cedd39f08462.bundle,消夜23走後,Say,リュウセイ･チョウ,23,同期の何人かは引き止めてくれたけど、別に未練はなかったっすね。,
5e03827b12d7ba437d60cedd39f08462.bundle,消夜23走後,Say,リュウセイ･チョウ,24,今もたまに電話をするくらいっす。,
5e03827b12d7ba437d60cedd39f08462.bundle,消夜23走後,Branch,#Simple,15,まだヤクザと連絡を取っているのか？,
5e03827b12d7ba437d60cedd39f08462.bundle,消夜23走後,Say,リュウセイ･チョウ,25,……,
5e03827b12d7ba437d60cedd39f08462.bundle,消夜23走後,Say,リュウセイ･チョウ,26,そうすね。面倒を見てくれた兄貴と、兄弟分くらいっす。,
5e03827b12d7ba437d60cedd39f08462.bundle,消夜23走後,Say,リュウセイ･チョウ,27,でもたった数人っすよ。裏稼業の話もしないし。,
5e03827b12d7ba437d60cedd39f08462.bundle,消夜23走後,Say,リュウセイ･チョウ,28,ジェイさん、このことはスイ姉に言わないでください。彼女が知ったら絶対に怒られる。,
5e03827b12d7ba437d60cedd39f08462.bundle,消夜23走後,Say,リュウセイ･チョウ,29,内緒にしてもらえますか？,
5e03827b12d7ba437d60cedd39f08462.bundle,消夜23走後,Branch,#Simple,16,ああ、言わない。,
5e03827b12d7ba437d60cedd39f08462.bundle,消夜23走後,Say,リュウセイ･チョウ,30,ありがとうっす！,
5e03827b12d7ba437d60cedd39f08462.bundle,消夜23走後,Branch,#Simple,17,流石に聞かれたら、正直に答えるかもしれない。,
5e03827b12d7ba437d60cedd39f08462.bundle,消夜23走後,Say,リュウセイ･チョウ,31,はぁ、そうっすよね……,
5e03827b12d7ba437d60cedd39f08462.bundle,消夜23走後,Branch,#Simple,18,どうして彼女は怒るんだ？,
5e03827b12d7ba437d60cedd39f08462.bundle,消夜23走後,Say,リュウセイ･チョウ,32,正直に言うと、勘っすね！,
5e03827b12d7ba437d60cedd39f08462.bundle,消夜23走後,Say,リュウセイ･チョウ,33,内緒にしてもらえますか？,
5e03827b12d7ba437d60cedd39f08462.bundle,消夜23走後,Branch,#Simple,19,ああ、言わない。,
5e03827b12d7ba437d60cedd39f08462.bundle,消夜23走後,Say,リュウセイ･チョウ,34,ありがとうっす！,
5e03827b12d7ba437d60cedd39f08462.bundle,消夜23走後,Branch,#Simple,20,流石に聞かれたら、正直に答えるかもしれない。,
5e03827b12d7ba437d60cedd39f08462.bundle,消夜23走後,Say,リュウセイ･チョウ,35,はぁ、そうっすよね……,
5e03827b12d7ba437d60cedd39f08462.bundle,消夜23走後,Branch,#Simple,21,……,
5e03827b12d7ba437d60cedd39f08462.bundle,消夜23走後,Say,リュウセイ･チョウ,36,僕の昔話はこれくらいにしましょう……,
5e03827b12d7ba437d60cedd39f08462.bundle,消夜23走後,Say,リュウセイ･チョウ,37,他に何か聞きたいことは？,
5e03827b12d7ba437d60cedd39f08462.bundle,消夜23走後,Branch,#Simple,22,あの二人は信用に値するのか？,
5e03827b12d7ba437d60cedd39f08462.bundle,消夜23走後,Say,リュウセイ･チョウ,38,絶対に大丈夫っす。,
5e03827b12d7ba437d60cedd39f08462.bundle,消夜23走後,Say,リュウセイ･チョウ,39,23姉は怪しく見えるけど、いい人なんすよ。,
5e03827b12d7ba437d60cedd39f08462.bundle,消夜23走後,Say,リュウセイ･チョウ,40,僕も彼女たちに協力して何回か事件を解決したっす。,
5e03827b12d7ba437d60cedd39f08462.bundle,消夜23走後,Say,リュウセイ･チョウ,41,まあ、ジェイさんからしたら、僕も信用できる人間じゃないかもしれないけど……,
5e03827b12d7ba437d60cedd39f08462.bundle,消夜23走後,Branch,#Simple,23,あんたを信じていいのか？,
5e03827b12d7ba437d60cedd39f08462.bundle,消夜23走後,Say,リュウセイ･チョウ,42,もちろんす！,
5e03827b12d7ba437d60cedd39f08462.bundle,消夜23走後,Say,心の声,2,とはいえ、まだ信用できるか怪しいが……,
5e03827b12d7ba437d60cedd39f08462.bundle,消夜23走後,Say,心の声,3,真っ直ぐな目をしてる……,
5e03827b12d7ba437d60cedd39f08462.bundle,消夜23走後,Branch,#Simple,24,俺は自分で判断する。,
5e03827b12d7ba437d60cedd39f08462.bundle,消夜23走後,Say,リュウセイ･チョウ,43,そ、そうっすよね！,
5e03827b12d7ba437d60cedd39f08462.bundle,消夜23走後,Branch,#Simple,25,……,
5e03827b12d7ba437d60cedd39f08462.bundle,消夜23走後,Say,リュウセイ･チョウ,44,えっと……,
5e03827b12d7ba437d60cedd39f08462.bundle,消夜23走後,Say,リュウセイ･チョウ,45,僕が23姉を見たのは、スイ姉と知り合ったかなり後の事だったっす。,
5e03827b12d7ba437d60cedd39f08462.bundle,消夜23走後,Say,リュウセイ･チョウ,46,23姉はずっと基地担当だから、最初は声しか聞いたことがなくて。,
5e03827b12d7ba437d60cedd39f08462.bundle,消夜23走後,Branch,#Simple,26,どうやってスイ･ニンと知り合った？,
5e03827b12d7ba437d60cedd39f08462.bundle,消夜23走後,Say,リュウセイ･チョウ,47,それは……長い話になるっす！,
5e03827b12d7ba437d60cedd39f08462.bundle,消夜23走後,Say,リュウセイ･チョウ,48,23姉とはスイ姉との任務中に出会ったっす。,
5e03827b12d7ba437d60cedd39f08462.bundle,消夜23走後,Say,リュウセイ･チョウ,49,あっ、でもジェイさんとは違って、僕から彼女に接触したっす。,
5e03827b12d7ba437d60cedd39f08462.bundle,消夜23走後,Say,リュウセイ･チョウ,50,僕は以前に他のフクロウに助けられたことがあったから、ずっとフクロウを探してたっす。,
5e03827b12d7ba437d60cedd39f08462.bundle,消夜23走後,Say,リュウセイ･チョウ,51,今はフクロウへの入隊を希望してるし、今回の任務にも僕から志願したっす。,
5e03827b12d7ba437d60cedd39f08462.bundle,消夜23走後,Branch,#Simple,27,……,
5e03827b12d7ba437d60cedd39f08462.bundle,消夜23走後,Say,リュウセイ･チョウ,52,今回の調査も無事終わりますよ。あの二人はフクロウの中でもベテランっすから。,
5e03827b12d7ba437d60cedd39f08462.bundle,消夜23走後,Say,心の声,4,……ベテラン？40歳以下に見えるが。,
5e03827b12d7ba437d60cedd39f08462.bundle,消夜23走後,Say,リュウセイ･チョウ,53,特にスイ姉は……,
5e03827b12d7ba437d60cedd39f08462.bundle,消夜23走後,Say,リュウセイ･チョウ,54,……,
5e03827b12d7ba437d60cedd39f08462.bundle,消夜23走後,Say,心の声,5,言い淀んだ？,
5e03827b12d7ba437d60cedd39f08462.bundle,消夜23走後,Branch,#Simple,28,どうした？,
5e03827b12d7ba437d60cedd39f08462.bundle,消夜23走後,Say,リュウセイ･チョウ,55,い、いいえ……,
5e03827b12d7ba437d60cedd39f08462.bundle,消夜23走後,Branch,#Simple,29,頼れる人？,
5e03827b12d7ba437d60cedd39f08462.bundle,消夜23走後,Say,リュウセイ･チョウ,56,あ、そう、そうっす……,
5e03827b12d7ba437d60cedd39f08462.bundle,消夜23走後,Say,リュウセイ･チョウ,57,それが言いたかったっす……ハハ……,
5e03827b12d7ba437d60cedd39f08462.bundle,消夜23走後,Branch,#Simple,30,……,
5e03827b12d7ba437d60cedd39f08462.bundle,消夜23走後,Say,リュウセイ･チョウ,58,と、とりあえず、あの二人は信用しても問題ないっすよ。このリュウセイが保証するっす！,
5e03827b12d7ba437d60cedd39f08462.bundle,消夜23走後,Say,リュウセイ･チョウ,59,他に聞きたいことは？,
5e03827b12d7ba437d60cedd39f08462.bundle,消夜23走後,Branch,#Simple,31,そろそろ家に戻る。,
5e03827b12d7ba437d60cedd39f08462.bundle,消夜23走後,Branch,#Simple,32,そろそろ家に戻る。,
5e03827b12d7ba437d60cedd39f08462.bundle,消夜23走後,Say,リュウセイ･チョウ,60,はい、お疲れ様でした。,
5e03827b12d7ba437d60cedd39f08462.bundle,消夜23走後,Say,リュウセイ･チョウ,61,……,
5e03827b12d7ba437d60cedd39f08462.bundle,消夜23走後,Say,リュウセイ･チョウ,62,おやすみなさいっす。,
5e03827b12d7ba437d60cedd39f08462.bundle,消夜23走後,Branch,#Simple,33,おやすみなさいっす。,
5e03827b12d7ba437d60cedd39f08462.bundle,消夜23走後,Branch,#Simple,34,まだここにいるつもりか？,
5e03827b12d7ba437d60cedd39f08462.bundle,消夜23走後,Say,リュウセイ･チョウ,63,もう少しここにいるっす。ちょっと用事があって。,
5e03827b12d7ba437d60cedd39f08462.bundle,消夜23走後,Branch,#Simple,35,わかった。おやすみ。,
5e03827b12d7ba437d60cedd39f08462.bundle,消夜23走後,Branch,#Simple,36,なんの用事だ？,
5e03827b12d7ba437d60cedd39f08462.bundle,消夜23走後,Say,リュウセイ･チョウ,64,それは……,
5e03827b12d7ba437d60cedd39f08462.bundle,消夜23走後,Say,リュウセイ･チョウ,65,ちょっとした用事っす。,
5e03827b12d7ba437d60cedd39f08462.bundle,消夜23走後,Say,心の声,6,言いたくなさそうだな。,
5e03827b12d7ba437d60cedd39f08462.bundle,消夜23走後,Say,リュウセイ･チョウ,66,おやすみ。,
5e03827b12d7ba437d60cedd39f08462.bundle,消夜23走後,Branch,#Simple,37,おやすみなさいっす。,
5e03827b12d7ba437d60cedd39f08462.bundle,消夜23走後,Branch,#Simple,38,……,
5e03827b12d7ba437d60cedd39f08462.bundle,消夜23走後,Branch,#Simple,39,……,
5e03827b12d7ba437d60cedd39f08462.bundle,消夜23走後,Branch,#Simple,40,……,
5e03827b12d7ba437d60cedd39f08462.bundle,打完子彈後說明,Say,スイ･ニン,0,大丈夫か？急に撃ってすまない。,
5e03827b12d7ba437d60cedd39f08462.bundle,打完子彈後說明,Say,スイ･ニン,1,今の君の発言はジョークだと思うが、万が一に備えて、遮断処理をさせてもらった。,
5e03827b12d7ba437d60cedd39f08462.bundle,打完子彈後說明,Branch,#Simple,0,なぜ俺の発言がジョークだと思ったんだ？,
5e03827b12d7ba437d60cedd39f08462.bundle,打完子彈後說明,Say,スイ･ニン,2,私が持っているセンサーは君が精神制御されたかどうかを検知できる。君はずっと良性反応だったからね。,
5e03827b12d7ba437d60cedd39f08462.bundle,打完子彈後說明,Branch,#Simple,1,そのセンサーが壊れている可能性は？,
5e03827b12d7ba437d60cedd39f08462.bundle,打完子彈後說明,Say,スイ･ニン,3,ありえない。それに私は複数台のセンサーを持っているからね。,
5e03827b12d7ba437d60cedd39f08462.bundle,打完子彈後說明,Branch,#Simple,2,なるほど。,
5e03827b12d7ba437d60cedd39f08462.bundle,打完子彈後說明,Branch,#Simple,3,……,
5e03827b12d7ba437d60cedd39f08462.bundle,打完子彈後說明,Say,スイ･ニン,4,驚かせてすまなかった。,
5e03827b12d7ba437d60cedd39f08462.bundle,打完子彈後說明,Branch,#Simple,4,急に何をするんだ、かなりの痛みだった！,
5e03827b12d7ba437d60cedd39f08462.bundle,打完子彈後說明,Say,スイ･ニン,5,これは必要なことだ。理解してほしい。,
5e03827b12d7ba437d60cedd39f08462.bundle,打完子彈後說明,Branch,#Simple,5,……,
5e03827b12d7ba437d60cedd39f08462.bundle,打完子彈後說明,Say,スイ･ニン,6,例え今精神制御されていなくても、これからされる可能性を断ち切る必要があったんだ。,
5e03827b12d7ba437d60cedd39f08462.bundle,打完子彈後說明,Say,スイ･ニン,7,それと、この件で冗談を言うのを止めてくれ。,
5e03827b12d7ba437d60cedd39f08462.bundle,打完子彈後說明,Say,スイ･ニン,8,もし君が本当に精神制御されているなら……私は君を「処理」しないといけない。,
5e03827b12d7ba437d60cedd39f08462.bundle,打完子彈後說明,Say,心の声,0,本気でやる気のようだ……,
5e03827b12d7ba437d60cedd39f08462.bundle,打完子彈後說明,Say,スイ･ニン,9,身体は大丈夫そう？,
5e03827b12d7ba437d60cedd39f08462.bundle,打完子彈後說明,Branch,#Simple,6,ああ、大丈夫だ。,
5e03827b12d7ba437d60cedd39f08462.bundle,打完子彈後說明,Say,スイ･ニン,10,ならよかった。,
5e03827b12d7ba437d60cedd39f08462.bundle,打完子彈後說明,Branch,#Simple,7,急に何をするんだ！？,
5e03827b12d7ba437d60cedd39f08462.bundle,打完子彈後說明,Branch,#Simple,8,せめて心構えをさせてくれ。,
5e03827b12d7ba437d60cedd39f08462.bundle,打完子彈後說明,Say,スイ･ニン,11,普通であれば銃を向けられれば反射的に避けるはずだ。避けられると逆に危ないと思ってね。,
5e03827b12d7ba437d60cedd39f08462.bundle,打完子彈後說明,Say,スイ･ニン,12,だから不意打ちをさせてもらった。理解してほしい。,
5e03827b12d7ba437d60cedd39f08462.bundle,打完子彈後說明,Branch,#Simple,9,わかった。,
5e03827b12d7ba437d60cedd39f08462.bundle,打完子彈後說明,Say,スイ･ニン,13,ありがとう。,
5e03827b12d7ba437d60cedd39f08462.bundle,打完子彈後說明,Branch,#Simple,10,それでも納得はできないな。,
5e03827b12d7ba437d60cedd39f08462.bundle,打完子彈後說明,Say,スイ･ニン,14,すみません。,
5e03827b12d7ba437d60cedd39f08462.bundle,打完子彈後說明,Branch,#Simple,11,……,
5e03827b12d7ba437d60cedd39f08462.bundle,打完子彈後說明,Say,スイ･ニン,15,私は君の体内に精神制御を遮断する弾を撃った。しばらくは身体が麻痺してるだろう。,
5e03827b12d7ba437d60cedd39f08462.bundle,打完子彈後說明,Say,スイ･ニン,16,とはいえ、恐ろしい回復速度だ……,
5e03827b12d7ba437d60cedd39f08462.bundle,打完子彈後說明,Branch,#Simple,12,それは良いことじゃないか？,
5e03827b12d7ba437d60cedd39f08462.bundle,打完子彈後說明,Say,スイ･ニン,17,もちろんそうだが。,
5e03827b12d7ba437d60cedd39f08462.bundle,打完子彈後說明,Say,スイ･ニン,18,少し驚いた。,
5e03827b12d7ba437d60cedd39f08462.bundle,打完子彈後說明,Branch,#Simple,13,俺は頑丈なんだ。,
5e03827b12d7ba437d60cedd39f08462.bundle,打完子彈後說明,Say,心の声,1,微笑んだ。,
5e03827b12d7ba437d60cedd39f08462.bundle,打完子彈後說明,Branch,#Simple,14,……,
5e03827b12d7ba437d60cedd39f08462.bundle,打完子彈後說明,Say,スイ･ニン,19,体の調子は？,
5e03827b12d7ba437d60cedd39f08462.bundle,打完子彈後說明,Say,心の声,2,問題ないと思う……,
5e03827b12d7ba437d60cedd39f08462.bundle,打完子彈後說明,Branch,#Simple,15,問題ない。,
5e03827b12d7ba437d60cedd39f08462.bundle,打完子彈後說明,Branch,#Simple,16,何か問題があった方がいいのか？,
5e03827b12d7ba437d60cedd39f08462.bundle,打完子彈後說明,Say,スイ･ニン,20,多くの人は長時間にわたり、眩暈が起きるはずだ。,
5e03827b12d7ba437d60cedd39f08462.bundle,打完子彈後說明,Say,スイ･ニン,21,でも君にはそれが起きていないようだな。素晴らしい。,
5e03827b12d7ba437d60cedd39f08462.bundle,打完子彈後說明,Say,スイ･ニン,22,立てる？,
5e03827b12d7ba437d60cedd39f08462.bundle,打完子彈後說明,Say,心の声,3,……,
5e03827b12d7ba437d60cedd39f08462.bundle,打完子彈後說明,Say,スイ･ニン,23,ありがとう。,
5e03827b12d7ba437d60cedd39f08462.bundle,打完子彈後說明,Say,スイ･ニン,24,これでしかるべき措置はとったから、今夜はゆっくり休むといい。,
5e03827b12d7ba437d60cedd39f08462.bundle,打完子彈後說明,Say,スイ･ニン,25,明日の朝、また作戦を練る。準備ができたら君を呼びに来るから。,
5e03827b12d7ba437d60cedd39f08462.bundle,打完子彈後說明,Branch,#Simple,17,待て。なぜ俺が改造されたのかとか、そこら辺の話をまだ聞いていない！,
5e03827b12d7ba437d60cedd39f08462.bundle,打完子彈後說明,Say,スイ･ニン,26,私の判断だけで伝えるべき情報ではないから、言わなかったんだ。,
5e03827b12d7ba437d60cedd39f08462.bundle,打完子彈後說明,Say,スイ･ニン,27,……,
5e03827b12d7ba437d60cedd39f08462.bundle,打完子彈後說明,Say,スイ･ニン,28,でも、君には多少なりとも知る権利はあるはずだ。,
5e03827b12d7ba437d60cedd39f08462.bundle,打完子彈後說明,Say,スイ･ニン,29,最初に言っておくと、君の改造はフクロウによるものではない。,
5e03827b12d7ba437d60cedd39f08462.bundle,打完子彈後說明,Say,スイ･ニン,30,数年前、とあるエージェントの調査のおかげで、我々は一つ秘密結社の存在を突き止めた。,
5e03827b12d7ba437d60cedd39f08462.bundle,打完子彈後說明,Say,スイ･ニン,31,残念ながら、名前、目的、メンバーの情報等は未だに掴めていない……,
5e03827b12d7ba437d60cedd39f08462.bundle,打完子彈後說明,Say,スイ･ニン,32,唯一わかったことは、彼らは数十年前から、大勢の乳幼児に改造を繰り返してきたってことだ。,
5e03827b12d7ba437d60cedd39f08462.bundle,打完子彈後說明,Say,スイ･ニン,33,そして君がその一人だ。,
5e03827b12d7ba437d60cedd39f08462.bundle,打完子彈後說明,Branch,#Simple,18,俺みたいな人がどれくらいいる？,
5e03827b12d7ba437d60cedd39f08462.bundle,打完子彈後說明,Say,スイ･ニン,34,それは機密情報だ。言えない。,
5e03827b12d7ba437d60cedd39f08462.bundle,打完子彈後說明,Branch,#Simple,19,俺が改造されていることにいつ気づいたんだ？,
5e03827b12d7ba437d60cedd39f08462.bundle,打完子彈後說明,Say,スイ･ニン,35,それは重要なこと？,
5e03827b12d7ba437d60cedd39f08462.bundle,打完子彈後說明,Branch,#Simple,20,教えてほしい。,
5e03827b12d7ba437d60cedd39f08462.bundle,打完子彈後說明,Branch,#Simple,21,重要ではない質問は答えないと？,
5e03827b12d7ba437d60cedd39f08462.bundle,打完子彈後說明,Say,スイ･ニン,36,……,
5e03827b12d7ba437d60cedd39f08462.bundle,打完子彈後說明,Say,スイ･ニン,37,唯一言えるのは、以前から知っていたということだ。,
5e03827b12d7ba437d60cedd39f08462.bundle,打完子彈後說明,Say,心の声,4,つまり、俺の存在を以前から知っていたってことか……,
5e03827b12d7ba437d60cedd39f08462.bundle,打完子彈後說明,Branch,#Simple,22,……,
5e03827b12d7ba437d60cedd39f08462.bundle,打完子彈後說明,Say,スイ･ニン,38,君に教えられるものはこれで以上だ。,
5e03827b12d7ba437d60cedd39f08462.bundle,打完子彈後說明,Say,スイ･ニン,39,どう？納得した？,
5e03827b12d7ba437d60cedd39f08462.bundle,打完子彈後說明,Branch,#Simple,23,なぜ彼らはそんなことをする？,
5e03827b12d7ba437d60cedd39f08462.bundle,打完子彈後說明,Say,スイ･ニン,40,それは機密情報だ。言えない。,
5e03827b12d7ba437d60cedd39f08462.bundle,打完子彈後說明,Branch,#Simple,24,それで納得すると思うのか？,
5e03827b12d7ba437d60cedd39f08462.bundle,打完子彈後說明,Say,スイ･ニン,41,その様子じゃ、無理みたいだな。,
5e03827b12d7ba437d60cedd39f08462.bundle,打完子彈後說明,Say,心の声,5,彼女はため息をついた。,
5e03827b12d7ba437d60cedd39f08462.bundle,打完子彈後說明,Say,スイ･ニン,42,いいか……,
5e03827b12d7ba437d60cedd39f08462.bundle,打完子彈後說明,Branch,#Simple,25,言えないなら、これ以上聞いても仕方ないからな。,
5e03827b12d7ba437d60cedd39f08462.bundle,打完子彈後說明,Say,スイ･ニン,43,ありがとう。,
5e03827b12d7ba437d60cedd39f08462.bundle,打完子彈後說明,Say,スイ･ニン,44,この件は君にとってショックだろうけど……,
5e03827b12d7ba437d60cedd39f08462.bundle,打完子彈後說明,Say,スイ･ニン,45,それが現実だ。受け入れてくれ。そうでないと……,
5e03827b12d7ba437d60cedd39f08462.bundle,打完子彈後說明,Branch,#Simple,26,そうでないとなんだ？,
5e03827b12d7ba437d60cedd39f08462.bundle,打完子彈後說明,Say,スイ･ニン,46,君は進むべき方向を見失い、何も信じられなくなる。,
5e03827b12d7ba437d60cedd39f08462.bundle,打完子彈後說明,Branch,#Simple,27,わかった。それ以上不要だ。,
5e03827b12d7ba437d60cedd39f08462.bundle,打完子彈後說明,Say,スイ･ニン,47,……,
5e03827b12d7ba437d60cedd39f08462.bundle,打完子彈後說明,Branch,#Simple,28,……,
5e03827b12d7ba437d60cedd39f08462.bundle,打完子彈後說明,Say,スイ･ニン,48,おやすみ。ジェイ･ダイ。,
5e03827b12d7ba437d60cedd39f08462.bundle,打完子彈後說明,Branch,#Simple,29,おやすみなさいっす。,
5e03827b12d7ba437d60cedd39f08462.bundle,打完子彈後說明,Branch,#Simple,30,……,
5e03827b12d7ba437d60cedd39f08462.bundle,打完子彈後說明,Branch,#Simple,31,おやすみなさいっす。,
5e03827b12d7ba437d60cedd39f08462.bundle,打完子彈後說明,Say,スイ･ニン,49,おやすみなさいっす。,
5e03827b12d7ba437d60cedd39f08462.bundle,打完子彈後說明,Branch,#Simple,32,……,
5e03827b12d7ba437d60cedd39f08462.bundle,打完子彈後說明,Say,心の声,6,どういうことだ……！？,
5e03827b12d7ba437d60cedd39f08462.bundle,打完子彈後說明,Say,心の声,7,彼女の話は本当な気がする。でも俺は……,
5e03827b12d7ba437d60cedd39f08462.bundle,程芳投影開始2,Say,セイワ･ゲン,0,はぁ、待ちなさい。,
5e03827b12d7ba437d60cedd39f08462.bundle,程芳投影開始2,Say,リン･テイ,0,今更なにを……,
5e03827b12d7ba437d60cedd39f08462.bundle,程芳投影開始2,Say,セイワ･ゲン,1,このようなことは気が進まないのだが…,
5e03827b12d7ba437d60cedd39f08462.bundle,程芳投影開始2,Say,セイワ･ゲン,2,……,
5e03827b12d7ba437d60cedd39f08462.bundle,程芳投影開始2,Say,セイワ･ゲン,3,彼女を処理しろ。,
5e03827b12d7ba437d60cedd39f08462.bundle,程芳投影開始3,Say,セイワ･ゲン,0,私の会議室で発砲するとは……,
5e03827b12d7ba437d60cedd39f08462.bundle,程芳投影開始3,Say,セイワ･ゲン,1,気でも狂ったのか！,
5e03827b12d7ba437d60cedd39f08462.bundle,程芳投影開始3,Say,キンセイ･ハク,0,そんなかっかしないでよ。この部屋は防音でしょ。,
5e03827b12d7ba437d60cedd39f08462.bundle,程芳投影開始3,Say,キンセイ･ハク,1,それに処理の命令を出したのはそっちだよ？,
5e03827b12d7ba437d60cedd39f08462.bundle,程芳投影開始3,Say,セイワ･ゲン,2,……処理しろと言っただけで、ここで処理しろとは言っていない。ここで処理することの危険性をその貧弱の頭では理解できないのか！,
5e03827b12d7ba437d60cedd39f08462.bundle,程芳投影開始3,Say,キンセイ･ハク,2,そうかな？ここで処理することがそんなに危険だとは思わないけど。,
5e03827b12d7ba437d60cedd39f08462.bundle,程芳投影開始3,Say,セイワ･ゲン,3,もういい！！,
5e03827b12d7ba437d60cedd39f08462.bundle,程芳投影開始3,Say,セイワ･ゲン,4,目立たないように行動すると約束したから、側につけたというのに……,
5e03827b12d7ba437d60cedd39f08462.bundle,程芳投影開始3,Say,セイワ･ゲン,5,これの……,
5e03827b12d7ba437d60cedd39f08462.bundle,程芳投影開始3,Say,セイワ･ゲン,6,どこが目立たない行動なんだ！,
5e03827b12d7ba437d60cedd39f08462.bundle,程芳投影開始3,Say,キンセイ･ハク,3,へぇ……,
5e03827b12d7ba437d60cedd39f08462.bundle,程芳投影開始3,Say,キンセイ･ハク,4,そうだったの……,
5e03827b12d7ba437d60cedd39f08462.bundle,程芳投影開始3,Say,キンセイ･ハク,5,俺を側に置く理由は……,
5e03827b12d7ba437d60cedd39f08462.bundle,程芳投影開始3,Say,キンセイ･ハク,6,お前に立ち憚る全ての厄介者を殺したいからだったよね？,
5e03827b12d7ba437d60cedd39f08462.bundle,程芳投影開始3,Say,セイワ･ゲン,7,……,
5e03827b12d7ba437d60cedd39f08462.bundle,程芳投影開始3,Say,セイワ･ゲン,8,その通りだ。,
5e03827b12d7ba437d60cedd39f08462.bundle,程芳投影開始3,Say,セイワ･ゲン,9,でも忘れるな。それはお前の身にも起こりうることだ。,
5e03827b12d7ba437d60cedd39f08462.bundle,程芳投影開始3,Say,キンセイ･ハク,7,……わかっている。,
5e03827b12d7ba437d60cedd39f08462.bundle,投影結束後對話,Say,スイ･ニン,0,映像はここまでだ。衝撃により、ここでレコーダーが止まったようだ。,
5e03827b12d7ba437d60cedd39f08462.bundle,投影結束後對話,Say,リュウセイ･チョウ,0,急に現れた人は……？,
5e03827b12d7ba437d60cedd39f08462.bundle,投影結束後對話,Say,スイ･ニン,1,なんらかの光学迷彩を使っているのだろう。,
5e03827b12d7ba437d60cedd39f08462.bundle,投影結束後對話,Say,23,0,スイ……,
5e03827b12d7ba437d60cedd39f08462.bundle,投影結束後對話,Say,スイ･ニン,2,……,
5e03827b12d7ba437d60cedd39f08462.bundle,投影結束後對話,Say,スイ･ニン,3,もう映像を切っていいよ。,
5e03827b12d7ba437d60cedd39f08462.bundle,投影結束後對話,Say,心の声,0,あいつら二人を殺してやる！,
5e03827b12d7ba437d60cedd39f08462.bundle,投影結束後對話,Say,心の声,1,必ずだ！,
5e03827b12d7ba437d60cedd39f08462.bundle,投影結束後對話,Say,ジェイ･ダイ,0,スイ･ニン、だったな……？,
5e03827b12d7ba437d60cedd39f08462.bundle,投影結束後對話,Say,スイ･ニン,4,ああ。,
5e03827b12d7ba437d60cedd39f08462.bundle,投影結束後對話,Say,ジェイ･ダイ,1,お前の調査に参加する。,
5e03827b12d7ba437d60cedd39f08462.bundle,投影結束後對話,Say,スイ･ニン,5,でも今は……,
5e03827b12d7ba437d60cedd39f08462.bundle,投影結束後對話,Say,ジェイ･ダイ,2,今のは忘れてくれ。,
5e03827b12d7ba437d60cedd39f08462.bundle,投影結束後對話,Say,ジェイ･ダイ,3,こいつらを引きずり出して、償わせてやる。,
5e03827b12d7ba437d60cedd39f08462.bundle,投影結束後對話,Say,スイ･ニン,6,……,
5e03827b12d7ba437d60cedd39f08462.bundle,投影結束後對話,Say,23,1,スイ……,
5e03827b12d7ba437d60cedd39f08462.bundle,投影結束後對話,Say,スイ･ニン,7,そうだったな。,
5e03827b12d7ba437d60cedd39f08462.bundle,投影結束後對話,Say,スイ･ニン,8,……,
5e03827b12d7ba437d60cedd39f08462.bundle,投影結束後對話,Say,スイ･ニン,9,よろしい。君を歓迎するよ。,
5e03827b12d7ba437d60cedd39f08462.bundle,投影結束後對話,Say,心の声,2,俺は必ず……,
5e03827b12d7ba437d60cedd39f08462.bundle,投影結束後對話,Say,心の声,3,あれ、正式名はなんだっけ……？,
5e03827b12d7ba437d60cedd39f08462.bundle,投影結束後對話,Say,スイ･ニン,10,23号、イファ･ヨウが持ち帰ったデータから何か情報は？,
5e03827b12d7ba437d60cedd39f08462.bundle,投影結束後對話,Say,23,2,……,
5e03827b12d7ba437d60cedd39f08462.bundle,投影結束後對話,Say,23,3,無理ね。かなり膨大で仕分けされてないデータばかりだから。,
5e03827b12d7ba437d60cedd39f08462.bundle,投影結束後對話,Say,23,4,むしろ、リンさんがあんなすぐに結論を出せたのがおかしいくらいよ。,
5e03827b12d7ba437d60cedd39f08462.bundle,投影結束後對話,Say,スイ･ニン,11,彼女もこの件を疑っていたとか？,
5e03827b12d7ba437d60cedd39f08462.bundle,投影結束後對話,Say,23,5,そうだとしても、このゴミの山の中から有用なデータだけを抽出するのも、膨大な時間がかかるの。,
5e03827b12d7ba437d60cedd39f08462.bundle,投影結束後對話,Say,23,6,とりあえず調べてみるけど、報告は明日になりそうね。,
5e03827b12d7ba437d60cedd39f08462.bundle,投影結束後對話,Say,スイ･ニン,12,なら今日はここまでにしよう。,
5e03827b12d7ba437d60cedd39f08462.bundle,投影結束後對話,Say,心の声,4,何だと？なぜすぐにセイワ･ゲンとあいつを逮捕しないんだ……,
5e03827b12d7ba437d60cedd39f08462.bundle,投影結束後對話,Say,リュウセイ･チョウ,1,どうしてっすか！？レコーダーがあれば、万象が殺そうとしたことを証明できるっすよね！,
5e03827b12d7ba437d60cedd39f08462.bundle,投影結束後對話,Say,スイ･ニン,13,いや、これはセイワ･ゲン単独での殺人未遂だ。,
5e03827b12d7ba437d60cedd39f08462.bundle,投影結束後對話,Say,リュウセイ･チョウ,2,だからなんすか！？今すぐセイワ･ゲンの自宅に押しかけて、それから……,
5e03827b12d7ba437d60cedd39f08462.bundle,投影結束後對話,Say,スイ･ニン,14,リュウセイ、落ち着け。,
5e03827b12d7ba437d60cedd39f08462.bundle,投影結束後對話,Say,スイ･ニン,15,我々の目的は不正なブレマイによる被害者を助けることであり、セイワ･ゲンだけを逮捕しても意味がない。,
5e03827b12d7ba437d60cedd39f08462.bundle,投影結束後對話,Branch,#Simple,0,だとしても、先にセイワ･ゲンを逮捕すればいいじゃないか。,
5e03827b12d7ba437d60cedd39f08462.bundle,投影結束後對話,Say,スイ･ニン,16,今我々が動けば、この計画がバレてしまう。彼らに証拠隠滅の時間を与えるわけにはいかない。,
5e03827b12d7ba437d60cedd39f08462.bundle,投影結束後對話,Branch,#Simple,1,証拠なんてもう一度探せばいい。今は彼を逮捕すべきだ。,
5e03827b12d7ba437d60cedd39f08462.bundle,投影結束後對話,Say,スイ･ニン,17,冷静になれ。こちらの行動がバレれば、彼らは全ての証拠を隠滅するはずだ。,
5e03827b12d7ba437d60cedd39f08462.bundle,投影結束後對話,Say,心の声,5,こちらの話を聞いてくれそうにないな……,
5e03827b12d7ba437d60cedd39f08462.bundle,投影結束後對話,Branch,#Simple,2,万象がどういう行動に出るか読めないからか。,
5e03827b12d7ba437d60cedd39f08462.bundle,投影結束後對話,Say,スイ･ニン,18,そう、だから不要なリスクは負いたくない。,
5e03827b12d7ba437d60cedd39f08462.bundle,投影結束後對話,Branch,#Simple,3,そういう事態を考慮していなかった。あんたの意見に賛成だ。,
5e03827b12d7ba437d60cedd39f08462.bundle,投影結束後對話,Say,スイ･ニン,19,我々の調査に加わりたいなら、今後はそういうことを考慮に入れるべきだ。,
5e03827b12d7ba437d60cedd39f08462.bundle,投影結束後對話,Say,スイ･ニン,20,そして君もだ。リュウセイ。,
5e03827b12d7ba437d60cedd39f08462.bundle,投影結束後對話,Branch,#Simple,4,……,
5e03827b12d7ba437d60cedd39f08462.bundle,投影結束後對話,Say,リュウセイ･チョウ,3,でもあんなクズを野放しにするなんて……,
5e03827b12d7ba437d60cedd39f08462.bundle,投影結束後對話,Say,スイ･ニン,21,いずれ彼も必ず裁かれる。今はそのタイミングではないだけだ。,
5e03827b12d7ba437d60cedd39f08462.bundle,投影結束後對話,Say,リュウセイ･チョウ,4,……,
5e03827b12d7ba437d60cedd39f08462.bundle,投影結束後對話,Say,リュウセイ･チョウ,5,わかったっす。,
5e03827b12d7ba437d60cedd39f08462.bundle,投影結束後對話,Say,スイ･ニン,22,幸いなことに、リンさんとジェイさんの保護には成功した。,
5e03827b12d7ba437d60cedd39f08462.bundle,投影結束後對話,Say,スイ･ニン,23,今のこの安全な状況であれば、万象を完全に追い詰められる時までは耐えるべきだ。,
5e03827b12d7ba437d60cedd39f08462.bundle,投影結束後對話,Say,心の声,6,確かにリンの安全が確保されたなら、相手を一網打尽にできるチャンスを待った方がいい。,
5e03827b12d7ba437d60cedd39f08462.bundle,投影結束後對話,Say,リュウセイ･チョウ,6,……,
5e03827b12d7ba437d60cedd39f08462.bundle,投影結束後對話,Say,スイ･ニン,24,……,
5e03827b12d7ba437d60cedd39f08462.bundle,投影結束後對話,Say,スイ･ニン,25,23号とリュウセイは、まだ何も食べてなかったよね。,
5e03827b12d7ba437d60cedd39f08462.bundle,投影結束後對話,Say,23,7,うわ、すごい話題の逸らし方！,
5e03827b12d7ba437d60cedd39f08462.bundle,投影結束後對話,Say,心の声,7,スイ・ニンが23号を睨んだ。,
5e03827b12d7ba437d60cedd39f08462.bundle,投影結束後對話,Say,23,8,はい、はい、まだですよー。それがどうしたの？,
5e03827b12d7ba437d60cedd39f08462.bundle,投影結束後對話,Say,スイ･ニン,26,リュウセイと一緒にご飯でも食べてきて。私はジェイさんと話したいことがあるから。,
5e03827b12d7ba437d60cedd39f08462.bundle,投影結束後對話,Say,23,9,わかった。行こう、リュウセイ。,
5e03827b12d7ba437d60cedd39f08462.bundle,投影結束後對話,Say,リュウセイ･チョウ,7,……はい。,
5e03827b12d7ba437d60cedd39f08462.bundle,投影結束後對話,Say,スイ･ニン,27,ジェイ･ダイ、少し待っててくれ。,
5e03827b12d7ba437d60cedd39f08462.bundle,投影結束後對話,Say,スイ･ニン,28,先に処理しなければならない問題が残っている。,
5e03827b12d7ba437d60cedd39f08462.bundle,投影結束後對話,Say,スイ･ニン,29,……,
5e03827b12d7ba437d60cedd39f08462.bundle,程芳投影開始4,Say,セイワ･ゲン,0,それで、この事態をどう片付ける気だ……？,
5e03827b12d7ba437d60cedd39f08462.bundle,程芳投影開始4,Say,キンセイ･ハク,0,それは……,
5e03827b12d7ba437d60cedd39f08462.bundle,程芳投影開始4,Say,セイワ･ゲン,1,話を濁すな。確かな*****計画を。,
5e03827b12d7ba437d60cedd39f08462.bundle,程芳投影開始4,Say,キンセイ･ハク,1,5分後*****この*****部屋は*****。,
5e03827b12d7ba437d60cedd39f08462.bundle,程芳投影開始4,Say,キンセイ･ハク,2,ここに*****監視*****ないよね？,
5e03827b12d7ba437d60cedd39f08462.bundle,程芳投影開始4,Say,キンセイ･ハク,3,でも*****廊下*****は*****。,
