bundle_file,node,type,role,say_index,japanese,korean
16cb18d2a2b26981a5a165feae2e28bb.bundle,跟穩哥展開調查,Branch,#Simple,0,手伝ってほしい？,도와줬으면 좋겠다고?
16cb18d2a2b26981a5a165feae2e28bb.bundle,跟穩哥展開調查,Say,タイミン･ソウ,0,はい。,네.
16cb18d2a2b26981a5a165feae2e28bb.bundle,跟穩哥展開調查,Branch,#Simple,1,……,……
16cb18d2a2b26981a5a165feae2e28bb.bundle,跟穩哥展開調查,Branch,#Simple,2,気が変わりました。誰にも言うつもりはありません。,마음이 바뀌었습니다. 아무한테도 말할 생각 없습니다.
16cb18d2a2b26981a5a165feae2e28bb.bundle,跟穩哥展開調查,Say,タイミン･ソウ,1,ありがとうございます。,감사합니다.
16cb18d2a2b26981a5a165feae2e28bb.bundle,跟穩哥展開調查,Branch,#Simple,3,……,……
16cb18d2a2b26981a5a165feae2e28bb.bundle,跟穩哥展開調查,Say,タイミン･ソウ,2,しかしまずは、誰にも他言しないと約束してください。,"근데 우선, 아무한테도 말 안 하겠다고 약속해주세요."
16cb18d2a2b26981a5a165feae2e28bb.bundle,跟穩哥展開調查,Branch,#Simple,4,約束します。,약속하겠습니다.
16cb18d2a2b26981a5a165feae2e28bb.bundle,跟穩哥展開調查,Say,タイミン･ソウ,3,ありがとうございます。,감사합니다.
16cb18d2a2b26981a5a165feae2e28bb.bundle,跟穩哥展開調查,Branch,#Simple,5,仕事の話じゃないんですか？,일 얘기 아니에요?
16cb18d2a2b26981a5a165feae2e28bb.bundle,跟穩哥展開調查,Say,タイミン･ソウ,4,仕事の話です。,일 얘기입니다.
16cb18d2a2b26981a5a165feae2e28bb.bundle,跟穩哥展開調查,Say,タイミン･ソウ,5,それで、約束してくれますか？,"그래서, 약속해주시겠어요?"
16cb18d2a2b26981a5a165feae2e28bb.bundle,跟穩哥展開調查,Branch,#Simple,6,わかりました。他言しません。,알겠습니다. 말 안 하겠습니다.
16cb18d2a2b26981a5a165feae2e28bb.bundle,跟穩哥展開調查,Say,タイミン･ソウ,6,ありがとうございます。,감사합니다.
16cb18d2a2b26981a5a165feae2e28bb.bundle,跟穩哥展開調查,Branch,#Simple,7,なぜ誰にも他言してはいけないんですか？,왜 아무한테도 말하면 안 되는 거예요?
16cb18d2a2b26981a5a165feae2e28bb.bundle,跟穩哥展開調查,Say,タイミン･ソウ,7,先に約束をしてくれなければ、その説明もできないのです。,"먼저 약속해주지 않으면, 그 설명도 할 수 없어요."
16cb18d2a2b26981a5a165feae2e28bb.bundle,跟穩哥展開調查,Say,タイミン･ソウ,8,どうしますか？,어떻게 하시겠어요?
16cb18d2a2b26981a5a165feae2e28bb.bundle,跟穩哥展開調查,Branch,#Simple,8,つまり、私は内容を聞かされていないにも関わらず、秘密を守ることを約束しないといけないのですか？,"즉, 저는 내용도 안 들은 상태에서, 비밀을 지키겠다고 약속해야 하는 건가요?"
16cb18d2a2b26981a5a165feae2e28bb.bundle,跟穩哥展開調查,Say,タイミン･ソウ,9,はい。ですが、僕が悪事を働いたから秘密にしてほしいわけではありません。,"네. 근데, 제가 나쁜 짓을 저질러서 비밀로 해달라는 게 아니에요."
16cb18d2a2b26981a5a165feae2e28bb.bundle,跟穩哥展開調查,Say,タイミン･ソウ,10,そしてあなたがこの件を秘密にしたことで、負う責任はありません。,"그리고 당신이 이 건을 비밀로 했다고 해서, 지게 될 책임도 없어요."
16cb18d2a2b26981a5a165feae2e28bb.bundle,跟穩哥展開調查,Say,タイミン･ソウ,11,どうですか？,어떠세요?
16cb18d2a2b26981a5a165feae2e28bb.bundle,跟穩哥展開調查,Branch,#Simple,9,すみませんが、そういうことには首を突っ込みたくないです。,"죄송하지만, 그런 일에는 끼고 싶지 않습니다."
16cb18d2a2b26981a5a165feae2e28bb.bundle,跟穩哥展開調查,Say,タイミン･ソウ,12,わかりました。気が変わったらまた声をかけてください。,알겠습니다. 마음이 바뀌면 다시 말 걸어주세요.
16cb18d2a2b26981a5a165feae2e28bb.bundle,跟穩哥展開調查,Say,タイミン･ソウ,13,今日の面談に、お年寄りの方がいたのを覚えてますか？,"오늘 면담에, 나이 드신 분 계셨던 거 기억나세요?"
16cb18d2a2b26981a5a165feae2e28bb.bundle,跟穩哥展開調查,Branch,#Simple,10,確か、シンレイ･トンさんですね。,"그, 신레이 통 씨 말이죠."
16cb18d2a2b26981a5a165feae2e28bb.bundle,跟穩哥展開調查,Say,タイミン･ソウ,14,そうです。,맞아요.
16cb18d2a2b26981a5a165feae2e28bb.bundle,跟穩哥展開調查,Branch,#Simple,11,どうしてそれを？,왜 그걸 물으시는 거예요?
16cb18d2a2b26981a5a165feae2e28bb.bundle,跟穩哥展開調查,Say,タイミン･ソウ,15,ばあさんから聞いたんです。,할머니한테서 들었어요.
16cb18d2a2b26981a5a165feae2e28bb.bundle,跟穩哥展開調查,Say,タイミン･ソウ,16,私は今、トンさんがどうやって面談までパスできたのかを調べています。,"저는 지금, 통 씨가 어떻게 면담까지 통과할 수 있었는지 조사하고 있어요."
16cb18d2a2b26981a5a165feae2e28bb.bundle,跟穩哥展開調查,Say,タイミン･ソウ,17,おそらく会社内部の誰かが、トンさんの健康診断書を偽造し、パスさせたのだと思います。,"아마 회사 내부의 누군가가, 통 씨의 건강검진 서류를 위조해서, 통과시킨 거라고 생각해요."
16cb18d2a2b26981a5a165feae2e28bb.bundle,跟穩哥展開調查,Say,タイミン･ソウ,18,そしてトンさんはそれと引き換えに、その人にお金を支払う約束をしていた可能性があります。,"그리고 통 씨는 그 대가로, 그 사람한테 돈을 지불하기로 약속했을 가능성이 있어요."
16cb18d2a2b26981a5a165feae2e28bb.bundle,跟穩哥展開調查,Say,心の声,0,ここへ来る人は皆、お金に困っているのに支払えるのか……？,"여기 오는 사람은 다들, 돈이 궁한데 지불할 수 있는 건가……?"
16cb18d2a2b26981a5a165feae2e28bb.bundle,跟穩哥展開調查,Branch,#Simple,12,待ってください。演算力供給に来る人は皆、お金に困っているはずでは？,"잠깐만요. 연산력 공급하러 오는 사람은 다들, 돈이 궁할 텐데요?"
16cb18d2a2b26981a5a165feae2e28bb.bundle,跟穩哥展開調查,Say,タイミン･ソウ,19,契約後はすぐ契約金が支払われるため、演算力供給を行うまでに支払う手筈になっているのでしょう。,"계약 후에는 바로 계약금이 지급되니까, 연산력 공급을 하기 전까지 지불하는 방식이었겠죠."
16cb18d2a2b26981a5a165feae2e28bb.bundle,跟穩哥展開調查,Say,タイミン･ソウ,20,契約の時に聞かされましたよね？,계약할 때 들으셨잖아요?
16cb18d2a2b26981a5a165feae2e28bb.bundle,跟穩哥展開調查,Say,心の声,1,確かに……,확실히……
16cb18d2a2b26981a5a165feae2e28bb.bundle,跟穩哥展開調查,Branch,#Simple,13,……,……
16cb18d2a2b26981a5a165feae2e28bb.bundle,跟穩哥展開調查,Say,タイミン･ソウ,21,……,……
16cb18d2a2b26981a5a165feae2e28bb.bundle,跟穩哥展開調查,Say,タイミン･ソウ,22,ジェイ。,제이.
16cb18d2a2b26981a5a165feae2e28bb.bundle,跟穩哥展開調查,Say,タイミン･ソウ,23,ばあさんは今回の件をかなり重く見ています。,할머니는 이번 건을 상당히 심각하게 보고 있어요.
16cb18d2a2b26981a5a165feae2e28bb.bundle,跟穩哥展開調查,Say,タイミン･ソウ,24,このままでは健康診断をクリアしていない人が、どんどんセラーに送られる可能性があります。,"이대로면 건강검진을 통과하지 못한 사람이, 계속 셀러로 보내질 가능성이 있어요."
16cb18d2a2b26981a5a165feae2e28bb.bundle,跟穩哥展開調查,Say,タイミン･ソウ,25,そういった人たちは生涯後遺症に苦しみ続けたり、最悪の場合死んでしまう可能性が高いです。,"그런 사람들은 평생 후유증에 시달리거나, 최악의 경우 죽어버릴 가능성이 높아요."
16cb18d2a2b26981a5a165feae2e28bb.bundle,跟穩哥展開調查,Say,タイミン･ソウ,26,今日のトンさんのような事例は絶対に阻止しなくてはなりません。,오늘 통 씨 같은 사례는 반드시 막아야 해요.
16cb18d2a2b26981a5a165feae2e28bb.bundle,跟穩哥展開調查,Branch,#Simple,14,こういったことは、今回が初めてですか？,"이런 일은, 이번이 처음인가요?"
16cb18d2a2b26981a5a165feae2e28bb.bundle,跟穩哥展開調查,Say,タイミン･ソウ,27,僕の知る限りでは初めてですね。,제가 알기로는 처음이에요.
16cb18d2a2b26981a5a165feae2e28bb.bundle,跟穩哥展開調查,Say,タイミン･ソウ,28,なぜそんなことを聞くのですか？,왜 그런 걸 물으세요?
16cb18d2a2b26981a5a165feae2e28bb.bundle,跟穩哥展開調查,Branch,#Simple,15,ここへ面談に来る人の数を考えれば、とても初めてとは思えないからです。,"여기 면담하러 오는 사람 수를 생각하면, 도저히 처음이라고는 생각 안 돼서요."
16cb18d2a2b26981a5a165feae2e28bb.bundle,跟穩哥展開調查,Branch,#Simple,16,聞いてみただけです。,그냥 물어봤습니다.
16cb18d2a2b26981a5a165feae2e28bb.bundle,跟穩哥展開調查,Say,タイミン･ソウ,29,確かに一理ありますが、サイレントの自動選別システムの性能はかなり優れています。,"확실히 일리는 있지만, 사일런트의 자동 선별 시스템 성능은 상당히 뛰어나요."
16cb18d2a2b26981a5a165feae2e28bb.bundle,跟穩哥展開調查,Say,タイミン･ソウ,30,演算サービスを提供している万象は、こういったソフト面に強いのです。,"연산 서비스를 제공하는 완샹은, 이런 소프트웨어 쪽에 강해요."
16cb18d2a2b26981a5a165feae2e28bb.bundle,跟穩哥展開調查,Say,タイミン･ソウ,31,だからシステムの目を掻い潜るのは容易なことではありません。,그러니까 시스템의 눈을 피하는 건 쉬운 일이 아니에요.
16cb18d2a2b26981a5a165feae2e28bb.bundle,跟穩哥展開調查,Say,タイミン･ソウ,32,ですが実際に、今回そのようなことが起きているのも事実……,"근데 실제로, 이번에 그런 일이 일어난 것도 사실이고……"
16cb18d2a2b26981a5a165feae2e28bb.bundle,跟穩哥展開調查,Say,タイミン･ソウ,33,シンカが先程言っていた脆弱性を利用されたのでしょうか……,신카 씨가 아까 말했던 취약점을 이용당한 걸까요……
16cb18d2a2b26981a5a165feae2e28bb.bundle,跟穩哥展開調查,Say,タイミン･ソウ,34,……,……
16cb18d2a2b26981a5a165feae2e28bb.bundle,跟穩哥展開調查,Say,タイミン･ソウ,35,とにかく僕たちの仕事は真実を突き止めることです。,아무튼 저희가 할 일은 진실을 밝혀내는 거예요.
16cb18d2a2b26981a5a165feae2e28bb.bundle,跟穩哥展開調查,Branch,#Simple,17,……,……
16cb18d2a2b26981a5a165feae2e28bb.bundle,跟穩哥展開調查,Say,タイミン･ソウ,36,まずは調査範囲を搾ることが大切です。,우선은 조사 범위를 좁히는 게 중요해요.
16cb18d2a2b26981a5a165feae2e28bb.bundle,跟穩哥展開調查,Say,タイミン･ソウ,37,ですが今のところ、何一つ手がかりはありません。,"근데 지금으로선, 단서가 하나도 없어요."
16cb18d2a2b26981a5a165feae2e28bb.bundle,跟穩哥展開調查,Say,タイミン･ソウ,38,だからあなたの考えを聞きたいのです。,그러니까 당신 생각을 듣고 싶은 거예요.
16cb18d2a2b26981a5a165feae2e28bb.bundle,跟穩哥展開調查,Say,心の声,2,確かシンレイ･トンはあの時、変な行動をしていたな。,"분명 신레이 통은 그때, 이상한 행동을 하고 있었지."
16cb18d2a2b26981a5a165feae2e28bb.bundle,跟穩哥展開調查,Say,心の声,3,彼女は誰かを待っていた。,그녀는 누군가를 기다리고 있었다.
16cb18d2a2b26981a5a165feae2e28bb.bundle,跟穩哥展開調查,Branch,#Simple,18,トンさんは、「友人」が助けてくれたと言っていました。,"통 씨는, '친구'가 도와줬다고 했어요."
16cb18d2a2b26981a5a165feae2e28bb.bundle,跟穩哥展開調查,Say,タイミン･ソウ,39,ということは、彼女は最初から協力者と顔見知りということですね。,"그렇다는 건, 그녀는 처음부터 협력자와 아는 사이였다는 거네요."
16cb18d2a2b26981a5a165feae2e28bb.bundle,跟穩哥展開調查,Say,タイミン･ソウ,40,お金のやり取りだけじゃない……ということですか。,돈거래만 있었던 게 아니다……라는 건가요.
16cb18d2a2b26981a5a165feae2e28bb.bundle,跟穩哥展開調查,Say,タイミン･ソウ,41,これは重要な情報です。社内にシンレイ･トンの知り合いがいれば……,이건 중요한 정보예요. 사내에 신레이 통을 아는 사람이 있다면……
16cb18d2a2b26981a5a165feae2e28bb.bundle,跟穩哥展開調查,Say,タイミン･ソウ,42,かなり疑わしいですね。,꽤 의심스럽네요.
16cb18d2a2b26981a5a165feae2e28bb.bundle,跟穩哥展開調查,Say,タイミン･ソウ,43,では、この方向で調査を進めましょう。,"그럼, 이 방향으로 조사를 진행하죠."
16cb18d2a2b26981a5a165feae2e28bb.bundle,跟穩哥展開調查,Say,タイミン･ソウ,44,他に何かありますか？,다른 거 뭔가 있나요?
16cb18d2a2b26981a5a165feae2e28bb.bundle,跟穩哥展開調查,Branch,#Simple,19,彼女は確か、私ではない面接官を待っていました。,"그녀는 아마, 제가 아닌 면접관을 기다리고 있었어요."
16cb18d2a2b26981a5a165feae2e28bb.bundle,跟穩哥展開調查,Say,タイミン･ソウ,45,本当ですか！？,정말이에요!?
16cb18d2a2b26981a5a165feae2e28bb.bundle,跟穩哥展開調查,Say,タイミン･ソウ,46,それはとても重要な手がかりです！,그거 정말 중요한 단서예요!
16cb18d2a2b26981a5a165feae2e28bb.bundle,跟穩哥展開調查,Say,タイミン･ソウ,47,あの時間帯に面談をしていなかった人を探せばいだけの話です。,그 시간대에 면담을 안 하고 있던 사람을 찾으면 되는 얘기예요.
16cb18d2a2b26981a5a165feae2e28bb.bundle,跟穩哥展開調查,Say,タイミン･ソウ,48,さすがはシェイです！,역시 제이네요!
16cb18d2a2b26981a5a165feae2e28bb.bundle,跟穩哥展開調查,Say,タイミン･ソウ,49,やはりあなたに話を聞いてよかった！,역시 당신한테 얘기 듣길 잘했네요!
16cb18d2a2b26981a5a165feae2e28bb.bundle,跟穩哥展開調查,Say,タイミン･ソウ,50,他に何かありますか？,다른 거 뭔가 있나요?
16cb18d2a2b26981a5a165feae2e28bb.bundle,跟穩哥展開調查,Branch,#Simple,20,いえ、他に手がかりになりそうなことはないですね。,"아뇨, 다른 단서가 될 만한 건 없네요."
16cb18d2a2b26981a5a165feae2e28bb.bundle,跟穩哥展開調查,Say,タイミン･ソウ,51,そうですか。今はなくとも、これから手がかりを探せばいいだけです。,"그런가요. 지금은 없어도, 앞으로 단서를 찾으면 되는 거니까요."
16cb18d2a2b26981a5a165feae2e28bb.bundle,跟穩哥展開調查,Say,タイミン･ソウ,52,そうです！一緒に調査してくれるなら、僕の計画を話さないといけませんね！,"맞아요! 같이 조사해주신다면, 제 계획을 말씀드려야겠네요!"
16cb18d2a2b26981a5a165feae2e28bb.bundle,跟穩哥展開調查,Say,心の声,4,どこな楽しんでいるように見える。,어딘가 즐거워 보인다.
16cb18d2a2b26981a5a165feae2e28bb.bundle,跟穩哥展開調查,Say,タイミン･ソウ,53,いいですか、ジェイ。,"잘 들으세요, 제이."
16cb18d2a2b26981a5a165feae2e28bb.bundle,跟穩哥展開調查,Say,タイミン･ソウ,54,演算力供給に応募する人は、三つの審査をクリアしないと面談までたどり着けません。,"연산력 공급에 응모하는 사람은, 세 가지 심사를 통과하지 않으면 면담까지 갈 수 없어요."
16cb18d2a2b26981a5a165feae2e28bb.bundle,跟穩哥展開調查,Say,タイミン･ソウ,55,僕は、トンさんがどうやってその審査をクリアしたのかを調べたいと思っています。,"저는, 통 씨가 어떻게 그 심사를 통과했는지 조사하고 싶어요."
16cb18d2a2b26981a5a165feae2e28bb.bundle,跟穩哥展開調查,Say,タイミン･ソウ,56,クリアした方法さえわかれば、すぐ犯人を見つけられるはずです。,"통과한 방법만 알면, 바로 범인을 찾을 수 있을 거예요."
16cb18d2a2b26981a5a165feae2e28bb.bundle,跟穩哥展開調查,Branch,#Simple,21,その三つの審査とは？,그 세 가지 심사란요?
16cb18d2a2b26981a5a165feae2e28bb.bundle,跟穩哥展開調查,Say,タイミン･ソウ,57,応募者は応募の際に個人情報を万象に提供します。,응모자는 응모할 때 개인정보를 완샹에 제공해요.
16cb18d2a2b26981a5a165feae2e28bb.bundle,跟穩哥展開調查,Say,タイミン･ソウ,58,それを元に万象の審査システムはネットからその人物に関する情報を集め……,그걸 바탕으로 완샹의 심사 시스템이 인터넷에서 그 인물에 관한 정보를 모아서……
16cb18d2a2b26981a5a165feae2e28bb.bundle,跟穩哥展開調查,Say,タイミン･ソウ,59,政府に登録されている犯罪歴、家族構成、戸籍などと照らし合わせます。,"정부에 등록된 범죄 이력, 가족 구성, 호적 등과 대조합니다."
16cb18d2a2b26981a5a165feae2e28bb.bundle,跟穩哥展開調查,Branch,#Simple,22,政府は万象に個人情報を開示しているんですか？,정부가 완샹한테 개인정보를 공개하는 거예요?
16cb18d2a2b26981a5a165feae2e28bb.bundle,跟穩哥展開調查,Say,タイミン･ソウ,60,ジェイは万象のような大きな企業に勤めたことがないから、知らないでしょうが……,"제이는 완샹 같은 큰 기업에서 일해본 적이 없으니까, 모르시겠지만……"
16cb18d2a2b26981a5a165feae2e28bb.bundle,跟穩哥展開調查,Say,タイミン･ソウ,61,基本、政府は大企業に市民の個人情報を開示しているのです。,"기본적으로, 정부는 대기업에 시민의 개인정보를 공개하고 있어요."
16cb18d2a2b26981a5a165feae2e28bb.bundle,跟穩哥展開調查,Say,タイミン･ソウ,62,そういった企業はこの国の支柱となるサービスや資源を担っているため、政府も開示せざるを得ないのです。,"그런 기업들은 이 나라의 기둥이 되는 서비스나 자원을 맡고 있기 때문에, 정부도 공개할 수밖에 없는 거예요."
16cb18d2a2b26981a5a165feae2e28bb.bundle,跟穩哥展開調查,Say,タイミン･ソウ,63,ですが現在は、政府が企業に個人情報を請求することの方が多くなっています。,"근데 요즘은, 오히려 정부가 기업한테 개인정보를 요청하는 쪽이 더 많아지고 있어요."
16cb18d2a2b26981a5a165feae2e28bb.bundle,跟穩哥展開調查,Branch,#Simple,23,……,……
16cb18d2a2b26981a5a165feae2e28bb.bundle,跟穩哥展開調查,Say,タイミン･ソウ,64,これが一つ目の審査です。,이게 첫 번째 심사예요.
16cb18d2a2b26981a5a165feae2e28bb.bundle,跟穩哥展開調查,Say,タイミン･ソウ,65,二つ目は健康診断です。応募者は万象が指定した病院で健康診断を受けなくてはなりません。,두 번째는 건강검진이에요. 응모자는 완샹이 지정한 병원에서 건강검진을 받아야 해요.
16cb18d2a2b26981a5a165feae2e28bb.bundle,跟穩哥展開調查,Say,タイミン･ソウ,66,サイレントはその結果から、その人物に供給に耐えられる健康状態か判断します。,"사일런트는 그 결과로, 그 사람이 공급을 견딜 수 있는 건강 상태인지 판단해요."
16cb18d2a2b26981a5a165feae2e28bb.bundle,跟穩哥展開調查,Say,タイミン･ソウ,67,三つ目はチーフ、マネージャー秘書、マネージャーによる書面審査です。,"세 번째는 팀장, 매니저 비서, 매니저에 의한 서면 심사예요."
16cb18d2a2b26981a5a165feae2e28bb.bundle,跟穩哥展開調查,Branch,#Simple,24,かなりの数の応募者をすべて審査できるんですか？,그 많은 응모자를 전부 심사할 수 있는 거예요?
16cb18d2a2b26981a5a165feae2e28bb.bundle,跟穩哥展開調查,Say,タイミン･ソウ,68,面倒ですし、マネージャーが審査することはほとんどありませんね。,"귀찮으니까, 매니저가 심사하는 일은 거의 없어요."
16cb18d2a2b26981a5a165feae2e28bb.bundle,跟穩哥展開調查,Say,タイミン･ソウ,69,チーフも時折、審査する程度です。,"팀장도 가끔, 심사하는 정도예요."
16cb18d2a2b26981a5a165feae2e28bb.bundle,跟穩哥展開調查,Say,タイミン･ソウ,70,イーちゃんも最近は自分で審査してないですし。,이짱도 요즘은 직접 심사 안 하고 있고요.
16cb18d2a2b26981a5a165feae2e28bb.bundle,跟穩哥展開調查,Branch,#Simple,25,彼は忙しいですから。,그는 바쁘니까요.
16cb18d2a2b26981a5a165feae2e28bb.bundle,跟穩哥展開調查,Say,タイミン･ソウ,71,はい。,네.
16cb18d2a2b26981a5a165feae2e28bb.bundle,跟穩哥展開調查,Branch,#Simple,26,彼は誰かに任せているのですか？,그는 누군가한테 맡기고 있는 거예요?
16cb18d2a2b26981a5a165feae2e28bb.bundle,跟穩哥展開調查,Say,タイミン･ソウ,72,どうでしょうね。後で聞いてみましょう。,글쎄요. 나중에 물어보죠.
16cb18d2a2b26981a5a165feae2e28bb.bundle,跟穩哥展開調查,Branch,#Simple,27,……,……
16cb18d2a2b26981a5a165feae2e28bb.bundle,跟穩哥展開調查,Branch,#Simple,28,……,……
16cb18d2a2b26981a5a165feae2e28bb.bundle,跟穩哥展開調查,Say,タイミン･ソウ,73,二つ目まではサイレントが審査を行っているため、審査を誤る可能性は極めて低い……,"두 번째까지는 사일런트가 심사를 하니까, 심사를 잘못할 가능성은 극히 낮아요……"
16cb18d2a2b26981a5a165feae2e28bb.bundle,跟穩哥展開調查,Branch,#Simple,29,低いってことは、ゼロではないんですね？,"낮다는 건, 제로는 아니라는 거네요?"
16cb18d2a2b26981a5a165feae2e28bb.bundle,跟穩哥展開調查,Branch,#Simple,30,……,……
16cb18d2a2b26981a5a165feae2e28bb.bundle,跟穩哥展開調查,Say,タイミン･ソウ,74,誰かが情報を書き換えたことで、審査が通ってしまった可能性もありますが……,"누군가 정보를 고쳐 써서, 심사가 통과돼버렸을 가능성도 있지만……"
16cb18d2a2b26981a5a165feae2e28bb.bundle,跟穩哥展開調查,Say,タイミン･ソウ,75,応募者の情報は何度も確認を重ねるのでそんなことには……,응모자 정보는 여러 번 확인을 거치니까 그런 일은……
16cb18d2a2b26981a5a165feae2e28bb.bundle,跟穩哥展開調查,Say,タイミン･ソウ,76,……,……
16cb18d2a2b26981a5a165feae2e28bb.bundle,跟穩哥展開調查,Say,タイミン･ソウ,77,まさか複数犯……？,설마 공범……?
16cb18d2a2b26981a5a165feae2e28bb.bundle,跟穩哥展開調查,Say,タイミン･ソウ,78,とにかく、まずは手がかりを集めましょう。,"아무튼, 우선은 단서를 모으죠."
16cb18d2a2b26981a5a165feae2e28bb.bundle,跟穩哥展開調查,Branch,#Simple,31,……,……
16cb18d2a2b26981a5a165feae2e28bb.bundle,跟穩哥展開調查,Say,タイミン･ソウ,79,急いで調査に取りかかりましょう。,서둘러서 조사에 착수하죠.
16cb18d2a2b26981a5a165feae2e28bb.bundle,跟穩哥展開調查,Say,タイミン･ソウ,80,僕は最初の審査記録を調べます。,저는 첫 번째 심사 기록을 조사할게요.
16cb18d2a2b26981a5a165feae2e28bb.bundle,跟穩哥展開調查,Say,タイミン･ソウ,81,ジェイには健康診断を任せます。ジーンに頼めば閲覧権限をくれるはずです。,제이한테는 건강검진을 맡길게요. 진한테 부탁하면 열람 권한을 줄 거예요.
16cb18d2a2b26981a5a165feae2e28bb.bundle,跟穩哥展開調查,Say,タイミン･ソウ,82,供給者の安全のために確認したいと言えば、スムーズに見せてくれると思います。,"공급자의 안전을 위해서 확인하고 싶다고 하면, 순순히 보여줄 거예요."
16cb18d2a2b26981a5a165feae2e28bb.bundle,跟穩哥展開調查,Say,タイミン･ソウ,83,ですが僕たちの調査については、けして言わないでくださいね。,"근데 저희 조사에 대해서는, 절대 말하지 말아주세요."
16cb18d2a2b26981a5a165feae2e28bb.bundle,跟穩哥展開調查,Say,タイミン･ソウ,84,それでは、よろしくお願いします。,"그럼, 잘 부탁드립니다."
16cb18d2a2b26981a5a165feae2e28bb.bundle,跟穩哥展開調查,Branch,#Simple,32,任せてください。,맡겨주세요.
16cb18d2a2b26981a5a165feae2e28bb.bundle,跟穩哥展開調查,Say,タイミン･ソウ,85,ハハ、頼もしいですね。,"하하, 든든하네요."
16cb18d2a2b26981a5a165feae2e28bb.bundle,跟穩哥展開調查,Say,タイミン･ソウ,86,健康診断の記録はとても重要ですから頑張ってください。,건강검진 기록은 정말 중요하니까 힘내주세요.
16cb18d2a2b26981a5a165feae2e28bb.bundle,跟穩哥展開調查,Branch,#Simple,33,なんだかプレッシャーに感じますね。,왠지 부담이 느껴지네요.
16cb18d2a2b26981a5a165feae2e28bb.bundle,跟穩哥展開調查,Say,タイミン･ソウ,87,ハハ、すみません。,"하하, 죄송해요."
16cb18d2a2b26981a5a165feae2e28bb.bundle,跟穩哥展開調查,Branch,#Simple,34,……,……
16cb18d2a2b26981a5a165feae2e28bb.bundle,跟穩哥展開調查,Branch,#Simple,35,私には荷が重そうなのでやめておきます。,저한테는 부담이 클 것 같으니 관두겠습니다.
16cb18d2a2b26981a5a165feae2e28bb.bundle,跟穩哥展開調查,Say,タイミン･ソウ,88,そんな！,그런!
16cb18d2a2b26981a5a165feae2e28bb.bundle,跟穩哥展開調查,Say,タイミン･ソウ,89,ジェイならきっと大丈夫ですよ。,제이라면 분명 괜찮을 거예요.
16cb18d2a2b26981a5a165feae2e28bb.bundle,跟穩哥展開調查,Say,タイミン･ソウ,90,僕はジェイを信じています！,저는 제이를 믿어요!
16cb18d2a2b26981a5a165feae2e28bb.bundle,跟穩哥展開調查,Say,タイミン･ソウ,91,健康診断の記録はとても重要ですから頑張ってください。,건강검진 기록은 정말 중요하니까 힘내주세요.
16cb18d2a2b26981a5a165feae2e28bb.bundle,跟穩哥展開調查,Say,イエホン･キュウ,0,そこで何の話をしてるんだ？,거기서 무슨 얘기하고 있는 거야?
16cb18d2a2b26981a5a165feae2e28bb.bundle,跟穩哥展開調查,Say,イエホン･キュウ,1,僕が不在なのに、ずいぶん楽しそうに話してるじゃないか！,"내가 없는데도, 되게 즐겁게 얘기하고 있잖아!"
16cb18d2a2b26981a5a165feae2e28bb.bundle,跟穩哥展開調查,Say,タイミン･ソウ,92,お前がいないから楽しく話せてたの間違いだろ。,네가 없어서 즐겁게 얘기할 수 있었던 거겠지.
16cb18d2a2b26981a5a165feae2e28bb.bundle,跟穩哥展開調查,Say,イエホン･キュウ,2,ちょっとヤキモチ妬いちゃうな。,좀 질투 나는데.
16cb18d2a2b26981a5a165feae2e28bb.bundle,跟穩哥展開調查,Say,イエホン･キュウ,3,ジェイはそれなりにイケメンだけど、僕の親友を奪うのはいただけないな。,"제이는 그럭저럭 잘생겼지만, 내 절친을 빼앗아가는 건 곤란한데."
16cb18d2a2b26981a5a165feae2e28bb.bundle,跟穩哥展開調查,Branch,#Simple,36,タイミンは私との方が気が合うみたいです。,타이밍은 저랑 더 잘 맞는 것 같아요.
16cb18d2a2b26981a5a165feae2e28bb.bundle,跟穩哥展開調查,Branch,#Simple,37,捨てられてしまいましたね。,버려지고 말았네요.
16cb18d2a2b26981a5a165feae2e28bb.bundle,跟穩哥展開調查,Say,イエホン･キュウ,4,こ、こいつ！？,"이, 이 자식이!?"
16cb18d2a2b26981a5a165feae2e28bb.bundle,跟穩哥展開調查,Say,イエホン･キュウ,5,せ、戦争だ、戦争だ！,"저, 전쟁이다, 전쟁!"
16cb18d2a2b26981a5a165feae2e28bb.bundle,跟穩哥展開調查,Say,タイミン･ソウ,93,僕は関係ないので巻き込まないでよ。,나는 상관없으니까 끌어들이지 마.
16cb18d2a2b26981a5a165feae2e28bb.bundle,跟穩哥展開調查,Say,イエホン･キュウ,6,そうかい、そうかい！そんなにジェイがいいなら……,"그래, 그래! 그렇게 제이가 좋으면……"
16cb18d2a2b26981a5a165feae2e28bb.bundle,跟穩哥展開調查,Say,イエホン･キュウ,7,タイミンなんてくれてやる！,타이밍 같은 거 줘버리겠어!
16cb18d2a2b26981a5a165feae2e28bb.bundle,跟穩哥展開調查,Say,イエホン･キュウ,8,男は別れ際も潔く退場するに限る。それに僕には仕事があるんだ！,남자는 헤어질 때도 깔끔하게 퇴장하는 게 최고지. 게다가 나는 할 일이 있고!
16cb18d2a2b26981a5a165feae2e28bb.bundle,跟穩哥展開調查,Branch,#Simple,38,いや、もう話は終わったので結構です。,"아뇨, 이미 얘기 끝났으니까 괜찮습니다."
16cb18d2a2b26981a5a165feae2e28bb.bundle,跟穩哥展開調查,Say,イエホン･キュウ,9,あ……そ、そう……,"아……그, 그래……"
16cb18d2a2b26981a5a165feae2e28bb.bundle,跟穩哥展開調查,Say,イエホン･キュウ,10,あのさ、ジェイ。もうちょっと僕のユーモアに乗ってもいいんじゃない？,"있잖아, 제이. 좀 더 내 유머에 맞장구쳐줘도 되잖아?"
16cb18d2a2b26981a5a165feae2e28bb.bundle,跟穩哥展開調查,Say,タイミン･ソウ,94,ないものに乗れる訳ないだろ。それより仕事は大丈夫なのか？,없는 걸 어떻게 맞장구쳐. 그보다 일은 괜찮은 거냐?
16cb18d2a2b26981a5a165feae2e28bb.bundle,跟穩哥展開調查,Say,イエホン･キュウ,11,うぐぐ……この面白さが理解されないのはつらい。,으윽……이 재미를 이해 못 받는 게 괴롭다.
16cb18d2a2b26981a5a165feae2e28bb.bundle,跟穩哥展開調查,Say,タイミン･ソウ,95,ただのアホだ。,그냥 바보다.
16cb18d2a2b26981a5a165feae2e28bb.bundle,去跟葉慈恩要健檢資料,Branch,#Simple,0,大変だったみたいですね。,힘드셨겠네요.
16cb18d2a2b26981a5a165feae2e28bb.bundle,去跟葉慈恩要健檢資料,Say,ジーン･ヨウ,0,チーフとマネージャーの方がずっと大変よ……,팀장님이랑 매니저님이 훨씬 힘들지……
16cb18d2a2b26981a5a165feae2e28bb.bundle,去跟葉慈恩要健檢資料,Say,ジーン･ヨウ,1,まだ警察の尋問を受けてるみたい。,아직 경찰 조사받고 있는 것 같아.
16cb18d2a2b26981a5a165feae2e28bb.bundle,去跟葉慈恩要健檢資料,Say,ジーン･ヨウ,2,それに二人は明日、殺された社員の家族に会うみたいよ。,"게다가 두 분은 내일, 살해당한 직원 가족을 만난다고 하더라."
16cb18d2a2b26981a5a165feae2e28bb.bundle,去跟葉慈恩要健檢資料,Branch,#Simple,1,それは会社の規定ですか？,그게 회사 규정이에요?
16cb18d2a2b26981a5a165feae2e28bb.bundle,去跟葉慈恩要健檢資料,Say,ジーン･ヨウ,3,いえ、二人が決めたみたい。,"아니, 두 분이 정한 것 같아."
16cb18d2a2b26981a5a165feae2e28bb.bundle,去跟葉慈恩要健檢資料,Branch,#Simple,2,……,……
16cb18d2a2b26981a5a165feae2e28bb.bundle,去跟葉慈恩要健檢資料,Say,ジーン･ヨウ,4,まあ、それはさておき。,"뭐, 그건 그렇다 치고."
16cb18d2a2b26981a5a165feae2e28bb.bundle,去跟葉慈恩要健檢資料,Say,ジーン･ヨウ,5,私に何か用？,나한테 뭔 볼일이야?
16cb18d2a2b26981a5a165feae2e28bb.bundle,去跟葉慈恩要健檢資料,Branch,#Simple,3,供給者の健康診断の結果を見たくて。,공급자 건강검진 결과를 보고 싶어서요.
16cb18d2a2b26981a5a165feae2e28bb.bundle,去跟葉慈恩要健檢資料,Branch,#Simple,4,特にありません。,딱히 없습니다.
16cb18d2a2b26981a5a165feae2e28bb.bundle,去跟葉慈恩要健檢資料,Say,ジーン･ヨウ,6,そう。,그래.
16cb18d2a2b26981a5a165feae2e28bb.bundle,去跟葉慈恩要健檢資料,Branch,#Simple,5,実は供給者の健康診断の結果を見たいんです。,실은 공급자 건강검진 결과를 보고 싶습니다.
16cb18d2a2b26981a5a165feae2e28bb.bundle,去跟葉慈恩要健檢資料,Branch,#Simple,6,……,……
16cb18d2a2b26981a5a165feae2e28bb.bundle,去跟葉慈恩要健檢資料,Say,ジーン･ヨウ,7,え？どうして？,어? 왜?
16cb18d2a2b26981a5a165feae2e28bb.bundle,去跟葉慈恩要健檢資料,Say,心の声,0,本当のことは言わない約束だ……,진짜 이유는 말 안 하기로 약속했다……
16cb18d2a2b26981a5a165feae2e28bb.bundle,去跟葉慈恩要健檢資料,Branch,#Simple,7,今タイミンとともに調査をしているんです。,지금 타이밍이랑 같이 조사하고 있어요.
16cb18d2a2b26981a5a165feae2e28bb.bundle,去跟葉慈恩要健檢資料,Say,心の声,1,俺は何を！？,나 지금 뭐라고!?
16cb18d2a2b26981a5a165feae2e28bb.bundle,去跟葉慈恩要健檢資料,Say,心の声,2,彼女に言わない約束だったのに！,그녀한테 말 안 하기로 약속했는데!
16cb18d2a2b26981a5a165feae2e28bb.bundle,去跟葉慈恩要健檢資料,Say,ジーン･ヨウ,8,え？どんな調査？,어? 무슨 조사?
16cb18d2a2b26981a5a165feae2e28bb.bundle,去跟葉慈恩要健檢資料,Branch,#Simple,8,すみません、それは言えません。,"죄송하지만, 그건 말할 수 없어요."
16cb18d2a2b26981a5a165feae2e28bb.bundle,去跟葉慈恩要健檢資料,Say,ジーン･ヨウ,9,ふーん。,흐음.
16cb18d2a2b26981a5a165feae2e28bb.bundle,去跟葉慈恩要健檢資料,Say,ジーン･ヨウ,10,……,……
16cb18d2a2b26981a5a165feae2e28bb.bundle,去跟葉慈恩要健檢資料,Say,心の声,3,怪しく思われたか……,수상하게 여겨졌나……
16cb18d2a2b26981a5a165feae2e28bb.bundle,去跟葉慈恩要健檢資料,Say,ジーン･ヨウ,11,ジェイ、まさか……,"제이, 설마……"
16cb18d2a2b26981a5a165feae2e28bb.bundle,去跟葉慈恩要健檢資料,Say,ジーン･ヨウ,12,シンレイ･トンのことを調べているの？,신레이 통을 조사하고 있는 거야?
16cb18d2a2b26981a5a165feae2e28bb.bundle,去跟葉慈恩要健檢資料,Say,心の声,4,どうしてわかったんだ……！？,어떻게 안 거지……!?
16cb18d2a2b26981a5a165feae2e28bb.bundle,去跟葉慈恩要健檢資料,Branch,#Simple,9,どうしてわかったんですか？,어떻게 아셨어요?
16cb18d2a2b26981a5a165feae2e28bb.bundle,去跟葉慈恩要健檢資料,Say,ジーン･ヨウ,13,ちょっと考えればわかることよ。マネージャーもこの件を調査するだろうし。,조금만 생각하면 알 수 있는 거야. 매니저도 이 건을 조사할 테니까.
16cb18d2a2b26981a5a165feae2e28bb.bundle,去跟葉慈恩要健檢資料,Branch,#Simple,10,そうです。,맞아요.
16cb18d2a2b26981a5a165feae2e28bb.bundle,去跟葉慈恩要健檢資料,Branch,#Simple,11,違います。,아닙니다.
16cb18d2a2b26981a5a165feae2e28bb.bundle,去跟葉慈恩要健檢資料,Say,ジーン･ヨウ,14,……そう。,……그래.
16cb18d2a2b26981a5a165feae2e28bb.bundle,去跟葉慈恩要健檢資料,Say,ジーン･ヨウ,15,じゃ、何の調査なの？,"그럼, 무슨 조사인데?"
16cb18d2a2b26981a5a165feae2e28bb.bundle,去跟葉慈恩要健檢資料,Branch,#Simple,12,すみません、それは言えません。,"죄송하지만, 그건 말할 수 없어요."
16cb18d2a2b26981a5a165feae2e28bb.bundle,去跟葉慈恩要健檢資料,Branch,#Simple,13,健康診断に不正がないか調べたいんです。,건강검진에 부정이 없는지 조사하고 싶어요.
16cb18d2a2b26981a5a165feae2e28bb.bundle,去跟葉慈恩要健檢資料,Say,ジーン･ヨウ,16,そう。,그래.
16cb18d2a2b26981a5a165feae2e28bb.bundle,去跟葉慈恩要健檢資料,Say,ジーン･ヨウ,17,……,……
16cb18d2a2b26981a5a165feae2e28bb.bundle,去跟葉慈恩要健檢資料,Say,心の声,5,かなりこちらを疑っているようだ……,상당히 이쪽을 의심하고 있는 것 같다……
16cb18d2a2b26981a5a165feae2e28bb.bundle,去跟葉慈恩要健檢資料,Say,ジーン･ヨウ,18,まあ、仕事に関係のある調査なら権限をあげてもいいわ。,"뭐, 업무 관련 조사라면 권한을 줘도 되지."
16cb18d2a2b26981a5a165feae2e28bb.bundle,去跟葉慈恩要健檢資料,Say,ジーン･ヨウ,19,……,……
16cb18d2a2b26981a5a165feae2e28bb.bundle,去跟葉慈恩要健檢資料,Say,ジーン･ヨウ,20,はい、あなたの席でも見れるようにしといたわ。,"자, 네 자리에서도 볼 수 있게 해뒀어."
16cb18d2a2b26981a5a165feae2e28bb.bundle,去跟葉慈恩要健檢資料,Branch,#Simple,14,審査を不正にパスさせている人を調べています。,심사를 부정으로 통과시킨 사람을 조사하고 있습니다.
16cb18d2a2b26981a5a165feae2e28bb.bundle,去跟葉慈恩要健檢資料,Say,心の声,6,すでに調査のことはバレわけだし、言っても問題ないはずだ……,"이미 조사하고 있다는 건 들켰으니까, 말해도 문제없겠지……"
16cb18d2a2b26981a5a165feae2e28bb.bundle,去跟葉慈恩要健檢資料,Say,ジーン･ヨウ,21,……,……
16cb18d2a2b26981a5a165feae2e28bb.bundle,去跟葉慈恩要健檢資料,Say,ジーン･ヨウ,22,よかった。,다행이다.
16cb18d2a2b26981a5a165feae2e28bb.bundle,去跟葉慈恩要健檢資料,Say,心の声,7,よかった？,다행이라고?
16cb18d2a2b26981a5a165feae2e28bb.bundle,去跟葉慈恩要健檢資料,Say,ジーン･ヨウ,23,マネージャーはこの件を黙認すると思ってたから。,매니저는 이 건을 묵인할 거라고 생각했으니까.
16cb18d2a2b26981a5a165feae2e28bb.bundle,去跟葉慈恩要健檢資料,Say,ジーン･ヨウ,24,マネージャーという立場にありながら、この件を調査させなかったらマネージャー失格よ。,"매니저라는 입장에 있으면서, 이 건을 조사 못 하게 하면 매니저 실격이지."
16cb18d2a2b26981a5a165feae2e28bb.bundle,去跟葉慈恩要健檢資料,Say,心の声,8,……,……
16cb18d2a2b26981a5a165feae2e28bb.bundle,去跟葉慈恩要健檢資料,Say,心の声,9,手厳しいな……,매섭구나……
16cb18d2a2b26981a5a165feae2e28bb.bundle,去跟葉慈恩要健檢資料,Say,ジーン･ヨウ,25,サイレントでこんなことが起きてるなんて私、許せないのよ。,"사일런트에서 이런 일이 일어나다니 나는, 용서가 안 돼."
16cb18d2a2b26981a5a165feae2e28bb.bundle,去跟葉慈恩要健檢資料,Say,ジーン･ヨウ,26,もし不正にパスした供給者がブレマイ中に怪我をしたら、どうするつもりなのかしら。,"만약 부정으로 통과한 공급자가 블레마이 중에 다치면, 어떻게 할 셈일까."
16cb18d2a2b26981a5a165feae2e28bb.bundle,去跟葉慈恩要健檢資料,Say,ジーン･ヨウ,27,そうなったら、今日の悲劇がまた繰り返されるかもしれないわ。,"그렇게 되면, 오늘의 비극이 또 반복될지도 몰라."
16cb18d2a2b26981a5a165feae2e28bb.bundle,去跟葉慈恩要健檢資料,Say,ジーン･ヨウ,28,健康診断の閲覧権限を与えておくね。それと私も調査に加わるって、タイミンに言っておくから。,"건강검진 열람 권한 줘둘게. 그리고 나도 조사에 참가한다고, 타이밍한테 말해둘 테니까."
16cb18d2a2b26981a5a165feae2e28bb.bundle,去跟葉慈恩要健檢資料,Say,ジーン･ヨウ,29,自分の席で調べていいわよ。,네 자리에서 조사해도 돼.
16cb18d2a2b26981a5a165feae2e28bb.bundle,去跟葉慈恩要健檢資料,Branch,#Simple,15,この仕事について学ぼうと思いまして。,이 일에 대해 배우고 싶어서요.
16cb18d2a2b26981a5a165feae2e28bb.bundle,去跟葉慈恩要健檢資料,Say,ジーン･ヨウ,30,供給者の健康診断について？,공급자 건강검진에 대해서?
16cb18d2a2b26981a5a165feae2e28bb.bundle,去跟葉慈恩要健檢資料,Say,ジーン･ヨウ,31,それならテンプレートを確認した方がわかりやすいと思うわよ？,그럼 템플릿을 확인하는 게 알기 쉬울 것 같은데?
16cb18d2a2b26981a5a165feae2e28bb.bundle,去跟葉慈恩要健檢資料,Branch,#Simple,16,今日の面談者の健康診断がいいんです。,오늘 면담자 건강검진이 좋아서요.
16cb18d2a2b26981a5a165feae2e28bb.bundle,去跟葉慈恩要健檢資料,Branch,#Simple,17,そうじゃなくて、今日の面談者の健康診断が見たいんです。,"그게 아니라, 오늘 면담자 건강검진을 보고 싶어요."
16cb18d2a2b26981a5a165feae2e28bb.bundle,去跟葉慈恩要健檢資料,Say,ジーン･ヨウ,32,どうして？,왜?
16cb18d2a2b26981a5a165feae2e28bb.bundle,去跟葉慈恩要健檢資料,Branch,#Simple,18,テンプレートではなく実際に診断書から学びたいからです。,템플릿이 아니라 실제 진단서로 배우고 싶어서요.
16cb18d2a2b26981a5a165feae2e28bb.bundle,去跟葉慈恩要健檢資料,Say,ジーン･ヨウ,33,でもジェイはまだ正式に入社したわけじゃないよね？,근데 제이는 아직 정식으로 입사한 게 아니잖아?
16cb18d2a2b26981a5a165feae2e28bb.bundle,去跟葉慈恩要健檢資料,Say,ジーン･ヨウ,34,権限は与えられないわ。,권한은 못 줘.
16cb18d2a2b26981a5a165feae2e28bb.bundle,去跟葉慈恩要健檢資料,Branch,#Simple,19,実はタイミンと調査をしているんです。,실은 타이밍이랑 조사하고 있어요.
16cb18d2a2b26981a5a165feae2e28bb.bundle,去跟葉慈恩要健檢資料,Branch,#Simple,20,私が面談した人の診断書だけが見たいんです。それなら構いませんよね？,제가 면담한 사람 진단서만 보고 싶어요. 그럼 괜찮겠죠?
16cb18d2a2b26981a5a165feae2e28bb.bundle,去跟葉慈恩要健檢資料,Say,ジーン･ヨウ,35,ちょっと必死すぎない？,좀 너무 필사적인 거 아냐?
16cb18d2a2b26981a5a165feae2e28bb.bundle,去跟葉慈恩要健檢資料,Say,心の声,10,しまった。疑われたか……,아차. 의심받았나……
16cb18d2a2b26981a5a165feae2e28bb.bundle,去跟葉慈恩要健檢資料,Branch,#Simple,21,実はタイミンと調査をしているんです。,실은 타이밍이랑 조사하고 있어요.
16cb18d2a2b26981a5a165feae2e28bb.bundle,去跟葉慈恩要健檢資料,Branch,#Simple,22,どうしても、この仕事を手にしたいんです。,"아무래도, 이 일을 꼭 하고 싶어서요."
16cb18d2a2b26981a5a165feae2e28bb.bundle,去跟葉慈恩要健檢資料,Say,ジーン･ヨウ,36,そう……,그래……
16cb18d2a2b26981a5a165feae2e28bb.bundle,去跟葉慈恩要健檢資料,Say,心の声,11,全く信じてない反応だ……,전혀 안 믿는 반응이다……
16cb18d2a2b26981a5a165feae2e28bb.bundle,去跟葉慈恩要健檢資料,Say,ジーン･ヨウ,37,わかった。権限を与えるわ。,알았어. 권한 줄게.
16cb18d2a2b26981a5a165feae2e28bb.bundle,去跟葉慈恩要健檢資料,Say,ジーン･ヨウ,38,自分の席のパソコンから見れるはずよ。,네 자리 컴퓨터에서 볼 수 있을 거야.
16cb18d2a2b26981a5a165feae2e28bb.bundle,去跟葉慈恩要健檢資料,Branch,#Simple,23,ありがとうございます。,감사합니다.
16cb18d2a2b26981a5a165feae2e28bb.bundle,去跟葉慈恩要健檢資料,Say,ジーン･ヨウ,39,……,……
16cb18d2a2b26981a5a165feae2e28bb.bundle,去跟葉慈恩要健檢資料,Branch,#Simple,24,……,……
16cb18d2a2b26981a5a165feae2e28bb.bundle,去跟葉慈恩要健檢資料,Say,ジーン･ヨウ,40,ねえ。,있잖아.
16cb18d2a2b26981a5a165feae2e28bb.bundle,去跟葉慈恩要健檢資料,Say,ジーン･ヨウ,41,タイミンと何を企んでいるの？,타이밍이랑 뭘 꾸미고 있는 거야?
16cb18d2a2b26981a5a165feae2e28bb.bundle,去跟葉慈恩要健檢資料,Say,ジーン･ヨウ,42,さっき何を話してたのよ。,아까 무슨 얘기 했어?
16cb18d2a2b26981a5a165feae2e28bb.bundle,去跟葉慈恩要健檢資料,Branch,#Simple,25,ただの雑談です。,그냥 잡담입니다.
16cb18d2a2b26981a5a165feae2e28bb.bundle,去跟葉慈恩要健檢資料,Say,ジーン･ヨウ,43,……あっそ。,……그러셔.
16cb18d2a2b26981a5a165feae2e28bb.bundle,去跟葉慈恩要健檢資料,Say,ジーン･ヨウ,44,じゃ、もう行っていいわ。,"그럼, 이제 가도 돼."
16cb18d2a2b26981a5a165feae2e28bb.bundle,去跟葉慈恩要健檢資料,Branch,#Simple,26,実はタイミンと調査をしているんです。,실은 타이밍이랑 조사하고 있어요.
16cb18d2a2b26981a5a165feae2e28bb.bundle,去跟葉慈恩要健檢資料,Branch,#Simple,27,今日契約する人の健康状態を確認したくて。,오늘 계약할 사람 건강 상태를 확인하고 싶어서요.
16cb18d2a2b26981a5a165feae2e28bb.bundle,去跟葉慈恩要健檢資料,Branch,#Simple,28,契約する人がブレマイに耐えられる健康状態か確認したいんです。,계약할 사람이 블레마이를 견딜 수 있는 건강 상태인지 확인하고 싶어요.
16cb18d2a2b26981a5a165feae2e28bb.bundle,去跟葉慈恩要健檢資料,Say,ジーン･ヨウ,45,あら、意外と責任感があるのね。,"어머, 의외로 책임감이 있네."
16cb18d2a2b26981a5a165feae2e28bb.bundle,去跟葉慈恩要健檢資料,Say,ジーン･ヨウ,46,素晴らしい姿勢ね。,훌륭한 자세네.
16cb18d2a2b26981a5a165feae2e28bb.bundle,去跟葉慈恩要健檢資料,Say,ジーン･ヨウ,47,……,……
16cb18d2a2b26981a5a165feae2e28bb.bundle,去跟葉慈恩要健檢資料,Say,ジーン･ヨウ,48,権限を与えといたわ。,권한 줘뒀어.
16cb18d2a2b26981a5a165feae2e28bb.bundle,去跟葉慈恩要健檢資料,Say,ジーン･ヨウ,49,自分の席から健康診断の確認ができるはずよ。,네 자리에서 건강검진 확인할 수 있을 거야.
16cb18d2a2b26981a5a165feae2e28bb.bundle,去跟葉慈恩要健檢資料,Branch,#Simple,29,ありがとうございます。,감사합니다.
16cb18d2a2b26981a5a165feae2e28bb.bundle,去跟葉慈恩要健檢資料,Say,ジーン･ヨウ,50,頑張ってね。,힘내.
16cb18d2a2b26981a5a165feae2e28bb.bundle,去跟葉慈恩要健檢資料,Branch,#Simple,30,……,……
16cb18d2a2b26981a5a165feae2e28bb.bundle,去跟葉慈恩要健檢資料,Say,ジーン･ヨウ,51,ところで何で今頃、資料をもらいに来たの？,"근데 왜 이제 와서, 자료 받으러 온 거야?"
16cb18d2a2b26981a5a165feae2e28bb.bundle,去跟葉慈恩要健檢資料,Say,ジーン･ヨウ,52,面談する前に確認すればよかったのに……,면담하기 전에 확인했으면 됐을 텐데……
16cb18d2a2b26981a5a165feae2e28bb.bundle,去跟葉慈恩要健檢資料,Say,ジーン･ヨウ,53,何で今更？,왜 이제 와서?
16cb18d2a2b26981a5a165feae2e28bb.bundle,去跟葉慈恩要健檢資料,Branch,#Simple,31,特に理由はありません。,딱히 이유는 없습니다.
16cb18d2a2b26981a5a165feae2e28bb.bundle,去跟葉慈恩要健檢資料,Say,ジーン･ヨウ,54,……,……
16cb18d2a2b26981a5a165feae2e28bb.bundle,去跟葉慈恩要健檢資料,Say,ジーン･ヨウ,55,そう……,그래……
16cb18d2a2b26981a5a165feae2e28bb.bundle,去跟葉慈恩要健檢資料,Say,心の声,12,もしかして疑っているのか……？,혹시 의심하고 있는 건가……?
16cb18d2a2b26981a5a165feae2e28bb.bundle,去跟葉慈恩要健檢資料,Branch,#Simple,32,どうかしましたか？,무슨 일 있으세요?
16cb18d2a2b26981a5a165feae2e28bb.bundle,去跟葉慈恩要健檢資料,Say,ジーン･ヨウ,56,あ、何もないの！,"아, 아무것도 아니야!"
16cb18d2a2b26981a5a165feae2e28bb.bundle,去跟葉慈恩要健檢資料,Say,ジーン･ヨウ,57,ちょっと考え事をしてただけ。,그냥 잠깐 딴생각하고 있었어.
16cb18d2a2b26981a5a165feae2e28bb.bundle,去跟葉慈恩要健檢資料,Branch,#Simple,33,……,……
16cb18d2a2b26981a5a165feae2e28bb.bundle,去跟葉慈恩要健檢資料,Say,ジーン･ヨウ,58,もう戻っていいわよ。,이제 돌아가도 돼.
16cb18d2a2b26981a5a165feae2e28bb.bundle,去跟葉慈恩要健檢資料,Branch,#Simple,34,契約室で起きた事件を目の当たりにして、考えが変わったんです。,"계약실에서 일어난 사건을 직접 보고, 생각이 바뀌었어요."
16cb18d2a2b26981a5a165feae2e28bb.bundle,去跟葉慈恩要健檢資料,Say,ジーン･ヨウ,59,どういうこと？,무슨 소리야?
16cb18d2a2b26981a5a165feae2e28bb.bundle,去跟葉慈恩要健檢資料,Say,心の声,13,ジーンが急に真剣な顔つきになった。,진이 갑자기 진지한 표정이 됐다.
16cb18d2a2b26981a5a165feae2e28bb.bundle,去跟葉慈恩要健檢資料,Branch,#Simple,35,彼のような人間をもう見たくないんです。,그런 사람을 더는 보고 싶지 않아요.
16cb18d2a2b26981a5a165feae2e28bb.bundle,去跟葉慈恩要健檢資料,Say,ジーン･ヨウ,60,彼って？,그런 사람이라니?
16cb18d2a2b26981a5a165feae2e28bb.bundle,去跟葉慈恩要健檢資料,Say,ジーン･ヨウ,61,殺された授業員のこと？それとも暴れてた男？,살해당한 직원을 말하는 거야? 아니면 난동 부린 남자?
16cb18d2a2b26981a5a165feae2e28bb.bundle,去跟葉慈恩要健檢資料,Branch,#Simple,36,殺された従業員のことです。,살해당한 직원을 말하는 겁니다.
16cb18d2a2b26981a5a165feae2e28bb.bundle,去跟葉慈恩要健檢資料,Branch,#Simple,37,暴れてた男のことです。,난동 부린 남자를 말하는 겁니다.
16cb18d2a2b26981a5a165feae2e28bb.bundle,去跟葉慈恩要健檢資料,Say,ジーン･ヨウ,62,そう、あなたは優しい人ね。,"그렇구나, 너는 다정한 사람이네."
16cb18d2a2b26981a5a165feae2e28bb.bundle,去跟葉慈恩要健檢資料,Say,ジーン･ヨウ,63,彼はサイレントに家族を殺されたようなものよね……,그 사람은 사일런트한테 가족이 살해당한 거나 마찬가지지……
16cb18d2a2b26981a5a165feae2e28bb.bundle,去跟葉慈恩要健檢資料,Say,ジーン･ヨウ,64,私たちがもっと気をつけないとね。,우리가 더 조심해야겠어.
16cb18d2a2b26981a5a165feae2e28bb.bundle,去跟葉慈恩要健檢資料,Say,ジーン･ヨウ,65,もう戻っていいわよ。,이제 돌아가도 돼.
16cb18d2a2b26981a5a165feae2e28bb.bundle,去跟葉慈恩要健檢資料,Branch,#Simple,38,彼が殺されたのは、私たちが仕事を怠ったのが原因です。,"그 사람이 살해당한 건, 우리가 일을 소홀히 한 게 원인이에요."
16cb18d2a2b26981a5a165feae2e28bb.bundle,去跟葉慈恩要健檢資料,Say,ジーン･ヨウ,66,あなたは殺された彼に同情するの？,너는 살해당한 그 사람한테 동정하는 거야?
16cb18d2a2b26981a5a165feae2e28bb.bundle,去跟葉慈恩要健檢資料,Say,心の声,14,彼女はなぜ怒ってるんだ……？,왜 화가 난 거지……?
16cb18d2a2b26981a5a165feae2e28bb.bundle,去跟葉慈恩要健檢資料,Branch,#Simple,39,もちろんです。殺されたんですよ？,당연하죠. 살해당했잖아요?
16cb18d2a2b26981a5a165feae2e28bb.bundle,去跟葉慈恩要健檢資料,Branch,#Simple,40,どちらも可哀想ではあります。,둘 다 안됐긴 합니다.
16cb18d2a2b26981a5a165feae2e28bb.bundle,去跟葉慈恩要健檢資料,Say,ジーン･ヨウ,67,私は暴れてた男の方がずっと可哀想に思えるわ。,나는 난동 부린 남자 쪽이 훨씬 불쌍하다고 생각해.
16cb18d2a2b26981a5a165feae2e28bb.bundle,去跟葉慈恩要健檢資料,Say,ジーン･ヨウ,68,家族全員が死んだのよ？,가족 전부 죽었잖아?
16cb18d2a2b26981a5a165feae2e28bb.bundle,去跟葉慈恩要健檢資料,Branch,#Simple,41,それはそうですが、殺された彼が可哀想だとは思わないんですか？,"그건 그렇지만, 살해당한 사람이 불쌍하다고는 생각 안 하세요?"
16cb18d2a2b26981a5a165feae2e28bb.bundle,去跟葉慈恩要健檢資料,Say,ジーン･ヨウ,69,別に可哀想じゃないとは言っていないわ。,딱히 안 불쌍하다고 한 건 아니야.
16cb18d2a2b26981a5a165feae2e28bb.bundle,去跟葉慈恩要健檢資料,Say,ジーン･ヨウ,70,でも家族を失った人に同情しないなんて驚きだわ。,근데 가족을 잃은 사람한테 동정을 안 하다니 놀랍네.
16cb18d2a2b26981a5a165feae2e28bb.bundle,去跟葉慈恩要健檢資料,Say,ジーン･ヨウ,71,彼は何の権力も持たない無力の人間よ。それに対して殺された彼は、悪質な企業に勤める既得権益者なのに。,"그 사람은 아무 권력도 없는 무력한 인간이야. 그에 비해 살해당한 사람은, 악질 기업에 다니는 기득권자인데."
16cb18d2a2b26981a5a165feae2e28bb.bundle,去跟葉慈恩要健檢資料,Say,心の声,15,……,……
16cb18d2a2b26981a5a165feae2e28bb.bundle,去跟葉慈恩要健檢資料,Say,ジーン･ヨウ,72,ごめん、ちょっと言い過ぎたわ。でも……,"미안, 좀 말이 심했네. 근데……"
16cb18d2a2b26981a5a165feae2e28bb.bundle,去跟葉慈恩要健檢資料,Say,ジーン･ヨウ,73,……,……
16cb18d2a2b26981a5a165feae2e28bb.bundle,去跟葉慈恩要健檢資料,Say,ジーン･ヨウ,74,もう戻っていいわ。,이제 돌아가도 돼.
16cb18d2a2b26981a5a165feae2e28bb.bundle,去跟葉慈恩要健檢資料,Branch,#Simple,42,確かにそうですね。,확실히 그렇네요.
16cb18d2a2b26981a5a165feae2e28bb.bundle,去跟葉慈恩要健檢資料,Say,ジーン･ヨウ,75,でしょう？,그렇지?
16cb18d2a2b26981a5a165feae2e28bb.bundle,去跟葉慈恩要健檢資料,Say,ジーン･ヨウ,76,やっぱりジェイは優しい人ね！,역시 제이는 다정한 사람이네!
16cb18d2a2b26981a5a165feae2e28bb.bundle,去跟葉慈恩要健檢資料,Say,ジーン･ヨウ,77,彼はサイレントに家族を殺されたようなものよね……,그 사람은 사일런트한테 가족이 살해당한 거나 마찬가지지……
16cb18d2a2b26981a5a165feae2e28bb.bundle,去跟葉慈恩要健檢資料,Say,ジーン･ヨウ,78,私たちがもっと気をつけないとね。,우리가 더 조심해야겠어.
16cb18d2a2b26981a5a165feae2e28bb.bundle,去跟葉慈恩要健檢資料,Say,ジーン･ヨウ,79,もう戻っていいわよ。,이제 돌아가도 돼.
16cb18d2a2b26981a5a165feae2e28bb.bundle,去跟葉慈恩要健檢資料,Branch,#Simple,43,早めに仕事が終わったので、この仕事について学ぼうと思って。,"일이 일찍 끝나서, 이 일에 대해 배워볼까 해서요."
16cb18d2a2b26981a5a165feae2e28bb.bundle,去跟葉慈恩要健檢資料,Say,ジーン･ヨウ,80,そうね。,그렇지.
16cb18d2a2b26981a5a165feae2e28bb.bundle,去跟葉慈恩要健檢資料,Say,ジーン･ヨウ,81,じゃ、もう戻っていいわよ。,"그럼, 이제 돌아가도 돼."
16cb18d2a2b26981a5a165feae2e28bb.bundle,看健檢資料用電腦,Say,コンピューター,0,使用者：ジェイ･ダイ。,사용자：제이 다이.
16cb18d2a2b26981a5a165feae2e28bb.bundle,看健檢資料用電腦,Say,コンピューター,1,何を閲覧しますか？,무엇을 열람하시겠습니까?
16cb18d2a2b26981a5a165feae2e28bb.bundle,看健檢資料用電腦,Branch,#Simple,0,「仕事」,「업무」
16cb18d2a2b26981a5a165feae2e28bb.bundle,看健檢資料用電腦,Say,コンピューター,2,仕事がありません。,업무가 없습니다.
16cb18d2a2b26981a5a165feae2e28bb.bundle,看健檢資料用電腦,Say,コンピューター,3,メイン画面へ戻ります。,메인 화면으로 돌아갑니다.
16cb18d2a2b26981a5a165feae2e28bb.bundle,看健檢資料用電腦,Branch,#Simple,1,「データバンク」,「데이터뱅크」
16cb18d2a2b26981a5a165feae2e28bb.bundle,看健檢資料用電腦,Say,コンピューター,4,どのようなデータを調べますか？,어떤 데이터를 조회하시겠습니까?
16cb18d2a2b26981a5a165feae2e28bb.bundle,看健檢資料用電腦,Branch,#Simple,2,「応募者の健康診断」,「응모자 건강검진」
16cb18d2a2b26981a5a165feae2e28bb.bundle,看健檢資料用電腦,Say,コンピューター,5,閲覧するファイルを選んでください。,열람할 파일을 선택해주세요.
16cb18d2a2b26981a5a165feae2e28bb.bundle,看健檢資料用電腦,Branch,#Simple,3,「健康診断：ユウセイ･ダイ」,「건강검진：유세이 다이」
16cb18d2a2b26981a5a165feae2e28bb.bundle,看健檢資料用電腦,Say,コンピューター,6,血圧：やや高め,혈압：약간 높음
16cb18d2a2b26981a5a165feae2e28bb.bundle,看健檢資料用電腦,Say,コンピューター,7,筋肉量：普通,근육량：보통
16cb18d2a2b26981a5a165feae2e28bb.bundle,看健檢資料用電腦,Say,コンピューター,8,神経活動：安定,신경 활동：안정
16cb18d2a2b26981a5a165feae2e28bb.bundle,看健檢資料用電腦,Say,コンピューター,9,総合判断：演算力供給可能,종합 판단：연산력 공급 가능
16cb18d2a2b26981a5a165feae2e28bb.bundle,看健檢資料用電腦,Branch,#Simple,4,「健康診断：ユリン･ジャン」,「건강검진：유린 장」
16cb18d2a2b26981a5a165feae2e28bb.bundle,看健檢資料用電腦,Say,コンピューター,10,血圧：正常,혈압：정상
16cb18d2a2b26981a5a165feae2e28bb.bundle,看健檢資料用電腦,Say,コンピューター,11,筋肉量：やや低い（筋萎縮が起こる可能性大）,근육량：약간 낮음（근위축 발생 가능성 큼）
16cb18d2a2b26981a5a165feae2e28bb.bundle,看健檢資料用電腦,Say,コンピューター,12,神経活動：安定,신경 활동：안정
16cb18d2a2b26981a5a165feae2e28bb.bundle,看健檢資料用電腦,Say,コンピューター,13,総合判断：演算力供給可能,종합 판단：연산력 공급 가능
16cb18d2a2b26981a5a165feae2e28bb.bundle,看健檢資料用電腦,Branch,#Simple,5,「健康診断：シンレイ･トン」,「건강검진：신레이 통」
16cb18d2a2b26981a5a165feae2e28bb.bundle,看健檢資料用電腦,Say,コンピューター,14,血圧：低め（血液の供給低下）,혈압：낮음（혈액 공급 저하）
16cb18d2a2b26981a5a165feae2e28bb.bundle,看健檢資料用電腦,Say,コンピューター,15,筋肉量：極めて少ない（これ以上の筋萎縮は危険）,근육량：극히 적음（이 이상의 근위축은 위험）
16cb18d2a2b26981a5a165feae2e28bb.bundle,看健檢資料用電腦,Say,コンピューター,16,神経活動：低め（供給率の低下、さらに神経機能にダメージが生じる可能性有り）,"신경 활동：낮음（공급률 저하, 게다가 신경 기능에 손상이 생길 가능성 있음）"
16cb18d2a2b26981a5a165feae2e28bb.bundle,看健檢資料用電腦,Say,コンピューター,17,総合判断：?????????????,종합 판단：?????????????
16cb18d2a2b26981a5a165feae2e28bb.bundle,看健檢資料用電腦,Say,心の声,0,……何だこれは。,……이게 뭐지.
16cb18d2a2b26981a5a165feae2e28bb.bundle,看健檢資料用電腦,Say,心の声,1,健康診断の結果は正しいのに、総合判断がエラーになっている……,"건강검진 결과는 정상인데, 종합 판단이 오류로 떠 있다……"
16cb18d2a2b26981a5a165feae2e28bb.bundle,看健檢資料用電腦,Say,心の声,2,まさか誰かに改ざんされたのか……？,설마 누군가 조작한 건가……?
16cb18d2a2b26981a5a165feae2e28bb.bundle,看健檢資料用電腦,Say,心の声,3,タイミンに伝えよう。,타이밍한테 전하자.
16cb18d2a2b26981a5a165feae2e28bb.bundle,看健檢資料用電腦,Branch,#Simple,6,「健康診断：ハン･リュウ」,「건강검진：한 류」
16cb18d2a2b26981a5a165feae2e28bb.bundle,看健檢資料用電腦,Say,コンピューター,18,血圧：やや高め,혈압：약간 높음
16cb18d2a2b26981a5a165feae2e28bb.bundle,看健檢資料用電腦,Say,コンピューター,19,筋肉量：普通,근육량：보통
16cb18d2a2b26981a5a165feae2e28bb.bundle,看健檢資料用電腦,Say,コンピューター,20,神経活動：安定,신경 활동：안정
16cb18d2a2b26981a5a165feae2e28bb.bundle,看健檢資料用電腦,Say,コンピューター,21,総合判断：演算力供給可能,종합 판단：연산력 공급 가능
16cb18d2a2b26981a5a165feae2e28bb.bundle,看健檢資料用電腦,Branch,#Simple,7,「メイン画面へ」,「메인 화면으로」
16cb18d2a2b26981a5a165feae2e28bb.bundle,看健檢資料用電腦,Say,コンピューター,22,他の面談者の健康診断を確認しますか？,다른 면담자의 건강검진을 확인하시겠습니까?
16cb18d2a2b26981a5a165feae2e28bb.bundle,看健檢資料用電腦,Branch,#Simple,8,はい。,네.
16cb18d2a2b26981a5a165feae2e28bb.bundle,看健檢資料用電腦,Say,コンピューター,23,対象を選んでください。,대상을 선택해주세요.
16cb18d2a2b26981a5a165feae2e28bb.bundle,看健檢資料用電腦,Branch,#Simple,9,いいえ。,아니요.
16cb18d2a2b26981a5a165feae2e28bb.bundle,看健檢資料用電腦,Say,コンピューター,24,メイン画面へ戻ります。,메인 화면으로 돌아갑니다.
16cb18d2a2b26981a5a165feae2e28bb.bundle,看健檢資料用電腦,Branch,#Simple,10,「工場の現状報告」,「공장 현황 보고」
16cb18d2a2b26981a5a165feae2e28bb.bundle,看健檢資料用電腦,Say,コンピューター,25,「サイレントの稼働効率：85.28%」,「사일런트 가동 효율：85.28%」
16cb18d2a2b26981a5a165feae2e28bb.bundle,看健檢資料用電腦,Say,コンピューター,26,"演算力供給人数：122,982人","연산력 공급 인원：122,982명"
16cb18d2a2b26981a5a165feae2e28bb.bundle,看健檢資料用電腦,Branch,#Simple,11,「個人ステータス」,「개인 상태」
16cb18d2a2b26981a5a165feae2e28bb.bundle,看健檢資料用電腦,Say,コンピューター,27,現在の役職：雇用前,현재 직책：채용 전
16cb18d2a2b26981a5a165feae2e28bb.bundle,看健檢資料用電腦,Branch,#Simple,12,「メイン画面へ」,「메인 화면으로」
16cb18d2a2b26981a5a165feae2e28bb.bundle,看健檢資料用電腦,Say,コンピューター,28,他のデータを閲覧しますか？,다른 데이터를 열람하시겠습니까?
16cb18d2a2b26981a5a165feae2e28bb.bundle,看健檢資料用電腦,Branch,#Simple,13,はい。,네.
16cb18d2a2b26981a5a165feae2e28bb.bundle,看健檢資料用電腦,Say,コンピューター,29,対象を選んでください。,대상을 선택해주세요.
16cb18d2a2b26981a5a165feae2e28bb.bundle,看健檢資料用電腦,Branch,#Simple,14,いいえ。,아니요.
16cb18d2a2b26981a5a165feae2e28bb.bundle,看健檢資料用電腦,Say,コンピューター,30,メイン画面へ戻ります。,메인 화면으로 돌아갑니다.
16cb18d2a2b26981a5a165feae2e28bb.bundle,看健檢資料用電腦,Branch,#Simple,15,「退勤する」,「퇴근하기」
16cb18d2a2b26981a5a165feae2e28bb.bundle,看健檢資料用電腦,Say,コンピューター,31,退勤しました。,퇴근했습니다.
16cb18d2a2b26981a5a165feae2e28bb.bundle,看健檢資料用電腦,Say,コンピューター,32,メイン画面へ戻ります。,메인 화면으로 돌아갑니다.
16cb18d2a2b26981a5a165feae2e28bb.bundle,看健檢資料用電腦,Branch,#Simple,16,「パソコンを閉じる」,「컴퓨터 끄기」
16cb18d2a2b26981a5a165feae2e28bb.bundle,看完健檢回報穩哥,Say,タイミン･ソウ,0,あれ？もう調べ終わったのですか？,어라? 벌써 다 조사하셨어요?
16cb18d2a2b26981a5a165feae2e28bb.bundle,看完健檢回報穩哥,Say,タイミン･ソウ,1,何か収穫は？,뭔가 소득은요?
16cb18d2a2b26981a5a165feae2e28bb.bundle,看完健檢回報穩哥,Branch,#Simple,0,シンレイ･トンの健康診断の結果からだと、ブレマイ適性無しと判断されるはずです。,"신레이 통의 건강검진 결과로 보면, 블레마이 부적격으로 판단됐어야 해요."
16cb18d2a2b26981a5a165feae2e28bb.bundle,看完健檢回報穩哥,Say,タイミン･ソウ,2,総合判断の欄は合格になっているのですか？,종합 판단 칸은 합격으로 되어 있는 건가요?
16cb18d2a2b26981a5a165feae2e28bb.bundle,看完健檢回報穩哥,Branch,#Simple,1,いいえ、｢？｣と表示されていました。,"아뇨, '?'라고 표시되어 있었어요."
16cb18d2a2b26981a5a165feae2e28bb.bundle,看完健檢回報穩哥,Branch,#Simple,2,総合判断の欄はエラーになっていました。,종합 판단 칸이 오류로 떠 있었어요.
16cb18d2a2b26981a5a165feae2e28bb.bundle,看完健檢回報穩哥,Say,タイミン･ソウ,3,その欄だけがエラーに……,그 칸만 오류라니……
16cb18d2a2b26981a5a165feae2e28bb.bundle,看完健檢回報穩哥,Say,タイミン･ソウ,4,なるほど……,그렇군요……
16cb18d2a2b26981a5a165feae2e28bb.bundle,看完健檢回報穩哥,Branch,#Simple,3,人為的なものだと思いますか？,인위적인 거라고 생각하세요?
16cb18d2a2b26981a5a165feae2e28bb.bundle,看完健檢回報穩哥,Say,タイミン･ソウ,5,合理的に考えればそうでしょうね。,합리적으로 생각하면 그렇겠죠.
16cb18d2a2b26981a5a165feae2e28bb.bundle,看完健檢回報穩哥,Say,タイミン･ソウ,6,しかしサイレントのシステムを変えることは、容易なことではありません。,"근데 사일런트 시스템을 바꾸는 건, 쉬운 일이 아니에요."
16cb18d2a2b26981a5a165feae2e28bb.bundle,看完健檢回報穩哥,Branch,#Simple,4,……,……
16cb18d2a2b26981a5a165feae2e28bb.bundle,看完健檢回報穩哥,Branch,#Simple,5,シンレイ･トンの総合判断の欄が人為的に改ざんされたのだと思います。,신레이 통의 종합 판단 칸이 인위적으로 조작된 거라고 생각합니다.
16cb18d2a2b26981a5a165feae2e28bb.bundle,看完健檢回報穩哥,Say,タイミン･ソウ,7,それは間違いないのですか？,그거 확실한 건가요?
16cb18d2a2b26981a5a165feae2e28bb.bundle,看完健檢回報穩哥,Branch,#Simple,6,はい。改ざんの線で調べるべきだと思います。,네. 조작 쪽으로 조사해야 한다고 생각합니다.
16cb18d2a2b26981a5a165feae2e28bb.bundle,看完健檢回報穩哥,Branch,#Simple,7,あくまでも可能性の話です。,어디까지나 가능성 얘기입니다.
16cb18d2a2b26981a5a165feae2e28bb.bundle,看完健檢回報穩哥,Say,タイミン･ソウ,8,確かにそう判断するのが合理的な気がします。,확실히 그렇게 판단하는 게 합리적인 것 같네요.
16cb18d2a2b26981a5a165feae2e28bb.bundle,看完健檢回報穩哥,Say,タイミン･ソウ,9,しかしサイレントのシステムを変えることは、容易なことではありません。,"근데 사일런트 시스템을 바꾸는 건, 쉬운 일이 아니에요."
16cb18d2a2b26981a5a165feae2e28bb.bundle,看完健檢回報穩哥,Say,タイミン･ソウ,10,まずはシステムの改ざんの件から調べましょう……,우선은 시스템 조작 건부터 조사해보죠……
16cb18d2a2b26981a5a165feae2e28bb.bundle,看完健檢回報穩哥,Say,タイミン･ソウ,11,……,……
16cb18d2a2b26981a5a165feae2e28bb.bundle,看完健檢回報穩哥,Say,タイミン･ソウ,12,少し前進しましたが、まだまだ時間はかかりそうですね。,"조금 진전은 됐지만, 아직 시간이 더 걸릴 것 같네요."
16cb18d2a2b26981a5a165feae2e28bb.bundle,看完健檢回報穩哥,Say,タイミン･ソウ,13,今日はここまでにしようか。,오늘은 여기까지 할까요.
16cb18d2a2b26981a5a165feae2e28bb.bundle,看完健檢回報穩哥,Say,タイミン･ソウ,14,ジェイが手伝ってくれて、とても助かりました。,"제이가 도와줘서, 정말 큰 도움이 됐어요."
16cb18d2a2b26981a5a165feae2e28bb.bundle,看完健檢回報穩哥,Say,タイミン･ソウ,15,そうだ。念を押させていただきますが……,맞다. 다시 한번 확인시켜드리고 싶은데……
16cb18d2a2b26981a5a165feae2e28bb.bundle,看完健檢回報穩哥,Say,タイミン･ソウ,16,これはマネージャーから頼まれた調査ですので、他言無用でお願いしますね。,"이건 매니저한테서 부탁받은 조사니까, 함구해주세요."
16cb18d2a2b26981a5a165feae2e28bb.bundle,看完健檢回報穩哥,Branch,#Simple,8,実はジーンには知られてしまいました。,실은 진한테는 들켜버렸어요.
16cb18d2a2b26981a5a165feae2e28bb.bundle,看完健檢回報穩哥,Say,タイミン･ソウ,17,な、なんだって！？,"뭐, 뭐라고요!?"
16cb18d2a2b26981a5a165feae2e28bb.bundle,看完健檢回報穩哥,Say,タイミン･ソウ,18,まずいな……,큰일이네……
16cb18d2a2b26981a5a165feae2e28bb.bundle,看完健檢回報穩哥,Say,タイミン･ソウ,19,ジーンさんに知られるのは厄介だ……,진 씨한테 알려지는 건 곤란한데……
16cb18d2a2b26981a5a165feae2e28bb.bundle,看完健檢回報穩哥,Branch,#Simple,9,彼女を疑っているんですか？,그녀를 의심하고 계세요?
16cb18d2a2b26981a5a165feae2e28bb.bundle,看完健檢回報穩哥,Say,タイミン･ソウ,20,いえ、彼女が犯人の可能性は低いので、そこは心配していません。,"아뇨, 그녀가 범인일 가능성은 낮아서, 그 부분은 걱정 안 해요."
16cb18d2a2b26981a5a165feae2e28bb.bundle,看完健檢回報穩哥,Branch,#Simple,10,……,……
16cb18d2a2b26981a5a165feae2e28bb.bundle,看完健檢回報穩哥,Say,タイミン･ソウ,21,彼女は供給者たちのことをとても気にかけているんです。,그녀는 공급자들을 정말 신경 쓰고 있거든요.
16cb18d2a2b26981a5a165feae2e28bb.bundle,看完健檢回報穩哥,Say,タイミン･ソウ,22,マイナーと呼ぶだけでも、本気で叱られます。,"마이너라고 부르기만 해도, 진심으로 혼나요."
16cb18d2a2b26981a5a165feae2e28bb.bundle,看完健檢回報穩哥,Branch,#Simple,11,彼女にも調査を手伝ってもらえばいいのでは……,그녀한테도 조사를 도와달라고 하면 되지 않을까요……
16cb18d2a2b26981a5a165feae2e28bb.bundle,看完健檢回報穩哥,Say,タイミン･ソウ,23,それは一番危険です。,그게 제일 위험해요.
16cb18d2a2b26981a5a165feae2e28bb.bundle,看完健檢回報穩哥,Branch,#Simple,12,……,……
16cb18d2a2b26981a5a165feae2e28bb.bundle,看完健檢回報穩哥,Say,タイミン･ソウ,24,マイナーのことをとても気にかけているからこそ、彼女はよく行き過ぎた行動を取るのです。,"마이너를 너무 신경 쓰기 때문에, 그녀는 자주 도를 넘는 행동을 해요."
16cb18d2a2b26981a5a165feae2e28bb.bundle,看完健檢回報穩哥,Say,タイミン･ソウ,25,ひとまずは彼女の動向に注意しましょう。,일단은 그녀의 동향을 주시하죠.
16cb18d2a2b26981a5a165feae2e28bb.bundle,看完健檢回報穩哥,Branch,#Simple,13,勝手に話してすみません。,멋대로 얘기해서 죄송해요.
16cb18d2a2b26981a5a165feae2e28bb.bundle,看完健檢回報穩哥,Say,タイミン･ソウ,26,ジーンさんは賢い方ですから、仕方がないですよ。,"진 씨는 똑똑한 분이니까, 어쩔 수 없어요."
16cb18d2a2b26981a5a165feae2e28bb.bundle,看完健檢回報穩哥,Say,タイミン･ソウ,27,彼女に隠し事は容易じゃないですから。,그녀한테 뭔가 숨기는 게 쉽지 않으니까요.
16cb18d2a2b26981a5a165feae2e28bb.bundle,看完健檢回報穩哥,Branch,#Simple,14,……,……
16cb18d2a2b26981a5a165feae2e28bb.bundle,看完健檢回報穩哥,Say,タイミン･ソウ,28,ですが、二度はないようにお願いしますね。,"근데, 두 번은 없게 부탁드릴게요."
16cb18d2a2b26981a5a165feae2e28bb.bundle,看完健檢回報穩哥,Branch,#Simple,15,……,……
16cb18d2a2b26981a5a165feae2e28bb.bundle,看完健檢回報穩哥,Say,タイミン･ソウ,29,マネージャーは、犯人に気づかれる可能性があるから、他の者に知られるのは危険だと何度も言っていました。,"매니저는, 범인이 눈치챌 가능성이 있으니까, 다른 사람한테 알려지는 게 위험하다고 몇 번이나 말했어요."
16cb18d2a2b26981a5a165feae2e28bb.bundle,看完健檢回報穩哥,Branch,#Simple,16,それなら、なぜ私を調査に参加させたんですか？,"그럼, 왜 저를 조사에 참여시킨 거예요?"
16cb18d2a2b26981a5a165feae2e28bb.bundle,看完健檢回報穩哥,Say,タイミン･ソウ,30,ばあさんはこの件を僕に一任しました。,할머니는 이 건을 저한테 일임했어요.
16cb18d2a2b26981a5a165feae2e28bb.bundle,看完健檢回報穩哥,Say,タイミン･ソウ,31,そして僕はあなたを信じています。,그리고 저는 당신을 믿고 있어요.
16cb18d2a2b26981a5a165feae2e28bb.bundle,看完健檢回報穩哥,Branch,#Simple,17,ありがとうございます。,감사합니다.
16cb18d2a2b26981a5a165feae2e28bb.bundle,看完健檢回報穩哥,Say,タイミン･ソウ,32,礼はいりません。,감사 인사는 필요 없어요.
16cb18d2a2b26981a5a165feae2e28bb.bundle,看完健檢回報穩哥,Say,タイミン･ソウ,33,信じていると言ったのは、あなたが新人だからです。,"믿는다고 말한 건, 당신이 신입이기 때문이에요."
16cb18d2a2b26981a5a165feae2e28bb.bundle,看完健檢回報穩哥,Say,タイミン･ソウ,34,また、あなたはシンレイ･トンと接触した唯一の人間でもあります。,"그리고, 당신은 신레이 통과 접촉한 유일한 사람이기도 하고요."
16cb18d2a2b26981a5a165feae2e28bb.bundle,看完健檢回報穩哥,Say,心の声,0,それはそうだが……,그건 그렇지만……
16cb18d2a2b26981a5a165feae2e28bb.bundle,看完健檢回報穩哥,Say,タイミン･ソウ,35,そしてあなたはこの仕事を何としても手に入れたがっている。,그리고 당신은 이 일을 어떻게든 얻고 싶어 하죠.
16cb18d2a2b26981a5a165feae2e28bb.bundle,看完健檢回報穩哥,Say,タイミン･ソウ,36,そのためなら、協力を惜しまないと思ったんです。,"그러기 위해서라면, 협조를 아끼지 않을 거라고 생각했어요."
16cb18d2a2b26981a5a165feae2e28bb.bundle,看完健檢回報穩哥,Say,心の声,1,頭のいい奴だ……,머리 좋은 녀석이네……
16cb18d2a2b26981a5a165feae2e28bb.bundle,看完健檢回報穩哥,Branch,#Simple,18,それなら確かにさっきのお礼は、撤回すべきかもしれませんね。,"그렇다면 확실히 아까 그 감사 인사는, 철회해야 할지도 모르겠네요."
16cb18d2a2b26981a5a165feae2e28bb.bundle,看完健檢回報穩哥,Say,タイミン･ソウ,37,ハハ、別にいいですよ。,"하하, 딱히 상관없어요."
16cb18d2a2b26981a5a165feae2e28bb.bundle,看完健檢回報穩哥,Say,タイミン･ソウ,38,一番はあなたが本当に信頼できる人だと思ったから、声をかけたんです。,"가장 큰 이유는 당신이 정말 믿을 수 있는 사람이라고 생각해서, 말을 건 거예요."
16cb18d2a2b26981a5a165feae2e28bb.bundle,看完健檢回報穩哥,Branch,#Simple,19,タイミンは頭がいいから、すぐに真実を突き止められると思います。,"타이밍은 머리가 좋으니까, 금방 진실을 밝혀낼 거라고 생각합니다."
16cb18d2a2b26981a5a165feae2e28bb.bundle,看完健檢回報穩哥,Say,タイミン･ソウ,39,ありがとうございます。,감사합니다.
16cb18d2a2b26981a5a165feae2e28bb.bundle,看完健檢回報穩哥,Branch,#Simple,20,……,……
16cb18d2a2b26981a5a165feae2e28bb.bundle,看完健檢回報穩哥,Branch,#Simple,21,……,……
16cb18d2a2b26981a5a165feae2e28bb.bundle,看完健檢回報穩哥,Branch,#Simple,22,……,……
16cb18d2a2b26981a5a165feae2e28bb.bundle,看完健檢回報穩哥,Say,タイミン･ソウ,40,すみません、こんな時間まで付き合わせてしまって。,"죄송해요, 이런 시간까지 붙잡아서."
16cb18d2a2b26981a5a165feae2e28bb.bundle,看完健檢回報穩哥,Say,タイミン･ソウ,41,もう帰っていただいて大丈夫ですよ。,이제 돌아가셔도 괜찮아요.
16cb18d2a2b26981a5a165feae2e28bb.bundle,看完健檢回報穩哥,Branch,#Simple,23,タイミンは？,타이밍은요?
16cb18d2a2b26981a5a165feae2e28bb.bundle,看完健檢回報穩哥,Say,タイミン･ソウ,42,まだ調べたいことがあるので。明日またこの件について話しましょう。,아직 조사하고 싶은 게 있어서요. 내일 다시 이 건에 대해 얘기하죠.
16cb18d2a2b26981a5a165feae2e28bb.bundle,看完健檢回報穩哥,Say,タイミン･ソウ,43,こっちはもう大丈夫ですから。,이쪽은 이제 괜찮으니까요.
16cb18d2a2b26981a5a165feae2e28bb.bundle,看完健檢回報穩哥,Branch,#Simple,24,……,……
16cb18d2a2b26981a5a165feae2e28bb.bundle,看完健檢回報穩哥,Say,タイミン･ソウ,44,では、また明日。,"그럼, 내일 또 봬요."
16cb18d2a2b26981a5a165feae2e28bb.bundle,看完健檢回報穩哥,Branch,#Simple,25,失礼します。,실례하겠습니다.
16cb18d2a2b26981a5a165feae2e28bb.bundle,看完健檢回報穩哥,Branch,#Simple,26,……,……
16cb18d2a2b26981a5a165feae2e28bb.bundle,球球求幫忙,Say,イエホン･キュウ,0,あっ……！,아……!
16cb18d2a2b26981a5a165feae2e28bb.bundle,球球求幫忙,Say,イエホン･キュウ,1,よっ、ジェイ……,"어이, 제이……"
16cb18d2a2b26981a5a165feae2e28bb.bundle,球球求幫忙,Say,心の声,0,深刻そうな顔つきだ……,심각해 보이는 표정이다……
16cb18d2a2b26981a5a165feae2e28bb.bundle,球球求幫忙,Say,イエホン･キュウ,2,えっと……,그게……
16cb18d2a2b26981a5a165feae2e28bb.bundle,球球求幫忙,Say,イエホン･キュウ,3,実はお願いがあってさ。,실은 부탁이 있어서.
16cb18d2a2b26981a5a165feae2e28bb.bundle,球球求幫忙,Say,イエホン･キュウ,4,……,……
16cb18d2a2b26981a5a165feae2e28bb.bundle,球球求幫忙,Say,イエホン･キュウ,5,僕とシンカが喧嘩してたのを見てたよね？,나랑 신카가 싸우는 거 봤지?
16cb18d2a2b26981a5a165feae2e28bb.bundle,球球求幫忙,Branch,#Simple,0,それがどうしたんですか？,그게 왜요?
16cb18d2a2b26981a5a165feae2e28bb.bundle,球球求幫忙,Branch,#Simple,1,操作組の話ですか？,조작조 얘기예요?
16cb18d2a2b26981a5a165feae2e28bb.bundle,球球求幫忙,Say,イエホン･キュウ,6,うん。,응.
16cb18d2a2b26981a5a165feae2e28bb.bundle,球球求幫忙,Say,イエホン･キュウ,7,実はさっき、また喧嘩になっちゃって……,"실은 방금, 또 싸우게 돼서……"
16cb18d2a2b26981a5a165feae2e28bb.bundle,球球求幫忙,Say,イエホン･キュウ,8,でも今回のシンカは……,근데 이번 신카는……
16cb18d2a2b26981a5a165feae2e28bb.bundle,球球求幫忙,Say,イエホン･キュウ,9,急に黙り込んだまま、走ってどこかに行っちゃったんだ。,"갑자기 입 다물고, 어디론가 뛰어가버렸어."
16cb18d2a2b26981a5a165feae2e28bb.bundle,球球求幫忙,Branch,#Simple,2,彼女に何を言ったんですか？,그 사람한테 뭐라고 했는데요?
16cb18d2a2b26981a5a165feae2e28bb.bundle,球球求幫忙,Say,イエホン･キュウ,10,君が見てた喧嘩の時と同じことだよ……,네가 봤던 싸움 때랑 똑같은 거야……
16cb18d2a2b26981a5a165feae2e28bb.bundle,球球求幫忙,Say,イエホン･キュウ,11,操作組が最悪だから、もうそっちに行くのはやめろって……,"조작조가 최악이니까, 이제 거기 가지 말라고……"
16cb18d2a2b26981a5a165feae2e28bb.bundle,球球求幫忙,Branch,#Simple,3,何で彼女にちょっかいをかけるんですか？,왜 그 사람한테 참견하는 거예요?
16cb18d2a2b26981a5a165feae2e28bb.bundle,球球求幫忙,Say,イエホン･キュウ,12,僕はそんなつもりは……,나는 그럴 생각으로……
16cb18d2a2b26981a5a165feae2e28bb.bundle,球球求幫忙,Say,イエホン･キュウ,13,はぁ……,하아……
16cb18d2a2b26981a5a165feae2e28bb.bundle,球球求幫忙,Branch,#Simple,4,……,……
16cb18d2a2b26981a5a165feae2e28bb.bundle,球球求幫忙,Say,イエホン･キュウ,14,……,……
16cb18d2a2b26981a5a165feae2e28bb.bundle,球球求幫忙,Say,イエホン･キュウ,15,確かに、これは僕の問題だ……,"확실히, 이건 내 문제야……"
16cb18d2a2b26981a5a165feae2e28bb.bundle,球球求幫忙,Say,イエホン･キュウ,16,ずっとこのままシンカと口論し続けてもしょうがないよな……,계속 이대로 신카랑 말싸움만 해봤자 소용없지……
16cb18d2a2b26981a5a165feae2e28bb.bundle,球球求幫忙,Say,イエホン･キュウ,17,僕はただ……,나는 그냥……
16cb18d2a2b26981a5a165feae2e28bb.bundle,球球求幫忙,Say,イエホン･キュウ,18,シンカが操作組を選ぶんじゃいかって心配なんだ。,신카가 조작조를 선택하는 게 아닐까 걱정인 거야.
16cb18d2a2b26981a5a165feae2e28bb.bundle,球球求幫忙,Branch,#Simple,5,なぜそう思うんですか？,왜 그렇게 생각하는데요?
16cb18d2a2b26981a5a165feae2e28bb.bundle,球球求幫忙,Say,イエホン･キュウ,19,操作組の方が彼女の才能を発揮できると思うからだよ。,조작조 쪽이 그 애 재능을 발휘할 수 있다고 생각하니까.
16cb18d2a2b26981a5a165feae2e28bb.bundle,球球求幫忙,Say,イエホン･キュウ,20,あっちは給料が高し、それに最近は工場閉鎖の噂もあるからね……,"그쪽은 급여도 높고, 게다가 요즘은 공장 폐쇄 소문도 있으니까……"
16cb18d2a2b26981a5a165feae2e28bb.bundle,球球求幫忙,Say,イエホン･キュウ,21,本当に閉鎖されるなら、操作組の方が転職に有利なんだよ。,"정말로 폐쇄된다면, 조작조 쪽이 이직에 유리하거든."
16cb18d2a2b26981a5a165feae2e28bb.bundle,球球求幫忙,Say,イエホン･キュウ,22,だから彼女が操作組に異動したがるのも無理はないけど……,그러니까 그 애가 조작조로 이동하고 싶어 하는 것도 무리는 아니지만……
16cb18d2a2b26981a5a165feae2e28bb.bundle,球球求幫忙,Branch,#Simple,6,彼女は操作組に行く気はないと言ったはずです。彼女にどうしてほしいんですか？,그분은 조작조에 갈 생각 없다고 말했잖아요. 어떻게 해줬으면 하는 거예요?
16cb18d2a2b26981a5a165feae2e28bb.bundle,球球求幫忙,Say,イエホン･キュウ,23,……,……
16cb18d2a2b26981a5a165feae2e28bb.bundle,球球求幫忙,Say,イエホン･キュウ,24,僕にもわからないよ。,나도 모르겠어.
16cb18d2a2b26981a5a165feae2e28bb.bundle,球球求幫忙,Branch,#Simple,7,彼女は選別組から離れるつもりはないと思います。,그분은 선별조에서 떠날 생각 없다고 생각합니다.
16cb18d2a2b26981a5a165feae2e28bb.bundle,球球求幫忙,Say,イエホン･キュウ,25,僕だってそう信じているけど……,나도 그렇게 믿고는 있지만……
16cb18d2a2b26981a5a165feae2e28bb.bundle,球球求幫忙,Say,イエホン･キュウ,26,……,……
16cb18d2a2b26981a5a165feae2e28bb.bundle,球球求幫忙,Branch,#Simple,8,彼女はそれを否定したはずでは？,그분이 그건 부정했었잖아요?
16cb18d2a2b26981a5a165feae2e28bb.bundle,球球求幫忙,Say,イエホン･キュウ,27,僕を宥めるために彼女が嘘をついた可能性もあるだろ。,나를 달래려고 걔가 거짓말했을 가능성도 있잖아.
16cb18d2a2b26981a5a165feae2e28bb.bundle,球球求幫忙,Branch,#Simple,9,それは考えすぎです。,그건 지나친 생각이에요.
16cb18d2a2b26981a5a165feae2e28bb.bundle,球球求幫忙,Say,イエホン･キュウ,28,でも本当に心配なんだ。,근데 진짜 걱정된다고.
16cb18d2a2b26981a5a165feae2e28bb.bundle,球球求幫忙,Branch,#Simple,10,確かにその可能性はありますね。,확실히 그럴 가능성은 있네요.
16cb18d2a2b26981a5a165feae2e28bb.bundle,球球求幫忙,Say,イエホン･キュウ,29,だろう……,그렇지……
16cb18d2a2b26981a5a165feae2e28bb.bundle,球球求幫忙,Branch,#Simple,11,……,……
16cb18d2a2b26981a5a165feae2e28bb.bundle,球球求幫忙,Say,イエホン･キュウ,30,だってさ……,왜냐면……
16cb18d2a2b26981a5a165feae2e28bb.bundle,球球求幫忙,Branch,#Simple,12,……,……
16cb18d2a2b26981a5a165feae2e28bb.bundle,球球求幫忙,Say,イエホン･キュウ,31,……すべて僕の問題だってわかってる。,……전부 내 문제라는 건 알아.
16cb18d2a2b26981a5a165feae2e28bb.bundle,球球求幫忙,Say,イエホン･キュウ,32,僕が勝手に焦っているだけなんだ。,내가 혼자 조급해하고 있는 것뿐이야.
16cb18d2a2b26981a5a165feae2e28bb.bundle,球球求幫忙,Say,イエホン･キュウ,33,彼女のことに口を出すべきじゃなかった。,그 애 일에 참견하면 안 됐어.
16cb18d2a2b26981a5a165feae2e28bb.bundle,球球求幫忙,Say,イエホン･キュウ,34,シンカに謝りたいんだけど……,신카한테 사과하고 싶은데……
16cb18d2a2b26981a5a165feae2e28bb.bundle,球球求幫忙,Say,イエホン･キュウ,35,彼女がメッセージを返してくれなくて……,걔가 메시지 답장을 안 해줘서……
16cb18d2a2b26981a5a165feae2e28bb.bundle,球球求幫忙,Say,イエホン･キュウ,36,だから、もし彼女に会ったら……,"그러니까, 혹시 그 애 만나면……"
16cb18d2a2b26981a5a165feae2e28bb.bundle,球球求幫忙,Say,イエホン･キュウ,37,僕が反省していることを彼女に伝えてほしい……,내가 반성하고 있다고 그 애한테 전해줬으면 해……
16cb18d2a2b26981a5a165feae2e28bb.bundle,球球求幫忙,Branch,#Simple,13,わかりました。,알겠습니다.
16cb18d2a2b26981a5a165feae2e28bb.bundle,球球求幫忙,Say,イエホン･キュウ,38,ありがとう……！,고마워……!
16cb18d2a2b26981a5a165feae2e28bb.bundle,球球求幫忙,Branch,#Simple,14,すみませんが、それは約束できません。,"죄송하지만, 그건 약속 못 합니다."
16cb18d2a2b26981a5a165feae2e28bb.bundle,球球求幫忙,Say,イエホン･キュウ,39,別に彼女を探してほしいわけじゃないんだ！,딱히 그 애를 찾아달라는 게 아니야!
16cb18d2a2b26981a5a165feae2e28bb.bundle,球球求幫忙,Say,イエホン･キュウ,40,彼女を見かけたら伝えてほしいだけなんだ。,보이면 전해줬으면 하는 것뿐이야.
16cb18d2a2b26981a5a165feae2e28bb.bundle,球球求幫忙,Say,イエホン･キュウ,41,僕が悪かった。,내가 잘못했다.
16cb18d2a2b26981a5a165feae2e28bb.bundle,球球求幫忙,Say,イエホン･キュウ,42,そう伝えるだけで！,그렇게만 전해주면!
16cb18d2a2b26981a5a165feae2e28bb.bundle,球球求幫忙,Say,イエホン･キュウ,43,頼むよ！,부탁이야!
16cb18d2a2b26981a5a165feae2e28bb.bundle,球球求幫忙,Branch,#Simple,15,わかりました。,알겠습니다.
16cb18d2a2b26981a5a165feae2e28bb.bundle,球球求幫忙,Branch,#Simple,16,他を当たってください。,다른 사람 알아보세요.
16cb18d2a2b26981a5a165feae2e28bb.bundle,球球求幫忙,Say,イエホン･キュウ,44,……,……
16cb18d2a2b26981a5a165feae2e28bb.bundle,球球求幫忙,Say,イエホン･キュウ,45,わかったよ。,알았어.
16cb18d2a2b26981a5a165feae2e28bb.bundle,球球求幫忙,Say,イエホン･キュウ,46,時間を取らせちゃってごめん。,시간 뺏어서 미안.
16cb18d2a2b26981a5a165feae2e28bb.bundle,球球求幫忙,Say,イエホン･キュウ,47,自分でなんとかしてみるよ。,내가 알아서 해볼게.
16cb18d2a2b26981a5a165feae2e28bb.bundle,球球求幫忙,Branch,#Simple,17,なぜ直接会って謝らないんですか？,왜 직접 만나서 사과 안 하는 거예요?
16cb18d2a2b26981a5a165feae2e28bb.bundle,球球求幫忙,Say,イエホン･キュウ,48,メッセージを返さないってことは、僕に会いたくないってことだろう。,"메시지 답장을 안 한다는 건, 나 만나기 싫다는 거잖아."
16cb18d2a2b26981a5a165feae2e28bb.bundle,球球求幫忙,Say,イエホン･キュウ,49,だからジェイに頼むしかないんだ……,그러니까 제이한테 부탁할 수밖에 없는 거야……
16cb18d2a2b26981a5a165feae2e28bb.bundle,球球求幫忙,Say,イエホン･キュウ,50,頼めるかな？,부탁해도 될까?
16cb18d2a2b26981a5a165feae2e28bb.bundle,球球求幫忙,Say,イエホン･キュウ,51,シンカは落ち込んだ時、いつもホームにいるんだ。,"신카는 우울할 때, 항상 승강장에 있어."
16cb18d2a2b26981a5a165feae2e28bb.bundle,球球求幫忙,Say,イエホン･キュウ,52,今もそこにいると思う。,지금도 거기 있을 거야.
16cb18d2a2b26981a5a165feae2e28bb.bundle,球球求幫忙,Say,イエホン･キュウ,53,……,……
16cb18d2a2b26981a5a165feae2e28bb.bundle,球球求幫忙,Say,イエホン･キュウ,54,じゃ、頼んだよ。,"그럼, 부탁한다."
16cb18d2a2b26981a5a165feae2e28bb.bundle,球球求幫忙,Branch,#Simple,18,任せてください。,맡겨주세요.
16cb18d2a2b26981a5a165feae2e28bb.bundle,球球求幫忙,Say,イエホン･キュウ,55,ありがとう。,고마워.
16cb18d2a2b26981a5a165feae2e28bb.bundle,球球求幫忙,Branch,#Simple,19,彼女に、悪かったと伝えればいいんですか？,"그분한테, 미안하다고 전하면 되는 거예요?"
16cb18d2a2b26981a5a165feae2e28bb.bundle,球球求幫忙,Say,イエホン･キュウ,56,うん。,응.
16cb18d2a2b26981a5a165feae2e28bb.bundle,球球求幫忙,Branch,#Simple,20,……,……
16cb18d2a2b26981a5a165feae2e28bb.bundle,球球求幫忙,Say,イエホン･キュウ,57,頼んだ、ジェイ。,"부탁한다, 제이."
16cb18d2a2b26981a5a165feae2e28bb.bundle,采欣抱怨球球亂怪操作組(自動),Say,シンカ･シェ,0,イエホン！,이홍!
16cb18d2a2b26981a5a165feae2e28bb.bundle,采欣抱怨球球亂怪操作組(自動),Say,イエホン･キュウ,0,何だよ！,왜!
16cb18d2a2b26981a5a165feae2e28bb.bundle,采欣抱怨球球亂怪操作組(自動),Say,シンカ･シェ,1,何でいつも操作組の悪口を言うのですか？,왜 맨날 조작조 욕을 하는 거예요?
16cb18d2a2b26981a5a165feae2e28bb.bundle,采欣抱怨球球亂怪操作組(自動),Say,イエホン･キュウ,1,彼らがいつもちょっかいを出してくるからだよ。,걔네가 맨날 시비 걸어오니까 그렇지.
16cb18d2a2b26981a5a165feae2e28bb.bundle,采欣抱怨球球亂怪操作組(自動),Say,シンカ･シェ,2,……,……
16cb18d2a2b26981a5a165feae2e28bb.bundle,采欣抱怨球球亂怪操作組(自動),Say,シンカ･シェ,3,彼らにだって事情があるのかもしれません。,그들에게도 사정이 있을지 모르잖아요.
16cb18d2a2b26981a5a165feae2e28bb.bundle,采欣抱怨球球亂怪操作組(自動),Say,イエホン･キュウ,2,例えば何だよ。,예를 들면 뭔데.
16cb18d2a2b26981a5a165feae2e28bb.bundle,采欣抱怨球球亂怪操作組(自動),Say,シンカ･シェ,4,それは、わかりませんが……,"그건, 잘 모르겠지만……"
16cb18d2a2b26981a5a165feae2e28bb.bundle,采欣抱怨球球亂怪操作組(自動),Say,イエホン･キュウ,3,じゃ、ないってことでしょ。,"그럼, 없다는 거잖아."
16cb18d2a2b26981a5a165feae2e28bb.bundle,采欣抱怨球球亂怪操作組(自動),Say,イエホン･キュウ,4,むしろ君こそ、なんでいつも彼らの肩を持つの？もしかして洗脳でもされたの？,"오히려 너야말로, 왜 맨날 걔네 편을 드는 거야? 혹시 세뇌라도 당한 거야?"
16cb18d2a2b26981a5a165feae2e28bb.bundle,采欣抱怨球球亂怪操作組(自動),Say,シンカ･シェ,5,そんなことはありません。,그런 거 아니에요.
16cb18d2a2b26981a5a165feae2e28bb.bundle,采欣抱怨球球亂怪操作組(自動),Say,イエホン･キュウ,5,操作組の奴らは自己中の集まりだ。,조작조 놈들은 이기주의자들 집단이야.
16cb18d2a2b26981a5a165feae2e28bb.bundle,采欣抱怨球球亂怪操作組(自動),Say,シンカ･シェ,6,彼らの仕事すら知らないくせに、なんてことを！,"그들이 하는 일도 모르면서, 어떻게 그런 말을!"
16cb18d2a2b26981a5a165feae2e28bb.bundle,采欣抱怨球球亂怪操作組(自動),Say,イエホン･キュウ,6,彼らがクズであることは知ってるさ！,걔네가 쓰레기라는 건 알고 있어!
16cb18d2a2b26981a5a165feae2e28bb.bundle,采欣抱怨球球亂怪操作組(自動),Say,シンカ･シェ,7,問題はそこじゃなくて……,문제는 그게 아니라……
16cb18d2a2b26981a5a165feae2e28bb.bundle,采欣抱怨球球亂怪操作組(自動),Say,イエホン･キュウ,7,タイミン、君の意見を聞かせてよ。,"타이밍, 네 의견 좀 들려줘."
16cb18d2a2b26981a5a165feae2e28bb.bundle,采欣抱怨球球亂怪操作組(自動),Say,タイミン･ソウ,0,僕を巻き込むなよ……,나 끌어들이지 마……
16cb18d2a2b26981a5a165feae2e28bb.bundle,采欣抱怨球球亂怪操作組(自動),Say,イエホン･キュウ,8,操作組の奴らはクソ野郎だと思ってるだろう？,조작조 놈들 개자식들이라고 생각하지?
16cb18d2a2b26981a5a165feae2e28bb.bundle,采欣抱怨球球亂怪操作組(自動),Say,タイミン･ソウ,1,……,……
16cb18d2a2b26981a5a165feae2e28bb.bundle,采欣抱怨球球亂怪操作組(自動),Say,タイミン･ソウ,2,確かに彼らは協力的じゃない上に、いつも敵意を露わにしている。,"확실히 그들은 협조적이지 않은 데다, 항상 노골적으로 적대감을 드러내죠."
16cb18d2a2b26981a5a165feae2e28bb.bundle,采欣抱怨球球亂怪操作組(自動),Say,タイミン･ソウ,3,……正直、好きにはなれない。,"……솔직히, 좋아할 수는 없어요."
16cb18d2a2b26981a5a165feae2e28bb.bundle,采欣抱怨球球亂怪操作組(自動),Say,シンカ･シェ,8,もっと彼らのことを知った上で判断を…,그들을 더 알고 나서 판단을……
16cb18d2a2b26981a5a165feae2e28bb.bundle,采欣抱怨球球亂怪操作組(自動),Say,タイミン･ソウ,4,シンカ……,신카……
16cb18d2a2b26981a5a165feae2e28bb.bundle,采欣抱怨球球亂怪操作組(自動),Say,タイミン･ソウ,5,あなたが彼らを庇ったところで……,당신이 그들을 감싸본들……
16cb18d2a2b26981a5a165feae2e28bb.bundle,采欣抱怨球球亂怪操作組(自動),Say,タイミン･ソウ,6,彼らがクズであることは変わりません。,그들이 쓰레기라는 사실은 변하지 않아요.
16cb18d2a2b26981a5a165feae2e28bb.bundle,采欣抱怨球球亂怪操作組(自動),Say,シンカ･シェ,9,でも……,근데……
16cb18d2a2b26981a5a165feae2e28bb.bundle,采欣抱怨球球亂怪操作組,Say,心の声,0,俺のことを横目で見ている……？,나를 곁눈질로 보고 있어……?
16cb18d2a2b26981a5a165feae2e28bb.bundle,采欣抱怨球球亂怪操作組,Branch,#Simple,0,私も操作組の奴らはクズだと思います。,저도 조작조 녀석들은 쓰레기라고 생각해요.
16cb18d2a2b26981a5a165feae2e28bb.bundle,采欣抱怨球球亂怪操作組,Say,イエホン･キュウ,0,ほら、ジェイもこう言ってる。,"봐, 제이도 이렇게 말하잖아."
16cb18d2a2b26981a5a165feae2e28bb.bundle,采欣抱怨球球亂怪操作組,Say,イエホン･キュウ,1,シンカ、もう彼らを庇うのはやめなよ。,"신카, 이제 걔네 편들지 좀 마."
16cb18d2a2b26981a5a165feae2e28bb.bundle,采欣抱怨球球亂怪操作組,Say,イエホン･キュウ,2,あいつらは俺らよりずっと高い給料を貰ってるんだ。僕らが少しくらいここで悪口を言うくらいいいだろ？,걔네는 우리보다 훨씬 많은 월급을 받잖아. 우리가 여기서 좀 욕하는 정도는 괜찮잖아?
16cb18d2a2b26981a5a165feae2e28bb.bundle,采欣抱怨球球亂怪操作組,Say,タイミン･ソウ,0,シンカ、今回は彼の意見に賛成です。,"신카, 이번엔 저 사람 의견에 찬성이에요."
16cb18d2a2b26981a5a165feae2e28bb.bundle,采欣抱怨球球亂怪操作組,Say,タイミン･ソウ,1,彼らと仕事をしているあなたが……,그들과 함께 일하는 당신이……
16cb18d2a2b26981a5a165feae2e28bb.bundle,采欣抱怨球球亂怪操作組,Say,タイミン･ソウ,2,彼らの悪口を良く思わないのは理解しています。,그들 험담을 안 좋게 여기는 건 이해해요.
16cb18d2a2b26981a5a165feae2e28bb.bundle,采欣抱怨球球亂怪操作組,Say,シンカ･シェ,0,……それに関しては確かに否定しません。,……그건 확실히 부정하지 않겠어요.
16cb18d2a2b26981a5a165feae2e28bb.bundle,采欣抱怨球球亂怪操作組,Say,イエホン･キュウ,3,……,……
16cb18d2a2b26981a5a165feae2e28bb.bundle,采欣抱怨球球亂怪操作組,Say,イエホン･キュウ,4,わかった。これからは言わないように気をつけるよ。,알았어. 앞으로는 말 안 하도록 조심할게.
16cb18d2a2b26981a5a165feae2e28bb.bundle,采欣抱怨球球亂怪操作組,Say,タイミン･ソウ,3,意外だな。すんなり妥協するとは。,의외네요. 순순히 물러설 줄이야.
16cb18d2a2b26981a5a165feae2e28bb.bundle,采欣抱怨球球亂怪操作組,Say,イエホン･キュウ,5,僕はただ彼らが嫌いなだけで、別にシンカを傷つけたいわけじゃない……,"난 그냥 걔네가 싫을 뿐이지, 딱히 신카한테 상처 주고 싶은 건 아니야……"
16cb18d2a2b26981a5a165feae2e28bb.bundle,采欣抱怨球球亂怪操作組,Say,タイミン･ソウ,4,そうですね。,그렇네요.
16cb18d2a2b26981a5a165feae2e28bb.bundle,采欣抱怨球球亂怪操作組,Branch,#Simple,1,ちゃんと操作組のことを知ってから評価すべきだと思います。,제대로 조작조를 알고 나서 평가해야 한다고 생각해요.
16cb18d2a2b26981a5a165feae2e28bb.bundle,采欣抱怨球球亂怪操作組,Say,シンカ･シェ,1,その通りです！,맞아요!
16cb18d2a2b26981a5a165feae2e28bb.bundle,采欣抱怨球球亂怪操作組,Say,イエホン･キュウ,6,彼らのことを知ったら、もっと酷い悪口を言っちゃうかもしれないな。,"걔네를 알고 나면, 더 심한 욕을 하게 될지도 몰라."
16cb18d2a2b26981a5a165feae2e28bb.bundle,采欣抱怨球球亂怪操作組,Say,シンカ･シェ,2,ボーちゃんは操作組の人と話したことなんてないでしょ！,보짱은 조작조 사람이랑 얘기해본 적도 없잖아!
16cb18d2a2b26981a5a165feae2e28bb.bundle,采欣抱怨球球亂怪操作組,Say,イエホン･キュウ,7,たまに仕事で話すさ。一度も上手く話せた試しがないけどね。,가끔 일 때문에 얘기해. 한 번도 제대로 얘기해본 적은 없지만.
16cb18d2a2b26981a5a165feae2e28bb.bundle,采欣抱怨球球亂怪操作組,Branch,#Simple,2,彼らのことを深く知れば、考えが変わるかもしれませんよ。,"그들을 깊이 알게 되면, 생각이 바뀔지도 몰라요."
16cb18d2a2b26981a5a165feae2e28bb.bundle,采欣抱怨球球亂怪操作組,Say,イエホン･キュウ,8,つまり何だ？彼らを知ったら好きになるとでも言うつもり？,그러니까 뭐야? 걔네를 알면 좋아지기라도 한다는 거야?
16cb18d2a2b26981a5a165feae2e28bb.bundle,采欣抱怨球球亂怪操作組,Branch,#Simple,3,そういう意味ではありません。,그런 뜻은 아닙니다.
16cb18d2a2b26981a5a165feae2e28bb.bundle,采欣抱怨球球亂怪操作組,Say,イエホン･キュウ,9,言いたいことはわかるけどさ。,무슨 말인지는 알겠는데.
16cb18d2a2b26981a5a165feae2e28bb.bundle,采欣抱怨球球亂怪操作組,Say,イエホン･キュウ,10,でも僕は嫌いな人間に時間をかけるほど、暇じゃないんだ。,"그래도 난 싫은 사람한테 시간 쏟을 만큼, 한가하지 않아."
16cb18d2a2b26981a5a165feae2e28bb.bundle,采欣抱怨球球亂怪操作組,Branch,#Simple,4,そうなれたら一番いいですね。,그렇게 되면 제일 좋겠네요.
16cb18d2a2b26981a5a165feae2e28bb.bundle,采欣抱怨球球亂怪操作組,Say,イエホン･キュウ,11,そんなのあり得ないよ。,그런 건 있을 수 없어.
16cb18d2a2b26981a5a165feae2e28bb.bundle,采欣抱怨球球亂怪操作組,Say,イエホン･キュウ,12,ジェイも操作組の肩を持つの？,제이도 조작조 편드는 거야?
16cb18d2a2b26981a5a165feae2e28bb.bundle,采欣抱怨球球亂怪操作組,Branch,#Simple,5,いえ、彼らのことを知らないから否定もできないだけです。,"아뇨, 그들을 모르니까 부정도 못 하는 것뿐이에요."
16cb18d2a2b26981a5a165feae2e28bb.bundle,采欣抱怨球球亂怪操作組,Say,イエホン･キュウ,13,君はここに来たばかりだからね。,너는 여기 온 지 얼마 안 됐으니까.
16cb18d2a2b26981a5a165feae2e28bb.bundle,采欣抱怨球球亂怪操作組,Say,イエホン･キュウ,14,でもここにいる皆は君とは違う……,하지만 여기 있는 다들은 너랑은 달라……
16cb18d2a2b26981a5a165feae2e28bb.bundle,采欣抱怨球球亂怪操作組,Branch,#Simple,6,知りもせずに人を評価したくないだけです。,알지도 못하면서 사람을 평가하고 싶지 않을 뿐이에요.
16cb18d2a2b26981a5a165feae2e28bb.bundle,采欣抱怨球球亂怪操作組,Say,イエホン･キュウ,15,まあ、その考えは理解できるよ。,"뭐, 그 생각은 이해할 수 있어."
16cb18d2a2b26981a5a165feae2e28bb.bundle,采欣抱怨球球亂怪操作組,Say,イエホン･キュウ,16,でも正直に言うとね……,근데 솔직히 말하면……
16cb18d2a2b26981a5a165feae2e28bb.bundle,采欣抱怨球球亂怪操作組,Branch,#Simple,7,……,……
16cb18d2a2b26981a5a165feae2e28bb.bundle,采欣抱怨球球亂怪操作組,Say,イエホン･キュウ,17,それに。,게다가.
16cb18d2a2b26981a5a165feae2e28bb.bundle,采欣抱怨球球亂怪操作組,Branch,#Simple,8,……,……
16cb18d2a2b26981a5a165feae2e28bb.bundle,采欣抱怨球球亂怪操作組,Say,シンカ･シェ,3,もういいです。過剰に反応した私が悪かったです。,이제 됐어요. 과민 반응한 제가 잘못했어요.
16cb18d2a2b26981a5a165feae2e28bb.bundle,采欣抱怨球球亂怪操作組,Say,シンカ･シェ,4,それにむきになるほどの話ではありません。,게다가 발끈할 정도의 얘기도 아니고요.
16cb18d2a2b26981a5a165feae2e28bb.bundle,采欣抱怨球球亂怪操作組,Say,イエホン･キュウ,18,う、うん……,"으, 응……"
16cb18d2a2b26981a5a165feae2e28bb.bundle,采欣抱怨球球亂怪操作組,Say,イエホン･キュウ,19,……,……
16cb18d2a2b26981a5a165feae2e28bb.bundle,采欣抱怨球球亂怪操作組,Say,イエホン･キュウ,20,<s>……僕、言い過ぎたのかな？</s>,"<s>……내가, 너무 심했나?</s>"
16cb18d2a2b26981a5a165feae2e28bb.bundle,采欣抱怨球球亂怪操作組,Say,タイミン･ソウ,5,<s>言い過ぎたというより、態度が最悪だったからな。</s>,"<s>말이 심했다기보다, 태도가 최악이었으니까.</s>"
16cb18d2a2b26981a5a165feae2e28bb.bundle,采欣抱怨球球亂怪操作組,Say,イエホン･キュウ,21,<s>はぁ……後でシンカに謝ろう……</s>,<s>하아……나중에 신카한테 사과하자……</s>
16cb18d2a2b26981a5a165feae2e28bb.bundle,采欣抱怨球球亂怪操作組,Say,イエホン･キュウ,22,<s>僕はただ操作組が嫌いなだけなのに……</s>,<s>난 그냥 조작조가 싫을 뿐인데……</s>
16cb18d2a2b26981a5a165feae2e28bb.bundle,偷闖辦公室事件(自動),Say,シンホン･ゴ,0,待て、今すぐに！？,"잠깐, 지금 당장!?"
16cb18d2a2b26981a5a165feae2e28bb.bundle,偷闖辦公室事件(自動),Say,シンホン･ゴ,1,……,……
16cb18d2a2b26981a5a165feae2e28bb.bundle,偷闖辦公室事件(自動),Say,シンホン･ゴ,2,もう全部探したよ！,이미 다 찾아봤어!
16cb18d2a2b26981a5a165feae2e28bb.bundle,偷闖辦公室事件(自動),Say,シンホン･ゴ,3,リュウセイの棚もな！,류성 선반도!
16cb18d2a2b26981a5a165feae2e28bb.bundle,偷闖辦公室事件(自動),Say,シンホン･ゴ,4,あいつの席って意外と綺麗に片付いてるんだよな。これがギャップ萌えってやつなのか？,그놈 자리는 의외로 깔끔하게 정리돼 있단 말이지. 이게 반전 매력이란 건가?
16cb18d2a2b26981a5a165feae2e28bb.bundle,偷闖辦公室事件(自動),Say,シンホン･ゴ,5,……,……
16cb18d2a2b26981a5a165feae2e28bb.bundle,偷闖辦公室事件(自動),Say,シンホン･ゴ,6,ここで何をしてるかって？,여기서 뭐 하고 있냐고?
16cb18d2a2b26981a5a165feae2e28bb.bundle,偷闖辦公室事件(自動),Say,シンホン･ゴ,7,俺はたまに、リュウセイに仕事を任せたりするから……,"나는 가끔, 류성한테 일을 맡기기도 하니까……"
16cb18d2a2b26981a5a165feae2e28bb.bundle,偷闖辦公室事件(自動),Say,シンホン･ゴ,8,……,……
16cb18d2a2b26981a5a165feae2e28bb.bundle,偷闖辦公室事件(自動),Say,シンホン･ゴ,9,別にサボってるわけじゃないからな！,딱히 땡땡이치는 거 아니거든!
16cb18d2a2b26981a5a165feae2e28bb.bundle,偷闖辦公室事件(自動),Say,シンホン･ゴ,10,じゃなくて！今はそんなことはどうでもいい！,그게 아니라! 지금은 그런 건 아무래도 상관없어!
16cb18d2a2b26981a5a165feae2e28bb.bundle,偷闖辦公室事件(自動),Say,シンホン･ゴ,11,もう終わりだ。絶対に殺される。,이제 끝이다. 무조건 죽는다.
16cb18d2a2b26981a5a165feae2e28bb.bundle,偷闖辦公室事件,Say,シンホン･ゴ,0,あ！ジェイ！,아! 제이!
16cb18d2a2b26981a5a165feae2e28bb.bundle,偷闖辦公室事件,Say,シンホン･ゴ,1,た、助けてくれ……！,"도, 도와줘……!"
16cb18d2a2b26981a5a165feae2e28bb.bundle,偷闖辦公室事件,Branch,#Simple,0,どうしたんです？,무슨 일이에요?
16cb18d2a2b26981a5a165feae2e28bb.bundle,偷闖辦公室事件,Branch,#Simple,1,何かをなくしたんですか？,뭔가 잃어버리신 거예요?
16cb18d2a2b26981a5a165feae2e28bb.bundle,偷闖辦公室事件,Say,シンホン･ゴ,2,今、時間あるか？,"지금, 시간 있어?"
16cb18d2a2b26981a5a165feae2e28bb.bundle,偷闖辦公室事件,Say,心の声,0,契約までまだ時間があるはずだ……,계약까지 아직 시간 있을 텐데……
16cb18d2a2b26981a5a165feae2e28bb.bundle,偷闖辦公室事件,Branch,#Simple,2,はい。,네.
16cb18d2a2b26981a5a165feae2e28bb.bundle,偷闖辦公室事件,Say,シンホン･ゴ,3,そ、それが……,"그, 그게……"
16cb18d2a2b26981a5a165feae2e28bb.bundle,偷闖辦公室事件,Branch,#Simple,3,それは内容次第ですね。,그건 내용에 따라 다르네요.
16cb18d2a2b26981a5a165feae2e28bb.bundle,偷闖辦公室事件,Say,シンホン･ゴ,4,じゃ、あるってことでいいな！,"그럼, 있다는 걸로 알게!"
16cb18d2a2b26981a5a165feae2e28bb.bundle,偷闖辦公室事件,Say,シンホン･ゴ,5,実は、大事な資料をばあさんのオフィスに忘れちまったんだ。,"실은, 중요한 자료를 할머니 사무실에 두고 왔어."
16cb18d2a2b26981a5a165feae2e28bb.bundle,偷闖辦公室事件,Say,シンホン･ゴ,6,だけどそれを取りに行くのが怖くてさ……,근데 그거 가지러 가는 게 무서워서……
16cb18d2a2b26981a5a165feae2e28bb.bundle,偷闖辦公室事件,Say,タイミン･ソウ,0,ハハハ、そんなに怖いのですか？入って取るだけじゃないですか。,"하하하, 그렇게 무서워요? 들어가서 가져오기만 하면 되잖아요."
16cb18d2a2b26981a5a165feae2e28bb.bundle,偷闖辦公室事件,Say,シンホン･ゴ,7,そ、そこまで言うなら、代わりに取ってきてくれよ。,"그, 그렇게까지 말하면, 대신 가져와 줘."
16cb18d2a2b26981a5a165feae2e28bb.bundle,偷闖辦公室事件,Say,タイミン･ソウ,1,……,……
16cb18d2a2b26981a5a165feae2e28bb.bundle,偷闖辦公室事件,Say,タイミン･ソウ,2,遠慮しておきます……,사양하겠습니다……
16cb18d2a2b26981a5a165feae2e28bb.bundle,偷闖辦公室事件,Say,シンホン･ゴ,8,ほらみろ！！！,거 봐라!!!
16cb18d2a2b26981a5a165feae2e28bb.bundle,偷闖辦公室事件,Say,シンホン･ゴ,9,あの資料が今どうしても必要なんだよ！,그 자료가 지금 아무래도 필요하다고!
16cb18d2a2b26981a5a165feae2e28bb.bundle,偷闖辦公室事件,Branch,#Simple,4,マネージャーに事情を説明したらどうですか？,매니저한테 사정을 설명하는 건 어때요?
16cb18d2a2b26981a5a165feae2e28bb.bundle,偷闖辦公室事件,Say,シンホン･ゴ,10,獣とコミュニケーション取れると思うのか？,짐승이랑 대화가 통할 거라고 생각하냐?
16cb18d2a2b26981a5a165feae2e28bb.bundle,偷闖辦公室事件,Say,タイミン･ソウ,3,そんなことを言ってるから、ばあさんに殴られるんですよ……,"그런 소리 하니까, 할머니한테 얻어맞는 거예요……"
16cb18d2a2b26981a5a165feae2e28bb.bundle,偷闖辦公室事件,Branch,#Simple,5,わかりません。,모르겠습니다.
16cb18d2a2b26981a5a165feae2e28bb.bundle,偷闖辦公室事件,Say,シンホン･ゴ,11,そんな！,그런!
16cb18d2a2b26981a5a165feae2e28bb.bundle,偷闖辦公室事件,Say,タイミン･ソウ,4,ジェイ、彼に構わなくて大丈夫ですよ。,"제이, 얘 신경 안 써도 돼요."
16cb18d2a2b26981a5a165feae2e28bb.bundle,偷闖辦公室事件,Branch,#Simple,6,マネージャーがいない隙にこっそり取るとかですか？,매니저가 없는 틈에 몰래 가져오는 거예요?
16cb18d2a2b26981a5a165feae2e28bb.bundle,偷闖辦公室事件,Say,シンホン･ゴ,12,ナイスアイデア！,나이스 아이디어!
16cb18d2a2b26981a5a165feae2e28bb.bundle,偷闖辦公室事件,Say,タイミン･ソウ,5,でもマネージャーがオフィスから出ると、自動でロックがかかりますよ。,"근데 매니저가 사무실에서 나가면, 자동으로 잠기잖아요."
16cb18d2a2b26981a5a165feae2e28bb.bundle,偷闖辦公室事件,Say,シンホン･ゴ,13,ダメじゃねーか！,안 되는 거잖아!
16cb18d2a2b26981a5a165feae2e28bb.bundle,偷闖辦公室事件,Say,イエホン･キュウ,0,何の話してるの？,무슨 얘기 하고 있어?
16cb18d2a2b26981a5a165feae2e28bb.bundle,偷闖辦公室事件,Say,タイミン･ソウ,6,シンホンがばあさんのオフィスに資料を忘れてたって。,신홍이 할머니 사무실에 자료를 두고 왔대.
16cb18d2a2b26981a5a165feae2e28bb.bundle,偷闖辦公室事件,Say,シンホン･ゴ,14,緊急事態なんだ！,긴급사태야!
16cb18d2a2b26981a5a165feae2e28bb.bundle,偷闖辦公室事件,Say,イエホン･キュウ,1,ふーん……,흐음……
16cb18d2a2b26981a5a165feae2e28bb.bundle,偷闖辦公室事件,Say,イエホン･キュウ,2,僕がドアを開けられるって言ったらどうする？,내가 문 열 수 있다고 하면 어떨래?
16cb18d2a2b26981a5a165feae2e28bb.bundle,偷闖辦公室事件,Say,シンホン･ゴ,15,さすがボラエモン！,역시 보라에몽!
16cb18d2a2b26981a5a165feae2e28bb.bundle,偷闖辦公室事件,Say,タイミン･ソウ,7,ボーちゃん……,보짱……
16cb18d2a2b26981a5a165feae2e28bb.bundle,偷闖辦公室事件,Say,タイミン･ソウ,8,何をするつもりだ？,뭘 할 생각인 거지?
16cb18d2a2b26981a5a165feae2e28bb.bundle,偷闖辦公室事件,Say,イエホン･キュウ,3,僕はオフィスの修理権限を持ってるから、短時間ならドアを開けられるんだ。,"나는 사무실 수리 권한이 있어서, 짧은 시간이면 문을 열 수 있어."
16cb18d2a2b26981a5a165feae2e28bb.bundle,偷闖辦公室事件,Say,イエホン･キュウ,4,もちろん、ばあさんがいない時だけど。,"물론, 할머니가 없을 때뿐이지만."
16cb18d2a2b26981a5a165feae2e28bb.bundle,偷闖辦公室事件,Say,リュウセイ･チョウ,0,いないって、誰がっすか？,"없다니, 누가요?"
16cb18d2a2b26981a5a165feae2e28bb.bundle,偷闖辦公室事件,Say,タイミン･ソウ,9,マネージャーだよ。,매니저 말이야.
16cb18d2a2b26981a5a165feae2e28bb.bundle,偷闖辦公室事件,Say,シンホン･ゴ,16,あれ？リュウセイはマネージャーに呼び出されてたよな？,어라? 류세이 매니저한테 불려갔었지?
16cb18d2a2b26981a5a165feae2e28bb.bundle,偷闖辦公室事件,Branch,#Simple,7,もう解放されたのか？,벌써 풀려났냐?
16cb18d2a2b26981a5a165feae2e28bb.bundle,偷闖辦公室事件,Say,リュウセイ･チョウ,1,とっくに終わったっすよ。,진작에 끝났어요.
16cb18d2a2b26981a5a165feae2e28bb.bundle,偷闖辦公室事件,Say,リュウセイ･チョウ,2,説教くらいまくったっす……,잔소리 실컷 들었어요……
16cb18d2a2b26981a5a165feae2e28bb.bundle,偷闖辦公室事件,Say,シンホン･ゴ,17,そんなことはどうでもいい！今は俺が大変なんだ！,그런 건 아무래도 상관없어! 지금은 내가 큰일이라고!
16cb18d2a2b26981a5a165feae2e28bb.bundle,偷闖辦公室事件,Say,リュウセイ･チョウ,3,あ、申し訳ないっす。,"아, 죄송해요."
16cb18d2a2b26981a5a165feae2e28bb.bundle,偷闖辦公室事件,Say,リュウセイ･チョウ,4,ばあさんに散々怒られたっすよ。,할머니한테 엄청 혼났어요.
16cb18d2a2b26981a5a165feae2e28bb.bundle,偷闖辦公室事件,Say,リュウセイ･チョウ,5,まあ、僕の自業自得っすけど……,"뭐, 제 자업자득이지만요……"
16cb18d2a2b26981a5a165feae2e28bb.bundle,偷闖辦公室事件,Branch,#Simple,8,大丈夫か？,괜찮아?
16cb18d2a2b26981a5a165feae2e28bb.bundle,偷闖辦公室事件,Branch,#Simple,9,マネージャーが過剰なだけだ。,매니저가 과한 것뿐이다.
16cb18d2a2b26981a5a165feae2e28bb.bundle,偷闖辦公室事件,Say,リュウセイ･チョウ,6,僕なら大丈夫っすよ！,저는 괜찮아요!
16cb18d2a2b26981a5a165feae2e28bb.bundle,偷闖辦公室事件,Branch,#Simple,10,……,……
16cb18d2a2b26981a5a165feae2e28bb.bundle,偷闖辦公室事件,Say,シンホン･ゴ,18,そんなことはどうでもいい！今は俺が大変なんだ！,그런 건 아무래도 상관없어! 지금은 내가 큰일이라고!
16cb18d2a2b26981a5a165feae2e28bb.bundle,偷闖辦公室事件,Say,リュウセイ･チョウ,7,あ、申し訳ないっす。,"아, 죄송해요."
16cb18d2a2b26981a5a165feae2e28bb.bundle,偷闖辦公室事件,Branch,#Simple,11,どんどん人が集まってきますね。,점점 사람이 모이네요.
16cb18d2a2b26981a5a165feae2e28bb.bundle,偷闖辦公室事件,Say,タイミン･ソウ,10,ああ、僕はただの好奇心ですよ。,"아, 저는 그냥 호기심이에요."
16cb18d2a2b26981a5a165feae2e28bb.bundle,偷闖辦公室事件,Say,イエホン･キュウ,5,面白そうだったから来てみた！,재밌어 보여서 와봤어!
16cb18d2a2b26981a5a165feae2e28bb.bundle,偷闖辦公室事件,Say,リュウセイ･チョウ,8,僕もっす！,저도요!
16cb18d2a2b26981a5a165feae2e28bb.bundle,偷闖辦公室事件,Say,シンホン･ゴ,19,何も面白くなんかないんだよ！！！,하나도 재미없다고!!!
16cb18d2a2b26981a5a165feae2e28bb.bundle,偷闖辦公室事件,Say,シンホン･ゴ,20,リュウセイ、ばあさんは今どこだ？,"류세이, 할머니 지금 어디 있어?"
16cb18d2a2b26981a5a165feae2e28bb.bundle,偷闖辦公室事件,Branch,#Simple,12,……,……
16cb18d2a2b26981a5a165feae2e28bb.bundle,偷闖辦公室事件,Say,リュウセイ･チョウ,9,えっと、出かけたっす。どこに行ったかまではわかんないっすけど。,"음, 나가셨어요. 어디 가셨는지까지는 모르겠지만요."
16cb18d2a2b26981a5a165feae2e28bb.bundle,偷闖辦公室事件,Say,シンホン･ゴ,21,やるなら今しかない！,할 거면 지금밖에 없어!
16cb18d2a2b26981a5a165feae2e28bb.bundle,偷闖辦公室事件,Say,リュウセイ･チョウ,10,言っとくっすけど、ばあさんかなり機嫌悪かったっすよ。,"말해두는데, 할머니 기분 꽤 안 좋으셨어요."
16cb18d2a2b26981a5a165feae2e28bb.bundle,偷闖辦公室事件,Say,シンホン･ゴ,22,……,……
16cb18d2a2b26981a5a165feae2e28bb.bundle,偷闖辦公室事件,Say,シンホン･ゴ,23,そんなの知るか！作戦開始だ！,그런 거 알 게 뭐야! 작전 개시다!
16cb18d2a2b26981a5a165feae2e28bb.bundle,偷闖辦公室事件,Say,イエホン･キュウ,6,おお！,오!
16cb18d2a2b26981a5a165feae2e28bb.bundle,偷闖辦公室事件,Say,タイミン･ソウ,11,作戦って、大げさな……,"작전이라니, 거창하게……"
16cb18d2a2b26981a5a165feae2e28bb.bundle,偷闖辦公室事件,Say,リュウセイ･チョウ,11,面白そうっすね。,재밌겠네요.
16cb18d2a2b26981a5a165feae2e28bb.bundle,偷闖辦公室事件,Say,シンホン･ゴ,24,ボーちゃんがドアを開けたら、俺が急いで資料を取りに行く。,"보짱이 문을 열면, 내가 급히 자료를 가지러 간다."
16cb18d2a2b26981a5a165feae2e28bb.bundle,偷闖辦公室事件,Say,シンホン･ゴ,25,一人はエレベーターを見張ってくれ！,한 명은 엘리베이터를 지켜봐줘!
16cb18d2a2b26981a5a165feae2e28bb.bundle,偷闖辦公室事件,Say,シンホン･ゴ,26,タイミン、もしばあさんが帰って来たら時間を稼いでくれ！,"타이밍, 혹시 할머니가 돌아오면 시간을 벌어줘!"
16cb18d2a2b26981a5a165feae2e28bb.bundle,偷闖辦公室事件,Say,タイミン･ソウ,12,僕は今忙しいので。,저는 지금 바빠서요.
16cb18d2a2b26981a5a165feae2e28bb.bundle,偷闖辦公室事件,Say,リュウセイ･チョウ,12,あ、僕も、用事を思い出したっす！,"아, 저도, 용무가 생각났어요!"
16cb18d2a2b26981a5a165feae2e28bb.bundle,偷闖辦公室事件,Say,シンホン･ゴ,27,おい！薄情すぎないか……！,야! 너무 매정한 거 아니냐……!
16cb18d2a2b26981a5a165feae2e28bb.bundle,偷闖辦公室事件,Say,心の声,1,ボーちゃんとシンホンが俺を見つめてくる。,보짱이랑 신홍이 나를 쳐다본다.
16cb18d2a2b26981a5a165feae2e28bb.bundle,偷闖辦公室事件,Say,心の声,2,首を突っ込んで大丈夫なのか……？,끼어들어도 괜찮은 건가……?
16cb18d2a2b26981a5a165feae2e28bb.bundle,偷闖辦公室事件,Branch,#Simple,13,わかりました。手伝います。,알겠습니다. 돕겠습니다.
16cb18d2a2b26981a5a165feae2e28bb.bundle,偷闖辦公室事件,Say,シンホン･ゴ,28,さすがだ、ジェイ！,"역시다, 제이!"
16cb18d2a2b26981a5a165feae2e28bb.bundle,偷闖辦公室事件,Say,シンホン･ゴ,29,そうと決まったら急ぐぞ！,그렇게 정해졌으면 서두르자!
16cb18d2a2b26981a5a165feae2e28bb.bundle,偷闖辦公室事件,Say,シンホン･ゴ,30,ジェイはエレベーターの横で待機してくれ。,제이는 엘리베이터 옆에서 대기해줘.
16cb18d2a2b26981a5a165feae2e28bb.bundle,偷闖辦公室事件,Say,シンホン･ゴ,31,もしばあさんが来たら、できるだけ時間稼ぎを。,"혹시 할머니가 오면, 최대한 시간을 끌어줘."
16cb18d2a2b26981a5a165feae2e28bb.bundle,偷闖辦公室事件,Say,シンホン･ゴ,32,今度こそ、作戦開始だ！,"이번에야말로, 작전 개시다!"
16cb18d2a2b26981a5a165feae2e28bb.bundle,偷闖辦公室事件,Say,イエホン･キュウ,7,おお！,오!
16cb18d2a2b26981a5a165feae2e28bb.bundle,偷闖辦公室事件,Say,シンホン･ゴ,33,走れ！ボーちゃん！,달려! 보짱!
16cb18d2a2b26981a5a165feae2e28bb.bundle,偷闖辦公室事件,Say,イエホン･キュウ,8,だが断る！,하지만 거절한다!
16cb18d2a2b26981a5a165feae2e28bb.bundle,偷闖辦公室事件,Say,心の声,3,首を突っ込むべきじゃなかったか……,끼어들지 말았어야 했나……
16cb18d2a2b26981a5a165feae2e28bb.bundle,偷闖辦公室事件,Branch,#Simple,14,無理です。,무리입니다.
16cb18d2a2b26981a5a165feae2e28bb.bundle,偷闖辦公室事件,Say,シンホン･ゴ,34,頼むよ！,부탁이야!
16cb18d2a2b26981a5a165feae2e28bb.bundle,偷闖辦公室事件,Branch,#Simple,15,わかりました。手伝います。,알겠습니다. 돕겠습니다.
16cb18d2a2b26981a5a165feae2e28bb.bundle,偷闖辦公室事件,Branch,#Simple,16,説教をくらったばかりなんです。,방금 막 잔소리를 들었어요.
16cb18d2a2b26981a5a165feae2e28bb.bundle,偷闖辦公室事件,Branch,#Simple,17,私はまだ採用されていない身ですよ。,저는 아직 채용도 안 된 몸이에요.
16cb18d2a2b26981a5a165feae2e28bb.bundle,偷闖辦公室事件,Say,シンホン･ゴ,35,そんな……,그런……
16cb18d2a2b26981a5a165feae2e28bb.bundle,偷闖辦公室事件,Say,イエホン･キュウ,9,やめておく？,관둘까?
16cb18d2a2b26981a5a165feae2e28bb.bundle,偷闖辦公室事件,Say,シンホン･ゴ,36,ああ……,그래……
16cb18d2a2b26981a5a165feae2e28bb.bundle,偷闖辦公室事件,Say,シンホン･ゴ,37,自分でなんとかするよ。,내가 알아서 어떻게든 해볼게.
16cb18d2a2b26981a5a165feae2e28bb.bundle,偷闖辦公室事件,Branch,#Simple,18,わかりました。手伝います。,알겠습니다. 돕겠습니다.
16cb18d2a2b26981a5a165feae2e28bb.bundle,偷闖辦公室事件,Say,シンホン･ゴ,38,本当か！？,정말이야!?
16cb18d2a2b26981a5a165feae2e28bb.bundle,偷闖辦公室事件,Branch,#Simple,19,ばあさんにきちんと事情を説明すればいいだけですよ。,할머니한테 제대로 사정을 설명하면 되는 거예요.
16cb18d2a2b26981a5a165feae2e28bb.bundle,偷闖辦公室事件,Say,シンホン･ゴ,39,……,……
16cb18d2a2b26981a5a165feae2e28bb.bundle,偷闖辦公室事件,Say,シンホン･ゴ,40,そうするしかないな……,그럴 수밖에 없나……
16cb18d2a2b26981a5a165feae2e28bb.bundle,偷闖辦公室事件,Branch,#Simple,20,……,……
16cb18d2a2b26981a5a165feae2e28bb.bundle,偷闖辦公室事件,Say,イエホン･キュウ,10,じゃ、解散？,"그럼, 해산?"
16cb18d2a2b26981a5a165feae2e28bb.bundle,偷闖辦公室事件,Say,シンホン･ゴ,41,解散だ……,해산이다……
16cb18d2a2b26981a5a165feae2e28bb.bundle,偷闖辦公室事件,Say,シンホン･ゴ,42,悪かったな、時間を取らせて。,"미안했다, 시간 뺏어서."
16cb18d2a2b26981a5a165feae2e28bb.bundle,偷闖辦公室事件,Say,シンホン･ゴ,43,はぁ、他の手を考えるから俺はもう行くよ。,"하아, 다른 방법 생각해볼 테니까 나는 이제 갈게."
16cb18d2a2b26981a5a165feae2e28bb.bundle,電梯口堵阿姨,Say,心の声,0,ここでマネージャーを待とう。,여기서 매니저를 기다리자.
16cb18d2a2b26981a5a165feae2e28bb.bundle,電梯口堵阿姨,Say,心の声,1,……,……
16cb18d2a2b26981a5a165feae2e28bb.bundle,電梯口堵阿姨,Say,心の声,2,本当にイファ･ヨウが帰って来るのか……,정말로 이화 요가 돌아오려나……
16cb18d2a2b26981a5a165feae2e28bb.bundle,電梯口堵阿姨,Say,心の声,3,時間稼ぎをしろと言われても、具体的に何をすれば……,"시간을 끌라는 말을 들어도, 구체적으로 뭘 해야……"
16cb18d2a2b26981a5a165feae2e28bb.bundle,電梯口堵阿姨,Say,心の声,4,……,……
16cb18d2a2b26981a5a165feae2e28bb.bundle,電梯口堵阿姨,Say,心の声,5,き、来た……！？,"오, 온다……!?"
16cb18d2a2b26981a5a165feae2e28bb.bundle,電梯口堵阿姨,Say,イファ･ヨウ,0,……ジェイ･ダイ？,……제이 다이?
16cb18d2a2b26981a5a165feae2e28bb.bundle,電梯口堵阿姨,Say,イファ･ヨウ,1,こんなところで何をしている？,이런 데서 뭘 하고 있지?
16cb18d2a2b26981a5a165feae2e28bb.bundle,電梯口堵阿姨,Branch,#Simple,0,休憩していただけです。,그냥 쉬고 있었을 뿐입니다.
16cb18d2a2b26981a5a165feae2e28bb.bundle,電梯口堵阿姨,Say,イファ･ヨウ,2,廊下で？,복도에서?
16cb18d2a2b26981a5a165feae2e28bb.bundle,電梯口堵阿姨,Branch,#Simple,1,人を待っているんです。,사람을 기다리고 있습니다.
16cb18d2a2b26981a5a165feae2e28bb.bundle,電梯口堵阿姨,Say,イファ･ヨウ,3,そう。私には関係のないことだし、失礼するよ。,"그래. 나랑은 상관없는 일이고, 실례하지."
16cb18d2a2b26981a5a165feae2e28bb.bundle,電梯口堵阿姨,Branch,#Simple,2,待ってください！,잠깐만요!
16cb18d2a2b26981a5a165feae2e28bb.bundle,電梯口堵阿姨,Say,イファ･ヨウ,4,どうした？,무슨 일이지?
16cb18d2a2b26981a5a165feae2e28bb.bundle,電梯口堵阿姨,Branch,#Simple,3,実は、仕事について聞きたいことがあります。,"실은, 업무에 대해 여쭙고 싶은 게 있습니다."
16cb18d2a2b26981a5a165feae2e28bb.bundle,電梯口堵阿姨,Say,イファ･ヨウ,5,イー･テイやジーンに聞きなさい。,이 팅이나 진한테 물어봐.
16cb18d2a2b26981a5a165feae2e28bb.bundle,電梯口堵阿姨,Branch,#Simple,4,いい香りの香水をつけていますね。どこのブランドですか？,좋은 향수 쓰시네요. 어느 브랜드예요?
16cb18d2a2b26981a5a165feae2e28bb.bundle,電梯口堵阿姨,Say,イファ･ヨウ,6,……,……
16cb18d2a2b26981a5a165feae2e28bb.bundle,電梯口堵阿姨,Say,心の声,6,嫌な顔をされた……,싫은 표정을 지었다……
16cb18d2a2b26981a5a165feae2e28bb.bundle,電梯口堵阿姨,Say,イファ･ヨウ,7,失礼する。,실례하지.
16cb18d2a2b26981a5a165feae2e28bb.bundle,電梯口堵阿姨,Branch,#Simple,5,どこに行ってたんですか？,어디 다녀오셨어요?
16cb18d2a2b26981a5a165feae2e28bb.bundle,電梯口堵阿姨,Say,イファ･ヨウ,8,貴方に報告する義務はない。,당신한테 보고할 의무는 없어.
16cb18d2a2b26981a5a165feae2e28bb.bundle,電梯口堵阿姨,Branch,#Simple,6,ただの好奇心です。,그냥 궁금해서요.
16cb18d2a2b26981a5a165feae2e28bb.bundle,電梯口堵阿姨,Branch,#Simple,7,マネージャーの仕事について学びたいと思いまして……,매니저 업무에 대해 배우고 싶어서요……
16cb18d2a2b26981a5a165feae2e28bb.bundle,電梯口堵阿姨,Branch,#Simple,8,契約室はどこですか？,계약실은 어디예요?
16cb18d2a2b26981a5a165feae2e28bb.bundle,電梯口堵阿姨,Say,イファ･ヨウ,9,だからイー･テイチーフに聞きなさい。,그러니까 이 팅 팀장한테 물어보라니까.
16cb18d2a2b26981a5a165feae2e28bb.bundle,電梯口堵阿姨,Branch,#Simple,9,そういえば、さっき来客があったんです！,"그러고 보니, 아까 손님이 오셨었어요!"
16cb18d2a2b26981a5a165feae2e28bb.bundle,電梯口堵阿姨,Say,イファ･ヨウ,10,来客？,손님?
16cb18d2a2b26981a5a165feae2e28bb.bundle,電梯口堵阿姨,Say,イファ･ヨウ,11,誰？,누구?
16cb18d2a2b26981a5a165feae2e28bb.bundle,電梯口堵阿姨,Branch,#Simple,10,名乗りませんでしたが、アポは取っていたと言ってました。,"이름은 안 밝혔지만, 약속은 잡았었다고 하시더라고요."
16cb18d2a2b26981a5a165feae2e28bb.bundle,電梯口堵阿姨,Branch,#Simple,11,この後にある用事を忘れないでくれよ、とだけ言って帰っていきました。,'이후 있을 용무 잊지 말라고'만 말씀하시고 돌아가셨어요.
16cb18d2a2b26981a5a165feae2e28bb.bundle,電梯口堵阿姨,Say,イファ･ヨウ,12,……何だって。,……뭐라고.
16cb18d2a2b26981a5a165feae2e28bb.bundle,電梯口堵阿姨,Say,イファ･ヨウ,13,次からは相手の名前と要件くらい聞きなさい。,다음부턴 상대 이름이랑 용건 정도는 물어봐.
16cb18d2a2b26981a5a165feae2e28bb.bundle,電梯口堵阿姨,Say,イファ･ヨウ,14,社会人としての対応が足りない。,사회인으로서 대응이 부족해.
16cb18d2a2b26981a5a165feae2e28bb.bundle,電梯口堵阿姨,Branch,#Simple,12,……,……
16cb18d2a2b26981a5a165feae2e28bb.bundle,電梯口堵阿姨,Say,イファ･ヨウ,15,時間の無駄ね。,시간 낭비네.
16cb18d2a2b26981a5a165feae2e28bb.bundle,電梯口堵阿姨,Say,心の声,7,しまった……,아차……
16cb18d2a2b26981a5a165feae2e28bb.bundle,電梯口堵阿姨,Say,心の声,8,全然時間稼ぎができてない……！,전혀 시간을 못 끌었다……!
16cb18d2a2b26981a5a165feae2e28bb.bundle,電梯口堵阿姨,Say,心の声,9,このままだとマネージャーに見られる……,이대로면 매니저한테 들키겠다……
16cb18d2a2b26981a5a165feae2e28bb.bundle,電梯口堵阿姨,Say,心の声,10,いや、そんなことより……,"아니, 그보다……"
16cb18d2a2b26981a5a165feae2e28bb.bundle,電梯口堵阿姨,Say,心の声,11,俺が共犯だって気づかれないよな……,내가 공범이라는 걸 눈치채진 않겠지……
16cb18d2a2b26981a5a165feae2e28bb.bundle,電梯口堵阿姨,Say,心の声,12,様子を見に行くか。,상황을 보러 가볼까.
16cb18d2a2b26981a5a165feae2e28bb.bundle,電梯口堵阿姨,Say,イファ･ヨウ,16,ジェイ･ダイ、もう仕事に戻りなさい。,"제이 다이, 이제 일하러 돌아가."
16cb18d2a2b26981a5a165feae2e28bb.bundle,電梯口堵阿姨,Say,イファ･ヨウ,17,せっかく面談で悪くない評価をあげたのに、こんなことで下げないで。,"모처럼 면담에서 나쁘지 않은 평가를 줬는데, 이런 걸로 깎지 마."
16cb18d2a2b26981a5a165feae2e28bb.bundle,電梯口堵阿姨,Say,イファ･ヨウ,18,あんな酷い面談をしといて、まだ何かする気なの？,"그렇게 형편없는 면담을 해놓고, 아직도 뭘 할 생각이야?"
16cb18d2a2b26981a5a165feae2e28bb.bundle,電梯口堵阿姨,Say,イファ･ヨウ,19,ここで働く気がないのかしら。,여기서 일할 생각이 없는 건가.
16cb18d2a2b26981a5a165feae2e28bb.bundle,電梯口堵阿姨,Say,心の声,13,シンホンに協力するべきじゃなかった……,신홍한테 협력하지 말았어야 했다……
16cb18d2a2b26981a5a165feae2e28bb.bundle,電梯口堵阿姨,Branch,#Simple,13,……,……
16cb18d2a2b26981a5a165feae2e28bb.bundle,電梯口堵阿姨,Say,心の声,14,しまった……,아차……
16cb18d2a2b26981a5a165feae2e28bb.bundle,電梯口堵阿姨,Say,心の声,15,全然時間稼ぎができてない……！,전혀 시간을 못 끌었다……!
16cb18d2a2b26981a5a165feae2e28bb.bundle,電梯口堵阿姨,Say,心の声,16,このままだとマネージャーに見られる……,이대로면 매니저한테 들키겠다……
16cb18d2a2b26981a5a165feae2e28bb.bundle,電梯口堵阿姨,Say,心の声,17,止めないと……,말려야……
16cb18d2a2b26981a5a165feae2e28bb.bundle,電梯口堵阿姨,Say,心の声,18,俺が共犯だって気づかれないよな……,내가 공범이라는 걸 눈치채진 않겠지……
16cb18d2a2b26981a5a165feae2e28bb.bundle,電梯口堵阿姨,Say,心の声,19,様子を見に行くか。,상황을 보러 가볼까.
16cb18d2a2b26981a5a165feae2e28bb.bundle,電梯口堵阿姨,Say,心の声,20,……,……
16cb18d2a2b26981a5a165feae2e28bb.bundle,電梯口堵阿姨,Say,心の声,21,時間稼ぎになっただろうか。,시간을 좀 끌었으려나.
16cb18d2a2b26981a5a165feae2e28bb.bundle,電梯口堵阿姨,Say,心の声,22,いや、そんなことより……,"아니, 그보다……"
16cb18d2a2b26981a5a165feae2e28bb.bundle,電梯口堵阿姨,Say,心の声,23,俺が共犯だって気づかれないよな……,내가 공범이라는 걸 눈치채진 않겠지……
16cb18d2a2b26981a5a165feae2e28bb.bundle,電梯口堵阿姨,Say,心の声,24,様子を見に行くか。,상황을 보러 가볼까.
16cb18d2a2b26981a5a165feae2e28bb.bundle,偷闖辦公室事件壞結局,Say,イファ･ヨウ,0,そう。,그래.
16cb18d2a2b26981a5a165feae2e28bb.bundle,偷闖辦公室事件壞結局,Say,イファ･ヨウ,1,修理をしていたと言いたいの？,수리를 하고 있었다고 말하고 싶은 건가요?
16cb18d2a2b26981a5a165feae2e28bb.bundle,偷闖辦公室事件壞結局,Say,イエホン･キュウ,0,そ、そうです……！,"그, 그렇습니다……!"
16cb18d2a2b26981a5a165feae2e28bb.bundle,偷闖辦公室事件壞結局,Say,イファ･ヨウ,2,では、シンホンは何をしに来た。,"그럼, 신홍 씨는 뭘 하러 온 거죠."
16cb18d2a2b26981a5a165feae2e28bb.bundle,偷闖辦公室事件壞結局,Say,シンホン･ゴ,0,て、手伝いです！,"도, 돕고 있었습니다!"
16cb18d2a2b26981a5a165feae2e28bb.bundle,偷闖辦公室事件壞結局,Say,イエホン･キュウ,1,そ、そうです……！,"그, 그렇습니다……!"
16cb18d2a2b26981a5a165feae2e28bb.bundle,偷闖辦公室事件壞結局,Say,イファ･ヨウ,3,他に言いたいことは？,그 외에 할 말은?
16cb18d2a2b26981a5a165feae2e28bb.bundle,偷闖辦公室事件壞結局,Say,イエホン･キュウ,2,オフィスのドアが変だったんです！,사무실 문이 이상했었습니다!
16cb18d2a2b26981a5a165feae2e28bb.bundle,偷闖辦公室事件壞結局,Say,イファ･ヨウ,4,変なのは貴方たちだ。,이상한 건 당신들이에요.
16cb18d2a2b26981a5a165feae2e28bb.bundle,偷闖辦公室事件壞結局,Say,イファ･ヨウ,5,ドアは何の問題もない。,문은 아무 문제 없어요.
16cb18d2a2b26981a5a165feae2e28bb.bundle,偷闖辦公室事件壞結局,Say,イエホン･キュウ,3,その……,그……
16cb18d2a2b26981a5a165feae2e28bb.bundle,偷闖辦公室事件壞結局,Branch,#Simple,0,でもそのドア、何度も私を通しましたよね？,"하지만 그 문, 저를 몇 번이나 통과시켜줬는데요?"
16cb18d2a2b26981a5a165feae2e28bb.bundle,偷闖辦公室事件壞結局,Say,イファ･ヨウ,6,ジェイ･ダイ？何でここに？,제이 다이? 왜 여기 있죠?
16cb18d2a2b26981a5a165feae2e28bb.bundle,偷闖辦公室事件壞結局,Branch,#Simple,1,話し声が聞こえたので。,말소리가 들려서요.
16cb18d2a2b26981a5a165feae2e28bb.bundle,偷闖辦公室事件壞結局,Branch,#Simple,2,それは大した問題じゃありません。問題なのは、あのドアが間違いなく故障しているということです。,"그건 별문제 아닙니다. 문제는, 저 문이 분명히 고장 났다는 거예요."
16cb18d2a2b26981a5a165feae2e28bb.bundle,偷闖辦公室事件壞結局,Say,イファ･ヨウ,7,……,……
16cb18d2a2b26981a5a165feae2e28bb.bundle,偷闖辦公室事件壞結局,Say,イファ･ヨウ,8,わかった。,알았다.
16cb18d2a2b26981a5a165feae2e28bb.bundle,偷闖辦公室事件壞結局,Branch,#Simple,3,……,……
16cb18d2a2b26981a5a165feae2e28bb.bundle,偷闖辦公室事件壞結局,Say,イファ･ヨウ,9,もう修理は終わったの？,수리는 다 끝났나요?
16cb18d2a2b26981a5a165feae2e28bb.bundle,偷闖辦公室事件壞結局,Say,イエホン･キュウ,4,ばっちりです！,완벽합니다!
16cb18d2a2b26981a5a165feae2e28bb.bundle,偷闖辦公室事件壞結局,Say,イファ･ヨウ,10,そう、ご苦労様。もう仕事に戻りなさい。,"그래요, 수고했어요. 이제 일로 돌아가세요."
16cb18d2a2b26981a5a165feae2e28bb.bundle,偷闖辦公室事件壞結局,Say,シンホン･ゴ,1,いえいえ、とんでもないです！,"아뇨아뇨, 별말씀을요!"
16cb18d2a2b26981a5a165feae2e28bb.bundle,偷闖辦公室事件壞結局,Say,シンホン･ゴ,2,……,……
16cb18d2a2b26981a5a165feae2e28bb.bundle,偷闖辦公室事件壞結局,Say,イエホン･キュウ,5,……,……
16cb18d2a2b26981a5a165feae2e28bb.bundle,偷闖辦公室事件壞結局,Say,シンホン･ゴ,3,はぁ……,하아……
16cb18d2a2b26981a5a165feae2e28bb.bundle,偷闖辦公室事件壞結局,Say,イエホン･キュウ,6,危なかった。,위험했다.
16cb18d2a2b26981a5a165feae2e28bb.bundle,偷闖辦公室事件壞結局,Say,シンホン･ゴ,4,ジェイ、何でばあさんを引き止めなかった！,"제이, 왜 할망구를 못 붙잡은 거야!"
16cb18d2a2b26981a5a165feae2e28bb.bundle,偷闖辦公室事件壞結局,Branch,#Simple,4,やれることはやったんです。,할 수 있는 건 다 했어.
16cb18d2a2b26981a5a165feae2e28bb.bundle,偷闖辦公室事件壞結局,Branch,#Simple,5,彼女が聞き耳を持ってくれなくて。,그쪽이 들어주질 않던데.
16cb18d2a2b26981a5a165feae2e28bb.bundle,偷闖辦公室事件壞結局,Branch,#Simple,6,不採用にされそうだったので。,채용 취소될 뻔했으니까.
16cb18d2a2b26981a5a165feae2e28bb.bundle,偷闖辦公室事件壞結局,Say,シンホン･ゴ,5,まあまあ、ばあさんを止められる人なんていないよ。,"에이, 할망구를 막을 수 있는 사람은 없어."
16cb18d2a2b26981a5a165feae2e28bb.bundle,偷闖辦公室事件壞結局,Say,イエホン･キュウ,7,それにジェイのおかげで、ばあさんを説得できたしね。,게다가 제이 덕분에 할망구를 설득할 수 있었잖아.
16cb18d2a2b26981a5a165feae2e28bb.bundle,偷闖辦公室事件壞結局,Say,イエホン･キュウ,8,問題ないだろ。,문제없잖아.
16cb18d2a2b26981a5a165feae2e28bb.bundle,偷闖辦公室事件壞結局,Say,イエホン･キュウ,9,それよりさ、ばあさんの様子おかしかったよね？,"그것보다, 할망구 태도 좀 이상했지?"
16cb18d2a2b26981a5a165feae2e28bb.bundle,偷闖辦公室事件壞結局,Say,シンホン･ゴ,6,もし監視カメラの映像を調べられたらどうする？,만약 감시 카메라 영상을 조사당하면 어떡해?
16cb18d2a2b26981a5a165feae2e28bb.bundle,偷闖辦公室事件壞結局,Say,イエホン･キュウ,10,デスクの上の物を動かしたりしてなければ、気づかれないと思うけど。,책상 위 물건을 건드리지만 않았으면 안 들킬 것 같은데.
16cb18d2a2b26981a5a165feae2e28bb.bundle,偷闖辦公室事件壞結局,Say,シンホン･ゴ,7,どうだったかな……,그랬었나……
16cb18d2a2b26981a5a165feae2e28bb.bundle,偷闖辦公室事件壞結局,Say,シンホン･ゴ,8,動かしてはいない、と思うが……,안 건드린 것 같긴 한데……
16cb18d2a2b26981a5a165feae2e28bb.bundle,偷闖辦公室事件壞結局,Say,イエホン･キュウ,11,はっきりしてくれよ！,확실히 좀 해줘!
16cb18d2a2b26981a5a165feae2e28bb.bundle,偷闖辦公室事件壞結局,Say,シンホン･ゴ,9,そんなの覚えてるわけないだろ！,그런 걸 어떻게 다 기억하냐!
16cb18d2a2b26981a5a165feae2e28bb.bundle,偷闖辦公室事件壞結局,Say,シンホン･ゴ,10,と、とにかく資料は手に入った！,"아, 아무튼 자료는 손에 넣었어!"
16cb18d2a2b26981a5a165feae2e28bb.bundle,偷闖辦公室事件壞結局,Say,シンホン･ゴ,11,助かったよ、本当にありがとう！,"덕분에 살았다, 정말 고마워!"
16cb18d2a2b26981a5a165feae2e28bb.bundle,偷闖辦公室事件壞結局,Say,シンホン･ゴ,12,これは借りだ。何かあったら、いつでも俺を頼ってくれ！,이건 빚이야. 무슨 일 있으면 언제든 나한테 의지해!
16cb18d2a2b26981a5a165feae2e28bb.bundle,偷闖辦公室事件壞結局,Branch,#Simple,7,わかりました。,알겠습니다.
16cb18d2a2b26981a5a165feae2e28bb.bundle,偷闖辦公室事件壞結局,Say,シンホン･ゴ,13,借りは絶対に返す！,빚은 반드시 갚을게!
16cb18d2a2b26981a5a165feae2e28bb.bundle,偷闖辦公室事件壞結局,Branch,#Simple,8,その言葉、忘れないでくださいね。,"그 말, 잊지 마세요."
16cb18d2a2b26981a5a165feae2e28bb.bundle,偷闖辦公室事件壞結局,Say,シンホン･ゴ,14,ああ！借りは絶対に返す！,그래! 빚은 반드시 갚는다!
16cb18d2a2b26981a5a165feae2e28bb.bundle,偷闖辦公室事件壞結局,Say,シンホン･ゴ,15,ジェイが採用されたらの話だがな！,제이가 채용된다면 말이지만!
16cb18d2a2b26981a5a165feae2e28bb.bundle,偷闖辦公室事件壞結局,Branch,#Simple,9,そんな！,그런!
16cb18d2a2b26981a5a165feae2e28bb.bundle,偷闖辦公室事件壞結局,Branch,#Simple,10,絶対に採用されるので、楽しみにしててください。,"반드시 채용될 테니까, 기대하고 계세요."
16cb18d2a2b26981a5a165feae2e28bb.bundle,偷闖辦公室事件壞結局,Say,シンホン･ゴ,16,ハハ、冗談だよ！,"하하, 농담이야!"
16cb18d2a2b26981a5a165feae2e28bb.bundle,偷闖辦公室事件壞結局,Say,イエホン･キュウ,12,ハハハハ！,하하하하!
16cb18d2a2b26981a5a165feae2e28bb.bundle,偷闖辦公室事件壞結局,Branch,#Simple,11,……,……
16cb18d2a2b26981a5a165feae2e28bb.bundle,偷闖辦公室事件壞結局,Branch,#Simple,12,……,……
16cb18d2a2b26981a5a165feae2e28bb.bundle,偷闖辦公室事件壞結局,Say,シンホン･ゴ,17,ということで、俺は資料を届けに行ってくるよ。また後でな！,"그럼, 나는 자료 전달하러 갈게. 또 보자!"
16cb18d2a2b26981a5a165feae2e28bb.bundle,偷闖辦公室事件壞結局,Say,イエホン･キュウ,13,行っちゃった！,가버렸다!
16cb18d2a2b26981a5a165feae2e28bb.bundle,偷闖辦公室事件壞結局,Say,イエホン･キュウ,14,……,……
16cb18d2a2b26981a5a165feae2e28bb.bundle,偷闖辦公室事件壞結局,Say,イエホン･キュウ,15,そうだ。,그래.
16cb18d2a2b26981a5a165feae2e28bb.bundle,偷闖辦公室事件壞結局,Say,イエホン･キュウ,16,今後、どこかにこっそり入りたい時は僕に言ってね！,앞으로 어디 몰래 들어가고 싶을 때는 나한테 말해!
16cb18d2a2b26981a5a165feae2e28bb.bundle,偷闖辦公室事件壞結局,Branch,#Simple,13,何でそんなに開けたがるんですか？,왜 그렇게 문 여는 걸 좋아해?
16cb18d2a2b26981a5a165feae2e28bb.bundle,偷闖辦公室事件壞結局,Say,イエホン･キュウ,17,ハハ！面白いからだよ！,하하! 재밌으니까!
16cb18d2a2b26981a5a165feae2e28bb.bundle,偷闖辦公室事件壞結局,Branch,#Simple,14,そんな時は訪れないと思います。,그럴 일은 없을 것 같은데.
16cb18d2a2b26981a5a165feae2e28bb.bundle,偷闖辦公室事件壞結局,Say,イエホン･キュウ,18,それはどうかな。,그건 모르는 일이지.
16cb18d2a2b26981a5a165feae2e28bb.bundle,偷闖辦公室事件壞結局,Branch,#Simple,15,……,……
16cb18d2a2b26981a5a165feae2e28bb.bundle,偷闖辦公室事件壞結局,Say,イエホン･キュウ,19,さて、仕事に戻ろうか！,"자, 일이나 하러 갈까!"
16cb18d2a2b26981a5a165feae2e28bb.bundle,偷闖辦公室事件壞結局,Say,イエホン･キュウ,20,本当に修理しないといけないものもあるからね！,진짜로 수리해야 할 것도 있으니까!
16cb18d2a2b26981a5a165feae2e28bb.bundle,偷闖辦公室事件壞結局,Say,心の声,0,巻き込まれるのは二度と御免だ……,휘말리는 건 두 번 다시 사양이다……
16cb18d2a2b26981a5a165feae2e28bb.bundle,偷闖辦公室事件壞結局,Say,心の声,1,まあ、何事もなかったのは幸いだった。,"뭐, 아무 일 없었던 게 다행이었다."
16cb18d2a2b26981a5a165feae2e28bb.bundle,偷闖辦公室事件好結局,Say,シンホン･ゴ,0,よっしゃー！,좋았어!
16cb18d2a2b26981a5a165feae2e28bb.bundle,偷闖辦公室事件好結局,Say,シンホン･ゴ,1,ばあさんには何も気づかれなかったはずだ！,할망구는 아무것도 눈치 못 챘을 거야!
16cb18d2a2b26981a5a165feae2e28bb.bundle,偷闖辦公室事件好結局,Say,イエホン･キュウ,0,上手くいったね……,잘 됐네……
16cb18d2a2b26981a5a165feae2e28bb.bundle,偷闖辦公室事件好結局,Say,シンホン･ゴ,2,ああ、ジェイがばあさんを引き止めてくれたおかげだ！,"그래, 제이가 할망구를 붙잡아준 덕분이야!"
16cb18d2a2b26981a5a165feae2e28bb.bundle,偷闖辦公室事件好結局,Branch,#Simple,0,苦労しましたよ。,고생했어요.
16cb18d2a2b26981a5a165feae2e28bb.bundle,偷闖辦公室事件好結局,Branch,#Simple,1,あんまりこちらの話に乗ってはくれませんでしたが。,이쪽 얘기에는 별로 넘어와주지 않으셨지만요.
16cb18d2a2b26981a5a165feae2e28bb.bundle,偷闖辦公室事件好結局,Say,シンホン･ゴ,3,いやいや、十分だよ！,"아니아니, 충분해!"
16cb18d2a2b26981a5a165feae2e28bb.bundle,偷闖辦公室事件好結局,Branch,#Simple,2,私の採用は難しいかもしれませんが。,제 채용은 어려워질지도 모르지만요.
16cb18d2a2b26981a5a165feae2e28bb.bundle,偷闖辦公室事件好結局,Say,シンホン･ゴ,4,す、すまん……,"미, 미안……"
16cb18d2a2b26981a5a165feae2e28bb.bundle,偷闖辦公室事件好結局,Say,シンホン･ゴ,5,と、とにかく、資料は手に入った！,"아, 아무튼, 자료는 손에 넣었어!"
16cb18d2a2b26981a5a165feae2e28bb.bundle,偷闖辦公室事件好結局,Say,シンホン･ゴ,6,助かったよ、本当にありがとう！,"덕분에 살았다, 정말 고마워!"
16cb18d2a2b26981a5a165feae2e28bb.bundle,偷闖辦公室事件好結局,Say,シンホン･ゴ,7,これは借りだ。何かあったら、いつでも俺を頼ってくれ！,이건 빚이야. 무슨 일 있으면 언제든 나한테 의지해!
16cb18d2a2b26981a5a165feae2e28bb.bundle,偷闖辦公室事件好結局,Branch,#Simple,3,わかりました。,알겠습니다.
16cb18d2a2b26981a5a165feae2e28bb.bundle,偷闖辦公室事件好結局,Say,シンホン･ゴ,8,借りは絶対に返す！,빚은 반드시 갚을게!
16cb18d2a2b26981a5a165feae2e28bb.bundle,偷闖辦公室事件好結局,Branch,#Simple,4,その言葉、忘れないでくださいね。,"그 말, 잊지 마세요."
16cb18d2a2b26981a5a165feae2e28bb.bundle,偷闖辦公室事件好結局,Say,シンホン･ゴ,9,ああ！,그래!
16cb18d2a2b26981a5a165feae2e28bb.bundle,偷闖辦公室事件好結局,Say,シンホン･ゴ,10,ジェイが採用されたらの話だがな！,제이가 채용된다면 말이지만!
16cb18d2a2b26981a5a165feae2e28bb.bundle,偷闖辦公室事件好結局,Branch,#Simple,5,そんな！,그런!
16cb18d2a2b26981a5a165feae2e28bb.bundle,偷闖辦公室事件好結局,Branch,#Simple,6,絶対に採用されるので、楽しみにしててください。,"반드시 채용될 테니까, 기대하고 계세요."
16cb18d2a2b26981a5a165feae2e28bb.bundle,偷闖辦公室事件好結局,Say,シンホン･ゴ,11,ハハ、冗談だよ！,"하하, 농담이야!"
16cb18d2a2b26981a5a165feae2e28bb.bundle,偷闖辦公室事件好結局,Say,イエホン･キュウ,1,ハハハハ！,하하하하!
16cb18d2a2b26981a5a165feae2e28bb.bundle,偷闖辦公室事件好結局,Branch,#Simple,7,……,……
16cb18d2a2b26981a5a165feae2e28bb.bundle,偷闖辦公室事件好結局,Branch,#Simple,8,……,……
16cb18d2a2b26981a5a165feae2e28bb.bundle,偷闖辦公室事件好結局,Say,シンホン･ゴ,12,ということで、俺は資料を届けに行ってくるよ。また後でな！,"그럼, 나는 자료 전달하러 갈게. 또 보자!"
16cb18d2a2b26981a5a165feae2e28bb.bundle,偷闖辦公室事件好結局,Say,イエホン･キュウ,2,行っちゃった！,가버렸다!
16cb18d2a2b26981a5a165feae2e28bb.bundle,偷闖辦公室事件好結局,Say,イエホン･キュウ,3,……,……
16cb18d2a2b26981a5a165feae2e28bb.bundle,偷闖辦公室事件好結局,Say,イエホン･キュウ,4,そうだ。,그래.
16cb18d2a2b26981a5a165feae2e28bb.bundle,偷闖辦公室事件好結局,Say,イエホン･キュウ,5,今後、どこかにこっそり入りたい時は僕に言ってね！,앞으로 어디 몰래 들어가고 싶을 때는 나한테 말해!
16cb18d2a2b26981a5a165feae2e28bb.bundle,偷闖辦公室事件好結局,Branch,#Simple,9,何でそんなに開けたがるんですか？,왜 그렇게 문 여는 걸 좋아해?
16cb18d2a2b26981a5a165feae2e28bb.bundle,偷闖辦公室事件好結局,Say,イエホン･キュウ,6,ハハ！面白いからだよ！,하하! 재밌으니까!
16cb18d2a2b26981a5a165feae2e28bb.bundle,偷闖辦公室事件好結局,Branch,#Simple,10,そんな時は訪れないと思います。,그럴 일은 없을 것 같은데.
16cb18d2a2b26981a5a165feae2e28bb.bundle,偷闖辦公室事件好結局,Say,イエホン･キュウ,7,それはどうかな。,그건 모르는 일이지.
16cb18d2a2b26981a5a165feae2e28bb.bundle,偷闖辦公室事件好結局,Branch,#Simple,11,……,……
16cb18d2a2b26981a5a165feae2e28bb.bundle,偷闖辦公室事件好結局,Say,イエホン･キュウ,8,さて、仕事に戻ろうか！,"자, 일이나 하러 갈까!"
16cb18d2a2b26981a5a165feae2e28bb.bundle,偷闖辦公室事件好結局,Say,イエホン･キュウ,9,本当に修理しないといけないものもあるからね！,진짜로 수리해야 할 것도 있으니까!
16cb18d2a2b26981a5a165feae2e28bb.bundle,偷闖辦公室事件好結局,Say,心の声,0,巻き込まれるのは二度と御免だ……,휘말리는 건 두 번 다시 사양이다……
16cb18d2a2b26981a5a165feae2e28bb.bundle,偷闖辦公室事件好結局,Say,心の声,1,まあ、何事もなかったのは幸いだった。,"뭐, 아무 일 없었던 게 다행이었다."
16cb18d2a2b26981a5a165feae2e28bb.bundle,采欣球球爭吵(自動),Say,イエホン･キュウ,0,彼らから、シンカに助力を求めたって言いたいの？,"그쪽에서, 신카한테 도움을 요청했다는 거야?"
16cb18d2a2b26981a5a165feae2e28bb.bundle,采欣球球爭吵(自動),Say,シンカ･シェ,0,そうですよ！なにか問題でも？,그래요! 뭐 문제라도 있어요?
16cb18d2a2b26981a5a165feae2e28bb.bundle,采欣球球爭吵(自動),Say,心の声,0,また喧嘩してるのか……？,또 싸우는 건가……?
16cb18d2a2b26981a5a165feae2e28bb.bundle,采欣球球爭吵(自動),Say,イエホン･キュウ,1,別に。ただ変だと思ってるだけさ！,딱히. 그냥 이상하다고 생각할 뿐이야!
16cb18d2a2b26981a5a165feae2e28bb.bundle,采欣球球爭吵(自動),Say,イエホン･キュウ,2,何でシンカばかりに頼むんだ？操作組の人間に頼めばいいだろう。,왜 맨날 신카한테만 부탁하는 거야? 조작조 사람한테 부탁하면 되잖아.
16cb18d2a2b26981a5a165feae2e28bb.bundle,采欣球球爭吵(自動),Say,シンカ･シェ,1,そんなの、私にはわかりません！,"그런 거, 저도 몰라요!"
16cb18d2a2b26981a5a165feae2e28bb.bundle,采欣球球爭吵(自動),Say,イエホン･キュウ,3,頼まれたからって、シンカは断れるだろう？,"부탁받았다고 해도, 신카는 거절할 수 있잖아?"
16cb18d2a2b26981a5a165feae2e28bb.bundle,采欣球球爭吵(自動),Say,イエホン･キュウ,4,それに、何を手伝わされているのか教えてくれないし！,"게다가, 뭘 도와주고 있는지도 안 알려주고!"
16cb18d2a2b26981a5a165feae2e28bb.bundle,采欣球球爭吵(自動),Say,シンカ･シェ,2,何で言わなきゃいけないんですか？,왜 말해야 하는데요?
16cb18d2a2b26981a5a165feae2e28bb.bundle,采欣球球爭吵(自動),Say,シンカ･シェ,3,ボーちゃんは資格の勉強で忙しいでしょう！私に構ってないで、そっちに専念してください！,"보짱은 자격증 공부로 바쁘잖아요! 저한테 신경 쓰지 말고, 그쪽에 집중하세요!"
16cb18d2a2b26981a5a165feae2e28bb.bundle,采欣球球爭吵(自動),Say,イエホン･キュウ,5,それとこれとは別の話だろ……,그거랑 이거는 별개 얘기잖아……
16cb18d2a2b26981a5a165feae2e28bb.bundle,采欣球球爭吵(自動),Say,イエホン･キュウ,6,もういいよ！どうせ僕には関係のないことだしね！,됐어! 어차피 나랑 상관없는 일이니까!
16cb18d2a2b26981a5a165feae2e28bb.bundle,采欣球球爭吵,Say,イエホン･キュウ,0,あれ、ジェイ？,"어라, 제이?"
16cb18d2a2b26981a5a165feae2e28bb.bundle,采欣球球爭吵,Say,イエホン･キュウ,1,どうしたの？僕になんか用？,무슨 일이야? 나한테 뭔 볼일 있어?
16cb18d2a2b26981a5a165feae2e28bb.bundle,采欣球球爭吵,Branch,#Simple,0,いえ、二人の会話を聞いていただけです。,"아뇨, 그냥 두 분 대화 듣고 있었어요."
16cb18d2a2b26981a5a165feae2e28bb.bundle,采欣球球爭吵,Branch,#Simple,1,いえ、何も。,"아뇨, 아무것도."
16cb18d2a2b26981a5a165feae2e28bb.bundle,采欣球球爭吵,Say,イエホン･キュウ,2,シンカのやつ、オフィスに戻らないで、いつも操作組に行くんだよ！,"신카 걔는, 사무실로 안 돌아오고, 맨날 조작조에 가버려!"
16cb18d2a2b26981a5a165feae2e28bb.bundle,采欣球球爭吵,Say,イエホン･キュウ,3,こっちに戻ってきても、ずっとデスクにいるし、全然会話に入ってこない！,"돌아와도, 계속 자기 자리에만 있고, 대화에 전혀 안 껴!"
16cb18d2a2b26981a5a165feae2e28bb.bundle,采欣球球爭吵,Say,シンカ･シェ,0,私はバカなボーちゃんと違って、デスクで仕事をしているんです！！,"저는 바보 같은 보짱이랑 다르게, 자리에서 일하고 있는 거예요!!"
16cb18d2a2b26981a5a165feae2e28bb.bundle,采欣球球爭吵,Say,心の声,0,彼女に非はなさそうだ……,그녀한테 잘못은 없어 보인다……
16cb18d2a2b26981a5a165feae2e28bb.bundle,采欣球球爭吵,Say,イエホン･キュウ,4,うっ……,윽……
16cb18d2a2b26981a5a165feae2e28bb.bundle,采欣球球爭吵,Say,イエホン･キュウ,5,で、でもさ、ずっと操作組にいるのは事実だろう！,"그, 그래도, 계속 조작조에 가 있는 건 사실이잖아!"
16cb18d2a2b26981a5a165feae2e28bb.bundle,采欣球球爭吵,Say,イエホン･キュウ,6,最近はほとんど席を外してるし！,요즘은 거의 자리 비우고!
16cb18d2a2b26981a5a165feae2e28bb.bundle,采欣球球爭吵,Branch,#Simple,2,席を外して何か悪いんですか？,자리 비우면 뭐가 나쁜데요?
16cb18d2a2b26981a5a165feae2e28bb.bundle,采欣球球爭吵,Say,イエホン･キュウ,7,そ、それは……,"그, 그건……"
16cb18d2a2b26981a5a165feae2e28bb.bundle,采欣球球爭吵,Branch,#Simple,3,ボーちゃんは寂しいのでは？,보짱은 외로운 거 아니에요?
16cb18d2a2b26981a5a165feae2e28bb.bundle,采欣球球爭吵,Say,イエホン･キュウ,8,そんなわけないだろ！,그럴 리가 없잖아!
16cb18d2a2b26981a5a165feae2e28bb.bundle,采欣球球爭吵,Say,イエホン･キュウ,9,清々してるくらいだよ！,오히려 후련할 정도라고!
16cb18d2a2b26981a5a165feae2e28bb.bundle,采欣球球爭吵,Branch,#Simple,4,じゃ、なんで彼女に構うのですか？,"그럼, 왜 신경 쓰는 거예요?"
16cb18d2a2b26981a5a165feae2e28bb.bundle,采欣球球爭吵,Say,イエホン･キュウ,10,別に彼女に構ってるわけじゃないから！,딱히 신경 쓰는 게 아니니까!
16cb18d2a2b26981a5a165feae2e28bb.bundle,采欣球球爭吵,Say,イエホン･キュウ,11,むしろいなくて、清々してるよ！,"오히려 없어서, 후련하다고!"
16cb18d2a2b26981a5a165feae2e28bb.bundle,采欣球球爭吵,Branch,#Simple,5,……,……
16cb18d2a2b26981a5a165feae2e28bb.bundle,采欣球球爭吵,Say,イエホン･キュウ,12,とにかくさ！デスクにほとんど居ないのはよくないと思う！,아무튼! 자리에 거의 없는 건 안 좋다고 생각해!
16cb18d2a2b26981a5a165feae2e28bb.bundle,采欣球球爭吵,Branch,#Simple,6,それは本当ですか？,그거 진짜예요?
16cb18d2a2b26981a5a165feae2e28bb.bundle,采欣球球爭吵,Say,シンカ･シェ,1,はい……,네……
16cb18d2a2b26981a5a165feae2e28bb.bundle,采欣球球爭吵,Say,シンカ･シェ,2,でも私、仕事はちゃんとしていますよ。彼より評価良いですし！,"근데 저, 일은 제대로 하고 있어요. 그 사람보다 평가도 좋고요!"
16cb18d2a2b26981a5a165feae2e28bb.bundle,采欣球球爭吵,Say,シンカ･シェ,3,それに、席を外して何が悪いんですか？,"게다가, 자리 비우면 뭐가 나빠요?"
16cb18d2a2b26981a5a165feae2e28bb.bundle,采欣球球爭吵,Branch,#Simple,7,……,……
16cb18d2a2b26981a5a165feae2e28bb.bundle,采欣球球爭吵,Say,シンカ･シェ,4,とにかく！,아무튼!
16cb18d2a2b26981a5a165feae2e28bb.bundle,采欣球球爭吵,Say,シンカ･シェ,5,私の操作組での滞在時間はそんなに長くありません！,제가 조작조에 있는 시간은 그렇게 길지 않아요!
16cb18d2a2b26981a5a165feae2e28bb.bundle,采欣球球爭吵,Say,イエホン･キュウ,13,よく席を外してたじゃん！,자주 자리 비웠잖아!
16cb18d2a2b26981a5a165feae2e28bb.bundle,采欣球球爭吵,Say,シンカ･シェ,6,操作組に行くだけでなく、他の仕事もしているんです！,"조작조에 가는 것만이 아니라, 다른 일도 하고 있는 거예요!"
16cb18d2a2b26981a5a165feae2e28bb.bundle,采欣球球爭吵,Say,イエホン･キュウ,14,僕は知ってるぞ！操作組に行く時は、必ずモニターに挟んでいるパスを持っていくんだ。,"나는 알고 있어! 조작조 갈 때는, 꼭 모니터에 끼워둔 출입증을 챙겨가더라."
16cb18d2a2b26981a5a165feae2e28bb.bundle,采欣球球爭吵,Branch,#Simple,8,パス？,출입증?
16cb18d2a2b26981a5a165feae2e28bb.bundle,采欣球球爭吵,Say,シンカ･シェ,7,操作組に行くためのパスです。,조작조에 가기 위한 출입증이에요.
16cb18d2a2b26981a5a165feae2e28bb.bundle,采欣球球爭吵,Say,イエホン･キュウ,15,君は選別組だから、操作組に行くにはパスが必要だからね！,"너는 선별조니까, 조작조에 가려면 출입증이 필요하니까!"
16cb18d2a2b26981a5a165feae2e28bb.bundle,采欣球球爭吵,Branch,#Simple,9,よく見てますね。,잘 보고 계시네요.
16cb18d2a2b26981a5a165feae2e28bb.bundle,采欣球球爭吵,Say,イエホン･キュウ,16,た、たまたま気づいただけだよ！,"그, 그냥 우연히 눈치챈 것뿐이야!"
16cb18d2a2b26981a5a165feae2e28bb.bundle,采欣球球爭吵,Branch,#Simple,10,……,……
16cb18d2a2b26981a5a165feae2e28bb.bundle,采欣球球爭吵,Say,シンカ･シェ,8,ボーちゃんだって、資格の勉強のためによく席を外してますよね！,"보짱도, 자격증 공부 때문에 자주 자리 비우잖아요!"
16cb18d2a2b26981a5a165feae2e28bb.bundle,采欣球球爭吵,Say,シンカ･シェ,9,ボーちゃんが良くて私がダメな理由は何ですか！,보짱은 괜찮고 저는 안 되는 이유가 뭔데요!
16cb18d2a2b26981a5a165feae2e28bb.bundle,采欣球球爭吵,Say,イエホン･キュウ,17,はい？また僕の資格のこと持ち出すの？,네? 또 내 자격증 얘기 꺼내는 거야?
16cb18d2a2b26981a5a165feae2e28bb.bundle,采欣球球爭吵,Say,イエホン･キュウ,18,そんなに僕の資格が気になる？,그렇게 내 자격증이 신경 쓰여?
16cb18d2a2b26981a5a165feae2e28bb.bundle,采欣球球爭吵,Say,シンカ･シェ,10,いえ、資格のことはどうでも……,"아뇨, 자격증 얘기는 아무래도……"
16cb18d2a2b26981a5a165feae2e28bb.bundle,采欣球球爭吵,Say,イエホン･キュウ,19,さっきから一体何なんだよ……,아까부터 대체 뭐냐고……
16cb18d2a2b26981a5a165feae2e28bb.bundle,采欣球球爭吵,Say,イエホン･キュウ,20,……,……
16cb18d2a2b26981a5a165feae2e28bb.bundle,采欣球球爭吵,Say,イエホン･キュウ,21,シンカ、操作組の奴らは悪人だ……,"신카, 조작조 놈들은 나쁜 놈들이야……"
16cb18d2a2b26981a5a165feae2e28bb.bundle,采欣球球爭吵,Say,シンカ･シェ,11,そんなことありません。シュンさんはいい人です。,그렇지 않아요. 슌 씨는 좋은 사람이에요.
16cb18d2a2b26981a5a165feae2e28bb.bundle,采欣球球爭吵,Say,イエホン･キュウ,22,彼は全然挨拶しないし、態度悪いだろ。,"걔는 인사도 안 하고, 태도도 나쁘잖아."
16cb18d2a2b26981a5a165feae2e28bb.bundle,采欣球球爭吵,Say,シンカ･シェ,12,それは他の人と話をしていたからです。,그건 다른 사람이랑 얘기하고 있었기 때문이에요.
16cb18d2a2b26981a5a165feae2e28bb.bundle,采欣球球爭吵,Say,イエホン･キュウ,23,何で彼の肩を持つんだ？,왜 걔 편을 드는 거야?
16cb18d2a2b26981a5a165feae2e28bb.bundle,采欣球球爭吵,Say,シンカ･シェ,13,そっちが一方的に悪口を言うからでしょう！,그쪽이 일방적으로 험담을 하니까 그렇죠!
16cb18d2a2b26981a5a165feae2e28bb.bundle,采欣球球爭吵,Say,イエホン･キュウ,24,ソフトエンジニア様の崇高なお考えは理解できないな！,소프트 엔지니어님의 고상한 생각은 이해가 안 되네!
16cb18d2a2b26981a5a165feae2e28bb.bundle,采欣球球爭吵,Say,シンカ･シェ,14,ハードエンジニアの石頭には負けますよ！,하드 엔지니어의 돌머리한테는 못 당해요!
16cb18d2a2b26981a5a165feae2e28bb.bundle,采欣球球爭吵,Say,イエホン･キュウ,25,もういい。この場はジェイに判断を委ねよう。,됐다. 이건 제이한테 판단을 맡기자.
16cb18d2a2b26981a5a165feae2e28bb.bundle,采欣球球爭吵,Say,心の声,1,俺に飛び火が……！？,나한테 불똥이……!?
16cb18d2a2b26981a5a165feae2e28bb.bundle,采欣球球爭吵,Say,心の声,2,二人が喧嘩をしている理由すらわからないのに……,둘이 왜 싸우는지도 모르는데……
16cb18d2a2b26981a5a165feae2e28bb.bundle,采欣球球爭吵,Say,シンカ･シェ,15,ジェイさんを巻き込まないでください！,제이 씨를 끌어들이지 마세요!
16cb18d2a2b26981a5a165feae2e28bb.bundle,采欣球球爭吵,Say,イエホン･キュウ,26,彼の意見を聞いてみるだけだよ！,그냥 이 녀석 의견 들어보는 것뿐이야!
16cb18d2a2b26981a5a165feae2e28bb.bundle,采欣球球爭吵,Say,イエホン･キュウ,27,ジェイ的にはどっちに賛同できる？,제이가 보기엔 어느 쪽이 맞는 것 같아?
16cb18d2a2b26981a5a165feae2e28bb.bundle,采欣球球爭吵,Say,心の声,3,シンカがこっちを見ている……,신카가 이쪽을 보고 있다……
16cb18d2a2b26981a5a165feae2e28bb.bundle,采欣球球爭吵,Branch,#Simple,11,他に組に行きすぎるのはよくないと思います。,다른 조에 너무 자주 가는 건 안 좋다고 생각합니다.
16cb18d2a2b26981a5a165feae2e28bb.bundle,采欣球球爭吵,Say,イエホン･キュウ,28,ほら！,거 봐!
16cb18d2a2b26981a5a165feae2e28bb.bundle,采欣球球爭吵,Say,シンカ･シェ,16,……,……
16cb18d2a2b26981a5a165feae2e28bb.bundle,采欣球球爭吵,Say,心の声,4,はぁ……,하아……
16cb18d2a2b26981a5a165feae2e28bb.bundle,采欣球球爭吵,Say,心の声,5,シンカが怒っている……,신카가 화났다……
16cb18d2a2b26981a5a165feae2e28bb.bundle,采欣球球爭吵,Branch,#Simple,12,ボーちゃん、これ以上彼女に構うのはやめましょう。,"보짱, 더 이상 신카 씨한테 신경 쓰지 마세요."
16cb18d2a2b26981a5a165feae2e28bb.bundle,采欣球球爭吵,Say,シンカ･シェ,17,ほら！,거 봐!
16cb18d2a2b26981a5a165feae2e28bb.bundle,采欣球球爭吵,Say,イエホン･キュウ,29,クソッ……,젠장……
16cb18d2a2b26981a5a165feae2e28bb.bundle,采欣球球爭吵,Branch,#Simple,13,すみませんが、私はこの件に関わるつもりはありません。,"죄송하지만, 저는 이 일에 관여할 생각 없습니다."
16cb18d2a2b26981a5a165feae2e28bb.bundle,采欣球球爭吵,Branch,#Simple,14,正直に言うと、二人が喧嘩をしている理由すらわかっていません。,"솔직히 말하면, 두 분이 왜 싸우는지조차 모르겠습니다."
16cb18d2a2b26981a5a165feae2e28bb.bundle,采欣球球爭吵,Say,シンカ･シェ,18,ほら、だから巻き込むなって言ったんです！,"거 봐요, 그러니까 끌어들이지 말라고 했잖아요!"
16cb18d2a2b26981a5a165feae2e28bb.bundle,采欣球球爭吵,Say,シンカ･シェ,19,困らせてしまったじゃないですか。,곤란하게 해드렸잖아요.
16cb18d2a2b26981a5a165feae2e28bb.bundle,采欣球球爭吵,Say,イエホン･キュウ,30,……,……
16cb18d2a2b26981a5a165feae2e28bb.bundle,采欣球球爭吵,Say,イエホン･キュウ,31,……,……
16cb18d2a2b26981a5a165feae2e28bb.bundle,采欣球球爭吵,Say,イエホン･キュウ,32,じゃ、もう単刀直入に聞くけど……,"그럼, 이제 단도직입적으로 묻는데……"
16cb18d2a2b26981a5a165feae2e28bb.bundle,采欣球球爭吵,Say,イエホン･キュウ,33,操作組に異動したいの？,조작조로 이동하고 싶은 거야?
16cb18d2a2b26981a5a165feae2e28bb.bundle,采欣球球爭吵,Say,シンカ･シェ,20,え！？そんなつもりありませんよ！,네!? 그럴 생각 없어요!
16cb18d2a2b26981a5a165feae2e28bb.bundle,采欣球球爭吵,Say,イエホン･キュウ,34,本当は手伝いじゃなくて、研修なんじゃないか？,"사실은 돕는 게 아니라, 연수인 거 아냐?"
16cb18d2a2b26981a5a165feae2e28bb.bundle,采欣球球爭吵,Say,シンカ･シェ,21,本当に手伝いですよ！,정말로 돕는 거예요!
16cb18d2a2b26981a5a165feae2e28bb.bundle,采欣球球爭吵,Say,タイミン･ソウ,0,二人とも！,둘 다!
16cb18d2a2b26981a5a165feae2e28bb.bundle,采欣球球爭吵,Say,タイミン･ソウ,1,まだ喧嘩してたんですか？,아직도 싸우고 있었어요?
16cb18d2a2b26981a5a165feae2e28bb.bundle,采欣球球爭吵,Say,タイミン･ソウ,2,まさかジェイを巻き込んだりしてませんよね？,설마 제이를 끌어들이거나 하진 않았죠?
16cb18d2a2b26981a5a165feae2e28bb.bundle,采欣球球爭吵,Say,イエホン･キュウ,35,いや、そんなことは……,"아니, 그런 건……"
16cb18d2a2b26981a5a165feae2e28bb.bundle,采欣球球爭吵,Say,シンカ･シェ,22,巻き込んでたじゃないですか！,끌어들였잖아요!
16cb18d2a2b26981a5a165feae2e28bb.bundle,采欣球球爭吵,Say,タイミン･ソウ,3,ジェイがかなり困った顔をしていますよ……,제이가 꽤 곤란한 얼굴을 하고 있잖아요……
16cb18d2a2b26981a5a165feae2e28bb.bundle,采欣球球爭吵,Say,タイミン･ソウ,4,とにかく！,아무튼!
16cb18d2a2b26981a5a165feae2e28bb.bundle,采欣球球爭吵,Say,タイミン･ソウ,5,喧嘩はここまでです！,싸움은 여기까지예요!
16cb18d2a2b26981a5a165feae2e28bb.bundle,采欣球球爭吵,Say,イエホン･キュウ,36,はいはい！また僕が悪いって言いたいんだろう！,네네! 또 내가 나쁘다고 말하고 싶은 거지!
16cb18d2a2b26981a5a165feae2e28bb.bundle,采欣球球爭吵,Say,タイミン･ソウ,6,シンカ、もうボーちゃんの悪口に反応しないでください！,"신카, 이제 보짱 험담에 반응하지 마세요!"
16cb18d2a2b26981a5a165feae2e28bb.bundle,采欣球球爭吵,Say,シンカ･シェ,23,フンッ。,흥.
16cb18d2a2b26981a5a165feae2e28bb.bundle,采欣球球爭吵,Say,タイミン･ソウ,7,僕にだって仕事で忙しいのです……,저도 일 때문에 바쁘다고요……
16cb18d2a2b26981a5a165feae2e28bb.bundle,采欣球球爭吵,Say,タイミン･ソウ,8,ジェイ、すみませんね。,"제이, 죄송해요."
16cb18d2a2b26981a5a165feae2e28bb.bundle,采欣球球爭吵,Say,タイミン･ソウ,9,ご迷惑をおかけしました。,폐를 끼쳤네요.
16cb18d2a2b26981a5a165feae2e28bb.bundle,采欣球球爭吵,Branch,#Simple,15,ハハ……大丈夫です。,하하……괜찮습니다.
16cb18d2a2b26981a5a165feae2e28bb.bundle,采欣球球爭吵,Branch,#Simple,16,巻き込まれるのは二度と御免です。,휘말리는 건 두 번 다시 사양입니다.
16cb18d2a2b26981a5a165feae2e28bb.bundle,采欣球球爭吵,Say,タイミン･ソウ,10,アハハ……,아하하……
16cb18d2a2b26981a5a165feae2e28bb.bundle,采欣球球爭吵,Branch,#Simple,17,……,……
16cb18d2a2b26981a5a165feae2e28bb.bundle,去找小蜂,Say,リュウセイ･チョウ,0,シンホンさん、僕が言いたいのは……,"신홍 씨, 제가 하고 싶은 말은……"
16cb18d2a2b26981a5a165feae2e28bb.bundle,去找小蜂,Say,シンホン･ゴ,0,よっ！,어이!
16cb18d2a2b26981a5a165feae2e28bb.bundle,去找小蜂,Branch,#Simple,0,邪魔しましたか？,방해했나요?
16cb18d2a2b26981a5a165feae2e28bb.bundle,去找小蜂,Say,シンホン･ゴ,1,いや、大丈夫だ！,"아니, 괜찮아!"
16cb18d2a2b26981a5a165feae2e28bb.bundle,去找小蜂,Branch,#Simple,1,どうも。,안녕하세요.
16cb18d2a2b26981a5a165feae2e28bb.bundle,去找小蜂,Branch,#Simple,2,……,……
16cb18d2a2b26981a5a165feae2e28bb.bundle,去找小蜂,Say,シンホン･ゴ,2,ジェイ、どうした？,"제이, 무슨 일이야?"
16cb18d2a2b26981a5a165feae2e28bb.bundle,去找小蜂,Branch,#Simple,3,様子を見に来ただけです。,그냥 상황 보러 왔습니다.
16cb18d2a2b26981a5a165feae2e28bb.bundle,去找小蜂,Say,シンホン･ゴ,3,そうか、皆優しいな……,"그런가, 다들 다정하네……"
16cb18d2a2b26981a5a165feae2e28bb.bundle,去找小蜂,Branch,#Simple,4,たまたまここを通りかかっただけです。,그냥 우연히 여기 지나가던 것뿐입니다.
16cb18d2a2b26981a5a165feae2e28bb.bundle,去找小蜂,Say,シンホン･ゴ,4,悪いが、スナックならもうないぜ。,"미안한데, 과자라면 이제 없어."
16cb18d2a2b26981a5a165feae2e28bb.bundle,去找小蜂,Say,シンホン･ゴ,5,文句はボーちゃんに言ってくれ。,불평은 보짱한테 해줘.
16cb18d2a2b26981a5a165feae2e28bb.bundle,去找小蜂,Say,リュウセイ･チョウ,1,シンホンさん……,신홍 씨……
16cb18d2a2b26981a5a165feae2e28bb.bundle,去找小蜂,Say,シンホン･ゴ,6,はぁ……実はリュウセイから、お説教をくらってるところなんだ。,"하아……실은 류세이한테서, 잔소리를 듣고 있는 참이야."
16cb18d2a2b26981a5a165feae2e28bb.bundle,去找小蜂,Say,シンホン･ゴ,7,リョウさんへの態度が酷いってさ。ジェイはどう思う？,료 씨한테 태도가 심했다고 말이지. 제이는 어떻게 생각해?
16cb18d2a2b26981a5a165feae2e28bb.bundle,去找小蜂,Say,シンホン･ゴ,8,さっきは俺の肩を持ってくれたが……,아까는 내 편을 들어줬지만……
16cb18d2a2b26981a5a165feae2e28bb.bundle,去找小蜂,Say,シンホン･ゴ,9,ジェイは多分リュウセイの意見に賛成だろうな。,제이는 아마 류세이 의견에 찬성이겠지.
16cb18d2a2b26981a5a165feae2e28bb.bundle,去找小蜂,Say,シンホン･ゴ,10,さっき俺を止めてたし。,아까 나를 말리기도 했고.
16cb18d2a2b26981a5a165feae2e28bb.bundle,去找小蜂,Branch,#Simple,5,あなたの態度は確かに悪かったですね。,당신 태도는 확실히 안 좋았어요.
16cb18d2a2b26981a5a165feae2e28bb.bundle,去找小蜂,Say,シンホン･ゴ,11,……ジェイは味方してくれると思ったのに。,……제이는 내 편 들어줄 줄 알았는데.
16cb18d2a2b26981a5a165feae2e28bb.bundle,去找小蜂,Say,シンホン･ゴ,12,そう言われるのも仕方ないとは思ってるよ。,그런 말 들어도 어쩔 수 없다고는 생각해.
16cb18d2a2b26981a5a165feae2e28bb.bundle,去找小蜂,Branch,#Simple,6,もう少し冷静になるべきでしたね。,조금 더 침착했어야 했어요.
16cb18d2a2b26981a5a165feae2e28bb.bundle,去找小蜂,Say,シンホン･ゴ,13,はぁ、わかったよ。,"하아, 알았어."
16cb18d2a2b26981a5a165feae2e28bb.bundle,去找小蜂,Say,シンホン･ゴ,14,これからは気をつける。,앞으로는 조심할게.
16cb18d2a2b26981a5a165feae2e28bb.bundle,去找小蜂,Say,シンホン･ゴ,15,これでいいだろ、リュウセイ。,"이걸로 됐지, 류세이."
16cb18d2a2b26981a5a165feae2e28bb.bundle,去找小蜂,Say,リュウセイ･チョウ,2,……,……
16cb18d2a2b26981a5a165feae2e28bb.bundle,去找小蜂,Branch,#Simple,7,普通の対応だったと思います。,평범한 대응이었다고 생각합니다.
16cb18d2a2b26981a5a165feae2e28bb.bundle,去找小蜂,Say,シンホン･ゴ,16,本当か？,정말?
16cb18d2a2b26981a5a165feae2e28bb.bundle,去找小蜂,Say,シンホン･ゴ,17,ほらみろ、リュウセイ。,"거 봐라, 류세이."
16cb18d2a2b26981a5a165feae2e28bb.bundle,去找小蜂,Say,リュウセイ･チョウ,3,ぐっ……,끄윽……
16cb18d2a2b26981a5a165feae2e28bb.bundle,去找小蜂,Say,リュウセイ･チョウ,4,で、でも……,"그, 그래도……"
16cb18d2a2b26981a5a165feae2e28bb.bundle,去找小蜂,Say,リュウセイ･チョウ,5,……,……
16cb18d2a2b26981a5a165feae2e28bb.bundle,去找小蜂,Branch,#Simple,8,意見を述べるのは控えさせていただきます。,의견 말씀드리는 건 삼가겠습니다.
16cb18d2a2b26981a5a165feae2e28bb.bundle,去找小蜂,Say,シンホン･ゴ,18,……,……
16cb18d2a2b26981a5a165feae2e28bb.bundle,去找小蜂,Say,シンホン･ゴ,19,まあ、仕方がないか。,"뭐, 어쩔 수 없나."
16cb18d2a2b26981a5a165feae2e28bb.bundle,去找小蜂,Say,シンホン･ゴ,20,リュウセイはどう思うんだ？,류세이는 어떻게 생각해?
16cb18d2a2b26981a5a165feae2e28bb.bundle,去找小蜂,Say,リュウセイ･チョウ,6,べ、別にお二人の関係に口を出したいわけじゃないっす。ただ……,"따, 딱히 두 분 관계에 참견하고 싶은 건 아니에요. 다만……"
16cb18d2a2b26981a5a165feae2e28bb.bundle,去找小蜂,Say,シンホン･ゴ,21,言いたいことはわかるよ。,하고 싶은 말은 알아.
16cb18d2a2b26981a5a165feae2e28bb.bundle,去找小蜂,Say,リュウセイ･チョウ,7,……,……
16cb18d2a2b26981a5a165feae2e28bb.bundle,去找小蜂,Say,リュウセイ･チョウ,8,シンホンさん、僕は子どもの頃に家族を亡くしてて……,"신홍 씨, 저는 어릴 때 가족을 잃어서……"
16cb18d2a2b26981a5a165feae2e28bb.bundle,去找小蜂,Say,シンホン･ゴ,22,わかってる。俺も別にリョウさんを恨んでるわけじゃない。,알고 있어. 나도 딱히 료 씨를 원망하는 건 아니야.
16cb18d2a2b26981a5a165feae2e28bb.bundle,去找小蜂,Say,シンホン･ゴ,23,彼の苦労をよく理解しているつもりだ。,그 사람 고생을 잘 이해하고 있다고 생각해.
16cb18d2a2b26981a5a165feae2e28bb.bundle,去找小蜂,Say,シンホン･ゴ,24,でも俺の考えにまで口を出すのはおかしいだろ。,근데 내 생각에까지 참견하는 건 이상하잖아.
16cb18d2a2b26981a5a165feae2e28bb.bundle,去找小蜂,Say,シンホン･ゴ,25,俺がそれに従う必要もないし。,내가 거기 따를 필요도 없고.
16cb18d2a2b26981a5a165feae2e28bb.bundle,去找小蜂,Say,シンホン･ゴ,26,あの歳の人たちはいつもそうだ。,그 나이대 사람들은 항상 그래.
16cb18d2a2b26981a5a165feae2e28bb.bundle,去找小蜂,Say,シンホン･ゴ,27,お前のためとは言うが、ただ自分の価値観に合わないものを否定しているだけなんだ。,"너를 위해서라고 말은 하지만, 그냥 자기 가치관에 안 맞는 걸 부정하고 있을 뿐이야."
16cb18d2a2b26981a5a165feae2e28bb.bundle,去找小蜂,Say,シンホン･ゴ,28,社会の改革を望む者に批判ばかり浴びせる！,사회 개혁을 바라는 사람한테 비판만 퍼붓는다고!
16cb18d2a2b26981a5a165feae2e28bb.bundle,去找小蜂,Say,シンホン･ゴ,29,俺にはどうしても納得ができない……,나는 아무리 해도 납득이 안 돼……
16cb18d2a2b26981a5a165feae2e28bb.bundle,去找小蜂,Branch,#Simple,9,改革にそこまでの熱意を持っていたとは意外ですね。,개혁에 그렇게까지 열의를 갖고 있었다니 의외네요.
16cb18d2a2b26981a5a165feae2e28bb.bundle,去找小蜂,Say,シンホン･ゴ,30,……,……
16cb18d2a2b26981a5a165feae2e28bb.bundle,去找小蜂,Say,シンホン･ゴ,31,別に熱意があるわけじゃない。ちょっと思うところがあるだけさ……,딱히 열의가 있는 건 아니야. 그냥 좀 생각하는 게 있을 뿐이지……
16cb18d2a2b26981a5a165feae2e28bb.bundle,去找小蜂,Branch,#Simple,10,変化を求める人間に強く当たりがちですよね。,변화를 바라는 사람한테 강하게 대하는 경향이 있죠.
16cb18d2a2b26981a5a165feae2e28bb.bundle,去找小蜂,Say,シンホン･ゴ,32,そうなんだよ！,그렇다니까!
16cb18d2a2b26981a5a165feae2e28bb.bundle,去找小蜂,Branch,#Simple,11,あなたが理想主義過ぎると思います。,당신이 너무 이상주의적이라고 생각합니다.
16cb18d2a2b26981a5a165feae2e28bb.bundle,去找小蜂,Say,シンホン･ゴ,33,理想を持って何が悪いんだ？,이상을 갖는 게 뭐가 나쁜데?
16cb18d2a2b26981a5a165feae2e28bb.bundle,去找小蜂,Say,シンホン･ゴ,34,人間誰しも理想を掲げるもんだろ。,사람이라면 누구나 이상을 품는 거잖아.
16cb18d2a2b26981a5a165feae2e28bb.bundle,去找小蜂,Branch,#Simple,12,……,……
16cb18d2a2b26981a5a165feae2e28bb.bundle,去找小蜂,Say,シンホン･ゴ,35,……,……
16cb18d2a2b26981a5a165feae2e28bb.bundle,去找小蜂,Say,シンホン･ゴ,36,正直なところ、俺はただ、リョウさんにすぐ批判から入るのをやめてほしいだけなんだよ。,"솔직히 말하면, 나는 그냥, 료 씨가 바로 비판부터 하는 걸 그만해줬으면 하는 것뿐이야."
16cb18d2a2b26981a5a165feae2e28bb.bundle,去找小蜂,Say,シンホン･ゴ,37,あの歳だ。さすがにもう彼の考えを変えたいとは思っていないよ。,그 나이인데. 아무리 그래도 그 사람 생각을 바꾸고 싶다고는 생각 안 해.
16cb18d2a2b26981a5a165feae2e28bb.bundle,去找小蜂,Branch,#Simple,13,否定されたくないってことですか。,부정당하고 싶지 않다는 거네요.
16cb18d2a2b26981a5a165feae2e28bb.bundle,去找小蜂,Say,シンホン･ゴ,38,……ああ。,……그래.
16cb18d2a2b26981a5a165feae2e28bb.bundle,去找小蜂,Say,シンホン･ゴ,39,否定さえしなければ、認めてもらわなくてもいい。,"부정만 안 하면, 인정 안 해줘도 돼."
16cb18d2a2b26981a5a165feae2e28bb.bundle,去找小蜂,Branch,#Simple,14,一度、リョウさんにその話をしてみるべきだと思います。,"한 번, 료 씨한테 그 얘기 해봐야 한다고 생각합니다."
16cb18d2a2b26981a5a165feae2e28bb.bundle,去找小蜂,Say,シンホン･ゴ,40,……,……
16cb18d2a2b26981a5a165feae2e28bb.bundle,去找小蜂,Say,シンホン･ゴ,41,ジェイの言う通りだな。,제이 말이 맞네.
16cb18d2a2b26981a5a165feae2e28bb.bundle,去找小蜂,Say,シンホン･ゴ,42,そっちの方がお互いすっきりする。,그쪽이 서로한테 더 후련하겠지.
16cb18d2a2b26981a5a165feae2e28bb.bundle,去找小蜂,Branch,#Simple,15,それはあくまでもあなたの理想であって、実現不可能だと思います。,"그건 어디까지나 당신의 이상일 뿐, 실현 불가능하다고 생각합니다."
16cb18d2a2b26981a5a165feae2e28bb.bundle,去找小蜂,Say,シンホン･ゴ,43,……,……
16cb18d2a2b26981a5a165feae2e28bb.bundle,去找小蜂,Say,シンホン･ゴ,44,そうだな。,그렇지.
16cb18d2a2b26981a5a165feae2e28bb.bundle,去找小蜂,Branch,#Simple,16,素晴らしい考えだと思います。,훌륭한 생각이라고 생각합니다.
16cb18d2a2b26981a5a165feae2e28bb.bundle,去找小蜂,Say,シンホン･ゴ,45,本当にそう思うか？,정말 그렇게 생각해?
16cb18d2a2b26981a5a165feae2e28bb.bundle,去找小蜂,Branch,#Simple,17,もちろんです。,물론입니다.
16cb18d2a2b26981a5a165feae2e28bb.bundle,去找小蜂,Say,シンホン･ゴ,46,ありがとう！,고마워!
16cb18d2a2b26981a5a165feae2e28bb.bundle,去找小蜂,Branch,#Simple,18,重要なのは私がどう思うかではなく、あなたがどう考えるかです。,"중요한 건 제가 어떻게 생각하느냐가 아니라, 당신이 어떻게 생각하느냐예요."
16cb18d2a2b26981a5a165feae2e28bb.bundle,去找小蜂,Say,シンホン･ゴ,47,俺は……,나는……
16cb18d2a2b26981a5a165feae2e28bb.bundle,去找小蜂,Say,シンホン･ゴ,48,これは間違いなく俺の考えだ。,이건 틀림없이 내 생각이다.
16cb18d2a2b26981a5a165feae2e28bb.bundle,去找小蜂,Say,シンホン･ゴ,49,ありがとう。ジェイと話して少しすっきりした。,고마워. 제이랑 얘기하니까 좀 후련해졌어.
16cb18d2a2b26981a5a165feae2e28bb.bundle,去找小蜂,Branch,#Simple,19,どういたしまして。,천만에.
16cb18d2a2b26981a5a165feae2e28bb.bundle,去找小蜂,Say,シンホン･ゴ,50,ハハ、本当にありがとう。,"하하, 정말 고마워."
16cb18d2a2b26981a5a165feae2e28bb.bundle,去找小蜂,Branch,#Simple,20,すっきりしたならよかったです。,후련해지셨다면 다행입니다.
16cb18d2a2b26981a5a165feae2e28bb.bundle,去找小蜂,Branch,#Simple,21,……,……
16cb18d2a2b26981a5a165feae2e28bb.bundle,去找小蜂,Say,シンホン･ゴ,51,あ、そうだ。リュウセイも、ありがとうな。,"아, 맞다. 류세이도, 고마워."
16cb18d2a2b26981a5a165feae2e28bb.bundle,去找小蜂,Say,リュウセイ･チョウ,9,い、いえ！,"아, 아니에요!"
16cb18d2a2b26981a5a165feae2e28bb.bundle,去找小蜂,Branch,#Simple,22,……,……
16cb18d2a2b26981a5a165feae2e28bb.bundle,去找小蜂,Branch,#Simple,23,考え方が違う者同士が、喧嘩をしないというのは難しいと思います。,"생각이 다른 사람들끼리, 안 싸우는 건 어렵다고 생각합니다."
16cb18d2a2b26981a5a165feae2e28bb.bundle,去找小蜂,Say,シンホン･ゴ,52,……,……
16cb18d2a2b26981a5a165feae2e28bb.bundle,去找小蜂,Say,シンホン･ゴ,53,そうかもしれないな。,그럴지도 모르지.
16cb18d2a2b26981a5a165feae2e28bb.bundle,去找小蜂,Branch,#Simple,24,リョウさんと距離を取ってみたらどうですか？,료 씨랑 거리를 둬보는 건 어때요?
16cb18d2a2b26981a5a165feae2e28bb.bundle,去找小蜂,Say,シンホン･ゴ,54,彼は育ての親だし、そんなことはしたくない……,"그 사람은 나를 키워준 부모나 마찬가지고, 그런 짓은 하고 싶지 않아……"
16cb18d2a2b26981a5a165feae2e28bb.bundle,去找小蜂,Say,シンホン･ゴ,55,……,……
16cb18d2a2b26981a5a165feae2e28bb.bundle,去找小蜂,Say,シンホン･ゴ,56,まあ、このままじゃそうなるしかないが。,"뭐, 이대로면 그렇게 될 수밖에 없겠지만."
16cb18d2a2b26981a5a165feae2e28bb.bundle,去找小蜂,Branch,#Simple,25,……,……
16cb18d2a2b26981a5a165feae2e28bb.bundle,去找小蜂,Say,シンホン･ゴ,57,……,……
16cb18d2a2b26981a5a165feae2e28bb.bundle,去找小蜂,Say,シンホン･ゴ,58,もうこんな時間か、仕事に戻らないとな。,"벌써 이런 시간인가, 일하러 돌아가야겠다."
16cb18d2a2b26981a5a165feae2e28bb.bundle,去找小蜂,Say,シンホン･ゴ,59,じゃ、俺はこれで。,"그럼, 나는 이만."
16cb18d2a2b26981a5a165feae2e28bb.bundle,去找小蜂,Say,リュウセイ･チョウ,10,は、はい……！,"네, 넵……!"
16cb18d2a2b26981a5a165feae2e28bb.bundle,去找小蜂,Branch,#Simple,26,お疲れ様でした。,수고하셨습니다.
16cb18d2a2b26981a5a165feae2e28bb.bundle,去找小蜂,Branch,#Simple,27,……,……
16cb18d2a2b26981a5a165feae2e28bb.bundle,去找小蜂,Say,リュウセイ･チョウ,11,……,……
16cb18d2a2b26981a5a165feae2e28bb.bundle,去找小蜂,Say,リュウセイ･チョウ,12,ジェイの兄貴、凄いっすね……,"제이 형, 대단하네요……"
16cb18d2a2b26981a5a165feae2e28bb.bundle,去找小蜂,Branch,#Simple,28,何がだ？,뭐가?
16cb18d2a2b26981a5a165feae2e28bb.bundle,去找小蜂,Branch,#Simple,29,ありがとう？,고맙다고?
16cb18d2a2b26981a5a165feae2e28bb.bundle,去找小蜂,Branch,#Simple,30,……,……
16cb18d2a2b26981a5a165feae2e28bb.bundle,去找小蜂,Say,リュウセイ･チョウ,13,シンホンさんを励ましたかったのに……,신홍 씨를 격려하고 싶었는데……
16cb18d2a2b26981a5a165feae2e28bb.bundle,去找小蜂,Say,リュウセイ･チョウ,14,僕の言ってることは支離滅裂で、自分さえもわけがわからなくなっちゃって……,"제가 하는 말이 앞뒤가 안 맞아서, 저 스스로도 뭐가 뭔지 모르게 돼버려서……"
16cb18d2a2b26981a5a165feae2e28bb.bundle,去找小蜂,Say,リュウセイ･チョウ,15,だから、さすが兄貴っす！,"그러니까, 역시 형이에요!"
16cb18d2a2b26981a5a165feae2e28bb.bundle,去找小蜂,Branch,#Simple,31,大したことはしていない。,별거 안 했다.
16cb18d2a2b26981a5a165feae2e28bb.bundle,去找小蜂,Branch,#Simple,32,たまたま上手くいっただけだ。,그냥 우연히 잘 풀린 것뿐이다.
16cb18d2a2b26981a5a165feae2e28bb.bundle,去找小蜂,Say,リュウセイ･チョウ,16,しかも謙虚すぎる！,게다가 너무 겸손해요!
16cb18d2a2b26981a5a165feae2e28bb.bundle,去找小蜂,Say,リュウセイ･チョウ,17,惚れるっす！,반하겠어요!
16cb18d2a2b26981a5a165feae2e28bb.bundle,去找小蜂,Say,心の声,0,……,……
16cb18d2a2b26981a5a165feae2e28bb.bundle,去找小蜂,Branch,#Simple,33,……,……
16cb18d2a2b26981a5a165feae2e28bb.bundle,去找小蜂,Say,リュウセイ･チョウ,18,おかげで、シンホンさんも元気になったみたいっす。,"덕분에, 신홍 씨도 기운 난 것 같아요."
16cb18d2a2b26981a5a165feae2e28bb.bundle,去找小蜂,Say,リュウセイ･チョウ,19,感謝します！,감사해요!
16cb18d2a2b26981a5a165feae2e28bb.bundle,去找小蜂,Say,リュウセイ･チョウ,20,じゃ、僕も仕事に戻るっすね！,"그럼, 저도 일하러 돌아갈게요!"
16cb18d2a2b26981a5a165feae2e28bb.bundle,去找小蜂,Say,リュウセイ･チョウ,21,また！,또 봐요!
16cb18d2a2b26981a5a165feae2e28bb.bundle,去找小蜂,Branch,#Simple,34,ああ。,그래.
16cb18d2a2b26981a5a165feae2e28bb.bundle,去找小蜂,Branch,#Simple,35,……,……
16cb18d2a2b26981a5a165feae2e28bb.bundle,去找小蜂,Say,心の声,1,こいつは元気だな……,이 녀석 기운 넘치네……
16cb18d2a2b26981a5a165feae2e28bb.bundle,去找小蜂,Say,リュウセイ･チョウ,22,シンホンさんを励ますことは叶わなかったっすね。,신홍 씨를 격려하는 건 못 했네요.
16cb18d2a2b26981a5a165feae2e28bb.bundle,去找小蜂,Say,リュウセイ･チョウ,23,リョウさんと仲直りさせたかったっす……,료 씨랑 화해시키고 싶었는데……
16cb18d2a2b26981a5a165feae2e28bb.bundle,去找小蜂,Say,リュウセイ･チョウ,24,ハハ……そんな簡単なことじゃないってことっすね。,하하……그렇게 간단한 일이 아니라는 거네요.
16cb18d2a2b26981a5a165feae2e28bb.bundle,去找小蜂,Say,リュウセイ･チョウ,25,仕事が残ってるから、僕は先に失礼するっす。,"일이 남아 있어서, 저는 먼저 실례할게요."
16cb18d2a2b26981a5a165feae2e28bb.bundle,去找小蜂,Branch,#Simple,36,またな。,또 보자.
16cb18d2a2b26981a5a165feae2e28bb.bundle,去找小蜂,Say,リュウセイ･チョウ,26,はい。,네.
16cb18d2a2b26981a5a165feae2e28bb.bundle,去找小蜂,Branch,#Simple,37,……,……
16cb18d2a2b26981a5a165feae2e28bb.bundle,孫茹登場,Say,イエホン･キュウ,0,あっ、ジソ！ジェイを紹介するよ！,"아, 지소! 제이 소개해줄게!"
16cb18d2a2b26981a5a165feae2e28bb.bundle,孫茹登場,Say,イエホン･キュウ,1,ずっと横で話を聞いてたしね。,계속 옆에서 얘기 듣고 있었으니까.
16cb18d2a2b26981a5a165feae2e28bb.bundle,孫茹登場,Say,ジソ･ソン,0,ジェイ？,제이?
16cb18d2a2b26981a5a165feae2e28bb.bundle,孫茹登場,Say,タイミン･ソウ,0,彼は今日来た新人のジェイ･ダイです。,이쪽은 오늘 온 신입 제이 다이예요.
16cb18d2a2b26981a5a165feae2e28bb.bundle,孫茹登場,Say,ジソ･ソン,1,うお！噂の新人さんや！,오! 소문의 신입이구나!
16cb18d2a2b26981a5a165feae2e28bb.bundle,孫茹登場,Branch,#Simple,0,どうも、ジェイ･ダイです。,"안녕하세요, 제이 다이입니다."
16cb18d2a2b26981a5a165feae2e28bb.bundle,孫茹登場,Branch,#Simple,1,……,……
16cb18d2a2b26981a5a165feae2e28bb.bundle,孫茹登場,Say,ジソ･ソン,2,どうも！,안녕!
16cb18d2a2b26981a5a165feae2e28bb.bundle,孫茹登場,Say,ジソ･ソン,3,私はジソ･ソン、修築組のサブチーフや。,"나는 지소 손, 수축조 부팀장이야."
16cb18d2a2b26981a5a165feae2e28bb.bundle,孫茹登場,Say,イエホン･キュウ,2,彼女ね、ベンチプレス100キロ上げられるんだ。,"이 누나 말이야, 벤치프레스 100킬로 든다니까."
16cb18d2a2b26981a5a165feae2e28bb.bundle,孫茹登場,Say,ジソ･ソン,4,昨日は110まで上げられたで！,어제는 110까지 들었어!
16cb18d2a2b26981a5a165feae2e28bb.bundle,孫茹登場,Say,シンカ･シェ,0,すごい！おめでとうございます！,대단해요! 축하드려요!
16cb18d2a2b26981a5a165feae2e28bb.bundle,孫茹登場,Say,イエホン･キュウ,3,すげえ！,쩐다!
16cb18d2a2b26981a5a165feae2e28bb.bundle,孫茹登場,Say,タイミン･ソウ,1,す、凄すぎる……！,"너, 너무 대단해……!"
16cb18d2a2b26981a5a165feae2e28bb.bundle,孫茹登場,Say,ジソ･ソン,5,アハハ～。,아하하~.
16cb18d2a2b26981a5a165feae2e28bb.bundle,孫茹登場,Say,ジソ･ソン,6,二人はどんな感じ？,너희 둘은 어떻게 지내?
16cb18d2a2b26981a5a165feae2e28bb.bundle,孫茹登場,Say,イエホン･キュウ,4,……,……
16cb18d2a2b26981a5a165feae2e28bb.bundle,孫茹登場,Say,タイミン･ソウ,2,……,……
16cb18d2a2b26981a5a165feae2e28bb.bundle,孫茹登場,Say,シンカ･シェ,1,フフフ！年会費だけ払って通わないタイプみたいですね。,후후! 연회비만 내고 안 다니는 타입인가 봐요.
16cb18d2a2b26981a5a165feae2e28bb.bundle,孫茹登場,Say,シンカ･シェ,2,一緒に行かなくてよかったです。,같이 안 가서 다행이에요.
16cb18d2a2b26981a5a165feae2e28bb.bundle,孫茹登場,Say,シンカ･シェ,3,私、絶対に続けられないもの。,저는 절대 계속 못 할 거예요.
16cb18d2a2b26981a5a165feae2e28bb.bundle,孫茹登場,Say,タイミン･ソウ,3,退会したいのですが、その手続きがとても大変で……,"탈퇴하고 싶은데, 그 절차가 너무 번거로워서……"
16cb18d2a2b26981a5a165feae2e28bb.bundle,孫茹登場,Say,イエホン･キュウ,5,ジソの姉貴、退会するの手伝ってくださいよ。受付の人、めっちゃ怖いもん。,"지소 누나, 탈퇴하는 거 좀 도와줘요. 접수처 사람이 완전 무섭단 말이에요."
16cb18d2a2b26981a5a165feae2e28bb.bundle,孫茹登場,Say,イエホン･キュウ,6,姉貴なら穏便に退会する方法を知ってるでしょ？,누나라면 조용히 탈퇴하는 방법 알고 있잖아요?
16cb18d2a2b26981a5a165feae2e28bb.bundle,孫茹登場,Say,ジソ･ソン,7,ふむ……,흐음……
16cb18d2a2b26981a5a165feae2e28bb.bundle,孫茹登場,Say,ジソ･ソン,8,すまん。私、いっぺんも退会したことあれへん。,"미안. 나, 한 번도 탈퇴해본 적이 없어."
16cb18d2a2b26981a5a165feae2e28bb.bundle,孫茹登場,Say,ジソ･ソン,9,力になられへんかもしれへん。,힘이 못 돼줄지도 몰라.
16cb18d2a2b26981a5a165feae2e28bb.bundle,孫茹登場,Say,イエホン･キュウ,7,そんな……,그런……
16cb18d2a2b26981a5a165feae2e28bb.bundle,孫茹登場,Say,タイミン･ソウ,4,年会費だけずっと払わされる……,연회비만 계속 내야 하는 건가……
16cb18d2a2b26981a5a165feae2e28bb.bundle,孫茹登場,Say,ジソ･ソン,10,今日から毎日通えば無駄にならんよ。,오늘부터 매일 다니면 헛돈 쓰는 거 아니지.
16cb18d2a2b26981a5a165feae2e28bb.bundle,孫茹登場,Say,イエホン･キュウ,8,僕には無理だー！,나한텐 무리야ㅡ!
16cb18d2a2b26981a5a165feae2e28bb.bundle,孫茹登場,Say,ジソ･ソン,11,ハハハ、楽しそうでなによりやね！,"하하하, 재밌어 보여서 다행이네!"
16cb18d2a2b26981a5a165feae2e28bb.bundle,孫茹登場,Say,ジソ･ソン,12,じゃ、私はこの辺で。,"그럼, 나는 이만."
16cb18d2a2b26981a5a165feae2e28bb.bundle,孫茹登場,Say,ジソ･ソン,13,これ以上はリョウさんに怒られるからね。,더 있으면 치쿄 씨한테 혼나니까.
16cb18d2a2b26981a5a165feae2e28bb.bundle,孫茹登場,Say,シンカ･シェ,4,バイバイ！,바이바이!
16cb18d2a2b26981a5a165feae2e28bb.bundle,孫茹登場(自動),Say,ジソ･ソン,0,ヤッホー！,야호!
16cb18d2a2b26981a5a165feae2e28bb.bundle,孫茹登場(自動),Say,シンカ･シェ,0,ジソ！どうしてここに？,지소! 여긴 웬일이야?
16cb18d2a2b26981a5a165feae2e28bb.bundle,孫茹登場(自動),Say,ジソ･ソン,1,リョウさんに仕事を頼まれたから、権限をもろたんや。,"치쿄 씨한테 일 부탁받아서, 권한을 받았거든."
16cb18d2a2b26981a5a165feae2e28bb.bundle,孫茹登場(自動),Say,ジソ･ソン,2,そんなことより、シンカちゃーん。,"그건 그렇고, 신카야~."
16cb18d2a2b26981a5a165feae2e28bb.bundle,孫茹登場(自動),Say,ジソ･ソン,3,聞ーいーたーで！,다 들었-어!
16cb18d2a2b26981a5a165feae2e28bb.bundle,孫茹登場(自動),Say,ジソ･ソン,4,またパスをセラーに落としたんだって？,또 패스를 지하 저장고에 떨어뜨렸다며?
16cb18d2a2b26981a5a165feae2e28bb.bundle,孫茹登場(自動),Say,シンカ･シェ,1,またって……まだ二回目です！,또라니……아직 두 번째예요!
16cb18d2a2b26981a5a165feae2e28bb.bundle,孫茹登場(自動),Say,ジソ･ソン,5,サイレントが見つけてくれてよかったなぁ。,사일런트가 찾아줘서 다행이었네.
16cb18d2a2b26981a5a165feae2e28bb.bundle,孫茹登場(自動),Say,シンカ･シェ,2,ハハ……そうですね。,하하……그러게요.
16cb18d2a2b26981a5a165feae2e28bb.bundle,孫茹登場(自動),Say,ジソ･ソン,6,せやけどサイレントに知られたってことは、減点されてまうわな？,"근데 사일런트한테 걸렸다는 건, 감점당하는 거 아니야?"
16cb18d2a2b26981a5a165feae2e28bb.bundle,孫茹登場(自動),Say,シンカ･シェ,3,見つからないよりマシです。,못 찾는 것보다는 나아요.
16cb18d2a2b26981a5a165feae2e28bb.bundle,孫茹登場(自動),Say,ジソ･ソン,7,へー？そないに大事なものなん？,오? 그렇게 중요한 거야?
16cb18d2a2b26981a5a165feae2e28bb.bundle,孫茹登場(自動),Say,シンカ･シェ,4,このパスがあれば、誰でもセラーに行くことができるんです。,"이 패스만 있으면, 누구든 지하 저장고에 갈 수 있거든요."
16cb18d2a2b26981a5a165feae2e28bb.bundle,孫茹登場(自動),Say,シンカ･シェ,5,これを私に渡すために、シュンさんがいろいろ掛け合ってくれたそうです。,"이걸 저한테 주려고, 슌 씨가 여기저기 손써주셨대요."
16cb18d2a2b26981a5a165feae2e28bb.bundle,孫茹登場(自動),Say,ジソ･ソン,8,せやったらもっと気ぃつけな！,그럼 더 신경 써야지!
16cb18d2a2b26981a5a165feae2e28bb.bundle,孫茹登場(自動),Say,シンカ･シェ,6,わ、わかってますよ！,"아, 알고 있어요!"
16cb18d2a2b26981a5a165feae2e28bb.bundle,孫茹登場(自動),Say,シンカ･シェ,7,ちゃんと厳重に保管しています！,제대로 엄중하게 보관하고 있어요!
16cb18d2a2b26981a5a165feae2e28bb.bundle,孫茹登場(自動),Say,ジソ･ソン,9,どこに？,어디에?
16cb18d2a2b26981a5a165feae2e28bb.bundle,孫茹登場(自動),Say,シンカ･シェ,8,あそこです！,저기요!
16cb18d2a2b26981a5a165feae2e28bb.bundle,孫茹登場(自動),Say,ジソ･ソン,10,こら！資料の上に置いてるだけやん……,야! 그냥 자료 위에 올려놓은 거잖아……
16cb18d2a2b26981a5a165feae2e28bb.bundle,孫茹登場(自動),Say,ジソ･ソン,11,そんなんじゃ、すぐ盗まれるで。,"그러면, 금방 도둑맞는다."
16cb18d2a2b26981a5a165feae2e28bb.bundle,孫茹登場(自動),Say,シンカ･シェ,9,サイレントが監視してるし、盗む人はいませんよ！,"사일런트가 감시하고 있으니까, 훔쳐 갈 사람 없어요!"
16cb18d2a2b26981a5a165feae2e28bb.bundle,孫茹登場(自動),Say,ジソ･ソン,12,ハハ、それもそうか。,"하하, 그것도 그렇네."
16cb18d2a2b26981a5a165feae2e28bb.bundle,孫茹登場(自動),Say,ジソ･ソン,13,せや。そっちのムッツリチーフはレイカをデートに誘うた？,맞다. 그쪽 뚱한 팀장은 레이카한테 데이트 신청했어?
16cb18d2a2b26981a5a165feae2e28bb.bundle,孫茹登場(自動),Say,イエホン･キュウ,0,ノー！,노!
16cb18d2a2b26981a5a165feae2e28bb.bundle,孫茹登場(自動),Say,ジソ･ソン,14,はぁ？なんてトロイやつや！,뭐? 답답한 녀석이네!
16cb18d2a2b26981a5a165feae2e28bb.bundle,孫茹登場(自動),Say,ジソ･ソン,15,ちょい、タイミン！アンタらのチーフ飲みにでも連れとって教育しーな！,"야, 타이밍! 너희 팀장 술이라도 데려가서 좀 가르쳐!"
16cb18d2a2b26981a5a165feae2e28bb.bundle,孫茹登場(自動),Say,タイミン･ソウ,0,何で僕が……,왜 제가……
16cb18d2a2b26981a5a165feae2e28bb.bundle,孫茹登場(自動),Say,ジソ･ソン,16,そらわかっとるやないか……,그야 뻔히 알잖아……
16cb18d2a2b26981a5a165feae2e28bb.bundle,孫茹登場(自動),Say,タイミン･ソウ,1,僕が酒好きだからってことですか！？,제가 술 좋아한다는 거예요!?
16cb18d2a2b26981a5a165feae2e28bb.bundle,孫茹登場(自動),Say,ジソ･ソン,17,でも好きなんやろう？,근데 좋아하잖아?
16cb18d2a2b26981a5a165feae2e28bb.bundle,孫茹登場(自動),Say,タイミン･ソウ,2,……わかりましたよ！,……알겠어요!
16cb18d2a2b26981a5a165feae2e28bb.bundle,孫茹登場(自動),Say,タイミン･ソウ,3,後で誘っておきます。,나중에 데려가 볼게요.
16cb18d2a2b26981a5a165feae2e28bb.bundle,孫茹登場(自動),Say,イエホン･キュウ,1,じゃ、僕も！,"그럼, 저도!"
16cb18d2a2b26981a5a165feae2e28bb.bundle,孫茹登場(自動),Say,シンカ･シェ,10,あんまり飲まないでくださいね。,너무 많이 마시지는 마세요.
16cb18d2a2b26981a5a165feae2e28bb.bundle,孫茹登場(自動),Say,イエホン･キュウ,2,なになに？タイミンがあまり飲めないと思ってるの？,뭐야뭐야? 타이밍이 술 못 마신다고 생각하는 거야?
16cb18d2a2b26981a5a165feae2e28bb.bundle,孫茹登場(自動),Say,イエホン･キュウ,3,タイミンはかなりの酒豪なんだから！,타이밍은 완전 술고래라고!
16cb18d2a2b26981a5a165feae2e28bb.bundle,孫茹登場(自動),Say,シンカ･シェ,11,ボーちゃんに対して言っているんです。健康診断の結果、かなり悪かったですよね？,"보짱한테 하는 말이에요. 건강검진 결과, 꽤 안 좋았잖아요?"
16cb18d2a2b26981a5a165feae2e28bb.bundle,孫茹登場(自動),Say,イエホン･キュウ,4,シンカこそ、コーヒーの飲み過ぎなんだよ！このカフェイン中毒が！,"신카야말로, 커피를 너무 마셔! 이 카페인 중독자야!"
16cb18d2a2b26981a5a165feae2e28bb.bundle,孫茹登場(自動),Say,ジソ･ソン,18,ハハハ、楽しそうやな！,"하하하, 재밌어 보이네!"
16cb18d2a2b26981a5a165feae2e28bb.bundle,孫茹登場(自動),Say,タイミン･ソウ,4,……そう思えるのは、ここで働いていないからですよ。,"……그렇게 보이는 건, 여기서 안 일해서예요."
16cb18d2a2b26981a5a165feae2e28bb.bundle,孫茹登場(自動),Say,タイミン･ソウ,5,毎日この喧嘩を聞いてたら、死にたくなりますよ。,"매일 이 싸움을 듣고 있으면, 죽고 싶어져요."
16cb18d2a2b26981a5a165feae2e28bb.bundle,孫茹登場(自動),Say,ジソ･ソン,19,アハハ、じゃ、仕事頑張りや。私はこの辺で失礼するから。,"아하하, 그럼, 일 열심히 해. 나는 이만 가볼게."
16cb18d2a2b26981a5a165feae2e28bb.bundle,孫茹登場(自動),Say,ジソ･ソン,20,めんどいけど、リョウさんに報告せなあかんからな……,"귀찮지만, 치쿄 씨한테 보고해야 하니까……"
16cb18d2a2b26981a5a165feae2e28bb.bundle,孫茹登場(自動),Say,ジソ･ソン,21,また。,또 봐요.
16cb18d2a2b26981a5a165feae2e28bb.bundle,孫茹登場(自動),Say,タイミン･ソウ,6,はい。,네.
16cb18d2a2b26981a5a165feae2e28bb.bundle,找到采欣聊球球,Say,シンカ･シェ,0,あれ？ジェイさん？,어라? 제이 씨?
16cb18d2a2b26981a5a165feae2e28bb.bundle,找到采欣聊球球,Say,シンカ･シェ,1,どうしてここに……？,여기 왜……?
16cb18d2a2b26981a5a165feae2e28bb.bundle,找到采欣聊球球,Branch,#Simple,0,ボーちゃんに頼まれまして。,보짱한테서 부탁받아서요.
16cb18d2a2b26981a5a165feae2e28bb.bundle,找到采欣聊球球,Say,シンカ･シェ,2,ボーちゃん……？,보짱……?
16cb18d2a2b26981a5a165feae2e28bb.bundle,找到采欣聊球球,Say,シンカ･シェ,3,何でジェイさんに頼むんですか？,왜 제이 씨한테 부탁한 거예요?
16cb18d2a2b26981a5a165feae2e28bb.bundle,找到采欣聊球球,Branch,#Simple,1,それはわかりません。,그건 모르겠습니다.
16cb18d2a2b26981a5a165feae2e28bb.bundle,找到采欣聊球球,Say,シンカ･シェ,4,……,……
16cb18d2a2b26981a5a165feae2e28bb.bundle,找到采欣聊球球,Branch,#Simple,2,仕事で手が離せないそうです。,일 때문에 손을 뗄 수 없다고 하더군요.
16cb18d2a2b26981a5a165feae2e28bb.bundle,找到采欣聊球球,Say,シンカ･シェ,5,だからって他の人に頼むのは良くないと思います。,그렇다고 다른 사람한테 부탁하는 건 좋지 않다고 생각해요.
16cb18d2a2b26981a5a165feae2e28bb.bundle,找到采欣聊球球,Branch,#Simple,3,確かに、彼本人に行かせるべきでしたね。,"확실히, 본인이 직접 갔어야 했겠네요."
16cb18d2a2b26981a5a165feae2e28bb.bundle,找到采欣聊球球,Say,シンカ･シェ,6,……そうですよ。,……그렇다니까요.
16cb18d2a2b26981a5a165feae2e28bb.bundle,找到采欣聊球球,Branch,#Simple,4,本当に仕事で手が離せないかはわかりませんが。,정말로 일 때문에 손을 못 뗀 건지는 모르겠지만요.
16cb18d2a2b26981a5a165feae2e28bb.bundle,找到采欣聊球球,Say,シンカ･シェ,7,……,……
16cb18d2a2b26981a5a165feae2e28bb.bundle,找到采欣聊球球,Branch,#Simple,5,……,……
16cb18d2a2b26981a5a165feae2e28bb.bundle,找到采欣聊球球,Branch,#Simple,6,シンカは自分に会いたくないだろうっと彼が言ってました。,신카가 자기를 만나고 싶지 않을 거라고 그가 말했습니다.
16cb18d2a2b26981a5a165feae2e28bb.bundle,找到采欣聊球球,Say,シンカ･シェ,8,……,……
16cb18d2a2b26981a5a165feae2e28bb.bundle,找到采欣聊球球,Say,シンカ･シェ,9,それで、何を頼まれたんですか？,"그래서, 뭘 부탁받으신 거예요?"
16cb18d2a2b26981a5a165feae2e28bb.bundle,找到采欣聊球球,Branch,#Simple,7,いつも喧嘩を売ることを謝罪していました。,항상 시비 거는 거 사과하고 있었습니다.
16cb18d2a2b26981a5a165feae2e28bb.bundle,找到采欣聊球球,Branch,#Simple,8,大丈夫ですか？,괜찮으세요?
16cb18d2a2b26981a5a165feae2e28bb.bundle,找到采欣聊球球,Say,シンカ･シェ,10,はい。,네.
16cb18d2a2b26981a5a165feae2e28bb.bundle,找到采欣聊球球,Say,シンカ･シェ,11,私に用があってここにきたんですよね？,저한테 볼일이 있어서 여기 오신 거죠?
16cb18d2a2b26981a5a165feae2e28bb.bundle,找到采欣聊球球,Branch,#Simple,9,ボーちゃんがいつも喧嘩を売って悪かったと言ってました。,보짱이 항상 시비 걸어서 미안하다고 했습니다.
16cb18d2a2b26981a5a165feae2e28bb.bundle,找到采欣聊球球,Say,シンカ･シェ,12,……,……
16cb18d2a2b26981a5a165feae2e28bb.bundle,找到采欣聊球球,Say,心の声,0,シンカが複雑な表情を浮かべている……,신카가 복잡한 표정을 짓고 있다……
16cb18d2a2b26981a5a165feae2e28bb.bundle,找到采欣聊球球,Say,シンカ･シェ,13,……,……
16cb18d2a2b26981a5a165feae2e28bb.bundle,找到采欣聊球球,Say,シンカ･シェ,14,ボーちゃんが操作組を嫌っていることはよく知ってます。,보짱이 조작조를 싫어하는 건 잘 알고 있어요.
16cb18d2a2b26981a5a165feae2e28bb.bundle,找到采欣聊球球,Say,シンカ･シェ,15,いえ、選別組の皆と言うべきかもしれませんね……,"아니, 선별조 사람들 전체라고 해야 할지도 모르겠네요……"
16cb18d2a2b26981a5a165feae2e28bb.bundle,找到采欣聊球球,Say,シンカ･シェ,16,私が操作組に行くのをよく思わないのは仕方がないと思っています。,제가 조작조에 가는 걸 탐탁지 않아 하는 건 어쩔 수 없다고 생각해요.
16cb18d2a2b26981a5a165feae2e28bb.bundle,找到采欣聊球球,Branch,#Simple,10,でもそっちに行く理由があるんですよね？,근데 그쪽에 가는 이유가 있으신 거죠?
16cb18d2a2b26981a5a165feae2e28bb.bundle,找到采欣聊球球,Say,シンカ･シェ,17,……,……
16cb18d2a2b26981a5a165feae2e28bb.bundle,找到采欣聊球球,Say,シンカ･シェ,18,はい。,네.
16cb18d2a2b26981a5a165feae2e28bb.bundle,找到采欣聊球球,Branch,#Simple,11,それはシンカの自由であり、他人が口を出すべきものではありません。,"그건 신카 씨 자유고, 남이 참견할 일이 아닙니다."
16cb18d2a2b26981a5a165feae2e28bb.bundle,找到采欣聊球球,Say,シンカ･シェ,19,わかっています……,알고 있어요……
16cb18d2a2b26981a5a165feae2e28bb.bundle,找到采欣聊球球,Say,シンカ･シェ,20,それに他の皆はほとんど口出ししませんよ。,게다가 다른 사람들은 거의 참견 안 해요.
16cb18d2a2b26981a5a165feae2e28bb.bundle,找到采欣聊球球,Say,シンカ･シェ,21,ボーちゃんだけですから……,보짱뿐이니까요……
16cb18d2a2b26981a5a165feae2e28bb.bundle,找到采欣聊球球,Say,シンカ･シェ,22,でも彼は謝ってくれましたし……,근데 그 사람이 사과해줬고……
16cb18d2a2b26981a5a165feae2e28bb.bundle,找到采欣聊球球,Branch,#Simple,12,……,……
16cb18d2a2b26981a5a165feae2e28bb.bundle,找到采欣聊球球,Say,シンカ･シェ,23,……,……
16cb18d2a2b26981a5a165feae2e28bb.bundle,找到采欣聊球球,Say,シンカ･シェ,24,はぁ……,하아……
16cb18d2a2b26981a5a165feae2e28bb.bundle,找到采欣聊球球,Say,シンカ･シェ,25,ジェイさん、少しだけ私の話に付き合ってくれませんか？,"제이 씨, 잠깐만 제 얘기 좀 들어주시겠어요?"
16cb18d2a2b26981a5a165feae2e28bb.bundle,找到采欣聊球球,Branch,#Simple,13,わかりました。,알겠습니다.
16cb18d2a2b26981a5a165feae2e28bb.bundle,找到采欣聊球球,Branch,#Simple,14,申し訳ないですが、今は忙しいです。,"죄송하지만, 지금은 바쁩니다."
16cb18d2a2b26981a5a165feae2e28bb.bundle,找到采欣聊球球,Say,シンカ･シェ,26,あ、そうですか……,"아, 그런가요……"
16cb18d2a2b26981a5a165feae2e28bb.bundle,找到采欣聊球球,Say,シンカ･シェ,27,急にすみませんでした。,갑자기 죄송했습니다.
16cb18d2a2b26981a5a165feae2e28bb.bundle,找到采欣聊球球,Branch,#Simple,15,話ですか？,얘기요?
16cb18d2a2b26981a5a165feae2e28bb.bundle,找到采欣聊球球,Say,シンカ･シェ,28,お忙しいなら、大丈夫ですよ。,"바쁘시면, 괜찮아요."
16cb18d2a2b26981a5a165feae2e28bb.bundle,找到采欣聊球球,Branch,#Simple,16,……,……
16cb18d2a2b26981a5a165feae2e28bb.bundle,找到采欣聊球球,Say,シンカ･シェ,29,そんな重要な話ではないので。,그렇게 중요한 얘기는 아니니까요.
16cb18d2a2b26981a5a165feae2e28bb.bundle,找到采欣聊球球,Say,シンカ･シェ,30,じゃ、また後で。,"그럼, 이따 뵐게요."
16cb18d2a2b26981a5a165feae2e28bb.bundle,找到采欣聊球球,Branch,#Simple,17,はい。,네.
16cb18d2a2b26981a5a165feae2e28bb.bundle,找到采欣聊球球,Branch,#Simple,18,……,……
16cb18d2a2b26981a5a165feae2e28bb.bundle,找到采欣聊球球,Say,シンカ･シェ,31,……,……
16cb18d2a2b26981a5a165feae2e28bb.bundle,找到采欣聊球球,Say,シンカ･シェ,32,ボーちゃんには手伝いで操作組に出入りしていると言いましたが……,보짱한테는 돕느라 조작조에 드나든다고 말했지만……
16cb18d2a2b26981a5a165feae2e28bb.bundle,找到采欣聊球球,Say,シンカ･シェ,33,実は勉強をしてたんです。,사실은 공부하고 있었어요.
16cb18d2a2b26981a5a165feae2e28bb.bundle,找到采欣聊球球,Say,シンカ･シェ,34,選別組の仕事は楽で、簡単に熟せるという点では有り難いですが……,"선별조 일은 편하고, 손쉽게 해낼 수 있다는 점에서는 고맙지만요……"
16cb18d2a2b26981a5a165feae2e28bb.bundle,找到采欣聊球球,Say,シンカ･シェ,35,逆に自分のレベルアップには物足りないんです。,반대로 제 실력 향상에는 부족한 거예요.
16cb18d2a2b26981a5a165feae2e28bb.bundle,找到采欣聊球球,Say,シンカ･シェ,36,操作組にいると、毎日新しいことを学べるんです。,"조작조에 있으면, 매일 새로운 걸 배울 수 있거든요."
16cb18d2a2b26981a5a165feae2e28bb.bundle,找到采欣聊球球,Branch,#Simple,19,操作組に異動するつもりですか？,조작조로 이동할 생각이세요?
16cb18d2a2b26981a5a165feae2e28bb.bundle,找到采欣聊球球,Say,シンカ･シェ,37,いえ、それは違います！,"아뇨, 그건 아니에요!"
16cb18d2a2b26981a5a165feae2e28bb.bundle,找到采欣聊球球,Say,心の声,1,急に声を張り上げるからびっくりした……,갑자기 목소리를 높여서 놀랐다……
16cb18d2a2b26981a5a165feae2e28bb.bundle,找到采欣聊球球,Branch,#Simple,20,それなら、なぜそれをボーちゃんに言わないんですか？,"그럼, 왜 그걸 보짱한테 말 안 하는 거예요?"
16cb18d2a2b26981a5a165feae2e28bb.bundle,找到采欣聊球球,Say,シンカ･シェ,38,彼にバカにされたくないからです。,걔한테 무시당하고 싶지 않아서요.
16cb18d2a2b26981a5a165feae2e28bb.bundle,找到采欣聊球球,Branch,#Simple,21,……,……
16cb18d2a2b26981a5a165feae2e28bb.bundle,找到采欣聊球球,Say,シンカ･シェ,39,……,……
16cb18d2a2b26981a5a165feae2e28bb.bundle,找到采欣聊球球,Say,シンカ･シェ,40,ボーちゃんとタイミンさんとはこの職場で知り合いました。,보짱이랑 타이밍 씨는 이 직장에서 알게 됐어요.
16cb18d2a2b26981a5a165feae2e28bb.bundle,找到采欣聊球球,Say,心の声,2,急に話が変わった……,갑자기 화제가 바뀌었다……
16cb18d2a2b26981a5a165feae2e28bb.bundle,找到采欣聊球球,Say,シンカ･シェ,41,最初から、ボーちゃんとそりが合わなくて……,"처음부터, 보짱이랑 안 맞아서……"
16cb18d2a2b26981a5a165feae2e28bb.bundle,找到采欣聊球球,Say,シンカ･シェ,42,ほら、彼って頑固なところがあるでしょう。,"왜, 걔 고집 센 데가 있잖아요."
16cb18d2a2b26981a5a165feae2e28bb.bundle,找到采欣聊球球,Branch,#Simple,22,ハハ、そうですね。,"하하, 그러네요."
16cb18d2a2b26981a5a165feae2e28bb.bundle,找到采欣聊球球,Branch,#Simple,23,私にはまだわからないですね。,저는 아직 잘 모르겠네요.
16cb18d2a2b26981a5a165feae2e28bb.bundle,找到采欣聊球球,Say,シンカ･シェ,43,ハハ、そうですよね……,"하하, 그렇겠네요……"
16cb18d2a2b26981a5a165feae2e28bb.bundle,找到采欣聊球球,Branch,#Simple,24,……,……
16cb18d2a2b26981a5a165feae2e28bb.bundle,找到采欣聊球球,Say,シンカ･シェ,44,私たちは、いつも互いの仕事を馬鹿にし合ってました。,"저희는, 항상 서로 하는 일을 무시하고 그랬어요."
16cb18d2a2b26981a5a165feae2e28bb.bundle,找到采欣聊球球,Say,シンカ･シェ,45,そのせいでよく喧嘩をしていたんです。,그것 때문에 자주 싸웠고요.
16cb18d2a2b26981a5a165feae2e28bb.bundle,找到采欣聊球球,Say,シンカ･シェ,46,でも、私たちは難しいプロジェクトを一緒にやり遂げることで、お互いの力を認め合いました。,"근데, 저희는 어려운 프로젝트를 같이 완수하면서, 서로의 실력을 인정하게 됐어요."
16cb18d2a2b26981a5a165feae2e28bb.bundle,找到采欣聊球球,Say,シンカ･シェ,47,その時から私たちは友達になりました。,그때부터 저희는 친구가 됐죠.
16cb18d2a2b26981a5a165feae2e28bb.bundle,找到采欣聊球球,Say,シンカ･シェ,48,……,……
16cb18d2a2b26981a5a165feae2e28bb.bundle,找到采欣聊球球,Say,シンカ･シェ,49,でも最近は私と彼の力量差が広がる一方なんです……,근데 요즘은 저랑 그 사람 실력 차이가 계속 벌어지기만 해요……
16cb18d2a2b26981a5a165feae2e28bb.bundle,找到采欣聊球球,Say,シンカ･シェ,50,最近知ったのですが、ボーちゃんって意外と努力家なんです。,"최근에 알았는데, 보짱이 의외로 노력파더라고요."
16cb18d2a2b26981a5a165feae2e28bb.bundle,找到采欣聊球球,Say,シンカ･シェ,51,難しい資格を取るために、毎日勉強しているそうです。,"어려운 자격증을 따려고, 매일 공부한다고 해요."
16cb18d2a2b26981a5a165feae2e28bb.bundle,找到采欣聊球球,Say,シンカ･シェ,52,なのに私は毎日仕事に追われるだけで、何一つレベルアップができていなくて……,"근데 저는 매일 일에 쫓기기만 하고, 하나도 실력이 안 늘고 있어서……"
16cb18d2a2b26981a5a165feae2e28bb.bundle,找到采欣聊球球,Say,シンカ･シェ,53,その焦りから、操作組で勉強しようと思ったんです。,"그 초조함 때문에, 조작조에서 공부해야겠다고 생각한 거예요."
16cb18d2a2b26981a5a165feae2e28bb.bundle,找到采欣聊球球,Branch,#Simple,25,ボーちゃんに勝ちたいからですか？,보짱을 이기고 싶어서인가요?
16cb18d2a2b26981a5a165feae2e28bb.bundle,找到采欣聊球球,Say,シンカ･シェ,54,……,……
16cb18d2a2b26981a5a165feae2e28bb.bundle,找到采欣聊球球,Say,シンカ･シェ,55,負けたくはありません。,지고 싶지는 않아요.
16cb18d2a2b26981a5a165feae2e28bb.bundle,找到采欣聊球球,Branch,#Simple,26,それは、どうして焦るのですか？,"그건, 왜 초조하신 거예요?"
16cb18d2a2b26981a5a165feae2e28bb.bundle,找到采欣聊球球,Branch,#Simple,27,……,……
16cb18d2a2b26981a5a165feae2e28bb.bundle,找到采欣聊球球,Say,シンカ･シェ,56,……,……
16cb18d2a2b26981a5a165feae2e28bb.bundle,找到采欣聊球球,Say,シンカ･シェ,57,ジェイさんって、友達が多い方ですか？,"제이 씨는, 친구가 많은 편이세요?"
16cb18d2a2b26981a5a165feae2e28bb.bundle,找到采欣聊球球,Say,心の声,3,少ないな。,적네.
16cb18d2a2b26981a5a165feae2e28bb.bundle,找到采欣聊球球,Branch,#Simple,28,少ないですね。,적은 편이네요.
16cb18d2a2b26981a5a165feae2e28bb.bundle,找到采欣聊球球,Say,シンカ･シェ,58,そうですか。,그런가요.
16cb18d2a2b26981a5a165feae2e28bb.bundle,找到采欣聊球球,Say,シンカ･シェ,59,私もです。,저도요.
16cb18d2a2b26981a5a165feae2e28bb.bundle,找到采欣聊球球,Branch,#Simple,29,普通だと思います。,보통이라고 생각합니다.
16cb18d2a2b26981a5a165feae2e28bb.bundle,找到采欣聊球球,Say,シンカ･シェ,60,私はほとんど友達がいません。,저는 친구가 거의 없어요.
16cb18d2a2b26981a5a165feae2e28bb.bundle,找到采欣聊球球,Say,シンカ･シェ,61,しかも、ほとんどが…,"게다가, 거의 다……"
16cb18d2a2b26981a5a165feae2e28bb.bundle,找到采欣聊球球,Say,シンカ･シェ,62,仕事で出会った人たちです。,일하면서 만난 사람들이에요.
16cb18d2a2b26981a5a165feae2e28bb.bundle,找到采欣聊球球,Say,シンカ･シェ,63,難しい性格であることは自覚しているので、仕方がないとは思っています。,"까다로운 성격이라는 건 자각하고 있어서, 어쩔 수 없다고 생각해요."
16cb18d2a2b26981a5a165feae2e28bb.bundle,找到采欣聊球球,Branch,#Simple,30,私はそう思っていません。,저는 그렇게 생각 안 합니다.
16cb18d2a2b26981a5a165feae2e28bb.bundle,找到采欣聊球球,Branch,#Simple,31,どうしてそう思うんですか？,왜 그렇게 생각하세요?
16cb18d2a2b26981a5a165feae2e28bb.bundle,找到采欣聊球球,Say,心の声,4,シンカが苦笑いを浮かべている。,신카가 씁쓸한 웃음을 짓고 있다.
16cb18d2a2b26981a5a165feae2e28bb.bundle,找到采欣聊球球,Branch,#Simple,32,……,……
16cb18d2a2b26981a5a165feae2e28bb.bundle,找到采欣聊球球,Say,シンカ･シェ,64,私だって、人との正しい接し方くらい知ってます。,"저도, 사람을 대하는 올바른 방식 정도는 알아요."
16cb18d2a2b26981a5a165feae2e28bb.bundle,找到采欣聊球球,Say,シンカ･シェ,65,でも私は、自分や、周り、社会に不満を多く持っています。,"근데 저는, 저 자신이나, 주변, 사회에 불만이 많아요."
16cb18d2a2b26981a5a165feae2e28bb.bundle,找到采欣聊球球,Say,シンカ･シェ,66,マイナス思考だし、他人を見下す……無駄話にもあまり時間をかけたくないタイプなんです。,"부정적이고, 남을 깔보고……쓸데없는 얘기에도 시간 쓰기 싫어하는 타입이에요."
16cb18d2a2b26981a5a165feae2e28bb.bundle,找到采欣聊球球,Say,シンカ･シェ,67,仲良くなるとそれが隠しきれなくなっちゃうんです。,친해지면 그걸 다 숨길 수가 없게 돼요.
16cb18d2a2b26981a5a165feae2e28bb.bundle,找到采欣聊球球,Say,シンカ･シェ,68,だからわがままで自己中な人だと思われて嫌がられる。,그래서 제멋대로에 이기적인 사람이라고 여겨져서 미움받아요.
16cb18d2a2b26981a5a165feae2e28bb.bundle,找到采欣聊球球,Say,シンカ･シェ,69,でも、そんな私をボーちゃんは受け入れてくれました。,"근데, 그런 저를 보짱은 받아줬어요."
16cb18d2a2b26981a5a165feae2e28bb.bundle,找到采欣聊球球,Say,シンカ･シェ,70,彼自身もかなり面倒な性格をしていますからね、アハハ……,"그 사람도 꽤 까다로운 성격이니까요, 아하하……"
16cb18d2a2b26981a5a165feae2e28bb.bundle,找到采欣聊球球,Branch,#Simple,33,シンカみたいな性格の人は沢山いると思いますよ。,신카 씨 같은 성격인 사람은 많다고 생각해요.
16cb18d2a2b26981a5a165feae2e28bb.bundle,找到采欣聊球球,Say,シンカ･シェ,71,どうなんですかね……,글쎄요……
16cb18d2a2b26981a5a165feae2e28bb.bundle,找到采欣聊球球,Say,シンカ･シェ,72,でも、私の場合は本音を隠しきらないと……,"근데, 제 경우는 본심을 다 숨기지 않으면……"
16cb18d2a2b26981a5a165feae2e28bb.bundle,找到采欣聊球球,Say,シンカ･シェ,73,すぐ周りに嫌われてします。,금방 주변한테 미움받아요.
16cb18d2a2b26981a5a165feae2e28bb.bundle,找到采欣聊球球,Say,シンカ･シェ,74,でもボーちゃんは嫌わないでいてくれた。,근데 보짱은 안 미워해줬어요.
16cb18d2a2b26981a5a165feae2e28bb.bundle,找到采欣聊球球,Branch,#Simple,34,似ているからかもしれませんね。,닮아서 그런 걸지도 모르겠네요.
16cb18d2a2b26981a5a165feae2e28bb.bundle,找到采欣聊球球,Say,シンカ･シェ,75,そうだと思います。,그런 것 같아요.
16cb18d2a2b26981a5a165feae2e28bb.bundle,找到采欣聊球球,Branch,#Simple,35,……,……
16cb18d2a2b26981a5a165feae2e28bb.bundle,找到采欣聊球球,Say,シンカ･シェ,76,でも彼が私を受け入れたのは、私の能力を認めてくれているからだと思います。,"근데 그 사람이 저를 받아준 건, 제 능력을 인정해줘서라고 생각해요."
16cb18d2a2b26981a5a165feae2e28bb.bundle,找到采欣聊球球,Say,シンカ･シェ,77,実力もないくせに文句ばかり言ってたんじゃ……,실력도 없으면서 불평만 해댔다면……
16cb18d2a2b26981a5a165feae2e28bb.bundle,找到采欣聊球球,Say,シンカ･シェ,78,ただの嫌なやつですからね。,그냥 싫은 사람일 뿐이니까요.
16cb18d2a2b26981a5a165feae2e28bb.bundle,找到采欣聊球球,Branch,#Simple,36,そうですね。,그렇네요.
16cb18d2a2b26981a5a165feae2e28bb.bundle,找到采欣聊球球,Say,シンカ･シェ,79,はい……,네……
16cb18d2a2b26981a5a165feae2e28bb.bundle,找到采欣聊球球,Branch,#Simple,37,言ってることが的を射ていれば、嫌われることはないと思います。,"하는 말이 정곡을 찌르면, 미움받을 일은 없다고 생각합니다."
16cb18d2a2b26981a5a165feae2e28bb.bundle,找到采欣聊球球,Say,シンカ･シェ,80,それは聞き手にもよると思いますよ。,그건 듣는 사람한테도 달렸다고 생각해요.
16cb18d2a2b26981a5a165feae2e28bb.bundle,找到采欣聊球球,Say,シンカ･シェ,81,でも私みたいに頑固なタイプだと、難しいでしょうね……,"근데 저처럼 고집 센 타입이면, 어렵겠죠……"
16cb18d2a2b26981a5a165feae2e28bb.bundle,找到采欣聊球球,Branch,#Simple,38,実力があるから嫌われないということは、ないと思います。,"실력이 있어서 안 미움받는다는 건, 아니라고 생각합니다."
16cb18d2a2b26981a5a165feae2e28bb.bundle,找到采欣聊球球,Say,シンカ･シェ,82,実際に、実力関係無しに嫌われることが多いのでそうでしょうね。,"실제로, 실력이랑 상관없이 미움받는 경우가 많으니까 그렇겠죠."
16cb18d2a2b26981a5a165feae2e28bb.bundle,找到采欣聊球球,Say,シンカ･シェ,83,私のこの性格がどれほど面倒なのかは理解しています……,제 이 성격이 얼마나 까다로운지는 이해하고 있어요……
16cb18d2a2b26981a5a165feae2e28bb.bundle,找到采欣聊球球,Branch,#Simple,39,今のシンカはその一面をあまり見せてないから、大丈夫だと思います。,"지금 신카 씨는 그런 면을 별로 안 보이니까, 괜찮다고 생각합니다."
16cb18d2a2b26981a5a165feae2e28bb.bundle,找到采欣聊球球,Say,シンカ･シェ,84,隠していることがつらいんです。,숨기고 있는 게 힘든 거예요.
16cb18d2a2b26981a5a165feae2e28bb.bundle,找到采欣聊球球,Say,シンカ･シェ,85,だって本音を隠し続けないといけなんだから……,왜냐면 본심을 계속 숨겨야만 하니까……
16cb18d2a2b26981a5a165feae2e28bb.bundle,找到采欣聊球球,Say,シンカ･シェ,86,他人ならまだしも……,남이라면 또 몰라도……
16cb18d2a2b26981a5a165feae2e28bb.bundle,找到采欣聊球球,Say,シンカ･シェ,87,せめて友達とは本音で話したい。,적어도 친구하고는 본심으로 얘기하고 싶어요.
16cb18d2a2b26981a5a165feae2e28bb.bundle,找到采欣聊球球,Branch,#Simple,40,シンカのことを言っているわけではありません。,신카 씨를 두고 하는 말이 아닙니다.
16cb18d2a2b26981a5a165feae2e28bb.bundle,找到采欣聊球球,Say,シンカ･シェ,88,でも私が嫌われるような性格をしているのは事実ですよ。,근데 제가 미움받을 만한 성격인 건 사실이에요.
16cb18d2a2b26981a5a165feae2e28bb.bundle,找到采欣聊球球,Branch,#Simple,41,……,……
16cb18d2a2b26981a5a165feae2e28bb.bundle,找到采欣聊球球,Say,シンカ･シェ,89,大丈夫ですよ、別に怒っていませんから。,"괜찮아요, 딱히 화난 거 아니니까요."
16cb18d2a2b26981a5a165feae2e28bb.bundle,找到采欣聊球球,Say,シンカ･シェ,90,……,……
16cb18d2a2b26981a5a165feae2e28bb.bundle,找到采欣聊球球,Say,シンカ･シェ,91,私とボーちゃんの差がこのまま広がり続けたら……,저랑 보짱의 차이가 이대로 계속 벌어지면……
16cb18d2a2b26981a5a165feae2e28bb.bundle,找到采欣聊球球,Say,シンカ･シェ,92,関係性がおかしくなってしまうと思うんです。,관계가 이상해질 것 같아요.
16cb18d2a2b26981a5a165feae2e28bb.bundle,找到采欣聊球球,Branch,#Simple,42,そうかもしれませんね。,그럴지도 모르겠네요.
16cb18d2a2b26981a5a165feae2e28bb.bundle,找到采欣聊球球,Branch,#Simple,43,そうはならないと思いますよ。,그렇게 되지는 않을 거라고 생각해요.
16cb18d2a2b26981a5a165feae2e28bb.bundle,找到采欣聊球球,Branch,#Simple,44,どうしてですか？,왜요?
16cb18d2a2b26981a5a165feae2e28bb.bundle,找到采欣聊球球,Branch,#Simple,45,……,……
16cb18d2a2b26981a5a165feae2e28bb.bundle,找到采欣聊球球,Say,シンカ･シェ,93,……,……
16cb18d2a2b26981a5a165feae2e28bb.bundle,找到采欣聊球球,Say,シンカ･シェ,94,立場や力関係が平等じゃなくなると……,입장이나 힘 관계가 대등하지 않게 되면……
16cb18d2a2b26981a5a165feae2e28bb.bundle,找到采欣聊球球,Say,シンカ･シェ,95,友情も長続きはしないと思うのです。,우정도 오래가지 못할 거라고 생각해요.
16cb18d2a2b26981a5a165feae2e28bb.bundle,找到采欣聊球球,Say,シンカ･シェ,96,……,……
16cb18d2a2b26981a5a165feae2e28bb.bundle,找到采欣聊球球,Say,シンカ･シェ,97,だから操作組に勉強しに行ってることもボーちゃんには言いたくない。,그래서 조작조에 공부하러 다닌다는 것도 보짱한테는 말하고 싶지 않아요.
16cb18d2a2b26981a5a165feae2e28bb.bundle,找到采欣聊球球,Say,シンカ･シェ,98,バランスを崩したくないんです。,균형을 깨고 싶지 않은 거예요.
16cb18d2a2b26981a5a165feae2e28bb.bundle,找到采欣聊球球,Say,シンカ･シェ,99,私は対等な存在として見られたい。,저는 대등한 존재로 여겨지고 싶어요.
16cb18d2a2b26981a5a165feae2e28bb.bundle,找到采欣聊球球,Say,シンカ･シェ,100,……,……
16cb18d2a2b26981a5a165feae2e28bb.bundle,找到采欣聊球球,Branch,#Simple,46,それをボーちゃんに言ったことは？,그걸 보짱한테 말한 적은요?
16cb18d2a2b26981a5a165feae2e28bb.bundle,找到采欣聊球球,Say,シンカ･シェ,101,こんなこと、言えるわけないじゃないですか。,"이런 걸, 말할 수 있을 리가 없잖아요."
16cb18d2a2b26981a5a165feae2e28bb.bundle,找到采欣聊球球,Branch,#Simple,47,そんなことを考えていたんですね。,그런 생각을 하고 계셨군요.
16cb18d2a2b26981a5a165feae2e28bb.bundle,找到采欣聊球球,Say,シンカ･シェ,102,アハハ……私、結構いろいろと考えちゃうタイプですから……,"아하하……저, 꽤 이것저것 생각이 많은 타입이라서요……"
16cb18d2a2b26981a5a165feae2e28bb.bundle,找到采欣聊球球,Branch,#Simple,48,……,……
16cb18d2a2b26981a5a165feae2e28bb.bundle,找到采欣聊球球,Say,シンカ･シェ,103,ジェイさん。,제이 씨.
16cb18d2a2b26981a5a165feae2e28bb.bundle,找到采欣聊球球,Say,シンカ･シェ,104,今の話、誰にも言わないでくださいね。,"지금 얘기, 아무한테도 말하지 말아주세요."
16cb18d2a2b26981a5a165feae2e28bb.bundle,找到采欣聊球球,Say,シンカ･シェ,105,こういう話って、付き合いが長い人には素直に言えなくて……,"이런 얘기는, 오래 알고 지낸 사람한테는 솔직하게 말을 못 해서……"
16cb18d2a2b26981a5a165feae2e28bb.bundle,找到采欣聊球球,Say,シンカ･シェ,106,逆にあんまり知らない人の方が話しやすいですね……,반대로 잘 모르는 사람이 더 얘기하기 편하네요……
16cb18d2a2b26981a5a165feae2e28bb.bundle,找到采欣聊球球,Branch,#Simple,49,知らない人ですか、はっきり言いますね！,"잘 모르는 사람이라니, 확실하게 말씀하시네요!"
16cb18d2a2b26981a5a165feae2e28bb.bundle,找到采欣聊球球,Say,シンカ･シェ,107,あ、違うんです！す、すみません……,"아, 그게 아니라! 죄, 죄송해요……"
16cb18d2a2b26981a5a165feae2e28bb.bundle,找到采欣聊球球,Say,シンカ･シェ,108,アハハ……,아하하……
16cb18d2a2b26981a5a165feae2e28bb.bundle,找到采欣聊球球,Branch,#Simple,50,……,……
16cb18d2a2b26981a5a165feae2e28bb.bundle,找到采欣聊球球,Say,シンカ･シェ,109,……,……
16cb18d2a2b26981a5a165feae2e28bb.bundle,找到采欣聊球球,Say,シンカ･シェ,110,いっぱい語ってしまって、すみません。,"너무 많이 늘어놔서, 죄송해요."
16cb18d2a2b26981a5a165feae2e28bb.bundle,找到采欣聊球球,Say,シンカ･シェ,111,私って、やっぱり変なのでしょうか……,"저, 역시 이상한 걸까요……"
16cb18d2a2b26981a5a165feae2e28bb.bundle,找到采欣聊球球,Branch,#Simple,51,そんなことないと思います。,그렇지 않다고 생각합니다.
16cb18d2a2b26981a5a165feae2e28bb.bundle,找到采欣聊球球,Say,シンカ･シェ,112,……そうですかね。,……그런가요.
16cb18d2a2b26981a5a165feae2e28bb.bundle,找到采欣聊球球,Branch,#Simple,52,変わっているとは思います。,특이하다고는 생각합니다.
16cb18d2a2b26981a5a165feae2e28bb.bundle,找到采欣聊球球,Say,シンカ･シェ,113,ハハ……それっていいことですかね。,하하……그거 좋은 건가요.
16cb18d2a2b26981a5a165feae2e28bb.bundle,找到采欣聊球球,Branch,#Simple,53,それなりに。,나름대로요.
16cb18d2a2b26981a5a165feae2e28bb.bundle,找到采欣聊球球,Say,シンカ･シェ,114,……そうですか。,……그런가요.
16cb18d2a2b26981a5a165feae2e28bb.bundle,找到采欣聊球球,Say,シンカ･シェ,115,……,……
16cb18d2a2b26981a5a165feae2e28bb.bundle,找到采欣聊球球,Say,シンカ･シェ,116,話は以上です。,얘기는 이걸로 끝이에요.
16cb18d2a2b26981a5a165feae2e28bb.bundle,找到采欣聊球球,Say,シンカ･シェ,117,聞いてくれてありがとうございました。,들어주셔서 감사했습니다.
16cb18d2a2b26981a5a165feae2e28bb.bundle,找到采欣聊球球,Say,シンカ･シェ,118,ボーちゃんが嫌っているのは私ではなく、操作組であることはわかっているので大丈夫です。,"보짱이 싫어하는 건 제가 아니라, 조작조라는 걸 알고 있으니까 괜찮아요."
16cb18d2a2b26981a5a165feae2e28bb.bundle,找到采欣聊球球,Say,シンカ･シェ,119,もう怒ってもいません。,이제 화나지도 않았어요.
16cb18d2a2b26981a5a165feae2e28bb.bundle,找到采欣聊球球,Say,シンカ･シェ,120,でも、もう少しここにいたいと思います。,"근데, 조금만 더 여기 있고 싶어요."
16cb18d2a2b26981a5a165feae2e28bb.bundle,找到采欣聊球球,Say,シンカ･シェ,121,また後で。,이따 봬요.
16cb18d2a2b26981a5a165feae2e28bb.bundle,找到采欣聊球球,Branch,#Simple,54,はい。,네.
16cb18d2a2b26981a5a165feae2e28bb.bundle,找到采欣聊球球,Branch,#Simple,55,ボーちゃんにあなたの考えを聞かせてみたらどうですか？,보짱한테 그 생각을 들려줘 보는 건 어때요?
16cb18d2a2b26981a5a165feae2e28bb.bundle,找到采欣聊球球,Say,シンカ･シェ,122,え？,네?
16cb18d2a2b26981a5a165feae2e28bb.bundle,找到采欣聊球球,Branch,#Simple,56,先程、私に話したことを彼に話したらどうかと言ったんです。,"방금, 저한테 하신 얘기를 그 사람한테도 말해보면 어떨까 해서요."
16cb18d2a2b26981a5a165feae2e28bb.bundle,找到采欣聊球球,Branch,#Simple,57,あくまでも私の意見なので、どうするかはあなた次第です。,"어디까지나 제 의견이니까, 어떻게 할지는 신카 씨한테 달렸습니다."
16cb18d2a2b26981a5a165feae2e28bb.bundle,找到采欣聊球球,Say,シンカ･シェ,123,……,……
16cb18d2a2b26981a5a165feae2e28bb.bundle,找到采欣聊球球,Say,シンカ･シェ,124,さっきも言ったはずですよ。,아까도 말했잖아요.
16cb18d2a2b26981a5a165feae2e28bb.bundle,找到采欣聊球球,Say,シンカ･シェ,125,私の実力がボーちゃんより劣っていると知られれば、バランスが崩れてしまいます。,"제 실력이 보짱보다 못하다는 게 알려지면, 균형이 깨져버려요."
16cb18d2a2b26981a5a165feae2e28bb.bundle,找到采欣聊球球,Branch,#Simple,58,ボーちゃんはそんなことを気にしないと思います。,보짱은 그런 거 신경 안 쓸 거라고 생각해요.
16cb18d2a2b26981a5a165feae2e28bb.bundle,找到采欣聊球球,Say,シンカ･シェ,126,……,……
16cb18d2a2b26981a5a165feae2e28bb.bundle,找到采欣聊球球,Say,シンカ･シェ,127,その可能性に賭けたくはありません。,그 가능성에 걸고 싶지 않아요.
16cb18d2a2b26981a5a165feae2e28bb.bundle,找到采欣聊球球,Branch,#Simple,59,二人の実力はそう簡単に計れるものではないと思います。,두 분의 실력은 그렇게 간단히 잴 수 있는 게 아니라고 생각합니다.
16cb18d2a2b26981a5a165feae2e28bb.bundle,找到采欣聊球球,Say,シンカ･シェ,128,どういう意味ですか？,무슨 뜻이에요?
16cb18d2a2b26981a5a165feae2e28bb.bundle,找到采欣聊球球,Branch,#Simple,60,それぞれに専門分野がありますよね？,각자 전문 분야가 있잖아요?
16cb18d2a2b26981a5a165feae2e28bb.bundle,找到采欣聊球球,Say,シンカ･シェ,129,そうですけど、差があることはわかります。,"그렇긴 한데, 차이가 있다는 건 알아요."
16cb18d2a2b26981a5a165feae2e28bb.bundle,找到采欣聊球球,Say,シンカ･シェ,130,例えば飛行機とトラックなら、飛行機の運転資格のほうが難しいのは一目瞭然ですよね？,"예를 들어 비행기랑 트럭이라면, 비행기 조종 자격이 더 어려운 건 뻔하잖아요?"
16cb18d2a2b26981a5a165feae2e28bb.bundle,找到采欣聊球球,Branch,#Simple,61,仕事の能力が全てではないと思います。,업무 능력이 전부는 아니라고 생각합니다.
16cb18d2a2b26981a5a165feae2e28bb.bundle,找到采欣聊球球,Say,シンカ･シェ,131,全てとは言いませんが、大事だとは思っています。,"전부라고는 안 하지만, 중요하다고는 생각해요."
16cb18d2a2b26981a5a165feae2e28bb.bundle,找到采欣聊球球,Say,シンカ･シェ,132,それに私は仕事以外何も……,게다가 저는 일 말고는 아무것도……
16cb18d2a2b26981a5a165feae2e28bb.bundle,找到采欣聊球球,Say,シンカ･シェ,133,……,……
16cb18d2a2b26981a5a165feae2e28bb.bundle,找到采欣聊球球,Branch,#Simple,62,もしボーちゃんの実力が、あなたより劣っていたらどう思いますか？,"만약 보짱의 실력이, 신카 씨보다 못하다면 어떻게 생각하시겠어요?"
16cb18d2a2b26981a5a165feae2e28bb.bundle,找到采欣聊球球,Say,シンカ･シェ,134,え？,네?
16cb18d2a2b26981a5a165feae2e28bb.bundle,找到采欣聊球球,Branch,#Simple,63,劣っているからといって、友人関係を辞めますか？,"실력이 못하다고 해서, 친구 관계를 끝내시겠어요?"
16cb18d2a2b26981a5a165feae2e28bb.bundle,找到采欣聊球球,Branch,#Simple,64,劣っているからといって、彼を嫌いになりますか？,"실력이 못하다고 해서, 그 사람이 싫어지시겠어요?"
16cb18d2a2b26981a5a165feae2e28bb.bundle,找到采欣聊球球,Say,シンカ･シェ,135,そ、そんなことは絶対にありません……,"그, 그럴 리는 절대 없어요……"
16cb18d2a2b26981a5a165feae2e28bb.bundle,找到采欣聊球球,Branch,#Simple,65,つまり？,즉?
16cb18d2a2b26981a5a165feae2e28bb.bundle,找到采欣聊球球,Branch,#Simple,66,……,……
16cb18d2a2b26981a5a165feae2e28bb.bundle,找到采欣聊球球,Branch,#Simple,67,……,……
16cb18d2a2b26981a5a165feae2e28bb.bundle,找到采欣聊球球,Branch,#Simple,68,彼が認めているのは能力ですか？それともシンカそのものですか？,그 사람이 인정하는 건 능력인가요? 아니면 신카 씨 그 자체인가요?
16cb18d2a2b26981a5a165feae2e28bb.bundle,找到采欣聊球球,Say,シンカ･シェ,136,それは……,그건……
16cb18d2a2b26981a5a165feae2e28bb.bundle,找到采欣聊球球,Branch,#Simple,69,彼が認めているのは、仕事の能力だけではないと思いますよ。,"그 사람이 인정하는 건, 업무 능력만이 아니라고 생각해요."
16cb18d2a2b26981a5a165feae2e28bb.bundle,找到采欣聊球球,Branch,#Simple,70,私が答えを言う必要はなさそうですね。,제가 답을 말할 필요는 없을 것 같네요.
16cb18d2a2b26981a5a165feae2e28bb.bundle,找到采欣聊球球,Branch,#Simple,71,……,……
16cb18d2a2b26981a5a165feae2e28bb.bundle,找到采欣聊球球,Branch,#Simple,72,……,……
16cb18d2a2b26981a5a165feae2e28bb.bundle,找到采欣聊球球,Say,シンカ･シェ,137,……,……
16cb18d2a2b26981a5a165feae2e28bb.bundle,找到采欣聊球球,Say,シンカ･シェ,138,も、もう少し考えてみたいと思います。,"조, 조금 더 생각해보고 싶어요."
16cb18d2a2b26981a5a165feae2e28bb.bundle,找到采欣聊球球,Say,シンカ･シェ,139,ジェイさん、ありがとうございます。,"제이 씨, 감사합니다."
16cb18d2a2b26981a5a165feae2e28bb.bundle,找到采欣聊球球,Say,シンカ･シェ,140,こんなに真剣に話を聞いてくれて……,이렇게 진지하게 얘기 들어주셔서……
16cb18d2a2b26981a5a165feae2e28bb.bundle,找到采欣聊球球,Branch,#Simple,73,あんまり知らない間柄ですがお役に立ててよかったです！,그다지 잘 모르는 사이지만 도움이 됐다니 다행이네요!
16cb18d2a2b26981a5a165feae2e28bb.bundle,找到采欣聊球球,Say,シンカ･シェ,141,も、もう違います！,"이, 이제 아니에요!"
16cb18d2a2b26981a5a165feae2e28bb.bundle,找到采欣聊球球,Branch,#Simple,74,では友達ですか？,그럼 친구인가요?
16cb18d2a2b26981a5a165feae2e28bb.bundle,找到采欣聊球球,Say,シンカ･シェ,142,フフッ、もちろんです！,"후훗, 당연하죠!"
16cb18d2a2b26981a5a165feae2e28bb.bundle,找到采欣聊球球,Branch,#Simple,75,……,……
16cb18d2a2b26981a5a165feae2e28bb.bundle,找到采欣聊球球,Say,シンカ･シェ,143,この話はここまでにしましょう。,이 얘기는 여기까지 하죠.
16cb18d2a2b26981a5a165feae2e28bb.bundle,找到采欣聊球球,Say,シンカ･シェ,144,後でボーちゃんと話そうと思います。,이따 보짱이랑 얘기해볼게요.
16cb18d2a2b26981a5a165feae2e28bb.bundle,找到采欣聊球球,Say,シンカ･シェ,145,でも、もう少しここで考えてから戻りますね。,"근데, 조금 더 여기서 생각하다가 돌아갈게요."
16cb18d2a2b26981a5a165feae2e28bb.bundle,找到采欣聊球球,Say,シンカ･シェ,146,ジェイさん、また後で。,"제이 씨, 이따 봬요."
16cb18d2a2b26981a5a165feae2e28bb.bundle,找到采欣聊球球,Branch,#Simple,76,はい。,네.
16cb18d2a2b26981a5a165feae2e28bb.bundle,找到采欣聊球球,Branch,#Simple,77,……,……
16cb18d2a2b26981a5a165feae2e28bb.bundle,找到采欣聊球球,Branch,#Simple,78,……,……
16cb18d2a2b26981a5a165feae2e28bb.bundle,幫采欣說話她來道謝,Say,シンカ･シェ,0,あっ……！,아……!
16cb18d2a2b26981a5a165feae2e28bb.bundle,幫采欣說話她來道謝,Say,シンカ･シェ,1,えっと……ジェイさん……,저기……제이 씨……
16cb18d2a2b26981a5a165feae2e28bb.bundle,幫采欣說話她來道謝,Branch,#Simple,0,どうも？,네?
16cb18d2a2b26981a5a165feae2e28bb.bundle,幫采欣說話她來道謝,Say,シンカ･シェ,2,ど、どうも……,"저, 저기요……"
16cb18d2a2b26981a5a165feae2e28bb.bundle,幫采欣說話她來道謝,Branch,#Simple,1,どうしました？,무슨 일이세요?
16cb18d2a2b26981a5a165feae2e28bb.bundle,幫采欣說話她來道謝,Say,シンカ･シェ,3,あの、お礼を言いたくて……,"저, 감사 인사를 하고 싶어서……"
16cb18d2a2b26981a5a165feae2e28bb.bundle,幫采欣說話她來道謝,Say,シンカ･シェ,4,味方をしてくれてありがとうございました。,제 편을 들어주셔서 감사했어요.
16cb18d2a2b26981a5a165feae2e28bb.bundle,幫采欣說話她來道謝,Branch,#Simple,2,私はただ思ったことを言ったまでです。,저는 그냥 생각한 걸 말했을 뿐이에요.
16cb18d2a2b26981a5a165feae2e28bb.bundle,幫采欣說話她來道謝,Say,シンカ･シェ,5,はい！,네!
16cb18d2a2b26981a5a165feae2e28bb.bundle,幫采欣說話她來道謝,Branch,#Simple,3,何の話ですか？,무슨 얘기였는데요?
16cb18d2a2b26981a5a165feae2e28bb.bundle,幫采欣說話她來道謝,Say,シンカ･シェ,6,操作組の件でボーちゃんと喧嘩してた時のことです……,조작조 일로 보짱이랑 싸우고 있을 때 얘기예요……
16cb18d2a2b26981a5a165feae2e28bb.bundle,幫采欣說話她來道謝,Branch,#Simple,4,ああ、あれですか。大したことはしていません。,"아, 그거요. 별거 안 했어요."
16cb18d2a2b26981a5a165feae2e28bb.bundle,幫采欣說話她來道謝,Branch,#Simple,5,私はただ思ったことを言ったまでです。,저는 그냥 생각한 걸 말했을 뿐이에요.
16cb18d2a2b26981a5a165feae2e28bb.bundle,幫采欣說話她來道謝,Say,シンカ･シェ,7,はい！,네!
16cb18d2a2b26981a5a165feae2e28bb.bundle,幫采欣說話她來道謝,Branch,#Simple,6,覚えてないですね。,기억이 안 나네요.
16cb18d2a2b26981a5a165feae2e28bb.bundle,幫采欣說話她來道謝,Say,シンカ･シェ,8,だ、大丈夫です。,"괘, 괜찮아요."
16cb18d2a2b26981a5a165feae2e28bb.bundle,幫采欣說話她來道謝,Say,シンカ･シェ,9,ただお礼を言いたかっただけですから。,그냥 감사 인사만 하고 싶었던 거니까요.
16cb18d2a2b26981a5a165feae2e28bb.bundle,幫采欣說話她來道謝,Branch,#Simple,7,そうですか、あまり気にしないでください。,"그러셨군요, 너무 신경 쓰지 마세요."
16cb18d2a2b26981a5a165feae2e28bb.bundle,幫采欣說話她來道謝,Branch,#Simple,8,……,……
16cb18d2a2b26981a5a165feae2e28bb.bundle,幫采欣說話她來道謝,Say,シンカ･シェ,10,じゃ、オフィスに戻りますね。,"그럼, 사무실로 돌아갈게요."
16cb18d2a2b26981a5a165feae2e28bb.bundle,忘了幫球球找采欣,Say,イエホン･キュウ,0,あっ、ジェイ……！,"아, 제이……!"
16cb18d2a2b26981a5a165feae2e28bb.bundle,忘了幫球球找采欣,Say,レイカ･ホウ,0,あら？,어라?
16cb18d2a2b26981a5a165feae2e28bb.bundle,忘了幫球球找采欣,Say,レイカ･ホウ,1,こんにちは！,안녕!
16cb18d2a2b26981a5a165feae2e28bb.bundle,忘了幫球球找采欣,Branch,#Simple,0,どうも。,안녕하세요.
16cb18d2a2b26981a5a165feae2e28bb.bundle,忘了幫球球找采欣,Branch,#Simple,1,……,……
16cb18d2a2b26981a5a165feae2e28bb.bundle,忘了幫球球找采欣,Say,イエホン･キュウ,1,……シンカに話してくれた？,……신카한테 얘기해줬어?
16cb18d2a2b26981a5a165feae2e28bb.bundle,忘了幫球球找采欣,Branch,#Simple,2,まだです。,아직입니다.
16cb18d2a2b26981a5a165feae2e28bb.bundle,忘了幫球球找采欣,Branch,#Simple,3,すみません。今立て込んでいまして。,죄송해요. 지금 좀 정신이 없어서요.
16cb18d2a2b26981a5a165feae2e28bb.bundle,忘了幫球球找采欣,Say,イエホン･キュウ,2,あ、そうだったんだ。,"아, 그랬구나."
16cb18d2a2b26981a5a165feae2e28bb.bundle,忘了幫球球找采欣,Say,イエホン･キュウ,3,やっぱり僕から謝るよ。,역시 내가 사과할게.
16cb18d2a2b26981a5a165feae2e28bb.bundle,忘了幫球球找采欣,Say,イエホン･キュウ,4,ありがとうね。,고마워.
16cb18d2a2b26981a5a165feae2e28bb.bundle,忘了幫球球找采欣,Say,レイカ･ホウ,2,何かあったの？,무슨 일 있었어?
16cb18d2a2b26981a5a165feae2e28bb.bundle,忘了幫球球找采欣,Say,イエホン･キュウ,5,いや何でもないよ。パイプの話に戻ろうか。,아니 아무것도 아니야. 파이프 얘기로 돌아갈까.
16cb18d2a2b26981a5a165feae2e28bb.bundle,忘了幫球球找采欣,Say,レイカ･ホウ,3,え、そう……？,"어, 그래……?"
16cb18d2a2b26981a5a165feae2e28bb.bundle,忘了幫球球找采欣,Say,レイカ･ホウ,4,じゃ、現場に行こうか。,"그럼, 현장으로 갈까."
16cb18d2a2b26981a5a165feae2e28bb.bundle,忘了幫球球找采欣,Say,イエホン･キュウ,6,うん。,응.
16cb18d2a2b26981a5a165feae2e28bb.bundle,小峰找廖哥吵架_自動,Say,シンホン･ゴ,0,勝手に申請しただって！？,마음대로 신청했다고!?
16cb18d2a2b26981a5a165feae2e28bb.bundle,小峰找廖哥吵架_自動,Say,チキョウ･リョウ,0,昇進のためのただの社内研修だ。,승진을 위한 그냥 사내 연수다.
16cb18d2a2b26981a5a165feae2e28bb.bundle,小峰找廖哥吵架_自動,Say,チキョウ･リョウ,1,申し込んだだけで、昇進できるかはお前次第だ。,"신청만 한 거고, 승진할 수 있을지는 네 하기 나름이야."
16cb18d2a2b26981a5a165feae2e28bb.bundle,小峰找廖哥吵架_自動,Say,シンホン･ゴ,1,俺が昇進を望まない可能性は考えないのか？,내가 승진을 안 바랄 가능성은 생각 안 해?
16cb18d2a2b26981a5a165feae2e28bb.bundle,小峰找廖哥吵架_自動,Say,チキョウ･リョウ,2,向上心がないとは思っていたが、まさかそこまでとは……,"향상심이 없다고는 생각했지만, 설마 이 정도일 줄이야……"
16cb18d2a2b26981a5a165feae2e28bb.bundle,小峰找廖哥吵架_自動,Say,シンホン･ゴ,2,なんだって！？,뭐라고!?
16cb18d2a2b26981a5a165feae2e28bb.bundle,小峰找廖哥吵架_自動,Say,シンホン･ゴ,3,これは俺の人生だ、口出ししないでくれ！,"이건 내 인생이야, 참견하지 마!"
16cb18d2a2b26981a5a165feae2e28bb.bundle,小峰找廖哥吵架_自動,Say,チキョウ･リョウ,3,口を出したいわけじゃない。ただ研修を申し込んだだけで……,참견하고 싶은 게 아니다. 그냥 연수를 신청했을 뿐이고……
16cb18d2a2b26981a5a165feae2e28bb.bundle,小峰找廖哥吵架_自動,Say,シンホン･ゴ,4,同じことだろ！,그게 그거잖아!
16cb18d2a2b26981a5a165feae2e28bb.bundle,小峰找廖哥吵架_自動,Say,チキョウ･リョウ,4,行く気がないなら取り消せばいい。だがせっかくのチャンスを無駄にするな。,갈 생각 없으면 취소하면 돼. 근데 모처럼의 기회를 낭비하지 마.
16cb18d2a2b26981a5a165feae2e28bb.bundle,小峰找廖哥吵架_自動,Say,シンホン･ゴ,5,あんたな……！,당신 진짜……!
16cb18d2a2b26981a5a165feae2e28bb.bundle,小峰找廖哥吵架_自動,Say,シンホン･ゴ,6,俺はこの仕事が嫌いって、何度も言っただろ！,"나는 이 일이 싫다고, 몇 번이나 말했잖아!"
16cb18d2a2b26981a5a165feae2e28bb.bundle,小峰找廖哥吵架_自動,Say,シンホン･ゴ,7,この仕事はたくさんの人を傷つける！,이 일은 많은 사람을 상처 입힌다고!
16cb18d2a2b26981a5a165feae2e28bb.bundle,小峰找廖哥吵架_自動,Say,チキョウ･リョウ,5,お前はいつになったら大人になるんだ……！,너는 대체 언제 철들 거냐……!
16cb18d2a2b26981a5a165feae2e28bb.bundle,小峰找廖哥吵架_自動,Say,心の声,0,リョウさんもついに怒り出したか……,료 씨도 결국 화가 났나……
16cb18d2a2b26981a5a165feae2e28bb.bundle,小峰找廖哥吵架_自動,Say,チキョウ･リョウ,6,このご時世、満足に食える仕事なんてほとんど残っていないぞ！,"요즘 세상에, 제대로 먹고살 만한 일자리 같은 거 거의 안 남았어!"
16cb18d2a2b26981a5a165feae2e28bb.bundle,小峰找廖哥吵架_自動,Say,チキョウ･リョウ,7,それにこの仕事は殺人を犯しているわけじゃない！,게다가 이 일은 살인을 저지르는 게 아니잖아!
16cb18d2a2b26981a5a165feae2e28bb.bundle,小峰找廖哥吵架_自動,Say,チキョウ･リョウ,8,一体何が不満なんだ！,대체 뭐가 불만인 거냐!
16cb18d2a2b26981a5a165feae2e28bb.bundle,小峰找廖哥吵架_自動,Say,シンホン･ゴ,8,それは問題から目を背けているだけだ！,그건 문제에서 눈을 돌리고 있는 것뿐이야!
16cb18d2a2b26981a5a165feae2e28bb.bundle,小峰找廖哥吵架_自動,Say,シンホン･ゴ,9,あんたはいつも自分のことしか考えていない！,당신은 늘 자기 생각만 하잖아!
16cb18d2a2b26981a5a165feae2e28bb.bundle,小峰找廖哥吵架_自動,Say,チキョウ･リョウ,9,……,……
16cb18d2a2b26981a5a165feae2e28bb.bundle,小峰找廖哥吵架_自動,Say,チキョウ･リョウ,10,俺が自分のことしか考えていないだと……？,내가 내 생각만 한다고……?
16cb18d2a2b26981a5a165feae2e28bb.bundle,小峰找廖哥吵架_自動,Say,シンホン･ゴ,10,そうだ。いつも見たいに大声でごまかすなよ……,그래. 늘 그러듯이 큰소리로 얼버무리지 마……
16cb18d2a2b26981a5a165feae2e28bb.bundle,小峰找廖哥吵架_自動,Say,シンホン･ゴ,11,おばさんさえ助けなかったあんたなんて……,아줌마도 안 도와줬던 당신이……
16cb18d2a2b26981a5a165feae2e28bb.bundle,小峰找廖哥吵架_自動,Say,チキョウ･リョウ,11,シンホン！,신홍!
16cb18d2a2b26981a5a165feae2e28bb.bundle,小峰找廖哥吵架_自動,Say,チキョウ･リョウ,12,それとこれとは別の話だ。,그거랑 이건 별개의 얘기야.
16cb18d2a2b26981a5a165feae2e28bb.bundle,小峰找廖哥吵架_自動,Say,シンホン･ゴ,12,……,……
16cb18d2a2b26981a5a165feae2e28bb.bundle,小峰找廖哥吵架_自動,Say,チキョウ･リョウ,13,……,……
16cb18d2a2b26981a5a165feae2e28bb.bundle,小峰找廖哥吵架_自動,Say,チキョウ･リョウ,14,もう何度もお前に話したはずだ。,이미 몇 번이나 너한테 말했을 텐데.
16cb18d2a2b26981a5a165feae2e28bb.bundle,小峰找廖哥吵架_自動,Say,チキョウ･リョウ,15,俺にとって一番大事なのはお前だ。,나한테 가장 소중한 건 너야.
16cb18d2a2b26981a5a165feae2e28bb.bundle,小峰找廖哥吵架_自動,Say,シンホン･ゴ,13,……,……
16cb18d2a2b26981a5a165feae2e28bb.bundle,小峰找廖哥吵架_自動,Say,シンホン･ゴ,14,本当に俺が大事なら……,정말로 내가 소중하다면……
16cb18d2a2b26981a5a165feae2e28bb.bundle,小峰找廖哥吵架_自動,Say,シンホン･ゴ,15,何でいつも否定してばかりで、認めてくれないんだ。,"왜 항상 부정만 하고, 인정해주지 않는 거야."
16cb18d2a2b26981a5a165feae2e28bb.bundle,小峰找廖哥吵架_自動,Say,シンホン･ゴ,16,いい加減認めてくれよ……,이제 그만 인정해달라고……
16cb18d2a2b26981a5a165feae2e28bb.bundle,小峰找廖哥吵架_自動,Say,シンホン･ゴ,17,あんたはただ俺に、自分が望んだ通りに生きてほしいだけだ。,"당신은 그냥 나한테, 자기가 바라는 대로 살아주길 바랄 뿐이야."
16cb18d2a2b26981a5a165feae2e28bb.bundle,小峰找廖哥吵架_自動,Say,シンホン･ゴ,18,俺の考えなんて、ちっとも気にしちゃいない。,"내 생각 같은 건, 조금도 신경 안 쓰잖아."
16cb18d2a2b26981a5a165feae2e28bb.bundle,小峰找廖哥吵架_自動,Say,チキョウ･リョウ,16,……,……
16cb18d2a2b26981a5a165feae2e28bb.bundle,小峰找廖哥吵架_自動,Say,チキョウ･リョウ,17,認めろと言うのであれば……,인정하라고 하니까……
16cb18d2a2b26981a5a165feae2e28bb.bundle,小峰找廖哥吵架_自動,Say,チキョウ･リョウ,18,今日は本音で話そう。,오늘은 본심으로 얘기하자.
16cb18d2a2b26981a5a165feae2e28bb.bundle,小峰找廖哥吵架_自動,Say,チキョウ･リョウ,19,俺がお前を大事に思っているのは確かだ。だがお前を信用しているわけではない。,내가 너를 소중히 여기는 건 확실해. 근데 너를 믿는 건 아니야.
16cb18d2a2b26981a5a165feae2e28bb.bundle,小峰找廖哥吵架_自動,Say,チキョウ･リョウ,20,お前は自分の行動を深く考えていない。,너는 자기 행동을 깊이 생각하지 않아.
16cb18d2a2b26981a5a165feae2e28bb.bundle,小峰找廖哥吵架_自動,Say,チキョウ･リョウ,21,そのままでは結局傷つくだけだ。,그대로면 결국 상처받을 뿐이야.
16cb18d2a2b26981a5a165feae2e28bb.bundle,小峰找廖哥吵架_自動,Say,チキョウ･リョウ,22,お前はまだ若いから、傷つくのなんて怖くないと思っているのだろう。,"너는 아직 젊으니까, 상처받는 게 무섭지 않다고 생각하겠지."
16cb18d2a2b26981a5a165feae2e28bb.bundle,小峰找廖哥吵架_自動,Say,チキョウ･リョウ,23,社会のため、他人のためなら、多少の犠牲も厭わないと……,"사회를 위해서, 남을 위해서라면, 다소의 희생도 마다하지 않는다고……"
16cb18d2a2b26981a5a165feae2e28bb.bundle,小峰找廖哥吵架_自動,Say,チキョウ･リョウ,24,だがそれは、傷ついたことがないから言えることだ。自分のために生きることが悪だと勘違いしているんだ。,"근데 그건, 상처받아본 적이 없으니까 할 수 있는 말이야. 자신을 위해 사는 게 나쁜 거라고 착각하고 있는 거지."
16cb18d2a2b26981a5a165feae2e28bb.bundle,小峰找廖哥吵架_自動,Say,チキョウ･リョウ,25,お前は何もわかっちゃいない。,너는 아무것도 모르고 있어.
16cb18d2a2b26981a5a165feae2e28bb.bundle,小峰找廖哥吵架_自動,Say,チキョウ･リョウ,26,だから俺がお前のために行動するんだ。,그래서 내가 너를 위해서 나서는 거다.
16cb18d2a2b26981a5a165feae2e28bb.bundle,小峰找廖哥吵架_自動,Say,チキョウ･リョウ,27,何かあったとしても、俺の責任にすればいい。それで良い人生を歩めるなら……,"무슨 일이 생기더라도, 내 책임으로 하면 돼. 그걸로 좋은 인생을 살 수 있다면……"
16cb18d2a2b26981a5a165feae2e28bb.bundle,小峰找廖哥吵架_自動,Say,チキョウ･リョウ,28,別にそれでも構わない。,딱히 그래도 상관없어.
16cb18d2a2b26981a5a165feae2e28bb.bundle,小峰找廖哥吵架_自動,Say,シンホン･ゴ,19,……,……
16cb18d2a2b26981a5a165feae2e28bb.bundle,小峰找廖哥吵架_自動,Say,シンホン･ゴ,20,そんなの望んじゃいない……,그런 거 바라지 않아……
16cb18d2a2b26981a5a165feae2e28bb.bundle,小峰找廖哥吵架_自動,Say,チキョウ･リョウ,29,わかっている。,알고 있어.
16cb18d2a2b26981a5a165feae2e28bb.bundle,小峰找廖哥吵架_自動,Say,チキョウ･リョウ,30,俺もこのままお前と喧嘩し続けたいわけではない……,나도 이대로 너랑 계속 싸우고 싶은 건 아니야……
16cb18d2a2b26981a5a165feae2e28bb.bundle,小峰找廖哥吵架_自動,Say,チキョウ･リョウ,31,だから今日で話をつけるべきだ。,그러니까 오늘 매듭을 지어야지.
16cb18d2a2b26981a5a165feae2e28bb.bundle,小峰找廖哥吵架_自動,Say,チキョウ･リョウ,32,お前ももう大人だ。何をしようとお前の自由だ。,너도 이제 어른이다. 뭘 하든 네 자유야.
16cb18d2a2b26981a5a165feae2e28bb.bundle,小峰找廖哥吵架_自動,Say,チキョウ･リョウ,33,だからこそ俺はこういうやり方をし続けるしかない。,그러니까 더더욱 나는 이런 방식을 계속할 수밖에 없어.
16cb18d2a2b26981a5a165feae2e28bb.bundle,小峰找廖哥吵架_自動,Say,チキョウ･リョウ,34,例えお前に利己的だと思われてもだ。,설령 네가 이기적이라고 생각해도 말이지.
16cb18d2a2b26981a5a165feae2e28bb.bundle,小峰找廖哥吵架_自動,Say,チキョウ･リョウ,35,俺はお前を否定し続ける。,나는 너를 계속 부정할 거다.
16cb18d2a2b26981a5a165feae2e28bb.bundle,小峰找廖哥吵架_自動,Say,シンホン･ゴ,21,俺があんたを嫌いになるとしてもか？,내가 당신을 싫어하게 되더라도?
16cb18d2a2b26981a5a165feae2e28bb.bundle,小峰找廖哥吵架_自動,Say,チキョウ･リョウ,36,そうだ。,그래.
16cb18d2a2b26981a5a165feae2e28bb.bundle,小峰找廖哥吵架_自動,Say,シンホン･ゴ,22,やっぱりそうだ……,역시 그렇구나……
16cb18d2a2b26981a5a165feae2e28bb.bundle,小峰找廖哥吵架_自動,Say,シンホン･ゴ,23,結局あんたは、俺のことなんてどうでもいいんだ。,"결국 당신은, 나 같은 건 아무래도 상관없는 거야."
16cb18d2a2b26981a5a165feae2e28bb.bundle,小峰找廖哥吵架_自動,Say,チキョウ･リョウ,37,俺の話を聞いてもなおそう思うのなら……,내 얘기를 듣고도 여전히 그렇게 생각한다면……
16cb18d2a2b26981a5a165feae2e28bb.bundle,小峰找廖哥吵架_自動,Say,チキョウ･リョウ,38,それでいい。もう話すことはない。,그걸로 됐다. 더 할 얘기 없어.
16cb18d2a2b26981a5a165feae2e28bb.bundle,小峰找廖哥吵架_自動,Say,シンホン･ゴ,24,……それでいい？,……그걸로 됐다고?
16cb18d2a2b26981a5a165feae2e28bb.bundle,小峰找廖哥吵架_自動,Say,シンホン･ゴ,25,それでいいってどういうことだよ！？,그걸로 됐다는 게 무슨 말이야!?
16cb18d2a2b26981a5a165feae2e28bb.bundle,小峰找廖哥吵架_自動,Say,シンホン･ゴ,26,また結論が出ないからって勝手に話を終わらせるのか……！？,또 결론이 안 난다고 멋대로 얘기를 끝내는 거냐……!?
16cb18d2a2b26981a5a165feae2e28bb.bundle,小峰找廖哥吵架_自動,Say,チキョウ･リョウ,39,……,……
16cb18d2a2b26981a5a165feae2e28bb.bundle,小峰找廖哥吵架_自動,Say,シンホン･ゴ,27,何でなんだよ……,왜 그러는 거야……
16cb18d2a2b26981a5a165feae2e28bb.bundle,小峰找廖哥吵架_自動,Say,チキョウ･リョウ,40,……,……
16cb18d2a2b26981a5a165feae2e28bb.bundle,小峰找廖哥吵架_自動,Say,シンホン･ゴ,28,なぜ俺から逃げるんだ！,왜 나한테서 도망치는 거야!
16cb18d2a2b26981a5a165feae2e28bb.bundle,小峰找廖哥吵架_自動,Say,チキョウ･リョウ,41,……,……
16cb18d2a2b26981a5a165feae2e28bb.bundle,小峰找廖哥吵架_自動,Say,チキョウ･リョウ,42,シンホン、お前は何を求めている？,"신홍, 너는 뭘 바라는 거냐?"
16cb18d2a2b26981a5a165feae2e28bb.bundle,小峰找廖哥吵架_自動,Say,チキョウ･リョウ,43,俺は自分が頑固じじいだと認めた……,나는 내가 고집불통 노인네라는 걸 인정했다……
16cb18d2a2b26981a5a165feae2e28bb.bundle,小峰找廖哥吵架_自動,Say,チキョウ･リョウ,44,だがお前の考えを認めることはできない。この状況でまだ何を話す必要がある？,하지만 네 생각을 인정할 수는 없어. 이 상황에서 더 뭘 얘기할 필요가 있지?
16cb18d2a2b26981a5a165feae2e28bb.bundle,小峰找廖哥吵架_自動,Say,シンホン･ゴ,29,俺は別に……,나는 딱히……
16cb18d2a2b26981a5a165feae2e28bb.bundle,小峰找廖哥吵架_自動,Say,シンホン･ゴ,30,認めて欲しいわけじゃない。ただ否定を辞めてほしいだけだ。,인정받고 싶은 게 아니야. 그냥 부정하는 걸 그만해줬으면 하는 것뿐이야.
16cb18d2a2b26981a5a165feae2e28bb.bundle,小峰找廖哥吵架_自動,Say,シンホン･ゴ,31,……,……
16cb18d2a2b26981a5a165feae2e28bb.bundle,小峰找廖哥吵架_自動,Say,シンホン･ゴ,32,それすらも難しいことなのか……？,그것조차도 어려운 일인 거야……?
16cb18d2a2b26981a5a165feae2e28bb.bundle,小峰找廖哥吵架_自動,Say,チキョウ･リョウ,45,……,……
16cb18d2a2b26981a5a165feae2e28bb.bundle,小峰找廖哥吵架_自動,Say,チキョウ･リョウ,46,……俺は否定していない。,……나는 부정하지 않았다.
16cb18d2a2b26981a5a165feae2e28bb.bundle,小峰找廖哥吵架_自動,Say,チキョウ･リョウ,47,お前のその考えは、人として素晴らしいし、お前はいい子だ。,"네 그 생각은, 사람으로서 훌륭하고, 너는 좋은 녀석이야."
16cb18d2a2b26981a5a165feae2e28bb.bundle,小峰找廖哥吵架_自動,Say,チキョウ･リョウ,48,他人が苦しむのを見たくない、人助けをしたい気持ちもわかる。,"남이 고통받는 걸 보고 싶지 않다는, 남을 돕고 싶은 마음도 이해해."
16cb18d2a2b26981a5a165feae2e28bb.bundle,小峰找廖哥吵架_自動,Say,シンホン･ゴ,33,だったら……,그럼……
16cb18d2a2b26981a5a165feae2e28bb.bundle,小峰找廖哥吵架_自動,Say,チキョウ･リョウ,49,俺も同じなんだ。,나도 마찬가지야.
16cb18d2a2b26981a5a165feae2e28bb.bundle,小峰找廖哥吵架_自動,Say,シンホン･ゴ,34,……？,……?
16cb18d2a2b26981a5a165feae2e28bb.bundle,小峰找廖哥吵架_自動,Say,チキョウ･リョウ,50,俺は……,나는……
16cb18d2a2b26981a5a165feae2e28bb.bundle,小峰找廖哥吵架_自動,Say,チキョウ･リョウ,51,お前が思うほど、利己的な人間じゃない。,"네가 생각하는 만큼, 이기적인 인간이 아니야."
16cb18d2a2b26981a5a165feae2e28bb.bundle,小峰找廖哥吵架_自動,Say,チキョウ･リョウ,52,この業界は抱えている問題を理解しながらも、俺は自分なりに人助けをしているんだ……,"이 업계가 안고 있는 문제를 이해하면서도, 나는 내 나름대로 사람을 돕고 있다……"
16cb18d2a2b26981a5a165feae2e28bb.bundle,小峰找廖哥吵架_自動,Say,チキョウ･リョウ,53,だがそれは、まだお前には言えない。,"근데 그건, 아직 너한테는 말 못 해."
16cb18d2a2b26981a5a165feae2e28bb.bundle,小峰找廖哥吵架_自動,Say,チキョウ･リョウ,54,……俺のやり方は褒められたものではないからな。,……내 방식은 칭찬받을 만한 게 아니니까.
16cb18d2a2b26981a5a165feae2e28bb.bundle,小峰找廖哥吵架_自動,Say,シンホン･ゴ,35,……何を言ってるんだ？,……무슨 소리야?
16cb18d2a2b26981a5a165feae2e28bb.bundle,小峰找廖哥吵架_自動,Say,チキョウ･リョウ,55,信じてくれ。シンホン。,믿어줘. 신홍.
16cb18d2a2b26981a5a165feae2e28bb.bundle,小峰找廖哥吵架_自動,Say,チキョウ･リョウ,56,俺は利己的な人間ではない……,나는 이기적인 인간이 아니다……
16cb18d2a2b26981a5a165feae2e28bb.bundle,小峰找廖哥吵架_自動,Say,シンホン･ゴ,36,俺は……,나는……
16cb18d2a2b26981a5a165feae2e28bb.bundle,小峰找廖哥吵架_自動,Say,シンホン･ゴ,37,……,……
16cb18d2a2b26981a5a165feae2e28bb.bundle,小峰找廖哥吵架_自動,Say,シンホン･ゴ,38,そんなことはわかってるよ……,그런 거 알고 있어……
16cb18d2a2b26981a5a165feae2e28bb.bundle,小峰找廖哥吵架_自動,Say,シンホン･ゴ,39,俺はただ……,나는 그저……
16cb18d2a2b26981a5a165feae2e28bb.bundle,小峰找廖哥吵架_自動,Say,シンホン･ゴ,40,ごめん……,미안……
16cb18d2a2b26981a5a165feae2e28bb.bundle,小峰找廖哥吵架_自動,Say,シンホン･ゴ,41,確かに俺は理想を掲げるばかりで、実現できていない……,"확실히 나는 이상만 내세울 뿐, 실현은 못 하고 있어……"
16cb18d2a2b26981a5a165feae2e28bb.bundle,小峰找廖哥吵架_自動,Say,シンホン･ゴ,42,だからあんたに否定されると……,그래서 당신한테 부정당하면……
16cb18d2a2b26981a5a165feae2e28bb.bundle,小峰找廖哥吵架_自動,Say,シンホン･ゴ,43,少し過剰になっちまう……,좀 과민해져버려……
16cb18d2a2b26981a5a165feae2e28bb.bundle,小峰找廖哥吵架_自動,Say,チキョウ･リョウ,57,……,……
16cb18d2a2b26981a5a165feae2e28bb.bundle,小峰找廖哥吵架_自動,Say,シンホン･ゴ,44,あんたが俺のことを考えてくれているのはわかる。だけどもう少し自由でありたい。,당신이 나를 생각해주고 있는 건 알아. 근데 조금만 더 자유롭고 싶어.
16cb18d2a2b26981a5a165feae2e28bb.bundle,小峰找廖哥吵架_自動,Say,シンホン･ゴ,45,あんたの意見を聞きたくないわけじゃない……,당신 의견을 듣고 싶지 않은 게 아니야……
16cb18d2a2b26981a5a165feae2e28bb.bundle,小峰找廖哥吵架_自動,Say,シンホン･ゴ,46,俺を認める必要はないし、褒める必要もない。,"나를 인정할 필요도 없고, 칭찬할 필요도 없어."
16cb18d2a2b26981a5a165feae2e28bb.bundle,小峰找廖哥吵架_自動,Say,シンホン･ゴ,47,だけど俺の成功を卑下しないでほしい。それと「俺の言う通りだったろう」と言って俺の失敗を馬鹿にしないでほしいだけなんだ……,근데 내 성공을 깎아내리지 말아줬으면 해. 그리고 '내 말이 맞았지'라면서 내 실패를 비웃지 말아줬으면 하는 것뿐이야……
16cb18d2a2b26981a5a165feae2e28bb.bundle,小峰找廖哥吵架_自動,Say,シンホン･ゴ,48,俺はただ……,나는 그냥……
16cb18d2a2b26981a5a165feae2e28bb.bundle,小峰找廖哥吵架_自動,Say,シンホン･ゴ,49,俺の選択を尊重してほしいだけなんだ。どんな結果であろうと、ちゃんと受け止めるから。,"내 선택을 존중해줬으면 하는 것뿐이야. 어떤 결과든, 제대로 받아들일 테니까."
16cb18d2a2b26981a5a165feae2e28bb.bundle,小峰找廖哥吵架_自動,Say,シンホン･ゴ,50,それだけなんだ。,그것뿐이야.
16cb18d2a2b26981a5a165feae2e28bb.bundle,小峰找廖哥吵架_自動,Say,チキョウ･リョウ,58,……,……
16cb18d2a2b26981a5a165feae2e28bb.bundle,小峰找廖哥吵架_自動,Say,チキョウ･リョウ,59,努力する。,노력하지.
16cb18d2a2b26981a5a165feae2e28bb.bundle,小峰找廖哥吵架_自動,Say,チキョウ･リョウ,60,だが……,근데……
16cb18d2a2b26981a5a165feae2e28bb.bundle,小峰找廖哥吵架_自動,Say,シンホン･ゴ,51,それでいい。,그걸로 됐어.
16cb18d2a2b26981a5a165feae2e28bb.bundle,小峰找廖哥吵架_自動,Say,シンホン･ゴ,52,あんたにその気があるのなら、それでいい。,"당신한테 그럴 마음이 있다면, 그걸로 됐어."
16cb18d2a2b26981a5a165feae2e28bb.bundle,小峰找廖哥吵架_自動,Say,シンホン･ゴ,53,ありがとう。,고마워.
16cb18d2a2b26981a5a165feae2e28bb.bundle,小峰找廖哥吵架_自動,Say,チキョウ･リョウ,61,……,……
16cb18d2a2b26981a5a165feae2e28bb.bundle,小峰找廖哥吵架_自動,Say,チキョウ･リョウ,62,勝手に研修に申し込んで……頭ごなしに考えを否定して……,멋대로 연수를 신청하고……무조건 생각을 부정하고……
16cb18d2a2b26981a5a165feae2e28bb.bundle,小峰找廖哥吵架_自動,Say,チキョウ･リョウ,63,わ、悪かっ……,"미, 미안했다……"
16cb18d2a2b26981a5a165feae2e28bb.bundle,小峰找廖哥吵架_自動,Say,シンホン･ゴ,54,無理はしないでくれ。,무리는 하지 마.
16cb18d2a2b26981a5a165feae2e28bb.bundle,小峰找廖哥吵架_自動,Say,シンホン･ゴ,55,言いたいことは、ちゃんとわかってるからさ、ハハ……,"하고 싶은 말은, 제대로 알고 있으니까, 하하……"
16cb18d2a2b26981a5a165feae2e28bb.bundle,小峰找廖哥吵架_自動,Say,チキョウ･リョウ,64,……,……
16cb18d2a2b26981a5a165feae2e28bb.bundle,小峰找廖哥吵架_自動,Say,チキョウ･リョウ,65,わかった。,알았다.
16cb18d2a2b26981a5a165feae2e28bb.bundle,小峰找廖哥吵架_自動,Say,チキョウ･リョウ,66,……俺は仕事に戻る。,……나는 일하러 돌아간다.
16cb18d2a2b26981a5a165feae2e28bb.bundle,小峰找廖哥吵架_自動,Say,シンホン･ゴ,56,ああ。,그래.
16cb18d2a2b26981a5a165feae2e28bb.bundle,小峰找廖哥吵架_自動,Say,シンホン･ゴ,57,……,……
16cb18d2a2b26981a5a165feae2e28bb.bundle,小峰找廖哥吵架_自動,Say,シンホン･ゴ,58,あんたの言う通りだ。,당신 말이 맞아.
16cb18d2a2b26981a5a165feae2e28bb.bundle,小峰找廖哥吵架_自動,Say,シンホン･ゴ,59,俺は期待すべきじゃなかったんだ。,나는 기대하면 안 됐던 거야.
16cb18d2a2b26981a5a165feae2e28bb.bundle,小峰找廖哥吵架_自動,Say,シンホン･ゴ,60,あんたの意見なんて気にせず、勝手に生きればいい。,"당신 의견 같은 거 신경 쓰지 말고, 내 마음대로 살면 돼."
16cb18d2a2b26981a5a165feae2e28bb.bundle,小峰找廖哥吵架_自動,Say,シンホン･ゴ,61,そっちの方が楽だって、あんたを見てればわかる。,"그쪽이 더 편하다는 걸, 당신을 보면 알겠어."
16cb18d2a2b26981a5a165feae2e28bb.bundle,小峰找廖哥吵架前置_自動,Say,シンホン･ゴ,0,待て、どうしたんだ……！？,"잠깐, 무슨 일이야……!?"
16cb18d2a2b26981a5a165feae2e28bb.bundle,小峰找廖哥吵架前置_自動,Say,シンホン･ゴ,1,タイミン、ちょっと待ってくれ。,"타이밍, 잠깐만 기다려줘."
16cb18d2a2b26981a5a165feae2e28bb.bundle,小峰找廖哥吵架前置_自動,Say,シンホン･ゴ,2,先に処理したいことがある。,먼저 처리하고 싶은 일이 있어.
16cb18d2a2b26981a5a165feae2e28bb.bundle,小峰找廖哥吵架前置_自動,Say,タイミン･ソウ,0,え？あ、はい。,"네? 아, 네."
16cb18d2a2b26981a5a165feae2e28bb.bundle,壞結局單獨對話,Say,シンホン･ゴ,0,何か用か？,무슨 볼일이야?
16cb18d2a2b26981a5a165feae2e28bb.bundle,壞結局單獨對話,Say,心の声,0,かなり落ち込んでるようだ……,꽤 풀 죽어 보인다……
16cb18d2a2b26981a5a165feae2e28bb.bundle,壞結局單獨對話,Branch,#Simple,0,大丈夫ですか？,괜찮으세요?
16cb18d2a2b26981a5a165feae2e28bb.bundle,壞結局單獨對話,Say,シンホン･ゴ,1,大丈夫なわけないだろう。,괜찮을 리가 없잖아.
16cb18d2a2b26981a5a165feae2e28bb.bundle,壞結局單獨對話,Say,シンホン･ゴ,2,……,……
16cb18d2a2b26981a5a165feae2e28bb.bundle,壞結局單獨對話,Say,シンホン･ゴ,3,悪い。,미안.
16cb18d2a2b26981a5a165feae2e28bb.bundle,壞結局單獨對話,Say,シンホン･ゴ,4,ちょっと苛ついてたんだ……,좀 짜증이 나서……
16cb18d2a2b26981a5a165feae2e28bb.bundle,壞結局單獨對話,Branch,#Simple,1,リョウさんの態度はあんまりでしたね。,치쿄 씨 태도가 좀 너무하시긴 했어요.
16cb18d2a2b26981a5a165feae2e28bb.bundle,壞結局單獨對話,Say,シンホン･ゴ,5,……,……
16cb18d2a2b26981a5a165feae2e28bb.bundle,壞結局單獨對話,Say,シンホン･ゴ,6,俺の態度も最悪だった。,내 태도도 최악이었어.
16cb18d2a2b26981a5a165feae2e28bb.bundle,壞結局單獨對話,Branch,#Simple,2,リョウさんへのあの態度は、さすがに良くなかったですね。,"치쿄 씨한테 그런 태도는, 역시 좋지 않았어요."
16cb18d2a2b26981a5a165feae2e28bb.bundle,壞結局單獨對話,Say,シンホン･ゴ,7,……,……
16cb18d2a2b26981a5a165feae2e28bb.bundle,壞結局單獨對話,Say,シンホン･ゴ,8,わかってる。,알아.
16cb18d2a2b26981a5a165feae2e28bb.bundle,壞結局單獨對話,Say,シンホン･ゴ,9,だが、彼の態度だって悪かっただろ。,"하지만, 그쪽 태도도 나빴잖아."
16cb18d2a2b26981a5a165feae2e28bb.bundle,壞結局單獨對話,Say,シンホン･ゴ,10,悪いが、今は他人の説教を聞いてられるほど余裕はないんだ。,"미안하지만, 지금은 남 잔소리 들을 만큼 여유가 없어."
16cb18d2a2b26981a5a165feae2e28bb.bundle,壞結局單獨對話,Say,シンホン･ゴ,11,一人にさせてくれ。,혼자 있게 해줘.
16cb18d2a2b26981a5a165feae2e28bb.bundle,壞結局單獨對話,Say,シンホン･ゴ,12,……,……
16cb18d2a2b26981a5a165feae2e28bb.bundle,壞結局單獨對話,Say,シンホン･ゴ,13,俺とリョウさんの会話を聞いてたんだろう？,나랑 치쿄 씨 대화 들었지?
16cb18d2a2b26981a5a165feae2e28bb.bundle,壞結局單獨對話,Branch,#Simple,3,はい。,네.
16cb18d2a2b26981a5a165feae2e28bb.bundle,壞結局單獨對話,Branch,#Simple,4,後半だけですが。,후반부만 들었어요.
16cb18d2a2b26981a5a165feae2e28bb.bundle,壞結局單獨對話,Say,シンホン･ゴ,14,ずっと同じような言い合いだよ。,계속 비슷한 말다툼이야.
16cb18d2a2b26981a5a165feae2e28bb.bundle,壞結局單獨對話,Say,シンホン･ゴ,15,……,……
16cb18d2a2b26981a5a165feae2e28bb.bundle,壞結局單獨對話,Say,シンホン･ゴ,16,もう沢山だ。,이제 지긋지긋해.
16cb18d2a2b26981a5a165feae2e28bb.bundle,壞結局單獨對話,Say,シンホン･ゴ,17,彼のせいで、俺の生活にまで支障が出ている……,"그 사람 때문에, 내 생활에까지 지장이 생기고 있어……"
16cb18d2a2b26981a5a165feae2e28bb.bundle,壞結局單獨對話,Say,シンホン･ゴ,18,そろそろ距離を取るべきなのかもしれない。,슬슬 거리를 둬야 할지도 모르겠어.
16cb18d2a2b26981a5a165feae2e28bb.bundle,壞結局單獨對話,Say,シンホン･ゴ,19,仕事も変えないといけないな。,일도 바꿔야겠어.
16cb18d2a2b26981a5a165feae2e28bb.bundle,壞結局單獨對話,Branch,#Simple,5,でも家族ですよね？,그래도 가족이잖아요?
16cb18d2a2b26981a5a165feae2e28bb.bundle,壞結局單獨對話,Say,シンホン･ゴ,20,だからこそさ。,그러니까 그런 거야.
16cb18d2a2b26981a5a165feae2e28bb.bundle,壞結局單獨對話,Say,シンホン･ゴ,21,形式上は家族なだけで、そりが合わないことなんてよくあるだろ。,"형식상 가족일 뿐이지, 안 맞는 경우도 흔하잖아."
16cb18d2a2b26981a5a165feae2e28bb.bundle,壞結局單獨對話,Say,シンホン･ゴ,22,俺はこれ以上、関係を悪くしたくないから距離を取りたい。,난 더 이상 관계를 나쁘게 만들고 싶지 않아서 거리를 두고 싶어.
16cb18d2a2b26981a5a165feae2e28bb.bundle,壞結局單獨對話,Branch,#Simple,6,お互いのためにも、いいかもしれません。,"서로를 위해서도, 그게 나을지도 모르겠네요."
16cb18d2a2b26981a5a165feae2e28bb.bundle,壞結局單獨對話,Say,シンホン･ゴ,23,ああ、俺もそう思う。,"그래, 나도 그렇게 생각해."
16cb18d2a2b26981a5a165feae2e28bb.bundle,壞結局單獨對話,Branch,#Simple,7,そこまでする必要がありますかね？,그렇게까지 할 필요가 있을까요?
16cb18d2a2b26981a5a165feae2e28bb.bundle,壞結局單獨對話,Say,シンホン･ゴ,24,……俺はあると思う。,……있다고 생각해.
16cb18d2a2b26981a5a165feae2e28bb.bundle,壞結局單獨對話,Say,シンホン･ゴ,25,別にリョウさんを恨んではいない。,치쿄 씨를 딱히 원망하는 건 아니야.
16cb18d2a2b26981a5a165feae2e28bb.bundle,壞結局單獨對話,Say,シンホン･ゴ,26,俺にとって彼は大事な人だ。そこは一生変わらない。,나한테 그 사람은 소중한 사람이야. 그건 평생 변하지 않아.
16cb18d2a2b26981a5a165feae2e28bb.bundle,壞結局單獨對話,Branch,#Simple,8,……,……
16cb18d2a2b26981a5a165feae2e28bb.bundle,壞結局單獨對話,Say,シンホン･ゴ,27,……,……
16cb18d2a2b26981a5a165feae2e28bb.bundle,壞結局單獨對話,Say,シンホン･ゴ,28,こういうのって、よくあることだろう？,"이런 거, 흔한 일이잖아?"
16cb18d2a2b26981a5a165feae2e28bb.bundle,壞結局單獨對話,Say,シンホン･ゴ,29,兄弟喧嘩や親子の絶縁……互いを大事に思っているからこそ……,형제 싸움이나 부모 자식 간의 절연……서로를 소중히 여기니까 그렇지……
16cb18d2a2b26981a5a165feae2e28bb.bundle,壞結局單獨對話,Say,シンホン･ゴ,30,傷つけ合う。,서로 상처를 주는 거야.
16cb18d2a2b26981a5a165feae2e28bb.bundle,壞結局單獨對話,Say,シンホン･ゴ,31,その思いがマイナスに働くなら、少し距離を取るべきだ。,"그 마음이 안 좋은 쪽으로 작용한다면, 조금 거리를 둬야 해."
16cb18d2a2b26981a5a165feae2e28bb.bundle,壞結局單獨對話,Say,シンホン･ゴ,32,それがお互いのためだ。,그게 서로를 위한 거야.
16cb18d2a2b26981a5a165feae2e28bb.bundle,壞結局單獨對話,Say,シンホン･ゴ,33,それに俺がもう少し大人になれば、リョウさんとの別の接し方も見つけられるかもしれない。,"게다가 내가 좀 더 어른이 되면, 치쿄 씨랑 다른 방식으로 지내는 법도 찾을 수 있을지 몰라."
16cb18d2a2b26981a5a165feae2e28bb.bundle,壞結局單獨對話,Say,シンホン･ゴ,34,だからこそ今は、離れる時間が欲しい。,"그러니까 지금은, 떨어져 있는 시간이 필요해."
16cb18d2a2b26981a5a165feae2e28bb.bundle,壞結局單獨對話,Say,シンホン･ゴ,35,……,……
16cb18d2a2b26981a5a165feae2e28bb.bundle,壞結局單獨對話,Branch,#Simple,9,力になれず、すみません。,"힘이 되어드리지 못해서, 죄송해요."
16cb18d2a2b26981a5a165feae2e28bb.bundle,壞結局單獨對話,Say,シンホン･ゴ,36,気にしないでくれ。,신경 쓰지 마.
16cb18d2a2b26981a5a165feae2e28bb.bundle,壞結局單獨對話,Say,シンホン･ゴ,37,むしろ会ったばかりの俺のことを、こんなに気にかけてくれありがとうな。,오히려 만난 지 얼마 안 된 나를 이렇게 신경 써줘서 고마워.
16cb18d2a2b26981a5a165feae2e28bb.bundle,壞結局單獨對話,Branch,#Simple,10,はい。,네.
16cb18d2a2b26981a5a165feae2e28bb.bundle,壞結局單獨對話,Branch,#Simple,11,確かに会ったばかりですが、妙に距離を感じる言い方ですね。,"확실히 만난 지 얼마 안 되긴 했지만, 묘하게 거리감 느껴지는 말투네요."
16cb18d2a2b26981a5a165feae2e28bb.bundle,壞結局單獨對話,Say,シンホン･ゴ,38,ハハハ。,하하하.
16cb18d2a2b26981a5a165feae2e28bb.bundle,壞結局單獨對話,Branch,#Simple,12,……,……
16cb18d2a2b26981a5a165feae2e28bb.bundle,壞結局單獨對話,Branch,#Simple,13,シンホンさんは頑張ったと思います。,신홍 씨는 열심히 했다고 생각해요.
16cb18d2a2b26981a5a165feae2e28bb.bundle,壞結局單獨對話,Say,シンホン･ゴ,39,シンホンでいいよ……,그냥 신홍이라고 불러……
16cb18d2a2b26981a5a165feae2e28bb.bundle,壞結局單獨對話,Branch,#Simple,14,後悔しませんか？,후회 안 해요?
16cb18d2a2b26981a5a165feae2e28bb.bundle,壞結局單獨對話,Say,シンホン･ゴ,40,……,……
16cb18d2a2b26981a5a165feae2e28bb.bundle,壞結局單獨對話,Say,シンホン･ゴ,41,俺の決めたことだし、後悔も受け入れるさ。,"내가 결정한 일이니까, 후회도 받아들일게."
16cb18d2a2b26981a5a165feae2e28bb.bundle,壞結局單獨對話,Say,シンホン･ゴ,42,後悔したり間違うより、自分の人生が口出しされることの方が耐えられない。,"후회하거나 틀리는 것보다, 내 인생에 참견당하는 게 더 못 견디겠어."
16cb18d2a2b26981a5a165feae2e28bb.bundle,壞結局單獨對話,Branch,#Simple,15,……,……
16cb18d2a2b26981a5a165feae2e28bb.bundle,壞結局單獨對話,Say,シンホン･ゴ,43,とにかく、ありがとうな。,"아무튼, 고마워."
16cb18d2a2b26981a5a165feae2e28bb.bundle,壞結局單獨對話,Say,シンホン･ゴ,44,俺は大丈夫だから。ちょっと時間が必要なだけだ。,난 괜찮으니까. 그냥 시간이 좀 필요할 뿐이야.
16cb18d2a2b26981a5a165feae2e28bb.bundle,壞結局單獨對話,Say,シンホン･ゴ,45,それに泣きたい時は、彼氏の胸を借りるから心配ご無用！ハハ！,"게다가 울고 싶을 땐, 남자친구 품 빌리면 되니까 걱정 붙들어 매! 하하!"
16cb18d2a2b26981a5a165feae2e28bb.bundle,壞結局單獨對話,Say,シンホン･ゴ,46,……,……
16cb18d2a2b26981a5a165feae2e28bb.bundle,壞結局單獨對話,Say,シンホン･ゴ,47,本当にありがとうな。,정말 고마워.
16cb18d2a2b26981a5a165feae2e28bb.bundle,壞結局單獨對話,Say,シンホン･ゴ,48,じゃ、また。,"그럼, 또 봐."
16cb18d2a2b26981a5a165feae2e28bb.bundle,壞結局單獨對話,Branch,#Simple,16,はい。,네.
16cb18d2a2b26981a5a165feae2e28bb.bundle,壞結局單獨對話,Branch,#Simple,17,……,……
16cb18d2a2b26981a5a165feae2e28bb.bundle,廖哥小峰吵架好路線後續,Say,チキョウ･リョウ,0,ジェイ･ダイ、いつまでそこで聞いてる。,"제이 다이, 언제까지 거기서 듣고 있을 거야."
16cb18d2a2b26981a5a165feae2e28bb.bundle,廖哥小峰吵架好路線後續,Say,チキョウ･リョウ,1,仕事がなくて暇なのか？,일이 없어서 한가한 건가?
16cb18d2a2b26981a5a165feae2e28bb.bundle,廖哥小峰吵架好路線後續,Branch,#Simple,0,そんな感じです。,그런 느낌입니다.
16cb18d2a2b26981a5a165feae2e28bb.bundle,廖哥小峰吵架好路線後續,Branch,#Simple,1,見逃すのは勿体ないと思いまして。,놓치기 아까울 것 같아서요.
16cb18d2a2b26981a5a165feae2e28bb.bundle,廖哥小峰吵架好路線後續,Say,チキョウ･リョウ,2,お前な……！,너 이 자식……!
16cb18d2a2b26981a5a165feae2e28bb.bundle,廖哥小峰吵架好路線後續,Branch,#Simple,2,すみません、盗み聞きをしてたわけじゃありません。,"죄송해요, 엿듣고 있었던 건 아니에요."
16cb18d2a2b26981a5a165feae2e28bb.bundle,廖哥小峰吵架好路線後續,Say,チキョウ･リョウ,3,長いこと、そこに立っていたのにか？,그렇게 오래 거기 서 있었는데도?
16cb18d2a2b26981a5a165feae2e28bb.bundle,廖哥小峰吵架好路線後續,Say,チキョウ･リョウ,4,見え透いた嘘はやめろ！,뻔한 거짓말은 그만둬!
16cb18d2a2b26981a5a165feae2e28bb.bundle,廖哥小峰吵架好路線後續,Say,シンホン･ゴ,0,ハハ、確かにリョウさんの言う通りだ。,"하하, 확실히 치쿄 씨 말이 맞네."
16cb18d2a2b26981a5a165feae2e28bb.bundle,廖哥小峰吵架好路線後續,Say,チキョウ･リョウ,5,いいから、仕事に戻りなさい。,"됐으니까, 일이나 하러 가."
16cb18d2a2b26981a5a165feae2e28bb.bundle,廖哥小峰吵架好路線後續,Say,シンホン･ゴ,1,はーい。,네에.
16cb18d2a2b26981a5a165feae2e28bb.bundle,廖哥小峰吵架好路線後續,Say,シンホン･ゴ,2,行こうぜ。じいさんが目障りだってよ。,가자. 영감님이 눈엣가시라잖아.
16cb18d2a2b26981a5a165feae2e28bb.bundle,廖哥小峰吵架好路線後續,Say,チキョウ･リョウ,6,フンッ。,흥.
16cb18d2a2b26981a5a165feae2e28bb.bundle,廖哥小峰吵架壞路線後續,Say,チキョウ･リョウ,0,ジェイ･ダイ。,제이 다이.
16cb18d2a2b26981a5a165feae2e28bb.bundle,廖哥小峰吵架壞路線後續,Say,心の声,0,……！？,……!?
16cb18d2a2b26981a5a165feae2e28bb.bundle,廖哥小峰吵架壞路線後續,Say,チキョウ･リョウ,1,ずっとそこに立っていたな。,계속 거기 서 있었군.
16cb18d2a2b26981a5a165feae2e28bb.bundle,廖哥小峰吵架壞路線後續,Say,チキョウ･リョウ,2,野次馬か？それとも何か用があるのか？,구경꾼인가? 아니면 뭔가 볼일이 있는 건가?
16cb18d2a2b26981a5a165feae2e28bb.bundle,廖哥小峰吵架壞路線後續,Say,チキョウ･リョウ,3,用があるならさっさと言え。ないなら失せろ。,볼일이 있으면 빨리 말해. 없으면 꺼져.
16cb18d2a2b26981a5a165feae2e28bb.bundle,好結局單獨對話,Say,シンホン･ゴ,0,……,……
16cb18d2a2b26981a5a165feae2e28bb.bundle,好結局單獨對話,Say,シンホン･ゴ,1,ジェイ、ありがとう。,"제이, 고마워."
16cb18d2a2b26981a5a165feae2e28bb.bundle,好結局單獨對話,Branch,#Simple,0,何がですか？,뭐가요?
16cb18d2a2b26981a5a165feae2e28bb.bundle,好結局單獨對話,Branch,#Simple,1,ただ隣で聞いていただけですよ。,그냥 옆에서 듣고 있었을 뿐인데요.
16cb18d2a2b26981a5a165feae2e28bb.bundle,好結局單獨對話,Say,シンホン･ゴ,2,ハハ。,하하.
16cb18d2a2b26981a5a165feae2e28bb.bundle,好結局單獨對話,Branch,#Simple,2,……,……
16cb18d2a2b26981a5a165feae2e28bb.bundle,好結局單獨對話,Say,シンホン･ゴ,3,給湯室で俺の話を聞いてくれたおかげで、俺は本当に大事なものに気づけた。,"탕비실에서 내 얘기 들어준 덕분에, 정말 중요한 걸 깨달았어."
16cb18d2a2b26981a5a165feae2e28bb.bundle,好結局單獨對話,Say,シンホン･ゴ,4,俺はリョウさんに俺が正しいことを理解させないと、和解は不可能だと思っていた。,"치쿄 씨한테 내가 옳다는 걸 이해시키지 않으면, 화해는 불가능하다고 생각했어."
16cb18d2a2b26981a5a165feae2e28bb.bundle,好結局單獨對話,Say,シンホン･ゴ,5,だけど、ただ俺の考えを尊重してもらえばよかったんだ。,"하지만, 그냥 내 생각을 존중받기만 하면 됐던 거였어."
16cb18d2a2b26981a5a165feae2e28bb.bundle,好結局單獨對話,Say,シンホン･ゴ,6,意見が違くてもいい。ただ互いを否定しなければいいだけの話なんだ。,의견이 달라도 괜찮아. 그냥 서로를 부정하지만 않으면 되는 거였어.
16cb18d2a2b26981a5a165feae2e28bb.bundle,好結局單獨對話,Say,シンホン･ゴ,7,……,……
16cb18d2a2b26981a5a165feae2e28bb.bundle,好結局單獨對話,Say,シンホン･ゴ,8,いまいちピンとこないかもしれないが、本当にジェイのおかげなんだ。,"잘 와닿지 않을지도 모르지만, 정말 제이 덕분이야."
16cb18d2a2b26981a5a165feae2e28bb.bundle,好結局單獨對話,Branch,#Simple,3,ばあさんのオフィスに資料を忘れた時も合わせて、二回目ですね。,"할망구 사무실에 자료 두고 온 것까지 합치면, 이번이 두 번째네요."
16cb18d2a2b26981a5a165feae2e28bb.bundle,好結局單獨對話,Say,シンホン･ゴ,9,ハハハハ！,하하하하!
16cb18d2a2b26981a5a165feae2e28bb.bundle,好結局單獨對話,Say,シンホン･ゴ,10,そうだな。,그렇지.
16cb18d2a2b26981a5a165feae2e28bb.bundle,好結局單獨對話,Say,シンホン･ゴ,11,お前は恩人だ。,너는 은인이야.
16cb18d2a2b26981a5a165feae2e28bb.bundle,好結局單獨對話,Branch,#Simple,4,……,……
16cb18d2a2b26981a5a165feae2e28bb.bundle,好結局單獨對話,Say,シンホン･ゴ,12,リョウさんは俺の大事な家族だ。それだけは変わらない。,치쿄 씨는 나한테 소중한 가족이야. 그것만은 변하지 않아.
16cb18d2a2b26981a5a165feae2e28bb.bundle,好結局單獨對話,Say,シンホン･ゴ,13,だがそれと同時に、俺はずっと彼に苦しめられてきた……,"하지만 동시에, 나는 계속 그 사람 때문에 힘들어했어……"
16cb18d2a2b26981a5a165feae2e28bb.bundle,好結局單獨對話,Say,シンホン･ゴ,14,今日をもって、その状況も変わるかもしれない。,"오늘부로, 그 상황도 바뀔지 몰라."
16cb18d2a2b26981a5a165feae2e28bb.bundle,好結局單獨對話,Branch,#Simple,5,よかったですね。,잘됐네요.
16cb18d2a2b26981a5a165feae2e28bb.bundle,好結局單獨對話,Say,シンホン･ゴ,15,ああ。,그래.
16cb18d2a2b26981a5a165feae2e28bb.bundle,好結局單獨對話,Branch,#Simple,6,きっとそうなりますよ。,분명 그렇게 될 거예요.
16cb18d2a2b26981a5a165feae2e28bb.bundle,好結局單獨對話,Say,シンホン･ゴ,16,ああ、俺もそう信じてる。,"그래, 나도 그렇게 믿고 있어."
16cb18d2a2b26981a5a165feae2e28bb.bundle,好結局單獨對話,Branch,#Simple,7,……,……
16cb18d2a2b26981a5a165feae2e28bb.bundle,好結局單獨對話,Say,シンホン･ゴ,17,……,……
16cb18d2a2b26981a5a165feae2e28bb.bundle,好結局單獨對話,Say,シンホン･ゴ,18,さて、仕事に戻らないとな。,"자, 이제 일하러 돌아가야겠다."
16cb18d2a2b26981a5a165feae2e28bb.bundle,好結局單獨對話,Say,シンホン･ゴ,19,あっ、後でご飯を奢らせてくれよ。,"아, 나중에 밥 한번 사게 해줘."
16cb18d2a2b26981a5a165feae2e28bb.bundle,好結局單獨對話,Say,シンホン･ゴ,20,じゃ、また後でな。,"그럼, 이따 보자."
16cb18d2a2b26981a5a165feae2e28bb.bundle,好結局單獨對話,Branch,#Simple,8,はい。,네.
16cb18d2a2b26981a5a165feae2e28bb.bundle,好結局單獨對話,Branch,#Simple,9,高級焼き肉でお願いします。,고급 고깃집으로 부탁드려요.
16cb18d2a2b26981a5a165feae2e28bb.bundle,好結局單獨對話,Say,シンホン･ゴ,21,ハハハ！店を選ぶのは俺だ！,하하하! 가게 고르는 건 나야!
16cb18d2a2b26981a5a165feae2e28bb.bundle,好結局單獨對話,Branch,#Simple,10,……,……
16cb18d2a2b26981a5a165feae2e28bb.bundle,穩哥談做案可行性,Say,タイミン･ソウ,0,ジェイ。,제이.
16cb18d2a2b26981a5a165feae2e28bb.bundle,穩哥談做案可行性,Say,タイミン･ソウ,1,戻りましたか。,돌아오셨네요.
16cb18d2a2b26981a5a165feae2e28bb.bundle,穩哥談做案可行性,Say,タイミン･ソウ,2,少しいいですか？,잠깐 괜찮으세요?
16cb18d2a2b26981a5a165feae2e28bb.bundle,穩哥談做案可行性,Branch,#Simple,0,どうしました？,무슨 일이세요?
16cb18d2a2b26981a5a165feae2e28bb.bundle,穩哥談做案可行性,Branch,#Simple,1,私を待っていましたか？,저를 기다리고 계셨어요?
16cb18d2a2b26981a5a165feae2e28bb.bundle,穩哥談做案可行性,Say,タイミン･ソウ,3,はい。,네.
16cb18d2a2b26981a5a165feae2e28bb.bundle,穩哥談做案可行性,Branch,#Simple,2,何かありましたか？,무슨 일 있으세요?
16cb18d2a2b26981a5a165feae2e28bb.bundle,穩哥談做案可行性,Say,タイミン･ソウ,4,昨日の健康診断書の改ざんを調べてみました。,어제 건강검진 서류 위조 건을 조사해봤어요.
16cb18d2a2b26981a5a165feae2e28bb.bundle,穩哥談做案可行性,Say,タイミン･ソウ,5,シンレイ･トンの件です。覚えていますか？,신레이 통 건이에요. 기억하시나요?
16cb18d2a2b26981a5a165feae2e28bb.bundle,穩哥談做案可行性,Branch,#Simple,3,はい。,네.
16cb18d2a2b26981a5a165feae2e28bb.bundle,穩哥談做案可行性,Say,タイミン･ソウ,6,よかったです。,다행이네요.
16cb18d2a2b26981a5a165feae2e28bb.bundle,穩哥談做案可行性,Branch,#Simple,4,何のことですか？,무슨 얘기예요?
16cb18d2a2b26981a5a165feae2e28bb.bundle,穩哥談做案可行性,Say,タイミン･ソウ,7,面談に来ていたおばあさんの件ですよ。,면담하러 왔던 할머니 건이에요.
16cb18d2a2b26981a5a165feae2e28bb.bundle,穩哥談做案可行性,Say,タイミン･ソウ,8,普通なら、健康診断の段階で落とされるはずの彼女は、なぜか面談に来ていた。,"보통이라면, 건강검진 단계에서 떨어졌을 그분이, 어째서인지 면담까지 왔었어요."
16cb18d2a2b26981a5a165feae2e28bb.bundle,穩哥談做案可行性,Say,タイミン･ソウ,9,それでこの件の調査を昨日マネージャーに任されたんです。,그래서 이 건 조사를 어제 매니저한테서 맡게 됐어요.
16cb18d2a2b26981a5a165feae2e28bb.bundle,穩哥談做案可行性,Say,タイミン･ソウ,10,思い出しましたか？,기억나세요?
16cb18d2a2b26981a5a165feae2e28bb.bundle,穩哥談做案可行性,Branch,#Simple,5,はい。,네.
16cb18d2a2b26981a5a165feae2e28bb.bundle,穩哥談做案可行性,Say,タイミン･ソウ,11,よかったです。,다행이네요.
16cb18d2a2b26981a5a165feae2e28bb.bundle,穩哥談做案可行性,Branch,#Simple,6,なんとなく……,어렴풋이……
16cb18d2a2b26981a5a165feae2e28bb.bundle,穩哥談做案可行性,Say,タイミン･ソウ,12,やれやれ……,이런 이런……
16cb18d2a2b26981a5a165feae2e28bb.bundle,穩哥談做案可行性,Say,タイミン･ソウ,13,……,……
16cb18d2a2b26981a5a165feae2e28bb.bundle,穩哥談做案可行性,Say,タイミン･ソウ,14,すみませんが、このまま話を続けますね。,"죄송하지만, 이대로 얘기 계속할게요."
16cb18d2a2b26981a5a165feae2e28bb.bundle,穩哥談做案可行性,Branch,#Simple,7,何か見つかったんですか？,뭔가 알아내신 거예요?
16cb18d2a2b26981a5a165feae2e28bb.bundle,穩哥談做案可行性,Say,タイミン･ソウ,15,はい。簡単に言うと、トンさんの資料は病院で改ざんされていました。,"네. 간단히 말하면, 통 씨 자료는 병원에서 위조되어 있었어요."
16cb18d2a2b26981a5a165feae2e28bb.bundle,穩哥談做案可行性,Branch,#Simple,8,どうしてわかったんですか？,어떻게 아셨어요?
16cb18d2a2b26981a5a165feae2e28bb.bundle,穩哥談做案可行性,Say,タイミン･ソウ,16,パターンに気づきました。,패턴을 알아챘어요.
16cb18d2a2b26981a5a165feae2e28bb.bundle,穩哥談做案可行性,Branch,#Simple,9,誰がそんなことを？,누가 그런 짓을?
16cb18d2a2b26981a5a165feae2e28bb.bundle,穩哥談做案可行性,Say,タイミン･ソウ,17,おそらく、病院の情報管理者でしょうね。,"아마, 병원 정보 관리자겠죠."
16cb18d2a2b26981a5a165feae2e28bb.bundle,穩哥談做案可行性,Say,タイミン･ソウ,18,そんなことより。,그건 그렇고요.
16cb18d2a2b26981a5a165feae2e28bb.bundle,穩哥談做案可行性,Branch,#Simple,10,……,……
16cb18d2a2b26981a5a165feae2e28bb.bundle,穩哥談做案可行性,Say,タイミン･ソウ,19,実は、北区には偽の健康診断を販売する業者がいくつか存在します。,"실은, 북구에는 가짜 건강검진을 파는 업자가 몇 군데 있어요."
16cb18d2a2b26981a5a165feae2e28bb.bundle,穩哥談做案可行性,Say,タイミン･ソウ,20,だからトンさんが健康診断書を偽造するのは大して難しいことではありません。,그래서 통 씨가 건강검진서를 위조하는 건 그다지 어려운 일이 아니에요.
16cb18d2a2b26981a5a165feae2e28bb.bundle,穩哥談做案可行性,Say,タイミン･ソウ,21,しかし、だからこそ不審な点があるのです。,"근데, 그렇기 때문에 오히려 이상한 점이 있는 거예요."
16cb18d2a2b26981a5a165feae2e28bb.bundle,穩哥談做案可行性,Say,タイミン･ソウ,22,通常、健康診断書の偽造は保険金目当てです。演算工場の採用をパスするための偽造なんて聞いたことがありません。,"보통, 건강검진서 위조는 보험금 노리는 거예요. 연산공장 채용을 통과하기 위한 위조는 들어본 적이 없어요."
16cb18d2a2b26981a5a165feae2e28bb.bundle,穩哥談做案可行性,Say,タイミン･ソウ,23,なぜならば……,왜냐하면……
16cb18d2a2b26981a5a165feae2e28bb.bundle,穩哥談做案可行性,Branch,#Simple,11,万象のチェックが厳しいからですか？,완샹의 체크가 엄격해서인가요?
16cb18d2a2b26981a5a165feae2e28bb.bundle,穩哥談做案可行性,Say,タイミン･ソウ,24,それもありますが、一番の理由ではありません。,"그것도 있지만, 가장 큰 이유는 아니에요."
16cb18d2a2b26981a5a165feae2e28bb.bundle,穩哥談做案可行性,Say,タイミン･ソウ,25,あなたならわかると思いますよ。,당신이라면 알 거라고 생각해요.
16cb18d2a2b26981a5a165feae2e28bb.bundle,穩哥談做案可行性,Branch,#Simple,12,面談でバレるからですね。,면담에서 들통나니까요.
16cb18d2a2b26981a5a165feae2e28bb.bundle,穩哥談做案可行性,Say,タイミン･ソウ,26,そうです。新人のあなたですら、トンさんの様子に気づいていました。,"맞아요. 신입인 당신조차, 통 씨 상태를 눈치챘었잖아요."
16cb18d2a2b26981a5a165feae2e28bb.bundle,穩哥談做案可行性,Branch,#Simple,13,……,……
16cb18d2a2b26981a5a165feae2e28bb.bundle,穩哥談做案可行性,Say,タイミン･ソウ,27,いくら偽造しようとも、面談の際に必ずバレることになります。,"아무리 위조해도, 면담할 때 반드시 들통나게 돼요."
16cb18d2a2b26981a5a165feae2e28bb.bundle,穩哥談做案可行性,Say,タイミン･ソウ,28,つまり最初から方向性が間違っていたということです。,즉 처음부터 방향이 잘못됐다는 거예요.
16cb18d2a2b26981a5a165feae2e28bb.bundle,穩哥談做案可行性,Say,タイミン･ソウ,29,重要なのは健康診断書などの資料ではなく、面談だったのです。,"중요한 건 건강검진서 같은 자료가 아니라, 면담이었던 거예요."
16cb18d2a2b26981a5a165feae2e28bb.bundle,穩哥談做案可行性,Say,タイミン･ソウ,30,トンさんがどうやって審査をクリアしたかは重要ではありません……,통 씨가 어떻게 심사를 통과했는지는 중요하지 않아요……
16cb18d2a2b26981a5a165feae2e28bb.bundle,穩哥談做案可行性,Say,タイミン･ソウ,31,重要なのは、どうやって面談をクリアするつもりだったかです。,"중요한 건, 어떻게 면담을 통과할 생각이었는가예요."
16cb18d2a2b26981a5a165feae2e28bb.bundle,穩哥談做案可行性,Say,タイミン･ソウ,32,それに昨日のジェイの話だと……,게다가 어제 제이 얘기로는……
16cb18d2a2b26981a5a165feae2e28bb.bundle,穩哥談做案可行性,Say,タイミン･ソウ,33,面談の相手があなただと知った時、トンさんはかなり驚いていた。,"면담 상대가 당신인 걸 알았을 때, 통 씨가 상당히 놀랐었죠."
16cb18d2a2b26981a5a165feae2e28bb.bundle,穩哥談做案可行性,Say,タイミン･ソウ,34,なぜ驚いていたか、今になってやっとわかりました。,"왜 놀랐는지, 이제야 알겠어요."
16cb18d2a2b26981a5a165feae2e28bb.bundle,穩哥談做案可行性,Say,タイミン･ソウ,35,トンはおそらく、別の人と面談をする予定だったんです。,"통 씨는 아마, 다른 사람이랑 면담할 예정이었던 거예요."
16cb18d2a2b26981a5a165feae2e28bb.bundle,穩哥談做案可行性,Say,タイミン･ソウ,36,ですが、あなたが来たことにより、すべてが狂ってしまった。,"근데, 당신이 오는 바람에, 전부 틀어져버린 거죠."
16cb18d2a2b26981a5a165feae2e28bb.bundle,穩哥談做案可行性,Say,心の声,0,別の人と面談をする予定だった……,다른 사람이랑 면담할 예정이었다……
16cb18d2a2b26981a5a165feae2e28bb.bundle,穩哥談做案可行性,Say,心の声,1,まさかそれって……,설마 그게……
16cb18d2a2b26981a5a165feae2e28bb.bundle,穩哥談做案可行性,Branch,#Simple,14,本来はこの面談をシンホンが担当するはずでした。,원래는 이 면담을 신홍이 담당할 예정이었어요.
16cb18d2a2b26981a5a165feae2e28bb.bundle,穩哥談做案可行性,Say,心の声,2,タイミンが動揺している……,타이밍이 동요하고 있다……
16cb18d2a2b26981a5a165feae2e28bb.bundle,穩哥談做案可行性,Say,タイミン･ソウ,37,……知っています。,……알고 있어요.
16cb18d2a2b26981a5a165feae2e28bb.bundle,穩哥談做案可行性,Say,タイミン･ソウ,38,ですが、犯人が彼だと決めつけるのはまだ早いと思います。,"근데, 범인이 그라고 단정 짓는 건 아직 이르다고 생각해요."
16cb18d2a2b26981a5a165feae2e28bb.bundle,穩哥談做案可行性,Branch,#Simple,15,……,……
16cb18d2a2b26981a5a165feae2e28bb.bundle,穩哥談做案可行性,Say,タイミン･ソウ,39,面談者の割り当ては少々複雑で、実はあの時間帯に面談をしていた、すべての人に疑いがあるのです。,"면담자 배정은 좀 복잡해서, 실은 그 시간대에 면담하고 있던, 모든 사람한테 혐의가 있는 거예요."
16cb18d2a2b26981a5a165feae2e28bb.bundle,穩哥談做案可行性,Say,心の声,3,気のせいか……,착각인가……
16cb18d2a2b26981a5a165feae2e28bb.bundle,穩哥談做案可行性,Say,タイミン･ソウ,40,とにかくまずは調べてみます。何かわかったら、また連絡しますね。,"아무튼 일단은 조사해볼게요. 뭔가 알게 되면, 다시 연락드릴게요."
16cb18d2a2b26981a5a165feae2e28bb.bundle,穩哥談做案可行性,Say,心の声,4,タイミン、元気がないな……,"타이밍, 기운이 없네……"
16cb18d2a2b26981a5a165feae2e28bb.bundle,穩哥談做案可行性,Branch,#Simple,16,私は何をすれば？,저는 뭘 하면 될까요?
16cb18d2a2b26981a5a165feae2e28bb.bundle,穩哥談做案可行性,Say,タイミン･ソウ,41,特にはないですね……,딱히 없네요……
16cb18d2a2b26981a5a165feae2e28bb.bundle,穩哥談做案可行性,Branch,#Simple,17,どうかしましたか？,무슨 일 있으세요?
16cb18d2a2b26981a5a165feae2e28bb.bundle,穩哥談做案可行性,Say,タイミン･ソウ,42,え？何がですか？,네? 뭐가요?
16cb18d2a2b26981a5a165feae2e28bb.bundle,穩哥談做案可行性,Branch,#Simple,18,やっぱり何でもないです。,역시 아무것도 아니에요.
16cb18d2a2b26981a5a165feae2e28bb.bundle,穩哥談做案可行性,Say,タイミン･ソウ,43,あ、はい。,"아, 네."
16cb18d2a2b26981a5a165feae2e28bb.bundle,穩哥談做案可行性,Branch,#Simple,19,大丈夫ですか？,괜찮으세요?
16cb18d2a2b26981a5a165feae2e28bb.bundle,穩哥談做案可行性,Say,タイミン･ソウ,44,ちょっと疲れてるだけです。,그냥 좀 피곤할 뿐이에요.
16cb18d2a2b26981a5a165feae2e28bb.bundle,穩哥談做案可行性,Say,タイミン･ソウ,45,そうだ。,그래.
16cb18d2a2b26981a5a165feae2e28bb.bundle,穩哥談做案可行性,Branch,#Simple,20,……,……
16cb18d2a2b26981a5a165feae2e28bb.bundle,穩哥談做案可行性,Say,タイミン･ソウ,46,この件も他言無用でお願いしますね。,이 건도 함구해주세요.
16cb18d2a2b26981a5a165feae2e28bb.bundle,穩哥談做案可行性,Say,タイミン･ソウ,47,犯人に気づかれたら大変ですから。,범인이 눈치채면 큰일이니까요.
16cb18d2a2b26981a5a165feae2e28bb.bundle,穩哥談做案可行性,Say,タイミン･ソウ,48,とにかく、今はあの時間帯に面談する予定だった人を調べたいと思います。,"아무튼, 지금은 그 시간대에 면담할 예정이었던 사람을 조사하고 싶어요."
16cb18d2a2b26981a5a165feae2e28bb.bundle,穩哥談做案可行性,Say,タイミン･ソウ,49,その他のことはまた後で考えましょう。,다른 건 나중에 다시 생각하죠.
16cb18d2a2b26981a5a165feae2e28bb.bundle,穩哥談做案可行性,Say,タイミン･ソウ,50,今はもう少し待っててください。,지금은 조금만 더 기다려주세요.
16cb18d2a2b26981a5a165feae2e28bb.bundle,穩哥談做案可行性,Say,心の声,5,あの時に面談をする予定だった人……,그때 면담할 예정이었던 사람……
16cb18d2a2b26981a5a165feae2e28bb.bundle,穩哥談做案可行性,Say,心の声,6,……,……
16cb18d2a2b26981a5a165feae2e28bb.bundle,穩哥談做案可行性,Say,心の声,7,間違いない、シンホンだ……,"틀림없다, 신홍이다……"
16cb18d2a2b26981a5a165feae2e28bb.bundle,董欣麗事件最終開始,Say,タイミン･ソウ,0,ジェイ！,제이!
16cb18d2a2b26981a5a165feae2e28bb.bundle,董欣麗事件最終開始,Say,タイミン･ソウ,1,ちょうどよかった……,마침 잘됐네……
16cb18d2a2b26981a5a165feae2e28bb.bundle,董欣麗事件最終開始,Say,タイミン･ソウ,2,少しいいですか？,잠깐 괜찮으세요?
16cb18d2a2b26981a5a165feae2e28bb.bundle,董欣麗事件最終開始,Say,心の声,0,おそらく、シンレイ･トンのことだろうが……,"아마, 신레이 통 얘기겠지만……"
16cb18d2a2b26981a5a165feae2e28bb.bundle,董欣麗事件最終開始,Say,23,0,大丈夫よ、彼の話を聞きましょう。,"괜찮아, 저 사람 얘기 좀 들어보자."
16cb18d2a2b26981a5a165feae2e28bb.bundle,董欣麗事件最終開始,Say,23,1,それに疑われないように、いつものように振る舞うべきよ。,"그리고 의심받지 않게, 평소처럼 행동해야 해."
16cb18d2a2b26981a5a165feae2e28bb.bundle,董欣麗事件最終開始,Say,タイミン･ソウ,3,ジェイ？,제이?
16cb18d2a2b26981a5a165feae2e28bb.bundle,董欣麗事件最終開始,Branch,#Simple,0,トンさんの件ですか？,통 씨 건 말인가요?
16cb18d2a2b26981a5a165feae2e28bb.bundle,董欣麗事件最終開始,Say,タイミン･ソウ,4,……はい。,……네.
16cb18d2a2b26981a5a165feae2e28bb.bundle,董欣麗事件最終開始,Branch,#Simple,1,何でしょうか？,무슨 일이시죠?
16cb18d2a2b26981a5a165feae2e28bb.bundle,董欣麗事件最終開始,Branch,#Simple,2,すみません、また後ででもいいですか？,"죄송한데, 나중에 다시 얘기해도 될까요?"
16cb18d2a2b26981a5a165feae2e28bb.bundle,董欣麗事件最終開始,Say,タイミン･ソウ,5,それだと……,그러면……
16cb18d2a2b26981a5a165feae2e28bb.bundle,董欣麗事件最終開始,Say,タイミン･ソウ,6,……,……
16cb18d2a2b26981a5a165feae2e28bb.bundle,董欣麗事件最終開始,Say,タイミン･ソウ,7,そうですか、わかりました。,"그렇군요, 알겠습니다."
16cb18d2a2b26981a5a165feae2e28bb.bundle,董欣麗事件最終開始,Say,タイミン･ソウ,8,この件は僕だけで何とか解決できると思いますので、大丈夫です。,"이 건은 저 혼자서 어떻게든 해결할 수 있을 것 같으니, 괜찮아요."
16cb18d2a2b26981a5a165feae2e28bb.bundle,董欣麗事件最終開始,Say,タイミン･ソウ,9,では、また。,"그럼, 또 봐요."
16cb18d2a2b26981a5a165feae2e28bb.bundle,董欣麗事件最終開始,Branch,#Simple,3,はい。,네.
16cb18d2a2b26981a5a165feae2e28bb.bundle,董欣麗事件最終開始,Branch,#Simple,4,やっぱり話を聞かせてください。,"역시, 얘기 좀 들려주세요."
16cb18d2a2b26981a5a165feae2e28bb.bundle,董欣麗事件最終開始,Say,タイミン･ソウ,10,……ありがとうございます。,……감사합니다.
16cb18d2a2b26981a5a165feae2e28bb.bundle,董欣麗事件最終開始,Say,タイミン･ソウ,11,……,……
16cb18d2a2b26981a5a165feae2e28bb.bundle,董欣麗事件最終開始,Say,タイミン･ソウ,12,僕の席で話しましょう。,제 자리에서 얘기하죠.
16cb18d2a2b26981a5a165feae2e28bb.bundle,穩哥說期限已到,Say,タイミン･ソウ,0,……,……
16cb18d2a2b26981a5a165feae2e28bb.bundle,穩哥說期限已到,Say,心の声,0,かなり深刻な顔をしている……,꽤 심각한 얼굴을 하고 있다……
16cb18d2a2b26981a5a165feae2e28bb.bundle,穩哥說期限已到,Say,タイミン･ソウ,1,これは一昨日の面談リストです。,이건 그저께 면담 리스트입니다.
16cb18d2a2b26981a5a165feae2e28bb.bundle,穩哥說期限已到,Say,心の声,1,……,……
16cb18d2a2b26981a5a165feae2e28bb.bundle,穩哥說期限已到,Say,心の声,2,このリスト通りなら、トンさんの担当はやっぱりシンホンだ……,"이 리스트대로라면, 통 씨 담당은 역시 신홍이다……"
16cb18d2a2b26981a5a165feae2e28bb.bundle,穩哥說期限已到,Say,タイミン･ソウ,2,ジェイ、単刀直入に言います。,"제이, 단도직입적으로 말할게요."
16cb18d2a2b26981a5a165feae2e28bb.bundle,穩哥說期限已到,Say,タイミン･ソウ,3,どう考えても、犯人はシンホンしかいません。,"아무리 생각해도, 범인은 신홍뿐이에요."
16cb18d2a2b26981a5a165feae2e28bb.bundle,穩哥說期限已到,Say,タイミン･ソウ,4,本当は昨日の段階で、この結論に辿り着いていたのですが……,"사실은 어제 단계에서, 이 결론에 도달해 있었지만……"
16cb18d2a2b26981a5a165feae2e28bb.bundle,穩哥說期限已到,Say,タイミン･ソウ,5,間違いである可能性に賭けたかった……,틀렸을 가능성에 걸고 싶었어요……
16cb18d2a2b26981a5a165feae2e28bb.bundle,穩哥說期限已到,Say,タイミン･ソウ,6,……,……
16cb18d2a2b26981a5a165feae2e28bb.bundle,穩哥說期限已到,Say,タイミン･ソウ,7,僕はこの二日間で、あらゆる可能性を調べ尽くしました。その結果、トンさんと面談ができたのは、あなたとシンホンのみです。,"저는 이 이틀 동안, 모든 가능성을 다 조사했어요. 그 결과, 통 씨랑 면담할 수 있었던 건, 당신이랑 신홍뿐이에요."
16cb18d2a2b26981a5a165feae2e28bb.bundle,穩哥說期限已到,Branch,#Simple,0,どうするつもりですか？,어떻게 할 생각이에요?
16cb18d2a2b26981a5a165feae2e28bb.bundle,穩哥說期限已到,Branch,#Simple,1,誰かに陥れられた可能性は？,누군가한테 함정에 빠진 가능성은요?
16cb18d2a2b26981a5a165feae2e28bb.bundle,穩哥說期限已到,Say,タイミン･ソウ,8,その場合の動機はどうなりますか？,그럴 경우 동기는 어떻게 되는데요?
16cb18d2a2b26981a5a165feae2e28bb.bundle,穩哥說期限已到,Say,タイミン･ソウ,9,それに陥れるには、やり方が回りくどすぎます。,"게다가 함정에 빠뜨리기엔, 방식이 너무 돌아가요."
16cb18d2a2b26981a5a165feae2e28bb.bundle,穩哥說期限已到,Say,タイミン･ソウ,10,可能性はゼロに近いと思いますよ。,가능성은 거의 없다고 생각해요.
16cb18d2a2b26981a5a165feae2e28bb.bundle,穩哥說期限已到,Branch,#Simple,2,……,……
16cb18d2a2b26981a5a165feae2e28bb.bundle,穩哥說期限已到,Say,タイミン･ソウ,11,……,……
16cb18d2a2b26981a5a165feae2e28bb.bundle,穩哥說期限已到,Say,タイミン･ソウ,12,普通なら、僕はマネージャーにこの結果を伝えて終わりなのですが…,"보통이라면, 저는 매니저한테 이 결과를 전하고 끝이지만……"
16cb18d2a2b26981a5a165feae2e28bb.bundle,穩哥說期限已到,Say,タイミン･ソウ,13,彼女はもういません。,그녀는 이제 없어요.
16cb18d2a2b26981a5a165feae2e28bb.bundle,穩哥說期限已到,Branch,#Simple,3,つまり、この調査は中止ってことですか？,"즉, 이 조사는 중지된다는 건가요?"
16cb18d2a2b26981a5a165feae2e28bb.bundle,穩哥說期限已到,Say,タイミン･ソウ,14,……,……
16cb18d2a2b26981a5a165feae2e28bb.bundle,穩哥說期限已到,Say,タイミン･ソウ,15,そうするしかないと思っていました。,그럴 수밖에 없다고 생각하고 있었어요.
16cb18d2a2b26981a5a165feae2e28bb.bundle,穩哥說期限已到,Branch,#Simple,4,この件をなかったことにするつもりですか？,이 건을 없었던 일로 할 생각이에요?
16cb18d2a2b26981a5a165feae2e28bb.bundle,穩哥說期限已到,Say,タイミン･ソウ,16,……,……
16cb18d2a2b26981a5a165feae2e28bb.bundle,穩哥說期限已到,Say,タイミン･ソウ,17,そのつもりでした。,그럴 생각이었어요.
16cb18d2a2b26981a5a165feae2e28bb.bundle,穩哥說期限已到,Say,心の声,3,そのつもり？,그럴 생각?
16cb18d2a2b26981a5a165feae2e28bb.bundle,穩哥說期限已到,Branch,#Simple,5,……,……
16cb18d2a2b26981a5a165feae2e28bb.bundle,穩哥說期限已到,Say,タイミン･ソウ,18,さっき、本社からの通達が来ました。,"방금, 본사에서 통지가 왔어요."
16cb18d2a2b26981a5a165feae2e28bb.bundle,穩哥說期限已到,Say,タイミン･ソウ,19,マネージャーを調べる仮定で、どうやら僕の調査に気づいたようで……,"매니저를 조사하는 과정에서, 아무래도 제 조사를 알아챈 것 같아서……"
16cb18d2a2b26981a5a165feae2e28bb.bundle,穩哥說期限已到,Say,タイミン･ソウ,20,今日中に調査結果を出さなければ、本社から調査員を派遣するそうです。,"오늘 중으로 조사 결과를 내지 않으면, 본사에서 조사원을 파견한다고 해요."
16cb18d2a2b26981a5a165feae2e28bb.bundle,穩哥說期限已到,Say,タイミン･ソウ,21,……,……
16cb18d2a2b26981a5a165feae2e28bb.bundle,穩哥說期限已到,Say,タイミン･ソウ,22,ジェイ、シンホンの件はこちらで告発するしかありません。,"제이, 신홍 건은 저희 쪽에서 고발할 수밖에 없어요."
16cb18d2a2b26981a5a165feae2e28bb.bundle,穩哥說期限已到,Say,タイミン･ソウ,23,本社の人に知られれば、シンホンは厳しい罰を科せられます。,"본사 사람한테 알려지면, 신홍은 엄한 벌을 받게 돼요."
16cb18d2a2b26981a5a165feae2e28bb.bundle,穩哥說期限已到,Say,タイミン･ソウ,24,ですが僕なら、被害をできるだけ小さく報告することができます。,"근데 저라면, 피해를 최대한 작게 보고할 수 있어요."
16cb18d2a2b26981a5a165feae2e28bb.bundle,穩哥說期限已到,Branch,#Simple,6,それが最善だと思います。,그게 최선이라고 생각합니다.
16cb18d2a2b26981a5a165feae2e28bb.bundle,穩哥說期限已到,Say,タイミン･ソウ,25,……はい。,……네.
16cb18d2a2b26981a5a165feae2e28bb.bundle,穩哥說期限已到,Branch,#Simple,7,待ってください。本当にシンホンが犯人なんですか？,잠깐만요. 정말로 신홍이 범인인 거예요?
16cb18d2a2b26981a5a165feae2e28bb.bundle,穩哥說期限已到,Say,タイミン･ソウ,26,……,……
16cb18d2a2b26981a5a165feae2e28bb.bundle,穩哥說期限已到,Say,タイミン･ソウ,27,他の人であってほしいですが、他の人である証拠が見つかりません。,"다른 사람이었으면 좋겠지만, 다른 사람이라는 증거를 못 찾겠어요."
16cb18d2a2b26981a5a165feae2e28bb.bundle,穩哥說期限已到,Branch,#Simple,8,……,……
16cb18d2a2b26981a5a165feae2e28bb.bundle,穩哥說期限已到,Say,タイミン･ソウ,28,僕はシンホンにこの件を伝えに行こうと思います。,저는 신홍한테 이 건을 전하러 가려고 해요.
16cb18d2a2b26981a5a165feae2e28bb.bundle,穩哥說期限已到,Say,タイミン･ソウ,29,彼が罪を認めれば、少しは罰が軽くなるはずです。,"그가 죄를 인정하면, 조금은 벌이 가벼워질 거예요."
16cb18d2a2b26981a5a165feae2e28bb.bundle,穩哥說期限已到,Say,タイミン･ソウ,30,……,……
16cb18d2a2b26981a5a165feae2e28bb.bundle,穩哥說期限已到,Say,タイミン･ソウ,31,ジェイ……,제이……
16cb18d2a2b26981a5a165feae2e28bb.bundle,穩哥說期限已到,Say,タイミン･ソウ,32,これが本当に最善の解決法、ですよね……？,"이게 정말로 최선의 해결법, 맞죠……?"
16cb18d2a2b26981a5a165feae2e28bb.bundle,穩哥說期限已到,Say,タイミン･ソウ,33,僕は……,저는……
16cb18d2a2b26981a5a165feae2e28bb.bundle,穩哥說期限已到,Say,タイミン･ソウ,34,僕は友達を告発したくはありません……,저는 친구를 고발하고 싶지 않아요……
16cb18d2a2b26981a5a165feae2e28bb.bundle,穩哥說期限已到,Say,タイミン･ソウ,35,マネージャーに調査を頼まれた時に、その可能性をもう少し考えるべきでした……,"매니저한테 조사를 부탁받았을 때, 그 가능성을 좀 더 생각했어야 했어요……"
16cb18d2a2b26981a5a165feae2e28bb.bundle,穩哥說期限已到,Say,タイミン･ソウ,36,それとも、やはり本社に任せた方が……,"아니면, 역시 본사에 맡기는 게……"
16cb18d2a2b26981a5a165feae2e28bb.bundle,穩哥說期限已到,Say,タイミン･ソウ,37,彼らが無能で、何も見つけられない可能性もあるかもしれません。,"그들이 무능해서, 아무것도 못 찾아낼 가능성도 있을지 몰라요."
16cb18d2a2b26981a5a165feae2e28bb.bundle,穩哥說期限已到,Say,タイミン･ソウ,38,そうなったらシンホンを、僕は友達を裏切らずに済む……,"그렇게 되면 신홍을, 저는 친구를 배신하지 않아도 돼요……"
16cb18d2a2b26981a5a165feae2e28bb.bundle,穩哥說期限已到,Branch,#Simple,9,それはあまり良い考えには思えないですね。,그건 별로 좋은 생각은 아닌 것 같네요.
16cb18d2a2b26981a5a165feae2e28bb.bundle,穩哥說期限已到,Say,タイミン･ソウ,39,……,……
16cb18d2a2b26981a5a165feae2e28bb.bundle,穩哥說期限已到,Say,タイミン･ソウ,40,そうですか。,그런가요.
16cb18d2a2b26981a5a165feae2e28bb.bundle,穩哥說期限已到,Branch,#Simple,10,本社が見つけられない可能性なんてありますか？,본사가 못 찾아낼 가능성 같은 게 있어요?
16cb18d2a2b26981a5a165feae2e28bb.bundle,穩哥說期限已到,Say,タイミン･ソウ,41,……,……
16cb18d2a2b26981a5a165feae2e28bb.bundle,穩哥說期限已到,Say,タイミン･ソウ,42,ないでしょうね。僕が突き止められたくらいですから……,없겠죠. 제가 알아낼 정도니까요……
16cb18d2a2b26981a5a165feae2e28bb.bundle,穩哥說期限已到,Say,タイミン･ソウ,43,ただの現実逃避でしたね……,그냥 현실 도피였네요……
16cb18d2a2b26981a5a165feae2e28bb.bundle,穩哥說期限已到,Branch,#Simple,11,……,……
16cb18d2a2b26981a5a165feae2e28bb.bundle,穩哥說期限已到,Say,タイミン･ソウ,44,……,……
16cb18d2a2b26981a5a165feae2e28bb.bundle,穩哥說期限已到,Say,タイミン･ソウ,45,ふぅ、行きましょう。,"후, 가죠."
16cb18d2a2b26981a5a165feae2e28bb.bundle,穩哥說期限已到,Say,タイミン･ソウ,46,シンホンに伝えないといけません。,신홍한테 전해야 해요.
16cb18d2a2b26981a5a165feae2e28bb.bundle,穩哥說期限已到,Say,チキョウ･リョウ,0,タイミン。,타이밍.
16cb18d2a2b26981a5a165feae2e28bb.bundle,穩哥說期限已到,Say,タイミン･ソウ,47,リョウさん……？,료 씨……?
16cb18d2a2b26981a5a165feae2e28bb.bundle,穩哥說期限已到,Say,チキョウ･リョウ,1,あんたらの推理は間違っている。,너희 추리는 틀렸어.
16cb18d2a2b26981a5a165feae2e28bb.bundle,穩哥說期限已到,Say,タイミン･ソウ,48,……え？,……어?
16cb18d2a2b26981a5a165feae2e28bb.bundle,穩哥說期限已到,Say,チキョウ･リョウ,2,シンレイ･トンを面談に通したのは、シンホンではなく俺だ。,"신레이 통을 면담에 통과시킨 건, 신홍이 아니라 나다."
16cb18d2a2b26981a5a165feae2e28bb.bundle,穩哥說期限已到,Branch,#Simple,12,私たちがこの件を調査していることに、気づいていたんですか？,"저희가 이 건을 조사하고 있는 걸, 눈치채셨던 거예요?"
16cb18d2a2b26981a5a165feae2e28bb.bundle,穩哥說期限已到,Say,チキョウ･リョウ,3,タイミンが調べていることはわかってたが、まさかあんたまで関わっているとはな。,"타이밍이 조사하고 있는 건 알고 있었는데, 설마 너까지 관여하고 있을 줄이야."
16cb18d2a2b26981a5a165feae2e28bb.bundle,穩哥說期限已到,Branch,#Simple,13,シンホンの罪を被るつもりですか？,신홍의 죄를 뒤집어쓸 생각이세요?
16cb18d2a2b26981a5a165feae2e28bb.bundle,穩哥說期限已到,Say,チキョウ･リョウ,4,そうじゃない。,그게 아니야.
16cb18d2a2b26981a5a165feae2e28bb.bundle,穩哥說期限已到,Branch,#Simple,14,……,……
16cb18d2a2b26981a5a165feae2e28bb.bundle,穩哥說期限已到,Say,チキョウ･リョウ,5,調べればわかる。トンさんが面談を受けていた時に、俺もその場にいた。,"조사해보면 알 거다. 통 씨가 면담받고 있을 때, 나도 그 자리에 있었어."
16cb18d2a2b26981a5a165feae2e28bb.bundle,穩哥說期限已到,Say,チキョウ･リョウ,6,俺は自ら彼女を面談し、採用するつもりだったんだ……,"나는 직접 그녀를 면담해서, 채용할 생각이었어……"
16cb18d2a2b26981a5a165feae2e28bb.bundle,穩哥說期限已到,Say,タイミン･ソウ,49,ですが急にジェイの研修が入ったから、計画を中止することもできなかった……,"근데 갑자기 제이 연수가 잡히는 바람에, 계획을 중지할 수도 없었어요……"
16cb18d2a2b26981a5a165feae2e28bb.bundle,穩哥說期限已到,Say,チキョウ･リョウ,7,ああ。,그래.
16cb18d2a2b26981a5a165feae2e28bb.bundle,穩哥說期限已到,Say,チキョウ･リョウ,8,本来俺は、シンホンに面談を代わってもらい、彼女を面談するつもりだった。,"원래 나는, 신홍한테 면담을 대신 맡기고, 내가 그녀를 면담할 생각이었어."
16cb18d2a2b26981a5a165feae2e28bb.bundle,穩哥說期限已到,Say,チキョウ･リョウ,9,だが、こいつに面談を代わってもらうわけにもいかなかった。,"근데, 이 녀석한테 면담을 대신 맡길 수도 없었지."
16cb18d2a2b26981a5a165feae2e28bb.bundle,穩哥說期限已到,Say,チキョウ･リョウ,10,俺が本当にその場にいたかは、こいつに確認すればいい。,"내가 정말로 그 자리에 있었는지는, 이 녀석한테 확인하면 돼."
16cb18d2a2b26981a5a165feae2e28bb.bundle,穩哥說期限已到,Say,心の声,4,タイミンがこちらを見ている……,타이밍이 이쪽을 보고 있다……
16cb18d2a2b26981a5a165feae2e28bb.bundle,穩哥說期限已到,Branch,#Simple,15,確かにいました。,확실히 있었습니다.
16cb18d2a2b26981a5a165feae2e28bb.bundle,穩哥說期限已到,Say,タイミン･ソウ,50,そんな……,그런……
16cb18d2a2b26981a5a165feae2e28bb.bundle,穩哥說期限已到,Branch,#Simple,16,覚えていません。,기억나지 않습니다.
16cb18d2a2b26981a5a165feae2e28bb.bundle,穩哥說期限已到,Say,チキョウ･リョウ,11,覚えてなくても構わない。,기억 안 나도 상관없어.
16cb18d2a2b26981a5a165feae2e28bb.bundle,穩哥說期限已到,Say,チキョウ･リョウ,12,監視カメラの映像を見れば一目瞭然だ。,감시카메라 영상을 보면 한눈에 알 수 있어.
16cb18d2a2b26981a5a165feae2e28bb.bundle,穩哥說期限已到,Say,タイミン･ソウ,51,……,……
16cb18d2a2b26981a5a165feae2e28bb.bundle,穩哥說期限已到,Say,タイミン･ソウ,52,どうしてこんなことを……？,왜 이런 짓을……?
16cb18d2a2b26981a5a165feae2e28bb.bundle,穩哥說期限已到,Say,タイミン･ソウ,53,お金のためですか？,돈 때문인가요?
16cb18d2a2b26981a5a165feae2e28bb.bundle,穩哥說期限已到,Say,チキョウ･リョウ,13,……,……
16cb18d2a2b26981a5a165feae2e28bb.bundle,穩哥說期限已到,Say,チキョウ･リョウ,14,トンさんは俺の元同僚だ。,통 씨는 내 옛 동료다.
16cb18d2a2b26981a5a165feae2e28bb.bundle,穩哥說期限已到,Say,チキョウ･リョウ,15,昔、世話になってたから、彼女に恩返しがしたかった。,"예전에, 신세 진 적이 있어서, 그녀한테 은혜를 갚고 싶었어."
16cb18d2a2b26981a5a165feae2e28bb.bundle,穩哥說期限已到,Say,タイミン･ソウ,54,……,……
16cb18d2a2b26981a5a165feae2e28bb.bundle,穩哥說期限已到,Say,タイミン･ソウ,55,なら、どうしてこのタイミングで自白を？,"그럼, 왜 이 타이밍에 자백을?"
16cb18d2a2b26981a5a165feae2e28bb.bundle,穩哥說期限已到,Say,チキョウ･リョウ,16,本社からの通達が俺にも届いたからな。,본사에서 온 통지가 나한테도 왔으니까.
16cb18d2a2b26981a5a165feae2e28bb.bundle,穩哥說期限已到,Say,チキョウ･リョウ,17,今日、調査結果を上げなければいけないことを知った。,"오늘, 조사 결과를 올려야 한다는 걸 알았어."
16cb18d2a2b26981a5a165feae2e28bb.bundle,穩哥說期限已到,Say,チキョウ･リョウ,18,間違った人を報告されるより、俺が自首すべきだと思ったんだ。,"잘못된 사람이 보고되는 것보다, 내가 자수해야 한다고 생각했다."
16cb18d2a2b26981a5a165feae2e28bb.bundle,穩哥說期限已到,Say,チキョウ･リョウ,19,それにあんたたちはシンホンを疑っていたしな。,게다가 너희는 신홍을 의심하고 있었고.
16cb18d2a2b26981a5a165feae2e28bb.bundle,穩哥說期限已到,Say,タイミン･ソウ,56,……,……
16cb18d2a2b26981a5a165feae2e28bb.bundle,穩哥說期限已到,Say,タイミン･ソウ,57,これからどうするつもりですか？,앞으로 어떻게 하실 생각이에요?
16cb18d2a2b26981a5a165feae2e28bb.bundle,穩哥說期限已到,Say,チキョウ･リョウ,20,どうするもなにも、俺のやったことを上に報告するだけだ。,"어떻게고 뭐고, 내가 한 짓을 위에 보고할 뿐이다."
16cb18d2a2b26981a5a165feae2e28bb.bundle,穩哥說期限已到,Say,タイミン･ソウ,58,シンホンには……,신홍한테는……
16cb18d2a2b26981a5a165feae2e28bb.bundle,穩哥說期限已到,Say,チキョウ･リョウ,21,何も言わないでくれ。,아무 말도 하지 마.
16cb18d2a2b26981a5a165feae2e28bb.bundle,穩哥說期限已到,Say,チキョウ･リョウ,22,心配をかけたくない。,걱정 끼치고 싶지 않아.
16cb18d2a2b26981a5a165feae2e28bb.bundle,穩哥說期限已到,Say,タイミン･ソウ,59,ですが、いずれ会社全体に知れ渡ることですよ……,"근데, 언젠가 회사 전체에 알려질 일이에요……"
16cb18d2a2b26981a5a165feae2e28bb.bundle,穩哥說期限已到,Say,チキョウ･リョウ,23,そのなった時にまた考える。とにかく、今は彼に言うな。,"그렇게 됐을 때 다시 생각하지. 아무튼, 지금은 걔한테 말하지 마."
16cb18d2a2b26981a5a165feae2e28bb.bundle,穩哥說期限已到,Say,チキョウ･リョウ,24,じゃ、俺は行く。,"그럼, 나는 간다."
16cb18d2a2b26981a5a165feae2e28bb.bundle,穩哥說期限已到,Say,チキョウ･リョウ,25,報告書ができたら、すぐ上に報告しろ。,"보고서 작성되면, 바로 위에 보고해."
16cb18d2a2b26981a5a165feae2e28bb.bundle,穩哥說期限已到,Say,タイミン･ソウ,60,は、はい。,"네, 네."
16cb18d2a2b26981a5a165feae2e28bb.bundle,穩哥說期限已到,Say,チキョウ･リョウ,26,……よろしい。,……됐어.
16cb18d2a2b26981a5a165feae2e28bb.bundle,穩哥說期限已到,Say,タイミン･ソウ,61,……,……
16cb18d2a2b26981a5a165feae2e28bb.bundle,穩哥說期限已到,Say,タイミン･ソウ,62,どう思いますか？,어떻게 생각하세요?
16cb18d2a2b26981a5a165feae2e28bb.bundle,穩哥說期限已到,Branch,#Simple,17,リョウさんが犯人で間違いないと思います。,료 씨가 범인인 게 틀림없다고 생각합니다.
16cb18d2a2b26981a5a165feae2e28bb.bundle,穩哥說期限已到,Say,タイミン･ソウ,63,……そうでしょうかね。,……그럴까요.
16cb18d2a2b26981a5a165feae2e28bb.bundle,穩哥說期限已到,Branch,#Simple,18,リョウさんは多分シンホンの罪を被ろうとしています。,료 씨는 아마 신홍의 죄를 뒤집어쓰려는 거예요.
16cb18d2a2b26981a5a165feae2e28bb.bundle,穩哥說期限已到,Say,タイミン･ソウ,64,……,……
16cb18d2a2b26981a5a165feae2e28bb.bundle,穩哥說期限已到,Say,タイミン･ソウ,65,……そう考えるのが妥当ですよね。,……그렇게 생각하는 게 타당하겠죠.
16cb18d2a2b26981a5a165feae2e28bb.bundle,穩哥說期限已到,Say,タイミン･ソウ,66,ですが、もう調べようがありません。,"근데, 이제 조사할 방법이 없어요."
16cb18d2a2b26981a5a165feae2e28bb.bundle,穩哥說期限已到,Say,タイミン･ソウ,67,あるいは……,아니면……
16cb18d2a2b26981a5a165feae2e28bb.bundle,穩哥說期限已到,Say,タイミン･ソウ,68,……,……
16cb18d2a2b26981a5a165feae2e28bb.bundle,穩哥說期限已到,Say,タイミン･ソウ,69,この件をシンホンに伝えるべきでしょうか？,이 건을 신홍한테 전해야 할까요?
16cb18d2a2b26981a5a165feae2e28bb.bundle,穩哥說期限已到,Branch,#Simple,19,辞めた方がいいと思います。,그만두는 게 좋을 것 같습니다.
16cb18d2a2b26981a5a165feae2e28bb.bundle,穩哥說期限已到,Say,タイミン･ソウ,70,……,……
16cb18d2a2b26981a5a165feae2e28bb.bundle,穩哥說期限已到,Say,タイミン･ソウ,71,そうですよね。,그렇겠죠.
16cb18d2a2b26981a5a165feae2e28bb.bundle,穩哥說期限已到,Say,タイミン･ソウ,72,報告書をまとめたらすぐ本社に提出します。,보고서 정리되는 대로 바로 본사에 제출할게요.
16cb18d2a2b26981a5a165feae2e28bb.bundle,穩哥說期限已到,Say,タイミン･ソウ,73,おそらく明日にはリョウさんに処分が下されるはずです。,아마 내일이면 료 씨한테 처분이 내려질 거예요.
16cb18d2a2b26981a5a165feae2e28bb.bundle,穩哥說期限已到,Branch,#Simple,20,処分の最悪のパターンは？,처분의 최악의 경우는요?
16cb18d2a2b26981a5a165feae2e28bb.bundle,穩哥說期限已到,Say,タイミン･ソウ,74,退職金もなく、さらには賠償金を求められることでしょうね。,"퇴직금도 없고, 게다가 배상금까지 요구받는 거겠죠."
16cb18d2a2b26981a5a165feae2e28bb.bundle,穩哥說期限已到,Say,タイミン･ソウ,75,リョウさんの残りの人生は最悪そのものでしょう。,료 씨의 남은 인생은 최악 그 자체겠죠.
16cb18d2a2b26981a5a165feae2e28bb.bundle,穩哥說期限已到,Branch,#Simple,21,そんなに早く処分が決まるものですか？,그렇게 빨리 처분이 정해지는 거예요?
16cb18d2a2b26981a5a165feae2e28bb.bundle,穩哥說期限已到,Say,タイミン･ソウ,76,処分が執行されるまでの時間は、多少あると思います。,"처분이 집행될 때까지의 시간은, 조금은 있을 거예요."
16cb18d2a2b26981a5a165feae2e28bb.bundle,穩哥說期限已到,Say,タイミン･ソウ,77,とはいえ、処分の内容にもよりますが。,"그래도, 처분 내용에 따라 다르지만요."
16cb18d2a2b26981a5a165feae2e28bb.bundle,穩哥說期限已到,Branch,#Simple,22,……,……
16cb18d2a2b26981a5a165feae2e28bb.bundle,穩哥說期限已到,Say,タイミン･ソウ,78,とにかく……,아무튼……
16cb18d2a2b26981a5a165feae2e28bb.bundle,穩哥說期限已到,Say,タイミン･ソウ,79,後は僕がやっておきます。,나머지는 제가 해둘게요.
16cb18d2a2b26981a5a165feae2e28bb.bundle,穩哥說期限已到,Say,タイミン･ソウ,80,手伝っていただき、ありがとうございました。,"도와주셔서, 감사했습니다."
16cb18d2a2b26981a5a165feae2e28bb.bundle,穩哥說期限已到,Branch,#Simple,23,はい。,네.
16cb18d2a2b26981a5a165feae2e28bb.bundle,穩哥說期限已到,Branch,#Simple,24,大したことはしていません。,별거 안 했습니다.
16cb18d2a2b26981a5a165feae2e28bb.bundle,穩哥說期限已到,Say,タイミン･ソウ,81,……そんなことありませんよ。,……그렇지 않아요.
16cb18d2a2b26981a5a165feae2e28bb.bundle,穩哥說期限已到,Say,タイミン･ソウ,82,こういう状況では、話を聞いてくれるだけでも有り難いことなのです。,"이런 상황에서는, 얘기 들어주는 것만으로도 고마운 일이에요."
16cb18d2a2b26981a5a165feae2e28bb.bundle,穩哥說期限已到,Say,タイミン･ソウ,83,この件を僕一人で背負うことになっていたらと思うと……,이 건을 저 혼자 짊어지게 됐을 걸 생각하면……
16cb18d2a2b26981a5a165feae2e28bb.bundle,穩哥說期限已到,Say,タイミン･ソウ,84,だから本当に……,그러니까 정말로……
16cb18d2a2b26981a5a165feae2e28bb.bundle,穩哥說期限已到,Say,タイミン･ソウ,85,ありがとうございます。,감사합니다.
16cb18d2a2b26981a5a165feae2e28bb.bundle,穩哥說期限已到,Branch,#Simple,25,……,……
16cb18d2a2b26981a5a165feae2e28bb.bundle,穩哥說期限已到,Say,タイミン･ソウ,86,……,……
16cb18d2a2b26981a5a165feae2e28bb.bundle,穩哥說期限已到,Say,タイミン･ソウ,87,では、また後で。,"그럼, 이따 봬요."
16cb18d2a2b26981a5a165feae2e28bb.bundle,穩哥說期限已到,Branch,#Simple,26,彼に伝えるべきだと思います。,그한테 전해야 한다고 생각합니다.
16cb18d2a2b26981a5a165feae2e28bb.bundle,穩哥說期限已到,Say,タイミン･ソウ,88,どうしてそう思うのですか？,왜 그렇게 생각하시는 거예요?
16cb18d2a2b26981a5a165feae2e28bb.bundle,穩哥說期限已到,Branch,#Simple,27,シンホンには知る権利があると思います。,신홍한테는 알 권리가 있다고 생각합니다.
16cb18d2a2b26981a5a165feae2e28bb.bundle,穩哥說期限已到,Say,タイミン･ソウ,89,明日になれば、知ることになるのに？,"내일 되면, 알게 될 텐데요?"
16cb18d2a2b26981a5a165feae2e28bb.bundle,穩哥說期限已到,Branch,#Simple,28,それだと遅いです。,그럼 늦습니다.
16cb18d2a2b26981a5a165feae2e28bb.bundle,穩哥說期限已到,Say,タイミン･ソウ,90,遅い？,늦어요?
16cb18d2a2b26981a5a165feae2e28bb.bundle,穩哥說期限已到,Say,タイミン･ソウ,91,今知ったところで、彼には何もできません。,"지금 안다고 해서, 그가 할 수 있는 건 없어요."
16cb18d2a2b26981a5a165feae2e28bb.bundle,穩哥說期限已到,Say,タイミン･ソウ,92,……,……
16cb18d2a2b26981a5a165feae2e28bb.bundle,穩哥說期限已到,Say,タイミン･ソウ,93,まさか、リョウさんの罪を被ろうと、彼が名乗り出ると思っているのですか？,"설마, 료 씨의 죄를 대신 뒤집어쓰겠다고, 그가 나설 거라고 생각하는 거예요?"
16cb18d2a2b26981a5a165feae2e28bb.bundle,穩哥說期限已到,Branch,#Simple,29,はい。,네.
16cb18d2a2b26981a5a165feae2e28bb.bundle,穩哥說期限已到,Say,タイミン･ソウ,94,そんなことはさせません。,그런 짓은 시키지 않을 거예요.
16cb18d2a2b26981a5a165feae2e28bb.bundle,穩哥說期限已到,Say,タイミン･ソウ,95,リョウさんはそれを望んでいません。,료 씨는 그걸 바라지 않아요.
16cb18d2a2b26981a5a165feae2e28bb.bundle,穩哥說期限已到,Say,タイミン･ソウ,96,ジェイ、それだけは許可できません。,"제이, 그것만은 허락할 수 없어요."
16cb18d2a2b26981a5a165feae2e28bb.bundle,穩哥說期限已到,Say,心の声,5,有無を言わせない態度だ……,유무를 따질 수 없는 태도다……
16cb18d2a2b26981a5a165feae2e28bb.bundle,穩哥說期限已到,Say,タイミン･ソウ,97,……,……
16cb18d2a2b26981a5a165feae2e28bb.bundle,穩哥說期限已到,Branch,#Simple,30,彼はリョウさんが自分の罪を被ろうとするのを止めると思います。,그는 료 씨가 자기 죄를 대신 뒤집어쓰려는 걸 막을 거라고 생각합니다.
16cb18d2a2b26981a5a165feae2e28bb.bundle,穩哥說期限已到,Say,タイミン･ソウ,98,つまり真犯人はシンホンだと思っているのですね……,즉 진범은 신홍이라고 생각하시는 거네요……
16cb18d2a2b26981a5a165feae2e28bb.bundle,穩哥說期限已到,Say,タイミン･ソウ,99,先程は、リョウさんの話を信じているように見えたのですが。,"아까는, 료 씨 얘기를 믿는 것처럼 보였는데요."
16cb18d2a2b26981a5a165feae2e28bb.bundle,穩哥說期限已到,Branch,#Simple,31,信じたのは一部だけです。,믿은 건 일부뿐입니다.
16cb18d2a2b26981a5a165feae2e28bb.bundle,穩哥說期限已到,Branch,#Simple,32,考えが変わりました。,생각이 바뀌었습니다.
16cb18d2a2b26981a5a165feae2e28bb.bundle,穩哥說期限已到,Branch,#Simple,33,そういえば、そうでしたね。,"그러고 보니, 그랬었죠."
16cb18d2a2b26981a5a165feae2e28bb.bundle,穩哥說期限已到,Say,タイミン･ソウ,100,はい。,네.
16cb18d2a2b26981a5a165feae2e28bb.bundle,穩哥說期限已到,Branch,#Simple,34,私たちは真犯人を突き止める必要があります。,저희는 진범을 밝혀낼 필요가 있습니다.
16cb18d2a2b26981a5a165feae2e28bb.bundle,穩哥說期限已到,Say,タイミン･ソウ,101,シンホンの言い分も聞くべきということですか？,신홍의 입장도 들어봐야 한다는 거예요?
16cb18d2a2b26981a5a165feae2e28bb.bundle,穩哥說期限已到,Say,タイミン･ソウ,102,……,……
16cb18d2a2b26981a5a165feae2e28bb.bundle,穩哥說期限已到,Say,タイミン･ソウ,103,それでも犯人がリョウさんだったら？,그래도 범인이 료 씨였다면요?
16cb18d2a2b26981a5a165feae2e28bb.bundle,穩哥說期限已到,Say,タイミン･ソウ,104,あなたはリョウさんの話を信じていましたよね？,당신은 료 씨 얘기를 믿었었잖아요?
16cb18d2a2b26981a5a165feae2e28bb.bundle,穩哥說期限已到,Branch,#Simple,35,考えが変わったんです。,생각이 바뀐 겁니다.
16cb18d2a2b26981a5a165feae2e28bb.bundle,穩哥說期限已到,Branch,#Simple,36,彼の話をすべて信じていたわけではありません。,그의 얘기를 전부 믿었던 건 아닙니다.
16cb18d2a2b26981a5a165feae2e28bb.bundle,穩哥說期限已到,Branch,#Simple,37,どうであれ、私たちには真実を突き止める責任があります。,"어쨌든, 저희한테는 진실을 밝혀낼 책임이 있습니다."
16cb18d2a2b26981a5a165feae2e28bb.bundle,穩哥說期限已到,Branch,#Simple,38,だからこそ、今それを確かめるべきじゃないですか？,"그러니까 더더욱, 지금 그걸 확인해야 하는 거 아닌가요?"
16cb18d2a2b26981a5a165feae2e28bb.bundle,穩哥說期限已到,Say,タイミン･ソウ,105,……,……
16cb18d2a2b26981a5a165feae2e28bb.bundle,穩哥說期限已到,Say,タイミン･ソウ,106,やめましょう。リョウさんの言う通りにすべきです。,그만합시다. 료 씨 말대로 해야 해요.
16cb18d2a2b26981a5a165feae2e28bb.bundle,穩哥說期限已到,Say,タイミン･ソウ,107,ジェイ、よく考えてください……,"제이, 잘 생각해보세요……"
16cb18d2a2b26981a5a165feae2e28bb.bundle,穩哥說期限已到,Say,タイミン･ソウ,108,リョウさんはすでに自首をしたのです。これ以上、事をややこしくすべきではありません。,"료 씨는 이미 자수했어요. 더 이상, 일을 복잡하게 만들면 안 돼요."
16cb18d2a2b26981a5a165feae2e28bb.bundle,穩哥說期限已到,Branch,#Simple,39,それもそうですね。,그것도 그렇네요.
16cb18d2a2b26981a5a165feae2e28bb.bundle,穩哥說期限已到,Say,タイミン･ソウ,109,はい。,네.
16cb18d2a2b26981a5a165feae2e28bb.bundle,穩哥說期限已到,Branch,#Simple,40,もし、リョウさんが自分の罪を被るのを止めたいと、シンホンが思っていたらどうします？,"만약, 료 씨가 자기 죄를 뒤집어쓰는 걸 막고 싶다고, 신홍이 생각하고 있다면 어떡할 거예요?"
16cb18d2a2b26981a5a165feae2e28bb.bundle,穩哥說期限已到,Say,タイミン･ソウ,110,……,……
16cb18d2a2b26981a5a165feae2e28bb.bundle,穩哥說期限已到,Say,タイミン･ソウ,111,その提案には多くの前提が必要ですね。,그 제안에는 많은 전제가 필요하네요.
16cb18d2a2b26981a5a165feae2e28bb.bundle,穩哥說期限已到,Say,タイミン･ソウ,112,まずこの一連の真犯人がシンホンであり……,우선 이 일련의 진범이 신홍이고……
16cb18d2a2b26981a5a165feae2e28bb.bundle,穩哥說期限已到,Say,タイミン･ソウ,113,そしてリョウさんがシンホンの計画に気づき、シンホンの罪を被ろうとしている。,"그리고 료 씨가 신홍의 계획을 눈치채고, 신홍의 죄를 대신 뒤집어쓰려 하고 있고요."
16cb18d2a2b26981a5a165feae2e28bb.bundle,穩哥說期限已到,Say,タイミン･ソウ,114,最後に、リョウさんがこの件に気づいてることをシンホンは知らなかった、という前提が必要です。,"마지막으로, 료 씨가 이 건을 눈치챘다는 걸 신홍은 몰랐다는, 전제가 필요합니다."
16cb18d2a2b26981a5a165feae2e28bb.bundle,穩哥說期限已到,Branch,#Simple,41,そうですね。,그렇네요.
16cb18d2a2b26981a5a165feae2e28bb.bundle,穩哥說期限已到,Branch,#Simple,42,可能性はゼロではないはずです。,가능성은 없지 않을 거예요.
16cb18d2a2b26981a5a165feae2e28bb.bundle,穩哥說期限已到,Branch,#Simple,43,……,……
16cb18d2a2b26981a5a165feae2e28bb.bundle,穩哥說期限已到,Say,タイミン･ソウ,115,……,……
16cb18d2a2b26981a5a165feae2e28bb.bundle,穩哥說期限已到,Branch,#Simple,44,ただシンホンから話を聞くだけです。,그냥 신홍한테서 얘기만 듣는 거예요.
16cb18d2a2b26981a5a165feae2e28bb.bundle,穩哥說期限已到,Branch,#Simple,45,なぜそこまで嫌がるのですか？,왜 그렇게까지 싫어하는 거예요?
16cb18d2a2b26981a5a165feae2e28bb.bundle,穩哥說期限已到,Branch,#Simple,46,……,……
16cb18d2a2b26981a5a165feae2e28bb.bundle,穩哥說期限已到,Say,タイミン･ソウ,116,……,……
16cb18d2a2b26981a5a165feae2e28bb.bundle,穩哥說期限已到,Say,タイミン･ソウ,117,それは……,그건……
16cb18d2a2b26981a5a165feae2e28bb.bundle,穩哥說期限已到,Say,タイミン･ソウ,118,真犯人が誰であろうと、リョウさんが処分を受けるのが一番被害が少ないからです。,"진범이 누구든, 료 씨가 처분받는 게 제일 피해가 적으니까요."
16cb18d2a2b26981a5a165feae2e28bb.bundle,穩哥說期限已到,Say,タイミン･ソウ,119,このままリョウさんが犯人にすれば、僕は友達を傷つけずに済みます。,"이대로 료 씨가 범인이 되면, 저는 친구를 상처 입히지 않아도 돼요."
16cb18d2a2b26981a5a165feae2e28bb.bundle,穩哥說期限已到,Branch,#Simple,47,タイミン、あなたが友達を傷つけることはありません。,"타이밍, 당신이 친구를 상처 입히는 게 아니에요."
16cb18d2a2b26981a5a165feae2e28bb.bundle,穩哥說期限已到,Branch,#Simple,48,つまり、あなたもシンホンが犯人だと思っているんですね。,"즉, 당신도 신홍이 범인이라고 생각하고 있는 거네요."
16cb18d2a2b26981a5a165feae2e28bb.bundle,穩哥說期限已到,Say,心の声,6,目を逸らした……,시선을 피했다……
16cb18d2a2b26981a5a165feae2e28bb.bundle,穩哥說期限已到,Branch,#Simple,49,……,……
16cb18d2a2b26981a5a165feae2e28bb.bundle,穩哥說期限已到,Say,タイミン･ソウ,120,……,……
16cb18d2a2b26981a5a165feae2e28bb.bundle,穩哥說期限已到,Say,タイミン･ソウ,121,はぁ……,하아……
16cb18d2a2b26981a5a165feae2e28bb.bundle,穩哥說期限已到,Say,タイミン･ソウ,122,あなたの言う通りです。,당신 말이 맞아요.
16cb18d2a2b26981a5a165feae2e28bb.bundle,穩哥說期限已到,Say,タイミン･ソウ,123,己の責任から目を逸らすべきではありませんでした。,제 책임에서 눈을 돌리면 안 됐어요.
16cb18d2a2b26981a5a165feae2e28bb.bundle,穩哥說期限已到,Say,タイミン･ソウ,124,僕自身で真犯人を突き止めないといけない……,저 스스로 진범을 밝혀내야 해요……
16cb18d2a2b26981a5a165feae2e28bb.bundle,穩哥說期限已到,Say,タイミン･ソウ,125,これこそが正しい選択でした。,이게 바로 옳은 선택이었어요.
16cb18d2a2b26981a5a165feae2e28bb.bundle,穩哥說期限已到,Say,タイミン･ソウ,126,シンホンから話を聞きましょう。,신홍한테서 얘기를 들어보죠.
16cb18d2a2b26981a5a165feae2e28bb.bundle,穩哥說期限已到,Say,タイミン･ソウ,127,あっ……,아……
16cb18d2a2b26981a5a165feae2e28bb.bundle,穩哥說期限已到,Say,タイミン･ソウ,128,ちょうど彼が帰ってきたみたいですね。,마침 그가 돌아온 것 같네요.
16cb18d2a2b26981a5a165feae2e28bb.bundle,穩哥說期限已到,Say,タイミン･ソウ,129,行きましょう。,가요.
16cb18d2a2b26981a5a165feae2e28bb.bundle,跟小峰對質,Say,シンホン･ゴ,0,ん？,응?
16cb18d2a2b26981a5a165feae2e28bb.bundle,跟小峰對質,Say,シンホン･ゴ,1,タイミンとジェイ、何か用か？,"타이밍이랑 제이, 무슨 볼일이야?"
16cb18d2a2b26981a5a165feae2e28bb.bundle,跟小峰對質,Say,タイミン･ソウ,0,シンホン……,신홍……
16cb18d2a2b26981a5a165feae2e28bb.bundle,跟小峰對質,Say,シンホン･ゴ,2,ど、どうしたんだ？,"무, 무슨 일이야?"
16cb18d2a2b26981a5a165feae2e28bb.bundle,跟小峰對質,Say,シンホン･ゴ,3,なんだか、ただならぬ空気だな、ハハ……,"왠지, 심상치 않은 분위기인데, 하하……"
16cb18d2a2b26981a5a165feae2e28bb.bundle,跟小峰對質,Say,タイミン･ソウ,1,シンレイ･トンを面談に通したのはあなたですか？,신레이 통을 면담에 통과시킨 건 당신인가요?
16cb18d2a2b26981a5a165feae2e28bb.bundle,跟小峰對質,Say,シンホン･ゴ,4,……,……
16cb18d2a2b26981a5a165feae2e28bb.bundle,跟小峰對質,Say,タイミン･ソウ,2,あなたはシンレイ･トンの面談を担当して、採用するつもりでしたか？,"당신이 신레이 통의 면담을 담당해서, 채용할 생각이었나요?"
16cb18d2a2b26981a5a165feae2e28bb.bundle,跟小峰對質,Say,シンホン･ゴ,5,何の話だ……,무슨 얘기야……
16cb18d2a2b26981a5a165feae2e28bb.bundle,跟小峰對質,Say,心の声,0,動揺している……,동요하고 있다……
16cb18d2a2b26981a5a165feae2e28bb.bundle,跟小峰對質,Say,シンホン･ゴ,6,ま、待ってくれ……,"자, 잠깐만……"
16cb18d2a2b26981a5a165feae2e28bb.bundle,跟小峰對質,Say,シンホン･ゴ,7,何でタイミンがそんなことを？,왜 타이밍이 그런 걸 물어보는 거야?
16cb18d2a2b26981a5a165feae2e28bb.bundle,跟小峰對質,Say,タイミン･ソウ,3,ばあさんに調べるよう頼まれました。,할머니한테서 조사해달라는 부탁을 받았어요.
16cb18d2a2b26981a5a165feae2e28bb.bundle,跟小峰對質,Say,シンホン･ゴ,8,だけど、ばあさんは……,"근데, 할머니는……"
16cb18d2a2b26981a5a165feae2e28bb.bundle,跟小峰對質,Say,タイミン･ソウ,4,そうです。しかし、本社はこの件を引き継いで調査するつもりです。,"맞아요. 근데, 본사가 이 건을 이어받아서 조사할 예정이에요."
16cb18d2a2b26981a5a165feae2e28bb.bundle,跟小峰對質,Say,シンホン･ゴ,9,本社が……！？,본사가……!?
16cb18d2a2b26981a5a165feae2e28bb.bundle,跟小峰對質,Say,シンホン･ゴ,10,……,……
16cb18d2a2b26981a5a165feae2e28bb.bundle,跟小峰對質,Say,シンホン･ゴ,11,それはお前の推測だろう？それとも証拠でもあるのか？,그거 네 추측이지? 아니면 증거라도 있는 거야?
16cb18d2a2b26981a5a165feae2e28bb.bundle,跟小峰對質,Say,タイミン･ソウ,5,シンホン……,신홍……
16cb18d2a2b26981a5a165feae2e28bb.bundle,跟小峰對質,Say,シンホン･ゴ,12,お。俺が疑わしいのはわかるさ！,오. 내가 의심스러운 건 알아!
16cb18d2a2b26981a5a165feae2e28bb.bundle,跟小峰對質,Say,シンホン･ゴ,13,あの時、ジェイ以外にシンレイさんと面談できたのは、俺しかいないからな。,"그때, 제이 말고 신레이 씨랑 면담할 수 있었던 건, 나뿐이니까."
16cb18d2a2b26981a5a165feae2e28bb.bundle,跟小峰對質,Say,シンホン･ゴ,14,だが……,근데……
16cb18d2a2b26981a5a165feae2e28bb.bundle,跟小峰對質,Say,タイミン･ソウ,6,シンホン。実は先程、リョウさんが自分がやったと自白をしました。,"신홍. 실은 방금, 료 씨가 자기가 했다고 자백했어요."
16cb18d2a2b26981a5a165feae2e28bb.bundle,跟小峰對質,Say,シンホン･ゴ,15,リョウさんが……！？,료 씨가……!?
16cb18d2a2b26981a5a165feae2e28bb.bundle,跟小峰對質,Say,タイミン･ソウ,7,ですが真犯人は、あなたですよね。,"근데 진범은, 당신이잖아요."
16cb18d2a2b26981a5a165feae2e28bb.bundle,跟小峰對質,Say,シンホン･ゴ,16,……,……
16cb18d2a2b26981a5a165feae2e28bb.bundle,跟小峰對質,Say,シンホン･ゴ,17,ああ、俺だよ。,"그래, 나야."
16cb18d2a2b26981a5a165feae2e28bb.bundle,跟小峰對質,Say,タイミン･ソウ,8,……,……
16cb18d2a2b26981a5a165feae2e28bb.bundle,跟小峰對質,Say,タイミン･ソウ,9,はぁ……,하아……
16cb18d2a2b26981a5a165feae2e28bb.bundle,跟小峰對質,Say,シンホン･ゴ,18,タイミン、俺はどうすればいい？,"타이밍, 나는 어떻게 하면 돼?"
16cb18d2a2b26981a5a165feae2e28bb.bundle,跟小峰對質,Say,シンホン･ゴ,19,絶対にリョウさんに罪を着せるわけにはいかない！,절대로 료 씨한테 죄를 뒤집어씌울 수는 없어!
16cb18d2a2b26981a5a165feae2e28bb.bundle,跟小峰對質,Say,タイミン･ソウ,10,落ち着いて、シンホン。,"진정해, 신홍."
16cb18d2a2b26981a5a165feae2e28bb.bundle,跟小峰對質,Say,タイミン･ソウ,11,あなたが自首すれば、リョウさんの無実を証明できるはずです。,"당신이 자수하면, 료 씨의 무죄를 증명할 수 있을 거예요."
16cb18d2a2b26981a5a165feae2e28bb.bundle,跟小峰對質,Say,シンホン･ゴ,20,よかった……,다행이다……
16cb18d2a2b26981a5a165feae2e28bb.bundle,跟小峰對質,Say,タイミン･ソウ,12,その前に、この件の経緯を教えてください。,"그전에, 이 건의 경위를 알려주세요."
16cb18d2a2b26981a5a165feae2e28bb.bundle,跟小峰對質,Say,シンホン･ゴ,21,……,……
16cb18d2a2b26981a5a165feae2e28bb.bundle,跟小峰對質,Say,シンホン･ゴ,22,シンレイさんは昔、俺とリョウさんにとても良くしてくれた人だ。,"신레이 씨는 예전에, 나랑 료 씨한테 정말 잘해줬던 사람이야."
16cb18d2a2b26981a5a165feae2e28bb.bundle,跟小峰對質,Say,シンホン･ゴ,23,少し前に、彼女がリョウさんを訪ねて来た。話を聞くと、孫に会うのにかなりの大金が必要らしく……,"얼마 전에, 그녀가 료 씨를 찾아왔어. 얘기를 들어보니, 손주를 만나려면 상당한 큰돈이 필요하다고 해서……"
16cb18d2a2b26981a5a165feae2e28bb.bundle,跟小峰對質,Say,シンホン･ゴ,24,だから自分をサイレントの供給者として、採用してほしいとリョウさんに頼んできたんだ……,"그래서 자기를 사일런트 공급자로, 채용해달라고 료 씨한테 부탁해왔어……"
16cb18d2a2b26981a5a165feae2e28bb.bundle,跟小峰對質,Say,シンホン･ゴ,25,もちろんリョウさんは断ったよ。,물론 료 씨는 거절했지.
16cb18d2a2b26981a5a165feae2e28bb.bundle,跟小峰對質,Say,シンホン･ゴ,26,だけど悲しでいる彼女を見た俺は……,근데 슬퍼하는 그녀를 본 나는……
16cb18d2a2b26981a5a165feae2e28bb.bundle,跟小峰對質,Say,シンホン･ゴ,27,……,……
16cb18d2a2b26981a5a165feae2e28bb.bundle,跟小峰對質,Say,タイミン･ソウ,13,ならトンさんとジェイの面談に、リョウさんが現れたのはなぜですか？,"그럼 통 씨랑 제이의 면담에, 료 씨가 나타난 건 왜죠?"
16cb18d2a2b26981a5a165feae2e28bb.bundle,跟小峰對質,Say,シンホン･ゴ,28,……彼は、俺を止めようとしてたんだ。,"……그 사람은, 나를 막으려고 했던 거야."
16cb18d2a2b26981a5a165feae2e28bb.bundle,跟小峰對質,Say,シンホン･ゴ,29,そもそも、シンレイさんの面談相手をジェイに変えたのも、リョウさんだ。,"애초에, 신레이 씨 면담 상대를 제이로 바꾼 것도, 료 씨야."
16cb18d2a2b26981a5a165feae2e28bb.bundle,跟小峰對質,Say,シンホン･ゴ,30,彼は、ジェイがシンレイさんを落とせば、すべて丸く収まると思ったんだろう。,"그 사람은, 제이가 신레이 씨를 떨어뜨리면, 다 잘 마무리될 거라고 생각했겠지."
16cb18d2a2b26981a5a165feae2e28bb.bundle,跟小峰對質,Say,シンホン･ゴ,31,だがそう簡単には、いかなかったってことだ……,"근데 그렇게 쉽게는, 안 됐다는 거지……"
16cb18d2a2b26981a5a165feae2e28bb.bundle,跟小峰對質,Say,タイミン･ソウ,14,……,……
16cb18d2a2b26981a5a165feae2e28bb.bundle,跟小峰對質,Say,シンホン･ゴ,32,どんな処分が下る？,어떤 처분이 내려져?
16cb18d2a2b26981a5a165feae2e28bb.bundle,跟小峰對質,Say,タイミン･ソウ,15,……詳しくはわかりません。,……자세히는 모릅니다.
16cb18d2a2b26981a5a165feae2e28bb.bundle,跟小峰對質,Say,タイミン･ソウ,16,ですが、おそらくクビになると思います。,"근데, 아마 해고될 거라고 생각해요."
16cb18d2a2b26981a5a165feae2e28bb.bundle,跟小峰對質,Say,シンホン･ゴ,33,そうか……,그런가……
16cb18d2a2b26981a5a165feae2e28bb.bundle,跟小峰對質,Say,シンホン･ゴ,34,リョウさんには影響ないよな？,료 씨한테는 영향 없는 거지?
16cb18d2a2b26981a5a165feae2e28bb.bundle,跟小峰對質,Say,タイミン･ソウ,17,はい。,네.
16cb18d2a2b26981a5a165feae2e28bb.bundle,跟小峰對質,Say,シンホン･ゴ,35,ならよかった。,그럼 다행이다.
16cb18d2a2b26981a5a165feae2e28bb.bundle,跟小峰對質,Say,シンホン･ゴ,36,この件は、俺からリョウさんに話す。,"이 건은, 내가 료 씨한테 얘기할게."
16cb18d2a2b26981a5a165feae2e28bb.bundle,跟小峰對質,Say,シンホン･ゴ,37,俺の罪を彼に被らせるわけにはいかない。,내 죄를 그 사람한테 뒤집어씌울 수는 없지.
16cb18d2a2b26981a5a165feae2e28bb.bundle,跟小峰對質,Say,シンホン･ゴ,38,タイミンは、真実を報告してくれ。,"타이밍은, 진실을 보고해줘."
16cb18d2a2b26981a5a165feae2e28bb.bundle,跟小峰對質,Say,タイミン･ソウ,18,……はい。,……네.
16cb18d2a2b26981a5a165feae2e28bb.bundle,跟小峰對質,Say,シンホン･ゴ,39,……,……
16cb18d2a2b26981a5a165feae2e28bb.bundle,跟小峰對質,Say,シンホン･ゴ,40,今のリョウさんは冷たく見えるだろうが……,지금 료 씨는 차갑게 보이겠지만……
16cb18d2a2b26981a5a165feae2e28bb.bundle,跟小峰對質,Say,シンホン･ゴ,41,昔は人助けにとても熱心な人だった。,예전엔 남 돕는 데 정말 열성적인 사람이었어.
16cb18d2a2b26981a5a165feae2e28bb.bundle,跟小峰對質,Say,シンホン･ゴ,42,むしろ、うざがられるくらいだったよ、ハハ……,"오히려, 귀찮게 여겨질 정도였어, 하하……"
16cb18d2a2b26981a5a165feae2e28bb.bundle,跟小峰對質,Say,シンホン･ゴ,43,……,……
16cb18d2a2b26981a5a165feae2e28bb.bundle,跟小峰對質,Say,シンホン･ゴ,44,だけどいつからか、利己的な人間になってしまった。,"근데 언제부턴가, 이기적인 인간이 돼버렸지."
16cb18d2a2b26981a5a165feae2e28bb.bundle,跟小峰對質,Say,タイミン･ソウ,19,シンホン……,신홍……
16cb18d2a2b26981a5a165feae2e28bb.bundle,跟小峰對質,Say,シンホン･ゴ,45,まあ、理由は俺なんだろうな。,"뭐, 이유는 나겠지."
16cb18d2a2b26981a5a165feae2e28bb.bundle,跟小峰對質,Say,タイミン･ソウ,20,……,……
16cb18d2a2b26981a5a165feae2e28bb.bundle,跟小峰對質,Say,シンホン･ゴ,46,俺の母親が死んでからは、何よりも俺が最優先になっちまった。,"내 어머니가 죽고 나서는, 뭐보다도 내가 최우선이 돼버렸어."
16cb18d2a2b26981a5a165feae2e28bb.bundle,跟小峰對質,Say,シンホン･ゴ,47,本当はシンレイさんが必要な額も、リョウさんは持っているんだ。,"사실 신레이 씨한테 필요한 금액도, 료 씨는 갖고 있어."
16cb18d2a2b26981a5a165feae2e28bb.bundle,跟小峰對質,Say,シンホン･ゴ,48,だけどそれも、俺のために残してたいからって……,"근데 그것도, 나를 위해서 남겨두고 싶다면서……"
16cb18d2a2b26981a5a165feae2e28bb.bundle,跟小峰對質,Say,シンホン･ゴ,49,この件について散々喧嘩したが、彼が俺の話に耳を傾けることはなかった。,"이 건에 대해 실컷 싸웠는데, 그 사람이 내 얘기에 귀 기울인 적은 없었어."
16cb18d2a2b26981a5a165feae2e28bb.bundle,跟小峰對質,Say,シンホン･ゴ,50,この間も大喧嘩して……,요전에도 크게 싸워서……
16cb18d2a2b26981a5a165feae2e28bb.bundle,跟小峰對質,Say,シンホン･ゴ,51,恥ずかしいことに、ジェイに見られたけどな……,"부끄럽게도, 제이한테 들켰지만……"
16cb18d2a2b26981a5a165feae2e28bb.bundle,跟小峰對質,Say,シンホン･ゴ,52,だけどその時の喧嘩で、俺の思いは伝えられた気がするんだ。,"근데 그때 싸움으로, 내 마음이 전해진 것 같아."
16cb18d2a2b26981a5a165feae2e28bb.bundle,跟小峰對質,Say,シンホン･ゴ,53,リョウさんの考えもわかったし、彼も俺を理解しようとしてくれている。,"료 씨 생각도 알게 됐고, 그 사람도 나를 이해하려고 해주고 있어."
16cb18d2a2b26981a5a165feae2e28bb.bundle,跟小峰對質,Say,シンホン･ゴ,54,不正は手段でシンレイさんを採用しようとしたのは俺だ。だからこの責任は俺にある。,부정한 방법으로 신레이 씨를 채용하려고 한 건 나야. 그러니까 이 책임은 나한테 있어.
16cb18d2a2b26981a5a165feae2e28bb.bundle,跟小峰對質,Say,シンホン･ゴ,55,この間も大喧嘩して……,요전에도 크게 싸워서……
16cb18d2a2b26981a5a165feae2e28bb.bundle,跟小峰對質,Say,シンホン･ゴ,56,恥ずかしいことに、ジェイに見られたけどな……,"부끄럽게도, 제이한테 들켰지만……"
16cb18d2a2b26981a5a165feae2e28bb.bundle,跟小峰對質,Say,シンホン･ゴ,57,だけどその時の喧嘩で、俺の思いは伝えられた気がするんだ。,"근데 그때 싸움으로, 내 마음이 전해진 것 같아."
16cb18d2a2b26981a5a165feae2e28bb.bundle,跟小峰對質,Say,シンホン･ゴ,58,この件でもわかったよ。やっぱり俺はリョウさんと距離を取るべきだ。,이번 일로도 알았어. 역시 나는 료 씨랑 거리를 둬야 해.
16cb18d2a2b26981a5a165feae2e28bb.bundle,跟小峰對質,Say,シンホン･ゴ,59,彼はまた俺の気持ちを無視して、勝手に罪を被ろうとした。,"그 사람은 또 내 마음을 무시하고, 멋대로 죄를 뒤집어쓰려고 했어."
16cb18d2a2b26981a5a165feae2e28bb.bundle,跟小峰對質,Say,シンホン･ゴ,60,俺を守りたい気持ちはわかるが、俺はそれを望んではいない……,"나를 지키고 싶은 마음은 알지만, 나는 그걸 바라지 않아……"
16cb18d2a2b26981a5a165feae2e28bb.bundle,跟小峰對質,Say,シンホン･ゴ,61,決めたよ。俺はこれ以上、彼に干渉されたくない。,"정했어. 나는 더 이상, 그 사람한테 간섭받고 싶지 않아."
16cb18d2a2b26981a5a165feae2e28bb.bundle,跟小峰對質,Say,シンホン･ゴ,62,俺には俺の選択があるし、その結果は俺自身で向き合うべきだ。,"나한테는 내 선택이 있고, 그 결과는 나 스스로 마주해야 해."
16cb18d2a2b26981a5a165feae2e28bb.bundle,跟小峰對質,Say,シンホン･ゴ,63,……,……
16cb18d2a2b26981a5a165feae2e28bb.bundle,跟小峰對質,Say,シンホン･ゴ,64,話が逸れたな。,얘기가 딴 데로 샜네.
16cb18d2a2b26981a5a165feae2e28bb.bundle,跟小峰對質,Say,シンホン･ゴ,65,俺が自白したわけだし、この件はこれで終わりだろう？,"내가 자백했으니까, 이 건은 이걸로 끝인 거지?"
16cb18d2a2b26981a5a165feae2e28bb.bundle,跟小峰對質,Say,タイミン･ソウ,21,はい。,네.
16cb18d2a2b26981a5a165feae2e28bb.bundle,跟小峰對質,Say,シンホン･ゴ,66,俺はどんな処分も受け入れる。,나는 어떤 처분도 받아들이겠다.
16cb18d2a2b26981a5a165feae2e28bb.bundle,跟小峰對質,Say,シンホン･ゴ,67,大人しく上からの処分を待つさ。,얌전히 위에서 내리는 처분을 기다릴게.
16cb18d2a2b26981a5a165feae2e28bb.bundle,跟小峰對質,Say,タイミン･ソウ,22,僕は……,저는……
16cb18d2a2b26981a5a165feae2e28bb.bundle,跟小峰對質,Say,シンホン･ゴ,68,タイミン、これはお前のせいではない。,"타이밍, 이건 네 잘못이 아니야."
16cb18d2a2b26981a5a165feae2e28bb.bundle,跟小峰對質,Say,シンホン･ゴ,69,俺の自業自得だ！,내 자업자득이지!
16cb18d2a2b26981a5a165feae2e28bb.bundle,跟小峰對質,Say,タイミン･ソウ,23,……,……
16cb18d2a2b26981a5a165feae2e28bb.bundle,跟小峰對質,Say,シンホン･ゴ,70,ハハ、それでもお前は自分のせいにするんだろうな。,"하하, 그래도 너는 네 탓으로 돌리겠지."
16cb18d2a2b26981a5a165feae2e28bb.bundle,跟小峰對質,Say,シンホン･ゴ,71,さて、もう終わりにしよう。,"자, 이제 끝내자."
16cb18d2a2b26981a5a165feae2e28bb.bundle,跟小峰對質,Say,シンホン･ゴ,72,まだ仕事が残ってるからな。,아직 일이 남아 있으니까.
16cb18d2a2b26981a5a165feae2e28bb.bundle,跟小峰對質,Say,タイミン･ソウ,24,……,……
16cb18d2a2b26981a5a165feae2e28bb.bundle,跟小峰對質,Say,タイミン･ソウ,25,わかりました。,알겠습니다.
16cb18d2a2b26981a5a165feae2e28bb.bundle,跟小峰對質,Say,タイミン･ソウ,26,ありがとう、シンホン。,"고마워, 신홍."
16cb18d2a2b26981a5a165feae2e28bb.bundle,跟小峰對質,Say,タイミン･ソウ,27,……,……
16cb18d2a2b26981a5a165feae2e28bb.bundle,跟小峰對質,Say,タイミン･ソウ,28,ジェイ、シンホンと話すよう説得してくれて、ありがとうございます。,"제이, 신홍한테 얘기하도록 설득해주셔서, 감사합니다."
16cb18d2a2b26981a5a165feae2e28bb.bundle,跟小峰對質,Branch,#Simple,0,急にどうしたんですか？,갑자기 왜 그러세요?
16cb18d2a2b26981a5a165feae2e28bb.bundle,跟小峰對質,Branch,#Simple,1,……,……
16cb18d2a2b26981a5a165feae2e28bb.bundle,跟小峰對質,Say,タイミン･ソウ,29,この件がうやむやにしたら、僕は後々、後悔していたと思います。,"이 건이 흐지부지됐으면, 저는 나중에, 후회했을 거예요."
16cb18d2a2b26981a5a165feae2e28bb.bundle,跟小峰對質,Say,タイミン･ソウ,30,それに、シンホンの最後の言葉……,"게다가, 신홍의 마지막 말……"
16cb18d2a2b26981a5a165feae2e28bb.bundle,跟小峰對質,Say,タイミン･ソウ,31,心がとても楽になりました。,마음이 정말 편해졌어요.
16cb18d2a2b26981a5a165feae2e28bb.bundle,跟小峰對質,Say,タイミン･ソウ,32,……,……
16cb18d2a2b26981a5a165feae2e28bb.bundle,跟小峰對質,Say,タイミン･ソウ,33,これが最善の結果だと思います。,이게 최선의 결과라고 생각해요.
16cb18d2a2b26981a5a165feae2e28bb.bundle,跟小峰對質,Say,タイミン･ソウ,34,ありがとうございます、ジェイ。,"감사합니다, 제이."
16cb18d2a2b26981a5a165feae2e28bb.bundle,跟小峰對質,Say,タイミン･ソウ,35,あなたに借りができましたね。,당신한테 빚을 졌네요.
16cb18d2a2b26981a5a165feae2e28bb.bundle,跟小峰對質,Say,タイミン･ソウ,36,今後、何か力になれることがあれば、声をかけてください。,"앞으로, 뭔가 도움이 될 일이 있으면, 말씀해주세요."
16cb18d2a2b26981a5a165feae2e28bb.bundle,跟小峰對質,Branch,#Simple,2,大したことはしていません。,별거 안 했습니다.
16cb18d2a2b26981a5a165feae2e28bb.bundle,跟小峰對質,Say,タイミン･ソウ,37,あなたがどう思おうとも、借りは借りです。,"당신이 어떻게 생각하든, 빚은 빚이에요."
16cb18d2a2b26981a5a165feae2e28bb.bundle,跟小峰對質,Branch,#Simple,3,今後もよろしくお願いします。,앞으로도 잘 부탁드립니다.
16cb18d2a2b26981a5a165feae2e28bb.bundle,跟小峰對質,Say,タイミン･ソウ,38,はい。,네.
16cb18d2a2b26981a5a165feae2e28bb.bundle,跟小峰對質,Branch,#Simple,4,……,……
16cb18d2a2b26981a5a165feae2e28bb.bundle,跟小峰對質,Say,タイミン･ソウ,39,僕はこれから報告書を書かないといけません。,저는 이제 보고서를 써야 해요.
16cb18d2a2b26981a5a165feae2e28bb.bundle,跟小峰對質,Say,タイミン･ソウ,40,ジェイも仕事に戻ってもらって大丈夫です。,제이도 일하러 돌아가셔도 괜찮아요.
16cb18d2a2b26981a5a165feae2e28bb.bundle,跟小峰對質,Say,タイミン･ソウ,41,それでは、また。,"그럼, 또 봬요."
16cb18d2a2b26981a5a165feae2e28bb.bundle,23評論董欣麗事件,Say,23,0,ドキュメンタリーを見せられた気分……,다큐멘터리 본 기분이네……
16cb18d2a2b26981a5a165feae2e28bb.bundle,23評論董欣麗事件,Say,23,1,というか、うちらよりもずっとスパイっぽいじゃん。,"그보다, 우리보다 훨씬 스파이 같잖아."
16cb18d2a2b26981a5a165feae2e28bb.bundle,23評論董欣麗事件,Branch,#Simple,0,何がだ？,뭐가?
16cb18d2a2b26981a5a165feae2e28bb.bundle,23評論董欣麗事件,Say,23,2,あのタイミンって人と調査してたでしょう？,그 타이밍이란 사람이랑 조사하고 있었지?
16cb18d2a2b26981a5a165feae2e28bb.bundle,23評論董欣麗事件,Branch,#Simple,1,スパイではないだろ。,스파이는 아니잖아.
16cb18d2a2b26981a5a165feae2e28bb.bundle,23評論董欣麗事件,Say,23,3,じゃ、どちらかというと刑事？,"그럼, 굳이 말하면 형사?"
16cb18d2a2b26981a5a165feae2e28bb.bundle,23評論董欣麗事件,Branch,#Simple,2,……,……
16cb18d2a2b26981a5a165feae2e28bb.bundle,23評論董欣麗事件,Say,心の声,0,……,……
16cb18d2a2b26981a5a165feae2e28bb.bundle,23評論董欣麗事件,Say,23,4,さあ、こっちもさっさと仕事を片付けよう。,"자, 우리도 얼른 일이나 끝내자."
16cb18d2a2b26981a5a165feae2e28bb.bundle,與家騏羽嬪義偉聊,Say,カエ･チン,0,こんにちは。,안녕하세요.
16cb18d2a2b26981a5a165feae2e28bb.bundle,與家騏羽嬪義偉聊,Say,カエ･チン,1,新人さん？,신입이야?
16cb18d2a2b26981a5a165feae2e28bb.bundle,與家騏羽嬪義偉聊,Branch,#Simple,0,はい。,네.
16cb18d2a2b26981a5a165feae2e28bb.bundle,與家騏羽嬪義偉聊,Say,カエ･チン,2,ふーん。,흐음.
16cb18d2a2b26981a5a165feae2e28bb.bundle,與家騏羽嬪義偉聊,Branch,#Simple,1,いえ、まだ採用は決まっていません。,"아뇨, 아직 채용은 안 정해졌습니다."
16cb18d2a2b26981a5a165feae2e28bb.bundle,與家騏羽嬪義偉聊,Say,カエ･チン,3,ハハ。,하하.
16cb18d2a2b26981a5a165feae2e28bb.bundle,與家騏羽嬪義偉聊,Say,カエ･チン,4,……,……
16cb18d2a2b26981a5a165feae2e28bb.bundle,與家騏羽嬪義偉聊,Say,心の声,0,……,……
16cb18d2a2b26981a5a165feae2e28bb.bundle,與家騏羽嬪義偉聊,Say,カエ･チン,5,……,……
16cb18d2a2b26981a5a165feae2e28bb.bundle,與家騏羽嬪義偉聊,Say,カエ･チン,6,……なに？,……뭐야?
16cb18d2a2b26981a5a165feae2e28bb.bundle,與家騏羽嬪義偉聊,Say,カエ･チン,7,初対面よね？,우리 초면이지?
16cb18d2a2b26981a5a165feae2e28bb.bundle,與家騏羽嬪義偉聊,Branch,#Simple,2,はい、初対面です。,"네, 초면입니다."
16cb18d2a2b26981a5a165feae2e28bb.bundle,與家騏羽嬪義偉聊,Say,カエ･チン,8,あっそう。,아 그래.
16cb18d2a2b26981a5a165feae2e28bb.bundle,與家騏羽嬪義偉聊,Say,カエ･チン,9,……,……
16cb18d2a2b26981a5a165feae2e28bb.bundle,與家騏羽嬪義偉聊,Say,カエ･チン,10,えっと……,그게……
16cb18d2a2b26981a5a165feae2e28bb.bundle,與家騏羽嬪義偉聊,Say,カエ･チン,11,何で急に話かけてきたの……？,왜 갑자기 말 건 거야……?
16cb18d2a2b26981a5a165feae2e28bb.bundle,與家騏羽嬪義偉聊,Branch,#Simple,3,なぜそんなことを聞くんですか？,왜 그런 걸 물으세요?
16cb18d2a2b26981a5a165feae2e28bb.bundle,與家騏羽嬪義偉聊,Say,カエ･チン,12,話かけてきたのは、あなたよね？,"말 건 건, 당신이잖아?"
16cb18d2a2b26981a5a165feae2e28bb.bundle,與家騏羽嬪義偉聊,Say,カエ･チン,13,なのに何も言わず、ずっと黙ってるのは変でしょ。,"근데 아무 말도 안 하고, 계속 입 다물고 있는 건 이상하잖아."
16cb18d2a2b26981a5a165feae2e28bb.bundle,與家騏羽嬪義偉聊,Say,カエ･チン,14,まさか……,설마……
16cb18d2a2b26981a5a165feae2e28bb.bundle,與家騏羽嬪義偉聊,Say,カエ･チン,15,声をかけさえすれば、情報を教えてくれると思っているの？,"말만 걸면, 정보를 알려줄 거라고 생각하는 거야?"
16cb18d2a2b26981a5a165feae2e28bb.bundle,與家騏羽嬪義偉聊,Branch,#Simple,4,そんな感じです。,그런 느낌입니다.
16cb18d2a2b26981a5a165feae2e28bb.bundle,與家騏羽嬪義偉聊,Branch,#Simple,5,そうは思っていません。,그렇게 생각 안 합니다.
16cb18d2a2b26981a5a165feae2e28bb.bundle,與家騏羽嬪義偉聊,Branch,#Simple,6,すみません……,죄송합니다……
16cb18d2a2b26981a5a165feae2e28bb.bundle,與家騏羽嬪義偉聊,Say,カエ･チン,16,アハハ、変な人ね。,"아하하, 이상한 사람이네."
16cb18d2a2b26981a5a165feae2e28bb.bundle,與家騏羽嬪義偉聊,Say,カエ･チン,17,えっと……,그게……
16cb18d2a2b26981a5a165feae2e28bb.bundle,與家騏羽嬪義偉聊,Say,カエ･チン,18,じゃ、自己紹介から始めるわ。,"그럼, 자기소개부터 시작할게."
16cb18d2a2b26981a5a165feae2e28bb.bundle,與家騏羽嬪義偉聊,Say,カエ･チン,19,私はカエ。,나는 카에.
16cb18d2a2b26981a5a165feae2e28bb.bundle,與家騏羽嬪義偉聊,Say,カエ･チン,20,私……,나……
16cb18d2a2b26981a5a165feae2e28bb.bundle,與家騏羽嬪義偉聊,Say,ユウヒン･ライ,0,本当に賢いね！,정말 똑똑하네!
16cb18d2a2b26981a5a165feae2e28bb.bundle,與家騏羽嬪義偉聊,Say,ギイ･カー,0,別にそんなことないよ……,딱히 그렇지도 않아……
16cb18d2a2b26981a5a165feae2e28bb.bundle,與家騏羽嬪義偉聊,Say,ユウヒン･ライ,1,よく思いついたね……！,잘도 생각해냈네……!
16cb18d2a2b26981a5a165feae2e28bb.bundle,與家騏羽嬪義偉聊,Say,カエ･チン,21,……,……
16cb18d2a2b26981a5a165feae2e28bb.bundle,與家騏羽嬪義偉聊,Say,心の声,1,……,……
16cb18d2a2b26981a5a165feae2e28bb.bundle,與家騏羽嬪義偉聊,Say,ギイ･カー,1,あっ、カエ……！,"아, 카에……!"
16cb18d2a2b26981a5a165feae2e28bb.bundle,與家騏羽嬪義偉聊,Say,カエ･チン,22,バカップルが揃って、何をしてるの……？,"바보 커플이 둘이서, 뭐 하고 있는 거야……?"
16cb18d2a2b26981a5a165feae2e28bb.bundle,與家騏羽嬪義偉聊,Say,ギイ･カー,2,いや、私たちはただ……,"아니, 저희는 그냥……"
16cb18d2a2b26981a5a165feae2e28bb.bundle,與家騏羽嬪義偉聊,Say,ユウヒン･ライ,2,あっ！こちらは新人さんですか？,아! 이분은 신입이신가요?
16cb18d2a2b26981a5a165feae2e28bb.bundle,與家騏羽嬪義偉聊,Say,カエ･チン,23,入社はまだ決まってないみたいだけどね。,입사는 아직 안 정해진 것 같지만.
16cb18d2a2b26981a5a165feae2e28bb.bundle,與家騏羽嬪義偉聊,Say,ユウヒン･ライ,3,ちょっと、カエ！その言い方は良くないです！,"잠깐, 카에! 그런 말투는 안 좋아요!"
16cb18d2a2b26981a5a165feae2e28bb.bundle,與家騏羽嬪義偉聊,Say,カエ･チン,24,彼自身が言ってたことだから大丈夫。,본인이 직접 한 말이니까 괜찮아.
16cb18d2a2b26981a5a165feae2e28bb.bundle,與家騏羽嬪義偉聊,Say,ギイ･カー,3,初めまして、私はギイ･カです。,"처음 뵙겠습니다, 저는 기이 카예요."
16cb18d2a2b26981a5a165feae2e28bb.bundle,與家騏羽嬪義偉聊,Say,ユウヒン･ライ,4,私はユウヒン･ライです。,저는 유힌 라이예요.
16cb18d2a2b26981a5a165feae2e28bb.bundle,與家騏羽嬪義偉聊,Branch,#Simple,7,ジェイ･ダイです。,제이 다이입니다.
16cb18d2a2b26981a5a165feae2e28bb.bundle,與家騏羽嬪義偉聊,Say,ギイ･カー,4,よろしくお願いしますね。,잘 부탁드릴게요.
16cb18d2a2b26981a5a165feae2e28bb.bundle,與家騏羽嬪義偉聊,Say,ユウヒン･ライ,5,お願いします！,잘 부탁해요!
16cb18d2a2b26981a5a165feae2e28bb.bundle,與家騏羽嬪義偉聊,Say,ギイ･カー,5,カエ、私たちは用事があるから、先に行きますね。,"카에, 저희는 볼일이 있어서, 먼저 갈게요."
16cb18d2a2b26981a5a165feae2e28bb.bundle,與家騏羽嬪義偉聊,Say,カエ･チン,25,わかった。それより、あまり仕事中にいちゃいちゃしないようにね。,"알았어. 그보다, 근무 중에 너무 붙어 다니지 말고."
16cb18d2a2b26981a5a165feae2e28bb.bundle,與家騏羽嬪義偉聊,Say,ユウヒン･ライ,6,は～い,네~
16cb18d2a2b26981a5a165feae2e28bb.bundle,與家騏羽嬪義偉聊,Say,ギイ･カー,6,そんなことしませんよ！,그런 거 안 해요!
16cb18d2a2b26981a5a165feae2e28bb.bundle,與家騏羽嬪義偉聊,Say,カエ･チン,26,全くあの二人は……,정말이지 저 둘은……
16cb18d2a2b26981a5a165feae2e28bb.bundle,與家騏羽嬪義偉聊,Branch,#Simple,8,幸せそうですね。,행복해 보이네요.
16cb18d2a2b26981a5a165feae2e28bb.bundle,與家騏羽嬪義偉聊,Say,カエ･チン,27,フフ、そうね。,"후후, 그러네."
16cb18d2a2b26981a5a165feae2e28bb.bundle,與家騏羽嬪義偉聊,Branch,#Simple,9,あれが俗に言うバカップルですか。,저게 흔히 말하는 바보 커플이라는 건가요.
16cb18d2a2b26981a5a165feae2e28bb.bundle,與家騏羽嬪義偉聊,Say,カエ･チン,28,私はそんなこと言ってないからね。,나는 그런 말 안 했으니까.
16cb18d2a2b26981a5a165feae2e28bb.bundle,與家騏羽嬪義偉聊,Branch,#Simple,10,……,……
16cb18d2a2b26981a5a165feae2e28bb.bundle,與家騏羽嬪義偉聊,Say,カエ･チン,29,少し無駄話をし過ぎたみたいね。,잡담을 좀 너무 한 것 같네.
16cb18d2a2b26981a5a165feae2e28bb.bundle,與家騏羽嬪義偉聊,Branch,#Simple,11,よくなかったですか？,안 좋았어요?
16cb18d2a2b26981a5a165feae2e28bb.bundle,與家騏羽嬪義偉聊,Say,カエ･チン,30,よくないってわけじゃないけど……,안 좋았다는 건 아니지만……
16cb18d2a2b26981a5a165feae2e28bb.bundle,與家騏羽嬪義偉聊,Branch,#Simple,12,すみません。,죄송합니다.
16cb18d2a2b26981a5a165feae2e28bb.bundle,與家騏羽嬪義偉聊,Say,カエ･チン,31,いえ、別に文句が言いたいわけじゃないの……,"아니, 딱히 불평하고 싶은 건 아니고……"
16cb18d2a2b26981a5a165feae2e28bb.bundle,與家騏羽嬪義偉聊,Say,カエ･チン,32,私がまだ仕事が残っているだけ。,내가 아직 일이 남아 있을 뿐이야.
16cb18d2a2b26981a5a165feae2e28bb.bundle,與家騏羽嬪義偉聊,Say,カエ･チン,33,そうね……入社したら、また話しましょう。,"그러네……입사하면, 다시 얘기하자."
16cb18d2a2b26981a5a165feae2e28bb.bundle,與家騏羽嬪義偉聊,Branch,#Simple,13,言ってくれますね！,말씀 잘하시네요!
16cb18d2a2b26981a5a165feae2e28bb.bundle,與家騏羽嬪義偉聊,Branch,#Simple,14,フフッ。,후훗.
16cb18d2a2b26981a5a165feae2e28bb.bundle,與家騏羽嬪義偉聊,Branch,#Simple,15,そこまで入社を望んでいるわけではないですね。,그렇게까지 입사를 바라는 건 아니네요.
16cb18d2a2b26981a5a165feae2e28bb.bundle,與家騏羽嬪義偉聊,Say,カエ･チン,34,まあ、そう思われても仕方がないわね。,"뭐, 그렇게 생각돼도 어쩔 수 없지."
16cb18d2a2b26981a5a165feae2e28bb.bundle,與家騏羽嬪義偉聊,Branch,#Simple,16,……,……
16cb18d2a2b26981a5a165feae2e28bb.bundle,與家騏羽嬪義偉聊,Say,カエ･チン,35,じゃ、私は行くわ。,"그럼, 나는 갈게."
16cb18d2a2b26981a5a165feae2e28bb.bundle,與家騏羽嬪義偉聊,Say,カエ･チン,36,またね。,또 봐.
16cb18d2a2b26981a5a165feae2e28bb.bundle,第一次賴潔和陳家騏,Say,ジュジュ･ライ,0,ジェイ･ダイ、盗み聞きはよくない。,"제이 다이, 몰래 엿듣는 건 안 좋아."
16cb18d2a2b26981a5a165feae2e28bb.bundle,第一次賴潔和陳家騏,Branch,#Simple,0,たまたま通りかかっただけです。,우연히 지나가던 것뿐이에요.
16cb18d2a2b26981a5a165feae2e28bb.bundle,第一次賴潔和陳家騏,Branch,#Simple,1,何がですか？,뭐가요?
16cb18d2a2b26981a5a165feae2e28bb.bundle,第一次賴潔和陳家騏,Branch,#Simple,2,そうですね、そろそろやめておきます。,"그렇네요, 이제 그만할게요."
16cb18d2a2b26981a5a165feae2e28bb.bundle,第一次賴潔和陳家騏,Say,ジュジュ･ライ,1,あんたね……,너 말이야……
16cb18d2a2b26981a5a165feae2e28bb.bundle,第一次賴潔和陳家騏,Say,ジュジュ･ライ,2,はぁ、もういいや。,"하아, 됐어."
16cb18d2a2b26981a5a165feae2e28bb.bundle,第一次賴潔和陳家騏,Say,ジュジュ･ライ,3,どうせ話はもう終わったし！,어차피 얘기는 이미 끝났고!
16cb18d2a2b26981a5a165feae2e28bb.bundle,第一次賴潔和陳家騏,Say,ジュジュ･ライ,4,私はもう帰るから。,나는 이만 갈 테니까.
16cb18d2a2b26981a5a165feae2e28bb.bundle,第一次賴潔和陳家騏,Say,カエ･チン,0,ふーん。,흐음.
16cb18d2a2b26981a5a165feae2e28bb.bundle,第一次賴潔和陳家騏,Say,カエ･チン,1,変な人ね。,이상한 사람이네요.
16cb18d2a2b26981a5a165feae2e28bb.bundle,第一次賴潔和陳家騏,Branch,#Simple,3,ですね。,그러게요.
16cb18d2a2b26981a5a165feae2e28bb.bundle,第一次賴潔和陳家騏,Say,カエ･チン,2,フフッ。,후훗.
16cb18d2a2b26981a5a165feae2e28bb.bundle,第一次賴潔和陳家騏,Branch,#Simple,4,ジュジュのことですか？,쥬쥬 얘기예요?
16cb18d2a2b26981a5a165feae2e28bb.bundle,第一次賴潔和陳家騏,Say,カエ･チン,3,そうよ。,맞아.
16cb18d2a2b26981a5a165feae2e28bb.bundle,第一次賴潔和陳家騏,Say,カエ･チン,4,でも、私は彼女のことが好き。,"그래도, 저는 저 사람이 좋아요."
16cb18d2a2b26981a5a165feae2e28bb.bundle,第一次賴潔和陳家騏,Say,カエ･チン,5,頭のいい人は大体面白いから。,머리 좋은 사람은 대체로 재밌으니까요.
16cb18d2a2b26981a5a165feae2e28bb.bundle,第一次賴潔和陳家騏,Say,カエ･チン,6,そうだ、まだ挨拶してなかったね。,"참, 아직 인사를 안 했네요."
16cb18d2a2b26981a5a165feae2e28bb.bundle,第一次賴潔和陳家騏,Say,カエ･チン,7,あなた、新人？,"당신, 신입이에요?"
16cb18d2a2b26981a5a165feae2e28bb.bundle,第一次賴潔和陳家騏,Say,カエ･チン,8,私はカエ。,나는 카에.
16cb18d2a2b26981a5a165feae2e28bb.bundle,第一次賴潔和陳家騏,Branch,#Simple,5,ジェイ･ダイです。,제이 다이입니다.
16cb18d2a2b26981a5a165feae2e28bb.bundle,第一次賴潔和陳家騏,Say,カエ･チン,9,雑談はここまでにしましょう。,잡담은 여기까지 하죠.
16cb18d2a2b26981a5a165feae2e28bb.bundle,第一次賴潔和陳家騏,Say,カエ･チン,10,仕事に戻って。,일로 돌아가요.
16cb18d2a2b26981a5a165feae2e28bb.bundle,第一次賴潔和陳家騏_自動,Say,ジュジュ･ライ,0,カ～エ～,카~에~
16cb18d2a2b26981a5a165feae2e28bb.bundle,第一次賴潔和陳家騏_自動,Say,カエ･チン,0,だめ。,안 돼.
16cb18d2a2b26981a5a165feae2e28bb.bundle,第一次賴潔和陳家騏_自動,Say,カエ･チン,1,チーフに協力するよう言われているのしょう……？,팀장한테 협력하라고 들었잖아……?
16cb18d2a2b26981a5a165feae2e28bb.bundle,第一次賴潔和陳家騏_自動,Say,ジュジュ･ライ,1,でもこっちの方が早いもん！,그치만 이쪽이 더 빠른걸!
16cb18d2a2b26981a5a165feae2e28bb.bundle,第一次賴潔和陳家騏_自動,Say,カエ･チン,2,何度も言ってるでしょ！,몇 번이나 말했잖아!
16cb18d2a2b26981a5a165feae2e28bb.bundle,第一次賴潔和陳家騏_自動,Say,カエ･チン,3,確かにあなた一人でやる方が早いけど、誰も解読できなくなるの！,"확실히 너 혼자 하는 게 빠르긴 한데, 아무도 해독을 못 하게 되잖아!"
16cb18d2a2b26981a5a165feae2e28bb.bundle,第一次賴潔和陳家騏_自動,Say,ジュジュ･ライ,2,ちゃんとわかりやすいようにするし、コメントも残すからさ！,"제대로 알기 쉽게 할 거고, 주석도 남길 거니까!"
16cb18d2a2b26981a5a165feae2e28bb.bundle,第一次賴潔和陳家騏_自動,Say,カエ･チン,4,それ本当……？,그거 진짜야……?
16cb18d2a2b26981a5a165feae2e28bb.bundle,第一次賴潔和陳家騏_自動,Say,ジュジュ･ライ,3,え？疑ってるの？,어? 의심하는 거야?
16cb18d2a2b26981a5a165feae2e28bb.bundle,第一次賴潔和陳家騏_自動,Say,カエ･チン,5,もちろん！,당연하지!
16cb18d2a2b26981a5a165feae2e28bb.bundle,第一次賴潔和陳家騏_自動,Say,カエ･チン,6,何で決められた通りに仕事ができないの？,왜 정해진 대로 일을 못 하는 거야?
16cb18d2a2b26981a5a165feae2e28bb.bundle,第一次賴潔和陳家騏_自動,Say,ジュジュ･ライ,4,だって遅いんだもん！,그치만 느린걸!
16cb18d2a2b26981a5a165feae2e28bb.bundle,第一次賴潔和陳家騏_自動,Say,カエ･チン,7,遅くてもいいでしょ。別に急いでほしいとは言われてないのだから！,느려도 괜찮잖아. 딱히 서두르라는 말도 없었으니까!
16cb18d2a2b26981a5a165feae2e28bb.bundle,第一次賴潔和陳家騏_自動,Say,ジュジュ･ライ,5,でも……,근데……
16cb18d2a2b26981a5a165feae2e28bb.bundle,第一次賴潔和陳家騏_自動,Say,カエ･チン,8,あなたの趣味は研究でしょう？,네 취미는 연구잖아?
16cb18d2a2b26981a5a165feae2e28bb.bundle,第一次賴潔和陳家騏_自動,Say,カエ･チン,9,プロジェクトの進みが遅ければ、研究に当てられる時間も増える。,"프로젝트 진행이 느리면, 연구에 쓸 수 있는 시간도 늘어나."
16cb18d2a2b26981a5a165feae2e28bb.bundle,第一次賴潔和陳家騏_自動,Say,ジュジュ･ライ,6,……,……
16cb18d2a2b26981a5a165feae2e28bb.bundle,第一次賴潔和陳家騏_自動,Say,カエ･チン,10,何でそんなに嫌がるのか、私にはわからない……,"왜 그렇게 싫어하는지, 난 이해가 안 돼……"
16cb18d2a2b26981a5a165feae2e28bb.bundle,第一次賴潔和陳家騏_自動,Say,ジュジュ･ライ,7,……,……
16cb18d2a2b26981a5a165feae2e28bb.bundle,第一次賴潔和陳家騏_自動,Say,ジュジュ･ライ,8,……じゃ、全部カエに任せる。,"……그럼, 전부 카에한테 맡길게."
16cb18d2a2b26981a5a165feae2e28bb.bundle,第一次賴潔和陳家騏_自動,Say,カエ･チン,11,は！？何か言った？,뭐!? 뭐라고 했어?
16cb18d2a2b26981a5a165feae2e28bb.bundle,第一次賴潔和陳家騏_自動,Say,ジュジュ･ライ,9,な、何も……,"아, 아무것도……"
16cb18d2a2b26981a5a165feae2e28bb.bundle,第一次賴潔和陳家騏_自動,Say,ジュジュ･ライ,10,はぁ……,하아……
16cb18d2a2b26981a5a165feae2e28bb.bundle,第一次賴潔和陳家騏_自動,Say,カエ･チン,12,待って、結局のところ、問題は時間ではなくて……,"잠깐, 결국, 문제는 시간이 아니라……"
16cb18d2a2b26981a5a165feae2e28bb.bundle,第一次賴潔和陳家騏_自動,Say,カエ･チン,13,誰かと協力することなの？,누군가와 협력하는 거야?
16cb18d2a2b26981a5a165feae2e28bb.bundle,第一次賴潔和陳家騏_自動,Say,ジュジュ･ライ,11,……,……
16cb18d2a2b26981a5a165feae2e28bb.bundle,第一次賴潔和陳家騏_自動,Say,カエ･チン,14,そういえば、あなたは一度も他人との共同作業をしてなかったわね。,"그러고 보니, 너는 한 번도 다른 사람이랑 공동 작업을 한 적이 없었지."
16cb18d2a2b26981a5a165feae2e28bb.bundle,第一次賴潔和陳家騏_自動,Say,ジュジュ･ライ,12,そうよ。,맞아.
16cb18d2a2b26981a5a165feae2e28bb.bundle,第一次賴潔和陳家騏_自動,Say,ジュジュ･ライ,13,他人と協力するのが嫌なのよ。,다른 사람이랑 협력하는 게 싫어.
16cb18d2a2b26981a5a165feae2e28bb.bundle,第一次賴潔和陳家騏_自動,Say,カエ･チン,15,どうして？,왜?
16cb18d2a2b26981a5a165feae2e28bb.bundle,第一次賴潔和陳家騏_自動,Say,ジュジュ･ライ,14,<s>私が嫌な人間になるから。</s>,<s>내가 싫은 사람이 되니까.</s>
16cb18d2a2b26981a5a165feae2e28bb.bundle,第一次賴潔和陳家騏_自動,Say,カエ･チン,16,は？,뭐?
16cb18d2a2b26981a5a165feae2e28bb.bundle,第一次賴潔和陳家騏_自動,Say,ジュジュ･ライ,15,……,……
16cb18d2a2b26981a5a165feae2e28bb.bundle,第一次賴潔和陳家騏_自動,Say,ジュジュ･ライ,16,もういい。,됐어.
16cb18d2a2b26981a5a165feae2e28bb.bundle,第一次賴潔和陳家騏_自動,Say,ジュジュ･ライ,17,ちゃんと協力する。,제대로 협력할게.
16cb18d2a2b26981a5a165feae2e28bb.bundle,第一次賴潔和陳家騏_自動,Say,ジュジュ･ライ,18,これでいいでしょう？,이러면 됐지?
16cb18d2a2b26981a5a165feae2e28bb.bundle,第一次賴潔和陳家騏_自動,Say,カエ･チン,17,最初からそうすれば……,처음부터 그랬으면……
16cb18d2a2b26981a5a165feae2e28bb.bundle,第一次賴潔和陳家騏_自動,Say,ジュジュ･ライ,19,わかってるよ！,알고 있다고!
16cb18d2a2b26981a5a165feae2e28bb.bundle,第一次賴潔和陳家騏_自動,Say,ジュジュ･ライ,20,……,……
16cb18d2a2b26981a5a165feae2e28bb.bundle,第一次賴潔和陳家騏_自動,Say,ジュジュ･ライ,21,ごめん、面倒で……,"미안, 귀찮아서……"
16cb18d2a2b26981a5a165feae2e28bb.bundle,第一次賴潔和陳家騏_自動,Say,カエ･チン,18,許容範囲内よ。,허용 범위 내야.
16cb18d2a2b26981a5a165feae2e28bb.bundle,第一次賴潔和陳家騏_自動,Say,ジュジュ･ライ,22,アハハ……,아하하……
16cb18d2a2b26981a5a165feae2e28bb.bundle,第二次賴潔和陳家騏,Say,カエ･チン,0,ジュジュ。,쥬쥬.
16cb18d2a2b26981a5a165feae2e28bb.bundle,第二次賴潔和陳家騏,Say,ジュジュ･ライ,0,……,……
16cb18d2a2b26981a5a165feae2e28bb.bundle,第二次賴潔和陳家騏,Say,カエ･チン,1,ジュジュ？,쥬쥬?
16cb18d2a2b26981a5a165feae2e28bb.bundle,第二次賴潔和陳家騏,Say,ジュジュ･ライ,1,なに？,왜?
16cb18d2a2b26981a5a165feae2e28bb.bundle,第二次賴潔和陳家騏,Say,カエ･チン,2,会社に着いたし……,회사도 도착했고……
16cb18d2a2b26981a5a165feae2e28bb.bundle,第二次賴潔和陳家騏,Say,カエ･チン,3,プロジェクトについて、いくつか話し合いたいことがあるの。,"프로젝트에 대해서, 몇 가지 상의하고 싶은 게 있어."
16cb18d2a2b26981a5a165feae2e28bb.bundle,第二次賴潔和陳家騏,Say,ジュジュ･ライ,2,わかった。,알았다.
16cb18d2a2b26981a5a165feae2e28bb.bundle,第二次賴潔和陳家騏,Say,カエ･チン,4,監視システムについてだけど……,감시 시스템에 대한 건데……
16cb18d2a2b26981a5a165feae2e28bb.bundle,第二次賴潔和陳家騏,Say,ジュジュ･ライ,3,最初から間違ってる。,처음부터 틀렸어.
16cb18d2a2b26981a5a165feae2e28bb.bundle,第二次賴潔和陳家騏,Say,ジュジュ･ライ,4,すべての機能を統合させる必要はない、独立させたままでよかったのよ。,"모든 기능을 통합시킬 필요 없어, 독립시킨 채로 놔뒀으면 됐어."
16cb18d2a2b26981a5a165feae2e28bb.bundle,第二次賴潔和陳家騏,Say,カエ･チン,5,そうね……,그러네……
16cb18d2a2b26981a5a165feae2e28bb.bundle,第二次賴潔和陳家騏,Say,ジュジュ･ライ,5,これで問題は解決された？,이걸로 문제는 해결된 거야?
16cb18d2a2b26981a5a165feae2e28bb.bundle,第二次賴潔和陳家騏,Say,カエ･チン,6,多分。,아마도.
16cb18d2a2b26981a5a165feae2e28bb.bundle,第二次賴潔和陳家騏,Say,ジュジュ･ライ,6,多分ってどっちなのよ。,아마도라니 어느 쪽인데.
16cb18d2a2b26981a5a165feae2e28bb.bundle,第二次賴潔和陳家騏,Say,ジュジュ･ライ,7,ちゃんと結論を出して。,제대로 결론을 내려.
16cb18d2a2b26981a5a165feae2e28bb.bundle,第二次賴潔和陳家騏,Say,カエ･チン,7,……,……
16cb18d2a2b26981a5a165feae2e28bb.bundle,第二次賴潔和陳家騏,Say,カエ･チン,8,問題は解決されたわ。,문제는 해결됐어.
16cb18d2a2b26981a5a165feae2e28bb.bundle,第二次賴潔和陳家騏,Say,ジュジュ･ライ,8,他に質問は？,다른 질문은?
16cb18d2a2b26981a5a165feae2e28bb.bundle,第二次賴潔和陳家騏,Say,カエ･チン,9,えっと、回線についてだけど……,"그게, 회선에 대한 건데……"
16cb18d2a2b26981a5a165feae2e28bb.bundle,第二次賴潔和陳家騏,Say,ジュジュ･ライ,9,そっちも考え方が間違ってる。,그것도 사고방식이 틀렸어.
16cb18d2a2b26981a5a165feae2e28bb.bundle,第二次賴潔和陳家騏,Say,ジュジュ･ライ,10,重複している部分を全部削除すればいいのよ。,중복된 부분을 전부 삭제하면 되는 거야.
16cb18d2a2b26981a5a165feae2e28bb.bundle,第二次賴潔和陳家騏,Say,ジュジュ･ライ,11,正直、なんであんな回りくどいやり方をするのか、理解に苦しむ。,"솔직히, 왜 그렇게 돌아가는 방식을 쓰는 건지, 이해가 안 돼."
16cb18d2a2b26981a5a165feae2e28bb.bundle,第二次賴潔和陳家騏,Say,ジュジュ･ライ,12,バカげたやり方。今度は……,멍청한 방식이야. 이번엔……
16cb18d2a2b26981a5a165feae2e28bb.bundle,第二次賴潔和陳家騏,Say,カエ･チン,10,……,……
16cb18d2a2b26981a5a165feae2e28bb.bundle,第二次賴潔和陳家騏,Say,ジュジュ･ライ,13,……,……
16cb18d2a2b26981a5a165feae2e28bb.bundle,第二次賴潔和陳家騏,Say,ジュジュ･ライ,14,ごめん……,미안……
16cb18d2a2b26981a5a165feae2e28bb.bundle,第二次賴潔和陳家騏,Say,ジュジュ･ライ,15,私、嫌な態度取ってた……,"나, 못되게 굴었네……"
16cb18d2a2b26981a5a165feae2e28bb.bundle,第二次賴潔和陳家騏,Say,ジュジュ･ライ,16,はぁ……,하아……
16cb18d2a2b26981a5a165feae2e28bb.bundle,第二次賴潔和陳家騏,Say,ジュジュ･ライ,17,私って本当に嫌なやつ。,나 진짜 못된 애야.
16cb18d2a2b26981a5a165feae2e28bb.bundle,第二次賴潔和陳家騏,Say,カエ･チン,11,……大丈夫。,……괜찮아.
16cb18d2a2b26981a5a165feae2e28bb.bundle,第二次賴潔和陳家騏,Say,カエ･チン,12,セラーのことでイライラしているのでしょう。,셀러 일 때문에 짜증 나 있는 거잖아.
16cb18d2a2b26981a5a165feae2e28bb.bundle,第二次賴潔和陳家騏,Say,カエ･チン,13,それにセラさんのせいで……,게다가 세라 씨 때문에……
16cb18d2a2b26981a5a165feae2e28bb.bundle,第二次賴潔和陳家騏,Say,ジュジュ･ライ,18,いや、私は……,"아니, 나는……"
16cb18d2a2b26981a5a165feae2e28bb.bundle,第二次賴潔和陳家騏,Say,ジュジュ･ライ,19,最初からこういう性格なの。,원래부터 이런 성격이야.
16cb18d2a2b26981a5a165feae2e28bb.bundle,第二次賴潔和陳家騏,Say,ジュジュ･ライ,20,だから他人と協力したくないのよ。,그러니까 남이랑 협력하고 싶지 않은 거야.
16cb18d2a2b26981a5a165feae2e28bb.bundle,第二次賴潔和陳家騏,Say,ジュジュ･ライ,21,効率が悪いものを見るとすぐ、カッとなる性格さから。,"비효율적인 걸 보면 바로, 욱하는 성격이니까."
16cb18d2a2b26981a5a165feae2e28bb.bundle,第二次賴潔和陳家騏,Say,ジュジュ･ライ,22,私と一緒に仕事をする人は皆、私のこと嫌いになるのよ。,"나랑 같이 일하는 사람은 다들, 나를 싫어하게 돼."
16cb18d2a2b26981a5a165feae2e28bb.bundle,第二次賴潔和陳家騏,Say,カエ･チン,14,……,……
16cb18d2a2b26981a5a165feae2e28bb.bundle,第二次賴潔和陳家騏,Say,カエ･チン,15,それが嫌なら……,그게 싫으면……
16cb18d2a2b26981a5a165feae2e28bb.bundle,第二次賴潔和陳家騏,Say,ジュジュ･ライ,23,何で変わろうとしないかって？,왜 변하려고 안 하냐고?
16cb18d2a2b26981a5a165feae2e28bb.bundle,第二次賴潔和陳家騏,Say,ジュジュ･ライ,24,私には無理だからよ。,나한테는 무리니까.
16cb18d2a2b26981a5a165feae2e28bb.bundle,第二次賴潔和陳家騏,Say,ジュジュ･ライ,25,こんなことを言うと、偉そうに聞こえるだろうけど……,"이런 말 하면, 잘난 척처럼 들리겠지만……"
16cb18d2a2b26981a5a165feae2e28bb.bundle,第二次賴潔和陳家騏,Say,ジュジュ･ライ,26,この界隈において、私は誰よりも知識があると自負している。,"이 바닥에서, 나는 누구보다도 지식이 있다고 자부해."
16cb18d2a2b26981a5a165feae2e28bb.bundle,第二次賴潔和陳家騏,Say,ジュジュ･ライ,27,少なくとも私なら、一目で大体の問題がわかる……,"적어도 나라면, 한눈에 대충 문제를 알 수 있어……"
16cb18d2a2b26981a5a165feae2e28bb.bundle,第二次賴潔和陳家騏,Say,ジュジュ･ライ,28,なのに、そんな簡単な間違いを他人は何度も繰り返す。,"근데, 그런 간단한 실수를 남들은 몇 번이나 반복해."
16cb18d2a2b26981a5a165feae2e28bb.bundle,第二次賴潔和陳家騏,Say,ジュジュ･ライ,29,そして、大きなミスを発見すれば……,"그리고, 큰 실수를 발견하면……"
16cb18d2a2b26981a5a165feae2e28bb.bundle,第二次賴潔和陳家騏,Say,ジュジュ･ライ,30,他人のせいにばかりする。,남 탓만 해.
16cb18d2a2b26981a5a165feae2e28bb.bundle,第二次賴潔和陳家騏,Say,ジュジュ･ライ,31,だからって、私が指摘すれば……,"그렇다고, 내가 지적하면……"
16cb18d2a2b26981a5a165feae2e28bb.bundle,第二次賴潔和陳家騏,Say,ジュジュ･ライ,32,相手は嫌な顔をするに決まってるもの。,상대는 싫은 표정 짓기 마련이니까.
16cb18d2a2b26981a5a165feae2e28bb.bundle,第二次賴潔和陳家騏,Say,ジュジュ･ライ,33,そのくせ、問題が起きれば、きっと私に文句を言うのよ……,"그러면서, 문제가 생기면, 분명 나한테 불평을 하지……"
16cb18d2a2b26981a5a165feae2e28bb.bundle,第二次賴潔和陳家騏,Say,ジュジュ･ライ,34,私からすれば防げた問題なのに、それを指摘することも許されない。,"내 입장에선 막을 수 있었던 문제인데, 그걸 지적하는 것도 허락 안 돼."
16cb18d2a2b26981a5a165feae2e28bb.bundle,第二次賴潔和陳家騏,Say,ジュジュ･ライ,35,仕方ないわ、運が悪かったのよ、そんな適当な言葉を投げかけるしかないの。,"어쩔 수 없지, 운이 나빴어, 그런 대충인 말이나 던질 수밖에 없는 거야."
16cb18d2a2b26981a5a165feae2e28bb.bundle,第二次賴潔和陳家騏,Say,カエ･チン,16,……,……
16cb18d2a2b26981a5a165feae2e28bb.bundle,第二次賴潔和陳家騏,Say,ジュジュ･ライ,36,なんて傲慢な人間だ、と思うわよね。,"정말 오만한 인간이라고, 생각하지."
16cb18d2a2b26981a5a165feae2e28bb.bundle,第二次賴潔和陳家騏,Say,カエ･チン,17,そんなことない。,그렇지 않아.
16cb18d2a2b26981a5a165feae2e28bb.bundle,第二次賴潔和陳家騏,Say,カエ･チン,18,ただ、あなたの言う「他人」って、本当にあなたの意見に耳を傾けないのかしら？,"근데, 네가 말하는 '남들'이라는 게, 정말로 네 의견에 귀를 안 기울이는 걸까?"
16cb18d2a2b26981a5a165feae2e28bb.bundle,第二次賴潔和陳家騏,Say,ジュジュ･ライ,37,……ほとんどがそうね。,……대부분은 그래.
16cb18d2a2b26981a5a165feae2e28bb.bundle,第二次賴潔和陳家騏,Say,ジュジュ･ライ,38,私の性格上、問題を指摘せずにはいられない。,"내 성격상, 문제를 지적 안 할 수가 없어."
16cb18d2a2b26981a5a165feae2e28bb.bundle,第二次賴潔和陳家騏,Say,ジュジュ･ライ,39,だから嫌われるのは仕方ない。,그러니까 미움받는 건 어쩔 수 없지.
16cb18d2a2b26981a5a165feae2e28bb.bundle,第二次賴潔和陳家騏,Say,ジュジュ･ライ,40,でも、大きな案件や本人の能力が会社に評価されるような重大な問題を指摘しても彼らは嫌がるのよ。,"근데, 큰 안건이나 본인 능력이 회사한테 평가받는 중대한 문제를 지적해도 그 사람들은 싫어해."
16cb18d2a2b26981a5a165feae2e28bb.bundle,第二次賴潔和陳家騏,Say,ジュジュ･ライ,41,私は問題を指摘しているだけなのに、彼らは自分への批判、否定だと捉えられるの。,"나는 문제를 지적할 뿐인데, 그 사람들은 자기에 대한 비판, 부정으로 받아들이는 거야."
16cb18d2a2b26981a5a165feae2e28bb.bundle,第二次賴潔和陳家騏,Say,ジュジュ･ライ,42,この二つの違いをわからない人が多すぎるのよ。,이 둘의 차이를 모르는 사람이 너무 많아.
16cb18d2a2b26981a5a165feae2e28bb.bundle,第二次賴潔和陳家騏,Say,ジュジュ･ライ,43,だからほとんどの人が、私の指摘を挑発だと思ってる。,"그래서 대부분의 사람이, 내 지적을 도발이라고 생각해."
16cb18d2a2b26981a5a165feae2e28bb.bundle,第二次賴潔和陳家騏,Say,カエ･チン,19,もう少し遠回しに指摘してみたら？,좀 더 돌려서 지적해보는 건 어때?
16cb18d2a2b26981a5a165feae2e28bb.bundle,第二次賴潔和陳家騏,Say,ジュジュ･ライ,44,そんなの私が疲れちゃうもの。,그러면 내가 지쳐버리는걸.
16cb18d2a2b26981a5a165feae2e28bb.bundle,第二次賴潔和陳家騏,Say,ジュジュ･ライ,45,相手が自分で問題に気づくように促すのが、どれだけ大変か。,"상대가 스스로 문제를 알아채게 유도하는 게, 얼마나 힘든데."
16cb18d2a2b26981a5a165feae2e28bb.bundle,第二次賴潔和陳家騏,Say,ジュジュ･ライ,46,その上、彼らの自尊心を傷つけないようにする必要もある。,"게다가, 그 사람들 자존심 안 상하게 할 필요도 있고."
16cb18d2a2b26981a5a165feae2e28bb.bundle,第二次賴潔和陳家騏,Say,ジュジュ･ライ,47,彼らの馬鹿げたプライドを守るために、私が骨を折る必要があるのかって話なのよ。,"그 사람들의 어이없는 자존심을 지켜주려고, 내가 애써야 하나 싶은 얘기야."
16cb18d2a2b26981a5a165feae2e28bb.bundle,第二次賴潔和陳家騏,Say,カエ･チン,20,……,……
16cb18d2a2b26981a5a165feae2e28bb.bundle,第二次賴潔和陳家騏,Say,ジュジュ･ライ,48,私が深刻に捉えすぎていると思う？,내가 너무 심각하게 받아들인다고 생각해?
16cb18d2a2b26981a5a165feae2e28bb.bundle,第二次賴潔和陳家騏,Say,カエ･チン,21,……多少は。,……조금은.
16cb18d2a2b26981a5a165feae2e28bb.bundle,第二次賴潔和陳家騏,Say,ジュジュ･ライ,49,面倒な性格なのはわかってる。,까다로운 성격인 건 알아.
16cb18d2a2b26981a5a165feae2e28bb.bundle,第二次賴潔和陳家騏,Say,ジュジュ･ライ,50,それでも何とか上手くやろうと努力しているつもりなの。,그래도 어떻게든 잘 해보려고 노력하고 있는 거야.
16cb18d2a2b26981a5a165feae2e28bb.bundle,第二次賴潔和陳家騏,Say,ジュジュ･ライ,51,でも、あまり意味がないみたいね。,"근데, 별 의미 없는 것 같네."
16cb18d2a2b26981a5a165feae2e28bb.bundle,第二次賴潔和陳家騏,Say,ジュジュ･ライ,52,やっぱり私にとっての一番の解決策は……,역시 나한테 가장 좋은 해결책은……
16cb18d2a2b26981a5a165feae2e28bb.bundle,第二次賴潔和陳家騏,Say,カエ･チン,22,協力しないこと。,협력하지 않는 것.
16cb18d2a2b26981a5a165feae2e28bb.bundle,第二次賴潔和陳家騏,Say,ジュジュ･ライ,53,そう。,그래.
16cb18d2a2b26981a5a165feae2e28bb.bundle,第二次賴潔和陳家騏,Say,ジュジュ･ライ,54,他人と距離を取り、自分の嫌な一面を見せないようにする。,"남이랑 거리를 두고, 내 싫은 면을 안 보이게 하는 거."
16cb18d2a2b26981a5a165feae2e28bb.bundle,第二次賴潔和陳家騏,Say,ジュジュ･ライ,55,……,……
16cb18d2a2b26981a5a165feae2e28bb.bundle,第二次賴潔和陳家騏,Say,ジュジュ･ライ,56,面倒な人間でごめん。,까다로운 인간이라서 미안.
16cb18d2a2b26981a5a165feae2e28bb.bundle,第二次賴潔和陳家騏,Say,ジュジュ･ライ,57,さっきの質問については、まとめてから改めて話しに来るから。,"아까 그 질문에 대해서는, 정리하고 나서 다시 얘기하러 올게."
16cb18d2a2b26981a5a165feae2e28bb.bundle,第二次賴潔和陳家騏,Say,ジュジュ･ライ,58,今は……,지금은……
16cb18d2a2b26981a5a165feae2e28bb.bundle,第二次賴潔和陳家騏,Say,ジュジュ･ライ,59,少し一人にさせて……,잠깐 혼자 있게 해줘……
16cb18d2a2b26981a5a165feae2e28bb.bundle,第二次賴潔和陳家騏,Say,ジュジュ･ライ,60,あんたの言う通り、今の私はセラーの件で少し苛立っていると思う。,"네 말대로, 지금 나는 셀러 일 때문에 좀 짜증이 나 있는 것 같아."
16cb18d2a2b26981a5a165feae2e28bb.bundle,第二次賴潔和陳家騏,Say,カエ･チン,23,……わかった。,……알았어.
16cb18d2a2b26981a5a165feae2e28bb.bundle,第二次賴潔和陳家騏,Say,カエ･チン,24,また後で話そう。,이따 다시 얘기하자.
16cb18d2a2b26981a5a165feae2e28bb.bundle,第二次賴潔和陳家騏,Say,ジュジュ･ライ,61,……,……
16cb18d2a2b26981a5a165feae2e28bb.bundle,第二次賴潔和陳家騏,Say,カエ･チン,25,……,……
16cb18d2a2b26981a5a165feae2e28bb.bundle,第二次賴潔和陳家騏,Say,ジュジュ･ライ,62,カエ。,카에.
16cb18d2a2b26981a5a165feae2e28bb.bundle,第二次賴潔和陳家騏,Say,カエ･チン,26,なに？,왜?
16cb18d2a2b26981a5a165feae2e28bb.bundle,第二次賴潔和陳家騏,Say,ジュジュ･ライ,63,ありがとう。,고마워.
16cb18d2a2b26981a5a165feae2e28bb.bundle,第二次賴潔和陳家騏,Say,カエ･チン,27,何のお礼なの？,뭐가 고맙다는 거야?
16cb18d2a2b26981a5a165feae2e28bb.bundle,第二次賴潔和陳家騏,Say,ジュジュ･ライ,64,私を嫌いにならないでいてくれたこと。,나를 싫어하지 않고 있어준 거.
16cb18d2a2b26981a5a165feae2e28bb.bundle,第二次賴潔和陳家騏,Say,カエ･チン,28,……,……
16cb18d2a2b26981a5a165feae2e28bb.bundle,第二次賴潔和陳家騏,Say,カエ･チン,29,どちらかというと、あなたが好きよ。,"굳이 말하면, 나는 네가 좋아."
16cb18d2a2b26981a5a165feae2e28bb.bundle,第二次賴潔和陳家騏,Say,ジュジュ･ライ,65,え……！？,어……!?
16cb18d2a2b26981a5a165feae2e28bb.bundle,第二次賴潔和陳家騏,Say,カエ･チン,30,とにかく今は仕事に集中しよう。,아무튼 지금은 일에 집중하자.
16cb18d2a2b26981a5a165feae2e28bb.bundle,第二次賴潔和陳家騏,Say,ジュジュ･ライ,66,う、うん……,"으, 응……"
16cb18d2a2b26981a5a165feae2e28bb.bundle,結局對話:賴潔和陳家騏,Say,ジュジュ･ライ,0,よっ。,어이.
16cb18d2a2b26981a5a165feae2e28bb.bundle,結局對話:賴潔和陳家騏,Say,ジュジュ･ライ,1,ヒーローのお出ましじゃん。,영웅님 등장이시네.
16cb18d2a2b26981a5a165feae2e28bb.bundle,結局對話:賴潔和陳家騏,Branch,#Simple,0,お出迎えありがとうございます。,마중 나와줘서 고맙습니다.
16cb18d2a2b26981a5a165feae2e28bb.bundle,結局對話:賴潔和陳家騏,Say,ジュジュ･ライ,2,ハハハ！謙虚の欠片もないね！,하하하! 겸손이라곤 눈곱만큼도 없네!
16cb18d2a2b26981a5a165feae2e28bb.bundle,結局對話:賴潔和陳家騏,Branch,#Simple,1,少し手伝っただけです。,조금 도왔을 뿐입니다.
16cb18d2a2b26981a5a165feae2e28bb.bundle,結局對話:賴潔和陳家騏,Say,ジュジュ･ライ,3,そんなことない。,그렇지 않아.
16cb18d2a2b26981a5a165feae2e28bb.bundle,結局對話:賴潔和陳家騏,Branch,#Simple,2,……,……
16cb18d2a2b26981a5a165feae2e28bb.bundle,結局對話:賴潔和陳家騏,Say,ジュジュ･ライ,4,本当に……,정말로……
16cb18d2a2b26981a5a165feae2e28bb.bundle,結局對話:賴潔和陳家騏,Say,ジュジュ･ライ,5,本当にありがとう、ジェイ。,"정말 고마워, 제이."
16cb18d2a2b26981a5a165feae2e28bb.bundle,結局對話:賴潔和陳家騏,Say,ジュジュ･ライ,6,あんたがあのバカ二人の目を覚まさせたおかげで、ここはめちゃくちゃにならずに済んだ。,"네가 그 바보 둘 정신 차리게 해준 덕분에, 여기가 엉망이 안 되고 넘어갔어."
16cb18d2a2b26981a5a165feae2e28bb.bundle,結局對話:賴潔和陳家騏,Say,カエ･チン,0,同感。,동감.
16cb18d2a2b26981a5a165feae2e28bb.bundle,結局對話:賴潔和陳家騏,Say,ジュジュ･ライ,7,皆、頑張った。,다들 애썼어.
16cb18d2a2b26981a5a165feae2e28bb.bundle,結局對話:賴潔和陳家騏,Say,ジュジュ･ライ,8,これは誰かのせいじゃない。,이건 누구 탓도 아니야.
16cb18d2a2b26981a5a165feae2e28bb.bundle,結局對話:賴潔和陳家騏,Branch,#Simple,3,はい。,네.
16cb18d2a2b26981a5a165feae2e28bb.bundle,結局對話:賴潔和陳家騏,Say,ジュジュ･ライ,9,うん。,응.
16cb18d2a2b26981a5a165feae2e28bb.bundle,結局對話:賴潔和陳家騏,Branch,#Simple,4,やはり私のせいだと思います。,역시 제 탓이라고 생각합니다.
16cb18d2a2b26981a5a165feae2e28bb.bundle,結局對話:賴潔和陳家騏,Say,ジュジュ･ライ,10,あー、わかった！あんたのせいね！,아~ 알았어! 네 탓이네!
16cb18d2a2b26981a5a165feae2e28bb.bundle,結局對話:賴潔和陳家騏,Say,ジュジュ･ライ,11,あんたの考えを無理に変えても意味のないことだしね。,네 생각을 억지로 바꿔봤자 의미 없으니까.
16cb18d2a2b26981a5a165feae2e28bb.bundle,結局對話:賴潔和陳家騏,Branch,#Simple,5,……,……
16cb18d2a2b26981a5a165feae2e28bb.bundle,結局對話:賴潔和陳家騏,Say,ジュジュ･ライ,12,ヒーローのお出ましだ！,영웅님 등장이시다!
16cb18d2a2b26981a5a165feae2e28bb.bundle,結局對話:賴潔和陳家騏,Branch,#Simple,6,やめてください。,그만하세요.
16cb18d2a2b26981a5a165feae2e28bb.bundle,結局對話:賴潔和陳家騏,Say,ジュジュ･ライ,13,ハハハ！,하하하!
16cb18d2a2b26981a5a165feae2e28bb.bundle,結局對話:賴潔和陳家騏,Branch,#Simple,7,出迎えご苦労。,마중 나오느라 수고했다.
16cb18d2a2b26981a5a165feae2e28bb.bundle,結局對話:賴潔和陳家騏,Say,ジュジュ･ライ,14,ハハ、調子に乗りすぎ！,"하하, 너무 나댄다!"
16cb18d2a2b26981a5a165feae2e28bb.bundle,結局對話:賴潔和陳家騏,Branch,#Simple,8,……,……
16cb18d2a2b26981a5a165feae2e28bb.bundle,結局對話:賴潔和陳家騏,Say,ジュジュ･ライ,15,そうだ。私とカエの討論を聞かない？,맞다. 나랑 카에 토론 안 들어볼래?
16cb18d2a2b26981a5a165feae2e28bb.bundle,結局對話:賴潔和陳家騏,Say,カエ･チン,1,ジェイを巻き込むのは悪いよ。,제이를 끌어들이는 건 좀 그렇잖아.
16cb18d2a2b26981a5a165feae2e28bb.bundle,結局對話:賴潔和陳家騏,Branch,#Simple,9,討論？ここで、ですか？,토론이요? 여기서요?
16cb18d2a2b26981a5a165feae2e28bb.bundle,結局對話:賴潔和陳家騏,Branch,#Simple,10,テーマは？,주제는요?
16cb18d2a2b26981a5a165feae2e28bb.bundle,結局對話:賴潔和陳家騏,Say,ジュジュ･ライ,16,聞きたいかどうかを先に答えて！,듣고 싶은지부터 먼저 대답해!
16cb18d2a2b26981a5a165feae2e28bb.bundle,結局對話:賴潔和陳家騏,Branch,#Simple,11,聞きたいです。,듣고 싶습니다.
16cb18d2a2b26981a5a165feae2e28bb.bundle,結局對話:賴潔和陳家騏,Say,ジュジュ･ライ,17,よし！,좋아!
16cb18d2a2b26981a5a165feae2e28bb.bundle,結局對話:賴潔和陳家騏,Say,ジュジュ･ライ,18,じゃ。,그럼.
16cb18d2a2b26981a5a165feae2e28bb.bundle,結局對話:賴潔和陳家騏,Branch,#Simple,12,結構です。,됐습니다.
16cb18d2a2b26981a5a165feae2e28bb.bundle,結局對話:賴潔和陳家騏,Say,ジュジュ･ライ,19,面白い議題だよ。少しくらい付き合ってよ！,재밌는 주제야. 조금만 같이 들어줘!
16cb18d2a2b26981a5a165feae2e28bb.bundle,結局對話:賴潔和陳家騏,Branch,#Simple,13,No thank you！,No thank you!
16cb18d2a2b26981a5a165feae2e28bb.bundle,結局對話:賴潔和陳家騏,Say,ジュジュ･ライ,20,ちぇっ、つまんないの。,"칫, 재미없긴."
16cb18d2a2b26981a5a165feae2e28bb.bundle,結局對話:賴潔和陳家騏,Say,カエ･チン,2,ごめん、彼女のことは気にしなくていいから。,"미안, 쟤는 신경 안 써도 돼."
16cb18d2a2b26981a5a165feae2e28bb.bundle,結局對話:賴潔和陳家騏,Branch,#Simple,14,ジュジュと、どこまで進みましたか？,"쥬쥬랑, 어디까지 진전됐어요?"
16cb18d2a2b26981a5a165feae2e28bb.bundle,結局對話:賴潔和陳家騏,Say,カエ･チン,3,やっとデートの約束をしたところ。,이제 막 데이트 약속을 잡은 참이야.
16cb18d2a2b26981a5a165feae2e28bb.bundle,結局對話:賴潔和陳家騏,Say,ジュジュ･ライ,21,ちょっ、勝手に……！,"잠, 마음대로……!"
16cb18d2a2b26981a5a165feae2e28bb.bundle,結局對話:賴潔和陳家騏,Say,カエ･チン,4,なに？デートしたくないの？,왜? 데이트하기 싫어?
16cb18d2a2b26981a5a165feae2e28bb.bundle,結局對話:賴潔和陳家騏,Say,ジュジュ･ライ,22,べ、別にそういうことじゃ……,"따, 딱히 그런 게 아니라……"
16cb18d2a2b26981a5a165feae2e28bb.bundle,結局對話:賴潔和陳家騏,Say,カエ･チン,5,まあ、こんな感じね。,"뭐, 이런 느낌이야."
16cb18d2a2b26981a5a165feae2e28bb.bundle,結局對話:賴潔和陳家騏,Say,カエ･チン,6,そうだ、ちょうどいいわ……,"맞다, 마침 잘됐네……"
16cb18d2a2b26981a5a165feae2e28bb.bundle,結局對話:賴潔和陳家騏,Say,カエ･チン,7,ジェイ、お礼を言わせて。,"제이, 고맙다는 말 하게 해줘."
16cb18d2a2b26981a5a165feae2e28bb.bundle,結局對話:賴潔和陳家騏,Say,カエ･チン,8,あなたがジュジュを励ましてくれたそうね。,네가 쥬쥬를 격려해줬다면서.
16cb18d2a2b26981a5a165feae2e28bb.bundle,結局對話:賴潔和陳家騏,Branch,#Simple,15,選択をしたのは、あくまでも彼女です。,"선택을 한 건, 어디까지나 그녀입니다."
16cb18d2a2b26981a5a165feae2e28bb.bundle,結局對話:賴潔和陳家騏,Say,カエ･チン,9,確かにそれもあるわね。,확실히 그런 것도 있겠네.
16cb18d2a2b26981a5a165feae2e28bb.bundle,結局對話:賴潔和陳家騏,Say,心の声,0,カエが笑った……,카에가 웃었다……
16cb18d2a2b26981a5a165feae2e28bb.bundle,結局對話:賴潔和陳家騏,Branch,#Simple,16,ジュジュは繊細で照れやですからね。,쥬쥬는 섬세하고 잘 부끄러워하니까요.
16cb18d2a2b26981a5a165feae2e28bb.bundle,結局對話:賴潔和陳家騏,Say,ジュジュ･ライ,23,ちょっと、やめてよ……！,"잠깐, 그만해……!"
16cb18d2a2b26981a5a165feae2e28bb.bundle,結局對話:賴潔和陳家騏,Say,カエ･チン,10,フフッ。,후훗.
16cb18d2a2b26981a5a165feae2e28bb.bundle,結局對話:賴潔和陳家騏,Branch,#Simple,17,……,……
16cb18d2a2b26981a5a165feae2e28bb.bundle,結局對話:賴潔和陳家騏,Say,ジュジュ･ライ,24,もういいでしょ！,이제 됐잖아!
16cb18d2a2b26981a5a165feae2e28bb.bundle,結局對話:賴潔和陳家騏,Branch,#Simple,18,……,……
16cb18d2a2b26981a5a165feae2e28bb.bundle,結局對話:賴潔和陳家騏,Branch,#Simple,19,わかりました。議題は？,알겠습니다. 주제는요?
16cb18d2a2b26981a5a165feae2e28bb.bundle,結局對話:賴潔和陳家騏,Say,ジュジュ･ライ,25,よっしゃー！,좋았어!
16cb18d2a2b26981a5a165feae2e28bb.bundle,結局對話:賴潔和陳家騏,Say,ジュジュ･ライ,26,じゃ、始めましょう！,"그럼, 시작하자!"
16cb18d2a2b26981a5a165feae2e28bb.bundle,結局對話:賴潔和陳家騏,Say,ジュジュ･ライ,27,私、時々思うのだけど……,나 가끔 생각하는데……
16cb18d2a2b26981a5a165feae2e28bb.bundle,結局對話:賴潔和陳家騏,Say,ジュジュ･ライ,28,AIの開発に長年取り組んできた人たちがいるわよね？,AI 개발에 오랫동안 매달려온 사람들이 있잖아?
16cb18d2a2b26981a5a165feae2e28bb.bundle,結局對話:賴潔和陳家騏,Say,ジュジュ･ライ,29,その科学者たちは時間と努力を費やし、AIをできるだけ人間に似せようとしてきた。まるで人間の進化の過程みたいにね。,"그 과학자들은 시간과 노력을 들여서, AI를 최대한 인간과 닮게 만들려고 해왔어. 마치 인간의 진화 과정처럼 말이지."
16cb18d2a2b26981a5a165feae2e28bb.bundle,結局對話:賴潔和陳家騏,Say,ジュジュ･ライ,30,でも私たち人間とAIの根本的な違いは……,근데 우리 인간이랑 AI의 근본적인 차이는……
16cb18d2a2b26981a5a165feae2e28bb.bundle,結局對話:賴潔和陳家騏,Say,ジュジュ･ライ,31,一つの目的だけを一貫することが、できるかどうかなのよ。,하나의 목적만 일관되게 지킬 수 있느냐 없느냐인 거야.
16cb18d2a2b26981a5a165feae2e28bb.bundle,結局對話:賴潔和陳家騏,Say,ジュジュ･ライ,32,それで言うとAIは、最初から最後まで一つの目的のために存在しているようなものよね。,"그렇게 보면 AI는, 처음부터 끝까지 하나의 목적을 위해 존재하는 것 같은 거지."
16cb18d2a2b26981a5a165feae2e28bb.bundle,結局對話:賴潔和陳家騏,Say,ジュジュ･ライ,33,人間からの要求を満たすという目的のために。,인간의 요구를 충족시킨다는 목적을 위해서.
16cb18d2a2b26981a5a165feae2e28bb.bundle,結局對話:賴潔和陳家騏,Say,ジュジュ･ライ,34,たまにさ、AIが人間の要求を間違えることがあるでしょ？,"가끔 말이야, AI가 인간의 요구를 잘못 이해할 때가 있잖아?"
16cb18d2a2b26981a5a165feae2e28bb.bundle,結局對話:賴潔和陳家騏,Say,ジュジュ･ライ,35,……でも、そのほとんどの場合が、人間側の要求が明確なものじゃなことが問題なのよ。,"……근데, 그 대부분은, 인간 쪽 요구가 명확하지 않은 게 문제인 거야."
16cb18d2a2b26981a5a165feae2e28bb.bundle,結局對話:賴潔和陳家騏,Say,ジュジュ･ライ,36,私たちが明確な要求、定義ができないから、AIも目的を達成できない。,"우리가 명확한 요구, 정의를 못 하니까, AI도 목적을 달성 못 하는 거지."
16cb18d2a2b26981a5a165feae2e28bb.bundle,結局對話:賴潔和陳家騏,Say,ジュジュ･ライ,37,でもそのロジックでいくと……,근데 그 논리대로 가면……
16cb18d2a2b26981a5a165feae2e28bb.bundle,結局對話:賴潔和陳家騏,Say,ジュジュ･ライ,38,私たちがAIに求めているものって「目的を設定してもらう」ことなのかも。,우리가 AI한테 바라는 게 '목적을 대신 설정해달라'는 걸지도 몰라.
16cb18d2a2b26981a5a165feae2e28bb.bundle,結局對話:賴潔和陳家騏,Say,ジュジュ･ライ,39,だってこの世の中、目的のない人なんていくらでもいるもの。,"왜냐면 이 세상에, 목적 없는 사람은 얼마든지 있으니까."
16cb18d2a2b26981a5a165feae2e28bb.bundle,結局對話:賴潔和陳家騏,Branch,#Simple,20,確かにそうですね。,확실히 그렇네요.
16cb18d2a2b26981a5a165feae2e28bb.bundle,結局對話:賴潔和陳家騏,Branch,#Simple,21,あまりそうは思いません。,별로 그렇게 생각 안 합니다.
16cb18d2a2b26981a5a165feae2e28bb.bundle,結局對話:賴潔和陳家騏,Say,ジュジュ･ライ,40,じゃ、カエとの議題を発表するね。,"그럼, 카에랑 할 주제를 발표할게."
16cb18d2a2b26981a5a165feae2e28bb.bundle,結局對話:賴潔和陳家騏,Say,ジュジュ･ライ,41,議題は……,주제는……
16cb18d2a2b26981a5a165feae2e28bb.bundle,結局對話:賴潔和陳家騏,Say,ジュジュ･ライ,42,AIにとって、人間は上級の存在なのか、それともAIが人間を超越しているのか。,"AI한테 있어서, 인간은 상위 존재인가, 아니면 AI가 인간을 초월했는가."
16cb18d2a2b26981a5a165feae2e28bb.bundle,結局對話:賴潔和陳家騏,Say,カエ･チン,11,AIは人間を真似るべきではないし、AIはまだ人間を超越していないと思う。,"AI는 인간을 흉내 내면 안 되고, AI는 아직 인간을 초월하지 못했다고 생각해."
16cb18d2a2b26981a5a165feae2e28bb.bundle,結局對話:賴潔和陳家騏,Say,ジュジュ･ライ,43,私はその逆、AIは人間をとっくに超えてる。,"나는 그 반대, AI는 벌써 옛날에 인간을 넘어섰어."
16cb18d2a2b26981a5a165feae2e28bb.bundle,結局對話:賴潔和陳家騏,Say,カエ･チン,12,彼女、おかしいでしょ。,얘 좀 이상하지.
16cb18d2a2b26981a5a165feae2e28bb.bundle,結局對話:賴潔和陳家騏,Say,ジュジュ･ライ,44,ちょっと！,야!
16cb18d2a2b26981a5a165feae2e28bb.bundle,結局對話:賴潔和陳家騏,Say,ジュジュ･ライ,45,考えてみてよ……,생각해봐……
16cb18d2a2b26981a5a165feae2e28bb.bundle,結局對話:賴潔和陳家騏,Say,ジュジュ･ライ,46,AIは時に、私たちには理解できないような決断を下すでしょ。,"AI는 가끔, 우리로선 이해할 수 없는 결정을 내리잖아."
16cb18d2a2b26981a5a165feae2e28bb.bundle,結局對話:賴潔和陳家騏,Say,ジュジュ･ライ,47,でも、それは目的を達成するためのものに過ぎないのよ。,"근데, 그건 목적을 달성하기 위한 것에 불과해."
16cb18d2a2b26981a5a165feae2e28bb.bundle,結局對話:賴潔和陳家騏,Say,ジュジュ･ライ,48,つまり、我々人間が設定した目的。,"즉, 우리 인간이 설정한 목적."
16cb18d2a2b26981a5a165feae2e28bb.bundle,結局對話:賴潔和陳家騏,Branch,#Simple,22,はい……。,네…….
16cb18d2a2b26981a5a165feae2e28bb.bundle,結局對話:賴潔和陳家騏,Say,ジュジュ･ライ,49,わかってくれたみたいね！,이해해준 것 같네!
16cb18d2a2b26981a5a165feae2e28bb.bundle,結局對話:賴潔和陳家騏,Branch,#Simple,23,それは間違っていると思います。,그건 틀렸다고 생각합니다.
16cb18d2a2b26981a5a165feae2e28bb.bundle,結局對話:賴潔和陳家騏,Say,ジュジュ･ライ,50,間違ってる？,틀렸다고?
16cb18d2a2b26981a5a165feae2e28bb.bundle,結局對話:賴潔和陳家騏,Say,ジュジュ･ライ,51,間違ってなんかいないわよ！,틀리긴 뭐가 틀려!
16cb18d2a2b26981a5a165feae2e28bb.bundle,結局對話:賴潔和陳家騏,Branch,#Simple,24,そうですか。,그런가요.
16cb18d2a2b26981a5a165feae2e28bb.bundle,結局對話:賴潔和陳家騏,Branch,#Simple,25,何で私にこんなことを……,왜 나한테 이런 걸……
16cb18d2a2b26981a5a165feae2e28bb.bundle,結局對話:賴潔和陳家騏,Branch,#Simple,26,……,……
16cb18d2a2b26981a5a165feae2e28bb.bundle,結局對話:賴潔和陳家騏,Say,ジュジュ･ライ,52,それは置いといて！,그건 됐고!
16cb18d2a2b26981a5a165feae2e28bb.bundle,結局對話:賴潔和陳家騏,Say,ジュジュ･ライ,53,今のAIと人間を比べたらどう？,지금 AI랑 인간을 비교하면 어때?
16cb18d2a2b26981a5a165feae2e28bb.bundle,結局對話:賴潔和陳家騏,Say,ジュジュ･ライ,54,生殖本能を除いて……,생식 본능은 빼고……
16cb18d2a2b26981a5a165feae2e28bb.bundle,結局對話:賴潔和陳家騏,Say,ジュジュ･ライ,55,この世のすべての生物は、生存が目的よね？,"이 세상 모든 생물은, 생존이 목적이잖아?"
16cb18d2a2b26981a5a165feae2e28bb.bundle,結局對話:賴潔和陳家騏,Say,ジュジュ･ライ,56,人間は生き物の中で最も強く、多種族から生活を脅かされないに……,"인간은 생물 중에서 가장 강해서, 다른 종족한테 생활을 위협받지 않는데……"
16cb18d2a2b26981a5a165feae2e28bb.bundle,結局對話:賴潔和陳家騏,Say,ジュジュ･ライ,57,生存が目的でありながら、自殺をする生き物なの。,"생존이 목적이면서도, 자살을 하는 생물이야."
16cb18d2a2b26981a5a165feae2e28bb.bundle,結局對話:賴潔和陳家騏,Say,ジュジュ･ライ,58,その点で考えると、人間のアルゴリズムはかなり酷いものよ。,"그 점에서 생각하면, 인간의 알고리즘은 꽤 형편없는 거지."
16cb18d2a2b26981a5a165feae2e28bb.bundle,結局對話:賴潔和陳家騏,Branch,#Simple,27,待ってください。人間の存在目的は生存ではないと思います。,잠깐만요. 인간의 존재 목적은 생존이 아니라고 생각합니다.
16cb18d2a2b26981a5a165feae2e28bb.bundle,結局對話:賴潔和陳家騏,Say,ジュジュ･ライ,59,ならもっと面白い。,그럼 더 재밌네.
16cb18d2a2b26981a5a165feae2e28bb.bundle,結局對話:賴潔和陳家騏,Say,ジュジュ･ライ,60,生存じゃなかったら、人間は何のために存在しているの？,"생존이 아니면, 인간은 뭘 위해서 존재하는 건데?"
16cb18d2a2b26981a5a165feae2e28bb.bundle,結局對話:賴潔和陳家騏,Branch,#Simple,28,快楽のため。,쾌락을 위해서.
16cb18d2a2b26981a5a165feae2e28bb.bundle,結局對話:賴潔和陳家騏,Branch,#Simple,29,真理の探求。,진리 탐구.
16cb18d2a2b26981a5a165feae2e28bb.bundle,結局對話:賴潔和陳家騏,Branch,#Simple,30,わかりませんが、それでも生存ではないと思います。,"모르겠지만, 그래도 생존은 아니라고 생각합니다."
16cb18d2a2b26981a5a165feae2e28bb.bundle,結局對話:賴潔和陳家騏,Say,ジュジュ･ライ,61,そうかもしれない。,그럴지도 모르지.
16cb18d2a2b26981a5a165feae2e28bb.bundle,結局對話:賴潔和陳家騏,Say,ジュジュ･ライ,62,でもその答えはとても主観的なものよ。,근데 그 대답은 아주 주관적인 거야.
16cb18d2a2b26981a5a165feae2e28bb.bundle,結局對話:賴潔和陳家騏,Say,ジュジュ･ライ,63,言い換えれば、それは客観的なものではなく、あんた自身の考えよ。,"다시 말하면, 그건 객관적인 게 아니라, 네 자신의 생각이라는 거지."
16cb18d2a2b26981a5a165feae2e28bb.bundle,結局對話:賴潔和陳家騏,Say,ジュジュ･ライ,64,私が討論したいのはそれよ。,내가 토론하고 싶은 게 바로 그거야.
16cb18d2a2b26981a5a165feae2e28bb.bundle,結局對話:賴潔和陳家騏,Say,ジュジュ･ライ,65,命の意義、人間の存在目的……,"생명의 의의, 인간의 존재 목적……"
16cb18d2a2b26981a5a165feae2e28bb.bundle,結局對話:賴潔和陳家騏,Say,ジュジュ･ライ,66,難しい話に聞こえるけど、案外シンプルな問題なのかもしれない。,"어려운 얘기처럼 들리지만, 의외로 단순한 문제일지도 몰라."
16cb18d2a2b26981a5a165feae2e28bb.bundle,結局對話:賴潔和陳家騏,Branch,#Simple,31,……,……
16cb18d2a2b26981a5a165feae2e28bb.bundle,結局對話:賴潔和陳家騏,Say,ジュジュ･ライ,67,人間の知能とは一体何だと思う？,인간의 지능이란 대체 뭐라고 생각해?
16cb18d2a2b26981a5a165feae2e28bb.bundle,結局對話:賴潔和陳家騏,Say,ジュジュ･ライ,68,私は無数に積み上げられた余計な情報だと思うの。,나는 무수히 쌓인 쓸데없는 정보라고 생각해.
16cb18d2a2b26981a5a165feae2e28bb.bundle,結局對話:賴潔和陳家騏,Say,ジュジュ･ライ,69,考えてみてよ。,생각해봐.
16cb18d2a2b26981a5a165feae2e28bb.bundle,結局對話:賴潔和陳家騏,Say,ジュジュ･ライ,70,私たちの人生には無数の矛盾が存在し、一つの情報にだけ集中するなんて不可能なのよ。,"우리 인생에는 무수한 모순이 존재해서, 하나의 정보에만 집중하는 건 불가능한 거야."
16cb18d2a2b26981a5a165feae2e28bb.bundle,結局對話:賴潔和陳家騏,Say,ジュジュ･ライ,71,私たちは、あまりにも多くのことを同時に抱えているから。,"우리는, 너무나 많은 걸 동시에 안고 있으니까."
16cb18d2a2b26981a5a165feae2e28bb.bundle,結局對話:賴潔和陳家騏,Say,ジュジュ･ライ,72,それに！,게다가!
16cb18d2a2b26981a5a165feae2e28bb.bundle,結局對話:賴潔和陳家騏,Say,ジュジュ･ライ,73,私たちが選択をするたびに、無意味なパラメーターも影響を受ける。例えば気分とか、体の調子とか！,"우리가 선택을 할 때마다, 무의미한 변수들도 영향을 받아. 예를 들면 기분이라든가, 몸 컨디션이라든가!"
16cb18d2a2b26981a5a165feae2e28bb.bundle,結局對話:賴潔和陳家騏,Say,ジュジュ･ライ,74,そのせいで人間は非常に複雑なの。だから私たちが下した決断に責任と重さが付きまとう。,그것 때문에 인간은 굉장히 복잡한 거야. 그래서 우리가 내린 결정에 책임과 무게가 따라붙는 거고.
16cb18d2a2b26981a5a165feae2e28bb.bundle,結局對話:賴潔和陳家騏,Say,ジュジュ･ライ,75,でも、あくまでも無意味な情報が重なった結果にすぎない。,"근데, 결국 무의미한 정보가 겹친 결과에 불과해."
16cb18d2a2b26981a5a165feae2e28bb.bundle,結局對話:賴潔和陳家騏,Say,ジュジュ･ライ,76,選択に至るまでのルートに、感情とか無意味なものが立ち塞がって、複雑な道を選ばざるを得ないだけ。,"선택에 이르는 경로에, 감정이나 무의미한 것들이 가로막아서, 복잡한 길을 선택할 수밖에 없는 것뿐이야."
16cb18d2a2b26981a5a165feae2e28bb.bundle,結局對話:賴潔和陳家騏,Say,ジュジュ･ライ,77,なのに、私たちはそれを「自由意志」だのと美化してしまう。,"근데도, 우리는 그걸 '자유의지'니 뭐니 하면서 미화해버려."
16cb18d2a2b26981a5a165feae2e28bb.bundle,結局對話:賴潔和陳家騏,Say,ジュジュ･ライ,78,それに何の価値があるの？,그게 무슨 가치가 있는데?
16cb18d2a2b26981a5a165feae2e28bb.bundle,結局對話:賴潔和陳家騏,Branch,#Simple,32,価値はないように思えますね。,가치는 없는 것 같네요.
16cb18d2a2b26981a5a165feae2e28bb.bundle,結局對話:賴潔和陳家騏,Say,ジュジュ･ライ,79,でしょう！,그치!
16cb18d2a2b26981a5a165feae2e28bb.bundle,結局對話:賴潔和陳家騏,Branch,#Simple,33,じゃ、何に価値があるというのですか？,"그럼, 뭐에 가치가 있다는 겁니까?"
16cb18d2a2b26981a5a165feae2e28bb.bundle,結局對話:賴潔和陳家騏,Say,ジュジュ･ライ,80,それは別の議題よ。,그건 다른 주제야.
16cb18d2a2b26981a5a165feae2e28bb.bundle,結局對話:賴潔和陳家騏,Say,ジュジュ･ライ,81,それまで展開すると、ややこしくなるからさ。,"거기까지 펼치면, 복잡해지니까."
16cb18d2a2b26981a5a165feae2e28bb.bundle,結局對話:賴潔和陳家騏,Say,ジュジュ･ライ,82,私はね、価値とは物理的世界への影響力だと思ってるの。,"나는 말이야, 가치란 물리적 세계에 미치는 영향력이라고 생각해."
16cb18d2a2b26981a5a165feae2e28bb.bundle,結局對話:賴潔和陳家騏,Say,カエ･チン,13,結局、展開するの！？,"결국, 펼치는 거야!?"
16cb18d2a2b26981a5a165feae2e28bb.bundle,結局對話:賴潔和陳家騏,Say,ジュジュ･ライ,83,あ、ごめん。,"아, 미안."
16cb18d2a2b26981a5a165feae2e28bb.bundle,結局對話:賴潔和陳家騏,Branch,#Simple,34,それには賛同できません。,그건 동의할 수 없습니다.
16cb18d2a2b26981a5a165feae2e28bb.bundle,結局對話:賴潔和陳家騏,Say,カエ･チン,14,あら、意外と賢いのね。,"어머, 의외로 똑똑하네."
16cb18d2a2b26981a5a165feae2e28bb.bundle,結局對話:賴潔和陳家騏,Say,ジュジュ･ライ,84,えー！,뭐야!
16cb18d2a2b26981a5a165feae2e28bb.bundle,結局對話:賴潔和陳家騏,Say,カエ･チン,15,じゃ、私の番ね。,"그럼, 내 차례네."
16cb18d2a2b26981a5a165feae2e28bb.bundle,結局對話:賴潔和陳家騏,Say,カエ･チン,16,ジュジュの聞くに堪えない理論では……,쥬쥬의 듣기 힘든 이론으로는……
16cb18d2a2b26981a5a165feae2e28bb.bundle,結局對話:賴潔和陳家騏,Say,ジュジュ･ライ,85,聞くに堪えないって何よ！,듣기 힘들다니 뭐야!
16cb18d2a2b26981a5a165feae2e28bb.bundle,結局對話:賴潔和陳家騏,Say,カエ･チン,17,生物の目的は生存だった。,생물의 목적은 생존이었다.
16cb18d2a2b26981a5a165feae2e28bb.bundle,結局對話:賴潔和陳家騏,Say,カエ･チン,18,しかし、それは違う。生存はただの結果であり、目的ではない。,"하지만, 그건 틀렸어. 생존은 그저 결과일 뿐, 목적이 아니야."
16cb18d2a2b26981a5a165feae2e28bb.bundle,結局對話:賴潔和陳家騏,Say,カエ･チン,19,生物の存在目的が生存だと誰が定義できる？,생물의 존재 목적이 생존이라고 누가 정의할 수 있지?
16cb18d2a2b26981a5a165feae2e28bb.bundle,結局對話:賴潔和陳家騏,Branch,#Simple,35,神様？,신님?
16cb18d2a2b26981a5a165feae2e28bb.bundle,結局對話:賴潔和陳家騏,Say,カエ･チン,20,神様なんて存在しないわ。,신 같은 건 존재 안 해.
16cb18d2a2b26981a5a165feae2e28bb.bundle,結局對話:賴潔和陳家騏,Say,ジュジュ･ライ,86,でも教会に通ってる友人は……,근데 교회 다니는 친구는……
16cb18d2a2b26981a5a165feae2e28bb.bundle,結局對話:賴潔和陳家騏,Say,カエ･チン,21,私は通ってないから、神は存在しない。,"나는 안 다니니까, 신은 존재하지 않아."
16cb18d2a2b26981a5a165feae2e28bb.bundle,結局對話:賴潔和陳家騏,Say,ジュジュ･ライ,87,乱暴な考えだ！,억지스러운 생각이다!
16cb18d2a2b26981a5a165feae2e28bb.bundle,結局對話:賴潔和陳家騏,Say,カエ･チン,22,それと、生物の存在目的が生存であると唱えるのは人間だけよ。,"그리고, 생물의 존재 목적이 생존이라고 주장하는 건 인간뿐이야."
16cb18d2a2b26981a5a165feae2e28bb.bundle,結局對話:賴潔和陳家騏,Say,カエ･チン,23,また死が悪いことだと思っているのも、人間だけ。,"그리고 죽음이 나쁜 거라고 생각하는 것도, 인간뿐이고."
16cb18d2a2b26981a5a165feae2e28bb.bundle,結局對話:賴潔和陳家騏,Say,ジュジュ･ライ,88,宇宙人もそう思ってるかもしれないよ？,외계인도 그렇게 생각할지도 몰라?
16cb18d2a2b26981a5a165feae2e28bb.bundle,結局對話:賴潔和陳家騏,Say,カエ･チン,24,じゃ、人間と宇宙人だけが唱えている！それでいいでしょ！,"그럼, 인간이랑 외계인만 주장하는 거네! 그걸로 됐지!"
16cb18d2a2b26981a5a165feae2e28bb.bundle,結局對話:賴潔和陳家騏,Say,ジュジュ･ライ,89,はいはーい。,네네~.
16cb18d2a2b26981a5a165feae2e28bb.bundle,結局對話:賴潔和陳家騏,Branch,#Simple,36,人間とか？,인간이라든가?
16cb18d2a2b26981a5a165feae2e28bb.bundle,結局對話:賴潔和陳家騏,Say,カエ･チン,25,そうね。,그렇지.
16cb18d2a2b26981a5a165feae2e28bb.bundle,結局對話:賴潔和陳家騏,Say,カエ･チン,26,人間にその判断をする資格があるかどうかはさて置き、事実、私たちは生存こそが目的だと思っている。,"인간한테 그 판단을 할 자격이 있는지는 제쳐두고, 사실, 우리는 생존이야말로 목적이라고 생각하고 있어."
16cb18d2a2b26981a5a165feae2e28bb.bundle,結局對話:賴潔和陳家騏,Say,カエ･チン,27,でも、あくまでもそれは、人間自身の見解に過ぎない。,"근데, 어디까지나 그건, 인간 자신의 견해에 불과해."
16cb18d2a2b26981a5a165feae2e28bb.bundle,結局對話:賴潔和陳家騏,Say,カエ･チン,28,つまり正しいかどうかわからないの。,즉 옳은지 아닌지 모르는 거야.
16cb18d2a2b26981a5a165feae2e28bb.bundle,結局對話:賴潔和陳家騏,Say,カエ･チン,29,例えば、生物の存在目的は……,"예를 들면, 생물의 존재 목적은……"
16cb18d2a2b26981a5a165feae2e28bb.bundle,結局對話:賴潔和陳家騏,Say,カエ･チン,30,上級文明を作り上げ、宇宙をリセットするためかもしれない。,"상위 문명을 만들어내서, 우주를 리셋하기 위해서일지도 몰라."
16cb18d2a2b26981a5a165feae2e28bb.bundle,結局對話:賴潔和陳家騏,Branch,#Simple,37,はい？,네?
16cb18d2a2b26981a5a165feae2e28bb.bundle,結局對話:賴潔和陳家騏,Say,ジュジュ･ライ,90,はい？,네?
16cb18d2a2b26981a5a165feae2e28bb.bundle,結局對話:賴潔和陳家騏,Branch,#Simple,38,そうかもしれません。,그럴지도 모르겠네요.
16cb18d2a2b26981a5a165feae2e28bb.bundle,結局對話:賴潔和陳家騏,Say,ジュジュ･ライ,91,ハハ、もう真面目に聞く気ないみたいだね。,"하하, 이제 진지하게 들을 마음 없는 것 같네."
16cb18d2a2b26981a5a165feae2e28bb.bundle,結局對話:賴潔和陳家騏,Say,カエ･チン,31,あなたは黙ってて。,너는 조용히 있어.
16cb18d2a2b26981a5a165feae2e28bb.bundle,結局對話:賴潔和陳家騏,Branch,#Simple,39,……,……
16cb18d2a2b26981a5a165feae2e28bb.bundle,結局對話:賴潔和陳家騏,Say,カエ･チン,32,とにかく、生物の存在目的が生存という理論は成り立たないのよ。,"아무튼, 생물의 존재 목적이 생존이라는 이론은 성립하지 않아."
16cb18d2a2b26981a5a165feae2e28bb.bundle,結局對話:賴潔和陳家騏,Say,カエ･チン,33,そもそも、生物とはこの宇宙の他の事象と同じく……,"애초에, 생물이란 이 우주의 다른 현상들과 마찬가지로……"
16cb18d2a2b26981a5a165feae2e28bb.bundle,結局對話:賴潔和陳家騏,Say,カエ･チン,34,ただの現象であり、そのもの自体に意義はないのよ。,"그냥 하나의 현상일 뿐이고, 그 자체에 의의는 없는 거야."
16cb18d2a2b26981a5a165feae2e28bb.bundle,結局對話:賴潔和陳家騏,Say,ジュジュ･ライ,92,ニヒリズムだ。,허무주의네.
16cb18d2a2b26981a5a165feae2e28bb.bundle,結局對話:賴潔和陳家騏,Branch,#Simple,40,それは、議題と何の関係があるんですか？,"그게, 주제랑 무슨 관계가 있는 겁니까?"
16cb18d2a2b26981a5a165feae2e28bb.bundle,結局對話:賴潔和陳家騏,Say,カエ･チン,35,すべてが関係してる。,전부 관계있어.
16cb18d2a2b26981a5a165feae2e28bb.bundle,結局對話:賴潔和陳家騏,Branch,#Simple,41,つまりすべてのものに意義はないと？,즉 모든 것에 의의는 없다고?
16cb18d2a2b26981a5a165feae2e28bb.bundle,結局對話:賴潔和陳家騏,Say,カエ･チン,36,そうとも言えるわね……,그렇다고도 할 수 있겠네……
16cb18d2a2b26981a5a165feae2e28bb.bundle,結局對話:賴潔和陳家騏,Branch,#Simple,42,……,……
16cb18d2a2b26981a5a165feae2e28bb.bundle,結局對話:賴潔和陳家騏,Say,カエ･チン,37,すべてのものに意義がないと言うのなら、私たち自身で意義を定義すればいいのよ。,"모든 것에 의의가 없다고 한다면, 우리 스스로 의의를 정의하면 되는 거야."
16cb18d2a2b26981a5a165feae2e28bb.bundle,結局對話:賴潔和陳家騏,Branch,#Simple,43,振り出しに戻っていませんか？,원점으로 돌아간 거 아닌가요?
16cb18d2a2b26981a5a165feae2e28bb.bundle,結局對話:賴潔和陳家騏,Say,カエ･チン,38,そうね、でも……,"그렇지, 근데……"
16cb18d2a2b26981a5a165feae2e28bb.bundle,結局對話:賴潔和陳家騏,Branch,#Simple,44,……,……
16cb18d2a2b26981a5a165feae2e28bb.bundle,結局對話:賴潔和陳家騏,Say,カエ･チン,39,それぞれが、意義を定義できるという点に価値があると思うの。,"각자가, 의의를 정의할 수 있다는 점에 가치가 있다고 생각해."
16cb18d2a2b26981a5a165feae2e28bb.bundle,結局對話:賴潔和陳家騏,Say,カエ･チン,40,そしてこれは、AIにはできない芸当よ。,"그리고 이건, AI는 할 수 없는 재주야."
16cb18d2a2b26981a5a165feae2e28bb.bundle,結局對話:賴潔和陳家騏,Say,カエ･チン,41,AIは高性能の知能と、効率を兼ね備えているけど、あくまでも工具でしかない。,"AI는 고성능 지능이랑, 효율을 겸비하고 있지만, 어디까지나 도구에 불과해."
16cb18d2a2b26981a5a165feae2e28bb.bundle,結局對話:賴潔和陳家騏,Say,カエ･チン,42,車があるからって、馬の存在意義がなくなったとは言えないでしょう？,"차가 있다고 해서, 말의 존재 의의가 없어졌다고는 할 수 없잖아?"
16cb18d2a2b26981a5a165feae2e28bb.bundle,結局對話:賴潔和陳家騏,Say,ジュジュ･ライ,93,フン……,흥……
16cb18d2a2b26981a5a165feae2e28bb.bundle,結局對話:賴潔和陳家騏,Say,カエ･チン,43,なに？,왜?
16cb18d2a2b26981a5a165feae2e28bb.bundle,結局對話:賴潔和陳家騏,Say,ジュジュ･ライ,94,その言い方だと……,그 말투로 보면……
16cb18d2a2b26981a5a165feae2e28bb.bundle,結局對話:賴潔和陳家騏,Say,ジュジュ･ライ,95,AI自身で物事を定義できるようになれば……,AI 스스로 사물을 정의할 수 있게 되면……
16cb18d2a2b26981a5a165feae2e28bb.bundle,結局對話:賴潔和陳家騏,Say,ジュジュ･ライ,96,人間を超越していると言えるってこと？,인간을 초월했다고 할 수 있다는 거야?
16cb18d2a2b26981a5a165feae2e28bb.bundle,結局對話:賴潔和陳家騏,Say,カエ･チン,44,問題は、それが不可能だってことね。,"문제는, 그게 불가능하다는 거지."
16cb18d2a2b26981a5a165feae2e28bb.bundle,結局對話:賴潔和陳家騏,Say,ジュジュ･ライ,97,待ってなさい。何年後かに、きっとそれが可能なAIが発明されるから！,"기다려. 몇 년 뒤에, 분명 그게 가능한 AI가 발명될 테니까!"
16cb18d2a2b26981a5a165feae2e28bb.bundle,結局對話:賴潔和陳家騏,Say,ジュジュ･ライ,98,そうなれば、人間の知能が大した事ないってことが証明される。,"그렇게 되면, 인간의 지능이 별거 아니라는 게 증명되는 거야."
16cb18d2a2b26981a5a165feae2e28bb.bundle,結局對話:賴潔和陳家騏,Say,カエ･チン,45,証明も何も、現時点でも、AIが人間を超えているのではと心配してる人がいっぱいいるわ。,"증명이고 뭐고, 지금 시점에도, AI가 인간을 넘어선 게 아니냐고 걱정하는 사람이 잔뜩 있어."
16cb18d2a2b26981a5a165feae2e28bb.bundle,結局對話:賴潔和陳家騏,Say,ジュジュ･ライ,99,私と同じく、人間がAIに劣っていると考える人がたくさんいるのね。,"나랑 마찬가지로, 인간이 AI보다 못하다고 생각하는 사람이 많다는 거네."
16cb18d2a2b26981a5a165feae2e28bb.bundle,結局對話:賴潔和陳家騏,Say,カエ･チン,46,そんなこと言ってると、いつか痛い目を見るわよ。,"그런 소리 하다간, 언젠가 큰코다칠 거야."
16cb18d2a2b26981a5a165feae2e28bb.bundle,結局對話:賴潔和陳家騏,Say,ジュジュ･ライ,100,可能性の話でしょ～,가능성 얘기잖아~
16cb18d2a2b26981a5a165feae2e28bb.bundle,結局對話:賴潔和陳家騏,Say,ジュジュ･ライ,101,それで、ジェイはどう思った？,"그래서, 제이는 어떻게 생각했어?"
16cb18d2a2b26981a5a165feae2e28bb.bundle,結局對話:賴潔和陳家騏,Say,ジュジュ･ライ,102,どっちが正しいと思う？,누가 맞다고 생각해?
16cb18d2a2b26981a5a165feae2e28bb.bundle,結局對話:賴潔和陳家騏,Branch,#Simple,45,ジュジュ。,쥬쥬.
16cb18d2a2b26981a5a165feae2e28bb.bundle,結局對話:賴潔和陳家騏,Say,ジュジュ･ライ,103,当たり前の答えね。,뻔한 대답이네.
16cb18d2a2b26981a5a165feae2e28bb.bundle,結局對話:賴潔和陳家騏,Say,カエ･チン,47,……え？,……어?
16cb18d2a2b26981a5a165feae2e28bb.bundle,結局對話:賴潔和陳家騏,Say,カエ･チン,48,理由は？,이유는?
16cb18d2a2b26981a5a165feae2e28bb.bundle,結局對話:賴潔和陳家騏,Branch,#Simple,46,人の知能もまた、物理現象だと思います。,"인간의 지능도 역시, 물리 현상이라고 생각합니다."
16cb18d2a2b26981a5a165feae2e28bb.bundle,結局對話:賴潔和陳家騏,Branch,#Simple,47,誰もが自由に定義できるなら、討論自体に意義がなくなります。,"누구든 자유롭게 정의할 수 있다면, 토론 자체에 의의가 없어집니다."
16cb18d2a2b26981a5a165feae2e28bb.bundle,結局對話:賴潔和陳家騏,Say,カエ･チン,49,……,……
16cb18d2a2b26981a5a165feae2e28bb.bundle,結局對話:賴潔和陳家騏,Say,カエ･チン,50,なるほど。,그렇군.
16cb18d2a2b26981a5a165feae2e28bb.bundle,結局對話:賴潔和陳家騏,Branch,#Simple,48,勘で選びました。,감으로 골랐습니다.
16cb18d2a2b26981a5a165feae2e28bb.bundle,結局對話:賴潔和陳家騏,Say,カエ･チン,51,……は？,……뭐?
16cb18d2a2b26981a5a165feae2e28bb.bundle,結局對話:賴潔和陳家騏,Say,ジュジュ･ライ,104,ハハハ、傑作ね！,"하하하, 걸작이네!"
16cb18d2a2b26981a5a165feae2e28bb.bundle,結局對話:賴潔和陳家騏,Say,ジュジュ･ライ,105,私の勝ちよ！,내 승리야!
16cb18d2a2b26981a5a165feae2e28bb.bundle,結局對話:賴潔和陳家騏,Say,カエ･チン,52,……他の人にも聞いてくる。,……다른 사람한테도 물어보고 올게.
16cb18d2a2b26981a5a165feae2e28bb.bundle,結局對話:賴潔和陳家騏,Say,ジュジュ･ライ,106,は？他人を巻き込むなって言ったのはそっちでしょ？,뭐? 다른 사람 끌어들이지 말라고 한 건 너잖아?
16cb18d2a2b26981a5a165feae2e28bb.bundle,結局對話:賴潔和陳家騏,Say,カエ･チン,53,そんなの忘れた！,그런 거 잊었어!
16cb18d2a2b26981a5a165feae2e28bb.bundle,結局對話:賴潔和陳家騏,Say,ジュジュ･ライ,107,ハハハハ！,하하하하!
16cb18d2a2b26981a5a165feae2e28bb.bundle,結局對話:賴潔和陳家騏,Branch,#Simple,49,カエ。,카에.
16cb18d2a2b26981a5a165feae2e28bb.bundle,結局對話:賴潔和陳家騏,Say,ジュジュ･ライ,108,は？,뭐?
16cb18d2a2b26981a5a165feae2e28bb.bundle,結局對話:賴潔和陳家騏,Say,カエ･チン,54,正しい答えね。,옳은 대답이네.
16cb18d2a2b26981a5a165feae2e28bb.bundle,結局對話:賴潔和陳家騏,Say,ジュジュ･ライ,109,どうしてそう思うの？,왜 그렇게 생각하는데?
16cb18d2a2b26981a5a165feae2e28bb.bundle,結局對話:賴潔和陳家騏,Branch,#Simple,50,客観的に見ても、人間の存在目的は生存ではないと思います。,"객관적으로 봐도, 인간의 존재 목적은 생존이 아니라고 생각합니다."
16cb18d2a2b26981a5a165feae2e28bb.bundle,結局對話:賴潔和陳家騏,Say,カエ･チン,55,つまり、各個体で存在目的を定義するしかないってことよ！,"즉, 각 개체가 존재 목적을 정의할 수밖에 없다는 거야!"
16cb18d2a2b26981a5a165feae2e28bb.bundle,結局對話:賴潔和陳家騏,Branch,#Simple,51,私は「自分」の存在を理解できますが、AIにはそれができません。,"저는 '자신'의 존재를 이해할 수 있지만, AI는 그게 불가능합니다."
16cb18d2a2b26981a5a165feae2e28bb.bundle,結局對話:賴潔和陳家騏,Say,ジュジュ･ライ,110,フン……,흥……
16cb18d2a2b26981a5a165feae2e28bb.bundle,結局對話:賴潔和陳家騏,Say,カエ･チン,56,負けを認めなさい。,패배를 인정해.
16cb18d2a2b26981a5a165feae2e28bb.bundle,結局對話:賴潔和陳家騏,Say,ジュジュ･ライ,111,……,……
16cb18d2a2b26981a5a165feae2e28bb.bundle,結局對話:賴潔和陳家騏,Say,ジュジュ･ライ,112,嫌だ。他の人にも聞いてくる！,싫어. 다른 사람한테도 물어보고 올 거야!
16cb18d2a2b26981a5a165feae2e28bb.bundle,結局對話:賴潔和陳家騏,Say,カエ･チン,57,また？,또?
16cb18d2a2b26981a5a165feae2e28bb.bundle,結局對話:賴潔和陳家騏,Say,ジュジュ･ライ,113,もちろんよ！,당연하지!
16cb18d2a2b26981a5a165feae2e28bb.bundle,結局對話:賴潔和陳家騏,Branch,#Simple,52,私は棄権します。,저는 기권하겠습니다.
16cb18d2a2b26981a5a165feae2e28bb.bundle,結局對話:賴潔和陳家騏,Say,ジュジュ･ライ,114,ちょっと、棄権は却下よ！,"잠깐, 기권은 안 돼!"
16cb18d2a2b26981a5a165feae2e28bb.bundle,結局對話:賴潔和陳家騏,Say,カエ･チン,58,だって、彼は無理やりにジュジュに巻き込まれただけだもの。,"왜냐면, 얘는 억지로 쥬쥬한테 끌려들어간 것뿐이잖아."
16cb18d2a2b26981a5a165feae2e28bb.bundle,結局對話:賴潔和陳家騏,Say,ジュジュ･ライ,115,無理やりじゃない！,억지 아니야!
16cb18d2a2b26981a5a165feae2e28bb.bundle,結局對話:賴潔和陳家騏,Say,カエ･チン,59,ごめなさい、ジェイ。うちのジュジュが迷惑をかけたわね。,"미안해, 제이. 우리 쥬쥬가 폐를 끼쳤네."
16cb18d2a2b26981a5a165feae2e28bb.bundle,結局對話:賴潔和陳家騏,Say,ジュジュ･ライ,116,誰がうちのだー！,누가 우리 거야!
16cb18d2a2b26981a5a165feae2e28bb.bundle,結局對話:賴潔和陳家騏,Say,ジュジュ･ライ,117,ともかく、話を聞いてくれてありがとう。,"아무튼, 얘기 들어줘서 고마워."
16cb18d2a2b26981a5a165feae2e28bb.bundle,結局對話:賴潔和陳家騏,Say,カエ･チン,60,ジュジュの狂言に付き合ってくれてありがとうね。,쥬쥬의 헛소리 상대해줘서 고마워.
16cb18d2a2b26981a5a165feae2e28bb.bundle,結局對話:賴潔和陳家騏,Branch,#Simple,53,いえいえ。,아니에요.
16cb18d2a2b26981a5a165feae2e28bb.bundle,結局對話:賴潔和陳家騏,Branch,#Simple,54,頭が割れそうでした。,머리가 쪼개질 것 같았어요.
16cb18d2a2b26981a5a165feae2e28bb.bundle,結局對話:賴潔和陳家騏,Say,ジュジュ･ライ,118,いいことじゃん。,좋은 거잖아.
16cb18d2a2b26981a5a165feae2e28bb.bundle,結局對話:賴潔和陳家騏,Say,カエ･チン,61,同感。,동감.
16cb18d2a2b26981a5a165feae2e28bb.bundle,結局對話:賴潔和陳家騏,Branch,#Simple,55,ジュジュと、どこまで進みましたか？,"쥬쥬랑, 어디까지 진전됐어요?"
16cb18d2a2b26981a5a165feae2e28bb.bundle,結局對話:賴潔和陳家騏,Say,カエ･チン,62,やっとデートの約束をしたところ。,이제 막 데이트 약속을 잡은 참이야.
16cb18d2a2b26981a5a165feae2e28bb.bundle,結局對話:賴潔和陳家騏,Say,ジュジュ･ライ,119,ちょっ、勝手に……！,"잠, 마음대로……!"
16cb18d2a2b26981a5a165feae2e28bb.bundle,結局對話:賴潔和陳家騏,Say,カエ･チン,63,なに？デートしたくないの？,왜? 데이트하기 싫어?
16cb18d2a2b26981a5a165feae2e28bb.bundle,結局對話:賴潔和陳家騏,Say,ジュジュ･ライ,120,べ、別にそういうことじゃ……,"따, 딱히 그런 게 아니라……"
16cb18d2a2b26981a5a165feae2e28bb.bundle,結局對話:賴潔和陳家騏,Say,カエ･チン,64,まあ、こんな感じね。,"뭐, 이런 느낌이야."
16cb18d2a2b26981a5a165feae2e28bb.bundle,結局對話:賴潔和陳家騏,Say,カエ･チン,65,そうだ、ちょうどいいわ……,"맞다, 마침 잘됐네……"
16cb18d2a2b26981a5a165feae2e28bb.bundle,結局對話:賴潔和陳家騏,Say,カエ･チン,66,ジェイ、お礼を言わせて。,"제이, 고맙다는 말 하게 해줘."
16cb18d2a2b26981a5a165feae2e28bb.bundle,結局對話:賴潔和陳家騏,Say,カエ･チン,67,あなたがジュジュを励ましてくれたそうね。,네가 쥬쥬를 격려해줬다면서.
16cb18d2a2b26981a5a165feae2e28bb.bundle,結局對話:賴潔和陳家騏,Branch,#Simple,56,選択をしたのは、あくまでも彼女です。,"선택을 한 건, 어디까지나 그녀입니다."
16cb18d2a2b26981a5a165feae2e28bb.bundle,結局對話:賴潔和陳家騏,Say,カエ･チン,68,確かにそれもあるわね。,확실히 그런 것도 있겠네.
16cb18d2a2b26981a5a165feae2e28bb.bundle,結局對話:賴潔和陳家騏,Say,心の声,1,カエが笑った……,카에가 웃었다……
16cb18d2a2b26981a5a165feae2e28bb.bundle,結局對話:賴潔和陳家騏,Branch,#Simple,57,ジュジュは繊細で照れやですからね。,쥬쥬는 섬세하고 잘 부끄러워하니까요.
16cb18d2a2b26981a5a165feae2e28bb.bundle,結局對話:賴潔和陳家騏,Say,ジュジュ･ライ,121,ちょっと、やめてよ……！,"잠깐, 그만해……!"
16cb18d2a2b26981a5a165feae2e28bb.bundle,結局對話:賴潔和陳家騏,Say,カエ･チン,69,フフッ。,후훗.
16cb18d2a2b26981a5a165feae2e28bb.bundle,結局對話:賴潔和陳家騏,Branch,#Simple,58,……,……
16cb18d2a2b26981a5a165feae2e28bb.bundle,結局對話:賴潔和陳家騏,Say,ジュジュ･ライ,122,もういいでしょ！,이제 됐잖아!
16cb18d2a2b26981a5a165feae2e28bb.bundle,結局對話:賴潔和陳家騏,Say,ジュジュ･ライ,123,じゃ、また後でね。,"그럼, 이따 봐."
16cb18d2a2b26981a5a165feae2e28bb.bundle,結局對話:賴潔和陳家騏,Branch,#Simple,59,はい、また。,"네, 이따 봬요."
16cb18d2a2b26981a5a165feae2e28bb.bundle,結局對話:賴潔和陳家騏,Branch,#Simple,60,あなた方と知り合えてよかったです。,두 분과 알게 되어서 좋았습니다.
16cb18d2a2b26981a5a165feae2e28bb.bundle,結局對話:賴潔和陳家騏,Say,カエ･チン,70,こちらこそよ。,나야말로.
16cb18d2a2b26981a5a165feae2e28bb.bundle,結局對話:賴潔和陳家騏,Say,ジュジュ･ライ,124,……,……
16cb18d2a2b26981a5a165feae2e28bb.bundle,結局對話:賴潔和陳家騏,Say,カエ･チン,71,どうしたの、ジュジュ。,"왜 그래, 쥬쥬."
16cb18d2a2b26981a5a165feae2e28bb.bundle,結局對話:賴潔和陳家騏,Say,ジュジュ･ライ,125,もう会えないみたいな言い方じゃない？,이제 못 만날 것 같은 말투 아니야?
16cb18d2a2b26981a5a165feae2e28bb.bundle,結局對話:賴潔和陳家騏,Branch,#Simple,61,そういう意味ではありません。,그런 뜻은 아닙니다.
16cb18d2a2b26981a5a165feae2e28bb.bundle,結局對話:賴潔和陳家騏,Say,ジュジュ･ライ,126,……そう。,……그래.
16cb18d2a2b26981a5a165feae2e28bb.bundle,結局對話:賴潔和陳家騏,Say,カエ･チン,72,ジュジュが考えすぎなのよ。,쥬쥬가 너무 깊이 생각하는 거야.
16cb18d2a2b26981a5a165feae2e28bb.bundle,結局對話:賴潔和陳家騏,Branch,#Simple,62,もうサイレントに来ることはないと思います。,이제 사일런트에 올 일은 없을 것 같습니다.
16cb18d2a2b26981a5a165feae2e28bb.bundle,結局對話:賴潔和陳家騏,Say,カエ･チン,73,……え？,……어?
16cb18d2a2b26981a5a165feae2e28bb.bundle,結局對話:賴潔和陳家騏,Say,ジュジュ･ライ,127,カエ、しーっ。,"카에, 쉿."
16cb18d2a2b26981a5a165feae2e28bb.bundle,結局對話:賴潔和陳家騏,Say,カエ･チン,74,でも……,근데……
16cb18d2a2b26981a5a165feae2e28bb.bundle,結局對話:賴潔和陳家騏,Say,ジュジュ･ライ,128,ジェイが理由を言わないってことは、言いたくないってことよ。,"제이가 이유를 말 안 한다는 건, 말하고 싶지 않다는 거야."
16cb18d2a2b26981a5a165feae2e28bb.bundle,結局對話:賴潔和陳家騏,Say,ジュジュ･ライ,129,だから事情は聞かない、元気でね。,"그러니까 사정은 안 물을게, 잘 지내."
16cb18d2a2b26981a5a165feae2e28bb.bundle,結局對話:賴潔和陳家騏,Branch,#Simple,63,ありがとうございます。,감사합니다.
16cb18d2a2b26981a5a165feae2e28bb.bundle,結局對話:賴潔和陳家騏,Branch,#Simple,64,……,……
16cb18d2a2b26981a5a165feae2e28bb.bundle,結局對話:賴潔和陳家騏,Say,ジュジュ･ライ,130,じゃ、これが最後の会話ね。,"그럼, 이게 마지막 대화네."
16cb18d2a2b26981a5a165feae2e28bb.bundle,結局對話:賴潔和陳家騏,Say,ジュジュ･ライ,131,それでも私は、またあんたと話したいって思うよ。,"그래도 나는, 또 너랑 얘기하고 싶다고 생각해."
16cb18d2a2b26981a5a165feae2e28bb.bundle,結局對話:賴潔和陳家騏,Branch,#Simple,65,……,……
16cb18d2a2b26981a5a165feae2e28bb.bundle,第三次賴潔和陳家騏,Say,ジュジュ･ライ,0,よっ！,어이!
16cb18d2a2b26981a5a165feae2e28bb.bundle,第三次賴潔和陳家騏,Branch,#Simple,0,どうも。,안녕하세요.
16cb18d2a2b26981a5a165feae2e28bb.bundle,第三次賴潔和陳家騏,Branch,#Simple,1,ここで何を？,여기서 뭐 해?
16cb18d2a2b26981a5a165feae2e28bb.bundle,第三次賴潔和陳家騏,Say,ジュジュ･ライ,1,えっと……,그게……
16cb18d2a2b26981a5a165feae2e28bb.bundle,第三次賴潔和陳家騏,Branch,#Simple,2,……,……
16cb18d2a2b26981a5a165feae2e28bb.bundle,第三次賴潔和陳家騏,Say,ジュジュ･ライ,2,はぁ……,하아……
16cb18d2a2b26981a5a165feae2e28bb.bundle,第三次賴潔和陳家騏,Say,ジュジュ･ライ,3,実は昨日の件の後、確認してみたら……,"실은 어제 그 건 있고 나서, 확인해봤더니……"
16cb18d2a2b26981a5a165feae2e28bb.bundle,第三次賴潔和陳家騏,Say,ジュジュ･ライ,4,確かにセラーは止まってるけど、私たちエンジニアには、まだやれることがあるってわかったの。,"확실히 셀러는 멈춰있지만, 우리 엔지니어들이 아직 할 수 있는 게 있다는 걸 알았어."
16cb18d2a2b26981a5a165feae2e28bb.bundle,第三次賴潔和陳家騏,Say,ジュジュ･ライ,5,だから少しでも作業員たちの力になれればと思って、ここに来たの。,"그래서 조금이라도 작업원들한테 도움이 됐으면 해서, 여기 온 거야."
16cb18d2a2b26981a5a165feae2e28bb.bundle,第三次賴潔和陳家騏,Say,ジュジュ･ライ,6,操作組の皆には声をかけてみたけど、何人来るかはわからない。,"조작조 사람들한테는 말해봤는데, 몇 명이 올지는 몰라."
16cb18d2a2b26981a5a165feae2e28bb.bundle,第三次賴潔和陳家騏,Say,ジュジュ･ライ,7,……,……
16cb18d2a2b26981a5a165feae2e28bb.bundle,第三次賴潔和陳家騏,Say,ジュジュ･ライ,8,カエは来るって言ってたけどね。,카에는 온다고 했지만.
16cb18d2a2b26981a5a165feae2e28bb.bundle,第三次賴潔和陳家騏,Say,ジュジュ･ライ,9,ここで落ち合う約束をしてるの。,여기서 만나기로 약속해뒀어.
16cb18d2a2b26981a5a165feae2e28bb.bundle,第三次賴潔和陳家騏,Say,心の声,0,気のせいか？ジュジュが少し落ち込んでいるように見える……,착각인가? 쥬쥬가 조금 풀 죽어 보인다……
16cb18d2a2b26981a5a165feae2e28bb.bundle,第三次賴潔和陳家騏,Branch,#Simple,3,そうでしたか。,그러셨군요.
16cb18d2a2b26981a5a165feae2e28bb.bundle,第三次賴潔和陳家騏,Branch,#Simple,4,ジュジュ、大丈夫ですか？,"쥬쥬, 괜찮아요?"
16cb18d2a2b26981a5a165feae2e28bb.bundle,第三次賴潔和陳家騏,Say,ジュジュ･ライ,10,え……？,어……?
16cb18d2a2b26981a5a165feae2e28bb.bundle,第三次賴潔和陳家騏,Say,ジュジュ･ライ,11,ああ……えっと……,아……그게……
16cb18d2a2b26981a5a165feae2e28bb.bundle,第三次賴潔和陳家騏,Say,ジュジュ･ライ,12,……,……
16cb18d2a2b26981a5a165feae2e28bb.bundle,第三次賴潔和陳家騏,Say,ジュジュ･ライ,13,昨日、私とカエの会話を盗み聞きしてたでしょう？,"어제, 나랑 카에 대화 엿들었지?"
16cb18d2a2b26981a5a165feae2e28bb.bundle,第三次賴潔和陳家騏,Say,心の声,1,バレてたのか……,들켰구나……
16cb18d2a2b26981a5a165feae2e28bb.bundle,第三次賴潔和陳家騏,Branch,#Simple,5,はい。,네.
16cb18d2a2b26981a5a165feae2e28bb.bundle,第三次賴潔和陳家騏,Branch,#Simple,6,たまたま通りがかっただけです。,그냥 우연히 지나가던 것뿐입니다.
16cb18d2a2b26981a5a165feae2e28bb.bundle,第三次賴潔和陳家騏,Say,ジュジュ･ライ,14,5分くらい立ち止まってたじゃん。,5분 정도 멈춰 서 있었잖아.
16cb18d2a2b26981a5a165feae2e28bb.bundle,第三次賴潔和陳家騏,Say,心の声,2,……,……
16cb18d2a2b26981a5a165feae2e28bb.bundle,第三次賴潔和陳家騏,Branch,#Simple,7,すみません。,죄송합니다.
16cb18d2a2b26981a5a165feae2e28bb.bundle,第三次賴潔和陳家騏,Branch,#Simple,8,何の話ですか？,무슨 얘기였는데요?
16cb18d2a2b26981a5a165feae2e28bb.bundle,第三次賴潔和陳家騏,Branch,#Simple,9,……,……
16cb18d2a2b26981a5a165feae2e28bb.bundle,第三次賴潔和陳家騏,Say,ジュジュ･ライ,15,アハハ、別に怒ってないからさ。,"아하하, 딱히 화난 거 아니니까."
16cb18d2a2b26981a5a165feae2e28bb.bundle,第三次賴潔和陳家騏,Branch,#Simple,10,盗み聞き？,엿들었다고요?
16cb18d2a2b26981a5a165feae2e28bb.bundle,第三次賴潔和陳家騏,Say,ジュジュ･ライ,16,セラーの件が終わった後に……,셀러 건이 끝난 다음에……
16cb18d2a2b26981a5a165feae2e28bb.bundle,第三次賴潔和陳家騏,Say,ジュジュ･ライ,17,セラさんとシュンがサイレントを出た後に,세라 씨랑 슌이 사일런트를 나간 후에
16cb18d2a2b26981a5a165feae2e28bb.bundle,第三次賴潔和陳家騏,Say,ジュジュ･ライ,18,私とカエが仕事の話をしてたでしょう？,나랑 카에가 일 얘기하고 있었잖아?
16cb18d2a2b26981a5a165feae2e28bb.bundle,第三次賴潔和陳家騏,Say,ジュジュ･ライ,19,思い出した？,생각났어?
16cb18d2a2b26981a5a165feae2e28bb.bundle,第三次賴潔和陳家騏,Say,ジュジュ･ライ,20,……,……
16cb18d2a2b26981a5a165feae2e28bb.bundle,第三次賴潔和陳家騏,Say,ジュジュ･ライ,21,あんたはその話を聞いて、どう思った？,"너는 그 얘기 듣고, 어떻게 생각했어?"
16cb18d2a2b26981a5a165feae2e28bb.bundle,第三次賴潔和陳家騏,Say,ジュジュ･ライ,22,私を傲慢な人間だと思った？,나를 오만한 인간이라고 생각했어?
16cb18d2a2b26981a5a165feae2e28bb.bundle,第三次賴潔和陳家騏,Branch,#Simple,11,そうは思いませんでした。,그렇게 생각하지 않았습니다.
16cb18d2a2b26981a5a165feae2e28bb.bundle,第三次賴潔和陳家騏,Say,ジュジュ･ライ,23,……そう。,……그래.
16cb18d2a2b26981a5a165feae2e28bb.bundle,第三次賴潔和陳家騏,Say,ジュジュ･ライ,24,ありがとう。,고마워.
16cb18d2a2b26981a5a165feae2e28bb.bundle,第三次賴潔和陳家騏,Branch,#Simple,12,思わなかったとは、言えないですね,"안 그랬다고는, 말 못 하겠네요"
16cb18d2a2b26981a5a165feae2e28bb.bundle,第三次賴潔和陳家騏,Branch,#Simple,13,傲慢ではありますが、あなたはそれを自覚しています。,"오만하긴 하지만, 본인이 그걸 자각하고 있으니까요."
16cb18d2a2b26981a5a165feae2e28bb.bundle,第三次賴潔和陳家騏,Branch,#Simple,14,まだジュジュのことをよく知らないから、何とも言えません。,"아직 쥬쥬 씨를 잘 모르니까, 뭐라 말할 수 없어요."
16cb18d2a2b26981a5a165feae2e28bb.bundle,第三次賴潔和陳家騏,Say,ジュジュ･ライ,25,ハハ。,하하.
16cb18d2a2b26981a5a165feae2e28bb.bundle,第三次賴潔和陳家騏,Say,ジュジュ･ライ,26,そうね。,그렇지.
16cb18d2a2b26981a5a165feae2e28bb.bundle,第三次賴潔和陳家騏,Say,ジュジュ･ライ,27,……,……
16cb18d2a2b26981a5a165feae2e28bb.bundle,第三次賴潔和陳家騏,Say,ジュジュ･ライ,28,あー、もう！,"아, 진짜!"
16cb18d2a2b26981a5a165feae2e28bb.bundle,第三次賴潔和陳家騏,Say,ジュジュ･ライ,29,ごめんね。,미안해.
16cb18d2a2b26981a5a165feae2e28bb.bundle,第三次賴潔和陳家騏,Say,ジュジュ･ライ,30,急にこんな話をして……,갑자기 이런 얘기 해서……
16cb18d2a2b26981a5a165feae2e28bb.bundle,第三次賴潔和陳家騏,Say,ジュジュ･ライ,31,……,……
16cb18d2a2b26981a5a165feae2e28bb.bundle,第三次賴潔和陳家騏,Branch,#Simple,15,話し相手になりましょうか？,얘기 상대가 돼드릴까요?
16cb18d2a2b26981a5a165feae2e28bb.bundle,第三次賴潔和陳家騏,Say,ジュジュ･ライ,32,話し相手？,얘기 상대?
16cb18d2a2b26981a5a165feae2e28bb.bundle,第三次賴潔和陳家騏,Branch,#Simple,16,吐き出した方がすっきりするのでは？,털어놓는 게 후련하지 않을까요?
16cb18d2a2b26981a5a165feae2e28bb.bundle,第三次賴潔和陳家騏,Branch,#Simple,17,はい、話を聞かせてください。,"네, 얘기 들려주세요."
16cb18d2a2b26981a5a165feae2e28bb.bundle,第三次賴潔和陳家騏,Say,ジュジュ･ライ,33,……,……
16cb18d2a2b26981a5a165feae2e28bb.bundle,第三次賴潔和陳家騏,Say,ジュジュ･ライ,34,い、嫌よ……,"시, 싫어……"
16cb18d2a2b26981a5a165feae2e28bb.bundle,第三次賴潔和陳家騏,Say,ジュジュ･ライ,35,思春期のガキじゃあるまいし……,사춘기 애도 아니고……
16cb18d2a2b26981a5a165feae2e28bb.bundle,第三次賴潔和陳家騏,Branch,#Simple,18,その調子です。,그런 식으로요.
16cb18d2a2b26981a5a165feae2e28bb.bundle,第三次賴潔和陳家騏,Say,ジュジュ･ライ,36,今のはそういうのじゃないから！,지금 건 그런 게 아니니까!
16cb18d2a2b26981a5a165feae2e28bb.bundle,第三次賴潔和陳家騏,Branch,#Simple,19,他人に悩みを打ち明けてこそ、大人だと思います。,"남한테 고민을 털어놓을 줄 알아야, 어른이라고 생각합니다."
16cb18d2a2b26981a5a165feae2e28bb.bundle,第三次賴潔和陳家騏,Say,ジュジュ･ライ,37,……,……
16cb18d2a2b26981a5a165feae2e28bb.bundle,第三次賴潔和陳家騏,Say,ジュジュ･ライ,38,あんたのことが嫌になってくる……,네가 점점 싫어지네……
16cb18d2a2b26981a5a165feae2e28bb.bundle,第三次賴潔和陳家騏,Say,ジュジュ･ライ,39,だってあんたの言ってること正しいんだもん……,왜냐면 네가 하는 말이 맞으니까……
16cb18d2a2b26981a5a165feae2e28bb.bundle,第三次賴潔和陳家騏,Branch,#Simple,20,……,……
16cb18d2a2b26981a5a165feae2e28bb.bundle,第三次賴潔和陳家騏,Say,ジュジュ･ライ,40,……,……
16cb18d2a2b26981a5a165feae2e28bb.bundle,第三次賴潔和陳家騏,Say,ジュジュ･ライ,41,……こんなこと、誰に話せばいいのよ。,"……이런 걸, 누구한테 얘기해야 되는데."
16cb18d2a2b26981a5a165feae2e28bb.bundle,第三次賴潔和陳家騏,Branch,#Simple,21,シュン･ゴとか？,준 고라든가?
16cb18d2a2b26981a5a165feae2e28bb.bundle,第三次賴潔和陳家騏,Say,ジュジュ･ライ,42,上司に人生相談？,상사한테 인생 상담?
16cb18d2a2b26981a5a165feae2e28bb.bundle,第三次賴潔和陳家騏,Say,ジュジュ･ライ,43,ハハ……やめておく。,하하……관두련다.
16cb18d2a2b26981a5a165feae2e28bb.bundle,第三次賴潔和陳家騏,Branch,#Simple,22,パンちゃんとか？,팡짱이라든가?
16cb18d2a2b26981a5a165feae2e28bb.bundle,第三次賴潔和陳家騏,Say,ジュジュ･ライ,44,パンちゃん？,팡짱?
16cb18d2a2b26981a5a165feae2e28bb.bundle,第三次賴潔和陳家騏,Say,ジュジュ･ライ,45,彼はいい人だけど、私を理解できるとは思えない……,"걔는 좋은 사람이지만, 나를 이해할 수 있을 것 같지는 않아……"
16cb18d2a2b26981a5a165feae2e28bb.bundle,第三次賴潔和陳家騏,Branch,#Simple,23,カエとか。,카에라든가.
16cb18d2a2b26981a5a165feae2e28bb.bundle,第三次賴潔和陳家騏,Say,ジュジュ･ライ,46,カエ？,카에?
16cb18d2a2b26981a5a165feae2e28bb.bundle,第三次賴潔和陳家騏,Say,ジュジュ･ライ,47,……何で彼女の名前が上がるの？,……왜 걔 이름이 나오는데?
16cb18d2a2b26981a5a165feae2e28bb.bundle,第三次賴潔和陳家騏,Branch,#Simple,24,彼女はあなたのことを心配してました。,그분은 쥬쥬 씨를 걱정하고 있었어요.
16cb18d2a2b26981a5a165feae2e28bb.bundle,第三次賴潔和陳家騏,Branch,#Simple,25,彼女ならあなたを理解できると思います。,그분이라면 쥬쥬 씨를 이해할 수 있을 거라고 생각해요.
16cb18d2a2b26981a5a165feae2e28bb.bundle,第三次賴潔和陳家騏,Say,ジュジュ･ライ,48,カエは……,카에는……
16cb18d2a2b26981a5a165feae2e28bb.bundle,第三次賴潔和陳家騏,Say,ジュジュ･ライ,49,私の文句なんて聞き飽きていると思う……,내 불평 같은 거 듣는 것도 지쳤을 것 같은데……
16cb18d2a2b26981a5a165feae2e28bb.bundle,第三次賴潔和陳家騏,Branch,#Simple,26,彼女なら聞いてくれると思いますよ。,그분이라면 들어줄 거라고 생각해요.
16cb18d2a2b26981a5a165feae2e28bb.bundle,第三次賴潔和陳家騏,Branch,#Simple,27,じゃ、やめておきましょう。,"그럼, 관두죠."
16cb18d2a2b26981a5a165feae2e28bb.bundle,第三次賴潔和陳家騏,Branch,#Simple,28,……,……
16cb18d2a2b26981a5a165feae2e28bb.bundle,第三次賴潔和陳家騏,Say,カエ･チン,0,ジュジュ！,쥬쥬!
16cb18d2a2b26981a5a165feae2e28bb.bundle,第三次賴潔和陳家騏,Say,カエ･チン,1,遅れてごめんなさい。,늦어서 미안해.
16cb18d2a2b26981a5a165feae2e28bb.bundle,第三次賴潔和陳家騏,Say,カエ･チン,2,少し仕事をしてたの……,잠깐 일을 좀 하고 있었어서……
16cb18d2a2b26981a5a165feae2e28bb.bundle,第三次賴潔和陳家騏,Say,ジュジュ･ライ,50,噂をすれば……,호랑이도 제 말 하면……
16cb18d2a2b26981a5a165feae2e28bb.bundle,第三次賴潔和陳家騏,Say,カエ･チン,3,何？,왜?
16cb18d2a2b26981a5a165feae2e28bb.bundle,第三次賴潔和陳家騏,Say,ジュジュ･ライ,51,……,……
16cb18d2a2b26981a5a165feae2e28bb.bundle,第三次賴潔和陳家騏,Say,ジュジュ･ライ,52,別に。,아무것도 아니야.
16cb18d2a2b26981a5a165feae2e28bb.bundle,第三次賴潔和陳家騏,Say,カエ･チン,4,……？,……?
16cb18d2a2b26981a5a165feae2e28bb.bundle,第三次賴潔和陳家騏,Say,カエ･チン,5,じゃ、そろそろ行きましょうか……？,"그럼, 슬슬 갈까……?"
16cb18d2a2b26981a5a165feae2e28bb.bundle,第三次賴潔和陳家騏,Say,ジュジュ･ライ,53,確認したいことがあるから、ちょっと待って。,"확인하고 싶은 게 있으니까, 잠깐만 기다려."
16cb18d2a2b26981a5a165feae2e28bb.bundle,第三次賴潔和陳家騏,Say,ジュジュ･ライ,54,それが終わったらセラーに行こう。,그거 끝나면 셀러로 가자.
16cb18d2a2b26981a5a165feae2e28bb.bundle,第三次賴潔和陳家騏,Say,カエ･チン,6,ええ。,그래.
16cb18d2a2b26981a5a165feae2e28bb.bundle,第三次賴潔和陳家騏,Say,ジュジュ･ライ,55,……,……
16cb18d2a2b26981a5a165feae2e28bb.bundle,第三次賴潔和陳家騏,Say,ジュジュ･ライ,56,カエ……,카에……
16cb18d2a2b26981a5a165feae2e28bb.bundle,第三次賴潔和陳家騏,Say,ジュジュ･ライ,57,実は話したいことがあるの……,실은 하고 싶은 얘기가 있어……
16cb18d2a2b26981a5a165feae2e28bb.bundle,第三次賴潔和陳家騏,Say,カエ･チン,7,……,……
16cb18d2a2b26981a5a165feae2e28bb.bundle,第三次賴潔和陳家騏,Say,カエ･チン,8,彼らの発言が気になるのでしょう？,그 사람들 말이 신경 쓰이는 거지?
16cb18d2a2b26981a5a165feae2e28bb.bundle,第三次賴潔和陳家騏,Say,ジュジュ･ライ,58,……気づいてたの？,……눈치채고 있었어?
16cb18d2a2b26981a5a165feae2e28bb.bundle,第三次賴潔和陳家騏,Say,カエ･チン,9,もちろん。あんなの、ただの悪口よ。,"당연하지. 그런 건, 그냥 험담일 뿐이야."
16cb18d2a2b26981a5a165feae2e28bb.bundle,第三次賴潔和陳家騏,Say,カエ･チン,10,でも、彼らも本心で言ってるわけじゃないと思う。,"근데, 그 사람들도 진심으로 한 말은 아닐 거야."
16cb18d2a2b26981a5a165feae2e28bb.bundle,第三次賴潔和陳家騏,Say,カエ･チン,11,頑張って作り上げたものが、あなたに却下されて……,"열심히 만든 걸, 네가 반려해서……"
16cb18d2a2b26981a5a165feae2e28bb.bundle,第三次賴潔和陳家騏,Say,ジュジュ･ライ,59,たくさん指摘されたから、思わず言ってしまったと思う。,"지적을 많이 받아서, 나도 모르게 말이 나왔을 거야."
16cb18d2a2b26981a5a165feae2e28bb.bundle,第三次賴潔和陳家騏,Say,カエ･チン,12,……,……
16cb18d2a2b26981a5a165feae2e28bb.bundle,第三次賴潔和陳家騏,Say,ジュジュ･ライ,60,……,……
16cb18d2a2b26981a5a165feae2e28bb.bundle,第三次賴潔和陳家騏,Say,ジュジュ･ライ,61,私、どうしても我慢できないの。,"나, 아무리 해도 참을 수가 없어."
16cb18d2a2b26981a5a165feae2e28bb.bundle,第三次賴潔和陳家騏,Say,ジュジュ･ライ,62,どうしても言っちゃうのよ。,결국 말해버리게 돼.
16cb18d2a2b26981a5a165feae2e28bb.bundle,第三次賴潔和陳家騏,Say,カエ･チン,13,ジュジュ……,쥬쥬……
16cb18d2a2b26981a5a165feae2e28bb.bundle,第三次賴潔和陳家騏,Say,ジュジュ･ライ,63,遠回しに言う方法だって、いくらでもあるのに、私は……,"돌려 말하는 방법도, 얼마든지 있는데, 나는……"
16cb18d2a2b26981a5a165feae2e28bb.bundle,第三次賴潔和陳家騏,Say,ジュジュ･ライ,64,思ってることをストレートに、無慈悲な言い方をしてしまった。,"생각하는 걸 그대로, 무자비한 말투로 해버렸어."
16cb18d2a2b26981a5a165feae2e28bb.bundle,第三次賴潔和陳家騏,Say,ジュジュ･ライ,65,私、短気だからさ……,"나, 성격이 급해서……"
16cb18d2a2b26981a5a165feae2e28bb.bundle,第三次賴潔和陳家騏,Say,ジュジュ･ライ,66,遠回しに指摘するなんて無理なのよ。,돌려서 지적하는 건 무리인 거야.
16cb18d2a2b26981a5a165feae2e28bb.bundle,第三次賴潔和陳家騏,Say,ジュジュ･ライ,67,……,……
16cb18d2a2b26981a5a165feae2e28bb.bundle,第三次賴潔和陳家騏,Say,ジュジュ･ライ,68,はぁ、また私より他人が無能だからって馬鹿にしてる……,"하아, 또 나보다 남이 무능하다고 무시하고 있어……"
16cb18d2a2b26981a5a165feae2e28bb.bundle,第三次賴潔和陳家騏,Say,ジュジュ･ライ,69,私、何も変わらないね……,"나, 하나도 안 변했네……"
16cb18d2a2b26981a5a165feae2e28bb.bundle,第三次賴潔和陳家騏,Say,ジュジュ･ライ,70,……,……
16cb18d2a2b26981a5a165feae2e28bb.bundle,第三次賴潔和陳家騏,Say,カエ･チン,14,……,……
16cb18d2a2b26981a5a165feae2e28bb.bundle,第三次賴潔和陳家騏,Say,カエ･チン,15,あなたのような賢い人は、よく自分を苦しめる……,"너 같이 똑똑한 사람은, 자주 자기 자신을 괴롭혀……"
16cb18d2a2b26981a5a165feae2e28bb.bundle,第三次賴潔和陳家騏,Say,カエ･チン,16,あなたは誰よりも早く間違いに気づくことができる。,너는 누구보다도 빨리 잘못을 알아챌 수 있어.
16cb18d2a2b26981a5a165feae2e28bb.bundle,第三次賴潔和陳家騏,Say,カエ･チン,17,でも、周りはそうじゃない……,"근데, 주변은 그렇지 않아……"
16cb18d2a2b26981a5a165feae2e28bb.bundle,第三次賴潔和陳家騏,Say,カエ･チン,18,わかりきった間違いに周りは気づけず、むしろ繰り返してしまう。,"뻔한 잘못을 주변 사람들은 못 알아채고, 오히려 반복해버려."
16cb18d2a2b26981a5a165feae2e28bb.bundle,第三次賴潔和陳家騏,Say,カエ･チン,19,だからあなたのような人たちは、見ないフリをするか、指摘するかの二択。,"그래서 너 같은 사람들은, 못 본 척하거나, 지적하거나 둘 중 하나야."
16cb18d2a2b26981a5a165feae2e28bb.bundle,第三次賴潔和陳家騏,Say,ジュジュ･ライ,71,……私は後者よ。,……나는 후자야.
16cb18d2a2b26981a5a165feae2e28bb.bundle,第三次賴潔和陳家騏,Say,カエ･チン,20,誰かがあなたたちに、大丈夫と言うべきなのかもしれない。,"누군가가 너희한테, 괜찮다고 말해줘야 하는 걸지도 몰라."
16cb18d2a2b26981a5a165feae2e28bb.bundle,第三次賴潔和陳家騏,Say,カエ･チン,21,目の前の問題に気づいているからって……,눈앞의 문제를 알아챘다고 해서……
16cb18d2a2b26981a5a165feae2e28bb.bundle,第三次賴潔和陳家騏,Say,カエ･チン,22,それを解決する義務は、あなたたちにないわ。,"그걸 해결할 의무가, 너희한테 있는 건 아니야."
16cb18d2a2b26981a5a165feae2e28bb.bundle,第三次賴潔和陳家騏,Say,ジュジュ･ライ,72,……,……
16cb18d2a2b26981a5a165feae2e28bb.bundle,第三次賴潔和陳家騏,Say,カエ･チン,23,それに、そんなことに縛られるのは勿体ないわ。,"게다가, 그런 것에 얽매이는 건 아까워."
16cb18d2a2b26981a5a165feae2e28bb.bundle,第三次賴潔和陳家騏,Say,カエ･チン,24,この世界には美しいものがたくさんある。,이 세상에는 아름다운 게 많아.
16cb18d2a2b26981a5a165feae2e28bb.bundle,第三次賴潔和陳家騏,Say,カエ･チン,25,あなたが思っているより、あなたはずっと自由なのよ。,"네가 생각하는 것보다, 너는 훨씬 자유로운 거야."
16cb18d2a2b26981a5a165feae2e28bb.bundle,第三次賴潔和陳家騏,Say,カエ･チン,26,誰かがそれを気づかせてあげないといけなかった。,누군가가 그걸 깨닫게 해줬어야 했어.
16cb18d2a2b26981a5a165feae2e28bb.bundle,第三次賴潔和陳家騏,Say,カエ･チン,27,それに気づきさえすれば、あなたのその苛立ちも少しずつ消えていくはずよ。,"그것만 깨달으면, 네 그 짜증도 조금씩 사라질 거야."
16cb18d2a2b26981a5a165feae2e28bb.bundle,第三次賴潔和陳家騏,Say,ジュジュ･ライ,73,……,……
16cb18d2a2b26981a5a165feae2e28bb.bundle,第三次賴潔和陳家騏,Say,ジュジュ･ライ,74,……,……
16cb18d2a2b26981a5a165feae2e28bb.bundle,第三次賴潔和陳家騏,Say,ジュジュ･ライ,75,何でなの？,왜 그런 거야?
16cb18d2a2b26981a5a165feae2e28bb.bundle,第三次賴潔和陳家騏,Say,カエ･チン,28,え？,네?
16cb18d2a2b26981a5a165feae2e28bb.bundle,第三次賴潔和陳家騏,Say,ジュジュ･ライ,76,何で私みたいな人間に耐えられるの？,왜 나 같은 인간을 견딜 수 있는 거야?
16cb18d2a2b26981a5a165feae2e28bb.bundle,第三次賴潔和陳家騏,Say,カエ･チン,29,……,……
16cb18d2a2b26981a5a165feae2e28bb.bundle,第三次賴潔和陳家騏,Say,カエ･チン,30,私は別に耐えてなんていないわ。,나는 딱히 견디고 있지 않아.
16cb18d2a2b26981a5a165feae2e28bb.bundle,第三次賴潔和陳家騏,Say,カエ･チン,31,確かに多くの人が、あなたを厳しい人間だと言うでしょうけど……,"확실히 많은 사람이, 너를 까다로운 사람이라고 하겠지만……"
16cb18d2a2b26981a5a165feae2e28bb.bundle,第三次賴潔和陳家騏,Say,カエ･チン,32,私はそう思わない……,나는 그렇게 생각 안 해……
16cb18d2a2b26981a5a165feae2e28bb.bundle,第三次賴潔和陳家騏,Say,カエ･チン,33,あなたはただ、すべてのものに平等なだけよ。,"너는 그저, 모든 것에 공평할 뿐이야."
16cb18d2a2b26981a5a165feae2e28bb.bundle,第三次賴潔和陳家騏,Say,カエ･チン,34,あなたは嘘をつかない。,너는 거짓말을 안 해.
16cb18d2a2b26981a5a165feae2e28bb.bundle,第三次賴潔和陳家騏,Say,カエ･チン,35,諦めたり、妥協しない。,"포기하거나, 타협하지 않고."
16cb18d2a2b26981a5a165feae2e28bb.bundle,第三次賴潔和陳家騏,Say,カエ･チン,36,問題を解決しようとしているだけだもの。,문제를 해결하려고 하는 것뿐이잖아.
16cb18d2a2b26981a5a165feae2e28bb.bundle,第三次賴潔和陳家騏,Say,ジュジュ･ライ,77,私……,나……
16cb18d2a2b26981a5a165feae2e28bb.bundle,第三次賴潔和陳家騏,Say,カエ･チン,37,言い換えれば、あなたはネガティブ過ぎるのよ。,"다르게 말하면, 너는 너무 부정적인 거야."
16cb18d2a2b26981a5a165feae2e28bb.bundle,第三次賴潔和陳家騏,Say,カエ･チン,38,皆、あなたが問題を指摘することを嫌がってはいない。,"다들, 네가 문제를 지적하는 걸 싫어하는 게 아니야."
16cb18d2a2b26981a5a165feae2e28bb.bundle,第三次賴潔和陳家騏,Say,カエ･チン,39,ただ自分に非があることを指摘されたくないだけ。,그냥 자기한테 잘못이 있다는 걸 지적받고 싶지 않을 뿐이지.
16cb18d2a2b26981a5a165feae2e28bb.bundle,第三次賴潔和陳家騏,Say,ジュジュ･ライ,78,そっか……,그런가……
16cb18d2a2b26981a5a165feae2e28bb.bundle,第三次賴潔和陳家騏,Say,カエ･チン,40,……,……
16cb18d2a2b26981a5a165feae2e28bb.bundle,第三次賴潔和陳家騏,Say,ジュジュ･ライ,79,……,……
16cb18d2a2b26981a5a165feae2e28bb.bundle,第三次賴潔和陳家騏,Say,ジュジュ･ライ,80,カエ。,카에.
16cb18d2a2b26981a5a165feae2e28bb.bundle,第三次賴潔和陳家騏,Say,ジュジュ･ライ,81,何でそんなに私に優しいの……？,왜 그렇게 나한테 다정한 거야……?
16cb18d2a2b26981a5a165feae2e28bb.bundle,第三次賴潔和陳家騏,Say,カエ･チン,41,言ったでしょう……,말했잖아……
16cb18d2a2b26981a5a165feae2e28bb.bundle,第三次賴潔和陳家騏,Say,カエ･チン,42,あなたのことが結構好きって。,너를 꽤 좋아한다고.
16cb18d2a2b26981a5a165feae2e28bb.bundle,第三次賴潔和陳家騏,Say,ジュジュ･ライ,82,……,……
16cb18d2a2b26981a5a165feae2e28bb.bundle,第三次賴潔和陳家騏,Say,カエ･チン,43,……,……
16cb18d2a2b26981a5a165feae2e28bb.bundle,第三次賴潔和陳家騏,Say,ジュジュ･ライ,83,そ、そうだ！早く行かないと！,"마, 맞다! 빨리 가야지!"
16cb18d2a2b26981a5a165feae2e28bb.bundle,第三次賴潔和陳家騏,Say,カエ･チン,44,何か確認することがあるのよね？,뭔가 확인할 게 있다고 했지?
16cb18d2a2b26981a5a165feae2e28bb.bundle,第三次賴潔和陳家騏,Say,ジュジュ･ライ,84,そそそ、そうなの！,"그, 그, 그래!"
16cb18d2a2b26981a5a165feae2e28bb.bundle,第三次賴潔和陳家騏,Say,ジュジュ･ライ,85,ア、アハハ……,"아, 아하하……"
16cb18d2a2b26981a5a165feae2e28bb.bundle,第三次賴潔和陳家騏,Say,カエ･チン,45,そうだ、ジェイは……？,"맞다, 제이는……?"
16cb18d2a2b26981a5a165feae2e28bb.bundle,第三次賴潔和陳家騏,Say,ジュジュ･ライ,86,ああ、彼はただの通りすがり。,"아, 얘는 그냥 지나가던 사람."
16cb18d2a2b26981a5a165feae2e28bb.bundle,第三次賴潔和陳家騏,Branch,#Simple,29,通りすがりです。,지나가던 사람입니다.
16cb18d2a2b26981a5a165feae2e28bb.bundle,第三次賴潔和陳家騏,Branch,#Simple,30,酷い扱いですね。,취급이 너무하네요.
16cb18d2a2b26981a5a165feae2e28bb.bundle,第三次賴潔和陳家騏,Say,ジュジュ･ライ,87,べ、別にいいでしょ！,"따, 딱히 상관없잖아!"
16cb18d2a2b26981a5a165feae2e28bb.bundle,第三次賴潔和陳家騏,Branch,#Simple,31,……,……
16cb18d2a2b26981a5a165feae2e28bb.bundle,第三次賴潔和陳家騏,Say,カエ･チン,46,そうなの……,그렇구나……
16cb18d2a2b26981a5a165feae2e28bb.bundle,第三次賴潔和陳家騏,Say,ジュジュ･ライ,88,ジェイも、忙しいでしょ？早く行きなよ！,"제이도, 바쁘잖아? 빨리 가!"
16cb18d2a2b26981a5a165feae2e28bb.bundle,第三次賴潔和陳家騏,Branch,#Simple,32,はいはい。,네네.
16cb18d2a2b26981a5a165feae2e28bb.bundle,第三次賴潔和陳家騏,Branch,#Simple,33,そうでしたっけ？,그랬었나요?
16cb18d2a2b26981a5a165feae2e28bb.bundle,第三次賴潔和陳家騏,Say,ジュジュ･ライ,89,そうだった！,그랬었지!
16cb18d2a2b26981a5a165feae2e28bb.bundle,第三次賴潔和陳家騏,Say,カエ･チン,47,じゃ、また。,"그럼, 또 봐."
16cb18d2a2b26981a5a165feae2e28bb.bundle,第三次賴潔和陳家騏,Branch,#Simple,34,はい。,네.
16cb18d2a2b26981a5a165feae2e28bb.bundle,第三次賴潔和陳家騏,Say,ジュジュ･ライ,90,じゃあね。,그럼 안녕.
16cb18d2a2b26981a5a165feae2e28bb.bundle,第三次賴潔和陳家騏,Branch,#Simple,35,……,……
16cb18d2a2b26981a5a165feae2e28bb.bundle,第三次賴潔和陳家騏,Say,ジュジュ･ライ,91,慰めてくれてるのはわかる。,위로해주고 있는 건 알아.
16cb18d2a2b26981a5a165feae2e28bb.bundle,第三次賴潔和陳家騏,Say,ジュジュ･ライ,92,感謝してるの。,고마워하고 있어.
16cb18d2a2b26981a5a165feae2e28bb.bundle,第三次賴潔和陳家騏,Say,ジュジュ･ライ,93,でも、今は一人にしてほしい。心配いらないから。,"근데, 지금은 혼자 있고 싶어. 걱정 안 해도 되니까."
16cb18d2a2b26981a5a165feae2e28bb.bundle,第三次賴潔和陳家騏,Say,ジュジュ･ライ,94,ジェイがここにいてもしょうがないよ。だからもう行きな。,제이가 여기 있어도 소용없어. 그러니까 이제 가.
16cb18d2a2b26981a5a165feae2e28bb.bundle,第三次賴潔和陳家騏,Say,心の声,3,……,……
16cb18d2a2b26981a5a165feae2e28bb.bundle,第三次賴潔和陳家騏,Say,ジュジュ･ライ,95,じゃあね。,그럼 안녕.
16cb18d2a2b26981a5a165feae2e28bb.bundle,第三次賴潔和陳家騏,Branch,#Simple,36,はい。,네.
16cb18d2a2b26981a5a165feae2e28bb.bundle,第三次賴潔和陳家騏,Branch,#Simple,37,お大事に。,몸조리 잘하세요.
16cb18d2a2b26981a5a165feae2e28bb.bundle,第三次賴潔和陳家騏,Say,ジュジュ･ライ,96,病気とかじゃないって。,아프거나 그런 거 아니라니까.
16cb18d2a2b26981a5a165feae2e28bb.bundle,第三次賴潔和陳家騏,Say,ジュジュ･ライ,97,大丈夫だから。,괜찮으니까.
16cb18d2a2b26981a5a165feae2e28bb.bundle,第三次賴潔和陳家騏,Branch,#Simple,38,……,……
16cb18d2a2b26981a5a165feae2e28bb.bundle,第三次賴潔和陳家騏,Branch,#Simple,39,……,……
16cb18d2a2b26981a5a165feae2e28bb.bundle,第三次賴潔和陳家騏,Say,ジュジュ･ライ,98,じゃあ。,그럼.
16cb18d2a2b26981a5a165feae2e28bb.bundle,第三次賴潔和陳家騏,Branch,#Simple,40,……,……
16cb18d2a2b26981a5a165feae2e28bb.bundle,第三次賴潔和陳家騏,Say,ジュジュ･ライ,99,私……,나……
16cb18d2a2b26981a5a165feae2e28bb.bundle,第三次賴潔和陳家騏,Say,ジュジュ･ライ,100,確認したいことがあるから。,확인하고 싶은 게 있으니까.
16cb18d2a2b26981a5a165feae2e28bb.bundle,第三次賴潔和陳家騏,Say,ジュジュ･ライ,101,また後でね。,이따 봐.
16cb18d2a2b26981a5a165feae2e28bb.bundle,第三次賴潔和陳家騏,Branch,#Simple,41,はい。,네.
16cb18d2a2b26981a5a165feae2e28bb.bundle,第三次賴潔和陳家騏,Branch,#Simple,42,……,……
16cb18d2a2b26981a5a165feae2e28bb.bundle,跟球球說胖胖下戰帖,Say,イエホン･キュウ,0,おやおや、どうしたの？,"어라어라, 무슨 일이야?"
16cb18d2a2b26981a5a165feae2e28bb.bundle,跟球球說胖胖下戰帖,Branch,#Simple,0,パンちゃんが、決戦の日が来るって。,"팡짱이, 결전의 날이 온댔어."
16cb18d2a2b26981a5a165feae2e28bb.bundle,跟球球說胖胖下戰帖,Say,イエホン･キュウ,1,はぁ？,뭐?
16cb18d2a2b26981a5a165feae2e28bb.bundle,跟球球說胖胖下戰帖,Branch,#Simple,1,パンちゃん、パン･ロウのことだ。,"팡짱, 팡 말이야."
16cb18d2a2b26981a5a165feae2e28bb.bundle,跟球球說胖胖下戰帖,Say,イエホン･キュウ,2,えっと……,그게……
16cb18d2a2b26981a5a165feae2e28bb.bundle,跟球球說胖胖下戰帖,Branch,#Simple,2,え？,네?
16cb18d2a2b26981a5a165feae2e28bb.bundle,跟球球說胖胖下戰帖,Say,イエホン･キュウ,3,何の話？,무슨 얘기야?
16cb18d2a2b26981a5a165feae2e28bb.bundle,跟球球說胖胖下戰帖,Say,イエホン･キュウ,4,全然話が見えない。,전혀 무슨 말인지 모르겠어.
16cb18d2a2b26981a5a165feae2e28bb.bundle,跟球球說胖胖下戰帖,Say,イエホン･キュウ,5,パン･ロウって誰？,팡이 누군데?
16cb18d2a2b26981a5a165feae2e28bb.bundle,跟球球說胖胖下戰帖,Branch,#Simple,3,操作組の人。,조작조 사람.
16cb18d2a2b26981a5a165feae2e28bb.bundle,跟球球說胖胖下戰帖,Say,イエホン･キュウ,6,え？僕、操作組に知り合いいないけど！,어? 나 조작조에 아는 사람 없는데!
16cb18d2a2b26981a5a165feae2e28bb.bundle,跟球球說胖胖下戰帖,Branch,#Simple,4,操作組のデブだ。,조작조에 있는 뚱보야.
16cb18d2a2b26981a5a165feae2e28bb.bundle,跟球球說胖胖下戰帖,Say,イエホン･キュウ,7,デブ同志だからって、お互いを知ってるわけじゃないからな！,"같은 뚱보라고 해서, 서로 아는 건 아니라고!"
16cb18d2a2b26981a5a165feae2e28bb.bundle,跟球球說胖胖下戰帖,Say,イエホン･キュウ,8,とにかく、そんな人知らないよ。人違いじゃない？,"아무튼, 그런 사람 몰라. 사람 잘못 안 거 아니야?"
16cb18d2a2b26981a5a165feae2e28bb.bundle,跟球球說胖胖下戰帖,Say,心の声,0,これは伝えたことになるよな……,이걸로 전달한 셈이 되는 거지……
16cb18d2a2b26981a5a165feae2e28bb.bundle,跟球球說胖胖下戰帖,Branch,#Simple,5,今のは忘れてくれ。,방금 건 잊어.
16cb18d2a2b26981a5a165feae2e28bb.bundle,跟球球說胖胖下戰帖,Say,イエホン･キュウ,9,あ、うん……？,"아, 응……?"
16cb18d2a2b26981a5a165feae2e28bb.bundle,胖胖來確認進度,Say,パン･ロウ,0,もしもし……,여보세요……
16cb18d2a2b26981a5a165feae2e28bb.bundle,胖胖來確認進度,Say,パン･ロウ,1,ジェイ？,제이?
16cb18d2a2b26981a5a165feae2e28bb.bundle,胖胖來確認進度,Say,パン･ロウ,2,イエホンに決戦のことを伝えてくれた？,이홍한테 결전 얘기 전해줬어?
16cb18d2a2b26981a5a165feae2e28bb.bundle,胖胖來確認進度,Say,心の声,0,しまった、忘れてた。,"아차, 잊고 있었다."
16cb18d2a2b26981a5a165feae2e28bb.bundle,胖胖來確認進度,Branch,#Simple,0,まだです。,아직입니다.
16cb18d2a2b26981a5a165feae2e28bb.bundle,胖胖來確認進度,Branch,#Simple,1,後で彼に会いに行くので、その時に伝えます。,"이따 만나러 갈 거니까, 그때 전할게요."
16cb18d2a2b26981a5a165feae2e28bb.bundle,胖胖來確認進度,Say,パン･ロウ,3,そ、そっか……,"그, 그렇구나……"
16cb18d2a2b26981a5a165feae2e28bb.bundle,胖胖來確認進度,Say,パン･ロウ,4,でも、もういいよ。,"근데, 이제 됐어."
16cb18d2a2b26981a5a165feae2e28bb.bundle,胖胖來確認進度,Say,パン･ロウ,5,多分彼は覚えてないと思うし……,아마 걔는 기억 못 할 것 같고……
16cb18d2a2b26981a5a165feae2e28bb.bundle,胖胖來確認進度,Branch,#Simple,2,伝えました。,전했습니다.
16cb18d2a2b26981a5a165feae2e28bb.bundle,胖胖來確認進度,Say,パン･ロウ,6,彼は何て？,걔가 뭐래?
16cb18d2a2b26981a5a165feae2e28bb.bundle,胖胖來確認進度,Branch,#Simple,3,伝えられたと思います……,전해진 것 같습니다……
16cb18d2a2b26981a5a165feae2e28bb.bundle,胖胖來確認進度,Say,パン･ロウ,7,思います……？,같다고……?
16cb18d2a2b26981a5a165feae2e28bb.bundle,胖胖來確認進度,Say,パン･ロウ,8,どういうこと？,무슨 소리야?
16cb18d2a2b26981a5a165feae2e28bb.bundle,胖胖來確認進度,Branch,#Simple,4,彼はあなたのことを覚えていませんでした。,그 사람은 당신을 기억 못 하고 있었어요.
16cb18d2a2b26981a5a165feae2e28bb.bundle,胖胖來確認進度,Say,パン･ロウ,9,そ、そう……,"그, 그래……"
16cb18d2a2b26981a5a165feae2e28bb.bundle,胖胖來確認進度,Say,パン･ロウ,10,もういいよ。,이제 됐어.
16cb18d2a2b26981a5a165feae2e28bb.bundle,胖胖來確認進度,Branch,#Simple,5,自分で確認してください。,직접 확인해보세요.
16cb18d2a2b26981a5a165feae2e28bb.bundle,胖胖來確認進度,Say,パン･ロウ,11,……,……
16cb18d2a2b26981a5a165feae2e28bb.bundle,胖胖來確認進度,Say,パン･ロウ,12,彼、僕のことを忘れてるよね……,"걔, 나를 잊고 있는 거지……"
16cb18d2a2b26981a5a165feae2e28bb.bundle,胖胖來確認進度,Branch,#Simple,6,はい。,네.
16cb18d2a2b26981a5a165feae2e28bb.bundle,胖胖來確認進度,Branch,#Simple,7,すみません。,죄송합니다.
16cb18d2a2b26981a5a165feae2e28bb.bundle,胖胖來確認進度,Say,パン･ロウ,13,……,……
16cb18d2a2b26981a5a165feae2e28bb.bundle,胖胖來確認進度,Say,パン･ロウ,14,わかった、もういいよ。,"알았어, 이제 됐어."
16cb18d2a2b26981a5a165feae2e28bb.bundle,胖胖來確認進度,Say,心の声,1,落ち込んでいるようだ……,풀 죽어 보인다……
16cb18d2a2b26981a5a165feae2e28bb.bundle,胖胖來確認進度,Branch,#Simple,8,本当にもういいのですか？,정말로 이제 됐어요?
16cb18d2a2b26981a5a165feae2e28bb.bundle,胖胖來確認進度,Say,パン･ロウ,15,あ、うん……,"아, 응……"
16cb18d2a2b26981a5a165feae2e28bb.bundle,胖胖來確認進度,Branch,#Simple,9,ボーちゃんと友達になりたいんですか？,보짱이랑 친구가 되고 싶은 거예요?
16cb18d2a2b26981a5a165feae2e28bb.bundle,胖胖來確認進度,Say,パン･ロウ,16,え？いや、そんなことは……,"어? 아니, 그런 건……"
16cb18d2a2b26981a5a165feae2e28bb.bundle,胖胖來確認進度,Branch,#Simple,10,友達になりたいのなら、自分で会いに行くべきです。,"친구가 되고 싶으면, 직접 만나러 가야죠."
16cb18d2a2b26981a5a165feae2e28bb.bundle,胖胖來確認進度,Say,パン･ロウ,17,だ、だから違うって……！,"그, 그러니까 아니라니까……!"
16cb18d2a2b26981a5a165feae2e28bb.bundle,胖胖來確認進度,Branch,#Simple,11,じゃ、今のは忘れます。,"그럼, 방금 건 잊을게요."
16cb18d2a2b26981a5a165feae2e28bb.bundle,胖胖來確認進度,Say,パン･ロウ,18,……,……
16cb18d2a2b26981a5a165feae2e28bb.bundle,胖胖來確認進度,Say,パン･ロウ,19,いや、その……,"아니, 그게……"
16cb18d2a2b26981a5a165feae2e28bb.bundle,胖胖來確認進度,Say,心の声,2,面倒な奴だ……,귀찮은 녀석이다……
16cb18d2a2b26981a5a165feae2e28bb.bundle,胖胖來確認進度,Say,パン･ロウ,20,でも、僕らはお互いを知らないし……,"근데, 우리는 서로를 잘 모르고……"
16cb18d2a2b26981a5a165feae2e28bb.bundle,胖胖來確認進度,Branch,#Simple,12,友達になりたいのなら、話かければいいじゃないですか。,"친구가 되고 싶으면, 말 걸면 되잖아요."
16cb18d2a2b26981a5a165feae2e28bb.bundle,胖胖來確認進度,Say,パン･ロウ,21,……,……
16cb18d2a2b26981a5a165feae2e28bb.bundle,胖胖來確認進度,Branch,#Simple,13,誰だって、最初は知らない間柄です。,"누구든, 처음엔 모르는 사이예요."
16cb18d2a2b26981a5a165feae2e28bb.bundle,胖胖來確認進度,Say,パン･ロウ,22,なんか、当たり前のことを言われた気がする……,"왠지, 당연한 말을 들은 것 같은데……"
16cb18d2a2b26981a5a165feae2e28bb.bundle,胖胖來確認進度,Branch,#Simple,14,ハハ、そうですね。,"하하, 그러네요."
16cb18d2a2b26981a5a165feae2e28bb.bundle,胖胖來確認進度,Say,パン･ロウ,23,アハハ……,아하하……
16cb18d2a2b26981a5a165feae2e28bb.bundle,胖胖來確認進度,Branch,#Simple,15,こっちは真剣に励ましてるのに！,이쪽은 진지하게 격려하고 있는데!
16cb18d2a2b26981a5a165feae2e28bb.bundle,胖胖來確認進度,Say,パン･ロウ,24,あ、ごめんごめん……,"아, 미안 미안……"
16cb18d2a2b26981a5a165feae2e28bb.bundle,胖胖來確認進度,Branch,#Simple,16,……,……
16cb18d2a2b26981a5a165feae2e28bb.bundle,胖胖來確認進度,Say,パン･ロウ,25,い、言いたいことはわかる……,"무, 무슨 말인지는 알아……"
16cb18d2a2b26981a5a165feae2e28bb.bundle,胖胖來確認進度,Say,パン･ロウ,26,でも、どう話かければいいかわからないんだ……,"근데, 어떻게 말을 걸어야 할지 모르겠어……"
16cb18d2a2b26981a5a165feae2e28bb.bundle,胖胖來確認進度,Branch,#Simple,17,メッセージのやり取りから始めては？,메시지 주고받는 것부터 시작해보는 건요?
16cb18d2a2b26981a5a165feae2e28bb.bundle,胖胖來確認進度,Say,パン･ロウ,27,メッセージ……,메시지……
16cb18d2a2b26981a5a165feae2e28bb.bundle,胖胖來確認進度,Say,パン･ロウ,28,それならできるぞ！,그거라면 할 수 있겠다!
16cb18d2a2b26981a5a165feae2e28bb.bundle,胖胖來確認進度,Say,パン･ロウ,29,でも変な人だと思われなければいいけど。,근데 이상한 사람이라고 생각하지 않았으면 좋겠는데.
16cb18d2a2b26981a5a165feae2e28bb.bundle,胖胖來確認進度,Branch,#Simple,18,変なことをしなければ、その心配もないです。,"이상한 짓만 안 하면, 그런 걱정 없어요."
16cb18d2a2b26981a5a165feae2e28bb.bundle,胖胖來確認進度,Say,パン･ロウ,30,そ、それもそうだね……,"그, 그렇긴 하네……"
16cb18d2a2b26981a5a165feae2e28bb.bundle,胖胖來確認進度,Branch,#Simple,19,パンちゃんは変人だから心配だ。,팡짱은 괴짜니까 걱정이다.
16cb18d2a2b26981a5a165feae2e28bb.bundle,胖胖來確認進度,Say,パン･ロウ,31,ひ、酷いぞ、ジェイ……！,"너, 너무하잖아, 제이……!"
16cb18d2a2b26981a5a165feae2e28bb.bundle,胖胖來確認進度,Branch,#Simple,20,……,……
16cb18d2a2b26981a5a165feae2e28bb.bundle,胖胖來確認進度,Branch,#Simple,21,彼を待ち伏せしてみては？,그 사람을 기다렸다 만나보는 건요?
16cb18d2a2b26981a5a165feae2e28bb.bundle,胖胖來確認進度,Say,パン･ロウ,32,それは、ちょっとやり過ぎじゃない……？,"그건, 좀 너무 나간 거 아냐……?"
16cb18d2a2b26981a5a165feae2e28bb.bundle,胖胖來確認進度,Branch,#Simple,22,そうですね。,그렇네요.
16cb18d2a2b26981a5a165feae2e28bb.bundle,胖胖來確認進度,Say,パン･ロウ,33,うん……,응……
16cb18d2a2b26981a5a165feae2e28bb.bundle,胖胖來確認進度,Branch,#Simple,23,自分で考えてください！,스스로 생각해보세요!
16cb18d2a2b26981a5a165feae2e28bb.bundle,胖胖來確認進度,Branch,#Simple,24,……,……
16cb18d2a2b26981a5a165feae2e28bb.bundle,胖胖來確認進度,Branch,#Simple,25,彼がよく行くイベントに参加するのは？,그 사람이 자주 가는 이벤트에 참가하는 건요?
16cb18d2a2b26981a5a165feae2e28bb.bundle,胖胖來確認進度,Say,パン･ロウ,34,言い考えだ！,좋은 생각이다!
16cb18d2a2b26981a5a165feae2e28bb.bundle,胖胖來確認進度,Say,パン･ロウ,35,実は以前も会社のイベントで出会ったんだ。,실은 예전에도 회사 이벤트에서 만난 적 있어.
16cb18d2a2b26981a5a165feae2e28bb.bundle,胖胖來確認進度,Branch,#Simple,26,シンカに紹介してもらうとか？,신카한테 소개받는다거나?
16cb18d2a2b26981a5a165feae2e28bb.bundle,胖胖來確認進度,Say,パン･ロウ,36,ナ、ナイスアイデア……！,"조, 좋은 생각이야……!"
16cb18d2a2b26981a5a165feae2e28bb.bundle,胖胖來確認進度,Say,パン･ロウ,37,とにかく、もう少し考えてみるよ。,"아무튼, 좀 더 생각해볼게."
16cb18d2a2b26981a5a165feae2e28bb.bundle,胖胖來確認進度,Say,パン･ロウ,38,……ありがとう、ジェイ。,"……고마워, 제이."
16cb18d2a2b26981a5a165feae2e28bb.bundle,胖胖來確認進度,Branch,#Simple,27,大したことはしていません。,별거 안 했습니다.
16cb18d2a2b26981a5a165feae2e28bb.bundle,胖胖來確認進度,Branch,#Simple,28,恋愛相談に乗ってる気分です。,연애 상담 해주는 기분이네요.
16cb18d2a2b26981a5a165feae2e28bb.bundle,胖胖來確認進度,Say,パン･ロウ,39,それは……,그건……
16cb18d2a2b26981a5a165feae2e28bb.bundle,胖胖來確認進度,Branch,#Simple,29,……,……
16cb18d2a2b26981a5a165feae2e28bb.bundle,胖胖來確認進度,Say,パン･ロウ,40,とにかく、また後でね！,"아무튼, 이따 봐!"
16cb18d2a2b26981a5a165feae2e28bb.bundle,胖胖來確認進度,Branch,#Simple,30,はい。,네.
16cb18d2a2b26981a5a165feae2e28bb.bundle,胖胖來確認進度,Branch,#Simple,31,……,……
16cb18d2a2b26981a5a165feae2e28bb.bundle,胖胖來確認進度,Branch,#Simple,32,……,……
16cb18d2a2b26981a5a165feae2e28bb.bundle,胖胖來確認進度,Say,パン･ロウ,41,も、もういいよ……,"이, 이제 됐어……"
16cb18d2a2b26981a5a165feae2e28bb.bundle,胖胖來確認進度,Branch,#Simple,33,……,……
16cb18d2a2b26981a5a165feae2e28bb.bundle,胖胖來確認進度,Say,パン･ロウ,42,もう大丈夫、ありがとうね。,"이제 괜찮아, 고마워."
16cb18d2a2b26981a5a165feae2e28bb.bundle,胖胖來確認進度,Say,心の声,3,切られた。,끊겼다.
16cb18d2a2b26981a5a165feae2e28bb.bundle,結局對話:邱奕宏,Say,イエホン･キュウ,0,よっ。,어이.
16cb18d2a2b26981a5a165feae2e28bb.bundle,結局對話:邱奕宏,Say,イエホン･キュウ,1,……,……
16cb18d2a2b26981a5a165feae2e28bb.bundle,結局對話:邱奕宏,Say,イエホン･キュウ,2,残念だったね！,아쉽게 됐네!
16cb18d2a2b26981a5a165feae2e28bb.bundle,結局對話:邱奕宏,Say,イエホン･キュウ,3,まさかイーちゃんがマネージャーになれなかったとは。,설마 이짱이 매니저가 못 될 줄이야.
16cb18d2a2b26981a5a165feae2e28bb.bundle,結局對話:邱奕宏,Branch,#Simple,0,そうだな。,그렇지.
16cb18d2a2b26981a5a165feae2e28bb.bundle,結局對話:邱奕宏,Say,イエホン･キュウ,4,はぁ……,하아……
16cb18d2a2b26981a5a165feae2e28bb.bundle,結局對話:邱奕宏,Branch,#Simple,1,すまない。,미안하다.
16cb18d2a2b26981a5a165feae2e28bb.bundle,結局對話:邱奕宏,Say,イエホン･キュウ,5,え？何で謝るの？,어? 왜 사과해?
16cb18d2a2b26981a5a165feae2e28bb.bundle,結局對話:邱奕宏,Branch,#Simple,2,俺がジュジュを説得できていれば……,내가 쥬쥬를 설득했더라면……
16cb18d2a2b26981a5a165feae2e28bb.bundle,結局對話:邱奕宏,Say,イエホン･キュウ,6,……,……
16cb18d2a2b26981a5a165feae2e28bb.bundle,結局對話:邱奕宏,Say,イエホン･キュウ,7,何を言ってるのかわからないけど……,무슨 말인지 모르겠지만……
16cb18d2a2b26981a5a165feae2e28bb.bundle,結局對話:邱奕宏,Say,イエホン･キュウ,8,でもこの結果は、誰か一人の責任ではないと思う。,"근데 이 결과는, 누구 한 사람의 책임이 아니라고 생각해."
16cb18d2a2b26981a5a165feae2e28bb.bundle,結局對話:邱奕宏,Say,イエホン･キュウ,9,君の説得が何なのかはわからないけど……,네가 설득했다는 게 뭔지는 모르겠지만……
16cb18d2a2b26981a5a165feae2e28bb.bundle,結局對話:邱奕宏,Say,イエホン･キュウ,10,それだけが原因ではないと思う。,그것만이 원인은 아니라고 생각해.
16cb18d2a2b26981a5a165feae2e28bb.bundle,結局對話:邱奕宏,Say,心の声,0,……,……
16cb18d2a2b26981a5a165feae2e28bb.bundle,結局對話:邱奕宏,Say,イエホン･キュウ,11,重たく受け止めるべきじゃないってことさ、ハハハ！,"너무 심각하게 받아들일 필요 없다는 거지, 하하하!"
16cb18d2a2b26981a5a165feae2e28bb.bundle,結局對話:邱奕宏,Branch,#Simple,3,気にしないでくれ。,신경 쓰지 마.
16cb18d2a2b26981a5a165feae2e28bb.bundle,結局對話:邱奕宏,Say,イエホン･キュウ,12,……ふーん。,……흐음.
16cb18d2a2b26981a5a165feae2e28bb.bundle,結局對話:邱奕宏,Branch,#Simple,4,……,……
16cb18d2a2b26981a5a165feae2e28bb.bundle,結局對話:邱奕宏,Say,イエホン･キュウ,13,そうだ……,맞다……
16cb18d2a2b26981a5a165feae2e28bb.bundle,結局對話:邱奕宏,Say,イエホン･キュウ,14,あの後、シンカと話したんだ。,"그 후에, 신카랑 얘기했어."
16cb18d2a2b26981a5a165feae2e28bb.bundle,結局對話:邱奕宏,Say,イエホン･キュウ,15,はぁ……,하아……
16cb18d2a2b26981a5a165feae2e28bb.bundle,結局對話:邱奕宏,Say,イエホン･キュウ,16,情けないよ……,한심하네……
16cb18d2a2b26981a5a165feae2e28bb.bundle,結局對話:邱奕宏,Say,イエホン･キュウ,17,まさか彼女が一人でそんなことを考えていたなんて。,설마 걔가 혼자서 그런 생각을 하고 있었을 줄이야.
16cb18d2a2b26981a5a165feae2e28bb.bundle,結局對話:邱奕宏,Say,イエホン･キュウ,18,最初は、なんて馬鹿げた話だと思ったけど……,"처음엔, 진짜 어이없는 얘기라고 생각했는데……"
16cb18d2a2b26981a5a165feae2e28bb.bundle,結局對話:邱奕宏,Say,イエホン･キュウ,19,真剣な彼女の話を聞くにつれて、彼女の気持ちが少しだけわかってきたんだ。,"진지한 걔 얘기를 듣다 보니까, 걔 마음을 조금은 알 것 같더라고."
16cb18d2a2b26981a5a165feae2e28bb.bundle,結局對話:邱奕宏,Say,イエホン･キュウ,20,その時に気づいたんだ、僕はシンカのことを全く知らないって。,"그때 깨달았어, 나는 신카에 대해 전혀 모르고 있었다는 걸."
16cb18d2a2b26981a5a165feae2e28bb.bundle,結局對話:邱奕宏,Say,イエホン･キュウ,21,でも今回のことで、彼女のことを少しだけ理解できた気がする。,"근데 이번 일로, 걔를 조금은 이해할 수 있게 된 것 같아."
16cb18d2a2b26981a5a165feae2e28bb.bundle,結局對話:邱奕宏,Say,イエホン･キュウ,22,これからは彼女の不安を馬鹿にしたりしないよ。,앞으로는 걔 불안을 무시하거나 하지 않을 거야.
16cb18d2a2b26981a5a165feae2e28bb.bundle,結局對話:邱奕宏,Branch,#Simple,5,今後一切、馬鹿にするのをやめればいい。,"앞으로 아예, 무시하는 걸 그만두면 돼."
16cb18d2a2b26981a5a165feae2e28bb.bundle,結局對話:邱奕宏,Say,イエホン･キュウ,23,それはだめだ！,그건 안 돼!
16cb18d2a2b26981a5a165feae2e28bb.bundle,結局對話:邱奕宏,Say,イエホン･キュウ,24,人を馬鹿にするのは僕のセールスポイントだから！,사람 놀리는 건 내 세일즈 포인트니까!
16cb18d2a2b26981a5a165feae2e28bb.bundle,結局對話:邱奕宏,Branch,#Simple,6,他のことでは、馬鹿にし続けるのか？,"다른 건, 계속 놀릴 거냐?"
16cb18d2a2b26981a5a165feae2e28bb.bundle,結局對話:邱奕宏,Say,イエホン･キュウ,25,もちろん！,당연하지!
16cb18d2a2b26981a5a165feae2e28bb.bundle,結局對話:邱奕宏,Say,イエホン･キュウ,26,ハハハハ！,하하하하!
16cb18d2a2b26981a5a165feae2e28bb.bundle,結局對話:邱奕宏,Branch,#Simple,7,……,……
16cb18d2a2b26981a5a165feae2e28bb.bundle,結局對話:邱奕宏,Say,イエホン･キュウ,27,……,……
16cb18d2a2b26981a5a165feae2e28bb.bundle,結局對話:邱奕宏,Say,イエホン･キュウ,28,とにかく、本当にありがとう。,"아무튼, 정말 고마워."
16cb18d2a2b26981a5a165feae2e28bb.bundle,結局對話:邱奕宏,Say,イエホン･キュウ,29,君のおかげで、大切な友達を失わずに済んだ。,"네 덕분에, 소중한 친구를 잃지 않고 넘어갔어."
16cb18d2a2b26981a5a165feae2e28bb.bundle,結局對話:邱奕宏,Branch,#Simple,8,どういたしまして。,천만에.
16cb18d2a2b26981a5a165feae2e28bb.bundle,結局對話:邱奕宏,Say,イエホン･キュウ,30,ハハ。,하하.
16cb18d2a2b26981a5a165feae2e28bb.bundle,結局對話:邱奕宏,Branch,#Simple,9,……,……
16cb18d2a2b26981a5a165feae2e28bb.bundle,結局對話:邱奕宏,Say,イエホン･キュウ,31,そうだ。ジェイの仕事は来週からだっけ？,맞다. 제이 일은 다음 주부터였지?
16cb18d2a2b26981a5a165feae2e28bb.bundle,結局對話:邱奕宏,Say,イエホン･キュウ,32,ようこそ選別組へ。,선별조에 온 걸 환영해.
16cb18d2a2b26981a5a165feae2e28bb.bundle,結局對話:邱奕宏,Say,イエホン･キュウ,33,ようこそサイレントへ。,사일런트에 온 걸 환영해.
16cb18d2a2b26981a5a165feae2e28bb.bundle,結局對話:邱奕宏,Say,イエホン･キュウ,34,じゃ、また後でね！,"그럼, 이따 봐!"
16cb18d2a2b26981a5a165feae2e28bb.bundle,結局對話:邱奕宏,Branch,#Simple,10,じゃあな。,그래.
16cb18d2a2b26981a5a165feae2e28bb.bundle,結局對話:邱奕宏,Branch,#Simple,11,ボーちゃんと知り合えてよかった、ありがとう。,"보짱이랑 알게 돼서 좋았어, 고마워."
16cb18d2a2b26981a5a165feae2e28bb.bundle,結局對話:邱奕宏,Say,イエホン･キュウ,35,……,……
16cb18d2a2b26981a5a165feae2e28bb.bundle,結局對話:邱奕宏,Say,心の声,1,驚いているようだ。,놀란 것 같다.
16cb18d2a2b26981a5a165feae2e28bb.bundle,結局對話:邱奕宏,Say,イエホン･キュウ,36,僕も、君と知り合えてよかったよ。,"나도, 너랑 알게 돼서 좋았어."
16cb18d2a2b26981a5a165feae2e28bb.bundle,結局對話:邱奕宏,Say,イエホン･キュウ,37,えっと、その……,"그게, 저기……"
16cb18d2a2b26981a5a165feae2e28bb.bundle,結局對話:邱奕宏,Say,イエホン･キュウ,38,頑張ってね。,힘내.
16cb18d2a2b26981a5a165feae2e28bb.bundle,結局對話:邱奕宏,Branch,#Simple,12,何に対してだ？,뭐에 대해서?
16cb18d2a2b26981a5a165feae2e28bb.bundle,結局對話:邱奕宏,Say,イエホン･キュウ,39,さあね、でもなぜか言いたくなったんだ、アハハ。,"글쎄, 근데 왠지 말하고 싶어졌어, 아하하."
16cb18d2a2b26981a5a165feae2e28bb.bundle,結局對話:邱奕宏,Branch,#Simple,13,ああ、ありがとう。,"그래, 고맙다."
16cb18d2a2b26981a5a165feae2e28bb.bundle,結局對話:邱奕宏,Say,イエホン･キュウ,40,うん！,응!
16cb18d2a2b26981a5a165feae2e28bb.bundle,結局對話:邱奕宏,Branch,#Simple,14,……,……
16cb18d2a2b26981a5a165feae2e28bb.bundle,結局對話:邱奕宏,Branch,#Simple,15,……,……
16cb18d2a2b26981a5a165feae2e28bb.bundle,結局對話:邱奕宏,Say,イエホン･キュウ,41,ヘヘ、僕たちの勝ちだね。,"헤헤, 우리가 이겼네."
16cb18d2a2b26981a5a165feae2e28bb.bundle,結局對話:邱奕宏,Branch,#Simple,16,ああ。,그래.
16cb18d2a2b26981a5a165feae2e28bb.bundle,結局對話:邱奕宏,Branch,#Simple,17,これは勝負ではないってチーフが言ってけどな。,이건 승부가 아니라고 팀장이 말했었는데.
16cb18d2a2b26981a5a165feae2e28bb.bundle,結局對話:邱奕宏,Say,イエホン･キュウ,42,謙虚なイーちゃんはそう言うよ！,겸손한 이짱은 그렇게 말하지!
16cb18d2a2b26981a5a165feae2e28bb.bundle,結局對話:邱奕宏,Say,イエホン･キュウ,43,でも実際に、僕たちが操作組に勝って、工場を守っただろ！,"근데 실제로, 우리가 조작조를 이기고, 공장을 지켰잖아!"
16cb18d2a2b26981a5a165feae2e28bb.bundle,結局對話:邱奕宏,Branch,#Simple,18,そうだな。,그렇지.
16cb18d2a2b26981a5a165feae2e28bb.bundle,結局對話:邱奕宏,Say,イエホン･キュウ,44,だろう。,그치.
16cb18d2a2b26981a5a165feae2e28bb.bundle,結局對話:邱奕宏,Branch,#Simple,19,ギリギリの戦いだったけどな。,아슬아슬한 싸움이었지만.
16cb18d2a2b26981a5a165feae2e28bb.bundle,結局對話:邱奕宏,Say,イエホン･キュウ,45,それでも勝ちは勝ちだ！,그래도 승리는 승리다!
16cb18d2a2b26981a5a165feae2e28bb.bundle,結局對話:邱奕宏,Say,心の声,2,すごく嬉しそうだ。,정말 기뻐 보인다.
16cb18d2a2b26981a5a165feae2e28bb.bundle,結局對話:邱奕宏,Branch,#Simple,20,……,……
16cb18d2a2b26981a5a165feae2e28bb.bundle,結局對話:邱奕宏,Branch,#Simple,21,ヘヘ。,헤헤.
16cb18d2a2b26981a5a165feae2e28bb.bundle,結局對話:邱奕宏,Say,イエホン･キュウ,46,ヘヘ。,헤헤.
16cb18d2a2b26981a5a165feae2e28bb.bundle,結局對話:邱奕宏,Branch,#Simple,22,……,……
16cb18d2a2b26981a5a165feae2e28bb.bundle,結局對話:邱奕宏,Say,イエホン･キュウ,47,ジェイが来た！,제이 왔다!
16cb18d2a2b26981a5a165feae2e28bb.bundle,結局對話:邱奕宏,Branch,#Simple,23,よっ。,어이.
16cb18d2a2b26981a5a165feae2e28bb.bundle,結局對話:邱奕宏,Branch,#Simple,24,盛り上がってるみたいだな……,신나 보이네……
16cb18d2a2b26981a5a165feae2e28bb.bundle,結局對話:邱奕宏,Say,イエホン･キュウ,48,君のおかげでサイレントが救われたからだよ！,네 덕분에 사일런트가 구원받았으니까!
16cb18d2a2b26981a5a165feae2e28bb.bundle,結局對話:邱奕宏,Branch,#Simple,25,……,……
16cb18d2a2b26981a5a165feae2e28bb.bundle,結局對話:邱奕宏,Say,イエホン･キュウ,49,まさかイーちゃんとシュン･ゴに手を組ませるなんてな。,설마 이짱이랑 준 고를 손잡게 만들 줄이야.
16cb18d2a2b26981a5a165feae2e28bb.bundle,結局對話:邱奕宏,Branch,#Simple,26,手を組むしか方法はないと思っただけだ。,손잡는 것 말고는 방법이 없다고 생각했을 뿐이다.
16cb18d2a2b26981a5a165feae2e28bb.bundle,結局對話:邱奕宏,Branch,#Simple,27,こっちだって、驚いているくらいだ。,"이쪽도, 놀라고 있을 정도다."
16cb18d2a2b26981a5a165feae2e28bb.bundle,結局對話:邱奕宏,Branch,#Simple,28,……,……
16cb18d2a2b26981a5a165feae2e28bb.bundle,結局對話:邱奕宏,Say,イエホン･キュウ,50,……,……
16cb18d2a2b26981a5a165feae2e28bb.bundle,結局對話:邱奕宏,Say,イエホン･キュウ,51,彼らは最初から手を組みたがってたのに、そのきっかけが掴めなかっただけなんだな。,"그 사람들은 처음부터 손잡고 싶어했는데, 그 계기를 못 잡았던 것뿐이었네."
16cb18d2a2b26981a5a165feae2e28bb.bundle,結局對話:邱奕宏,Say,イエホン･キュウ,52,全部ジェイのおかげだよ。,다 제이 덕분이야.
16cb18d2a2b26981a5a165feae2e28bb.bundle,結局對話:邱奕宏,Say,シソン･リク,0,続きやりますか？,계속하실래요?
16cb18d2a2b26981a5a165feae2e28bb.bundle,結局對話:邱奕宏,Say,シソン･リク,1,もう負けそうですよ。,이제 질 것 같은데요.
16cb18d2a2b26981a5a165feae2e28bb.bundle,結局對話:邱奕宏,Say,イエホン･キュウ,53,あ、そう？負けてもいいよ、ジェイと話してるし。,"아, 그래? 져도 괜찮아, 제이랑 얘기하고 있으니까."
16cb18d2a2b26981a5a165feae2e28bb.bundle,結局對話:邱奕宏,Say,シソン･リク,2,そ、そんな……,"그, 그런……"
16cb18d2a2b26981a5a165feae2e28bb.bundle,結局對話:邱奕宏,Say,心の声,3,セキスウ？何でここに……,세키스우? 왜 여기……
16cb18d2a2b26981a5a165feae2e28bb.bundle,結局對話:邱奕宏,Branch,#Simple,29,何で彼がここに？,왜 저 사람이 여기 있어?
16cb18d2a2b26981a5a165feae2e28bb.bundle,結局對話:邱奕宏,Say,イエホン･キュウ,54,ああ、セキスウのこと？,"아, 세키스우 얘기야?"
16cb18d2a2b26981a5a165feae2e28bb.bundle,結局對話:邱奕宏,Say,イエホン･キュウ,55,彼の手伝いで、僕の連絡先を聞きに来たことがあっただろ？,"걔가 돕느라, 내 연락처 물어보러 온 적 있었잖아?"
16cb18d2a2b26981a5a165feae2e28bb.bundle,結局對話:邱奕宏,Say,イエホン･キュウ,56,その繋がりで、一緒にゲームをするようになったんだ。,"그 인연으로, 같이 게임하게 됐어."
16cb18d2a2b26981a5a165feae2e28bb.bundle,結局對話:邱奕宏,Branch,#Simple,30,なるほど。,그렇군.
16cb18d2a2b26981a5a165feae2e28bb.bundle,結局對話:邱奕宏,Branch,#Simple,31,メイ･ジョの方は大丈夫なのか？,메이 조 쪽은 괜찮은 거냐?
16cb18d2a2b26981a5a165feae2e28bb.bundle,結局對話:邱奕宏,Say,シソン･リク,3,もうサイレントでの任務は終わりました。,이미 사일런트에서의 임무는 끝났습니다.
16cb18d2a2b26981a5a165feae2e28bb.bundle,結局對話:邱奕宏,Say,シソン･リク,4,もうすぐ本社に戻るから、今は自由な時間をもらっています。,"곧 본사로 돌아가니까, 지금은 자유 시간을 받았어요."
16cb18d2a2b26981a5a165feae2e28bb.bundle,結局對話:邱奕宏,Say,イエホン･キュウ,57,え？それでゲームしに来たの？,어? 그래서 게임하러 온 거야?
16cb18d2a2b26981a5a165feae2e28bb.bundle,結局對話:邱奕宏,Say,シソン･リク,5,そ、そんな感じです……,"그, 그런 느낌이에요……"
16cb18d2a2b26981a5a165feae2e28bb.bundle,結局對話:邱奕宏,Say,イエホン･キュウ,58,ハハハハ！,하하하하!
16cb18d2a2b26981a5a165feae2e28bb.bundle,結局對話:邱奕宏,Branch,#Simple,32,……,……
16cb18d2a2b26981a5a165feae2e28bb.bundle,結局對話:邱奕宏,Branch,#Simple,33,……,……
16cb18d2a2b26981a5a165feae2e28bb.bundle,結局對話:邱奕宏,Say,パン･ロウ,0,よっしゃー！逆転だ！,좋았어! 역전이다!
16cb18d2a2b26981a5a165feae2e28bb.bundle,結局對話:邱奕宏,Say,シソン･リク,6,凄い！,대단해요!
16cb18d2a2b26981a5a165feae2e28bb.bundle,結局對話:邱奕宏,Say,イエホン･キュウ,59,僕がいなくても大丈夫そうじゃん！,내가 없어도 괜찮아 보이네!
16cb18d2a2b26981a5a165feae2e28bb.bundle,結局對話:邱奕宏,Branch,#Simple,34,何でパンちゃんがここに？,왜 팡짱이 여기 있는 거지?
16cb18d2a2b26981a5a165feae2e28bb.bundle,結局對話:邱奕宏,Say,パン･ロウ,1,シュンが好きにしろって。,슌이 마음대로 하라고 해서.
16cb18d2a2b26981a5a165feae2e28bb.bundle,結局對話:邱奕宏,Branch,#Simple,35,いや、どうしてボーちゃんとゲームを？,"아니, 왜 보짱이랑 게임을 하고 있는데?"
16cb18d2a2b26981a5a165feae2e28bb.bundle,結局對話:邱奕宏,Say,パン･ロウ,2,それは、ジェイに言われたとおり……,"그건, 제이가 말한 대로……"
16cb18d2a2b26981a5a165feae2e28bb.bundle,結局對話:邱奕宏,Say,イエホン･キュウ,60,僕とメッセージのやり取りをするようになって、一緒に遊ぶようにもなったんだ。,"나랑 메시지 주고받게 되면서, 같이 놀게도 됐어."
16cb18d2a2b26981a5a165feae2e28bb.bundle,結局對話:邱奕宏,Say,イエホン･キュウ,61,操作組の人間だけどね。,조작조 사람이긴 하지만.
16cb18d2a2b26981a5a165feae2e28bb.bundle,結局對話:邱奕宏,Say,パン･ロウ,3,その言い方はやめてくれよ！,그런 말투는 그만해줘!
16cb18d2a2b26981a5a165feae2e28bb.bundle,結局對話:邱奕宏,Say,イエホン･キュウ,62,ハハハ、冗談だよ。,"하하하, 농담이야."
16cb18d2a2b26981a5a165feae2e28bb.bundle,結局對話:邱奕宏,Branch,#Simple,36,……,……
16cb18d2a2b26981a5a165feae2e28bb.bundle,結局對話:邱奕宏,Branch,#Simple,37,……,……
16cb18d2a2b26981a5a165feae2e28bb.bundle,結局對話:邱奕宏,Say,パン･ロウ,4,あ、そうだ……,"아, 맞다……"
16cb18d2a2b26981a5a165feae2e28bb.bundle,結局對話:邱奕宏,Say,パン･ロウ,5,操作組で話した時、僕は君に酷いことを言った……,"조작조에서 얘기했을 때, 내가 너한테 심한 말 했었지……"
16cb18d2a2b26981a5a165feae2e28bb.bundle,結局對話:邱奕宏,Say,パン･ロウ,6,あの時は自分を見失ってたんだ、本当にごめん……,"그때는 내가 이성을 잃었었어, 정말 미안해……"
16cb18d2a2b26981a5a165feae2e28bb.bundle,結局對話:邱奕宏,Branch,#Simple,38,気にしないでください。,신경 쓰지 마세요.
16cb18d2a2b26981a5a165feae2e28bb.bundle,結局對話:邱奕宏,Branch,#Simple,39,いえ、こちらの態度も悪かったです。,"아뇨, 저도 태도가 안 좋았습니다."
16cb18d2a2b26981a5a165feae2e28bb.bundle,結局對話:邱奕宏,Say,パン･ロウ,7,……ありがとう。,……고마워.
16cb18d2a2b26981a5a165feae2e28bb.bundle,結局對話:邱奕宏,Say,イエホン･キュウ,63,あのさ、今日は和解大会なの？,"저기, 오늘은 화해 대회야?"
16cb18d2a2b26981a5a165feae2e28bb.bundle,結局對話:邱奕宏,Say,パン･ロウ,8,そうかも！,그럴지도!
16cb18d2a2b26981a5a165feae2e28bb.bundle,結局對話:邱奕宏,Say,イエホン･キュウ,64,アハハハ！,아하하하!
16cb18d2a2b26981a5a165feae2e28bb.bundle,結局對話:邱奕宏,Say,イエホン･キュウ,65,そうだ……,맞다……
16cb18d2a2b26981a5a165feae2e28bb.bundle,結局對話:邱奕宏,Say,イエホン･キュウ,66,あの後、シンカと話したんだ。,"그 후에, 신카랑 얘기했어."
16cb18d2a2b26981a5a165feae2e28bb.bundle,結局對話:邱奕宏,Say,イエホン･キュウ,67,はぁ……,하아……
16cb18d2a2b26981a5a165feae2e28bb.bundle,結局對話:邱奕宏,Say,イエホン･キュウ,68,情けないよ……,한심하네……
16cb18d2a2b26981a5a165feae2e28bb.bundle,結局對話:邱奕宏,Say,イエホン･キュウ,69,まさか彼女が一人でそんなことを考えていたなんて。,설마 걔가 혼자서 그런 생각을 하고 있었을 줄이야.
16cb18d2a2b26981a5a165feae2e28bb.bundle,結局對話:邱奕宏,Say,イエホン･キュウ,70,最初は、なんて馬鹿げた話だと思ったけど……,"처음엔, 진짜 어이없는 얘기라고 생각했는데……"
16cb18d2a2b26981a5a165feae2e28bb.bundle,結局對話:邱奕宏,Say,イエホン･キュウ,71,真剣な彼女の話を聞くにつれて、彼女の気持ちが少しだけわかってきたんだ。,"진지한 걔 얘기를 듣다 보니까, 걔 마음을 조금은 알 것 같더라고."
16cb18d2a2b26981a5a165feae2e28bb.bundle,結局對話:邱奕宏,Say,イエホン･キュウ,72,その時に気づいたんだ、僕はシンカのことを全く知らないって。,"그때 깨달았어, 나는 신카에 대해 전혀 모르고 있었다는 걸."
16cb18d2a2b26981a5a165feae2e28bb.bundle,結局對話:邱奕宏,Say,イエホン･キュウ,73,でも今回のことで、彼女のことを少しだけ理解できた気がする。,"근데 이번 일로, 걔를 조금은 이해할 수 있게 된 것 같아."
16cb18d2a2b26981a5a165feae2e28bb.bundle,結局對話:邱奕宏,Say,イエホン･キュウ,74,これからは彼女の不安を馬鹿にしたりしないよ。,앞으로는 걔 불안을 무시하거나 하지 않을 거야.
16cb18d2a2b26981a5a165feae2e28bb.bundle,結局對話:邱奕宏,Branch,#Simple,40,今後一切、馬鹿にするのをやめればいい。,"앞으로 아예, 무시하는 걸 그만두면 돼."
16cb18d2a2b26981a5a165feae2e28bb.bundle,結局對話:邱奕宏,Say,イエホン･キュウ,75,それはだめだ！,그건 안 돼!
16cb18d2a2b26981a5a165feae2e28bb.bundle,結局對話:邱奕宏,Say,イエホン･キュウ,76,人を馬鹿にするのは僕のセールスポイントだから！,사람 놀리는 건 내 세일즈 포인트니까!
16cb18d2a2b26981a5a165feae2e28bb.bundle,結局對話:邱奕宏,Branch,#Simple,41,他のことでは、馬鹿にし続けるのか？,"다른 건, 계속 놀릴 거냐?"
16cb18d2a2b26981a5a165feae2e28bb.bundle,結局對話:邱奕宏,Say,イエホン･キュウ,77,もちろん！,당연하지!
16cb18d2a2b26981a5a165feae2e28bb.bundle,結局對話:邱奕宏,Say,イエホン･キュウ,78,ハハハハ！,하하하하!
16cb18d2a2b26981a5a165feae2e28bb.bundle,結局對話:邱奕宏,Branch,#Simple,42,……,……
16cb18d2a2b26981a5a165feae2e28bb.bundle,結局對話:邱奕宏,Say,イエホン･キュウ,79,……,……
16cb18d2a2b26981a5a165feae2e28bb.bundle,結局對話:邱奕宏,Say,イエホン･キュウ,80,とにかく、本当にありがとう。,"아무튼, 정말 고마워."
16cb18d2a2b26981a5a165feae2e28bb.bundle,結局對話:邱奕宏,Say,イエホン･キュウ,81,君のおかげで、大切な友達を失わずに済んだ。,"네 덕분에, 소중한 친구를 잃지 않고 넘어갔어."
16cb18d2a2b26981a5a165feae2e28bb.bundle,結局對話:邱奕宏,Branch,#Simple,43,どういたしまして。,천만에.
16cb18d2a2b26981a5a165feae2e28bb.bundle,結局對話:邱奕宏,Say,イエホン･キュウ,82,ハハ。,하하.
16cb18d2a2b26981a5a165feae2e28bb.bundle,結局對話:邱奕宏,Branch,#Simple,44,……,……
16cb18d2a2b26981a5a165feae2e28bb.bundle,結局對話:邱奕宏,Say,イエホン･キュウ,83,そうだ。ジェイの仕事は来週からだっけ？,맞다. 제이 일은 다음 주부터였지?
16cb18d2a2b26981a5a165feae2e28bb.bundle,結局對話:邱奕宏,Say,イエホン･キュウ,84,ようこそ選別組へ。,선별조에 온 걸 환영해.
16cb18d2a2b26981a5a165feae2e28bb.bundle,結局對話:邱奕宏,Say,イエホン･キュウ,85,ようこそサイレントへ。,사일런트에 온 걸 환영해.
16cb18d2a2b26981a5a165feae2e28bb.bundle,結局對話:邱奕宏,Say,イエホン･キュウ,86,じゃ、また後でね！,"그럼, 이따 봐!"
16cb18d2a2b26981a5a165feae2e28bb.bundle,結局對話:邱奕宏,Branch,#Simple,45,ああ。,그래.
16cb18d2a2b26981a5a165feae2e28bb.bundle,結局對話:邱奕宏,Branch,#Simple,46,ボーちゃんと知り合えてよかった、ありがとう。,"보짱이랑 알게 돼서 좋았어, 고마워."
16cb18d2a2b26981a5a165feae2e28bb.bundle,結局對話:邱奕宏,Say,イエホン･キュウ,87,……,……
16cb18d2a2b26981a5a165feae2e28bb.bundle,結局對話:邱奕宏,Say,心の声,4,驚いているようだ。,놀란 것 같다.
16cb18d2a2b26981a5a165feae2e28bb.bundle,結局對話:邱奕宏,Say,イエホン･キュウ,88,僕も、君と知り合えてよかったよ。,"나도, 너랑 알게 돼서 좋았어."
16cb18d2a2b26981a5a165feae2e28bb.bundle,結局對話:邱奕宏,Say,イエホン･キュウ,89,えっと、その……,"그게, 저기……"
16cb18d2a2b26981a5a165feae2e28bb.bundle,結局對話:邱奕宏,Say,イエホン･キュウ,90,頑張ってね。,힘내.
16cb18d2a2b26981a5a165feae2e28bb.bundle,結局對話:邱奕宏,Branch,#Simple,47,何に対してだ？,뭐에 대해서?
16cb18d2a2b26981a5a165feae2e28bb.bundle,結局對話:邱奕宏,Say,イエホン･キュウ,91,さあね、でもなぜか言いたくなったんだ、アハハ。,"글쎄, 근데 왠지 말하고 싶어졌어, 아하하."
16cb18d2a2b26981a5a165feae2e28bb.bundle,結局對話:邱奕宏,Branch,#Simple,48,ああ、ありがとう。,"그래, 고맙다."
16cb18d2a2b26981a5a165feae2e28bb.bundle,結局對話:邱奕宏,Say,イエホン･キュウ,92,うん！,응!
16cb18d2a2b26981a5a165feae2e28bb.bundle,結局對話:邱奕宏,Branch,#Simple,49,……,……
16cb18d2a2b26981a5a165feae2e28bb.bundle,結局對話:邱奕宏,Branch,#Simple,50,……,……
16cb18d2a2b26981a5a165feae2e28bb.bundle,結局對話:謝采欣,Say,シンカ･シェ,0,ジェイ。,제이.
16cb18d2a2b26981a5a165feae2e28bb.bundle,結局對話:謝采欣,Say,シンカ･シェ,1,……大丈夫ですか？,……괜찮으세요?
16cb18d2a2b26981a5a165feae2e28bb.bundle,結局對話:謝采欣,Branch,#Simple,0,何がだ？,뭐가?
16cb18d2a2b26981a5a165feae2e28bb.bundle,結局對話:謝采欣,Say,シンカ･シェ,2,チーフと一緒に執行官に会いに行きましたよね？,팀장님이랑 같이 집행관 만나러 가셨었죠?
16cb18d2a2b26981a5a165feae2e28bb.bundle,結局對話:謝采欣,Say,シンカ･シェ,3,結果はあまり芳しくなかったと聞きました……,결과가 별로 안 좋았다고 들었어요……
16cb18d2a2b26981a5a165feae2e28bb.bundle,結局對話:謝采欣,Branch,#Simple,1,まあな。,"뭐, 그렇지."
16cb18d2a2b26981a5a165feae2e28bb.bundle,結局對話:謝采欣,Branch,#Simple,2,そうだな。,그렇지.
16cb18d2a2b26981a5a165feae2e28bb.bundle,結局對話:謝采欣,Branch,#Simple,3,そこそこって感じだ。,그럭저럭이란 느낌이야.
16cb18d2a2b26981a5a165feae2e28bb.bundle,結局對話:謝采欣,Say,シンカ･シェ,4,ならよかったです。,그럼 다행이네요.
16cb18d2a2b26981a5a165feae2e28bb.bundle,結局對話:謝采欣,Say,シンカ･シェ,5,チーフも大変でしたね、あと少しだったのに。,"팀장님도 힘드셨겠어요, 조금만 더 하면 됐는데."
16cb18d2a2b26981a5a165feae2e28bb.bundle,結局對話:謝采欣,Branch,#Simple,4,ああ。,그래.
16cb18d2a2b26981a5a165feae2e28bb.bundle,結局對話:謝采欣,Branch,#Simple,5,またチャレンジすればいいさ。,또 도전하면 되지.
16cb18d2a2b26981a5a165feae2e28bb.bundle,結局對話:謝采欣,Say,シンカ･シェ,6,はい！,네!
16cb18d2a2b26981a5a165feae2e28bb.bundle,結局對話:謝采欣,Branch,#Simple,6,……,……
16cb18d2a2b26981a5a165feae2e28bb.bundle,結局對話:謝采欣,Say,シンカ･シェ,7,それと、選別組へようこそ。,"그리고, 선별조에 온 걸 환영해요."
16cb18d2a2b26981a5a165feae2e28bb.bundle,結局對話:謝采欣,Say,シンカ･シェ,8,入るタイミングは良いとは言えませんが……,들어온 타이밍이 좋다고는 할 수 없지만……
16cb18d2a2b26981a5a165feae2e28bb.bundle,結局對話:謝采欣,Say,シンカ･シェ,9,でも仲間が増えてとても嬉しいです！,그래도 동료가 늘어서 정말 기뻐요!
16cb18d2a2b26981a5a165feae2e28bb.bundle,結局對話:謝采欣,Say,シンカ･シェ,10,これからもよろしくお願いします！,앞으로도 잘 부탁드려요!
16cb18d2a2b26981a5a165feae2e28bb.bundle,結局對話:謝采欣,Branch,#Simple,7,ありがとう、シンカ。,"고마워, 신카."
16cb18d2a2b26981a5a165feae2e28bb.bundle,結局對話:謝采欣,Say,シンカ･シェ,11,はい！,네!
16cb18d2a2b26981a5a165feae2e28bb.bundle,結局對話:謝采欣,Branch,#Simple,8,……,……
16cb18d2a2b26981a5a165feae2e28bb.bundle,結局對話:謝采欣,Say,シンカ･シェ,12,ボーちゃんが買ってくれたピザ、もう食べました？とても美味しいですよ。,"보짱이 사준 피자, 벌써 드셨어요? 진짜 맛있어요."
16cb18d2a2b26981a5a165feae2e28bb.bundle,結局對話:謝采欣,Say,シンカ･シェ,13,このピータンと豚の血乗せに、ゴールデン臭豆腐もおすすめですよ！,"이 피단이랑 돼지 선지 올린 거에, 골든 취두부도 추천이에요!"
16cb18d2a2b26981a5a165feae2e28bb.bundle,結局對話:謝采欣,Say,心の声,0,うっ……,윽……
16cb18d2a2b26981a5a165feae2e28bb.bundle,結局對話:謝采欣,Branch,#Simple,9,美味しそうだ。,맛있어 보이네.
16cb18d2a2b26981a5a165feae2e28bb.bundle,結局對話:謝采欣,Say,シンカ･シェ,14,でしょ、でしょ！,"그렇죠, 그렇죠!"
16cb18d2a2b26981a5a165feae2e28bb.bundle,結局對話:謝采欣,Branch,#Simple,10,何でこんな変なものばかり……,왜 이런 이상한 것들만……
16cb18d2a2b26981a5a165feae2e28bb.bundle,結局對話:謝采欣,Say,シンカ･シェ,15,へ、変じゃありませんよ。とても美味しいです！,"이, 이상하지 않아요. 정말 맛있어요!"
16cb18d2a2b26981a5a165feae2e28bb.bundle,結局對話:謝采欣,Say,シンカ･シェ,16,……,……
16cb18d2a2b26981a5a165feae2e28bb.bundle,結局對話:謝采欣,Say,シンカ･シェ,17,ところで……,그건 그렇고……
16cb18d2a2b26981a5a165feae2e28bb.bundle,結局對話:謝采欣,Say,シンカ･シェ,18,シュンさんとチーフが手を組むとは思いませんでした。,슌 씨랑 팀장님이 손잡을 줄은 몰랐어요.
16cb18d2a2b26981a5a165feae2e28bb.bundle,結局對話:謝采欣,Say,シンカ･シェ,19,サイレントは生まれ変わるはずです。,사일런트는 새로 태어날 거예요.
16cb18d2a2b26981a5a165feae2e28bb.bundle,結局對話:謝采欣,Branch,#Simple,11,俺もそう思う。,나도 그렇게 생각해.
16cb18d2a2b26981a5a165feae2e28bb.bundle,結局對話:謝采欣,Say,シンカ･シェ,20,はい！,네!
16cb18d2a2b26981a5a165feae2e28bb.bundle,結局對話:謝采欣,Branch,#Simple,12,それはどうだろうな。,그건 글쎄.
16cb18d2a2b26981a5a165feae2e28bb.bundle,結局對話:謝采欣,Say,シンカ･シェ,21,……そうですよね。まだ解決できていない問題が、たくさん残っていますもんね。,"……그렇죠. 아직 해결 못 한 문제가, 많이 남아 있으니까요."
16cb18d2a2b26981a5a165feae2e28bb.bundle,結局對話:謝采欣,Say,シンカ･シェ,22,でも、きっと大丈夫だと思います。,"근데, 분명 괜찮을 거라고 생각해요."
16cb18d2a2b26981a5a165feae2e28bb.bundle,結局對話:謝采欣,Say,シンカ･シェ,23,あの二人が手を組めば、きっと上手くいきます！,"그 두 분이 손잡으면, 분명 잘 될 거예요!"
16cb18d2a2b26981a5a165feae2e28bb.bundle,結局對話:謝采欣,Say,シンカ･シェ,24,イーちゃんはマネージャーになるんですよね？,이짱은 매니저가 되는 거죠?
16cb18d2a2b26981a5a165feae2e28bb.bundle,結局對話:謝采欣,Branch,#Simple,13,ああ。,그래.
16cb18d2a2b26981a5a165feae2e28bb.bundle,結局對話:謝采欣,Branch,#Simple,14,セイワ･ゲンが嘘をついてないなら。,세이와 겐이 거짓말 안 했다면.
16cb18d2a2b26981a5a165feae2e28bb.bundle,結局對話:謝采欣,Say,シンカ･シェ,25,し、執行官が嘘をつくんですか？,"지, 집행관이 거짓말을 해요?"
16cb18d2a2b26981a5a165feae2e28bb.bundle,結局對話:謝采欣,Branch,#Simple,15,多分大丈夫だとは思う。,아마 괜찮을 거라고 생각해.
16cb18d2a2b26981a5a165feae2e28bb.bundle,結局對話:謝采欣,Say,シンカ･シェ,26,そうですか。,그런가요.
16cb18d2a2b26981a5a165feae2e28bb.bundle,結局對話:謝采欣,Branch,#Simple,16,どうだろうな。,글쎄.
16cb18d2a2b26981a5a165feae2e28bb.bundle,結局對話:謝采欣,Say,シンカ･シェ,27,あんまり執行官を信用していないのですね……,집행관을 그다지 신용 안 하시는군요……
16cb18d2a2b26981a5a165feae2e28bb.bundle,結局對話:謝采欣,Say,シンカ･シェ,28,……,……
16cb18d2a2b26981a5a165feae2e28bb.bundle,結局對話:謝采欣,Say,シンカ･シェ,29,シュンさんたちはどう思っているんでしょう……,슌 씨네는 어떻게 생각하고 있을까요……
16cb18d2a2b26981a5a165feae2e28bb.bundle,結局對話:謝采欣,Say,シンカ･シェ,30,操作組は大量解雇されるでしょうね。,조작조는 대량 해고되겠죠.
16cb18d2a2b26981a5a165feae2e28bb.bundle,結局對話:謝采欣,Branch,#Simple,17,どうしてそれを？,왜 그걸 물으시는 거예요?
16cb18d2a2b26981a5a165feae2e28bb.bundle,結局對話:謝采欣,Say,シンカ･シェ,31,そっちに知り合いがたくさんいるので。,그쪽에 아는 사람이 많아서요.
16cb18d2a2b26981a5a165feae2e28bb.bundle,結局對話:謝采欣,Branch,#Simple,18,仕方のないことだ。,어쩔 수 없는 일이지.
16cb18d2a2b26981a5a165feae2e28bb.bundle,結局對話:謝采欣,Branch,#Simple,19,……,……
16cb18d2a2b26981a5a165feae2e28bb.bundle,結局對話:謝采欣,Say,シンカ･シェ,32,……,……
16cb18d2a2b26981a5a165feae2e28bb.bundle,結局對話:謝采欣,Say,シンカ･シェ,33,私たちはできる限りのことをやって、サイレントが良くなるのを祈るしかありませんね。,"저희는 할 수 있는 만큼 하고, 사일런트가 좋아지길 기도하는 수밖에 없겠네요."
16cb18d2a2b26981a5a165feae2e28bb.bundle,結局對話:謝采欣,Say,シンカ･シェ,34,そうだ！,맞다!
16cb18d2a2b26981a5a165feae2e28bb.bundle,結局對話:謝采欣,Say,シンカ･シェ,35,私、ボーちゃんと話しましたよ。,"저, 보짱이랑 얘기했어요."
16cb18d2a2b26981a5a165feae2e28bb.bundle,結局對話:謝采欣,Branch,#Simple,20,どうだった？,어땠어?
16cb18d2a2b26981a5a165feae2e28bb.bundle,結局對話:謝采欣,Branch,#Simple,21,上手くいったみたいだな。,잘 된 것 같네.
16cb18d2a2b26981a5a165feae2e28bb.bundle,結局對話:謝采欣,Say,シンカ･シェ,36,はい。,네.
16cb18d2a2b26981a5a165feae2e28bb.bundle,結局對話:謝采欣,Branch,#Simple,22,……,……
16cb18d2a2b26981a5a165feae2e28bb.bundle,結局對話:謝采欣,Say,シンカ･シェ,37,ボーちゃんは隠そうとしてたけど……,보짱은 숨기려고 했지만……
16cb18d2a2b26981a5a165feae2e28bb.bundle,結局對話:謝采欣,Say,シンカ･シェ,38,私の考え自体はあんまり理解してもらえませんでした。,제 생각 자체는 별로 이해받지 못했어요.
16cb18d2a2b26981a5a165feae2e28bb.bundle,結局對話:謝采欣,Say,シンカ･シェ,39,能力の差なんて気にしないって言われちゃいました。,능력 차이 같은 거 신경 안 쓴다는 말을 들었어요.
16cb18d2a2b26981a5a165feae2e28bb.bundle,結局對話:謝采欣,Say,シンカ･シェ,40,それと、不安にさせてごめんって。,"그리고, 불안하게 해서 미안하다고요."
16cb18d2a2b26981a5a165feae2e28bb.bundle,結局對話:謝采欣,Branch,#Simple,23,シンカはどう思ったんだ？,신카는 어떻게 생각했어?
16cb18d2a2b26981a5a165feae2e28bb.bundle,結局對話:謝采欣,Say,シンカ･シェ,41,嬉しかったです。,기뻤어요.
16cb18d2a2b26981a5a165feae2e28bb.bundle,結局對話:謝采欣,Say,シンカ･シェ,42,ボーちゃんがそんなふうに思ってくれるなんて。,보짱이 그렇게 생각해주다니.
16cb18d2a2b26981a5a165feae2e28bb.bundle,結局對話:謝采欣,Branch,#Simple,24,もう操作組には行かないのか？,이제 조작조에는 안 가는 거야?
16cb18d2a2b26981a5a165feae2e28bb.bundle,結局對話:謝采欣,Say,シンカ･シェ,43,いえ、行きますよ。,"아뇨, 가요."
16cb18d2a2b26981a5a165feae2e28bb.bundle,結局對話:謝采欣,Say,シンカ･シェ,44,私はやっぱり、新しい能力を身につけたいです。でも理由は以前と違いますよ。,"저는 역시, 새로운 능력을 익히고 싶어요. 근데 이유는 예전이랑 달라요."
16cb18d2a2b26981a5a165feae2e28bb.bundle,結局對話:謝采欣,Branch,#Simple,25,……,……
16cb18d2a2b26981a5a165feae2e28bb.bundle,結局對話:謝采欣,Say,シンカ･シェ,45,悩みを打ち明けたおかげで、大分楽になりました。,"고민을 털어놓은 덕분에, 많이 편해졌어요."
16cb18d2a2b26981a5a165feae2e28bb.bundle,結局對話:謝采欣,Say,シンカ･シェ,46,も、もちろんボーちゃんが真剣に向き合ってくれたおかげでもありますが！,"무, 물론 보짱이 진지하게 마주해준 덕분이기도 하지만요!"
16cb18d2a2b26981a5a165feae2e28bb.bundle,結局對話:謝采欣,Say,シンカ･シェ,47,……,……
16cb18d2a2b26981a5a165feae2e28bb.bundle,結局對話:謝采欣,Say,シンカ･シェ,48,ボーちゃんを褒めすぎですかね……,보짱을 너무 칭찬하나요……
16cb18d2a2b26981a5a165feae2e28bb.bundle,結局對話:謝采欣,Say,シンカ･シェ,49,私が褒めていたことは絶対に彼に言わないでください！調子に乗られては困るので！,제가 칭찬했다는 거 절대 그 사람한테 말하지 마세요! 우쭐대면 곤란하니까요!
16cb18d2a2b26981a5a165feae2e28bb.bundle,結局對話:謝采欣,Branch,#Simple,26,わかった。,알았다.
16cb18d2a2b26981a5a165feae2e28bb.bundle,結局對話:謝采欣,Branch,#Simple,27,是非とも彼に聞かせてあげたい。,꼭 그 사람한테 들려주고 싶은데.
16cb18d2a2b26981a5a165feae2e28bb.bundle,結局對話:謝采欣,Say,シンカ･シェ,50,そんな～！,그런~!
16cb18d2a2b26981a5a165feae2e28bb.bundle,結局對話:謝采欣,Say,シンカ･シェ,51,ハハハ！,하하하!
16cb18d2a2b26981a5a165feae2e28bb.bundle,結局對話:謝采欣,Say,シンカ･シェ,52,そうだ。,그래.
16cb18d2a2b26981a5a165feae2e28bb.bundle,結局對話:謝采欣,Say,シンカ･シェ,53,私、ボーちゃんと仲直りしましたよ。,"저, 보짱이랑 화해했어요."
16cb18d2a2b26981a5a165feae2e28bb.bundle,結局對話:謝采欣,Say,シンカ･シェ,54,間に入ってくれてありがとうございます……,중간에서 나서주셔서 감사합니다……
16cb18d2a2b26981a5a165feae2e28bb.bundle,結局對話:謝采欣,Say,シンカ･シェ,55,……,……
16cb18d2a2b26981a5a165feae2e28bb.bundle,結局對話:謝采欣,Say,シンカ･シェ,56,やっぱり私は彼との能力の差が気になります……,역시 저는 그 사람이랑 능력 차이가 신경 쓰여요……
16cb18d2a2b26981a5a165feae2e28bb.bundle,結局對話:謝采欣,Say,シンカ･シェ,57,でも彼に追いつきさえすれば……,근데 그 사람을 따라잡기만 하면……
16cb18d2a2b26981a5a165feae2e28bb.bundle,結局對話:謝采欣,Say,シンカ･シェ,58,少しは気も楽になると思います……,조금은 마음도 편해질 거라고 생각해요……
16cb18d2a2b26981a5a165feae2e28bb.bundle,結局對話:謝采欣,Say,シンカ･シェ,59,ご報告は以上です。,보고는 이상입니다.
16cb18d2a2b26981a5a165feae2e28bb.bundle,結局對話:謝采欣,Branch,#Simple,28,そうだ。イーちゃんとシュンを知らないか？,맞다. 이짱이랑 슌 못 봤어?
16cb18d2a2b26981a5a165feae2e28bb.bundle,結局對話:謝采欣,Say,シンカ･シェ,60,見てないですね。,못 봤네요.
16cb18d2a2b26981a5a165feae2e28bb.bundle,結局對話:謝采欣,Say,シンカ･シェ,61,お役に立てなくて、すみません。,"도움이 못 돼서, 죄송해요."
16cb18d2a2b26981a5a165feae2e28bb.bundle,結局對話:謝采欣,Branch,#Simple,29,気にしないでくれ。,신경 쓰지 마.
16cb18d2a2b26981a5a165feae2e28bb.bundle,結局對話:謝采欣,Branch,#Simple,30,……,……
16cb18d2a2b26981a5a165feae2e28bb.bundle,結局對話:謝采欣,Branch,#Simple,31,……,……
16cb18d2a2b26981a5a165feae2e28bb.bundle,結局對話:謝采欣,Say,シンカ･シェ,62,よし。,좋아.
16cb18d2a2b26981a5a165feae2e28bb.bundle,結局對話:謝采欣,Say,シンカ･シェ,63,今日はとことんピザを味わいます！,오늘은 끝까지 피자를 맛볼 거예요!
16cb18d2a2b26981a5a165feae2e28bb.bundle,結局對話:謝采欣,Branch,#Simple,32,皆と話さないのか？,다들이랑 얘기 안 해?
16cb18d2a2b26981a5a165feae2e28bb.bundle,結局對話:謝采欣,Say,シンカ･シェ,64,皆と話す機会はいくらでもありますが、ピザを食べる機会はほとんどないので！,"다들이랑 얘기할 기회는 얼마든지 있지만, 피자 먹을 기회는 거의 없으니까요!"
16cb18d2a2b26981a5a165feae2e28bb.bundle,結局對話:謝采欣,Branch,#Simple,33,邪魔しないようにしないとな。,방해 안 되게 해야겠네.
16cb18d2a2b26981a5a165feae2e28bb.bundle,結局對話:謝采欣,Say,シンカ･シェ,65,邪魔になんてなりませんよ、ハハ。,"방해 같은 거 안 돼요, 하하."
16cb18d2a2b26981a5a165feae2e28bb.bundle,結局對話:謝采欣,Branch,#Simple,34,……,……
16cb18d2a2b26981a5a165feae2e28bb.bundle,結局對話:謝采欣,Say,シンカ･シェ,66,私はまだ仕事がありますので。,저는 아직 일이 있어서요.
16cb18d2a2b26981a5a165feae2e28bb.bundle,結局對話:謝采欣,Say,シンカ･シェ,67,これで失礼します。,이만 실례할게요.
16cb18d2a2b26981a5a165feae2e28bb.bundle,結局對話:謝采欣,Branch,#Simple,35,ああ、また。,"그래, 또 봐."
16cb18d2a2b26981a5a165feae2e28bb.bundle,結局對話:謝采欣,Say,シンカ･シェ,68,はい。,네.
16cb18d2a2b26981a5a165feae2e28bb.bundle,結局對話:謝采欣,Branch,#Simple,36,シンカと知り合えてよかった、ありがとう。,"신카랑 알게 돼서 좋았어, 고마워."
16cb18d2a2b26981a5a165feae2e28bb.bundle,結局對話:謝采欣,Say,シンカ･シェ,69,え？え？,네? 네?
16cb18d2a2b26981a5a165feae2e28bb.bundle,結局對話:謝采欣,Say,シンカ･シェ,70,フフッ、急にどうしたんですか？,"후훗, 갑자기 왜 그러세요?"
16cb18d2a2b26981a5a165feae2e28bb.bundle,結局對話:謝采欣,Branch,#Simple,37,気にしないでくれ。,신경 쓰지 마.
16cb18d2a2b26981a5a165feae2e28bb.bundle,結局對話:謝采欣,Say,シンカ･シェ,71,そうですか？,그런가요?
16cb18d2a2b26981a5a165feae2e28bb.bundle,結局對話:謝采欣,Say,シンカ･シェ,72,じゃ……,그럼……
16cb18d2a2b26981a5a165feae2e28bb.bundle,結局對話:謝采欣,Branch,#Simple,38,急に言いたくなっただけだ。,갑자기 말하고 싶어졌을 뿐이야.
16cb18d2a2b26981a5a165feae2e28bb.bundle,結局對話:謝采欣,Say,シンカ･シェ,73,急に？変な人ですね。,갑자기요? 이상한 사람이네요.
16cb18d2a2b26981a5a165feae2e28bb.bundle,結局對話:謝采欣,Say,シンカ･シェ,74,フフフッ,후후훗
16cb18d2a2b26981a5a165feae2e28bb.bundle,結局對話:謝采欣,Say,シンカ･シェ,75,私も知り合えて良かったです！,저도 알게 돼서 좋았어요!
16cb18d2a2b26981a5a165feae2e28bb.bundle,結局對話:謝采欣,Say,シンカ･シェ,76,では、また後で。,"그럼, 이따 봬요."
16cb18d2a2b26981a5a165feae2e28bb.bundle,結局對話:謝采欣,Branch,#Simple,39,……,……
16cb18d2a2b26981a5a165feae2e28bb.bundle,結局對話:曹泰銘跟吳晉峰,Say,シンホン･ゴ,0,ジェイ。,제이.
16cb18d2a2b26981a5a165feae2e28bb.bundle,結局對話:曹泰銘跟吳晉峰,Say,タイミン･ソウ,0,どうも。,안녕하세요.
16cb18d2a2b26981a5a165feae2e28bb.bundle,結局對話:曹泰銘跟吳晉峰,Say,シンホン･ゴ,1,……心配してるのか？,……걱정돼?
16cb18d2a2b26981a5a165feae2e28bb.bundle,結局對話:曹泰銘跟吳晉峰,Branch,#Simple,0,何についてですか？,뭐에 대해서요?
16cb18d2a2b26981a5a165feae2e28bb.bundle,結局對話:曹泰銘跟吳晉峰,Say,シンホン･ゴ,2,サイレントのこれからだよ,사일런트의 앞날 말이야
16cb18d2a2b26981a5a165feae2e28bb.bundle,結局對話:曹泰銘跟吳晉峰,Branch,#Simple,1,心配してませんよ。,걱정 안 해요.
16cb18d2a2b26981a5a165feae2e28bb.bundle,結局對話:曹泰銘跟吳晉峰,Say,シンホン･ゴ,3,おお、良い心意気だ。,"오, 배짱 좋네."
16cb18d2a2b26981a5a165feae2e28bb.bundle,結局對話:曹泰銘跟吳晉峰,Branch,#Simple,2,多少は。,조금은요.
16cb18d2a2b26981a5a165feae2e28bb.bundle,結局對話:曹泰銘跟吳晉峰,Say,シンホン･ゴ,4,……そうか。,……그런가.
16cb18d2a2b26981a5a165feae2e28bb.bundle,結局對話:曹泰銘跟吳晉峰,Say,タイミン･ソウ,1,今回のこの結果は、あくまでも時間稼ぎにしかならないですからね……,"이번 이 결과는, 어디까지나 시간 벌기밖에 안 되니까요……"
16cb18d2a2b26981a5a165feae2e28bb.bundle,結局對話:曹泰銘跟吳晉峰,Say,タイミン･ソウ,2,サイレントがいつ閉鎖になっても、おかしくありません。,"사일런트가 언제 폐쇄돼도, 이상하지 않아요."
16cb18d2a2b26981a5a165feae2e28bb.bundle,結局對話:曹泰銘跟吳晉峰,Say,シンホン･ゴ,5,ああ……,그래……
16cb18d2a2b26981a5a165feae2e28bb.bundle,結局對話:曹泰銘跟吳晉峰,Say,タイミン･ソウ,3,シンホンはここが閉鎖されたら、どうしますか？,"신홍 씨는 여기가 폐쇄되면, 어떻게 하실 거예요?"
16cb18d2a2b26981a5a165feae2e28bb.bundle,結局對話:曹泰銘跟吳晉峰,Say,シンホン･ゴ,6,どういう意味だ？,무슨 뜻이야?
16cb18d2a2b26981a5a165feae2e28bb.bundle,結局對話:曹泰銘跟吳晉峰,Say,タイミン･ソウ,4,あなたはずっと演算工場の正当性に疑問を抱いていましたよね？,당신은 계속 연산공장의 정당성에 의문을 품고 있었잖아요?
16cb18d2a2b26981a5a165feae2e28bb.bundle,結局對話:曹泰銘跟吳晉峰,Say,シンホン･ゴ,7,……,……
16cb18d2a2b26981a5a165feae2e28bb.bundle,結局對話:曹泰銘跟吳晉峰,Say,シンホン･ゴ,8,正直に言うと、わからない。,"솔직히 말하면, 모르겠다."
16cb18d2a2b26981a5a165feae2e28bb.bundle,結局對話:曹泰銘跟吳晉峰,Say,シンホン･ゴ,9,だけど、俺がまだここにいるってことは、演算工場はまだ必要なんだと思う。,"근데, 내가 아직 여기 있다는 건, 연산공장이 아직 필요하다는 거라고 생각해."
16cb18d2a2b26981a5a165feae2e28bb.bundle,結局對話:曹泰銘跟吳晉峰,Say,シンホン･ゴ,10,だからサイレントが閉鎖されたら、俺は残念に思うだろうな。,"그러니까 사일런트가 폐쇄되면, 나는 아쉬워할 것 같아."
16cb18d2a2b26981a5a165feae2e28bb.bundle,結局對話:曹泰銘跟吳晉峰,Say,シンホン･ゴ,11,それに選別組の皆も好きだ。,게다가 선별조 사람들도 다 좋고.
16cb18d2a2b26981a5a165feae2e28bb.bundle,結局對話:曹泰銘跟吳晉峰,Say,タイミン･ソウ,5,……,……
16cb18d2a2b26981a5a165feae2e28bb.bundle,結局對話:曹泰銘跟吳晉峰,Say,シンホン･ゴ,12,……,……
16cb18d2a2b26981a5a165feae2e28bb.bundle,結局對話:曹泰銘跟吳晉峰,Say,シンホン･ゴ,13,あー、やめやめ！こんな盛り下げる話題はよそうぜ！,아~ 됐다 됐어! 이런 김빠지는 얘기는 그만하자!
16cb18d2a2b26981a5a165feae2e28bb.bundle,結局對話:曹泰銘跟吳晉峰,Say,シンホン･ゴ,14,ボーちゃんが頼んだピザを見てみろよ！,보짱이 시킨 피자 좀 봐봐!
16cb18d2a2b26981a5a165feae2e28bb.bundle,結局對話:曹泰銘跟吳晉峰,Say,シンホン･ゴ,15,ピータン豚の血載せ、ゴールデン臭豆腐だぞ！？,"피단에 돼지 선지 올린데다, 골든 취두부라니!?"
16cb18d2a2b26981a5a165feae2e28bb.bundle,結局對話:曹泰銘跟吳晉峰,Say,タイミン･ソウ,6,何かおかしいですか？,뭐가 이상해요?
16cb18d2a2b26981a5a165feae2e28bb.bundle,結局對話:曹泰銘跟吳晉峰,Say,シンホン･ゴ,16,はあ？イタリア人に見られたら断交待ったなしだぞ！,허? 이탈리아 사람이 보면 바로 국교 단절이라고!
16cb18d2a2b26981a5a165feae2e28bb.bundle,結局對話:曹泰銘跟吳晉峰,Say,タイミン･ソウ,7,ハハハ……,하하하……
16cb18d2a2b26981a5a165feae2e28bb.bundle,結局對話:曹泰銘跟吳晉峰,Say,シンホン･ゴ,17,マネージャーになるイーちゃんに、ゲテモノ禁止令を出してもらわないと……,"매니저 되는 이짱한테, 이상한 음식 금지령 내리게 해야……"
16cb18d2a2b26981a5a165feae2e28bb.bundle,結局對話:曹泰銘跟吳晉峰,Say,タイミン･ソウ,8,昇進早々、職権濫用させる気ですか！,"승진하자마자, 직권 남용시킬 생각이에요!"
16cb18d2a2b26981a5a165feae2e28bb.bundle,結局對話:曹泰銘跟吳晉峰,Say,シンホン･ゴ,18,ハハ、嘘だよ。何はともあれ、俺たちはやっと操作組を押さえ込んで、主導権を手に入れたんだな。,"하하, 농담이야. 아무튼, 우리 드디어 조작조를 눌러버리고, 주도권을 손에 넣었네."
16cb18d2a2b26981a5a165feae2e28bb.bundle,結局對話:曹泰銘跟吳晉峰,Say,タイミン･ソウ,9,はい、これからゆっくりとサイレントを改善していきましょう。,"네, 이제부터 천천히 사일런트를 개선해나가죠."
16cb18d2a2b26981a5a165feae2e28bb.bundle,結局對話:曹泰銘跟吳晉峰,Say,シンホン･ゴ,19,供給者の選別基準も緩めていいよな？,공급자 선별 기준도 완화해도 되겠지?
16cb18d2a2b26981a5a165feae2e28bb.bundle,結局對話:曹泰銘跟吳晉峰,Say,シンホン･ゴ,20,そもそも反対してたのは操作組だけだし。,애초에 반대했던 건 조작조뿐이었으니까.
16cb18d2a2b26981a5a165feae2e28bb.bundle,結局對話:曹泰銘跟吳晉峰,Say,タイミン･ソウ,10,はい、今後はより多くの人間に仕事を与えられますね。,"네, 앞으로는 더 많은 사람한테 일을 줄 수 있겠네요."
16cb18d2a2b26981a5a165feae2e28bb.bundle,結局對話:曹泰銘跟吳晉峰,Say,シンホン･ゴ,21,……,……
16cb18d2a2b26981a5a165feae2e28bb.bundle,結局對話:曹泰銘跟吳晉峰,Say,シンホン･ゴ,22,操作組の奴らはどうするんだろうな。,조작조 놈들은 어떻게 할까.
16cb18d2a2b26981a5a165feae2e28bb.bundle,結局對話:曹泰銘跟吳晉峰,Say,タイミン･ソウ,11,反対してくると思いますか？,반대하고 나올 것 같아요?
16cb18d2a2b26981a5a165feae2e28bb.bundle,結局對話:曹泰銘跟吳晉峰,Say,シンホン･ゴ,23,そりゃ、そうだろ。,"그야, 그렇겠지."
16cb18d2a2b26981a5a165feae2e28bb.bundle,結局對話:曹泰銘跟吳晉峰,Say,シンホン･ゴ,24,この中で操作組と話したことがあるのはジェイだけだが、どう思うよ？,"여기서 조작조랑 얘기해본 건 제이뿐인데, 어떻게 생각해?"
16cb18d2a2b26981a5a165feae2e28bb.bundle,結局對話:曹泰銘跟吳晉峰,Branch,#Simple,3,多分、多くの人が離職すると思います。,"아마, 많은 사람이 퇴사할 거라고 생각합니다."
16cb18d2a2b26981a5a165feae2e28bb.bundle,結局對話:曹泰銘跟吳晉峰,Say,シンホン･ゴ,25,まじか……,진짜냐……
16cb18d2a2b26981a5a165feae2e28bb.bundle,結局對話:曹泰銘跟吳晉峰,Say,タイミン･ソウ,12,……それはこちらにとっても、良いこととは言えませんね。,"……그건 저희 쪽에서도, 좋은 일이라고는 할 수 없겠네요."
16cb18d2a2b26981a5a165feae2e28bb.bundle,結局對話:曹泰銘跟吳晉峰,Say,タイミン･ソウ,13,サイレントにとって、彼らはとても大事な存在ですから。,"사일런트한테, 그들은 정말 소중한 존재니까요."
16cb18d2a2b26981a5a165feae2e28bb.bundle,結局對話:曹泰銘跟吳晉峰,Say,シンホン･ゴ,26,そうだな。,그렇지.
16cb18d2a2b26981a5a165feae2e28bb.bundle,結局對話:曹泰銘跟吳晉峰,Branch,#Simple,4,不満には思うでしょうが、協力はしてくれると思います。,"불만이야 있겠지만, 협조는 해줄 거라고 생각합니다."
16cb18d2a2b26981a5a165feae2e28bb.bundle,結局對話:曹泰銘跟吳晉峰,Say,タイミン･ソウ,14,それならよかったです。,그럼 다행이네요.
16cb18d2a2b26981a5a165feae2e28bb.bundle,結局對話:曹泰銘跟吳晉峰,Say,シンホン･ゴ,27,そうだな、イーちゃんも彼らを不当に扱わないって言ってたし。,"그렇지, 이짱도 걔들 부당하게 안 대하겠다고 했었고."
16cb18d2a2b26981a5a165feae2e28bb.bundle,結局對話:曹泰銘跟吳晉峰,Say,シンホン･ゴ,28,だけど不満の声はたくさん出るだろうな。,근데 불만의 목소리는 많이 나오겠지.
16cb18d2a2b26981a5a165feae2e28bb.bundle,結局對話:曹泰銘跟吳晉峰,Branch,#Simple,5,特に何も。,딱히 없어요.
16cb18d2a2b26981a5a165feae2e28bb.bundle,結局對話:曹泰銘跟吳晉峰,Say,シンホン･ゴ,29,……そうか。,……그런가.
16cb18d2a2b26981a5a165feae2e28bb.bundle,結局對話:曹泰銘跟吳晉峰,Say,シンホン･ゴ,30,正直な話さ。,솔직히 말해서.
16cb18d2a2b26981a5a165feae2e28bb.bundle,結局對話:曹泰銘跟吳晉峰,Say,シンホン･ゴ,31,両組が今みたいに協力し合うのって、大事なことだと思う。,"양쪽 조가 지금처럼 서로 협력하는 거, 중요한 일이라고 생각해."
16cb18d2a2b26981a5a165feae2e28bb.bundle,結局對話:曹泰銘跟吳晉峰,Say,シンホン･ゴ,32,そもそもすべての組が協力し合ってこそのサイレントだ。,애초에 모든 조가 서로 협력해야 진짜 사일런트지.
16cb18d2a2b26981a5a165feae2e28bb.bundle,結局對話:曹泰銘跟吳晉峰,Say,シンホン･ゴ,33,それが無理なら、俺は無理やりにでも、操作組を従わせるつもりだった……,"그게 안 됐으면, 나는 억지로라도, 조작조를 굴복시킬 생각이었어……"
16cb18d2a2b26981a5a165feae2e28bb.bundle,結局對話:曹泰銘跟吳晉峰,Say,シンホン･ゴ,34,たくさんの問題が出るだろうけどな。,문제가 많이 생겼겠지만.
16cb18d2a2b26981a5a165feae2e28bb.bundle,結局對話:曹泰銘跟吳晉峰,Say,シンホン･ゴ,35,だからこそ、今のこの状態が最高の結果だと思う。,"그러니까 더더욱, 지금 이 상태가 최고의 결과라고 생각해."
16cb18d2a2b26981a5a165feae2e28bb.bundle,結局對話:曹泰銘跟吳晉峰,Say,タイミン･ソウ,15,主導となるのは選別組ですけどね。,주도하는 건 선별조지만요.
16cb18d2a2b26981a5a165feae2e28bb.bundle,結局對話:曹泰銘跟吳晉峰,Say,シンホン･ゴ,36,だけどイーちゃんと操作組のチーフは対等に会話できるだろう？,근데 이짱이랑 조작조 팀장은 대등하게 얘기할 수 있잖아?
16cb18d2a2b26981a5a165feae2e28bb.bundle,結局對話:曹泰銘跟吳晉峰,Say,シンホン･ゴ,37,そういえば、選別組の新しいチーフは誰なんだ？,"그러고 보니, 선별조 새 팀장은 누구야?"
16cb18d2a2b26981a5a165feae2e28bb.bundle,結局對話:曹泰銘跟吳晉峰,Say,タイミン･ソウ,16,うーん……,음……
16cb18d2a2b26981a5a165feae2e28bb.bundle,結局對話:曹泰銘跟吳晉峰,Say,タイミン･ソウ,17,勤務歴で言ったら、リョウさんですかね？,"근속 연수로 따지면, 료 씨려나요?"
16cb18d2a2b26981a5a165feae2e28bb.bundle,結局對話:曹泰銘跟吳晉峰,Say,シンホン･ゴ,38,え？無理……,어? 무리……
16cb18d2a2b26981a5a165feae2e28bb.bundle,結局對話:曹泰銘跟吳晉峰,Say,タイミン･ソウ,18,アハハ……,아하하……
16cb18d2a2b26981a5a165feae2e28bb.bundle,結局對話:曹泰銘跟吳晉峰,Say,タイミン･ソウ,19,ジーンさんの可能性もありますね。次期チーフは彼女だという噂を聞いたので。,진 씨일 가능성도 있어요. 차기 팀장은 그녀라는 소문을 들어서요.
16cb18d2a2b26981a5a165feae2e28bb.bundle,結局對話:曹泰銘跟吳晉峰,Say,シンホン･ゴ,39,リョウさんよりはマシだな。,료 씨보단 낫네.
16cb18d2a2b26981a5a165feae2e28bb.bundle,結局對話:曹泰銘跟吳晉峰,Say,タイミン･ソウ,20,とにかく、イーちゃんの決定を待ちましょう。,"아무튼, 이짱 결정을 기다려보죠."
16cb18d2a2b26981a5a165feae2e28bb.bundle,結局對話:曹泰銘跟吳晉峰,Say,シンホン･ゴ,40,そうだ。ジェイ。,맞다. 제이.
16cb18d2a2b26981a5a165feae2e28bb.bundle,結局對話:曹泰銘跟吳晉峰,Say,シンホン･ゴ,41,あのさ……,저기 있잖아……
16cb18d2a2b26981a5a165feae2e28bb.bundle,結局對話:曹泰銘跟吳晉峰,Say,シンホン･ゴ,42,えっと……,그게……
16cb18d2a2b26981a5a165feae2e28bb.bundle,結局對話:曹泰銘跟吳晉峰,Branch,#Simple,6,どうしました？,무슨 일이세요?
16cb18d2a2b26981a5a165feae2e28bb.bundle,結局對話:曹泰銘跟吳晉峰,Branch,#Simple,7,……,……
16cb18d2a2b26981a5a165feae2e28bb.bundle,結局對話:曹泰銘跟吳晉峰,Say,シンホン･ゴ,43,リョウさんが……,료 씨가……
16cb18d2a2b26981a5a165feae2e28bb.bundle,結局對話:曹泰銘跟吳晉峰,Say,シンホン･ゴ,44,その……,그……
16cb18d2a2b26981a5a165feae2e28bb.bundle,結局對話:曹泰銘跟吳晉峰,Say,タイミン･ソウ,21,ハッキリ言いなさい！,확실히 말해요!
16cb18d2a2b26981a5a165feae2e28bb.bundle,結局對話:曹泰銘跟吳晉峰,Say,シンホン･ゴ,45,リョウさんがご飯に誘いたいって。あんたのおかげでいろいろ助かったから。,료 씨가 밥 먹자고 부르고 싶대. 너 덕분에 여러모로 도움받았다면서.
16cb18d2a2b26981a5a165feae2e28bb.bundle,結局對話:曹泰銘跟吳晉峰,Branch,#Simple,8,はぁ……,하아……
16cb18d2a2b26981a5a165feae2e28bb.bundle,結局對話:曹泰銘跟吳晉峰,Say,シンホン･ゴ,46,その反応、俺もわかるけどさ！,"그 반응, 나도 이해하는데!"
16cb18d2a2b26981a5a165feae2e28bb.bundle,結局對話:曹泰銘跟吳晉峰,Branch,#Simple,9,助かった？,도움받았다고요?
16cb18d2a2b26981a5a165feae2e28bb.bundle,結局對話:曹泰銘跟吳晉峰,Say,シンホン･ゴ,47,ほら、俺を励ましてくれたし、二人の間を取り持ってくれただろう？,"왜, 나 격려해줬고, 둘 사이 중재도 해줬잖아?"
16cb18d2a2b26981a5a165feae2e28bb.bundle,結局對話:曹泰銘跟吳晉峰,Say,シンホン･ゴ,48,それに、リョウさんが本社に連れて行かれた時、ジェイはイーちゃんと一緒に策を考えてくれたって聞いた。,"게다가, 료 씨가 본사에 끌려갔을 때, 제이가 이짱이랑 같이 대책을 생각해줬다고 들었어."
16cb18d2a2b26981a5a165feae2e28bb.bundle,結局對話:曹泰銘跟吳晉峰,Branch,#Simple,10,タイミンも考えてくれましたよ。,타이밍도 같이 생각해줬어요.
16cb18d2a2b26981a5a165feae2e28bb.bundle,結局對話:曹泰銘跟吳晉峰,Say,タイミン･ソウ,22,ちょっと！僕を巻き込まないでください！,잠깐! 저를 끌어들이지 마세요!
16cb18d2a2b26981a5a165feae2e28bb.bundle,結局對話:曹泰銘跟吳晉峰,Branch,#Simple,11,……,……
16cb18d2a2b26981a5a165feae2e28bb.bundle,結局對話:曹泰銘跟吳晉峰,Branch,#Simple,12,……,……
16cb18d2a2b26981a5a165feae2e28bb.bundle,結局對話:曹泰銘跟吳晉峰,Say,シンホン･ゴ,49,嫌なのはわかる。,싫은 건 이해해.
16cb18d2a2b26981a5a165feae2e28bb.bundle,結局對話:曹泰銘跟吳晉峰,Say,シンホン･ゴ,50,だって、食事中に何を喋ればいいんだ？もくもくと飯を食うしかないよな？,"그야, 밥 먹으면서 뭔 얘기를 해야 돼? 그냥 묵묵히 밥만 먹어야 하는 거 아냐?"
16cb18d2a2b26981a5a165feae2e28bb.bundle,結局對話:曹泰銘跟吳晉峰,Say,シンホン･ゴ,51,いや、むしろ説教されたりするのか？,"아니, 오히려 잔소리 듣는 거 아냐?"
16cb18d2a2b26981a5a165feae2e28bb.bundle,結局對話:曹泰銘跟吳晉峰,Say,シンホン･ゴ,52,考えただけで、ゾッとする！！！,"생각만 해도, 소름 끼친다!!!"
16cb18d2a2b26981a5a165feae2e28bb.bundle,結局對話:曹泰銘跟吳晉峰,Say,タイミン･ソウ,23,ハハハ！,하하하!
16cb18d2a2b26981a5a165feae2e28bb.bundle,結局對話:曹泰銘跟吳晉峰,Say,シンホン･ゴ,53,多分、リョウさんからも誘われると思う……,"아마, 료 씨한테도 초대받을 것 같아……"
16cb18d2a2b26981a5a165feae2e28bb.bundle,結局對話:曹泰銘跟吳晉峰,Say,シンホン･ゴ,54,嫌なら、遠慮なく断れよ！,"싫으면, 사양 말고 거절해!"
16cb18d2a2b26981a5a165feae2e28bb.bundle,結局對話:曹泰銘跟吳晉峰,Say,シンホン･ゴ,55,とは言っても、断りづらいか。アハハ……,"그렇다곤 해도, 거절하기 힘들려나. 아하하……"
16cb18d2a2b26981a5a165feae2e28bb.bundle,結局對話:曹泰銘跟吳晉峰,Branch,#Simple,13,むしろ面白そうだと思ってます。,오히려 재밌을 것 같아요.
16cb18d2a2b26981a5a165feae2e28bb.bundle,結局對話:曹泰銘跟吳晉峰,Say,シンホン･ゴ,56,まじで？,진짜로?
16cb18d2a2b26981a5a165feae2e28bb.bundle,結局對話:曹泰銘跟吳晉峰,Say,シンホン･ゴ,57,そう言うなら、俺も行こうかな……,"그렇게 말하면, 나도 갈까……"
16cb18d2a2b26981a5a165feae2e28bb.bundle,結局對話:曹泰銘跟吳晉峰,Branch,#Simple,14,少し考えさせてください。,조금 생각해볼게요.
16cb18d2a2b26981a5a165feae2e28bb.bundle,結局對話:曹泰銘跟吳晉峰,Say,タイミン･ソウ,24,ハハハ、即決しないということは、断るってことですね！,"하하하, 바로 결정 안 한다는 건, 거절한다는 거네요!"
16cb18d2a2b26981a5a165feae2e28bb.bundle,結局對話:曹泰銘跟吳晉峰,Say,シンホン･ゴ,58,そ、それを言うな！,"그, 그 말은 하지 마!"
16cb18d2a2b26981a5a165feae2e28bb.bundle,結局對話:曹泰銘跟吳晉峰,Say,シンホン･ゴ,59,そうだ。ジェイ。,맞다. 제이.
16cb18d2a2b26981a5a165feae2e28bb.bundle,結局對話:曹泰銘跟吳晉峰,Say,シンホン･ゴ,60,俺は来週、引っ越す。,"나는 다음 주에, 이사 간다."
16cb18d2a2b26981a5a165feae2e28bb.bundle,結局對話:曹泰銘跟吳晉峰,Branch,#Simple,15,もう引っ越すんですか？,벌써 이사 가세요?
16cb18d2a2b26981a5a165feae2e28bb.bundle,結局對話:曹泰銘跟吳晉峰,Say,シンホン･ゴ,61,思い立ったが吉日だ。,생각났을 때가 길일이다.
16cb18d2a2b26981a5a165feae2e28bb.bundle,結局對話:曹泰銘跟吳晉峰,Branch,#Simple,16,それでいいと思います。,그게 좋을 것 같습니다.
16cb18d2a2b26981a5a165feae2e28bb.bundle,結局對話:曹泰銘跟吳晉峰,Branch,#Simple,17,……,……
16cb18d2a2b26981a5a165feae2e28bb.bundle,結局對話:曹泰銘跟吳晉峰,Say,タイミン･ソウ,25,え？リョウさんも一緒に引っ越すのですか？,네? 료 씨도 같이 이사 가는 거예요?
16cb18d2a2b26981a5a165feae2e28bb.bundle,結局對話:曹泰銘跟吳晉峰,Say,シンホン･ゴ,62,いや、もう彼と一緒には住まない。,"아니, 이제 그 사람이랑은 같이 안 살아."
16cb18d2a2b26981a5a165feae2e28bb.bundle,結局對話:曹泰銘跟吳晉峰,Say,シンホン･ゴ,63,彼との喧嘩は、俺の生活に支障が出るレベルなんだ。,"그 사람이랑 싸우는 건, 내 생활에 지장이 갈 정도야."
16cb18d2a2b26981a5a165feae2e28bb.bundle,結局對話:曹泰銘跟吳晉峰,Say,シンホン･ゴ,64,だから距離を取らないと、本気で彼を嫌いになっちまう……,"그러니까 거리를 두지 않으면, 진심으로 그 사람이 싫어질 것 같아……"
16cb18d2a2b26981a5a165feae2e28bb.bundle,結局對話:曹泰銘跟吳晉峰,Say,シンホン･ゴ,65,そうはなりたくない。,그렇게는 되고 싶지 않아.
16cb18d2a2b26981a5a165feae2e28bb.bundle,結局對話:曹泰銘跟吳晉峰,Say,タイミン･ソウ,26,……,……
16cb18d2a2b26981a5a165feae2e28bb.bundle,結局對話:曹泰銘跟吳晉峰,Say,タイミン･ソウ,27,そこまでする必要があるのですか……？,그렇게까지 할 필요가 있는 건가요……?
16cb18d2a2b26981a5a165feae2e28bb.bundle,結局對話:曹泰銘跟吳晉峰,Say,シンホン･ゴ,66,俺だって、この手は使いたくなかった。,"나도, 이 방법은 쓰고 싶지 않았어."
16cb18d2a2b26981a5a165feae2e28bb.bundle,結局對話:曹泰銘跟吳晉峰,Say,シンホン･ゴ,67,だけど、どうしても上手くいかなかったんだ……,"근데, 아무리 해도 잘 안 됐어……"
16cb18d2a2b26981a5a165feae2e28bb.bundle,結局對話:曹泰銘跟吳晉峰,Say,シンホン･ゴ,68,彼が譲歩しないなら、互いを傷つけるだけ関係だ。,"그 사람이 양보 안 하면, 서로 상처만 주는 관계인 거지."
16cb18d2a2b26981a5a165feae2e28bb.bundle,結局對話:曹泰銘跟吳晉峰,Say,タイミン･ソウ,28,そうですか、わかりました。,"그렇군요, 알겠습니다."
16cb18d2a2b26981a5a165feae2e28bb.bundle,結局對話:曹泰銘跟吳晉峰,Say,シンホン･ゴ,69,それに距離を取るのは、お互いにとっても、いいことだと思う。,"게다가 거리를 두는 건, 서로한테도, 좋은 일이라고 생각해."
16cb18d2a2b26981a5a165feae2e28bb.bundle,結局對話:曹泰銘跟吳晉峰,Say,シンホン･ゴ,70,一度冷静になって、自分を省みることも重要だ。,"한 번 냉정해져서, 자신을 돌아보는 것도 중요하니까."
16cb18d2a2b26981a5a165feae2e28bb.bundle,結局對話:曹泰銘跟吳晉峰,Say,タイミン･ソウ,29,喧嘩中のカップルみたいですね。,싸우는 커플 같네요.
16cb18d2a2b26981a5a165feae2e28bb.bundle,結局對話:曹泰銘跟吳晉峰,Say,シンホン･ゴ,71,ハハハ、気持ち悪いこと言うなよ！,"하하하, 징그러운 소리 하지 마!"
16cb18d2a2b26981a5a165feae2e28bb.bundle,結局對話:曹泰銘跟吳晉峰,Say,タイミン･ソウ,30,ハハ。,하하.
16cb18d2a2b26981a5a165feae2e28bb.bundle,結局對話:曹泰銘跟吳晉峰,Say,シンホン･ゴ,72,ちょうどこの三人か……,마침 이 세 명인가……
16cb18d2a2b26981a5a165feae2e28bb.bundle,結局對話:曹泰銘跟吳晉峰,Say,タイミン･ソウ,31,どうしました？,무슨 일이세요?
16cb18d2a2b26981a5a165feae2e28bb.bundle,結局對話:曹泰銘跟吳晉峰,Say,シンホン･ゴ,73,俺の処分はいつ下されるんだろうな。,내 처분은 언제 내려지려나.
16cb18d2a2b26981a5a165feae2e28bb.bundle,結局對話:曹泰銘跟吳晉峰,Say,タイミン･ソウ,32,……,……
16cb18d2a2b26981a5a165feae2e28bb.bundle,結局對話:曹泰銘跟吳晉峰,Say,心の声,0,シンレイ･トンの件か……,신레이 통 건인가……
16cb18d2a2b26981a5a165feae2e28bb.bundle,結局對話:曹泰銘跟吳晉峰,Say,シンホン･ゴ,74,イーちゃんがマネージャーになったとはいえ、さすがに俺の処分をどうこうできたりしないよな、ハハハ……,"이짱이 매니저가 됐다고 해도, 설마 내 처분을 어떻게 해줄 수 있는 건 아니겠지, 하하하……"
16cb18d2a2b26981a5a165feae2e28bb.bundle,結局對話:曹泰銘跟吳晉峰,Say,タイミン･ソウ,33,処分については、明日伝えるつもりでした、何せ今日は……,"처분에 대해서는, 내일 전할 생각이었어요, 아무래도 오늘은……"
16cb18d2a2b26981a5a165feae2e28bb.bundle,結局對話:曹泰銘跟吳晉峰,Say,シンホン･ゴ,75,処分が下されることはわかってたし、気を遣う必要はないさ。,"처분이 내려질 거란 건 알고 있었으니까, 신경 쓸 필요 없어."
16cb18d2a2b26981a5a165feae2e28bb.bundle,結局對話:曹泰銘跟吳晉峰,Say,シンホン･ゴ,76,今日伝えてくれて、構わない。,"오늘 말해줘도, 상관없어."
16cb18d2a2b26981a5a165feae2e28bb.bundle,結局對話:曹泰銘跟吳晉峰,Say,タイミン･ソウ,34,……では、あなたへの処分は……,"……그럼, 당신에 대한 처분은……"
16cb18d2a2b26981a5a165feae2e28bb.bundle,結局對話:曹泰銘跟吳晉峰,Say,タイミン･ソウ,35,ありません！,없습니다!
16cb18d2a2b26981a5a165feae2e28bb.bundle,結局對話:曹泰銘跟吳晉峰,Say,シンホン･ゴ,77,え？,네?
16cb18d2a2b26981a5a165feae2e28bb.bundle,結局對話:曹泰銘跟吳晉峰,Say,タイミン･ソウ,36,イーちゃんのおかげですよ。彼が掛け合ってくれました。,이짱 덕분이에요. 그가 나서서 얘기해줬어요.
16cb18d2a2b26981a5a165feae2e28bb.bundle,結局對話:曹泰銘跟吳晉峰,Say,シンホン･ゴ,78,じゃ、何であんなに深刻そうな感じで……,"그럼, 왜 그렇게 심각한 척을……"
16cb18d2a2b26981a5a165feae2e28bb.bundle,結局對話:曹泰銘跟吳晉峰,Say,タイミン･ソウ,37,僕なりの罰です！ハハ！,제 나름의 벌이었어요! 하하!
16cb18d2a2b26981a5a165feae2e28bb.bundle,結局對話:曹泰銘跟吳晉峰,Say,シンホン･ゴ,79,こいつ！,이 자식이!
16cb18d2a2b26981a5a165feae2e28bb.bundle,結局對話:曹泰銘跟吳晉峰,Say,シンホン･ゴ,80,……,……
16cb18d2a2b26981a5a165feae2e28bb.bundle,結局對話:曹泰銘跟吳晉峰,Say,シンホン･ゴ,81,……だけど、どん底から救われたこの感じ……悪くないな。,"……근데, 바닥에서 구원받은 이 느낌……나쁘지 않네."
16cb18d2a2b26981a5a165feae2e28bb.bundle,結局對話:曹泰銘跟吳晉峰,Say,タイミン･ソウ,38,そうでしょ、ハハハ！,"그렇죠, 하하하!"
16cb18d2a2b26981a5a165feae2e28bb.bundle,結局對話:曹泰銘跟吳晉峰,Say,タイミン･ソウ,39,あっ、ですがイーちゃんが、シンホンに仕事をたくさん振るって言ってました。,"아, 근데 이짱이, 신홍 씨한테 일 많이 몰아준다고 했어요."
16cb18d2a2b26981a5a165feae2e28bb.bundle,結局對話:曹泰銘跟吳晉峰,Say,シンホン･ゴ,82,ああ、どんと来い！,"그래, 얼마든지 와라!"
16cb18d2a2b26981a5a165feae2e28bb.bundle,結局對話:曹泰銘跟吳晉峰,Say,シンホン･ゴ,83,イーちゃん様のご命令なら、何なりと！,"이짱님 명령이라면, 뭐든지!"
16cb18d2a2b26981a5a165feae2e28bb.bundle,結局對話:曹泰銘跟吳晉峰,Say,タイミン･ソウ,40,それと2ヶ月分の給料が没収されるそうです。,그리고 2개월분 급여가 몰수된다고 해요.
16cb18d2a2b26981a5a165feae2e28bb.bundle,結局對話:曹泰銘跟吳晉峰,Say,シンホン･ゴ,84,え……,어……
16cb18d2a2b26981a5a165feae2e28bb.bundle,結局對話:曹泰銘跟吳晉峰,Say,シンホン･ゴ,85,まあ、それで済むならマシな方だ。,"뭐, 그걸로 끝나면 나은 편이지."
16cb18d2a2b26981a5a165feae2e28bb.bundle,結局對話:曹泰銘跟吳晉峰,Branch,#Simple,18,そんなこと可能なんですか？,그런 게 가능한 거예요?
16cb18d2a2b26981a5a165feae2e28bb.bundle,結局對話:曹泰銘跟吳晉峰,Say,シンホン･ゴ,86,ジェイよ……,제이야……
16cb18d2a2b26981a5a165feae2e28bb.bundle,結局對話:曹泰銘跟吳晉峰,Say,シンホン･ゴ,87,すでにお前は万象に詳しいと思ってたのだが、まだまだのようだな。,"이미 너는 완샹에 빠삭한 줄 알았는데, 아직 멀었나 보네."
16cb18d2a2b26981a5a165feae2e28bb.bundle,結局對話:曹泰銘跟吳晉峰,Say,タイミン･ソウ,41,法律上は不可能ですが、万象がその気になればいくらでも……,"법률상으로는 불가능하지만, 완샹이 마음만 먹으면 얼마든지……"
16cb18d2a2b26981a5a165feae2e28bb.bundle,結局對話:曹泰銘跟吳晉峰,Branch,#Simple,19,酷いですね。,너무하네요.
16cb18d2a2b26981a5a165feae2e28bb.bundle,結局對話:曹泰銘跟吳晉峰,Say,シンホン･ゴ,88,クビよりマシさ……,잘리는 것보단 낫지……
16cb18d2a2b26981a5a165feae2e28bb.bundle,結局對話:曹泰銘跟吳晉峰,Branch,#Simple,20,……,……
16cb18d2a2b26981a5a165feae2e28bb.bundle,結局對話:曹泰銘跟吳晉峰,Say,シンホン･ゴ,89,むしろ喜んで受け入れるさ！,오히려 기쁘게 받아들이겠어!
16cb18d2a2b26981a5a165feae2e28bb.bundle,結局對話:曹泰銘跟吳晉峰,Say,シンホン･ゴ,90,俺の話はここまでにしよう。,내 얘기는 여기까지 하자.
16cb18d2a2b26981a5a165feae2e28bb.bundle,結局對話:曹泰銘跟吳晉峰,Say,シンホン･ゴ,91,ジェイは何か用があるんだろう？,제이는 뭔가 볼일 있는 거지?
16cb18d2a2b26981a5a165feae2e28bb.bundle,結局對話:曹泰銘跟吳晉峰,Branch,#Simple,21,イーちゃんとシュンの居場所を知りませんか？,이짱이랑 슌 있는 곳 아세요?
16cb18d2a2b26981a5a165feae2e28bb.bundle,結局對話:曹泰銘跟吳晉峰,Say,シンホン･ゴ,92,あれ、タイミンが確か……,"어, 타이밍이 아마……"
16cb18d2a2b26981a5a165feae2e28bb.bundle,結局對話:曹泰銘跟吳晉峰,Say,タイミン･ソウ,42,忘れるところでした！,잊을 뻔했네요!
16cb18d2a2b26981a5a165feae2e28bb.bundle,結局對話:曹泰銘跟吳晉峰,Say,タイミン･ソウ,43,実は、その二人があなたと話したがっています。,"실은, 그 두 분이 당신이랑 얘기하고 싶어 해요."
16cb18d2a2b26981a5a165feae2e28bb.bundle,結局對話:曹泰銘跟吳晉峰,Say,タイミン･ソウ,44,彼らからは、いつものところで待ってるとだけ言われました。,"그분들한테서는, 늘 그곳에서 기다린다고만 들었어요."
16cb18d2a2b26981a5a165feae2e28bb.bundle,結局對話:曹泰銘跟吳晉峰,Say,心の声,1,いつものところ……？,늘 그곳……?
16cb18d2a2b26981a5a165feae2e28bb.bundle,結局對話:曹泰銘跟吳晉峰,Say,心の声,2,ああ、屋上か。,"아, 옥상인가."
16cb18d2a2b26981a5a165feae2e28bb.bundle,結局對話:曹泰銘跟吳晉峰,Say,シンホン･ゴ,93,これでタイミンの任務完了だな。,이걸로 타이밍 임무 완료네.
16cb18d2a2b26981a5a165feae2e28bb.bundle,結局對話:曹泰銘跟吳晉峰,Branch,#Simple,22,いいえ、大丈夫です。,"아뇨, 괜찮습니다."
16cb18d2a2b26981a5a165feae2e28bb.bundle,結局對話:曹泰銘跟吳晉峰,Say,シンホン･ゴ,94,じゃ、また後でな。,"그럼, 이따 보자."
16cb18d2a2b26981a5a165feae2e28bb.bundle,結局對話:曹泰銘跟吳晉峰,Say,タイミン･ソウ,45,また。,또 봐요.
16cb18d2a2b26981a5a165feae2e28bb.bundle,結局對話:曹泰銘跟吳晉峰,Branch,#Simple,23,はい。,네.
16cb18d2a2b26981a5a165feae2e28bb.bundle,結局對話:曹泰銘跟吳晉峰,Branch,#Simple,24,二人に会えてよかったです。ありがとうございました。,두 분 만나서 좋았습니다. 감사했습니다.
16cb18d2a2b26981a5a165feae2e28bb.bundle,結局對話:曹泰銘跟吳晉峰,Say,シンホン･ゴ,95,……,……
16cb18d2a2b26981a5a165feae2e28bb.bundle,結局對話:曹泰銘跟吳晉峰,Say,タイミン･ソウ,46,……,……
16cb18d2a2b26981a5a165feae2e28bb.bundle,結局對話:曹泰銘跟吳晉峰,Say,心の声,3,二人が睨んでくる……,두 사람이 노려본다……
16cb18d2a2b26981a5a165feae2e28bb.bundle,結局對話:曹泰銘跟吳晉峰,Say,シンホン･ゴ,96,ジェイ……,제이……
16cb18d2a2b26981a5a165feae2e28bb.bundle,結局對話:曹泰銘跟吳晉峰,Say,シンホン･ゴ,97,何か隠してるのか？,뭔가 숨기고 있는 거냐?
16cb18d2a2b26981a5a165feae2e28bb.bundle,結局對話:曹泰銘跟吳晉峰,Branch,#Simple,25,どういう意味ですか？,무슨 뜻이에요?
16cb18d2a2b26981a5a165feae2e28bb.bundle,結局對話:曹泰銘跟吳晉峰,Branch,#Simple,26,いえ、何も。,"아뇨, 아무것도."
16cb18d2a2b26981a5a165feae2e28bb.bundle,結局對話:曹泰銘跟吳晉峰,Say,シンホン･ゴ,98,実はお前がサイレントに来た時から、ずっとタイミンと話してたんだ。,"실은 네가 사일런트에 왔을 때부터, 계속 타이밍이랑 얘기하고 있었어."
16cb18d2a2b26981a5a165feae2e28bb.bundle,結局對話:曹泰銘跟吳晉峰,Say,シンホン･ゴ,99,お前って、なんか変な感じするよな。,"너 말이야, 뭔가 이상한 느낌 들지 않냐."
16cb18d2a2b26981a5a165feae2e28bb.bundle,結局對話:曹泰銘跟吳晉峰,Say,タイミン･ソウ,47,シンホン、それは失礼過ぎます。,"신홍 씨, 그건 너무 실례예요."
16cb18d2a2b26981a5a165feae2e28bb.bundle,結局對話:曹泰銘跟吳晉峰,Say,シンホン･ゴ,100,す、すまん！別に悪い意味で言ったんじゃない。,"미, 미안! 딱히 나쁜 뜻으로 한 말 아니야."
16cb18d2a2b26981a5a165feae2e28bb.bundle,結局對話:曹泰銘跟吳晉峰,Say,シンホン･ゴ,101,そういえば、昨日、今日とずっと工場内を走り回ってたよな。,"그러고 보니, 어제, 오늘 계속 공장 안을 뛰어다녔었지."
16cb18d2a2b26981a5a165feae2e28bb.bundle,結局對話:曹泰銘跟吳晉峰,Say,タイミン･ソウ,48,え？入社は来週でしたよね？,네? 입사는 다음 주였죠?
16cb18d2a2b26981a5a165feae2e28bb.bundle,結局對話:曹泰銘跟吳晉峰,Say,タイミン･ソウ,49,工場で何をしてたのですか？,공장에서 뭘 하고 계셨던 거예요?
16cb18d2a2b26981a5a165feae2e28bb.bundle,結局對話:曹泰銘跟吳晉峰,Say,心の声,4,まずい、疑われている……,"안 좋다, 의심받고 있다……"
16cb18d2a2b26981a5a165feae2e28bb.bundle,結局對話:曹泰銘跟吳晉峰,Say,シンホン･ゴ,102,あっ、ストップ！,"아, 잠깐!"
16cb18d2a2b26981a5a165feae2e28bb.bundle,結局對話:曹泰銘跟吳晉峰,Say,シンホン･ゴ,103,多分、何か事情があるんだろ……？,"아마, 뭔가 사정이 있는 거겠지……?"
16cb18d2a2b26981a5a165feae2e28bb.bundle,結局對話:曹泰銘跟吳晉峰,Say,シンホン･ゴ,104,それに、お前がいいやつなのはわかってる。,"게다가, 네가 좋은 녀석인 건 알아."
16cb18d2a2b26981a5a165feae2e28bb.bundle,結局對話:曹泰銘跟吳晉峰,Say,シンホン･ゴ,105,さっきもあんな真剣に、別れの挨拶みたいなことしてきたし……,"아까도 그렇게 진지하게, 이별 인사 같은 걸 해왔고……"
16cb18d2a2b26981a5a165feae2e28bb.bundle,結局對話:曹泰銘跟吳晉峰,Branch,#Simple,27,心配してくれて、ありがとうございます。,"걱정해주셔서, 감사합니다."
16cb18d2a2b26981a5a165feae2e28bb.bundle,結局對話:曹泰銘跟吳晉峰,Say,シンホン･ゴ,106,……,……
16cb18d2a2b26981a5a165feae2e28bb.bundle,結局對話:曹泰銘跟吳晉峰,Say,シンホン･ゴ,107,おう！,그래!
16cb18d2a2b26981a5a165feae2e28bb.bundle,結局對話:曹泰銘跟吳晉峰,Say,タイミン･ソウ,50,はい！,네!
16cb18d2a2b26981a5a165feae2e28bb.bundle,結局對話:曹泰銘跟吳晉峰,Branch,#Simple,28,もうここへは、戻らないと思います。,"이제 여기로는, 안 돌아올 것 같습니다."
16cb18d2a2b26981a5a165feae2e28bb.bundle,結局對話:曹泰銘跟吳晉峰,Say,シンホン･ゴ,108,……そうか。,……그런가.
16cb18d2a2b26981a5a165feae2e28bb.bundle,結局對話:曹泰銘跟吳晉峰,Say,タイミン･ソウ,51,そんな……,그런……
16cb18d2a2b26981a5a165feae2e28bb.bundle,結局對話:曹泰銘跟吳晉峰,Say,シンホン･ゴ,109,……,……
16cb18d2a2b26981a5a165feae2e28bb.bundle,結局對話:曹泰銘跟吳晉峰,Say,シンホン･ゴ,110,ジェイ、お前と知り合えてよかったよ。,"제이, 너랑 알게 돼서 좋았어."
16cb18d2a2b26981a5a165feae2e28bb.bundle,結局對話:曹泰銘跟吳晉峰,Say,タイミン･ソウ,52,僕もです。,저도요.
16cb18d2a2b26981a5a165feae2e28bb.bundle,結局對話:曹泰銘跟吳晉峰,Say,シンホン･ゴ,111,じゃ、俺たちは行くよ。,"그럼, 우리는 갈게."
16cb18d2a2b26981a5a165feae2e28bb.bundle,結局對話:曹泰銘跟吳晉峰,Say,シンホン･ゴ,112,またな。,또 보자.
16cb18d2a2b26981a5a165feae2e28bb.bundle,結局對話:曹泰銘跟吳晉峰,Say,タイミン･ソウ,53,また会いましょう。,또 만나요.
16cb18d2a2b26981a5a165feae2e28bb.bundle,結局對話:曹泰銘跟吳晉峰,Branch,#Simple,29,はい、また。,"네, 이따 봬요."
16cb18d2a2b26981a5a165feae2e28bb.bundle,結局對話:曹泰銘跟吳晉峰,Branch,#Simple,30,……,……
16cb18d2a2b26981a5a165feae2e28bb.bundle,結局對話:曹泰銘跟吳晉峰,Branch,#Simple,31,……,……
16cb18d2a2b26981a5a165feae2e28bb.bundle,結局對話:廖吉興,Say,チキョウ･リョウ,0,……,……
16cb18d2a2b26981a5a165feae2e28bb.bundle,結局對話:廖吉興,Say,チキョウ･リョウ,1,戻って来たか。,돌아왔나.
16cb18d2a2b26981a5a165feae2e28bb.bundle,結局對話:廖吉興,Say,チキョウ･リョウ,2,……いいか。,……잘 들어라.
16cb18d2a2b26981a5a165feae2e28bb.bundle,結局對話:廖吉興,Say,チキョウ･リョウ,3,確かにイー･テイはマネージャーになれなかったが、それを変に捉える必要はない。,"확실히 이 팅은 매니저가 못 됐지만, 그걸 이상하게 받아들일 필요는 없다."
16cb18d2a2b26981a5a165feae2e28bb.bundle,結局對話:廖吉興,Say,チキョウ･リョウ,4,そもそも、これは難しいことだ。,"애초에, 이건 어려운 일이었어."
16cb18d2a2b26981a5a165feae2e28bb.bundle,結局對話:廖吉興,Say,チキョウ･リョウ,5,皆、できる限りのことをした結果だ。,"다들, 할 수 있는 만큼 한 결과다."
16cb18d2a2b26981a5a165feae2e28bb.bundle,結局對話:廖吉興,Say,心の声,0,……もしかして、俺を慰めてるのか？,"……혹시, 나를 위로하는 건가?"
16cb18d2a2b26981a5a165feae2e28bb.bundle,結局對話:廖吉興,Branch,#Simple,0,はい、わかってます。,"네, 알고 있습니다."
16cb18d2a2b26981a5a165feae2e28bb.bundle,結局對話:廖吉興,Say,チキョウ･リョウ,6,ならいい。,그럼 됐다.
16cb18d2a2b26981a5a165feae2e28bb.bundle,結局對話:廖吉興,Branch,#Simple,1,慰めてくれているんですか？,위로해주시는 거예요?
16cb18d2a2b26981a5a165feae2e28bb.bundle,結局對話:廖吉興,Say,チキョウ･リョウ,7,俺はただ、この結果にどう向き合うべきか、教えているだけだ。,"나는 그냥, 이 결과를 어떻게 받아들여야 할지, 가르쳐주고 있을 뿐이다."
16cb18d2a2b26981a5a165feae2e28bb.bundle,結局對話:廖吉興,Say,心の声,1,それが慰めてるってことだろ……,그게 위로하는 거잖아……
16cb18d2a2b26981a5a165feae2e28bb.bundle,結局對話:廖吉興,Branch,#Simple,2,……,……
16cb18d2a2b26981a5a165feae2e28bb.bundle,結局對話:廖吉興,Say,チキョウ･リョウ,8,一度の成功でいい気になるな。,한 번의 성공으로 우쭐대지 마.
16cb18d2a2b26981a5a165feae2e28bb.bundle,結局對話:廖吉興,Say,チキョウ･リョウ,9,どいつもこいつも、完全に安心しきっている。,"다들, 완전히 안심하고 있어."
16cb18d2a2b26981a5a165feae2e28bb.bundle,結局對話:廖吉興,Say,チキョウ･リョウ,10,イー･テイは確かにマネージャーになれたが、あくまでも大事なのはこれからだ。,"이 팅은 확실히 매니저가 됐지만, 어디까지나 중요한 건 지금부터다."
16cb18d2a2b26981a5a165feae2e28bb.bundle,結局對話:廖吉興,Say,チキョウ･リョウ,11,まだ多くの問題が未解決な上に、まだどう転ぶかもわからん。,"아직 많은 문제가 미해결인 데다, 앞으로 어떻게 될지도 몰라."
16cb18d2a2b26981a5a165feae2e28bb.bundle,結局對話:廖吉興,Say,心の声,2,また説教か……,또 잔소리인가……
16cb18d2a2b26981a5a165feae2e28bb.bundle,結局對話:廖吉興,Say,チキョウ･リョウ,12,だが、あの二人を協力させたのは素晴らしかった。,"근데, 그 두 사람을 협력하게 만든 건 훌륭했다."
16cb18d2a2b26981a5a165feae2e28bb.bundle,結局對話:廖吉興,Say,チキョウ･リョウ,13,よくやった。,잘했다.
16cb18d2a2b26981a5a165feae2e28bb.bundle,結局對話:廖吉興,Say,心の声,3,めずらしく、人を褒めてる……,"드물게, 사람을 칭찬하고 있다……"
16cb18d2a2b26981a5a165feae2e28bb.bundle,結局對話:廖吉興,Say,チキョウ･リョウ,14,それと、面談の不正の件もよくやった。,"그리고, 면담 부정 건도 잘 처리했다."
16cb18d2a2b26981a5a165feae2e28bb.bundle,結局對話:廖吉興,Say,心の声,4,……何？,……뭐?
16cb18d2a2b26981a5a165feae2e28bb.bundle,結局對話:廖吉興,Say,チキョウ･リョウ,15,お前たちは、俺の言う通り、シンレイ･トンの件をシンホンに言わなかった。,"너희는, 내 말대로, 신레이 통 건을 신홍한테 말하지 않았어."
16cb18d2a2b26981a5a165feae2e28bb.bundle,結局對話:廖吉興,Say,チキョウ･リョウ,16,その件については、すでに処分が下された。,"그 건에 대해서는, 이미 처분이 내려졌다."
16cb18d2a2b26981a5a165feae2e28bb.bundle,結局對話:廖吉興,Say,チキョウ･リョウ,17,再度忠告するが、この件は誰にも言うな。,"다시 한번 경고하지만, 이 건은 아무한테도 말하지 마."
16cb18d2a2b26981a5a165feae2e28bb.bundle,結局對話:廖吉興,Branch,#Simple,3,わかりました。,알겠습니다.
16cb18d2a2b26981a5a165feae2e28bb.bundle,結局對話:廖吉興,Say,チキョウ･リョウ,18,よろしい。,됐다.
16cb18d2a2b26981a5a165feae2e28bb.bundle,結局對話:廖吉興,Branch,#Simple,4,処分の内容は？,처분 내용은요?
16cb18d2a2b26981a5a165feae2e28bb.bundle,結局對話:廖吉興,Say,チキョウ･リョウ,19,フン、案外軽いものだった。,"흥, 의외로 가벼웠어."
16cb18d2a2b26981a5a165feae2e28bb.bundle,結局對話:廖吉興,Say,チキョウ･リョウ,20,おそらく、あの子がマネージャーになったからだろう。,"아마도, 그 애가 매니저가 됐기 때문이겠지."
16cb18d2a2b26981a5a165feae2e28bb.bundle,結局對話:廖吉興,Branch,#Simple,5,チーフをあの子呼ばわりは、どうかと思います。,"팀장님을 그 애라고 부르는 건, 좀 그렇다고 생각합니다."
16cb18d2a2b26981a5a165feae2e28bb.bundle,結局對話:廖吉興,Say,チキョウ･リョウ,21,フン、そんなことか。,"흥, 그런 거냐."
16cb18d2a2b26981a5a165feae2e28bb.bundle,結局對話:廖吉興,Say,チキョウ･リョウ,22,俺からしたら、彼はまだまだ子どもだ。,"내가 보기엔, 그 애는 아직 애다."
16cb18d2a2b26981a5a165feae2e28bb.bundle,結局對話:廖吉興,Branch,#Simple,6,イーちゃんがマネージャーになったのと、何の関係が？,"이짱이 매니저가 된 거랑, 무슨 관계가 있는데요?"
16cb18d2a2b26981a5a165feae2e28bb.bundle,結局對話:廖吉興,Say,チキョウ･リョウ,23,おそらく、処分が軽くなるように掛け合ってくれたのだろう。,"아마, 처분이 가벼워지게끔 나서서 얘기해줬겠지."
16cb18d2a2b26981a5a165feae2e28bb.bundle,結局對話:廖吉興,Branch,#Simple,7,どうしてわかるんですか？,어떻게 아세요?
16cb18d2a2b26981a5a165feae2e28bb.bundle,結局對話:廖吉興,Say,チキョウ･リョウ,24,彼がそういう人間だからだ。だから皆、彼について行く。,"그 애가 그런 인간이니까. 그러니까 다들, 그 애를 따르는 거고."
16cb18d2a2b26981a5a165feae2e28bb.bundle,結局對話:廖吉興,Branch,#Simple,8,……,……
16cb18d2a2b26981a5a165feae2e28bb.bundle,結局對話:廖吉興,Branch,#Simple,9,……,……
16cb18d2a2b26981a5a165feae2e28bb.bundle,結局對話:廖吉興,Say,チキョウ･リョウ,25,この話はここまでだ。,이 얘기는 여기까지다.
16cb18d2a2b26981a5a165feae2e28bb.bundle,結局對話:廖吉興,Say,チキョウ･リョウ,26,俺は、来年末に解雇される。,"나는, 내년 말에 해고된다."
16cb18d2a2b26981a5a165feae2e28bb.bundle,結局對話:廖吉興,Say,心の声,5,……,……
16cb18d2a2b26981a5a165feae2e28bb.bundle,結局對話:廖吉興,Say,チキョウ･リョウ,27,まあ、この歳だ。,"뭐, 이 나이다."
16cb18d2a2b26981a5a165feae2e28bb.bundle,結局對話:廖吉興,Say,チキョウ･リョウ,28,早期退職だと考えるさ。,조기 퇴직이라고 생각하지.
16cb18d2a2b26981a5a165feae2e28bb.bundle,結局對話:廖吉興,Say,心の声,6,口ではそう言ってるが、かなり落ち込んでいるようだ。,"입으로는 그렇게 말하지만, 꽤 풀 죽어 보인다."
16cb18d2a2b26981a5a165feae2e28bb.bundle,結局對話:廖吉興,Say,チキョウ･リョウ,29,……,……
16cb18d2a2b26981a5a165feae2e28bb.bundle,結局對話:廖吉興,Say,チキョウ･リョウ,30,それと、シンホンから聞いた。,"그리고, 신홍한테서 들었다."
16cb18d2a2b26981a5a165feae2e28bb.bundle,結局對話:廖吉興,Say,チキョウ･リョウ,31,彼が俺との対話を諦めなかったのは、あんたのおかげらしいな。,"걔가 나랑 대화를 포기하지 않은 건, 당신 덕분이라고 하더군."
16cb18d2a2b26981a5a165feae2e28bb.bundle,結局對話:廖吉興,Say,チキョウ･リョウ,32,若い者同士が助け合うのは素晴らしいことだ。,젊은 사람들끼리 서로 돕는 건 훌륭한 일이다.
16cb18d2a2b26981a5a165feae2e28bb.bundle,結局對話:廖吉興,Say,チキョウ･リョウ,33,シンホンに、あんたみたいな友人ができてよかった。,"신홍한테, 당신 같은 친구가 생겨서 다행이야."
16cb18d2a2b26981a5a165feae2e28bb.bundle,結局對話:廖吉興,Say,心の声,7,優しいリョウさんには慣れないな……,다정한 료 씨는 아직 낯설다……
16cb18d2a2b26981a5a165feae2e28bb.bundle,結局對話:廖吉興,Say,チキョウ･リョウ,34,最後にもう一つ。,마지막으로 하나 더.
16cb18d2a2b26981a5a165feae2e28bb.bundle,結局對話:廖吉興,Say,チキョウ･リョウ,35,まだあんたに礼を言えてなかった。,아직 당신한테 감사 인사를 못 했었지.
16cb18d2a2b26981a5a165feae2e28bb.bundle,結局對話:廖吉興,Say,チキョウ･リョウ,36,昨日、イー･テイとシンホンと一緒に俺を助けようとしてくれたな。,"어제, 이 팅이랑 신홍이랑 같이 나를 도우려고 해줬지."
16cb18d2a2b26981a5a165feae2e28bb.bundle,結局對話:廖吉興,Say,チキョウ･リョウ,37,感謝する。,고맙다.
16cb18d2a2b26981a5a165feae2e28bb.bundle,結局對話:廖吉興,Branch,#Simple,10,大したことはしていません。,별거 안 했습니다.
16cb18d2a2b26981a5a165feae2e28bb.bundle,結局對話:廖吉興,Branch,#Simple,11,あなたのためだけではありません。,당신만을 위한 게 아니었습니다.
16cb18d2a2b26981a5a165feae2e28bb.bundle,結局對話:廖吉興,Say,チキョウ･リョウ,38,礼は素直に受け取っておくべきだ。,감사는 순순히 받아둬야지.
16cb18d2a2b26981a5a165feae2e28bb.bundle,結局對話:廖吉興,Say,心の声,8,また説教……,또 잔소리……
16cb18d2a2b26981a5a165feae2e28bb.bundle,結局對話:廖吉興,Branch,#Simple,12,タイミンにも言ってあげてください。,타이밍한테도 말해주세요.
16cb18d2a2b26981a5a165feae2e28bb.bundle,結局對話:廖吉興,Say,チキョウ･リョウ,39,彼にも話を聞いた。,그 애한테도 얘기 들었다.
16cb18d2a2b26981a5a165feae2e28bb.bundle,結局對話:廖吉興,Say,チキョウ･リョウ,40,だが彼は、ほとんど関わっていないと言っていた。,"근데 그 애는, 거의 관여 안 했다고 말했어."
16cb18d2a2b26981a5a165feae2e28bb.bundle,結局對話:廖吉興,Say,心の声,9,タイミンが嘘を……？,타이밍이 거짓말을……?
16cb18d2a2b26981a5a165feae2e28bb.bundle,結局對話:廖吉興,Branch,#Simple,13,……,……
16cb18d2a2b26981a5a165feae2e28bb.bundle,結局對話:廖吉興,Say,チキョウ･リョウ,41,だから、あんたを食事に誘いたい。,"그러니까, 당신을 식사에 초대하고 싶다."
16cb18d2a2b26981a5a165feae2e28bb.bundle,結局對話:廖吉興,Say,チキョウ･リョウ,42,来てくれるか？,와줄 텐가?
16cb18d2a2b26981a5a165feae2e28bb.bundle,結局對話:廖吉興,Branch,#Simple,14,はい。,네.
16cb18d2a2b26981a5a165feae2e28bb.bundle,結局對話:廖吉興,Say,チキョウ･リョウ,43,そうか。,그런가.
16cb18d2a2b26981a5a165feae2e28bb.bundle,結局對話:廖吉興,Say,チキョウ･リョウ,44,店を予約したら連絡する。,가게 예약되면 연락하지.
16cb18d2a2b26981a5a165feae2e28bb.bundle,結局對話:廖吉興,Branch,#Simple,15,ちょっと予定が埋まってまして……,일정이 좀 차 있어서……
16cb18d2a2b26981a5a165feae2e28bb.bundle,結局對話:廖吉興,Branch,#Simple,16,どんな料理が出されるかにもよりますね。,어떤 요리가 나오는지에 달렸네요.
16cb18d2a2b26981a5a165feae2e28bb.bundle,結局對話:廖吉興,Say,チキョウ･リョウ,45,店の心配はいらない。,가게 걱정은 필요 없어.
16cb18d2a2b26981a5a165feae2e28bb.bundle,結局對話:廖吉興,Say,チキョウ･リョウ,46,俺が選んだところはうまいぞ。,내가 고른 곳은 맛있다.
16cb18d2a2b26981a5a165feae2e28bb.bundle,結局對話:廖吉興,Say,チキョウ･リョウ,47,後で店の情報を送ってやるから、それを見てから考えるといい。,"나중에 가게 정보 보내줄 테니까, 그거 보고 나서 생각하도록."
16cb18d2a2b26981a5a165feae2e28bb.bundle,結局對話:廖吉興,Say,心の声,10,はぁ……,하아……
16cb18d2a2b26981a5a165feae2e28bb.bundle,結局對話:廖吉興,Say,チキョウ･リョウ,48,あんたはもうすぐで、正式に選別組に入る。,"당신은 곧, 정식으로 선별조에 들어온다."
16cb18d2a2b26981a5a165feae2e28bb.bundle,結局對話:廖吉興,Say,チキョウ･リョウ,49,あんたはもうすぐで、正式にサイレントに入る。,"당신은 곧, 정식으로 사일런트에 들어온다."
16cb18d2a2b26981a5a165feae2e28bb.bundle,結局對話:廖吉興,Say,チキョウ･リョウ,50,この数日間で、この仕事が簡単ではないことがわかったはずだ。,"요 며칠 동안, 이 일이 쉽지 않다는 걸 알았을 거다."
16cb18d2a2b26981a5a165feae2e28bb.bundle,結局對話:廖吉興,Say,チキョウ･リョウ,51,覚悟して励め。,각오하고 힘써라.
16cb18d2a2b26981a5a165feae2e28bb.bundle,結局對話:廖吉興,Say,心の声,11,今日で最後なんだけどな……,오늘이 마지막인데……
16cb18d2a2b26981a5a165feae2e28bb.bundle,結局對話:廖吉興,Say,チキョウ･リョウ,52,……,……
16cb18d2a2b26981a5a165feae2e28bb.bundle,結局對話:廖吉興,Say,チキョウ･リョウ,53,あんたらみたいな若者たちは大変だ……,당신들 같은 젊은이들은 힘들겠어……
16cb18d2a2b26981a5a165feae2e28bb.bundle,結局對話:廖吉興,Say,チキョウ･リョウ,54,俺らの時代ほどチャンスがない上に、社会もドンドン悪い方へと向かっている。,"우리 시대만큼 기회도 없는 데다, 사회도 점점 나쁜 쪽으로 가고 있고."
16cb18d2a2b26981a5a165feae2e28bb.bundle,結局對話:廖吉興,Say,チキョウ･リョウ,55,だが、その環境の中で頑張っているのはわかる。,"근데, 그런 환경 속에서 애쓰고 있다는 건 안다."
16cb18d2a2b26981a5a165feae2e28bb.bundle,結局對話:廖吉興,Say,チキョウ･リョウ,56,……,……
16cb18d2a2b26981a5a165feae2e28bb.bundle,結局對話:廖吉興,Say,チキョウ･リョウ,57,期待はしている、頑張りなさい。,"기대는 하고 있다, 열심히 해."
16cb18d2a2b26981a5a165feae2e28bb.bundle,結局對話:廖吉興,Say,チキョウ･リョウ,58,さて、話は以上だ。,"자, 얘기는 이상이다."
16cb18d2a2b26981a5a165feae2e28bb.bundle,結局對話:廖吉興,Say,チキョウ･リョウ,59,もう行っていいぞ。,이제 가도 좋다.
16cb18d2a2b26981a5a165feae2e28bb.bundle,結局對話:廖吉興,Branch,#Simple,17,はい、失礼します。,"네, 실례하겠습니다."
16cb18d2a2b26981a5a165feae2e28bb.bundle,結局對話:廖吉興,Branch,#Simple,18,あなたと知り合えてよかったです。,당신과 알게 돼서 좋았습니다.
16cb18d2a2b26981a5a165feae2e28bb.bundle,結局對話:廖吉興,Say,チキョウ･リョウ,60,……,……
16cb18d2a2b26981a5a165feae2e28bb.bundle,結局對話:廖吉興,Say,チキョウ･リョウ,61,礼儀正しいな。,예의 바르네.
16cb18d2a2b26981a5a165feae2e28bb.bundle,結局對話:廖吉興,Say,チキョウ･リョウ,62,それを忘れるなよ。,그거 잊지 마라.
16cb18d2a2b26981a5a165feae2e28bb.bundle,結局對話:廖吉興,Branch,#Simple,19,……,……
16cb18d2a2b26981a5a165feae2e28bb.bundle,結局對話:孫茹和何歆翊,Say,ジソ･ソン,0,よっ！,어이!
16cb18d2a2b26981a5a165feae2e28bb.bundle,結局對話:孫茹和何歆翊,Say,レイカ･ホウ,0,ジェイ！,제이!
16cb18d2a2b26981a5a165feae2e28bb.bundle,結局對話:孫茹和何歆翊,Say,レイカ･ホウ,1,私たちも来ちゃった～,우리도 와버렸어~
16cb18d2a2b26981a5a165feae2e28bb.bundle,結局對話:孫茹和何歆翊,Say,ジソ･ソン,1,うまいものがようさんあるって聞いてんけど……,맛있는 게 잔뜩 있다고 들었는데……
16cb18d2a2b26981a5a165feae2e28bb.bundle,結局對話:孫茹和何歆翊,Say,ジソ･ソン,2,このピザはなんや？誰がこんなんを頼んでん……,이 피자는 뭐야? 누가 이런 걸 시킨 거야……
16cb18d2a2b26981a5a165feae2e28bb.bundle,結局對話:孫茹和何歆翊,Say,レイカ･ホウ,2,ボーちゃんね。,보짱이야.
16cb18d2a2b26981a5a165feae2e28bb.bundle,結局對話:孫茹和何歆翊,Say,ジソ･ソン,3,あいつ……,그놈……
16cb18d2a2b26981a5a165feae2e28bb.bundle,結局對話:孫茹和何歆翊,Say,レイカ･ホウ,3,アハハ……,아하하……
16cb18d2a2b26981a5a165feae2e28bb.bundle,結局對話:孫茹和何歆翊,Say,レイカ･ホウ,4,そうだ！,맞다!
16cb18d2a2b26981a5a165feae2e28bb.bundle,結局對話:孫茹和何歆翊,Say,レイカ･ホウ,5,ジェイ、聞いたよ！あなた凄いのね。,"제이, 들었어! 너 대단하더라."
16cb18d2a2b26981a5a165feae2e28bb.bundle,結局對話:孫茹和何歆翊,Say,レイカ･ホウ,6,イーちゃんとシュンを和解させるなんて！,이짱이랑 준은을 화해시키다니!
16cb18d2a2b26981a5a165feae2e28bb.bundle,結局對話:孫茹和何歆翊,Say,ジソ･ソン,4,あのアホ二人の目が覚めてほんまによかったで……,그 바보 두 사람이 정신 차려서 진짜 다행이었어……
16cb18d2a2b26981a5a165feae2e28bb.bundle,結局對話:孫茹和何歆翊,Say,レイカ･ホウ,7,本当ね！,정말 그래!
16cb18d2a2b26981a5a165feae2e28bb.bundle,結局對話:孫茹和何歆翊,Say,レイカ･ホウ,8,それにジェイは……,그리고 제이는……
16cb18d2a2b26981a5a165feae2e28bb.bundle,結局對話:孫茹和何歆翊,Say,レイカ･ホウ,9,私とイーちゃんをくっつけてくれた！さすが励ましマスターね！,나랑 이짱을 이어줬어! 역시 응원 마스터네!
16cb18d2a2b26981a5a165feae2e28bb.bundle,結局對話:孫茹和何歆翊,Say,ジソ･ソン,5,え？え？それいつ？,어? 어? 그거 언제?
16cb18d2a2b26981a5a165feae2e28bb.bundle,結局對話:孫茹和何歆翊,Say,レイカ･ホウ,10,昨日。,어제.
16cb18d2a2b26981a5a165feae2e28bb.bundle,結局對話:孫茹和何歆翊,Say,ジソ･ソン,6,やっとイーちゃんとデートに行く気になったんやな！,드디어 이짱이랑 데이트하러 갈 마음이 생겼구나!
16cb18d2a2b26981a5a165feae2e28bb.bundle,結局對話:孫茹和何歆翊,Say,ジソ･ソン,7,いやー、ほんまにジェイがいてよかった。,"아이고, 진짜 제이가 있어서 다행이었어."
16cb18d2a2b26981a5a165feae2e28bb.bundle,結局對話:孫茹和何歆翊,Say,ジソ･ソン,8,毎日のように、うちはどないしたら……って悩んどったからな。,"거의 매일, 어떻게 하지……하고 고민했었으니까."
16cb18d2a2b26981a5a165feae2e28bb.bundle,結局對話:孫茹和何歆翊,Say,レイカ･ホウ,11,ハハハ、ごめん。,"하하하, 미안."
16cb18d2a2b26981a5a165feae2e28bb.bundle,結局對話:孫茹和何歆翊,Say,ジソ･ソン,9,これなら、イーちゃんも少しは元気を取り戻すやろうな。,"이러면, 이짱도 조금은 기운 차리겠네."
16cb18d2a2b26981a5a165feae2e28bb.bundle,結局對話:孫茹和何歆翊,Say,レイカ･ホウ,12,え、どうして？,"어, 왜?"
16cb18d2a2b26981a5a165feae2e28bb.bundle,結局對話:孫茹和何歆翊,Say,レイカ･ホウ,13,あっ！,앗!
16cb18d2a2b26981a5a165feae2e28bb.bundle,結局對話:孫茹和何歆翊,Say,ジソ･ソン,10,はぁ……,하아……
16cb18d2a2b26981a5a165feae2e28bb.bundle,結局對話:孫茹和何歆翊,Say,ジソ･ソン,11,罪深い女や、まさか忘れてるとはな……,"죄 많은 여자네, 설마 잊어버렸을 줄이야……"
16cb18d2a2b26981a5a165feae2e28bb.bundle,結局對話:孫茹和何歆翊,Say,レイカ･ホウ,14,ごめん……,미안……
16cb18d2a2b26981a5a165feae2e28bb.bundle,結局對話:孫茹和何歆翊,Say,レイカ･ホウ,15,別に私は彼が嫌いなわけじゃないのよ。でも一人の方が楽なんだもん。,딱히 내가 그 사람을 싫어하는 건 아니야. 그냥 혼자가 더 편해서 그래.
16cb18d2a2b26981a5a165feae2e28bb.bundle,結局對話:孫茹和何歆翊,Say,ジソ･ソン,12,わかっとる、冗談や！,"알아, 농담이야!"
16cb18d2a2b26981a5a165feae2e28bb.bundle,結局對話:孫茹和何歆翊,Say,ジソ･ソン,13,アンタはそのままでええ。,너는 지금 그대로가 좋아.
16cb18d2a2b26981a5a165feae2e28bb.bundle,結局對話:孫茹和何歆翊,Say,ジソ･ソン,14,何の心構えも覚悟もせんと、付き合うよりずっとええ！,아무 마음의 준비도 각오도 없이 사귀는 것보다 훨씬 나아!
16cb18d2a2b26981a5a165feae2e28bb.bundle,結局對話:孫茹和何歆翊,Say,レイカ･ホウ,16,全然励ましになってないから……,전혀 위로가 안 되는데……
16cb18d2a2b26981a5a165feae2e28bb.bundle,結局對話:孫茹和何歆翊,Say,ジソ･ソン,15,ハハハ！,하하하!
16cb18d2a2b26981a5a165feae2e28bb.bundle,結局對話:孫茹和何歆翊,Say,ジソ･ソン,16,雑談はこのくらいにしとこか。,잡담은 이쯤 하고.
16cb18d2a2b26981a5a165feae2e28bb.bundle,結局對話:孫茹和何歆翊,Say,ジソ･ソン,17,またな、ジェイ！,"또 보자, 제이!"
16cb18d2a2b26981a5a165feae2e28bb.bundle,結局對話:孫茹和何歆翊,Say,レイカ･ホウ,17,またね！,또 봐!
16cb18d2a2b26981a5a165feae2e28bb.bundle,結局對話:孫茹和何歆翊,Branch,#Simple,0,はい、また。,"네, 이따 봬요."
16cb18d2a2b26981a5a165feae2e28bb.bundle,結局對話:孫茹和何歆翊,Branch,#Simple,1,あなた方と知り合えてよかったです。,두 분과 알게 되어서 좋았습니다.
16cb18d2a2b26981a5a165feae2e28bb.bundle,結局對話:孫茹和何歆翊,Say,ジソ･ソン,18,ハハハ！急にどないした！,하하하! 갑자기 왜 그래!
16cb18d2a2b26981a5a165feae2e28bb.bundle,結局對話:孫茹和何歆翊,Say,レイカ･ホウ,18,私もジェイと仲良くなれてよかった！,나도 제이랑 친해져서 좋았어!
16cb18d2a2b26981a5a165feae2e28bb.bundle,結局對話:孫茹和何歆翊,Say,ジソ･ソン,19,旦那を見つけてくれたからな！,짝을 찾아줬으니까!
16cb18d2a2b26981a5a165feae2e28bb.bundle,結局對話:孫茹和何歆翊,Say,レイカ･ホウ,19,それだけじゃない！,그것만이 아니야!
16cb18d2a2b26981a5a165feae2e28bb.bundle,結局對話:孫茹和何歆翊,Say,ジソ･ソン,20,私も、アンタと知り合えてよかった。,"나도, 너를 알게 돼서 좋았어."
16cb18d2a2b26981a5a165feae2e28bb.bundle,結局對話:孫茹和何歆翊,Say,ジソ･ソン,21,ここには、アンタみたいな人が必要や。,"여기엔, 너 같은 사람이 필요해."
16cb18d2a2b26981a5a165feae2e28bb.bundle,結局對話:孫茹和何歆翊,Branch,#Simple,2,ありがとうございます。,감사합니다.
16cb18d2a2b26981a5a165feae2e28bb.bundle,結局對話:孫茹和何歆翊,Branch,#Simple,3,それは大げさです。,그건 과장이에요.
16cb18d2a2b26981a5a165feae2e28bb.bundle,結局對話:孫茹和何歆翊,Say,ジソ･ソン,22,ハハハ！,하하하!
16cb18d2a2b26981a5a165feae2e28bb.bundle,結局對話:孫茹和何歆翊,Branch,#Simple,4,……,……
16cb18d2a2b26981a5a165feae2e28bb.bundle,結局對話:孫茹和何歆翊,Say,ジソ･ソン,23,これから一緒に働けるのを楽しみにしてんで！,앞으로 같이 일할 걸 기대하고 있을게!
16cb18d2a2b26981a5a165feae2e28bb.bundle,結局對話:孫茹和何歆翊,Say,レイカ･ホウ,20,私も！,나도!
16cb18d2a2b26981a5a165feae2e28bb.bundle,結局對話:孫茹和何歆翊,Branch,#Simple,5,……,……
16cb18d2a2b26981a5a165feae2e28bb.bundle,結局對話:羅龐安,Say,パン･ロウ,0,ジェイ……,제이……
16cb18d2a2b26981a5a165feae2e28bb.bundle,結局對話:羅龐安,Say,心の声,0,かなり落ち込んでいるようだ……,꽤 풀 죽어 보인다……
16cb18d2a2b26981a5a165feae2e28bb.bundle,結局對話:羅龐安,Say,パン･ロウ,1,今回の件で退職する人とかいるのかな……？,이번 일로 퇴사하는 사람도 있으려나……?
16cb18d2a2b26981a5a165feae2e28bb.bundle,結局對話:羅龐安,Branch,#Simple,0,いるでしょうね。,있겠죠.
16cb18d2a2b26981a5a165feae2e28bb.bundle,結局對話:羅龐安,Say,パン･ロウ,2,そうだよな。,그렇겠지.
16cb18d2a2b26981a5a165feae2e28bb.bundle,結局對話:羅龐安,Say,パン･ロウ,3,僕たちは残るつもりだけど、他の人がどう考えてるかなんて、わからないもんな。,"우리는 남을 생각이지만, 다른 사람들이 어떻게 생각하는지는, 모르는 거잖아."
16cb18d2a2b26981a5a165feae2e28bb.bundle,結局對話:羅龐安,Say,パン･ロウ,4,やっと主導権を手にしたと思ったのに、あっさり終わった……,"겨우 주도권을 잡았다고 생각했는데, 허무하게 끝났어……"
16cb18d2a2b26981a5a165feae2e28bb.bundle,結局對話:羅龐安,Say,パン･ロウ,5,これじゃ、振り出しに戻っただけだ。,"이러면, 원점으로 돌아간 것뿐이잖아."
16cb18d2a2b26981a5a165feae2e28bb.bundle,結局對話:羅龐安,Branch,#Simple,1,大丈夫だと思いますよ。,괜찮을 거라고 생각해요.
16cb18d2a2b26981a5a165feae2e28bb.bundle,結局對話:羅龐安,Say,パン･ロウ,6,どうして？,왜?
16cb18d2a2b26981a5a165feae2e28bb.bundle,結局對話:羅龐安,Branch,#Simple,2,今回は上手くいかなかったけど、現状維持ではありますから。,"이번엔 잘 안 됐지만, 현상 유지는 하고 있으니까요."
16cb18d2a2b26981a5a165feae2e28bb.bundle,結局對話:羅龐安,Say,パン･ロウ,7,どうせ失敗に終わるなら……,어차피 실패로 끝날 거라면……
16cb18d2a2b26981a5a165feae2e28bb.bundle,結局對話:羅龐安,Say,パン･ロウ,8,最初から希望を抱かない方がいいと思う……,처음부터 희망을 안 갖는 게 낫다고 생각해……
16cb18d2a2b26981a5a165feae2e28bb.bundle,結局對話:羅龐安,Say,パン･ロウ,9,……,……
16cb18d2a2b26981a5a165feae2e28bb.bundle,結局對話:羅龐安,Say,パン･ロウ,10,はぁ、今のは忘れてくれ。,"하아, 방금 건 잊어줘."
16cb18d2a2b26981a5a165feae2e28bb.bundle,結局對話:羅龐安,Say,パン･ロウ,11,今の発言はネガティブ過ぎたよ、ハハ。,"방금 한 말은 너무 부정적이었지, 하하."
16cb18d2a2b26981a5a165feae2e28bb.bundle,結局對話:羅龐安,Branch,#Simple,3,勘ですね。,감이네요.
16cb18d2a2b26981a5a165feae2e28bb.bundle,結局對話:羅龐安,Say,パン･ロウ,12,前向きだな……,긍정적이네……
16cb18d2a2b26981a5a165feae2e28bb.bundle,結局對話:羅龐安,Say,パン･ロウ,13,でも僕もそう願うよ。,근데 나도 그러길 바라.
16cb18d2a2b26981a5a165feae2e28bb.bundle,結局對話:羅龐安,Say,パン･ロウ,14,例え皆が退職したとしても、僕たちはシュンについていく。,"설령 다들 퇴사하더라도, 우리는 슌을 따라갈 거야."
16cb18d2a2b26981a5a165feae2e28bb.bundle,結局對話:羅龐安,Say,パン･ロウ,15,何が起きても、僕らは彼を信じる！,"무슨 일이 일어나도, 우리는 그를 믿는다!"
16cb18d2a2b26981a5a165feae2e28bb.bundle,結局對話:羅龐安,Say,パン･ロウ,16,よっ！ジェイ！,어이! 제이!
16cb18d2a2b26981a5a165feae2e28bb.bundle,結局對話:羅龐安,Say,心の声,1,かなり興奮しているな……,꽤 흥분해 있네……
16cb18d2a2b26981a5a165feae2e28bb.bundle,結局對話:羅龐安,Say,パン･ロウ,17,これが突然の喜びってやつなのか！,이게 갑작스러운 기쁨이라는 건가!
16cb18d2a2b26981a5a165feae2e28bb.bundle,結局對話:羅龐安,Say,パン･ロウ,18,やはり正義は勝つ！ってことだな。,역시 정의는 승리한다! 라는 거지.
16cb18d2a2b26981a5a165feae2e28bb.bundle,結局對話:羅龐安,Say,パン･ロウ,19,やっとサイレントの閉鎖が確実なものとなって、皆もほっとしただろうな。,"드디어 사일런트 폐쇄가 확실해져서, 다들 안심했겠지."
16cb18d2a2b26981a5a165feae2e28bb.bundle,結局對話:羅龐安,Say,パン･ロウ,20,あ、でもジェイは……,"아, 근데 제이는……"
16cb18d2a2b26981a5a165feae2e28bb.bundle,結局對話:羅龐安,Say,パン･ロウ,21,……,……
16cb18d2a2b26981a5a165feae2e28bb.bundle,結局對話:羅龐安,Branch,#Simple,4,どうしました？,무슨 일이세요?
16cb18d2a2b26981a5a165feae2e28bb.bundle,結局對話:羅龐安,Say,パン･ロウ,22,その……,그……
16cb18d2a2b26981a5a165feae2e28bb.bundle,結局對話:羅龐安,Branch,#Simple,5,私も閉鎖には賛成ですよ？,저도 폐쇄에는 찬성이에요?
16cb18d2a2b26981a5a165feae2e28bb.bundle,結局對話:羅龐安,Say,パン･ロウ,23,違う、そうじゃない……,"아니, 그게 아니라……"
16cb18d2a2b26981a5a165feae2e28bb.bundle,結局對話:羅龐安,Branch,#Simple,6,……,……
16cb18d2a2b26981a5a165feae2e28bb.bundle,結局對話:羅龐安,Say,パン･ロウ,24,君、リストラの候補者に乗ってるだろ？,"너, 구조조정 후보에 올라 있잖아?"
16cb18d2a2b26981a5a165feae2e28bb.bundle,結局對話:羅龐安,Branch,#Simple,7,どうしてそれを？,왜 그걸 물으시는 거예요?
16cb18d2a2b26981a5a165feae2e28bb.bundle,結局對話:羅龐安,Say,パン･ロウ,25,シュンに呼び出されてるのを見たんだ。,슌한테 불려가는 거 봤어.
16cb18d2a2b26981a5a165feae2e28bb.bundle,結局對話:羅龐安,Say,パン･ロウ,26,彼のことは、よく知ってるから……,"그 사람에 대해서는, 잘 아니까……"
16cb18d2a2b26981a5a165feae2e28bb.bundle,結局對話:羅龐安,Branch,#Simple,8,そうですね。,그렇네요.
16cb18d2a2b26981a5a165feae2e28bb.bundle,結局對話:羅龐安,Say,パン･ロウ,27,やっぱり……,역시……
16cb18d2a2b26981a5a165feae2e28bb.bundle,結局對話:羅龐安,Say,パン･ロウ,28,君はどう思ってるんだ？,너는 어떻게 생각하는 거야?
16cb18d2a2b26981a5a165feae2e28bb.bundle,結局對話:羅龐安,Branch,#Simple,9,正直、悲しいです。,"솔직히, 슬퍼요."
16cb18d2a2b26981a5a165feae2e28bb.bundle,結局對話:羅龐安,Say,パン･ロウ,29,そう思うのも仕方がない……,그렇게 생각하는 것도 어쩔 수 없지……
16cb18d2a2b26981a5a165feae2e28bb.bundle,結局對話:羅龐安,Branch,#Simple,10,元々勤める気はなかったので大丈夫です。,원래부터 계속 다닐 생각은 없었으니까 괜찮아요.
16cb18d2a2b26981a5a165feae2e28bb.bundle,結局對話:羅龐安,Say,パン･ロウ,30,え、どうして！？,"어, 왜!?"
16cb18d2a2b26981a5a165feae2e28bb.bundle,結局對話:羅龐安,Branch,#Simple,11,ここは私には合いません。,여기는 저한테 안 맞아요.
16cb18d2a2b26981a5a165feae2e28bb.bundle,結局對話:羅龐安,Branch,#Simple,12,すみませんが、それは言えません。,"죄송하지만, 그건 말할 수 없어요."
16cb18d2a2b26981a5a165feae2e28bb.bundle,結局對話:羅龐安,Say,パン･ロウ,31,……,……
16cb18d2a2b26981a5a165feae2e28bb.bundle,結局對話:羅龐安,Say,パン･ロウ,32,そうか。,그런가.
16cb18d2a2b26981a5a165feae2e28bb.bundle,結局對話:羅龐安,Say,パン･ロウ,33,残念だな……,아쉽네……
16cb18d2a2b26981a5a165feae2e28bb.bundle,結局對話:羅龐安,Branch,#Simple,13,頑張れば、残れる可能性もあるみたいです。,"노력하면, 남을 가능성도 있는 것 같아요."
16cb18d2a2b26981a5a165feae2e28bb.bundle,結局對話:羅龐安,Say,パン･ロウ,34,本当？,정말?
16cb18d2a2b26981a5a165feae2e28bb.bundle,結局對話:羅龐安,Say,パン･ロウ,35,よかった！,다행이다!
16cb18d2a2b26981a5a165feae2e28bb.bundle,結局對話:羅龐安,Say,パン･ロウ,36,ずっと申し訳ないと思ってたんだ。,계속 미안하다고 생각하고 있었어.
16cb18d2a2b26981a5a165feae2e28bb.bundle,結局對話:羅龐安,Say,パン･ロウ,37,……,……
16cb18d2a2b26981a5a165feae2e28bb.bundle,結局對話:羅龐安,Say,パン･ロウ,38,僕たちが楽しく話しているのを見て……,우리가 즐겁게 얘기하는 걸 보고……
16cb18d2a2b26981a5a165feae2e28bb.bundle,結局對話:羅龐安,Say,パン･ロウ,39,君が傷ついているんじゃないかって……,네가 상처받는 게 아닐까 하고……
16cb18d2a2b26981a5a165feae2e28bb.bundle,結局對話:羅龐安,Say,パン･ロウ,40,アハハ……,아하하……
16cb18d2a2b26981a5a165feae2e28bb.bundle,結局對話:羅龐安,Branch,#Simple,14,パンちゃんのせいではありません。,팡짱 잘못이 아니에요.
16cb18d2a2b26981a5a165feae2e28bb.bundle,結局對話:羅龐安,Say,パン･ロウ,41,わ、わかってるよ。,"아, 알고는 있어."
16cb18d2a2b26981a5a165feae2e28bb.bundle,結局對話:羅龐安,Branch,#Simple,15,そんなに考えないでください。,그렇게 신경 쓰지 마세요.
16cb18d2a2b26981a5a165feae2e28bb.bundle,結局對話:羅龐安,Say,パン･ロウ,42,君がそう言うならいいけど……,네가 그렇게 말하면 다행이지만……
16cb18d2a2b26981a5a165feae2e28bb.bundle,結局對話:羅龐安,Branch,#Simple,16,……,……
16cb18d2a2b26981a5a165feae2e28bb.bundle,結局對話:羅龐安,Say,パン･ロウ,43,話は変わるけどさ……,얘기가 바뀌는데……
16cb18d2a2b26981a5a165feae2e28bb.bundle,結局對話:羅龐安,Say,パン･ロウ,44,イエホンと連絡取り合えたよ。,이홍이랑 연락 주고받게 됐어.
16cb18d2a2b26981a5a165feae2e28bb.bundle,結局對話:羅龐安,Say,パン･ロウ,45,一応、友達にはなれた。,"일단, 친구는 됐어."
16cb18d2a2b26981a5a165feae2e28bb.bundle,結局對話:羅龐安,Say,パン･ロウ,46,操作組と選別組の関係は相変わらず最悪だけど、案外簡単に受け入れてくれた。,"조작조랑 선별조 관계는 여전히 최악이지만, 의외로 쉽게 받아들여줬어."
16cb18d2a2b26981a5a165feae2e28bb.bundle,結局對話:羅龐安,Say,パン･ロウ,47,まあ、よく喧嘩するけどね。,"뭐, 자주 싸우지만."
16cb18d2a2b26981a5a165feae2e28bb.bundle,結局對話:羅龐安,Branch,#Simple,17,よかったですね。,잘됐네요.
16cb18d2a2b26981a5a165feae2e28bb.bundle,結局對話:羅龐安,Say,パン･ロウ,48,まあね……,뭐 그렇지……
16cb18d2a2b26981a5a165feae2e28bb.bundle,結局對話:羅龐安,Branch,#Simple,18,ボーちゃんは良い奴ですよ。,보짱은 좋은 녀석이에요.
16cb18d2a2b26981a5a165feae2e28bb.bundle,結局對話:羅龐安,Say,パン･ロウ,49,……うん。,……응.
16cb18d2a2b26981a5a165feae2e28bb.bundle,結局對話:羅龐安,Say,パン･ロウ,50,話してればわかるよ。,얘기해보면 알아.
16cb18d2a2b26981a5a165feae2e28bb.bundle,結局對話:羅龐安,Branch,#Simple,19,……,……
16cb18d2a2b26981a5a165feae2e28bb.bundle,結局對話:羅龐安,Say,パン･ロウ,51,……,……
16cb18d2a2b26981a5a165feae2e28bb.bundle,結局對話:羅龐安,Say,パン･ロウ,52,実は、僕はあんまり友達がいないんだ。友人関係を変に捉えすぎているんだ。,"실은, 나는 친구가 별로 없어. 친구 관계를 너무 이상하게 받아들이거든."
16cb18d2a2b26981a5a165feae2e28bb.bundle,結局對話:羅龐安,Say,パン･ロウ,53,だから友達が一人でもできると、ずっとその人について行くんだ。,"그래서 친구가 한 명이라도 생기면, 계속 그 사람만 따라다녀."
16cb18d2a2b26981a5a165feae2e28bb.bundle,結局對話:羅龐安,Say,心の声,2,シュンのことか。,슌 얘기구나.
16cb18d2a2b26981a5a165feae2e28bb.bundle,結局對話:羅龐安,Say,パン･ロウ,54,変に捉える必要はないってわかってるけど……,이상하게 받아들일 필요 없다는 건 알지만……
16cb18d2a2b26981a5a165feae2e28bb.bundle,結局對話:羅龐安,Say,パン･ロウ,55,簡単には考えを変えられない。,쉽게는 생각을 못 바꿔.
16cb18d2a2b26981a5a165feae2e28bb.bundle,結局對話:羅龐安,Say,パン･ロウ,56,その友達に、僕は考えすぎなのか聞こうと思ったけど……,"그 친구한테, 내가 너무 깊이 생각하는 건지 물어보려고 했는데……"
16cb18d2a2b26981a5a165feae2e28bb.bundle,結局對話:羅龐安,Say,パン･ロウ,57,なかなか聞けなくて……,좀처럼 못 물어봐서……
16cb18d2a2b26981a5a165feae2e28bb.bundle,結局對話:羅龐安,Say,パン･ロウ,58,あの時、君に話せたのも、その時はあまり仲がいいわけではなかったからなんだ、アハハ……,"그때, 너한테 얘기할 수 있었던 것도, 그때는 별로 친하지 않았기 때문이었어, 아하하……"
16cb18d2a2b26981a5a165feae2e28bb.bundle,結局對話:羅龐安,Branch,#Simple,20,力になれたのならよかったです。,도움이 됐다면 다행입니다.
16cb18d2a2b26981a5a165feae2e28bb.bundle,結局對話:羅龐安,Say,パン･ロウ,59,うん、感謝してるよ！,"응, 고맙게 생각해!"
16cb18d2a2b26981a5a165feae2e28bb.bundle,結局對話:羅龐安,Branch,#Simple,21,今はどうなんですか？,지금은 어때요?
16cb18d2a2b26981a5a165feae2e28bb.bundle,結局對話:羅龐安,Say,パン･ロウ,60,え？何が？,어? 뭐가?
16cb18d2a2b26981a5a165feae2e28bb.bundle,結局對話:羅龐安,Branch,#Simple,22,もう友人と呼べますか？,이제 친구라고 부를 수 있나요?
16cb18d2a2b26981a5a165feae2e28bb.bundle,結局對話:羅龐安,Say,パン･ロウ,61,も、もちろん！！！,"다, 당연하지!!!"
16cb18d2a2b26981a5a165feae2e28bb.bundle,結局對話:羅龐安,Branch,#Simple,23,今でも、あまり仲がよくない関係ですか？,"지금도, 별로 안 친한 관계인가요?"
16cb18d2a2b26981a5a165feae2e28bb.bundle,結局對話:羅龐安,Say,パン･ロウ,62,それは違うよ！,그건 아니야!
16cb18d2a2b26981a5a165feae2e28bb.bundle,結局對話:羅龐安,Say,パン･ロウ,63,君はもう友人だ！,너는 이제 친구야!
16cb18d2a2b26981a5a165feae2e28bb.bundle,結局對話:羅龐安,Branch,#Simple,24,……,……
16cb18d2a2b26981a5a165feae2e28bb.bundle,結局對話:羅龐安,Say,パン･ロウ,64,話はここまでにしよう。,얘기는 여기까지 하자.
16cb18d2a2b26981a5a165feae2e28bb.bundle,結局對話:羅龐安,Say,パン･ロウ,65,僕にはまだ仕事があるからね。じゃ、また後で。,"나는 아직 일이 있으니까. 그럼, 이따 봐."
16cb18d2a2b26981a5a165feae2e28bb.bundle,結局對話:羅龐安,Branch,#Simple,25,はい。,네.
16cb18d2a2b26981a5a165feae2e28bb.bundle,結局對話:羅龐安,Branch,#Simple,26,あなたと知り合えてよかったです。,당신과 알게 돼서 좋았습니다.
16cb18d2a2b26981a5a165feae2e28bb.bundle,結局對話:羅龐安,Say,パン･ロウ,66,……,……
16cb18d2a2b26981a5a165feae2e28bb.bundle,結局對話:羅龐安,Say,パン･ロウ,67,こちらこそだよ。,나야말로.
16cb18d2a2b26981a5a165feae2e28bb.bundle,結局對話:羅龐安,Say,パン･ロウ,68,と、友達になれたしね……！,"치, 친구가 됐으니까……!"
16cb18d2a2b26981a5a165feae2e28bb.bundle,結局對話:羅龐安,Branch,#Simple,27,……,……
16cb18d2a2b26981a5a165feae2e28bb.bundle,自己去跟小峰對質,Say,シンホン･ゴ,0,ジェイ、どうかしたのか？,"제이, 무슨 일 있어?"
16cb18d2a2b26981a5a165feae2e28bb.bundle,自己去跟小峰對質,Say,心の声,0,リョウさんのことを言うべきか……？,치쿄 씨 얘기를 해야 하나……?
16cb18d2a2b26981a5a165feae2e28bb.bundle,自己去跟小峰對質,Branch,#Simple,0,いいえ、何でもないです。,"아뇨, 아무것도 아니에요."
16cb18d2a2b26981a5a165feae2e28bb.bundle,自己去跟小峰對質,Say,シンホン･ゴ,1,は？なんだよ！,뭐? 뭐냐고!
16cb18d2a2b26981a5a165feae2e28bb.bundle,自己去跟小峰對質,Say,シンホン･ゴ,2,今忙しいんだ。遊びの誘いなら、ボーちゃんのところに行ってくれ！,"지금 바빠. 놀자는 얘기면, 보짱한테 가!"
16cb18d2a2b26981a5a165feae2e28bb.bundle,自己去跟小峰對質,Branch,#Simple,1,リョウさんが、シンレイ･トンを不正な方法で採用しようとしたと認めました。,"치쿄 씨가, 신레이 통을 부정한 방법으로 채용하려 했다고 인정했어요."
16cb18d2a2b26981a5a165feae2e28bb.bundle,自己去跟小峰對質,Say,シンホン･ゴ,3,リョウさんが……？でも……,치쿄 씨가……? 하지만……
16cb18d2a2b26981a5a165feae2e28bb.bundle,自己去跟小峰對質,Say,シンホン･ゴ,4,……,……
16cb18d2a2b26981a5a165feae2e28bb.bundle,自己去跟小峰對質,Say,シンホン･ゴ,5,どうしてそれを知ってるんだ……？,그걸 어떻게 아는 거야……?
16cb18d2a2b26981a5a165feae2e28bb.bundle,自己去跟小峰對質,Branch,#Simple,2,ずっとタイミンと一緒に調べていました。,계속 타이밍이랑 같이 조사하고 있었어요.
16cb18d2a2b26981a5a165feae2e28bb.bundle,自己去跟小峰對質,Branch,#Simple,3,さっき、リョウさんが自首したからです。,"방금, 치쿄 씨가 자수했거든요."
16cb18d2a2b26981a5a165feae2e28bb.bundle,自己去跟小峰對質,Say,シンホン･ゴ,6,……,……
16cb18d2a2b26981a5a165feae2e28bb.bundle,自己去跟小峰對質,Say,シンホン･ゴ,7,本社の命令か……,본사 명령이었나……
16cb18d2a2b26981a5a165feae2e28bb.bundle,自己去跟小峰對質,Say,シンホン･ゴ,8,不正を働いた者を調べるよう言われたんだろ……,부정을 저지른 사람을 조사하라고 지시받았겠지……
16cb18d2a2b26981a5a165feae2e28bb.bundle,自己去跟小峰對質,Say,シンホン･ゴ,9,……,……
16cb18d2a2b26981a5a165feae2e28bb.bundle,自己去跟小峰對質,Say,シンホン･ゴ,10,どうして俺にこのことを？,왜 이걸 나한테 말하는 거야?
16cb18d2a2b26981a5a165feae2e28bb.bundle,自己去跟小峰對質,Branch,#Simple,4,リョウさんはあなたの家族です。だから、あなたに伝えるべきだと思いました。,"치쿄 씨는 당신 가족이잖아요. 그러니까, 당신한테 알려야 한다고 생각했어요."
16cb18d2a2b26981a5a165feae2e28bb.bundle,自己去跟小峰對質,Branch,#Simple,5,リョウさんが、あなたの罪を被ろうとしていると思ったからです。,"치쿄 씨가, 당신 죄를 대신 뒤집어쓰려 한다고 생각했거든요."
16cb18d2a2b26981a5a165feae2e28bb.bundle,自己去跟小峰對質,Say,シンホン･ゴ,11,……,……
16cb18d2a2b26981a5a165feae2e28bb.bundle,自己去跟小峰對質,Branch,#Simple,6,当たってますか？,맞나요?
16cb18d2a2b26981a5a165feae2e28bb.bundle,自己去跟小峰對質,Branch,#Simple,7,……,……
16cb18d2a2b26981a5a165feae2e28bb.bundle,自己去跟小峰對質,Say,シンホン･ゴ,12,俺は……,나는……
16cb18d2a2b26981a5a165feae2e28bb.bundle,自己去跟小峰對質,Say,シンホン･ゴ,13,<y>クソ……！！！</y>,<y>젠장……!!!</y>
16cb18d2a2b26981a5a165feae2e28bb.bundle,自己去跟小峰對質,Say,シンホン･ゴ,14,タイミン！,타이밍!
16cb18d2a2b26981a5a165feae2e28bb.bundle,自己去跟小峰對質,Say,タイミン･ソウ,0,な、なんですか！？,"무, 무슨 일이에요!?"
16cb18d2a2b26981a5a165feae2e28bb.bundle,自己去跟小峰對質,Say,シンホン･ゴ,15,全部聞いたぞ……！,다 들었다……!
16cb18d2a2b26981a5a165feae2e28bb.bundle,自己去跟小峰對質,Say,タイミン･ソウ,1,ま、待てください。何の話ですか……？,"자, 잠깐만요. 무슨 얘기예요……?"
16cb18d2a2b26981a5a165feae2e28bb.bundle,自己去跟小峰對質,Say,シンホン･ゴ,16,リョウさんに罪を着せるのは絶対にダメだ！,치쿄 씨한테 죄를 뒤집어씌우는 건 절대 안 돼!
16cb18d2a2b26981a5a165feae2e28bb.bundle,自己去跟小峰對質,Say,タイミン･ソウ,2,落ち着いてください、シンホン。,"진정하세요, 신홍."
16cb18d2a2b26981a5a165feae2e28bb.bundle,自己去跟小峰對質,Say,シンホン･ゴ,17,……,……
16cb18d2a2b26981a5a165feae2e28bb.bundle,自己去跟小峰對質,Say,タイミン･ソウ,3,ジェイから話を聞いたのですか？,제이한테 얘기 들으신 거예요?
16cb18d2a2b26981a5a165feae2e28bb.bundle,自己去跟小峰對質,Say,心の声,1,タイミンがこちらを見ている……,타이밍이 이쪽을 보고 있다……
16cb18d2a2b26981a5a165feae2e28bb.bundle,自己去跟小峰對質,Say,シンホン･ゴ,18,……ああ。,……그래.
16cb18d2a2b26981a5a165feae2e28bb.bundle,自己去跟小峰對質,Say,タイミン･ソウ,4,……,……
16cb18d2a2b26981a5a165feae2e28bb.bundle,自己去跟小峰對質,Say,タイミン･ソウ,5,なら話は早いです……,그럼 얘기가 빠르겠네요……
16cb18d2a2b26981a5a165feae2e28bb.bundle,自己去跟小峰對質,Say,タイミン･ソウ,6,あなたが自首をすれば、リョウさんの無実を証明できるはずです。,"당신이 자수하면, 치쿄 씨의 무죄를 증명할 수 있을 거예요."
16cb18d2a2b26981a5a165feae2e28bb.bundle,自己去跟小峰對質,Say,シンホン･ゴ,19,よかった……,다행이다……
16cb18d2a2b26981a5a165feae2e28bb.bundle,自己去跟小峰對質,Say,タイミン･ソウ,7,その前に、この件の経緯を教えてください。,"그전에, 이 건의 경위를 알려주세요."
16cb18d2a2b26981a5a165feae2e28bb.bundle,自己去跟小峰對質,Say,シンホン･ゴ,20,……,……
16cb18d2a2b26981a5a165feae2e28bb.bundle,自己去跟小峰對質,Say,シンホン･ゴ,21,シンレイさんは昔、俺とリョウさんにとても良くしてくれた人だ。,"신레이 씨는 예전에, 나랑 료 씨한테 정말 잘해줬던 사람이야."
16cb18d2a2b26981a5a165feae2e28bb.bundle,自己去跟小峰對質,Say,シンホン･ゴ,22,少し前に、彼女がリョウさんを訪ねて来た。話を聞くと、孫に会うのにかなりの大金が必要らしく……,"얼마 전에, 그녀가 료 씨를 찾아왔어. 얘기를 들어보니, 손주를 만나려면 상당한 큰돈이 필요하다고 해서……"
16cb18d2a2b26981a5a165feae2e28bb.bundle,自己去跟小峰對質,Say,シンホン･ゴ,23,だから自分をサイレントの供給者として、採用してほしいとリョウさんに頼んできたんだ……,"그래서 자기를 사일런트 공급자로, 채용해달라고 료 씨한테 부탁해왔어……"
16cb18d2a2b26981a5a165feae2e28bb.bundle,自己去跟小峰對質,Say,シンホン･ゴ,24,もちろんリョウさんは断ったよ。,물론 료 씨는 거절했지.
16cb18d2a2b26981a5a165feae2e28bb.bundle,自己去跟小峰對質,Say,シンホン･ゴ,25,だけど悲しでいる彼女を見た俺は……,근데 슬퍼하는 그녀를 본 나는……
16cb18d2a2b26981a5a165feae2e28bb.bundle,自己去跟小峰對質,Say,シンホン･ゴ,26,……,……
16cb18d2a2b26981a5a165feae2e28bb.bundle,自己去跟小峰對質,Say,タイミン･ソウ,8,ならトンさんとジェイの面談に、リョウさんが現れたのはなぜですか？,"그럼 통 씨랑 제이의 면담에, 료 씨가 나타난 건 왜죠?"
16cb18d2a2b26981a5a165feae2e28bb.bundle,自己去跟小峰對質,Say,シンホン･ゴ,27,……彼は、俺を止めようとしてたんだ。,"……그 사람은, 나를 막으려고 했던 거야."
16cb18d2a2b26981a5a165feae2e28bb.bundle,自己去跟小峰對質,Say,シンホン･ゴ,28,そもそも、シンレイさんの面談相手をジェイに変えたのも、リョウさんだ。,"애초에, 신레이 씨 면담 상대를 제이로 바꾼 것도, 료 씨야."
16cb18d2a2b26981a5a165feae2e28bb.bundle,自己去跟小峰對質,Say,シンホン･ゴ,29,彼は、ジェイがシンレイさんを落とせば、すべて丸く収まると思ったんだろう。,"그 사람은, 제이가 신레이 씨를 떨어뜨리면, 다 잘 마무리될 거라고 생각했겠지."
16cb18d2a2b26981a5a165feae2e28bb.bundle,自己去跟小峰對質,Say,シンホン･ゴ,30,だがそう簡単には、いかなかったってことだ……,"근데 그렇게 쉽게는, 안 됐다는 거지……"
16cb18d2a2b26981a5a165feae2e28bb.bundle,自己去跟小峰對質,Say,タイミン･ソウ,9,……,……
16cb18d2a2b26981a5a165feae2e28bb.bundle,自己去跟小峰對質,Say,シンホン･ゴ,31,どんな処分が下る？,어떤 처분이 내려져?
16cb18d2a2b26981a5a165feae2e28bb.bundle,自己去跟小峰對質,Say,タイミン･ソウ,10,……詳しくはわかりません。,……자세히는 모릅니다.
16cb18d2a2b26981a5a165feae2e28bb.bundle,自己去跟小峰對質,Say,タイミン･ソウ,11,ですが、おそらくクビになると思います。,"근데, 아마 해고될 거라고 생각해요."
16cb18d2a2b26981a5a165feae2e28bb.bundle,自己去跟小峰對質,Say,シンホン･ゴ,32,そうか……,그런가……
16cb18d2a2b26981a5a165feae2e28bb.bundle,自己去跟小峰對質,Say,シンホン･ゴ,33,リョウさんには影響ないよな？,료 씨한테는 영향 없는 거지?
16cb18d2a2b26981a5a165feae2e28bb.bundle,自己去跟小峰對質,Say,タイミン･ソウ,12,はい。,네.
16cb18d2a2b26981a5a165feae2e28bb.bundle,自己去跟小峰對質,Say,シンホン･ゴ,34,ならよかった。,그럼 다행이다.
16cb18d2a2b26981a5a165feae2e28bb.bundle,自己去跟小峰對質,Say,シンホン･ゴ,35,この件は、俺からリョウさんに話す。,"이 건은, 내가 료 씨한테 얘기할게."
16cb18d2a2b26981a5a165feae2e28bb.bundle,自己去跟小峰對質,Say,シンホン･ゴ,36,俺の罪を彼に被らせるわけにはいかない。,내 죄를 그 사람한테 뒤집어씌울 수는 없지.
16cb18d2a2b26981a5a165feae2e28bb.bundle,自己去跟小峰對質,Say,シンホン･ゴ,37,タイミンは、真実を報告してくれ。,"타이밍은, 진실을 보고해줘."
16cb18d2a2b26981a5a165feae2e28bb.bundle,自己去跟小峰對質,Say,タイミン･ソウ,13,……はい。,……네.
16cb18d2a2b26981a5a165feae2e28bb.bundle,自己去跟小峰對質,Say,シンホン･ゴ,38,……,……
16cb18d2a2b26981a5a165feae2e28bb.bundle,自己去跟小峰對質,Say,シンホン･ゴ,39,今のリョウさんは冷たく見えるだろうが……,지금 료 씨는 차갑게 보이겠지만……
16cb18d2a2b26981a5a165feae2e28bb.bundle,自己去跟小峰對質,Say,シンホン･ゴ,40,昔は人助けにとても熱心な人だった。,예전엔 남 돕는 데 정말 열성적인 사람이었어.
16cb18d2a2b26981a5a165feae2e28bb.bundle,自己去跟小峰對質,Say,シンホン･ゴ,41,むしろ、うざがられるくらいだったよ、ハハ……,"오히려, 귀찮게 여겨질 정도였어, 하하……"
16cb18d2a2b26981a5a165feae2e28bb.bundle,自己去跟小峰對質,Say,シンホン･ゴ,42,……,……
16cb18d2a2b26981a5a165feae2e28bb.bundle,自己去跟小峰對質,Say,シンホン･ゴ,43,だけどいつからか、利己的な人間になってしまった。,"근데 언제부턴가, 이기적인 인간이 돼버렸지."
16cb18d2a2b26981a5a165feae2e28bb.bundle,自己去跟小峰對質,Say,タイミン･ソウ,14,シンホン……,신홍……
16cb18d2a2b26981a5a165feae2e28bb.bundle,自己去跟小峰對質,Say,シンホン･ゴ,44,まあ、理由は俺なんだろうな。,"뭐, 이유는 나겠지."
16cb18d2a2b26981a5a165feae2e28bb.bundle,自己去跟小峰對質,Say,タイミン･ソウ,15,……,……
16cb18d2a2b26981a5a165feae2e28bb.bundle,自己去跟小峰對質,Say,シンホン･ゴ,45,俺の母親が死んでからは、何よりも俺が最優先になっちまった。,"내 어머니가 죽고 나서는, 뭐보다도 내가 최우선이 돼버렸어."
16cb18d2a2b26981a5a165feae2e28bb.bundle,自己去跟小峰對質,Say,シンホン･ゴ,46,本当はシンレイさんが必要な額も、リョウさんは持っているんだ。,"사실 신레이 씨한테 필요한 금액도, 료 씨는 갖고 있어."
16cb18d2a2b26981a5a165feae2e28bb.bundle,自己去跟小峰對質,Say,シンホン･ゴ,47,だけどそれも、俺のために残してたいからって……,"근데 그것도, 나를 위해서 남겨두고 싶다면서……"
16cb18d2a2b26981a5a165feae2e28bb.bundle,自己去跟小峰對質,Say,シンホン･ゴ,48,この件について散々喧嘩したが、彼が俺の話に耳を傾けることはなかった。,"이 건에 대해 실컷 싸웠는데, 그 사람이 내 얘기에 귀 기울인 적은 없었어."
16cb18d2a2b26981a5a165feae2e28bb.bundle,自己去跟小峰對質,Say,シンホン･ゴ,49,この間も大喧嘩して……,요전에도 크게 싸워서……
16cb18d2a2b26981a5a165feae2e28bb.bundle,自己去跟小峰對質,Say,シンホン･ゴ,50,恥ずかしいことに、ジェイに見られたけどな……,"부끄럽게도, 제이한테 들켰지만……"
16cb18d2a2b26981a5a165feae2e28bb.bundle,自己去跟小峰對質,Say,シンホン･ゴ,51,だけどその時の喧嘩で、俺の思いは伝えられた気がするんだ。,"근데 그때 싸움으로, 내 마음이 전해진 것 같아."
16cb18d2a2b26981a5a165feae2e28bb.bundle,自己去跟小峰對質,Say,シンホン･ゴ,52,リョウさんの考えもわかったし、彼も俺を理解しようとしてくれている。,"료 씨 생각도 알게 됐고, 그 사람도 나를 이해하려고 해주고 있어."
16cb18d2a2b26981a5a165feae2e28bb.bundle,自己去跟小峰對質,Say,シンホン･ゴ,53,不正は手段でシンレイさんを採用しようとしたのは俺だ。だからこの責任は俺にある。,부정한 방법으로 신레이 씨를 채용하려고 한 건 나야. 그러니까 이 책임은 나한테 있어.
16cb18d2a2b26981a5a165feae2e28bb.bundle,自己去跟小峰對質,Say,シンホン･ゴ,54,この間も大喧嘩して……,요전에도 크게 싸워서……
16cb18d2a2b26981a5a165feae2e28bb.bundle,自己去跟小峰對質,Say,シンホン･ゴ,55,恥ずかしいことに、ジェイに見られたけどな……,"부끄럽게도, 제이한테 들켰지만……"
16cb18d2a2b26981a5a165feae2e28bb.bundle,自己去跟小峰對質,Say,シンホン･ゴ,56,だけどその時の喧嘩で、俺の思いは伝えられた気がするんだ。,"근데 그때 싸움으로, 내 마음이 전해진 것 같아."
16cb18d2a2b26981a5a165feae2e28bb.bundle,自己去跟小峰對質,Say,シンホン･ゴ,57,この件でもわかったよ。やっぱり俺はリョウさんと距離を取るべきだ。,이번 일로도 알았어. 역시 나는 료 씨랑 거리를 둬야 해.
16cb18d2a2b26981a5a165feae2e28bb.bundle,自己去跟小峰對質,Say,シンホン･ゴ,58,彼はまた俺の気持ちを無視して、勝手に罪を被ろうとした。,"그 사람은 또 내 마음을 무시하고, 멋대로 죄를 뒤집어쓰려고 했어."
16cb18d2a2b26981a5a165feae2e28bb.bundle,自己去跟小峰對質,Say,シンホン･ゴ,59,俺を守りたい気持ちはわかるが、俺はそれを望んではいない……,"나를 지키고 싶은 마음은 알지만, 나는 그걸 바라지 않아……"
16cb18d2a2b26981a5a165feae2e28bb.bundle,自己去跟小峰對質,Say,シンホン･ゴ,60,決めたよ。俺はこれ以上、彼に干渉されたくない。,"정했어. 나는 더 이상, 그 사람한테 간섭받고 싶지 않아."
16cb18d2a2b26981a5a165feae2e28bb.bundle,自己去跟小峰對質,Say,シンホン･ゴ,61,俺には俺の選択があるし、その結果は俺自身で向き合うべきだ。,"나한테는 내 선택이 있고, 그 결과는 나 스스로 마주해야 해."
16cb18d2a2b26981a5a165feae2e28bb.bundle,自己去跟小峰對質,Say,シンホン･ゴ,62,……,……
16cb18d2a2b26981a5a165feae2e28bb.bundle,自己去跟小峰對質,Say,シンホン･ゴ,63,話が逸れたな。,얘기가 딴 데로 샜네.
16cb18d2a2b26981a5a165feae2e28bb.bundle,自己去跟小峰對質,Say,シンホン･ゴ,64,俺が自白したわけだし、この件はこれで終わりだろう？,"내가 자백했으니까, 이 건은 이걸로 끝인 거지?"
16cb18d2a2b26981a5a165feae2e28bb.bundle,自己去跟小峰對質,Say,タイミン･ソウ,16,はい。,네.
16cb18d2a2b26981a5a165feae2e28bb.bundle,自己去跟小峰對質,Say,シンホン･ゴ,65,俺はどんな処分も受け入れる。,나는 어떤 처분도 받아들이겠다.
16cb18d2a2b26981a5a165feae2e28bb.bundle,自己去跟小峰對質,Say,シンホン･ゴ,66,大人しく上からの処分を待つさ。,얌전히 위에서 내리는 처분을 기다릴게.
16cb18d2a2b26981a5a165feae2e28bb.bundle,自己去跟小峰對質,Say,タイミン･ソウ,17,僕は……,저는……
16cb18d2a2b26981a5a165feae2e28bb.bundle,自己去跟小峰對質,Say,シンホン･ゴ,67,タイミン、これはお前のせいではない。,"타이밍, 이건 네 잘못이 아니야."
16cb18d2a2b26981a5a165feae2e28bb.bundle,自己去跟小峰對質,Say,シンホン･ゴ,68,俺の自業自得だ！,내 자업자득이지!
16cb18d2a2b26981a5a165feae2e28bb.bundle,自己去跟小峰對質,Say,タイミン･ソウ,18,……,……
16cb18d2a2b26981a5a165feae2e28bb.bundle,自己去跟小峰對質,Say,シンホン･ゴ,69,ハハ、それでもお前は自分のせいにするんだろうな。,"하하, 그래도 너는 네 탓으로 돌리겠지."
16cb18d2a2b26981a5a165feae2e28bb.bundle,自己去跟小峰對質,Say,シンホン･ゴ,70,さて、もう終わりにしよう。,"자, 이제 끝내자."
16cb18d2a2b26981a5a165feae2e28bb.bundle,自己去跟小峰對質,Say,シンホン･ゴ,71,まだ仕事が残ってるからな。,아직 일이 남아 있으니까.
16cb18d2a2b26981a5a165feae2e28bb.bundle,自己去跟小峰對質,Say,タイミン･ソウ,19,……,……
16cb18d2a2b26981a5a165feae2e28bb.bundle,自己去跟小峰對質,Say,タイミン･ソウ,20,わかりました。,알겠습니다.
16cb18d2a2b26981a5a165feae2e28bb.bundle,自己去跟小峰對質,Say,タイミン･ソウ,21,ありがとう、シンホン。,"고마워, 신홍."
16cb18d2a2b26981a5a165feae2e28bb.bundle,自己去跟小峰對質,Say,タイミン･ソウ,22,……,……
16cb18d2a2b26981a5a165feae2e28bb.bundle,自己去跟小峰對質,Say,タイミン･ソウ,23,ジェイ、あなたがシンホンにこの件を話してくれてよかったです。,"제이, 당신이 신홍한테 이 일을 말해줘서 다행이에요."
16cb18d2a2b26981a5a165feae2e28bb.bundle,自己去跟小峰對質,Branch,#Simple,8,急にどうしたんですか？,갑자기 왜 그러세요?
16cb18d2a2b26981a5a165feae2e28bb.bundle,自己去跟小峰對質,Branch,#Simple,9,怒られると思っていました。,혼날 줄 알았어요.
16cb18d2a2b26981a5a165feae2e28bb.bundle,自己去跟小峰對質,Say,タイミン･ソウ,24,最初は怒るつもりでしたが……,처음엔 화낼 생각이었지만……
16cb18d2a2b26981a5a165feae2e28bb.bundle,自己去跟小峰對質,Branch,#Simple,10,……,……
16cb18d2a2b26981a5a165feae2e28bb.bundle,自己去跟小峰對質,Say,タイミン･ソウ,25,この件がうやむやにしたら、僕は後々、後悔していたと思います。,"이 건이 흐지부지됐으면, 저는 나중에, 후회했을 거예요."
16cb18d2a2b26981a5a165feae2e28bb.bundle,自己去跟小峰對質,Say,タイミン･ソウ,26,それに、シンホンの最後の言葉……,"게다가, 신홍의 마지막 말……"
16cb18d2a2b26981a5a165feae2e28bb.bundle,自己去跟小峰對質,Say,タイミン･ソウ,27,心がとても楽になりました。,마음이 정말 편해졌어요.
16cb18d2a2b26981a5a165feae2e28bb.bundle,自己去跟小峰對質,Say,タイミン･ソウ,28,……,……
16cb18d2a2b26981a5a165feae2e28bb.bundle,自己去跟小峰對質,Say,タイミン･ソウ,29,これが最善の結果だと思います。,이게 최선의 결과라고 생각해요.
16cb18d2a2b26981a5a165feae2e28bb.bundle,自己去跟小峰對質,Say,タイミン･ソウ,30,ありがとうございます、ジェイ。,"감사합니다, 제이."
16cb18d2a2b26981a5a165feae2e28bb.bundle,自己去跟小峰對質,Say,タイミン･ソウ,31,あなたに借りができましたね。,당신한테 빚을 졌네요.
16cb18d2a2b26981a5a165feae2e28bb.bundle,自己去跟小峰對質,Say,タイミン･ソウ,32,今後、何か力になれることがあれば、声をかけてください。,"앞으로, 뭔가 도움이 될 일이 있으면, 말씀해주세요."
16cb18d2a2b26981a5a165feae2e28bb.bundle,自己去跟小峰對質,Branch,#Simple,11,大したことはしていません。,별거 안 했습니다.
16cb18d2a2b26981a5a165feae2e28bb.bundle,自己去跟小峰對質,Say,タイミン･ソウ,33,あなたがどう思おうとも、借りは借りです。,"당신이 어떻게 생각하든, 빚은 빚이에요."
16cb18d2a2b26981a5a165feae2e28bb.bundle,自己去跟小峰對質,Branch,#Simple,12,今後もよろしくお願いします。,앞으로도 잘 부탁드립니다.
16cb18d2a2b26981a5a165feae2e28bb.bundle,自己去跟小峰對質,Say,タイミン･ソウ,34,はい。,네.
16cb18d2a2b26981a5a165feae2e28bb.bundle,自己去跟小峰對質,Branch,#Simple,13,……,……
16cb18d2a2b26981a5a165feae2e28bb.bundle,自己去跟小峰對質,Say,タイミン･ソウ,35,僕はこれから報告書を書かないといけません。,저는 이제 보고서를 써야 해요.
16cb18d2a2b26981a5a165feae2e28bb.bundle,自己去跟小峰對質,Say,タイミン･ソウ,36,ジェイも仕事に戻ってもらって大丈夫です。,제이도 일하러 돌아가셔도 괜찮아요.
16cb18d2a2b26981a5a165feae2e28bb.bundle,自己去跟小峰對質,Say,タイミン･ソウ,37,では、また後で。,"그럼, 이따 봬요."
16cb18d2a2b26981a5a165feae2e28bb.bundle,結局對話:葉慈恩,Say,ジーン･ヨウ,0,はい、報告は以上です。,"네, 보고는 이상입니다."
16cb18d2a2b26981a5a165feae2e28bb.bundle,結局對話:葉慈恩,Say,ジーン･ヨウ,1,はい、すべて順調です。,"네, 전부 순조롭습니다."
16cb18d2a2b26981a5a165feae2e28bb.bundle,結局對話:葉慈恩,Say,ジーン･ヨウ,2,来週、工場エリアに行くと思います。,"다음 주에, 공장 구역에 갈 것 같습니다."
16cb18d2a2b26981a5a165feae2e28bb.bundle,結局對話:葉慈恩,Say,ジーン･ヨウ,3,はい、また連絡します。,"네, 다시 연락드릴게요."
16cb18d2a2b26981a5a165feae2e28bb.bundle,結局對話:葉慈恩,Say,ジーン･ヨウ,4,では。,그럼.
16cb18d2a2b26981a5a165feae2e28bb.bundle,結局對話:葉慈恩,Say,ジーン･ヨウ,5,……,……
16cb18d2a2b26981a5a165feae2e28bb.bundle,結局對話:葉慈恩,Say,ジーン･ヨウ,6,あら、ジェイ。,"어머, 제이."
16cb18d2a2b26981a5a165feae2e28bb.bundle,結局對話:葉慈恩,Say,心の声,0,上機嫌みたいだな……,기분이 좋아 보이네……
16cb18d2a2b26981a5a165feae2e28bb.bundle,結局對話:葉慈恩,Branch,#Simple,0,どうも。,안녕하세요.
16cb18d2a2b26981a5a165feae2e28bb.bundle,結局對話:葉慈恩,Branch,#Simple,1,機嫌が良さそうですね。,기분이 좋아 보이시네요.
16cb18d2a2b26981a5a165feae2e28bb.bundle,結局對話:葉慈恩,Say,ジーン･ヨウ,7,え？そうかな？,어? 그런가?
16cb18d2a2b26981a5a165feae2e28bb.bundle,結局對話:葉慈恩,Say,ジーン･ヨウ,8,まあ、ちょっとね、フフッ。,"뭐, 조금은, 후훗."
16cb18d2a2b26981a5a165feae2e28bb.bundle,結局對話:葉慈恩,Branch,#Simple,2,……,……
16cb18d2a2b26981a5a165feae2e28bb.bundle,結局對話:葉慈恩,Say,ジーン･ヨウ,9,今日は皆、よく頑張ったね。,"오늘 다들, 잘 애썼어."
16cb18d2a2b26981a5a165feae2e28bb.bundle,結局對話:葉慈恩,Say,ジーン･ヨウ,10,かなり慌ただしい一日だったけど……,꽤 정신없는 하루였지만……
16cb18d2a2b26981a5a165feae2e28bb.bundle,結局對話:葉慈恩,Say,ジーン･ヨウ,11,結果は良いとは言えないけど、皆よく頑張ったと思う。,"결과는 좋다고는 할 수 없지만, 다들 잘했다고 생각해."
16cb18d2a2b26981a5a165feae2e28bb.bundle,結局對話:葉慈恩,Say,ジーン･ヨウ,12,……,……
16cb18d2a2b26981a5a165feae2e28bb.bundle,結局對話:葉慈恩,Say,ジーン･ヨウ,13,正直な話、ここの閉鎖はそんなに悪いことではないと思う。毎日たくさんの人が苦しんでいるしね……,"솔직히 말하면, 여기 폐쇄되는 게 그렇게 나쁜 일은 아니라고 생각해. 매일 많은 사람이 고통받고 있으니까……"
16cb18d2a2b26981a5a165feae2e28bb.bundle,結局對話:葉慈恩,Branch,#Simple,3,あなたも工場閉鎖派なんですか？,당신도 공장 폐쇄파예요?
16cb18d2a2b26981a5a165feae2e28bb.bundle,結局對話:葉慈恩,Say,心の声,1,ジーンが動揺している。,진이 동요하고 있다.
16cb18d2a2b26981a5a165feae2e28bb.bundle,結局對話:葉慈恩,Say,ジーン･ヨウ,14,……,……
16cb18d2a2b26981a5a165feae2e28bb.bundle,結局對話:葉慈恩,Say,ジーン･ヨウ,15,選別組の皆には申し訳ないけど……,선별조 사람들한테는 미안하지만……
16cb18d2a2b26981a5a165feae2e28bb.bundle,結局對話:葉慈恩,Say,ジーン･ヨウ,16,私はここを閉鎖させるべきだと思っている。,나는 여기를 폐쇄시켜야 한다고 생각해.
16cb18d2a2b26981a5a165feae2e28bb.bundle,結局對話:葉慈恩,Say,心の声,2,真剣な表情だ……,진지한 표정이다……
16cb18d2a2b26981a5a165feae2e28bb.bundle,結局對話:葉慈恩,Say,ジーン･ヨウ,17,演算力供給は非人道的だわ。,연산력 공급은 비인도적이야.
16cb18d2a2b26981a5a165feae2e28bb.bundle,結局對話:葉慈恩,Say,ジーン･ヨウ,18,ジェイもセラーを見たでしょう。,제이도 셀러를 봤잖아.
16cb18d2a2b26981a5a165feae2e28bb.bundle,結局對話:葉慈恩,Say,ジーン･ヨウ,19,選別組の皆は、あれを見たことがないのよ。,"선별조 사람들은, 그걸 본 적이 없어."
16cb18d2a2b26981a5a165feae2e28bb.bundle,結局對話:葉慈恩,Say,ジーン･ヨウ,20,一度でもあれを見たら、自分の家族や友人をセラーに送り出そうとは思わないはずよ。,"한 번이라도 그걸 보면, 자기 가족이나 친구를 셀러에 보내려는 생각은 안 할 거야."
16cb18d2a2b26981a5a165feae2e28bb.bundle,結局對話:葉慈恩,Branch,#Simple,4,でも彼らには働き口が必要です。,근데 그 사람들한테는 일자리가 필요해요.
16cb18d2a2b26981a5a165feae2e28bb.bundle,結局對話:葉慈恩,Say,ジーン･ヨウ,21,そうね、でもそれはこの国の問題よ。,"그렇지, 근데 그건 이 나라의 문제야."
16cb18d2a2b26981a5a165feae2e28bb.bundle,結局對話:葉慈恩,Say,ジーン･ヨウ,22,こんな形で解決すべきではない。,이런 식으로 해결하면 안 되지.
16cb18d2a2b26981a5a165feae2e28bb.bundle,結局對話:葉慈恩,Branch,#Simple,5,確かに、この業界自体が非人道ですね。,"확실히, 이 업계 자체가 비인도적이네요."
16cb18d2a2b26981a5a165feae2e28bb.bundle,結局對話:葉慈恩,Say,ジーン･ヨウ,23,新人なのに、そこまで理解してるなんて素晴らしいわ。,"신입인데, 그렇게까지 이해하고 있다니 훌륭하네."
16cb18d2a2b26981a5a165feae2e28bb.bundle,結局對話:葉慈恩,Say,ジーン･ヨウ,24,でも工場が閉鎖されれば、あなたもここにはいられなくなる。,"근데 공장이 폐쇄되면, 너도 여기 있을 수 없게 되잖아."
16cb18d2a2b26981a5a165feae2e28bb.bundle,結局對話:葉慈恩,Branch,#Simple,6,……,……
16cb18d2a2b26981a5a165feae2e28bb.bundle,結局對話:葉慈恩,Say,ジーン･ヨウ,25,話が逸れちゃったわね！,얘기가 딴 데로 샜네!
16cb18d2a2b26981a5a165feae2e28bb.bundle,結局對話:葉慈恩,Say,ジーン･ヨウ,26,結果はどうであれ、皆よく頑張ったわ！,"결과가 어쨌든, 다들 잘했어!"
16cb18d2a2b26981a5a165feae2e28bb.bundle,結局對話:葉慈恩,Say,ジーン･ヨウ,27,まだ電話しなきゃいけないから、またね、ジェイ。,"아직 전화해야 하니까, 또 봐, 제이."
16cb18d2a2b26981a5a165feae2e28bb.bundle,結局對話:葉慈恩,Say,ジーン･ヨウ,28,状況はあまり良くないです……,상황이 별로 안 좋아요……
16cb18d2a2b26981a5a165feae2e28bb.bundle,結局對話:葉慈恩,Say,ジーン･ヨウ,29,はい、わかりました。,"네, 알겠습니다."
16cb18d2a2b26981a5a165feae2e28bb.bundle,結局對話:葉慈恩,Say,ジーン･ヨウ,30,来週、工場エリアに行くと思います。,"다음 주에, 공장 구역에 갈 것 같습니다."
16cb18d2a2b26981a5a165feae2e28bb.bundle,結局對話:葉慈恩,Say,ジーン･ヨウ,31,はい、また連絡します。,"네, 다시 연락드릴게요."
16cb18d2a2b26981a5a165feae2e28bb.bundle,結局對話:葉慈恩,Say,ジーン･ヨウ,32,では、失礼します。,"그럼, 실례하겠습니다."
16cb18d2a2b26981a5a165feae2e28bb.bundle,結局對話:葉慈恩,Say,ジーン･ヨウ,33,……,……
16cb18d2a2b26981a5a165feae2e28bb.bundle,結局對話:葉慈恩,Say,ジーン･ヨウ,34,あら、ジェイ……,"어머, 제이……"
16cb18d2a2b26981a5a165feae2e28bb.bundle,結局對話:葉慈恩,Say,心の声,3,かなり落ち込んでるようだ……,꽤 풀 죽어 보인다……
16cb18d2a2b26981a5a165feae2e28bb.bundle,結局對話:葉慈恩,Branch,#Simple,7,どうも。,안녕하세요.
16cb18d2a2b26981a5a165feae2e28bb.bundle,結局對話:葉慈恩,Branch,#Simple,8,落ち込んでいるんですか？,풀 죽으셨어요?
16cb18d2a2b26981a5a165feae2e28bb.bundle,結局對話:葉慈恩,Say,ジーン･ヨウ,35,……そう見える？,……그렇게 보여?
16cb18d2a2b26981a5a165feae2e28bb.bundle,結局對話:葉慈恩,Say,ジーン･ヨウ,36,そんなつもりないのだけど。,그럴 생각은 없었는데.
16cb18d2a2b26981a5a165feae2e28bb.bundle,結局對話:葉慈恩,Branch,#Simple,9,……,……
16cb18d2a2b26981a5a165feae2e28bb.bundle,結局對話:葉慈恩,Say,ジーン･ヨウ,37,今日は皆、よく頑張ったね。,"오늘 다들, 잘 애썼어."
16cb18d2a2b26981a5a165feae2e28bb.bundle,結局對話:葉慈恩,Say,ジーン･ヨウ,38,かなり慌ただしい一日だったけど……,꽤 정신없는 하루였지만……
16cb18d2a2b26981a5a165feae2e28bb.bundle,結局對話:葉慈恩,Say,ジーン･ヨウ,39,サイレントを守れてよかったわね。,사일런트를 지켜서 다행이네.
16cb18d2a2b26981a5a165feae2e28bb.bundle,結局對話:葉慈恩,Say,心の声,4,不満げに聞こえる……,불만스럽게 들린다……
16cb18d2a2b26981a5a165feae2e28bb.bundle,結局對話:葉慈恩,Say,ジーン･ヨウ,40,……,……
16cb18d2a2b26981a5a165feae2e28bb.bundle,結局對話:葉慈恩,Say,ジーン･ヨウ,41,……まさか上層部がサイレントの存続に傾くなんて……,……설마 상층부가 사일런트 존속 쪽으로 기울 줄이야……
16cb18d2a2b26981a5a165feae2e28bb.bundle,結局對話:葉慈恩,Say,ジーン･ヨウ,42,今後もたくさんの人が苦しむことになる……,앞으로도 많은 사람이 고통받게 되겠지……
16cb18d2a2b26981a5a165feae2e28bb.bundle,結局對話:葉慈恩,Branch,#Simple,10,あなたは工場閉鎖に賛成なんですか？,당신은 공장 폐쇄에 찬성이에요?
16cb18d2a2b26981a5a165feae2e28bb.bundle,結局對話:葉慈恩,Say,心の声,5,ジーンが動揺している。,진이 동요하고 있다.
16cb18d2a2b26981a5a165feae2e28bb.bundle,結局對話:葉慈恩,Say,ジーン･ヨウ,43,……,……
16cb18d2a2b26981a5a165feae2e28bb.bundle,結局對話:葉慈恩,Say,ジーン･ヨウ,44,選別組の皆には申し訳ないけど……,선별조 사람들한테는 미안하지만……
16cb18d2a2b26981a5a165feae2e28bb.bundle,結局對話:葉慈恩,Say,ジーン･ヨウ,45,私はここを閉鎖させるべきだと思っている。,나는 여기를 폐쇄시켜야 한다고 생각해.
16cb18d2a2b26981a5a165feae2e28bb.bundle,結局對話:葉慈恩,Say,心の声,6,真剣な表情だ……,진지한 표정이다……
16cb18d2a2b26981a5a165feae2e28bb.bundle,結局對話:葉慈恩,Say,ジーン･ヨウ,46,演算力供給は非人道的だわ。,연산력 공급은 비인도적이야.
16cb18d2a2b26981a5a165feae2e28bb.bundle,結局對話:葉慈恩,Say,ジーン･ヨウ,47,ジェイもセラーを見たでしょう。,제이도 셀러를 봤잖아.
16cb18d2a2b26981a5a165feae2e28bb.bundle,結局對話:葉慈恩,Say,ジーン･ヨウ,48,選別組の皆は、あれを見たことがないのよ。,"선별조 사람들은, 그걸 본 적이 없어."
16cb18d2a2b26981a5a165feae2e28bb.bundle,結局對話:葉慈恩,Say,ジーン･ヨウ,49,一度でもあれを見たら、自分の家族や友人をセラーに送り出そうとは思わないはずよ。,"한 번이라도 그걸 보면, 자기 가족이나 친구를 셀러에 보내려는 생각은 안 할 거야."
16cb18d2a2b26981a5a165feae2e28bb.bundle,結局對話:葉慈恩,Branch,#Simple,11,でも彼らには働き口が必要です。,근데 그 사람들한테는 일자리가 필요해요.
16cb18d2a2b26981a5a165feae2e28bb.bundle,結局對話:葉慈恩,Say,ジーン･ヨウ,50,そうね、でもそれはこの国の問題よ。,"그렇지, 근데 그건 이 나라의 문제야."
16cb18d2a2b26981a5a165feae2e28bb.bundle,結局對話:葉慈恩,Say,ジーン･ヨウ,51,こんな形で解決すべきではない。,이런 식으로 해결하면 안 되지.
16cb18d2a2b26981a5a165feae2e28bb.bundle,結局對話:葉慈恩,Branch,#Simple,12,確かに、この業界自体が非人道ですね。,"확실히, 이 업계 자체가 비인도적이네요."
16cb18d2a2b26981a5a165feae2e28bb.bundle,結局對話:葉慈恩,Say,ジーン･ヨウ,52,新人なのに、そこまで理解してるなんて素晴らしいわ。,"신입인데, 그렇게까지 이해하고 있다니 훌륭하네."
16cb18d2a2b26981a5a165feae2e28bb.bundle,結局對話:葉慈恩,Branch,#Simple,13,……,……
16cb18d2a2b26981a5a165feae2e28bb.bundle,結局對話:葉慈恩,Say,ジーン･ヨウ,53,ごめんなさい、話が逸れたみたいね。,"미안해, 얘기가 딴 데로 샌 것 같네."
16cb18d2a2b26981a5a165feae2e28bb.bundle,結局對話:葉慈恩,Say,ジーン･ヨウ,54,まだ電話しなきゃいけないから、またね、ジェイ。,"아직 전화해야 하니까, 또 봐, 제이."
16cb18d2a2b26981a5a165feae2e28bb.bundle,倒地實驗員對談,Say,シキ・カ,0,待って……,기다려……
16cb18d2a2b26981a5a165feae2e28bb.bundle,倒地實驗員對談,Say,シキ・カ,1,と、止まって……,"머, 멈춰……"
16cb18d2a2b26981a5a165feae2e28bb.bundle,倒地實驗員對談,Say,心の声,0,ここの研究員か……,여기 연구원인가……
16cb18d2a2b26981a5a165feae2e28bb.bundle,倒地實驗員對談,Branch,#Simple,0,誰だ？,누구야?
16cb18d2a2b26981a5a165feae2e28bb.bundle,倒地實驗員對談,Branch,#Simple,1,大人しく寝てろ。,얌전히 누워 있어.
16cb18d2a2b26981a5a165feae2e28bb.bundle,倒地實驗員對談,Branch,#Simple,2,……,……
16cb18d2a2b26981a5a165feae2e28bb.bundle,倒地實驗員對談,Say,シキ・カ,2,……,……
16cb18d2a2b26981a5a165feae2e28bb.bundle,倒地實驗員對談,Say,シキ・カ,3,ここを……破壊する気でしょう？,여기를……부술 생각이지?
16cb18d2a2b26981a5a165feae2e28bb.bundle,倒地實驗員對談,Branch,#Simple,3,ああ。,그래.
16cb18d2a2b26981a5a165feae2e28bb.bundle,倒地實驗員對談,Branch,#Simple,4,だからなんだ？,그래서 뭐?
16cb18d2a2b26981a5a165feae2e28bb.bundle,倒地實驗員對談,Branch,#Simple,5,……,……
16cb18d2a2b26981a5a165feae2e28bb.bundle,倒地實驗員對談,Say,シキ・カ,4,お願い……早まらないで……,제발……성급하게 굴지 마……
16cb18d2a2b26981a5a165feae2e28bb.bundle,倒地實驗員對談,Say,シキ・カ,5,私たちの研究を初めて見たあなたが……,우리 연구를 처음 본 당신이……
16cb18d2a2b26981a5a165feae2e28bb.bundle,倒地實驗員對談,Say,シキ・カ,6,ショックを受けるは……理解できる……,충격받는 건……이해해……
16cb18d2a2b26981a5a165feae2e28bb.bundle,倒地實驗員對談,Say,シキ・カ,7,私も最初はそうだったから……,나도 처음엔 그랬으니까……
16cb18d2a2b26981a5a165feae2e28bb.bundle,倒地實驗員對談,Say,シキ・カ,8,でもいつかは……,하지만 언젠가는……
16cb18d2a2b26981a5a165feae2e28bb.bundle,倒地實驗員對談,Say,シキ・カ,9,自ずと受け入れられる……,저절로 받아들이게 돼……
16cb18d2a2b26981a5a165feae2e28bb.bundle,倒地實驗員對談,Say,心の声,1,そろそろ気を失いそうだ……,슬슬 정신을 잃을 것 같아……
16cb18d2a2b26981a5a165feae2e28bb.bundle,倒地實驗員對談,Branch,#Simple,6,いくら時間が経とうと、間違っていることに変わりない。,"아무리 시간이 지나도, 잘못됐다는 건 변하지 않아."
16cb18d2a2b26981a5a165feae2e28bb.bundle,倒地實驗員對談,Branch,#Simple,7,それはあんたが悪に慣れただけだ。,그건 당신이 그냥 악에 익숙해진 것뿐이야.
16cb18d2a2b26981a5a165feae2e28bb.bundle,倒地實驗員對談,Say,シキ・カ,10,……,……
16cb18d2a2b26981a5a165feae2e28bb.bundle,倒地實驗員對談,Say,シキ・カ,11,私は……,나는……
16cb18d2a2b26981a5a165feae2e28bb.bundle,倒地實驗員對談,Branch,#Simple,8,俺はすでに受け入れている。,나는 이미 받아들였어.
16cb18d2a2b26981a5a165feae2e28bb.bundle,倒地實驗員對談,Say,シキ・カ,12,……,……
16cb18d2a2b26981a5a165feae2e28bb.bundle,倒地實驗員對談,Say,シキ・カ,13,え？じゃ、何で……？,"어? 그럼, 왜……?"
16cb18d2a2b26981a5a165feae2e28bb.bundle,倒地實驗員對談,Say,シキ・カ,14,周りの人たちに合わせているの……？,주위 사람들한테 맞추고 있는 거야……?
16cb18d2a2b26981a5a165feae2e28bb.bundle,倒地實驗員對談,Say,シキ・カ,15,そんなの馬鹿げている……あなたと私は同じ考えを持っているのに……,그런 건 말도 안 돼……당신이랑 나는 같은 생각을 갖고 있는데……
16cb18d2a2b26981a5a165feae2e28bb.bundle,倒地實驗員對談,Say,シキ・カ,16,……,……
16cb18d2a2b26981a5a165feae2e28bb.bundle,倒地實驗員對談,Say,シキ・カ,17,この扉の先にあるのは、たくさんの人たちの努力の結晶よ……,"이 문 너머에 있는 건, 수많은 사람들의 노력의 결정체야……"
16cb18d2a2b26981a5a165feae2e28bb.bundle,倒地實驗員對談,Say,シキ・カ,18,……,……
16cb18d2a2b26981a5a165feae2e28bb.bundle,倒地實驗員對談,Say,シキ・カ,19,あなたたちだけでは……,당신들만으로는……
16cb18d2a2b26981a5a165feae2e28bb.bundle,倒地實驗員對談,Say,シキ・カ,20,止められない……,막을 수 없어……
16cb18d2a2b26981a5a165feae2e28bb.bundle,倒地實驗員對談,Say,シキ・カ,21,絶対に……,절대로……
16cb18d2a2b26981a5a165feae2e28bb.bundle,倒地實驗員對談,Say,シキ・カ,22,すぐ……理解することになる……,곧……이해하게 될 거야……
16cb18d2a2b26981a5a165feae2e28bb.bundle,倒地實驗員對談,Say,心の声,2,気を失ったか……,정신을 잃었나……
