bundle_file,node,type,role,say_index,japanese,korean
scene_day3_scenes_fab_day3_logic_6346ee10c065ccc051a489a1ecff7695.bundle,剛到工廠啊偉打電話來聯絡,Say,イー･テイ,0,ジェイ、工場に着いた？,"제이, 공장에 도착했어?"
scene_day3_scenes_fab_day3_logic_6346ee10c065ccc051a489a1ecff7695.bundle,剛到工廠啊偉打電話來聯絡,Branch,#Simple,0,はい。,네.
scene_day3_scenes_fab_day3_logic_6346ee10c065ccc051a489a1ecff7695.bundle,剛到工廠啊偉打電話來聯絡,Say,イー･テイ,1,わかった。,알았어.
scene_day3_scenes_fab_day3_logic_6346ee10c065ccc051a489a1ecff7695.bundle,剛到工廠啊偉打電話來聯絡,Branch,#Simple,1,どうしてそれを？,그걸 어떻게?
scene_day3_scenes_fab_day3_logic_6346ee10c065ccc051a489a1ecff7695.bundle,剛到工廠啊偉打電話來聯絡,Say,イー･テイ,2,ああ、そろそろかなと思って。,"아, 슬슬 도착할 때가 됐나 싶어서."
scene_day3_scenes_fab_day3_logic_6346ee10c065ccc051a489a1ecff7695.bundle,剛到工廠啊偉打電話來聯絡,Say,イー･テイ,3,まずは契約室に行ってくれる？シュン･ゴが待ってるから。,먼저 계약실로 가줄래? 슌 고가 기다리고 있으니까.
scene_day3_scenes_fab_day3_logic_6346ee10c065ccc051a489a1ecff7695.bundle,剛到工廠啊偉打電話來聯絡,Say,イー･テイ,4,契約室にいるから来てもらっていいかな？ハン･リュウと契約した部屋ね。,계약실에 있으니까 와줄 수 있을까? 한류랑 계약했던 그 방이야.
scene_day3_scenes_fab_day3_logic_6346ee10c065ccc051a489a1ecff7695.bundle,剛到工廠啊偉打電話來聯絡,Say,イー･テイ,5,制服に着替えるのを忘れないでね。,제복으로 갈아입는 거 잊지 말고.
scene_day3_scenes_fab_day3_logic_6346ee10c065ccc051a489a1ecff7695.bundle,剛到工廠啊偉打電話來聯絡,Branch,#Simple,2,何かあったんですか？,무슨 일 있었어요?
scene_day3_scenes_fab_day3_logic_6346ee10c065ccc051a489a1ecff7695.bundle,剛到工廠啊偉打電話來聯絡,Branch,#Simple,3,今すぐにですか？,지금 바로요?
scene_day3_scenes_fab_day3_logic_6346ee10c065ccc051a489a1ecff7695.bundle,剛到工廠啊偉打電話來聯絡,Branch,#Simple,4,……,……
scene_day3_scenes_fab_day3_logic_6346ee10c065ccc051a489a1ecff7695.bundle,剛到工廠啊偉打電話來聯絡,Say,イー･テイ,6,じゃ、よろしく。,"그럼, 잘 부탁해."
scene_day3_scenes_fab_day3_logic_6346ee10c065ccc051a489a1ecff7695.bundle,剛到工廠啊偉打電話來聯絡,Say,心の声,0,切られた……,끊겼다……
scene_day3_scenes_fab_day3_logic_6346ee10c065ccc051a489a1ecff7695.bundle,剛到工廠啊偉打電話來聯絡,Say,心の声,1,一体何のようだ？俺の不採用を伝えるためとか？,대체 무슨 일이지? 내 채용 탈락을 알리려는 건가?
scene_day3_scenes_fab_day3_logic_6346ee10c065ccc051a489a1ecff7695.bundle,換完衣服司徒來了,Say,スイ･ニン,0,ジェイ、聞こえる？,"제이, 들려?"
scene_day3_scenes_fab_day3_logic_6346ee10c065ccc051a489a1ecff7695.bundle,換完衣服司徒來了,Branch,#Simple,0,スイ･ニン？,스이 닌?
scene_day3_scenes_fab_day3_logic_6346ee10c065ccc051a489a1ecff7695.bundle,換完衣服司徒來了,Say,スイ･ニン,1,そうだ。,맞아.
scene_day3_scenes_fab_day3_logic_6346ee10c065ccc051a489a1ecff7695.bundle,換完衣服司徒來了,Branch,#Simple,1,聞こえる。,들려.
scene_day3_scenes_fab_day3_logic_6346ee10c065ccc051a489a1ecff7695.bundle,換完衣服司徒來了,Say,スイ･ニン,2,よし。,좋아.
scene_day3_scenes_fab_day3_logic_6346ee10c065ccc051a489a1ecff7695.bundle,換完衣服司徒來了,Say,スイ･ニン,3,通信機は問題ないようだな。,통신기는 문제없는 것 같군.
scene_day3_scenes_fab_day3_logic_6346ee10c065ccc051a489a1ecff7695.bundle,換完衣服司徒來了,Branch,#Simple,2,用事は終わったのか？,볼일은 끝났나?
scene_day3_scenes_fab_day3_logic_6346ee10c065ccc051a489a1ecff7695.bundle,換完衣服司徒來了,Say,スイ･ニン,4,ああ。,아.
scene_day3_scenes_fab_day3_logic_6346ee10c065ccc051a489a1ecff7695.bundle,換完衣服司徒來了,Say,23,0,終わらないでしょ。レポートがあるし！それにあんたは……,안 끝나지. 보고서도 있고! 게다가 당신은……
scene_day3_scenes_fab_day3_logic_6346ee10c065ccc051a489a1ecff7695.bundle,換完衣服司徒來了,Branch,#Simple,3,……,……
scene_day3_scenes_fab_day3_logic_6346ee10c065ccc051a489a1ecff7695.bundle,換完衣服司徒來了,Say,スイ･ニン,5,私たちはもうアジトに戻っている。リュウセイも今工場へ向かった。,우리는 이미 아지트로 돌아와 있다. 류세이도 지금 공장으로 향했다.
scene_day3_scenes_fab_day3_logic_6346ee10c065ccc051a489a1ecff7695.bundle,換完衣服司徒來了,Say,スイ･ニン,6,そっちの状況は？,그쪽 상황은?
scene_day3_scenes_fab_day3_logic_6346ee10c065ccc051a489a1ecff7695.bundle,換完衣服司徒來了,Branch,#Simple,4,選別組のチーフに呼び出された。,선별조 팀장한테 불려갔다.
scene_day3_scenes_fab_day3_logic_6346ee10c065ccc051a489a1ecff7695.bundle,換完衣服司徒來了,Branch,#Simple,5,制服に着替えたところだ。これから仕事をしに向かう。,제복으로 막 갈아입은 참이다. 이제부터 일하러 갈 거다.
scene_day3_scenes_fab_day3_logic_6346ee10c065ccc051a489a1ecff7695.bundle,換完衣服司徒來了,Say,スイ･ニン,7,了解。,알겠습니다.
scene_day3_scenes_fab_day3_logic_6346ee10c065ccc051a489a1ecff7695.bundle,換完衣服司徒來了,Say,スイ･ニン,8,確か今日君は配属が決まる日だったね。,확실히 오늘 네 배치가 정해지는 날이었지.
scene_day3_scenes_fab_day3_logic_6346ee10c065ccc051a489a1ecff7695.bundle,換完衣服司徒來了,Branch,#Simple,6,そうだ。,맞습니다.
scene_day3_scenes_fab_day3_logic_6346ee10c065ccc051a489a1ecff7695.bundle,換完衣服司徒來了,Say,スイ･ニン,9,了解。,알겠습니다.
scene_day3_scenes_fab_day3_logic_6346ee10c065ccc051a489a1ecff7695.bundle,換完衣服司徒來了,Branch,#Simple,7,どうしてそれを？,그걸 어떻게?
scene_day3_scenes_fab_day3_logic_6346ee10c065ccc051a489a1ecff7695.bundle,換完衣服司徒來了,Say,スイ･ニン,10,リン･テイから聞いた。,린 테이한테 들었다.
scene_day3_scenes_fab_day3_logic_6346ee10c065ccc051a489a1ecff7695.bundle,換完衣服司徒來了,Say,スイ･ニン,11,そうだな……,그러게……
scene_day3_scenes_fab_day3_logic_6346ee10c065ccc051a489a1ecff7695.bundle,換完衣服司徒來了,Say,スイ･ニン,12,配属された組によって、調査の仕方が変わってくるはずだ。,"배치된 조에 따라, 조사 방식이 달라질 거다."
scene_day3_scenes_fab_day3_logic_6346ee10c065ccc051a489a1ecff7695.bundle,換完衣服司徒來了,Branch,#Simple,8,どっちの組を選んだ方が調査しやすいとかあるのか？,어느 조를 선택하는 게 조사하기 쉽다든가 하는 게 있나?
scene_day3_scenes_fab_day3_logic_6346ee10c065ccc051a489a1ecff7695.bundle,換完衣服司徒來了,Say,スイ･ニン,13,いや、どっちでも大丈夫。,"아니, 어느 쪽이든 괜찮다."
scene_day3_scenes_fab_day3_logic_6346ee10c065ccc051a489a1ecff7695.bundle,換完衣服司徒來了,Say,スイ･ニン,14,それに、この件が終わっても君は引き続きサイレントで働くわけだし、自分で判断すべきだ。,"게다가, 이 일이 끝나도 너는 계속 사일런트에서 일할 거고, 스스로 판단해야 한다."
scene_day3_scenes_fab_day3_logic_6346ee10c065ccc051a489a1ecff7695.bundle,換完衣服司徒來了,Branch,#Simple,9,わかった。,알았어.
scene_day3_scenes_fab_day3_logic_6346ee10c065ccc051a489a1ecff7695.bundle,換完衣服司徒來了,Branch,#Simple,10,……,……
scene_day3_scenes_fab_day3_logic_6346ee10c065ccc051a489a1ecff7695.bundle,換完衣服司徒來了,Say,スイ･ニン,15,ではまた後で連絡する。私は他の任務があるから少し席を外す。,그럼 나중에 다시 연락하지. 나는 다른 임무가 있으니까 잠깐 자리를 비운다.
scene_day3_scenes_fab_day3_logic_6346ee10c065ccc051a489a1ecff7695.bundle,換完衣服司徒來了,Say,スイ･ニン,16,23号はアジトにいるから、連絡は取れるはずだ。,"23호는 아지트에 있으니까, 연락은 가능할 거다."
scene_day3_scenes_fab_day3_logic_6346ee10c065ccc051a489a1ecff7695.bundle,換完衣服司徒來了,Say,23,1,おトイレの時はミュートするし、返事もしないからね。,"화장실 갈 땐 음소거할 거고, 대답도 안 할 거니까."
scene_day3_scenes_fab_day3_logic_6346ee10c065ccc051a489a1ecff7695.bundle,換完衣服司徒來了,Branch,#Simple,11,俺がトイレに行くときは？,내가 화장실 갈 때는?
scene_day3_scenes_fab_day3_logic_6346ee10c065ccc051a489a1ecff7695.bundle,換完衣服司徒來了,Say,23,2,ハハハ！こっちがちゃんとミュートするからご心配なく！,하하하! 이쪽에서 제대로 음소거할 테니까 걱정 마!
scene_day3_scenes_fab_day3_logic_6346ee10c065ccc051a489a1ecff7695.bundle,換完衣服司徒來了,Say,心の声,0,そうだな……,그러게……
scene_day3_scenes_fab_day3_logic_6346ee10c065ccc051a489a1ecff7695.bundle,換完衣服司徒來了,Branch,#Simple,12,……,……
scene_day3_scenes_fab_day3_logic_6346ee10c065ccc051a489a1ecff7695.bundle,換完衣服司徒來了,Say,スイ･ニン,17,リュウセイがサイレントに着いたら、彼から連絡がくるはずだ。,"류세이가 사일런트에 도착하면, 그쪽에서 연락이 올 거다."
scene_day3_scenes_fab_day3_logic_6346ee10c065ccc051a489a1ecff7695.bundle,換完衣服司徒來了,Say,スイ･ニン,18,彼が来たら作戦を開始してくれ。,그가 오면 작전을 개시해줘.
scene_day3_scenes_fab_day3_logic_6346ee10c065ccc051a489a1ecff7695.bundle,換完衣服司徒來了,Say,スイ･ニン,19,以上だ。,이상이다.
scene_day3_scenes_fab_day3_logic_6346ee10c065ccc051a489a1ecff7695.bundle,簽約室定操作還篩選,Say,心の声,0,かなり重々しい空気だ……,꽤 무거운 분위기네……
scene_day3_scenes_fab_day3_logic_6346ee10c065ccc051a489a1ecff7695.bundle,簽約室定操作還篩選,Say,イー･テイ,0,これから何をするか、もうわかってるよね？,"이제 뭘 할지, 이미 알고 있지?"
scene_day3_scenes_fab_day3_logic_6346ee10c065ccc051a489a1ecff7695.bundle,簽約室定操作還篩選,Branch,#Simple,0,俺は不採用でしたか？,저 채용 안 된 건가요?
scene_day3_scenes_fab_day3_logic_6346ee10c065ccc051a489a1ecff7695.bundle,簽約室定操作還篩選,Say,イー･テイ,1,そんなことないよ！どうしてそう思ったの！？,그런 거 아니야! 왜 그렇게 생각한 거야!?
scene_day3_scenes_fab_day3_logic_6346ee10c065ccc051a489a1ecff7695.bundle,簽約室定操作還篩選,Branch,#Simple,1,重々しい空気だったので……,분위기가 너무 무거워서요……
scene_day3_scenes_fab_day3_logic_6346ee10c065ccc051a489a1ecff7695.bundle,簽約室定操作還篩選,Say,イー･テイ,2,えっ、そうかな……,"어, 그런가……"
scene_day3_scenes_fab_day3_logic_6346ee10c065ccc051a489a1ecff7695.bundle,簽約室定操作還篩選,Say,イー･テイ,3,とりあえず不採用じゃないよ。,일단 불합격은 아니야.
scene_day3_scenes_fab_day3_logic_6346ee10c065ccc051a489a1ecff7695.bundle,簽約室定操作還篩選,Branch,#Simple,2,冗談を言ってみただけです。,그냥 농담해본 거예요.
scene_day3_scenes_fab_day3_logic_6346ee10c065ccc051a489a1ecff7695.bundle,簽約室定操作還篩選,Say,イー･テイ,4,自分のキャリアの合否に冗談とは肝が据わってるね……ハハ……,자기 커리어 합격 여부로 농담을 하다니 배짱이 두둑하네……하하……
scene_day3_scenes_fab_day3_logic_6346ee10c065ccc051a489a1ecff7695.bundle,簽約室定操作還篩選,Branch,#Simple,3,じゃ、何の用ですか？,"그럼, 무슨 일이시죠?"
scene_day3_scenes_fab_day3_logic_6346ee10c065ccc051a489a1ecff7695.bundle,簽約室定操作還篩選,Branch,#Simple,4,どこの組に配属されるかを決めるためですか？,어느 조로 배치될지 정하려는 건가요?
scene_day3_scenes_fab_day3_logic_6346ee10c065ccc051a489a1ecff7695.bundle,簽約室定操作還篩選,Say,イー･テイ,5,そうだ。,맞아.
scene_day3_scenes_fab_day3_logic_6346ee10c065ccc051a489a1ecff7695.bundle,簽約室定操作還篩選,Branch,#Simple,5,わかりません。,모르겠어요.
scene_day3_scenes_fab_day3_logic_6346ee10c065ccc051a489a1ecff7695.bundle,簽約室定操作還篩選,Say,イー･テイ,6,君が選別組と操作組、どちらに行くかを決める。,"네가 선별조랑 조작조, 어디로 갈지 정하는 거야."
scene_day3_scenes_fab_day3_logic_6346ee10c065ccc051a489a1ecff7695.bundle,簽約室定操作還篩選,Say,イー･テイ,7,正しくは君に決めてもらうんだけどね。,정확히는 네가 정하는 거지만.
scene_day3_scenes_fab_day3_logic_6346ee10c065ccc051a489a1ecff7695.bundle,簽約室定操作還篩選,Say,シュン･ゴ,0,そうだ。,맞아.
scene_day3_scenes_fab_day3_logic_6346ee10c065ccc051a489a1ecff7695.bundle,簽約室定操作還篩選,Say,イー･テイ,8,この数日間でいろんな事が起きたけど、二日間の研修は一応終わったからね。,"요 며칠 사이 여러 일이 있었지만, 이틀간의 연수는 일단 끝났으니까."
scene_day3_scenes_fab_day3_logic_6346ee10c065ccc051a489a1ecff7695.bundle,簽約室定操作還篩選,Say,イー･テイ,9,本題に入る前に、まずはこの工場について話したい。,"본론에 들어가기 전에, 먼저 이 공장에 대해 얘기하고 싶어."
scene_day3_scenes_fab_day3_logic_6346ee10c065ccc051a489a1ecff7695.bundle,簽約室定操作還篩選,Say,イー･テイ,10,まずイファマネージャーだけど、少しトラブルがあったようで、当分は会社に来られないそうだ。,"우선 이화 매니저인데, 약간 문제가 있었던 것 같아서, 당분간 회사에 못 나온다더라."
scene_day3_scenes_fab_day3_logic_6346ee10c065ccc051a489a1ecff7695.bundle,簽約室定操作還篩選,Say,心の声,1,当分ではなく、永遠に来られないだろうな……,"당분간이 아니라, 영원히 못 오겠지……"
scene_day3_scenes_fab_day3_logic_6346ee10c065ccc051a489a1ecff7695.bundle,簽約室定操作還篩選,Say,心の声,2,この二人はイファ･ヨウについて、どれくらい知らされているのだろうか……,"이 두 사람은 이화 요에 대해, 얼마나 전해 들었을까……"
scene_day3_scenes_fab_day3_logic_6346ee10c065ccc051a489a1ecff7695.bundle,簽約室定操作還篩選,Say,イー･テイ,11,現在サイレントは会社の規定により、各組のチーフが管理している。,"현재 사일런트는 회사 규정에 따라, 각 조의 팀장이 관리하고 있어."
scene_day3_scenes_fab_day3_logic_6346ee10c065ccc051a489a1ecff7695.bundle,簽約室定操作還篩選,Say,シュン･ゴ,1,でも操作組のチーフはとある事故により、会社に来れない状況です。そのため今は私が代理で管理しています。,"그런데 조작조 팀장은 어떤 사고로 인해, 회사에 못 나오는 상황이에요. 그래서 지금은 제가 대신 관리하고 있습니다."
scene_day3_scenes_fab_day3_logic_6346ee10c065ccc051a489a1ecff7695.bundle,簽約室定操作還篩選,Say,心の声,3,シュンが苦笑いを浮かべている……,슌이 쓴웃음을 짓고 있다……
scene_day3_scenes_fab_day3_logic_6346ee10c065ccc051a489a1ecff7695.bundle,簽約室定操作還篩選,Say,心の声,4,そうだ。昨日セラさんがチーフを殴ったんだ。,맞다. 어제 세라 씨가 팀장을 때렸었지.
scene_day3_scenes_fab_day3_logic_6346ee10c065ccc051a489a1ecff7695.bundle,簽約室定操作還篩選,Say,イー･テイ,12,結論を言うと、君を採用するかどうかの決定権は僕とシュン･ゴに移された。,"결론부터 말하면, 너를 채용할지 말지의 결정권이 나랑 슌 고한테 넘어왔어."
scene_day3_scenes_fab_day3_logic_6346ee10c065ccc051a489a1ecff7695.bundle,簽約室定操作還篩選,Say,イー･テイ,13,こっからがややこしい話なんだけど、僕たちは二人とも君を採用したいと思っている。,"여기부터가 좀 복잡한 얘기인데, 우리 둘 다 너를 채용하고 싶어 해."
scene_day3_scenes_fab_day3_logic_6346ee10c065ccc051a489a1ecff7695.bundle,簽約室定操作還篩選,Say,イー･テイ,14,だから話し合った結果、君自身に決めてもらうという流れになったんだ。,"그래서 상의한 결과, 너 스스로 정하게 하는 걸로 얘기가 됐어."
scene_day3_scenes_fab_day3_logic_6346ee10c065ccc051a489a1ecff7695.bundle,簽約室定操作還篩選,Say,イー･テイ,15,急な話だし、この場で少し考えてもいい。決定権は君が持っているわけだしね,"갑작스러운 얘기니까, 이 자리에서 좀 생각해봐도 돼. 결정권은 네가 갖고 있는 거니까"
scene_day3_scenes_fab_day3_logic_6346ee10c065ccc051a489a1ecff7695.bundle,簽約室定操作還篩選,Branch,#Simple,6,この場で選ぶ必要があるんですか？,이 자리에서 골라야 하는 건가요?
scene_day3_scenes_fab_day3_logic_6346ee10c065ccc051a489a1ecff7695.bundle,簽約室定操作還篩選,Say,イー･テイ,16,そうだね。じゃないとシステムが組み分けすることになる。,그렇지. 안 그러면 시스템이 알아서 배정하게 돼.
scene_day3_scenes_fab_day3_logic_6346ee10c065ccc051a489a1ecff7695.bundle,簽約室定操作還篩選,Branch,#Simple,7,わかりました。,알겠습니다.
scene_day3_scenes_fab_day3_logic_6346ee10c065ccc051a489a1ecff7695.bundle,簽約室定操作還篩選,Branch,#Simple,8,……,……
scene_day3_scenes_fab_day3_logic_6346ee10c065ccc051a489a1ecff7695.bundle,簽約室定操作還篩選,Say,イー･テイ,17,そうだ。選別組の皆は君を歓迎しているみたいだよ。,맞다. 선별조 다들 너를 환영하는 것 같더라.
scene_day3_scenes_fab_day3_logic_6346ee10c065ccc051a489a1ecff7695.bundle,簽約室定操作還篩選,Say,シュン･ゴ,2,……勧誘は禁止と決めたはずでは？,……권유는 금지하기로 정하지 않았나요?
scene_day3_scenes_fab_day3_logic_6346ee10c065ccc051a489a1ecff7695.bundle,簽約室定操作還篩選,Say,イー･テイ,18,僕はただ同僚から伝言を預かっただけさ。,난 그냥 동료한테서 전언을 받아왔을 뿐이야.
scene_day3_scenes_fab_day3_logic_6346ee10c065ccc051a489a1ecff7695.bundle,簽約室定操作還篩選,Say,シュン･ゴ,3,では私も補足させてもらいます。,그럼 저도 보충 설명 좀 하겠습니다.
scene_day3_scenes_fab_day3_logic_6346ee10c065ccc051a489a1ecff7695.bundle,簽約室定操作還篩選,Say,シュン･ゴ,4,ジェイ、操作組の給料は選別組の二倍です。,"제이, 조작조 급여는 선별조의 두 배예요."
scene_day3_scenes_fab_day3_logic_6346ee10c065ccc051a489a1ecff7695.bundle,簽約室定操作還篩選,Say,イー･テイ,19,よくもまあ、給料の話ができるな……,잘도 급여 얘기를 꺼내는군……
scene_day3_scenes_fab_day3_logic_6346ee10c065ccc051a489a1ecff7695.bundle,簽約室定操作還篩選,Say,シュン･ゴ,5,ジェイは給料の差を知る権利があります。,제이는 급여 차이를 알 권리가 있습니다.
scene_day3_scenes_fab_day3_logic_6346ee10c065ccc051a489a1ecff7695.bundle,簽約室定操作還篩選,Say,イー･テイ,20,仕事の良し悪しは給料だけじゃない。環境こそとても重要だよ。,일이 좋고 나쁘고는 급여만이 아니야. 환경이야말로 정말 중요하다고.
scene_day3_scenes_fab_day3_logic_6346ee10c065ccc051a489a1ecff7695.bundle,簽約室定操作還篩選,Say,イー･テイ,21,操作組はかなり抑圧された環境で、事故も頻発している……,"조작조는 상당히 억압적인 환경이고, 사고도 빈번하게 일어나고……"
scene_day3_scenes_fab_day3_logic_6346ee10c065ccc051a489a1ecff7695.bundle,簽約室定操作還篩選,Say,シュン･ゴ,6,それはあなたたちのせいです……,그건 당신들 탓이잖아요……
scene_day3_scenes_fab_day3_logic_6346ee10c065ccc051a489a1ecff7695.bundle,簽約室定操作還篩選,Say,イー･テイ,22,また僕たちのせいにするのか？,또 우리 탓으로 돌리는 거야?
scene_day3_scenes_fab_day3_logic_6346ee10c065ccc051a489a1ecff7695.bundle,簽約室定操作還篩選,Branch,#Simple,9,落ち着いてください。,진정하세요.
scene_day3_scenes_fab_day3_logic_6346ee10c065ccc051a489a1ecff7695.bundle,簽約室定操作還篩選,Say,シュン･ゴ,7,私は落ち着いてます！,저는 진정하고 있습니다!
scene_day3_scenes_fab_day3_logic_6346ee10c065ccc051a489a1ecff7695.bundle,簽約室定操作還篩選,Say,イー･テイ,23,どこが落ち着いているんだ！,어디가 진정하고 있다는 거야!
scene_day3_scenes_fab_day3_logic_6346ee10c065ccc051a489a1ecff7695.bundle,簽約室定操作還篩選,Branch,#Simple,10,……,……
scene_day3_scenes_fab_day3_logic_6346ee10c065ccc051a489a1ecff7695.bundle,簽約室定操作還篩選,Say,イー･テイ,24,最前線である選別組は、協力者と親身に対話しより良い協力者の選別に全力を尽くしている！,"최전선인 선별조는, 협력자와 진심으로 대화하며 더 나은 협력자 선별에 전력을 다하고 있다고!"
scene_day3_scenes_fab_day3_logic_6346ee10c065ccc051a489a1ecff7695.bundle,簽約室定操作還篩選,Say,シュン･ゴ,8,……それが最前線ですって？,……그게 최전선이라고요?
scene_day3_scenes_fab_day3_logic_6346ee10c065ccc051a489a1ecff7695.bundle,簽約室定操作還篩選,Say,シュン･ゴ,9,マイナーの棚上げしているのは誰だと思っているのですか？事故が起きた時の責任をあなたたちが背負っているとでも？,마이너 방치하는 게 누구라고 생각하는 거예요? 사고 났을 때 책임을 당신들이 진다는 건가요?
scene_day3_scenes_fab_day3_logic_6346ee10c065ccc051a489a1ecff7695.bundle,簽約室定操作還篩選,Say,イー･テイ,25,事故の原因はあなたたちが交流や協力を拒み続けた結果です。,사고 원인은 당신들이 계속 교류와 협력을 거부한 결과예요.
scene_day3_scenes_fab_day3_logic_6346ee10c065ccc051a489a1ecff7695.bundle,簽約室定操作還篩選,Say,シュン･ゴ,10,……また交流の話ですか？,……또 교류 얘기예요?
scene_day3_scenes_fab_day3_logic_6346ee10c065ccc051a489a1ecff7695.bundle,簽約室定操作還篩選,Say,シュン･ゴ,11,何度も言ったはずです。演算力供給の基準を弄るべきではないと！,몇 번이나 말했을 텐데요. 연산력 공급 기준을 함부로 건드리면 안 된다고!
scene_day3_scenes_fab_day3_logic_6346ee10c065ccc051a489a1ecff7695.bundle,簽約室定操作還篩選,Say,シュン･ゴ,12,あなたたちが基準に満たないマイナーを送り込んだ結果ですよ！,당신들이 기준 미달 마이너를 보낸 결과잖아요!
scene_day3_scenes_fab_day3_logic_6346ee10c065ccc051a489a1ecff7695.bundle,簽約室定操作還篩選,Say,シュン･ゴ,13,何度注意しても聞く耳を持たないあなたたちと、どう交流しろと言うのですか？,"몇 번을 주의를 줘도 귀담아듣지 않는 당신들이랑, 어떻게 교류하라는 거예요?"
scene_day3_scenes_fab_day3_logic_6346ee10c065ccc051a489a1ecff7695.bundle,簽約室定操作還篩選,Say,イー･テイ,26,何の説明もなしに命令するだけして、聞く耳を持たないは酷すぎないか？,"아무 설명도 없이 명령만 해놓고, 귀담아듣지 않는다는 건 너무하지 않아?"
scene_day3_scenes_fab_day3_logic_6346ee10c065ccc051a489a1ecff7695.bundle,簽約室定操作還篩選,Say,イー･テイ,27,交流することで、君たちの状況が知れれば、お互いにとってより良い案が出せるのに……,"교류를 통해서, 너희 상황을 알게 되면, 서로에게 더 나은 방안이 나올 텐데……"
scene_day3_scenes_fab_day3_logic_6346ee10c065ccc051a489a1ecff7695.bundle,簽約室定操作還篩選,Say,イー･テイ,28,君たちは、いくら質問をしても、分厚い技術マニュアルを読めとしか言わない。,"너희는, 아무리 질문을 해도, 두꺼운 기술 매뉴얼이나 읽으라고만 하잖아."
scene_day3_scenes_fab_day3_logic_6346ee10c065ccc051a489a1ecff7695.bundle,簽約室定操作還篩選,Say,シュン･ゴ,14,手間暇かけて、あなたたちに教える責任はこちらにないはずです。我々プロを信じればいいだけの話です。,"수고를 들여서, 당신들한테 가르칠 책임은 우리한테 없어요. 그냥 우리 전문가들을 믿으면 되는 얘기예요."
scene_day3_scenes_fab_day3_logic_6346ee10c065ccc051a489a1ecff7695.bundle,簽約室定操作還篩選,Say,イー･テイ,29,君の言うプロはただ上からものを言うだけだ。,네가 말하는 전문가는 그냥 위에서 내려다보고 말하는 것뿐이야.
scene_day3_scenes_fab_day3_logic_6346ee10c065ccc051a489a1ecff7695.bundle,簽約室定操作還篩選,Say,シュン･ゴ,15,よくも……,잘도……
scene_day3_scenes_fab_day3_logic_6346ee10c065ccc051a489a1ecff7695.bundle,簽約室定操作還篩選,Say,シュン･ゴ,16,もう何とでも言ってください。ジェイ･ダイはあなたと違って、操作組の現状を見ました。,"이제 뭐라고 하든 말든 하세요. 제이 다이는 당신과 달리, 조작조의 현 상황을 봤어요."
scene_day3_scenes_fab_day3_logic_6346ee10c065ccc051a489a1ecff7695.bundle,簽約室定操作還篩選,Say,シュン･ゴ,17,彼なら、私たちがどういう状況なのか知っています。,"그 사람이라면, 우리가 어떤 상황인지 알고 있어요."
scene_day3_scenes_fab_day3_logic_6346ee10c065ccc051a489a1ecff7695.bundle,簽約室定操作還篩選,Say,イー･テイ,30,それを言うなら、選別組にもいた。僕たちの頑張りを彼なら知っているはずさ。,"그렇게 말하면, 선별조에도 있었어. 우리가 얼마나 애쓰는지 그 사람이라면 알고 있을 거야."
scene_day3_scenes_fab_day3_logic_6346ee10c065ccc051a489a1ecff7695.bundle,簽約室定操作還篩選,Say,シュン･ゴ,18,じゃ、彼に選ばせればいいでしょう。,"그럼, 그 사람이 고르게 하면 되잖아요."
scene_day3_scenes_fab_day3_logic_6346ee10c065ccc051a489a1ecff7695.bundle,簽約室定操作還篩選,Say,イー･テイ,31,ああ、本来そういう話だろう？,"그래, 원래 그런 얘기였잖아?"
scene_day3_scenes_fab_day3_logic_6346ee10c065ccc051a489a1ecff7695.bundle,簽約室定操作還篩選,Say,シュン･ゴ,19,ジェイ･ダイ、あなたはどっちを選ぶのですか？,"제이 다이, 당신은 어느 쪽을 고를 건가요?"
scene_day3_scenes_fab_day3_logic_6346ee10c065ccc051a489a1ecff7695.bundle,簽約室定操作還篩選,Say,心の声,5,二人が俺を睨んでくる……,두 사람이 나를 노려본다……
scene_day3_scenes_fab_day3_logic_6346ee10c065ccc051a489a1ecff7695.bundle,簽約室定操作還篩選,Branch,#Simple,11,もう少し、質問をしても？,"좀 더, 질문해도 될까요?"
scene_day3_scenes_fab_day3_logic_6346ee10c065ccc051a489a1ecff7695.bundle,簽約室定操作還篩選,Say,イー･テイ,32,ああ、なんでも聞いて。,"그래, 뭐든 물어봐."
scene_day3_scenes_fab_day3_logic_6346ee10c065ccc051a489a1ecff7695.bundle,簽約室定操作還篩選,Say,シュン･ゴ,20,ちょっと待ってください。,잠깐만요.
scene_day3_scenes_fab_day3_logic_6346ee10c065ccc051a489a1ecff7695.bundle,簽約室定操作還篩選,Say,イー･テイ,33,なに？,왜?
scene_day3_scenes_fab_day3_logic_6346ee10c065ccc051a489a1ecff7695.bundle,簽約室定操作還篩選,Say,シュン･ゴ,21,ジェイの質問に答えるのは、聞かれた人だけにしましょう。部外者は絶対に口を挟まない。,"제이의 질문에 답하는 건, 질문받은 사람만 하기로 하죠. 관계없는 사람은 절대 끼어들지 않기로."
scene_day3_scenes_fab_day3_logic_6346ee10c065ccc051a489a1ecff7695.bundle,簽約室定操作還篩選,Say,イー･テイ,34,同意だ。ジェイ、質問をどうぞ。,"동의해. 제이, 질문해."
scene_day3_scenes_fab_day3_logic_6346ee10c065ccc051a489a1ecff7695.bundle,簽約室定操作還篩選,Branch,#Simple,12,選別組の給料は本当に低いんですか？,선별조 급여는 정말 낮은가요?
scene_day3_scenes_fab_day3_logic_6346ee10c065ccc051a489a1ecff7695.bundle,簽約室定操作還篩選,Say,イー･テイ,35,……ああ。,……그래.
scene_day3_scenes_fab_day3_logic_6346ee10c065ccc051a489a1ecff7695.bundle,簽約室定操作還篩選,Say,イー･テイ,36,でも契約者数が多ければ、そんなに差はないはずだ。,"그래도 계약자 수가 많으면, 그렇게 차이 안 날 텐데."
scene_day3_scenes_fab_day3_logic_6346ee10c065ccc051a489a1ecff7695.bundle,簽約室定操作還篩選,Say,シュン･ゴ,22,フンッ。,흥.
scene_day3_scenes_fab_day3_logic_6346ee10c065ccc051a489a1ecff7695.bundle,簽約室定操作還篩選,Say,イー･テイ,37,なに？,왜?
scene_day3_scenes_fab_day3_logic_6346ee10c065ccc051a489a1ecff7695.bundle,簽約室定操作還篩選,Say,シュン･ゴ,23,私は聞かれていませんので、口は出しません。,"저는 질문받지 않았으니까, 끼어들지 않겠습니다."
scene_day3_scenes_fab_day3_logic_6346ee10c065ccc051a489a1ecff7695.bundle,簽約室定操作還篩選,Say,イー･テイ,38,言いたいことがあるならハッキリ言えばいいだろ。僕は君たちと違って、人の話をちゃんと聞く人間だよ。,"할 말 있으면 확실히 말하면 되잖아. 나는 너희랑 달리, 남 얘기를 제대로 듣는 사람이라고."
scene_day3_scenes_fab_day3_logic_6346ee10c065ccc051a489a1ecff7695.bundle,簽約室定操作還篩選,Say,シュン･ゴ,24,まだわからないのですか？,아직도 모르시겠어요?
scene_day3_scenes_fab_day3_logic_6346ee10c065ccc051a489a1ecff7695.bundle,簽約室定操作還篩選,Say,シュン･ゴ,25,その契約者数を増やすような仕組みこそ、選別組が基準を超えた人を送り込む理由なのです。,"그 계약자 수를 늘리는 시스템 자체가, 선별조가 기준 미달인 사람을 보내는 이유라고요."
scene_day3_scenes_fab_day3_logic_6346ee10c065ccc051a489a1ecff7695.bundle,簽約室定操作還篩選,Say,イー･テイ,39,信じないだろうけど、君が言っていたそういう仕組みは存在しないんだよ。,"안 믿기겠지만, 네가 말한 그런 시스템은 존재하지 않아."
scene_day3_scenes_fab_day3_logic_6346ee10c065ccc051a489a1ecff7695.bundle,簽約室定操作還篩選,Branch,#Simple,13,選別組はただ、そういう人を助けたいだけだと思います。,"선별조는 그냥, 그런 사람들을 돕고 싶은 것뿐이라고 생각해요."
scene_day3_scenes_fab_day3_logic_6346ee10c065ccc051a489a1ecff7695.bundle,簽約室定操作還篩選,Say,イー･テイ,40,ほらね。,거 봐.
scene_day3_scenes_fab_day3_logic_6346ee10c065ccc051a489a1ecff7695.bundle,簽約室定操作還篩選,Say,心の声,6,シュン･ゴはこれ以上、口を挟む気はなさそうだ……,"슌 고는 더 이상, 끼어들 생각이 없어 보인다……"
scene_day3_scenes_fab_day3_logic_6346ee10c065ccc051a489a1ecff7695.bundle,簽約室定操作還篩選,Branch,#Simple,14,……,……
scene_day3_scenes_fab_day3_logic_6346ee10c065ccc051a489a1ecff7695.bundle,簽約室定操作還篩選,Say,イー･テイ,41,他に質問は？,다른 질문은?
scene_day3_scenes_fab_day3_logic_6346ee10c065ccc051a489a1ecff7695.bundle,簽約室定操作還篩選,Branch,#Simple,15,操作組は本当に工場閉鎖に賛成ですか？,조작조는 정말 공장 폐쇄에 찬성인가요?
scene_day3_scenes_fab_day3_logic_6346ee10c065ccc051a489a1ecff7695.bundle,簽約室定操作還篩選,Say,シュン･ゴ,26,そうだ。,맞아.
scene_day3_scenes_fab_day3_logic_6346ee10c065ccc051a489a1ecff7695.bundle,簽約室定操作還篩選,Say,シュン･ゴ,27,……,……
scene_day3_scenes_fab_day3_logic_6346ee10c065ccc051a489a1ecff7695.bundle,簽約室定操作還篩選,Say,心の声,7,理由を説明する気はなさそうだ……,이유를 설명할 생각은 없어 보인다……
scene_day3_scenes_fab_day3_logic_6346ee10c065ccc051a489a1ecff7695.bundle,簽約室定操作還篩選,Branch,#Simple,16,じゃ、私は失業者になるのですか？,"그럼, 저는 실업자가 되는 건가요?"
scene_day3_scenes_fab_day3_logic_6346ee10c065ccc051a489a1ecff7695.bundle,簽約室定操作還篩選,Say,シュン･ゴ,28,ええ、でもそれはずっと先のことになります。,"네, 하지만 그건 훨씬 나중 얘기예요."
scene_day3_scenes_fab_day3_logic_6346ee10c065ccc051a489a1ecff7695.bundle,簽約室定操作還篩選,Say,シュン･ゴ,29,例え今日工場閉鎖の話が決まっても、完全に閉鎖するまで5～8年はかかります。,"설령 오늘 공장 폐쇄가 결정되더라도, 완전히 문 닫기까지 5~8년은 걸려요."
scene_day3_scenes_fab_day3_logic_6346ee10c065ccc051a489a1ecff7695.bundle,簽約室定操作還篩選,Say,シュン･ゴ,30,それまでにキャリアを積めば、万象のすべての演算工場に再就職できるはずです。,"그때까지 경력을 쌓으면, 완샹의 모든 연산 공장에 재취업할 수 있을 거예요."
scene_day3_scenes_fab_day3_logic_6346ee10c065ccc051a489a1ecff7695.bundle,簽約室定操作還篩選,Branch,#Simple,17,……,……
scene_day3_scenes_fab_day3_logic_6346ee10c065ccc051a489a1ecff7695.bundle,簽約室定操作還篩選,Branch,#Simple,18,質問は以上です。,질문은 이상입니다.
scene_day3_scenes_fab_day3_logic_6346ee10c065ccc051a489a1ecff7695.bundle,簽約室定操作還篩選,Say,イー･テイ,42,で、君はどっちにするの？,"그래서, 넌 어느 쪽으로 할 거야?"
scene_day3_scenes_fab_day3_logic_6346ee10c065ccc051a489a1ecff7695.bundle,簽約室定操作還篩選,Say,心の声,8,まだこっちを食い入るように見つめてくる……,아직도 이쪽을 뚫어져라 쳐다보고 있다……
scene_day3_scenes_fab_day3_logic_6346ee10c065ccc051a489a1ecff7695.bundle,簽約室定操作還篩選,Branch,#Simple,19,操作組に入りたいです。,조작조에 들어가고 싶습니다.
scene_day3_scenes_fab_day3_logic_6346ee10c065ccc051a489a1ecff7695.bundle,簽約室定操作還篩選,Branch,#Simple,20,選別組に入りたいです。,선별조에 들어가고 싶습니다.
scene_day3_scenes_fab_day3_logic_6346ee10c065ccc051a489a1ecff7695.bundle,簽約室定操作還篩選,Branch,#Simple,21,操作組に入りたいです。,조작조에 들어가고 싶습니다.
scene_day3_scenes_fab_day3_logic_6346ee10c065ccc051a489a1ecff7695.bundle,簽約室定操作還篩選,Say,シュン･ゴ,31,わかりました。,알겠습니다.
scene_day3_scenes_fab_day3_logic_6346ee10c065ccc051a489a1ecff7695.bundle,簽約室定操作還篩選,Say,イー･テイ,43,本当にいいの？操作組の状況をその目で見たはずだろ！,정말 괜찮겠어? 조작조 상황을 네 눈으로 봤을 텐데!
scene_day3_scenes_fab_day3_logic_6346ee10c065ccc051a489a1ecff7695.bundle,簽約室定操作還篩選,Branch,#Simple,22,はい。,네.
scene_day3_scenes_fab_day3_logic_6346ee10c065ccc051a489a1ecff7695.bundle,簽約室定操作還篩選,Say,イー･テイ,44,わかった。,알았어.
scene_day3_scenes_fab_day3_logic_6346ee10c065ccc051a489a1ecff7695.bundle,簽約室定操作還篩選,Branch,#Simple,23,操作組のほうが、私の力を生かせると思います。,"조작조 쪽이, 제 능력을 살릴 수 있을 것 같아서요."
scene_day3_scenes_fab_day3_logic_6346ee10c065ccc051a489a1ecff7695.bundle,簽約室定操作還篩選,Say,イー･テイ,45,それは……,그건……
scene_day3_scenes_fab_day3_logic_6346ee10c065ccc051a489a1ecff7695.bundle,簽約室定操作還篩選,Branch,#Simple,24,操作組の方が、給料が高いですし。,"조작조 쪽이, 급여도 더 높고요."
scene_day3_scenes_fab_day3_logic_6346ee10c065ccc051a489a1ecff7695.bundle,簽約室定操作還篩選,Say,イー･テイ,46,でも……,하지만……
scene_day3_scenes_fab_day3_logic_6346ee10c065ccc051a489a1ecff7695.bundle,簽約室定操作還篩選,Say,イー･テイ,47,そうか。現実的な理由だね。,그렇구나. 현실적인 이유네.
scene_day3_scenes_fab_day3_logic_6346ee10c065ccc051a489a1ecff7695.bundle,簽約室定操作還篩選,Say,イー･テイ,48,ちゃんと考えた上で決めたなら、僕も言うことはないよ。,"제대로 생각하고 정한 거라면, 나도 더 할 말은 없어."
scene_day3_scenes_fab_day3_logic_6346ee10c065ccc051a489a1ecff7695.bundle,簽約室定操作還篩選,Say,イー･テイ,49,じゃ僕はここで。後はシュン･ゴが説明するから。,그럼 나는 여기까지. 나머지는 슌 고가 설명해줄 테니까.
scene_day3_scenes_fab_day3_logic_6346ee10c065ccc051a489a1ecff7695.bundle,簽約室定操作還篩選,Say,イー･テイ,50,そうだ。この機会に二人に伝えておきたいことがある。,맞다. 이 기회에 두 사람한테 전해두고 싶은 게 있어.
scene_day3_scenes_fab_day3_logic_6346ee10c065ccc051a489a1ecff7695.bundle,簽約室定操作還篩選,Say,イー･テイ,51,選別組全体の決定権があるうちに、現状を少し変えたいと思っている。,"선별조 전체 결정권이 있는 동안, 지금 상황을 좀 바꾸고 싶어."
scene_day3_scenes_fab_day3_logic_6346ee10c065ccc051a489a1ecff7695.bundle,簽約室定操作還篩選,Say,シュン･ゴ,32,どういうことです？,무슨 말씀이시죠?
scene_day3_scenes_fab_day3_logic_6346ee10c065ccc051a489a1ecff7695.bundle,簽約室定操作還篩選,Say,イー･テイ,52,今日から、僕は選別組のいくつかのエリアを開放する。操作組、修築組問わず、自由に我々のオフィスを出入りできる。,"오늘부터, 나는 선별조의 몇몇 구역을 개방할 거야. 조작조든 수축조든 상관없이, 자유롭게 우리 사무실을 드나들 수 있게."
scene_day3_scenes_fab_day3_logic_6346ee10c065ccc051a489a1ecff7695.bundle,簽約室定操作還篩選,Say,シュン･ゴ,33,あなたにそんな権限はないはずです。それは本社による規定ですし、イファマネージャーが不在だからと言って……,"당신한텐 그런 권한 없을 텐데요. 그건 본사가 정한 규정이고, 이화 매니저가 부재중이라고 해서……"
scene_day3_scenes_fab_day3_logic_6346ee10c065ccc051a489a1ecff7695.bundle,簽約室定操作還篩選,Say,イー･テイ,53,これは突飛な計画じゃない。,이건 뜬금없는 계획이 아니야.
scene_day3_scenes_fab_day3_logic_6346ee10c065ccc051a489a1ecff7695.bundle,簽約室定操作還篩選,Say,イー･テイ,54,僕は何年もこの計画を推し進めていた。それにこの件について本社は、各工場の判断で決めていいと同意をもらっている。,"나는 몇 년째 이 계획을 추진해왔어. 게다가 이 건에 대해서 본사한테서, 각 공장 판단에 맡겨도 된다는 동의를 받았고."
scene_day3_scenes_fab_day3_logic_6346ee10c065ccc051a489a1ecff7695.bundle,簽約室定操作還篩選,Say,イー･テイ,55,ただイファマネージャーがずっとそれを止めていただけだ。彼女は本社の怒りに触れるのを恐れたんだろうけど、僕は臆したりはしない。,"그저 이화 매니저가 계속 그걸 막고 있었을 뿐이야. 그 사람은 본사의 노여움을 사는 게 두려웠던 거겠지만, 나는 겁먹지 않아."
scene_day3_scenes_fab_day3_logic_6346ee10c065ccc051a489a1ecff7695.bundle,簽約室定操作還篩選,Say,シュン･ゴ,34,よくも……,잘도……
scene_day3_scenes_fab_day3_logic_6346ee10c065ccc051a489a1ecff7695.bundle,簽約室定操作還篩選,Say,イー･テイ,56,シュン、僕は君と話していた目標を達成させたい。そうなれば、二つの組は協力関係を築けるはずだ。,"슌, 나는 너랑 얘기했던 목표를 이루고 싶어. 그렇게 되면, 두 조가 협력 관계를 쌓을 수 있을 거야."
scene_day3_scenes_fab_day3_logic_6346ee10c065ccc051a489a1ecff7695.bundle,簽約室定操作還篩選,Say,イー･テイ,57,僕はずっとあの日の言葉を忘れず、尽力してきたが君はどうなんだ？,"나는 계속 그날의 말을 잊지 않고, 힘써왔는데 너는 어때?"
scene_day3_scenes_fab_day3_logic_6346ee10c065ccc051a489a1ecff7695.bundle,簽約室定操作還篩選,Say,シュン･ゴ,35,……,……
scene_day3_scenes_fab_day3_logic_6346ee10c065ccc051a489a1ecff7695.bundle,簽約室定操作還篩選,Say,イー･テイ,58,みんなが君を歓迎していると言ったのは本当だよ、ジェイ。,"다들 너를 환영한다고 한 건 진심이야, 제이."
scene_day3_scenes_fab_day3_logic_6346ee10c065ccc051a489a1ecff7695.bundle,簽約室定操作還篩選,Say,イー･テイ,59,君が操作組に入っても、いつでも遊びに来るといい。僕たちは君を歓迎する。,"네가 조작조에 들어가도, 언제든 놀러 와. 우리는 너를 환영해."
scene_day3_scenes_fab_day3_logic_6346ee10c065ccc051a489a1ecff7695.bundle,簽約室定操作還篩選,Say,イー･テイ,60,では。,그럼.
scene_day3_scenes_fab_day3_logic_6346ee10c065ccc051a489a1ecff7695.bundle,簽約室定操作還篩選,Branch,#Simple,25,お疲れ様でした。,수고하셨습니다.
scene_day3_scenes_fab_day3_logic_6346ee10c065ccc051a489a1ecff7695.bundle,簽約室定操作還篩選,Branch,#Simple,26,ありがとうございます。,감사합니다.
scene_day3_scenes_fab_day3_logic_6346ee10c065ccc051a489a1ecff7695.bundle,簽約室定操作還篩選,Say,イー･テイ,61,礼には及ばないよ。これはみんなのためでもあるからね、ハハ！,"고마워할 것까지야. 이건 다들 위한 것이기도 하니까, 하하!"
scene_day3_scenes_fab_day3_logic_6346ee10c065ccc051a489a1ecff7695.bundle,簽約室定操作還篩選,Branch,#Simple,27,……,……
scene_day3_scenes_fab_day3_logic_6346ee10c065ccc051a489a1ecff7695.bundle,簽約室定操作還篩選,Say,シュン･ゴ,36,まずは、こちらを選んでくださりありがとうございます。,"우선, 저희 쪽을 선택해주셔서 감사합니다."
scene_day3_scenes_fab_day3_logic_6346ee10c065ccc051a489a1ecff7695.bundle,簽約室定操作還篩選,Say,シュン･ゴ,37,でも、あなたの正式な配属日はまだ決まっておりません。,"그런데, 당신의 정식 배치일은 아직 정해지지 않았습니다."
scene_day3_scenes_fab_day3_logic_6346ee10c065ccc051a489a1ecff7695.bundle,簽約室定操作還篩選,Say,心の声,9,理由を説明する気はなさそうだ……,이유를 설명할 생각은 없어 보인다……
scene_day3_scenes_fab_day3_logic_6346ee10c065ccc051a489a1ecff7695.bundle,簽約室定操作還篩選,Branch,#Simple,28,なぜ決まってないのですか？,왜 안 정해진 거죠?
scene_day3_scenes_fab_day3_logic_6346ee10c065ccc051a489a1ecff7695.bundle,簽約室定操作還篩選,Say,シュン･ゴ,38,イファマネージャーが起こした情報漏洩により、今のサイレントはそれどころではないからです。,"이화 매니저가 일으킨 정보 유출 때문에, 지금 사일런트는 그럴 상황이 아니거든요."
scene_day3_scenes_fab_day3_logic_6346ee10c065ccc051a489a1ecff7695.bundle,簽約室定操作還篩選,Say,シュン･ゴ,39,本社は今、一部の業務を止め調査を行っています。,"본사는 지금, 일부 업무를 중단하고 조사를 진행하고 있어요."
scene_day3_scenes_fab_day3_logic_6346ee10c065ccc051a489a1ecff7695.bundle,簽約室定操作還篩選,Say,シュン･ゴ,40,配属のプロセスもその一部に入っているのです。,배치 절차도 그중 일부에 들어가 있어요.
scene_day3_scenes_fab_day3_logic_6346ee10c065ccc051a489a1ecff7695.bundle,簽約室定操作還篩選,Branch,#Simple,29,なるほど。,그렇군요.
scene_day3_scenes_fab_day3_logic_6346ee10c065ccc051a489a1ecff7695.bundle,簽約室定操作還篩選,Branch,#Simple,30,……,……
scene_day3_scenes_fab_day3_logic_6346ee10c065ccc051a489a1ecff7695.bundle,簽約室定操作還篩選,Say,シュン･ゴ,41,……,……
scene_day3_scenes_fab_day3_logic_6346ee10c065ccc051a489a1ecff7695.bundle,簽約室定操作還篩選,Say,シュン･ゴ,42,イファマネージャーが機密情報を盗んだことに、驚いていないようですね。,"이화 매니저가 기밀 정보를 훔친 것에, 별로 안 놀라시는 것 같네요."
scene_day3_scenes_fab_day3_logic_6346ee10c065ccc051a489a1ecff7695.bundle,簽約室定操作還篩選,Branch,#Simple,31,私は最初からあのマネージャーは怪しいと思っていました。,저는 처음부터 그 매니저가 수상하다고 생각했었어요.
scene_day3_scenes_fab_day3_logic_6346ee10c065ccc051a489a1ecff7695.bundle,簽約室定操作還篩選,Say,シュン･ゴ,43,そうなのですか？私より鋭い観察眼ですね……,그러셨어요? 저보다 예리한 관찰력이시네요……
scene_day3_scenes_fab_day3_logic_6346ee10c065ccc051a489a1ecff7695.bundle,簽約室定操作還篩選,Branch,#Simple,32,私もその件に多少は関与しているので……,저도 그 건에 다소 관련이 있어서……
scene_day3_scenes_fab_day3_logic_6346ee10c065ccc051a489a1ecff7695.bundle,簽約室定操作還篩選,Say,シュン･ゴ,44,えっ？どういうことですか？,네? 무슨 말씀이세요?
scene_day3_scenes_fab_day3_logic_6346ee10c065ccc051a489a1ecff7695.bundle,簽約室定操作還篩選,Branch,#Simple,33,いえ、大した事では……,"아뇨, 별거 아니……"
scene_day3_scenes_fab_day3_logic_6346ee10c065ccc051a489a1ecff7695.bundle,簽約室定操作還篩選,Say,シュン･ゴ,45,言いたくないなら言わなくて大丈夫ですよ。それを聞いて、何かが変わる訳ではありませんし。,"말하기 싫으시면 안 하셔도 괜찮아요. 들어도, 뭐가 달라지는 것도 아니고요."
scene_day3_scenes_fab_day3_logic_6346ee10c065ccc051a489a1ecff7695.bundle,簽約室定操作還篩選,Branch,#Simple,34,イファは私に協力を求めてきました。,이화가 저한테 협력을 요청해왔어요.
scene_day3_scenes_fab_day3_logic_6346ee10c065ccc051a489a1ecff7695.bundle,簽約室定操作還篩選,Say,シュン･ゴ,46,彼女も窮地に追い込まれていたのでしょう……,그 사람도 궁지에 몰려 있었던 거겠죠……
scene_day3_scenes_fab_day3_logic_6346ee10c065ccc051a489a1ecff7695.bundle,簽約室定操作還篩選,Branch,#Simple,35,大きな会社ならよくあることかなと思って。,큰 회사면 흔히 있는 일이지 않을까 싶어서요.
scene_day3_scenes_fab_day3_logic_6346ee10c065ccc051a489a1ecff7695.bundle,簽約室定操作還篩選,Say,シュン･ゴ,47,なるほど、しかしこういった事が頻繁に起きたりはしませんよ。,"그렇군요, 하지만 이런 일이 자주 일어나지는 않아요."
scene_day3_scenes_fab_day3_logic_6346ee10c065ccc051a489a1ecff7695.bundle,簽約室定操作還篩選,Say,シュン･ゴ,48,正直に言って、彼女の行動が未だに信じられません……,"솔직히 말해서, 그 사람 행동이 아직도 믿기지 않아요……"
scene_day3_scenes_fab_day3_logic_6346ee10c065ccc051a489a1ecff7695.bundle,簽約室定操作還篩選,Say,シュン･ゴ,49,それとイー･テイが言っていた、イファが本社の怒りに触れないために組間の交流を制限してた話ですが……,"그리고 이웨이가 말했던, 이화가 본사의 노여움을 사지 않으려고 조 간 교류를 제한했다는 얘기 말인데요……"
scene_day3_scenes_fab_day3_logic_6346ee10c065ccc051a489a1ecff7695.bundle,簽約室定操作還篩選,Say,心の声,10,彼は困惑と怒りが入り交じっているようだ……？,"이 사람, 당혹감과 분노가 뒤섞여 있는 것 같다……?"
scene_day3_scenes_fab_day3_logic_6346ee10c065ccc051a489a1ecff7695.bundle,簽約室定操作還篩選,Say,シュン･ゴ,50,はぁ……,하아……
scene_day3_scenes_fab_day3_logic_6346ee10c065ccc051a489a1ecff7695.bundle,簽約室定操作還篩選,Say,シュン･ゴ,51,私には理解できない他の理由があったのでしょう。,저로서는 이해 못 할 다른 이유가 있었겠죠.
scene_day3_scenes_fab_day3_logic_6346ee10c065ccc051a489a1ecff7695.bundle,簽約室定操作還篩選,Branch,#Simple,36,了解。,알겠습니다.
scene_day3_scenes_fab_day3_logic_6346ee10c065ccc051a489a1ecff7695.bundle,簽約室定操作還篩選,Say,シュン･ゴ,52,よし。,좋아.
scene_day3_scenes_fab_day3_logic_6346ee10c065ccc051a489a1ecff7695.bundle,簽約室定操作還篩選,Branch,#Simple,37,……,……
scene_day3_scenes_fab_day3_logic_6346ee10c065ccc051a489a1ecff7695.bundle,簽約室定操作還篩選,Say,シュン･ゴ,53,多分この状況は来週の月曜日まで続くと思います。月曜日以降に正式に配属されるはずです。,아마 이 상황은 다음 주 월요일까지 계속될 거예요. 월요일 이후에 정식으로 배치될 거고요.
scene_day3_scenes_fab_day3_logic_6346ee10c065ccc051a489a1ecff7695.bundle,簽約室定操作還篩選,Say,シュン･ゴ,54,配属は先になりますが、それまでに工場での生活に慣れておくのがいいかもしれません。,"배치는 나중이지만, 그때까지 공장 생활에 익숙해지시는 게 좋을지도 몰라요."
scene_day3_scenes_fab_day3_logic_6346ee10c065ccc051a489a1ecff7695.bundle,簽約室定操作還篩選,Say,シュン･ゴ,55,ここの環境を深く知り、一部の仕事をやってみるのもいいでしょう。,"여기 환경을 깊이 알아두고, 일부 업무를 해보시는 것도 좋을 거예요."
scene_day3_scenes_fab_day3_logic_6346ee10c065ccc051a489a1ecff7695.bundle,簽約室定操作還篩選,Branch,#Simple,38,それは良いかもしれません。,그거 괜찮을지도 모르겠네요.
scene_day3_scenes_fab_day3_logic_6346ee10c065ccc051a489a1ecff7695.bundle,簽約室定操作還篩選,Branch,#Simple,39,例えばどんな仕事をすればいいですか？,예를 들면 어떤 일을 하면 될까요?
scene_day3_scenes_fab_day3_logic_6346ee10c065ccc051a489a1ecff7695.bundle,簽約室定操作還篩選,Branch,#Simple,40,……,……
scene_day3_scenes_fab_day3_logic_6346ee10c065ccc051a489a1ecff7695.bundle,簽約室定操作還篩選,Say,シュン･ゴ,56,あっ、すみません……,"아, 죄송해요……"
scene_day3_scenes_fab_day3_logic_6346ee10c065ccc051a489a1ecff7695.bundle,簽約室定操作還篩選,Say,シュン･ゴ,57,昨日の件でセラー全体がメンテナンスになったため、今は操作組の人たちは誰もいないのを忘れていました。,"어제 그 일 때문에 지하 저장고 전체가 점검 중이라서, 지금은 조작조 사람들이 아무도 없다는 걸 깜빡했어요."
scene_day3_scenes_fab_day3_logic_6346ee10c065ccc051a489a1ecff7695.bundle,簽約室定操作還篩選,Say,シュン･ゴ,58,……,……
scene_day3_scenes_fab_day3_logic_6346ee10c065ccc051a489a1ecff7695.bundle,簽約室定操作還篩選,Say,シュン･ゴ,59,あなたは工場内部へのアクセス権限を持ってはいますが、仕事は来週からになります。,"당신은 공장 내부 접근 권한은 있지만, 업무는 다음 주부터예요."
scene_day3_scenes_fab_day3_logic_6346ee10c065ccc051a489a1ecff7695.bundle,簽約室定操作還篩選,Say,シュン･ゴ,60,空いたこの時間を有効に使ってください。選別組に行きたいのでしたら、それも構いません。,"빈 시간을 유용하게 쓰세요. 선별조에 가고 싶으시다면, 그것도 상관없고요."
scene_day3_scenes_fab_day3_logic_6346ee10c065ccc051a489a1ecff7695.bundle,簽約室定操作還篩選,Say,心の声,11,選別組の話になると、彼は露骨に嫌な顔をするな。,"선별조 얘기만 나오면, 이 사람 노골적으로 싫은 티를 내는군."
scene_day3_scenes_fab_day3_logic_6346ee10c065ccc051a489a1ecff7695.bundle,簽約室定操作還篩選,Branch,#Simple,41,あなたとイー･テイのことは、もったいないと思います。,"당신이랑 이웨이 사이, 아깝다고 생각해요."
scene_day3_scenes_fab_day3_logic_6346ee10c065ccc051a489a1ecff7695.bundle,簽約室定操作還篩選,Say,シュン･ゴ,61,そうですね……,그러게요……
scene_day3_scenes_fab_day3_logic_6346ee10c065ccc051a489a1ecff7695.bundle,簽約室定操作還篩選,Say,シュン･ゴ,62,昔の彼は、私の判断を信頼してくれてましたが、今は何を話しても証拠をくれと言うのです。,"예전의 그 사람은, 제 판단을 믿어줬는데, 지금은 무슨 말을 해도 증거를 달라고 해요."
scene_day3_scenes_fab_day3_logic_6346ee10c065ccc051a489a1ecff7695.bundle,簽約室定操作還篩選,Say,シュン･ゴ,63,でも説明を求められるより、私が我慢ならないのは……,"그런데 설명을 요구받는 것보다, 제가 못 참겠는 건……"
scene_day3_scenes_fab_day3_logic_6346ee10c065ccc051a489a1ecff7695.bundle,簽約室定操作還篩選,Branch,#Simple,42,彼からの不信感ですか。,그쪽의 불신감인가요.
scene_day3_scenes_fab_day3_logic_6346ee10c065ccc051a489a1ecff7695.bundle,簽約室定操作還篩選,Say,シュン･ゴ,64,そうだ。,맞아.
scene_day3_scenes_fab_day3_logic_6346ee10c065ccc051a489a1ecff7695.bundle,簽約室定操作還篩選,Say,シュン･ゴ,65,なかなか鋭いですね。,꽤 예리하시네요.
scene_day3_scenes_fab_day3_logic_6346ee10c065ccc051a489a1ecff7695.bundle,簽約室定操作還篩選,Say,シュン･ゴ,66,昨日も、イー･テイの私への考えを言い当てていましたね。,"어제도, 이웨이가 저를 어떻게 생각하는지 정확히 맞히셨었죠."
scene_day3_scenes_fab_day3_logic_6346ee10c065ccc051a489a1ecff7695.bundle,簽約室定操作還篩選,Branch,#Simple,43,彼が自ら学ぼうとしないからですか？,그 사람이 스스로 배우려 하지 않아서인가요?
scene_day3_scenes_fab_day3_logic_6346ee10c065ccc051a489a1ecff7695.bundle,簽約室定操作還篩選,Say,シュン･ゴ,67,いいえ、そんなことはありません。ただ……,"아뇨, 그런 건 아니에요. 그냥……"
scene_day3_scenes_fab_day3_logic_6346ee10c065ccc051a489a1ecff7695.bundle,簽約室定操作還篩選,Say,シュン･ゴ,68,何故か私に突っかかってくるのです。,왜인지 저한테 자꾸 시비를 걸어와요.
scene_day3_scenes_fab_day3_logic_6346ee10c065ccc051a489a1ecff7695.bundle,簽約室定操作還篩選,Branch,#Simple,44,……,……
scene_day3_scenes_fab_day3_logic_6346ee10c065ccc051a489a1ecff7695.bundle,簽約室定操作還篩選,Say,シュン･ゴ,69,……,……
scene_day3_scenes_fab_day3_logic_6346ee10c065ccc051a489a1ecff7695.bundle,簽約室定操作還篩選,Say,シュン･ゴ,70,とにかく、私はもう彼のことがわかりません……,"아무튼, 저는 이제 그 사람을 모르겠어요……"
scene_day3_scenes_fab_day3_logic_6346ee10c065ccc051a489a1ecff7695.bundle,簽約室定操作還篩選,Branch,#Simple,45,何を言ってもイー･テイには無駄、ということですか？,무슨 말을 해도 이웨이한테는 소용없다는 건가요?
scene_day3_scenes_fab_day3_logic_6346ee10c065ccc051a489a1ecff7695.bundle,簽約室定操作還篩選,Say,シュン･ゴ,71,そうですね……,그러게요……
scene_day3_scenes_fab_day3_logic_6346ee10c065ccc051a489a1ecff7695.bundle,簽約室定操作還篩選,Say,シュン･ゴ,72,聞く耳を持ちません。,귀담아듣질 않아요.
scene_day3_scenes_fab_day3_logic_6346ee10c065ccc051a489a1ecff7695.bundle,簽約室定操作還篩選,Branch,#Simple,46,……,……
scene_day3_scenes_fab_day3_logic_6346ee10c065ccc051a489a1ecff7695.bundle,簽約室定操作還篩選,Say,シュン･ゴ,73,すみません。私もそろそろ失礼しようと思います。,죄송해요. 저도 이만 가봐야 할 것 같아요.
scene_day3_scenes_fab_day3_logic_6346ee10c065ccc051a489a1ecff7695.bundle,簽約室定操作還篩選,Say,シュン･ゴ,74,また来週に連絡します。あなたと一緒に働くのを楽しみにしていますよ。,다음 주에 다시 연락드릴게요. 당신이랑 같이 일하는 거 기대하고 있어요.
scene_day3_scenes_fab_day3_logic_6346ee10c065ccc051a489a1ecff7695.bundle,簽約室定操作還篩選,Say,シュン･ゴ,75,紆余曲折な研修でしたね。これからもよろしく頼みます。,우여곡절 많은 연수였네요. 앞으로도 잘 부탁드려요.
scene_day3_scenes_fab_day3_logic_6346ee10c065ccc051a489a1ecff7695.bundle,簽約室定操作還篩選,Say,シュン･ゴ,76,……,……
scene_day3_scenes_fab_day3_logic_6346ee10c065ccc051a489a1ecff7695.bundle,簽約室定操作還篩選,Say,シュン･ゴ,77,では、また来週にお会いしましょう。,"그럼, 다음 주에 다시 뵙죠."
scene_day3_scenes_fab_day3_logic_6346ee10c065ccc051a489a1ecff7695.bundle,簽約室定操作還篩選,Branch,#Simple,47,お疲れ様でした。,수고하셨습니다.
scene_day3_scenes_fab_day3_logic_6346ee10c065ccc051a489a1ecff7695.bundle,簽約室定操作還篩選,Branch,#Simple,48,……,……
scene_day3_scenes_fab_day3_logic_6346ee10c065ccc051a489a1ecff7695.bundle,簽約室定操作還篩選,Say,心の声,12,操作組か……,조작조라……
scene_day3_scenes_fab_day3_logic_6346ee10c065ccc051a489a1ecff7695.bundle,簽約室定操作還篩選,Branch,#Simple,49,選別組に入りたいです。,선별조에 들어가고 싶습니다.
scene_day3_scenes_fab_day3_logic_6346ee10c065ccc051a489a1ecff7695.bundle,簽約室定操作還篩選,Say,イー･テイ,62,やった！,됐다!
scene_day3_scenes_fab_day3_logic_6346ee10c065ccc051a489a1ecff7695.bundle,簽約室定操作還篩選,Say,シュン･ゴ,78,わかりました。良いと思います。,알겠습니다. 좋다고 생각해요.
scene_day3_scenes_fab_day3_logic_6346ee10c065ccc051a489a1ecff7695.bundle,簽約室定操作還篩選,Branch,#Simple,50,シュン、すみません。,"슌, 죄송해요."
scene_day3_scenes_fab_day3_logic_6346ee10c065ccc051a489a1ecff7695.bundle,簽約室定操作還篩選,Say,シュン･ゴ,79,謝る必要はありませんよ。,사과할 필요 없어요.
scene_day3_scenes_fab_day3_logic_6346ee10c065ccc051a489a1ecff7695.bundle,簽約室定操作還篩選,Branch,#Simple,51,……,……
scene_day3_scenes_fab_day3_logic_6346ee10c065ccc051a489a1ecff7695.bundle,簽約室定操作還篩選,Say,シュン･ゴ,80,他を選んでも構わないと言ったはずですよ？,다른 걸 골라도 상관없다고 말했을 텐데요?
scene_day3_scenes_fab_day3_logic_6346ee10c065ccc051a489a1ecff7695.bundle,簽約室定操作還篩選,Say,シュン･ゴ,81,操作組の劣悪な環境を知るあなたが、選別組を選んでくれたことに、少しほっとしたくらいです。,"조작조의 열악한 환경을 아는 당신이, 선별조를 골라줘서, 조금 안심했을 정도예요."
scene_day3_scenes_fab_day3_logic_6346ee10c065ccc051a489a1ecff7695.bundle,簽約室定操作還篩選,Branch,#Simple,52,それはなぜ？,그건 왜죠?
scene_day3_scenes_fab_day3_logic_6346ee10c065ccc051a489a1ecff7695.bundle,簽約室定操作還篩選,Say,シュン･ゴ,82,劣悪な環境に迎え入れるのは、私の良心が痛みますから。,"열악한 환경으로 맞아들이는 건, 제 양심이 아프니까요."
scene_day3_scenes_fab_day3_logic_6346ee10c065ccc051a489a1ecff7695.bundle,簽約室定操作還篩選,Say,イー･テイ,63,……,……
scene_day3_scenes_fab_day3_logic_6346ee10c065ccc051a489a1ecff7695.bundle,簽約室定操作還篩選,Branch,#Simple,53,そうですか。,그렇군요.
scene_day3_scenes_fab_day3_logic_6346ee10c065ccc051a489a1ecff7695.bundle,簽約室定操作還篩選,Branch,#Simple,54,……,……
scene_day3_scenes_fab_day3_logic_6346ee10c065ccc051a489a1ecff7695.bundle,簽約室定操作還篩選,Say,シュン･ゴ,83,では……,그럼……
scene_day3_scenes_fab_day3_logic_6346ee10c065ccc051a489a1ecff7695.bundle,簽約室定操作還篩選,Say,シュン･ゴ,84,では。,그럼.
scene_day3_scenes_fab_day3_logic_6346ee10c065ccc051a489a1ecff7695.bundle,簽約室定操作還篩選,Branch,#Simple,55,お疲れ様でした。,수고하셨습니다.
scene_day3_scenes_fab_day3_logic_6346ee10c065ccc051a489a1ecff7695.bundle,簽約室定操作還篩選,Branch,#Simple,56,……,……
scene_day3_scenes_fab_day3_logic_6346ee10c065ccc051a489a1ecff7695.bundle,簽約室定操作還篩選,Say,イー･テイ,64,ジェイ、君は正しい選択をしたよ。,"제이, 넌 옳은 선택을 한 거야."
scene_day3_scenes_fab_day3_logic_6346ee10c065ccc051a489a1ecff7695.bundle,簽約室定操作還篩選,Branch,#Simple,57,私もそう思います。,저도 그렇게 생각해요.
scene_day3_scenes_fab_day3_logic_6346ee10c065ccc051a489a1ecff7695.bundle,簽約室定操作還篩選,Say,イー･テイ,65,うん！,그래!
scene_day3_scenes_fab_day3_logic_6346ee10c065ccc051a489a1ecff7695.bundle,簽約室定操作還篩選,Branch,#Simple,58,そうでしょうか？,그럴까요?
scene_day3_scenes_fab_day3_logic_6346ee10c065ccc051a489a1ecff7695.bundle,簽約室定操作還篩選,Say,イー･テイ,66,間違いない！,틀림없어!
scene_day3_scenes_fab_day3_logic_6346ee10c065ccc051a489a1ecff7695.bundle,簽約室定操作還篩選,Branch,#Simple,59,……,……
scene_day3_scenes_fab_day3_logic_6346ee10c065ccc051a489a1ecff7695.bundle,簽約室定操作還篩選,Say,イー･テイ,67,そうだ。もう一つ伝えなければいけないことがあった。,맞다. 하나 더 전해야 할 게 있었어.
scene_day3_scenes_fab_day3_logic_6346ee10c065ccc051a489a1ecff7695.bundle,簽約室定操作還篩選,Say,イー･テイ,68,実は、君の正式な配属日はまだ決まってないんだ。,"실은, 네 정식 배치일은 아직 안 정해졌어."
scene_day3_scenes_fab_day3_logic_6346ee10c065ccc051a489a1ecff7695.bundle,簽約室定操作還篩選,Say,心の声,13,……なに？,……뭐?
scene_day3_scenes_fab_day3_logic_6346ee10c065ccc051a489a1ecff7695.bundle,簽約室定操作還篩選,Branch,#Simple,60,なぜ決まってないのですか？,왜 안 정해진 거죠?
scene_day3_scenes_fab_day3_logic_6346ee10c065ccc051a489a1ecff7695.bundle,簽約室定操作還篩選,Say,イー･テイ,69,イファマネージャーが起こした情報漏洩により、今のサイレントはそれどころではないからです。,"이화 매니저가 일으킨 정보 유출 때문에, 지금 사일런트는 그럴 상황이 아니거든요."
scene_day3_scenes_fab_day3_logic_6346ee10c065ccc051a489a1ecff7695.bundle,簽約室定操作還篩選,Say,イー･テイ,70,本社は今、一部の業務を止め調査を行っています。,"본사는 지금, 일부 업무를 중단하고 조사를 진행하고 있어요."
scene_day3_scenes_fab_day3_logic_6346ee10c065ccc051a489a1ecff7695.bundle,簽約室定操作還篩選,Say,イー･テイ,71,配属のプロセスもその一部に入っているのです。,배치 절차도 그중 일부에 들어가 있어요.
scene_day3_scenes_fab_day3_logic_6346ee10c065ccc051a489a1ecff7695.bundle,簽約室定操作還篩選,Branch,#Simple,61,なるほど。,그렇군요.
scene_day3_scenes_fab_day3_logic_6346ee10c065ccc051a489a1ecff7695.bundle,簽約室定操作還篩選,Branch,#Simple,62,……,……
scene_day3_scenes_fab_day3_logic_6346ee10c065ccc051a489a1ecff7695.bundle,簽約室定操作還篩選,Say,イー･テイ,72,……,……
scene_day3_scenes_fab_day3_logic_6346ee10c065ccc051a489a1ecff7695.bundle,簽約室定操作還篩選,Say,イー･テイ,73,君の昨日の話は当たってたみたいだね。,네 어제 얘기가 맞았던 것 같네.
scene_day3_scenes_fab_day3_logic_6346ee10c065ccc051a489a1ecff7695.bundle,簽約室定操作還篩選,Branch,#Simple,63,なんのことですか？,무슨 얘기죠?
scene_day3_scenes_fab_day3_logic_6346ee10c065ccc051a489a1ecff7695.bundle,簽約室定操作還篩選,Say,イー･テイ,74,屋上に行く前に、君が言ってただろう？,"옥상 가기 전에, 네가 말했었잖아?"
scene_day3_scenes_fab_day3_logic_6346ee10c065ccc051a489a1ecff7695.bundle,簽約室定操作還篩選,Say,イー･テイ,75,会社の機密情報を盗んだマネージャーが、本社に狙われているかもしれないって。,"회사 기밀 정보를 훔친 매니저가, 본사한테 노려지고 있을지도 모른다고."
scene_day3_scenes_fab_day3_logic_6346ee10c065ccc051a489a1ecff7695.bundle,簽約室定操作還篩選,Say,心の声,14,確かにそう言っていたな。,확실히 그렇게 말했었지.
scene_day3_scenes_fab_day3_logic_6346ee10c065ccc051a489a1ecff7695.bundle,簽約室定操作還篩選,Branch,#Simple,64,そうですね。,그러게요.
scene_day3_scenes_fab_day3_logic_6346ee10c065ccc051a489a1ecff7695.bundle,簽約室定操作還篩選,Branch,#Simple,65,……,……
scene_day3_scenes_fab_day3_logic_6346ee10c065ccc051a489a1ecff7695.bundle,簽約室定操作還篩選,Say,イー･テイ,76,どうやら、君の昨日の話は本当だったみたいだね。,"아무래도, 네 어제 얘기가 진짜였던 것 같아."
scene_day3_scenes_fab_day3_logic_6346ee10c065ccc051a489a1ecff7695.bundle,簽約室定操作還篩選,Branch,#Simple,66,なんのことですか？,무슨 얘기죠?
scene_day3_scenes_fab_day3_logic_6346ee10c065ccc051a489a1ecff7695.bundle,簽約室定操作還篩選,Say,イー･テイ,77,屋上に行く前に、君が言ってただろう？,"옥상 가기 전에, 네가 말했었잖아?"
scene_day3_scenes_fab_day3_logic_6346ee10c065ccc051a489a1ecff7695.bundle,簽約室定操作還篩選,Say,イー･テイ,78,イファが君に、会社の機密情報を盗み出す協力を求めたって。,"이화가 너한테, 회사 기밀 정보를 훔치는 걸 도와달라고 했었다며."
scene_day3_scenes_fab_day3_logic_6346ee10c065ccc051a489a1ecff7695.bundle,簽約室定操作還篩選,Say,心の声,15,確かにそう言っていたな。,확실히 그렇게 말했었지.
scene_day3_scenes_fab_day3_logic_6346ee10c065ccc051a489a1ecff7695.bundle,簽約室定操作還篩選,Say,イー･テイ,79,正直、その時は半信半疑だったんだ……,"솔직히, 그때는 반신반의했었어……"
scene_day3_scenes_fab_day3_logic_6346ee10c065ccc051a489a1ecff7695.bundle,簽約室定操作還篩選,Branch,#Simple,67,そうですね。,그러게요.
scene_day3_scenes_fab_day3_logic_6346ee10c065ccc051a489a1ecff7695.bundle,簽約室定操作還篩選,Branch,#Simple,68,……,……
scene_day3_scenes_fab_day3_logic_6346ee10c065ccc051a489a1ecff7695.bundle,簽約室定操作還篩選,Say,イー･テイ,80,正直に言って、彼女の行動が未だに信じられません……,"솔직히 말해서, 그 사람 행동이 아직도 믿기지 않아요……"
scene_day3_scenes_fab_day3_logic_6346ee10c065ccc051a489a1ecff7695.bundle,簽約室定操作還篩選,Say,心の声,16,かなり落ち込んでいるようだ……,꽤 침울해 보인다……
scene_day3_scenes_fab_day3_logic_6346ee10c065ccc051a489a1ecff7695.bundle,簽約室定操作還篩選,Say,イー･テイ,81,はぁ……,하아……
scene_day3_scenes_fab_day3_logic_6346ee10c065ccc051a489a1ecff7695.bundle,簽約室定操作還篩選,Say,イー･テイ,82,彼女も自分の考えがあっての行動だろう。多分、私利のためではないと思うけど……,"그 사람도 나름의 생각이 있어서 한 행동이겠지. 아마, 사리사욕을 위해서는 아니었을 것 같지만……"
scene_day3_scenes_fab_day3_logic_6346ee10c065ccc051a489a1ecff7695.bundle,簽約室定操作還篩選,Say,イー･テイ,83,いや、こんなこと考えても仕方ない！とりあえず君の仕事についてだ。,"아니, 이런 거 생각해봤자 소용없지! 일단 네 업무에 대해서 얘기하자."
scene_day3_scenes_fab_day3_logic_6346ee10c065ccc051a489a1ecff7695.bundle,簽約室定操作還篩選,Branch,#Simple,69,了解。,알겠습니다.
scene_day3_scenes_fab_day3_logic_6346ee10c065ccc051a489a1ecff7695.bundle,簽約室定操作還篩選,Say,イー･テイ,84,よし。,좋아.
scene_day3_scenes_fab_day3_logic_6346ee10c065ccc051a489a1ecff7695.bundle,簽約室定操作還篩選,Branch,#Simple,70,……,……
scene_day3_scenes_fab_day3_logic_6346ee10c065ccc051a489a1ecff7695.bundle,簽約室定操作還篩選,Say,イー･テイ,85,多分この状況は来週の月曜日まで続くと思います。月曜日以降に正式に配属されるはずです。,아마 이 상황은 다음 주 월요일까지 계속될 거예요. 월요일 이후에 정식으로 배치될 거고요.
scene_day3_scenes_fab_day3_logic_6346ee10c065ccc051a489a1ecff7695.bundle,簽約室定操作還篩選,Say,イー･テイ,86,配属は先になりますが、それまでに工場での生活に慣れておくのがいいかもしれません。,"배치는 나중이지만, 그때까지 공장 생활에 익숙해지시는 게 좋을지도 몰라요."
scene_day3_scenes_fab_day3_logic_6346ee10c065ccc051a489a1ecff7695.bundle,簽約室定操作還篩選,Say,イー･テイ,87,ここの環境を深く知り、一部の仕事をやってみるのもいいでしょう。,"여기 환경을 깊이 알아두고, 일부 업무를 해보시는 것도 좋을 거예요."
scene_day3_scenes_fab_day3_logic_6346ee10c065ccc051a489a1ecff7695.bundle,簽約室定操作還篩選,Branch,#Simple,71,それは良いかもしれません。,그거 괜찮을지도 모르겠네요.
scene_day3_scenes_fab_day3_logic_6346ee10c065ccc051a489a1ecff7695.bundle,簽約室定操作還篩選,Say,イー･テイ,88,おっ、言ったな！じゃ仕事を頼もうかな！,"오, 말했다! 그럼 일 좀 시켜볼까!"
scene_day3_scenes_fab_day3_logic_6346ee10c065ccc051a489a1ecff7695.bundle,簽約室定操作還篩選,Say,心の声,17,うっ……,윽……
scene_day3_scenes_fab_day3_logic_6346ee10c065ccc051a489a1ecff7695.bundle,簽約室定操作還篩選,Say,イー･テイ,89,ハハ、冗談だよ！,"하하, 농담이야!"
scene_day3_scenes_fab_day3_logic_6346ee10c065ccc051a489a1ecff7695.bundle,簽約室定操作還篩選,Branch,#Simple,72,……,……
scene_day3_scenes_fab_day3_logic_6346ee10c065ccc051a489a1ecff7695.bundle,簽約室定操作還篩選,Say,イー･テイ,90,あ、それともう二つほど伝えたいことがあるんだ！,"아, 그리고 두 가지 더 전할 게 있어!"
scene_day3_scenes_fab_day3_logic_6346ee10c065ccc051a489a1ecff7695.bundle,簽約室定操作還篩選,Say,イー･テイ,91,ごめんね、話が長くて。,"미안, 얘기가 길어져서."
scene_day3_scenes_fab_day3_logic_6346ee10c065ccc051a489a1ecff7695.bundle,簽約室定操作還篩選,Say,イー･テイ,92,まずはセラーについてだけど、昨日の件でセラーは今メンテナンス中なんだ。,"우선 지하 저장고에 대해서인데, 어제 그 일 때문에 지금 점검 중이야."
scene_day3_scenes_fab_day3_logic_6346ee10c065ccc051a489a1ecff7695.bundle,簽約室定操作還篩選,Say,心の声,18,多分昨日の事故のせいだろう。そんなに大ごとだったのか……,아마 어제 사고 때문이겠지. 그렇게 큰일이었나……
scene_day3_scenes_fab_day3_logic_6346ee10c065ccc051a489a1ecff7695.bundle,簽約室定操作還篩選,Say,イー･テイ,93,それともう一つ！僕は選別組のオフィスを開放したいと思っている！,그리고 하나 더! 나는 선별조 사무실을 개방하고 싶어!
scene_day3_scenes_fab_day3_logic_6346ee10c065ccc051a489a1ecff7695.bundle,簽約室定操作還篩選,Branch,#Simple,73,オフィスを開放する？,사무실을 개방한다고요?
scene_day3_scenes_fab_day3_logic_6346ee10c065ccc051a489a1ecff7695.bundle,簽約室定操作還篩選,Say,イー･テイ,94,そう！,맞아!
scene_day3_scenes_fab_day3_logic_6346ee10c065ccc051a489a1ecff7695.bundle,簽約室定操作還篩選,Branch,#Simple,74,それは良いことのように聞こえますけど？,그거 좋은 일처럼 들리는데요?
scene_day3_scenes_fab_day3_logic_6346ee10c065ccc051a489a1ecff7695.bundle,簽約室定操作還篩選,Say,イー･テイ,95,そうなるといいけどね！,그렇게 되면 좋겠는데!
scene_day3_scenes_fab_day3_logic_6346ee10c065ccc051a489a1ecff7695.bundle,簽約室定操作還篩選,Branch,#Simple,75,……,……
scene_day3_scenes_fab_day3_logic_6346ee10c065ccc051a489a1ecff7695.bundle,簽約室定操作還篩選,Say,イー･テイ,96,今日から、僕は選別組のいくつかのエリアを開放する。操作組、修築組問わず、自由に我々のオフィスを出入りできる。,"오늘부터, 나는 선별조의 몇몇 구역을 개방할 거야. 조작조든 수축조든 상관없이, 자유롭게 우리 사무실을 드나들 수 있게."
scene_day3_scenes_fab_day3_logic_6346ee10c065ccc051a489a1ecff7695.bundle,簽約室定操作還篩選,Say,イー･テイ,97,僕は何年もこの計画を推し進めていた。それにこの件について本社は、各工場の判断で決めていいと同意をもらっている。,"나는 몇 년째 이 계획을 추진해왔어. 게다가 이 건에 대해서 본사한테서, 각 공장 판단에 맡겨도 된다는 동의를 받았고."
scene_day3_scenes_fab_day3_logic_6346ee10c065ccc051a489a1ecff7695.bundle,簽約室定操作還篩選,Say,イー･テイ,98,ただイファマネージャーがずっとそれを止めていただけだ。彼女は本社の怒りに触れるのを恐れたんだろうけど、僕は臆したりはしない。,"그저 이화 매니저가 계속 그걸 막고 있었을 뿐이야. 그 사람은 본사의 노여움을 사는 게 두려웠던 거겠지만, 나는 겁먹지 않아."
scene_day3_scenes_fab_day3_logic_6346ee10c065ccc051a489a1ecff7695.bundle,簽約室定操作還篩選,Say,イー･テイ,99,僕はずっと二つの組がスムーズな交流や協力ができるようになってほしかったんだ。,나는 계속 두 조가 원활하게 교류하고 협력할 수 있게 되길 바랐어.
scene_day3_scenes_fab_day3_logic_6346ee10c065ccc051a489a1ecff7695.bundle,簽約室定操作還篩選,Say,イー･テイ,100,やっとチャンスが回ってきたよ！,드디어 기회가 왔어!
scene_day3_scenes_fab_day3_logic_6346ee10c065ccc051a489a1ecff7695.bundle,簽約室定操作還篩選,Say,イー･テイ,101,よし、話はだいたいこんな感じかな、そろそろ行こうか。,"좋아, 얘기는 대충 이 정도인가, 슬슬 가볼까."
scene_day3_scenes_fab_day3_logic_6346ee10c065ccc051a489a1ecff7695.bundle,簽約室定操作還篩選,Say,イー･テイ,102,また来週に連絡するから。一緒に働くのを楽しみにしてるよ！,다음 주에 다시 연락할게. 같이 일하는 거 기대하고 있어!
scene_day3_scenes_fab_day3_logic_6346ee10c065ccc051a489a1ecff7695.bundle,簽約室定操作還篩選,Say,イー･テイ,103,散々な研修ではあったけど、これからもよろしくね。,"고생스러운 연수이긴 했지만, 앞으로도 잘 부탁해."
scene_day3_scenes_fab_day3_logic_6346ee10c065ccc051a489a1ecff7695.bundle,簽約室定操作還篩選,Branch,#Simple,76,確かに大変でした。,확실히 힘들었어요.
scene_day3_scenes_fab_day3_logic_6346ee10c065ccc051a489a1ecff7695.bundle,簽約室定操作還篩選,Say,イー･テイ,104,ハハ、ジェイは頑張ったよ。,"하하, 제이는 열심히 했어."
scene_day3_scenes_fab_day3_logic_6346ee10c065ccc051a489a1ecff7695.bundle,簽約室定操作還篩選,Branch,#Simple,77,仕事が見つかってよかったです。,일자리를 구해서 다행이에요.
scene_day3_scenes_fab_day3_logic_6346ee10c065ccc051a489a1ecff7695.bundle,簽約室定操作還篩選,Say,イー･テイ,105,ハハ、良い心構えだ！,"하하, 좋은 마음가짐이네!"
scene_day3_scenes_fab_day3_logic_6346ee10c065ccc051a489a1ecff7695.bundle,簽約室定操作還篩選,Branch,#Simple,78,はぁ……,하아……
scene_day3_scenes_fab_day3_logic_6346ee10c065ccc051a489a1ecff7695.bundle,簽約室定操作還篩選,Say,イー･テイ,106,今は大変だけど、これから良くなっていくはずだよ。,"지금은 힘들지만, 앞으로 나아질 거야."
scene_day3_scenes_fab_day3_logic_6346ee10c065ccc051a489a1ecff7695.bundle,簽約室定操作還篩選,Branch,#Simple,79,……,……
scene_day3_scenes_fab_day3_logic_6346ee10c065ccc051a489a1ecff7695.bundle,簽約室定操作還篩選,Say,イー･テイ,107,さあ！話はこれで全部だ。僕はここら辺で失礼するね。,자! 얘기는 이걸로 다야. 나는 이만 가볼게.
scene_day3_scenes_fab_day3_logic_6346ee10c065ccc051a489a1ecff7695.bundle,簽約室定操作還篩選,Say,イー･テイ,108,君はもう少しここにいてもいいけど、あまり長居はしないでね。,"너는 좀 더 여기 있어도 되지만, 너무 오래 있진 마."
scene_day3_scenes_fab_day3_logic_6346ee10c065ccc051a489a1ecff7695.bundle,簽約室定操作還篩選,Say,イー･テイ,109,この部屋が空くのを待っている人がいるから。,이 방 비기를 기다리는 사람이 있으니까.
scene_day3_scenes_fab_day3_logic_6346ee10c065ccc051a489a1ecff7695.bundle,簽約室定操作還篩選,Say,イー･テイ,110,じゃ、また来週に。,"그럼, 다음 주에 봐."
scene_day3_scenes_fab_day3_logic_6346ee10c065ccc051a489a1ecff7695.bundle,簽約室定操作還篩選,Branch,#Simple,80,お疲れ様でした。,수고하셨습니다.
scene_day3_scenes_fab_day3_logic_6346ee10c065ccc051a489a1ecff7695.bundle,簽約室定操作還篩選,Branch,#Simple,81,……,……
scene_day3_scenes_fab_day3_logic_6346ee10c065ccc051a489a1ecff7695.bundle,簽約室定操作還篩選,Say,イー･テイ,111,これから何をするか、もうわかってるよね？,"이제 뭘 할지, 이미 알고 있지?"
scene_day3_scenes_fab_day3_logic_6346ee10c065ccc051a489a1ecff7695.bundle,簽約室定操作還篩選,Branch,#Simple,82,俺は不採用でしたか？,저 채용 안 된 건가요?
scene_day3_scenes_fab_day3_logic_6346ee10c065ccc051a489a1ecff7695.bundle,簽約室定操作還篩選,Say,イー･テイ,112,そんなことないよ！どうしてそう思ったの！？,그런 거 아니야! 왜 그렇게 생각한 거야!?
scene_day3_scenes_fab_day3_logic_6346ee10c065ccc051a489a1ecff7695.bundle,簽約室定操作還篩選,Branch,#Simple,83,重々しい空気だったので……,분위기가 너무 무거워서요……
scene_day3_scenes_fab_day3_logic_6346ee10c065ccc051a489a1ecff7695.bundle,簽約室定操作還篩選,Say,イー･テイ,113,そんなことないよ！,그런 거 아니야!
scene_day3_scenes_fab_day3_logic_6346ee10c065ccc051a489a1ecff7695.bundle,簽約室定操作還篩選,Say,イー･テイ,114,でも、実は僕も少し緊張しているんだ、ハハ……,"그런데, 사실 나도 좀 긴장하고 있어, 하하……"
scene_day3_scenes_fab_day3_logic_6346ee10c065ccc051a489a1ecff7695.bundle,簽約室定操作還篩選,Branch,#Simple,84,冗談を言ってみただけです。,그냥 농담해본 거예요.
scene_day3_scenes_fab_day3_logic_6346ee10c065ccc051a489a1ecff7695.bundle,簽約室定操作還篩選,Say,イー･テイ,115,自分のキャリアの合否に冗談とは肝が据わってるね……ハハ……,자기 커리어 합격 여부로 농담을 하다니 배짱이 두둑하네……하하……
scene_day3_scenes_fab_day3_logic_6346ee10c065ccc051a489a1ecff7695.bundle,簽約室定操作還篩選,Branch,#Simple,85,じゃ、何の用ですか？,"그럼, 무슨 일이시죠?"
scene_day3_scenes_fab_day3_logic_6346ee10c065ccc051a489a1ecff7695.bundle,簽約室定操作還篩選,Branch,#Simple,86,どこの組に配属されるかを決めるためですか？,어느 조로 배치될지 정하려는 건가요?
scene_day3_scenes_fab_day3_logic_6346ee10c065ccc051a489a1ecff7695.bundle,簽約室定操作還篩選,Say,イー･テイ,116,そうだ。,맞아.
scene_day3_scenes_fab_day3_logic_6346ee10c065ccc051a489a1ecff7695.bundle,簽約室定操作還篩選,Branch,#Simple,87,わかりません。,모르겠어요.
scene_day3_scenes_fab_day3_logic_6346ee10c065ccc051a489a1ecff7695.bundle,簽約室定操作還篩選,Say,イー･テイ,117,この二日間の研修結果を君に伝えたいと思う。,이 이틀간의 연수 결과를 너한테 전하고 싶어.
scene_day3_scenes_fab_day3_logic_6346ee10c065ccc051a489a1ecff7695.bundle,簽約室定操作還篩選,Say,心の声,19,やはりか。,역시나.
scene_day3_scenes_fab_day3_logic_6346ee10c065ccc051a489a1ecff7695.bundle,簽約室定操作還篩選,Say,イー･テイ,118,でもその前に、この工場について話したい。,"근데 그 전에, 이 공장에 대해서 얘기하고 싶어."
scene_day3_scenes_fab_day3_logic_6346ee10c065ccc051a489a1ecff7695.bundle,簽約室定操作還篩選,Say,イー･テイ,119,まずイファマネージャーだけど、少しトラブルがあったようで、当分は会社に来られないそうだ。,"우선 이화 매니저인데, 약간 문제가 있었던 것 같아서, 당분간 회사에 못 나온다더라."
scene_day3_scenes_fab_day3_logic_6346ee10c065ccc051a489a1ecff7695.bundle,簽約室定操作還篩選,Say,心の声,20,当分ではなく、永遠に来られないだろうな……,"당분간이 아니라, 영원히 못 오겠지……"
scene_day3_scenes_fab_day3_logic_6346ee10c065ccc051a489a1ecff7695.bundle,簽約室定操作還篩選,Say,心の声,21,彼はイファ･ヨウについて、どれくらい知らされているのだろうか……,"이 사람은 이화 요에 대해, 얼마나 전해 들었을까……"
scene_day3_scenes_fab_day3_logic_6346ee10c065ccc051a489a1ecff7695.bundle,簽約室定操作還篩選,Say,イー･テイ,120,現在サイレントは会社の規定により、各組のチーフが管理している。,"현재 사일런트는 회사 규정에 따라, 각 조의 팀장이 관리하고 있어."
scene_day3_scenes_fab_day3_logic_6346ee10c065ccc051a489a1ecff7695.bundle,簽約室定操作還篩選,Say,イー･テイ,121,でも操作組のチーフはとある事故により、会社に来れない状況だ。あっちは今シュン･ゴが代理で管理している。,"그런데 조작조 팀장은 어떤 사고 때문에, 회사에 못 나오는 상황이야. 거긴 지금 슌 고가 대신 관리하고 있어."
scene_day3_scenes_fab_day3_logic_6346ee10c065ccc051a489a1ecff7695.bundle,簽約室定操作還篩選,Say,心の声,22,事故？,사고?
scene_day3_scenes_fab_day3_logic_6346ee10c065ccc051a489a1ecff7695.bundle,簽約室定操作還篩選,Say,心の声,23,そうだ。昨日セラさんがチーフを殴ったんだ。,맞다. 어제 세라 씨가 팀장을 때렸었지.
scene_day3_scenes_fab_day3_logic_6346ee10c065ccc051a489a1ecff7695.bundle,簽約室定操作還篩選,Say,イー･テイ,122,結論を言うと、君を採用するかどうかの決定権は僕とシュン･ゴに移された。,"결론부터 말하면, 너를 채용할지 말지의 결정권이 나랑 슌 고한테 넘어왔어."
scene_day3_scenes_fab_day3_logic_6346ee10c065ccc051a489a1ecff7695.bundle,簽約室定操作還篩選,Say,イー･テイ,123,残念ながら、シュンは君を採用しないようだ。,"안타깝게도, 슌은 너를 채용 안 할 것 같아."
scene_day3_scenes_fab_day3_logic_6346ee10c065ccc051a489a1ecff7695.bundle,簽約室定操作還篩選,Say,心の声,24,それは昨日、本人から聞いたな……,"그건 어제, 본인한테 직접 들었었지……"
scene_day3_scenes_fab_day3_logic_6346ee10c065ccc051a489a1ecff7695.bundle,簽約室定操作還篩選,Say,イー･テイ,124,落ち込む必要はないよ！良いニュースだ！,낙심할 필요 없어! 좋은 소식이야!
scene_day3_scenes_fab_day3_logic_6346ee10c065ccc051a489a1ecff7695.bundle,簽約室定操作還篩選,Say,イー･テイ,125,僕は君を採用しようと思う！,나는 너를 채용하려고 해!
scene_day3_scenes_fab_day3_logic_6346ee10c065ccc051a489a1ecff7695.bundle,簽約室定操作還篩選,Say,イー･テイ,126,だから選別組へようこそ。ジェイ！,그러니까 선별조에 온 걸 환영해. 제이!
scene_day3_scenes_fab_day3_logic_6346ee10c065ccc051a489a1ecff7695.bundle,簽約室定操作還篩選,Branch,#Simple,88,ありがとうございます！,감사합니다!
scene_day3_scenes_fab_day3_logic_6346ee10c065ccc051a489a1ecff7695.bundle,簽約室定操作還篩選,Say,イー･テイ,127,ハハ、礼には及ばないよ、君の頑張りにより、このチャンスを手に入れたんだから！,"하하, 고마워할 것까지야, 네가 열심히 한 덕분에 이 기회를 얻은 거니까!"
scene_day3_scenes_fab_day3_logic_6346ee10c065ccc051a489a1ecff7695.bundle,簽約室定操作還篩選,Branch,#Simple,89,了解。,알겠습니다.
scene_day3_scenes_fab_day3_logic_6346ee10c065ccc051a489a1ecff7695.bundle,簽約室定操作還篩選,Branch,#Simple,90,……,……
scene_day3_scenes_fab_day3_logic_6346ee10c065ccc051a489a1ecff7695.bundle,簽約室定操作還篩選,Say,イー･テイ,128,あれ？リアクションが薄いね。,어라? 반응이 좀 시큰둥하네.
scene_day3_scenes_fab_day3_logic_6346ee10c065ccc051a489a1ecff7695.bundle,簽約室定操作還篩選,Branch,#Simple,91,予想通りの結果だったので。,예상대로의 결과라서요.
scene_day3_scenes_fab_day3_logic_6346ee10c065ccc051a489a1ecff7695.bundle,簽約室定操作還篩選,Say,イー･テイ,129,ハハッ、そうか！,"하핫, 그렇구나!"
scene_day3_scenes_fab_day3_logic_6346ee10c065ccc051a489a1ecff7695.bundle,簽約室定操作還篩選,Branch,#Simple,92,操作組に入りたかったので。,조작조에 들어가고 싶었어서요.
scene_day3_scenes_fab_day3_logic_6346ee10c065ccc051a489a1ecff7695.bundle,簽約室定操作還篩選,Say,イー･テイ,130,そ、そうか……,"그, 그렇구나……"
scene_day3_scenes_fab_day3_logic_6346ee10c065ccc051a489a1ecff7695.bundle,簽約室定操作還篩選,Say,心の声,25,ストレートに言いすぎて、彼が落ち込んでしまった……,"너무 직설적으로 말해서, 이 사람이 풀이 죽어버렸다……"
scene_day3_scenes_fab_day3_logic_6346ee10c065ccc051a489a1ecff7695.bundle,簽約室定操作還篩選,Say,イー･テイ,131,そうだ。もう一つ伝えなければいけないことがあった。,맞다. 하나 더 전해야 할 게 있었어.
scene_day3_scenes_fab_day3_logic_6346ee10c065ccc051a489a1ecff7695.bundle,簽約室定操作還篩選,Say,イー･テイ,132,実は、君の正式な配属日はまだ決まってないんだ。,"실은, 네 정식 배치일은 아직 안 정해졌어."
scene_day3_scenes_fab_day3_logic_6346ee10c065ccc051a489a1ecff7695.bundle,簽約室定操作還篩選,Say,心の声,26,……なに？,……뭐?
scene_day3_scenes_fab_day3_logic_6346ee10c065ccc051a489a1ecff7695.bundle,簽約室定操作還篩選,Branch,#Simple,93,なぜ決まってないのですか？,왜 안 정해진 거죠?
scene_day3_scenes_fab_day3_logic_6346ee10c065ccc051a489a1ecff7695.bundle,簽約室定操作還篩選,Say,イー･テイ,133,イファマネージャーが起こした情報漏洩により、今のサイレントはそれどころではないからです。,"이화 매니저가 일으킨 정보 유출 때문에, 지금 사일런트는 그럴 상황이 아니거든요."
scene_day3_scenes_fab_day3_logic_6346ee10c065ccc051a489a1ecff7695.bundle,簽約室定操作還篩選,Say,イー･テイ,134,本社は今、一部の業務を止め調査を行っています。,"본사는 지금, 일부 업무를 중단하고 조사를 진행하고 있어요."
scene_day3_scenes_fab_day3_logic_6346ee10c065ccc051a489a1ecff7695.bundle,簽約室定操作還篩選,Say,イー･テイ,135,配属のプロセスもその一部に入っているのです。,배치 절차도 그중 일부에 들어가 있어요.
scene_day3_scenes_fab_day3_logic_6346ee10c065ccc051a489a1ecff7695.bundle,簽約室定操作還篩選,Branch,#Simple,94,なるほど。,그렇군요.
scene_day3_scenes_fab_day3_logic_6346ee10c065ccc051a489a1ecff7695.bundle,簽約室定操作還篩選,Branch,#Simple,95,……,……
scene_day3_scenes_fab_day3_logic_6346ee10c065ccc051a489a1ecff7695.bundle,簽約室定操作還篩選,Say,イー･テイ,136,……,……
scene_day3_scenes_fab_day3_logic_6346ee10c065ccc051a489a1ecff7695.bundle,簽約室定操作還篩選,Say,イー･テイ,137,君の昨日の話は当たってたみたいだね。,네 어제 얘기가 맞았던 것 같네.
scene_day3_scenes_fab_day3_logic_6346ee10c065ccc051a489a1ecff7695.bundle,簽約室定操作還篩選,Branch,#Simple,96,なんのことですか？,무슨 얘기죠?
scene_day3_scenes_fab_day3_logic_6346ee10c065ccc051a489a1ecff7695.bundle,簽約室定操作還篩選,Say,イー･テイ,138,屋上に行く前に、君が言ってただろう？,"옥상 가기 전에, 네가 말했었잖아?"
scene_day3_scenes_fab_day3_logic_6346ee10c065ccc051a489a1ecff7695.bundle,簽約室定操作還篩選,Say,イー･テイ,139,会社の機密情報を盗んだマネージャーが、本社に狙われているかもしれないって。,"회사 기밀 정보를 훔친 매니저가, 본사한테 노려지고 있을지도 모른다고."
scene_day3_scenes_fab_day3_logic_6346ee10c065ccc051a489a1ecff7695.bundle,簽約室定操作還篩選,Say,心の声,27,確かにそう言っていたな。,확실히 그렇게 말했었지.
scene_day3_scenes_fab_day3_logic_6346ee10c065ccc051a489a1ecff7695.bundle,簽約室定操作還篩選,Branch,#Simple,97,そうですね。,그러게요.
scene_day3_scenes_fab_day3_logic_6346ee10c065ccc051a489a1ecff7695.bundle,簽約室定操作還篩選,Branch,#Simple,98,……,……
scene_day3_scenes_fab_day3_logic_6346ee10c065ccc051a489a1ecff7695.bundle,簽約室定操作還篩選,Say,イー･テイ,140,どうやら、君の昨日の話は本当だったみたいだね。,"아무래도, 네 어제 얘기가 진짜였던 것 같아."
scene_day3_scenes_fab_day3_logic_6346ee10c065ccc051a489a1ecff7695.bundle,簽約室定操作還篩選,Branch,#Simple,99,なんのことですか？,무슨 얘기죠?
scene_day3_scenes_fab_day3_logic_6346ee10c065ccc051a489a1ecff7695.bundle,簽約室定操作還篩選,Say,イー･テイ,141,屋上に行く前に、君が言ってただろう？,"옥상 가기 전에, 네가 말했었잖아?"
scene_day3_scenes_fab_day3_logic_6346ee10c065ccc051a489a1ecff7695.bundle,簽約室定操作還篩選,Say,イー･テイ,142,イファが君に、会社の機密情報を盗み出す協力を求めたって。,"이화가 너한테, 회사 기밀 정보를 훔치는 걸 도와달라고 했었다며."
scene_day3_scenes_fab_day3_logic_6346ee10c065ccc051a489a1ecff7695.bundle,簽約室定操作還篩選,Say,心の声,28,確かにそう言っていたな。,확실히 그렇게 말했었지.
scene_day3_scenes_fab_day3_logic_6346ee10c065ccc051a489a1ecff7695.bundle,簽約室定操作還篩選,Say,イー･テイ,143,正直、その時は半信半疑だったんだ……,"솔직히, 그때는 반신반의했었어……"
scene_day3_scenes_fab_day3_logic_6346ee10c065ccc051a489a1ecff7695.bundle,簽約室定操作還篩選,Branch,#Simple,100,そうですね。,그러게요.
scene_day3_scenes_fab_day3_logic_6346ee10c065ccc051a489a1ecff7695.bundle,簽約室定操作還篩選,Branch,#Simple,101,……,……
scene_day3_scenes_fab_day3_logic_6346ee10c065ccc051a489a1ecff7695.bundle,簽約室定操作還篩選,Say,イー･テイ,144,正直に言って、彼女の行動が未だに信じられません……,"솔직히 말해서, 그 사람 행동이 아직도 믿기지 않아요……"
scene_day3_scenes_fab_day3_logic_6346ee10c065ccc051a489a1ecff7695.bundle,簽約室定操作還篩選,Say,心の声,29,かなり落ち込んでいるようだ……,꽤 침울해 보인다……
scene_day3_scenes_fab_day3_logic_6346ee10c065ccc051a489a1ecff7695.bundle,簽約室定操作還篩選,Say,イー･テイ,145,はぁ……,하아……
scene_day3_scenes_fab_day3_logic_6346ee10c065ccc051a489a1ecff7695.bundle,簽約室定操作還篩選,Say,イー･テイ,146,彼女も自分の考えがあっての行動だろう。多分、私利のためではないと思うけど……,"그 사람도 나름의 생각이 있어서 한 행동이겠지. 아마, 사리사욕을 위해서는 아니었을 것 같지만……"
scene_day3_scenes_fab_day3_logic_6346ee10c065ccc051a489a1ecff7695.bundle,簽約室定操作還篩選,Say,イー･テイ,147,いや、こんなこと考えても仕方ない！とりあえず君の仕事についてだ。,"아니, 이런 거 생각해봤자 소용없지! 일단 네 업무에 대해서 얘기하자."
scene_day3_scenes_fab_day3_logic_6346ee10c065ccc051a489a1ecff7695.bundle,簽約室定操作還篩選,Branch,#Simple,102,了解。,알겠습니다.
scene_day3_scenes_fab_day3_logic_6346ee10c065ccc051a489a1ecff7695.bundle,簽約室定操作還篩選,Say,イー･テイ,148,よし。,좋아.
scene_day3_scenes_fab_day3_logic_6346ee10c065ccc051a489a1ecff7695.bundle,簽約室定操作還篩選,Branch,#Simple,103,……,……
scene_day3_scenes_fab_day3_logic_6346ee10c065ccc051a489a1ecff7695.bundle,簽約室定操作還篩選,Say,イー･テイ,149,多分この状況は来週の月曜日まで続くと思います。月曜日以降に正式に配属されるはずです。,아마 이 상황은 다음 주 월요일까지 계속될 거예요. 월요일 이후에 정식으로 배치될 거고요.
scene_day3_scenes_fab_day3_logic_6346ee10c065ccc051a489a1ecff7695.bundle,簽約室定操作還篩選,Say,イー･テイ,150,配属は先になりますが、それまでに工場での生活に慣れておくのがいいかもしれません。,"배치는 나중이지만, 그때까지 공장 생활에 익숙해지시는 게 좋을지도 몰라요."
scene_day3_scenes_fab_day3_logic_6346ee10c065ccc051a489a1ecff7695.bundle,簽約室定操作還篩選,Say,イー･テイ,151,ここの環境を深く知り、一部の仕事をやってみるのもいいでしょう。,"여기 환경을 깊이 알아두고, 일부 업무를 해보시는 것도 좋을 거예요."
scene_day3_scenes_fab_day3_logic_6346ee10c065ccc051a489a1ecff7695.bundle,簽約室定操作還篩選,Branch,#Simple,104,それは良いかもしれません。,그거 괜찮을지도 모르겠네요.
scene_day3_scenes_fab_day3_logic_6346ee10c065ccc051a489a1ecff7695.bundle,簽約室定操作還篩選,Say,イー･テイ,152,おっ、言ったな！じゃ仕事を頼もうかな！,"오, 말했다! 그럼 일 좀 시켜볼까!"
scene_day3_scenes_fab_day3_logic_6346ee10c065ccc051a489a1ecff7695.bundle,簽約室定操作還篩選,Say,心の声,30,うっ……,윽……
scene_day3_scenes_fab_day3_logic_6346ee10c065ccc051a489a1ecff7695.bundle,簽約室定操作還篩選,Say,イー･テイ,153,ハハ、冗談だよ！,"하하, 농담이야!"
scene_day3_scenes_fab_day3_logic_6346ee10c065ccc051a489a1ecff7695.bundle,簽約室定操作還篩選,Branch,#Simple,105,……,……
scene_day3_scenes_fab_day3_logic_6346ee10c065ccc051a489a1ecff7695.bundle,簽約室定操作還篩選,Say,イー･テイ,154,あ、それともう二つほど伝えたいことがあるんだ！,"아, 그리고 두 가지 더 전할 게 있어!"
scene_day3_scenes_fab_day3_logic_6346ee10c065ccc051a489a1ecff7695.bundle,簽約室定操作還篩選,Say,イー･テイ,155,ごめんね、話が長くて。,"미안, 얘기가 길어져서."
scene_day3_scenes_fab_day3_logic_6346ee10c065ccc051a489a1ecff7695.bundle,簽約室定操作還篩選,Say,イー･テイ,156,まずはセラーについてだけど、昨日の件でセラーは今メンテナンス中なんだ。,"우선 지하 저장고에 대해서인데, 어제 그 일 때문에 지금 점검 중이야."
scene_day3_scenes_fab_day3_logic_6346ee10c065ccc051a489a1ecff7695.bundle,簽約室定操作還篩選,Say,心の声,31,多分昨日の事故のせいだろう。そんなに大ごとだったのか……,아마 어제 사고 때문이겠지. 그렇게 큰일이었나……
scene_day3_scenes_fab_day3_logic_6346ee10c065ccc051a489a1ecff7695.bundle,簽約室定操作還篩選,Say,イー･テイ,157,それともう一つ！僕は選別組のオフィスを開放したいと思っている！,그리고 하나 더! 나는 선별조 사무실을 개방하고 싶어!
scene_day3_scenes_fab_day3_logic_6346ee10c065ccc051a489a1ecff7695.bundle,簽約室定操作還篩選,Branch,#Simple,106,オフィスを開放する？,사무실을 개방한다고요?
scene_day3_scenes_fab_day3_logic_6346ee10c065ccc051a489a1ecff7695.bundle,簽約室定操作還篩選,Say,イー･テイ,158,そう！,맞아!
scene_day3_scenes_fab_day3_logic_6346ee10c065ccc051a489a1ecff7695.bundle,簽約室定操作還篩選,Branch,#Simple,107,それは良いことのように聞こえますけど？,그거 좋은 일처럼 들리는데요?
scene_day3_scenes_fab_day3_logic_6346ee10c065ccc051a489a1ecff7695.bundle,簽約室定操作還篩選,Say,イー･テイ,159,そうなるといいけどね！,그렇게 되면 좋겠는데!
scene_day3_scenes_fab_day3_logic_6346ee10c065ccc051a489a1ecff7695.bundle,簽約室定操作還篩選,Branch,#Simple,108,……,……
scene_day3_scenes_fab_day3_logic_6346ee10c065ccc051a489a1ecff7695.bundle,簽約室定操作還篩選,Say,イー･テイ,160,今日から、僕は選別組のいくつかのエリアを開放する。操作組、修築組問わず、自由に我々のオフィスを出入りできる。,"오늘부터, 나는 선별조의 몇몇 구역을 개방할 거야. 조작조든 수축조든 상관없이, 자유롭게 우리 사무실을 드나들 수 있게."
scene_day3_scenes_fab_day3_logic_6346ee10c065ccc051a489a1ecff7695.bundle,簽約室定操作還篩選,Say,イー･テイ,161,僕は何年もこの計画を推し進めていた。それにこの件について本社は、各工場の判断で決めていいと同意をもらっている。,"나는 몇 년째 이 계획을 추진해왔어. 게다가 이 건에 대해서 본사한테서, 각 공장 판단에 맡겨도 된다는 동의를 받았고."
scene_day3_scenes_fab_day3_logic_6346ee10c065ccc051a489a1ecff7695.bundle,簽約室定操作還篩選,Say,イー･テイ,162,ただイファマネージャーがずっとそれを止めていただけだ。彼女は本社の怒りに触れるのを恐れたんだろうけど、僕は臆したりはしない。,"그저 이화 매니저가 계속 그걸 막고 있었을 뿐이야. 그 사람은 본사의 노여움을 사는 게 두려웠던 거겠지만, 나는 겁먹지 않아."
scene_day3_scenes_fab_day3_logic_6346ee10c065ccc051a489a1ecff7695.bundle,簽約室定操作還篩選,Say,イー･テイ,163,僕はずっと二つの組がスムーズな交流や協力ができるようになってほしかったんだ。,나는 계속 두 조가 원활하게 교류하고 협력할 수 있게 되길 바랐어.
scene_day3_scenes_fab_day3_logic_6346ee10c065ccc051a489a1ecff7695.bundle,簽約室定操作還篩選,Say,イー･テイ,164,やっとチャンスが回ってきたよ！,드디어 기회가 왔어!
scene_day3_scenes_fab_day3_logic_6346ee10c065ccc051a489a1ecff7695.bundle,簽約室定操作還篩選,Say,イー･テイ,165,よし、話はだいたいこんな感じかな、そろそろ行こうか。,"좋아, 얘기는 대충 이 정도인가, 슬슬 가볼까."
scene_day3_scenes_fab_day3_logic_6346ee10c065ccc051a489a1ecff7695.bundle,簽約室定操作還篩選,Say,イー･テイ,166,また来週に連絡するから。一緒に働くのを楽しみにしてるよ！,다음 주에 다시 연락할게. 같이 일하는 거 기대하고 있어!
scene_day3_scenes_fab_day3_logic_6346ee10c065ccc051a489a1ecff7695.bundle,簽約室定操作還篩選,Say,イー･テイ,167,散々な研修ではあったけど、これからもよろしくね。,"고생스러운 연수이긴 했지만, 앞으로도 잘 부탁해."
scene_day3_scenes_fab_day3_logic_6346ee10c065ccc051a489a1ecff7695.bundle,簽約室定操作還篩選,Branch,#Simple,109,確かに大変でした。,확실히 힘들었어요.
scene_day3_scenes_fab_day3_logic_6346ee10c065ccc051a489a1ecff7695.bundle,簽約室定操作還篩選,Say,イー･テイ,168,ハハ、ジェイは頑張ったよ。,"하하, 제이는 열심히 했어."
scene_day3_scenes_fab_day3_logic_6346ee10c065ccc051a489a1ecff7695.bundle,簽約室定操作還篩選,Branch,#Simple,110,仕事が見つかってよかったです。,일자리를 구해서 다행이에요.
scene_day3_scenes_fab_day3_logic_6346ee10c065ccc051a489a1ecff7695.bundle,簽約室定操作還篩選,Say,イー･テイ,169,ハハ、良い心構えだ！,"하하, 좋은 마음가짐이네!"
scene_day3_scenes_fab_day3_logic_6346ee10c065ccc051a489a1ecff7695.bundle,簽約室定操作還篩選,Branch,#Simple,111,はぁ……,하아……
scene_day3_scenes_fab_day3_logic_6346ee10c065ccc051a489a1ecff7695.bundle,簽約室定操作還篩選,Say,イー･テイ,170,今は大変だけど、これから良くなっていくはずだよ。,"지금은 힘들지만, 앞으로 나아질 거야."
scene_day3_scenes_fab_day3_logic_6346ee10c065ccc051a489a1ecff7695.bundle,簽約室定操作還篩選,Branch,#Simple,112,……,……
scene_day3_scenes_fab_day3_logic_6346ee10c065ccc051a489a1ecff7695.bundle,簽約室定操作還篩選,Say,イー･テイ,171,さあ！話はこれで全部だ。僕はここら辺で失礼するね。,자! 얘기는 이걸로 다야. 나는 이만 가볼게.
scene_day3_scenes_fab_day3_logic_6346ee10c065ccc051a489a1ecff7695.bundle,簽約室定操作還篩選,Say,イー･テイ,172,君はもう少しここにいてもいいけど、あまり長居はしないでね。,"너는 좀 더 여기 있어도 되지만, 너무 오래 있진 마."
scene_day3_scenes_fab_day3_logic_6346ee10c065ccc051a489a1ecff7695.bundle,簽約室定操作還篩選,Say,イー･テイ,173,この部屋が空くのを待っている人がいるから。,이 방 비기를 기다리는 사람이 있으니까.
scene_day3_scenes_fab_day3_logic_6346ee10c065ccc051a489a1ecff7695.bundle,簽約室定操作還篩選,Say,イー･テイ,174,じゃ、また来週に。,"그럼, 다음 주에 봐."
scene_day3_scenes_fab_day3_logic_6346ee10c065ccc051a489a1ecff7695.bundle,簽約室定操作還篩選,Branch,#Simple,113,お疲れ様でした。,수고하셨습니다.
scene_day3_scenes_fab_day3_logic_6346ee10c065ccc051a489a1ecff7695.bundle,簽約室定操作還篩選,Branch,#Simple,114,……,……
scene_day3_scenes_fab_day3_logic_6346ee10c065ccc051a489a1ecff7695.bundle,簽約室定操作還篩選,Say,シュン･ゴ,85,この二日間の研修結果を君に伝えたいと思う。,이 이틀간의 연수 결과를 너한테 전하고 싶어.
scene_day3_scenes_fab_day3_logic_6346ee10c065ccc051a489a1ecff7695.bundle,簽約室定操作還篩選,Say,心の声,32,やはりか。,역시나.
scene_day3_scenes_fab_day3_logic_6346ee10c065ccc051a489a1ecff7695.bundle,簽約室定操作還篩選,Say,シュン･ゴ,86,でもその前に、この工場について話したい。,"근데 그 전에, 이 공장에 대해서 얘기하고 싶어."
scene_day3_scenes_fab_day3_logic_6346ee10c065ccc051a489a1ecff7695.bundle,簽約室定操作還篩選,Say,シュン･ゴ,87,まずイファマネージャーだけど、少しトラブルがあったようで、当分は会社に来られないそうだ。,"우선 이화 매니저인데, 약간 문제가 있었던 것 같아서, 당분간 회사에 못 나온다더라."
scene_day3_scenes_fab_day3_logic_6346ee10c065ccc051a489a1ecff7695.bundle,簽約室定操作還篩選,Say,心の声,33,当分ではなく、永遠に来られないだろうな……,"당분간이 아니라, 영원히 못 오겠지……"
scene_day3_scenes_fab_day3_logic_6346ee10c065ccc051a489a1ecff7695.bundle,簽約室定操作還篩選,Say,心の声,34,彼はイファ･ヨウについて、どれくらい知らされているのだろうか……,"이 사람은 이화 요에 대해, 얼마나 전해 들었을까……"
scene_day3_scenes_fab_day3_logic_6346ee10c065ccc051a489a1ecff7695.bundle,簽約室定操作還篩選,Say,シュン･ゴ,88,現在サイレントは会社の規定により、各組のチーフが管理している。,"현재 사일런트는 회사 규정에 따라, 각 조의 팀장이 관리하고 있어."
scene_day3_scenes_fab_day3_logic_6346ee10c065ccc051a489a1ecff7695.bundle,簽約室定操作還篩選,Say,シュン･ゴ,89,ですが操作組のチーフはとある事故により、会社に来れない状況のため、私が代理で管理しています。,"다만 조작조 팀장은 어떤 사고로 인해, 회사에 못 나오는 상황이라, 제가 대신 관리하고 있어요."
scene_day3_scenes_fab_day3_logic_6346ee10c065ccc051a489a1ecff7695.bundle,簽約室定操作還篩選,Say,心の声,35,事故？,사고?
scene_day3_scenes_fab_day3_logic_6346ee10c065ccc051a489a1ecff7695.bundle,簽約室定操作還篩選,Say,心の声,36,そうだ。昨日セラさんがチーフを殴ったんだ。,맞다. 어제 세라 씨가 팀장을 때렸었지.
scene_day3_scenes_fab_day3_logic_6346ee10c065ccc051a489a1ecff7695.bundle,簽約室定操作還篩選,Say,シュン･ゴ,90,結論として、あなたを採用するかどうかの決定権は私とイー･テイに移されました。,"결론적으로, 당신을 채용할지 말지의 결정권은 저와 이웨이한테 넘어왔습니다."
scene_day3_scenes_fab_day3_logic_6346ee10c065ccc051a489a1ecff7695.bundle,簽約室定操作還篩選,Say,シュン･ゴ,91,残念ながら、シュンはあなたを採用しないようです。,"안타깝게도, 슌은 당신을 채용 안 할 것 같습니다."
scene_day3_scenes_fab_day3_logic_6346ee10c065ccc051a489a1ecff7695.bundle,簽約室定操作還篩選,Say,心の声,37,だろうな。,그렇겠지.
scene_day3_scenes_fab_day3_logic_6346ee10c065ccc051a489a1ecff7695.bundle,簽約室定操作還篩選,Say,心の声,38,イファ･ヨウから散々怒られたからな。,이화 요한테 실컷 혼났었으니까.
scene_day3_scenes_fab_day3_logic_6346ee10c065ccc051a489a1ecff7695.bundle,簽約室定操作還篩選,Say,心の声,39,イー･テイからの印象も良くなかったはずだ……,이웨이한테도 인상이 안 좋았을 텐데……
scene_day3_scenes_fab_day3_logic_6346ee10c065ccc051a489a1ecff7695.bundle,簽約室定操作還篩選,Say,シュン･ゴ,92,ですが、私はあなたを採用したいと思っています。,"하지만, 저는 당신을 채용하고 싶습니다."
scene_day3_scenes_fab_day3_logic_6346ee10c065ccc051a489a1ecff7695.bundle,簽約室定操作還篩選,Say,シュン･ゴ,93,だからここで待っていました。,그래서 여기서 기다리고 있었어요.
scene_day3_scenes_fab_day3_logic_6346ee10c065ccc051a489a1ecff7695.bundle,簽約室定操作還篩選,Say,シュン･ゴ,94,操作組へようこそ。ジェイ！,조작조에 온 걸 환영합니다. 제이!
scene_day3_scenes_fab_day3_logic_6346ee10c065ccc051a489a1ecff7695.bundle,簽約室定操作還篩選,Branch,#Simple,115,ありがとうございます！,감사합니다!
scene_day3_scenes_fab_day3_logic_6346ee10c065ccc051a489a1ecff7695.bundle,簽約室定操作還篩選,Say,シュン･ゴ,95,礼には及びません。あなたの自身の力です。,고마워할 것 없어요. 당신 실력이니까요.
scene_day3_scenes_fab_day3_logic_6346ee10c065ccc051a489a1ecff7695.bundle,簽約室定操作還篩選,Branch,#Simple,116,了解。,알겠습니다.
scene_day3_scenes_fab_day3_logic_6346ee10c065ccc051a489a1ecff7695.bundle,簽約室定操作還篩選,Branch,#Simple,117,……,……
scene_day3_scenes_fab_day3_logic_6346ee10c065ccc051a489a1ecff7695.bundle,簽約室定操作還篩選,Say,シュン･ゴ,96,それと最後にもう一つ、実はあなたの正式の配属日はまだ決まっていません。,"그리고 마지막으로 하나 더, 실은 당신의 정식 배치일은 아직 안 정해졌습니다."
scene_day3_scenes_fab_day3_logic_6346ee10c065ccc051a489a1ecff7695.bundle,簽約室定操作還篩選,Say,心の声,40,理由を説明する気はなさそうだ……,이유를 설명할 생각은 없어 보인다……
scene_day3_scenes_fab_day3_logic_6346ee10c065ccc051a489a1ecff7695.bundle,簽約室定操作還篩選,Branch,#Simple,118,なぜ決まってないのですか？,왜 안 정해진 거죠?
scene_day3_scenes_fab_day3_logic_6346ee10c065ccc051a489a1ecff7695.bundle,簽約室定操作還篩選,Say,シュン･ゴ,97,イファマネージャーが起こした情報漏洩により、今のサイレントはそれどころではないからです。,"이화 매니저가 일으킨 정보 유출 때문에, 지금 사일런트는 그럴 상황이 아니거든요."
scene_day3_scenes_fab_day3_logic_6346ee10c065ccc051a489a1ecff7695.bundle,簽約室定操作還篩選,Say,シュン･ゴ,98,本社は今、一部の業務を止め調査を行っています。,"본사는 지금, 일부 업무를 중단하고 조사를 진행하고 있어요."
scene_day3_scenes_fab_day3_logic_6346ee10c065ccc051a489a1ecff7695.bundle,簽約室定操作還篩選,Say,シュン･ゴ,99,配属のプロセスもその一部に入っているのです。,배치 절차도 그중 일부에 들어가 있어요.
scene_day3_scenes_fab_day3_logic_6346ee10c065ccc051a489a1ecff7695.bundle,簽約室定操作還篩選,Branch,#Simple,119,なるほど。,그렇군요.
scene_day3_scenes_fab_day3_logic_6346ee10c065ccc051a489a1ecff7695.bundle,簽約室定操作還篩選,Branch,#Simple,120,……,……
scene_day3_scenes_fab_day3_logic_6346ee10c065ccc051a489a1ecff7695.bundle,簽約室定操作還篩選,Say,シュン･ゴ,100,……,……
scene_day3_scenes_fab_day3_logic_6346ee10c065ccc051a489a1ecff7695.bundle,簽約室定操作還篩選,Say,シュン･ゴ,101,イファマネージャーが機密情報を盗んだことに、驚いていないようですね。,"이화 매니저가 기밀 정보를 훔친 것에, 별로 안 놀라시는 것 같네요."
scene_day3_scenes_fab_day3_logic_6346ee10c065ccc051a489a1ecff7695.bundle,簽約室定操作還篩選,Branch,#Simple,121,私は最初からあのマネージャーは怪しいと思っていました。,저는 처음부터 그 매니저가 수상하다고 생각했었어요.
scene_day3_scenes_fab_day3_logic_6346ee10c065ccc051a489a1ecff7695.bundle,簽約室定操作還篩選,Say,シュン･ゴ,102,そうなのですか？私より鋭い観察眼ですね……,그러셨어요? 저보다 예리한 관찰력이시네요……
scene_day3_scenes_fab_day3_logic_6346ee10c065ccc051a489a1ecff7695.bundle,簽約室定操作還篩選,Branch,#Simple,122,私もその件に多少は関与しているので……,저도 그 건에 다소 관련이 있어서……
scene_day3_scenes_fab_day3_logic_6346ee10c065ccc051a489a1ecff7695.bundle,簽約室定操作還篩選,Say,シュン･ゴ,103,えっ？どういうことですか？,네? 무슨 말씀이세요?
scene_day3_scenes_fab_day3_logic_6346ee10c065ccc051a489a1ecff7695.bundle,簽約室定操作還篩選,Branch,#Simple,123,いえ、大した事では……,"아뇨, 별거 아니……"
scene_day3_scenes_fab_day3_logic_6346ee10c065ccc051a489a1ecff7695.bundle,簽約室定操作還篩選,Say,シュン･ゴ,104,言いたくないなら言わなくて大丈夫ですよ。それを聞いて、何かが変わる訳ではありませんし。,"말하기 싫으시면 안 하셔도 괜찮아요. 들어도, 뭐가 달라지는 것도 아니고요."
scene_day3_scenes_fab_day3_logic_6346ee10c065ccc051a489a1ecff7695.bundle,簽約室定操作還篩選,Branch,#Simple,124,イファは私に協力を求めてきました。,이화가 저한테 협력을 요청해왔어요.
scene_day3_scenes_fab_day3_logic_6346ee10c065ccc051a489a1ecff7695.bundle,簽約室定操作還篩選,Say,シュン･ゴ,105,彼女も窮地に追い込まれていたのでしょう……,그 사람도 궁지에 몰려 있었던 거겠죠……
scene_day3_scenes_fab_day3_logic_6346ee10c065ccc051a489a1ecff7695.bundle,簽約室定操作還篩選,Branch,#Simple,125,大きな会社ならよくあることかなと思って。,큰 회사면 흔히 있는 일이지 않을까 싶어서요.
scene_day3_scenes_fab_day3_logic_6346ee10c065ccc051a489a1ecff7695.bundle,簽約室定操作還篩選,Say,シュン･ゴ,106,なるほど、しかしこういった事が頻繁に起きたりはしませんよ。,"그렇군요, 하지만 이런 일이 자주 일어나지는 않아요."
scene_day3_scenes_fab_day3_logic_6346ee10c065ccc051a489a1ecff7695.bundle,簽約室定操作還篩選,Say,シュン･ゴ,107,正直に言って、彼女の行動が未だに信じられません……,"솔직히 말해서, 그 사람 행동이 아직도 믿기지 않아요……"
scene_day3_scenes_fab_day3_logic_6346ee10c065ccc051a489a1ecff7695.bundle,簽約室定操作還篩選,Say,シュン･ゴ,108,それとイー･テイが言っていた、イファが本社の怒りに触れないために組間の交流を制限してた話ですが……,"그리고 이웨이가 말했던, 이화가 본사의 노여움을 사지 않으려고 조 간 교류를 제한했다는 얘기 말인데요……"
scene_day3_scenes_fab_day3_logic_6346ee10c065ccc051a489a1ecff7695.bundle,簽約室定操作還篩選,Say,心の声,41,彼は困惑と怒りが入り交じっているようだ……？,"이 사람, 당혹감과 분노가 뒤섞여 있는 것 같다……?"
scene_day3_scenes_fab_day3_logic_6346ee10c065ccc051a489a1ecff7695.bundle,簽約室定操作還篩選,Say,シュン･ゴ,109,はぁ……,하아……
scene_day3_scenes_fab_day3_logic_6346ee10c065ccc051a489a1ecff7695.bundle,簽約室定操作還篩選,Say,シュン･ゴ,110,私には理解できない他の理由があったのでしょう。,저로서는 이해 못 할 다른 이유가 있었겠죠.
scene_day3_scenes_fab_day3_logic_6346ee10c065ccc051a489a1ecff7695.bundle,簽約室定操作還篩選,Branch,#Simple,126,了解。,알겠습니다.
scene_day3_scenes_fab_day3_logic_6346ee10c065ccc051a489a1ecff7695.bundle,簽約室定操作還篩選,Say,シュン･ゴ,111,よし。,좋아.
scene_day3_scenes_fab_day3_logic_6346ee10c065ccc051a489a1ecff7695.bundle,簽約室定操作還篩選,Branch,#Simple,127,……,……
scene_day3_scenes_fab_day3_logic_6346ee10c065ccc051a489a1ecff7695.bundle,簽約室定操作還篩選,Say,シュン･ゴ,112,多分この状況は来週の月曜日まで続くと思います。月曜日以降に正式に配属されるはずです。,아마 이 상황은 다음 주 월요일까지 계속될 거예요. 월요일 이후에 정식으로 배치될 거고요.
scene_day3_scenes_fab_day3_logic_6346ee10c065ccc051a489a1ecff7695.bundle,簽約室定操作還篩選,Say,シュン･ゴ,113,配属は先になりますが、それまでに工場での生活に慣れておくのがいいかもしれません。,"배치는 나중이지만, 그때까지 공장 생활에 익숙해지시는 게 좋을지도 몰라요."
scene_day3_scenes_fab_day3_logic_6346ee10c065ccc051a489a1ecff7695.bundle,簽約室定操作還篩選,Say,シュン･ゴ,114,ここの環境を深く知り、一部の仕事をやってみるのもいいでしょう。,"여기 환경을 깊이 알아두고, 일부 업무를 해보시는 것도 좋을 거예요."
scene_day3_scenes_fab_day3_logic_6346ee10c065ccc051a489a1ecff7695.bundle,簽約室定操作還篩選,Branch,#Simple,128,それは良いかもしれません。,그거 괜찮을지도 모르겠네요.
scene_day3_scenes_fab_day3_logic_6346ee10c065ccc051a489a1ecff7695.bundle,簽約室定操作還篩選,Branch,#Simple,129,例えばどんな仕事をすればいいですか？,예를 들면 어떤 일을 하면 될까요?
scene_day3_scenes_fab_day3_logic_6346ee10c065ccc051a489a1ecff7695.bundle,簽約室定操作還篩選,Branch,#Simple,130,……,……
scene_day3_scenes_fab_day3_logic_6346ee10c065ccc051a489a1ecff7695.bundle,簽約室定操作還篩選,Say,シュン･ゴ,115,あっ、すみません……,"아, 죄송해요……"
scene_day3_scenes_fab_day3_logic_6346ee10c065ccc051a489a1ecff7695.bundle,簽約室定操作還篩選,Say,シュン･ゴ,116,昨日の件でセラー全体がメンテナンスになったため、今は操作組の人たちは誰もいないのを忘れていました。,"어제 그 일 때문에 지하 저장고 전체가 점검 중이라서, 지금은 조작조 사람들이 아무도 없다는 걸 깜빡했어요."
scene_day3_scenes_fab_day3_logic_6346ee10c065ccc051a489a1ecff7695.bundle,簽約室定操作還篩選,Say,シュン･ゴ,117,……,……
scene_day3_scenes_fab_day3_logic_6346ee10c065ccc051a489a1ecff7695.bundle,簽約室定操作還篩選,Say,シュン･ゴ,118,あなたは工場内部へのアクセス権限を持ってはいますが、仕事は来週からになります。,"당신은 공장 내부 접근 권한은 있지만, 업무는 다음 주부터예요."
scene_day3_scenes_fab_day3_logic_6346ee10c065ccc051a489a1ecff7695.bundle,簽約室定操作還篩選,Say,シュン･ゴ,119,空いたこの時間を有効に使ってください。選別組に行きたいのでしたら、それも構いません。,"빈 시간을 유용하게 쓰세요. 선별조에 가고 싶으시다면, 그것도 상관없고요."
scene_day3_scenes_fab_day3_logic_6346ee10c065ccc051a489a1ecff7695.bundle,簽約室定操作還篩選,Say,心の声,42,選別組の話になると、彼は露骨に嫌な顔をするな。,"선별조 얘기만 나오면, 이 사람 노골적으로 싫은 티를 내는군."
scene_day3_scenes_fab_day3_logic_6346ee10c065ccc051a489a1ecff7695.bundle,簽約室定操作還篩選,Branch,#Simple,131,あなたとイー･テイのことは、もったいないと思います。,"당신이랑 이웨이 사이, 아깝다고 생각해요."
scene_day3_scenes_fab_day3_logic_6346ee10c065ccc051a489a1ecff7695.bundle,簽約室定操作還篩選,Say,シュン･ゴ,120,そうですね……,그러게요……
scene_day3_scenes_fab_day3_logic_6346ee10c065ccc051a489a1ecff7695.bundle,簽約室定操作還篩選,Say,シュン･ゴ,121,昔の彼は、私の判断を信頼してくれてましたが、今は何を話しても証拠をくれと言うのです。,"예전의 그 사람은, 제 판단을 믿어줬는데, 지금은 무슨 말을 해도 증거를 달라고 해요."
scene_day3_scenes_fab_day3_logic_6346ee10c065ccc051a489a1ecff7695.bundle,簽約室定操作還篩選,Say,シュン･ゴ,122,でも説明を求められるより、私が我慢ならないのは……,"그런데 설명을 요구받는 것보다, 제가 못 참겠는 건……"
scene_day3_scenes_fab_day3_logic_6346ee10c065ccc051a489a1ecff7695.bundle,簽約室定操作還篩選,Branch,#Simple,132,彼からの不信感ですか。,그쪽의 불신감인가요.
scene_day3_scenes_fab_day3_logic_6346ee10c065ccc051a489a1ecff7695.bundle,簽約室定操作還篩選,Say,シュン･ゴ,123,そうだ。,맞아.
scene_day3_scenes_fab_day3_logic_6346ee10c065ccc051a489a1ecff7695.bundle,簽約室定操作還篩選,Say,シュン･ゴ,124,なかなか鋭いですね。,꽤 예리하시네요.
scene_day3_scenes_fab_day3_logic_6346ee10c065ccc051a489a1ecff7695.bundle,簽約室定操作還篩選,Say,シュン･ゴ,125,昨日も、イー･テイの私への考えを言い当てていましたね。,"어제도, 이웨이가 저를 어떻게 생각하는지 정확히 맞히셨었죠."
scene_day3_scenes_fab_day3_logic_6346ee10c065ccc051a489a1ecff7695.bundle,簽約室定操作還篩選,Branch,#Simple,133,彼が自ら学ぼうとしないからですか？,그 사람이 스스로 배우려 하지 않아서인가요?
scene_day3_scenes_fab_day3_logic_6346ee10c065ccc051a489a1ecff7695.bundle,簽約室定操作還篩選,Say,シュン･ゴ,126,いいえ、そんなことはありません。ただ……,"아뇨, 그런 건 아니에요. 그냥……"
scene_day3_scenes_fab_day3_logic_6346ee10c065ccc051a489a1ecff7695.bundle,簽約室定操作還篩選,Say,シュン･ゴ,127,何故か私に突っかかってくるのです。,왜인지 저한테 자꾸 시비를 걸어와요.
scene_day3_scenes_fab_day3_logic_6346ee10c065ccc051a489a1ecff7695.bundle,簽約室定操作還篩選,Branch,#Simple,134,……,……
scene_day3_scenes_fab_day3_logic_6346ee10c065ccc051a489a1ecff7695.bundle,簽約室定操作還篩選,Say,シュン･ゴ,128,……,……
scene_day3_scenes_fab_day3_logic_6346ee10c065ccc051a489a1ecff7695.bundle,簽約室定操作還篩選,Say,シュン･ゴ,129,とにかく、私はもう彼のことがわかりません……,"아무튼, 저는 이제 그 사람을 모르겠어요……"
scene_day3_scenes_fab_day3_logic_6346ee10c065ccc051a489a1ecff7695.bundle,簽約室定操作還篩選,Branch,#Simple,135,何を言ってもイー･テイには無駄、ということですか？,무슨 말을 해도 이웨이한테는 소용없다는 건가요?
scene_day3_scenes_fab_day3_logic_6346ee10c065ccc051a489a1ecff7695.bundle,簽約室定操作還篩選,Say,シュン･ゴ,130,そうですね……,그러게요……
scene_day3_scenes_fab_day3_logic_6346ee10c065ccc051a489a1ecff7695.bundle,簽約室定操作還篩選,Say,シュン･ゴ,131,聞く耳を持ちません。,귀담아듣질 않아요.
scene_day3_scenes_fab_day3_logic_6346ee10c065ccc051a489a1ecff7695.bundle,簽約室定操作還篩選,Branch,#Simple,136,……,……
scene_day3_scenes_fab_day3_logic_6346ee10c065ccc051a489a1ecff7695.bundle,簽約室定操作還篩選,Say,シュン･ゴ,132,すみません。私もそろそろ失礼しようと思います。,죄송해요. 저도 이만 가봐야 할 것 같아요.
scene_day3_scenes_fab_day3_logic_6346ee10c065ccc051a489a1ecff7695.bundle,簽約室定操作還篩選,Say,シュン･ゴ,133,また来週に連絡します。あなたと一緒に働くのを楽しみにしていますよ。,다음 주에 다시 연락드릴게요. 당신이랑 같이 일하는 거 기대하고 있어요.
scene_day3_scenes_fab_day3_logic_6346ee10c065ccc051a489a1ecff7695.bundle,簽約室定操作還篩選,Say,シュン･ゴ,134,紆余曲折な研修でしたね。これからもよろしく頼みます。,우여곡절 많은 연수였네요. 앞으로도 잘 부탁드려요.
scene_day3_scenes_fab_day3_logic_6346ee10c065ccc051a489a1ecff7695.bundle,簽約室定操作還篩選,Say,シュン･ゴ,135,……,……
scene_day3_scenes_fab_day3_logic_6346ee10c065ccc051a489a1ecff7695.bundle,簽約室定操作還篩選,Say,シュン･ゴ,136,では、また来週にお会いしましょう。,"그럼, 다음 주에 다시 뵙죠."
scene_day3_scenes_fab_day3_logic_6346ee10c065ccc051a489a1ecff7695.bundle,簽約室定操作還篩選,Branch,#Simple,137,お疲れ様でした。,수고하셨습니다.
scene_day3_scenes_fab_day3_logic_6346ee10c065ccc051a489a1ecff7695.bundle,簽約室定操作還篩選,Branch,#Simple,138,……,……
scene_day3_scenes_fab_day3_logic_6346ee10c065ccc051a489a1ecff7695.bundle,簽約室定操作還篩選,Say,心の声,43,操作組か……,조작조라……
scene_day3_scenes_fab_day3_logic_6346ee10c065ccc051a489a1ecff7695.bundle,簽約室定操作還篩選,Say,イー･テイ,175,これから何をするか、もうわかってるよね？,"이제 뭘 할지, 이미 알고 있지?"
scene_day3_scenes_fab_day3_logic_6346ee10c065ccc051a489a1ecff7695.bundle,簽約室定操作還篩選,Branch,#Simple,139,俺は不採用でしたか？,저 채용 안 된 건가요?
scene_day3_scenes_fab_day3_logic_6346ee10c065ccc051a489a1ecff7695.bundle,簽約室定操作還篩選,Say,イー･テイ,176,……,……
scene_day3_scenes_fab_day3_logic_6346ee10c065ccc051a489a1ecff7695.bundle,簽約室定操作還篩選,Say,イー･テイ,177,そうだ。,맞아.
scene_day3_scenes_fab_day3_logic_6346ee10c065ccc051a489a1ecff7695.bundle,簽約室定操作還篩選,Say,心の声,44,クソ……,젠장……
scene_day3_scenes_fab_day3_logic_6346ee10c065ccc051a489a1ecff7695.bundle,簽約室定操作還篩選,Say,心の声,45,サイレントに入れなかった俺は、調査の協力もできないってことか……,"사일런트에 못 들어간 나는, 조사 협력도 못 하게 된다는 건가……"
scene_day3_scenes_fab_day3_logic_6346ee10c065ccc051a489a1ecff7695.bundle,簽約室定操作還篩選,Branch,#Simple,140,もう帰るしかないってことですか？,이제 돌아갈 수밖에 없다는 건가요?
scene_day3_scenes_fab_day3_logic_6346ee10c065ccc051a489a1ecff7695.bundle,簽約室定操作還篩選,Branch,#Simple,141,他にチャンスはありませんか？,다른 기회는 없나요?
scene_day3_scenes_fab_day3_logic_6346ee10c065ccc051a489a1ecff7695.bundle,簽約室定操作還篩選,Say,イー･テイ,178,……,……
scene_day3_scenes_fab_day3_logic_6346ee10c065ccc051a489a1ecff7695.bundle,簽約室定操作還篩選,Branch,#Simple,142,……,……
scene_day3_scenes_fab_day3_logic_6346ee10c065ccc051a489a1ecff7695.bundle,簽約室定操作還篩選,Branch,#Simple,143,どこの組に配属されるかを決めるためですか？,어느 조로 배치될지 정하려는 건가요?
scene_day3_scenes_fab_day3_logic_6346ee10c065ccc051a489a1ecff7695.bundle,簽約室定操作還篩選,Say,イー･テイ,179,いいや、実は……,"아니, 실은……"
scene_day3_scenes_fab_day3_logic_6346ee10c065ccc051a489a1ecff7695.bundle,簽約室定操作還篩選,Say,イー･テイ,180,君はどちらの組にも採用されなかった。,너는 어느 조에도 채용되지 않았어.
scene_day3_scenes_fab_day3_logic_6346ee10c065ccc051a489a1ecff7695.bundle,簽約室定操作還篩選,Branch,#Simple,144,わかりません。,모르겠어요.
scene_day3_scenes_fab_day3_logic_6346ee10c065ccc051a489a1ecff7695.bundle,簽約室定操作還篩選,Say,イー･テイ,181,実は。,실은.
scene_day3_scenes_fab_day3_logic_6346ee10c065ccc051a489a1ecff7695.bundle,簽約室定操作還篩選,Say,イー･テイ,182,君はどちらの組にも採用されなかった。,너는 어느 조에도 채용되지 않았어.
scene_day3_scenes_fab_day3_logic_6346ee10c065ccc051a489a1ecff7695.bundle,簽約室定操作還篩選,Say,イー･テイ,183,まずは工場について話をさせてほしい。,우선 공장에 대해 얘기하게 해줘.
scene_day3_scenes_fab_day3_logic_6346ee10c065ccc051a489a1ecff7695.bundle,簽約室定操作還篩選,Say,イー･テイ,184,まずイファマネージャーだけど、少しトラブルがあったようで、当分は会社に来られないそうだ。,"우선 이화 매니저인데, 약간 문제가 있었던 것 같아서, 당분간 회사에 못 나온다더라."
scene_day3_scenes_fab_day3_logic_6346ee10c065ccc051a489a1ecff7695.bundle,簽約室定操作還篩選,Say,心の声,46,当分ではなく、永遠に来られないだろうな……,"당분간이 아니라, 영원히 못 오겠지……"
scene_day3_scenes_fab_day3_logic_6346ee10c065ccc051a489a1ecff7695.bundle,簽約室定操作還篩選,Say,心の声,47,彼はイファ･ヨウについて、どれくらい知らされているのだろうか……,"이 사람은 이화 요에 대해, 얼마나 전해 들었을까……"
scene_day3_scenes_fab_day3_logic_6346ee10c065ccc051a489a1ecff7695.bundle,簽約室定操作還篩選,Say,イー･テイ,185,現在サイレントは会社の規定により、各組のチーフが管理している。,"현재 사일런트는 회사 규정에 따라, 각 조의 팀장이 관리하고 있어."
scene_day3_scenes_fab_day3_logic_6346ee10c065ccc051a489a1ecff7695.bundle,簽約室定操作還篩選,Say,イー･テイ,186,でも操作組のチーフはとある事故により、会社に来れない状況だ。あっちは今シュン･ゴが代理で管理している。,"그런데 조작조 팀장은 어떤 사고 때문에, 회사에 못 나오는 상황이야. 거긴 지금 슌 고가 대신 관리하고 있어."
scene_day3_scenes_fab_day3_logic_6346ee10c065ccc051a489a1ecff7695.bundle,簽約室定操作還篩選,Say,心の声,48,事故？,사고?
scene_day3_scenes_fab_day3_logic_6346ee10c065ccc051a489a1ecff7695.bundle,簽約室定操作還篩選,Say,心の声,49,そうだ。昨日セラさんがチーフを殴ったんだ。,맞다. 어제 세라 씨가 팀장을 때렸었지.
scene_day3_scenes_fab_day3_logic_6346ee10c065ccc051a489a1ecff7695.bundle,簽約室定操作還篩選,Say,イー･テイ,187,結論を言うと、君を採用するかどうかの決定権は僕とシュン･ゴに移された。,"결론부터 말하면, 너를 채용할지 말지의 결정권이 나랑 슌 고한테 넘어왔어."
scene_day3_scenes_fab_day3_logic_6346ee10c065ccc051a489a1ecff7695.bundle,簽約室定操作還篩選,Branch,#Simple,145,でも、あなたもシュン･ゴも私を採用する気はないと。,"그런데, 당신도 슌 고도 저를 채용할 생각은 없다고요."
scene_day3_scenes_fab_day3_logic_6346ee10c065ccc051a489a1ecff7695.bundle,簽約室定操作還篩選,Say,イー･テイ,188,……そうだ。,……맞아.
scene_day3_scenes_fab_day3_logic_6346ee10c065ccc051a489a1ecff7695.bundle,簽約室定操作還篩選,Branch,#Simple,146,それが私の不採用と何の関係があるんですか？,그게 제 불합격이랑 무슨 상관이 있는 거죠?
scene_day3_scenes_fab_day3_logic_6346ee10c065ccc051a489a1ecff7695.bundle,簽約室定操作還篩選,Say,イー･テイ,189,今から説明するよ。,지금부터 설명할게.
scene_day3_scenes_fab_day3_logic_6346ee10c065ccc051a489a1ecff7695.bundle,簽約室定操作還篩選,Branch,#Simple,147,……,……
scene_day3_scenes_fab_day3_logic_6346ee10c065ccc051a489a1ecff7695.bundle,簽約室定操作還篩選,Say,イー･テイ,190,言った通り、今のサイレントは僕とシュンが管理している。だから僕たちの権限は過去よりも大きくなっている。,"말한 대로, 지금 사일런트는 나랑 슌이 관리하고 있어. 그래서 우리 권한이 예전보다 커졌어."
scene_day3_scenes_fab_day3_logic_6346ee10c065ccc051a489a1ecff7695.bundle,簽約室定操作還篩選,Say,イー･テイ,191,君の不採用の理由は主に、イファマネージャーからの評価によるものだ。,"네 불합격 이유는 주로, 이화 매니저의 평가 때문이야."
scene_day3_scenes_fab_day3_logic_6346ee10c065ccc051a489a1ecff7695.bundle,簽約室定操作還篩選,Say,イー･テイ,192,僕個人としても君はこの仕事に向いていないと思う……,나 개인적으로도 너는 이 일에 안 맞는다고 생각해……
scene_day3_scenes_fab_day3_logic_6346ee10c065ccc051a489a1ecff7695.bundle,簽約室定操作還篩選,Say,イー･テイ,193,だけど僕は君を採用しようと思っている。,그렇지만 나는 너를 채용하려고 해.
scene_day3_scenes_fab_day3_logic_6346ee10c065ccc051a489a1ecff7695.bundle,簽約室定操作還篩選,Branch,#Simple,148,それはなぜ？,그건 왜죠?
scene_day3_scenes_fab_day3_logic_6346ee10c065ccc051a489a1ecff7695.bundle,簽約室定操作還篩選,Branch,#Simple,149,本当ですか？ありがとうございます！,정말요? 감사합니다!
scene_day3_scenes_fab_day3_logic_6346ee10c065ccc051a489a1ecff7695.bundle,簽約室定操作還篩選,Say,イー･テイ,194,まずは話を最後まで聞いてほしい。,우선 얘기를 끝까지 들어줬으면 해.
scene_day3_scenes_fab_day3_logic_6346ee10c065ccc051a489a1ecff7695.bundle,簽約室定操作還篩選,Branch,#Simple,150,……,……
scene_day3_scenes_fab_day3_logic_6346ee10c065ccc051a489a1ecff7695.bundle,簽約室定操作還篩選,Say,イー･テイ,195,僕はこの工場の体制自体を変えたいと思っている。かつてのイファマネージャーは選別組の採用にとても厳しい道徳基準を用いていた。,나는 이 공장 체제 자체를 바꾸고 싶어. 예전 이화 매니저는 선별조 채용에 아주 엄격한 도덕 기준을 적용했었지.
scene_day3_scenes_fab_day3_logic_6346ee10c065ccc051a489a1ecff7695.bundle,簽約室定操作還篩選,Say,イー･テイ,196,僕は彼女の理念に賛同はできるが、やり方には賛成できなかった。,"나는 그 사람의 이념에는 공감하지만, 방식에는 찬성할 수 없었어."
scene_day3_scenes_fab_day3_logic_6346ee10c065ccc051a489a1ecff7695.bundle,簽約室定操作還篩選,Say,イー･テイ,197,サイレントが抱えている問題を解決するには、個人の道徳ではなく、会社の体制と交流の改革からだと思っている。,"사일런트가 안고 있는 문제를 해결하려면, 개인의 도덕이 아니라, 회사 체제와 교류의 개혁부터라고 생각해."
scene_day3_scenes_fab_day3_logic_6346ee10c065ccc051a489a1ecff7695.bundle,簽約室定操作還篩選,Say,イー･テイ,198,サイレントの問題の多くは各組の情報差によるものであって、今まで僕たちはその情報差からくる言い合いで時間を費やしてきた。,"사일런트 문제 대부분은 각 조의 정보 격차 때문이고, 지금까지 우리는 그 정보 격차에서 오는 말다툼으로 시간을 허비해왔어."
scene_day3_scenes_fab_day3_logic_6346ee10c065ccc051a489a1ecff7695.bundle,簽約室定操作還篩選,Say,心の声,50,鋭い目つきだ。まるで別人のようだな……,날카로운 눈빛이다. 마치 딴사람 같네……
scene_day3_scenes_fab_day3_logic_6346ee10c065ccc051a489a1ecff7695.bundle,簽約室定操作還篩選,Say,心の声,51,今の方がチーフに相応しく見える。,지금 쪽이 팀장답게 보인다.
scene_day3_scenes_fab_day3_logic_6346ee10c065ccc051a489a1ecff7695.bundle,簽約室定操作還篩選,Say,イー･テイ,199,これらの問題を解決する最も簡単な方法は、組単位の統制をやめることだ。,"이런 문제들을 해결하는 가장 간단한 방법은, 조 단위 통제를 그만두는 거야."
scene_day3_scenes_fab_day3_logic_6346ee10c065ccc051a489a1ecff7695.bundle,簽約室定操作還篩選,Say,イー･テイ,200,例えばだけど、今日から選別組が管理しているほとんどのエリアを全工場に解放したいと思っているんだ。,"예를 들면, 오늘부터 선별조가 관리하는 대부분의 구역을 공장 전체에 개방하고 싶어."
scene_day3_scenes_fab_day3_logic_6346ee10c065ccc051a489a1ecff7695.bundle,簽約室定操作還篩選,Say,イー･テイ,201,これからは仕事でも、雑談でも、どんな用でも操作組の人はいつでも僕たちのオフィスに来ることができる。,"앞으로는 업무든, 잡담이든, 무슨 일이든 조작조 사람들이 언제든 우리 사무실에 올 수 있게."
scene_day3_scenes_fab_day3_logic_6346ee10c065ccc051a489a1ecff7695.bundle,簽約室定操作還篩選,Say,イー･テイ,202,これからは操作組と選別組の両方を経験してきた人が、最も必要な人材となる。,"앞으로는 조작조와 선별조 둘 다 경험한 사람이, 가장 필요한 인재가 될 거야."
scene_day3_scenes_fab_day3_logic_6346ee10c065ccc051a489a1ecff7695.bundle,簽約室定操作還篩選,Say,イー･テイ,203,僕が君を採用したいと思った理由がこれだ。,내가 너를 채용하고 싶었던 이유가 이거야.
scene_day3_scenes_fab_day3_logic_6346ee10c065ccc051a489a1ecff7695.bundle,簽約室定操作還篩選,Say,イー･テイ,204,もちろん今はまだ試用期間だ。,물론 지금은 아직 수습 기간이고.
scene_day3_scenes_fab_day3_logic_6346ee10c065ccc051a489a1ecff7695.bundle,簽約室定操作還篩選,Say,イー･テイ,205,もし最終的に君が適切ではないと判断されれば、不採用となる。,"만약 최종적으로 네가 적합하지 않다고 판단되면, 불합격이야."
scene_day3_scenes_fab_day3_logic_6346ee10c065ccc051a489a1ecff7695.bundle,簽約室定操作還篩選,Say,イー･テイ,206,この件に関して君の意見を聞かせてほしい。,이 건에 대해서 네 의견을 듣고 싶어.
scene_day3_scenes_fab_day3_logic_6346ee10c065ccc051a489a1ecff7695.bundle,簽約室定操作還篩選,Branch,#Simple,151,ここに残れるだけでも有り難いです。,여기 남을 수 있는 것만으로도 감사할 따름이에요.
scene_day3_scenes_fab_day3_logic_6346ee10c065ccc051a489a1ecff7695.bundle,簽約室定操作還篩選,Say,イー･テイ,207,ならよかった！,그럼 다행이네!
scene_day3_scenes_fab_day3_logic_6346ee10c065ccc051a489a1ecff7695.bundle,簽約室定操作還篩選,Branch,#Simple,152,もう少し考える時間をください。,조금 더 생각할 시간을 주세요.
scene_day3_scenes_fab_day3_logic_6346ee10c065ccc051a489a1ecff7695.bundle,簽約室定操作還篩選,Say,イー･テイ,208,うん、もちろんだよ。,"응, 물론이지."
scene_day3_scenes_fab_day3_logic_6346ee10c065ccc051a489a1ecff7695.bundle,簽約室定操作還篩選,Branch,#Simple,153,認めてもらえるように全力を尽くします。,인정받을 수 있도록 전력을 다하겠습니다.
scene_day3_scenes_fab_day3_logic_6346ee10c065ccc051a489a1ecff7695.bundle,簽約室定操作還篩選,Say,イー･テイ,209,うん！,그래!
scene_day3_scenes_fab_day3_logic_6346ee10c065ccc051a489a1ecff7695.bundle,簽約室定操作還篩選,Say,イー･テイ,210,それと、君の正式な配属日はまだ決まってないんだ。工場は今、マネージャーの件でそれどころではないからね。,"그리고, 네 정식 배치일은 아직 안 정해졌어. 공장이 지금, 매니저 건 때문에 그럴 상황이 아니라서."
scene_day3_scenes_fab_day3_logic_6346ee10c065ccc051a489a1ecff7695.bundle,簽約室定操作還篩選,Say,イー･テイ,211,本社は事態を収めるために、新人の募集を止めたみたいだ。,"본사는 사태를 수습하려고, 신입 모집을 중단한 것 같아."
scene_day3_scenes_fab_day3_logic_6346ee10c065ccc051a489a1ecff7695.bundle,簽約室定操作還篩選,Say,イー･テイ,212,多分この状況は来週の月曜日まで続くと思います。月曜日以降に正式に配属されるはずです。,아마 이 상황은 다음 주 월요일까지 계속될 거예요. 월요일 이후에 정식으로 배치될 거고요.
scene_day3_scenes_fab_day3_logic_6346ee10c065ccc051a489a1ecff7695.bundle,簽約室定操作還篩選,Say,イー･テイ,213,配属は先になりますが、それまでに工場での生活に慣れておくのがいいかもしれません。,"배치는 나중이지만, 그때까지 공장 생활에 익숙해지시는 게 좋을지도 몰라요."
scene_day3_scenes_fab_day3_logic_6346ee10c065ccc051a489a1ecff7695.bundle,簽約室定操作還篩選,Say,イー･テイ,214,ここの環境を深く知り、一部の仕事をやってみるのもいいでしょう。,"여기 환경을 깊이 알아두고, 일부 업무를 해보시는 것도 좋을 거예요."
scene_day3_scenes_fab_day3_logic_6346ee10c065ccc051a489a1ecff7695.bundle,簽約室定操作還篩選,Branch,#Simple,154,それは良いかもしれません。,그거 괜찮을지도 모르겠네요.
scene_day3_scenes_fab_day3_logic_6346ee10c065ccc051a489a1ecff7695.bundle,簽約室定操作還篩選,Say,イー･テイ,215,おっ、言ったな！じゃ仕事を頼もうかな！,"오, 말했다! 그럼 일 좀 시켜볼까!"
scene_day3_scenes_fab_day3_logic_6346ee10c065ccc051a489a1ecff7695.bundle,簽約室定操作還篩選,Say,心の声,52,うっ……,윽……
scene_day3_scenes_fab_day3_logic_6346ee10c065ccc051a489a1ecff7695.bundle,簽約室定操作還篩選,Say,イー･テイ,216,ハハ、冗談だから本気にしないでくれ……,"하하, 농담이니까 진심으로 받아들이지 마……"
scene_day3_scenes_fab_day3_logic_6346ee10c065ccc051a489a1ecff7695.bundle,簽約室定操作還篩選,Say,心の声,53,いつものイー･テイに戻った。,평소의 이웨이로 돌아왔다.
scene_day3_scenes_fab_day3_logic_6346ee10c065ccc051a489a1ecff7695.bundle,簽約室定操作還篩選,Branch,#Simple,155,……,……
scene_day3_scenes_fab_day3_logic_6346ee10c065ccc051a489a1ecff7695.bundle,簽約室定操作還篩選,Say,イー･テイ,217,それと最期にもう一つ伝えたい事がある。,그리고 마지막으로 하나 더 전하고 싶은 게 있어.
scene_day3_scenes_fab_day3_logic_6346ee10c065ccc051a489a1ecff7695.bundle,簽約室定操作還篩選,Say,イー･テイ,218,セラーについてだけど、昨日の件でセラーは今メンテナンス中なんだ。,"지하 저장고에 대해서인데, 어제 그 일 때문에 지금 점검 중이야."
scene_day3_scenes_fab_day3_logic_6346ee10c065ccc051a489a1ecff7695.bundle,簽約室定操作還篩選,Say,心の声,54,多分昨日の事故のせいだろう。そんなに大ごとだったのか……,아마 어제 사고 때문이겠지. 그렇게 큰일이었나……
scene_day3_scenes_fab_day3_logic_6346ee10c065ccc051a489a1ecff7695.bundle,簽約室定操作還篩選,Say,イー･テイ,219,さあ！話はこれで全部だ。僕はここら辺で失礼するね。,자! 얘기는 이걸로 다야. 나는 이만 가볼게.
scene_day3_scenes_fab_day3_logic_6346ee10c065ccc051a489a1ecff7695.bundle,簽約室定操作還篩選,Say,イー･テイ,220,君はもう少しここにいてもいいけど、あまり長居はしないでね。,"너는 좀 더 여기 있어도 되지만, 너무 오래 있진 마."
scene_day3_scenes_fab_day3_logic_6346ee10c065ccc051a489a1ecff7695.bundle,簽約室定操作還篩選,Say,イー･テイ,221,この部屋が空くのを待っている人がいるから。,이 방 비기를 기다리는 사람이 있으니까.
scene_day3_scenes_fab_day3_logic_6346ee10c065ccc051a489a1ecff7695.bundle,簽約室定操作還篩選,Say,イー･テイ,222,じゃ、また来週に。,"그럼, 다음 주에 봐."
scene_day3_scenes_fab_day3_logic_6346ee10c065ccc051a489a1ecff7695.bundle,簽約室定操作還篩選,Branch,#Simple,156,お疲れ様でした。,수고하셨습니다.
scene_day3_scenes_fab_day3_logic_6346ee10c065ccc051a489a1ecff7695.bundle,簽約室定操作還篩選,Branch,#Simple,157,……,……
scene_day3_scenes_fab_day3_logic_6346ee10c065ccc051a489a1ecff7695.bundle,阿姨辦公室門前進不去,Say,心の声,0,行ってしまった。,가버렸다.
scene_day3_scenes_fab_day3_logic_6346ee10c065ccc051a489a1ecff7695.bundle,阿姨辦公室門前進不去,Say,心の声,1,ロックされている。多分本社の捜査部門に封鎖されたんだな……,잠겨있다. 아마 본사 수사부문한테 봉쇄당한 거겠지……
scene_day3_scenes_fab_day3_logic_6346ee10c065ccc051a489a1ecff7695.bundle,阿姨辦公室門前進不去,Say,23,0,どうしたの？入れない？,왜 그래? 못 들어가?
scene_day3_scenes_fab_day3_logic_6346ee10c065ccc051a489a1ecff7695.bundle,阿姨辦公室門前進不去,Branch,#Simple,0,ああ、ここも封鎖されてるみたいだ。,"그래, 여기도 봉쇄된 것 같다."
scene_day3_scenes_fab_day3_logic_6346ee10c065ccc051a489a1ecff7695.bundle,阿姨辦公室門前進不去,Say,23,1,だろうな。,그렇겠지.
scene_day3_scenes_fab_day3_logic_6346ee10c065ccc051a489a1ecff7695.bundle,阿姨辦公室門前進不去,Branch,#Simple,1,どうしてそれを？,그걸 어떻게?
scene_day3_scenes_fab_day3_logic_6346ee10c065ccc051a489a1ecff7695.bundle,阿姨辦公室門前進不去,Say,23,2,勘かな？そうするだろうなとは思ってた。,감이었나? 그럴 것 같긴 했어.
scene_day3_scenes_fab_day3_logic_6346ee10c065ccc051a489a1ecff7695.bundle,阿姨辦公室門前進不去,Branch,#Simple,2,だったら先に教えてくれ。,그럼 미리 알려줬어야지.
scene_day3_scenes_fab_day3_logic_6346ee10c065ccc051a489a1ecff7695.bundle,阿姨辦公室門前進不去,Say,23,3,ほら、運良く空いてたって可能性も捨てきれないじゃん？,"그야, 운 좋게 열려있을 가능성도 배제할 수 없잖아?"
scene_day3_scenes_fab_day3_logic_6346ee10c065ccc051a489a1ecff7695.bundle,阿姨辦公室門前進不去,Say,リュウセイ･チョウ,0,23姉はいつもこんな感じっす。まあ、アジトで座って指示出してるだけっすもんね。,"23호 누나는 항상 이런 느낌이에요. 뭐, 아지트에 앉아서 지시만 내리니까요."
scene_day3_scenes_fab_day3_logic_6346ee10c065ccc051a489a1ecff7695.bundle,阿姨辦公室門前進不去,Say,23,4,黙らっしゃい！,닥치라고!
scene_day3_scenes_fab_day3_logic_6346ee10c065ccc051a489a1ecff7695.bundle,阿姨辦公室門前進不去,Branch,#Simple,3,突破する方法は？,돌파할 방법은?
scene_day3_scenes_fab_day3_logic_6346ee10c065ccc051a489a1ecff7695.bundle,阿姨辦公室門前進不去,Say,23,5,あるけど、ジェイは気に入らないと思うよ。,"있긴 한데, 제이는 마음에 안 들어 할 것 같은데."
scene_day3_scenes_fab_day3_logic_6346ee10c065ccc051a489a1ecff7695.bundle,阿姨辦公室門前進不去,Branch,#Simple,4,……,……
scene_day3_scenes_fab_day3_logic_6346ee10c065ccc051a489a1ecff7695.bundle,阿姨辦公室門前進不去,Say,23,6,電源を切っちゃえばいいのよ。,전원을 꺼버리면 되는 거야.
scene_day3_scenes_fab_day3_logic_6346ee10c065ccc051a489a1ecff7695.bundle,阿姨辦公室門前進不去,Branch,#Simple,5,すごく目立ちそうな作戦だな。,굉장히 눈에 띌 것 같은 작전이군.
scene_day3_scenes_fab_day3_logic_6346ee10c065ccc051a489a1ecff7695.bundle,阿姨辦公室門前進不去,Say,23,7,真っ暗になるんだから目立たないよ！,깜깜해질 테니까 오히려 안 띄어!
scene_day3_scenes_fab_day3_logic_6346ee10c065ccc051a489a1ecff7695.bundle,阿姨辦公室門前進不去,Say,23,8,まあ、少し騒ぎになるかもだけど、いいカモフラージュになるはずよ。,"뭐, 좀 소란스러워지겠지만, 좋은 위장이 될 거야."
scene_day3_scenes_fab_day3_logic_6346ee10c065ccc051a489a1ecff7695.bundle,阿姨辦公室門前進不去,Branch,#Simple,6,蹴破った方が早くないか？,발로 차 부수는 게 빠르지 않나?
scene_day3_scenes_fab_day3_logic_6346ee10c065ccc051a489a1ecff7695.bundle,阿姨辦公室門前進不去,Say,23,9,扉は金属ですよ、ジェイさん？,"문 금속인데요, 제이 씨?"
scene_day3_scenes_fab_day3_logic_6346ee10c065ccc051a489a1ecff7695.bundle,阿姨辦公室門前進不去,Branch,#Simple,7,……,……
scene_day3_scenes_fab_day3_logic_6346ee10c065ccc051a489a1ecff7695.bundle,阿姨辦公室門前進不去,Say,23,10,いい？まず電源コードを辿って、この階の配電盤を見つけて。,"잘 들어, 먼저 전원 코드를 따라가서, 이 층 배전반을 찾아."
scene_day3_scenes_fab_day3_logic_6346ee10c065ccc051a489a1ecff7695.bundle,阿姨辦公室門前進不去,Say,23,11,そのブレーカーを落とせば廊下全体の電気供給が断ち切られるから。,그 차단기를 내리면 복도 전체 전기 공급이 끊길 테니까.
scene_day3_scenes_fab_day3_logic_6346ee10c065ccc051a489a1ecff7695.bundle,阿姨辦公室門前進不去,Say,23,12,そうすれば、こういう電子制御扉は自動で開くはずよ！,"그러면, 이런 전자제어 문은 자동으로 열릴 거야!"
scene_day3_scenes_fab_day3_logic_6346ee10c065ccc051a489a1ecff7695.bundle,阿姨辦公室門前進不去,Say,23,13,設計図を見てみたけど、この階の配電盤は給湯室にあるみたい。,"설계도를 봤는데, 이 층 배전반은 탕비실에 있는 것 같아."
scene_day3_scenes_fab_day3_logic_6346ee10c065ccc051a489a1ecff7695.bundle,阿姨辦公室門前進不去,Branch,#Simple,8,落とすって、配電盤のどれを落とせばいいんだ？,"내린다는 게, 배전반 중에 뭘 내리면 되는 거지?"
scene_day3_scenes_fab_day3_logic_6346ee10c065ccc051a489a1ecff7695.bundle,阿姨辦公室門前進不去,Say,23,14,実際の配電盤を見ればわかるはずよ。うちを信じて。,실제 배전반을 보면 알 수 있을 거야. 나를 믿어.
scene_day3_scenes_fab_day3_logic_6346ee10c065ccc051a489a1ecff7695.bundle,阿姨辦公室門前進不去,Branch,#Simple,9,あんたはハッカーだろう？もっとハイテクな方法はないのか？,너 해커잖아? 좀 더 하이테크한 방법은 없나?
scene_day3_scenes_fab_day3_logic_6346ee10c065ccc051a489a1ecff7695.bundle,阿姨辦公室門前進不去,Say,23,15,人の話をちゃんと聞いてた？,남 얘기 제대로 들은 거야?
scene_day3_scenes_fab_day3_logic_6346ee10c065ccc051a489a1ecff7695.bundle,阿姨辦公室門前進不去,Say,23,16,転送機がないとサイレントのネットワークに接続できないの。接続無しでハッキングなんてできるわけないでしょう？,전송기가 없으면 사일런트 네트워크에 접속을 못 해. 접속도 없이 해킹 같은 게 될 리 없잖아?
scene_day3_scenes_fab_day3_logic_6346ee10c065ccc051a489a1ecff7695.bundle,阿姨辦公室門前進不去,Say,23,17,理解できました？,이해됐어요?
scene_day3_scenes_fab_day3_logic_6346ee10c065ccc051a489a1ecff7695.bundle,阿姨辦公室門前進不去,Branch,#Simple,10,……,……
scene_day3_scenes_fab_day3_logic_6346ee10c065ccc051a489a1ecff7695.bundle,阿姨辦公室門前進不去,Say,23,18,はぁ。,하.
scene_day3_scenes_fab_day3_logic_6346ee10c065ccc051a489a1ecff7695.bundle,阿姨辦公室門前進不去,Say,23,19,どうしてもこの作戦が嫌なら、他の案を出してくれてもいいのよ。,"정 이 작전이 싫으면, 다른 안을 내줘도 되고."
scene_day3_scenes_fab_day3_logic_6346ee10c065ccc051a489a1ecff7695.bundle,阿姨辦公室門前進不去,Say,23,20,あんたもサイレントに入って三日目でしょう？何か良い方法を知らない？,너도 사일런트 들어온 지 3일째잖아? 뭔가 좋은 방법 아는 거 없어?
scene_day3_scenes_fab_day3_logic_6346ee10c065ccc051a489a1ecff7695.bundle,阿姨辦公室門前進不去,Say,心の声,2,人の目をかいくぐって扉を開ける方法か……,사람들 눈을 피해서 문을 여는 방법이라……
scene_day3_scenes_fab_day3_logic_6346ee10c065ccc051a489a1ecff7695.bundle,先去阿姨辦公室門,Say,シソン･リク,0,止まりなさい、これ以上は近づかないでください。,"멈추세요, 더 이상 다가오지 마세요."
scene_day3_scenes_fab_day3_logic_6346ee10c065ccc051a489a1ecff7695.bundle,先去阿姨辦公室門,Say,シソン･リク,1,またあなたですか。何か用です？,또 당신입니까. 무슨 용건이시죠?
scene_day3_scenes_fab_day3_logic_6346ee10c065ccc051a489a1ecff7695.bundle,先去阿姨辦公室門,Say,シソン･リク,2,ここは封鎖されているので、近づかないでください。,"여기는 봉쇄되어 있으니까, 다가오지 마세요."
scene_day3_scenes_fab_day3_logic_6346ee10c065ccc051a489a1ecff7695.bundle,先去阿姨辦公室門,Say,心の声,0,昨日メイ･ジョと一緒にいたやつだ。,어제 메이 조랑 같이 있던 녀석이다.
scene_day3_scenes_fab_day3_logic_6346ee10c065ccc051a489a1ecff7695.bundle,先去阿姨辦公室門,Branch,#Simple,0,ここで何を？,여기서 뭐 하고 있는 거지?
scene_day3_scenes_fab_day3_logic_6346ee10c065ccc051a489a1ecff7695.bundle,先去阿姨辦公室門,Say,シソン･リク,3,証拠を集めています。,증거를 모으고 있습니다.
scene_day3_scenes_fab_day3_logic_6346ee10c065ccc051a489a1ecff7695.bundle,先去阿姨辦公室門,Branch,#Simple,1,イファ･ヨウに会わせてくれないか？,이화 요를 만나게 해줄 수 없나?
scene_day3_scenes_fab_day3_logic_6346ee10c065ccc051a489a1ecff7695.bundle,先去阿姨辦公室門,Say,シソン･リク,4,彼女はもうここにいません。あなたもその理由を知っているはずです。,그녀는 이제 여기 없습니다. 그 이유도 당신이 알고 있을 텐데요.
scene_day3_scenes_fab_day3_logic_6346ee10c065ccc051a489a1ecff7695.bundle,先去阿姨辦公室門,Branch,#Simple,2,俺は知らない。,나는 모른다.
scene_day3_scenes_fab_day3_logic_6346ee10c065ccc051a489a1ecff7695.bundle,先去阿姨辦公室門,Branch,#Simple,3,わかった。,알았어.
scene_day3_scenes_fab_day3_logic_6346ee10c065ccc051a489a1ecff7695.bundle,先去阿姨辦公室門,Branch,#Simple,4,……,……
scene_day3_scenes_fab_day3_logic_6346ee10c065ccc051a489a1ecff7695.bundle,先去阿姨辦公室門,Branch,#Simple,5,あんたには関係のないことだ。,너랑은 상관없는 일이다.
scene_day3_scenes_fab_day3_logic_6346ee10c065ccc051a489a1ecff7695.bundle,先去阿姨辦公室門,Say,心の声,1,案の定睨まれた。,역시나 노려봤다.
scene_day3_scenes_fab_day3_logic_6346ee10c065ccc051a489a1ecff7695.bundle,先去阿姨辦公室門,Say,シソン･リク,5,仕事の邪魔です。お引き取り願います。,업무 방해예요. 돌아가주세요.
scene_day3_scenes_fab_day3_logic_6346ee10c065ccc051a489a1ecff7695.bundle,先去阿姨辦公室門,Branch,#Simple,6,メイ･ジョはどこにいる？,메이 조는 어디 있지?
scene_day3_scenes_fab_day3_logic_6346ee10c065ccc051a489a1ecff7695.bundle,先去阿姨辦公室門,Say,シソン･リク,6,お引き取りを。,돌아가주시죠.
scene_day3_scenes_fab_day3_logic_6346ee10c065ccc051a489a1ecff7695.bundle,先去阿姨辦公室門,Branch,#Simple,7,クソ野郎が。,이 자식이.
scene_day3_scenes_fab_day3_logic_6346ee10c065ccc051a489a1ecff7695.bundle,先去阿姨辦公室門,Say,心の声,2,言い返す気はなさそうだ……,말대꾸할 생각은 없어 보인다……
scene_day3_scenes_fab_day3_logic_6346ee10c065ccc051a489a1ecff7695.bundle,先去阿姨辦公室門,Branch,#Simple,8,……,……
scene_day3_scenes_fab_day3_logic_6346ee10c065ccc051a489a1ecff7695.bundle,先去阿姨辦公室門,Branch,#Simple,9,……,……
scene_day3_scenes_fab_day3_logic_6346ee10c065ccc051a489a1ecff7695.bundle,到茶水間,Say,ジーン･ヨウ,0,あら、ジェイ！,"어머, 제이!"
scene_day3_scenes_fab_day3_logic_6346ee10c065ccc051a489a1ecff7695.bundle,到茶水間,Say,ジーン･ヨウ,1,聞いたよ。操作組を選んだんだって？,들었어. 조작조를 선택했다며?
scene_day3_scenes_fab_day3_logic_6346ee10c065ccc051a489a1ecff7695.bundle,到茶水間,Branch,#Simple,0,そうですね。,그러게요.
scene_day3_scenes_fab_day3_logic_6346ee10c065ccc051a489a1ecff7695.bundle,到茶水間,Say,ジーン･ヨウ,2,そっか……,그렇구나……
scene_day3_scenes_fab_day3_logic_6346ee10c065ccc051a489a1ecff7695.bundle,到茶水間,Say,ジーン･ヨウ,3,ちょっと意外だったな。,좀 의외였어.
scene_day3_scenes_fab_day3_logic_6346ee10c065ccc051a489a1ecff7695.bundle,到茶水間,Branch,#Simple,1,誰から聞いたんですか？,누구한테 들으셨어요?
scene_day3_scenes_fab_day3_logic_6346ee10c065ccc051a489a1ecff7695.bundle,到茶水間,Say,ジーン･ヨウ,4,もちろんイーちゃんだよ。,당연히 이 짱이지.
scene_day3_scenes_fab_day3_logic_6346ee10c065ccc051a489a1ecff7695.bundle,到茶水間,Say,ジーン･ヨウ,5,お互い大人だからね、あなたの選択にとやかく言う気はないよ。,"서로 어른이니까, 네 선택에 이러쿵저러쿵 할 생각은 없어."
scene_day3_scenes_fab_day3_logic_6346ee10c065ccc051a489a1ecff7695.bundle,到茶水間,Say,心の声,0,意外と言ってる時点で否定的に聞こえるが……,의외라고 말하는 시점에서 이미 부정적으로 들리는데……
scene_day3_scenes_fab_day3_logic_6346ee10c065ccc051a489a1ecff7695.bundle,到茶水間,Say,ジーン･ヨウ,6,聞いたよ！ようこそ選別組へ！,들었어! 선별조에 온 걸 환영해!
scene_day3_scenes_fab_day3_logic_6346ee10c065ccc051a489a1ecff7695.bundle,到茶水間,Branch,#Simple,2,ありがとうございます。,감사합니다.
scene_day3_scenes_fab_day3_logic_6346ee10c065ccc051a489a1ecff7695.bundle,到茶水間,Say,ジーン･ヨウ,7,歓迎するよ～,환영해~
scene_day3_scenes_fab_day3_logic_6346ee10c065ccc051a489a1ecff7695.bundle,到茶水間,Branch,#Simple,3,でもここの給料は低いって聞きました。,근데 여기 급여가 낮다고 들었어요.
scene_day3_scenes_fab_day3_logic_6346ee10c065ccc051a489a1ecff7695.bundle,到茶水間,Say,ジーン･ヨウ,8,まぁ、確かにね、ハハ……,"뭐, 확실히 그렇지, 하하……"
scene_day3_scenes_fab_day3_logic_6346ee10c065ccc051a489a1ecff7695.bundle,到茶水間,Say,ジーン･ヨウ,9,でも、皆いい人だよ。働きやすいと思う！,"근데, 다들 좋은 사람이야. 일하기 편할 거야!"
scene_day3_scenes_fab_day3_logic_6346ee10c065ccc051a489a1ecff7695.bundle,到茶水間,Say,心の声,1,イー･テイと同じことを言っている……,이 테이랑 똑같은 말을 하고 있다……
scene_day3_scenes_fab_day3_logic_6346ee10c065ccc051a489a1ecff7695.bundle,到茶水間,Branch,#Simple,4,……,……
scene_day3_scenes_fab_day3_logic_6346ee10c065ccc051a489a1ecff7695.bundle,到茶水間,Say,ジーン･ヨウ,10,それで、ここには何をしに？,"그래서, 여기 뭐하러 온 거야?"
scene_day3_scenes_fab_day3_logic_6346ee10c065ccc051a489a1ecff7695.bundle,到茶水間,Branch,#Simple,5,リョウさんからお茶を入れるようにと頼まれたんです。,료 씨한테 차를 타 오라는 부탁을 받았어요.
scene_day3_scenes_fab_day3_logic_6346ee10c065ccc051a489a1ecff7695.bundle,到茶水間,Say,ジーン･ヨウ,11,え？リョウさんのお茶なら私が入れたよ？,어? 료 씨 차라면 내가 탔는데?
scene_day3_scenes_fab_day3_logic_6346ee10c065ccc051a489a1ecff7695.bundle,到茶水間,Say,心の声,2,しまった……,아차……
scene_day3_scenes_fab_day3_logic_6346ee10c065ccc051a489a1ecff7695.bundle,到茶水間,Branch,#Simple,6,リョウさんが、入れてもらったのを忘れてたのかもしれません。,"료 씨가, 받은 걸 잊어버리셨는지도 모르죠."
scene_day3_scenes_fab_day3_logic_6346ee10c065ccc051a489a1ecff7695.bundle,到茶水間,Say,ジーン･ヨウ,12,……そうなのかな？,……그런가?
scene_day3_scenes_fab_day3_logic_6346ee10c065ccc051a489a1ecff7695.bundle,到茶水間,Branch,#Simple,7,ジーンさんが忘れてると思って、念のために私にも頼んだのかもしれません。,"진 씨가 잊었다고 생각하고, 혹시나 해서 저한테도 부탁하신 걸지도 몰라요."
scene_day3_scenes_fab_day3_logic_6346ee10c065ccc051a489a1ecff7695.bundle,到茶水間,Say,ジーン･ヨウ,13,もうリョウさんったら心外だな。私、そんなにドジじゃないのに。,료 씨도 참 섭섭하게. 나 그렇게 덜렁대지 않는데.
scene_day3_scenes_fab_day3_logic_6346ee10c065ccc051a489a1ecff7695.bundle,到茶水間,Say,ジーン･ヨウ,14,とにかくお茶は私が入れたから、彼のところに持っていくね。,"아무튼 차는 내가 탔으니까, 갖다줄게."
scene_day3_scenes_fab_day3_logic_6346ee10c065ccc051a489a1ecff7695.bundle,到茶水間,Say,心の声,3,な、何とかやり過ごせたようだ……,"어, 어떻게든 넘긴 것 같다……"
scene_day3_scenes_fab_day3_logic_6346ee10c065ccc051a489a1ecff7695.bundle,到茶水間,Branch,#Simple,8,特に何も。,딱히 없어요.
scene_day3_scenes_fab_day3_logic_6346ee10c065ccc051a489a1ecff7695.bundle,到茶水間,Say,ジーン･ヨウ,15,えっ？何もないの？,엣? 아무것도 없어?
scene_day3_scenes_fab_day3_logic_6346ee10c065ccc051a489a1ecff7695.bundle,到茶水間,Say,心の声,4,何か用がないのは不自然だったか……,볼일이 없는 게 부자연스러웠나……
scene_day3_scenes_fab_day3_logic_6346ee10c065ccc051a489a1ecff7695.bundle,到茶水間,Say,ジーン･ヨウ,16,変なの、フフッ。,"이상하네, 후훗."
scene_day3_scenes_fab_day3_logic_6346ee10c065ccc051a489a1ecff7695.bundle,到茶水間,Say,ジーン･ヨウ,17,じゃ、先に行くね。,"그럼, 먼저 갈게."
scene_day3_scenes_fab_day3_logic_6346ee10c065ccc051a489a1ecff7695.bundle,到茶水間,Branch,#Simple,9,お疲れ様でした。,수고하셨습니다.
scene_day3_scenes_fab_day3_logic_6346ee10c065ccc051a489a1ecff7695.bundle,到茶水間,Branch,#Simple,10,……,……
scene_day3_scenes_fab_day3_logic_6346ee10c065ccc051a489a1ecff7695.bundle,到茶水間,Branch,#Simple,11,そうだ。私が倒した男はどうなりましたか？,아 맞다. 제가 쓰러뜨린 남자는 어떻게 됐나요?
scene_day3_scenes_fab_day3_logic_6346ee10c065ccc051a489a1ecff7695.bundle,到茶水間,Say,ジーン･ヨウ,18,彼のことを心配しているの？優しいね！,그 사람이 걱정되는 거야? 착하네!
scene_day3_scenes_fab_day3_logic_6346ee10c065ccc051a489a1ecff7695.bundle,到茶水間,Say,ジーン･ヨウ,19,でも良くない知らせよ。私が聞いた情報によると……,근데 안 좋은 소식이야. 내가 들은 정보로는……
scene_day3_scenes_fab_day3_logic_6346ee10c065ccc051a489a1ecff7695.bundle,到茶水間,Say,ジーン･ヨウ,20,死刑になるかもしれない。,사형당할지도 몰라.
scene_day3_scenes_fab_day3_logic_6346ee10c065ccc051a489a1ecff7695.bundle,到茶水間,Say,ジーン･ヨウ,21,不公平よね。彼も被害者なのに……,불공평하지. 그 사람도 피해자인데……
scene_day3_scenes_fab_day3_logic_6346ee10c065ccc051a489a1ecff7695.bundle,到茶水間,Branch,#Simple,12,彼に殺された人こそ被害者です。,그 사람한테 죽임당한 사람이야말로 피해자예요.
scene_day3_scenes_fab_day3_logic_6346ee10c065ccc051a489a1ecff7695.bundle,到茶水間,Say,ジーン･ヨウ,22,他の人より達観している人だと思ってたけど……,다른 사람보다 달관한 사람이라고 생각했었는데……
scene_day3_scenes_fab_day3_logic_6346ee10c065ccc051a489a1ecff7695.bundle,到茶水間,Say,ジーン･ヨウ,23,あなたも命は命で償えと思っている人なのね。,당신도 목숨은 목숨으로 갚아야 한다고 생각하는 사람이었구나.
scene_day3_scenes_fab_day3_logic_6346ee10c065ccc051a489a1ecff7695.bundle,到茶水間,Branch,#Simple,13,そういうことを言いたかったわけではなく、言い間違えました。,"그런 말을 하고 싶었던 건 아니고, 잘못 말했어요."
scene_day3_scenes_fab_day3_logic_6346ee10c065ccc051a489a1ecff7695.bundle,到茶水間,Say,ジーン･ヨウ,24,そう？ならいいけど！,그래? 그럼 됐지만!
scene_day3_scenes_fab_day3_logic_6346ee10c065ccc051a489a1ecff7695.bundle,到茶水間,Branch,#Simple,14,私はただ、殺された人の方が可哀想だと言っているだけです。,"저는 그냥, 죽임당한 사람 쪽이 더 불쌍하다고 말하는 것뿐이에요."
scene_day3_scenes_fab_day3_logic_6346ee10c065ccc051a489a1ecff7695.bundle,到茶水間,Say,ジーン･ヨウ,25,じゃ、人殺しをせざるを得ないほど追い込まれた人は可哀想ではないと？,"그럼, 살인을 저지를 수밖에 없을 정도로 몰린 사람은 불쌍하지 않다는 거야?"
scene_day3_scenes_fab_day3_logic_6346ee10c065ccc051a489a1ecff7695.bundle,到茶水間,Branch,#Simple,15,そういう意味ではありません。,그런 뜻이 아닙니다.
scene_day3_scenes_fab_day3_logic_6346ee10c065ccc051a489a1ecff7695.bundle,到茶水間,Say,ジーン･ヨウ,26,でもその言い方だと誤解されるよ？,근데 그런 말투면 오해받는다?
scene_day3_scenes_fab_day3_logic_6346ee10c065ccc051a489a1ecff7695.bundle,到茶水間,Branch,#Simple,16,すみません、彼も可哀想だと思っています。,"죄송해요, 그 사람도 불쌍하다고 생각해요."
scene_day3_scenes_fab_day3_logic_6346ee10c065ccc051a489a1ecff7695.bundle,到茶水間,Say,ジーン･ヨウ,27,うん、理解してくれてありがとう。,"응, 이해해줘서 고마워."
scene_day3_scenes_fab_day3_logic_6346ee10c065ccc051a489a1ecff7695.bundle,到茶水間,Branch,#Simple,17,……,……
scene_day3_scenes_fab_day3_logic_6346ee10c065ccc051a489a1ecff7695.bundle,到茶水間,Say,ジーン･ヨウ,28,じゃ、私はもう行くね。,"그럼, 나는 이만 갈게."
scene_day3_scenes_fab_day3_logic_6346ee10c065ccc051a489a1ecff7695.bundle,到茶水間,Say,ジーン･ヨウ,29,お疲れ様でした。,수고하셨습니다.
scene_day3_scenes_fab_day3_logic_6346ee10c065ccc051a489a1ecff7695.bundle,到茶水間,Branch,#Simple,18,お疲れ様でした。,수고하셨습니다.
scene_day3_scenes_fab_day3_logic_6346ee10c065ccc051a489a1ecff7695.bundle,到茶水間,Branch,#Simple,19,……,……
scene_day3_scenes_fab_day3_logic_6346ee10c065ccc051a489a1ecff7695.bundle,到茶水間,Say,心の声,5,彼女との会話は一苦労だな……,이 사람이랑 대화하는 건 참 고역이군……
scene_day3_scenes_fab_day3_logic_6346ee10c065ccc051a489a1ecff7695.bundle,到茶水間,Branch,#Simple,20,そうですね。この社会そのものが腐っていると思います。,그러네요. 이 사회 자체가 썩었다고 생각해요.
scene_day3_scenes_fab_day3_logic_6346ee10c065ccc051a489a1ecff7695.bundle,到茶水間,Say,ジーン･ヨウ,30,そう！,맞아!
scene_day3_scenes_fab_day3_logic_6346ee10c065ccc051a489a1ecff7695.bundle,到茶水間,Say,ジーン･ヨウ,31,だからもっと良くしていかなきゃよね！,그러니까 더 좋게 만들어가야지!
scene_day3_scenes_fab_day3_logic_6346ee10c065ccc051a489a1ecff7695.bundle,到茶水間,Say,ジーン･ヨウ,32,じゃ、私はもう行くね。,"그럼, 나는 이만 갈게."
scene_day3_scenes_fab_day3_logic_6346ee10c065ccc051a489a1ecff7695.bundle,到茶水間,Say,ジーン･ヨウ,33,あなたと話せてよかった。じゃまたね。,너랑 얘기해서 좋았어. 그럼 또 봐.
scene_day3_scenes_fab_day3_logic_6346ee10c065ccc051a489a1ecff7695.bundle,到茶水間,Branch,#Simple,21,お疲れ様でした。,수고하셨습니다.
scene_day3_scenes_fab_day3_logic_6346ee10c065ccc051a489a1ecff7695.bundle,到茶水間,Branch,#Simple,22,……,……
scene_day3_scenes_fab_day3_logic_6346ee10c065ccc051a489a1ecff7695.bundle,到茶水間,Say,心の声,6,彼女との会話は一苦労だな……,이 사람이랑 대화하는 건 참 고역이군……
scene_day3_scenes_fab_day3_logic_6346ee10c065ccc051a489a1ecff7695.bundle,到茶水間,Say,23,0,あの女、嫌い。,"저 여자, 싫어."
scene_day3_scenes_fab_day3_logic_6346ee10c065ccc051a489a1ecff7695.bundle,到茶水間,Say,リュウセイ･チョウ,0,どうしてっすか？ジーンさんは優しいっすよ。,왜요? 진 씨는 다정하잖아요.
scene_day3_scenes_fab_day3_logic_6346ee10c065ccc051a489a1ecff7695.bundle,到茶水間,Say,23,1,あんたが大きくなったら、いつかわかるよ。,"네가 크면, 언젠가 알게 될 거야."
scene_day3_scenes_fab_day3_logic_6346ee10c065ccc051a489a1ecff7695.bundle,到茶水間,Say,23,2,ジェイ、まずは電源を切って。,"제이, 우선 전원부터 꺼."
scene_day3_scenes_fab_day3_logic_6346ee10c065ccc051a489a1ecff7695.bundle,到茶水間,Say,23,3,まあ、あんたがやらないって言うなら、それでもいいけどね。,"뭐, 네가 안 하겠다면, 그것도 상관없지만."
scene_day3_scenes_fab_day3_logic_6346ee10c065ccc051a489a1ecff7695.bundle,到茶水間,Say,心の声,7,この状況でよくそれが言えるな……,이 상황에서 용케 그런 말이 나오네……
scene_day3_scenes_fab_day3_logic_6346ee10c065ccc051a489a1ecff7695.bundle,阿姨辦公室出來,Say,23,0,電力の供給が復旧した音？,전력 공급이 복구된 소리?
scene_day3_scenes_fab_day3_logic_6346ee10c065ccc051a489a1ecff7695.bundle,阿姨辦公室出來,Say,23,1,手に入れた？,손에 넣었어?
scene_day3_scenes_fab_day3_logic_6346ee10c065ccc051a489a1ecff7695.bundle,阿姨辦公室出來,Branch,#Simple,0,ああ。,아.
scene_day3_scenes_fab_day3_logic_6346ee10c065ccc051a489a1ecff7695.bundle,阿姨辦公室出來,Say,23,2,さすが！,역시!
scene_day3_scenes_fab_day3_logic_6346ee10c065ccc051a489a1ecff7695.bundle,阿姨辦公室出來,Branch,#Simple,1,さあ、どうかな？,"글쎄, 어떨까?"
scene_day3_scenes_fab_day3_logic_6346ee10c065ccc051a489a1ecff7695.bundle,阿姨辦公室出來,Say,リュウセイ･チョウ,0,その言い方だと、手に入れたっすね！,"그 말투 보니까, 손에 넣은 거네요!"
scene_day3_scenes_fab_day3_logic_6346ee10c065ccc051a489a1ecff7695.bundle,阿姨辦公室出來,Say,23,3,おお、リュウセイも察せられるようになったね。,"오, 류세이도 눈치챌 수 있게 됐네."
scene_day3_scenes_fab_day3_logic_6346ee10c065ccc051a489a1ecff7695.bundle,阿姨辦公室出來,Say,リュウセイ･チョウ,1,失敗したっすか？,실패한 거예요?
scene_day3_scenes_fab_day3_logic_6346ee10c065ccc051a489a1ecff7695.bundle,阿姨辦公室出來,Say,23,4,バーカ、あの言い方は、手に入れたってことよ。,"바보야, 그 말투는, 손에 넣었단 뜻이야."
scene_day3_scenes_fab_day3_logic_6346ee10c065ccc051a489a1ecff7695.bundle,阿姨辦公室出來,Say,リュウセイ･チョウ,2,じゃ次は、転送機をイーちゃんのパソコンに付ければいいっすか？,"그럼 다음은, 전송기를 이 짱 컴퓨터에 붙이면 되는 거예요?"
scene_day3_scenes_fab_day3_logic_6346ee10c065ccc051a489a1ecff7695.bundle,阿姨辦公室出來,Say,23,5,ええ、簡単なことだけどバレないようにね。,"응, 간단한 일이긴 한데 들키지 않게 조심해."
scene_day3_scenes_fab_day3_logic_6346ee10c065ccc051a489a1ecff7695.bundle,裝轉送器經過慈恩座位,Say,ジーン･ヨウ,0,ねえ、ジェイ。ちょっと待って。,"저기, 제이. 잠깐만."
scene_day3_scenes_fab_day3_logic_6346ee10c065ccc051a489a1ecff7695.bundle,裝轉送器經過慈恩座位,Say,ジーン･ヨウ,1,聞きたいことがあるの。,물어보고 싶은 게 있어.
scene_day3_scenes_fab_day3_logic_6346ee10c065ccc051a489a1ecff7695.bundle,裝轉送器經過慈恩座位,Say,心の声,0,ジーンがここにいると……,진이 여기 있으면……
scene_day3_scenes_fab_day3_logic_6346ee10c065ccc051a489a1ecff7695.bundle,裝轉送器經過慈恩座位,Say,心の声,1,転送機をパソコンに付けるのを見られてしまう。,전송기를 컴퓨터에 다는 걸 들키고 만다.
scene_day3_scenes_fab_day3_logic_6346ee10c065ccc051a489a1ecff7695.bundle,裝轉送器經過慈恩座位,Say,ジーン･ヨウ,2,ジェイが給湯室から出た後、誰か入って来なかった？,"제이가 탕비실에서 나온 다음, 누구 들어온 사람 없었어?"
scene_day3_scenes_fab_day3_logic_6346ee10c065ccc051a489a1ecff7695.bundle,裝轉送器經過慈恩座位,Branch,#Simple,0,誰も来なかったと思います。,아무도 안 온 것 같습니다.
scene_day3_scenes_fab_day3_logic_6346ee10c065ccc051a489a1ecff7695.bundle,裝轉送器經過慈恩座位,Say,ジーン･ヨウ,3,そう……,그렇구나……
scene_day3_scenes_fab_day3_logic_6346ee10c065ccc051a489a1ecff7695.bundle,裝轉送器經過慈恩座位,Branch,#Simple,1,どうしてそれを？,그걸 어떻게?
scene_day3_scenes_fab_day3_logic_6346ee10c065ccc051a489a1ecff7695.bundle,裝轉送器經過慈恩座位,Say,ジーン･ヨウ,4,さっき、廊下の電気が落ちたでしょう？,"아까, 복도 전기 나갔었잖아?"
scene_day3_scenes_fab_day3_logic_6346ee10c065ccc051a489a1ecff7695.bundle,裝轉送器經過慈恩座位,Say,ジーン･ヨウ,5,ボーちゃんが言うには、誰かが給湯室の配電盤を壊したって……,"보 짱 말로는, 누가 탕비실 배전반을 망가뜨렸다는데……"
scene_day3_scenes_fab_day3_logic_6346ee10c065ccc051a489a1ecff7695.bundle,裝轉送器經過慈恩座位,Say,心の声,2,壊してしまったのか……,망가뜨려 버렸구나……
scene_day3_scenes_fab_day3_logic_6346ee10c065ccc051a489a1ecff7695.bundle,裝轉送器經過慈恩座位,Say,23,0,えっ、壊しちゃったの？マジウケる！,"엥, 망가뜨렸어? 완전 웃기네!"
scene_day3_scenes_fab_day3_logic_6346ee10c065ccc051a489a1ecff7695.bundle,裝轉送器經過慈恩座位,Say,ジーン･ヨウ,6,もしかしてジェイが壊したとか？,혹시 제이가 망가뜨린 거 아냐?
scene_day3_scenes_fab_day3_logic_6346ee10c065ccc051a489a1ecff7695.bundle,裝轉送器經過慈恩座位,Say,心の声,3,しまった……,아차……
scene_day3_scenes_fab_day3_logic_6346ee10c065ccc051a489a1ecff7695.bundle,裝轉送器經過慈恩座位,Branch,#Simple,2,ハハ、冗談を言うのはやめてください。,"하하, 농담하지 마세요."
scene_day3_scenes_fab_day3_logic_6346ee10c065ccc051a489a1ecff7695.bundle,裝轉送器經過慈恩座位,Say,ジーン･ヨウ,7,そうね。意地悪な質問しちゃってごめんね！,그렇지. 짓궂은 질문해서 미안!
scene_day3_scenes_fab_day3_logic_6346ee10c065ccc051a489a1ecff7695.bundle,裝轉送器經過慈恩座位,Branch,#Simple,3,私じゃありません。,제가 아니에요.
scene_day3_scenes_fab_day3_logic_6346ee10c065ccc051a489a1ecff7695.bundle,裝轉送器經過慈恩座位,Say,ジーン･ヨウ,8,わかってるよ。ちょっとからかっただけ！,알아. 그냥 좀 놀린 거야!
scene_day3_scenes_fab_day3_logic_6346ee10c065ccc051a489a1ecff7695.bundle,裝轉送器經過慈恩座位,Say,ジーン･ヨウ,9,そんな真剣な顔をしなくていいよ、ハハ。,"그렇게 심각한 얼굴 안 해도 돼, 하하."
scene_day3_scenes_fab_day3_logic_6346ee10c065ccc051a489a1ecff7695.bundle,裝轉送器經過慈恩座位,Say,ジーン･ヨウ,10,……,……
scene_day3_scenes_fab_day3_logic_6346ee10c065ccc051a489a1ecff7695.bundle,裝轉送器經過慈恩座位,Say,ジーン･ヨウ,11,やっぱりちょっと怪しいかも……,역시 좀 수상한 것 같기도……
scene_day3_scenes_fab_day3_logic_6346ee10c065ccc051a489a1ecff7695.bundle,裝轉送器經過慈恩座位,Say,心の声,4,うっ……,윽……
scene_day3_scenes_fab_day3_logic_6346ee10c065ccc051a489a1ecff7695.bundle,裝轉送器經過慈恩座位,Say,ジーン･ヨウ,12,ハハッ、今のも冗談だよ。,"하핫, 방금 것도 농담이야."
scene_day3_scenes_fab_day3_logic_6346ee10c065ccc051a489a1ecff7695.bundle,裝轉送器經過慈恩座位,Say,心の声,5,はぁ……,하아……
scene_day3_scenes_fab_day3_logic_6346ee10c065ccc051a489a1ecff7695.bundle,裝轉送器經過慈恩座位,Say,ジーン･ヨウ,13,多分設備が古いせいね。,아마 설비가 낡아서 그런 걸 거야.
scene_day3_scenes_fab_day3_logic_6346ee10c065ccc051a489a1ecff7695.bundle,裝轉送器經過慈恩座位,Say,ジーン･ヨウ,14,まあ、後でボーちゃん監視カメラを確認するらしいから大丈夫よ。,"뭐, 나중에 보 짱이 감시 카메라 확인한다니까 괜찮을 거야."
scene_day3_scenes_fab_day3_logic_6346ee10c065ccc051a489a1ecff7695.bundle,裝轉送器經過慈恩座位,Say,心の声,6,クソ、俺が壊したところが映ってるはずだ……,"젠장, 내가 부순 장면이 찍혔을 텐데……"
scene_day3_scenes_fab_day3_logic_6346ee10c065ccc051a489a1ecff7695.bundle,裝轉送器經過慈恩座位,Say,23,1,落ち着いて、転送機さえ付けてくれれば私が処理できるから。,"진정해, 전송기만 달아주면 내가 처리할 수 있으니까."
scene_day3_scenes_fab_day3_logic_6346ee10c065ccc051a489a1ecff7695.bundle,裝轉送器經過慈恩座位,Say,23,2,今は作戦通りに行動して。,지금은 작전대로 행동해.
scene_day3_scenes_fab_day3_logic_6346ee10c065ccc051a489a1ecff7695.bundle,裝轉送器經過慈恩座位,Say,ジーン･ヨウ,15,あら、ジェイ！,"어머, 제이!"
scene_day3_scenes_fab_day3_logic_6346ee10c065ccc051a489a1ecff7695.bundle,裝轉送器經過慈恩座位,Say,心の声,7,ジーンがここにいると……,진이 여기 있으면……
scene_day3_scenes_fab_day3_logic_6346ee10c065ccc051a489a1ecff7695.bundle,裝轉送器經過慈恩座位,Say,心の声,8,転送機をパソコンに付けるのを見られてしまう。,전송기를 컴퓨터에 다는 걸 들키고 만다.
scene_day3_scenes_fab_day3_logic_6346ee10c065ccc051a489a1ecff7695.bundle,裝轉送器經過慈恩座位,Say,ジーン･ヨウ,16,聞いたよ。操作組を選んだんだって？,들었어. 조작조를 선택했다며?
scene_day3_scenes_fab_day3_logic_6346ee10c065ccc051a489a1ecff7695.bundle,裝轉送器經過慈恩座位,Branch,#Simple,4,そうですね。,그러게요.
scene_day3_scenes_fab_day3_logic_6346ee10c065ccc051a489a1ecff7695.bundle,裝轉送器經過慈恩座位,Say,ジーン･ヨウ,17,そっか……,그렇구나……
scene_day3_scenes_fab_day3_logic_6346ee10c065ccc051a489a1ecff7695.bundle,裝轉送器經過慈恩座位,Say,ジーン･ヨウ,18,ちょっと意外だったな。,좀 의외였어.
scene_day3_scenes_fab_day3_logic_6346ee10c065ccc051a489a1ecff7695.bundle,裝轉送器經過慈恩座位,Branch,#Simple,5,誰から聞いたんですか？,누구한테 들으셨어요?
scene_day3_scenes_fab_day3_logic_6346ee10c065ccc051a489a1ecff7695.bundle,裝轉送器經過慈恩座位,Say,ジーン･ヨウ,19,もちろんイーちゃんだよ。,당연히 이 짱이지.
scene_day3_scenes_fab_day3_logic_6346ee10c065ccc051a489a1ecff7695.bundle,裝轉送器經過慈恩座位,Say,ジーン･ヨウ,20,お互い大人だからね、あなたの選択にとやかく言う気はないよ。,"서로 어른이니까, 네 선택에 이러쿵저러쿵 할 생각은 없어."
scene_day3_scenes_fab_day3_logic_6346ee10c065ccc051a489a1ecff7695.bundle,裝轉送器經過慈恩座位,Say,心の声,9,意外と言ってる時点で否定的に聞こえるが……,의외라고 말하는 시점에서 이미 부정적으로 들리는데……
scene_day3_scenes_fab_day3_logic_6346ee10c065ccc051a489a1ecff7695.bundle,裝轉送器經過慈恩座位,Say,ジーン･ヨウ,21,聞いたよ！ようこそ選別組へ！,들었어! 선별조에 온 걸 환영해!
scene_day3_scenes_fab_day3_logic_6346ee10c065ccc051a489a1ecff7695.bundle,裝轉送器經過慈恩座位,Branch,#Simple,6,ありがとうございます。,감사합니다.
scene_day3_scenes_fab_day3_logic_6346ee10c065ccc051a489a1ecff7695.bundle,裝轉送器經過慈恩座位,Say,ジーン･ヨウ,22,歓迎するよ～,환영해~
scene_day3_scenes_fab_day3_logic_6346ee10c065ccc051a489a1ecff7695.bundle,裝轉送器經過慈恩座位,Branch,#Simple,7,でもここの給料は低いって聞きました。,근데 여기 급여가 낮다고 들었어요.
scene_day3_scenes_fab_day3_logic_6346ee10c065ccc051a489a1ecff7695.bundle,裝轉送器經過慈恩座位,Say,ジーン･ヨウ,23,まぁ、確かにね、ハハ……,"뭐, 확실히 그렇지, 하하……"
scene_day3_scenes_fab_day3_logic_6346ee10c065ccc051a489a1ecff7695.bundle,裝轉送器經過慈恩座位,Say,ジーン･ヨウ,24,でも、皆いい人だよ。働きやすいと思う！,"근데, 다들 좋은 사람이야. 일하기 편할 거야!"
scene_day3_scenes_fab_day3_logic_6346ee10c065ccc051a489a1ecff7695.bundle,裝轉送器經過慈恩座位,Say,心の声,10,イー･テイと同じことを言っている……,이 테이랑 똑같은 말을 하고 있다……
scene_day3_scenes_fab_day3_logic_6346ee10c065ccc051a489a1ecff7695.bundle,裝轉送器經過慈恩座位,Branch,#Simple,8,……,……
scene_day3_scenes_fab_day3_logic_6346ee10c065ccc051a489a1ecff7695.bundle,裝轉送器經過慈恩座位,Say,ジーン･ヨウ,25,そうだ、ジェイ。,"아 맞다, 제이."
scene_day3_scenes_fab_day3_logic_6346ee10c065ccc051a489a1ecff7695.bundle,裝轉送器經過慈恩座位,Say,ジーン･ヨウ,26,シンホンを見なかった？,신홍 못 봤어?
scene_day3_scenes_fab_day3_logic_6346ee10c065ccc051a489a1ecff7695.bundle,裝轉送器經過慈恩座位,Branch,#Simple,9,契約ホールの廊下で見ました。,계약홀 복도에서 봤습니다.
scene_day3_scenes_fab_day3_logic_6346ee10c065ccc051a489a1ecff7695.bundle,裝轉送器經過慈恩座位,Say,ジーン･ヨウ,27,そう、ならよかった。,"그래, 그럼 다행이네."
scene_day3_scenes_fab_day3_logic_6346ee10c065ccc051a489a1ecff7695.bundle,裝轉送器經過慈恩座位,Say,ジーン･ヨウ,28,今日は契約担当の人が本社に駆り出されちゃったから、シンホンに代わりを頼んだの。,"오늘 계약 담당자가 본사에 불려가서, 신홍한테 대신 부탁했거든."
scene_day3_scenes_fab_day3_logic_6346ee10c065ccc051a489a1ecff7695.bundle,裝轉送器經過慈恩座位,Say,ジーン･ヨウ,29,でも全く返事がないから、直接会いに行こうと思ってて。,"근데 전혀 답이 없어서, 직접 만나러 가려던 참이야."
scene_day3_scenes_fab_day3_logic_6346ee10c065ccc051a489a1ecff7695.bundle,裝轉送器經過慈恩座位,Say,ジーン･ヨウ,30,教えてくれてありがとうね。,알려줘서 고마워.
scene_day3_scenes_fab_day3_logic_6346ee10c065ccc051a489a1ecff7695.bundle,裝轉送器經過慈恩座位,Branch,#Simple,10,誰も来なかったと思います。,아무도 안 온 것 같습니다.
scene_day3_scenes_fab_day3_logic_6346ee10c065ccc051a489a1ecff7695.bundle,裝轉送器經過慈恩座位,Say,心の声,11,俺は見ていたはずなのに……,분명 내가 봤을 텐데……
scene_day3_scenes_fab_day3_logic_6346ee10c065ccc051a489a1ecff7695.bundle,裝轉送器經過慈恩座位,Say,ジーン･ヨウ,31,そうよね……,그렇겠지……
scene_day3_scenes_fab_day3_logic_6346ee10c065ccc051a489a1ecff7695.bundle,裝轉送器經過慈恩座位,Say,ジーン･ヨウ,32,ありがとう！直接会いに行くしかなさそうね！,고마워! 직접 만나러 갈 수밖에 없겠네!
scene_day3_scenes_fab_day3_logic_6346ee10c065ccc051a489a1ecff7695.bundle,裝轉送器經過慈恩座位,Branch,#Simple,11,ご苦労さまです。,수고하십니다.
scene_day3_scenes_fab_day3_logic_6346ee10c065ccc051a489a1ecff7695.bundle,裝轉送器經過慈恩座位,Branch,#Simple,12,何かあったんですか？,무슨 일 있었어요?
scene_day3_scenes_fab_day3_logic_6346ee10c065ccc051a489a1ecff7695.bundle,裝轉送器經過慈恩座位,Say,ジーン･ヨウ,33,ううん、大した事じゃないの。,"아니, 별일 아니야."
scene_day3_scenes_fab_day3_logic_6346ee10c065ccc051a489a1ecff7695.bundle,裝轉送器經過慈恩座位,Say,ジーン･ヨウ,34,今日は契約担当の人が本社に駆り出されちゃったから、シンホンに代わりを頼んだの。,"오늘 계약 담당자가 본사에 불려가서, 신홍한테 대신 부탁했거든."
scene_day3_scenes_fab_day3_logic_6346ee10c065ccc051a489a1ecff7695.bundle,裝轉送器經過慈恩座位,Say,ジーン･ヨウ,35,でも全く返事がないから、直接会いに行こうと思って。,"근데 전혀 답이 없어서, 직접 만나러 가려던 참이야."
scene_day3_scenes_fab_day3_logic_6346ee10c065ccc051a489a1ecff7695.bundle,裝轉送器經過慈恩座位,Branch,#Simple,13,……,……
scene_day3_scenes_fab_day3_logic_6346ee10c065ccc051a489a1ecff7695.bundle,裝轉送器經過慈恩座位,Say,ジーン･ヨウ,36,じゃ、先に行くね。,"그럼, 먼저 갈게."
scene_day3_scenes_fab_day3_logic_6346ee10c065ccc051a489a1ecff7695.bundle,裝轉送器經過慈恩座位,Branch,#Simple,14,お疲れ様でした。,수고하셨습니다.
scene_day3_scenes_fab_day3_logic_6346ee10c065ccc051a489a1ecff7695.bundle,裝轉送器經過慈恩座位,Branch,#Simple,15,……,……
scene_day3_scenes_fab_day3_logic_6346ee10c065ccc051a489a1ecff7695.bundle,裝轉送器經過慈恩座位,Say,23,3,お疲れ様。これなら安全に転送機を付けられるはずよ。,수고했어. 이러면 안전하게 전송기를 달 수 있을 거야.
scene_day3_scenes_fab_day3_logic_6346ee10c065ccc051a489a1ecff7695.bundle,裝轉送器經過慈恩座位,Branch,#Simple,16,何かあったんですか？,무슨 일 있었어요?
scene_day3_scenes_fab_day3_logic_6346ee10c065ccc051a489a1ecff7695.bundle,裝轉送器經過慈恩座位,Say,ジーン･ヨウ,37,ううん、大した事じゃないの。,"아니, 별일 아니야."
scene_day3_scenes_fab_day3_logic_6346ee10c065ccc051a489a1ecff7695.bundle,裝轉送器經過慈恩座位,Say,ジーン･ヨウ,38,今日は契約担当の人が本社に駆り出されちゃったから、シンホンに代わりを頼んだの。,"오늘 계약 담당자가 본사에 불려가서, 신홍한테 대신 부탁했거든."
scene_day3_scenes_fab_day3_logic_6346ee10c065ccc051a489a1ecff7695.bundle,裝轉送器經過慈恩座位,Say,ジーン･ヨウ,39,でも全く返事がないから、直接会いに行こうと思ってて。,"근데 전혀 답이 없어서, 직접 만나러 가려던 참이야."
scene_day3_scenes_fab_day3_logic_6346ee10c065ccc051a489a1ecff7695.bundle,裝轉送器經過慈恩座位,Say,ジーン･ヨウ,40,それで、シンホンを見かけたかな？,"그래서, 신홍 봤어?"
scene_day3_scenes_fab_day3_logic_6346ee10c065ccc051a489a1ecff7695.bundle,裝轉送器經過慈恩座位,Branch,#Simple,17,はい、見ました。,"네, 봤습니다."
scene_day3_scenes_fab_day3_logic_6346ee10c065ccc051a489a1ecff7695.bundle,裝轉送器經過慈恩座位,Say,ジーン･ヨウ,41,そう、ならよかった。,"그래, 그럼 다행이네."
scene_day3_scenes_fab_day3_logic_6346ee10c065ccc051a489a1ecff7695.bundle,裝轉送器經過慈恩座位,Say,ジーン･ヨウ,42,教えてくれてありがとうね。,알려줘서 고마워.
scene_day3_scenes_fab_day3_logic_6346ee10c065ccc051a489a1ecff7695.bundle,裝轉送器經過慈恩座位,Branch,#Simple,18,見てないです。,못 봤습니다.
scene_day3_scenes_fab_day3_logic_6346ee10c065ccc051a489a1ecff7695.bundle,裝轉送器經過慈恩座位,Say,ジーン･ヨウ,43,そうよね……,그렇겠지……
scene_day3_scenes_fab_day3_logic_6346ee10c065ccc051a489a1ecff7695.bundle,裝轉送器經過慈恩座位,Say,ジーン･ヨウ,44,ありがとう！直接会いに行くしかなさそうね！,고마워! 직접 만나러 갈 수밖에 없겠네!
scene_day3_scenes_fab_day3_logic_6346ee10c065ccc051a489a1ecff7695.bundle,裝轉送器經過慈恩座位,Say,ジーン･ヨウ,45,じゃ、先に行くね。,"그럼, 먼저 갈게."
scene_day3_scenes_fab_day3_logic_6346ee10c065ccc051a489a1ecff7695.bundle,裝轉送器經過慈恩座位,Branch,#Simple,19,お疲れ様でした。,수고하셨습니다.
scene_day3_scenes_fab_day3_logic_6346ee10c065ccc051a489a1ecff7695.bundle,裝轉送器經過慈恩座位,Branch,#Simple,20,……,……
scene_day3_scenes_fab_day3_logic_6346ee10c065ccc051a489a1ecff7695.bundle,裝轉送器經過慈恩座位,Say,23,4,お疲れ様。これなら安全に転送機を付けられるはずよ。,수고했어. 이러면 안전하게 전송기를 달 수 있을 거야.
scene_day3_scenes_fab_day3_logic_6346ee10c065ccc051a489a1ecff7695.bundle,去鄭緯電腦裝轉送器,Say,心の声,0,この装置、外すより付ける方がずっと難しいな……,"이 장치, 떼는 것보다 다는 게 훨씬 어렵네……"
scene_day3_scenes_fab_day3_logic_6346ee10c065ccc051a489a1ecff7695.bundle,去鄭緯電腦裝轉送器,Say,心の声,1,よっし、終わった。,"좋아, 끝났다."
scene_day3_scenes_fab_day3_logic_6346ee10c065ccc051a489a1ecff7695.bundle,去鄭緯電腦裝轉送器,Say,ジーン･ヨウ,0,ジェイ。,제이.
scene_day3_scenes_fab_day3_logic_6346ee10c065ccc051a489a1ecff7695.bundle,去鄭緯電腦裝轉送器,Say,ジーン･ヨウ,1,そこで何をしてるの？,거기서 뭐 하는 거야?
scene_day3_scenes_fab_day3_logic_6346ee10c065ccc051a489a1ecff7695.bundle,去鄭緯電腦裝轉送器,Say,心の声,2,やはり気づかれたか……,역시 들켰나……
scene_day3_scenes_fab_day3_logic_6346ee10c065ccc051a489a1ecff7695.bundle,去鄭緯電腦裝轉送器,Branch,#Simple,0,落とした物を拾ってただけです。,떨어뜨린 걸 줍고 있었을 뿐이에요.
scene_day3_scenes_fab_day3_logic_6346ee10c065ccc051a489a1ecff7695.bundle,去鄭緯電腦裝轉送器,Branch,#Simple,1,靴紐を結んでました。,신발끈을 묶고 있었어요.
scene_day3_scenes_fab_day3_logic_6346ee10c065ccc051a489a1ecff7695.bundle,去鄭緯電腦裝轉送器,Say,ジーン･ヨウ,2,そうじゃなくて、チーフの席で何をしているのって聞いてるの。,"그게 아니라, 팀장님 자리에서 뭐 하고 있냐고 묻는 거야."
scene_day3_scenes_fab_day3_logic_6346ee10c065ccc051a489a1ecff7695.bundle,去鄭緯電腦裝轉送器,Say,リュウセイ･チョウ,0,うわ、見つかっちゃったっすよ！ど、どうするっすか！,"우와, 들켜버렸어요! 어, 어떡하죠!"
scene_day3_scenes_fab_day3_logic_6346ee10c065ccc051a489a1ecff7695.bundle,去鄭緯電腦裝轉送器,Say,23,0,ちょっとリュウセイ、落ち着いて！,"야 류성, 진정해!"
scene_day3_scenes_fab_day3_logic_6346ee10c065ccc051a489a1ecff7695.bundle,去鄭緯電腦裝轉送器,Branch,#Simple,2,静かにしてくれ！,조용히 좀 해줘!
scene_day3_scenes_fab_day3_logic_6346ee10c065ccc051a489a1ecff7695.bundle,去鄭緯電腦裝轉送器,Say,ジーン･ヨウ,3,静かにして？何を言ってるの？,조용히 하라니? 무슨 소리야?
scene_day3_scenes_fab_day3_logic_6346ee10c065ccc051a489a1ecff7695.bundle,去鄭緯電腦裝轉送器,Say,心の声,3,俺は何をやってるんだ……,나 지금 뭐 하는 거지……
scene_day3_scenes_fab_day3_logic_6346ee10c065ccc051a489a1ecff7695.bundle,去鄭緯電腦裝轉送器,Say,23,1,ちょっと！この状況でこっちに話かけないでよ！,야! 이 상황에 이쪽한테 말 걸지 말라고!
scene_day3_scenes_fab_day3_logic_6346ee10c065ccc051a489a1ecff7695.bundle,去鄭緯電腦裝轉送器,Branch,#Simple,3,……,……
scene_day3_scenes_fab_day3_logic_6346ee10c065ccc051a489a1ecff7695.bundle,去鄭緯電腦裝轉送器,Say,ジーン･ヨウ,4,ジェイ、答えて。,"제이, 대답해."
scene_day3_scenes_fab_day3_logic_6346ee10c065ccc051a489a1ecff7695.bundle,去鄭緯電腦裝轉送器,Branch,#Simple,4,どうしてそんなことを聞くんですか？,왜 그런 걸 묻는 거예요?
scene_day3_scenes_fab_day3_logic_6346ee10c065ccc051a489a1ecff7695.bundle,去鄭緯電腦裝轉送器,Say,ジーン･ヨウ,5,ジェイが怪しいから。,제이가 수상하니까.
scene_day3_scenes_fab_day3_logic_6346ee10c065ccc051a489a1ecff7695.bundle,去鄭緯電腦裝轉送器,Say,ジーン･ヨウ,6,チーフの席で何かをやっていたでしょ。,팀장님 자리에서 뭔가 하고 있었잖아.
scene_day3_scenes_fab_day3_logic_6346ee10c065ccc051a489a1ecff7695.bundle,去鄭緯電腦裝轉送器,Say,心の声,4,完全に俺を疑っている……このままじゃ、簡単に立ち去れそうにはないな……,"완전히 나를 의심하고 있다……이대로면, 쉽게 빠져나갈 수 없겠는데……"
scene_day3_scenes_fab_day3_logic_6346ee10c065ccc051a489a1ecff7695.bundle,去鄭緯電腦裝轉送器,Say,ジーン･ヨウ,7,それで何をしてたの……？,그래서 뭘 하고 있었던 거야……?
scene_day3_scenes_fab_day3_logic_6346ee10c065ccc051a489a1ecff7695.bundle,去鄭緯電腦裝轉送器,Branch,#Simple,5,チーフの席にある集合写真を見てただけです。,팀장님 자리에 있는 단체 사진을 보고 있었을 뿐이에요.
scene_day3_scenes_fab_day3_logic_6346ee10c065ccc051a489a1ecff7695.bundle,去鄭緯電腦裝轉送器,Say,ジーン･ヨウ,8,あっ、そうだったの？,"아, 그랬어?"
scene_day3_scenes_fab_day3_logic_6346ee10c065ccc051a489a1ecff7695.bundle,去鄭緯電腦裝轉送器,Say,ジーン･ヨウ,9,どれを見てたの？,어느 걸 보고 있었는데?
scene_day3_scenes_fab_day3_logic_6346ee10c065ccc051a489a1ecff7695.bundle,去鄭緯電腦裝轉送器,Say,心の声,5,何でそんなに嬉しそうなんだ……？,왜 이렇게 좋아하는 거지……?
scene_day3_scenes_fab_day3_logic_6346ee10c065ccc051a489a1ecff7695.bundle,去鄭緯電腦裝轉送器,Branch,#Simple,6,皆で食事会をしている写真を見てました。,다 같이 회식하는 사진을 보고 있었어요.
scene_day3_scenes_fab_day3_logic_6346ee10c065ccc051a489a1ecff7695.bundle,去鄭緯電腦裝轉送器,Say,ジーン･ヨウ,10,ああ、あれね……,"아, 그거……"
scene_day3_scenes_fab_day3_logic_6346ee10c065ccc051a489a1ecff7695.bundle,去鄭緯電腦裝轉送器,Say,心の声,6,少し気を落としたようだ……,조금 실망한 것 같다……
scene_day3_scenes_fab_day3_logic_6346ee10c065ccc051a489a1ecff7695.bundle,去鄭緯電腦裝轉送器,Say,ジーン･ヨウ,11,あれは忘年会の時の写真だよ。,그건 송년회 때 사진이야.
scene_day3_scenes_fab_day3_logic_6346ee10c065ccc051a489a1ecff7695.bundle,去鄭緯電腦裝轉送器,Say,ジーン･ヨウ,12,授賞式の写真を見てたんじゃないのね。,시상식 사진을 보고 있었던 게 아니었구나.
scene_day3_scenes_fab_day3_logic_6346ee10c065ccc051a489a1ecff7695.bundle,去鄭緯電腦裝轉送器,Branch,#Simple,7,何か賞をもらった時の写真を見てました。,무슨 상 받았을 때 사진을 보고 있었어요.
scene_day3_scenes_fab_day3_logic_6346ee10c065ccc051a489a1ecff7695.bundle,去鄭緯電腦裝轉送器,Say,ジーン･ヨウ,13,やっぱあれを見てたのね！,역시 그걸 보고 있었구나!
scene_day3_scenes_fab_day3_logic_6346ee10c065ccc051a489a1ecff7695.bundle,去鄭緯電腦裝轉送器,Say,ジーン･ヨウ,14,去年、うちの部署が社内で3番目の業績を出した時の授賞式よ！,"작년에, 우리 부서가 사내에서 3위 실적을 냈을 때 시상식이야!"
scene_day3_scenes_fab_day3_logic_6346ee10c065ccc051a489a1ecff7695.bundle,去鄭緯電腦裝轉送器,Say,ジーン･ヨウ,15,一年間の努力が報われたから、皆すごく喜んでいたのよ。,"1년간의 노력이 결실을 맺어서, 다들 엄청 기뻐했었어."
scene_day3_scenes_fab_day3_logic_6346ee10c065ccc051a489a1ecff7695.bundle,去鄭緯電腦裝轉送器,Say,ジーン･ヨウ,16,協力者に対して最もいい待遇を提供していたにも関わらず、社内3位の成績を上げられるなんて凄いことよ！,"협력자한테 최고의 대우를 제공하고 있었는데도, 사내 3위 실적을 올리다니 대단한 일이라고!"
scene_day3_scenes_fab_day3_logic_6346ee10c065ccc051a489a1ecff7695.bundle,去鄭緯電腦裝轉送器,Say,心の声,7,すごく自慢げに話しているな。,엄청 자랑스럽게 얘기하네.
scene_day3_scenes_fab_day3_logic_6346ee10c065ccc051a489a1ecff7695.bundle,去鄭緯電腦裝轉送器,Say,ジーン･ヨウ,17,あっ、自慢みたいになっちゃったかな。,"아, 자랑처럼 돼버렸나."
scene_day3_scenes_fab_day3_logic_6346ee10c065ccc051a489a1ecff7695.bundle,去鄭緯電腦裝轉送器,Say,ジーン･ヨウ,18,まあ、写真を見るだけなら別にとやかく言う必要はないよね。,"뭐, 사진 보는 정도면 딱히 뭐라 할 필요는 없지."
scene_day3_scenes_fab_day3_logic_6346ee10c065ccc051a489a1ecff7695.bundle,去鄭緯電腦裝轉送器,Say,ジーン･ヨウ,19,じゃ、仕事に戻るね。,"그럼, 일하러 돌아갈게."
scene_day3_scenes_fab_day3_logic_6346ee10c065ccc051a489a1ecff7695.bundle,去鄭緯電腦裝轉送器,Say,23,2,ジェイ、よくやった。,"제이, 잘했어."
scene_day3_scenes_fab_day3_logic_6346ee10c065ccc051a489a1ecff7695.bundle,去鄭緯電腦裝轉送器,Say,リュウセイ･チョウ,1,さすがジェイの兄貴！,역시 제이 형님!
scene_day3_scenes_fab_day3_logic_6346ee10c065ccc051a489a1ecff7695.bundle,去鄭緯電腦裝轉送器,Branch,#Simple,8,チーフの自撮りです。,팀장님 셀카예요.
scene_day3_scenes_fab_day3_logic_6346ee10c065ccc051a489a1ecff7695.bundle,去鄭緯電腦裝轉送器,Say,ジーン･ヨウ,20,自撮り？イーちゃんの席に自撮り写真なんてないと思うけど。,셀카? 이짱 자리에 셀카 사진 같은 건 없을 텐데.
scene_day3_scenes_fab_day3_logic_6346ee10c065ccc051a489a1ecff7695.bundle,去鄭緯電腦裝轉送器,Say,ジーン･ヨウ,21,ハハ、それに自分の自撮りを置いておくなんて、ナルシストにも程があるでしょう！,"하하, 게다가 자기 셀카를 놔둔다니, 나르시시스트도 정도가 있지!"
scene_day3_scenes_fab_day3_logic_6346ee10c065ccc051a489a1ecff7695.bundle,去鄭緯電腦裝轉送器,Say,ジーン･ヨウ,22,……,……
scene_day3_scenes_fab_day3_logic_6346ee10c065ccc051a489a1ecff7695.bundle,去鄭緯電腦裝轉送器,Say,ジーン･ヨウ,23,何かファイルを消そうとしてた？,뭔가 파일을 지우려고 했어?
scene_day3_scenes_fab_day3_logic_6346ee10c065ccc051a489a1ecff7695.bundle,去鄭緯電腦裝轉送器,Say,心の声,8,なんのことですか？,무슨 얘기죠?
scene_day3_scenes_fab_day3_logic_6346ee10c065ccc051a489a1ecff7695.bundle,去鄭緯電腦裝轉送器,Say,ジーン･ヨウ,24,とぼけなくても良いよ。良くあることだから。,시치미 안 떼도 돼. 흔히 있는 일이니까.
scene_day3_scenes_fab_day3_logic_6346ee10c065ccc051a489a1ecff7695.bundle,去鄭緯電腦裝轉送器,Say,ジーン･ヨウ,25,ミスをすると、サイレントはその記録をチーフに送るの。,"실수를 하면, 사일런트가 그 기록을 팀장님한테 보내거든."
scene_day3_scenes_fab_day3_logic_6346ee10c065ccc051a489a1ecff7695.bundle,去鄭緯電腦裝轉送器,Say,ジーン･ヨウ,26,だから一部の人はチーフのパソコンを使って記録を消したりするのよ。,그래서 몇몇 사람들은 팀장님 컴퓨터를 써서 기록을 지우고 그래.
scene_day3_scenes_fab_day3_logic_6346ee10c065ccc051a489a1ecff7695.bundle,去鄭緯電腦裝轉送器,Say,心の声,9,そんなのありなのか……,그런 게 통하는구나……
scene_day3_scenes_fab_day3_logic_6346ee10c065ccc051a489a1ecff7695.bundle,去鄭緯電腦裝轉送器,Say,ジーン･ヨウ,27,でも記録はチーフのパソコン以外にも保存されているから、これだけを消しても意味がないけどね。,"근데 기록은 팀장님 컴퓨터 말고도 저장되어 있어서, 이것만 지워봤자 의미는 없지만."
scene_day3_scenes_fab_day3_logic_6346ee10c065ccc051a489a1ecff7695.bundle,去鄭緯電腦裝轉送器,Say,ジーン･ヨウ,28,まさか……配電盤を壊したのって本当にジェイだったの？,"설마……배전반 부순 거, 진짜 제이였어?"
scene_day3_scenes_fab_day3_logic_6346ee10c065ccc051a489a1ecff7695.bundle,去鄭緯電腦裝轉送器,Branch,#Simple,9,私じゃありません。,제가 아니에요.
scene_day3_scenes_fab_day3_logic_6346ee10c065ccc051a489a1ecff7695.bundle,去鄭緯電腦裝轉送器,Branch,#Simple,10,……,……
scene_day3_scenes_fab_day3_logic_6346ee10c065ccc051a489a1ecff7695.bundle,去鄭緯電腦裝轉送器,Say,ジーン･ヨウ,29,まあ、いいよ。どうせチーフが調べればわかることだし。,"뭐, 됐어. 어차피 팀장님이 조사하면 알게 될 거고."
scene_day3_scenes_fab_day3_logic_6346ee10c065ccc051a489a1ecff7695.bundle,去鄭緯電腦裝轉送器,Say,ジーン･ヨウ,30,本当にあなたじゃないなら大丈夫でしょ？,정말로 네가 아니라면 괜찮잖아?
scene_day3_scenes_fab_day3_logic_6346ee10c065ccc051a489a1ecff7695.bundle,去鄭緯電腦裝轉送器,Say,ジーン･ヨウ,31,ジェイが何を消そうとしてたかは聞くつもりはないよ。,제이가 뭘 지우려고 했는지는 안 물어볼게.
scene_day3_scenes_fab_day3_logic_6346ee10c065ccc051a489a1ecff7695.bundle,去鄭緯電腦裝轉送器,Say,ジーン･ヨウ,32,でも内容によっては、消しても意味がないから。,"근데 내용에 따라서는, 지워도 의미 없으니까."
scene_day3_scenes_fab_day3_logic_6346ee10c065ccc051a489a1ecff7695.bundle,去鄭緯電腦裝轉送器,Say,ジーン･ヨウ,33,今回は見なかったことにするけど、二度としないでね。,"이번엔 못 본 걸로 할게, 근데 두 번 다시 하지 마."
scene_day3_scenes_fab_day3_logic_6346ee10c065ccc051a489a1ecff7695.bundle,去鄭緯電腦裝轉送器,Say,ジーン･ヨウ,34,はぁ……,하아……
scene_day3_scenes_fab_day3_logic_6346ee10c065ccc051a489a1ecff7695.bundle,去鄭緯電腦裝轉送器,Say,ジーン･ヨウ,35,もう戻っていいよ。,이제 돌아가도 돼.
scene_day3_scenes_fab_day3_logic_6346ee10c065ccc051a489a1ecff7695.bundle,去鄭緯電腦裝轉送器,Say,リュウセイ･チョウ,2,うわ、ジェイさん、めっちゃ誤解されたっすね。,"우와, 제이 씨, 완전 오해받았네요."
scene_day3_scenes_fab_day3_logic_6346ee10c065ccc051a489a1ecff7695.bundle,去鄭緯電腦裝轉送器,Say,23,3,まあ、操作組に行けば、もう彼女と会うこともないし、気にする必要はないでしょ。,"뭐, 조작조로 가면, 이제 저 사람이랑 만날 일도 없고, 신경 쓸 필요 없잖아."
scene_day3_scenes_fab_day3_logic_6346ee10c065ccc051a489a1ecff7695.bundle,去鄭緯電腦裝轉送器,Say,心の声,10,それは別にいいが、重要なのは給湯室の……,"그건 별로 상관없는데, 중요한 건 탕비실의……"
scene_day3_scenes_fab_day3_logic_6346ee10c065ccc051a489a1ecff7695.bundle,去鄭緯電腦裝轉送器,Branch,#Simple,11,23号、給湯室の映像は？,"23호, 탕비실 영상은?"
scene_day3_scenes_fab_day3_logic_6346ee10c065ccc051a489a1ecff7695.bundle,去鄭緯電腦裝轉送器,Say,23,4,消したよ。楽勝楽勝。,지웠어. 식은 죽 먹기지.
scene_day3_scenes_fab_day3_logic_6346ee10c065ccc051a489a1ecff7695.bundle,去鄭緯電腦裝轉送器,Branch,#Simple,12,……,……
scene_day3_scenes_fab_day3_logic_6346ee10c065ccc051a489a1ecff7695.bundle,去鄭緯電腦裝轉送器,Branch,#Simple,13,チーフに頼まれた物を取りに来ました。,팀장님이 부탁하신 물건을 가지러 왔어요.
scene_day3_scenes_fab_day3_logic_6346ee10c065ccc051a489a1ecff7695.bundle,去鄭緯電腦裝轉送器,Say,ジーン･ヨウ,36,でもあなたはもう操作組のメンバーでしょう？イーちゃんから仕事を頼まれたの？,근데 너는 이제 조작조 멤버잖아? 이짱한테서 일을 부탁받은 거야?
scene_day3_scenes_fab_day3_logic_6346ee10c065ccc051a489a1ecff7695.bundle,去鄭緯電腦裝轉送器,Branch,#Simple,14,その言い方はあんまりだと思います。,그런 말투는 너무하다고 생각해요.
scene_day3_scenes_fab_day3_logic_6346ee10c065ccc051a489a1ecff7695.bundle,去鄭緯電腦裝轉送器,Branch,#Simple,15,私はただ友人に頼まれただけで、仕事で来たわけではありません。,"저는 그냥 친구한테 부탁받았을 뿐이지, 일 때문에 온 게 아니에요."
scene_day3_scenes_fab_day3_logic_6346ee10c065ccc051a489a1ecff7695.bundle,去鄭緯電腦裝轉送器,Say,ジーン･ヨウ,37,イーちゃんは皆にいい顔をするけど、時と場合によってはもう少しわきまえるべきね。,"이짱은 다들한테 좋은 얼굴만 하는데, 때와 장소에 따라서는 좀 더 분별력이 있어야지."
scene_day3_scenes_fab_day3_logic_6346ee10c065ccc051a489a1ecff7695.bundle,去鄭緯電腦裝轉送器,Say,ジーン･ヨウ,38,チーフが会社のルールを破るなんて無責任よ……,팀장이 회사 규칙을 어기다니 무책임하네……
scene_day3_scenes_fab_day3_logic_6346ee10c065ccc051a489a1ecff7695.bundle,去鄭緯電腦裝轉送器,Branch,#Simple,16,すみません。そんな大ごとだとは思いませんでした。,죄송해요. 그렇게 큰일이라고는 생각 못 했어요.
scene_day3_scenes_fab_day3_logic_6346ee10c065ccc051a489a1ecff7695.bundle,去鄭緯電腦裝轉送器,Say,ジーン･ヨウ,39,別にジェイのせいじゃないよ。,딱히 제이 잘못은 아니야.
scene_day3_scenes_fab_day3_logic_6346ee10c065ccc051a489a1ecff7695.bundle,去鄭緯電腦裝轉送器,Branch,#Simple,17,でも、このオフィスは開放されたはずですよね？,"근데, 이 사무실은 개방됐던 거 아니에요?"
scene_day3_scenes_fab_day3_logic_6346ee10c065ccc051a489a1ecff7695.bundle,去鄭緯電腦裝轉送器,Say,ジーン･ヨウ,40,……もう彼から聞いたの？,……벌써 그 사람한테서 들은 거야?
scene_day3_scenes_fab_day3_logic_6346ee10c065ccc051a489a1ecff7695.bundle,去鄭緯電腦裝轉送器,Say,ジーン･ヨウ,41,私はずっと反対してたのに、ついにやったのね……,"나는 계속 반대했었는데, 결국 저지른 거네……"
scene_day3_scenes_fab_day3_logic_6346ee10c065ccc051a489a1ecff7695.bundle,去鄭緯電腦裝轉送器,Branch,#Simple,18,……,……
scene_day3_scenes_fab_day3_logic_6346ee10c065ccc051a489a1ecff7695.bundle,去鄭緯電腦裝轉送器,Say,ジーン･ヨウ,42,……,……
scene_day3_scenes_fab_day3_logic_6346ee10c065ccc051a489a1ecff7695.bundle,去鄭緯電腦裝轉送器,Say,ジーン･ヨウ,43,わかった。まずは頼まれた物を届けてあげて。彼には後で話すから。,알았어. 우선 부탁받은 물건은 전해줘. 그 사람한테는 나중에 얘기할 테니까.
scene_day3_scenes_fab_day3_logic_6346ee10c065ccc051a489a1ecff7695.bundle,去鄭緯電腦裝轉送器,Say,23,5,この女、自分がチーフになりたいと思っているみたいね。,"이 여자, 자기가 팀장이 되고 싶어 하는 것 같네."
scene_day3_scenes_fab_day3_logic_6346ee10c065ccc051a489a1ecff7695.bundle,去鄭緯電腦裝轉送器,Say,リュウセイ･チョウ,3,え？ジーンさんはそんなに野心的じゃないと思うっすよ。この件でイーちゃんと対立してるだけじゃないっすか？,네? 진 씨는 그렇게 야심 있는 사람은 아닌 것 같은데요. 이 건으로 이짱이랑 대립하고 있는 것뿐 아니에요?
scene_day3_scenes_fab_day3_logic_6346ee10c065ccc051a489a1ecff7695.bundle,去鄭緯電腦裝轉送器,Say,23,6,彼女は同じ仲間としてイー･テイに助言したのではなく、彼が間違ったことをしていると決めつけ、反対しているのよ。,"저 여자는 같은 동료로서 이웨이한테 조언한 게 아니라, 저 사람이 잘못된 짓을 하고 있다고 단정 짓고, 반대하고 있는 거야."
scene_day3_scenes_fab_day3_logic_6346ee10c065ccc051a489a1ecff7695.bundle,去鄭緯電腦裝轉送器,Say,23,7,間違ったことしている彼ではなく、自分こそが責任者になるべきだと思っているはずよ。,"잘못을 저지르고 있는 저 사람이 아니라, 자기야말로 책임자가 돼야 한다고 생각하고 있을 거야."
scene_day3_scenes_fab_day3_logic_6346ee10c065ccc051a489a1ecff7695.bundle,去鄭緯電腦裝轉送器,Say,リュウセイ･チョウ,4,そんなに大げさな話っすか？,그렇게 거창한 얘기예요?
scene_day3_scenes_fab_day3_logic_6346ee10c065ccc051a489a1ecff7695.bundle,去鄭緯電腦裝轉送器,Say,23,8,自分こそが、この選別組を操っている裏ボスだと思っているから、イー･テイの暴走が気に食わないのよ。,"자기야말로, 이 선별조를 조종하는 숨은 보스라고 생각하니까, 이웨이의 폭주가 마음에 안 드는 거야."
scene_day3_scenes_fab_day3_logic_6346ee10c065ccc051a489a1ecff7695.bundle,去鄭緯電腦裝轉送器,Branch,#Simple,19,それはどういう意味だ？,그게 무슨 뜻이지?
scene_day3_scenes_fab_day3_logic_6346ee10c065ccc051a489a1ecff7695.bundle,去鄭緯電腦裝轉送器,Say,ジーン･ヨウ,44,……,……
scene_day3_scenes_fab_day3_logic_6346ee10c065ccc051a489a1ecff7695.bundle,去鄭緯電腦裝轉送器,Say,心の声,11,強く言いすぎたようだ……,너무 세게 말한 것 같다……
scene_day3_scenes_fab_day3_logic_6346ee10c065ccc051a489a1ecff7695.bundle,去鄭緯電腦裝轉送器,Say,ジーン･ヨウ,45,はぁ……,하아……
scene_day3_scenes_fab_day3_logic_6346ee10c065ccc051a489a1ecff7695.bundle,去鄭緯電腦裝轉送器,Say,ジーン･ヨウ,46,でも……,하지만……
scene_day3_scenes_fab_day3_logic_6346ee10c065ccc051a489a1ecff7695.bundle,去鄭緯電腦裝轉送器,Say,ジーン･ヨウ,47,あなたはもう選別組の一員だし、大丈夫か。,"너는 이제 선별조 일원이고, 괜찮은 건가."
scene_day3_scenes_fab_day3_logic_6346ee10c065ccc051a489a1ecff7695.bundle,去鄭緯電腦裝轉送器,Say,23,9,ジェイ、よくやった。,"제이, 잘했어."
scene_day3_scenes_fab_day3_logic_6346ee10c065ccc051a489a1ecff7695.bundle,去鄭緯電腦裝轉送器,Say,リュウセイ･チョウ,5,さすがジェイの兄貴！,역시 제이 형님!
scene_day3_scenes_fab_day3_logic_6346ee10c065ccc051a489a1ecff7695.bundle,去鄭緯電腦裝轉送器,Say,23,10,そうだ。給湯室の映像はもう消したから、心配しなくていいよ。,"맞다. 탕비실 영상은 이미 지웠으니까, 걱정 안 해도 돼."
scene_day3_scenes_fab_day3_logic_6346ee10c065ccc051a489a1ecff7695.bundle,去鄭緯電腦裝轉送器,Branch,#Simple,20,23号、付けたぞ。,"23호, 붙였다."
scene_day3_scenes_fab_day3_logic_6346ee10c065ccc051a489a1ecff7695.bundle,去鄭緯電腦裝轉送器,Say,23,11,さすが！,역시!
scene_day3_scenes_fab_day3_logic_6346ee10c065ccc051a489a1ecff7695.bundle,去鄭緯電腦裝轉送器,Branch,#Simple,21,……,……
scene_day3_scenes_fab_day3_logic_6346ee10c065ccc051a489a1ecff7695.bundle,去鄭緯電腦裝轉送器,Say,23,12,おお、電波がビビビーっと来たぞ……,"오, 전파가 삐삐빅 들어온다……"
scene_day3_scenes_fab_day3_logic_6346ee10c065ccc051a489a1ecff7695.bundle,去鄭緯電腦裝轉送器,Say,23,13,どれどれ、監視カメラ……アクセス権限……ランク評価システム……,"어디 보자, 감시 카메라……접근 권한……등급 평가 시스템……"
scene_day3_scenes_fab_day3_logic_6346ee10c065ccc051a489a1ecff7695.bundle,去鄭緯電腦裝轉送器,Say,23,14,ああ……全てを操れるって最高ね。,"아……전부 조종할 수 있다는 거, 최고네."
scene_day3_scenes_fab_day3_logic_6346ee10c065ccc051a489a1ecff7695.bundle,去鄭緯電腦裝轉送器,Say,リュウセイ･チョウ,6,支配欲お化け……,지배욕 괴물……
scene_day3_scenes_fab_day3_logic_6346ee10c065ccc051a489a1ecff7695.bundle,去鄭緯電腦裝轉送器,Say,23,15,その場に立ち続けるのは目立つでしょ。,그 자리에 계속 서 있으면 눈에 띄잖아.
scene_day3_scenes_fab_day3_logic_6346ee10c065ccc051a489a1ecff7695.bundle,去鄭緯電腦裝轉送器,Say,23,16,ジェイは自分の席に戻って。,제이는 자기 자리로 돌아가.
scene_day3_scenes_fab_day3_logic_6346ee10c065ccc051a489a1ecff7695.bundle,去鄭緯電腦裝轉送器,Say,リュウセイ･チョウ,7,ジェイさんはもう操作組の人だから、席はないはずっすよ？,"제이 씨는 이제 조작조 사람이니까, 자리는 없을 텐데요?"
scene_day3_scenes_fab_day3_logic_6346ee10c065ccc051a489a1ecff7695.bundle,去鄭緯電腦裝轉送器,Say,23,17,あの選別組のチーフがオフィスを開放したって言ったでしょう？,그 선별조 팀장이 사무실 개방했다고 했잖아?
scene_day3_scenes_fab_day3_logic_6346ee10c065ccc051a489a1ecff7695.bundle,去鄭緯電腦裝轉送器,Say,23,18,ちょっとくらいなら、座っても文句は言われないって！,"조금 정도는, 앉아도 뭐라고 안 할걸!"
scene_day3_scenes_fab_day3_logic_6346ee10c065ccc051a489a1ecff7695.bundle,去鄭緯電腦裝轉送器,Say,23,19,早く次の作戦について話さないとね。,빨리 다음 작전에 대해서 얘기해야지.
scene_day3_scenes_fab_day3_logic_6346ee10c065ccc051a489a1ecff7695.bundle,去鄭緯電腦裝轉送器,Say,心の声,12,人使いが荒いな……,사람을 부려먹는 게 거치네……
scene_day3_scenes_fab_day3_logic_6346ee10c065ccc051a489a1ecff7695.bundle,潛入阿姨辦公室後,Say,心の声,0,まずはイファの個人端末を見つけないと。,먼저 이화의 개인 단말기를 찾아야 한다.
scene_day3_scenes_fab_day3_logic_6346ee10c065ccc051a489a1ecff7695.bundle,調查到采欣的通行證,Say,心の声,0,シンカはいないみたいだ。これを借りられそうだな……,신카는 없는 것 같다. 이거 빌릴 수 있을 것 같군……
scene_day3_scenes_fab_day3_logic_6346ee10c065ccc051a489a1ecff7695.bundle,調查到采欣的通行證,Say,心の声,1,後で戻せば大丈夫なはずだ。監視カメラに映った映像は23号が消してくれるし……,나중에 돌려놓으면 괜찮을 거다. 감시 카메라에 찍힌 영상은 23호가 지워줄 거고……
scene_day3_scenes_fab_day3_logic_6346ee10c065ccc051a489a1ecff7695.bundle,調查到采欣的通行證,Say,心の声,2,こうすれば、誰にも知られずに……,"이렇게 하면, 아무한테도 안 들키고……"
scene_day3_scenes_fab_day3_logic_6346ee10c065ccc051a489a1ecff7695.bundle,張三李四_自動,Say,シー･リー,0,まいったな……,이거 큰일이네……
scene_day3_scenes_fab_day3_logic_6346ee10c065ccc051a489a1ecff7695.bundle,張三李四_自動,Say,サン･チャン,0,はぁ……はぁ……,헉……헉……
scene_day3_scenes_fab_day3_logic_6346ee10c065ccc051a489a1ecff7695.bundle,張三李四_自動,Say,シー･リー,1,ジソはよくこんなのを一人で運んでたな……,지소는 이런 걸 잘도 혼자 옮겼었네……
scene_day3_scenes_fab_day3_logic_6346ee10c065ccc051a489a1ecff7695.bundle,張三李四_自動,Say,サン･チャン,1,そんなのどうでもいいだろ、ジソは一体どこで油を売ってるんだ？,"그딴 건 아무래도 상관없고, 지소는 대체 어디서 농땡이 치고 있는 거야?"
scene_day3_scenes_fab_day3_logic_6346ee10c065ccc051a489a1ecff7695.bundle,張三李四_自動,Say,シー･リー,2,選別組に行ったんじゃないか？よくあそこの休憩室で誰かと話してたからさ。,선별조 갔던 거 아냐? 자주 거기 휴게실에서 누구랑 얘기하던데.
scene_day3_scenes_fab_day3_logic_6346ee10c065ccc051a489a1ecff7695.bundle,張三李四_自動,Say,シー･リー,3,それに選別組のチーフ曰く、今は誰でも彼らのオフィスに入れるらしいし……,"게다가 선별조 팀장 말로는, 지금은 아무나 그쪽 사무실 들어갈 수 있다던데……"
scene_day3_scenes_fab_day3_logic_6346ee10c065ccc051a489a1ecff7695.bundle,張三李四_自動,Say,サン･チャン,2,え？何で入れるようになったんだ？,어? 왜 들어갈 수 있게 된 거지?
scene_day3_scenes_fab_day3_logic_6346ee10c065ccc051a489a1ecff7695.bundle,張三李四_自動,Say,シー･リー,4,知るか！,낸들 아냐!
scene_day3_scenes_fab_day3_logic_6346ee10c065ccc051a489a1ecff7695.bundle,張三李四_自動,Say,サン･チャン,3,おい、ランプがまた光ってるな、どうする？,"야, 램프 또 켜졌는데, 어쩌지?"
scene_day3_scenes_fab_day3_logic_6346ee10c065ccc051a489a1ecff7695.bundle,張三李四_自動,Say,サン･チャン,4,後でジソに頼めば……,나중에 지소한테 부탁하면……
scene_day3_scenes_fab_day3_logic_6346ee10c065ccc051a489a1ecff7695.bundle,張三李四_自動,Say,シー･リー,5,頼んでも無駄だよ。「お前行け」って言われるだけさ。,부탁해봤자 소용없어. 「니가 가」라는 말만 들을 거야.
scene_day3_scenes_fab_day3_logic_6346ee10c065ccc051a489a1ecff7695.bundle,張三李四_自動,Say,サン･チャン,5,確かにそうだな！,확실히 그렇겠네!
scene_day3_scenes_fab_day3_logic_6346ee10c065ccc051a489a1ecff7695.bundle,孫茹地窖電梯事件2(自動對話),Say,ジソ･ソン,0,こんなん、私に聞かんとってくれ。,"이런 거, 나한테 묻지 말아줘."
scene_day3_scenes_fab_day3_logic_6346ee10c065ccc051a489a1ecff7695.bundle,孫茹地窖電梯事件2(自動對話),Say,ジソ･ソン,1,わ、私も別に、こないなのにあまり経験がないんや。,"나, 나도 딱히, 이런 거 별로 경험 없어."
scene_day3_scenes_fab_day3_logic_6346ee10c065ccc051a489a1ecff7695.bundle,孫茹地窖電梯事件2(自動對話),Say,レイカ･ホウ,0,うーん。,으음.
scene_day3_scenes_fab_day3_logic_6346ee10c065ccc051a489a1ecff7695.bundle,孫茹地窖電梯事件2(自動對話),Say,ジソ･ソン,2,それに、こないなのはアンタ自身しかわからんことやろ？,"게다가, 이런 건 너 자신밖에 모르는 거잖아?"
scene_day3_scenes_fab_day3_logic_6346ee10c065ccc051a489a1ecff7695.bundle,孫茹地窖電梯事件2(自動對話),Say,レイカ･ホウ,1,……,……
scene_day3_scenes_fab_day3_logic_6346ee10c065ccc051a489a1ecff7695.bundle,孫茹地窖電梯事件2(自動對話),Say,ジソ･ソン,3,せやろ？,그렇지?
scene_day3_scenes_fab_day3_logic_6346ee10c065ccc051a489a1ecff7695.bundle,孫茹地窖電梯事件2(自動對話),Say,レイカ･ホウ,2,そうだな……,그러게……
scene_day3_scenes_fab_day3_logic_6346ee10c065ccc051a489a1ecff7695.bundle,孫茹地窖電梯事件2(自動對話),Say,レイカ･ホウ,3,……,……
scene_day3_scenes_fab_day3_logic_6346ee10c065ccc051a489a1ecff7695.bundle,孫茹地窖電梯事件2(自動對話),Say,レイカ･ホウ,4,ジソはどっちだと思う？,지소는 어느 쪽이라고 생각해?
scene_day3_scenes_fab_day3_logic_6346ee10c065ccc051a489a1ecff7695.bundle,孫茹地窖電梯事件2(自動對話),Say,ジソ･ソン,4,えっ、えええぇ……,"어, 어어어……"
scene_day3_scenes_fab_day3_logic_6346ee10c065ccc051a489a1ecff7695.bundle,孫茹地窖電梯事件2(自動對話),Say,ジソ･ソン,5,ただの人的ミスなんちゃう？見つかってへんかっただけやと思うで。,그냥 인적 실수 아닌가? 못 찾은 것뿐이라고 생각하는데.
scene_day3_scenes_fab_day3_logic_6346ee10c065ccc051a489a1ecff7695.bundle,孫茹地窖電梯事件2(自動對話),Say,レイカ･ホウ,5,こんな大きな問題が、一個人によるミスなわけないでしょう？,"이렇게 큰 문제가, 한 개인의 실수일 리가 없잖아?"
scene_day3_scenes_fab_day3_logic_6346ee10c065ccc051a489a1ecff7695.bundle,孫茹地窖電梯事件2(自動對話),Say,ジソ･ソン,6,別に一個人なんて言うてへんし……,딱히 한 개인이라고는 안 했고……
scene_day3_scenes_fab_day3_logic_6346ee10c065ccc051a489a1ecff7695.bundle,孫茹地窖電梯事件2(自動對話),Say,ジソ･ソン,7,長年にわたって何人か引き起こした問題とかさ。,오랜 세월에 걸쳐서 몇 명이 일으킨 문제라든가.
scene_day3_scenes_fab_day3_logic_6346ee10c065ccc051a489a1ecff7695.bundle,孫茹地窖電梯事件2(自動對話),Say,レイカ･ホウ,6,そんなことを言ったら、全部の問題が人的ミスになるよ。,"그런 식으로 말하면, 모든 문제가 인적 실수가 되는 거야."
scene_day3_scenes_fab_day3_logic_6346ee10c065ccc051a489a1ecff7695.bundle,遇到小峰跟泰銘,Say,タイミン･ソウ,0,ジェイさん！,제이 씨!
scene_day3_scenes_fab_day3_logic_6346ee10c065ccc051a489a1ecff7695.bundle,遇到小峰跟泰銘,Branch,#Simple,0,お疲れ様です。,수고하십니다.
scene_day3_scenes_fab_day3_logic_6346ee10c065ccc051a489a1ecff7695.bundle,遇到小峰跟泰銘,Say,シンホン･ゴ,0,お疲れ様ですって、そんなかしこまるなよ。,"수고하십니다는, 그렇게 딱딱하게 굴지 마."
scene_day3_scenes_fab_day3_logic_6346ee10c065ccc051a489a1ecff7695.bundle,遇到小峰跟泰銘,Branch,#Simple,1,よっ！,야!
scene_day3_scenes_fab_day3_logic_6346ee10c065ccc051a489a1ecff7695.bundle,遇到小峰跟泰銘,Branch,#Simple,2,……,……
scene_day3_scenes_fab_day3_logic_6346ee10c065ccc051a489a1ecff7695.bundle,遇到小峰跟泰銘,Say,シンホン･ゴ,1,昨日は全然見かけなかったな！,어제는 전혀 안 보이던데!
scene_day3_scenes_fab_day3_logic_6346ee10c065ccc051a489a1ecff7695.bundle,遇到小峰跟泰銘,Say,タイミン･ソウ,1,操作組で研修をしてましたからね。,조작조에서 연수 받고 있었으니까요.
scene_day3_scenes_fab_day3_logic_6346ee10c065ccc051a489a1ecff7695.bundle,遇到小峰跟泰銘,Say,シンホン･ゴ,2,あ、そうだったな！,"아, 그랬었지!"
scene_day3_scenes_fab_day3_logic_6346ee10c065ccc051a489a1ecff7695.bundle,遇到小峰跟泰銘,Say,シンホン･ゴ,3,そういえばさっき、シュン･ゴを見かけたな。,"그러고 보니 아까, 슌 고를 봤는데."
scene_day3_scenes_fab_day3_logic_6346ee10c065ccc051a489a1ecff7695.bundle,遇到小峰跟泰銘,Say,タイミン･ソウ,2,ああ、契約室から出てきましたね。,"아, 계약실에서 나오시던데요."
scene_day3_scenes_fab_day3_logic_6346ee10c065ccc051a489a1ecff7695.bundle,遇到小峰跟泰銘,Say,シンホン･ゴ,4,今日はジェイの配属先が決まるってイーちゃんが言ってたからそれか……そしてそのジェイはシュン･ゴと一緒に契約室から出てきたと……,오늘 제이 배치 부서 정해진다고 이 짱이 그랬었는데 그거였나……그리고 그 제이는 슌 고랑 같이 계약실에서 나왔다는 거고……
scene_day3_scenes_fab_day3_logic_6346ee10c065ccc051a489a1ecff7695.bundle,遇到小峰跟泰銘,Say,タイミン･ソウ,3,ジェイ、操作組を選んだのですか？,"제이, 조작조를 선택한 건가요?"
scene_day3_scenes_fab_day3_logic_6346ee10c065ccc051a489a1ecff7695.bundle,遇到小峰跟泰銘,Say,心の声,0,タイミンがそんなに驚くとは意外だな……,타이밍이 이렇게까지 놀라다니 의외인데……
scene_day3_scenes_fab_day3_logic_6346ee10c065ccc051a489a1ecff7695.bundle,遇到小峰跟泰銘,Branch,#Simple,3,はい。,네.
scene_day3_scenes_fab_day3_logic_6346ee10c065ccc051a489a1ecff7695.bundle,遇到小峰跟泰銘,Say,タイミン･ソウ,4,そうですか……,그런가요……
scene_day3_scenes_fab_day3_logic_6346ee10c065ccc051a489a1ecff7695.bundle,遇到小峰跟泰銘,Say,シンホン･ゴ,5,まじかよ。,진짜냐.
scene_day3_scenes_fab_day3_logic_6346ee10c065ccc051a489a1ecff7695.bundle,遇到小峰跟泰銘,Branch,#Simple,4,すみません。操作組の方が自分に合っていると思ったので。,죄송해요. 조작조가 저한테 더 맞는다고 생각해서요.
scene_day3_scenes_fab_day3_logic_6346ee10c065ccc051a489a1ecff7695.bundle,遇到小峰跟泰銘,Say,タイミン･ソウ,5,謝る必要はありません。これはジェイの選択なんですから。,사과할 필요 없어요. 이건 제이의 선택이니까요.
scene_day3_scenes_fab_day3_logic_6346ee10c065ccc051a489a1ecff7695.bundle,遇到小峰跟泰銘,Say,シンホン･ゴ,6,ああ、俺らはただ……,"아, 우리는 그냥……"
scene_day3_scenes_fab_day3_logic_6346ee10c065ccc051a489a1ecff7695.bundle,遇到小峰跟泰銘,Say,タイミン･ソウ,6,ちょっと驚いただけです。,좀 놀랐을 뿐이에요.
scene_day3_scenes_fab_day3_logic_6346ee10c065ccc051a489a1ecff7695.bundle,遇到小峰跟泰銘,Say,シンホン･ゴ,7,ああ。,아.
scene_day3_scenes_fab_day3_logic_6346ee10c065ccc051a489a1ecff7695.bundle,遇到小峰跟泰銘,Branch,#Simple,5,そもそも選別組に採用されなかったので。,애초에 선별조에서 채용을 안 해줘서요.
scene_day3_scenes_fab_day3_logic_6346ee10c065ccc051a489a1ecff7695.bundle,遇到小峰跟泰銘,Say,シンホン･ゴ,8,本当なのか？,진짜냐?
scene_day3_scenes_fab_day3_logic_6346ee10c065ccc051a489a1ecff7695.bundle,遇到小峰跟泰銘,Say,タイミン･ソウ,7,それなら仕方ありませんね……,그렇다면 어쩔 수 없네요……
scene_day3_scenes_fab_day3_logic_6346ee10c065ccc051a489a1ecff7695.bundle,遇到小峰跟泰銘,Say,シンホン･ゴ,9,残念だ。,아쉽네.
scene_day3_scenes_fab_day3_logic_6346ee10c065ccc051a489a1ecff7695.bundle,遇到小峰跟泰銘,Say,シンホン･ゴ,10,ボーちゃんが知ったら悲しむだろうな。,보 짱이 알면 슬퍼하겠네.
scene_day3_scenes_fab_day3_logic_6346ee10c065ccc051a489a1ecff7695.bundle,遇到小峰跟泰銘,Say,タイミン･ソウ,8,むしろ怒るかもしれませんよ。,오히려 화낼지도 몰라요.
scene_day3_scenes_fab_day3_logic_6346ee10c065ccc051a489a1ecff7695.bundle,遇到小峰跟泰銘,Say,シンホン･ゴ,11,ハハ、それもありえるな。,"하하, 그것도 있을 수 있겠네."
scene_day3_scenes_fab_day3_logic_6346ee10c065ccc051a489a1ecff7695.bundle,遇到小峰跟泰銘,Branch,#Simple,6,私に対してですか？,저한테 말이에요?
scene_day3_scenes_fab_day3_logic_6346ee10c065ccc051a489a1ecff7695.bundle,遇到小峰跟泰銘,Say,タイミン･ソウ,9,いえ、ジェイにじゃありませんよ。,"아뇨, 제이한테 그런 게 아니에요."
scene_day3_scenes_fab_day3_logic_6346ee10c065ccc051a489a1ecff7695.bundle,遇到小峰跟泰銘,Branch,#Simple,7,どうして怒るんですか？,왜 화내는 건데요?
scene_day3_scenes_fab_day3_logic_6346ee10c065ccc051a489a1ecff7695.bundle,遇到小峰跟泰銘,Say,タイミン･ソウ,10,操作組にジェイを取られたって言うかもしれません。,조작조한테 제이를 뺏겼다고 말할지도 몰라요.
scene_day3_scenes_fab_day3_logic_6346ee10c065ccc051a489a1ecff7695.bundle,遇到小峰跟泰銘,Say,心の声,1,確かにボーちゃんなら言いそうだ。,확실히 보 짱이라면 그럴 것 같군.
scene_day3_scenes_fab_day3_logic_6346ee10c065ccc051a489a1ecff7695.bundle,遇到小峰跟泰銘,Say,イー･テイ,0,そこの二人、私が頼んた仕事は終わったのかな……？,"거기 두 사람, 내가 부탁한 일은 끝난 건가……?"
scene_day3_scenes_fab_day3_logic_6346ee10c065ccc051a489a1ecff7695.bundle,遇到小峰跟泰銘,Say,シンホン･ゴ,12,おっ！,오!
scene_day3_scenes_fab_day3_logic_6346ee10c065ccc051a489a1ecff7695.bundle,遇到小峰跟泰銘,Say,シンホン･ゴ,13,ジェイとイーちゃんが一緒に契約室から出てきたってことは……,제이랑 이 짱이 같이 계약실에서 나왔다는 건……
scene_day3_scenes_fab_day3_logic_6346ee10c065ccc051a489a1ecff7695.bundle,遇到小峰跟泰銘,Say,タイミン･ソウ,11,ジェイの配属先が決まったってことですか？,제이 배치 부서가 정해졌다는 건가요?
scene_day3_scenes_fab_day3_logic_6346ee10c065ccc051a489a1ecff7695.bundle,遇到小峰跟泰銘,Say,シンホン･ゴ,14,どうなんだ、イーちゃん？,"어떻게 됐어, 이 짱?"
scene_day3_scenes_fab_day3_logic_6346ee10c065ccc051a489a1ecff7695.bundle,遇到小峰跟泰銘,Say,シンホン･ゴ,15,ジェイを取り逃がしたか？,제이를 놓친 거야?
scene_day3_scenes_fab_day3_logic_6346ee10c065ccc051a489a1ecff7695.bundle,遇到小峰跟泰銘,Say,イー･テイ,1,逃すってなんだよ。それに選ぶのは彼自身なんだから。,놓치긴 뭘 놓쳐. 게다가 선택하는 건 본인이니까.
scene_day3_scenes_fab_day3_logic_6346ee10c065ccc051a489a1ecff7695.bundle,遇到小峰跟泰銘,Say,シンホン･ゴ,16,まさか操作組に取られたのか？,설마 조작조한테 뺏긴 거냐?
scene_day3_scenes_fab_day3_logic_6346ee10c065ccc051a489a1ecff7695.bundle,遇到小峰跟泰銘,Say,イー･テイ,2,まさか！ジェイは選別組に来るって決めたよ！,설마! 제이는 선별조로 오기로 결정했어!
scene_day3_scenes_fab_day3_logic_6346ee10c065ccc051a489a1ecff7695.bundle,遇到小峰跟泰銘,Say,シンホン･ゴ,17,やったな！,잘했다!
scene_day3_scenes_fab_day3_logic_6346ee10c065ccc051a489a1ecff7695.bundle,遇到小峰跟泰銘,Say,タイミン･ソウ,12,予想通りでしたね。,예상대로였네요.
scene_day3_scenes_fab_day3_logic_6346ee10c065ccc051a489a1ecff7695.bundle,遇到小峰跟泰銘,Say,イー･テイ,3,あっ！僕はまだ用事があるから先に行くね。,아! 나는 아직 볼일이 있으니까 먼저 갈게.
scene_day3_scenes_fab_day3_logic_6346ee10c065ccc051a489a1ecff7695.bundle,遇到小峰跟泰銘,Say,シンホン･ゴ,18,おお、じゃあな……,"오, 그럼 다음에 보자……"
scene_day3_scenes_fab_day3_logic_6346ee10c065ccc051a489a1ecff7695.bundle,遇到小峰跟泰銘,Say,タイミン･ソウ,13,行っちゃいましたね。,가버렸네요.
scene_day3_scenes_fab_day3_logic_6346ee10c065ccc051a489a1ecff7695.bundle,遇到小峰跟泰銘,Branch,#Simple,8,彼はいつも忙しそうですね。,저분은 항상 바빠 보이네요.
scene_day3_scenes_fab_day3_logic_6346ee10c065ccc051a489a1ecff7695.bundle,遇到小峰跟泰銘,Say,シンホン･ゴ,19,まあ、もう慣れっこだ。,"뭐, 이제 익숙하지."
scene_day3_scenes_fab_day3_logic_6346ee10c065ccc051a489a1ecff7695.bundle,遇到小峰跟泰銘,Branch,#Simple,9,チーフがあんな感じで本当大丈夫なんですか……？,팀장님이 저런 느낌인데 정말 괜찮은 거예요……?
scene_day3_scenes_fab_day3_logic_6346ee10c065ccc051a489a1ecff7695.bundle,遇到小峰跟泰銘,Say,シンホン･ゴ,20,ハハハ、今更後悔しても遅いぞ！,"하하하, 이제 와서 후회해도 늦었다!"
scene_day3_scenes_fab_day3_logic_6346ee10c065ccc051a489a1ecff7695.bundle,遇到小峰跟泰銘,Branch,#Simple,10,……,……
scene_day3_scenes_fab_day3_logic_6346ee10c065ccc051a489a1ecff7695.bundle,遇到小峰跟泰銘,Say,シンホン･ゴ,21,とりあえず、就職おめでとう。,"아무튼, 취직 축하한다."
scene_day3_scenes_fab_day3_logic_6346ee10c065ccc051a489a1ecff7695.bundle,遇到小峰跟泰銘,Say,タイミン･ソウ,14,ええ、サイレントへようこそ。,"네, 사일런트에 오신 걸 환영해요."
scene_day3_scenes_fab_day3_logic_6346ee10c065ccc051a489a1ecff7695.bundle,遇到小峰跟泰銘,Say,タイミン･ソウ,15,ですが、ここへの入社はそんなに良いものではないですけどね！,"근데, 여기 입사는 그렇게 좋은 게 아니지만요!"
scene_day3_scenes_fab_day3_logic_6346ee10c065ccc051a489a1ecff7695.bundle,遇到小峰跟泰銘,Say,シンホン･ゴ,22,ハハハ、そうだな！,"하하하, 그러네!"
scene_day3_scenes_fab_day3_logic_6346ee10c065ccc051a489a1ecff7695.bundle,遇到小峰跟泰銘,Branch,#Simple,11,ハハハ、そうだな！,"하하하, 그러네!"
scene_day3_scenes_fab_day3_logic_6346ee10c065ccc051a489a1ecff7695.bundle,遇到小峰跟泰銘,Branch,#Simple,12,……,……
scene_day3_scenes_fab_day3_logic_6346ee10c065ccc051a489a1ecff7695.bundle,遇到小峰跟泰銘,Say,シンホン･ゴ,23,こっちもそろそろ時間だな。,이쪽도 슬슬 시간이네.
scene_day3_scenes_fab_day3_logic_6346ee10c065ccc051a489a1ecff7695.bundle,遇到小峰跟泰銘,Say,シンホン･ゴ,24,ジーンに頼まれて、中で契約をしないといけないんだ。,"진한테 부탁받아서, 안에서 계약을 해야 하거든."
scene_day3_scenes_fab_day3_logic_6346ee10c065ccc051a489a1ecff7695.bundle,遇到小峰跟泰銘,Say,タイミン･ソウ,16,僕もそろそろ資料を準備しないと。,저도 슬슬 자료 준비해야겠네요.
scene_day3_scenes_fab_day3_logic_6346ee10c065ccc051a489a1ecff7695.bundle,遇到小峰跟泰銘,Say,シンホン･ゴ,25,じゃ、また後でな。,"그럼, 또 이따 보자."
scene_day3_scenes_fab_day3_logic_6346ee10c065ccc051a489a1ecff7695.bundle,遇到小峰跟泰銘,Say,タイミン･ソウ,17,お疲れ様でした。,수고하셨습니다.
scene_day3_scenes_fab_day3_logic_6346ee10c065ccc051a489a1ecff7695.bundle,遇到小峰跟泰銘,Branch,#Simple,13,これからもよろしくお願いします。,앞으로도 잘 부탁드립니다.
scene_day3_scenes_fab_day3_logic_6346ee10c065ccc051a489a1ecff7695.bundle,遇到小峰跟泰銘,Say,シンホン･ゴ,26,おう、機会があったらまた話そう！,"오, 기회 되면 또 얘기하자!"
scene_day3_scenes_fab_day3_logic_6346ee10c065ccc051a489a1ecff7695.bundle,遇到小峰跟泰銘,Say,タイミン･ソウ,18,それは二度と会わない言い方なんですが……,그거 두 번 다시 안 만난다는 말투인데요……
scene_day3_scenes_fab_day3_logic_6346ee10c065ccc051a489a1ecff7695.bundle,遇到小峰跟泰銘,Say,シンホン･ゴ,27,そんなことないだろ！,그럴 리가 없잖아!
scene_day3_scenes_fab_day3_logic_6346ee10c065ccc051a489a1ecff7695.bundle,遇到小峰跟泰銘,Say,タイミン･ソウ,19,では、また話しましょう。,"그럼, 또 얘기해요."
scene_day3_scenes_fab_day3_logic_6346ee10c065ccc051a489a1ecff7695.bundle,遇到小峰跟泰銘,Branch,#Simple,14,お疲れ様でした。,수고하셨습니다.
scene_day3_scenes_fab_day3_logic_6346ee10c065ccc051a489a1ecff7695.bundle,遇到小峰跟泰銘,Branch,#Simple,15,……,……
scene_day3_scenes_fab_day3_logic_6346ee10c065ccc051a489a1ecff7695.bundle,遇到球球,Say,イエホン･キュウ,0,……,……
scene_day3_scenes_fab_day3_logic_6346ee10c065ccc051a489a1ecff7695.bundle,遇到球球,Say,イエホン･キュウ,1,よっ！,야!
scene_day3_scenes_fab_day3_logic_6346ee10c065ccc051a489a1ecff7695.bundle,遇到球球,Say,イエホン･キュウ,2,今日は配属先を選ぶ日だよね？,오늘 배치 부서 선택하는 날이지?
scene_day3_scenes_fab_day3_logic_6346ee10c065ccc051a489a1ecff7695.bundle,遇到球球,Say,イエホン･キュウ,3,ジェイが操作組に入るんじゃないかって、イーちゃんが心配してたぜ。,"제이가 조작조에 들어가는 거 아니냐고, 이 짱이 걱정했었어."
scene_day3_scenes_fab_day3_logic_6346ee10c065ccc051a489a1ecff7695.bundle,遇到球球,Say,イエホン･キュウ,4,で？結局はどっちを選んだんだ？,그래서? 결국 어느 쪽으로 정한 거야?
scene_day3_scenes_fab_day3_logic_6346ee10c065ccc051a489a1ecff7695.bundle,遇到球球,Branch,#Simple,0,選別組です。,선별조예요.
scene_day3_scenes_fab_day3_logic_6346ee10c065ccc051a489a1ecff7695.bundle,遇到球球,Say,イエホン･キュウ,5,やはりね！,역시!
scene_day3_scenes_fab_day3_logic_6346ee10c065ccc051a489a1ecff7695.bundle,遇到球球,Say,イエホン･キュウ,6,君が操作組に行くわけないってずっとイーちゃんに言ってたんだ！,네가 조작조에 갈 리 없다고 계속 이 짱한테 말했었다니까!
scene_day3_scenes_fab_day3_logic_6346ee10c065ccc051a489a1ecff7695.bundle,遇到球球,Branch,#Simple,1,もし私が操作組を選んだらどうします？,만약 제가 조작조를 선택했다면 어떻게 하실 거예요?
scene_day3_scenes_fab_day3_logic_6346ee10c065ccc051a489a1ecff7695.bundle,遇到球球,Say,イエホン･キュウ,7,え？どうもしないよ？,어? 어떻게 하긴 뭘 어떻게 해?
scene_day3_scenes_fab_day3_logic_6346ee10c065ccc051a489a1ecff7695.bundle,遇到球球,Say,イエホン･キュウ,8,なんだ～？僕がそんなケツの穴の小さいやつに見えるのか？,뭐야~? 내가 그렇게 속 좁은 놈으로 보여?
scene_day3_scenes_fab_day3_logic_6346ee10c065ccc051a489a1ecff7695.bundle,遇到球球,Branch,#Simple,2,ボーちゃんは操作組を嫌ってそうだから。,보 짱은 조작조를 싫어할 것 같아서요.
scene_day3_scenes_fab_day3_logic_6346ee10c065ccc051a489a1ecff7695.bundle,遇到球球,Branch,#Simple,3,ハハ、別にそんなことはないよ。,"하하, 딱히 그런 거 아니야."
scene_day3_scenes_fab_day3_logic_6346ee10c065ccc051a489a1ecff7695.bundle,遇到球球,Say,イエホン･キュウ,9,僕は操作組が嫌いだけど、君は好きだからね！,"난 조작조는 싫어하지만, 넌 좋아하니까!"
scene_day3_scenes_fab_day3_logic_6346ee10c065ccc051a489a1ecff7695.bundle,遇到球球,Say,心の声,0,いいやつだな。,좋은 녀석이네.
scene_day3_scenes_fab_day3_logic_6346ee10c065ccc051a489a1ecff7695.bundle,遇到球球,Say,イエホン･キュウ,10,でも、あっちとばっかり仲良くされると、嫌いになっちゃうかもね。,"근데, 저쪽이랑만 친하게 지내면, 미워질지도 모르지."
scene_day3_scenes_fab_day3_logic_6346ee10c065ccc051a489a1ecff7695.bundle,遇到球球,Say,イエホン･キュウ,11,ハハハ、まぁ、どうするかはその時の僕に任せるよ！,"하하하, 뭐, 어떻게 할지는 그때 가서 나한테 맡겨봐!"
scene_day3_scenes_fab_day3_logic_6346ee10c065ccc051a489a1ecff7695.bundle,遇到球球,Say,イエホン･キュウ,12,でも君は選別組を選んだんでしょ？,근데 넌 선별조를 선택한 거지?
scene_day3_scenes_fab_day3_logic_6346ee10c065ccc051a489a1ecff7695.bundle,遇到球球,Branch,#Simple,4,そうだ。,맞아.
scene_day3_scenes_fab_day3_logic_6346ee10c065ccc051a489a1ecff7695.bundle,遇到球球,Say,イエホン･キュウ,13,じゃ、問題ないじゃん！,"그럼, 문제없잖아!"
scene_day3_scenes_fab_day3_logic_6346ee10c065ccc051a489a1ecff7695.bundle,遇到球球,Branch,#Simple,5,ボーちゃんのためにこっちを選びました。,보 짱 때문에 이쪽을 선택했어요.
scene_day3_scenes_fab_day3_logic_6346ee10c065ccc051a489a1ecff7695.bundle,遇到球球,Say,イエホン･キュウ,14,ハハハ！それタイミンにも聞かせてやってよね。,하하하! 그거 타이밍한테도 들려줘라.
scene_day3_scenes_fab_day3_logic_6346ee10c065ccc051a489a1ecff7695.bundle,遇到球球,Branch,#Simple,6,私は操作組を選びました。,저는 조작조를 선택했어요.
scene_day3_scenes_fab_day3_logic_6346ee10c065ccc051a489a1ecff7695.bundle,遇到球球,Say,イエホン･キュウ,15,そうですか……,그런가요……
scene_day3_scenes_fab_day3_logic_6346ee10c065ccc051a489a1ecff7695.bundle,遇到球球,Say,イエホン･キュウ,16,ちょっと意外だったな。,좀 의외였어.
scene_day3_scenes_fab_day3_logic_6346ee10c065ccc051a489a1ecff7695.bundle,遇到球球,Say,イエホン･キュウ,17,どうして操作組に？,왜 조작조로 간 거야?
scene_day3_scenes_fab_day3_logic_6346ee10c065ccc051a489a1ecff7695.bundle,遇到球球,Branch,#Simple,7,主に経済的な理由ですね。,주로 경제적인 이유예요.
scene_day3_scenes_fab_day3_logic_6346ee10c065ccc051a489a1ecff7695.bundle,遇到球球,Branch,#Simple,8,人と接する仕事があまり好きじゃないので。,사람 상대하는 일을 별로 안 좋아해서요.
scene_day3_scenes_fab_day3_logic_6346ee10c065ccc051a489a1ecff7695.bundle,遇到球球,Say,イエホン･キュウ,18,なるほどね。,그렇군요.
scene_day3_scenes_fab_day3_logic_6346ee10c065ccc051a489a1ecff7695.bundle,遇到球球,Say,イエホン･キュウ,19,まあ、君が選んだことだしね！頑張って！,"뭐, 네가 선택한 거니까! 힘내!"
scene_day3_scenes_fab_day3_logic_6346ee10c065ccc051a489a1ecff7695.bundle,遇到球球,Say,イエホン･キュウ,20,それにイーちゃんが選別組のオフィスを開放したから、これからは両組の交流も増えるだろうし。,"게다가 이 짱이 선별조 사무실을 개방했으니까, 앞으로는 두 조 교류도 늘어날 거고."
scene_day3_scenes_fab_day3_logic_6346ee10c065ccc051a489a1ecff7695.bundle,遇到球球,Say,イエホン･キュウ,21,また会えるさ！,또 만날 수 있을 거야!
scene_day3_scenes_fab_day3_logic_6346ee10c065ccc051a489a1ecff7695.bundle,遇到球球,Branch,#Simple,9,タイミンとシンホンもそう言っていました。,타이밍이랑 신홍도 그렇게 말했어요.
scene_day3_scenes_fab_day3_logic_6346ee10c065ccc051a489a1ecff7695.bundle,遇到球球,Say,イエホン･キュウ,22,じゃ、今度皆で話そうよ。,"그럼, 다음에 다 같이 얘기하자."
scene_day3_scenes_fab_day3_logic_6346ee10c065ccc051a489a1ecff7695.bundle,遇到球球,Say,イエホン･キュウ,23,これはこれでいいかもしれない！君が操作組でスパイをしてくれれば有り難いし……フフフッ。,이것도 이거대로 괜찮을지도! 네가 조작조에서 스파이 노릇 해주면 고맙고……흐흐흣.
scene_day3_scenes_fab_day3_logic_6346ee10c065ccc051a489a1ecff7695.bundle,遇到球球,Branch,#Simple,10,断る！,거절할게요!
scene_day3_scenes_fab_day3_logic_6346ee10c065ccc051a489a1ecff7695.bundle,遇到球球,Say,イエホン･キュウ,24,うわ、配属先が決まったからってすぐ手のひらを返すじゃん！,"우와, 배치 부서 정해졌다고 바로 태도 싹 바뀌네!"
scene_day3_scenes_fab_day3_logic_6346ee10c065ccc051a489a1ecff7695.bundle,遇到球球,Branch,#Simple,11,ハハハ、スパイって何をさせるつもりですか？,"하하하, 스파이라니 뭘 시킬 생각인데요?"
scene_day3_scenes_fab_day3_logic_6346ee10c065ccc051a489a1ecff7695.bundle,遇到球球,Say,イエホン･キュウ,25,良くない噂とか、弱みを握るとかかな！,"안 좋은 소문이라던가, 약점을 잡는다던가!"
scene_day3_scenes_fab_day3_logic_6346ee10c065ccc051a489a1ecff7695.bundle,遇到球球,Branch,#Simple,12,……,……
scene_day3_scenes_fab_day3_logic_6346ee10c065ccc051a489a1ecff7695.bundle,遇到球球,Say,イエホン･キュウ,26,冗談だよ。,농담이야.
scene_day3_scenes_fab_day3_logic_6346ee10c065ccc051a489a1ecff7695.bundle,遇到球球,Branch,#Simple,13,はい！,네!
scene_day3_scenes_fab_day3_logic_6346ee10c065ccc051a489a1ecff7695.bundle,遇到球球,Say,イエホン･キュウ,27,じゃ、約束だよ！,"그럼, 약속한 거다!"
scene_day3_scenes_fab_day3_logic_6346ee10c065ccc051a489a1ecff7695.bundle,遇到球球,Branch,#Simple,14,……,……
scene_day3_scenes_fab_day3_logic_6346ee10c065ccc051a489a1ecff7695.bundle,遇到球球,Branch,#Simple,15,もし私が操作組を選んだらどうします？,만약 제가 조작조를 선택했다면 어떻게 하실 거예요?
scene_day3_scenes_fab_day3_logic_6346ee10c065ccc051a489a1ecff7695.bundle,遇到球球,Say,イエホン･キュウ,28,え？どうもしないよ？,어? 어떻게 하긴 뭘 어떻게 해?
scene_day3_scenes_fab_day3_logic_6346ee10c065ccc051a489a1ecff7695.bundle,遇到球球,Say,イエホン･キュウ,29,なんだ～？僕がそんなケツの穴の小さいやつに見えるのか？,뭐야~? 내가 그렇게 속 좁은 놈으로 보여?
scene_day3_scenes_fab_day3_logic_6346ee10c065ccc051a489a1ecff7695.bundle,遇到球球,Branch,#Simple,16,ボーちゃんは操作組を嫌ってそうだから。,보 짱은 조작조를 싫어할 것 같아서요.
scene_day3_scenes_fab_day3_logic_6346ee10c065ccc051a489a1ecff7695.bundle,遇到球球,Branch,#Simple,17,ハハ、別にそんなことはないよ。,"하하, 딱히 그런 거 아니야."
scene_day3_scenes_fab_day3_logic_6346ee10c065ccc051a489a1ecff7695.bundle,遇到球球,Say,イエホン･キュウ,30,僕は操作組が嫌いだけど、君は好きだからね！,"난 조작조는 싫어하지만, 넌 좋아하니까!"
scene_day3_scenes_fab_day3_logic_6346ee10c065ccc051a489a1ecff7695.bundle,遇到球球,Say,心の声,1,いいやつだな。,좋은 녀석이네.
scene_day3_scenes_fab_day3_logic_6346ee10c065ccc051a489a1ecff7695.bundle,遇到球球,Say,イエホン･キュウ,31,でも、あっちとばっかり仲良くされると、嫌いになっちゃうかもね。,"근데, 저쪽이랑만 친하게 지내면, 미워질지도 모르지."
scene_day3_scenes_fab_day3_logic_6346ee10c065ccc051a489a1ecff7695.bundle,遇到球球,Say,イエホン･キュウ,32,ハハハ、まぁ、どうするかはその時の僕に任せるよ！,"하하하, 뭐, 어떻게 할지는 그때 가서 나한테 맡겨봐!"
scene_day3_scenes_fab_day3_logic_6346ee10c065ccc051a489a1ecff7695.bundle,遇到球球,Say,イエホン･キュウ,33,でも君は選別組を選んだんでしょ？,근데 넌 선별조를 선택한 거지?
scene_day3_scenes_fab_day3_logic_6346ee10c065ccc051a489a1ecff7695.bundle,遇到球球,Say,心の声,2,そうだな……,그러게……
scene_day3_scenes_fab_day3_logic_6346ee10c065ccc051a489a1ecff7695.bundle,遇到球球,Branch,#Simple,18,すみません。私は操作組を選びました。,죄송해요. 저는 조작조를 선택했어요.
scene_day3_scenes_fab_day3_logic_6346ee10c065ccc051a489a1ecff7695.bundle,遇到球球,Branch,#Simple,19,いいえ。,아뇨.
scene_day3_scenes_fab_day3_logic_6346ee10c065ccc051a489a1ecff7695.bundle,遇到球球,Say,イエホン･キュウ,34,さあ、どうでもいいことは置いといてと！,"자, 별거 아닌 얘기는 접어두고!"
scene_day3_scenes_fab_day3_logic_6346ee10c065ccc051a489a1ecff7695.bundle,遇到球球,Say,イエホン･キュウ,35,今日は何を飲もう真剣に考えないとな！,오늘 뭐 마실지 진지하게 고민해야겠네!
scene_day3_scenes_fab_day3_logic_6346ee10c065ccc051a489a1ecff7695.bundle,遇到球球,Branch,#Simple,20,ゆっくり選んでください。,천천히 고르세요.
scene_day3_scenes_fab_day3_logic_6346ee10c065ccc051a489a1ecff7695.bundle,遇到球球,Say,イエホン･キュウ,36,言われなくてもゆっくり選ぶよ……,말 안 해도 천천히 고를 거야……
scene_day3_scenes_fab_day3_logic_6346ee10c065ccc051a489a1ecff7695.bundle,遇到球球,Say,イエホン･キュウ,37,どっちにしようかな……,어느 쪽으로 할까……
scene_day3_scenes_fab_day3_logic_6346ee10c065ccc051a489a1ecff7695.bundle,遇到球球,Say,イエホン･キュウ,38,むしろどっちもいくか……？,차라리 둘 다 갈까……?
scene_day3_scenes_fab_day3_logic_6346ee10c065ccc051a489a1ecff7695.bundle,遇到球球,Branch,#Simple,21,優柔不断ですね。,우유부단하시네요.
scene_day3_scenes_fab_day3_logic_6346ee10c065ccc051a489a1ecff7695.bundle,遇到球球,Say,イエホン･キュウ,39,別にいいだろ！意見なんて聞いてないし！,그냥 놔둬! 의견 물어본 것도 아니고!
scene_day3_scenes_fab_day3_logic_6346ee10c065ccc051a489a1ecff7695.bundle,遇到球球,Branch,#Simple,22,全部買って、自分を甘やかしましょう！,"다 사서, 스스로한테 상 주자고요!"
scene_day3_scenes_fab_day3_logic_6346ee10c065ccc051a489a1ecff7695.bundle,遇到球球,Say,イエホン･キュウ,40,悪い友人だね。,못된 친구네.
scene_day3_scenes_fab_day3_logic_6346ee10c065ccc051a489a1ecff7695.bundle,遇到球球,Branch,#Simple,23,……,……
scene_day3_scenes_fab_day3_logic_6346ee10c065ccc051a489a1ecff7695.bundle,遇到球球,Branch,#Simple,24,飲むのをやめるのはどうですか？,그냥 안 마시는 건 어때요?
scene_day3_scenes_fab_day3_logic_6346ee10c065ccc051a489a1ecff7695.bundle,遇到球球,Say,イエホン･キュウ,41,もう！どっか行けって！,아 진짜! 저리 가라고!
scene_day3_scenes_fab_day3_logic_6346ee10c065ccc051a489a1ecff7695.bundle,遇到球球,Say,イエホン･キュウ,42,操作組の口出しは御免だよ。,조작조 참견은 사양이야.
scene_day3_scenes_fab_day3_logic_6346ee10c065ccc051a489a1ecff7695.bundle,遇到球球,Branch,#Simple,25,そんな！,그럴 수가!
scene_day3_scenes_fab_day3_logic_6346ee10c065ccc051a489a1ecff7695.bundle,遇到球球,Say,イエホン･キュウ,43,ハハハ。,하하하.
scene_day3_scenes_fab_day3_logic_6346ee10c065ccc051a489a1ecff7695.bundle,遇到球球,Branch,#Simple,26,……,……
scene_day3_scenes_fab_day3_logic_6346ee10c065ccc051a489a1ecff7695.bundle,遇到球球,Branch,#Simple,27,……,……
scene_day3_scenes_fab_day3_logic_6346ee10c065ccc051a489a1ecff7695.bundle,遇到球球,Say,イエホン･キュウ,44,……,……
scene_day3_scenes_fab_day3_logic_6346ee10c065ccc051a489a1ecff7695.bundle,遇到球球,Say,イエホン･キュウ,45,冗談はさておき……,농담은 이쯤 하고……
scene_day3_scenes_fab_day3_logic_6346ee10c065ccc051a489a1ecff7695.bundle,遇到球球,Say,イエホン･キュウ,46,もし本当に何か力になれることがあったら、いつでも言ってほしい。できる限りのことはするから。,"정말로 뭔가 도움 될 일이 있으면, 언제든지 말해줘. 할 수 있는 데까지 할 테니까."
scene_day3_scenes_fab_day3_logic_6346ee10c065ccc051a489a1ecff7695.bundle,遇到球球,Say,イエホン･キュウ,47,それは君がどこの組に行っても変わらないことさ。,그건 네가 어느 조로 가든 변하지 않는 일이야.
scene_day3_scenes_fab_day3_logic_6346ee10c065ccc051a489a1ecff7695.bundle,遇到球球,Say,イエホン･キュウ,48,どうせ同じ会社の社員だしね！,어차피 같은 회사 직원이니까!
scene_day3_scenes_fab_day3_logic_6346ee10c065ccc051a489a1ecff7695.bundle,遇到球球,Branch,#Simple,28,ありがとう。,고마워.
scene_day3_scenes_fab_day3_logic_6346ee10c065ccc051a489a1ecff7695.bundle,遇到球球,Say,イエホン･キュウ,49,ヘヘッ。,헤헷.
scene_day3_scenes_fab_day3_logic_6346ee10c065ccc051a489a1ecff7695.bundle,遇到球球,Branch,#Simple,29,なんだか気持ち悪いな。,왠지 좀 소름 돋네요.
scene_day3_scenes_fab_day3_logic_6346ee10c065ccc051a489a1ecff7695.bundle,遇到球球,Say,イエホン･キュウ,50,こいつ！ハハハ。,이 자식이! 하하하.
scene_day3_scenes_fab_day3_logic_6346ee10c065ccc051a489a1ecff7695.bundle,遇到球球,Branch,#Simple,30,……,……
scene_day3_scenes_fab_day3_logic_6346ee10c065ccc051a489a1ecff7695.bundle,遇到球球,Say,イエホン･キュウ,51,じゃ、また後で話そう。今はドリンクを選ばなきゃだからね……,"그럼, 또 이따 얘기하자. 지금은 음료 골라야 하니까……"
scene_day3_scenes_fab_day3_logic_6346ee10c065ccc051a489a1ecff7695.bundle,遇到球球,Branch,#Simple,31,実は手伝ってほしいことがあるんだ。,실은 도와줬으면 하는 게 있어서.
scene_day3_scenes_fab_day3_logic_6346ee10c065ccc051a489a1ecff7695.bundle,遇到球球,Say,イエホン･キュウ,52,なに？,왜?
scene_day3_scenes_fab_day3_logic_6346ee10c065ccc051a489a1ecff7695.bundle,遇到球球,Branch,#Simple,32,……,……
scene_day3_scenes_fab_day3_logic_6346ee10c065ccc051a489a1ecff7695.bundle,遇到球球,Branch,#Simple,33,お疲れ様でした。,수고하셨습니다.
scene_day3_scenes_fab_day3_logic_6346ee10c065ccc051a489a1ecff7695.bundle,遇到球球,Say,イエホン･キュウ,53,じゃあね。,안녕히.
scene_day3_scenes_fab_day3_logic_6346ee10c065ccc051a489a1ecff7695.bundle,遇到球球,Branch,#Simple,34,……,……
scene_day3_scenes_fab_day3_logic_6346ee10c065ccc051a489a1ecff7695.bundle,等地窖電梯時,Say,23,0,そうだ。下に降りる前に、一つ忠告しておくね。,"아 맞다. 아래로 내려가기 전에, 한 가지 충고해둘게."
scene_day3_scenes_fab_day3_logic_6346ee10c065ccc051a489a1ecff7695.bundle,等地窖電梯時,Say,23,1,セラーのエレベーターに乗ったら、通信が一時的に切れるから気をつけて。,"저장고 엘리베이터를 타면, 통신이 일시적으로 끊기니까 조심해."
scene_day3_scenes_fab_day3_logic_6346ee10c065ccc051a489a1ecff7695.bundle,等地窖電梯時,Say,23,2,エレベーター内は電波が遮断されてるから、出たらまた回復するはずよ。,"엘리베이터 안은 전파가 차단되어 있으니까, 나오면 다시 복구될 거야."
scene_day3_scenes_fab_day3_logic_6346ee10c065ccc051a489a1ecff7695.bundle,等地窖電梯時,Say,リュウセイ･チョウ,0,僕もちょっと席を外すっすね。,저도 잠깐 자리 좀 비울게요.
scene_day3_scenes_fab_day3_logic_6346ee10c065ccc051a489a1ecff7695.bundle,等地窖電梯時,Say,23,3,外すって何よ？なんでもジェイに任せないでよね！,비우다니 뭔 소리야? 뭐든지 제이한테 떠넘기지 말라고!
scene_day3_scenes_fab_day3_logic_6346ee10c065ccc051a489a1ecff7695.bundle,等地窖電梯時,Say,23,4,って、あいつ切りやがった……,"라고 말했는데, 저 자식 끊어버렸네……"
scene_day3_scenes_fab_day3_logic_6346ee10c065ccc051a489a1ecff7695.bundle,等地窖電梯時,Say,23,5,うちの話がまだ途中でしょうが！,내 얘기 아직 안 끝났잖아!
scene_day3_scenes_fab_day3_logic_6346ee10c065ccc051a489a1ecff7695.bundle,等地窖電梯時,Branch,#Simple,0,あんたがずっとグチグチ言うからじゃないか？,네가 계속 잔소리하니까 그런 거 아닌가?
scene_day3_scenes_fab_day3_logic_6346ee10c065ccc051a489a1ecff7695.bundle,等地窖電梯時,Say,23,6,リュウセイのやつは、頭の回転が遅いのよ。,"류세이 그 녀석은, 머리 회전이 느리단 말이지."
scene_day3_scenes_fab_day3_logic_6346ee10c065ccc051a489a1ecff7695.bundle,等地窖電梯時,Say,23,7,だから、うちがあえて脳に刺激をあたえることで、頭を働かせてあげてるの。,"그래서, 내가 일부러 뇌에 자극을 줘서, 머리를 굴리게 해주는 거야."
scene_day3_scenes_fab_day3_logic_6346ee10c065ccc051a489a1ecff7695.bundle,等地窖電梯時,Say,23,8,こういうのを親心って言うんでしょうね。,이런 걸 부모 마음이라고 하는 거겠지.
scene_day3_scenes_fab_day3_logic_6346ee10c065ccc051a489a1ecff7695.bundle,等地窖電梯時,Say,心の声,0,本気なのか、冗談なのか……,"진심인지, 농담인지……"
scene_day3_scenes_fab_day3_logic_6346ee10c065ccc051a489a1ecff7695.bundle,等地窖電梯時,Branch,#Simple,1,俺も通信を切りたくなってきた。,나도 통신 끊고 싶어지네.
scene_day3_scenes_fab_day3_logic_6346ee10c065ccc051a489a1ecff7695.bundle,等地窖電梯時,Say,23,9,そんな！,그럴 수가!
scene_day3_scenes_fab_day3_logic_6346ee10c065ccc051a489a1ecff7695.bundle,等地窖電梯時,Branch,#Simple,2,……,……
scene_day3_scenes_fab_day3_logic_6346ee10c065ccc051a489a1ecff7695.bundle,等地窖電梯時,Say,23,10,そういえば……,그러고 보니……
scene_day3_scenes_fab_day3_logic_6346ee10c065ccc051a489a1ecff7695.bundle,等地窖電梯時,Say,23,11,二人きりね～,단둘이네~
scene_day3_scenes_fab_day3_logic_6346ee10c065ccc051a489a1ecff7695.bundle,等地窖電梯時,Branch,#Simple,3,だから？,그래서?
scene_day3_scenes_fab_day3_logic_6346ee10c065ccc051a489a1ecff7695.bundle,等地窖電梯時,Branch,#Simple,4,……,……
scene_day3_scenes_fab_day3_logic_6346ee10c065ccc051a489a1ecff7695.bundle,等地窖電梯時,Say,23,12,ったく、つまらない男ね。,"쳇, 재미없는 남자네."
scene_day3_scenes_fab_day3_logic_6346ee10c065ccc051a489a1ecff7695.bundle,等地窖電梯時,Say,23,13,エレベーターが来たよ。,엘리베이터 왔어.
scene_day3_scenes_fab_day3_logic_6346ee10c065ccc051a489a1ecff7695.bundle,離開地窖電梯,Say,23,0,もしもーし、ジェイ、聞こえる？,"여보세요오, 제이, 들려?"
scene_day3_scenes_fab_day3_logic_6346ee10c065ccc051a489a1ecff7695.bundle,離開地窖電梯,Branch,#Simple,0,聞こえる。,들려.
scene_day3_scenes_fab_day3_logic_6346ee10c065ccc051a489a1ecff7695.bundle,離開地窖電梯,Say,23,1,よかった……,다행이다……
scene_day3_scenes_fab_day3_logic_6346ee10c065ccc051a489a1ecff7695.bundle,離開地窖電梯,Branch,#Simple,1,聞こえないな。,안 들리는데.
scene_day3_scenes_fab_day3_logic_6346ee10c065ccc051a489a1ecff7695.bundle,離開地窖電梯,Say,23,2,もー、冗談はいいのよ！,"아 진짜, 농담은 됐거든!"
scene_day3_scenes_fab_day3_logic_6346ee10c065ccc051a489a1ecff7695.bundle,離開地窖電梯,Say,23,3,あのね、悪い知らせがあるの。,"있잖아, 안 좋은 소식이 있어."
scene_day3_scenes_fab_day3_logic_6346ee10c065ccc051a489a1ecff7695.bundle,離開地窖電梯,Say,23,4,修理のせいで、現在のセラーはほとんどの設備が止められているみたいなの。,"수리 때문에, 지금 저장고는 대부분의 설비가 멈춰있는 것 같아."
scene_day3_scenes_fab_day3_logic_6346ee10c065ccc051a489a1ecff7695.bundle,離開地窖電梯,Say,23,5,監視システムまで止められてるから、そっちの映像が見れないのよ。,"감시 시스템까지 멈춰서, 그쪽 영상을 못 보고 있어."
scene_day3_scenes_fab_day3_logic_6346ee10c065ccc051a489a1ecff7695.bundle,離開地窖電梯,Say,23,6,はぁ……おそらく電力の供給自体が止まっているみたいね……,하……아마 전력 공급 자체가 끊긴 것 같네……
scene_day3_scenes_fab_day3_logic_6346ee10c065ccc051a489a1ecff7695.bundle,離開地窖電梯,Branch,#Simple,2,作戦に影響はあるのか？,작전에 영향은 있는 건가?
scene_day3_scenes_fab_day3_logic_6346ee10c065ccc051a489a1ecff7695.bundle,離開地窖電梯,Say,23,7,多分、大丈夫。,"아마, 괜찮을 거야."
scene_day3_scenes_fab_day3_logic_6346ee10c065ccc051a489a1ecff7695.bundle,離開地窖電梯,Branch,#Simple,3,多分？,아마?
scene_day3_scenes_fab_day3_logic_6346ee10c065ccc051a489a1ecff7695.bundle,離開地窖電梯,Say,23,8,大丈夫！きっとね！,괜찮아! 분명히!
scene_day3_scenes_fab_day3_logic_6346ee10c065ccc051a489a1ecff7695.bundle,離開地窖電梯,Branch,#Simple,4,そうですか。,그렇군요.
scene_day3_scenes_fab_day3_logic_6346ee10c065ccc051a489a1ecff7695.bundle,離開地窖電梯,Branch,#Simple,5,……,……
scene_day3_scenes_fab_day3_logic_6346ee10c065ccc051a489a1ecff7695.bundle,離開地窖電梯,Branch,#Simple,6,これからどうする？,이제 어떻게 하지?
scene_day3_scenes_fab_day3_logic_6346ee10c065ccc051a489a1ecff7695.bundle,離開地窖電梯,Say,23,9,まあ、他の選択肢はないようなもんだから、このまま続けるしかないね。,"뭐, 다른 선택지는 없는 거나 마찬가지니까, 이대로 계속할 수밖에 없지."
scene_day3_scenes_fab_day3_logic_6346ee10c065ccc051a489a1ecff7695.bundle,離開地窖電梯,Branch,#Simple,7,……,……
scene_day3_scenes_fab_day3_logic_6346ee10c065ccc051a489a1ecff7695.bundle,離開地窖電梯,Say,23,10,うちはそっちの映像が見れないから、誰かが近づいてきてるとか、そういうのは教えられないからね。,"나는 그쪽 영상을 못 보니까, 누가 다가오고 있다든가, 그런 건 알려줄 수 없어."
scene_day3_scenes_fab_day3_logic_6346ee10c065ccc051a489a1ecff7695.bundle,離開地窖電梯,Say,23,11,気をつけて。,조심해.
scene_day3_scenes_fab_day3_logic_6346ee10c065ccc051a489a1ecff7695.bundle,離開地窖電梯,Branch,#Simple,8,誰かが俺を捕まえにくるのか？,누가 나를 잡으러 오는 건가?
scene_day3_scenes_fab_day3_logic_6346ee10c065ccc051a489a1ecff7695.bundle,離開地窖電梯,Say,23,12,そんなことはないけど、でも盗みに来たわけだし、見られない方がいいでしょう？,"그런 건 아닌데, 근데 훔치러 온 거니까, 안 보이는 게 낫잖아?"
scene_day3_scenes_fab_day3_logic_6346ee10c065ccc051a489a1ecff7695.bundle,離開地窖電梯,Branch,#Simple,9,わかった。,알았어.
scene_day3_scenes_fab_day3_logic_6346ee10c065ccc051a489a1ecff7695.bundle,離開地窖電梯,Branch,#Simple,10,……,……
scene_day3_scenes_fab_day3_logic_6346ee10c065ccc051a489a1ecff7695.bundle,離開地窖電梯,Say,23,13,とりあえずガレージに行こう。うちが車のエンジンを付けるからさ。,일단 차고로 가자. 내가 차 시동 걸어줄 테니까.
scene_day3_scenes_fab_day3_logic_6346ee10c065ccc051a489a1ecff7695.bundle,離開地窖電梯,Branch,#Simple,11,記録とか残らないよな？,기록 같은 거 안 남는 거지?
scene_day3_scenes_fab_day3_logic_6346ee10c065ccc051a489a1ecff7695.bundle,離開地窖電梯,Say,23,14,心配しないで！,걱정하지 마세요!
scene_day3_scenes_fab_day3_logic_6346ee10c065ccc051a489a1ecff7695.bundle,離開地窖電梯,Say,23,15,もう！クールな男だと思ってたのに、リュウセイと同じく女々しいのね！,"아 진짜! 쿨한 남자인 줄 알았더니, 류세이랑 똑같이 소심하네!"
scene_day3_scenes_fab_day3_logic_6346ee10c065ccc051a489a1ecff7695.bundle,離開地窖電梯,Branch,#Simple,12,それはクールとは関係ないだろう？,그건 쿨한 거랑 상관없잖아?
scene_day3_scenes_fab_day3_logic_6346ee10c065ccc051a489a1ecff7695.bundle,離開地窖電梯,Say,23,16,なに？クールな印象でいたかったの？,뭐야? 쿨한 인상으로 있고 싶었던 거야?
scene_day3_scenes_fab_day3_logic_6346ee10c065ccc051a489a1ecff7695.bundle,離開地窖電梯,Say,心の声,0,彼女は何が言いたいんだ……,얘는 뭐가 하고 싶은 말인 거지……
scene_day3_scenes_fab_day3_logic_6346ee10c065ccc051a489a1ecff7695.bundle,離開地窖電梯,Branch,#Simple,13,俺はただスイ･ニンの指示通りに行動したいだけだ。,나는 그저 스이 닌 지시대로 행동하고 싶을 뿐이다.
scene_day3_scenes_fab_day3_logic_6346ee10c065ccc051a489a1ecff7695.bundle,離開地窖電梯,Say,23,17,ピピ、ロボット23ゴウデス。ゴシュジンサマノシジニ、シタガイマス。,"삐삐, 로봇 23호입니다. 주인님의 지시에, 따르겠습니다."
scene_day3_scenes_fab_day3_logic_6346ee10c065ccc051a489a1ecff7695.bundle,離開地窖電梯,Say,心の声,1,彼女は何が言いたいんだ……,얘는 뭐가 하고 싶은 말인 거지……
scene_day3_scenes_fab_day3_logic_6346ee10c065ccc051a489a1ecff7695.bundle,離開地窖電梯,Branch,#Simple,14,……,……
scene_day3_scenes_fab_day3_logic_6346ee10c065ccc051a489a1ecff7695.bundle,離開地窖電梯,Branch,#Simple,15,車に乗るのか？,차를 타는 건가?
scene_day3_scenes_fab_day3_logic_6346ee10c065ccc051a489a1ecff7695.bundle,離開地窖電梯,Say,23,18,え？操作組に行ったことあるのよね？,어? 조작조 가본 적 있지?
scene_day3_scenes_fab_day3_logic_6346ee10c065ccc051a489a1ecff7695.bundle,離開地窖電梯,Say,23,19,セラー内の移動は車を使うでしょう？,저장고 안에서 이동할 땐 차를 쓰잖아?
scene_day3_scenes_fab_day3_logic_6346ee10c065ccc051a489a1ecff7695.bundle,離開地窖電梯,Branch,#Simple,16,……,……
scene_day3_scenes_fab_day3_logic_6346ee10c065ccc051a489a1ecff7695.bundle,離開地窖電梯,Say,23,20,もう少し急いだ方が良さそうね。,좀 더 서두르는 게 좋을 것 같네.
scene_day3_scenes_fab_day3_logic_6346ee10c065ccc051a489a1ecff7695.bundle,離開地窖電梯,Say,23,21,ここはセラーの出入り口だから、誰かとばったり会う可能性が高い。,"여기는 저장고 출입구니까, 누군가랑 딱 마주칠 가능성이 높아."
scene_day3_scenes_fab_day3_logic_6346ee10c065ccc051a489a1ecff7695.bundle,離開地窖電梯,Say,23,22,できるだけサポートするから、頑張って。オーバー。,"최대한 지원할 테니까, 힘내. 오버."
scene_day3_scenes_fab_day3_logic_6346ee10c065ccc051a489a1ecff7695.bundle,離開地窖電梯,Say,心の声,2,頼れるのか、頼りないのかわからないな……,"믿음직한 건지, 못 미더운 건지 모르겠군……"
scene_day3_scenes_fab_day3_logic_6346ee10c065ccc051a489a1ecff7695.bundle,躲車子,Say,心の声,0,クソ……,젠장……
scene_day3_scenes_fab_day3_logic_6346ee10c065ccc051a489a1ecff7695.bundle,躲車子,Say,ヒコウ･シュウ,0,あれ？誰かいなかった？,어라? 누구 없었나?
scene_day3_scenes_fab_day3_logic_6346ee10c065ccc051a489a1ecff7695.bundle,躲車子,Say,セリン･コウ,0,見間違いじゃない？,잘못 본 거 아니야?
scene_day3_scenes_fab_day3_logic_6346ee10c065ccc051a489a1ecff7695.bundle,躲車子,Say,ヒコウ･シュウ,1,そうかもしれない。,그럴지도 모르지.
scene_day3_scenes_fab_day3_logic_6346ee10c065ccc051a489a1ecff7695.bundle,躲車子,Say,心の声,1,ふぅ、見られてないはずだ……,"후, 안 들켰을 거야……"
scene_day3_scenes_fab_day3_logic_6346ee10c065ccc051a489a1ecff7695.bundle,躲車子,Say,23,0,もしかして誰か来た？返事はしなくていいから。,혹시 누구 왔어? 대답 안 해도 되니까.
scene_day3_scenes_fab_day3_logic_6346ee10c065ccc051a489a1ecff7695.bundle,躲車子,Branch,#Simple,0,誰かが来てる。,누가 오고 있다.
scene_day3_scenes_fab_day3_logic_6346ee10c065ccc051a489a1ecff7695.bundle,躲車子,Say,23,1,シーッ！返事しなくていいって言ったでしょ！,쉿! 대답 안 해도 된다고 했잖아!
scene_day3_scenes_fab_day3_logic_6346ee10c065ccc051a489a1ecff7695.bundle,躲車子,Say,23,2,離れるまでにそこで待機して。,떠날 때까지 거기서 대기해.
scene_day3_scenes_fab_day3_logic_6346ee10c065ccc051a489a1ecff7695.bundle,躲車子,Branch,#Simple,1,……,……
scene_day3_scenes_fab_day3_logic_6346ee10c065ccc051a489a1ecff7695.bundle,躲車子,Say,心の声,2,クソ、見られた……,"젠장, 들켰다……"
scene_day3_scenes_fab_day3_logic_6346ee10c065ccc051a489a1ecff7695.bundle,躲車子,Say,心の声,3,今更隠れても怪しいだけだ。,이제 와서 숨어봤자 수상할 뿐이다.
scene_day3_scenes_fab_day3_logic_6346ee10c065ccc051a489a1ecff7695.bundle,躲車子,Say,ヒコウ･シュウ,2,あれ？誰かいなかった？,어라? 누구 없었나?
scene_day3_scenes_fab_day3_logic_6346ee10c065ccc051a489a1ecff7695.bundle,躲車子,Say,ヒコウ･シュウ,3,何者だ！どうしてここに！,누구냐! 왜 여기 있는 거야!
scene_day3_scenes_fab_day3_logic_6346ee10c065ccc051a489a1ecff7695.bundle,躲車子,Branch,#Simple,2,ここに来ちゃダメなんですか？,여기 오면 안 되는 건가요?
scene_day3_scenes_fab_day3_logic_6346ee10c065ccc051a489a1ecff7695.bundle,躲車子,Branch,#Simple,3,私は操作組のメンバーですが、それでもダメですか？,"저는 조작조 멤버인데, 그래도 안 되나요?"
scene_day3_scenes_fab_day3_logic_6346ee10c065ccc051a489a1ecff7695.bundle,躲車子,Say,ヒコウ･シュウ,4,操作組は臨時休暇中だぞ。知らなかったのか？,조작조는 임시 휴무 중이잖아. 몰랐던 건가?
scene_day3_scenes_fab_day3_logic_6346ee10c065ccc051a489a1ecff7695.bundle,躲車子,Branch,#Simple,4,知ってます。,알고 있어요.
scene_day3_scenes_fab_day3_logic_6346ee10c065ccc051a489a1ecff7695.bundle,躲車子,Branch,#Simple,5,他の用事があって来ただけです。,다른 볼일이 있어서 온 것뿐이에요.
scene_day3_scenes_fab_day3_logic_6346ee10c065ccc051a489a1ecff7695.bundle,躲車子,Say,ヒコウ･シュウ,5,そうか。何の用事だ？,그런가. 무슨 볼일인데?
scene_day3_scenes_fab_day3_logic_6346ee10c065ccc051a489a1ecff7695.bundle,躲車子,Say,セリン･コウ,1,それは聞く必要ないでしょ！,그건 물어볼 필요 없잖아!
scene_day3_scenes_fab_day3_logic_6346ee10c065ccc051a489a1ecff7695.bundle,躲車子,Say,ヒコウ･シュウ,6,いや、今日はほとんどの場所が入れないから、来ても無駄かなと思ってな！,"아니, 오늘은 대부분 장소를 못 들어가니까, 와봤자 헛일이지 않을까 싶어서!"
scene_day3_scenes_fab_day3_logic_6346ee10c065ccc051a489a1ecff7695.bundle,躲車子,Say,セリン･コウ,2,彼だって知ってるはずよ。,저 사람도 알고 있을 거야.
scene_day3_scenes_fab_day3_logic_6346ee10c065ccc051a489a1ecff7695.bundle,躲車子,Say,ヒコウ･シュウ,7,本当か？,정말이야?
scene_day3_scenes_fab_day3_logic_6346ee10c065ccc051a489a1ecff7695.bundle,躲車子,Branch,#Simple,6,バカじゃないので知ってますよ。,바보 아니니까 알고 있어요.
scene_day3_scenes_fab_day3_logic_6346ee10c065ccc051a489a1ecff7695.bundle,躲車子,Say,ヒコウ･シュウ,8,おい！その口の利き方はなんだ？,야! 그 말버릇은 뭐야?
scene_day3_scenes_fab_day3_logic_6346ee10c065ccc051a489a1ecff7695.bundle,躲車子,Say,セリン･コウ,3,あなたがちょっかいを出すからでしょう。,당신이 시비 거니까 그런 거잖아.
scene_day3_scenes_fab_day3_logic_6346ee10c065ccc051a489a1ecff7695.bundle,躲車子,Branch,#Simple,7,心配しなくても大丈夫です。,걱정 안 하셔도 괜찮아요.
scene_day3_scenes_fab_day3_logic_6346ee10c065ccc051a489a1ecff7695.bundle,躲車子,Say,ヒコウ･シュウ,9,そうか、ならいいが。,"그런가, 그럼 됐고."
scene_day3_scenes_fab_day3_logic_6346ee10c065ccc051a489a1ecff7695.bundle,躲車子,Say,セリン･コウ,4,ほらね、もう行こう。,"그것 봐, 이제 가자."
scene_day3_scenes_fab_day3_logic_6346ee10c065ccc051a489a1ecff7695.bundle,躲車子,Say,セリン･コウ,5,ごめんね。,미안해.
scene_day3_scenes_fab_day3_logic_6346ee10c065ccc051a489a1ecff7695.bundle,下車以後,Say,心の声,0,暗いな。,어둡군.
scene_day3_scenes_fab_day3_logic_6346ee10c065ccc051a489a1ecff7695.bundle,下車以後,Say,23,0,アクセス記録を見たけど、操作組は誰もいないはずよ。,"접근 기록을 봤는데, 조작조는 아무도 없을 거야."
scene_day3_scenes_fab_day3_logic_6346ee10c065ccc051a489a1ecff7695.bundle,下車以後,Say,23,1,だからそのまま入ればいいと思う。,그러니까 그냥 들어가면 될 것 같아.
scene_day3_scenes_fab_day3_logic_6346ee10c065ccc051a489a1ecff7695.bundle,升降梯搭下去以後,Say,メイ･ジョ,0,あなた……,너……
scene_day3_scenes_fab_day3_logic_6346ee10c065ccc051a489a1ecff7695.bundle,升降梯搭下去以後,Say,心の声,0,クソ、終わった……,"젠장, 끝났다……"
scene_day3_scenes_fab_day3_logic_6346ee10c065ccc051a489a1ecff7695.bundle,升降梯搭下去以後,Say,メイ･ジョ,1,大丈夫、仕事を続けて。,"괜찮아, 일 계속해."
scene_day3_scenes_fab_day3_logic_6346ee10c065ccc051a489a1ecff7695.bundle,升降梯搭下去以後,Say,メイ･ジョ,2,あの扉が開くまで止めないで。,저 문이 열릴 때까지 멈추지 마.
scene_day3_scenes_fab_day3_logic_6346ee10c065ccc051a489a1ecff7695.bundle,升降梯搭下去以後,Say,23,0,ジェイ、落ち着いて。,"제이, 진정해."
scene_day3_scenes_fab_day3_logic_6346ee10c065ccc051a489a1ecff7695.bundle,升降梯搭下去以後,Say,23,1,その声は確か情報管理部のメイ･ジョよね？,그 목소리 분명 정보관리부의 메이 조지?
scene_day3_scenes_fab_day3_logic_6346ee10c065ccc051a489a1ecff7695.bundle,升降梯搭下去以後,Say,23,2,まずは彼女の目的を聞き出そう。,우선 저 여자의 목적을 알아내자.
scene_day3_scenes_fab_day3_logic_6346ee10c065ccc051a489a1ecff7695.bundle,升降梯搭下去以後,Say,メイ･ジョ,3,あなたは特別な人ね。,너는 특별한 사람이네.
scene_day3_scenes_fab_day3_logic_6346ee10c065ccc051a489a1ecff7695.bundle,升降梯搭下去以後,Say,メイ･ジョ,4,いつも現れるべきでない場所に現れる。,항상 나타나면 안 될 곳에 나타나.
scene_day3_scenes_fab_day3_logic_6346ee10c065ccc051a489a1ecff7695.bundle,升降梯搭下去以後,Say,メイ･ジョ,5,一体どうやってここに来たの？ここにアクセスできる権限を持ってるわけないわよね？,대체 어떻게 여기 온 거야? 여기 접근할 권한이 있을 리 없잖아?
scene_day3_scenes_fab_day3_logic_6346ee10c065ccc051a489a1ecff7695.bundle,升降梯搭下去以後,Branch,#Simple,0,私は操作組のメンバーです。,저는 조작조 멤버예요.
scene_day3_scenes_fab_day3_logic_6346ee10c065ccc051a489a1ecff7695.bundle,升降梯搭下去以後,Say,メイ･ジョ,6,聞いてないの？今日は休みよ。,못 들었어? 오늘 휴무야.
scene_day3_scenes_fab_day3_logic_6346ee10c065ccc051a489a1ecff7695.bundle,升降梯搭下去以後,Branch,#Simple,1,……,……
scene_day3_scenes_fab_day3_logic_6346ee10c065ccc051a489a1ecff7695.bundle,升降梯搭下去以後,Say,23,3,ジェイ、今のあんたが唯一違反していることは、勤務時間外に会社に来ていることだけだからね。,"제이, 지금 네가 유일하게 위반한 건, 근무 시간 외에 회사에 온 것뿐이니까."
scene_day3_scenes_fab_day3_logic_6346ee10c065ccc051a489a1ecff7695.bundle,升降梯搭下去以後,Say,23,4,あんたが唯一違反していることは、勝手に他人のオフィスに入ったことだけだからね。,"네가 유일하게 위반한 건, 멋대로 남의 사무실에 들어간 것뿐이니까."
scene_day3_scenes_fab_day3_logic_6346ee10c065ccc051a489a1ecff7695.bundle,升降梯搭下去以後,Say,23,5,彼女も今のあんたをどうこうできないはずだから。,저 여자도 지금 너를 어떻게 할 수는 없을 테니까.
scene_day3_scenes_fab_day3_logic_6346ee10c065ccc051a489a1ecff7695.bundle,升降梯搭下去以後,Say,23,6,彼女のブラフを信じないでね。,저 여자 허풍 믿지 마.
scene_day3_scenes_fab_day3_logic_6346ee10c065ccc051a489a1ecff7695.bundle,升降梯搭下去以後,Say,メイ･ジョ,7,今の軍は民間企業への潜入訓練もしてるの？,요즘 군대는 민간 기업 잠입 훈련도 시키나?
scene_day3_scenes_fab_day3_logic_6346ee10c065ccc051a489a1ecff7695.bundle,升降梯搭下去以後,Say,心の声,1,俺の過去を知ってるのか……,내 과거를 알고 있는 건가……
scene_day3_scenes_fab_day3_logic_6346ee10c065ccc051a489a1ecff7695.bundle,升降梯搭下去以後,Branch,#Simple,2,私はそもそもここの職員です。,저는 애초에 여기 직원이에요.
scene_day3_scenes_fab_day3_logic_6346ee10c065ccc051a489a1ecff7695.bundle,升降梯搭下去以後,Say,メイ･ジョ,8,今は、ね。,"지금은, 말이지."
scene_day3_scenes_fab_day3_logic_6346ee10c065ccc051a489a1ecff7695.bundle,升降梯搭下去以後,Branch,#Simple,3,私の過去を調べたんですか？,제 과거를 조사한 건가요?
scene_day3_scenes_fab_day3_logic_6346ee10c065ccc051a489a1ecff7695.bundle,升降梯搭下去以後,Say,メイ･ジョ,9,もちろん。それが私の仕事だから。,물론. 그게 내 일이니까.
scene_day3_scenes_fab_day3_logic_6346ee10c065ccc051a489a1ecff7695.bundle,升降梯搭下去以後,Say,メイ･ジョ,10,昨日の一件の後、もう少しあなたを調べるべきだと思ってね。,"어제 그 일 이후로, 너를 좀 더 조사해야겠다고 생각했거든."
scene_day3_scenes_fab_day3_logic_6346ee10c065ccc051a489a1ecff7695.bundle,升降梯搭下去以後,Branch,#Simple,4,……,……
scene_day3_scenes_fab_day3_logic_6346ee10c065ccc051a489a1ecff7695.bundle,升降梯搭下去以後,Say,メイ･ジョ,11,あなたの彼女さんに怪我を負わせた犯人を調べに来たのね？,네 여자친구한테 상처를 입힌 범인을 조사하러 온 거지?
scene_day3_scenes_fab_day3_logic_6346ee10c065ccc051a489a1ecff7695.bundle,升降梯搭下去以後,Say,心の声,2,……なに？,……뭐?
scene_day3_scenes_fab_day3_logic_6346ee10c065ccc051a489a1ecff7695.bundle,升降梯搭下去以後,Say,メイ･ジョ,12,リンさんのことはとても残念に思ってる。私は心から彼女のような女性を尊敬していたから。,린 씨 일은 정말 안타깝게 생각해. 나는 진심으로 그런 여자를 존경했었으니까.
scene_day3_scenes_fab_day3_logic_6346ee10c065ccc051a489a1ecff7695.bundle,升降梯搭下去以後,Say,メイ･ジョ,13,いつも堂々としていて、自信に満ち溢れていて……,"항상 당당하고, 자신감이 넘치고……"
scene_day3_scenes_fab_day3_logic_6346ee10c065ccc051a489a1ecff7695.bundle,升降梯搭下去以後,Say,心の声,3,この女はどこまで知っているんだ。彼女も加担しているのか？,이 여자는 어디까지 알고 있는 거지. 이 여자도 가담하고 있는 건가?
scene_day3_scenes_fab_day3_logic_6346ee10c065ccc051a489a1ecff7695.bundle,升降梯搭下去以後,Branch,#Simple,5,皮肉はよせ。,비꼬지 마.
scene_day3_scenes_fab_day3_logic_6346ee10c065ccc051a489a1ecff7695.bundle,升降梯搭下去以後,Say,メイ･ジョ,14,本心よ。,진심이야.
scene_day3_scenes_fab_day3_logic_6346ee10c065ccc051a489a1ecff7695.bundle,升降梯搭下去以後,Branch,#Simple,6,それなのに彼女に危害を加えたのか？,그런데도 그 사람한테 해를 끼친 건가?
scene_day3_scenes_fab_day3_logic_6346ee10c065ccc051a489a1ecff7695.bundle,升降梯搭下去以後,Say,メイ･ジョ,15,信じてくれないだろうけど、私はこの件とは無関係よ。,"안 믿어줄지도 모르지만, 나는 이 건이랑 무관해."
scene_day3_scenes_fab_day3_logic_6346ee10c065ccc051a489a1ecff7695.bundle,升降梯搭下去以後,Branch,#Simple,7,……,……
scene_day3_scenes_fab_day3_logic_6346ee10c065ccc051a489a1ecff7695.bundle,升降梯搭下去以後,Say,メイ･ジョ,16,上で何を見つけたか教えてくれない？,위에서 뭘 찾았는지 알려주지 않을래?
scene_day3_scenes_fab_day3_logic_6346ee10c065ccc051a489a1ecff7695.bundle,升降梯搭下去以後,Branch,#Simple,8,どういう意味だ？,무슨 뜻이야?
scene_day3_scenes_fab_day3_logic_6346ee10c065ccc051a489a1ecff7695.bundle,升降梯搭下去以後,Say,メイ･ジョ,17,はぁ……,하아……
scene_day3_scenes_fab_day3_logic_6346ee10c065ccc051a489a1ecff7695.bundle,升降梯搭下去以後,Say,メイ･ジョ,18,もう小芝居はやめましょ。,이제 시치미 좀 그만 떼자.
scene_day3_scenes_fab_day3_logic_6346ee10c065ccc051a489a1ecff7695.bundle,升降梯搭下去以後,Branch,#Simple,9,何も見つけていない。,아무것도 못 찾았어.
scene_day3_scenes_fab_day3_logic_6346ee10c065ccc051a489a1ecff7695.bundle,升降梯搭下去以後,Say,メイ･ジョ,19,あまり信じられないわね。,별로 안 믿기는데.
scene_day3_scenes_fab_day3_logic_6346ee10c065ccc051a489a1ecff7695.bundle,升降梯搭下去以後,Branch,#Simple,10,何を見つけようと、あんたとは無関係だ。,"뭘 찾았든, 너랑은 상관없어."
scene_day3_scenes_fab_day3_logic_6346ee10c065ccc051a489a1ecff7695.bundle,升降梯搭下去以後,Say,メイ･ジョ,20,そうかしら。,그럴까.
scene_day3_scenes_fab_day3_logic_6346ee10c065ccc051a489a1ecff7695.bundle,升降梯搭下去以後,Say,メイ･ジョ,21,言っておくけど、私の仕事は会社の規定を違反した人を取り調べることよ。,"말해두는데, 내 일은 회사 규정을 위반한 사람을 조사하는 거야."
scene_day3_scenes_fab_day3_logic_6346ee10c065ccc051a489a1ecff7695.bundle,升降梯搭下去以後,Say,メイ･ジョ,22,なんなら身体検査でもしましょうか？,원한다면 신체검사라도 해줄까?
scene_day3_scenes_fab_day3_logic_6346ee10c065ccc051a489a1ecff7695.bundle,升降梯搭下去以後,Say,23,7,ジェイ、もし乱暴されたら、ハックユニットを渡して。,"제이, 만약 폭행당하면, 해킹 유닛을 넘겨."
scene_day3_scenes_fab_day3_logic_6346ee10c065ccc051a489a1ecff7695.bundle,升降梯搭下去以後,Say,23,8,あんたの安全が最優先よ。,네 안전이 최우선이야.
scene_day3_scenes_fab_day3_logic_6346ee10c065ccc051a489a1ecff7695.bundle,升降梯搭下去以後,Say,23,9,彼女たちと喧嘩しちゃだめよ。あんたが逮捕される。,저 여자들이랑 싸우면 안 돼. 네가 체포당해.
scene_day3_scenes_fab_day3_logic_6346ee10c065ccc051a489a1ecff7695.bundle,升降梯搭下去以後,Say,心の声,4,だめだ、渡したら……,"안 돼, 넘기면……"
scene_day3_scenes_fab_day3_logic_6346ee10c065ccc051a489a1ecff7695.bundle,升降梯搭下去以後,Say,メイ･ジョ,23,あら？渡してくれないの？,어라? 안 넘겨주는 거야?
scene_day3_scenes_fab_day3_logic_6346ee10c065ccc051a489a1ecff7695.bundle,升降梯搭下去以後,Branch,#Simple,11,わかった。渡そう。,알았어. 넘길게.
scene_day3_scenes_fab_day3_logic_6346ee10c065ccc051a489a1ecff7695.bundle,升降梯搭下去以後,Branch,#Simple,12,死んでも渡さない。,죽어도 안 넘겨.
scene_day3_scenes_fab_day3_logic_6346ee10c065ccc051a489a1ecff7695.bundle,升降梯搭下去以後,Branch,#Simple,13,何の話をしてるのかわからない。,무슨 얘기를 하는 건지 모르겠는데.
scene_day3_scenes_fab_day3_logic_6346ee10c065ccc051a489a1ecff7695.bundle,升降梯搭下去以後,Say,メイ･ジョ,24,……,……
scene_day3_scenes_fab_day3_logic_6346ee10c065ccc051a489a1ecff7695.bundle,升降梯搭下去以後,Say,メイ･ジョ,25,よくよく考えて見れば、この件はこれで終わりにした方が良さそうね。,"곰곰이 생각해보면, 이 건은 이걸로 끝내는 게 좋을 것 같네."
scene_day3_scenes_fab_day3_logic_6346ee10c065ccc051a489a1ecff7695.bundle,升降梯搭下去以後,Say,メイ･ジョ,26,私と会わなかったことにしてほしいの。,나랑 안 만난 걸로 해줬으면 해.
scene_day3_scenes_fab_day3_logic_6346ee10c065ccc051a489a1ecff7695.bundle,升降梯搭下去以後,Say,心の声,5,……なに？,……뭐?
scene_day3_scenes_fab_day3_logic_6346ee10c065ccc051a489a1ecff7695.bundle,升降梯搭下去以後,Say,メイ･ジョ,27,こちらの好意だと思ってほしい。,이쪽의 호의라고 생각해줘.
scene_day3_scenes_fab_day3_logic_6346ee10c065ccc051a489a1ecff7695.bundle,升降梯搭下去以後,Say,メイ･ジョ,28,何を見つけたかは不問にするわ。持って行きなさい。,뭘 찾았는지는 안 물을게. 가져가.
scene_day3_scenes_fab_day3_logic_6346ee10c065ccc051a489a1ecff7695.bundle,升降梯搭下去以後,Say,メイ･ジョ,29,これであなたも私たちに協力してくれるわよね。,이걸로 너도 우리한테 협력해주는 거지.
scene_day3_scenes_fab_day3_logic_6346ee10c065ccc051a489a1ecff7695.bundle,升降梯搭下去以後,Say,心の声,6,……協力？,……협력?
scene_day3_scenes_fab_day3_logic_6346ee10c065ccc051a489a1ecff7695.bundle,升降梯搭下去以後,Say,メイ･ジョ,30,私はあなたと同じ目的でここへ来たの。万象で何が起きたのか調べたいのよ。,나는 너랑 같은 목적으로 여기 온 거야. 완샹에서 무슨 일이 있었는지 조사하고 싶은 거라고.
scene_day3_scenes_fab_day3_logic_6346ee10c065ccc051a489a1ecff7695.bundle,升降梯搭下去以後,Say,メイ･ジョ,31,認めたくはないけど、私は誰かに利用されたの。,"인정하고 싶진 않지만, 나는 누군가한테 이용당했어."
scene_day3_scenes_fab_day3_logic_6346ee10c065ccc051a489a1ecff7695.bundle,升降梯搭下去以後,Say,心の声,7,嘘だ。彼女が知らないわけがない……,거짓말이다. 이 여자가 모를 리가 없어……
scene_day3_scenes_fab_day3_logic_6346ee10c065ccc051a489a1ecff7695.bundle,升降梯搭下去以後,Say,メイ･ジョ,32,万象は何かを隠している。,완샹은 뭔가를 숨기고 있어.
scene_day3_scenes_fab_day3_logic_6346ee10c065ccc051a489a1ecff7695.bundle,升降梯搭下去以後,Say,メイ･ジョ,33,何かを隠していること自体は問題ではないけど……,뭔가를 숨기고 있는 것 자체는 문제가 아니지만……
scene_day3_scenes_fab_day3_logic_6346ee10c065ccc051a489a1ecff7695.bundle,升降梯搭下去以後,Say,メイ･ジョ,34,私にまで秘密にしているなら、これは問題よ。,"나한테까지 비밀로 하고 있다면, 이건 문제야."
scene_day3_scenes_fab_day3_logic_6346ee10c065ccc051a489a1ecff7695.bundle,升降梯搭下去以後,Say,心の声,8,彼女は本当にハードディスクの内容を知らないらしい。でも……,이 여자는 정말로 하드디스크 내용을 모르는 것 같다. 근데……
scene_day3_scenes_fab_day3_logic_6346ee10c065ccc051a489a1ecff7695.bundle,升降梯搭下去以後,Say,メイ･ジョ,35,今の私たちは利害関係が一致しているはずよ。手を組みましょう。,지금 우리는 이해관계가 일치할 텐데. 손을 잡자.
scene_day3_scenes_fab_day3_logic_6346ee10c065ccc051a489a1ecff7695.bundle,升降梯搭下去以後,Branch,#Simple,14,あんたが信用に値する証拠は？,네가 믿을 만하다는 증거는?
scene_day3_scenes_fab_day3_logic_6346ee10c065ccc051a489a1ecff7695.bundle,升降梯搭下去以後,Say,メイ･ジョ,36,それがそんなに重要？,그게 그렇게 중요해?
scene_day3_scenes_fab_day3_logic_6346ee10c065ccc051a489a1ecff7695.bundle,升降梯搭下去以後,Branch,#Simple,15,それもそうだな。,그것도 그렇네.
scene_day3_scenes_fab_day3_logic_6346ee10c065ccc051a489a1ecff7695.bundle,升降梯搭下去以後,Say,メイ･ジョ,37,合理的な判断ね。,합리적인 판단이네.
scene_day3_scenes_fab_day3_logic_6346ee10c065ccc051a489a1ecff7695.bundle,升降梯搭下去以後,Branch,#Simple,16,……,……
scene_day3_scenes_fab_day3_logic_6346ee10c065ccc051a489a1ecff7695.bundle,升降梯搭下去以後,Say,メイ･ジョ,38,私は別に、あなたに協力を約束してほしいと言っているわけではない。,"나는 딱히, 너한테 협력을 약속해달라고 말하는 게 아니야."
scene_day3_scenes_fab_day3_logic_6346ee10c065ccc051a489a1ecff7695.bundle,升降梯搭下去以後,Say,メイ･ジョ,39,でもあなたには他の選択肢がない、それだけよ。,"근데 너한테는 다른 선택지가 없다는, 그것뿐이야."
scene_day3_scenes_fab_day3_logic_6346ee10c065ccc051a489a1ecff7695.bundle,升降梯搭下去以後,Say,メイ･ジョ,40,これからは私の意志で行動する。,앞으로는 내 의지로 행동하겠어.
scene_day3_scenes_fab_day3_logic_6346ee10c065ccc051a489a1ecff7695.bundle,升降梯搭下去以後,Say,メイ･ジョ,41,あなたに用があれば会いに行くしね。,너한테 볼일 있으면 만나러 갈 거고.
scene_day3_scenes_fab_day3_logic_6346ee10c065ccc051a489a1ecff7695.bundle,升降梯搭下去以後,Branch,#Simple,17,用がない時は？,볼일 없을 때는?
scene_day3_scenes_fab_day3_logic_6346ee10c065ccc051a489a1ecff7695.bundle,升降梯搭下去以後,Say,メイ･ジョ,42,そのささやかな調査を進めなさい。,그 소소한 조사나 계속해.
scene_day3_scenes_fab_day3_logic_6346ee10c065ccc051a489a1ecff7695.bundle,升降梯搭下去以後,Branch,#Simple,18,あんたに協力する気はない。,너한테 협력할 생각 없어.
scene_day3_scenes_fab_day3_logic_6346ee10c065ccc051a489a1ecff7695.bundle,升降梯搭下去以後,Say,メイ･ジョ,43,結論を急がないで。今のあなたは自分が何を拒んでいるのかを知らないのよ。,결론을 서두르지 마. 지금 너는 자기가 뭘 거절하고 있는지 모르는 거야.
scene_day3_scenes_fab_day3_logic_6346ee10c065ccc051a489a1ecff7695.bundle,升降梯搭下去以後,Branch,#Simple,19,……,……
scene_day3_scenes_fab_day3_logic_6346ee10c065ccc051a489a1ecff7695.bundle,升降梯搭下去以後,Say,メイ･ジョ,44,私はずっとサイレントにはいられないから、たまに協力してくれる人が欲しいの。,"나는 계속 사일런트에 있을 수 없으니까, 가끔 협력해줄 사람이 필요해."
scene_day3_scenes_fab_day3_logic_6346ee10c065ccc051a489a1ecff7695.bundle,升降梯搭下去以後,Say,メイ･ジョ,45,また連絡するわね。,또 연락할게.
scene_day3_scenes_fab_day3_logic_6346ee10c065ccc051a489a1ecff7695.bundle,升降梯搭下去以後,Say,メイ･ジョ,46,私は他の用事があるから今は帰りなさい。,나는 다른 볼일이 있으니까 지금은 돌아가.
scene_day3_scenes_fab_day3_logic_6346ee10c065ccc051a489a1ecff7695.bundle,升降梯搭下去以後,Branch,#Simple,20,何の用だ？,무슨 볼일인데?
scene_day3_scenes_fab_day3_logic_6346ee10c065ccc051a489a1ecff7695.bundle,升降梯搭下去以後,Say,メイ･ジョ,47,あなたに教える必要はないと思うけど？,너한테 알려줄 필요는 없다고 생각하는데?
scene_day3_scenes_fab_day3_logic_6346ee10c065ccc051a489a1ecff7695.bundle,升降梯搭下去以後,Branch,#Simple,21,我々は協力関係では？,우리는 협력 관계 아닌가?
scene_day3_scenes_fab_day3_logic_6346ee10c065ccc051a489a1ecff7695.bundle,升降梯搭下去以後,Say,メイ･ジョ,48,この協力関係は、私が認めないうちは成立しない。,"이 협력 관계는, 내가 인정하기 전까지는 성립 안 해."
scene_day3_scenes_fab_day3_logic_6346ee10c065ccc051a489a1ecff7695.bundle,升降梯搭下去以後,Say,メイ･ジョ,49,今はまだ認めるタイミングじゃないのよ。,지금은 아직 인정할 타이밍이 아니야.
scene_day3_scenes_fab_day3_logic_6346ee10c065ccc051a489a1ecff7695.bundle,升降梯搭下去以後,Branch,#Simple,22,必要はないが、教えてくれてもいいんじゃないか？,"필요는 없지만, 알려줘도 되지 않나?"
scene_day3_scenes_fab_day3_logic_6346ee10c065ccc051a489a1ecff7695.bundle,升降梯搭下去以後,Say,メイ･ジョ,50,無理ね。,무리네.
scene_day3_scenes_fab_day3_logic_6346ee10c065ccc051a489a1ecff7695.bundle,升降梯搭下去以後,Say,メイ･ジョ,51,もう行って。,이제 가.
scene_day3_scenes_fab_day3_logic_6346ee10c065ccc051a489a1ecff7695.bundle,升降梯搭下去以後,Branch,#Simple,23,このまま俺を行かせるのか？,이대로 나를 보내는 거야?
scene_day3_scenes_fab_day3_logic_6346ee10c065ccc051a489a1ecff7695.bundle,升降梯搭下去以後,Say,メイ･ジョ,52,あなたをここにいさせるメリットがないからね。,너를 여기 있게 할 이유가 없으니까.
scene_day3_scenes_fab_day3_logic_6346ee10c065ccc051a489a1ecff7695.bundle,升降梯搭下去以後,Say,メイ･ジョ,53,もう行きなさい。ここにいてもあなたが役立つことはないわ。,이제 가. 여기 있어봤자 네가 도움 될 일은 없으니까.
scene_day3_scenes_fab_day3_logic_6346ee10c065ccc051a489a1ecff7695.bundle,升降梯搭下去以後,Branch,#Simple,24,……,……
scene_day3_scenes_fab_day3_logic_6346ee10c065ccc051a489a1ecff7695.bundle,升降梯搭下去以後,Say,23,10,ナイスな対応よ。,잘 대처했어.
scene_day3_scenes_fab_day3_logic_6346ee10c065ccc051a489a1ecff7695.bundle,升降梯搭下去以後,Say,23,11,もう難しく考える必要はない。,이제 어렵게 생각할 필요 없어.
scene_day3_scenes_fab_day3_logic_6346ee10c065ccc051a489a1ecff7695.bundle,升降梯搭下去以後,Say,23,12,ハックユニットを持ち帰れば、すべてが終わるはずよ。,"해킹 유닛만 가지고 돌아가면, 전부 끝날 거야."
scene_day3_scenes_fab_day3_logic_6346ee10c065ccc051a489a1ecff7695.bundle,地窖端電梯下車,Say,心の声,0,はぁ、やっと安全になった……,"하, 드디어 안전해졌다……"
scene_day3_scenes_fab_day3_logic_6346ee10c065ccc051a489a1ecff7695.bundle,地窖端電梯下車,Say,23,0,えっと、ごめん。ちょっと席を外すね。,"저기, 미안. 잠깐 자리 좀 비울게."
scene_day3_scenes_fab_day3_logic_6346ee10c065ccc051a489a1ecff7695.bundle,地窖端電梯下車,Branch,#Simple,0,あんたまでいなくなるのか？,너까지 없어지는 건가?
scene_day3_scenes_fab_day3_logic_6346ee10c065ccc051a489a1ecff7695.bundle,地窖端電梯下車,Say,23,1,仕方ないでしょ。,어쩔 수 없잖아.
scene_day3_scenes_fab_day3_logic_6346ee10c065ccc051a489a1ecff7695.bundle,地窖端電梯下車,Branch,#Simple,1,わかった。,알았어.
scene_day3_scenes_fab_day3_logic_6346ee10c065ccc051a489a1ecff7695.bundle,地窖端電梯下車,Say,23,2,良い返事ね、やっぱりあんたはクールよ。,"좋은 대답이네, 역시 넌 쿨해."
scene_day3_scenes_fab_day3_logic_6346ee10c065ccc051a489a1ecff7695.bundle,地窖端電梯下車,Branch,#Simple,2,……,……
scene_day3_scenes_fab_day3_logic_6346ee10c065ccc051a489a1ecff7695.bundle,地窖端電梯下車,Say,23,3,スイからあるものを用意するように頼まれたのよ。,스이한테 뭔가 준비해달라는 부탁을 받았어.
scene_day3_scenes_fab_day3_logic_6346ee10c065ccc051a489a1ecff7695.bundle,地窖端電梯下車,Say,23,4,もう、急過ぎるのよ。あの車は……,"아 진짜, 너무 급하다니까. 그 차는……"
scene_day3_scenes_fab_day3_logic_6346ee10c065ccc051a489a1ecff7695.bundle,地窖端電梯下車,Say,心の声,1,車？,차?
scene_day3_scenes_fab_day3_logic_6346ee10c065ccc051a489a1ecff7695.bundle,地窖端電梯下車,Branch,#Simple,3,車？,차?
scene_day3_scenes_fab_day3_logic_6346ee10c065ccc051a489a1ecff7695.bundle,地窖端電梯下車,Branch,#Simple,4,……,……
scene_day3_scenes_fab_day3_logic_6346ee10c065ccc051a489a1ecff7695.bundle,地窖端電梯下車,Say,23,5,じゃあ、そういうことで。,"그럼, 그런 걸로 알고 갈게."
scene_day3_scenes_fab_day3_logic_6346ee10c065ccc051a489a1ecff7695.bundle,地窖端電梯下車,Say,心の声,2,こいつ……,이 자식이……
scene_day3_scenes_fab_day3_logic_6346ee10c065ccc051a489a1ecff7695.bundle,出地窖電梯,Say,23,0,よっ、エレベーターから出たのが見えたよ。,"야, 엘리베이터에서 나오는 거 보였어."
scene_day3_scenes_fab_day3_logic_6346ee10c065ccc051a489a1ecff7695.bundle,出地窖電梯,Branch,#Simple,0,ずっと見ていたのか？,계속 보고 있었던 건가?
scene_day3_scenes_fab_day3_logic_6346ee10c065ccc051a489a1ecff7695.bundle,出地窖電梯,Say,23,1,だってそれがうちの仕事だもん。サポートをするにも、現在位置の把握は必要でしょ？,"그야 그게 내 일이니까. 지원을 하려 해도, 현재 위치 파악은 필요하잖아?"
scene_day3_scenes_fab_day3_logic_6346ee10c065ccc051a489a1ecff7695.bundle,出地窖電梯,Say,23,2,なーに？照れちゃった？,뭐야~? 부끄러웠어?
scene_day3_scenes_fab_day3_logic_6346ee10c065ccc051a489a1ecff7695.bundle,出地窖電梯,Branch,#Simple,1,これからの作戦を教えてくれ。,앞으로의 작전을 알려줘.
scene_day3_scenes_fab_day3_logic_6346ee10c065ccc051a489a1ecff7695.bundle,出地窖電梯,Say,23,3,ちぇっ、つまんないの。,"칫, 재미없긴."
scene_day3_scenes_fab_day3_logic_6346ee10c065ccc051a489a1ecff7695.bundle,出地窖電梯,Branch,#Simple,2,照れるわけないだろ。,부끄러울 리가 없잖아.
scene_day3_scenes_fab_day3_logic_6346ee10c065ccc051a489a1ecff7695.bundle,出地窖電梯,Say,23,4,ヘヘッ。,헤헷.
scene_day3_scenes_fab_day3_logic_6346ee10c065ccc051a489a1ecff7695.bundle,出地窖電梯,Branch,#Simple,3,実は、エレベーターの中で恋愛相談をしてたんだ。,"실은, 엘리베이터 안에서 연애 상담을 하고 있었다."
scene_day3_scenes_fab_day3_logic_6346ee10c065ccc051a489a1ecff7695.bundle,出地窖電梯,Say,23,5,リンリンという素晴らしい彼女がいるのに悩みがあるの？,린린이라는 멋진 여자친구가 있는데 고민이 있어?
scene_day3_scenes_fab_day3_logic_6346ee10c065ccc051a489a1ecff7695.bundle,出地窖電梯,Branch,#Simple,4,いや、相談をされた方だ。,"아니, 상담을 받은 쪽이다."
scene_day3_scenes_fab_day3_logic_6346ee10c065ccc051a489a1ecff7695.bundle,出地窖電梯,Say,23,6,え？ジェイの兄貴って恋愛相談に乗ったりするっすか？,네? 제이 형이 연애 상담을 해주기도 하는 거예요?
scene_day3_scenes_fab_day3_logic_6346ee10c065ccc051a489a1ecff7695.bundle,出地窖電梯,Branch,#Simple,5,リンリン……？,린린……?
scene_day3_scenes_fab_day3_logic_6346ee10c065ccc051a489a1ecff7695.bundle,出地窖電梯,Say,23,7,何か問題でも？,뭔가 문제라도?
scene_day3_scenes_fab_day3_logic_6346ee10c065ccc051a489a1ecff7695.bundle,出地窖電梯,Say,心の声,0,……,……
scene_day3_scenes_fab_day3_logic_6346ee10c065ccc051a489a1ecff7695.bundle,出地窖電梯,Branch,#Simple,6,仕事は終わったのか？,일은 끝났나?
scene_day3_scenes_fab_day3_logic_6346ee10c065ccc051a489a1ecff7695.bundle,出地窖電梯,Say,23,8,イエスイエス！,예스예스!
scene_day3_scenes_fab_day3_logic_6346ee10c065ccc051a489a1ecff7695.bundle,出地窖電梯,Branch,#Simple,7,これからはどうすればいい？,이제부터는 어떻게 하면 되지?
scene_day3_scenes_fab_day3_logic_6346ee10c065ccc051a489a1ecff7695.bundle,出地窖電梯,Say,23,9,ホームに来て、そこで合流しよう。,"홈으로 와서, 거기서 합류하자."
scene_day3_scenes_fab_day3_logic_6346ee10c065ccc051a489a1ecff7695.bundle,出地窖電梯,Branch,#Simple,8,今サイレントにいるのか？,지금 사일런트에 있는 건가?
scene_day3_scenes_fab_day3_logic_6346ee10c065ccc051a489a1ecff7695.bundle,出地窖電梯,Say,23,10,はい。,네.
scene_day3_scenes_fab_day3_logic_6346ee10c065ccc051a489a1ecff7695.bundle,出地窖電梯,Branch,#Simple,9,ホームのどこだ？,홈 어디지?
scene_day3_scenes_fab_day3_logic_6346ee10c065ccc051a489a1ecff7695.bundle,出地窖電梯,Branch,#Simple,10,……,……
scene_day3_scenes_fab_day3_logic_6346ee10c065ccc051a489a1ecff7695.bundle,出地窖電梯,Say,23,11,トラックが止まってるはずよ。うちはその中にいる。,트럭이 서 있을 거야. 나는 그 안에 있어.
scene_day3_scenes_fab_day3_logic_6346ee10c065ccc051a489a1ecff7695.bundle,出地窖電梯,Say,23,12,サプライズを用意したから楽しみにしてて！じゃ、また後で。,"서프라이즈 준비해뒀으니까 기대하고 있어! 그럼, 또 이따가."
scene_day3_scenes_fab_day3_logic_6346ee10c065ccc051a489a1ecff7695.bundle,出地窖電梯,Say,心の声,1,……サプライズ？,……서프라이즈?
scene_day3_scenes_fab_day3_logic_6346ee10c065ccc051a489a1ecff7695.bundle,走過去找蕭勇明對話,Say,ユウ･ショウ,0,ジェイさん！,제이 씨!
scene_day3_scenes_fab_day3_logic_6346ee10c065ccc051a489a1ecff7695.bundle,走過去找蕭勇明對話,Branch,#Simple,0,やあ。,야.
scene_day3_scenes_fab_day3_logic_6346ee10c065ccc051a489a1ecff7695.bundle,走過去找蕭勇明對話,Branch,#Simple,1,何をしていたんだ？,뭘 하고 있었던 거지?
scene_day3_scenes_fab_day3_logic_6346ee10c065ccc051a489a1ecff7695.bundle,走過去找蕭勇明對話,Branch,#Simple,2,……,……
scene_day3_scenes_fab_day3_logic_6346ee10c065ccc051a489a1ecff7695.bundle,走過去找蕭勇明對話,Say,ユウ･ショウ,1,あの怪しいトラックを見てたんです。,저 수상한 트럭을 보고 있었어요.
scene_day3_scenes_fab_day3_logic_6346ee10c065ccc051a489a1ecff7695.bundle,走過去找蕭勇明對話,Say,ユウ･ショウ,2,今、そこから降りて来ましたよね？,"방금, 거기서 내려오셨죠?"
scene_day3_scenes_fab_day3_logic_6346ee10c065ccc051a489a1ecff7695.bundle,走過去找蕭勇明對話,Say,心の声,0,疑われないと23号が言ってたのに……,안 들킨다고 23호가 그랬는데……
scene_day3_scenes_fab_day3_logic_6346ee10c065ccc051a489a1ecff7695.bundle,走過去找蕭勇明對話,Branch,#Simple,3,はい。,네.
scene_day3_scenes_fab_day3_logic_6346ee10c065ccc051a489a1ecff7695.bundle,走過去找蕭勇明對話,Branch,#Simple,4,見てたのか？,보고 있었던 건가?
scene_day3_scenes_fab_day3_logic_6346ee10c065ccc051a489a1ecff7695.bundle,走過去找蕭勇明對話,Say,ユウ･ショウ,3,ああ。,아.
scene_day3_scenes_fab_day3_logic_6346ee10c065ccc051a489a1ecff7695.bundle,走過去找蕭勇明對話,Say,ユウ･ショウ,4,そのトラックの中に他に人はいましたか？,그 트럭 안에 다른 사람이 있었나요?
scene_day3_scenes_fab_day3_logic_6346ee10c065ccc051a489a1ecff7695.bundle,走過去找蕭勇明對話,Say,ユウ･ショウ,5,権限のない人や貨物が隠されているかもしれないと思って。,권한 없는 사람이나 화물이 숨겨져 있을지도 모른다고 생각해서요.
scene_day3_scenes_fab_day3_logic_6346ee10c065ccc051a489a1ecff7695.bundle,走過去找蕭勇明對話,Branch,#Simple,5,いや、問題なかった。,"아니, 문제없었다."
scene_day3_scenes_fab_day3_logic_6346ee10c065ccc051a489a1ecff7695.bundle,走過去找蕭勇明對話,Say,ユウ･ショウ,6,そうですか……,그런가요……
scene_day3_scenes_fab_day3_logic_6346ee10c065ccc051a489a1ecff7695.bundle,走過去找蕭勇明對話,Branch,#Simple,6,どうしてそう思うんだ？,왜 그렇게 생각하는 거지?
scene_day3_scenes_fab_day3_logic_6346ee10c065ccc051a489a1ecff7695.bundle,走過去找蕭勇明對話,Say,ユウ･ショウ,7,重さが不自然だったので。,무게가 부자연스러웠거든요.
scene_day3_scenes_fab_day3_logic_6346ee10c065ccc051a489a1ecff7695.bundle,走過去找蕭勇明對話,Branch,#Simple,7,どういう意味だ？,무슨 뜻이야?
scene_day3_scenes_fab_day3_logic_6346ee10c065ccc051a489a1ecff7695.bundle,走過去找蕭勇明對話,Say,ユウ･ショウ,8,説明しますね。,설명해드릴게요.
scene_day3_scenes_fab_day3_logic_6346ee10c065ccc051a489a1ecff7695.bundle,走過去找蕭勇明對話,Branch,#Simple,8,考えすぎじゃないか？,너무 깊게 생각하는 거 아닌가?
scene_day3_scenes_fab_day3_logic_6346ee10c065ccc051a489a1ecff7695.bundle,走過去找蕭勇明對話,Say,ユウ･ショウ,9,いいえ、ちょっと不自然です。,"아뇨, 좀 부자연스러워요."
scene_day3_scenes_fab_day3_logic_6346ee10c065ccc051a489a1ecff7695.bundle,走過去找蕭勇明對話,Branch,#Simple,9,……,……
scene_day3_scenes_fab_day3_logic_6346ee10c065ccc051a489a1ecff7695.bundle,走過去找蕭勇明對話,Say,ユウ･ショウ,10,まず車体の沈み具合から見て、かなりの重さのものを積んでいることは間違いありません。,"우선 차체 가라앉은 정도로 봐서, 상당히 무거운 걸 싣고 있는 건 틀림없어요."
scene_day3_scenes_fab_day3_logic_6346ee10c065ccc051a489a1ecff7695.bundle,走過去找蕭勇明對話,Say,心の声,1,まさかそこまで観察していたとは……,설마 그렇게까지 관찰하고 있었을 줄이야……
scene_day3_scenes_fab_day3_logic_6346ee10c065ccc051a489a1ecff7695.bundle,走過去找蕭勇明對話,Say,ユウ･ショウ,11,でもトラックの運転手は何も積んでいないっと言ってました。むしろここで荷積みをするそうです。,근데 트럭 운전사는 아무것도 안 싣고 있다고 했어요. 오히려 여기서 짐을 싣는다고 하던데요.
scene_day3_scenes_fab_day3_logic_6346ee10c065ccc051a489a1ecff7695.bundle,走過去找蕭勇明對話,Say,ユウ･ショウ,12,ジェイさんはどう思います？,제이 씨는 어떻게 생각하세요?
scene_day3_scenes_fab_day3_logic_6346ee10c065ccc051a489a1ecff7695.bundle,走過去找蕭勇明對話,Branch,#Simple,10,さっき俺が荷物を積み込んだんだ。,아까 내가 짐을 실었다.
scene_day3_scenes_fab_day3_logic_6346ee10c065ccc051a489a1ecff7695.bundle,走過去找蕭勇明對話,Say,ユウ･ショウ,13,ああ、なるほど。,"아, 그렇군요."
scene_day3_scenes_fab_day3_logic_6346ee10c065ccc051a489a1ecff7695.bundle,走過去找蕭勇明對話,Branch,#Simple,11,考えすぎだ。,지나친 생각이다.
scene_day3_scenes_fab_day3_logic_6346ee10c065ccc051a489a1ecff7695.bundle,走過去找蕭勇明對話,Say,ユウ･ショウ,14,……,……
scene_day3_scenes_fab_day3_logic_6346ee10c065ccc051a489a1ecff7695.bundle,走過去找蕭勇明對話,Say,ユウ･ショウ,15,そうですね。,그러게요.
scene_day3_scenes_fab_day3_logic_6346ee10c065ccc051a489a1ecff7695.bundle,走過去找蕭勇明對話,Say,ユウ･ショウ,16,もうIDは確認しましたしね。,이미 ID도 확인했고요.
scene_day3_scenes_fab_day3_logic_6346ee10c065ccc051a489a1ecff7695.bundle,走過去找蕭勇明對話,Say,ユウ･ショウ,17,本社から来た、緊急トイレットペーパーレスキュー隊であるのは間違いありません。,"본사에서 온, 긴급 화장지 구조대인 건 틀림없어요."
scene_day3_scenes_fab_day3_logic_6346ee10c065ccc051a489a1ecff7695.bundle,走過去找蕭勇明對話,Say,心の声,2,……緊急トイレットペーパーレスキュー隊？？？,……긴급 화장지 구조대???
scene_day3_scenes_fab_day3_logic_6346ee10c065ccc051a489a1ecff7695.bundle,走過去找蕭勇明對話,Say,ユウ･ショウ,18,はぁ……私の考えすぎですね。,하……제가 너무 깊게 생각했네요.
scene_day3_scenes_fab_day3_logic_6346ee10c065ccc051a489a1ecff7695.bundle,走過去找蕭勇明對話,Say,ユウ･ショウ,19,調べに行こうと思ってましたが、ジェイさんのおかげで余計な手間をかけずに済みました。,"조사하러 가려던 참이었는데, 제이 씨 덕분에 쓸데없는 수고를 덜었네요."
scene_day3_scenes_fab_day3_logic_6346ee10c065ccc051a489a1ecff7695.bundle,走過去找蕭勇明對話,Branch,#Simple,12,それは良かったな。,그거 다행이군.
scene_day3_scenes_fab_day3_logic_6346ee10c065ccc051a489a1ecff7695.bundle,走過去找蕭勇明對話,Branch,#Simple,13,そうか。,그렇구나.
scene_day3_scenes_fab_day3_logic_6346ee10c065ccc051a489a1ecff7695.bundle,走過去找蕭勇明對話,Branch,#Simple,14,……,……
scene_day3_scenes_fab_day3_logic_6346ee10c065ccc051a489a1ecff7695.bundle,走過去找蕭勇明對話,Say,ユウ･ショウ,20,じゃ、私は仕事に戻ります。,"그럼, 저는 업무로 돌아갈게요."
scene_day3_scenes_fab_day3_logic_6346ee10c065ccc051a489a1ecff7695.bundle,走過去找蕭勇明對話,Branch,#Simple,15,お疲れ様でした。,수고하셨습니다.
scene_day3_scenes_fab_day3_logic_6346ee10c065ccc051a489a1ecff7695.bundle,走過去找蕭勇明對話,Branch,#Simple,16,……,……
scene_day3_scenes_fab_day3_logic_6346ee10c065ccc051a489a1ecff7695.bundle,鄭緯打電話,Say,イー･テイ,0,もしもし、ジェイ、まだサイレントにいる？,"여보세요, 제이, 아직 사일런트에 있어?"
scene_day3_scenes_fab_day3_logic_6346ee10c065ccc051a489a1ecff7695.bundle,鄭緯打電話,Branch,#Simple,0,はい、います。,"네, 있습니다."
scene_day3_scenes_fab_day3_logic_6346ee10c065ccc051a489a1ecff7695.bundle,鄭緯打電話,Say,イー･テイ,1,よかった。,다행이다.
scene_day3_scenes_fab_day3_logic_6346ee10c065ccc051a489a1ecff7695.bundle,鄭緯打電話,Branch,#Simple,1,どうかしましたか？,무슨 일 있으세요?
scene_day3_scenes_fab_day3_logic_6346ee10c065ccc051a489a1ecff7695.bundle,鄭緯打電話,Say,イー･テイ,2,さっそくだけど選別組に入った君に仕事を頼みたいんだ。,다짜고짜지만 선별조에 들어온 너한테 일을 부탁하고 싶어.
scene_day3_scenes_fab_day3_logic_6346ee10c065ccc051a489a1ecff7695.bundle,鄭緯打電話,Say,イー･テイ,3,昨日、襲撃事件があっただろう？,"어제, 습격 사건이 있었잖아?"
scene_day3_scenes_fab_day3_logic_6346ee10c065ccc051a489a1ecff7695.bundle,鄭緯打電話,Say,イー･テイ,4,その上、最近のサイレントのセキュリティシステムはよく故障するからね……,"게다가, 요즘 사일런트 보안 시스템이 자주 고장 나니까……"
scene_day3_scenes_fab_day3_logic_6346ee10c065ccc051a489a1ecff7695.bundle,鄭緯打電話,Say,イー･テイ,5,今日から契約は二人一組にしたんだ。,오늘부터 계약은 두 명이 한 조로 하기로 했어.
scene_day3_scenes_fab_day3_logic_6346ee10c065ccc051a489a1ecff7695.bundle,鄭緯打電話,Branch,#Simple,2,故障？,고장요?
scene_day3_scenes_fab_day3_logic_6346ee10c065ccc051a489a1ecff7695.bundle,鄭緯打電話,Say,イー･テイ,6,簡単に言えば、開くべきでない扉が急に開いて、開くべき扉が開かなかったりするんだ。,"간단히 말하면, 열리면 안 되는 문이 갑자기 열리고, 열려야 할 문이 안 열리곤 하는 거야."
scene_day3_scenes_fab_day3_logic_6346ee10c065ccc051a489a1ecff7695.bundle,鄭緯打電話,Say,イー･テイ,7,操作組が調べてくれてるけど、彼らも今はセラーの件で立て込んでいるからね……,"조작조가 조사해주고 있긴 한데, 그쪽도 지금 저장고 건으로 정신없으니까……"
scene_day3_scenes_fab_day3_logic_6346ee10c065ccc051a489a1ecff7695.bundle,鄭緯打電話,Branch,#Simple,3,誰かと一緒に契約をしに行けってことですか？,누군가랑 같이 계약하러 가라는 얘기예요?
scene_day3_scenes_fab_day3_logic_6346ee10c065ccc051a489a1ecff7695.bundle,鄭緯打電話,Say,イー･テイ,8,そうだ。,맞아.
scene_day3_scenes_fab_day3_logic_6346ee10c065ccc051a489a1ecff7695.bundle,鄭緯打電話,Branch,#Simple,4,……,……
scene_day3_scenes_fab_day3_logic_6346ee10c065ccc051a489a1ecff7695.bundle,鄭緯打電話,Say,イー･テイ,9,リョウさんが何人かと契約を結ぶことになっているんだけど、一緒に行ける人がいなくてね。,"료 씨가 몇 명이랑 계약을 맺기로 되어 있는데, 같이 갈 사람이 없어서 말이야."
scene_day3_scenes_fab_day3_logic_6346ee10c065ccc051a489a1ecff7695.bundle,鄭緯打電話,Branch,#Simple,5,誰も一緒に行きたがらないんですか？,아무도 같이 안 가려고 하는 거예요?
scene_day3_scenes_fab_day3_logic_6346ee10c065ccc051a489a1ecff7695.bundle,鄭緯打電話,Say,イー･テイ,10,うっ……,윽……
scene_day3_scenes_fab_day3_logic_6346ee10c065ccc051a489a1ecff7695.bundle,鄭緯打電話,Say,イー･テイ,11,……そうだね。,……그렇지.
scene_day3_scenes_fab_day3_logic_6346ee10c065ccc051a489a1ecff7695.bundle,鄭緯打電話,Say,心の声,0,苦笑いしてる。,쓴웃음을 짓고 있다.
scene_day3_scenes_fab_day3_logic_6346ee10c065ccc051a489a1ecff7695.bundle,鄭緯打電話,Say,イー･テイ,12,リョウさんと一緒にいるとストレスを感じる人が多いからね。ハハ……,료 씨랑 같이 있으면 스트레스받는 사람이 많으니까. 하하……
scene_day3_scenes_fab_day3_logic_6346ee10c065ccc051a489a1ecff7695.bundle,鄭緯打電話,Say,心の声,1,それは俺もわかる。,그건 나도 알겠다.
scene_day3_scenes_fab_day3_logic_6346ee10c065ccc051a489a1ecff7695.bundle,鄭緯打電話,Branch,#Simple,6,それで私ですか？,그래서 저인 건가요?
scene_day3_scenes_fab_day3_logic_6346ee10c065ccc051a489a1ecff7695.bundle,鄭緯打電話,Say,イー･テイ,13,うん。,응.
scene_day3_scenes_fab_day3_logic_6346ee10c065ccc051a489a1ecff7695.bundle,鄭緯打電話,Branch,#Simple,7,……,……
scene_day3_scenes_fab_day3_logic_6346ee10c065ccc051a489a1ecff7695.bundle,鄭緯打電話,Say,イー･テイ,14,君なら適任だと思って。,너라면 적임이라고 생각해서.
scene_day3_scenes_fab_day3_logic_6346ee10c065ccc051a489a1ecff7695.bundle,鄭緯打電話,Say,イー･テイ,15,それに彼の仕事ぶりを隣で見学もできるし。,게다가 그 사람 일하는 모습을 옆에서 견학할 수도 있고.
scene_day3_scenes_fab_day3_logic_6346ee10c065ccc051a489a1ecff7695.bundle,鄭緯打電話,Say,イー･テイ,16,もしこの件を引き受けてくれるなら、僕の席に来てくれ。給料はちゃんと出るから安心して。,"만약 이 일을 맡아준다면, 내 자리로 와줘. 급여는 제대로 나오니까 안심하고."
scene_day3_scenes_fab_day3_logic_6346ee10c065ccc051a489a1ecff7695.bundle,鄭緯打電話,Say,イー･テイ,17,リョウさんの契約の時間もまだ定かではないから、急がなくていいからね。,"료 씨 계약 시간도 아직 확실하지 않으니까, 서두르지 않아도 돼."
scene_day3_scenes_fab_day3_logic_6346ee10c065ccc051a489a1ecff7695.bundle,鄭緯打電話,Say,イー･テイ,18,もし他の用事があるなら、先に済ませても大丈夫だよ。,"만약 다른 볼일이 있으면, 먼저 처리하고 와도 괜찮아."
scene_day3_scenes_fab_day3_logic_6346ee10c065ccc051a489a1ecff7695.bundle,鄭緯打電話,Say,心の声,2,そうだな……,그러게……
scene_day3_scenes_fab_day3_logic_6346ee10c065ccc051a489a1ecff7695.bundle,鄭緯打電話,Say,心の声,3,引き受ければ、この工場に残る理由にもなるか。,"받아들이면, 이 공장에 남을 이유도 되겠군."
scene_day3_scenes_fab_day3_logic_6346ee10c065ccc051a489a1ecff7695.bundle,鄭緯打電話,Say,心の声,4,とりあえず、ハックユニットをスイ･ニンたちに渡そう。,"일단, 해킹 유닛을 스이 닝 일행한테 넘기자."
scene_day3_scenes_fab_day3_logic_6346ee10c065ccc051a489a1ecff7695.bundle,鄭緯打電話,Say,23,0,電話はいいよ、ジェイ！,"전화는 됐어, 제이!"
scene_day3_scenes_fab_day3_logic_6346ee10c065ccc051a489a1ecff7695.bundle,鄭緯打電話,Say,23,1,ロックは開いてるから、そのまま入って。,"잠금은 열려있으니까, 그대로 들어와."
scene_day3_scenes_fab_day3_logic_6346ee10c065ccc051a489a1ecff7695.bundle,鄭緯打電話,Say,23,2,サプライズがお待ちかねだよ～,서프라이즈가 기다리고 있다구~
scene_day3_scenes_fab_day3_logic_6346ee10c065ccc051a489a1ecff7695.bundle,鄭緯打電話,Say,心の声,5,サプライズって何なんだよ……,서프라이즈라니 뭐야……
scene_day3_scenes_fab_day3_logic_6346ee10c065ccc051a489a1ecff7695.bundle,俊恩打電話,Say,シュン･ゴ,0,もしもし、ジェイ。シュン･ゴです。,"여보세요, 제이. 슌 고입니다."
scene_day3_scenes_fab_day3_logic_6346ee10c065ccc051a489a1ecff7695.bundle,俊恩打電話,Branch,#Simple,0,どうしました？,무슨 일이세요?
scene_day3_scenes_fab_day3_logic_6346ee10c065ccc051a489a1ecff7695.bundle,俊恩打電話,Branch,#Simple,1,やあ。,야.
scene_day3_scenes_fab_day3_logic_6346ee10c065ccc051a489a1ecff7695.bundle,俊恩打電話,Say,シュン･ゴ,1,まだサイレントにいますか？,아직 사일런트에 있나요?
scene_day3_scenes_fab_day3_logic_6346ee10c065ccc051a489a1ecff7695.bundle,俊恩打電話,Branch,#Simple,2,はい、います。,"네, 있습니다."
scene_day3_scenes_fab_day3_logic_6346ee10c065ccc051a489a1ecff7695.bundle,俊恩打電話,Say,シュン･ゴ,2,了解。,알겠습니다.
scene_day3_scenes_fab_day3_logic_6346ee10c065ccc051a489a1ecff7695.bundle,俊恩打電話,Branch,#Simple,3,どうかしましたか？,무슨 일 있으세요?
scene_day3_scenes_fab_day3_logic_6346ee10c065ccc051a489a1ecff7695.bundle,俊恩打電話,Branch,#Simple,4,……,……
scene_day3_scenes_fab_day3_logic_6346ee10c065ccc051a489a1ecff7695.bundle,俊恩打電話,Say,シュン･ゴ,3,えっと……,그게……
scene_day3_scenes_fab_day3_logic_6346ee10c065ccc051a489a1ecff7695.bundle,俊恩打電話,Say,シュン･ゴ,4,そうだな……,그러게……
scene_day3_scenes_fab_day3_logic_6346ee10c065ccc051a489a1ecff7695.bundle,俊恩打電話,Say,ジュジュ･ライ,0,言っちゃいなよ！もう操作組のメンバーでしょう！,그냥 말해버려! 이제 조작조 멤버잖아!
scene_day3_scenes_fab_day3_logic_6346ee10c065ccc051a489a1ecff7695.bundle,俊恩打電話,Say,ジュジュ･ライ,1,嫌ならちゃんと彼は断るからさ、大丈夫！,"싫으면 알아서 거절할 테니까, 괜찮아!"
scene_day3_scenes_fab_day3_logic_6346ee10c065ccc051a489a1ecff7695.bundle,俊恩打電話,Say,心の声,0,ジュジュの声？,쥬쥬 목소리?
scene_day3_scenes_fab_day3_logic_6346ee10c065ccc051a489a1ecff7695.bundle,俊恩打電話,Say,シュン･ゴ,5,コホン。ジェイ、まだサイレントにいるなら、セラーに来て一つ手伝ってくれませんか？,"흠흠. 제이, 아직 사일런트에 있다면, 저장고로 와서 하나만 도와주시겠어요?"
scene_day3_scenes_fab_day3_logic_6346ee10c065ccc051a489a1ecff7695.bundle,俊恩打電話,Branch,#Simple,5,何かあったんですか？,무슨 일 있었어요?
scene_day3_scenes_fab_day3_logic_6346ee10c065ccc051a489a1ecff7695.bundle,俊恩打電話,Say,シュン･ゴ,6,少しややこしくて…電話じゃ説明が難しいのです。,조금 복잡해서……전화로는 설명하기 어렵네요.
scene_day3_scenes_fab_day3_logic_6346ee10c065ccc051a489a1ecff7695.bundle,俊恩打電話,Branch,#Simple,6,給料は出ますか？,급여는 나오나요?
scene_day3_scenes_fab_day3_logic_6346ee10c065ccc051a489a1ecff7695.bundle,俊恩打電話,Say,シュン･ゴ,7,はい、もちろんです。,"네, 물론이죠."
scene_day3_scenes_fab_day3_logic_6346ee10c065ccc051a489a1ecff7695.bundle,俊恩打電話,Say,シュン･ゴ,8,もし来てくれるなら、操作組で落ち合いましょう。,"와주신다면, 조작조에서 만나죠."
scene_day3_scenes_fab_day3_logic_6346ee10c065ccc051a489a1ecff7695.bundle,俊恩打電話,Branch,#Simple,7,操作組は休みでは？,조작조는 휴무 아닌가요?
scene_day3_scenes_fab_day3_logic_6346ee10c065ccc051a489a1ecff7695.bundle,俊恩打電話,Say,シュン･ゴ,9,そうなんですが、いろいろとありまして……,"그렇긴 한데, 여러 사정이 있어서……"
scene_day3_scenes_fab_day3_logic_6346ee10c065ccc051a489a1ecff7695.bundle,俊恩打電話,Branch,#Simple,8,今から行ってもいいですか？,지금 가도 될까요?
scene_day3_scenes_fab_day3_logic_6346ee10c065ccc051a489a1ecff7695.bundle,俊恩打電話,Say,シュン･ゴ,10,大丈夫ですよ。,괜찮아요.
scene_day3_scenes_fab_day3_logic_6346ee10c065ccc051a489a1ecff7695.bundle,俊恩打電話,Branch,#Simple,9,……,……
scene_day3_scenes_fab_day3_logic_6346ee10c065ccc051a489a1ecff7695.bundle,俊恩打電話,Say,シュン･ゴ,11,こちらの用事は急を要していないので、もし他に用事があるなら、先にそちらを済ませてください。,"이쪽 일은 급한 게 아니니까, 다른 볼일이 있으면, 먼저 그쪽부터 해결하세요."
scene_day3_scenes_fab_day3_logic_6346ee10c065ccc051a489a1ecff7695.bundle,俊恩打電話,Say,パン･ロウ,0,また見つけた！,또 찾았어!
scene_day3_scenes_fab_day3_logic_6346ee10c065ccc051a489a1ecff7695.bundle,俊恩打電話,Say,ジュジュ･ライ,2,えっ、本当に？,"엣, 진짜로?"
scene_day3_scenes_fab_day3_logic_6346ee10c065ccc051a489a1ecff7695.bundle,俊恩打電話,Say,パン･ロウ,1,シュン、見て！,"슌, 봐봐!"
scene_day3_scenes_fab_day3_logic_6346ee10c065ccc051a489a1ecff7695.bundle,俊恩打電話,Say,シュン･ゴ,12,と、とにかく、用が済んだら来てください。,"아, 아무튼, 볼일 끝나면 와주세요."
scene_day3_scenes_fab_day3_logic_6346ee10c065ccc051a489a1ecff7695.bundle,俊恩打電話,Say,シュン･ゴ,13,こちらを優先する必要はありませんからね。結構時間がかかると思うので。,이쪽을 우선할 필요는 없으니까요. 시간이 꽤 걸릴 것 같으니.
scene_day3_scenes_fab_day3_logic_6346ee10c065ccc051a489a1ecff7695.bundle,俊恩打電話,Say,シュン･ゴ,14,それではまた。,그럼 또 봐요.
scene_day3_scenes_fab_day3_logic_6346ee10c065ccc051a489a1ecff7695.bundle,俊恩打電話,Branch,#Simple,10,お疲れ様でした。,수고하셨습니다.
scene_day3_scenes_fab_day3_logic_6346ee10c065ccc051a489a1ecff7695.bundle,俊恩打電話,Branch,#Simple,11,少し考えさせてください。,잠깐 생각 좀 해볼게요.
scene_day3_scenes_fab_day3_logic_6346ee10c065ccc051a489a1ecff7695.bundle,俊恩打電話,Say,シュン･ゴ,15,はい、もちろんです。,"네, 물론이죠."
scene_day3_scenes_fab_day3_logic_6346ee10c065ccc051a489a1ecff7695.bundle,俊恩打電話,Branch,#Simple,12,……,……
scene_day3_scenes_fab_day3_logic_6346ee10c065ccc051a489a1ecff7695.bundle,俊恩打電話,Say,心の声,1,一体何があったんだ……？,대체 무슨 일이 있었던 거지……?
scene_day3_scenes_fab_day3_logic_6346ee10c065ccc051a489a1ecff7695.bundle,俊恩打電話,Say,心の声,2,……,……
scene_day3_scenes_fab_day3_logic_6346ee10c065ccc051a489a1ecff7695.bundle,俊恩打電話,Say,心の声,3,とりあえず、ハックユニットをスイ･ニンたちに渡そう。,"일단, 해킹 유닛을 스이 닝 일행한테 넘기자."
scene_day3_scenes_fab_day3_logic_6346ee10c065ccc051a489a1ecff7695.bundle,俊恩打電話,Say,23,0,電話はいいよ、ジェイ！,"전화는 됐어, 제이!"
scene_day3_scenes_fab_day3_logic_6346ee10c065ccc051a489a1ecff7695.bundle,俊恩打電話,Say,23,1,ロックは開いてるから、そのまま入って。,"잠금은 열려있으니까, 그대로 들어와."
scene_day3_scenes_fab_day3_logic_6346ee10c065ccc051a489a1ecff7695.bundle,俊恩打電話,Say,23,2,サプライズがお待ちかねだよ～,서프라이즈가 기다리고 있다구~
scene_day3_scenes_fab_day3_logic_6346ee10c065ccc051a489a1ecff7695.bundle,俊恩打電話,Say,心の声,4,サプライズって何なんだよ……,서프라이즈라니 뭐야……
scene_day3_scenes_fab_day3_logic_6346ee10c065ccc051a489a1ecff7695.bundle,回車上聽地窖數據結果,Say,リュウセイ･チョウ,0,よっ！ジェイの兄貴！,야! 제이 형!
scene_day3_scenes_fab_day3_logic_6346ee10c065ccc051a489a1ecff7695.bundle,回車上聽地窖數據結果,Branch,#Simple,0,やっと帰ってきたのか？,드디어 돌아온 건가?
scene_day3_scenes_fab_day3_logic_6346ee10c065ccc051a489a1ecff7695.bundle,回車上聽地窖數據結果,Say,リュウセイ･チョウ,1,ハハ、そうっすね。,"하하, 그러네요."
scene_day3_scenes_fab_day3_logic_6346ee10c065ccc051a489a1ecff7695.bundle,回車上聽地窖數據結果,Branch,#Simple,1,やあ。,야.
scene_day3_scenes_fab_day3_logic_6346ee10c065ccc051a489a1ecff7695.bundle,回車上聽地窖數據結果,Branch,#Simple,2,……,……
scene_day3_scenes_fab_day3_logic_6346ee10c065ccc051a489a1ecff7695.bundle,回車上聽地窖數據結果,Say,心の声,0,狭いな……,좁네……
scene_day3_scenes_fab_day3_logic_6346ee10c065ccc051a489a1ecff7695.bundle,回車上聽地窖數據結果,Say,リュウセイ･チョウ,2,狭いっすね！,좁네요!
scene_day3_scenes_fab_day3_logic_6346ee10c065ccc051a489a1ecff7695.bundle,回車上聽地窖數據結果,Say,23,0,ほら言ったでしょ！狭いって！,거 봐 내가 말했잖아! 좁다고!
scene_day3_scenes_fab_day3_logic_6346ee10c065ccc051a489a1ecff7695.bundle,回車上聽地窖數據結果,Say,スイ･ニン,0,うちは貧乏なんだ。,우리는 가난하다.
scene_day3_scenes_fab_day3_logic_6346ee10c065ccc051a489a1ecff7695.bundle,回車上聽地窖數據結果,Say,リン･テイ,0,アハハ……,아하하……
scene_day3_scenes_fab_day3_logic_6346ee10c065ccc051a489a1ecff7695.bundle,回車上聽地窖數據結果,Say,リュウセイ･チョウ,3,あれ、23姉からもう解析は終わったって聞いたっすけど？,"어라, 23호 누나한테 해석 벌써 끝났다고 들었는데요?"
scene_day3_scenes_fab_day3_logic_6346ee10c065ccc051a489a1ecff7695.bundle,回車上聽地窖數據結果,Say,23,1,もうちょっとだって言ったの……,조금만 더 있으면 된다고 말했잖아……
scene_day3_scenes_fab_day3_logic_6346ee10c065ccc051a489a1ecff7695.bundle,回車上聽地窖數據結果,Say,23,2,よしっ！できた！,좋았어! 다 됐다!
scene_day3_scenes_fab_day3_logic_6346ee10c065ccc051a489a1ecff7695.bundle,回車上聽地窖數據結果,Say,23,3,さて、真相はいかに……,"자, 진상은 어떨까……"
scene_day3_scenes_fab_day3_logic_6346ee10c065ccc051a489a1ecff7695.bundle,跟鄭緯說可跟廖哥,Say,イー･テイ,0,リョウさんと行ってくれる？,료 씨랑 같이 가줄래?
scene_day3_scenes_fab_day3_logic_6346ee10c065ccc051a489a1ecff7695.bundle,跟鄭緯說可跟廖哥,Branch,#Simple,0,はい、大丈夫です。,"네, 괜찮습니다."
scene_day3_scenes_fab_day3_logic_6346ee10c065ccc051a489a1ecff7695.bundle,跟鄭緯說可跟廖哥,Say,イー･テイ,1,よかった！,다행이다!
scene_day3_scenes_fab_day3_logic_6346ee10c065ccc051a489a1ecff7695.bundle,跟鄭緯說可跟廖哥,Branch,#Simple,1,もう少し考えさせてください。,조금만 더 생각해보겠습니다.
scene_day3_scenes_fab_day3_logic_6346ee10c065ccc051a489a1ecff7695.bundle,跟鄭緯說可跟廖哥,Say,イー･テイ,2,わかった。,알았어.
scene_day3_scenes_fab_day3_logic_6346ee10c065ccc051a489a1ecff7695.bundle,跟鄭緯說可跟廖哥,Say,イー･テイ,3,今回の仕事は少し特別でね、新しい契約じゃないんだ。,"이번 일은 좀 특별한데, 새로운 계약이 아니야."
scene_day3_scenes_fab_day3_logic_6346ee10c065ccc051a489a1ecff7695.bundle,跟鄭緯說可跟廖哥,Say,イー･テイ,4,当初の予定より早めに演算力供給を終えた人たちへの後続契約の説明なんだ。,당초 예정보다 일찍 연산력 공급을 끝낸 사람들한테 후속 계약을 설명하는 거야.
scene_day3_scenes_fab_day3_logic_6346ee10c065ccc051a489a1ecff7695.bundle,跟鄭緯說可跟廖哥,Say,心の声,0,まだ資料を読んでいないから、何もわからない……,"아직 자료를 안 읽어서, 아무것도 모르겠다……"
scene_day3_scenes_fab_day3_logic_6346ee10c065ccc051a489a1ecff7695.bundle,跟鄭緯說可跟廖哥,Branch,#Simple,2,早めに終えた？,일찍 끝냈다는 게요?
scene_day3_scenes_fab_day3_logic_6346ee10c065ccc051a489a1ecff7695.bundle,跟鄭緯說可跟廖哥,Say,イー･テイ,5,演算力供給中に突然拒絶反応を示す人がいる。,연산력 공급 중에 갑자기 거부 반응을 보이는 사람이 있어.
scene_day3_scenes_fab_day3_logic_6346ee10c065ccc051a489a1ecff7695.bundle,跟鄭緯說可跟廖哥,Say,イー･テイ,6,その場合は早めに切り上げて、契約時の報酬を払うしかないんだ。,"그런 경우엔 일찍 종료하고, 계약 당시 보수를 지급할 수밖에 없어."
scene_day3_scenes_fab_day3_logic_6346ee10c065ccc051a489a1ecff7695.bundle,跟鄭緯說可跟廖哥,Branch,#Simple,3,私は何をすれば？,저는 뭘 하면 되나요?
scene_day3_scenes_fab_day3_logic_6346ee10c065ccc051a489a1ecff7695.bundle,跟鄭緯說可跟廖哥,Say,イー･テイ,7,大丈夫、資料を読んでいないのはわかってるよ。,"괜찮아, 자료 안 읽은 거 알고 있어."
scene_day3_scenes_fab_day3_logic_6346ee10c065ccc051a489a1ecff7695.bundle,跟鄭緯說可跟廖哥,Branch,#Simple,4,……,……
scene_day3_scenes_fab_day3_logic_6346ee10c065ccc051a489a1ecff7695.bundle,跟鄭緯說可跟廖哥,Say,イー･テイ,8,今日はリョウさんが全部やってくれるから、ジェイは黙って隣で見学していればいいよ。,"오늘은 료 씨가 다 해줄 테니까, 제이는 그냥 옆에서 잠자코 견학만 하면 돼."
scene_day3_scenes_fab_day3_logic_6346ee10c065ccc051a489a1ecff7695.bundle,跟鄭緯說可跟廖哥,Say,イー･テイ,9,ジーン、リョウさんは？,"진, 료 씨는?"
scene_day3_scenes_fab_day3_logic_6346ee10c065ccc051a489a1ecff7695.bundle,跟鄭緯說可跟廖哥,Say,ジーン･ヨウ,0,リョウさん？今、下に降りたよ。,"료 씨? 지금, 아래로 내려갔어."
scene_day3_scenes_fab_day3_logic_6346ee10c065ccc051a489a1ecff7695.bundle,跟鄭緯說可跟廖哥,Say,ジーン･ヨウ,1,待てないから、一人で行くって。,"기다릴 수 없다고, 혼자 갔어."
scene_day3_scenes_fab_day3_logic_6346ee10c065ccc051a489a1ecff7695.bundle,跟鄭緯說可跟廖哥,Say,イー･テイ,10,しょうがないな……,어쩔 수 없네……
scene_day3_scenes_fab_day3_logic_6346ee10c065ccc051a489a1ecff7695.bundle,跟鄭緯說可跟廖哥,Say,イー･テイ,11,ジェイ、このまま向かってくれる？まだ始まってないと思うから。,"제이, 이대로 가줄래? 아직 시작 안 했을 거야."
scene_day3_scenes_fab_day3_logic_6346ee10c065ccc051a489a1ecff7695.bundle,跟鄭緯說可跟廖哥,Say,イー･テイ,12,よろしく頼んだよ。,잘 부탁해.
scene_day3_scenes_fab_day3_logic_6346ee10c065ccc051a489a1ecff7695.bundle,跟鄭緯說可跟廖哥,Say,ジーン･ヨウ,2,ゴホン、チーフ。,"흠흠, 팀장님."
scene_day3_scenes_fab_day3_logic_6346ee10c065ccc051a489a1ecff7695.bundle,跟鄭緯說可跟廖哥,Say,イー･テイ,13,……,……
scene_day3_scenes_fab_day3_logic_6346ee10c065ccc051a489a1ecff7695.bundle,跟鄭緯說可跟廖哥,Say,心の声,1,……なんだこの空気は？,"……뭐지, 이 분위기는?"
scene_day3_scenes_fab_day3_logic_6346ee10c065ccc051a489a1ecff7695.bundle,跟鄭緯說可跟廖哥,Say,イー･テイ,14,実はもう一つ頼みがあってね……もうリョウさんには伝えたんだけど……,실은 부탁이 하나 더 있는데……료 씨한테는 이미 말했지만……
scene_day3_scenes_fab_day3_logic_6346ee10c065ccc051a489a1ecff7695.bundle,跟鄭緯說可跟廖哥,Say,イー･テイ,15,リョウさんは供給者に優しすぎて、いつも契約に含まれていない手当を渡してしまうんだ……,"료 씨는 공급자한테 너무 다정해서, 항상 계약에 없는 수당을 주고 마는 거야……"
scene_day3_scenes_fab_day3_logic_6346ee10c065ccc051a489a1ecff7695.bundle,跟鄭緯說可跟廖哥,Say,イー･テイ,16,善意でやっているんだと思うけど、他の予算が圧迫されるから、今回は無しで頼んだんだ。,"선의로 하는 거라고는 생각하지만, 다른 예산이 압박받으니까, 이번엔 없이 해달라고 부탁했어."
scene_day3_scenes_fab_day3_logic_6346ee10c065ccc051a489a1ecff7695.bundle,跟鄭緯說可跟廖哥,Branch,#Simple,5,選別組の予算が足りないんですか？,선별조 예산이 부족한 건가요?
scene_day3_scenes_fab_day3_logic_6346ee10c065ccc051a489a1ecff7695.bundle,跟鄭緯說可跟廖哥,Say,イー･テイ,17,まだ余裕だけど、足りなくなってからじゃもう遅いんだ。,"아직 여유는 있지만, 부족해지고 나서는 이미 늦어."
scene_day3_scenes_fab_day3_logic_6346ee10c065ccc051a489a1ecff7695.bundle,跟鄭緯說可跟廖哥,Branch,#Simple,6,供給者たちを助ける方針だったのでは？,공급자들을 돕는 방침이었던 거 아니었나요?
scene_day3_scenes_fab_day3_logic_6346ee10c065ccc051a489a1ecff7695.bundle,跟鄭緯說可跟廖哥,Say,イー･テイ,18,合理的な範囲内、でね。,"합리적인 범위 내에서, 말이지."
scene_day3_scenes_fab_day3_logic_6346ee10c065ccc051a489a1ecff7695.bundle,跟鄭緯說可跟廖哥,Branch,#Simple,7,……,……
scene_day3_scenes_fab_day3_logic_6346ee10c065ccc051a489a1ecff7695.bundle,跟鄭緯說可跟廖哥,Say,心の声,2,かなり苦い顔をしている。,꽤 씁쓸한 표정을 짓고 있다.
scene_day3_scenes_fab_day3_logic_6346ee10c065ccc051a489a1ecff7695.bundle,跟鄭緯說可跟廖哥,Say,イー･テイ,19,……,……
scene_day3_scenes_fab_day3_logic_6346ee10c065ccc051a489a1ecff7695.bundle,跟鄭緯說可跟廖哥,Say,イー･テイ,20,とにかく、リョウさんが感情的にならないように見ててほしい。,"아무튼, 료 씨가 감정적이 되지 않도록 지켜봐줬으면 해."
scene_day3_scenes_fab_day3_logic_6346ee10c065ccc051a489a1ecff7695.bundle,跟鄭緯說可跟廖哥,Say,イー･テイ,21,もしまた追加の手当を渡そうとしてたら、リョウさんに注意してくれないかな？,"만약 또 추가 수당을 주려고 하면, 료 씨한테 주의 좀 줄 수 있을까?"
scene_day3_scenes_fab_day3_logic_6346ee10c065ccc051a489a1ecff7695.bundle,跟鄭緯說可跟廖哥,Branch,#Simple,8,了解。,알겠습니다.
scene_day3_scenes_fab_day3_logic_6346ee10c065ccc051a489a1ecff7695.bundle,跟鄭緯說可跟廖哥,Say,イー･テイ,22,ありがとうございます。,감사합니다.
scene_day3_scenes_fab_day3_logic_6346ee10c065ccc051a489a1ecff7695.bundle,跟鄭緯說可跟廖哥,Branch,#Simple,9,彼を止めろ、ということですか？,그를 막으라는 얘기인가요?
scene_day3_scenes_fab_day3_logic_6346ee10c065ccc051a489a1ecff7695.bundle,跟鄭緯說可跟廖哥,Say,イー･テイ,23,別にそこまでしろとは言わないけど、ちょっと注意してくれればいいよ。,"딱히 그렇게까지 하라는 건 아니고, 살짝 주의만 줘도 돼."
scene_day3_scenes_fab_day3_logic_6346ee10c065ccc051a489a1ecff7695.bundle,跟鄭緯說可跟廖哥,Say,イー･テイ,24,リョウさんが本当にやり過ぎてたら、僕から話すからさ。,"료 씨가 정말 도가 지나치면, 내가 얘기할 테니까."
scene_day3_scenes_fab_day3_logic_6346ee10c065ccc051a489a1ecff7695.bundle,跟鄭緯說可跟廖哥,Branch,#Simple,10,……,……
scene_day3_scenes_fab_day3_logic_6346ee10c065ccc051a489a1ecff7695.bundle,跟鄭緯說可跟廖哥,Say,イー･テイ,25,リョウさんは契約室の前にいると思うから、もう行ってあげて。,"료 씨는 계약실 앞에 있을 테니까, 이제 가봐줘."
scene_day3_scenes_fab_day3_logic_6346ee10c065ccc051a489a1ecff7695.bundle,到簽約走廊找廖哥,Say,チキョウ･リョウ,0,本当に来たのか？,정말로 온 건가?
scene_day3_scenes_fab_day3_logic_6346ee10c065ccc051a489a1ecff7695.bundle,到簽約走廊找廖哥,Branch,#Simple,0,何か不満ですか？,뭔가 불만이라도 있으세요?
scene_day3_scenes_fab_day3_logic_6346ee10c065ccc051a489a1ecff7695.bundle,到簽約走廊找廖哥,Say,チキョウ･リョウ,1,不満？そんなことはないさ。仕事に新人を連れて行くのは大好きだからな。,불만? 그런 거 없어. 일할 때 신입 데리고 다니는 걸 아주 좋아하니까.
scene_day3_scenes_fab_day3_logic_6346ee10c065ccc051a489a1ecff7695.bundle,到簽約走廊找廖哥,Say,心の声,0,誰も一緒に働きたがらないのがよくわかる。,아무도 같이 일하고 싶어 하지 않는 이유를 잘 알겠다.
scene_day3_scenes_fab_day3_logic_6346ee10c065ccc051a489a1ecff7695.bundle,到簽約走廊找廖哥,Branch,#Simple,1,来ないと思っていましたか？,안 올 거라고 생각하셨어요?
scene_day3_scenes_fab_day3_logic_6346ee10c065ccc051a489a1ecff7695.bundle,到簽約走廊找廖哥,Say,チキョウ･リョウ,2,来てほしくはなかったからな。,안 왔으면 했으니까.
scene_day3_scenes_fab_day3_logic_6346ee10c065ccc051a489a1ecff7695.bundle,到簽約走廊找廖哥,Say,心の声,1,誰も一緒に働きたがらないのがよくわかる。,아무도 같이 일하고 싶어 하지 않는 이유를 잘 알겠다.
scene_day3_scenes_fab_day3_logic_6346ee10c065ccc051a489a1ecff7695.bundle,到簽約走廊找廖哥,Branch,#Simple,2,ああ。,아.
scene_day3_scenes_fab_day3_logic_6346ee10c065ccc051a489a1ecff7695.bundle,到簽約走廊找廖哥,Branch,#Simple,3,……,……
scene_day3_scenes_fab_day3_logic_6346ee10c065ccc051a489a1ecff7695.bundle,到簽約走廊找廖哥,Say,チキョウ･リョウ,3,俺の指示がない限り、契約中は何も話すな。,"내 지시 없이는, 계약 중엔 아무 말도 하지 마."
scene_day3_scenes_fab_day3_logic_6346ee10c065ccc051a489a1ecff7695.bundle,到簽約走廊找廖哥,Say,チキョウ･リョウ,4,見ていればいい。わかったか？,그냥 보고만 있어. 알았나?
scene_day3_scenes_fab_day3_logic_6346ee10c065ccc051a489a1ecff7695.bundle,到簽約走廊找廖哥,Branch,#Simple,4,わかりました。,알겠습니다.
scene_day3_scenes_fab_day3_logic_6346ee10c065ccc051a489a1ecff7695.bundle,到簽約走廊找廖哥,Say,チキョウ･リョウ,5,よし。,좋아.
scene_day3_scenes_fab_day3_logic_6346ee10c065ccc051a489a1ecff7695.bundle,到簽約走廊找廖哥,Branch,#Simple,5,好きにしてください。,마음대로 하세요.
scene_day3_scenes_fab_day3_logic_6346ee10c065ccc051a489a1ecff7695.bundle,到簽約走廊找廖哥,Branch,#Simple,6,それは自分で判断します。,그건 제가 알아서 판단하겠습니다.
scene_day3_scenes_fab_day3_logic_6346ee10c065ccc051a489a1ecff7695.bundle,到簽約走廊找廖哥,Say,チキョウ･リョウ,6,こいつ……,이 자식이……
scene_day3_scenes_fab_day3_logic_6346ee10c065ccc051a489a1ecff7695.bundle,到簽約走廊找廖哥,Say,チキョウ･リョウ,7,フンッ。,흥.
scene_day3_scenes_fab_day3_logic_6346ee10c065ccc051a489a1ecff7695.bundle,到簽約走廊找廖哥,Say,チキョウ･リョウ,8,とりあえず中に入ろう。,일단 안으로 들어가자.
scene_day3_scenes_fab_day3_logic_6346ee10c065ccc051a489a1ecff7695.bundle,跟廖吉興一起簽約,Say,チキョウ･リョウ,0,初めまして、チキョウ･リョウです。,"처음 뵙겠습니다, 치쿄 료입니다."
scene_day3_scenes_fab_day3_logic_6346ee10c065ccc051a489a1ecff7695.bundle,跟廖吉興一起簽約,Branch,#Simple,0,ジェイ･ダイです。,제이 다이입니다.
scene_day3_scenes_fab_day3_logic_6346ee10c065ccc051a489a1ecff7695.bundle,跟廖吉興一起簽約,Branch,#Simple,1,……,……
scene_day3_scenes_fab_day3_logic_6346ee10c065ccc051a489a1ecff7695.bundle,跟廖吉興一起簽約,Say,チキョウ･リョウ,1,どうした？自己紹介もできんのか？,왜 그래? 자기소개도 못 하나?
scene_day3_scenes_fab_day3_logic_6346ee10c065ccc051a489a1ecff7695.bundle,跟廖吉興一起簽約,Say,心の声,0,指示がない限り話すなと言ったのはどこのどいつだ……,지시 없으면 말하지 말라고 한 게 대체 어느 놈이었지……
scene_day3_scenes_fab_day3_logic_6346ee10c065ccc051a489a1ecff7695.bundle,跟廖吉興一起簽約,Branch,#Simple,2,ジェイ･ダイです。,제이 다이입니다.
scene_day3_scenes_fab_day3_logic_6346ee10c065ccc051a489a1ecff7695.bundle,跟廖吉興一起簽約,Branch,#Simple,3,初めまして。どうでもいい新人見学者です。,처음 뵙겠습니다. 있으나 마나 한 신입 견학자입니다.
scene_day3_scenes_fab_day3_logic_6346ee10c065ccc051a489a1ecff7695.bundle,跟廖吉興一起簽約,Say,心の声,1,チキョウがこちらを睨んでいる。,치쿄가 이쪽을 노려보고 있다.
scene_day3_scenes_fab_day3_logic_6346ee10c065ccc051a489a1ecff7695.bundle,跟廖吉興一起簽約,Branch,#Simple,4,指示がなければ話すなと言われたもので。,지시 없으면 말하지 말라고 하셔서요.
scene_day3_scenes_fab_day3_logic_6346ee10c065ccc051a489a1ecff7695.bundle,跟廖吉興一起簽約,Say,チキョウ･リョウ,2,臨機応変に対応できんのか！これだから新人は！,임기응변도 못 하나! 그러니까 신입은 안 된다니까!
scene_day3_scenes_fab_day3_logic_6346ee10c065ccc051a489a1ecff7695.bundle,跟廖吉興一起簽約,Say,チキョウ･リョウ,3,彼は新人のジェイ･ダイです。,이쪽은 신입 제이 다이입니다.
scene_day3_scenes_fab_day3_logic_6346ee10c065ccc051a489a1ecff7695.bundle,跟廖吉興一起簽約,Say,チキョウ･リョウ,4,……,……
scene_day3_scenes_fab_day3_logic_6346ee10c065ccc051a489a1ecff7695.bundle,跟廖吉興一起簽約,Say,心の声,2,この二人、全然喋らないな……,"이 두 사람, 전혀 말을 안 하네……"
scene_day3_scenes_fab_day3_logic_6346ee10c065ccc051a489a1ecff7695.bundle,跟廖吉興一起簽約,Say,心の声,3,特にこの男、嫌な感じがする……,"특히 이 남자, 뭔가 불길한 느낌이……"
scene_day3_scenes_fab_day3_logic_6346ee10c065ccc051a489a1ecff7695.bundle,跟廖吉興一起簽約,Say,チキョウ･リョウ,5,チンさん、事前にお知らせした通り、あなたの旦那様は不良反応により演算力供給を早めに終えました。,"친 씨, 사전에 안내해드린 대로, 남편분은 이상 반응으로 인해 연산력 공급을 조기 종료했습니다."
scene_day3_scenes_fab_day3_logic_6346ee10c065ccc051a489a1ecff7695.bundle,跟廖吉興一起簽約,Say,リツ･チン,0,……金。,……돈.
scene_day3_scenes_fab_day3_logic_6346ee10c065ccc051a489a1ecff7695.bundle,跟廖吉興一起簽約,Say,チキョウ･リョウ,6,はい？もう一度仰っていただけますか？,네? 다시 한번 말씀해주시겠어요?
scene_day3_scenes_fab_day3_logic_6346ee10c065ccc051a489a1ecff7695.bundle,跟廖吉興一起簽約,Say,リツ･チン,1,……金、いくらもらえる。,"……돈, 얼마 받는데."
scene_day3_scenes_fab_day3_logic_6346ee10c065ccc051a489a1ecff7695.bundle,跟廖吉興一起簽約,Say,チキョウ･リョウ,7,えっ？,어?
scene_day3_scenes_fab_day3_logic_6346ee10c065ccc051a489a1ecff7695.bundle,跟廖吉興一起簽約,Say,リツ･チン,2,私たちはいくらもらえるの？,우리는 얼마 받는 거예요?
scene_day3_scenes_fab_day3_logic_6346ee10c065ccc051a489a1ecff7695.bundle,跟廖吉興一起簽約,Say,チキョウ･リョウ,8,金額については送ったはがきに記載した通りです。,금액에 대해서는 보내드린 안내문에 기재된 대로입니다.
scene_day3_scenes_fab_day3_logic_6346ee10c065ccc051a489a1ecff7695.bundle,跟廖吉興一起簽約,Say,リツ･チン,3,……,……
scene_day3_scenes_fab_day3_logic_6346ee10c065ccc051a489a1ecff7695.bundle,跟廖吉興一起簽約,Say,リツ･チン,4,9年……私の夫は9年も苦しみ続けた……,9년……제 남편은 9년이나 계속 고통받았어요……
scene_day3_scenes_fab_day3_logic_6346ee10c065ccc051a489a1ecff7695.bundle,跟廖吉興一起簽約,Say,リツ･チン,5,その最後の1年を、あなたたちの判断で勝手に終わらせ、しかも報酬を半分も減らすって……,"그 마지막 1년을, 당신들 판단으로 멋대로 끝내놓고, 게다가 보수를 절반이나 깎다니……"
scene_day3_scenes_fab_day3_logic_6346ee10c065ccc051a489a1ecff7695.bundle,跟廖吉興一起簽約,Say,デン･ガン,0,ううあが……,으우아가……
scene_day3_scenes_fab_day3_logic_6346ee10c065ccc051a489a1ecff7695.bundle,跟廖吉興一起簽約,Say,心の声,4,この男、何かの障害か……？,"이 남자, 무슨 장애가 있는 건가……?"
scene_day3_scenes_fab_day3_logic_6346ee10c065ccc051a489a1ecff7695.bundle,跟廖吉興一起簽約,Say,リツ･チン,6,彼はこんな状態だから働けもしない。私たちにどう生きろと言うの？,이 사람은 이런 상태라 일도 못 해요. 우리더러 어떻게 살라는 거죠?
scene_day3_scenes_fab_day3_logic_6346ee10c065ccc051a489a1ecff7695.bundle,跟廖吉興一起簽約,Say,チキョウ･リョウ,9,チンさん、この度は誠に申し訳ございません。ですが、我々は契約通りに対処するしかないのです。,"친 씨, 이번 일은 정말 죄송합니다. 하지만, 저희는 계약대로 처리할 수밖에 없습니다."
scene_day3_scenes_fab_day3_logic_6346ee10c065ccc051a489a1ecff7695.bundle,跟廖吉興一起簽約,Say,リツ･チン,7,契約！？契約通りなら、夫をもう1年吊りなさいよ！,"계약!? 계약대로라면, 남편을 1년 더 매달아놨어야죠!"
scene_day3_scenes_fab_day3_logic_6346ee10c065ccc051a489a1ecff7695.bundle,跟廖吉興一起簽約,Say,チキョウ･リョウ,10,不良反応の件は契約に記載されていますので、私たちは……,"이상 반응 건은 계약서에 명기되어 있어서, 저희로서는……"
scene_day3_scenes_fab_day3_logic_6346ee10c065ccc051a489a1ecff7695.bundle,跟廖吉興一起簽約,Say,リツ･チン,8,もういい！今更そんなのどうでもいいのよ！,됐어요! 이제 와서 그런 거 아무래도 상관없다고요!
scene_day3_scenes_fab_day3_logic_6346ee10c065ccc051a489a1ecff7695.bundle,跟廖吉興一起簽約,Say,デン･ガン,1,うがあああ……,우가아아아……
scene_day3_scenes_fab_day3_logic_6346ee10c065ccc051a489a1ecff7695.bundle,跟廖吉興一起簽約,Say,リツ･チン,9,あ、あなた、大丈夫？,"여, 여보, 괜찮아?"
scene_day3_scenes_fab_day3_logic_6346ee10c065ccc051a489a1ecff7695.bundle,跟廖吉興一起簽約,Say,デン･ガン,2,ゴホゴホ……,콜록콜록……
scene_day3_scenes_fab_day3_logic_6346ee10c065ccc051a489a1ecff7695.bundle,跟廖吉興一起簽約,Say,チキョウ･リョウ,11,私たちは……,저희는……
scene_day3_scenes_fab_day3_logic_6346ee10c065ccc051a489a1ecff7695.bundle,跟廖吉興一起簽約,Say,リツ･チン,10,もらえるはずのお金も減ったし、これからは彼の面倒も見なくちゃいけない……,"받을 돈도 줄었고, 앞으로는 이 사람 뒷바라지까지 해야 하는데……"
scene_day3_scenes_fab_day3_logic_6346ee10c065ccc051a489a1ecff7695.bundle,跟廖吉興一起簽約,Say,チキョウ･リョウ,12,チンさん……,친 씨……
scene_day3_scenes_fab_day3_logic_6346ee10c065ccc051a489a1ecff7695.bundle,跟廖吉興一起簽約,Say,リツ･チン,11,もういい！時間の無駄よ！,됐어요! 시간 낭비예요!
scene_day3_scenes_fab_day3_logic_6346ee10c065ccc051a489a1ecff7695.bundle,跟廖吉興一起簽約,Say,リツ･チン,12,このまま帰ればいいんでしょう？そうよね、あなたには何もできないもんね！,"이대로 돌아가면 되는 거죠? 그렇겠죠, 당신은 아무것도 못 하는 사람이니까!"
scene_day3_scenes_fab_day3_logic_6346ee10c065ccc051a489a1ecff7695.bundle,跟廖吉興一起簽約,Say,チキョウ･リョウ,13,わ、私は……,"저, 저는……"
scene_day3_scenes_fab_day3_logic_6346ee10c065ccc051a489a1ecff7695.bundle,跟廖吉興一起簽約,Say,チキョウ･リョウ,14,……手当についてはご存じですか？,……수당에 대해서는 알고 계신가요?
scene_day3_scenes_fab_day3_logic_6346ee10c065ccc051a489a1ecff7695.bundle,跟廖吉興一起簽約,Say,リツ･チン,13,手当？,수당요?
scene_day3_scenes_fab_day3_logic_6346ee10c065ccc051a489a1ecff7695.bundle,跟廖吉興一起簽約,Say,チキョウ･リョウ,15,はい、追加の手当を支給することができます。,"네, 추가 수당을 지급해드릴 수 있습니다."
scene_day3_scenes_fab_day3_logic_6346ee10c065ccc051a489a1ecff7695.bundle,跟廖吉興一起簽約,Say,心の声,5,イー･テイが注意しろと言っていたやつだ……,이 테이가 조심하라고 했던 그거다……
scene_day3_scenes_fab_day3_logic_6346ee10c065ccc051a489a1ecff7695.bundle,跟廖吉興一起簽約,Say,心の声,6,止めるべきか？,막아야 하나?
scene_day3_scenes_fab_day3_logic_6346ee10c065ccc051a489a1ecff7695.bundle,跟廖吉興一起簽約,Say,チキョウ･リョウ,16,こちらにサインをすれば……,여기에 서명하시면……
scene_day3_scenes_fab_day3_logic_6346ee10c065ccc051a489a1ecff7695.bundle,跟廖吉興一起簽約,Branch,#Simple,5,待ってください。その手当はもう支給できなくなっています。,잠시만요. 그 수당은 이제 지급이 안 됩니다.
scene_day3_scenes_fab_day3_logic_6346ee10c065ccc051a489a1ecff7695.bundle,跟廖吉興一起簽約,Say,リツ･チン,14,はぁ！？どういうことなの！？,하아!? 그게 무슨 소리예요!?
scene_day3_scenes_fab_day3_logic_6346ee10c065ccc051a489a1ecff7695.bundle,跟廖吉興一起簽約,Say,チキョウ･リョウ,17,いやいや、彼は新人のため、まだ業務に慣れていないのです。,"아뇨아뇨, 이 친구가 신입이라, 아직 업무에 익숙지 않아서요."
scene_day3_scenes_fab_day3_logic_6346ee10c065ccc051a489a1ecff7695.bundle,跟廖吉興一起簽約,Branch,#Simple,6,リョウさん、これはチーフの指示です。,"료 씨, 이건 팀장님 지시예요."
scene_day3_scenes_fab_day3_logic_6346ee10c065ccc051a489a1ecff7695.bundle,跟廖吉興一起簽約,Say,チキョウ･リョウ,18,この場にチーフはいない。俺の決定がすべてだ。,이 자리에 팀장은 없다. 내 결정이 전부다.
scene_day3_scenes_fab_day3_logic_6346ee10c065ccc051a489a1ecff7695.bundle,跟廖吉興一起簽約,Say,チキョウ･リョウ,19,責任は俺が負う。,책임은 내가 진다.
scene_day3_scenes_fab_day3_logic_6346ee10c065ccc051a489a1ecff7695.bundle,跟廖吉興一起簽約,Branch,#Simple,7,申し訳ございません。私が勘違いをしていたようです。,죄송합니다. 제가 착각했던 모양입니다.
scene_day3_scenes_fab_day3_logic_6346ee10c065ccc051a489a1ecff7695.bundle,跟廖吉興一起簽約,Branch,#Simple,8,……,……
scene_day3_scenes_fab_day3_logic_6346ee10c065ccc051a489a1ecff7695.bundle,跟廖吉興一起簽約,Branch,#Simple,9,……,……
scene_day3_scenes_fab_day3_logic_6346ee10c065ccc051a489a1ecff7695.bundle,跟廖吉興一起簽約,Say,チキョウ･リョウ,20,では、ここにサインを。,"그럼, 여기에 서명을."
scene_day3_scenes_fab_day3_logic_6346ee10c065ccc051a489a1ecff7695.bundle,跟廖吉興一起簽約,Say,リツ･チン,15,で、できました……,"다, 다 했어요……"
scene_day3_scenes_fab_day3_logic_6346ee10c065ccc051a489a1ecff7695.bundle,跟廖吉興一起簽約,Say,チキョウ･リョウ,21,これで、まもなく手当金が振り込まれると思います。,"이걸로, 곧 수당금이 입금될 겁니다."
scene_day3_scenes_fab_day3_logic_6346ee10c065ccc051a489a1ecff7695.bundle,跟廖吉興一起簽約,Say,リツ･チン,16,ほ、本当に……？,"저, 정말로……?"
scene_day3_scenes_fab_day3_logic_6346ee10c065ccc051a489a1ecff7695.bundle,跟廖吉興一起簽約,Say,チキョウ･リョウ,22,はい、約束します。,"네, 약속드립니다."
scene_day3_scenes_fab_day3_logic_6346ee10c065ccc051a489a1ecff7695.bundle,跟廖吉興一起簽約,Say,リツ･チン,17,ありがとう、本当にありがとうございます。,"감사합니다, 정말 감사합니다."
scene_day3_scenes_fab_day3_logic_6346ee10c065ccc051a489a1ecff7695.bundle,跟廖吉興一起簽約,Say,チキョウ･リョウ,23,こちらの手続きは以上です。何かご質問はありますか？,이쪽 절차는 이걸로 끝입니다. 뭔가 질문 있으신가요?
scene_day3_scenes_fab_day3_logic_6346ee10c065ccc051a489a1ecff7695.bundle,跟廖吉興一起簽約,Say,リツ･チン,18,い、行きましょう。,"가, 가요."
scene_day3_scenes_fab_day3_logic_6346ee10c065ccc051a489a1ecff7695.bundle,廖哥被抓後回去找阿緯,Say,タイミン･ソウ,0,本社のやつらは僕たちなんて眼中にないんだ！,본사 놈들은 우리 같은 건 안중에도 없다고요!
scene_day3_scenes_fab_day3_logic_6346ee10c065ccc051a489a1ecff7695.bundle,廖哥被抓後回去找阿緯,Say,タイミン･ソウ,1,リョウさんをこのまま連行させてはだめです！,료 씨를 이대로 연행되게 두면 안 돼요!
scene_day3_scenes_fab_day3_logic_6346ee10c065ccc051a489a1ecff7695.bundle,廖哥被抓後回去找阿緯,Say,イー･テイ,0,わかってるけど……,알고 있지만……
scene_day3_scenes_fab_day3_logic_6346ee10c065ccc051a489a1ecff7695.bundle,廖哥被抓後回去找阿緯,Say,イー･テイ,1,ジェイ、帰って来たんだね。,"제이, 돌아왔구나."
scene_day3_scenes_fab_day3_logic_6346ee10c065ccc051a489a1ecff7695.bundle,廖哥被抓後回去找阿緯,Say,心の声,0,タイミンが怒っている？何かあったのか？,타이밍이 화나 있다? 무슨 일 있었나?
scene_day3_scenes_fab_day3_logic_6346ee10c065ccc051a489a1ecff7695.bundle,廖哥被抓後回去找阿緯,Say,イー･テイ,2,彼らは何て言ってた？,그 사람들이 뭐라고 했어?
scene_day3_scenes_fab_day3_logic_6346ee10c065ccc051a489a1ecff7695.bundle,廖哥被抓後回去找阿緯,Branch,#Simple,0,なんのことですか？,무슨 얘기죠?
scene_day3_scenes_fab_day3_logic_6346ee10c065ccc051a489a1ecff7695.bundle,廖哥被抓後回去找阿緯,Branch,#Simple,1,彼らって誰のことですか？,그 사람들이 누구를 말하는 거예요?
scene_day3_scenes_fab_day3_logic_6346ee10c065ccc051a489a1ecff7695.bundle,廖哥被抓後回去找阿緯,Branch,#Simple,2,……,……
scene_day3_scenes_fab_day3_logic_6346ee10c065ccc051a489a1ecff7695.bundle,廖哥被抓後回去找阿緯,Say,イー･テイ,3,捜査員がリョウさんを連行する時に何か言ってなかった？,수사관이 료 씨를 연행할 때 뭔가 말하지 않았어?
scene_day3_scenes_fab_day3_logic_6346ee10c065ccc051a489a1ecff7695.bundle,廖哥被抓後回去找阿緯,Branch,#Simple,3,リョウさんに自分が何をしたのか、わかっているでしょうと言ってました。,"료 씨한테 본인이 뭘 했는지, 알고 있을 거라고 말했었어요."
scene_day3_scenes_fab_day3_logic_6346ee10c065ccc051a489a1ecff7695.bundle,廖哥被抓後回去找阿緯,Branch,#Simple,4,誰かがリョウさんを不満に思っていると言ってました。,누군가 료 씨한테 불만을 갖고 있다고 말했었어요.
scene_day3_scenes_fab_day3_logic_6346ee10c065ccc051a489a1ecff7695.bundle,廖哥被抓後回去找阿緯,Say,タイミン･ソウ,2,……なに？,……뭐?
scene_day3_scenes_fab_day3_logic_6346ee10c065ccc051a489a1ecff7695.bundle,廖哥被抓後回去找阿緯,Say,イー･テイ,4,それだけ？マネージャーについては何も言ってなかったの？,그것뿐이야? 매니저에 대해서는 아무 말도 없었어?
scene_day3_scenes_fab_day3_logic_6346ee10c065ccc051a489a1ecff7695.bundle,廖哥被抓後回去找阿緯,Branch,#Simple,5,はい、私が知る限りでは。,"네, 제가 아는 한은요."
scene_day3_scenes_fab_day3_logic_6346ee10c065ccc051a489a1ecff7695.bundle,廖哥被抓後回去找阿緯,Branch,#Simple,6,何か言ってた方が良かったんですか？,뭔가 말했어야 좋았던 건가요?
scene_day3_scenes_fab_day3_logic_6346ee10c065ccc051a489a1ecff7695.bundle,廖哥被抓後回去找阿緯,Say,イー･テイ,5,……,……
scene_day3_scenes_fab_day3_logic_6346ee10c065ccc051a489a1ecff7695.bundle,廖哥被抓後回去找阿緯,Say,イー･テイ,6,さっき捜査員からリョウさんを連行するって通知が来たんだ。,아까 수사관한테서 료 씨를 연행한다는 통지가 왔었어.
scene_day3_scenes_fab_day3_logic_6346ee10c065ccc051a489a1ecff7695.bundle,廖哥被抓後回去找阿緯,Say,イー･テイ,7,連行の理由はイファマネージャーの情報漏洩の件への加担だと言っていた。,연행 이유는 이화 매니저 정보 유출 건에 가담했기 때문이라고 했어.
scene_day3_scenes_fab_day3_logic_6346ee10c065ccc051a489a1ecff7695.bundle,廖哥被抓後回去找阿緯,Say,心の声,1,連行されたのはそれが理由だったのか！,연행된 게 그 이유였구나!
scene_day3_scenes_fab_day3_logic_6346ee10c065ccc051a489a1ecff7695.bundle,廖哥被抓後回去找阿緯,Say,心の声,2,まさか、チキョウもイファの調査に関与していたのだろうか？,"설마, 치쿄도 이화 조사에 관여했던 걸까?"
scene_day3_scenes_fab_day3_logic_6346ee10c065ccc051a489a1ecff7695.bundle,廖哥被抓後回去找阿緯,Say,心の声,3,でもスイ･ニンたちはチキョウについて何も言っていなかったはずだ……,근데 스이닝 일행은 치쿄에 대해 아무 말도 안 했었는데……
scene_day3_scenes_fab_day3_logic_6346ee10c065ccc051a489a1ecff7695.bundle,廖哥被抓後回去找阿緯,Say,タイミン･ソウ,3,イーちゃん、彼らがサイレントに来てもう二日が経過しています。,"이짱, 그 사람들이 사일런트에 온 지 벌써 이틀이 지났어요."
scene_day3_scenes_fab_day3_logic_6346ee10c065ccc051a489a1ecff7695.bundle,廖哥被抓後回去找阿緯,Say,タイミン･ソウ,4,加えてこんなことまで起きて、皆が怖がっています……,"게다가 이런 일까지 일어나서, 다들 무서워하고 있어요……"
scene_day3_scenes_fab_day3_logic_6346ee10c065ccc051a489a1ecff7695.bundle,廖哥被抓後回去找阿緯,Say,イー･テイ,8,……,……
scene_day3_scenes_fab_day3_logic_6346ee10c065ccc051a489a1ecff7695.bundle,廖哥被抓後回去找阿緯,Say,イー･テイ,9,わかってる。,알고 있어.
scene_day3_scenes_fab_day3_logic_6346ee10c065ccc051a489a1ecff7695.bundle,廖哥被抓後回去找阿緯,Say,イー･テイ,10,こっちもなるべく早く情報を集めるしかないね。,이쪽도 최대한 빨리 정보를 모을 수밖에 없겠네.
scene_day3_scenes_fab_day3_logic_6346ee10c065ccc051a489a1ecff7695.bundle,廖哥被抓後回去找阿緯,Say,イー･テイ,11,本社がリョウさんを連行したのは別の目的であって、マネージャーとの関与はただの言い訳だと思う。,"본사가 료 씨를 연행한 건 다른 목적 때문이고, 매니저 관여는 그냥 핑계라고 생각해."
scene_day3_scenes_fab_day3_logic_6346ee10c065ccc051a489a1ecff7695.bundle,廖哥被抓後回去找阿緯,Say,タイミン･ソウ,5,ジェイもそう言っていたし、他の理由がありそうですね……,"제이도 그렇게 말했었고, 다른 이유가 있을 것 같네요……"
scene_day3_scenes_fab_day3_logic_6346ee10c065ccc051a489a1ecff7695.bundle,廖哥被抓後回去找阿緯,Branch,#Simple,7,私もそう思います。,저도 그렇게 생각해요.
scene_day3_scenes_fab_day3_logic_6346ee10c065ccc051a489a1ecff7695.bundle,廖哥被抓後回去找阿緯,Say,イー･テイ,12,どうしてそう思うの？,왜 그렇게 생각하는데?
scene_day3_scenes_fab_day3_logic_6346ee10c065ccc051a489a1ecff7695.bundle,廖哥被抓後回去找阿緯,Branch,#Simple,8,リョウさんがそんなものに加担するようには見えません。,료 씨가 그런 일에 가담할 사람으로는 안 보여요.
scene_day3_scenes_fab_day3_logic_6346ee10c065ccc051a489a1ecff7695.bundle,廖哥被抓後回去找阿緯,Say,タイミン･ソウ,6,その通りです。,맞아요.
scene_day3_scenes_fab_day3_logic_6346ee10c065ccc051a489a1ecff7695.bundle,廖哥被抓後回去找阿緯,Branch,#Simple,9,捜査員がイファマネージャーの件について何も言及していなかったからです。,수사관이 이화 매니저 건에 대해서 아무 언급도 안 했었으니까요.
scene_day3_scenes_fab_day3_logic_6346ee10c065ccc051a489a1ecff7695.bundle,廖哥被抓後回去找阿緯,Say,タイミン･ソウ,7,確かに、おかしいですね。,"확실히, 이상하네요."
scene_day3_scenes_fab_day3_logic_6346ee10c065ccc051a489a1ecff7695.bundle,廖哥被抓後回去找阿緯,Branch,#Simple,10,どうしてそう思うんです？,왜 그렇게 생각하시는 거예요?
scene_day3_scenes_fab_day3_logic_6346ee10c065ccc051a489a1ecff7695.bundle,廖哥被抓後回去找阿緯,Say,タイミン･ソウ,8,僕たちを調べもせず、リョウさんだけを連行するなんて、そもそもおかしいからです。,"우리를 조사도 안 하고, 료 씨만 연행하는 것부터가, 애초에 이상하니까요."
scene_day3_scenes_fab_day3_logic_6346ee10c065ccc051a489a1ecff7695.bundle,廖哥被抓後回去找阿緯,Say,タイミン･ソウ,9,マネージャーの件はただの建前で、最初からリョウさんを狙っていたと思います。,"매니저 건은 그냥 명분이고, 처음부터 료 씨를 노리고 있었던 거라고 생각해요."
scene_day3_scenes_fab_day3_logic_6346ee10c065ccc051a489a1ecff7695.bundle,廖哥被抓後回去找阿緯,Branch,#Simple,11,……,……
scene_day3_scenes_fab_day3_logic_6346ee10c065ccc051a489a1ecff7695.bundle,廖哥被抓後回去找阿緯,Say,タイミン･ソウ,10,イーちゃん、どうしますか？,"이짱, 어떻게 할 거예요?"
scene_day3_scenes_fab_day3_logic_6346ee10c065ccc051a489a1ecff7695.bundle,廖哥被抓後回去找阿緯,Say,タイミン･ソウ,11,僕たちはこれからどうすれば……,우리는 앞으로 어떻게 해야……
scene_day3_scenes_fab_day3_logic_6346ee10c065ccc051a489a1ecff7695.bundle,廖哥被抓後回去找阿緯,Say,イー･テイ,13,……,……
scene_day3_scenes_fab_day3_logic_6346ee10c065ccc051a489a1ecff7695.bundle,廖哥被抓後回去找阿緯,Say,イー･テイ,14,ジェイ、もしかしてリョウさんはまた供給者に契約外の手当を支給した？,"제이, 혹시 료 씨가 또 공급자한테 계약 외 수당을 지급했어?"
scene_day3_scenes_fab_day3_logic_6346ee10c065ccc051a489a1ecff7695.bundle,廖哥被抓後回去找阿緯,Say,タイミン･ソウ,12,今はそんなこと、どうでもいいでしょう？,"지금은 그런 게, 아무래도 상관없잖아요?"
scene_day3_scenes_fab_day3_logic_6346ee10c065ccc051a489a1ecff7695.bundle,廖哥被抓後回去找阿緯,Say,イー･テイ,15,どうなんだ？,어떻게 된 거야?
scene_day3_scenes_fab_day3_logic_6346ee10c065ccc051a489a1ecff7695.bundle,廖哥被抓後回去找阿緯,Branch,#Simple,12,支給しました。,지급했어요.
scene_day3_scenes_fab_day3_logic_6346ee10c065ccc051a489a1ecff7695.bundle,廖哥被抓後回去找阿緯,Say,イー･テイ,16,そう……,그렇구나……
scene_day3_scenes_fab_day3_logic_6346ee10c065ccc051a489a1ecff7695.bundle,廖哥被抓後回去找阿緯,Branch,#Simple,13,支給していません。,지급 안 했어요.
scene_day3_scenes_fab_day3_logic_6346ee10c065ccc051a489a1ecff7695.bundle,廖哥被抓後回去找阿緯,Say,イー･テイ,17,ジェイ、こんな時に嘘はやめてくれ。,"제이, 이럴 때 거짓말은 하지 마."
scene_day3_scenes_fab_day3_logic_6346ee10c065ccc051a489a1ecff7695.bundle,廖哥被抓後回去找阿緯,Say,心の声,4,今までにないくらい鋭い眼差しだ……,지금껏 본 적 없을 만큼 날카로운 눈빛이다……
scene_day3_scenes_fab_day3_logic_6346ee10c065ccc051a489a1ecff7695.bundle,廖哥被抓後回去找阿緯,Say,イー･テイ,18,偽ってもリョウさんのためにはならない。むしろ逆だ。,속여봤자 료 씨한테 도움이 안 돼. 오히려 반대야.
scene_day3_scenes_fab_day3_logic_6346ee10c065ccc051a489a1ecff7695.bundle,廖哥被抓後回去找阿緯,Say,イー･テイ,19,もう一度聞くよ。リョウさんは契約外の手当を支給した？,다시 한번 물을게. 료 씨는 계약 외 수당을 지급했어?
scene_day3_scenes_fab_day3_logic_6346ee10c065ccc051a489a1ecff7695.bundle,廖哥被抓後回去找阿緯,Branch,#Simple,14,はい。,네.
scene_day3_scenes_fab_day3_logic_6346ee10c065ccc051a489a1ecff7695.bundle,廖哥被抓後回去找阿緯,Branch,#Simple,15,本当に支給していません。,정말로 지급 안 했어요.
scene_day3_scenes_fab_day3_logic_6346ee10c065ccc051a489a1ecff7695.bundle,廖哥被抓後回去找阿緯,Say,イー･テイ,20,そうですか……,그런가요……
scene_day3_scenes_fab_day3_logic_6346ee10c065ccc051a489a1ecff7695.bundle,廖哥被抓後回去找阿緯,Say,タイミン･ソウ,13,イーちゃん……？,이짱……?
scene_day3_scenes_fab_day3_logic_6346ee10c065ccc051a489a1ecff7695.bundle,廖哥被抓後回去找阿緯,Say,イー･テイ,21,なら、契約室で何か起きなかった？,"그럼, 계약실에서 무슨 일 없었어?"
scene_day3_scenes_fab_day3_logic_6346ee10c065ccc051a489a1ecff7695.bundle,廖哥被抓後回去找阿緯,Branch,#Simple,16,私の知る限りでは、ありません。,"제가 아는 한은, 없었어요."
scene_day3_scenes_fab_day3_logic_6346ee10c065ccc051a489a1ecff7695.bundle,廖哥被抓後回去找阿緯,Say,イー･テイ,22,了解。,알겠습니다.
scene_day3_scenes_fab_day3_logic_6346ee10c065ccc051a489a1ecff7695.bundle,廖哥被抓後回去找阿緯,Branch,#Simple,17,彼は電話をかけました。,그 사람은 전화를 걸었어요.
scene_day3_scenes_fab_day3_logic_6346ee10c065ccc051a489a1ecff7695.bundle,廖哥被抓後回去找阿緯,Say,イー･テイ,23,電話相手は？,통화 상대는?
scene_day3_scenes_fab_day3_logic_6346ee10c065ccc051a489a1ecff7695.bundle,廖哥被抓後回去找阿緯,Branch,#Simple,18,わかりません。,모르겠어요.
scene_day3_scenes_fab_day3_logic_6346ee10c065ccc051a489a1ecff7695.bundle,廖哥被抓後回去找阿緯,Branch,#Simple,19,彼より立場が上の人だと思います。,그 사람보다 지위가 위인 사람인 것 같아요.
scene_day3_scenes_fab_day3_logic_6346ee10c065ccc051a489a1ecff7695.bundle,廖哥被抓後回去找阿緯,Say,イー･テイ,24,名前とか言ってない？,이름 같은 거 말 안 했어?
scene_day3_scenes_fab_day3_logic_6346ee10c065ccc051a489a1ecff7695.bundle,廖哥被抓後回去找阿緯,Say,心の声,5,兄貴と言っていましたが、名前までは……,"형님이라고 했었는데, 이름까지는……"
scene_day3_scenes_fab_day3_logic_6346ee10c065ccc051a489a1ecff7695.bundle,廖哥被抓後回去找阿緯,Branch,#Simple,20,詳しくは覚えていませんが、兄貴と言っていました。,"자세히는 기억 안 나는데, 형님이라고 했었어요."
scene_day3_scenes_fab_day3_logic_6346ee10c065ccc051a489a1ecff7695.bundle,廖哥被抓後回去找阿緯,Say,イー･テイ,25,つまり、男なんだね。,"그러니까, 남자였구나."
scene_day3_scenes_fab_day3_logic_6346ee10c065ccc051a489a1ecff7695.bundle,廖哥被抓後回去找阿緯,Branch,#Simple,21,ラの兄貴です。,라 형님입니다.
scene_day3_scenes_fab_day3_logic_6346ee10c065ccc051a489a1ecff7695.bundle,廖哥被抓後回去找阿緯,Branch,#Simple,22,チンの兄貴です。,친 형님입니다.
scene_day3_scenes_fab_day3_logic_6346ee10c065ccc051a489a1ecff7695.bundle,廖哥被抓後回去找阿緯,Branch,#Simple,23,リーの兄貴です。,리 형님입니다.
scene_day3_scenes_fab_day3_logic_6346ee10c065ccc051a489a1ecff7695.bundle,廖哥被抓後回去找阿緯,Say,イー･テイ,26,わかった。,알았어.
scene_day3_scenes_fab_day3_logic_6346ee10c065ccc051a489a1ecff7695.bundle,廖哥被抓後回去找阿緯,Say,イー･テイ,27,他に変なことは？,그 외에 이상한 건?
scene_day3_scenes_fab_day3_logic_6346ee10c065ccc051a489a1ecff7695.bundle,廖哥被抓後回去找阿緯,Branch,#Simple,24,途中でジーンが状況を確認しに来ました。,중간에 진이 상황을 확인하러 왔었어요.
scene_day3_scenes_fab_day3_logic_6346ee10c065ccc051a489a1ecff7695.bundle,廖哥被抓後回去找阿緯,Say,イー･テイ,28,ジーン？どうして？,진? 왜?
scene_day3_scenes_fab_day3_logic_6346ee10c065ccc051a489a1ecff7695.bundle,廖哥被抓後回去找阿緯,Branch,#Simple,25,心配だからって言ってました。,걱정돼서 그랬다고 했었어요.
scene_day3_scenes_fab_day3_logic_6346ee10c065ccc051a489a1ecff7695.bundle,廖哥被抓後回去找阿緯,Branch,#Simple,26,チーフが頼んだんじゃないんですか？,팀장님이 부탁하신 거 아니었어요?
scene_day3_scenes_fab_day3_logic_6346ee10c065ccc051a489a1ecff7695.bundle,廖哥被抓後回去找阿緯,Say,イー･テイ,29,僕は頼んでいない……,나는 부탁 안 했는데……
scene_day3_scenes_fab_day3_logic_6346ee10c065ccc051a489a1ecff7695.bundle,廖哥被抓後回去找阿緯,Say,イー･テイ,30,とりあえず、彼女に確認する。,"일단, 그쪽한테 확인해볼게."
scene_day3_scenes_fab_day3_logic_6346ee10c065ccc051a489a1ecff7695.bundle,廖哥被抓後回去找阿緯,Branch,#Simple,27,……,……
scene_day3_scenes_fab_day3_logic_6346ee10c065ccc051a489a1ecff7695.bundle,廖哥被抓後回去找阿緯,Say,タイミン･ソウ,14,イーちゃん、今の質問は何です？,"이짱, 방금 질문은 뭐예요?"
scene_day3_scenes_fab_day3_logic_6346ee10c065ccc051a489a1ecff7695.bundle,廖哥被抓後回去找阿緯,Say,イー･テイ,31,なるべく情報を集めて、何が起きているのかを知るためだよ……,"최대한 정보를 모아서, 무슨 일이 일어나고 있는지 알기 위해서야……"
scene_day3_scenes_fab_day3_logic_6346ee10c065ccc051a489a1ecff7695.bundle,廖哥被抓後回去找阿緯,Branch,#Simple,28,何かわかったんですか？,뭔가 알아내셨어요?
scene_day3_scenes_fab_day3_logic_6346ee10c065ccc051a489a1ecff7695.bundle,廖哥被抓後回去找阿緯,Branch,#Simple,29,質問は役に立ちましたか？,질문이 도움이 됐나요?
scene_day3_scenes_fab_day3_logic_6346ee10c065ccc051a489a1ecff7695.bundle,廖哥被抓後回去找阿緯,Branch,#Simple,30,……,……
scene_day3_scenes_fab_day3_logic_6346ee10c065ccc051a489a1ecff7695.bundle,廖哥被抓後回去找阿緯,Say,イー･テイ,32,今はとにかく考える時間が必要だ。それに他の人からも話を聞かないと……,지금은 아무튼 생각할 시간이 필요해. 게다가 다른 사람한테서도 얘기를 들어봐야……
scene_day3_scenes_fab_day3_logic_6346ee10c065ccc051a489a1ecff7695.bundle,廖哥被抓後回去找阿緯,Say,イー･テイ,33,そうだ……,맞아……
scene_day3_scenes_fab_day3_logic_6346ee10c065ccc051a489a1ecff7695.bundle,廖哥被抓後回去找阿緯,Say,心の声,6,急にパソコンを睨み始めた。,갑자기 컴퓨터를 노려보기 시작했다.
scene_day3_scenes_fab_day3_logic_6346ee10c065ccc051a489a1ecff7695.bundle,廖哥被抓後回去找阿緯,Say,イー･テイ,34,……,……
scene_day3_scenes_fab_day3_logic_6346ee10c065ccc051a489a1ecff7695.bundle,廖哥被抓後回去找阿緯,Say,イー･テイ,35,ジェイ、君はリョウさんを連行した人を見たよね？,"제이, 너는 료 씨를 연행한 사람을 봤지?"
scene_day3_scenes_fab_day3_logic_6346ee10c065ccc051a489a1ecff7695.bundle,廖哥被抓後回去找阿緯,Branch,#Simple,31,どうしました？,무슨 일이세요?
scene_day3_scenes_fab_day3_logic_6346ee10c065ccc051a489a1ecff7695.bundle,廖哥被抓後回去找阿緯,Branch,#Simple,32,はい、痩せた背の高い男です。,"네, 마르고 키 큰 남자였어요."
scene_day3_scenes_fab_day3_logic_6346ee10c065ccc051a489a1ecff7695.bundle,廖哥被抓後回去找阿緯,Say,イー･テイ,36,その男の正体を調べてほしい。,그 남자 정체를 조사해줬으면 해.
scene_day3_scenes_fab_day3_logic_6346ee10c065ccc051a489a1ecff7695.bundle,廖哥被抓後回去找阿緯,Say,心の声,7,……どうしてそんなことを？,……왜 그런 걸?
scene_day3_scenes_fab_day3_logic_6346ee10c065ccc051a489a1ecff7695.bundle,廖哥被抓後回去找阿緯,Branch,#Simple,33,どうやって調べるんです？,어떻게 조사하는 거예요?
scene_day3_scenes_fab_day3_logic_6346ee10c065ccc051a489a1ecff7695.bundle,廖哥被抓後回去找阿緯,Say,イー･テイ,37,工場で調査をしている他の捜査員に聞けば誰か知っているはずだ。,공장에서 조사하고 있는 다른 수사관한테 물어보면 누군가는 알고 있을 거야.
scene_day3_scenes_fab_day3_logic_6346ee10c065ccc051a489a1ecff7695.bundle,廖哥被抓後回去找阿緯,Branch,#Simple,34,どうしてそんなことを？,왜 그런 걸?
scene_day3_scenes_fab_day3_logic_6346ee10c065ccc051a489a1ecff7695.bundle,廖哥被抓後回去找阿緯,Say,タイミン･ソウ,15,その捜査員の正体が重要なんですか？,그 수사관 정체가 중요한 건가요?
scene_day3_scenes_fab_day3_logic_6346ee10c065ccc051a489a1ecff7695.bundle,廖哥被抓後回去找阿緯,Branch,#Simple,35,任せてください。,맡겨주세요.
scene_day3_scenes_fab_day3_logic_6346ee10c065ccc051a489a1ecff7695.bundle,廖哥被抓後回去找阿緯,Say,イー･テイ,38,ありがとうございます。,감사합니다.
scene_day3_scenes_fab_day3_logic_6346ee10c065ccc051a489a1ecff7695.bundle,廖哥被抓後回去找阿緯,Branch,#Simple,36,……,……
scene_day3_scenes_fab_day3_logic_6346ee10c065ccc051a489a1ecff7695.bundle,廖哥被抓後回去找阿緯,Say,タイミン･ソウ,16,待って、イーちゃん。その捜査員の正体が重要なんですか？,"잠깐, 이짱. 그 수사관 정체가 중요한 거예요?"
scene_day3_scenes_fab_day3_logic_6346ee10c065ccc051a489a1ecff7695.bundle,廖哥被抓後回去找阿緯,Say,イー･テイ,39,リョウさんが連行された時、僕はすぐにマネージャーの件を調査している捜査員のリーダーに連絡したんだ。,"료 씨가 연행됐을 때, 나는 바로 매니저 건을 조사하는 수사관들 리더한테 연락했었어."
scene_day3_scenes_fab_day3_logic_6346ee10c065ccc051a489a1ecff7695.bundle,廖哥被抓後回去找阿緯,Say,心の声,8,リーダー？メイ･ジョのことか？,리더? 메이 조 얘긴가?
scene_day3_scenes_fab_day3_logic_6346ee10c065ccc051a489a1ecff7695.bundle,廖哥被抓後回去找阿緯,Say,イー･テイ,40,その彼女が言うには、リョウさんの件については何も知らないらしい。,"그 여자 말로는, 료 씨 건에 대해서는 아무것도 모른다더군."
scene_day3_scenes_fab_day3_logic_6346ee10c065ccc051a489a1ecff7695.bundle,廖哥被抓後回去找阿緯,Say,タイミン･ソウ,17,じゃあ、一体誰がリョウさんを？,"그럼, 대체 누가 료 씨를?"
scene_day3_scenes_fab_day3_logic_6346ee10c065ccc051a489a1ecff7695.bundle,廖哥被抓後回去找阿緯,Say,イー･テイ,41,彼女も知らないらしいが、僕に教えたくないだけの可能性もある。,"그 여자도 모른다는 것 같은데, 나한테 알려주고 싶지 않을 뿐일 가능성도 있어."
scene_day3_scenes_fab_day3_logic_6346ee10c065ccc051a489a1ecff7695.bundle,廖哥被抓後回去找阿緯,Say,イー･テイ,42,どうであれ、リョウさんを連行した捜査員は彼女の部下でないことは確かだ。,"어쨌든, 료 씨를 연행한 수사관은 그 여자 부하가 아닌 건 확실해."
scene_day3_scenes_fab_day3_logic_6346ee10c065ccc051a489a1ecff7695.bundle,廖哥被抓後回去找阿緯,Say,イー･テイ,43,つまり、彼女より立場が上の誰かがリョウさんを連行したということだ。,"즉, 그 여자보다 지위가 높은 누군가가 료 씨를 연행했다는 거야."
scene_day3_scenes_fab_day3_logic_6346ee10c065ccc051a489a1ecff7695.bundle,廖哥被抓後回去找阿緯,Say,タイミン･ソウ,18,それは……,그건……
scene_day3_scenes_fab_day3_logic_6346ee10c065ccc051a489a1ecff7695.bundle,廖哥被抓後回去找阿緯,Say,イー･テイ,44,僕たちの推測は正しかったのかもしれない。本社の誰かが個人的な目的でリョウさんを連行したんだ。,우리 추측이 맞았을지도 몰라. 본사의 누군가가 개인적인 목적으로 료 씨를 연행한 거야.
scene_day3_scenes_fab_day3_logic_6346ee10c065ccc051a489a1ecff7695.bundle,廖哥被抓後回去找阿緯,Say,イー･テイ,45,だから一刻も早く、そいつの正体を突き止める必要がある。,"그러니까 한시라도 빨리, 그놈 정체를 밝혀내야 해."
scene_day3_scenes_fab_day3_logic_6346ee10c065ccc051a489a1ecff7695.bundle,廖哥被抓後回去找阿緯,Say,イー･テイ,46,だからジェイにあの捜査員の正体を調べてほしいんだ。,그래서 제이한테 그 수사관 정체를 조사해줬으면 하는 거야.
scene_day3_scenes_fab_day3_logic_6346ee10c065ccc051a489a1ecff7695.bundle,廖哥被抓後回去找阿緯,Branch,#Simple,37,彼の名前を知っています。,그 사람 이름을 알고 있어요.
scene_day3_scenes_fab_day3_logic_6346ee10c065ccc051a489a1ecff7695.bundle,廖哥被抓後回去找阿緯,Say,イー･テイ,47,そうなの？何て名前？,그래? 이름이 뭔데?
scene_day3_scenes_fab_day3_logic_6346ee10c065ccc051a489a1ecff7695.bundle,廖哥被抓後回去找阿緯,Say,心の声,9,俺は知っているのか……？,내가 알고 있는 건가……?
scene_day3_scenes_fab_day3_logic_6346ee10c065ccc051a489a1ecff7695.bundle,廖哥被抓後回去找阿緯,Branch,#Simple,38,エン･シュウです。,엔 슈입니다.
scene_day3_scenes_fab_day3_logic_6346ee10c065ccc051a489a1ecff7695.bundle,廖哥被抓後回去找阿緯,Branch,#Simple,39,ロク･シュウです。,로쿠 슈입니다.
scene_day3_scenes_fab_day3_logic_6346ee10c065ccc051a489a1ecff7695.bundle,廖哥被抓後回去找阿緯,Branch,#Simple,40,テイ･シュウです。,테이 슈입니다.
scene_day3_scenes_fab_day3_logic_6346ee10c065ccc051a489a1ecff7695.bundle,廖哥被抓後回去找阿緯,Branch,#Simple,41,ラク･シュウです。,라쿠 슈입니다.
scene_day3_scenes_fab_day3_logic_6346ee10c065ccc051a489a1ecff7695.bundle,廖哥被抓後回去找阿緯,Say,イー･テイ,48,……知らない人だな。,……모르는 사람이네.
scene_day3_scenes_fab_day3_logic_6346ee10c065ccc051a489a1ecff7695.bundle,廖哥被抓後回去找阿緯,Say,タイミン･ソウ,19,僕もです。,저도요.
scene_day3_scenes_fab_day3_logic_6346ee10c065ccc051a489a1ecff7695.bundle,廖哥被抓後回去找阿緯,Say,イー･テイ,49,どこで知ったの？,어디서 안 거야?
scene_day3_scenes_fab_day3_logic_6346ee10c065ccc051a489a1ecff7695.bundle,廖哥被抓後回去找阿緯,Say,心の声,10,俺は……どこでそいつの名前を知ったんだ？,나는……어디서 그놈 이름을 안 거지?
scene_day3_scenes_fab_day3_logic_6346ee10c065ccc051a489a1ecff7695.bundle,廖哥被抓後回去找阿緯,Branch,#Simple,42,わからないけど、わかるんです。,"모르겠지만, 알아요."
scene_day3_scenes_fab_day3_logic_6346ee10c065ccc051a489a1ecff7695.bundle,廖哥被抓後回去找阿緯,Say,タイミン･ソウ,20,何かの早口言葉ですか？,무슨 잰말놀이예요?
scene_day3_scenes_fab_day3_logic_6346ee10c065ccc051a489a1ecff7695.bundle,廖哥被抓後回去找阿緯,Say,イー･テイ,50,ジェイ、今は冗談をやめてくれ。,"제이, 지금은 농담 좀 그만해."
scene_day3_scenes_fab_day3_logic_6346ee10c065ccc051a489a1ecff7695.bundle,廖哥被抓後回去找阿緯,Say,心の声,11,えっと……,그게……
scene_day3_scenes_fab_day3_logic_6346ee10c065ccc051a489a1ecff7695.bundle,廖哥被抓後回去找阿緯,Say,イー･テイ,51,僕たちはこいつの正体を知る必要がある。,우리는 이놈 정체를 알아야 해.
scene_day3_scenes_fab_day3_logic_6346ee10c065ccc051a489a1ecff7695.bundle,廖哥被抓後回去找阿緯,Branch,#Simple,43,身につけていた名札を見ました。,몸에 달고 있던 명찰을 봤어요.
scene_day3_scenes_fab_day3_logic_6346ee10c065ccc051a489a1ecff7695.bundle,廖哥被抓後回去找阿緯,Say,心の声,12,違う、彼は名札なんてつけていなかった。なぜ俺はこんな嘘を！？,"아니야, 그놈은 명찰 같은 거 안 달고 있었어. 나는 왜 이런 거짓말을!?"
scene_day3_scenes_fab_day3_logic_6346ee10c065ccc051a489a1ecff7695.bundle,廖哥被抓後回去找阿緯,Say,タイミン･ソウ,21,そうなんですか！,그랬군요!
scene_day3_scenes_fab_day3_logic_6346ee10c065ccc051a489a1ecff7695.bundle,廖哥被抓後回去找阿緯,Say,イー･テイ,52,調べてみよう。,조사해보자.
scene_day3_scenes_fab_day3_logic_6346ee10c065ccc051a489a1ecff7695.bundle,廖哥被抓後回去找阿緯,Say,イー･テイ,53,……,……
scene_day3_scenes_fab_day3_logic_6346ee10c065ccc051a489a1ecff7695.bundle,廖哥被抓後回去找阿緯,Say,イー･テイ,54,だめだ。何もない。,안 되겠다. 아무것도 없어.
scene_day3_scenes_fab_day3_logic_6346ee10c065ccc051a489a1ecff7695.bundle,廖哥被抓後回去找阿緯,Say,イー･テイ,55,もっとそいつに関する情報を集めないと。,그놈에 관한 정보를 더 모아야겠어.
scene_day3_scenes_fab_day3_logic_6346ee10c065ccc051a489a1ecff7695.bundle,廖哥被抓後回去找阿緯,Branch,#Simple,44,……,……
scene_day3_scenes_fab_day3_logic_6346ee10c065ccc051a489a1ecff7695.bundle,廖哥被抓後回去找阿緯,Say,イー･テイ,56,ジェイ、頼める？,"제이, 부탁해도 될까?"
scene_day3_scenes_fab_day3_logic_6346ee10c065ccc051a489a1ecff7695.bundle,廖哥被抓後回去找阿緯,Branch,#Simple,45,でもどうやって調べるんです？,근데 어떻게 조사하는 거예요?
scene_day3_scenes_fab_day3_logic_6346ee10c065ccc051a489a1ecff7695.bundle,廖哥被抓後回去找阿緯,Branch,#Simple,46,任せてください。,맡겨주세요.
scene_day3_scenes_fab_day3_logic_6346ee10c065ccc051a489a1ecff7695.bundle,廖哥被抓後回去找阿緯,Say,イー･テイ,57,まずは工場の各所にいる捜査員に話を聞いてみよう。,우선 공장 곳곳에 있는 수사관들한테 얘기를 들어보자.
scene_day3_scenes_fab_day3_logic_6346ee10c065ccc051a489a1ecff7695.bundle,廖哥被抓後回去找阿緯,Say,イー･テイ,58,各フロアに少なくとも1名以上の捜査員が調査をしているはずだ。,각 층마다 최소 한 명 이상의 수사관이 조사하고 있을 거야.
scene_day3_scenes_fab_day3_logic_6346ee10c065ccc051a489a1ecff7695.bundle,廖哥被抓後回去找阿緯,Say,イー･テイ,59,彼らからなら、何か聞き出せるかもしれない。,"그들한테서라면, 뭔가 알아낼 수 있을지도 몰라."
scene_day3_scenes_fab_day3_logic_6346ee10c065ccc051a489a1ecff7695.bundle,廖哥被抓後回去找阿緯,Say,タイミン･ソウ,22,このフロアの捜査員はとても態度が悪いです。,이 층 수사관은 태도가 아주 나빠요.
scene_day3_scenes_fab_day3_logic_6346ee10c065ccc051a489a1ecff7695.bundle,廖哥被抓後回去找阿緯,Say,タイミン･ソウ,23,面談ホールにいる捜査員の方が話しやすいと思います。,면담 홀에 있는 수사관 쪽이 얘기하기 쉬울 것 같아요.
scene_day3_scenes_fab_day3_logic_6346ee10c065ccc051a489a1ecff7695.bundle,廖哥被抓後回去找阿緯,Say,イー･テイ,60,向こうも仕事で来てるわけだし、話しやすいのは怠慢とも捉えられる。,"그쪽도 일 때문에 온 거니까, 얘기하기 쉽다는 건 태만으로 비칠 수도 있어."
scene_day3_scenes_fab_day3_logic_6346ee10c065ccc051a489a1ecff7695.bundle,廖哥被抓後回去找阿緯,Say,タイミン･ソウ,24,そ、そうですね,"그, 그렇네요"
scene_day3_scenes_fab_day3_logic_6346ee10c065ccc051a489a1ecff7695.bundle,廖哥被抓後回去找阿緯,Say,タイミン･ソウ,25,でもイーちゃん、ジェイに情報収集をさせるのは、少し無謀に思えますが……,"근데 이짱, 제이한테 정보 수집을 시키는 건, 좀 무모해 보이는데요……"
scene_day3_scenes_fab_day3_logic_6346ee10c065ccc051a489a1ecff7695.bundle,廖哥被抓後回去找阿緯,Say,イー･テイ,61,今は他に手がないんだ。,지금은 다른 방법이 없어.
scene_day3_scenes_fab_day3_logic_6346ee10c065ccc051a489a1ecff7695.bundle,廖哥被抓後回去找阿緯,Say,タイミン･ソウ,26,それなら僕もジェイを手伝います。,그럼 저도 제이를 도울게요.
scene_day3_scenes_fab_day3_logic_6346ee10c065ccc051a489a1ecff7695.bundle,廖哥被抓後回去找阿緯,Say,イー･テイ,62,いや、タイミンには他に頼みたいことがあるんだ。,"아니, 타이밍한테는 따로 부탁하고 싶은 게 있어."
scene_day3_scenes_fab_day3_logic_6346ee10c065ccc051a489a1ecff7695.bundle,廖哥被抓後回去找阿緯,Say,タイミン･ソウ,27,えっ？,어?
scene_day3_scenes_fab_day3_logic_6346ee10c065ccc051a489a1ecff7695.bundle,廖哥被抓後回去找阿緯,Say,イー･テイ,63,リョウさんのアカウントを渡すから、そこから情報を集めてほしい。,"료 씨 계정을 넘겨줄 테니까, 거기서 정보를 모아줬으면 해."
scene_day3_scenes_fab_day3_logic_6346ee10c065ccc051a489a1ecff7695.bundle,廖哥被抓後回去找阿緯,Say,タイミン･ソウ,28,なんのことですか？,무슨 얘기죠?
scene_day3_scenes_fab_day3_logic_6346ee10c065ccc051a489a1ecff7695.bundle,廖哥被抓後回去找阿緯,Say,イー･テイ,64,特にお金の流れについて調べてほしい。,특히 돈의 흐름에 대해 조사해줬으면 해.
scene_day3_scenes_fab_day3_logic_6346ee10c065ccc051a489a1ecff7695.bundle,廖哥被抓後回去找阿緯,Say,タイミン･ソウ,29,ほ、本当にいいんですか？こんな膨大な資料を……,"저, 정말 괜찮은 거예요? 이렇게 방대한 자료를……"
scene_day3_scenes_fab_day3_logic_6346ee10c065ccc051a489a1ecff7695.bundle,廖哥被抓後回去找阿緯,Say,イー･テイ,65,まずは今年の分を……,우선 올해 것부터……
scene_day3_scenes_fab_day3_logic_6346ee10c065ccc051a489a1ecff7695.bundle,廖哥被抓後回去找阿緯,Say,イー･テイ,66,いや、今年の4月から調べてくれればいい。今すぐにだ！,"아니, 올해 4월부터 조사해주면 돼. 지금 바로!"
scene_day3_scenes_fab_day3_logic_6346ee10c065ccc051a489a1ecff7695.bundle,廖哥被抓後回去找阿緯,Say,タイミン･ソウ,30,わ、わかりました。でも……,"아, 알겠습니다. 근데……"
scene_day3_scenes_fab_day3_logic_6346ee10c065ccc051a489a1ecff7695.bundle,廖哥被抓後回去找阿緯,Say,イー･テイ,67,どうしました？,무슨 일이세요?
scene_day3_scenes_fab_day3_logic_6346ee10c065ccc051a489a1ecff7695.bundle,廖哥被抓後回去找阿緯,Say,タイミン･ソウ,31,……イーちゃんはリョウさんが本当に不正を働いたと思っているんですか？,……이짱은 료 씨가 정말로 부정을 저질렀다고 생각하는 거예요?
scene_day3_scenes_fab_day3_logic_6346ee10c065ccc051a489a1ecff7695.bundle,廖哥被抓後回去找阿緯,Say,イー･テイ,68,……,……
scene_day3_scenes_fab_day3_logic_6346ee10c065ccc051a489a1ecff7695.bundle,廖哥被抓後回去找阿緯,Say,イー･テイ,69,わからないから調べるんだ。,모르니까 조사하는 거야.
scene_day3_scenes_fab_day3_logic_6346ee10c065ccc051a489a1ecff7695.bundle,廖哥被抓後回去找阿緯,Say,タイミン･ソウ,32,……わかりました。調べます。,……알겠습니다. 조사할게요.
scene_day3_scenes_fab_day3_logic_6346ee10c065ccc051a489a1ecff7695.bundle,廖哥被抓後回去找阿緯,Say,イー･テイ,70,任せたよ。,맡길게.
scene_day3_scenes_fab_day3_logic_6346ee10c065ccc051a489a1ecff7695.bundle,廖哥被抓後回去找阿緯,Say,イー･テイ,71,ジェイが調べてくれてる間に、僕も独自に手がかりを集めるつもりだ。,"제이가 조사하는 동안, 나도 따로 단서를 모을 생각이야."
scene_day3_scenes_fab_day3_logic_6346ee10c065ccc051a489a1ecff7695.bundle,廖哥被抓後回去找阿緯,Say,イー･テイ,72,何か進展があったらすぐ連絡する。,뭔가 진전이 있으면 바로 연락할게.
scene_day3_scenes_fab_day3_logic_6346ee10c065ccc051a489a1ecff7695.bundle,廖哥被抓後回去找阿緯,Branch,#Simple,47,わかった。,알았어.
scene_day3_scenes_fab_day3_logic_6346ee10c065ccc051a489a1ecff7695.bundle,廖哥被抓後回去找阿緯,Branch,#Simple,48,もし捜査員に関する情報を見つけられなかったら？,만약 수사관에 관한 정보를 못 찾으면요?
scene_day3_scenes_fab_day3_logic_6346ee10c065ccc051a489a1ecff7695.bundle,廖哥被抓後回去找阿緯,Say,イー･テイ,73,それはそれで仕方がない。今ある情報だけで進めるしかないね。,그건 그거대로 어쩔 수 없지. 지금 있는 정보만으로 진행할 수밖에.
scene_day3_scenes_fab_day3_logic_6346ee10c065ccc051a489a1ecff7695.bundle,廖哥被抓後回去找阿緯,Branch,#Simple,49,……,……
scene_day3_scenes_fab_day3_logic_6346ee10c065ccc051a489a1ecff7695.bundle,廖哥被抓後回去找阿緯,Say,イー･テイ,74,とにかく僕には、リョウさんがイファマネージャーの件に関与しているようには思えないんだ。,"아무튼 나는, 료 씨가 이화 매니저 건에 관여했다고는 생각되지 않아."
scene_day3_scenes_fab_day3_logic_6346ee10c065ccc051a489a1ecff7695.bundle,廖哥被抓後回去找阿緯,Say,イー･テイ,75,最近のサイレントはいろいろなことが起きすぎている……,요즘 사일런트는 이런저런 일이 너무 많이 일어나고 있어……
scene_day3_scenes_fab_day3_logic_6346ee10c065ccc051a489a1ecff7695.bundle,廖哥被抓後回去找阿緯,Say,イー･テイ,76,本社の工場閉鎖の決定も迫ってきているし、事態はますます複雑になってきている。,"본사의 공장 폐쇄 결정도 다가오고 있고, 사태는 점점 더 복잡해지고 있어."
scene_day3_scenes_fab_day3_logic_6346ee10c065ccc051a489a1ecff7695.bundle,廖哥被抓後回去找阿緯,Say,イー･テイ,77,何も知らないままじゃ、選別組はこの荒波に呑み込まれるだけだ。,"아무것도 모른 채로는, 선별조는 이 거센 파도에 삼켜질 뿐이야."
scene_day3_scenes_fab_day3_logic_6346ee10c065ccc051a489a1ecff7695.bundle,廖哥被抓後回去找阿緯,Say,イー･テイ,78,だから今は、一刻も早くリョウさんの身に起きたことを調べるべきだ。,"그러니까 지금은, 한시라도 빨리 료 씨한테 일어난 일을 조사해야 해."
scene_day3_scenes_fab_day3_logic_6346ee10c065ccc051a489a1ecff7695.bundle,廖哥被抓後回去找阿緯,Say,イー･テイ,79,捜査員の正体については任せた。僕はここでタイミンと一緒に資料を調べるから。,수사관 정체는 맡길게. 나는 여기서 타이밍이랑 같이 자료를 조사할 테니까.
scene_day3_scenes_fab_day3_logic_6346ee10c065ccc051a489a1ecff7695.bundle,廖哥被抓後回去找阿緯,Say,イー･テイ,80,ジェイ、頼んだよ。,"제이, 부탁해."
scene_day3_scenes_fab_day3_logic_6346ee10c065ccc051a489a1ecff7695.bundle,廖哥被抓後回去找阿緯,Say,心の声,13,チキョウを連行した捜査員の正体か……,치쿄를 연행한 수사관의 정체라……
scene_day3_scenes_fab_day3_logic_6346ee10c065ccc051a489a1ecff7695.bundle,廖哥被抓後回去找阿緯,Say,心の声,14,23号に聞いてみるべきなんだが、こちらからは連絡ができない……,"23호한테 물어봐야 하는데, 이쪽에서는 연락을 할 수가 없다……"
scene_day3_scenes_fab_day3_logic_6346ee10c065ccc051a489a1ecff7695.bundle,找特勤時去貨車,Say,スイ･ニン,0,ジェイ？どうかした？,제이? 무슨 일이야?
scene_day3_scenes_fab_day3_logic_6346ee10c065ccc051a489a1ecff7695.bundle,找特勤時去貨車,Say,心の声,0,なぜそんな変な制服を着ているんだ……？,왜 저런 이상한 제복을 입고 있는 거지……?
scene_day3_scenes_fab_day3_logic_6346ee10c065ccc051a489a1ecff7695.bundle,找特勤時去貨車,Branch,#Simple,0,スイ･ニン？,스이 닌?
scene_day3_scenes_fab_day3_logic_6346ee10c065ccc051a489a1ecff7695.bundle,找特勤時去貨車,Say,スイ･ニン,1,ええ、私だ。,"그래, 나다."
scene_day3_scenes_fab_day3_logic_6346ee10c065ccc051a489a1ecff7695.bundle,找特勤時去貨車,Branch,#Simple,1,それは変装なのか？,그거 변장인가?
scene_day3_scenes_fab_day3_logic_6346ee10c065ccc051a489a1ecff7695.bundle,找特勤時去貨車,Say,スイ･ニン,2,そうですね。,그러게요.
scene_day3_scenes_fab_day3_logic_6346ee10c065ccc051a489a1ecff7695.bundle,找特勤時去貨車,Say,心の声,1,彼女が笑った。,그녀가 웃었다.
scene_day3_scenes_fab_day3_logic_6346ee10c065ccc051a489a1ecff7695.bundle,找特勤時去貨車,Say,スイ･ニン,3,IDを持ってるとはいえ、変装も必要でしょ？,"ID를 갖고 있다고는 해도, 변장도 필요하잖아?"
scene_day3_scenes_fab_day3_logic_6346ee10c065ccc051a489a1ecff7695.bundle,找特勤時去貨車,Branch,#Simple,2,そのコーヒーも変装の一部か？,그 커피도 변장의 일부인가?
scene_day3_scenes_fab_day3_logic_6346ee10c065ccc051a489a1ecff7695.bundle,找特勤時去貨車,Say,スイ･ニン,4,ああ、これは違うよ。,"아니, 이건 아니야."
scene_day3_scenes_fab_day3_logic_6346ee10c065ccc051a489a1ecff7695.bundle,找特勤時去貨車,Branch,#Simple,3,その格好、似合ってるな。,"그 차림, 잘 어울리는군."
scene_day3_scenes_fab_day3_logic_6346ee10c065ccc051a489a1ecff7695.bundle,找特勤時去貨車,Say,スイ･ニン,5,素直に褒め言葉として受け取っておくよ。ありがとう。,순순히 칭찬으로 받아들일게. 고마워.
scene_day3_scenes_fab_day3_logic_6346ee10c065ccc051a489a1ecff7695.bundle,找特勤時去貨車,Branch,#Simple,4,……,……
scene_day3_scenes_fab_day3_logic_6346ee10c065ccc051a489a1ecff7695.bundle,找特勤時去貨車,Say,スイ･ニン,6,23号が好きなコーヒーを買ってきたんだ。近くで売ってることをリンが教えてくれてね。,23호가 좋아하는 커피를 사왔어. 근처에서 판다고 린이 알려줘서.
scene_day3_scenes_fab_day3_logic_6346ee10c065ccc051a489a1ecff7695.bundle,找特勤時去貨車,Say,スイ･ニン,7,だが未だに彼女が戻って来ないから、待ちぼうけを食らっている。,"근데 아직도 그 애가 안 돌아와서, 헛되이 기다리고 있는 중이야."
scene_day3_scenes_fab_day3_logic_6346ee10c065ccc051a489a1ecff7695.bundle,找特勤時去貨車,Branch,#Simple,5,パシられたのか？,심부름꾼 취급 당하는 건가?
scene_day3_scenes_fab_day3_logic_6346ee10c065ccc051a489a1ecff7695.bundle,找特勤時去貨車,Say,スイ･ニン,8,いや、いつも頑張ってる彼女を労おうと買ってきただけだ。,"아니, 항상 애쓰는 그 애를 격려하려고 사온 것뿐이다."
scene_day3_scenes_fab_day3_logic_6346ee10c065ccc051a489a1ecff7695.bundle,找特勤時去貨車,Branch,#Simple,6,優しいな。,착하네.
scene_day3_scenes_fab_day3_logic_6346ee10c065ccc051a489a1ecff7695.bundle,找特勤時去貨車,Say,スイ･ニン,9,いや、彼女の方がずっと優しい。,"아니, 그 애가 훨씬 다정해."
scene_day3_scenes_fab_day3_logic_6346ee10c065ccc051a489a1ecff7695.bundle,找特勤時去貨車,Say,心の声,2,優しそうに笑っている。見慣れない表情だ。,다정하게 웃고 있다. 낯선 표정이다.
scene_day3_scenes_fab_day3_logic_6346ee10c065ccc051a489a1ecff7695.bundle,找特勤時去貨車,Branch,#Simple,7,……,……
scene_day3_scenes_fab_day3_logic_6346ee10c065ccc051a489a1ecff7695.bundle,找特勤時去貨車,Branch,#Simple,8,優しいな。,착하네.
scene_day3_scenes_fab_day3_logic_6346ee10c065ccc051a489a1ecff7695.bundle,找特勤時去貨車,Say,スイ･ニン,10,いや、彼女の方がずっと優しい。,"아니, 그 애가 훨씬 다정해."
scene_day3_scenes_fab_day3_logic_6346ee10c065ccc051a489a1ecff7695.bundle,找特勤時去貨車,Say,心の声,3,優しそうに笑っている。見慣れない表情だ。,다정하게 웃고 있다. 낯선 표정이다.
scene_day3_scenes_fab_day3_logic_6346ee10c065ccc051a489a1ecff7695.bundle,找特勤時去貨車,Branch,#Simple,9,……,……
scene_day3_scenes_fab_day3_logic_6346ee10c065ccc051a489a1ecff7695.bundle,找特勤時去貨車,Say,スイ･ニン,11,ところで何があったんだ？どうしてこんなところに？,그건 그렇고 무슨 일이야? 왜 이런 데 있는 거지?
scene_day3_scenes_fab_day3_logic_6346ee10c065ccc051a489a1ecff7695.bundle,找特勤時去貨車,Branch,#Simple,10,23号にある人物を調べてほしいんだ。,23호한테 어떤 인물을 조사해달라고 하고 싶은데.
scene_day3_scenes_fab_day3_logic_6346ee10c065ccc051a489a1ecff7695.bundle,找特勤時去貨車,Say,スイ･ニン,12,今は無理だと思う。,지금은 무리일 것 같다.
scene_day3_scenes_fab_day3_logic_6346ee10c065ccc051a489a1ecff7695.bundle,找特勤時去貨車,Say,スイ･ニン,13,君が持ち帰ったデータを解析するのに、このトラックにある全てのパソコンを使っているんだ。,"네가 가져온 데이터를 해석하는 데, 이 트럭에 있는 모든 컴퓨터를 쓰고 있어."
scene_day3_scenes_fab_day3_logic_6346ee10c065ccc051a489a1ecff7695.bundle,找特勤時去貨車,Branch,#Simple,11,監視カメラを調べたいだけだ。,감시 카메라만 좀 조사하고 싶을 뿐이다.
scene_day3_scenes_fab_day3_logic_6346ee10c065ccc051a489a1ecff7695.bundle,找特勤時去貨車,Say,心の声,4,スイ･ニンが苦い顔をした。無理そうか……,스이 닌이 씁쓸한 표정을 지었다. 무리인가……
scene_day3_scenes_fab_day3_logic_6346ee10c065ccc051a489a1ecff7695.bundle,找特勤時去貨車,Branch,#Simple,12,わかった。,알았어.
scene_day3_scenes_fab_day3_logic_6346ee10c065ccc051a489a1ecff7695.bundle,找特勤時去貨車,Branch,#Simple,13,……,……
scene_day3_scenes_fab_day3_logic_6346ee10c065ccc051a489a1ecff7695.bundle,找特勤時去貨車,Say,スイ･ニン,14,力になれなくて申し訳ない。だが、もう少しすれば手伝えるはずだ。,"힘이 되지 못해서 미안하다. 하지만, 조금만 있으면 도와줄 수 있을 거다."
scene_day3_scenes_fab_day3_logic_6346ee10c065ccc051a489a1ecff7695.bundle,找特勤時去貨車,Branch,#Simple,14,いや、大丈夫だ。,"아니, 괜찮아."
scene_day3_scenes_fab_day3_logic_6346ee10c065ccc051a489a1ecff7695.bundle,找特勤時去貨車,Branch,#Simple,15,もしかしたら頼むかも知れない。,혹시 부탁하게 될지도 모르지.
scene_day3_scenes_fab_day3_logic_6346ee10c065ccc051a489a1ecff7695.bundle,找特勤時去貨車,Branch,#Simple,16,暇で歩き回っていただけだ。,그냥 심심해서 돌아다니고 있었을 뿐이다.
scene_day3_scenes_fab_day3_logic_6346ee10c065ccc051a489a1ecff7695.bundle,找特勤時去貨車,Say,スイ･ニン,15,そうか。,그렇구나.
scene_day3_scenes_fab_day3_logic_6346ee10c065ccc051a489a1ecff7695.bundle,找特勤時去貨車,Say,スイ･ニン,16,じゃ、また後で会おう。こちらから連絡する。,"그럼, 나중에 또 보자. 내가 연락할게."
scene_day3_scenes_fab_day3_logic_6346ee10c065ccc051a489a1ecff7695.bundle,看到廖哥被抓,Say,心の声,0,……本社の捜査員？,……본사 수사원?
scene_day3_scenes_fab_day3_logic_6346ee10c065ccc051a489a1ecff7695.bundle,看到廖哥被抓,Say,心の声,1,どういうことだ？,이게 어떻게 된 거지?
scene_day3_scenes_fab_day3_logic_6346ee10c065ccc051a489a1ecff7695.bundle,看到廖哥被抓,Say,チキョウ･リョウ,0,何遍言わせる気だ！,몇 번을 말하게 할 셈이냐!
scene_day3_scenes_fab_day3_logic_6346ee10c065ccc051a489a1ecff7695.bundle,看到廖哥被抓,Say,チキョウ･リョウ,1,まだ仕事があるんだ、邪魔をするな！,"아직 일이 남았다, 방해하지 마라!"
scene_day3_scenes_fab_day3_logic_6346ee10c065ccc051a489a1ecff7695.bundle,看到廖哥被抓,Say,チキョウ･リョウ,2,俺は関係ない。調べたいなら他のやつらを調べろ！,나는 상관없다. 조사하고 싶으면 딴 놈들을 조사해!
scene_day3_scenes_fab_day3_logic_6346ee10c065ccc051a489a1ecff7695.bundle,看到廖哥被抓,Say,ロク･シュウ,0,チキョウ･リョウ。自分が何をしたのか、わかっているでしょ？,"치쿄 료. 자신이 무슨 짓을 했는지, 알고 있겠죠?"
scene_day3_scenes_fab_day3_logic_6346ee10c065ccc051a489a1ecff7695.bundle,看到廖哥被抓,Say,チキョウ･リョウ,3,えっと……,그게……
scene_day3_scenes_fab_day3_logic_6346ee10c065ccc051a489a1ecff7695.bundle,看到廖哥被抓,Say,ロク･シュウ,1,彼はあなたの行動にかなりご不満のようですよ。,그분은 당신 행동에 상당히 불만이신 것 같더군요.
scene_day3_scenes_fab_day3_logic_6346ee10c065ccc051a489a1ecff7695.bundle,看到廖哥被抓,Say,チキョウ･リョウ,4,お、俺はただ……今のは……,"나, 나는 그저……방금 건……"
scene_day3_scenes_fab_day3_logic_6346ee10c065ccc051a489a1ecff7695.bundle,看到廖哥被抓,Say,ロク･シュウ,2,一緒に来てください。彼は直接話を聞きたいそうです。,같이 가시죠. 그분이 직접 얘기를 듣고 싶어 하십니다.
scene_day3_scenes_fab_day3_logic_6346ee10c065ccc051a489a1ecff7695.bundle,看到廖哥被抓,Say,シェーン･ソウ,0,あなた、どうしても彼を連行したいなら……,"당신, 정 이 사람을 연행하고 싶다면……"
scene_day3_scenes_fab_day3_logic_6346ee10c065ccc051a489a1ecff7695.bundle,看到廖哥被抓,Say,ロク･シュウ,3,あなたの意見は聞いていません。,당신 의견은 묻지 않았습니다.
scene_day3_scenes_fab_day3_logic_6346ee10c065ccc051a489a1ecff7695.bundle,看到廖哥被抓,Say,シェーン･ソウ,1,す、すみません……,"죄, 죄송합니다……"
scene_day3_scenes_fab_day3_logic_6346ee10c065ccc051a489a1ecff7695.bundle,看到廖哥被抓,Say,ロク･シュウ,4,二度も言わせないでください。,두 번 말하게 하지 마세요.
scene_day3_scenes_fab_day3_logic_6346ee10c065ccc051a489a1ecff7695.bundle,看到廖哥被抓,Say,ロク･シュウ,5,チキョウ･リョウ、ご同行を願います。,"치쿄 료, 동행해주시기 바랍니다."
scene_day3_scenes_fab_day3_logic_6346ee10c065ccc051a489a1ecff7695.bundle,看到廖哥被抓,Say,チキョウ･リョウ,5,……,……
scene_day3_scenes_fab_day3_logic_6346ee10c065ccc051a489a1ecff7695.bundle,看到廖哥被抓,Say,チキョウ･リョウ,6,わかった。,알았어.
scene_day3_scenes_fab_day3_logic_6346ee10c065ccc051a489a1ecff7695.bundle,看到廖哥被抓,Say,ロク･シュウ,6,あなたも自分の仕事に戻りなさい。,당신도 자기 일로 돌아가세요.
scene_day3_scenes_fab_day3_logic_6346ee10c065ccc051a489a1ecff7695.bundle,看到廖哥被抓,Say,シェーン･ソウ,2,はい。,네.
scene_day3_scenes_fab_day3_logic_6346ee10c065ccc051a489a1ecff7695.bundle,看到廖哥被抓,Say,心の声,2,……大人しく連行されて行く,……순순히 연행되어 간다
scene_day3_scenes_fab_day3_logic_6346ee10c065ccc051a489a1ecff7695.bundle,看到廖哥被抓,Say,心の声,3,どういうことだ……？,이게 무슨 상황이지……?
scene_day3_scenes_fab_day3_logic_6346ee10c065ccc051a489a1ecff7695.bundle,看到廖哥被抓,Say,イー･テイ,0,ジェイ、一度オフィスに戻ってくれ。,"제이, 일단 사무실로 돌아와줘."
scene_day3_scenes_fab_day3_logic_6346ee10c065ccc051a489a1ecff7695.bundle,看到廖哥被抓,Branch,#Simple,0,どうしました？,무슨 일이세요?
scene_day3_scenes_fab_day3_logic_6346ee10c065ccc051a489a1ecff7695.bundle,看到廖哥被抓,Branch,#Simple,1,リョウさんが本社の捜査員に連行されました。,료 씨가 본사 수사원한테 연행됐어요.
scene_day3_scenes_fab_day3_logic_6346ee10c065ccc051a489a1ecff7695.bundle,看到廖哥被抓,Say,イー･テイ,1,ああ、わかってる。,"그래, 알고 있어."
scene_day3_scenes_fab_day3_logic_6346ee10c065ccc051a489a1ecff7695.bundle,看到廖哥被抓,Branch,#Simple,2,……,……
scene_day3_scenes_fab_day3_logic_6346ee10c065ccc051a489a1ecff7695.bundle,看到廖哥被抓,Say,イー･テイ,2,とりあえず早く来てくれ。,일단 빨리 와줘.
scene_day3_scenes_fab_day3_logic_6346ee10c065ccc051a489a1ecff7695.bundle,看到廖哥被抓,Say,心の声,4,一体どうしたんだ……？,대체 무슨 일이지……?
scene_day3_scenes_fab_day3_logic_6346ee10c065ccc051a489a1ecff7695.bundle,特勤很煩攔查,Say,シェーン･ソウ,0,止まれ。,멈추세요.
scene_day3_scenes_fab_day3_logic_6346ee10c065ccc051a489a1ecff7695.bundle,特勤很煩攔查,Say,心の声,0,昨日も彼女に止められたな……,어제도 이 사람한테 붙잡혔었지……
scene_day3_scenes_fab_day3_logic_6346ee10c065ccc051a489a1ecff7695.bundle,特勤很煩攔查,Say,シェーン･ソウ,1,こちらへ来てください。,이쪽으로 오세요.
scene_day3_scenes_fab_day3_logic_6346ee10c065ccc051a489a1ecff7695.bundle,特勤很煩攔查,Say,心の声,1,こいつ……俺とメイ･ジョの協力関係を知ってるのか……？,이 녀석……내가 메이 조랑 협력 관계인 걸 아는 건가……?
scene_day3_scenes_fab_day3_logic_6346ee10c065ccc051a489a1ecff7695.bundle,特勤很煩攔查,Say,心の声,2,もし俺が今、スキャンされれば、ハックユニットがバレるかもしれない……,"만약 지금 스캔당하면, 해킹 유닛이 들킬지도 몰라……"
scene_day3_scenes_fab_day3_logic_6346ee10c065ccc051a489a1ecff7695.bundle,特勤很煩攔查,Say,心の声,3,23号は何をしている。なぜ指示が来ないんだ……？,23호는 뭐 하는 거지. 왜 지시가 안 오는 거야……?
scene_day3_scenes_fab_day3_logic_6346ee10c065ccc051a489a1ecff7695.bundle,特勤很煩攔查,Say,シェーン･ソウ,2,身体検査にご協力ください。,신체검사에 협조해주세요.
scene_day3_scenes_fab_day3_logic_6346ee10c065ccc051a489a1ecff7695.bundle,特勤很煩攔查,Branch,#Simple,0,よっ、また会ったな！,"야, 또 만났네!"
scene_day3_scenes_fab_day3_logic_6346ee10c065ccc051a489a1ecff7695.bundle,特勤很煩攔查,Say,シェーン･ソウ,3,あ、はい……,"아, 네……"
scene_day3_scenes_fab_day3_logic_6346ee10c065ccc051a489a1ecff7695.bundle,特勤很煩攔查,Say,心の声,4,ん？少し驚いている？,음? 살짝 놀란 건가?
scene_day3_scenes_fab_day3_logic_6346ee10c065ccc051a489a1ecff7695.bundle,特勤很煩攔查,Say,シェーン･ソウ,4,……スキャンするから、動かないでください。,"……스캔할 테니까, 움직이지 마세요."
scene_day3_scenes_fab_day3_logic_6346ee10c065ccc051a489a1ecff7695.bundle,特勤很煩攔查,Say,心の声,5,クソッ、バレるなよ……,"젠장, 들키지 마라……"
scene_day3_scenes_fab_day3_logic_6346ee10c065ccc051a489a1ecff7695.bundle,特勤很煩攔查,Branch,#Simple,1,わかった。,알았어.
scene_day3_scenes_fab_day3_logic_6346ee10c065ccc051a489a1ecff7695.bundle,特勤很煩攔查,Say,シェーン･ソウ,5,……ありがとうございます。,……감사합니다.
scene_day3_scenes_fab_day3_logic_6346ee10c065ccc051a489a1ecff7695.bundle,特勤很煩攔查,Say,心の声,6,意外と礼儀正しいな。,의외로 예의 바르네.
scene_day3_scenes_fab_day3_logic_6346ee10c065ccc051a489a1ecff7695.bundle,特勤很煩攔查,Say,シェーン･ソウ,6,問題ありません。,문제없습니다.
scene_day3_scenes_fab_day3_logic_6346ee10c065ccc051a489a1ecff7695.bundle,特勤很煩攔查,Say,心の声,7,はぁ……,하아……
scene_day3_scenes_fab_day3_logic_6346ee10c065ccc051a489a1ecff7695.bundle,特勤很煩攔查,Say,シェーン･ソウ,7,もう行って大丈夫です。,이제 가셔도 됩니다.
scene_day3_scenes_fab_day3_logic_6346ee10c065ccc051a489a1ecff7695.bundle,特勤很煩攔查,Branch,#Simple,2,ご苦労さまです。,수고하십니다.
scene_day3_scenes_fab_day3_logic_6346ee10c065ccc051a489a1ecff7695.bundle,特勤很煩攔查,Say,シェーン･ソウ,8,あ、えっと……,"아, 저기……"
scene_day3_scenes_fab_day3_logic_6346ee10c065ccc051a489a1ecff7695.bundle,特勤很煩攔查,Say,シェーン･ソウ,9,お疲れ様でした。,수고하셨습니다.
scene_day3_scenes_fab_day3_logic_6346ee10c065ccc051a489a1ecff7695.bundle,特勤很煩攔查,Say,心の声,8,もしかしたら結構良い子なのかも……？,어쩌면 꽤 착한 애일지도……?
scene_day3_scenes_fab_day3_logic_6346ee10c065ccc051a489a1ecff7695.bundle,特勤很煩攔查,Branch,#Simple,3,時間の無駄だったな。,시간 낭비였군.
scene_day3_scenes_fab_day3_logic_6346ee10c065ccc051a489a1ecff7695.bundle,特勤很煩攔查,Say,シェーン･ソウ,10,検査は以上です。,검사는 이상입니다.
scene_day3_scenes_fab_day3_logic_6346ee10c065ccc051a489a1ecff7695.bundle,特勤很煩攔查,Branch,#Simple,4,……,……
scene_day3_scenes_fab_day3_logic_6346ee10c065ccc051a489a1ecff7695.bundle,特勤很煩攔查,Branch,#Simple,5,昨日もスキャンしただろ？,어제도 스캔했잖아?
scene_day3_scenes_fab_day3_logic_6346ee10c065ccc051a489a1ecff7695.bundle,特勤很煩攔查,Say,シェーン･ソウ,11,動かないでください。,움직이지 마세요.
scene_day3_scenes_fab_day3_logic_6346ee10c065ccc051a489a1ecff7695.bundle,特勤很煩攔查,Branch,#Simple,6,何がしたいんだ？,뭘 하려는 거지?
scene_day3_scenes_fab_day3_logic_6346ee10c065ccc051a489a1ecff7695.bundle,特勤很煩攔查,Branch,#Simple,7,……,……
scene_day3_scenes_fab_day3_logic_6346ee10c065ccc051a489a1ecff7695.bundle,特勤很煩攔查,Say,シェーン･ソウ,12,……スキャンするから、動かないでください。,"……스캔할 테니까, 움직이지 마세요."
scene_day3_scenes_fab_day3_logic_6346ee10c065ccc051a489a1ecff7695.bundle,特勤很煩攔查,Say,心の声,9,クソッ、バレるなよ……,"젠장, 들키지 마라……"
scene_day3_scenes_fab_day3_logic_6346ee10c065ccc051a489a1ecff7695.bundle,特勤很煩攔查,Say,シェーン･ソウ,13,終わりました。検査は以上です。,끝났습니다. 검사는 이걸로 끝이에요.
scene_day3_scenes_fab_day3_logic_6346ee10c065ccc051a489a1ecff7695.bundle,特勤很煩攔查,Say,心の声,10,はぁ、危なかった……,"하, 위험했다……"
scene_day3_scenes_fab_day3_logic_6346ee10c065ccc051a489a1ecff7695.bundle,飲料特勤,Say,ジユ･シュウ,0,あ、違うの買っちゃった。,"아, 다른 거 사버렸네."
scene_day3_scenes_fab_day3_logic_6346ee10c065ccc051a489a1ecff7695.bundle,飲料特勤,Say,ジユ･シュウ,1,まあ、どうせ私も頼まれただけだしいいか。,"뭐, 어차피 나도 부탁받은 것뿐이니까 됐나."
scene_day3_scenes_fab_day3_logic_6346ee10c065ccc051a489a1ecff7695.bundle,飲料特勤,Say,ジユ･シュウ,2,サンキュー！,땡큐!
scene_day3_scenes_fab_day3_logic_6346ee10c065ccc051a489a1ecff7695.bundle,飲料特勤,Say,ジユ･シュウ,3,……,……
scene_day3_scenes_fab_day3_logic_6346ee10c065ccc051a489a1ecff7695.bundle,飲料特勤,Say,ジユ･シュウ,4,……,……
scene_day3_scenes_fab_day3_logic_6346ee10c065ccc051a489a1ecff7695.bundle,飲料特勤,Branch,#Simple,0,あいつは一体誰なんだ？,저 녀석은 대체 누구지?
scene_day3_scenes_fab_day3_logic_6346ee10c065ccc051a489a1ecff7695.bundle,飲料特勤,Say,ジユ･シュウ,5,え？どれ？,어? 누구?
scene_day3_scenes_fab_day3_logic_6346ee10c065ccc051a489a1ecff7695.bundle,飲料特勤,Branch,#Simple,1,本社から来た捜査員だ。,본사에서 온 수사원이다.
scene_day3_scenes_fab_day3_logic_6346ee10c065ccc051a489a1ecff7695.bundle,飲料特勤,Say,ジユ･シュウ,6,ごめん、実は知らないんだ。ハハ！,"미안, 사실 몰라. 하하!"
scene_day3_scenes_fab_day3_logic_6346ee10c065ccc051a489a1ecff7695.bundle,飲料特勤,Branch,#Simple,2,騙したのか？,속인 거냐?
scene_day3_scenes_fab_day3_logic_6346ee10c065ccc051a489a1ecff7695.bundle,飲料特勤,Say,ジユ･シュウ,7,何のこと？,뭐가?
scene_day3_scenes_fab_day3_logic_6346ee10c065ccc051a489a1ecff7695.bundle,飲料特勤,Branch,#Simple,3,死にたいのか。,죽고 싶은가 보군.
scene_day3_scenes_fab_day3_logic_6346ee10c065ccc051a489a1ecff7695.bundle,飲料特勤,Say,ジユ･シュウ,8,ちょ、ちょっと怒らないでよ……,"자, 잠깐, 화내지 마……"
scene_day3_scenes_fab_day3_logic_6346ee10c065ccc051a489a1ecff7695.bundle,飲料特勤,Branch,#Simple,4,……,……
scene_day3_scenes_fab_day3_logic_6346ee10c065ccc051a489a1ecff7695.bundle,飲料特勤,Branch,#Simple,5,バカにしているのか？,날 놀리는 거냐?
scene_day3_scenes_fab_day3_logic_6346ee10c065ccc051a489a1ecff7695.bundle,飲料特勤,Say,ジユ･シュウ,9,べ、別にそんなんじゃ……,"그, 그런 거 아닌데……"
scene_day3_scenes_fab_day3_logic_6346ee10c065ccc051a489a1ecff7695.bundle,飲料特勤,Branch,#Simple,6,言え、あいつは一体誰なんだ！,"말해, 저 녀석은 대체 누구야!"
scene_day3_scenes_fab_day3_logic_6346ee10c065ccc051a489a1ecff7695.bundle,飲料特勤,Branch,#Simple,7,とぼけるな！,시치미 떼지 마!
scene_day3_scenes_fab_day3_logic_6346ee10c065ccc051a489a1ecff7695.bundle,飲料特勤,Say,ジユ･シュウ,10,ちょ、ちょっと怒らないでよ……,"자, 잠깐, 화내지 마……"
scene_day3_scenes_fab_day3_logic_6346ee10c065ccc051a489a1ecff7695.bundle,飲料特勤,Branch,#Simple,8,……,……
scene_day3_scenes_fab_day3_logic_6346ee10c065ccc051a489a1ecff7695.bundle,飲料特勤,Say,ジユ･シュウ,11,そんなに怒る必要ないでしょう？,그렇게까지 화낼 필요는 없잖아?
scene_day3_scenes_fab_day3_logic_6346ee10c065ccc051a489a1ecff7695.bundle,飲料特勤,Say,ジユ･シュウ,12,ただのジョークだよ！,그냥 농담이었어!
scene_day3_scenes_fab_day3_logic_6346ee10c065ccc051a489a1ecff7695.bundle,飲料特勤,Say,ジユ･シュウ,13,工場と私たち捜査員との間の緊張を解そうと思ったの！,공장이랑 우리 수사원들 사이의 긴장 좀 풀어보려고 한 거야!
scene_day3_scenes_fab_day3_logic_6346ee10c065ccc051a489a1ecff7695.bundle,飲料特勤,Say,ジユ･シュウ,14,……ね？,……그치?
scene_day3_scenes_fab_day3_logic_6346ee10c065ccc051a489a1ecff7695.bundle,飲料特勤,Say,ジユ･シュウ,15,アハハ……,아하하……
scene_day3_scenes_fab_day3_logic_6346ee10c065ccc051a489a1ecff7695.bundle,飲料特勤,Branch,#Simple,9,お前の顔、覚えたぞ。,"네 얼굴, 기억해뒀다."
scene_day3_scenes_fab_day3_logic_6346ee10c065ccc051a489a1ecff7695.bundle,飲料特勤,Branch,#Simple,10,わぁ、面白いこと言うな！,"우와, 재밌는 말 하네!"
scene_day3_scenes_fab_day3_logic_6346ee10c065ccc051a489a1ecff7695.bundle,飲料特勤,Say,ジユ･シュウ,16,うっ……,윽……
scene_day3_scenes_fab_day3_logic_6346ee10c065ccc051a489a1ecff7695.bundle,飲料特勤,Branch,#Simple,11,はぁ。,하.
scene_day3_scenes_fab_day3_logic_6346ee10c065ccc051a489a1ecff7695.bundle,飲料特勤,Branch,#Simple,12,……,……
scene_day3_scenes_fab_day3_logic_6346ee10c065ccc051a489a1ecff7695.bundle,飲料特勤,Say,ジユ･シュウ,17,じゃ、こんな感じで、ハハ……,"그럼, 이런 느낌으로, 하하……"
scene_day3_scenes_fab_day3_logic_6346ee10c065ccc051a489a1ecff7695.bundle,飲料特勤,Say,心の声,0,時間の無駄だったな……,시간 낭비였군……
scene_day3_scenes_fab_day3_logic_6346ee10c065ccc051a489a1ecff7695.bundle,飲料特勤,Branch,#Simple,13,……,……
scene_day3_scenes_fab_day3_logic_6346ee10c065ccc051a489a1ecff7695.bundle,飲料特勤,Say,ジユ･シュウ,18,なに？お礼は言ったでしょ？もう行ってよ,뭐? 고맙단 말은 했잖아? 이제 그만 가.
scene_day3_scenes_fab_day3_logic_6346ee10c065ccc051a489a1ecff7695.bundle,飲料特勤,Branch,#Simple,14,まだあいつについて、教えてくれていない。,아직 그 녀석에 대해 안 알려줬잖아.
scene_day3_scenes_fab_day3_logic_6346ee10c065ccc051a489a1ecff7695.bundle,飲料特勤,Branch,#Simple,15,そうだな。じゃあ、また。,"그렇군. 그럼, 다음에."
scene_day3_scenes_fab_day3_logic_6346ee10c065ccc051a489a1ecff7695.bundle,飲料特勤,Say,心の声,1,は？俺は何をしてるんだ？,하? 나 지금 뭐 하는 거지?
scene_day3_scenes_fab_day3_logic_6346ee10c065ccc051a489a1ecff7695.bundle,飲料特勤,Say,ジユ･シュウ,19,なに？信じてないの？,뭐야? 안 믿는 거야?
scene_day3_scenes_fab_day3_logic_6346ee10c065ccc051a489a1ecff7695.bundle,飲料特勤,Branch,#Simple,16,信じてるから、教えてくれ。,"믿으니까, 알려줘."
scene_day3_scenes_fab_day3_logic_6346ee10c065ccc051a489a1ecff7695.bundle,飲料特勤,Branch,#Simple,17,信じてない。,안 믿어.
scene_day3_scenes_fab_day3_logic_6346ee10c065ccc051a489a1ecff7695.bundle,飲料特勤,Say,ジユ･シュウ,20,は？じゃ話かけないでよ。,하? 그럼 말 걸지 마.
scene_day3_scenes_fab_day3_logic_6346ee10c065ccc051a489a1ecff7695.bundle,飲料特勤,Say,ジユ･シュウ,21,どう？気が変わった？,어때? 마음 바뀌었어?
scene_day3_scenes_fab_day3_logic_6346ee10c065ccc051a489a1ecff7695.bundle,飲料特勤,Branch,#Simple,18,別に。,딱히.
scene_day3_scenes_fab_day3_logic_6346ee10c065ccc051a489a1ecff7695.bundle,飲料特勤,Say,ジユ･シュウ,22,お好きにどうぞ～,맘대로 하세요~
scene_day3_scenes_fab_day3_logic_6346ee10c065ccc051a489a1ecff7695.bundle,飲料特勤,Branch,#Simple,19,何が飲みたいんだ？,뭘 마시고 싶은 거지?
scene_day3_scenes_fab_day3_logic_6346ee10c065ccc051a489a1ecff7695.bundle,飲料特勤,Say,ジユ･シュウ,23,あら、やっぱ引き受けてくれるじゃん。,"어머, 역시 해주네."
scene_day3_scenes_fab_day3_logic_6346ee10c065ccc051a489a1ecff7695.bundle,飲料特勤,Say,ジユ･シュウ,24,ポカリスイートを買ってきて。,포카리스웨트 사다 줘.
scene_day3_scenes_fab_day3_logic_6346ee10c065ccc051a489a1ecff7695.bundle,飲料特勤,Say,ジユ･シュウ,25,頼んだよ～,부탁해~
scene_day3_scenes_fab_day3_logic_6346ee10c065ccc051a489a1ecff7695.bundle,飲料特勤,Say,ジユ･シュウ,26,何か用？,무슨 일이야?
scene_day3_scenes_fab_day3_logic_6346ee10c065ccc051a489a1ecff7695.bundle,飲料特勤,Branch,#Simple,20,今日、本社から派遣された捜査員を知らないか？,"오늘 본사에서 파견된 수사원, 아는 거 있나?"
scene_day3_scenes_fab_day3_logic_6346ee10c065ccc051a489a1ecff7695.bundle,飲料特勤,Say,ジユ･シュウ,27,えっ？,어?
scene_day3_scenes_fab_day3_logic_6346ee10c065ccc051a489a1ecff7695.bundle,飲料特勤,Say,心の声,2,何も知らなそうな顔だ。,아무것도 모르는 것 같은 얼굴이다.
scene_day3_scenes_fab_day3_logic_6346ee10c065ccc051a489a1ecff7695.bundle,飲料特勤,Say,ジユ･シュウ,28,ああ、知ってるよ……,"아, 알아……"
scene_day3_scenes_fab_day3_logic_6346ee10c065ccc051a489a1ecff7695.bundle,飲料特勤,Say,ジユ･シュウ,29,どうしたの？彼について知りたいの？,왜 그래? 그 사람에 대해 알고 싶어?
scene_day3_scenes_fab_day3_logic_6346ee10c065ccc051a489a1ecff7695.bundle,飲料特勤,Branch,#Simple,21,ああ、教えてくれないか？,"그래, 알려주지 않겠나?"
scene_day3_scenes_fab_day3_logic_6346ee10c065ccc051a489a1ecff7695.bundle,飲料特勤,Say,ジユ･シュウ,30,いいよ。,좋아.
scene_day3_scenes_fab_day3_logic_6346ee10c065ccc051a489a1ecff7695.bundle,飲料特勤,Say,心の声,3,なに？そんな簡単に教えるのか？,뭐지? 그렇게 순순히 알려준다고?
scene_day3_scenes_fab_day3_logic_6346ee10c065ccc051a489a1ecff7695.bundle,飲料特勤,Say,ジユ･シュウ,31,でも……,하지만……
scene_day3_scenes_fab_day3_logic_6346ee10c065ccc051a489a1ecff7695.bundle,飲料特勤,Say,心の声,4,その前に……,그 전에……
scene_day3_scenes_fab_day3_logic_6346ee10c065ccc051a489a1ecff7695.bundle,飲料特勤,Say,ジユ･シュウ,32,ドリンク買ってきて。,음료수 사다 줘.
scene_day3_scenes_fab_day3_logic_6346ee10c065ccc051a489a1ecff7695.bundle,飲料特勤,Branch,#Simple,22,ドリンクを買ってくればいいのか？,음료수를 사 오면 되는 건가?
scene_day3_scenes_fab_day3_logic_6346ee10c065ccc051a489a1ecff7695.bundle,飲料特勤,Say,ジユ･シュウ,33,はい。,네.
scene_day3_scenes_fab_day3_logic_6346ee10c065ccc051a489a1ecff7695.bundle,飲料特勤,Branch,#Simple,23,どうして自分で買いに行かない？,왜 직접 사러 안 가지?
scene_day3_scenes_fab_day3_logic_6346ee10c065ccc051a489a1ecff7695.bundle,飲料特勤,Say,ジユ･シュウ,34,うちの隊長は勤務時間中のドリンクの購入を禁止してるの。見つかった大変なんだから。,우리 대장이 근무 시간 중 음료 구매를 금지했거든. 걸리면 큰일 난다니까.
scene_day3_scenes_fab_day3_logic_6346ee10c065ccc051a489a1ecff7695.bundle,飲料特勤,Say,ジユ･シュウ,35,だからこっそり買ってきてほしいんだ。,그러니까 몰래 사다 줬으면 하는 거야.
scene_day3_scenes_fab_day3_logic_6346ee10c065ccc051a489a1ecff7695.bundle,飲料特勤,Say,心の声,5,……,……
scene_day3_scenes_fab_day3_logic_6346ee10c065ccc051a489a1ecff7695.bundle,飲料特勤,Branch,#Simple,24,……,……
scene_day3_scenes_fab_day3_logic_6346ee10c065ccc051a489a1ecff7695.bundle,飲料特勤,Say,ジユ･シュウ,36,どう？買ってきてくれる？,어때? 사다 줄 거야?
scene_day3_scenes_fab_day3_logic_6346ee10c065ccc051a489a1ecff7695.bundle,飲料特勤,Branch,#Simple,25,何が飲みたいんだ？,뭘 마시고 싶은 거지?
scene_day3_scenes_fab_day3_logic_6346ee10c065ccc051a489a1ecff7695.bundle,飲料特勤,Say,ジユ･シュウ,37,ポカリスイート。,포카리스웨트.
scene_day3_scenes_fab_day3_logic_6346ee10c065ccc051a489a1ecff7695.bundle,飲料特勤,Branch,#Simple,26,買ってきたら、その男について教えてくれるのか？,"사 오면, 그 남자에 대해 알려주는 거지?"
scene_day3_scenes_fab_day3_logic_6346ee10c065ccc051a489a1ecff7695.bundle,飲料特勤,Say,ジユ･シュウ,38,ええ、もちろん。,"응, 물론이지."
scene_day3_scenes_fab_day3_logic_6346ee10c065ccc051a489a1ecff7695.bundle,飲料特勤,Branch,#Simple,27,わかった。,알았어.
scene_day3_scenes_fab_day3_logic_6346ee10c065ccc051a489a1ecff7695.bundle,飲料特勤,Branch,#Simple,28,……,……
scene_day3_scenes_fab_day3_logic_6346ee10c065ccc051a489a1ecff7695.bundle,飲料特勤,Say,ジユ･シュウ,39,じゃ、行ってきて。,"그럼, 다녀와."
scene_day3_scenes_fab_day3_logic_6346ee10c065ccc051a489a1ecff7695.bundle,飲料特勤,Say,ジユ･シュウ,40,ここで待ってるから。,여기서 기다리고 있을게.
scene_day3_scenes_fab_day3_logic_6346ee10c065ccc051a489a1ecff7695.bundle,飲料特勤,Branch,#Simple,29,フンッ、そもそもあんたは何も知らないんだろ？,"흥, 애초에 넌 아무것도 모르는 거잖아?"
scene_day3_scenes_fab_day3_logic_6346ee10c065ccc051a489a1ecff7695.bundle,飲料特勤,Say,ジユ･シュウ,41,ならご勝手に。,그럼 맘대로 해.
scene_day3_scenes_fab_day3_logic_6346ee10c065ccc051a489a1ecff7695.bundle,飲料特勤,Branch,#Simple,30,……何が飲みたいんだ？,……뭘 마시고 싶은 거지?
scene_day3_scenes_fab_day3_logic_6346ee10c065ccc051a489a1ecff7695.bundle,飲料特勤,Branch,#Simple,31,……,……
scene_day3_scenes_fab_day3_logic_6346ee10c065ccc051a489a1ecff7695.bundle,飲料特勤,Say,ジユ･シュウ,42,買ってきてくれないなら、もう話すことはないよ。,"사다 주지 않을 거면, 이제 더 할 얘기 없어."
scene_day3_scenes_fab_day3_logic_6346ee10c065ccc051a489a1ecff7695.bundle,飲料特勤,Branch,#Simple,32,本当に知ってるんだな？,정말로 알고 있는 거지?
scene_day3_scenes_fab_day3_logic_6346ee10c065ccc051a489a1ecff7695.bundle,飲料特勤,Say,ジユ･シュウ,43,知ってるって言ったでしょう？,안다고 했잖아?
scene_day3_scenes_fab_day3_logic_6346ee10c065ccc051a489a1ecff7695.bundle,飲料特勤,Say,ジユ･シュウ,44,信じないならどっか行ってよ！,안 믿을 거면 저리 가!
scene_day3_scenes_fab_day3_logic_6346ee10c065ccc051a489a1ecff7695.bundle,飲料特勤,Branch,#Simple,33,わかった。教えてくれ。,알았다. 알려줘.
scene_day3_scenes_fab_day3_logic_6346ee10c065ccc051a489a1ecff7695.bundle,飲料特勤,Branch,#Simple,34,もういい。あんたを信じる気はない。,됐다. 널 믿을 생각 없어.
scene_day3_scenes_fab_day3_logic_6346ee10c065ccc051a489a1ecff7695.bundle,飲料特勤,Branch,#Simple,35,……,……
scene_day3_scenes_fab_day3_logic_6346ee10c065ccc051a489a1ecff7695.bundle,飲料特勤,Say,ジユ･シュウ,45,時間の無駄だったね。,시간 낭비였네.
scene_day3_scenes_fab_day3_logic_6346ee10c065ccc051a489a1ecff7695.bundle,飲料特勤,Branch,#Simple,36,いえ、大した事では……,"아뇨, 별거 아니……"
scene_day3_scenes_fab_day3_logic_6346ee10c065ccc051a489a1ecff7695.bundle,請徐媛開地窖電梯權限,Say,メイ･ジョ,0,ジェイ･ダイ、何か用？,"제이 다이, 무슨 볼일이야?"
scene_day3_scenes_fab_day3_logic_6346ee10c065ccc051a489a1ecff7695.bundle,請徐媛開地窖電梯權限,Branch,#Simple,0,そうですね。,그러게요.
scene_day3_scenes_fab_day3_logic_6346ee10c065ccc051a489a1ecff7695.bundle,請徐媛開地窖電梯權限,Branch,#Simple,1,聞きたいことがある。,물어보고 싶은 게 있어.
scene_day3_scenes_fab_day3_logic_6346ee10c065ccc051a489a1ecff7695.bundle,請徐媛開地窖電梯權限,Branch,#Simple,2,用がなければ話かけない。,볼일 없으면 말 안 걸어.
scene_day3_scenes_fab_day3_logic_6346ee10c065ccc051a489a1ecff7695.bundle,請徐媛開地窖電梯權限,Say,メイ･ジョ,1,あら、酷いこと言うのね。,"어머, 심한 말 하네."
scene_day3_scenes_fab_day3_logic_6346ee10c065ccc051a489a1ecff7695.bundle,請徐媛開地窖電梯權限,Say,メイ･ジョ,2,とりあえず座って。,일단 앉아.
scene_day3_scenes_fab_day3_logic_6346ee10c065ccc051a489a1ecff7695.bundle,請徐媛開地窖電梯權限,Say,メイ･ジョ,3,私に借りを返しにきたの？,나한테 빚 갚으러 온 거야?
scene_day3_scenes_fab_day3_logic_6346ee10c065ccc051a489a1ecff7695.bundle,請徐媛開地窖電梯權限,Branch,#Simple,3,そうだ。,맞아.
scene_day3_scenes_fab_day3_logic_6346ee10c065ccc051a489a1ecff7695.bundle,請徐媛開地窖電梯權限,Branch,#Simple,4,嫌なのか？,싫은 거야?
scene_day3_scenes_fab_day3_logic_6346ee10c065ccc051a489a1ecff7695.bundle,請徐媛開地窖電梯權限,Say,メイ･ジョ,4,それは話を聞いてみてからね。,그건 얘기를 들어보고 나서지.
scene_day3_scenes_fab_day3_logic_6346ee10c065ccc051a489a1ecff7695.bundle,請徐媛開地窖電梯權限,Branch,#Simple,5,どうしてわかったんだ？,어떻게 안 거지?
scene_day3_scenes_fab_day3_logic_6346ee10c065ccc051a489a1ecff7695.bundle,請徐媛開地窖電梯權限,Say,メイ･ジョ,5,私と雑談をしに来るわけないでしょう？,나랑 잡담하러 온 건 아니잖아?
scene_day3_scenes_fab_day3_logic_6346ee10c065ccc051a489a1ecff7695.bundle,請徐媛開地窖電梯權限,Say,メイ･ジョ,6,何がほしいの？,뭘 원하는 거야?
scene_day3_scenes_fab_day3_logic_6346ee10c065ccc051a489a1ecff7695.bundle,請徐媛開地窖電梯權限,Branch,#Simple,6,オペレーションコアに行く権限がほしい。,오퍼레이션 코어에 갈 권한이 필요해.
scene_day3_scenes_fab_day3_logic_6346ee10c065ccc051a489a1ecff7695.bundle,請徐媛開地窖電梯權限,Say,心の声,0,少し驚いているようだ。,조금 놀란 것 같다.
scene_day3_scenes_fab_day3_logic_6346ee10c065ccc051a489a1ecff7695.bundle,請徐媛開地窖電梯權限,Say,メイ･ジョ,7,……権限は与えられる。,……권한은 줄 수 있어.
scene_day3_scenes_fab_day3_logic_6346ee10c065ccc051a489a1ecff7695.bundle,請徐媛開地窖電梯權限,Say,メイ･ジョ,8,でもどうしてそこに行きたいの？,근데 왜 거기 가고 싶은 거야?
scene_day3_scenes_fab_day3_logic_6346ee10c065ccc051a489a1ecff7695.bundle,請徐媛開地窖電梯權限,Branch,#Simple,7,教える気はない。,알려줄 생각 없어.
scene_day3_scenes_fab_day3_logic_6346ee10c065ccc051a489a1ecff7695.bundle,請徐媛開地窖電梯權限,Say,メイ･ジョ,9,……,……
scene_day3_scenes_fab_day3_logic_6346ee10c065ccc051a489a1ecff7695.bundle,請徐媛開地窖電梯權限,Say,メイ･ジョ,10,まあ、別に聞いても無駄だとは思ってたけど。,"뭐, 어차피 물어봤자 소용없을 거라고 생각하긴 했지만."
scene_day3_scenes_fab_day3_logic_6346ee10c065ccc051a489a1ecff7695.bundle,請徐媛開地窖電梯權限,Say,心の声,1,案外あっさりと引き下がったな……,의외로 순순히 물러나네……
scene_day3_scenes_fab_day3_logic_6346ee10c065ccc051a489a1ecff7695.bundle,請徐媛開地窖電梯權限,Branch,#Simple,8,調べたいことがある。,조사하고 싶은 게 있어.
scene_day3_scenes_fab_day3_logic_6346ee10c065ccc051a489a1ecff7695.bundle,請徐媛開地窖電梯權限,Say,メイ･ジョ,11,そうね。そこに行く理由はそれしかないもんね。,그러네. 거기 갈 이유는 그것밖에 없지.
scene_day3_scenes_fab_day3_logic_6346ee10c065ccc051a489a1ecff7695.bundle,請徐媛開地窖電梯權限,Branch,#Simple,9,あそこを破壊したい。,저길 파괴하고 싶어.
scene_day3_scenes_fab_day3_logic_6346ee10c065ccc051a489a1ecff7695.bundle,請徐媛開地窖電梯權限,Say,メイ･ジョ,12,それなら私は断るしかないわね。そんなことに関与したら、私のリスクが高すぎる。,"그렇다면 나는 거절할 수밖에 없네. 그런 일에 관여하면, 내 위험 부담이 너무 커."
scene_day3_scenes_fab_day3_logic_6346ee10c065ccc051a489a1ecff7695.bundle,請徐媛開地窖電梯權限,Say,心の声,2,会社への影響より、自分のリスクか……,"회사에 대한 영향보다, 자기 위험을 신경 쓰는 건가……"
scene_day3_scenes_fab_day3_logic_6346ee10c065ccc051a489a1ecff7695.bundle,請徐媛開地窖電梯權限,Say,スイ･ニン,0,ジェイ、何をしている。さっきの発言を早く撤回しろ。,"제이, 뭐 하는 거야. 방금 발언 빨리 취소해."
scene_day3_scenes_fab_day3_logic_6346ee10c065ccc051a489a1ecff7695.bundle,請徐媛開地窖電梯權限,Branch,#Simple,10,冗談だ。あんたの反応が見たかっただけなんだ。,농담이야. 네 반응이 보고 싶었을 뿐이야.
scene_day3_scenes_fab_day3_logic_6346ee10c065ccc051a489a1ecff7695.bundle,請徐媛開地窖電梯權限,Say,メイ･ジョ,13,そんなくだらない冗談のために来たのなら、帰りなさい。,"그런 시시한 농담이나 하러 온 거라면, 돌아가."
scene_day3_scenes_fab_day3_logic_6346ee10c065ccc051a489a1ecff7695.bundle,請徐媛開地窖電梯權限,Branch,#Simple,11,悪かった。実は調べたいことがあるんだ。,미안했다. 실은 조사하고 싶은 게 있어.
scene_day3_scenes_fab_day3_logic_6346ee10c065ccc051a489a1ecff7695.bundle,請徐媛開地窖電梯權限,Branch,#Simple,12,冗談も通じないのか？,농담도 안 통하는 건가?
scene_day3_scenes_fab_day3_logic_6346ee10c065ccc051a489a1ecff7695.bundle,請徐媛開地窖電梯權限,Say,心の声,3,これ以上、状況を悪くしてどうするんだ……,"더 이상, 상황을 악화시켜서 뭐 하는 거지……"
scene_day3_scenes_fab_day3_logic_6346ee10c065ccc051a489a1ecff7695.bundle,請徐媛開地窖電梯權限,Branch,#Simple,13,……,……
scene_day3_scenes_fab_day3_logic_6346ee10c065ccc051a489a1ecff7695.bundle,請徐媛開地窖電梯權限,Branch,#Simple,14,……,……
scene_day3_scenes_fab_day3_logic_6346ee10c065ccc051a489a1ecff7695.bundle,請徐媛開地窖電梯權限,Say,スイ･ニン,1,……ジェイ･ダイ。,……제이 다이.
scene_day3_scenes_fab_day3_logic_6346ee10c065ccc051a489a1ecff7695.bundle,請徐媛開地窖電梯權限,Say,メイ･ジョ,14,検査は以上です。,검사는 이상입니다.
scene_day3_scenes_fab_day3_logic_6346ee10c065ccc051a489a1ecff7695.bundle,請徐媛開地窖電梯權限,Say,スイ･ニン,2,何をしているんだ！せっかくのチャンスを無駄にするなんて……,뭐 하는 거야! 모처럼의 기회를 헛되게 만들다니……
scene_day3_scenes_fab_day3_logic_6346ee10c065ccc051a489a1ecff7695.bundle,請徐媛開地窖電梯權限,Say,23,0,もう元々の作戦で行くしかない感じ？,이제 원래 작전대로 갈 수밖에 없는 느낌?
scene_day3_scenes_fab_day3_logic_6346ee10c065ccc051a489a1ecff7695.bundle,請徐媛開地窖電梯權限,Say,スイ･ニン,3,仕方ない。ジェイ、セラーのエレベーターでリュウセイと合流するんだ。,"어쩔 수 없다. 제이, 저장고 엘리베이터에서 류성이랑 합류해."
scene_day3_scenes_fab_day3_logic_6346ee10c065ccc051a489a1ecff7695.bundle,請徐媛開地窖電梯權限,Say,心の声,4,かなり怒ってるようだ。まぁ、当然か……,"꽤 화가 난 것 같다. 뭐, 당연한가……"
scene_day3_scenes_fab_day3_logic_6346ee10c065ccc051a489a1ecff7695.bundle,請徐媛開地窖電梯權限,Say,心の声,5,俺ですら自分の行動が理解できなかった……,나조차 내 행동을 이해할 수 없었다……
scene_day3_scenes_fab_day3_logic_6346ee10c065ccc051a489a1ecff7695.bundle,請徐媛開地窖電梯權限,Say,メイ･ジョ,15,一人で行くの？,혼자 가는 거야?
scene_day3_scenes_fab_day3_logic_6346ee10c065ccc051a489a1ecff7695.bundle,請徐媛開地窖電梯權限,Say,心の声,6,鋭いな、俺に仲間がいると察したのか。,"예리하네, 나한테 동료가 있다는 걸 눈치챈 건가."
scene_day3_scenes_fab_day3_logic_6346ee10c065ccc051a489a1ecff7695.bundle,請徐媛開地窖電梯權限,Say,スイ･ニン,4,ジェイ、我々の存在は言うな。,"제이, 우리 존재는 말하지 마."
scene_day3_scenes_fab_day3_logic_6346ee10c065ccc051a489a1ecff7695.bundle,請徐媛開地窖電梯權限,Branch,#Simple,15,俺一人だ。,나 혼자야.
scene_day3_scenes_fab_day3_logic_6346ee10c065ccc051a489a1ecff7695.bundle,請徐媛開地窖電梯權限,Branch,#Simple,16,俺は一人で行動している。,나는 혼자서 움직이고 있어.
scene_day3_scenes_fab_day3_logic_6346ee10c065ccc051a489a1ecff7695.bundle,請徐媛開地窖電梯權限,Say,メイ･ジョ,16,ならいいけど。他の人もいると問題だからね。,그럼 다행이고. 다른 사람도 있으면 문제니까.
scene_day3_scenes_fab_day3_logic_6346ee10c065ccc051a489a1ecff7695.bundle,請徐媛開地窖電梯權限,Branch,#Simple,17,問題とは何だ？,문제가 뭐였는데?
scene_day3_scenes_fab_day3_logic_6346ee10c065ccc051a489a1ecff7695.bundle,請徐媛開地窖電梯權限,Say,メイ･ジョ,17,なぜそれを聞くの？一人で行くんでしょう？,왜 그걸 묻는 거야? 혼자 가는 거잖아?
scene_day3_scenes_fab_day3_logic_6346ee10c065ccc051a489a1ecff7695.bundle,請徐媛開地窖電梯權限,Say,心の声,7,……やられた。,……당했다.
scene_day3_scenes_fab_day3_logic_6346ee10c065ccc051a489a1ecff7695.bundle,請徐媛開地窖電梯權限,Branch,#Simple,18,ただの好奇心だ。,그냥 호기심이야.
scene_day3_scenes_fab_day3_logic_6346ee10c065ccc051a489a1ecff7695.bundle,請徐媛開地窖電梯權限,Say,メイ･ジョ,18,じゃ、教える必要はないわね。,"그럼, 알려줄 필요 없겠네."
scene_day3_scenes_fab_day3_logic_6346ee10c065ccc051a489a1ecff7695.bundle,請徐媛開地窖電梯權限,Say,心の声,8,この表情……,이 표정……
scene_day3_scenes_fab_day3_logic_6346ee10c065ccc051a489a1ecff7695.bundle,請徐媛開地窖電梯權限,Say,心の声,9,確実に俺に仲間がいると気づいているな……,확실히 나한테 동료가 있다는 걸 눈치챘군……
scene_day3_scenes_fab_day3_logic_6346ee10c065ccc051a489a1ecff7695.bundle,請徐媛開地窖電梯權限,Branch,#Simple,19,よくわかったな。,잘 알아챘네.
scene_day3_scenes_fab_day3_logic_6346ee10c065ccc051a489a1ecff7695.bundle,請徐媛開地窖電梯權限,Say,メイ･ジョ,19,案外素直ね。,의외로 순순하네.
scene_day3_scenes_fab_day3_logic_6346ee10c065ccc051a489a1ecff7695.bundle,請徐媛開地窖電梯權限,Branch,#Simple,20,その問題とやらを教えてくれ。,그 문제라는 걸 알려줘.
scene_day3_scenes_fab_day3_logic_6346ee10c065ccc051a489a1ecff7695.bundle,請徐媛開地窖電梯權限,Say,メイ･ジョ,20,ああ、別に問題はないよ。ただ誘導尋問をしただけ。,"아, 딱히 문제는 없어. 그냥 유도 심문을 했을 뿐."
scene_day3_scenes_fab_day3_logic_6346ee10c065ccc051a489a1ecff7695.bundle,請徐媛開地窖電梯權限,Say,心の声,10,この女、不敵な笑みを……,"이 여자, 대담한 미소를……"
scene_day3_scenes_fab_day3_logic_6346ee10c065ccc051a489a1ecff7695.bundle,請徐媛開地窖電梯權限,Branch,#Simple,21,……,……
scene_day3_scenes_fab_day3_logic_6346ee10c065ccc051a489a1ecff7695.bundle,請徐媛開地窖電梯權限,Branch,#Simple,22,なら俺は問題ないな。,그럼 나는 문제없네.
scene_day3_scenes_fab_day3_logic_6346ee10c065ccc051a489a1ecff7695.bundle,請徐媛開地窖電梯權限,Say,メイ･ジョ,21,……ええ、そうね。,"……그래, 맞네."
scene_day3_scenes_fab_day3_logic_6346ee10c065ccc051a489a1ecff7695.bundle,請徐媛開地窖電梯權限,Say,心の声,11,こっちを観察している……,이쪽을 관찰하고 있다……
scene_day3_scenes_fab_day3_logic_6346ee10c065ccc051a489a1ecff7695.bundle,請徐媛開地窖電梯權限,Say,スイ･ニン,5,正しい対応だ。今のはブラフだ。,옳은 대응이다. 방금 건 블러프다.
scene_day3_scenes_fab_day3_logic_6346ee10c065ccc051a489a1ecff7695.bundle,請徐媛開地窖電梯權限,Say,心の声,12,今のに引っかかっていたら、仲間の存在を疑われていたのか……,"방금 거에 걸려들었으면, 동료의 존재를 의심받았을 뻔했나……"
scene_day3_scenes_fab_day3_logic_6346ee10c065ccc051a489a1ecff7695.bundle,請徐媛開地窖電梯權限,Branch,#Simple,23,……,……
scene_day3_scenes_fab_day3_logic_6346ee10c065ccc051a489a1ecff7695.bundle,請徐媛開地窖電梯權限,Branch,#Simple,24,いや、俺には仲間がいる。,"아니, 나한테는 동료가 있어."
scene_day3_scenes_fab_day3_logic_6346ee10c065ccc051a489a1ecff7695.bundle,請徐媛開地窖電梯權限,Say,23,1,あらー、ジェイさんは正直者だねー。,"어머어, 제이 씨는 정직하네~."
scene_day3_scenes_fab_day3_logic_6346ee10c065ccc051a489a1ecff7695.bundle,請徐媛開地窖電梯權限,Say,スイ･ニン,6,よくも……,잘도……
scene_day3_scenes_fab_day3_logic_6346ee10c065ccc051a489a1ecff7695.bundle,請徐媛開地窖電梯權限,Say,メイ･ジョ,22,やはり仲間がいるのね。,역시 동료가 있구나.
scene_day3_scenes_fab_day3_logic_6346ee10c065ccc051a489a1ecff7695.bundle,請徐媛開地窖電梯權限,Say,メイ･ジョ,23,そう……,그렇구나……
scene_day3_scenes_fab_day3_logic_6346ee10c065ccc051a489a1ecff7695.bundle,請徐媛開地窖電梯權限,Say,メイ･ジョ,24,一度でいいなら、権限を渡してもいい。,"한 번이면 된다면, 권한을 넘겨줘도 돼."
scene_day3_scenes_fab_day3_logic_6346ee10c065ccc051a489a1ecff7695.bundle,請徐媛開地窖電梯權限,Say,心の声,13,一度で十分だ。,한 번이면 충분해.
scene_day3_scenes_fab_day3_logic_6346ee10c065ccc051a489a1ecff7695.bundle,請徐媛開地窖電梯權限,Say,メイ･ジョ,25,でも権限を渡すのは私じゃなくて同僚よ。,근데 권한을 넘기는 건 내가 아니라 동료야.
scene_day3_scenes_fab_day3_logic_6346ee10c065ccc051a489a1ecff7695.bundle,請徐媛開地窖電梯權限,Branch,#Simple,25,どういう意味だ？,무슨 뜻이야?
scene_day3_scenes_fab_day3_logic_6346ee10c065ccc051a489a1ecff7695.bundle,請徐媛開地窖電梯權限,Branch,#Simple,26,同僚とは誰だ？,동료가 누군데?
scene_day3_scenes_fab_day3_logic_6346ee10c065ccc051a489a1ecff7695.bundle,請徐媛開地窖電梯權限,Say,メイ･ジョ,26,実は情報管理部門に、私に借りがある同僚がいるの。,"실은 정보관리부문에, 나한테 빚이 있는 동료가 있어."
scene_day3_scenes_fab_day3_logic_6346ee10c065ccc051a489a1ecff7695.bundle,請徐媛開地窖電梯權限,Say,メイ･ジョ,27,この件で借りを返してもらおうと思ってね。,이 건으로 빚을 갚게 하려고.
scene_day3_scenes_fab_day3_logic_6346ee10c065ccc051a489a1ecff7695.bundle,請徐媛開地窖電梯權限,Say,23,2,きっとジヘイ･リンのことね。,분명 지헤이 린을 말하는 거네.
scene_day3_scenes_fab_day3_logic_6346ee10c065ccc051a489a1ecff7695.bundle,請徐媛開地窖電梯權限,Say,23,3,ジヘイはもう一人の隊長で、メイ･ジョのライバル的存在よ。,"지헤이는 또 다른 대장으로, 메이 조의 라이벌 같은 존재야."
scene_day3_scenes_fab_day3_logic_6346ee10c065ccc051a489a1ecff7695.bundle,請徐媛開地窖電梯權限,Say,23,4,多分ジヘイをこの件を巻き込んで、後で脅そうとしてるのよ。,"아마 지헤이를 이 건에 끌어들여서, 나중에 협박하려는 거야."
scene_day3_scenes_fab_day3_logic_6346ee10c065ccc051a489a1ecff7695.bundle,請徐媛開地窖電梯權限,Say,23,5,私たちにはなんら影響はないし、いいんじゃない？,"우리한테는 아무 영향도 없고, 괜찮지 않아?"
scene_day3_scenes_fab_day3_logic_6346ee10c065ccc051a489a1ecff7695.bundle,請徐媛開地窖電梯權限,Say,心の声,14,よく調べ上げたな……,잘도 조사해냈네……
scene_day3_scenes_fab_day3_logic_6346ee10c065ccc051a489a1ecff7695.bundle,請徐媛開地窖電梯權限,Say,23,6,今、うちのこと凄いと思ったでしょう？,"지금, 나 대단하다고 생각했지?"
scene_day3_scenes_fab_day3_logic_6346ee10c065ccc051a489a1ecff7695.bundle,請徐媛開地窖電梯權限,Say,23,7,そう！うちは最強なの！,맞아! 나는 최강이야!
scene_day3_scenes_fab_day3_logic_6346ee10c065ccc051a489a1ecff7695.bundle,請徐媛開地窖電梯權限,Say,スイ･ニン,7,23号の通信は切った、すまなかったね。,"23호 통신은 끊었다, 미안했네."
scene_day3_scenes_fab_day3_logic_6346ee10c065ccc051a489a1ecff7695.bundle,請徐媛開地窖電梯權限,Say,メイ･ジョ,28,ぼーっとして、どうしたの？,"멍하니 있는데, 왜 그래?"
scene_day3_scenes_fab_day3_logic_6346ee10c065ccc051a489a1ecff7695.bundle,請徐媛開地窖電梯權限,Branch,#Simple,27,いや、何でもない。,"아니, 아무것도 아니야."
scene_day3_scenes_fab_day3_logic_6346ee10c065ccc051a489a1ecff7695.bundle,請徐媛開地窖電梯權限,Say,心の声,15,23号のせいでバレるところだった……,23호 때문에 들킬 뻔했다……
scene_day3_scenes_fab_day3_logic_6346ee10c065ccc051a489a1ecff7695.bundle,請徐媛開地窖電梯權限,Branch,#Simple,28,……,……
scene_day3_scenes_fab_day3_logic_6346ee10c065ccc051a489a1ecff7695.bundle,請徐媛開地窖電梯權限,Say,メイ･ジョ,29,その様子じゃ、ちょっと心配ね。,"그 모습을 보니, 좀 걱정되네."
scene_day3_scenes_fab_day3_logic_6346ee10c065ccc051a489a1ecff7695.bundle,請徐媛開地窖電梯權限,Say,メイ･ジョ,30,まあ、この件を誰にやらせるかは重要ではない。,"뭐, 이 건을 누구한테 시킬지는 중요하지 않아."
scene_day3_scenes_fab_day3_logic_6346ee10c065ccc051a489a1ecff7695.bundle,請徐媛開地窖電梯權限,Branch,#Simple,29,……,……
scene_day3_scenes_fab_day3_logic_6346ee10c065ccc051a489a1ecff7695.bundle,請徐媛開地窖電梯權限,Say,メイ･ジョ,31,結果的に、あなたは欲しいものを手に入れられるのだから、細かい事は忘れて。,"결과적으로, 너는 원하는 걸 손에 넣을 수 있으니까, 자잘한 건 잊어."
scene_day3_scenes_fab_day3_logic_6346ee10c065ccc051a489a1ecff7695.bundle,請徐媛開地窖電梯權限,Say,メイ･ジョ,32,……,……
scene_day3_scenes_fab_day3_logic_6346ee10c065ccc051a489a1ecff7695.bundle,請徐媛開地窖電梯權限,Say,メイ･ジョ,33,もういいわ。オペレーションコアに行きなさい。,됐어. 오퍼레이션 코어로 가.
scene_day3_scenes_fab_day3_logic_6346ee10c065ccc051a489a1ecff7695.bundle,請徐媛開地窖電梯權限,Say,メイ･ジョ,34,でも忘れないで、チャンスは一度だけよ。,"근데 잊지 마, 기회는 한 번뿐이야."
scene_day3_scenes_fab_day3_logic_6346ee10c065ccc051a489a1ecff7695.bundle,請徐媛開地窖電梯權限,Branch,#Simple,30,ありがとう。,고마워.
scene_day3_scenes_fab_day3_logic_6346ee10c065ccc051a489a1ecff7695.bundle,請徐媛開地窖電梯權限,Say,メイ･ジョ,35,どういたしまして、これからも仲良くしましょう。,"천만에, 앞으로도 사이좋게 지내자."
scene_day3_scenes_fab_day3_logic_6346ee10c065ccc051a489a1ecff7695.bundle,請徐媛開地窖電梯權限,Branch,#Simple,31,お疲れ様でした。,수고하셨습니다.
scene_day3_scenes_fab_day3_logic_6346ee10c065ccc051a489a1ecff7695.bundle,請徐媛開地窖電梯權限,Say,メイ･ジョ,36,お礼くらい言ったらどう？,고맙다는 말 정도는 해야 하지 않아?
scene_day3_scenes_fab_day3_logic_6346ee10c065ccc051a489a1ecff7695.bundle,請徐媛開地窖電梯權限,Branch,#Simple,32,……,……
scene_day3_scenes_fab_day3_logic_6346ee10c065ccc051a489a1ecff7695.bundle,請徐媛開地窖電梯權限,Say,23,8,本当に権限を与えてくれたみたいね。,진짜로 권한을 줬나 보네.
scene_day3_scenes_fab_day3_logic_6346ee10c065ccc051a489a1ecff7695.bundle,請徐媛開地窖電梯權限,Say,スイ･ニン,8,よくやった。セラーのエレベーターでリュウセイと合流してくれ。,잘했다. 저장고 엘리베이터에서 류성이랑 합류해줘.
scene_day3_scenes_fab_day3_logic_6346ee10c065ccc051a489a1ecff7695.bundle,請徐媛開地窖電梯權限,Say,メイ･ジョ,37,誰が取締役会の協力者なのか、教えてくれる気になった？,"누가 이사회 협력자인지, 알려줄 마음이 든 거야?"
scene_day3_scenes_fab_day3_logic_6346ee10c065ccc051a489a1ecff7695.bundle,請徐媛開地窖電梯權限,Branch,#Simple,33,そうだ。,맞아.
scene_day3_scenes_fab_day3_logic_6346ee10c065ccc051a489a1ecff7695.bundle,請徐媛開地窖電梯權限,Branch,#Simple,34,どうしてわかったんだ？,어떻게 안 거지?
scene_day3_scenes_fab_day3_logic_6346ee10c065ccc051a489a1ecff7695.bundle,請徐媛開地窖電梯權限,Say,メイ･ジョ,38,私と雑談をしに来るわけないでしょう？,나랑 잡담하러 온 건 아니잖아?
scene_day3_scenes_fab_day3_logic_6346ee10c065ccc051a489a1ecff7695.bundle,請徐媛開地窖電梯權限,Say,メイ･ジョ,39,それで誰だったの？,그래서 누구였는데?
scene_day3_scenes_fab_day3_logic_6346ee10c065ccc051a489a1ecff7695.bundle,請徐媛開地窖電梯權限,Branch,#Simple,35,工場閉鎖派の協力者は操作組のケイウイ･コだ。,공장 폐쇄파 협력자는 조작조의 케이위 코야.
scene_day3_scenes_fab_day3_logic_6346ee10c065ccc051a489a1ecff7695.bundle,請徐媛開地窖電梯權限,Say,メイ･ジョ,40,操作組のチーフ？,조작조 팀장?
scene_day3_scenes_fab_day3_logic_6346ee10c065ccc051a489a1ecff7695.bundle,請徐媛開地窖電梯權限,Say,メイ･ジョ,41,無能でもチーフになれたのはそういうことね……,무능해도 팀장이 될 수 있었던 게 그런 거였구나……
scene_day3_scenes_fab_day3_logic_6346ee10c065ccc051a489a1ecff7695.bundle,請徐媛開地窖電梯權限,Say,メイ･ジョ,42,理にかなってる。,말이 되네.
scene_day3_scenes_fab_day3_logic_6346ee10c065ccc051a489a1ecff7695.bundle,請徐媛開地窖電梯權限,Branch,#Simple,36,工場閉鎖派の協力者は操作組のセラ･キョウだ。,공장 폐쇄파 협력자는 조작조의 세라 쿄야.
scene_day3_scenes_fab_day3_logic_6346ee10c065ccc051a489a1ecff7695.bundle,請徐媛開地窖電梯權限,Say,メイ･ジョ,43,……,……
scene_day3_scenes_fab_day3_logic_6346ee10c065ccc051a489a1ecff7695.bundle,請徐媛開地窖電梯權限,Say,メイ･ジョ,44,セラ……私の監視リストには載っていないわね。,세라……내 감시 명단엔 없는데.
scene_day3_scenes_fab_day3_logic_6346ee10c065ccc051a489a1ecff7695.bundle,請徐媛開地窖電梯權限,Say,メイ･ジョ,45,調べておくわ。,조사해둘게.
scene_day3_scenes_fab_day3_logic_6346ee10c065ccc051a489a1ecff7695.bundle,請徐媛開地窖電梯權限,Branch,#Simple,37,工場閉鎖派の協力者は操作組のセラ･キョウとケイウイ･コだ。,공장 폐쇄파 협력자는 조작조의 세라 쿄랑 케이위 코야.
scene_day3_scenes_fab_day3_logic_6346ee10c065ccc051a489a1ecff7695.bundle,請徐媛開地窖電梯權限,Say,メイ･ジョ,46,操作組のチーフ？,조작조 팀장?
scene_day3_scenes_fab_day3_logic_6346ee10c065ccc051a489a1ecff7695.bundle,請徐媛開地窖電梯權限,Say,メイ･ジョ,47,無能でもチーフになれたのはそういうことね……,무능해도 팀장이 될 수 있었던 게 그런 거였구나……
scene_day3_scenes_fab_day3_logic_6346ee10c065ccc051a489a1ecff7695.bundle,請徐媛開地窖電梯權限,Say,メイ･ジョ,48,……,……
scene_day3_scenes_fab_day3_logic_6346ee10c065ccc051a489a1ecff7695.bundle,請徐媛開地窖電梯權限,Say,メイ･ジョ,49,セラ……私の監視リストには載っていないわね。,세라……내 감시 명단엔 없는데.
scene_day3_scenes_fab_day3_logic_6346ee10c065ccc051a489a1ecff7695.bundle,請徐媛開地窖電梯權限,Say,メイ･ジョ,50,調べておくわ。,조사해둘게.
scene_day3_scenes_fab_day3_logic_6346ee10c065ccc051a489a1ecff7695.bundle,請徐媛開地窖電梯權限,Say,心の声,16,確か、チキョウ･リョウだ……,"분명, 치쿄 료다……"
scene_day3_scenes_fab_day3_logic_6346ee10c065ccc051a489a1ecff7695.bundle,請徐媛開地窖電梯權限,Branch,#Simple,38,工場存続派の協力者は選別組のチキョウ･リョウだ。,공장 존속파 협력자는 선별조의 치쿄 료야.
scene_day3_scenes_fab_day3_logic_6346ee10c065ccc051a489a1ecff7695.bundle,請徐媛開地窖電梯權限,Say,メイ･ジョ,51,あのおじさんか。シエンから報告が上がってたから覚えてる。,그 아저씨였구나. 셰인한테서 보고가 올라와서 기억해.
scene_day3_scenes_fab_day3_logic_6346ee10c065ccc051a489a1ecff7695.bundle,請徐媛開地窖電梯權限,Say,メイ･ジョ,52,彼か……,그 사람인가……
scene_day3_scenes_fab_day3_logic_6346ee10c065ccc051a489a1ecff7695.bundle,請徐媛開地窖電梯權限,Say,心の声,17,何かに気づいたようだ……,뭔가 눈치챈 것 같다……
scene_day3_scenes_fab_day3_logic_6346ee10c065ccc051a489a1ecff7695.bundle,請徐媛開地窖電梯權限,Say,メイ･ジョ,53,とりあえず、わかった。,"일단, 알았어."
scene_day3_scenes_fab_day3_logic_6346ee10c065ccc051a489a1ecff7695.bundle,請徐媛開地窖電梯權限,Say,メイ･ジョ,54,……,……
scene_day3_scenes_fab_day3_logic_6346ee10c065ccc051a489a1ecff7695.bundle,請徐媛開地窖電梯權限,Say,メイ･ジョ,55,ジェイ･ダイ、あなたはこの状況で嘘をつくほどバカではないと思う。,"제이 다이, 너는 이 상황에서 거짓말을 할 만큼 바보는 아니라고 생각해."
scene_day3_scenes_fab_day3_logic_6346ee10c065ccc051a489a1ecff7695.bundle,請徐媛開地窖電梯權限,Say,メイ･ジョ,56,でも忠告よ。もしあなたが嘘をついていたとわかったら、ただでは済まない。,"근데 충고해두는데. 만약 네가 거짓말한 거라는 게 밝혀지면, 그냥은 안 넘어가."
scene_day3_scenes_fab_day3_logic_6346ee10c065ccc051a489a1ecff7695.bundle,請徐媛開地窖電梯權限,Say,メイ･ジョ,57,とはいえ、私は今あなたに借りができた。,"그렇다고 해도, 나는 지금 너한테 빚이 생겼어."
scene_day3_scenes_fab_day3_logic_6346ee10c065ccc051a489a1ecff7695.bundle,請徐媛開地窖電梯權限,Say,メイ･ジョ,58,何か頼みたいことがあるんでしょ？いいわ、言いなさい。,"뭔가 부탁하고 싶은 게 있는 거지? 좋아, 말해."
scene_day3_scenes_fab_day3_logic_6346ee10c065ccc051a489a1ecff7695.bundle,認真引導特勤,Say,シソン･リク,0,考えは変わったか？,생각이 바뀌었나?
scene_day3_scenes_fab_day3_logic_6346ee10c065ccc051a489a1ecff7695.bundle,認真引導特勤,Branch,#Simple,0,ああ、任せてほしい。,"그래, 나한테 맡겨줘."
scene_day3_scenes_fab_day3_logic_6346ee10c065ccc051a489a1ecff7695.bundle,認真引導特勤,Say,シソン･リク,1,ありがとうございます。,감사합니다.
scene_day3_scenes_fab_day3_logic_6346ee10c065ccc051a489a1ecff7695.bundle,認真引導特勤,Branch,#Simple,1,いや。,아니.
scene_day3_scenes_fab_day3_logic_6346ee10c065ccc051a489a1ecff7695.bundle,認真引導特勤,Say,シソン･リク,2,わかった。,알았어.
scene_day3_scenes_fab_day3_logic_6346ee10c065ccc051a489a1ecff7695.bundle,認真引導特勤,Say,シソン･リク,3,またあなたですか。何か用です？,또 당신입니까. 무슨 용건이시죠?
scene_day3_scenes_fab_day3_logic_6346ee10c065ccc051a489a1ecff7695.bundle,認真引導特勤,Say,心の声,0,この男と会うのは今日で二回目だな。,이 남자를 만나는 게 오늘로 두 번째군.
scene_day3_scenes_fab_day3_logic_6346ee10c065ccc051a489a1ecff7695.bundle,認真引導特勤,Branch,#Simple,2,今日、本社から派遣された捜査員を知らないか？,"오늘 본사에서 파견된 수사원, 아는 거 있나?"
scene_day3_scenes_fab_day3_logic_6346ee10c065ccc051a489a1ecff7695.bundle,認真引導特勤,Say,シソン･リク,4,本社から来た捜査員？,본사에서 온 수사원요?
scene_day3_scenes_fab_day3_logic_6346ee10c065ccc051a489a1ecff7695.bundle,認真引導特勤,Say,シソン･リク,5,我々、情報セキュリティー部は全員本社から来ている。,우리 정보보안부는 전원 본사에서 왔습니다.
scene_day3_scenes_fab_day3_logic_6346ee10c065ccc051a489a1ecff7695.bundle,認真引導特勤,Branch,#Simple,3,いや、今日だけ特別に派遣された人のことを聞いている。,"아니, 오늘만 특별히 파견된 사람 얘기를 묻고 있어."
scene_day3_scenes_fab_day3_logic_6346ee10c065ccc051a489a1ecff7695.bundle,認真引導特勤,Branch,#Simple,4,俺が探している人物は情報セキュリティー部の人じゃない。,내가 찾고 있는 인물은 정보보안부 사람이 아니야.
scene_day3_scenes_fab_day3_logic_6346ee10c065ccc051a489a1ecff7695.bundle,認真引導特勤,Branch,#Simple,5,俺はただ、チキョウ･リョウを連行した人物について聞きたいだけだ。,"나는 그저, 치쿄 료를 연행한 인물에 대해 묻고 싶을 뿐이야."
scene_day3_scenes_fab_day3_logic_6346ee10c065ccc051a489a1ecff7695.bundle,認真引導特勤,Say,シソン･リク,6,チキョウ･リョウ？,치쿄 료요?
scene_day3_scenes_fab_day3_logic_6346ee10c065ccc051a489a1ecff7695.bundle,認真引導特勤,Say,シソン･リク,7,それは……,그건……
scene_day3_scenes_fab_day3_logic_6346ee10c065ccc051a489a1ecff7695.bundle,認真引導特勤,Say,シソン･リク,8,聞かされていないな。,전달받은 게 없네요.
scene_day3_scenes_fab_day3_logic_6346ee10c065ccc051a489a1ecff7695.bundle,認真引導特勤,Say,シソン･リク,9,でも、あの人に聞けばわかるはずだ。,"하지만, 그 사람한테 물어보면 알 수 있을 겁니다."
scene_day3_scenes_fab_day3_logic_6346ee10c065ccc051a489a1ecff7695.bundle,認真引導特勤,Branch,#Simple,6,あの人？誰だ？,그 사람? 누구지?
scene_day3_scenes_fab_day3_logic_6346ee10c065ccc051a489a1ecff7695.bundle,認真引導特勤,Say,シソン･リク,10,待て……,잠깐만……
scene_day3_scenes_fab_day3_logic_6346ee10c065ccc051a489a1ecff7695.bundle,認真引導特勤,Branch,#Simple,7,……,……
scene_day3_scenes_fab_day3_logic_6346ee10c065ccc051a489a1ecff7695.bundle,認真引導特勤,Say,シソン･リク,11,条件がある。,조건이 있습니다.
scene_day3_scenes_fab_day3_logic_6346ee10c065ccc051a489a1ecff7695.bundle,認真引導特勤,Say,心の声,1,またか？,또인가?
scene_day3_scenes_fab_day3_logic_6346ee10c065ccc051a489a1ecff7695.bundle,認真引導特勤,Branch,#Simple,8,また俺を騙そうとしているのか？,또 나를 속이려는 건가?
scene_day3_scenes_fab_day3_logic_6346ee10c065ccc051a489a1ecff7695.bundle,認真引導特勤,Branch,#Simple,9,俺はもうお前らを信用しない。,나는 이제 너희를 안 믿어.
scene_day3_scenes_fab_day3_logic_6346ee10c065ccc051a489a1ecff7695.bundle,認真引導特勤,Say,シソン･リク,12,ん？うちの隊の人に騙されたりしたのか？,음? 저희 쪽 사람한테 속기라도 하셨나요?
scene_day3_scenes_fab_day3_logic_6346ee10c065ccc051a489a1ecff7695.bundle,認真引導特勤,Say,シソン･リク,13,まさか面談ホールを担当しているキヨ･シュウか？,설마 면담홀 담당인 키요 슈였나요?
scene_day3_scenes_fab_day3_logic_6346ee10c065ccc051a489a1ecff7695.bundle,認真引導特勤,Branch,#Simple,10,そうだ。,맞아.
scene_day3_scenes_fab_day3_logic_6346ee10c065ccc051a489a1ecff7695.bundle,認真引導特勤,Say,シソン･リク,14,それは申し訳ない。,그건 미안하네.
scene_day3_scenes_fab_day3_logic_6346ee10c065ccc051a489a1ecff7695.bundle,認真引導特勤,Say,シソン･リク,15,我々捜査員は信用を何より重んじる組織だ。この件は後で必ず報告する。,우리 수사원은 신뢰를 무엇보다 중시하는 조직입니다. 이 건은 나중에 반드시 보고하겠습니다.
scene_day3_scenes_fab_day3_logic_6346ee10c065ccc051a489a1ecff7695.bundle,認真引導特勤,Say,心の声,2,驚いた……意外と真面目だ。,놀랍네……의외로 진지하잖아.
scene_day3_scenes_fab_day3_logic_6346ee10c065ccc051a489a1ecff7695.bundle,認真引導特勤,Branch,#Simple,11,いや、違う。,"아니, 그런 거 아니야."
scene_day3_scenes_fab_day3_logic_6346ee10c065ccc051a489a1ecff7695.bundle,認真引導特勤,Say,シソン･リク,16,そうか。,그렇구나.
scene_day3_scenes_fab_day3_logic_6346ee10c065ccc051a489a1ecff7695.bundle,認真引導特勤,Say,シソン･リク,17,とにかく、俺は絶対に約束を守る。,"아무튼, 저는 절대 약속을 지킵니다."
scene_day3_scenes_fab_day3_logic_6346ee10c065ccc051a489a1ecff7695.bundle,認真引導特勤,Branch,#Simple,12,……,……
scene_day3_scenes_fab_day3_logic_6346ee10c065ccc051a489a1ecff7695.bundle,認真引導特勤,Say,シソン･リク,18,じ、実は……,"시, 실은……"
scene_day3_scenes_fab_day3_logic_6346ee10c065ccc051a489a1ecff7695.bundle,認真引導特勤,Say,心の声,3,照れてるのか……？,쑥스러워하는 건가……?
scene_day3_scenes_fab_day3_logic_6346ee10c065ccc051a489a1ecff7695.bundle,認真引導特勤,Say,シソン･リク,19,実は選別組にいる、ある人の連絡先を知りたいんだ。頼めるか？,"실은 선별조에 있는, 어떤 사람 연락처를 알고 싶은데. 부탁해도 될까요?"
scene_day3_scenes_fab_day3_logic_6346ee10c065ccc051a489a1ecff7695.bundle,認真引導特勤,Say,心の声,4,なるほど、女目当てか……,"그렇군, 여자 때문인가……"
scene_day3_scenes_fab_day3_logic_6346ee10c065ccc051a489a1ecff7695.bundle,認真引導特勤,Branch,#Simple,13,相手は？,상대는?
scene_day3_scenes_fab_day3_logic_6346ee10c065ccc051a489a1ecff7695.bundle,認真引導特勤,Say,シソン･リク,20,イエホン･キュウ。,이홍 큐입니다.
scene_day3_scenes_fab_day3_logic_6346ee10c065ccc051a489a1ecff7695.bundle,認真引導特勤,Branch,#Simple,14,いいよ。,좋아.
scene_day3_scenes_fab_day3_logic_6346ee10c065ccc051a489a1ecff7695.bundle,認真引導特勤,Say,シソン･リク,21,じゃ、連絡先を頼んだぞ。,"그럼, 연락처 부탁한다."
scene_day3_scenes_fab_day3_logic_6346ee10c065ccc051a489a1ecff7695.bundle,認真引導特勤,Say,シソン･リク,22,彼はオフィスに入ったばかりだと思う。,그 사람 방금 사무실에 들어갔을 겁니다.
scene_day3_scenes_fab_day3_logic_6346ee10c065ccc051a489a1ecff7695.bundle,認真引導特勤,Say,心の声,5,ボーちゃんだったのか？,보 짱이었나?
scene_day3_scenes_fab_day3_logic_6346ee10c065ccc051a489a1ecff7695.bundle,認真引導特勤,Branch,#Simple,15,ああ、それなら簡単だ。,"그래, 그거라면 간단하지."
scene_day3_scenes_fab_day3_logic_6346ee10c065ccc051a489a1ecff7695.bundle,認真引導特勤,Say,シソン･リク,23,じゃ、頼んだ。,"그럼, 부탁한다."
scene_day3_scenes_fab_day3_logic_6346ee10c065ccc051a489a1ecff7695.bundle,認真引導特勤,Branch,#Simple,16,彼に興味があるのか？,저 녀석한테 관심 있는 건가?
scene_day3_scenes_fab_day3_logic_6346ee10c065ccc051a489a1ecff7695.bundle,認真引導特勤,Say,シソン･リク,24,ああ、だから連絡先がほしいんだ。,"그래, 그래서 연락처가 필요한 거야."
scene_day3_scenes_fab_day3_logic_6346ee10c065ccc051a489a1ecff7695.bundle,認真引導特勤,Branch,#Simple,17,……,……
scene_day3_scenes_fab_day3_logic_6346ee10c065ccc051a489a1ecff7695.bundle,認真引導特勤,Say,シソン･リク,25,ちなみに、断られるのも承知の上だから、ありのままの彼の言葉を教えてほしい。,"참고로, 거절당할 각오도 되어 있으니까, 그 사람 말 그대로 전해줬으면 해."
scene_day3_scenes_fab_day3_logic_6346ee10c065ccc051a489a1ecff7695.bundle,認真引導特勤,Say,シソン･リク,26,俺も、知っていることはすべて教える。,"나도, 알고 있는 건 전부 알려주지."
scene_day3_scenes_fab_day3_logic_6346ee10c065ccc051a489a1ecff7695.bundle,認真引導特勤,Say,シソン･リク,27,どう？,어때?
scene_day3_scenes_fab_day3_logic_6346ee10c065ccc051a489a1ecff7695.bundle,認真引導特勤,Branch,#Simple,18,わかった。約束だ。,알았다. 약속이다.
scene_day3_scenes_fab_day3_logic_6346ee10c065ccc051a489a1ecff7695.bundle,認真引導特勤,Say,シソン･リク,28,ああ、約束する。,"그래, 약속한다."
scene_day3_scenes_fab_day3_logic_6346ee10c065ccc051a489a1ecff7695.bundle,認真引導特勤,Branch,#Simple,19,もう少し考えさせてくれ。,좀 더 생각하게 해줘.
scene_day3_scenes_fab_day3_logic_6346ee10c065ccc051a489a1ecff7695.bundle,認真引導特勤,Say,シソン･リク,29,ああ、気が変わったらまた来てくれ。,"그래, 마음 바뀌면 또 와줘."
scene_day3_scenes_fab_day3_logic_6346ee10c065ccc051a489a1ecff7695.bundle,認真引導特勤,Branch,#Simple,20,待ってくれ。自分で聞けばいい話じゃないか？,잠깐만. 직접 물어보면 될 얘기 아닌가?
scene_day3_scenes_fab_day3_logic_6346ee10c065ccc051a489a1ecff7695.bundle,認真引導特勤,Say,シソン･リク,30,き、緊張して俺からはちょっと……,"기, 긴장돼서 나로서는 좀……"
scene_day3_scenes_fab_day3_logic_6346ee10c065ccc051a489a1ecff7695.bundle,認真引導特勤,Say,シソン･リク,31,だから、その……,"그러니까, 그……"
scene_day3_scenes_fab_day3_logic_6346ee10c065ccc051a489a1ecff7695.bundle,認真引導特勤,Say,心の声,6,照れるタイプなのか……？,쑥스러움 타는 타입인가……?
scene_day3_scenes_fab_day3_logic_6346ee10c065ccc051a489a1ecff7695.bundle,認真引導特勤,Say,シソン･リク,32,お、お願いできないか？,"부, 부탁해도 될까?"
scene_day3_scenes_fab_day3_logic_6346ee10c065ccc051a489a1ecff7695.bundle,認真引導特勤,Branch,#Simple,21,わかった。約束だ。,알았다. 약속이다.
scene_day3_scenes_fab_day3_logic_6346ee10c065ccc051a489a1ecff7695.bundle,認真引導特勤,Say,シソン･リク,33,ああ、約束する。,"그래, 약속한다."
scene_day3_scenes_fab_day3_logic_6346ee10c065ccc051a489a1ecff7695.bundle,認真引導特勤,Branch,#Simple,22,もう少し考えさせてくれ。,좀 더 생각하게 해줘.
scene_day3_scenes_fab_day3_logic_6346ee10c065ccc051a489a1ecff7695.bundle,認真引導特勤,Say,シソン･リク,34,ああ、気が変わったらまた来てくれ。,"그래, 마음 바뀌면 또 와줘."
scene_day3_scenes_fab_day3_logic_6346ee10c065ccc051a489a1ecff7695.bundle,去莊詩妍位置遇到孫茹,Say,ジソ･ソン,0,よっ！,야!
scene_day3_scenes_fab_day3_logic_6346ee10c065ccc051a489a1ecff7695.bundle,去莊詩妍位置遇到孫茹,Say,ジソ･ソン,1,元気か？,잘 지내?
scene_day3_scenes_fab_day3_logic_6346ee10c065ccc051a489a1ecff7695.bundle,去莊詩妍位置遇到孫茹,Branch,#Simple,0,この階で調査をしている捜査員を探している。,이 층에서 조사하는 수사관을 찾고 있어.
scene_day3_scenes_fab_day3_logic_6346ee10c065ccc051a489a1ecff7695.bundle,去莊詩妍位置遇到孫茹,Branch,#Simple,1,捜査員どこだ？,수사관 어디 있어?
scene_day3_scenes_fab_day3_logic_6346ee10c065ccc051a489a1ecff7695.bundle,去莊詩妍位置遇到孫茹,Say,ジソ･ソン,2,トイレや。だから私が代わりをやっとるんや。,화장실 갔어. 그래서 내가 대신 하고 있는 거야.
scene_day3_scenes_fab_day3_logic_6346ee10c065ccc051a489a1ecff7695.bundle,去莊詩妍位置遇到孫茹,Branch,#Simple,2,ここで何をしている？,여기서 뭐 하는 거야?
scene_day3_scenes_fab_day3_logic_6346ee10c065ccc051a489a1ecff7695.bundle,去莊詩妍位置遇到孫茹,Say,ジソ･ソン,3,あー、シエンの代わりに仕事しとるんや。,아~ 셰인 대신 일하고 있는 거야.
scene_day3_scenes_fab_day3_logic_6346ee10c065ccc051a489a1ecff7695.bundle,去莊詩妍位置遇到孫茹,Branch,#Simple,3,シエン？,셰인?
scene_day3_scenes_fab_day3_logic_6346ee10c065ccc051a489a1ecff7695.bundle,去莊詩妍位置遇到孫茹,Say,ジソ･ソン,4,この階の捜査員や。セラーを出入りする人を止めてスキャンしてた女の子や。,이 층 수사관이야. 저장고 드나드는 사람들 세워서 스캔하던 여자애.
scene_day3_scenes_fab_day3_logic_6346ee10c065ccc051a489a1ecff7695.bundle,去莊詩妍位置遇到孫茹,Branch,#Simple,4,……,……
scene_day3_scenes_fab_day3_logic_6346ee10c065ccc051a489a1ecff7695.bundle,去莊詩妍位置遇到孫茹,Say,ジソ･ソン,5,彼女がトイレに行ったから、彼女の仕事を代わりに私がやっとる。,"그 애가 화장실 갔으니까, 그 일을 대신 내가 하고 있는 거야."
scene_day3_scenes_fab_day3_logic_6346ee10c065ccc051a489a1ecff7695.bundle,去莊詩妍位置遇到孫茹,Branch,#Simple,5,優しいな。,착하네.
scene_day3_scenes_fab_day3_logic_6346ee10c065ccc051a489a1ecff7695.bundle,去莊詩妍位置遇到孫茹,Say,ジソ･ソン,6,情報セキュリティー部では珍しいええ子やからね。,정보 보안부에서는 드물게 착한 애니까.
scene_day3_scenes_fab_day3_logic_6346ee10c065ccc051a489a1ecff7695.bundle,去莊詩妍位置遇到孫茹,Branch,#Simple,6,暇なのか？,한가한 거야?
scene_day3_scenes_fab_day3_logic_6346ee10c065ccc051a489a1ecff7695.bundle,去莊詩妍位置遇到孫茹,Say,ジソ･ソン,7,ちょ、失礼やな。,"야, 실례네."
scene_day3_scenes_fab_day3_logic_6346ee10c065ccc051a489a1ecff7695.bundle,去莊詩妍位置遇到孫茹,Say,ジソ･ソン,8,もう今日の仕事は終わったんや。,오늘 일은 이미 다 끝났어.
scene_day3_scenes_fab_day3_logic_6346ee10c065ccc051a489a1ecff7695.bundle,去莊詩妍位置遇到孫茹,Branch,#Simple,7,……,……
scene_day3_scenes_fab_day3_logic_6346ee10c065ccc051a489a1ecff7695.bundle,去莊詩妍位置遇到孫茹,Say,ジソ･ソン,9,シエンがここでモジモジしとったから、どうしたんやて聞ぃたら……,"셰인이 여기서 안절부절못하고 있길래, 무슨 일이냐고 물어봤더니……"
scene_day3_scenes_fab_day3_logic_6346ee10c065ccc051a489a1ecff7695.bundle,去莊詩妍位置遇到孫茹,Say,ジソ･ソン,10,トイレに行きたいんやけど、交代がまだ来てへんから行かれへんって言うんや。,"화장실 가고 싶은데, 교대가 아직 안 와서 못 간다는 거야."
scene_day3_scenes_fab_day3_logic_6346ee10c065ccc051a489a1ecff7695.bundle,去莊詩妍位置遇到孫茹,Branch,#Simple,8,トイレすら許されないのか？,화장실도 못 가게 하는 거야?
scene_day3_scenes_fab_day3_logic_6346ee10c065ccc051a489a1ecff7695.bundle,去莊詩妍位置遇到孫茹,Say,ジソ･ソン,11,私と同じとこツッコむやん、ハハハ！,"나랑 똑같은 데를 짚네, 하하하!"
scene_day3_scenes_fab_day3_logic_6346ee10c065ccc051a489a1ecff7695.bundle,去莊詩妍位置遇到孫茹,Branch,#Simple,9,それで、あんたが代わりを引き受けたのか？,"그래서, 네가 대신 맡아준 거야?"
scene_day3_scenes_fab_day3_logic_6346ee10c065ccc051a489a1ecff7695.bundle,去莊詩妍位置遇到孫茹,Say,ジソ･ソン,12,そや。私は優しい人やさかい！,그래. 나는 착한 사람이니까!
scene_day3_scenes_fab_day3_logic_6346ee10c065ccc051a489a1ecff7695.bundle,去莊詩妍位置遇到孫茹,Say,ジソ･ソン,13,ハハハ、そうだな！,"하하하, 그러네!"
scene_day3_scenes_fab_day3_logic_6346ee10c065ccc051a489a1ecff7695.bundle,去莊詩妍位置遇到孫茹,Branch,#Simple,10,……,……
scene_day3_scenes_fab_day3_logic_6346ee10c065ccc051a489a1ecff7695.bundle,去莊詩妍位置遇到孫茹,Say,ジソ･ソン,14,彼女は責任感が強いし、隊長を尊敬してるみたいや。,"그 애는 책임감이 강하고, 대장을 존경하는 것 같아."
scene_day3_scenes_fab_day3_logic_6346ee10c065ccc051a489a1ecff7695.bundle,去莊詩妍位置遇到孫茹,Say,心の声,0,……メイ･ジョを尊敬している？,……메이 조를 존경한다고?
scene_day3_scenes_fab_day3_logic_6346ee10c065ccc051a489a1ecff7695.bundle,去莊詩妍位置遇到孫茹,Say,ジソ･ソン,15,それにシエンは私たち修築組に優しい。傲慢な他のやつらよりずっとええ。,게다가 셰인은 우리 수축조한테 잘해줘. 거만한 다른 놈들보다 훨씬 낫지.
scene_day3_scenes_fab_day3_logic_6346ee10c065ccc051a489a1ecff7695.bundle,去莊詩妍位置遇到孫茹,Say,ジソ･ソン,16,せやさかい、彼女を手伝ってあげよう思たんや。,"그러니까, 그 애를 도와줘야겠다고 생각한 거야."
scene_day3_scenes_fab_day3_logic_6346ee10c065ccc051a489a1ecff7695.bundle,去莊詩妍位置遇到孫茹,Say,ジソ･ソン,17,彼女に何ぞ用があるんかいな？,그 애한테 무슨 볼일 있어?
scene_day3_scenes_fab_day3_logic_6346ee10c065ccc051a489a1ecff7695.bundle,去莊詩妍位置遇到孫茹,Branch,#Simple,11,ああ、少し聞きたいことがある。,"그래, 좀 물어볼 게 있어."
scene_day3_scenes_fab_day3_logic_6346ee10c065ccc051a489a1ecff7695.bundle,去莊詩妍位置遇到孫茹,Say,ジソ･ソン,18,どないなことや？,뭔데?
scene_day3_scenes_fab_day3_logic_6346ee10c065ccc051a489a1ecff7695.bundle,去莊詩妍位置遇到孫茹,Branch,#Simple,12,実は、ある人物について聞きたいんだ。,"실은, 어떤 인물에 대해서 물어보고 싶어서."
scene_day3_scenes_fab_day3_logic_6346ee10c065ccc051a489a1ecff7695.bundle,去莊詩妍位置遇到孫茹,Say,ジソ･ソン,19,誰や？,누구?
scene_day3_scenes_fab_day3_logic_6346ee10c065ccc051a489a1ecff7695.bundle,去莊詩妍位置遇到孫茹,Branch,#Simple,13,すまない、気にしないでくれ。,"미안, 신경 쓰지 마."
scene_day3_scenes_fab_day3_logic_6346ee10c065ccc051a489a1ecff7695.bundle,去莊詩妍位置遇到孫茹,Say,ジソ･ソン,20,そないにミステリアスなのか？,그렇게 미스터리한 거야?
scene_day3_scenes_fab_day3_logic_6346ee10c065ccc051a489a1ecff7695.bundle,去莊詩妍位置遇到孫茹,Branch,#Simple,14,ああ。,아.
scene_day3_scenes_fab_day3_logic_6346ee10c065ccc051a489a1ecff7695.bundle,去莊詩妍位置遇到孫茹,Say,ジソ･ソン,21,そうか。,그렇구나.
scene_day3_scenes_fab_day3_logic_6346ee10c065ccc051a489a1ecff7695.bundle,去莊詩妍位置遇到孫茹,Say,ジソ･ソン,22,そうや……,맞다……
scene_day3_scenes_fab_day3_logic_6346ee10c065ccc051a489a1ecff7695.bundle,去莊詩妍位置遇到孫茹,Say,ジソ･ソン,23,セラーのエレベーターのライトを直してくれておおきに。,저장고 엘리베이터 조명 고쳐줘서 고마워.
scene_day3_scenes_fab_day3_logic_6346ee10c065ccc051a489a1ecff7695.bundle,去莊詩妍位置遇到孫茹,Say,ジソ･ソン,24,ほんまに助かったで。,진짜 도움 됐어.
scene_day3_scenes_fab_day3_logic_6346ee10c065ccc051a489a1ecff7695.bundle,去莊詩妍位置遇到孫茹,Branch,#Simple,15,それなら良かった。,그렇다면 다행이네요.
scene_day3_scenes_fab_day3_logic_6346ee10c065ccc051a489a1ecff7695.bundle,去莊詩妍位置遇到孫茹,Branch,#Simple,16,俺に借りができたな。,나한테 빚진 거네.
scene_day3_scenes_fab_day3_logic_6346ee10c065ccc051a489a1ecff7695.bundle,去莊詩妍位置遇到孫茹,Say,ジソ･ソン,25,ちぇ、細かいのう。,"체, 쪼잔하기는."
scene_day3_scenes_fab_day3_logic_6346ee10c065ccc051a489a1ecff7695.bundle,去莊詩妍位置遇到孫茹,Branch,#Simple,17,……,……
scene_day3_scenes_fab_day3_logic_6346ee10c065ccc051a489a1ecff7695.bundle,去莊詩妍位置遇到孫茹,Say,ジソ･ソン,26,ああ！,아!
scene_day3_scenes_fab_day3_logic_6346ee10c065ccc051a489a1ecff7695.bundle,去莊詩妍位置遇到孫茹,Say,ジソ･ソン,27,来よったな。,왔네.
scene_day3_scenes_fab_day3_logic_6346ee10c065ccc051a489a1ecff7695.bundle,去莊詩妍位置遇到孫茹,Say,ジソ･ソン,28,シエン！,셰인!
scene_day3_scenes_fab_day3_logic_6346ee10c065ccc051a489a1ecff7695.bundle,去莊詩妍位置遇到孫茹,Say,ジソ･ソン,29,トイレ長かったな～,화장실 오래 있었네~
scene_day3_scenes_fab_day3_logic_6346ee10c065ccc051a489a1ecff7695.bundle,去莊詩妍位置遇到孫茹,Say,ジソ･ソン,30,大の方か？,큰 거였어?
scene_day3_scenes_fab_day3_logic_6346ee10c065ccc051a489a1ecff7695.bundle,去莊詩妍位置遇到孫茹,Say,シェーン･ソウ,0,ちょっ、声が大きい！,"자, 잠깐, 목소리 커요!"
scene_day3_scenes_fab_day3_logic_6346ee10c065ccc051a489a1ecff7695.bundle,去莊詩妍位置遇到孫茹,Say,ジソ･ソン,31,あぁ、すまんすまん、アハハ……,"아, 미안 미안, 아하하……"
scene_day3_scenes_fab_day3_logic_6346ee10c065ccc051a489a1ecff7695.bundle,去莊詩妍位置遇到孫茹,Say,心の声,1,チキョウ･リョウを連行した捜査員を知っているか？,치쿄 료를 연행한 수사관을 아는가……
scene_day3_scenes_fab_day3_logic_6346ee10c065ccc051a489a1ecff7695.bundle,去莊詩妍位置遇到孫茹,Say,ジソ･ソン,32,せや。こちらはジェイさん。,맞다. 이쪽은 제이 씨.
scene_day3_scenes_fab_day3_logic_6346ee10c065ccc051a489a1ecff7695.bundle,去莊詩妍位置遇到孫茹,Branch,#Simple,18,どうも。,안녕하세요.
scene_day3_scenes_fab_day3_logic_6346ee10c065ccc051a489a1ecff7695.bundle,去莊詩妍位置遇到孫茹,Say,シェーン･ソウ,1,お疲れ様です。,수고하십니다.
scene_day3_scenes_fab_day3_logic_6346ee10c065ccc051a489a1ecff7695.bundle,去莊詩妍位置遇到孫茹,Branch,#Simple,19,俺をスキャンしたはずだ。覚えているか？,나 스캔했었을 텐데. 기억나?
scene_day3_scenes_fab_day3_logic_6346ee10c065ccc051a489a1ecff7695.bundle,去莊詩妍位置遇到孫茹,Say,シェーン･ソウ,2,ええ。,네.
scene_day3_scenes_fab_day3_logic_6346ee10c065ccc051a489a1ecff7695.bundle,去莊詩妍位置遇到孫茹,Say,シェーン･ソウ,3,二回もチェックしたから、覚えています。,"두 번이나 체크했으니까, 기억하고 있어요."
scene_day3_scenes_fab_day3_logic_6346ee10c065ccc051a489a1ecff7695.bundle,去莊詩妍位置遇到孫茹,Say,心の声,2,笑っている。どうやら悪い印象は持たれていないようだ。,웃고 있다. 아무래도 나쁜 인상은 안 가진 것 같다.
scene_day3_scenes_fab_day3_logic_6346ee10c065ccc051a489a1ecff7695.bundle,去莊詩妍位置遇到孫茹,Say,心の声,3,こちらを見ようともしない。あまり良い印象を持たれていないな。,이쪽을 쳐다보려고도 안 한다. 별로 좋은 인상은 아닌가 보다.
scene_day3_scenes_fab_day3_logic_6346ee10c065ccc051a489a1ecff7695.bundle,去莊詩妍位置遇到孫茹,Say,ジソ･ソン,33,えっ、えええぇ……,"어, 어어어……"
scene_day3_scenes_fab_day3_logic_6346ee10c065ccc051a489a1ecff7695.bundle,去莊詩妍位置遇到孫茹,Say,ジソ･ソン,34,ジェイは誰ぞを探しとるらしく、アンタなら知っとるかもって声をかけてきてん。,"제이가 누굴 찾고 있는 것 같은데, 너라면 알지도 모른다 싶어서 말 걸었어."
scene_day3_scenes_fab_day3_logic_6346ee10c065ccc051a489a1ecff7695.bundle,去莊詩妍位置遇到孫茹,Say,シェーン･ソウ,4,えっと、誰を探しているんですか？,"그, 누구를 찾고 계신 거예요?"
scene_day3_scenes_fab_day3_logic_6346ee10c065ccc051a489a1ecff7695.bundle,去莊詩妍位置遇到孫茹,Branch,#Simple,20,今日、あんたと一緒にいた捜査員だ。,"오늘, 당신이랑 같이 있던 수사관이야."
scene_day3_scenes_fab_day3_logic_6346ee10c065ccc051a489a1ecff7695.bundle,去莊詩妍位置遇到孫茹,Branch,#Simple,21,あんたに嫌な態度をとっていた捜査員だ。,당신한테 못되게 굴었던 수사관이야.
scene_day3_scenes_fab_day3_logic_6346ee10c065ccc051a489a1ecff7695.bundle,去莊詩妍位置遇到孫茹,Say,シェーン･ソウ,5,……えっと。,……그게.
scene_day3_scenes_fab_day3_logic_6346ee10c065ccc051a489a1ecff7695.bundle,去莊詩妍位置遇到孫茹,Say,心の声,4,警戒している……。,경계하고 있다…….
scene_day3_scenes_fab_day3_logic_6346ee10c065ccc051a489a1ecff7695.bundle,去莊詩妍位置遇到孫茹,Branch,#Simple,22,確かあんたと一緒に契約ホールにいたはずだ。,분명 당신이랑 같이 계약 홀에 있었을 텐데.
scene_day3_scenes_fab_day3_logic_6346ee10c065ccc051a489a1ecff7695.bundle,去莊詩妍位置遇到孫茹,Branch,#Simple,23,俺の同僚を連行した人だ。,내 동료를 연행한 사람이야.
scene_day3_scenes_fab_day3_logic_6346ee10c065ccc051a489a1ecff7695.bundle,去莊詩妍位置遇到孫茹,Say,シェーン･ソウ,6,彼は……,그 사람은……
scene_day3_scenes_fab_day3_logic_6346ee10c065ccc051a489a1ecff7695.bundle,去莊詩妍位置遇到孫茹,Say,シェーン･ソウ,7,ごめんなさい……,죄송해요……
scene_day3_scenes_fab_day3_logic_6346ee10c065ccc051a489a1ecff7695.bundle,去莊詩妍位置遇到孫茹,Branch,#Simple,24,謝った？,사과했다?
scene_day3_scenes_fab_day3_logic_6346ee10c065ccc051a489a1ecff7695.bundle,去莊詩妍位置遇到孫茹,Say,シェーン･ソウ,8,あなたの同僚は、私のせいで連行されました。,"당신 동료는, 저 때문에 연행됐어요."
scene_day3_scenes_fab_day3_logic_6346ee10c065ccc051a489a1ecff7695.bundle,去莊詩妍位置遇到孫茹,Branch,#Simple,25,それがあんたの仕事だ。,그게 당신 일이잖아.
scene_day3_scenes_fab_day3_logic_6346ee10c065ccc051a489a1ecff7695.bundle,去莊詩妍位置遇到孫茹,Branch,#Simple,26,連行したのはあんたじゃないんだから、気にしないでくれ。,"연행한 건 당신이 아니니까, 신경 쓰지 마."
scene_day3_scenes_fab_day3_logic_6346ee10c065ccc051a489a1ecff7695.bundle,去莊詩妍位置遇到孫茹,Say,シェーン･ソウ,9,そうだな……,그러게……
scene_day3_scenes_fab_day3_logic_6346ee10c065ccc051a489a1ecff7695.bundle,去莊詩妍位置遇到孫茹,Branch,#Simple,27,申し訳ないと思ってるなら、その人について教えてくれ。,"미안하다고 생각한다면, 그 사람에 대해서 알려줘."
scene_day3_scenes_fab_day3_logic_6346ee10c065ccc051a489a1ecff7695.bundle,去莊詩妍位置遇到孫茹,Say,ジソ･ソン,35,おお！態度悪いやん！,오! 태도 나쁘네!
scene_day3_scenes_fab_day3_logic_6346ee10c065ccc051a489a1ecff7695.bundle,去莊詩妍位置遇到孫茹,Branch,#Simple,28,彼について教えてくれればいい。,그 사람에 대해 알려주기만 하면 돼.
scene_day3_scenes_fab_day3_logic_6346ee10c065ccc051a489a1ecff7695.bundle,去莊詩妍位置遇到孫茹,Branch,#Simple,29,……,……
scene_day3_scenes_fab_day3_logic_6346ee10c065ccc051a489a1ecff7695.bundle,去莊詩妍位置遇到孫茹,Say,シェーン･ソウ,10,……,……
scene_day3_scenes_fab_day3_logic_6346ee10c065ccc051a489a1ecff7695.bundle,去莊詩妍位置遇到孫茹,Say,シェーン･ソウ,11,どうして彼について知りたいんですか？,왜 그 사람에 대해 알고 싶으신 거예요?
scene_day3_scenes_fab_day3_logic_6346ee10c065ccc051a489a1ecff7695.bundle,去莊詩妍位置遇到孫茹,Branch,#Simple,30,それは重要じゃない。,그건 중요하지 않아.
scene_day3_scenes_fab_day3_logic_6346ee10c065ccc051a489a1ecff7695.bundle,去莊詩妍位置遇到孫茹,Say,ジソ･ソン,36,ジェイ･ダイ、アンタは質問をしとる側やねんから、可能な限り答えるのが礼儀や。,"제이 다이, 넌 질문하는 쪽이니까, 가능한 한 대답해주는 게 예의야."
scene_day3_scenes_fab_day3_logic_6346ee10c065ccc051a489a1ecff7695.bundle,去莊詩妍位置遇到孫茹,Branch,#Simple,31,あんたには関係のない話だ。,너랑은 상관없는 얘기야.
scene_day3_scenes_fab_day3_logic_6346ee10c065ccc051a489a1ecff7695.bundle,去莊詩妍位置遇到孫茹,Say,ジソ･ソン,37,なんやて！？,뭐라고!?
scene_day3_scenes_fab_day3_logic_6346ee10c065ccc051a489a1ecff7695.bundle,去莊詩妍位置遇到孫茹,Branch,#Simple,32,すまないが、それでも理由は言えない。,"미안하지만, 그래도 이유는 말 못 해."
scene_day3_scenes_fab_day3_logic_6346ee10c065ccc051a489a1ecff7695.bundle,去莊詩妍位置遇到孫茹,Say,シェーン･ソウ,12,べ、別に構いません。ちょっと聞いてみただけですから。,"벼, 별로 상관없어요. 그냥 물어본 것뿐이니까요."
scene_day3_scenes_fab_day3_logic_6346ee10c065ccc051a489a1ecff7695.bundle,去莊詩妍位置遇到孫茹,Branch,#Simple,33,俺はただ、同僚が捕まった理由を知りたいだけだ。,"나는 그냥, 동료가 잡혀간 이유를 알고 싶을 뿐이야."
scene_day3_scenes_fab_day3_logic_6346ee10c065ccc051a489a1ecff7695.bundle,去莊詩妍位置遇到孫茹,Say,シェーン･ソウ,13,そういうことなら、お話しします。,"그런 거라면, 말씀드릴게요."
scene_day3_scenes_fab_day3_logic_6346ee10c065ccc051a489a1ecff7695.bundle,去莊詩妍位置遇到孫茹,Say,心の声,5,お？,오?
scene_day3_scenes_fab_day3_logic_6346ee10c065ccc051a489a1ecff7695.bundle,去莊詩妍位置遇到孫茹,Say,シェーン･ソウ,14,彼は、イファ･ヨウマネージャーの情報漏洩に関与している疑いで連行されました。,"그 사람은, 이화 요 매니저의 정보 유출에 관여한 혐의로 연행됐어요."
scene_day3_scenes_fab_day3_logic_6346ee10c065ccc051a489a1ecff7695.bundle,去莊詩妍位置遇到孫茹,Branch,#Simple,34,いや、それは違う。,"아니, 그건 아니야."
scene_day3_scenes_fab_day3_logic_6346ee10c065ccc051a489a1ecff7695.bundle,去莊詩妍位置遇到孫茹,Say,シェーン･ソウ,15,でも、公の理由はこれなんです。,"근데, 공식적인 이유는 이거예요."
scene_day3_scenes_fab_day3_logic_6346ee10c065ccc051a489a1ecff7695.bundle,去莊詩妍位置遇到孫茹,Say,心の声,6,……公の理由？,……공식적인 이유?
scene_day3_scenes_fab_day3_logic_6346ee10c065ccc051a489a1ecff7695.bundle,去莊詩妍位置遇到孫茹,Say,心の声,7,どうやら彼女もこの理由については疑っているようだ。,아무래도 이 여자도 이 이유에 대해서는 의심하고 있는 것 같다.
scene_day3_scenes_fab_day3_logic_6346ee10c065ccc051a489a1ecff7695.bundle,去莊詩妍位置遇到孫茹,Branch,#Simple,35,それを信じてるのか？,그걸 믿는 거야?
scene_day3_scenes_fab_day3_logic_6346ee10c065ccc051a489a1ecff7695.bundle,去莊詩妍位置遇到孫茹,Say,シェーン･ソウ,16,えっと……,그게……
scene_day3_scenes_fab_day3_logic_6346ee10c065ccc051a489a1ecff7695.bundle,去莊詩妍位置遇到孫茹,Say,心の声,8,どうやら彼女もこの理由については疑っているようだ。,아무래도 이 여자도 이 이유에 대해서는 의심하고 있는 것 같다.
scene_day3_scenes_fab_day3_logic_6346ee10c065ccc051a489a1ecff7695.bundle,去莊詩妍位置遇到孫茹,Branch,#Simple,36,……,……
scene_day3_scenes_fab_day3_logic_6346ee10c065ccc051a489a1ecff7695.bundle,去莊詩妍位置遇到孫茹,Say,シェーン･ソウ,17,……,……
scene_day3_scenes_fab_day3_logic_6346ee10c065ccc051a489a1ecff7695.bundle,去莊詩妍位置遇到孫茹,Say,シェーン･ソウ,18,私が彼の正体について教えた場合、あなたはどうするつもりですか？,"제가 그 사람 정체에 대해 알려드리면, 당신은 어떻게 하실 생각이세요?"
scene_day3_scenes_fab_day3_logic_6346ee10c065ccc051a489a1ecff7695.bundle,去莊詩妍位置遇到孫茹,Branch,#Simple,37,選別組のチーフに知らせる。,선별조 팀장한테 알릴 거야.
scene_day3_scenes_fab_day3_logic_6346ee10c065ccc051a489a1ecff7695.bundle,去莊詩妍位置遇到孫茹,Say,シェーン･ソウ,19,え？どうしてですか？,어? 왜요?
scene_day3_scenes_fab_day3_logic_6346ee10c065ccc051a489a1ecff7695.bundle,去莊詩妍位置遇到孫茹,Branch,#Simple,38,俺は彼に調査を頼まれたんだ。,나는 그 사람한테 조사를 부탁받았어.
scene_day3_scenes_fab_day3_logic_6346ee10c065ccc051a489a1ecff7695.bundle,去莊詩妍位置遇到孫茹,Branch,#Simple,39,俺たちは何が起きているのかを調べたいんだ。,우리는 무슨 일이 일어나고 있는지 알아보고 싶은 거야.
scene_day3_scenes_fab_day3_logic_6346ee10c065ccc051a489a1ecff7695.bundle,去莊詩妍位置遇到孫茹,Branch,#Simple,40,どうもしない。その人を調べたいだけだ。,아무것도 안 해. 그 사람을 조사하고 싶을 뿐이야.
scene_day3_scenes_fab_day3_logic_6346ee10c065ccc051a489a1ecff7695.bundle,去莊詩妍位置遇到孫茹,Branch,#Simple,41,まだわからない。,아직 몰라.
scene_day3_scenes_fab_day3_logic_6346ee10c065ccc051a489a1ecff7695.bundle,去莊詩妍位置遇到孫茹,Say,シェーン･ソウ,20,そう……,그렇구나……
scene_day3_scenes_fab_day3_logic_6346ee10c065ccc051a489a1ecff7695.bundle,去莊詩妍位置遇到孫茹,Say,心の声,9,彼女の考えが読めないな……,이 여자 생각을 읽을 수가 없네……
scene_day3_scenes_fab_day3_logic_6346ee10c065ccc051a489a1ecff7695.bundle,去莊詩妍位置遇到孫茹,Say,心の声,10,でも、彼女が何かを知ってるのは確かだ。,"근데, 이 여자가 뭔가 알고 있는 건 확실해."
scene_day3_scenes_fab_day3_logic_6346ee10c065ccc051a489a1ecff7695.bundle,去莊詩妍位置遇到孫茹,Say,シェーン･ソウ,21,……,……
scene_day3_scenes_fab_day3_logic_6346ee10c065ccc051a489a1ecff7695.bundle,去莊詩妍位置遇到孫茹,Say,シェーン･ソウ,22,あの人について教えられることは何もありません。,그 사람에 대해서 알려드릴 수 있는 건 아무것도 없어요.
scene_day3_scenes_fab_day3_logic_6346ee10c065ccc051a489a1ecff7695.bundle,去莊詩妍位置遇到孫茹,Branch,#Simple,42,どうしてだ？彼に口止めでもされているのか？,왜지? 그 사람한테 입막음이라도 당한 거야?
scene_day3_scenes_fab_day3_logic_6346ee10c065ccc051a489a1ecff7695.bundle,去莊詩妍位置遇到孫茹,Say,シェーン･ソウ,23,そういうわけではありませんが、彼の情報をそう簡単に漏らすべきではないと思って。,"그런 건 아니지만, 그 사람 정보를 그렇게 쉽게 흘리면 안 될 것 같아서요."
scene_day3_scenes_fab_day3_logic_6346ee10c065ccc051a489a1ecff7695.bundle,去莊詩妍位置遇到孫茹,Branch,#Simple,43,俺がその情報を悪用すると思っているのか？,내가 그 정보를 악용할 거라고 생각하는 거야?
scene_day3_scenes_fab_day3_logic_6346ee10c065ccc051a489a1ecff7695.bundle,去莊詩妍位置遇到孫茹,Say,シェーン･ソウ,24,いえ、そんなことは……！,"아뇨, 그런 건……!"
scene_day3_scenes_fab_day3_logic_6346ee10c065ccc051a489a1ecff7695.bundle,去莊詩妍位置遇到孫茹,Say,シェーン･ソウ,25,そんなことをする理由が……ないですよね？,그런 짓을 할 이유가……없으시죠?
scene_day3_scenes_fab_day3_logic_6346ee10c065ccc051a489a1ecff7695.bundle,去莊詩妍位置遇到孫茹,Branch,#Simple,44,もちろんない。,물론 없어.
scene_day3_scenes_fab_day3_logic_6346ee10c065ccc051a489a1ecff7695.bundle,去莊詩妍位置遇到孫茹,Branch,#Simple,45,あんたはどう思う？,너는 어떻게 생각해?
scene_day3_scenes_fab_day3_logic_6346ee10c065ccc051a489a1ecff7695.bundle,去莊詩妍位置遇到孫茹,Say,シェーン･ソウ,26,ああ。,아.
scene_day3_scenes_fab_day3_logic_6346ee10c065ccc051a489a1ecff7695.bundle,去莊詩妍位置遇到孫茹,Branch,#Simple,46,……,……
scene_day3_scenes_fab_day3_logic_6346ee10c065ccc051a489a1ecff7695.bundle,去莊詩妍位置遇到孫茹,Say,シェーン･ソウ,27,……,……
scene_day3_scenes_fab_day3_logic_6346ee10c065ccc051a489a1ecff7695.bundle,去莊詩妍位置遇到孫茹,Say,ジソ･ソン,38,シエン、言いたくないなら言わんでええで。,"셰인, 말하기 싫으면 안 해도 돼."
scene_day3_scenes_fab_day3_logic_6346ee10c065ccc051a489a1ecff7695.bundle,去莊詩妍位置遇到孫茹,Say,シェーン･ソウ,28,大丈夫です……,괜찮아요……
scene_day3_scenes_fab_day3_logic_6346ee10c065ccc051a489a1ecff7695.bundle,去莊詩妍位置遇到孫茹,Say,シェーン･ソウ,29,そうだな……,그러게……
scene_day3_scenes_fab_day3_logic_6346ee10c065ccc051a489a1ecff7695.bundle,去莊詩妍位置遇到孫茹,Say,シェーン･ソウ,30,先に言っておくと、私も彼の正体を知りません。,"먼저 말씀드리면, 저도 그 사람 정체는 몰라요."
scene_day3_scenes_fab_day3_logic_6346ee10c065ccc051a489a1ecff7695.bundle,去莊詩妍位置遇到孫茹,Say,シェーン･ソウ,31,でも、彼は私たち情報セキュリティ部ではなく、取締役会直属の捜査員なのは確かです。,"근데, 그 사람은 저희 정보 보안부가 아니라, 이사회 직속 수사관인 건 확실해요."
scene_day3_scenes_fab_day3_logic_6346ee10c065ccc051a489a1ecff7695.bundle,去莊詩妍位置遇到孫茹,Say,シェーン･ソウ,32,私が知っているのはそれだけです。,제가 아는 건 그것뿐이에요.
scene_day3_scenes_fab_day3_logic_6346ee10c065ccc051a489a1ecff7695.bundle,去莊詩妍位置遇到孫茹,Branch,#Simple,47,取締役会？,이사회?
scene_day3_scenes_fab_day3_logic_6346ee10c065ccc051a489a1ecff7695.bundle,去莊詩妍位置遇到孫茹,Say,シェーン･ソウ,33,万象の取締役会です。,완샹의 이사회요.
scene_day3_scenes_fab_day3_logic_6346ee10c065ccc051a489a1ecff7695.bundle,去莊詩妍位置遇到孫茹,Say,心の声,11,俺が株主総会を知らないと思ったのか？,내가 주주총회를 모를 거라고 생각한 건가?
scene_day3_scenes_fab_day3_logic_6346ee10c065ccc051a489a1ecff7695.bundle,去莊詩妍位置遇到孫茹,Branch,#Simple,48,どうして彼が取締役会直属だとわかったんだ？,어떻게 그 사람이 이사회 직속이라는 걸 안 거야?
scene_day3_scenes_fab_day3_logic_6346ee10c065ccc051a489a1ecff7695.bundle,去莊詩妍位置遇到孫茹,Branch,#Simple,49,……,……
scene_day3_scenes_fab_day3_logic_6346ee10c065ccc051a489a1ecff7695.bundle,去莊詩妍位置遇到孫茹,Say,シェーン･ソウ,34,彼は取締役のIDを提示して、私に道案内を頼んできたので。,"그 사람이 이사 ID를 제시하면서, 저한테 길 안내를 부탁했었거든요."
scene_day3_scenes_fab_day3_logic_6346ee10c065ccc051a489a1ecff7695.bundle,去莊詩妍位置遇到孫茹,Say,心の声,12,この情報はかなり役立つはずだ。,이 정보는 꽤 도움이 될 거다.
scene_day3_scenes_fab_day3_logic_6346ee10c065ccc051a489a1ecff7695.bundle,去莊詩妍位置遇到孫茹,Say,ジソ･ソン,39,へー、そないな大物がこのサイレントに来とったんか。,"허, 그런 거물이 이 사일런트에 와 있었구나."
scene_day3_scenes_fab_day3_logic_6346ee10c065ccc051a489a1ecff7695.bundle,去莊詩妍位置遇到孫茹,Say,シェーン･ソウ,35,私もびっくりしました。隊長も知らなかったようで、彼が急に押しかけてきたんです。,"저도 놀랐어요. 대장님도 몰랐던 것 같은데, 그 사람이 갑자기 들이닥쳤거든요."
scene_day3_scenes_fab_day3_logic_6346ee10c065ccc051a489a1ecff7695.bundle,去莊詩妍位置遇到孫茹,Say,シェーン･ソウ,36,何か公にできない事情があるとしか……,뭔가 공개할 수 없는 사정이 있다고밖에……
scene_day3_scenes_fab_day3_logic_6346ee10c065ccc051a489a1ecff7695.bundle,去莊詩妍位置遇到孫茹,Say,シェーン･ソウ,37,……,……
scene_day3_scenes_fab_day3_logic_6346ee10c065ccc051a489a1ecff7695.bundle,去莊詩妍位置遇到孫茹,Say,シェーン･ソウ,38,ジェイさん。,제이 씨.
scene_day3_scenes_fab_day3_logic_6346ee10c065ccc051a489a1ecff7695.bundle,去莊詩妍位置遇到孫茹,Say,心の声,13,急に目つきが変わった。,갑자기 눈빛이 바뀌었다.
scene_day3_scenes_fab_day3_logic_6346ee10c065ccc051a489a1ecff7695.bundle,去莊詩妍位置遇到孫茹,Say,シェーン･ソウ,39,あの男の情報を教えたことへの相応の見返りがほしいです。,그 남자 정보를 알려드린 것에 걸맞은 대가를 받고 싶어요.
scene_day3_scenes_fab_day3_logic_6346ee10c065ccc051a489a1ecff7695.bundle,去莊詩妍位置遇到孫茹,Say,シェーン･ソウ,40,私の頼みも聞いてください。,제 부탁도 들어주세요.
scene_day3_scenes_fab_day3_logic_6346ee10c065ccc051a489a1ecff7695.bundle,去莊詩妍位置遇到孫茹,Branch,#Simple,50,それは……情報を教える前に言うべきじゃないか？,그건……정보를 알려주기 전에 말했어야 하는 거 아닌가?
scene_day3_scenes_fab_day3_logic_6346ee10c065ccc051a489a1ecff7695.bundle,去莊詩妍位置遇到孫茹,Say,シェーン･ソウ,41,あ……,아……
scene_day3_scenes_fab_day3_logic_6346ee10c065ccc051a489a1ecff7695.bundle,去莊詩妍位置遇到孫茹,Say,シェーン･ソウ,42,そ、そうですよね……,"그, 그렇죠……"
scene_day3_scenes_fab_day3_logic_6346ee10c065ccc051a489a1ecff7695.bundle,去莊詩妍位置遇到孫茹,Say,ジソ･ソン,40,ハハハ、シエンはこないなことに慣れてへんからな！,"하하하, 셰인은 이런 거에 익숙하지 않아서 그래!"
scene_day3_scenes_fab_day3_logic_6346ee10c065ccc051a489a1ecff7695.bundle,去莊詩妍位置遇到孫茹,Say,シェーン･ソウ,43,え、えっと……その……！,"그, 그게……그……!"
scene_day3_scenes_fab_day3_logic_6346ee10c065ccc051a489a1ecff7695.bundle,去莊詩妍位置遇到孫茹,Branch,#Simple,51,わかった。何をすればいい？,알았어. 뭘 하면 되지?
scene_day3_scenes_fab_day3_logic_6346ee10c065ccc051a489a1ecff7695.bundle,去莊詩妍位置遇到孫茹,Branch,#Simple,52,……,……
scene_day3_scenes_fab_day3_logic_6346ee10c065ccc051a489a1ecff7695.bundle,去莊詩妍位置遇到孫茹,Say,シェーン･ソウ,44,他にもこの人に関する情報がわかったら、私にも教えてくれませんか？,"다른 것도 이 사람에 관한 정보를 알게 되면, 저한테도 알려주시겠어요?"
scene_day3_scenes_fab_day3_logic_6346ee10c065ccc051a489a1ecff7695.bundle,去莊詩妍位置遇到孫茹,Branch,#Simple,53,どうして知りたいんだ？,왜 알고 싶은 건데?
scene_day3_scenes_fab_day3_logic_6346ee10c065ccc051a489a1ecff7695.bundle,去莊詩妍位置遇到孫茹,Say,シェーン･ソウ,45,隊長が……別に指示されたとかじゃないけど、彼女も気になっているみたいなので。,"대장님이……딱히 지시받은 건 아니지만, 그분도 신경 쓰이시는 것 같아서요."
scene_day3_scenes_fab_day3_logic_6346ee10c065ccc051a489a1ecff7695.bundle,去莊詩妍位置遇到孫茹,Say,シェーン･ソウ,46,だから手がかりを集めようと思って。,그래서 단서를 모아보려고요.
scene_day3_scenes_fab_day3_logic_6346ee10c065ccc051a489a1ecff7695.bundle,去莊詩妍位置遇到孫茹,Say,心の声,14,確かにこの件はメイ･ジョも関わっているかもしれないしな……,확실히 이 건은 메이 조도 관련되어 있을지 모르지……
scene_day3_scenes_fab_day3_logic_6346ee10c065ccc051a489a1ecff7695.bundle,去莊詩妍位置遇到孫茹,Say,ジソ･ソン,41,手柄をあげたいのか？,공을 세우고 싶은 거야?
scene_day3_scenes_fab_day3_logic_6346ee10c065ccc051a489a1ecff7695.bundle,去莊詩妍位置遇到孫茹,Say,シェーン･ソウ,47,い、いいえ、違います！,"아, 아뇨, 아니에요!"
scene_day3_scenes_fab_day3_logic_6346ee10c065ccc051a489a1ecff7695.bundle,去莊詩妍位置遇到孫茹,Say,シェーン･ソウ,48,私はただ、情報セキュリティー部のためにもっと頑張りたくて……,"저는 그냥, 정보 보안부를 위해서 더 열심히 하고 싶어서……"
scene_day3_scenes_fab_day3_logic_6346ee10c065ccc051a489a1ecff7695.bundle,去莊詩妍位置遇到孫茹,Say,ジソ･ソン,42,ほんでどないする？彼女の出世を手伝ってくれるか？,그래서 어떻게 할 거야? 얘 출세하는 거 도와줄 거야?
scene_day3_scenes_fab_day3_logic_6346ee10c065ccc051a489a1ecff7695.bundle,去莊詩妍位置遇到孫茹,Say,シェーン･ソウ,49,そんなんじゃないです！,그런 거 아니에요!
scene_day3_scenes_fab_day3_logic_6346ee10c065ccc051a489a1ecff7695.bundle,去莊詩妍位置遇到孫茹,Branch,#Simple,54,わかった。,알았어.
scene_day3_scenes_fab_day3_logic_6346ee10c065ccc051a489a1ecff7695.bundle,去莊詩妍位置遇到孫茹,Say,シェーン･ソウ,50,ありがとうございます！,감사합니다!
scene_day3_scenes_fab_day3_logic_6346ee10c065ccc051a489a1ecff7695.bundle,去莊詩妍位置遇到孫茹,Branch,#Simple,55,もう少し考えさせてくれ。,좀 더 생각하게 해줘.
scene_day3_scenes_fab_day3_logic_6346ee10c065ccc051a489a1ecff7695.bundle,去莊詩妍位置遇到孫茹,Say,シェーン･ソウ,51,はい、お願いします……,"네, 부탁드려요……"
scene_day3_scenes_fab_day3_logic_6346ee10c065ccc051a489a1ecff7695.bundle,去莊詩妍位置遇到孫茹,Branch,#Simple,56,わかった。,알았어.
scene_day3_scenes_fab_day3_logic_6346ee10c065ccc051a489a1ecff7695.bundle,去莊詩妍位置遇到孫茹,Say,シェーン･ソウ,52,ありがとうございます！,감사합니다!
scene_day3_scenes_fab_day3_logic_6346ee10c065ccc051a489a1ecff7695.bundle,去莊詩妍位置遇到孫茹,Branch,#Simple,57,もう少し考えさせてくれ。,좀 더 생각하게 해줘.
scene_day3_scenes_fab_day3_logic_6346ee10c065ccc051a489a1ecff7695.bundle,去莊詩妍位置遇到孫茹,Say,シェーン･ソウ,53,はい、お願いします……,"네, 부탁드려요……"
scene_day3_scenes_fab_day3_logic_6346ee10c065ccc051a489a1ecff7695.bundle,去莊詩妍位置遇到孫茹,Say,シェーン･ソウ,54,私はずっとここにいますので……,저는 계속 여기 있을 테니까……
scene_day3_scenes_fab_day3_logic_6346ee10c065ccc051a489a1ecff7695.bundle,去莊詩妍位置遇到孫茹,Say,シェーン･ソウ,55,何か用があったら、ここへ来てください。,"무슨 일 있으면, 여기로 와주세요."
scene_day3_scenes_fab_day3_logic_6346ee10c065ccc051a489a1ecff7695.bundle,去莊詩妍位置遇到孫茹,Say,シェーン･ソウ,56,では、情報をお待ちしています。,"그럼, 정보 기다리고 있을게요."
scene_day3_scenes_fab_day3_logic_6346ee10c065ccc051a489a1ecff7695.bundle,去莊詩妍位置遇到孫茹,Branch,#Simple,58,ああ、わかった。,"그래, 알았어."
scene_day3_scenes_fab_day3_logic_6346ee10c065ccc051a489a1ecff7695.bundle,去莊詩妍位置遇到孫茹,Say,シェーン･ソウ,57,ありがとうございます。,감사합니다.
scene_day3_scenes_fab_day3_logic_6346ee10c065ccc051a489a1ecff7695.bundle,去莊詩妍位置遇到孫茹,Branch,#Simple,59,必ず教えるとは、保証できないからな。,"반드시 알려준다고는, 보장 못 하니까."
scene_day3_scenes_fab_day3_logic_6346ee10c065ccc051a489a1ecff7695.bundle,去莊詩妍位置遇到孫茹,Say,シェーン･ソウ,58,はい、わかっています。,"네, 알고 있어요."
scene_day3_scenes_fab_day3_logic_6346ee10c065ccc051a489a1ecff7695.bundle,去莊詩妍位置遇到孫茹,Say,ジソ･ソン,43,話がついたなら、私もここら辺で失礼するわ。,"얘기가 끝났으면, 나도 이만 가볼게."
scene_day3_scenes_fab_day3_logic_6346ee10c065ccc051a489a1ecff7695.bundle,去莊詩妍位置遇到孫茹,Branch,#Simple,60,ハハハ、そもそもあんたとは無関係の話だろ？,"하하하, 애초에 너랑은 상관없는 얘기잖아?"
scene_day3_scenes_fab_day3_logic_6346ee10c065ccc051a489a1ecff7695.bundle,去莊詩妍位置遇到孫茹,Say,ジソ･ソン,44,そないなこと言ぃなや！,그런 말 하지 말라고!
scene_day3_scenes_fab_day3_logic_6346ee10c065ccc051a489a1ecff7695.bundle,去莊詩妍位置遇到孫茹,Say,ジソ･ソン,45,私がおらんかったら、アンタ、シエンをいじめてたやろう？,"내가 없었으면, 너 셰인 괴롭혔을 거잖아?"
scene_day3_scenes_fab_day3_logic_6346ee10c065ccc051a489a1ecff7695.bundle,去莊詩妍位置遇到孫茹,Say,シェーン･ソウ,59,わ、私はそんなに弱くありません！,"저, 저는 그렇게 약하지 않아요!"
scene_day3_scenes_fab_day3_logic_6346ee10c065ccc051a489a1ecff7695.bundle,去莊詩妍位置遇到孫茹,Say,ジソ･ソン,46,ハハ、それもそうやな！,"하하, 그것도 그렇네!"
scene_day3_scenes_fab_day3_logic_6346ee10c065ccc051a489a1ecff7695.bundle,去莊詩妍位置遇到孫茹,Branch,#Simple,61,ありがとう。,고마워.
scene_day3_scenes_fab_day3_logic_6346ee10c065ccc051a489a1ecff7695.bundle,去莊詩妍位置遇到孫茹,Say,ジソ･ソン,47,気にせんといて。,신경 쓰지 마.
scene_day3_scenes_fab_day3_logic_6346ee10c065ccc051a489a1ecff7695.bundle,去莊詩妍位置遇到孫茹,Branch,#Simple,62,……,……
scene_day3_scenes_fab_day3_logic_6346ee10c065ccc051a489a1ecff7695.bundle,去莊詩妍位置遇到孫茹,Say,ジソ･ソン,48,じゃ、おつかれさん。,"그럼, 수고해."
scene_day3_scenes_fab_day3_logic_6346ee10c065ccc051a489a1ecff7695.bundle,去莊詩妍位置遇到孫茹,Branch,#Simple,63,お疲れ様でした。,수고하셨습니다.
scene_day3_scenes_fab_day3_logic_6346ee10c065ccc051a489a1ecff7695.bundle,去莊詩妍位置遇到孫茹,Branch,#Simple,64,……,……
scene_day3_scenes_fab_day3_logic_6346ee10c065ccc051a489a1ecff7695.bundle,去莊詩妍位置遇到孫茹,Say,シェーン･ソウ,60,お疲れ様でした。,수고하셨습니다.
scene_day3_scenes_fab_day3_logic_6346ee10c065ccc051a489a1ecff7695.bundle,要球球的聯絡方式,Say,イエホン･キュウ,0,何か用事？,무슨 볼일이야?
scene_day3_scenes_fab_day3_logic_6346ee10c065ccc051a489a1ecff7695.bundle,要球球的聯絡方式,Say,イエホン･キュウ,1,よっ！どうしたの？,야! 무슨 일이야?
scene_day3_scenes_fab_day3_logic_6346ee10c065ccc051a489a1ecff7695.bundle,要球球的聯絡方式,Say,イエホン･キュウ,2,こっちはタイミンがずっと何かの作業をしてて、全然構ってくれないんだよ。,"이쪽은 타이밍이 계속 뭔가 작업하느라, 전혀 상대를 안 해주네."
scene_day3_scenes_fab_day3_logic_6346ee10c065ccc051a489a1ecff7695.bundle,要球球的聯絡方式,Say,心の声,0,リョウさんのことをまだ知らないのか？,료 씨 일을 아직 모르는 건가?
scene_day3_scenes_fab_day3_logic_6346ee10c065ccc051a489a1ecff7695.bundle,要球球的聯絡方式,Say,心の声,1,タイミンはボーちゃんにまだ伝えていないのか……,타이밍은 아직 보 짱한테 얘기 안 한 건가……
scene_day3_scenes_fab_day3_logic_6346ee10c065ccc051a489a1ecff7695.bundle,要球球的聯絡方式,Branch,#Simple,0,リョウさんのことをまだ知らないのか？,료 씨 일을 아직 모르는 건가?
scene_day3_scenes_fab_day3_logic_6346ee10c065ccc051a489a1ecff7695.bundle,要球球的聯絡方式,Say,イエホン･キュウ,3,リョウさん？,료 씨?
scene_day3_scenes_fab_day3_logic_6346ee10c065ccc051a489a1ecff7695.bundle,要球球的聯絡方式,Say,イエホン･キュウ,4,ああ、確か用事があって本社に行ったらしいね。,"아, 확실히 볼일 있어서 본사에 갔다던데."
scene_day3_scenes_fab_day3_logic_6346ee10c065ccc051a489a1ecff7695.bundle,要球球的聯絡方式,Say,心の声,2,……このままボーちゃんには黙っているつもりか？,……이대로 보 짱한테는 입 다물고 있을 생각인가?
scene_day3_scenes_fab_day3_logic_6346ee10c065ccc051a489a1ecff7695.bundle,要球球的聯絡方式,Say,イエホン･キュウ,5,でも別に大した用じゃないだろう？,근데 딱히 대단한 볼일은 아니겠지?
scene_day3_scenes_fab_day3_logic_6346ee10c065ccc051a489a1ecff7695.bundle,要球球的聯絡方式,Branch,#Simple,1,彼は忙しそうだから、ほっといてあげよう。,"저 사람 바빠 보이니까, 그냥 놔두자."
scene_day3_scenes_fab_day3_logic_6346ee10c065ccc051a489a1ecff7695.bundle,要球球的聯絡方式,Say,イエホン･キュウ,6,そりゃもちろん！話かけでもしたら、噛まれそうな勢いだったもの。,그야 물론이지! 말이라도 걸었다간 물어뜯길 기세였다니까.
scene_day3_scenes_fab_day3_logic_6346ee10c065ccc051a489a1ecff7695.bundle,要球球的聯絡方式,Branch,#Simple,2,……,……
scene_day3_scenes_fab_day3_logic_6346ee10c065ccc051a489a1ecff7695.bundle,要球球的聯絡方式,Say,イエホン･キュウ,7,それで、僕になんか用？,"그래서, 나한테 무슨 볼일 있어?"
scene_day3_scenes_fab_day3_logic_6346ee10c065ccc051a489a1ecff7695.bundle,要球球的聯絡方式,Branch,#Simple,3,実は、ボーちゃんの連絡先が知りたいんだ。,"실은, 보 짱 연락처를 알고 싶은데."
scene_day3_scenes_fab_day3_logic_6346ee10c065ccc051a489a1ecff7695.bundle,要球球的聯絡方式,Say,イエホン･キュウ,8,あ、いいよ。今送るね。,"아, 좋아. 지금 보내줄게."
scene_day3_scenes_fab_day3_logic_6346ee10c065ccc051a489a1ecff7695.bundle,要球球的聯絡方式,Say,イエホン･キュウ,9,……,……
scene_day3_scenes_fab_day3_logic_6346ee10c065ccc051a489a1ecff7695.bundle,要球球的聯絡方式,Say,イエホン･キュウ,10,おっけ！,오케이!
scene_day3_scenes_fab_day3_logic_6346ee10c065ccc051a489a1ecff7695.bundle,要球球的聯絡方式,Say,イエホン･キュウ,11,それだけ？他には？,그게 다야? 다른 건?
scene_day3_scenes_fab_day3_logic_6346ee10c065ccc051a489a1ecff7695.bundle,要球球的聯絡方式,Branch,#Simple,4,ああ。,아.
scene_day3_scenes_fab_day3_logic_6346ee10c065ccc051a489a1ecff7695.bundle,要球球的聯絡方式,Branch,#Simple,5,どうして連絡先が知りたいのか、聞かないのか？,"왜 연락처를 알고 싶은지, 안 물어보는 거야?"
scene_day3_scenes_fab_day3_logic_6346ee10c065ccc051a489a1ecff7695.bundle,要球球的聯絡方式,Say,イエホン･キュウ,12,……,……
scene_day3_scenes_fab_day3_logic_6346ee10c065ccc051a489a1ecff7695.bundle,要球球的聯絡方式,Say,イエホン･キュウ,13,えっと、あまり深く考えてなかったな。,"음, 딱히 깊게 생각 안 했네."
scene_day3_scenes_fab_day3_logic_6346ee10c065ccc051a489a1ecff7695.bundle,要球球的聯絡方式,Branch,#Simple,6,実は、ボーちゃんの連絡先が知りたいと頼まれたんだ。,"실은, 보 짱 연락처를 알고 싶다는 부탁을 받았거든."
scene_day3_scenes_fab_day3_logic_6346ee10c065ccc051a489a1ecff7695.bundle,要球球的聯絡方式,Say,イエホン･キュウ,14,え？誰から？,어? 누구한테?
scene_day3_scenes_fab_day3_logic_6346ee10c065ccc051a489a1ecff7695.bundle,要球球的聯絡方式,Say,イエホン･キュウ,15,まあ、どうでもいっか！,"뭐, 아무래도 상관없나!"
scene_day3_scenes_fab_day3_logic_6346ee10c065ccc051a489a1ecff7695.bundle,要球球的聯絡方式,Say,イエホン･キュウ,16,ジェイの知り合いなら、大丈夫だろうし。,"제이 지인이라면, 괜찮겠지."
scene_day3_scenes_fab_day3_logic_6346ee10c065ccc051a489a1ecff7695.bundle,要球球的聯絡方式,Branch,#Simple,7,ああ。,아.
scene_day3_scenes_fab_day3_logic_6346ee10c065ccc051a489a1ecff7695.bundle,要球球的聯絡方式,Say,イエホン･キュウ,17,じゃ、僕も急いでるから、また後で！,"그럼, 나도 급하니까, 또 이따!"
scene_day3_scenes_fab_day3_logic_6346ee10c065ccc051a489a1ecff7695.bundle,要球球的聯絡方式,Say,イエホン･キュウ,18,フン、どうやら僕の勝ちだな、タイミン。,"흥, 아무래도 내가 이긴 것 같네, 타이밍."
scene_day3_scenes_fab_day3_logic_6346ee10c065ccc051a489a1ecff7695.bundle,要球球的聯絡方式,Say,タイミン･ソウ,0,別に勝負してるわけじゃないだろ。,딱히 승부하고 있는 건 아니잖아.
scene_day3_scenes_fab_day3_logic_6346ee10c065ccc051a489a1ecff7695.bundle,要球球的聯絡方式,Branch,#Simple,8,何の勝負をしてるんだ？,무슨 승부를 하고 있는 거지?
scene_day3_scenes_fab_day3_logic_6346ee10c065ccc051a489a1ecff7695.bundle,要球球的聯絡方式,Say,イエホン･キュウ,19,「ジェイが誰の連絡先を先に聞くか」って勝負。,「제이가 누구 연락처를 먼저 물어보나」하는 승부.
scene_day3_scenes_fab_day3_logic_6346ee10c065ccc051a489a1ecff7695.bundle,要球球的聯絡方式,Say,タイミン･ソウ,1,だから、別に勝負してないって！,"그러니까, 딱히 승부하는 거 아니라니까!"
scene_day3_scenes_fab_day3_logic_6346ee10c065ccc051a489a1ecff7695.bundle,要球球的聯絡方式,Say,イエホン･キュウ,20,大人しく負けを認めなよ！,순순히 패배를 인정해!
scene_day3_scenes_fab_day3_logic_6346ee10c065ccc051a489a1ecff7695.bundle,要球球的聯絡方式,Say,タイミン･ソウ,2,僕は忙しいんだ。今はそんなのに付き合ってる暇はない。,나는 바빠. 지금은 그런 거에 어울려줄 시간 없어.
scene_day3_scenes_fab_day3_logic_6346ee10c065ccc051a489a1ecff7695.bundle,要球球的聯絡方式,Say,イエホン･キュウ,21,ヘヘッ。,헤헷.
scene_day3_scenes_fab_day3_logic_6346ee10c065ccc051a489a1ecff7695.bundle,要球球的聯絡方式,Branch,#Simple,9,教えてくれるか？,알려줄래?
scene_day3_scenes_fab_day3_logic_6346ee10c065ccc051a489a1ecff7695.bundle,要球球的聯絡方式,Say,イエホン･キュウ,22,別にいいけど……,딱히 상관없지만……
scene_day3_scenes_fab_day3_logic_6346ee10c065ccc051a489a1ecff7695.bundle,要球球的聯絡方式,Branch,#Simple,10,……,……
scene_day3_scenes_fab_day3_logic_6346ee10c065ccc051a489a1ecff7695.bundle,要球球的聯絡方式,Say,イエホン･キュウ,23,でも、どうして急に連絡先を聞いてきたの？,"근데, 왜 갑자기 연락처를 물어보는 거야?"
scene_day3_scenes_fab_day3_logic_6346ee10c065ccc051a489a1ecff7695.bundle,要球球的聯絡方式,Branch,#Simple,11,実は、情報セキュリティー部の捜査員に頼まれたんだ。,"실은, 정보보안부 수사원한테 부탁받았거든."
scene_day3_scenes_fab_day3_logic_6346ee10c065ccc051a489a1ecff7695.bundle,要球球的聯絡方式,Say,イエホン･キュウ,24,は！？,뭐!?
scene_day3_scenes_fab_day3_logic_6346ee10c065ccc051a489a1ecff7695.bundle,要球球的聯絡方式,Say,タイミン･ソウ,3,は！？,뭐!?
scene_day3_scenes_fab_day3_logic_6346ee10c065ccc051a489a1ecff7695.bundle,要球球的聯絡方式,Branch,#Simple,12,は！？,뭐!?
scene_day3_scenes_fab_day3_logic_6346ee10c065ccc051a489a1ecff7695.bundle,要球球的聯絡方式,Say,イエホン･キュウ,25,ハハ、ちょっと、そっちが驚いてどうするんだよ！,"하하, 야, 네가 놀라면 어떡해!"
scene_day3_scenes_fab_day3_logic_6346ee10c065ccc051a489a1ecff7695.bundle,要球球的聯絡方式,Branch,#Simple,13,……,……
scene_day3_scenes_fab_day3_logic_6346ee10c065ccc051a489a1ecff7695.bundle,要球球的聯絡方式,Say,イエホン･キュウ,26,えっと、相手って……女の子？,"저기, 상대가……여자애야?"
scene_day3_scenes_fab_day3_logic_6346ee10c065ccc051a489a1ecff7695.bundle,要球球的聯絡方式,Branch,#Simple,14,いや、男だ。,"아니, 남자다."
scene_day3_scenes_fab_day3_logic_6346ee10c065ccc051a489a1ecff7695.bundle,要球球的聯絡方式,Say,イエホン･キュウ,27,はい？,네?
scene_day3_scenes_fab_day3_logic_6346ee10c065ccc051a489a1ecff7695.bundle,要球球的聯絡方式,Branch,#Simple,15,女じゃないと連絡先を教えたくないのか？,여자가 아니면 연락처를 알려주기 싫은 건가?
scene_day3_scenes_fab_day3_logic_6346ee10c065ccc051a489a1ecff7695.bundle,要球球的聯絡方式,Say,イエホン･キュウ,28,別にそんなことはないけど。,딱히 그런 건 아닌데.
scene_day3_scenes_fab_day3_logic_6346ee10c065ccc051a489a1ecff7695.bundle,要球球的聯絡方式,Say,イエホン･キュウ,29,……,……
scene_day3_scenes_fab_day3_logic_6346ee10c065ccc051a489a1ecff7695.bundle,要球球的聯絡方式,Say,イエホン･キュウ,30,わかった。教えてもいいよ。,알았어. 알려줘도 돼.
scene_day3_scenes_fab_day3_logic_6346ee10c065ccc051a489a1ecff7695.bundle,要球球的聯絡方式,Say,イエホン･キュウ,31,いやー、それにしても、僕に一体何の用だろうね。ハハ、面白そう！,"야, 근데, 나한테 대체 무슨 볼일이지? 하하, 재밌겠는데!"
scene_day3_scenes_fab_day3_logic_6346ee10c065ccc051a489a1ecff7695.bundle,要球球的聯絡方式,Say,タイミン･ソウ,4,デートのお誘いだったりして。,데이트 신청이라거나.
scene_day3_scenes_fab_day3_logic_6346ee10c065ccc051a489a1ecff7695.bundle,要球球的聯絡方式,Say,イエホン･キュウ,32,だったら断ればいいし、僕は別に構わないさ。,"그럼 거절하면 되니까, 나는 딱히 상관없어."
scene_day3_scenes_fab_day3_logic_6346ee10c065ccc051a489a1ecff7695.bundle,要球球的聯絡方式,Say,イエホン･キュウ,33,例え女の子だったとしても、タイプじゃなかったら断るしね。,"설령 여자애였다 해도, 취향 아니면 거절할 거고."
scene_day3_scenes_fab_day3_logic_6346ee10c065ccc051a489a1ecff7695.bundle,要球球的聯絡方式,Say,タイミン･ソウ,5,それもそうか。,그것도 그런가.
scene_day3_scenes_fab_day3_logic_6346ee10c065ccc051a489a1ecff7695.bundle,要球球的聯絡方式,Branch,#Simple,16,皆と親睦を深めようと思って。,다들이랑 친목을 다져보려고.
scene_day3_scenes_fab_day3_logic_6346ee10c065ccc051a489a1ecff7695.bundle,要球球的聯絡方式,Say,イエホン･キュウ,34,さすがジェイ！それは大事なことだ！,역시 제이! 그거 중요한 거지!
scene_day3_scenes_fab_day3_logic_6346ee10c065ccc051a489a1ecff7695.bundle,要球球的聯絡方式,Say,イエホン･キュウ,35,じゃ、今送るね。,"그럼, 지금 보내줄게."
scene_day3_scenes_fab_day3_logic_6346ee10c065ccc051a489a1ecff7695.bundle,要球球的聯絡方式,Say,イエホン･キュウ,36,届いたかな？これからはいつでもジェイと連絡が取れるね。,도착했나? 이제부턴 언제든지 제이랑 연락할 수 있겠네.
scene_day3_scenes_fab_day3_logic_6346ee10c065ccc051a489a1ecff7695.bundle,要球球的聯絡方式,Branch,#Simple,17,サンキュー！,땡큐!
scene_day3_scenes_fab_day3_logic_6346ee10c065ccc051a489a1ecff7695.bundle,要球球的聯絡方式,Branch,#Simple,18,……,……
scene_day3_scenes_fab_day3_logic_6346ee10c065ccc051a489a1ecff7695.bundle,要球球的聯絡方式,Say,イエホン･キュウ,37,他は大丈夫かな？僕も仕事があるから、そろそろ戻るね。,"다른 건 괜찮으려나? 나도 일이 있으니까, 슬슬 돌아갈게."
scene_day3_scenes_fab_day3_logic_6346ee10c065ccc051a489a1ecff7695.bundle,要球球的聯絡方式,Branch,#Simple,19,お疲れ様でした。,수고하셨습니다.
scene_day3_scenes_fab_day3_logic_6346ee10c065ccc051a489a1ecff7695.bundle,要球球的聯絡方式,Branch,#Simple,20,……,……
scene_day3_scenes_fab_day3_logic_6346ee10c065ccc051a489a1ecff7695.bundle,要球球的聯絡方式,Branch,#Simple,21,いや、何でもないんだ。,"아니, 아무것도 아니야."
scene_day3_scenes_fab_day3_logic_6346ee10c065ccc051a489a1ecff7695.bundle,要球球的聯絡方式,Say,イエホン･キュウ,38,あ、そうなんだ。,"아, 그렇구나."
scene_day3_scenes_fab_day3_logic_6346ee10c065ccc051a489a1ecff7695.bundle,回去給球球聯絡方式,Say,シソン･リク,0,連絡先はどうだった？,연락처는 어떻게 됐나?
scene_day3_scenes_fab_day3_logic_6346ee10c065ccc051a489a1ecff7695.bundle,回去給球球聯絡方式,Branch,#Simple,0,教えてもらった。,받았다.
scene_day3_scenes_fab_day3_logic_6346ee10c065ccc051a489a1ecff7695.bundle,回去給球球聯絡方式,Say,シソン･リク,1,ありがとうございます！,감사합니다!
scene_day3_scenes_fab_day3_logic_6346ee10c065ccc051a489a1ecff7695.bundle,回去給球球聯絡方式,Branch,#Simple,1,まだだ。,아직이다.
scene_day3_scenes_fab_day3_logic_6346ee10c065ccc051a489a1ecff7695.bundle,回去給球球聯絡方式,Say,シソン･リク,2,でもオフィスの中に入ったんだろ？,근데 사무실 안엔 들어갔었지?
scene_day3_scenes_fab_day3_logic_6346ee10c065ccc051a489a1ecff7695.bundle,回去給球球聯絡方式,Branch,#Simple,2,実は教えてもらえたんだ。,실은 받았다.
scene_day3_scenes_fab_day3_logic_6346ee10c065ccc051a489a1ecff7695.bundle,回去給球球聯絡方式,Say,シソン･リク,3,ありがとうございます！,감사합니다!
scene_day3_scenes_fab_day3_logic_6346ee10c065ccc051a489a1ecff7695.bundle,回去給球球聯絡方式,Branch,#Simple,3,彼はオフィスにいなかった。,그는 사무실에 없었어.
scene_day3_scenes_fab_day3_logic_6346ee10c065ccc051a489a1ecff7695.bundle,回去給球球聯絡方式,Say,シソン･リク,4,えっ！？さっき入ったのを見かけたんだが……,엣!? 아까 들어가는 거 봤는데……
scene_day3_scenes_fab_day3_logic_6346ee10c065ccc051a489a1ecff7695.bundle,回去給球球聯絡方式,Say,シソン･リク,5,……,……
scene_day3_scenes_fab_day3_logic_6346ee10c065ccc051a489a1ecff7695.bundle,回去給球球聯絡方式,Say,シソン･リク,6,じゃ、連絡先が手に入ったらまた声をかけてくれ。,"그럼, 연락처 얻으면 다시 말 걸어줘."
scene_day3_scenes_fab_day3_logic_6346ee10c065ccc051a489a1ecff7695.bundle,回去給球球聯絡方式,Branch,#Simple,4,焦るな。後で必ず教えてもらう。,조급해하지 마. 나중에 반드시 받아줄 테니까.
scene_day3_scenes_fab_day3_logic_6346ee10c065ccc051a489a1ecff7695.bundle,回去給球球聯絡方式,Say,シソン･リク,7,そうだな……,그러게……
scene_day3_scenes_fab_day3_logic_6346ee10c065ccc051a489a1ecff7695.bundle,回去給球球聯絡方式,Say,シソン･リク,8,じゃ、連絡先が手に入ったらまた声をかけてくれ。,"그럼, 연락처 얻으면 다시 말 걸어줘."
scene_day3_scenes_fab_day3_logic_6346ee10c065ccc051a489a1ecff7695.bundle,回去給球球聯絡方式,Say,シソン･リク,9,じゃ、送ってくれるかな。,"그럼, 보내줄 수 있을까."
scene_day3_scenes_fab_day3_logic_6346ee10c065ccc051a489a1ecff7695.bundle,回去給球球聯絡方式,Say,シソン･リク,10,よしっ、届いた！,"좋았어, 도착했다!"
scene_day3_scenes_fab_day3_logic_6346ee10c065ccc051a489a1ecff7695.bundle,回去給球球聯絡方式,Branch,#Simple,5,どうして彼の連絡先がほしかったんだ？,왜 그의 연락처가 필요했던 거지?
scene_day3_scenes_fab_day3_logic_6346ee10c065ccc051a489a1ecff7695.bundle,回去給球球聯絡方式,Say,シソン･リク,11,じ、実はゲームを一緒にやろうと思って……,"시, 실은 같이 게임 하려고……"
scene_day3_scenes_fab_day3_logic_6346ee10c065ccc051a489a1ecff7695.bundle,回去給球球聯絡方式,Say,シソン･リク,12,以前、彼の身体検査をした時に、彼があのロイヤルウォーの有名なプレイヤーだと知ったんだ。だから……,"예전에, 그의 신체검사를 했을 때, 그 로열 워의 유명한 플레이어라는 걸 알게 됐거든. 그래서……"
scene_day3_scenes_fab_day3_logic_6346ee10c065ccc051a489a1ecff7695.bundle,回去給球球聯絡方式,Say,心の声,0,そういうことか。,그런 거였군.
scene_day3_scenes_fab_day3_logic_6346ee10c065ccc051a489a1ecff7695.bundle,回去給球球聯絡方式,Branch,#Simple,6,了解。,알겠습니다.
scene_day3_scenes_fab_day3_logic_6346ee10c065ccc051a489a1ecff7695.bundle,回去給球球聯絡方式,Branch,#Simple,7,彼は何で有名なんだ？,그는 뭐로 유명한데?
scene_day3_scenes_fab_day3_logic_6346ee10c065ccc051a489a1ecff7695.bundle,回去給球球聯絡方式,Say,シソン･リク,13,強いし、実況もしてるからね。,"강하고, 실황도 하니까."
scene_day3_scenes_fab_day3_logic_6346ee10c065ccc051a489a1ecff7695.bundle,回去給球球聯絡方式,Say,心の声,1,初耳だな。,처음 듣는 얘기군.
scene_day3_scenes_fab_day3_logic_6346ee10c065ccc051a489a1ecff7695.bundle,回去給球球聯絡方式,Branch,#Simple,8,……,……
scene_day3_scenes_fab_day3_logic_6346ee10c065ccc051a489a1ecff7695.bundle,回去給球球聯絡方式,Say,シソン･リク,14,そうだ。そっちの質問についてだけど……,아 맞다. 그쪽 질문 말인데……
scene_day3_scenes_fab_day3_logic_6346ee10c065ccc051a489a1ecff7695.bundle,回去給球球聯絡方式,Say,シソン･リク,15,申し訳ないが、あなたの言う捜査員については知らないんだ。でも……,"미안하지만, 당신이 말하는 그 수사원에 대해선 몰라. 근데……"
scene_day3_scenes_fab_day3_logic_6346ee10c065ccc051a489a1ecff7695.bundle,回去給球球聯絡方式,Branch,#Simple,9,じゃ、誰がその捜査員について知ってそうなんだ？,"그럼, 누가 그 수사원에 대해 알고 있을 것 같은데?"
scene_day3_scenes_fab_day3_logic_6346ee10c065ccc051a489a1ecff7695.bundle,回去給球球聯絡方式,Branch,#Simple,10,……,……
scene_day3_scenes_fab_day3_logic_6346ee10c065ccc051a489a1ecff7695.bundle,回去給球球聯絡方式,Say,シソン･リク,16,チキョウ･リョウについて知ってる人を教えよう。,치쿄 료에 대해 아는 사람을 알려주지.
scene_day3_scenes_fab_day3_logic_6346ee10c065ccc051a489a1ecff7695.bundle,回去給球球聯絡方式,Say,心の声,2,シエン･ソウなら、すでに話を聞いた。,"시엔 소우라면, 이미 얘기를 들었다."
scene_day3_scenes_fab_day3_logic_6346ee10c065ccc051a489a1ecff7695.bundle,回去給球球聯絡方式,Branch,#Simple,11,いや大丈夫だ。すでに話を聞いたから。,아니 괜찮다. 이미 얘기 들었으니까.
scene_day3_scenes_fab_day3_logic_6346ee10c065ccc051a489a1ecff7695.bundle,回去給球球聯絡方式,Say,シソン･リク,17,えっ、そうかな……,"어, 그런가……"
scene_day3_scenes_fab_day3_logic_6346ee10c065ccc051a489a1ecff7695.bundle,回去給球球聯絡方式,Branch,#Simple,12,シエン･ソウか？,시엔 소우인가?
scene_day3_scenes_fab_day3_logic_6346ee10c065ccc051a489a1ecff7695.bundle,回去給球球聯絡方式,Say,シソン･リク,18,ああ……,그래……
scene_day3_scenes_fab_day3_logic_6346ee10c065ccc051a489a1ecff7695.bundle,回去給球球聯絡方式,Say,シソン･リク,19,どうやらもう話を聞いたみたいだね。,아무래도 이미 얘기 들은 모양이네.
scene_day3_scenes_fab_day3_logic_6346ee10c065ccc051a489a1ecff7695.bundle,回去給球球聯絡方式,Say,シソン･リク,20,じゃ、どうして……,"그럼, 왜……"
scene_day3_scenes_fab_day3_logic_6346ee10c065ccc051a489a1ecff7695.bundle,回去給球球聯絡方式,Branch,#Simple,13,どうしてってなんだ？,왜라니 뭐가?
scene_day3_scenes_fab_day3_logic_6346ee10c065ccc051a489a1ecff7695.bundle,回去給球球聯絡方式,Say,シソン･リク,21,……,……
scene_day3_scenes_fab_day3_logic_6346ee10c065ccc051a489a1ecff7695.bundle,回去給球球聯絡方式,Say,シソン･リク,22,どうして彼の連絡先を聞いてくれたんだ？,왜 그의 연락처를 물어봐준 거지?
scene_day3_scenes_fab_day3_logic_6346ee10c065ccc051a489a1ecff7695.bundle,回去給球球聯絡方式,Branch,#Simple,14,あんたを手伝いたくて。,당신을 돕고 싶어서.
scene_day3_scenes_fab_day3_logic_6346ee10c065ccc051a489a1ecff7695.bundle,回去給球球聯絡方式,Branch,#Simple,15,どうなるのか見みてみたくて。,어떻게 될지 보고 싶어서.
scene_day3_scenes_fab_day3_logic_6346ee10c065ccc051a489a1ecff7695.bundle,回去給球球聯絡方式,Say,シソン･リク,23,……そうか。,……그런가.
scene_day3_scenes_fab_day3_logic_6346ee10c065ccc051a489a1ecff7695.bundle,回去給球球聯絡方式,Branch,#Simple,16,……,……
scene_day3_scenes_fab_day3_logic_6346ee10c065ccc051a489a1ecff7695.bundle,回去給球球聯絡方式,Say,シソン･リク,24,役に立てなくて、すまない。,"도움이 못 돼서, 미안하다."
scene_day3_scenes_fab_day3_logic_6346ee10c065ccc051a489a1ecff7695.bundle,回去給球球聯絡方式,Say,シソン･リク,25,俺たちの取引もこれで終了だな。,우리 거래도 이걸로 끝이군.
scene_day3_scenes_fab_day3_logic_6346ee10c065ccc051a489a1ecff7695.bundle,回去給球球聯絡方式,Say,シソン･リク,26,あなたも俺の情報は必要ないみたいだし、礼だけ言わせてくれ。,"당신도 내 정보는 필요 없는 것 같고, 인사만 하게 해줘."
scene_day3_scenes_fab_day3_logic_6346ee10c065ccc051a489a1ecff7695.bundle,回去給球球聯絡方式,Say,シソン･リク,27,ありがとう。ジェイ･ダイ。,고맙다. 제이 다이.
scene_day3_scenes_fab_day3_logic_6346ee10c065ccc051a489a1ecff7695.bundle,回去給球球聯絡方式,Branch,#Simple,17,それなら良かった。,그렇다면 다행이네요.
scene_day3_scenes_fab_day3_logic_6346ee10c065ccc051a489a1ecff7695.bundle,回去給球球聯絡方式,Branch,#Simple,18,今度から検査する時はもう少し優しい対応してやってくれ。,다음부턴 검사할 때 좀 더 부드럽게 대해줘.
scene_day3_scenes_fab_day3_logic_6346ee10c065ccc051a489a1ecff7695.bundle,回去給球球聯絡方式,Say,シソン･リク,28,……ああ、できる限りそうする。,"……그래, 최대한 그렇게 하지."
scene_day3_scenes_fab_day3_logic_6346ee10c065ccc051a489a1ecff7695.bundle,回去給球球聯絡方式,Branch,#Simple,19,……,……
scene_day3_scenes_fab_day3_logic_6346ee10c065ccc051a489a1ecff7695.bundle,回去給球球聯絡方式,Say,シソン･リク,29,お疲れ様でした。,수고하셨습니다.
scene_day3_scenes_fab_day3_logic_6346ee10c065ccc051a489a1ecff7695.bundle,回去給球球聯絡方式,Branch,#Simple,20,お疲れ様でした。,수고하셨습니다.
scene_day3_scenes_fab_day3_logic_6346ee10c065ccc051a489a1ecff7695.bundle,回去給球球聯絡方式,Branch,#Simple,21,……,……
scene_day3_scenes_fab_day3_logic_6346ee10c065ccc051a489a1ecff7695.bundle,回去給球球聯絡方式,Say,シソン･リク,30,修築組のセラーのエレベーター横でチェックしている捜査員なら、何か知っているはずだ。,"수축조 저장고 엘리베이터 옆에서 체크하고 있는 수사원이라면, 뭔가 알고 있을 거다."
scene_day3_scenes_fab_day3_logic_6346ee10c065ccc051a489a1ecff7695.bundle,回去給球球聯絡方式,Branch,#Simple,22,それは本当か？,그거 사실이야?
scene_day3_scenes_fab_day3_logic_6346ee10c065ccc051a489a1ecff7695.bundle,回去給球球聯絡方式,Say,シソン･リク,31,ああ、彼女は隊長と親しいから、何か知っているはずだ。,"그래, 그녀는 대장이랑 친하니까, 뭔가 알고 있을 거다."
scene_day3_scenes_fab_day3_logic_6346ee10c065ccc051a489a1ecff7695.bundle,回去給球球聯絡方式,Branch,#Simple,23,どんな格好だ？,어떻게 생겼는데?
scene_day3_scenes_fab_day3_logic_6346ee10c065ccc051a489a1ecff7695.bundle,回去給球球聯絡方式,Say,シソン･リク,32,すまないが、俺はその手の説明が苦手で。,"미안하지만, 나는 그런 식의 설명이 서툴러서."
scene_day3_scenes_fab_day3_logic_6346ee10c065ccc051a489a1ecff7695.bundle,回去給球球聯絡方式,Say,シソン･リク,33,その階には捜査員が一人しかいないはずだから、すぐ見つかるはずだ。,"그 층에는 수사원이 한 명밖에 없을 테니까, 금방 찾을 수 있을 거다."
scene_day3_scenes_fab_day3_logic_6346ee10c065ccc051a489a1ecff7695.bundle,回去給球球聯絡方式,Say,シソン･リク,34,じゃ、俺はこれで失礼する。本当にありがとう。,"그럼, 나는 이만 실례하지. 정말 고마웠다."
scene_day3_scenes_fab_day3_logic_6346ee10c065ccc051a489a1ecff7695.bundle,回去給球球聯絡方式,Branch,#Simple,24,ああ、ありがとう。,"그래, 고맙다."
scene_day3_scenes_fab_day3_logic_6346ee10c065ccc051a489a1ecff7695.bundle,回去給球球聯絡方式,Branch,#Simple,25,……,……
scene_day3_scenes_fab_day3_logic_6346ee10c065ccc051a489a1ecff7695.bundle,最後回去跟阿緯討論廖哥事件,Say,イー･テイ,0,手がかりはどう？,단서는 어때?
scene_day3_scenes_fab_day3_logic_6346ee10c065ccc051a489a1ecff7695.bundle,最後回去跟阿緯討論廖哥事件,Say,心の声,0,あまり期待はしていないようだ。,별로 기대는 안 하고 있는 것 같다.
scene_day3_scenes_fab_day3_logic_6346ee10c065ccc051a489a1ecff7695.bundle,最後回去跟阿緯討論廖哥事件,Branch,#Simple,0,リョウさんを連行したのは取締役会の捜査員です。,료 씨를 연행한 건 이사회 소속 수사관이었어요.
scene_day3_scenes_fab_day3_logic_6346ee10c065ccc051a489a1ecff7695.bundle,最後回去跟阿緯討論廖哥事件,Branch,#Simple,1,リョウさんは取締役会のお偉いさんのお怒りに触れたようです。,료 씨는 이사회 높으신 분의 노여움을 산 것 같아요.
scene_day3_scenes_fab_day3_logic_6346ee10c065ccc051a489a1ecff7695.bundle,最後回去跟阿緯討論廖哥事件,Say,イー･テイ,1,それは……,그건……
scene_day3_scenes_fab_day3_logic_6346ee10c065ccc051a489a1ecff7695.bundle,最後回去跟阿緯討論廖哥事件,Say,イー･テイ,2,この件は僕たちの想像よりずっと大ごとのようだね……,이 건은 우리 생각보다 훨씬 큰일인 것 같네……
scene_day3_scenes_fab_day3_logic_6346ee10c065ccc051a489a1ecff7695.bundle,最後回去跟阿緯討論廖哥事件,Say,タイミン･ソウ,0,でも、それならイーちゃんの推測と合致していますね。,"근데, 그렇다면 이짱의 추측이랑 맞아떨어지네요."
scene_day3_scenes_fab_day3_logic_6346ee10c065ccc051a489a1ecff7695.bundle,最後回去跟阿緯討論廖哥事件,Say,イー･テイ,3,素直には喜べないな……,순순히 기뻐할 수는 없네……
scene_day3_scenes_fab_day3_logic_6346ee10c065ccc051a489a1ecff7695.bundle,最後回去跟阿緯討論廖哥事件,Say,イー･テイ,4,でも、よくそんな情報を手に入れたね。,"근데, 용케 그런 정보를 알아냈네."
scene_day3_scenes_fab_day3_logic_6346ee10c065ccc051a489a1ecff7695.bundle,最後回去跟阿緯討論廖哥事件,Branch,#Simple,2,かなり苦労しました。,꽤 고생했어요.
scene_day3_scenes_fab_day3_logic_6346ee10c065ccc051a489a1ecff7695.bundle,最後回去跟阿緯討論廖哥事件,Say,イー･テイ,5,ご苦労様。,수고했어.
scene_day3_scenes_fab_day3_logic_6346ee10c065ccc051a489a1ecff7695.bundle,最後回去跟阿緯討論廖哥事件,Branch,#Simple,3,大した事じゃありません。,별거 아니에요.
scene_day3_scenes_fab_day3_logic_6346ee10c065ccc051a489a1ecff7695.bundle,最後回去跟阿緯討論廖哥事件,Say,イー･テイ,6,頼もしいね。,믿음직스럽네.
scene_day3_scenes_fab_day3_logic_6346ee10c065ccc051a489a1ecff7695.bundle,最後回去跟阿緯討論廖哥事件,Branch,#Simple,4,……,……
scene_day3_scenes_fab_day3_logic_6346ee10c065ccc051a489a1ecff7695.bundle,最後回去跟阿緯討論廖哥事件,Branch,#Simple,5,リョウさんを連行した捜査員のことを思い出したので簡単でした。,료 씨를 연행한 수사관이 기억나서 간단했어요.
scene_day3_scenes_fab_day3_logic_6346ee10c065ccc051a489a1ecff7695.bundle,最後回去跟阿緯討論廖哥事件,Say,タイミン･ソウ,1,ああ！本人に直接聞きに行ったんですね！,아! 본인한테 직접 물어보러 갔던 거네요!
scene_day3_scenes_fab_day3_logic_6346ee10c065ccc051a489a1ecff7695.bundle,最後回去跟阿緯討論廖哥事件,Say,タイミン･ソウ,2,流石ジェイ！イーちゃんの運頼りの計画より頼りになりますね。,역시 제이! 이짱의 운에 맡기는 계획보다 믿음직스럽네요.
scene_day3_scenes_fab_day3_logic_6346ee10c065ccc051a489a1ecff7695.bundle,最後回去跟阿緯討論廖哥事件,Say,タイミン･ソウ,3,あっ、ごめん、イーちゃん、そういう意味では……,"아, 미안, 이짱, 그런 뜻은……"
scene_day3_scenes_fab_day3_logic_6346ee10c065ccc051a489a1ecff7695.bundle,最後回去跟阿緯討論廖哥事件,Say,イー･テイ,7,別に気にしていないさ。,딱히 신경 안 써.
scene_day3_scenes_fab_day3_logic_6346ee10c065ccc051a489a1ecff7695.bundle,最後回去跟阿緯討論廖哥事件,Say,イー･テイ,8,よくやった。ジェイのおかげで､調べる手間がかなり省けたよ。,"잘했어. 제이 덕분에, 조사하는 수고를 꽤 덜었어."
scene_day3_scenes_fab_day3_logic_6346ee10c065ccc051a489a1ecff7695.bundle,最後回去跟阿緯討論廖哥事件,Branch,#Simple,6,二人が想像していたより、ずっと簡単だった。,"두 사람이 생각했던 것보다, 훨씬 간단했어요."
scene_day3_scenes_fab_day3_logic_6346ee10c065ccc051a489a1ecff7695.bundle,最後回去跟阿緯討論廖哥事件,Say,タイミン･ソウ,4,頼もしいですね！,믿음직스럽네요!
scene_day3_scenes_fab_day3_logic_6346ee10c065ccc051a489a1ecff7695.bundle,最後回去跟阿緯討論廖哥事件,Branch,#Simple,7,……,……
scene_day3_scenes_fab_day3_logic_6346ee10c065ccc051a489a1ecff7695.bundle,最後回去跟阿緯討論廖哥事件,Branch,#Simple,8,収穫はありませんでした。すみません。,소득은 없었어요. 죄송해요.
scene_day3_scenes_fab_day3_logic_6346ee10c065ccc051a489a1ecff7695.bundle,最後回去跟阿緯討論廖哥事件,Branch,#Simple,9,いや。,아니.
scene_day3_scenes_fab_day3_logic_6346ee10c065ccc051a489a1ecff7695.bundle,最後回去跟阿緯討論廖哥事件,Branch,#Simple,10,もう少し探してきます。,좀 더 찾아보고 올게요.
scene_day3_scenes_fab_day3_logic_6346ee10c065ccc051a489a1ecff7695.bundle,最後回去跟阿緯討論廖哥事件,Say,イー･テイ,9,ああ、頼んだよ。,"그래, 부탁해."
scene_day3_scenes_fab_day3_logic_6346ee10c065ccc051a489a1ecff7695.bundle,最後回去跟阿緯討論廖哥事件,Say,イー･テイ,10,いや、もう必要ない。,"아니, 이제 필요 없어."
scene_day3_scenes_fab_day3_logic_6346ee10c065ccc051a489a1ecff7695.bundle,最後回去跟阿緯討論廖哥事件,Say,イー･テイ,11,ジェイが調べている間に、僕とタイミンが手がかりを見つけたんだ。,"제이가 조사하는 사이에, 나랑 타이밍이 단서를 찾았거든."
scene_day3_scenes_fab_day3_logic_6346ee10c065ccc051a489a1ecff7695.bundle,最後回去跟阿緯討論廖哥事件,Say,イー･テイ,12,……,……
scene_day3_scenes_fab_day3_logic_6346ee10c065ccc051a489a1ecff7695.bundle,最後回去跟阿緯討論廖哥事件,Say,心の声,1,その様子じゃ、状況は芳しくないようだ……,"저 모습을 보니, 상황이 좋지 않은 것 같다……"
scene_day3_scenes_fab_day3_logic_6346ee10c065ccc051a489a1ecff7695.bundle,最後回去跟阿緯討論廖哥事件,Say,イー･テイ,13,多分リョウさんは……使っちゃいけないお金を使ったんだ。,아마 료 씨는……쓰면 안 되는 돈을 썼던 거야.
scene_day3_scenes_fab_day3_logic_6346ee10c065ccc051a489a1ecff7695.bundle,最後回去跟阿緯討論廖哥事件,Branch,#Simple,11,横領ですか？,횡령인가요?
scene_day3_scenes_fab_day3_logic_6346ee10c065ccc051a489a1ecff7695.bundle,最後回去跟阿緯討論廖哥事件,Branch,#Simple,12,本当に彼が悪事に手を染めたんですか？,정말 그 사람이 나쁜 짓에 손을 댄 건가요?
scene_day3_scenes_fab_day3_logic_6346ee10c065ccc051a489a1ecff7695.bundle,最後回去跟阿緯討論廖哥事件,Branch,#Simple,13,……,……
scene_day3_scenes_fab_day3_logic_6346ee10c065ccc051a489a1ecff7695.bundle,最後回去跟阿緯討論廖哥事件,Say,イー･テイ,14,説明がちょっと複雑でね。,설명이 좀 복잡한데.
scene_day3_scenes_fab_day3_logic_6346ee10c065ccc051a489a1ecff7695.bundle,最後回去跟阿緯討論廖哥事件,Say,イー･テイ,15,実は数ヶ月前から、選別組の予算が急に増えていたんだ。,"실은 몇 달 전부터, 선별조 예산이 갑자기 늘어났었어."
scene_day3_scenes_fab_day3_logic_6346ee10c065ccc051a489a1ecff7695.bundle,最後回去跟阿緯討論廖哥事件,Say,イー･テイ,16,僕は最初、うちの成績を認めてくれた上が増額してくれたとばかり思って、大して気にしていなかった……,"나는 처음엔, 우리 실적을 인정해준 윗사람이 증액해준 줄로만 알고, 별로 신경 안 썼는데……"
scene_day3_scenes_fab_day3_logic_6346ee10c065ccc051a489a1ecff7695.bundle,最後回去跟阿緯討論廖哥事件,Say,タイミン･ソウ,5,でもさっきよくよく調べてみたら、いくつかの予算額が不自然なくらい高かったんです。,"근데 아까 자세히 조사해봤더니, 몇몇 예산액이 부자연스러울 정도로 높았어요."
scene_day3_scenes_fab_day3_logic_6346ee10c065ccc051a489a1ecff7695.bundle,最後回去跟阿緯討論廖哥事件,Say,タイミン･ソウ,6,それにリョウさんのパソコンからは……表用と裏用の二つの帳簿が見つかりました……,게다가 료 씨 컴퓨터에서……겉장부랑 뒷장부 두 개가 발견됐어요……
scene_day3_scenes_fab_day3_logic_6346ee10c065ccc051a489a1ecff7695.bundle,最後回去跟阿緯討論廖哥事件,Say,タイミン･ソウ,7,断定はできませんが、おそらく私たちの予算に出処不明金が混ざり込んでいたのだと思います。,"단정할 순 없지만, 아마 저희 예산에 출처 불명의 돈이 섞여 들어와 있었던 것 같아요."
scene_day3_scenes_fab_day3_logic_6346ee10c065ccc051a489a1ecff7695.bundle,最後回去跟阿緯討論廖哥事件,Say,タイミン･ソウ,8,おそらく本社の方が、私たちの予算を着服のカモフラージュに使っていたのかと思います。,"아마 본사 쪽에서, 저희 예산을 횡령 위장용으로 썼던 게 아닐까 싶어요."
scene_day3_scenes_fab_day3_logic_6346ee10c065ccc051a489a1ecff7695.bundle,最後回去跟阿緯討論廖哥事件,Say,イー･テイ,17,それを知ったリョウさんが、隠ぺい工作をしたんだ。,"그걸 알게 된 료 씨가, 은폐 공작을 한 거야."
scene_day3_scenes_fab_day3_logic_6346ee10c065ccc051a489a1ecff7695.bundle,最後回去跟阿緯討論廖哥事件,Say,イー･テイ,18,会計担当はリョウさんだったけど、僕にも監督責任がある。僕のミスだ……,"회계 담당은 료 씨였지만, 나한테도 감독 책임이 있어. 내 실수야……"
scene_day3_scenes_fab_day3_logic_6346ee10c065ccc051a489a1ecff7695.bundle,最後回去跟阿緯討論廖哥事件,Branch,#Simple,14,待ってください。つまりどういうことですか？,잠깐만요. 그러니까 무슨 얘기예요?
scene_day3_scenes_fab_day3_logic_6346ee10c065ccc051a489a1ecff7695.bundle,最後回去跟阿緯討論廖哥事件,Branch,#Simple,15,……,……
scene_day3_scenes_fab_day3_logic_6346ee10c065ccc051a489a1ecff7695.bundle,最後回去跟阿緯討論廖哥事件,Say,イー･テイ,19,整理すると、正体不明の人物、または組織がお金を継続的に選別組に入れていたということだ。,"정리하면, 정체불명의 인물, 혹은 조직이 돈을 지속적으로 선별조에 넣고 있었다는 거야."
scene_day3_scenes_fab_day3_logic_6346ee10c065ccc051a489a1ecff7695.bundle,最後回去跟阿緯討論廖哥事件,Say,イー･テイ,20,そしてリョウさんはそれを幇助している。,그리고 료 씨는 그걸 방조하고 있고.
scene_day3_scenes_fab_day3_logic_6346ee10c065ccc051a489a1ecff7695.bundle,最後回去跟阿緯討論廖哥事件,Branch,#Simple,16,どうしてリョウさんがそんなことを？,왜 료 씨가 그런 짓을?
scene_day3_scenes_fab_day3_logic_6346ee10c065ccc051a489a1ecff7695.bundle,最後回去跟阿緯討論廖哥事件,Branch,#Simple,17,それはわかりますが、どうしてお金をこちらに？,"그건 알겠는데, 왜 돈을 저희 쪽에?"
scene_day3_scenes_fab_day3_logic_6346ee10c065ccc051a489a1ecff7695.bundle,最後回去跟阿緯討論廖哥事件,Branch,#Simple,18,……,……
scene_day3_scenes_fab_day3_logic_6346ee10c065ccc051a489a1ecff7695.bundle,最後回去跟阿緯討論廖哥事件,Say,イー･テイ,21,僕は最初、一種のマネーローンダリングだと思っていた。,"나는 처음엔, 일종의 자금세탁이라고 생각했어."
scene_day3_scenes_fab_day3_logic_6346ee10c065ccc051a489a1ecff7695.bundle,最後回去跟阿緯討論廖哥事件,Branch,#Simple,19,じゃ、リョウさんはそのお金を何に使ってたんです？,"그럼, 료 씨는 그 돈을 뭐에 쓰고 있었던 거예요?"
scene_day3_scenes_fab_day3_logic_6346ee10c065ccc051a489a1ecff7695.bundle,最後回去跟阿緯討論廖哥事件,Branch,#Simple,20,なら、選別組で使途不明金が多数計上されていたということですか？,"그럼, 선별조에서 용도 불명 자금이 다수 계상되어 있었다는 건가요?"
scene_day3_scenes_fab_day3_logic_6346ee10c065ccc051a489a1ecff7695.bundle,最後回去跟阿緯討論廖哥事件,Say,イー･テイ,22,そこが謎なんだよ。,그게 수수께끼야.
scene_day3_scenes_fab_day3_logic_6346ee10c065ccc051a489a1ecff7695.bundle,最後回去跟阿緯討論廖哥事件,Branch,#Simple,21,……,……
scene_day3_scenes_fab_day3_logic_6346ee10c065ccc051a489a1ecff7695.bundle,最後回去跟阿緯討論廖哥事件,Say,イー･テイ,23,選別組の支出明細は全て正常で、ほとんどの入出金にちゃんとした記録が残されている。,"선별조 지출 명세는 전부 정상이고, 대부분의 입출금에 제대로 된 기록이 남아 있어."
scene_day3_scenes_fab_day3_logic_6346ee10c065ccc051a489a1ecff7695.bundle,最後回去跟阿緯討論廖哥事件,Branch,#Simple,22,じゃ、誰かが善意でこちらに寄付しているってことですか？,"그럼, 누군가 선의로 저희 쪽에 기부하고 있다는 건가요?"
scene_day3_scenes_fab_day3_logic_6346ee10c065ccc051a489a1ecff7695.bundle,最後回去跟阿緯討論廖哥事件,Say,イー･テイ,24,それだけじゃない。,그것만이 아니야.
scene_day3_scenes_fab_day3_logic_6346ee10c065ccc051a489a1ecff7695.bundle,最後回去跟阿緯討論廖哥事件,Say,イー･テイ,25,「正体を知られたくない」人物が、「寄付」をしているんだ。,"'정체를 들키고 싶지 않은' 인물이, '기부'를 하고 있는 거야."
scene_day3_scenes_fab_day3_logic_6346ee10c065ccc051a489a1ecff7695.bundle,最後回去跟阿緯討論廖哥事件,Branch,#Simple,23,支出が正常なら、リョウさんも隠ぺいする必要はないはずです。,"지출이 정상이면, 료 씨도 은폐할 필요는 없을 텐데요."
scene_day3_scenes_fab_day3_logic_6346ee10c065ccc051a489a1ecff7695.bundle,最後回去跟阿緯討論廖哥事件,Say,イー･テイ,26,おそらく……,아마도……
scene_day3_scenes_fab_day3_logic_6346ee10c065ccc051a489a1ecff7695.bundle,最後回去跟阿緯討論廖哥事件,Say,イー･テイ,27,選別組にお金を送り込んでいる人物は、自分の正体を知られたくないのだろう。,"선별조에 돈을 보내고 있는 인물은, 자기 정체를 들키고 싶지 않은 거겠지."
scene_day3_scenes_fab_day3_logic_6346ee10c065ccc051a489a1ecff7695.bundle,最後回去跟阿緯討論廖哥事件,Branch,#Simple,24,……,……
scene_day3_scenes_fab_day3_logic_6346ee10c065ccc051a489a1ecff7695.bundle,最後回去跟阿緯討論廖哥事件,Say,イー･テイ,28,とにかく、これはマネーローンダリングでないことは確かだ。,"아무튼, 이게 자금세탁이 아니라는 건 확실해."
scene_day3_scenes_fab_day3_logic_6346ee10c065ccc051a489a1ecff7695.bundle,最後回去跟阿緯討論廖哥事件,Say,イー･テイ,29,そして匿名で資金提供をしている人物は我々選別組にすら、正体を知られたくないらしい。,"그리고 익명으로 자금을 제공하고 있는 인물은 우리 선별조한테조차, 정체를 들키고 싶지 않은 것 같아."
scene_day3_scenes_fab_day3_logic_6346ee10c065ccc051a489a1ecff7695.bundle,最後回去跟阿緯討論廖哥事件,Say,イー･テイ,30,リョウさんはおそらく、その件に加担している。,"료 씨는 아마, 그 건에 가담하고 있어."
scene_day3_scenes_fab_day3_logic_6346ee10c065ccc051a489a1ecff7695.bundle,最後回去跟阿緯討論廖哥事件,Say,イー･テイ,31,……僕たちの想像よりずっと複雑だったんだ。,……우리 생각보다 훨씬 복잡했던 거야.
scene_day3_scenes_fab_day3_logic_6346ee10c065ccc051a489a1ecff7695.bundle,最後回去跟阿緯討論廖哥事件,Say,イー･テイ,32,……,……
scene_day3_scenes_fab_day3_logic_6346ee10c065ccc051a489a1ecff7695.bundle,最後回去跟阿緯討論廖哥事件,Say,タイミン･ソウ,9,でも、イーちゃんの推測もまだ否定できませんよね？,"근데, 이짱의 추측도 아직 부정할 순 없죠?"
scene_day3_scenes_fab_day3_logic_6346ee10c065ccc051a489a1ecff7695.bundle,最後回去跟阿緯討論廖哥事件,Say,イー･テイ,33,うん……,응……
scene_day3_scenes_fab_day3_logic_6346ee10c065ccc051a489a1ecff7695.bundle,最後回去跟阿緯討論廖哥事件,Branch,#Simple,25,推測？,추측이요?
scene_day3_scenes_fab_day3_logic_6346ee10c065ccc051a489a1ecff7695.bundle,最後回去跟阿緯討論廖哥事件,Say,タイミン･ソウ,10,実は、イーちゃんが一つの推測を立てたんです。,"실은, 이짱이 한 가지 추측을 세웠거든요."
scene_day3_scenes_fab_day3_logic_6346ee10c065ccc051a489a1ecff7695.bundle,最後回去跟阿緯討論廖哥事件,Branch,#Simple,26,なら、どうして手伝っていたリョウさんを連行したんです？,"그럼, 왜 도와주고 있던 료 씨를 연행한 거예요?"
scene_day3_scenes_fab_day3_logic_6346ee10c065ccc051a489a1ecff7695.bundle,最後回去跟阿緯討論廖哥事件,Say,タイミン･ソウ,11,多分、リョウさんが彼らの計画通りにお金を使用しなかったからだと思います。,"아마, 료 씨가 그들의 계획대로 돈을 쓰지 않아서일 거예요."
scene_day3_scenes_fab_day3_logic_6346ee10c065ccc051a489a1ecff7695.bundle,最後回去跟阿緯討論廖哥事件,Branch,#Simple,27,……,……
scene_day3_scenes_fab_day3_logic_6346ee10c065ccc051a489a1ecff7695.bundle,最後回去跟阿緯討論廖哥事件,Say,イー･テイ,34,僕が考えるに、この件は工場閉鎖と関係があると思う。,"내 생각에는, 이 건은 공장 폐쇄랑 관계가 있는 것 같아."
scene_day3_scenes_fab_day3_logic_6346ee10c065ccc051a489a1ecff7695.bundle,最後回去跟阿緯討論廖哥事件,Say,イー･テイ,35,最近は取締役会で数年後を目処にサイレントを閉鎖する議題が上がっている……,요즘 이사회에서 몇 년 후를 목표로 사일런트를 폐쇄하는 안건이 나오고 있어……
scene_day3_scenes_fab_day3_logic_6346ee10c065ccc051a489a1ecff7695.bundle,最後回去跟阿緯討論廖哥事件,Branch,#Simple,28,それは執行官が決めることでは？,그건 집행관이 정하는 거 아닌가요?
scene_day3_scenes_fab_day3_logic_6346ee10c065ccc051a489a1ecff7695.bundle,最後回去跟阿緯討論廖哥事件,Say,心の声,2,俺の質問にイー･テイは驚いているようだ。,내 질문에 이웨이가 놀란 것 같다.
scene_day3_scenes_fab_day3_logic_6346ee10c065ccc051a489a1ecff7695.bundle,最後回去跟阿緯討論廖哥事件,Say,イー･テイ,36,確かに執行官のゲンさんは万象グループの全ての演算関連の業務を担当している。,확실히 집행관인 겐 씨는 완샹 그룹의 모든 연산 관련 업무를 담당하고 있어.
scene_day3_scenes_fab_day3_logic_6346ee10c065ccc051a489a1ecff7695.bundle,最後回去跟阿緯討論廖哥事件,Say,イー･テイ,37,でも演算工場の新設や閉鎖みたいな大きな判断は、取締役会で決めることになっている。,"근데 연산 공장 신설이나 폐쇄 같은 큰 결정은, 이사회에서 정하기로 되어 있어."
scene_day3_scenes_fab_day3_logic_6346ee10c065ccc051a489a1ecff7695.bundle,最後回去跟阿緯討論廖哥事件,Branch,#Simple,29,ここの閉鎖はすでに決まっているんですか？,여기 폐쇄는 이미 결정된 건가요?
scene_day3_scenes_fab_day3_logic_6346ee10c065ccc051a489a1ecff7695.bundle,最後回去跟阿緯討論廖哥事件,Say,イー･テイ,38,ああ。でもすぐの話じゃない。,그래. 근데 당장 얘기는 아니야.
scene_day3_scenes_fab_day3_logic_6346ee10c065ccc051a489a1ecff7695.bundle,最後回去跟阿緯討論廖哥事件,Say,イー･テイ,39,5～10年を目処に少しずつ閉鎖の準備をしていく。,5~10년을 목표로 조금씩 폐쇄 준비를 해나가는 거야.
scene_day3_scenes_fab_day3_logic_6346ee10c065ccc051a489a1ecff7695.bundle,最後回去跟阿緯討論廖哥事件,Branch,#Simple,30,……,……
scene_day3_scenes_fab_day3_logic_6346ee10c065ccc051a489a1ecff7695.bundle,最後回去跟阿緯討論廖哥事件,Say,イー･テイ,40,でも実は取締役会で工場閉鎖に多くの反対者がいたって噂があるんだ。,근데 실은 이사회에서 공장 폐쇄에 반대하는 사람이 많다는 소문이 있어.
scene_day3_scenes_fab_day3_logic_6346ee10c065ccc051a489a1ecff7695.bundle,最後回去跟阿緯討論廖哥事件,Branch,#Simple,31,私たちはどっちを支持しているんです？,우리는 어느 쪽을 지지하고 있는 건가요?
scene_day3_scenes_fab_day3_logic_6346ee10c065ccc051a489a1ecff7695.bundle,最後回去跟阿緯討論廖哥事件,Say,イー･テイ,41,断固として工場存続派だ。,단호하게 공장 존속파야.
scene_day3_scenes_fab_day3_logic_6346ee10c065ccc051a489a1ecff7695.bundle,最後回去跟阿緯討論廖哥事件,Branch,#Simple,32,それは個人の考えですか？それとも選別組全体の？,그건 개인적인 생각인가요? 아니면 선별조 전체의?
scene_day3_scenes_fab_day3_logic_6346ee10c065ccc051a489a1ecff7695.bundle,最後回去跟阿緯討論廖哥事件,Say,イー･テイ,42,それは……,그건……
scene_day3_scenes_fab_day3_logic_6346ee10c065ccc051a489a1ecff7695.bundle,最後回去跟阿緯討論廖哥事件,Say,タイミン･ソウ,12,全員とは言いませんが、ほとんどの選別組はイーちゃんと同じ考えだと思います。,"전원이라고는 안 하겠지만, 선별조 대부분은 이짱이랑 같은 생각일 거예요."
scene_day3_scenes_fab_day3_logic_6346ee10c065ccc051a489a1ecff7695.bundle,最後回去跟阿緯討論廖哥事件,Say,イー･テイ,43,ありがとう、タイミン。,"고마워, 타이밍."
scene_day3_scenes_fab_day3_logic_6346ee10c065ccc051a489a1ecff7695.bundle,最後回去跟阿緯討論廖哥事件,Branch,#Simple,33,……,……
scene_day3_scenes_fab_day3_logic_6346ee10c065ccc051a489a1ecff7695.bundle,最後回去跟阿緯討論廖哥事件,Say,イー･テイ,44,サイレントが支えているこのエリアには多くの貧困者が住んでいる。つまりもし工場が閉鎖されれば、十数万人が路頭に迷うことになるんだ。,"사일런트가 떠받치고 있는 이 구역에는 많은 빈곤층이 살고 있어. 즉 만약 공장이 폐쇄되면, 십몇만 명이 길거리에 나앉게 되는 거야."
scene_day3_scenes_fab_day3_logic_6346ee10c065ccc051a489a1ecff7695.bundle,最後回去跟阿緯討論廖哥事件,Say,イー･テイ,45,確か僕たちの立場については、すでに君に話したよね？,"분명 우리 입장에 대해서는, 이미 너한테 얘기했었지?"
scene_day3_scenes_fab_day3_logic_6346ee10c065ccc051a489a1ecff7695.bundle,最後回去跟阿緯討論廖哥事件,Branch,#Simple,34,工場閉鎖が取り下げられる可能性は？,공장 폐쇄가 철회될 가능성은요?
scene_day3_scenes_fab_day3_logic_6346ee10c065ccc051a489a1ecff7695.bundle,最後回去跟阿緯討論廖哥事件,Say,イー･テイ,46,わからない。何が起きても不思議じゃないからね。,몰라. 무슨 일이 일어나도 이상하지 않으니까.
scene_day3_scenes_fab_day3_logic_6346ee10c065ccc051a489a1ecff7695.bundle,最後回去跟阿緯討論廖哥事件,Branch,#Simple,35,……,……
scene_day3_scenes_fab_day3_logic_6346ee10c065ccc051a489a1ecff7695.bundle,最後回去跟阿緯討論廖哥事件,Say,タイミン･ソウ,13,イーちゃん、リョウさんの話がまだですよ。,"이짱, 료 씨 얘기가 아직 남았어요."
scene_day3_scenes_fab_day3_logic_6346ee10c065ccc051a489a1ecff7695.bundle,最後回去跟阿緯討論廖哥事件,Say,イー･テイ,47,あ、ごめん、ごめん。,"아, 미안, 미안."
scene_day3_scenes_fab_day3_logic_6346ee10c065ccc051a489a1ecff7695.bundle,最後回去跟阿緯討論廖哥事件,Say,イー･テイ,48,僕の思うに、一部の役員が工場閉鎖を止めるために、あることをしているんだ。,"내 생각엔, 일부 임원이 공장 폐쇄를 막으려고, 어떤 짓을 하고 있는 거야."
scene_day3_scenes_fab_day3_logic_6346ee10c065ccc051a489a1ecff7695.bundle,最後回去跟阿緯討論廖哥事件,Branch,#Simple,36,私たちを支援するために、予算を水増ししていたことですか？,"저희를 지원하려고, 예산을 부풀렸다는 건가요?"
scene_day3_scenes_fab_day3_logic_6346ee10c065ccc051a489a1ecff7695.bundle,最後回去跟阿緯討論廖哥事件,Say,イー･テイ,49,いや、そんなに単純な話ではないと思う。,"아니, 그렇게 단순한 얘기는 아닌 것 같아."
scene_day3_scenes_fab_day3_logic_6346ee10c065ccc051a489a1ecff7695.bundle,最後回去跟阿緯討論廖哥事件,Say,イー･テイ,50,もし僕たちを支援するつもりなら、尚更僕たちにお金の存在を公開すべきだ。,"만약 우리를 지원할 생각이었다면, 오히려 우리한테 그 돈의 존재를 공개해야 맞지."
scene_day3_scenes_fab_day3_logic_6346ee10c065ccc051a489a1ecff7695.bundle,最後回去跟阿緯討論廖哥事件,Say,イー･テイ,51,なのに彼らは所在を隠そうとしていた。,근데 그들은 출처를 숨기려고 했어.
scene_day3_scenes_fab_day3_logic_6346ee10c065ccc051a489a1ecff7695.bundle,最後回去跟阿緯討論廖哥事件,Branch,#Simple,37,まさか選別組の予算を増やすことで、資金が潤沢であるかのように見せようとした？,"설마 선별조 예산을 늘려서, 자금이 풍족한 것처럼 보이게 하려던 거예요?"
scene_day3_scenes_fab_day3_logic_6346ee10c065ccc051a489a1ecff7695.bundle,最後回去跟阿緯討論廖哥事件,Say,イー･テイ,52,鋭いね、おそらく似たようなことをしたかったんだと思う。,"예리하네, 아마 비슷한 걸 하고 싶었던 것 같아."
scene_day3_scenes_fab_day3_logic_6346ee10c065ccc051a489a1ecff7695.bundle,最後回去跟阿緯討論廖哥事件,Branch,#Simple,38,……,……
scene_day3_scenes_fab_day3_logic_6346ee10c065ccc051a489a1ecff7695.bundle,最後回去跟阿緯討論廖哥事件,Say,イー･テイ,53,……,……
scene_day3_scenes_fab_day3_logic_6346ee10c065ccc051a489a1ecff7695.bundle,最後回去跟阿緯討論廖哥事件,Say,イー･テイ,54,僕が思うに、工場閉鎖に反対している役員たちは中間派を引き込むために、サイレントが順調であるように見せたかったんだと思う。,"내 생각엔, 공장 폐쇄에 반대하는 임원들이 중간파를 끌어들이려고, 사일런트가 잘 굴러가는 것처럼 보이고 싶었던 것 같아."
scene_day3_scenes_fab_day3_logic_6346ee10c065ccc051a489a1ecff7695.bundle,最後回去跟阿緯討論廖哥事件,Say,イー･テイ,55,その場合、こっそりお金を送り込むのが一番だろう。,"그런 경우엔, 몰래 돈을 보내는 게 제일이겠지."
scene_day3_scenes_fab_day3_logic_6346ee10c065ccc051a489a1ecff7695.bundle,最後回去跟阿緯討論廖哥事件,Say,タイミン･ソウ,14,確かにサイレントの供給者数は次々と増える一方ですね……,확실히 사일런트의 공급자 수는 계속 늘어나기만 하네요……
scene_day3_scenes_fab_day3_logic_6346ee10c065ccc051a489a1ecff7695.bundle,最後回去跟阿緯討論廖哥事件,Branch,#Simple,39,供給者数が業績の良さに必ずしも関係するとは思えません。,공급자 수가 실적이 좋은 것과 반드시 관련 있다고는 생각 안 돼요.
scene_day3_scenes_fab_day3_logic_6346ee10c065ccc051a489a1ecff7695.bundle,最後回去跟阿緯討論廖哥事件,Say,タイミン･ソウ,15,私も最初は理解できなかったのですが、イーちゃんが合理的な答えを提示してくれました。,"저도 처음엔 이해가 안 됐는데, 이짱이 합리적인 답을 제시해줬어요."
scene_day3_scenes_fab_day3_logic_6346ee10c065ccc051a489a1ecff7695.bundle,最後回去跟阿緯討論廖哥事件,Branch,#Simple,40,シンプルかつ効果的なやり方ですね。,심플하면서도 효과적인 방법이네요.
scene_day3_scenes_fab_day3_logic_6346ee10c065ccc051a489a1ecff7695.bundle,最後回去跟阿緯討論廖哥事件,Say,タイミン･ソウ,16,そうだ。,맞아.
scene_day3_scenes_fab_day3_logic_6346ee10c065ccc051a489a1ecff7695.bundle,最後回去跟阿緯討論廖哥事件,Branch,#Simple,41,……,……
scene_day3_scenes_fab_day3_logic_6346ee10c065ccc051a489a1ecff7695.bundle,最後回去跟阿緯討論廖哥事件,Say,イー･テイ,56,実のところ、収容数が増えれば、万象が失業者にとっての大きな受け皿になるんだ。,"사실, 수용 인원이 늘어나면, 완샹이 실업자들의 큰 받침대가 되는 거야."
scene_day3_scenes_fab_day3_logic_6346ee10c065ccc051a489a1ecff7695.bundle,最後回去跟阿緯討論廖哥事件,Branch,#Simple,42,政治家はそれを利用して票を獲得できるってことですか？,정치인은 그걸 이용해서 표를 얻을 수 있다는 건가요?
scene_day3_scenes_fab_day3_logic_6346ee10c065ccc051a489a1ecff7695.bundle,最後回去跟阿緯討論廖哥事件,Say,イー･テイ,57,その通り！,바로 그거야!
scene_day3_scenes_fab_day3_logic_6346ee10c065ccc051a489a1ecff7695.bundle,最後回去跟阿緯討論廖哥事件,Branch,#Simple,43,そんなことをしても、売上は好転しないはずです。,"그런 짓을 해도, 매출은 나아지지 않을 텐데요."
scene_day3_scenes_fab_day3_logic_6346ee10c065ccc051a489a1ecff7695.bundle,最後回去跟阿緯討論廖哥事件,Say,イー･テイ,58,彼らはもう売上のことなんてどうでもいいんだろう。,그 사람들은 이제 매출 같은 건 아무래도 상관없는 거겠지.
scene_day3_scenes_fab_day3_logic_6346ee10c065ccc051a489a1ecff7695.bundle,最後回去跟阿緯討論廖哥事件,Branch,#Simple,44,……,……
scene_day3_scenes_fab_day3_logic_6346ee10c065ccc051a489a1ecff7695.bundle,最後回去跟阿緯討論廖哥事件,Say,イー･テイ,59,彼らにとって、サイレントのような古い演算工場の価値は金銭利益じゃない。,"그들한테, 사일런트 같은 낡은 연산 공장의 가치는 금전적 이익이 아니야."
scene_day3_scenes_fab_day3_logic_6346ee10c065ccc051a489a1ecff7695.bundle,最後回去跟阿緯討論廖哥事件,Say,イー･テイ,60,本当の価値は失業者の受け皿となり、政治家と交渉する手札になり得ることなんだ。,"진짜 가치는 실업자의 받침대가 되고, 정치인이랑 협상하는 카드가 될 수 있다는 거야."
scene_day3_scenes_fab_day3_logic_6346ee10c065ccc051a489a1ecff7695.bundle,最後回去跟阿緯討論廖哥事件,Say,イー･テイ,61,ジェイ、理解できただろう？,"제이, 이해됐지?"
scene_day3_scenes_fab_day3_logic_6346ee10c065ccc051a489a1ecff7695.bundle,最後回去跟阿緯討論廖哥事件,Branch,#Simple,45,すみません、よくわかりませんでした。,"죄송해요, 잘 모르겠어요."
scene_day3_scenes_fab_day3_logic_6346ee10c065ccc051a489a1ecff7695.bundle,最後回去跟阿緯討論廖哥事件,Say,イー･テイ,62,簡単に言えば、サイレントがより多くの供給者を収容すれば、失業率が下がるんだ。,"간단히 말하면, 사일런트가 더 많은 공급자를 수용하면, 실업률이 내려가는 거야."
scene_day3_scenes_fab_day3_logic_6346ee10c065ccc051a489a1ecff7695.bundle,最後回去跟阿緯討論廖哥事件,Say,イー･テイ,63,失業率が下がるということは、与党からすると自分たちの大きな政績となる。そのため政治家たちは、できるだけ万象に法律的な便宜を図るんだ。,"실업률이 내려간다는 건, 여당 입장에선 자기들의 큰 정치적 실적이 되는 거야. 그래서 정치인들은, 최대한 완샹한테 법적인 편의를 봐주는 거고."
scene_day3_scenes_fab_day3_logic_6346ee10c065ccc051a489a1ecff7695.bundle,最後回去跟阿緯討論廖哥事件,Branch,#Simple,46,なるほど、理にはかなっていますね。,"그렇군요, 이치에는 맞네요."
scene_day3_scenes_fab_day3_logic_6346ee10c065ccc051a489a1ecff7695.bundle,最後回去跟阿緯討論廖哥事件,Say,イー･テイ,64,その取締役についてだけど、君が教えてくれた名前から手がかりが見つかった。,"그 이사에 대해서인데, 네가 알려준 이름에서 단서를 찾았어."
scene_day3_scenes_fab_day3_logic_6346ee10c065ccc051a489a1ecff7695.bundle,最後回去跟阿緯討論廖哥事件,Say,イー･テイ,65,ロク･シュウだ。この人物に関する情報はほとんどない上に、万象の公開データバンクは真っ白だったんだ。,"로쿠 슈야. 이 인물에 관한 정보는 거의 없는 데다, 완샹의 공개 데이터뱅크는 텅 비어 있었어."
scene_day3_scenes_fab_day3_logic_6346ee10c065ccc051a489a1ecff7695.bundle,最後回去跟阿緯討論廖哥事件,Say,イー･テイ,66,でも、彼が政府の調査部門に勤めていたことがわかった。,"근데, 그 사람이 정부 조사 부서에서 일했었다는 걸 알아냈어."
scene_day3_scenes_fab_day3_logic_6346ee10c065ccc051a489a1ecff7695.bundle,最後回去跟阿緯討論廖哥事件,Say,イー･テイ,67,彼の当時の上司は、シュウカ･リーだ。,"그 사람 당시 상사는, 슈카 리야."
scene_day3_scenes_fab_day3_logic_6346ee10c065ccc051a489a1ecff7695.bundle,最後回去跟阿緯討論廖哥事件,Say,タイミン･ソウ,17,シュウカ･リーって、まさか……,"슈카 리라면, 설마……"
scene_day3_scenes_fab_day3_logic_6346ee10c065ccc051a489a1ecff7695.bundle,最後回去跟阿緯討論廖哥事件,Say,イー･テイ,68,ああ、大臣を退任後、万象の取締役になっている。,"그래, 장관 퇴임 후, 완샹 이사가 됐어."
scene_day3_scenes_fab_day3_logic_6346ee10c065ccc051a489a1ecff7695.bundle,最後回去跟阿緯討論廖哥事件,Branch,#Simple,47,つまり、どの取締役が工場閉鎖に反対しているのかわかったってことですね。,"그러니까, 어느 이사가 공장 폐쇄에 반대하는지 알아냈다는 거네요."
scene_day3_scenes_fab_day3_logic_6346ee10c065ccc051a489a1ecff7695.bundle,最後回去跟阿緯討論廖哥事件,Branch,#Simple,48,つまり、シュウカ･リーがロク･シュウを万象に招いたかもしれないってことですね。,"그러니까, 슈카 리가 로쿠 슈를 완샹으로 데려왔을지도 모른다는 거네요."
scene_day3_scenes_fab_day3_logic_6346ee10c065ccc051a489a1ecff7695.bundle,最後回去跟阿緯討論廖哥事件,Say,イー･テイ,69,それに君はリョウさんの電話の相手はリーという人だと言っていたしね。,게다가 네가 료 씨의 통화 상대가 리라는 사람이었다고 했었잖아.
scene_day3_scenes_fab_day3_logic_6346ee10c065ccc051a489a1ecff7695.bundle,最後回去跟阿緯討論廖哥事件,Say,イー･テイ,70,合理的な推測だと思う。,합리적인 추측이라고 생각해.
scene_day3_scenes_fab_day3_logic_6346ee10c065ccc051a489a1ecff7695.bundle,最後回去跟阿緯討論廖哥事件,Branch,#Simple,49,……,……
scene_day3_scenes_fab_day3_logic_6346ee10c065ccc051a489a1ecff7695.bundle,最後回去跟阿緯討論廖哥事件,Say,イー･テイ,71,最後の疑問だけど、リョウさんが取締役のために動いていたのは間違いないと思う……,"마지막 의문인데, 료 씨가 이사를 위해 움직였던 건 틀림없다고 생각해……"
scene_day3_scenes_fab_day3_logic_6346ee10c065ccc051a489a1ecff7695.bundle,最後回去跟阿緯討論廖哥事件,Say,イー･テイ,72,でもどうして連行されたのかわからないんだ。,근데 왜 연행됐는지는 모르겠어.
scene_day3_scenes_fab_day3_logic_6346ee10c065ccc051a489a1ecff7695.bundle,最後回去跟阿緯討論廖哥事件,Branch,#Simple,50,まさか存続派の計画をバラしたとか？,설마 존속파 계획을 누설했다거나?
scene_day3_scenes_fab_day3_logic_6346ee10c065ccc051a489a1ecff7695.bundle,最後回去跟阿緯討論廖哥事件,Say,イー･テイ,73,いや、むしろ連行することで気づかれるリスクを負っている。僕たちはリョウさんが連行されたから、異常に気づき、このような推測を立てたわけだし。,"아니, 오히려 연행함으로써 들킬 위험을 지고 있는 거야. 우리도 료 씨가 연행됐으니까, 이상함을 눈치채고, 이런 추측을 세운 거고."
scene_day3_scenes_fab_day3_logic_6346ee10c065ccc051a489a1ecff7695.bundle,最後回去跟阿緯討論廖哥事件,Say,タイミン･ソウ,18,私たちではなく、リョウさんが他の人にバラした可能性もあります。,"우리가 아니라, 료 씨가 다른 사람한테 누설했을 가능성도 있어요."
scene_day3_scenes_fab_day3_logic_6346ee10c065ccc051a489a1ecff7695.bundle,最後回去跟阿緯討論廖哥事件,Say,イー･テイ,74,ないとは言い切れないが……,없다고 단언할 순 없지만……
scene_day3_scenes_fab_day3_logic_6346ee10c065ccc051a489a1ecff7695.bundle,最後回去跟阿緯討論廖哥事件,Branch,#Simple,51,リョウさんが取締役の計画に逆らったからとか？,료 씨가 이사의 계획을 거스른 거라거나?
scene_day3_scenes_fab_day3_logic_6346ee10c065ccc051a489a1ecff7695.bundle,最後回去跟阿緯討論廖哥事件,Say,イー･テイ,75,ああ、僕もそう思う。,"그래, 나도 그렇게 생각해."
scene_day3_scenes_fab_day3_logic_6346ee10c065ccc051a489a1ecff7695.bundle,最後回去跟阿緯討論廖哥事件,Say,イー･テイ,76,これが一番合理的だと思う。,이게 가장 합리적인 것 같아.
scene_day3_scenes_fab_day3_logic_6346ee10c065ccc051a489a1ecff7695.bundle,最後回去跟阿緯討論廖哥事件,Branch,#Simple,52,さあ、どうなんでしょうね。,"글쎄요, 어떨까요."
scene_day3_scenes_fab_day3_logic_6346ee10c065ccc051a489a1ecff7695.bundle,最後回去跟阿緯討論廖哥事件,Say,タイミン･ソウ,19,おそらく、手当金に問題があったんだと思います。,"아마, 수당금에 문제가 있었던 것 같아요."
scene_day3_scenes_fab_day3_logic_6346ee10c065ccc051a489a1ecff7695.bundle,最後回去跟阿緯討論廖哥事件,Say,イー･テイ,77,うん、反対派の目的ができるだけ多くの供給者を集めることなのに対して、リョウさんは……,"응, 반대파의 목적이 최대한 많은 공급자를 모으는 거였는데, 료 씨는……"
scene_day3_scenes_fab_day3_logic_6346ee10c065ccc051a489a1ecff7695.bundle,最後回去跟阿緯討論廖哥事件,Say,タイミン･ソウ,20,リョウさんはそのお金を勝手に供給者の待遇向上や手当に使っていたんですね……,료 씨는 그 돈을 마음대로 공급자 처우 개선이나 수당에 썼던 거네요……
scene_day3_scenes_fab_day3_logic_6346ee10c065ccc051a489a1ecff7695.bundle,最後回去跟阿緯討論廖哥事件,Say,タイミン･ソウ,21,それが反対派にバレて、本社に連行されたのでしょう。,"그게 반대파한테 들켜서, 본사에 연행된 거겠죠."
scene_day3_scenes_fab_day3_logic_6346ee10c065ccc051a489a1ecff7695.bundle,最後回去跟阿緯討論廖哥事件,Say,イー･テイ,78,そうだ。,맞아.
scene_day3_scenes_fab_day3_logic_6346ee10c065ccc051a489a1ecff7695.bundle,最後回去跟阿緯討論廖哥事件,Say,イー･テイ,79,最初は僕の考えすぎだと思っていたけど、ジェイの調べからもこの件は取締役が関与してるってわかったから……,"처음엔 내가 너무 깊이 생각한다고 여겼는데, 제이의 조사로도 이 건에 이사가 관여했다는 걸 알게 됐으니까……"
scene_day3_scenes_fab_day3_logic_6346ee10c065ccc051a489a1ecff7695.bundle,最後回去跟阿緯討論廖哥事件,Say,タイミン･ソウ,22,十中八九これで間違いないと思います。,십중팔구 이걸로 틀림없다고 생각해요.
scene_day3_scenes_fab_day3_logic_6346ee10c065ccc051a489a1ecff7695.bundle,最後回去跟阿緯討論廖哥事件,Branch,#Simple,53,これからはどうしますか？,앞으로는 어떻게 할 건가요?
scene_day3_scenes_fab_day3_logic_6346ee10c065ccc051a489a1ecff7695.bundle,最後回去跟阿緯討論廖哥事件,Branch,#Simple,54,本気ですか？他にも原因があるのでは？,진심이에요? 다른 원인도 있는 거 아닌가요?
scene_day3_scenes_fab_day3_logic_6346ee10c065ccc051a489a1ecff7695.bundle,最後回去跟阿緯討論廖哥事件,Say,イー･テイ,80,推測をいくら立てても仕方ないし、確かめるしかないよ。,"추측을 아무리 세워봤자 소용없으니까, 확인할 수밖에 없어."
scene_day3_scenes_fab_day3_logic_6346ee10c065ccc051a489a1ecff7695.bundle,最後回去跟阿緯討論廖哥事件,Branch,#Simple,55,……,……
scene_day3_scenes_fab_day3_logic_6346ee10c065ccc051a489a1ecff7695.bundle,最後回去跟阿緯討論廖哥事件,Say,イー･テイ,81,この推測を裏付ける証拠が揃った今、僕は反対派にコンタクトを取ろうと思うんだ。,"이 추측을 뒷받침하는 증거가 다 모인 지금, 나는 반대파랑 접촉해보려고 해."
scene_day3_scenes_fab_day3_logic_6346ee10c065ccc051a489a1ecff7695.bundle,最後回去跟阿緯討論廖哥事件,Say,タイミン･ソウ,23,ちょ、直球ですね……どうやって連絡を？,"너, 너무 직진인데요……어떻게 연락하려고요?"
scene_day3_scenes_fab_day3_logic_6346ee10c065ccc051a489a1ecff7695.bundle,最後回去跟阿緯討論廖哥事件,Say,タイミン･ソウ,24,それに具体的にどの取締役なのかもわかりませんし……,게다가 구체적으로 어느 이사인지도 모르고……
scene_day3_scenes_fab_day3_logic_6346ee10c065ccc051a489a1ecff7695.bundle,最後回去跟阿緯討論廖哥事件,Say,イー･テイ,82,僕なりに考えがあるんだ。,나 나름대로 생각이 있어.
scene_day3_scenes_fab_day3_logic_6346ee10c065ccc051a489a1ecff7695.bundle,最後回去跟阿緯討論廖哥事件,Branch,#Simple,56,例え連絡できたとしても、どうする気ですか？,"설령 연락이 닿는다 해도, 어쩔 생각이에요?"
scene_day3_scenes_fab_day3_logic_6346ee10c065ccc051a489a1ecff7695.bundle,最後回去跟阿緯討論廖哥事件,Say,イー･テイ,83,すでに考えてはいる。,이미 생각해뒀어.
scene_day3_scenes_fab_day3_logic_6346ee10c065ccc051a489a1ecff7695.bundle,最後回去跟阿緯討論廖哥事件,Branch,#Simple,57,それは危険だと思います。,그건 위험하다고 생각해요.
scene_day3_scenes_fab_day3_logic_6346ee10c065ccc051a489a1ecff7695.bundle,最後回去跟阿緯討論廖哥事件,Say,イー･テイ,84,でも他に手はないんだ。,근데 다른 방법이 없어.
scene_day3_scenes_fab_day3_logic_6346ee10c065ccc051a489a1ecff7695.bundle,最後回去跟阿緯討論廖哥事件,Branch,#Simple,58,……,……
scene_day3_scenes_fab_day3_logic_6346ee10c065ccc051a489a1ecff7695.bundle,最後回去跟阿緯討論廖哥事件,Say,イー･テイ,85,その人物と連絡が取れ次第、僕はリョウさんの後釜になりたいと打診するつもりだ。,"그 인물이랑 연락이 닿는 대로, 나는 료 씨의 후임이 되고 싶다고 타진할 생각이야."
scene_day3_scenes_fab_day3_logic_6346ee10c065ccc051a489a1ecff7695.bundle,最後回去跟阿緯討論廖哥事件,Say,タイミン･ソウ,25,なんのことですか？,무슨 얘기죠?
scene_day3_scenes_fab_day3_logic_6346ee10c065ccc051a489a1ecff7695.bundle,最後回去跟阿緯討論廖哥事件,Say,イー･テイ,86,役員たちは僕たちと同じ立場のはずだ。それを利用しない手はない。,임원들은 우리랑 같은 입장일 거야. 그걸 이용 안 할 이유가 없어.
scene_day3_scenes_fab_day3_logic_6346ee10c065ccc051a489a1ecff7695.bundle,最後回去跟阿緯討論廖哥事件,Say,イー･テイ,87,それに僕の方がリョウさんより、いい協力者になれるはずだ。,"게다가 내가 료 씨보다, 더 나은 협력자가 될 수 있을 거야."
scene_day3_scenes_fab_day3_logic_6346ee10c065ccc051a489a1ecff7695.bundle,最後回去跟阿緯討論廖哥事件,Say,タイミン･ソウ,26,でも……,하지만……
scene_day3_scenes_fab_day3_logic_6346ee10c065ccc051a489a1ecff7695.bundle,最後回去跟阿緯討論廖哥事件,Say,イー･テイ,88,もちろん僕が計画を引き継ぐ代わりに、リョウさんの解放を求めるつもりだ。,"물론 내가 계획을 이어받는 대신, 료 씨의 석방을 요구할 생각이야."
scene_day3_scenes_fab_day3_logic_6346ee10c065ccc051a489a1ecff7695.bundle,最後回去跟阿緯討論廖哥事件,Branch,#Simple,59,良い方法かもしれません。,좋은 방법일지도 모르겠네요.
scene_day3_scenes_fab_day3_logic_6346ee10c065ccc051a489a1ecff7695.bundle,最後回去跟阿緯討論廖哥事件,Say,タイミン･ソウ,27,ジェイまでそんなことを……,제이까지 그런 말을……
scene_day3_scenes_fab_day3_logic_6346ee10c065ccc051a489a1ecff7695.bundle,最後回去跟阿緯討論廖哥事件,Branch,#Simple,60,それは危険すぎます。,그건 너무 위험해요.
scene_day3_scenes_fab_day3_logic_6346ee10c065ccc051a489a1ecff7695.bundle,最後回去跟阿緯討論廖哥事件,Say,タイミン･ソウ,28,そうですよ。何が起きるかわかりませんし……,맞아요. 무슨 일이 일어날지 모르고……
scene_day3_scenes_fab_day3_logic_6346ee10c065ccc051a489a1ecff7695.bundle,最後回去跟阿緯討論廖哥事件,Branch,#Simple,61,……,……
scene_day3_scenes_fab_day3_logic_6346ee10c065ccc051a489a1ecff7695.bundle,最後回去跟阿緯討論廖哥事件,Say,イー･テイ,89,僕はもう覚悟を決めたんだ。,나는 이미 각오를 굳혔어.
scene_day3_scenes_fab_day3_logic_6346ee10c065ccc051a489a1ecff7695.bundle,最後回去跟阿緯討論廖哥事件,Say,イー･テイ,90,後は一人でなんとかしてみせるよ。,이제부터는 혼자서 어떻게든 해볼게.
scene_day3_scenes_fab_day3_logic_6346ee10c065ccc051a489a1ecff7695.bundle,最後回去跟阿緯討論廖哥事件,Say,タイミン･ソウ,29,イーちゃん……,이짱……
scene_day3_scenes_fab_day3_logic_6346ee10c065ccc051a489a1ecff7695.bundle,最後回去跟阿緯討論廖哥事件,Say,イー･テイ,91,ポジティブに考えようよ！,긍정적으로 생각하자!
scene_day3_scenes_fab_day3_logic_6346ee10c065ccc051a489a1ecff7695.bundle,最後回去跟阿緯討論廖哥事件,Say,イー･テイ,92,僕たちは工場閉鎖の問題をずっと抱えてきた。,우리는 공장 폐쇄 문제를 계속 안고 왔어.
scene_day3_scenes_fab_day3_logic_6346ee10c065ccc051a489a1ecff7695.bundle,最後回去跟阿緯討論廖哥事件,Say,イー･テイ,93,でもこの件を上手くやれば、リョウさんも工場閉鎖の問題も一度に解決できるんだ。,"근데 이 건을 잘 처리하면, 료 씨 건도 공장 폐쇄 문제도 한꺼번에 해결할 수 있어."
scene_day3_scenes_fab_day3_logic_6346ee10c065ccc051a489a1ecff7695.bundle,最後回去跟阿緯討論廖哥事件,Say,タイミン･ソウ,30,……そうですね。,……그러네요.
scene_day3_scenes_fab_day3_logic_6346ee10c065ccc051a489a1ecff7695.bundle,最後回去跟阿緯討論廖哥事件,Say,イー･テイ,94,うん、だから心配しないで。,"그래, 그러니까 걱정하지 마."
scene_day3_scenes_fab_day3_logic_6346ee10c065ccc051a489a1ecff7695.bundle,最後回去跟阿緯討論廖哥事件,Say,イー･テイ,95,もうタイミンも仕事に戻っていいよ。それと、この件はまだ誰にも言わないでくれ。,"이제 타이밍도 일하러 돌아가도 돼. 그리고, 이 건은 아직 아무한테도 말하지 마."
scene_day3_scenes_fab_day3_logic_6346ee10c065ccc051a489a1ecff7695.bundle,最後回去跟阿緯討論廖哥事件,Say,タイミン･ソウ,31,わかった。,알았어.
scene_day3_scenes_fab_day3_logic_6346ee10c065ccc051a489a1ecff7695.bundle,最後回去跟阿緯討論廖哥事件,Say,タイミン･ソウ,32,……,……
scene_day3_scenes_fab_day3_logic_6346ee10c065ccc051a489a1ecff7695.bundle,最後回去跟阿緯討論廖哥事件,Say,タイミン･ソウ,33,イーちゃん、気をつけてください。,"이짱, 조심하세요."
scene_day3_scenes_fab_day3_logic_6346ee10c065ccc051a489a1ecff7695.bundle,最後回去跟阿緯討論廖哥事件,Say,イー･テイ,96,わかってる。,알고 있어.
scene_day3_scenes_fab_day3_logic_6346ee10c065ccc051a489a1ecff7695.bundle,最後回去跟阿緯討論廖哥事件,Say,イー･テイ,97,……,……
scene_day3_scenes_fab_day3_logic_6346ee10c065ccc051a489a1ecff7695.bundle,最後回去跟阿緯討論廖哥事件,Branch,#Simple,62,大丈夫ですか？,괜찮으세요?
scene_day3_scenes_fab_day3_logic_6346ee10c065ccc051a489a1ecff7695.bundle,最後回去跟阿緯討論廖哥事件,Say,イー･テイ,98,えっと……,그게……
scene_day3_scenes_fab_day3_logic_6346ee10c065ccc051a489a1ecff7695.bundle,最後回去跟阿緯討論廖哥事件,Say,イー･テイ,99,あまり大丈夫じゃないね。,별로 안 괜찮네.
scene_day3_scenes_fab_day3_logic_6346ee10c065ccc051a489a1ecff7695.bundle,最後回去跟阿緯討論廖哥事件,Branch,#Simple,63,リョウさんが連行されたから？,료 씨가 연행돼서요?
scene_day3_scenes_fab_day3_logic_6346ee10c065ccc051a489a1ecff7695.bundle,最後回去跟阿緯討論廖哥事件,Branch,#Simple,64,工場閉鎖が心配だから？,공장 폐쇄가 걱정돼서요?
scene_day3_scenes_fab_day3_logic_6346ee10c065ccc051a489a1ecff7695.bundle,最後回去跟阿緯討論廖哥事件,Branch,#Simple,65,今日の一件に責任を感じているからですか？,오늘 그 일에 책임을 느끼고 있어서인가요?
scene_day3_scenes_fab_day3_logic_6346ee10c065ccc051a489a1ecff7695.bundle,最後回去跟阿緯討論廖哥事件,Say,イー･テイ,100,いや。,아니.
scene_day3_scenes_fab_day3_logic_6346ee10c065ccc051a489a1ecff7695.bundle,最後回去跟阿緯討論廖哥事件,Branch,#Simple,66,……,……
scene_day3_scenes_fab_day3_logic_6346ee10c065ccc051a489a1ecff7695.bundle,最後回去跟阿緯討論廖哥事件,Say,イー･テイ,101,僕は……,나는……
scene_day3_scenes_fab_day3_logic_6346ee10c065ccc051a489a1ecff7695.bundle,最後回去跟阿緯討論廖哥事件,Say,イー･テイ,102,この演算工場をより良いものにしようと努力し、その努力に結果が伴っていると思っていたんだ。,"이 연산 공장을 더 좋게 만들려고 노력했고, 그 노력에 결과가 따라오고 있다고 생각했었어."
scene_day3_scenes_fab_day3_logic_6346ee10c065ccc051a489a1ecff7695.bundle,最後回去跟阿緯討論廖哥事件,Say,イー･テイ,103,供給者たちの待遇を改善したから、工場の売上も上がって、より多くの供給者と契約できるようになったと……,"공급자들 처우를 개선해서, 공장 매출도 오르고, 더 많은 공급자와 계약할 수 있게 됐다고……"
scene_day3_scenes_fab_day3_logic_6346ee10c065ccc051a489a1ecff7695.bundle,最後回去跟阿緯討論廖哥事件,Say,イー･テイ,104,僕はずっと事態が好転しているとばかり思っていた……,나는 계속 상황이 호전되고 있다고만 생각했었어……
scene_day3_scenes_fab_day3_logic_6346ee10c065ccc051a489a1ecff7695.bundle,最後回去跟阿緯討論廖哥事件,Say,イー･テイ,105,でもその売上も誰かの手によって仕組まれたものだった……資金提供が止められれば、僕のやり方は一瞬で破綻する。,"근데 그 매출도 누군가의 손에 의해 조작된 거였어……자금 제공이 끊기면, 내 방식은 순식간에 무너져."
scene_day3_scenes_fab_day3_logic_6346ee10c065ccc051a489a1ecff7695.bundle,最後回去跟阿緯討論廖哥事件,Say,イー･テイ,106,今やっとわかったよ。僕には供給者たち救える力なんてなかったんだ。,이제야 알았어. 나한테는 공급자들을 구할 힘 같은 건 없었던 거야.
scene_day3_scenes_fab_day3_logic_6346ee10c065ccc051a489a1ecff7695.bundle,最後回去跟阿緯討論廖哥事件,Say,イー･テイ,107,僕は失敗した。,나는 실패했어.
scene_day3_scenes_fab_day3_logic_6346ee10c065ccc051a489a1ecff7695.bundle,最後回去跟阿緯討論廖哥事件,Say,心の声,3,そんなことを考えていたのか……,그런 생각을 하고 있었던 건가……
scene_day3_scenes_fab_day3_logic_6346ee10c065ccc051a489a1ecff7695.bundle,最後回去跟阿緯討論廖哥事件,Say,イー･テイ,108,……,……
scene_day3_scenes_fab_day3_logic_6346ee10c065ccc051a489a1ecff7695.bundle,最後回去跟阿緯討論廖哥事件,Branch,#Simple,67,これからどうしますか？,앞으로 어떻게 하실 건가요?
scene_day3_scenes_fab_day3_logic_6346ee10c065ccc051a489a1ecff7695.bundle,最後回去跟阿緯討論廖哥事件,Branch,#Simple,68,最善を尽くしたなら、自分を責めても仕方ないと思います。,"최선을 다했다면, 자책해봤자 소용없다고 생각해요."
scene_day3_scenes_fab_day3_logic_6346ee10c065ccc051a489a1ecff7695.bundle,最後回去跟阿緯討論廖哥事件,Say,イー･テイ,109,……,……
scene_day3_scenes_fab_day3_logic_6346ee10c065ccc051a489a1ecff7695.bundle,最後回去跟阿緯討論廖哥事件,Say,イー･テイ,110,僕はまだ諦めない。僕の目標は実現できるはずだ。,나는 아직 포기 안 해. 내 목표는 이룰 수 있을 거야.
scene_day3_scenes_fab_day3_logic_6346ee10c065ccc051a489a1ecff7695.bundle,最後回去跟阿緯討論廖哥事件,Say,イー･テイ,111,僕はただ、目標との距離を改めて思い知らされただけだ。,"나는 그저, 목표와의 거리를 다시 한번 깨달았을 뿐이야."
scene_day3_scenes_fab_day3_logic_6346ee10c065ccc051a489a1ecff7695.bundle,最後回去跟阿緯討論廖哥事件,Say,イー･テイ,112,まだやれることは沢山ある。まずは取締役会と連絡を取らないと。,아직 할 수 있는 일은 많아. 우선 이사회랑 연락을 취해야지.
scene_day3_scenes_fab_day3_logic_6346ee10c065ccc051a489a1ecff7695.bundle,最後回去跟阿緯討論廖哥事件,Branch,#Simple,69,立ち塞がる障害が明確になっただけで、あなたはまだ失敗していません。,"가로막는 장애물이 명확해졌을 뿐이지, 당신은 아직 실패하지 않았어요."
scene_day3_scenes_fab_day3_logic_6346ee10c065ccc051a489a1ecff7695.bundle,最後回去跟阿緯討論廖哥事件,Say,イー･テイ,113,ジェイ……,제이……
scene_day3_scenes_fab_day3_logic_6346ee10c065ccc051a489a1ecff7695.bundle,最後回去跟阿緯討論廖哥事件,Say,イー･テイ,114,君の言う通りだ。,네 말이 맞아.
scene_day3_scenes_fab_day3_logic_6346ee10c065ccc051a489a1ecff7695.bundle,最後回去跟阿緯討論廖哥事件,Say,イー･テイ,115,励ましてくれてありがとう。,격려해줘서 고마워.
scene_day3_scenes_fab_day3_logic_6346ee10c065ccc051a489a1ecff7695.bundle,最後回去跟阿緯討論廖哥事件,Branch,#Simple,70,……,……
scene_day3_scenes_fab_day3_logic_6346ee10c065ccc051a489a1ecff7695.bundle,最後回去跟阿緯討論廖哥事件,Say,イー･テイ,116,ごめんね、急にこんな話しちゃって……,"미안, 갑자기 이런 얘기 해서……"
scene_day3_scenes_fab_day3_logic_6346ee10c065ccc051a489a1ecff7695.bundle,最後回去跟阿緯討論廖哥事件,Say,イー･テイ,117,でもありがとう。ジェイのおかげで、自分の考えに自信が持てた。,"그치만 고마워. 제이 덕분에, 내 생각에 자신감을 가질 수 있었어."
scene_day3_scenes_fab_day3_logic_6346ee10c065ccc051a489a1ecff7695.bundle,最後回去跟阿緯討論廖哥事件,Branch,#Simple,71,まだその考えが正しいと決まったわけじゃないですけどね。,아직 그 생각이 맞다고 정해진 건 아니지만요.
scene_day3_scenes_fab_day3_logic_6346ee10c065ccc051a489a1ecff7695.bundle,最後回去跟阿緯討論廖哥事件,Say,イー･テイ,118,ハハ！そうだね。,하하! 그러네.
scene_day3_scenes_fab_day3_logic_6346ee10c065ccc051a489a1ecff7695.bundle,最後回去跟阿緯討論廖哥事件,Branch,#Simple,72,私は何もしてません。,저는 아무것도 안 했어요.
scene_day3_scenes_fab_day3_logic_6346ee10c065ccc051a489a1ecff7695.bundle,最後回去跟阿緯討論廖哥事件,Say,イー･テイ,119,ハハ。,하하.
scene_day3_scenes_fab_day3_logic_6346ee10c065ccc051a489a1ecff7695.bundle,最後回去跟阿緯討論廖哥事件,Branch,#Simple,73,……,……
scene_day3_scenes_fab_day3_logic_6346ee10c065ccc051a489a1ecff7695.bundle,最後回去跟阿緯討論廖哥事件,Say,イー･テイ,120,じゃ、僕はそろそろ行くね。また後で。,"그럼, 나는 슬슬 갈게. 또 보자."
scene_day3_scenes_fab_day3_logic_6346ee10c065ccc051a489a1ecff7695.bundle,最後回去跟阿緯討論廖哥事件,Branch,#Simple,74,お疲れ様でした。,수고하셨습니다.
scene_day3_scenes_fab_day3_logic_6346ee10c065ccc051a489a1ecff7695.bundle,最後回去跟阿緯討論廖哥事件,Branch,#Simple,75,そんな顔をしてたら、レイカさんがデートを楽しめませんよ！,"그런 얼굴 하고 있으면, 레이카 씨가 데이트를 못 즐길 거예요!"
scene_day3_scenes_fab_day3_logic_6346ee10c065ccc051a489a1ecff7695.bundle,最後回去跟阿緯討論廖哥事件,Branch,#Simple,76,デート、楽しんで来てください。,"데이트, 즐겁게 하고 오세요."
scene_day3_scenes_fab_day3_logic_6346ee10c065ccc051a489a1ecff7695.bundle,最後回去跟阿緯討論廖哥事件,Say,イー･テイ,121,ど、どうしてそれを！？,"그, 그걸 어떻게!?"
scene_day3_scenes_fab_day3_logic_6346ee10c065ccc051a489a1ecff7695.bundle,最後回去跟阿緯討論廖哥事件,Say,イー･テイ,122,まさか、レイカが！？,"설마, 레이카가!?"
scene_day3_scenes_fab_day3_logic_6346ee10c065ccc051a489a1ecff7695.bundle,最後回去跟阿緯討論廖哥事件,Branch,#Simple,77,そんなことより、このチャンスを大事にしてください。,"그것보다, 이 기회를 소중히 하세요."
scene_day3_scenes_fab_day3_logic_6346ee10c065ccc051a489a1ecff7695.bundle,最後回去跟阿緯討論廖哥事件,Branch,#Simple,78,私が後押しをしたようなものなので。,제가 등 떠민 것이나 마찬가지니까요.
scene_day3_scenes_fab_day3_logic_6346ee10c065ccc051a489a1ecff7695.bundle,最後回去跟阿緯討論廖哥事件,Say,イー･テイ,123,確かにレイカも君と話したから、僕をデートに誘ったって言ってたな。,"확실히 레이카도 너랑 얘기해서, 나를 데이트에 초대한 거라고 했었지."
scene_day3_scenes_fab_day3_logic_6346ee10c065ccc051a489a1ecff7695.bundle,最後回去跟阿緯討論廖哥事件,Say,イー･テイ,124,僕が誘うべきなのにね、ハハ……,"내가 초대해야 맞는 건데, 하하……"
scene_day3_scenes_fab_day3_logic_6346ee10c065ccc051a489a1ecff7695.bundle,最後回去跟阿緯討論廖哥事件,Say,イー･テイ,125,ジェイ、本当にありがとう。,"제이, 정말 고마워."
scene_day3_scenes_fab_day3_logic_6346ee10c065ccc051a489a1ecff7695.bundle,最後回去跟阿緯討論廖哥事件,Branch,#Simple,79,大した事はしていません。,별거 안 했어요.
scene_day3_scenes_fab_day3_logic_6346ee10c065ccc051a489a1ecff7695.bundle,最後回去跟阿緯討論廖哥事件,Say,イー･テイ,126,ジェイ、君はクールだな。誰かに言われたことない？,"제이, 너는 쿨하구나. 누가 그렇게 말한 적 없어?"
scene_day3_scenes_fab_day3_logic_6346ee10c065ccc051a489a1ecff7695.bundle,最後回去跟阿緯討論廖哥事件,Say,心の声,4,確か23号がずっと言ってたな……,분명 23호가 계속 말했었지……
scene_day3_scenes_fab_day3_logic_6346ee10c065ccc051a489a1ecff7695.bundle,最後回去跟阿緯討論廖哥事件,Branch,#Simple,80,給料を上げてくれればそれでいいです。,월급만 올려주시면 그걸로 됐어요.
scene_day3_scenes_fab_day3_logic_6346ee10c065ccc051a489a1ecff7695.bundle,最後回去跟阿緯討論廖哥事件,Say,イー･テイ,127,ハハ、それはそれ。これはこれだ。,"하하, 그건 그거고. 이건 이거지."
scene_day3_scenes_fab_day3_logic_6346ee10c065ccc051a489a1ecff7695.bundle,最後回去跟阿緯討論廖哥事件,Say,イー･テイ,128,でも、今度ご飯を奢るよ！,"근데, 다음에 밥 살게!"
scene_day3_scenes_fab_day3_logic_6346ee10c065ccc051a489a1ecff7695.bundle,最後回去跟阿緯討論廖哥事件,Branch,#Simple,81,……,……
scene_day3_scenes_fab_day3_logic_6346ee10c065ccc051a489a1ecff7695.bundle,最後回去跟阿緯討論廖哥事件,Say,イー･テイ,129,じゃ、また後でね、ジェイ。,"그럼, 또 보자, 제이."
scene_day3_scenes_fab_day3_logic_6346ee10c065ccc051a489a1ecff7695.bundle,最後回去跟阿緯討論廖哥事件,Branch,#Simple,82,お疲れ様でした。,수고하셨습니다.
scene_day3_scenes_fab_day3_logic_6346ee10c065ccc051a489a1ecff7695.bundle,最後回去跟阿緯討論廖哥事件,Branch,#Simple,83,何か手伝えることがあったら言ってください。,뭐 도와드릴 거 있으면 말씀해주세요.
scene_day3_scenes_fab_day3_logic_6346ee10c065ccc051a489a1ecff7695.bundle,最後回去跟阿緯討論廖哥事件,Say,イー･テイ,130,……,……
scene_day3_scenes_fab_day3_logic_6346ee10c065ccc051a489a1ecff7695.bundle,最後回去跟阿緯討論廖哥事件,Say,イー･テイ,131,ああ、ありがとう！,"그래, 고마워!"
scene_day3_scenes_fab_day3_logic_6346ee10c065ccc051a489a1ecff7695.bundle,最後回去跟阿緯討論廖哥事件,Branch,#Simple,84,……,……
scene_day3_scenes_fab_day3_logic_6346ee10c065ccc051a489a1ecff7695.bundle,最後回去跟阿緯討論廖哥事件,Branch,#Simple,85,もう用がないなら、戻ってもいいですか？,"이제 볼일 없으면, 돌아가도 될까요?"
scene_day3_scenes_fab_day3_logic_6346ee10c065ccc051a489a1ecff7695.bundle,最後回去跟阿緯討論廖哥事件,Say,イー･テイ,132,あ、はい……,"아, 네……"
scene_day3_scenes_fab_day3_logic_6346ee10c065ccc051a489a1ecff7695.bundle,最後回去跟阿緯討論廖哥事件,Say,イー･テイ,133,もう大丈夫。手伝ってくれてありがとう。,이제 괜찮아. 도와줘서 고마워.
scene_day3_scenes_fab_day3_logic_6346ee10c065ccc051a489a1ecff7695.bundle,最後回去跟阿緯討論廖哥事件,Say,イー･テイ,134,……,……
scene_day3_scenes_fab_day3_logic_6346ee10c065ccc051a489a1ecff7695.bundle,最後回去跟阿緯討論廖哥事件,Branch,#Simple,86,お疲れ様でした。,수고하셨습니다.
scene_day3_scenes_fab_day3_logic_6346ee10c065ccc051a489a1ecff7695.bundle,最後回去跟阿緯討論廖哥事件,Say,イー･テイ,135,お疲れ様でした。,수고하셨습니다.
scene_day3_scenes_fab_day3_logic_6346ee10c065ccc051a489a1ecff7695.bundle,最後回去跟阿緯討論廖哥事件,Branch,#Simple,87,大丈夫ですか？,괜찮으세요?
scene_day3_scenes_fab_day3_logic_6346ee10c065ccc051a489a1ecff7695.bundle,最後回去跟阿緯討論廖哥事件,Branch,#Simple,88,……,……
scene_day3_scenes_fab_day3_logic_6346ee10c065ccc051a489a1ecff7695.bundle,最後回去跟阿緯討論廖哥事件,Branch,#Simple,89,……,……
scene_day3_scenes_fab_day3_logic_6346ee10c065ccc051a489a1ecff7695.bundle,最後回去跟阿緯討論廖哥事件,Say,イー･テイ,136,じゃ、また後でね、ジェイ。,"그럼, 또 보자, 제이."
scene_day3_scenes_fab_day3_logic_6346ee10c065ccc051a489a1ecff7695.bundle,最後回去跟阿緯討論廖哥事件,Branch,#Simple,90,お疲れ様でした。,수고하셨습니다.
scene_day3_scenes_fab_day3_logic_6346ee10c065ccc051a489a1ecff7695.bundle,最後回去跟阿緯討論廖哥事件,Branch,#Simple,91,何か手伝えることがあったら言ってください。,뭐 도와드릴 거 있으면 말씀해주세요.
scene_day3_scenes_fab_day3_logic_6346ee10c065ccc051a489a1ecff7695.bundle,最後回去跟阿緯討論廖哥事件,Say,イー･テイ,137,……,……
scene_day3_scenes_fab_day3_logic_6346ee10c065ccc051a489a1ecff7695.bundle,最後回去跟阿緯討論廖哥事件,Say,イー･テイ,138,ああ、ありがとう！,"그래, 고마워!"
scene_day3_scenes_fab_day3_logic_6346ee10c065ccc051a489a1ecff7695.bundle,最後回去跟阿緯討論廖哥事件,Branch,#Simple,92,……,……
scene_day3_scenes_fab_day3_logic_6346ee10c065ccc051a489a1ecff7695.bundle,最後回去跟阿緯討論廖哥事件,Say,イー･テイ,139,いや、無理だ。,"아니, 무리야."
scene_day3_scenes_fab_day3_logic_6346ee10c065ccc051a489a1ecff7695.bundle,最後回去跟阿緯討論廖哥事件,Say,イー･テイ,140,僕たちはリョウさんを連行した人物について何もしらない。証拠がないと推測も立てられない。,우리는 료 씨를 연행한 인물에 대해서 아무것도 몰라. 증거가 없으면 추측도 못 세워.
scene_day3_scenes_fab_day3_logic_6346ee10c065ccc051a489a1ecff7695.bundle,最後回去跟阿緯討論廖哥事件,Say,タイミン･ソウ,34,じゃ、どうします？,"그럼, 어떻게 하실 거예요?"
scene_day3_scenes_fab_day3_logic_6346ee10c065ccc051a489a1ecff7695.bundle,最後回去跟阿緯討論廖哥事件,Branch,#Simple,93,二人の推測は？,두 분의 추측은요?
scene_day3_scenes_fab_day3_logic_6346ee10c065ccc051a489a1ecff7695.bundle,最後回去跟阿緯討論廖哥事件,Say,タイミン･ソウ,35,二人じゃなく、イーちゃんの考えですけどね……,"둘이 아니라, 이짱의 생각이지만요……"
scene_day3_scenes_fab_day3_logic_6346ee10c065ccc051a489a1ecff7695.bundle,最後回去跟阿緯討論廖哥事件,Say,イー･テイ,141,いや、そんなのはもうどうでもいいんだ。,"아니, 그런 건 이제 아무래도 상관없어."
scene_day3_scenes_fab_day3_logic_6346ee10c065ccc051a489a1ecff7695.bundle,最後回去跟阿緯討論廖哥事件,Say,イー･テイ,142,相手の正体がわからない限り、僕の推測なんてただの当てずっぽうだ。,"상대의 정체를 모르는 이상, 내 추측 같은 건 그냥 무작정 찍는 거야."
scene_day3_scenes_fab_day3_logic_6346ee10c065ccc051a489a1ecff7695.bundle,最後回去跟阿緯討論廖哥事件,Branch,#Simple,94,今の我々にできることは何もないってことですか？,지금 우리가 할 수 있는 건 아무것도 없다는 건가요?
scene_day3_scenes_fab_day3_logic_6346ee10c065ccc051a489a1ecff7695.bundle,最後回去跟阿緯討論廖哥事件,Say,イー･テイ,143,今はそうだね。,지금은 그러네.
scene_day3_scenes_fab_day3_logic_6346ee10c065ccc051a489a1ecff7695.bundle,最後回去跟阿緯討論廖哥事件,Branch,#Simple,95,……,……
scene_day3_scenes_fab_day3_logic_6346ee10c065ccc051a489a1ecff7695.bundle,最後回去跟阿緯討論廖哥事件,Say,イー･テイ,144,タイミン、君がリョウさんのパソコンで見つけた問題について、まだ調べる術があると思う。,"타이밍, 네가 료 씨 컴퓨터에서 찾아낸 문제에 대해서, 아직 조사할 방법이 있다고 생각해."
scene_day3_scenes_fab_day3_logic_6346ee10c065ccc051a489a1ecff7695.bundle,最後回去跟阿緯討論廖哥事件,Say,タイミン･ソウ,36,そ、そうですね……,"그, 그러네요……"
scene_day3_scenes_fab_day3_logic_6346ee10c065ccc051a489a1ecff7695.bundle,最後回去跟阿緯討論廖哥事件,Say,イー･テイ,145,こっからは僕一人で調べるよ。手伝ってくれてありがとう。,여기서부터는 나 혼자 조사할게. 도와줘서 고마워.
scene_day3_scenes_fab_day3_logic_6346ee10c065ccc051a489a1ecff7695.bundle,最後回去跟阿緯討論廖哥事件,Say,タイミン･ソウ,37,これで、終わりですか？,"이걸로, 끝인가요?"
scene_day3_scenes_fab_day3_logic_6346ee10c065ccc051a489a1ecff7695.bundle,最後回去跟阿緯討論廖哥事件,Say,イー･テイ,146,他にできることもないだろ？,달리 할 수 있는 것도 없잖아?
scene_day3_scenes_fab_day3_logic_6346ee10c065ccc051a489a1ecff7695.bundle,最後回去跟阿緯討論廖哥事件,Say,タイミン･ソウ,38,そうですね……,그러게요……
scene_day3_scenes_fab_day3_logic_6346ee10c065ccc051a489a1ecff7695.bundle,最後回去跟阿緯討論廖哥事件,Branch,#Simple,96,すみません、私が何の情報も得られなかったから。,"죄송해요, 제가 아무 정보도 못 얻어서."
scene_day3_scenes_fab_day3_logic_6346ee10c065ccc051a489a1ecff7695.bundle,最後回去跟阿緯討論廖哥事件,Say,イー･テイ,147,そんなことないよ。そもそも運任せみたいな探し方だし、こうなることも覚悟してたさ。,"그런 거 아니야. 애초에 운에 맡기는 것 같은 방식이었고, 이렇게 될 거란 것도 각오하고 있었어."
scene_day3_scenes_fab_day3_logic_6346ee10c065ccc051a489a1ecff7695.bundle,最後回去跟阿緯討論廖哥事件,Say,イー･テイ,148,僕も見つかったらいいなくらいの気持ちだったしね。,나도 찾으면 좋겠다 정도의 마음이었으니까.
scene_day3_scenes_fab_day3_logic_6346ee10c065ccc051a489a1ecff7695.bundle,最後回去跟阿緯討論廖哥事件,Say,イー･テイ,149,むしろ無駄な手間をかけちゃってごめんね。,오히려 헛수고 시켜서 미안해.
scene_day3_scenes_fab_day3_logic_6346ee10c065ccc051a489a1ecff7695.bundle,最後回去跟阿緯討論廖哥事件,Branch,#Simple,97,私もそう思います。,저도 그렇게 생각해요.
scene_day3_scenes_fab_day3_logic_6346ee10c065ccc051a489a1ecff7695.bundle,最後回去跟阿緯討論廖哥事件,Branch,#Simple,98,……,……
scene_day3_scenes_fab_day3_logic_6346ee10c065ccc051a489a1ecff7695.bundle,最後回去跟阿緯討論廖哥事件,Say,イー･テイ,150,とりあえず、この件はここまでにして解散しよう。,"일단, 이 건은 여기까지 하고 해산하자."
scene_day3_scenes_fab_day3_logic_6346ee10c065ccc051a489a1ecff7695.bundle,最後回去跟阿緯討論廖哥事件,Say,イー･テイ,151,それとこの件は他の人に多言無用ね。例え誰かに何かを聞かれたとしても、知らぬ存ぜぬでお願い。,"그리고 이 건은 다른 사람한테 말하지 않기로 해. 설령 누가 뭘 물어보더라도, 모르는 척으로 부탁해."
scene_day3_scenes_fab_day3_logic_6346ee10c065ccc051a489a1ecff7695.bundle,最後回去跟阿緯討論廖哥事件,Say,タイミン･ソウ,39,わかりました。では、また。,"알겠습니다. 그럼, 또 뵐게요."
scene_day3_scenes_fab_day3_logic_6346ee10c065ccc051a489a1ecff7695.bundle,最後回去跟阿緯討論廖哥事件,Say,イー･テイ,152,うん、またね。,"그래, 또 봐."
scene_day3_scenes_fab_day3_logic_6346ee10c065ccc051a489a1ecff7695.bundle,最後回去跟阿緯討論廖哥事件,Branch,#Simple,99,お疲れ様でした。,수고하셨습니다.
scene_day3_scenes_fab_day3_logic_6346ee10c065ccc051a489a1ecff7695.bundle,最後回去跟阿緯討論廖哥事件,Branch,#Simple,100,……,……
scene_day3_scenes_fab_day3_logic_6346ee10c065ccc051a489a1ecff7695.bundle,等地窖電梯遇到孫茹跟采欣,Say,シンカ･シェ,0,あれ？ジェイ？,어라? 제이?
scene_day3_scenes_fab_day3_logic_6346ee10c065ccc051a489a1ecff7695.bundle,等地窖電梯遇到孫茹跟采欣,Branch,#Simple,0,やあ。,야.
scene_day3_scenes_fab_day3_logic_6346ee10c065ccc051a489a1ecff7695.bundle,等地窖電梯遇到孫茹跟采欣,Branch,#Simple,1,……,……
scene_day3_scenes_fab_day3_logic_6346ee10c065ccc051a489a1ecff7695.bundle,等地窖電梯遇到孫茹跟采欣,Say,シンカ･シェ,1,セラーに行くんですか？,저장고 가시는 거예요?
scene_day3_scenes_fab_day3_logic_6346ee10c065ccc051a489a1ecff7695.bundle,等地窖電梯遇到孫茹跟采欣,Branch,#Simple,2,はい。,네.
scene_day3_scenes_fab_day3_logic_6346ee10c065ccc051a489a1ecff7695.bundle,等地窖電梯遇到孫茹跟采欣,Say,シンカ･シェ,2,そうか。,그렇구나.
scene_day3_scenes_fab_day3_logic_6346ee10c065ccc051a489a1ecff7695.bundle,等地窖電梯遇到孫茹跟采欣,Branch,#Simple,3,あなたも？,당신도?
scene_day3_scenes_fab_day3_logic_6346ee10c065ccc051a489a1ecff7695.bundle,等地窖電梯遇到孫茹跟采欣,Say,シンカ･シェ,3,そうそう。,맞아요맞아요.
scene_day3_scenes_fab_day3_logic_6346ee10c065ccc051a489a1ecff7695.bundle,等地窖電梯遇到孫茹跟采欣,Say,シンカ･シェ,4,……,……
scene_day3_scenes_fab_day3_logic_6346ee10c065ccc051a489a1ecff7695.bundle,等地窖電梯遇到孫茹跟采欣,Say,シンカ･シェ,5,……,……
scene_day3_scenes_fab_day3_logic_6346ee10c065ccc051a489a1ecff7695.bundle,等地窖電梯遇到孫茹跟采欣,Say,シンカ･シェ,6,操作組を選んだんですね……,조작조를 선택하셨군요……
scene_day3_scenes_fab_day3_logic_6346ee10c065ccc051a489a1ecff7695.bundle,等地窖電梯遇到孫茹跟采欣,Branch,#Simple,4,はい。,네.
scene_day3_scenes_fab_day3_logic_6346ee10c065ccc051a489a1ecff7695.bundle,等地窖電梯遇到孫茹跟采欣,Say,シンカ･シェ,7,そうか。,그렇구나.
scene_day3_scenes_fab_day3_logic_6346ee10c065ccc051a489a1ecff7695.bundle,等地窖電梯遇到孫茹跟采欣,Branch,#Simple,5,どうしてそれを？,그걸 어떻게?
scene_day3_scenes_fab_day3_logic_6346ee10c065ccc051a489a1ecff7695.bundle,等地窖電梯遇到孫茹跟采欣,Say,シンカ･シェ,8,ボーちゃんから聞きました。,보 짱한테 들었어요.
scene_day3_scenes_fab_day3_logic_6346ee10c065ccc051a489a1ecff7695.bundle,等地窖電梯遇到孫茹跟采欣,Say,シンカ･シェ,9,……,……
scene_day3_scenes_fab_day3_logic_6346ee10c065ccc051a489a1ecff7695.bundle,等地窖電梯遇到孫茹跟采欣,Say,シンカ･シェ,10,……,……
scene_day3_scenes_fab_day3_logic_6346ee10c065ccc051a489a1ecff7695.bundle,等地窖電梯遇到孫茹跟采欣,Say,心の声,0,無口な人だ……,말수 없는 사람이다……
scene_day3_scenes_fab_day3_logic_6346ee10c065ccc051a489a1ecff7695.bundle,下車走進操作組,Say,シンカ･シェ,0,着きましたよ。,도착했어요.
scene_day3_scenes_fab_day3_logic_6346ee10c065ccc051a489a1ecff7695.bundle,下車走進操作組,Say,シンカ･シェ,1,うわぁ、電気がついていないと不気味ですね……,"우와, 불이 안 켜져 있으니까 으스스하네요……"
scene_day3_scenes_fab_day3_logic_6346ee10c065ccc051a489a1ecff7695.bundle,下車走進操作組,Branch,#Simple,0,暗い状態のこの場所を見るのは初めてですか？,이렇게 어두운 상태의 이곳을 보는 건 처음인가요?
scene_day3_scenes_fab_day3_logic_6346ee10c065ccc051a489a1ecff7695.bundle,下車走進操作組,Say,シンカ･シェ,2,初めてです。ジェイさんは？,처음이에요. 제이 씨는요?
scene_day3_scenes_fab_day3_logic_6346ee10c065ccc051a489a1ecff7695.bundle,下車走進操作組,Branch,#Simple,1,見たことあります。,본 적 있어요.
scene_day3_scenes_fab_day3_logic_6346ee10c065ccc051a489a1ecff7695.bundle,下車走進操作組,Say,シンカ･シェ,3,そうなんですか？いつです？,그래요? 언제였어요?
scene_day3_scenes_fab_day3_logic_6346ee10c065ccc051a489a1ecff7695.bundle,下車走進操作組,Say,心の声,0,今日こっそり潜入した時だったな……,오늘 몰래 잠입했을 때였지……
scene_day3_scenes_fab_day3_logic_6346ee10c065ccc051a489a1ecff7695.bundle,下車走進操作組,Branch,#Simple,2,ここへ忍び込んだ時に見ました。,여기 몰래 들어왔을 때 봤어요.
scene_day3_scenes_fab_day3_logic_6346ee10c065ccc051a489a1ecff7695.bundle,下車走進操作組,Say,シンカ･シェ,4,ハハ、ジェイさんは面白い人ですね。,"하하, 제이 씨는 재밌는 분이네요."
scene_day3_scenes_fab_day3_logic_6346ee10c065ccc051a489a1ecff7695.bundle,下車走進操作組,Branch,#Simple,3,さあ、いつのことだか……,"글쎄요, 언제였는지……"
scene_day3_scenes_fab_day3_logic_6346ee10c065ccc051a489a1ecff7695.bundle,下車走進操作組,Say,シンカ･シェ,5,そうですか……,그런가요……
scene_day3_scenes_fab_day3_logic_6346ee10c065ccc051a489a1ecff7695.bundle,下車走進操作組,Branch,#Simple,4,私も初めてです。,저도 처음이에요.
scene_day3_scenes_fab_day3_logic_6346ee10c065ccc051a489a1ecff7695.bundle,下車走進操作組,Branch,#Simple,5,確かにそうですね。,확실히 그렇네요.
scene_day3_scenes_fab_day3_logic_6346ee10c065ccc051a489a1ecff7695.bundle,下車走進操作組,Branch,#Simple,6,大丈夫ですか？,괜찮으세요?
scene_day3_scenes_fab_day3_logic_6346ee10c065ccc051a489a1ecff7695.bundle,下車走進操作組,Say,シンカ･シェ,6,ジェイさんは頼もしいですね。,제이 씨는 든든하네요.
scene_day3_scenes_fab_day3_logic_6346ee10c065ccc051a489a1ecff7695.bundle,下車走進操作組,Branch,#Simple,7,……,……
scene_day3_scenes_fab_day3_logic_6346ee10c065ccc051a489a1ecff7695.bundle,下車走進操作組,Say,シンカ･シェ,7,ふぅ！行きましょうか。,휴! 갈까요.
scene_day3_scenes_fab_day3_logic_6346ee10c065ccc051a489a1ecff7695.bundle,下車走進操作組,Say,シンカ･シェ,8,オフィスで待っていてくれてるはずです。,사무실에서 기다리고 계실 거예요.
scene_day3_scenes_fab_day3_logic_6346ee10c065ccc051a489a1ecff7695.bundle,跟楊冶平上車以後,Say,シヘイ･ヨウ,0,……なんだ。,……뭐야.
scene_day3_scenes_fab_day3_logic_6346ee10c065ccc051a489a1ecff7695.bundle,跟楊冶平上車以後,Say,シヘイ･ヨウ,1,この扉、またなのか……？,"이 문, 또인 건가……?"
scene_day3_scenes_fab_day3_logic_6346ee10c065ccc051a489a1ecff7695.bundle,跟楊冶平上車以後,Branch,#Simple,0,シュン･ゴたちに伝えますか？,슌 고한테 전할까요?
scene_day3_scenes_fab_day3_logic_6346ee10c065ccc051a489a1ecff7695.bundle,跟楊冶平上車以後,Branch,#Simple,1,少し待ちましょう。,잠깐 기다려보죠.
scene_day3_scenes_fab_day3_logic_6346ee10c065ccc051a489a1ecff7695.bundle,跟楊冶平上車以後,Say,シヘイ･ヨウ,2,……,……
scene_day3_scenes_fab_day3_logic_6346ee10c065ccc051a489a1ecff7695.bundle,跟楊冶平上車以後,Say,シヘイ･ヨウ,3,……,……
scene_day3_scenes_fab_day3_logic_6346ee10c065ccc051a489a1ecff7695.bundle,跟楊冶平上車以後,Say,心の声,0,……無視か。,……무시하는 건가.
scene_day3_scenes_fab_day3_logic_6346ee10c065ccc051a489a1ecff7695.bundle,跟楊冶平上車以後,Branch,#Simple,2,……,……
scene_day3_scenes_fab_day3_logic_6346ee10c065ccc051a489a1ecff7695.bundle,跟楊冶平上車以後,Say,シヘイ･ヨウ,4,……,……
scene_day3_scenes_fab_day3_logic_6346ee10c065ccc051a489a1ecff7695.bundle,跟楊冶平上車以後,Say,シヘイ･ヨウ,5,……,……
scene_day3_scenes_fab_day3_logic_6346ee10c065ccc051a489a1ecff7695.bundle,跟楊冶平上車以後,Say,シヘイ･ヨウ,6,……,……
scene_day3_scenes_fab_day3_logic_6346ee10c065ccc051a489a1ecff7695.bundle,跟楊冶平上車以後,Branch,#Simple,3,シヘイ、大丈夫ですか？,"시헤이, 괜찮아요?"
scene_day3_scenes_fab_day3_logic_6346ee10c065ccc051a489a1ecff7695.bundle,跟楊冶平上車以後,Branch,#Simple,4,焦っているように見えますが、大丈夫ですか？,"초조해 보이는데, 괜찮아요?"
scene_day3_scenes_fab_day3_logic_6346ee10c065ccc051a489a1ecff7695.bundle,跟楊冶平上車以後,Say,シヘイ･ヨウ,7,え？なに？,어? 뭐?
scene_day3_scenes_fab_day3_logic_6346ee10c065ccc051a489a1ecff7695.bundle,跟楊冶平上車以後,Say,シヘイ･ヨウ,8,あっ、いや、なんでもないよ……,"아, 아니, 아무것도 아니야……"
scene_day3_scenes_fab_day3_logic_6346ee10c065ccc051a489a1ecff7695.bundle,跟楊冶平上車以後,Say,シヘイ･ヨウ,9,ちょっと、考え事をしてただけだ。,"그냥, 생각 좀 하고 있었을 뿐이야."
scene_day3_scenes_fab_day3_logic_6346ee10c065ccc051a489a1ecff7695.bundle,跟楊冶平上車以後,Branch,#Simple,5,……,……
scene_day3_scenes_fab_day3_logic_6346ee10c065ccc051a489a1ecff7695.bundle,跟楊冶平上車以後,Say,シヘイ･ヨウ,10,開いたみたいだ、行こう。,"열린 것 같다, 가자."
scene_day3_scenes_fab_day3_logic_6346ee10c065ccc051a489a1ecff7695.bundle,下車走進去,Say,シヘイ･ヨウ,0,どうしてです！？何でこんなことを！？,왜죠!? 왜 이런 짓을!?
scene_day3_scenes_fab_day3_logic_6346ee10c065ccc051a489a1ecff7695.bundle,下車走進去,Say,心の声,0,セラ！？,세라!?
scene_day3_scenes_fab_day3_logic_6346ee10c065ccc051a489a1ecff7695.bundle,下車走進去,Say,セラ･キョウ,0,お前には関係のないことだ。俺はただ……,너랑은 상관없는 일이야. 난 그저……
scene_day3_scenes_fab_day3_logic_6346ee10c065ccc051a489a1ecff7695.bundle,下車走進去,Say,セラ･キョウ,1,……ジェイ･ダイ！？,……제이 다이!?
scene_day3_scenes_fab_day3_logic_6346ee10c065ccc051a489a1ecff7695.bundle,下車走進去,Say,心の声,1,干渉器を持っている……,간섭기를 들고 있어……
scene_day3_scenes_fab_day3_logic_6346ee10c065ccc051a489a1ecff7695.bundle,下車走進去,Say,シヘイ･ヨウ,1,ジェイ……,제이……
scene_day3_scenes_fab_day3_logic_6346ee10c065ccc051a489a1ecff7695.bundle,下車走進去,Branch,#Simple,0,セラさん、シヘイと一緒に干渉器を取り外していたんですか？,"세라 씨, 시헤이랑 같이 간섭기를 떼어내고 있었던 거예요?"
scene_day3_scenes_fab_day3_logic_6346ee10c065ccc051a489a1ecff7695.bundle,下車走進去,Say,シヘイ･ヨウ,2,あ、ああ、そうなんだ。兄貴はただ……,"아, 아니, 그게…… 형은 그냥……"
scene_day3_scenes_fab_day3_logic_6346ee10c065ccc051a489a1ecff7695.bundle,下車走進去,Say,セラ･キョウ,2,違う。俺は自分のためにこの干渉器を外しているんだ。,아니. 나는 내 필요 때문에 이 간섭기를 떼고 있는 거다.
scene_day3_scenes_fab_day3_logic_6346ee10c065ccc051a489a1ecff7695.bundle,下車走進去,Branch,#Simple,1,二人は共犯ですか？,"두 사람, 공범이에요?"
scene_day3_scenes_fab_day3_logic_6346ee10c065ccc051a489a1ecff7695.bundle,下車走進去,Say,セラ･キョウ,3,シヘイはこの件に無関係だ。,시헤이는 이 일이랑 아무 상관 없어.
scene_day3_scenes_fab_day3_logic_6346ee10c065ccc051a489a1ecff7695.bundle,下車走進去,Branch,#Simple,2,犯人はセラさんだったんですか？,범인이 세라 씨였던 거예요?
scene_day3_scenes_fab_day3_logic_6346ee10c065ccc051a489a1ecff7695.bundle,下車走進去,Say,セラ･キョウ,4,……,……
scene_day3_scenes_fab_day3_logic_6346ee10c065ccc051a489a1ecff7695.bundle,下車走進去,Say,心の声,2,否定もしないのか。,부정도 안 하는군.
scene_day3_scenes_fab_day3_logic_6346ee10c065ccc051a489a1ecff7695.bundle,下車走進去,Branch,#Simple,3,……,……
scene_day3_scenes_fab_day3_logic_6346ee10c065ccc051a489a1ecff7695.bundle,下車走進去,Say,シヘイ･ヨウ,3,ジェイ、君が考えているようなことじゃないんだ。兄貴はただ……,"제이, 네가 생각하는 그런 게 아니야. 형은 그냥……"
scene_day3_scenes_fab_day3_logic_6346ee10c065ccc051a489a1ecff7695.bundle,下車走進去,Say,セラ･キョウ,5,干渉器を付けたのは俺だ。言い逃れをするつもりはない。,간섭기를 설치한 건 나다. 발뺌할 생각 없어.
scene_day3_scenes_fab_day3_logic_6346ee10c065ccc051a489a1ecff7695.bundle,下車走進去,Branch,#Simple,4,今までずっと騙していたんですか？大した役者ですね。,지금까지 계속 속이고 있었던 거예요? 대단한 배우시네요.
scene_day3_scenes_fab_day3_logic_6346ee10c065ccc051a489a1ecff7695.bundle,下車走進去,Branch,#Simple,5,どうしてこんなことを？,왜 이런 짓을 한 거죠?
scene_day3_scenes_fab_day3_logic_6346ee10c065ccc051a489a1ecff7695.bundle,下車走進去,Say,セラ･キョウ,6,……,……
scene_day3_scenes_fab_day3_logic_6346ee10c065ccc051a489a1ecff7695.bundle,下車走進去,Say,心の声,3,答える気はないようだ……,대답할 생각은 없는 모양이다……
scene_day3_scenes_fab_day3_logic_6346ee10c065ccc051a489a1ecff7695.bundle,下車走進去,Branch,#Simple,6,どれだけの人間を殺したのかわかっていますか？,얼마나 많은 사람을 죽였는지 알고는 있어요?
scene_day3_scenes_fab_day3_logic_6346ee10c065ccc051a489a1ecff7695.bundle,下車走進去,Say,セラ･キョウ,7,ああ、わかってる。,"그래, 알고 있어."
scene_day3_scenes_fab_day3_logic_6346ee10c065ccc051a489a1ecff7695.bundle,下車走進去,Branch,#Simple,7,……,……
scene_day3_scenes_fab_day3_logic_6346ee10c065ccc051a489a1ecff7695.bundle,下車走進去,Say,シヘイ･ヨウ,4,ジェイ……どうして待たずに一緒に来たんだ……,제이…… 왜 기다리지 않고 같이 온 거야……
scene_day3_scenes_fab_day3_logic_6346ee10c065ccc051a489a1ecff7695.bundle,下車走進去,Branch,#Simple,8,あなたの行動が怪しかったから、後を付けてきました。,당신 행동이 수상해서 뒤를 밟았어요.
scene_day3_scenes_fab_day3_logic_6346ee10c065ccc051a489a1ecff7695.bundle,下車走進去,Branch,#Simple,9,心配だったから、様子を見に来ただけです。,걱정돼서 상황을 보러 온 것뿐이에요.
scene_day3_scenes_fab_day3_logic_6346ee10c065ccc051a489a1ecff7695.bundle,下車走進去,Branch,#Simple,10,あなたにセラさんの悪事を隠ぺいされるわけにはいかないので。,당신이 세라 씨 잘못을 은폐하게 놔둘 순 없으니까요.
scene_day3_scenes_fab_day3_logic_6346ee10c065ccc051a489a1ecff7695.bundle,下車走進去,Say,シヘイ･ヨウ,5,えっと……,그게……
scene_day3_scenes_fab_day3_logic_6346ee10c065ccc051a489a1ecff7695.bundle,下車走進去,Say,セラ･キョウ,8,言ったはずだ。,말했을 텐데.
scene_day3_scenes_fab_day3_logic_6346ee10c065ccc051a489a1ecff7695.bundle,下車走進去,Say,セラ･キョウ,9,この件は俺一人でやったことだ。シヘイは関係ない。,이 일은 나 혼자 한 거다. 시헤이는 상관없어.
scene_day3_scenes_fab_day3_logic_6346ee10c065ccc051a489a1ecff7695.bundle,下車走進去,Branch,#Simple,11,シヘイはあなたを庇うために、私から離れました。,시헤이는 당신을 감싸려고 저한테서 떨어져 나갔어요.
scene_day3_scenes_fab_day3_logic_6346ee10c065ccc051a489a1ecff7695.bundle,下車走進去,Say,セラ･キョウ,10,……そんなことをしたのか？,……그런 짓을 한 거냐?
scene_day3_scenes_fab_day3_logic_6346ee10c065ccc051a489a1ecff7695.bundle,下車走進去,Say,シヘイ･ヨウ,6,えっと……,그게……
scene_day3_scenes_fab_day3_logic_6346ee10c065ccc051a489a1ecff7695.bundle,下車走進去,Say,セラ･キョウ,11,……,……
scene_day3_scenes_fab_day3_logic_6346ee10c065ccc051a489a1ecff7695.bundle,下車走進去,Say,セラ･キョウ,12,そもそも、なぜ俺がここにいるのがわかったんだ？,애초에 내가 여기 있는 걸 어떻게 안 거지?
scene_day3_scenes_fab_day3_logic_6346ee10c065ccc051a489a1ecff7695.bundle,下車走進去,Branch,#Simple,12,共犯じゃないと言うなら、なぜセラさんの居場所がわかったんですか？,"공범이 아니라면서, 세라 씨가 어디 있는지는 어떻게 알았던 거예요?"
scene_day3_scenes_fab_day3_logic_6346ee10c065ccc051a489a1ecff7695.bundle,下車走進去,Say,シヘイ･ヨウ,7,僕は……,나는……
scene_day3_scenes_fab_day3_logic_6346ee10c065ccc051a489a1ecff7695.bundle,下車走進去,Say,シヘイ･ヨウ,8,パンちゃんたちから話を聞いて、こういうことかなって思ったんだ……,"판 짱한테 이야기를 듣고, 이런 건가 싶었어……"
scene_day3_scenes_fab_day3_logic_6346ee10c065ccc051a489a1ecff7695.bundle,下車走進去,Say,シヘイ･ヨウ,9,そもそも兄貴に用事があると言われたから、僕が操作組のオフィスに行ったんだ。,애초에 형이 볼일이 있다고 해서 내가 조작조 사무실에 갔던 거야.
scene_day3_scenes_fab_day3_logic_6346ee10c065ccc051a489a1ecff7695.bundle,下車走進去,Say,シヘイ･ヨウ,10,あの時の兄貴の顔は真っ青で……,그때 형 얼굴이 새파랗게 질려 있어서……
scene_day3_scenes_fab_day3_logic_6346ee10c065ccc051a489a1ecff7695.bundle,下車走進去,Say,シヘイ･ヨウ,11,僕は心配で追いかけたんだ。でも兄貴はそのまま車に乗り込んで、セラーのエレベーターの方へと向かった。,걱정돼서 뒤따라갔어. 근데 형은 그대로 차에 올라타서 저장고 엘리베이터 쪽으로 향했어.
scene_day3_scenes_fab_day3_logic_6346ee10c065ccc051a489a1ecff7695.bundle,下車走進去,Say,シヘイ･ヨウ,12,あの時は僕も深く考えなかったけど……,그때는 나도 깊이 생각 안 했는데……
scene_day3_scenes_fab_day3_logic_6346ee10c065ccc051a489a1ecff7695.bundle,下車走進去,Say,シヘイ･ヨウ,13,干渉器のことを聞いて、急に思い立ったんだ……,간섭기 얘기를 듣고 갑자기 짚이는 게 있었어……
scene_day3_scenes_fab_day3_logic_6346ee10c065ccc051a489a1ecff7695.bundle,下車走進去,Say,シヘイ･ヨウ,14,……,……
scene_day3_scenes_fab_day3_logic_6346ee10c065ccc051a489a1ecff7695.bundle,下車走進去,Say,シヘイ･ヨウ,15,ジェイと車に乗っていた時は……まだ兄貴がやった確信がなかった……,제이랑 차 타고 있을 때는…… 아직 형이 한 거라고 확신은 못 했어……
scene_day3_scenes_fab_day3_logic_6346ee10c065ccc051a489a1ecff7695.bundle,下車走進去,Branch,#Simple,13,……,……
scene_day3_scenes_fab_day3_logic_6346ee10c065ccc051a489a1ecff7695.bundle,下車走進去,Say,セラ･キョウ,13,……,……
scene_day3_scenes_fab_day3_logic_6346ee10c065ccc051a489a1ecff7695.bundle,下車走進去,Say,セラ･キョウ,14,別に言い訳をするつもりはない。このままシュン･ゴのところへ連れていけ。,딱히 변명할 생각은 없어. 이대로 슌 고한테 데려가라.
scene_day3_scenes_fab_day3_logic_6346ee10c065ccc051a489a1ecff7695.bundle,下車走進去,Say,セラ･キョウ,15,干渉器を外せと命令したのは彼だろう？,간섭기를 떼라고 명령한 건 그 사람이잖아?
scene_day3_scenes_fab_day3_logic_6346ee10c065ccc051a489a1ecff7695.bundle,下車走進去,Branch,#Simple,14,一緒に来てくれるんですか？,같이 가주시는 거예요?
scene_day3_scenes_fab_day3_logic_6346ee10c065ccc051a489a1ecff7695.bundle,下車走進去,Say,セラ･キョウ,16,ああ、もっと早く皆に言うべきだったな。,"그래, 진작 다들한테 말했어야 했어."
scene_day3_scenes_fab_day3_logic_6346ee10c065ccc051a489a1ecff7695.bundle,下車走進去,Say,セラ･キョウ,17,今更、何を言っても遅いが……,이제 와서 무슨 말을 해도 늦었지만……
scene_day3_scenes_fab_day3_logic_6346ee10c065ccc051a489a1ecff7695.bundle,下車走進去,Branch,#Simple,15,どうしてセラさんが犯人だと思ったんですか？,왜 세라 씨가 범인이라고 생각한 거예요?
scene_day3_scenes_fab_day3_logic_6346ee10c065ccc051a489a1ecff7695.bundle,下車走進去,Say,セラ･キョウ,18,兄貴はここをよく知っているから。,형은 여기를 잘 알고 있으니까.
scene_day3_scenes_fab_day3_logic_6346ee10c065ccc051a489a1ecff7695.bundle,下車走進去,Say,セラ･キョウ,19,……,……
scene_day3_scenes_fab_day3_logic_6346ee10c065ccc051a489a1ecff7695.bundle,下車走進去,Say,セラ･キョウ,20,それに兄貴はここを大事に思っているから……,게다가 형은 여기를 소중하게 생각하니까……
scene_day3_scenes_fab_day3_logic_6346ee10c065ccc051a489a1ecff7695.bundle,下車走進去,Branch,#Simple,16,……,……
scene_day3_scenes_fab_day3_logic_6346ee10c065ccc051a489a1ecff7695.bundle,下車走進去,Say,シヘイ･ヨウ,16,兄貴……,형……
scene_day3_scenes_fab_day3_logic_6346ee10c065ccc051a489a1ecff7695.bundle,下車走進去,Say,セラ･キョウ,21,皆は操作組のオフィスにいるんだな？,다들 조작조 사무실에 있는 거지?
scene_day3_scenes_fab_day3_logic_6346ee10c065ccc051a489a1ecff7695.bundle,下車走進去,Say,シヘイ･ヨウ,17,……はい。,……네.
scene_day3_scenes_fab_day3_logic_6346ee10c065ccc051a489a1ecff7695.bundle,下車走進去,Say,セラ･キョウ,22,ならば皆の前で話をするべきだ。,그럼 다들 앞에서 얘기해야겠지.
scene_day3_scenes_fab_day3_logic_6346ee10c065ccc051a489a1ecff7695.bundle,下車走進去,Say,シヘイ･ヨウ,18,……,……
scene_day3_scenes_fab_day3_logic_6346ee10c065ccc051a489a1ecff7695.bundle,下車走進去,Say,シヘイ･ヨウ,19,ま、待ってください……,"자, 잠깐만요……"
scene_day3_scenes_fab_day3_logic_6346ee10c065ccc051a489a1ecff7695.bundle,下車走進去,Say,シヘイ･ヨウ,20,先にここで整理していきましょう、ね？,"먼저 여기서 정리하고 가요, 네?"
scene_day3_scenes_fab_day3_logic_6346ee10c065ccc051a489a1ecff7695.bundle,下車走進去,Say,セラ･キョウ,23,シヘイ……,시헤이……
scene_day3_scenes_fab_day3_logic_6346ee10c065ccc051a489a1ecff7695.bundle,下車走進去,Say,シヘイ･ヨウ,21,ジェイ、頼む！,"제이, 부탁이야!"
scene_day3_scenes_fab_day3_logic_6346ee10c065ccc051a489a1ecff7695.bundle,下車走進去,Say,シヘイ･ヨウ,22,兄貴はきっと何か理由があってやったはずなんだ。だから、まだ皆には言わないでほしい。,형은 분명 뭔가 이유가 있어서 한 걸 거야. 그러니까 아직 다들한테는 말하지 말아줘.
scene_day3_scenes_fab_day3_logic_6346ee10c065ccc051a489a1ecff7695.bundle,下車走進去,Say,シヘイ･ヨウ,23,頼むよ！,부탁이야!
scene_day3_scenes_fab_day3_logic_6346ee10c065ccc051a489a1ecff7695.bundle,下車走進去,Branch,#Simple,17,わかった。,알았어.
scene_day3_scenes_fab_day3_logic_6346ee10c065ccc051a489a1ecff7695.bundle,下車走進去,Say,シヘイ･ヨウ,24,ありがとう……,고마워……
scene_day3_scenes_fab_day3_logic_6346ee10c065ccc051a489a1ecff7695.bundle,下車走進去,Say,シヘイ･ヨウ,25,……,……
scene_day3_scenes_fab_day3_logic_6346ee10c065ccc051a489a1ecff7695.bundle,下車走進去,Branch,#Simple,18,だから何だと言うんだ？彼がどれだけの人間を殺したと思っているんだ。,그래서 어쩌라는 거지? 이 사람이 얼마나 많은 사람을 죽였다고 생각하는데.
scene_day3_scenes_fab_day3_logic_6346ee10c065ccc051a489a1ecff7695.bundle,下車走進去,Say,シヘイ･ヨウ,26,それはわかってるけど……,그건 아는데……
scene_day3_scenes_fab_day3_logic_6346ee10c065ccc051a489a1ecff7695.bundle,下車走進去,Branch,#Simple,19,すまないが、無理だ。,"미안하지만, 그건 안 돼."
scene_day3_scenes_fab_day3_logic_6346ee10c065ccc051a489a1ecff7695.bundle,下車走進去,Say,シヘイ･ヨウ,27,でも……,하지만……
scene_day3_scenes_fab_day3_logic_6346ee10c065ccc051a489a1ecff7695.bundle,下車走進去,Say,シヘイ･ヨウ,28,兄貴のしたことが公になれば、兄貴は終わりだ……,"형이 한 짓이 공개되면, 형은 끝장이야……"
scene_day3_scenes_fab_day3_logic_6346ee10c065ccc051a489a1ecff7695.bundle,下車走進去,Say,セラ･キョウ,24,シヘイ！,시헤이!
scene_day3_scenes_fab_day3_logic_6346ee10c065ccc051a489a1ecff7695.bundle,下車走進去,Say,セラ･キョウ,25,もういい……,이제 됐어……
scene_day3_scenes_fab_day3_logic_6346ee10c065ccc051a489a1ecff7695.bundle,下車走進去,Say,セラ･キョウ,26,俺は過ちを犯した。それは間違いない……,나는 잘못을 저질렀다. 그건 틀림없어……
scene_day3_scenes_fab_day3_logic_6346ee10c065ccc051a489a1ecff7695.bundle,下車走進去,Say,セラ･キョウ,27,今更喚いたところでどうしようもない。,이제 와서 발버둥 쳐봤자 소용없어.
scene_day3_scenes_fab_day3_logic_6346ee10c065ccc051a489a1ecff7695.bundle,下車走進去,Say,セラ･キョウ,28,ジェイ･ダイ、秘密にしてくれるのは有り難いが、俺は……,"제이 다이, 비밀로 해주는 건 고맙지만, 나는……"
scene_day3_scenes_fab_day3_logic_6346ee10c065ccc051a489a1ecff7695.bundle,下車走進去,Say,セラ･キョウ,29,俺は皆に申し訳ないと思っているんだ。,나는 다들한테 미안하다고 생각하고 있어.
scene_day3_scenes_fab_day3_logic_6346ee10c065ccc051a489a1ecff7695.bundle,下車走進去,Say,セラ･キョウ,30,もちろんお前にも……,물론 너한테도……
scene_day3_scenes_fab_day3_logic_6346ee10c065ccc051a489a1ecff7695.bundle,下車走進去,Say,セラ･キョウ,31,ここでお前らに見つかる運命だったのかもしれない……,여기서 너희한테 발각될 운명이었는지도 모르지……
scene_day3_scenes_fab_day3_logic_6346ee10c065ccc051a489a1ecff7695.bundle,下車走進去,Say,セラ･キョウ,32,今はただ皆に謝り、自分の犯した過ちと向き合いたい……,"지금은 그저 다들한테 사과하고, 내가 저지른 잘못과 마주하고 싶어……"
scene_day3_scenes_fab_day3_logic_6346ee10c065ccc051a489a1ecff7695.bundle,下車走進去,Say,セラ･キョウ,33,俺はもう逃げたくない……,나는 이제 더는 도망치고 싶지 않아……
scene_day3_scenes_fab_day3_logic_6346ee10c065ccc051a489a1ecff7695.bundle,下車走進去,Say,セラ･キョウ,34,だから頼む。直接シュン･ゴに話をさせてくれ。,그러니까 부탁이다. 직접 슌 고한테 이야기하게 해줘.
scene_day3_scenes_fab_day3_logic_6346ee10c065ccc051a489a1ecff7695.bundle,下車走進去,Say,シヘイ･ヨウ,29,……,……
scene_day3_scenes_fab_day3_logic_6346ee10c065ccc051a489a1ecff7695.bundle,下車走進去,Say,シヘイ･ヨウ,30,わかった。,알았어.
scene_day3_scenes_fab_day3_logic_6346ee10c065ccc051a489a1ecff7695.bundle,下車走進去,Say,セラ･キョウ,35,ああ。,아.
scene_day3_scenes_fab_day3_logic_6346ee10c065ccc051a489a1ecff7695.bundle,下車走進去,Say,セラ･キョウ,36,じゃ、行こう。,"그럼, 가자."
scene_day3_scenes_fab_day3_logic_6346ee10c065ccc051a489a1ecff7695.bundle,下車走進去,Say,シヘイ･ヨウ,31,……,……
scene_day3_scenes_fab_day3_logic_6346ee10c065ccc051a489a1ecff7695.bundle,下車走進去,Say,シヘイ･ヨウ,32,……,……
scene_day3_scenes_fab_day3_logic_6346ee10c065ccc051a489a1ecff7695.bundle,下車走進去,Branch,#Simple,20,大丈夫ですか？,괜찮으세요?
scene_day3_scenes_fab_day3_logic_6346ee10c065ccc051a489a1ecff7695.bundle,下車走進去,Say,シヘイ･ヨウ,33,大丈夫じゃないね……,괜찮지 않네……
scene_day3_scenes_fab_day3_logic_6346ee10c065ccc051a489a1ecff7695.bundle,下車走進去,Say,シヘイ･ヨウ,34,……でも、ありがとう。,"……그래도, 고마워."
scene_day3_scenes_fab_day3_logic_6346ee10c065ccc051a489a1ecff7695.bundle,下車走進去,Say,心の声,4,苦笑いを浮かべている。,쓴웃음을 짓고 있다.
scene_day3_scenes_fab_day3_logic_6346ee10c065ccc051a489a1ecff7695.bundle,下車走進去,Branch,#Simple,21,なぜセラが怪しいと言わなかったんだ？,왜 세라가 수상하다고 말 안 했지?
scene_day3_scenes_fab_day3_logic_6346ee10c065ccc051a489a1ecff7695.bundle,下車走進去,Say,シヘイ･ヨウ,35,僕は……兄貴じゃなかったらいいなと思ったんだ……,나는…… 형이 아니었으면 좋겠다고 생각했어……
scene_day3_scenes_fab_day3_logic_6346ee10c065ccc051a489a1ecff7695.bundle,下車走進去,Say,シヘイ･ヨウ,36,例え本当に犯人が兄貴だとしても……彼が捕まる姿を見たくない……,설령 정말로 범인이 형이라 해도…… 형이 붙잡히는 모습을 보고 싶지 않았어……
scene_day3_scenes_fab_day3_logic_6346ee10c065ccc051a489a1ecff7695.bundle,下車走進去,Branch,#Simple,22,……,……
scene_day3_scenes_fab_day3_logic_6346ee10c065ccc051a489a1ecff7695.bundle,下車走進去,Say,シヘイ･ヨウ,37,……,……
scene_day3_scenes_fab_day3_logic_6346ee10c065ccc051a489a1ecff7695.bundle,下車走進去,Say,シヘイ･ヨウ,38,じゃ、行こう。,"그럼, 가자."
scene_day3_scenes_fab_day3_logic_6346ee10c065ccc051a489a1ecff7695.bundle,下車走進去,Say,シヘイ･ヨウ,39,シュンたちが待ってる。,슌 일행이 기다리고 있어.
scene_day3_scenes_fab_day3_logic_6346ee10c065ccc051a489a1ecff7695.bundle,等到最後車上談話,Say,シヘイ･ヨウ,0,待たせたね。,기다리게 했네.
scene_day3_scenes_fab_day3_logic_6346ee10c065ccc051a489a1ecff7695.bundle,等到最後車上談話,Branch,#Simple,0,干渉器は外せましたか？,간섭기는 떼셨나요?
scene_day3_scenes_fab_day3_logic_6346ee10c065ccc051a489a1ecff7695.bundle,等到最後車上談話,Say,シヘイ･ヨウ,1,うっ……,윽……
scene_day3_scenes_fab_day3_logic_6346ee10c065ccc051a489a1ecff7695.bundle,等到最後車上談話,Say,シヘイ･ヨウ,2,外せたよ。,뗐어.
scene_day3_scenes_fab_day3_logic_6346ee10c065ccc051a489a1ecff7695.bundle,等到最後車上談話,Branch,#Simple,1,気にしないでください。,신경 쓰지 마세요.
scene_day3_scenes_fab_day3_logic_6346ee10c065ccc051a489a1ecff7695.bundle,等到最後車上談話,Say,シヘイ･ヨウ,3,そうですか。,그렇군요.
scene_day3_scenes_fab_day3_logic_6346ee10c065ccc051a489a1ecff7695.bundle,等到最後車上談話,Branch,#Simple,2,かなりかかりましたね。そんなに大変でしたか？,꽤 오래 걸렸네요. 그렇게 힘들었어요?
scene_day3_scenes_fab_day3_logic_6346ee10c065ccc051a489a1ecff7695.bundle,等到最後車上談話,Say,シヘイ･ヨウ,4,うっ……,윽……
scene_day3_scenes_fab_day3_logic_6346ee10c065ccc051a489a1ecff7695.bundle,等到最後車上談話,Say,シヘイ･ヨウ,5,思ったより外すのが大変でね。,생각보다 떼는 게 힘들어서 말이야.
scene_day3_scenes_fab_day3_logic_6346ee10c065ccc051a489a1ecff7695.bundle,等到最後車上談話,Branch,#Simple,3,……,……
scene_day3_scenes_fab_day3_logic_6346ee10c065ccc051a489a1ecff7695.bundle,等到最後車上談話,Say,シュン･ゴ,0,シヘイ、ジェイ、すぐオフィスに戻ってください。,"시헤이, 제이, 지금 바로 사무실로 돌아와주세요."
scene_day3_scenes_fab_day3_logic_6346ee10c065ccc051a489a1ecff7695.bundle,等到最後車上談話,Branch,#Simple,4,まだ一つしか外せてません。,아직 하나밖에 못 뗐어요.
scene_day3_scenes_fab_day3_logic_6346ee10c065ccc051a489a1ecff7695.bundle,等到最後車上談話,Branch,#Simple,5,急にどうしましたか？,갑자기 무슨 일이에요?
scene_day3_scenes_fab_day3_logic_6346ee10c065ccc051a489a1ecff7695.bundle,等到最後車上談話,Say,シュン･ゴ,1,とにかく早く来てください。,아무튼 빨리 와주세요.
scene_day3_scenes_fab_day3_logic_6346ee10c065ccc051a489a1ecff7695.bundle,等到最後車上談話,Branch,#Simple,6,……,……
scene_day3_scenes_fab_day3_logic_6346ee10c065ccc051a489a1ecff7695.bundle,等到最後車上談話,Say,シヘイ･ヨウ,6,電話が切られた……,전화가 끊겼다……
scene_day3_scenes_fab_day3_logic_6346ee10c065ccc051a489a1ecff7695.bundle,等到最後車上談話,Say,シヘイ･ヨウ,7,何があったのかな……,무슨 일이 있었던 걸까……
scene_day3_scenes_fab_day3_logic_6346ee10c065ccc051a489a1ecff7695.bundle,等到最後車上談話,Branch,#Simple,7,ジュジュたちが何か見つけたとか？,쥬쥬 일행이 뭔가 찾은 걸까요?
scene_day3_scenes_fab_day3_logic_6346ee10c065ccc051a489a1ecff7695.bundle,等到最後車上談話,Say,シヘイ･ヨウ,8,ああ！確かに。,아! 확실히.
scene_day3_scenes_fab_day3_logic_6346ee10c065ccc051a489a1ecff7695.bundle,等到最後車上談話,Branch,#Simple,8,怪我人が出たとか？,부상자가 나왔다든가?
scene_day3_scenes_fab_day3_logic_6346ee10c065ccc051a489a1ecff7695.bundle,等到最後車上談話,Say,シヘイ･ヨウ,9,え、怪我人？どうして？,"어, 부상자? 왜?"
scene_day3_scenes_fab_day3_logic_6346ee10c065ccc051a489a1ecff7695.bundle,等到最後車上談話,Branch,#Simple,9,いえ、適当に言っただけなので。,"아뇨, 그냥 적당히 말해본 거예요."
scene_day3_scenes_fab_day3_logic_6346ee10c065ccc051a489a1ecff7695.bundle,等到最後車上談話,Branch,#Simple,10,かなり急を要してるようだし、そういう考えに至りますね。,"꽤 급한 것 같으니까, 그런 생각이 드네요."
scene_day3_scenes_fab_day3_logic_6346ee10c065ccc051a489a1ecff7695.bundle,等到最後車上談話,Branch,#Simple,11,わかりません。,모르겠어요.
scene_day3_scenes_fab_day3_logic_6346ee10c065ccc051a489a1ecff7695.bundle,等到最後車上談話,Say,シヘイ･ヨウ,10,そうだな……,그러게……
scene_day3_scenes_fab_day3_logic_6346ee10c065ccc051a489a1ecff7695.bundle,等到最後車上談話,Say,シヘイ･ヨウ,11,とりあえず戻ろうか。,일단 돌아갈까.
scene_day3_scenes_fab_day3_logic_6346ee10c065ccc051a489a1ecff7695.bundle,等到最後車上談話,Say,シュン･ゴ,2,……,……
scene_day3_scenes_fab_day3_logic_6346ee10c065ccc051a489a1ecff7695.bundle,等到最後車上談話,Say,シュン･ゴ,3,シヘイとジェイ？,시헤이랑 제이?
scene_day3_scenes_fab_day3_logic_6346ee10c065ccc051a489a1ecff7695.bundle,等到最後車上談話,Branch,#Simple,12,何かあったんですか？,무슨 일 있었어요?
scene_day3_scenes_fab_day3_logic_6346ee10c065ccc051a489a1ecff7695.bundle,等到最後車上談話,Branch,#Simple,13,はい、私たちです。,"네, 저희예요."
scene_day3_scenes_fab_day3_logic_6346ee10c065ccc051a489a1ecff7695.bundle,等到最後車上談話,Branch,#Simple,14,……,……
scene_day3_scenes_fab_day3_logic_6346ee10c065ccc051a489a1ecff7695.bundle,等到最後車上談話,Say,シュン･ゴ,4,そうだな……,그러게……
scene_day3_scenes_fab_day3_logic_6346ee10c065ccc051a489a1ecff7695.bundle,等到最後車上談話,Say,ジュジュ･ライ,0,正直に話しなよ。今更隠してもしょうがないし。,솔직하게 말해. 이제 와서 숨겨봤자 소용없고.
scene_day3_scenes_fab_day3_logic_6346ee10c065ccc051a489a1ecff7695.bundle,等到最後車上談話,Say,シュン･ゴ,5,干渉器は見つかりましたか？,간섭기는 찾았나요?
scene_day3_scenes_fab_day3_logic_6346ee10c065ccc051a489a1ecff7695.bundle,等到最後車上談話,Say,シヘイ･ヨウ,12,はい……,네……
scene_day3_scenes_fab_day3_logic_6346ee10c065ccc051a489a1ecff7695.bundle,等到最後車上談話,Say,シュン･ゴ,6,わかりました。ひとまずオフィスに戻ってください。,알겠습니다. 일단 사무실로 돌아와주세요.
scene_day3_scenes_fab_day3_logic_6346ee10c065ccc051a489a1ecff7695.bundle,等到最後車上談話,Say,シヘイ･ヨウ,13,え？まだ一つしか外してないけど。,네? 아직 하나밖에 안 뗐는데.
scene_day3_scenes_fab_day3_logic_6346ee10c065ccc051a489a1ecff7695.bundle,等到最後車上談話,Say,シュン･ゴ,7,ジュジュとパンちゃんが一度ですべての干渉器を解除する方法を見つけました。,쥬쥬랑 판 짱이 한 번에 모든 간섭기를 해제하는 방법을 찾았어요.
scene_day3_scenes_fab_day3_logic_6346ee10c065ccc051a489a1ecff7695.bundle,等到最後車上談話,Branch,#Simple,15,解除しても、取り外す作業が必要では？,"해제해도, 떼어내는 작업은 필요하지 않나요?"
scene_day3_scenes_fab_day3_logic_6346ee10c065ccc051a489a1ecff7695.bundle,等到最後車上談話,Say,シュン･ゴ,8,確かにそうですが、解除さえすれば、急を要する必要はなくなります。,"확실히 그렇지만, 해제만 하면, 서두를 필요는 없어져요."
scene_day3_scenes_fab_day3_logic_6346ee10c065ccc051a489a1ecff7695.bundle,等到最後車上談話,Branch,#Simple,16,そんな便利な方法があるんですか？,그런 편리한 방법이 있는 건가요?
scene_day3_scenes_fab_day3_logic_6346ee10c065ccc051a489a1ecff7695.bundle,等到最後車上談話,Say,シュン･ゴ,9,正直疑わしくはありますが、ジュジュは解除できる確信があるようです。,"솔직히 미심쩍긴 하지만, 쥬쥬는 해제할 수 있다는 확신이 있는 것 같아요."
scene_day3_scenes_fab_day3_logic_6346ee10c065ccc051a489a1ecff7695.bundle,等到最後車上談話,Say,ジュジュ･ライ,1,絶対に成功するから任せてよ！,무조건 성공할 테니까 맡겨봐!
scene_day3_scenes_fab_day3_logic_6346ee10c065ccc051a489a1ecff7695.bundle,等到最後車上談話,Branch,#Simple,17,……,……
scene_day3_scenes_fab_day3_logic_6346ee10c065ccc051a489a1ecff7695.bundle,等到最後車上談話,Say,シヘイ･ヨウ,14,で、でも、干渉器を沢山見つけないと、犯人の位置は特定できないって……,"그, 근데, 간섭기를 많이 찾아야, 범인 위치를 특정할 수 있다고……"
scene_day3_scenes_fab_day3_logic_6346ee10c065ccc051a489a1ecff7695.bundle,等到最後車上談話,Say,シュン･ゴ,10,それについては少しややこしいので、直接話します。,"그 부분은 좀 복잡해서, 직접 얘기할게요."
scene_day3_scenes_fab_day3_logic_6346ee10c065ccc051a489a1ecff7695.bundle,等到最後車上談話,Say,シュン･ゴ,11,とにかくオフィスに戻ってください。,아무튼 사무실로 돌아와주세요.
scene_day3_scenes_fab_day3_logic_6346ee10c065ccc051a489a1ecff7695.bundle,等到最後車上談話,Say,シヘイ･ヨウ,15,切られた……,끊겼다……
scene_day3_scenes_fab_day3_logic_6346ee10c065ccc051a489a1ecff7695.bundle,等到最後車上談話,Say,シヘイ･ヨウ,16,ずいぶん急だな……,꽤 급하네……
scene_day3_scenes_fab_day3_logic_6346ee10c065ccc051a489a1ecff7695.bundle,等到最後車上談話,Branch,#Simple,18,なんか、無駄足って感じですね。,"뭔가, 헛걸음한 느낌이네요."
scene_day3_scenes_fab_day3_logic_6346ee10c065ccc051a489a1ecff7695.bundle,等到最後車上談話,Branch,#Simple,19,探す手間が省けたと考えましょう。,찾는 수고를 던 거라고 생각하죠.
scene_day3_scenes_fab_day3_logic_6346ee10c065ccc051a489a1ecff7695.bundle,等到最後車上談話,Say,シヘイ･ヨウ,17,ハハ、そうだね……,"하하, 그러네……"
scene_day3_scenes_fab_day3_logic_6346ee10c065ccc051a489a1ecff7695.bundle,等到最後車上談話,Branch,#Simple,20,……,……
scene_day3_scenes_fab_day3_logic_6346ee10c065ccc051a489a1ecff7695.bundle,等到最後車上談話,Say,シヘイ･ヨウ,18,行こうか。,갈까.
scene_day3_scenes_fab_day3_logic_6346ee10c065ccc051a489a1ecff7695.bundle,有下車走廊遇到大夥,Say,パン･ロウ,0,あ、帰って来たね。ねぇ、聞いてよ、シンカが……,"아, 돌아왔네. 저기, 들어봐, 신카가……"
scene_day3_scenes_fab_day3_logic_6346ee10c065ccc051a489a1ecff7695.bundle,有下車走廊遇到大夥,Say,ジュジュ･ライ,0,言う必要ないでしょ。,말할 필요 없잖아.
scene_day3_scenes_fab_day3_logic_6346ee10c065ccc051a489a1ecff7695.bundle,有下車走廊遇到大夥,Say,ジュジュ･ライ,1,彼らはもう知ってるんじゃない？,이 사람들은 이미 알고 있는 거 아니야?
scene_day3_scenes_fab_day3_logic_6346ee10c065ccc051a489a1ecff7695.bundle,有下車走廊遇到大夥,Say,パン･ロウ,1,セラの兄貴……,세라 형……
scene_day3_scenes_fab_day3_logic_6346ee10c065ccc051a489a1ecff7695.bundle,有下車走廊遇到大夥,Say,ジュジュ･ライ,2,セラさん、あんたどうしてこんなことを……？,"세라 씨, 당신 왜 이런 짓을……?"
scene_day3_scenes_fab_day3_logic_6346ee10c065ccc051a489a1ecff7695.bundle,有下車走廊遇到大夥,Say,心の声,0,なんだ？もう皆知っているのか？,뭐지? 벌써 다들 알고 있는 건가?
scene_day3_scenes_fab_day3_logic_6346ee10c065ccc051a489a1ecff7695.bundle,有下車走廊遇到大夥,Say,セラ･キョウ,0,中で話す。,안에서 얘기하지.
scene_day3_scenes_fab_day3_logic_6346ee10c065ccc051a489a1ecff7695.bundle,有下車走廊遇到大夥,Say,ジュジュ･ライ,3,シュンなんか失望してたよ……,슌은 완전 실망했었다고……
scene_day3_scenes_fab_day3_logic_6346ee10c065ccc051a489a1ecff7695.bundle,有下車走廊遇到大夥,Say,セラ･キョウ,1,……,……
scene_day3_scenes_fab_day3_logic_6346ee10c065ccc051a489a1ecff7695.bundle,有下車走廊遇到大夥,Say,セラ･キョウ,2,ああ、わかってる。,"그래, 알고 있어."
scene_day3_scenes_fab_day3_logic_6346ee10c065ccc051a489a1ecff7695.bundle,有下車走廊遇到大夥,Say,ジュジュ･ライ,4,わかるわけないでしょ！一体何を考えてんのよ！,이해가 될 리가 없잖아! 대체 무슨 생각인 거야!
scene_day3_scenes_fab_day3_logic_6346ee10c065ccc051a489a1ecff7695.bundle,有下車走廊遇到大夥,Say,ジュジュ･ライ,5,結局はどこの会社に行っても、あんたみたいな人間がいるわけね！ここはマシだと思ってたのにさ！,"결국 어느 회사를 가도, 당신 같은 인간은 있는 거네! 여긴 그나마 낫다고 생각했었는데!"
scene_day3_scenes_fab_day3_logic_6346ee10c065ccc051a489a1ecff7695.bundle,有下車走廊遇到大夥,Say,シンカ･シェ,0,ジュジュ！,쥬쥬!
scene_day3_scenes_fab_day3_logic_6346ee10c065ccc051a489a1ecff7695.bundle,有下車走廊遇到大夥,Say,シンカ･シェ,1,それくらいに……,그 정도로……
scene_day3_scenes_fab_day3_logic_6346ee10c065ccc051a489a1ecff7695.bundle,有下車走廊遇到大夥,Say,ジュジュ･ライ,6,……,……
scene_day3_scenes_fab_day3_logic_6346ee10c065ccc051a489a1ecff7695.bundle,有下車走廊遇到大夥,Say,ジュジュ･ライ,7,シュンが中で待ってる。行こう。,슌이 안에서 기다리고 있어. 가자.
scene_day3_scenes_fab_day3_logic_6346ee10c065ccc051a489a1ecff7695.bundle,有下車走廊遇到大夥,Say,パン･ロウ,2,君たちまで戻ってきたの？シンカだけを呼んだつもりなんだけど。,너희까지 돌아온 거야? 신카만 부른 거였는데.
scene_day3_scenes_fab_day3_logic_6346ee10c065ccc051a489a1ecff7695.bundle,有下車走廊遇到大夥,Branch,#Simple,0,ここで何を？,여기서 뭐 하고 있는 거지?
scene_day3_scenes_fab_day3_logic_6346ee10c065ccc051a489a1ecff7695.bundle,有下車走廊遇到大夥,Say,ジュジュ･ライ,8,さっきここでコーヒーを飲んでた時も同じ質問をされた。,아까 여기서 커피 마시고 있을 때도 똑같은 질문을 받았어.
scene_day3_scenes_fab_day3_logic_6346ee10c065ccc051a489a1ecff7695.bundle,有下車走廊遇到大夥,Say,ジュジュ･ライ,9,ここに座って休んでいることに、何か文句でもあるのかね、ハハ。,"여기 앉아서 쉬고 있는 게, 뭐 불만이라도 있는 거야, 하하."
scene_day3_scenes_fab_day3_logic_6346ee10c065ccc051a489a1ecff7695.bundle,有下車走廊遇到大夥,Say,パン･ロウ,3,僕たちはテストモデルを自動で動かす方法を見つけたから、ちょっと休憩してるだけだ。,"우리는 테스트 모델을 자동으로 돌리는 방법을 찾아서, 잠깐 쉬고 있는 것뿐이야."
scene_day3_scenes_fab_day3_logic_6346ee10c065ccc051a489a1ecff7695.bundle,有下車走廊遇到大夥,Branch,#Simple,1,ちょっといろいろありまして。,좀 여러 가지 일이 있어서요.
scene_day3_scenes_fab_day3_logic_6346ee10c065ccc051a489a1ecff7695.bundle,有下車走廊遇到大夥,Branch,#Simple,2,……,……
scene_day3_scenes_fab_day3_logic_6346ee10c065ccc051a489a1ecff7695.bundle,有下車走廊遇到大夥,Say,パン･ロウ,4,あれ、セラさん？どうしてセラさんもここに？,"어라, 세라 씨? 왜 세라 씨도 여기 있어요?"
scene_day3_scenes_fab_day3_logic_6346ee10c065ccc051a489a1ecff7695.bundle,有下車走廊遇到大夥,Say,セラ･キョウ,3,……,……
scene_day3_scenes_fab_day3_logic_6346ee10c065ccc051a489a1ecff7695.bundle,有下車走廊遇到大夥,Say,ジュジュ･ライ,10,どうしました？,무슨 일이세요?
scene_day3_scenes_fab_day3_logic_6346ee10c065ccc051a489a1ecff7695.bundle,有下車走廊遇到大夥,Say,心の声,1,この異様な空気感をジュジュも察したようだ。,이 이상한 분위기를 쥬쥬도 눈치챈 모양이다.
scene_day3_scenes_fab_day3_logic_6346ee10c065ccc051a489a1ecff7695.bundle,有下車走廊遇到大夥,Say,パン･ロウ,5,そ、そうだよ！どうしたんだ？そんな深刻な顔して……,"그, 그러니까! 왜 그래? 그렇게 심각한 얼굴을 하고……"
scene_day3_scenes_fab_day3_logic_6346ee10c065ccc051a489a1ecff7695.bundle,有下車走廊遇到大夥,Say,セラ･キョウ,4,シュンはオフィスの中にいるのか？,슌은 사무실 안에 있나?
scene_day3_scenes_fab_day3_logic_6346ee10c065ccc051a489a1ecff7695.bundle,有下車走廊遇到大夥,Say,ジュジュ･ライ,11,……うん。,……응.
scene_day3_scenes_fab_day3_logic_6346ee10c065ccc051a489a1ecff7695.bundle,有下車走廊遇到大夥,Say,心の声,2,ジュジュはこの状況を理解したようだ……,쥬쥬는 이 상황을 이해한 모양이다……
scene_day3_scenes_fab_day3_logic_6346ee10c065ccc051a489a1ecff7695.bundle,有下車走廊遇到大夥,Say,ジュジュ･ライ,12,……,……
scene_day3_scenes_fab_day3_logic_6346ee10c065ccc051a489a1ecff7695.bundle,有下車走廊遇到大夥,Say,パン･ロウ,6,えっ、なに……？,"네, 뭐라고요……?"
scene_day3_scenes_fab_day3_logic_6346ee10c065ccc051a489a1ecff7695.bundle,有下車走廊遇到大夥,Say,ジュジュ･ライ,13,行こう、パンちゃん。,"가자, 팡 짱."
scene_day3_scenes_fab_day3_logic_6346ee10c065ccc051a489a1ecff7695.bundle,有下車走廊遇到大夥,Say,パン･ロウ,7,う、うん！,"으, 응!"
scene_day3_scenes_fab_day3_logic_6346ee10c065ccc051a489a1ecff7695.bundle,最後進到操作辦公室,Say,シュン･ゴ,0,無駄足を踏ませてしまい、すみません。,"헛걸음하게 해서, 죄송해요."
scene_day3_scenes_fab_day3_logic_6346ee10c065ccc051a489a1ecff7695.bundle,最後進到操作辦公室,Branch,#Simple,0,一体どうしたんですか？,대체 무슨 일인가요?
scene_day3_scenes_fab_day3_logic_6346ee10c065ccc051a489a1ecff7695.bundle,最後進到操作辦公室,Branch,#Simple,1,それなら良かった。,그렇다면 다행이네요.
scene_day3_scenes_fab_day3_logic_6346ee10c065ccc051a489a1ecff7695.bundle,最後進到操作辦公室,Branch,#Simple,2,……,……
scene_day3_scenes_fab_day3_logic_6346ee10c065ccc051a489a1ecff7695.bundle,最後進到操作辦公室,Say,ジュジュ･ライ,0,フフッ、パンちゃんが持ち帰ったこの干渉器が、三角測量法で信号機と繋がっているのを発見したんだ。,"후훗, 팡짱이 가져온 이 방해 장치가, 삼각측량법으로 신호기랑 연결되어 있는 걸 발견했거든."
scene_day3_scenes_fab_day3_logic_6346ee10c065ccc051a489a1ecff7695.bundle,最後進到操作辦公室,Say,ジュジュ･ライ,1,だから識別コードを偽装して、座標を逆探知すれば制御権はこっちのもんってわけ！,"그래서 식별 코드를 위장해서, 좌표를 역추적하면 제어권은 우리 거란 말씀!"
scene_day3_scenes_fab_day3_logic_6346ee10c065ccc051a489a1ecff7695.bundle,最後進到操作辦公室,Say,心の声,0,は！？,뭐!?
scene_day3_scenes_fab_day3_logic_6346ee10c065ccc051a489a1ecff7695.bundle,最後進到操作辦公室,Branch,#Simple,3,は！？,뭐!?
scene_day3_scenes_fab_day3_logic_6346ee10c065ccc051a489a1ecff7695.bundle,最後進到操作辦公室,Branch,#Simple,4,意味がわかりません。,무슨 말인지 모르겠어요.
scene_day3_scenes_fab_day3_logic_6346ee10c065ccc051a489a1ecff7695.bundle,最後進到操作辦公室,Branch,#Simple,5,……,……
scene_day3_scenes_fab_day3_logic_6346ee10c065ccc051a489a1ecff7695.bundle,最後進到操作辦公室,Say,パン･ロウ,0,その説明じゃ誰もわからないよ……,그런 설명으론 아무도 못 알아들어……
scene_day3_scenes_fab_day3_logic_6346ee10c065ccc051a489a1ecff7695.bundle,最後進到操作辦公室,Say,カエ･チン,0,簡単に言えば、干渉器を三台見つけられれば、一気に全ての干渉器の制御権が手に入るってこと。,"간단히 말하면, 방해 장치를 세 대 찾으면, 단번에 모든 방해 장치의 제어권을 손에 넣을 수 있다는 거야."
scene_day3_scenes_fab_day3_logic_6346ee10c065ccc051a489a1ecff7695.bundle,最後進到操作辦公室,Say,ジュジュ･ライ,2,遠隔で全部の電源を落とせるってわけよ！,원격으로 전부 전원을 끌 수 있다는 거지!
scene_day3_scenes_fab_day3_logic_6346ee10c065ccc051a489a1ecff7695.bundle,最後進到操作辦公室,Say,シンカ･シェ,0,犯人もその方法を使って探せるんですか？,범인도 그 방법을 써서 찾을 수 있는 건가요?
scene_day3_scenes_fab_day3_logic_6346ee10c065ccc051a489a1ecff7695.bundle,最後進到操作辦公室,Say,ジュジュ･ライ,3,それは……,그건……
scene_day3_scenes_fab_day3_logic_6346ee10c065ccc051a489a1ecff7695.bundle,最後進到操作辦公室,Say,パン･ロウ,1,この方法じゃ、無理だね。,"이 방법으론, 무리네."
scene_day3_scenes_fab_day3_logic_6346ee10c065ccc051a489a1ecff7695.bundle,最後進到操作辦公室,Say,ジュジュ･ライ,4,「まだ」無理なだけで、もう少し時間をかければ…,"'아직' 무리인 것뿐이지, 시간을 좀 더 들이면……"
scene_day3_scenes_fab_day3_logic_6346ee10c065ccc051a489a1ecff7695.bundle,最後進到操作辦公室,Say,シヘイ･ヨウ,0,つ、つまり、犯人はもう見つからないってことだよな……？,"그, 그러니까, 범인은 이제 못 찾는다는 거지……?"
scene_day3_scenes_fab_day3_logic_6346ee10c065ccc051a489a1ecff7695.bundle,最後進到操作辦公室,Say,カエ･チン,1,そうだ。,맞아.
scene_day3_scenes_fab_day3_logic_6346ee10c065ccc051a489a1ecff7695.bundle,最後進到操作辦公室,Say,ジュジュ･ライ,5,ちょっと待ってよ！時間があればきっと……,잠깐만 기다려봐! 시간만 있으면 분명……
scene_day3_scenes_fab_day3_logic_6346ee10c065ccc051a489a1ecff7695.bundle,最後進到操作辦公室,Say,シュン･ゴ,1,犯人捜しの件ですが、パンちゃんが手がかりを見つけたようです。,"범인 찾는 건인데요, 팡짱이 단서를 찾은 것 같아요."
scene_day3_scenes_fab_day3_logic_6346ee10c065ccc051a489a1ecff7695.bundle,最後進到操作辦公室,Say,パン･ロウ,2,あ、そうそう。えっと……,"아, 맞다맞다. 그게……"
scene_day3_scenes_fab_day3_logic_6346ee10c065ccc051a489a1ecff7695.bundle,最後進到操作辦公室,Say,パン･ロウ,3,僕は、干渉器をつけたのは工場の職員で……,"나는, 방해 장치를 설치한 게 공장 직원이고……"
scene_day3_scenes_fab_day3_logic_6346ee10c065ccc051a489a1ecff7695.bundle,最後進到操作辦公室,Say,パン･ロウ,4,セラーの人間で間違いないと踏んでいる。,저장고 사람이 틀림없다고 보고 있어.
scene_day3_scenes_fab_day3_logic_6346ee10c065ccc051a489a1ecff7695.bundle,最後進到操作辦公室,Say,パン･ロウ,5,技術的な話はややこしいから省いて説明する。,기술적인 얘기는 복잡하니까 생략하고 설명할게.
scene_day3_scenes_fab_day3_logic_6346ee10c065ccc051a489a1ecff7695.bundle,最後進到操作辦公室,Say,パン･ロウ,6,結論から言うと、これらの干渉器は万象の内部ネットワークで使われている。,"결론부터 말하면, 이 방해 장치들은 완샹의 내부 네트워크를 쓰고 있어."
scene_day3_scenes_fab_day3_logic_6346ee10c065ccc051a489a1ecff7695.bundle,最後進到操作辦公室,Say,パン･ロウ,7,万象の情報セキュリティーは厳重で他の企業と比べても一番だ。だから内部ネットワークが使えるのは職員だけだ。,완샹의 정보 보안은 엄중해서 다른 기업이랑 비교해도 최고 수준이야. 그래서 내부 네트워크를 쓸 수 있는 건 직원뿐이야.
scene_day3_scenes_fab_day3_logic_6346ee10c065ccc051a489a1ecff7695.bundle,最後進到操作辦公室,Say,パン･ロウ,8,僕はこの線で調査を続けようと思う。まだ犯人の特定には至らないけど、進むべき方向はわかった。,"나는 이 선으로 조사를 계속하려고 해. 아직 범인 특정까지는 못 갔지만, 나아가야 할 방향은 알았어."
scene_day3_scenes_fab_day3_logic_6346ee10c065ccc051a489a1ecff7695.bundle,最後進到操作辦公室,Say,シヘイ･ヨウ,1,……,……
scene_day3_scenes_fab_day3_logic_6346ee10c065ccc051a489a1ecff7695.bundle,最後進到操作辦公室,Say,シンカ･シェ,1,じゃ、調査は終わりってことですか……？,"그럼, 조사는 끝이라는 건가요……?"
scene_day3_scenes_fab_day3_logic_6346ee10c065ccc051a489a1ecff7695.bundle,最後進到操作辦公室,Say,シュン･ゴ,2,ええ、やれることはたりましたので。,"네, 할 수 있는 건 다 했으니까요."
scene_day3_scenes_fab_day3_logic_6346ee10c065ccc051a489a1ecff7695.bundle,最後進到操作辦公室,Say,シュン･ゴ,3,ジュジュが干渉器を止められるなら、安全上の心配はなくなるはずです,"쥬쥬가 방해 장치를 멈출 수 있다면, 안전상의 걱정은 없어질 거예요"
scene_day3_scenes_fab_day3_logic_6346ee10c065ccc051a489a1ecff7695.bundle,最後進到操作辦公室,Say,シュン･ゴ,4,犯人捜しについては私に任せて、皆はもう解散してください。,"범인 찾는 건 저한테 맡기시고, 다들 이제 해산해주세요."
scene_day3_scenes_fab_day3_logic_6346ee10c065ccc051a489a1ecff7695.bundle,最後進到操作辦公室,Say,シュン･ゴ,5,無駄足を踏ませてしまい、申し訳ありません。,"헛걸음하게 해드려서, 죄송합니다."
scene_day3_scenes_fab_day3_logic_6346ee10c065ccc051a489a1ecff7695.bundle,最後進到操作辦公室,Say,シンカ･シェ,2,心配しないで！,걱정하지 마세요!
scene_day3_scenes_fab_day3_logic_6346ee10c065ccc051a489a1ecff7695.bundle,最後進到操作辦公室,Branch,#Simple,6,本当にもう大丈夫なんですか？,정말 이제 괜찮은 건가요?
scene_day3_scenes_fab_day3_logic_6346ee10c065ccc051a489a1ecff7695.bundle,最後進到操作辦公室,Say,シュン･ゴ,6,はい。,네.
scene_day3_scenes_fab_day3_logic_6346ee10c065ccc051a489a1ecff7695.bundle,最後進到操作辦公室,Say,シュン･ゴ,7,ジェイ、シンカ、シヘイ、あなたたちはいつもの仕事に戻ってください。,"제이, 신카, 시헤이, 여러분은 평소 업무로 돌아가주세요."
scene_day3_scenes_fab_day3_logic_6346ee10c065ccc051a489a1ecff7695.bundle,最後進到操作辦公室,Branch,#Simple,7,他に手伝えることは？,다른 도울 일은요?
scene_day3_scenes_fab_day3_logic_6346ee10c065ccc051a489a1ecff7695.bundle,最後進到操作辦公室,Say,シュン･ゴ,8,今はないですね。でもこれから忙しくなると思います。,지금은 없네요. 근데 앞으로 바빠질 것 같아요.
scene_day3_scenes_fab_day3_logic_6346ee10c065ccc051a489a1ecff7695.bundle,最後進到操作辦公室,Say,シュン･ゴ,9,その時はよろしくお願いします。,그때는 잘 부탁드려요.
scene_day3_scenes_fab_day3_logic_6346ee10c065ccc051a489a1ecff7695.bundle,最後進到操作辦公室,Branch,#Simple,8,……,……
scene_day3_scenes_fab_day3_logic_6346ee10c065ccc051a489a1ecff7695.bundle,最後進到操作辦公室,Say,シュン･ゴ,10,では、また連絡します。,"그럼, 또 연락드릴게요."
scene_day3_scenes_fab_day3_logic_6346ee10c065ccc051a489a1ecff7695.bundle,最後進到操作辦公室,Say,パン･ロウ,9,お疲れ様でした。,수고하셨습니다.
scene_day3_scenes_fab_day3_logic_6346ee10c065ccc051a489a1ecff7695.bundle,最後進到操作辦公室,Say,ジュジュ･ライ,6,お疲れ様でした。,수고하셨습니다.
scene_day3_scenes_fab_day3_logic_6346ee10c065ccc051a489a1ecff7695.bundle,最後進到操作辦公室,Say,シンカ･シェ,3,お疲れ様でした。,수고하셨습니다.
scene_day3_scenes_fab_day3_logic_6346ee10c065ccc051a489a1ecff7695.bundle,最後進到操作辦公室,Say,カエ･チン,2,お疲れ様でした。,수고하셨습니다.
scene_day3_scenes_fab_day3_logic_6346ee10c065ccc051a489a1ecff7695.bundle,最後進到操作辦公室,Branch,#Simple,9,お疲れ様でした。,수고하셨습니다.
scene_day3_scenes_fab_day3_logic_6346ee10c065ccc051a489a1ecff7695.bundle,最後進到操作辦公室,Branch,#Simple,10,……,……
scene_day3_scenes_fab_day3_logic_6346ee10c065ccc051a489a1ecff7695.bundle,最後進到操作辦公室,Say,シュン･ゴ,11,あ、ジェイ！,"아, 제이!"
scene_day3_scenes_fab_day3_logic_6346ee10c065ccc051a489a1ecff7695.bundle,最後進到操作辦公室,Say,シュン･ゴ,12,ちょっと待ってください。,잠깐만요.
scene_day3_scenes_fab_day3_logic_6346ee10c065ccc051a489a1ecff7695.bundle,最後進到操作辦公室,Branch,#Simple,11,どうしました？,무슨 일이세요?
scene_day3_scenes_fab_day3_logic_6346ee10c065ccc051a489a1ecff7695.bundle,最後進到操作辦公室,Branch,#Simple,12,……,……
scene_day3_scenes_fab_day3_logic_6346ee10c065ccc051a489a1ecff7695.bundle,最後進到操作辦公室,Say,シュン･ゴ,13,……,……
scene_day3_scenes_fab_day3_logic_6346ee10c065ccc051a489a1ecff7695.bundle,最後進到操作辦公室,Say,シュン･ゴ,14,操作組を選んでくれて、ありがとうございます。,"조작조를 선택해주셔서, 감사해요."
scene_day3_scenes_fab_day3_logic_6346ee10c065ccc051a489a1ecff7695.bundle,最後進到操作辦公室,Say,シュン･ゴ,15,昨日に続いて、操作組の悪い一面をあなたには見せてしまいましたが……,"어제에 이어서, 조작조의 나쁜 면을 당신한테 보여주고 말았지만……"
scene_day3_scenes_fab_day3_logic_6346ee10c065ccc051a489a1ecff7695.bundle,最後進到操作辦公室,Say,シュン･ゴ,16,これがここの日常だと思ってください。,이게 여기 일상이라고 생각해주세요.
scene_day3_scenes_fab_day3_logic_6346ee10c065ccc051a489a1ecff7695.bundle,最後進到操作辦公室,Say,シュン･ゴ,17,この工場は異常です。そのため、ここの仕事も正常とは言えません。,"이 공장은 비정상이에요. 그래서, 여기 업무도 정상이라고는 못 해요."
scene_day3_scenes_fab_day3_logic_6346ee10c065ccc051a489a1ecff7695.bundle,最後進到操作辦公室,Say,シュン･ゴ,18,……,……
scene_day3_scenes_fab_day3_logic_6346ee10c065ccc051a489a1ecff7695.bundle,最後進到操作辦公室,Say,シュン･ゴ,19,ですので、もしこの仕事を続けられないと思ったら……,"그러니까, 만약 이 일을 계속 못 하겠다고 생각되면……"
scene_day3_scenes_fab_day3_logic_6346ee10c065ccc051a489a1ecff7695.bundle,最後進到操作辦公室,Say,シュン･ゴ,20,遠慮せず私に言ってください。,사양 말고 저한테 말해주세요.
scene_day3_scenes_fab_day3_logic_6346ee10c065ccc051a489a1ecff7695.bundle,最後進到操作辦公室,Say,シュン･ゴ,21,あなたがこの仕事を背負う義務はありません。嫌なら辞めるべきです。,당신이 이 일을 짊어질 의무는 없어요. 싫으면 그만둬야 해요.
scene_day3_scenes_fab_day3_logic_6346ee10c065ccc051a489a1ecff7695.bundle,最後進到操作辦公室,Say,シュン･ゴ,22,わかりましたか？,알겠어요?
scene_day3_scenes_fab_day3_logic_6346ee10c065ccc051a489a1ecff7695.bundle,最後進到操作辦公室,Branch,#Simple,13,わかりました。,알겠습니다.
scene_day3_scenes_fab_day3_logic_6346ee10c065ccc051a489a1ecff7695.bundle,最後進到操作辦公室,Branch,#Simple,14,心配しないでください。ここの状況はよく理解しています。,걱정하지 마세요. 여기 상황은 잘 이해하고 있어요.
scene_day3_scenes_fab_day3_logic_6346ee10c065ccc051a489a1ecff7695.bundle,最後進到操作辦公室,Say,シュン･ゴ,23,そうですか。,그렇군요.
scene_day3_scenes_fab_day3_logic_6346ee10c065ccc051a489a1ecff7695.bundle,最後進到操作辦公室,Say,心の声,1,苦笑いを浮かべている……,쓴웃음을 짓고 있다……
scene_day3_scenes_fab_day3_logic_6346ee10c065ccc051a489a1ecff7695.bundle,最後進到操作辦公室,Say,シュン･ゴ,24,私からは以上です。,저는 이상입니다.
scene_day3_scenes_fab_day3_logic_6346ee10c065ccc051a489a1ecff7695.bundle,最後進到操作辦公室,Say,シュン･ゴ,25,では、また後で。,"그럼, 이따 봐요."
scene_day3_scenes_fab_day3_logic_6346ee10c065ccc051a489a1ecff7695.bundle,最後進到操作辦公室,Branch,#Simple,15,はい。,네.
scene_day3_scenes_fab_day3_logic_6346ee10c065ccc051a489a1ecff7695.bundle,最後進到操作辦公室,Branch,#Simple,16,……,……
scene_day3_scenes_fab_day3_logic_6346ee10c065ccc051a489a1ecff7695.bundle,最後進到操作辦公室,Say,心の声,2,どういう状況なんだ……？,무슨 상황인 거지……?
scene_day3_scenes_fab_day3_logic_6346ee10c065ccc051a489a1ecff7695.bundle,最後進到操作辦公室,Say,シュン･ゴ,26,彼は？,그 사람은요?
scene_day3_scenes_fab_day3_logic_6346ee10c065ccc051a489a1ecff7695.bundle,最後進到操作辦公室,Say,ジュジュ･ライ,7,後で来るってさ。,나중에 온대.
scene_day3_scenes_fab_day3_logic_6346ee10c065ccc051a489a1ecff7695.bundle,最後進到操作辦公室,Say,シュン･ゴ,27,……,……
scene_day3_scenes_fab_day3_logic_6346ee10c065ccc051a489a1ecff7695.bundle,最後進到操作辦公室,Say,シヘイ･ヨウ,2,こ、これはどういう状況？,"이, 이게 무슨 상황이야?"
scene_day3_scenes_fab_day3_logic_6346ee10c065ccc051a489a1ecff7695.bundle,最後進到操作辦公室,Say,シュン･ゴ,28,シヘイ……,시헤이……
scene_day3_scenes_fab_day3_logic_6346ee10c065ccc051a489a1ecff7695.bundle,最後進到操作辦公室,Say,セラ･キョウ,0,今、戻った。,"지금, 돌아왔다."
scene_day3_scenes_fab_day3_logic_6346ee10c065ccc051a489a1ecff7695.bundle,最後進到操作辦公室,Say,シヘイ･ヨウ,3,兄貴、どうして……！？,"형님, 왜……!?"
scene_day3_scenes_fab_day3_logic_6346ee10c065ccc051a489a1ecff7695.bundle,最後進到操作辦公室,Say,セラ･キョウ,1,シヘイ、黙ってろ。,"시헤이, 조용히 해."
scene_day3_scenes_fab_day3_logic_6346ee10c065ccc051a489a1ecff7695.bundle,最後進到操作辦公室,Say,セラ･キョウ,2,……,……
scene_day3_scenes_fab_day3_logic_6346ee10c065ccc051a489a1ecff7695.bundle,最後進到操作辦公室,Say,シュン･ゴ,29,……,……
scene_day3_scenes_fab_day3_logic_6346ee10c065ccc051a489a1ecff7695.bundle,最後進到操作辦公室,Branch,#Simple,17,どういうことですか？,무슨 일이에요?
scene_day3_scenes_fab_day3_logic_6346ee10c065ccc051a489a1ecff7695.bundle,最後進到操作辦公室,Branch,#Simple,18,どうしてセラさんがここにいるんですか？,왜 세라 씨가 여기 있는 거예요?
scene_day3_scenes_fab_day3_logic_6346ee10c065ccc051a489a1ecff7695.bundle,最後進到操作辦公室,Branch,#Simple,19,……,……
scene_day3_scenes_fab_day3_logic_6346ee10c065ccc051a489a1ecff7695.bundle,最後進到操作辦公室,Say,シュン･ゴ,30,干渉器を付けていたのは、セラさんです。,"방해 장치를 설치한 건, 세라 씨예요."
scene_day3_scenes_fab_day3_logic_6346ee10c065ccc051a489a1ecff7695.bundle,最後進到操作辦公室,Say,心の声,3,彼が！？,이 사람이!?
scene_day3_scenes_fab_day3_logic_6346ee10c065ccc051a489a1ecff7695.bundle,最後進到操作辦公室,Say,シヘイ･ヨウ,4,き、きっと誤解ですよ！兄貴がそんな……,"부, 분명 오해예요! 형님이 그럴 리가……"
scene_day3_scenes_fab_day3_logic_6346ee10c065ccc051a489a1ecff7695.bundle,最後進到操作辦公室,Say,セラ･キョウ,3,シヘイ！もういい。これ以上、俺を庇うな。,"시헤이! 이제 됐어. 더 이상, 나를 감싸지 마."
scene_day3_scenes_fab_day3_logic_6346ee10c065ccc051a489a1ecff7695.bundle,最後進到操作辦公室,Say,シヘイ･ヨウ,5,でも……,하지만……
scene_day3_scenes_fab_day3_logic_6346ee10c065ccc051a489a1ecff7695.bundle,最後進到操作辦公室,Say,シュン･ゴ,31,庇う？何か知っていたのですか？,감싼다고요? 뭔가 알고 있었던 건가요?
scene_day3_scenes_fab_day3_logic_6346ee10c065ccc051a489a1ecff7695.bundle,最後進到操作辦公室,Say,心の声,4,シュンがシヘイを睨んだ……,슌이 시헤이를 노려봤다……
scene_day3_scenes_fab_day3_logic_6346ee10c065ccc051a489a1ecff7695.bundle,最後進到操作辦公室,Say,セラ･キョウ,4,彼は何も知らない。ただ俺がセラーのエレベーターに付いていた干渉器を外しているところを見ただけだ。,이 녀석은 아무것도 몰라. 그냥 내가 저장고 엘리베이터에 붙어 있던 방해 장치를 떼어내고 있는 걸 봤을 뿐이야.
scene_day3_scenes_fab_day3_logic_6346ee10c065ccc051a489a1ecff7695.bundle,最後進到操作辦公室,Say,心の声,5,だから俺を車で待たせたのか……,그래서 나를 차에서 기다리게 했던 건가……
scene_day3_scenes_fab_day3_logic_6346ee10c065ccc051a489a1ecff7695.bundle,最後進到操作辦公室,Branch,#Simple,20,俺に何も言わなかったのは、セラさんを庇うためだったのか！,"나한테 아무 말도 안 한 건, 세라 씨를 감싸기 위해서였구나!"
scene_day3_scenes_fab_day3_logic_6346ee10c065ccc051a489a1ecff7695.bundle,最後進到操作辦公室,Say,セラ･キョウ,5,シヘイ、俺を庇うなと言ったはずだ。,"시헤이, 나를 감싸지 말라고 했을 텐데."
scene_day3_scenes_fab_day3_logic_6346ee10c065ccc051a489a1ecff7695.bundle,最後進到操作辦公室,Say,セラ･キョウ,6,罪を犯したのは俺一人だ、お前を巻き込みたくない……,"죄를 저지른 건 나 혼자야, 너를 끌어들이고 싶지 않아……"
scene_day3_scenes_fab_day3_logic_6346ee10c065ccc051a489a1ecff7695.bundle,最後進到操作辦公室,Branch,#Simple,21,私が着いていくのを止めたシヘイは、知っていたはずです。,"저를 못 따라오게 막았던 시헤이는, 알고 있었을 거예요."
scene_day3_scenes_fab_day3_logic_6346ee10c065ccc051a489a1ecff7695.bundle,最後進到操作辦公室,Say,セラ･キョウ,7,あの時は俺が慌ててエレベーターに行くのを見て、薄々感づいただけだったはずだ。,"그때는 내가 허둥지둥 엘리베이터로 가는 걸 보고, 어렴풋이 눈치챈 것뿐이었을 거야."
scene_day3_scenes_fab_day3_logic_6346ee10c065ccc051a489a1ecff7695.bundle,最後進到操作辦公室,Say,セラ･キョウ,8,彼はお前らの話を聞いて、俺が干渉器を外しに行ったことに気づいたのだろう。,"그 녀석은 너희 얘기를 듣고, 내가 방해 장치를 떼러 간 걸 알아챈 거겠지."
scene_day3_scenes_fab_day3_logic_6346ee10c065ccc051a489a1ecff7695.bundle,最後進到操作辦公室,Say,セラ･キョウ,9,その通りだ……,맞아……
scene_day3_scenes_fab_day3_logic_6346ee10c065ccc051a489a1ecff7695.bundle,最後進到操作辦公室,Branch,#Simple,22,……,……
scene_day3_scenes_fab_day3_logic_6346ee10c065ccc051a489a1ecff7695.bundle,最後進到操作辦公室,Say,シヘイ･ヨウ,6,えっと……,그게……
scene_day3_scenes_fab_day3_logic_6346ee10c065ccc051a489a1ecff7695.bundle,最後進到操作辦公室,Say,シュン･ゴ,32,この件にシヘイは関係なく、あなたが単独でやったことだと思います。,"이 건에 시헤이는 관계없이, 당신 혼자서 한 일이라고 생각해요."
scene_day3_scenes_fab_day3_logic_6346ee10c065ccc051a489a1ecff7695.bundle,最後進到操作辦公室,Say,セラ･キョウ,10,そうだ。,맞아.
scene_day3_scenes_fab_day3_logic_6346ee10c065ccc051a489a1ecff7695.bundle,最後進到操作辦公室,Say,シュン･ゴ,33,……,……
scene_day3_scenes_fab_day3_logic_6346ee10c065ccc051a489a1ecff7695.bundle,最後進到操作辦公室,Say,シュン･ゴ,34,……,……
scene_day3_scenes_fab_day3_logic_6346ee10c065ccc051a489a1ecff7695.bundle,最後進到操作辦公室,Say,シュン･ゴ,35,それはなぜ？,그건 왜죠?
scene_day3_scenes_fab_day3_logic_6346ee10c065ccc051a489a1ecff7695.bundle,最後進到操作辦公室,Say,セラ･キョウ,11,工場閉鎖を早めたかったからだ。,공장 폐쇄를 앞당기고 싶었기 때문이다.
scene_day3_scenes_fab_day3_logic_6346ee10c065ccc051a489a1ecff7695.bundle,最後進到操作辦公室,Say,シュン･ゴ,36,……なに？,……뭐?
scene_day3_scenes_fab_day3_logic_6346ee10c065ccc051a489a1ecff7695.bundle,最後進到操作辦公室,Say,セラ･キョウ,12,セラーで事故が増えれば、上層部もこの工場の閉鎖を決心するだろうと思ったんだ。,"저장고에서 사고가 늘면, 윗선도 이 공장 폐쇄를 결심할 거라고 생각했어."
scene_day3_scenes_fab_day3_logic_6346ee10c065ccc051a489a1ecff7695.bundle,最後進到操作辦公室,Say,シュン･ゴ,37,……,……
scene_day3_scenes_fab_day3_logic_6346ee10c065ccc051a489a1ecff7695.bundle,最後進到操作辦公室,Say,シュン･ゴ,38,私は、様々な可能性を考えました。,"저는, 다양한 가능성을 생각해봤어요."
scene_day3_scenes_fab_day3_logic_6346ee10c065ccc051a489a1ecff7695.bundle,最後進到操作辦公室,Say,シュン･ゴ,39,こんなことをせざるを得ないほど、お金が必要だったのか……,"이런 짓을 할 수밖에 없을 정도로, 돈이 필요했던 건가……"
scene_day3_scenes_fab_day3_logic_6346ee10c065ccc051a489a1ecff7695.bundle,最後進到操作辦公室,Say,シュン･ゴ,40,もしくは復讐のためか……,아니면 복수를 위해서였나……
scene_day3_scenes_fab_day3_logic_6346ee10c065ccc051a489a1ecff7695.bundle,最後進到操作辦公室,Say,シュン･ゴ,41,ですが、全く見当違いのものでした。,"근데, 완전히 빗나갔네요."
scene_day3_scenes_fab_day3_logic_6346ee10c065ccc051a489a1ecff7695.bundle,最後進到操作辦公室,Say,シュン･ゴ,42,あなたは本当に工場閉鎖のために、何人もの人を巻き込んだというのですか？,"당신은 정말로 공장 폐쇄를 위해서, 몇 명이나 되는 사람을 끌어들였다는 건가요?"
scene_day3_scenes_fab_day3_logic_6346ee10c065ccc051a489a1ecff7695.bundle,最後進到操作辦公室,Say,シュン･ゴ,43,そんな本末転倒な理由、納得できません！,"그런 본말전도된 이유, 납득 못 해요!"
scene_day3_scenes_fab_day3_logic_6346ee10c065ccc051a489a1ecff7695.bundle,最後進到操作辦公室,Say,シュン･ゴ,44,どうして戻って来たのですか？,왜 돌아온 거예요?
scene_day3_scenes_fab_day3_logic_6346ee10c065ccc051a489a1ecff7695.bundle,最後進到操作辦公室,Say,シュン･ゴ,45,シミュレーションはまだ……,시뮬레이션은 아직……
scene_day3_scenes_fab_day3_logic_6346ee10c065ccc051a489a1ecff7695.bundle,最後進到操作辦公室,Say,シュン･ゴ,46,セラさん？,세라 씨?
scene_day3_scenes_fab_day3_logic_6346ee10c065ccc051a489a1ecff7695.bundle,最後進到操作辦公室,Say,セラ･キョウ,13,……シュン。,……슌.
scene_day3_scenes_fab_day3_logic_6346ee10c065ccc051a489a1ecff7695.bundle,最後進到操作辦公室,Say,セラ･キョウ,14,干渉器を付けたのは俺だ。,방해 장치를 설치한 건 나야.
scene_day3_scenes_fab_day3_logic_6346ee10c065ccc051a489a1ecff7695.bundle,最後進到操作辦公室,Say,シュン･ゴ,47,よくも……,잘도……
scene_day3_scenes_fab_day3_logic_6346ee10c065ccc051a489a1ecff7695.bundle,最後進到操作辦公室,Say,シュン･ゴ,48,……,……
scene_day3_scenes_fab_day3_logic_6346ee10c065ccc051a489a1ecff7695.bundle,最後進到操作辦公室,Say,シュン･ゴ,49,……,……
scene_day3_scenes_fab_day3_logic_6346ee10c065ccc051a489a1ecff7695.bundle,最後進到操作辦公室,Say,シュン･ゴ,50,それはなぜ？,그건 왜죠?
scene_day3_scenes_fab_day3_logic_6346ee10c065ccc051a489a1ecff7695.bundle,最後進到操作辦公室,Say,セラ･キョウ,15,工場閉鎖を早めたかったからだ。,공장 폐쇄를 앞당기고 싶었기 때문이다.
scene_day3_scenes_fab_day3_logic_6346ee10c065ccc051a489a1ecff7695.bundle,最後進到操作辦公室,Say,シュン･ゴ,51,……なに？,……뭐?
scene_day3_scenes_fab_day3_logic_6346ee10c065ccc051a489a1ecff7695.bundle,最後進到操作辦公室,Say,セラ･キョウ,16,セラーで事故が増えれば、上層部もこの工場の閉鎖を決心するだろうと思ったんだ。,"저장고에서 사고가 늘면, 윗선도 이 공장 폐쇄를 결심할 거라고 생각했어."
scene_day3_scenes_fab_day3_logic_6346ee10c065ccc051a489a1ecff7695.bundle,最後進到操作辦公室,Say,シュン･ゴ,52,……,……
scene_day3_scenes_fab_day3_logic_6346ee10c065ccc051a489a1ecff7695.bundle,最後進到操作辦公室,Say,シュン･ゴ,53,これ以上、犠牲者を集めないために、今いる人たちを犠牲にするってことですか……？,"더 이상, 희생자를 늘리지 않으려고, 지금 있는 사람들을 희생시킨다는 건가요……?"
scene_day3_scenes_fab_day3_logic_6346ee10c065ccc051a489a1ecff7695.bundle,最後進到操作辦公室,Say,シュン･ゴ,54,あまりにも愚かではないですか！？,너무나도 어리석지 않나요!?
scene_day3_scenes_fab_day3_logic_6346ee10c065ccc051a489a1ecff7695.bundle,最後進到操作辦公室,Say,シュン･ゴ,55,まさか、自分が良いことをしているとでも思っているのですか？,"설마, 자기가 좋은 일을 하고 있다고 생각하는 건가요?"
scene_day3_scenes_fab_day3_logic_6346ee10c065ccc051a489a1ecff7695.bundle,最後進到操作辦公室,Say,セラ･キョウ,17,違う、こんなことになるとは思わなかったんだ……,"아니야, 이렇게 될 줄은 몰랐어……"
scene_day3_scenes_fab_day3_logic_6346ee10c065ccc051a489a1ecff7695.bundle,最後進到操作辦公室,Say,シュン･ゴ,56,もうすでに事故が起きているのですよ！,이미 사고가 일어났었잖아요!
scene_day3_scenes_fab_day3_logic_6346ee10c065ccc051a489a1ecff7695.bundle,最後進到操作辦公室,Say,シュン･ゴ,57,あなたにどんな事情があろうとも……,당신한테 무슨 사정이 있었든……
scene_day3_scenes_fab_day3_logic_6346ee10c065ccc051a489a1ecff7695.bundle,最後進到操作辦公室,Say,シュン･ゴ,58,私に相談すべきだった。私に助けを求めるべきだった！,저한테 상담했어야 했어요. 저한테 도움을 청했어야 했다고요!
scene_day3_scenes_fab_day3_logic_6346ee10c065ccc051a489a1ecff7695.bundle,最後進到操作辦公室,Say,シュン･ゴ,59,自分勝手な判断で、こんな事態を引き起こすのは間違っています！,"제멋대로인 판단으로, 이런 사태를 일으키는 건 잘못됐어요!"
scene_day3_scenes_fab_day3_logic_6346ee10c065ccc051a489a1ecff7695.bundle,最後進到操作辦公室,Say,セラ･キョウ,18,……,……
scene_day3_scenes_fab_day3_logic_6346ee10c065ccc051a489a1ecff7695.bundle,最後進到操作辦公室,Say,セラ･キョウ,19,すまない。,미안하다.
scene_day3_scenes_fab_day3_logic_6346ee10c065ccc051a489a1ecff7695.bundle,最後進到操作辦公室,Say,セラ･キョウ,20,お前らには申し訳ないと思っている……,너희한테는 미안하게 생각하고 있어……
scene_day3_scenes_fab_day3_logic_6346ee10c065ccc051a489a1ecff7695.bundle,最後進到操作辦公室,Say,シュン･ゴ,60,……,……
scene_day3_scenes_fab_day3_logic_6346ee10c065ccc051a489a1ecff7695.bundle,最後進到操作辦公室,Say,シュン･ゴ,61,どうしてこんなことを……？,왜 이런 짓을……?
scene_day3_scenes_fab_day3_logic_6346ee10c065ccc051a489a1ecff7695.bundle,最後進到操作辦公室,Say,シュン･ゴ,62,干渉器をどこで手に入れたんですか？,방해 장치는 어디서 구한 건가요?
scene_day3_scenes_fab_day3_logic_6346ee10c065ccc051a489a1ecff7695.bundle,最後進到操作辦公室,Say,セラ･キョウ,21,干渉器は、ケイウイ･コからもらった。,"방해 장치는, 케이위 코한테서 받았다."
scene_day3_scenes_fab_day3_logic_6346ee10c065ccc051a489a1ecff7695.bundle,最後進到操作辦公室,Say,シンカ･シェ,4,操作組のチーフが？,조작조 팀장이요?
scene_day3_scenes_fab_day3_logic_6346ee10c065ccc051a489a1ecff7695.bundle,最後進到操作辦公室,Say,パン･ロウ,10,あのクズも共犯なのか！,그 쓰레기도 공범이었냐!
scene_day3_scenes_fab_day3_logic_6346ee10c065ccc051a489a1ecff7695.bundle,最後進到操作辦公室,Say,シュン･ゴ,63,続けてください……,계속해주세요……
scene_day3_scenes_fab_day3_logic_6346ee10c065ccc051a489a1ecff7695.bundle,最後進到操作辦公室,Say,セラ･キョウ,22,去年俺は、彼にオフィスに呼び出され、質問責めにあった。,"작년에 나는, 그놈한테 사무실로 불려가서, 질문 공세를 당했어."
scene_day3_scenes_fab_day3_logic_6346ee10c065ccc051a489a1ecff7695.bundle,最後進到操作辦公室,Say,シュン･ゴ,64,問題とは何だ？,문제가 뭐였는데?
scene_day3_scenes_fab_day3_logic_6346ee10c065ccc051a489a1ecff7695.bundle,最後進到操作辦公室,Say,セラ･キョウ,23,工場閉鎖に関しての俺の立場を知りたかったらしい。,공장 폐쇄에 대한 내 입장을 알고 싶어 했던 것 같아.
scene_day3_scenes_fab_day3_logic_6346ee10c065ccc051a489a1ecff7695.bundle,最後進到操作辦公室,Say,セラ･キョウ,24,……,……
scene_day3_scenes_fab_day3_logic_6346ee10c065ccc051a489a1ecff7695.bundle,最後進到操作辦公室,Say,セラ･キョウ,25,そこで俺は、工場閉鎖を早められることを彼から聞いたんだ。仕事の時にちょっとした事故が起きれば、上層部はもっと早くここを閉鎖する決断を出すはずだと……,"그때 나는, 공장 폐쇄를 앞당길 수 있다는 얘기를 그놈한테서 들었어. 업무 중에 작은 사고가 나면, 윗선이 더 빨리 여기 폐쇄를 결정할 거라고……"
scene_day3_scenes_fab_day3_logic_6346ee10c065ccc051a489a1ecff7695.bundle,最後進到操作辦公室,Say,セラ･キョウ,26,そして、この干渉器を俺に渡した。,"그러고, 이 방해 장치를 나한테 건넸어."
scene_day3_scenes_fab_day3_logic_6346ee10c065ccc051a489a1ecff7695.bundle,最後進到操作辦公室,Branch,#Simple,23,渡されたから、何も考えずに使ったってことですか？,"건네받았다고, 아무 생각 없이 쓴 건가요?"
scene_day3_scenes_fab_day3_logic_6346ee10c065ccc051a489a1ecff7695.bundle,最後進到操作辦公室,Say,セラ･キョウ,27,俺はこんな最悪な場所を一刻も早く閉鎖させるべきだと思ってたから、良い方法だと思ったんだ……,"나는 이런 최악의 장소를 한시라도 빨리 폐쇄시켜야 한다고 생각했었으니까, 좋은 방법이라고 생각했어……"
scene_day3_scenes_fab_day3_logic_6346ee10c065ccc051a489a1ecff7695.bundle,最後進到操作辦公室,Branch,#Simple,24,彼はどこから干渉器を手に入れたんですか？,그놈은 방해 장치를 어디서 손에 넣은 건가요?
scene_day3_scenes_fab_day3_logic_6346ee10c065ccc051a489a1ecff7695.bundle,最後進到操作辦公室,Say,セラ･キョウ,28,なんのことですか？,무슨 얘기죠?
scene_day3_scenes_fab_day3_logic_6346ee10c065ccc051a489a1ecff7695.bundle,最後進到操作辦公室,Branch,#Simple,25,ただの工場のチーフがあんなものを簡単に手に入れられるとは思えません。,그냥 공장 팀장이 그런 걸 쉽게 손에 넣을 수 있다고는 생각 안 돼요.
scene_day3_scenes_fab_day3_logic_6346ee10c065ccc051a489a1ecff7695.bundle,最後進到操作辦公室,Branch,#Simple,26,あれは一般人では、手に入れられない特殊装置です。,"저건 일반인은, 손에 넣을 수 없는 특수 장치예요."
scene_day3_scenes_fab_day3_logic_6346ee10c065ccc051a489a1ecff7695.bundle,最後進到操作辦公室,Say,シュン･ゴ,65,確かに。,확실히.
scene_day3_scenes_fab_day3_logic_6346ee10c065ccc051a489a1ecff7695.bundle,最後進到操作辦公室,Say,セラ･キョウ,29,わからない。だが、彼の裏に黒幕がいるのは確かだ。,"모르겠어. 근데, 그놈 뒤에 배후가 있는 건 확실해."
scene_day3_scenes_fab_day3_logic_6346ee10c065ccc051a489a1ecff7695.bundle,最後進到操作辦公室,Say,セラ･キョウ,30,工場閉鎖やケイウイがここのチーフに配属されたことも、すべて誰かが仕組んだことだ。,"공장 폐쇄든 케이위가 여기 팀장으로 배치된 것도, 전부 누군가 꾸민 일이야."
scene_day3_scenes_fab_day3_logic_6346ee10c065ccc051a489a1ecff7695.bundle,最後進到操作辦公室,Say,セラ･キョウ,31,だからマネージャーですら、彼をチーフから外すことができなかった……,"그러니까 매니저조차, 그놈을 팀장에서 못 뺀 거지……"
scene_day3_scenes_fab_day3_logic_6346ee10c065ccc051a489a1ecff7695.bundle,最後進到操作辦公室,Say,ジュジュ･ライ,8,ただの天下りだと思ってたら、まさか害虫だったとはね……,"그냥 낙하산인 줄 알았더니, 설마 해충이었을 줄이야……"
scene_day3_scenes_fab_day3_logic_6346ee10c065ccc051a489a1ecff7695.bundle,最後進到操作辦公室,Branch,#Simple,27,……,……
scene_day3_scenes_fab_day3_logic_6346ee10c065ccc051a489a1ecff7695.bundle,最後進到操作辦公室,Say,シュン･ゴ,66,あなたは彼の提案を受け入れ、その後どうなるか考えずに、沢山の人を巻き込んだのですか？,"당신은 그놈 제안을 받아들여서, 그 후 어떻게 될지 생각도 안 하고, 많은 사람을 끌어들인 건가요?"
scene_day3_scenes_fab_day3_logic_6346ee10c065ccc051a489a1ecff7695.bundle,最後進到操作辦公室,Say,セラ･キョウ,32,……俺は干渉器で故障を起こしたかっただけで、誰かを傷つけるつもりはなかったんだ。,"……나는 방해 장치로 고장을 일으키고 싶었을 뿐이지, 누군가를 다치게 할 생각은 없었어."
scene_day3_scenes_fab_day3_logic_6346ee10c065ccc051a489a1ecff7695.bundle,最後進到操作辦公室,Say,セラ･キョウ,33,それに俺は一度も、重要な設備に干渉器を使ったことはない。,"게다가 나는 한 번도, 중요한 설비에 방해 장치를 쓴 적 없어."
scene_day3_scenes_fab_day3_logic_6346ee10c065ccc051a489a1ecff7695.bundle,最後進到操作辦公室,Say,ジュジュ･ライ,9,じゃ、昨日のことは？,"그럼, 어제 일은?"
scene_day3_scenes_fab_day3_logic_6346ee10c065ccc051a489a1ecff7695.bundle,最後進到操作辦公室,Say,セラ･キョウ,34,……,……
scene_day3_scenes_fab_day3_logic_6346ee10c065ccc051a489a1ecff7695.bundle,最後進到操作辦公室,Say,シュン･ゴ,67,ケイウイが勝手にやったこと、ですね。,"케이위가 마음대로 저지른 일, 이었네요."
scene_day3_scenes_fab_day3_logic_6346ee10c065ccc051a489a1ecff7695.bundle,最後進到操作辦公室,Say,セラ･キョウ,35,……ああ、彼は俺に黙って、全ての干渉器を最大出力で一気に稼働させたんだ。,"……그래, 그놈은 나 몰래, 모든 방해 장치를 최대 출력으로 한꺼번에 가동시킨 거야."
scene_day3_scenes_fab_day3_logic_6346ee10c065ccc051a489a1ecff7695.bundle,最後進到操作辦公室,Say,セラ･キョウ,36,クズだとわかっていたが、そこまでするとは思わなかったんだ……,"쓰레기인 건 알았지만, 거기까지 할 줄은 몰랐어……"
scene_day3_scenes_fab_day3_logic_6346ee10c065ccc051a489a1ecff7695.bundle,最後進到操作辦公室,Say,シュン･ゴ,68,近々、役員総会が工場閉鎖に関する視察に来る予定だったので、それまでに大きなトラブルを起こしたかったのでしょう。,"조만간, 임원 총회가 공장 폐쇄 관련 시찰을 올 예정이었으니까, 그전에 큰 문제를 일으키고 싶었던 거겠죠."
scene_day3_scenes_fab_day3_logic_6346ee10c065ccc051a489a1ecff7695.bundle,最後進到操作辦公室,Say,シヘイ･ヨウ,7,だから彼を殴ったんですか……,그래서 그놈을 때린 거였어요……
scene_day3_scenes_fab_day3_logic_6346ee10c065ccc051a489a1ecff7695.bundle,最後進到操作辦公室,Say,シュン･ゴ,69,……どういう意味です？,……무슨 뜻이에요?
scene_day3_scenes_fab_day3_logic_6346ee10c065ccc051a489a1ecff7695.bundle,最後進到操作辦公室,Say,シヘイ･ヨウ,8,干渉器を付けたのが兄貴だとわかった後、ずっと考えていたんだ……,"방해 장치를 설치한 게 형님이란 걸 안 후로, 계속 생각했었어……"
scene_day3_scenes_fab_day3_logic_6346ee10c065ccc051a489a1ecff7695.bundle,最後進到操作辦公室,Say,シヘイ･ヨウ,9,共犯者であるケイウイ･コに対して、どうしてあんなに怒って……,"공범인 케이위 코한테, 왜 그렇게 화를 내면서……"
scene_day3_scenes_fab_day3_logic_6346ee10c065ccc051a489a1ecff7695.bundle,最後進到操作辦公室,Say,シヘイ･ヨウ,10,殴ったんだろうって……,때렸던 걸까 하고……
scene_day3_scenes_fab_day3_logic_6346ee10c065ccc051a489a1ecff7695.bundle,最後進到操作辦公室,Say,セラ･キョウ,37,……,……
scene_day3_scenes_fab_day3_logic_6346ee10c065ccc051a489a1ecff7695.bundle,最後進到操作辦公室,Say,シヘイ･ヨウ,11,僕が思っていたより、兄貴がクズじゃなくてよかったです。,"내가 생각했던 것보다, 형이 쓰레기가 아니어서 다행이에요."
scene_day3_scenes_fab_day3_logic_6346ee10c065ccc051a489a1ecff7695.bundle,最後進到操作辦公室,Say,セラ･キョウ,38,いや、俺はクズだ。それは変わらない……,"아니, 나는 쓰레기야. 그건 변하지 않아……"
scene_day3_scenes_fab_day3_logic_6346ee10c065ccc051a489a1ecff7695.bundle,最後進到操作辦公室,Say,セラ･キョウ,39,俺は罰を受けるべきなんだ。すべては俺が判断を間違えたせいで……,나는 벌을 받아야 해. 전부 내가 판단을 잘못한 탓에……
scene_day3_scenes_fab_day3_logic_6346ee10c065ccc051a489a1ecff7695.bundle,最後進到操作辦公室,Say,シュン･ゴ,70,セラさん、懺悔は後回しです。,"세라 씨, 참회는 나중이에요."
scene_day3_scenes_fab_day3_logic_6346ee10c065ccc051a489a1ecff7695.bundle,最後進到操作辦公室,Say,シュン･ゴ,71,今は被害を最小限に抑え、事態の悪化を防ぐことが最優先です。,"지금은 피해를 최소한으로 줄이고, 사태 악화를 막는 게 최우선이에요."
scene_day3_scenes_fab_day3_logic_6346ee10c065ccc051a489a1ecff7695.bundle,最後進到操作辦公室,Say,パン･ロウ,11,でも、僕たちはまだ何もわかっていないよね……？,"근데, 우리는 아직 아무것도 모르는 거지……?"
scene_day3_scenes_fab_day3_logic_6346ee10c065ccc051a489a1ecff7695.bundle,最後進到操作辦公室,Say,パン･ロウ,12,ケイウイの裏にいる人物の手がかりもないしさ。,케이위 뒤에 있는 인물 단서도 없고 말이지.
scene_day3_scenes_fab_day3_logic_6346ee10c065ccc051a489a1ecff7695.bundle,最後進到操作辦公室,Say,ジュジュ･ライ,10,それにセラさんの「おかげ」で、ケイウイが入院しているから本人に聞くこともできない。,"게다가 세라 씨 '덕분'에, 케이위가 입원해 있어서 본인한테 물어볼 수도 없고."
scene_day3_scenes_fab_day3_logic_6346ee10c065ccc051a489a1ecff7695.bundle,最後進到操作辦公室,Say,セラ･キョウ,40,……,……
scene_day3_scenes_fab_day3_logic_6346ee10c065ccc051a489a1ecff7695.bundle,最後進到操作辦公室,Say,シュン･ゴ,72,……,……
scene_day3_scenes_fab_day3_logic_6346ee10c065ccc051a489a1ecff7695.bundle,最後進到操作辦公室,Say,シュン･ゴ,73,取締役会の人です。,이사회 사람이에요.
scene_day3_scenes_fab_day3_logic_6346ee10c065ccc051a489a1ecff7695.bundle,最後進到操作辦公室,Say,パン･ロウ,13,えっ？,어?
scene_day3_scenes_fab_day3_logic_6346ee10c065ccc051a489a1ecff7695.bundle,最後進到操作辦公室,Say,シュン･ゴ,74,取締役会の中に、サイレントの閉鎖を望んでいる人がいると聞いたことがあります。,"이사회 안에, 사일런트 폐쇄를 바라는 사람이 있다고 들은 적이 있어요."
scene_day3_scenes_fab_day3_logic_6346ee10c065ccc051a489a1ecff7695.bundle,最後進到操作辦公室,Say,シュン･ゴ,75,ですが、他の役員はサイレントの現状を理解していないようで、存続を望んでいるそうです。,"근데, 다른 임원들은 사일런트의 현 상황을 이해 못 하는지, 존속을 바란다고 해요."
scene_day3_scenes_fab_day3_logic_6346ee10c065ccc051a489a1ecff7695.bundle,最後進到操作辦公室,Say,シュン･ゴ,76,おそらく、工場閉鎖派の役員が閉鎖を早めるために……,"아마, 공장 폐쇄파 임원이 폐쇄를 앞당기려고……"
scene_day3_scenes_fab_day3_logic_6346ee10c065ccc051a489a1ecff7695.bundle,最後進到操作辦公室,Say,シュン･ゴ,77,こんなバカげたことをしているのだと思います。,이런 어처구니없는 짓을 하고 있는 거라고 생각해요.
scene_day3_scenes_fab_day3_logic_6346ee10c065ccc051a489a1ecff7695.bundle,最後進到操作辦公室,Say,パン･ロウ,14,つまり、この件は最初から取締役会が裏で操っていたってこと？,"그러니까, 이 건은 처음부터 이사회가 뒤에서 조종하고 있었다는 거야?"
scene_day3_scenes_fab_day3_logic_6346ee10c065ccc051a489a1ecff7695.bundle,最後進到操作辦公室,Say,シュン･ゴ,78,セラさん、ケイウイは取締役会について、何か言っていませんでしたか？,"세라 씨, 케이위가 이사회에 대해서, 뭔가 얘기하지 않았나요?"
scene_day3_scenes_fab_day3_logic_6346ee10c065ccc051a489a1ecff7695.bundle,最後進到操作辦公室,Say,セラ･キョウ,41,……,……
scene_day3_scenes_fab_day3_logic_6346ee10c065ccc051a489a1ecff7695.bundle,最後進到操作辦公室,Say,セラ･キョウ,42,いや。,아니.
scene_day3_scenes_fab_day3_logic_6346ee10c065ccc051a489a1ecff7695.bundle,最後進到操作辦公室,Say,セラ･キョウ,43,だが本社の捜査員に、計画を早めろと警告されたと言っていた。,"근데 본사 수사관한테, 계획을 앞당기라고 경고받았다고 했었어."
scene_day3_scenes_fab_day3_logic_6346ee10c065ccc051a489a1ecff7695.bundle,最後進到操作辦公室,Say,セラ･キョウ,44,滅多にお目にかかれない、取締役会のIDを使っていたから、覚えていたんだ。,"좀처럼 볼 수 없는, 이사회 ID를 쓰고 있었으니까, 기억하고 있었어."
scene_day3_scenes_fab_day3_logic_6346ee10c065ccc051a489a1ecff7695.bundle,最後進到操作辦公室,Say,シュン･ゴ,79,なら、きっと取締役が関係しているはずです。,"그럼, 분명 이사가 관련되어 있을 거예요."
scene_day3_scenes_fab_day3_logic_6346ee10c065ccc051a489a1ecff7695.bundle,最後進到操作辦公室,Say,シュン･ゴ,80,……,……
scene_day3_scenes_fab_day3_logic_6346ee10c065ccc051a489a1ecff7695.bundle,最後進到操作辦公室,Say,シュン･ゴ,81,私はもう行きます。,저는 이만 가볼게요.
scene_day3_scenes_fab_day3_logic_6346ee10c065ccc051a489a1ecff7695.bundle,最後進到操作辦公室,Say,パン･ロウ,15,え？どこに？,어? 어디로?
scene_day3_scenes_fab_day3_logic_6346ee10c065ccc051a489a1ecff7695.bundle,最後進到操作辦公室,Say,シュン･ゴ,82,本社です。,본사요.
scene_day3_scenes_fab_day3_logic_6346ee10c065ccc051a489a1ecff7695.bundle,最後進到操作辦公室,Say,ジュジュ･ライ,11,シュン、本気なの？,"슌, 진심이야?"
scene_day3_scenes_fab_day3_logic_6346ee10c065ccc051a489a1ecff7695.bundle,最後進到操作辦公室,Say,シュン･ゴ,83,はい。,네.
scene_day3_scenes_fab_day3_logic_6346ee10c065ccc051a489a1ecff7695.bundle,最後進到操作辦公室,Say,シュン･ゴ,84,私は工場閉鎖派の取締役と接触し、ケイウイの後釜を打診します。,"저는 공장 폐쇄파 이사와 접촉해서, 케이위 후임을 타진해볼게요."
scene_day3_scenes_fab_day3_logic_6346ee10c065ccc051a489a1ecff7695.bundle,最後進到操作辦公室,Say,シュン･ゴ,85,操作組の次のチーフに留まらず、工場閉鎖派のリーダーにもなるつもりです。最初からこうするべきでした。,"조작조 다음 팀장에 머물지 않고, 공장 폐쇄파의 리더도 될 생각이에요. 처음부터 이렇게 했어야 했어요."
scene_day3_scenes_fab_day3_logic_6346ee10c065ccc051a489a1ecff7695.bundle,最後進到操作辦公室,Branch,#Simple,28,ケイウイがやっていたことを続けるつもりですか？,케이위가 하던 짓을 계속할 생각인가요?
scene_day3_scenes_fab_day3_logic_6346ee10c065ccc051a489a1ecff7695.bundle,最後進到操作辦公室,Say,シュン･ゴ,86,はい。,네.
scene_day3_scenes_fab_day3_logic_6346ee10c065ccc051a489a1ecff7695.bundle,最後進到操作辦公室,Say,シュン･ゴ,87,でも彼のような酷いやり方はしません。,그치만 그놈 같은 심한 방식은 안 써요.
scene_day3_scenes_fab_day3_logic_6346ee10c065ccc051a489a1ecff7695.bundle,最後進到操作辦公室,Branch,#Simple,29,この機に出世するつもりですか？,이 기회에 출세할 생각인가요?
scene_day3_scenes_fab_day3_logic_6346ee10c065ccc051a489a1ecff7695.bundle,最後進到操作辦公室,Say,シュン･ゴ,88,私はこの機会に、この場所を整理するつもりです。,"저는 이 기회에, 이곳을 정리할 생각이에요."
scene_day3_scenes_fab_day3_logic_6346ee10c065ccc051a489a1ecff7695.bundle,最後進到操作辦公室,Branch,#Simple,30,……,……
scene_day3_scenes_fab_day3_logic_6346ee10c065ccc051a489a1ecff7695.bundle,最後進到操作辦公室,Say,カエ･チン,3,……本社に面会申請を出しておく。,……본사에 면담 신청 넣어둘게.
scene_day3_scenes_fab_day3_logic_6346ee10c065ccc051a489a1ecff7695.bundle,最後進到操作辦公室,Say,シュン･ゴ,89,ありがとう。,고마워.
scene_day3_scenes_fab_day3_logic_6346ee10c065ccc051a489a1ecff7695.bundle,最後進到操作辦公室,Say,シュン･ゴ,90,それと……,그리고……
scene_day3_scenes_fab_day3_logic_6346ee10c065ccc051a489a1ecff7695.bundle,最後進到操作辦公室,Say,シュン･ゴ,91,セラさん。,세라 씨.
scene_day3_scenes_fab_day3_logic_6346ee10c065ccc051a489a1ecff7695.bundle,最後進到操作辦公室,Say,シュン･ゴ,92,これからあなたが何をしようと、私は口を出しません。,"앞으로 당신이 뭘 하든, 저는 참견 안 할 거예요."
scene_day3_scenes_fab_day3_logic_6346ee10c065ccc051a489a1ecff7695.bundle,最後進到操作辦公室,Say,シュン･ゴ,93,……ですが、責任の取り方については、もう少し考えた方がいいと思います。,"……근데, 책임을 지는 방식에 대해서는, 좀 더 생각하시는 게 좋을 것 같아요."
scene_day3_scenes_fab_day3_logic_6346ee10c065ccc051a489a1ecff7695.bundle,最後進到操作辦公室,Say,セラ･キョウ,45,……,……
scene_day3_scenes_fab_day3_logic_6346ee10c065ccc051a489a1ecff7695.bundle,最後進到操作辦公室,Say,セラ･キョウ,46,まずは干渉器をすべて取り外すつもりだ。,우선 방해 장치를 전부 떼어낼 생각이야.
scene_day3_scenes_fab_day3_logic_6346ee10c065ccc051a489a1ecff7695.bundle,最後進到操作辦公室,Say,シュン･ゴ,94,……ありがとうございます。,……감사합니다.
scene_day3_scenes_fab_day3_logic_6346ee10c065ccc051a489a1ecff7695.bundle,最後進到操作辦公室,Say,シュン･ゴ,95,それとシンカ。,그리고 신카.
scene_day3_scenes_fab_day3_logic_6346ee10c065ccc051a489a1ecff7695.bundle,最後進到操作辦公室,Say,シンカ･シェ,5,えっ！？はい！,네!? 넵!
scene_day3_scenes_fab_day3_logic_6346ee10c065ccc051a489a1ecff7695.bundle,最後進到操作辦公室,Say,シンカ･シェ,6,……ど、どうかしましたか？,"……무, 무슨 일이세요?"
scene_day3_scenes_fab_day3_logic_6346ee10c065ccc051a489a1ecff7695.bundle,最後進到操作辦公室,Say,シュン･ゴ,96,今日は本当に助かりました。,오늘은 정말 큰 도움이 됐어요.
scene_day3_scenes_fab_day3_logic_6346ee10c065ccc051a489a1ecff7695.bundle,最後進到操作辦公室,Say,シンカ･シェ,7,は、はい……,"네, 네……"
scene_day3_scenes_fab_day3_logic_6346ee10c065ccc051a489a1ecff7695.bundle,最後進到操作辦公室,Say,シュン･ゴ,97,私はもう行きます。,저는 이만 가볼게요.
scene_day3_scenes_fab_day3_logic_6346ee10c065ccc051a489a1ecff7695.bundle,最後進到操作辦公室,Say,セラ･キョウ,47,俺も干渉器を外しに行く。,나도 방해 장치 떼러 갈게.
scene_day3_scenes_fab_day3_logic_6346ee10c065ccc051a489a1ecff7695.bundle,最後進到操作辦公室,Say,シュン･ゴ,98,では、ここで解散しましょう。,"그럼, 여기서 해산하죠."
scene_day3_scenes_fab_day3_logic_6346ee10c065ccc051a489a1ecff7695.bundle,最後進到操作辦公室,Say,シュン･ゴ,99,ジュジュ、ここは任せましたよ。,"쥬쥬, 여기는 맡길게요."
scene_day3_scenes_fab_day3_logic_6346ee10c065ccc051a489a1ecff7695.bundle,最後進到操作辦公室,Say,ジュジュ･ライ,12,……わかった。,……알았어.
scene_day3_scenes_fab_day3_logic_6346ee10c065ccc051a489a1ecff7695.bundle,最後進到操作辦公室,Say,シュン･ゴ,100,行きましょう、セラさん。,"가시죠, 세라 씨."
scene_day3_scenes_fab_day3_logic_6346ee10c065ccc051a489a1ecff7695.bundle,最後進到操作辦公室,Say,ジュジュ･ライ,13,……,……
scene_day3_scenes_fab_day3_logic_6346ee10c065ccc051a489a1ecff7695.bundle,最後進到操作辦公室,Say,パン･ロウ,16,……,……
scene_day3_scenes_fab_day3_logic_6346ee10c065ccc051a489a1ecff7695.bundle,最後進到操作辦公室,Say,パン･ロウ,17,ぼ、僕たちはどうすれば……,"우, 우리는 어쩌면……"
scene_day3_scenes_fab_day3_logic_6346ee10c065ccc051a489a1ecff7695.bundle,最後進到操作辦公室,Say,ジュジュ･ライ,14,セラさんが干渉器を外してくれるなら、私たちはお役御免ってわけ。,"세라 씨가 방해 장치를 떼어준다면, 우리는 볼일 끝이라는 거지."
scene_day3_scenes_fab_day3_logic_6346ee10c065ccc051a489a1ecff7695.bundle,最後進到操作辦公室,Say,ジュジュ･ライ,15,家に帰れば？,집에 가지 그래?
scene_day3_scenes_fab_day3_logic_6346ee10c065ccc051a489a1ecff7695.bundle,最後進到操作辦公室,Say,シヘイ･ヨウ,12,じゃ、僕はこれで。,"그럼, 나는 이만."
scene_day3_scenes_fab_day3_logic_6346ee10c065ccc051a489a1ecff7695.bundle,最後進到操作辦公室,Say,ジュジュ･ライ,16,……,……
scene_day3_scenes_fab_day3_logic_6346ee10c065ccc051a489a1ecff7695.bundle,最後進到操作辦公室,Say,シンカ･シェ,8,シヘイさん……,시헤이 씨……
scene_day3_scenes_fab_day3_logic_6346ee10c065ccc051a489a1ecff7695.bundle,最後進到操作辦公室,Say,ジュジュ･ライ,17,少し一人にしてあげな。,잠깐 혼자 있게 해줘.
scene_day3_scenes_fab_day3_logic_6346ee10c065ccc051a489a1ecff7695.bundle,最後進到操作辦公室,Say,シンカ･シェ,9,……はい。,……네.
scene_day3_scenes_fab_day3_logic_6346ee10c065ccc051a489a1ecff7695.bundle,最後進到操作辦公室,Say,ジュジュ･ライ,18,シンカちゃんも選別組に戻りな。仕事があるでしょう？,신카도 선별조로 돌아가. 일이 있잖아?
scene_day3_scenes_fab_day3_logic_6346ee10c065ccc051a489a1ecff7695.bundle,最後進到操作辦公室,Say,シンカ･シェ,10,……,……
scene_day3_scenes_fab_day3_logic_6346ee10c065ccc051a489a1ecff7695.bundle,最後進到操作辦公室,Say,シンカ･シェ,11,はい。じゃ、お先に失礼します。,"네. 그럼, 먼저 실례하겠습니다."
scene_day3_scenes_fab_day3_logic_6346ee10c065ccc051a489a1ecff7695.bundle,最後進到操作辦公室,Say,シンカ･シェ,12,お疲れ様でした。,수고하셨습니다.
scene_day3_scenes_fab_day3_logic_6346ee10c065ccc051a489a1ecff7695.bundle,最後進到操作辦公室,Say,ジュジュ･ライ,19,パンちゃんは？,팡짱은?
scene_day3_scenes_fab_day3_logic_6346ee10c065ccc051a489a1ecff7695.bundle,最後進到操作辦公室,Say,パン･ロウ,18,僕……？,나……?
scene_day3_scenes_fab_day3_logic_6346ee10c065ccc051a489a1ecff7695.bundle,最後進到操作辦公室,Say,パン･ロウ,19,僕はもう少しここにいるよ。,나는 좀 더 여기 있을게.
scene_day3_scenes_fab_day3_logic_6346ee10c065ccc051a489a1ecff7695.bundle,最後進到操作辦公室,Say,パン･ロウ,20,このまま帰ったら気分が悪いしね……,이대로 돌아가면 기분이 찝찝하니까……
scene_day3_scenes_fab_day3_logic_6346ee10c065ccc051a489a1ecff7695.bundle,最後進到操作辦公室,Say,ジュジュ･ライ,20,パンちゃん……,팡짱……
scene_day3_scenes_fab_day3_logic_6346ee10c065ccc051a489a1ecff7695.bundle,最後進到操作辦公室,Say,パン･ロウ,21,もう一度、設備のチェックをするよ。,"다시 한번, 설비 점검을 할게."
scene_day3_scenes_fab_day3_logic_6346ee10c065ccc051a489a1ecff7695.bundle,最後進到操作辦公室,Say,ジュジュ･ライ,21,……,……
scene_day3_scenes_fab_day3_logic_6346ee10c065ccc051a489a1ecff7695.bundle,最後進到操作辦公室,Say,ジュジュ･ライ,22,わかった。,알았어.
scene_day3_scenes_fab_day3_logic_6346ee10c065ccc051a489a1ecff7695.bundle,最後進到操作辦公室,Say,ジュジュ･ライ,23,カエは……,카에는……
scene_day3_scenes_fab_day3_logic_6346ee10c065ccc051a489a1ecff7695.bundle,最後進到操作辦公室,Say,カエ･チン,4,私はチーフの面会申請を出しているから、終わったら今回の報告をまとめるよ。,"나는 팀장님 면담 신청 넣어놓고 있으니까, 끝나면 이번 보고를 정리할게."
scene_day3_scenes_fab_day3_logic_6346ee10c065ccc051a489a1ecff7695.bundle,最後進到操作辦公室,Say,ジュジュ･ライ,24,相変わらず真面目ね。わかった。,여전히 성실하네. 알았어.
scene_day3_scenes_fab_day3_logic_6346ee10c065ccc051a489a1ecff7695.bundle,最後進到操作辦公室,Say,ジュジュ･ライ,25,後はジェイか……,남은 건 제이인가……
scene_day3_scenes_fab_day3_logic_6346ee10c065ccc051a489a1ecff7695.bundle,最後進到操作辦公室,Say,ジュジュ･ライ,26,ジェイも帰っていいよ。ここにいても何もできることないしね。,제이도 가도 돼. 여기 있어도 할 수 있는 것도 없고.
scene_day3_scenes_fab_day3_logic_6346ee10c065ccc051a489a1ecff7695.bundle,最後進到操作辦公室,Branch,#Simple,31,わかった。,알았어.
scene_day3_scenes_fab_day3_logic_6346ee10c065ccc051a489a1ecff7695.bundle,最後進到操作辦公室,Branch,#Simple,32,ちょっと傷つきます。,좀 상처받네요.
scene_day3_scenes_fab_day3_logic_6346ee10c065ccc051a489a1ecff7695.bundle,最後進到操作辦公室,Say,ジュジュ･ライ,27,本当のことだもん！,사실이니까!
scene_day3_scenes_fab_day3_logic_6346ee10c065ccc051a489a1ecff7695.bundle,最後進到操作辦公室,Say,ジュジュ･ライ,28,じゃ、また。,"그럼, 또 봐."
scene_day3_scenes_fab_day3_logic_6346ee10c065ccc051a489a1ecff7695.bundle,最後進到操作辦公室,Branch,#Simple,33,お疲れ様でした。,수고하셨습니다.
scene_day3_scenes_fab_day3_logic_6346ee10c065ccc051a489a1ecff7695.bundle,最後進到操作辦公室,Branch,#Simple,34,……,……
scene_day3_scenes_fab_day3_logic_6346ee10c065ccc051a489a1ecff7695.bundle,沒下車走廊遇到大夥,Say,パン･ロウ,0,ジェイ、帰って来たのか！,"제이, 돌아온 거야!"
scene_day3_scenes_fab_day3_logic_6346ee10c065ccc051a489a1ecff7695.bundle,沒下車走廊遇到大夥,Say,心の声,0,皆揃って苦い顔をしているがどうしたんだ……,다들 모여서 씁쓸한 얼굴을 하고 있는데 무슨 일이지……
scene_day3_scenes_fab_day3_logic_6346ee10c065ccc051a489a1ecff7695.bundle,沒下車走廊遇到大夥,Say,パン･ロウ,1,聞いてよ、シンカが……,"들어봐, 신카가……"
scene_day3_scenes_fab_day3_logic_6346ee10c065ccc051a489a1ecff7695.bundle,沒下車走廊遇到大夥,Say,ジュジュ･ライ,0,言う必要ないでしょ。,말할 필요 없잖아.
scene_day3_scenes_fab_day3_logic_6346ee10c065ccc051a489a1ecff7695.bundle,沒下車走廊遇到大夥,Say,ジュジュ･ライ,1,説明はシュンに任せよう。,설명은 슌한테 맡기자.
scene_day3_scenes_fab_day3_logic_6346ee10c065ccc051a489a1ecff7695.bundle,沒下車走廊遇到大夥,Say,シンカ･シェ,0,ジュジュ……,쥬쥬……
scene_day3_scenes_fab_day3_logic_6346ee10c065ccc051a489a1ecff7695.bundle,沒下車走廊遇到大夥,Say,シヘイ･ヨウ,0,えっ？何があったの？,엣? 무슨 일이 있었던 거야?
scene_day3_scenes_fab_day3_logic_6346ee10c065ccc051a489a1ecff7695.bundle,沒下車走廊遇到大夥,Say,ジュジュ･ライ,2,行こう。,가자.
scene_day3_scenes_fab_day3_logic_6346ee10c065ccc051a489a1ecff7695.bundle,沒下車走廊遇到大夥,Say,パン･ロウ,2,……,……
scene_day3_scenes_fab_day3_logic_6346ee10c065ccc051a489a1ecff7695.bundle,沒下車走廊遇到大夥,Say,パン･ロウ,3,とりあえず中に入ろうか。,일단 안으로 들어갈까.
scene_day3_scenes_fab_day3_logic_6346ee10c065ccc051a489a1ecff7695.bundle,沒下車走廊遇到大夥,Say,ジュジュ･ライ,3,この私に感謝しなさいよ！,이 몸한테 감사하라고!
scene_day3_scenes_fab_day3_logic_6346ee10c065ccc051a489a1ecff7695.bundle,沒下車走廊遇到大夥,Say,ジュジュ･ライ,4,私のおかげで、大分作業が短縮されたんだから！,"내 덕분에, 작업이 훨씬 단축된 거니까!"
scene_day3_scenes_fab_day3_logic_6346ee10c065ccc051a489a1ecff7695.bundle,沒下車走廊遇到大夥,Branch,#Simple,0,もっと早ければ、私たちも無駄足を踏むことはなかったですね。,"좀 더 빨랐으면, 저희도 헛걸음할 일이 없었겠네요."
scene_day3_scenes_fab_day3_logic_6346ee10c065ccc051a489a1ecff7695.bundle,沒下車走廊遇到大夥,Say,ジュジュ･ライ,5,あー！この恩知らずが！,아-! 이 은혜도 모르는 놈이!
scene_day3_scenes_fab_day3_logic_6346ee10c065ccc051a489a1ecff7695.bundle,沒下車走廊遇到大夥,Branch,#Simple,1,ありがとうございます。,감사합니다.
scene_day3_scenes_fab_day3_logic_6346ee10c065ccc051a489a1ecff7695.bundle,沒下車走廊遇到大夥,Say,ジュジュ･ライ,6,皮肉？それとも本心？,비꼬는 거야? 아니면 진심이야?
scene_day3_scenes_fab_day3_logic_6346ee10c065ccc051a489a1ecff7695.bundle,沒下車走廊遇到大夥,Say,パン･ロウ,4,こっちを見るなよ。僕にわかるわけないだろ。,나 보지 마. 내가 알 리가 없잖아.
scene_day3_scenes_fab_day3_logic_6346ee10c065ccc051a489a1ecff7695.bundle,沒下車走廊遇到大夥,Branch,#Simple,2,……,……
scene_day3_scenes_fab_day3_logic_6346ee10c065ccc051a489a1ecff7695.bundle,沒下車走廊遇到大夥,Say,シンカ･シェ,1,どうやって解決したんですか？,어떻게 해결한 건가요?
scene_day3_scenes_fab_day3_logic_6346ee10c065ccc051a489a1ecff7695.bundle,沒下車走廊遇到大夥,Say,ジュジュ･ライ,7,中で私の天才的なアイデアを話すよ！,안에서 내 천재적인 아이디어를 얘기해줄게!
scene_day3_scenes_fab_day3_logic_6346ee10c065ccc051a489a1ecff7695.bundle,徐媛聯絡主角,Say,シェーン･ソウ,0,ジェイさん。,제이 씨.
scene_day3_scenes_fab_day3_logic_6346ee10c065ccc051a489a1ecff7695.bundle,徐媛聯絡主角,Say,シェーン･ソウ,1,隊長が会いたがっています。,대장님이 만나고 싶어 하십니다.
scene_day3_scenes_fab_day3_logic_6346ee10c065ccc051a489a1ecff7695.bundle,徐媛聯絡主角,Say,心の声,0,メイ･ジョが……！？,메이 조가……!?
scene_day3_scenes_fab_day3_logic_6346ee10c065ccc051a489a1ecff7695.bundle,徐媛聯絡主角,Branch,#Simple,0,メイ･ジョか？,메이 조인가?
scene_day3_scenes_fab_day3_logic_6346ee10c065ccc051a489a1ecff7695.bundle,徐媛聯絡主角,Say,シェーン･ソウ,2,はい。,네.
scene_day3_scenes_fab_day3_logic_6346ee10c065ccc051a489a1ecff7695.bundle,徐媛聯絡主角,Branch,#Simple,1,それはなぜ？,그건 왜죠?
scene_day3_scenes_fab_day3_logic_6346ee10c065ccc051a489a1ecff7695.bundle,徐媛聯絡主角,Branch,#Simple,2,……,……
scene_day3_scenes_fab_day3_logic_6346ee10c065ccc051a489a1ecff7695.bundle,徐媛聯絡主角,Say,シェーン･ソウ,3,話したいことがあると言っていました。,하고 싶은 얘기가 있다고 하셨어요.
scene_day3_scenes_fab_day3_logic_6346ee10c065ccc051a489a1ecff7695.bundle,徐媛聯絡主角,Say,心の声,1,詳しくは聞かされてないようだな。,자세히는 못 들은 모양이군.
scene_day3_scenes_fab_day3_logic_6346ee10c065ccc051a489a1ecff7695.bundle,徐媛聯絡主角,Say,シェーン･ソウ,4,こちらへ。,이쪽으로.
scene_day3_scenes_fab_day3_logic_6346ee10c065ccc051a489a1ecff7695.bundle,徐媛聯絡主角,Say,心の声,2,23号たちはこっちの状況を把握しているのだろうか……,23호 일행은 이쪽 상황을 파악하고 있으려나……
scene_day3_scenes_fab_day3_logic_6346ee10c065ccc051a489a1ecff7695.bundle,跟隆生到地窖電梯,Say,リュウセイ･チョウ,0,よっ！ジェイの兄貴。,야! 제이 형.
scene_day3_scenes_fab_day3_logic_6346ee10c065ccc051a489a1ecff7695.bundle,跟隆生到地窖電梯,Branch,#Simple,0,やあ。,야.
scene_day3_scenes_fab_day3_logic_6346ee10c065ccc051a489a1ecff7695.bundle,跟隆生到地窖電梯,Branch,#Simple,1,偽造IDは持ってるのか？,위조 ID는 갖고 있나?
scene_day3_scenes_fab_day3_logic_6346ee10c065ccc051a489a1ecff7695.bundle,跟隆生到地窖電梯,Say,リュウセイ･チョウ,1,もちろんっす！,당연하죠!
scene_day3_scenes_fab_day3_logic_6346ee10c065ccc051a489a1ecff7695.bundle,跟隆生到地窖電梯,Branch,#Simple,2,……,……
scene_day3_scenes_fab_day3_logic_6346ee10c065ccc051a489a1ecff7695.bundle,跟隆生到地窖電梯,Say,23,0,揃ったなら、セラーのエレベーターシステムにハックするよ。,"다 모였으면, 저장고 엘리베이터 시스템을 해킹할게."
scene_day3_scenes_fab_day3_logic_6346ee10c065ccc051a489a1ecff7695.bundle,跟隆生到地窖電梯,Say,23,1,中に入ってからの猶予は1時間くらいあるけど、超えたら警報が鳴るからね。,"안에 들어간 뒤로 유예 시간은 한 시간 정도 있는데, 넘기면 경보가 울리니까."
scene_day3_scenes_fab_day3_logic_6346ee10c065ccc051a489a1ecff7695.bundle,跟隆生到地窖電梯,Say,23,2,時間はたっぷりあるけど、できるだけ素早く行動して。,"시간은 충분하지만, 최대한 신속하게 행동해."
scene_day3_scenes_fab_day3_logic_6346ee10c065ccc051a489a1ecff7695.bundle,跟隆生到地窖電梯,Say,スイ･ニン,0,リュウセイ、ジェイ、準備は？,"류세이, 제이, 준비는?"
scene_day3_scenes_fab_day3_logic_6346ee10c065ccc051a489a1ecff7695.bundle,跟隆生到地窖電梯,Say,リュウセイ･チョウ,2,もちろんっす！,당연하죠!
scene_day3_scenes_fab_day3_logic_6346ee10c065ccc051a489a1ecff7695.bundle,跟隆生到地窖電梯,Branch,#Simple,3,問題ない。,문제없다.
scene_day3_scenes_fab_day3_logic_6346ee10c065ccc051a489a1ecff7695.bundle,跟隆生到地窖電梯,Branch,#Simple,4,やるしかないんだろ？,할 수밖에 없잖아?
scene_day3_scenes_fab_day3_logic_6346ee10c065ccc051a489a1ecff7695.bundle,跟隆生到地窖電梯,Say,スイ･ニン,1,よし。,좋아.
scene_day3_scenes_fab_day3_logic_6346ee10c065ccc051a489a1ecff7695.bundle,跟隆生到地窖電梯,Say,スイ･ニン,2,いいか、セラーのエレベーターに乗ったら、こちらとは連絡ができなくなる。,"잘 들어, 저장고 엘리베이터를 타면, 이쪽이랑은 연락이 안 된다."
scene_day3_scenes_fab_day3_logic_6346ee10c065ccc051a489a1ecff7695.bundle,跟隆生到地窖電梯,Say,スイ･ニン,3,何か想定外の状況に出くわしても、己で解決するしかない。,"뭔가 예상 밖의 상황을 만나더라도, 스스로 해결하는 수밖에 없다."
scene_day3_scenes_fab_day3_logic_6346ee10c065ccc051a489a1ecff7695.bundle,跟隆生到地窖電梯,Say,リュウセイ･チョウ,3,ラジャー！,라저!
scene_day3_scenes_fab_day3_logic_6346ee10c065ccc051a489a1ecff7695.bundle,跟隆生到地窖電梯,Say,スイ･ニン,4,それともう一つ。,그리고 하나 더.
scene_day3_scenes_fab_day3_logic_6346ee10c065ccc051a489a1ecff7695.bundle,跟隆生到地窖電梯,Say,スイ･ニン,5,渡した偽造IDについてだが、実際の身分は調査員ではなく、プロジェクトマネージャーだった。,"건네준 위조 ID 말인데, 실제 신분은 조사원이 아니라, 프로젝트 매니저였다."
scene_day3_scenes_fab_day3_logic_6346ee10c065ccc051a489a1ecff7695.bundle,跟隆生到地窖電梯,Say,リュウセイ･チョウ,4,え？別に何でもよくないっすか？どうせ誰とも会わないっすよ。,네? 딱히 뭐든 상관없지 않아요? 어차피 아무도 안 만날 거예요.
scene_day3_scenes_fab_day3_logic_6346ee10c065ccc051a489a1ecff7695.bundle,跟隆生到地窖電梯,Say,スイ･ニン,6,そうだが、正しい情報を知っているのが大事だ。,"그렇긴 하지만, 정확한 정보를 알고 있는 게 중요하다."
scene_day3_scenes_fab_day3_logic_6346ee10c065ccc051a489a1ecff7695.bundle,跟隆生到地窖電梯,Say,スイ･ニン,7,では、健闘を祈る。,"그럼, 건투를 빈다."
scene_day3_scenes_fab_day3_logic_6346ee10c065ccc051a489a1ecff7695.bundle,在運算核心遇到警衛,Say,リュウセイ･チョウ,0,この廊下、長いっすね。,"이 복도, 기네요."
scene_day3_scenes_fab_day3_logic_6346ee10c065ccc051a489a1ecff7695.bundle,在運算核心遇到警衛,Say,リュウセイ･チョウ,1,じゃ、行こう。,"그럼, 가자."
scene_day3_scenes_fab_day3_logic_6346ee10c065ccc051a489a1ecff7695.bundle,核心事件後回到建修組,Say,リュウセイ･チョウ,0,うぅ、いたっ……！,"으, 아파……!"
scene_day3_scenes_fab_day3_logic_6346ee10c065ccc051a489a1ecff7695.bundle,核心事件後回到建修組,Branch,#Simple,0,今のはなんだ？,방금 그건 뭐지?
scene_day3_scenes_fab_day3_logic_6346ee10c065ccc051a489a1ecff7695.bundle,核心事件後回到建修組,Branch,#Simple,1,大丈夫ですか？,괜찮으세요?
scene_day3_scenes_fab_day3_logic_6346ee10c065ccc051a489a1ecff7695.bundle,核心事件後回到建修組,Say,リュウセイ･チョウ,1,はい、ちょっと痺れてますけど、ハハ……,"네, 좀 저리긴 하지만, 하하……"
scene_day3_scenes_fab_day3_logic_6346ee10c065ccc051a489a1ecff7695.bundle,核心事件後回到建修組,Say,心の声,0,顔色が悪い……,안색이 안 좋다……
scene_day3_scenes_fab_day3_logic_6346ee10c065ccc051a489a1ecff7695.bundle,核心事件後回到建修組,Branch,#Simple,2,……,……
scene_day3_scenes_fab_day3_logic_6346ee10c065ccc051a489a1ecff7695.bundle,核心事件後回到建修組,Say,リュウセイ･チョウ,2,あいつらは傭兵？まさか万象が送り込んだのか？それとも他勢力か……,그놈들은 용병? 설마 완샹이 보낸 건가? 아니면 다른 세력인가……
scene_day3_scenes_fab_day3_logic_6346ee10c065ccc051a489a1ecff7695.bundle,核心事件後回到建修組,Branch,#Simple,3,万象か？なぜ傭兵をここにへ？,완샹인가? 왜 용병을 여기로?
scene_day3_scenes_fab_day3_logic_6346ee10c065ccc051a489a1ecff7695.bundle,核心事件後回到建修組,Say,リュウセイ･チョウ,3,僕にもわからないっすよ……,저도 모르겠어요……
scene_day3_scenes_fab_day3_logic_6346ee10c065ccc051a489a1ecff7695.bundle,核心事件後回到建修組,Say,リュウセイ･チョウ,4,でも傭兵を雇うってことは、公にできないってことですよ……,"근데 용병을 고용한다는 건, 공개적으로 못 하는 일이라는 거잖아요……"
scene_day3_scenes_fab_day3_logic_6346ee10c065ccc051a489a1ecff7695.bundle,核心事件後回到建修組,Branch,#Simple,4,万象の傭兵じゃないと思う。,완샹의 용병은 아닌 것 같아.
scene_day3_scenes_fab_day3_logic_6346ee10c065ccc051a489a1ecff7695.bundle,核心事件後回到建修組,Say,リュウセイ･チョウ,5,だったら、どうやってオペレーションコアに来れたっすか？,"그럼, 어떻게 오퍼레이션 코어에 들어온 거예요?"
scene_day3_scenes_fab_day3_logic_6346ee10c065ccc051a489a1ecff7695.bundle,核心事件後回到建修組,Branch,#Simple,5,俺たちだって来れた。,우리도 들어왔잖아.
scene_day3_scenes_fab_day3_logic_6346ee10c065ccc051a489a1ecff7695.bundle,核心事件後回到建修組,Say,リュウセイ･チョウ,6,それは……,그건……
scene_day3_scenes_fab_day3_logic_6346ee10c065ccc051a489a1ecff7695.bundle,核心事件後回到建修組,Say,リュウセイ･チョウ,7,そうっすね。,그러네요.
scene_day3_scenes_fab_day3_logic_6346ee10c065ccc051a489a1ecff7695.bundle,核心事件後回到建修組,Branch,#Simple,6,そうだな。万象と繋がっているのかもしれない。,그러게. 완샹이랑 연결되어 있을지도 몰라.
scene_day3_scenes_fab_day3_logic_6346ee10c065ccc051a489a1ecff7695.bundle,核心事件後回到建修組,Branch,#Simple,7,……,……
scene_day3_scenes_fab_day3_logic_6346ee10c065ccc051a489a1ecff7695.bundle,核心事件後回到建修組,Say,リュウセイ･チョウ,8,スイ姉たちなら何か知ってるかな……,스이 누나라면 뭔가 알까……
scene_day3_scenes_fab_day3_logic_6346ee10c065ccc051a489a1ecff7695.bundle,核心事件後回到建修組,Branch,#Simple,8,どうだろうな。実際見たわけじゃないからな。,글쎄. 실제로 본 게 아니니까.
scene_day3_scenes_fab_day3_logic_6346ee10c065ccc051a489a1ecff7695.bundle,核心事件後回到建修組,Say,リュウセイ･チョウ,9,彼女たちは沢山の勢力と戦ってきたから、知ってるかもしれないっすよ。,"그 사람들은 많은 세력이랑 싸워왔으니까, 알지도 몰라요."
scene_day3_scenes_fab_day3_logic_6346ee10c065ccc051a489a1ecff7695.bundle,核心事件後回到建修組,Say,リュウセイ･チョウ,10,事細かに説明すれば、わかるはずっす。,"자세히 설명하면, 알 수 있을 거예요."
scene_day3_scenes_fab_day3_logic_6346ee10c065ccc051a489a1ecff7695.bundle,核心事件後回到建修組,Branch,#Simple,9,そういえば、さっきはどうして一人でオペレーションコアに入ったんだ？,"그러고 보니, 아까는 왜 혼자서 오퍼레이션 코어에 들어간 거야?"
scene_day3_scenes_fab_day3_logic_6346ee10c065ccc051a489a1ecff7695.bundle,核心事件後回到建修組,Say,リュウセイ･チョウ,11,後で必ず説明するっす。,나중에 꼭 설명할게요.
scene_day3_scenes_fab_day3_logic_6346ee10c065ccc051a489a1ecff7695.bundle,核心事件後回到建修組,Say,心の声,1,今は言いたくないってことか……,지금은 말하고 싶지 않다는 건가……
scene_day3_scenes_fab_day3_logic_6346ee10c065ccc051a489a1ecff7695.bundle,核心事件後回到建修組,Say,リュウセイ･チョウ,12,……,……
scene_day3_scenes_fab_day3_logic_6346ee10c065ccc051a489a1ecff7695.bundle,核心事件後回到建修組,Say,リュウセイ･チョウ,13,それと……,그리고……
scene_day3_scenes_fab_day3_logic_6346ee10c065ccc051a489a1ecff7695.bundle,核心事件後回到建修組,Branch,#Simple,10,……,……
scene_day3_scenes_fab_day3_logic_6346ee10c065ccc051a489a1ecff7695.bundle,核心事件後回到建修組,Say,リュウセイ･チョウ,14,えっと……,그게……
scene_day3_scenes_fab_day3_logic_6346ee10c065ccc051a489a1ecff7695.bundle,核心事件後回到建修組,Say,リュウセイ･チョウ,15,スイ姉には、僕が一人で入ったことを黙っといてほしいっす。,"스이 누나한테는, 제가 혼자서 들어간 걸 비밀로 해줬으면 해요."
scene_day3_scenes_fab_day3_logic_6346ee10c065ccc051a489a1ecff7695.bundle,核心事件後回到建修組,Branch,#Simple,11,なぜだ？,왜지?
scene_day3_scenes_fab_day3_logic_6346ee10c065ccc051a489a1ecff7695.bundle,核心事件後回到建修組,Say,リュウセイ･チョウ,16,ぼ、僕にも考えがあって……お願いします！,"저, 저도 생각이 있어서……부탁드려요!"
scene_day3_scenes_fab_day3_logic_6346ee10c065ccc051a489a1ecff7695.bundle,核心事件後回到建修組,Branch,#Simple,12,わかった。,알았어.
scene_day3_scenes_fab_day3_logic_6346ee10c065ccc051a489a1ecff7695.bundle,核心事件後回到建修組,Branch,#Simple,13,その時の状況によるな。,그때 상황에 따라 다르지.
scene_day3_scenes_fab_day3_logic_6346ee10c065ccc051a489a1ecff7695.bundle,核心事件後回到建修組,Say,リュウセイ･チョウ,17,そうだな……,그러게……
scene_day3_scenes_fab_day3_logic_6346ee10c065ccc051a489a1ecff7695.bundle,核心事件後回到建修組,Branch,#Simple,14,理由を教えると約束してくれるならな。,이유를 알려준다고 약속하면 말이지.
scene_day3_scenes_fab_day3_logic_6346ee10c065ccc051a489a1ecff7695.bundle,核心事件後回到建修組,Say,リュウセイ･チョウ,18,……わかってるっす。,……알고 있어요.
scene_day3_scenes_fab_day3_logic_6346ee10c065ccc051a489a1ecff7695.bundle,核心事件後回到建修組,Branch,#Simple,15,……,……
scene_day3_scenes_fab_day3_logic_6346ee10c065ccc051a489a1ecff7695.bundle,核心事件後回到建修組,Branch,#Simple,16,いや、彼女に嘘をつく気はない。,"아니, 그녀한테 거짓말할 생각은 없어."
scene_day3_scenes_fab_day3_logic_6346ee10c065ccc051a489a1ecff7695.bundle,核心事件後回到建修組,Say,リュウセイ･チョウ,19,……,……
scene_day3_scenes_fab_day3_logic_6346ee10c065ccc051a489a1ecff7695.bundle,核心事件後回到建修組,Say,リュウセイ･チョウ,20,わかったっす。,알겠어요.
scene_day3_scenes_fab_day3_logic_6346ee10c065ccc051a489a1ecff7695.bundle,核心事件後回到建修組,Branch,#Simple,17,いや、彼女に嘘をつく気はない。,"아니, 그녀한테 거짓말할 생각은 없어."
scene_day3_scenes_fab_day3_logic_6346ee10c065ccc051a489a1ecff7695.bundle,核心事件後回到建修組,Say,リュウセイ･チョウ,21,……,……
scene_day3_scenes_fab_day3_logic_6346ee10c065ccc051a489a1ecff7695.bundle,核心事件後回到建修組,Say,リュウセイ･チョウ,22,わかったっす。,알겠어요.
scene_day3_scenes_fab_day3_logic_6346ee10c065ccc051a489a1ecff7695.bundle,核心事件後回到建修組,Say,リュウセイ･チョウ,23,そうだ！データが……！,맞다! 데이터가……!
scene_day3_scenes_fab_day3_logic_6346ee10c065ccc051a489a1ecff7695.bundle,核心事件後回到建修組,Say,リュウセイ･チョウ,24,ふぅ、落としてなくてよかったっす。,"휴, 안 떨어뜨려서 다행이에요."
scene_day3_scenes_fab_day3_logic_6346ee10c065ccc051a489a1ecff7695.bundle,核心事件後回到建修組,Say,リュウセイ･チョウ,25,後で上に戻ったらスイ姉に連絡して、すぐトラックに戻るっす。,"나중에 위로 돌아가면 스이 누나한테 연락하고, 바로 트럭으로 돌아갈게요."
scene_day3_scenes_fab_day3_logic_6346ee10c065ccc051a489a1ecff7695.bundle,核心事件後回到建修組,Say,リュウセイ･チョウ,26,……こんなことになって、万象はどう動くっすかね。,"……이런 일이 벌어졌는데, 완샹은 어떻게 나올까요."
scene_day3_scenes_fab_day3_logic_6346ee10c065ccc051a489a1ecff7695.bundle,核心事件後回到建修組,Say,リュウセイ･チョウ,27,また警備を強化したりとかして。,또 경비를 강화하거나 그러겠죠.
scene_day3_scenes_fab_day3_logic_6346ee10c065ccc051a489a1ecff7695.bundle,核心事件後回到建修組,Say,リュウセイ･チョウ,28,僕はやっぱり、こんなややこしい事はせずに、セイワ･ゲンを昨日のうちに逮捕しとけば良かったと思うっす。,"저는 역시, 이런 복잡한 일 안 하고, 성화를 어제 바로 체포해뒀으면 좋았을 거라고 생각해요."
scene_day3_scenes_fab_day3_logic_6346ee10c065ccc051a489a1ecff7695.bundle,核心事件後回到建修組,Say,リュウセイ･チョウ,29,ああいうクズは早めに処理するのが一番っす。リンさんが持ち帰った証拠を突きつければ、絶対に逮捕できたはずっす。,"그런 쓰레기는 빨리 처리하는 게 최고예요. 린 씨가 가져온 증거를 들이밀면, 분명 체포할 수 있었을 거예요."
scene_day3_scenes_fab_day3_logic_6346ee10c065ccc051a489a1ecff7695.bundle,核心事件後回到建修組,Say,心の声,2,その考えは正しい気がする……,그 생각이 맞는 것 같기도 하다……
scene_day3_scenes_fab_day3_logic_6346ee10c065ccc051a489a1ecff7695.bundle,核心事件後回到建修組,Branch,#Simple,18,確かにな。黒幕を先に取り押さえられるわけだし。,확실히 그렇네. 배후를 먼저 붙잡을 수 있는 거니까.
scene_day3_scenes_fab_day3_logic_6346ee10c065ccc051a489a1ecff7695.bundle,核心事件後回到建修組,Say,リュウセイ･チョウ,30,でしょう？,그치?
scene_day3_scenes_fab_day3_logic_6346ee10c065ccc051a489a1ecff7695.bundle,核心事件後回到建修組,Branch,#Simple,19,だがスイ･ニンは先に事件の全貌を調査する必要があると言っていた。,근데 스이닝은 먼저 사건의 전모를 조사할 필요가 있다고 했었어.
scene_day3_scenes_fab_day3_logic_6346ee10c065ccc051a489a1ecff7695.bundle,核心事件後回到建修組,Say,リュウセイ･チョウ,31,それはスイ姉個人の意見っす。ジェイの兄貴はどう思うっすか？,그건 스이 누나 개인 의견이에요. 제이 형님은 어떻게 생각해요?
scene_day3_scenes_fab_day3_logic_6346ee10c065ccc051a489a1ecff7695.bundle,核心事件後回到建修組,Branch,#Simple,20,俺もセイワ･ゲンを先に逮捕すべきだと思ってる。,나도 성화를 먼저 체포해야 한다고 생각해.
scene_day3_scenes_fab_day3_logic_6346ee10c065ccc051a489a1ecff7695.bundle,核心事件後回到建修組,Branch,#Simple,21,下調べもなしに行動をすれば、失敗の確率が上がる。,"사전 조사도 없이 행동하면, 실패할 확률이 올라가."
scene_day3_scenes_fab_day3_logic_6346ee10c065ccc051a489a1ecff7695.bundle,核心事件後回到建修組,Branch,#Simple,22,あまり深く考えたくない。スイ･ニンに従えばいいだろ。,너무 깊게 생각하고 싶지 않아. 스이닝을 따르면 되잖아.
scene_day3_scenes_fab_day3_logic_6346ee10c065ccc051a489a1ecff7695.bundle,核心事件後回到建修組,Say,リュウセイ･チョウ,32,……,……
scene_day3_scenes_fab_day3_logic_6346ee10c065ccc051a489a1ecff7695.bundle,核心事件後回到建修組,Branch,#Simple,23,……,……
scene_day3_scenes_fab_day3_logic_6346ee10c065ccc051a489a1ecff7695.bundle,核心事件後回到建修組,Say,リュウセイ･チョウ,33,もし今回盗み出したデータから何も情報がなければ……,만약 이번에 빼낸 데이터에서 아무 정보도 없으면……
scene_day3_scenes_fab_day3_logic_6346ee10c065ccc051a489a1ecff7695.bundle,核心事件後回到建修組,Say,リュウセイ･チョウ,34,……,……
scene_day3_scenes_fab_day3_logic_6346ee10c065ccc051a489a1ecff7695.bundle,核心事件後回到建修組,Say,リュウセイ･チョウ,35,先にセイワ･ゲンを逮捕するべきだって、スイ姉を説得するつもりっす。,"먼저 성화를 체포해야 한다고, 스이 누나를 설득할 생각이에요."
scene_day3_scenes_fab_day3_logic_6346ee10c065ccc051a489a1ecff7695.bundle,核心事件後回到建修組,Say,リュウセイ･チョウ,36,僕の味方をしてくれますか？,제 편 들어주실 거예요?
scene_day3_scenes_fab_day3_logic_6346ee10c065ccc051a489a1ecff7695.bundle,核心事件後回到建修組,Branch,#Simple,24,もちろんだ。俺も最初からそうするべきだと思っていた。,물론이지. 나도 처음부터 그래야 한다고 생각했었어.
scene_day3_scenes_fab_day3_logic_6346ee10c065ccc051a489a1ecff7695.bundle,核心事件後回到建修組,Say,リュウセイ･チョウ,37,よっしゃー。ジェイさんも味方してくれるし、さっきあんなことが起きたなら……,"좋았어. 제이 씨도 편들어주고, 아까 그런 일도 있었으니까……"
scene_day3_scenes_fab_day3_logic_6346ee10c065ccc051a489a1ecff7695.bundle,核心事件後回到建修組,Say,リュウセイ･チョウ,38,スイ姉もきっと考えを変えてくれるはずっす。,스이 누나도 분명 생각을 바꿔줄 거예요.
scene_day3_scenes_fab_day3_logic_6346ee10c065ccc051a489a1ecff7695.bundle,核心事件後回到建修組,Branch,#Simple,25,悪いが、それでも調べてから逮捕すべきだと思う。,"미안하지만, 그래도 조사하고 나서 체포해야 한다고 생각해."
scene_day3_scenes_fab_day3_logic_6346ee10c065ccc051a489a1ecff7695.bundle,核心事件後回到建修組,Say,リュウセイ･チョウ,39,……調べる？,……조사요?
scene_day3_scenes_fab_day3_logic_6346ee10c065ccc051a489a1ecff7695.bundle,核心事件後回到建修組,Say,リュウセイ･チョウ,40,スイ姉みたいな言い方っすね……,스이 누나 같은 말투네요……
scene_day3_scenes_fab_day3_logic_6346ee10c065ccc051a489a1ecff7695.bundle,核心事件後回到建修組,Branch,#Simple,26,何か問題でもあるのか？,무슨 문제라도 있어?
scene_day3_scenes_fab_day3_logic_6346ee10c065ccc051a489a1ecff7695.bundle,核心事件後回到建修組,Branch,#Simple,27,嫌なのか？,싫은 거야?
scene_day3_scenes_fab_day3_logic_6346ee10c065ccc051a489a1ecff7695.bundle,核心事件後回到建修組,Say,リュウセイ･チョウ,41,いや、ただ……,"아니, 그냥……"
scene_day3_scenes_fab_day3_logic_6346ee10c065ccc051a489a1ecff7695.bundle,核心事件後回到建修組,Branch,#Simple,28,……,……
scene_day3_scenes_fab_day3_logic_6346ee10c065ccc051a489a1ecff7695.bundle,核心事件後回到建修組,Say,リュウセイ･チョウ,42,最初は逮捕すべきって言ってたじゃないっすか……,처음엔 체포해야 한다고 말했었잖아요……
scene_day3_scenes_fab_day3_logic_6346ee10c065ccc051a489a1ecff7695.bundle,核心事件後回到建修組,Say,リュウセイ･チョウ,43,なんでまた……,왜 또……
scene_day3_scenes_fab_day3_logic_6346ee10c065ccc051a489a1ecff7695.bundle,核心事件後回到建修組,Say,リュウセイ･チョウ,44,皆、ロボットかのように、全体だとか、理性だとかの話ばかりで……,"다들, 로봇처럼, 전체가 어쩌니, 이성이 어쩌니 하는 얘기만 하고……"
scene_day3_scenes_fab_day3_logic_6346ee10c065ccc051a489a1ecff7695.bundle,核心事件後回到建修組,Say,リュウセイ･チョウ,45,別に間違ってるとは言わないっすけど……,딱히 틀렸다고는 안 하겠지만요……
scene_day3_scenes_fab_day3_logic_6346ee10c065ccc051a489a1ecff7695.bundle,核心事件後回到建修組,Say,リュウセイ･チョウ,46,どうしてあんなクズを野放しにして、冷静でいられるのか、僕にはわかんないっす……,"왜 그런 쓰레기를 방치해두고, 침착할 수 있는 건지, 저는 모르겠어요……"
scene_day3_scenes_fab_day3_logic_6346ee10c065ccc051a489a1ecff7695.bundle,核心事件後回到建修組,Say,リュウセイ･チョウ,47,えっと……,그게……
scene_day3_scenes_fab_day3_logic_6346ee10c065ccc051a489a1ecff7695.bundle,核心事件後回到建修組,Branch,#Simple,29,俺たちが冷酷だと言いたいのか？,우리가 냉혹하다고 말하고 싶은 거야?
scene_day3_scenes_fab_day3_logic_6346ee10c065ccc051a489a1ecff7695.bundle,核心事件後回到建修組,Say,リュウセイ･チョウ,48,……少しは。,……조금은요.
scene_day3_scenes_fab_day3_logic_6346ee10c065ccc051a489a1ecff7695.bundle,核心事件後回到建修組,Branch,#Simple,30,俺は冷静でいようとしているだけで、怒っていないわけじゃない。,"나는 그냥 침착하려고 하는 것뿐이지, 화가 안 난 게 아니야."
scene_day3_scenes_fab_day3_logic_6346ee10c065ccc051a489a1ecff7695.bundle,核心事件後回到建修組,Say,リュウセイ･チョウ,49,……,……
scene_day3_scenes_fab_day3_logic_6346ee10c065ccc051a489a1ecff7695.bundle,核心事件後回到建修組,Say,リュウセイ･チョウ,50,ああ。,아.
scene_day3_scenes_fab_day3_logic_6346ee10c065ccc051a489a1ecff7695.bundle,核心事件後回到建修組,Branch,#Simple,31,……,……
scene_day3_scenes_fab_day3_logic_6346ee10c065ccc051a489a1ecff7695.bundle,核心事件後回到建修組,Say,リュウセイ･チョウ,51,……この話はまた後にしましょう。,……이 얘기는 나중에 다시 하죠.
scene_day3_scenes_fab_day3_logic_6346ee10c065ccc051a489a1ecff7695.bundle,核心事件後回到建修組,Branch,#Simple,32,味方も何も、討論すれば最適な結論が出るはずだ。,"편이고 뭐고, 토론하면 최선의 결론이 나올 거야."
scene_day3_scenes_fab_day3_logic_6346ee10c065ccc051a489a1ecff7695.bundle,核心事件後回到建修組,Say,リュウセイ･チョウ,52,あ、もうすぐっす。,"아, 곧이에요."
scene_day3_scenes_fab_day3_logic_6346ee10c065ccc051a489a1ecff7695.bundle,核心事件後回到建修組,Say,リュウセイ･チョウ,53,ジェイさん、ここから出た後はできるだけ早く撤退した方がいいと思うっす……,"제이 씨, 여기서 나간 후엔 최대한 빨리 철수하는 게 좋을 것 같아요……"
scene_day3_scenes_fab_day3_logic_6346ee10c065ccc051a489a1ecff7695.bundle,核心事件後回到建修組,Branch,#Simple,33,サイレントからか？,사일런트에서?
scene_day3_scenes_fab_day3_logic_6346ee10c065ccc051a489a1ecff7695.bundle,核心事件後回到建修組,Say,リュウセイ･チョウ,54,はい、ここは危ないと思うっす。,"네, 여긴 위험할 것 같아요."
scene_day3_scenes_fab_day3_logic_6346ee10c065ccc051a489a1ecff7695.bundle,核心事件後回到建修組,Branch,#Simple,34,エレベーターから出た瞬間に逮捕されるかもしれないな。,엘리베이터에서 나온 순간에 체포될지도 모르겠네.
scene_day3_scenes_fab_day3_logic_6346ee10c065ccc051a489a1ecff7695.bundle,核心事件後回到建修組,Say,リュウセイ･チョウ,55,……,……
scene_day3_scenes_fab_day3_logic_6346ee10c065ccc051a489a1ecff7695.bundle,核心事件後回到建修組,Say,心の声,3,眉をひそめた……,미간을 찌푸렸다……
scene_day3_scenes_fab_day3_logic_6346ee10c065ccc051a489a1ecff7695.bundle,核心事件後回到建修組,Say,リュウセイ･チョウ,56,そ、そんなことないっすよね、ハハハ……,"그, 그럴 리 없죠, 하하하……"
scene_day3_scenes_fab_day3_logic_6346ee10c065ccc051a489a1ecff7695.bundle,核心事件後回到建修組,Branch,#Simple,35,……,……
scene_day3_scenes_fab_day3_logic_6346ee10c065ccc051a489a1ecff7695.bundle,核心事件後回到建修組,Say,リュウセイ･チョウ,57,ここの電波は遮断されているから、万象に通知が行くまで時間がかかるし、撤退時間はあるはずっす。,"여긴 전파가 차단되어 있으니까, 완샹한테 통보가 가기까지 시간이 걸리고, 철수할 시간은 있을 거예요."
scene_day3_scenes_fab_day3_logic_6346ee10c065ccc051a489a1ecff7695.bundle,核心事件後回到建修組,Branch,#Simple,36,素早い行動を心がけるに越したことはない。,재빠르게 행동하는 것보다 나은 건 없지.
scene_day3_scenes_fab_day3_logic_6346ee10c065ccc051a489a1ecff7695.bundle,核心事件後回到建修組,Say,リュウセイ･チョウ,58,確かにそうですね。,확실히 그렇네요.
scene_day3_scenes_fab_day3_logic_6346ee10c065ccc051a489a1ecff7695.bundle,核心事件後回到建修組,Branch,#Simple,37,今サイレントから出たら疑われないか？,지금 사일런트에서 나가면 의심받지 않을까?
scene_day3_scenes_fab_day3_logic_6346ee10c065ccc051a489a1ecff7695.bundle,核心事件後回到建修組,Say,リュウセイ･チョウ,59,ああ！確かに。,아! 확실히.
scene_day3_scenes_fab_day3_logic_6346ee10c065ccc051a489a1ecff7695.bundle,核心事件後回到建修組,Say,リュウセイ･チョウ,60,まぁ、スイ姉がどう判断するかはわからないっすけど……,"뭐, 스이 누나가 어떻게 판단할지는 모르겠지만……"
scene_day3_scenes_fab_day3_logic_6346ee10c065ccc051a489a1ecff7695.bundle,核心事件後回到建修組,Say,リュウセイ･チョウ,61,23姉がきっと僕たちの進入記録を消してくれてるはずっすよ。,23호 누나가 분명 우리 진입 기록을 지워줬을 거예요.
scene_day3_scenes_fab_day3_logic_6346ee10c065ccc051a489a1ecff7695.bundle,核心事件後回到建修組,Branch,#Simple,38,……,……
scene_day3_scenes_fab_day3_logic_6346ee10c065ccc051a489a1ecff7695.bundle,核心事件後回到建修組,Say,リュウセイ･チョウ,62,着いたっす。行きましょう。,도착했어요. 가시죠.
scene_day3_scenes_fab_day3_logic_6346ee10c065ccc051a489a1ecff7695.bundle,最後回到或車上後,Say,リン･テイ,0,ジェイ！！！,제이!!!
scene_day3_scenes_fab_day3_logic_6346ee10c065ccc051a489a1ecff7695.bundle,最後回到或車上後,Say,スイ･ニン,0,怪我は？,다친 데는?
scene_day3_scenes_fab_day3_logic_6346ee10c065ccc051a489a1ecff7695.bundle,最後回到或車上後,Say,リュウセイ･チョウ,0,大丈夫っす。,괜찮아요.
scene_day3_scenes_fab_day3_logic_6346ee10c065ccc051a489a1ecff7695.bundle,最後回到或車上後,Branch,#Simple,0,無事だ。,무사하다.
scene_day3_scenes_fab_day3_logic_6346ee10c065ccc051a489a1ecff7695.bundle,最後回到或車上後,Branch,#Simple,1,大した問題はない。,큰 문제는 없다.
scene_day3_scenes_fab_day3_logic_6346ee10c065ccc051a489a1ecff7695.bundle,最後回到或車上後,Branch,#Simple,2,リュウセイは深手を負ったはずだ。,류세이는 큰 부상을 입었을 거다.
scene_day3_scenes_fab_day3_logic_6346ee10c065ccc051a489a1ecff7695.bundle,最後回到或車上後,Say,スイ･ニン,1,今すぐ傷口を見せろ。,지금 당장 상처를 보여줘.
scene_day3_scenes_fab_day3_logic_6346ee10c065ccc051a489a1ecff7695.bundle,最後回到或車上後,Say,リュウセイ･チョウ,1,ま、待ってください……！,"자, 잠깐만요……!"
scene_day3_scenes_fab_day3_logic_6346ee10c065ccc051a489a1ecff7695.bundle,最後回到或車上後,Say,リュウセイ･チョウ,2,確かに怪我はしてるけど、大したことじゃないっす！本当っすよ！,"확실히 다치긴 했는데, 별거 아니에요! 진짜라니까요!"
scene_day3_scenes_fab_day3_logic_6346ee10c065ccc051a489a1ecff7695.bundle,最後回到或車上後,Say,リュウセイ･チョウ,3,それに早くここから出るのが先決っすよ。,게다가 빨리 여기서 나가는 게 우선이잖아요.
scene_day3_scenes_fab_day3_logic_6346ee10c065ccc051a489a1ecff7695.bundle,最後回到或車上後,Say,スイ･ニン,2,……,……
scene_day3_scenes_fab_day3_logic_6346ee10c065ccc051a489a1ecff7695.bundle,最後回到或車上後,Say,スイ･ニン,3,23号、万象の反応は？,"23호, 완샹의 반응은?"
scene_day3_scenes_fab_day3_logic_6346ee10c065ccc051a489a1ecff7695.bundle,最後回到或車上後,Say,23,0,公の通信にはまだ何も。でも撤退した方がいいと思う。,공식 통신엔 아직 아무것도 없어. 근데 철수하는 게 좋을 것 같아.
scene_day3_scenes_fab_day3_logic_6346ee10c065ccc051a489a1ecff7695.bundle,最後回到或車上後,Say,スイ･ニン,4,では、撤退だ。,"그럼, 철수다."
scene_day3_scenes_fab_day3_logic_6346ee10c065ccc051a489a1ecff7695.bundle,最後回到或車上後,Say,23,1,了解。,알겠습니다.
scene_day3_scenes_fab_day3_logic_6346ee10c065ccc051a489a1ecff7695.bundle,廁所撞見球穩二人,Say,イエホン･キュウ,0,ほら、彼だって言ったろう？声を聞けばわかるんだ。,"거 봐, 쟤라고 했잖아? 목소리 들으면 알지."
scene_day3_scenes_fab_day3_logic_6346ee10c065ccc051a489a1ecff7695.bundle,廁所撞見球穩二人,Say,タイミン･ソウ,0,……,……
scene_day3_scenes_fab_day3_logic_6346ee10c065ccc051a489a1ecff7695.bundle,廁所撞見球穩二人,Say,イエホン･キュウ,1,ジェイ！ウンコしながら電話してるの？,제이! 응가하면서 통화하고 있는 거야?
scene_day3_scenes_fab_day3_logic_6346ee10c065ccc051a489a1ecff7695.bundle,廁所撞見球穩二人,Say,タイミン･ソウ,1,はぁ？何を言ってるんだ、失礼だろ。,"하? 뭔 소리야, 실례잖아."
scene_day3_scenes_fab_day3_logic_6346ee10c065ccc051a489a1ecff7695.bundle,廁所撞見球穩二人,Branch,#Simple,0,着替えているだけだ。,그냥 옷 갈아입는 것뿐이다.
scene_day3_scenes_fab_day3_logic_6346ee10c065ccc051a489a1ecff7695.bundle,廁所撞見球穩二人,Say,イエホン･キュウ,2,そうか。,그렇구나.
scene_day3_scenes_fab_day3_logic_6346ee10c065ccc051a489a1ecff7695.bundle,廁所撞見球穩二人,Say,タイミン･ソウ,2,何でがっかりするんだよ……,왜 실망하는 건데……
scene_day3_scenes_fab_day3_logic_6346ee10c065ccc051a489a1ecff7695.bundle,廁所撞見球穩二人,Branch,#Simple,1,そうだけど、匂う？,"그렇긴 한데, 냄새나?"
scene_day3_scenes_fab_day3_logic_6346ee10c065ccc051a489a1ecff7695.bundle,廁所撞見球穩二人,Say,イエホン･キュウ,3,いやいや！,아니아니!
scene_day3_scenes_fab_day3_logic_6346ee10c065ccc051a489a1ecff7695.bundle,廁所撞見球穩二人,Say,イエホン･キュウ,4,むしろ良い匂いがする。,오히려 좋은 냄새 나는데.
scene_day3_scenes_fab_day3_logic_6346ee10c065ccc051a489a1ecff7695.bundle,廁所撞見球穩二人,Say,タイミン･ソウ,3,バカ！,바보야!
scene_day3_scenes_fab_day3_logic_6346ee10c065ccc051a489a1ecff7695.bundle,廁所撞見球穩二人,Say,タイミン･ソウ,4,もう行きますよ。,이제 갈게요.
scene_day3_scenes_fab_day3_logic_6346ee10c065ccc051a489a1ecff7695.bundle,廁所撞見球穩二人,Say,イエホン･キュウ,5,また後でね。,또 이따 봐.
scene_day3_scenes_fab_day3_logic_6346ee10c065ccc051a489a1ecff7695.bundle,廁所撞見球穩二人,Say,心の声,0,あの二人は何をしてるんだ……,저 둘은 뭘 하고 있는 거지……
scene_day3_scenes_fab_day3_logic_6346ee10c065ccc051a489a1ecff7695.bundle,廁所撞見球穩二人,Say,心の声,1,……,……
scene_day3_scenes_fab_day3_logic_6346ee10c065ccc051a489a1ecff7695.bundle,廁所撞見球穩二人,Say,心の声,2,後は契約室か……,다음은 계약실인가……
scene_day3_scenes_fab_day3_logic_6346ee10c065ccc051a489a1ecff7695.bundle,找球球幫忙,Branch,#Simple,0,まだここにいたのか？,아직 여기 있었어?
scene_day3_scenes_fab_day3_logic_6346ee10c065ccc051a489a1ecff7695.bundle,找球球幫忙,Say,イエホン･キュウ,0,選ぶの大変なんだよ！,고르는 게 힘들다고!
scene_day3_scenes_fab_day3_logic_6346ee10c065ccc051a489a1ecff7695.bundle,找球球幫忙,Branch,#Simple,1,やあ。,야.
scene_day3_scenes_fab_day3_logic_6346ee10c065ccc051a489a1ecff7695.bundle,找球球幫忙,Say,イエホン･キュウ,1,やあ。,야.
scene_day3_scenes_fab_day3_logic_6346ee10c065ccc051a489a1ecff7695.bundle,找球球幫忙,Say,イエホン･キュウ,2,どうした？何か用？,왜 그래? 무슨 볼일이야?
scene_day3_scenes_fab_day3_logic_6346ee10c065ccc051a489a1ecff7695.bundle,找球球幫忙,Branch,#Simple,2,実は手伝ってほしいことがあるんだ。,실은 도와줬으면 하는 게 있어서.
scene_day3_scenes_fab_day3_logic_6346ee10c065ccc051a489a1ecff7695.bundle,找球球幫忙,Say,イエホン･キュウ,3,おっ、なになに？,"오, 뭔데뭔데?"
scene_day3_scenes_fab_day3_logic_6346ee10c065ccc051a489a1ecff7695.bundle,找球球幫忙,Branch,#Simple,3,いや、何でもない。,"아니, 아무것도 아니야."
scene_day3_scenes_fab_day3_logic_6346ee10c065ccc051a489a1ecff7695.bundle,找球球幫忙,Say,イエホン･キュウ,4,え？変なの。,어? 이상하네.
scene_day3_scenes_fab_day3_logic_6346ee10c065ccc051a489a1ecff7695.bundle,找球球幫忙,Branch,#Simple,4,マネージャーのオフィスに入りたい。,매니저 사무실에 들어가고 싶어.
scene_day3_scenes_fab_day3_logic_6346ee10c065ccc051a489a1ecff7695.bundle,找球球幫忙,Say,イエホン･キュウ,5,前回みたいに？,지난번처럼?
scene_day3_scenes_fab_day3_logic_6346ee10c065ccc051a489a1ecff7695.bundle,找球球幫忙,Branch,#Simple,5,シンホン･ゴウを手伝って扉を開けたんだろう？,신홍 고우 도와서 문 열었었잖아?
scene_day3_scenes_fab_day3_logic_6346ee10c065ccc051a489a1ecff7695.bundle,找球球幫忙,Say,イエホン･キュウ,6,ああ、扉を開けたいの？,"아, 문 열고 싶은 거야?"
scene_day3_scenes_fab_day3_logic_6346ee10c065ccc051a489a1ecff7695.bundle,找球球幫忙,Say,23,0,そんな裏技があるの！？,그런 꼼수가 있었어!?
scene_day3_scenes_fab_day3_logic_6346ee10c065ccc051a489a1ecff7695.bundle,找球球幫忙,Say,イエホン･キュウ,7,えっ、えええぇ……,"어, 어어어……"
scene_day3_scenes_fab_day3_logic_6346ee10c065ccc051a489a1ecff7695.bundle,找球球幫忙,Say,イエホン･キュウ,8,実はその後、マネージャーにバレて散々怒られたんだ。,"실은 그 후에, 매니저한테 들켜서 엄청 혼났었어."
scene_day3_scenes_fab_day3_logic_6346ee10c065ccc051a489a1ecff7695.bundle,找球球幫忙,Say,イエホン･キュウ,9,マネージャーは最初から僕たちを疑ってたらしく、監視カメラの映像を調べたみたいでね。,"매니저는 처음부터 우리를 의심하고 있었던 건지, 감시 카메라 영상을 조사했더라고."
scene_day3_scenes_fab_day3_logic_6346ee10c065ccc051a489a1ecff7695.bundle,找球球幫忙,Say,イエホン･キュウ,10,それでバレちゃった……,그래서 들켜버렸어……
scene_day3_scenes_fab_day3_logic_6346ee10c065ccc051a489a1ecff7695.bundle,找球球幫忙,Say,イエホン･キュウ,11,僕もシンホンも減給されちゃったよ。,나도 신홍도 감봉당했어.
scene_day3_scenes_fab_day3_logic_6346ee10c065ccc051a489a1ecff7695.bundle,找球球幫忙,Branch,#Simple,6,それは申し訳ない。,그건 미안하네.
scene_day3_scenes_fab_day3_logic_6346ee10c065ccc051a489a1ecff7695.bundle,找球球幫忙,Branch,#Simple,7,結構な額を減給されたのか？,꽤 많이 감봉당한 거야?
scene_day3_scenes_fab_day3_logic_6346ee10c065ccc051a489a1ecff7695.bundle,找球球幫忙,Say,イエホン･キュウ,12,すまない、気にしないでくれ。,"미안, 신경 쓰지 마."
scene_day3_scenes_fab_day3_logic_6346ee10c065ccc051a489a1ecff7695.bundle,找球球幫忙,Branch,#Simple,8,俺も減給を喰らうべきだった。,나도 감봉당했어야 했는데.
scene_day3_scenes_fab_day3_logic_6346ee10c065ccc051a489a1ecff7695.bundle,找球球幫忙,Say,イエホン･キュウ,13,ジェイは何もしてないだろう？,제이는 아무것도 안 했잖아?
scene_day3_scenes_fab_day3_logic_6346ee10c065ccc051a489a1ecff7695.bundle,找球球幫忙,Say,イエホン･キュウ,14,むしろ何かしてたとしても、誰も罰することはできないと思う。,"오히려 뭔가 했더라도, 아무도 벌줄 순 없었을 것 같아."
scene_day3_scenes_fab_day3_logic_6346ee10c065ccc051a489a1ecff7695.bundle,找球球幫忙,Say,イエホン･キュウ,15,あの時ばあさんを止められてたらな……,그때 할망구를 막을 수 있었으면 좋았을 텐데……
scene_day3_scenes_fab_day3_logic_6346ee10c065ccc051a489a1ecff7695.bundle,找球球幫忙,Branch,#Simple,9,すまない！,미안해!
scene_day3_scenes_fab_day3_logic_6346ee10c065ccc051a489a1ecff7695.bundle,找球球幫忙,Branch,#Simple,10,俺もできる限りのことはしたつもりだ！,나도 할 수 있는 만큼은 했다고 생각해!
scene_day3_scenes_fab_day3_logic_6346ee10c065ccc051a489a1ecff7695.bundle,找球球幫忙,Branch,#Simple,11,……,……
scene_day3_scenes_fab_day3_logic_6346ee10c065ccc051a489a1ecff7695.bundle,找球球幫忙,Say,イエホン･キュウ,16,ハハハ、はいはい！,"하하하, 네네!"
scene_day3_scenes_fab_day3_logic_6346ee10c065ccc051a489a1ecff7695.bundle,找球球幫忙,Branch,#Simple,12,……,……
scene_day3_scenes_fab_day3_logic_6346ee10c065ccc051a489a1ecff7695.bundle,找球球幫忙,Say,イエホン･キュウ,17,ごめんね、そんな事があって、今はもう怖くてできないんだ。,"미안, 그런 일이 있어서, 지금은 이제 무서워서 못 하겠어."
scene_day3_scenes_fab_day3_logic_6346ee10c065ccc051a489a1ecff7695.bundle,找球球幫忙,Branch,#Simple,13,わかった。,알았어.
scene_day3_scenes_fab_day3_logic_6346ee10c065ccc051a489a1ecff7695.bundle,找球球幫忙,Say,イエホン･キュウ,18,すまないね。,미안한데.
scene_day3_scenes_fab_day3_logic_6346ee10c065ccc051a489a1ecff7695.bundle,找球球幫忙,Branch,#Simple,14,あの時、いつでも頼ってくれって言ってくれたはずだ。,"그때, 언제든 의지하라고 말했었잖아."
scene_day3_scenes_fab_day3_logic_6346ee10c065ccc051a489a1ecff7695.bundle,找球球幫忙,Say,イエホン･キュウ,19,あの時はまだ、ばあさんにバレてなかったからさ。,"그때는 아직, 할망구한테 안 들켰었으니까."
scene_day3_scenes_fab_day3_logic_6346ee10c065ccc051a489a1ecff7695.bundle,找球球幫忙,Branch,#Simple,15,頼む。,부탁이야.
scene_day3_scenes_fab_day3_logic_6346ee10c065ccc051a489a1ecff7695.bundle,找球球幫忙,Say,イエホン･キュウ,20,そうだな……,그러게……
scene_day3_scenes_fab_day3_logic_6346ee10c065ccc051a489a1ecff7695.bundle,找球球幫忙,Say,イエホン･キュウ,21,じゃ、どうしてばあさんのオフィスに入りたいのかを教えて。,"그럼, 왜 할망구 사무실에 들어가고 싶은지 알려줘."
scene_day3_scenes_fab_day3_logic_6346ee10c065ccc051a489a1ecff7695.bundle,找球球幫忙,Branch,#Simple,16,中に忘れものをしたんだ。,안에 물건을 놓고 왔어.
scene_day3_scenes_fab_day3_logic_6346ee10c065ccc051a489a1ecff7695.bundle,找球球幫忙,Say,イエホン･キュウ,22,忘れ物ってなに？,놓고 온 게 뭔데?
scene_day3_scenes_fab_day3_logic_6346ee10c065ccc051a489a1ecff7695.bundle,找球球幫忙,Branch,#Simple,17,仕事に使うものだ。,업무에 쓰는 물건이야.
scene_day3_scenes_fab_day3_logic_6346ee10c065ccc051a489a1ecff7695.bundle,找球球幫忙,Say,イエホン･キュウ,23,シンホンと同じだな。,신홍이랑 똑같네.
scene_day3_scenes_fab_day3_logic_6346ee10c065ccc051a489a1ecff7695.bundle,找球球幫忙,Say,イエホン･キュウ,24,……,……
scene_day3_scenes_fab_day3_logic_6346ee10c065ccc051a489a1ecff7695.bundle,找球球幫忙,Say,イエホン･キュウ,25,でも、もしまたばあさんに捕まったら……,"근데, 만약 또 할망구한테 걸리면……"
scene_day3_scenes_fab_day3_logic_6346ee10c065ccc051a489a1ecff7695.bundle,找球球幫忙,Branch,#Simple,18,ばあさんはもういないだろう？,할망구는 이제 없잖아?
scene_day3_scenes_fab_day3_logic_6346ee10c065ccc051a489a1ecff7695.bundle,找球球幫忙,Say,イエホン･キュウ,26,そっか！,그렇지!
scene_day3_scenes_fab_day3_logic_6346ee10c065ccc051a489a1ecff7695.bundle,找球球幫忙,Say,イエホン･キュウ,27,そうだな……,그러게……
scene_day3_scenes_fab_day3_logic_6346ee10c065ccc051a489a1ecff7695.bundle,找球球幫忙,Branch,#Simple,19,捕まったりはしない！,안 걸려!
scene_day3_scenes_fab_day3_logic_6346ee10c065ccc051a489a1ecff7695.bundle,找球球幫忙,Say,イエホン･キュウ,28,そうは言うけどさ。,그렇게 말은 하지만.
scene_day3_scenes_fab_day3_logic_6346ee10c065ccc051a489a1ecff7695.bundle,找球球幫忙,Branch,#Simple,20,……,……
scene_day3_scenes_fab_day3_logic_6346ee10c065ccc051a489a1ecff7695.bundle,找球球幫忙,Say,イエホン･キュウ,29,やっぱやめておくよ。,역시 관둘게.
scene_day3_scenes_fab_day3_logic_6346ee10c065ccc051a489a1ecff7695.bundle,找球球幫忙,Branch,#Simple,21,個人的なものだ。,개인적인 거야.
scene_day3_scenes_fab_day3_logic_6346ee10c065ccc051a489a1ecff7695.bundle,找球球幫忙,Say,イエホン･キュウ,30,個人的なもの？ちなみに何？,개인적인 거? 그게 뭔데?
scene_day3_scenes_fab_day3_logic_6346ee10c065ccc051a489a1ecff7695.bundle,找球球幫忙,Branch,#Simple,22,言いたくない。,말하기 싫어.
scene_day3_scenes_fab_day3_logic_6346ee10c065ccc051a489a1ecff7695.bundle,找球球幫忙,Say,イエホン･キュウ,31,えぇ？じゃ僕も手伝いたくないな。,에? 그럼 나도 돕고 싶지 않은데.
scene_day3_scenes_fab_day3_logic_6346ee10c065ccc051a489a1ecff7695.bundle,找球球幫忙,Branch,#Simple,23,とにかく大事な物なんだ。,아무튼 중요한 물건이야.
scene_day3_scenes_fab_day3_logic_6346ee10c065ccc051a489a1ecff7695.bundle,找球球幫忙,Say,イエホン･キュウ,32,大事か……,중요한가……
scene_day3_scenes_fab_day3_logic_6346ee10c065ccc051a489a1ecff7695.bundle,找球球幫忙,Branch,#Simple,24,何だっていいだろう。,뭐든 상관없잖아.
scene_day3_scenes_fab_day3_logic_6346ee10c065ccc051a489a1ecff7695.bundle,找球球幫忙,Say,イエホン･キュウ,33,まあ……,뭐……
scene_day3_scenes_fab_day3_logic_6346ee10c065ccc051a489a1ecff7695.bundle,找球球幫忙,Say,イエホン･キュウ,34,それもそうだね。,그것도 그러네.
scene_day3_scenes_fab_day3_logic_6346ee10c065ccc051a489a1ecff7695.bundle,找球球幫忙,Say,心の声,0,優しいな。,착하네.
scene_day3_scenes_fab_day3_logic_6346ee10c065ccc051a489a1ecff7695.bundle,找球球幫忙,Branch,#Simple,25,……,……
scene_day3_scenes_fab_day3_logic_6346ee10c065ccc051a489a1ecff7695.bundle,找球球幫忙,Say,イエホン･キュウ,35,やっぱやめておくよ。,역시 관둘게.
scene_day3_scenes_fab_day3_logic_6346ee10c065ccc051a489a1ecff7695.bundle,找球球幫忙,Branch,#Simple,26,家の鍵なんだ。,집 열쇠야.
scene_day3_scenes_fab_day3_logic_6346ee10c065ccc051a489a1ecff7695.bundle,找球球幫忙,Say,イエホン･キュウ,36,ただの鍵ならそんなに引っ張るなよ。,그냥 열쇠면 그렇게 뜸 들이지 마.
scene_day3_scenes_fab_day3_logic_6346ee10c065ccc051a489a1ecff7695.bundle,找球球幫忙,Say,イエホン･キュウ,37,でも、どうしてばあさんのオフィスに鍵を落としたんだ？,"근데, 왜 할망구 사무실에 열쇠를 떨어뜨린 거야?"
scene_day3_scenes_fab_day3_logic_6346ee10c065ccc051a489a1ecff7695.bundle,找球球幫忙,Branch,#Simple,27,そこは重要じゃないだろ。頼む、手伝ってくれ。,"그건 중요하지 않잖아. 부탁이야, 도와줘."
scene_day3_scenes_fab_day3_logic_6346ee10c065ccc051a489a1ecff7695.bundle,找球球幫忙,Branch,#Simple,28,うっかり落としたんだ。,실수로 떨어뜨렸어.
scene_day3_scenes_fab_day3_logic_6346ee10c065ccc051a489a1ecff7695.bundle,找球球幫忙,Say,イエホン･キュウ,38,わかった。わかったよ！,알았어. 알았다고!
scene_day3_scenes_fab_day3_logic_6346ee10c065ccc051a489a1ecff7695.bundle,找球球幫忙,Say,イエホン･キュウ,39,一回だけだからね！あーあ、いつでも頼れなんて言うんじゃなかった！,"한 번뿐이야! 아, 언제든 의지하라고 말하는 게 아니었는데!"
scene_day3_scenes_fab_day3_logic_6346ee10c065ccc051a489a1ecff7695.bundle,找球球幫忙,Say,イエホン･キュウ,40,じゃ、行くよ！,"그럼, 갈게!"
scene_day3_scenes_fab_day3_logic_6346ee10c065ccc051a489a1ecff7695.bundle,找球球幫忙,Branch,#Simple,29,それは教えられない。,그건 못 알려줘.
scene_day3_scenes_fab_day3_logic_6346ee10c065ccc051a489a1ecff7695.bundle,找球球幫忙,Branch,#Simple,30,……,……
scene_day3_scenes_fab_day3_logic_6346ee10c065ccc051a489a1ecff7695.bundle,找球球幫忙,Say,イエホン･キュウ,41,まだ情報セキュリティー部の調査が終わってないから、バレたら大変なんだ。,"아직 정보 보안부 조사가 안 끝나서, 들키면 큰일 나."
scene_day3_scenes_fab_day3_logic_6346ee10c065ccc051a489a1ecff7695.bundle,找球球幫忙,Say,イエホン･キュウ,42,悪いね！,미안해!
scene_day3_scenes_fab_day3_logic_6346ee10c065ccc051a489a1ecff7695.bundle,找球球幫忙,Say,イエホン･キュウ,43,もちろんいいよ！,물론 좋아!
scene_day3_scenes_fab_day3_logic_6346ee10c065ccc051a489a1ecff7695.bundle,找球球幫忙,Say,心の声,1,優しいな。,착하네.
scene_day3_scenes_fab_day3_logic_6346ee10c065ccc051a489a1ecff7695.bundle,找球球幫忙,Say,イエホン･キュウ,44,でもどうしてばあさんのオフィスに入りたいんだ？,근데 왜 할망구 사무실에 들어가고 싶은 거야?
scene_day3_scenes_fab_day3_logic_6346ee10c065ccc051a489a1ecff7695.bundle,找球球幫忙,Branch,#Simple,31,中に忘れものをしたんだ。,안에 물건을 놓고 왔어.
scene_day3_scenes_fab_day3_logic_6346ee10c065ccc051a489a1ecff7695.bundle,找球球幫忙,Say,イエホン･キュウ,45,忘れ物ってなに？,놓고 온 게 뭔데?
scene_day3_scenes_fab_day3_logic_6346ee10c065ccc051a489a1ecff7695.bundle,找球球幫忙,Branch,#Simple,32,仕事に使うものだ。,업무에 쓰는 물건이야.
scene_day3_scenes_fab_day3_logic_6346ee10c065ccc051a489a1ecff7695.bundle,找球球幫忙,Say,イエホン･キュウ,46,シンホンと同じだな。,신홍이랑 똑같네.
scene_day3_scenes_fab_day3_logic_6346ee10c065ccc051a489a1ecff7695.bundle,找球球幫忙,Say,イエホン･キュウ,47,ハハ、ジェイはうっかりさんだな！,"하하, 제이는 덜렁이구나!"
scene_day3_scenes_fab_day3_logic_6346ee10c065ccc051a489a1ecff7695.bundle,找球球幫忙,Branch,#Simple,33,個人的なものだ。,개인적인 거야.
scene_day3_scenes_fab_day3_logic_6346ee10c065ccc051a489a1ecff7695.bundle,找球球幫忙,Say,イエホン･キュウ,48,個人的なもの？ちなみに何？,개인적인 거? 그게 뭔데?
scene_day3_scenes_fab_day3_logic_6346ee10c065ccc051a489a1ecff7695.bundle,找球球幫忙,Branch,#Simple,34,言いたくない。,말하기 싫어.
scene_day3_scenes_fab_day3_logic_6346ee10c065ccc051a489a1ecff7695.bundle,找球球幫忙,Say,イエホン･キュウ,49,えぇ？じゃ僕も手伝いたくないな。,에? 그럼 나도 돕고 싶지 않은데.
scene_day3_scenes_fab_day3_logic_6346ee10c065ccc051a489a1ecff7695.bundle,找球球幫忙,Branch,#Simple,35,とにかく大事な物なんだ。,아무튼 중요한 물건이야.
scene_day3_scenes_fab_day3_logic_6346ee10c065ccc051a489a1ecff7695.bundle,找球球幫忙,Say,イエホン･キュウ,50,大事か……,중요한가……
scene_day3_scenes_fab_day3_logic_6346ee10c065ccc051a489a1ecff7695.bundle,找球球幫忙,Branch,#Simple,36,頼む！,부탁이야!
scene_day3_scenes_fab_day3_logic_6346ee10c065ccc051a489a1ecff7695.bundle,找球球幫忙,Branch,#Simple,37,……,……
scene_day3_scenes_fab_day3_logic_6346ee10c065ccc051a489a1ecff7695.bundle,找球球幫忙,Say,イエホン･キュウ,51,わかったわかった。今のは冗談！,알았어알았어. 방금 건 농담!
scene_day3_scenes_fab_day3_logic_6346ee10c065ccc051a489a1ecff7695.bundle,找球球幫忙,Say,イエホン･キュウ,52,ハハ、ちゃんと手伝うからさ！,"하하, 제대로 도와줄 테니까!"
scene_day3_scenes_fab_day3_logic_6346ee10c065ccc051a489a1ecff7695.bundle,找球球幫忙,Branch,#Simple,38,家の鍵なんだ。,집 열쇠야.
scene_day3_scenes_fab_day3_logic_6346ee10c065ccc051a489a1ecff7695.bundle,找球球幫忙,Say,イエホン･キュウ,53,ただの鍵ならそんなに引っ張るなよ。,그냥 열쇠면 그렇게 뜸 들이지 마.
scene_day3_scenes_fab_day3_logic_6346ee10c065ccc051a489a1ecff7695.bundle,找球球幫忙,Say,イエホン･キュウ,54,でも、どうしてばあさんのオフィスに鍵を落としたんだ？,"근데, 왜 할망구 사무실에 열쇠를 떨어뜨린 거야?"
scene_day3_scenes_fab_day3_logic_6346ee10c065ccc051a489a1ecff7695.bundle,找球球幫忙,Branch,#Simple,39,そこは重要じゃないだろ。頼む、手伝ってくれ。,"그건 중요하지 않잖아. 부탁이야, 도와줘."
scene_day3_scenes_fab_day3_logic_6346ee10c065ccc051a489a1ecff7695.bundle,找球球幫忙,Branch,#Simple,40,うっかり落としたんだ。,실수로 떨어뜨렸어.
scene_day3_scenes_fab_day3_logic_6346ee10c065ccc051a489a1ecff7695.bundle,找球球幫忙,Say,イエホン･キュウ,55,わかった。わかったよ！,알았어. 알았다고!
scene_day3_scenes_fab_day3_logic_6346ee10c065ccc051a489a1ecff7695.bundle,找球球幫忙,Branch,#Simple,41,それは教えられない。,그건 못 알려줘.
scene_day3_scenes_fab_day3_logic_6346ee10c065ccc051a489a1ecff7695.bundle,找球球幫忙,Say,イエホン･キュウ,56,じゃ、行こうか！,"그럼, 가볼까!"
scene_day3_scenes_fab_day3_logic_6346ee10c065ccc051a489a1ecff7695.bundle,找球球幫忙,Say,心の声,2,上手くいった。これなら目立たずに入れるはずだ。,잘 됐다. 이러면 눈에 안 띄고 들어갈 수 있을 거다.
scene_day3_scenes_fab_day3_logic_6346ee10c065ccc051a489a1ecff7695.bundle,切斷電源後,Say,23,0,ブレ－カーが切れる音が聞こえたけど、上手くいった？,"차단기 내려가는 소리 들렸는데, 잘 됐어?"
scene_day3_scenes_fab_day3_logic_6346ee10c065ccc051a489a1ecff7695.bundle,切斷電源後,Branch,#Simple,0,ああ。,아.
scene_day3_scenes_fab_day3_logic_6346ee10c065ccc051a489a1ecff7695.bundle,切斷電源後,Say,23,1,やった！,됐다!
scene_day3_scenes_fab_day3_logic_6346ee10c065ccc051a489a1ecff7695.bundle,切斷電源後,Say,23,2,それにしても本当に上手くいくとはね。,그건 그렇고 정말로 잘 될 줄이야.
scene_day3_scenes_fab_day3_logic_6346ee10c065ccc051a489a1ecff7695.bundle,切斷電源後,Say,リュウセイ･チョウ,0,えっ、成功するかどうかわからないことをやらせたっすか……？,"엣, 성공할지 안 할지도 모르는 걸 시킨 거예요……?"
scene_day3_scenes_fab_day3_logic_6346ee10c065ccc051a489a1ecff7695.bundle,切斷電源後,Branch,#Simple,1,どうだろうな。,글쎄다.
scene_day3_scenes_fab_day3_logic_6346ee10c065ccc051a489a1ecff7695.bundle,切斷電源後,Say,リュウセイ･チョウ,1,失敗したっすか？,실패한 거예요?
scene_day3_scenes_fab_day3_logic_6346ee10c065ccc051a489a1ecff7695.bundle,切斷電源後,Say,23,3,バーカ、あの言い方は、手に入れたってことよ。,"바보야, 그 말투는, 손에 넣었단 뜻이야."
scene_day3_scenes_fab_day3_logic_6346ee10c065ccc051a489a1ecff7695.bundle,切斷電源後,Say,23,4,さあ、早くイファのオフィスに入って！,"자, 얼른 이화 사무실로 들어가!"
scene_day3_scenes_fab_day3_logic_6346ee10c065ccc051a489a1ecff7695.bundle,切斷電源後,Say,23,5,すぐ電力が復旧するはずだから。,곧 전력이 복구될 테니까.
scene_day3_scenes_fab_day3_logic_6346ee10c065ccc051a489a1ecff7695.bundle,調查到電腦想法,Say,心の声,0,あった。,찾았다.
scene_day3_scenes_fab_day3_logic_6346ee10c065ccc051a489a1ecff7695.bundle,調查到電腦想法,Say,心の声,1,あとは転送機を外せば……,이제 전송기만 떼면……
scene_day3_scenes_fab_day3_logic_6346ee10c065ccc051a489a1ecff7695.bundle,拔下轉送器想法,Say,心の声,0,ああ。,아.
scene_day3_scenes_fab_day3_logic_6346ee10c065ccc051a489a1ecff7695.bundle,拔下轉送器想法,Say,心の声,1,電力が復旧する前にここから出ないとな。,전력이 복구되기 전에 여기서 나가야겠군.
scene_day3_scenes_fab_day3_logic_6346ee10c065ccc051a489a1ecff7695.bundle,拔下轉送器想法,Say,心の声,2,誰かに見られる前に離れないといけないな。,누군가한테 들키기 전에 떠나야겠다.
scene_day3_scenes_fab_day3_logic_6346ee10c065ccc051a489a1ecff7695.bundle,23評論球球幫忙事件,Say,23,0,残念、説得できたら楽なのに。,"아쉽네, 설득할 수 있었으면 편했을 텐데."
scene_day3_scenes_fab_day3_logic_6346ee10c065ccc051a489a1ecff7695.bundle,23評論球球幫忙事件,Say,23,1,大人しく配電盤のブレーカー落とすしかないね。,얌전히 배전반 차단기 내리는 수밖에 없겠네.
scene_day3_scenes_fab_day3_logic_6346ee10c065ccc051a489a1ecff7695.bundle,23評論球球幫忙事件,Say,23,2,上手く説得できたなんて、やるじゃん！,"설득을 잘 해내다니, 제법인데!"
scene_day3_scenes_fab_day3_logic_6346ee10c065ccc051a489a1ecff7695.bundle,23評論球球幫忙事件,Say,23,3,誰かさんと違って、ちゃんと万象で働いていたみたいね。,"누구랑은 다르게, 제대로 완샹에서 일했던 모양이네."
scene_day3_scenes_fab_day3_logic_6346ee10c065ccc051a489a1ecff7695.bundle,23評論球球幫忙事件,Say,リュウセイ･チョウ,0,僕だって……,나도……
scene_day3_scenes_fab_day3_logic_6346ee10c065ccc051a489a1ecff7695.bundle,23評論球球幫忙事件,Say,23,4,上手く説得できたなんて、やるじゃん！,"설득을 잘 해내다니, 제법인데!"
scene_day3_scenes_fab_day3_logic_6346ee10c065ccc051a489a1ecff7695.bundle,23評論球球幫忙事件,Say,23,5,誰かさんと違って、ちゃんと万象で働いていたみたいね。,"누구랑은 다르게, 제대로 완샹에서 일했던 모양이네."
scene_day3_scenes_fab_day3_logic_6346ee10c065ccc051a489a1ecff7695.bundle,23評論球球幫忙事件,Say,リュウセイ･チョウ,1,僕だって……,나도……
scene_day3_scenes_fab_day3_logic_6346ee10c065ccc051a489a1ecff7695.bundle,球球開門,Say,イエホン･キュウ,0,よし！開いた！,좋아! 열렸다!
scene_day3_scenes_fab_day3_logic_6346ee10c065ccc051a489a1ecff7695.bundle,球球開門,Say,イエホン･キュウ,1,中に入っていいよ。,안에 들어가도 돼.
scene_day3_scenes_fab_day3_logic_6346ee10c065ccc051a489a1ecff7695.bundle,球球開門,Say,イエホン･キュウ,2,僕は見られたくないから、先に帰るからね。,"나는 들키고 싶지 않으니까, 먼저 갈게."
scene_day3_scenes_fab_day3_logic_6346ee10c065ccc051a489a1ecff7695.bundle,球球開門,Branch,#Simple,0,ありがとう。,고마워.
scene_day3_scenes_fab_day3_logic_6346ee10c065ccc051a489a1ecff7695.bundle,球球開門,Say,イエホン･キュウ,3,それなら良かった。,그렇다면 다행이네요.
scene_day3_scenes_fab_day3_logic_6346ee10c065ccc051a489a1ecff7695.bundle,球球開門,Say,イエホン･キュウ,4,でもバレたら……,근데 들키면……
scene_day3_scenes_fab_day3_logic_6346ee10c065ccc051a489a1ecff7695.bundle,球球開門,Say,イエホン･キュウ,5,朝飯前どころじゃなくなる。,식은 죽 먹기 정도가 아니게 되지.
scene_day3_scenes_fab_day3_logic_6346ee10c065ccc051a489a1ecff7695.bundle,球球開門,Branch,#Simple,1,だったら早く行った方がいい。,그럼 빨리 가는 게 좋겠다.
scene_day3_scenes_fab_day3_logic_6346ee10c065ccc051a489a1ecff7695.bundle,球球開門,Say,イエホン･キュウ,6,君の言う通りだ。,네 말이 맞아.
scene_day3_scenes_fab_day3_logic_6346ee10c065ccc051a489a1ecff7695.bundle,球球開門,Branch,#Simple,2,……,……
scene_day3_scenes_fab_day3_logic_6346ee10c065ccc051a489a1ecff7695.bundle,球球開門,Branch,#Simple,3,……,……
scene_day3_scenes_fab_day3_logic_6346ee10c065ccc051a489a1ecff7695.bundle,躲車子後續,Say,23,0,元気か？,잘 지내?
scene_day3_scenes_fab_day3_logic_6346ee10c065ccc051a489a1ecff7695.bundle,躲車子後續,Say,23,1,彼らはもう行った？扉が閉じた音は聞こえたけど、まだ映像が見れないのよ。,"그 사람들 벌써 갔어? 문 닫히는 소리는 들렸는데, 아직 영상은 안 보여."
scene_day3_scenes_fab_day3_logic_6346ee10c065ccc051a489a1ecff7695.bundle,躲車子後續,Branch,#Simple,0,ああ。,아.
scene_day3_scenes_fab_day3_logic_6346ee10c065ccc051a489a1ecff7695.bundle,躲車子後續,Branch,#Simple,1,見られてはいないはずだ。,들키진 않았을 거다.
scene_day3_scenes_fab_day3_logic_6346ee10c065ccc051a489a1ecff7695.bundle,躲車子後續,Say,23,2,隠れたのね？,숨었구나?
scene_day3_scenes_fab_day3_logic_6346ee10c065ccc051a489a1ecff7695.bundle,躲車子後續,Say,23,3,良い判断ね！,좋은 판단이야!
scene_day3_scenes_fab_day3_logic_6346ee10c065ccc051a489a1ecff7695.bundle,躲車子後續,Say,23,4,じゃ、計画通りに行こうか。,"그럼, 계획대로 갈까."
scene_day3_scenes_fab_day3_logic_6346ee10c065ccc051a489a1ecff7695.bundle,躲車子後續,Say,23,5,どう？もう行った？,어때? 벌써 갔어?
scene_day3_scenes_fab_day3_logic_6346ee10c065ccc051a489a1ecff7695.bundle,躲車子後續,Branch,#Simple,2,ああ。,아.
scene_day3_scenes_fab_day3_logic_6346ee10c065ccc051a489a1ecff7695.bundle,躲車子後續,Branch,#Simple,3,姿を見られたが、大丈夫だろうか？,"모습을 들켰는데, 괜찮을까?"
scene_day3_scenes_fab_day3_logic_6346ee10c065ccc051a489a1ecff7695.bundle,躲車子後續,Say,23,6,相手はどんな人だった？こっちは映像が見れないから特定できないのよ。,상대는 어떤 사람이었어? 이쪽은 영상을 못 보니까 특정할 수가 없어.
scene_day3_scenes_fab_day3_logic_6346ee10c065ccc051a489a1ecff7695.bundle,躲車子後續,Branch,#Simple,4,多分操作組の作業員だと思う。,아마 조작조 작업원인 것 같다.
scene_day3_scenes_fab_day3_logic_6346ee10c065ccc051a489a1ecff7695.bundle,躲車子後續,Branch,#Simple,5,わからない、でも警備員には見えなかった。,"모르겠다, 근데 경비원으로는 안 보였다."
scene_day3_scenes_fab_day3_logic_6346ee10c065ccc051a489a1ecff7695.bundle,躲車子後續,Say,23,7,一般職員なら大した問題はないはず。,일반 직원이라면 큰 문제는 없을 거야.
scene_day3_scenes_fab_day3_logic_6346ee10c065ccc051a489a1ecff7695.bundle,躲車子後續,Say,23,8,とりあえず計画通り進もう。,일단 계획대로 진행하자.
scene_day3_scenes_fab_day3_logic_6346ee10c065ccc051a489a1ecff7695.bundle,許大哥入侵事件,Say,心の声,0,あれは、セラ……,"저건, 세라……"
scene_day3_scenes_fab_day3_logic_6346ee10c065ccc051a489a1ecff7695.bundle,許大哥入侵事件,Say,心の声,1,こんなところで何をしてるんだ？,이런 데서 뭘 하고 있는 거지?
scene_day3_scenes_fab_day3_logic_6346ee10c065ccc051a489a1ecff7695.bundle,許大哥入侵事件,Say,セラ･キョウ,0,ジェ、ジェイ･ダイ！？,"제, 제이 다이!?"
scene_day3_scenes_fab_day3_logic_6346ee10c065ccc051a489a1ecff7695.bundle,許大哥入侵事件,Say,セラ･キョウ,1,お前、こんなところで何をしているんだ！？,"너, 이런 데서 뭘 하고 있는 거야!?"
scene_day3_scenes_fab_day3_logic_6346ee10c065ccc051a489a1ecff7695.bundle,許大哥入侵事件,Say,心の声,2,いつも以上に声を荒げているな……,평소보다 더 언성을 높이는군……
scene_day3_scenes_fab_day3_logic_6346ee10c065ccc051a489a1ecff7695.bundle,許大哥入侵事件,Branch,#Simple,0,操作組に入ったので、挨拶をしに来ました。,"조작조에 들어와서, 인사드리러 왔어요."
scene_day3_scenes_fab_day3_logic_6346ee10c065ccc051a489a1ecff7695.bundle,許大哥入侵事件,Say,セラ･キョウ,2,そうか、確かにシュン･ゴが言っていたな……,"그런가, 확실히 슌 고가 그랬었지……"
scene_day3_scenes_fab_day3_logic_6346ee10c065ccc051a489a1ecff7695.bundle,許大哥入侵事件,Say,セラ･キョウ,3,だが今日は操作組が休みだってことを知らなかったのか？,근데 오늘 조작조가 휴무라는 걸 몰랐나?
scene_day3_scenes_fab_day3_logic_6346ee10c065ccc051a489a1ecff7695.bundle,許大哥入侵事件,Branch,#Simple,1,知ってますが、少し様子を見たくて。,"알고 있는데, 좀 상황을 보고 싶어서요."
scene_day3_scenes_fab_day3_logic_6346ee10c065ccc051a489a1ecff7695.bundle,許大哥入侵事件,Say,セラ･キョウ,4,様子？,상황?
scene_day3_scenes_fab_day3_logic_6346ee10c065ccc051a489a1ecff7695.bundle,許大哥入侵事件,Branch,#Simple,2,わかりません。,모르겠어요.
scene_day3_scenes_fab_day3_logic_6346ee10c065ccc051a489a1ecff7695.bundle,許大哥入侵事件,Say,セラ･キョウ,5,シュン･ゴのやつ、伝えてなかったのか？,"슌 고 이 녀석, 얘기 안 했던 건가?"
scene_day3_scenes_fab_day3_logic_6346ee10c065ccc051a489a1ecff7695.bundle,許大哥入侵事件,Say,セラ･キョウ,6,嘘言うな！,거짓말하지 마!
scene_day3_scenes_fab_day3_logic_6346ee10c065ccc051a489a1ecff7695.bundle,許大哥入侵事件,Say,セラ･キョウ,7,お前は選別組を選んだとシュン･ゴが言っていたぞ。,네가 선별조를 선택했다고 슌 고가 그랬어.
scene_day3_scenes_fab_day3_logic_6346ee10c065ccc051a489a1ecff7695.bundle,許大哥入侵事件,Say,セラ･キョウ,8,なぜ嘘をついた！,왜 거짓말을 한 거지!
scene_day3_scenes_fab_day3_logic_6346ee10c065ccc051a489a1ecff7695.bundle,許大哥入侵事件,Branch,#Simple,3,あなたにそんな反応をされたくなかったからです。,당신한테 그런 반응 받고 싶지 않아서였어요.
scene_day3_scenes_fab_day3_logic_6346ee10c065ccc051a489a1ecff7695.bundle,許大哥入侵事件,Say,セラ･キョウ,9,フンッ、それもそうだな。,"흥, 그것도 그렇군."
scene_day3_scenes_fab_day3_logic_6346ee10c065ccc051a489a1ecff7695.bundle,許大哥入侵事件,Say,セラ･キョウ,10,……,……
scene_day3_scenes_fab_day3_logic_6346ee10c065ccc051a489a1ecff7695.bundle,許大哥入侵事件,Branch,#Simple,4,何か誤解があったのかもしれません。私は操作組を選びましたよ。,뭔가 오해가 있었던 걸지도 몰라요. 저는 조작조를 선택했어요.
scene_day3_scenes_fab_day3_logic_6346ee10c065ccc051a489a1ecff7695.bundle,許大哥入侵事件,Say,セラ･キョウ,11,あの真面目なシュン･ゴが間違えたっていうのか？ありえん！,그 성실한 슌 고가 착각했다는 거냐? 있을 수 없다!
scene_day3_scenes_fab_day3_logic_6346ee10c065ccc051a489a1ecff7695.bundle,許大哥入侵事件,Say,セラ･キョウ,12,彼から直接聞いたんだ。お前を採用しなかったってことを。,그 사람한테 직접 들었다. 너를 채용하지 않았다는 걸.
scene_day3_scenes_fab_day3_logic_6346ee10c065ccc051a489a1ecff7695.bundle,許大哥入侵事件,Say,セラ･キョウ,13,なぜ嘘をついた！,왜 거짓말을 한 거지!
scene_day3_scenes_fab_day3_logic_6346ee10c065ccc051a489a1ecff7695.bundle,許大哥入侵事件,Branch,#Simple,5,昨日ここに忘れ物をしたので取りに来ました。,어제 여기 물건을 두고 가서 가지러 왔어요.
scene_day3_scenes_fab_day3_logic_6346ee10c065ccc051a489a1ecff7695.bundle,許大哥入侵事件,Say,セラ･キョウ,14,……,……
scene_day3_scenes_fab_day3_logic_6346ee10c065ccc051a489a1ecff7695.bundle,許大哥入侵事件,Say,セラ･キョウ,15,フンッ、お前のことなんて、どうでもいい。俺はもう行く。,"흥, 네 일 따위, 아무래도 상관없다. 나는 이만 간다."
scene_day3_scenes_fab_day3_logic_6346ee10c065ccc051a489a1ecff7695.bundle,許大哥入侵事件,Say,セラ･キョウ,16,こっちは緊急の用があるんだ。お前が何をしようと俺には関係ない。,이쪽은 급한 볼일이 있어. 네가 뭘 하든 나랑은 상관없다.
scene_day3_scenes_fab_day3_logic_6346ee10c065ccc051a489a1ecff7695.bundle,插錯孔,Say,23,0,ちょっと！何をしたの？,야! 뭘 한 거야?
scene_day3_scenes_fab_day3_logic_6346ee10c065ccc051a489a1ecff7695.bundle,插錯孔,Branch,#Simple,0,わからないが、ハックユニットを入れたらこんな音が……,"모르겠는데, 해킹 유닛을 넣었더니 이런 소리가……"
scene_day3_scenes_fab_day3_logic_6346ee10c065ccc051a489a1ecff7695.bundle,插錯孔,Say,23,1,それ端子を間違ったのよ！,그거 단자를 잘못 꽂은 거야!
scene_day3_scenes_fab_day3_logic_6346ee10c065ccc051a489a1ecff7695.bundle,插錯孔,Branch,#Simple,1,もしかしたら挿す場所を間違えたかもしれない。,어쩌면 꽂는 위치를 잘못 골랐는지도 모른다.
scene_day3_scenes_fab_day3_logic_6346ee10c065ccc051a489a1ecff7695.bundle,插錯孔,Say,23,2,さっき説明したばっかでしょう！,아까 설명했잖아!
scene_day3_scenes_fab_day3_logic_6346ee10c065ccc051a489a1ecff7695.bundle,插錯孔,Say,23,3,わからないなら、どうして聞かないのよ！,"모르겠으면, 왜 안 물어보는 거야!"
scene_day3_scenes_fab_day3_logic_6346ee10c065ccc051a489a1ecff7695.bundle,插錯孔,Branch,#Simple,2,そっちが先に説明すべきだ。,그쪽이 먼저 설명했어야지.
scene_day3_scenes_fab_day3_logic_6346ee10c065ccc051a489a1ecff7695.bundle,插錯孔,Say,23,4,そ、そうね。,"그, 그렇네."
scene_day3_scenes_fab_day3_logic_6346ee10c065ccc051a489a1ecff7695.bundle,插錯孔,Branch,#Simple,3,すまない、端子が一つしかないと思ったんだ。,"미안, 단자가 하나뿐인 줄 알았다."
scene_day3_scenes_fab_day3_logic_6346ee10c065ccc051a489a1ecff7695.bundle,插錯孔,Say,23,5,もー！,아 진짜!
scene_day3_scenes_fab_day3_logic_6346ee10c065ccc051a489a1ecff7695.bundle,插錯孔,Branch,#Simple,4,それで、結局はどこに挿せばいいんだ？,"그래서, 결국 어디에 꽂으면 되는 거지?"
scene_day3_scenes_fab_day3_logic_6346ee10c065ccc051a489a1ecff7695.bundle,插錯孔,Say,23,6,正方形のやつ！横に光ったランプがついてるはず。,정사각형인 거! 옆에 빛나는 램프가 붙어있을 거야.
scene_day3_scenes_fab_day3_logic_6346ee10c065ccc051a489a1ecff7695.bundle,插錯孔,Say,23,7,それ！,그거!
scene_day3_scenes_fab_day3_logic_6346ee10c065ccc051a489a1ecff7695.bundle,插對孔,Say,23,0,待ってね、これをこうして……,"잠깐만, 이걸 이렇게 해서……"
scene_day3_scenes_fab_day3_logic_6346ee10c065ccc051a489a1ecff7695.bundle,插對孔,Say,23,1,……,……
scene_day3_scenes_fab_day3_logic_6346ee10c065ccc051a489a1ecff7695.bundle,插對孔,Say,23,2,……,……
scene_day3_scenes_fab_day3_logic_6346ee10c065ccc051a489a1ecff7695.bundle,插對孔,Say,23,3,よっし！データを全部ハックユニットに移せた！,좋았어! 데이터 전부 해킹 유닛으로 옮겼다!
scene_day3_scenes_fab_day3_logic_6346ee10c065ccc051a489a1ecff7695.bundle,插對孔,Say,23,4,ユニットを抜いて逃げて。,유닛 뽑고 도망쳐.
scene_day3_scenes_fab_day3_logic_6346ee10c065ccc051a489a1ecff7695.bundle,閃許大哥成功,Say,23,0,誰？,누구야?
scene_day3_scenes_fab_day3_logic_6346ee10c065ccc051a489a1ecff7695.bundle,閃許大哥成功,Branch,#Simple,0,昨日会った作業員のセラだ。,어제 만났던 작업원 세라다.
scene_day3_scenes_fab_day3_logic_6346ee10c065ccc051a489a1ecff7695.bundle,閃許大哥成功,Say,23,1,ふーん。こっちの資料によれば、彼は上級作業員みたいだね。,"흐응. 이쪽 자료에 따르면, 저 사람 상급 작업원인 것 같은데."
scene_day3_scenes_fab_day3_logic_6346ee10c065ccc051a489a1ecff7695.bundle,閃許大哥成功,Say,23,2,……どうしてこんな時にここへ？,……왜 이런 때 여기에?
scene_day3_scenes_fab_day3_logic_6346ee10c065ccc051a489a1ecff7695.bundle,閃許大哥成功,Branch,#Simple,1,何か修理しにきたのか？,뭔가 수리하러 온 건가?
scene_day3_scenes_fab_day3_logic_6346ee10c065ccc051a489a1ecff7695.bundle,閃許大哥成功,Say,23,3,一人で？しかもあの短時間でだよ？,혼자서? 게다가 저 짧은 시간에?
scene_day3_scenes_fab_day3_logic_6346ee10c065ccc051a489a1ecff7695.bundle,閃許大哥成功,Say,23,4,可能性は低いと思うよ。,가능성은 낮다고 봐.
scene_day3_scenes_fab_day3_logic_6346ee10c065ccc051a489a1ecff7695.bundle,閃許大哥成功,Branch,#Simple,2,何か忘れ物をしたのか？,뭔가 두고 간 물건이라도 있는 건가?
scene_day3_scenes_fab_day3_logic_6346ee10c065ccc051a489a1ecff7695.bundle,閃許大哥成功,Say,23,5,そうかもしれない。,그럴지도 모르지.
scene_day3_scenes_fab_day3_logic_6346ee10c065ccc051a489a1ecff7695.bundle,閃許大哥成功,Branch,#Simple,3,作業員だ。,작업원이다.
scene_day3_scenes_fab_day3_logic_6346ee10c065ccc051a489a1ecff7695.bundle,閃許大哥成功,Say,23,6,知らない人？,모르는 사람?
scene_day3_scenes_fab_day3_logic_6346ee10c065ccc051a489a1ecff7695.bundle,閃許大哥成功,Branch,#Simple,4,いや、知ってる。セラ･キョウだ。,"아니, 안다. 세라 쿄다."
scene_day3_scenes_fab_day3_logic_6346ee10c065ccc051a489a1ecff7695.bundle,閃許大哥成功,Branch,#Simple,5,ああ、知らない人だ。,"그래, 모르는 사람이다."
scene_day3_scenes_fab_day3_logic_6346ee10c065ccc051a489a1ecff7695.bundle,閃許大哥成功,Say,23,7,わかった。,알았어.
scene_day3_scenes_fab_day3_logic_6346ee10c065ccc051a489a1ecff7695.bundle,閃許大哥成功,Say,23,8,まあ、見られてないなら大丈夫でしょう。続けて。,"뭐, 안 들켰으면 괜찮겠지. 계속해."
scene_day3_scenes_fab_day3_logic_6346ee10c065ccc051a489a1ecff7695.bundle,閃許大哥成功,Say,23,9,まずはリフトの電源を入れよう。一番奥の制御台から操作できると思う。,먼저 리프트 전원을 켜자. 제일 안쪽 제어대에서 조작할 수 있을 거야.
scene_day3_scenes_fab_day3_logic_6346ee10c065ccc051a489a1ecff7695.bundle,閃許大哥失敗,Say,23,0,誰？,누구야?
scene_day3_scenes_fab_day3_logic_6346ee10c065ccc051a489a1ecff7695.bundle,閃許大哥失敗,Branch,#Simple,0,昨日会った作業員のセラだ。,어제 만났던 작업원 세라다.
scene_day3_scenes_fab_day3_logic_6346ee10c065ccc051a489a1ecff7695.bundle,閃許大哥失敗,Say,23,1,ふーん。こっちの資料によれば、彼は上級作業員みたいだね。,"흐응. 이쪽 자료에 따르면, 저 사람 상급 작업원인 것 같은데."
scene_day3_scenes_fab_day3_logic_6346ee10c065ccc051a489a1ecff7695.bundle,閃許大哥失敗,Say,23,2,……どうしてこんな時にここへ？,……왜 이런 때 여기에?
scene_day3_scenes_fab_day3_logic_6346ee10c065ccc051a489a1ecff7695.bundle,閃許大哥失敗,Branch,#Simple,1,何か修理しにきたのか？,뭔가 수리하러 온 건가?
scene_day3_scenes_fab_day3_logic_6346ee10c065ccc051a489a1ecff7695.bundle,閃許大哥失敗,Say,23,3,一人で？しかもあの短時間でだよ？,혼자서? 게다가 저 짧은 시간에?
scene_day3_scenes_fab_day3_logic_6346ee10c065ccc051a489a1ecff7695.bundle,閃許大哥失敗,Say,23,4,可能性は低いと思うよ。,가능성은 낮다고 봐.
scene_day3_scenes_fab_day3_logic_6346ee10c065ccc051a489a1ecff7695.bundle,閃許大哥失敗,Branch,#Simple,2,何か忘れ物をしたのか？,뭔가 두고 간 물건이라도 있는 건가?
scene_day3_scenes_fab_day3_logic_6346ee10c065ccc051a489a1ecff7695.bundle,閃許大哥失敗,Say,23,5,そうかもしれない。,그럴지도 모르지.
scene_day3_scenes_fab_day3_logic_6346ee10c065ccc051a489a1ecff7695.bundle,閃許大哥失敗,Branch,#Simple,3,作業員だ。,작업원이다.
scene_day3_scenes_fab_day3_logic_6346ee10c065ccc051a489a1ecff7695.bundle,閃許大哥失敗,Say,23,6,知らない人なの？知ってそうな言い方だったけど。,모르는 사람이야? 아는 것 같은 말투였는데.
scene_day3_scenes_fab_day3_logic_6346ee10c065ccc051a489a1ecff7695.bundle,閃許大哥失敗,Branch,#Simple,4,いや、知ってる。セラ･キョウだ。,"아니, 안다. 세라 쿄다."
scene_day3_scenes_fab_day3_logic_6346ee10c065ccc051a489a1ecff7695.bundle,閃許大哥失敗,Branch,#Simple,5,知ってる人だが、詳しくは知らない。,"아는 사람이긴 한데, 자세히는 모른다."
scene_day3_scenes_fab_day3_logic_6346ee10c065ccc051a489a1ecff7695.bundle,閃許大哥失敗,Say,23,7,名前は？,이름은?
scene_day3_scenes_fab_day3_logic_6346ee10c065ccc051a489a1ecff7695.bundle,閃許大哥失敗,Branch,#Simple,6,セラさん。,세라 씨.
scene_day3_scenes_fab_day3_logic_6346ee10c065ccc051a489a1ecff7695.bundle,閃許大哥失敗,Branch,#Simple,7,覚えてない。,기억 안 난다.
scene_day3_scenes_fab_day3_logic_6346ee10c065ccc051a489a1ecff7695.bundle,閃許大哥失敗,Say,23,8,わかった。,알았어.
scene_day3_scenes_fab_day3_logic_6346ee10c065ccc051a489a1ecff7695.bundle,閃許大哥失敗,Say,23,9,見られたのは、さっきのと合わせて二回か……,"들킨 건, 아까 거랑 합쳐서 두 번인가……"
scene_day3_scenes_fab_day3_logic_6346ee10c065ccc051a489a1ecff7695.bundle,閃許大哥失敗,Say,23,10,急いで。また誰かが来るかもしれない。,서둘러. 또 누가 올지도 몰라.
scene_day3_scenes_fab_day3_logic_6346ee10c065ccc051a489a1ecff7695.bundle,閃許大哥失敗,Say,23,11,まずはリフトの電源を入れよう。一番奥の制御台から操作できると思う。,먼저 리프트 전원을 켜자. 제일 안쪽 제어대에서 조작할 수 있을 거야.
scene_day3_scenes_fab_day3_logic_6346ee10c065ccc051a489a1ecff7695.bundle,跟升降梯控制面板互動,Say,システム画面C-2,0,制御システムへようこそ。,제어 시스템에 오신 것을 환영합니다.
scene_day3_scenes_fab_day3_logic_6346ee10c065ccc051a489a1ecff7695.bundle,跟升降梯控制面板互動,Say,システム画面C-2,1,ただ今、身元の確認をしております……,"지금, 신원을 확인하고 있습니다……"
scene_day3_scenes_fab_day3_logic_6346ee10c065ccc051a489a1ecff7695.bundle,跟升降梯控制面板互動,Say,システム画面C-2,2,あなたは操作組ではないため、使用できません。,"당신은 조작조가 아니므로, 사용할 수 없습니다."
scene_day3_scenes_fab_day3_logic_6346ee10c065ccc051a489a1ecff7695.bundle,跟升降梯控制面板互動,Say,システム画面C-2,3,使用……でき……安全……,사용……가능……안전……
scene_day3_scenes_fab_day3_logic_6346ee10c065ccc051a489a1ecff7695.bundle,跟升降梯控制面板互動,Branch,#Simple,0,おかしい。,이상한데.
scene_day3_scenes_fab_day3_logic_6346ee10c065ccc051a489a1ecff7695.bundle,跟升降梯控制面板互動,Branch,#Simple,1,23号、どういうことだ？,"23호, 이게 어떻게 된 거지?"
scene_day3_scenes_fab_day3_logic_6346ee10c065ccc051a489a1ecff7695.bundle,跟升降梯控制面板互動,Branch,#Simple,2,……,……
scene_day3_scenes_fab_day3_logic_6346ee10c065ccc051a489a1ecff7695.bundle,跟升降梯控制面板互動,Say,システム画面C-2,4,認証完了。クールガイ、ジェイ･ダイ様、ようこそ。,"인증 완료. 쿨가이, 제이 다이 님, 환영합니다."
scene_day3_scenes_fab_day3_logic_6346ee10c065ccc051a489a1ecff7695.bundle,跟升降梯控制面板互動,Say,心の声,0,クールガイ……？,쿨가이……?
scene_day3_scenes_fab_day3_logic_6346ee10c065ccc051a489a1ecff7695.bundle,跟升降梯控制面板互動,Say,23,0,リフトの権限をあげたの。感謝してよね。,리프트 권한을 줬어. 감사하라고.
scene_day3_scenes_fab_day3_logic_6346ee10c065ccc051a489a1ecff7695.bundle,跟升降梯控制面板互動,Branch,#Simple,3,今の呼び方は何なんだ？,방금 그 호칭은 뭐지?
scene_day3_scenes_fab_day3_logic_6346ee10c065ccc051a489a1ecff7695.bundle,跟升降梯控制面板互動,Say,23,1,えへへっ,에헤헷
scene_day3_scenes_fab_day3_logic_6346ee10c065ccc051a489a1ecff7695.bundle,跟升降梯控制面板互動,Branch,#Simple,4,ありがとう。,고마워.
scene_day3_scenes_fab_day3_logic_6346ee10c065ccc051a489a1ecff7695.bundle,跟升降梯控制面板互動,Say,23,2,どういたしまして、クールガイ様。,"천만에요, 쿨가이 님."
scene_day3_scenes_fab_day3_logic_6346ee10c065ccc051a489a1ecff7695.bundle,跟升降梯控制面板互動,Branch,#Simple,5,……,……
scene_day3_scenes_fab_day3_logic_6346ee10c065ccc051a489a1ecff7695.bundle,跟升降梯控制面板互動,Say,システム画面C-2,5,操作組、ジェイ･ダイ。,"조작조, 제이 다이."
scene_day3_scenes_fab_day3_logic_6346ee10c065ccc051a489a1ecff7695.bundle,跟升降梯控制面板互動,Say,システム画面C-2,6,注意：電源供給が切断されているため、一部の機能が停止しております。,"주의: 전원 공급이 차단되어 있어, 일부 기능이 정지되어 있습니다."
scene_day3_scenes_fab_day3_logic_6346ee10c065ccc051a489a1ecff7695.bundle,跟升降梯控制面板互動,Say,システム画面C-2,7,指令を選んでください。,명령을 선택해주세요.
scene_day3_scenes_fab_day3_logic_6346ee10c065ccc051a489a1ecff7695.bundle,跟升降梯控制面板互動,Branch,#Simple,6,リフトの電源を入れる。,리프트 전원을 켠다.
scene_day3_scenes_fab_day3_logic_6346ee10c065ccc051a489a1ecff7695.bundle,跟升降梯控制面板互動,Say,システム画面C-2,8,かしこまりました。,알겠습니다.
scene_day3_scenes_fab_day3_logic_6346ee10c065ccc051a489a1ecff7695.bundle,跟升降梯控制面板互動,Branch,#Simple,7,室内照明をオンにする。,실내 조명을 켠다.
scene_day3_scenes_fab_day3_logic_6346ee10c065ccc051a489a1ecff7695.bundle,跟升降梯控制面板互動,Say,システム画面C-2,9,かしこまりました。,알겠습니다.
scene_day3_scenes_fab_day3_logic_6346ee10c065ccc051a489a1ecff7695.bundle,跟升降梯控制面板互動,Say,23,3,ちょっ！バカ！,"잠, 잠깐! 바보야!"
scene_day3_scenes_fab_day3_logic_6346ee10c065ccc051a489a1ecff7695.bundle,跟升降梯控制面板互動,Say,23,4,電気つけたら目立つでしょう！,불 켜면 눈에 띄잖아!
scene_day3_scenes_fab_day3_logic_6346ee10c065ccc051a489a1ecff7695.bundle,跟升降梯控制面板互動,Say,システム画面C-2,10,室内照明をオフにしました。,실내 조명을 껐습니다.
scene_day3_scenes_fab_day3_logic_6346ee10c065ccc051a489a1ecff7695.bundle,跟升降梯控制面板互動,Say,23,5,電気はうちが消しといたから。リフトも降りてるはずだよ。,불은 내가 꺼놨으니까. 리프트도 내려와 있을 거야.
scene_day3_scenes_fab_day3_logic_6346ee10c065ccc051a489a1ecff7695.bundle,跟升降梯控制面板互動,Say,23,6,早く制御室に入って！,빨리 제어실로 들어가!
scene_day3_scenes_fab_day3_logic_6346ee10c065ccc051a489a1ecff7695.bundle,跟升降梯控制面板互動,Branch,#Simple,8,遠隔操作ができるのか？,원격 조작이 가능한 건가?
scene_day3_scenes_fab_day3_logic_6346ee10c065ccc051a489a1ecff7695.bundle,跟升降梯控制面板互動,Say,23,7,誰かがその現にいてくれればね。,누군가가 현장에 있어주면 말이지.
scene_day3_scenes_fab_day3_logic_6346ee10c065ccc051a489a1ecff7695.bundle,跟升降梯控制面板互動,Say,23,8,さあ、急いで！,"자, 서둘러!"
scene_day3_scenes_fab_day3_logic_6346ee10c065ccc051a489a1ecff7695.bundle,跟升降梯控制面板互動,Branch,#Simple,9,すまない、電気を付けてみたかったんだ。,"미안, 불을 한번 켜보고 싶었어."
scene_day3_scenes_fab_day3_logic_6346ee10c065ccc051a489a1ecff7695.bundle,跟升降梯控制面板互動,Say,23,9,もー！,아 진짜!
scene_day3_scenes_fab_day3_logic_6346ee10c065ccc051a489a1ecff7695.bundle,跟升降梯控制面板互動,Say,23,10,さあ、急いで！,"자, 서둘러!"
scene_day3_scenes_fab_day3_logic_6346ee10c065ccc051a489a1ecff7695.bundle,跟升降梯控制面板互動,Branch,#Simple,10,……,……
scene_day3_scenes_fab_day3_logic_6346ee10c065ccc051a489a1ecff7695.bundle,跟升降梯控制面板互動,Branch,#Simple,11,セラーの監視カメラの電源を入れる。,저장고 감시 카메라 전원을 켠다.
scene_day3_scenes_fab_day3_logic_6346ee10c065ccc051a489a1ecff7695.bundle,跟升降梯控制面板互動,Say,システム画面C-2,11,接続できないため、操作できませんでした。,"연결할 수 없어, 조작하지 못했습니다."
scene_day3_scenes_fab_day3_logic_6346ee10c065ccc051a489a1ecff7695.bundle,跟升降梯控制面板互動,Branch,#Simple,12,連絡システムをオンにする。,연락 시스템을 켠다.
scene_day3_scenes_fab_day3_logic_6346ee10c065ccc051a489a1ecff7695.bundle,跟升降梯控制面板互動,Say,システム画面C-2,12,接続できないため、操作できませんでした。,"연결할 수 없어, 조작하지 못했습니다."
scene_day3_scenes_fab_day3_logic_6346ee10c065ccc051a489a1ecff7695.bundle,跟升降梯控制面板互動,Say,23,11,楽勝。操作組を選んでくれてよかった～,식은 죽 먹기네. 조작조 선택해줘서 다행이다~
scene_day3_scenes_fab_day3_logic_6346ee10c065ccc051a489a1ecff7695.bundle,進入控制室準備插破解器,Say,23,0,中に入れた？,안에 들어갔어?
scene_day3_scenes_fab_day3_logic_6346ee10c065ccc051a489a1ecff7695.bundle,進入控制室準備插破解器,Branch,#Simple,0,ああ。,아.
scene_day3_scenes_fab_day3_logic_6346ee10c065ccc051a489a1ecff7695.bundle,進入控制室準備插破解器,Say,23,1,よし。,좋아.
scene_day3_scenes_fab_day3_logic_6346ee10c065ccc051a489a1ecff7695.bundle,進入控制室準備插破解器,Branch,#Simple,1,見えないのにどうしてわかった？,안 보이는데 어떻게 안 거지?
scene_day3_scenes_fab_day3_logic_6346ee10c065ccc051a489a1ecff7695.bundle,進入控制室準備插破解器,Say,23,2,急に電波が乱れたからわかったのよ。あそこは電波干渉が凄いからね。,갑자기 전파가 흐트러져서 알았어. 거긴 전파 간섭이 심하니까.
scene_day3_scenes_fab_day3_logic_6346ee10c065ccc051a489a1ecff7695.bundle,進入控制室準備插破解器,Say,23,3,目の前に大きな制御台があるはずだから、端子を探して。,"눈앞에 큰 제어대가 있을 테니까, 단자를 찾아봐."
scene_day3_scenes_fab_day3_logic_6346ee10c065ccc051a489a1ecff7695.bundle,進入控制室準備插破解器,Branch,#Simple,2,わかった。,알았어.
scene_day3_scenes_fab_day3_logic_6346ee10c065ccc051a489a1ecff7695.bundle,進入控制室準備插破解器,Branch,#Simple,3,どんな端子だ？,어떤 단자지?
scene_day3_scenes_fab_day3_logic_6346ee10c065ccc051a489a1ecff7695.bundle,進入控制室準備插破解器,Say,23,4,正方形のやつ！横に光ったランプがついてるはず。,정사각형인 거! 옆에 빛나는 램프가 붙어있을 거야.
scene_day3_scenes_fab_day3_logic_6346ee10c065ccc051a489a1ecff7695.bundle,進入控制室準備插破解器,Branch,#Simple,4,……,……
scene_day3_scenes_fab_day3_logic_6346ee10c065ccc051a489a1ecff7695.bundle,進入控制室準備插破解器,Say,23,5,見つかったらハックユニットを挿して。,찾으면 해킹 유닛을 꽂아.
scene_day3_scenes_fab_day3_logic_6346ee10c065ccc051a489a1ecff7695.bundle,進入控制室準備插破解器,Branch,#Simple,5,これでいいのか？,이걸로 되는 거야?
scene_day3_scenes_fab_day3_logic_6346ee10c065ccc051a489a1ecff7695.bundle,進入控制室準備插破解器,Say,23,6,簡単でしょう？この私が設計したのよ。,간단하지? 다름 아닌 내가 설계한 거니까.
scene_day3_scenes_fab_day3_logic_6346ee10c065ccc051a489a1ecff7695.bundle,進入控制室準備插破解器,Say,23,7,私は使いやすさをとても重視しているからね。,나는 사용 편의성을 굉장히 중시하거든.
scene_day3_scenes_fab_day3_logic_6346ee10c065ccc051a489a1ecff7695.bundle,進入控制室準備插破解器,Say,心の声,0,本当なのか、冗談なのかわからないな……,"진심인지, 농담인지 모르겠군……"
scene_day3_scenes_fab_day3_logic_6346ee10c065ccc051a489a1ecff7695.bundle,進入控制室準備插破解器,Branch,#Simple,6,了解。,알겠습니다.
scene_day3_scenes_fab_day3_logic_6346ee10c065ccc051a489a1ecff7695.bundle,進入控制室準備插破解器,Branch,#Simple,7,……,……
scene_day3_scenes_fab_day3_logic_6346ee10c065ccc051a489a1ecff7695.bundle,進入控制室準備插破解器,Say,23,8,ジェイ、急いで。セラーに沢山の人が向かってるみたい。,"제이, 서둘러. 저장고로 사람들이 많이 몰려오고 있는 것 같아."
scene_day3_scenes_fab_day3_logic_6346ee10c065ccc051a489a1ecff7695.bundle,進入控制室準備插破解器,Say,23,9,車の行き先はあんたよ。,차 목적지가 너야.
scene_day3_scenes_fab_day3_logic_6346ee10c065ccc051a489a1ecff7695.bundle,進入控制室準備插破解器,Branch,#Simple,8,誰？,누구야?
scene_day3_scenes_fab_day3_logic_6346ee10c065ccc051a489a1ecff7695.bundle,進入控制室準備插破解器,Say,23,10,映像がないからわからないけど、身分識別では本社の人みたいね。,"영상이 없어서 모르겠지만, 신분 식별로는 본사 사람인 것 같네."
scene_day3_scenes_fab_day3_logic_6346ee10c065ccc051a489a1ecff7695.bundle,進入控制室準備插破解器,Branch,#Simple,9,わかった。,알았어.
scene_day3_scenes_fab_day3_logic_6346ee10c065ccc051a489a1ecff7695.bundle,進入控制室準備插破解器,Branch,#Simple,10,……,……
scene_day3_scenes_fab_day3_logic_6346ee10c065ccc051a489a1ecff7695.bundle,地窖電梯間巧遇何歆翊,Say,レイカ･ホウ,0,よっ！,야!
scene_day3_scenes_fab_day3_logic_6346ee10c065ccc051a489a1ecff7695.bundle,地窖電梯間巧遇何歆翊,Say,レイカ･ホウ,1,あなたは確か……,당신은 분명……
scene_day3_scenes_fab_day3_logic_6346ee10c065ccc051a489a1ecff7695.bundle,地窖電梯間巧遇何歆翊,Branch,#Simple,0,ジェイ･ダイです。,제이 다이입니다.
scene_day3_scenes_fab_day3_logic_6346ee10c065ccc051a489a1ecff7695.bundle,地窖電梯間巧遇何歆翊,Branch,#Simple,1,研修の時にお会いしました。,연수 때 뵀었어요.
scene_day3_scenes_fab_day3_logic_6346ee10c065ccc051a489a1ecff7695.bundle,地窖電梯間巧遇何歆翊,Branch,#Simple,2,……,……
scene_day3_scenes_fab_day3_logic_6346ee10c065ccc051a489a1ecff7695.bundle,地窖電梯間巧遇何歆翊,Say,レイカ･ホウ,2,そうそう！イーちゃんと一緒にいた人！,맞다맞다! 이 짱이랑 같이 있던 사람!
scene_day3_scenes_fab_day3_logic_6346ee10c065ccc051a489a1ecff7695.bundle,地窖電梯間巧遇何歆翊,Say,レイカ･ホウ,3,奇遇だね。ジェイ。,우연이네. 제이.
scene_day3_scenes_fab_day3_logic_6346ee10c065ccc051a489a1ecff7695.bundle,地窖電梯間巧遇何歆翊,Say,レイカ･ホウ,4,エレベーターが来たから乗ろうか。,엘리베이터 왔으니까 탈까.
scene_day3_scenes_fab_day3_logic_6346ee10c065ccc051a489a1ecff7695.bundle,跟何歆翊搭電梯過程,Say,レイカ･ホウ,0,あ……,아……
scene_day3_scenes_fab_day3_logic_6346ee10c065ccc051a489a1ecff7695.bundle,跟何歆翊搭電梯過程,Say,レイカ･ホウ,1,あ……,아……
scene_day3_scenes_fab_day3_logic_6346ee10c065ccc051a489a1ecff7695.bundle,跟何歆翊搭電梯過程,Say,心の声,0,……,……
scene_day3_scenes_fab_day3_logic_6346ee10c065ccc051a489a1ecff7695.bundle,跟何歆翊搭電梯過程,Say,レイカ･ホウ,2,立ちっぱなしで疲れちゃった。このエレベーターにイスとか置くべきよね。,계속 서 있었더니 힘드네. 이 엘리베이터에 의자라도 놔야 하는데.
scene_day3_scenes_fab_day3_logic_6346ee10c065ccc051a489a1ecff7695.bundle,跟何歆翊搭電梯過程,Branch,#Simple,0,それはなぜ？,그건 왜죠?
scene_day3_scenes_fab_day3_logic_6346ee10c065ccc051a489a1ecff7695.bundle,跟何歆翊搭電梯過程,Say,レイカ･ホウ,3,だって移動時間が長いと思わない？それになかなか来ないし。,"그치, 이동 시간 길다고 생각 안 해? 게다가 잘 오지도 않고."
scene_day3_scenes_fab_day3_logic_6346ee10c065ccc051a489a1ecff7695.bundle,跟何歆翊搭電梯過程,Branch,#Simple,1,いい考えですね。,좋은 생각이네요.
scene_day3_scenes_fab_day3_logic_6346ee10c065ccc051a489a1ecff7695.bundle,跟何歆翊搭電梯過程,Say,レイカ･ホウ,4,でしょう？,그치?
scene_day3_scenes_fab_day3_logic_6346ee10c065ccc051a489a1ecff7695.bundle,跟何歆翊搭電梯過程,Branch,#Simple,2,……,……
scene_day3_scenes_fab_day3_logic_6346ee10c065ccc051a489a1ecff7695.bundle,跟何歆翊搭電梯過程,Say,レイカ･ホウ,5,はぁ、私が勝手にイスを作っちゃおうかな……,"하아, 내가 그냥 마음대로 의자 만들어버릴까……"
scene_day3_scenes_fab_day3_logic_6346ee10c065ccc051a489a1ecff7695.bundle,跟何歆翊搭電梯過程,Branch,#Simple,3,そんなことして大丈夫なんですか？,그래도 괜찮은 거예요?
scene_day3_scenes_fab_day3_logic_6346ee10c065ccc051a489a1ecff7695.bundle,跟何歆翊搭電梯過程,Say,レイカ･ホウ,6,鉄板を溶接すればいいだけの話だから、難しくないよ！,"철판만 용접하면 되는 거니까, 어렵지 않아!"
scene_day3_scenes_fab_day3_logic_6346ee10c065ccc051a489a1ecff7695.bundle,跟何歆翊搭電梯過程,Say,心の声,1,いや、そういうことじゃなくて……,"아니, 그런 뜻이 아니라……"
scene_day3_scenes_fab_day3_logic_6346ee10c065ccc051a489a1ecff7695.bundle,跟何歆翊搭電梯過程,Branch,#Simple,4,自分でイスを持ち歩けばいいのでは？,그냥 본인이 의자를 들고 다니면 되지 않을까요?
scene_day3_scenes_fab_day3_logic_6346ee10c065ccc051a489a1ecff7695.bundle,跟何歆翊搭電梯過程,Say,レイカ･ホウ,7,嫌だよ！重いし、私しか使えないでしょ！,"싫어! 무겁고, 나만 쓸 수 있잖아!"
scene_day3_scenes_fab_day3_logic_6346ee10c065ccc051a489a1ecff7695.bundle,跟何歆翊搭電梯過程,Say,レイカ･ホウ,8,私は皆のことも考えて言ってるの！,나는 다들 생각해서 말하는 거야!
scene_day3_scenes_fab_day3_logic_6346ee10c065ccc051a489a1ecff7695.bundle,跟何歆翊搭電梯過程,Branch,#Simple,5,……,……
scene_day3_scenes_fab_day3_logic_6346ee10c065ccc051a489a1ecff7695.bundle,跟何歆翊搭電梯過程,Say,レイカ･ホウ,9,まあ、でも重量のことも考えないとね。鉄のイスを設置したら最大定員少なくなっちゃうか……,"뭐, 그래도 무게도 생각해야지. 철제 의자 설치하면 최대 정원이 줄어드나……"
scene_day3_scenes_fab_day3_logic_6346ee10c065ccc051a489a1ecff7695.bundle,跟何歆翊搭電梯過程,Say,心の声,2,本気でイスを作るつもりなのか……,진짜로 의자를 만들 생각인가……
scene_day3_scenes_fab_day3_logic_6346ee10c065ccc051a489a1ecff7695.bundle,跟何歆翊搭電梯過程,Say,レイカ･ホウ,10,そうだ。あなたはもう正式職員になったの？,맞다. 너 이제 정식 직원 된 거야?
scene_day3_scenes_fab_day3_logic_6346ee10c065ccc051a489a1ecff7695.bundle,跟何歆翊搭電梯過程,Branch,#Simple,6,そうですね。,그러게요.
scene_day3_scenes_fab_day3_logic_6346ee10c065ccc051a489a1ecff7695.bundle,跟何歆翊搭電梯過程,Branch,#Simple,7,来週からになると思います。,다음 주부터일 것 같아요.
scene_day3_scenes_fab_day3_logic_6346ee10c065ccc051a489a1ecff7695.bundle,跟何歆翊搭電梯過程,Say,レイカ･ホウ,11,そう……,그렇구나……
scene_day3_scenes_fab_day3_logic_6346ee10c065ccc051a489a1ecff7695.bundle,跟何歆翊搭電梯過程,Say,レイカ･ホウ,12,操作組？,조작조?
scene_day3_scenes_fab_day3_logic_6346ee10c065ccc051a489a1ecff7695.bundle,跟何歆翊搭電梯過程,Branch,#Simple,8,正解です。,정답이에요.
scene_day3_scenes_fab_day3_logic_6346ee10c065ccc051a489a1ecff7695.bundle,跟何歆翊搭電梯過程,Say,レイカ･ホウ,13,ハハッ！やっぱりね！,하핫! 역시 그랬구나!
scene_day3_scenes_fab_day3_logic_6346ee10c065ccc051a489a1ecff7695.bundle,跟何歆翊搭電梯過程,Branch,#Simple,9,どうしてわかったんだ？,어떻게 안 거지?
scene_day3_scenes_fab_day3_logic_6346ee10c065ccc051a489a1ecff7695.bundle,跟何歆翊搭電梯過程,Say,レイカ･ホウ,14,勘かな。,감이랄까.
scene_day3_scenes_fab_day3_logic_6346ee10c065ccc051a489a1ecff7695.bundle,跟何歆翊搭電梯過程,Say,レイカ･ホウ,15,あなたはシュンと雰囲気が似ているからね。,너는 슌이랑 분위기가 비슷하거든.
scene_day3_scenes_fab_day3_logic_6346ee10c065ccc051a489a1ecff7695.bundle,跟何歆翊搭電梯過程,Branch,#Simple,10,選別組です。,선별조예요.
scene_day3_scenes_fab_day3_logic_6346ee10c065ccc051a489a1ecff7695.bundle,跟何歆翊搭電梯過程,Branch,#Simple,11,いいえ。,아뇨.
scene_day3_scenes_fab_day3_logic_6346ee10c065ccc051a489a1ecff7695.bundle,跟何歆翊搭電梯過程,Say,レイカ･ホウ,16,え？本当に？,어? 진짜?
scene_day3_scenes_fab_day3_logic_6346ee10c065ccc051a489a1ecff7695.bundle,跟何歆翊搭電梯過程,Say,レイカ･ホウ,17,シュンと雰囲気が似てるから、操作組に行くと思った。,"슌이랑 분위기가 비슷해서, 조작조 가는 줄 알았어."
scene_day3_scenes_fab_day3_logic_6346ee10c065ccc051a489a1ecff7695.bundle,跟何歆翊搭電梯過程,Branch,#Simple,12,正直に言うと、操作組に採用されなかったんです。,"솔직히 말하면, 조작조에서 채용 안 해줬어요."
scene_day3_scenes_fab_day3_logic_6346ee10c065ccc051a489a1ecff7695.bundle,跟何歆翊搭電梯過程,Say,レイカ･ホウ,18,そっか。まあ、それはそれでいいことだと思うよ。,"그렇구나. 뭐, 그건 그것대로 좋은 일이라고 생각해."
scene_day3_scenes_fab_day3_logic_6346ee10c065ccc051a489a1ecff7695.bundle,跟何歆翊搭電梯過程,Branch,#Simple,13,それはなぜ？,그건 왜죠?
scene_day3_scenes_fab_day3_logic_6346ee10c065ccc051a489a1ecff7695.bundle,跟何歆翊搭電梯過程,Say,レイカ･ホウ,19,シュンの判断は結構当たるからね。,슌의 판단은 꽤 잘 맞거든.
scene_day3_scenes_fab_day3_logic_6346ee10c065ccc051a489a1ecff7695.bundle,跟何歆翊搭電梯過程,Say,レイカ･ホウ,20,採用しないってことは、あなたはその仕事に適してないってことよ。,"채용 안 한다는 건, 네가 그 일에 안 맞는다는 거야."
scene_day3_scenes_fab_day3_logic_6346ee10c065ccc051a489a1ecff7695.bundle,跟何歆翊搭電梯過程,Say,レイカ･ホウ,21,そんな状態で操作組に行っても大変だと思うよ。,그런 상태로 조작조 가도 힘들 것 같아.
scene_day3_scenes_fab_day3_logic_6346ee10c065ccc051a489a1ecff7695.bundle,跟何歆翊搭電梯過程,Say,心の声,3,そうかもしれない……,그럴지도 모르겠다……
scene_day3_scenes_fab_day3_logic_6346ee10c065ccc051a489a1ecff7695.bundle,跟何歆翊搭電梯過程,Branch,#Simple,14,……,……
scene_day3_scenes_fab_day3_logic_6346ee10c065ccc051a489a1ecff7695.bundle,跟何歆翊搭電梯過程,Branch,#Simple,15,……,……
scene_day3_scenes_fab_day3_logic_6346ee10c065ccc051a489a1ecff7695.bundle,跟何歆翊搭電梯過程,Say,レイカ･ホウ,22,あれ？あなたって確か、昨日操作組で研修してたよね？,"어라? 너 분명, 어제 조작조에서 연수받고 있었지?"
scene_day3_scenes_fab_day3_logic_6346ee10c065ccc051a489a1ecff7695.bundle,跟何歆翊搭電梯過程,Say,レイカ･ホウ,23,まさか事故の瞬間を見ちゃった？,설마 사고 순간을 봐버린 거야?
scene_day3_scenes_fab_day3_logic_6346ee10c065ccc051a489a1ecff7695.bundle,跟何歆翊搭電梯過程,Branch,#Simple,16,はい。あの時は操作組にいました。,네. 그때는 조작조에 있었어요.
scene_day3_scenes_fab_day3_logic_6346ee10c065ccc051a489a1ecff7695.bundle,跟何歆翊搭電梯過程,Branch,#Simple,17,棚上げをしていたので。,선반 정리를 하고 있어서요.
scene_day3_scenes_fab_day3_logic_6346ee10c065ccc051a489a1ecff7695.bundle,跟何歆翊搭電梯過程,Say,レイカ･ホウ,24,あー、それは大変だったね……,"아, 그거 힘들었겠다……"
scene_day3_scenes_fab_day3_logic_6346ee10c065ccc051a489a1ecff7695.bundle,跟何歆翊搭電梯過程,Say,レイカ･ホウ,25,今、全力で修理にあたっているけど、どこに問題があったのかすらわからないの……,"지금, 전력으로 수리하고 있는데, 어디에 문제가 있었는지조차 모르겠어……"
scene_day3_scenes_fab_day3_logic_6346ee10c065ccc051a489a1ecff7695.bundle,跟何歆翊搭電梯過程,Say,レイカ･ホウ,26,逐一に設備を止めてチェックしようって話になったのだけど……,설비를 하나씩 멈춰가면서 점검하자는 얘기가 나왔는데……
scene_day3_scenes_fab_day3_logic_6346ee10c065ccc051a489a1ecff7695.bundle,跟何歆翊搭電梯過程,Say,レイカ･ホウ,27,監視システムを一時間止めるために、本社と長々と交渉をしないといけないの。,"감시 시스템을 한 시간 멈추려면, 본사랑 한참 협상해야 해."
scene_day3_scenes_fab_day3_logic_6346ee10c065ccc051a489a1ecff7695.bundle,跟何歆翊搭電梯過程,Say,レイカ･ホウ,28,何をそんなに拘っているのかしらね！,뭘 그렇게 까다롭게 구는지!
scene_day3_scenes_fab_day3_logic_6346ee10c065ccc051a489a1ecff7695.bundle,跟何歆翊搭電梯過程,Say,レイカ･ホウ,29,たったの一時間だけだし、その一時間の間にダブルセブンが急に現れて、セラーの資料を盗みに来るわけでもあるまいし！,"겨우 한 시간뿐이고, 그 한 시간 동안 더블세븐이 갑자기 나타나서, 저장고 자료를 훔쳐 가는 것도 아닐 텐데!"
scene_day3_scenes_fab_day3_logic_6346ee10c065ccc051a489a1ecff7695.bundle,跟何歆翊搭電梯過程,Say,心の声,4,……,……
scene_day3_scenes_fab_day3_logic_6346ee10c065ccc051a489a1ecff7695.bundle,跟何歆翊搭電梯過程,Say,レイカ･ホウ,30,それにしても、今回の事故は本当に酷かった。ベテランの社員だってこんなのは初めてだって言ってたくらいよ。,"그나저나, 이번 사고는 진짜 심각했어. 베테랑 직원조차 이런 건 처음이라고 할 정도였다니까."
scene_day3_scenes_fab_day3_logic_6346ee10c065ccc051a489a1ecff7695.bundle,跟何歆翊搭電梯過程,Say,レイカ･ホウ,31,全エリアの設備が一斉に止まるなんて……ただの事故とは思えないのよね……,전 구역 설비가 일제히 멈추다니……그냥 사고라고는 생각이 안 되는데……
scene_day3_scenes_fab_day3_logic_6346ee10c065ccc051a489a1ecff7695.bundle,跟何歆翊搭電梯過程,Branch,#Simple,18,誰かが破壊した可能性は？,누군가 파괴했을 가능성은요?
scene_day3_scenes_fab_day3_logic_6346ee10c065ccc051a489a1ecff7695.bundle,跟何歆翊搭電梯過程,Say,レイカ･ホウ,32,可能性は無きにしも非ずね。まあ、本当に誰かの仕業ならかなり大変な作業だけどね。,"가능성이 아예 없진 않지. 뭐, 진짜 누군가 벌인 일이라면 꽤 큰일이겠지만."
scene_day3_scenes_fab_day3_logic_6346ee10c065ccc051a489a1ecff7695.bundle,跟何歆翊搭電梯過程,Say,レイカ･ホウ,33,それにそんなことをしても、意味はないだろうしね。私たちがすぐ修復できるし……,"게다가 그런 짓을 해도, 의미도 없을 거고. 우리가 바로 복구할 수 있으니까……"
scene_day3_scenes_fab_day3_logic_6346ee10c065ccc051a489a1ecff7695.bundle,跟何歆翊搭電梯過程,Branch,#Simple,19,事故が起きたのは操作組だけでは？,사고가 난 건 조작조뿐 아니었나요?
scene_day3_scenes_fab_day3_logic_6346ee10c065ccc051a489a1ecff7695.bundle,跟何歆翊搭電梯過程,Say,レイカ･ホウ,34,いえ、セラー全体が一気に事故ったの。,"아니, 저장고 전체가 한꺼번에 사고 났어."
scene_day3_scenes_fab_day3_logic_6346ee10c065ccc051a489a1ecff7695.bundle,跟何歆翊搭電梯過程,Branch,#Simple,20,……,……
scene_day3_scenes_fab_day3_logic_6346ee10c065ccc051a489a1ecff7695.bundle,跟何歆翊搭電梯過程,Say,レイカ･ホウ,35,あ、ごめんね、急にこんな重苦しい話しちゃって。,"아, 미안, 갑자기 이렇게 무거운 얘기 해서."
scene_day3_scenes_fab_day3_logic_6346ee10c065ccc051a489a1ecff7695.bundle,跟何歆翊搭電梯過程,Branch,#Simple,21,いえ、大した事では……,"아뇨, 별거 아니……"
scene_day3_scenes_fab_day3_logic_6346ee10c065ccc051a489a1ecff7695.bundle,跟何歆翊搭電梯過程,Branch,#Simple,22,……,……
scene_day3_scenes_fab_day3_logic_6346ee10c065ccc051a489a1ecff7695.bundle,跟何歆翊搭電梯過程,Say,レイカ･ホウ,36,そうだ。セイさんの件がどうなったか聞いてる？,맞다. 세이 씨 건 어떻게 됐는지 들었어?
scene_day3_scenes_fab_day3_logic_6346ee10c065ccc051a489a1ecff7695.bundle,跟何歆翊搭電梯過程,Say,心の声,5,……,……
scene_day3_scenes_fab_day3_logic_6346ee10c065ccc051a489a1ecff7695.bundle,跟何歆翊搭電梯過程,Say,心の声,6,ああ、ハードディスクを探していたセイ･リンの件か……,"아, 하드디스크 찾고 있던 세이 린 건인가……"
scene_day3_scenes_fab_day3_logic_6346ee10c065ccc051a489a1ecff7695.bundle,跟何歆翊搭電梯過程,Say,レイカ･ホウ,37,あなたにもお礼を言わなきゃね。,너한테도 고맙다고 해야겠네.
scene_day3_scenes_fab_day3_logic_6346ee10c065ccc051a489a1ecff7695.bundle,跟何歆翊搭電梯過程,Branch,#Simple,23,どうしてですか？,왜요?
scene_day3_scenes_fab_day3_logic_6346ee10c065ccc051a489a1ecff7695.bundle,跟何歆翊搭電梯過程,Branch,#Simple,24,どういたしまして。,천만에요.
scene_day3_scenes_fab_day3_logic_6346ee10c065ccc051a489a1ecff7695.bundle,跟何歆翊搭電梯過程,Say,レイカ･ホウ,38,ハハハ！面白い人ね。,하하하! 재밌는 사람이네.
scene_day3_scenes_fab_day3_logic_6346ee10c065ccc051a489a1ecff7695.bundle,跟何歆翊搭電梯過程,Say,レイカ･ホウ,39,何についてお礼を言いたいのか、わかってるの？,"뭐에 대해 고맙다고 하는 건지, 알고 있는 거야?"
scene_day3_scenes_fab_day3_logic_6346ee10c065ccc051a489a1ecff7695.bundle,跟何歆翊搭電梯過程,Branch,#Simple,25,……,……
scene_day3_scenes_fab_day3_logic_6346ee10c065ccc051a489a1ecff7695.bundle,跟何歆翊搭電梯過程,Say,レイカ･ホウ,40,実はあの後、ハードディスクが見つかったってリョウさんからメッセージが届いたの。,"실은 그 후에, 하드디스크를 찾았다고 료 씨한테서 메시지가 왔어."
scene_day3_scenes_fab_day3_logic_6346ee10c065ccc051a489a1ecff7695.bundle,跟何歆翊搭電梯過程,Say,レイカ･ホウ,41,リョウさんはハードディスクがなくなったことすら知らなかったみたいね。本当に助かったよ。,료 씨는 하드디스크가 없어진 것조차 몰랐던 것 같아. 정말 살았어.
scene_day3_scenes_fab_day3_logic_6346ee10c065ccc051a489a1ecff7695.bundle,跟何歆翊搭電梯過程,Say,レイカ･ホウ,42,でも、次は助っ人を頼んじゃだめだってさ。リョウさんから怒られたのはそれだけ！,"근데, 다음엔 도우미 부르면 안 된대. 료 씨한테 혼난 건 그것뿐이야!"
scene_day3_scenes_fab_day3_logic_6346ee10c065ccc051a489a1ecff7695.bundle,跟何歆翊搭電梯過程,Say,レイカ･ホウ,43,実はあの後、ハードディスクが見つかったってリョウさんからメッセージが届いたの。,"실은 그 후에, 하드디스크를 찾았다고 료 씨한테서 메시지가 왔어."
scene_day3_scenes_fab_day3_logic_6346ee10c065ccc051a489a1ecff7695.bundle,跟何歆翊搭電梯過程,Say,レイカ･ホウ,44,セイさんはこっぴどく怒られたみたいだけど、実質的な罰はなかったみたい。,"세이 씨는 호되게 혼난 것 같은데, 실질적인 벌은 없었던 것 같아."
scene_day3_scenes_fab_day3_logic_6346ee10c065ccc051a489a1ecff7695.bundle,跟何歆翊搭電梯過程,Say,レイカ･ホウ,45,セイさんが本当に感謝してたのよ！,세이 씨가 진짜 고마워했다니까!
scene_day3_scenes_fab_day3_logic_6346ee10c065ccc051a489a1ecff7695.bundle,跟何歆翊搭電梯過程,Say,レイカ･ホウ,46,でも、時間稼ぎすら手伝ってくれないって言われた時には、ケチな人って思ったけどね。,"근데, 시간 끄는 것조차 안 도와준다고 했을 때는, 쩨쩨한 사람이라고 생각했지만."
scene_day3_scenes_fab_day3_logic_6346ee10c065ccc051a489a1ecff7695.bundle,跟何歆翊搭電梯過程,Say,レイカ･ホウ,47,誤解だったね。,오해였네.
scene_day3_scenes_fab_day3_logic_6346ee10c065ccc051a489a1ecff7695.bundle,跟何歆翊搭電梯過程,Say,レイカ･ホウ,48,へへっ、ごめんね。,"헤헤, 미안."
scene_day3_scenes_fab_day3_logic_6346ee10c065ccc051a489a1ecff7695.bundle,跟何歆翊搭電梯過程,Say,レイカ･ホウ,49,ところでハードディスクはどこで見つけたの？,그런데 하드디스크는 어디서 찾은 거야?
scene_day3_scenes_fab_day3_logic_6346ee10c065ccc051a489a1ecff7695.bundle,跟何歆翊搭電梯過程,Branch,#Simple,26,警備員に知り合いがいたので。,경비원 중에 아는 사람이 있어서요.
scene_day3_scenes_fab_day3_logic_6346ee10c065ccc051a489a1ecff7695.bundle,跟何歆翊搭電梯過程,Say,レイカ･ホウ,50,なるほど。でも意外だったな。,그렇구나. 근데 의외였어.
scene_day3_scenes_fab_day3_logic_6346ee10c065ccc051a489a1ecff7695.bundle,跟何歆翊搭電梯過程,Branch,#Simple,27,ホームにいる警備員に尋ねました。,승강장에 있는 경비원한테 물어봤어요.
scene_day3_scenes_fab_day3_logic_6346ee10c065ccc051a489a1ecff7695.bundle,跟何歆翊搭電梯過程,Say,レイカ･ホウ,51,それで見つかったの！？,그래서 찾은 거야!?
scene_day3_scenes_fab_day3_logic_6346ee10c065ccc051a489a1ecff7695.bundle,跟何歆翊搭電梯過程,Say,レイカ･ホウ,52,私も何度か警備員と交流があるけど、彼らってロボットみたいなのよね。,"나도 몇 번 경비원이랑 얘기해본 적 있는데, 걔네 로봇 같더라."
scene_day3_scenes_fab_day3_logic_6346ee10c065ccc051a489a1ecff7695.bundle,跟何歆翊搭電梯過程,Say,レイカ･ホウ,53,頭は悪くないのに、ルール通りにしか動かないから冷たいのよ……,"머리는 나쁘지 않은데, 규칙대로만 움직여서 차갑다니까……"
scene_day3_scenes_fab_day3_logic_6346ee10c065ccc051a489a1ecff7695.bundle,跟何歆翊搭電梯過程,Say,心の声,7,ユウ･ショウは全く当てはまらないな。,유 쇼는 전혀 해당 안 되는데.
scene_day3_scenes_fab_day3_logic_6346ee10c065ccc051a489a1ecff7695.bundle,跟何歆翊搭電梯過程,Say,レイカ･ホウ,54,警備員を説得できたなんて、本当に凄い！,"경비원을 설득했다니, 진짜 대단하다!"
scene_day3_scenes_fab_day3_logic_6346ee10c065ccc051a489a1ecff7695.bundle,跟何歆翊搭電梯過程,Say,レイカ･ホウ,55,あなたにもお礼を言わなきゃね。,너한테도 고맙다고 해야겠네.
scene_day3_scenes_fab_day3_logic_6346ee10c065ccc051a489a1ecff7695.bundle,跟何歆翊搭電梯過程,Branch,#Simple,28,どうしてですか？,왜요?
scene_day3_scenes_fab_day3_logic_6346ee10c065ccc051a489a1ecff7695.bundle,跟何歆翊搭電梯過程,Branch,#Simple,29,どういたしまして。,천만에요.
scene_day3_scenes_fab_day3_logic_6346ee10c065ccc051a489a1ecff7695.bundle,跟何歆翊搭電梯過程,Say,レイカ･ホウ,56,ハハハ！面白い人ね。,하하하! 재밌는 사람이네.
scene_day3_scenes_fab_day3_logic_6346ee10c065ccc051a489a1ecff7695.bundle,跟何歆翊搭電梯過程,Say,レイカ･ホウ,57,何についてお礼を言いたいのか、わかってるの？,"뭐에 대해 고맙다고 하는 건지, 알고 있는 거야?"
scene_day3_scenes_fab_day3_logic_6346ee10c065ccc051a489a1ecff7695.bundle,跟何歆翊搭電梯過程,Branch,#Simple,30,……,……
scene_day3_scenes_fab_day3_logic_6346ee10c065ccc051a489a1ecff7695.bundle,跟何歆翊搭電梯過程,Say,レイカ･ホウ,58,あなたが頑張って説得してくれたから、リョウさんが本社に掛け合ってくれたのよ。,"네가 열심히 설득해준 덕분에, 료 씨가 본사에 얘기해준 거야."
scene_day3_scenes_fab_day3_logic_6346ee10c065ccc051a489a1ecff7695.bundle,跟何歆翊搭電梯過程,Say,心の声,8,確かに説得は試みたが、チキョウはセイ･リンを許す気はないと言っていたはずだ……,"확실히 설득을 시도하긴 했지만, 치쿄는 세이 린을 용서할 생각 없다고 했었는데……"
scene_day3_scenes_fab_day3_logic_6346ee10c065ccc051a489a1ecff7695.bundle,跟何歆翊搭電梯過程,Say,心の声,9,……もしかして意外と優しいやつなのか？,……혹시 의외로 다정한 녀석인 건가?
scene_day3_scenes_fab_day3_logic_6346ee10c065ccc051a489a1ecff7695.bundle,跟何歆翊搭電梯過程,Say,レイカ･ホウ,59,セイさんが本当に感謝してたのよ！,세이 씨가 진짜 고마워했다니까!
scene_day3_scenes_fab_day3_logic_6346ee10c065ccc051a489a1ecff7695.bundle,跟何歆翊搭電梯過程,Say,レイカ･ホウ,60,でも、時間稼ぎすら手伝ってくれないって言われた時には、ケチな人って思ったけどね。,"근데, 시간 끄는 것조차 안 도와준다고 했을 때는, 쩨쩨한 사람이라고 생각했지만."
scene_day3_scenes_fab_day3_logic_6346ee10c065ccc051a489a1ecff7695.bundle,跟何歆翊搭電梯過程,Say,レイカ･ホウ,61,誤解だったね。,오해였네.
scene_day3_scenes_fab_day3_logic_6346ee10c065ccc051a489a1ecff7695.bundle,跟何歆翊搭電梯過程,Say,レイカ･ホウ,62,へへっ、ごめんね。,"헤헤, 미안."
scene_day3_scenes_fab_day3_logic_6346ee10c065ccc051a489a1ecff7695.bundle,跟何歆翊搭電梯過程,Say,レイカ･ホウ,63,本来ならセイさんはクビになるはずなんだけど、リョウさんが主な責任を肩代わりしてくれたの。,"원래라면 세이 씨는 해고당했을 텐데, 료 씨가 주된 책임을 대신 짊어져 준 거야."
scene_day3_scenes_fab_day3_logic_6346ee10c065ccc051a489a1ecff7695.bundle,跟何歆翊搭電梯過程,Say,レイカ･ホウ,64,だから一応、クビは免れたってわけ……,"그래서 일단, 해고는 면했다는 거지……"
scene_day3_scenes_fab_day3_logic_6346ee10c065ccc051a489a1ecff7695.bundle,跟何歆翊搭電梯過程,Say,心の声,10,あの時のチキョウの態度からして、そんなことをするようには見えなかったが。,"그때 치쿄의 태도로 봐선, 그런 걸 할 사람으로는 안 보였는데."
scene_day3_scenes_fab_day3_logic_6346ee10c065ccc051a489a1ecff7695.bundle,跟何歆翊搭電梯過程,Say,心の声,11,……もしかして意外と優しいやつなのか？,……혹시 의외로 다정한 녀석인 건가?
scene_day3_scenes_fab_day3_logic_6346ee10c065ccc051a489a1ecff7695.bundle,跟何歆翊搭電梯過程,Say,レイカ･ホウ,65,ハードディスクの一件はこんな感じ。,하드디스크 건은 이런 느낌이야.
scene_day3_scenes_fab_day3_logic_6346ee10c065ccc051a489a1ecff7695.bundle,跟何歆翊搭電梯過程,Say,心の声,12,俺は何の力にもなれていない……,나는 아무 도움도 못 됐군……
scene_day3_scenes_fab_day3_logic_6346ee10c065ccc051a489a1ecff7695.bundle,跟何歆翊搭電梯過程,Say,レイカ･ホウ,66,……,……
scene_day3_scenes_fab_day3_logic_6346ee10c065ccc051a489a1ecff7695.bundle,跟何歆翊搭電梯過程,Say,レイカ･ホウ,67,……,……
scene_day3_scenes_fab_day3_logic_6346ee10c065ccc051a489a1ecff7695.bundle,跟何歆翊搭電梯過程,Say,レイカ･ホウ,68,えっ、えええぇ……,"어, 어어어……"
scene_day3_scenes_fab_day3_logic_6346ee10c065ccc051a489a1ecff7695.bundle,跟何歆翊搭電梯過程,Say,レイカ･ホウ,69,うっ……,윽……
scene_day3_scenes_fab_day3_logic_6346ee10c065ccc051a489a1ecff7695.bundle,跟何歆翊搭電梯過程,Say,心の声,13,ん……？,응……?
scene_day3_scenes_fab_day3_logic_6346ee10c065ccc051a489a1ecff7695.bundle,跟何歆翊搭電梯過程,Say,レイカ･ホウ,70,ジェ、ジェイ……,"제, 제이……"
scene_day3_scenes_fab_day3_logic_6346ee10c065ccc051a489a1ecff7695.bundle,跟何歆翊搭電梯過程,Say,レイカ･ホウ,71,急で申し訳ないのだけど……,갑작스러워서 미안한데……
scene_day3_scenes_fab_day3_logic_6346ee10c065ccc051a489a1ecff7695.bundle,跟何歆翊搭電梯過程,Say,レイカ･ホウ,72,一つ頼みを聞いてくれない？,부탁 하나 들어주지 않을래?
scene_day3_scenes_fab_day3_logic_6346ee10c065ccc051a489a1ecff7695.bundle,跟何歆翊搭電梯過程,Branch,#Simple,31,私じゃないと頼めないことですか？,저 아니면 부탁할 수 없는 일인가요?
scene_day3_scenes_fab_day3_logic_6346ee10c065ccc051a489a1ecff7695.bundle,跟何歆翊搭電梯過程,Say,レイカ･ホウ,73,ハハハ、嫌そうな言い方ね！,"하하하, 싫은 것 같은 말투네!"
scene_day3_scenes_fab_day3_logic_6346ee10c065ccc051a489a1ecff7695.bundle,跟何歆翊搭電梯過程,Branch,#Simple,32,まずは話を聞かせてください。,우선 얘기부터 들려주세요.
scene_day3_scenes_fab_day3_logic_6346ee10c065ccc051a489a1ecff7695.bundle,跟何歆翊搭電梯過程,Say,レイカ･ホウ,74,それもそうだね……,그것도 그렇네……
scene_day3_scenes_fab_day3_logic_6346ee10c065ccc051a489a1ecff7695.bundle,跟何歆翊搭電梯過程,Branch,#Simple,33,仕事が増えるのは困ります。,일이 늘어나는 건 곤란해요.
scene_day3_scenes_fab_day3_logic_6346ee10c065ccc051a489a1ecff7695.bundle,跟何歆翊搭電梯過程,Say,レイカ･ホウ,75,仕事の話じゃないから！,일 얘기 아니니까!
scene_day3_scenes_fab_day3_logic_6346ee10c065ccc051a489a1ecff7695.bundle,跟何歆翊搭電梯過程,Branch,#Simple,34,……,……
scene_day3_scenes_fab_day3_logic_6346ee10c065ccc051a489a1ecff7695.bundle,跟何歆翊搭電梯過程,Branch,#Simple,35,ますは話を聞かせてください。,우선 얘기부터 들려주세요.
scene_day3_scenes_fab_day3_logic_6346ee10c065ccc051a489a1ecff7695.bundle,跟何歆翊搭電梯過程,Say,レイカ･ホウ,76,それもそうだね……,그것도 그렇네……
scene_day3_scenes_fab_day3_logic_6346ee10c065ccc051a489a1ecff7695.bundle,跟何歆翊搭電梯過程,Say,レイカ･ホウ,77,あのさ……,있잖아……
scene_day3_scenes_fab_day3_logic_6346ee10c065ccc051a489a1ecff7695.bundle,跟何歆翊搭電梯過程,Say,レイカ･ホウ,78,この前、デートの件について話したの覚えてる？,"저번에, 데이트 건에 대해 얘기했던 거 기억해?"
scene_day3_scenes_fab_day3_logic_6346ee10c065ccc051a489a1ecff7695.bundle,跟何歆翊搭電梯過程,Say,レイカ･ホウ,79,私、あれから沢山考えたの……,"나, 그 후로 엄청 많이 생각했어……"
scene_day3_scenes_fab_day3_logic_6346ee10c065ccc051a489a1ecff7695.bundle,跟何歆翊搭電梯過程,Say,レイカ･ホウ,80,それでね、イーちゃんをデートに誘ったの！,"그래서, 이짱을 데이트에 초대했어!"
scene_day3_scenes_fab_day3_logic_6346ee10c065ccc051a489a1ecff7695.bundle,跟何歆翊搭電梯過程,Branch,#Simple,36,それはなぜ？,그건 왜죠?
scene_day3_scenes_fab_day3_logic_6346ee10c065ccc051a489a1ecff7695.bundle,跟何歆翊搭電梯過程,Say,レイカ･ホウ,81,どうしてって……誘うように進めたのはあなたでしょう？変なこと言うのね！,왜냐니……초대하라고 부추긴 게 너잖아? 이상한 말 하네!
scene_day3_scenes_fab_day3_logic_6346ee10c065ccc051a489a1ecff7695.bundle,跟何歆翊搭電梯過程,Branch,#Simple,37,私の発言にそこまで影響されるとは思わなかったので。,제 말에 그렇게까지 영향받을 줄은 몰랐어서요.
scene_day3_scenes_fab_day3_logic_6346ee10c065ccc051a489a1ecff7695.bundle,跟何歆翊搭電梯過程,Say,レイカ･ホウ,82,まあ、きっかけになったというべきかな？,"뭐, 계기가 됐다고 해야 하나?"
scene_day3_scenes_fab_day3_logic_6346ee10c065ccc051a489a1ecff7695.bundle,跟何歆翊搭電梯過程,Branch,#Simple,38,なるほど。,그렇군요.
scene_day3_scenes_fab_day3_logic_6346ee10c065ccc051a489a1ecff7695.bundle,跟何歆翊搭電梯過程,Branch,#Simple,39,だったら、いいんですけど。,"그렇다면, 다행이지만요."
scene_day3_scenes_fab_day3_logic_6346ee10c065ccc051a489a1ecff7695.bundle,跟何歆翊搭電梯過程,Say,レイカ･ホウ,83,えっ！？う、うん？,"네!? 으, 응?"
scene_day3_scenes_fab_day3_logic_6346ee10c065ccc051a489a1ecff7695.bundle,跟何歆翊搭電梯過程,Say,レイカ･ホウ,84,まあ、それはどうでもいいとして！,"뭐, 그건 아무래도 상관없고!"
scene_day3_scenes_fab_day3_logic_6346ee10c065ccc051a489a1ecff7695.bundle,跟何歆翊搭電梯過程,Branch,#Simple,40,……,……
scene_day3_scenes_fab_day3_logic_6346ee10c065ccc051a489a1ecff7695.bundle,跟何歆翊搭電梯過程,Branch,#Simple,41,……,……
scene_day3_scenes_fab_day3_logic_6346ee10c065ccc051a489a1ecff7695.bundle,跟何歆翊搭電梯過程,Say,レイカ･ホウ,85,来週、イーちゃんと映画デートをすることになったの！,"다음 주에, 이짱이랑 영화 데이트하기로 했어!"
scene_day3_scenes_fab_day3_logic_6346ee10c065ccc051a489a1ecff7695.bundle,跟何歆翊搭電梯過程,Branch,#Simple,42,それはそれは、良かったですね。,"그거 참, 잘됐네요."
scene_day3_scenes_fab_day3_logic_6346ee10c065ccc051a489a1ecff7695.bundle,跟何歆翊搭電梯過程,Say,レイカ･ホウ,86,ハハ、なんだか、あまり心がこもっていないように聞こえるなぁ！,"하하, 왠지, 별로 진심이 안 담긴 것처럼 들리는데!"
scene_day3_scenes_fab_day3_logic_6346ee10c065ccc051a489a1ecff7695.bundle,跟何歆翊搭電梯過程,Branch,#Simple,43,上手くいくといいですね。,잘됐으면 좋겠네요.
scene_day3_scenes_fab_day3_logic_6346ee10c065ccc051a489a1ecff7695.bundle,跟何歆翊搭電梯過程,Say,レイカ･ホウ,87,ありがとう！,고마워!
scene_day3_scenes_fab_day3_logic_6346ee10c065ccc051a489a1ecff7695.bundle,跟何歆翊搭電梯過程,Branch,#Simple,44,……,……
scene_day3_scenes_fab_day3_logic_6346ee10c065ccc051a489a1ecff7695.bundle,跟何歆翊搭電梯過程,Say,レイカ･ホウ,88,全部ジェイのおかげだよ……,다 제이 덕분이야……
scene_day3_scenes_fab_day3_logic_6346ee10c065ccc051a489a1ecff7695.bundle,跟何歆翊搭電梯過程,Say,レイカ･ホウ,89,最初は私、イーちゃんの気持ちに応える気はなかったの。,"처음엔 나, 이짱의 마음에 응할 생각이 없었어."
scene_day3_scenes_fab_day3_logic_6346ee10c065ccc051a489a1ecff7695.bundle,跟何歆翊搭電梯過程,Say,レイカ･ホウ,90,私は絶対に彼を傷つけちゃうって思ったから……,내가 분명 그 사람을 상처 입힐 거라고 생각했으니까……
scene_day3_scenes_fab_day3_logic_6346ee10c065ccc051a489a1ecff7695.bundle,跟何歆翊搭電梯過程,Say,レイカ･ホウ,91,付き合ってみないと、わからないことなのはわかってる。,"사귀어보지 않으면, 모르는 거라는 건 알아."
scene_day3_scenes_fab_day3_logic_6346ee10c065ccc051a489a1ecff7695.bundle,跟何歆翊搭電梯過程,Say,レイカ･ホウ,92,でも、もし彼を傷つけてしまった場合、絶対に彼に許してもらえないと思ったの。,"근데, 만약 그 사람한테 상처를 주게 되면, 절대 용서받지 못할 거라고 생각했어."
scene_day3_scenes_fab_day3_logic_6346ee10c065ccc051a489a1ecff7695.bundle,跟何歆翊搭電梯過程,Branch,#Simple,45,どうして彼を傷つけてしまうと思ったんですか？,왜 그 사람한테 상처를 줄 거라고 생각한 거예요?
scene_day3_scenes_fab_day3_logic_6346ee10c065ccc051a489a1ecff7695.bundle,跟何歆翊搭電梯過程,Say,レイカ･ホウ,93,ああ。,아.
scene_day3_scenes_fab_day3_logic_6346ee10c065ccc051a489a1ecff7695.bundle,跟何歆翊搭電梯過程,Say,レイカ･ホウ,94,私にとって、仕事はとても大事なの。,"나한테, 일은 정말 중요해."
scene_day3_scenes_fab_day3_logic_6346ee10c065ccc051a489a1ecff7695.bundle,跟何歆翊搭電梯過程,Say,レイカ･ホウ,95,だから彼と付き合っても、仕事との両立は絶対に無理だって思ったの。,"그래서 그 사람이랑 사귀어도, 일이랑 병행하는 건 절대 무리라고 생각했어."
scene_day3_scenes_fab_day3_logic_6346ee10c065ccc051a489a1ecff7695.bundle,跟何歆翊搭電梯過程,Say,レイカ･ホウ,96,私は、彼が望んでいるものを与えられないから。,"나는, 그 사람이 원하는 걸 줄 수 없으니까."
scene_day3_scenes_fab_day3_logic_6346ee10c065ccc051a489a1ecff7695.bundle,跟何歆翊搭電梯過程,Say,レイカ･ホウ,97,お互いが相手を必要とする比重のバランスがとれないと思ったの。,서로가 상대를 필요로 하는 비중의 균형이 안 맞을 거라고 생각했어.
scene_day3_scenes_fab_day3_logic_6346ee10c065ccc051a489a1ecff7695.bundle,跟何歆翊搭電梯過程,Say,心の声,14,……！？,……!?
scene_day3_scenes_fab_day3_logic_6346ee10c065ccc051a489a1ecff7695.bundle,跟何歆翊搭電梯過程,Say,心の声,15,……確かに付き合いたての頃、リンにも同じことを言われたな。,"……확실히 사귄 지 얼마 안 됐을 때, 린한테도 같은 말을 들었었지."
scene_day3_scenes_fab_day3_logic_6346ee10c065ccc051a489a1ecff7695.bundle,跟何歆翊搭電梯過程,Say,心の声,16,あの時の俺は、そんなのどうでもいいと思ったんだ。,"그때의 나는, 그런 거 아무래도 상관없다고 생각했었어."
scene_day3_scenes_fab_day3_logic_6346ee10c065ccc051a489a1ecff7695.bundle,跟何歆翊搭電梯過程,Branch,#Simple,46,……,……
scene_day3_scenes_fab_day3_logic_6346ee10c065ccc051a489a1ecff7695.bundle,跟何歆翊搭電梯過程,Say,レイカ･ホウ,98,彼と付き合ったとしても、一緒にいる時間が今以上に増えることはないって思った。,"그 사람이랑 사귀게 되더라도, 같이 있는 시간이 지금보다 늘어나진 않을 거라고 생각했어."
scene_day3_scenes_fab_day3_logic_6346ee10c065ccc051a489a1ecff7695.bundle,跟何歆翊搭電梯過程,Say,レイカ･ホウ,99,私は恋愛以外に情熱を注げるものがあるし、毎日の生活も充実している……,"나는 연애 말고도 열정을 쏟을 게 있고, 매일 생활도 충실하고……"
scene_day3_scenes_fab_day3_logic_6346ee10c065ccc051a489a1ecff7695.bundle,跟何歆翊搭電梯過程,Say,レイカ･ホウ,100,だから、彼のために割ける時間も情熱もない。,"그러니까, 그 사람을 위해 낼 시간도 열정도 없어."
scene_day3_scenes_fab_day3_logic_6346ee10c065ccc051a489a1ecff7695.bundle,跟何歆翊搭電梯過程,Say,レイカ･ホウ,101,だから、そんな状態で付き合って、別れでもしたら、きっとイーちゃんは不満を抱くと思うの。,"그러니까, 그런 상태로 사귀다가, 헤어지기라도 하면, 분명 이짱은 불만을 품을 거라고 생각해."
scene_day3_scenes_fab_day3_logic_6346ee10c065ccc051a489a1ecff7695.bundle,跟何歆翊搭電梯過程,Say,レイカ･ホウ,102,彼女にとって自分はそんなに重要じゃなかったんだって……イーちゃんにそう思われるのが不安だったの。,여자친구한테 자기는 그렇게 중요하지 않았구나……이짱이 그렇게 생각하게 될까 봐 불안했어.
scene_day3_scenes_fab_day3_logic_6346ee10c065ccc051a489a1ecff7695.bundle,跟何歆翊搭電梯過程,Say,レイカ･ホウ,103,でもあなたと話して、考えが変わったの……,"근데 너랑 얘기하고, 생각이 바뀌었어……"
scene_day3_scenes_fab_day3_logic_6346ee10c065ccc051a489a1ecff7695.bundle,跟何歆翊搭電梯過程,Say,レイカ･ホウ,104,そんな心配をするのは、私が彼のことを考えているからだって、あなたは言ってくれた……,"그런 걱정을 하는 건, 내가 그 사람을 생각하고 있기 때문이라고, 네가 말해줬잖아……"
scene_day3_scenes_fab_day3_logic_6346ee10c065ccc051a489a1ecff7695.bundle,跟何歆翊搭電梯過程,Say,レイカ･ホウ,105,それで私も気づいたの。,그래서 나도 깨달았어.
scene_day3_scenes_fab_day3_logic_6346ee10c065ccc051a489a1ecff7695.bundle,跟何歆翊搭電梯過程,Say,レイカ･ホウ,106,私は本当にイーちゃんのことが好きなんだって。,나는 정말로 이짱을 좋아하는구나 하고.
scene_day3_scenes_fab_day3_logic_6346ee10c065ccc051a489a1ecff7695.bundle,跟何歆翊搭電梯過程,Say,レイカ･ホウ,107,私は、いつも他人のことばかり考えている彼が好きなの。,"나는, 항상 남 생각만 하는 그 사람이 좋아."
scene_day3_scenes_fab_day3_logic_6346ee10c065ccc051a489a1ecff7695.bundle,跟何歆翊搭電梯過程,Say,レイカ･ホウ,108,例え私たちが本当に上手くいかなかったとしても……,설령 우리가 정말로 잘 안 되더라도……
scene_day3_scenes_fab_day3_logic_6346ee10c065ccc051a489a1ecff7695.bundle,跟何歆翊搭電梯過程,Say,レイカ･ホウ,109,自分の杞憂のせいで、彼との可能性を捨てたくない！,"내 쓸데없는 걱정 때문에, 그 사람과의 가능성을 버리고 싶지 않아!"
scene_day3_scenes_fab_day3_logic_6346ee10c065ccc051a489a1ecff7695.bundle,跟何歆翊搭電梯過程,Say,レイカ･ホウ,110,私はイーちゃんが好きだからね。,나는 이짱을 좋아하니까.
scene_day3_scenes_fab_day3_logic_6346ee10c065ccc051a489a1ecff7695.bundle,跟何歆翊搭電梯過程,Branch,#Simple,47,きっと上手くいきますよ！,분명 잘 될 거예요!
scene_day3_scenes_fab_day3_logic_6346ee10c065ccc051a489a1ecff7695.bundle,跟何歆翊搭電梯過程,Say,レイカ･ホウ,111,うん！,그래!
scene_day3_scenes_fab_day3_logic_6346ee10c065ccc051a489a1ecff7695.bundle,跟何歆翊搭電梯過程,Branch,#Simple,48,ちゃんと考えたんですね。,제대로 생각하셨네요.
scene_day3_scenes_fab_day3_logic_6346ee10c065ccc051a489a1ecff7695.bundle,跟何歆翊搭電梯過程,Say,レイカ･ホウ,112,ハハ、そうっすね。,"하하, 그러네요."
scene_day3_scenes_fab_day3_logic_6346ee10c065ccc051a489a1ecff7695.bundle,跟何歆翊搭電梯過程,Branch,#Simple,49,……,……
scene_day3_scenes_fab_day3_logic_6346ee10c065ccc051a489a1ecff7695.bundle,跟何歆翊搭電梯過程,Say,レイカ･ホウ,113,全部あなたのおかげよ。ありがとう、ジェイ！,"다 네 덕분이야. 고마워, 제이!"
scene_day3_scenes_fab_day3_logic_6346ee10c065ccc051a489a1ecff7695.bundle,跟何歆翊搭電梯過程,Branch,#Simple,50,すべてあなたが決めたことです。,전부 당신이 결정한 거예요.
scene_day3_scenes_fab_day3_logic_6346ee10c065ccc051a489a1ecff7695.bundle,跟何歆翊搭電梯過程,Say,レイカ･ホウ,114,でもジェイの言葉がなかったら、私はきっと別の決断を出して後悔してたと思う。,"그래도 제이의 말이 없었으면, 나는 분명 다른 결정을 내리고 후회했을 것 같아."
scene_day3_scenes_fab_day3_logic_6346ee10c065ccc051a489a1ecff7695.bundle,跟何歆翊搭電梯過程,Branch,#Simple,51,確かに私のおかげですね！,확실히 제 덕분이네요!
scene_day3_scenes_fab_day3_logic_6346ee10c065ccc051a489a1ecff7695.bundle,跟何歆翊搭電梯過程,Say,レイカ･ホウ,115,ああ！こいつ！,아! 이 녀석이!
scene_day3_scenes_fab_day3_logic_6346ee10c065ccc051a489a1ecff7695.bundle,跟何歆翊搭電梯過程,Branch,#Simple,52,後で喧嘩になっても、私に文句を言わないでくださいね。,"나중에 싸우게 되더라도, 저한테 뭐라고 하지 마세요."
scene_day3_scenes_fab_day3_logic_6346ee10c065ccc051a489a1ecff7695.bundle,跟何歆翊搭電梯過程,Say,レイカ･ホウ,116,そんなことしないよ！ハハハ！,그런 거 안 해! 하하하!
scene_day3_scenes_fab_day3_logic_6346ee10c065ccc051a489a1ecff7695.bundle,跟何歆翊搭電梯過程,Say,レイカ･ホウ,117,……,……
scene_day3_scenes_fab_day3_logic_6346ee10c065ccc051a489a1ecff7695.bundle,跟何歆翊搭電梯過程,Say,レイカ･ホウ,118,この前、デートの件について話したの覚えてる？,"저번에, 데이트 건에 대해 얘기했던 거 기억해?"
scene_day3_scenes_fab_day3_logic_6346ee10c065ccc051a489a1ecff7695.bundle,跟何歆翊搭電梯過程,Say,レイカ･ホウ,119,あなたはイーちゃんをデートに誘うべきだって言ってたけど、やっぱりやめておこうと思うの。,"네가 이짱을 데이트에 초대해야 한다고 했었는데, 역시 관두려고."
scene_day3_scenes_fab_day3_logic_6346ee10c065ccc051a489a1ecff7695.bundle,跟何歆翊搭電梯過程,Say,レイカ･ホウ,120,それと……,그리고……
scene_day3_scenes_fab_day3_logic_6346ee10c065ccc051a489a1ecff7695.bundle,跟何歆翊搭電梯過程,Say,レイカ･ホウ,121,この前、デートの件について話したの覚えてる？,"저번에, 데이트 건에 대해 얘기했던 거 기억해?"
scene_day3_scenes_fab_day3_logic_6346ee10c065ccc051a489a1ecff7695.bundle,跟何歆翊搭電梯過程,Say,レイカ･ホウ,122,あの時、あなたがイーちゃんを誘うべきではないって言ってたから、私も誘わなかったのだけど……,"그때, 네가 이짱을 초대하면 안 된다고 했어서, 나도 초대 안 했었는데……"
scene_day3_scenes_fab_day3_logic_6346ee10c065ccc051a489a1ecff7695.bundle,跟何歆翊搭電梯過程,Say,レイカ･ホウ,123,あ、言っとくけど、これはあなたの言葉に影響されたとかじゃなくて、私の決断だからね。,"아, 말해두는데, 이건 네 말에 영향받은 게 아니라, 내 결정이니까."
scene_day3_scenes_fab_day3_logic_6346ee10c065ccc051a489a1ecff7695.bundle,跟何歆翊搭電梯過程,Say,レイカ･ホウ,124,それと……,그리고……
scene_day3_scenes_fab_day3_logic_6346ee10c065ccc051a489a1ecff7695.bundle,跟何歆翊搭電梯過程,Say,レイカ･ホウ,125,この前、デートの件について話したの覚えてる？,"저번에, 데이트 건에 대해 얘기했던 거 기억해?"
scene_day3_scenes_fab_day3_logic_6346ee10c065ccc051a489a1ecff7695.bundle,跟何歆翊搭電梯過程,Say,レイカ･ホウ,126,あなたはあの時、イーちゃんから誘われるのを待つべきだって言ってたよね。,"너 그때, 이짱한테서 초대받는 걸 기다려야 한다고 했었지."
scene_day3_scenes_fab_day3_logic_6346ee10c065ccc051a489a1ecff7695.bundle,跟何歆翊搭電梯過程,Say,レイカ･ホウ,127,その後ね、彼が本当に誘ってくれたの。,"그 후에, 그 사람이 진짜로 초대해줬어."
scene_day3_scenes_fab_day3_logic_6346ee10c065ccc051a489a1ecff7695.bundle,跟何歆翊搭電梯過程,Say,レイカ･ホウ,128,でも……,하지만……
scene_day3_scenes_fab_day3_logic_6346ee10c065ccc051a489a1ecff7695.bundle,跟何歆翊搭電梯過程,Say,レイカ･ホウ,129,一度しか話したことない人に、こんなことを頼むのはおかしいでしょうけど……,"한 번밖에 얘기 안 해본 사람한테, 이런 부탁 하는 게 이상하겠지만……"
scene_day3_scenes_fab_day3_logic_6346ee10c065ccc051a489a1ecff7695.bundle,跟何歆翊搭電梯過程,Say,レイカ･ホウ,130,ほら、あなたとイーちゃん知り合いだし……,"그, 너랑 이짱 아는 사이고……"
scene_day3_scenes_fab_day3_logic_6346ee10c065ccc051a489a1ecff7695.bundle,跟何歆翊搭電梯過程,Say,レイカ･ホウ,131,それにこれからは同僚でしょ……,게다가 앞으로는 동료잖아……
scene_day3_scenes_fab_day3_logic_6346ee10c065ccc051a489a1ecff7695.bundle,跟何歆翊搭電梯過程,Branch,#Simple,53,前置きはいいから、何をしてほしいのか言ってください！,"서론은 됐으니까, 뭘 해줬으면 하는지 말해주세요!"
scene_day3_scenes_fab_day3_logic_6346ee10c065ccc051a489a1ecff7695.bundle,跟何歆翊搭電梯過程,Say,レイカ･ホウ,132,あ、ああ、ごめんごめん！,"아, 아, 미안 미안!"
scene_day3_scenes_fab_day3_logic_6346ee10c065ccc051a489a1ecff7695.bundle,跟何歆翊搭電梯過程,Branch,#Simple,54,ずいぶんと大きな頼み事に感じますね。,꽤 큰 부탁인 것 같은 느낌인데요.
scene_day3_scenes_fab_day3_logic_6346ee10c065ccc051a489a1ecff7695.bundle,跟何歆翊搭電梯過程,Say,レイカ･ホウ,133,ア、アハハ……,"아, 아하하……"
scene_day3_scenes_fab_day3_logic_6346ee10c065ccc051a489a1ecff7695.bundle,跟何歆翊搭電梯過程,Branch,#Simple,55,……,……
scene_day3_scenes_fab_day3_logic_6346ee10c065ccc051a489a1ecff7695.bundle,跟何歆翊搭電梯過程,Say,レイカ･ホウ,134,代わりにイーちゃんからの誘いを断ってほしいの！,대신 이짱의 초대를 거절해줬으면 해!
scene_day3_scenes_fab_day3_logic_6346ee10c065ccc051a489a1ecff7695.bundle,跟何歆翊搭電梯過程,Say,心の声,17,ほう……？,호오……?
scene_day3_scenes_fab_day3_logic_6346ee10c065ccc051a489a1ecff7695.bundle,跟何歆翊搭電梯過程,Say,レイカ･ホウ,135,実はさっき、イーちゃんから映画デートに誘われたんだけど、断ろうと思ってて……,"실은 아까, 이짱한테서 영화 데이트 신청받았는데, 거절하려고 생각 중이라서……"
scene_day3_scenes_fab_day3_logic_6346ee10c065ccc051a489a1ecff7695.bundle,跟何歆翊搭電梯過程,Say,心の声,18,そういえば、選別組の皆はイー･テイを後押ししていたな。,"그러고 보니, 선별조 다들 이웨이를 응원하고 있었지."
scene_day3_scenes_fab_day3_logic_6346ee10c065ccc051a489a1ecff7695.bundle,跟何歆翊搭電梯過程,Say,心の声,19,失敗したのか。,실패한 건가.
scene_day3_scenes_fab_day3_logic_6346ee10c065ccc051a489a1ecff7695.bundle,跟何歆翊搭電梯過程,Branch,#Simple,56,どうして自分で言わないのです？,왜 직접 말 안 하는 거예요?
scene_day3_scenes_fab_day3_logic_6346ee10c065ccc051a489a1ecff7695.bundle,跟何歆翊搭電梯過程,Say,レイカ･ホウ,136,……,……
scene_day3_scenes_fab_day3_logic_6346ee10c065ccc051a489a1ecff7695.bundle,跟何歆翊搭電梯過程,Branch,#Simple,57,彼のことが好きじゃないんですか？,그 사람을 안 좋아하는 거예요?
scene_day3_scenes_fab_day3_logic_6346ee10c065ccc051a489a1ecff7695.bundle,跟何歆翊搭電梯過程,Say,レイカ･ホウ,137,好きだよ。でも……,좋아해. 근데……
scene_day3_scenes_fab_day3_logic_6346ee10c065ccc051a489a1ecff7695.bundle,跟何歆翊搭電梯過程,Say,レイカ･ホウ,138,説明が難しいの！,설명하기 어려워!
scene_day3_scenes_fab_day3_logic_6346ee10c065ccc051a489a1ecff7695.bundle,跟何歆翊搭電梯過程,Say,レイカ･ホウ,139,ほら、直接断ったりなんてしたら、彼はきっと慌ててごまかそうとするでしょ？,"그, 직접 거절하거나 하면, 그 사람 분명 당황해서 얼버무리려고 할 거잖아?"
scene_day3_scenes_fab_day3_logic_6346ee10c065ccc051a489a1ecff7695.bundle,跟何歆翊搭電梯過程,Say,レイカ･ホウ,140,顔を真っ赤にして、とんでもない言い訳を並べて……,"얼굴이 새빨개져서, 말도 안 되는 변명을 늘어놓고……"
scene_day3_scenes_fab_day3_logic_6346ee10c065ccc051a489a1ecff7695.bundle,跟何歆翊搭電梯過程,Say,心の声,20,その光景が目に浮かぶ。,그 광경이 눈에 선하다.
scene_day3_scenes_fab_day3_logic_6346ee10c065ccc051a489a1ecff7695.bundle,跟何歆翊搭電梯過程,Say,レイカ･ホウ,141,確かにその光景は可愛いと思うけど……,확실히 그 광경은 귀엽다고 생각하지만……
scene_day3_scenes_fab_day3_logic_6346ee10c065ccc051a489a1ecff7695.bundle,跟何歆翊搭電梯過程,Say,レイカ･ホウ,142,私にはできない……,나는 못 하겠어……
scene_day3_scenes_fab_day3_logic_6346ee10c065ccc051a489a1ecff7695.bundle,跟何歆翊搭電梯過程,Branch,#Simple,58,それは自分本位な考えじゃないか？,그건 자기중심적인 생각 아닌가?
scene_day3_scenes_fab_day3_logic_6346ee10c065ccc051a489a1ecff7695.bundle,跟何歆翊搭電梯過程,Branch,#Simple,59,イー･テイからの誘いが迷惑なんですか？,이웨이의 신청이 성가신 건가요?
scene_day3_scenes_fab_day3_logic_6346ee10c065ccc051a489a1ecff7695.bundle,跟何歆翊搭電梯過程,Say,レイカ･ホウ,143,別にそんなことはないけど。,딱히 그런 건 아닌데.
scene_day3_scenes_fab_day3_logic_6346ee10c065ccc051a489a1ecff7695.bundle,跟何歆翊搭電梯過程,Say,レイカ･ホウ,144,イーちゃんがそんな反応をさせることが、申し訳ないのよ。,"이짱이 그런 반응을 하게 만드는 게, 미안한 거야."
scene_day3_scenes_fab_day3_logic_6346ee10c065ccc051a489a1ecff7695.bundle,跟何歆翊搭電梯過程,Say,レイカ･ホウ,145,彼は私のことが好きだから、必死にごまかしたりすると思う……,"그 사람은 나를 좋아하니까, 필사적으로 얼버무리려고 할 것 같아……"
scene_day3_scenes_fab_day3_logic_6346ee10c065ccc051a489a1ecff7695.bundle,跟何歆翊搭電梯過程,Say,レイカ･ホウ,146,彼が求めているものを与えられない自分に、辛くなるというか、申し訳ないっていうか……,"그 사람이 원하는 걸 줄 수 없는 나 자신이, 괴롭다고 할까, 미안하다고 할까……"
scene_day3_scenes_fab_day3_logic_6346ee10c065ccc051a489a1ecff7695.bundle,跟何歆翊搭電梯過程,Say,レイカ･ホウ,147,とにかく、直接彼の誘いを断ることにストレスを感じているの。,"아무튼, 직접 그 사람의 신청을 거절하는 게 스트레스로 느껴져."
scene_day3_scenes_fab_day3_logic_6346ee10c065ccc051a489a1ecff7695.bundle,跟何歆翊搭電梯過程,Branch,#Simple,60,……,……
scene_day3_scenes_fab_day3_logic_6346ee10c065ccc051a489a1ecff7695.bundle,跟何歆翊搭電梯過程,Say,心の声,21,面倒くさいな。,귀찮네.
scene_day3_scenes_fab_day3_logic_6346ee10c065ccc051a489a1ecff7695.bundle,跟何歆翊搭電梯過程,Say,レイカ･ホウ,148,……,……
scene_day3_scenes_fab_day3_logic_6346ee10c065ccc051a489a1ecff7695.bundle,跟何歆翊搭電梯過程,Say,レイカ･ホウ,149,いや、やっぱりだめ！,"아니, 역시 안 돼!"
scene_day3_scenes_fab_day3_logic_6346ee10c065ccc051a489a1ecff7695.bundle,跟何歆翊搭電梯過程,Say,レイカ･ホウ,150,逃げちゃだめだ！逃げちゃだめだ！,도망치면 안 돼! 도망치면 안 돼!
scene_day3_scenes_fab_day3_logic_6346ee10c065ccc051a489a1ecff7695.bundle,跟何歆翊搭電梯過程,Say,レイカ･ホウ,151,ちゃんと自分でイーちゃんを断るべきよ。,제대로 내가 직접 이짱을 거절해야지.
scene_day3_scenes_fab_day3_logic_6346ee10c065ccc051a489a1ecff7695.bundle,跟何歆翊搭電梯過程,Say,レイカ･ホウ,152,ごめん！今のは聞かなかったことにして！,미안! 방금 건 못 들은 걸로 해줘!
scene_day3_scenes_fab_day3_logic_6346ee10c065ccc051a489a1ecff7695.bundle,跟何歆翊搭電梯過程,Say,心の声,22,結局断るのか……,결국 거절하는 건가……
scene_day3_scenes_fab_day3_logic_6346ee10c065ccc051a489a1ecff7695.bundle,跟何歆翊搭電梯過程,Branch,#Simple,61,イーちゃんのことが好きじゃないんですか？,이짱을 안 좋아하는 거예요?
scene_day3_scenes_fab_day3_logic_6346ee10c065ccc051a489a1ecff7695.bundle,跟何歆翊搭電梯過程,Say,レイカ･ホウ,153,そういう問題じゃないのよ。,그런 문제가 아니야.
scene_day3_scenes_fab_day3_logic_6346ee10c065ccc051a489a1ecff7695.bundle,跟何歆翊搭電梯過程,Say,レイカ･ホウ,154,私も彼のことは結構好きよ！デートにだって、行きたいと思ってる！,"나도 그 사람 꽤 좋아해! 데이트도, 가고 싶다고 생각하고 있어!"
scene_day3_scenes_fab_day3_logic_6346ee10c065ccc051a489a1ecff7695.bundle,跟何歆翊搭電梯過程,Branch,#Simple,62,恋愛をしたくないってことですか？,연애를 하기 싫다는 건가요?
scene_day3_scenes_fab_day3_logic_6346ee10c065ccc051a489a1ecff7695.bundle,跟何歆翊搭電梯過程,Say,レイカ･ホウ,155,恋愛ね……,연애라……
scene_day3_scenes_fab_day3_logic_6346ee10c065ccc051a489a1ecff7695.bundle,跟何歆翊搭電梯過程,Say,レイカ･ホウ,156,フフッ、アラサーが恋愛だなんて、少し恥ずかしい。,"후훗, 서른 다 돼서 연애라니, 좀 부끄럽네."
scene_day3_scenes_fab_day3_logic_6346ee10c065ccc051a489a1ecff7695.bundle,跟何歆翊搭電梯過程,Say,レイカ･ホウ,157,別に恋愛したくないという訳じゃないけど……,딱히 연애하기 싫다는 건 아니지만……
scene_day3_scenes_fab_day3_logic_6346ee10c065ccc051a489a1ecff7695.bundle,跟何歆翊搭電梯過程,Branch,#Simple,63,男には興味がないとか？,남자한테 관심이 없다거나?
scene_day3_scenes_fab_day3_logic_6346ee10c065ccc051a489a1ecff7695.bundle,跟何歆翊搭電梯過程,Say,レイカ･ホウ,158,ああ、そうじゃないの。私は間違いなく男性が好き。,"아, 그런 건 아니야. 나는 확실히 남자를 좋아해."
scene_day3_scenes_fab_day3_logic_6346ee10c065ccc051a489a1ecff7695.bundle,跟何歆翊搭電梯過程,Branch,#Simple,64,……,……
scene_day3_scenes_fab_day3_logic_6346ee10c065ccc051a489a1ecff7695.bundle,跟何歆翊搭電梯過程,Say,レイカ･ホウ,159,私は約束をしたくないのでしょうね……,나는 약속을 하기 싫은 거겠지……
scene_day3_scenes_fab_day3_logic_6346ee10c065ccc051a489a1ecff7695.bundle,跟何歆翊搭電梯過程,Branch,#Simple,65,約束？,약속?
scene_day3_scenes_fab_day3_logic_6346ee10c065ccc051a489a1ecff7695.bundle,跟何歆翊搭電梯過程,Branch,#Simple,66,……,……
scene_day3_scenes_fab_day3_logic_6346ee10c065ccc051a489a1ecff7695.bundle,跟何歆翊搭電梯過程,Say,レイカ･ホウ,160,私にとって、生活の中心は仕事なの。,"나한테, 생활의 중심은 일이야."
scene_day3_scenes_fab_day3_logic_6346ee10c065ccc051a489a1ecff7695.bundle,跟何歆翊搭電梯過程,Say,レイカ･ホウ,161,でも誰かと付き合い始めたら、その生活の一部を相手に分けないといけない。,"근데 누군가와 사귀기 시작하면, 그 생활의 일부를 상대한테 나눠줘야 해."
scene_day3_scenes_fab_day3_logic_6346ee10c065ccc051a489a1ecff7695.bundle,跟何歆翊搭電梯過程,Branch,#Simple,67,なるほどね。,그렇군요.
scene_day3_scenes_fab_day3_logic_6346ee10c065ccc051a489a1ecff7695.bundle,跟何歆翊搭電梯過程,Say,レイカ･ホウ,162,でしょう。,그치.
scene_day3_scenes_fab_day3_logic_6346ee10c065ccc051a489a1ecff7695.bundle,跟何歆翊搭電梯過程,Say,心の声,23,……俺は本当に理解しているのだろうか。,……나는 정말로 이해하고 있는 걸까.
scene_day3_scenes_fab_day3_logic_6346ee10c065ccc051a489a1ecff7695.bundle,跟何歆翊搭電梯過程,Say,心の声,24,俺にとっての生活とは……,나한테 있어서 생활이란……
scene_day3_scenes_fab_day3_logic_6346ee10c065ccc051a489a1ecff7695.bundle,跟何歆翊搭電梯過程,Branch,#Simple,68,でも、それは当たり前のことでは？,"근데, 그건 당연한 거 아닌가요?"
scene_day3_scenes_fab_day3_logic_6346ee10c065ccc051a489a1ecff7695.bundle,跟何歆翊搭電梯過程,Say,レイカ･ホウ,163,そうね。でも、だから断りたいの。私にはそれができないから。,"그렇지. 근데, 그러니까 거절하고 싶은 거야. 나한텐 그게 안 되니까."
scene_day3_scenes_fab_day3_logic_6346ee10c065ccc051a489a1ecff7695.bundle,跟何歆翊搭電梯過程,Branch,#Simple,69,……,……
scene_day3_scenes_fab_day3_logic_6346ee10c065ccc051a489a1ecff7695.bundle,跟何歆翊搭電梯過程,Say,レイカ･ホウ,164,だから彼と付き合っても、仕事との両立は絶対に無理だって思ったの。,"그래서 그 사람이랑 사귀어도, 일이랑 병행하는 건 절대 무리라고 생각했어."
scene_day3_scenes_fab_day3_logic_6346ee10c065ccc051a489a1ecff7695.bundle,跟何歆翊搭電梯過程,Say,レイカ･ホウ,165,私は、彼が望んでいるものを与えられないから。,"나는, 그 사람이 원하는 걸 줄 수 없으니까."
scene_day3_scenes_fab_day3_logic_6346ee10c065ccc051a489a1ecff7695.bundle,跟何歆翊搭電梯過程,Say,レイカ･ホウ,166,お互いが相手を必要とする比重のバランスがとれないと思ったの。,서로가 상대를 필요로 하는 비중의 균형이 안 맞을 거라고 생각했어.
scene_day3_scenes_fab_day3_logic_6346ee10c065ccc051a489a1ecff7695.bundle,跟何歆翊搭電梯過程,Say,心の声,25,……！？,……!?
scene_day3_scenes_fab_day3_logic_6346ee10c065ccc051a489a1ecff7695.bundle,跟何歆翊搭電梯過程,Say,心の声,26,……確かに付き合いたての頃、リンにも同じことを言われたな。,"……확실히 사귄 지 얼마 안 됐을 때, 린한테도 같은 말을 들었었지."
scene_day3_scenes_fab_day3_logic_6346ee10c065ccc051a489a1ecff7695.bundle,跟何歆翊搭電梯過程,Say,心の声,27,あの時の俺は、そんなのどうでもいいと思ったんだ。,"그때의 나는, 그런 거 아무래도 상관없다고 생각했었어."
scene_day3_scenes_fab_day3_logic_6346ee10c065ccc051a489a1ecff7695.bundle,跟何歆翊搭電梯過程,Branch,#Simple,70,イー･テイならあなたの考えを受け入れてくれるかもしれません。,이웨이라면 당신 생각을 받아들여줄지도 몰라요.
scene_day3_scenes_fab_day3_logic_6346ee10c065ccc051a489a1ecff7695.bundle,跟何歆翊搭電梯過程,Say,レイカ･ホウ,167,……,……
scene_day3_scenes_fab_day3_logic_6346ee10c065ccc051a489a1ecff7695.bundle,跟何歆翊搭電梯過程,Branch,#Simple,71,例え完璧じゃなくても、あなたたちには可能性があると思います。,"설령 완벽하지 않더라도, 두 분한테는 가능성이 있다고 생각해요."
scene_day3_scenes_fab_day3_logic_6346ee10c065ccc051a489a1ecff7695.bundle,跟何歆翊搭電梯過程,Branch,#Simple,72,一人で悩むのではなく、彼と一緒にこの問題について考えるべきだと思います。,"혼자 고민할 게 아니라, 그 사람이랑 같이 이 문제에 대해 생각해봐야 한다고 생각해요."
scene_day3_scenes_fab_day3_logic_6346ee10c065ccc051a489a1ecff7695.bundle,跟何歆翊搭電梯過程,Say,レイカ･ホウ,168,一緒に……,같이……
scene_day3_scenes_fab_day3_logic_6346ee10c065ccc051a489a1ecff7695.bundle,跟何歆翊搭電梯過程,Say,レイカ･ホウ,169,えっと……,그게……
scene_day3_scenes_fab_day3_logic_6346ee10c065ccc051a489a1ecff7695.bundle,跟何歆翊搭電梯過程,Say,心の声,28,動揺しているようだ……,동요하는 것 같다……
scene_day3_scenes_fab_day3_logic_6346ee10c065ccc051a489a1ecff7695.bundle,跟何歆翊搭電梯過程,Branch,#Simple,73,……,……
scene_day3_scenes_fab_day3_logic_6346ee10c065ccc051a489a1ecff7695.bundle,跟何歆翊搭電梯過程,Branch,#Simple,74,確かに二人は合わないのかもしれませんね。,확실히 두 분은 안 맞을지도 모르겠네요.
scene_day3_scenes_fab_day3_logic_6346ee10c065ccc051a489a1ecff7695.bundle,跟何歆翊搭電梯過程,Say,心の声,29,気まずそうに笑っている。,어색하게 웃고 있다.
scene_day3_scenes_fab_day3_logic_6346ee10c065ccc051a489a1ecff7695.bundle,跟何歆翊搭電梯過程,Branch,#Simple,75,……,……
scene_day3_scenes_fab_day3_logic_6346ee10c065ccc051a489a1ecff7695.bundle,跟何歆翊搭電梯過程,Say,レイカ･ホウ,170,私も頼れる伴侶を見つけたいとは思っているのよ。,나도 의지할 수 있는 반려자를 찾고 싶다고는 생각해.
scene_day3_scenes_fab_day3_logic_6346ee10c065ccc051a489a1ecff7695.bundle,跟何歆翊搭電梯過程,Say,レイカ･ホウ,171,でも私にとっては、愛より自由がほしいの。,"근데 나한테는, 사랑보다 자유가 갖고 싶어."
scene_day3_scenes_fab_day3_logic_6346ee10c065ccc051a489a1ecff7695.bundle,跟何歆翊搭電梯過程,Branch,#Simple,76,それに拘り過ぎるのも良くないと思います。,그거에 너무 집착하는 것도 안 좋다고 생각해요.
scene_day3_scenes_fab_day3_logic_6346ee10c065ccc051a489a1ecff7695.bundle,跟何歆翊搭電梯過程,Say,レイカ･ホウ,172,そうなのかな……,그런 걸까……
scene_day3_scenes_fab_day3_logic_6346ee10c065ccc051a489a1ecff7695.bundle,跟何歆翊搭電梯過程,Branch,#Simple,77,いつか、あなたと同じ考えの人に出会えるかもしれませんね。,"언젠가, 당신이랑 같은 생각을 가진 사람을 만날 수 있을지도 몰라요."
scene_day3_scenes_fab_day3_logic_6346ee10c065ccc051a489a1ecff7695.bundle,跟何歆翊搭電梯過程,Branch,#Simple,78,いつか自由と愛との間の中間地点が見つかるといいですね。,언젠가 자유와 사랑 사이의 중간 지점을 찾을 수 있으면 좋겠네요.
scene_day3_scenes_fab_day3_logic_6346ee10c065ccc051a489a1ecff7695.bundle,跟何歆翊搭電梯過程,Say,レイカ･ホウ,173,……,……
scene_day3_scenes_fab_day3_logic_6346ee10c065ccc051a489a1ecff7695.bundle,跟何歆翊搭電梯過程,Say,レイカ･ホウ,174,うん、そうね。,"응, 그러네."
scene_day3_scenes_fab_day3_logic_6346ee10c065ccc051a489a1ecff7695.bundle,跟何歆翊搭電梯過程,Say,レイカ･ホウ,175,今は考える時間が必要なのかもね……,지금은 생각할 시간이 필요한지도 모르겠네……
scene_day3_scenes_fab_day3_logic_6346ee10c065ccc051a489a1ecff7695.bundle,跟何歆翊搭電梯過程,Branch,#Simple,79,賢い選択だと思います。,현명한 선택이라고 생각해요.
scene_day3_scenes_fab_day3_logic_6346ee10c065ccc051a489a1ecff7695.bundle,跟何歆翊搭電梯過程,Say,レイカ･ホウ,176,ハハ、老後になって、後悔しないといいけどね。,"하하, 나이 들어서, 후회 안 하면 좋겠네."
scene_day3_scenes_fab_day3_logic_6346ee10c065ccc051a489a1ecff7695.bundle,跟何歆翊搭電梯過程,Branch,#Simple,80,……,……
scene_day3_scenes_fab_day3_logic_6346ee10c065ccc051a489a1ecff7695.bundle,23評論攔查事件,Say,23,0,今、緊張してた？,"방금, 긴장했었지?"
scene_day3_scenes_fab_day3_logic_6346ee10c065ccc051a489a1ecff7695.bundle,23評論攔查事件,Branch,#Simple,0,別に。,딱히.
scene_day3_scenes_fab_day3_logic_6346ee10c065ccc051a489a1ecff7695.bundle,23評論攔查事件,Say,23,1,えーー。,에----.
scene_day3_scenes_fab_day3_logic_6346ee10c065ccc051a489a1ecff7695.bundle,23評論攔查事件,Say,23,2,面白くないの……,재미없네……
scene_day3_scenes_fab_day3_logic_6346ee10c065ccc051a489a1ecff7695.bundle,23評論攔查事件,Say,23,3,でもそうよね。うちの凄さを知った今なら、心配無用って感じよね！,"근데 그렇지. 내 대단함을 알게 된 지금이면, 걱정할 필요 없다는 느낌이지!"
scene_day3_scenes_fab_day3_logic_6346ee10c065ccc051a489a1ecff7695.bundle,23評論攔查事件,Branch,#Simple,1,もちろんだろ！バレたら終わりだぞ。,당연하잖아! 들키면 끝장이라고.
scene_day3_scenes_fab_day3_logic_6346ee10c065ccc051a489a1ecff7695.bundle,23評論攔查事件,Branch,#Simple,2,……,……
scene_day3_scenes_fab_day3_logic_6346ee10c065ccc051a489a1ecff7695.bundle,23評論攔查事件,Say,23,4,うちの作品だよ？見つかるわけないでしょう！,내 작품이라고? 발각될 리가 없잖아!
scene_day3_scenes_fab_day3_logic_6346ee10c065ccc051a489a1ecff7695.bundle,23評論攔查事件,Say,23,5,それにあんなへっぽこスキャンが相手なら尚更よ！,게다가 그런 허접한 스캔이 상대라면 더더욱 그렇지!
scene_day3_scenes_fab_day3_logic_6346ee10c065ccc051a489a1ecff7695.bundle,23評論攔查事件,Branch,#Simple,3,わざと黙っていたのか？,일부러 입 다물고 있었던 건가?
scene_day3_scenes_fab_day3_logic_6346ee10c065ccc051a489a1ecff7695.bundle,23評論攔查事件,Say,23,6,刺激を与えようと思ったの！ブツを手に入れたからって、油断されたら困るからね。,"자극을 좀 주고 싶었어! 물건 손에 넣었다고, 방심하면 곤란하니까."
scene_day3_scenes_fab_day3_logic_6346ee10c065ccc051a489a1ecff7695.bundle,23評論攔查事件,Branch,#Simple,4,意地悪だな。,심술궂네.
scene_day3_scenes_fab_day3_logic_6346ee10c065ccc051a489a1ecff7695.bundle,23評論攔查事件,Say,23,7,オホホホ,오호호호
scene_day3_scenes_fab_day3_logic_6346ee10c065ccc051a489a1ecff7695.bundle,23評論攔查事件,Branch,#Simple,5,リュウセイが愚痴を言いたくなるのがわかる。,류세이가 불평하고 싶어지는 이유를 알겠다.
scene_day3_scenes_fab_day3_logic_6346ee10c065ccc051a489a1ecff7695.bundle,23評論攔查事件,Say,23,8,愚痴だなんて失礼な！リュウセイはうちのことが大好きなんだから。,불평이라니 실례잖아! 류세이는 나를 엄청 좋아한다고.
scene_day3_scenes_fab_day3_logic_6346ee10c065ccc051a489a1ecff7695.bundle,23評論攔查事件,Branch,#Simple,6,……,……
scene_day3_scenes_fab_day3_logic_6346ee10c065ccc051a489a1ecff7695.bundle,23評論攔查事件,Branch,#Simple,7,心強いな。,든든하네.
scene_day3_scenes_fab_day3_logic_6346ee10c065ccc051a489a1ecff7695.bundle,23評論攔查事件,Say,23,9,えっ！？あっ、うん……！,"엣!? 아, 응……!"
scene_day3_scenes_fab_day3_logic_6346ee10c065ccc051a489a1ecff7695.bundle,23評論攔查事件,Say,23,10,も、もちろんよ！,"다, 당연하지!"
scene_day3_scenes_fab_day3_logic_6346ee10c065ccc051a489a1ecff7695.bundle,23評論攔查事件,Say,心の声,0,……褒められ慣れてないのか？,……칭찬받는 데 익숙하지 않은 건가?
scene_day3_scenes_fab_day3_logic_6346ee10c065ccc051a489a1ecff7695.bundle,23評論攔查事件,Branch,#Simple,8,……,……
scene_day3_scenes_fab_day3_logic_6346ee10c065ccc051a489a1ecff7695.bundle,23評論攔查事件,Say,23,11,正直は話しさ。さっきメイ･ジョが見逃してくれたじゃん？,솔직히 말하면. 아까 메이 조가 눈감아줬잖아?
scene_day3_scenes_fab_day3_logic_6346ee10c065ccc051a489a1ecff7695.bundle,23評論攔查事件,Say,23,12,バレても大して問題ないと思うのよね。,들켜도 딱히 문제없을 것 같단 말이지.
scene_day3_scenes_fab_day3_logic_6346ee10c065ccc051a489a1ecff7695.bundle,23評論攔查事件,Say,心の声,1,簡単に言うな……,쉽게 말하지 마……
scene_day3_scenes_fab_day3_logic_6346ee10c065ccc051a489a1ecff7695.bundle,23評論攔查事件,Say,23,13,ホームに来て。,홈으로 와.
scene_day3_scenes_fab_day3_logic_6346ee10c065ccc051a489a1ecff7695.bundle,拿取采欣通行證,Say,23,0,ん？今、何を取ったの？,"음? 방금, 뭘 가져간 거야?"
scene_day3_scenes_fab_day3_logic_6346ee10c065ccc051a489a1ecff7695.bundle,拿取采欣通行證,Branch,#Simple,0,なぜわかったんだ？,어떻게 안 거지?
scene_day3_scenes_fab_day3_logic_6346ee10c065ccc051a489a1ecff7695.bundle,拿取采欣通行證,Say,23,1,うちはサイレントの監視カメラを見てるからね。,나는 사일런트 감시 카메라를 보고 있으니까.
scene_day3_scenes_fab_day3_logic_6346ee10c065ccc051a489a1ecff7695.bundle,拿取采欣通行證,Say,23,2,それで何を取ったの？,그래서 뭘 가져간 건데?
scene_day3_scenes_fab_day3_logic_6346ee10c065ccc051a489a1ecff7695.bundle,拿取采欣通行證,Branch,#Simple,1,セラーのパスだ。,저장고 패스다.
scene_day3_scenes_fab_day3_logic_6346ee10c065ccc051a489a1ecff7695.bundle,拿取采欣通行證,Branch,#Simple,2,大したものじゃない、それともうエレベーターの権限はいらない。,"별거 아니다, 그리고 이제 엘리베이터 권한은 필요 없다."
scene_day3_scenes_fab_day3_logic_6346ee10c065ccc051a489a1ecff7695.bundle,拿取采欣通行證,Branch,#Simple,3,セラーのパスだ。,저장고 패스다.
scene_day3_scenes_fab_day3_logic_6346ee10c065ccc051a489a1ecff7695.bundle,拿取采欣通行證,Branch,#Simple,4,大したものじゃない、それともうエレベーターの権限はいらない。,"별거 아니다, 그리고 이제 엘리베이터 권한은 필요 없다."
scene_day3_scenes_fab_day3_logic_6346ee10c065ccc051a489a1ecff7695.bundle,拿取采欣通行證,Say,23,3,え？でもセラーに行く方法は見つかったでしょう？,어? 근데 저장고 가는 방법은 이미 찾았잖아?
scene_day3_scenes_fab_day3_logic_6346ee10c065ccc051a489a1ecff7695.bundle,拿取采欣通行證,Say,23,4,今更そんなの取ってどうするの？,이제 와서 그런 걸 가져가서 뭐 하려고?
scene_day3_scenes_fab_day3_logic_6346ee10c065ccc051a489a1ecff7695.bundle,拿取采欣通行證,Say,23,5,ほう！その手があったか！,호! 그런 수가 있었나!
scene_day3_scenes_fab_day3_logic_6346ee10c065ccc051a489a1ecff7695.bundle,拿取采欣通行證,Say,23,6,悪くないね！,나쁘지 않네!
scene_day3_scenes_fab_day3_logic_6346ee10c065ccc051a489a1ecff7695.bundle,拿取采欣通行證,Say,心の声,0,使ったら戻さないとな。,쓰고 나면 돌려놔야겠군.
scene_day3_scenes_fab_day3_logic_6346ee10c065ccc051a489a1ecff7695.bundle,孫茹地窖電梯事件3,Say,ジソ･ソン,0,よう！,야!
scene_day3_scenes_fab_day3_logic_6346ee10c065ccc051a489a1ecff7695.bundle,孫茹地窖電梯事件3,Say,ジソ･ソン,1,ジェイ、うろうろしてどうしてん？,"제이, 왜 어슬렁거리고 있어?"
scene_day3_scenes_fab_day3_logic_6346ee10c065ccc051a489a1ecff7695.bundle,孫茹地窖電梯事件3,Branch,#Simple,0,あんたたちの話に興味があって。,너희 얘기에 관심이 좀 있어서.
scene_day3_scenes_fab_day3_logic_6346ee10c065ccc051a489a1ecff7695.bundle,孫茹地窖電梯事件3,Say,レイカ･ホウ,0,うっ……,윽……
scene_day3_scenes_fab_day3_logic_6346ee10c065ccc051a489a1ecff7695.bundle,孫茹地窖電梯事件3,Say,ジソ･ソン,2,……せやさかいそこで盗み聞きしとったんか？,……그래서 거기서 엿듣고 있었던 거야?
scene_day3_scenes_fab_day3_logic_6346ee10c065ccc051a489a1ecff7695.bundle,孫茹地窖電梯事件3,Branch,#Simple,1,いや、実は用があるんだ。,"아니, 실은 볼일이 있어서."
scene_day3_scenes_fab_day3_logic_6346ee10c065ccc051a489a1ecff7695.bundle,孫茹地窖電梯事件3,Say,ジソ･ソン,3,え？なんや？,어? 뭔데?
scene_day3_scenes_fab_day3_logic_6346ee10c065ccc051a489a1ecff7695.bundle,孫茹地窖電梯事件3,Branch,#Simple,2,ああ、好奇心でついな。,"그래, 그냥 호기심에."
scene_day3_scenes_fab_day3_logic_6346ee10c065ccc051a489a1ecff7695.bundle,孫茹地窖電梯事件3,Say,ジソ･ソン,4,変なやつやな……,이상한 녀석이네……
scene_day3_scenes_fab_day3_logic_6346ee10c065ccc051a489a1ecff7695.bundle,孫茹地窖電梯事件3,Say,レイカ･ホウ,1,同感ね……,동감이야……
scene_day3_scenes_fab_day3_logic_6346ee10c065ccc051a489a1ecff7695.bundle,孫茹地窖電梯事件3,Say,ジソ･ソン,5,さて、もうこないな時間や。ぼちぼち仕事に行かへんとな！,"자, 벌써 시간이 이렇게 됐네. 슬슬 일하러 가야지!"
scene_day3_scenes_fab_day3_logic_6346ee10c065ccc051a489a1ecff7695.bundle,孫茹地窖電梯事件3,Branch,#Simple,3,実は用があって会いに来たんだ。,실은 볼일이 있어서 만나러 온 거야.
scene_day3_scenes_fab_day3_logic_6346ee10c065ccc051a489a1ecff7695.bundle,孫茹地窖電梯事件3,Say,ジソ･ソン,6,え？盗み聞きしたかっただけとちゃうんか？,어? 그냥 엿듣고 싶었던 거 아니었어?
scene_day3_scenes_fab_day3_logic_6346ee10c065ccc051a489a1ecff7695.bundle,孫茹地窖電梯事件3,Branch,#Simple,4,偶々通りがかっただけで、盗み聞きするつもりはない！,"우연히 지나가던 것뿐이고, 엿들을 생각은 없었어!"
scene_day3_scenes_fab_day3_logic_6346ee10c065ccc051a489a1ecff7695.bundle,孫茹地窖電梯事件3,Branch,#Simple,5,誰が盗み聞きするために、わざわざここに来るんだ？,"누가 엿들으려고, 일부러 여기까지 오냐?"
scene_day3_scenes_fab_day3_logic_6346ee10c065ccc051a489a1ecff7695.bundle,孫茹地窖電梯事件3,Say,レイカ･ホウ,2,フフッ、説明すればするほど怪しくなるね！,"후훗, 설명하면 할수록 수상해지네!"
scene_day3_scenes_fab_day3_logic_6346ee10c065ccc051a489a1ecff7695.bundle,孫茹地窖電梯事件3,Branch,#Simple,6,……,……
scene_day3_scenes_fab_day3_logic_6346ee10c065ccc051a489a1ecff7695.bundle,孫茹地窖電梯事件3,Say,ジソ･ソン,7,で、一体なんの用や？,"그래서, 대체 무슨 볼일인데?"
scene_day3_scenes_fab_day3_logic_6346ee10c065ccc051a489a1ecff7695.bundle,孫茹地窖電梯事件3,Branch,#Simple,7,……,……
scene_day3_scenes_fab_day3_logic_6346ee10c065ccc051a489a1ecff7695.bundle,孫茹地窖電梯事件3,Say,レイカ･ホウ,3,私もう少し休憩していくね。あの防護服を着続けるの大変なのよ。,나 좀 더 쉬다 갈게. 그 방호복 계속 입고 있는 거 힘들거든.
scene_day3_scenes_fab_day3_logic_6346ee10c065ccc051a489a1ecff7695.bundle,孫茹地窖電梯事件3,Say,ジソ･ソン,8,息がしづらくて死にそうやもんな。,숨쉬기 힘들어서 죽을 것 같지.
scene_day3_scenes_fab_day3_logic_6346ee10c065ccc051a489a1ecff7695.bundle,孫茹地窖電梯事件3,Say,ジソ･ソン,9,じゃ、下で会おうや。,"그럼, 아래서 보자."
scene_day3_scenes_fab_day3_logic_6346ee10c065ccc051a489a1ecff7695.bundle,孫茹地窖電梯事件3,Say,レイカ･ホウ,4,お疲れ様でした。,수고하셨습니다.
scene_day3_scenes_fab_day3_logic_6346ee10c065ccc051a489a1ecff7695.bundle,孫茹地窖電梯事件3,Branch,#Simple,8,ジソ･ソン、実は用があるんだ。,"지소 손, 실은 볼일이 있어."
scene_day3_scenes_fab_day3_logic_6346ee10c065ccc051a489a1ecff7695.bundle,孫茹地窖電梯事件3,Say,ジソ･ソン,10,え？なんや？,어? 뭔데?
scene_day3_scenes_fab_day3_logic_6346ee10c065ccc051a489a1ecff7695.bundle,孫茹地窖電梯事件3,Branch,#Simple,9,セラーのエレベーターランプがまた光っているんだ。,저장고 엘리베이터 램프가 또 켜져 있어.
scene_day3_scenes_fab_day3_logic_6346ee10c065ccc051a489a1ecff7695.bundle,孫茹地窖電梯事件3,Say,ジソ･ソン,11,なんやて？昨日修理したばかりやのに？,뭐라고? 어제 막 고쳤는데?
scene_day3_scenes_fab_day3_logic_6346ee10c065ccc051a489a1ecff7695.bundle,孫茹地窖電梯事件3,Say,レイカ･ホウ,5,多分、昨日の停電のせいじゃない？,"아마, 어제 정전 때문이지 않을까?"
scene_day3_scenes_fab_day3_logic_6346ee10c065ccc051a489a1ecff7695.bundle,孫茹地窖電梯事件3,Say,ジソ･ソン,12,はぁ……,하아……
scene_day3_scenes_fab_day3_logic_6346ee10c065ccc051a489a1ecff7695.bundle,孫茹地窖電梯事件3,Branch,#Simple,10,俺が修理しようか？,내가 고쳐줄까?
scene_day3_scenes_fab_day3_logic_6346ee10c065ccc051a489a1ecff7695.bundle,孫茹地窖電梯事件3,Branch,#Simple,11,何か手伝うか？,뭐 좀 도와줄까?
scene_day3_scenes_fab_day3_logic_6346ee10c065ccc051a489a1ecff7695.bundle,孫茹地窖電梯事件3,Say,ジソ･ソン,13,え？できるんかいな……？,어? 할 수 있어……?
scene_day3_scenes_fab_day3_logic_6346ee10c065ccc051a489a1ecff7695.bundle,孫茹地窖電梯事件3,Say,ジソ･ソン,14,ああ、昨日シュンが手伝ってくれた時に見とったんやな？,"아, 어제 슌이 도와줬을 때 봤었구나?"
scene_day3_scenes_fab_day3_logic_6346ee10c065ccc051a489a1ecff7695.bundle,孫茹地窖電梯事件3,Say,ジソ･ソン,15,エレベーターの横にある二つの黒いレバーをあげてくれればええ。,엘리베이터 옆에 있는 검은 레버 두 개를 올려주면 돼.
scene_day3_scenes_fab_day3_logic_6346ee10c065ccc051a489a1ecff7695.bundle,孫茹地窖電梯事件3,Say,ジソ･ソン,16,せやけど代わりにやってくれるなんて、人が良すぎへん？,"근데 대신 해준다니, 너무 착한 거 아니야?"
scene_day3_scenes_fab_day3_logic_6346ee10c065ccc051a489a1ecff7695.bundle,孫茹地窖電梯事件3,Branch,#Simple,12,俺はいい人だからな。,나는 좋은 사람이니까.
scene_day3_scenes_fab_day3_logic_6346ee10c065ccc051a489a1ecff7695.bundle,孫茹地窖電梯事件3,Branch,#Simple,13,良いことをするのに理由なんていらないだろう。,좋은 일 하는 데 이유 같은 게 필요해?
scene_day3_scenes_fab_day3_logic_6346ee10c065ccc051a489a1ecff7695.bundle,孫茹地窖電梯事件3,Branch,#Simple,14,ちょうど暇だったからな。,마침 한가했으니까.
scene_day3_scenes_fab_day3_logic_6346ee10c065ccc051a489a1ecff7695.bundle,孫茹地窖電梯事件3,Say,レイカ･ホウ,6,ジェイは本当にいい人なの。昨日もセイさんを助けてくれたし。,제이는 진짜 좋은 사람이야. 어제도 세이 씨를 도와줬었고.
scene_day3_scenes_fab_day3_logic_6346ee10c065ccc051a489a1ecff7695.bundle,孫茹地窖電梯事件3,Say,ジソ･ソン,17,ほんまか？,진짜?
scene_day3_scenes_fab_day3_logic_6346ee10c065ccc051a489a1ecff7695.bundle,孫茹地窖電梯事件3,Say,ジソ･ソン,18,アンタええやつやな！ほな、頼んだで。,"너 좋은 녀석이네! 그럼, 부탁한다."
scene_day3_scenes_fab_day3_logic_6346ee10c065ccc051a489a1ecff7695.bundle,孫茹地窖電梯事件3,Say,ジソ･ソン,19,あれ、アンタって操作組やないよな？,"어라, 너 조작조 아니었지?"
scene_day3_scenes_fab_day3_logic_6346ee10c065ccc051a489a1ecff7695.bundle,孫茹地窖電梯事件3,Say,ジソ･ソン,20,権限を渡してとくわ。,권한 넘겨줄게.
scene_day3_scenes_fab_day3_logic_6346ee10c065ccc051a489a1ecff7695.bundle,孫茹地窖電梯事件3,Say,ジソ･ソン,21,おっけ！もうエレベーターが使えるようになったと思うわ。一回限りやけどな。,오케이! 이제 엘리베이터 쓸 수 있게 됐을 거야. 딱 한 번뿐이지만.
scene_day3_scenes_fab_day3_logic_6346ee10c065ccc051a489a1ecff7695.bundle,孫茹地窖電梯事件3,Say,23,0,まさかそんな方法を思いつくとはね、やるじゃん！,"설마 그런 방법을 생각해낼 줄이야, 제법인데!"
scene_day3_scenes_fab_day3_logic_6346ee10c065ccc051a489a1ecff7695.bundle,孫茹地窖電梯事件3,Say,23,1,案はいくらあっても困らないからね。,방법은 아무리 많아도 나쁠 거 없으니까.
scene_day3_scenes_fab_day3_logic_6346ee10c065ccc051a489a1ecff7695.bundle,孫茹地窖電梯事件3,Say,ジソ･ソン,22,さて、もうこないな時間や。ぼちぼち仕事に行かへんとな！,"자, 벌써 시간이 이렇게 됐네. 슬슬 일하러 가야지!"
scene_day3_scenes_fab_day3_logic_6346ee10c065ccc051a489a1ecff7695.bundle,孫茹地窖電梯事件3,Branch,#Simple,15,……,……
scene_day3_scenes_fab_day3_logic_6346ee10c065ccc051a489a1ecff7695.bundle,孫茹地窖電梯事件3,Say,ジソ･ソン,23,教えてくれておおきに、後でやっとくわ。,"알려줘서 고마워, 나중에 처리해둘게."
scene_day3_scenes_fab_day3_logic_6346ee10c065ccc051a489a1ecff7695.bundle,孫茹地窖電梯事件3,Say,ジソ･ソン,24,行こう、レイカ。,"가자, 레이카."
scene_day3_scenes_fab_day3_logic_6346ee10c065ccc051a489a1ecff7695.bundle,孫茹地窖電梯事件3,Branch,#Simple,16,セラーに行きたいんだ。,저장고에 가고 싶어.
scene_day3_scenes_fab_day3_logic_6346ee10c065ccc051a489a1ecff7695.bundle,孫茹地窖電梯事件3,Say,ジソ･ソン,25,え？なんでや？,어? 왜?
scene_day3_scenes_fab_day3_logic_6346ee10c065ccc051a489a1ecff7695.bundle,孫茹地窖電梯事件3,Branch,#Simple,17,セラーのエレベーターランプがまた光ってるから、修理したいんだ。,"저장고 엘리베이터 램프가 또 켜져 있어서, 고치고 싶어."
scene_day3_scenes_fab_day3_logic_6346ee10c065ccc051a489a1ecff7695.bundle,孫茹地窖電梯事件3,Say,ジソ･ソン,26,なんやて？昨日修理したばかりやのに？,뭐라고? 어제 막 고쳤는데?
scene_day3_scenes_fab_day3_logic_6346ee10c065ccc051a489a1ecff7695.bundle,孫茹地窖電梯事件3,Say,レイカ･ホウ,7,多分、昨日の停電のせいじゃない？,"아마, 어제 정전 때문이지 않을까?"
scene_day3_scenes_fab_day3_logic_6346ee10c065ccc051a489a1ecff7695.bundle,孫茹地窖電梯事件3,Say,ジソ･ソン,27,はぁ……,하아……
scene_day3_scenes_fab_day3_logic_6346ee10c065ccc051a489a1ecff7695.bundle,孫茹地窖電梯事件3,Say,ジソ･ソン,28,ん？今、ジェイは修理するっていったんか？,"응? 방금, 제이가 고친다고 한 거야?"
scene_day3_scenes_fab_day3_logic_6346ee10c065ccc051a489a1ecff7695.bundle,孫茹地窖電梯事件3,Branch,#Simple,18,それは言えない。,그건 말 못 해.
scene_day3_scenes_fab_day3_logic_6346ee10c065ccc051a489a1ecff7695.bundle,孫茹地窖電梯事件3,Say,ジソ･ソン,29,そないなことを言われたら、こっちだって何もでけへんよ。,"그런 식으로 말하면, 이쪽도 아무것도 못 하지."
scene_day3_scenes_fab_day3_logic_6346ee10c065ccc051a489a1ecff7695.bundle,孫茹地窖電梯事件3,Say,ジソ･ソン,30,すまんな。,미안하다.
scene_day3_scenes_fab_day3_logic_6346ee10c065ccc051a489a1ecff7695.bundle,孫茹地窖電梯事件3,Say,ジソ･ソン,31,さて、もうこないな時間や。ぼちぼち仕事に行かへんとな！,"자, 벌써 시간이 이렇게 됐네. 슬슬 일하러 가야지!"
scene_day3_scenes_fab_day3_logic_6346ee10c065ccc051a489a1ecff7695.bundle,孫茹地窖電梯事件3,Say,レイカ･ホウ,8,……,……
scene_day3_scenes_fab_day3_logic_6346ee10c065ccc051a489a1ecff7695.bundle,孫茹地窖電梯事件3,Say,レイカ･ホウ,9,ねえ、ジェイ、唐突だけど質問していい？,"저기, 제이, 갑작스럽지만 질문해도 돼?"
scene_day3_scenes_fab_day3_logic_6346ee10c065ccc051a489a1ecff7695.bundle,孫茹地窖電梯事件3,Branch,#Simple,19,えっ？,어?
scene_day3_scenes_fab_day3_logic_6346ee10c065ccc051a489a1ecff7695.bundle,孫茹地窖電梯事件3,Say,レイカ･ホウ,10,一般男性の意見を聞きたいの。,일반적인 남자 의견을 듣고 싶어서.
scene_day3_scenes_fab_day3_logic_6346ee10c065ccc051a489a1ecff7695.bundle,孫茹地窖電梯事件3,Say,レイカ･ホウ,11,例えばさ、ジェイに想いを寄せる子がいて、ジェイもその人が好きな場合……,"예를 들어, 제이한테 마음이 있는 애가 있고, 제이도 그 사람이 좋을 경우……"
scene_day3_scenes_fab_day3_logic_6346ee10c065ccc051a489a1ecff7695.bundle,孫茹地窖電梯事件3,Say,レイカ･ホウ,12,相手をデートに誘ったりする？,상대를 데이트에 초대하고 그래?
scene_day3_scenes_fab_day3_logic_6346ee10c065ccc051a489a1ecff7695.bundle,孫茹地窖電梯事件3,Say,心の声,0,急な質問だな……,갑작스러운 질문이네……
scene_day3_scenes_fab_day3_logic_6346ee10c065ccc051a489a1ecff7695.bundle,孫茹地窖電梯事件3,Branch,#Simple,20,本当に急ですね。,정말 갑작스럽네요.
scene_day3_scenes_fab_day3_logic_6346ee10c065ccc051a489a1ecff7695.bundle,孫茹地窖電梯事件3,Say,レイカ･ホウ,13,アハハ……,아하하……
scene_day3_scenes_fab_day3_logic_6346ee10c065ccc051a489a1ecff7695.bundle,孫茹地窖電梯事件3,Branch,#Simple,21,その思いを寄せている人というのは、イー･テイですか？,"그 마음이 있다는 사람이, 이웨이예요?"
scene_day3_scenes_fab_day3_logic_6346ee10c065ccc051a489a1ecff7695.bundle,孫茹地窖電梯事件3,Say,心の声,1,明らかに動揺している。,명백히 동요하고 있다.
scene_day3_scenes_fab_day3_logic_6346ee10c065ccc051a489a1ecff7695.bundle,孫茹地窖電梯事件3,Say,レイカ･ホウ,14,ち、違うから！どうしてイーちゃんの名前が出てくるのよ！,"아, 아니거든! 왜 이짱 이름이 나와!"
scene_day3_scenes_fab_day3_logic_6346ee10c065ccc051a489a1ecff7695.bundle,孫茹地窖電梯事件3,Say,レイカ･ホウ,15,いいから、ちゃんと答えて！,"됐으니까, 제대로 대답해!"
scene_day3_scenes_fab_day3_logic_6346ee10c065ccc051a489a1ecff7695.bundle,孫茹地窖電梯事件3,Branch,#Simple,22,……,……
scene_day3_scenes_fab_day3_logic_6346ee10c065ccc051a489a1ecff7695.bundle,孫茹地窖電梯事件3,Say,心の声,2,俺はこういうのが苦手だからな……,나는 이런 거 서투르니까……
scene_day3_scenes_fab_day3_logic_6346ee10c065ccc051a489a1ecff7695.bundle,孫茹地窖電梯事件3,Branch,#Simple,23,この状況で、デートに誘わない理由があるんですか？,"이 상황에서, 데이트 신청 안 할 이유가 있어요?"
scene_day3_scenes_fab_day3_logic_6346ee10c065ccc051a489a1ecff7695.bundle,孫茹地窖電梯事件3,Say,レイカ･ホウ,16,ほら、変に気まずくなるとか？,"그, 이상하게 어색해진다든가?"
scene_day3_scenes_fab_day3_logic_6346ee10c065ccc051a489a1ecff7695.bundle,孫茹地窖電梯事件3,Branch,#Simple,24,断られるのが怖いのですか？,거절당하는 게 무서운 거예요?
scene_day3_scenes_fab_day3_logic_6346ee10c065ccc051a489a1ecff7695.bundle,孫茹地窖電梯事件3,Branch,#Simple,25,……,……
scene_day3_scenes_fab_day3_logic_6346ee10c065ccc051a489a1ecff7695.bundle,孫茹地窖電梯事件3,Say,レイカ･ホウ,17,むしろ私の方から断るのが怖いのかも。,오히려 내 쪽에서 거절하는 게 무서운 걸지도.
scene_day3_scenes_fab_day3_logic_6346ee10c065ccc051a489a1ecff7695.bundle,孫茹地窖電梯事件3,Say,レイカ･ホウ,18,私、相手のことが好きでも、長く続くかどうかわからないのよね。,"나, 상대가 좋아도, 오래갈지 어떨지 모르겠단 말이야."
scene_day3_scenes_fab_day3_logic_6346ee10c065ccc051a489a1ecff7695.bundle,孫茹地窖電梯事件3,Branch,#Simple,26,それはそこまで好きじゃないからですか？,그건 그렇게까지 안 좋아해서인가요?
scene_day3_scenes_fab_day3_logic_6346ee10c065ccc051a489a1ecff7695.bundle,孫茹地窖電梯事件3,Branch,#Simple,27,それは彼のことをよく知らないからでは？,그건 그 사람을 잘 몰라서 그런 거 아닐까요?
scene_day3_scenes_fab_day3_logic_6346ee10c065ccc051a489a1ecff7695.bundle,孫茹地窖電梯事件3,Say,レイカ･ホウ,19,そうなのかな？でも他の理由もあるかもしれないけどね。,그런 걸까? 근데 다른 이유도 있을지 모르지만.
scene_day3_scenes_fab_day3_logic_6346ee10c065ccc051a489a1ecff7695.bundle,孫茹地窖電梯事件3,Branch,#Simple,28,……,……
scene_day3_scenes_fab_day3_logic_6346ee10c065ccc051a489a1ecff7695.bundle,孫茹地窖電梯事件3,Say,レイカ･ホウ,20,とにかく私は、彼と上手くやっていけるとは思えないの。,"아무튼 나는, 그 사람이랑 잘해나갈 수 있을 거라고는 생각 안 돼."
scene_day3_scenes_fab_day3_logic_6346ee10c065ccc051a489a1ecff7695.bundle,孫茹地窖電梯事件3,Say,レイカ･ホウ,21,途中で投げ出しちゃうかもしれない。それが心配なの。,중간에 포기해버릴지도 몰라. 그게 걱정이야.
scene_day3_scenes_fab_day3_logic_6346ee10c065ccc051a489a1ecff7695.bundle,孫茹地窖電梯事件3,Say,レイカ･ホウ,22,それでも彼を誘うべきだと思う？,그래도 그 사람을 초대해야 한다고 생각해?
scene_day3_scenes_fab_day3_logic_6346ee10c065ccc051a489a1ecff7695.bundle,孫茹地窖電梯事件3,Branch,#Simple,29,深く考えすぎずに、気楽に誘えばいいと思いますよ。,"너무 깊게 생각하지 말고, 편하게 초대하면 될 것 같아요."
scene_day3_scenes_fab_day3_logic_6346ee10c065ccc051a489a1ecff7695.bundle,孫茹地窖電梯事件3,Say,レイカ･ホウ,23,そうなのかな……,그런 걸까……
scene_day3_scenes_fab_day3_logic_6346ee10c065ccc051a489a1ecff7695.bundle,孫茹地窖電梯事件3,Say,レイカ･ホウ,24,……,……
scene_day3_scenes_fab_day3_logic_6346ee10c065ccc051a489a1ecff7695.bundle,孫茹地窖電梯事件3,Say,レイカ･ホウ,25,うん、わかった。,"응, 알았어."
scene_day3_scenes_fab_day3_logic_6346ee10c065ccc051a489a1ecff7695.bundle,孫茹地窖電梯事件3,Say,レイカ･ホウ,26,話を聞いてくれてありがとう！,얘기 들어줘서 고마워!
scene_day3_scenes_fab_day3_logic_6346ee10c065ccc051a489a1ecff7695.bundle,孫茹地窖電梯事件3,Say,レイカ･ホウ,27,またね。,또 봐.
scene_day3_scenes_fab_day3_logic_6346ee10c065ccc051a489a1ecff7695.bundle,孫茹地窖電梯事件3,Branch,#Simple,30,お疲れ様でした。,수고하셨습니다.
scene_day3_scenes_fab_day3_logic_6346ee10c065ccc051a489a1ecff7695.bundle,孫茹地窖電梯事件3,Branch,#Simple,31,……,……
scene_day3_scenes_fab_day3_logic_6346ee10c065ccc051a489a1ecff7695.bundle,孫茹地窖電梯事件3,Say,心の声,3,イーちゃんの力になれただろうか。,이짱한테 도움이 됐으려나.
scene_day3_scenes_fab_day3_logic_6346ee10c065ccc051a489a1ecff7695.bundle,孫茹地窖電梯事件3,Say,心の声,4,ちょっと待て。もしレイカが話してた相手がイー･テイじゃなかったら……,잠깐만. 만약 레이카가 얘기하던 상대가 이웨이가 아니었다면……
scene_day3_scenes_fab_day3_logic_6346ee10c065ccc051a489a1ecff7695.bundle,孫茹地窖電梯事件3,Branch,#Simple,32,迷いがあるなら、やめるべきだと思います。相手を傷つける結果になりかねないので。,"망설임이 있다면, 그만두는 게 좋을 것 같아요. 상대한테 상처를 줄 결과가 될 수도 있으니까요."
scene_day3_scenes_fab_day3_logic_6346ee10c065ccc051a489a1ecff7695.bundle,孫茹地窖電梯事件3,Say,レイカ･ホウ,28,うん、そうね。,"응, 그러네."
scene_day3_scenes_fab_day3_logic_6346ee10c065ccc051a489a1ecff7695.bundle,孫茹地窖電梯事件3,Say,レイカ･ホウ,29,私もそう思った。,나도 그렇게 생각했어.
scene_day3_scenes_fab_day3_logic_6346ee10c065ccc051a489a1ecff7695.bundle,孫茹地窖電梯事件3,Say,レイカ･ホウ,30,話を聞いてくれてありがとう！,얘기 들어줘서 고마워!
scene_day3_scenes_fab_day3_logic_6346ee10c065ccc051a489a1ecff7695.bundle,孫茹地窖電梯事件3,Say,レイカ･ホウ,31,またね。,또 봐.
scene_day3_scenes_fab_day3_logic_6346ee10c065ccc051a489a1ecff7695.bundle,孫茹地窖電梯事件3,Branch,#Simple,33,お疲れ様でした。,수고하셨습니다.
scene_day3_scenes_fab_day3_logic_6346ee10c065ccc051a489a1ecff7695.bundle,孫茹地窖電梯事件3,Branch,#Simple,34,……,……
scene_day3_scenes_fab_day3_logic_6346ee10c065ccc051a489a1ecff7695.bundle,孫茹地窖電梯事件3,Say,心の声,5,風のような人だな……,바람 같은 사람이네……
scene_day3_scenes_fab_day3_logic_6346ee10c065ccc051a489a1ecff7695.bundle,孫茹地窖電梯事件3,Branch,#Simple,35,あなたが抱えている悩みを彼に打ち明けてから、デートに誘ってみたらどうです？,"당신이 안고 있는 고민을 그 사람한테 털어놓고 나서, 데이트를 신청해보는 건 어때요?"
scene_day3_scenes_fab_day3_logic_6346ee10c065ccc051a489a1ecff7695.bundle,孫茹地窖電梯事件3,Say,レイカ･ホウ,32,それを聞いた彼が傷ついてしまったら？,그걸 들은 그 사람이 상처받으면?
scene_day3_scenes_fab_day3_logic_6346ee10c065ccc051a489a1ecff7695.bundle,孫茹地窖電梯事件3,Branch,#Simple,36,そうなれば彼も、あなたの気持ちが理解できると思いますよ。,"그렇게 되면 그 사람도, 당신 마음을 이해할 수 있을 거예요."
scene_day3_scenes_fab_day3_logic_6346ee10c065ccc051a489a1ecff7695.bundle,孫茹地窖電梯事件3,Say,レイカ･ホウ,33,どうしてそう思うの？,왜 그렇게 생각하는데?
scene_day3_scenes_fab_day3_logic_6346ee10c065ccc051a489a1ecff7695.bundle,孫茹地窖電梯事件3,Branch,#Simple,37,あなたは彼の気持ちが大事だから、彼に自分の考えを打ち明けた。,"당신은 그 사람 마음이 소중하니까, 그 사람한테 자기 생각을 털어놓은 거잖아요."
scene_day3_scenes_fab_day3_logic_6346ee10c065ccc051a489a1ecff7695.bundle,孫茹地窖電梯事件3,Branch,#Simple,38,打ち明けなくてもいいことを、敢えて相手から嫌われるリスクを負ってまで打ち明けるのは、相手との関係を真剣に考えている証拠だと思います。,"말 안 해도 될 걸, 굳이 미움받을 위험을 감수하면서까지 털어놓는 건, 상대와의 관계를 진지하게 생각하고 있다는 증거라고 생각해요."
scene_day3_scenes_fab_day3_logic_6346ee10c065ccc051a489a1ecff7695.bundle,孫茹地窖電梯事件3,Say,レイカ･ホウ,34,……,……
scene_day3_scenes_fab_day3_logic_6346ee10c065ccc051a489a1ecff7695.bundle,孫茹地窖電梯事件3,Say,レイカ･ホウ,35,あなたの言う通りね！,네 말이 맞네!
scene_day3_scenes_fab_day3_logic_6346ee10c065ccc051a489a1ecff7695.bundle,孫茹地窖電梯事件3,Say,レイカ･ホウ,36,考えがまとまった気がする！,생각이 정리된 것 같아!
scene_day3_scenes_fab_day3_logic_6346ee10c065ccc051a489a1ecff7695.bundle,孫茹地窖電梯事件3,Say,レイカ･ホウ,37,話を聞いてくれてありがとう！,얘기 들어줘서 고마워!
scene_day3_scenes_fab_day3_logic_6346ee10c065ccc051a489a1ecff7695.bundle,孫茹地窖電梯事件3,Say,レイカ･ホウ,38,またね。,또 봐.
scene_day3_scenes_fab_day3_logic_6346ee10c065ccc051a489a1ecff7695.bundle,孫茹地窖電梯事件3,Branch,#Simple,39,お疲れ様でした。,수고하셨습니다.
scene_day3_scenes_fab_day3_logic_6346ee10c065ccc051a489a1ecff7695.bundle,孫茹地窖電梯事件3,Branch,#Simple,40,……,……
scene_day3_scenes_fab_day3_logic_6346ee10c065ccc051a489a1ecff7695.bundle,孫茹地窖電梯事件3,Say,心の声,6,イーちゃんの力になれただろうか。,이짱한테 도움이 됐으려나.
scene_day3_scenes_fab_day3_logic_6346ee10c065ccc051a489a1ecff7695.bundle,孫茹地窖電梯事件3,Say,心の声,7,ちょっと待て。もしレイカが話してた相手がイー･テイじゃなかったら……,잠깐만. 만약 레이카가 얘기하던 상대가 이웨이가 아니었다면……
scene_day3_scenes_fab_day3_logic_6346ee10c065ccc051a489a1ecff7695.bundle,孫茹地窖電梯事件3,Branch,#Simple,41,相手も大人なら、それも受け入れてくれると思います。,"상대도 어른이라면, 그것도 받아들여줄 거라고 생각해요."
scene_day3_scenes_fab_day3_logic_6346ee10c065ccc051a489a1ecff7695.bundle,孫茹地窖電梯事件3,Branch,#Simple,42,その場合は、彼とは根本的に合わなかったってだけですね。,"그런 경우엔, 그 사람이랑 근본적으로 안 맞았던 것뿐이에요."
scene_day3_scenes_fab_day3_logic_6346ee10c065ccc051a489a1ecff7695.bundle,孫茹地窖電梯事件3,Say,レイカ･ホウ,39,……,……
scene_day3_scenes_fab_day3_logic_6346ee10c065ccc051a489a1ecff7695.bundle,孫茹地窖電梯事件3,Say,レイカ･ホウ,40,そうね。,그러네.
scene_day3_scenes_fab_day3_logic_6346ee10c065ccc051a489a1ecff7695.bundle,孫茹地窖電梯事件3,Say,レイカ･ホウ,41,話を聞いてくれてありがとう！,얘기 들어줘서 고마워!
scene_day3_scenes_fab_day3_logic_6346ee10c065ccc051a489a1ecff7695.bundle,孫茹地窖電梯事件3,Say,レイカ･ホウ,42,またね。,또 봐.
scene_day3_scenes_fab_day3_logic_6346ee10c065ccc051a489a1ecff7695.bundle,孫茹地窖電梯事件3,Branch,#Simple,43,お疲れ様でした。,수고하셨습니다.
scene_day3_scenes_fab_day3_logic_6346ee10c065ccc051a489a1ecff7695.bundle,孫茹地窖電梯事件3,Branch,#Simple,44,……,……
scene_day3_scenes_fab_day3_logic_6346ee10c065ccc051a489a1ecff7695.bundle,孫茹地窖電梯事件3,Say,心の声,8,風のような人だな……,바람 같은 사람이네……
scene_day3_scenes_fab_day3_logic_6346ee10c065ccc051a489a1ecff7695.bundle,孫茹地窖電梯事件3,Branch,#Simple,45,すみませんが、その質問には答えられません。,"죄송하지만, 그 질문에는 대답 못 하겠어요."
scene_day3_scenes_fab_day3_logic_6346ee10c065ccc051a489a1ecff7695.bundle,孫茹地窖電梯事件3,Say,レイカ･ホウ,43,え？どうしてですか？,어? 왜요?
scene_day3_scenes_fab_day3_logic_6346ee10c065ccc051a489a1ecff7695.bundle,孫茹地窖電梯事件3,Branch,#Simple,46,私はあなたたちのことをそこまでよく知りません。,저는 두 분에 대해서 그렇게까지 잘 모르니까요.
scene_day3_scenes_fab_day3_logic_6346ee10c065ccc051a489a1ecff7695.bundle,孫茹地窖電梯事件3,Say,レイカ･ホウ,44,……,……
scene_day3_scenes_fab_day3_logic_6346ee10c065ccc051a489a1ecff7695.bundle,孫茹地窖電梯事件3,Say,レイカ･ホウ,45,うん、そうよね。,"응, 그렇지."
scene_day3_scenes_fab_day3_logic_6346ee10c065ccc051a489a1ecff7695.bundle,孫茹地窖電梯事件3,Branch,#Simple,47,あなたたちの関係に対して、責任を負いたくないからです。,"두 분 관계에 대해서, 책임지고 싶지 않아서예요."
scene_day3_scenes_fab_day3_logic_6346ee10c065ccc051a489a1ecff7695.bundle,孫茹地窖電梯事件3,Say,レイカ･ホウ,46,つ、冷たい……,"차, 차갑네……"
scene_day3_scenes_fab_day3_logic_6346ee10c065ccc051a489a1ecff7695.bundle,孫茹地窖電梯事件3,Say,レイカ･ホウ,47,でもそうね。確かに他人に押しつけるべきではないかも。,근데 그렇네. 확실히 남한테 떠넘기면 안 되는 걸지도.
scene_day3_scenes_fab_day3_logic_6346ee10c065ccc051a489a1ecff7695.bundle,孫茹地窖電梯事件3,Branch,#Simple,48,自分には荷が重いと思っただけです。,저한테는 짐이 무겁다고 생각했을 뿐이에요.
scene_day3_scenes_fab_day3_logic_6346ee10c065ccc051a489a1ecff7695.bundle,孫茹地窖電梯事件3,Say,レイカ･ホウ,48,……わかった。,……알았어.
scene_day3_scenes_fab_day3_logic_6346ee10c065ccc051a489a1ecff7695.bundle,孫茹地窖電梯事件3,Say,レイカ･ホウ,49,話を聞いてくれてありがとう。,얘기 들어줘서 고마워.
scene_day3_scenes_fab_day3_logic_6346ee10c065ccc051a489a1ecff7695.bundle,孫茹地窖電梯事件3,Say,レイカ･ホウ,50,またね。,또 봐.
scene_day3_scenes_fab_day3_logic_6346ee10c065ccc051a489a1ecff7695.bundle,孫茹地窖電梯事件3,Branch,#Simple,49,お疲れ様でした。,수고하셨습니다.
scene_day3_scenes_fab_day3_logic_6346ee10c065ccc051a489a1ecff7695.bundle,孫茹地窖電梯事件3,Branch,#Simple,50,……,……
scene_day3_scenes_fab_day3_logic_6346ee10c065ccc051a489a1ecff7695.bundle,孫茹地窖電梯事件3,Say,心の声,9,これが正しい。そもそも俺とは関係のないことだ。,이게 맞다. 애초에 나랑은 상관없는 일이야.
scene_day3_scenes_fab_day3_logic_6346ee10c065ccc051a489a1ecff7695.bundle,孫茹地窖電梯事件3,Branch,#Simple,51,私なら誘いますね。,저라면 초대하겠네요.
scene_day3_scenes_fab_day3_logic_6346ee10c065ccc051a489a1ecff7695.bundle,孫茹地窖電梯事件3,Say,レイカ･ホウ,51,そうですか……,그런가요……
scene_day3_scenes_fab_day3_logic_6346ee10c065ccc051a489a1ecff7695.bundle,孫茹地窖電梯事件3,Say,レイカ･ホウ,52,やっぱり普通の人は誘うのかな。,역시 보통 사람들은 초대하는 걸까.
scene_day3_scenes_fab_day3_logic_6346ee10c065ccc051a489a1ecff7695.bundle,孫茹地窖電梯事件3,Say,レイカ･ホウ,53,教えてくれてありがとう。,알려줘서 고마워.
scene_day3_scenes_fab_day3_logic_6346ee10c065ccc051a489a1ecff7695.bundle,孫茹地窖電梯事件3,Say,レイカ･ホウ,54,じゃ、また後で！,"그럼, 또 이따가!"
scene_day3_scenes_fab_day3_logic_6346ee10c065ccc051a489a1ecff7695.bundle,孫茹地窖電梯事件3,Branch,#Simple,52,お疲れ様でした。,수고하셨습니다.
scene_day3_scenes_fab_day3_logic_6346ee10c065ccc051a489a1ecff7695.bundle,孫茹地窖電梯事件3,Branch,#Simple,53,……,……
scene_day3_scenes_fab_day3_logic_6346ee10c065ccc051a489a1ecff7695.bundle,孫茹地窖電梯事件3,Say,心の声,10,風のような人だな……,바람 같은 사람이네……
scene_day3_scenes_fab_day3_logic_6346ee10c065ccc051a489a1ecff7695.bundle,孫茹地窖電梯事件3,Branch,#Simple,54,私なら相手から誘われるのを待ちますね。,저라면 상대가 초대해주길 기다리겠네요.
scene_day3_scenes_fab_day3_logic_6346ee10c065ccc051a489a1ecff7695.bundle,孫茹地窖電梯事件3,Say,レイカ･ホウ,55,どうして操作組に？,왜 조작조로 간 거야?
scene_day3_scenes_fab_day3_logic_6346ee10c065ccc051a489a1ecff7695.bundle,孫茹地窖電梯事件3,Branch,#Simple,55,優位に立てるからです。,우위에 설 수 있으니까요.
scene_day3_scenes_fab_day3_logic_6346ee10c065ccc051a489a1ecff7695.bundle,孫茹地窖電梯事件3,Branch,#Simple,56,断られるリスクがないからです。,거절당할 위험이 없으니까요.
scene_day3_scenes_fab_day3_logic_6346ee10c065ccc051a489a1ecff7695.bundle,孫茹地窖電梯事件3,Say,レイカ･ホウ,56,別にそんなこと気にしないけど……,딱히 그런 거 신경 안 쓰는데……
scene_day3_scenes_fab_day3_logic_6346ee10c065ccc051a489a1ecff7695.bundle,孫茹地窖電梯事件3,Say,レイカ･ホウ,57,でもありがとう。,그래도 고마워.
scene_day3_scenes_fab_day3_logic_6346ee10c065ccc051a489a1ecff7695.bundle,孫茹地窖電梯事件3,Say,レイカ･ホウ,58,もう少し考えさせてくれ。,좀 더 생각하게 해줘.
scene_day3_scenes_fab_day3_logic_6346ee10c065ccc051a489a1ecff7695.bundle,孫茹地窖電梯事件3,Say,レイカ･ホウ,59,じゃ、また後で！,"그럼, 또 이따가!"
scene_day3_scenes_fab_day3_logic_6346ee10c065ccc051a489a1ecff7695.bundle,孫茹地窖電梯事件3,Branch,#Simple,57,お疲れ様でした。,수고하셨습니다.
scene_day3_scenes_fab_day3_logic_6346ee10c065ccc051a489a1ecff7695.bundle,孫茹地窖電梯事件3,Branch,#Simple,58,……,……
scene_day3_scenes_fab_day3_logic_6346ee10c065ccc051a489a1ecff7695.bundle,孫茹地窖電梯事件3,Say,心の声,11,風のような人だな……,바람 같은 사람이네……
scene_day3_scenes_fab_day3_logic_6346ee10c065ccc051a489a1ecff7695.bundle,孫茹地窖電梯事件3,Branch,#Simple,59,今は忙しいので無理ですね。,지금은 바빠서 무리네요.
scene_day3_scenes_fab_day3_logic_6346ee10c065ccc051a489a1ecff7695.bundle,孫茹地窖電梯事件3,Say,レイカ･ホウ,60,ええ、冷たいなぁ。,"에이, 차갑네."
scene_day3_scenes_fab_day3_logic_6346ee10c065ccc051a489a1ecff7695.bundle,孫茹地窖電梯事件3,Branch,#Simple,60,私はもう行きます。,저는 이만 가볼게요.
scene_day3_scenes_fab_day3_logic_6346ee10c065ccc051a489a1ecff7695.bundle,孫茹地窖電梯事件3,Branch,#Simple,61,わかりました。質問は何ですか？,알겠어요. 질문이 뭔데요?
scene_day3_scenes_fab_day3_logic_6346ee10c065ccc051a489a1ecff7695.bundle,孫茹地窖電梯事件3,Say,レイカ･ホウ,61,ジェイは優しいね！,제이는 다정하네!
scene_day3_scenes_fab_day3_logic_6346ee10c065ccc051a489a1ecff7695.bundle,孫茹地窖電梯事件3,Say,レイカ･ホウ,62,またね。,또 봐.
scene_day3_scenes_fab_day3_logic_6346ee10c065ccc051a489a1ecff7695.bundle,把采欣通行證放回去,Say,心の声,0,やはりやめておこう。シンカを巻き込むのはよくない。,역시 그만두자. 신카를 끌어들이는 건 좋지 않아.
scene_day3_scenes_fab_day3_logic_6346ee10c065ccc051a489a1ecff7695.bundle,把采欣通行證放回去,Say,23,0,結局戻したの？,결국 돌려놨어?
scene_day3_scenes_fab_day3_logic_6346ee10c065ccc051a489a1ecff7695.bundle,把采欣通行證放回去,Say,23,1,まあ、バレたら逆にややこしくなるしね。,"뭐, 들키면 오히려 복잡해지니까."
scene_day3_scenes_fab_day3_logic_6346ee10c065ccc051a489a1ecff7695.bundle,把采欣通行證放回去,Say,23,2,それにもう他の方法も見つかったし。,게다가 이미 다른 방법도 찾았고.
scene_day3_scenes_fab_day3_logic_6346ee10c065ccc051a489a1ecff7695.bundle,把采欣通行證放回去,Say,23,3,それに他にもっと良い方法があるかもしれないしね。,게다가 다른 더 좋은 방법이 있을지도 모르고.
scene_day3_scenes_fab_day3_logic_6346ee10c065ccc051a489a1ecff7695.bundle,廖哥簽約第一組人離開後,Say,チキョウ･リョウ,0,その耳は飾りか？俺の許可がない限り、口を挟むなと言ったはずだ！,"그 귀는 장식이냐? 내 허락 없이는, 끼어들지 말라고 했을 텐데!"
scene_day3_scenes_fab_day3_logic_6346ee10c065ccc051a489a1ecff7695.bundle,廖哥簽約第一組人離開後,Say,チキョウ･リョウ,1,なぜそこまでして邪魔をするんだ！,왜 그렇게까지 방해하는 거지!
scene_day3_scenes_fab_day3_logic_6346ee10c065ccc051a489a1ecff7695.bundle,廖哥簽約第一組人離開後,Branch,#Simple,0,チーフは手当を出すなと言っていました。勝手なことをしているのはあなたです。,팀장님은 수당을 주지 말라고 하셨어요. 멋대로 굴고 있는 건 당신이잖아요.
scene_day3_scenes_fab_day3_logic_6346ee10c065ccc051a489a1ecff7695.bundle,廖哥簽約第一組人離開後,Branch,#Simple,1,むしろ私は助言しているんです。チーフが科した決まりをあなたが破らないようにと。,오히려 저는 조언을 드리는 거예요. 팀장님이 정한 규칙을 당신이 어기지 않도록요.
scene_day3_scenes_fab_day3_logic_6346ee10c065ccc051a489a1ecff7695.bundle,廖哥簽約第一組人離開後,Say,チキョウ･リョウ,2,俺のしたことは自分で責任を取る。心配不要だ！,내가 한 일은 내가 책임진다. 걱정할 필요 없어!
scene_day3_scenes_fab_day3_logic_6346ee10c065ccc051a489a1ecff7695.bundle,廖哥簽約第一組人離開後,Branch,#Simple,2,何か問題が起きれば、私まで責任を追及されます。,"무슨 문제라도 생기면, 저까지 책임 추궁을 당해요."
scene_day3_scenes_fab_day3_logic_6346ee10c065ccc051a489a1ecff7695.bundle,廖哥簽約第一組人離開後,Branch,#Simple,3,あなたが弁償責任を負えるのですか？,당신이 배상 책임을 질 수 있는 건가요?
scene_day3_scenes_fab_day3_logic_6346ee10c065ccc051a489a1ecff7695.bundle,廖哥簽約第一組人離開後,Branch,#Simple,4,……,……
scene_day3_scenes_fab_day3_logic_6346ee10c065ccc051a489a1ecff7695.bundle,廖哥簽約第一組人離開後,Say,チキョウ･リョウ,3,……,……
scene_day3_scenes_fab_day3_logic_6346ee10c065ccc051a489a1ecff7695.bundle,廖哥簽約第一組人離開後,Say,チキョウ･リョウ,4,……,……
scene_day3_scenes_fab_day3_logic_6346ee10c065ccc051a489a1ecff7695.bundle,廖哥簽約第一組人離開後,Say,チキョウ･リョウ,5,はぁ……,하아……
scene_day3_scenes_fab_day3_logic_6346ee10c065ccc051a489a1ecff7695.bundle,廖哥簽約第一組人離開後,Branch,#Simple,5,手当を渡すべきじゃありませんでした。,수당을 주시면 안 됐어요.
scene_day3_scenes_fab_day3_logic_6346ee10c065ccc051a489a1ecff7695.bundle,廖哥簽約第一組人離開後,Say,チキョウ･リョウ,6,彼らには金が必要だ。,저 사람들한테는 돈이 필요해.
scene_day3_scenes_fab_day3_logic_6346ee10c065ccc051a489a1ecff7695.bundle,廖哥簽約第一組人離開後,Branch,#Simple,6,選別組のみんなだってそうです。,선별조 사람들도 다 마찬가지예요.
scene_day3_scenes_fab_day3_logic_6346ee10c065ccc051a489a1ecff7695.bundle,廖哥簽約第一組人離開後,Branch,#Simple,7,それでも、チーフが禁止と言っています。,"그래도, 팀장님이 금지라고 하셨잖아요."
scene_day3_scenes_fab_day3_logic_6346ee10c065ccc051a489a1ecff7695.bundle,廖哥簽約第一組人離開後,Branch,#Simple,8,……,……
scene_day3_scenes_fab_day3_logic_6346ee10c065ccc051a489a1ecff7695.bundle,廖哥簽約第一組人離開後,Say,チキョウ･リョウ,7,……,……
scene_day3_scenes_fab_day3_logic_6346ee10c065ccc051a489a1ecff7695.bundle,廖哥簽約第一組人離開後,Say,チキョウ･リョウ,8,俺のしたことは自分で責任を取る。心配不要だ！,내가 한 일은 내가 책임진다. 걱정할 필요 없어!
scene_day3_scenes_fab_day3_logic_6346ee10c065ccc051a489a1ecff7695.bundle,廖哥簽約第一組人離開後,Branch,#Simple,9,何か問題が起きれば、私まで責任を追及されます。,"무슨 문제라도 생기면, 저까지 책임 추궁을 당해요."
scene_day3_scenes_fab_day3_logic_6346ee10c065ccc051a489a1ecff7695.bundle,廖哥簽約第一組人離開後,Branch,#Simple,10,あなたが弁償責任を負えるのですか？,당신이 배상 책임을 질 수 있는 건가요?
scene_day3_scenes_fab_day3_logic_6346ee10c065ccc051a489a1ecff7695.bundle,廖哥簽約第一組人離開後,Branch,#Simple,11,……,……
scene_day3_scenes_fab_day3_logic_6346ee10c065ccc051a489a1ecff7695.bundle,廖哥簽約第一組人離開後,Say,チキョウ･リョウ,9,……,……
scene_day3_scenes_fab_day3_logic_6346ee10c065ccc051a489a1ecff7695.bundle,廖哥簽約第一組人離開後,Branch,#Simple,12,……,……
scene_day3_scenes_fab_day3_logic_6346ee10c065ccc051a489a1ecff7695.bundle,廖哥簽約第一組人離開後,Say,チキョウ･リョウ,10,電話をする。,전화하겠다.
scene_day3_scenes_fab_day3_logic_6346ee10c065ccc051a489a1ecff7695.bundle,廖哥簽約室打電話,Say,チキョウ･リョウ,0,もしもし……リーさんですか。,여보세요……리 씨입니까.
scene_day3_scenes_fab_day3_logic_6346ee10c065ccc051a489a1ecff7695.bundle,廖哥簽約室打電話,Say,チキョウ･リョウ,1,……手当……の金……立場が……,……수당……돈……입장이……
scene_day3_scenes_fab_day3_logic_6346ee10c065ccc051a489a1ecff7695.bundle,廖哥簽約室打電話,Say,心の声,0,会話の内容があまり聞こえないな……,대화 내용이 잘 안 들리는군……
scene_day3_scenes_fab_day3_logic_6346ee10c065ccc051a489a1ecff7695.bundle,廖哥簽約室打電話,Say,チキョウ･リョウ,2,……はい……そうです。,……네……그렇습니다.
scene_day3_scenes_fab_day3_logic_6346ee10c065ccc051a489a1ecff7695.bundle,廖哥簽約室打電話,Say,チキョウ･リョウ,3,でも……帳簿が……,근데……장부가……
scene_day3_scenes_fab_day3_logic_6346ee10c065ccc051a489a1ecff7695.bundle,廖哥簽約室打電話,Say,チキョウ･リョウ,4,リーさん……場所を……変えましょう……,리 씨……장소를……옮기죠……
scene_day3_scenes_fab_day3_logic_6346ee10c065ccc051a489a1ecff7695.bundle,廖哥簽約室打電話,Say,チキョウ･リョウ,5,……はい、問題ありません。,"……네, 문제없습니다."
scene_day3_scenes_fab_day3_logic_6346ee10c065ccc051a489a1ecff7695.bundle,廖哥簽約室打電話,Say,チキョウ･リョウ,6,俺はトイレに行く。ここで待ってろ。,나는 화장실 갔다 오겠다. 여기서 기다려.
scene_day3_scenes_fab_day3_logic_6346ee10c065ccc051a489a1ecff7695.bundle,廖哥簽約室打電話,Say,心の声,1,顔が真っ青だ……,얼굴이 새파랗게 질렸다……
scene_day3_scenes_fab_day3_logic_6346ee10c065ccc051a489a1ecff7695.bundle,葉慈恩突襲廖哥簽約,Say,心の声,0,多分、電話をしに行ったんだろう……,"아마, 전화하러 간 거겠지……"
scene_day3_scenes_fab_day3_logic_6346ee10c065ccc051a489a1ecff7695.bundle,葉慈恩突襲廖哥簽約,Say,心の声,1,相手は誰なんだ……,상대는 누구지……
scene_day3_scenes_fab_day3_logic_6346ee10c065ccc051a489a1ecff7695.bundle,葉慈恩突襲廖哥簽約,Say,心の声,2,あのかしこまった態度を見るに、会社の上層部だろう。,"저 딱딱한 태도를 보면, 회사 윗선이겠지."
scene_day3_scenes_fab_day3_logic_6346ee10c065ccc051a489a1ecff7695.bundle,葉慈恩突襲廖哥簽約,Say,心の声,3,ん……？,응……?
scene_day3_scenes_fab_day3_logic_6346ee10c065ccc051a489a1ecff7695.bundle,葉慈恩突襲廖哥簽約,Say,心の声,4,……ジーン？,……진?
scene_day3_scenes_fab_day3_logic_6346ee10c065ccc051a489a1ecff7695.bundle,葉慈恩突襲廖哥簽約,Say,心の声,5,なぜ彼女が……？,왜 그녀가……?
scene_day3_scenes_fab_day3_logic_6346ee10c065ccc051a489a1ecff7695.bundle,葉慈恩突襲廖哥簽約,Say,ジーン･ヨウ,0,やっほー、ジェイ。,"안뇽, 제이."
scene_day3_scenes_fab_day3_logic_6346ee10c065ccc051a489a1ecff7695.bundle,葉慈恩突襲廖哥簽約,Say,ジーン･ヨウ,1,心配で見に来たのだけど、大丈夫そう？,"걱정돼서 보러 왔는데, 괜찮아 보이네?"
scene_day3_scenes_fab_day3_logic_6346ee10c065ccc051a489a1ecff7695.bundle,葉慈恩突襲廖哥簽約,Branch,#Simple,0,リョウさんはトイレです。,료 씨는 화장실에 갔어요.
scene_day3_scenes_fab_day3_logic_6346ee10c065ccc051a489a1ecff7695.bundle,葉慈恩突襲廖哥簽約,Say,ジーン･ヨウ,2,うん、知ってる。,"응, 알아."
scene_day3_scenes_fab_day3_logic_6346ee10c065ccc051a489a1ecff7695.bundle,葉慈恩突襲廖哥簽約,Say,心の声,6,知ってる？,안다고?
scene_day3_scenes_fab_day3_logic_6346ee10c065ccc051a489a1ecff7695.bundle,葉慈恩突襲廖哥簽約,Branch,#Simple,1,何かあったんですか？,무슨 일 있었어요?
scene_day3_scenes_fab_day3_logic_6346ee10c065ccc051a489a1ecff7695.bundle,葉慈恩突襲廖哥簽約,Say,ジーン･ヨウ,3,いや、ちょっと聞きたいことがあってね。,"아니, 좀 물어보고 싶은 게 있어서."
scene_day3_scenes_fab_day3_logic_6346ee10c065ccc051a489a1ecff7695.bundle,葉慈恩突襲廖哥簽約,Branch,#Simple,2,……,……
scene_day3_scenes_fab_day3_logic_6346ee10c065ccc051a489a1ecff7695.bundle,葉慈恩突襲廖哥簽約,Say,ジーン･ヨウ,4,リョウさんはさっきの契約中に追加の手当を渡した？,료 씨가 아까 계약 중에 추가 수당 줬어?
scene_day3_scenes_fab_day3_logic_6346ee10c065ccc051a489a1ecff7695.bundle,葉慈恩突襲廖哥簽約,Say,心の声,7,なぜそれを……,그걸 어떻게……
scene_day3_scenes_fab_day3_logic_6346ee10c065ccc051a489a1ecff7695.bundle,葉慈恩突襲廖哥簽約,Branch,#Simple,3,見たことあります。,본 적 있어요.
scene_day3_scenes_fab_day3_logic_6346ee10c065ccc051a489a1ecff7695.bundle,葉慈恩突襲廖哥簽約,Say,ジーン･ヨウ,5,そう……,그렇구나……
scene_day3_scenes_fab_day3_logic_6346ee10c065ccc051a489a1ecff7695.bundle,葉慈恩突襲廖哥簽約,Branch,#Simple,4,止めたのですが、話を聞いてもらえませんでした。,"말렸는데, 들어주질 않으셔서요."
scene_day3_scenes_fab_day3_logic_6346ee10c065ccc051a489a1ecff7695.bundle,葉慈恩突襲廖哥簽約,Say,心の声,8,今は巻き込まれないように、嘘をついてごまかそう。,"지금은 휘말리지 않게, 거짓말로 얼버무리자."
scene_day3_scenes_fab_day3_logic_6346ee10c065ccc051a489a1ecff7695.bundle,葉慈恩突襲廖哥簽約,Say,ジーン･ヨウ,6,ああ。,아.
scene_day3_scenes_fab_day3_logic_6346ee10c065ccc051a489a1ecff7695.bundle,葉慈恩突襲廖哥簽約,Branch,#Simple,5,止められても、彼はそうするとわかっていたんですか？,"말려도, 그렇게 할 거라는 걸 알고 있었던 거예요?"
scene_day3_scenes_fab_day3_logic_6346ee10c065ccc051a489a1ecff7695.bundle,葉慈恩突襲廖哥簽約,Say,ジーン･ヨウ,7,まあね。リョウさんは何度か前科もあるし。,"뭐, 그렇지. 료 씨는 몇 번인가 전과도 있고."
scene_day3_scenes_fab_day3_logic_6346ee10c065ccc051a489a1ecff7695.bundle,葉慈恩突襲廖哥簽約,Branch,#Simple,6,……,……
scene_day3_scenes_fab_day3_logic_6346ee10c065ccc051a489a1ecff7695.bundle,葉慈恩突襲廖哥簽約,Branch,#Simple,7,渡してないと思います。,안 준 것 같아요.
scene_day3_scenes_fab_day3_logic_6346ee10c065ccc051a489a1ecff7695.bundle,葉慈恩突襲廖哥簽約,Say,ジーン･ヨウ,8,思う？,같아?
scene_day3_scenes_fab_day3_logic_6346ee10c065ccc051a489a1ecff7695.bundle,葉慈恩突襲廖哥簽約,Branch,#Simple,8,いえ、やっぱり渡していたと思います。,"아뇨, 역시 준 것 같아요."
scene_day3_scenes_fab_day3_logic_6346ee10c065ccc051a489a1ecff7695.bundle,葉慈恩突襲廖哥簽約,Branch,#Simple,9,すみません、まだ契約について詳しくなくて。,"죄송해요, 아직 계약에 대해 잘 몰라서."
scene_day3_scenes_fab_day3_logic_6346ee10c065ccc051a489a1ecff7695.bundle,葉慈恩突襲廖哥簽約,Say,ジーン･ヨウ,9,そう……,그렇구나……
scene_day3_scenes_fab_day3_logic_6346ee10c065ccc051a489a1ecff7695.bundle,葉慈恩突襲廖哥簽約,Say,ジーン･ヨウ,10,……,……
scene_day3_scenes_fab_day3_logic_6346ee10c065ccc051a489a1ecff7695.bundle,葉慈恩突襲廖哥簽約,Say,ジーン･ヨウ,11,それと今、リョウさん電話をしてた？,"그리고 지금, 료 씨 전화하고 있었어?"
scene_day3_scenes_fab_day3_logic_6346ee10c065ccc051a489a1ecff7695.bundle,葉慈恩突襲廖哥簽約,Branch,#Simple,10,はい、誰かと電話をしてました。,"네, 누군가랑 통화하고 있었어요."
scene_day3_scenes_fab_day3_logic_6346ee10c065ccc051a489a1ecff7695.bundle,葉慈恩突襲廖哥簽約,Say,ジーン･ヨウ,12,お？,오?
scene_day3_scenes_fab_day3_logic_6346ee10c065ccc051a489a1ecff7695.bundle,葉慈恩突襲廖哥簽約,Say,ジーン･ヨウ,13,それは本当か？,그거 사실이야?
scene_day3_scenes_fab_day3_logic_6346ee10c065ccc051a489a1ecff7695.bundle,葉慈恩突襲廖哥簽約,Branch,#Simple,11,はい。,네.
scene_day3_scenes_fab_day3_logic_6346ee10c065ccc051a489a1ecff7695.bundle,葉慈恩突襲廖哥簽約,Branch,#Simple,12,はい、電話をしていました。,"네, 통화하고 있었어요."
scene_day3_scenes_fab_day3_logic_6346ee10c065ccc051a489a1ecff7695.bundle,葉慈恩突襲廖哥簽約,Say,ジーン･ヨウ,14,うん、わかった。,"응, 알았어."
scene_day3_scenes_fab_day3_logic_6346ee10c065ccc051a489a1ecff7695.bundle,葉慈恩突襲廖哥簽約,Branch,#Simple,13,いや。,아니.
scene_day3_scenes_fab_day3_logic_6346ee10c065ccc051a489a1ecff7695.bundle,葉慈恩突襲廖哥簽約,Say,ジーン･ヨウ,15,……,……
scene_day3_scenes_fab_day3_logic_6346ee10c065ccc051a489a1ecff7695.bundle,葉慈恩突襲廖哥簽約,Say,ジーン･ヨウ,16,そうですか……,그런가요……
scene_day3_scenes_fab_day3_logic_6346ee10c065ccc051a489a1ecff7695.bundle,葉慈恩突襲廖哥簽約,Branch,#Simple,14,……,……
scene_day3_scenes_fab_day3_logic_6346ee10c065ccc051a489a1ecff7695.bundle,葉慈恩突襲廖哥簽約,Say,ジーン･ヨウ,17,ありがとうね、ジェイ。,"고마워, 제이."
scene_day3_scenes_fab_day3_logic_6346ee10c065ccc051a489a1ecff7695.bundle,葉慈恩突襲廖哥簽約,Branch,#Simple,15,どうしてこんな質問を？,왜 이런 질문을 하는 거예요?
scene_day3_scenes_fab_day3_logic_6346ee10c065ccc051a489a1ecff7695.bundle,葉慈恩突襲廖哥簽約,Say,ジーン･ヨウ,18,心配で見に来たって言ったでしょう？,걱정돼서 보러 왔다고 했잖아?
scene_day3_scenes_fab_day3_logic_6346ee10c065ccc051a489a1ecff7695.bundle,葉慈恩突襲廖哥簽約,Branch,#Simple,16,もうすぐリョウさんも帰って来ますよ？,곧 료 씨도 돌아오실 텐데요?
scene_day3_scenes_fab_day3_logic_6346ee10c065ccc051a489a1ecff7695.bundle,葉慈恩突襲廖哥簽約,Say,ジーン･ヨウ,19,いえ、あなたから話を聞ければ大丈夫。,"아니, 너한테 얘기 들었으면 됐어."
scene_day3_scenes_fab_day3_logic_6346ee10c065ccc051a489a1ecff7695.bundle,葉慈恩突襲廖哥簽約,Branch,#Simple,17,……,……
scene_day3_scenes_fab_day3_logic_6346ee10c065ccc051a489a1ecff7695.bundle,葉慈恩突襲廖哥簽約,Say,ジーン･ヨウ,20,じゃあね。,안녕히.
scene_day3_scenes_fab_day3_logic_6346ee10c065ccc051a489a1ecff7695.bundle,葉慈恩突襲廖哥簽約,Branch,#Simple,18,お疲れ様でした。,수고하셨습니다.
scene_day3_scenes_fab_day3_logic_6346ee10c065ccc051a489a1ecff7695.bundle,葉慈恩突襲廖哥簽約,Branch,#Simple,19,……,……
scene_day3_scenes_fab_day3_logic_6346ee10c065ccc051a489a1ecff7695.bundle,葉慈恩突襲廖哥簽約,Say,心の声,9,イー･テイからリョウさんの監視を任されたのか……？,이 테이한테 료 씨 감시를 맡은 건가……?
scene_day3_scenes_fab_day3_logic_6346ee10c065ccc051a489a1ecff7695.bundle,葉慈恩突襲廖哥簽約,Say,心の声,10,一体何だったんだ……,대체 뭐였던 거지……
scene_day3_scenes_fab_day3_logic_6346ee10c065ccc051a489a1ecff7695.bundle,廖哥離開簽約室後,Say,心の声,0,質問をするだけして、行ってしまったな……,"질문만 하고, 가버렸네……"
scene_day3_scenes_fab_day3_logic_6346ee10c065ccc051a489a1ecff7695.bundle,廖哥離開簽約室後,Branch,#Simple,0,23号、この件をどう見る？,"23호, 이 건 어떻게 보나?"
scene_day3_scenes_fab_day3_logic_6346ee10c065ccc051a489a1ecff7695.bundle,廖哥離開簽約室後,Say,23,0,あのおじさんについて？,그 아저씨 얘기?
scene_day3_scenes_fab_day3_logic_6346ee10c065ccc051a489a1ecff7695.bundle,廖哥離開簽約室後,Branch,#Simple,1,そうですね。,그러게요.
scene_day3_scenes_fab_day3_logic_6346ee10c065ccc051a489a1ecff7695.bundle,廖哥離開簽約室後,Branch,#Simple,2,チキョウ･リョウについてだ。,치쿄 료에 대해서다.
scene_day3_scenes_fab_day3_logic_6346ee10c065ccc051a489a1ecff7695.bundle,廖哥離開簽約室後,Say,23,1,多分、裏にスポンサーがいるんでしょうね。,"아마, 뒤에 스폰서가 있는 거겠지."
scene_day3_scenes_fab_day3_logic_6346ee10c065ccc051a489a1ecff7695.bundle,廖哥離開簽約室後,Branch,#Simple,3,そう見えるな。,그렇게 보이네.
scene_day3_scenes_fab_day3_logic_6346ee10c065ccc051a489a1ecff7695.bundle,廖哥離開簽約室後,Branch,#Simple,4,スポンサー？,스폰서?
scene_day3_scenes_fab_day3_logic_6346ee10c065ccc051a489a1ecff7695.bundle,廖哥離開簽約室後,Say,23,2,あんなにホイホイ手当を渡すってことは、裏にスポンサーがいる以外、考えられない。,"저렇게 쉽게 수당을 주는 건, 뒤에 스폰서가 있는 것 말고는 생각할 수 없어."
scene_day3_scenes_fab_day3_logic_6346ee10c065ccc051a489a1ecff7695.bundle,廖哥離開簽約室後,Say,23,3,まさか自分の給料から出してるわけないでしょ？,설마 자기 월급에서 내주고 있는 건 아니겠지?
scene_day3_scenes_fab_day3_logic_6346ee10c065ccc051a489a1ecff7695.bundle,廖哥離開簽約室後,Branch,#Simple,5,……,……
scene_day3_scenes_fab_day3_logic_6346ee10c065ccc051a489a1ecff7695.bundle,廖哥離開簽約室後,Say,23,4,あのおじさんが人助けをしようとしているのはわかるけど、スポンサー側の動機が謎ね……,"그 아저씨가 사람을 도와주려는 건 알겠는데, 스폰서 쪽 동기가 수수께끼네……"
scene_day3_scenes_fab_day3_logic_6346ee10c065ccc051a489a1ecff7695.bundle,廖哥離開簽約室後,Branch,#Simple,6,善人に見られたがっているとか？,선인으로 보이고 싶어 하는 거라든가?
scene_day3_scenes_fab_day3_logic_6346ee10c065ccc051a489a1ecff7695.bundle,廖哥離開簽約室後,Say,23,5,貧乏人にから感謝されてもねぇ？,가난한 사람들한테 감사받아봤자 뭐 대수야?
scene_day3_scenes_fab_day3_logic_6346ee10c065ccc051a489a1ecff7695.bundle,廖哥離開簽約室後,Say,23,6,彼らは明日の飯にすら困っているのよ。,그 사람들은 당장 내일 끼니도 걱정하는 처지라고.
scene_day3_scenes_fab_day3_logic_6346ee10c065ccc051a489a1ecff7695.bundle,廖哥離開簽約室後,Branch,#Simple,7,同じく人助けにご執心なやつとか？,똑같이 사람 돕는 데 열성인 놈이라든가?
scene_day3_scenes_fab_day3_logic_6346ee10c065ccc051a489a1ecff7695.bundle,廖哥離開簽約室後,Say,23,7,はっ！そんな善人思考な人が、手当金をホイホイと用意できちゃうほど、金持ちなわけないでしょう？,"핫! 그런 선한 생각을 하는 사람이, 수당금을 척척 마련할 정도로, 부자일 리가 없잖아?"
scene_day3_scenes_fab_day3_logic_6346ee10c065ccc051a489a1ecff7695.bundle,廖哥離開簽約室後,Branch,#Simple,8,……,……
scene_day3_scenes_fab_day3_logic_6346ee10c065ccc051a489a1ecff7695.bundle,廖哥離開簽約室後,Branch,#Simple,9,……,……
scene_day3_scenes_fab_day3_logic_6346ee10c065ccc051a489a1ecff7695.bundle,廖哥離開簽約室後,Say,23,8,お？もうできた？,오? 벌써 다 됐어?
scene_day3_scenes_fab_day3_logic_6346ee10c065ccc051a489a1ecff7695.bundle,廖哥離開簽約室後,Say,心の声,1,23号は誰かと話しているのか？,23호는 누군가랑 얘기하고 있는 건가?
scene_day3_scenes_fab_day3_logic_6346ee10c065ccc051a489a1ecff7695.bundle,廖哥離開簽約室後,Say,23,9,緑のランプはついた？,초록 램프는 켜졌어?
scene_day3_scenes_fab_day3_logic_6346ee10c065ccc051a489a1ecff7695.bundle,廖哥離開簽約室後,Say,23,10,ありがとう！リンリン。,고마워! 린린.
scene_day3_scenes_fab_day3_logic_6346ee10c065ccc051a489a1ecff7695.bundle,廖哥離開簽約室後,Branch,#Simple,10,リンと話してたのか？,린이랑 얘기하고 있었던 건가?
scene_day3_scenes_fab_day3_logic_6346ee10c065ccc051a489a1ecff7695.bundle,廖哥離開簽約室後,Say,23,11,あっ、ミュート忘れてた。,"아, 음소거 깜빡했다."
scene_day3_scenes_fab_day3_logic_6346ee10c065ccc051a489a1ecff7695.bundle,廖哥離開簽約室後,Say,23,12,彼女に仕事を頼んでたの。,그녀한테 일을 부탁하고 있었어.
scene_day3_scenes_fab_day3_logic_6346ee10c065ccc051a489a1ecff7695.bundle,廖哥離開簽約室後,Branch,#Simple,11,どうしてリンリンなんだ？,왜 하필 린린인 거지?
scene_day3_scenes_fab_day3_logic_6346ee10c065ccc051a489a1ecff7695.bundle,廖哥離開簽約室後,Say,23,13,あっ、ミュート忘れてた。,"아, 음소거 깜빡했다."
scene_day3_scenes_fab_day3_logic_6346ee10c065ccc051a489a1ecff7695.bundle,廖哥離開簽約室後,Say,23,14,なによ？ヤキモチ？,뭐야? 질투?
scene_day3_scenes_fab_day3_logic_6346ee10c065ccc051a489a1ecff7695.bundle,廖哥離開簽約室後,Branch,#Simple,12,……,……
scene_day3_scenes_fab_day3_logic_6346ee10c065ccc051a489a1ecff7695.bundle,廖哥離開簽約室後,Say,23,15,ちょっと用事ができたから、一旦離れるね。,"잠깐 볼일이 생겨서, 일단 자리 비울게."
scene_day3_scenes_fab_day3_logic_6346ee10c065ccc051a489a1ecff7695.bundle,廖哥離開簽約室後,Say,心の声,2,俺もそろそろ行かないと。,나도 슬슬 가야겠군.
scene_day3_scenes_fab_day3_logic_6346ee10c065ccc051a489a1ecff7695.bundle,飲料機,Branch,#Simple,0,購入－TheWild,구매 - 더 와일드
scene_day3_scenes_fab_day3_logic_6346ee10c065ccc051a489a1ecff7695.bundle,飲料機,Branch,#Simple,1,購入－TheWord,구매 - 더 워드
scene_day3_scenes_fab_day3_logic_6346ee10c065ccc051a489a1ecff7695.bundle,飲料機,Branch,#Simple,2,購入－ポカリスイート,구매 - 포카리스웨트
scene_day3_scenes_fab_day3_logic_6346ee10c065ccc051a489a1ecff7695.bundle,飲料機,Branch,#Simple,3,購入－カコカーラ,구매 - 카코콜라
scene_day3_scenes_fab_day3_logic_6346ee10c065ccc051a489a1ecff7695.bundle,任務完成以後還采欣通行證反應,Say,シンカ･シェ,0,あー！！！！！,아----!!!!!
scene_day3_scenes_fab_day3_logic_6346ee10c065ccc051a489a1ecff7695.bundle,任務完成以後還采欣通行證反應,Say,イエホン･キュウ,0,な、なに！？,"뭐, 뭐야!?"
scene_day3_scenes_fab_day3_logic_6346ee10c065ccc051a489a1ecff7695.bundle,任務完成以後還采欣通行證反應,Say,シンカ･シェ,1,もしかして！ずっとデスクの上にあったの！？,설마! 계속 책상 위에 있었던 거야!?
scene_day3_scenes_fab_day3_logic_6346ee10c065ccc051a489a1ecff7695.bundle,任務完成以後還采欣通行證反應,Say,イエホン･キュウ,1,はぁ！？,하아!?
scene_day3_scenes_fab_day3_logic_6346ee10c065ccc051a489a1ecff7695.bundle,任務完成以後還采欣通行證反應,Say,イエホン･キュウ,2,散々探させておいて、結局はデスクの上だって！？,"그렇게 실컷 찾게 해놓고, 결국은 책상 위였다고!?"
scene_day3_scenes_fab_day3_logic_6346ee10c065ccc051a489a1ecff7695.bundle,任務完成以後還采欣通行證反應,Say,イエホン･キュウ,3,シンカ！お前ってやつは！,신카! 넌 진짜!
scene_day3_scenes_fab_day3_logic_6346ee10c065ccc051a489a1ecff7695.bundle,任務完成以後還采欣通行證反應,Say,シンカ･シェ,2,そんな！私、ちゃんと探したのに！,그럴 리가! 나 제대로 찾았는데!
scene_day3_scenes_fab_day3_logic_6346ee10c065ccc051a489a1ecff7695.bundle,任務完成以後還采欣通行證反應,Say,イエホン･キュウ,4,うおおおお！！！,우오오오오!!!
scene_day3_scenes_fab_day3_logic_6346ee10c065ccc051a489a1ecff7695.bundle,任務完成以後還采欣通行證反應,Say,シンカ･シェ,3,ひゃあああ！！！,히야아아아!!!
scene_day3_scenes_fab_day3_logic_6346ee10c065ccc051a489a1ecff7695.bundle,任務完成以後還采欣通行證反應,Say,心の声,0,大した被害が出なくて良かった。,큰 피해가 없어서 다행이다.
scene_day3_scenes_fab_day3_logic_6346ee10c065ccc051a489a1ecff7695.bundle,跟采欣一起搭地窖電梯中,Say,シンカ･シェ,0,……,……
scene_day3_scenes_fab_day3_logic_6346ee10c065ccc051a489a1ecff7695.bundle,跟采欣一起搭地窖電梯中,Say,心の声,0,……,……
scene_day3_scenes_fab_day3_logic_6346ee10c065ccc051a489a1ecff7695.bundle,跟采欣一起搭地窖電梯中,Say,シンカ･シェ,1,……ジェイさん。,……제이 씨.
scene_day3_scenes_fab_day3_logic_6346ee10c065ccc051a489a1ecff7695.bundle,跟采欣一起搭地窖電梯中,Say,シンカ･シェ,2,す、少しお話に付き合ってもらえませんか？,"저, 잠깐 얘기 좀 나눠주실 수 있나요?"
scene_day3_scenes_fab_day3_logic_6346ee10c065ccc051a489a1ecff7695.bundle,跟采欣一起搭地窖電梯中,Say,シンカ･シェ,3,私、このエレベーターの揺れが苦手で……,"저, 이 엘리베이터 흔들림을 잘 못 견뎌서……"
scene_day3_scenes_fab_day3_logic_6346ee10c065ccc051a489a1ecff7695.bundle,跟采欣一起搭地窖電梯中,Branch,#Simple,0,いいですよ。,좋아요.
scene_day3_scenes_fab_day3_logic_6346ee10c065ccc051a489a1ecff7695.bundle,跟采欣一起搭地窖電梯中,Say,シンカ･シェ,4,あ、ありがとうございます……,"아, 감사합니다……"
scene_day3_scenes_fab_day3_logic_6346ee10c065ccc051a489a1ecff7695.bundle,跟采欣一起搭地窖電梯中,Branch,#Simple,1,一々断りを入れる必要はありません。,일일이 양해 구할 필요 없어요.
scene_day3_scenes_fab_day3_logic_6346ee10c065ccc051a489a1ecff7695.bundle,跟采欣一起搭地窖電梯中,Say,シンカ･シェ,5,ジェ、ジェイさんは操作組の人ですから……,"제, 제이 씨는 조작조 사람이니까……"
scene_day3_scenes_fab_day3_logic_6346ee10c065ccc051a489a1ecff7695.bundle,跟采欣一起搭地窖電梯中,Say,シンカ･シェ,6,急に距離を感じてしまったというか、ハハハ……,"갑자기 거리감이 느껴진다고 할까, 하하하……"
scene_day3_scenes_fab_day3_logic_6346ee10c065ccc051a489a1ecff7695.bundle,跟采欣一起搭地窖電梯中,Branch,#Simple,2,そんなこと気にしないでください。,그런 거 신경 쓰지 마세요.
scene_day3_scenes_fab_day3_logic_6346ee10c065ccc051a489a1ecff7695.bundle,跟采欣一起搭地窖電梯中,Say,シンカ･シェ,7,本当ですか？よかったです。,정말요? 다행이에요.
scene_day3_scenes_fab_day3_logic_6346ee10c065ccc051a489a1ecff7695.bundle,跟采欣一起搭地窖電梯中,Branch,#Simple,3,シンカさんだって、操作組によく行くでしょ？,"신카 씨도, 조작조 자주 가잖아요?"
scene_day3_scenes_fab_day3_logic_6346ee10c065ccc051a489a1ecff7695.bundle,跟采欣一起搭地窖電梯中,Say,シンカ･シェ,8,あっ、確かにそうですね……,"아, 확실히 그러네요……"
scene_day3_scenes_fab_day3_logic_6346ee10c065ccc051a489a1ecff7695.bundle,跟采欣一起搭地窖電梯中,Branch,#Simple,4,……,……
scene_day3_scenes_fab_day3_logic_6346ee10c065ccc051a489a1ecff7695.bundle,跟采欣一起搭地窖電梯中,Say,シンカ･シェ,9,そうだ。,맞아.
scene_day3_scenes_fab_day3_logic_6346ee10c065ccc051a489a1ecff7695.bundle,跟采欣一起搭地窖電梯中,Branch,#Simple,5,今は話す気分じゃないです。,지금은 얘기할 기분이 아니에요.
scene_day3_scenes_fab_day3_logic_6346ee10c065ccc051a489a1ecff7695.bundle,跟采欣一起搭地窖電梯中,Say,シンカ･シェ,10,あ、はい……,"아, 네……"
scene_day3_scenes_fab_day3_logic_6346ee10c065ccc051a489a1ecff7695.bundle,跟采欣一起搭地窖電梯中,Say,シンカ･シェ,11,……,……
scene_day3_scenes_fab_day3_logic_6346ee10c065ccc051a489a1ecff7695.bundle,跟采欣一起搭地窖電梯中,Say,シンカ･シェ,12,……,……
scene_day3_scenes_fab_day3_logic_6346ee10c065ccc051a489a1ecff7695.bundle,跟采欣一起搭地窖電梯中,Say,シンカ･シェ,13,ジェイさんは、どうしてセラーへ？,"제이 씨는, 왜 저장고에?"
scene_day3_scenes_fab_day3_logic_6346ee10c065ccc051a489a1ecff7695.bundle,跟采欣一起搭地窖電梯中,Say,心の声,1,結局は話しかけるのか……,결국은 말을 거는 건가……
scene_day3_scenes_fab_day3_logic_6346ee10c065ccc051a489a1ecff7695.bundle,跟采欣一起搭地窖電梯中,Branch,#Simple,6,詳しい理由はわかりませんが、シュン･ゴに呼び出されました。,"자세한 이유는 모르겠는데, 슌 고한테 불려왔어요."
scene_day3_scenes_fab_day3_logic_6346ee10c065ccc051a489a1ecff7695.bundle,跟采欣一起搭地窖電梯中,Say,シンカ･シェ,14,え？私も同じです。,네? 저도 마찬가지예요.
scene_day3_scenes_fab_day3_logic_6346ee10c065ccc051a489a1ecff7695.bundle,跟采欣一起搭地窖電梯中,Say,シンカ･シェ,15,急にシュンさんから連絡がきて……,갑자기 슌 씨한테서 연락이 와서……
scene_day3_scenes_fab_day3_logic_6346ee10c065ccc051a489a1ecff7695.bundle,跟采欣一起搭地窖電梯中,Branch,#Simple,7,どうしてその質問を？,그건 왜 물어보시는 거예요?
scene_day3_scenes_fab_day3_logic_6346ee10c065ccc051a489a1ecff7695.bundle,跟采欣一起搭地窖電梯中,Say,シンカ･シェ,16,私、シュンさんから何の説明もなく、急に呼び出されたんです。,"저, 슌 씨한테서 아무 설명도 없이, 갑자기 불려왔거든요."
scene_day3_scenes_fab_day3_logic_6346ee10c065ccc051a489a1ecff7695.bundle,跟采欣一起搭地窖電梯中,Say,シンカ･シェ,17,だからジェイさんもそうなのかなと思って……でも今日は、操作組は休みですよね？,"그래서 제이 씨도 그런가 싶어서……근데 오늘, 조작조는 휴무 아니었어요?"
scene_day3_scenes_fab_day3_logic_6346ee10c065ccc051a489a1ecff7695.bundle,跟采欣一起搭地窖電梯中,Branch,#Simple,8,確かに私もシュン･ゴに呼び出されました。,확실히 저도 슌 고한테 불려왔어요.
scene_day3_scenes_fab_day3_logic_6346ee10c065ccc051a489a1ecff7695.bundle,跟采欣一起搭地窖電梯中,Branch,#Simple,9,彼は呼び出すときに、何の説明もしなかったのですか？,"그 사람은 부를 때, 아무 설명도 안 했던 건가요?"
scene_day3_scenes_fab_day3_logic_6346ee10c065ccc051a489a1ecff7695.bundle,跟采欣一起搭地窖電梯中,Say,シンカ･シェ,18,そうだな……,그러게……
scene_day3_scenes_fab_day3_logic_6346ee10c065ccc051a489a1ecff7695.bundle,跟采欣一起搭地窖電梯中,Say,シンカ･シェ,19,あまりにも急ですよね。しかも私とジェイさんを呼ぶなんて……,너무 갑작스럽네요. 게다가 저랑 제이 씨를 부르다니……
scene_day3_scenes_fab_day3_logic_6346ee10c065ccc051a489a1ecff7695.bundle,跟采欣一起搭地窖電梯中,Say,シンカ･シェ,20,変ですね……,이상하네요……
scene_day3_scenes_fab_day3_logic_6346ee10c065ccc051a489a1ecff7695.bundle,跟采欣一起搭地窖電梯中,Branch,#Simple,10,そうかもしれない。,그럴지도 모르지.
scene_day3_scenes_fab_day3_logic_6346ee10c065ccc051a489a1ecff7695.bundle,跟采欣一起搭地窖電梯中,Branch,#Simple,11,どうしてそう思うの？,왜 그렇게 생각하는데?
scene_day3_scenes_fab_day3_logic_6346ee10c065ccc051a489a1ecff7695.bundle,跟采欣一起搭地窖電梯中,Say,シンカ･シェ,21,だって私とジェイさんでは専門分野が違いすぎて、一緒に呼ばれる意味がわかりません。私はエンジニアですし……,"그치만 저랑 제이 씨는 전문 분야가 너무 달라서, 같이 불린 의미를 모르겠어요. 저는 엔지니어고……"
scene_day3_scenes_fab_day3_logic_6346ee10c065ccc051a489a1ecff7695.bundle,跟采欣一起搭地窖電梯中,Say,シンカ･シェ,22,ジェイさんは操作組のメンバーですけど、機械担当の作業員なだけですよね？,"제이 씨는 조작조 멤버지만, 기계 담당 작업자일 뿐이잖아요?"
scene_day3_scenes_fab_day3_logic_6346ee10c065ccc051a489a1ecff7695.bundle,跟采欣一起搭地窖電梯中,Branch,#Simple,12,だけ？,뿐?
scene_day3_scenes_fab_day3_logic_6346ee10c065ccc051a489a1ecff7695.bundle,跟采欣一起搭地窖電梯中,Say,シンカ･シェ,23,あ……,아……
scene_day3_scenes_fab_day3_logic_6346ee10c065ccc051a489a1ecff7695.bundle,跟采欣一起搭地窖電梯中,Say,シンカ･シェ,24,いえ、そういう意味じゃなくて！私が言いたいのは……,"아뇨, 그런 뜻이 아니라! 제가 말하고 싶은 건……"
scene_day3_scenes_fab_day3_logic_6346ee10c065ccc051a489a1ecff7695.bundle,跟采欣一起搭地窖電梯中,Say,シンカ･シェ,25,ジェイさんは複雑なプログラミング作業ができないから……,제이 씨는 복잡한 프로그래밍 작업을 못 하니까……
scene_day3_scenes_fab_day3_logic_6346ee10c065ccc051a489a1ecff7695.bundle,跟采欣一起搭地窖電梯中,Say,シンカ･シェ,26,すみません……これじゃ、余計に失礼な言い方ですね……,"죄송해요……이러면, 더 실례되는 말투네요……"
scene_day3_scenes_fab_day3_logic_6346ee10c065ccc051a489a1ecff7695.bundle,跟采欣一起搭地窖電梯中,Say,シンカ･シェ,27,ごめんなさい……,죄송해요……
scene_day3_scenes_fab_day3_logic_6346ee10c065ccc051a489a1ecff7695.bundle,跟采欣一起搭地窖電梯中,Branch,#Simple,13,ハハ、大丈夫ですよ。,"하하, 괜찮아요."
scene_day3_scenes_fab_day3_logic_6346ee10c065ccc051a489a1ecff7695.bundle,跟采欣一起搭地窖電梯中,Branch,#Simple,14,正直、傷つきました。,"솔직히, 상처받았어요."
scene_day3_scenes_fab_day3_logic_6346ee10c065ccc051a489a1ecff7695.bundle,跟采欣一起搭地窖電梯中,Say,シンカ･シェ,28,ご、ごめんなさい……,"죄, 죄송해요……"
scene_day3_scenes_fab_day3_logic_6346ee10c065ccc051a489a1ecff7695.bundle,跟采欣一起搭地窖電梯中,Branch,#Simple,15,そこはあまり重要じゃないので、気にしないでください。,"그건 별로 중요하지 않으니까, 신경 쓰지 마세요."
scene_day3_scenes_fab_day3_logic_6346ee10c065ccc051a489a1ecff7695.bundle,跟采欣一起搭地窖電梯中,Say,シンカ･シェ,29,はい……,네……
scene_day3_scenes_fab_day3_logic_6346ee10c065ccc051a489a1ecff7695.bundle,跟采欣一起搭地窖電梯中,Branch,#Simple,16,確かにそうですね。,확실히 그렇네요.
scene_day3_scenes_fab_day3_logic_6346ee10c065ccc051a489a1ecff7695.bundle,跟采欣一起搭地窖電梯中,Branch,#Simple,17,……,……
scene_day3_scenes_fab_day3_logic_6346ee10c065ccc051a489a1ecff7695.bundle,跟采欣一起搭地窖電梯中,Say,シンカ･シェ,30,そうだな……,그러게……
scene_day3_scenes_fab_day3_logic_6346ee10c065ccc051a489a1ecff7695.bundle,跟采欣一起搭地窖電梯中,Say,シンカ･シェ,31,もしかしたら重要な仕事かもしれませんね！,혹시 중요한 일일지도 모르겠네요!
scene_day3_scenes_fab_day3_logic_6346ee10c065ccc051a489a1ecff7695.bundle,跟采欣一起搭地窖電梯中,Say,心の声,2,彼女の目が急に輝きだした。,이 사람 눈이 갑자기 반짝이기 시작했다.
scene_day3_scenes_fab_day3_logic_6346ee10c065ccc051a489a1ecff7695.bundle,跟采欣一起搭地窖電梯中,Branch,#Simple,18,面倒じゃないですか？,귀찮지 않아요?
scene_day3_scenes_fab_day3_logic_6346ee10c065ccc051a489a1ecff7695.bundle,跟采欣一起搭地窖電梯中,Say,シンカ･シェ,32,そうかもしれませんが、私たちの能力をアピールできるチャンスでもあります！,"그럴지도 모르지만, 저희 능력을 어필할 수 있는 기회이기도 해요!"
scene_day3_scenes_fab_day3_logic_6346ee10c065ccc051a489a1ecff7695.bundle,跟采欣一起搭地窖電梯中,Branch,#Simple,19,急にテンションが上がりましたね。,갑자기 텐션이 올라갔네요.
scene_day3_scenes_fab_day3_logic_6346ee10c065ccc051a489a1ecff7695.bundle,跟采欣一起搭地窖電梯中,Say,シンカ･シェ,33,えっ、そ、そうでしょうか……,"네, 그, 그런가요……"
scene_day3_scenes_fab_day3_logic_6346ee10c065ccc051a489a1ecff7695.bundle,跟采欣一起搭地窖電梯中,Branch,#Simple,20,目が輝いて見えます。,눈이 반짝이는 게 보여요.
scene_day3_scenes_fab_day3_logic_6346ee10c065ccc051a489a1ecff7695.bundle,跟采欣一起搭地窖電梯中,Branch,#Simple,21,期待に満ちた言い方でした。,기대에 찬 말투였어요.
scene_day3_scenes_fab_day3_logic_6346ee10c065ccc051a489a1ecff7695.bundle,跟采欣一起搭地窖電梯中,Branch,#Simple,22,……,……
scene_day3_scenes_fab_day3_logic_6346ee10c065ccc051a489a1ecff7695.bundle,跟采欣一起搭地窖電梯中,Say,シンカ･シェ,34,……,……
scene_day3_scenes_fab_day3_logic_6346ee10c065ccc051a489a1ecff7695.bundle,跟采欣一起搭地窖電梯中,Say,シンカ･シェ,35,初めてシュンさんに、重要な仕事を任せてもらえるかもしれないので……,"처음으로 슌 씨한테, 중요한 일을 맡을 수 있을지도 몰라서요……"
scene_day3_scenes_fab_day3_logic_6346ee10c065ccc051a489a1ecff7695.bundle,跟采欣一起搭地窖電梯中,Say,心の声,3,そういえばシンカは、操作組で勉強をしていたな……,"그러고 보니 신카는, 조작조에서 공부하고 있었지……"
scene_day3_scenes_fab_day3_logic_6346ee10c065ccc051a489a1ecff7695.bundle,跟采欣一起搭地窖電梯中,Say,シンカ･シェ,36,操作組によく顔を出しているのですが、正式な仕事を任されたことがほとんどないんです。,"조작조에 자주 얼굴을 비치긴 하는데, 정식 업무를 맡은 적이 거의 없거든요."
scene_day3_scenes_fab_day3_logic_6346ee10c065ccc051a489a1ecff7695.bundle,跟采欣一起搭地窖電梯中,Say,シンカ･シェ,37,いつも客人扱いで、何もやらせてもらえません……,"항상 손님 취급이라, 아무것도 못 하게 해요……"
scene_day3_scenes_fab_day3_logic_6346ee10c065ccc051a489a1ecff7695.bundle,跟采欣一起搭地窖電梯中,Branch,#Simple,23,じゃ、操作組で何をしてたんですか？,"그럼, 조작조에서 뭘 하고 있었던 거예요?"
scene_day3_scenes_fab_day3_logic_6346ee10c065ccc051a489a1ecff7695.bundle,跟采欣一起搭地窖電梯中,Say,シンカ･シェ,38,研究と勉強だけですね……,연구랑 공부뿐이었네요……
scene_day3_scenes_fab_day3_logic_6346ee10c065ccc051a489a1ecff7695.bundle,跟采欣一起搭地窖電梯中,Say,シンカ･シェ,39,後はジュジュさんの自慢話を聞かされるばかりで……,그 외엔 쥬쥬 씨 자랑 얘기만 들었고요……
scene_day3_scenes_fab_day3_logic_6346ee10c065ccc051a489a1ecff7695.bundle,跟采欣一起搭地窖電梯中,Say,心の声,4,ジュジュにはかなり不満があったようだ。,쥬쥬한테는 꽤 불만이 있는 것 같다.
scene_day3_scenes_fab_day3_logic_6346ee10c065ccc051a489a1ecff7695.bundle,跟采欣一起搭地窖電梯中,Branch,#Simple,24,操作組に出入りしていたのは、そもそも勉強のためですよね？,"조작조를 드나든 건, 애초에 공부 때문이었죠?"
scene_day3_scenes_fab_day3_logic_6346ee10c065ccc051a489a1ecff7695.bundle,跟采欣一起搭地窖電梯中,Branch,#Simple,25,楽でいいのでは？,편해서 좋은 거 아닌가요?
scene_day3_scenes_fab_day3_logic_6346ee10c065ccc051a489a1ecff7695.bundle,跟采欣一起搭地窖電梯中,Say,シンカ･シェ,40,そうかもしれませんが、認められていない気がして……,"그럴지도 모르지만, 인정받지 못하는 느낌이 들어서……"
scene_day3_scenes_fab_day3_logic_6346ee10c065ccc051a489a1ecff7695.bundle,跟采欣一起搭地窖電梯中,Branch,#Simple,26,自分が認められていないと感じるとか？,본인이 인정받지 못한다고 느낀다든가?
scene_day3_scenes_fab_day3_logic_6346ee10c065ccc051a489a1ecff7695.bundle,跟采欣一起搭地窖電梯中,Say,シンカ･シェ,41,そうです！,맞아요!
scene_day3_scenes_fab_day3_logic_6346ee10c065ccc051a489a1ecff7695.bundle,跟采欣一起搭地窖電梯中,Branch,#Simple,27,……,……
scene_day3_scenes_fab_day3_logic_6346ee10c065ccc051a489a1ecff7695.bundle,跟采欣一起搭地窖電梯中,Branch,#Simple,28,仲間外れにされている気分なんですね。,따돌림당하는 기분이라는 거네요.
scene_day3_scenes_fab_day3_logic_6346ee10c065ccc051a489a1ecff7695.bundle,跟采欣一起搭地窖電梯中,Say,シンカ･シェ,42,はい。,네.
scene_day3_scenes_fab_day3_logic_6346ee10c065ccc051a489a1ecff7695.bundle,跟采欣一起搭地窖電梯中,Branch,#Simple,29,それで？,그래서요?
scene_day3_scenes_fab_day3_logic_6346ee10c065ccc051a489a1ecff7695.bundle,跟采欣一起搭地窖電梯中,Branch,#Simple,30,……,……
scene_day3_scenes_fab_day3_logic_6346ee10c065ccc051a489a1ecff7695.bundle,跟采欣一起搭地窖電梯中,Say,シンカ･シェ,43,だから、重要な仕事を任せてもらえたらいいな、と思って。,"그래서, 중요한 일을 맡을 수 있으면 좋겠다, 라고 생각해서요."
scene_day3_scenes_fab_day3_logic_6346ee10c065ccc051a489a1ecff7695.bundle,跟采欣一起搭地窖電梯中,Branch,#Simple,31,私は楽な方が有難いですね。,저는 편한 쪽이 감사한데요.
scene_day3_scenes_fab_day3_logic_6346ee10c065ccc051a489a1ecff7695.bundle,跟采欣一起搭地窖電梯中,Say,シンカ･シェ,44,ハハ、普通はそうですよね……,"하하, 보통은 그렇겠죠……"
scene_day3_scenes_fab_day3_logic_6346ee10c065ccc051a489a1ecff7695.bundle,跟采欣一起搭地窖電梯中,Branch,#Simple,32,急に呼び出されたわけですし、それくらい急を要する仕事なのだと思います。,"갑자기 불려온 거니까, 그만큼 급한 일이라고 생각해요."
scene_day3_scenes_fab_day3_logic_6346ee10c065ccc051a489a1ecff7695.bundle,跟采欣一起搭地窖電梯中,Say,シンカ･シェ,45,うん！,그래!
scene_day3_scenes_fab_day3_logic_6346ee10c065ccc051a489a1ecff7695.bundle,跟采欣一起搭地窖電梯中,Branch,#Simple,33,ただのパシリかもしれません。,그냥 심부름일지도 몰라요.
scene_day3_scenes_fab_day3_logic_6346ee10c065ccc051a489a1ecff7695.bundle,跟采欣一起搭地窖電梯中,Say,シンカ･シェ,46,そ、そんな！,"서, 설마요!"
scene_day3_scenes_fab_day3_logic_6346ee10c065ccc051a489a1ecff7695.bundle,跟采欣一起搭地窖電梯中,Say,シンカ･シェ,47,ただのパシリに、わざわざ私たちを呼び出すでしょうか……,"그냥 심부름 시키는데, 일부러 저희를 불러낼까요……"
scene_day3_scenes_fab_day3_logic_6346ee10c065ccc051a489a1ecff7695.bundle,跟采欣一起搭地窖電梯中,Branch,#Simple,34,……,……
scene_day3_scenes_fab_day3_logic_6346ee10c065ccc051a489a1ecff7695.bundle,跟采欣一起搭地窖電梯中,Say,シンカ･シェ,48,……,……
scene_day3_scenes_fab_day3_logic_6346ee10c065ccc051a489a1ecff7695.bundle,跟采欣一起搭地窖電梯中,Say,シンカ･シェ,49,もっとシュンさんに頼られたいです……,더 슌 씨한테 의지가 되고 싶어요……
scene_day3_scenes_fab_day3_logic_6346ee10c065ccc051a489a1ecff7695.bundle,跟采欣一起搭地窖電梯中,Branch,#Simple,35,どうしてシュンに認められたいんですか？,왜 슌한테 인정받고 싶은 거예요?
scene_day3_scenes_fab_day3_logic_6346ee10c065ccc051a489a1ecff7695.bundle,跟采欣一起搭地窖電梯中,Say,シンカ･シェ,50,凄い人に認められたいから……,대단한 사람한테 인정받고 싶으니까……
scene_day3_scenes_fab_day3_logic_6346ee10c065ccc051a489a1ecff7695.bundle,跟采欣一起搭地窖電梯中,Branch,#Simple,36,ジュジュは？彼女だって凄いですよね？,쥬쥬는요? 그 사람도 대단하잖아요?
scene_day3_scenes_fab_day3_logic_6346ee10c065ccc051a489a1ecff7695.bundle,跟采欣一起搭地窖電梯中,Say,シンカ･シェ,51,ジュジュさんは、ちょっと違うと言うか……,"쥬쥬 씨는, 좀 다르다고 할까……"
scene_day3_scenes_fab_day3_logic_6346ee10c065ccc051a489a1ecff7695.bundle,跟采欣一起搭地窖電梯中,Say,シンカ･シェ,52,凄い人ではあるのですが……いつも私をおだててばかりで、本当の評価を教えてくれないんです。,"대단한 사람이긴 한데……항상 저를 치켜세워주기만 하고, 진짜 평가는 안 알려줘요."
scene_day3_scenes_fab_day3_logic_6346ee10c065ccc051a489a1ecff7695.bundle,跟采欣一起搭地窖電梯中,Branch,#Simple,37,どうしてその凄い人がシュン･ゴなんですか？,왜 그 대단한 사람이 슌 고인 건데요?
scene_day3_scenes_fab_day3_logic_6346ee10c065ccc051a489a1ecff7695.bundle,跟采欣一起搭地窖電梯中,Branch,#Simple,38,……,……
scene_day3_scenes_fab_day3_logic_6346ee10c065ccc051a489a1ecff7695.bundle,跟采欣一起搭地窖電梯中,Say,シンカ･シェ,53,シュンさんはストレートな物言いですし、あまり人を褒めません。,"슌 씨는 직설적으로 말하고, 사람을 잘 안 칭찬해요."
scene_day3_scenes_fab_day3_logic_6346ee10c065ccc051a489a1ecff7695.bundle,跟采欣一起搭地窖電梯中,Say,シンカ･シェ,54,そんな彼に褒められ、認められたとなれば、自分が価値のある人間だと思える気がして……,"그런 사람한테 칭찬받고, 인정받으면, 제가 가치 있는 사람이라고 느껴질 것 같아서……"
scene_day3_scenes_fab_day3_logic_6346ee10c065ccc051a489a1ecff7695.bundle,跟采欣一起搭地窖電梯中,Branch,#Simple,39,一度も彼に褒められたことがないのですか？,한 번도 그 사람한테 칭찬받은 적이 없어요?
scene_day3_scenes_fab_day3_logic_6346ee10c065ccc051a489a1ecff7695.bundle,跟采欣一起搭地窖電梯中,Say,シンカ･シェ,55,ありますが、ちょっと違うんです……,"있긴 한데, 좀 달라요……"
scene_day3_scenes_fab_day3_logic_6346ee10c065ccc051a489a1ecff7695.bundle,跟采欣一起搭地窖電梯中,Branch,#Simple,40,仕事を任されれば、認められたことになるのですか？,"일을 맡으면, 인정받은 게 되는 건가요?"
scene_day3_scenes_fab_day3_logic_6346ee10c065ccc051a489a1ecff7695.bundle,跟采欣一起搭地窖電梯中,Say,シンカ･シェ,56,そうそう。,맞아요맞아요.
scene_day3_scenes_fab_day3_logic_6346ee10c065ccc051a489a1ecff7695.bundle,跟采欣一起搭地窖電梯中,Say,シンカ･シェ,57,あのシュンさんが、認めていない人に重要な仕事を任せるわけがありません。,"그 슌 씨가, 인정 안 하는 사람한테 중요한 일을 맡길 리가 없잖아요."
scene_day3_scenes_fab_day3_logic_6346ee10c065ccc051a489a1ecff7695.bundle,跟采欣一起搭地窖電梯中,Branch,#Simple,41,……,……
scene_day3_scenes_fab_day3_logic_6346ee10c065ccc051a489a1ecff7695.bundle,跟采欣一起搭地窖電梯中,Say,心の声,5,まさかシンカがこんなことを気にしていたとは。,설마 신카가 이런 걸 신경 쓰고 있었을 줄이야.
scene_day3_scenes_fab_day3_logic_6346ee10c065ccc051a489a1ecff7695.bundle,跟采欣一起搭地窖電梯中,Branch,#Simple,42,シンカさんは操作組に移りたいんですか？,신카 씨는 조작조로 옮기고 싶은 거예요?
scene_day3_scenes_fab_day3_logic_6346ee10c065ccc051a489a1ecff7695.bundle,跟采欣一起搭地窖電梯中,Say,シンカ･シェ,58,ど、どうしてジェイさんまで、そんなこと言うのですか！,"왜, 왜 제이 씨까지, 그런 말을 하시는 거예요!"
scene_day3_scenes_fab_day3_logic_6346ee10c065ccc051a489a1ecff7695.bundle,跟采欣一起搭地窖電梯中,Say,シンカ･シェ,59,ボーちゃんもです！私、うんざりなんです！,"보짱도 그래요! 저, 진절머리 난다고요!"
scene_day3_scenes_fab_day3_logic_6346ee10c065ccc051a489a1ecff7695.bundle,跟采欣一起搭地窖電梯中,Say,シンカ･シェ,60,どうしてそう思ったんですか？,왜 그렇게 생각한 거예요?
scene_day3_scenes_fab_day3_logic_6346ee10c065ccc051a489a1ecff7695.bundle,跟采欣一起搭地窖電梯中,Branch,#Simple,43,ずっとシュン･ゴの評価を気にしているから。,계속 슌 고의 평가를 신경 쓰고 있으니까.
scene_day3_scenes_fab_day3_logic_6346ee10c065ccc051a489a1ecff7695.bundle,跟采欣一起搭地窖電梯中,Say,シンカ･シェ,61,そ、それはそうですけど……,"그, 그건 그렇지만……"
scene_day3_scenes_fab_day3_logic_6346ee10c065ccc051a489a1ecff7695.bundle,跟采欣一起搭地窖電梯中,Say,シンカ･シェ,62,でも、私は別に操作組に異動したいわけではありません。,"근데, 저는 딱히 조작조로 이동하고 싶은 건 아니에요."
scene_day3_scenes_fab_day3_logic_6346ee10c065ccc051a489a1ecff7695.bundle,跟采欣一起搭地窖電梯中,Branch,#Simple,44,今の話を聞いたら、誰だってそう思うのでは？,"지금 얘기를 들으면, 누구든 그렇게 생각하지 않을까요?"
scene_day3_scenes_fab_day3_logic_6346ee10c065ccc051a489a1ecff7695.bundle,跟采欣一起搭地窖電梯中,Say,シンカ･シェ,63,そ、そうでしょうか……,"그, 그런가요……"
scene_day3_scenes_fab_day3_logic_6346ee10c065ccc051a489a1ecff7695.bundle,跟采欣一起搭地窖電梯中,Say,シンカ･シェ,64,とにかく私はそんなつもりはありません！,아무튼 저는 그럴 생각 없어요!
scene_day3_scenes_fab_day3_logic_6346ee10c065ccc051a489a1ecff7695.bundle,跟采欣一起搭地窖電梯中,Branch,#Simple,45,わかった。,알았어.
scene_day3_scenes_fab_day3_logic_6346ee10c065ccc051a489a1ecff7695.bundle,跟采欣一起搭地窖電梯中,Branch,#Simple,46,じゃ、なぜシュン･ゴの評価を気にするのですか？,"그럼, 왜 슌 고의 평가를 신경 쓰는 거예요?"
scene_day3_scenes_fab_day3_logic_6346ee10c065ccc051a489a1ecff7695.bundle,跟采欣一起搭地窖電梯中,Branch,#Simple,47,……,……
scene_day3_scenes_fab_day3_logic_6346ee10c065ccc051a489a1ecff7695.bundle,跟采欣一起搭地窖電梯中,Branch,#Simple,48,……,……
scene_day3_scenes_fab_day3_logic_6346ee10c065ccc051a489a1ecff7695.bundle,跟采欣一起搭地窖電梯中,Say,シンカ･シェ,65,……,……
scene_day3_scenes_fab_day3_logic_6346ee10c065ccc051a489a1ecff7695.bundle,跟采欣一起搭地窖電梯中,Say,シンカ･シェ,66,実は……,실은……
scene_day3_scenes_fab_day3_logic_6346ee10c065ccc051a489a1ecff7695.bundle,跟采欣一起搭地窖電梯中,Say,シンカ･シェ,67,……あれ？今日のエレベーター、いつもより速くありませんか？,"……어라? 오늘 엘리베이터, 평소보다 빠르지 않아요?"
scene_day3_scenes_fab_day3_logic_6346ee10c065ccc051a489a1ecff7695.bundle,跟采欣一起搭地窖電梯中,Branch,#Simple,49,そうでしょうか。,그런가요.
scene_day3_scenes_fab_day3_logic_6346ee10c065ccc051a489a1ecff7695.bundle,跟采欣一起搭地窖電梯中,Branch,#Simple,50,あれ？,어라?
scene_day3_scenes_fab_day3_logic_6346ee10c065ccc051a489a1ecff7695.bundle,跟采欣一起搭地窖電梯中,Branch,#Simple,51,そんなことを気にしても仕方がないと思います。,그런 거 신경 써봤자 소용없다고 생각해요.
scene_day3_scenes_fab_day3_logic_6346ee10c065ccc051a489a1ecff7695.bundle,跟采欣一起搭地窖電梯中,Branch,#Simple,52,別に故障じゃなければ、気にする必要はないと思います。,"딱히 고장이 아니라면, 신경 쓸 필요 없다고 생각해요."
scene_day3_scenes_fab_day3_logic_6346ee10c065ccc051a489a1ecff7695.bundle,跟采欣一起搭地窖電梯中,Say,シンカ･シェ,68,そうだな……,그러게……
scene_day3_scenes_fab_day3_logic_6346ee10c065ccc051a489a1ecff7695.bundle,跟采欣一起搭地窖電梯中,Say,シンカ･シェ,69,うああああああ！,으아아아아아!
scene_day3_scenes_fab_day3_logic_6346ee10c065ccc051a489a1ecff7695.bundle,跟采欣一起搭地窖電梯中,Say,シンカ･シェ,70,うぅ……,으윽……
scene_day3_scenes_fab_day3_logic_6346ee10c065ccc051a489a1ecff7695.bundle,跟采欣一起搭地窖電梯中,Say,心の声,6,涙を堪えている。,눈물을 참고 있다.
scene_day3_scenes_fab_day3_logic_6346ee10c065ccc051a489a1ecff7695.bundle,跟采欣一起搭地窖電梯中,Branch,#Simple,53,大丈夫だ、落ち着いて。,"괜찮아, 진정해."
scene_day3_scenes_fab_day3_logic_6346ee10c065ccc051a489a1ecff7695.bundle,跟采欣一起搭地窖電梯中,Branch,#Simple,54,もうすぐで着くはずだから、落ち着いて。,"곧 도착할 테니까, 진정해."
scene_day3_scenes_fab_day3_logic_6346ee10c065ccc051a489a1ecff7695.bundle,跟采欣一起搭地窖電梯中,Branch,#Simple,55,……,……
scene_day3_scenes_fab_day3_logic_6346ee10c065ccc051a489a1ecff7695.bundle,跟采欣一起搭地窖電梯中,Say,シンカ･シェ,71,うぅ……,으윽……
scene_day3_scenes_fab_day3_logic_6346ee10c065ccc051a489a1ecff7695.bundle,跟采欣前往安裝發送走廊,Say,シンカ･シェ,0,……,……
scene_day3_scenes_fab_day3_logic_6346ee10c065ccc051a489a1ecff7695.bundle,跟采欣前往安裝發送走廊,Say,シンカ･シェ,1,そ、その……,"저, 저기……"
scene_day3_scenes_fab_day3_logic_6346ee10c065ccc051a489a1ecff7695.bundle,跟采欣前往安裝發送走廊,Say,シンカ･シェ,2,さっきのこと、ボーちゃんに言わないでください。,"아까 그 일, 보 짱한테 말하지 말아주세요."
scene_day3_scenes_fab_day3_logic_6346ee10c065ccc051a489a1ecff7695.bundle,跟采欣前往安裝發送走廊,Say,シンカ･シェ,3,お願いします。,부탁드릴게요.
scene_day3_scenes_fab_day3_logic_6346ee10c065ccc051a489a1ecff7695.bundle,跟采欣前往安裝發送走廊,Branch,#Simple,0,ああ、わかったよ。,"그래, 알았어."
scene_day3_scenes_fab_day3_logic_6346ee10c065ccc051a489a1ecff7695.bundle,跟采欣前往安裝發送走廊,Say,シンカ･シェ,4,あ、ありがとうございます……,"아, 감사합니다……"
scene_day3_scenes_fab_day3_logic_6346ee10c065ccc051a489a1ecff7695.bundle,跟采欣前往安裝發送走廊,Branch,#Simple,1,それはどうかな。,"글쎄, 어떨까."
scene_day3_scenes_fab_day3_logic_6346ee10c065ccc051a489a1ecff7695.bundle,跟采欣前往安裝發送走廊,Say,シンカ･シェ,5,お、お願いします！,"부, 부탁드려요!"
scene_day3_scenes_fab_day3_logic_6346ee10c065ccc051a489a1ecff7695.bundle,跟采欣前往安裝發送走廊,Say,シンカ･シェ,6,もしボーちゃんに知られでもしたら、絶対にからかわれる……,"만약 보 짱한테 알려지기라도 하면, 분명 놀림받을 텐데……"
scene_day3_scenes_fab_day3_logic_6346ee10c065ccc051a489a1ecff7695.bundle,跟采欣前往安裝發送走廊,Branch,#Simple,2,わかったわかった。,알았어 알았어.
scene_day3_scenes_fab_day3_logic_6346ee10c065ccc051a489a1ecff7695.bundle,跟采欣前往安裝發送走廊,Say,シンカ･シェ,7,や、約束ですよ！,"야, 약속이에요!"
scene_day3_scenes_fab_day3_logic_6346ee10c065ccc051a489a1ecff7695.bundle,跟采欣前往安裝發送走廊,Branch,#Simple,3,ハハハ、そうだな！,"하하하, 그러네!"
scene_day3_scenes_fab_day3_logic_6346ee10c065ccc051a489a1ecff7695.bundle,跟采欣前往安裝發送走廊,Say,シンカ･シェ,8,えっ！？,네!?
scene_day3_scenes_fab_day3_logic_6346ee10c065ccc051a489a1ecff7695.bundle,跟采欣前往安裝發送走廊,Say,シンカ･シェ,9,はぁ……,하아……
scene_day3_scenes_fab_day3_logic_6346ee10c065ccc051a489a1ecff7695.bundle,跟采欣前往安裝發送走廊,Branch,#Simple,4,なんのことだ？,무슨 얘기지?
scene_day3_scenes_fab_day3_logic_6346ee10c065ccc051a489a1ecff7695.bundle,跟采欣前往安裝發送走廊,Say,シンカ･シェ,10,い、いいえ、なんでもありません。,"아, 아뇨, 아무것도 아니에요."
scene_day3_scenes_fab_day3_logic_6346ee10c065ccc051a489a1ecff7695.bundle,安裝發送走廊遇到賴潔喝咖啡,Say,ジュジュ･ライ,0,わーい、シンカちゃんが来た！,"와아, 신카 짱 왔다!"
scene_day3_scenes_fab_day3_logic_6346ee10c065ccc051a489a1ecff7695.bundle,安裝發送走廊遇到賴潔喝咖啡,Say,ジュジュ･ライ,1,あれ？ジェイも来たんだ。,어라? 제이도 왔네.
scene_day3_scenes_fab_day3_logic_6346ee10c065ccc051a489a1ecff7695.bundle,安裝發送走廊遇到賴潔喝咖啡,Branch,#Simple,0,はぁ。,하.
scene_day3_scenes_fab_day3_logic_6346ee10c065ccc051a489a1ecff7695.bundle,安裝發送走廊遇到賴潔喝咖啡,Branch,#Simple,1,態度があからさまですね……,태도가 노골적이네요……
scene_day3_scenes_fab_day3_logic_6346ee10c065ccc051a489a1ecff7695.bundle,安裝發送走廊遇到賴潔喝咖啡,Say,ジュジュ･ライ,2,オホホホ,오호호호
scene_day3_scenes_fab_day3_logic_6346ee10c065ccc051a489a1ecff7695.bundle,安裝發送走廊遇到賴潔喝咖啡,Branch,#Simple,2,……,……
scene_day3_scenes_fab_day3_logic_6346ee10c065ccc051a489a1ecff7695.bundle,安裝發送走廊遇到賴潔喝咖啡,Say,シンカ･シェ,0,こんにちは、ジュジュさん……,"안녕하세요, 쥬쥬 씨……"
scene_day3_scenes_fab_day3_logic_6346ee10c065ccc051a489a1ecff7695.bundle,安裝發送走廊遇到賴潔喝咖啡,Branch,#Simple,3,ここで何をしているんですか？,여기서 뭐 하고 계세요?
scene_day3_scenes_fab_day3_logic_6346ee10c065ccc051a489a1ecff7695.bundle,安裝發送走廊遇到賴潔喝咖啡,Say,ジュジュ･ライ,3,コーヒーを飲んでるの。むしろそれ以外に、何してるように見えるんだよ！,"커피 마시고 있잖아. 오히려 그거 말고, 뭐 하는 걸로 보이는데!"
scene_day3_scenes_fab_day3_logic_6346ee10c065ccc051a489a1ecff7695.bundle,安裝發送走廊遇到賴潔喝咖啡,Say,ジュジュ･ライ,4,シュンったら、オフィスで飲み物を飲むことさ、許してくれないの！,"슌은 말이지, 사무실에서 음료 마시는 걸, 허락을 안 해준다니까!"
scene_day3_scenes_fab_day3_logic_6346ee10c065ccc051a489a1ecff7695.bundle,安裝發送走廊遇到賴潔喝咖啡,Branch,#Simple,4,私たちを呼び出した理由は？,저희를 부르신 이유는요?
scene_day3_scenes_fab_day3_logic_6346ee10c065ccc051a489a1ecff7695.bundle,安裝發送走廊遇到賴潔喝咖啡,Say,ジュジュ･ライ,5,それは私じゃなく、中にいるシュンに聞いて。,"그건 내가 아니라, 안에 있는 슌한테 물어봐."
scene_day3_scenes_fab_day3_logic_6346ee10c065ccc051a489a1ecff7695.bundle,安裝發送走廊遇到賴潔喝咖啡,Branch,#Simple,5,……,……
scene_day3_scenes_fab_day3_logic_6346ee10c065ccc051a489a1ecff7695.bundle,安裝發送走廊遇到賴潔喝咖啡,Say,ジュジュ･ライ,6,じゃ、行くよ！,"그럼, 갈게!"
scene_day3_scenes_fab_day3_logic_6346ee10c065ccc051a489a1ecff7695.bundle,安裝發送走廊遇到賴潔喝咖啡,Say,ジュジュ･ライ,7,じゃ、一緒に入ろうか。,"그럼, 같이 들어갈까."
scene_day3_scenes_fab_day3_logic_6346ee10c065ccc051a489a1ecff7695.bundle,進操作組開始說明地窖故障調查事件,Say,シュン･ゴ,0,ジェイ、シンカ、わざわざ来ていただいて、ありがとうございます。,"제이, 신카, 일부러 와주셔서, 감사합니다."
scene_day3_scenes_fab_day3_logic_6346ee10c065ccc051a489a1ecff7695.bundle,進操作組開始說明地窖故障調查事件,Say,シンカ･シェ,0,い、いえ。,"아, 아뇨."
scene_day3_scenes_fab_day3_logic_6346ee10c065ccc051a489a1ecff7695.bundle,進操作組開始說明地窖故障調查事件,Branch,#Simple,0,それなら良かった。,그렇다면 다행이네요.
scene_day3_scenes_fab_day3_logic_6346ee10c065ccc051a489a1ecff7695.bundle,進操作組開始說明地窖故障調查事件,Branch,#Simple,1,何かあったんですか？,무슨 일 있었어요?
scene_day3_scenes_fab_day3_logic_6346ee10c065ccc051a489a1ecff7695.bundle,進操作組開始說明地窖故障調查事件,Say,シュン･ゴ,1,それは後で説明します。,그건 나중에 설명할게요.
scene_day3_scenes_fab_day3_logic_6346ee10c065ccc051a489a1ecff7695.bundle,進操作組開始說明地窖故障調查事件,Branch,#Simple,2,……,……
scene_day3_scenes_fab_day3_logic_6346ee10c065ccc051a489a1ecff7695.bundle,進操作組開始說明地窖故障調查事件,Say,ジュジュ･ライ,0,よし、揃ったね。もう始めようか！,"좋아, 다 모였네. 이제 시작할까!"
scene_day3_scenes_fab_day3_logic_6346ee10c065ccc051a489a1ecff7695.bundle,進操作組開始說明地窖故障調查事件,Say,パン･ロウ,0,イエとユヒンは本当来れないの？,이에랑 유힌은 정말 못 오는 거야?
scene_day3_scenes_fab_day3_logic_6346ee10c065ccc051a489a1ecff7695.bundle,進操作組開始說明地窖故障調查事件,Say,カエ･チン,0,うん、他の用事があるみたい。,"응, 다른 볼일이 있는 것 같아."
scene_day3_scenes_fab_day3_logic_6346ee10c065ccc051a489a1ecff7695.bundle,進操作組開始說明地窖故障調查事件,Say,ジュジュ･ライ,1,じゃ、しょうがないね。始めようか。,"그럼, 어쩔 수 없네. 시작할까."
scene_day3_scenes_fab_day3_logic_6346ee10c065ccc051a489a1ecff7695.bundle,進操作組開始說明地窖故障調查事件,Say,シュン･ゴ,2,でもシヘイがまだ……,근데 시헤이가 아직……
scene_day3_scenes_fab_day3_logic_6346ee10c065ccc051a489a1ecff7695.bundle,進操作組開始說明地窖故障調查事件,Say,ジュジュ･ライ,2,もう！緊急事態なんだし、待っててもしょうがないでしょ。,"아 진짜! 긴급 사태니까, 기다려봤자 소용없잖아."
scene_day3_scenes_fab_day3_logic_6346ee10c065ccc051a489a1ecff7695.bundle,進操作組開始說明地窖故障調查事件,Say,パン･ロウ,1,でもここままじゃ、シヘイが来た時に、もう一度説明する羽目になるよ？,"근데 이대로면, 시헤이가 왔을 때, 다시 한번 설명해야 되는 처지가 될 텐데?"
scene_day3_scenes_fab_day3_logic_6346ee10c065ccc051a489a1ecff7695.bundle,進操作組開始說明地窖故障調查事件,Say,ジュジュ･ライ,3,……,……
scene_day3_scenes_fab_day3_logic_6346ee10c065ccc051a489a1ecff7695.bundle,進操作組開始說明地窖故障調查事件,Say,ジュジュ･ライ,4,大丈夫大丈夫！,괜찮아 괜찮아!
scene_day3_scenes_fab_day3_logic_6346ee10c065ccc051a489a1ecff7695.bundle,進操作組開始說明地窖故障調查事件,Say,ジュジュ･ライ,5,シヘイは賢いから、一瞬で理解してくれるはずよ！,"시헤이는 똑똑하니까, 순식간에 이해해줄 거야!"
scene_day3_scenes_fab_day3_logic_6346ee10c065ccc051a489a1ecff7695.bundle,進操作組開始說明地窖故障調查事件,Say,カエ･チン,1,チーフ、また一つが特定できたみたい。,"팀장님, 또 하나 특정할 수 있었던 것 같아요."
scene_day3_scenes_fab_day3_logic_6346ee10c065ccc051a489a1ecff7695.bundle,進操作組開始說明地窖故障調查事件,Say,シュン･ゴ,3,よし。,좋아.
scene_day3_scenes_fab_day3_logic_6346ee10c065ccc051a489a1ecff7695.bundle,進操作組開始說明地窖故障調查事件,Say,心の声,0,特定……？,특정……?
scene_day3_scenes_fab_day3_logic_6346ee10c065ccc051a489a1ecff7695.bundle,進操作組開始說明地窖故障調查事件,Say,シュン･ゴ,4,カエ、モニターに表示してください。その方が説明しやすいと思います。,"카에, 모니터에 표시해주세요. 그게 설명하기 편할 것 같아요."
scene_day3_scenes_fab_day3_logic_6346ee10c065ccc051a489a1ecff7695.bundle,進操作組開始說明地窖故障調查事件,Say,カエ･チン,2,わかった。,알았어.
scene_day3_scenes_fab_day3_logic_6346ee10c065ccc051a489a1ecff7695.bundle,進操作組開始說明地窖故障調查事件,Say,シュン･ゴ,5,シンカ、ジェイ、重要なことだけ話します。,"신카, 제이, 중요한 것만 말씀드릴게요."
scene_day3_scenes_fab_day3_logic_6346ee10c065ccc051a489a1ecff7695.bundle,進操作組開始說明地窖故障調查事件,Say,シュン･ゴ,6,私たちが思うに、昨日の故障は人為的なものだと思います。,"저희 생각엔, 어제 고장은 인위적인 것 같습니다."
scene_day3_scenes_fab_day3_logic_6346ee10c065ccc051a489a1ecff7695.bundle,進操作組開始說明地窖故障調查事件,Say,シンカ･シェ,1,えっ！？,네!?
scene_day3_scenes_fab_day3_logic_6346ee10c065ccc051a489a1ecff7695.bundle,進操作組開始說明地窖故障調查事件,Branch,#Simple,3,理由は？,이유는요?
scene_day3_scenes_fab_day3_logic_6346ee10c065ccc051a489a1ecff7695.bundle,進操作組開始說明地窖故障調查事件,Branch,#Simple,4,それは確かですか？,그거 확실한가요?
scene_day3_scenes_fab_day3_logic_6346ee10c065ccc051a489a1ecff7695.bundle,進操作組開始說明地窖故障調查事件,Branch,#Simple,5,……,……
scene_day3_scenes_fab_day3_logic_6346ee10c065ccc051a489a1ecff7695.bundle,進操作組開始說明地窖故障調查事件,Say,シュン･ゴ,7,ええ、その事に気づいたパンちゃんに説明してもらいます。,"네, 그걸 알아챈 팡짱한테 설명을 맡길게요."
scene_day3_scenes_fab_day3_logic_6346ee10c065ccc051a489a1ecff7695.bundle,進操作組開始說明地窖故障調查事件,Say,ジュジュ･ライ,6,え？本気？パンちゃんは話が長いじゃん。,어? 진심이야? 팡짱은 얘기가 길잖아.
scene_day3_scenes_fab_day3_logic_6346ee10c065ccc051a489a1ecff7695.bundle,進操作組開始說明地窖故障調查事件,Say,カエ･チン,3,確かにそうですね。,확실히 그렇네요.
scene_day3_scenes_fab_day3_logic_6346ee10c065ccc051a489a1ecff7695.bundle,進操作組開始說明地窖故障調查事件,Say,パン･ロウ,2,フンッ！仕方がないだろ、僕じゃないと説明できないんだから！,"흥! 어쩔 수 없잖아, 나 아니면 설명 못 하니까!"
scene_day3_scenes_fab_day3_logic_6346ee10c065ccc051a489a1ecff7695.bundle,進操作組開始說明地窖故障調查事件,Say,パン･ロウ,3,説明に入る前に、僕こそがここの最もプロフェッショナルなハードエンジニアだってことは、周知の事実だよね？,"설명에 들어가기 전에, 내가 여기서 가장 프로페셔널한 하드웨어 엔지니어라는 건, 다들 아는 사실이지?"
scene_day3_scenes_fab_day3_logic_6346ee10c065ccc051a489a1ecff7695.bundle,進操作組開始說明地窖故障調查事件,Say,ジュジュ･ライ,7,……ほら。,……거 봐.
scene_day3_scenes_fab_day3_logic_6346ee10c065ccc051a489a1ecff7695.bundle,進操作組開始說明地窖故障調查事件,Say,心の声,1,シュンが呆れた顔で苦笑いを浮かべている。,슌이 어이없다는 표정으로 쓴웃음을 짓고 있다.
scene_day3_scenes_fab_day3_logic_6346ee10c065ccc051a489a1ecff7695.bundle,進操作組開始說明地窖故障調查事件,Say,パン･ロウ,4,何か文句ある？最初に僕の立場をちゃんと説明しといた方が、話の信用度も上がるだろう？,"뭐 불만 있어? 처음에 내 입장을 제대로 설명해두는 게, 얘기 신뢰도도 올라가잖아?"
scene_day3_scenes_fab_day3_logic_6346ee10c065ccc051a489a1ecff7695.bundle,進操作組開始說明地窖故障調查事件,Say,ジュジュ･ライ,8,ポイントだけを話して！,요점만 말해!
scene_day3_scenes_fab_day3_logic_6346ee10c065ccc051a489a1ecff7695.bundle,進操作組開始說明地窖故障調查事件,Say,パン･ロウ,5,実はずっと前から、修理報告の内容が電気供給故障に関するものが多いことに気づいていたんだ。,"실은 훨씬 전부터, 수리 보고 내용이 전력 공급 고장에 관한 게 많다는 걸 알아챘었어."
scene_day3_scenes_fab_day3_logic_6346ee10c065ccc051a489a1ecff7695.bundle,進操作組開始說明地窖故障調查事件,Say,パン･ロウ,6,それらの故障はすべて原因が不明だが、しばらくすれば勝手に直っていた。,"그 고장들은 전부 원인이 불명인데, 잠시 지나면 저절로 고쳐지곤 했어."
scene_day3_scenes_fab_day3_logic_6346ee10c065ccc051a489a1ecff7695.bundle,進操作組開始說明地窖故障調查事件,Say,パン･ロウ,7,僕たちはそれを設備の老朽化だと決めつけて、特に調べてはこなかった。,"우리는 그걸 설비 노후화라고 단정 짓고, 딱히 조사하지 않았었지."
scene_day3_scenes_fab_day3_logic_6346ee10c065ccc051a489a1ecff7695.bundle,進操作組開始說明地窖故障調查事件,Say,シュン･ゴ,8,ですが、今年の四月から、そういった故障が頻発するようになったのです。,"그런데, 올해 4월부터, 그런 고장이 빈발하게 됐어요."
scene_day3_scenes_fab_day3_logic_6346ee10c065ccc051a489a1ecff7695.bundle,進操作組開始說明地窖故障調查事件,Say,シュン･ゴ,9,さらに、そういった故障はセラー全体に起きています。,"게다가, 그런 고장이 저장고 전체에서 일어나고 있어요."
scene_day3_scenes_fab_day3_logic_6346ee10c065ccc051a489a1ecff7695.bundle,進操作組開始說明地窖故障調查事件,Say,パン･ロウ,8,ゴホン！,흠흠!
scene_day3_scenes_fab_day3_logic_6346ee10c065ccc051a489a1ecff7695.bundle,進操作組開始說明地窖故障調查事件,Say,シュン･ゴ,10,あ、割って入ってしまい、すみません……,"아, 끼어들어서, 죄송해요……"
scene_day3_scenes_fab_day3_logic_6346ee10c065ccc051a489a1ecff7695.bundle,進操作組開始說明地窖故障調查事件,Say,パン･ロウ,9,シュンの言う通り、こういった故障は全体で見られるけど、最初は一つのエリアでしか起きていなかった。,"슌 말대로, 이런 고장은 전체적으로 보이긴 하는데, 처음엔 한 구역에서만 일어났었어."
scene_day3_scenes_fab_day3_logic_6346ee10c065ccc051a489a1ecff7695.bundle,進操作組開始說明地窖故障調查事件,Say,パン･ロウ,10,でも最近は、セラーの各エリアに広がりつつある。,"근데 요즘은, 저장고 각 구역으로 퍼지고 있어."
scene_day3_scenes_fab_day3_logic_6346ee10c065ccc051a489a1ecff7695.bundle,進操作組開始說明地窖故障調查事件,Say,パン･ロウ,11,最初は大した故障ではなかったけど、発生する場所は日に日に広がっていた。,"처음엔 대단한 고장은 아니었는데, 발생하는 장소는 나날이 늘어나고 있었어."
scene_day3_scenes_fab_day3_logic_6346ee10c065ccc051a489a1ecff7695.bundle,進操作組開始說明地窖故障調查事件,Say,パン･ロウ,12,それで、賢い僕は発生場所の関連性に気づき、それらをまとめてみたんだ。,"그래서, 똑똑한 나는 발생 장소의 연관성을 알아채고, 그것들을 정리해봤어."
scene_day3_scenes_fab_day3_logic_6346ee10c065ccc051a489a1ecff7695.bundle,進操作組開始說明地窖故障調查事件,Say,パン･ロウ,13,そして、これらの故障にはパターンがあることに気づいた。,"그리고, 이 고장들에는 패턴이 있다는 걸 알아챘지."
scene_day3_scenes_fab_day3_logic_6346ee10c065ccc051a489a1ecff7695.bundle,進操作組開始說明地窖故障調查事件,Say,シンカ･シェ,2,故障の原因を突き止めることができたってことですか？,고장 원인을 밝혀낼 수 있었다는 거예요?
scene_day3_scenes_fab_day3_logic_6346ee10c065ccc051a489a1ecff7695.bundle,進操作組開始說明地窖故障調查事件,Say,パン･ロウ,14,ソフト上の問題はすべてクリアできたが、後はハードの問題だ……,"소프트웨어상의 문제는 다 해결했는데, 남은 건 하드웨어 문제야……"
scene_day3_scenes_fab_day3_logic_6346ee10c065ccc051a489a1ecff7695.bundle,進操作組開始說明地窖故障調查事件,Say,パン･ロウ,15,僕は作業員と一緒に、念入りに故障が起きそうな場所を調べた。つまり全ての電気供給設備をね。,"나는 작업자랑 같이, 꼼꼼하게 고장 날 것 같은 장소를 조사했어. 즉 모든 전력 공급 설비를 말이지."
scene_day3_scenes_fab_day3_logic_6346ee10c065ccc051a489a1ecff7695.bundle,進操作組開始說明地窖故障調查事件,Say,パン･ロウ,16,でも、何も見つからなかった……,"근데, 아무것도 못 찾았어……"
scene_day3_scenes_fab_day3_logic_6346ee10c065ccc051a489a1ecff7695.bundle,進操作組開始說明地窖故障調查事件,Say,パン･ロウ,17,証拠がない以上、いつまでも作業員を付き合わせるのは悪いから、しばらく調査を止めていた。,"증거가 없는 이상, 계속 작업자를 붙잡아둘 순 없으니까, 잠시 조사를 중단했었어."
scene_day3_scenes_fab_day3_logic_6346ee10c065ccc051a489a1ecff7695.bundle,進操作組開始說明地窖故障調查事件,Say,パン･ロウ,18,そして、昨日の事故が起きた……,"그리고, 어제 그 사고가 일어난 거야……"
scene_day3_scenes_fab_day3_logic_6346ee10c065ccc051a489a1ecff7695.bundle,進操作組開始說明地窖故障調查事件,Branch,#Simple,6,それらの故障と関係しているのは確かですか？,그 고장들이랑 관련 있는 게 확실한가요?
scene_day3_scenes_fab_day3_logic_6346ee10c065ccc051a489a1ecff7695.bundle,進操作組開始說明地窖故障調查事件,Say,ジュジュ･ライ,9,言いたいことはわかるけど、私も関係していると思うの。,"무슨 말인지는 알겠는데, 나도 관련 있다고 생각해."
scene_day3_scenes_fab_day3_logic_6346ee10c065ccc051a489a1ecff7695.bundle,進操作組開始說明地窖故障調查事件,Say,ジュジュ･ライ,10,でも……,하지만……
scene_day3_scenes_fab_day3_logic_6346ee10c065ccc051a489a1ecff7695.bundle,進操作組開始說明地窖故障調查事件,Branch,#Simple,7,あなたたちは、いつか大事故が起きるとわかっていたってことですか？,"당신들은, 언젠가 큰 사고가 날 거라는 걸 알고 있었다는 건가요?"
scene_day3_scenes_fab_day3_logic_6346ee10c065ccc051a489a1ecff7695.bundle,進操作組開始說明地窖故障調查事件,Say,パン･ロウ,19,えっと……,그게……
scene_day3_scenes_fab_day3_logic_6346ee10c065ccc051a489a1ecff7695.bundle,進操作組開始說明地窖故障調查事件,Say,ジュジュ･ライ,11,ジェイは、どうして何も対処しなかったのかって言いたいの？,"제이는, 왜 아무 조치도 안 했냐고 말하고 싶은 거야?"
scene_day3_scenes_fab_day3_logic_6346ee10c065ccc051a489a1ecff7695.bundle,進操作組開始說明地窖故障調查事件,Branch,#Simple,8,そうですね。,그러게요.
scene_day3_scenes_fab_day3_logic_6346ee10c065ccc051a489a1ecff7695.bundle,進操作組開始說明地窖故障調查事件,Branch,#Simple,9,そういう意味ではありません。,그런 뜻이 아닙니다.
scene_day3_scenes_fab_day3_logic_6346ee10c065ccc051a489a1ecff7695.bundle,進操作組開始說明地窖故障調查事件,Say,ジュジュ･ライ,12,……,……
scene_day3_scenes_fab_day3_logic_6346ee10c065ccc051a489a1ecff7695.bundle,進操作組開始說明地窖故障調查事件,Say,ジュジュ･ライ,13,とにかく……,아무튼……
scene_day3_scenes_fab_day3_logic_6346ee10c065ccc051a489a1ecff7695.bundle,進操作組開始說明地窖故障調查事件,Say,ジュジュ･ライ,14,これはパンちゃんのせいじゃない。彼は何もできなかっただけ。,이건 팡짱 잘못이 아니야. 이 사람은 아무것도 못 했을 뿐이야.
scene_day3_scenes_fab_day3_logic_6346ee10c065ccc051a489a1ecff7695.bundle,進操作組開始說明地窖故障調查事件,Branch,#Simple,10,別にそういう意味で言ったわけじゃ、ありません。,"딱히 그런 뜻으로 말한 건, 아니에요."
scene_day3_scenes_fab_day3_logic_6346ee10c065ccc051a489a1ecff7695.bundle,進操作組開始說明地窖故障調查事件,Say,ジュジュ･ライ,15,ならいいけど。,그럼 됐고.
scene_day3_scenes_fab_day3_logic_6346ee10c065ccc051a489a1ecff7695.bundle,進操作組開始說明地窖故障調查事件,Say,ジュジュ･ライ,16,早とちりだったみたいね。,성급하게 넘겨짚었던 것 같네.
scene_day3_scenes_fab_day3_logic_6346ee10c065ccc051a489a1ecff7695.bundle,進操作組開始說明地窖故障調查事件,Branch,#Simple,11,でも彼がもう少しちゃんと調べていれば、昨日の事故を防げたかもしれません。,"근데 이 사람이 좀 더 제대로 조사했으면, 어제 사고를 막을 수 있었을지도 몰라요."
scene_day3_scenes_fab_day3_logic_6346ee10c065ccc051a489a1ecff7695.bundle,進操作組開始說明地窖故障調查事件,Say,ジュジュ･ライ,17,わかってるけど……,알고 있지만……
scene_day3_scenes_fab_day3_logic_6346ee10c065ccc051a489a1ecff7695.bundle,進操作組開始說明地窖故障調查事件,Say,パン･ロウ,20,そうだ、あれは僕のミスだ。,"맞아, 그건 내 실수야."
scene_day3_scenes_fab_day3_logic_6346ee10c065ccc051a489a1ecff7695.bundle,進操作組開始說明地窖故障調查事件,Say,パン･ロウ,21,ごめん、ジェイ。,"미안, 제이."
scene_day3_scenes_fab_day3_logic_6346ee10c065ccc051a489a1ecff7695.bundle,進操作組開始說明地窖故障調查事件,Say,ジュジュ･ライ,18,パンちゃん、ジェイがどう思おうが……,"팡짱, 제이가 어떻게 생각하든……"
scene_day3_scenes_fab_day3_logic_6346ee10c065ccc051a489a1ecff7695.bundle,進操作組開始說明地窖故障調查事件,Say,ジュジュ･ライ,19,私はあんたの責任じゃないと思う。,나는 네 책임이 아니라고 생각해.
scene_day3_scenes_fab_day3_logic_6346ee10c065ccc051a489a1ecff7695.bundle,進操作組開始說明地窖故障調查事件,Say,パン･ロウ,22,……ありがとう。,……고마워.
scene_day3_scenes_fab_day3_logic_6346ee10c065ccc051a489a1ecff7695.bundle,進操作組開始說明地窖故障調查事件,Say,ジュジュ･ライ,20,礼には及ばんよ。私は自分の考えを言っただけだから。,고마워할 것까진 없어. 나는 그냥 내 생각을 말한 것뿐이니까.
scene_day3_scenes_fab_day3_logic_6346ee10c065ccc051a489a1ecff7695.bundle,進操作組開始說明地窖故障調查事件,Branch,#Simple,12,……,……
scene_day3_scenes_fab_day3_logic_6346ee10c065ccc051a489a1ecff7695.bundle,進操作組開始說明地窖故障調查事件,Say,ジュジュ･ライ,21,正直に言うと、パンちゃんがその報告をしたとしても、私は事故が起きるまでは、その話を信じなかったと思う。,"솔직히 말하면, 팡짱이 그 보고를 했더라도, 나는 사고가 일어나기 전까진, 그 얘기를 안 믿었을 거야."
scene_day3_scenes_fab_day3_logic_6346ee10c065ccc051a489a1ecff7695.bundle,進操作組開始說明地窖故障調查事件,Branch,#Simple,13,……,……
scene_day3_scenes_fab_day3_logic_6346ee10c065ccc051a489a1ecff7695.bundle,進操作組開始說明地窖故障調查事件,Say,パン･ロウ,23,……,……
scene_day3_scenes_fab_day3_logic_6346ee10c065ccc051a489a1ecff7695.bundle,進操作組開始說明地窖故障調查事件,Say,パン･ロウ,24,今日、操作組は休みだったけど、何か引っかかった僕は、ここで調査を続けていたんだ。,"오늘, 조작조는 휴무였는데, 뭔가 걸리는 게 있던 나는, 여기서 계속 조사하고 있었어."
scene_day3_scenes_fab_day3_logic_6346ee10c065ccc051a489a1ecff7695.bundle,進操作組開始說明地窖故障調查事件,Say,パン･ロウ,25,電力供給設備に問題がないことはわかっていたから、僕は配線の方を調べた。,"전력 공급 설비에 문제가 없다는 건 알고 있었으니까, 나는 배선 쪽을 조사했어."
scene_day3_scenes_fab_day3_logic_6346ee10c065ccc051a489a1ecff7695.bundle,進操作組開始說明地窖故障調查事件,Say,パン･ロウ,26,それで、こんなものが見つかったんだ。,"그래서, 이런 게 발견됐어."
scene_day3_scenes_fab_day3_logic_6346ee10c065ccc051a489a1ecff7695.bundle,進操作組開始說明地窖故障調查事件,Say,シンカ･シェ,3,これは？,이건?
scene_day3_scenes_fab_day3_logic_6346ee10c065ccc051a489a1ecff7695.bundle,進操作組開始說明地窖故障調查事件,Say,心の声,2,軍に服役していた時に見たことある……,군 복무할 때 본 적 있다……
scene_day3_scenes_fab_day3_logic_6346ee10c065ccc051a489a1ecff7695.bundle,進操作組開始說明地窖故障調查事件,Say,パン･ロウ,27,僕は見たことがなかったし、他の人も知らなかったんだ。,"나는 본 적 없었고, 다른 사람들도 몰랐었어."
scene_day3_scenes_fab_day3_logic_6346ee10c065ccc051a489a1ecff7695.bundle,進操作組開始說明地窖故障調查事件,Say,心の声,3,これは一種の干渉器で、周りの電圧を上げ、電子設備を破壊することができる代物だ。,"이건 일종의 방해 장치로, 주변 전압을 올려서, 전자 설비를 파괴할 수 있는 물건이다."
scene_day3_scenes_fab_day3_logic_6346ee10c065ccc051a489a1ecff7695.bundle,進操作組開始說明地窖故障調查事件,Branch,#Simple,14,これは電子設備を破壊できる干渉器です。,이건 전자 설비를 파괴할 수 있는 방해 장치입니다.
scene_day3_scenes_fab_day3_logic_6346ee10c065ccc051a489a1ecff7695.bundle,進操作組開始說明地窖故障調查事件,Say,パン･ロウ,28,どうしてそれを？,그걸 어떻게?
scene_day3_scenes_fab_day3_logic_6346ee10c065ccc051a489a1ecff7695.bundle,進操作組開始說明地窖故障調查事件,Branch,#Simple,15,それはどうでもいいことでは？,그건 아무래도 상관없는 거 아닌가요?
scene_day3_scenes_fab_day3_logic_6346ee10c065ccc051a489a1ecff7695.bundle,進操作組開始說明地窖故障調查事件,Say,パン･ロウ,29,ああ、そうだね……,"아, 그러네……"
scene_day3_scenes_fab_day3_logic_6346ee10c065ccc051a489a1ecff7695.bundle,進操作組開始說明地窖故障調查事件,Say,パン･ロウ,30,と、とにかく……,"아, 아무튼……"
scene_day3_scenes_fab_day3_logic_6346ee10c065ccc051a489a1ecff7695.bundle,進操作組開始說明地窖故障調查事件,Branch,#Simple,16,軍にいた時に見たことがあります。,군에 있을 때 본 적 있어요.
scene_day3_scenes_fab_day3_logic_6346ee10c065ccc051a489a1ecff7695.bundle,進操作組開始說明地窖故障調查事件,Say,パン･ロウ,31,軍人だったのか。,군인이었구나.
scene_day3_scenes_fab_day3_logic_6346ee10c065ccc051a489a1ecff7695.bundle,進操作組開始說明地窖故障調查事件,Say,パン･ロウ,32,……ジェイの言う通りだ。,……제이 말이 맞아.
scene_day3_scenes_fab_day3_logic_6346ee10c065ccc051a489a1ecff7695.bundle,進操作組開始說明地窖故障調查事件,Branch,#Simple,17,……,……
scene_day3_scenes_fab_day3_logic_6346ee10c065ccc051a489a1ecff7695.bundle,進操作組開始說明地窖故障調查事件,Say,パン･ロウ,33,僕も少し調べて見てわかったんだけど、確かにこれは電圧を上げて、設備を破壊する装置だった。,"나도 좀 조사해보고 알았는데, 확실히 이건 전압을 올려서, 설비를 파괴하는 장치였어."
scene_day3_scenes_fab_day3_logic_6346ee10c065ccc051a489a1ecff7695.bundle,進操作組開始說明地窖故障調查事件,Say,パン･ロウ,34,僕たちは発電設備しか調べてなかったし、まさか配線の方に細工されているとは思わなかったんだ。,"우리는 발전 설비만 조사했었고, 설마 배선 쪽에 손을 써놨을 줄은 몰랐었어."
scene_day3_scenes_fab_day3_logic_6346ee10c065ccc051a489a1ecff7695.bundle,進操作組開始說明地窖故障調查事件,Say,シンカ･シェ,4,なら、誰かがわざと破壊を……,"그럼, 누군가 일부러 파괴를……"
scene_day3_scenes_fab_day3_logic_6346ee10c065ccc051a489a1ecff7695.bundle,進操作組開始說明地窖故障調查事件,Branch,#Simple,18,犯人の特定は？,범인 특정은요?
scene_day3_scenes_fab_day3_logic_6346ee10c065ccc051a489a1ecff7695.bundle,進操作組開始說明地窖故障調查事件,Say,パン･ロウ,35,……まだ何も。,……아직 아무것도.
scene_day3_scenes_fab_day3_logic_6346ee10c065ccc051a489a1ecff7695.bundle,進操作組開始說明地窖故障調查事件,Say,シュン･ゴ,11,こんなことをする動機が全くわからず、手詰まりの状態です。,"이런 짓을 하는 동기를 전혀 모르겠어서, 막다른 상태예요."
scene_day3_scenes_fab_day3_logic_6346ee10c065ccc051a489a1ecff7695.bundle,進操作組開始說明地窖故障調查事件,Say,シュン･ゴ,12,万象を引きずり下ろすことが目的の仕業だとしても、サイレントのような古い工場を破壊しても意味がないはずです。,"완샹을 끌어내리는 게 목적인 짓이라고 해도, 사일런트 같은 낡은 공장을 파괴해봤자 의미가 없을 거예요."
scene_day3_scenes_fab_day3_logic_6346ee10c065ccc051a489a1ecff7695.bundle,進操作組開始說明地窖故障調查事件,Branch,#Simple,19,犯人の動機は？,범인의 동기는요?
scene_day3_scenes_fab_day3_logic_6346ee10c065ccc051a489a1ecff7695.bundle,進操作組開始說明地窖故障調查事件,Say,シュン･ゴ,13,全くわからずです。,전혀 모르겠습니다.
scene_day3_scenes_fab_day3_logic_6346ee10c065ccc051a489a1ecff7695.bundle,進操作組開始說明地窖故障調查事件,Branch,#Simple,20,……,……
scene_day3_scenes_fab_day3_logic_6346ee10c065ccc051a489a1ecff7695.bundle,進操作組開始說明地窖故障調查事件,Say,シュン･ゴ,14,その後、パンちゃんから知らせを受けた私は、すぐ皆に招集をかけました。,"그 후, 팡짱한테서 소식을 받은 저는, 바로 다들 소집했어요."
scene_day3_scenes_fab_day3_logic_6346ee10c065ccc051a489a1ecff7695.bundle,進操作組開始說明地窖故障調查事件,Say,シュン･ゴ,15,再び大きな問題が起きる前に、できるだけ早くこの件を解決したいです。,"다시 큰 문제가 일어나기 전에, 최대한 빨리 이 건을 해결하고 싶어요."
scene_day3_scenes_fab_day3_logic_6346ee10c065ccc051a489a1ecff7695.bundle,進操作組開始說明地窖故障調查事件,Say,シヘイ･ヨウ,0,これは……,이건……
scene_day3_scenes_fab_day3_logic_6346ee10c065ccc051a489a1ecff7695.bundle,進操作組開始說明地窖故障調查事件,Say,シンカ･シェ,5,シヘイ？,시헤이?
scene_day3_scenes_fab_day3_logic_6346ee10c065ccc051a489a1ecff7695.bundle,進操作組開始說明地窖故障調查事件,Say,シヘイ･ヨウ,1,この図面の通りなら……,이 도면대로라면……
scene_day3_scenes_fab_day3_logic_6346ee10c065ccc051a489a1ecff7695.bundle,進操作組開始說明地窖故障調查事件,Say,シヘイ･ヨウ,2,昨日の事故は誰かに仕組まれたってこと……？,어제 사고는 누군가 꾸민 거라는 거……?
scene_day3_scenes_fab_day3_logic_6346ee10c065ccc051a489a1ecff7695.bundle,進操作組開始說明地窖故障調查事件,Say,シュン･ゴ,16,現在の情報から推測すると、そうなります。,"현재 정보로 추측하면, 그렇게 됩니다."
scene_day3_scenes_fab_day3_logic_6346ee10c065ccc051a489a1ecff7695.bundle,進操作組開始說明地窖故障調查事件,Say,シヘイ･ヨウ,3,兄貴から急用ができたって言われたから、その合間を縫って来てみたんだけど……,"형님한테서 급한 볼일 생겼다고 들어서, 그 틈을 타서 와봤는데……"
scene_day3_scenes_fab_day3_logic_6346ee10c065ccc051a489a1ecff7695.bundle,進操作組開始說明地窖故障調查事件,Say,シヘイ･ヨウ,4,こんなことになっていたのか……,이런 상황이었구나……
scene_day3_scenes_fab_day3_logic_6346ee10c065ccc051a489a1ecff7695.bundle,進操作組開始說明地窖故障調查事件,Say,シュン･ゴ,17,昨日の事故がセラー全体で起きていたことは、説明するまでもなく知っているかと思います。,"어제 사고가 저장고 전체에서 일어났다는 건, 설명할 필요도 없이 알고 계실 거라 생각해요."
scene_day3_scenes_fab_day3_logic_6346ee10c065ccc051a489a1ecff7695.bundle,進操作組開始說明地窖故障調查事件,Say,シュン･ゴ,18,あれほど大規模な事故が起きたということは、セラーの各所に、この干渉器が取り付けられていると考えて、間違いないでしょう。,"그만큼 대규모 사고가 일어났다는 건, 저장고 곳곳에, 이 방해 장치가 설치되어 있다고 생각해도, 틀림없을 거예요."
scene_day3_scenes_fab_day3_logic_6346ee10c065ccc051a489a1ecff7695.bundle,進操作組開始說明地窖故障調查事件,Say,シヘイ･ヨウ,5,セラー全体にそんなものを……,저장고 전체에 그런 걸……
scene_day3_scenes_fab_day3_logic_6346ee10c065ccc051a489a1ecff7695.bundle,進操作組開始說明地窖故障調查事件,Say,シュン･ゴ,19,つまり単独犯でなく、複数犯である可能性があります。,"즉 단독범이 아니라, 복수범일 가능성이 있어요."
scene_day3_scenes_fab_day3_logic_6346ee10c065ccc051a489a1ecff7695.bundle,進操作組開始說明地窖故障調查事件,Branch,#Simple,21,確かにそうですね。,확실히 그렇네요.
scene_day3_scenes_fab_day3_logic_6346ee10c065ccc051a489a1ecff7695.bundle,進操作組開始說明地窖故障調查事件,Branch,#Simple,22,それか、一人で長年計画をしていたとか。,"아니면, 혼자서 오랫동안 계획했다거나."
scene_day3_scenes_fab_day3_logic_6346ee10c065ccc051a489a1ecff7695.bundle,進操作組開始說明地窖故障調查事件,Say,パン･ロウ,36,それは……,그건……
scene_day3_scenes_fab_day3_logic_6346ee10c065ccc051a489a1ecff7695.bundle,進操作組開始說明地窖故障調查事件,Say,シュン･ゴ,20,どうしてそう思うのですか？,왜 그렇게 생각하시죠?
scene_day3_scenes_fab_day3_logic_6346ee10c065ccc051a489a1ecff7695.bundle,進操作組開始說明地窖故障調查事件,Branch,#Simple,23,パンちゃんの話からわかる通り、故障はかなり前から起きていました。,"팡짱 얘기로 알 수 있듯이, 고장은 꽤 전부터 일어나고 있었어요."
scene_day3_scenes_fab_day3_logic_6346ee10c065ccc051a489a1ecff7695.bundle,進操作組開始說明地窖故障調查事件,Branch,#Simple,24,そして最初は一つのエリアに限られていたその故障は、ゆっくりと範囲を広げていったはずです。,"그리고 처음엔 한 구역에 한정됐던 그 고장은, 천천히 범위를 넓혀갔을 거예요."
scene_day3_scenes_fab_day3_logic_6346ee10c065ccc051a489a1ecff7695.bundle,進操作組開始說明地窖故障調查事件,Say,シュン･ゴ,21,……,……
scene_day3_scenes_fab_day3_logic_6346ee10c065ccc051a489a1ecff7695.bundle,進操作組開始說明地窖故障調查事件,Say,ジュジュ･ライ,22,……,……
scene_day3_scenes_fab_day3_logic_6346ee10c065ccc051a489a1ecff7695.bundle,進操作組開始說明地窖故障調查事件,Say,ジュジュ･ライ,23,ジェイの推測が正しいかも。,제이 추측이 맞을지도.
scene_day3_scenes_fab_day3_logic_6346ee10c065ccc051a489a1ecff7695.bundle,進操作組開始說明地窖故障調查事件,Say,シュン･ゴ,22,確かにそうですね。,확실히 그렇네요.
scene_day3_scenes_fab_day3_logic_6346ee10c065ccc051a489a1ecff7695.bundle,進操作組開始說明地窖故障調查事件,Say,シュン･ゴ,23,もし本当に時間をかけて、一つ一つのエリアに取り付けていたのだとしたら……,"만약 진짜로 시간을 들여서, 한 구역씩 설치했던 거라면……"
scene_day3_scenes_fab_day3_logic_6346ee10c065ccc051a489a1ecff7695.bundle,進操作組開始說明地窖故障調查事件,Say,パン･ロウ,37,本当に一人でこんなことができるのか……？,정말 혼자서 이런 걸 할 수 있는 건가……?
scene_day3_scenes_fab_day3_logic_6346ee10c065ccc051a489a1ecff7695.bundle,進操作組開始說明地窖故障調查事件,Branch,#Simple,25,複数犯だとバレる可能性があります。,복수범이면 들킬 가능성이 있어요.
scene_day3_scenes_fab_day3_logic_6346ee10c065ccc051a489a1ecff7695.bundle,進操作組開始說明地窖故障調查事件,Say,シュン･ゴ,24,そうですが、これほどの数を一人で取り付けるなんて、無理なのでは？,"그렇긴 한데, 이 정도 수를 혼자서 설치하다니, 무리 아닐까요?"
scene_day3_scenes_fab_day3_logic_6346ee10c065ccc051a489a1ecff7695.bundle,進操作組開始說明地窖故障調查事件,Branch,#Simple,26,……,……
scene_day3_scenes_fab_day3_logic_6346ee10c065ccc051a489a1ecff7695.bundle,進操作組開始說明地窖故障調查事件,Say,シヘイ･ヨウ,6,待って。結局、僕たちを集めたのは何のため？,"잠깐. 결국, 우리를 모은 건 뭐 때문이야?"
scene_day3_scenes_fab_day3_logic_6346ee10c065ccc051a489a1ecff7695.bundle,進操作組開始說明地窖故障調查事件,Say,シュン･ゴ,25,私たちには今、手足となってくれる人が必要です。,"저희한테는 지금, 손발이 되어줄 사람이 필요해요."
scene_day3_scenes_fab_day3_logic_6346ee10c065ccc051a489a1ecff7695.bundle,進操作組開始說明地窖故障調查事件,Say,シンカ･シェ,6,て、手足……？,"소, 손발……?"
scene_day3_scenes_fab_day3_logic_6346ee10c065ccc051a489a1ecff7695.bundle,進操作組開始說明地窖故障調查事件,Say,シュン･ゴ,26,ええ、先程の干渉器についてですが……,"네, 아까 그 방해 장치에 대해서인데요……"
scene_day3_scenes_fab_day3_logic_6346ee10c065ccc051a489a1ecff7695.bundle,進操作組開始說明地窖故障調查事件,Say,シュン･ゴ,27,これらの干渉器には遠隔制御機能がついています。しかし逆探知を防ぐために……,이 방해 장치들에는 원격 제어 기능이 달려 있어요. 그런데 역추적을 막기 위해서……
scene_day3_scenes_fab_day3_logic_6346ee10c065ccc051a489a1ecff7695.bundle,進操作組開始說明地窖故障調查事件,Say,シュン･ゴ,28,この探知機は複雑なネステッド通信方式を使われており、しかもすべて乱数を用いて暗号化されています。,"이 탐지기는 복잡한 중첩 통신 방식을 쓰고 있고, 게다가 전부 난수를 써서 암호화되어 있어요."
scene_day3_scenes_fab_day3_logic_6346ee10c065ccc051a489a1ecff7695.bundle,進操作組開始說明地窖故障調查事件,Say,心の声,4,ネステッド……？,중첩……?
scene_day3_scenes_fab_day3_logic_6346ee10c065ccc051a489a1ecff7695.bundle,進操作組開始說明地窖故障調查事件,Say,シヘイ･ヨウ,7,なるほど……,그렇군요……
scene_day3_scenes_fab_day3_logic_6346ee10c065ccc051a489a1ecff7695.bundle,進操作組開始說明地窖故障調查事件,Branch,#Simple,27,わかりやすく説明してくれませんか？,알기 쉽게 설명해주실 수 있나요?
scene_day3_scenes_fab_day3_logic_6346ee10c065ccc051a489a1ecff7695.bundle,進操作組開始說明地窖故障調查事件,Branch,#Simple,28,すみません、意味がわかりません。,"죄송한데, 무슨 말인지 모르겠어요."
scene_day3_scenes_fab_day3_logic_6346ee10c065ccc051a489a1ecff7695.bundle,進操作組開始說明地窖故障調查事件,Say,ジュジュ･ライ,24,そっか、ジェイはエンジニアじゃないもんね。,"아 맞다, 제이는 엔지니어가 아니었지."
scene_day3_scenes_fab_day3_logic_6346ee10c065ccc051a489a1ecff7695.bundle,進操作組開始說明地窖故障調查事件,Branch,#Simple,29,なに？,왜?
scene_day3_scenes_fab_day3_logic_6346ee10c065ccc051a489a1ecff7695.bundle,進操作組開始說明地窖故障調查事件,Branch,#Simple,30,もしかして、いじめですか？,"혹시, 괴롭히는 건가요?"
scene_day3_scenes_fab_day3_logic_6346ee10c065ccc051a489a1ecff7695.bundle,進操作組開始說明地窖故障調查事件,Branch,#Simple,31,エンジニアじゃなくて、すみませんね。,"엔지니어가 아니라서, 죄송하네요."
scene_day3_scenes_fab_day3_logic_6346ee10c065ccc051a489a1ecff7695.bundle,進操作組開始說明地窖故障調查事件,Say,ジュジュ･ライ,25,ハハハ、そうだな！,"하하하, 그러네!"
scene_day3_scenes_fab_day3_logic_6346ee10c065ccc051a489a1ecff7695.bundle,進操作組開始說明地窖故障調查事件,Say,パン･ロウ,38,ヘヘッ。,헤헷.
scene_day3_scenes_fab_day3_logic_6346ee10c065ccc051a489a1ecff7695.bundle,進操作組開始說明地窖故障調查事件,Say,シンカ･シェ,7,べ、別にいいじゃありませんか。人はそれぞれ得手不得手がありますし……,"며, 별로 상관없잖아요. 사람마다 잘하고 못하는 게 있는 거고……"
scene_day3_scenes_fab_day3_logic_6346ee10c065ccc051a489a1ecff7695.bundle,進操作組開始說明地窖故障調查事件,Say,心の声,5,こいつら……,이 녀석들……
scene_day3_scenes_fab_day3_logic_6346ee10c065ccc051a489a1ecff7695.bundle,進操作組開始說明地窖故障調查事件,Branch,#Simple,32,……,……
scene_day3_scenes_fab_day3_logic_6346ee10c065ccc051a489a1ecff7695.bundle,進操作組開始說明地窖故障調查事件,Say,シュン･ゴ,29,ゴホン！,흠흠!
scene_day3_scenes_fab_day3_logic_6346ee10c065ccc051a489a1ecff7695.bundle,進操作組開始說明地窖故障調查事件,Say,シュン･ゴ,30,簡単に言うと、私たちはこれらの干渉器がどこから電波を受信しているのかわからないということです。,"간단히 말하면, 저희는 이 방해 장치들이 어디서 전파를 수신하는지 모른다는 거예요."
scene_day3_scenes_fab_day3_logic_6346ee10c065ccc051a489a1ecff7695.bundle,進操作組開始說明地窖故障調查事件,Branch,#Simple,33,……,……
scene_day3_scenes_fab_day3_logic_6346ee10c065ccc051a489a1ecff7695.bundle,進操作組開始說明地窖故障調查事件,Say,シュン･ゴ,31,ですが干渉器がもう少し手に入れば、信号源を逆探知することができるかもしれません。,"그런데 방해 장치를 좀 더 확보하면, 신호원을 역추적할 수 있을지도 몰라요."
scene_day3_scenes_fab_day3_logic_6346ee10c065ccc051a489a1ecff7695.bundle,進操作組開始說明地窖故障調查事件,Say,パン･ロウ,39,つまり干渉器を付けた犯人を見つけられるってことさ！,즉 방해 장치를 설치한 범인을 찾아낼 수 있다는 거지!
scene_day3_scenes_fab_day3_logic_6346ee10c065ccc051a489a1ecff7695.bundle,進操作組開始說明地窖故障調查事件,Say,シンカ･シェ,8,待ってください。私たち三人を集めたのは、干渉器を探すためですか！？,"잠깐만요. 저희 셋을 모은 건, 방해 장치를 찾기 위해서인가요!?"
scene_day3_scenes_fab_day3_logic_6346ee10c065ccc051a489a1ecff7695.bundle,進操作組開始說明地窖故障調查事件,Say,シュン･ゴ,32,ええ、それがどうかしましたか？,"네, 그게 무슨 문제라도?"
scene_day3_scenes_fab_day3_logic_6346ee10c065ccc051a489a1ecff7695.bundle,進操作組開始說明地窖故障調查事件,Say,シンカ･シェ,9,三人も必要でしょうか……,세 명이나 필요한가요……
scene_day3_scenes_fab_day3_logic_6346ee10c065ccc051a489a1ecff7695.bundle,進操作組開始說明地窖故障調查事件,Say,シュン･ゴ,33,それには理由があるのです。,거기엔 이유가 있어요.
scene_day3_scenes_fab_day3_logic_6346ee10c065ccc051a489a1ecff7695.bundle,進操作組開始說明地窖故障調查事件,Say,シュン･ゴ,34,実はパンちゃんが最初に干渉器を外した時に、犯人にその事を知られた可能性があるのです。,"실은 팡짱이 처음 방해 장치를 떼어냈을 때, 범인이 그 사실을 알아챘을 가능성이 있어요."
scene_day3_scenes_fab_day3_logic_6346ee10c065ccc051a489a1ecff7695.bundle,進操作組開始說明地窖故障調查事件,Branch,#Simple,34,可能性？,가능성이요?
scene_day3_scenes_fab_day3_logic_6346ee10c065ccc051a489a1ecff7695.bundle,進操作組開始說明地窖故障調查事件,Say,シュン･ゴ,35,はい、犯人がどれだけ干渉器を監視していたかにもよりますので。,"네, 범인이 방해 장치를 얼마나 감시하고 있었는지에 따라 다르니까요."
scene_day3_scenes_fab_day3_logic_6346ee10c065ccc051a489a1ecff7695.bundle,進操作組開始說明地窖故障調查事件,Say,パン･ロウ,40,もちろん、犯人がとっくに逃げて、干渉器だけが残っている可能性もあるけどね。,"물론, 범인이 진작에 도망가고, 방해 장치만 남아 있을 가능성도 있지만."
scene_day3_scenes_fab_day3_logic_6346ee10c065ccc051a489a1ecff7695.bundle,進操作組開始說明地窖故障調查事件,Say,パン･ロウ,41,でも、限りなく低いと思うよ。,"근데, 그럴 가능성은 매우 낮다고 생각해."
scene_day3_scenes_fab_day3_logic_6346ee10c065ccc051a489a1ecff7695.bundle,進操作組開始說明地窖故障調查事件,Branch,#Simple,35,なぜ犯人がわかるのですか？,왜 범인이 알게 되는 거죠?
scene_day3_scenes_fab_day3_logic_6346ee10c065ccc051a489a1ecff7695.bundle,進操作組開始說明地窖故障調查事件,Say,シュン･ゴ,36,犯人が全ての干渉器を遠隔操作できるということは、監視する手段も持ち合わせているということになります。,"범인이 모든 방해 장치를 원격 조작할 수 있다는 건, 감시할 수단도 갖고 있다는 뜻이 돼요."
scene_day3_scenes_fab_day3_logic_6346ee10c065ccc051a489a1ecff7695.bundle,進操作組開始說明地窖故障調查事件,Branch,#Simple,36,……,……
scene_day3_scenes_fab_day3_logic_6346ee10c065ccc051a489a1ecff7695.bundle,進操作組開始說明地窖故障調查事件,Say,シュン･ゴ,37,逆探知ができることは、犯人もわかっているはずです。今頃は干渉器を外そうと、躍起になっていると思います。,"역추적이 가능하다는 걸, 범인도 알고 있을 거예요. 지금쯤은 방해 장치를 떼어내려고, 필사적일 거라고 생각해요."
scene_day3_scenes_fab_day3_logic_6346ee10c065ccc051a489a1ecff7695.bundle,進操作組開始說明地窖故障調查事件,Say,シンカ･シェ,10,それじゃ……,그럼……
scene_day3_scenes_fab_day3_logic_6346ee10c065ccc051a489a1ecff7695.bundle,進操作組開始說明地窖故障調查事件,Say,シヘイ･ヨウ,8,どっちが先に干渉器を手にするか、犯人と競争するしかないってこと？,"누가 먼저 방해 장치를 손에 넣을지, 범인이랑 경쟁할 수밖에 없다는 거야?"
scene_day3_scenes_fab_day3_logic_6346ee10c065ccc051a489a1ecff7695.bundle,進操作組開始說明地窖故障調查事件,Say,シュン･ゴ,38,そうだ。,맞아.
scene_day3_scenes_fab_day3_logic_6346ee10c065ccc051a489a1ecff7695.bundle,進操作組開始說明地窖故障調查事件,Say,シュン･ゴ,39,だからあなたたち三人を呼びました。他の方にも連絡はしてみましたが、休みにこの工場にいたのはあなたたちだけでした。,"그래서 세 분을 부른 거예요. 다른 분들한테도 연락은 해봤는데, 휴일에 이 공장에 있었던 건 여러분뿐이었어요."
scene_day3_scenes_fab_day3_logic_6346ee10c065ccc051a489a1ecff7695.bundle,進操作組開始說明地窖故障調查事件,Say,シヘイ･ヨウ,9,待ってくれ。僕は休みじゃないし、さっきまで四号ステーションで棚上げシステムを修理していた。,"잠깐만. 나는 휴무 아니고, 아까까지 4호 스테이션에서 선반 시스템을 수리하고 있었어."
scene_day3_scenes_fab_day3_logic_6346ee10c065ccc051a489a1ecff7695.bundle,進操作組開始說明地窖故障調查事件,Say,シヘイ･ヨウ,10,なぜ僕をわざわざ呼び出したんだ？,왜 나를 굳이 불러낸 거지?
scene_day3_scenes_fab_day3_logic_6346ee10c065ccc051a489a1ecff7695.bundle,進操作組開始說明地窖故障調查事件,Say,シュン･ゴ,40,……,……
scene_day3_scenes_fab_day3_logic_6346ee10c065ccc051a489a1ecff7695.bundle,進操作組開始說明地窖故障調查事件,Say,心の声,6,ジュジュが不自然にシュンを見ている……,쥬쥬가 부자연스럽게 슌을 쳐다보고 있다……
scene_day3_scenes_fab_day3_logic_6346ee10c065ccc051a489a1ecff7695.bundle,進操作組開始說明地窖故障調查事件,Say,シュン･ゴ,41,作業員がいれば、干渉器を見つける作業がかなり楽になると思ったからです。,"작업자가 있으면, 방해 장치를 찾는 작업이 훨씬 수월해질 거라고 생각했거든요."
scene_day3_scenes_fab_day3_logic_6346ee10c065ccc051a489a1ecff7695.bundle,進操作組開始說明地窖故障調查事件,Say,シュン･ゴ,42,私の予想が正しければ、干渉器のほとんどは作業員のみが出入りできる場所にあると踏んでいます。,"제 예상이 맞다면, 방해 장치 대부분은 작업자만 드나들 수 있는 곳에 있을 거라고 보고 있어요."
scene_day3_scenes_fab_day3_logic_6346ee10c065ccc051a489a1ecff7695.bundle,進操作組開始說明地窖故障調查事件,Say,シヘイ･ヨウ,11,待ってくれ。その言い方じゃ……,잠깐만. 그 말투로 봐선……
scene_day3_scenes_fab_day3_logic_6346ee10c065ccc051a489a1ecff7695.bundle,進操作組開始說明地窖故障調查事件,Say,シュン･ゴ,43,はい、今回の事件は作業員による犯行だと思います。,"네, 이번 사건은 작업자에 의한 범행이라고 생각해요."
scene_day3_scenes_fab_day3_logic_6346ee10c065ccc051a489a1ecff7695.bundle,進操作組開始說明地窖故障調查事件,Say,シヘイ･ヨウ,12,そんなバカな！？,그런 말도 안 되는!?
scene_day3_scenes_fab_day3_logic_6346ee10c065ccc051a489a1ecff7695.bundle,進操作組開始說明地窖故障調查事件,Say,シヘイ･ヨウ,13,皆、セラーのメンテナンスのために、毎日懸命に働いているのに……,"다들, 저장고 관리를 위해서, 매일 열심히 일하고 있는데……"
scene_day3_scenes_fab_day3_logic_6346ee10c065ccc051a489a1ecff7695.bundle,進操作組開始說明地窖故障調查事件,Say,シヘイ･ヨウ,14,……,……
scene_day3_scenes_fab_day3_logic_6346ee10c065ccc051a489a1ecff7695.bundle,進操作組開始說明地窖故障調查事件,Say,シュン･ゴ,44,これはただの推測です。これが真実だと決まったわけではありません。,이건 그저 추측이에요. 이게 진실이라고 정해진 건 아니에요.
scene_day3_scenes_fab_day3_logic_6346ee10c065ccc051a489a1ecff7695.bundle,進操作組開始說明地窖故障調查事件,Say,心の声,7,シヘイはかなりショックを受けているようだ……,시헤이는 꽤 충격받은 것 같다……
scene_day3_scenes_fab_day3_logic_6346ee10c065ccc051a489a1ecff7695.bundle,進操作組開始說明地窖故障調查事件,Say,シュン･ゴ,45,シンカは選別組ですが、操作組の特別許可を持っているため、入れる場所も多いです。,"신카는 선별조지만, 조작조 특별 허가가 있어서, 들어갈 수 있는 곳도 많아요."
scene_day3_scenes_fab_day3_logic_6346ee10c065ccc051a489a1ecff7695.bundle,進操作組開始說明地窖故障調查事件,Say,シンカ･シェ,11,えっ、私を呼んだのはそのためですか……？,"네, 저를 부른 게 그것 때문이었어요……?"
scene_day3_scenes_fab_day3_logic_6346ee10c065ccc051a489a1ecff7695.bundle,進操作組開始說明地窖故障調查事件,Say,シュン･ゴ,46,はい、そうですが、どうかしましたか？,"네, 맞는데, 무슨 문제라도?"
scene_day3_scenes_fab_day3_logic_6346ee10c065ccc051a489a1ecff7695.bundle,進操作組開始說明地窖故障調查事件,Say,シンカ･シェ,12,い、いえ……,"아, 아뇨……"
scene_day3_scenes_fab_day3_logic_6346ee10c065ccc051a489a1ecff7695.bundle,進操作組開始說明地窖故障調查事件,Say,心の声,8,シンカもかなりショックを受けているようだ。,신카도 꽤 충격받은 것 같다.
scene_day3_scenes_fab_day3_logic_6346ee10c065ccc051a489a1ecff7695.bundle,進操作組開始說明地窖故障調查事件,Say,シヘイ･ヨウ,15,質問がある。どうやって干渉器の位置を特定したんだ？,질문 있어. 어떻게 방해 장치 위치를 특정한 거지?
scene_day3_scenes_fab_day3_logic_6346ee10c065ccc051a489a1ecff7695.bundle,進操作組開始說明地窖故障調查事件,Say,ジュジュ･ライ,26,ナイス質問！,좋은 질문!
scene_day3_scenes_fab_day3_logic_6346ee10c065ccc051a489a1ecff7695.bundle,進操作組開始說明地窖故障調查事件,Say,ジュジュ･ライ,27,ではでは、私のシミュレーションシステムを説明しよう！,"그럼그럼, 내 시뮬레이션 시스템을 설명해줄게!"
scene_day3_scenes_fab_day3_logic_6346ee10c065ccc051a489a1ecff7695.bundle,進操作組開始說明地窖故障調查事件,Say,ジュジュ･ライ,28,状況を把握した後、私はすぐに干渉器の場所をシミュレーションするモデルを作ったんだ。,"상황을 파악한 후, 나는 바로 방해 장치 위치를 시뮬레이션하는 모델을 만들었어."
scene_day3_scenes_fab_day3_logic_6346ee10c065ccc051a489a1ecff7695.bundle,進操作組開始說明地窖故障調查事件,Say,ジュジュ･ライ,29,過去に故障が起きた場所や……,과거에 고장이 났던 장소랑……
scene_day3_scenes_fab_day3_logic_6346ee10c065ccc051a489a1ecff7695.bundle,進操作組開始說明地窖故障調查事件,Say,パン･ロウ,42,僕が集めた資料を入れれば！,내가 모은 자료를 넣으면!
scene_day3_scenes_fab_day3_logic_6346ee10c065ccc051a489a1ecff7695.bundle,進操作組開始說明地窖故障調查事件,Say,ジュジュ･ライ,30,干渉器が設置されていそうな場所の確率を推測できる！,방해 장치가 설치되어 있을 것 같은 장소의 확률을 추측할 수 있어!
scene_day3_scenes_fab_day3_logic_6346ee10c065ccc051a489a1ecff7695.bundle,進操作組開始說明地窖故障調查事件,Say,心の声,9,彼らがさっきから特定とか言ってたのは、干渉器の場所だったのか。,"이 사람들이 아까부터 특정이니 뭐니 말하던 게, 방해 장치 위치였구나."
scene_day3_scenes_fab_day3_logic_6346ee10c065ccc051a489a1ecff7695.bundle,進操作組開始說明地窖故障調查事件,Branch,#Simple,37,確率ってことは、ハズレもあるってことですか？,"확률이라는 건, 꽝도 있다는 건가요?"
scene_day3_scenes_fab_day3_logic_6346ee10c065ccc051a489a1ecff7695.bundle,進操作組開始說明地窖故障調查事件,Say,シュン･ゴ,47,いえ、まずは確率が100%のエリアを探してもらいます。,"아뇨, 우선 확률이 100%인 구역을 찾아주시면 돼요."
scene_day3_scenes_fab_day3_logic_6346ee10c065ccc051a489a1ecff7695.bundle,進操作組開始說明地窖故障調查事件,Say,パン･ロウ,43,でもジュジュのことだから、ハズレの可能性も無きにしも非ずだけどね。,"근데 쥬쥬니까, 꽝일 가능성도 아예 없진 않지만."
scene_day3_scenes_fab_day3_logic_6346ee10c065ccc051a489a1ecff7695.bundle,進操作組開始說明地窖故障調查事件,Say,ジュジュ･ライ,31,はぁ？,뭐?
scene_day3_scenes_fab_day3_logic_6346ee10c065ccc051a489a1ecff7695.bundle,進操作組開始說明地窖故障調查事件,Branch,#Simple,38,設置されてそうな場所はいくつあるんですか？,설치되어 있을 것 같은 장소는 몇 군데예요?
scene_day3_scenes_fab_day3_logic_6346ee10c065ccc051a489a1ecff7695.bundle,進操作組開始說明地窖故障調查事件,Say,シュン･ゴ,48,13個です。ですが100%の場所は二つだけです。,13곳이에요. 근데 100%인 장소는 두 곳뿐이에요.
scene_day3_scenes_fab_day3_logic_6346ee10c065ccc051a489a1ecff7695.bundle,進操作組開始說明地窖故障調查事件,Branch,#Simple,39,……,……
scene_day3_scenes_fab_day3_logic_6346ee10c065ccc051a489a1ecff7695.bundle,進操作組開始說明地窖故障調查事件,Say,シュン･ゴ,49,確率が100%の場所なら、確実に干渉器が存在するはずです。,"확률이 100%인 장소라면, 확실히 방해 장치가 있을 거예요."
scene_day3_scenes_fab_day3_logic_6346ee10c065ccc051a489a1ecff7695.bundle,進操作組開始說明地窖故障調查事件,Say,パン･ロウ,44,でもさっきは100%なのに、ハズレを引いたんだろう？,"근데 아까는 100%였는데, 꽝 뽑았잖아?"
scene_day3_scenes_fab_day3_logic_6346ee10c065ccc051a489a1ecff7695.bundle,進操作組開始說明地窖故障調查事件,Say,パン･ロウ,45,操作組のオフィスにも干渉器があるって言ってたのに、全然見つからなかったもん。,"조작조 사무실에도 방해 장치가 있다고 했는데, 전혀 못 찾았잖아."
scene_day3_scenes_fab_day3_logic_6346ee10c065ccc051a489a1ecff7695.bundle,進操作組開始說明地窖故障調查事件,Say,ジュジュ･ライ,32,あれは、ただの例外よ！演算モデルを知ってるなら、例外が起きる可能性があることもわかるでしょう……,"그건, 그냥 예외야! 연산 모델을 알면, 예외가 생길 가능성이 있다는 것도 알잖아……"
scene_day3_scenes_fab_day3_logic_6346ee10c065ccc051a489a1ecff7695.bundle,進操作組開始說明地窖故障調查事件,Say,シヘイ･ヨウ,16,シュン、他の問題がなければ、もう探しに行ってもいいかな？,"슌, 다른 문제 없으면, 이제 찾으러 가도 될까?"
scene_day3_scenes_fab_day3_logic_6346ee10c065ccc051a489a1ecff7695.bundle,進操作組開始說明地窖故障調查事件,Say,心の声,10,シヘイが妙に急いでいるな。,시헤이가 묘하게 서두르는군.
scene_day3_scenes_fab_day3_logic_6346ee10c065ccc051a489a1ecff7695.bundle,進操作組開始說明地窖故障調查事件,Say,シヘイ･ヨウ,17,僕は、一刻も早く犯人を捕まえたい。,"나는, 한시라도 빨리 범인을 잡고 싶어."
scene_day3_scenes_fab_day3_logic_6346ee10c065ccc051a489a1ecff7695.bundle,進操作組開始說明地窖故障調查事件,Say,シュン･ゴ,50,落ち着いてください。さっきも言いましたが、あなたには作業員だけが入れる場所を頼みたいです。,"진정하세요. 아까도 말씀드렸지만, 당신한테는 작업자만 들어갈 수 있는 곳을 부탁드리고 싶어요."
scene_day3_scenes_fab_day3_logic_6346ee10c065ccc051a489a1ecff7695.bundle,進操作組開始說明地窖故障調查事件,Say,シュン･ゴ,51,でもこの二つの場所は、シンカとジェイが出入りできる場所なのです。,"근데 이 두 곳은, 신카랑 제이가 드나들 수 있는 곳이에요."
scene_day3_scenes_fab_day3_logic_6346ee10c065ccc051a489a1ecff7695.bundle,進操作組開始說明地窖故障調查事件,Say,シュン･ゴ,52,あなたに行ってもらう場所は、パンちゃんが探しているので待ってください。,"당신이 갈 곳은, 팡짱이 찾고 있으니까 기다려주세요."
scene_day3_scenes_fab_day3_logic_6346ee10c065ccc051a489a1ecff7695.bundle,進操作組開始說明地窖故障調查事件,Say,シヘイ･ヨウ,18,……わかった。急いでくれ、パンちゃん。,"……알았어. 서둘러줘, 팡짱."
scene_day3_scenes_fab_day3_logic_6346ee10c065ccc051a489a1ecff7695.bundle,進操作組開始說明地窖故障調查事件,Say,パン･ロウ,46,わ、わかってるよ！,"아, 알고 있어!"
scene_day3_scenes_fab_day3_logic_6346ee10c065ccc051a489a1ecff7695.bundle,進操作組開始說明地窖故障調查事件,Say,シンカ･シェ,13,あ、あの、私はここに残って手伝ってもいいですか？,"저, 저기, 저는 여기 남아서 도와도 될까요?"
scene_day3_scenes_fab_day3_logic_6346ee10c065ccc051a489a1ecff7695.bundle,進操作組開始說明地窖故障調查事件,Say,シュン･ゴ,53,え？どうしてですか？,어? 왜요?
scene_day3_scenes_fab_day3_logic_6346ee10c065ccc051a489a1ecff7695.bundle,進操作組開始說明地窖故障調查事件,Say,シンカ･シェ,14,えっと、その……,"그게, 저……"
scene_day3_scenes_fab_day3_logic_6346ee10c065ccc051a489a1ecff7695.bundle,進操作組開始說明地窖故障調查事件,Branch,#Simple,40,ここに残って、干渉器の場所を特定する人数を増やした方が、効率がいいと思います。,"여기 남아서, 방해 장치 위치를 특정하는 인원을 늘리는 게, 효율적일 것 같아요."
scene_day3_scenes_fab_day3_logic_6346ee10c065ccc051a489a1ecff7695.bundle,進操作組開始說明地窖故障調查事件,Say,シュン･ゴ,54,確かにそうですね。,확실히 그렇네요.
scene_day3_scenes_fab_day3_logic_6346ee10c065ccc051a489a1ecff7695.bundle,進操作組開始說明地窖故障調查事件,Branch,#Simple,41,シンカなら力になれるはずです。,신카라면 도움이 될 거예요.
scene_day3_scenes_fab_day3_logic_6346ee10c065ccc051a489a1ecff7695.bundle,進操作組開始說明地窖故障調查事件,Say,シュン･ゴ,55,ジェイがそう言うなら……,제이가 그렇게 말한다면……
scene_day3_scenes_fab_day3_logic_6346ee10c065ccc051a489a1ecff7695.bundle,進操作組開始說明地窖故障調查事件,Say,シュン･ゴ,56,そうだな……,그러게……
scene_day3_scenes_fab_day3_logic_6346ee10c065ccc051a489a1ecff7695.bundle,進操作組開始說明地窖故障調查事件,Say,ジュジュ･ライ,33,私、シンカに手伝ってもらいたい仕事があるんだよね。,"나, 신카가 도와줬으면 하는 일이 있는데."
scene_day3_scenes_fab_day3_logic_6346ee10c065ccc051a489a1ecff7695.bundle,進操作組開始說明地窖故障調查事件,Say,シュン･ゴ,57,わかりました。ではシンカはジュジュのサポートをお願いします。,알겠습니다. 그럼 신카는 쥬쥬를 도와주세요.
scene_day3_scenes_fab_day3_logic_6346ee10c065ccc051a489a1ecff7695.bundle,進操作組開始說明地窖故障調查事件,Say,シンカ･シェ,15,は、はい！,"네, 넵!"
scene_day3_scenes_fab_day3_logic_6346ee10c065ccc051a489a1ecff7695.bundle,進操作組開始說明地窖故障調查事件,Branch,#Simple,42,……,……
scene_day3_scenes_fab_day3_logic_6346ee10c065ccc051a489a1ecff7695.bundle,進操作組開始說明地窖故障調查事件,Say,シュン･ゴ,58,今は干渉器を外すことが最優先です。シンカはジェイやシヘイと一緒に行動してください。,지금은 방해 장치를 떼어내는 게 최우선이에요. 신카는 제이랑 시헤이랑 같이 움직여주세요.
scene_day3_scenes_fab_day3_logic_6346ee10c065ccc051a489a1ecff7695.bundle,進操作組開始說明地窖故障調查事件,Say,シンカ･シェ,16,そ、そうですよね……,"그, 그렇죠……"
scene_day3_scenes_fab_day3_logic_6346ee10c065ccc051a489a1ecff7695.bundle,進操作組開始說明地窖故障調查事件,Say,シンカ･シェ,17,今の話は忘れてください。ハハ……,방금 얘기는 잊어주세요. 하하……
scene_day3_scenes_fab_day3_logic_6346ee10c065ccc051a489a1ecff7695.bundle,進操作組開始說明地窖故障調查事件,Say,シュン･ゴ,59,では、始めましょう。,"그럼, 시작하죠."
scene_day3_scenes_fab_day3_logic_6346ee10c065ccc051a489a1ecff7695.bundle,進操作組開始說明地窖故障調查事件,Say,シュン･ゴ,60,カエ、ジェイはどこに行けばいいですか？,"카에, 제이는 어디로 가면 될까요?"
scene_day3_scenes_fab_day3_logic_6346ee10c065ccc051a489a1ecff7695.bundle,進操作組開始說明地窖故障調查事件,Say,カエ･チン,4,セラーのエレベーター出口のところに、干渉器が設置されている可能性が高い。,"저장고 엘리베이터 출구 쪽에, 방해 장치가 설치되어 있을 가능성이 높아."
scene_day3_scenes_fab_day3_logic_6346ee10c065ccc051a489a1ecff7695.bundle,進操作組開始說明地窖故障調查事件,Branch,#Simple,43,さっきシンカとそこを通りました。,아까 신카랑 거기 지나갔어요.
scene_day3_scenes_fab_day3_logic_6346ee10c065ccc051a489a1ecff7695.bundle,進操作組開始說明地窖故障調查事件,Say,パン･ロウ,47,え？マジで？時間を無駄にしたな……,어? 진짜? 시간 낭비했네……
scene_day3_scenes_fab_day3_logic_6346ee10c065ccc051a489a1ecff7695.bundle,進操作組開始說明地窖故障調查事件,Branch,#Simple,44,あんな所にもあるんですか？,그런 곳에도 있는 건가요?
scene_day3_scenes_fab_day3_logic_6346ee10c065ccc051a489a1ecff7695.bundle,進操作組開始說明地窖故障調查事件,Say,パン･ロウ,48,うん、どこにあっても不思議はないから、大変なんだよ。,"응, 어디 있어도 이상하지 않으니까, 힘든 거야."
scene_day3_scenes_fab_day3_logic_6346ee10c065ccc051a489a1ecff7695.bundle,進操作組開始說明地窖故障調查事件,Branch,#Simple,45,……,……
scene_day3_scenes_fab_day3_logic_6346ee10c065ccc051a489a1ecff7695.bundle,進操作組開始說明地窖故障調查事件,Say,シヘイ･ヨウ,19,待ってくれ。今、セラーのエレベーターって言ったのか……！？,"잠깐만. 지금, 저장고 엘리베이터라고 한 거야……!?"
scene_day3_scenes_fab_day3_logic_6346ee10c065ccc051a489a1ecff7695.bundle,進操作組開始說明地窖故障調查事件,Say,シヘイ･ヨウ,20,それは間違いないのか？,그거 확실한 거야?
scene_day3_scenes_fab_day3_logic_6346ee10c065ccc051a489a1ecff7695.bundle,進操作組開始說明地窖故障調查事件,Say,心の声,11,声を荒げてどうしたんだ？,언성을 높이다니 왜 그러지?
scene_day3_scenes_fab_day3_logic_6346ee10c065ccc051a489a1ecff7695.bundle,進操作組開始說明地窖故障調查事件,Say,カエ･チン,5,ジュジュのシミュレーションモデルが正しければ、そのはず。,"쥬쥬의 시뮬레이션 모델이 맞다면, 그럴 거야."
scene_day3_scenes_fab_day3_logic_6346ee10c065ccc051a489a1ecff7695.bundle,進操作組開始說明地窖故障調查事件,Say,ジュジュ･ライ,34,当たってるに決まってるでしょ！,당연히 맞지!
scene_day3_scenes_fab_day3_logic_6346ee10c065ccc051a489a1ecff7695.bundle,進操作組開始說明地窖故障調查事件,Say,シュン･ゴ,61,では、ここで解散しましょう。,"그럼, 여기서 해산하죠."
scene_day3_scenes_fab_day3_logic_6346ee10c065ccc051a489a1ecff7695.bundle,進操作組開始說明地窖故障調查事件,Say,シュン･ゴ,62,ジェイはエレベーターの干渉器を外してください。,제이는 엘리베이터의 방해 장치를 떼어내주세요.
scene_day3_scenes_fab_day3_logic_6346ee10c065ccc051a489a1ecff7695.bundle,進操作組開始說明地窖故障調查事件,Say,シュン･ゴ,63,終わったら次の場所を連絡します。その方が、効率がいいと思うので。,"끝나면 다음 장소를 연락드릴게요. 그게, 효율적일 것 같아서요."
scene_day3_scenes_fab_day3_logic_6346ee10c065ccc051a489a1ecff7695.bundle,進操作組開始說明地窖故障調查事件,Branch,#Simple,46,わかった。,알았어.
scene_day3_scenes_fab_day3_logic_6346ee10c065ccc051a489a1ecff7695.bundle,進操作組開始說明地窖故障調查事件,Branch,#Simple,47,待ってください。どうやって取り外すせって言うのですか？,잠깐만요. 어떻게 떼어내라는 거예요?
scene_day3_scenes_fab_day3_logic_6346ee10c065ccc051a489a1ecff7695.bundle,進操作組開始說明地窖故障調查事件,Say,シュン･ゴ,64,そんなに難しいことではありません。現場に着いたら、通信機で教えます。,"그렇게 어려운 건 아니에요. 현장에 도착하면, 통신기로 알려드릴게요."
scene_day3_scenes_fab_day3_logic_6346ee10c065ccc051a489a1ecff7695.bundle,進操作組開始說明地窖故障調查事件,Branch,#Simple,48,……,……
scene_day3_scenes_fab_day3_logic_6346ee10c065ccc051a489a1ecff7695.bundle,進操作組開始說明地窖故障調查事件,Say,パン･ロウ,49,でも干渉器を外すのは、結構時間がかかるよ。,"근데 방해 장치 떼어내는 거, 꽤 시간 걸려."
scene_day3_scenes_fab_day3_logic_6346ee10c065ccc051a489a1ecff7695.bundle,進操作組開始說明地窖故障調查事件,Say,パン･ロウ,50,最初のやつを外す時も十数分はかかったからね……,처음 거 떼어낼 때도 십몇 분은 걸렸으니까……
scene_day3_scenes_fab_day3_logic_6346ee10c065ccc051a489a1ecff7695.bundle,進操作組開始說明地窖故障調查事件,Say,シヘイ･ヨウ,21,……僕も一緒に行く。,……나도 같이 갈게.
scene_day3_scenes_fab_day3_logic_6346ee10c065ccc051a489a1ecff7695.bundle,進操作組開始說明地窖故障調查事件,Say,シュン･ゴ,65,シヘイ、あなたは作業員だけが入れる場所を……,"시헤이, 당신은 작업자만 들어갈 수 있는 곳을……"
scene_day3_scenes_fab_day3_logic_6346ee10c065ccc051a489a1ecff7695.bundle,進操作組開始說明地窖故障調查事件,Say,シヘイ･ヨウ,22,でも、作業員しか入れない場所をパンちゃんたちが、まだ見つけられてないだろう？,"근데, 작업자만 들어갈 수 있는 장소를 팡짱이, 아직 못 찾았잖아?"
scene_day3_scenes_fab_day3_logic_6346ee10c065ccc051a489a1ecff7695.bundle,進操作組開始說明地窖故障調查事件,Say,シュン･ゴ,66,……ああ。,……그래.
scene_day3_scenes_fab_day3_logic_6346ee10c065ccc051a489a1ecff7695.bundle,進操作組開始說明地窖故障調查事件,Say,シヘイ･ヨウ,23,僕が一緒にいれば、安全に干渉器を外せると思うんだ。僕はこういうのが専門だからさ。,"내가 같이 있으면, 안전하게 방해 장치를 뗄 수 있을 것 같아. 나는 이런 게 전문이니까."
scene_day3_scenes_fab_day3_logic_6346ee10c065ccc051a489a1ecff7695.bundle,進操作組開始說明地窖故障調查事件,Say,シヘイ･ヨウ,24,僕の作業を一回見れば、ジェイも簡単に一人で作業できると思うよ？,"내가 작업하는 거 한 번 보면, 제이도 쉽게 혼자 작업할 수 있을 거야."
scene_day3_scenes_fab_day3_logic_6346ee10c065ccc051a489a1ecff7695.bundle,進操作組開始說明地窖故障調查事件,Say,ジュジュ･ライ,35,なんだか、シヘイらしくないね。,"왠지, 시헤이답지 않네."
scene_day3_scenes_fab_day3_logic_6346ee10c065ccc051a489a1ecff7695.bundle,進操作組開始說明地窖故障調查事件,Say,シヘイ･ヨウ,25,どういうこと？,무슨 뜻이야?
scene_day3_scenes_fab_day3_logic_6346ee10c065ccc051a489a1ecff7695.bundle,進操作組開始說明地窖故障調查事件,Say,ジュジュ･ライ,36,こんな気の回る考え方、シヘイらしくないって言ったの。,"이렇게 신경 잘 쓰는 생각, 시헤이답지 않다고 한 거야."
scene_day3_scenes_fab_day3_logic_6346ee10c065ccc051a489a1ecff7695.bundle,進操作組開始說明地窖故障調查事件,Say,シヘイ･ヨウ,26,からかうのはやめてくれ……,놀리지 좀 마……
scene_day3_scenes_fab_day3_logic_6346ee10c065ccc051a489a1ecff7695.bundle,進操作組開始說明地窖故障調查事件,Say,ジュジュ･ライ,37,からかってない。私はあんたが変って言いたいだけ。,안 놀려. 나는 그냥 네가 이상하다고 말하고 싶은 것뿐이야.
scene_day3_scenes_fab_day3_logic_6346ee10c065ccc051a489a1ecff7695.bundle,進操作組開始說明地窖故障調查事件,Say,シヘイ･ヨウ,27,シュンは、僕がジェイと一緒に行動するのは賛成だろ？,"슌은, 내가 제이랑 같이 움직이는 거 찬성이지?"
scene_day3_scenes_fab_day3_logic_6346ee10c065ccc051a489a1ecff7695.bundle,進操作組開始說明地窖故障調查事件,Say,シュン･ゴ,67,……,……
scene_day3_scenes_fab_day3_logic_6346ee10c065ccc051a489a1ecff7695.bundle,進操作組開始說明地窖故障調查事件,Say,シュン･ゴ,68,わかりました。とりあえず今はそれで行きましょう。,알겠습니다. 일단 지금은 그걸로 하죠.
scene_day3_scenes_fab_day3_logic_6346ee10c065ccc051a489a1ecff7695.bundle,進操作組開始說明地窖故障調查事件,Say,シュン･ゴ,69,シンカが行く場所はまだ決まっていないので……,신카가 갈 장소는 아직 안 정해져서……
scene_day3_scenes_fab_day3_logic_6346ee10c065ccc051a489a1ecff7695.bundle,進操作組開始說明地窖故障調查事件,Say,シュン･ゴ,70,もう少し待ってください。,조금만 더 기다려주세요.
scene_day3_scenes_fab_day3_logic_6346ee10c065ccc051a489a1ecff7695.bundle,進操作組開始說明地窖故障調查事件,Say,シンカ･シェ,18,はい……,네……
scene_day3_scenes_fab_day3_logic_6346ee10c065ccc051a489a1ecff7695.bundle,進操作組開始說明地窖故障調查事件,Say,シュン･ゴ,71,ではお願いします。次の場所を通信機で追って連絡します。,그럼 부탁드릴게요. 다음 장소는 통신기로 추후 연락드릴게요.
scene_day3_scenes_fab_day3_logic_6346ee10c065ccc051a489a1ecff7695.bundle,進操作組開始說明地窖故障調查事件,Say,シヘイ･ヨウ,28,わかった。行こう、ジェイ。,"알았어. 가자, 제이."
scene_day3_scenes_fab_day3_logic_6346ee10c065ccc051a489a1ecff7695.bundle,進操作組開始說明地窖故障調查事件,Say,心の声,12,何を急いでいるんだ……,뭘 그렇게 서두르는 거지……
scene_day3_scenes_fab_day3_logic_6346ee10c065ccc051a489a1ecff7695.bundle,車子到站以後,Say,シヘイ･ヨウ,0,ジェイはここで待ってて。,제이는 여기서 기다리고 있어.
scene_day3_scenes_fab_day3_logic_6346ee10c065ccc051a489a1ecff7695.bundle,車子到站以後,Say,心の声,0,なんのことですか？,무슨 얘기죠?
scene_day3_scenes_fab_day3_logic_6346ee10c065ccc051a489a1ecff7695.bundle,車子到站以後,Say,シヘイ･ヨウ,1,干渉器を外したらすぐ戻るから。,간섭기 떼면 바로 돌아올 테니까.
scene_day3_scenes_fab_day3_logic_6346ee10c065ccc051a489a1ecff7695.bundle,車子到站以後,Branch,#Simple,0,わかった。,알았어.
scene_day3_scenes_fab_day3_logic_6346ee10c065ccc051a489a1ecff7695.bundle,車子到站以後,Say,シヘイ･ヨウ,2,ああ。,아.
scene_day3_scenes_fab_day3_logic_6346ee10c065ccc051a489a1ecff7695.bundle,車子到站以後,Branch,#Simple,1,どういう意味だ？,무슨 뜻이야?
scene_day3_scenes_fab_day3_logic_6346ee10c065ccc051a489a1ecff7695.bundle,車子到站以後,Branch,#Simple,2,断る。,거절합니다.
scene_day3_scenes_fab_day3_logic_6346ee10c065ccc051a489a1ecff7695.bundle,車子到站以後,Say,シヘイ･ヨウ,3,ただの干渉器だし、僕一人で余裕に外せる。,"그냥 간섭기고, 나 혼자서도 여유롭게 뗄 수 있어."
scene_day3_scenes_fab_day3_logic_6346ee10c065ccc051a489a1ecff7695.bundle,車子到站以後,Say,シヘイ･ヨウ,4,それに一人で行動した方が、効率がいいだろう？,"게다가 혼자 움직이는 편이, 효율적이잖아?"
scene_day3_scenes_fab_day3_logic_6346ee10c065ccc051a489a1ecff7695.bundle,車子到站以後,Branch,#Simple,3,わかった。,알았어.
scene_day3_scenes_fab_day3_logic_6346ee10c065ccc051a489a1ecff7695.bundle,車子到站以後,Say,シヘイ･ヨウ,5,ああ。,아.
scene_day3_scenes_fab_day3_logic_6346ee10c065ccc051a489a1ecff7695.bundle,車子到站以後,Branch,#Simple,4,外し方を教えてくれると言ったはずです。,떼는 방법을 알려주신다고 하셨을 텐데요.
scene_day3_scenes_fab_day3_logic_6346ee10c065ccc051a489a1ecff7695.bundle,車子到站以後,Say,シヘイ･ヨウ,6,それは次の場所にしよう。これは僕一人で大丈夫だから。,그건 다음 장소에서 하자. 이건 나 혼자서도 괜찮으니까.
scene_day3_scenes_fab_day3_logic_6346ee10c065ccc051a489a1ecff7695.bundle,車子到站以後,Say,シヘイ･ヨウ,7,こっちの方が、効率がいいんだよ。信じて。,"이쪽이, 더 효율적이야. 믿어줘."
scene_day3_scenes_fab_day3_logic_6346ee10c065ccc051a489a1ecff7695.bundle,車子到站以後,Branch,#Simple,5,そうは思いません。私も行きます。,그렇게 생각 안 해요. 저도 갈게요.
scene_day3_scenes_fab_day3_logic_6346ee10c065ccc051a489a1ecff7695.bundle,車子到站以後,Say,シヘイ･ヨウ,8,必要ないよ。,필요 없어.
scene_day3_scenes_fab_day3_logic_6346ee10c065ccc051a489a1ecff7695.bundle,車子到站以後,Say,心の声,1,……どうしてこんなにも頑なに嫌がるんだ？,……왜 이렇게까지 완강하게 싫어하는 거지?
scene_day3_scenes_fab_day3_logic_6346ee10c065ccc051a489a1ecff7695.bundle,車子到站以後,Say,シヘイ･ヨウ,9,僕一人で大丈夫だから。,나 혼자서도 괜찮으니까.
scene_day3_scenes_fab_day3_logic_6346ee10c065ccc051a489a1ecff7695.bundle,車子到站以後,Branch,#Simple,6,わかった。,알았어.
scene_day3_scenes_fab_day3_logic_6346ee10c065ccc051a489a1ecff7695.bundle,車子到站以後,Say,シヘイ･ヨウ,10,ありがとう……,고마워……
scene_day3_scenes_fab_day3_logic_6346ee10c065ccc051a489a1ecff7695.bundle,車子到站以後,Branch,#Simple,7,何がしたいんですか？,뭘 하려는 거예요?
scene_day3_scenes_fab_day3_logic_6346ee10c065ccc051a489a1ecff7695.bundle,車子到站以後,Branch,#Simple,8,シヘイ、何かあったんですか？,"시헤이, 무슨 일 있어요?"
scene_day3_scenes_fab_day3_logic_6346ee10c065ccc051a489a1ecff7695.bundle,車子到站以後,Say,シヘイ･ヨウ,11,……,……
scene_day3_scenes_fab_day3_logic_6346ee10c065ccc051a489a1ecff7695.bundle,車子到站以後,Say,シヘイ･ヨウ,12,お願いだ、ジェイ。ここで待っててくれ。,"부탁이야, 제이. 여기서 기다려줘."
scene_day3_scenes_fab_day3_logic_6346ee10c065ccc051a489a1ecff7695.bundle,車子到站以後,Say,シヘイ･ヨウ,13,ここは僕一人で行きたい。,여긴 나 혼자 가고 싶어.
scene_day3_scenes_fab_day3_logic_6346ee10c065ccc051a489a1ecff7695.bundle,車子到站以後,Say,シヘイ･ヨウ,14,お願いします。,부탁드릴게요.
scene_day3_scenes_fab_day3_logic_6346ee10c065ccc051a489a1ecff7695.bundle,車子到站以後,Say,心の声,2,急にどうしたんだ……,갑자기 왜 이러는 거지……
scene_day3_scenes_fab_day3_logic_6346ee10c065ccc051a489a1ecff7695.bundle,車子到站以後,Branch,#Simple,9,……,……
scene_day3_scenes_fab_day3_logic_6346ee10c065ccc051a489a1ecff7695.bundle,車子到站以後,Say,シヘイ･ヨウ,15,じゃ、すぐ戻ってくるから。,"그럼, 금방 돌아올 테니까."
scene_day3_scenes_fab_day3_logic_6346ee10c065ccc051a489a1ecff7695.bundle,跟許大哥小楊一起上車,Say,シヘイ･ヨウ,0,……,……
scene_day3_scenes_fab_day3_logic_6346ee10c065ccc051a489a1ecff7695.bundle,跟許大哥小楊一起上車,Say,セラ･キョウ,0,……,……
scene_day3_scenes_fab_day3_logic_6346ee10c065ccc051a489a1ecff7695.bundle,跟許大哥小楊一起上車,Say,心の声,0,重たい空気だ……,무거운 분위기다……
scene_day3_scenes_fab_day3_logic_6346ee10c065ccc051a489a1ecff7695.bundle,跟許大哥小楊一起上車,Say,セラ･キョウ,1,……行こう。,……가자.
scene_day3_scenes_fab_day3_logic_6346ee10c065ccc051a489a1ecff7695.bundle,下車剛好采欣也到,Say,シンカ･シェ,0,よう！,야!
scene_day3_scenes_fab_day3_logic_6346ee10c065ccc051a489a1ecff7695.bundle,下車剛好采欣也到,Say,シンカ･シェ,1,お二人も今戻ったのですね。,두 분도 이제 돌아오신 거네요.
scene_day3_scenes_fab_day3_logic_6346ee10c065ccc051a489a1ecff7695.bundle,下車剛好采欣也到,Say,シンカ･シェ,2,無駄足になっちゃいましたね……,헛걸음이 됐네요……
scene_day3_scenes_fab_day3_logic_6346ee10c065ccc051a489a1ecff7695.bundle,下車剛好采欣也到,Branch,#Simple,0,同感です。,동감이에요.
scene_day3_scenes_fab_day3_logic_6346ee10c065ccc051a489a1ecff7695.bundle,下車剛好采欣也到,Branch,#Simple,1,手間が省けてよかったです。,수고를 덜어서 다행이에요.
scene_day3_scenes_fab_day3_logic_6346ee10c065ccc051a489a1ecff7695.bundle,下車剛好采欣也到,Say,シンカ･シェ,3,アハハ……,아하하……
scene_day3_scenes_fab_day3_logic_6346ee10c065ccc051a489a1ecff7695.bundle,下車剛好采欣也到,Branch,#Simple,2,……,……
scene_day3_scenes_fab_day3_logic_6346ee10c065ccc051a489a1ecff7695.bundle,下車剛好采欣也到,Say,シンカ･シェ,4,あれ、セラさんも一緒ですか？,"어, 세라 씨도 같이 오신 거예요?"
scene_day3_scenes_fab_day3_logic_6346ee10c065ccc051a489a1ecff7695.bundle,下車剛好采欣也到,Say,セラ･キョウ,0,……シンカ、詳しい話は中でする。,"……신카, 자세한 얘기는 안에서 하지."
scene_day3_scenes_fab_day3_logic_6346ee10c065ccc051a489a1ecff7695.bundle,下車剛好采欣也到,Say,シンカ･シェ,5,あ、はい……,"아, 네……"
scene_day3_scenes_fab_day3_logic_6346ee10c065ccc051a489a1ecff7695.bundle,下車剛好采欣也到,Say,シンカ･シェ,6,……？,……?
scene_day3_scenes_fab_day3_logic_6346ee10c065ccc051a489a1ecff7695.bundle,跟采欣搭地窖電梯回去,Say,シンカ･シェ,0,……,……
scene_day3_scenes_fab_day3_logic_6346ee10c065ccc051a489a1ecff7695.bundle,跟采欣搭地窖電梯回去,Say,シンカ･シェ,1,……,……
scene_day3_scenes_fab_day3_logic_6346ee10c065ccc051a489a1ecff7695.bundle,跟采欣搭地窖電梯回去,Say,シンカ･シェ,2,修理ロボットがいないから、エレベーターもさっきよりは安全のはずです。,"수리 로봇이 없으니까, 엘리베이터도 아까보다는 안전할 거예요."
scene_day3_scenes_fab_day3_logic_6346ee10c065ccc051a489a1ecff7695.bundle,跟采欣搭地窖電梯回去,Say,シンカ･シェ,3,きっともう揺れたりしないはずです。,분명 이제 흔들리거나 하진 않을 거예요.
scene_day3_scenes_fab_day3_logic_6346ee10c065ccc051a489a1ecff7695.bundle,跟采欣搭地窖電梯回去,Branch,#Simple,0,油断してると危ないぞ。,방심하면 위험해.
scene_day3_scenes_fab_day3_logic_6346ee10c065ccc051a489a1ecff7695.bundle,跟采欣搭地窖電梯回去,Say,シンカ･シェ,4,や、やめてください！また怖くなってくるじゃないですか……,"그, 그러지 마세요! 또 무서워지잖아요……"
scene_day3_scenes_fab_day3_logic_6346ee10c065ccc051a489a1ecff7695.bundle,跟采欣搭地窖電梯回去,Branch,#Simple,1,ああ、もう揺れる心配はないはずだ。,"그래, 이제 흔들릴 걱정은 없을 거야."
scene_day3_scenes_fab_day3_logic_6346ee10c065ccc051a489a1ecff7695.bundle,跟采欣搭地窖電梯回去,Say,シンカ･シェ,5,やった！,됐다!
scene_day3_scenes_fab_day3_logic_6346ee10c065ccc051a489a1ecff7695.bundle,跟采欣搭地窖電梯回去,Branch,#Simple,2,……,……
scene_day3_scenes_fab_day3_logic_6346ee10c065ccc051a489a1ecff7695.bundle,跟采欣搭地窖電梯回去,Say,シンカ･シェ,6,あれ？でもまだいつもより速く感じます。,어라? 근데 아직 평소보다 빠르게 느껴져요.
scene_day3_scenes_fab_day3_logic_6346ee10c065ccc051a489a1ecff7695.bundle,跟采欣搭地窖電梯回去,Branch,#Simple,3,気のせいじゃないか？,기분 탓 아니야?
scene_day3_scenes_fab_day3_logic_6346ee10c065ccc051a489a1ecff7695.bundle,跟采欣搭地窖電梯回去,Say,シンカ･シェ,7,本当ですよ！,진짜라니까요!
scene_day3_scenes_fab_day3_logic_6346ee10c065ccc051a489a1ecff7695.bundle,跟采欣搭地窖電梯回去,Branch,#Simple,4,確かに。,확실히.
scene_day3_scenes_fab_day3_logic_6346ee10c065ccc051a489a1ecff7695.bundle,跟采欣搭地窖電梯回去,Say,シンカ･シェ,8,でしょう？,그치?
scene_day3_scenes_fab_day3_logic_6346ee10c065ccc051a489a1ecff7695.bundle,跟采欣搭地窖電梯回去,Branch,#Simple,5,……,……
scene_day3_scenes_fab_day3_logic_6346ee10c065ccc051a489a1ecff7695.bundle,跟采欣搭地窖電梯回去,Say,シンカ･シェ,9,多分、スピードの調整をして速くしたんですよ。,"아마, 속도 조정을 해서 빠르게 만든 거예요."
scene_day3_scenes_fab_day3_logic_6346ee10c065ccc051a489a1ecff7695.bundle,跟采欣搭地窖電梯回去,Branch,#Simple,6,そうかもしれない。,그럴지도 모르지.
scene_day3_scenes_fab_day3_logic_6346ee10c065ccc051a489a1ecff7695.bundle,跟采欣搭地窖電梯回去,Branch,#Simple,7,そんな簡単に、エレベーターのスピードを上げられるものなのか？,"그렇게 간단하게, 엘리베이터 속도를 올릴 수 있는 건가?"
scene_day3_scenes_fab_day3_logic_6346ee10c065ccc051a489a1ecff7695.bundle,跟采欣搭地窖電梯回去,Say,シンカ･シェ,10,簡単なことではないと思いますが、今回の全エリアの修理による影響かと思います。,"간단한 건 아니라고 생각하는데, 이번 전 구역 수리로 인한 영향인 것 같아요."
scene_day3_scenes_fab_day3_logic_6346ee10c065ccc051a489a1ecff7695.bundle,跟采欣搭地窖電梯回去,Say,シンカ･シェ,11,とてもじゃないですが、あまりにも遅すぎて効率が良いとは言えなかったですから。,"도저히, 너무 느려서 효율이 좋다고는 할 수 없었으니까요."
scene_day3_scenes_fab_day3_logic_6346ee10c065ccc051a489a1ecff7695.bundle,跟采欣搭地窖電梯回去,Say,心の声,0,確かにそうだな。,확실히 그러네.
scene_day3_scenes_fab_day3_logic_6346ee10c065ccc051a489a1ecff7695.bundle,跟采欣搭地窖電梯回去,Branch,#Simple,8,……,……
scene_day3_scenes_fab_day3_logic_6346ee10c065ccc051a489a1ecff7695.bundle,跟采欣搭地窖電梯回去,Say,シンカ･シェ,12,……,……
scene_day3_scenes_fab_day3_logic_6346ee10c065ccc051a489a1ecff7695.bundle,跟采欣搭地窖電梯回去,Say,シンカ･シェ,13,……,……
scene_day3_scenes_fab_day3_logic_6346ee10c065ccc051a489a1ecff7695.bundle,跟采欣搭地窖電梯回去,Say,シンカ･シェ,14,ねえ、ジェイさん。,"저기, 제이 씨."
scene_day3_scenes_fab_day3_logic_6346ee10c065ccc051a489a1ecff7695.bundle,跟采欣搭地窖電梯回去,Say,シンカ･シェ,15,シヘイさん、大丈夫でしょうか……？,"시헤이 씨, 괜찮을까요……?"
scene_day3_scenes_fab_day3_logic_6346ee10c065ccc051a489a1ecff7695.bundle,跟采欣搭地窖電梯回去,Branch,#Simple,9,ストレスが溜まっているだけじゃないか？,그냥 스트레스가 쌓인 거 아니야?
scene_day3_scenes_fab_day3_logic_6346ee10c065ccc051a489a1ecff7695.bundle,跟采欣搭地窖電梯回去,Say,シンカ･シェ,16,それは違うと思います……,그건 아닌 것 같아요……
scene_day3_scenes_fab_day3_logic_6346ee10c065ccc051a489a1ecff7695.bundle,跟采欣搭地窖電梯回去,Say,シンカ･シェ,17,今日だけが変なんですよ。,오늘만 이상한 거예요.
scene_day3_scenes_fab_day3_logic_6346ee10c065ccc051a489a1ecff7695.bundle,跟采欣搭地窖電梯回去,Branch,#Simple,10,今日は特にストレスが溜まっているとか？,오늘은 특히 스트레스가 쌓였다든가?
scene_day3_scenes_fab_day3_logic_6346ee10c065ccc051a489a1ecff7695.bundle,跟采欣搭地窖電梯回去,Say,シンカ･シェ,18,え、そんな単純なことでしょうか？,"네, 그렇게 단순한 걸까요?"
scene_day3_scenes_fab_day3_logic_6346ee10c065ccc051a489a1ecff7695.bundle,跟采欣搭地窖電梯回去,Branch,#Simple,11,シンカはどう思う？,신카는 어떻게 생각해?
scene_day3_scenes_fab_day3_logic_6346ee10c065ccc051a489a1ecff7695.bundle,跟采欣搭地窖電梯回去,Say,シンカ･シェ,19,彼は何かを心配しているように見えます。,"그 사람, 뭔가를 걱정하고 있는 것처럼 보여요."
scene_day3_scenes_fab_day3_logic_6346ee10c065ccc051a489a1ecff7695.bundle,跟采欣搭地窖電梯回去,Branch,#Simple,12,……,……
scene_day3_scenes_fab_day3_logic_6346ee10c065ccc051a489a1ecff7695.bundle,跟采欣搭地窖電梯回去,Branch,#Simple,13,何かを隠そうとしていた感じだった。,뭔가를 숨기려고 하는 느낌이었어.
scene_day3_scenes_fab_day3_logic_6346ee10c065ccc051a489a1ecff7695.bundle,跟采欣搭地窖電梯回去,Say,シンカ･シェ,20,はい！私もそう思います。,네! 저도 그렇게 생각해요.
scene_day3_scenes_fab_day3_logic_6346ee10c065ccc051a489a1ecff7695.bundle,跟采欣搭地窖電梯回去,Say,シンカ･シェ,21,彼は何かを心配しているように見えます。,"그 사람, 뭔가를 걱정하고 있는 것처럼 보여요."
scene_day3_scenes_fab_day3_logic_6346ee10c065ccc051a489a1ecff7695.bundle,跟采欣搭地窖電梯回去,Branch,#Simple,14,別に大丈夫じゃか？,딱히 괜찮은 거 아니야?
scene_day3_scenes_fab_day3_logic_6346ee10c065ccc051a489a1ecff7695.bundle,跟采欣搭地窖電梯回去,Say,シンカ･シェ,22,そうでしょうか……,그럴까요……
scene_day3_scenes_fab_day3_logic_6346ee10c065ccc051a489a1ecff7695.bundle,跟采欣搭地窖電梯回去,Say,シンカ･シェ,23,確かに私の考えすぎかもしれませんね！,확실히 제 지나친 생각일지도 모르겠네요!
scene_day3_scenes_fab_day3_logic_6346ee10c065ccc051a489a1ecff7695.bundle,跟采欣搭地窖電梯回去,Say,シンカ･シェ,24,あ、もう着きますね。,"아, 곧 도착하네요."
scene_day3_scenes_fab_day3_logic_6346ee10c065ccc051a489a1ecff7695.bundle,跟采欣搭地窖電梯回去,Say,シンカ･シェ,25,ほら、やっぱりいつもより速いですよ！,"거 봐요, 역시 평소보다 빨라요!"
scene_day3_scenes_fab_day3_logic_6346ee10c065ccc051a489a1ecff7695.bundle,跟采欣搭地窖電梯回去,Say,シンカ･シェ,26,じゃ、また後で会いましょう。,"그럼, 나중에 또 봐요."
scene_day3_scenes_fab_day3_logic_6346ee10c065ccc051a489a1ecff7695.bundle,跟采欣搭地窖電梯回去,Say,シンカ･シェ,27,じゃあね。,안녕히.
scene_day3_scenes_fab_day3_logic_6346ee10c065ccc051a489a1ecff7695.bundle,跟采欣搭地窖電梯回去,Branch,#Simple,15,お疲れ様でした。,수고하셨습니다.
scene_day3_scenes_fab_day3_logic_6346ee10c065ccc051a489a1ecff7695.bundle,跟采欣搭地窖電梯回去,Branch,#Simple,16,……,……
scene_day3_scenes_fab_day3_logic_6346ee10c065ccc051a489a1ecff7695.bundle,跟采欣搭地窖電梯回去,Say,シンカ･シェ,28,……,……
scene_day3_scenes_fab_day3_logic_6346ee10c065ccc051a489a1ecff7695.bundle,跟采欣搭地窖電梯回去,Say,シンカ･シェ,29,……,……
scene_day3_scenes_fab_day3_logic_6346ee10c065ccc051a489a1ecff7695.bundle,跟采欣搭地窖電梯回去,Say,シンカ･シェ,30,シヘイさん、大丈夫でしょうか……？,"시헤이 씨, 괜찮을까요……?"
scene_day3_scenes_fab_day3_logic_6346ee10c065ccc051a489a1ecff7695.bundle,跟采欣搭地窖電梯回去,Say,シンカ･シェ,31,さっきは何も言ってませんでしたが……,아까는 아무 말도 안 했지만……
scene_day3_scenes_fab_day3_logic_6346ee10c065ccc051a489a1ecff7695.bundle,跟采欣搭地窖電梯回去,Say,シンカ･シェ,32,きっとセラさんのことがショックで……,분명 세라 씨 일로 충격받아서……
scene_day3_scenes_fab_day3_logic_6346ee10c065ccc051a489a1ecff7695.bundle,跟采欣搭地窖電梯回去,Branch,#Simple,17,彼も大人だ、自分で立ち直るはずだ。,"그 사람도 어른이야, 스스로 극복할 거야."
scene_day3_scenes_fab_day3_logic_6346ee10c065ccc051a489a1ecff7695.bundle,跟采欣搭地窖電梯回去,Say,シンカ･シェ,33,でも……,하지만……
scene_day3_scenes_fab_day3_logic_6346ee10c065ccc051a489a1ecff7695.bundle,跟采欣搭地窖電梯回去,Branch,#Simple,18,助けが必要なら、言うはずだ。,"도움이 필요하면, 말하겠지."
scene_day3_scenes_fab_day3_logic_6346ee10c065ccc051a489a1ecff7695.bundle,跟采欣搭地窖電梯回去,Say,シンカ･シェ,34,そうならいいのですが……,그러면 좋겠지만요……
scene_day3_scenes_fab_day3_logic_6346ee10c065ccc051a489a1ecff7695.bundle,跟采欣搭地窖電梯回去,Branch,#Simple,19,もう少し彼に優しく接するべきかもしれない。,좀 더 그 사람한테 다정하게 대해야 할지도 몰라.
scene_day3_scenes_fab_day3_logic_6346ee10c065ccc051a489a1ecff7695.bundle,跟采欣搭地窖電梯回去,Say,シンカ･シェ,35,はい、そうですね！,"네, 그러네요!"
scene_day3_scenes_fab_day3_logic_6346ee10c065ccc051a489a1ecff7695.bundle,跟采欣搭地窖電梯回去,Say,心の声,1,一度誰かがシヘイとちゃんと話した方が良さそうだな。,한번 누군가가 시헤이랑 제대로 얘기해보는 게 좋을 것 같군.
scene_day3_scenes_fab_day3_logic_6346ee10c065ccc051a489a1ecff7695.bundle,跟采欣搭地窖電梯回去,Say,シンカ･シェ,36,彼がセラさんを尊敬していることは、皆知っています。今後彼が、セラさんのことをどう思っていくのか……,"그 사람이 세라 씨를 존경하는 건, 다들 알고 있어요. 앞으로 그 사람이, 세라 씨를 어떻게 생각하게 될지……"
scene_day3_scenes_fab_day3_logic_6346ee10c065ccc051a489a1ecff7695.bundle,跟采欣搭地窖電梯回去,Branch,#Simple,20,どうしてそんなに彼が心配なんだ？,왜 그렇게 그 사람이 걱정되는 거야?
scene_day3_scenes_fab_day3_logic_6346ee10c065ccc051a489a1ecff7695.bundle,跟采欣搭地窖電梯回去,Say,シンカ･シェ,37,……,……
scene_day3_scenes_fab_day3_logic_6346ee10c065ccc051a489a1ecff7695.bundle,跟采欣搭地窖電梯回去,Say,シンカ･シェ,38,多分、彼に同じものを感じたからかもしれません……,"아마, 그 사람한테서 비슷한 걸 느껴서일지도 몰라요……"
scene_day3_scenes_fab_day3_logic_6346ee10c065ccc051a489a1ecff7695.bundle,跟采欣搭地窖電梯回去,Say,シンカ･シェ,39,私にも尊敬している人がいます。彼から認められるのが目標でした……,저한테도 존경하는 사람이 있어요. 그 사람한테 인정받는 게 목표였어요……
scene_day3_scenes_fab_day3_logic_6346ee10c065ccc051a489a1ecff7695.bundle,跟采欣搭地窖電梯回去,Branch,#Simple,21,シュン･ゴか？,슌 고 말이야?
scene_day3_scenes_fab_day3_logic_6346ee10c065ccc051a489a1ecff7695.bundle,跟采欣搭地窖電梯回去,Say,シンカ･シェ,40,……はい。,……네.
scene_day3_scenes_fab_day3_logic_6346ee10c065ccc051a489a1ecff7695.bundle,跟采欣搭地窖電梯回去,Branch,#Simple,22,どうして彼なんだ？,왜 그 사람인 거야?
scene_day3_scenes_fab_day3_logic_6346ee10c065ccc051a489a1ecff7695.bundle,跟采欣搭地窖電梯回去,Branch,#Simple,23,イーちゃんが可哀想だな！,이짱이 불쌍하네!
scene_day3_scenes_fab_day3_logic_6346ee10c065ccc051a489a1ecff7695.bundle,跟采欣搭地窖電梯回去,Say,シンカ･シェ,41,い、いいえ、違います！,"아, 아뇨, 아니에요!"
scene_day3_scenes_fab_day3_logic_6346ee10c065ccc051a489a1ecff7695.bundle,跟采欣搭地窖電梯回去,Branch,#Simple,24,……,……
scene_day3_scenes_fab_day3_logic_6346ee10c065ccc051a489a1ecff7695.bundle,跟采欣搭地窖電梯回去,Say,シンカ･シェ,42,私はシヘイさんとは少し違います。私はシュンさんが凄いエンジニアであることを知っています。,저는 시헤이 씨랑은 좀 달라요. 저는 슌 씨가 대단한 엔지니어라는 걸 알고 있어요.
scene_day3_scenes_fab_day3_logic_6346ee10c065ccc051a489a1ecff7695.bundle,跟采欣搭地窖電梯回去,Say,シンカ･シェ,43,だからそんな凄い人に認められれば、私も価値のある人間になれる……,"그래서 그런 대단한 사람한테 인정받으면, 저도 가치 있는 사람이 될 수 있을 거라고……"
scene_day3_scenes_fab_day3_logic_6346ee10c065ccc051a489a1ecff7695.bundle,跟采欣搭地窖電梯回去,Say,シンカ･シェ,44,……そう思ってるだけです。,……그렇게 생각하고 있을 뿐이에요.
scene_day3_scenes_fab_day3_logic_6346ee10c065ccc051a489a1ecff7695.bundle,跟采欣搭地窖電梯回去,Branch,#Simple,25,他人の評価に依存するのは良くない。,남의 평가에 의존하는 건 좋지 않아.
scene_day3_scenes_fab_day3_logic_6346ee10c065ccc051a489a1ecff7695.bundle,跟采欣搭地窖電梯回去,Say,シンカ･シェ,45,……でも他人に認められてもいないのに、勝手に自信とプライドだけを身につけるのも、違うと思いませんか？,"……근데 남한테 인정도 못 받았는데, 멋대로 자신감이랑 자존심만 갖는 것도, 이상하다고 생각하지 않아요?"
scene_day3_scenes_fab_day3_logic_6346ee10c065ccc051a489a1ecff7695.bundle,跟采欣搭地窖電梯回去,Say,シンカ･シェ,46,ボーちゃんみたいになっちゃいます……,보짱처럼 돼버려요……
scene_day3_scenes_fab_day3_logic_6346ee10c065ccc051a489a1ecff7695.bundle,跟采欣搭地窖電梯回去,Branch,#Simple,26,ハハハ、そうだな！,"하하하, 그러네!"
scene_day3_scenes_fab_day3_logic_6346ee10c065ccc051a489a1ecff7695.bundle,跟采欣搭地窖電梯回去,Say,シンカ･シェ,47,フフッ！,후훗!
scene_day3_scenes_fab_day3_logic_6346ee10c065ccc051a489a1ecff7695.bundle,跟采欣搭地窖電梯回去,Branch,#Simple,27,上手くバランスを取るべきだな。,잘 균형을 맞춰야겠네.
scene_day3_scenes_fab_day3_logic_6346ee10c065ccc051a489a1ecff7695.bundle,跟采欣搭地窖電梯回去,Say,シンカ･シェ,48,はい、そうですね。,"네, 그러네요."
scene_day3_scenes_fab_day3_logic_6346ee10c065ccc051a489a1ecff7695.bundle,跟采欣搭地窖電梯回去,Branch,#Simple,28,……,……
scene_day3_scenes_fab_day3_logic_6346ee10c065ccc051a489a1ecff7695.bundle,跟采欣搭地窖電梯回去,Branch,#Simple,29,俺もそう思っている。,나도 그렇게 생각하고 있어.
scene_day3_scenes_fab_day3_logic_6346ee10c065ccc051a489a1ecff7695.bundle,跟采欣搭地窖電梯回去,Say,シンカ･シェ,49,本当ですか！？,정말요!?
scene_day3_scenes_fab_day3_logic_6346ee10c065ccc051a489a1ecff7695.bundle,跟采欣搭地窖電梯回去,Say,シンカ･シェ,50,ジェイさんって……,제이 씨는……
scene_day3_scenes_fab_day3_logic_6346ee10c065ccc051a489a1ecff7695.bundle,跟采欣搭地窖電梯回去,Branch,#Simple,30,ん？,응?
scene_day3_scenes_fab_day3_logic_6346ee10c065ccc051a489a1ecff7695.bundle,跟采欣搭地窖電梯回去,Branch,#Simple,31,……,……
scene_day3_scenes_fab_day3_logic_6346ee10c065ccc051a489a1ecff7695.bundle,跟采欣搭地窖電梯回去,Say,シンカ･シェ,51,とても冷静な人ですね。,정말 침착한 사람이네요.
scene_day3_scenes_fab_day3_logic_6346ee10c065ccc051a489a1ecff7695.bundle,跟采欣搭地窖電梯回去,Say,シンカ･シェ,52,あんまり他人の言葉に動揺しない人だと思って。,별로 남 말에 동요하지 않는 사람이라고 생각해서요.
scene_day3_scenes_fab_day3_logic_6346ee10c065ccc051a489a1ecff7695.bundle,跟采欣搭地窖電梯回去,Branch,#Simple,32,誉め言葉として受け取っておく、ありがとう。,"칭찬으로 받아들일게, 고마워."
scene_day3_scenes_fab_day3_logic_6346ee10c065ccc051a489a1ecff7695.bundle,跟采欣搭地窖電梯回去,Say,シンカ･シェ,53,フフッ！,후훗!
scene_day3_scenes_fab_day3_logic_6346ee10c065ccc051a489a1ecff7695.bundle,跟采欣搭地窖電梯回去,Branch,#Simple,33,確かにそうかもしれない。,확실히 그럴지도 모르겠다.
scene_day3_scenes_fab_day3_logic_6346ee10c065ccc051a489a1ecff7695.bundle,跟采欣搭地窖電梯回去,Branch,#Simple,34,……,……
scene_day3_scenes_fab_day3_logic_6346ee10c065ccc051a489a1ecff7695.bundle,跟采欣搭地窖電梯回去,Branch,#Simple,35,……,……
scene_day3_scenes_fab_day3_logic_6346ee10c065ccc051a489a1ecff7695.bundle,跟采欣搭地窖電梯回去,Branch,#Simple,36,それは誰のことだ？,그건 누구 얘기지?
scene_day3_scenes_fab_day3_logic_6346ee10c065ccc051a489a1ecff7695.bundle,跟采欣搭地窖電梯回去,Say,シンカ･シェ,54,い、いえ、別に特定の誰かというわけではないです。,"아, 아뇨, 딱히 특정 누구를 말하는 건 아니에요."
scene_day3_scenes_fab_day3_logic_6346ee10c065ccc051a489a1ecff7695.bundle,跟采欣搭地窖電梯回去,Branch,#Simple,37,……,……
scene_day3_scenes_fab_day3_logic_6346ee10c065ccc051a489a1ecff7695.bundle,跟采欣搭地窖電梯回去,Branch,#Simple,38,いずれにせよ、前を向くしかない。,"어쨌든, 앞을 보고 나아갈 수밖에 없지."
scene_day3_scenes_fab_day3_logic_6346ee10c065ccc051a489a1ecff7695.bundle,跟采欣搭地窖電梯回去,Say,シンカ･シェ,55,ハハ、そうですね……,"하하, 그러네요……"
scene_day3_scenes_fab_day3_logic_6346ee10c065ccc051a489a1ecff7695.bundle,跟采欣搭地窖電梯回去,Branch,#Simple,39,……,……
scene_day3_scenes_fab_day3_logic_6346ee10c065ccc051a489a1ecff7695.bundle,跟采欣搭地窖電梯回去,Say,シンカ･シェ,56,そうだ！さっきはシュンさんを説得してくれて、ありがとうございました。,"맞다! 아까 슌 씨를 설득해줘서, 고마웠어요."
scene_day3_scenes_fab_day3_logic_6346ee10c065ccc051a489a1ecff7695.bundle,跟采欣搭地窖電梯回去,Branch,#Simple,40,そんなことしてたか？,그런 거 했었나?
scene_day3_scenes_fab_day3_logic_6346ee10c065ccc051a489a1ecff7695.bundle,跟采欣搭地窖電梯回去,Say,シンカ･シェ,57,はい、オフィスに残った方がいいって言ってくれました。,"네, 사무실에 남는 게 좋다고 말해줬잖아요."
scene_day3_scenes_fab_day3_logic_6346ee10c065ccc051a489a1ecff7695.bundle,跟采欣搭地窖電梯回去,Branch,#Simple,41,大した事はしていません。,별거 안 했어요.
scene_day3_scenes_fab_day3_logic_6346ee10c065ccc051a489a1ecff7695.bundle,跟采欣搭地窖電梯回去,Say,シンカ･シェ,58,大したことですよ！,대단한 거라고요!
scene_day3_scenes_fab_day3_logic_6346ee10c065ccc051a489a1ecff7695.bundle,跟采欣搭地窖電梯回去,Branch,#Simple,42,……,……
scene_day3_scenes_fab_day3_logic_6346ee10c065ccc051a489a1ecff7695.bundle,跟采欣搭地窖電梯回去,Say,シンカ･シェ,59,ジェイさんのあの言葉がなければ、シュンさんは私を干渉器の解除に行かせたと思います。,"제이 씨의 그 말이 없었으면, 슌 씨는 저를 방해 장치 해제하러 보냈을 거예요."
scene_day3_scenes_fab_day3_logic_6346ee10c065ccc051a489a1ecff7695.bundle,跟采欣搭地窖電梯回去,Say,シンカ･シェ,60,そうなっていたら、本当にただのパシリでした……,"그렇게 됐으면, 정말로 그냥 심부름꾼이었을 거예요……"
scene_day3_scenes_fab_day3_logic_6346ee10c065ccc051a489a1ecff7695.bundle,跟采欣搭地窖電梯回去,Say,シンカ･シェ,61,間違いなく私はオフィスに残った方が、力を発揮できるのに！干渉器を付けた人を発見したのも私なんですよ！,"분명히 저는 사무실에 남는 쪽이, 힘을 발휘할 수 있는데! 방해 장치 설치한 사람을 발견한 것도 저라고요!"
scene_day3_scenes_fab_day3_logic_6346ee10c065ccc051a489a1ecff7695.bundle,跟采欣搭地窖電梯回去,Say,シンカ･シェ,62,まあ、でも私が見つけなくとも、ジェイさんが見つけていたと思いますが……,"뭐, 근데 제가 못 찾았어도, 제이 씨가 찾았을 것 같긴 하지만요……"
scene_day3_scenes_fab_day3_logic_6346ee10c065ccc051a489a1ecff7695.bundle,跟采欣搭地窖電梯回去,Say,シンカ･シェ,63,……,……
scene_day3_scenes_fab_day3_logic_6346ee10c065ccc051a489a1ecff7695.bundle,跟采欣搭地窖電梯回去,Say,シンカ･シェ,64,まさか急に、こんなにも沢山のことが一度に起きるとは……,"설마 갑자기, 이렇게 많은 일이 한꺼번에 일어날 줄이야……"
scene_day3_scenes_fab_day3_logic_6346ee10c065ccc051a489a1ecff7695.bundle,跟采欣搭地窖電梯回去,Branch,#Simple,43,今日はこの車に何度も乗ったな。,오늘 이 엘리베이터 몇 번이나 탔네.
scene_day3_scenes_fab_day3_logic_6346ee10c065ccc051a489a1ecff7695.bundle,跟采欣搭地窖電梯回去,Say,シンカ･シェ,65,エレベーターもです。,엘리베이터도요.
scene_day3_scenes_fab_day3_logic_6346ee10c065ccc051a489a1ecff7695.bundle,跟采欣搭地窖電梯回去,Branch,#Simple,44,ハハ、そうだな。,"하하, 그러네."
scene_day3_scenes_fab_day3_logic_6346ee10c065ccc051a489a1ecff7695.bundle,跟采欣搭地窖電梯回去,Branch,#Simple,45,大変だったな……,힘들었다……
scene_day3_scenes_fab_day3_logic_6346ee10c065ccc051a489a1ecff7695.bundle,跟采欣搭地窖電梯回去,Branch,#Simple,46,……,……
scene_day3_scenes_fab_day3_logic_6346ee10c065ccc051a489a1ecff7695.bundle,跟采欣搭地窖電梯回去,Branch,#Simple,47,流石に疲れたな。,역시 피곤하네.
scene_day3_scenes_fab_day3_logic_6346ee10c065ccc051a489a1ecff7695.bundle,跟采欣搭地窖電梯回去,Say,シンカ･シェ,66,はい……,네……
scene_day3_scenes_fab_day3_logic_6346ee10c065ccc051a489a1ecff7695.bundle,跟采欣搭地窖電梯回去,Branch,#Simple,48,……,……
scene_day3_scenes_fab_day3_logic_6346ee10c065ccc051a489a1ecff7695.bundle,跟采欣搭地窖電梯回去,Say,シンカ･シェ,67,あ！もうすぐで着きますね！,아! 곧 도착하네요!
scene_day3_scenes_fab_day3_logic_6346ee10c065ccc051a489a1ecff7695.bundle,跟采欣搭地窖電梯回去,Say,シンカ･シェ,68,ほら、やっぱりいつもより速いですよ！,"거 봐요, 역시 평소보다 빨라요!"
scene_day3_scenes_fab_day3_logic_6346ee10c065ccc051a489a1ecff7695.bundle,跟采欣搭地窖電梯回去,Say,シンカ･シェ,69,じゃ、また後で会いましょう。,"그럼, 나중에 또 봐요."
scene_day3_scenes_fab_day3_logic_6346ee10c065ccc051a489a1ecff7695.bundle,跟采欣搭地窖電梯回去,Say,シンカ･シェ,70,じゃあね。,안녕히.
scene_day3_scenes_fab_day3_logic_6346ee10c065ccc051a489a1ecff7695.bundle,跟采欣搭地窖電梯回去,Branch,#Simple,49,お疲れ様でした。,수고하셨습니다.
scene_day3_scenes_fab_day3_logic_6346ee10c065ccc051a489a1ecff7695.bundle,跟采欣搭地窖電梯回去,Branch,#Simple,50,……,……
scene_day3_scenes_fab_day3_logic_6346ee10c065ccc051a489a1ecff7695.bundle,跟莊詩妍搭電梯去找徐媛,Say,シェーン･ソウ,0,……,……
scene_day3_scenes_fab_day3_logic_6346ee10c065ccc051a489a1ecff7695.bundle,跟莊詩妍搭電梯去找徐媛,Say,シェーン･ソウ,1,……,……
scene_day3_scenes_fab_day3_logic_6346ee10c065ccc051a489a1ecff7695.bundle,跟莊詩妍搭電梯去找徐媛,Say,シェーン･ソウ,2,ジェイさん、この前の情報についてですが……,"제이 씨, 지난번 정보 말인데요……"
scene_day3_scenes_fab_day3_logic_6346ee10c065ccc051a489a1ecff7695.bundle,跟莊詩妍搭電梯去找徐媛,Branch,#Simple,0,自分で判断すると言ったはずだ。,내가 알아서 판단한다고 했을 텐데.
scene_day3_scenes_fab_day3_logic_6346ee10c065ccc051a489a1ecff7695.bundle,跟莊詩妍搭電梯去找徐媛,Say,シェーン･ソウ,3,……では、あなたの考えは？,"……그럼, 당신 생각은요?"
scene_day3_scenes_fab_day3_logic_6346ee10c065ccc051a489a1ecff7695.bundle,跟莊詩妍搭電梯去找徐媛,Branch,#Simple,1,あの捜査員は、シュウカ･リーの部下だと思う。,"그 수사원은, 슈카 리의 부하라고 생각한다."
scene_day3_scenes_fab_day3_logic_6346ee10c065ccc051a489a1ecff7695.bundle,跟莊詩妍搭電梯去找徐媛,Say,シェーン･ソウ,4,ほ、本当ですか！？,"저, 정말인가요!?"
scene_day3_scenes_fab_day3_logic_6346ee10c065ccc051a489a1ecff7695.bundle,跟莊詩妍搭電梯去找徐媛,Say,シェーン･ソウ,5,それは……,그건……
scene_day3_scenes_fab_day3_logic_6346ee10c065ccc051a489a1ecff7695.bundle,跟莊詩妍搭電梯去找徐媛,Say,シェーン･ソウ,6,これは重要な情報です！きっと隊長のお力になれます！,이건 중요한 정보예요! 분명 대장님한테 도움이 될 거예요!
scene_day3_scenes_fab_day3_logic_6346ee10c065ccc051a489a1ecff7695.bundle,跟莊詩妍搭電梯去找徐媛,Say,心の声,0,心から喜んでいるようだ。,진심으로 기뻐하는 듯하다.
scene_day3_scenes_fab_day3_logic_6346ee10c065ccc051a489a1ecff7695.bundle,跟莊詩妍搭電梯去找徐媛,Branch,#Simple,2,ならよかったな。,그럼 다행이군.
scene_day3_scenes_fab_day3_logic_6346ee10c065ccc051a489a1ecff7695.bundle,跟莊詩妍搭電梯去找徐媛,Say,シェーン･ソウ,7,ありがとうございます！,감사합니다!
scene_day3_scenes_fab_day3_logic_6346ee10c065ccc051a489a1ecff7695.bundle,跟莊詩妍搭電梯去找徐媛,Branch,#Simple,3,それはどうだろうな。,그건 글쎄다.
scene_day3_scenes_fab_day3_logic_6346ee10c065ccc051a489a1ecff7695.bundle,跟莊詩妍搭電梯去找徐媛,Say,シェーン･ソウ,8,それは……,그건……
scene_day3_scenes_fab_day3_logic_6346ee10c065ccc051a489a1ecff7695.bundle,跟莊詩妍搭電梯去找徐媛,Say,シェーン･ソウ,9,そうですよね。これは隊長が決めることです。,그렇겠죠. 이건 대장님이 결정하실 일이니까요.
scene_day3_scenes_fab_day3_logic_6346ee10c065ccc051a489a1ecff7695.bundle,跟莊詩妍搭電梯去找徐媛,Branch,#Simple,4,……,……
scene_day3_scenes_fab_day3_logic_6346ee10c065ccc051a489a1ecff7695.bundle,跟莊詩妍搭電梯去找徐媛,Say,シェーン･ソウ,10,と、とりあえず取引はこれで終了です！,"그, 그럼 거래는 이걸로 끝이에요!"
scene_day3_scenes_fab_day3_logic_6346ee10c065ccc051a489a1ecff7695.bundle,跟莊詩妍搭電梯去找徐媛,Branch,#Simple,5,まだ考えている。,아직 생각 중이다.
scene_day3_scenes_fab_day3_logic_6346ee10c065ccc051a489a1ecff7695.bundle,跟莊詩妍搭電梯去找徐媛,Say,シェーン･ソウ,11,……わかった。,……알았어.
scene_day3_scenes_fab_day3_logic_6346ee10c065ccc051a489a1ecff7695.bundle,跟莊詩妍搭電梯去找徐媛,Branch,#Simple,6,あの捜査員は、シュウカ･リーの部下だと思う。,"그 수사원은, 슈카 리의 부하라고 생각한다."
scene_day3_scenes_fab_day3_logic_6346ee10c065ccc051a489a1ecff7695.bundle,跟莊詩妍搭電梯去找徐媛,Branch,#Simple,7,すまないが、まだ新しい情報はないんだ。,"미안하지만, 아직 새로운 정보는 없다."
scene_day3_scenes_fab_day3_logic_6346ee10c065ccc051a489a1ecff7695.bundle,跟莊詩妍搭電梯去找徐媛,Branch,#Simple,8,後で話す。,나중에 얘기하지.
scene_day3_scenes_fab_day3_logic_6346ee10c065ccc051a489a1ecff7695.bundle,跟莊詩妍搭電梯去找徐媛,Say,シェーン･ソウ,12,……わかった。,……알았어.
scene_day3_scenes_fab_day3_logic_6346ee10c065ccc051a489a1ecff7695.bundle,跟莊詩妍搭電梯去找徐媛,Say,シェーン･ソウ,13,……,……
scene_day3_scenes_fab_day3_logic_6346ee10c065ccc051a489a1ecff7695.bundle,跟莊詩妍搭電梯去找徐媛,Say,シェーン･ソウ,14,……,……
scene_day3_scenes_fab_day3_logic_6346ee10c065ccc051a489a1ecff7695.bundle,跟莊詩妍搭電梯去找徐媛,Branch,#Simple,9,あんたたちの隊長はどんな人なんだ？,너희 대장은 어떤 사람이지?
scene_day3_scenes_fab_day3_logic_6346ee10c065ccc051a489a1ecff7695.bundle,跟莊詩妍搭電梯去找徐媛,Say,シェーン･ソウ,15,……,……
scene_day3_scenes_fab_day3_logic_6346ee10c065ccc051a489a1ecff7695.bundle,跟莊詩妍搭電梯去找徐媛,Say,心の声,1,……答える気はなさそうだ。,……대답할 생각은 없어 보인다.
scene_day3_scenes_fab_day3_logic_6346ee10c065ccc051a489a1ecff7695.bundle,跟莊詩妍搭電梯去找徐媛,Say,シェーン･ソウ,16,いつも先を見据えてる人です。,항상 앞을 내다보는 분이에요.
scene_day3_scenes_fab_day3_logic_6346ee10c065ccc051a489a1ecff7695.bundle,跟莊詩妍搭電梯去找徐媛,Say,心の声,2,そういう答えが来るとは思わなかった。,그런 대답이 나올 줄은 몰랐다.
scene_day3_scenes_fab_day3_logic_6346ee10c065ccc051a489a1ecff7695.bundle,跟莊詩妍搭電梯去找徐媛,Branch,#Simple,10,どういう意味だ？,무슨 뜻이야?
scene_day3_scenes_fab_day3_logic_6346ee10c065ccc051a489a1ecff7695.bundle,跟莊詩妍搭電梯去找徐媛,Say,シェーン･ソウ,17,彼女はいつも裏に隠された真実を見抜き、誰よりも早く行動に移します。,"그분은 항상 뒤에 숨겨진 진실을 꿰뚫어보고, 누구보다도 빨리 행동에 옮기시죠."
scene_day3_scenes_fab_day3_logic_6346ee10c065ccc051a489a1ecff7695.bundle,跟莊詩妍搭電梯去找徐媛,Say,シェーン･ソウ,18,だから若いながら、重要な役職を担っているのです。,"그래서 젊은 나이에도, 중요한 직책을 맡고 계신 거예요."
scene_day3_scenes_fab_day3_logic_6346ee10c065ccc051a489a1ecff7695.bundle,跟莊詩妍搭電梯去找徐媛,Branch,#Simple,11,怖くはないのか？,무섭지는 않나?
scene_day3_scenes_fab_day3_logic_6346ee10c065ccc051a489a1ecff7695.bundle,跟莊詩妍搭電梯去找徐媛,Say,シェーン･ソウ,19,厳しい人ですが、怖くはありません。,"엄격한 분이지만, 무섭지는 않아요."
scene_day3_scenes_fab_day3_logic_6346ee10c065ccc051a489a1ecff7695.bundle,跟莊詩妍搭電梯去找徐媛,Branch,#Simple,12,……,……
scene_day3_scenes_fab_day3_logic_6346ee10c065ccc051a489a1ecff7695.bundle,跟莊詩妍搭電梯去找徐媛,Say,心の声,3,部下にかなり尊敬されているようだな……,부하한테 상당히 존경받고 있는 모양이군……
scene_day3_scenes_fab_day3_logic_6346ee10c065ccc051a489a1ecff7695.bundle,跟莊詩妍搭電梯去找徐媛,Branch,#Simple,13,あんたたちの隊長は俺に会って何がしたいんだ？,너희 대장은 나를 만나서 뭘 하고 싶은 거지?
scene_day3_scenes_fab_day3_logic_6346ee10c065ccc051a489a1ecff7695.bundle,跟莊詩妍搭電梯去找徐媛,Say,シェーン･ソウ,20,隊長の考えを我々が勝手に推察すべきではありません。,대장님 생각을 저희가 함부로 짐작해서는 안 되죠.
scene_day3_scenes_fab_day3_logic_6346ee10c065ccc051a489a1ecff7695.bundle,跟莊詩妍搭電梯去找徐媛,Branch,#Simple,14,隊長様の考えを知りたくないのか？,대장님 생각을 알고 싶지 않은 건가?
scene_day3_scenes_fab_day3_logic_6346ee10c065ccc051a489a1ecff7695.bundle,跟莊詩妍搭電梯去找徐媛,Say,シェーン･ソウ,21,部下は命令を全うすることだけを考えればいいと隊長が言っていました。,부하는 명령을 완수하는 것만 생각하면 된다고 대장님이 말씀하셨어요.
scene_day3_scenes_fab_day3_logic_6346ee10c065ccc051a489a1ecff7695.bundle,跟莊詩妍搭電梯去找徐媛,Say,シェーン･ソウ,22,指示のない限り、私たちが考える必要はありません。,"지시가 없는 한, 저희가 생각할 필요는 없어요."
scene_day3_scenes_fab_day3_logic_6346ee10c065ccc051a489a1ecff7695.bundle,跟莊詩妍搭電梯去找徐媛,Say,シェーン･ソウ,23,部下がリーダーを疑い始めたら、リーダーは終わりだ。,"부하가 리더를 의심하기 시작하면, 리더는 끝이다."
scene_day3_scenes_fab_day3_logic_6346ee10c065ccc051a489a1ecff7695.bundle,跟莊詩妍搭電梯去找徐媛,Say,シェーン･ソウ,24,彼女はそう言っていました。,그분이 그렇게 말씀하셨어요.
scene_day3_scenes_fab_day3_logic_6346ee10c065ccc051a489a1ecff7695.bundle,跟莊詩妍搭電梯去找徐媛,Say,心の声,4,……彼女らしい。,……그녀답군.
scene_day3_scenes_fab_day3_logic_6346ee10c065ccc051a489a1ecff7695.bundle,跟莊詩妍搭電梯去找徐媛,Branch,#Simple,15,わかった。,알았어.
scene_day3_scenes_fab_day3_logic_6346ee10c065ccc051a489a1ecff7695.bundle,跟莊詩妍搭電梯去找徐媛,Branch,#Simple,16,……,……
scene_day3_scenes_fab_day3_logic_6346ee10c065ccc051a489a1ecff7695.bundle,跟莊詩妍搭電梯去找徐媛,Branch,#Simple,17,……,……
scene_day3_scenes_fab_day3_logic_6346ee10c065ccc051a489a1ecff7695.bundle,跟莊詩妍搭電梯去找徐媛,Say,シェーン･ソウ,25,着きました。,도착했어요.
scene_day3_scenes_fab_day3_logic_6346ee10c065ccc051a489a1ecff7695.bundle,跟徐媛首次交換情報,Say,シェーン･ソウ,0,隊長、ジェイさんを連れてきました。,"대장님, 제이 씨 데려왔습니다."
scene_day3_scenes_fab_day3_logic_6346ee10c065ccc051a489a1ecff7695.bundle,跟徐媛首次交換情報,Say,メイ･ジョ,0,ありがとう、もう下がっていいよ。,"고마워, 이제 물러가도 좋아."
scene_day3_scenes_fab_day3_logic_6346ee10c065ccc051a489a1ecff7695.bundle,跟徐媛首次交換情報,Say,シェーン･ソウ,1,はい。,네.
scene_day3_scenes_fab_day3_logic_6346ee10c065ccc051a489a1ecff7695.bundle,跟徐媛首次交換情報,Say,メイ･ジョ,1,……,……
scene_day3_scenes_fab_day3_logic_6346ee10c065ccc051a489a1ecff7695.bundle,跟徐媛首次交換情報,Say,メイ･ジョ,2,かけなさい。,앉아.
scene_day3_scenes_fab_day3_logic_6346ee10c065ccc051a489a1ecff7695.bundle,跟徐媛首次交換情報,Say,メイ･ジョ,3,……,……
scene_day3_scenes_fab_day3_logic_6346ee10c065ccc051a489a1ecff7695.bundle,跟徐媛首次交換情報,Say,メイ･ジョ,4,それで進展はどう？,그래서 진전은 어때?
scene_day3_scenes_fab_day3_logic_6346ee10c065ccc051a489a1ecff7695.bundle,跟徐媛首次交換情報,Branch,#Simple,0,まずはあんたの部下の文句から言わせてくれ。,우선 네 부하 불만부터 말하게 해줘.
scene_day3_scenes_fab_day3_logic_6346ee10c065ccc051a489a1ecff7695.bundle,跟徐媛首次交換情報,Say,メイ･ジョ,5,お？,오?
scene_day3_scenes_fab_day3_logic_6346ee10c065ccc051a489a1ecff7695.bundle,跟徐媛首次交換情報,Branch,#Simple,1,ドリンクを買う代わりに情報をくれるはずだったのに、くれなかった。,"음료 사주는 대신 정보를 주기로 했었는데, 안 줬어."
scene_day3_scenes_fab_day3_logic_6346ee10c065ccc051a489a1ecff7695.bundle,跟徐媛首次交換情報,Branch,#Simple,2,あんたの部下が仕事中に飲み物を飲んでいた。,네 부하가 근무 중에 음료를 마시고 있었어.
scene_day3_scenes_fab_day3_logic_6346ee10c065ccc051a489a1ecff7695.bundle,跟徐媛首次交換情報,Say,メイ･ジョ,6,その件なら、もうセキスウから報告を受けた。,"그 건이라면, 이미 세키스한테서 보고받았어."
scene_day3_scenes_fab_day3_logic_6346ee10c065ccc051a489a1ecff7695.bundle,跟徐媛首次交換情報,Say,メイ･ジョ,7,然るべき罰を与えたよ。,합당한 벌을 줬어.
scene_day3_scenes_fab_day3_logic_6346ee10c065ccc051a489a1ecff7695.bundle,跟徐媛首次交換情報,Say,メイ･ジョ,8,飲み物？それなら、誰なのか心当たりがある。,"음료? 그거라면, 누군지 짚이는 데가 있네."
scene_day3_scenes_fab_day3_logic_6346ee10c065ccc051a489a1ecff7695.bundle,跟徐媛首次交換情報,Say,メイ･ジョ,9,彼女には罰を与えておく。,그 애한테는 벌을 줘두지.
scene_day3_scenes_fab_day3_logic_6346ee10c065ccc051a489a1ecff7695.bundle,跟徐媛首次交換情報,Say,心の声,0,フンッ、ざまみろ。,"흥, 꼴좋다."
scene_day3_scenes_fab_day3_logic_6346ee10c065ccc051a489a1ecff7695.bundle,跟徐媛首次交換情報,Say,メイ･ジョ,10,私たちがプロである限り、そういった行動は許されない。,"우리가 프로인 이상, 그런 행동은 용납 안 돼."
scene_day3_scenes_fab_day3_logic_6346ee10c065ccc051a489a1ecff7695.bundle,跟徐媛首次交換情報,Say,メイ･ジョ,11,それについては、私から謝るわ。,"그 건에 대해선, 내가 사과할게."
scene_day3_scenes_fab_day3_logic_6346ee10c065ccc051a489a1ecff7695.bundle,跟徐媛首次交換情報,Say,心の声,1,意外と話の通じるやつだ。,의외로 말이 통하는 녀석이네.
scene_day3_scenes_fab_day3_logic_6346ee10c065ccc051a489a1ecff7695.bundle,跟徐媛首次交換情報,Say,メイ･ジョ,12,今のあなたが知っている情報を教えて。,지금 네가 알고 있는 정보를 말해줘.
scene_day3_scenes_fab_day3_logic_6346ee10c065ccc051a489a1ecff7695.bundle,跟徐媛首次交換情報,Branch,#Simple,3,俺に進展があると思っているのか？,나한테 진전이 있을 거라고 생각하는 거야?
scene_day3_scenes_fab_day3_logic_6346ee10c065ccc051a489a1ecff7695.bundle,跟徐媛首次交換情報,Say,メイ･ジョ,13,前回のやり取りから、ずいぶんと時間が経ったはずよ。,"지난번 거래 이후로, 꽤 시간이 지났을 텐데."
scene_day3_scenes_fab_day3_logic_6346ee10c065ccc051a489a1ecff7695.bundle,跟徐媛首次交換情報,Say,メイ･ジョ,14,その間に、あなたが何も行動していないようには思えないの。,"그 사이에, 네가 아무 행동도 안 했다고는 생각 안 돼."
scene_day3_scenes_fab_day3_logic_6346ee10c065ccc051a489a1ecff7695.bundle,跟徐媛首次交換情報,Say,心の声,2,……,……
scene_day3_scenes_fab_day3_logic_6346ee10c065ccc051a489a1ecff7695.bundle,跟徐媛首次交換情報,Say,メイ･ジョ,15,どう？,어때?
scene_day3_scenes_fab_day3_logic_6346ee10c065ccc051a489a1ecff7695.bundle,跟徐媛首次交換情報,Branch,#Simple,4,まあ、ないわけではないな。,"뭐, 없는 건 아니지."
scene_day3_scenes_fab_day3_logic_6346ee10c065ccc051a489a1ecff7695.bundle,跟徐媛首次交換情報,Branch,#Simple,5,まあ、あると言ったらあるな。,"뭐, 있다면 있다고 할 수 있지."
scene_day3_scenes_fab_day3_logic_6346ee10c065ccc051a489a1ecff7695.bundle,跟徐媛首次交換情報,Say,メイ･ジョ,16,聞かせて。,들려줘.
scene_day3_scenes_fab_day3_logic_6346ee10c065ccc051a489a1ecff7695.bundle,跟徐媛首次交換情報,Branch,#Simple,6,すまないね。,미안한데.
scene_day3_scenes_fab_day3_logic_6346ee10c065ccc051a489a1ecff7695.bundle,跟徐媛首次交換情報,Branch,#Simple,7,言えることはない。,말할 수 있는 건 없어.
scene_day3_scenes_fab_day3_logic_6346ee10c065ccc051a489a1ecff7695.bundle,跟徐媛首次交換情報,Branch,#Simple,8,まあ、ないわけではないな。,"뭐, 없는 건 아니지."
scene_day3_scenes_fab_day3_logic_6346ee10c065ccc051a489a1ecff7695.bundle,跟徐媛首次交換情報,Branch,#Simple,9,まあ、あると言ったらあるな。,"뭐, 있다면 있다고 할 수 있지."
scene_day3_scenes_fab_day3_logic_6346ee10c065ccc051a489a1ecff7695.bundle,跟徐媛首次交換情報,Say,メイ･ジョ,17,聞かせて。,들려줘.
scene_day3_scenes_fab_day3_logic_6346ee10c065ccc051a489a1ecff7695.bundle,跟徐媛首次交換情報,Branch,#Simple,10,取締役会の中に、サイレントを存続させるために手を回している役員がいる。,"이사회 안에, 사일런트를 존속시키려고 손을 쓰고 있는 임원이 있어."
scene_day3_scenes_fab_day3_logic_6346ee10c065ccc051a489a1ecff7695.bundle,跟徐媛首次交換情報,Branch,#Simple,11,取締役会の中に、サイレントを閉鎖させるために手を回している役員がいる。,"이사회 안에, 사일런트를 폐쇄시키려고 손을 쓰고 있는 임원이 있어."
scene_day3_scenes_fab_day3_logic_6346ee10c065ccc051a489a1ecff7695.bundle,跟徐媛首次交換情報,Say,メイ･ジョ,18,お？,오?
scene_day3_scenes_fab_day3_logic_6346ee10c065ccc051a489a1ecff7695.bundle,跟徐媛首次交換情報,Say,メイ･ジョ,19,それは本当か？,그거 사실이야?
scene_day3_scenes_fab_day3_logic_6346ee10c065ccc051a489a1ecff7695.bundle,跟徐媛首次交換情報,Branch,#Simple,12,はい。,네.
scene_day3_scenes_fab_day3_logic_6346ee10c065ccc051a489a1ecff7695.bundle,跟徐媛首次交換情報,Branch,#Simple,13,信じる信じないはあんた次第だ。,믿고 안 믿고는 네 마음이지.
scene_day3_scenes_fab_day3_logic_6346ee10c065ccc051a489a1ecff7695.bundle,跟徐媛首次交換情報,Say,メイ･ジョ,20,……,……
scene_day3_scenes_fab_day3_logic_6346ee10c065ccc051a489a1ecff7695.bundle,跟徐媛首次交換情報,Say,メイ･ジョ,21,取締役会の中に、この件を積極的に推し進めている人がいることは、知っていた。でもだからといって、直接手を出すことは許されないはず……,"이사회 안에, 이 건을 적극적으로 밀어붙이는 사람이 있다는 건, 알고 있었어. 근데 그렇다고 해서, 직접 손을 대는 건 용납 안 될 텐데……"
scene_day3_scenes_fab_day3_logic_6346ee10c065ccc051a489a1ecff7695.bundle,跟徐媛首次交換情報,Say,メイ･ジョ,22,リスクを負ってまで手を出したっていうの……？,위험을 감수하면서까지 손을 댔다는 거야……?
scene_day3_scenes_fab_day3_logic_6346ee10c065ccc051a489a1ecff7695.bundle,跟徐媛首次交換情報,Branch,#Simple,14,次はあんたの番だ。,다음은 네 차례야.
scene_day3_scenes_fab_day3_logic_6346ee10c065ccc051a489a1ecff7695.bundle,跟徐媛首次交換情報,Say,メイ･ジョ,23,わかった。,알았어.
scene_day3_scenes_fab_day3_logic_6346ee10c065ccc051a489a1ecff7695.bundle,跟徐媛首次交換情報,Branch,#Simple,15,この情報は役に立ちそうなのか？,이 정보는 도움이 될 것 같은 거야?
scene_day3_scenes_fab_day3_logic_6346ee10c065ccc051a489a1ecff7695.bundle,跟徐媛首次交換情報,Say,メイ･ジョ,24,取締役の弱みを握れるかもしれない。,이사의 약점을 잡을 수 있을지도 몰라.
scene_day3_scenes_fab_day3_logic_6346ee10c065ccc051a489a1ecff7695.bundle,跟徐媛首次交換情報,Say,メイ･ジョ,25,それはとても重要な情報よ……,그건 아주 중요한 정보야……
scene_day3_scenes_fab_day3_logic_6346ee10c065ccc051a489a1ecff7695.bundle,跟徐媛首次交換情報,Say,メイ･ジョ,26,もちろん、これだけではまだ情報が足りないけどね。,"물론, 이것만으론 아직 정보가 부족하지만."
scene_day3_scenes_fab_day3_logic_6346ee10c065ccc051a489a1ecff7695.bundle,跟徐媛首次交換情報,Say,心の声,3,……,……
scene_day3_scenes_fab_day3_logic_6346ee10c065ccc051a489a1ecff7695.bundle,跟徐媛首次交換情報,Branch,#Simple,16,……,……
scene_day3_scenes_fab_day3_logic_6346ee10c065ccc051a489a1ecff7695.bundle,跟徐媛首次交換情報,Say,メイ･ジョ,27,次は私の番ね。,다음은 내 차례네.
scene_day3_scenes_fab_day3_logic_6346ee10c065ccc051a489a1ecff7695.bundle,跟徐媛首次交換情報,Branch,#Simple,17,近々、取締役会はサイレントを閉鎖するかどうかを決めるらしい。,"조만간, 이사회가 사일런트를 폐쇄할지 말지를 정한대."
scene_day3_scenes_fab_day3_logic_6346ee10c065ccc051a489a1ecff7695.bundle,跟徐媛首次交換情報,Say,メイ･ジョ,28,……,……
scene_day3_scenes_fab_day3_logic_6346ee10c065ccc051a489a1ecff7695.bundle,跟徐媛首次交換情報,Say,心の声,4,もの凄い目で睨んでいる……,엄청난 눈빛으로 노려보고 있다……
scene_day3_scenes_fab_day3_logic_6346ee10c065ccc051a489a1ecff7695.bundle,跟徐媛首次交換情報,Say,メイ･ジョ,29,それ冗談よね？,그거 농담이지?
scene_day3_scenes_fab_day3_logic_6346ee10c065ccc051a489a1ecff7695.bundle,跟徐媛首次交換情報,Say,メイ･ジョ,30,工場の誰でも知っているような情報で取引するつもり？,공장 사람이면 누구나 아는 정보로 거래할 생각이야?
scene_day3_scenes_fab_day3_logic_6346ee10c065ccc051a489a1ecff7695.bundle,跟徐媛首次交換情報,Say,心の声,5,無理か……,안 되나……
scene_day3_scenes_fab_day3_logic_6346ee10c065ccc051a489a1ecff7695.bundle,跟徐媛首次交換情報,Say,メイ･ジョ,31,私の時間を無駄にするのは賢明じゃないよ。,내 시간 낭비하는 건 현명하지 않아.
scene_day3_scenes_fab_day3_logic_6346ee10c065ccc051a489a1ecff7695.bundle,跟徐媛首次交換情報,Say,メイ･ジョ,32,私にとって、価値のある情報を言いなさい。,"나한테, 가치 있는 정보를 말해."
scene_day3_scenes_fab_day3_logic_6346ee10c065ccc051a489a1ecff7695.bundle,跟徐媛首次交換情報,Branch,#Simple,18,サイレントの閉鎖について、直接手を回している取締役がいる。,"사일런트 폐쇄에 대해서, 직접 손을 쓰고 있는 이사가 있어."
scene_day3_scenes_fab_day3_logic_6346ee10c065ccc051a489a1ecff7695.bundle,跟徐媛首次交換情報,Branch,#Simple,19,情報はない。,정보는 없어.
scene_day3_scenes_fab_day3_logic_6346ee10c065ccc051a489a1ecff7695.bundle,跟徐媛首次交換情報,Say,メイ･ジョ,33,……,……
scene_day3_scenes_fab_day3_logic_6346ee10c065ccc051a489a1ecff7695.bundle,跟徐媛首次交換情報,Branch,#Simple,20,あんたはどうなんだ？こちらに提供できる情報はあるのか？,너는 어때? 나한테 줄 수 있는 정보는 있는 거야?
scene_day3_scenes_fab_day3_logic_6346ee10c065ccc051a489a1ecff7695.bundle,跟徐媛首次交換情報,Say,メイ･ジョ,34,へぇ、交渉について勉強してきたみたいね。,"허, 협상에 대해 공부하고 온 모양이네."
scene_day3_scenes_fab_day3_logic_6346ee10c065ccc051a489a1ecff7695.bundle,跟徐媛首次交換情報,Say,メイ･ジョ,35,私からも出せる情報はある。でもそっちが先に話しなさい。,나도 줄 수 있는 정보는 있어. 근데 그쪽이 먼저 말해.
scene_day3_scenes_fab_day3_logic_6346ee10c065ccc051a489a1ecff7695.bundle,跟徐媛首次交換情報,Branch,#Simple,21,だめだ。そっちが先に話せ。,안 돼. 그쪽이 먼저 말해.
scene_day3_scenes_fab_day3_logic_6346ee10c065ccc051a489a1ecff7695.bundle,跟徐媛首次交換情報,Say,メイ･ジョ,36,ちょっと待ってください。,잠깐만요.
scene_day3_scenes_fab_day3_logic_6346ee10c065ccc051a489a1ecff7695.bundle,跟徐媛首次交換情報,Say,メイ･ジョ,37,もう少し冷静に考えたら？,좀 더 냉정하게 생각해보는 게 어때?
scene_day3_scenes_fab_day3_logic_6346ee10c065ccc051a489a1ecff7695.bundle,跟徐媛首次交換情報,Say,メイ･ジョ,38,あなたは交渉材料を持っていない。,너는 협상 카드가 없어.
scene_day3_scenes_fab_day3_logic_6346ee10c065ccc051a489a1ecff7695.bundle,跟徐媛首次交換情報,Branch,#Simple,22,……,……
scene_day3_scenes_fab_day3_logic_6346ee10c065ccc051a489a1ecff7695.bundle,跟徐媛首次交換情報,Say,心の声,6,……,……
scene_day3_scenes_fab_day3_logic_6346ee10c065ccc051a489a1ecff7695.bundle,跟徐媛首次交換情報,Branch,#Simple,23,いや。,아니.
scene_day3_scenes_fab_day3_logic_6346ee10c065ccc051a489a1ecff7695.bundle,跟徐媛首次交換情報,Say,メイ･ジョ,39,それはがっかりね。,그거 실망이네.
scene_day3_scenes_fab_day3_logic_6346ee10c065ccc051a489a1ecff7695.bundle,跟徐媛首次交換情報,Say,メイ･ジョ,40,……,……
scene_day3_scenes_fab_day3_logic_6346ee10c065ccc051a489a1ecff7695.bundle,跟徐媛首次交換情報,Say,メイ･ジョ,41,なら、こっちが先に情報を提供するわ。,"그럼, 이쪽이 먼저 정보를 제공할게."
scene_day3_scenes_fab_day3_logic_6346ee10c065ccc051a489a1ecff7695.bundle,跟徐媛首次交換情報,Say,メイ･ジョ,42,そうすれば、この情報をもとに、あなたも少しは調査しやすくなるかもしれないからね。,"그러면, 이 정보를 바탕으로, 너도 조금은 조사하기 편해질지도 모르니까."
scene_day3_scenes_fab_day3_logic_6346ee10c065ccc051a489a1ecff7695.bundle,跟徐媛首次交換情報,Say,メイ･ジョ,43,私の情報によれば、一部の取締役は万象の行く末をとても重視している。,"내 정보에 의하면, 일부 이사는 완샹의 앞날을 아주 중요시하고 있어."
scene_day3_scenes_fab_day3_logic_6346ee10c065ccc051a489a1ecff7695.bundle,跟徐媛首次交換情報,Branch,#Simple,24,そんなことはとっくに知っている。,그런 건 진작에 알고 있어.
scene_day3_scenes_fab_day3_logic_6346ee10c065ccc051a489a1ecff7695.bundle,跟徐媛首次交換情報,Say,メイ･ジョ,44,いえ、あなたは何もわかっていない。,"아니, 너는 아무것도 몰라."
scene_day3_scenes_fab_day3_logic_6346ee10c065ccc051a489a1ecff7695.bundle,跟徐媛首次交換情報,Branch,#Simple,25,だから？,그래서?
scene_day3_scenes_fab_day3_logic_6346ee10c065ccc051a489a1ecff7695.bundle,跟徐媛首次交換情報,Branch,#Simple,26,……,……
scene_day3_scenes_fab_day3_logic_6346ee10c065ccc051a489a1ecff7695.bundle,跟徐媛首次交換情報,Say,メイ･ジョ,45,サイレントがここまで重要な立場になったことは一度もなかった。今のこの状態がおかしいのよ。,사일런트가 이 정도로 중요한 입지가 된 적은 한 번도 없었어. 지금 이 상태가 이상한 거야.
scene_day3_scenes_fab_day3_logic_6346ee10c065ccc051a489a1ecff7695.bundle,跟徐媛首次交換情報,Say,メイ･ジョ,46,キャッシュフロー、会社の信用、不動産、技術……私は様々な面から分析をしてきた……,"현금 흐름, 회사 신용, 부동산, 기술……나는 다양한 면에서 분석해왔어……"
scene_day3_scenes_fab_day3_logic_6346ee10c065ccc051a489a1ecff7695.bundle,跟徐媛首次交換情報,Say,メイ･ジョ,47,でも、どの価値も大して変わってはいない。なのに、なぜか取締役たちはサイレントをとても重要視しているの。,"근데, 어느 가치도 별로 변한 게 없어. 근데도, 왜인지 이사들은 사일런트를 굉장히 중요시하고 있어."
scene_day3_scenes_fab_day3_logic_6346ee10c065ccc051a489a1ecff7695.bundle,跟徐媛首次交換情報,Branch,#Simple,27,それはなぜ？,그건 왜죠?
scene_day3_scenes_fab_day3_logic_6346ee10c065ccc051a489a1ecff7695.bundle,跟徐媛首次交換情報,Say,心の声,7,……彼女が肩をすくめた。,……이 여자가 어깨를 으쓱했다.
scene_day3_scenes_fab_day3_logic_6346ee10c065ccc051a489a1ecff7695.bundle,跟徐媛首次交換情報,Branch,#Simple,28,サイレントがブレマイの出力効率を致死値より上に調整したからか？,사일런트가 브레마이 출력 효율을 치사값보다 위로 조정해서인가?
scene_day3_scenes_fab_day3_logic_6346ee10c065ccc051a489a1ecff7695.bundle,跟徐媛首次交換情報,Say,メイ･ジョ,48,なんのことですか？,무슨 얘기죠?
scene_day3_scenes_fab_day3_logic_6346ee10c065ccc051a489a1ecff7695.bundle,跟徐媛首次交換情報,Say,心の声,8,詳しく言いすぎたか……俺たちの目的に勘づかないといいが……,너무 자세히 말했나……우리 목적을 눈치채지 않으면 좋겠는데……
scene_day3_scenes_fab_day3_logic_6346ee10c065ccc051a489a1ecff7695.bundle,跟徐媛首次交換情報,Say,メイ･ジョ,49,取締役たちがマイナーの命を見捨て、ここのブレマイ出力を調整することで、大儲けしようとしていると？,"이사들이 마이너의 목숨을 저버리고, 여기 브레마이 출력을 조정해서, 크게 한몫 챙기려 한다고?"
scene_day3_scenes_fab_day3_logic_6346ee10c065ccc051a489a1ecff7695.bundle,跟徐媛首次交換情報,Say,メイ･ジョ,50,かなり具体的な推理ね……,꽤 구체적인 추리네……
scene_day3_scenes_fab_day3_logic_6346ee10c065ccc051a489a1ecff7695.bundle,跟徐媛首次交換情報,Say,心の声,9,クソ……,젠장……
scene_day3_scenes_fab_day3_logic_6346ee10c065ccc051a489a1ecff7695.bundle,跟徐媛首次交換情報,Say,メイ･ジョ,51,……,……
scene_day3_scenes_fab_day3_logic_6346ee10c065ccc051a489a1ecff7695.bundle,跟徐媛首次交換情報,Say,メイ･ジョ,52,もし本当にそんなことをすれば、数十万を超える被害者が出る……,"만약 정말로 그런 짓을 하면, 수십만이 넘는 피해자가 나와……"
scene_day3_scenes_fab_day3_logic_6346ee10c065ccc051a489a1ecff7695.bundle,跟徐媛首次交換情報,Say,メイ･ジョ,53,上層部がどんなに貪欲だろうと、そこまではしないはずよ。そうでしょ？,"윗선이 아무리 탐욕스럽다 해도, 거기까진 안 할 거야. 그렇지?"
scene_day3_scenes_fab_day3_logic_6346ee10c065ccc051a489a1ecff7695.bundle,跟徐媛首次交換情報,Say,心の声,10,……,……
scene_day3_scenes_fab_day3_logic_6346ee10c065ccc051a489a1ecff7695.bundle,跟徐媛首次交換情報,Say,メイ･ジョ,54,でもどうしてサイレントがここまで重要視されているかについては……,그치만 왜 사일런트가 이 정도로 중요시되는지에 대해서는……
scene_day3_scenes_fab_day3_logic_6346ee10c065ccc051a489a1ecff7695.bundle,跟徐媛首次交換情報,Branch,#Simple,29,……,……
scene_day3_scenes_fab_day3_logic_6346ee10c065ccc051a489a1ecff7695.bundle,跟徐媛首次交換情報,Say,メイ･ジョ,55,まだ何もわからない。,아직 아무것도 몰라.
scene_day3_scenes_fab_day3_logic_6346ee10c065ccc051a489a1ecff7695.bundle,跟徐媛首次交換情報,Branch,#Simple,30,それがあんたの情報なのか？,그게 네 정보야?
scene_day3_scenes_fab_day3_logic_6346ee10c065ccc051a489a1ecff7695.bundle,跟徐媛首次交換情報,Branch,#Simple,31,これでいいのか？,이걸로 되는 거야?
scene_day3_scenes_fab_day3_logic_6346ee10c065ccc051a489a1ecff7695.bundle,跟徐媛首次交換情報,Say,メイ･ジョ,56,ないよりはマシでしょ？,없는 것보단 낫잖아?
scene_day3_scenes_fab_day3_logic_6346ee10c065ccc051a489a1ecff7695.bundle,跟徐媛首次交換情報,Say,メイ･ジョ,57,少なくともあなたよりはいいと思うけど？,적어도 너보단 낫다고 생각하는데?
scene_day3_scenes_fab_day3_logic_6346ee10c065ccc051a489a1ecff7695.bundle,跟徐媛首次交換情報,Say,メイ･ジョ,58,急かさないで、最後まで聞きなさい。,"재촉하지 말고, 끝까지 들어."
scene_day3_scenes_fab_day3_logic_6346ee10c065ccc051a489a1ecff7695.bundle,跟徐媛首次交換情報,Branch,#Simple,32,……,……
scene_day3_scenes_fab_day3_logic_6346ee10c065ccc051a489a1ecff7695.bundle,跟徐媛首次交換情報,Say,メイ･ジョ,59,私の考え通りなら、サイレント自身に問題はない。,"내 생각대로라면, 사일런트 자체엔 문제가 없어."
scene_day3_scenes_fab_day3_logic_6346ee10c065ccc051a489a1ecff7695.bundle,跟徐媛首次交換情報,Say,メイ･ジョ,60,何か外部の要素が関わっていると思うの。,뭔가 외부 요인이 관련되어 있다고 생각해.
scene_day3_scenes_fab_day3_logic_6346ee10c065ccc051a489a1ecff7695.bundle,跟徐媛首次交換情報,Branch,#Simple,33,それだけじゃ何もわからない。,그것만으론 아무것도 모르겠어.
scene_day3_scenes_fab_day3_logic_6346ee10c065ccc051a489a1ecff7695.bundle,跟徐媛首次交換情報,Branch,#Simple,34,詳しく話せ。,자세히 말해.
scene_day3_scenes_fab_day3_logic_6346ee10c065ccc051a489a1ecff7695.bundle,跟徐媛首次交換情報,Branch,#Simple,35,……,……
scene_day3_scenes_fab_day3_logic_6346ee10c065ccc051a489a1ecff7695.bundle,跟徐媛首次交換情報,Say,メイ･ジョ,61,サイレントの存続は、サイレントがもたらす金銭利益とはすでに関係がないと思うの。,"사일런트의 존속은, 사일런트가 가져다주는 금전적 이익이랑은 이미 상관없다고 생각해."
scene_day3_scenes_fab_day3_logic_6346ee10c065ccc051a489a1ecff7695.bundle,跟徐媛首次交換情報,Say,メイ･ジョ,62,それに、この演算工場が赤字であることは、上層部なら誰もが知っていることよ。,"게다가, 이 연산 공장이 적자라는 건, 윗선이면 누구나 아는 사실이야."
scene_day3_scenes_fab_day3_logic_6346ee10c065ccc051a489a1ecff7695.bundle,跟徐媛首次交換情報,Say,メイ･ジョ,63,この工場を存続させたい人たちは、おそらく失業問題の解決が生み出す、政府への影響力を手放したくないのよ。,"이 공장을 존속시키고 싶은 사람들은, 아마 실업 문제 해결이 만들어내는, 정부에 대한 영향력을 놓고 싶지 않은 거야."
scene_day3_scenes_fab_day3_logic_6346ee10c065ccc051a489a1ecff7695.bundle,跟徐媛首次交換情報,Say,メイ･ジョ,64,一方の工場を閉鎖させたい人たちは、赤字を出し続ける工場を切りたいだけ。合理的な考えよね。,"반면 공장을 폐쇄시키고 싶은 사람들은, 계속 적자를 내는 공장을 정리하고 싶을 뿐이고. 합리적인 생각이지."
scene_day3_scenes_fab_day3_logic_6346ee10c065ccc051a489a1ecff7695.bundle,跟徐媛首次交換情報,Branch,#Simple,36,政府への影響力？,정부에 대한 영향력?
scene_day3_scenes_fab_day3_logic_6346ee10c065ccc051a489a1ecff7695.bundle,跟徐媛首次交換情報,Say,メイ･ジョ,65,この工場は演算力を提供するだけでなく、深刻な失業問題の受け皿にもなっているの。,"이 공장은 연산력을 제공할 뿐만 아니라, 심각한 실업 문제의 받침대도 되고 있어."
scene_day3_scenes_fab_day3_logic_6346ee10c065ccc051a489a1ecff7695.bundle,跟徐媛首次交換情報,Say,メイ･ジョ,66,セラーであの人の海を見れば、私の言ってることが理解できるはずよ。,"저장고에서 그 인파를 보면, 내가 하는 말이 이해될 거야."
scene_day3_scenes_fab_day3_logic_6346ee10c065ccc051a489a1ecff7695.bundle,跟徐媛首次交換情報,Say,メイ･ジョ,67,より多くの失業者を受け入れれば、政治家との取引材料になる。万象の政府への影響力が上がるのよ。,"더 많은 실업자를 받아들이면, 정치인과의 거래 카드가 돼. 완샹의 정부에 대한 영향력이 올라가는 거지."
scene_day3_scenes_fab_day3_logic_6346ee10c065ccc051a489a1ecff7695.bundle,跟徐媛首次交換情報,Branch,#Simple,37,赤字？,적자?
scene_day3_scenes_fab_day3_logic_6346ee10c065ccc051a489a1ecff7695.bundle,跟徐媛首次交換情報,Say,メイ･ジョ,68,サイレントの利益が右肩下がりなのは設備の差によるものなの。,사일런트의 이익이 계속 떨어지는 건 설비 격차 때문이야.
scene_day3_scenes_fab_day3_logic_6346ee10c065ccc051a489a1ecff7695.bundle,跟徐媛首次交換情報,Say,メイ･ジョ,69,ここの設備では新しい設備には勝てない。でも設備をアップグレードするのはコストが高すぎる。,여기 설비로는 새 설비를 못 이겨. 근데 설비를 업그레이드하는 건 비용이 너무 많이 들어.
scene_day3_scenes_fab_day3_logic_6346ee10c065ccc051a489a1ecff7695.bundle,跟徐媛首次交換情報,Branch,#Simple,38,……,……
scene_day3_scenes_fab_day3_logic_6346ee10c065ccc051a489a1ecff7695.bundle,跟徐媛首次交換情報,Say,メイ･ジョ,70,こんなジレンマがもう何年も続いているのよ。,이런 딜레마가 벌써 몇 년째 계속되고 있는 거야.
scene_day3_scenes_fab_day3_logic_6346ee10c065ccc051a489a1ecff7695.bundle,跟徐媛首次交換情報,Say,メイ･ジョ,71,でも双方がこのタイミングで動いたということは、きっと衝突を激化させた「要因」があると思う。,"근데 양쪽이 이 타이밍에 움직였다는 건, 분명 충돌을 격화시킨 '요인'이 있다고 생각해."
scene_day3_scenes_fab_day3_logic_6346ee10c065ccc051a489a1ecff7695.bundle,跟徐媛首次交換情報,Say,メイ･ジョ,72,おそらく万象は、過去の演算力生産よりずっと効率のいい方法を見つけたのよ。,"아마 완샹은, 과거의 연산력 생산보다 훨씬 효율 좋은 방법을 찾아낸 거야."
scene_day3_scenes_fab_day3_logic_6346ee10c065ccc051a489a1ecff7695.bundle,跟徐媛首次交換情報,Say,心の声,11,……スイ･ニンやリンが見つけた情報とほぼ合致するな。,……스이닝이랑 린이 찾아낸 정보랑 거의 일치하네.
scene_day3_scenes_fab_day3_logic_6346ee10c065ccc051a489a1ecff7695.bundle,跟徐媛首次交換情報,Branch,#Simple,39,それは間違いないのか？,그거 확실한 거야?
scene_day3_scenes_fab_day3_logic_6346ee10c065ccc051a489a1ecff7695.bundle,跟徐媛首次交換情報,Say,メイ･ジョ,73,九割九分、間違いないと思う。,"99%, 틀림없다고 생각해."
scene_day3_scenes_fab_day3_logic_6346ee10c065ccc051a489a1ecff7695.bundle,跟徐媛首次交換情報,Say,心の声,12,つまり確実ではないってことか。,즉 확실하지는 않다는 건가.
scene_day3_scenes_fab_day3_logic_6346ee10c065ccc051a489a1ecff7695.bundle,跟徐媛首次交換情報,Branch,#Simple,40,それが前の話と何の関係があるんだ？,그게 아까 얘기랑 무슨 상관인데?
scene_day3_scenes_fab_day3_logic_6346ee10c065ccc051a489a1ecff7695.bundle,跟徐媛首次交換情報,Say,メイ･ジョ,74,……まだわからないの？,……아직도 모르겠어?
scene_day3_scenes_fab_day3_logic_6346ee10c065ccc051a489a1ecff7695.bundle,跟徐媛首次交換情報,Say,メイ･ジョ,75,万象が他の方法で演算力生産の効率を上げられるなら、サイレントは存在理由を失うのよ。,"완샹이 다른 방법으로 연산력 생산 효율을 올릴 수 있다면, 사일런트는 존재 이유를 잃는 거야."
scene_day3_scenes_fab_day3_logic_6346ee10c065ccc051a489a1ecff7695.bundle,跟徐媛首次交換情報,Say,メイ･ジョ,76,閉鎖派はより積極的に工場閉鎖を進め、一方の存続派はより反対する。,"폐쇄파는 더 적극적으로 공장 폐쇄를 밀어붙이고, 반대로 존속파는 더 반대하고."
scene_day3_scenes_fab_day3_logic_6346ee10c065ccc051a489a1ecff7695.bundle,跟徐媛首次交換情報,Branch,#Simple,41,……,……
scene_day3_scenes_fab_day3_logic_6346ee10c065ccc051a489a1ecff7695.bundle,跟徐媛首次交換情報,Say,メイ･ジョ,77,今のこの局面はサイレントの未来だけでなく、万象の経営方針までもが左右される事態になっているの。,"지금 이 국면은 사일런트의 미래뿐만 아니라, 완샹의 경영 방침까지도 좌우되는 사태가 됐어."
scene_day3_scenes_fab_day3_logic_6346ee10c065ccc051a489a1ecff7695.bundle,跟徐媛首次交換情報,Say,メイ･ジョ,78,政府への影響力を強め、サンライズと勝負するか。,"정부에 대한 영향력을 강화해서, 선라이즈랑 승부할 건지."
scene_day3_scenes_fab_day3_logic_6346ee10c065ccc051a489a1ecff7695.bundle,跟徐媛首次交換情報,Say,メイ･ジョ,79,それとも利益と技術を確保し、力を蓄えるか。,"아니면 이익과 기술을 확보해서, 힘을 비축할 건지."
scene_day3_scenes_fab_day3_logic_6346ee10c065ccc051a489a1ecff7695.bundle,跟徐媛首次交換情報,Say,メイ･ジョ,80,これこそが取締役会のお考えだと思う。,이게 바로 이사회의 생각일 거라고 생각해.
scene_day3_scenes_fab_day3_logic_6346ee10c065ccc051a489a1ecff7695.bundle,跟徐媛首次交換情報,Say,メイ･ジョ,81,あなたにこれを理解しろとまでは、望まないけど、これが現実である可能性が高い。,"너한테 이걸 이해하라고까진, 안 바라지만, 이게 현실일 가능성이 높아."
scene_day3_scenes_fab_day3_logic_6346ee10c065ccc051a489a1ecff7695.bundle,跟徐媛首次交換情報,Say,心の声,13,確かに俺の理解を超えている……,확실히 내 이해를 넘어선다……
scene_day3_scenes_fab_day3_logic_6346ee10c065ccc051a489a1ecff7695.bundle,跟徐媛首次交換情報,Say,メイ･ジョ,82,確実に言えることは、閉鎖派と存続派は近々、何か大きな行動に出るはずよ。,"확실히 말할 수 있는 건, 폐쇄파랑 존속파는 조만간, 뭔가 큰 행동에 나설 거야."
scene_day3_scenes_fab_day3_logic_6346ee10c065ccc051a489a1ecff7695.bundle,跟徐媛首次交換情報,Say,メイ･ジョ,83,あなたの情報によれば、閉鎖派は実際にここに手を回しているようだしね。,"네 정보에 의하면, 폐쇄파는 실제로 여기에 손을 쓰고 있는 것 같으니까."
scene_day3_scenes_fab_day3_logic_6346ee10c065ccc051a489a1ecff7695.bundle,跟徐媛首次交換情報,Say,メイ･ジョ,84,あなたの情報によれば、存続派は実際にここに手を回しているようだしね。,"네 정보에 의하면, 존속파는 실제로 여기에 손을 쓰고 있는 것 같으니까."
scene_day3_scenes_fab_day3_logic_6346ee10c065ccc051a489a1ecff7695.bundle,跟徐媛首次交換情報,Branch,#Simple,42,あんたの情報は俺に何の価値があるんだ？,네 정보가 나한테 무슨 가치가 있는데?
scene_day3_scenes_fab_day3_logic_6346ee10c065ccc051a489a1ecff7695.bundle,跟徐媛首次交換情報,Say,メイ･ジョ,85,……,……
scene_day3_scenes_fab_day3_logic_6346ee10c065ccc051a489a1ecff7695.bundle,跟徐媛首次交換情報,Branch,#Simple,43,大体わかった。,대충 알겠다.
scene_day3_scenes_fab_day3_logic_6346ee10c065ccc051a489a1ecff7695.bundle,跟徐媛首次交換情報,Branch,#Simple,44,……,……
scene_day3_scenes_fab_day3_logic_6346ee10c065ccc051a489a1ecff7695.bundle,跟徐媛首次交換情報,Say,メイ･ジョ,86,私はわかってほしいの。,나는 네가 알아줬으면 해.
scene_day3_scenes_fab_day3_logic_6346ee10c065ccc051a489a1ecff7695.bundle,跟徐媛首次交換情報,Say,メイ･ジョ,87,今起きているすべては……,지금 일어나고 있는 이 모든 게……
scene_day3_scenes_fab_day3_logic_6346ee10c065ccc051a489a1ecff7695.bundle,跟徐媛首次交換情報,Say,メイ･ジョ,88,リン姉がその「要因」に触れてしまったことを物語っているのよ。,린 언니가 그 '요인'을 건드려버렸다는 걸 말해주고 있는 거야.
scene_day3_scenes_fab_day3_logic_6346ee10c065ccc051a489a1ecff7695.bundle,跟徐媛首次交換情報,Say,メイ･ジョ,89,双方が必死に守ろうとしていたものに触れてしまったから、彼女はあんなことになったの。,"양쪽이 필사적으로 지키려던 걸 건드려버렸으니까, 그 사람이 그렇게 된 거야."
scene_day3_scenes_fab_day3_logic_6346ee10c065ccc051a489a1ecff7695.bundle,跟徐媛首次交換情報,Say,メイ･ジョ,90,あなたが今、調べているものは、あなたの想像よりずっと危険なものなのよ。,"네가 지금, 조사하고 있는 건, 네 생각보다 훨씬 위험한 거야."
scene_day3_scenes_fab_day3_logic_6346ee10c065ccc051a489a1ecff7695.bundle,跟徐媛首次交換情報,Say,心の声,14,脅しではなく、本心からそう思っているようだ。,"협박이 아니라, 진심으로 그렇게 생각하는 것 같다."
scene_day3_scenes_fab_day3_logic_6346ee10c065ccc051a489a1ecff7695.bundle,跟徐媛首次交換情報,Say,メイ･ジョ,91,ジェイ。あなたも私も、より多くの情報を必要としている。,"제이. 너도 나도, 더 많은 정보가 필요해."
scene_day3_scenes_fab_day3_logic_6346ee10c065ccc051a489a1ecff7695.bundle,跟徐媛首次交換情報,Say,メイ･ジョ,92,……或いは証拠と言ってもいいかもしれない。,……혹은 증거라고 해도 될지 모르지.
scene_day3_scenes_fab_day3_logic_6346ee10c065ccc051a489a1ecff7695.bundle,跟徐媛首次交換情報,Say,メイ･ジョ,93,取締役会がどれほどの権力を持っていようと、彼らは自分たちが定めたルールを破ることはできない。,"이사회가 아무리 큰 권력을 가지고 있어도, 그들은 자기들이 정한 규칙을 깰 순 없어."
scene_day3_scenes_fab_day3_logic_6346ee10c065ccc051a489a1ecff7695.bundle,跟徐媛首次交換情報,Say,メイ･ジョ,94,あなたはさっき、取締役会が工場閉鎖を推し進めるために、直接手を回したと言ったわよね。,"너 아까, 이사회가 공장 폐쇄를 밀어붙이려고, 직접 손을 썼다고 했었지."
scene_day3_scenes_fab_day3_logic_6346ee10c065ccc051a489a1ecff7695.bundle,跟徐媛首次交換情報,Say,メイ･ジョ,95,あなたはさっき、取締役会が工場を存続させるために、直接手を回したと言ったわよね。,"너 아까, 이사회가 공장을 존속시키려고, 직접 손을 썼다고 했었지."
scene_day3_scenes_fab_day3_logic_6346ee10c065ccc051a489a1ecff7695.bundle,跟徐媛首次交換情報,Say,メイ･ジョ,96,彼らは密かにサイレントの職員を使って、その目的を達成しようとしているのよ。,"그들은 은밀하게 사일런트 직원을 이용해서, 그 목적을 달성하려 하고 있는 거야."
scene_day3_scenes_fab_day3_logic_6346ee10c065ccc051a489a1ecff7695.bundle,跟徐媛首次交換情報,Say,メイ･ジョ,97,あなたの次の任務は、彼らの「協力者」を見つけること。,"네 다음 임무는, 그들의 '협력자'를 찾는 거야."
scene_day3_scenes_fab_day3_logic_6346ee10c065ccc051a489a1ecff7695.bundle,跟徐媛首次交換情報,Say,心の声,15,もうわかっている。セラとケイウイだ……,이미 알고 있어. 세라랑 케이위다……
scene_day3_scenes_fab_day3_logic_6346ee10c065ccc051a489a1ecff7695.bundle,跟徐媛首次交換情報,Say,心の声,16,確か、チキョウ･リョウだ……,"분명, 치쿄 료다……"
scene_day3_scenes_fab_day3_logic_6346ee10c065ccc051a489a1ecff7695.bundle,跟徐媛首次交換情報,Branch,#Simple,45,なぜ俺があんたに協力しないといけないんだ？,왜 내가 너한테 협력해야 하는데?
scene_day3_scenes_fab_day3_logic_6346ee10c065ccc051a489a1ecff7695.bundle,跟徐媛首次交換情報,Branch,#Simple,46,協力者を見つけて、俺に何のメリットがある？,"협력자를 찾으면, 나한테 무슨 이득이 있는데?"
scene_day3_scenes_fab_day3_logic_6346ee10c065ccc051a489a1ecff7695.bundle,跟徐媛首次交換情報,Branch,#Simple,47,もう見つけている、と言ったらどうする？,이미 찾았다고 하면 어쩔 건데?
scene_day3_scenes_fab_day3_logic_6346ee10c065ccc051a489a1ecff7695.bundle,跟徐媛首次交換情報,Branch,#Simple,48,もう見つけている、と言ったらどうする？,이미 찾았다고 하면 어쩔 건데?
scene_day3_scenes_fab_day3_logic_6346ee10c065ccc051a489a1ecff7695.bundle,跟徐媛首次交換情報,Say,メイ･ジョ,98,お？,오?
scene_day3_scenes_fab_day3_logic_6346ee10c065ccc051a489a1ecff7695.bundle,跟徐媛首次交換情報,Branch,#Simple,49,……,……
scene_day3_scenes_fab_day3_logic_6346ee10c065ccc051a489a1ecff7695.bundle,跟徐媛首次交換情報,Say,メイ･ジョ,99,本当に取締役会の協力者を見つけたのなら、私への貸しにしといていいわ。,"정말로 이사회 협력자를 찾은 거라면, 나한테 빚으로 남겨둬도 돼."
scene_day3_scenes_fab_day3_logic_6346ee10c065ccc051a489a1ecff7695.bundle,跟徐媛首次交換情報,Say,メイ･ジョ,100,私の力が必要になった時、必ず助けてあげる。,"내 힘이 필요할 때, 반드시 도와줄게."
scene_day3_scenes_fab_day3_logic_6346ee10c065ccc051a489a1ecff7695.bundle,跟徐媛首次交換情報,Say,メイ･ジョ,101,もう見つかったと言うのなら……,이미 찾았다고 한다면……
scene_day3_scenes_fab_day3_logic_6346ee10c065ccc051a489a1ecff7695.bundle,跟徐媛首次交換情報,Say,メイ･ジョ,102,名前を教えて。,이름을 알려줘.
scene_day3_scenes_fab_day3_logic_6346ee10c065ccc051a489a1ecff7695.bundle,跟徐媛首次交換情報,Say,メイ･ジョ,103,もう見つかったと言うのなら……,이미 찾았다고 한다면……
scene_day3_scenes_fab_day3_logic_6346ee10c065ccc051a489a1ecff7695.bundle,跟徐媛首次交換情報,Say,メイ･ジョ,104,名前を教えて。,이름을 알려줘.
scene_day3_scenes_fab_day3_logic_6346ee10c065ccc051a489a1ecff7695.bundle,跟徐媛首次交換情報,Say,メイ･ジョ,105,それとも、あなたはもう何か手がかりを見つけたの？,"아니면, 너 이미 뭔가 단서를 찾은 거야?"
scene_day3_scenes_fab_day3_logic_6346ee10c065ccc051a489a1ecff7695.bundle,跟徐媛首次交換情報,Branch,#Simple,50,すでに協力者の正体はわかっている。,이미 협력자 정체는 알고 있어.
scene_day3_scenes_fab_day3_logic_6346ee10c065ccc051a489a1ecff7695.bundle,跟徐媛首次交換情報,Say,メイ･ジョ,106,あなたはさっき、何の進展もないと言ったはずよ。,"너 아까, 아무 진전도 없다고 했었잖아."
scene_day3_scenes_fab_day3_logic_6346ee10c065ccc051a489a1ecff7695.bundle,跟徐媛首次交換情報,Say,メイ･ジョ,107,そんな簡単に信用できない。,그렇게 쉽게 믿을 순 없지.
scene_day3_scenes_fab_day3_logic_6346ee10c065ccc051a489a1ecff7695.bundle,跟徐媛首次交換情報,Branch,#Simple,51,俺はそんな簡単に、手札を明かしたくないだけだ。,"나는 그렇게 쉽게, 패를 까고 싶지 않을 뿐이야."
scene_day3_scenes_fab_day3_logic_6346ee10c065ccc051a489a1ecff7695.bundle,跟徐媛首次交換情報,Branch,#Simple,52,本当に知っているんだ。,진짜로 알고 있어.
scene_day3_scenes_fab_day3_logic_6346ee10c065ccc051a489a1ecff7695.bundle,跟徐媛首次交換情報,Branch,#Simple,53,聞く気がないなら、別に構わない。,"들을 생각 없으면, 딱히 상관없고."
scene_day3_scenes_fab_day3_logic_6346ee10c065ccc051a489a1ecff7695.bundle,跟徐媛首次交換情報,Branch,#Simple,54,……,……
scene_day3_scenes_fab_day3_logic_6346ee10c065ccc051a489a1ecff7695.bundle,跟徐媛首次交換情報,Say,メイ･ジョ,108,……,……
scene_day3_scenes_fab_day3_logic_6346ee10c065ccc051a489a1ecff7695.bundle,跟徐媛首次交換情報,Say,メイ･ジョ,109,その人物の名前を教えて。,그 인물 이름을 알려줘.
scene_day3_scenes_fab_day3_logic_6346ee10c065ccc051a489a1ecff7695.bundle,跟徐媛首次交換情報,Branch,#Simple,55,いや。,아니.
scene_day3_scenes_fab_day3_logic_6346ee10c065ccc051a489a1ecff7695.bundle,跟徐媛首次交換情報,Say,メイ･ジョ,110,だろうな。,그렇겠지.
scene_day3_scenes_fab_day3_logic_6346ee10c065ccc051a489a1ecff7695.bundle,跟徐媛首次交換情報,Branch,#Simple,56,工場閉鎖派の協力者は操作組のケイウイ･コだ。,공장 폐쇄파 협력자는 조작조의 케이위 코야.
scene_day3_scenes_fab_day3_logic_6346ee10c065ccc051a489a1ecff7695.bundle,跟徐媛首次交換情報,Say,メイ･ジョ,111,操作組のチーフ？,조작조 팀장?
scene_day3_scenes_fab_day3_logic_6346ee10c065ccc051a489a1ecff7695.bundle,跟徐媛首次交換情報,Say,メイ･ジョ,112,無能でもチーフになれたのはそういうことね……,무능해도 팀장이 될 수 있었던 게 그런 거였구나……
scene_day3_scenes_fab_day3_logic_6346ee10c065ccc051a489a1ecff7695.bundle,跟徐媛首次交換情報,Say,メイ･ジョ,113,理にかなってる。,말이 되네.
scene_day3_scenes_fab_day3_logic_6346ee10c065ccc051a489a1ecff7695.bundle,跟徐媛首次交換情報,Branch,#Simple,57,工場閉鎖派の協力者は操作組のセラ･キョウだ。,공장 폐쇄파 협력자는 조작조의 세라 쿄야.
scene_day3_scenes_fab_day3_logic_6346ee10c065ccc051a489a1ecff7695.bundle,跟徐媛首次交換情報,Say,メイ･ジョ,114,……,……
scene_day3_scenes_fab_day3_logic_6346ee10c065ccc051a489a1ecff7695.bundle,跟徐媛首次交換情報,Say,メイ･ジョ,115,セラ……私の監視リストには載っていないわね。,세라……내 감시 명단엔 없는데.
scene_day3_scenes_fab_day3_logic_6346ee10c065ccc051a489a1ecff7695.bundle,跟徐媛首次交換情報,Say,メイ･ジョ,116,調べておくわ。,조사해둘게.
scene_day3_scenes_fab_day3_logic_6346ee10c065ccc051a489a1ecff7695.bundle,跟徐媛首次交換情報,Branch,#Simple,58,工場閉鎖派の協力者は操作組のセラ･キョウとケイウイ･コだ。,공장 폐쇄파 협력자는 조작조의 세라 쿄랑 케이위 코야.
scene_day3_scenes_fab_day3_logic_6346ee10c065ccc051a489a1ecff7695.bundle,跟徐媛首次交換情報,Say,メイ･ジョ,117,操作組のチーフ？,조작조 팀장?
scene_day3_scenes_fab_day3_logic_6346ee10c065ccc051a489a1ecff7695.bundle,跟徐媛首次交換情報,Say,メイ･ジョ,118,無能でもチーフになれたのはそういうことね……,무능해도 팀장이 될 수 있었던 게 그런 거였구나……
scene_day3_scenes_fab_day3_logic_6346ee10c065ccc051a489a1ecff7695.bundle,跟徐媛首次交換情報,Say,メイ･ジョ,119,……,……
scene_day3_scenes_fab_day3_logic_6346ee10c065ccc051a489a1ecff7695.bundle,跟徐媛首次交換情報,Say,メイ･ジョ,120,セラ……私の監視リストには載っていないわね。,세라……내 감시 명단엔 없는데.
scene_day3_scenes_fab_day3_logic_6346ee10c065ccc051a489a1ecff7695.bundle,跟徐媛首次交換情報,Say,メイ･ジョ,121,調べておくわ。,조사해둘게.
scene_day3_scenes_fab_day3_logic_6346ee10c065ccc051a489a1ecff7695.bundle,跟徐媛首次交換情報,Branch,#Simple,59,教えるつもりはない。,알려줄 생각 없어.
scene_day3_scenes_fab_day3_logic_6346ee10c065ccc051a489a1ecff7695.bundle,跟徐媛首次交換情報,Say,メイ･ジョ,122,その言い方じゃ、本当に知っているのかどうか謎ね。,"그런 말투로는, 진짜로 아는 건지 아닌지 알 수가 없네."
scene_day3_scenes_fab_day3_logic_6346ee10c065ccc051a489a1ecff7695.bundle,跟徐媛首次交換情報,Say,メイ･ジョ,123,本当に知っているの？,진짜로 알고 있어?
scene_day3_scenes_fab_day3_logic_6346ee10c065ccc051a489a1ecff7695.bundle,跟徐媛首次交換情報,Branch,#Simple,60,信じるか信じないかはあんた次第だ。だが俺は本当に知っている。,믿고 안 믿고는 네 마음이야. 근데 나는 진짜로 알고 있어.
scene_day3_scenes_fab_day3_logic_6346ee10c065ccc051a489a1ecff7695.bundle,跟徐媛首次交換情報,Branch,#Simple,61,たぶんな。,아마도.
scene_day3_scenes_fab_day3_logic_6346ee10c065ccc051a489a1ecff7695.bundle,跟徐媛首次交換情報,Branch,#Simple,62,……,……
scene_day3_scenes_fab_day3_logic_6346ee10c065ccc051a489a1ecff7695.bundle,跟徐媛首次交換情報,Say,メイ･ジョ,124,言う気になったらまた来なさい。私とあなたの取引は、当分は続くわけだしね。,"말할 마음이 들면 또 와. 나랑 너의 거래는, 당분간 계속될 거니까."
scene_day3_scenes_fab_day3_logic_6346ee10c065ccc051a489a1ecff7695.bundle,跟徐媛首次交換情報,Branch,#Simple,63,工場存続派の協力者は選別組のチキョウ･リョウだ。,공장 존속파 협력자는 선별조의 치쿄 료야.
scene_day3_scenes_fab_day3_logic_6346ee10c065ccc051a489a1ecff7695.bundle,跟徐媛首次交換情報,Say,メイ･ジョ,125,あのおじさんか。シエンから報告が上がってたから覚えてる。,그 아저씨였구나. 셰인한테서 보고가 올라와서 기억해.
scene_day3_scenes_fab_day3_logic_6346ee10c065ccc051a489a1ecff7695.bundle,跟徐媛首次交換情報,Say,メイ･ジョ,126,彼か……,그 사람인가……
scene_day3_scenes_fab_day3_logic_6346ee10c065ccc051a489a1ecff7695.bundle,跟徐媛首次交換情報,Say,心の声,17,何かに気づいたようだ……,뭔가 눈치챈 것 같다……
scene_day3_scenes_fab_day3_logic_6346ee10c065ccc051a489a1ecff7695.bundle,跟徐媛首次交換情報,Say,メイ･ジョ,127,とりあえず、わかった。,"일단, 알았어."
scene_day3_scenes_fab_day3_logic_6346ee10c065ccc051a489a1ecff7695.bundle,跟徐媛首次交換情報,Branch,#Simple,64,教えるつもりはない。,알려줄 생각 없어.
scene_day3_scenes_fab_day3_logic_6346ee10c065ccc051a489a1ecff7695.bundle,跟徐媛首次交換情報,Say,メイ･ジョ,128,その言い方じゃ、本当に知っているのかどうか謎ね。,"그런 말투로는, 진짜로 아는 건지 아닌지 알 수가 없네."
scene_day3_scenes_fab_day3_logic_6346ee10c065ccc051a489a1ecff7695.bundle,跟徐媛首次交換情報,Say,メイ･ジョ,129,本当に知っているの？,진짜로 알고 있어?
scene_day3_scenes_fab_day3_logic_6346ee10c065ccc051a489a1ecff7695.bundle,跟徐媛首次交換情報,Branch,#Simple,65,信じるか信じないかはあんた次第だ。だが俺は本当に知っている。,믿고 안 믿고는 네 마음이야. 근데 나는 진짜로 알고 있어.
scene_day3_scenes_fab_day3_logic_6346ee10c065ccc051a489a1ecff7695.bundle,跟徐媛首次交換情報,Branch,#Simple,66,たぶんな。,아마도.
scene_day3_scenes_fab_day3_logic_6346ee10c065ccc051a489a1ecff7695.bundle,跟徐媛首次交換情報,Branch,#Simple,67,……,……
scene_day3_scenes_fab_day3_logic_6346ee10c065ccc051a489a1ecff7695.bundle,跟徐媛首次交換情報,Say,メイ･ジョ,130,言う気になったらまた来なさい。私とあなたの取引は、当分は続くわけだしね。,"말할 마음이 들면 또 와. 나랑 너의 거래는, 당분간 계속될 거니까."
scene_day3_scenes_fab_day3_logic_6346ee10c065ccc051a489a1ecff7695.bundle,跟徐媛首次交換情報,Say,メイ･ジョ,131,……,……
scene_day3_scenes_fab_day3_logic_6346ee10c065ccc051a489a1ecff7695.bundle,跟徐媛首次交換情報,Say,メイ･ジョ,132,ジェイ･ダイ、あなたはこの状況で嘘をつくほどバカではないと思う。,"제이 다이, 너는 이 상황에서 거짓말을 할 만큼 바보는 아니라고 생각해."
scene_day3_scenes_fab_day3_logic_6346ee10c065ccc051a489a1ecff7695.bundle,跟徐媛首次交換情報,Say,メイ･ジョ,133,でも忠告よ。もしあなたが嘘をついていたとわかったら、ただでは済まない。,"근데 충고해두는데. 만약 네가 거짓말한 거라는 게 밝혀지면, 그냥은 안 넘어가."
scene_day3_scenes_fab_day3_logic_6346ee10c065ccc051a489a1ecff7695.bundle,跟徐媛首次交換情報,Say,メイ･ジョ,134,とはいえ、私は今あなたに借りができた。,"그렇다고 해도, 나는 지금 너한테 빚이 생겼어."
scene_day3_scenes_fab_day3_logic_6346ee10c065ccc051a489a1ecff7695.bundle,跟徐媛首次交換情報,Say,メイ･ジョ,135,助けがほしい時には、また来なさい。,"도움이 필요할 때는, 또 와."
scene_day3_scenes_fab_day3_logic_6346ee10c065ccc051a489a1ecff7695.bundle,跟徐媛首次交換情報,Say,心の声,18,いつかきっと、メイ･ジョとのこの約束が役に立つはずだ……,"언젠가 분명, 메이 조와의 이 약속이 도움이 될 거다……"
scene_day3_scenes_fab_day3_logic_6346ee10c065ccc051a489a1ecff7695.bundle,跟徐媛首次交換情報,Say,メイ･ジョ,136,さて、ここまでにしましょう。,"자, 여기까지 하자."
scene_day3_scenes_fab_day3_logic_6346ee10c065ccc051a489a1ecff7695.bundle,跟徐媛首次交換情報,Branch,#Simple,68,いい取引だった。,좋은 거래였어.
scene_day3_scenes_fab_day3_logic_6346ee10c065ccc051a489a1ecff7695.bundle,跟徐媛首次交換情報,Say,心の声,19,笑った。,웃었다.
scene_day3_scenes_fab_day3_logic_6346ee10c065ccc051a489a1ecff7695.bundle,跟徐媛首次交換情報,Say,メイ･ジョ,137,そうね。,그러네.
scene_day3_scenes_fab_day3_logic_6346ee10c065ccc051a489a1ecff7695.bundle,跟徐媛首次交換情報,Say,メイ･ジョ,138,あなたにとってはね。私はほとんど情報を得られなかった。,너한테는 말이지. 나는 거의 정보를 못 얻었는데.
scene_day3_scenes_fab_day3_logic_6346ee10c065ccc051a489a1ecff7695.bundle,跟徐媛首次交換情報,Branch,#Simple,69,シエン･ソウは真面目で良い部下だ。,셴 소는 성실하고 좋은 부하야.
scene_day3_scenes_fab_day3_logic_6346ee10c065ccc051a489a1ecff7695.bundle,跟徐媛首次交換情報,Say,メイ･ジョ,139,急にどうしたの？,갑자기 왜 그래?
scene_day3_scenes_fab_day3_logic_6346ee10c065ccc051a489a1ecff7695.bundle,跟徐媛首次交換情報,Branch,#Simple,70,思ったことを言っただけだ。,그냥 생각한 걸 말했을 뿐이야.
scene_day3_scenes_fab_day3_logic_6346ee10c065ccc051a489a1ecff7695.bundle,跟徐媛首次交換情報,Branch,#Simple,71,彼女はあんたを尊敬している。,그 사람은 너를 존경하고 있어.
scene_day3_scenes_fab_day3_logic_6346ee10c065ccc051a489a1ecff7695.bundle,跟徐媛首次交換情報,Say,メイ･ジョ,140,……,……
scene_day3_scenes_fab_day3_logic_6346ee10c065ccc051a489a1ecff7695.bundle,跟徐媛首次交換情報,Say,メイ･ジョ,141,わかった。,알았어.
scene_day3_scenes_fab_day3_logic_6346ee10c065ccc051a489a1ecff7695.bundle,跟徐媛首次交換情報,Say,心の声,20,よくは見えないが、微笑んでいた気がする……,"잘 안 보이지만, 미소 지은 것 같은 느낌이 든다……"
scene_day3_scenes_fab_day3_logic_6346ee10c065ccc051a489a1ecff7695.bundle,跟徐媛首次交換情報,Branch,#Simple,72,……,……
scene_day3_scenes_fab_day3_logic_6346ee10c065ccc051a489a1ecff7695.bundle,跟徐媛首次交換情報,Say,メイ･ジョ,142,もう行きなさい。,이제 가.
scene_day3_scenes_fab_day3_logic_6346ee10c065ccc051a489a1ecff7695.bundle,跟徐媛首次交換情報,Say,メイ･ジョ,143,私たちが長い時間、接触していると、他の誰かに気づかれる可能性がある,"우리가 오랜 시간, 접촉하고 있으면, 다른 누군가한테 들킬 가능성이 있어"
scene_day3_scenes_fab_day3_logic_6346ee10c065ccc051a489a1ecff7695.bundle,跟徐媛首次交換情報,Say,スイ･ニン,0,ジェイ、もうすぐ結果が出る。,"제이, 곧 결과가 나와."
scene_day3_scenes_fab_day3_logic_6346ee10c065ccc051a489a1ecff7695.bundle,跟徐媛首次交換情報,Say,スイ･ニン,1,トラックに戻って。,트럭으로 돌아와.
scene_day3_scenes_fab_day3_logic_6346ee10c065ccc051a489a1ecff7695.bundle,跟徐媛首次交換情報,Say,メイ･ジョ,144,行きなさい。,가.
scene_day3_scenes_fab_day3_logic_6346ee10c065ccc051a489a1ecff7695.bundle,跟徐媛首次交換情報,Say,メイ･ジョ,145,私は来客を待ってるから、あなたはお役御免よ。,"나는 손님을 기다리고 있으니까, 너는 볼일 끝이야."
scene_day3_scenes_fab_day3_logic_6346ee10c065ccc051a489a1ecff7695.bundle,跟徐媛首次交換情報,Say,メイ･ジョ,146,また連絡するわね。,또 연락할게.
scene_day3_scenes_fab_day3_logic_6346ee10c065ccc051a489a1ecff7695.bundle,跟徐媛首次交換情報,Branch,#Simple,73,メイ･ジョ、あんたの目的はなんだ？,"메이 조, 네 목적이 뭐야?"
scene_day3_scenes_fab_day3_logic_6346ee10c065ccc051a489a1ecff7695.bundle,跟徐媛首次交換情報,Say,メイ･ジョ,147,……,……
scene_day3_scenes_fab_day3_logic_6346ee10c065ccc051a489a1ecff7695.bundle,跟徐媛首次交換情報,Say,メイ･ジョ,148,私は、力がほしいの。,"나는, 힘을 원해."
scene_day3_scenes_fab_day3_logic_6346ee10c065ccc051a489a1ecff7695.bundle,跟徐媛首次交換情報,Say,メイ･ジョ,149,そのためにも、私は真実を知る必要がある。,"그러기 위해서도, 나는 진실을 알아야 해."
scene_day3_scenes_fab_day3_logic_6346ee10c065ccc051a489a1ecff7695.bundle,跟徐媛首次交換情報,Say,メイ･ジョ,150,あなたはリン姉の仇を取りたい。,너는 린 언니의 원수를 갚고 싶어 하지.
scene_day3_scenes_fab_day3_logic_6346ee10c065ccc051a489a1ecff7695.bundle,跟徐媛首次交換情報,Say,メイ･ジョ,151,だからあなたも、真実を知る必要がある。,"그러니까 너도, 진실을 알아야 하고."
scene_day3_scenes_fab_day3_logic_6346ee10c065ccc051a489a1ecff7695.bundle,跟徐媛首次交換情報,Say,メイ･ジョ,152,それだけわかれば、十分でしょう？,"그것만 알면, 충분하잖아?"
scene_day3_scenes_fab_day3_logic_6346ee10c065ccc051a489a1ecff7695.bundle,跟徐媛首次交換情報,Branch,#Simple,74,……,……
scene_day3_scenes_fab_day3_logic_6346ee10c065ccc051a489a1ecff7695.bundle,跟徐媛首次交換情報,Say,メイ･ジョ,153,じゃあね。ジェイ･ダイ。,그럼 이만. 제이 다이.
scene_day3_scenes_fab_day3_logic_6346ee10c065ccc051a489a1ecff7695.bundle,跟徐媛首次交換情報,Branch,#Simple,75,お疲れ様でした。,수고하셨습니다.
scene_day3_scenes_fab_day3_logic_6346ee10c065ccc051a489a1ecff7695.bundle,跟徐媛首次交換情報,Branch,#Simple,76,……,……
scene_day3_scenes_fab_day3_logic_6346ee10c065ccc051a489a1ecff7695.bundle,跟徐媛首次交換情報,Say,心の声,21,トラックに向かおう。,트럭으로 가자.
scene_day3_scenes_fab_day3_logic_6346ee10c065ccc051a489a1ecff7695.bundle,跟徐媛首次交換情報,Say,心の声,22,もしかしたら、全てに片がつくかもしれない……,"어쩌면, 모든 게 끝날지도 모른다……"
scene_day3_scenes_fab_day3_logic_6346ee10c065ccc051a489a1ecff7695.bundle,回車上聽地窖數據結果2,Say,スイ･ニン,0,23号？,23호?
scene_day3_scenes_fab_day3_logic_6346ee10c065ccc051a489a1ecff7695.bundle,回車上聽地窖數據結果2,Say,23,0,……なかった。,……없었어.
scene_day3_scenes_fab_day3_logic_6346ee10c065ccc051a489a1ecff7695.bundle,回車上聽地窖數據結果2,Branch,#Simple,0,……なかった？,……없었다고?
scene_day3_scenes_fab_day3_logic_6346ee10c065ccc051a489a1ecff7695.bundle,回車上聽地窖數據結果2,Branch,#Simple,1,解析がまだ終わっていないのか？,해석이 아직 안 끝난 건가?
scene_day3_scenes_fab_day3_logic_6346ee10c065ccc051a489a1ecff7695.bundle,回車上聽地窖數據結果2,Branch,#Simple,2,……,……
scene_day3_scenes_fab_day3_logic_6346ee10c065ccc051a489a1ecff7695.bundle,回車上聽地窖數據結果2,Say,23,1,出力効率を調整した痕跡がなかったの。,출력 효율을 조정한 흔적이 없었어.
scene_day3_scenes_fab_day3_logic_6346ee10c065ccc051a489a1ecff7695.bundle,回車上聽地窖數據結果2,Say,リン･テイ,0,一つも？,하나도?
scene_day3_scenes_fab_day3_logic_6346ee10c065ccc051a489a1ecff7695.bundle,回車上聽地窖數據結果2,Say,23,2,うん、何もなかった。実際のデータは正常そのものよ。,"응, 아무것도 없었어. 실제 데이터는 그냥 정상 그 자체야."
scene_day3_scenes_fab_day3_logic_6346ee10c065ccc051a489a1ecff7695.bundle,回車上聽地窖數據結果2,Say,スイ･ニン,1,間違いないのか？,틀림없는 건가?
scene_day3_scenes_fab_day3_logic_6346ee10c065ccc051a489a1ecff7695.bundle,回車上聽地窖數據結果2,Say,23,3,100％間違いない。,100% 틀림없어.
scene_day3_scenes_fab_day3_logic_6346ee10c065ccc051a489a1ecff7695.bundle,回車上聽地窖數據結果2,Say,スイ･ニン,2,……,……
scene_day3_scenes_fab_day3_logic_6346ee10c065ccc051a489a1ecff7695.bundle,回車上聽地窖數據結果2,Say,リュウセイ･チョウ,0,ど、どういうことっすか？,"그, 그게 무슨 소리예요?"
scene_day3_scenes_fab_day3_logic_6346ee10c065ccc051a489a1ecff7695.bundle,回車上聽地窖數據結果2,Say,スイ･ニン,3,23号、データを見せて。,"23호, 데이터 보여줘."
scene_day3_scenes_fab_day3_logic_6346ee10c065ccc051a489a1ecff7695.bundle,回車上聽地窖數據結果2,Say,23,4,細かく見たから、間違いないよ。,"꼼꼼히 봤으니까, 틀림없어."
scene_day3_scenes_fab_day3_logic_6346ee10c065ccc051a489a1ecff7695.bundle,回車上聽地窖數據結果2,Say,スイ･ニン,4,いいから、見せて。,"됐으니까, 보여줘."
scene_day3_scenes_fab_day3_logic_6346ee10c065ccc051a489a1ecff7695.bundle,回車上聽地窖數據結果2,Say,23,5,うちが見落としたと思ってるの？,내가 놓쳤다고 생각하는 거야?
scene_day3_scenes_fab_day3_logic_6346ee10c065ccc051a489a1ecff7695.bundle,回車上聽地窖數據結果2,Say,スイ･ニン,5,ただ確認したいだけだ。,그냥 확인하고 싶을 뿐이다.
scene_day3_scenes_fab_day3_logic_6346ee10c065ccc051a489a1ecff7695.bundle,回車上聽地窖數據結果2,Say,23,6,普段なら確認なんてしないのに？,평소엔 확인 같은 거 안 했으면서?
scene_day3_scenes_fab_day3_logic_6346ee10c065ccc051a489a1ecff7695.bundle,回車上聽地窖數據結果2,Say,スイ･ニン,6,23号、これはとても重要なことなんだ。,"23호, 이건 아주 중요한 일이다."
scene_day3_scenes_fab_day3_logic_6346ee10c065ccc051a489a1ecff7695.bundle,回車上聽地窖數據結果2,Say,23,7,はぁ……わかったよ。ごめん、ちょっと感情的になった……,"하……알았어. 미안, 좀 감정적이었네……"
scene_day3_scenes_fab_day3_logic_6346ee10c065ccc051a489a1ecff7695.bundle,回車上聽地窖數據結果2,Say,23,8,……,……
scene_day3_scenes_fab_day3_logic_6346ee10c065ccc051a489a1ecff7695.bundle,回車上聽地窖數據結果2,Say,23,9,送ったよ。,보냈어.
scene_day3_scenes_fab_day3_logic_6346ee10c065ccc051a489a1ecff7695.bundle,回車上聽地窖數據結果2,Say,リン･テイ,1,確かに問題ないわね……,확실히 문제없네……
scene_day3_scenes_fab_day3_logic_6346ee10c065ccc051a489a1ecff7695.bundle,回車上聽地窖數據結果2,Say,スイ･ニン,7,ああ。,아.
scene_day3_scenes_fab_day3_logic_6346ee10c065ccc051a489a1ecff7695.bundle,回車上聽地窖數據結果2,Say,リュウセイ･チョウ,1,じゃ、僕たちは本当に万象を誤解してただけってことっすか？,"그럼, 저희가 정말로 완샹을 오해하고 있던 것뿐이란 거예요?"
scene_day3_scenes_fab_day3_logic_6346ee10c065ccc051a489a1ecff7695.bundle,回車上聽地窖數據結果2,Say,リュウセイ･チョウ,2,でも、ばあさんとリンさんが持ち帰った資料が正しければ、万象は確実に供給源以上の演算力を生産しているはずっすよね……？,"근데, 할머니랑 린 씨가 가져온 자료가 맞다면, 완샹은 확실히 공급원 이상의 연산력을 생산하고 있을 텐데요……?"
scene_day3_scenes_fab_day3_logic_6346ee10c065ccc051a489a1ecff7695.bundle,回車上聽地窖數據結果2,Branch,#Simple,3,万象が何か新技術を開発したとか？,완샹이 뭔가 신기술을 개발한 거 아닌가?
scene_day3_scenes_fab_day3_logic_6346ee10c065ccc051a489a1ecff7695.bundle,回車上聽地窖數據結果2,Say,リュウセイ･チョウ,3,それを隠しているだけってことっすか？,그걸 숨기고 있는 것뿐이란 거예요?
scene_day3_scenes_fab_day3_logic_6346ee10c065ccc051a489a1ecff7695.bundle,回車上聽地窖數據結果2,Say,リン･テイ,2,いえ、それはありえないわ。イファさんのハードディスクによれば、増加した演算力はサイレントで生産されたものなのよ。,"아니, 그건 있을 수 없어. 이화 씨 하드디스크에 따르면, 늘어난 연산력은 사일런트에서 생산된 거야."
scene_day3_scenes_fab_day3_logic_6346ee10c065ccc051a489a1ecff7695.bundle,回車上聽地窖數據結果2,Branch,#Simple,4,生産元のデータを偽ったとかか？,생산원 데이터를 조작했다든가?
scene_day3_scenes_fab_day3_logic_6346ee10c065ccc051a489a1ecff7695.bundle,回車上聽地窖數據結果2,Say,リン･テイ,3,それは……,그건……
scene_day3_scenes_fab_day3_logic_6346ee10c065ccc051a489a1ecff7695.bundle,回車上聽地窖數據結果2,Say,23,10,今ある情報から考えても、その線は捨てきれないね。,"지금 있는 정보로 생각해봐도, 그 가능성은 버릴 수 없네."
scene_day3_scenes_fab_day3_logic_6346ee10c065ccc051a489a1ecff7695.bundle,回車上聽地窖數據結果2,Say,23,11,でも……,하지만……
scene_day3_scenes_fab_day3_logic_6346ee10c065ccc051a489a1ecff7695.bundle,回車上聽地窖數據結果2,Branch,#Simple,5,その新技術がサイレントの中にあるとか？,그 신기술이 사일런트 안에 있다든가?
scene_day3_scenes_fab_day3_logic_6346ee10c065ccc051a489a1ecff7695.bundle,回車上聽地窖數據結果2,Branch,#Simple,6,……,……
scene_day3_scenes_fab_day3_logic_6346ee10c065ccc051a489a1ecff7695.bundle,回車上聽地窖數據結果2,Say,リン･テイ,4,新技術を隠したいだけなら、ここまでする必要はないはずよ。,"신기술을 숨기고 싶은 것뿐이라면, 여기까지 할 필요는 없을 거야."
scene_day3_scenes_fab_day3_logic_6346ee10c065ccc051a489a1ecff7695.bundle,回車上聽地窖數據結果2,Say,リン･テイ,5,生産元まで偽造するってことは、彼らが隠したがっているのは技術でなく……,"생산원까지 위조한다는 건, 그들이 숨기고 싶은 게 기술이 아니라……"
scene_day3_scenes_fab_day3_logic_6346ee10c065ccc051a489a1ecff7695.bundle,回車上聽地窖數據結果2,Say,スイ･ニン,8,犯罪の証拠だな。,범죄의 증거로군.
scene_day3_scenes_fab_day3_logic_6346ee10c065ccc051a489a1ecff7695.bundle,回車上聽地窖數據結果2,Say,リン･テイ,6,ええ、やっぱり私たちの最初の推測が正しいと思う。,"응, 역시 우리 처음 추측이 맞다고 생각해."
scene_day3_scenes_fab_day3_logic_6346ee10c065ccc051a489a1ecff7695.bundle,回車上聽地窖數據結果2,Branch,#Simple,7,……,……
scene_day3_scenes_fab_day3_logic_6346ee10c065ccc051a489a1ecff7695.bundle,回車上聽地窖數據結果2,Say,リン･テイ,7,……,……
scene_day3_scenes_fab_day3_logic_6346ee10c065ccc051a489a1ecff7695.bundle,回車上聽地窖數據結果2,Say,リン･テイ,8,私は、セラーのデータは偽造されたものだと思う。,"나는, 저장고 데이터가 위조된 거라고 생각해."
scene_day3_scenes_fab_day3_logic_6346ee10c065ccc051a489a1ecff7695.bundle,回車上聽地窖數據結果2,Say,23,12,いや、それはありえないよ。これは原始データだよ？,"아니, 그건 있을 수 없어. 이건 원본 데이터라고?"
scene_day3_scenes_fab_day3_logic_6346ee10c065ccc051a489a1ecff7695.bundle,回車上聽地窖數據結果2,Say,23,13,このデータまでもが偽物なら、操作組は端から、セラーの本当のデータを見ていなかったことになる。,"이 데이터까지 가짜라면, 조작조는 애초부터 저장고의 진짜 데이터를 본 적이 없었다는 얘기가 돼."
scene_day3_scenes_fab_day3_logic_6346ee10c065ccc051a489a1ecff7695.bundle,回車上聽地窖數據結果2,Say,23,14,つまり操作組は、セラーの管理なんて一度もしたことがなく、彼らは偽りの数字に従って、実行されない指示を出していただけってことになるよ。,"즉 조작조는, 저장고 관리 같은 걸 한 번도 한 적이 없고, 그저 거짓 숫자에 따라 실행되지 않는 지시를 내리고 있었을 뿐이란 얘기가 돼."
scene_day3_scenes_fab_day3_logic_6346ee10c065ccc051a489a1ecff7695.bundle,回車上聽地窖數據結果2,Say,23,15,そんなことがあり得るの？,그런 게 가능한 거야?
scene_day3_scenes_fab_day3_logic_6346ee10c065ccc051a489a1ecff7695.bundle,回車上聽地窖數據結果2,Say,リン･テイ,9,あり得るわ。万象ならそこまで徹底すると思う。,가능해. 완샹이라면 거기까지 철저하게 할 거라고 생각해.
scene_day3_scenes_fab_day3_logic_6346ee10c065ccc051a489a1ecff7695.bundle,回車上聽地窖數據結果2,Say,23,16,そんな……,그런……
scene_day3_scenes_fab_day3_logic_6346ee10c065ccc051a489a1ecff7695.bundle,回車上聽地窖數據結果2,Say,23,17,……,……
scene_day3_scenes_fab_day3_logic_6346ee10c065ccc051a489a1ecff7695.bundle,回車上聽地窖數據結果2,Say,23,18,うちはこの件を偽装か、マネーローンダリングだと思ってる。,"나는 이 건이 위장이거나, 자금세탁이라고 생각해."
scene_day3_scenes_fab_day3_logic_6346ee10c065ccc051a489a1ecff7695.bundle,回車上聽地窖數據結果2,Say,スイ･ニン,9,23号……,23호……
scene_day3_scenes_fab_day3_logic_6346ee10c065ccc051a489a1ecff7695.bundle,回車上聽地窖數據結果2,Say,23,19,スイ、最後まで聞いて。,"스이, 끝까지 들어."
scene_day3_scenes_fab_day3_logic_6346ee10c065ccc051a489a1ecff7695.bundle,回車上聽地窖數據結果2,Say,23,20,この可能性を考えざるを得ないの。万象が沢山の演算力を生産していたというデータは、最初から偽造なのよ。,"이 가능성을 생각 안 할 수가 없어. 완샹이 많은 연산력을 생산하고 있었다는 데이터는, 처음부터 위조인 거야."
scene_day3_scenes_fab_day3_logic_6346ee10c065ccc051a489a1ecff7695.bundle,回車上聽地窖數據結果2,Say,スイ･ニン,10,それはありえない。万象が演算力を提供している数多の企業がそれに気づかないわけがない。,그건 있을 수 없어. 완샹이 연산력을 제공하고 있는 수많은 기업들이 그걸 눈치 못 챌 리가 없다.
scene_day3_scenes_fab_day3_logic_6346ee10c065ccc051a489a1ecff7695.bundle,回車上聽地窖數據結果2,Say,23,21,そんなことない。今はすべての中小企業が演算力競争に陥っている。,그렇지 않아. 지금은 모든 중소기업이 연산력 경쟁에 빠져있어.
scene_day3_scenes_fab_day3_logic_6346ee10c065ccc051a489a1ecff7695.bundle,回車上聽地窖數據結果2,Say,23,22,彼らは自分が何を買っているのかなんて、わかってない。演算力が多ければ勝ちとしか思ってないのよ。,그들은 자기가 뭘 사고 있는지도 몰라. 연산력이 많으면 이긴다고밖에 생각 안 해.
scene_day3_scenes_fab_day3_logic_6346ee10c065ccc051a489a1ecff7695.bundle,回車上聽地窖數據結果2,Say,23,23,そういう会社は調べる能力すらないから、もしかしたら……,"그런 회사는 조사할 능력조차 없으니까, 어쩌면……"
scene_day3_scenes_fab_day3_logic_6346ee10c065ccc051a489a1ecff7695.bundle,回車上聽地窖數據結果2,Say,スイ･ニン,11,サンライズ、ビッグウェイ、ダイトウも万象と提携関係にある。彼らも騙されると言うのか？,"선라이즈, 빅웨이, 다이토도 완샹과 제휴 관계에 있다. 그들도 속고 있다는 건가?"
scene_day3_scenes_fab_day3_logic_6346ee10c065ccc051a489a1ecff7695.bundle,回車上聽地窖數據結果2,Say,23,24,あ、或いは他の目的で……例えば情報操作のためにデータを偽造しているとか……,"아, 혹은 다른 목적으로……예를 들면 정보 조작을 위해서 데이터를 위조하고 있다든가……"
scene_day3_scenes_fab_day3_logic_6346ee10c065ccc051a489a1ecff7695.bundle,回車上聽地窖數據結果2,Say,スイ･ニン,12,演算力供給の超過に関するデータは全て厳重に保護されている。私たちがどれだけの労力と時間を費やしたかわかっているだろう？,연산력 초과 공급에 관한 데이터는 전부 엄중하게 보호되어 있다. 우리가 얼마나 많은 노력과 시간을 들였는지 알고 있겠지?
scene_day3_scenes_fab_day3_logic_6346ee10c065ccc051a489a1ecff7695.bundle,回車上聽地窖數據結果2,Say,スイ･ニン,13,それだけの厳重なセキュリティに守られている中身がただ情報操作であるわけがない。,그 정도로 엄중한 보안에 지켜지고 있는 내용물이 그저 정보 조작일 리가 없다.
scene_day3_scenes_fab_day3_logic_6346ee10c065ccc051a489a1ecff7695.bundle,回車上聽地窖數據結果2,Say,23,25,それなら……,그렇다면……
scene_day3_scenes_fab_day3_logic_6346ee10c065ccc051a489a1ecff7695.bundle,回車上聽地窖數據結果2,Say,スイ･ニン,14,23号、もういい。,"23호, 이제 됐다."
scene_day3_scenes_fab_day3_logic_6346ee10c065ccc051a489a1ecff7695.bundle,回車上聽地窖數據結果2,Say,23,26,……,……
scene_day3_scenes_fab_day3_logic_6346ee10c065ccc051a489a1ecff7695.bundle,回車上聽地窖數據結果2,Say,スイ･ニン,15,方法は二つだ。セラーのデータが偽造された可能性を排除するために、オペレーションコアへの潜入を試みるか。,"방법은 둘이다. 저장고 데이터가 위조됐을 가능성을 배제하기 위해, 운영 코어 잠입을 시도하거나."
scene_day3_scenes_fab_day3_logic_6346ee10c065ccc051a489a1ecff7695.bundle,回車上聽地窖數據結果2,Say,スイ･ニン,16,または、演算力供給が過剰な他の演算工場を調べるか。,"아니면, 연산력 공급이 과잉인 다른 연산 공장을 조사하거나."
scene_day3_scenes_fab_day3_logic_6346ee10c065ccc051a489a1ecff7695.bundle,回車上聽地窖數據結果2,Say,23,27,また調査を拡大するの？そんなことしたら……,또 조사를 확대하는 거야? 그런 짓을 하면……
scene_day3_scenes_fab_day3_logic_6346ee10c065ccc051a489a1ecff7695.bundle,回車上聽地窖數據結果2,Say,スイ･ニン,17,だから、私はオペレーションコアへの潜入が最適解だと思っている。,"그래서, 나는 운영 코어 잠입이 최적의 해법이라고 생각한다."
scene_day3_scenes_fab_day3_logic_6346ee10c065ccc051a489a1ecff7695.bundle,回車上聽地窖數據結果2,Say,23,28,また……,또……
scene_day3_scenes_fab_day3_logic_6346ee10c065ccc051a489a1ecff7695.bundle,回車上聽地窖數據結果2,Say,スイ･ニン,18,君がこういったやり方を嫌っているのはわかる。,네가 이런 방식을 싫어하는 건 안다.
scene_day3_scenes_fab_day3_logic_6346ee10c065ccc051a489a1ecff7695.bundle,回車上聽地窖數據結果2,Say,23,29,……嫌っている？うちだけの問題みたいな言い方はやめて！,……싫어한다고? 나만의 문제인 것처럼 말하지 마!
scene_day3_scenes_fab_day3_logic_6346ee10c065ccc051a489a1ecff7695.bundle,回車上聽地窖數據結果2,Say,23,30,これはプライバシー侵害なの。あんたたちは嫌じゃないの？,이건 사생활 침해야. 너희는 싫지 않아?
scene_day3_scenes_fab_day3_logic_6346ee10c065ccc051a489a1ecff7695.bundle,回車上聽地窖數據結果2,Say,スイ･ニン,19,……,……
scene_day3_scenes_fab_day3_logic_6346ee10c065ccc051a489a1ecff7695.bundle,回車上聽地窖數據結果2,Say,スイ･ニン,20,23号に任せる。,23호한테 맡기겠다.
scene_day3_scenes_fab_day3_logic_6346ee10c065ccc051a489a1ecff7695.bundle,回車上聽地窖數據結果2,Say,スイ･ニン,21,君が同意しない限り、私たちは行動しない。,"네가 동의하지 않는 한, 우리는 움직이지 않는다."
scene_day3_scenes_fab_day3_logic_6346ee10c065ccc051a489a1ecff7695.bundle,回車上聽地窖數據結果2,Say,23,31,スイ、こんなの間違ってるよ……,"스이, 이런 건 잘못됐어……"
scene_day3_scenes_fab_day3_logic_6346ee10c065ccc051a489a1ecff7695.bundle,回車上聽地窖數據結果2,Say,スイ･ニン,22,わかっている。だから私は責任を負うと決めた。,알고 있다. 그래서 나는 책임을 지기로 했다.
scene_day3_scenes_fab_day3_logic_6346ee10c065ccc051a489a1ecff7695.bundle,回車上聽地窖數據結果2,Say,スイ･ニン,23,次は君の番だ。,다음은 네 차례다.
scene_day3_scenes_fab_day3_logic_6346ee10c065ccc051a489a1ecff7695.bundle,回車上聽地窖數據結果3,Say,23,0,……,……
scene_day3_scenes_fab_day3_logic_6346ee10c065ccc051a489a1ecff7695.bundle,回車上聽地窖數據結果3,Say,23,1,わかった。オペレーションコアに潜入しよう。,알았어. 오퍼레이션 코어에 잠입하자.
scene_day3_scenes_fab_day3_logic_6346ee10c065ccc051a489a1ecff7695.bundle,回車上聽地窖數據結果3,Say,心の声,0,スイ･ニンがほっとした表情を見せた。,스이닝이 안도한 표정을 보였다.
scene_day3_scenes_fab_day3_logic_6346ee10c065ccc051a489a1ecff7695.bundle,回車上聽地窖數據結果3,Say,23,2,でも条件がある。,근데 조건이 있어.
scene_day3_scenes_fab_day3_logic_6346ee10c065ccc051a489a1ecff7695.bundle,回車上聽地窖數據結果3,Say,23,3,スイは今回の行動に関与しないで。,스이는 이번 작전에 관여하지 마.
scene_day3_scenes_fab_day3_logic_6346ee10c065ccc051a489a1ecff7695.bundle,回車上聽地窖數據結果3,Say,23,4,今回も自分でやるつもりでしょう？,이번에도 직접 할 생각이지?
scene_day3_scenes_fab_day3_logic_6346ee10c065ccc051a489a1ecff7695.bundle,回車上聽地窖數據結果3,Say,スイ･ニン,0,だめだ。リュウセイとジェイにそこまでの危険を負わせるわけにはいかない。私が……,안 돼. 류성이랑 제이한테 그렇게까지 위험을 지게 할 순 없어. 내가……
scene_day3_scenes_fab_day3_logic_6346ee10c065ccc051a489a1ecff7695.bundle,回車上聽地窖數據結果3,Say,23,5,スイが行くのはダメ……,스이가 가는 건 안 돼……
scene_day3_scenes_fab_day3_logic_6346ee10c065ccc051a489a1ecff7695.bundle,回車上聽地窖數據結果3,Say,23,6,身元がバレればフクロウにも知られてしまうのよ、わかるでしょ？,"신원이 들키면 부엉이한테도 알려지고 만다고, 알잖아?"
scene_day3_scenes_fab_day3_logic_6346ee10c065ccc051a489a1ecff7695.bundle,回車上聽地窖數據結果3,Say,心の声,1,知られる？彼女たちはそもそもフクロウのメンバーのはずだ……,알려진다고? 이 사람들은 애초에 부엉이 멤버일 텐데……
scene_day3_scenes_fab_day3_logic_6346ee10c065ccc051a489a1ecff7695.bundle,回車上聽地窖數據結果3,Branch,#Simple,0,待て。フクロウに知られるとはどういうことだ？,잠깐. 부엉이한테 알려진다는 게 무슨 소리야?
scene_day3_scenes_fab_day3_logic_6346ee10c065ccc051a489a1ecff7695.bundle,回車上聽地窖數據結果3,Branch,#Simple,1,あんたたちはフクロウのメンバーじゃないのか？,너희 부엉이 멤버 아니었어?
scene_day3_scenes_fab_day3_logic_6346ee10c065ccc051a489a1ecff7695.bundle,回車上聽地窖數據結果3,Branch,#Simple,2,……,……
scene_day3_scenes_fab_day3_logic_6346ee10c065ccc051a489a1ecff7695.bundle,回車上聽地窖數據結果3,Say,リン･テイ,0,そうだ……,맞아……
scene_day3_scenes_fab_day3_logic_6346ee10c065ccc051a489a1ecff7695.bundle,回車上聽地窖數據結果3,Say,心の声,2,リン？,린?
scene_day3_scenes_fab_day3_logic_6346ee10c065ccc051a489a1ecff7695.bundle,回車上聽地窖數據結果3,Say,リン･テイ,1,まさか、万象の調査ってフクロウの正式な調査じゃないの……？,"설마, 완샹 조사가 부엉이의 정식 조사가 아닌 거야……?"
scene_day3_scenes_fab_day3_logic_6346ee10c065ccc051a489a1ecff7695.bundle,回車上聽地窖數據結果3,Say,リュウセイ･チョウ,0,なんのことですか？,무슨 얘기죠?
scene_day3_scenes_fab_day3_logic_6346ee10c065ccc051a489a1ecff7695.bundle,回車上聽地窖數據結果3,Say,スイ･ニン,1,……,……
scene_day3_scenes_fab_day3_logic_6346ee10c065ccc051a489a1ecff7695.bundle,回車上聽地窖數據結果3,Say,23,7,スイ、ここまでね……,"스이, 여기까지네……"
scene_day3_scenes_fab_day3_logic_6346ee10c065ccc051a489a1ecff7695.bundle,回車上聽地窖數據結果3,Say,スイ･ニン,2,ああ、わかってる。,"그래, 알고 있어."
scene_day3_scenes_fab_day3_logic_6346ee10c065ccc051a489a1ecff7695.bundle,回車上聽地窖數據結果3,Say,スイ･ニン,3,リンの言う通りだ。騙してすまない。,린 말이 맞아. 속여서 미안하다.
scene_day3_scenes_fab_day3_logic_6346ee10c065ccc051a489a1ecff7695.bundle,回車上聽地窖數據結果3,Say,心の声,3,なんのことですか？,무슨 얘기죠?
scene_day3_scenes_fab_day3_logic_6346ee10c065ccc051a489a1ecff7695.bundle,回車上聽地窖數據結果3,Say,リュウセイ･チョウ,1,待ってほしいっす！本当っすか！？,잠깐만요! 진짜예요!?
scene_day3_scenes_fab_day3_logic_6346ee10c065ccc051a489a1ecff7695.bundle,回車上聽地窖數據結果3,Say,心の声,4,リュウセイも知らなかったのか……,류성도 몰랐던 건가……
scene_day3_scenes_fab_day3_logic_6346ee10c065ccc051a489a1ecff7695.bundle,回車上聽地窖數據結果3,Say,23,8,リュウセイ、スイの話しを聞いて。,"류성, 스이 얘기 들어."
scene_day3_scenes_fab_day3_logic_6346ee10c065ccc051a489a1ecff7695.bundle,回車上聽地窖數據結果3,Say,スイ･ニン,4,……,……
scene_day3_scenes_fab_day3_logic_6346ee10c065ccc051a489a1ecff7695.bundle,回車上聽地窖數據結果3,Say,スイ･ニン,5,今回の調査は、私と23号がフクロウには内密に進めていた。,"이번 조사는, 나랑 23호가 부엉이 몰래 진행하고 있었어."
scene_day3_scenes_fab_day3_logic_6346ee10c065ccc051a489a1ecff7695.bundle,回車上聽地窖數據結果3,Say,リン･テイ,2,だから調査中に急に別の任務に駆り出されていたのね。,그래서 조사 중에 갑자기 다른 임무에 불려 다녔던 거구나.
scene_day3_scenes_fab_day3_logic_6346ee10c065ccc051a489a1ecff7695.bundle,回車上聽地窖數據結果3,Say,リュウセイ･チョウ,2,転送機が一つしかなかったのもそういうことっすね……,전송기가 하나뿐이었던 것도 그런 거였네요……
scene_day3_scenes_fab_day3_logic_6346ee10c065ccc051a489a1ecff7695.bundle,回車上聽地窖數據結果3,Say,23,9,流石にガバガバだったか。,역시 허술했나.
scene_day3_scenes_fab_day3_logic_6346ee10c065ccc051a489a1ecff7695.bundle,回車上聽地窖數據結果3,Say,スイ･ニン,6,私たちがフクロウには内密に、調査をしていたのには理由がある。,"우리가 부엉이 몰래, 조사를 하고 있었던 데는 이유가 있어."
scene_day3_scenes_fab_day3_logic_6346ee10c065ccc051a489a1ecff7695.bundle,回車上聽地窖數據結果3,Say,スイ･ニン,7,フクロウが中立を重んじる、クリーンな組織ではないからだ。政府の組織ではあるが、各大企業の影響下にもあるんだ。,"부엉이가 중립을 중시하는, 깨끗한 조직이 아니기 때문이야. 정부 조직이긴 하지만, 각 대기업의 영향 아래에도 있거든."
scene_day3_scenes_fab_day3_logic_6346ee10c065ccc051a489a1ecff7695.bundle,回車上聽地窖數據結果3,Say,スイ･ニン,8,もちろん万象の影響下にもあるため、私たちは秘密裏に調査を進めるしかなかった。,"물론 완샹의 영향 아래에도 있어서, 우리는 비밀리에 조사를 진행할 수밖에 없었어."
scene_day3_scenes_fab_day3_logic_6346ee10c065ccc051a489a1ecff7695.bundle,回車上聽地窖數據結果3,Branch,#Simple,3,もしフクロウに知られたら、あなたたちはどうなるの？,"만약 부엉이한테 들키면, 당신들은 어떻게 되는 거야?"
scene_day3_scenes_fab_day3_logic_6346ee10c065ccc051a489a1ecff7695.bundle,回車上聽地窖數據結果3,Say,スイ･ニン,9,懲戒処分は免れないだろう。だが最も重要なことは……,징계 처분은 피할 수 없겠지. 근데 가장 중요한 건……
scene_day3_scenes_fab_day3_logic_6346ee10c065ccc051a489a1ecff7695.bundle,回車上聽地窖數據結果3,Branch,#Simple,4,影響下とはどういうことだ？,영향 아래라는 게 무슨 뜻이지?
scene_day3_scenes_fab_day3_logic_6346ee10c065ccc051a489a1ecff7695.bundle,回車上聽地窖數據結果3,Say,23,10,言葉の通りの意味よ。,말 그대로의 뜻이야.
scene_day3_scenes_fab_day3_logic_6346ee10c065ccc051a489a1ecff7695.bundle,回車上聽地窖數據結果3,Say,23,11,万象がフクロウに圧力をかけ、うちらの行動を制限したり、うちらを休職させたりできるの。,"완샹이 부엉이한테 압력을 넣어서, 우리 행동을 제한하거나, 우리를 휴직시키거나 할 수 있어."
scene_day3_scenes_fab_day3_logic_6346ee10c065ccc051a489a1ecff7695.bundle,回車上聽地窖數據結果3,Branch,#Simple,5,……,……
scene_day3_scenes_fab_day3_logic_6346ee10c065ccc051a489a1ecff7695.bundle,回車上聽地窖數據結果3,Say,スイ･ニン,10,もし長官に我々の調査を知られれば、必ず調査の中止が言い渡される。,"만약 장관한테 우리 조사가 알려지면, 반드시 조사 중지 명령이 떨어져."
scene_day3_scenes_fab_day3_logic_6346ee10c065ccc051a489a1ecff7695.bundle,回車上聽地窖數據結果3,Branch,#Simple,6,なぜ俺たちを騙した。,왜 우리를 속인 거야.
scene_day3_scenes_fab_day3_logic_6346ee10c065ccc051a489a1ecff7695.bundle,回車上聽地窖數據結果3,Say,スイ･ニン,11,それは私の考えだ。これ以上、事態をややこしくしたくなかった。,"그건 내 생각이었어. 더 이상, 사태를 복잡하게 만들고 싶지 않았어."
scene_day3_scenes_fab_day3_logic_6346ee10c065ccc051a489a1ecff7695.bundle,回車上聽地窖數據結果3,Branch,#Simple,7,それを長官に確認したのか？,그걸 장관한테 확인한 거야?
scene_day3_scenes_fab_day3_logic_6346ee10c065ccc051a489a1ecff7695.bundle,回車上聽地窖數據結果3,Say,23,12,確認しなくてもわかるのよ。,확인 안 해도 알아.
scene_day3_scenes_fab_day3_logic_6346ee10c065ccc051a489a1ecff7695.bundle,回車上聽地窖數據結果3,Branch,#Simple,8,……,……
scene_day3_scenes_fab_day3_logic_6346ee10c065ccc051a489a1ecff7695.bundle,回車上聽地窖數據結果3,Say,スイ･ニン,12,それに現在の混乱を極める状況下では、君たちに話すべきではないと判断した。,"게다가 지금처럼 극도로 혼란스러운 상황에서는, 너희한테 말하면 안 된다고 판단했어."
scene_day3_scenes_fab_day3_logic_6346ee10c065ccc051a489a1ecff7695.bundle,回車上聽地窖數據結果3,Branch,#Simple,9,確かに理解はできる。,확실히 이해는 돼.
scene_day3_scenes_fab_day3_logic_6346ee10c065ccc051a489a1ecff7695.bundle,回車上聽地窖數據結果3,Branch,#Simple,10,話さないことで得られるメリットはなんだ？,말 안 함으로써 얻는 이점은 뭔데?
scene_day3_scenes_fab_day3_logic_6346ee10c065ccc051a489a1ecff7695.bundle,回車上聽地窖數據結果3,Say,スイ･ニン,13,この複雑な状況は説明する手間が省ける上に、君たちの信用も勝ち取りやすくなる。,"이 복잡한 상황을 설명하는 수고도 덜고, 너희 신뢰도 얻기 쉬워지지."
scene_day3_scenes_fab_day3_logic_6346ee10c065ccc051a489a1ecff7695.bundle,回車上聽地窖數據結果3,Branch,#Simple,11,……,……
scene_day3_scenes_fab_day3_logic_6346ee10c065ccc051a489a1ecff7695.bundle,回車上聽地窖數據結果3,Say,リン･テイ,3,確かに「あなたたち」には、良いことみたいね。,"확실히 '당신들'한테는, 좋은 일인 것 같네."
scene_day3_scenes_fab_day3_logic_6346ee10c065ccc051a489a1ecff7695.bundle,回車上聽地窖數據結果3,Say,心の声,5,とげのある言い方だ……,가시 돋친 말투다……
scene_day3_scenes_fab_day3_logic_6346ee10c065ccc051a489a1ecff7695.bundle,回車上聽地窖數據結果3,Say,スイ･ニン,14,……すまない、今のは撤回する。,"……미안, 방금 건 취소할게."
scene_day3_scenes_fab_day3_logic_6346ee10c065ccc051a489a1ecff7695.bundle,回車上聽地窖數據結果3,Say,リュウセイ･チョウ,3,待てくれっす。つまりスイ姉たちは打倒万象のために、組織を裏切るリスクを負ってまで、調査をしてたってことっすか？,"잠깐만요. 그러니까 스이 누나는 완샹 타도를 위해서, 조직을 배신할 위험까지 감수하면서, 조사를 했다는 거예요?"
scene_day3_scenes_fab_day3_logic_6346ee10c065ccc051a489a1ecff7695.bundle,回車上聽地窖數據結果3,Say,スイ･ニン,15,そうだ。だが私たちの目的は打倒万象ではないが……,그래. 근데 우리 목적은 완샹 타도가 아니지만……
scene_day3_scenes_fab_day3_logic_6346ee10c065ccc051a489a1ecff7695.bundle,回車上聽地窖數據結果3,Say,リュウセイ･チョウ,4,か、格好良いっす！やっぱそう来なくっちゃ！,"머, 멋있어요! 역시 그래야죠!"
scene_day3_scenes_fab_day3_logic_6346ee10c065ccc051a489a1ecff7695.bundle,回車上聽地窖數據結果3,Say,リュウセイ･チョウ,5,組織と敵対してもなお、クズ企業を倒す！それこそ僕の知ってるスイ姉っす！,"조직이랑 적대해서라도, 쓰레기 기업을 무너뜨린다! 그게 바로 제가 아는 스이 누나예요!"
scene_day3_scenes_fab_day3_logic_6346ee10c065ccc051a489a1ecff7695.bundle,回車上聽地窖數據結果3,Say,スイ･ニン,16,リュウセイ、これは正当化できることではない！,"류성, 이건 정당화될 수 있는 일이 아니야!"
scene_day3_scenes_fab_day3_logic_6346ee10c065ccc051a489a1ecff7695.bundle,回車上聽地窖數據結果3,Say,スイ･ニン,17,今回の調査の目的は、セラーの供給者を守ることだ。万象を倒すことではない。,"이번 조사의 목적은, 저장고 공급자들을 지키는 거야. 완샹을 무너뜨리는 게 아니라."
scene_day3_scenes_fab_day3_logic_6346ee10c065ccc051a489a1ecff7695.bundle,回車上聽地窖數據結果3,Say,リュウセイ･チョウ,6,そうですか……,그런가요……
scene_day3_scenes_fab_day3_logic_6346ee10c065ccc051a489a1ecff7695.bundle,回車上聽地窖數據結果3,Say,スイ･ニン,18,とにかく隠していたことは事実だ。すまなかった。,아무튼 숨기고 있었던 건 사실이야. 미안했다.
scene_day3_scenes_fab_day3_logic_6346ee10c065ccc051a489a1ecff7695.bundle,回車上聽地窖數據結果3,Say,リン･テイ,4,……,……
scene_day3_scenes_fab_day3_logic_6346ee10c065ccc051a489a1ecff7695.bundle,回車上聽地窖數據結果3,Branch,#Simple,12,あんたたちがフクロウに秘密裏で行動していることは、俺たちに何か影響があるのか？,"너희가 부엉이 몰래 움직이고 있다는 게, 우리한테 무슨 영향이 있는 거야?"
scene_day3_scenes_fab_day3_logic_6346ee10c065ccc051a489a1ecff7695.bundle,回車上聽地窖數據結果3,Branch,#Simple,13,待ってくれ。つまりそれに協力している俺たちは、犯罪をしていることになるのか？,"잠깐만. 그러니까 그걸 돕고 있는 우리는, 범죄를 저지르고 있는 게 되는 거야?"
scene_day3_scenes_fab_day3_logic_6346ee10c065ccc051a489a1ecff7695.bundle,回車上聽地窖數據結果3,Say,スイ･ニン,19,この件が明るみに出た場合は、君たちは私たちに脅迫、または誘導された一般人だと証言するつもりだ。,"이 건이 밝혀질 경우엔, 너희는 우리한테 협박, 혹은 유도당한 일반인이라고 증언할 생각이야."
scene_day3_scenes_fab_day3_logic_6346ee10c065ccc051a489a1ecff7695.bundle,回車上聽地窖數據結果3,Say,スイ･ニン,20,君たちは何も知らない一般人だ。罪に問われることはない。,너희는 아무것도 모르는 일반인이야. 죄를 묻지 않을 거야.
scene_day3_scenes_fab_day3_logic_6346ee10c065ccc051a489a1ecff7695.bundle,回車上聽地窖數據結果3,Say,リン･テイ,5,それは、あなたが本当にそう証言した場合の話でしょう？,"그건, 당신이 정말로 그렇게 증언했을 경우의 얘기잖아?"
scene_day3_scenes_fab_day3_logic_6346ee10c065ccc051a489a1ecff7695.bundle,回車上聽地窖數據結果3,Say,23,13,やっぱりそういう話になるよね……,역시 그런 얘기가 되네……
scene_day3_scenes_fab_day3_logic_6346ee10c065ccc051a489a1ecff7695.bundle,回車上聽地窖數據結果3,Say,23,14,はぁ……うちらが黙っていた理由の一つがこれよ……,하아……우리가 입 다물고 있었던 이유 중 하나가 이거야……
scene_day3_scenes_fab_day3_logic_6346ee10c065ccc051a489a1ecff7695.bundle,回車上聽地窖數據結果3,Say,リン･テイ,6,どういう意味だ？,무슨 뜻이야?
scene_day3_scenes_fab_day3_logic_6346ee10c065ccc051a489a1ecff7695.bundle,回車上聽地窖數據結果3,Say,心の声,6,リンが怒っている……,린이 화내고 있다……
scene_day3_scenes_fab_day3_logic_6346ee10c065ccc051a489a1ecff7695.bundle,回車上聽地窖數據結果3,Branch,#Simple,14,リン、彼らは手伝ってくれたんだ。,"린, 이 사람들 도와줬잖아."
scene_day3_scenes_fab_day3_logic_6346ee10c065ccc051a489a1ecff7695.bundle,回車上聽地窖數據結果3,Say,リン･テイ,7,それはわかるけど……,그건 알지만……
scene_day3_scenes_fab_day3_logic_6346ee10c065ccc051a489a1ecff7695.bundle,回車上聽地窖數據結果3,Branch,#Simple,15,俺たちが簡単には信用しないとわかっていたから、黙っていたのか？,"우리가 쉽게 안 믿을 걸 알았으니까, 입 다물고 있었던 거야?"
scene_day3_scenes_fab_day3_logic_6346ee10c065ccc051a489a1ecff7695.bundle,回車上聽地窖數據結果3,Branch,#Simple,16,俺らのせいだって言いたいのか？,우리 탓이라고 말하고 싶은 거야?
scene_day3_scenes_fab_day3_logic_6346ee10c065ccc051a489a1ecff7695.bundle,回車上聽地窖數據結果3,Say,リュウセイ･チョウ,7,ジェ、ジェイの兄貴……,"제, 제이 형님……"
scene_day3_scenes_fab_day3_logic_6346ee10c065ccc051a489a1ecff7695.bundle,回車上聽地窖數據結果3,Branch,#Simple,17,……,……
scene_day3_scenes_fab_day3_logic_6346ee10c065ccc051a489a1ecff7695.bundle,回車上聽地窖數據結果3,Say,スイ･ニン,21,23号が言いたいのは、私たちが何も告げずにいれば、君たちは本当に何も知らない一般人でいられたということだ。,"23호가 하고 싶은 말은, 우리가 아무 말도 안 했으면, 너희는 정말로 아무것도 모르는 일반인으로 있을 수 있었다는 거야."
scene_day3_scenes_fab_day3_logic_6346ee10c065ccc051a489a1ecff7695.bundle,回車上聽地窖數據結果3,Say,スイ･ニン,22,だが知られてしまった以上、ややこしいことになったのは事実だ。,"근데 알려진 이상, 복잡해진 건 사실이야."
scene_day3_scenes_fab_day3_logic_6346ee10c065ccc051a489a1ecff7695.bundle,回車上聽地窖數據結果3,Say,リン･テイ,8,……,……
scene_day3_scenes_fab_day3_logic_6346ee10c065ccc051a489a1ecff7695.bundle,回車上聽地窖數據結果3,Say,リン･テイ,9,ごめんなさい、早とちりをしてしまって。,"미안해, 성급하게 넘겨짚어버려서."
scene_day3_scenes_fab_day3_logic_6346ee10c065ccc051a489a1ecff7695.bundle,回車上聽地窖數據結果3,Say,スイ･ニン,23,いや、黙っていたのはこちらだ。すまない。,"아니, 입 다물고 있었던 건 이쪽이야. 미안하다."
scene_day3_scenes_fab_day3_logic_6346ee10c065ccc051a489a1ecff7695.bundle,回車上聽地窖數據結果3,Branch,#Simple,18,……,……
scene_day3_scenes_fab_day3_logic_6346ee10c065ccc051a489a1ecff7695.bundle,回車上聽地窖數據結果3,Say,23,15,それで、どうするの？オペレーションコアに潜入しないと約束してくれる？,"그래서, 어떡할 거야? 오퍼레이션 코어에 잠입 안 하겠다고 약속해줄 거야?"
scene_day3_scenes_fab_day3_logic_6346ee10c065ccc051a489a1ecff7695.bundle,回車上聽地窖數據結果3,Say,スイ･ニン,24,えっと……,그게……
scene_day3_scenes_fab_day3_logic_6346ee10c065ccc051a489a1ecff7695.bundle,回車上聽地窖數據結果3,Say,スイ･ニン,25,私が行かないのならば、リュウセイとジェイが一緒に行動する必要がある。,"내가 안 간다면, 류성이랑 제이가 같이 움직여야 해."
scene_day3_scenes_fab_day3_logic_6346ee10c065ccc051a489a1ecff7695.bundle,回車上聽地窖數據結果3,Say,スイ･ニン,26,二人が力を合わせられれば、私も安心だ。,"둘이서 힘을 합칠 수 있으면, 나도 안심이야."
scene_day3_scenes_fab_day3_logic_6346ee10c065ccc051a489a1ecff7695.bundle,回車上聽地窖數據結果3,Say,スイ･ニン,27,リュウセイ、行ってくれるか？,"류성, 가줄 수 있겠어?"
scene_day3_scenes_fab_day3_logic_6346ee10c065ccc051a489a1ecff7695.bundle,回車上聽地窖數據結果3,Say,リュウセイ･チョウ,8,もちろんす！今日はそもそも僕が行くはずだったっすから！,물론이죠! 오늘은 애초에 제가 갈 예정이었으니까요!
scene_day3_scenes_fab_day3_logic_6346ee10c065ccc051a489a1ecff7695.bundle,回車上聽地窖數據結果3,Say,スイ･ニン,28,ジェイはそうだ？,제이는 어때?
scene_day3_scenes_fab_day3_logic_6346ee10c065ccc051a489a1ecff7695.bundle,回車上聽地窖數據結果3,Branch,#Simple,19,俺はどっちでもいい。,나는 어느 쪽이든 상관없어.
scene_day3_scenes_fab_day3_logic_6346ee10c065ccc051a489a1ecff7695.bundle,回車上聽地窖數據結果3,Say,心の声,7,スイ･ニンがリンを見つめている。彼女の同意を求めているのか？,스이닝이 린을 바라보고 있다. 그녀의 동의를 구하는 건가?
scene_day3_scenes_fab_day3_logic_6346ee10c065ccc051a489a1ecff7695.bundle,回車上聽地窖數據結果3,Say,リン･テイ,10,ジェイがいいって言うなら、私も反対はしない。,"제이가 좋다고 하면, 나도 반대 안 해."
scene_day3_scenes_fab_day3_logic_6346ee10c065ccc051a489a1ecff7695.bundle,回車上聽地窖數據結果3,Say,リン･テイ,11,私たちも選択肢が残されていないし、もしスイさんが見つかったら、私とジェイも大変なことになる。,"우리도 선택지가 남아 있지 않고, 만약 스이 씨가 들키면, 나랑 제이도 큰일이 나니까."
scene_day3_scenes_fab_day3_logic_6346ee10c065ccc051a489a1ecff7695.bundle,回車上聽地窖數據結果3,Branch,#Simple,20,オペレーションコアへの潜入は危険なのか？,오퍼레이션 코어 잠입은 위험한 거야?
scene_day3_scenes_fab_day3_logic_6346ee10c065ccc051a489a1ecff7695.bundle,回車上聽地窖數據結果3,Say,リン･テイ,12,見つかる確率は高いけど、命の危険はないはずよ。,"들킬 확률은 높지만, 목숨이 위험하진 않을 거야."
scene_day3_scenes_fab_day3_logic_6346ee10c065ccc051a489a1ecff7695.bundle,回車上聽地窖數據結果3,Say,リン･テイ,13,私の知る限り、そこに警備員はいなくて、自動監視システムしかないはずよ。,"내가 아는 한, 거긴 경비원이 없고, 자동 감시 시스템뿐일 거야."
scene_day3_scenes_fab_day3_logic_6346ee10c065ccc051a489a1ecff7695.bundle,回車上聽地窖數據結果3,Say,スイ･ニン,29,私たちの調査結果と同じだな。,우리 조사 결과랑 같네.
scene_day3_scenes_fab_day3_logic_6346ee10c065ccc051a489a1ecff7695.bundle,回車上聽地窖數據結果3,Branch,#Simple,21,それなら行こう。,그럼 가자.
scene_day3_scenes_fab_day3_logic_6346ee10c065ccc051a489a1ecff7695.bundle,回車上聽地窖數據結果3,Say,スイ･ニン,30,わかった。,알았어.
scene_day3_scenes_fab_day3_logic_6346ee10c065ccc051a489a1ecff7695.bundle,回車上聽地窖數據結果3,Say,心の声,8,リンも同意してくれているようだ。,린도 동의해주는 것 같다.
scene_day3_scenes_fab_day3_logic_6346ee10c065ccc051a489a1ecff7695.bundle,回車上聽地窖數據結果3,Branch,#Simple,22,リンが同意するなら、行く。,"린이 동의한다면, 갈게."
scene_day3_scenes_fab_day3_logic_6346ee10c065ccc051a489a1ecff7695.bundle,回車上聽地窖數據結果3,Say,リン･テイ,14,……,……
scene_day3_scenes_fab_day3_logic_6346ee10c065ccc051a489a1ecff7695.bundle,回車上聽地窖數據結果3,Say,リン･テイ,15,うん、危険がないなら、行ってもいいよ。,"응, 위험이 없다면, 가도 돼."
scene_day3_scenes_fab_day3_logic_6346ee10c065ccc051a489a1ecff7695.bundle,回車上聽地窖數據結果3,Say,スイ･ニン,31,ありがとう。,고마워.
scene_day3_scenes_fab_day3_logic_6346ee10c065ccc051a489a1ecff7695.bundle,回車上聽地窖數據結果3,Say,スイ･ニン,32,では決まりだ。後は作戦をどうするかだ。,그럼 결정됐다. 이제 남은 건 작전을 어떻게 짤지야.
scene_day3_scenes_fab_day3_logic_6346ee10c065ccc051a489a1ecff7695.bundle,回車上聽地窖數據結果3,Say,スイ･ニン,33,データを盗むのは簡単だから、前と同じやり方で問題ない。,"데이터를 훔치는 건 간단하니까, 전이랑 같은 방식으로 문제없어."
scene_day3_scenes_fab_day3_logic_6346ee10c065ccc051a489a1ecff7695.bundle,回車上聽地窖數據結果3,Say,23,16,オペレーションコアに入って、うちのハックユニットを接続すればいいから。,"오퍼레이션 코어에 들어가서, 우리 해킹 유닛을 연결하면 되니까."
scene_day3_scenes_fab_day3_logic_6346ee10c065ccc051a489a1ecff7695.bundle,回車上聽地窖數據結果3,Say,23,17,リュウセイ、前に渡したのまだ残ってるよね？,"류성, 전에 준 거 아직 남아 있지?"
scene_day3_scenes_fab_day3_logic_6346ee10c065ccc051a489a1ecff7695.bundle,回車上聽地窖數據結果3,Say,リュウセイ･チョウ,9,残ってるけど、ハックにどれくらい時間がかかるっすか？,"남아 있긴 한데, 해킹에 시간이 얼마나 걸리는데요?"
scene_day3_scenes_fab_day3_logic_6346ee10c065ccc051a489a1ecff7695.bundle,回車上聽地窖數據結果3,Say,23,18,3分。最初の30秒でファイヤーウォールの解除をする。,3분. 처음 30초 만에 방화벽을 해제해.
scene_day3_scenes_fab_day3_logic_6346ee10c065ccc051a489a1ecff7695.bundle,回車上聽地窖數據結果3,Say,リュウセイ･チョウ,10,ハックすれば、内部データが見れるっすか？,"해킹하면, 내부 데이터를 볼 수 있는 거예요?"
scene_day3_scenes_fab_day3_logic_6346ee10c065ccc051a489a1ecff7695.bundle,回車上聽地窖數據結果3,Say,23,19,はぁ？別にその場で見る必要ないでしょう？時間の無駄よ。,뭐? 딱히 그 자리에서 볼 필요 없잖아? 시간 낭비야.
scene_day3_scenes_fab_day3_logic_6346ee10c065ccc051a489a1ecff7695.bundle,回車上聽地窖數據結果3,Say,23,20,ユニットが自動で全部のデータをコピーしてくれるから、持ち帰った後にうちがチェックする。,"유닛이 자동으로 전부 데이터를 복사해주니까, 가져온 후에 내가 체크할게."
scene_day3_scenes_fab_day3_logic_6346ee10c065ccc051a489a1ecff7695.bundle,回車上聽地窖數據結果3,Say,23,21,データの量が多いから、コピーには2分半かかるからね。,"데이터 양이 많으니까, 복사에 2분 반 걸리니까."
scene_day3_scenes_fab_day3_logic_6346ee10c065ccc051a489a1ecff7695.bundle,回車上聽地窖數據結果3,Say,スイ･ニン,34,次は目標地点へ進入する方法だ。,다음은 목표 지점으로 진입하는 방법이야.
scene_day3_scenes_fab_day3_logic_6346ee10c065ccc051a489a1ecff7695.bundle,回車上聽地窖數據結果3,Say,スイ･ニン,35,オペレーションコアはサイレントの地下にある隠れフロアに存在する。そもそも権限がなければ、その階にセラーのエレベーターは止まらない。,"오퍼레이션 코어는 사일런트 지하에 있는 숨겨진 층에 있어. 애초에 권한이 없으면, 그 층에 저장고 엘리베이터가 멈추지 않아."
scene_day3_scenes_fab_day3_logic_6346ee10c065ccc051a489a1ecff7695.bundle,回車上聽地窖數據結果3,Say,スイ･ニン,36,しかし、それが唯一の進入方法だ。,"근데, 그게 유일한 진입 방법이야."
scene_day3_scenes_fab_day3_logic_6346ee10c065ccc051a489a1ecff7695.bundle,回車上聽地窖數據結果3,Say,23,22,その代わりに警備員も職員もいない。,그 대신 경비원도 직원도 없어.
scene_day3_scenes_fab_day3_logic_6346ee10c065ccc051a489a1ecff7695.bundle,回車上聽地窖數據結果3,Say,23,23,言い換えれば中に入れさえすれば、オッケーってことよ。,"바꿔 말하면 안에만 들어가면, 오케이라는 거지."
scene_day3_scenes_fab_day3_logic_6346ee10c065ccc051a489a1ecff7695.bundle,回車上聽地窖數據結果3,Say,23,24,だから残りの難関は二つ。一つはオペレーションコアのフロアに入る権限……,그러니까 남은 난관은 두 개. 하나는 오퍼레이션 코어 층에 들어가는 권한……
scene_day3_scenes_fab_day3_logic_6346ee10c065ccc051a489a1ecff7695.bundle,回車上聽地窖數據結果3,Say,リン･テイ,16,もう一つはオペレーションコアに入るIDね。,다른 하나는 오퍼레이션 코어에 들어가는 ID고.
scene_day3_scenes_fab_day3_logic_6346ee10c065ccc051a489a1ecff7695.bundle,回車上聽地窖數據結果3,Say,23,25,さすが監督官、話が早い。,"역시 감독관, 얘기가 빠르네."
scene_day3_scenes_fab_day3_logic_6346ee10c065ccc051a489a1ecff7695.bundle,回車上聽地窖數據結果3,Say,スイ･ニン,37,IDについては偽造する。,ID는 위조할 거야.
scene_day3_scenes_fab_day3_logic_6346ee10c065ccc051a489a1ecff7695.bundle,回車上聽地窖數據結果3,Branch,#Simple,23,偽造は23号が担当するのか？,위조는 23호가 담당하는 거야?
scene_day3_scenes_fab_day3_logic_6346ee10c065ccc051a489a1ecff7695.bundle,回車上聽地窖數據結果3,Branch,#Simple,24,また変な名前をつけるのはやめてくれよ？,또 이상한 이름 붙이는 건 관두라고?
scene_day3_scenes_fab_day3_logic_6346ee10c065ccc051a489a1ecff7695.bundle,回車上聽地窖數據結果3,Say,スイ･ニン,38,心配ない、今回は私が偽造する。,"걱정 마, 이번엔 내가 위조할 거야."
scene_day3_scenes_fab_day3_logic_6346ee10c065ccc051a489a1ecff7695.bundle,回車上聽地窖數據結果3,Say,スイ･ニン,39,こんな大仕事をふざけられては困るからな。,이런 중요한 일을 장난스럽게 하면 곤란하니까.
scene_day3_scenes_fab_day3_logic_6346ee10c065ccc051a489a1ecff7695.bundle,回車上聽地窖數據結果3,Say,23,26,失礼ね！うちだって今回みたいな重要な場面ではふざけたりしないよ！うちは空気が読める女なの！,실례네! 나도 이번처럼 중요한 순간엔 장난 안 친다고! 나는 눈치 있는 여자야!
scene_day3_scenes_fab_day3_logic_6346ee10c065ccc051a489a1ecff7695.bundle,回車上聽地窖數據結果3,Say,スイ･ニン,40,ならどういう身分にするつもりだったんだ？,그럼 어떤 신분으로 할 생각이었는데?
scene_day3_scenes_fab_day3_logic_6346ee10c065ccc051a489a1ecff7695.bundle,回車上聽地窖數據結果3,Say,23,27,配線整備士。,배선 정비사.
scene_day3_scenes_fab_day3_logic_6346ee10c065ccc051a489a1ecff7695.bundle,回車上聽地窖數據結果3,Say,スイ･ニン,41,……,……
scene_day3_scenes_fab_day3_logic_6346ee10c065ccc051a489a1ecff7695.bundle,回車上聽地窖數據結果3,Say,23,28,何よ？オペレーションコアの中には配線がいっぱいあるでしょう？,뭐야? 오퍼레이션 코어 안에는 배선이 잔뜩 있잖아?
scene_day3_scenes_fab_day3_logic_6346ee10c065ccc051a489a1ecff7695.bundle,回車上聽地窖數據結果3,Say,23,29,理にかなった身分だと思うけど？,이치에 맞는 신분이라고 생각하는데?
scene_day3_scenes_fab_day3_logic_6346ee10c065ccc051a489a1ecff7695.bundle,回車上聽地窖數據結果3,Branch,#Simple,25,……,……
scene_day3_scenes_fab_day3_logic_6346ee10c065ccc051a489a1ecff7695.bundle,回車上聽地窖數據結果3,Say,スイ･ニン,42,私は、執行官直属の監察員に偽造しようと思う。,"나는, 집행관 직속 감찰관으로 위조하려고 해."
scene_day3_scenes_fab_day3_logic_6346ee10c065ccc051a489a1ecff7695.bundle,回車上聽地窖數據結果3,Say,心の声,9,執行官？セイワ･ゲンか？,집행관? 성화인가?
scene_day3_scenes_fab_day3_logic_6346ee10c065ccc051a489a1ecff7695.bundle,回車上聽地窖數據結果3,Say,スイ･ニン,43,監察員はすべてのエリアに入る権限を持っている上に、普通の社員であれば、彼らに寄りつかないはずだ。,"감찰관은 모든 구역에 들어갈 권한을 갖고 있는 데다, 보통 사원이라면, 그들한테 다가가지 않을 거야."
scene_day3_scenes_fab_day3_logic_6346ee10c065ccc051a489a1ecff7695.bundle,回車上聽地窖數據結果3,Branch,#Simple,26,俺とリュウセイのどちらも監察員になるのか？,나랑 류성 둘 다 감찰관이 되는 거야?
scene_day3_scenes_fab_day3_logic_6346ee10c065ccc051a489a1ecff7695.bundle,回車上聽地窖數據結果3,Branch,#Simple,27,監察員ふりをしないといけないのか？,감찰관인 척해야 하는 거야?
scene_day3_scenes_fab_day3_logic_6346ee10c065ccc051a489a1ecff7695.bundle,回車上聽地窖數據結果3,Say,スイ･ニン,44,その必要はない。,그럴 필요는 없어.
scene_day3_scenes_fab_day3_logic_6346ee10c065ccc051a489a1ecff7695.bundle,回車上聽地窖數據結果3,Branch,#Simple,28,……,……
scene_day3_scenes_fab_day3_logic_6346ee10c065ccc051a489a1ecff7695.bundle,回車上聽地窖數據結果3,Say,スイ･ニン,45,無人のオペレーションコアへの進入は簡単だ。,무인 오퍼레이션 코어로의 진입은 간단해.
scene_day3_scenes_fab_day3_logic_6346ee10c065ccc051a489a1ecff7695.bundle,回車上聽地窖數據結果3,Say,スイ･ニン,46,セラーのエレベーターからオペレーションコアのフロアへ入り、偽造したIDで扉を開ければ終わりだ。,"저장고 엘리베이터에서 오퍼레이션 코어 층으로 들어가서, 위조한 ID로 문을 열면 끝이야."
scene_day3_scenes_fab_day3_logic_6346ee10c065ccc051a489a1ecff7695.bundle,回車上聽地窖數據結果3,Say,リュウセイ･チョウ,11,つまり偽造IDは、扉を開けるためだけのものであって、役職はなんでもよかったってことっすか？,"그러니까 위조 ID는, 문을 여는 용도일 뿐이고, 직책은 아무거나 상관없었다는 거예요?"
scene_day3_scenes_fab_day3_logic_6346ee10c065ccc051a489a1ecff7695.bundle,回車上聽地窖數據結果3,Say,スイ･ニン,47,そうだ。,맞아.
scene_day3_scenes_fab_day3_logic_6346ee10c065ccc051a489a1ecff7695.bundle,回車上聽地窖數據結果3,Say,スイ･ニン,48,それにトラブルが起きた際も、監察員であれば疑われないはずだ。,"게다가 문제가 생겼을 때도, 감찰관이면 의심받지 않을 거야."
scene_day3_scenes_fab_day3_logic_6346ee10c065ccc051a489a1ecff7695.bundle,回車上聽地窖數據結果3,Say,リュウセイ･チョウ,12,確かに電線整備士なんて、ふざけた職業じゃ絶対怪しまれるっすよね……,"확실히 전선 정비사 같은, 엉뚱한 직업이면 무조건 수상하게 보이겠네요……"
scene_day3_scenes_fab_day3_logic_6346ee10c065ccc051a489a1ecff7695.bundle,回車上聽地窖數據結果3,Say,スイ･ニン,49,後はオペレーションコアへ行く権限なのだが、少し厄介なんだ……,"남은 건 오퍼레이션 코어로 갈 권한인데, 조금 성가시거든……"
scene_day3_scenes_fab_day3_logic_6346ee10c065ccc051a489a1ecff7695.bundle,回車上聽地窖數據結果3,Branch,#Simple,29,それはなぜ？,그건 왜죠?
scene_day3_scenes_fab_day3_logic_6346ee10c065ccc051a489a1ecff7695.bundle,回車上聽地窖數據結果3,Branch,#Simple,30,転送機を使ってハッキングできないのか？,전송기를 써서 해킹할 수 없는 거야?
scene_day3_scenes_fab_day3_logic_6346ee10c065ccc051a489a1ecff7695.bundle,回車上聽地窖數據結果3,Say,23,30,えっとね。,그게 있잖아.
scene_day3_scenes_fab_day3_logic_6346ee10c065ccc051a489a1ecff7695.bundle,回車上聽地窖數據結果3,Branch,#Simple,31,……,……
scene_day3_scenes_fab_day3_logic_6346ee10c065ccc051a489a1ecff7695.bundle,回車上聽地窖數據結果3,Say,23,31,転送機を付けてくれたおかげで、権限を与えることは一応可能なの。,"전송기를 달아준 덕분에, 권한을 부여하는 건 일단 가능해."
scene_day3_scenes_fab_day3_logic_6346ee10c065ccc051a489a1ecff7695.bundle,回車上聽地窖數據結果3,Say,23,32,でも問題が一つあるの。,근데 문제가 하나 있어.
scene_day3_scenes_fab_day3_logic_6346ee10c065ccc051a489a1ecff7695.bundle,回車上聽地窖數據結果3,Say,リュウセイ･チョウ,13,問題がなかった試しがあったっすかね……,문제가 없었던 적이 있긴 했나요……
scene_day3_scenes_fab_day3_logic_6346ee10c065ccc051a489a1ecff7695.bundle,回車上聽地窖數據結果3,Say,23,33,オペレーションコアのセキュリティーが厳重すぎて、誰かが進入したら必ず通報されるのよ。,"오퍼레이션 코어 보안이 너무 삼엄해서, 누군가 진입하면 반드시 신고가 들어가."
scene_day3_scenes_fab_day3_logic_6346ee10c065ccc051a489a1ecff7695.bundle,回車上聽地窖數據結果3,Say,23,34,通報までの時間を延ばせはするけど、長くは保たない。,"신고까지의 시간은 늦출 수 있지만, 오래는 못 버텨."
scene_day3_scenes_fab_day3_logic_6346ee10c065ccc051a489a1ecff7695.bundle,回車上聽地窖數據結果3,Say,23,35,つまりこの方法を使うと、時間の制限があるのよ。,"즉 이 방법을 쓰면, 시간제한이 있는 거야."
scene_day3_scenes_fab_day3_logic_6346ee10c065ccc051a489a1ecff7695.bundle,回車上聽地窖數據結果3,Say,23,36,でも今はこの方法しかないと思う。スイはどう思う？,근데 지금은 이 방법밖에 없다고 생각해. 스이는 어떻게 생각해?
scene_day3_scenes_fab_day3_logic_6346ee10c065ccc051a489a1ecff7695.bundle,回車上聽地窖數據結果3,Say,スイ･ニン,50,それで行こう。時間の制限があるとはいえ、十分に時間はあるはずだ。,"그걸로 가자. 시간제한이 있다고 해도, 충분히 시간은 있을 거야."
scene_day3_scenes_fab_day3_logic_6346ee10c065ccc051a489a1ecff7695.bundle,回車上聽地窖數據結果3,Say,心の声,10,もしかしたらメイ･ジョに頼めるかもしれない。彼女には貸しがある……,혹시 메이 조한테 부탁할 수 있을지도 모른다. 그 여자한테는 빚이 있으니까……
scene_day3_scenes_fab_day3_logic_6346ee10c065ccc051a489a1ecff7695.bundle,回車上聽地窖數據結果3,Branch,#Simple,32,メイ･ジョに頼めるかもしれない。,메이 조한테 부탁할 수 있을지도 몰라.
scene_day3_scenes_fab_day3_logic_6346ee10c065ccc051a489a1ecff7695.bundle,回車上聽地窖數據結果3,Say,23,37,情報セキュリティー部の隊長に？,정보 보안부 대장으로?
scene_day3_scenes_fab_day3_logic_6346ee10c065ccc051a489a1ecff7695.bundle,回車上聽地窖數據結果3,Say,23,38,確かに彼女は権限を持っている上に、彼女から権限を与えられれば、調査という大義名分もつく。,"확실히 그 여자는 권한도 갖고 있는 데다, 그쪽에서 권한을 받으면, 조사라는 대의명분도 생기고."
scene_day3_scenes_fab_day3_logic_6346ee10c065ccc051a489a1ecff7695.bundle,回車上聽地窖數據結果3,Say,スイ･ニン,51,なぜ彼女が手伝ってくれると思った？,왜 그 여자가 도와줄 거라고 생각한 거지?
scene_day3_scenes_fab_day3_logic_6346ee10c065ccc051a489a1ecff7695.bundle,回車上聽地窖數據結果3,Branch,#Simple,33,俺が彼女に情報を提供できるからだ。,내가 그 여자한테 정보를 줄 수 있으니까.
scene_day3_scenes_fab_day3_logic_6346ee10c065ccc051a489a1ecff7695.bundle,回車上聽地窖數據結果3,Say,スイ･ニン,52,情報？,정보?
scene_day3_scenes_fab_day3_logic_6346ee10c065ccc051a489a1ecff7695.bundle,回車上聽地窖數據結果3,Say,心の声,11,明らかに警戒している目だ。,명백히 경계하는 눈빛이다.
scene_day3_scenes_fab_day3_logic_6346ee10c065ccc051a489a1ecff7695.bundle,回車上聽地窖數據結果3,Branch,#Simple,34,俺たちの調査とは無関係の情報だ。,우리 조사랑은 무관한 정보야.
scene_day3_scenes_fab_day3_logic_6346ee10c065ccc051a489a1ecff7695.bundle,回車上聽地窖數據結果3,Say,心の声,12,実際に無関係だからな。,실제로 무관하니까.
scene_day3_scenes_fab_day3_logic_6346ee10c065ccc051a489a1ecff7695.bundle,回車上聽地窖數據結果3,Branch,#Simple,35,取締役会に協力している人物を教えようと思っている。,이사회에 협력하고 있는 인물을 알려주려고 해.
scene_day3_scenes_fab_day3_logic_6346ee10c065ccc051a489a1ecff7695.bundle,回車上聽地窖數據結果3,Say,スイ･ニン,53,なぜ彼女が取引に応じると思うのだ？,왜 그 여자가 거래에 응할 거라고 생각하지?
scene_day3_scenes_fab_day3_logic_6346ee10c065ccc051a489a1ecff7695.bundle,回車上聽地窖數據結果3,Branch,#Simple,36,俺に借りがあると言ったのは彼女だからだ。,나한테 빚이 있다고 말한 게 그 여자니까.
scene_day3_scenes_fab_day3_logic_6346ee10c065ccc051a489a1ecff7695.bundle,回車上聽地窖數據結果3,Branch,#Simple,37,今はそれに賭けるしかないだけだ。,지금은 그거에 걸어보는 수밖에 없어.
scene_day3_scenes_fab_day3_logic_6346ee10c065ccc051a489a1ecff7695.bundle,回車上聽地窖數據結果3,Say,23,39,つまり確実に協力してくれるわけではないってことね……,그러니까 확실히 협력해줄 거라는 보장은 없다는 거네……
scene_day3_scenes_fab_day3_logic_6346ee10c065ccc051a489a1ecff7695.bundle,回車上聽地窖數據結果3,Branch,#Simple,38,ああ、そういうことだ。,"그래, 그런 거야."
scene_day3_scenes_fab_day3_logic_6346ee10c065ccc051a489a1ecff7695.bundle,回車上聽地窖數據結果3,Branch,#Simple,39,俺はいけると思っている。,나는 될 거라고 생각해.
scene_day3_scenes_fab_day3_logic_6346ee10c065ccc051a489a1ecff7695.bundle,回車上聽地窖數據結果3,Branch,#Simple,40,……,……
scene_day3_scenes_fab_day3_logic_6346ee10c065ccc051a489a1ecff7695.bundle,回車上聽地窖數據結果3,Say,23,40,なら試してみようか。,그럼 시도해볼까.
scene_day3_scenes_fab_day3_logic_6346ee10c065ccc051a489a1ecff7695.bundle,回車上聽地窖數據結果3,Say,スイ･ニン,54,そうしよう。ジェイ、よくやった。,"그러자. 제이, 잘했어."
scene_day3_scenes_fab_day3_logic_6346ee10c065ccc051a489a1ecff7695.bundle,回車上聽地窖數據結果3,Say,スイ･ニン,55,君が提示した方法がより安全だ。,네가 제시한 방법이 더 안전해.
scene_day3_scenes_fab_day3_logic_6346ee10c065ccc051a489a1ecff7695.bundle,回車上聽地窖數據結果3,Branch,#Simple,41,俺が彼女に情報を提供したからだ。,내가 그녀에게 정보를 제공했기 때문이다.
scene_day3_scenes_fab_day3_logic_6346ee10c065ccc051a489a1ecff7695.bundle,回車上聽地窖數據結果3,Say,スイ･ニン,56,情報？,정보?
scene_day3_scenes_fab_day3_logic_6346ee10c065ccc051a489a1ecff7695.bundle,回車上聽地窖數據結果3,Say,心の声,13,明らかに警戒している目だ。,명백히 경계하는 눈빛이다.
scene_day3_scenes_fab_day3_logic_6346ee10c065ccc051a489a1ecff7695.bundle,回車上聽地窖數據結果3,Branch,#Simple,42,俺たちの調査とは無関係の情報だ。,우리 조사랑은 무관한 정보야.
scene_day3_scenes_fab_day3_logic_6346ee10c065ccc051a489a1ecff7695.bundle,回車上聽地窖數據結果3,Say,心の声,14,実際に無関係だからな。,실제로 무관하니까.
scene_day3_scenes_fab_day3_logic_6346ee10c065ccc051a489a1ecff7695.bundle,回車上聽地窖數據結果3,Branch,#Simple,43,取締役会に協力している人物を教えた。,이사회에 협력하고 있는 인물을 알려줬다.
scene_day3_scenes_fab_day3_logic_6346ee10c065ccc051a489a1ecff7695.bundle,回車上聽地窖數據結果3,Say,スイ･ニン,57,だから、彼女はあなたに借りがあるということか......,"그래서, 그 여자가 너한테 빚이 있다는 건가……"
scene_day3_scenes_fab_day3_logic_6346ee10c065ccc051a489a1ecff7695.bundle,回車上聽地窖數據結果3,Say,スイ･ニン,58,確かに私たちの調査には影響がないはずだ。,확실히 우리 조사에는 영향이 없을 거야.
scene_day3_scenes_fab_day3_logic_6346ee10c065ccc051a489a1ecff7695.bundle,回車上聽地窖數據結果3,Say,スイ･ニン,59,それでいこう。ジェイ、よくやった。,"그걸로 가자. 제이, 잘했어."
scene_day3_scenes_fab_day3_logic_6346ee10c065ccc051a489a1ecff7695.bundle,回車上聽地窖數據結果3,Say,スイ･ニン,60,君が提示した方法がより安全だ。,네가 제시한 방법이 더 안전해.
scene_day3_scenes_fab_day3_logic_6346ee10c065ccc051a489a1ecff7695.bundle,回車上聽地窖數據結果3,Branch,#Simple,44,ただ彼女なら手伝ってくれると思うからだ。,그냥 그 여자라면 도와줄 거라고 생각하니까.
scene_day3_scenes_fab_day3_logic_6346ee10c065ccc051a489a1ecff7695.bundle,回車上聽地窖數據結果3,Say,23,41,協力関係を申し出されたから……？,협력 관계를 제안받았으니까……?
scene_day3_scenes_fab_day3_logic_6346ee10c065ccc051a489a1ecff7695.bundle,回車上聽地窖數據結果3,Branch,#Simple,45,ああ。,아.
scene_day3_scenes_fab_day3_logic_6346ee10c065ccc051a489a1ecff7695.bundle,回車上聽地窖數據結果3,Say,スイ･ニン,61,わかった。試す価値はありそうだ。,알았다. 시도해볼 가치는 있을 것 같군.
scene_day3_scenes_fab_day3_logic_6346ee10c065ccc051a489a1ecff7695.bundle,回車上聽地窖數據結果3,Branch,#Simple,46,実は俺は彼女に情報を提供していたんだ。,실은 내가 그 여자한테 정보를 주고 있었거든.
scene_day3_scenes_fab_day3_logic_6346ee10c065ccc051a489a1ecff7695.bundle,回車上聽地窖數據結果3,Say,スイ･ニン,62,23号、メイ･ジョは今どこにいる？,"23호, 메이 조는 지금 어디 있지?"
scene_day3_scenes_fab_day3_logic_6346ee10c065ccc051a489a1ecff7695.bundle,回車上聽地窖數據結果3,Say,23,42,1階の行政ホール。もうジェイに権限を与えたよ。,1층 행정 홀. 이미 제이한테 권한 넘겨줬어.
scene_day3_scenes_fab_day3_logic_6346ee10c065ccc051a489a1ecff7695.bundle,回車上聽地窖數據結果3,Say,心の声,15,まだあの場所にいるのか。,아직 그곳에 있는 건가.
scene_day3_scenes_fab_day3_logic_6346ee10c065ccc051a489a1ecff7695.bundle,回車上聽地窖數據結果3,Say,スイ･ニン,63,では、ジェイ。頼んだぞ。,"그럼, 제이. 부탁한다."
scene_day3_scenes_fab_day3_logic_6346ee10c065ccc051a489a1ecff7695.bundle,回車上聽地窖數據結果3,Say,スイ･ニン,64,オペレーションコアへの権限を手に入れたら、リュウセイと次の作戦に移る。,"오퍼레이션 코어 권한을 손에 넣으면, 류성이랑 다음 작전으로 넘어간다."
scene_day3_scenes_fab_day3_logic_6346ee10c065ccc051a489a1ecff7695.bundle,回車上聽地窖數據結果3,Branch,#Simple,47,わかった。,알았어.
scene_day3_scenes_fab_day3_logic_6346ee10c065ccc051a489a1ecff7695.bundle,回車上聽地窖數據結果3,Branch,#Simple,48,もしメイ･ジョに断られたら、どうする？,"만약 메이 조가 거절하면, 어떡할 거지?"
scene_day3_scenes_fab_day3_logic_6346ee10c065ccc051a489a1ecff7695.bundle,回車上聽地窖數據結果3,Say,スイ･ニン,65,その場合は、本来の計画で行く。,"그 경우엔, 원래 계획대로 간다."
scene_day3_scenes_fab_day3_logic_6346ee10c065ccc051a489a1ecff7695.bundle,回車上聽地窖數據結果3,Branch,#Simple,49,……,……
scene_day3_scenes_fab_day3_logic_6346ee10c065ccc051a489a1ecff7695.bundle,回車上聽地窖數據結果3,Branch,#Simple,50,……,……
scene_day3_scenes_fab_day3_logic_6346ee10c065ccc051a489a1ecff7695.bundle,回車上聽地窖數據結果3,Say,スイ･ニン,66,ジェイが先にセラーのエレベーターに乗ってくれ。リュウセイは少し時間を置いてから乗るんだ。,제이가 먼저 저장고 엘리베이터를 타줘. 류성은 시간을 좀 두고 타고.
scene_day3_scenes_fab_day3_logic_6346ee10c065ccc051a489a1ecff7695.bundle,回車上聽地窖數據結果3,Branch,#Simple,51,わかった。,알았어.
scene_day3_scenes_fab_day3_logic_6346ee10c065ccc051a489a1ecff7695.bundle,回車上聽地窖數據結果3,Branch,#Simple,52,それはなぜ？,그건 왜죠?
scene_day3_scenes_fab_day3_logic_6346ee10c065ccc051a489a1ecff7695.bundle,回車上聽地窖數據結果3,Say,スイ･ニン,67,そっちの方が自然だからだ。一緒に行動すると疑われやすくなる。,그쪽이 더 자연스러우니까. 같이 움직이면 의심받기 쉬워져.
scene_day3_scenes_fab_day3_logic_6346ee10c065ccc051a489a1ecff7695.bundle,回車上聽地窖數據結果3,Branch,#Simple,53,……,……
scene_day3_scenes_fab_day3_logic_6346ee10c065ccc051a489a1ecff7695.bundle,回車上聽地窖數據結果3,Say,スイ･ニン,68,それとこれを。,그리고 이걸.
scene_day3_scenes_fab_day3_logic_6346ee10c065ccc051a489a1ecff7695.bundle,回車上聽地窖數據結果3,Say,スイ･ニン,69,特別製のスタングレネードだ。,특별 제작한 섬광탄이다.
scene_day3_scenes_fab_day3_logic_6346ee10c065ccc051a489a1ecff7695.bundle,回車上聽地窖數據結果3,Branch,#Simple,54,スタングレネード？,섬광탄?
scene_day3_scenes_fab_day3_logic_6346ee10c065ccc051a489a1ecff7695.bundle,回車上聽地窖數據結果3,Branch,#Simple,55,……,……
scene_day3_scenes_fab_day3_logic_6346ee10c065ccc051a489a1ecff7695.bundle,回車上聽地窖數據結果3,Say,23,43,うちが開発したものだよ。フラッシュ、EMP、音波攻撃を兼ね備えたスタングレネードなの。,"내가 개발한 거야. 섬광, EMP, 음파 공격을 겸비한 섬광탄이지."
scene_day3_scenes_fab_day3_logic_6346ee10c065ccc051a489a1ecff7695.bundle,回車上聽地窖數據結果3,Say,23,44,どんな敵が現れようと、相手の行動を30秒以上奪う優れものなんだから。,"어떤 적이 나타나든, 상대 행동을 30초 이상 봉쇄하는 물건이거든."
scene_day3_scenes_fab_day3_logic_6346ee10c065ccc051a489a1ecff7695.bundle,回車上聽地窖數據結果3,Say,23,45,もちろん、フクロウのエージェントにも効果てきめん！,"물론, 부엉이 요원한테도 효과 만점!"
scene_day3_scenes_fab_day3_logic_6346ee10c065ccc051a489a1ecff7695.bundle,回車上聽地窖數據結果3,Say,リュウセイ･チョウ,14,じゃ、僕たちも巻き添えを食らうってことっすか？,"그럼, 저희도 휘말리는 거예요?"
scene_day3_scenes_fab_day3_logic_6346ee10c065ccc051a489a1ecff7695.bundle,回車上聽地窖數據結果3,Say,スイ･ニン,70,だから防眩コンタクトレンズも渡しておく。それと君たちのイヤホンは音波攻撃をかき消す効果がついている。,그래서 눈부심 방지 콘택트렌즈도 같이 줄게. 그리고 너희 이어폰은 음파 공격을 상쇄하는 효과가 붙어 있어.
scene_day3_scenes_fab_day3_logic_6346ee10c065ccc051a489a1ecff7695.bundle,回車上聽地窖數據結果3,Say,スイ･ニン,71,これは最後の手だ。持っておけ。,이건 최후의 수단이다. 가지고 있어.
scene_day3_scenes_fab_day3_logic_6346ee10c065ccc051a489a1ecff7695.bundle,回車上聽地窖數據結果3,Say,スイ･ニン,72,今回の行動で使わなかったとしても、いずれきっと使う時が来るはずだ。,"이번 작전에서 안 쓰더라도, 언젠가 분명 쓸 때가 올 거다."
scene_day3_scenes_fab_day3_logic_6346ee10c065ccc051a489a1ecff7695.bundle,回車上聽地窖數據結果3,Say,リュウセイ･チョウ,15,了解っす！,알겠습니다!
scene_day3_scenes_fab_day3_logic_6346ee10c065ccc051a489a1ecff7695.bundle,回車上聽地窖數據結果3,Say,スイ･ニン,73,よっし、作戦開始だ。,"좋아, 작전 개시다."
scene_day3_scenes_fab_day3_logic_6346ee10c065ccc051a489a1ecff7695.bundle,回車上聽地窖數據結果3,Say,リュウセイ･チョウ,16,ジェイの兄貴！また後で！,제이 형님! 또 봐요!
scene_day3_scenes_fab_day3_logic_6346ee10c065ccc051a489a1ecff7695.bundle,跟隆生搭地窖電梯中,Say,リュウセイ･チョウ,0,まさかスイ姉がIDの偽造をミスるなんて。,설마 스이 누나가 ID 위조를 실수하다니.
scene_day3_scenes_fab_day3_logic_6346ee10c065ccc051a489a1ecff7695.bundle,跟隆生搭地窖電梯中,Branch,#Simple,0,真面目そうな彼女もこういうミスをするんだな。,꼼꼼해 보이는 그녀도 이런 실수를 하는군.
scene_day3_scenes_fab_day3_logic_6346ee10c065ccc051a489a1ecff7695.bundle,跟隆生搭地窖電梯中,Say,リュウセイ･チョウ,1,スーパー！,완전!
scene_day3_scenes_fab_day3_logic_6346ee10c065ccc051a489a1ecff7695.bundle,跟隆生搭地窖電梯中,Say,リュウセイ･チョウ,2,スーパー真面目っすよ。,완전 꼼꼼해요.
scene_day3_scenes_fab_day3_logic_6346ee10c065ccc051a489a1ecff7695.bundle,跟隆生搭地窖電梯中,Branch,#Simple,1,誰だってミスはするだろう？,누구든 실수는 하는 거지?
scene_day3_scenes_fab_day3_logic_6346ee10c065ccc051a489a1ecff7695.bundle,跟隆生搭地窖電梯中,Say,リュウセイ･チョウ,3,でもスイ姉がミスしたところなんて、一度も見たことないっすよ。,"근데 스이 누나가 실수하는 거, 한 번도 본 적 없어요."
scene_day3_scenes_fab_day3_logic_6346ee10c065ccc051a489a1ecff7695.bundle,跟隆生搭地窖電梯中,Branch,#Simple,2,……,……
scene_day3_scenes_fab_day3_logic_6346ee10c065ccc051a489a1ecff7695.bundle,跟隆生搭地窖電梯中,Say,リュウセイ･チョウ,4,初めてこのエレベーターに乗ったけど、絶景っすね。,"이 엘리베이터 처음 타보는데, 절경이네요."
scene_day3_scenes_fab_day3_logic_6346ee10c065ccc051a489a1ecff7695.bundle,跟隆生搭地窖電梯中,Say,リュウセイ･チョウ,5,まさか地下深くにこんな膨大な施設を作っていたとは……,설마 지하 깊은 곳에 이런 거대한 시설을 만들어놨을 줄이야……
scene_day3_scenes_fab_day3_logic_6346ee10c065ccc051a489a1ecff7695.bundle,跟隆生搭地窖電梯中,Branch,#Simple,3,初めて乗ったのか？,처음 타보는 건가?
scene_day3_scenes_fab_day3_logic_6346ee10c065ccc051a489a1ecff7695.bundle,跟隆生搭地窖電梯中,Say,リュウセイ･チョウ,6,選別組はなかなか乗れないっすから。,선별조는 좀처럼 못 타니까요.
scene_day3_scenes_fab_day3_logic_6346ee10c065ccc051a489a1ecff7695.bundle,跟隆生搭地窖電梯中,Branch,#Simple,4,それもそうか。,그것도 그런가.
scene_day3_scenes_fab_day3_logic_6346ee10c065ccc051a489a1ecff7695.bundle,跟隆生搭地窖電梯中,Branch,#Simple,5,……,……
scene_day3_scenes_fab_day3_logic_6346ee10c065ccc051a489a1ecff7695.bundle,跟隆生搭地窖電梯中,Branch,#Simple,6,俺は今日何回も乗ったな……,나는 오늘 몇 번이나 탔지……
scene_day3_scenes_fab_day3_logic_6346ee10c065ccc051a489a1ecff7695.bundle,跟隆生搭地窖電梯中,Branch,#Simple,7,このエレベーター、もう少し速いといいのにな。,"이 엘리베이터, 좀 더 빠르면 좋을 텐데."
scene_day3_scenes_fab_day3_logic_6346ee10c065ccc051a489a1ecff7695.bundle,跟隆生搭地窖電梯中,Say,リュウセイ･チョウ,7,ハハ、それはご苦労様っす……,"하하, 그건 고생 많으시네요……"
scene_day3_scenes_fab_day3_logic_6346ee10c065ccc051a489a1ecff7695.bundle,跟隆生搭地窖電梯中,Branch,#Simple,8,……,……
scene_day3_scenes_fab_day3_logic_6346ee10c065ccc051a489a1ecff7695.bundle,跟隆生搭地窖電梯中,Say,リュウセイ･チョウ,8,……,……
scene_day3_scenes_fab_day3_logic_6346ee10c065ccc051a489a1ecff7695.bundle,跟隆生搭地窖電梯中,Say,リュウセイ･チョウ,9,……,……
scene_day3_scenes_fab_day3_logic_6346ee10c065ccc051a489a1ecff7695.bundle,跟隆生搭地窖電梯中,Say,リュウセイ･チョウ,10,ジェイの兄貴は今回の調査が終わったら、どうするつもりっすか？,"제이 형은 이번 조사가 끝나면, 어떻게 할 생각이에요?"
scene_day3_scenes_fab_day3_logic_6346ee10c065ccc051a489a1ecff7695.bundle,跟隆生搭地窖電梯中,Say,心の声,0,終わったらか……,끝나면 말이지……
scene_day3_scenes_fab_day3_logic_6346ee10c065ccc051a489a1ecff7695.bundle,跟隆生搭地窖電梯中,Say,心の声,1,頑張って元の生活を取り戻したいな。,열심히 원래 생활을 되찾고 싶네.
scene_day3_scenes_fab_day3_logic_6346ee10c065ccc051a489a1ecff7695.bundle,跟隆生搭地窖電梯中,Branch,#Simple,9,ここで働き続けると思う。,여기서 계속 일할 것 같아.
scene_day3_scenes_fab_day3_logic_6346ee10c065ccc051a489a1ecff7695.bundle,跟隆生搭地窖電梯中,Say,リュウセイ･チョウ,11,まだこんなところで働きたいっすか！？,아직도 이런 데서 일하고 싶은 거예요!?
scene_day3_scenes_fab_day3_logic_6346ee10c065ccc051a489a1ecff7695.bundle,跟隆生搭地窖電梯中,Branch,#Simple,10,頑張って元の生活を取り戻すかな。,열심히 원래 생활을 되찾을까 하네.
scene_day3_scenes_fab_day3_logic_6346ee10c065ccc051a489a1ecff7695.bundle,跟隆生搭地窖電梯中,Say,リュウセイ･チョウ,12,そうっすよね……,그렇겠죠……
scene_day3_scenes_fab_day3_logic_6346ee10c065ccc051a489a1ecff7695.bundle,跟隆生搭地窖電梯中,Branch,#Simple,11,わかりません。,모르겠어요.
scene_day3_scenes_fab_day3_logic_6346ee10c065ccc051a489a1ecff7695.bundle,跟隆生搭地窖電梯中,Say,リュウセイ･チョウ,13,え？お先真っ暗っすか？,네? 앞날이 캄캄한 거예요?
scene_day3_scenes_fab_day3_logic_6346ee10c065ccc051a489a1ecff7695.bundle,跟隆生搭地窖電梯中,Say,リュウセイ･チョウ,14,何も考えてない僕みたいっすね！,아무 생각 없는 저 같네요!
scene_day3_scenes_fab_day3_logic_6346ee10c065ccc051a489a1ecff7695.bundle,跟隆生搭地窖電梯中,Say,心の声,2,そういえば、リュウセイはサイレント以外に何の仕事をしているんだ。,"그러고 보니, 류세이는 사일런트 말고 무슨 일을 하고 있는 거지."
scene_day3_scenes_fab_day3_logic_6346ee10c065ccc051a489a1ecff7695.bundle,跟隆生搭地窖電梯中,Branch,#Simple,12,リュウセイはサイレント以外に何の仕事をしているんだ？,류세이는 사일런트 말고 무슨 일을 하고 있는 거지?
scene_day3_scenes_fab_day3_logic_6346ee10c065ccc051a489a1ecff7695.bundle,跟隆生搭地窖電梯中,Say,リュウセイ･チョウ,15,スイ姉たちの手伝いっす！,스이 누나 일행 돕는 거예요!
scene_day3_scenes_fab_day3_logic_6346ee10c065ccc051a489a1ecff7695.bundle,跟隆生搭地窖電梯中,Say,リュウセイ･チョウ,16,ちゃんと給料はもらってるっすよ。しかも結構お高い！,제대로 월급도 받고 있어요. 게다가 꽤 비싸게!
scene_day3_scenes_fab_day3_logic_6346ee10c065ccc051a489a1ecff7695.bundle,跟隆生搭地窖電梯中,Say,リュウセイ･チョウ,17,ハハハ！,하하하!
scene_day3_scenes_fab_day3_logic_6346ee10c065ccc051a489a1ecff7695.bundle,跟隆生搭地窖電梯中,Branch,#Simple,13,確かに何も考えてない、あんたみたいだな。,"확실히 아무 생각 없는, 너 같은 거네."
scene_day3_scenes_fab_day3_logic_6346ee10c065ccc051a489a1ecff7695.bundle,跟隆生搭地窖電梯中,Say,リュウセイ･チョウ,18,ちょ、ちょっと待ってください！そう言われるとちょっと傷つくっす！,"자, 잠깐만요! 그렇게 말하면 좀 상처받아요!"
scene_day3_scenes_fab_day3_logic_6346ee10c065ccc051a489a1ecff7695.bundle,跟隆生搭地窖電梯中,Say,リュウセイ･チョウ,19,昨日の夜にも言ったじゃないっすか！,어젯밤에도 말했잖아요!
scene_day3_scenes_fab_day3_logic_6346ee10c065ccc051a489a1ecff7695.bundle,跟隆生搭地窖電梯中,Say,リュウセイ･チョウ,20,僕はフクロウに入るために頑張ってる途中っす！,저는 프쿠로우에 들어가려고 노력하는 중이라고요!
scene_day3_scenes_fab_day3_logic_6346ee10c065ccc051a489a1ecff7695.bundle,跟隆生搭地窖電梯中,Branch,#Simple,14,なぜフクロウに入りたいんだ？,왜 프쿠로우에 들어가고 싶은 거지?
scene_day3_scenes_fab_day3_logic_6346ee10c065ccc051a489a1ecff7695.bundle,跟隆生搭地窖電梯中,Say,リュウセイ･チョウ,21,格好いいからっすね！,멋있으니까요!
scene_day3_scenes_fab_day3_logic_6346ee10c065ccc051a489a1ecff7695.bundle,跟隆生搭地窖電梯中,Say,リュウセイ･チョウ,22,もちろん、それだけじゃないっすけどね、ハハハ！,"물론, 그게 다는 아니지만요, 하하하!"
scene_day3_scenes_fab_day3_logic_6346ee10c065ccc051a489a1ecff7695.bundle,跟隆生搭地窖電梯中,Branch,#Simple,15,フクロウには頑張れば入れるものか？,프쿠로우는 노력하면 들어갈 수 있는 건가?
scene_day3_scenes_fab_day3_logic_6346ee10c065ccc051a489a1ecff7695.bundle,跟隆生搭地窖電梯中,Say,リュウセイ･チョウ,23,さあ、でも私たちと行動を共にしていれば、いずれチャンスが来るってスイ姉が言ってたっす。,"글쎄요, 근데 저희랑 같이 행동하다 보면, 언젠가 기회가 온다고 스이 누나가 말했었어요."
scene_day3_scenes_fab_day3_logic_6346ee10c065ccc051a489a1ecff7695.bundle,跟隆生搭地窖電梯中,Say,心の声,3,スイ･ニンのやつ、彼を利用しているんじゃ……,"스이 닌 저 사람, 얘를 이용하고 있는 거 아닌가……"
scene_day3_scenes_fab_day3_logic_6346ee10c065ccc051a489a1ecff7695.bundle,跟隆生搭地窖電梯中,Branch,#Simple,16,……,……
scene_day3_scenes_fab_day3_logic_6346ee10c065ccc051a489a1ecff7695.bundle,跟隆生搭地窖電梯中,Say,リュウセイ･チョウ,24,僕は何度かフクロウに助けられているので、憧れがあるっす。,"저는 몇 번이나 프쿠로우한테 도움받은 적이 있어서, 동경하고 있어요."
scene_day3_scenes_fab_day3_logic_6346ee10c065ccc051a489a1ecff7695.bundle,跟隆生搭地窖電梯中,Say,心の声,4,助けられた？,도움을 받았다고?
scene_day3_scenes_fab_day3_logic_6346ee10c065ccc051a489a1ecff7695.bundle,跟隆生搭地窖電梯中,Say,リュウセイ･チョウ,25,……,……
scene_day3_scenes_fab_day3_logic_6346ee10c065ccc051a489a1ecff7695.bundle,跟隆生搭地窖電梯中,Say,リュウセイ･チョウ,26,実は僕も昔、家族に連れて行かれて、演算力供給をしたことがあるっす。,"실은 저도 옛날에, 가족한테 끌려가서, 연산력 공급을 한 적이 있어요."
scene_day3_scenes_fab_day3_logic_6346ee10c065ccc051a489a1ecff7695.bundle,跟隆生搭地窖電梯中,Branch,#Simple,17,昔っていつのことだ？,옛날이라면 언제 얘기지?
scene_day3_scenes_fab_day3_logic_6346ee10c065ccc051a489a1ecff7695.bundle,跟隆生搭地窖電梯中,Say,リュウセイ･チョウ,27,中学生の時っす。,중학생 때요.
scene_day3_scenes_fab_day3_logic_6346ee10c065ccc051a489a1ecff7695.bundle,跟隆生搭地窖電梯中,Say,心の声,5,中学生！？,중학생!?
scene_day3_scenes_fab_day3_logic_6346ee10c065ccc051a489a1ecff7695.bundle,跟隆生搭地窖電梯中,Branch,#Simple,18,なぜ家族はあんたに演算力供給をさせたんだ？,왜 가족이 너한테 연산력 공급을 시킨 거지?
scene_day3_scenes_fab_day3_logic_6346ee10c065ccc051a489a1ecff7695.bundle,跟隆生搭地窖電梯中,Say,リュウセイ･チョウ,28,金が必要だったからっすね。,돈이 필요했으니까요.
scene_day3_scenes_fab_day3_logic_6346ee10c065ccc051a489a1ecff7695.bundle,跟隆生搭地窖電梯中,Say,リュウセイ･チョウ,29,まあ、家族全員が演算力供給をするってことになったから、中学生の僕ももちろん行かざるを得なかった感じっす……,"뭐, 가족 전원이 연산력 공급을 하기로 됐으니까, 중학생이던 저도 당연히 안 갈 수가 없었던 느낌이에요……"
scene_day3_scenes_fab_day3_logic_6346ee10c065ccc051a489a1ecff7695.bundle,跟隆生搭地窖電梯中,Say,心の声,6,中学生！？,중학생!?
scene_day3_scenes_fab_day3_logic_6346ee10c065ccc051a489a1ecff7695.bundle,跟隆生搭地窖電梯中,Branch,#Simple,19,……,……
scene_day3_scenes_fab_day3_logic_6346ee10c065ccc051a489a1ecff7695.bundle,跟隆生搭地窖電梯中,Say,リュウセイ･チョウ,30,でも、ジェイの兄貴が想像してる何年間も供給するやつじゃないっすよ。確か2週間で終わるやつっすね。,"근데, 제이 형이 상상하는 몇 년씩 공급하는 그런 게 아니에요. 아마 2주면 끝나는 거였어요."
scene_day3_scenes_fab_day3_logic_6346ee10c065ccc051a489a1ecff7695.bundle,跟隆生搭地窖電梯中,Branch,#Simple,20,子どもでもできるものなのか？,아이도 할 수 있는 건가?
scene_day3_scenes_fab_day3_logic_6346ee10c065ccc051a489a1ecff7695.bundle,跟隆生搭地窖電梯中,Say,リュウセイ･チョウ,31,今は無理っす。あの時はまだ制限が緩かったので！,지금은 무리예요. 그때는 아직 제한이 느슨했어서!
scene_day3_scenes_fab_day3_logic_6346ee10c065ccc051a489a1ecff7695.bundle,跟隆生搭地窖電梯中,Branch,#Simple,21,怖くなかったのか？,무섭지 않았나?
scene_day3_scenes_fab_day3_logic_6346ee10c065ccc051a489a1ecff7695.bundle,跟隆生搭地窖電梯中,Say,リュウセイ･チョウ,32,別に怖くなかったっすね。僕は意外と肝が据わってるみたいっす。,딱히 안 무서웠어요. 저는 의외로 배짱이 두둑한 모양이에요.
scene_day3_scenes_fab_day3_logic_6346ee10c065ccc051a489a1ecff7695.bundle,跟隆生搭地窖電梯中,Branch,#Simple,22,……,……
scene_day3_scenes_fab_day3_logic_6346ee10c065ccc051a489a1ecff7695.bundle,跟隆生搭地窖電梯中,Say,リュウセイ･チョウ,33,でもあの時は万象じゃなく、マンセントでやったっすね。,"근데 그때는 완샹이 아니라, 만센트에서 했어요."
scene_day3_scenes_fab_day3_logic_6346ee10c065ccc051a489a1ecff7695.bundle,跟隆生搭地窖電梯中,Say,心の声,7,マンセント、確か万象の競争相手だ……,"만센트, 확실히 완샹의 경쟁사인데……"
scene_day3_scenes_fab_day3_logic_6346ee10c065ccc051a489a1ecff7695.bundle,跟隆生搭地窖電梯中,Say,リュウセイ･チョウ,34,たったの二週間だけだし、すぐ終わるはずでした。でも、大きな設備故障が起きて……,"겨우 2주뿐이고, 금방 끝날 예정이었어요. 근데, 큰 설비 고장이 일어나서……"
scene_day3_scenes_fab_day3_logic_6346ee10c065ccc051a489a1ecff7695.bundle,跟隆生搭地窖電梯中,Say,リュウセイ･チョウ,35,……,……
scene_day3_scenes_fab_day3_logic_6346ee10c065ccc051a489a1ecff7695.bundle,跟隆生搭地窖電梯中,Say,心の声,8,リュウセイが黙り込んだ……,류세이가 입을 다물었다……
scene_day3_scenes_fab_day3_logic_6346ee10c065ccc051a489a1ecff7695.bundle,跟隆生搭地窖電梯中,Say,リュウセイ･チョウ,36,僕の家族は皆、あの事故で死んだっす。僕も半身不随だったっすけどね。,"제 가족은 다들, 그 사고로 죽었어요. 저도 반신불수가 됐었지만요."
scene_day3_scenes_fab_day3_logic_6346ee10c065ccc051a489a1ecff7695.bundle,跟隆生搭地窖電梯中,Say,リュウセイ･チョウ,37,マンセントはすべてをもみ消すために、僕までも死なせようとしたっす。,"만센트는 모든 걸 은폐하려고, 저까지도 죽이려고 했어요."
scene_day3_scenes_fab_day3_logic_6346ee10c065ccc051a489a1ecff7695.bundle,跟隆生搭地窖電梯中,Say,リュウセイ･チョウ,38,でもそこにスイ姉が現れて、僕を救っただけでなく、マンセントの悪行を暴いてくれた。,"근데 거기 스이 누나가 나타나서, 저를 구해줬을 뿐만 아니라, 만센트의 악행을 폭로해줬어요."
scene_day3_scenes_fab_day3_logic_6346ee10c065ccc051a489a1ecff7695.bundle,跟隆生搭地窖電梯中,Say,リュウセイ･チョウ,39,だから僕はずっとスイ姉に憧れていて、感謝しているっす。,"그래서 저는 계속 스이 누나를 동경하고, 감사하게 생각하고 있어요."
scene_day3_scenes_fab_day3_logic_6346ee10c065ccc051a489a1ecff7695.bundle,跟隆生搭地窖電梯中,Say,心の声,9,それは……,그건……
scene_day3_scenes_fab_day3_logic_6346ee10c065ccc051a489a1ecff7695.bundle,跟隆生搭地窖電梯中,Say,リュウセイ･チョウ,40,……,……
scene_day3_scenes_fab_day3_logic_6346ee10c065ccc051a489a1ecff7695.bundle,跟隆生搭地窖電梯中2,Branch,#Simple,0,それは申し訳ない。,그건 미안하네.
scene_day3_scenes_fab_day3_logic_6346ee10c065ccc051a489a1ecff7695.bundle,跟隆生搭地窖電梯中2,Branch,#Simple,1,すまない、かける言葉が見つからない。,"미안, 뭐라 할 말이 안 떠오르네."
scene_day3_scenes_fab_day3_logic_6346ee10c065ccc051a489a1ecff7695.bundle,跟隆生搭地窖電梯中2,Say,リュウセイ･チョウ,0,べ、別に大したことじゃないっすよ！,"벼, 별거 아니에요!"
scene_day3_scenes_fab_day3_logic_6346ee10c065ccc051a489a1ecff7695.bundle,跟隆生搭地窖電梯中2,Branch,#Simple,2,……,……
scene_day3_scenes_fab_day3_logic_6346ee10c065ccc051a489a1ecff7695.bundle,跟隆生搭地窖電梯中2,Say,リュウセイ･チョウ,1,すみません！こんな空気にしたかったわけじゃなかったのに！,죄송해요! 이런 분위기 만들려던 거 아니었는데!
scene_day3_scenes_fab_day3_logic_6346ee10c065ccc051a489a1ecff7695.bundle,跟隆生搭地窖電梯中2,Say,リュウセイ･チョウ,2,こ、この話のポイントは！,"이, 이 얘기의 포인트는요!"
scene_day3_scenes_fab_day3_logic_6346ee10c065ccc051a489a1ecff7695.bundle,跟隆生搭地窖電梯中2,Say,リュウセイ･チョウ,3,マンセントみたいなクズ企業が沢山あって、誰も太刀打ちできないってことっす！,"만센트 같은 쓰레기 기업들이 잔뜩 있고, 아무도 맞서지 못한다는 거예요!"
scene_day3_scenes_fab_day3_logic_6346ee10c065ccc051a489a1ecff7695.bundle,跟隆生搭地窖電梯中2,Say,リュウセイ･チョウ,4,事実上、マンセントはまだ、存在しているわけですし……,"사실상, 만센트는 아직, 존재하고 있는 거고……"
scene_day3_scenes_fab_day3_logic_6346ee10c065ccc051a489a1ecff7695.bundle,跟隆生搭地窖電梯中2,Say,リュウセイ･チョウ,5,彼らを揺るがすことができるのは、スイ姉たちみたいな存在だけっす。,"그들을 흔들 수 있는 건, 스이 누나 같은 존재뿐이에요."
scene_day3_scenes_fab_day3_logic_6346ee10c065ccc051a489a1ecff7695.bundle,跟隆生搭地窖電梯中2,Branch,#Simple,3,それはスイ･ニンの力なのか、それともフクロウの力か？,"그건 스이 닌의 힘인가, 아니면 프쿠로우의 힘인가?"
scene_day3_scenes_fab_day3_logic_6346ee10c065ccc051a489a1ecff7695.bundle,跟隆生搭地窖電梯中2,Say,リュウセイ･チョウ,6,僕もスイ姉に同じ質問をしたことがあったっす。,저도 스이 누나한테 똑같은 질문을 한 적이 있었어요.
scene_day3_scenes_fab_day3_logic_6346ee10c065ccc051a489a1ecff7695.bundle,跟隆生搭地窖電梯中2,Say,リュウセイ･チョウ,7,彼女は……,그 사람은……
scene_day3_scenes_fab_day3_logic_6346ee10c065ccc051a489a1ecff7695.bundle,跟隆生搭地窖電梯中2,Say,リュウセイ･チョウ,8,それは重要じゃない。,그건 중요하지 않아.
scene_day3_scenes_fab_day3_logic_6346ee10c065ccc051a489a1ecff7695.bundle,跟隆生搭地窖電梯中2,Say,リュウセイ･チョウ,9,「目標の達成には多くの手段が存在する。フクロウに所属すれば、権力と物資の支援を得られる」,"「목표 달성에는 많은 수단이 존재한다. 프쿠로우에 소속되면, 권력과 물자 지원을 얻을 수 있다」"
scene_day3_scenes_fab_day3_logic_6346ee10c065ccc051a489a1ecff7695.bundle,跟隆生搭地窖電梯中2,Say,リュウセイ･チョウ,10,「所属することで制限はあるものの、全体で見れば、フクロウに入ったことは目的の達成に間違いなく役立った」,"「소속됨으로써 제약은 있지만, 전체적으로 보면, 프쿠로우에 들어간 게 목적 달성에 틀림없이 도움이 됐다」"
scene_day3_scenes_fab_day3_logic_6346ee10c065ccc051a489a1ecff7695.bundle,跟隆生搭地窖電梯中2,Branch,#Simple,4,回りくどい言い方だな。,돌려 말하는 거 참.
scene_day3_scenes_fab_day3_logic_6346ee10c065ccc051a489a1ecff7695.bundle,跟隆生搭地窖電梯中2,Say,リュウセイ･チョウ,11,ハハ、彼女らしいっすよね？,"하하, 그 사람답죠?"
scene_day3_scenes_fab_day3_logic_6346ee10c065ccc051a489a1ecff7695.bundle,跟隆生搭地窖電梯中2,Branch,#Simple,5,結果論だな。,결과론이군.
scene_day3_scenes_fab_day3_logic_6346ee10c065ccc051a489a1ecff7695.bundle,跟隆生搭地窖電梯中2,Say,リュウセイ･チョウ,12,かもしれないっす。,그럴지도 몰라요.
scene_day3_scenes_fab_day3_logic_6346ee10c065ccc051a489a1ecff7695.bundle,跟隆生搭地窖電梯中2,Branch,#Simple,6,……,……
scene_day3_scenes_fab_day3_logic_6346ee10c065ccc051a489a1ecff7695.bundle,跟隆生搭地窖電梯中2,Branch,#Simple,7,……,……
scene_day3_scenes_fab_day3_logic_6346ee10c065ccc051a489a1ecff7695.bundle,跟隆生搭地窖電梯中2,Say,リュウセイ･チョウ,13,でも、それも僕がフクロウに入りたい動機っす。,"근데, 그것도 제가 프쿠로우에 들어가고 싶은 동기예요."
scene_day3_scenes_fab_day3_logic_6346ee10c065ccc051a489a1ecff7695.bundle,跟隆生搭地窖電梯中2,Say,リュウセイ･チョウ,14,バカげた考えに聞こえるかもしれないっすけど……,바보 같은 생각으로 들릴지도 모르지만……
scene_day3_scenes_fab_day3_logic_6346ee10c065ccc051a489a1ecff7695.bundle,跟隆生搭地窖電梯中2,Say,リュウセイ･チョウ,15,僕は「正しいことができる力」がほしいっす。,저는「올바른 일을 할 수 있는 힘」이 갖고 싶어요.
scene_day3_scenes_fab_day3_logic_6346ee10c065ccc051a489a1ecff7695.bundle,跟隆生搭地窖電梯中2,Say,リュウセイ･チョウ,16,もしジェイの兄貴がフクロウのメンバーだったら、リンさんを守れていたかもしれない……,"만약 제이 형이 프쿠로우 멤버였다면, 린 씨를 지킬 수 있었을지도 몰라요……"
scene_day3_scenes_fab_day3_logic_6346ee10c065ccc051a489a1ecff7695.bundle,跟隆生搭地窖電梯中2,Say,リュウセイ･チョウ,17,そんなふうにも思えませんか……？,그렇게 생각되지 않아요……?
scene_day3_scenes_fab_day3_logic_6346ee10c065ccc051a489a1ecff7695.bundle,跟隆生搭地窖電梯中2,Say,心の声,0,……,……
scene_day3_scenes_fab_day3_logic_6346ee10c065ccc051a489a1ecff7695.bundle,跟隆生搭地窖電梯中2,Branch,#Simple,8,それとこれとは別だ。,그거랑 이건 별개다.
scene_day3_scenes_fab_day3_logic_6346ee10c065ccc051a489a1ecff7695.bundle,跟隆生搭地窖電梯中2,Say,リュウセイ･チョウ,18,……そうっすよね。,……그렇겠죠.
scene_day3_scenes_fab_day3_logic_6346ee10c065ccc051a489a1ecff7695.bundle,跟隆生搭地窖電梯中2,Branch,#Simple,9,かもしれないな。,그럴지도 모르지.
scene_day3_scenes_fab_day3_logic_6346ee10c065ccc051a489a1ecff7695.bundle,跟隆生搭地窖電梯中2,Say,リュウセイ･チョウ,19,でしょう？,그치?
scene_day3_scenes_fab_day3_logic_6346ee10c065ccc051a489a1ecff7695.bundle,跟隆生搭地窖電梯中2,Branch,#Simple,10,リンは俺に守られる必要なんてない。,린은 나한테 지켜질 필요 같은 거 없어.
scene_day3_scenes_fab_day3_logic_6346ee10c065ccc051a489a1ecff7695.bundle,跟隆生搭地窖電梯中2,Say,リュウセイ･チョウ,20,それでも、彼女の力にはなれると思うっす……,"그래도, 그녀한테 힘이 될 수는 있다고 생각해요……"
scene_day3_scenes_fab_day3_logic_6346ee10c065ccc051a489a1ecff7695.bundle,跟隆生搭地窖電梯中2,Say,リュウセイ･チョウ,21,……,……
scene_day3_scenes_fab_day3_logic_6346ee10c065ccc051a489a1ecff7695.bundle,跟隆生搭地窖電梯中2,Branch,#Simple,11,俺が彼女を守れなかったと言いたいのか？,내가 그녀를 못 지켰다는 말을 하고 싶은 거냐?
scene_day3_scenes_fab_day3_logic_6346ee10c065ccc051a489a1ecff7695.bundle,跟隆生搭地窖電梯中2,Say,リュウセイ･チョウ,22,そ、そういう意味じゃないっす！,"그, 그런 뜻이 아니에요!"
scene_day3_scenes_fab_day3_logic_6346ee10c065ccc051a489a1ecff7695.bundle,跟隆生搭地窖電梯中2,Say,心の声,1,何で俺はこんなに感情的になっているんだ……,왜 나는 이렇게 감정적이 되는 거지……
scene_day3_scenes_fab_day3_logic_6346ee10c065ccc051a489a1ecff7695.bundle,跟隆生搭地窖電梯中2,Say,リュウセイ･チョウ,23,すみません、踏み込みすぎたっす……,"죄송해요, 너무 깊이 들어갔네요……"
scene_day3_scenes_fab_day3_logic_6346ee10c065ccc051a489a1ecff7695.bundle,跟隆生搭地窖電梯中2,Branch,#Simple,12,大丈夫だ、気にしないでくれ。,"괜찮다, 신경 쓰지 마."
scene_day3_scenes_fab_day3_logic_6346ee10c065ccc051a489a1ecff7695.bundle,跟隆生搭地窖電梯中2,Say,リュウセイ･チョウ,24,な、ならいいっすけど……,"그, 그럼 다행이지만……"
scene_day3_scenes_fab_day3_logic_6346ee10c065ccc051a489a1ecff7695.bundle,跟隆生搭地窖電梯中2,Branch,#Simple,13,確かに少し踏み込みすぎだ。,확실히 좀 지나쳤어.
scene_day3_scenes_fab_day3_logic_6346ee10c065ccc051a489a1ecff7695.bundle,跟隆生搭地窖電梯中2,Say,リュウセイ･チョウ,25,そうだな……,그러게……
scene_day3_scenes_fab_day3_logic_6346ee10c065ccc051a489a1ecff7695.bundle,跟隆生搭地窖電梯中2,Branch,#Simple,14,……,……
scene_day3_scenes_fab_day3_logic_6346ee10c065ccc051a489a1ecff7695.bundle,跟隆生搭地窖電梯中2,Say,リュウセイ･チョウ,26,……,……
scene_day3_scenes_fab_day3_logic_6346ee10c065ccc051a489a1ecff7695.bundle,跟隆生搭地窖電梯中2,Say,リュウセイ･チョウ,27,……,……
scene_day3_scenes_fab_day3_logic_6346ee10c065ccc051a489a1ecff7695.bundle,跟隆生搭地窖電梯中2,Branch,#Simple,15,リュウセイにも守りたい人がいるのか？,류세이도 지키고 싶은 사람이 있나?
scene_day3_scenes_fab_day3_logic_6346ee10c065ccc051a489a1ecff7695.bundle,跟隆生搭地窖電梯中2,Say,リュウセイ･チョウ,28,今すっか？多分いない……っすね。,지금이요? 아마 없는……거 같아요.
scene_day3_scenes_fab_day3_logic_6346ee10c065ccc051a489a1ecff7695.bundle,跟隆生搭地窖電梯中2,Say,リュウセイ･チョウ,29,でも僕はやっぱり、誰かに何かをしてあげたいっす。だって僕が誰かに助けられてきたから。,"근데 저는 역시, 누군가한테 뭔가 해주고 싶어요. 왜냐면 저도 누군가한테 도움을 받아왔으니까요."
scene_day3_scenes_fab_day3_logic_6346ee10c065ccc051a489a1ecff7695.bundle,跟隆生搭地窖電梯中2,Branch,#Simple,16,具体的に、どんなことをしてあげたいんだ？,"구체적으로, 어떤 걸 해주고 싶은 거지?"
scene_day3_scenes_fab_day3_logic_6346ee10c065ccc051a489a1ecff7695.bundle,跟隆生搭地窖電梯中2,Say,リュウセイ･チョウ,30,そうだな……,그러게……
scene_day3_scenes_fab_day3_logic_6346ee10c065ccc051a489a1ecff7695.bundle,跟隆生搭地窖電梯中2,Say,リュウセイ･チョウ,31,弱きを助け、金と地位を持っているクズを倒す、とか？,"약자를 돕고, 돈과 지위를 가진 쓰레기를 쓰러뜨린다, 같은 거요?"
scene_day3_scenes_fab_day3_logic_6346ee10c065ccc051a489a1ecff7695.bundle,跟隆生搭地窖電梯中2,Say,リュウセイ･チョウ,32,あとは演算産業のトップ企業を……,그리고 연산 산업 최상위 기업을……
scene_day3_scenes_fab_day3_logic_6346ee10c065ccc051a489a1ecff7695.bundle,跟隆生搭地窖電梯中2,Branch,#Simple,17,演算力産業に恨みがあるのか？,연산력 산업에 원한이 있나?
scene_day3_scenes_fab_day3_logic_6346ee10c065ccc051a489a1ecff7695.bundle,跟隆生搭地窖電梯中2,Branch,#Simple,18,演算力産業が間違いだと思っているのか？,연산력 산업이 잘못됐다고 생각하는 거냐?
scene_day3_scenes_fab_day3_logic_6346ee10c065ccc051a489a1ecff7695.bundle,跟隆生搭地窖電梯中2,Say,リュウセイ･チョウ,33,そりゃ絶対に間違ってるっすよ。,그거야 절대 잘못됐죠.
scene_day3_scenes_fab_day3_logic_6346ee10c065ccc051a489a1ecff7695.bundle,跟隆生搭地窖電梯中2,Say,リュウセイ･チョウ,34,確かに多くの人間を生かしているのも事実だけど、それ以上の悲劇をもたらしてるっす。,"확실히 많은 사람을 먹여 살리는 것도 사실이지만, 그 이상의 비극을 불러오고 있어요."
scene_day3_scenes_fab_day3_logic_6346ee10c065ccc051a489a1ecff7695.bundle,跟隆生搭地窖電梯中2,Say,リュウセイ･チョウ,35,同時に、多くの恨みの種を生んだ。僕もその一人っす……,"동시에, 많은 원한의 씨앗을 만들었죠. 저도 그중 하나고요……"
scene_day3_scenes_fab_day3_logic_6346ee10c065ccc051a489a1ecff7695.bundle,跟隆生搭地窖電梯中2,Say,リュウセイ･チョウ,36,スイ姉は僕にその考えを捨てさせたいみたいっすけど……,스이 누나는 저한테 그 생각을 버리게 하고 싶은 것 같지만……
scene_day3_scenes_fab_day3_logic_6346ee10c065ccc051a489a1ecff7695.bundle,跟隆生搭地窖電梯中2,Say,リュウセイ･チョウ,37,僕はやっぱり、演算力産業のすべてが憎い。,"저는 역시, 연산력 산업 전부가 미워요."
scene_day3_scenes_fab_day3_logic_6346ee10c065ccc051a489a1ecff7695.bundle,跟隆生搭地窖電梯中2,Branch,#Simple,19,……,……
scene_day3_scenes_fab_day3_logic_6346ee10c065ccc051a489a1ecff7695.bundle,跟隆生搭地窖電梯中2,Branch,#Simple,20,なるほどね。,그렇군요.
scene_day3_scenes_fab_day3_logic_6346ee10c065ccc051a489a1ecff7695.bundle,跟隆生搭地窖電梯中2,Say,リュウセイ･チョウ,38,でしょう？,그치?
scene_day3_scenes_fab_day3_logic_6346ee10c065ccc051a489a1ecff7695.bundle,跟隆生搭地窖電梯中2,Branch,#Simple,21,……,……
scene_day3_scenes_fab_day3_logic_6346ee10c065ccc051a489a1ecff7695.bundle,跟隆生搭地窖電梯中2,Branch,#Simple,22,演算力産業に恨みがあるのか？,연산력 산업에 원한이 있나?
scene_day3_scenes_fab_day3_logic_6346ee10c065ccc051a489a1ecff7695.bundle,跟隆生搭地窖電梯中2,Say,リュウセイ･チョウ,39,スイ姉は僕にその考えを捨てさせたいみたいっすけど……,스이 누나는 저한테 그 생각을 버리게 하고 싶은 것 같지만……
scene_day3_scenes_fab_day3_logic_6346ee10c065ccc051a489a1ecff7695.bundle,跟隆生搭地窖電梯中2,Say,リュウセイ･チョウ,40,でも、僕はやっぱり演算力産業が憎いっす。,"근데, 저는 역시 연산력 산업이 미워요."
scene_day3_scenes_fab_day3_logic_6346ee10c065ccc051a489a1ecff7695.bundle,跟隆生搭地窖電梯中2,Say,リュウセイ･チョウ,41,あっ、でも選別組のことは恨んでないっすよ！,"아, 근데 선별조를 원망하는 건 아니에요!"
scene_day3_scenes_fab_day3_logic_6346ee10c065ccc051a489a1ecff7695.bundle,跟隆生搭地窖電梯中2,Say,リュウセイ･チョウ,42,どんなクズな組織の中にも、いい人はいるっす。,"아무리 쓰레기 같은 조직 안에도, 좋은 사람은 있으니까요."
scene_day3_scenes_fab_day3_logic_6346ee10c065ccc051a489a1ecff7695.bundle,跟隆生搭地窖電梯中2,Say,リュウセイ･チョウ,43,でも……,하지만……
scene_day3_scenes_fab_day3_logic_6346ee10c065ccc051a489a1ecff7695.bundle,跟隆生搭地窖電梯中2,Branch,#Simple,23,彼らは共犯者になる？,그들은 공범이 되나?
scene_day3_scenes_fab_day3_logic_6346ee10c065ccc051a489a1ecff7695.bundle,跟隆生搭地窖電梯中2,Say,リュウセイ･チョウ,44,あ、はい……,"아, 네……"
scene_day3_scenes_fab_day3_logic_6346ee10c065ccc051a489a1ecff7695.bundle,跟隆生搭地窖電梯中2,Say,リュウセイ･チョウ,45,そうかもしれないっす。,그럴지도 몰라요.
scene_day3_scenes_fab_day3_logic_6346ee10c065ccc051a489a1ecff7695.bundle,跟隆生搭地窖電梯中2,Say,心の声,2,選別組の皆のことを悪く言いたくないようだ。,선별조 사람들을 나쁘게 말하고 싶지 않은 모양이다.
scene_day3_scenes_fab_day3_logic_6346ee10c065ccc051a489a1ecff7695.bundle,跟隆生搭地窖電梯中2,Branch,#Simple,24,それ以上に悪いやつらが多くいる。,그 이상으로 나쁜 놈들이 많이 있다.
scene_day3_scenes_fab_day3_logic_6346ee10c065ccc051a489a1ecff7695.bundle,跟隆生搭地窖電梯中2,Say,リュウセイ･チョウ,46,はい、僕もそう思うっす。,"네, 저도 그렇게 생각해요."
scene_day3_scenes_fab_day3_logic_6346ee10c065ccc051a489a1ecff7695.bundle,跟隆生搭地窖電梯中2,Branch,#Simple,25,……,……
scene_day3_scenes_fab_day3_logic_6346ee10c065ccc051a489a1ecff7695.bundle,跟隆生搭地窖電梯中2,Say,リュウセイ･チョウ,47,それに問題は操作組のやつらっす。,게다가 문제는 조작조 녀석들이에요.
scene_day3_scenes_fab_day3_logic_6346ee10c065ccc051a489a1ecff7695.bundle,跟隆生搭地窖電梯中2,Branch,#Simple,26,操作組の中にもいい人はいる。,조작조 안에도 좋은 사람은 있어.
scene_day3_scenes_fab_day3_logic_6346ee10c065ccc051a489a1ecff7695.bundle,跟隆生搭地窖電梯中2,Say,リュウセイ･チョウ,48,……,……
scene_day3_scenes_fab_day3_logic_6346ee10c065ccc051a489a1ecff7695.bundle,跟隆生搭地窖電梯中2,Say,リュウセイ･チョウ,49,それなら悪いやつって一体誰っすか……,그럼 나쁜 놈이란 대체 누구예요……
scene_day3_scenes_fab_day3_logic_6346ee10c065ccc051a489a1ecff7695.bundle,跟隆生搭地窖電梯中2,Branch,#Simple,27,かもしれないな。,그럴지도 모르지.
scene_day3_scenes_fab_day3_logic_6346ee10c065ccc051a489a1ecff7695.bundle,跟隆生搭地窖電梯中2,Branch,#Simple,28,……,……
scene_day3_scenes_fab_day3_logic_6346ee10c065ccc051a489a1ecff7695.bundle,跟隆生搭地窖電梯中2,Branch,#Simple,29,……,……
scene_day3_scenes_fab_day3_logic_6346ee10c065ccc051a489a1ecff7695.bundle,跟隆生搭地窖電梯中2,Say,リュウセイ･チョウ,50,……,……
scene_day3_scenes_fab_day3_logic_6346ee10c065ccc051a489a1ecff7695.bundle,跟隆生搭地窖電梯中2,Say,リュウセイ･チョウ,51,とりあえず任務に専念しましょう。,일단 임무에 집중하죠.
scene_day3_scenes_fab_day3_logic_6346ee10c065ccc051a489a1ecff7695.bundle,跟隆生搭地窖電梯中2,Say,リュウセイ･チョウ,52,もうすぐで着きそうですし、パパパと片付けちゃいましょう。,"곧 도착할 것 같으니까, 빠릿빠릿하게 해치워버리죠."
scene_day3_scenes_fab_day3_logic_6346ee10c065ccc051a489a1ecff7695.bundle,在運算核心遇到警衛2,Say,ユウ･ショウ,0,止まってください！あなた達はどうしてここに……？,멈추세요! 두 분은 어떻게 여기에……?
scene_day3_scenes_fab_day3_logic_6346ee10c065ccc051a489a1ecff7695.bundle,在運算核心遇到警衛2,Say,ユウ･ショウ,1,ジェイ……さん？,제이……씨?
scene_day3_scenes_fab_day3_logic_6346ee10c065ccc051a489a1ecff7695.bundle,在運算核心遇到警衛2,Say,心の声,0,クソッ、誰もいないはずじゃなかったのか！？,"젠장, 아무도 없어야 하는 거 아니었어!?"
scene_day3_scenes_fab_day3_logic_6346ee10c065ccc051a489a1ecff7695.bundle,在運算核心遇到警衛2,Say,心の声,1,しかも知り合いに出くわすとは……,게다가 아는 사람이랑 마주치다니……
scene_day3_scenes_fab_day3_logic_6346ee10c065ccc051a489a1ecff7695.bundle,在運算核心遇到警衛2,Say,ユウ･ショウ,2,どうしてここにいるのですか？,왜 여기 계신 거예요?
scene_day3_scenes_fab_day3_logic_6346ee10c065ccc051a489a1ecff7695.bundle,在運算核心遇到警衛2,Branch,#Simple,0,監察員の案内をしているんだ。,감찰원 안내를 하고 있다.
scene_day3_scenes_fab_day3_logic_6346ee10c065ccc051a489a1ecff7695.bundle,在運算核心遇到警衛2,Say,ユウ･ショウ,3,監察員！？,감찰원!?
scene_day3_scenes_fab_day3_logic_6346ee10c065ccc051a489a1ecff7695.bundle,在運算核心遇到警衛2,Say,心の声,2,かなり驚いているようだが、どうしたんだ？,"꽤 놀란 것 같은데, 무슨 일이지?"
scene_day3_scenes_fab_day3_logic_6346ee10c065ccc051a489a1ecff7695.bundle,在運算核心遇到警衛2,Say,心の声,3,しまった！スイ･ニンが用意したIDはプロジェクトマネージャーだ！,아차! 스이 닌이 준비한 ID는 프로젝트 매니저잖아!
scene_day3_scenes_fab_day3_logic_6346ee10c065ccc051a489a1ecff7695.bundle,在運算核心遇到警衛2,Say,ユウ･ショウ,4,こちらの方が、監察員の方ですか？,"이분이, 감찰원분이신가요?"
scene_day3_scenes_fab_day3_logic_6346ee10c065ccc051a489a1ecff7695.bundle,在運算核心遇到警衛2,Say,心の声,4,……リュウセイを知らないみたいだな。,……류세이를 모르는 것 같군.
scene_day3_scenes_fab_day3_logic_6346ee10c065ccc051a489a1ecff7695.bundle,在運算核心遇到警衛2,Say,ユウ･ショウ,5,まさか本物……,설마 진짜……
scene_day3_scenes_fab_day3_logic_6346ee10c065ccc051a489a1ecff7695.bundle,在運算核心遇到警衛2,Say,リュウセイ･チョウ,0,待ちなさい！私は監察員ではない。,잠깐! 나는 감찰원이 아니다.
scene_day3_scenes_fab_day3_logic_6346ee10c065ccc051a489a1ecff7695.bundle,在運算核心遇到警衛2,Branch,#Simple,1,この方と一緒に来たんだ。,이분이랑 같이 왔다.
scene_day3_scenes_fab_day3_logic_6346ee10c065ccc051a489a1ecff7695.bundle,在運算核心遇到警衛2,Say,ユウ･ショウ,6,こちらの方は、どなたですか？,"이분은, 누구시죠?"
scene_day3_scenes_fab_day3_logic_6346ee10c065ccc051a489a1ecff7695.bundle,在運算核心遇到警衛2,Say,心の声,5,……リュウセイを知らないみたいだな。,……류세이를 모르는 것 같군.
scene_day3_scenes_fab_day3_logic_6346ee10c065ccc051a489a1ecff7695.bundle,在運算核心遇到警衛2,Say,リュウセイ･チョウ,1,初めまして。,처음 뵙겠습니다.
scene_day3_scenes_fab_day3_logic_6346ee10c065ccc051a489a1ecff7695.bundle,在運算核心遇到警衛2,Branch,#Simple,2,なぜあんたがここにいるんだ？,왜 네가 여기 있는 거지?
scene_day3_scenes_fab_day3_logic_6346ee10c065ccc051a489a1ecff7695.bundle,在運算核心遇到警衛2,Say,ユウ･ショウ,7,まずはこちらの質問に答えてください！,먼저 저희 질문에 답해주세요!
scene_day3_scenes_fab_day3_logic_6346ee10c065ccc051a489a1ecff7695.bundle,在運算核心遇到警衛2,Say,心の声,6,かなり強気な態度だ……,꽤 강경한 태도인데……
scene_day3_scenes_fab_day3_logic_6346ee10c065ccc051a489a1ecff7695.bundle,在運算核心遇到警衛2,Say,リュウセイ･チョウ,2,私は本社から来たプロジェクトマネージャーだ。,나는 본사에서 온 프로젝트 매니저다.
scene_day3_scenes_fab_day3_logic_6346ee10c065ccc051a489a1ecff7695.bundle,在運算核心遇到警衛2,Say,心の声,7,いつもの変な口調じゃない……,평소의 이상한 말투가 아니다……
scene_day3_scenes_fab_day3_logic_6346ee10c065ccc051a489a1ecff7695.bundle,在運算核心遇到警衛2,Say,リュウセイ･チョウ,3,今日はオペレーションコアの稼働状況を調べに来たんだ。,오늘은 운영 코어 가동 상황을 조사하러 왔다.
scene_day3_scenes_fab_day3_logic_6346ee10c065ccc051a489a1ecff7695.bundle,在運算核心遇到警衛2,Say,心の声,8,プロジェクトマネージャーを演じているのか……,프로젝트 매니저 연기를 하고 있는 건가……
scene_day3_scenes_fab_day3_logic_6346ee10c065ccc051a489a1ecff7695.bundle,在運算核心遇到警衛2,Say,ユウ･ショウ,8,プロジェクトマネージャー？,프로젝트 매니저요?
scene_day3_scenes_fab_day3_logic_6346ee10c065ccc051a489a1ecff7695.bundle,在運算核心遇到警衛2,Say,ユウ･ショウ,9,一般職員の制服を着ているのにですが？,일반 직원 제복을 입고 계신데요?
scene_day3_scenes_fab_day3_logic_6346ee10c065ccc051a489a1ecff7695.bundle,在運算核心遇到警衛2,Say,リュウセイ･チョウ,4,こ、これが私の制服だ！何か問題でもあるのか？,"이, 이게 내 제복이다! 뭔가 문제라도 있나?"
scene_day3_scenes_fab_day3_logic_6346ee10c065ccc051a489a1ecff7695.bundle,在運算核心遇到警衛2,Say,ユウ･ショウ,10,い、いいえ！聞いてみただけです。,"아, 아뇨! 그냥 물어본 거예요."
scene_day3_scenes_fab_day3_logic_6346ee10c065ccc051a489a1ecff7695.bundle,在運算核心遇到警衛2,Say,ユウ･ショウ,11,えっと、本日、お二方が来られるという連絡がなかったもので……,"저기, 오늘, 두 분이 오신다는 연락이 없어서……"
scene_day3_scenes_fab_day3_logic_6346ee10c065ccc051a489a1ecff7695.bundle,在運算核心遇到警衛2,Say,ユウ･ショウ,12,すみませんが、身体検査をさせていただきます。どうぞこちらへ。,"죄송하지만, 신체검사를 하겠습니다. 이쪽으로 오세요."
scene_day3_scenes_fab_day3_logic_6346ee10c065ccc051a489a1ecff7695.bundle,在運算核心遇到警衛3,Say,ユウ･ショウ,0,こんなにお若いのに、もうプロジェクトマネージャーですか！,"이렇게 젊으신데, 벌써 프로젝트 매니저시라니!"
scene_day3_scenes_fab_day3_logic_6346ee10c065ccc051a489a1ecff7695.bundle,在運算核心遇到警衛3,Say,リュウセイ･チョウ,0,コ、コネを使ったからな……！,"이, 인맥을 썼거든……!"
scene_day3_scenes_fab_day3_logic_6346ee10c065ccc051a489a1ecff7695.bundle,在運算核心遇到警衛3,Say,ユウ･ショウ,1,えっ、なに……？,"네, 뭐라고요……?"
scene_day3_scenes_fab_day3_logic_6346ee10c065ccc051a489a1ecff7695.bundle,在運算核心遇到警衛3,Say,心の声,0,まいったな……,이거 큰일이네……
scene_day3_scenes_fab_day3_logic_6346ee10c065ccc051a489a1ecff7695.bundle,在運算核心遇到警衛3,Say,ユウ･ショウ,2,お、面白い冗談ですね、ハハハ……,"재, 재미있는 농담이시네요, 하하하……"
scene_day3_scenes_fab_day3_logic_6346ee10c065ccc051a489a1ecff7695.bundle,在運算核心遇到警衛3,Say,ユウ･ショウ,3,では、お名前をお願いします。,"그럼, 성함 부탁드립니다."
scene_day3_scenes_fab_day3_logic_6346ee10c065ccc051a489a1ecff7695.bundle,在運算核心遇到警衛3,Say,リュウセイ･チョウ,1,……僕？,……저요?
scene_day3_scenes_fab_day3_logic_6346ee10c065ccc051a489a1ecff7695.bundle,在運算核心遇到警衛3,Say,リュウセイ･チョウ,2,わ、私は……,"저, 저는……"
scene_day3_scenes_fab_day3_logic_6346ee10c065ccc051a489a1ecff7695.bundle,在運算核心遇到警衛3,Say,心の声,1,やばい、リュウセイは偽の名前を確認していない……,"큰일이다, 류성은 가짜 이름을 확인 안 했어……"
scene_day3_scenes_fab_day3_logic_6346ee10c065ccc051a489a1ecff7695.bundle,在運算核心遇到警衛3,Branch,#Simple,0,悪いが、プロジェクトマネージャーは急いでいるんだ。,"미안하지만, 프로젝트 매니저님은 급하셔."
scene_day3_scenes_fab_day3_logic_6346ee10c065ccc051a489a1ecff7695.bundle,在運算核心遇到警衛3,Say,ユウ･ショウ,4,申し訳ございません、これは規則です。,"죄송합니다, 이건 규칙이라서요."
scene_day3_scenes_fab_day3_logic_6346ee10c065ccc051a489a1ecff7695.bundle,在運算核心遇到警衛3,Branch,#Simple,1,マネージャー、IDを直接お見せしたらどうですか。,"매니저님, ID를 직접 보여드리는 건 어떨까요."
scene_day3_scenes_fab_day3_logic_6346ee10c065ccc051a489a1ecff7695.bundle,在運算核心遇到警衛3,Say,リュウセイ･チョウ,3,こ、これを……,"이, 이걸……"
scene_day3_scenes_fab_day3_logic_6346ee10c065ccc051a489a1ecff7695.bundle,在運算核心遇到警衛3,Branch,#Simple,2,……,……
scene_day3_scenes_fab_day3_logic_6346ee10c065ccc051a489a1ecff7695.bundle,在運算核心遇到警衛3,Say,ユウ･ショウ,5,マネージャー、お名前は？,"매니저님, 성함이?"
scene_day3_scenes_fab_day3_logic_6346ee10c065ccc051a489a1ecff7695.bundle,在運算核心遇到警衛3,Say,リュウセイ･チョウ,4,……チン。,……친.
scene_day3_scenes_fab_day3_logic_6346ee10c065ccc051a489a1ecff7695.bundle,在運算核心遇到警衛3,Say,ユウ･ショウ,6,フルネームでお願いします。,풀네임으로 부탁드립니다.
scene_day3_scenes_fab_day3_logic_6346ee10c065ccc051a489a1ecff7695.bundle,在運算核心遇到警衛3,Say,リュウセイ･チョウ,5,IDを見せるから、勝手に確認しろ！,"ID를 보여줄 테니까, 알아서 확인해!"
scene_day3_scenes_fab_day3_logic_6346ee10c065ccc051a489a1ecff7695.bundle,在運算核心遇到警衛3,Say,ユウ･ショウ,7,あ、はい。,"아, 네."
scene_day3_scenes_fab_day3_logic_6346ee10c065ccc051a489a1ecff7695.bundle,在運算核心遇到警衛3,Say,ユウ･ショウ,8,シュクヘイ･ソウ……,슈쿠헤이 소우……
scene_day3_scenes_fab_day3_logic_6346ee10c065ccc051a489a1ecff7695.bundle,在運算核心遇到警衛3,Say,ユウ･ショウ,9,……あの？,……저기요?
scene_day3_scenes_fab_day3_logic_6346ee10c065ccc051a489a1ecff7695.bundle,在運算核心遇到警衛3,Say,ユウ･ショウ,10,今、チンって言いませんでした……？,"방금, 친이라고 하지 않으셨어요……?"
scene_day3_scenes_fab_day3_logic_6346ee10c065ccc051a489a1ecff7695.bundle,在運算核心遇到警衛3,Say,リュウセイ･チョウ,6,言い間違いだ。,말실수다.
scene_day3_scenes_fab_day3_logic_6346ee10c065ccc051a489a1ecff7695.bundle,在運算核心遇到警衛3,Say,ユウ･ショウ,11,は、はい？,"네, 네?"
scene_day3_scenes_fab_day3_logic_6346ee10c065ccc051a489a1ecff7695.bundle,在運算核心遇到警衛3,Say,心の声,2,なんてことだ……,이런……
scene_day3_scenes_fab_day3_logic_6346ee10c065ccc051a489a1ecff7695.bundle,在運算核心遇到警衛3,Say,ユウ･ショウ,12,女性らしい名前ですね？,여성스러운 이름이네요?
scene_day3_scenes_fab_day3_logic_6346ee10c065ccc051a489a1ecff7695.bundle,在運算核心遇到警衛3,Say,リュウセイ･チョウ,7,娘が欲しかった私の両親が、生まれる前からこの名前に決めていたそうなんだ。,"딸을 원했던 우리 부모님이, 태어나기 전부터 이 이름으로 정해두셨다더군."
scene_day3_scenes_fab_day3_logic_6346ee10c065ccc051a489a1ecff7695.bundle,在運算核心遇到警衛3,Say,リュウセイ･チョウ,8,生まれたのは男だったが、そのままこの名前を使っただけだ。何か文句でもあるのか？,"태어난 건 아들이었지만, 그대로 이 이름을 쓴 것뿐이야. 뭐 불만이라도 있나?"
scene_day3_scenes_fab_day3_logic_6346ee10c065ccc051a489a1ecff7695.bundle,在運算核心遇到警衛3,Say,心の声,3,強引すぎる……,너무 억지스럽다……
scene_day3_scenes_fab_day3_logic_6346ee10c065ccc051a489a1ecff7695.bundle,在運算核心遇到警衛3,Say,ユウ･ショウ,13,い、いいえ！ちょっと不思議に思っただけで……,"아, 아뇨! 그냥 좀 신기해서요……"
scene_day3_scenes_fab_day3_logic_6346ee10c065ccc051a489a1ecff7695.bundle,在運算核心遇到警衛3,Say,心の声,4,納得したのか……？,납득한 건가……?
scene_day3_scenes_fab_day3_logic_6346ee10c065ccc051a489a1ecff7695.bundle,在運算核心遇到警衛3,Say,リュウセイ･チョウ,9,もう中に入っていいか？,이제 안에 들어가도 되나?
scene_day3_scenes_fab_day3_logic_6346ee10c065ccc051a489a1ecff7695.bundle,在運算核心遇到警衛3,Say,ユウ･ショウ,14,えっと、すみません。それは出来ません。,"그, 죄송합니다. 그건 안 됩니다."
scene_day3_scenes_fab_day3_logic_6346ee10c065ccc051a489a1ecff7695.bundle,在運算核心遇到警衛3,Say,ユウ･ショウ,15,今日は臨時指令が入りまして、オペレーションコアへの進入は一切禁止となりました。,"오늘은 임시 지시가 내려와서, 오퍼레이션 코어 진입은 일체 금지됐습니다."
scene_day3_scenes_fab_day3_logic_6346ee10c065ccc051a489a1ecff7695.bundle,在運算核心遇到警衛3,Say,ユウ･ショウ,16,どうしても入りたいのでしたら、上の階にいる上司に相談してみますが……,"그래도 꼭 들어가고 싶으시다면, 위층에 계신 상사분께 상담드려볼 수는 있는데……"
scene_day3_scenes_fab_day3_logic_6346ee10c065ccc051a489a1ecff7695.bundle,在運算核心遇到警衛3,Say,ユウ･ショウ,17,ここは電波が遮断されているため、上まで行かないと連絡が取れないのです。,"여기는 전파가 차단되어 있어서, 위까지 가지 않으면 연락이 안 됩니다."
scene_day3_scenes_fab_day3_logic_6346ee10c065ccc051a489a1ecff7695.bundle,在運算核心遇到警衛3,Say,ユウ･ショウ,18,ご了承ください。,양해 부탁드립니다.
scene_day3_scenes_fab_day3_logic_6346ee10c065ccc051a489a1ecff7695.bundle,在運算核心遇到警衛3,Say,リュウセイ･チョウ,10,それは……,그건……
scene_day3_scenes_fab_day3_logic_6346ee10c065ccc051a489a1ecff7695.bundle,在運算核心遇到警衛3,Branch,#Simple,3,マネージャーはとても忙しいんだ。,매니저님은 아주 바쁘시거든.
scene_day3_scenes_fab_day3_logic_6346ee10c065ccc051a489a1ecff7695.bundle,在運算核心遇到警衛3,Branch,#Simple,4,IDがあるのに、なぜ通してくれないんだ？,"ID가 있는데, 왜 통과를 안 시켜주는 거지?"
scene_day3_scenes_fab_day3_logic_6346ee10c065ccc051a489a1ecff7695.bundle,在運算核心遇到警衛3,Say,ユウ･ショウ,19,すみません、規則ですので。,"죄송합니다, 규칙이라서요."
scene_day3_scenes_fab_day3_logic_6346ee10c065ccc051a489a1ecff7695.bundle,在運算核心遇到警衛3,Branch,#Simple,5,……,……
scene_day3_scenes_fab_day3_logic_6346ee10c065ccc051a489a1ecff7695.bundle,在運算核心遇到警衛3,Say,ユウ･ショウ,20,ではこちらへ。,그럼 이쪽으로.
scene_day3_scenes_fab_day3_logic_6346ee10c065ccc051a489a1ecff7695.bundle,在運算核心遇到警衛3,Say,リュウセイ･チョウ,11,一体何をしているんだ！？,대체 뭐 하고 있는 거야!?
scene_day3_scenes_fab_day3_logic_6346ee10c065ccc051a489a1ecff7695.bundle,在運算核心遇到警衛3,Say,ユウ･ショウ,21,はい……？,네……?
scene_day3_scenes_fab_day3_logic_6346ee10c065ccc051a489a1ecff7695.bundle,在運算核心遇到警衛3,Say,心の声,5,俺に怒鳴っているのか？,나한테 소리치는 건가?
scene_day3_scenes_fab_day3_logic_6346ee10c065ccc051a489a1ecff7695.bundle,在運算核心遇到警衛3,Branch,#Simple,6,す、すみません、マネージャー！,"죄, 죄송합니다, 매니저님!"
scene_day3_scenes_fab_day3_logic_6346ee10c065ccc051a489a1ecff7695.bundle,在運算核心遇到警衛3,Say,ユウ･ショウ,22,えっ……！？,네……!?
scene_day3_scenes_fab_day3_logic_6346ee10c065ccc051a489a1ecff7695.bundle,在運算核心遇到警衛3,Branch,#Simple,7,どうしたんだ？,무슨 일이신가요?
scene_day3_scenes_fab_day3_logic_6346ee10c065ccc051a489a1ecff7695.bundle,在運算核心遇到警衛3,Say,リュウセイ･チョウ,12,まだわからんのか！,아직도 모르겠나!
scene_day3_scenes_fab_day3_logic_6346ee10c065ccc051a489a1ecff7695.bundle,在運算核心遇到警衛3,Branch,#Simple,8,……,……
scene_day3_scenes_fab_day3_logic_6346ee10c065ccc051a489a1ecff7695.bundle,在運算核心遇到警衛3,Say,リュウセイ･チョウ,13,なぜ事前に警備員に連絡しなかった！お前の仕事だろう！,왜 사전에 경비원한테 연락 안 한 거야! 그게 네 일이잖아!
scene_day3_scenes_fab_day3_logic_6346ee10c065ccc051a489a1ecff7695.bundle,在運算核心遇到警衛3,Say,リュウセイ･チョウ,14,この私がここまで来たというのに、今更上に行けというのか？,"이 몸이 여기까지 왔는데, 이제 와서 위로 가라는 거야?"
scene_day3_scenes_fab_day3_logic_6346ee10c065ccc051a489a1ecff7695.bundle,在運算核心遇到警衛3,Say,リュウセイ･チョウ,15,あのエレベーターを降りるのに何分かかったと思うんだ！？,저 엘리베이터 내려오는 데 몇 분 걸린 줄 알아!?
scene_day3_scenes_fab_day3_logic_6346ee10c065ccc051a489a1ecff7695.bundle,在運算核心遇到警衛3,Branch,#Simple,9,申し訳ございません、急な変更に対応できず……,"죄송합니다, 갑작스러운 변경에 대응하지 못해서……"
scene_day3_scenes_fab_day3_logic_6346ee10c065ccc051a489a1ecff7695.bundle,在運算核心遇到警衛3,Say,リュウセイ･チョウ,16,そんなのは私の知ったことじゃない！,그런 건 내가 알 바 아니야!
scene_day3_scenes_fab_day3_logic_6346ee10c065ccc051a489a1ecff7695.bundle,在運算核心遇到警衛3,Branch,#Simple,10,確かに結構長いですよね！,확실히 꽤 오래 걸리죠!
scene_day3_scenes_fab_day3_logic_6346ee10c065ccc051a489a1ecff7695.bundle,在運算核心遇到警衛3,Say,リュウセイ･チョウ,17,そう！結構長い……！,그래! 꽤 길어……!
scene_day3_scenes_fab_day3_logic_6346ee10c065ccc051a489a1ecff7695.bundle,在運算核心遇到警衛3,Say,リュウセイ･チョウ,18,そ、それから……,"그, 그리고……"
scene_day3_scenes_fab_day3_logic_6346ee10c065ccc051a489a1ecff7695.bundle,在運算核心遇到警衛3,Say,心の声,6,おいおい、アドリブが効かないな。,"이봐 이봐, 애드리브가 안 통하네."
scene_day3_scenes_fab_day3_logic_6346ee10c065ccc051a489a1ecff7695.bundle,在運算核心遇到警衛3,Branch,#Simple,11,……,……
scene_day3_scenes_fab_day3_logic_6346ee10c065ccc051a489a1ecff7695.bundle,在運算核心遇到警衛3,Say,リュウセイ･チョウ,19,か、帰ったら、お前の上司にクレームを入れるからな！,"도, 돌아가면, 네 상사한테 항의할 테니까!"
scene_day3_scenes_fab_day3_logic_6346ee10c065ccc051a489a1ecff7695.bundle,在運算核心遇到警衛3,Say,心の声,7,ん？ユウ･ショウが動揺している。,응? 유 쇼가 동요하고 있다.
scene_day3_scenes_fab_day3_logic_6346ee10c065ccc051a489a1ecff7695.bundle,在運算核心遇到警衛3,Say,リュウセイ･チョウ,20,よくもこの私の時間を無駄にしたな！,감히 이 몸의 시간을 낭비하게 하다니!
scene_day3_scenes_fab_day3_logic_6346ee10c065ccc051a489a1ecff7695.bundle,在運算核心遇到警衛3,Say,リュウセイ･チョウ,21,そしてそこの警備員！私を怒らせて、どうなるかわかっているのか？,"그리고 거기 경비원! 나를 화나게 하면, 어떻게 되는지 알고 있나?"
scene_day3_scenes_fab_day3_logic_6346ee10c065ccc051a489a1ecff7695.bundle,在運算核心遇到警衛3,Say,ユウ･ショウ,23,……えっと、どうなるのですか？,"……저, 어떻게 되는데요?"
scene_day3_scenes_fab_day3_logic_6346ee10c065ccc051a489a1ecff7695.bundle,在運算核心遇到警衛3,Say,リュウセイ･チョウ,22,わ、私は……,"저, 저는……"
scene_day3_scenes_fab_day3_logic_6346ee10c065ccc051a489a1ecff7695.bundle,在運算核心遇到警衛3,Say,リュウセイ･チョウ,23,その……えっと……,그……저기……
scene_day3_scenes_fab_day3_logic_6346ee10c065ccc051a489a1ecff7695.bundle,在運算核心遇到警衛3,Say,リュウセイ･チョウ,24,ジェイ･ダイ！私を怒らせたやつらが、どうなるのか教えてやれ！,"제이 다이! 나를 화나게 한 놈들이, 어떻게 되는지 알려줘라!"
scene_day3_scenes_fab_day3_logic_6346ee10c065ccc051a489a1ecff7695.bundle,在運算核心遇到警衛3,Say,心の声,8,急に、俺に投げてきた！？,"갑자기, 나한테 떠넘겼다!?"
scene_day3_scenes_fab_day3_logic_6346ee10c065ccc051a489a1ecff7695.bundle,在運算核心遇到警衛3,Branch,#Simple,12,土下座させられます！,무릎 꿇고 사죄하게 됩니다!
scene_day3_scenes_fab_day3_logic_6346ee10c065ccc051a489a1ecff7695.bundle,在運算核心遇到警衛3,Say,ユウ･ショウ,24,土下座！？,무릎 꿇고 사죄요!?
scene_day3_scenes_fab_day3_logic_6346ee10c065ccc051a489a1ecff7695.bundle,在運算核心遇到警衛3,Say,心の声,9,しまった。土下座はやり過ぎたか……？,아차. 무릎 꿇고 사죄는 너무 나갔나……?
scene_day3_scenes_fab_day3_logic_6346ee10c065ccc051a489a1ecff7695.bundle,在運算核心遇到警衛3,Say,リュウセイ･チョウ,25,そうだ！私に逆らったやつらは皆、土下座だ！,"맞다! 나한테 거역한 놈들은 다, 무릎 꿇고 사죄해야 해!"
scene_day3_scenes_fab_day3_logic_6346ee10c065ccc051a489a1ecff7695.bundle,在運算核心遇到警衛3,Say,心の声,10,このまま続ける気なのか！？,이대로 계속할 셈인가!?
scene_day3_scenes_fab_day3_logic_6346ee10c065ccc051a489a1ecff7695.bundle,在運算核心遇到警衛3,Say,ユウ･ショウ,25,そ、そんな……,"그, 그런……"
scene_day3_scenes_fab_day3_logic_6346ee10c065ccc051a489a1ecff7695.bundle,在運算核心遇到警衛3,Say,心の声,11,ユウ･ショウはかなり動揺している。もしかしたら上手くいくかもしれない。,유 쇼는 꽤 동요하고 있다. 어쩌면 잘 될지도 모르겠다.
scene_day3_scenes_fab_day3_logic_6346ee10c065ccc051a489a1ecff7695.bundle,在運算核心遇到警衛3,Branch,#Simple,13,反省文を書かされます！,반성문을 쓰게 됩니다!
scene_day3_scenes_fab_day3_logic_6346ee10c065ccc051a489a1ecff7695.bundle,在運算核心遇到警衛3,Say,ユウ･ショウ,26,は、反省文？,"바, 반성문요?"
scene_day3_scenes_fab_day3_logic_6346ee10c065ccc051a489a1ecff7695.bundle,在運算核心遇到警衛3,Say,心の声,12,軽すぎたか……,너무 가벼웠나……
scene_day3_scenes_fab_day3_logic_6346ee10c065ccc051a489a1ecff7695.bundle,在運算核心遇到警衛3,Say,リュウセイ･チョウ,26,違う、反省文ではなく、退職届だ！,"아니, 반성문이 아니라, 사직서다!"
scene_day3_scenes_fab_day3_logic_6346ee10c065ccc051a489a1ecff7695.bundle,在運算核心遇到警衛3,Say,心の声,13,ナイスフォロー！,나이스 서포트!
scene_day3_scenes_fab_day3_logic_6346ee10c065ccc051a489a1ecff7695.bundle,在運算核心遇到警衛3,Branch,#Simple,14,逆らったやつらを皆、クビにします！,"거역한 놈들은 전부, 해고합니다!"
scene_day3_scenes_fab_day3_logic_6346ee10c065ccc051a489a1ecff7695.bundle,在運算核心遇到警衛3,Say,リュウセイ･チョウ,27,そうだ！私はいつもそうしている！,맞아! 나는 항상 그렇게 하고 있다!
scene_day3_scenes_fab_day3_logic_6346ee10c065ccc051a489a1ecff7695.bundle,在運算核心遇到警衛3,Say,心の声,14,ユウ･ショウがかなり動揺している。,유 쇼가 꽤 동요하고 있다.
scene_day3_scenes_fab_day3_logic_6346ee10c065ccc051a489a1ecff7695.bundle,在運算核心遇到警衛3,Branch,#Simple,15,……,……
scene_day3_scenes_fab_day3_logic_6346ee10c065ccc051a489a1ecff7695.bundle,在運算核心遇到警衛3,Say,リュウセイ･チョウ,28,あ、あまりの恐ろしさに言葉が出ないのか！それなら、この私が教えてやろう！,"너, 너무 무서워서 말이 안 나오는 건가! 그렇다면, 이 몸이 알려주지!"
scene_day3_scenes_fab_day3_logic_6346ee10c065ccc051a489a1ecff7695.bundle,在運算核心遇到警衛3,Say,リュウセイ･チョウ,29,……スクワット百回だ！,……스쿼트 백 개다!
scene_day3_scenes_fab_day3_logic_6346ee10c065ccc051a489a1ecff7695.bundle,在運算核心遇到警衛3,Say,心の声,15,何を言ってるんだ……,무슨 소리를 하는 거야……
scene_day3_scenes_fab_day3_logic_6346ee10c065ccc051a489a1ecff7695.bundle,在運算核心遇到警衛3,Say,ユウ･ショウ,27,た、体罰、ですか……？,"체, 체벌, 인가요……?"
scene_day3_scenes_fab_day3_logic_6346ee10c065ccc051a489a1ecff7695.bundle,在運算核心遇到警衛3,Say,ユウ･ショウ,28,しかも百回……！？,게다가 백 개……!?
scene_day3_scenes_fab_day3_logic_6346ee10c065ccc051a489a1ecff7695.bundle,在運算核心遇到警衛3,Say,心の声,16,ユウ･ショウはかなり動揺している。いけそうか？,유 쇼가 꽤 동요하고 있다. 될 것 같나?
scene_day3_scenes_fab_day3_logic_6346ee10c065ccc051a489a1ecff7695.bundle,在運算核心遇到警衛3,Say,ユウ･ショウ,29,ま、待ってください！！！,"자, 잠깐만요!!!"
scene_day3_scenes_fab_day3_logic_6346ee10c065ccc051a489a1ecff7695.bundle,在運算核心遇到警衛3,Say,ユウ･ショウ,30,わ、わかりました……,"아, 알겠습니다……"
scene_day3_scenes_fab_day3_logic_6346ee10c065ccc051a489a1ecff7695.bundle,在運算核心遇到警衛3,Say,ユウ･ショウ,31,IDがあるなら、問題はないはずです。,"ID가 있으시면, 문제없을 겁니다."
scene_day3_scenes_fab_day3_logic_6346ee10c065ccc051a489a1ecff7695.bundle,在運算核心遇到警衛3,Say,ユウ･ショウ,32,どうぞ中にお入りください。,부디 안으로 들어가세요.
scene_day3_scenes_fab_day3_logic_6346ee10c065ccc051a489a1ecff7695.bundle,在運算核心遇到警衛3,Say,心の声,17,ふぅ、成功だ。,"휴, 성공이다."
scene_day3_scenes_fab_day3_logic_6346ee10c065ccc051a489a1ecff7695.bundle,在運算核心遇到警衛3,Say,リュウセイ･チョウ,30,そうか。では、ジェイ･ダイ。外で待っててくれ。,"그런가. 그럼, 제이 다이. 밖에서 기다려."
scene_day3_scenes_fab_day3_logic_6346ee10c065ccc051a489a1ecff7695.bundle,在運算核心遇到警衛3,Say,心の声,18,なに？作戦と違う。,뭐? 작전이랑 다르잖아.
scene_day3_scenes_fab_day3_logic_6346ee10c065ccc051a489a1ecff7695.bundle,在運算核心遇到警衛3,Branch,#Simple,16,マネージャー、私も中で手伝います。,"매니저님, 저도 안에서 돕겠습니다."
scene_day3_scenes_fab_day3_logic_6346ee10c065ccc051a489a1ecff7695.bundle,在運算核心遇到警衛3,Say,リュウセイ･チョウ,31,いや、いいんだ。外で待っててくれ。,"아니, 됐다. 밖에서 기다려."
scene_day3_scenes_fab_day3_logic_6346ee10c065ccc051a489a1ecff7695.bundle,在運算核心遇到警衛3,Branch,#Simple,17,でも、私が必要になるかもしれません。,"그치만, 제가 필요할지도 모릅니다."
scene_day3_scenes_fab_day3_logic_6346ee10c065ccc051a489a1ecff7695.bundle,在運算核心遇到警衛3,Branch,#Simple,18,話が違うのでは？,얘기가 다르잖아요?
scene_day3_scenes_fab_day3_logic_6346ee10c065ccc051a489a1ecff7695.bundle,在運算核心遇到警衛3,Say,リュウセイ･チョウ,32,とりあえずここに残れ。,일단 여기 남아 있어.
scene_day3_scenes_fab_day3_logic_6346ee10c065ccc051a489a1ecff7695.bundle,在運算核心遇到警衛3,Say,ユウ･ショウ,33,そ、そうですよ……！,"마, 맞아요……!"
scene_day3_scenes_fab_day3_logic_6346ee10c065ccc051a489a1ecff7695.bundle,在運算核心遇到警衛3,Say,ユウ･ショウ,34,ジェイさん、マネージャーの言う通りにしましょう。,"제이 씨, 매니저님 말씀대로 하죠."
scene_day3_scenes_fab_day3_logic_6346ee10c065ccc051a489a1ecff7695.bundle,在運算核心遇到警衛3,Branch,#Simple,19,……,……
scene_day3_scenes_fab_day3_logic_6346ee10c065ccc051a489a1ecff7695.bundle,在運算核心遇到警衛3,Branch,#Simple,20,わかりました。では、外で待ちます。,"알겠습니다. 그럼, 밖에서 기다릴게요."
scene_day3_scenes_fab_day3_logic_6346ee10c065ccc051a489a1ecff7695.bundle,在運算核心遇到警衛3,Say,心の声,19,今はこの場をやり過ごすことが大切だ……,지금은 이 자리를 넘기는 게 중요하다……
scene_day3_scenes_fab_day3_logic_6346ee10c065ccc051a489a1ecff7695.bundle,在運算核心遇到警衛3,Branch,#Simple,21,……,……
scene_day3_scenes_fab_day3_logic_6346ee10c065ccc051a489a1ecff7695.bundle,在運算核心遇到警衛3,Say,リュウセイ･チョウ,33,では、行ってくる。,"그럼, 다녀오겠다."
scene_day3_scenes_fab_day3_logic_6346ee10c065ccc051a489a1ecff7695.bundle,在運算核心遇到警衛3,Say,ユウ･ショウ,35,かしこまりました。,알겠습니다.
scene_day3_scenes_fab_day3_logic_6346ee10c065ccc051a489a1ecff7695.bundle,在運算核心遇到警衛4,Say,心の声,0,リュウセイ、何をする気だ……,"류세이, 뭘 하려는 거지……"
scene_day3_scenes_fab_day3_logic_6346ee10c065ccc051a489a1ecff7695.bundle,在運算核心遇到警衛4,Say,ユウ･ショウ,0,はぁ、怖かった。,"하, 무서웠다."
scene_day3_scenes_fab_day3_logic_6346ee10c065ccc051a489a1ecff7695.bundle,在運算核心遇到警衛4,Say,ユウ･ショウ,1,あのマネージャー、かなり乱暴ですね。,"그 매니저, 꽤 거칠던데요."
scene_day3_scenes_fab_day3_logic_6346ee10c065ccc051a489a1ecff7695.bundle,在運算核心遇到警衛4,Branch,#Simple,0,ああ、彼を通したのは正解だったな。,"그래, 그를 통과시킨 게 정답이었군."
scene_day3_scenes_fab_day3_logic_6346ee10c065ccc051a489a1ecff7695.bundle,在運算核心遇到警衛4,Say,ユウ･ショウ,2,通さないと、ジェイさんまで怒られますもんね,"안 통과시키면, 제이 씨까지 혼날 뻔했잖아요"
scene_day3_scenes_fab_day3_logic_6346ee10c065ccc051a489a1ecff7695.bundle,在運算核心遇到警衛4,Branch,#Simple,1,そんなに怖かったのか？,그렇게 무서웠나?
scene_day3_scenes_fab_day3_logic_6346ee10c065ccc051a489a1ecff7695.bundle,在運算核心遇到警衛4,Say,ユウ･ショウ,3,は、はい！ジェイさんもすごく怖かったですよね……？,"네, 넵! 제이 씨도 엄청 무서웠죠……?"
scene_day3_scenes_fab_day3_logic_6346ee10c065ccc051a489a1ecff7695.bundle,在運算核心遇到警衛4,Branch,#Simple,2,……,……
scene_day3_scenes_fab_day3_logic_6346ee10c065ccc051a489a1ecff7695.bundle,在運算核心遇到警衛4,Say,ユウ･ショウ,4,まあ、IDを持ているなら、問題ないはずです！,"뭐, ID를 가지고 있다면, 문제없을 거예요!"
scene_day3_scenes_fab_day3_logic_6346ee10c065ccc051a489a1ecff7695.bundle,在運算核心遇到警衛4,Say,心の声,1,……,……
scene_day3_scenes_fab_day3_logic_6346ee10c065ccc051a489a1ecff7695.bundle,在運算核心遇到警衛4,Say,ユウ･ショウ,5,はぁ、今日はついてないな、急にここの警備を任されるなんて……,"하, 오늘 운도 없지, 갑자기 여기 경비를 맡게 되다니……"
scene_day3_scenes_fab_day3_logic_6346ee10c065ccc051a489a1ecff7695.bundle,在運算核心遇到警衛4,Say,心の声,2,急に……？,갑자기……?
scene_day3_scenes_fab_day3_logic_6346ee10c065ccc051a489a1ecff7695.bundle,在運算核心遇到警衛4,Branch,#Simple,3,普段はここの警備をしているわけじゃないのか？,평소엔 여기 경비를 서는 게 아닌가?
scene_day3_scenes_fab_day3_logic_6346ee10c065ccc051a489a1ecff7695.bundle,在運算核心遇到警衛4,Say,ユウ･ショウ,6,はい。,네.
scene_day3_scenes_fab_day3_logic_6346ee10c065ccc051a489a1ecff7695.bundle,在運算核心遇到警衛4,Branch,#Simple,4,どういう意味だ？,무슨 뜻이야?
scene_day3_scenes_fab_day3_logic_6346ee10c065ccc051a489a1ecff7695.bundle,在運算核心遇到警衛4,Branch,#Simple,5,……,……
scene_day3_scenes_fab_day3_logic_6346ee10c065ccc051a489a1ecff7695.bundle,在運算核心遇到警衛4,Say,ユウ･ショウ,7,普段はここに警備員を配置しません。,평소엔 여기 경비원을 배치 안 해요.
scene_day3_scenes_fab_day3_logic_6346ee10c065ccc051a489a1ecff7695.bundle,在運算核心遇到警衛4,Say,ユウ･ショウ,8,ジェイさんも知ってるでしょう？私はホームの警備員ですよ？,제이 씨도 아시잖아요? 저는 홈 경비원이라고요?
scene_day3_scenes_fab_day3_logic_6346ee10c065ccc051a489a1ecff7695.bundle,在運算核心遇到警衛4,Branch,#Simple,6,ならどうして今日はここに？,그럼 왜 오늘은 여기 있는 거지?
scene_day3_scenes_fab_day3_logic_6346ee10c065ccc051a489a1ecff7695.bundle,在運算核心遇到警衛4,Branch,#Simple,7,急にここを任されたと言ってたよな？,갑자기 여길 맡게 됐다고 했었지?
scene_day3_scenes_fab_day3_logic_6346ee10c065ccc051a489a1ecff7695.bundle,在運算核心遇到警衛4,Say,ユウ･ショウ,9,はい。,네.
scene_day3_scenes_fab_day3_logic_6346ee10c065ccc051a489a1ecff7695.bundle,在運算核心遇到警衛4,Branch,#Simple,8,……,……
scene_day3_scenes_fab_day3_logic_6346ee10c065ccc051a489a1ecff7695.bundle,在運算核心遇到警衛4,Say,ユウ･ショウ,10,私もよくわからないんです……,저도 잘 모르겠어요……
scene_day3_scenes_fab_day3_logic_6346ee10c065ccc051a489a1ecff7695.bundle,在運算核心遇到警衛4,Say,ユウ･ショウ,11,急に上司から、身分を偽ってオペレーションコアに進入しようとしている人間がいる、と言って私をここに……,"갑자기 상사한테서, 신분을 속이고 운영 코어에 잠입하려는 인간이 있다면서, 저를 여기로……"
scene_day3_scenes_fab_day3_logic_6346ee10c065ccc051a489a1ecff7695.bundle,在運算核心遇到警衛4,Say,ユウ･ショウ,12,ここに入るには許可が必要ですし、普段はほとんど誰も来ない場所です。,"여기 들어오려면 허가가 필요하고, 평소엔 거의 아무도 안 오는 곳이에요."
scene_day3_scenes_fab_day3_logic_6346ee10c065ccc051a489a1ecff7695.bundle,在運算核心遇到警衛4,Say,ユウ･ショウ,13,上司は、監察員に装ってる人がいるとか言ってましたが……,"상사는, 감찰원인 척하는 사람이 있다고 했었는데……"
scene_day3_scenes_fab_day3_logic_6346ee10c065ccc051a489a1ecff7695.bundle,在運算核心遇到警衛4,Say,ユウ･ショウ,14,絶対デマ情報ですよ。はぁ……仕事が増えて嫌になりますよ……,절대 헛소문일 거예요. 하……일만 늘어나서 짜증 나요……
scene_day3_scenes_fab_day3_logic_6346ee10c065ccc051a489a1ecff7695.bundle,在運算核心遇到警衛4,Say,ユウ･ショウ,15,だからさっき、ジェイさんがソウさんを監察員だと言った時はびっくりしました。,"그래서 아까, 제이 씨가 소우 씨를 감찰원이라고 했을 때 깜짝 놀랐어요."
scene_day3_scenes_fab_day3_logic_6346ee10c065ccc051a489a1ecff7695.bundle,在運算核心遇到警衛4,Say,心の声,3,ソウさん？あ、リュウセイの偽の名前か。,"소우 씨? 아, 류세이 가명이었지."
scene_day3_scenes_fab_day3_logic_6346ee10c065ccc051a489a1ecff7695.bundle,在運算核心遇到警衛4,Say,ユウ･ショウ,16,うわ、本当に来たって思いました！,"우와, 진짜로 왔다고 생각했다니까요!"
scene_day3_scenes_fab_day3_logic_6346ee10c065ccc051a489a1ecff7695.bundle,在運算核心遇到警衛4,Say,心の声,4,そうだ……,맞아……
scene_day3_scenes_fab_day3_logic_6346ee10c065ccc051a489a1ecff7695.bundle,在運算核心遇到警衛4,Say,心の声,5,俺たちがデータを盗みにくることを、万象は知っていたのか……？,"우리가 데이터를 훔치러 올 걸, 완샹이 알고 있었던 건가……?"
scene_day3_scenes_fab_day3_logic_6346ee10c065ccc051a489a1ecff7695.bundle,在運算核心遇到警衛4,Say,ユウ･ショウ,17,ああ！,아!
scene_day3_scenes_fab_day3_logic_6346ee10c065ccc051a489a1ecff7695.bundle,在運算核心遇到警衛4,Say,ユウ･ショウ,18,もう時間ですね。,이제 시간이네요.
scene_day3_scenes_fab_day3_logic_6346ee10c065ccc051a489a1ecff7695.bundle,在運算核心遇到警衛4,Say,ユウ･ショウ,19,次の交代が来るので、私はこれで失礼します。,"다음 교대가 오니까, 저는 이만 실례할게요."
scene_day3_scenes_fab_day3_logic_6346ee10c065ccc051a489a1ecff7695.bundle,在運算核心遇到警衛4,Say,心の声,6,ちょうどいい。動きやすくなる。,마침 잘됐군. 움직이기 편해지겠다.
scene_day3_scenes_fab_day3_logic_6346ee10c065ccc051a489a1ecff7695.bundle,在運算核心遇到警衛4,Branch,#Simple,9,ああ、またな。,"그래, 또 보자."
scene_day3_scenes_fab_day3_logic_6346ee10c065ccc051a489a1ecff7695.bundle,在運算核心遇到警衛4,Say,ユウ･ショウ,20,やった！,됐다!
scene_day3_scenes_fab_day3_logic_6346ee10c065ccc051a489a1ecff7695.bundle,在運算核心遇到警衛4,Branch,#Simple,10,交代？次の警備はどこなんだ？,교대? 다음 경비는 어디 있는 거지?
scene_day3_scenes_fab_day3_logic_6346ee10c065ccc051a489a1ecff7695.bundle,在運算核心遇到警衛4,Say,ユウ･ショウ,21,さあ、わかりません。,"글쎄요, 모르겠어요."
scene_day3_scenes_fab_day3_logic_6346ee10c065ccc051a489a1ecff7695.bundle,在運算核心遇到警衛4,Say,心の声,7,なんのことですか？,무슨 얘기죠?
scene_day3_scenes_fab_day3_logic_6346ee10c065ccc051a489a1ecff7695.bundle,在運算核心遇到警衛4,Say,ユウ･ショウ,22,時間になったら、勝手に戻ってきていいと隊長から言われています。次の人も勝手に来るからって。,"시간 되면, 알아서 돌아가도 된다고 대장한테 들었어요. 다음 사람도 알아서 올 거라면서요."
scene_day3_scenes_fab_day3_logic_6346ee10c065ccc051a489a1ecff7695.bundle,在運算核心遇到警衛4,Branch,#Simple,11,普通は次の警備員が来てから帰らないか……？,보통은 다음 경비원이 오고 나서 돌아가지 않나……?
scene_day3_scenes_fab_day3_logic_6346ee10c065ccc051a489a1ecff7695.bundle,在運算核心遇到警衛4,Branch,#Simple,12,次にここに来るのも警備員か？,다음에 여기 오는 사람도 경비원인가?
scene_day3_scenes_fab_day3_logic_6346ee10c065ccc051a489a1ecff7695.bundle,在運算核心遇到警衛4,Say,ユウ･ショウ,23,わからないです。,모르겠어요.
scene_day3_scenes_fab_day3_logic_6346ee10c065ccc051a489a1ecff7695.bundle,在運算核心遇到警衛4,Branch,#Simple,13,……,……
scene_day3_scenes_fab_day3_logic_6346ee10c065ccc051a489a1ecff7695.bundle,在運算核心遇到警衛4,Say,ユウ･ショウ,24,私も交代する人物のことや、なぜこんな交代の仕方なのかを聞いてみたのですが……,"저도 교대할 사람이 누군지, 왜 이런 식으로 교대하는지 물어보긴 했는데……"
scene_day3_scenes_fab_day3_logic_6346ee10c065ccc051a489a1ecff7695.bundle,在運算核心遇到警衛4,Say,ユウ･ショウ,25,余計なことを聞くなって言われました。,쓸데없는 거 묻지 말라는 말만 들었어요.
scene_day3_scenes_fab_day3_logic_6346ee10c065ccc051a489a1ecff7695.bundle,在運算核心遇到警衛4,Say,心の声,8,……,……
scene_day3_scenes_fab_day3_logic_6346ee10c065ccc051a489a1ecff7695.bundle,在運算核心遇到警衛4,Branch,#Simple,14,……,……
scene_day3_scenes_fab_day3_logic_6346ee10c065ccc051a489a1ecff7695.bundle,在運算核心遇到警衛4,Say,ユウ･ショウ,26,じゃ、私はこれで。,"그럼, 저는 이만."
scene_day3_scenes_fab_day3_logic_6346ee10c065ccc051a489a1ecff7695.bundle,在運算核心遇到警衛4,Say,心の声,9,どうなることかと思ったが、とりあえず上手くいったか……,"어떻게 될까 싶었는데, 일단 잘 넘어간 건가……"
scene_day3_scenes_fab_day3_logic_6346ee10c065ccc051a489a1ecff7695.bundle,在運算核心遇到警衛4,Say,心の声,10,俺もオペレーションコアに入るべきか？,나도 운영 코어에 들어가야 하나?
scene_day3_scenes_fab_day3_logic_6346ee10c065ccc051a489a1ecff7695.bundle,在運算核心遇到警衛4,Say,心の声,11,いや、IDを持っているのはリュウセイだから、入れないか。,"아니, ID를 가지고 있는 건 류세이니까, 못 들어가겠지."
scene_day3_scenes_fab_day3_logic_6346ee10c065ccc051a489a1ecff7695.bundle,在運算核心遇到警衛4,Say,心の声,12,今は待つしかない……,지금은 기다릴 수밖에……
scene_day3_scenes_fab_day3_logic_6346ee10c065ccc051a489a1ecff7695.bundle,在運算核心遇到警衛4,Say,心の声,13,一体どういうつもりなんだ。後で詳しく聞かないとな。,대체 무슨 생각인 거지. 나중에 자세히 물어봐야겠군.
scene_day3_scenes_fab_day3_logic_6346ee10c065ccc051a489a1ecff7695.bundle,在運算核心遇到警衛4,Say,心の声,14,それとユウの最後の言葉……,그리고 유의 마지막 말……
scene_day3_scenes_fab_day3_logic_6346ee10c065ccc051a489a1ecff7695.bundle,在運算核心遇到警衛5,Say,心の声,0,リュウセイ、かなり時間がかかっているな……,"류세이, 시간이 꽤 걸리는군……"
scene_day3_scenes_fab_day3_logic_6346ee10c065ccc051a489a1ecff7695.bundle,在運算核心遇到警衛5,Say,心の声,1,23号が言ってた3分を超えている。,23호가 말했던 3분을 넘겼다.
scene_day3_scenes_fab_day3_logic_6346ee10c065ccc051a489a1ecff7695.bundle,在運算核心遇到警衛5,Say,心の声,2,23号の計測ミスか……？,23호가 측정을 잘못한 건가……?
scene_day3_scenes_fab_day3_logic_6346ee10c065ccc051a489a1ecff7695.bundle,在運算核心遇到警衛5,Say,リュウセイ･チョウ,0,よし、データを手に入れたっす。行きましょう。,"좋아, 데이터 확보했어요. 가시죠."
scene_day3_scenes_fab_day3_logic_6346ee10c065ccc051a489a1ecff7695.bundle,在運算核心遇到警衛5,Branch,#Simple,0,ああ。,아.
scene_day3_scenes_fab_day3_logic_6346ee10c065ccc051a489a1ecff7695.bundle,在運算核心遇到警衛5,Branch,#Simple,1,待て、さっきはどうして作戦通りに行動しなかった？,"잠깐, 아까는 왜 작전대로 행동하지 않은 거지?"
scene_day3_scenes_fab_day3_logic_6346ee10c065ccc051a489a1ecff7695.bundle,在運算核心遇到警衛5,Say,リュウセイ･チョウ,1,……ここを出てからちゃんと説明するっす。,……여기서 나가면 제대로 설명할게요.
scene_day3_scenes_fab_day3_logic_6346ee10c065ccc051a489a1ecff7695.bundle,在運算核心遇到警衛5,Branch,#Simple,2,……,……
scene_day3_scenes_fab_day3_logic_6346ee10c065ccc051a489a1ecff7695.bundle,在運算核心遇到警衛5,Say,リュウセイ･チョウ,2,今は早くここから出ましょう。,지금은 빨리 여기서 나가죠.
scene_day3_scenes_fab_day3_logic_6346ee10c065ccc051a489a1ecff7695.bundle,傭兵遭遇戰,Say,傭兵2,0,本当にいたな……,진짜로 있었네……
scene_day3_scenes_fab_day3_logic_6346ee10c065ccc051a489a1ecff7695.bundle,傭兵遭遇戰,Say,傭兵1,0,隊長は嘘をつかない。,대장은 거짓말 안 한다.
scene_day3_scenes_fab_day3_logic_6346ee10c065ccc051a489a1ecff7695.bundle,傭兵遭遇戰,Say,心の声,0,あの二人、警備員じゃない……！,"저 둘, 경비원이 아니야……!"
scene_day3_scenes_fab_day3_logic_6346ee10c065ccc051a489a1ecff7695.bundle,傭兵遭遇戰,Say,傭兵2,1,だから、その……,"그러니까, 그……"
scene_day3_scenes_fab_day3_logic_6346ee10c065ccc051a489a1ecff7695.bundle,傭兵遭遇戰,Say,傭兵2,2,お前らは何者だ？,너희는 뭐 하는 놈들이지?
scene_day3_scenes_fab_day3_logic_6346ee10c065ccc051a489a1ecff7695.bundle,傭兵遭遇戰,Branch,#Simple,0,こちらは本社から来たプロジェクトマネージャーです。,이쪽은 본사에서 온 프로젝트 매니저입니다.
scene_day3_scenes_fab_day3_logic_6346ee10c065ccc051a489a1ecff7695.bundle,傭兵遭遇戰,Say,傭兵2,3,マネージャー？,매니저?
scene_day3_scenes_fab_day3_logic_6346ee10c065ccc051a489a1ecff7695.bundle,傭兵遭遇戰,Say,傭兵1,1,誰だっていいだろ。,누구든 상관없잖아.
scene_day3_scenes_fab_day3_logic_6346ee10c065ccc051a489a1ecff7695.bundle,傭兵遭遇戰,Branch,#Simple,1,そっちこそ、何者だ？,"그쪽이야말로, 뭐 하는 놈들이지?"
scene_day3_scenes_fab_day3_logic_6346ee10c065ccc051a489a1ecff7695.bundle,傭兵遭遇戰,Say,傭兵2,4,……どう思う？,……어떻게 생각해?
scene_day3_scenes_fab_day3_logic_6346ee10c065ccc051a489a1ecff7695.bundle,傭兵遭遇戰,Say,傭兵1,2,もういい。,됐다.
scene_day3_scenes_fab_day3_logic_6346ee10c065ccc051a489a1ecff7695.bundle,傭兵遭遇戰,Say,傭兵1,3,計画通り……,계획대로……
scene_day3_scenes_fab_day3_logic_6346ee10c065ccc051a489a1ecff7695.bundle,傭兵遭遇戰,Say,傭兵1,4,殺す。,죽인다.
scene_day3_scenes_fab_day3_logic_6346ee10c065ccc051a489a1ecff7695.bundle,傭兵遭遇戰,Say,心の声,1,……なに！？,……뭐!?
scene_day3_scenes_fab_day3_logic_6346ee10c065ccc051a489a1ecff7695.bundle,傭兵遭遇戰,Say,傭兵2,5,後ろのは俺がやる。,뒤에 있는 놈은 내가 처리한다.
scene_day3_scenes_fab_day3_logic_6346ee10c065ccc051a489a1ecff7695.bundle,傭兵遭遇戰,Say,傭兵1,5,設備は壊すなよ。,설비는 부수지 마라.
scene_day3_scenes_fab_day3_logic_6346ee10c065ccc051a489a1ecff7695.bundle,傭兵遭遇戰,Say,傭兵2,6,銃すら持たせてもらってないのに、どうやって破壊するんだよ。,"총도 안 쥐여줬으면서, 어떻게 부수라는 거야."
scene_day3_scenes_fab_day3_logic_6346ee10c065ccc051a489a1ecff7695.bundle,傭兵遭遇戰,Say,傭兵1,6,とにかく気をつけろ。,아무튼 조심해라.
scene_day3_scenes_fab_day3_logic_6346ee10c065ccc051a489a1ecff7695.bundle,傭兵遭遇戰,Say,傭兵2,7,フンッ、わかったよ！,"흥, 알았어!"
scene_day3_scenes_fab_day3_logic_6346ee10c065ccc051a489a1ecff7695.bundle,傭兵遭遇戰2,Say,リュウセイ･チョウ,0,そ、そっちも勝ったっすね……,"그, 그쪽도 이겼네요……"
scene_day3_scenes_fab_day3_logic_6346ee10c065ccc051a489a1ecff7695.bundle,傭兵遭遇戰2,Branch,#Simple,0,大丈夫か？,괜찮아요?
scene_day3_scenes_fab_day3_logic_6346ee10c065ccc051a489a1ecff7695.bundle,傭兵遭遇戰2,Say,リュウセイ･チョウ,1,はい、でも前の傷が痛むっす……,"네, 근데 예전 상처가 아파요……"
scene_day3_scenes_fab_day3_logic_6346ee10c065ccc051a489a1ecff7695.bundle,傭兵遭遇戰2,Branch,#Simple,1,こいつらは何者だ？,이 녀석들은 뭐 하는 놈들이지?
scene_day3_scenes_fab_day3_logic_6346ee10c065ccc051a489a1ecff7695.bundle,傭兵遭遇戰2,Say,リュウセイ･チョウ,2,傭兵らしいけど、それ以上は……,"용병인 것 같은데, 그 이상은……"
scene_day3_scenes_fab_day3_logic_6346ee10c065ccc051a489a1ecff7695.bundle,傭兵遭遇戰2,Branch,#Simple,2,……,……
scene_day3_scenes_fab_day3_logic_6346ee10c065ccc051a489a1ecff7695.bundle,傭兵遭遇戰2,Say,リュウセイ･チョウ,3,とにかく、早くここから出るっす。そうじゃないと……,"아무튼, 빨리 여기서 나가요. 안 그러면……"
scene_day3_scenes_fab_day3_logic_6346ee10c065ccc051a489a1ecff7695.bundle,逃亡電梯出來,Say,スイ･ニン,0,通信が戻った。,통신이 복구됐다.
scene_day3_scenes_fab_day3_logic_6346ee10c065ccc051a489a1ecff7695.bundle,逃亡電梯出來,Say,スイ･ニン,1,ジェイ、リュウセイ、無事か？,"제이, 류세이, 무사한가?"
scene_day3_scenes_fab_day3_logic_6346ee10c065ccc051a489a1ecff7695.bundle,逃亡電梯出來,Say,23,0,データは？,데이터는?
scene_day3_scenes_fab_day3_logic_6346ee10c065ccc051a489a1ecff7695.bundle,逃亡電梯出來,Say,リュウセイ･チョウ,0,ぼ、僕たち、襲われたっす。急に傭兵らしき人たちが現れて……,"저, 저희, 습격당했어요. 갑자기 용병 같은 사람들이 나타나서……"
scene_day3_scenes_fab_day3_logic_6346ee10c065ccc051a489a1ecff7695.bundle,逃亡電梯出來,Say,スイ･ニン,2,怪我の状況は？,부상 상태는?
scene_day3_scenes_fab_day3_logic_6346ee10c065ccc051a489a1ecff7695.bundle,逃亡電梯出來,Say,リュウセイ･チョウ,1,大したことないっす。今、トラックへ戻ってます。,"별거 아니에요. 지금, 트럭으로 돌아가고 있어요."
scene_day3_scenes_fab_day3_logic_6346ee10c065ccc051a489a1ecff7695.bundle,逃亡電梯出來,Say,スイ･ニン,3,了解。,알겠습니다.
scene_day3_scenes_fab_day3_logic_6346ee10c065ccc051a489a1ecff7695.bundle,逃亡電梯出來,Say,リュウセイ･チョウ,2,行こう、ジェイの兄貴。,"가자, 제이 형."
scene_day3_scenes_fab_day3_logic_6346ee10c065ccc051a489a1ecff7695.bundle,剛進簽約室遇吳鄭,Say,イー･テイ,0,ジェイ、ここに座って。,"제이, 여기 앉아."
scene_day3_scenes_fab_day3_logic_6346ee10c065ccc051a489a1ecff7695.bundle,剛進簽約室遇吳鄭,Say,心の声,0,シュン･ゴもいるのか？,슌 고도 있는 건가?
scene_day3_scenes_fab_day3_logic_6346ee10c065ccc051a489a1ecff7695.bundle,剛進簽約室遇吳鄭,Say,シュン･ゴ,0,お疲れ様です。,수고하십니다.
scene_day3_scenes_fab_day3_logic_6346ee10c065ccc051a489a1ecff7695.bundle,剛進簽約室遇吳鄭,Say,イー･テイ,1,ジェイ、ここに座って。,"제이, 여기 앉아."
scene_day3_scenes_fab_day3_logic_6346ee10c065ccc051a489a1ecff7695.bundle,剛進簽約室遇吳鄭,Say,心の声,1,重いたい空気だ……,무거운 분위기다……
scene_day3_scenes_fab_day3_logic_6346ee10c065ccc051a489a1ecff7695.bundle,剛進簽約室遇吳鄭,Say,シュン･ゴ,1,ジェイ。,제이.
scene_day3_scenes_fab_day3_logic_6346ee10c065ccc051a489a1ecff7695.bundle,剛進簽約室遇吳鄭,Say,シュン･ゴ,2,座ってください。,앉아주세요.
scene_day3_scenes_fab_day3_logic_6346ee10c065ccc051a489a1ecff7695.bundle,剛進簽約室遇吳鄭,Say,心の声,2,重いたい空気だ……,무거운 분위기다……
scene_day3_scenes_fab_day3_logic_6346ee10c065ccc051a489a1ecff7695.bundle,剛進簽約室遇吳鄭,Say,イー･テイ,2,ジェイ、ここに座って。,"제이, 여기 앉아."
scene_day3_scenes_fab_day3_logic_6346ee10c065ccc051a489a1ecff7695.bundle,剛進簽約室遇吳鄭,Say,心の声,3,重いたい空気だ……,무거운 분위기다……
scene_day3_scenes_fab_day3_logic_6346ee10c065ccc051a489a1ecff7695.bundle,決定組後23通話,Say,心の声,0,……,……
scene_day3_scenes_fab_day3_logic_6346ee10c065ccc051a489a1ecff7695.bundle,決定組後23通話,Say,心の声,1,すべてが終わった後、俺はここで働き続けるのか？,"이 모든 게 끝난 뒤, 나는 계속 여기서 일하는 건가?"
scene_day3_scenes_fab_day3_logic_6346ee10c065ccc051a489a1ecff7695.bundle,決定組後23通話,Say,23,0,もう行った？,벌써 갔어?
scene_day3_scenes_fab_day3_logic_6346ee10c065ccc051a489a1ecff7695.bundle,決定組後23通話,Say,心の声,2,えっ！？,네!?
scene_day3_scenes_fab_day3_logic_6346ee10c065ccc051a489a1ecff7695.bundle,決定組後23通話,Branch,#Simple,0,ずっと盗み聞きしてたのか？,계속 엿듣고 있었던 건가?
scene_day3_scenes_fab_day3_logic_6346ee10c065ccc051a489a1ecff7695.bundle,決定組後23通話,Say,23,1,ちょっとジェイさん、任務中だよ？,"이봐 제이 씨, 임무 중이잖아?"
scene_day3_scenes_fab_day3_logic_6346ee10c065ccc051a489a1ecff7695.bundle,決定組後23通話,Say,23,2,そっちのサポートをするのは当たり前じゃん。,그쪽 지원하는 건 당연한 거잖아.
scene_day3_scenes_fab_day3_logic_6346ee10c065ccc051a489a1ecff7695.bundle,決定組後23通話,Branch,#Simple,1,……,……
scene_day3_scenes_fab_day3_logic_6346ee10c065ccc051a489a1ecff7695.bundle,決定組後23通話,Say,23,3,今日は工場内を自由に行動できるみたいね。よかった。,오늘은 공장 안을 자유롭게 돌아다닐 수 있는 모양이네. 다행이다.
scene_day3_scenes_fab_day3_logic_6346ee10c065ccc051a489a1ecff7695.bundle,決定組後23通話,Say,23,4,スイはまだ帰って来てないけど、作戦を開始してもいいと思うよ。,"스이는 아직 안 돌아왔지만, 작전 시작해도 될 것 같아."
scene_day3_scenes_fab_day3_logic_6346ee10c065ccc051a489a1ecff7695.bundle,決定組後23通話,Say,23,5,あ、リュウセイも着いたみたい。繋げとくね。なんか申し訳なさそうにしてるけど……,"아, 류세이도 도착한 것 같네. 연결해둘게. 뭔가 미안해하는 것 같은데……"
scene_day3_scenes_fab_day3_logic_6346ee10c065ccc051a489a1ecff7695.bundle,決定組後23通話,Say,リュウセイ･チョウ,0,うっ……,윽……
scene_day3_scenes_fab_day3_logic_6346ee10c065ccc051a489a1ecff7695.bundle,決定組後23通話,Say,リュウセイ･チョウ,1,……もしもし？,……여보세요?
scene_day3_scenes_fab_day3_logic_6346ee10c065ccc051a489a1ecff7695.bundle,決定組後23通話,Say,23,6,なに？なんかあったの？,뭐야? 무슨 일 있었어?
scene_day3_scenes_fab_day3_logic_6346ee10c065ccc051a489a1ecff7695.bundle,決定組後23通話,Say,リュウセイ･チョウ,2,昨日勝手に早退したせいで……チーフに外回りを任されたっす……,어제 멋대로 조퇴한 탓에……팀장한테 외근을 맡게 됐어요……
scene_day3_scenes_fab_day3_logic_6346ee10c065ccc051a489a1ecff7695.bundle,決定組後23通話,Say,23,7,それで？,그래서요?
scene_day3_scenes_fab_day3_logic_6346ee10c065ccc051a489a1ecff7695.bundle,決定組後23通話,Say,リュウセイ･チョウ,3,だから僕はしばらくサイレントから離れることになるっす。す、すみません……,"그래서 저는 당분간 사일런트에서 떨어져 있게 됐어요. 죄, 죄송합니다……"
scene_day3_scenes_fab_day3_logic_6346ee10c065ccc051a489a1ecff7695.bundle,決定組後23通話,Say,23,8,……,……
scene_day3_scenes_fab_day3_logic_6346ee10c065ccc051a489a1ecff7695.bundle,決定組後23通話,Say,23,9,スイ！！！！！！！,스이!!!!!!!
scene_day3_scenes_fab_day3_logic_6346ee10c065ccc051a489a1ecff7695.bundle,決定組後23通話,Say,23,10,リュウセイがまたヘマをした！！！！！！！,류세이가 또 사고 쳤어!!!!!!!
scene_day3_scenes_fab_day3_logic_6346ee10c065ccc051a489a1ecff7695.bundle,決定組後23通話,Say,リュウセイ･チョウ,4,え？僕が早退したのは、スイ姉と23姉に呼び出されたからっすよね！？,"네? 제가 조퇴한 건, 스이 누나랑 23호 누나가 불러서 그런 거잖아요!?"
scene_day3_scenes_fab_day3_logic_6346ee10c065ccc051a489a1ecff7695.bundle,決定組後23通話,Say,スイ･ニン,0,落ち着いて。少し考えるから。,진정해. 좀 생각해볼 테니까.
scene_day3_scenes_fab_day3_logic_6346ee10c065ccc051a489a1ecff7695.bundle,決定組後23通話,Say,スイ･ニン,1,……,……
scene_day3_scenes_fab_day3_logic_6346ee10c065ccc051a489a1ecff7695.bundle,決定組後23通話,Say,スイ･ニン,2,ジェイ･ダイ、君に任せる。,"제이 다이, 너한테 맡기겠다."
scene_day3_scenes_fab_day3_logic_6346ee10c065ccc051a489a1ecff7695.bundle,決定組後23通話,Branch,#Simple,2,俺が操作組に潜入するのか？,내가 조작조에 잠입하는 건가?
scene_day3_scenes_fab_day3_logic_6346ee10c065ccc051a489a1ecff7695.bundle,決定組後23通話,Say,スイ･ニン,3,ああ。,아.
scene_day3_scenes_fab_day3_logic_6346ee10c065ccc051a489a1ecff7695.bundle,決定組後23通話,Branch,#Simple,3,わかった。,알았어.
scene_day3_scenes_fab_day3_logic_6346ee10c065ccc051a489a1ecff7695.bundle,決定組後23通話,Say,23,11,即答じゃん！,즉답이네!
scene_day3_scenes_fab_day3_logic_6346ee10c065ccc051a489a1ecff7695.bundle,決定組後23通話,Branch,#Simple,4,……,……
scene_day3_scenes_fab_day3_logic_6346ee10c065ccc051a489a1ecff7695.bundle,決定組後23通話,Say,スイ･ニン,4,今回の作戦に命の危険はない。,이번 작전에 목숨의 위험은 없다.
scene_day3_scenes_fab_day3_logic_6346ee10c065ccc051a489a1ecff7695.bundle,決定組後23通話,Say,スイ･ニン,5,別日にすることも可能だが、今は一刻を争う事態だ。万象にチャンスを与えるべきではない。,"다른 날로 미루는 것도 가능하지만, 지금은 일각을 다투는 상황이다. 완샹에게 기회를 줘서는 안 된다."
scene_day3_scenes_fab_day3_logic_6346ee10c065ccc051a489a1ecff7695.bundle,決定組後23通話,Say,23,12,それにさっき操作組から聞いたんだけど、今日はセラーのメンテナンスで誰もいないみたいだから、絶好のチャンスよ！,"게다가 아까 조작조한테 들었는데, 오늘은 저장고 정비로 아무도 없는 모양이니까, 절호의 기회야!"
scene_day3_scenes_fab_day3_logic_6346ee10c065ccc051a489a1ecff7695.bundle,決定組後23通話,Say,23,13,それなのに、どっかの誰かさんは……,"그런데도, 어디의 누구님은……"
scene_day3_scenes_fab_day3_logic_6346ee10c065ccc051a489a1ecff7695.bundle,決定組後23通話,Say,リュウセイ･チョウ,5,だから僕のせいじゃないっすよ！,그러니까 제 잘못이 아니라니까요!
scene_day3_scenes_fab_day3_logic_6346ee10c065ccc051a489a1ecff7695.bundle,決定組後23通話,Say,スイ･ニン,6,では作戦通り、まずはイファのパソコンに取り付けられた転送機を手に入れてくれ。,"그럼 작전대로, 먼저 이화의 컴퓨터에 부착된 전송기를 손에 넣어라."
scene_day3_scenes_fab_day3_logic_6346ee10c065ccc051a489a1ecff7695.bundle,決定組後23通話,Say,スイ･ニン,7,そして、それを選別組チーフのパソコンに取り付ける。,"그리고, 그걸 선별조 팀장의 컴퓨터에 부착한다."
scene_day3_scenes_fab_day3_logic_6346ee10c065ccc051a489a1ecff7695.bundle,決定組後23通話,Branch,#Simple,5,転送機はどんな形だ？,전송기는 어떻게 생겼지?
scene_day3_scenes_fab_day3_logic_6346ee10c065ccc051a489a1ecff7695.bundle,決定組後23通話,Branch,#Simple,6,……,……
scene_day3_scenes_fab_day3_logic_6346ee10c065ccc051a489a1ecff7695.bundle,決定組後23通話,Say,リュウセイ･チョウ,6,ジェイさんは転送機を見たことなかったっすよね？,제이 씨는 전송기 본 적 없었죠?
scene_day3_scenes_fab_day3_logic_6346ee10c065ccc051a489a1ecff7695.bundle,決定組後23通話,Say,23,14,そんなの誰でもわかるでしょう？,그런 거 누구나 다 알잖아?
scene_day3_scenes_fab_day3_logic_6346ee10c065ccc051a489a1ecff7695.bundle,決定組後23通話,Say,リュウセイ･チョウ,7,いや、流石にわかんないっすよ……,"아니, 그건 진짜 모르죠……"
scene_day3_scenes_fab_day3_logic_6346ee10c065ccc051a489a1ecff7695.bundle,決定組後23通話,Say,スイ･ニン,8,パソコンの裏についている黒いキューブだ。表面はざらざらしている。,컴퓨터 뒤에 붙어있는 검은 큐브다. 표면은 까칠까칠하다.
scene_day3_scenes_fab_day3_logic_6346ee10c065ccc051a489a1ecff7695.bundle,決定組後23通話,Say,スイ･ニン,9,手で触れればわかるはずだ。,손으로 만져보면 알 거다.
scene_day3_scenes_fab_day3_logic_6346ee10c065ccc051a489a1ecff7695.bundle,決定組後23通話,Say,23,15,頼むから早く手に入れてよね！画面が見れないから超つらいの！,제발 빨리 손에 넣어줘! 화면을 못 보니까 완전 힘들다고!
scene_day3_scenes_fab_day3_logic_6346ee10c065ccc051a489a1ecff7695.bundle,決定組後23通話,Say,23,16,ジェイはもう選別組のメンバーだから、楽勝でしょう？,"제이는 이미 선별조 멤버니까, 식은 죽 먹기지?"
scene_day3_scenes_fab_day3_logic_6346ee10c065ccc051a489a1ecff7695.bundle,決定組後23通話,Say,リュウセイ･チョウ,8,ジェイの兄貴、選別組を選んだっすか！さすが！,"제이 형, 선별조를 선택하셨어요! 역시!"
scene_day3_scenes_fab_day3_logic_6346ee10c065ccc051a489a1ecff7695.bundle,決定組後23通話,Say,23,17,まあ、ジェイは操作組に入ったから、少し難しいかもしれないけどね。,"뭐, 제이는 조작조에 들어갔으니까, 좀 어려울지도 모르지만."
scene_day3_scenes_fab_day3_logic_6346ee10c065ccc051a489a1ecff7695.bundle,決定組後23通話,Say,23,18,選別組のオフィスに入ったら疑われちゃうかも。,선별조 사무실에 들어가면 의심받을지도 몰라.
scene_day3_scenes_fab_day3_logic_6346ee10c065ccc051a489a1ecff7695.bundle,決定組後23通話,Say,リュウセイ･チョウ,9,ジェイの兄貴、操作組を選んだっすか……,"제이 형, 조작조를 선택하셨구나……"
scene_day3_scenes_fab_day3_logic_6346ee10c065ccc051a489a1ecff7695.bundle,決定組後23通話,Say,23,19,人生の選択に口を出すな。,인생 선택에 참견하지 마.
scene_day3_scenes_fab_day3_logic_6346ee10c065ccc051a489a1ecff7695.bundle,決定組後23通話,Say,リュウセイ･チョウ,10,はい……,네……
scene_day3_scenes_fab_day3_logic_6346ee10c065ccc051a489a1ecff7695.bundle,決定組後23通話,Say,スイ･ニン,10,とにかくまずは、イファ･ヨウのオフィスを目指してくれ。,"아무튼 먼저, 이화 요의 사무실로 향해라."
scene_day3_scenes_fab_day3_logic_6346ee10c065ccc051a489a1ecff7695.bundle,決定組後23通話,Say,スイ･ニン,11,くれぐれも、目立つ行動はするな。,"부디, 눈에 띄는 행동은 하지 마라."
scene_day3_scenes_fab_day3_logic_6346ee10c065ccc051a489a1ecff7695.bundle,決定組後23通話,Say,心の声,3,そういえばさっき、イファのオフィスの外に人がいたな。,"그러고 보니 아까, 이화의 사무실 밖에 사람이 있었지."
scene_day3_scenes_fab_day3_logic_6346ee10c065ccc051a489a1ecff7695.bundle,決定組後23通話,Branch,#Simple,7,了解。,알겠습니다.
scene_day3_scenes_fab_day3_logic_6346ee10c065ccc051a489a1ecff7695.bundle,決定組後23通話,Branch,#Simple,8,ああ。,아.
scene_day3_scenes_fab_day3_logic_6346ee10c065ccc051a489a1ecff7695.bundle,決定組後23通話,Branch,#Simple,9,今、イファのオフィスの前に人がいるはずだ。,"지금, 이화의 사무실 앞에 사람이 있을 거다."
scene_day3_scenes_fab_day3_logic_6346ee10c065ccc051a489a1ecff7695.bundle,決定組後23通話,Say,スイ･ニン,12,どんな人物だ？,어떤 인물이지?
scene_day3_scenes_fab_day3_logic_6346ee10c065ccc051a489a1ecff7695.bundle,決定組後23通話,Branch,#Simple,10,イファ･ヨウを調べていた捜査員だ。,이화 요를 조사하고 있던 수사원이다.
scene_day3_scenes_fab_day3_logic_6346ee10c065ccc051a489a1ecff7695.bundle,決定組後23通話,Branch,#Simple,11,背が高くてイケメンの男だ。,키 크고 잘생긴 남자다.
scene_day3_scenes_fab_day3_logic_6346ee10c065ccc051a489a1ecff7695.bundle,決定組後23通話,Say,スイ･ニン,13,その人物の身分を聞いているんだ……,그 인물의 신원을 묻고 있는 거야……
scene_day3_scenes_fab_day3_logic_6346ee10c065ccc051a489a1ecff7695.bundle,決定組後23通話,Say,23,20,ハハハ、ジェイはユーモアたっぷりね！,"하하하, 제이는 유머 감각이 넘치네!"
scene_day3_scenes_fab_day3_logic_6346ee10c065ccc051a489a1ecff7695.bundle,決定組後23通話,Branch,#Simple,12,イファ･ヨウを調べていた捜査員だ。,이화 요를 조사하고 있던 수사원이다.
scene_day3_scenes_fab_day3_logic_6346ee10c065ccc051a489a1ecff7695.bundle,決定組後23通話,Branch,#Simple,13,おそらく捜査員だ。,아마도 수사원일 거다.
scene_day3_scenes_fab_day3_logic_6346ee10c065ccc051a489a1ecff7695.bundle,決定組後23通話,Say,スイ･ニン,14,了解。,알겠습니다.
scene_day3_scenes_fab_day3_logic_6346ee10c065ccc051a489a1ecff7695.bundle,決定組後23通話,Say,スイ･ニン,15,だが、すでにいない可能性もあるから、もう一度行ってみてくれ。,"하지만, 이미 없을 가능성도 있으니까, 다시 한번 가봐라."
scene_day3_scenes_fab_day3_logic_6346ee10c065ccc051a489a1ecff7695.bundle,決定組後23通話,Say,スイ･ニン,16,もしいた場合は、彼を別の場所へ誘導してほしい。,"만약 있을 경우엔, 그를 다른 장소로 유도해줬으면 한다."
scene_day3_scenes_fab_day3_logic_6346ee10c065ccc051a489a1ecff7695.bundle,決定組後23通話,Branch,#Simple,14,……,……
scene_day3_scenes_fab_day3_logic_6346ee10c065ccc051a489a1ecff7695.bundle,請23開地窖電梯,Say,23,0,どう？もうここまで？,어때? 벌써 여기까지야?
scene_day3_scenes_fab_day3_logic_6346ee10c065ccc051a489a1ecff7695.bundle,請23開地窖電梯,Say,23,1,うちがエレベーターの権限をあげようか？,내가 엘리베이터 권한을 줄까?
scene_day3_scenes_fab_day3_logic_6346ee10c065ccc051a489a1ecff7695.bundle,請23開地窖電梯,Branch,#Simple,0,もう少し考えさせてくれ。,좀 더 생각하게 해줘.
scene_day3_scenes_fab_day3_logic_6346ee10c065ccc051a489a1ecff7695.bundle,請23開地窖電梯,Say,23,2,わかった。,알았어.
scene_day3_scenes_fab_day3_logic_6346ee10c065ccc051a489a1ecff7695.bundle,請23開地窖電梯,Branch,#Simple,1,ああ、頼む。,"그래, 부탁한다."
scene_day3_scenes_fab_day3_logic_6346ee10c065ccc051a489a1ecff7695.bundle,請23開地窖電梯,Say,23,3,ラジャー！,라저!
scene_day3_scenes_fab_day3_logic_6346ee10c065ccc051a489a1ecff7695.bundle,請23開地窖電梯,Say,23,4,……,……
scene_day3_scenes_fab_day3_logic_6346ee10c065ccc051a489a1ecff7695.bundle,請23開地窖電梯,Say,23,5,よし！エレベーターはもう動いてるよ。,좋아! 엘리베이터는 이미 움직이고 있어.
scene_day3_scenes_fab_day3_logic_6346ee10c065ccc051a489a1ecff7695.bundle,回座位確定要去地窖偷資料,Say,23,0,さて、次がね。,"자, 다음 말인데."
scene_day3_scenes_fab_day3_logic_6346ee10c065ccc051a489a1ecff7695.bundle,回座位確定要去地窖偷資料,Say,23,1,準備はいい？,준비됐어?
scene_day3_scenes_fab_day3_logic_6346ee10c065ccc051a489a1ecff7695.bundle,回座位確定要去地窖偷資料,Branch,#Simple,0,次は操作組への潜入か。,다음은 조작조 잠입인가.
scene_day3_scenes_fab_day3_logic_6346ee10c065ccc051a489a1ecff7695.bundle,回座位確定要去地窖偷資料,Say,23,2,うん、問題ないでしょう？,"응, 문제없지?"
scene_day3_scenes_fab_day3_logic_6346ee10c065ccc051a489a1ecff7695.bundle,回座位確定要去地窖偷資料,Branch,#Simple,1,ああ、準備完了だ。,"그래, 준비 완료다."
scene_day3_scenes_fab_day3_logic_6346ee10c065ccc051a489a1ecff7695.bundle,回座位確定要去地窖偷資料,Say,23,3,良い返事！ますます気に入った！,좋은 대답이야! 점점 더 마음에 드는데!
scene_day3_scenes_fab_day3_logic_6346ee10c065ccc051a489a1ecff7695.bundle,回座位確定要去地窖偷資料,Say,23,4,あー、でも、リュウセイが嫉妬しちゃうかも。,"아, 근데, 류세이가 질투할지도."
scene_day3_scenes_fab_day3_logic_6346ee10c065ccc051a489a1ecff7695.bundle,回座位確定要去地窖偷資料,Say,リュウセイ･チョウ,0,しないっすよ……！,안 해요……!
scene_day3_scenes_fab_day3_logic_6346ee10c065ccc051a489a1ecff7695.bundle,回座位確定要去地窖偷資料,Branch,#Simple,2,リュウセイはまだ来れないのか？,류세이는 아직 못 오는 건가?
scene_day3_scenes_fab_day3_logic_6346ee10c065ccc051a489a1ecff7695.bundle,回座位確定要去地窖偷資料,Say,23,5,リュウセイさん？,류세이 씨?
scene_day3_scenes_fab_day3_logic_6346ee10c065ccc051a489a1ecff7695.bundle,回座位確定要去地窖偷資料,Say,リュウセイ･チョウ,1,えっと……今、番号札を取ってるところで……,"저기……지금, 번호표 뽑고 있는 중이라서……"
scene_day3_scenes_fab_day3_logic_6346ee10c065ccc051a489a1ecff7695.bundle,回座位確定要去地窖偷資料,Say,23,6,無理ね。,무리네.
scene_day3_scenes_fab_day3_logic_6346ee10c065ccc051a489a1ecff7695.bundle,回座位確定要去地窖偷資料,Say,23,7,ジェイ、任せた。,"제이, 맡길게."
scene_day3_scenes_fab_day3_logic_6346ee10c065ccc051a489a1ecff7695.bundle,回座位確定要去地窖偷資料,Say,23,8,大丈夫、危険はないし、うちもいるから！,"괜찮아, 위험은 없고, 나도 있으니까!"
scene_day3_scenes_fab_day3_logic_6346ee10c065ccc051a489a1ecff7695.bundle,回座位確定要去地窖偷資料,Say,23,9,それに転送機の取り付けよりずっと簡単なんだから。,게다가 전송기 부착보다 훨씬 간단하다니까.
scene_day3_scenes_fab_day3_logic_6346ee10c065ccc051a489a1ecff7695.bundle,回座位確定要去地窖偷資料,Say,23,10,エレベーターで操作組へ向かって、ハックユニットをつけて数分待てば……完了！,"엘리베이터로 조작조 쪽으로 가서, 해킹 유닛 달고 몇 분만 기다리면……완료!"
scene_day3_scenes_fab_day3_logic_6346ee10c065ccc051a489a1ecff7695.bundle,回座位確定要去地窖偷資料,Say,23,11,簡単でしょう？,간단하지?
scene_day3_scenes_fab_day3_logic_6346ee10c065ccc051a489a1ecff7695.bundle,回座位確定要去地窖偷資料,Branch,#Simple,3,どうやってエレベーターに乗るんだ？,엘리베이터는 어떻게 타는 거지?
scene_day3_scenes_fab_day3_logic_6346ee10c065ccc051a489a1ecff7695.bundle,回座位確定要去地窖偷資料,Branch,#Simple,4,……,……
scene_day3_scenes_fab_day3_logic_6346ee10c065ccc051a489a1ecff7695.bundle,回座位確定要去地窖偷資料,Say,23,12,うちが権限を与えられるけど……,내가 권한을 줄 수는 있는데……
scene_day3_scenes_fab_day3_logic_6346ee10c065ccc051a489a1ecff7695.bundle,回座位確定要去地窖偷資料,Say,リュウセイ･チョウ,2,でもそれだと記録が残るっすよね？,근데 그러면 기록이 남잖아요?
scene_day3_scenes_fab_day3_logic_6346ee10c065ccc051a489a1ecff7695.bundle,回座位確定要去地窖偷資料,Say,23,13,……,……
scene_day3_scenes_fab_day3_logic_6346ee10c065ccc051a489a1ecff7695.bundle,回座位確定要去地窖偷資料,Say,23,14,うん、でも……,"응, 근데……"
scene_day3_scenes_fab_day3_logic_6346ee10c065ccc051a489a1ecff7695.bundle,回座位確定要去地窖偷資料,Say,リュウセイ･チョウ,3,スイ姉も記録が残ることは避けるべきだって……,스이 누나도 기록 남는 건 피해야 한다고……
scene_day3_scenes_fab_day3_logic_6346ee10c065ccc051a489a1ecff7695.bundle,回座位確定要去地窖偷資料,Say,23,15,わかったよ！もう一度彼女に確認すればいいでしょう……,알았어! 다시 한번 그녀한테 확인하면 되잖아……
scene_day3_scenes_fab_day3_logic_6346ee10c065ccc051a489a1ecff7695.bundle,回座位確定要去地窖偷資料,Say,23,16,後でちゃんと彼女に聞く。でも今は任務中みたいなのよ……,나중에 제대로 그녀한테 물어볼게. 근데 지금은 임무 중인 것 같아서……
scene_day3_scenes_fab_day3_logic_6346ee10c065ccc051a489a1ecff7695.bundle,回座位確定要去地窖偷資料,Say,スイ･ニン,0,……,……
scene_day3_scenes_fab_day3_logic_6346ee10c065ccc051a489a1ecff7695.bundle,回座位確定要去地窖偷資料,Say,心の声,0,耳が……,귀가……
scene_day3_scenes_fab_day3_logic_6346ee10c065ccc051a489a1ecff7695.bundle,回座位確定要去地窖偷資料,Say,心の声,1,……今の、銃声か？,"……방금 그거, 총소리였나?"
scene_day3_scenes_fab_day3_logic_6346ee10c065ccc051a489a1ecff7695.bundle,回座位確定要去地窖偷資料,Say,スイ･ニン,1,少し……待って……,잠깐……기다려……
scene_day3_scenes_fab_day3_logic_6346ee10c065ccc051a489a1ecff7695.bundle,回座位確定要去地窖偷資料,Say,スイ･ニン,2,うるさくてすまなかった。今、終わったところだ。,"시끄러워서 미안했다. 지금, 막 끝난 참이다."
scene_day3_scenes_fab_day3_logic_6346ee10c065ccc051a489a1ecff7695.bundle,回座位確定要去地窖偷資料,Say,スイ･ニン,3,何かあったのか？,무슨 일 있었나?
scene_day3_scenes_fab_day3_logic_6346ee10c065ccc051a489a1ecff7695.bundle,回座位確定要去地窖偷資料,Say,23,17,えっと、ジェイがセラーに入ろうとしているのだけど、権限がないから……,"저기, 제이가 저장고에 들어가려고 하는데, 권한이 없어서……"
scene_day3_scenes_fab_day3_logic_6346ee10c065ccc051a489a1ecff7695.bundle,回座位確定要去地窖偷資料,Say,スイ･ニン,4,彼は操作組のメンバーだろ？エレベーターを使えるはずだ。,그는 조작조 멤버잖아? 엘리베이터를 쓸 수 있을 텐데.
scene_day3_scenes_fab_day3_logic_6346ee10c065ccc051a489a1ecff7695.bundle,回座位確定要去地窖偷資料,Say,23,18,……,……
scene_day3_scenes_fab_day3_logic_6346ee10c065ccc051a489a1ecff7695.bundle,回座位確定要去地窖偷資料,Say,23,19,あ、そうだった……,"아, 그랬었지……"
scene_day3_scenes_fab_day3_logic_6346ee10c065ccc051a489a1ecff7695.bundle,回座位確定要去地窖偷資料,Say,スイ･ニン,5,……,……
scene_day3_scenes_fab_day3_logic_6346ee10c065ccc051a489a1ecff7695.bundle,回座位確定要去地窖偷資料,Say,スイ･ニン,6,わかった。,알았어.
scene_day3_scenes_fab_day3_logic_6346ee10c065ccc051a489a1ecff7695.bundle,回座位確定要去地窖偷資料,Say,スイ･ニン,7,……,……
scene_day3_scenes_fab_day3_logic_6346ee10c065ccc051a489a1ecff7695.bundle,回座位確定要去地窖偷資料,Say,スイ･ニン,8,リュウセイではなく、ジェイが行動しているなら、痕跡を残さずに行動するのは無理だろう。,"류세이가 아니라, 제이가 움직이고 있다면, 흔적을 안 남기고 행동하는 건 무리겠지."
scene_day3_scenes_fab_day3_logic_6346ee10c065ccc051a489a1ecff7695.bundle,回座位確定要去地窖偷資料,Say,23,20,それで何をしてたの……？,그래서 뭘 하고 있었던 거야……?
scene_day3_scenes_fab_day3_logic_6346ee10c065ccc051a489a1ecff7695.bundle,回座位確定要去地窖偷資料,Say,スイ･ニン,9,転送機を使ってエレベーターの権限を与えてもいい。,전송기를 써서 엘리베이터 권한을 줘도 좋다.
scene_day3_scenes_fab_day3_logic_6346ee10c065ccc051a489a1ecff7695.bundle,回座位確定要去地窖偷資料,Say,23,21,はぁ、これで大分楽になる。,"하, 이걸로 훨씬 편해지겠다."
scene_day3_scenes_fab_day3_logic_6346ee10c065ccc051a489a1ecff7695.bundle,回座位確定要去地窖偷資料,Say,スイ･ニン,10,でもジェイ、君には期待している。,"하지만 제이, 너한테는 기대하고 있다."
scene_day3_scenes_fab_day3_logic_6346ee10c065ccc051a489a1ecff7695.bundle,回座位確定要去地窖偷資料,Say,スイ･ニン,11,他の方法でエレベーターの権限を手に入れられそうなら、それも試してみてほしい。,"다른 방법으로 엘리베이터 권한을 얻을 수 있을 것 같다면, 그것도 시도해봤으면 한다."
scene_day3_scenes_fab_day3_logic_6346ee10c065ccc051a489a1ecff7695.bundle,回座位確定要去地窖偷資料,Say,スイ･ニン,12,「清掃員」が来たから、そろそろ行く。,"「청소원」이 왔으니까, 슬슬 가겠다."
scene_day3_scenes_fab_day3_logic_6346ee10c065ccc051a489a1ecff7695.bundle,回座位確定要去地窖偷資料,Say,心の声,2,清掃員……？,청소원……?
scene_day3_scenes_fab_day3_logic_6346ee10c065ccc051a489a1ecff7695.bundle,回座位確定要去地窖偷資料,Say,23,22,わかった。じゃあね～,알았어. 그럼 안녕~
scene_day3_scenes_fab_day3_logic_6346ee10c065ccc051a489a1ecff7695.bundle,回座位確定要去地窖偷資料,Say,23,23,そういうことだけど、スイが言ったとおり、他の案があるなら試してみてもいいから。,"그렇다는 얘기인데, 스이가 말한 대로, 다른 방법이 있으면 시도해봐도 되니까."
scene_day3_scenes_fab_day3_logic_6346ee10c065ccc051a489a1ecff7695.bundle,回座位確定要去地窖偷資料,Say,23,24,ないなら、そのままエレベーターに向かって。権限は私が与える。,"없으면, 그냥 엘리베이터로 가. 권한은 내가 줄게."
scene_day3_scenes_fab_day3_logic_6346ee10c065ccc051a489a1ecff7695.bundle,回座位確定要去地窖偷資料,Say,23,25,以上。,이상.
scene_day3_scenes_fab_day3_logic_6346ee10c065ccc051a489a1ecff7695.bundle,現在才遇到球球,Say,イエホン･キュウ,0,ジェイ！,제이!
scene_day3_scenes_fab_day3_logic_6346ee10c065ccc051a489a1ecff7695.bundle,現在才遇到球球,Say,イエホン･キュウ,1,今日は配属先を選ぶ日だよね？,오늘 배치 부서 선택하는 날이지?
scene_day3_scenes_fab_day3_logic_6346ee10c065ccc051a489a1ecff7695.bundle,現在才遇到球球,Say,イエホン･キュウ,2,ジェイが操作組に入るんじゃないかって、イーちゃんが心配してたぜ。,"제이가 조작조에 들어가는 거 아니냐고, 이 짱이 걱정했었어."
scene_day3_scenes_fab_day3_logic_6346ee10c065ccc051a489a1ecff7695.bundle,現在才遇到球球,Say,イエホン･キュウ,3,で？結局はどっちを選んだんだ？,그래서? 결국 어느 쪽으로 정한 거야?
scene_day3_scenes_fab_day3_logic_6346ee10c065ccc051a489a1ecff7695.bundle,現在才遇到球球,Branch,#Simple,0,選別組です。,선별조예요.
scene_day3_scenes_fab_day3_logic_6346ee10c065ccc051a489a1ecff7695.bundle,現在才遇到球球,Say,イエホン･キュウ,4,やはりね！,역시!
scene_day3_scenes_fab_day3_logic_6346ee10c065ccc051a489a1ecff7695.bundle,現在才遇到球球,Say,イエホン･キュウ,5,君が操作組に行くわけないってずっとイーちゃんに言ってたんだ！,네가 조작조에 갈 리 없다고 계속 이 짱한테 말했었다니까!
scene_day3_scenes_fab_day3_logic_6346ee10c065ccc051a489a1ecff7695.bundle,現在才遇到球球,Branch,#Simple,1,もし私が操作組を選んだらどうします？,만약 제가 조작조를 선택했다면 어떻게 하실 거예요?
scene_day3_scenes_fab_day3_logic_6346ee10c065ccc051a489a1ecff7695.bundle,現在才遇到球球,Say,イエホン･キュウ,6,え？どうもしないよ？,어? 어떻게 하긴 뭘 어떻게 해?
scene_day3_scenes_fab_day3_logic_6346ee10c065ccc051a489a1ecff7695.bundle,現在才遇到球球,Say,イエホン･キュウ,7,なんだ～？僕がそんなケツの穴の小さいやつに見えるのか？,뭐야~? 내가 그렇게 속 좁은 놈으로 보여?
scene_day3_scenes_fab_day3_logic_6346ee10c065ccc051a489a1ecff7695.bundle,現在才遇到球球,Branch,#Simple,2,ボーちゃんは操作組を嫌ってそうだから。,보 짱은 조작조를 싫어할 것 같아서요.
scene_day3_scenes_fab_day3_logic_6346ee10c065ccc051a489a1ecff7695.bundle,現在才遇到球球,Branch,#Simple,3,ハハ、別にそんなことはないよ。,"하하, 딱히 그런 거 아니야."
scene_day3_scenes_fab_day3_logic_6346ee10c065ccc051a489a1ecff7695.bundle,現在才遇到球球,Say,イエホン･キュウ,8,僕は操作組が嫌いだけど、君は好きだからね！,"난 조작조는 싫어하지만, 넌 좋아하니까!"
scene_day3_scenes_fab_day3_logic_6346ee10c065ccc051a489a1ecff7695.bundle,現在才遇到球球,Say,心の声,0,いいやつだな。,좋은 녀석이네.
scene_day3_scenes_fab_day3_logic_6346ee10c065ccc051a489a1ecff7695.bundle,現在才遇到球球,Say,イエホン･キュウ,9,でも、あっちとばっかり仲良くされると、嫌いになっちゃうかもね。,"근데, 저쪽이랑만 친하게 지내면, 미워질지도 모르지."
scene_day3_scenes_fab_day3_logic_6346ee10c065ccc051a489a1ecff7695.bundle,現在才遇到球球,Say,イエホン･キュウ,10,ハハハ、まぁ、どうするかはその時の僕に任せるよ！,"하하하, 뭐, 어떻게 할지는 그때 가서 나한테 맡겨봐!"
scene_day3_scenes_fab_day3_logic_6346ee10c065ccc051a489a1ecff7695.bundle,現在才遇到球球,Say,イエホン･キュウ,11,でも君は選別組を選んだんでしょ？,근데 넌 선별조를 선택한 거지?
scene_day3_scenes_fab_day3_logic_6346ee10c065ccc051a489a1ecff7695.bundle,現在才遇到球球,Branch,#Simple,4,そうだ。,맞아.
scene_day3_scenes_fab_day3_logic_6346ee10c065ccc051a489a1ecff7695.bundle,現在才遇到球球,Say,イエホン･キュウ,12,じゃ、問題ないじゃん！,"그럼, 문제없잖아!"
scene_day3_scenes_fab_day3_logic_6346ee10c065ccc051a489a1ecff7695.bundle,現在才遇到球球,Branch,#Simple,5,ボーちゃんのためにこっちを選びました。,보 짱 때문에 이쪽을 선택했어요.
scene_day3_scenes_fab_day3_logic_6346ee10c065ccc051a489a1ecff7695.bundle,現在才遇到球球,Say,イエホン･キュウ,13,ハハハ！それタイミンにも聞かせてやってよね。,하하하! 그거 타이밍한테도 들려줘라.
scene_day3_scenes_fab_day3_logic_6346ee10c065ccc051a489a1ecff7695.bundle,現在才遇到球球,Branch,#Simple,6,私は操作組を選びました。,저는 조작조를 선택했어요.
scene_day3_scenes_fab_day3_logic_6346ee10c065ccc051a489a1ecff7695.bundle,現在才遇到球球,Say,イエホン･キュウ,14,そうですか……,그런가요……
scene_day3_scenes_fab_day3_logic_6346ee10c065ccc051a489a1ecff7695.bundle,現在才遇到球球,Say,イエホン･キュウ,15,ちょっと意外だったな。,좀 의외였어.
scene_day3_scenes_fab_day3_logic_6346ee10c065ccc051a489a1ecff7695.bundle,現在才遇到球球,Say,イエホン･キュウ,16,どうして操作組に？,왜 조작조로 간 거야?
scene_day3_scenes_fab_day3_logic_6346ee10c065ccc051a489a1ecff7695.bundle,現在才遇到球球,Branch,#Simple,7,主に経済的な理由ですね。,주로 경제적인 이유예요.
scene_day3_scenes_fab_day3_logic_6346ee10c065ccc051a489a1ecff7695.bundle,現在才遇到球球,Branch,#Simple,8,人と接する仕事があまり好きじゃないので。,사람 상대하는 일을 별로 안 좋아해서요.
scene_day3_scenes_fab_day3_logic_6346ee10c065ccc051a489a1ecff7695.bundle,現在才遇到球球,Say,イエホン･キュウ,17,なるほどね。,그렇군요.
scene_day3_scenes_fab_day3_logic_6346ee10c065ccc051a489a1ecff7695.bundle,現在才遇到球球,Say,イエホン･キュウ,18,まあ、君が選んだことだしね！頑張って！,"뭐, 네가 선택한 거니까! 힘내!"
scene_day3_scenes_fab_day3_logic_6346ee10c065ccc051a489a1ecff7695.bundle,現在才遇到球球,Say,イエホン･キュウ,19,それにイーちゃんが選別組のオフィスを開放したから、これからは両組の交流も増えるだろうし。,"게다가 이 짱이 선별조 사무실을 개방했으니까, 앞으로는 두 조 교류도 늘어날 거고."
scene_day3_scenes_fab_day3_logic_6346ee10c065ccc051a489a1ecff7695.bundle,現在才遇到球球,Say,イエホン･キュウ,20,また会えるさ！,또 만날 수 있을 거야!
scene_day3_scenes_fab_day3_logic_6346ee10c065ccc051a489a1ecff7695.bundle,現在才遇到球球,Branch,#Simple,9,タイミンとシンホンもそう言っていました。,타이밍이랑 신홍도 그렇게 말했어요.
scene_day3_scenes_fab_day3_logic_6346ee10c065ccc051a489a1ecff7695.bundle,現在才遇到球球,Say,イエホン･キュウ,21,じゃ、今度皆で話そうよ。,"그럼, 다음에 다 같이 얘기하자."
scene_day3_scenes_fab_day3_logic_6346ee10c065ccc051a489a1ecff7695.bundle,現在才遇到球球,Say,イエホン･キュウ,22,これはこれでいいかもしれない！君が操作組でスパイをしてくれれば有り難いし……フフフッ。,이것도 이거대로 괜찮을지도! 네가 조작조에서 스파이 노릇 해주면 고맙고……흐흐흣.
scene_day3_scenes_fab_day3_logic_6346ee10c065ccc051a489a1ecff7695.bundle,現在才遇到球球,Branch,#Simple,10,断る！,거절할게요!
scene_day3_scenes_fab_day3_logic_6346ee10c065ccc051a489a1ecff7695.bundle,現在才遇到球球,Say,イエホン･キュウ,23,うわ、配属先が決まったからってすぐ手のひらを返すじゃん！,"우와, 배치 부서 정해졌다고 바로 태도 싹 바뀌네!"
scene_day3_scenes_fab_day3_logic_6346ee10c065ccc051a489a1ecff7695.bundle,現在才遇到球球,Branch,#Simple,11,ハハハ、スパイって何をさせるつもりですか？,"하하하, 스파이라니 뭘 시킬 생각인데요?"
scene_day3_scenes_fab_day3_logic_6346ee10c065ccc051a489a1ecff7695.bundle,現在才遇到球球,Say,イエホン･キュウ,24,良くない噂とか、弱みを握るとかかな！,"안 좋은 소문이라던가, 약점을 잡는다던가!"
scene_day3_scenes_fab_day3_logic_6346ee10c065ccc051a489a1ecff7695.bundle,現在才遇到球球,Branch,#Simple,12,……,……
scene_day3_scenes_fab_day3_logic_6346ee10c065ccc051a489a1ecff7695.bundle,現在才遇到球球,Say,イエホン･キュウ,25,冗談だよ。,농담이야.
scene_day3_scenes_fab_day3_logic_6346ee10c065ccc051a489a1ecff7695.bundle,現在才遇到球球,Branch,#Simple,13,はい！,네!
scene_day3_scenes_fab_day3_logic_6346ee10c065ccc051a489a1ecff7695.bundle,現在才遇到球球,Say,イエホン･キュウ,26,じゃ、約束だよ！,"그럼, 약속한 거다!"
scene_day3_scenes_fab_day3_logic_6346ee10c065ccc051a489a1ecff7695.bundle,現在才遇到球球,Branch,#Simple,14,……,……
scene_day3_scenes_fab_day3_logic_6346ee10c065ccc051a489a1ecff7695.bundle,現在才遇到球球,Branch,#Simple,15,もし私が操作組を選んだらどうします？,만약 제가 조작조를 선택했다면 어떻게 하실 거예요?
scene_day3_scenes_fab_day3_logic_6346ee10c065ccc051a489a1ecff7695.bundle,現在才遇到球球,Say,イエホン･キュウ,27,え？どうもしないよ？,어? 어떻게 하긴 뭘 어떻게 해?
scene_day3_scenes_fab_day3_logic_6346ee10c065ccc051a489a1ecff7695.bundle,現在才遇到球球,Say,イエホン･キュウ,28,なんだ～？僕がそんなケツの穴の小さいやつに見えるのか？,뭐야~? 내가 그렇게 속 좁은 놈으로 보여?
scene_day3_scenes_fab_day3_logic_6346ee10c065ccc051a489a1ecff7695.bundle,現在才遇到球球,Branch,#Simple,16,ボーちゃんは操作組を嫌ってそうだから。,보 짱은 조작조를 싫어할 것 같아서요.
scene_day3_scenes_fab_day3_logic_6346ee10c065ccc051a489a1ecff7695.bundle,現在才遇到球球,Branch,#Simple,17,ハハ、別にそんなことはないよ。,"하하, 딱히 그런 거 아니야."
scene_day3_scenes_fab_day3_logic_6346ee10c065ccc051a489a1ecff7695.bundle,現在才遇到球球,Say,イエホン･キュウ,29,僕は操作組が嫌いだけど、君は好きだからね！,"난 조작조는 싫어하지만, 넌 좋아하니까!"
scene_day3_scenes_fab_day3_logic_6346ee10c065ccc051a489a1ecff7695.bundle,現在才遇到球球,Say,心の声,1,いいやつだな。,좋은 녀석이네.
scene_day3_scenes_fab_day3_logic_6346ee10c065ccc051a489a1ecff7695.bundle,現在才遇到球球,Say,イエホン･キュウ,30,でも、あっちとばっかり仲良くされると、嫌いになっちゃうかもね。,"근데, 저쪽이랑만 친하게 지내면, 미워질지도 모르지."
scene_day3_scenes_fab_day3_logic_6346ee10c065ccc051a489a1ecff7695.bundle,現在才遇到球球,Say,イエホン･キュウ,31,ハハハ、まぁ、どうするかはその時の僕に任せるよ！,"하하하, 뭐, 어떻게 할지는 그때 가서 나한테 맡겨봐!"
scene_day3_scenes_fab_day3_logic_6346ee10c065ccc051a489a1ecff7695.bundle,現在才遇到球球,Say,イエホン･キュウ,32,でも君は選別組を選んだんでしょ？,근데 넌 선별조를 선택한 거지?
scene_day3_scenes_fab_day3_logic_6346ee10c065ccc051a489a1ecff7695.bundle,現在才遇到球球,Say,心の声,2,そうだな……,그러게……
scene_day3_scenes_fab_day3_logic_6346ee10c065ccc051a489a1ecff7695.bundle,現在才遇到球球,Branch,#Simple,18,すみません。私は操作組を選びました。,죄송해요. 저는 조작조를 선택했어요.
scene_day3_scenes_fab_day3_logic_6346ee10c065ccc051a489a1ecff7695.bundle,現在才遇到球球,Branch,#Simple,19,いいえ。,아뇨.
scene_day3_scenes_fab_day3_logic_6346ee10c065ccc051a489a1ecff7695.bundle,現在才遇到球球,Say,イエホン･キュウ,33,……,……
scene_day3_scenes_fab_day3_logic_6346ee10c065ccc051a489a1ecff7695.bundle,現在才遇到球球,Say,イエホン･キュウ,34,冗談はさておき……,농담은 이쯤 하고……
scene_day3_scenes_fab_day3_logic_6346ee10c065ccc051a489a1ecff7695.bundle,現在才遇到球球,Say,イエホン･キュウ,35,もし本当に何か力になれることがあったら、いつでも言ってほしい。できる限りのことはするから。,"정말로 뭔가 도움 될 일이 있으면, 언제든지 말해줘. 할 수 있는 데까지 할 테니까."
scene_day3_scenes_fab_day3_logic_6346ee10c065ccc051a489a1ecff7695.bundle,現在才遇到球球,Say,イエホン･キュウ,36,それは君がどこの組に行っても変わらないことさ。,그건 네가 어느 조로 가든 변하지 않는 일이야.
scene_day3_scenes_fab_day3_logic_6346ee10c065ccc051a489a1ecff7695.bundle,現在才遇到球球,Say,イエホン･キュウ,37,どうせ同じ会社の社員だしね！,어차피 같은 회사 직원이니까!
scene_day3_scenes_fab_day3_logic_6346ee10c065ccc051a489a1ecff7695.bundle,現在才遇到球球,Branch,#Simple,20,ありがとう。,고마워.
scene_day3_scenes_fab_day3_logic_6346ee10c065ccc051a489a1ecff7695.bundle,現在才遇到球球,Say,イエホン･キュウ,38,ヘヘッ。,헤헷.
scene_day3_scenes_fab_day3_logic_6346ee10c065ccc051a489a1ecff7695.bundle,現在才遇到球球,Branch,#Simple,21,なんだか気持ち悪いな。,왠지 좀 소름 돋네요.
scene_day3_scenes_fab_day3_logic_6346ee10c065ccc051a489a1ecff7695.bundle,現在才遇到球球,Say,イエホン･キュウ,39,こいつ！ハハハ。,이 자식이! 하하하.
scene_day3_scenes_fab_day3_logic_6346ee10c065ccc051a489a1ecff7695.bundle,現在才遇到球球,Branch,#Simple,22,……,……
scene_day3_scenes_fab_day3_logic_6346ee10c065ccc051a489a1ecff7695.bundle,現在才遇到球球,Say,イエホン･キュウ,40,じゃあ、また後でね。,"그럼, 또 이따 봐."
scene_day3_scenes_fab_day3_logic_6346ee10c065ccc051a489a1ecff7695.bundle,現在才遇到球球,Branch,#Simple,23,お疲れ様でした。,수고하셨습니다.
scene_day3_scenes_fab_day3_logic_6346ee10c065ccc051a489a1ecff7695.bundle,現在才遇到球球,Say,イエホン･キュウ,41,じゃあね。,안녕히.
scene_day3_scenes_fab_day3_logic_6346ee10c065ccc051a489a1ecff7695.bundle,現在才遇到球球,Branch,#Simple,24,……,……
scene_day3_scenes_fab_day3_logic_6346ee10c065ccc051a489a1ecff7695.bundle,發現地窖電梯燈閃,Say,心の声,0,セラーのエレベーターランプがまた光ってる。,저장고 엘리베이터 램프가 또 켜져 있다.
scene_day3_scenes_fab_day3_logic_6346ee10c065ccc051a489a1ecff7695.bundle,23聯絡確定沒人,Say,心の声,0,本当に誰もいない……,정말로 아무도 없다……
scene_day3_scenes_fab_day3_logic_6346ee10c065ccc051a489a1ecff7695.bundle,23聯絡確定沒人,Say,心の声,1,何をすればいいんだ？,뭘 하면 되지?
scene_day3_scenes_fab_day3_logic_6346ee10c065ccc051a489a1ecff7695.bundle,23聯絡確定沒人,Branch,#Simple,0,23号、入ったぞ。,"23호, 들어왔다."
scene_day3_scenes_fab_day3_logic_6346ee10c065ccc051a489a1ecff7695.bundle,23聯絡確定沒人,Say,23,0,了解。,알겠습니다.
scene_day3_scenes_fab_day3_logic_6346ee10c065ccc051a489a1ecff7695.bundle,23聯絡確定沒人,Branch,#Simple,1,何をすればいい？,뭘 하면 되지?
scene_day3_scenes_fab_day3_logic_6346ee10c065ccc051a489a1ecff7695.bundle,23聯絡確定沒人,Say,23,1,操作組には、自動棚上げシステムを修理する部屋があるはずよ。,"조작조에는, 자동 선반 시스템을 수리하는 방이 있을 거야."
scene_day3_scenes_fab_day3_logic_6346ee10c065ccc051a489a1ecff7695.bundle,23聯絡確定沒人,Say,心の声,2,昨日、俺が棚上げしてた部屋か……,"어제, 내가 선반 정리했던 방인가……"
scene_day3_scenes_fab_day3_logic_6346ee10c065ccc051a489a1ecff7695.bundle,23聯絡確定沒人,Branch,#Simple,2,そこならわかる。,거기라면 안다.
scene_day3_scenes_fab_day3_logic_6346ee10c065ccc051a489a1ecff7695.bundle,23聯絡確定沒人,Say,23,2,うん。入ったら、また連絡して。,"응. 들어가면, 다시 연락해."
scene_day3_scenes_fab_day3_logic_6346ee10c065ccc051a489a1ecff7695.bundle,23聯絡確定沒人,Say,23,3,そうだ。目的地に辿り着くためには、リフトにも乗らないと……,"아 맞다. 목적지에 도착하려면, 리프트도 타야 하는데……"
scene_day3_scenes_fab_day3_logic_6346ee10c065ccc051a489a1ecff7695.bundle,23聯絡確定沒人,Branch,#Simple,3,場所はどうこだ？,위치가 어디지?
scene_day3_scenes_fab_day3_logic_6346ee10c065ccc051a489a1ecff7695.bundle,23聯絡確定沒人,Branch,#Simple,4,……,……
scene_day3_scenes_fab_day3_logic_6346ee10c065ccc051a489a1ecff7695.bundle,23聯絡確定沒人,Say,23,4,事前に手に入れた図面によれば、奥に進むとリフトがあるはずよ。,"사전에 입수한 도면에 따르면, 안쪽으로 가면 리프트가 있을 거야."
scene_day3_scenes_fab_day3_logic_6346ee10c065ccc051a489a1ecff7695.bundle,23聯絡確定沒人,Say,23,5,それで上がれば着くと思う。,그걸로 올라가면 도착할 거야.
scene_day3_scenes_fab_day3_logic_6346ee10c065ccc051a489a1ecff7695.bundle,23聯絡確定沒人,Say,23,6,あ、ジェイ！,"아, 제이!"
scene_day3_scenes_fab_day3_logic_6346ee10c065ccc051a489a1ecff7695.bundle,23聯絡確定沒人,Say,23,7,システムの電源供給が切られているから、隣にある制御台から起動させて。,"시스템 전원 공급이 끊겨 있으니까, 옆에 있는 제어대에서 기동시켜."
scene_day3_scenes_fab_day3_logic_6346ee10c065ccc051a489a1ecff7695.bundle,巧遇何跳想法,Say,心の声,0,あれは、レイカ･ホウ……？,"저건, 레이카 호……?"
scene_day3_scenes_fab_day3_logic_6346ee10c065ccc051a489a1ecff7695.bundle,第一次進貨車,Say,リン･テイ,0,サ、サプライズ……！,"서, 서프라이즈……!"
scene_day3_scenes_fab_day3_logic_6346ee10c065ccc051a489a1ecff7695.bundle,第一次進貨車,Say,心の声,0,リン！？それにスイ･ニンも？,린!? 게다가 스이닝까지?
scene_day3_scenes_fab_day3_logic_6346ee10c065ccc051a489a1ecff7695.bundle,第一次進貨車,Say,23,0,ちょっと、リンリン。もっと元気にやらないと！,"야, 린린. 더 힘차게 해야지!"
scene_day3_scenes_fab_day3_logic_6346ee10c065ccc051a489a1ecff7695.bundle,第一次進貨車,Branch,#Simple,0,リン？どうしてこんなところにいるんだ？,린? 여긴 왜 있는 거야?
scene_day3_scenes_fab_day3_logic_6346ee10c065ccc051a489a1ecff7695.bundle,第一次進貨車,Say,リン･テイ,1,スイさんが連れて来てくれたの。,스이 씨가 데려와줬어.
scene_day3_scenes_fab_day3_logic_6346ee10c065ccc051a489a1ecff7695.bundle,第一次進貨車,Branch,#Simple,1,リン。,린.
scene_day3_scenes_fab_day3_logic_6346ee10c065ccc051a489a1ecff7695.bundle,第一次進貨車,Say,リン･テイ,2,ヘヘッ。,헤헷.
scene_day3_scenes_fab_day3_logic_6346ee10c065ccc051a489a1ecff7695.bundle,第一次進貨車,Branch,#Simple,2,……,……
scene_day3_scenes_fab_day3_logic_6346ee10c065ccc051a489a1ecff7695.bundle,第一次進貨車,Say,23,1,気に入った？,마음에 들어?
scene_day3_scenes_fab_day3_logic_6346ee10c065ccc051a489a1ecff7695.bundle,第一次進貨車,Branch,#Simple,3,ああ。,아.
scene_day3_scenes_fab_day3_logic_6346ee10c065ccc051a489a1ecff7695.bundle,第一次進貨車,Say,23,2,ハハハ、良かった！,"하하하, 다행이다!"
scene_day3_scenes_fab_day3_logic_6346ee10c065ccc051a489a1ecff7695.bundle,第一次進貨車,Branch,#Simple,4,なぜリンをここに？,왜 린을 여기로?
scene_day3_scenes_fab_day3_logic_6346ee10c065ccc051a489a1ecff7695.bundle,第一次進貨車,Say,スイ･ニン,0,彼女を守るためだ。私たちの側にいるのが一番安全だからな。,그녀를 지키기 위해서다. 우리 곁에 있는 게 가장 안전하니까.
scene_day3_scenes_fab_day3_logic_6346ee10c065ccc051a489a1ecff7695.bundle,第一次進貨車,Say,23,3,ちなみに、うちは運転席にいるよ。後ろは狭すぎるからね。,"참고로, 나는 운전석에 있어. 뒤는 너무 좁으니까."
scene_day3_scenes_fab_day3_logic_6346ee10c065ccc051a489a1ecff7695.bundle,第一次進貨車,Say,23,4,誰かさんが大きな車を買ってくれないのよ。,누구 씨가 큰 차를 안 사줘서 말이야.
scene_day3_scenes_fab_day3_logic_6346ee10c065ccc051a489a1ecff7695.bundle,第一次進貨車,Say,スイ･ニン,1,私の経費で君の設備交換をした気がするな。,내 경비로 네 장비 교체를 해준 것 같은데.
scene_day3_scenes_fab_day3_logic_6346ee10c065ccc051a489a1ecff7695.bundle,第一次進貨車,Say,23,5,スイさん大好き！,스이 씨 사랑해!
scene_day3_scenes_fab_day3_logic_6346ee10c065ccc051a489a1ecff7695.bundle,第一次進貨車,Say,心の声,1,スイ･ニンはさっきまで危険な任務に行ってたはずだが……,스이닝은 방금까지 위험한 임무를 하고 있었을 텐데……
scene_day3_scenes_fab_day3_logic_6346ee10c065ccc051a489a1ecff7695.bundle,第一次進貨車,Branch,#Simple,5,来るのが速かったな。,오는 게 빨랐네.
scene_day3_scenes_fab_day3_logic_6346ee10c065ccc051a489a1ecff7695.bundle,第一次進貨車,Branch,#Simple,6,さっきまで任務だったんだろ？,방금까지 임무 중이었잖아?
scene_day3_scenes_fab_day3_logic_6346ee10c065ccc051a489a1ecff7695.bundle,第一次進貨車,Say,スイ･ニン,2,ギャングからの逃亡者を追うだけの簡単な任務だ。すぐ終わらせた。,갱단에서 도망친 자를 쫓는 간단한 임무였어. 금방 끝냈지.
scene_day3_scenes_fab_day3_logic_6346ee10c065ccc051a489a1ecff7695.bundle,第一次進貨車,Branch,#Simple,7,銃声が聞こえたが、殺したのか？,"총성이 들렸는데, 죽인 거야?"
scene_day3_scenes_fab_day3_logic_6346ee10c065ccc051a489a1ecff7695.bundle,第一次進貨車,Say,スイ･ニン,3,……,……
scene_day3_scenes_fab_day3_logic_6346ee10c065ccc051a489a1ecff7695.bundle,第一次進貨車,Say,スイ･ニン,4,ええ、彼が人質を取ったから、人質の安全を考え、殺すしかなかった。,"그래, 그자가 인질을 잡아서, 인질의 안전을 생각해서, 죽일 수밖에 없었어."
scene_day3_scenes_fab_day3_logic_6346ee10c065ccc051a489a1ecff7695.bundle,第一次進貨車,Say,スイ･ニン,5,残念だが、私たちの仕事では、これが日常茶飯事だ。,"안타깝지만, 우리 일에서는, 이게 일상다반사야."
scene_day3_scenes_fab_day3_logic_6346ee10c065ccc051a489a1ecff7695.bundle,第一次進貨車,Branch,#Simple,8,すぐ終わらせられるような任務には、聞こえないが。,"금방 끝낼 수 있는 임무처럼은, 안 들리는데."
scene_day3_scenes_fab_day3_logic_6346ee10c065ccc051a489a1ecff7695.bundle,第一次進貨車,Say,スイ･ニン,6,フクロウは効率の良さで有名だ。,부엉이는 효율성으로 유명하니까.
scene_day3_scenes_fab_day3_logic_6346ee10c065ccc051a489a1ecff7695.bundle,第一次進貨車,Branch,#Simple,9,……,……
scene_day3_scenes_fab_day3_logic_6346ee10c065ccc051a489a1ecff7695.bundle,第一次進貨車,Say,スイ･ニン,7,この話は君とリンさんにとっては、あまり興味のない話だろう。,"이 얘기는 너랑 린 씨한테는, 별로 흥미 없는 얘기겠지."
scene_day3_scenes_fab_day3_logic_6346ee10c065ccc051a489a1ecff7695.bundle,第一次進貨車,Say,心の声,2,話題を逸らそうとしている。,화제를 돌리려 하고 있다.
scene_day3_scenes_fab_day3_logic_6346ee10c065ccc051a489a1ecff7695.bundle,第一次進貨車,Branch,#Simple,10,あんたたちはどうして他の任務に駆り出されたんだ？,너희는 왜 다른 임무에 불려간 거야?
scene_day3_scenes_fab_day3_logic_6346ee10c065ccc051a489a1ecff7695.bundle,第一次進貨車,Say,スイ･ニン,8,どういう意味だ？,무슨 뜻이야?
scene_day3_scenes_fab_day3_logic_6346ee10c065ccc051a489a1ecff7695.bundle,第一次進貨車,Branch,#Simple,11,すでに万象の調査を任されているはずだろ？,이미 완샹 조사를 맡고 있었을 텐데?
scene_day3_scenes_fab_day3_logic_6346ee10c065ccc051a489a1ecff7695.bundle,第一次進貨車,Say,スイ･ニン,9,……,……
scene_day3_scenes_fab_day3_logic_6346ee10c065ccc051a489a1ecff7695.bundle,第一次進貨車,Say,心の声,3,……動揺している？,……동요하고 있다?
scene_day3_scenes_fab_day3_logic_6346ee10c065ccc051a489a1ecff7695.bundle,第一次進貨車,Branch,#Simple,12,さっきのような危険な任務に、急に駆り出されるのは変だ。,"아까 같은 위험한 임무에, 갑자기 불려가는 건 이상해."
scene_day3_scenes_fab_day3_logic_6346ee10c065ccc051a489a1ecff7695.bundle,第一次進貨車,Say,スイ･ニン,10,フクロウは特殊な組織であり、本来は緊急時の対応を主に行う組織として作られた。,"부엉이는 특수 조직이고, 본래는 긴급 상황 대응을 주로 하는 조직으로 만들어졌어."
scene_day3_scenes_fab_day3_logic_6346ee10c065ccc051a489a1ecff7695.bundle,第一次進貨車,Say,スイ･ニン,11,だから、今日のような臨時任務に駆り出されることが多い。,"그래서, 오늘 같은 임시 임무에 불려가는 일이 많아."
scene_day3_scenes_fab_day3_logic_6346ee10c065ccc051a489a1ecff7695.bundle,第一次進貨車,Say,スイ･ニン,12,こういった任務は、現在活動可能な全てのエージェントに依頼が回ってくるんだ。,"이런 임무는, 현재 활동 가능한 모든 요원한테 의뢰가 돌아와."
scene_day3_scenes_fab_day3_logic_6346ee10c065ccc051a489a1ecff7695.bundle,第一次進貨車,Branch,#Simple,13,そう見えるな。,그렇게 보이네.
scene_day3_scenes_fab_day3_logic_6346ee10c065ccc051a489a1ecff7695.bundle,第一次進貨車,Branch,#Simple,14,……,……
scene_day3_scenes_fab_day3_logic_6346ee10c065ccc051a489a1ecff7695.bundle,第一次進貨車,Say,スイ･ニン,13,とりあえず、今日の仕事を終わらせよう。,"일단, 오늘 일을 끝내자."
scene_day3_scenes_fab_day3_logic_6346ee10c065ccc051a489a1ecff7695.bundle,第一次進貨車,Say,スイ･ニン,14,ジェイ、ハックユニットを渡して。,"제이, 해킹 유닛 줘."
scene_day3_scenes_fab_day3_logic_6346ee10c065ccc051a489a1ecff7695.bundle,第一次進貨車,Say,スイ･ニン,15,23号、見えるか？,"23호, 보여?"
scene_day3_scenes_fab_day3_logic_6346ee10c065ccc051a489a1ecff7695.bundle,第一次進貨車,Say,23,6,うん。,응.
scene_day3_scenes_fab_day3_logic_6346ee10c065ccc051a489a1ecff7695.bundle,第一次進貨車,Say,23,7,ちょっと時間がかかりそうね。,시간이 좀 걸릴 것 같네.
scene_day3_scenes_fab_day3_logic_6346ee10c065ccc051a489a1ecff7695.bundle,第一次進貨車,Say,スイ･ニン,16,了解。,알겠습니다.
scene_day3_scenes_fab_day3_logic_6346ee10c065ccc051a489a1ecff7695.bundle,第一次進貨車,Say,スイ･ニン,17,しばらく待つしかないようだ。,당분간 기다릴 수밖에 없는 것 같다.
scene_day3_scenes_fab_day3_logic_6346ee10c065ccc051a489a1ecff7695.bundle,第一次進貨車,Say,スイ･ニン,18,では……,그럼……
scene_day3_scenes_fab_day3_logic_6346ee10c065ccc051a489a1ecff7695.bundle,第一次進貨車,Say,スイ･ニン,19,ジェイ、大丈夫か？,"제이, 괜찮아?"
scene_day3_scenes_fab_day3_logic_6346ee10c065ccc051a489a1ecff7695.bundle,第一次進貨車,Branch,#Simple,15,ああ、元気だ。,"그래, 멀쩡해."
scene_day3_scenes_fab_day3_logic_6346ee10c065ccc051a489a1ecff7695.bundle,第一次進貨車,Say,スイ･ニン,20,そう？ならよかった。,그래? 그럼 다행이고.
scene_day3_scenes_fab_day3_logic_6346ee10c065ccc051a489a1ecff7695.bundle,第一次進貨車,Branch,#Simple,16,大丈夫じゃない。,안 괜찮아.
scene_day3_scenes_fab_day3_logic_6346ee10c065ccc051a489a1ecff7695.bundle,第一次進貨車,Say,スイ･ニン,21,それはなぜ？,그건 왜죠?
scene_day3_scenes_fab_day3_logic_6346ee10c065ccc051a489a1ecff7695.bundle,第一次進貨車,Branch,#Simple,17,俺の人生がめっちゃくちゃだ。,내 인생이 완전 엉망진창이야.
scene_day3_scenes_fab_day3_logic_6346ee10c065ccc051a489a1ecff7695.bundle,第一次進貨車,Branch,#Simple,18,大手企業が俺の彼女を殺そうとしている。,대기업이 내 여자친구를 죽이려 하고 있어.
scene_day3_scenes_fab_day3_logic_6346ee10c065ccc051a489a1ecff7695.bundle,第一次進貨車,Say,リン･テイ,3,ジェイ……,제이……
scene_day3_scenes_fab_day3_logic_6346ee10c065ccc051a489a1ecff7695.bundle,第一次進貨車,Branch,#Simple,19,リュウセイのせいで、今日の任務を俺一人でやった。,"류성 때문에, 오늘 임무를 나 혼자 했어."
scene_day3_scenes_fab_day3_logic_6346ee10c065ccc051a489a1ecff7695.bundle,第一次進貨車,Branch,#Simple,20,特に理由はない。,딱히 이유는 없어.
scene_day3_scenes_fab_day3_logic_6346ee10c065ccc051a489a1ecff7695.bundle,第一次進貨車,Say,スイ･ニン,22,わかりました。,알겠습니다.
scene_day3_scenes_fab_day3_logic_6346ee10c065ccc051a489a1ecff7695.bundle,第一次進貨車,Branch,#Simple,21,どういう意味だ？,무슨 뜻이야?
scene_day3_scenes_fab_day3_logic_6346ee10c065ccc051a489a1ecff7695.bundle,第一次進貨車,Say,スイ･ニン,23,君はさっきまで潜入任務を行っていたからな。君の精神状態を知りたいんだ。,너는 방금까지 잠입 임무를 하고 있었으니까. 네 정신 상태를 알고 싶어서.
scene_day3_scenes_fab_day3_logic_6346ee10c065ccc051a489a1ecff7695.bundle,第一次進貨車,Say,スイ･ニン,24,昨日と今日で、君は二度もメイ･ジョと接触していた……,"어제랑 오늘, 너는 두 번이나 메이 조랑 접촉했었지……"
scene_day3_scenes_fab_day3_logic_6346ee10c065ccc051a489a1ecff7695.bundle,第一次進貨車,Say,心の声,4,23号がセラーでの出来事を伝えたのか。,23호가 저장고에서 있었던 일을 전한 건가.
scene_day3_scenes_fab_day3_logic_6346ee10c065ccc051a489a1ecff7695.bundle,第一次進貨車,Say,スイ･ニン,25,メイ･ジョについて、君はどう思っている？,"메이 조에 대해서, 너는 어떻게 생각해?"
scene_day3_scenes_fab_day3_logic_6346ee10c065ccc051a489a1ecff7695.bundle,第一次進貨車,Say,心の声,5,面倒くさい女だと思っているな……,귀찮은 여자라고 생각하고 있군……
scene_day3_scenes_fab_day3_logic_6346ee10c065ccc051a489a1ecff7695.bundle,第一次進貨車,Branch,#Simple,22,特になにも。,딱히 아무것도.
scene_day3_scenes_fab_day3_logic_6346ee10c065ccc051a489a1ecff7695.bundle,第一次進貨車,Say,スイ･ニン,26,了解。,알겠습니다.
scene_day3_scenes_fab_day3_logic_6346ee10c065ccc051a489a1ecff7695.bundle,第一次進貨車,Branch,#Simple,23,利用できる人間だと思っている。,이용할 수 있는 사람이라고 생각해.
scene_day3_scenes_fab_day3_logic_6346ee10c065ccc051a489a1ecff7695.bundle,第一次進貨車,Say,スイ･ニン,27,了解。,알겠습니다.
scene_day3_scenes_fab_day3_logic_6346ee10c065ccc051a489a1ecff7695.bundle,第一次進貨車,Say,心の声,6,俺の答えが気に入ったみたいだ。,내 대답이 마음에 든 것 같다.
scene_day3_scenes_fab_day3_logic_6346ee10c065ccc051a489a1ecff7695.bundle,第一次進貨車,Branch,#Simple,24,彼女は脅威だ。それ以上でも、それ以下でもない。,"그 여자는 위협이야. 그 이상도, 그 이하도 아니야."
scene_day3_scenes_fab_day3_logic_6346ee10c065ccc051a489a1ecff7695.bundle,第一次進貨車,Say,スイ･ニン,28,了解。,알겠습니다.
scene_day3_scenes_fab_day3_logic_6346ee10c065ccc051a489a1ecff7695.bundle,第一次進貨車,Branch,#Simple,25,彼女は万象の操り人形だ。,그 여자는 완샹의 꼭두각시야.
scene_day3_scenes_fab_day3_logic_6346ee10c065ccc051a489a1ecff7695.bundle,第一次進貨車,Say,スイ･ニン,29,了解。,알겠습니다.
scene_day3_scenes_fab_day3_logic_6346ee10c065ccc051a489a1ecff7695.bundle,第一次進貨車,Say,スイ･ニン,30,では、さっきまでの潜入任務についてはどう思う？,"그럼, 방금까지의 잠입 임무에 대해선 어떻게 생각해?"
scene_day3_scenes_fab_day3_logic_6346ee10c065ccc051a489a1ecff7695.bundle,第一次進貨車,Say,心の声,7,目標の達成のためには、やらざるを得ないこと。,"목표 달성을 위해서는, 안 할 수 없는 일이지."
scene_day3_scenes_fab_day3_logic_6346ee10c065ccc051a489a1ecff7695.bundle,第一次進貨車,Branch,#Simple,26,これは俺の仕事ではなかった。,이건 내 일이 아니었어.
scene_day3_scenes_fab_day3_logic_6346ee10c065ccc051a489a1ecff7695.bundle,第一次進貨車,Branch,#Simple,27,危険、刺激的、挑戦的？,"위험하고, 짜릿하고, 도전적이었달까?"
scene_day3_scenes_fab_day3_logic_6346ee10c065ccc051a489a1ecff7695.bundle,第一次進貨車,Branch,#Simple,28,目標の達成のためには、やらざるを得ないこと。,"목표 달성을 위해서는, 안 할 수 없는 일이지."
scene_day3_scenes_fab_day3_logic_6346ee10c065ccc051a489a1ecff7695.bundle,第一次進貨車,Branch,#Simple,29,特に考えはない。,딱히 생각은 없어.
scene_day3_scenes_fab_day3_logic_6346ee10c065ccc051a489a1ecff7695.bundle,第一次進貨車,Say,スイ･ニン,31,了解。,알겠습니다.
scene_day3_scenes_fab_day3_logic_6346ee10c065ccc051a489a1ecff7695.bundle,第一次進貨車,Say,スイ･ニン,32,それと。,그리고.
scene_day3_scenes_fab_day3_logic_6346ee10c065ccc051a489a1ecff7695.bundle,第一次進貨車,Say,スイ･ニン,33,君はさっき、私に人を殺したかと聞いた。それはなぜ？,"너는 아까, 나한테 사람을 죽였냐고 물었지. 그건 왜야?"
scene_day3_scenes_fab_day3_logic_6346ee10c065ccc051a489a1ecff7695.bundle,第一次進貨車,Branch,#Simple,30,ただの好奇心だ。,그냥 호기심이야.
scene_day3_scenes_fab_day3_logic_6346ee10c065ccc051a489a1ecff7695.bundle,第一次進貨車,Branch,#Simple,31,わかりません。,모르겠어요.
scene_day3_scenes_fab_day3_logic_6346ee10c065ccc051a489a1ecff7695.bundle,第一次進貨車,Say,スイ･ニン,34,了解。,알겠습니다.
scene_day3_scenes_fab_day3_logic_6346ee10c065ccc051a489a1ecff7695.bundle,第一次進貨車,Branch,#Simple,32,自分がどんなやつと一緒に働いているのか、知りたかっただけだ。,"내가 어떤 녀석이랑 같이 일하고 있는지, 알고 싶었을 뿐이야."
scene_day3_scenes_fab_day3_logic_6346ee10c065ccc051a489a1ecff7695.bundle,第一次進貨車,Say,スイ･ニン,35,ではさっきの質問で、それはわかったのか？,"그럼 아까 그 질문으로, 그걸 알았어?"
scene_day3_scenes_fab_day3_logic_6346ee10c065ccc051a489a1ecff7695.bundle,第一次進貨車,Branch,#Simple,33,人を殺したかどうかはどうでもいい。俺はただあんたの反応が見たかっただけだ。,사람을 죽였는지 아닌지는 상관없어. 나는 그냥 네 반응이 보고 싶었을 뿐이야.
scene_day3_scenes_fab_day3_logic_6346ee10c065ccc051a489a1ecff7695.bundle,第一次進貨車,Say,スイ･ニン,36,人を殺したことを認める時の反応を？,사람을 죽였다는 걸 인정할 때의 반응을?
scene_day3_scenes_fab_day3_logic_6346ee10c065ccc051a489a1ecff7695.bundle,第一次進貨車,Say,スイ･ニン,37,……,……
scene_day3_scenes_fab_day3_logic_6346ee10c065ccc051a489a1ecff7695.bundle,第一次進貨車,Branch,#Simple,34,あんたが人を殺すかどうかは判断材料になる。,네가 사람을 죽이는지 아닌지가 판단 재료가 되니까.
scene_day3_scenes_fab_day3_logic_6346ee10c065ccc051a489a1ecff7695.bundle,第一次進貨車,Say,スイ･ニン,38,君にとって、人を殺すことは道徳的な問題なのか？,"너한테, 사람을 죽이는 건 도덕적인 문제야?"
scene_day3_scenes_fab_day3_logic_6346ee10c065ccc051a489a1ecff7695.bundle,第一次進貨車,Branch,#Simple,35,道徳的な問題？,도덕적인 문제?
scene_day3_scenes_fab_day3_logic_6346ee10c065ccc051a489a1ecff7695.bundle,第一次進貨車,Say,スイ･ニン,39,すまない、聞き方を変えよう。,"미안, 질문 방식을 바꿔볼게."
scene_day3_scenes_fab_day3_logic_6346ee10c065ccc051a489a1ecff7695.bundle,第一次進貨車,Say,スイ･ニン,40,君にとって殺人は、動機、結果を問わず、間違いなのか？,"너한테 살인은, 동기든 결과든 상관없이, 잘못된 거야?"
scene_day3_scenes_fab_day3_logic_6346ee10c065ccc051a489a1ecff7695.bundle,第一次進貨車,Branch,#Simple,36,殺人が間違いではない場合もある。,살인이 잘못이 아닌 경우도 있어.
scene_day3_scenes_fab_day3_logic_6346ee10c065ccc051a489a1ecff7695.bundle,第一次進貨車,Say,スイ･ニン,41,ならば、正しいことになるのか？,"그럼, 옳은 일이 되는 건가?"
scene_day3_scenes_fab_day3_logic_6346ee10c065ccc051a489a1ecff7695.bundle,第一次進貨車,Branch,#Simple,37,正しいと思う。,옳다고 생각해.
scene_day3_scenes_fab_day3_logic_6346ee10c065ccc051a489a1ecff7695.bundle,第一次進貨車,Branch,#Simple,38,正しいとは言えないが、間違いとも言えない。,"옳다고는 못 하지만, 잘못이라고도 못 해."
scene_day3_scenes_fab_day3_logic_6346ee10c065ccc051a489a1ecff7695.bundle,第一次進貨車,Say,スイ･ニン,42,了解。,알겠습니다.
scene_day3_scenes_fab_day3_logic_6346ee10c065ccc051a489a1ecff7695.bundle,第一次進貨車,Branch,#Simple,39,なんだと？,뭐라고?
scene_day3_scenes_fab_day3_logic_6346ee10c065ccc051a489a1ecff7695.bundle,第一次進貨車,Say,スイ･ニン,43,つまり、そういった場合での殺人は、正しいことになるのか？,"그러니까, 그런 경우의 살인은, 옳은 일이 된다는 거야?"
scene_day3_scenes_fab_day3_logic_6346ee10c065ccc051a489a1ecff7695.bundle,第一次進貨車,Branch,#Simple,40,ああ、殺人は間違いだ。,"그래, 살인은 잘못됐어."
scene_day3_scenes_fab_day3_logic_6346ee10c065ccc051a489a1ecff7695.bundle,第一次進貨車,Say,スイ･ニン,44,了解。,알겠습니다.
scene_day3_scenes_fab_day3_logic_6346ee10c065ccc051a489a1ecff7695.bundle,第一次進貨車,Branch,#Simple,41,少なくとも俺にとって殺人は、間違いだ。,"적어도 나한테 살인은, 잘못된 일이야."
scene_day3_scenes_fab_day3_logic_6346ee10c065ccc051a489a1ecff7695.bundle,第一次進貨車,Say,スイ･ニン,45,了解。,알겠습니다.
scene_day3_scenes_fab_day3_logic_6346ee10c065ccc051a489a1ecff7695.bundle,第一次進貨車,Branch,#Simple,42,そう思う。,그렇게 생각해.
scene_day3_scenes_fab_day3_logic_6346ee10c065ccc051a489a1ecff7695.bundle,第一次進貨車,Say,スイ･ニン,46,聞き方を変えよう。,질문 방식을 바꿔볼게.
scene_day3_scenes_fab_day3_logic_6346ee10c065ccc051a489a1ecff7695.bundle,第一次進貨車,Branch,#Simple,43,心理テストでもしているのか？,심리 테스트라도 하는 거야?
scene_day3_scenes_fab_day3_logic_6346ee10c065ccc051a489a1ecff7695.bundle,第一次進貨車,Say,スイ･ニン,47,みたいなものだ。,그런 셈이지.
scene_day3_scenes_fab_day3_logic_6346ee10c065ccc051a489a1ecff7695.bundle,第一次進貨車,Branch,#Simple,44,それはなぜ？,그건 왜죠?
scene_day3_scenes_fab_day3_logic_6346ee10c065ccc051a489a1ecff7695.bundle,第一次進貨車,Say,スイ･ニン,48,一緒に働く人間について知りたいだけだよ。,같이 일하는 사람에 대해 알고 싶을 뿐이야.
scene_day3_scenes_fab_day3_logic_6346ee10c065ccc051a489a1ecff7695.bundle,第一次進貨車,Say,心の声,8,さっきの俺の言葉を……,아까 내 말을……
scene_day3_scenes_fab_day3_logic_6346ee10c065ccc051a489a1ecff7695.bundle,第一次進貨車,Say,心の声,9,何かをごまかしているのか？,뭔가를 얼버무리고 있는 건가?
scene_day3_scenes_fab_day3_logic_6346ee10c065ccc051a489a1ecff7695.bundle,第一次進貨車,Branch,#Simple,45,なら、もう答えたくない。,"그럼, 이제 대답하고 싶지 않아."
scene_day3_scenes_fab_day3_logic_6346ee10c065ccc051a489a1ecff7695.bundle,第一次進貨車,Say,スイ･ニン,49,いや、大丈夫だ。,"아니, 괜찮아."
scene_day3_scenes_fab_day3_logic_6346ee10c065ccc051a489a1ecff7695.bundle,第一次進貨車,Branch,#Simple,46,……,……
scene_day3_scenes_fab_day3_logic_6346ee10c065ccc051a489a1ecff7695.bundle,第一次進貨車,Branch,#Simple,47,質問はあといくつだ？,질문은 앞으로 몇 개 남았지?
scene_day3_scenes_fab_day3_logic_6346ee10c065ccc051a489a1ecff7695.bundle,第一次進貨車,Say,スイ･ニン,50,大丈夫、もう終わった。,"괜찮아, 이제 끝났어."
scene_day3_scenes_fab_day3_logic_6346ee10c065ccc051a489a1ecff7695.bundle,第一次進貨車,Branch,#Simple,48,……,……
scene_day3_scenes_fab_day3_logic_6346ee10c065ccc051a489a1ecff7695.bundle,第一次進貨車,Say,スイ･ニン,51,ここまでにしよう。,여기까지 하자.
scene_day3_scenes_fab_day3_logic_6346ee10c065ccc051a489a1ecff7695.bundle,第一次進貨車,Say,スイ･ニン,52,君は急な潜入任務を見事にやり遂げた。ご苦労様。,너는 갑작스러운 잠입 임무를 훌륭하게 해냈어. 수고했다.
scene_day3_scenes_fab_day3_logic_6346ee10c065ccc051a489a1ecff7695.bundle,第一次進貨車,Say,スイ･ニン,53,そうだ。,맞아.
scene_day3_scenes_fab_day3_logic_6346ee10c065ccc051a489a1ecff7695.bundle,第一次進貨車,Say,スイ･ニン,54,君は、自分でイファ･ヨウのオフィスを開ける方法を見つけたみたいだね。,"너는, 스스로 이화 요의 사무실을 여는 방법을 찾아낸 것 같더군."
scene_day3_scenes_fab_day3_logic_6346ee10c065ccc051a489a1ecff7695.bundle,第一次進貨車,Say,スイ･ニン,55,それとセラーへ行く方法も見つけたと23号から聞いた。,그리고 저장고로 가는 방법도 찾아냈다고 23호한테서 들었어.
scene_day3_scenes_fab_day3_logic_6346ee10c065ccc051a489a1ecff7695.bundle,第一次進貨車,Say,スイ･ニン,56,よくやった。,잘했다.
scene_day3_scenes_fab_day3_logic_6346ee10c065ccc051a489a1ecff7695.bundle,第一次進貨車,Branch,#Simple,49,他人の手を借りただけだ。,다른 사람 손을 빌렸을 뿐이야.
scene_day3_scenes_fab_day3_logic_6346ee10c065ccc051a489a1ecff7695.bundle,第一次進貨車,Branch,#Simple,50,たまたま別の方法を見つけただけだ。,우연히 다른 방법을 찾았을 뿐이야.
scene_day3_scenes_fab_day3_logic_6346ee10c065ccc051a489a1ecff7695.bundle,第一次進貨車,Say,スイ･ニン,57,その場でより良い手段を見つけられるのも、重要な能力だ。,"그 자리에서 더 나은 수단을 찾아내는 것도, 중요한 능력이야."
scene_day3_scenes_fab_day3_logic_6346ee10c065ccc051a489a1ecff7695.bundle,第一次進貨車,Say,スイ･ニン,58,自分を軽んじる必要はない。,스스로를 낮잡아 볼 필요 없어.
scene_day3_scenes_fab_day3_logic_6346ee10c065ccc051a489a1ecff7695.bundle,第一次進貨車,Say,心の声,10,リンがすごく喜んでいる……,린이 엄청 좋아하고 있다……
scene_day3_scenes_fab_day3_logic_6346ee10c065ccc051a489a1ecff7695.bundle,第一次進貨車,Say,心の声,11,どういうことだ……？,이게 무슨 상황이지……?
scene_day3_scenes_fab_day3_logic_6346ee10c065ccc051a489a1ecff7695.bundle,第一次進貨車,Branch,#Simple,51,……,……
scene_day3_scenes_fab_day3_logic_6346ee10c065ccc051a489a1ecff7695.bundle,第一次進貨車,Say,23,8,それと、彼の反射神経はなかなかのものだったよ,"그리고, 이 녀석 반사신경은 꽤 대단했어"
scene_day3_scenes_fab_day3_logic_6346ee10c065ccc051a489a1ecff7695.bundle,第一次進貨車,Say,23,9,そうだ。スイには言ったかな？,맞다. 스이한테는 말했던가?
scene_day3_scenes_fab_day3_logic_6346ee10c065ccc051a489a1ecff7695.bundle,第一次進貨車,Say,23,10,彼、すごく素早いよ。,"이 사람, 엄청 재빠르더라."
scene_day3_scenes_fab_day3_logic_6346ee10c065ccc051a489a1ecff7695.bundle,第一次進貨車,Say,23,11,うちが事前に警告するまでもなく、彼は即座に反応して、目撃されるのを二回も回避してた。,"내가 미리 경고할 것도 없이, 즉각 반응해서, 목격당하는 걸 두 번이나 피했다니까."
scene_day3_scenes_fab_day3_logic_6346ee10c065ccc051a489a1ecff7695.bundle,第一次進貨車,Say,23,12,スイ、あんたの目は確かね。,"스이, 네 안목은 확실하네."
scene_day3_scenes_fab_day3_logic_6346ee10c065ccc051a489a1ecff7695.bundle,第一次進貨車,Say,スイ･ニン,59,当たり前だろ。,당연하지.
scene_day3_scenes_fab_day3_logic_6346ee10c065ccc051a489a1ecff7695.bundle,第一次進貨車,Say,23,13,あ……,아……
scene_day3_scenes_fab_day3_logic_6346ee10c065ccc051a489a1ecff7695.bundle,第一次進貨車,Say,23,14,悪い知らせよ。,나쁜 소식이야.
scene_day3_scenes_fab_day3_logic_6346ee10c065ccc051a489a1ecff7695.bundle,第一次進貨車,Say,23,15,いや……いい知らせでもあるのか。,아니……좋은 소식이기도 한가.
scene_day3_scenes_fab_day3_logic_6346ee10c065ccc051a489a1ecff7695.bundle,第一次進貨車,Say,23,16,ハックユニットは我々の予想を遙かに超えた、10年分ほどのログを持ち帰っていたみたい。,"해킹 유닛이 우리 예상을 훨씬 뛰어넘는, 10년치 정도의 로그를 가지고 왔던 것 같아."
scene_day3_scenes_fab_day3_logic_6346ee10c065ccc051a489a1ecff7695.bundle,第一次進貨車,Say,スイ･ニン,60,つまり？,그러니까?
scene_day3_scenes_fab_day3_logic_6346ee10c065ccc051a489a1ecff7695.bundle,第一次進貨車,Say,23,17,うちが作ったハックユニットが、とても強力だったってこと。,"내가 만든 해킹 유닛이, 굉장히 강력했다는 거지."
scene_day3_scenes_fab_day3_logic_6346ee10c065ccc051a489a1ecff7695.bundle,第一次進貨車,Say,23,18,それと、このオンボロパソコンで全部を調べるのには、数日がかかるってことね。,"그리고, 이 낡아빠진 컴퓨터로 전부 조사하려면, 며칠은 걸린다는 거고."
scene_day3_scenes_fab_day3_logic_6346ee10c065ccc051a489a1ecff7695.bundle,第一次進貨車,Say,23,19,トラックにある他のパソコンを使って一緒に調べてもいいけど、数時間は下らないわね。,"트럭에 있는 다른 컴퓨터를 같이 써서 조사해도 되긴 하는데, 몇 시간은 걸릴 거야."
scene_day3_scenes_fab_day3_logic_6346ee10c065ccc051a489a1ecff7695.bundle,第一次進貨車,Say,23,20,スイどうする？ここで待つ？,스이 어떻게 할래? 여기서 기다릴 거야?
scene_day3_scenes_fab_day3_logic_6346ee10c065ccc051a489a1ecff7695.bundle,第一次進貨車,Say,スイ･ニン,61,……,……
scene_day3_scenes_fab_day3_logic_6346ee10c065ccc051a489a1ecff7695.bundle,第一次進貨車,Say,スイ･ニン,62,数時間なら、ここで待とう。,"몇 시간 정도면, 여기서 기다리자."
scene_day3_scenes_fab_day3_logic_6346ee10c065ccc051a489a1ecff7695.bundle,第一次進貨車,Say,スイ･ニン,63,警備には、もう少しここに停車すると伝える。,"경비한테는, 조금 더 여기 정차한다고 전할게."
scene_day3_scenes_fab_day3_logic_6346ee10c065ccc051a489a1ecff7695.bundle,第一次進貨車,Say,リン･テイ,4,それは大丈夫なの？疑われたりしない？,그거 괜찮은 거야? 의심받지 않아?
scene_day3_scenes_fab_day3_logic_6346ee10c065ccc051a489a1ecff7695.bundle,第一次進貨車,Say,23,21,ちゃんと本社のパスは見せたよ。,제대로 본사 패스는 보여줬어.
scene_day3_scenes_fab_day3_logic_6346ee10c065ccc051a489a1ecff7695.bundle,第一次進貨車,Say,23,22,大丈夫、疑われたりはしないよ。,"괜찮아, 의심받거나 하진 않아."
scene_day3_scenes_fab_day3_logic_6346ee10c065ccc051a489a1ecff7695.bundle,第一次進貨車,Branch,#Simple,52,どうしてパスを持っているんだ？,왜 패스를 갖고 있는 거야?
scene_day3_scenes_fab_day3_logic_6346ee10c065ccc051a489a1ecff7695.bundle,第一次進貨車,Say,23,23,もちろん、うちが偽造したものだよ。,"물론, 내가 위조한 거지."
scene_day3_scenes_fab_day3_logic_6346ee10c065ccc051a489a1ecff7695.bundle,第一次進貨車,Branch,#Simple,53,……,……
scene_day3_scenes_fab_day3_logic_6346ee10c065ccc051a489a1ecff7695.bundle,第一次進貨車,Say,リン･テイ,5,本当に大丈夫なの？,정말 괜찮은 거야?
scene_day3_scenes_fab_day3_logic_6346ee10c065ccc051a489a1ecff7695.bundle,第一次進貨車,Say,23,24,大丈夫。企業の警備員なんて、パスがあれば何も言ってこないから。,"괜찮아. 기업 경비원 같은 건, 패스만 있으면 아무 말도 안 하니까."
scene_day3_scenes_fab_day3_logic_6346ee10c065ccc051a489a1ecff7695.bundle,第一次進貨車,Say,23,25,昔、変な職業をでっち上げてよく遊んでたのよ。パイプアート監修とか、黒板摩擦エンジニアとか。,"예전에, 이상한 직업을 지어내면서 자주 놀았었어. 파이프 아트 감수라든지, 칠판 마찰 엔지니어라든지."
scene_day3_scenes_fab_day3_logic_6346ee10c065ccc051a489a1ecff7695.bundle,第一次進貨車,Say,23,26,あいつら、スキャンして問題がなければ、信じちゃうからウケるのよ！,"그놈들, 스캔해서 문제없으면, 그냥 믿어버려서 웃긴다니까!"
scene_day3_scenes_fab_day3_logic_6346ee10c065ccc051a489a1ecff7695.bundle,第一次進貨車,Say,23,27,黒板摩擦エンジニアって、未だに黒板を使ってるやつなんていないっつーの！ハハハ！,"칠판 마찰 엔지니어라니, 요즘 세상에 칠판 쓰는 사람이 어딨다고! 하하하!"
scene_day3_scenes_fab_day3_logic_6346ee10c065ccc051a489a1ecff7695.bundle,第一次進貨車,Say,23,28,ハハハハ！,하하하하!
scene_day3_scenes_fab_day3_logic_6346ee10c065ccc051a489a1ecff7695.bundle,第一次進貨車,Say,スイ･ニン,64,ミュートした。,음소거했다.
scene_day3_scenes_fab_day3_logic_6346ee10c065ccc051a489a1ecff7695.bundle,第一次進貨車,Say,リン･テイ,6,アハハ……,아하하……
scene_day3_scenes_fab_day3_logic_6346ee10c065ccc051a489a1ecff7695.bundle,第一次進貨車,Say,スイ･ニン,65,ジェイ、23号の解析が終わるまでは、工場に戻っていてくれ。,"제이, 23호 분석이 끝날 때까지는, 공장으로 돌아가 있어줘."
scene_day3_scenes_fab_day3_logic_6346ee10c065ccc051a489a1ecff7695.bundle,第一次進貨車,Say,スイ･ニン,66,自由行動で構わない。何か進展があったらまた連絡する。,자유행동으로 있어도 돼. 뭔가 진전이 있으면 다시 연락할게.
scene_day3_scenes_fab_day3_logic_6346ee10c065ccc051a489a1ecff7695.bundle,第一次進貨車,Branch,#Simple,54,リンはどうする？,린은 어떻게 하지?
scene_day3_scenes_fab_day3_logic_6346ee10c065ccc051a489a1ecff7695.bundle,第一次進貨車,Say,スイ･ニン,67,彼女が人目に触れるのはまずい。私と一緒にトラックにいてもらう。,그녀가 사람들 눈에 띄는 건 위험해. 나랑 같이 트럭에 있게 할게.
scene_day3_scenes_fab_day3_logic_6346ee10c065ccc051a489a1ecff7695.bundle,第一次進貨車,Say,リン･テイ,7,私、さっきまでスイさんと勉強してたのよ！,"나, 방금까지 스이 씨랑 공부하고 있었어!"
scene_day3_scenes_fab_day3_logic_6346ee10c065ccc051a489a1ecff7695.bundle,第一次進貨車,Say,心の声,12,勉強？,공부?
scene_day3_scenes_fab_day3_logic_6346ee10c065ccc051a489a1ecff7695.bundle,第一次進貨車,Say,スイ･ニン,68,リンさんが私たちの仕事に興味を持っていたから、少し教えていたんだ。,"린 씨가 우리 일에 관심을 보여서, 조금 가르쳐주고 있었어."
scene_day3_scenes_fab_day3_logic_6346ee10c065ccc051a489a1ecff7695.bundle,第一次進貨車,Say,リン･テイ,8,私ね、尾行する時にバレないコツを学んだの！,"나 있잖아, 미행할 때 안 들키는 요령을 배웠어!"
scene_day3_scenes_fab_day3_logic_6346ee10c065ccc051a489a1ecff7695.bundle,第一次進貨車,Branch,#Simple,55,そんなの学んで、どうするんだ？,"그런 걸 배워서, 뭘 하려고?"
scene_day3_scenes_fab_day3_logic_6346ee10c065ccc051a489a1ecff7695.bundle,第一次進貨車,Say,リン･テイ,9,格好良ければ、何だっていいじゃない！,"멋있으면, 뭐든 상관없잖아!"
scene_day3_scenes_fab_day3_logic_6346ee10c065ccc051a489a1ecff7695.bundle,第一次進貨車,Say,リン･テイ,10,ジェイはつまんないの。,제이는 재미없다니까.
scene_day3_scenes_fab_day3_logic_6346ee10c065ccc051a489a1ecff7695.bundle,第一次進貨車,Branch,#Simple,56,後で俺にも教えてくれ。,나중에 나한테도 알려줘.
scene_day3_scenes_fab_day3_logic_6346ee10c065ccc051a489a1ecff7695.bundle,第一次進貨車,Say,リン･テイ,11,はい！,네!
scene_day3_scenes_fab_day3_logic_6346ee10c065ccc051a489a1ecff7695.bundle,第一次進貨車,Branch,#Simple,57,……,……
scene_day3_scenes_fab_day3_logic_6346ee10c065ccc051a489a1ecff7695.bundle,第一次進貨車,Branch,#Simple,58,わかった。,알았어.
scene_day3_scenes_fab_day3_logic_6346ee10c065ccc051a489a1ecff7695.bundle,第一次進貨車,Branch,#Simple,59,……,……
scene_day3_scenes_fab_day3_logic_6346ee10c065ccc051a489a1ecff7695.bundle,第一次進貨車,Say,スイ･ニン,69,では結果が出たらすぐ知らせる。,그럼 결과 나오면 바로 알려줄게.
scene_day3_scenes_fab_day3_logic_6346ee10c065ccc051a489a1ecff7695.bundle,第一次進貨車,Branch,#Simple,60,了解。,알겠습니다.
scene_day3_scenes_fab_day3_logic_6346ee10c065ccc051a489a1ecff7695.bundle,第一次進貨車,Branch,#Simple,61,……,……
scene_day3_scenes_fab_day3_logic_6346ee10c065ccc051a489a1ecff7695.bundle,第一次下貨車以後,Say,心の声,0,とりあえず、今は選別組のオフィスでイー･テイに会おう。,"일단, 지금은 선별조 사무실에서 이 테이를 만나자."
scene_day3_scenes_fab_day3_logic_6346ee10c065ccc051a489a1ecff7695.bundle,第一次下貨車以後,Say,心の声,1,とりあえず、今は操作組に行ってシュン･ゴに会おう。,"일단, 지금은 조작조로 가서 슌 고를 만나자."
scene_day3_scenes_fab_day3_logic_6346ee10c065ccc051a489a1ecff7695.bundle,第二簽約者進來,Say,チセイ･ラ,0,こんにちは。,안녕하세요.
scene_day3_scenes_fab_day3_logic_6346ee10c065ccc051a489a1ecff7695.bundle,第二簽約者進來,Say,チキョウ･リョウ,0,こんにちは、ラさん。私はチキョウ･リョウです。,"안녕하세요, 라 씨. 저는 치쿄 료입니다."
scene_day3_scenes_fab_day3_logic_6346ee10c065ccc051a489a1ecff7695.bundle,第二簽約者進來,Say,チキョウ･リョウ,1,こちらは新人のジェイ･ダイです。本日は見学のため、同席しております。,"이쪽은 신입 제이 다이입니다. 오늘은 견학차, 동석하고 있습니다."
scene_day3_scenes_fab_day3_logic_6346ee10c065ccc051a489a1ecff7695.bundle,第二簽約者進來,Say,心の声,0,自己紹介すらさせてくれないのか……,자기소개도 못 하게 하는군……
scene_day3_scenes_fab_day3_logic_6346ee10c065ccc051a489a1ecff7695.bundle,第二簽約者進來,Say,チセイ･ラ,1,了解。,알겠습니다.
scene_day3_scenes_fab_day3_logic_6346ee10c065ccc051a489a1ecff7695.bundle,第二簽約者進來,Say,心の声,1,彼はさっきの人より落ち着いているようだ。,이 사람은 아까 그 사람보다 침착한 것 같다.
scene_day3_scenes_fab_day3_logic_6346ee10c065ccc051a489a1ecff7695.bundle,第二簽約者進來,Say,チセイ･ラ,2,娘の姿が見当たらないのですが、こちらに来ていませんか？,"딸아이 모습이 안 보이는데, 이쪽에 오지 않았나요?"
scene_day3_scenes_fab_day3_logic_6346ee10c065ccc051a489a1ecff7695.bundle,第二簽約者進來,Say,チキョウ･リョウ,2,……,……
scene_day3_scenes_fab_day3_logic_6346ee10c065ccc051a489a1ecff7695.bundle,第二簽約者進來,Say,チキョウ･リョウ,3,実は私たちも娘さんと連絡がつかないのです。,실은 저희도 따님과 연락이 닿지 않는 상황입니다.
scene_day3_scenes_fab_day3_logic_6346ee10c065ccc051a489a1ecff7695.bundle,第二簽約者進來,Say,チセイ･ラ,3,そうですか……,그런가요……
scene_day3_scenes_fab_day3_logic_6346ee10c065ccc051a489a1ecff7695.bundle,第二簽約者進來,Say,チセイ･ラ,4,では、私の演算力供給の収入はやはり……,"그럼, 제 연산력 공급 수입은 역시……"
scene_day3_scenes_fab_day3_logic_6346ee10c065ccc051a489a1ecff7695.bundle,第二簽約者進來,Say,チキョウ･リョウ,4,はい、彼女が受け取りました。,"네, 따님이 수령했습니다."
scene_day3_scenes_fab_day3_logic_6346ee10c065ccc051a489a1ecff7695.bundle,第二簽約者進來,Say,チキョウ･リョウ,5,失礼ですが、お金は彼女に振り込むと書かれておりましたので……,"실례지만, 돈은 따님께 입금한다고 기재되어 있어서……"
scene_day3_scenes_fab_day3_logic_6346ee10c065ccc051a489a1ecff7695.bundle,第二簽約者進來,Say,チセイ･ラ,5,わかっています。すべては私がやったことです。,알고 있습니다. 전부 제가 벌인 일이니까요.
scene_day3_scenes_fab_day3_logic_6346ee10c065ccc051a489a1ecff7695.bundle,第二簽約者進來,Say,チキョウ･リョウ,6,……,……
scene_day3_scenes_fab_day3_logic_6346ee10c065ccc051a489a1ecff7695.bundle,第二簽約者進來,Say,チキョウ･リョウ,7,あの……,저……
scene_day3_scenes_fab_day3_logic_6346ee10c065ccc051a489a1ecff7695.bundle,第二簽約者進來,Say,チセイ･ラ,6,構いません。これからの手続きを教えてください。,괜찮습니다. 앞으로의 절차를 알려주세요.
scene_day3_scenes_fab_day3_logic_6346ee10c065ccc051a489a1ecff7695.bundle,第二簽約者進來,Say,チキョウ･リョウ,8,それは……？,그건……?
scene_day3_scenes_fab_day3_logic_6346ee10c065ccc051a489a1ecff7695.bundle,第二簽約者進來,Say,チセイ･ラ,7,上の方に言わない限り、いくらあなたと話しても無駄でしょう……,"윗선에 말하지 않는 이상, 아무리 당신과 얘기해봤자 소용없겠죠……"
scene_day3_scenes_fab_day3_logic_6346ee10c065ccc051a489a1ecff7695.bundle,第二簽約者進來,Say,チセイ･ラ,8,あなたを困らせても意味はないし、それなら手っ取り早く終わらせた方が、お互い楽です。,"당신을 곤란하게 해봤자 의미도 없고, 그럴 바엔 빨리 끝내는 편이, 서로 편할 겁니다."
scene_day3_scenes_fab_day3_logic_6346ee10c065ccc051a489a1ecff7695.bundle,第二簽約者進來,Say,チキョウ･リョウ,9,ご理解いただき、ありがとうございます。しかし……,"이해해주셔서, 감사합니다. 하지만……"
scene_day3_scenes_fab_day3_logic_6346ee10c065ccc051a489a1ecff7695.bundle,第二簽約者進來,Say,チセイ･ラ,9,私は、娘がこんなことはしないと賭けていたのです……,"저는, 딸이 이런 짓은 하지 않을 거라고 믿고 있었습니다……"
scene_day3_scenes_fab_day3_logic_6346ee10c065ccc051a489a1ecff7695.bundle,第二簽約者進來,Say,チセイ･ラ,10,あの鉄の板に縛られる前に、しっかり考えたつもりでした。,"그 쇳덩이에 묶이기 전에, 나름 신중히 생각했다고 자부했습니다."
scene_day3_scenes_fab_day3_logic_6346ee10c065ccc051a489a1ecff7695.bundle,第二簽約者進來,Say,チセイ･ラ,11,でも、私の負けみたいですね……,"하지만, 제가 진 것 같네요……"
scene_day3_scenes_fab_day3_logic_6346ee10c065ccc051a489a1ecff7695.bundle,第二簽約者進來,Say,チセイ･ラ,12,私がギャンブラーだったからこんな結果になったんです。,제가 도박꾼이었으니까 이런 결과가 나온 거겠죠.
scene_day3_scenes_fab_day3_logic_6346ee10c065ccc051a489a1ecff7695.bundle,第二簽約者進來,Say,チセイ･ラ,13,だから大人しく負けを認めます。,그러니 순순히 패배를 인정하겠습니다.
scene_day3_scenes_fab_day3_logic_6346ee10c065ccc051a489a1ecff7695.bundle,第二簽約者進來,Say,チセイ･ラ,14,さあ、どこにサインをすればいいですか？,"자, 어디에 서명하면 되나요?"
scene_day3_scenes_fab_day3_logic_6346ee10c065ccc051a489a1ecff7695.bundle,第二簽約者進來,Say,チセイ･ラ,15,サインしたら……私は……帰ります……,서명하고 나면……저는……돌아가겠습니다……
scene_day3_scenes_fab_day3_logic_6346ee10c065ccc051a489a1ecff7695.bundle,第二簽約者進來,Say,チセイ･ラ,16,……,……
scene_day3_scenes_fab_day3_logic_6346ee10c065ccc051a489a1ecff7695.bundle,第二簽約者進來,Say,心の声,2,泣いてる……,울고 있다……
scene_day3_scenes_fab_day3_logic_6346ee10c065ccc051a489a1ecff7695.bundle,第二簽約者進來,Say,チセイ･ラ,17,……,……
scene_day3_scenes_fab_day3_logic_6346ee10c065ccc051a489a1ecff7695.bundle,第二簽約者進來,Say,チキョウ･リョウ,10,ラさん、私にも子どもがいます。,"라 씨, 저에게도 자식이 있습니다."
scene_day3_scenes_fab_day3_logic_6346ee10c065ccc051a489a1ecff7695.bundle,第二簽約者進來,Say,チキョウ･リョウ,11,実の息子ではないが、あなたの気持ちがよくわかります。,"친아들은 아니지만, 당신 심정을 잘 압니다."
scene_day3_scenes_fab_day3_logic_6346ee10c065ccc051a489a1ecff7695.bundle,第二簽約者進來,Say,チキョウ･リョウ,12,子どもは、私たちが望んだ通りに育ってくれないものですね。,"자식이란, 부모가 바라는 대로 커주지 않는 법이지요."
scene_day3_scenes_fab_day3_logic_6346ee10c065ccc051a489a1ecff7695.bundle,第二簽約者進來,Say,チキョウ･リョウ,13,それでも、彼らが望んだ人生ですから、幸せになってほしいと願います。,"그래도, 그들이 원한 인생이니까, 행복하기를 바랄 뿐입니다."
scene_day3_scenes_fab_day3_logic_6346ee10c065ccc051a489a1ecff7695.bundle,第二簽約者進來,Say,チキョウ･リョウ,14,それ以上は望むべきではありません……,그 이상은 바라서는 안 되겠죠……
scene_day3_scenes_fab_day3_logic_6346ee10c065ccc051a489a1ecff7695.bundle,第二簽約者進來,Say,チセイ･ラ,18,何が言いたいのですか？,무슨 말씀을 하고 싶으신 거죠?
scene_day3_scenes_fab_day3_logic_6346ee10c065ccc051a489a1ecff7695.bundle,第二簽約者進來,Say,チキョウ･リョウ,15,我々、親には自分の余生を生き抜くことしかできません。,"우리 부모는, 그저 자신의 남은 인생을 살아내는 것밖에 할 수 없습니다."
scene_day3_scenes_fab_day3_logic_6346ee10c065ccc051a489a1ecff7695.bundle,第二簽約者進來,Say,チセイ･ラ,19,慰めるのが下手ですね……,위로하는 게 서투르시네요……
scene_day3_scenes_fab_day3_logic_6346ee10c065ccc051a489a1ecff7695.bundle,第二簽約者進來,Say,チキョウ･リョウ,16,それは私の仕事ではないので。,그건 제 일이 아니니까요.
scene_day3_scenes_fab_day3_logic_6346ee10c065ccc051a489a1ecff7695.bundle,第二簽約者進來,Say,チキョウ･リョウ,17,私の仕事は、クライアントに解決策を提案することです。例えばこの手当です。,"제 일은, 고객분께 해결책을 제안하는 겁니다. 예를 들면 이 수당 같은 거죠."
scene_day3_scenes_fab_day3_logic_6346ee10c065ccc051a489a1ecff7695.bundle,第二簽約者進來,Say,チセイ･ラ,20,手当？,수당요?
scene_day3_scenes_fab_day3_logic_6346ee10c065ccc051a489a1ecff7695.bundle,第二簽約者進來,Say,心の声,3,また手当を出すのか？きりがないぞ。,또 수당을 내주는 건가? 끝이 없군.
scene_day3_scenes_fab_day3_logic_6346ee10c065ccc051a489a1ecff7695.bundle,第二簽約者進來,Branch,#Simple,0,リョウさん。,료 씨.
scene_day3_scenes_fab_day3_logic_6346ee10c065ccc051a489a1ecff7695.bundle,第二簽約者進來,Say,チキョウ･リョウ,18,わかってる。俺に任せろ。,알고 있어. 나한테 맡겨.
scene_day3_scenes_fab_day3_logic_6346ee10c065ccc051a489a1ecff7695.bundle,第二簽約者進來,Branch,#Simple,1,……,……
scene_day3_scenes_fab_day3_logic_6346ee10c065ccc051a489a1ecff7695.bundle,第二簽約者進來,Say,チキョウ･リョウ,19,実を言うと、これは手当ではありません。,"실은, 이건 수당이 아닙니다."
scene_day3_scenes_fab_day3_logic_6346ee10c065ccc051a489a1ecff7695.bundle,第二簽約者進來,Say,チキョウ･リョウ,20,内容をご覧になればわかると思いますが、あなたは身体のデータを提供する代わりに、報酬を得ることができます。,"내용을 보시면 아시겠지만, 신체 데이터를 제공하는 대가로, 보수를 받으실 수 있습니다."
scene_day3_scenes_fab_day3_logic_6346ee10c065ccc051a489a1ecff7695.bundle,第二簽約者進來,Say,チセイ･ラ,21,それは……,그건……
scene_day3_scenes_fab_day3_logic_6346ee10c065ccc051a489a1ecff7695.bundle,第二簽約者進來,Say,チセイ･ラ,22,とても素晴らしいです！万象はこんな大金をはたいて、私が供給されていた数年間の身体データを買ってくれるというのですか？,"정말 대단하네요! 완샹이 이런 큰돈을 들여서, 제가 공급되던 수년간의 신체 데이터를 사준다는 겁니까?"
scene_day3_scenes_fab_day3_logic_6346ee10c065ccc051a489a1ecff7695.bundle,第二簽約者進來,Say,チキョウ･リョウ,21,ああ。,아.
scene_day3_scenes_fab_day3_logic_6346ee10c065ccc051a489a1ecff7695.bundle,第二簽約者進來,Say,チセイ･ラ,23,でもデータはそもそもあなたたちが持っているはずでは？,근데 데이터는 애초에 당신들이 가지고 있는 거 아닌가요?
scene_day3_scenes_fab_day3_logic_6346ee10c065ccc051a489a1ecff7695.bundle,第二簽約者進來,Say,チキョウ･リョウ,22,研究を公にするには、あなたからデータ買う必要があるのです。,"연구를 공개하려면, 당신에게서 데이터를 사들일 필요가 있습니다."
scene_day3_scenes_fab_day3_logic_6346ee10c065ccc051a489a1ecff7695.bundle,第二簽約者進來,Say,チセイ･ラ,24,そうなのですか……,그런 거군요……
scene_day3_scenes_fab_day3_logic_6346ee10c065ccc051a489a1ecff7695.bundle,第二簽約者進來,Say,23,0,リンリン、これ本当？,"린린, 이거 진짜야?"
scene_day3_scenes_fab_day3_logic_6346ee10c065ccc051a489a1ecff7695.bundle,第二簽約者進來,Say,リン･テイ,0,私の知る限り、こんな業務はないはずよ……,"내가 아는 한, 이런 업무는 없을 텐데……"
scene_day3_scenes_fab_day3_logic_6346ee10c065ccc051a489a1ecff7695.bundle,第二簽約者進來,Say,23,1,つまり彼は嘘をついていて、お金をただ渡しているだけってこと？,"즉 저 사람은 거짓말하고 있는 거고, 그냥 돈만 주고 있는 거란 얘기?"
scene_day3_scenes_fab_day3_logic_6346ee10c065ccc051a489a1ecff7695.bundle,第二簽約者進來,Say,心の声,4,……どうしてこんなことを。,……왜 이런 짓을.
scene_day3_scenes_fab_day3_logic_6346ee10c065ccc051a489a1ecff7695.bundle,第二簽約者進來,Say,23,2,そうだ。リンリンがつまらなそうだから、彼女も通信に入れたからね。,"맞다. 린린이 심심해 보여서, 그녀도 통신에 넣었거든."
scene_day3_scenes_fab_day3_logic_6346ee10c065ccc051a489a1ecff7695.bundle,第二簽約者進來,Say,23,3,行動に気をつけるんだよ。ジェイ。,행동 조심해. 제이.
scene_day3_scenes_fab_day3_logic_6346ee10c065ccc051a489a1ecff7695.bundle,第二簽約者進來,Say,心の声,5,……,……
scene_day3_scenes_fab_day3_logic_6346ee10c065ccc051a489a1ecff7695.bundle,第二簽約者進來,Say,チセイ･ラ,25,わ、私にはサインをしない理由が、ありません……,"저, 저한테는 서명하지 않을 이유가, 없네요……"
scene_day3_scenes_fab_day3_logic_6346ee10c065ccc051a489a1ecff7695.bundle,第二簽約者進來,Say,チセイ･ラ,26,できました。ほ、本当にいいのですか……？,"다 됐습니다. 저, 정말 괜찮은 건가요……?"
scene_day3_scenes_fab_day3_logic_6346ee10c065ccc051a489a1ecff7695.bundle,第二簽約者進來,Say,チキョウ･リョウ,23,もちろんです。一週間後にお金が振り込まれるはずです。,물론입니다. 일주일 후에 입금될 겁니다.
scene_day3_scenes_fab_day3_logic_6346ee10c065ccc051a489a1ecff7695.bundle,第二簽約者進來,Say,チセイ･ラ,27,この金があれば、私は……,"이 돈이 있으면, 저는……"
scene_day3_scenes_fab_day3_logic_6346ee10c065ccc051a489a1ecff7695.bundle,第二簽約者進來,Say,チキョウ･リョウ,24,それと、ラさん。,"그리고, 라 씨."
scene_day3_scenes_fab_day3_logic_6346ee10c065ccc051a489a1ecff7695.bundle,第二簽約者進來,Say,チキョウ･リョウ,25,私たちが持っている娘さんの連絡先も一緒にお渡しします。,저희가 가지고 있는 따님 연락처도 함께 드리겠습니다.
scene_day3_scenes_fab_day3_logic_6346ee10c065ccc051a489a1ecff7695.bundle,第二簽約者進來,Say,チキョウ･リョウ,26,私たちからでは連絡が取れませんが、あなたなら連絡できるかもしれません。,"저희 쪽에서는 연락이 안 되지만, 당신이라면 연락이 될지도 모르니까요."
scene_day3_scenes_fab_day3_logic_6346ee10c065ccc051a489a1ecff7695.bundle,第二簽約者進來,Say,チセイ･ラ,28,あ、ありがとうございます！こんなにしてもらって……,"아, 감사합니다! 이렇게까지 해주시고……"
scene_day3_scenes_fab_day3_logic_6346ee10c065ccc051a489a1ecff7695.bundle,第二簽約者進來,Say,チキョウ･リョウ,27,他に問題がなければ、これで終了にしましょう。,"다른 문제 없으시면, 이걸로 마무리하죠."
scene_day3_scenes_fab_day3_logic_6346ee10c065ccc051a489a1ecff7695.bundle,第二簽約者進來,Say,チキョウ･リョウ,28,すみませんが、他にまだ仕事がありますので。,"죄송하지만, 다른 업무가 남아있어서요."
scene_day3_scenes_fab_day3_logic_6346ee10c065ccc051a489a1ecff7695.bundle,第二簽約者進來,Say,チセイ･ラ,29,あ、そうなのですか？それなら、お邪魔はできませんね。すぐ帰ります。,"아, 그런가요? 그럼, 더 폐 끼칠 수 없죠. 바로 가보겠습니다."
scene_day3_scenes_fab_day3_logic_6346ee10c065ccc051a489a1ecff7695.bundle,第二簽約者進來,Say,チキョウ･リョウ,29,はい。お気を付けて。,네. 조심히 가세요.
scene_day3_scenes_fab_day3_logic_6346ee10c065ccc051a489a1ecff7695.bundle,第二簽約者進來,Say,チセイ･ラ,30,はい。本当にありがとうございました。,네. 정말 감사했습니다.
scene_day3_scenes_fab_day3_logic_6346ee10c065ccc051a489a1ecff7695.bundle,第二簽約者進來,Branch,#Simple,2,お疲れ様でした。,수고하셨습니다.
scene_day3_scenes_fab_day3_logic_6346ee10c065ccc051a489a1ecff7695.bundle,第二簽約者進來,Branch,#Simple,3,……,……
scene_day3_scenes_fab_day3_logic_6346ee10c065ccc051a489a1ecff7695.bundle,廖哥離開前對話,Say,チキョウ･リョウ,0,手当の件は俺が責任を取る。あんたが心配する必要はない。,수당 건은 내가 책임진다. 네가 걱정할 필요 없어.
scene_day3_scenes_fab_day3_logic_6346ee10c065ccc051a489a1ecff7695.bundle,廖哥離開前對話,Say,チキョウ･リョウ,1,……,……
scene_day3_scenes_fab_day3_logic_6346ee10c065ccc051a489a1ecff7695.bundle,廖哥離開前對話,Say,チキョウ･リョウ,2,それとチーフに聞かれない限り、何も言うな。わかったか。,"그리고 팀장한테 질문받지 않는 한, 아무 말도 하지 마라. 알겠나."
scene_day3_scenes_fab_day3_logic_6346ee10c065ccc051a489a1ecff7695.bundle,廖哥離開前對話,Branch,#Simple,0,どう責任を取るつもりですか？,어떻게 책임지실 생각인데요?
scene_day3_scenes_fab_day3_logic_6346ee10c065ccc051a489a1ecff7695.bundle,廖哥離開前對話,Say,チキョウ･リョウ,3,それは俺の勝手だ。,그건 내 마음이다.
scene_day3_scenes_fab_day3_logic_6346ee10c065ccc051a489a1ecff7695.bundle,廖哥離開前對話,Branch,#Simple,1,もしチーフに聞かれたら？,만약 팀장님한테 질문받으면요?
scene_day3_scenes_fab_day3_logic_6346ee10c065ccc051a489a1ecff7695.bundle,廖哥離開前對話,Say,チキョウ･リョウ,4,その場合は自分で判断しろ。,그럴 땐 알아서 판단해.
scene_day3_scenes_fab_day3_logic_6346ee10c065ccc051a489a1ecff7695.bundle,廖哥離開前對話,Branch,#Simple,2,わかった。,알았어.
scene_day3_scenes_fab_day3_logic_6346ee10c065ccc051a489a1ecff7695.bundle,廖哥離開前對話,Say,チキョウ･リョウ,5,はぁ……,하아……
scene_day3_scenes_fab_day3_logic_6346ee10c065ccc051a489a1ecff7695.bundle,廖哥離開前對話,Branch,#Simple,3,リョウさんは今日、二つの家族を助けましたね。,"료 씨는 오늘, 두 가족을 도우셨네요."
scene_day3_scenes_fab_day3_logic_6346ee10c065ccc051a489a1ecff7695.bundle,廖哥離開前對話,Say,チキョウ･リョウ,6,いや、助けたのは俺じゃない。,"아니, 도운 건 내가 아니다."
scene_day3_scenes_fab_day3_logic_6346ee10c065ccc051a489a1ecff7695.bundle,廖哥離開前對話,Say,チキョウ･リョウ,7,彼らに金を出したのは、万象だ。,"그들한테 돈을 낸 건, 완샹이다."
scene_day3_scenes_fab_day3_logic_6346ee10c065ccc051a489a1ecff7695.bundle,廖哥離開前對話,Branch,#Simple,4,さっき、誰に電話をしたんですか？,"아까, 누구한테 전화하셨어요?"
scene_day3_scenes_fab_day3_logic_6346ee10c065ccc051a489a1ecff7695.bundle,廖哥離開前對話,Say,チキョウ･リョウ,8,どうしてそれを？,그걸 어떻게?
scene_day3_scenes_fab_day3_logic_6346ee10c065ccc051a489a1ecff7695.bundle,廖哥離開前對話,Branch,#Simple,5,さっきジーンに聞かれたので。,아까 진한테 질문받아서요.
scene_day3_scenes_fab_day3_logic_6346ee10c065ccc051a489a1ecff7695.bundle,廖哥離開前對話,Say,チキョウ･リョウ,9,なに！？それはいつだ！？,뭐!? 그게 언제야!?
scene_day3_scenes_fab_day3_logic_6346ee10c065ccc051a489a1ecff7695.bundle,廖哥離開前對話,Say,心の声,0,急にどうしたんだ……,갑자기 왜 이러는 거지……
scene_day3_scenes_fab_day3_logic_6346ee10c065ccc051a489a1ecff7695.bundle,廖哥離開前對話,Branch,#Simple,6,リョウさんがトイレに行った時です。,료 씨가 화장실 가셨을 때예요.
scene_day3_scenes_fab_day3_logic_6346ee10c065ccc051a489a1ecff7695.bundle,廖哥離開前對話,Say,チキョウ･リョウ,10,そ、そうか……,"그, 그렇구나……"
scene_day3_scenes_fab_day3_logic_6346ee10c065ccc051a489a1ecff7695.bundle,廖哥離開前對話,Branch,#Simple,7,いつとか重要ですか？,언제인지가 중요한가요?
scene_day3_scenes_fab_day3_logic_6346ee10c065ccc051a489a1ecff7695.bundle,廖哥離開前對話,Say,チキョウ･リョウ,11,もちろんだ。もしも……,당연하지. 만약……
scene_day3_scenes_fab_day3_logic_6346ee10c065ccc051a489a1ecff7695.bundle,廖哥離開前對話,Say,チキョウ･リョウ,12,……,……
scene_day3_scenes_fab_day3_logic_6346ee10c065ccc051a489a1ecff7695.bundle,廖哥離開前對話,Say,チキョウ･リョウ,13,いや、俺の考えすぎだな。,"아니, 내가 너무 예민했네."
scene_day3_scenes_fab_day3_logic_6346ee10c065ccc051a489a1ecff7695.bundle,廖哥離開前對話,Say,チキョウ･リョウ,14,とにかく、あの電話はプライベートな電話だから、それ以上は聞くな。,"아무튼, 그 전화는 사적인 통화니까, 더 이상 묻지 마."
scene_day3_scenes_fab_day3_logic_6346ee10c065ccc051a489a1ecff7695.bundle,廖哥離開前對話,Branch,#Simple,8,好奇心です。,호기심이에요.
scene_day3_scenes_fab_day3_logic_6346ee10c065ccc051a489a1ecff7695.bundle,廖哥離開前對話,Say,チキョウ･リョウ,15,その歳で子どもみたいなことを言うのはやめろ。,그 나이에 애 같은 소리 좀 하지 마.
scene_day3_scenes_fab_day3_logic_6346ee10c065ccc051a489a1ecff7695.bundle,廖哥離開前對話,Say,心の声,1,おっさんが……,아저씨가……
scene_day3_scenes_fab_day3_logic_6346ee10c065ccc051a489a1ecff7695.bundle,廖哥離開前對話,Say,チキョウ･リョウ,16,とにかく、あの電話はプライベートな電話だから、それ以上は聞くな。,"아무튼, 그 전화는 사적인 통화니까, 더 이상 묻지 마."
scene_day3_scenes_fab_day3_logic_6346ee10c065ccc051a489a1ecff7695.bundle,廖哥離開前對話,Say,チキョウ･リョウ,17,さあ、これで終わりだ。,"자, 이걸로 끝이다."
scene_day3_scenes_fab_day3_logic_6346ee10c065ccc051a489a1ecff7695.bundle,廖哥離開前對話,Say,チキョウ･リョウ,18,俺は他の仕事があるから、先に行く。,"나는 다른 일이 있으니까, 먼저 간다."
scene_day3_scenes_fab_day3_logic_6346ee10c065ccc051a489a1ecff7695.bundle,廖哥離開前對話,Branch,#Simple,9,わかった。,알았어.
scene_day3_scenes_fab_day3_logic_6346ee10c065ccc051a489a1ecff7695.bundle,廖哥離開前對話,Branch,#Simple,10,これでいいのか？,이걸로 되는 거야?
scene_day3_scenes_fab_day3_logic_6346ee10c065ccc051a489a1ecff7695.bundle,廖哥離開前對話,Say,チキョウ･リョウ,19,終わりだ。,끝이다.
scene_day3_scenes_fab_day3_logic_6346ee10c065ccc051a489a1ecff7695.bundle,廖哥離開前對話,Branch,#Simple,11,……,……
scene_day3_scenes_fab_day3_logic_6346ee10c065ccc051a489a1ecff7695.bundle,慈恩突襲後23評論,Say,23,0,あの女、一体何なの？,"저 여자, 대체 뭐야?"
scene_day3_scenes_fab_day3_logic_6346ee10c065ccc051a489a1ecff7695.bundle,慈恩突襲後23評論,Branch,#Simple,0,ハックユニットのデータを分析してたんじゃなかったのか？,해킹 유닛 데이터 분석하고 있던 거 아니었나?
scene_day3_scenes_fab_day3_logic_6346ee10c065ccc051a489a1ecff7695.bundle,慈恩突襲後23評論,Say,23,1,そんなのパソコンに任せてるよ。うちは原始人じゃないから、道具が使えるの。,"그런 건 컴퓨터한테 맡겨뒀어. 나는 원시인이 아니니까, 도구를 쓸 줄 안다고."
scene_day3_scenes_fab_day3_logic_6346ee10c065ccc051a489a1ecff7695.bundle,慈恩突襲後23評論,Branch,#Simple,1,俺も同じことを考えていた。,나도 똑같은 생각을 하고 있었다.
scene_day3_scenes_fab_day3_logic_6346ee10c065ccc051a489a1ecff7695.bundle,慈恩突襲後23評論,Branch,#Simple,2,……,……
scene_day3_scenes_fab_day3_logic_6346ee10c065ccc051a489a1ecff7695.bundle,慈恩突襲後23評論,Say,23,2,ジェイ、気をつけて。,"제이, 조심해."
scene_day3_scenes_fab_day3_logic_6346ee10c065ccc051a489a1ecff7695.bundle,慈恩突襲後23評論,Say,23,3,もう会社の権力争いに巻き込まれないでよ。,이제 회사 권력다툼에 휘말리지 마.
scene_day3_scenes_fab_day3_logic_6346ee10c065ccc051a489a1ecff7695.bundle,慈恩突襲後23評論,Branch,#Simple,3,権力争い？誰と誰が？,권력다툼? 누구랑 누가?
scene_day3_scenes_fab_day3_logic_6346ee10c065ccc051a489a1ecff7695.bundle,慈恩突襲後23評論,Say,23,4,そんなの知らないわよ。,그런 거 몰라.
scene_day3_scenes_fab_day3_logic_6346ee10c065ccc051a489a1ecff7695.bundle,慈恩突襲後23評論,Say,23,5,でもこういう場合は、さっさと立場を決めるべきよ……,"근데 이럴 땐, 얼른 입장을 정하는 게 좋아……"
scene_day3_scenes_fab_day3_logic_6346ee10c065ccc051a489a1ecff7695.bundle,慈恩突襲後23評論,Say,23,6,そうじゃないと、巻き込まれて犠牲者になるだけよ。,"안 그러면, 휘말려서 희생양이 될 뿐이야."
scene_day3_scenes_fab_day3_logic_6346ee10c065ccc051a489a1ecff7695.bundle,慈恩突襲後23評論,Branch,#Simple,4,俺はどうすればいいんだ？,나는 어떻게 하면 되지?
scene_day3_scenes_fab_day3_logic_6346ee10c065ccc051a489a1ecff7695.bundle,慈恩突襲後23評論,Say,23,7,一刻も早く、ここで何が起きているのかを調べるべきだね。,"한시라도 빨리, 여기서 무슨 일이 일어나고 있는지 조사해야겠지."
scene_day3_scenes_fab_day3_logic_6346ee10c065ccc051a489a1ecff7695.bundle,慈恩突襲後23評論,Say,23,8,メイ･ジョみたいに。,메이 조처럼.
scene_day3_scenes_fab_day3_logic_6346ee10c065ccc051a489a1ecff7695.bundle,慈恩突襲後23評論,Say,心の声,0,メイ･ジョか……,메이 조라……
scene_day3_scenes_fab_day3_logic_6346ee10c065ccc051a489a1ecff7695.bundle,慈恩突襲後23評論,Branch,#Simple,5,そんなのはどうでもいい。どうせ調査が終われば、俺がここへ戻ることはない。,"그런 건 아무래도 상관없다. 어차피 조사가 끝나면, 내가 여기로 돌아올 일은 없어."
scene_day3_scenes_fab_day3_logic_6346ee10c065ccc051a489a1ecff7695.bundle,慈恩突襲後23評論,Say,23,9,決めつけないほうがいいよ。この先、何が起こるのかなんて誰もわからないからね。,"단정 짓지 않는 게 좋아. 앞으로, 무슨 일이 일어날지는 아무도 모르니까."
scene_day3_scenes_fab_day3_logic_6346ee10c065ccc051a489a1ecff7695.bundle,慈恩突襲後23評論,Branch,#Simple,6,そんなのはどうでもいい。どうせ調査が終われば、俺がここへ戻ることはない。,"그런 건 아무래도 상관없다. 어차피 조사가 끝나면, 내가 여기로 돌아올 일은 없어."
scene_day3_scenes_fab_day3_logic_6346ee10c065ccc051a489a1ecff7695.bundle,慈恩突襲後23評論,Say,23,10,決めつけないほうがいいよ。この先、何が起こるのかなんて誰もわからないからね。,"단정 짓지 않는 게 좋아. 앞으로, 무슨 일이 일어날지는 아무도 모르니까."
scene_day3_scenes_fab_day3_logic_6346ee10c065ccc051a489a1ecff7695.bundle,慈恩突襲後23評論,Branch,#Simple,7,……,……
scene_day3_scenes_fab_day3_logic_6346ee10c065ccc051a489a1ecff7695.bundle,慈恩突襲後23評論,Say,23,11,あ、戻って来た。うちは黙るね。,"아, 돌아왔다. 나는 조용히 할게."
scene_day3_scenes_fab_day3_logic_6346ee10c065ccc051a489a1ecff7695.bundle,答應幫孫茹卻忘記,Say,ジソ･ソン,0,え！？,어!?
scene_day3_scenes_fab_day3_logic_6346ee10c065ccc051a489a1ecff7695.bundle,答應幫孫茹卻忘記,Say,心の声,0,……！？,……!?
scene_day3_scenes_fab_day3_logic_6346ee10c065ccc051a489a1ecff7695.bundle,答應幫孫茹卻忘記,Say,心の声,1,びっくりした……,깜짝 놀랐다……
scene_day3_scenes_fab_day3_logic_6346ee10c065ccc051a489a1ecff7695.bundle,答應幫孫茹卻忘記,Say,ジソ･ソン,1,どうして戻って来たんや！？,왜 돌아온 거야!?
scene_day3_scenes_fab_day3_logic_6346ee10c065ccc051a489a1ecff7695.bundle,答應幫孫茹卻忘記,Say,ジソ･ソン,2,ランプがまだ光っとるで！,램프 아직도 켜져 있잖아!
scene_day3_scenes_fab_day3_logic_6346ee10c065ccc051a489a1ecff7695.bundle,答應幫孫茹卻忘記,Say,心の声,2,しまった。忘れてた……,아차. 잊고 있었다……
scene_day3_scenes_fab_day3_logic_6346ee10c065ccc051a489a1ecff7695.bundle,答應幫孫茹卻忘記,Say,ジソ･ソン,3,修理してへんのか？,수리 안 한 거야?
scene_day3_scenes_fab_day3_logic_6346ee10c065ccc051a489a1ecff7695.bundle,答應幫孫茹卻忘記,Branch,#Simple,0,すまない、忘れてた。,"미안, 잊고 있었다."
scene_day3_scenes_fab_day3_logic_6346ee10c065ccc051a489a1ecff7695.bundle,答應幫孫茹卻忘記,Say,ジソ･ソン,4,忘れた！？,잊었다고!?
scene_day3_scenes_fab_day3_logic_6346ee10c065ccc051a489a1ecff7695.bundle,答應幫孫茹卻忘記,Say,ジソ･ソン,5,忘れたってどういうことや！？,잊었다는 게 무슨 소리야!?
scene_day3_scenes_fab_day3_logic_6346ee10c065ccc051a489a1ecff7695.bundle,答應幫孫茹卻忘記,Say,ジソ･ソン,6,アンタが下に行ったのは修理をするためやろう？,니가 아래로 간 건 수리하러 간 거잖아?
scene_day3_scenes_fab_day3_logic_6346ee10c065ccc051a489a1ecff7695.bundle,答應幫孫茹卻忘記,Say,ジソ･ソン,7,そうやないなら、何をしに行ったんや？,"그게 아니면, 뭐 하러 간 건데?"
scene_day3_scenes_fab_day3_logic_6346ee10c065ccc051a489a1ecff7695.bundle,答應幫孫茹卻忘記,Say,心の声,3,しまった……,아차……
scene_day3_scenes_fab_day3_logic_6346ee10c065ccc051a489a1ecff7695.bundle,答應幫孫茹卻忘記,Branch,#Simple,1,とにかく忘れてたんだ。,아무튼 잊고 있었다.
scene_day3_scenes_fab_day3_logic_6346ee10c065ccc051a489a1ecff7695.bundle,答應幫孫茹卻忘記,Say,ジソ･ソン,8,……,……
scene_day3_scenes_fab_day3_logic_6346ee10c065ccc051a489a1ecff7695.bundle,答應幫孫茹卻忘記,Branch,#Simple,2,他の人に用事を頼まれたんだ。,다른 사람한테 부탁을 받았다.
scene_day3_scenes_fab_day3_logic_6346ee10c065ccc051a489a1ecff7695.bundle,答應幫孫茹卻忘記,Say,ジソ･ソン,9,え？誰や？,어? 누구?
scene_day3_scenes_fab_day3_logic_6346ee10c065ccc051a489a1ecff7695.bundle,答應幫孫茹卻忘記,Say,心の声,4,そんなことまで聞くなよ……,그런 것까지 묻지 마……
scene_day3_scenes_fab_day3_logic_6346ee10c065ccc051a489a1ecff7695.bundle,答應幫孫茹卻忘記,Say,ジソ･ソン,10,ああ、もうええ。どうせ関係のないことやし。,"아, 됐어. 어차피 상관없는 일이고."
scene_day3_scenes_fab_day3_logic_6346ee10c065ccc051a489a1ecff7695.bundle,答應幫孫茹卻忘記,Branch,#Simple,3,下へは降りたが、忘れてしまったんだ。,"아래로는 내려갔지만, 잊어버렸다."
scene_day3_scenes_fab_day3_logic_6346ee10c065ccc051a489a1ecff7695.bundle,答應幫孫茹卻忘記,Say,ジソ･ソン,11,……,……
scene_day3_scenes_fab_day3_logic_6346ee10c065ccc051a489a1ecff7695.bundle,答應幫孫茹卻忘記,Say,ジソ･ソン,12,ああ、アホやから操作組に入れへんかったんか！,"아, 멍청하니까 조작조에 못 들어간 거구나!"
scene_day3_scenes_fab_day3_logic_6346ee10c065ccc051a489a1ecff7695.bundle,答應幫孫茹卻忘記,Branch,#Simple,4,それとは無関係だ。,그거랑은 상관없다.
scene_day3_scenes_fab_day3_logic_6346ee10c065ccc051a489a1ecff7695.bundle,答應幫孫茹卻忘記,Say,ジソ･ソン,13,フンッ！,흥!
scene_day3_scenes_fab_day3_logic_6346ee10c065ccc051a489a1ecff7695.bundle,答應幫孫茹卻忘記,Branch,#Simple,5,アハハ……,아하하……
scene_day3_scenes_fab_day3_logic_6346ee10c065ccc051a489a1ecff7695.bundle,答應幫孫茹卻忘記,Branch,#Simple,6,……,……
scene_day3_scenes_fab_day3_logic_6346ee10c065ccc051a489a1ecff7695.bundle,答應幫孫茹卻忘記,Say,ジソ･ソン,14,わかったわかった。,알았어 알았어.
scene_day3_scenes_fab_day3_logic_6346ee10c065ccc051a489a1ecff7695.bundle,答應幫孫茹卻忘記,Branch,#Simple,7,修理はしてみたが、ダメだったようだ。,"수리는 해봤지만, 안 된 것 같다."
scene_day3_scenes_fab_day3_logic_6346ee10c065ccc051a489a1ecff7695.bundle,答應幫孫茹卻忘記,Say,ジソ･ソン,15,ホンマかいな……,진짜냐……
scene_day3_scenes_fab_day3_logic_6346ee10c065ccc051a489a1ecff7695.bundle,答應幫孫茹卻忘記,Say,ジソ･ソン,16,ちょ、騙してへんよな……？,"야, 속이는 거 아니지……?"
scene_day3_scenes_fab_day3_logic_6346ee10c065ccc051a489a1ecff7695.bundle,答應幫孫茹卻忘記,Branch,#Simple,8,それは違う！,그건 아니다!
scene_day3_scenes_fab_day3_logic_6346ee10c065ccc051a489a1ecff7695.bundle,答應幫孫茹卻忘記,Say,ジソ･ソン,17,……,……
scene_day3_scenes_fab_day3_logic_6346ee10c065ccc051a489a1ecff7695.bundle,答應幫孫茹卻忘記,Say,ジソ･ソン,18,はぁ、わかった。多分セラーの故障のせいやろう。,"하, 알았어. 아마 저장고 고장 때문이겠지."
scene_day3_scenes_fab_day3_logic_6346ee10c065ccc051a489a1ecff7695.bundle,答應幫孫茹卻忘記,Say,ジソ･ソン,19,すまんな、大きな声出して。,"미안하네, 큰소리쳐서."
scene_day3_scenes_fab_day3_logic_6346ee10c065ccc051a489a1ecff7695.bundle,答應幫孫茹卻忘記,Say,心の声,5,謝られると、申し訳ない気持ちになる。,"사과를 받으니, 미안한 마음이 든다."
scene_day3_scenes_fab_day3_logic_6346ee10c065ccc051a489a1ecff7695.bundle,答應幫孫茹卻忘記,Branch,#Simple,9,いや違う。実は忘れたんだ。,아니 그게 아니다. 실은 잊어버렸다.
scene_day3_scenes_fab_day3_logic_6346ee10c065ccc051a489a1ecff7695.bundle,答應幫孫茹卻忘記,Say,ジソ･ソン,20,他の人に頼むわ。,다른 사람한테 부탁할게.
scene_day3_scenes_fab_day3_logic_6346ee10c065ccc051a489a1ecff7695.bundle,答應幫孫茹卻忘記,Say,ジソ･ソン,21,もう気にせんといて。ほなな。,이제 신경 쓰지 마. 그럼 간다.
scene_day3_scenes_fab_day3_logic_6346ee10c065ccc051a489a1ecff7695.bundle,答應幫孫茹卻忘記,Branch,#Simple,10,お疲れ様でした。,수고하셨습니다.
scene_day3_scenes_fab_day3_logic_6346ee10c065ccc051a489a1ecff7695.bundle,答應幫孫茹卻忘記,Branch,#Simple,11,……,……
scene_day3_scenes_fab_day3_logic_6346ee10c065ccc051a489a1ecff7695.bundle,等地窖電梯遇到孫茹采欣2,Say,シンカ･シェ,0,じ、地震！？,"지, 지진!?"
scene_day3_scenes_fab_day3_logic_6346ee10c065ccc051a489a1ecff7695.bundle,等地窖電梯遇到孫茹采欣2,Say,ジソ･ソン,0,いや、セラーの方からや。,"아니, 저장고 쪽에서 난 거야."
scene_day3_scenes_fab_day3_logic_6346ee10c065ccc051a489a1ecff7695.bundle,等地窖電梯遇到孫茹采欣2,Say,シンカ･シェ,1,でも……,하지만……
scene_day3_scenes_fab_day3_logic_6346ee10c065ccc051a489a1ecff7695.bundle,等地窖電梯遇到孫茹采欣2,Say,ジソ･ソン,1,あっちで電力供給システムの修理をしとるから、今のは設備の再起動テストやろう。,"저쪽에서 전력 공급 시스템 수리하고 있으니까, 방금 그건 설비 재기동 테스트일 거야."
scene_day3_scenes_fab_day3_logic_6346ee10c065ccc051a489a1ecff7695.bundle,等地窖電梯遇到孫茹采欣2,Say,ジソ･ソン,2,多少は揺れるやろうけど、心配せんでええよ。,"좀 흔들리긴 하겠지만, 걱정 안 해도 돼."
scene_day3_scenes_fab_day3_logic_6346ee10c065ccc051a489a1ecff7695.bundle,等地窖電梯遇到孫茹采欣2,Branch,#Simple,0,待ってくれ、エレベーターに乗って大丈夫なのか？,"잠깐만, 엘리베이터 타도 괜찮은 건가?"
scene_day3_scenes_fab_day3_logic_6346ee10c065ccc051a489a1ecff7695.bundle,等地窖電梯遇到孫茹采欣2,Say,シンカ･シェ,2,……！,……!
scene_day3_scenes_fab_day3_logic_6346ee10c065ccc051a489a1ecff7695.bundle,等地窖電梯遇到孫茹采欣2,Say,ジソ･ソン,3,大丈夫、大丈夫！保証する。,"괜찮아, 괜찮아! 보장할게."
scene_day3_scenes_fab_day3_logic_6346ee10c065ccc051a489a1ecff7695.bundle,等地窖電梯遇到孫茹采欣2,Branch,#Simple,1,再起動すると地震が起きるのか？,재기동하면 지진이 나는 건가?
scene_day3_scenes_fab_day3_logic_6346ee10c065ccc051a489a1ecff7695.bundle,等地窖電梯遇到孫茹采欣2,Say,ジソ･ソン,4,ハハ！こんなんが地震やって？ちょっとした揺れやで。,하하! 이 정도가 지진이라고? 살짝 흔들린 거야.
scene_day3_scenes_fab_day3_logic_6346ee10c065ccc051a489a1ecff7695.bundle,等地窖電梯遇到孫茹采欣2,Branch,#Simple,2,……,……
scene_day3_scenes_fab_day3_logic_6346ee10c065ccc051a489a1ecff7695.bundle,等地窖電梯遇到孫茹采欣2,Say,ジソ･ソン,5,まあ、再起動をしたってことは、多分もうじきセラーが回復するってことやろ。,"뭐, 재기동했다는 건, 아마 곧 저장고가 복구된다는 뜻이겠지."
scene_day3_scenes_fab_day3_logic_6346ee10c065ccc051a489a1ecff7695.bundle,等地窖電梯遇到孫茹采欣2,Say,ジソ･ソン,6,事故の原因が見つかったらええけど……,사고 원인이 밝혀졌으면 좋겠는데……
scene_day3_scenes_fab_day3_logic_6346ee10c065ccc051a489a1ecff7695.bundle,等地窖電梯遇到孫茹采欣2,Branch,#Simple,3,原因が見つからなくても、再起動をするのか？,"원인이 안 밝혀져도, 재기동을 하는 건가?"
scene_day3_scenes_fab_day3_logic_6346ee10c065ccc051a489a1ecff7695.bundle,等地窖電梯遇到孫茹采欣2,Say,ジソ･ソン,7,普通はしぃひんよ。せやけど、上もセラーを長時間止めておくわけには、いかないんちゃうん？,"보통은 안 하지. 근데, 위에서도 저장고를 오래 세워둘 수는 없잖아?"
scene_day3_scenes_fab_day3_logic_6346ee10c065ccc051a489a1ecff7695.bundle,等地窖電梯遇到孫茹采欣2,Say,ジソ･ソン,8,せやさかい、時間内に見つからへんかったら、稼働させるしかあらへんっちゅうこっちゃ。,"그니까, 시간 내에 못 찾으면, 그냥 가동시킬 수밖에 없단 얘기지."
scene_day3_scenes_fab_day3_logic_6346ee10c065ccc051a489a1ecff7695.bundle,等地窖電梯遇到孫茹采欣2,Branch,#Simple,4,つまり、まだ原因がわからないってことか？,"즉, 아직 원인을 모른다는 건가?"
scene_day3_scenes_fab_day3_logic_6346ee10c065ccc051a489a1ecff7695.bundle,等地窖電梯遇到孫茹采欣2,Say,ジソ･ソン,9,せや、ちょっと変やんな……,"맞아, 좀 이상하긴 하지……"
scene_day3_scenes_fab_day3_logic_6346ee10c065ccc051a489a1ecff7695.bundle,等地窖電梯遇到孫茹采欣2,Branch,#Simple,5,……,……
scene_day3_scenes_fab_day3_logic_6346ee10c065ccc051a489a1ecff7695.bundle,等地窖電梯遇到孫茹采欣2,Say,ジソ･ソン,10,シンカ、大丈夫やから心配しな！,"신카, 괜찮으니까 걱정하지 마!"
scene_day3_scenes_fab_day3_logic_6346ee10c065ccc051a489a1ecff7695.bundle,等地窖電梯遇到孫茹采欣2,Say,ジソ･ソン,11,ハハハ、びびりすぎやって。,"하하하, 너무 겁먹었잖아."
scene_day3_scenes_fab_day3_logic_6346ee10c065ccc051a489a1ecff7695.bundle,等地窖電梯遇到孫茹采欣2,Say,シンカ･シェ,3,じ、地震が苦手なんです……,"지, 지진을 잘 못 견뎌서요……"
scene_day3_scenes_fab_day3_logic_6346ee10c065ccc051a489a1ecff7695.bundle,等地窖電梯遇到孫茹采欣2,Say,シンカ･シェ,4,それなのに、エレベーターに乗るなんて……,"그런데도, 엘리베이터를 타다니……"
scene_day3_scenes_fab_day3_logic_6346ee10c065ccc051a489a1ecff7695.bundle,等地窖電梯遇到孫茹采欣2,Say,ジソ･ソン,12,大丈夫だ、落ち着いて。,"괜찮아, 진정해."
scene_day3_scenes_fab_day3_logic_6346ee10c065ccc051a489a1ecff7695.bundle,等地窖電梯遇到孫茹采欣2,Say,ジソ･ソン,13,ジェイが一緒におるやろ ？,제이가 같이 있잖아?
scene_day3_scenes_fab_day3_logic_6346ee10c065ccc051a489a1ecff7695.bundle,等地窖電梯遇到孫茹采欣2,Say,心の声,0,心配そうにこっちを見ている……,걱정스러운 눈으로 이쪽을 보고 있다……
scene_day3_scenes_fab_day3_logic_6346ee10c065ccc051a489a1ecff7695.bundle,等地窖電梯遇到孫茹采欣2,Branch,#Simple,6,大丈夫ですよ、ジソも安全だって言っています。,"괜찮아요, 지소도 안전하다고 하고 있잖아요."
scene_day3_scenes_fab_day3_logic_6346ee10c065ccc051a489a1ecff7695.bundle,等地窖電梯遇到孫茹采欣2,Say,シンカ･シェ,5,そ、そうですよね。,"그, 그렇죠."
scene_day3_scenes_fab_day3_logic_6346ee10c065ccc051a489a1ecff7695.bundle,等地窖電梯遇到孫茹采欣2,Branch,#Simple,7,まあ、何か起きとしても、私には何もできませんが。,"뭐, 무슨 일이 생기더라도, 저는 아무것도 할 수 없지만요."
scene_day3_scenes_fab_day3_logic_6346ee10c065ccc051a489a1ecff7695.bundle,等地窖電梯遇到孫茹采欣2,Say,シンカ･シェ,6,……！？,……!?
scene_day3_scenes_fab_day3_logic_6346ee10c065ccc051a489a1ecff7695.bundle,等地窖電梯遇到孫茹采欣2,Say,ジソ･ソン,14,ちょっ！余計に怖がらせてどないすんねん！,"야, 잠깐! 더 겁주면 어떡하냐!"
scene_day3_scenes_fab_day3_logic_6346ee10c065ccc051a489a1ecff7695.bundle,等地窖電梯遇到孫茹采欣2,Branch,#Simple,8,……,……
scene_day3_scenes_fab_day3_logic_6346ee10c065ccc051a489a1ecff7695.bundle,等地窖電梯遇到孫茹采欣2,Say,サン･チャン,0,ジソ、運んでほしいものがある。,"지소, 옮겨줬으면 하는 게 있어."
scene_day3_scenes_fab_day3_logic_6346ee10c065ccc051a489a1ecff7695.bundle,等地窖電梯遇到孫茹采欣2,Say,ジソ･ソン,15,はぁ？自分でやれや！,하아? 니가 해!
scene_day3_scenes_fab_day3_logic_6346ee10c065ccc051a489a1ecff7695.bundle,等地窖電梯遇到孫茹采欣2,Say,シー･リー,0,俺らじゃ持ち上げられなくて。,우리끼리는 못 들어서.
scene_day3_scenes_fab_day3_logic_6346ee10c065ccc051a489a1ecff7695.bundle,等地窖電梯遇到孫茹采欣2,Say,ジソ･ソン,16,はぁ……,하아……
scene_day3_scenes_fab_day3_logic_6346ee10c065ccc051a489a1ecff7695.bundle,等地窖電梯遇到孫茹采欣2,Say,ジソ･ソン,17,わかったで。どこにあるんや？,알았어. 어디 있는데?
scene_day3_scenes_fab_day3_logic_6346ee10c065ccc051a489a1ecff7695.bundle,等地窖電梯遇到孫茹采欣2,Say,サン･チャン,1,オフィスの中だ。むしろ他にどこにあるっていうんだ？,사무실 안이지. 딴 데 어디 있겠어?
scene_day3_scenes_fab_day3_logic_6346ee10c065ccc051a489a1ecff7695.bundle,等地窖電梯遇到孫茹采欣2,Say,ジソ･ソン,18,助けを求めてるくせに、なんて態度や……,"도와달라면서, 태도가 그게 뭐야……"
scene_day3_scenes_fab_day3_logic_6346ee10c065ccc051a489a1ecff7695.bundle,等地窖電梯遇到孫茹采欣2,Say,ジソ･ソン,19,とりあえず、私は行くで。シンカ、そんな心配しなや。,"아무튼, 나는 갈게. 신카, 너무 걱정하지 마."
scene_day3_scenes_fab_day3_logic_6346ee10c065ccc051a489a1ecff7695.bundle,等地窖電梯遇到孫茹采欣2,Say,シンカ･シェ,7,そうだな……,그러게……
scene_day3_scenes_fab_day3_logic_6346ee10c065ccc051a489a1ecff7695.bundle,等地窖電梯遇到孫茹采欣2,Say,心の声,1,すごく心配しているように見える。,굉장히 걱정하고 있는 것처럼 보인다.
scene_day3_scenes_fab_day3_logic_6346ee10c065ccc051a489a1ecff7695.bundle,傭兵遭遇戰3,Say,心の声,0,クソッ……！,젠장……!
scene_day3_scenes_fab_day3_logic_6346ee10c065ccc051a489a1ecff7695.bundle,傭兵遭遇戰3,Say,セイ･ラ,0,降参か、それともまだ反抗するか。,"항복인가, 아니면 아직도 반항할 건가."
scene_day3_scenes_fab_day3_logic_6346ee10c065ccc051a489a1ecff7695.bundle,傭兵遭遇戰3,Say,心の声,1,……,……
scene_day3_scenes_fab_day3_logic_6346ee10c065ccc051a489a1ecff7695.bundle,傭兵遭遇戰3,Say,心の声,2,俺に聞いてるのか……？,나한테 묻는 건가……?
scene_day3_scenes_fab_day3_logic_6346ee10c065ccc051a489a1ecff7695.bundle,傭兵遭遇戰3,Say,セイ･ラ,1,降参か、それともまだ反抗するか。,"항복인가, 아니면 아직도 반항할 건가."
scene_day3_scenes_fab_day3_logic_6346ee10c065ccc051a489a1ecff7695.bundle,傭兵遭遇戰3,Say,心の声,3,一人だけなら、倒せるかもしれない。,"혼자라면, 쓰러뜨릴 수 있을지도 모른다."
scene_day3_scenes_fab_day3_logic_6346ee10c065ccc051a489a1ecff7695.bundle,傭兵遭遇戰3,Branch,#Simple,0,あんたたちは何者だ？,너희는 뭐 하는 놈들이지?
scene_day3_scenes_fab_day3_logic_6346ee10c065ccc051a489a1ecff7695.bundle,傭兵遭遇戰3,Branch,#Simple,1,待ってください。私たちはただの職員です。,잠깐만요. 저희는 그냥 직원입니다.
scene_day3_scenes_fab_day3_logic_6346ee10c065ccc051a489a1ecff7695.bundle,傭兵遭遇戰3,Branch,#Simple,2,……,……
scene_day3_scenes_fab_day3_logic_6346ee10c065ccc051a489a1ecff7695.bundle,傭兵遭遇戰4,Say,心の声,0,なに！？速すぎる！,뭐!? 너무 빨라!
scene_day3_scenes_fab_day3_logic_6346ee10c065ccc051a489a1ecff7695.bundle,傭兵遭遇戰4,Say,セイ･ラ,0,質問はこちらだけだ。,질문은 이쪽만 한다.
scene_day3_scenes_fab_day3_logic_6346ee10c065ccc051a489a1ecff7695.bundle,傭兵遭遇戰4,Say,セイ･ラ,1,お前は答えるだけでいい。,너는 대답만 하면 된다.
scene_day3_scenes_fab_day3_logic_6346ee10c065ccc051a489a1ecff7695.bundle,傭兵遭遇戰4,Say,セイ･ラ,2,わかったか？,알겠나?
scene_day3_scenes_fab_day3_logic_6346ee10c065ccc051a489a1ecff7695.bundle,傭兵遭遇戰4,Branch,#Simple,0,なるほど。,그렇군요.
scene_day3_scenes_fab_day3_logic_6346ee10c065ccc051a489a1ecff7695.bundle,傭兵遭遇戰4,Branch,#Simple,1,死ね。,죽어.
scene_day3_scenes_fab_day3_logic_6346ee10c065ccc051a489a1ecff7695.bundle,傭兵遭遇戰4,Say,セイ･ラ,3,……,……
scene_day3_scenes_fab_day3_logic_6346ee10c065ccc051a489a1ecff7695.bundle,傭兵遭遇戰4,Branch,#Simple,2,「藻掻く」,「발버둥친다」
scene_day3_scenes_fab_day3_logic_6346ee10c065ccc051a489a1ecff7695.bundle,傭兵遭遇戰4,Say,セイ･ラ,4,誰の命令だ？,누구 명령이지?
scene_day3_scenes_fab_day3_logic_6346ee10c065ccc051a489a1ecff7695.bundle,傭兵遭遇戰4,Branch,#Simple,3,スイ･ニン。,스이 닌.
scene_day3_scenes_fab_day3_logic_6346ee10c065ccc051a489a1ecff7695.bundle,傭兵遭遇戰4,Branch,#Simple,4,フクロウ。,프쿠로우.
scene_day3_scenes_fab_day3_logic_6346ee10c065ccc051a489a1ecff7695.bundle,傭兵遭遇戰4,Say,セイ･ラ,5,そうですか……,그런가요……
scene_day3_scenes_fab_day3_logic_6346ee10c065ccc051a489a1ecff7695.bundle,傭兵遭遇戰4,Branch,#Simple,5,誰が言うか。,누가 말할까 보냐.
scene_day3_scenes_fab_day3_logic_6346ee10c065ccc051a489a1ecff7695.bundle,傭兵遭遇戰4,Say,セイ･ラ,6,そうですか……,그런가요……
scene_day3_scenes_fab_day3_logic_6346ee10c065ccc051a489a1ecff7695.bundle,傭兵遭遇戰4,Branch,#Simple,6,「藻掻く」,「발버둥친다」
scene_day3_scenes_fab_day3_logic_6346ee10c065ccc051a489a1ecff7695.bundle,傭兵遭遇戰4,Say,セイ･ラ,7,……,……
scene_day3_scenes_fab_day3_logic_6346ee10c065ccc051a489a1ecff7695.bundle,傭兵遭遇戰4,Say,セイ･ラ,8,お前らみたいな虫けらをたくさん見てきた。,너희 같은 벌레들을 많이 봐왔다.
scene_day3_scenes_fab_day3_logic_6346ee10c065ccc051a489a1ecff7695.bundle,傭兵遭遇戰4,Say,セイ･ラ,9,自分を大した人間だと勘違いしているだけで、結局は踏み潰される……,"스스로를 대단한 인간이라고 착각하고 있을 뿐, 결국은 짓밟힐 뿐이지……"
scene_day3_scenes_fab_day3_logic_6346ee10c065ccc051a489a1ecff7695.bundle,傭兵遭遇戰4,Branch,#Simple,7,死ね。,죽어.
scene_day3_scenes_fab_day3_logic_6346ee10c065ccc051a489a1ecff7695.bundle,傭兵遭遇戰4,Branch,#Simple,8,お前は何者だ！,너는 뭐 하는 놈이지!
scene_day3_scenes_fab_day3_logic_6346ee10c065ccc051a489a1ecff7695.bundle,傭兵遭遇戰4,Branch,#Simple,9,「藻掻く」,「발버둥친다」
scene_day3_scenes_fab_day3_logic_6346ee10c065ccc051a489a1ecff7695.bundle,傭兵遭遇戰4,Branch,#Simple,10,……,……
scene_day3_scenes_fab_day3_logic_6346ee10c065ccc051a489a1ecff7695.bundle,傭兵遭遇戰4,Say,セイ･ラ,10,……,……
scene_day3_scenes_fab_day3_logic_6346ee10c065ccc051a489a1ecff7695.bundle,傭兵遭遇戰4,Say,心の声,1,クソ……,젠장……
scene_day3_scenes_fab_day3_logic_6346ee10c065ccc051a489a1ecff7695.bundle,傭兵遭遇戰4,Say,心の声,2,意識が……,의식이……
scene_day3_scenes_fab_day3_logic_6346ee10c065ccc051a489a1ecff7695.bundle,等到小楊回來,Say,シヘイ･ヨウ,0,もういいよ。,이제 됐어.
scene_day3_scenes_fab_day3_logic_6346ee10c065ccc051a489a1ecff7695.bundle,等到小楊回來,Say,シヘイ･ヨウ,1,車に乗ろう。,차에 타자.
scene_day3_scenes_fab_day3_logic_6346ee10c065ccc051a489a1ecff7695.bundle,小楊安裝發送難過對話,Say,シヘイ･ヨウ,0,ねえ、ジェイ、少し話さないか？,"저기, 제이, 잠깐 얘기 좀 할래요?"
scene_day3_scenes_fab_day3_logic_6346ee10c065ccc051a489a1ecff7695.bundle,小楊安裝發送難過對話,Branch,#Simple,0,疲れてるから、後にしてくれ。,"피곤하니까, 나중에 하죠."
scene_day3_scenes_fab_day3_logic_6346ee10c065ccc051a489a1ecff7695.bundle,小楊安裝發送難過對話,Say,シヘイ･ヨウ,1,あ、うん。,"아, 응."
scene_day3_scenes_fab_day3_logic_6346ee10c065ccc051a489a1ecff7695.bundle,小楊安裝發送難過對話,Branch,#Simple,1,何の話だ？,무슨 얘기예요?
scene_day3_scenes_fab_day3_logic_6346ee10c065ccc051a489a1ecff7695.bundle,小楊安裝發送難過對話,Say,シヘイ･ヨウ,2,僕は、もう兄貴にどう接すればいいか、わからないんだ。,"나는, 이제 형을 어떻게 대해야 할지 모르겠어."
scene_day3_scenes_fab_day3_logic_6346ee10c065ccc051a489a1ecff7695.bundle,小楊安裝發送難過對話,Branch,#Simple,2,それは俺に関係のあることなのか？,그게 저랑 상관있는 일인가요?
scene_day3_scenes_fab_day3_logic_6346ee10c065ccc051a489a1ecff7695.bundle,小楊安裝發送難過對話,Branch,#Simple,3,それは重要なことなのか？,그게 중요한 일인가요?
scene_day3_scenes_fab_day3_logic_6346ee10c065ccc051a489a1ecff7695.bundle,小楊安裝發送難過對話,Say,シヘイ･ヨウ,3,そ、そうですよね……,"그, 그렇죠……"
scene_day3_scenes_fab_day3_logic_6346ee10c065ccc051a489a1ecff7695.bundle,小楊安裝發送難過對話,Say,シヘイ･ヨウ,4,ごめん、君の時間を無駄にして。,"미안, 네 시간 낭비했네."
scene_day3_scenes_fab_day3_logic_6346ee10c065ccc051a489a1ecff7695.bundle,小楊安裝發送難過對話,Branch,#Simple,4,どういう意味だ？,무슨 뜻이야?
scene_day3_scenes_fab_day3_logic_6346ee10c065ccc051a489a1ecff7695.bundle,小楊安裝發送難過對話,Branch,#Simple,5,……,……
scene_day3_scenes_fab_day3_logic_6346ee10c065ccc051a489a1ecff7695.bundle,小楊安裝發送難過對話,Say,シヘイ･ヨウ,5,兄貴の僕に対する扱いは酷かったけど、それでも僕は尊敬していたんだ。,"형이 나를 대하는 방식은 심했지만, 그래도 난 존경하고 있었어."
scene_day3_scenes_fab_day3_logic_6346ee10c065ccc051a489a1ecff7695.bundle,小楊安裝發送難過對話,Say,シヘイ･ヨウ,6,いつもテキパキ働いて、他人に頭も下げない。そして絶対に、間違ったことに屈しないんだ。,"항상 척척 일 처리하고, 남한테 고개도 안 숙여. 그리고 절대로, 잘못된 일에 굴복하지 않았어."
scene_day3_scenes_fab_day3_logic_6346ee10c065ccc051a489a1ecff7695.bundle,小楊安裝發送難過對話,Say,シヘイ･ヨウ,7,ここの環境を知っているだろう？彼みたいな先輩がいると、すごく安心するんだ……,"여기 환경 알잖아? 형 같은 선배가 있으면, 정말 안심이 되거든……"
scene_day3_scenes_fab_day3_logic_6346ee10c065ccc051a489a1ecff7695.bundle,小楊安裝發送難過對話,Say,シヘイ･ヨウ,8,僕と彼では真逆の性格だけど、でも僕は彼みたいに他人に頼られる人になりたいんだ。,"나랑 형은 정반대 성격이지만, 그래도 난 형처럼 남한테 의지가 되는 사람이 되고 싶었어."
scene_day3_scenes_fab_day3_logic_6346ee10c065ccc051a489a1ecff7695.bundle,小楊安裝發送難過對話,Branch,#Simple,6,どうして急にそんなことを？,왜 갑자기 그런 얘기를 하는 거예요?
scene_day3_scenes_fab_day3_logic_6346ee10c065ccc051a489a1ecff7695.bundle,小楊安裝發送難過對話,Say,シヘイ･ヨウ,9,あ、ごめん。話が長かったかな？,"아, 미안. 얘기가 길었나?"
scene_day3_scenes_fab_day3_logic_6346ee10c065ccc051a489a1ecff7695.bundle,小楊安裝發送難過對話,Branch,#Simple,7,いや、急にこんな話をするから、どうしたのかと思って。,"아뇨, 갑자기 이런 얘기를 하니까, 무슨 일인가 싶어서요."
scene_day3_scenes_fab_day3_logic_6346ee10c065ccc051a489a1ecff7695.bundle,小楊安裝發送難過對話,Say,シヘイ･ヨウ,10,僕にもわからない。僕はただ……,나도 모르겠어. 그냥……
scene_day3_scenes_fab_day3_logic_6346ee10c065ccc051a489a1ecff7695.bundle,小楊安裝發送難過對話,Say,シヘイ･ヨウ,11,迷っているのかな……,헤매고 있는 걸까……
scene_day3_scenes_fab_day3_logic_6346ee10c065ccc051a489a1ecff7695.bundle,小楊安裝發送難過對話,Branch,#Simple,8,きっとそうだろう。そろそろ行こう。,아마 그렇겠죠. 슬슬 가죠.
scene_day3_scenes_fab_day3_logic_6346ee10c065ccc051a489a1ecff7695.bundle,小楊安裝發送難過對話,Say,シヘイ･ヨウ,12,そ、そうですよね……,"그, 그렇죠……"
scene_day3_scenes_fab_day3_logic_6346ee10c065ccc051a489a1ecff7695.bundle,小楊安裝發送難過對話,Say,シヘイ･ヨウ,13,ごめん、君の時間を無駄にして。,"미안, 네 시간 낭비했네."
scene_day3_scenes_fab_day3_logic_6346ee10c065ccc051a489a1ecff7695.bundle,小楊安裝發送難過對話,Branch,#Simple,9,でも今、あなたは裏切られたと思っている。,"근데 지금, 배신당했다고 생각하고 있잖아요."
scene_day3_scenes_fab_day3_logic_6346ee10c065ccc051a489a1ecff7695.bundle,小楊安裝發送難過對話,Say,シヘイ･ヨウ,14,そう……！,맞아……!
scene_day3_scenes_fab_day3_logic_6346ee10c065ccc051a489a1ecff7695.bundle,小楊安裝發送難過對話,Say,シヘイ･ヨウ,15,そうなんだよ……,그런 거야……
scene_day3_scenes_fab_day3_logic_6346ee10c065ccc051a489a1ecff7695.bundle,小楊安裝發送難過對話,Say,心の声,0,言い当てられたことに驚いているようだ。,정곡을 찔린 것에 놀란 듯하다.
scene_day3_scenes_fab_day3_logic_6346ee10c065ccc051a489a1ecff7695.bundle,小楊安裝發送難過對話,Branch,#Simple,10,……,……
scene_day3_scenes_fab_day3_logic_6346ee10c065ccc051a489a1ecff7695.bundle,小楊安裝發送難過對話,Say,心の声,1,こういう人は散々見てきた。,이런 사람은 질리도록 봐왔다.
scene_day3_scenes_fab_day3_logic_6346ee10c065ccc051a489a1ecff7695.bundle,小楊安裝發送難過對話,Say,心の声,2,崇拝している人に自分の将来を重ねる。,숭배하는 사람에게 자신의 미래를 겹쳐 본다.
scene_day3_scenes_fab_day3_logic_6346ee10c065ccc051a489a1ecff7695.bundle,小楊安裝發送難過對話,Say,シヘイ･ヨウ,16,僕はどうすればいいのかわからないんだ……,난 어떻게 해야 할지 모르겠어……
scene_day3_scenes_fab_day3_logic_6346ee10c065ccc051a489a1ecff7695.bundle,小楊安裝發送難過對話,Say,心の声,3,そして、崇拝した対象が崩壊した時、自分も崩壊する……,"그리고, 숭배하던 대상이 무너질 때, 자신도 함께 무너진다……"
scene_day3_scenes_fab_day3_logic_6346ee10c065ccc051a489a1ecff7695.bundle,小楊安裝發送難過對話,Say,シヘイ･ヨウ,17,ジェイ、今の兄貴をどう思う？,"제이, 지금의 형을 어떻게 생각해?"
scene_day3_scenes_fab_day3_logic_6346ee10c065ccc051a489a1ecff7695.bundle,小楊安裝發送難過對話,Branch,#Simple,11,彼はクズだ。それ以上でも、それ以下でもない。,"쓰레기죠. 그 이상도, 그 이하도 아니에요."
scene_day3_scenes_fab_day3_logic_6346ee10c065ccc051a489a1ecff7695.bundle,小楊安裝發送難過對話,Say,シヘイ･ヨウ,18,そ、そうか……,"그, 그렇구나……"
scene_day3_scenes_fab_day3_logic_6346ee10c065ccc051a489a1ecff7695.bundle,小楊安裝發送難過對話,Say,心の声,4,かなり落ち込んでいるようだ……,꽤 침울해 보인다……
scene_day3_scenes_fab_day3_logic_6346ee10c065ccc051a489a1ecff7695.bundle,小楊安裝發送難過對話,Branch,#Simple,12,彼は確かに過ちを犯したが、誰しも皆、過ち犯すものだ。,"그가 확실히 잘못을 저지르긴 했지만, 누구나 다 잘못은 저지르는 법이죠."
scene_day3_scenes_fab_day3_logic_6346ee10c065ccc051a489a1ecff7695.bundle,小楊安裝發送難過對話,Say,シヘイ･ヨウ,19,でもこれだけの大きな過ちを簡単に許していいものなのか……？,근데 이렇게 큰 잘못을 그렇게 쉽게 용서해도 되는 걸까……?
scene_day3_scenes_fab_day3_logic_6346ee10c065ccc051a489a1ecff7695.bundle,小楊安裝發送難過對話,Branch,#Simple,13,どんなに過ちを犯そうと、彼は彼だ。,"아무리 잘못을 저질렀다 해도, 형은 형이잖아요."
scene_day3_scenes_fab_day3_logic_6346ee10c065ccc051a489a1ecff7695.bundle,小楊安裝發送難過對話,Branch,#Simple,14,あなたはもう彼との接し方をわかっているはずだ。,당신은 이미 형을 어떻게 대해야 할지 알고 있을 텐데요.
scene_day3_scenes_fab_day3_logic_6346ee10c065ccc051a489a1ecff7695.bundle,小楊安裝發送難過對話,Say,シヘイ･ヨウ,20,そうだな……,그러게……
scene_day3_scenes_fab_day3_logic_6346ee10c065ccc051a489a1ecff7695.bundle,小楊安裝發送難過對話,Branch,#Simple,15,……,……
scene_day3_scenes_fab_day3_logic_6346ee10c065ccc051a489a1ecff7695.bundle,小楊安裝發送難過對話,Branch,#Simple,16,彼は利己的で、他者の命より自分の目的を優先する人だ。,"이기적이고, 남의 목숨보다 자기 목적을 우선하는 사람이죠."
scene_day3_scenes_fab_day3_logic_6346ee10c065ccc051a489a1ecff7695.bundle,小楊安裝發送難過對話,Say,シヘイ･ヨウ,21,そ、そうか……,"그, 그렇구나……"
scene_day3_scenes_fab_day3_logic_6346ee10c065ccc051a489a1ecff7695.bundle,小楊安裝發送難過對話,Branch,#Simple,17,俺がどう思うかは関係ない。重要なのはあなた自身で、答えを見つけることだ。,제가 어떻게 생각하는지는 상관없어요. 중요한 건 당신 스스로 답을 찾는 거예요.
scene_day3_scenes_fab_day3_logic_6346ee10c065ccc051a489a1ecff7695.bundle,小楊安裝發送難過對話,Say,シヘイ･ヨウ,22,……,……
scene_day3_scenes_fab_day3_logic_6346ee10c065ccc051a489a1ecff7695.bundle,小楊安裝發送難過對話,Say,シヘイ･ヨウ,23,そうだね……,그렇지……
scene_day3_scenes_fab_day3_logic_6346ee10c065ccc051a489a1ecff7695.bundle,小楊安裝發送難過對話,Say,シヘイ･ヨウ,24,ありがとう。話を聞いてくれて……,고마워. 얘기 들어줘서……
scene_day3_scenes_fab_day3_logic_6346ee10c065ccc051a489a1ecff7695.bundle,小楊安裝發送難過對話,Branch,#Simple,18,シヘイ、あなたがどんな人間になろうと、セラとは関係のないことだ。,"시헤이, 당신이 어떤 사람이 되든, 세라 씨하고는 상관없는 일이에요."
scene_day3_scenes_fab_day3_logic_6346ee10c065ccc051a489a1ecff7695.bundle,小楊安裝發送難過對話,Say,シヘイ･ヨウ,25,……,……
scene_day3_scenes_fab_day3_logic_6346ee10c065ccc051a489a1ecff7695.bundle,小楊安裝發送難過對話,Say,シヘイ･ヨウ,26,うん、ありがとうね、ジェイ。,"응, 고마워, 제이."
scene_day3_scenes_fab_day3_logic_6346ee10c065ccc051a489a1ecff7695.bundle,小楊安裝發送難過對話,Branch,#Simple,19,彼を恨んでいるのか？,형을 원망하나요?
scene_day3_scenes_fab_day3_logic_6346ee10c065ccc051a489a1ecff7695.bundle,小楊安裝發送難過對話,Say,シヘイ･ヨウ,27,僕は彼のやったことを恨んでいる……,난 형이 한 짓을 원망해……
scene_day3_scenes_fab_day3_logic_6346ee10c065ccc051a489a1ecff7695.bundle,小楊安裝發送難過對話,Say,シヘイ･ヨウ,28,……,……
scene_day3_scenes_fab_day3_logic_6346ee10c065ccc051a489a1ecff7695.bundle,小楊安裝發送難過對話,Say,シヘイ･ヨウ,29,僕にもよくわからないんだ……,나도 잘 모르겠어……
scene_day3_scenes_fab_day3_logic_6346ee10c065ccc051a489a1ecff7695.bundle,小楊安裝發送難過對話,Branch,#Simple,20,……,……
scene_day3_scenes_fab_day3_logic_6346ee10c065ccc051a489a1ecff7695.bundle,小楊安裝發送難過對話,Say,シヘイ･ヨウ,30,……,……
scene_day3_scenes_fab_day3_logic_6346ee10c065ccc051a489a1ecff7695.bundle,小楊安裝發送難過對話,Say,シヘイ･ヨウ,31,ごめん、急に用事を思い出したんだ。,"미안, 갑자기 볼일이 생각나서."
scene_day3_scenes_fab_day3_logic_6346ee10c065ccc051a489a1ecff7695.bundle,小楊安裝發送難過對話,Say,シヘイ･ヨウ,32,先に行くね。,먼저 갈게.
scene_day3_scenes_fab_day3_logic_6346ee10c065ccc051a489a1ecff7695.bundle,小楊安裝發送難過對話,Branch,#Simple,21,お疲れ様でした。,수고하셨습니다.
scene_day3_scenes_fab_day3_logic_6346ee10c065ccc051a489a1ecff7695.bundle,小楊安裝發送難過對話,Branch,#Simple,22,大丈夫か？,괜찮아요?
scene_day3_scenes_fab_day3_logic_6346ee10c065ccc051a489a1ecff7695.bundle,小楊安裝發送難過對話,Say,シヘイ･ヨウ,33,うん、大丈夫。,"응, 괜찮아."
scene_day3_scenes_fab_day3_logic_6346ee10c065ccc051a489a1ecff7695.bundle,小楊安裝發送難過對話,Branch,#Simple,23,……,……
scene_day3_scenes_fab_day3_logic_6346ee10c065ccc051a489a1ecff7695.bundle,小楊安裝發送難過對話,Say,シヘイ･ヨウ,34,やあ、ジェイ。,"안녕, 제이."
scene_day3_scenes_fab_day3_logic_6346ee10c065ccc051a489a1ecff7695.bundle,小楊安裝發送難過對話,Say,シヘイ･ヨウ,35,何かあったんですか？,무슨 일 있었어요?
scene_day3_scenes_fab_day3_logic_6346ee10c065ccc051a489a1ecff7695.bundle,小楊安裝發送難過對話,Say,心の声,5,顔色が良くない……,안색이 안 좋네……
scene_day3_scenes_fab_day3_logic_6346ee10c065ccc051a489a1ecff7695.bundle,小楊安裝發送難過對話,Branch,#Simple,24,大丈夫ですか？,괜찮으세요?
scene_day3_scenes_fab_day3_logic_6346ee10c065ccc051a489a1ecff7695.bundle,小楊安裝發送難過對話,Say,シヘイ･ヨウ,36,休憩してるだけだから、気にしないで。,"그냥 쉬는 거니까, 신경 쓰지 마."
scene_day3_scenes_fab_day3_logic_6346ee10c065ccc051a489a1ecff7695.bundle,小楊安裝發送難過對話,Branch,#Simple,25,さっきはどうして俺を車の中で待たせたんだ？,아까는 왜 저를 차 안에서 기다리게 한 거예요?
scene_day3_scenes_fab_day3_logic_6346ee10c065ccc051a489a1ecff7695.bundle,小楊安裝發送難過對話,Branch,#Simple,26,……,……
scene_day3_scenes_fab_day3_logic_6346ee10c065ccc051a489a1ecff7695.bundle,小楊安裝發送難過對話,Branch,#Simple,27,さっきはどうして俺を車の中で待たせたんだ？,아까는 왜 저를 차 안에서 기다리게 한 거예요?
scene_day3_scenes_fab_day3_logic_6346ee10c065ccc051a489a1ecff7695.bundle,小楊安裝發送難過對話,Say,シヘイ･ヨウ,37,え、なに？,"어, 뭐?"
scene_day3_scenes_fab_day3_logic_6346ee10c065ccc051a489a1ecff7695.bundle,小楊安裝發送難過對話,Say,シヘイ･ヨウ,38,ああ、あれは、特に理由はないんだ。,"아, 그건, 딱히 이유는 없어."
scene_day3_scenes_fab_day3_logic_6346ee10c065ccc051a489a1ecff7695.bundle,小楊安裝發送難過對話,Say,シヘイ･ヨウ,39,……,……
scene_day3_scenes_fab_day3_logic_6346ee10c065ccc051a489a1ecff7695.bundle,小楊安裝發送難過對話,Say,シヘイ･ヨウ,40,なあ、ジェイ。もし君の近しい人が人殺しをしたら、告発する？,"저기, 제이. 만약 네 가까운 사람이 살인을 저질렀다면, 고발할 거야?"
scene_day3_scenes_fab_day3_logic_6346ee10c065ccc051a489a1ecff7695.bundle,小楊安裝發送難過對話,Say,心の声,6,急な質問だな……,갑작스러운 질문이네……
scene_day3_scenes_fab_day3_logic_6346ee10c065ccc051a489a1ecff7695.bundle,小楊安裝發送難過對話,Branch,#Simple,28,すると思う。,할 것 같아요.
scene_day3_scenes_fab_day3_logic_6346ee10c065ccc051a489a1ecff7695.bundle,小楊安裝發送難過對話,Say,シヘイ･ヨウ,41,それはなぜ？,그건 왜죠?
scene_day3_scenes_fab_day3_logic_6346ee10c065ccc051a489a1ecff7695.bundle,小楊安裝發送難過對話,Branch,#Simple,29,それが正しいことだから。,그게 옳은 일이니까요.
scene_day3_scenes_fab_day3_logic_6346ee10c065ccc051a489a1ecff7695.bundle,小楊安裝發送難過對話,Branch,#Simple,30,その人が一生、罪悪感に苛まれるからだ。,"그 사람이 평생, 죄책감에 시달릴 테니까요."
scene_day3_scenes_fab_day3_logic_6346ee10c065ccc051a489a1ecff7695.bundle,小楊安裝發送難過對話,Branch,#Simple,31,自分に折り合いが付けられないからだ。,제 자신과 타협할 수 없을 테니까요.
scene_day3_scenes_fab_day3_logic_6346ee10c065ccc051a489a1ecff7695.bundle,小楊安裝發送難過對話,Branch,#Simple,32,言葉にして説明はできないが、告発すると思う。,"말로는 설명할 수 없지만, 고발할 것 같아요."
scene_day3_scenes_fab_day3_logic_6346ee10c065ccc051a489a1ecff7695.bundle,小楊安裝發送難過對話,Branch,#Simple,33,しない。,안 해요.
scene_day3_scenes_fab_day3_logic_6346ee10c065ccc051a489a1ecff7695.bundle,小楊安裝發送難過對話,Say,シヘイ･ヨウ,42,それはなぜ？,그건 왜죠?
scene_day3_scenes_fab_day3_logic_6346ee10c065ccc051a489a1ecff7695.bundle,小楊安裝發送難過對話,Branch,#Simple,34,わがままだが、その人を失いたくないから。,"이기적이지만, 그 사람을 잃고 싶지 않으니까요."
scene_day3_scenes_fab_day3_logic_6346ee10c065ccc051a489a1ecff7695.bundle,小楊安裝發送難過對話,Branch,#Simple,35,自首をするよう説得するが、裏切りはしない。,"자수하도록 설득은 하겠지만, 배신은 안 해요."
scene_day3_scenes_fab_day3_logic_6346ee10c065ccc051a489a1ecff7695.bundle,小楊安裝發送難過對話,Branch,#Simple,36,本当に人を殺したのなら、きっと何か理由があると思う。,"정말로 사람을 죽였다면, 분명 뭔가 이유가 있을 거라고 생각해요."
scene_day3_scenes_fab_day3_logic_6346ee10c065ccc051a489a1ecff7695.bundle,小楊安裝發送難過對話,Branch,#Simple,37,言葉にして説明はできないが、告発しないと思う。,"말로는 설명할 수 없지만, 고발 안 할 것 같아요."
scene_day3_scenes_fab_day3_logic_6346ee10c065ccc051a489a1ecff7695.bundle,小楊安裝發送難過對話,Say,シヘイ･ヨウ,43,そう……,그렇구나……
scene_day3_scenes_fab_day3_logic_6346ee10c065ccc051a489a1ecff7695.bundle,小楊安裝發送難過對話,Say,心の声,7,シヘイ、一体どうしたんだ……？,"시헤이, 대체 왜 이러는 거지……?"
scene_day3_scenes_fab_day3_logic_6346ee10c065ccc051a489a1ecff7695.bundle,小楊安裝發送難過對話,Say,シヘイ･ヨウ,44,……,……
scene_day3_scenes_fab_day3_logic_6346ee10c065ccc051a489a1ecff7695.bundle,小楊安裝發送難過對話,Say,シヘイ･ヨウ,45,ごめん、変な質問だったね。,"미안, 이상한 질문이었네."
scene_day3_scenes_fab_day3_logic_6346ee10c065ccc051a489a1ecff7695.bundle,小楊安裝發送難過對話,Say,シヘイ･ヨウ,46,ごめん、急に用事を思い出したんだ。,"미안, 갑자기 볼일이 생각나서."
scene_day3_scenes_fab_day3_logic_6346ee10c065ccc051a489a1ecff7695.bundle,小楊安裝發送難過對話,Say,シヘイ･ヨウ,47,先に行くね。,먼저 갈게.
scene_day3_scenes_fab_day3_logic_6346ee10c065ccc051a489a1ecff7695.bundle,小楊安裝發送難過對話,Branch,#Simple,38,お疲れ様でした。,수고하셨습니다.
scene_day3_scenes_fab_day3_logic_6346ee10c065ccc051a489a1ecff7695.bundle,小楊安裝發送難過對話,Branch,#Simple,39,大丈夫か？,괜찮아요?
scene_day3_scenes_fab_day3_logic_6346ee10c065ccc051a489a1ecff7695.bundle,小楊安裝發送難過對話,Say,シヘイ･ヨウ,48,うん、大丈夫。,"응, 괜찮아."
scene_day3_scenes_fab_day3_logic_6346ee10c065ccc051a489a1ecff7695.bundle,小楊安裝發送難過對話,Branch,#Simple,40,……,……
scene_day3_scenes_fab_day3_logic_6346ee10c065ccc051a489a1ecff7695.bundle,走進去自動小跑,Say,心の声,0,ん……？,응……?
scene_day3_scenes_fab_day3_logic_6346ee10c065ccc051a489a1ecff7695.bundle,走進去自動小跑,Say,心の声,1,あれは……,저건……
scene_day3_scenes_fab_day3_logic_6346ee10c065ccc051a489a1ecff7695.bundle,第二次陳木海搭話(地窖停車場),Say,ムカイ･チン,0,やあ、ジェイ･ダイ。,"야, 제이 다이."
scene_day3_scenes_fab_day3_logic_6346ee10c065ccc051a489a1ecff7695.bundle,第二次陳木海搭話(地窖停車場),Say,心の声,0,ムカイ･チン……！？,무카이 친……!?
scene_day3_scenes_fab_day3_logic_6346ee10c065ccc051a489a1ecff7695.bundle,第二次陳木海搭話(地窖停車場),Branch,#Simple,0,ムカイ･チン。,무카이 친.
scene_day3_scenes_fab_day3_logic_6346ee10c065ccc051a489a1ecff7695.bundle,第二次陳木海搭話(地窖停車場),Branch,#Simple,1,なぜ急に連絡をしてきた？,왜 갑자기 연락한 거지?
scene_day3_scenes_fab_day3_logic_6346ee10c065ccc051a489a1ecff7695.bundle,第二次陳木海搭話(地窖停車場),Say,ムカイ･チン,1,お前はさっきまで他の人と通信をしていたからな。今、やっと安全になったんだ。,너는 방금까지 다른 사람이랑 통신하고 있었으니까. 이제야 안전해진 거야.
scene_day3_scenes_fab_day3_logic_6346ee10c065ccc051a489a1ecff7695.bundle,第二次陳木海搭話(地窖停車場),Branch,#Simple,2,ああ。,아.
scene_day3_scenes_fab_day3_logic_6346ee10c065ccc051a489a1ecff7695.bundle,第二次陳木海搭話(地窖停車場),Branch,#Simple,3,なぜ俺が他の人と通信しているとわかった？,내가 다른 사람이랑 통신하고 있는 걸 어떻게 안 거지?
scene_day3_scenes_fab_day3_logic_6346ee10c065ccc051a489a1ecff7695.bundle,第二次陳木海搭話(地窖停車場),Say,ムカイ･チン,2,俺にはそれを知る方法があるってだけだ。さして重要ではない。,나한테는 그걸 아는 방법이 있을 뿐이다. 딱히 중요하지 않아.
scene_day3_scenes_fab_day3_logic_6346ee10c065ccc051a489a1ecff7695.bundle,第二次陳木海搭話(地窖停車場),Branch,#Simple,4,……,……
scene_day3_scenes_fab_day3_logic_6346ee10c065ccc051a489a1ecff7695.bundle,第二次陳木海搭話(地窖停車場),Branch,#Simple,5,……,……
scene_day3_scenes_fab_day3_logic_6346ee10c065ccc051a489a1ecff7695.bundle,第二次陳木海搭話(地窖停車場),Say,ムカイ･チン,3,手短に話そう。進展があった。,간단히 얘기하지. 진전이 있었다.
scene_day3_scenes_fab_day3_logic_6346ee10c065ccc051a489a1ecff7695.bundle,第二次陳木海搭話(地窖停車場),Say,ムカイ･チン,4,お前が精神制御していた人と連絡が取れた。,네가 정신 조종했던 사람과 연락이 닿았다.
scene_day3_scenes_fab_day3_logic_6346ee10c065ccc051a489a1ecff7695.bundle,第二次陳木海搭話(地窖停車場),Say,ムカイ･チン,5,この後に実際に会って情報を交換する予定だ。,이후에 실제로 만나서 정보를 교환할 예정이다.
scene_day3_scenes_fab_day3_logic_6346ee10c065ccc051a489a1ecff7695.bundle,第二次陳木海搭話(地窖停車場),Branch,#Simple,6,早すぎないか？,너무 빠르지 않나?
scene_day3_scenes_fab_day3_logic_6346ee10c065ccc051a489a1ecff7695.bundle,第二次陳木海搭話(地窖停車場),Say,ムカイ･チン,6,人脈を持っていれば、さほど難しいことではない。,"인맥이 있으면, 그다지 어려운 일은 아니다."
scene_day3_scenes_fab_day3_logic_6346ee10c065ccc051a489a1ecff7695.bundle,第二次陳木海搭話(地窖停車場),Branch,#Simple,7,俺も参加したい。,나도 참가하고 싶어.
scene_day3_scenes_fab_day3_logic_6346ee10c065ccc051a489a1ecff7695.bundle,第二次陳木海搭話(地窖停車場),Say,ムカイ･チン,7,それを伝えるためにここに来たんだ。,그걸 전하려고 여기 온 거다.
scene_day3_scenes_fab_day3_logic_6346ee10c065ccc051a489a1ecff7695.bundle,第二次陳木海搭話(地窖停車場),Branch,#Simple,8,……,……
scene_day3_scenes_fab_day3_logic_6346ee10c065ccc051a489a1ecff7695.bundle,第二次陳木海搭話(地窖停車場),Say,ムカイ･チン,8,情報の交換が終わった後、俺は情報を選別してお前に共有する。,"정보 교환이 끝난 후, 나는 정보를 선별해서 너와 공유하겠다."
scene_day3_scenes_fab_day3_logic_6346ee10c065ccc051a489a1ecff7695.bundle,第二次陳木海搭話(地窖停車場),Say,心の声,1,つまり一部は隠すってことか……,즉 일부는 숨긴다는 건가……
scene_day3_scenes_fab_day3_logic_6346ee10c065ccc051a489a1ecff7695.bundle,第二次陳木海搭話(地窖停車場),Branch,#Simple,9,俺は全ての情報を知りたい。,나는 모든 정보를 알고 싶어.
scene_day3_scenes_fab_day3_logic_6346ee10c065ccc051a489a1ecff7695.bundle,第二次陳木海搭話(地窖停車場),Say,ムカイ･チン,9,だめだ。,안 된다.
scene_day3_scenes_fab_day3_logic_6346ee10c065ccc051a489a1ecff7695.bundle,第二次陳木海搭話(地窖停車場),Say,ムカイ･チン,10,今回の情報交換には参加させない。そしてどれだけの情報を共有するかは俺の判断による。,이번 정보 교환에는 참가시키지 않는다. 그리고 얼마나 정보를 공유할지는 내 판단에 달렸다.
scene_day3_scenes_fab_day3_logic_6346ee10c065ccc051a489a1ecff7695.bundle,第二次陳木海搭話(地窖停車場),Branch,#Simple,10,俺がいなければ、お前はそいつにすら辿り着かなかったはずだ。,"내가 없었으면, 너는 그놈한테조차 도달하지 못했을 거다."
scene_day3_scenes_fab_day3_logic_6346ee10c065ccc051a489a1ecff7695.bundle,第二次陳木海搭話(地窖停車場),Say,ムカイ･チン,11,そうだ。だから情報の一部をお前に渡す。,맞다. 그러니까 정보 일부는 너한테 넘기겠다.
scene_day3_scenes_fab_day3_logic_6346ee10c065ccc051a489a1ecff7695.bundle,第二次陳木海搭話(地窖停車場),Say,ムカイ･チン,12,だが……,하지만……
scene_day3_scenes_fab_day3_logic_6346ee10c065ccc051a489a1ecff7695.bundle,第二次陳木海搭話(地窖停車場),Branch,#Simple,11,それはなぜ？,그건 왜죠?
scene_day3_scenes_fab_day3_logic_6346ee10c065ccc051a489a1ecff7695.bundle,第二次陳木海搭話(地窖停車場),Branch,#Simple,12,……,……
scene_day3_scenes_fab_day3_logic_6346ee10c065ccc051a489a1ecff7695.bundle,第二次陳木海搭話(地窖停車場),Say,ムカイ･チン,13,お前は俺を信じなかった。だから俺もお前を完全には信じない。,너는 나를 믿지 않았다. 그러니까 나도 너를 완전히는 믿지 않는다.
scene_day3_scenes_fab_day3_logic_6346ee10c065ccc051a489a1ecff7695.bundle,第二次陳木海搭話(地窖停車場),Branch,#Simple,13,信じなかった？,안 믿었다고?
scene_day3_scenes_fab_day3_logic_6346ee10c065ccc051a489a1ecff7695.bundle,第二次陳木海搭話(地窖停車場),Say,ムカイ･チン,14,お前は操っていた人物の名前を教えてくれなかった。,너는 조종하고 있던 인물의 이름을 알려주지 않았다.
scene_day3_scenes_fab_day3_logic_6346ee10c065ccc051a489a1ecff7695.bundle,第二次陳木海搭話(地窖停車場),Branch,#Simple,14,俺は本当に何も知らなかったんだ。,나는 정말로 아무것도 몰랐었어.
scene_day3_scenes_fab_day3_logic_6346ee10c065ccc051a489a1ecff7695.bundle,第二次陳木海搭話(地窖停車場),Say,ムカイ･チン,15,それは嘘だ。,그건 거짓말이다.
scene_day3_scenes_fab_day3_logic_6346ee10c065ccc051a489a1ecff7695.bundle,第二次陳木海搭話(地窖停車場),Branch,#Simple,15,それだけで、信じなかったというのか？,"그것만으로, 안 믿었다는 건가?"
scene_day3_scenes_fab_day3_logic_6346ee10c065ccc051a489a1ecff7695.bundle,第二次陳木海搭話(地窖停車場),Say,ムカイ･チン,16,ああ,그래
scene_day3_scenes_fab_day3_logic_6346ee10c065ccc051a489a1ecff7695.bundle,第二次陳木海搭話(地窖停車場),Branch,#Simple,16,今、俺はお前を信じている。,"지금, 나는 너를 믿고 있어."
scene_day3_scenes_fab_day3_logic_6346ee10c065ccc051a489a1ecff7695.bundle,第二次陳木海搭話(地窖停車場),Say,ムカイ･チン,17,すまんが、都合のいい信頼に価値はない。,"미안하지만, 편할 때만의 신뢰는 가치가 없다."
scene_day3_scenes_fab_day3_logic_6346ee10c065ccc051a489a1ecff7695.bundle,第二次陳木海搭話(地窖停車場),Branch,#Simple,17,……,……
scene_day3_scenes_fab_day3_logic_6346ee10c065ccc051a489a1ecff7695.bundle,第二次陳木海搭話(地窖停車場),Say,ムカイ･チン,18,もういいだろ。これ以上、話すことはない。,"이제 됐지. 더 이상, 할 얘기 없다."
scene_day3_scenes_fab_day3_logic_6346ee10c065ccc051a489a1ecff7695.bundle,第二次陳木海搭話(地窖停車場),Say,ムカイ･チン,19,我々には各自の考えがある。何を言われようと、それが変わることはない。,"우리한테는 각자의 생각이 있다. 뭐라고 하든, 그게 바뀌는 일은 없어."
scene_day3_scenes_fab_day3_logic_6346ee10c065ccc051a489a1ecff7695.bundle,第二次陳木海搭話(地窖停車場),Branch,#Simple,18,わかった。,알았어.
scene_day3_scenes_fab_day3_logic_6346ee10c065ccc051a489a1ecff7695.bundle,第二次陳木海搭話(地窖停車場),Say,ムカイ･チン,20,よし。,좋아.
scene_day3_scenes_fab_day3_logic_6346ee10c065ccc051a489a1ecff7695.bundle,第二次陳木海搭話(地窖停車場),Branch,#Simple,19,……,……
scene_day3_scenes_fab_day3_logic_6346ee10c065ccc051a489a1ecff7695.bundle,第二次陳木海搭話(地窖停車場),Say,ムカイ･チン,21,では……,그럼……
scene_day3_scenes_fab_day3_logic_6346ee10c065ccc051a489a1ecff7695.bundle,第二次陳木海搭話(地窖停車場),Say,ムカイ･チン,22,また会いにくる。,또 만나러 오겠다.
scene_day3_scenes_fab_day3_logic_6346ee10c065ccc051a489a1ecff7695.bundle,第二次陳木海搭話(地窖停車場),Say,ムカイ･チン,23,お前が教えてくれた手がかりを調べてみたが……,네가 알려준 단서를 조사해봤는데……
scene_day3_scenes_fab_day3_logic_6346ee10c065ccc051a489a1ecff7695.bundle,第二次陳木海搭話(地窖停車場),Say,ムカイ･チン,24,間違った情報だったため、かなりの時間を無駄にした。,"잘못된 정보였던 탓에, 상당한 시간을 낭비했다."
scene_day3_scenes_fab_day3_logic_6346ee10c065ccc051a489a1ecff7695.bundle,第二次陳木海搭話(地窖停車場),Say,ムカイ･チン,25,次に情報を提供する時は、調べてからにしてくれ。,"다음에 정보를 줄 때는, 확인하고 나서 해줘."
scene_day3_scenes_fab_day3_logic_6346ee10c065ccc051a489a1ecff7695.bundle,第二次陳木海搭話(地窖停車場),Branch,#Simple,20,彼は見つかったのか？,그 사람은 찾았나?
scene_day3_scenes_fab_day3_logic_6346ee10c065ccc051a489a1ecff7695.bundle,第二次陳木海搭話(地窖停車場),Say,ムカイ･チン,26,……,……
scene_day3_scenes_fab_day3_logic_6346ee10c065ccc051a489a1ecff7695.bundle,第二次陳木海搭話(地窖停車場),Branch,#Simple,21,……,……
scene_day3_scenes_fab_day3_logic_6346ee10c065ccc051a489a1ecff7695.bundle,第二次陳木海搭話(地窖停車場),Say,ムカイ･チン,27,あらゆる人脈を使って、見つけ出した。,"모든 인맥을 동원해서, 찾아냈다."
scene_day3_scenes_fab_day3_logic_6346ee10c065ccc051a489a1ecff7695.bundle,第二次陳木海搭話(地窖停車場),Say,ムカイ･チン,28,お前の情報が正確だったため、すぐ見つけることができた。,"네 정보가 정확했던 덕분에, 바로 찾아낼 수 있었다."
scene_day3_scenes_fab_day3_logic_6346ee10c065ccc051a489a1ecff7695.bundle,第二次陳木海搭話(地窖停車場),Say,ムカイ･チン,29,イアン･チョー、今はフウコ･チョーと名乗っている。,"이안 챠오, 지금은 후코 챠오라고 자칭하고 있다."
scene_day3_scenes_fab_day3_logic_6346ee10c065ccc051a489a1ecff7695.bundle,第二次陳木海搭話(地窖停車場),Say,ムカイ･チン,30,ラーメン屋を隠れ蓑に、裏で武器の密輸をしている。,"라면집을 위장막으로 삼아서, 뒤로 무기 밀수를 하고 있다."
scene_day3_scenes_fab_day3_logic_6346ee10c065ccc051a489a1ecff7695.bundle,第二次陳木海搭話(地窖停車場),Say,ムカイ･チン,31,しかも、この町にいる。,"게다가, 이 마을에 있다."
scene_day3_scenes_fab_day3_logic_6346ee10c065ccc051a489a1ecff7695.bundle,第二次陳木海搭話(地窖停車場),Say,ムカイ･チン,32,お前も彼の店に行ったことがあるはずだ。,너도 그놈 가게에 가본 적이 있을 거다.
scene_day3_scenes_fab_day3_logic_6346ee10c065ccc051a489a1ecff7695.bundle,第二次陳木海搭話(地窖停車場),Say,ムカイ･チン,33,同時に、彼は北区への密航の業務も斡旋している。,"동시에, 그놈은 북구로의 밀항 업무도 알선하고 있다."
scene_day3_scenes_fab_day3_logic_6346ee10c065ccc051a489a1ecff7695.bundle,第二次陳木海搭話(地窖停車場),Say,ムカイ･チン,34,一般人とはほど遠いが、根源との繋がりはまだ不明だ……,"일반인과는 거리가 멀지만, 근원과의 연결 고리는 아직 불명이다……"
scene_day3_scenes_fab_day3_logic_6346ee10c065ccc051a489a1ecff7695.bundle,第二次陳木海搭話(地窖停車場),Branch,#Simple,22,これからどうするんだ？,이제 어떻게 할 거지?
scene_day3_scenes_fab_day3_logic_6346ee10c065ccc051a489a1ecff7695.bundle,第二次陳木海搭話(地窖停車場),Say,ムカイ･チン,35,これから……,이제부터……
scene_day3_scenes_fab_day3_logic_6346ee10c065ccc051a489a1ecff7695.bundle,第二次陳木海搭話(地窖停車場),Branch,#Simple,23,彼は根源に手を出したんだろう？,그놈이 근원한테 손을 댄 거잖아?
scene_day3_scenes_fab_day3_logic_6346ee10c065ccc051a489a1ecff7695.bundle,第二次陳木海搭話(地窖停車場),Say,ムカイ･チン,36,……,……
scene_day3_scenes_fab_day3_logic_6346ee10c065ccc051a489a1ecff7695.bundle,第二次陳木海搭話(地窖停車場),Say,ムカイ･チン,37,かもしれない。,그럴지도 모른다.
scene_day3_scenes_fab_day3_logic_6346ee10c065ccc051a489a1ecff7695.bundle,第二次陳木海搭話(地窖停車場),Branch,#Simple,24,……,……
scene_day3_scenes_fab_day3_logic_6346ee10c065ccc051a489a1ecff7695.bundle,第二次陳木海搭話(地窖停車場),Say,ムカイ･チン,38,我々は一度、彼と話をするべきだ。,"우리는 한번, 그놈과 얘기를 나눠야 한다."
scene_day3_scenes_fab_day3_logic_6346ee10c065ccc051a489a1ecff7695.bundle,第二次陳木海搭話(地窖停車場),Branch,#Simple,25,いつだ？,언제지?
scene_day3_scenes_fab_day3_logic_6346ee10c065ccc051a489a1ecff7695.bundle,第二次陳木海搭話(地窖停車場),Branch,#Simple,26,我々？,우리?
scene_day3_scenes_fab_day3_logic_6346ee10c065ccc051a489a1ecff7695.bundle,第二次陳木海搭話(地窖停車場),Say,ムカイ･チン,39,ああ。,아.
scene_day3_scenes_fab_day3_logic_6346ee10c065ccc051a489a1ecff7695.bundle,第二次陳木海搭話(地窖停車場),Branch,#Simple,27,……,……
scene_day3_scenes_fab_day3_logic_6346ee10c065ccc051a489a1ecff7695.bundle,第二次陳木海搭話(地窖停車場),Say,ムカイ･チン,40,時間は今夜だ。,시간은 오늘 밤이다.
scene_day3_scenes_fab_day3_logic_6346ee10c065ccc051a489a1ecff7695.bundle,第二次陳木海搭話(地窖停車場),Say,ムカイ･チン,41,我々は直接彼の店に行こう。,우리는 직접 그놈 가게로 가자.
scene_day3_scenes_fab_day3_logic_6346ee10c065ccc051a489a1ecff7695.bundle,第二次陳木海搭話(地窖停車場),Branch,#Simple,28,今夜、空いてるかどうかがわからない。,"오늘 밤, 시간이 될지 안 될지 모르겠는데."
scene_day3_scenes_fab_day3_logic_6346ee10c065ccc051a489a1ecff7695.bundle,第二次陳木海搭話(地窖停車場),Say,ムカイ･チン,42,空くはずだ。,될 거다.
scene_day3_scenes_fab_day3_logic_6346ee10c065ccc051a489a1ecff7695.bundle,第二次陳木海搭話(地窖停車場),Branch,#Simple,29,わかった。,알았어.
scene_day3_scenes_fab_day3_logic_6346ee10c065ccc051a489a1ecff7695.bundle,第二次陳木海搭話(地窖停車場),Branch,#Simple,30,……,……
scene_day3_scenes_fab_day3_logic_6346ee10c065ccc051a489a1ecff7695.bundle,第二次陳木海搭話(地窖停車場),Say,ムカイ･チン,43,昨日……,어제……
scene_day3_scenes_fab_day3_logic_6346ee10c065ccc051a489a1ecff7695.bundle,第二次陳木海搭話(地窖停車場),Say,ムカイ･チン,44,俺のやり方については説明したと思う。,내 방식에 대해서는 설명했다고 생각한다.
scene_day3_scenes_fab_day3_logic_6346ee10c065ccc051a489a1ecff7695.bundle,第二次陳木海搭話(地窖停車場),Say,ムカイ･チン,45,俺は全ての同胞に接触しているが、同胞同士の接触をさせることはない。,"나는 모든 동포한테 접촉하고 있지만, 동포끼리 접촉시키는 일은 없다."
scene_day3_scenes_fab_day3_logic_6346ee10c065ccc051a489a1ecff7695.bundle,第二次陳木海搭話(地窖停車場),Say,ムカイ･チン,46,イアン･チョーはMBUではないが、このシステムは彼にも適用される。,"이안 챠오는 MBU는 아니지만, 이 시스템은 그놈한테도 적용된다."
scene_day3_scenes_fab_day3_logic_6346ee10c065ccc051a489a1ecff7695.bundle,第二次陳木海搭話(地窖停車場),Say,ムカイ･チン,47,それでも俺が、お前を連れて行こうと思ったのには理由が二つある。,"그럼에도 내가, 너를 데려가려고 한 데는 이유가 두 가지 있다."
scene_day3_scenes_fab_day3_logic_6346ee10c065ccc051a489a1ecff7695.bundle,第二次陳木海搭話(地窖停車場),Say,ムカイ･チン,48,一つは、お前は最初から彼の存在を知っていたからだ。,"하나는, 너는 처음부터 그놈의 존재를 알고 있었기 때문이다."
scene_day3_scenes_fab_day3_logic_6346ee10c065ccc051a489a1ecff7695.bundle,第二次陳木海搭話(地窖停車場),Say,ムカイ･チン,49,それに、お前は彼の拠点も知っていたからな。,"게다가, 너는 그놈 거점도 알고 있었으니까."
scene_day3_scenes_fab_day3_logic_6346ee10c065ccc051a489a1ecff7695.bundle,第二次陳木海搭話(地窖停車場),Say,ムカイ･チン,50,だからお前に対して、彼の正体を隠す必要はない。,"그러니까 너한테는, 그놈 정체를 숨길 필요가 없다."
scene_day3_scenes_fab_day3_logic_6346ee10c065ccc051a489a1ecff7695.bundle,第二次陳木海搭話(地窖停車場),Say,ムカイ･チン,51,二つ目は、これはお前がくれた情報であり、お前と共有したいと思ったからだ。,"두 번째는, 이건 네가 준 정보이고, 너와 공유하고 싶다고 생각했기 때문이다."
scene_day3_scenes_fab_day3_logic_6346ee10c065ccc051a489a1ecff7695.bundle,第二次陳木海搭話(地窖停車場),Say,ムカイ･チン,52,俺はお前からの信頼に応えたいと思う。,나는 너의 신뢰에 응하고 싶다고 생각한다.
scene_day3_scenes_fab_day3_logic_6346ee10c065ccc051a489a1ecff7695.bundle,第二次陳木海搭話(地窖停車場),Say,ムカイ･チン,53,問題はあるか？,문제는 있나?
scene_day3_scenes_fab_day3_logic_6346ee10c065ccc051a489a1ecff7695.bundle,第二次陳木海搭話(地窖停車場),Branch,#Simple,31,わかった。,알았어.
scene_day3_scenes_fab_day3_logic_6346ee10c065ccc051a489a1ecff7695.bundle,第二次陳木海搭話(地窖停車場),Say,ムカイ･チン,54,よし。,좋아.
scene_day3_scenes_fab_day3_logic_6346ee10c065ccc051a489a1ecff7695.bundle,第二次陳木海搭話(地窖停車場),Branch,#Simple,32,イアン･チョーは俺たちが行くことを知ってるのか？,이안 챠오는 우리가 가는 걸 알고 있나?
scene_day3_scenes_fab_day3_logic_6346ee10c065ccc051a489a1ecff7695.bundle,第二次陳木海搭話(地窖停車場),Say,ムカイ･チン,55,わかりました。,알겠습니다.
scene_day3_scenes_fab_day3_logic_6346ee10c065ccc051a489a1ecff7695.bundle,第二次陳木海搭話(地窖停車場),Say,ムカイ･チン,56,俺はもう彼と連絡を取り合っている。俺たちが訪問すること、そして正体と目的を知っている。,"나는 이미 그놈과 연락을 주고받고 있다. 우리가 방문한다는 것, 그리고 정체와 목적을 알고 있어."
scene_day3_scenes_fab_day3_logic_6346ee10c065ccc051a489a1ecff7695.bundle,第二次陳木海搭話(地窖停車場),Say,ムカイ･チン,57,しかし。,다만.
scene_day3_scenes_fab_day3_logic_6346ee10c065ccc051a489a1ecff7695.bundle,第二次陳木海搭話(地窖停車場),Say,ムカイ･チン,58,お前が彼を操っていたMBUだとは知らない。,네가 그놈을 조종했던 MBU라는 건 모른다.
scene_day3_scenes_fab_day3_logic_6346ee10c065ccc051a489a1ecff7695.bundle,第二次陳木海搭話(地窖停車場),Say,ムカイ･チン,59,彼を操っていた時に、どんな命令をされたかはわからないが、おそらく彼に不利なものばかりだったはずだ。,"그놈을 조종당했을 때, 어떤 명령을 받았는지는 모르지만, 아마 그놈한테 불리한 것들뿐이었을 거다."
scene_day3_scenes_fab_day3_logic_6346ee10c065ccc051a489a1ecff7695.bundle,第二次陳木海搭話(地窖停車場),Branch,#Simple,33,ああ。,아.
scene_day3_scenes_fab_day3_logic_6346ee10c065ccc051a489a1ecff7695.bundle,第二次陳木海搭話(地窖停車場),Branch,#Simple,34,彼の体を使って、彼の部下を殺した。,"그놈 몸을 이용해서, 그놈 부하를 죽였어."
scene_day3_scenes_fab_day3_logic_6346ee10c065ccc051a489a1ecff7695.bundle,第二次陳木海搭話(地窖停車場),Say,ムカイ･チン,60,……,……
scene_day3_scenes_fab_day3_logic_6346ee10c065ccc051a489a1ecff7695.bundle,第二次陳木海搭話(地窖停車場),Branch,#Simple,35,………,………
scene_day3_scenes_fab_day3_logic_6346ee10c065ccc051a489a1ecff7695.bundle,第二次陳木海搭話(地窖停車場),Say,ムカイ･チン,61,どうであれ、彼から話を聞き出したいなら、自分がMBUであることは漏らさないことだ。,"어쨌든, 그놈한테서 얘기를 끌어내고 싶다면, 자기가 MBU라는 걸 흘리지 마라."
scene_day3_scenes_fab_day3_logic_6346ee10c065ccc051a489a1ecff7695.bundle,第二次陳木海搭話(地窖停車場),Say,ムカイ･チン,62,それについても、問題ないか？,"그 점에 대해서도, 문제없나?"
scene_day3_scenes_fab_day3_logic_6346ee10c065ccc051a489a1ecff7695.bundle,第二次陳木海搭話(地窖停車場),Branch,#Simple,36,わかった。,알았어.
scene_day3_scenes_fab_day3_logic_6346ee10c065ccc051a489a1ecff7695.bundle,第二次陳木海搭話(地窖停車場),Say,ムカイ･チン,63,よし。,좋아.
scene_day3_scenes_fab_day3_logic_6346ee10c065ccc051a489a1ecff7695.bundle,第二次陳木海搭話(地窖停車場),Branch,#Simple,37,俺は彼にこの事実を告げたい。,나는 그놈한테 이 사실을 알리고 싶어.
scene_day3_scenes_fab_day3_logic_6346ee10c065ccc051a489a1ecff7695.bundle,第二次陳木海搭話(地窖停車場),Say,ムカイ･チン,64,えっ？どういうことですか？,네? 무슨 말씀이세요?
scene_day3_scenes_fab_day3_logic_6346ee10c065ccc051a489a1ecff7695.bundle,第二次陳木海搭話(地窖停車場),Branch,#Simple,38,彼に謝りたいんだ。,그놈한테 사과하고 싶어.
scene_day3_scenes_fab_day3_logic_6346ee10c065ccc051a489a1ecff7695.bundle,第二次陳木海搭話(地窖停車場),Branch,#Simple,39,彼は知るべきだ。,그놈은 알아야 해.
scene_day3_scenes_fab_day3_logic_6346ee10c065ccc051a489a1ecff7695.bundle,第二次陳木海搭話(地窖停車場),Branch,#Simple,40,教えてやりたいんだ。,알려주고 싶어.
scene_day3_scenes_fab_day3_logic_6346ee10c065ccc051a489a1ecff7695.bundle,第二次陳木海搭話(地窖停車場),Say,ムカイ･チン,65,……,……
scene_day3_scenes_fab_day3_logic_6346ee10c065ccc051a489a1ecff7695.bundle,第二次陳木海搭話(地窖停車場),Say,ムカイ･チン,66,俺はその考えを尊重する。,나는 그 생각을 존중한다.
scene_day3_scenes_fab_day3_logic_6346ee10c065ccc051a489a1ecff7695.bundle,第二次陳木海搭話(地窖停車場),Say,ムカイ･チン,67,だが、俺の質問が終わった後にしてくれ。,"하지만, 내 질문이 끝난 후에 해줘."
scene_day3_scenes_fab_day3_logic_6346ee10c065ccc051a489a1ecff7695.bundle,第二次陳木海搭話(地窖停車場),Say,ムカイ･チン,68,もうこれ以上、ややこしくしたくないんだ。,"더 이상, 복잡하게 만들고 싶지 않다."
scene_day3_scenes_fab_day3_logic_6346ee10c065ccc051a489a1ecff7695.bundle,第二次陳木海搭話(地窖停車場),Branch,#Simple,41,わかった。,알았어.
scene_day3_scenes_fab_day3_logic_6346ee10c065ccc051a489a1ecff7695.bundle,第二次陳木海搭話(地窖停車場),Say,ムカイ･チン,69,よし。,좋아.
scene_day3_scenes_fab_day3_logic_6346ee10c065ccc051a489a1ecff7695.bundle,第二次陳木海搭話(地窖停車場),Branch,#Simple,42,それは保証できない。,그건 보장 못 해.
scene_day3_scenes_fab_day3_logic_6346ee10c065ccc051a489a1ecff7695.bundle,第二次陳木海搭話(地窖停車場),Say,ムカイ･チン,70,なら、今夜の訪問はなしだ。,"그럼, 오늘 밤 방문은 없던 걸로 하지."
scene_day3_scenes_fab_day3_logic_6346ee10c065ccc051a489a1ecff7695.bundle,第二次陳木海搭話(地窖停車場),Say,ムカイ･チン,71,もう一度聞く。,다시 한번 묻겠다.
scene_day3_scenes_fab_day3_logic_6346ee10c065ccc051a489a1ecff7695.bundle,第二次陳木海搭話(地窖停車場),Say,ムカイ･チン,72,お前の話は俺の質問が終わった後にしてくれるか？,네 얘기는 내 질문이 끝난 후에 해줄 수 있나?
scene_day3_scenes_fab_day3_logic_6346ee10c065ccc051a489a1ecff7695.bundle,第二次陳木海搭話(地窖停車場),Branch,#Simple,43,わかった。,알았어.
scene_day3_scenes_fab_day3_logic_6346ee10c065ccc051a489a1ecff7695.bundle,第二次陳木海搭話(地窖停車場),Say,ムカイ･チン,73,よし。,좋아.
scene_day3_scenes_fab_day3_logic_6346ee10c065ccc051a489a1ecff7695.bundle,第二次陳木海搭話(地窖停車場),Branch,#Simple,44,わかった。なかったことにしてくれ。,알았어. 없던 걸로 해줘.
scene_day3_scenes_fab_day3_logic_6346ee10c065ccc051a489a1ecff7695.bundle,第二次陳木海搭話(地窖停車場),Say,ムカイ･チン,74,……,……
scene_day3_scenes_fab_day3_logic_6346ee10c065ccc051a489a1ecff7695.bundle,第二次陳木海搭話(地窖停車場),Say,ムカイ･チン,75,お前の選択だ。好きにしろ。,네 선택이다. 마음대로 해.
scene_day3_scenes_fab_day3_logic_6346ee10c065ccc051a489a1ecff7695.bundle,第二次陳木海搭話(地窖停車場),Say,ムカイ･チン,76,もうこれ以上、話すことはなさそうだな,"더 이상, 할 얘기는 없어 보이는군"
scene_day3_scenes_fab_day3_logic_6346ee10c065ccc051a489a1ecff7695.bundle,第二次陳木海搭話(地窖停車場),Say,ムカイ･チン,77,じゃあな、同胞。,"그럼, 동포."
scene_day3_scenes_fab_day3_logic_6346ee10c065ccc051a489a1ecff7695.bundle,第二次陳木海搭話(地窖停車場),Say,ムカイ･チン,78,では今夜、また会おう。,"그럼 오늘 밤, 다시 만나자."
scene_day3_scenes_fab_day3_logic_6346ee10c065ccc051a489a1ecff7695.bundle,采欣講電話_自動,Say,シンカ･シェ,0,そう、あれです。,"네, 그거예요."
scene_day3_scenes_fab_day3_logic_6346ee10c065ccc051a489a1ecff7695.bundle,采欣講電話_自動,Say,シンカ･シェ,1,もう一度まとめて、解析してみたらどうですか？,"다시 한번 정리해서, 분석해보는 게 어때요?"
scene_day3_scenes_fab_day3_logic_6346ee10c065ccc051a489a1ecff7695.bundle,采欣講電話_自動,Say,シンカ･シェ,2,……,……
scene_day3_scenes_fab_day3_logic_6346ee10c065ccc051a489a1ecff7695.bundle,采欣講電話_自動,Say,シンカ･シェ,3,あ、もー！スクショして見せてください。,"아, 진짜! 스크린샷 찍어서 보여주세요."
scene_day3_scenes_fab_day3_logic_6346ee10c065ccc051a489a1ecff7695.bundle,采欣講電話_自動,Say,シンカ･シェ,4,……,……
scene_day3_scenes_fab_day3_logic_6346ee10c065ccc051a489a1ecff7695.bundle,采欣講電話_自動,Say,シンカ･シェ,5,大丈夫です、済ませてしまった方がいいと思います。,"괜찮아요, 끝내버리는 게 좋을 것 같아요."
scene_day3_scenes_fab_day3_logic_6346ee10c065ccc051a489a1ecff7695.bundle,采欣講電話_自動,Say,心の声,0,シンカは仕事の対応をしているようだ……,신카는 업무 대응을 하고 있는 것 같다……
scene_day3_scenes_fab_day3_logic_6346ee10c065ccc051a489a1ecff7695.bundle,采欣跟著上車,Say,シンカ･シェ,0,ジェ、ジェイさん、待ってください！,"제, 제이 씨, 기다려주세요!"
scene_day3_scenes_fab_day3_logic_6346ee10c065ccc051a489a1ecff7695.bundle,采欣跟著上車,Say,シンカ･シェ,1,私も一緒に帰ります。,저도 같이 돌아갈게요.
scene_day3_scenes_fab_day3_logic_6346ee10c065ccc051a489a1ecff7695.bundle,任務完成以後還采欣通行證,Say,心の声,0,これでいい。,이러면 됐다.
scene_day3_scenes_fab_day3_logic_6346ee10c065ccc051a489a1ecff7695.bundle,任務完成以後還采欣通行證,Say,心の声,1,案外順調だったな。,의외로 순조로웠군.
scene_day3_scenes_fab_day3_logic_6346ee10c065ccc051a489a1ecff7695.bundle,跟何歆翊搭電梯過程2,Say,レイカ･ホウ,0,……,……
scene_day3_scenes_fab_day3_logic_6346ee10c065ccc051a489a1ecff7695.bundle,跟何歆翊搭電梯過程2,Say,レイカ･ホウ,1,でも、あなたは聞き上手ね。,"근데, 너 이야기 잘 들어주네."
scene_day3_scenes_fab_day3_logic_6346ee10c065ccc051a489a1ecff7695.bundle,跟何歆翊搭電梯過程2,Say,レイカ･ホウ,2,なぜか素直に話せたわ。,왠지 솔직하게 얘기할 수 있었어.
scene_day3_scenes_fab_day3_logic_6346ee10c065ccc051a489a1ecff7695.bundle,跟何歆翊搭電梯過程2,Say,心の声,0,リンにも同じことを言われたな。,린한테도 똑같은 말을 들었었지.
scene_day3_scenes_fab_day3_logic_6346ee10c065ccc051a489a1ecff7695.bundle,跟何歆翊搭電梯過程2,Say,レイカ･ホウ,3,話を聞いてくれてありがとう。,얘기 들어줘서 고마워.
scene_day3_scenes_fab_day3_logic_6346ee10c065ccc051a489a1ecff7695.bundle,跟何歆翊搭電梯過程2,Branch,#Simple,0,いえ、大した事では……,"아뇨, 별거 아니……"
scene_day3_scenes_fab_day3_logic_6346ee10c065ccc051a489a1ecff7695.bundle,跟何歆翊搭電梯過程2,Branch,#Simple,1,こちらこそ相談してくれて、ありがとうございます。,"저야말로 상담해주셔서, 감사합니다."
scene_day3_scenes_fab_day3_logic_6346ee10c065ccc051a489a1ecff7695.bundle,跟何歆翊搭電梯過程2,Say,レイカ･ホウ,4,さすが聞き上手ね。,역시 이야기 잘 들어주네.
scene_day3_scenes_fab_day3_logic_6346ee10c065ccc051a489a1ecff7695.bundle,跟何歆翊搭電梯過程2,Branch,#Simple,2,……,……
scene_day3_scenes_fab_day3_logic_6346ee10c065ccc051a489a1ecff7695.bundle,跟何歆翊搭電梯過程2,Say,レイカ･ホウ,5,あら、着いたみたいね。,"어머, 도착한 것 같네."
scene_day3_scenes_fab_day3_logic_6346ee10c065ccc051a489a1ecff7695.bundle,跟何歆翊搭電梯過程2,Say,レイカ･ホウ,6,じゃ、またね！,"그럼, 또 봐!"
scene_day3_scenes_fab_day3_logic_6346ee10c065ccc051a489a1ecff7695.bundle,跟何歆翊搭電梯過程2,Branch,#Simple,3,お疲れ様でした。,수고하셨습니다.
scene_day3_scenes_fab_day3_logic_6346ee10c065ccc051a489a1ecff7695.bundle,跟何歆翊搭電梯過程2,Branch,#Simple,4,頑張ってください。,힘내세요.
scene_day3_scenes_fab_day3_logic_6346ee10c065ccc051a489a1ecff7695.bundle,跟何歆翊搭電梯過程2,Say,レイカ･ホウ,7,……,……
scene_day3_scenes_fab_day3_logic_6346ee10c065ccc051a489a1ecff7695.bundle,跟何歆翊搭電梯過程2,Say,レイカ･ホウ,8,ああ、ありがとう！,"그래, 고마워!"
scene_day3_scenes_fab_day3_logic_6346ee10c065ccc051a489a1ecff7695.bundle,跟何歆翊搭電梯過程2,Branch,#Simple,5,……,……
scene_day3_scenes_fab_day3_logic_6346ee10c065ccc051a489a1ecff7695.bundle,傭兵遭遇戰前夕,Say,リュウセイ･チョウ,0,ジェイさん……,제이 씨……
scene_day3_scenes_fab_day3_logic_6346ee10c065ccc051a489a1ecff7695.bundle,傭兵遭遇戰前夕,Say,心の声,0,……！？,……!?
scene_day3_scenes_fab_day3_logic_6346ee10c065ccc051a489a1ecff7695.bundle,廖哥去完廁所對話,Say,チキョウ･リョウ,0,すまない！,미안해!
scene_day3_scenes_fab_day3_logic_6346ee10c065ccc051a489a1ecff7695.bundle,廖哥去完廁所對話,Say,チキョウ･リョウ,1,待たせたな。続きを始めよう！,기다리게 했군. 계속 시작하자!
scene_day3_scenes_fab_day3_logic_6346ee10c065ccc051a489a1ecff7695.bundle,廖哥去完廁所對話,Say,心の声,0,急に元気になった……？,갑자기 기운이 넘치는데……?
scene_day3_scenes_fab_day3_logic_6346ee10c065ccc051a489a1ecff7695.bundle,廖哥去完廁所對話,Say,チキョウ･リョウ,2,次の供給者の状況も最悪だ。,다음 공급자 상황도 최악이다.
scene_day3_scenes_fab_day3_logic_6346ee10c065ccc051a489a1ecff7695.bundle,廖哥去完廁所對話,Say,チキョウ･リョウ,3,演算力供給で得たお金はすべて振り込まれたにも関わらず、家族が迎えに来ないんだ。,"연산력 공급으로 얻은 돈은 전부 입금됐는데도, 가족이 데리러 오질 않아."
scene_day3_scenes_fab_day3_logic_6346ee10c065ccc051a489a1ecff7695.bundle,廖哥去完廁所對話,Say,チキョウ･リョウ,4,彼の家族に連絡を試みてはみたが、連絡に応じようともしない。,"그 사람 가족한테 연락을 시도해봤지만, 연락을 받으려고도 안 해."
scene_day3_scenes_fab_day3_logic_6346ee10c065ccc051a489a1ecff7695.bundle,廖哥去完廁所對話,Say,心の声,1,惨めだな……,비참하군……
scene_day3_scenes_fab_day3_logic_6346ee10c065ccc051a489a1ecff7695.bundle,廖哥去完廁所對話,Say,チキョウ･リョウ,5,今、その人を呼ぶから、何も口を出すなよ。,"지금, 그 사람 부를 테니까, 아무 말도 하지 마라."
